wall_time,monotonic,event,mode,engaged,estop,target_deg,commanded_deg,measured_deg,eac_status,eac_error,rx_count_0x370,bus_errors
2026-05-06 23:30:49.539,0.1996,eac_transition:AVAILABLE,slider,0,0,0.00,0.00,10.80,AVAILABLE,OUT_OF_RANGE,3,0
2026-05-06 23:30:49.820,0.4803,,slider,0,0,0.00,0.00,10.80,AVAILABLE,OUT_OF_RANGE,10,0
2026-05-06 23:30:50.220,0.8803,,slider,0,0,0.00,0.00,10.80,AVAILABLE,OUT_OF_RANGE,20,0
2026-05-06 23:30:50.620,1.2804,,slider,0,0,0.00,0.00,11.40,AVAILABLE,OUT_OF_RANGE,30,0
2026-05-06 23:30:51.021,1.6813,,slider,0,0,0.00,0.00,11.40,AVAILABLE,OUT_OF_RANGE,40,0
2026-05-06 23:30:51.421,2.0810,,slider,0,0,0.00,0.00,11.40,AVAILABLE,OUT_OF_RANGE,50,0
2026-05-06 23:30:51.821,2.4811,,slider,0,0,0.00,0.00,11.40,AVAILABLE,OUT_OF_RANGE,60,0
2026-05-06 23:30:52.221,2.8811,,slider,0,0,0.00,0.00,11.40,AVAILABLE,OUT_OF_RANGE,70,0
2026-05-06 23:30:52.621,3.2815,,slider,0,0,0.00,0.00,11.40,AVAILABLE,OUT_OF_RANGE,80,0
2026-05-06 23:30:53.021,3.6811,,slider,0,0,0.00,0.00,11.30,AVAILABLE,OUT_OF_RANGE,90,0
2026-05-06 23:30:53.421,4.0812,,slider,0,0,0.00,0.00,11.30,AVAILABLE,OUT_OF_RANGE,100,0
2026-05-06 23:30:53.821,4.4810,,slider,0,0,0.00,0.00,11.40,AVAILABLE,OUT_OF_RANGE,110,0
2026-05-06 23:30:54.222,4.8819,,slider,0,0,0.00,0.00,11.50,AVAILABLE,OUT_OF_RANGE,120,0
2026-05-06 23:30:54.621,5.2814,,slider,0,0,0.00,0.00,11.40,AVAILABLE,OUT_OF_RANGE,130,0
2026-05-06 23:30:55.021,5.6812,,slider,0,0,0.00,0.00,11.10,AVAILABLE,OUT_OF_RANGE,140,0
2026-05-06 23:30:55.423,6.0826,,slider,0,0,0.00,0.00,11.30,AVAILABLE,OUT_OF_RANGE,150,0
2026-05-06 23:30:55.822,6.4821,,slider,0,0,0.00,0.00,11.50,AVAILABLE,OUT_OF_RANGE,160,0
2026-05-06 23:30:56.222,6.8817,,slider,0,0,0.00,0.00,11.50,AVAILABLE,OUT_OF_RANGE,170,0
2026-05-06 23:30:56.622,7.2819,,slider,0,0,0.00,0.00,11.50,AVAILABLE,OUT_OF_RANGE,180,0
2026-05-06 23:30:57.022,7.6820,,slider,0,0,0.00,0.00,11.40,AVAILABLE,OUT_OF_RANGE,190,0
2026-05-06 23:30:57.422,8.0819,,slider,0,0,0.00,0.00,11.40,AVAILABLE,OUT_OF_RANGE,200,0
2026-05-06 23:30:57.822,8.4823,,slider,0,0,0.00,0.00,11.40,AVAILABLE,OUT_OF_RANGE,210,0
2026-05-06 23:30:58.222,8.8822,,slider,0,0,0.00,0.00,11.20,AVAILABLE,OUT_OF_RANGE,220,0
2026-05-06 23:30:58.622,9.2822,,slider,0,0,0.00,0.00,11.30,AVAILABLE,OUT_OF_RANGE,230,0
2026-05-06 23:30:59.022,9.6820,,slider,0,0,0.00,0.00,11.30,AVAILABLE,OUT_OF_RANGE,240,0
2026-05-06 23:30:59.422,10.0822,,slider,0,0,0.00,0.00,11.30,AVAILABLE,OUT_OF_RANGE,250,0
2026-05-06 23:30:59.822,10.4820,,slider,0,0,0.00,0.00,11.30,AVAILABLE,OUT_OF_RANGE,260,0
2026-05-06 23:31:00.222,10.8820,,slider,0,0,0.00,0.00,11.30,AVAILABLE,OUT_OF_RANGE,270,0
2026-05-06 23:31:00.622,11.2821,,slider,0,0,0.00,0.00,11.30,AVAILABLE,OUT_OF_RANGE,280,0
2026-05-06 23:31:01.022,11.6820,,slider,0,0,0.00,0.00,11.30,AVAILABLE,OUT_OF_RANGE,290,0
2026-05-06 23:31:01.423,12.0824,,slider,0,0,0.00,0.00,11.30,AVAILABLE,OUT_OF_RANGE,300,0
2026-05-06 23:31:01.619,12.2787,30mph_on,slider,0,0,0.00,0.00,11.30,AVAILABLE,OUT_OF_RANGE,304,0
2026-05-06 23:31:01.663,12.3226,eac_transition:INHIBITED,slider,0,0,0.00,0.00,11.30,INHIBITED,OUT_OF_RANGE,306,0
2026-05-06 23:31:01.819,12.4790,,slider,0,0,0.00,0.00,11.30,INHIBITED,OUT_OF_RANGE,310,0
2026-05-06 23:31:02.219,12.8789,,slider,0,0,0.00,0.00,11.30,INHIBITED,OUT_OF_RANGE,320,0
2026-05-06 23:31:02.622,13.2818,,slider,0,0,0.00,0.00,11.30,INHIBITED,OUT_OF_RANGE,330,0
2026-05-06 23:31:03.019,13.6790,,slider,0,0,0.00,0.00,11.30,INHIBITED,OUT_OF_RANGE,340,0
2026-05-06 23:31:03.420,14.0792,,slider,0,0,0.00,0.00,11.30,INHIBITED,OUT_OF_RANGE,350,0
2026-05-06 23:31:03.820,14.4794,,slider,0,0,0.00,0.00,11.30,INHIBITED,OUT_OF_RANGE,360,0
2026-05-06 23:31:04.220,14.8795,,slider,0,0,0.00,0.00,11.30,INHIBITED,OUT_OF_RANGE,370,0
2026-05-06 23:31:04.620,15.2800,,slider,0,0,0.00,0.00,11.30,INHIBITED,OUT_OF_RANGE,380,0
2026-05-06 23:31:05.020,15.6798,,slider,0,0,0.00,0.00,11.30,INHIBITED,OUT_OF_RANGE,390,0
2026-05-06 23:31:05.420,16.0799,,slider,0,0,0.00,0.00,11.30,INHIBITED,OUT_OF_RANGE,400,0
2026-05-06 23:31:05.820,16.4799,,slider,0,0,0.00,0.00,11.30,INHIBITED,OUT_OF_RANGE,410,0
2026-05-06 23:31:06.221,16.8801,,slider,0,0,0.00,0.00,11.30,INHIBITED,OUT_OF_RANGE,420,0
2026-05-06 23:31:06.621,17.2803,,slider,0,0,0.00,0.00,11.30,INHIBITED,OUT_OF_RANGE,430,0
2026-05-06 23:31:07.021,17.6803,,slider,0,0,0.00,0.00,11.30,INHIBITED,OUT_OF_RANGE,440,0
2026-05-06 23:31:07.421,18.0805,,slider,0,0,0.00,0.00,11.30,INHIBITED,OUT_OF_RANGE,450,0
2026-05-06 23:31:07.821,18.4805,,slider,0,0,0.00,0.00,11.30,INHIBITED,OUT_OF_RANGE,460,0
2026-05-06 23:31:08.221,18.8806,,slider,0,0,0.00,0.00,11.30,INHIBITED,OUT_OF_RANGE,470,0
2026-05-06 23:31:08.621,19.2808,,slider,0,0,0.00,0.00,11.30,INHIBITED,OUT_OF_RANGE,480,0
2026-05-06 23:31:09.022,19.6810,,slider,0,0,0.00,0.00,11.30,INHIBITED,OUT_OF_RANGE,490,0
2026-05-06 23:31:09.422,20.0810,,slider,0,0,0.00,0.00,11.30,INHIBITED,OUT_OF_RANGE,500,0
2026-05-06 23:31:09.822,20.4812,,slider,0,0,0.00,0.00,11.30,INHIBITED,OUT_OF_RANGE,510,0
2026-05-06 23:31:10.222,20.8812,,slider,0,0,0.00,0.00,11.30,INHIBITED,OUT_OF_RANGE,520,0
2026-05-06 23:31:10.622,21.2815,,slider,0,0,0.00,0.00,11.30,INHIBITED,OUT_OF_RANGE,530,0
2026-05-06 23:31:11.022,21.6816,,slider,0,0,0.00,0.00,11.30,INHIBITED,OUT_OF_RANGE,540,0
2026-05-06 23:31:11.422,22.0814,,slider,0,0,0.00,0.00,11.30,INHIBITED,OUT_OF_RANGE,550,0
2026-05-06 23:31:11.822,22.4816,,slider,0,0,0.00,0.00,11.20,INHIBITED,OUT_OF_RANGE,560,0
2026-05-06 23:31:12.222,22.8818,,slider,0,0,0.00,0.00,11.20,INHIBITED,OUT_OF_RANGE,570,0
2026-05-06 23:31:12.623,23.2819,,slider,0,0,0.00,0.00,10.90,INHIBITED,OUT_OF_RANGE,580,0
2026-05-06 23:31:13.023,23.6818,,slider,0,0,0.00,0.00,11.00,INHIBITED,OUT_OF_RANGE,590,0
2026-05-06 23:31:13.423,24.0819,,slider,0,0,0.00,0.00,10.80,INHIBITED,OUT_OF_RANGE,600,0
2026-05-06 23:31:13.823,24.4821,,slider,0,0,0.00,0.00,10.80,INHIBITED,OUT_OF_RANGE,610,0
2026-05-06 23:31:14.223,24.8824,,slider,0,0,0.00,0.00,10.80,INHIBITED,OUT_OF_RANGE,620,0
2026-05-06 23:31:14.623,25.2824,,slider,0,0,0.00,0.00,10.80,INHIBITED,OUT_OF_RANGE,630,0
2026-05-06 23:31:15.023,25.6825,,slider,0,0,0.00,0.00,10.80,INHIBITED,OUT_OF_RANGE,640,0
2026-05-06 23:31:15.419,26.0778,,slider,0,0,0.00,0.00,11.00,INHIBITED,OUT_OF_RANGE,650,0
2026-05-06 23:31:15.819,26.4779,,slider,0,0,0.00,0.00,11.00,INHIBITED,OUT_OF_RANGE,660,0
2026-05-06 23:31:16.219,26.8782,,slider,0,0,0.00,0.00,11.00,INHIBITED,OUT_OF_RANGE,670,0
2026-05-06 23:31:16.624,27.2830,,slider,0,0,0.00,0.00,11.10,INHIBITED,OUT_OF_RANGE,680,0
2026-05-06 23:31:17.024,27.6830,,slider,0,0,0.00,0.00,11.10,INHIBITED,OUT_OF_RANGE,690,0
2026-05-06 23:31:17.419,28.0785,,slider,0,0,0.00,0.00,11.10,INHIBITED,OUT_OF_RANGE,700,0
2026-05-06 23:31:17.820,28.4787,,slider,0,0,0.00,0.00,11.10,INHIBITED,OUT_OF_RANGE,710,0
2026-05-06 23:31:18.220,28.8786,,slider,0,0,0.00,0.00,11.20,INHIBITED,OUT_OF_RANGE,720,0
2026-05-06 23:31:18.620,29.2787,,slider,0,0,0.00,0.00,11.20,INHIBITED,OUT_OF_RANGE,730,0
2026-05-06 23:31:19.020,29.6789,,slider,0,0,0.00,0.00,11.20,INHIBITED,OUT_OF_RANGE,740,0
2026-05-06 23:31:19.420,30.0792,,slider,0,0,0.00,0.00,11.30,INHIBITED,OUT_OF_RANGE,750,0
2026-05-06 23:31:19.820,30.4791,,slider,0,0,0.00,0.00,11.60,INHIBITED,OUT_OF_RANGE,760,0
2026-05-06 23:31:20.220,30.8791,,slider,0,0,0.00,0.00,11.60,INHIBITED,OUT_OF_RANGE,770,0
2026-05-06 23:31:20.620,31.2793,,slider,0,0,0.00,0.00,11.60,INHIBITED,OUT_OF_RANGE,780,0
2026-05-06 23:31:21.020,31.6794,,slider,0,0,0.00,0.00,11.60,INHIBITED,OUT_OF_RANGE,790,0
2026-05-06 23:31:21.421,32.0797,,slider,0,0,0.00,0.00,11.60,INHIBITED,OUT_OF_RANGE,800,0
2026-05-06 23:31:21.821,32.4798,,slider,0,0,0.00,0.00,11.60,INHIBITED,OUT_OF_RANGE,810,0
2026-05-06 23:31:22.221,32.8799,,slider,0,0,0.00,0.00,11.60,INHIBITED,OUT_OF_RANGE,820,0
2026-05-06 23:31:22.621,33.2801,,slider,0,0,0.00,0.00,11.70,INHIBITED,OUT_OF_RANGE,830,0
2026-05-06 23:31:23.021,33.6801,,slider,0,0,0.00,0.00,11.70,INHIBITED,OUT_OF_RANGE,840,0
2026-05-06 23:31:23.421,34.0801,,slider,0,0,0.00,0.00,11.80,INHIBITED,OUT_OF_RANGE,850,0
2026-05-06 23:31:23.822,34.4804,,slider,0,0,0.00,0.00,11.90,INHIBITED,OUT_OF_RANGE,860,0
2026-05-06 23:31:24.222,34.8804,,slider,0,0,0.00,0.00,11.80,INHIBITED,OUT_OF_RANGE,870,0
2026-05-06 23:31:24.622,35.2807,,slider,0,0,0.00,0.00,11.30,INHIBITED,OUT_OF_RANGE,880,0
2026-05-06 23:31:25.022,35.6808,,slider,0,0,0.00,0.00,10.50,INHIBITED,OUT_OF_RANGE,890,0
2026-05-06 23:31:25.422,36.0810,,slider,0,0,0.00,0.00,10.50,INHIBITED,OUT_OF_RANGE,900,0
2026-05-06 23:31:25.822,36.4810,,slider,0,0,0.00,0.00,10.50,INHIBITED,OUT_OF_RANGE,910,0
2026-05-06 23:31:26.222,36.8811,,slider,0,0,0.00,0.00,10.50,INHIBITED,OUT_OF_RANGE,920,0
2026-05-06 23:31:26.622,37.2810,,slider,0,0,0.00,0.00,10.50,INHIBITED,OUT_OF_RANGE,930,0
2026-05-06 23:31:27.023,37.6812,,slider,0,0,0.00,0.00,10.50,INHIBITED,OUT_OF_RANGE,940,0
2026-05-06 23:31:27.423,38.0813,,slider,0,0,0.00,0.00,10.50,INHIBITED,OUT_OF_RANGE,950,0
2026-05-06 23:31:27.823,38.4814,,slider,0,0,0.00,0.00,10.50,INHIBITED,OUT_OF_RANGE,960,0
2026-05-06 23:31:28.223,38.8815,,slider,0,0,0.00,0.00,10.50,INHIBITED,OUT_OF_RANGE,970,0
2026-05-06 23:31:28.623,39.2817,,slider,0,0,0.00,0.00,10.50,INHIBITED,OUT_OF_RANGE,980,0
2026-05-06 23:31:29.023,39.6817,,slider,0,0,0.00,0.00,10.50,INHIBITED,OUT_OF_RANGE,990,0
2026-05-06 23:31:29.423,40.0818,,slider,0,0,0.00,0.00,10.50,INHIBITED,OUT_OF_RANGE,1000,0
2026-05-06 23:31:29.824,40.4821,,slider,0,0,0.00,0.00,10.50,INHIBITED,OUT_OF_RANGE,1010,0
2026-05-06 23:31:30.224,40.8821,,slider,0,0,0.00,0.00,10.50,INHIBITED,OUT_OF_RANGE,1020,0
2026-05-06 23:31:30.624,41.2821,,slider,0,0,0.00,0.00,10.50,INHIBITED,OUT_OF_RANGE,1030,0
2026-05-06 23:31:31.024,41.6823,,slider,0,0,0.00,0.00,10.50,INHIBITED,OUT_OF_RANGE,1040,0
2026-05-06 23:31:31.424,42.0825,,slider,0,0,0.00,0.00,10.50,INHIBITED,OUT_OF_RANGE,1050,0
2026-05-06 23:31:31.825,42.4831,,slider,0,0,0.00,0.00,10.50,INHIBITED,OUT_OF_RANGE,1060,0
2026-05-06 23:31:32.224,42.8827,,slider,0,0,0.00,0.00,10.50,INHIBITED,OUT_OF_RANGE,1070,0
2026-05-06 23:31:32.624,43.2828,,slider,0,0,0.00,0.00,10.50,INHIBITED,OUT_OF_RANGE,1080,0
2026-05-06 23:31:33.024,43.6829,,slider,0,0,0.00,0.00,10.50,INHIBITED,OUT_OF_RANGE,1090,0
2026-05-06 23:31:33.425,44.0830,,slider,0,0,0.00,0.00,10.50,INHIBITED,OUT_OF_RANGE,1100,0
2026-05-06 23:31:33.825,44.4831,,slider,0,0,0.00,0.00,10.50,INHIBITED,OUT_OF_RANGE,1110,0
2026-05-06 23:31:34.225,44.8832,,slider,0,0,0.00,0.00,10.50,INHIBITED,OUT_OF_RANGE,1120,0
2026-05-06 23:31:34.621,45.2797,,slider,0,0,0.00,0.00,10.50,INHIBITED,OUT_OF_RANGE,1130,0
2026-05-06 23:31:35.025,45.6835,,slider,0,0,0.00,0.00,10.50,INHIBITED,OUT_OF_RANGE,1140,0
2026-05-06 23:31:35.421,46.0792,,slider,0,0,0.00,0.00,10.50,INHIBITED,OUT_OF_RANGE,1150,0
2026-05-06 23:31:35.821,46.4790,,slider,0,0,0.00,0.00,10.50,INHIBITED,OUT_OF_RANGE,1160,0
2026-05-06 23:31:36.221,46.8794,,slider,0,0,0.00,0.00,10.50,INHIBITED,OUT_OF_RANGE,1170,0
2026-05-06 23:31:36.621,47.2795,,slider,0,0,0.00,0.00,10.50,INHIBITED,OUT_OF_RANGE,1180,0
2026-05-06 23:31:37.026,47.6842,,slider,0,0,0.00,0.00,10.50,INHIBITED,OUT_OF_RANGE,1190,0
2026-05-06 23:31:37.421,48.0795,,slider,0,0,0.00,0.00,10.50,INHIBITED,OUT_OF_RANGE,1200,0
2026-05-06 23:31:37.822,48.4801,,slider,0,0,0.00,0.00,10.50,INHIBITED,OUT_OF_RANGE,1210,0
2026-05-06 23:31:38.222,48.8799,,slider,0,0,0.00,0.00,10.50,INHIBITED,OUT_OF_RANGE,1220,0
2026-05-06 23:31:38.622,49.2799,,slider,0,0,0.00,0.00,10.50,INHIBITED,OUT_OF_RANGE,1230,0
2026-05-06 23:31:39.022,49.6801,,slider,0,0,0.00,0.00,10.50,INHIBITED,OUT_OF_RANGE,1240,0
2026-05-06 23:31:39.422,50.0803,,slider,0,0,0.00,0.00,10.50,INHIBITED,OUT_OF_RANGE,1250,0
2026-05-06 23:31:39.822,50.4803,,slider,0,0,0.00,0.00,10.50,INHIBITED,OUT_OF_RANGE,1260,0
2026-05-06 23:31:40.222,50.8805,,slider,0,0,0.00,0.00,10.50,INHIBITED,OUT_OF_RANGE,1270,0
2026-05-06 23:31:40.623,51.2811,,slider,0,0,0.00,0.00,10.50,INHIBITED,OUT_OF_RANGE,1280,0
2026-05-06 23:31:41.023,51.6808,,slider,0,0,0.00,0.00,10.50,INHIBITED,OUT_OF_RANGE,1290,0
2026-05-06 23:31:41.423,52.0809,,slider,0,0,0.00,0.00,10.50,INHIBITED,OUT_OF_RANGE,1300,0
2026-05-06 23:31:41.823,52.4810,,slider,0,0,0.00,0.00,10.50,INHIBITED,OUT_OF_RANGE,1310,0
2026-05-06 23:31:42.223,52.8810,,slider,0,0,0.00,0.00,10.50,INHIBITED,OUT_OF_RANGE,1320,0
2026-05-06 23:31:42.623,53.2812,,slider,0,0,0.00,0.00,10.50,INHIBITED,OUT_OF_RANGE,1330,0
2026-05-06 23:31:43.023,53.6811,,slider,0,0,0.00,0.00,10.50,INHIBITED,OUT_OF_RANGE,1340,0
2026-05-06 23:31:43.423,54.0815,,slider,0,0,0.00,0.00,10.50,INHIBITED,OUT_OF_RANGE,1350,0
2026-05-06 23:31:43.823,54.4814,,slider,0,0,0.00,0.00,10.50,INHIBITED,OUT_OF_RANGE,1360,0
2026-05-06 23:31:44.224,54.8818,,slider,0,0,0.00,0.00,10.50,INHIBITED,OUT_OF_RANGE,1370,0
2026-05-06 23:31:44.624,55.2817,,slider,0,0,0.00,0.00,10.50,INHIBITED,OUT_OF_RANGE,1380,0
2026-05-06 23:31:44.864,55.5219,eac_transition:AVAILABLE,slider,0,0,0.00,0.00,10.50,AVAILABLE,OUT_OF_RANGE,1386,0
2026-05-06 23:31:44.904,55.5618,eac_transition:INHIBITED,slider,0,0,0.00,0.00,10.50,INHIBITED,OUT_OF_RANGE,1387,0
2026-05-06 23:31:45.024,55.6817,,slider,0,0,0.00,0.00,10.50,INHIBITED,OUT_OF_RANGE,1390,0
2026-05-06 23:31:45.144,55.8022,eac_transition:AVAILABLE,slider,0,0,0.00,0.00,10.50,AVAILABLE,OUT_OF_RANGE,1393,0
2026-05-06 23:31:45.184,55.8417,eac_transition:INHIBITED,slider,0,0,0.00,0.00,10.50,INHIBITED,OUT_OF_RANGE,1394,0
2026-05-06 23:31:45.424,56.0821,eac_transition:AVAILABLE,slider,0,0,0.00,0.00,10.50,AVAILABLE,OUT_OF_RANGE,1400,0
2026-05-06 23:31:45.424,56.0822,,slider,0,0,0.00,0.00,10.50,AVAILABLE,OUT_OF_RANGE,1400,0
2026-05-06 23:31:45.464,56.1219,eac_transition:INHIBITED,slider,0,0,0.00,0.00,10.50,INHIBITED,OUT_OF_RANGE,1401,0
2026-05-06 23:31:45.704,56.3619,eac_transition:AVAILABLE,slider,0,0,0.00,0.00,10.50,AVAILABLE,OUT_OF_RANGE,1407,0
2026-05-06 23:31:45.744,56.4020,eac_transition:INHIBITED,slider,0,0,0.00,0.00,10.50,INHIBITED,OUT_OF_RANGE,1408,0
2026-05-06 23:31:45.824,56.4821,,slider,0,0,0.00,0.00,10.50,INHIBITED,OUT_OF_RANGE,1410,0
2026-05-06 23:31:45.984,56.6419,eac_transition:AVAILABLE,slider,0,0,0.00,0.00,10.50,AVAILABLE,OUT_OF_RANGE,1414,0
2026-05-06 23:31:46.024,56.6821,eac_transition:INHIBITED,slider,0,0,0.00,0.00,10.50,INHIBITED,OUT_OF_RANGE,1415,0
2026-05-06 23:31:46.224,56.8820,,slider,0,0,0.00,0.00,10.50,INHIBITED,OUT_OF_RANGE,1420,0
2026-05-06 23:31:46.625,57.2828,,slider,0,0,0.00,0.00,10.50,INHIBITED,OUT_OF_RANGE,1430,0
2026-05-06 23:31:46.944,57.6023,eac_transition:AVAILABLE,slider,0,0,0.00,0.00,10.50,AVAILABLE,OUT_OF_RANGE,1438,0
2026-05-06 23:31:46.984,57.6422,eac_transition:INHIBITED,slider,0,0,0.00,0.00,10.50,INHIBITED,OUT_OF_RANGE,1439,0
2026-05-06 23:31:47.024,57.6823,,slider,0,0,0.00,0.00,10.50,INHIBITED,OUT_OF_RANGE,1440,0
2026-05-06 23:31:47.064,57.7223,eac_transition:AVAILABLE,slider,0,0,0.00,0.00,10.50,AVAILABLE,OUT_OF_RANGE,1441,0
2026-05-06 23:31:47.104,57.7622,eac_transition:INHIBITED,slider,0,0,0.00,0.00,10.50,INHIBITED,OUT_OF_RANGE,1442,0
2026-05-06 23:31:47.425,58.0824,,slider,0,0,0.00,0.00,10.50,INHIBITED,OUT_OF_RANGE,1450,0
2026-05-06 23:31:47.465,58.1224,eac_transition:AVAILABLE,slider,0,0,0.00,0.00,10.50,AVAILABLE,OUT_OF_RANGE,1451,0
2026-05-06 23:31:47.500,58.1582,eac_transition:INHIBITED,slider,0,0,0.00,0.00,10.50,INHIBITED,OUT_OF_RANGE,1452,0
2026-05-06 23:31:47.825,58.4824,,slider,0,0,0.00,0.00,10.50,INHIBITED,OUT_OF_RANGE,1460,0
2026-05-06 23:31:48.220,58.8781,,slider,0,0,0.00,0.00,10.50,INHIBITED,OUT_OF_RANGE,1470,0
2026-05-06 23:31:48.620,59.2781,,slider,0,0,0.00,0.00,10.50,INHIBITED,OUT_OF_RANGE,1480,0
2026-05-06 23:31:49.020,59.6783,,slider,0,0,0.00,0.00,10.50,INHIBITED,OUT_OF_RANGE,1490,0
2026-05-06 23:31:49.420,60.0783,,slider,0,0,0.00,0.00,10.50,INHIBITED,OUT_OF_RANGE,1500,0
2026-05-06 23:31:49.821,60.4785,,slider,0,0,0.00,0.00,10.50,INHIBITED,OUT_OF_RANGE,1510,0
2026-05-06 23:31:50.221,60.8784,,slider,0,0,0.00,0.00,10.50,INHIBITED,OUT_OF_RANGE,1520,0
2026-05-06 23:31:50.621,61.2786,,slider,0,0,0.00,0.00,10.50,INHIBITED,OUT_OF_RANGE,1530,0
2026-05-06 23:31:51.021,61.6787,,slider,0,0,0.00,0.00,10.50,INHIBITED,OUT_OF_RANGE,1540,0
2026-05-06 23:31:51.421,62.0788,,slider,0,0,0.00,0.00,10.50,INHIBITED,OUT_OF_RANGE,1550,0
2026-05-06 23:31:51.821,62.4790,,slider,0,0,0.00,0.00,10.50,INHIBITED,OUT_OF_RANGE,1560,0
2026-05-06 23:31:52.221,62.8791,,slider,0,0,0.00,0.00,10.50,INHIBITED,OUT_OF_RANGE,1570,0
2026-05-06 23:31:52.622,63.2797,,slider,0,0,0.00,0.00,10.50,INHIBITED,OUT_OF_RANGE,1580,0
2026-05-06 23:31:53.022,63.6793,,slider,0,0,0.00,0.00,10.50,INHIBITED,OUT_OF_RANGE,1590,0
2026-05-06 23:31:53.422,64.0795,,slider,0,0,0.00,0.00,10.50,INHIBITED,OUT_OF_RANGE,1600,0
2026-05-06 23:31:53.822,64.4796,,slider,0,0,0.00,0.00,10.50,INHIBITED,OUT_OF_RANGE,1610,0
2026-05-06 23:31:54.222,64.8797,,slider,0,0,0.00,0.00,10.50,INHIBITED,OUT_OF_RANGE,1620,0
2026-05-06 23:31:54.622,65.2799,,slider,0,0,0.00,0.00,10.50,INHIBITED,OUT_OF_RANGE,1630,0
2026-05-06 23:31:55.022,65.6799,,slider,0,0,0.00,0.00,10.50,INHIBITED,OUT_OF_RANGE,1640,0
2026-05-06 23:31:55.422,66.0800,,slider,0,0,0.00,0.00,10.50,INHIBITED,OUT_OF_RANGE,1650,0
2026-05-06 23:31:55.823,66.4802,,slider,0,0,0.00,0.00,10.50,INHIBITED,OUT_OF_RANGE,1660,0
2026-05-06 23:31:56.223,66.8802,,slider,0,0,0.00,0.00,10.50,INHIBITED,OUT_OF_RANGE,1670,0
2026-05-06 23:31:56.423,67.0802,eac_transition:AVAILABLE,slider,0,0,0.00,0.00,10.50,AVAILABLE,OUT_OF_RANGE,1675,0
2026-05-06 23:31:56.463,67.1204,eac_transition:INHIBITED,slider,0,0,0.00,0.00,10.50,INHIBITED,OUT_OF_RANGE,1676,0
2026-05-06 23:31:56.623,67.2806,,slider,0,0,0.00,0.00,10.50,INHIBITED,OUT_OF_RANGE,1680,0
2026-05-06 23:31:56.703,67.3606,eac_transition:AVAILABLE,slider,0,0,0.00,0.00,10.50,AVAILABLE,OUT_OF_RANGE,1682,0
2026-05-06 23:31:56.743,67.4009,eac_transition:INHIBITED,slider,0,0,0.00,0.00,10.50,INHIBITED,OUT_OF_RANGE,1683,0
2026-05-06 23:31:56.983,67.6408,eac_transition:AVAILABLE,slider,0,0,0.00,0.00,10.50,AVAILABLE,OUT_OF_RANGE,1689,0
2026-05-06 23:31:57.023,67.6806,eac_transition:INHIBITED,slider,0,0,0.00,0.00,10.50,INHIBITED,OUT_OF_RANGE,1690,0
2026-05-06 23:31:57.023,67.6806,,slider,0,0,0.00,0.00,10.50,INHIBITED,OUT_OF_RANGE,1690,0
2026-05-06 23:31:57.223,67.8806,eac_transition:AVAILABLE,slider,0,0,0.00,0.00,10.50,AVAILABLE,OUT_OF_RANGE,1695,0
2026-05-06 23:31:57.303,67.9607,eac_transition:INHIBITED,slider,0,0,0.00,0.00,10.50,INHIBITED,OUT_OF_RANGE,1697,0
2026-05-06 23:31:57.343,68.0006,eac_transition:AVAILABLE,slider,0,0,0.00,0.00,10.50,AVAILABLE,OUT_OF_RANGE,1698,0
2026-05-06 23:31:57.383,68.0407,eac_transition:INHIBITED,slider,0,0,0.00,0.00,10.50,INHIBITED,OUT_OF_RANGE,1699,0
2026-05-06 23:31:57.423,68.0805,,slider,0,0,0.00,0.00,10.50,INHIBITED,OUT_OF_RANGE,1700,0
2026-05-06 23:31:57.623,68.2809,eac_transition:AVAILABLE,slider,0,0,0.00,0.00,10.50,AVAILABLE,OUT_OF_RANGE,1705,0
2026-05-06 23:31:57.743,68.4008,eac_transition:INHIBITED,slider,0,0,0.00,0.00,10.50,INHIBITED,OUT_OF_RANGE,1708,0
2026-05-06 23:31:57.783,68.4406,eac_transition:AVAILABLE,slider,0,0,0.00,0.00,10.50,AVAILABLE,OUT_OF_RANGE,1709,0
2026-05-06 23:31:57.824,68.4810,eac_transition:INHIBITED,slider,0,0,0.00,0.00,10.50,INHIBITED,OUT_OF_RANGE,1710,0
2026-05-06 23:31:57.824,68.4811,,slider,0,0,0.00,0.00,10.50,INHIBITED,OUT_OF_RANGE,1710,0
2026-05-06 23:31:57.864,68.5210,eac_transition:AVAILABLE,slider,0,0,0.00,0.00,10.50,AVAILABLE,OUT_OF_RANGE,1711,0
2026-05-06 23:31:57.903,68.5609,eac_transition:INHIBITED,slider,0,0,0.00,0.00,10.50,INHIBITED,OUT_OF_RANGE,1712,0
2026-05-06 23:31:57.983,68.6409,eac_transition:AVAILABLE,slider,0,0,0.00,0.00,10.50,AVAILABLE,OUT_OF_RANGE,1714,0
2026-05-06 23:31:58.103,68.7609,eac_transition:INHIBITED,slider,0,0,0.00,0.00,10.50,INHIBITED,OUT_OF_RANGE,1717,0
2026-05-06 23:31:58.144,68.8010,eac_transition:AVAILABLE,slider,0,0,0.00,0.00,10.50,AVAILABLE,OUT_OF_RANGE,1718,0
2026-05-06 23:31:58.224,68.8811,eac_transition:INHIBITED,slider,0,0,0.00,0.00,10.50,INHIBITED,OUT_OF_RANGE,1720,0
2026-05-06 23:31:58.224,68.8812,,slider,0,0,0.00,0.00,10.50,INHIBITED,OUT_OF_RANGE,1720,0
2026-05-06 23:31:58.263,68.9208,eac_transition:AVAILABLE,slider,0,0,0.00,0.00,10.50,AVAILABLE,OUT_OF_RANGE,1721,0
2026-05-06 23:31:58.384,69.0409,eac_transition:INHIBITED,slider,0,0,0.00,0.00,10.50,INHIBITED,OUT_OF_RANGE,1724,0
2026-05-06 23:31:58.424,69.0811,eac_transition:AVAILABLE,slider,0,0,0.00,0.00,10.50,AVAILABLE,OUT_OF_RANGE,1725,0
2026-05-06 23:31:58.624,69.2811,,slider,0,0,0.00,0.00,10.50,AVAILABLE,OUT_OF_RANGE,1730,0
2026-05-06 23:31:59.024,69.6812,,slider,0,0,0.00,0.00,10.50,AVAILABLE,OUT_OF_RANGE,1740,0
2026-05-06 23:31:59.424,70.0811,,slider,0,0,0.00,0.00,10.50,AVAILABLE,OUT_OF_RANGE,1750,0
2026-05-06 23:31:59.704,70.3613,eac_transition:INHIBITED,slider,0,0,0.00,0.00,10.50,INHIBITED,OUT_OF_RANGE,1757,0
2026-05-06 23:31:59.744,70.4011,eac_transition:AVAILABLE,slider,0,0,0.00,0.00,10.50,AVAILABLE,OUT_OF_RANGE,1758,0
2026-05-06 23:31:59.824,70.4811,,slider,0,0,0.00,0.00,10.50,AVAILABLE,OUT_OF_RANGE,1760,0
2026-05-06 23:32:00.224,70.8811,,slider,0,0,0.00,0.00,10.50,AVAILABLE,OUT_OF_RANGE,1770,0
2026-05-06 23:32:00.624,71.2812,,slider,0,0,0.00,0.00,10.50,AVAILABLE,OUT_OF_RANGE,1780,0
2026-05-06 23:32:01.024,71.6814,,slider,0,0,0.00,0.00,10.50,AVAILABLE,OUT_OF_RANGE,1790,0
2026-05-06 23:32:01.421,72.0782,,slider,0,0,0.00,0.00,10.50,AVAILABLE,OUT_OF_RANGE,1800,0
2026-05-06 23:32:01.825,72.4819,,slider,0,0,0.00,0.00,10.50,AVAILABLE,OUT_OF_RANGE,1810,0
2026-05-06 23:32:02.224,72.8818,,slider,0,0,0.00,0.00,10.50,AVAILABLE,OUT_OF_RANGE,1820,0
2026-05-06 23:32:02.621,73.2782,,slider,0,0,0.00,0.00,10.50,AVAILABLE,OUT_OF_RANGE,1830,0
2026-05-06 23:32:02.705,73.3624,eac_transition:INHIBITED,slider,0,0,0.00,0.00,10.50,INHIBITED,OUT_OF_RANGE,1832,0
2026-05-06 23:32:02.745,73.4020,eac_transition:AVAILABLE,slider,0,0,0.00,0.00,10.50,AVAILABLE,OUT_OF_RANGE,1833,0
2026-05-06 23:32:02.865,73.5221,eac_transition:INHIBITED,slider,0,0,0.00,0.00,10.50,INHIBITED,OUT_OF_RANGE,1836,0
2026-05-06 23:32:02.905,73.5621,eac_transition:AVAILABLE,slider,0,0,0.00,0.00,10.50,AVAILABLE,OUT_OF_RANGE,1837,0
2026-05-06 23:32:03.025,73.6819,,slider,0,0,0.00,0.00,10.50,AVAILABLE,OUT_OF_RANGE,1840,0
2026-05-06 23:32:03.301,73.9583,eac_transition:INHIBITED,slider,0,0,0.00,0.00,10.50,INHIBITED,OUT_OF_RANGE,1847,0
2026-05-06 23:32:03.341,73.9987,eac_transition:AVAILABLE,slider,0,0,0.00,0.00,10.50,AVAILABLE,OUT_OF_RANGE,1848,0
2026-05-06 23:32:03.421,74.0786,,slider,0,0,0.00,0.00,10.50,AVAILABLE,OUT_OF_RANGE,1850,0
2026-05-06 23:32:03.662,74.3189,eac_transition:INHIBITED,slider,0,0,0.00,0.00,10.50,INHIBITED,OUT_OF_RANGE,1856,0
2026-05-06 23:32:03.742,74.3989,eac_transition:AVAILABLE,slider,0,0,0.00,0.00,10.50,AVAILABLE,OUT_OF_RANGE,1858,0
2026-05-06 23:32:03.822,74.4789,,slider,0,0,0.00,0.00,10.50,AVAILABLE,OUT_OF_RANGE,1860,0
2026-05-06 23:32:03.862,74.5190,eac_transition:INHIBITED,slider,0,0,0.00,0.00,10.50,INHIBITED,OUT_OF_RANGE,1861,0
2026-05-06 23:32:03.901,74.5583,eac_transition:AVAILABLE,slider,0,0,0.00,0.00,10.50,AVAILABLE,OUT_OF_RANGE,1862,0
2026-05-06 23:32:04.222,74.8788,,slider,0,0,0.00,0.00,10.50,AVAILABLE,OUT_OF_RANGE,1870,0
2026-05-06 23:32:04.301,74.9584,eac_transition:INHIBITED,slider,0,0,0.00,0.00,10.50,INHIBITED,OUT_OF_RANGE,1872,0
2026-05-06 23:32:04.382,75.0389,eac_transition:AVAILABLE,slider,0,0,0.00,0.00,10.50,AVAILABLE,OUT_OF_RANGE,1874,0
2026-05-06 23:32:04.422,75.0789,eac_transition:INHIBITED,slider,0,0,0.00,0.00,10.50,INHIBITED,OUT_OF_RANGE,1875,0
2026-05-06 23:32:04.501,75.1584,eac_transition:AVAILABLE,slider,0,0,0.00,0.00,10.50,AVAILABLE,OUT_OF_RANGE,1877,0
2026-05-06 23:32:04.542,75.1990,eac_transition:INHIBITED,slider,0,0,0.00,0.00,10.50,INHIBITED,OUT_OF_RANGE,1878,0
2026-05-06 23:32:04.622,75.2788,,slider,0,0,0.00,0.00,10.50,INHIBITED,OUT_OF_RANGE,1880,0
2026-05-06 23:32:05.021,75.6782,,slider,0,0,0.00,0.00,10.50,INHIBITED,OUT_OF_RANGE,1890,0
2026-05-06 23:32:05.421,76.0782,,slider,0,0,0.00,0.00,10.50,INHIBITED,OUT_OF_RANGE,1900,0
2026-05-06 23:32:05.821,76.4785,,slider,0,0,0.00,0.00,10.50,INHIBITED,OUT_OF_RANGE,1910,0
2026-05-06 23:32:06.221,76.8783,,slider,0,0,0.00,0.00,10.50,INHIBITED,OUT_OF_RANGE,1920,0
2026-05-06 23:32:06.621,77.2784,,slider,0,0,0.00,0.00,10.50,INHIBITED,OUT_OF_RANGE,1930,0
2026-05-06 23:32:07.021,77.6784,,slider,0,0,0.00,0.00,10.50,INHIBITED,OUT_OF_RANGE,1940,0
2026-05-06 23:32:07.421,78.0785,,slider,0,0,0.00,0.00,10.50,INHIBITED,OUT_OF_RANGE,1950,0
2026-05-06 23:32:07.823,78.4800,,slider,0,0,0.00,0.00,10.50,INHIBITED,OUT_OF_RANGE,1960,0
2026-05-06 23:32:08.222,78.8791,,slider,0,0,0.00,0.00,10.50,INHIBITED,OUT_OF_RANGE,1970,0
2026-05-06 23:32:08.622,79.2789,,slider,0,0,0.00,0.00,10.50,INHIBITED,OUT_OF_RANGE,1980,0
2026-05-06 23:32:09.022,79.6791,,slider,0,0,0.00,0.00,10.50,INHIBITED,OUT_OF_RANGE,1990,0
2026-05-06 23:32:09.422,80.0792,,slider,0,0,0.00,0.00,10.50,INHIBITED,OUT_OF_RANGE,2000,0
2026-05-06 23:32:09.822,80.4792,,slider,0,0,0.00,0.00,10.50,INHIBITED,OUT_OF_RANGE,2010,0
2026-05-06 23:32:10.103,80.7595,eac_transition:AVAILABLE,slider,0,0,0.00,0.00,10.50,AVAILABLE,OUT_OF_RANGE,2017,0
2026-05-06 23:32:10.143,80.7995,eac_transition:INHIBITED,slider,0,0,0.00,0.00,10.50,INHIBITED,OUT_OF_RANGE,2018,0
2026-05-06 23:32:10.222,80.8794,,slider,0,0,0.00,0.00,10.50,INHIBITED,OUT_OF_RANGE,2020,0
2026-05-06 23:32:10.383,81.0397,eac_transition:AVAILABLE,slider,0,0,0.00,0.00,10.50,AVAILABLE,OUT_OF_RANGE,2024,0
2026-05-06 23:32:10.423,81.0796,eac_transition:INHIBITED,slider,0,0,0.00,0.00,10.50,INHIBITED,OUT_OF_RANGE,2025,0
2026-05-06 23:32:10.503,81.1596,eac_transition:AVAILABLE,slider,0,0,0.00,0.00,10.50,AVAILABLE,OUT_OF_RANGE,2027,0
2026-05-06 23:32:10.543,81.1995,eac_transition:INHIBITED,slider,0,0,0.00,0.00,10.50,INHIBITED,OUT_OF_RANGE,2028,0
2026-05-06 23:32:10.623,81.2798,,slider,0,0,0.00,0.00,10.50,INHIBITED,OUT_OF_RANGE,2030,0
2026-05-06 23:32:10.663,81.3196,eac_transition:AVAILABLE,slider,0,0,0.00,0.00,10.50,AVAILABLE,OUT_OF_RANGE,2031,0
2026-05-06 23:32:10.703,81.3601,eac_transition:INHIBITED,slider,0,0,0.00,0.00,10.50,INHIBITED,OUT_OF_RANGE,2032,0
2026-05-06 23:32:10.863,81.5199,eac_transition:AVAILABLE,slider,0,0,0.00,0.00,10.50,AVAILABLE,OUT_OF_RANGE,2036,0
2026-05-06 23:32:10.904,81.5606,eac_transition:INHIBITED,slider,0,0,0.00,0.00,10.50,INHIBITED,OUT_OF_RANGE,2037,0
2026-05-06 23:32:10.943,81.6002,eac_transition:AVAILABLE,slider,0,0,0.00,0.00,10.50,AVAILABLE,OUT_OF_RANGE,2038,0
2026-05-06 23:32:10.983,81.6396,eac_transition:INHIBITED,slider,0,0,0.00,0.00,10.50,INHIBITED,OUT_OF_RANGE,2039,0
2026-05-06 23:32:11.023,81.6800,eac_transition:AVAILABLE,slider,0,0,0.00,0.00,10.50,AVAILABLE,OUT_OF_RANGE,2040,0
2026-05-06 23:32:11.023,81.6801,,slider,0,0,0.00,0.00,10.50,AVAILABLE,OUT_OF_RANGE,2040,0
2026-05-06 23:32:11.063,81.7197,eac_transition:INHIBITED,slider,0,0,0.00,0.00,10.50,INHIBITED,OUT_OF_RANGE,2041,0
2026-05-06 23:32:11.103,81.7599,eac_transition:AVAILABLE,slider,0,0,0.00,0.00,10.50,AVAILABLE,OUT_OF_RANGE,2042,0
2026-05-06 23:32:11.183,81.8399,eac_transition:INHIBITED,slider,0,0,0.00,0.00,10.50,INHIBITED,OUT_OF_RANGE,2044,0
2026-05-06 23:32:11.223,81.8797,eac_transition:AVAILABLE,slider,0,0,0.00,0.00,10.50,AVAILABLE,OUT_OF_RANGE,2045,0
2026-05-06 23:32:11.263,81.9197,eac_transition:INHIBITED,slider,0,0,0.00,0.00,10.50,INHIBITED,OUT_OF_RANGE,2046,0
2026-05-06 23:32:11.303,81.9599,eac_transition:AVAILABLE,slider,0,0,0.00,0.00,10.50,AVAILABLE,OUT_OF_RANGE,2047,0
2026-05-06 23:32:11.423,82.0797,,slider,0,0,0.00,0.00,10.50,AVAILABLE,OUT_OF_RANGE,2050,0
2026-05-06 23:32:11.823,82.4801,eac_transition:INHIBITED,slider,0,0,0.00,0.00,10.50,INHIBITED,OUT_OF_RANGE,2060,0
2026-05-06 23:32:11.823,82.4802,,slider,0,0,0.00,0.00,10.50,INHIBITED,OUT_OF_RANGE,2060,0
2026-05-06 23:32:11.863,82.5199,eac_transition:AVAILABLE,slider,0,0,0.00,0.00,10.50,AVAILABLE,OUT_OF_RANGE,2061,0
2026-05-06 23:32:12.063,82.7200,eac_transition:INHIBITED,slider,0,0,0.00,0.00,10.50,INHIBITED,OUT_OF_RANGE,2066,0
2026-05-06 23:32:12.103,82.7602,eac_transition:AVAILABLE,slider,0,0,0.00,0.00,10.50,AVAILABLE,OUT_OF_RANGE,2067,0
2026-05-06 23:32:12.223,82.8799,,slider,0,0,0.00,0.00,10.50,AVAILABLE,OUT_OF_RANGE,2070,0
2026-05-06 23:32:12.343,83.0001,eac_transition:INHIBITED,slider,0,0,0.00,0.00,10.50,INHIBITED,OUT_OF_RANGE,2073,0
2026-05-06 23:32:12.383,83.0400,eac_transition:AVAILABLE,slider,0,0,0.00,0.00,10.50,AVAILABLE,OUT_OF_RANGE,2074,0
2026-05-06 23:32:12.623,83.2800,,slider,0,0,0.00,0.00,10.50,AVAILABLE,OUT_OF_RANGE,2080,0
2026-05-06 23:32:13.023,83.6801,,slider,0,0,0.00,0.00,10.50,AVAILABLE,OUT_OF_RANGE,2090,0
2026-05-06 23:32:13.423,84.0803,,slider,0,0,0.00,0.00,10.50,AVAILABLE,OUT_OF_RANGE,2100,0
2026-05-06 23:32:13.824,84.4810,,slider,0,0,0.00,0.00,10.50,AVAILABLE,OUT_OF_RANGE,2110,0
2026-05-06 23:32:14.224,84.8810,,slider,0,0,0.00,0.00,10.50,AVAILABLE,OUT_OF_RANGE,2120,0
2026-05-06 23:32:14.624,85.2812,,slider,0,0,0.00,0.00,10.50,AVAILABLE,OUT_OF_RANGE,2130,0
2026-05-06 23:32:15.024,85.6813,,slider,0,0,0.00,0.00,10.50,AVAILABLE,OUT_OF_RANGE,2140,0
2026-05-06 23:32:15.425,86.0814,,slider,0,0,0.00,0.00,10.50,AVAILABLE,OUT_OF_RANGE,2150,0
2026-05-06 23:32:15.825,86.4817,,slider,0,0,0.00,0.00,10.50,AVAILABLE,OUT_OF_RANGE,2160,0
2026-05-06 23:32:16.225,86.8816,,slider,0,0,0.00,0.00,10.50,AVAILABLE,OUT_OF_RANGE,2170,0
2026-05-06 23:32:16.625,87.2817,,slider,0,0,0.00,0.00,10.50,AVAILABLE,OUT_OF_RANGE,2180,0
2026-05-06 23:32:16.785,87.4420,eac_transition:INHIBITED,slider,0,0,0.00,0.00,10.50,INHIBITED,OUT_OF_RANGE,2184,0
2026-05-06 23:32:16.825,87.4820,eac_transition:AVAILABLE,slider,0,0,0.00,0.00,10.50,AVAILABLE,OUT_OF_RANGE,2185,0
2026-05-06 23:32:16.906,87.5625,eac_transition:INHIBITED,slider,0,0,0.00,0.00,10.50,INHIBITED,OUT_OF_RANGE,2187,0
2026-05-06 23:32:16.945,87.6022,eac_transition:AVAILABLE,slider,0,0,0.00,0.00,10.50,AVAILABLE,OUT_OF_RANGE,2188,0
2026-05-06 23:32:16.985,87.6422,eac_transition:INHIBITED,slider,0,0,0.00,0.00,10.50,INHIBITED,OUT_OF_RANGE,2189,0
2026-05-06 23:32:17.025,87.6819,eac_transition:AVAILABLE,slider,0,0,0.00,0.00,10.50,AVAILABLE,OUT_OF_RANGE,2190,0
2026-05-06 23:32:17.025,87.6820,,slider,0,0,0.00,0.00,10.50,AVAILABLE,OUT_OF_RANGE,2190,0
2026-05-06 23:32:17.105,87.7620,eac_transition:INHIBITED,slider,0,0,0.00,0.00,10.50,INHIBITED,OUT_OF_RANGE,2192,0
2026-05-06 23:32:17.145,87.8020,eac_transition:AVAILABLE,slider,0,0,0.00,0.00,10.50,AVAILABLE,OUT_OF_RANGE,2193,0
2026-05-06 23:32:17.185,87.8421,eac_transition:INHIBITED,slider,0,0,0.00,0.00,10.50,INHIBITED,OUT_OF_RANGE,2194,0
2026-05-06 23:32:17.225,87.8820,eac_transition:AVAILABLE,slider,0,0,0.00,0.00,10.50,AVAILABLE,OUT_OF_RANGE,2195,0
2026-05-06 23:32:17.385,88.0421,eac_transition:INHIBITED,slider,0,0,0.00,0.00,10.50,INHIBITED,OUT_OF_RANGE,2199,0
2026-05-06 23:32:17.425,88.0820,eac_transition:AVAILABLE,slider,0,0,0.00,0.00,10.50,AVAILABLE,OUT_OF_RANGE,2200,0
2026-05-06 23:32:17.425,88.0821,,slider,0,0,0.00,0.00,10.50,AVAILABLE,OUT_OF_RANGE,2200,0
2026-05-06 23:32:17.585,88.2422,eac_transition:INHIBITED,slider,0,0,0.00,0.00,10.50,INHIBITED,OUT_OF_RANGE,2204,0
2026-05-06 23:32:17.625,88.2821,eac_transition:AVAILABLE,slider,0,0,0.00,0.00,10.50,AVAILABLE,OUT_OF_RANGE,2205,0
2026-05-06 23:32:17.825,88.4821,,slider,0,0,0.00,0.00,10.50,AVAILABLE,OUT_OF_RANGE,2210,0
2026-05-06 23:32:17.905,88.5621,eac_transition:INHIBITED,slider,0,0,0.00,0.00,10.50,INHIBITED,OUT_OF_RANGE,2212,0
2026-05-06 23:32:17.946,88.6023,eac_transition:AVAILABLE,slider,0,0,0.00,0.00,10.50,AVAILABLE,OUT_OF_RANGE,2213,0
2026-05-06 23:32:17.986,88.6422,eac_transition:INHIBITED,slider,0,0,0.00,0.00,10.50,INHIBITED,OUT_OF_RANGE,2214,0
2026-05-06 23:32:18.026,88.6825,eac_transition:AVAILABLE,slider,0,0,0.00,0.00,10.50,AVAILABLE,OUT_OF_RANGE,2215,0
2026-05-06 23:32:18.186,88.8424,eac_transition:INHIBITED,slider,0,0,0.00,0.00,10.50,INHIBITED,OUT_OF_RANGE,2219,0
2026-05-06 23:32:18.226,88.8823,eac_transition:AVAILABLE,slider,0,0,0.00,0.00,10.50,AVAILABLE,OUT_OF_RANGE,2220,0
2026-05-06 23:32:18.226,88.8824,,slider,0,0,0.00,0.00,10.50,AVAILABLE,OUT_OF_RANGE,2220,0
2026-05-06 23:32:18.266,88.9225,eac_transition:INHIBITED,slider,0,0,0.00,0.00,10.50,INHIBITED,OUT_OF_RANGE,2221,0
2026-05-06 23:32:18.346,89.0023,eac_transition:AVAILABLE,slider,0,0,0.00,0.00,10.50,AVAILABLE,OUT_OF_RANGE,2223,0
2026-05-06 23:32:18.386,89.0423,eac_transition:INHIBITED,slider,0,0,0.00,0.00,10.50,INHIBITED,OUT_OF_RANGE,2224,0
2026-05-06 23:32:18.426,89.0823,eac_transition:AVAILABLE,slider,0,0,0.00,0.00,10.50,AVAILABLE,OUT_OF_RANGE,2225,0
2026-05-06 23:32:18.466,89.1229,eac_transition:INHIBITED,slider,0,0,0.00,0.00,10.50,INHIBITED,OUT_OF_RANGE,2226,0
2026-05-06 23:32:18.546,89.2024,eac_transition:AVAILABLE,slider,0,0,0.00,0.00,10.50,AVAILABLE,OUT_OF_RANGE,2228,0
2026-05-06 23:32:18.586,89.2424,eac_transition:INHIBITED,slider,0,0,0.00,0.00,10.50,INHIBITED,OUT_OF_RANGE,2229,0
2026-05-06 23:32:18.626,89.2824,eac_transition:AVAILABLE,slider,0,0,0.00,0.00,10.50,AVAILABLE,OUT_OF_RANGE,2230,0
2026-05-06 23:32:18.626,89.2825,,slider,0,0,0.00,0.00,10.50,AVAILABLE,OUT_OF_RANGE,2230,0
2026-05-06 23:32:18.706,89.3624,eac_transition:INHIBITED,slider,0,0,0.00,0.00,10.50,INHIBITED,OUT_OF_RANGE,2232,0
2026-05-06 23:32:18.786,89.4427,eac_transition:AVAILABLE,slider,0,0,0.00,0.00,10.50,AVAILABLE,OUT_OF_RANGE,2234,0
2026-05-06 23:32:18.906,89.5626,eac_transition:INHIBITED,slider,0,0,0.00,0.00,10.50,INHIBITED,OUT_OF_RANGE,2237,0
2026-05-06 23:32:19.026,89.6824,,slider,0,0,0.00,0.00,10.50,INHIBITED,OUT_OF_RANGE,2240,0
2026-05-06 23:32:19.066,89.7226,eac_transition:AVAILABLE,slider,0,0,0.00,0.00,10.50,AVAILABLE,OUT_OF_RANGE,2241,0
2026-05-06 23:32:19.106,89.7625,eac_transition:INHIBITED,slider,0,0,0.00,0.00,10.50,INHIBITED,OUT_OF_RANGE,2242,0
2026-05-06 23:32:19.426,90.0826,,slider,0,0,0.00,0.00,10.50,INHIBITED,OUT_OF_RANGE,2250,0
2026-05-06 23:32:19.822,90.4789,,slider,0,0,0.00,0.00,10.50,INHIBITED,OUT_OF_RANGE,2260,0
2026-05-06 23:32:20.222,90.8783,,slider,0,0,0.00,0.00,10.50,INHIBITED,OUT_OF_RANGE,2270,0
2026-05-06 23:32:20.622,91.2785,,slider,0,0,0.00,0.00,10.50,INHIBITED,OUT_OF_RANGE,2280,0
2026-05-06 23:32:21.022,91.6783,,slider,0,0,0.00,0.00,10.50,INHIBITED,OUT_OF_RANGE,2290,0
2026-05-06 23:32:21.382,92.0385,eac_transition:AVAILABLE,slider,0,0,0.00,0.00,10.50,AVAILABLE,OUT_OF_RANGE,2299,0
2026-05-06 23:32:21.422,92.0788,eac_transition:INHIBITED,slider,0,0,0.00,0.00,10.50,INHIBITED,OUT_OF_RANGE,2300,0
2026-05-06 23:32:21.422,92.0789,,slider,0,0,0.00,0.00,10.50,INHIBITED,OUT_OF_RANGE,2300,0
2026-05-06 23:32:21.822,92.4786,,slider,0,0,0.00,0.00,10.50,INHIBITED,OUT_OF_RANGE,2310,0
2026-05-06 23:32:22.222,92.8786,,slider,0,0,0.00,0.00,10.50,INHIBITED,OUT_OF_RANGE,2320,0
2026-05-06 23:32:22.622,93.2788,,slider,0,0,0.00,0.00,10.50,INHIBITED,OUT_OF_RANGE,2330,0
2026-05-06 23:32:22.783,93.4392,eac_transition:AVAILABLE,slider,0,0,0.00,0.00,10.50,AVAILABLE,OUT_OF_RANGE,2334,0
2026-05-06 23:32:23.022,93.6789,,slider,0,0,0.00,0.00,10.50,AVAILABLE,OUT_OF_RANGE,2340,0
2026-05-06 23:32:23.423,94.0791,,slider,0,0,0.00,0.00,10.50,AVAILABLE,OUT_OF_RANGE,2350,0
2026-05-06 23:32:23.823,94.4795,,slider,0,0,0.00,0.00,10.50,AVAILABLE,OUT_OF_RANGE,2360,0
2026-05-06 23:32:24.223,94.8793,,slider,0,0,0.00,0.00,10.50,AVAILABLE,OUT_OF_RANGE,2370,0
2026-05-06 23:32:24.623,95.2793,,slider,0,0,0.00,0.00,10.50,AVAILABLE,OUT_OF_RANGE,2380,0
2026-05-06 23:32:25.023,95.6796,,slider,0,0,0.00,0.00,10.50,AVAILABLE,OUT_OF_RANGE,2390,0
2026-05-06 23:32:25.424,96.0801,,slider,0,0,0.00,0.00,10.50,AVAILABLE,OUT_OF_RANGE,2400,0
2026-05-06 23:32:25.824,96.4800,,slider,0,0,0.00,0.00,10.50,AVAILABLE,OUT_OF_RANGE,2410,0
2026-05-06 23:32:26.224,96.8800,,slider,0,0,0.00,0.00,10.50,AVAILABLE,OUT_OF_RANGE,2420,0
2026-05-06 23:32:26.624,97.2800,,slider,0,0,0.00,0.00,10.50,AVAILABLE,OUT_OF_RANGE,2430,0
2026-05-06 23:32:27.024,97.6800,,slider,0,0,0.00,0.00,10.50,AVAILABLE,OUT_OF_RANGE,2440,0
2026-05-06 23:32:27.424,98.0801,,slider,0,0,0.00,0.00,10.50,AVAILABLE,OUT_OF_RANGE,2450,0
2026-05-06 23:32:27.824,98.4803,,slider,0,0,0.00,0.00,10.50,AVAILABLE,OUT_OF_RANGE,2460,0
2026-05-06 23:32:28.224,98.8803,,slider,0,0,0.00,0.00,10.50,AVAILABLE,OUT_OF_RANGE,2470,0
2026-05-06 23:32:28.624,99.2803,,slider,0,0,0.00,0.00,10.50,AVAILABLE,OUT_OF_RANGE,2480,0
2026-05-06 23:32:29.024,99.6804,,slider,0,0,0.00,0.00,10.50,AVAILABLE,OUT_OF_RANGE,2490,0
2026-05-06 23:32:29.424,100.0806,,slider,0,0,0.00,0.00,10.50,AVAILABLE,OUT_OF_RANGE,2500,0
2026-05-06 23:32:29.824,100.4807,,slider,0,0,0.00,0.00,10.50,AVAILABLE,OUT_OF_RANGE,2510,0
2026-05-06 23:32:30.225,100.8808,,slider,0,0,0.00,0.00,10.50,AVAILABLE,OUT_OF_RANGE,2520,0
2026-05-06 23:32:30.625,101.2809,,slider,0,0,0.00,0.00,10.50,AVAILABLE,OUT_OF_RANGE,2530,0
2026-05-06 23:32:31.025,101.6811,,slider,0,0,0.00,0.00,10.50,AVAILABLE,OUT_OF_RANGE,2540,0
2026-05-06 23:32:31.425,102.0811,,slider,0,0,0.00,0.00,10.50,AVAILABLE,OUT_OF_RANGE,2550,0
2026-05-06 23:32:31.825,102.4816,,slider,0,0,0.00,0.00,10.50,AVAILABLE,OUT_OF_RANGE,2560,0
2026-05-06 23:32:32.225,102.8814,,slider,0,0,0.00,0.00,10.50,AVAILABLE,OUT_OF_RANGE,2570,0
2026-05-06 23:32:32.625,103.2815,,slider,0,0,0.00,0.00,10.50,AVAILABLE,OUT_OF_RANGE,2580,0
2026-05-06 23:32:33.026,103.6816,,slider,0,0,0.00,0.00,10.50,AVAILABLE,OUT_OF_RANGE,2590,0
2026-05-06 23:32:33.426,104.0817,,slider,0,0,0.00,0.00,10.50,AVAILABLE,OUT_OF_RANGE,2600,0
2026-05-06 23:32:33.706,104.3620,eac_transition:INHIBITED,slider,0,0,0.00,0.00,10.50,INHIBITED,OUT_OF_RANGE,2607,0
2026-05-06 23:32:33.746,104.4021,eac_transition:AVAILABLE,slider,0,0,0.00,0.00,10.50,AVAILABLE,OUT_OF_RANGE,2608,0
2026-05-06 23:32:33.826,104.4818,,slider,0,0,0.00,0.00,10.50,AVAILABLE,OUT_OF_RANGE,2610,0
2026-05-06 23:32:34.226,104.8820,,slider,0,0,0.00,0.00,10.50,AVAILABLE,OUT_OF_RANGE,2620,0
2026-05-06 23:32:34.546,105.2021,eac_transition:INHIBITED,slider,0,0,0.00,0.00,10.50,INHIBITED,OUT_OF_RANGE,2628,0
2026-05-06 23:32:34.586,105.2423,eac_transition:AVAILABLE,slider,0,0,0.00,0.00,10.50,AVAILABLE,OUT_OF_RANGE,2629,0
2026-05-06 23:32:34.626,105.2821,,slider,0,0,0.00,0.00,10.50,AVAILABLE,OUT_OF_RANGE,2630,0
2026-05-06 23:32:34.666,105.3221,eac_transition:INHIBITED,slider,0,0,0.00,0.00,10.50,INHIBITED,OUT_OF_RANGE,2631,0
2026-05-06 23:32:34.746,105.4021,eac_transition:AVAILABLE,slider,0,0,0.00,0.00,10.50,AVAILABLE,OUT_OF_RANGE,2633,0
2026-05-06 23:32:35.026,105.6824,eac_transition:INHIBITED,slider,0,0,0.00,0.00,10.50,INHIBITED,OUT_OF_RANGE,2640,0
2026-05-06 23:32:35.026,105.6825,,slider,0,0,0.00,0.00,10.50,INHIBITED,OUT_OF_RANGE,2640,0
2026-05-06 23:32:35.146,105.8024,eac_transition:AVAILABLE,slider,0,0,0.00,0.00,10.50,AVAILABLE,OUT_OF_RANGE,2643,0
2026-05-06 23:32:35.186,105.8424,eac_transition:INHIBITED,slider,0,0,0.00,0.00,10.50,INHIBITED,OUT_OF_RANGE,2644,0
2026-05-06 23:32:35.226,105.8824,eac_transition:AVAILABLE,slider,0,0,0.00,0.00,10.50,AVAILABLE,OUT_OF_RANGE,2645,0
2026-05-06 23:32:35.346,106.0024,eac_transition:INHIBITED,slider,0,0,0.00,0.00,10.50,INHIBITED,OUT_OF_RANGE,2648,0
2026-05-06 23:32:35.426,106.0823,,slider,0,0,0.00,0.00,10.50,INHIBITED,OUT_OF_RANGE,2650,0
2026-05-06 23:32:35.787,106.4426,eac_transition:AVAILABLE,slider,0,0,0.00,0.00,10.50,AVAILABLE,OUT_OF_RANGE,2659,0
2026-05-06 23:32:35.827,106.4825,eac_transition:INHIBITED,slider,0,0,0.00,0.00,10.50,INHIBITED,OUT_OF_RANGE,2660,0
2026-05-06 23:32:35.827,106.4826,,slider,0,0,0.00,0.00,10.50,INHIBITED,OUT_OF_RANGE,2660,0
2026-05-06 23:32:36.227,106.8825,,slider,0,0,0.00,0.00,10.50,INHIBITED,OUT_OF_RANGE,2670,0
2026-05-06 23:32:36.267,106.9228,eac_transition:AVAILABLE,slider,0,0,0.00,0.00,10.50,AVAILABLE,OUT_OF_RANGE,2671,0
2026-05-06 23:32:36.307,106.9627,eac_transition:INHIBITED,slider,0,0,0.00,0.00,10.50,INHIBITED,OUT_OF_RANGE,2672,0
2026-05-06 23:32:36.627,107.2828,,slider,0,0,0.00,0.00,10.50,INHIBITED,OUT_OF_RANGE,2680,0
2026-05-06 23:32:36.707,107.3628,eac_transition:AVAILABLE,slider,0,0,0.00,0.00,10.50,AVAILABLE,OUT_OF_RANGE,2682,0
2026-05-06 23:32:36.747,107.4027,eac_transition:INHIBITED,slider,0,0,0.00,0.00,10.50,INHIBITED,OUT_OF_RANGE,2683,0
2026-05-06 23:32:37.027,107.6828,,slider,0,0,0.00,0.00,10.50,INHIBITED,OUT_OF_RANGE,2690,0
2026-05-06 23:32:37.098,107.7543,30mph_off,slider,0,0,0.00,0.00,10.50,INHIBITED,OUT_OF_RANGE,2691,0
2026-05-06 23:32:37.154,107.8095,eac_transition:AVAILABLE,slider,0,0,0.00,0.00,10.50,AVAILABLE,OUT_OF_RANGE,2693,0
2026-05-06 23:32:37.433,108.0894,,slider,0,0,0.00,0.00,10.50,AVAILABLE,OUT_OF_RANGE,2700,0
2026-05-06 23:32:37.835,108.4913,,slider,0,0,0.00,0.00,10.50,AVAILABLE,OUT_OF_RANGE,2710,0
2026-05-06 23:32:38.235,108.8907,,slider,0,0,0.00,0.00,10.50,AVAILABLE,OUT_OF_RANGE,2720,0
2026-05-06 23:32:38.635,109.2908,,slider,0,0,0.00,0.00,10.50,AVAILABLE,OUT_OF_RANGE,2730,0
2026-05-06 23:32:39.035,109.6909,,slider,0,0,0.00,0.00,10.50,AVAILABLE,OUT_OF_RANGE,2740,0
2026-05-06 23:32:39.435,110.0910,,slider,0,0,0.00,0.00,10.50,AVAILABLE,OUT_OF_RANGE,2750,0
2026-05-06 23:32:39.835,110.4910,,slider,0,0,0.00,0.00,10.20,AVAILABLE,OUT_OF_RANGE,2760,0
2026-05-06 23:32:40.235,110.8911,,slider,0,0,0.00,0.00,10.00,AVAILABLE,OUT_OF_RANGE,2770,0
2026-05-06 23:32:40.635,111.2910,,slider,0,0,0.00,0.00,9.80,AVAILABLE,OUT_OF_RANGE,2780,0
2026-05-06 23:32:41.036,111.6918,,slider,0,0,0.00,0.00,8.70,AVAILABLE,OUT_OF_RANGE,2790,0
2026-05-06 23:32:41.436,112.0916,,slider,0,0,0.00,0.00,5.50,AVAILABLE,OUT_OF_RANGE,2800,0
2026-05-06 23:32:41.836,112.4917,,slider,0,0,0.00,0.00,5.70,AVAILABLE,OUT_OF_RANGE,2810,0
2026-05-06 23:32:42.236,112.8917,,slider,0,0,0.00,0.00,5.70,AVAILABLE,OUT_OF_RANGE,2820,0
2026-05-06 23:32:42.636,113.2920,,slider,0,0,0.00,0.00,5.70,AVAILABLE,OUT_OF_RANGE,2830,0
2026-05-06 23:32:43.036,113.6918,,slider,0,0,0.00,0.00,5.70,AVAILABLE,OUT_OF_RANGE,2840,0
2026-05-06 23:32:43.436,114.0919,,slider,0,0,0.00,0.00,5.70,AVAILABLE,OUT_OF_RANGE,2850,0
2026-05-06 23:32:43.837,114.4924,,slider,0,0,0.00,0.00,5.70,AVAILABLE,OUT_OF_RANGE,2860,0
2026-05-06 23:32:44.236,114.8921,,slider,0,0,0.00,0.00,5.70,AVAILABLE,OUT_OF_RANGE,2870,0
2026-05-06 23:32:44.636,115.2919,,slider,0,0,0.00,0.00,5.70,AVAILABLE,OUT_OF_RANGE,2880,0
2026-05-06 23:32:45.037,115.6924,,slider,0,0,0.00,0.00,5.70,AVAILABLE,OUT_OF_RANGE,2890,0
2026-05-06 23:32:45.437,116.0923,,slider,0,0,0.00,0.00,5.70,AVAILABLE,OUT_OF_RANGE,2900,0
2026-05-06 23:32:45.837,116.4926,,slider,0,0,0.00,0.00,5.70,AVAILABLE,OUT_OF_RANGE,2910,0
2026-05-06 23:32:46.237,116.8923,,slider,0,0,0.00,0.00,5.70,AVAILABLE,OUT_OF_RANGE,2920,0
2026-05-06 23:32:46.637,117.2922,,slider,0,0,0.00,0.00,5.70,AVAILABLE,OUT_OF_RANGE,2930,0
2026-05-06 23:32:47.037,117.6926,,slider,0,0,0.00,0.00,5.70,AVAILABLE,OUT_OF_RANGE,2940,0
2026-05-06 23:32:47.437,118.0928,,slider,0,0,0.00,0.00,5.70,AVAILABLE,OUT_OF_RANGE,2950,0
2026-05-06 23:32:47.837,118.4927,,slider,0,0,0.00,0.00,5.70,AVAILABLE,OUT_OF_RANGE,2960,0
2026-05-06 23:32:48.237,118.8924,,slider,0,0,0.00,0.00,5.70,AVAILABLE,OUT_OF_RANGE,2970,0
2026-05-06 23:32:48.637,119.2928,,slider,0,0,0.00,0.00,5.70,AVAILABLE,OUT_OF_RANGE,2980,0
2026-05-06 23:32:49.037,119.6926,,slider,0,0,0.00,0.00,5.70,AVAILABLE,OUT_OF_RANGE,2990,0
2026-05-06 23:32:49.437,120.0928,,slider,0,0,0.00,0.00,5.70,AVAILABLE,OUT_OF_RANGE,3000,0
2026-05-06 23:32:49.837,120.4928,,slider,0,0,0.00,0.00,5.70,AVAILABLE,OUT_OF_RANGE,3010,0
2026-05-06 23:32:50.238,120.8933,,slider,0,0,0.00,0.00,5.70,AVAILABLE,OUT_OF_RANGE,3020,0
2026-05-06 23:32:50.637,121.2926,,slider,0,0,0.00,0.00,5.70,AVAILABLE,OUT_OF_RANGE,3030,0
2026-05-06 23:32:51.037,121.6928,,slider,0,0,0.00,0.00,5.70,AVAILABLE,OUT_OF_RANGE,3040,0
2026-05-06 23:32:51.437,122.0928,,slider,0,0,0.00,0.00,5.70,AVAILABLE,OUT_OF_RANGE,3050,0
2026-05-06 23:32:51.837,122.4927,,slider,0,0,0.00,0.00,5.70,AVAILABLE,OUT_OF_RANGE,3060,0
2026-05-06 23:32:52.238,122.8929,,slider,0,0,0.00,0.00,5.70,AVAILABLE,OUT_OF_RANGE,3070,0
2026-05-06 23:32:52.638,123.2932,,slider,0,0,0.00,0.00,5.70,AVAILABLE,OUT_OF_RANGE,3080,0
2026-05-06 23:32:53.038,123.6928,,slider,0,0,0.00,0.00,5.70,AVAILABLE,OUT_OF_RANGE,3090,0
2026-05-06 23:32:53.438,124.0930,,slider,0,0,0.00,0.00,5.70,AVAILABLE,OUT_OF_RANGE,3100,0
2026-05-06 23:32:53.838,124.4930,,slider,0,0,0.00,0.00,5.70,AVAILABLE,OUT_OF_RANGE,3110,0
2026-05-06 23:32:54.238,124.8930,,slider,0,0,0.00,0.00,5.70,AVAILABLE,OUT_OF_RANGE,3120,0
2026-05-06 23:32:54.638,125.2933,,slider,0,0,0.00,0.00,5.70,AVAILABLE,OUT_OF_RANGE,3130,0
2026-05-06 23:32:55.038,125.6929,,slider,0,0,0.00,0.00,5.70,AVAILABLE,OUT_OF_RANGE,3140,0
2026-05-06 23:32:55.438,126.0933,,slider,0,0,0.00,0.00,5.70,AVAILABLE,OUT_OF_RANGE,3150,0
2026-05-06 23:32:55.838,126.4931,,slider,0,0,0.00,0.00,5.70,AVAILABLE,OUT_OF_RANGE,3160,0
2026-05-06 23:32:56.238,126.8932,,slider,0,0,0.00,0.00,5.70,AVAILABLE,OUT_OF_RANGE,3170,0
2026-05-06 23:32:56.638,127.2934,,slider,0,0,0.00,0.00,5.70,AVAILABLE,OUT_OF_RANGE,3180,0
2026-05-06 23:32:57.038,127.6931,,slider,0,0,0.00,0.00,5.70,AVAILABLE,OUT_OF_RANGE,3190,0
2026-05-06 23:32:57.438,128.0934,,slider,0,0,0.00,0.00,5.70,AVAILABLE,OUT_OF_RANGE,3200,0
2026-05-06 23:32:57.838,128.4934,,slider,0,0,0.00,0.00,5.70,AVAILABLE,OUT_OF_RANGE,3210,0
2026-05-06 23:32:58.238,128.8932,,slider,0,0,0.00,0.00,5.70,AVAILABLE,OUT_OF_RANGE,3220,0
2026-05-06 23:32:58.638,129.2935,,slider,0,0,0.00,0.00,5.70,AVAILABLE,OUT_OF_RANGE,3230,0
2026-05-06 23:32:59.038,129.6936,,slider,0,0,0.00,0.00,5.70,AVAILABLE,OUT_OF_RANGE,3240,0
2026-05-06 23:32:59.439,130.0936,,slider,0,0,0.00,0.00,5.70,AVAILABLE,OUT_OF_RANGE,3250,0
2026-05-06 23:32:59.838,130.4935,,slider,0,0,0.00,0.00,5.70,AVAILABLE,OUT_OF_RANGE,3260,0
2026-05-06 23:33:00.238,130.8935,,slider,0,0,0.00,0.00,5.70,AVAILABLE,OUT_OF_RANGE,3270,0
2026-05-06 23:33:00.639,131.2937,,slider,0,0,0.00,0.00,5.70,AVAILABLE,OUT_OF_RANGE,3280,0
2026-05-06 23:33:01.039,131.6936,,slider,0,0,0.00,0.00,5.70,AVAILABLE,OUT_OF_RANGE,3290,0
2026-05-06 23:33:01.439,132.0937,,slider,0,0,0.00,0.00,5.70,AVAILABLE,OUT_OF_RANGE,3300,0
2026-05-06 23:33:01.839,132.4936,,slider,0,0,0.00,0.00,5.70,AVAILABLE,OUT_OF_RANGE,3310,0
2026-05-06 23:33:02.239,132.8938,,slider,0,0,0.00,0.00,5.70,AVAILABLE,OUT_OF_RANGE,3320,0
2026-05-06 23:33:02.639,133.2938,,slider,0,0,0.00,0.00,5.70,AVAILABLE,OUT_OF_RANGE,3330,0
2026-05-06 23:33:03.039,133.6936,,slider,0,0,0.00,0.00,5.70,AVAILABLE,OUT_OF_RANGE,3340,0
2026-05-06 23:33:03.439,134.0938,,slider,0,0,0.00,0.00,5.70,AVAILABLE,OUT_OF_RANGE,3350,0
2026-05-06 23:33:03.839,134.4940,,slider,0,0,0.00,0.00,5.70,AVAILABLE,OUT_OF_RANGE,3360,0
2026-05-06 23:33:04.239,134.8938,,slider,0,0,0.00,0.00,5.70,AVAILABLE,OUT_OF_RANGE,3370,0
2026-05-06 23:33:04.639,135.2939,,slider,0,0,0.00,0.00,5.70,AVAILABLE,OUT_OF_RANGE,3380,0
2026-05-06 23:33:05.039,135.6939,,slider,0,0,0.00,0.00,5.70,AVAILABLE,OUT_OF_RANGE,3390,0
2026-05-06 23:33:05.439,136.0939,,slider,0,0,0.00,0.00,5.70,AVAILABLE,OUT_OF_RANGE,3400,0
2026-05-06 23:33:05.839,136.4940,,slider,0,0,0.00,0.00,5.70,AVAILABLE,OUT_OF_RANGE,3410,0
2026-05-06 23:33:06.239,136.8941,,slider,0,0,0.00,0.00,5.70,AVAILABLE,OUT_OF_RANGE,3420,0
2026-05-06 23:33:06.639,137.2939,,slider,0,0,0.00,0.00,5.70,AVAILABLE,OUT_OF_RANGE,3430,0
2026-05-06 23:33:07.039,137.6941,,slider,0,0,0.00,0.00,5.70,AVAILABLE,OUT_OF_RANGE,3440,0
2026-05-06 23:33:07.439,138.0942,,slider,0,0,0.00,0.00,5.70,AVAILABLE,OUT_OF_RANGE,3450,0
2026-05-06 23:33:07.839,138.4941,,slider,0,0,0.00,0.00,5.70,AVAILABLE,OUT_OF_RANGE,3460,0
2026-05-06 23:33:08.239,138.8942,,slider,0,0,0.00,0.00,5.70,AVAILABLE,OUT_OF_RANGE,3470,0
2026-05-06 23:33:08.640,139.2943,,slider,0,0,0.00,0.00,5.70,AVAILABLE,OUT_OF_RANGE,3480,0
2026-05-06 23:33:09.039,139.6941,,slider,0,0,0.00,0.00,5.70,AVAILABLE,OUT_OF_RANGE,3490,0
2026-05-06 23:33:09.440,140.0943,,slider,0,0,0.00,0.00,5.70,AVAILABLE,OUT_OF_RANGE,3500,0
2026-05-06 23:33:09.840,140.4942,,slider,0,0,0.00,0.00,5.70,AVAILABLE,OUT_OF_RANGE,3510,0
2026-05-06 23:33:10.240,140.8943,,slider,0,0,0.00,0.00,5.70,AVAILABLE,OUT_OF_RANGE,3520,0
2026-05-06 23:33:10.640,141.2943,,slider,0,0,0.00,0.00,5.70,AVAILABLE,OUT_OF_RANGE,3530,0
2026-05-06 23:33:11.040,141.6944,,slider,0,0,0.00,0.00,5.70,AVAILABLE,OUT_OF_RANGE,3540,0
2026-05-06 23:33:11.440,142.0943,,slider,0,0,0.00,0.00,5.70,AVAILABLE,OUT_OF_RANGE,3550,0
2026-05-06 23:33:11.840,142.4945,,slider,0,0,0.00,0.00,5.70,AVAILABLE,OUT_OF_RANGE,3560,0
2026-05-06 23:33:12.240,142.8946,,slider,0,0,0.00,0.00,5.70,AVAILABLE,OUT_OF_RANGE,3570,0
2026-05-06 23:33:12.640,143.2945,,slider,0,0,0.00,0.00,5.70,AVAILABLE,OUT_OF_RANGE,3580,0
2026-05-06 23:33:13.040,143.6946,,slider,0,0,0.00,0.00,5.70,AVAILABLE,OUT_OF_RANGE,3590,0
2026-05-06 23:33:13.440,144.0944,,slider,0,0,0.00,0.00,5.70,AVAILABLE,OUT_OF_RANGE,3600,0
2026-05-06 23:33:13.840,144.4945,,slider,0,0,0.00,0.00,5.70,AVAILABLE,OUT_OF_RANGE,3610,0
2026-05-06 23:33:14.240,144.8945,,slider,0,0,0.00,0.00,5.70,AVAILABLE,OUT_OF_RANGE,3620,0
2026-05-06 23:33:14.640,145.2946,,slider,0,0,0.00,0.00,5.70,AVAILABLE,OUT_OF_RANGE,3630,0
2026-05-06 23:33:15.040,145.6948,,slider,0,0,0.00,0.00,5.70,AVAILABLE,OUT_OF_RANGE,3640,0
2026-05-06 23:33:15.440,146.0946,,slider,0,0,0.00,0.00,5.70,AVAILABLE,OUT_OF_RANGE,3650,0
2026-05-06 23:33:15.840,146.4946,,slider,0,0,0.00,0.00,5.70,AVAILABLE,OUT_OF_RANGE,3660,0
2026-05-06 23:33:16.240,146.8948,,slider,0,0,0.00,0.00,5.70,AVAILABLE,OUT_OF_RANGE,3670,0
2026-05-06 23:33:16.640,147.2947,,slider,0,0,0.00,0.00,5.70,AVAILABLE,OUT_OF_RANGE,3680,0
2026-05-06 23:33:17.041,147.6950,,slider,0,0,0.00,0.00,5.70,AVAILABLE,OUT_OF_RANGE,3690,0
2026-05-06 23:33:17.441,148.0950,,slider,0,0,0.00,0.00,5.70,AVAILABLE,OUT_OF_RANGE,3700,0
2026-05-06 23:33:17.840,148.4948,,slider,0,0,0.00,0.00,5.70,AVAILABLE,OUT_OF_RANGE,3710,0
2026-05-06 23:33:18.241,148.8952,,slider,0,0,0.00,0.00,5.70,AVAILABLE,OUT_OF_RANGE,3720,0
2026-05-06 23:33:18.641,149.2950,,slider,0,0,0.00,0.00,5.70,AVAILABLE,OUT_OF_RANGE,3730,0
2026-05-06 23:33:19.041,149.6950,,slider,0,0,0.00,0.00,5.70,AVAILABLE,OUT_OF_RANGE,3740,0
2026-05-06 23:33:19.441,150.0953,,slider,0,0,0.00,0.00,5.70,AVAILABLE,OUT_OF_RANGE,3750,0
2026-05-06 23:33:19.841,150.4950,,slider,0,0,0.00,0.00,5.70,AVAILABLE,OUT_OF_RANGE,3760,0
2026-05-06 23:33:20.241,150.8953,,slider,0,0,0.00,0.00,5.70,AVAILABLE,OUT_OF_RANGE,3770,0
2026-05-06 23:33:20.641,151.2953,,slider,0,0,0.00,0.00,5.70,AVAILABLE,OUT_OF_RANGE,3780,0
2026-05-06 23:33:21.041,151.6953,,slider,0,0,0.00,0.00,5.70,AVAILABLE,OUT_OF_RANGE,3790,0
2026-05-06 23:33:21.441,152.0952,,slider,0,0,0.00,0.00,5.70,AVAILABLE,OUT_OF_RANGE,3800,0
2026-05-06 23:33:21.841,152.4953,,slider,0,0,0.00,0.00,5.70,AVAILABLE,OUT_OF_RANGE,3810,0
2026-05-06 23:33:22.241,152.8953,,slider,0,0,0.00,0.00,5.70,AVAILABLE,OUT_OF_RANGE,3820,0
2026-05-06 23:33:22.641,153.2954,,slider,0,0,0.00,0.00,5.70,AVAILABLE,OUT_OF_RANGE,3830,0
2026-05-06 23:33:23.041,153.6954,,slider,0,0,0.00,0.00,5.70,AVAILABLE,OUT_OF_RANGE,3840,0
2026-05-06 23:33:23.441,154.0954,,slider,0,0,0.00,0.00,5.70,AVAILABLE,OUT_OF_RANGE,3850,0
2026-05-06 23:33:23.842,154.4956,,slider,0,0,0.00,0.00,5.70,AVAILABLE,OUT_OF_RANGE,3860,0
2026-05-06 23:33:24.241,154.8955,,slider,0,0,0.00,0.00,5.70,AVAILABLE,OUT_OF_RANGE,3870,0
2026-05-06 23:33:24.641,155.2955,,slider,0,0,0.00,0.00,5.70,AVAILABLE,OUT_OF_RANGE,3880,0
2026-05-06 23:33:25.041,155.6955,,slider,0,0,0.00,0.00,5.70,AVAILABLE,OUT_OF_RANGE,3890,0
2026-05-06 23:33:25.442,156.0957,,slider,0,0,0.00,0.00,5.70,AVAILABLE,OUT_OF_RANGE,3900,0
2026-05-06 23:33:25.842,156.4955,,slider,0,0,0.00,0.00,5.70,AVAILABLE,OUT_OF_RANGE,3910,0
2026-05-06 23:33:26.242,156.8956,,slider,0,0,0.00,0.00,5.70,AVAILABLE,OUT_OF_RANGE,3920,0
2026-05-06 23:33:26.642,157.2964,,slider,0,0,0.00,0.00,5.70,AVAILABLE,OUT_OF_RANGE,3930,0
2026-05-06 23:33:27.042,157.6957,,slider,0,0,0.00,0.00,5.70,AVAILABLE,OUT_OF_RANGE,3940,0
2026-05-06 23:33:27.442,158.0960,,slider,0,0,0.00,0.00,5.70,AVAILABLE,OUT_OF_RANGE,3950,0
2026-05-06 23:33:27.842,158.4958,,slider,0,0,0.00,0.00,5.70,AVAILABLE,OUT_OF_RANGE,3960,0
2026-05-06 23:33:28.242,158.8959,,slider,0,0,0.00,0.00,5.70,AVAILABLE,OUT_OF_RANGE,3970,0
2026-05-06 23:33:28.642,159.2960,,slider,0,0,0.00,0.00,5.70,AVAILABLE,OUT_OF_RANGE,3980,0
2026-05-06 23:33:29.042,159.6961,,slider,0,0,0.00,0.00,5.70,AVAILABLE,OUT_OF_RANGE,3990,0
2026-05-06 23:33:29.442,160.0962,,slider,0,0,0.00,0.00,5.70,AVAILABLE,OUT_OF_RANGE,4000,0
2026-05-06 23:33:29.842,160.4962,,slider,0,0,0.00,0.00,5.70,AVAILABLE,OUT_OF_RANGE,4010,0
2026-05-06 23:33:30.242,160.8962,,slider,0,0,0.00,0.00,5.70,AVAILABLE,OUT_OF_RANGE,4020,0
2026-05-06 23:33:30.630,161.2850,,slider,0,0,0.00,0.00,5.70,AVAILABLE,OUT_OF_RANGE,4030,0
2026-05-06 23:33:31.029,161.6831,,slider,0,0,0.00,0.00,5.70,AVAILABLE,OUT_OF_RANGE,4040,0
2026-05-06 23:33:31.429,162.0826,,slider,0,0,0.00,0.00,5.70,AVAILABLE,OUT_OF_RANGE,4050,0
2026-05-06 23:33:31.829,162.4829,,slider,0,0,0.00,0.00,5.70,AVAILABLE,OUT_OF_RANGE,4060,0
2026-05-06 23:33:32.229,162.8831,,slider,0,0,0.00,0.00,5.70,AVAILABLE,OUT_OF_RANGE,4070,0
2026-05-06 23:33:32.629,163.2828,,slider,0,0,0.00,0.00,5.70,AVAILABLE,OUT_OF_RANGE,4080,0
2026-05-06 23:33:33.030,163.6839,,slider,0,0,0.00,0.00,5.70,AVAILABLE,OUT_OF_RANGE,4090,0
2026-05-06 23:33:33.429,164.0829,,slider,0,0,0.00,0.00,5.70,AVAILABLE,OUT_OF_RANGE,4100,0
2026-05-06 23:33:33.829,164.4829,,slider,0,0,0.00,0.00,5.70,AVAILABLE,OUT_OF_RANGE,4110,0
2026-05-06 23:33:34.229,164.8830,,slider,0,0,0.00,0.00,5.70,AVAILABLE,OUT_OF_RANGE,4120,0
2026-05-06 23:33:34.629,165.2832,,slider,0,0,0.00,0.00,5.70,AVAILABLE,OUT_OF_RANGE,4130,0
2026-05-06 23:33:35.029,165.6832,,slider,0,0,0.00,0.00,5.70,AVAILABLE,OUT_OF_RANGE,4140,0
2026-05-06 23:33:35.430,166.0832,,slider,0,0,0.00,0.00,5.70,AVAILABLE,OUT_OF_RANGE,4150,0
2026-05-06 23:33:35.830,166.4837,,slider,0,0,0.00,0.00,5.70,AVAILABLE,OUT_OF_RANGE,4160,0
2026-05-06 23:33:36.229,166.8829,,slider,0,0,0.00,0.00,5.70,AVAILABLE,OUT_OF_RANGE,4170,0
2026-05-06 23:33:36.629,167.2828,,slider,0,0,0.00,0.00,5.70,AVAILABLE,OUT_OF_RANGE,4180,0
2026-05-06 23:33:37.029,167.6830,,slider,0,0,0.00,0.00,5.70,AVAILABLE,OUT_OF_RANGE,4190,0
2026-05-06 23:33:37.429,168.0829,,slider,0,0,0.00,0.00,5.70,AVAILABLE,OUT_OF_RANGE,4200,0
2026-05-06 23:33:37.829,168.4828,,slider,0,0,0.00,0.00,5.70,AVAILABLE,OUT_OF_RANGE,4210,0
2026-05-06 23:33:38.229,168.8828,,slider,0,0,0.00,0.00,5.70,AVAILABLE,OUT_OF_RANGE,4220,0
2026-05-06 23:33:38.629,169.2828,,slider,0,0,0.00,0.00,5.70,AVAILABLE,OUT_OF_RANGE,4230,0
2026-05-06 23:33:39.029,169.6829,,slider,0,0,0.00,0.00,5.70,AVAILABLE,OUT_OF_RANGE,4240,0
2026-05-06 23:33:39.429,170.0828,,slider,0,0,0.00,0.00,5.70,AVAILABLE,OUT_OF_RANGE,4250,0
2026-05-06 23:33:39.829,170.4830,,slider,0,0,0.00,0.00,5.70,AVAILABLE,OUT_OF_RANGE,4260,0
2026-05-06 23:33:40.229,170.8828,,slider,0,0,0.00,0.00,5.70,AVAILABLE,OUT_OF_RANGE,4270,0
2026-05-06 23:33:40.629,171.2830,,slider,0,0,0.00,0.00,5.70,AVAILABLE,OUT_OF_RANGE,4280,0
2026-05-06 23:33:41.029,171.6829,,slider,0,0,0.00,0.00,5.70,AVAILABLE,OUT_OF_RANGE,4290,0
2026-05-06 23:33:41.429,172.0829,,slider,0,0,0.00,0.00,5.70,AVAILABLE,OUT_OF_RANGE,4300,0
2026-05-06 23:33:41.829,172.4829,,slider,0,0,0.00,0.00,5.70,AVAILABLE,OUT_OF_RANGE,4310,0
2026-05-06 23:33:42.229,172.8827,,slider,0,0,0.00,0.00,5.70,AVAILABLE,OUT_OF_RANGE,4320,0
2026-05-06 23:33:42.629,173.2828,,slider,0,0,0.00,0.00,5.70,AVAILABLE,OUT_OF_RANGE,4330,0
2026-05-06 23:33:43.029,173.6829,,slider,0,0,0.00,0.00,5.70,AVAILABLE,OUT_OF_RANGE,4340,0
2026-05-06 23:33:43.429,174.0829,,slider,0,0,0.00,0.00,5.70,AVAILABLE,OUT_OF_RANGE,4350,0
2026-05-06 23:33:43.830,174.4830,,slider,0,0,0.00,0.00,5.70,AVAILABLE,OUT_OF_RANGE,4360,0
2026-05-06 23:33:44.229,174.8828,,slider,0,0,0.00,0.00,5.70,AVAILABLE,OUT_OF_RANGE,4370,0
2026-05-06 23:33:44.630,175.2830,,slider,0,0,0.00,0.00,5.70,AVAILABLE,OUT_OF_RANGE,4380,0
2026-05-06 23:33:45.030,175.6831,,slider,0,0,0.00,0.00,5.70,AVAILABLE,OUT_OF_RANGE,4390,0
2026-05-06 23:33:45.429,176.0828,,slider,0,0,0.00,0.00,5.70,AVAILABLE,OUT_OF_RANGE,4400,0
2026-05-06 23:33:45.829,176.4829,,slider,0,0,0.00,0.00,5.70,AVAILABLE,OUT_OF_RANGE,4410,0
2026-05-06 23:33:46.230,176.8830,,slider,0,0,0.00,0.00,5.70,AVAILABLE,OUT_OF_RANGE,4420,0
2026-05-06 23:33:46.629,177.2829,,slider,0,0,0.00,0.00,5.70,AVAILABLE,OUT_OF_RANGE,4430,0
2026-05-06 23:33:47.029,177.6828,,slider,0,0,0.00,0.00,5.70,AVAILABLE,OUT_OF_RANGE,4440,0
2026-05-06 23:33:47.430,178.0829,,slider,0,0,0.00,0.00,5.70,AVAILABLE,OUT_OF_RANGE,4450,0
2026-05-06 23:33:47.830,178.4829,,slider,0,0,0.00,0.00,5.70,AVAILABLE,OUT_OF_RANGE,4460,0
2026-05-06 23:33:48.230,178.8828,,slider,0,0,0.00,0.00,5.70,AVAILABLE,OUT_OF_RANGE,4470,0
2026-05-06 23:33:48.630,179.2829,,slider,0,0,0.00,0.00,5.70,AVAILABLE,OUT_OF_RANGE,4480,0
2026-05-06 23:33:49.029,179.6828,,slider,0,0,0.00,0.00,5.70,AVAILABLE,OUT_OF_RANGE,4490,0
2026-05-06 23:33:49.430,180.0829,,slider,0,0,0.00,0.00,5.70,AVAILABLE,OUT_OF_RANGE,4500,0
2026-05-06 23:33:49.830,180.4830,,slider,0,0,0.00,0.00,5.70,AVAILABLE,OUT_OF_RANGE,4510,0
2026-05-06 23:33:50.230,180.8828,,slider,0,0,0.00,0.00,5.70,AVAILABLE,OUT_OF_RANGE,4520,0
2026-05-06 23:33:50.630,181.2828,,slider,0,0,0.00,0.00,5.70,AVAILABLE,OUT_OF_RANGE,4530,0
2026-05-06 23:33:51.030,181.6829,,slider,0,0,0.00,0.00,5.70,AVAILABLE,OUT_OF_RANGE,4540,0
2026-05-06 23:33:51.430,182.0829,,slider,0,0,0.00,0.00,5.70,AVAILABLE,OUT_OF_RANGE,4550,0
2026-05-06 23:33:51.830,182.4830,,slider,0,0,0.00,0.00,5.70,AVAILABLE,OUT_OF_RANGE,4560,0
2026-05-06 23:33:52.230,182.8828,,slider,0,0,0.00,0.00,5.70,AVAILABLE,OUT_OF_RANGE,4570,0
2026-05-06 23:33:52.630,183.2829,,slider,0,0,0.00,0.00,5.70,AVAILABLE,OUT_OF_RANGE,4580,0
2026-05-06 23:33:53.030,183.6829,,slider,0,0,0.00,0.00,5.70,AVAILABLE,OUT_OF_RANGE,4590,0
2026-05-06 23:33:53.430,184.0829,,slider,0,0,0.00,0.00,5.70,AVAILABLE,OUT_OF_RANGE,4600,0
2026-05-06 23:33:53.830,184.4829,,slider,0,0,0.00,0.00,5.70,AVAILABLE,OUT_OF_RANGE,4610,0
2026-05-06 23:33:54.230,184.8829,,slider,0,0,0.00,0.00,5.70,AVAILABLE,OUT_OF_RANGE,4620,0
2026-05-06 23:33:54.630,185.2830,,slider,0,0,0.00,0.00,5.70,AVAILABLE,OUT_OF_RANGE,4630,0
2026-05-06 23:33:55.030,185.6830,,slider,0,0,0.00,0.00,5.70,AVAILABLE,OUT_OF_RANGE,4640,0
2026-05-06 23:33:55.430,186.0829,,slider,0,0,0.00,0.00,5.70,AVAILABLE,OUT_OF_RANGE,4650,0
2026-05-06 23:33:55.830,186.4830,,slider,0,0,0.00,0.00,5.70,AVAILABLE,OUT_OF_RANGE,4660,0
2026-05-06 23:33:56.230,186.8830,,slider,0,0,0.00,0.00,5.70,AVAILABLE,OUT_OF_RANGE,4670,0
2026-05-06 23:33:56.630,187.2830,,slider,0,0,0.00,0.00,5.70,AVAILABLE,OUT_OF_RANGE,4680,0
2026-05-06 23:33:57.030,187.6830,,slider,0,0,0.00,0.00,5.70,AVAILABLE,OUT_OF_RANGE,4690,0
2026-05-06 23:33:57.430,188.0830,,slider,0,0,0.00,0.00,5.70,AVAILABLE,OUT_OF_RANGE,4700,0
2026-05-06 23:33:57.830,188.4830,,slider,0,0,0.00,0.00,5.70,AVAILABLE,OUT_OF_RANGE,4710,0
2026-05-06 23:33:58.230,188.8830,,slider,0,0,0.00,0.00,5.70,AVAILABLE,OUT_OF_RANGE,4720,0
2026-05-06 23:33:58.630,189.2830,,slider,0,0,0.00,0.00,5.70,AVAILABLE,OUT_OF_RANGE,4730,0
2026-05-06 23:33:59.030,189.6831,,slider,0,0,0.00,0.00,5.70,AVAILABLE,OUT_OF_RANGE,4740,0
2026-05-06 23:33:59.430,190.0830,,slider,0,0,0.00,0.00,5.70,AVAILABLE,OUT_OF_RANGE,4750,0
2026-05-06 23:33:59.830,190.4831,,slider,0,0,0.00,0.00,5.70,AVAILABLE,OUT_OF_RANGE,4760,0
2026-05-06 23:34:00.230,190.8831,,slider,0,0,0.00,0.00,5.70,AVAILABLE,OUT_OF_RANGE,4770,0
2026-05-06 23:34:00.630,191.2830,,slider,0,0,0.00,0.00,5.70,AVAILABLE,OUT_OF_RANGE,4780,0
2026-05-06 23:34:01.030,191.6831,,slider,0,0,0.00,0.00,5.70,AVAILABLE,OUT_OF_RANGE,4790,0
2026-05-06 23:34:01.430,192.0831,,slider,0,0,0.00,0.00,5.70,AVAILABLE,OUT_OF_RANGE,4800,0
2026-05-06 23:34:01.830,192.4831,,slider,0,0,0.00,0.00,5.70,AVAILABLE,OUT_OF_RANGE,4810,0
2026-05-06 23:34:02.230,192.8831,,slider,0,0,0.00,0.00,5.70,AVAILABLE,OUT_OF_RANGE,4820,0
2026-05-06 23:34:02.630,193.2831,,slider,0,0,0.00,0.00,5.70,AVAILABLE,OUT_OF_RANGE,4830,0
2026-05-06 23:34:03.030,193.6831,,slider,0,0,0.00,0.00,5.70,AVAILABLE,OUT_OF_RANGE,4840,0
2026-05-06 23:34:03.430,194.0831,,slider,0,0,0.00,0.00,5.70,AVAILABLE,OUT_OF_RANGE,4850,0
2026-05-06 23:34:03.830,194.4832,,slider,0,0,0.00,0.00,5.70,AVAILABLE,OUT_OF_RANGE,4860,0
2026-05-06 23:34:04.230,194.8831,,slider,0,0,0.00,0.00,5.70,AVAILABLE,OUT_OF_RANGE,4870,0
2026-05-06 23:34:04.630,195.2832,,slider,0,0,0.00,0.00,5.70,AVAILABLE,OUT_OF_RANGE,4880,0
2026-05-06 23:34:05.030,195.6832,,slider,0,0,0.00,0.00,5.70,AVAILABLE,OUT_OF_RANGE,4890,0
2026-05-06 23:34:05.430,196.0832,,slider,0,0,0.00,0.00,5.70,AVAILABLE,OUT_OF_RANGE,4900,0
2026-05-06 23:34:05.830,196.4832,,slider,0,0,0.00,0.00,5.70,AVAILABLE,OUT_OF_RANGE,4910,0
2026-05-06 23:34:06.230,196.8832,,slider,0,0,0.00,0.00,5.70,AVAILABLE,OUT_OF_RANGE,4920,0
2026-05-06 23:34:06.630,197.2832,,slider,0,0,0.00,0.00,5.70,AVAILABLE,OUT_OF_RANGE,4930,0
2026-05-06 23:34:07.030,197.6831,,slider,0,0,0.00,0.00,5.70,AVAILABLE,OUT_OF_RANGE,4940,0
2026-05-06 23:34:07.430,198.0832,,slider,0,0,0.00,0.00,5.70,AVAILABLE,OUT_OF_RANGE,4950,0
2026-05-06 23:34:07.830,198.4832,,slider,0,0,0.00,0.00,5.70,AVAILABLE,OUT_OF_RANGE,4960,0
2026-05-06 23:34:08.230,198.8832,,slider,0,0,0.00,0.00,5.70,AVAILABLE,OUT_OF_RANGE,4970,0
2026-05-06 23:34:08.630,199.2832,,slider,0,0,0.00,0.00,5.70,AVAILABLE,OUT_OF_RANGE,4980,0
2026-05-06 23:34:09.030,199.6832,,slider,0,0,0.00,0.00,5.70,AVAILABLE,OUT_OF_RANGE,4990,0
2026-05-06 23:34:09.430,200.0832,,slider,0,0,0.00,0.00,5.70,AVAILABLE,OUT_OF_RANGE,5000,0
2026-05-06 23:34:09.831,200.4832,,slider,0,0,0.00,0.00,5.70,AVAILABLE,OUT_OF_RANGE,5010,0
2026-05-06 23:34:10.230,200.8832,,slider,0,0,0.00,0.00,5.70,AVAILABLE,OUT_OF_RANGE,5020,0
2026-05-06 23:34:10.631,201.2832,,slider,0,0,0.00,0.00,5.70,AVAILABLE,OUT_OF_RANGE,5030,0
2026-05-06 23:34:11.031,201.6832,,slider,0,0,0.00,0.00,5.70,AVAILABLE,OUT_OF_RANGE,5040,0
2026-05-06 23:34:11.431,202.0833,,slider,0,0,0.00,0.00,5.70,AVAILABLE,OUT_OF_RANGE,5050,0
2026-05-06 23:34:11.831,202.4832,,slider,0,0,0.00,0.00,5.70,AVAILABLE,OUT_OF_RANGE,5060,0
2026-05-06 23:34:12.231,202.8833,,slider,0,0,0.00,0.00,5.70,AVAILABLE,OUT_OF_RANGE,5070,0
2026-05-06 23:34:12.631,203.2832,,slider,0,0,0.00,0.00,5.70,AVAILABLE,OUT_OF_RANGE,5080,0
2026-05-06 23:34:13.031,203.6834,,slider,0,0,0.00,0.00,5.70,AVAILABLE,OUT_OF_RANGE,5090,0
2026-05-06 23:34:13.431,204.0832,,slider,0,0,0.00,0.00,5.70,AVAILABLE,OUT_OF_RANGE,5100,0
2026-05-06 23:34:13.831,204.4833,,slider,0,0,0.00,0.00,5.70,AVAILABLE,OUT_OF_RANGE,5110,0
2026-05-06 23:34:14.231,204.8833,,slider,0,0,0.00,0.00,5.70,AVAILABLE,OUT_OF_RANGE,5120,0
2026-05-06 23:34:14.631,205.2833,,slider,0,0,0.00,0.00,5.70,AVAILABLE,OUT_OF_RANGE,5130,0
2026-05-06 23:34:15.031,205.6833,,slider,0,0,0.00,0.00,5.70,AVAILABLE,OUT_OF_RANGE,5140,0
2026-05-06 23:34:15.431,206.0834,,slider,0,0,0.00,0.00,5.70,AVAILABLE,OUT_OF_RANGE,5150,0
2026-05-06 23:34:15.831,206.4834,,slider,0,0,0.00,0.00,5.70,AVAILABLE,OUT_OF_RANGE,5160,0
2026-05-06 23:34:16.231,206.8833,,slider,0,0,0.00,0.00,5.70,AVAILABLE,OUT_OF_RANGE,5170,0
2026-05-06 23:34:16.631,207.2834,,slider,0,0,0.00,0.00,5.70,AVAILABLE,OUT_OF_RANGE,5180,0
2026-05-06 23:34:17.031,207.6835,,slider,0,0,0.00,0.00,5.70,AVAILABLE,OUT_OF_RANGE,5190,0
2026-05-06 23:34:17.431,208.0833,,slider,0,0,0.00,0.00,5.70,AVAILABLE,OUT_OF_RANGE,5200,0
2026-05-06 23:34:17.831,208.4833,,slider,0,0,0.00,0.00,5.70,AVAILABLE,OUT_OF_RANGE,5210,0
2026-05-06 23:34:18.231,208.8833,,slider,0,0,0.00,0.00,5.70,AVAILABLE,OUT_OF_RANGE,5220,0
2026-05-06 23:34:18.631,209.2833,,slider,0,0,0.00,0.00,5.70,AVAILABLE,OUT_OF_RANGE,5230,0
2026-05-06 23:34:19.031,209.6834,,slider,0,0,0.00,0.00,5.70,AVAILABLE,OUT_OF_RANGE,5240,0
2026-05-06 23:34:19.431,210.0833,,slider,0,0,0.00,0.00,5.70,AVAILABLE,OUT_OF_RANGE,5250,0
2026-05-06 23:34:19.831,210.4834,,slider,0,0,0.00,0.00,5.70,AVAILABLE,OUT_OF_RANGE,5260,0
2026-05-06 23:34:20.231,210.8834,,slider,0,0,0.00,0.00,5.70,AVAILABLE,OUT_OF_RANGE,5270,0
2026-05-06 23:34:20.631,211.2836,,slider,0,0,0.00,0.00,5.70,AVAILABLE,OUT_OF_RANGE,5280,0
2026-05-06 23:34:21.031,211.6834,,slider,0,0,0.00,0.00,5.70,AVAILABLE,OUT_OF_RANGE,5290,0
2026-05-06 23:34:21.431,212.0834,,slider,0,0,0.00,0.00,5.70,AVAILABLE,OUT_OF_RANGE,5300,0
2026-05-06 23:34:21.831,212.4834,,slider,0,0,0.00,0.00,5.70,AVAILABLE,OUT_OF_RANGE,5310,0
2026-05-06 23:34:22.231,212.8833,,slider,0,0,0.00,0.00,5.70,AVAILABLE,OUT_OF_RANGE,5320,0
2026-05-06 23:34:22.631,213.2835,,slider,0,0,0.00,0.00,5.70,AVAILABLE,OUT_OF_RANGE,5330,0
2026-05-06 23:34:23.031,213.6835,,slider,0,0,0.00,0.00,5.70,AVAILABLE,OUT_OF_RANGE,5340,0
2026-05-06 23:34:23.431,214.0835,,slider,0,0,0.00,0.00,5.70,AVAILABLE,OUT_OF_RANGE,5350,0
2026-05-06 23:34:23.831,214.4834,,slider,0,0,0.00,0.00,5.70,AVAILABLE,OUT_OF_RANGE,5360,0
2026-05-06 23:34:24.231,214.8834,,slider,0,0,0.00,0.00,5.70,AVAILABLE,OUT_OF_RANGE,5370,0
2026-05-06 23:34:24.631,215.2834,,slider,0,0,0.00,0.00,5.70,AVAILABLE,OUT_OF_RANGE,5380,0
2026-05-06 23:34:25.031,215.6834,,slider,0,0,0.00,0.00,5.70,AVAILABLE,OUT_OF_RANGE,5390,0
2026-05-06 23:34:25.427,216.0789,,slider,0,0,0.00,0.00,5.70,AVAILABLE,OUT_OF_RANGE,5400,0
2026-05-06 23:34:25.827,216.4791,,slider,0,0,0.00,0.00,5.70,AVAILABLE,OUT_OF_RANGE,5410,0
2026-05-06 23:34:26.231,216.8835,,slider,0,0,0.00,0.00,5.70,AVAILABLE,OUT_OF_RANGE,5420,0
2026-05-06 23:34:26.627,217.2792,,slider,0,0,0.00,0.00,5.70,AVAILABLE,OUT_OF_RANGE,5430,0
2026-05-06 23:34:27.031,217.6836,,slider,0,0,0.00,0.00,5.70,AVAILABLE,OUT_OF_RANGE,5440,0
2026-05-06 23:34:27.427,218.0792,,slider,0,0,0.00,0.00,5.70,AVAILABLE,OUT_OF_RANGE,5450,0
2026-05-06 23:34:27.827,218.4792,,slider,0,0,0.00,0.00,5.70,AVAILABLE,OUT_OF_RANGE,5460,0
2026-05-06 23:34:28.227,218.8791,,slider,0,0,0.00,0.00,5.70,AVAILABLE,OUT_OF_RANGE,5470,0
2026-05-06 23:34:28.627,219.2789,,slider,0,0,0.00,0.00,5.70,AVAILABLE,OUT_OF_RANGE,5480,0
2026-05-06 23:34:29.027,219.6793,,slider,0,0,0.00,0.00,5.70,AVAILABLE,OUT_OF_RANGE,5490,0
2026-05-06 23:34:29.427,220.0794,,slider,0,0,0.00,0.00,5.70,AVAILABLE,OUT_OF_RANGE,5500,0
2026-05-06 23:34:29.827,220.4792,,slider,0,0,0.00,0.00,5.70,AVAILABLE,OUT_OF_RANGE,5510,0
2026-05-06 23:34:30.227,220.8792,,slider,0,0,0.00,0.00,5.70,AVAILABLE,OUT_OF_RANGE,5520,0
2026-05-06 23:34:30.627,221.2796,,slider,0,0,0.00,0.00,5.70,AVAILABLE,OUT_OF_RANGE,5530,0
2026-05-06 23:34:31.027,221.6793,,slider,0,0,0.00,0.00,5.70,AVAILABLE,OUT_OF_RANGE,5540,0
2026-05-06 23:34:31.427,222.0795,,slider,0,0,0.00,0.00,5.70,AVAILABLE,OUT_OF_RANGE,5550,0
2026-05-06 23:34:31.828,222.4798,,slider,0,0,0.00,0.00,5.70,AVAILABLE,OUT_OF_RANGE,5560,0
2026-05-06 23:34:32.228,222.8801,,slider,0,0,0.00,0.00,5.70,AVAILABLE,OUT_OF_RANGE,5570,0
2026-05-06 23:34:32.628,223.2802,,slider,0,0,0.00,0.00,5.70,AVAILABLE,OUT_OF_RANGE,5580,0
2026-05-06 23:34:33.028,223.6798,,slider,0,0,0.00,0.00,5.70,AVAILABLE,OUT_OF_RANGE,5590,0
2026-05-06 23:34:33.428,224.0801,,slider,0,0,0.00,0.00,5.70,AVAILABLE,OUT_OF_RANGE,5600,0
2026-05-06 23:34:33.828,224.4800,,slider,0,0,0.00,0.00,5.70,AVAILABLE,OUT_OF_RANGE,5610,0
2026-05-06 23:34:34.228,224.8800,,slider,0,0,0.00,0.00,5.70,AVAILABLE,OUT_OF_RANGE,5620,0
2026-05-06 23:34:34.628,225.2798,,slider,0,0,0.00,0.00,5.70,AVAILABLE,OUT_OF_RANGE,5630,0
2026-05-06 23:34:35.028,225.6801,,slider,0,0,0.00,0.00,5.70,AVAILABLE,OUT_OF_RANGE,5640,0
2026-05-06 23:34:35.428,226.0800,,slider,0,0,0.00,0.00,5.70,AVAILABLE,OUT_OF_RANGE,5650,0
2026-05-06 23:34:35.828,226.4801,,slider,0,0,0.00,0.00,5.70,AVAILABLE,OUT_OF_RANGE,5660,0
2026-05-06 23:34:36.228,226.8800,,slider,0,0,0.00,0.00,5.70,AVAILABLE,OUT_OF_RANGE,5670,0
2026-05-06 23:34:36.628,227.2803,,slider,0,0,0.00,0.00,5.70,AVAILABLE,OUT_OF_RANGE,5680,0
2026-05-06 23:34:37.028,227.6799,,slider,0,0,0.00,0.00,5.70,AVAILABLE,OUT_OF_RANGE,5690,0
2026-05-06 23:34:37.428,228.0802,,slider,0,0,0.00,0.00,5.70,AVAILABLE,OUT_OF_RANGE,5700,0
2026-05-06 23:34:37.828,228.4802,,slider,0,0,0.00,0.00,5.70,AVAILABLE,OUT_OF_RANGE,5710,0
2026-05-06 23:34:38.228,228.8800,,slider,0,0,0.00,0.00,5.70,AVAILABLE,OUT_OF_RANGE,5720,0
2026-05-06 23:34:38.628,229.2801,,slider,0,0,0.00,0.00,5.70,AVAILABLE,OUT_OF_RANGE,5730,0
2026-05-06 23:34:39.029,229.6806,,slider,0,0,0.00,0.00,5.70,AVAILABLE,OUT_OF_RANGE,5740,0
2026-05-06 23:34:39.428,230.0803,,slider,0,0,0.00,0.00,5.70,AVAILABLE,OUT_OF_RANGE,5750,0
2026-05-06 23:34:39.829,230.4805,,slider,0,0,0.00,0.00,5.70,AVAILABLE,OUT_OF_RANGE,5760,0
2026-05-06 23:34:40.228,230.8803,,slider,0,0,0.00,0.00,5.70,AVAILABLE,OUT_OF_RANGE,5770,0
2026-05-06 23:34:40.628,231.2803,,slider,0,0,0.00,0.00,5.70,AVAILABLE,OUT_OF_RANGE,5780,0
2026-05-06 23:34:41.029,231.6806,,slider,0,0,0.00,0.00,5.70,AVAILABLE,OUT_OF_RANGE,5790,0
2026-05-06 23:34:41.429,232.0808,,slider,0,0,0.00,0.00,5.70,AVAILABLE,OUT_OF_RANGE,5800,0
2026-05-06 23:34:41.829,232.4810,,slider,0,0,0.00,0.00,5.70,AVAILABLE,OUT_OF_RANGE,5810,0
2026-05-06 23:34:42.229,232.8807,,slider,0,0,0.00,0.00,5.70,AVAILABLE,OUT_OF_RANGE,5820,0
2026-05-06 23:34:42.629,233.2807,,slider,0,0,0.00,0.00,5.70,AVAILABLE,OUT_OF_RANGE,5830,0
2026-05-06 23:34:43.029,233.6806,,slider,0,0,0.00,0.00,5.70,AVAILABLE,OUT_OF_RANGE,5840,0
2026-05-06 23:34:43.429,234.0807,,slider,0,0,0.00,0.00,5.70,AVAILABLE,OUT_OF_RANGE,5850,0
2026-05-06 23:34:43.829,234.4809,,slider,0,0,0.00,0.00,5.70,AVAILABLE,OUT_OF_RANGE,5860,0
2026-05-06 23:34:44.229,234.8807,,slider,0,0,0.00,0.00,5.70,AVAILABLE,OUT_OF_RANGE,5870,0
2026-05-06 23:34:44.629,235.2807,,slider,0,0,0.00,0.00,5.70,AVAILABLE,OUT_OF_RANGE,5880,0
2026-05-06 23:34:45.029,235.6809,,slider,0,0,0.00,0.00,5.70,AVAILABLE,OUT_OF_RANGE,5890,0
2026-05-06 23:34:45.429,236.0807,,slider,0,0,0.00,0.00,5.70,AVAILABLE,OUT_OF_RANGE,5900,0
2026-05-06 23:34:45.829,236.4808,,slider,0,0,0.00,0.00,5.70,AVAILABLE,OUT_OF_RANGE,5910,0
2026-05-06 23:34:46.229,236.8810,,slider,0,0,0.00,0.00,5.70,AVAILABLE,OUT_OF_RANGE,5920,0
2026-05-06 23:34:46.629,237.2809,,slider,0,0,0.00,0.00,5.70,AVAILABLE,OUT_OF_RANGE,5930,0
2026-05-06 23:34:47.029,237.6810,,slider,0,0,0.00,0.00,5.70,AVAILABLE,OUT_OF_RANGE,5940,0
2026-05-06 23:34:47.430,238.0813,,slider,0,0,0.00,0.00,5.70,AVAILABLE,OUT_OF_RANGE,5950,0
2026-05-06 23:34:47.829,238.4811,,slider,0,0,0.00,0.00,5.70,AVAILABLE,OUT_OF_RANGE,5960,0
2026-05-06 23:34:48.230,238.8814,,slider,0,0,0.00,0.00,5.70,AVAILABLE,OUT_OF_RANGE,5970,0
2026-05-06 23:34:48.630,239.2814,,slider,0,0,0.00,0.00,5.70,AVAILABLE,OUT_OF_RANGE,5980,0
2026-05-06 23:34:49.030,239.6816,,slider,0,0,0.00,0.00,5.70,AVAILABLE,OUT_OF_RANGE,5990,0
2026-05-06 23:34:49.430,240.0818,,slider,0,0,0.00,0.00,5.70,AVAILABLE,OUT_OF_RANGE,6000,0
2026-05-06 23:34:49.830,240.4815,,slider,0,0,0.00,0.00,5.70,AVAILABLE,OUT_OF_RANGE,6010,0
2026-05-06 23:34:50.230,240.8818,,slider,0,0,0.00,0.00,5.70,AVAILABLE,OUT_OF_RANGE,6020,0
2026-05-06 23:34:50.630,241.2816,,slider,0,0,0.00,0.00,5.70,AVAILABLE,OUT_OF_RANGE,6030,0
2026-05-06 23:34:51.031,241.6821,,slider,0,0,0.00,0.00,5.70,AVAILABLE,OUT_OF_RANGE,6040,0
2026-05-06 23:34:51.431,242.0821,,slider,0,0,0.00,0.00,5.70,AVAILABLE,OUT_OF_RANGE,6050,0
2026-05-06 23:34:51.830,242.4819,,slider,0,0,0.00,0.00,5.70,AVAILABLE,OUT_OF_RANGE,6060,0
2026-05-06 23:34:52.230,242.8817,,slider,0,0,0.00,0.00,5.70,AVAILABLE,OUT_OF_RANGE,6070,0
2026-05-06 23:34:52.631,243.2823,,slider,0,0,0.00,0.00,5.70,AVAILABLE,OUT_OF_RANGE,6080,0
2026-05-06 23:34:53.030,243.6816,,slider,0,0,0.00,0.00,5.70,AVAILABLE,OUT_OF_RANGE,6090,0
2026-05-06 23:34:53.430,244.0820,,slider,0,0,0.00,0.00,5.70,AVAILABLE,OUT_OF_RANGE,6100,0
2026-05-06 23:34:53.830,244.4820,,slider,0,0,0.00,0.00,5.70,AVAILABLE,OUT_OF_RANGE,6110,0
2026-05-06 23:34:54.230,244.8818,,slider,0,0,0.00,0.00,5.70,AVAILABLE,OUT_OF_RANGE,6120,0
2026-05-06 23:34:54.631,245.2822,,slider,0,0,0.00,0.00,5.70,AVAILABLE,OUT_OF_RANGE,6130,0
2026-05-06 23:34:55.030,245.6818,,slider,0,0,0.00,0.00,5.70,AVAILABLE,OUT_OF_RANGE,6140,0
2026-05-06 23:34:55.430,246.0818,,slider,0,0,0.00,0.00,5.70,AVAILABLE,OUT_OF_RANGE,6150,0
2026-05-06 23:34:55.830,246.4819,,slider,0,0,0.00,0.00,5.70,AVAILABLE,OUT_OF_RANGE,6160,0
2026-05-06 23:34:56.231,246.8821,,slider,0,0,0.00,0.00,5.70,AVAILABLE,OUT_OF_RANGE,6170,0
2026-05-06 23:34:56.630,247.2819,,slider,0,0,0.00,0.00,5.70,AVAILABLE,OUT_OF_RANGE,6180,0
2026-05-06 23:34:57.031,247.6821,,slider,0,0,0.00,0.00,5.70,AVAILABLE,OUT_OF_RANGE,6190,0
2026-05-06 23:34:57.431,248.0820,,slider,0,0,0.00,0.00,5.70,AVAILABLE,OUT_OF_RANGE,6200,0
2026-05-06 23:34:57.831,248.4822,,slider,0,0,0.00,0.00,5.70,AVAILABLE,OUT_OF_RANGE,6210,0
2026-05-06 23:34:58.231,248.8824,,slider,0,0,0.00,0.00,5.70,AVAILABLE,OUT_OF_RANGE,6220,0
2026-05-06 23:34:58.631,249.2825,,slider,0,0,0.00,0.00,5.70,AVAILABLE,OUT_OF_RANGE,6230,0
2026-05-06 23:34:59.031,249.6821,,slider,0,0,0.00,0.00,5.70,AVAILABLE,OUT_OF_RANGE,6240,0
2026-05-06 23:34:59.432,250.0831,,slider,0,0,0.00,0.00,5.70,AVAILABLE,OUT_OF_RANGE,6250,0
2026-05-06 23:34:59.831,250.4823,,slider,0,0,0.00,0.00,5.70,AVAILABLE,OUT_OF_RANGE,6260,0
2026-05-06 23:35:00.231,250.8823,,slider,0,0,0.00,0.00,5.70,AVAILABLE,OUT_OF_RANGE,6270,0
2026-05-06 23:35:00.631,251.2823,,slider,0,0,0.00,0.00,5.70,AVAILABLE,OUT_OF_RANGE,6280,0
2026-05-06 23:35:01.031,251.6826,,slider,0,0,0.00,0.00,5.70,AVAILABLE,OUT_OF_RANGE,6290,0
2026-05-06 23:35:01.431,252.0825,,slider,0,0,0.00,0.00,5.70,AVAILABLE,OUT_OF_RANGE,6300,0
2026-05-06 23:35:01.832,252.4828,,slider,0,0,0.00,0.00,5.70,AVAILABLE,OUT_OF_RANGE,6310,0
2026-05-06 23:35:02.231,252.8824,,slider,0,0,0.00,0.00,5.70,AVAILABLE,OUT_OF_RANGE,6320,0
2026-05-06 23:35:02.631,253.2823,,slider,0,0,0.00,0.00,5.70,AVAILABLE,OUT_OF_RANGE,6330,0
2026-05-06 23:35:03.032,253.6830,,slider,0,0,0.00,0.00,5.70,AVAILABLE,OUT_OF_RANGE,6340,0
2026-05-06 23:35:03.431,254.0824,,slider,0,0,0.00,0.00,5.70,AVAILABLE,OUT_OF_RANGE,6350,0
2026-05-06 23:35:03.832,254.4829,,slider,0,0,0.00,0.00,5.70,AVAILABLE,OUT_OF_RANGE,6360,0
2026-05-06 23:35:04.232,254.8827,,slider,0,0,0.00,0.00,5.70,AVAILABLE,OUT_OF_RANGE,6370,0
2026-05-06 23:35:04.631,255.2826,,slider,0,0,0.00,0.00,5.70,AVAILABLE,OUT_OF_RANGE,6380,0
2026-05-06 23:35:05.031,255.6825,,slider,0,0,0.00,0.00,5.70,AVAILABLE,OUT_OF_RANGE,6390,0
2026-05-06 23:35:05.431,256.0826,,slider,0,0,0.00,0.00,5.70,AVAILABLE,OUT_OF_RANGE,6400,0
2026-05-06 23:35:05.831,256.4825,,slider,0,0,0.00,0.00,5.70,AVAILABLE,OUT_OF_RANGE,6410,0
2026-05-06 23:35:06.232,256.8827,,slider,0,0,0.00,0.00,5.70,AVAILABLE,OUT_OF_RANGE,6420,0
2026-05-06 23:35:06.632,257.2827,,slider,0,0,0.00,0.00,5.70,AVAILABLE,OUT_OF_RANGE,6430,0
2026-05-06 23:35:07.032,257.6833,,slider,0,0,0.00,0.00,5.70,AVAILABLE,OUT_OF_RANGE,6440,0
2026-05-06 23:35:07.432,258.0830,,slider,0,0,0.00,0.00,5.70,AVAILABLE,OUT_OF_RANGE,6450,0
2026-05-06 23:35:07.832,258.4828,,slider,0,0,0.00,0.00,5.70,AVAILABLE,OUT_OF_RANGE,6460,0
2026-05-06 23:35:08.232,258.8828,,slider,0,0,0.00,0.00,5.70,AVAILABLE,OUT_OF_RANGE,6470,0
2026-05-06 23:35:08.632,259.2828,,slider,0,0,0.00,0.00,5.70,AVAILABLE,OUT_OF_RANGE,6480,0
2026-05-06 23:35:09.032,259.6828,,slider,0,0,0.00,0.00,5.70,AVAILABLE,OUT_OF_RANGE,6490,0
2026-05-06 23:35:09.432,260.0830,,slider,0,0,0.00,0.00,5.70,AVAILABLE,OUT_OF_RANGE,6500,0
2026-05-06 23:35:09.832,260.4830,,slider,0,0,0.00,0.00,5.70,AVAILABLE,OUT_OF_RANGE,6510,0
2026-05-06 23:35:10.232,260.8834,,slider,0,0,0.00,0.00,5.70,AVAILABLE,OUT_OF_RANGE,6520,0
2026-05-06 23:35:10.632,261.2831,,slider,0,0,0.00,0.00,5.70,AVAILABLE,OUT_OF_RANGE,6530,0
2026-05-06 23:35:11.032,261.6832,,slider,0,0,0.00,0.00,5.70,AVAILABLE,OUT_OF_RANGE,6540,0
2026-05-06 23:35:11.432,262.0832,,slider,0,0,0.00,0.00,5.70,AVAILABLE,OUT_OF_RANGE,6550,0
2026-05-06 23:35:11.833,262.4836,,slider,0,0,0.00,0.00,5.70,AVAILABLE,OUT_OF_RANGE,6560,0
2026-05-06 23:35:12.232,262.8834,,slider,0,0,0.00,0.00,5.70,AVAILABLE,OUT_OF_RANGE,6570,0
2026-05-06 23:35:12.633,263.2841,,slider,0,0,0.00,0.00,5.70,AVAILABLE,OUT_OF_RANGE,6580,0
2026-05-06 23:35:13.044,263.6953,,slider,0,0,0.00,0.00,5.70,AVAILABLE,OUT_OF_RANGE,6590,0
2026-05-06 23:35:13.444,264.0952,,slider,0,0,0.00,0.00,5.70,AVAILABLE,OUT_OF_RANGE,6600,0
2026-05-06 23:35:13.845,264.4956,,slider,0,0,0.00,0.00,5.70,AVAILABLE,OUT_OF_RANGE,6610,0
2026-05-06 23:35:14.245,264.8956,,slider,0,0,0.00,0.00,5.70,AVAILABLE,OUT_OF_RANGE,6620,0
2026-05-06 23:35:14.644,265.2953,,slider,0,0,0.00,0.00,5.70,AVAILABLE,OUT_OF_RANGE,6630,0
2026-05-06 23:35:15.045,265.6955,,slider,0,0,0.00,0.00,5.70,AVAILABLE,OUT_OF_RANGE,6640,0
2026-05-06 23:35:15.445,266.0954,,slider,0,0,0.00,0.00,5.70,AVAILABLE,OUT_OF_RANGE,6650,0
2026-05-06 23:35:15.844,266.4953,,slider,0,0,0.00,0.00,5.70,AVAILABLE,OUT_OF_RANGE,6660,0
2026-05-06 23:35:16.245,266.8955,,slider,0,0,0.00,0.00,5.70,AVAILABLE,OUT_OF_RANGE,6670,0
2026-05-06 23:35:16.645,267.2955,,slider,0,0,0.00,0.00,5.70,AVAILABLE,OUT_OF_RANGE,6680,0
2026-05-06 23:35:17.045,267.6957,,slider,0,0,0.00,0.00,5.70,AVAILABLE,OUT_OF_RANGE,6690,0
2026-05-06 23:35:17.445,268.0953,,slider,0,0,0.00,0.00,5.70,AVAILABLE,OUT_OF_RANGE,6700,0
2026-05-06 23:35:17.845,268.4955,,slider,0,0,0.00,0.00,5.70,AVAILABLE,OUT_OF_RANGE,6710,0
2026-05-06 23:35:18.245,268.8956,,slider,0,0,0.00,0.00,5.70,AVAILABLE,OUT_OF_RANGE,6720,0
2026-05-06 23:35:18.644,269.2953,,slider,0,0,0.00,0.00,5.70,AVAILABLE,OUT_OF_RANGE,6730,0
2026-05-06 23:35:19.045,269.6953,,slider,0,0,0.00,0.00,5.70,AVAILABLE,OUT_OF_RANGE,6740,0
2026-05-06 23:35:19.445,270.0953,,slider,0,0,0.00,0.00,5.70,AVAILABLE,OUT_OF_RANGE,6750,0
2026-05-06 23:35:19.845,270.4956,,slider,0,0,0.00,0.00,5.70,AVAILABLE,OUT_OF_RANGE,6760,0
2026-05-06 23:35:20.245,270.8954,,slider,0,0,0.00,0.00,5.70,AVAILABLE,OUT_OF_RANGE,6770,0
2026-05-06 23:35:20.645,271.2955,,slider,0,0,0.00,0.00,5.70,AVAILABLE,OUT_OF_RANGE,6780,0
2026-05-06 23:35:21.045,271.6953,,slider,0,0,0.00,0.00,5.70,AVAILABLE,OUT_OF_RANGE,6790,0
2026-05-06 23:35:21.445,272.0956,,slider,0,0,0.00,0.00,5.70,AVAILABLE,OUT_OF_RANGE,6800,0
2026-05-06 23:35:21.845,272.4954,,slider,0,0,0.00,0.00,5.70,AVAILABLE,OUT_OF_RANGE,6810,0
2026-05-06 23:35:22.245,272.8957,,slider,0,0,0.00,0.00,5.70,AVAILABLE,OUT_OF_RANGE,6820,0
2026-05-06 23:35:22.645,273.2953,,slider,0,0,0.00,0.00,5.70,AVAILABLE,OUT_OF_RANGE,6830,0
2026-05-06 23:35:23.045,273.6955,,slider,0,0,0.00,0.00,5.70,AVAILABLE,OUT_OF_RANGE,6840,0
2026-05-06 23:35:23.445,274.0955,,slider,0,0,0.00,0.00,5.70,AVAILABLE,OUT_OF_RANGE,6850,0
2026-05-06 23:35:23.845,274.4956,,slider,0,0,0.00,0.00,5.70,AVAILABLE,OUT_OF_RANGE,6860,0
2026-05-06 23:35:24.245,274.8954,,slider,0,0,0.00,0.00,5.70,AVAILABLE,OUT_OF_RANGE,6870,0
2026-05-06 23:35:24.645,275.2955,,slider,0,0,0.00,0.00,5.70,AVAILABLE,OUT_OF_RANGE,6880,0
2026-05-06 23:35:25.045,275.6955,,slider,0,0,0.00,0.00,5.70,AVAILABLE,OUT_OF_RANGE,6890,0
2026-05-06 23:35:25.445,276.0954,,slider,0,0,0.00,0.00,5.70,AVAILABLE,OUT_OF_RANGE,6900,0
2026-05-06 23:35:25.845,276.4953,,slider,0,0,0.00,0.00,5.70,AVAILABLE,OUT_OF_RANGE,6910,0
2026-05-06 23:35:26.245,276.8955,,slider,0,0,0.00,0.00,5.70,AVAILABLE,OUT_OF_RANGE,6920,0
2026-05-06 23:35:26.629,277.2797,,slider,0,0,0.00,0.00,5.70,AVAILABLE,OUT_OF_RANGE,6930,0
2026-05-06 23:35:27.045,277.6955,,slider,0,0,0.00,0.00,5.70,AVAILABLE,OUT_OF_RANGE,6940,0
2026-05-06 23:35:27.445,278.0954,,slider,0,0,0.00,0.00,5.70,AVAILABLE,OUT_OF_RANGE,6950,0
2026-05-06 23:35:27.845,278.4952,,slider,0,0,0.00,0.00,5.70,AVAILABLE,OUT_OF_RANGE,6960,0
2026-05-06 23:35:28.245,278.8954,,slider,0,0,0.00,0.00,5.70,AVAILABLE,OUT_OF_RANGE,6970,0
2026-05-06 23:35:28.645,279.2953,,slider,0,0,0.00,0.00,5.70,AVAILABLE,OUT_OF_RANGE,6980,0
2026-05-06 23:35:29.045,279.6953,,slider,0,0,0.00,0.00,5.70,AVAILABLE,OUT_OF_RANGE,6990,0
2026-05-06 23:35:29.445,280.0954,,slider,0,0,0.00,0.00,5.70,AVAILABLE,OUT_OF_RANGE,7000,0
2026-05-06 23:35:29.845,280.4954,,slider,0,0,0.00,0.00,5.70,AVAILABLE,OUT_OF_RANGE,7010,0
2026-05-06 23:35:30.245,280.8955,,slider,0,0,0.00,0.00,5.70,AVAILABLE,OUT_OF_RANGE,7020,0
2026-05-06 23:35:30.645,281.2954,,slider,0,0,0.00,0.00,5.70,AVAILABLE,OUT_OF_RANGE,7030,0
2026-05-06 23:35:31.029,281.6796,,slider,0,0,0.00,0.00,5.70,AVAILABLE,OUT_OF_RANGE,7040,0
2026-05-06 23:35:31.429,282.0796,,slider,0,0,0.00,0.00,5.70,AVAILABLE,OUT_OF_RANGE,7050,0
2026-05-06 23:35:31.829,282.4795,,slider,0,0,0.00,0.00,5.70,AVAILABLE,OUT_OF_RANGE,7060,0
2026-05-06 23:35:32.245,282.8954,,slider,0,0,0.00,0.00,5.70,AVAILABLE,OUT_OF_RANGE,7070,0
2026-05-06 23:35:32.645,283.2954,,slider,0,0,0.00,0.00,5.70,AVAILABLE,OUT_OF_RANGE,7080,0
2026-05-06 23:35:33.045,283.6954,,slider,0,0,0.00,0.00,5.70,AVAILABLE,OUT_OF_RANGE,7090,0
2026-05-06 23:35:33.445,284.0954,,slider,0,0,0.00,0.00,5.70,AVAILABLE,OUT_OF_RANGE,7100,0
2026-05-06 23:35:33.829,284.4797,,slider,0,0,0.00,0.00,5.70,AVAILABLE,OUT_OF_RANGE,7110,0
2026-05-06 23:35:34.245,284.8955,,slider,0,0,0.00,0.00,5.70,AVAILABLE,OUT_OF_RANGE,7120,0
2026-05-06 23:35:34.645,285.2954,,slider,0,0,0.00,0.00,5.70,AVAILABLE,OUT_OF_RANGE,7130,0
2026-05-06 23:35:35.045,285.6954,,slider,0,0,0.00,0.00,5.70,AVAILABLE,OUT_OF_RANGE,7140,0
2026-05-06 23:35:35.429,286.0795,,slider,0,0,0.00,0.00,5.70,AVAILABLE,OUT_OF_RANGE,7150,0
2026-05-06 23:35:35.829,286.4795,,slider,0,0,0.00,0.00,5.70,AVAILABLE,OUT_OF_RANGE,7160,0
2026-05-06 23:35:36.245,286.8955,,slider,0,0,0.00,0.00,5.70,AVAILABLE,OUT_OF_RANGE,7170,0
2026-05-06 23:35:36.629,287.2795,,slider,0,0,0.00,0.00,5.70,AVAILABLE,OUT_OF_RANGE,7180,0
2026-05-06 23:35:37.030,287.6798,,slider,0,0,0.00,0.00,5.70,AVAILABLE,OUT_OF_RANGE,7190,0
2026-05-06 23:35:37.429,288.0795,,slider,0,0,0.00,0.00,5.70,AVAILABLE,OUT_OF_RANGE,7200,0
2026-05-06 23:35:37.830,288.4800,,slider,0,0,0.00,0.00,5.70,AVAILABLE,OUT_OF_RANGE,7210,0
2026-05-06 23:35:38.229,288.8796,,slider,0,0,0.00,0.00,5.70,AVAILABLE,OUT_OF_RANGE,7220,0
2026-05-06 23:35:38.630,289.2799,,slider,0,0,0.00,0.00,5.70,AVAILABLE,OUT_OF_RANGE,7230,0
2026-05-06 23:35:39.029,289.6797,,slider,0,0,0.00,0.00,5.70,AVAILABLE,OUT_OF_RANGE,7240,0
2026-05-06 23:35:39.430,290.0797,,slider,0,0,0.00,0.00,5.70,AVAILABLE,OUT_OF_RANGE,7250,0
2026-05-06 23:35:39.830,290.4800,,slider,0,0,0.00,0.00,5.70,AVAILABLE,OUT_OF_RANGE,7260,0
2026-05-06 23:35:40.230,290.8800,,slider,0,0,0.00,0.00,5.70,AVAILABLE,OUT_OF_RANGE,7270,0
2026-05-06 23:35:40.629,291.2797,,slider,0,0,0.00,0.00,5.70,AVAILABLE,OUT_OF_RANGE,7280,0
2026-05-06 23:35:41.030,291.6799,,slider,0,0,0.00,0.00,5.70,AVAILABLE,OUT_OF_RANGE,7290,0
2026-05-06 23:35:41.430,292.0806,,slider,0,0,0.00,0.00,5.70,AVAILABLE,OUT_OF_RANGE,7300,0
2026-05-06 23:35:41.830,292.4797,,slider,0,0,0.00,0.00,5.70,AVAILABLE,OUT_OF_RANGE,7310,0
2026-05-06 23:35:42.230,292.8800,,slider,0,0,0.00,0.00,5.70,AVAILABLE,OUT_OF_RANGE,7320,0
2026-05-06 23:35:42.630,293.2801,,slider,0,0,0.00,0.00,5.70,AVAILABLE,OUT_OF_RANGE,7330,0
2026-05-06 23:35:43.030,293.6799,,slider,0,0,0.00,0.00,5.70,AVAILABLE,OUT_OF_RANGE,7340,0
2026-05-06 23:35:43.430,294.0800,,slider,0,0,0.00,0.00,5.70,AVAILABLE,OUT_OF_RANGE,7350,0
2026-05-06 23:35:43.830,294.4802,,slider,0,0,0.00,0.00,5.70,AVAILABLE,OUT_OF_RANGE,7360,0
2026-05-06 23:35:44.230,294.8800,,slider,0,0,0.00,0.00,5.70,AVAILABLE,OUT_OF_RANGE,7370,0
2026-05-06 23:35:44.630,295.2800,,slider,0,0,0.00,0.00,5.70,AVAILABLE,OUT_OF_RANGE,7380,0
2026-05-06 23:35:45.030,295.6803,,slider,0,0,0.00,0.00,5.70,AVAILABLE,OUT_OF_RANGE,7390,0
2026-05-06 23:35:45.430,296.0800,,slider,0,0,0.00,0.00,5.70,AVAILABLE,OUT_OF_RANGE,7400,0
2026-05-06 23:35:45.830,296.4802,,slider,0,0,0.00,0.00,5.70,AVAILABLE,OUT_OF_RANGE,7410,0
2026-05-06 23:35:46.230,296.8802,,slider,0,0,0.00,0.00,5.70,AVAILABLE,OUT_OF_RANGE,7420,0
2026-05-06 23:35:46.630,297.2799,,slider,0,0,0.00,0.00,5.70,AVAILABLE,OUT_OF_RANGE,7430,0
2026-05-06 23:35:47.030,297.6801,,slider,0,0,0.00,0.00,5.70,AVAILABLE,OUT_OF_RANGE,7440,0
2026-05-06 23:35:47.430,298.0803,,slider,0,0,0.00,0.00,5.70,AVAILABLE,OUT_OF_RANGE,7450,0
2026-05-06 23:35:47.830,298.4801,,slider,0,0,0.00,0.00,5.70,AVAILABLE,OUT_OF_RANGE,7460,0
2026-05-06 23:35:48.230,298.8804,,slider,0,0,0.00,0.00,5.70,AVAILABLE,OUT_OF_RANGE,7470,0
2026-05-06 23:35:48.631,299.2806,,slider,0,0,0.00,0.00,5.70,AVAILABLE,OUT_OF_RANGE,7480,0
2026-05-06 23:35:49.030,299.6803,,slider,0,0,0.00,0.00,5.70,AVAILABLE,OUT_OF_RANGE,7490,0
2026-05-06 23:35:49.431,300.0805,,slider,0,0,0.00,0.00,5.70,AVAILABLE,OUT_OF_RANGE,7500,0
2026-05-06 23:35:49.830,300.4803,,slider,0,0,0.00,0.00,5.70,AVAILABLE,OUT_OF_RANGE,7510,0
2026-05-06 23:35:50.231,300.8805,,slider,0,0,0.00,0.00,5.70,AVAILABLE,OUT_OF_RANGE,7520,0
2026-05-06 23:35:50.631,301.2804,,slider,0,0,0.00,0.00,5.70,AVAILABLE,OUT_OF_RANGE,7530,0
2026-05-06 23:35:51.031,301.6805,,slider,0,0,0.00,0.00,5.70,AVAILABLE,OUT_OF_RANGE,7540,0
2026-05-06 23:35:51.431,302.0804,,slider,0,0,0.00,0.00,5.70,AVAILABLE,OUT_OF_RANGE,7550,0
2026-05-06 23:35:51.831,302.4813,,slider,0,0,0.00,0.00,5.70,AVAILABLE,OUT_OF_RANGE,7560,0
2026-05-06 23:35:52.231,302.8806,,slider,0,0,0.00,0.00,5.70,AVAILABLE,OUT_OF_RANGE,7570,0
2026-05-06 23:35:52.631,303.2809,,slider,0,0,0.00,0.00,5.70,AVAILABLE,OUT_OF_RANGE,7580,0
2026-05-06 23:35:53.031,303.6806,,slider,0,0,0.00,0.00,5.70,AVAILABLE,OUT_OF_RANGE,7590,0
2026-05-06 23:35:53.431,304.0808,,slider,0,0,0.00,0.00,5.70,AVAILABLE,OUT_OF_RANGE,7600,0
2026-05-06 23:35:53.831,304.4806,,slider,0,0,0.00,0.00,5.70,AVAILABLE,OUT_OF_RANGE,7610,0
2026-05-06 23:35:54.231,304.8806,,slider,0,0,0.00,0.00,5.70,AVAILABLE,OUT_OF_RANGE,7620,0
2026-05-06 23:35:54.631,305.2810,,slider,0,0,0.00,0.00,5.70,AVAILABLE,OUT_OF_RANGE,7630,0
2026-05-06 23:35:55.031,305.6811,,slider,0,0,0.00,0.00,5.70,AVAILABLE,OUT_OF_RANGE,7640,0
2026-05-06 23:35:55.431,306.0811,,slider,0,0,0.00,0.00,5.70,AVAILABLE,OUT_OF_RANGE,7650,0
2026-05-06 23:35:55.831,306.4809,,slider,0,0,0.00,0.00,5.70,AVAILABLE,OUT_OF_RANGE,7660,0
2026-05-06 23:35:56.231,306.8807,,slider,0,0,0.00,0.00,5.70,AVAILABLE,OUT_OF_RANGE,7670,0
2026-05-06 23:35:56.632,307.2812,,slider,0,0,0.00,0.00,5.70,AVAILABLE,OUT_OF_RANGE,7680,0
2026-05-06 23:35:57.031,307.6810,,slider,0,0,0.00,0.00,5.70,AVAILABLE,OUT_OF_RANGE,7690,0
2026-05-06 23:35:57.432,308.0814,,slider,0,0,0.00,0.00,5.70,AVAILABLE,OUT_OF_RANGE,7700,0
2026-05-06 23:35:57.831,308.4809,,slider,0,0,0.00,0.00,5.70,AVAILABLE,OUT_OF_RANGE,7710,0
2026-05-06 23:35:58.231,308.8810,,slider,0,0,0.00,0.00,5.70,AVAILABLE,OUT_OF_RANGE,7720,0
2026-05-06 23:35:58.631,309.2810,,slider,0,0,0.00,0.00,5.70,AVAILABLE,OUT_OF_RANGE,7730,0
2026-05-06 23:35:59.031,309.6810,,slider,0,0,0.00,0.00,5.70,AVAILABLE,OUT_OF_RANGE,7740,0
2026-05-06 23:35:59.432,310.0818,,slider,0,0,0.00,0.00,5.70,AVAILABLE,OUT_OF_RANGE,7750,0
2026-05-06 23:35:59.832,310.4814,,slider,0,0,0.00,0.00,5.70,AVAILABLE,OUT_OF_RANGE,7760,0
2026-05-06 23:36:00.232,310.8813,,slider,0,0,0.00,0.00,5.70,AVAILABLE,OUT_OF_RANGE,7770,0
2026-05-06 23:36:00.632,311.2818,,slider,0,0,0.00,0.00,5.70,AVAILABLE,OUT_OF_RANGE,7780,0
2026-05-06 23:36:01.032,311.6815,,slider,0,0,0.00,0.00,5.70,AVAILABLE,OUT_OF_RANGE,7790,0
2026-05-06 23:36:01.432,312.0814,,slider,0,0,0.00,0.00,5.70,AVAILABLE,OUT_OF_RANGE,7800,0
2026-05-06 23:36:01.832,312.4817,,slider,0,0,0.00,0.00,5.70,AVAILABLE,OUT_OF_RANGE,7810,0
2026-05-06 23:36:02.232,312.8819,,slider,0,0,0.00,0.00,5.70,AVAILABLE,OUT_OF_RANGE,7820,0
2026-05-06 23:36:02.632,313.2813,,slider,0,0,0.00,0.00,5.70,AVAILABLE,OUT_OF_RANGE,7830,0
2026-05-06 23:36:03.032,313.6814,,slider,0,0,0.00,0.00,5.70,AVAILABLE,OUT_OF_RANGE,7840,0
2026-05-06 23:36:03.432,314.0819,,slider,0,0,0.00,0.00,5.70,AVAILABLE,OUT_OF_RANGE,7850,0
2026-05-06 23:36:03.832,314.4816,,slider,0,0,0.00,0.00,5.70,AVAILABLE,OUT_OF_RANGE,7860,0
2026-05-06 23:36:04.232,314.8818,,slider,0,0,0.00,0.00,5.70,AVAILABLE,OUT_OF_RANGE,7870,0
2026-05-06 23:36:04.633,315.2823,,slider,0,0,0.00,0.00,5.70,AVAILABLE,OUT_OF_RANGE,7880,0
2026-05-06 23:36:05.032,315.6817,,slider,0,0,0.00,0.00,5.70,AVAILABLE,OUT_OF_RANGE,7890,0
2026-05-06 23:36:05.434,316.0831,,slider,0,0,0.00,0.00,5.70,AVAILABLE,OUT_OF_RANGE,7900,0
2026-05-06 23:36:05.832,316.4819,,slider,0,0,0.00,0.00,5.70,AVAILABLE,OUT_OF_RANGE,7910,0
2026-05-06 23:36:06.233,316.8821,,slider,0,0,0.00,0.00,5.70,AVAILABLE,OUT_OF_RANGE,7920,0
2026-05-06 23:36:06.633,317.2828,,slider,0,0,0.00,0.00,5.70,AVAILABLE,OUT_OF_RANGE,7930,0
2026-05-06 23:36:07.032,317.6818,,slider,0,0,0.00,0.00,5.70,AVAILABLE,OUT_OF_RANGE,7940,0
2026-05-06 23:36:07.433,318.0821,,slider,0,0,0.00,0.00,5.70,AVAILABLE,OUT_OF_RANGE,7950,0
2026-05-06 23:36:07.834,318.4832,,slider,0,0,0.00,0.00,5.70,AVAILABLE,OUT_OF_RANGE,7960,0
2026-05-06 23:36:08.233,318.8821,,slider,0,0,0.00,0.00,5.70,AVAILABLE,OUT_OF_RANGE,7970,0
2026-05-06 23:36:08.633,319.2820,,slider,0,0,0.00,0.00,5.70,AVAILABLE,OUT_OF_RANGE,7980,0
2026-05-06 23:36:09.033,319.6820,,slider,0,0,0.00,0.00,5.70,AVAILABLE,OUT_OF_RANGE,7990,0
2026-05-06 23:36:09.433,320.0822,,slider,0,0,0.00,0.00,5.70,AVAILABLE,OUT_OF_RANGE,8000,0
2026-05-06 23:36:09.833,320.4824,,slider,0,0,0.00,0.00,5.70,AVAILABLE,OUT_OF_RANGE,8010,0
2026-05-06 23:36:10.233,320.8824,,slider,0,0,0.00,0.00,5.70,AVAILABLE,OUT_OF_RANGE,8020,0
2026-05-06 23:36:10.633,321.2824,,slider,0,0,0.00,0.00,5.70,AVAILABLE,OUT_OF_RANGE,8030,0
2026-05-06 23:36:11.033,321.6825,,slider,0,0,0.00,0.00,5.70,AVAILABLE,OUT_OF_RANGE,8040,0
2026-05-06 23:36:11.433,322.0821,,slider,0,0,0.00,0.00,5.70,AVAILABLE,OUT_OF_RANGE,8050,0
2026-05-06 23:36:11.833,322.4826,,slider,0,0,0.00,0.00,5.70,AVAILABLE,OUT_OF_RANGE,8060,0
2026-05-06 23:36:12.233,322.8826,,slider,0,0,0.00,0.00,5.70,AVAILABLE,OUT_OF_RANGE,8070,0
2026-05-06 23:36:12.633,323.2825,,slider,0,0,0.00,0.00,5.70,AVAILABLE,OUT_OF_RANGE,8080,0
2026-05-06 23:36:13.033,323.6827,,slider,0,0,0.00,0.00,5.70,AVAILABLE,OUT_OF_RANGE,8090,0
2026-05-06 23:36:13.433,324.0826,,slider,0,0,0.00,0.00,5.70,AVAILABLE,OUT_OF_RANGE,8100,0
2026-05-06 23:36:13.834,324.4828,,slider,0,0,0.00,0.00,5.70,AVAILABLE,OUT_OF_RANGE,8110,0
2026-05-06 23:36:14.233,324.8826,,slider,0,0,0.00,0.00,5.70,AVAILABLE,OUT_OF_RANGE,8120,0
2026-05-06 23:36:14.633,325.2824,,slider,0,0,0.00,0.00,5.70,AVAILABLE,OUT_OF_RANGE,8130,0
2026-05-06 23:36:15.034,325.6830,,slider,0,0,0.00,0.00,5.70,AVAILABLE,OUT_OF_RANGE,8140,0
2026-05-06 23:36:15.434,326.0827,,slider,0,0,0.00,0.00,5.70,AVAILABLE,OUT_OF_RANGE,8150,0
2026-05-06 23:36:15.833,326.4826,,slider,0,0,0.00,0.00,5.70,AVAILABLE,OUT_OF_RANGE,8160,0
2026-05-06 23:36:16.234,326.8829,,slider,0,0,0.00,0.00,5.70,AVAILABLE,OUT_OF_RANGE,8170,0
2026-05-06 23:36:16.634,327.2830,,slider,0,0,0.00,0.00,5.70,AVAILABLE,OUT_OF_RANGE,8180,0
2026-05-06 23:36:17.034,327.6828,,slider,0,0,0.00,0.00,5.70,AVAILABLE,OUT_OF_RANGE,8190,0
2026-05-06 23:36:17.434,328.0830,,slider,0,0,0.00,0.00,5.70,AVAILABLE,OUT_OF_RANGE,8200,0
2026-05-06 23:36:17.834,328.4831,,slider,0,0,0.00,0.00,5.70,AVAILABLE,OUT_OF_RANGE,8210,0
2026-05-06 23:36:18.234,328.8829,,slider,0,0,0.00,0.00,5.70,AVAILABLE,OUT_OF_RANGE,8220,0
2026-05-06 23:36:18.634,329.2830,,slider,0,0,0.00,0.00,5.70,AVAILABLE,OUT_OF_RANGE,8230,0
2026-05-06 23:36:19.034,329.6832,,slider,0,0,0.00,0.00,5.70,AVAILABLE,OUT_OF_RANGE,8240,0
2026-05-06 23:36:19.434,330.0834,,slider,0,0,0.00,0.00,5.70,AVAILABLE,OUT_OF_RANGE,8250,0
2026-05-06 23:36:19.836,330.4849,,slider,0,0,0.00,0.00,5.70,AVAILABLE,OUT_OF_RANGE,8260,0
2026-05-06 23:36:20.234,330.8835,,slider,0,0,0.00,0.00,5.70,AVAILABLE,OUT_OF_RANGE,8270,0
2026-05-06 23:36:20.635,331.2842,,slider,0,0,0.00,0.00,5.70,AVAILABLE,OUT_OF_RANGE,8280,0
2026-05-06 23:36:21.035,331.6836,,slider,0,0,0.00,0.00,5.70,AVAILABLE,OUT_OF_RANGE,8290,0
2026-05-06 23:36:21.435,332.0836,,slider,0,0,0.00,0.00,5.70,AVAILABLE,OUT_OF_RANGE,8300,0
2026-05-06 23:36:21.835,332.4837,,slider,0,0,0.00,0.00,5.70,AVAILABLE,OUT_OF_RANGE,8310,0
2026-05-06 23:36:22.235,332.8837,,slider,0,0,0.00,0.00,5.70,AVAILABLE,OUT_OF_RANGE,8320,0
2026-05-06 23:36:22.634,333.2834,,slider,0,0,0.00,0.00,5.70,AVAILABLE,OUT_OF_RANGE,8330,0
2026-05-06 23:36:23.035,333.6835,,slider,0,0,0.00,0.00,5.70,AVAILABLE,OUT_OF_RANGE,8340,0
2026-05-06 23:36:23.435,334.0843,,slider,0,0,0.00,0.00,5.70,AVAILABLE,OUT_OF_RANGE,8350,0
2026-05-06 23:36:23.835,334.4842,,slider,0,0,0.00,0.00,5.70,AVAILABLE,OUT_OF_RANGE,8360,0
2026-05-06 23:36:24.235,334.8835,,slider,0,0,0.00,0.00,5.70,AVAILABLE,OUT_OF_RANGE,8370,0
2026-05-06 23:36:24.635,335.2836,,slider,0,0,0.00,0.00,5.70,AVAILABLE,OUT_OF_RANGE,8380,0
2026-05-06 23:36:25.035,335.6843,,slider,0,0,0.00,0.00,5.70,AVAILABLE,OUT_OF_RANGE,8390,0
2026-05-06 23:36:25.436,336.0845,,slider,0,0,0.00,0.00,5.70,AVAILABLE,OUT_OF_RANGE,8400,0
2026-05-06 23:36:25.835,336.4843,,slider,0,0,0.00,0.00,5.70,AVAILABLE,OUT_OF_RANGE,8410,0
2026-05-06 23:36:26.236,336.8846,,slider,0,0,0.00,0.00,5.70,AVAILABLE,OUT_OF_RANGE,8420,0
2026-05-06 23:36:26.635,337.2837,,slider,0,0,0.00,0.00,5.70,AVAILABLE,OUT_OF_RANGE,8430,0
2026-05-06 23:36:27.035,337.6839,,slider,0,0,0.00,0.00,5.70,AVAILABLE,OUT_OF_RANGE,8440,0
2026-05-06 23:36:27.435,338.0840,,slider,0,0,0.00,0.00,5.70,AVAILABLE,OUT_OF_RANGE,8450,0
2026-05-06 23:36:27.835,338.4843,,slider,0,0,0.00,0.00,5.70,AVAILABLE,OUT_OF_RANGE,8460,0
2026-05-06 23:36:28.236,338.8843,,slider,0,0,0.00,0.00,5.70,AVAILABLE,OUT_OF_RANGE,8470,0
2026-05-06 23:36:28.635,339.2842,,slider,0,0,0.00,0.00,5.70,AVAILABLE,OUT_OF_RANGE,8480,0
2026-05-06 23:36:29.036,339.6843,,slider,0,0,0.00,0.00,5.70,AVAILABLE,OUT_OF_RANGE,8490,0
2026-05-06 23:36:29.436,340.0844,,slider,0,0,0.00,0.00,5.70,AVAILABLE,OUT_OF_RANGE,8500,0
2026-05-06 23:36:29.836,340.4845,,slider,0,0,0.00,0.00,5.70,AVAILABLE,OUT_OF_RANGE,8510,0
2026-05-06 23:36:30.236,340.8846,,slider,0,0,0.00,0.00,5.70,AVAILABLE,OUT_OF_RANGE,8520,0
2026-05-06 23:36:30.635,341.2842,,slider,0,0,0.00,0.00,5.70,AVAILABLE,OUT_OF_RANGE,8530,0
2026-05-06 23:36:31.036,341.6843,,slider,0,0,0.00,0.00,5.70,AVAILABLE,OUT_OF_RANGE,8540,0
2026-05-06 23:36:31.436,342.0843,,slider,0,0,0.00,0.00,5.70,AVAILABLE,OUT_OF_RANGE,8550,0
2026-05-06 23:36:31.836,342.4842,,slider,0,0,0.00,0.00,5.70,AVAILABLE,OUT_OF_RANGE,8560,0
2026-05-06 23:36:32.236,342.8844,,slider,0,0,0.00,0.00,5.70,AVAILABLE,OUT_OF_RANGE,8570,0
2026-05-06 23:36:32.636,343.2848,,slider,0,0,0.00,0.00,5.70,AVAILABLE,OUT_OF_RANGE,8580,0
2026-05-06 23:36:33.036,343.6844,,slider,0,0,0.00,0.00,5.70,AVAILABLE,OUT_OF_RANGE,8590,0
2026-05-06 23:36:33.436,344.0846,,slider,0,0,0.00,0.00,5.70,AVAILABLE,OUT_OF_RANGE,8600,0
2026-05-06 23:36:33.836,344.4847,,slider,0,0,0.00,0.00,5.70,AVAILABLE,OUT_OF_RANGE,8610,0
2026-05-06 23:36:34.236,344.8847,,slider,0,0,0.00,0.00,5.70,AVAILABLE,OUT_OF_RANGE,8620,0
2026-05-06 23:36:34.636,345.2848,,slider,0,0,0.00,0.00,5.70,AVAILABLE,OUT_OF_RANGE,8630,0
2026-05-06 23:36:35.036,345.6848,,slider,0,0,0.00,0.00,5.70,AVAILABLE,OUT_OF_RANGE,8640,0
2026-05-06 23:36:35.436,346.0846,,slider,0,0,0.00,0.00,5.70,AVAILABLE,OUT_OF_RANGE,8650,0
2026-05-06 23:36:35.836,346.4848,,slider,0,0,0.00,0.00,5.70,AVAILABLE,OUT_OF_RANGE,8660,0
2026-05-06 23:36:36.236,346.8848,,slider,0,0,0.00,0.00,5.70,AVAILABLE,OUT_OF_RANGE,8670,0
2026-05-06 23:36:36.636,347.2851,,slider,0,0,0.00,0.00,5.70,AVAILABLE,OUT_OF_RANGE,8680,0
2026-05-06 23:36:37.036,347.6849,,slider,0,0,0.00,0.00,5.70,AVAILABLE,OUT_OF_RANGE,8690,0
2026-05-06 23:36:37.436,348.0850,,slider,0,0,0.00,0.00,5.70,AVAILABLE,OUT_OF_RANGE,8700,0
2026-05-06 23:36:37.836,348.4850,,slider,0,0,0.00,0.00,5.70,AVAILABLE,OUT_OF_RANGE,8710,0
2026-05-06 23:36:38.236,348.8850,,slider,0,0,0.00,0.00,5.70,AVAILABLE,OUT_OF_RANGE,8720,0
2026-05-06 23:36:38.636,349.2850,,slider,0,0,0.00,0.00,5.70,AVAILABLE,OUT_OF_RANGE,8730,0
2026-05-06 23:36:39.037,349.6855,,slider,0,0,0.00,0.00,5.70,AVAILABLE,OUT_OF_RANGE,8740,0
2026-05-06 23:36:39.437,350.0854,,slider,0,0,0.00,0.00,5.70,AVAILABLE,OUT_OF_RANGE,8750,0
2026-05-06 23:36:39.837,350.4852,,slider,0,0,0.00,0.00,5.70,AVAILABLE,OUT_OF_RANGE,8760,0
2026-05-06 23:36:40.237,350.8850,,slider,0,0,0.00,0.00,5.70,AVAILABLE,OUT_OF_RANGE,8770,0
2026-05-06 23:36:40.637,351.2852,,slider,0,0,0.00,0.00,5.70,AVAILABLE,OUT_OF_RANGE,8780,0
2026-05-06 23:36:41.037,351.6856,,slider,0,0,0.00,0.00,5.70,AVAILABLE,OUT_OF_RANGE,8790,0
2026-05-06 23:36:41.437,352.0852,,slider,0,0,0.00,0.00,5.70,AVAILABLE,OUT_OF_RANGE,8800,0
2026-05-06 23:36:41.837,352.4858,,slider,0,0,0.00,0.00,5.70,AVAILABLE,OUT_OF_RANGE,8810,0
2026-05-06 23:36:42.237,352.8854,,slider,0,0,0.00,0.00,5.70,AVAILABLE,OUT_OF_RANGE,8820,0
2026-05-06 23:36:42.637,353.2852,,slider,0,0,0.00,0.00,5.70,AVAILABLE,OUT_OF_RANGE,8830,0
2026-05-06 23:36:43.037,353.6855,,slider,0,0,0.00,0.00,5.70,AVAILABLE,OUT_OF_RANGE,8840,0
2026-05-06 23:36:43.437,354.0854,,slider,0,0,0.00,0.00,5.70,AVAILABLE,OUT_OF_RANGE,8850,0
2026-05-06 23:36:43.837,354.4854,,slider,0,0,0.00,0.00,5.70,AVAILABLE,OUT_OF_RANGE,8860,0
2026-05-06 23:36:44.237,354.8855,,slider,0,0,0.00,0.00,5.70,AVAILABLE,OUT_OF_RANGE,8870,0
2026-05-06 23:36:44.638,355.2865,,slider,0,0,0.00,0.00,5.70,AVAILABLE,OUT_OF_RANGE,8880,0
2026-05-06 23:36:45.037,355.6856,,slider,0,0,0.00,0.00,5.70,AVAILABLE,OUT_OF_RANGE,8890,0
2026-05-06 23:36:45.438,356.0859,,slider,0,0,0.00,0.00,5.70,AVAILABLE,OUT_OF_RANGE,8900,0
2026-05-06 23:36:45.838,356.4859,,slider,0,0,0.00,0.00,5.70,AVAILABLE,OUT_OF_RANGE,8910,0
2026-05-06 23:36:46.238,356.8859,,slider,0,0,0.00,0.00,5.70,AVAILABLE,OUT_OF_RANGE,8920,0
2026-05-06 23:36:46.637,357.2857,,slider,0,0,0.00,0.00,5.70,AVAILABLE,OUT_OF_RANGE,8930,0
2026-05-06 23:36:47.038,357.6866,,slider,0,0,0.00,0.00,5.70,AVAILABLE,OUT_OF_RANGE,8940,0
2026-05-06 23:36:47.438,358.0859,,slider,0,0,0.00,0.00,5.70,AVAILABLE,OUT_OF_RANGE,8950,0
2026-05-06 23:36:47.838,358.4864,,slider,0,0,0.00,0.00,5.70,AVAILABLE,OUT_OF_RANGE,8960,0
2026-05-06 23:36:48.238,358.8862,,slider,0,0,0.00,0.00,5.70,AVAILABLE,OUT_OF_RANGE,8970,0
2026-05-06 23:36:48.638,359.2863,,slider,0,0,0.00,0.00,5.70,AVAILABLE,OUT_OF_RANGE,8980,0
2026-05-06 23:36:49.038,359.6861,,slider,0,0,0.00,0.00,5.70,AVAILABLE,OUT_OF_RANGE,8990,0
2026-05-06 23:36:49.438,360.0865,,slider,0,0,0.00,0.00,5.70,AVAILABLE,OUT_OF_RANGE,9000,0
2026-05-06 23:36:49.838,360.4861,,slider,0,0,0.00,0.00,5.70,AVAILABLE,OUT_OF_RANGE,9010,0
2026-05-06 23:36:50.239,360.8868,,slider,0,0,0.00,0.00,5.70,AVAILABLE,OUT_OF_RANGE,9020,0
2026-05-06 23:36:50.638,361.2866,,slider,0,0,0.00,0.00,5.70,AVAILABLE,OUT_OF_RANGE,9030,0
2026-05-06 23:36:51.038,361.6866,,slider,0,0,0.00,0.00,5.70,AVAILABLE,OUT_OF_RANGE,9040,0
2026-05-06 23:36:51.438,362.0865,,slider,0,0,0.00,0.00,5.70,AVAILABLE,OUT_OF_RANGE,9050,0
2026-05-06 23:36:51.839,362.4870,,slider,0,0,0.00,0.00,5.70,AVAILABLE,OUT_OF_RANGE,9060,0
2026-05-06 23:36:52.239,362.8867,,slider,0,0,0.00,0.00,5.70,AVAILABLE,OUT_OF_RANGE,9070,0
2026-05-06 23:36:52.639,363.2866,,slider,0,0,0.00,0.00,5.70,AVAILABLE,OUT_OF_RANGE,9080,0
2026-05-06 23:36:53.039,363.6866,,slider,0,0,0.00,0.00,5.70,AVAILABLE,OUT_OF_RANGE,9090,0
2026-05-06 23:36:53.439,364.0871,,slider,0,0,0.00,0.00,5.70,AVAILABLE,OUT_OF_RANGE,9100,0
2026-05-06 23:36:53.838,364.4865,,slider,0,0,0.00,0.00,5.70,AVAILABLE,OUT_OF_RANGE,9110,0
2026-05-06 23:36:54.239,364.8870,,slider,0,0,0.00,0.00,5.70,AVAILABLE,OUT_OF_RANGE,9120,0
2026-05-06 23:36:54.638,365.2864,,slider,0,0,0.00,0.00,5.70,AVAILABLE,OUT_OF_RANGE,9130,0
2026-05-06 23:36:55.039,365.6868,,slider,0,0,0.00,0.00,5.70,AVAILABLE,OUT_OF_RANGE,9140,0
2026-05-06 23:36:55.439,366.0866,,slider,0,0,0.00,0.00,5.70,AVAILABLE,OUT_OF_RANGE,9150,0
2026-05-06 23:36:55.839,366.4867,,slider,0,0,0.00,0.00,5.70,AVAILABLE,OUT_OF_RANGE,9160,0
2026-05-06 23:36:56.239,366.8865,,slider,0,0,0.00,0.00,5.70,AVAILABLE,OUT_OF_RANGE,9170,0
2026-05-06 23:36:56.638,367.2865,,slider,0,0,0.00,0.00,5.70,AVAILABLE,OUT_OF_RANGE,9180,0
2026-05-06 23:36:57.039,367.6866,,slider,0,0,0.00,0.00,5.70,AVAILABLE,OUT_OF_RANGE,9190,0
2026-05-06 23:36:57.439,368.0873,,slider,0,0,0.00,0.00,5.70,AVAILABLE,OUT_OF_RANGE,9200,0
2026-05-06 23:36:57.839,368.4867,,slider,0,0,0.00,0.00,5.70,AVAILABLE,OUT_OF_RANGE,9210,0
2026-05-06 23:36:58.239,368.8868,,slider,0,0,0.00,0.00,5.70,AVAILABLE,OUT_OF_RANGE,9220,0
2026-05-06 23:36:58.639,369.2872,,slider,0,0,0.00,0.00,5.70,AVAILABLE,OUT_OF_RANGE,9230,0
2026-05-06 23:36:59.039,369.6871,,slider,0,0,0.00,0.00,5.70,AVAILABLE,OUT_OF_RANGE,9240,0
2026-05-06 23:36:59.440,370.0876,,slider,0,0,0.00,0.00,5.70,AVAILABLE,OUT_OF_RANGE,9250,0
2026-05-06 23:36:59.839,370.4868,,slider,0,0,0.00,0.00,5.70,AVAILABLE,OUT_OF_RANGE,9260,0
2026-05-06 23:37:00.239,370.8869,,slider,0,0,0.00,0.00,5.70,AVAILABLE,OUT_OF_RANGE,9270,0
2026-05-06 23:37:00.639,371.2870,,slider,0,0,0.00,0.00,5.70,AVAILABLE,OUT_OF_RANGE,9280,0
2026-05-06 23:37:01.039,371.6872,,slider,0,0,0.00,0.00,5.70,AVAILABLE,OUT_OF_RANGE,9290,0
2026-05-06 23:37:01.439,372.0870,,slider,0,0,0.00,0.00,5.70,AVAILABLE,OUT_OF_RANGE,9300,0
2026-05-06 23:37:01.840,372.4874,,slider,0,0,0.00,0.00,5.70,AVAILABLE,OUT_OF_RANGE,9310,0
2026-05-06 23:37:02.239,372.8870,,slider,0,0,0.00,0.00,5.70,AVAILABLE,OUT_OF_RANGE,9320,0
2026-05-06 23:37:02.639,373.2872,,slider,0,0,0.00,0.00,5.70,AVAILABLE,OUT_OF_RANGE,9330,0
2026-05-06 23:37:03.039,373.6871,,slider,0,0,0.00,0.00,5.70,AVAILABLE,OUT_OF_RANGE,9340,0
2026-05-06 23:37:03.439,374.0871,,slider,0,0,0.00,0.00,5.70,AVAILABLE,OUT_OF_RANGE,9350,0
2026-05-06 23:37:03.840,374.4874,,slider,0,0,0.00,0.00,5.70,AVAILABLE,OUT_OF_RANGE,9360,0
2026-05-06 23:37:04.240,374.8878,,slider,0,0,0.00,0.00,5.70,AVAILABLE,OUT_OF_RANGE,9370,0
2026-05-06 23:37:04.639,375.2872,,slider,0,0,0.00,0.00,5.70,AVAILABLE,OUT_OF_RANGE,9380,0
2026-05-06 23:37:05.040,375.6875,,slider,0,0,0.00,0.00,5.70,AVAILABLE,OUT_OF_RANGE,9390,0
2026-05-06 23:37:05.440,376.0876,,slider,0,0,0.00,0.00,5.70,AVAILABLE,OUT_OF_RANGE,9400,0
2026-05-06 23:37:05.840,376.4875,,slider,0,0,0.00,0.00,5.70,AVAILABLE,OUT_OF_RANGE,9410,0
2026-05-06 23:37:06.240,376.8879,,slider,0,0,0.00,0.00,5.70,AVAILABLE,OUT_OF_RANGE,9420,0
2026-05-06 23:37:06.640,377.2877,,slider,0,0,0.00,0.00,5.70,AVAILABLE,OUT_OF_RANGE,9430,0
2026-05-06 23:37:07.040,377.6876,,slider,0,0,0.00,0.00,5.70,AVAILABLE,OUT_OF_RANGE,9440,0
2026-05-06 23:37:07.440,378.0877,,slider,0,0,0.00,0.00,5.70,AVAILABLE,OUT_OF_RANGE,9450,0
2026-05-06 23:37:07.840,378.4877,,slider,0,0,0.00,0.00,5.70,AVAILABLE,OUT_OF_RANGE,9460,0
2026-05-06 23:37:08.240,378.8879,,slider,0,0,0.00,0.00,5.70,AVAILABLE,OUT_OF_RANGE,9470,0
2026-05-06 23:37:08.640,379.2876,,slider,0,0,0.00,0.00,5.70,AVAILABLE,OUT_OF_RANGE,9480,0
2026-05-06 23:37:09.040,379.6881,,slider,0,0,0.00,0.00,5.70,AVAILABLE,OUT_OF_RANGE,9490,0
2026-05-06 23:37:09.440,380.0878,,slider,0,0,0.00,0.00,5.70,AVAILABLE,OUT_OF_RANGE,9500,0
2026-05-06 23:37:09.840,380.4878,,slider,0,0,0.00,0.00,5.70,AVAILABLE,OUT_OF_RANGE,9510,0
2026-05-06 23:37:10.240,380.8878,,slider,0,0,0.00,0.00,5.70,AVAILABLE,OUT_OF_RANGE,9520,0
2026-05-06 23:37:10.640,381.2879,,slider,0,0,0.00,0.00,5.70,AVAILABLE,OUT_OF_RANGE,9530,0
2026-05-06 23:37:11.040,381.6878,,slider,0,0,0.00,0.00,5.70,AVAILABLE,OUT_OF_RANGE,9540,0
2026-05-06 23:37:11.441,382.0881,,slider,0,0,0.00,0.00,5.70,AVAILABLE,OUT_OF_RANGE,9550,0
2026-05-06 23:37:11.840,382.4878,,slider,0,0,0.00,0.00,5.70,AVAILABLE,OUT_OF_RANGE,9560,0
2026-05-06 23:37:12.241,382.8883,,slider,0,0,0.00,0.00,5.70,AVAILABLE,OUT_OF_RANGE,9570,0
2026-05-06 23:37:12.641,383.2881,,slider,0,0,0.00,0.00,5.70,AVAILABLE,OUT_OF_RANGE,9580,0
2026-05-06 23:37:13.040,383.6879,,slider,0,0,0.00,0.00,5.70,AVAILABLE,OUT_OF_RANGE,9590,0
2026-05-06 23:37:13.441,384.0883,,slider,0,0,0.00,0.00,5.70,AVAILABLE,OUT_OF_RANGE,9600,0
2026-05-06 23:37:13.841,384.4882,,slider,0,0,0.00,0.00,5.70,AVAILABLE,OUT_OF_RANGE,9610,0
2026-05-06 23:37:14.241,384.8880,,slider,0,0,0.00,0.00,5.70,AVAILABLE,OUT_OF_RANGE,9620,0
2026-05-06 23:37:14.641,385.2881,,slider,0,0,0.00,0.00,5.70,AVAILABLE,OUT_OF_RANGE,9630,0
2026-05-06 23:37:15.041,385.6884,,slider,0,0,0.00,0.00,5.70,AVAILABLE,OUT_OF_RANGE,9640,0
2026-05-06 23:37:15.441,386.0884,,slider,0,0,0.00,0.00,5.70,AVAILABLE,OUT_OF_RANGE,9650,0
2026-05-06 23:37:15.841,386.4887,,slider,0,0,0.00,0.00,5.70,AVAILABLE,OUT_OF_RANGE,9660,0
2026-05-06 23:37:16.241,386.8884,,slider,0,0,0.00,0.00,5.70,AVAILABLE,OUT_OF_RANGE,9670,0
2026-05-06 23:37:16.641,387.2884,,slider,0,0,0.00,0.00,5.70,AVAILABLE,OUT_OF_RANGE,9680,0
2026-05-06 23:37:17.041,387.6884,,slider,0,0,0.00,0.00,5.70,AVAILABLE,OUT_OF_RANGE,9690,0
2026-05-06 23:37:17.441,388.0887,,slider,0,0,0.00,0.00,5.70,AVAILABLE,OUT_OF_RANGE,9700,0
2026-05-06 23:37:17.841,388.4886,,slider,0,0,0.00,0.00,5.70,AVAILABLE,OUT_OF_RANGE,9710,0
2026-05-06 23:37:18.241,388.8888,,slider,0,0,0.00,0.00,5.70,AVAILABLE,OUT_OF_RANGE,9720,0
2026-05-06 23:37:18.641,389.2889,,slider,0,0,0.00,0.00,5.70,AVAILABLE,OUT_OF_RANGE,9730,0
2026-05-06 23:37:19.041,389.6887,,slider,0,0,0.00,0.00,5.70,AVAILABLE,OUT_OF_RANGE,9740,0
2026-05-06 23:37:19.441,390.0887,,slider,0,0,0.00,0.00,5.70,AVAILABLE,OUT_OF_RANGE,9750,0
2026-05-06 23:37:19.841,390.4887,,slider,0,0,0.00,0.00,5.70,AVAILABLE,OUT_OF_RANGE,9760,0
2026-05-06 23:37:20.241,390.8888,,slider,0,0,0.00,0.00,5.70,AVAILABLE,OUT_OF_RANGE,9770,0
2026-05-06 23:37:20.641,391.2886,,slider,0,0,0.00,0.00,5.70,AVAILABLE,OUT_OF_RANGE,9780,0
2026-05-06 23:37:21.042,391.6890,,slider,0,0,0.00,0.00,5.70,AVAILABLE,OUT_OF_RANGE,9790,0
2026-05-06 23:37:21.442,392.0891,,slider,0,0,0.00,0.00,5.70,AVAILABLE,OUT_OF_RANGE,9800,0
2026-05-06 23:37:21.842,392.4890,,slider,0,0,0.00,0.00,5.70,AVAILABLE,OUT_OF_RANGE,9810,0
2026-05-06 23:37:22.242,392.8890,,slider,0,0,0.00,0.00,5.70,AVAILABLE,OUT_OF_RANGE,9820,0
2026-05-06 23:37:22.642,393.2891,,slider,0,0,0.00,0.00,5.70,AVAILABLE,OUT_OF_RANGE,9830,0
2026-05-06 23:37:23.042,393.6889,,slider,0,0,0.00,0.00,5.70,AVAILABLE,OUT_OF_RANGE,9840,0
2026-05-06 23:37:23.442,394.0890,,slider,0,0,0.00,0.00,5.70,AVAILABLE,OUT_OF_RANGE,9850,0
2026-05-06 23:37:23.842,394.4890,,slider,0,0,0.00,0.00,5.70,AVAILABLE,OUT_OF_RANGE,9860,0
2026-05-06 23:37:24.242,394.8892,,slider,0,0,0.00,0.00,5.70,AVAILABLE,OUT_OF_RANGE,9870,0
2026-05-06 23:37:24.642,395.2890,,slider,0,0,0.00,0.00,5.70,AVAILABLE,OUT_OF_RANGE,9880,0
2026-05-06 23:37:25.042,395.6892,,slider,0,0,0.00,0.00,5.70,AVAILABLE,OUT_OF_RANGE,9890,0
2026-05-06 23:37:25.442,396.0892,,slider,0,0,0.00,0.00,5.70,AVAILABLE,OUT_OF_RANGE,9900,0
2026-05-06 23:37:25.842,396.4892,,slider,0,0,0.00,0.00,5.70,AVAILABLE,OUT_OF_RANGE,9910,0
2026-05-06 23:37:26.242,396.8891,,slider,0,0,0.00,0.00,5.70,AVAILABLE,OUT_OF_RANGE,9920,0
2026-05-06 23:37:26.642,397.2891,,slider,0,0,0.00,0.00,5.70,AVAILABLE,OUT_OF_RANGE,9930,0
2026-05-06 23:37:27.042,397.6892,,slider,0,0,0.00,0.00,5.70,AVAILABLE,OUT_OF_RANGE,9940,0
2026-05-06 23:37:27.442,398.0893,,slider,0,0,0.00,0.00,5.70,AVAILABLE,OUT_OF_RANGE,9950,0
2026-05-06 23:37:27.842,398.4892,,slider,0,0,0.00,0.00,5.70,AVAILABLE,OUT_OF_RANGE,9960,0
2026-05-06 23:37:28.242,398.8894,,slider,0,0,0.00,0.00,5.70,AVAILABLE,OUT_OF_RANGE,9970,0
2026-05-06 23:37:28.642,399.2893,,slider,0,0,0.00,0.00,5.70,AVAILABLE,OUT_OF_RANGE,9980,0
2026-05-06 23:37:29.042,399.6893,,slider,0,0,0.00,0.00,5.70,AVAILABLE,OUT_OF_RANGE,9990,0
2026-05-06 23:37:29.442,400.0895,,slider,0,0,0.00,0.00,5.70,AVAILABLE,OUT_OF_RANGE,10000,0
2026-05-06 23:37:29.842,400.4894,,slider,0,0,0.00,0.00,5.70,AVAILABLE,OUT_OF_RANGE,10010,0
2026-05-06 23:37:30.242,400.8894,,slider,0,0,0.00,0.00,5.70,AVAILABLE,OUT_OF_RANGE,10020,0
2026-05-06 23:37:30.643,401.2896,,slider,0,0,0.00,0.00,5.70,AVAILABLE,OUT_OF_RANGE,10030,0
2026-05-06 23:37:31.043,401.6896,,slider,0,0,0.00,0.00,5.70,AVAILABLE,OUT_OF_RANGE,10040,0
2026-05-06 23:37:31.443,402.0895,,slider,0,0,0.00,0.00,5.70,AVAILABLE,OUT_OF_RANGE,10050,0
2026-05-06 23:37:31.843,402.4895,,slider,0,0,0.00,0.00,5.70,AVAILABLE,OUT_OF_RANGE,10060,0
2026-05-06 23:37:32.243,402.8896,,slider,0,0,0.00,0.00,5.70,AVAILABLE,OUT_OF_RANGE,10070,0
2026-05-06 23:37:32.643,403.2895,,slider,0,0,0.00,0.00,5.70,AVAILABLE,OUT_OF_RANGE,10080,0
2026-05-06 23:37:33.043,403.6898,,slider,0,0,0.00,0.00,5.70,AVAILABLE,OUT_OF_RANGE,10090,0
2026-05-06 23:37:33.443,404.0899,,slider,0,0,0.00,0.00,5.70,AVAILABLE,OUT_OF_RANGE,10100,0
2026-05-06 23:37:33.843,404.4897,,slider,0,0,0.00,0.00,5.70,AVAILABLE,OUT_OF_RANGE,10110,0
2026-05-06 23:37:34.243,404.8898,,slider,0,0,0.00,0.00,5.70,AVAILABLE,OUT_OF_RANGE,10120,0
2026-05-06 23:37:34.643,405.2898,,slider,0,0,0.00,0.00,5.70,AVAILABLE,OUT_OF_RANGE,10130,0
2026-05-06 23:37:35.043,405.6896,,slider,0,0,0.00,0.00,5.70,AVAILABLE,OUT_OF_RANGE,10140,0
2026-05-06 23:37:35.443,406.0900,,slider,0,0,0.00,0.00,5.70,AVAILABLE,OUT_OF_RANGE,10150,0
2026-05-06 23:37:35.843,406.4899,,slider,0,0,0.00,0.00,5.70,AVAILABLE,OUT_OF_RANGE,10160,0
2026-05-06 23:37:36.243,406.8899,,slider,0,0,0.00,0.00,5.70,AVAILABLE,OUT_OF_RANGE,10170,0
2026-05-06 23:37:36.643,407.2899,,slider,0,0,0.00,0.00,5.70,AVAILABLE,OUT_OF_RANGE,10180,0
2026-05-06 23:37:37.043,407.6899,,slider,0,0,0.00,0.00,5.70,AVAILABLE,OUT_OF_RANGE,10190,0
2026-05-06 23:37:37.443,408.0899,,slider,0,0,0.00,0.00,5.70,AVAILABLE,OUT_OF_RANGE,10200,0
2026-05-06 23:37:37.843,408.4901,,slider,0,0,0.00,0.00,5.70,AVAILABLE,OUT_OF_RANGE,10210,0
2026-05-06 23:37:38.243,408.8901,,slider,0,0,0.00,0.00,5.70,AVAILABLE,OUT_OF_RANGE,10220,0
2026-05-06 23:37:38.643,409.2902,,slider,0,0,0.00,0.00,5.70,AVAILABLE,OUT_OF_RANGE,10230,0
2026-05-06 23:37:39.043,409.6901,,slider,0,0,0.00,0.00,5.70,AVAILABLE,OUT_OF_RANGE,10240,0
2026-05-06 23:37:39.443,410.0903,,slider,0,0,0.00,0.00,5.70,AVAILABLE,OUT_OF_RANGE,10250,0
2026-05-06 23:37:39.843,410.4902,,slider,0,0,0.00,0.00,5.70,AVAILABLE,OUT_OF_RANGE,10260,0
2026-05-06 23:37:40.244,410.8904,,slider,0,0,0.00,0.00,5.70,AVAILABLE,OUT_OF_RANGE,10270,0
2026-05-06 23:37:40.644,411.2903,,slider,0,0,0.00,0.00,5.70,AVAILABLE,OUT_OF_RANGE,10280,0
2026-05-06 23:37:41.044,411.6904,,slider,0,0,0.00,0.00,5.70,AVAILABLE,OUT_OF_RANGE,10290,0
2026-05-06 23:37:41.444,412.0905,,slider,0,0,0.00,0.00,5.70,AVAILABLE,OUT_OF_RANGE,10300,0
2026-05-06 23:37:41.844,412.4905,,slider,0,0,0.00,0.00,5.70,AVAILABLE,OUT_OF_RANGE,10310,0
2026-05-06 23:37:42.244,412.8905,,slider,0,0,0.00,0.00,5.70,AVAILABLE,OUT_OF_RANGE,10320,0
2026-05-06 23:37:42.644,413.2904,,slider,0,0,0.00,0.00,5.70,AVAILABLE,OUT_OF_RANGE,10330,0
2026-05-06 23:37:43.044,413.6907,,slider,0,0,0.00,0.00,5.70,AVAILABLE,OUT_OF_RANGE,10340,0
2026-05-06 23:37:43.444,414.0905,,slider,0,0,0.00,0.00,5.70,AVAILABLE,OUT_OF_RANGE,10350,0
2026-05-06 23:37:43.844,414.4905,,slider,0,0,0.00,0.00,5.70,AVAILABLE,OUT_OF_RANGE,10360,0
2026-05-06 23:37:44.244,414.8907,,slider,0,0,0.00,0.00,5.70,AVAILABLE,OUT_OF_RANGE,10370,0
2026-05-06 23:37:44.644,415.2906,,slider,0,0,0.00,0.00,5.70,AVAILABLE,OUT_OF_RANGE,10380,0
2026-05-06 23:37:45.044,415.6907,,slider,0,0,0.00,0.00,5.70,AVAILABLE,OUT_OF_RANGE,10390,0
2026-05-06 23:37:45.444,416.0909,,slider,0,0,0.00,0.00,5.70,AVAILABLE,OUT_OF_RANGE,10400,0
2026-05-06 23:37:45.844,416.4907,,slider,0,0,0.00,0.00,5.70,AVAILABLE,OUT_OF_RANGE,10410,0
2026-05-06 23:37:46.244,416.8909,,slider,0,0,0.00,0.00,5.70,AVAILABLE,OUT_OF_RANGE,10420,0
2026-05-06 23:37:46.644,417.2910,,slider,0,0,0.00,0.00,5.70,AVAILABLE,OUT_OF_RANGE,10430,0
2026-05-06 23:37:47.044,417.6909,,slider,0,0,0.00,0.00,5.70,AVAILABLE,OUT_OF_RANGE,10440,0
2026-05-06 23:37:47.445,418.0911,,slider,0,0,0.00,0.00,5.70,AVAILABLE,OUT_OF_RANGE,10450,0
2026-05-06 23:37:47.845,418.4911,,slider,0,0,0.00,0.00,5.70,AVAILABLE,OUT_OF_RANGE,10460,0
2026-05-06 23:37:48.244,418.8910,,slider,0,0,0.00,0.00,5.70,AVAILABLE,OUT_OF_RANGE,10470,0
2026-05-06 23:37:48.645,419.2911,,slider,0,0,0.00,0.00,5.70,AVAILABLE,OUT_OF_RANGE,10480,0
2026-05-06 23:37:49.045,419.6911,,slider,0,0,0.00,0.00,5.70,AVAILABLE,OUT_OF_RANGE,10490,0
2026-05-06 23:37:49.445,420.0911,,slider,0,0,0.00,0.00,5.70,AVAILABLE,OUT_OF_RANGE,10500,0
2026-05-06 23:37:49.845,420.4913,,slider,0,0,0.00,0.00,5.70,AVAILABLE,OUT_OF_RANGE,10510,0
2026-05-06 23:37:50.245,420.8911,,slider,0,0,0.00,0.00,5.70,AVAILABLE,OUT_OF_RANGE,10520,0
2026-05-06 23:37:50.645,421.2913,,slider,0,0,0.00,0.00,5.70,AVAILABLE,OUT_OF_RANGE,10530,0
2026-05-06 23:37:51.045,421.6912,,slider,0,0,0.00,0.00,5.70,AVAILABLE,OUT_OF_RANGE,10540,0
2026-05-06 23:37:51.445,422.0915,,slider,0,0,0.00,0.00,5.70,AVAILABLE,OUT_OF_RANGE,10550,0
2026-05-06 23:37:51.845,422.4913,,slider,0,0,0.00,0.00,5.70,AVAILABLE,OUT_OF_RANGE,10560,0
2026-05-06 23:37:52.245,422.8913,,slider,0,0,0.00,0.00,5.70,AVAILABLE,OUT_OF_RANGE,10570,0
2026-05-06 23:37:52.645,423.2916,,slider,0,0,0.00,0.00,5.70,AVAILABLE,OUT_OF_RANGE,10580,0
2026-05-06 23:37:53.045,423.6915,,slider,0,0,0.00,0.00,5.70,AVAILABLE,OUT_OF_RANGE,10590,0
2026-05-06 23:37:53.445,424.0917,,slider,0,0,0.00,0.00,5.70,AVAILABLE,OUT_OF_RANGE,10600,0
2026-05-06 23:37:53.845,424.4915,,slider,0,0,0.00,0.00,5.70,AVAILABLE,OUT_OF_RANGE,10610,0
2026-05-06 23:37:54.245,424.8918,,slider,0,0,0.00,0.00,5.70,AVAILABLE,OUT_OF_RANGE,10620,0
2026-05-06 23:37:54.645,425.2916,,slider,0,0,0.00,0.00,5.70,AVAILABLE,OUT_OF_RANGE,10630,0
2026-05-06 23:37:55.046,425.6920,,slider,0,0,0.00,0.00,5.70,AVAILABLE,OUT_OF_RANGE,10640,0
2026-05-06 23:37:55.445,426.0918,,slider,0,0,0.00,0.00,5.70,AVAILABLE,OUT_OF_RANGE,10650,0
2026-05-06 23:37:55.846,426.4920,,slider,0,0,0.00,0.00,5.70,AVAILABLE,OUT_OF_RANGE,10660,0
2026-05-06 23:37:56.246,426.8920,,slider,0,0,0.00,0.00,5.70,AVAILABLE,OUT_OF_RANGE,10670,0
2026-05-06 23:37:56.646,427.2920,,slider,0,0,0.00,0.00,5.70,AVAILABLE,OUT_OF_RANGE,10680,0
2026-05-06 23:37:57.046,427.6918,,slider,0,0,0.00,0.00,5.70,AVAILABLE,OUT_OF_RANGE,10690,0
2026-05-06 23:37:57.446,428.0919,,slider,0,0,0.00,0.00,5.70,AVAILABLE,OUT_OF_RANGE,10700,0
2026-05-06 23:37:57.846,428.4920,,slider,0,0,0.00,0.00,5.70,AVAILABLE,OUT_OF_RANGE,10710,0
2026-05-06 23:37:58.246,428.8919,,slider,0,0,0.00,0.00,5.70,AVAILABLE,OUT_OF_RANGE,10720,0
2026-05-06 23:37:58.646,429.2920,,slider,0,0,0.00,0.00,5.70,AVAILABLE,OUT_OF_RANGE,10730,0
2026-05-06 23:37:59.046,429.6921,,slider,0,0,0.00,0.00,5.70,AVAILABLE,OUT_OF_RANGE,10740,0
2026-05-06 23:37:59.446,430.0921,,slider,0,0,0.00,0.00,5.70,AVAILABLE,OUT_OF_RANGE,10750,0
2026-05-06 23:37:59.846,430.4921,,slider,0,0,0.00,0.00,5.70,AVAILABLE,OUT_OF_RANGE,10760,0
2026-05-06 23:38:00.246,430.8921,,slider,0,0,0.00,0.00,5.70,AVAILABLE,OUT_OF_RANGE,10770,0
2026-05-06 23:38:00.646,431.2921,,slider,0,0,0.00,0.00,5.70,AVAILABLE,OUT_OF_RANGE,10780,0
2026-05-06 23:38:01.046,431.6922,,slider,0,0,0.00,0.00,5.70,AVAILABLE,OUT_OF_RANGE,10790,0
2026-05-06 23:38:01.446,432.0922,,slider,0,0,0.00,0.00,5.70,AVAILABLE,OUT_OF_RANGE,10800,0
2026-05-06 23:38:01.846,432.4921,,slider,0,0,0.00,0.00,5.70,AVAILABLE,OUT_OF_RANGE,10810,0
2026-05-06 23:38:02.246,432.8924,,slider,0,0,0.00,0.00,5.70,AVAILABLE,OUT_OF_RANGE,10820,0
2026-05-06 23:38:02.646,433.2922,,slider,0,0,0.00,0.00,5.70,AVAILABLE,OUT_OF_RANGE,10830,0
2026-05-06 23:38:03.046,433.6923,,slider,0,0,0.00,0.00,5.70,AVAILABLE,OUT_OF_RANGE,10840,0
2026-05-06 23:38:03.446,434.0924,,slider,0,0,0.00,0.00,5.70,AVAILABLE,OUT_OF_RANGE,10850,0
2026-05-06 23:38:03.846,434.4924,,slider,0,0,0.00,0.00,5.70,AVAILABLE,OUT_OF_RANGE,10860,0
2026-05-06 23:38:04.246,434.8925,,slider,0,0,0.00,0.00,5.70,AVAILABLE,OUT_OF_RANGE,10870,0
2026-05-06 23:38:04.646,435.2925,,slider,0,0,0.00,0.00,5.70,AVAILABLE,OUT_OF_RANGE,10880,0
2026-05-06 23:38:05.047,435.6926,,slider,0,0,0.00,0.00,5.70,AVAILABLE,OUT_OF_RANGE,10890,0
2026-05-06 23:38:05.447,436.0926,,slider,0,0,0.00,0.00,5.70,AVAILABLE,OUT_OF_RANGE,10900,0
2026-05-06 23:38:05.846,436.4925,,slider,0,0,0.00,0.00,5.70,AVAILABLE,OUT_OF_RANGE,10910,0
2026-05-06 23:38:06.247,436.8926,,slider,0,0,0.00,0.00,5.70,AVAILABLE,OUT_OF_RANGE,10920,0
2026-05-06 23:38:06.647,437.2926,,slider,0,0,0.00,0.00,5.70,AVAILABLE,OUT_OF_RANGE,10930,0
2026-05-06 23:38:07.047,437.6928,,slider,0,0,0.00,0.00,5.70,AVAILABLE,OUT_OF_RANGE,10940,0
2026-05-06 23:38:07.447,438.0928,,slider,0,0,0.00,0.00,5.70,AVAILABLE,OUT_OF_RANGE,10950,0
2026-05-06 23:38:07.847,438.4927,,slider,0,0,0.00,0.00,5.70,AVAILABLE,OUT_OF_RANGE,10960,0
2026-05-06 23:38:08.247,438.8927,,slider,0,0,0.00,0.00,5.70,AVAILABLE,OUT_OF_RANGE,10970,0
2026-05-06 23:38:08.647,439.2928,,slider,0,0,0.00,0.00,5.70,AVAILABLE,OUT_OF_RANGE,10980,0
2026-05-06 23:38:09.047,439.6929,,slider,0,0,0.00,0.00,5.70,AVAILABLE,OUT_OF_RANGE,10990,0
2026-05-06 23:38:09.447,440.0928,,slider,0,0,0.00,0.00,5.70,AVAILABLE,OUT_OF_RANGE,11000,0
2026-05-06 23:38:09.847,440.4929,,slider,0,0,0.00,0.00,5.70,AVAILABLE,OUT_OF_RANGE,11010,0
2026-05-06 23:38:10.247,440.8933,,slider,0,0,0.00,0.00,5.70,AVAILABLE,OUT_OF_RANGE,11020,0
2026-05-06 23:38:10.648,441.2934,,slider,0,0,0.00,0.00,5.70,AVAILABLE,OUT_OF_RANGE,11030,0
2026-05-06 23:38:11.047,441.6932,,slider,0,0,0.00,0.00,5.70,AVAILABLE,OUT_OF_RANGE,11040,0
2026-05-06 23:38:11.447,442.0933,,slider,0,0,0.00,0.00,5.70,AVAILABLE,OUT_OF_RANGE,11050,0
2026-05-06 23:38:11.847,442.4931,,slider,0,0,0.00,0.00,5.70,AVAILABLE,OUT_OF_RANGE,11060,0
2026-05-06 23:38:12.247,442.8933,,slider,0,0,0.00,0.00,5.70,AVAILABLE,OUT_OF_RANGE,11070,0
2026-05-06 23:38:12.647,443.2933,,slider,0,0,0.00,0.00,5.70,AVAILABLE,OUT_OF_RANGE,11080,0
2026-05-06 23:38:13.048,443.6934,,slider,0,0,0.00,0.00,5.70,AVAILABLE,OUT_OF_RANGE,11090,0
2026-05-06 23:38:13.448,444.0937,,slider,0,0,0.00,0.00,5.70,AVAILABLE,OUT_OF_RANGE,11100,0
2026-05-06 23:38:13.848,444.4935,,slider,0,0,0.00,0.00,5.70,AVAILABLE,OUT_OF_RANGE,11110,0
2026-05-06 23:38:14.248,444.8935,,slider,0,0,0.00,0.00,5.70,AVAILABLE,OUT_OF_RANGE,11120,0
2026-05-06 23:38:14.648,445.2934,,slider,0,0,0.00,0.00,5.70,AVAILABLE,OUT_OF_RANGE,11130,0
2026-05-06 23:38:15.048,445.6936,,slider,0,0,0.00,0.00,5.70,AVAILABLE,OUT_OF_RANGE,11140,0
2026-05-06 23:38:15.448,446.0936,,slider,0,0,0.00,0.00,5.70,AVAILABLE,OUT_OF_RANGE,11150,0
2026-05-06 23:38:15.848,446.4936,,slider,0,0,0.00,0.00,5.70,AVAILABLE,OUT_OF_RANGE,11160,0
2026-05-06 23:38:16.248,446.8937,,slider,0,0,0.00,0.00,5.70,AVAILABLE,OUT_OF_RANGE,11170,0
2026-05-06 23:38:16.648,447.2937,,slider,0,0,0.00,0.00,5.70,AVAILABLE,OUT_OF_RANGE,11180,0
2026-05-06 23:38:17.048,447.6938,,slider,0,0,0.00,0.00,5.70,AVAILABLE,OUT_OF_RANGE,11190,0
2026-05-06 23:38:17.448,448.0938,,slider,0,0,0.00,0.00,5.70,AVAILABLE,OUT_OF_RANGE,11200,0
2026-05-06 23:38:17.848,448.4939,,slider,0,0,0.00,0.00,5.70,AVAILABLE,OUT_OF_RANGE,11210,0
2026-05-06 23:38:18.248,448.8939,,slider,0,0,0.00,0.00,5.70,AVAILABLE,OUT_OF_RANGE,11220,0
2026-05-06 23:38:18.648,449.2941,,slider,0,0,0.00,0.00,5.70,AVAILABLE,OUT_OF_RANGE,11230,0
2026-05-06 23:38:19.048,449.6939,,slider,0,0,0.00,0.00,5.70,AVAILABLE,OUT_OF_RANGE,11240,0
2026-05-06 23:38:19.448,450.0940,,slider,0,0,0.00,0.00,5.70,AVAILABLE,OUT_OF_RANGE,11250,0
2026-05-06 23:38:19.848,450.4940,,slider,0,0,0.00,0.00,5.70,AVAILABLE,OUT_OF_RANGE,11260,0
2026-05-06 23:38:20.248,450.8940,,slider,0,0,0.00,0.00,5.70,AVAILABLE,OUT_OF_RANGE,11270,0
2026-05-06 23:38:20.648,451.2940,,slider,0,0,0.00,0.00,5.70,AVAILABLE,OUT_OF_RANGE,11280,0
2026-05-06 23:38:21.048,451.6941,,slider,0,0,0.00,0.00,5.70,AVAILABLE,OUT_OF_RANGE,11290,0
2026-05-06 23:38:21.449,452.0942,,slider,0,0,0.00,0.00,5.70,AVAILABLE,OUT_OF_RANGE,11300,0
2026-05-06 23:38:21.848,452.4941,,slider,0,0,0.00,0.00,5.70,AVAILABLE,OUT_OF_RANGE,11310,0
2026-05-06 23:38:22.249,452.8942,,slider,0,0,0.00,0.00,5.70,AVAILABLE,OUT_OF_RANGE,11320,0
2026-05-06 23:38:22.649,453.2942,,slider,0,0,0.00,0.00,5.70,AVAILABLE,OUT_OF_RANGE,11330,0
2026-05-06 23:38:23.049,453.6943,,slider,0,0,0.00,0.00,5.70,AVAILABLE,OUT_OF_RANGE,11340,0
2026-05-06 23:38:23.449,454.0942,,slider,0,0,0.00,0.00,5.70,AVAILABLE,OUT_OF_RANGE,11350,0
2026-05-06 23:38:23.849,454.4944,,slider,0,0,0.00,0.00,5.70,AVAILABLE,OUT_OF_RANGE,11360,0
2026-05-06 23:38:24.249,454.8944,,slider,0,0,0.00,0.00,5.70,AVAILABLE,OUT_OF_RANGE,11370,0
2026-05-06 23:38:24.649,455.2944,,slider,0,0,0.00,0.00,5.70,AVAILABLE,OUT_OF_RANGE,11380,0
2026-05-06 23:38:25.049,455.6944,,slider,0,0,0.00,0.00,5.70,AVAILABLE,OUT_OF_RANGE,11390,0
2026-05-06 23:38:25.449,456.0945,,slider,0,0,0.00,0.00,5.70,AVAILABLE,OUT_OF_RANGE,11400,0
2026-05-06 23:38:25.849,456.4945,,slider,0,0,0.00,0.00,5.70,AVAILABLE,OUT_OF_RANGE,11410,0
2026-05-06 23:38:26.249,456.8946,,slider,0,0,0.00,0.00,5.70,AVAILABLE,OUT_OF_RANGE,11420,0
2026-05-06 23:38:26.649,457.2946,,slider,0,0,0.00,0.00,5.70,AVAILABLE,OUT_OF_RANGE,11430,0
2026-05-06 23:38:27.049,457.6946,,slider,0,0,0.00,0.00,5.70,AVAILABLE,OUT_OF_RANGE,11440,0
2026-05-06 23:38:27.449,458.0947,,slider,0,0,0.00,0.00,5.70,AVAILABLE,OUT_OF_RANGE,11450,0
2026-05-06 23:38:27.849,458.4947,,slider,0,0,0.00,0.00,5.70,AVAILABLE,OUT_OF_RANGE,11460,0
2026-05-06 23:38:28.249,458.8947,,slider,0,0,0.00,0.00,5.70,AVAILABLE,OUT_OF_RANGE,11470,0
2026-05-06 23:38:28.649,459.2946,,slider,0,0,0.00,0.00,5.70,AVAILABLE,OUT_OF_RANGE,11480,0
2026-05-06 23:38:29.049,459.6948,,slider,0,0,0.00,0.00,5.70,AVAILABLE,OUT_OF_RANGE,11490,0
2026-05-06 23:38:29.449,460.0948,,slider,0,0,0.00,0.00,5.70,AVAILABLE,OUT_OF_RANGE,11500,0
2026-05-06 23:38:29.850,460.4949,,slider,0,0,0.00,0.00,5.70,AVAILABLE,OUT_OF_RANGE,11510,0
2026-05-06 23:38:30.250,460.8950,,slider,0,0,0.00,0.00,5.70,AVAILABLE,OUT_OF_RANGE,11520,0
2026-05-06 23:38:30.650,461.2949,,slider,0,0,0.00,0.00,5.70,AVAILABLE,OUT_OF_RANGE,11530,0
2026-05-06 23:38:31.050,461.6949,,slider,0,0,0.00,0.00,5.70,AVAILABLE,OUT_OF_RANGE,11540,0
2026-05-06 23:38:31.450,462.0949,,slider,0,0,0.00,0.00,5.70,AVAILABLE,OUT_OF_RANGE,11550,0
2026-05-06 23:38:31.850,462.4950,,slider,0,0,0.00,0.00,5.70,AVAILABLE,OUT_OF_RANGE,11560,0
2026-05-06 23:38:32.250,462.8951,,slider,0,0,0.00,0.00,5.70,AVAILABLE,OUT_OF_RANGE,11570,0
2026-05-06 23:38:32.650,463.2951,,slider,0,0,0.00,0.00,5.70,AVAILABLE,OUT_OF_RANGE,11580,0
2026-05-06 23:38:33.050,463.6952,,slider,0,0,0.00,0.00,5.70,AVAILABLE,OUT_OF_RANGE,11590,0
2026-05-06 23:38:33.450,464.0953,,slider,0,0,0.00,0.00,5.70,AVAILABLE,OUT_OF_RANGE,11600,0
2026-05-06 23:38:33.850,464.4951,,slider,0,0,0.00,0.00,5.70,AVAILABLE,OUT_OF_RANGE,11610,0
2026-05-06 23:38:34.250,464.8952,,slider,0,0,0.00,0.00,5.70,AVAILABLE,OUT_OF_RANGE,11620,0
2026-05-06 23:38:34.650,465.2953,,slider,0,0,0.00,0.00,5.70,AVAILABLE,OUT_OF_RANGE,11630,0
2026-05-06 23:38:35.050,465.6955,,slider,0,0,0.00,0.00,5.70,AVAILABLE,OUT_OF_RANGE,11640,0
2026-05-06 23:38:35.450,466.0957,,slider,0,0,0.00,0.00,5.70,AVAILABLE,OUT_OF_RANGE,11650,0
2026-05-06 23:38:35.850,466.4956,,slider,0,0,0.00,0.00,5.70,AVAILABLE,OUT_OF_RANGE,11660,0
2026-05-06 23:38:36.250,466.8955,,slider,0,0,0.00,0.00,5.70,AVAILABLE,OUT_OF_RANGE,11670,0
2026-05-06 23:38:36.650,467.2956,,slider,0,0,0.00,0.00,5.70,AVAILABLE,OUT_OF_RANGE,11680,0
2026-05-06 23:38:37.050,467.6956,,slider,0,0,0.00,0.00,5.70,AVAILABLE,OUT_OF_RANGE,11690,0
2026-05-06 23:38:37.450,468.0956,,slider,0,0,0.00,0.00,5.70,AVAILABLE,OUT_OF_RANGE,11700,0
2026-05-06 23:38:37.850,468.4955,,slider,0,0,0.00,0.00,5.70,AVAILABLE,OUT_OF_RANGE,11710,0
2026-05-06 23:38:38.250,468.8956,,slider,0,0,0.00,0.00,5.70,AVAILABLE,OUT_OF_RANGE,11720,0
2026-05-06 23:38:38.650,469.2955,,slider,0,0,0.00,0.00,5.70,AVAILABLE,OUT_OF_RANGE,11730,0
2026-05-06 23:38:39.051,469.6958,,slider,0,0,0.00,0.00,5.70,AVAILABLE,OUT_OF_RANGE,11740,0
2026-05-06 23:38:39.451,470.0958,,slider,0,0,0.00,0.00,5.70,AVAILABLE,OUT_OF_RANGE,11750,0
2026-05-06 23:38:39.851,470.4957,,slider,0,0,0.00,0.00,5.70,AVAILABLE,OUT_OF_RANGE,11760,0
2026-05-06 23:38:40.251,470.8959,,slider,0,0,0.00,0.00,5.70,AVAILABLE,OUT_OF_RANGE,11770,0
2026-05-06 23:38:40.651,471.2965,,slider,0,0,0.00,0.00,5.70,AVAILABLE,OUT_OF_RANGE,11780,0
2026-05-06 23:38:41.051,471.6957,,slider,0,0,0.00,0.00,5.70,AVAILABLE,OUT_OF_RANGE,11790,0
2026-05-06 23:38:41.451,472.0961,,slider,0,0,0.00,0.00,5.70,AVAILABLE,OUT_OF_RANGE,11800,0
2026-05-06 23:38:41.851,472.4961,,slider,0,0,0.00,0.00,5.70,AVAILABLE,OUT_OF_RANGE,11810,0
2026-05-06 23:38:42.251,472.8960,,slider,0,0,0.00,0.00,5.70,AVAILABLE,OUT_OF_RANGE,11820,0
2026-05-06 23:38:42.651,473.2961,,slider,0,0,0.00,0.00,5.70,AVAILABLE,OUT_OF_RANGE,11830,0
2026-05-06 23:38:43.051,473.6961,,slider,0,0,0.00,0.00,5.70,AVAILABLE,OUT_OF_RANGE,11840,0
2026-05-06 23:38:43.451,474.0961,,slider,0,0,0.00,0.00,5.70,AVAILABLE,OUT_OF_RANGE,11850,0
2026-05-06 23:38:43.851,474.4961,,slider,0,0,0.00,0.00,5.70,AVAILABLE,OUT_OF_RANGE,11860,0
2026-05-06 23:38:44.251,474.8961,,slider,0,0,0.00,0.00,5.70,AVAILABLE,OUT_OF_RANGE,11870,0
2026-05-06 23:38:44.651,475.2963,,slider,0,0,0.00,0.00,5.70,AVAILABLE,OUT_OF_RANGE,11880,0
2026-05-06 23:38:45.051,475.6962,,slider,0,0,0.00,0.00,5.70,AVAILABLE,OUT_OF_RANGE,11890,0
2026-05-06 23:38:45.451,476.0964,,slider,0,0,0.00,0.00,5.70,AVAILABLE,OUT_OF_RANGE,11900,0
2026-05-06 23:38:45.852,476.4966,,slider,0,0,0.00,0.00,5.70,AVAILABLE,OUT_OF_RANGE,11910,0
2026-05-06 23:38:46.252,476.8965,,slider,0,0,0.00,0.00,5.70,AVAILABLE,OUT_OF_RANGE,11920,0
2026-05-06 23:38:46.651,477.2964,,slider,0,0,0.00,0.00,5.70,AVAILABLE,OUT_OF_RANGE,11930,0
2026-05-06 23:38:47.052,477.6965,,slider,0,0,0.00,0.00,5.70,AVAILABLE,OUT_OF_RANGE,11940,0
2026-05-06 23:38:47.452,478.0967,,slider,0,0,0.00,0.00,5.70,AVAILABLE,OUT_OF_RANGE,11950,0
2026-05-06 23:38:47.852,478.4966,,slider,0,0,0.00,0.00,5.70,AVAILABLE,OUT_OF_RANGE,11960,0
2026-05-06 23:38:48.252,478.8967,,slider,0,0,0.00,0.00,5.70,AVAILABLE,OUT_OF_RANGE,11970,0
2026-05-06 23:38:48.652,479.2967,,slider,0,0,0.00,0.00,5.70,AVAILABLE,OUT_OF_RANGE,11980,0
2026-05-06 23:38:49.052,479.6970,,slider,0,0,0.00,0.00,5.70,AVAILABLE,OUT_OF_RANGE,11990,0
2026-05-06 23:38:49.452,480.0967,,slider,0,0,0.00,0.00,5.70,AVAILABLE,OUT_OF_RANGE,12000,0
2026-05-06 23:38:49.852,480.4970,,slider,0,0,0.00,0.00,5.70,AVAILABLE,OUT_OF_RANGE,12010,0
2026-05-06 23:38:50.252,480.8969,,slider,0,0,0.00,0.00,5.70,AVAILABLE,OUT_OF_RANGE,12020,0
2026-05-06 23:38:50.652,481.2968,,slider,0,0,0.00,0.00,5.70,AVAILABLE,OUT_OF_RANGE,12030,0
2026-05-06 23:38:51.052,481.6970,,slider,0,0,0.00,0.00,5.70,AVAILABLE,OUT_OF_RANGE,12040,0
2026-05-06 23:38:51.452,482.0972,,slider,0,0,0.00,0.00,5.70,AVAILABLE,OUT_OF_RANGE,12050,0
2026-05-06 23:38:51.852,482.4970,,slider,0,0,0.00,0.00,5.70,AVAILABLE,OUT_OF_RANGE,12060,0
2026-05-06 23:38:52.253,482.8975,,slider,0,0,0.00,0.00,5.70,AVAILABLE,OUT_OF_RANGE,12070,0
2026-05-06 23:38:52.653,483.2973,,slider,0,0,0.00,0.00,5.70,AVAILABLE,OUT_OF_RANGE,12080,0
2026-05-06 23:38:53.053,483.6975,,slider,0,0,0.00,0.00,5.70,AVAILABLE,OUT_OF_RANGE,12090,0
2026-05-06 23:38:53.452,484.0972,,slider,0,0,0.00,0.00,5.70,AVAILABLE,OUT_OF_RANGE,12100,0
2026-05-06 23:38:53.853,484.4973,,slider,0,0,0.00,0.00,5.70,AVAILABLE,OUT_OF_RANGE,12110,0
2026-05-06 23:38:54.253,484.8974,,slider,0,0,0.00,0.00,5.70,AVAILABLE,OUT_OF_RANGE,12120,0
2026-05-06 23:38:54.653,485.2974,,slider,0,0,0.00,0.00,5.70,AVAILABLE,OUT_OF_RANGE,12130,0
2026-05-06 23:38:55.053,485.6975,,slider,0,0,0.00,0.00,5.70,AVAILABLE,OUT_OF_RANGE,12140,0
2026-05-06 23:38:55.453,486.0975,,slider,0,0,0.00,0.00,5.70,AVAILABLE,OUT_OF_RANGE,12150,0
2026-05-06 23:38:55.853,486.4976,,slider,0,0,0.00,0.00,5.70,AVAILABLE,OUT_OF_RANGE,12160,0
2026-05-06 23:38:56.253,486.8977,,slider,0,0,0.00,0.00,5.70,AVAILABLE,OUT_OF_RANGE,12170,0
2026-05-06 23:38:56.653,487.2978,,slider,0,0,0.00,0.00,5.70,AVAILABLE,OUT_OF_RANGE,12180,0
2026-05-06 23:38:57.053,487.6978,,slider,0,0,0.00,0.00,5.70,AVAILABLE,OUT_OF_RANGE,12190,0
2026-05-06 23:38:57.453,488.0978,,slider,0,0,0.00,0.00,5.70,AVAILABLE,OUT_OF_RANGE,12200,0
2026-05-06 23:38:57.853,488.4978,,slider,0,0,0.00,0.00,5.70,AVAILABLE,OUT_OF_RANGE,12210,0
2026-05-06 23:38:58.253,488.8977,,slider,0,0,0.00,0.00,5.70,AVAILABLE,OUT_OF_RANGE,12220,0
2026-05-06 23:38:58.653,489.2980,,slider,0,0,0.00,0.00,5.70,AVAILABLE,OUT_OF_RANGE,12230,0
2026-05-06 23:38:59.053,489.6979,,slider,0,0,0.00,0.00,5.70,AVAILABLE,OUT_OF_RANGE,12240,0
2026-05-06 23:38:59.453,490.0978,,slider,0,0,0.00,0.00,5.70,AVAILABLE,OUT_OF_RANGE,12250,0
2026-05-06 23:38:59.853,490.4980,,slider,0,0,0.00,0.00,5.70,AVAILABLE,OUT_OF_RANGE,12260,0
2026-05-06 23:39:00.253,490.8980,,slider,0,0,0.00,0.00,5.70,AVAILABLE,OUT_OF_RANGE,12270,0
2026-05-06 23:39:00.654,491.2981,,slider,0,0,0.00,0.00,5.70,AVAILABLE,OUT_OF_RANGE,12280,0
2026-05-06 23:39:01.054,491.6980,,slider,0,0,0.00,0.00,5.70,AVAILABLE,OUT_OF_RANGE,12290,0
2026-05-06 23:39:01.454,492.0980,,slider,0,0,0.00,0.00,5.70,AVAILABLE,OUT_OF_RANGE,12300,0
2026-05-06 23:39:01.854,492.4982,,slider,0,0,0.00,0.00,5.70,AVAILABLE,OUT_OF_RANGE,12310,0
2026-05-06 23:39:02.254,492.8981,,slider,0,0,0.00,0.00,5.70,AVAILABLE,OUT_OF_RANGE,12320,0
2026-05-06 23:39:02.654,493.2980,,slider,0,0,0.00,0.00,5.70,AVAILABLE,OUT_OF_RANGE,12330,0
2026-05-06 23:39:03.054,493.6982,,slider,0,0,0.00,0.00,5.70,AVAILABLE,OUT_OF_RANGE,12340,0
2026-05-06 23:39:03.454,494.0980,,slider,0,0,0.00,0.00,5.70,AVAILABLE,OUT_OF_RANGE,12350,0
2026-05-06 23:39:03.854,494.4983,,slider,0,0,0.00,0.00,5.70,AVAILABLE,OUT_OF_RANGE,12360,0
2026-05-06 23:39:04.254,494.8983,,slider,0,0,0.00,0.00,5.70,AVAILABLE,OUT_OF_RANGE,12370,0
2026-05-06 23:39:04.654,495.2983,,slider,0,0,0.00,0.00,5.70,AVAILABLE,OUT_OF_RANGE,12380,0
2026-05-06 23:39:05.054,495.6982,,slider,0,0,0.00,0.00,5.70,AVAILABLE,OUT_OF_RANGE,12390,0
2026-05-06 23:39:05.454,496.0983,,slider,0,0,0.00,0.00,5.70,AVAILABLE,OUT_OF_RANGE,12400,0
2026-05-06 23:39:05.854,496.4982,,slider,0,0,0.00,0.00,5.70,AVAILABLE,OUT_OF_RANGE,12410,0
2026-05-06 23:39:06.254,496.8983,,slider,0,0,0.00,0.00,5.70,AVAILABLE,OUT_OF_RANGE,12420,0
2026-05-06 23:39:06.654,497.2983,,slider,0,0,0.00,0.00,5.70,AVAILABLE,OUT_OF_RANGE,12430,0
2026-05-06 23:39:07.054,497.6983,,slider,0,0,0.00,0.00,5.70,AVAILABLE,OUT_OF_RANGE,12440,0
2026-05-06 23:39:07.454,498.0984,,slider,0,0,0.00,0.00,5.70,AVAILABLE,OUT_OF_RANGE,12450,0
2026-05-06 23:39:07.854,498.4985,,slider,0,0,0.00,0.00,5.70,AVAILABLE,OUT_OF_RANGE,12460,0
2026-05-06 23:39:08.254,498.8985,,slider,0,0,0.00,0.00,5.70,AVAILABLE,OUT_OF_RANGE,12470,0
2026-05-06 23:39:08.654,499.2987,,slider,0,0,0.00,0.00,5.70,AVAILABLE,OUT_OF_RANGE,12480,0
2026-05-06 23:39:09.054,499.6985,,slider,0,0,0.00,0.00,5.70,AVAILABLE,OUT_OF_RANGE,12490,0
2026-05-06 23:39:09.454,500.0986,,slider,0,0,0.00,0.00,5.70,AVAILABLE,OUT_OF_RANGE,12500,0
2026-05-06 23:39:09.854,500.4987,,slider,0,0,0.00,0.00,5.70,AVAILABLE,OUT_OF_RANGE,12510,0
2026-05-06 23:39:10.254,500.8987,,slider,0,0,0.00,0.00,5.70,AVAILABLE,OUT_OF_RANGE,12520,0
2026-05-06 23:39:10.655,501.2988,,slider,0,0,0.00,0.00,5.70,AVAILABLE,OUT_OF_RANGE,12530,0
2026-05-06 23:39:11.055,501.6989,,slider,0,0,0.00,0.00,5.70,AVAILABLE,OUT_OF_RANGE,12540,0
2026-05-06 23:39:11.455,502.0988,,slider,0,0,0.00,0.00,5.70,AVAILABLE,OUT_OF_RANGE,12550,0
2026-05-06 23:39:11.855,502.4990,,slider,0,0,0.00,0.00,5.70,AVAILABLE,OUT_OF_RANGE,12560,0
2026-05-06 23:39:12.255,502.8990,,slider,0,0,0.00,0.00,5.70,AVAILABLE,OUT_OF_RANGE,12570,0
2026-05-06 23:39:12.655,503.2990,,slider,0,0,0.00,0.00,5.70,AVAILABLE,OUT_OF_RANGE,12580,0
2026-05-06 23:39:13.055,503.6989,,slider,0,0,0.00,0.00,5.70,AVAILABLE,OUT_OF_RANGE,12590,0
2026-05-06 23:39:13.455,504.0991,,slider,0,0,0.00,0.00,5.70,AVAILABLE,OUT_OF_RANGE,12600,0
2026-05-06 23:39:13.855,504.4991,,slider,0,0,0.00,0.00,5.70,AVAILABLE,OUT_OF_RANGE,12610,0
2026-05-06 23:39:14.255,504.8990,,slider,0,0,0.00,0.00,5.70,AVAILABLE,OUT_OF_RANGE,12620,0
2026-05-06 23:39:14.655,505.2993,,slider,0,0,0.00,0.00,5.70,AVAILABLE,OUT_OF_RANGE,12630,0
2026-05-06 23:39:15.055,505.6992,,slider,0,0,0.00,0.00,5.70,AVAILABLE,OUT_OF_RANGE,12640,0
2026-05-06 23:39:15.455,506.0992,,slider,0,0,0.00,0.00,5.70,AVAILABLE,OUT_OF_RANGE,12650,0
2026-05-06 23:39:15.855,506.4993,,slider,0,0,0.00,0.00,5.70,AVAILABLE,OUT_OF_RANGE,12660,0
2026-05-06 23:39:16.255,506.8993,,slider,0,0,0.00,0.00,5.70,AVAILABLE,OUT_OF_RANGE,12670,0
2026-05-06 23:39:16.655,507.2994,,slider,0,0,0.00,0.00,5.70,AVAILABLE,OUT_OF_RANGE,12680,0
2026-05-06 23:39:17.055,507.6994,,slider,0,0,0.00,0.00,5.70,AVAILABLE,OUT_OF_RANGE,12690,0
2026-05-06 23:39:17.455,508.0994,,slider,0,0,0.00,0.00,5.70,AVAILABLE,OUT_OF_RANGE,12700,0
2026-05-06 23:39:17.855,508.4993,,slider,0,0,0.00,0.00,5.70,AVAILABLE,OUT_OF_RANGE,12710,0
2026-05-06 23:39:18.255,508.8994,,slider,0,0,0.00,0.00,5.70,AVAILABLE,OUT_OF_RANGE,12720,0
2026-05-06 23:39:18.655,509.2995,,slider,0,0,0.00,0.00,5.70,AVAILABLE,OUT_OF_RANGE,12730,0
2026-05-06 23:39:19.055,509.6987,,slider,0,0,0.00,0.00,5.70,AVAILABLE,OUT_OF_RANGE,12740,0
2026-05-06 23:39:19.446,510.0896,,slider,0,0,0.00,0.00,5.70,AVAILABLE,OUT_OF_RANGE,12750,0
2026-05-06 23:39:19.846,510.4896,,slider,0,0,0.00,0.00,5.70,AVAILABLE,OUT_OF_RANGE,12760,0
2026-05-06 23:39:20.246,510.8896,,slider,0,0,0.00,0.00,5.70,AVAILABLE,OUT_OF_RANGE,12770,0
2026-05-06 23:39:20.646,511.2901,,slider,0,0,0.00,0.00,5.70,AVAILABLE,OUT_OF_RANGE,12780,0
2026-05-06 23:39:21.046,511.6897,,slider,0,0,0.00,0.00,5.70,AVAILABLE,OUT_OF_RANGE,12790,0
2026-05-06 23:39:21.446,512.0897,,slider,0,0,0.00,0.00,5.70,AVAILABLE,OUT_OF_RANGE,12800,0
2026-05-06 23:39:21.846,512.4903,,slider,0,0,0.00,0.00,5.70,AVAILABLE,OUT_OF_RANGE,12810,0
2026-05-06 23:39:22.246,512.8900,,slider,0,0,0.00,0.00,5.70,AVAILABLE,OUT_OF_RANGE,12820,0
2026-05-06 23:39:22.646,513.2904,,slider,0,0,0.00,0.00,5.70,AVAILABLE,OUT_OF_RANGE,12830,0
2026-05-06 23:39:23.046,513.6900,,slider,0,0,0.00,0.00,5.70,AVAILABLE,OUT_OF_RANGE,12840,0
2026-05-06 23:39:23.446,514.0902,,slider,0,0,0.00,0.00,5.70,AVAILABLE,OUT_OF_RANGE,12850,0
2026-05-06 23:39:23.846,514.4901,,slider,0,0,0.00,0.00,5.70,AVAILABLE,OUT_OF_RANGE,12860,0
2026-05-06 23:39:24.246,514.8901,,slider,0,0,0.00,0.00,5.70,AVAILABLE,OUT_OF_RANGE,12870,0
2026-05-06 23:39:24.646,515.2903,,slider,0,0,0.00,0.00,5.70,AVAILABLE,OUT_OF_RANGE,12880,0
2026-05-06 23:39:25.046,515.6902,,slider,0,0,0.00,0.00,5.70,AVAILABLE,OUT_OF_RANGE,12890,0
2026-05-06 23:39:25.446,516.0903,,slider,0,0,0.00,0.00,5.70,AVAILABLE,OUT_OF_RANGE,12900,0
2026-05-06 23:39:25.846,516.4902,,slider,0,0,0.00,0.00,5.70,AVAILABLE,OUT_OF_RANGE,12910,0
2026-05-06 23:39:26.246,516.8902,,slider,0,0,0.00,0.00,5.70,AVAILABLE,OUT_OF_RANGE,12920,0
2026-05-06 23:39:26.647,517.2903,,slider,0,0,0.00,0.00,5.70,AVAILABLE,OUT_OF_RANGE,12930,0
2026-05-06 23:39:27.047,517.6905,,slider,0,0,0.00,0.00,5.70,AVAILABLE,OUT_OF_RANGE,12940,0
2026-05-06 23:39:27.447,518.0903,,slider,0,0,0.00,0.00,5.70,AVAILABLE,OUT_OF_RANGE,12950,0
2026-05-06 23:39:27.847,518.4910,,slider,0,0,0.00,0.00,5.70,AVAILABLE,OUT_OF_RANGE,12960,0
2026-05-06 23:39:28.247,518.8905,,slider,0,0,0.00,0.00,5.70,AVAILABLE,OUT_OF_RANGE,12970,0
2026-05-06 23:39:28.647,519.2907,,slider,0,0,0.00,0.00,5.70,AVAILABLE,OUT_OF_RANGE,12980,0
2026-05-06 23:39:29.047,519.6906,,slider,0,0,0.00,0.00,5.70,AVAILABLE,OUT_OF_RANGE,12990,0
2026-05-06 23:39:29.447,520.0907,,slider,0,0,0.00,0.00,5.70,AVAILABLE,OUT_OF_RANGE,13000,0
2026-05-06 23:39:29.847,520.4906,,slider,0,0,0.00,0.00,5.70,AVAILABLE,OUT_OF_RANGE,13010,0
2026-05-06 23:39:30.247,520.8907,,slider,0,0,0.00,0.00,5.70,AVAILABLE,OUT_OF_RANGE,13020,0
2026-05-06 23:39:30.647,521.2907,,slider,0,0,0.00,0.00,5.70,AVAILABLE,OUT_OF_RANGE,13030,0
2026-05-06 23:39:31.047,521.6907,,slider,0,0,0.00,0.00,5.70,AVAILABLE,OUT_OF_RANGE,13040,0
2026-05-06 23:39:31.447,522.0907,,slider,0,0,0.00,0.00,5.70,AVAILABLE,OUT_OF_RANGE,13050,0
2026-05-06 23:39:31.847,522.4909,,slider,0,0,0.00,0.00,5.70,AVAILABLE,OUT_OF_RANGE,13060,0
2026-05-06 23:39:32.247,522.8910,,slider,0,0,0.00,0.00,5.70,AVAILABLE,OUT_OF_RANGE,13070,0
2026-05-06 23:39:32.647,523.2910,,slider,0,0,0.00,0.00,5.70,AVAILABLE,OUT_OF_RANGE,13080,0
2026-05-06 23:39:33.048,523.6915,,slider,0,0,0.00,0.00,5.70,AVAILABLE,OUT_OF_RANGE,13090,0
2026-05-06 23:39:33.448,524.0911,,slider,0,0,0.00,0.00,5.70,AVAILABLE,OUT_OF_RANGE,13100,0
2026-05-06 23:39:33.848,524.4913,,slider,0,0,0.00,0.00,5.70,AVAILABLE,OUT_OF_RANGE,13110,0
2026-05-06 23:39:34.248,524.8911,,slider,0,0,0.00,0.00,5.70,AVAILABLE,OUT_OF_RANGE,13120,0
2026-05-06 23:39:34.648,525.2914,,slider,0,0,0.00,0.00,5.70,AVAILABLE,OUT_OF_RANGE,13130,0
2026-05-06 23:39:35.048,525.6914,,slider,0,0,0.00,0.00,5.70,AVAILABLE,OUT_OF_RANGE,13140,0
2026-05-06 23:39:35.448,526.0917,,slider,0,0,0.00,0.00,5.70,AVAILABLE,OUT_OF_RANGE,13150,0
2026-05-06 23:39:35.848,526.4914,,slider,0,0,0.00,0.00,5.70,AVAILABLE,OUT_OF_RANGE,13160,0
2026-05-06 23:39:36.248,526.8917,,slider,0,0,0.00,0.00,5.70,AVAILABLE,OUT_OF_RANGE,13170,0
2026-05-06 23:39:36.648,527.2916,,slider,0,0,0.00,0.00,5.70,AVAILABLE,OUT_OF_RANGE,13180,0
2026-05-06 23:39:37.048,527.6914,,slider,0,0,0.00,0.00,5.70,AVAILABLE,OUT_OF_RANGE,13190,0
2026-05-06 23:39:37.448,528.0917,,slider,0,0,0.00,0.00,5.70,AVAILABLE,OUT_OF_RANGE,13200,0
2026-05-06 23:39:37.848,528.4916,,slider,0,0,0.00,0.00,5.70,AVAILABLE,OUT_OF_RANGE,13210,0
2026-05-06 23:39:38.248,528.8916,,slider,0,0,0.00,0.00,5.70,AVAILABLE,OUT_OF_RANGE,13220,0
2026-05-06 23:39:38.648,529.2919,,slider,0,0,0.00,0.00,5.70,AVAILABLE,OUT_OF_RANGE,13230,0
2026-05-06 23:39:39.049,529.6920,,slider,0,0,0.00,0.00,5.70,AVAILABLE,OUT_OF_RANGE,13240,0
2026-05-06 23:39:39.448,530.0918,,slider,0,0,0.00,0.00,5.70,AVAILABLE,OUT_OF_RANGE,13250,0
2026-05-06 23:39:39.848,530.4918,,slider,0,0,0.00,0.00,5.70,AVAILABLE,OUT_OF_RANGE,13260,0
2026-05-06 23:39:40.249,530.8920,,slider,0,0,0.00,0.00,5.70,AVAILABLE,OUT_OF_RANGE,13270,0
2026-05-06 23:39:40.648,531.2919,,slider,0,0,0.00,0.00,5.70,AVAILABLE,OUT_OF_RANGE,13280,0
2026-05-06 23:39:41.049,531.6922,,slider,0,0,0.00,0.00,5.70,AVAILABLE,OUT_OF_RANGE,13290,0
2026-05-06 23:39:41.449,532.0921,,slider,0,0,0.00,0.00,5.70,AVAILABLE,OUT_OF_RANGE,13300,0
2026-05-06 23:39:41.849,532.4922,,slider,0,0,0.00,0.00,5.70,AVAILABLE,OUT_OF_RANGE,13310,0
2026-05-06 23:39:42.249,532.8922,,slider,0,0,0.00,0.00,5.70,AVAILABLE,OUT_OF_RANGE,13320,0
2026-05-06 23:39:42.649,533.2923,,slider,0,0,0.00,0.00,5.70,AVAILABLE,OUT_OF_RANGE,13330,0
2026-05-06 23:39:43.049,533.6922,,slider,0,0,0.00,0.00,5.70,AVAILABLE,OUT_OF_RANGE,13340,0
2026-05-06 23:39:43.449,534.0924,,slider,0,0,0.00,0.00,5.70,AVAILABLE,OUT_OF_RANGE,13350,0
2026-05-06 23:39:43.849,534.4923,,slider,0,0,0.00,0.00,5.70,AVAILABLE,OUT_OF_RANGE,13360,0
2026-05-06 23:39:44.249,534.8922,,slider,0,0,0.00,0.00,5.70,AVAILABLE,OUT_OF_RANGE,13370,0
2026-05-06 23:39:44.650,535.2931,,slider,0,0,0.00,0.00,5.70,AVAILABLE,OUT_OF_RANGE,13380,0
2026-05-06 23:39:45.049,535.6924,,slider,0,0,0.00,0.00,5.70,AVAILABLE,OUT_OF_RANGE,13390,0
2026-05-06 23:39:45.449,536.0926,,slider,0,0,0.00,0.00,5.70,AVAILABLE,OUT_OF_RANGE,13400,0
2026-05-06 23:39:45.849,536.4924,,slider,0,0,0.00,0.00,5.70,AVAILABLE,OUT_OF_RANGE,13410,0
2026-05-06 23:39:46.250,536.8931,,slider,0,0,0.00,0.00,5.70,AVAILABLE,OUT_OF_RANGE,13420,0
2026-05-06 23:39:46.649,537.2926,,slider,0,0,0.00,0.00,5.70,AVAILABLE,OUT_OF_RANGE,13430,0
2026-05-06 23:39:47.050,537.6927,,slider,0,0,0.00,0.00,5.70,AVAILABLE,OUT_OF_RANGE,13440,0
2026-05-06 23:39:47.449,538.0927,,slider,0,0,0.00,0.00,5.70,AVAILABLE,OUT_OF_RANGE,13450,0
2026-05-06 23:39:47.850,538.4932,,slider,0,0,0.00,0.00,5.70,AVAILABLE,OUT_OF_RANGE,13460,0
2026-05-06 23:39:48.250,538.8930,,slider,0,0,0.00,0.00,5.70,AVAILABLE,OUT_OF_RANGE,13470,0
2026-05-06 23:39:48.650,539.2927,,slider,0,0,0.00,0.00,5.70,AVAILABLE,OUT_OF_RANGE,13480,0
2026-05-06 23:39:49.050,539.6932,,slider,0,0,0.00,0.00,5.70,AVAILABLE,OUT_OF_RANGE,13490,0
2026-05-06 23:39:49.450,540.0930,,slider,0,0,0.00,0.00,5.70,AVAILABLE,OUT_OF_RANGE,13500,0
2026-05-06 23:39:49.850,540.4933,,slider,0,0,0.00,0.00,5.70,AVAILABLE,OUT_OF_RANGE,13510,0
2026-05-06 23:39:50.250,540.8930,,slider,0,0,0.00,0.00,5.70,AVAILABLE,OUT_OF_RANGE,13520,0
2026-05-06 23:39:50.650,541.2930,,slider,0,0,0.00,0.00,5.70,AVAILABLE,OUT_OF_RANGE,13530,0
2026-05-06 23:39:51.050,541.6933,,slider,0,0,0.00,0.00,5.70,AVAILABLE,OUT_OF_RANGE,13540,0
2026-05-06 23:39:51.450,542.0931,,slider,0,0,0.00,0.00,5.70,AVAILABLE,OUT_OF_RANGE,13550,0
2026-05-06 23:39:51.850,542.4929,,slider,0,0,0.00,0.00,5.70,AVAILABLE,OUT_OF_RANGE,13560,0
2026-05-06 23:39:52.250,542.8931,,slider,0,0,0.00,0.00,5.70,AVAILABLE,OUT_OF_RANGE,13570,0
2026-05-06 23:39:52.650,543.2934,,slider,0,0,0.00,0.00,5.70,AVAILABLE,OUT_OF_RANGE,13580,0
2026-05-06 23:39:53.050,543.6933,,slider,0,0,0.00,0.00,5.70,AVAILABLE,OUT_OF_RANGE,13590,0
2026-05-06 23:39:53.450,544.0931,,slider,0,0,0.00,0.00,5.70,AVAILABLE,OUT_OF_RANGE,13600,0
2026-05-06 23:39:53.850,544.4934,,slider,0,0,0.00,0.00,5.70,AVAILABLE,OUT_OF_RANGE,13610,0
2026-05-06 23:39:54.250,544.8931,,slider,0,0,0.00,0.00,5.70,AVAILABLE,OUT_OF_RANGE,13620,0
2026-05-06 23:39:54.650,545.2933,,slider,0,0,0.00,0.00,5.70,AVAILABLE,OUT_OF_RANGE,13630,0
2026-05-06 23:39:55.050,545.6934,,slider,0,0,0.00,0.00,5.70,AVAILABLE,OUT_OF_RANGE,13640,0
2026-05-06 23:39:55.451,546.0937,,slider,0,0,0.00,0.00,5.70,AVAILABLE,OUT_OF_RANGE,13650,0
2026-05-06 23:39:55.850,546.4934,,slider,0,0,0.00,0.00,5.70,AVAILABLE,OUT_OF_RANGE,13660,0
2026-05-06 23:39:56.251,546.8935,,slider,0,0,0.00,0.00,5.70,AVAILABLE,OUT_OF_RANGE,13670,0
2026-05-06 23:39:56.650,547.2933,,slider,0,0,0.00,0.00,5.70,AVAILABLE,OUT_OF_RANGE,13680,0
2026-05-06 23:39:57.051,547.6938,,slider,0,0,0.00,0.00,5.70,AVAILABLE,OUT_OF_RANGE,13690,0
2026-05-06 23:39:57.450,548.0934,,slider,0,0,0.00,0.00,5.70,AVAILABLE,OUT_OF_RANGE,13700,0
2026-05-06 23:39:57.851,548.4934,,slider,0,0,0.00,0.00,5.70,AVAILABLE,OUT_OF_RANGE,13710,0
2026-05-06 23:39:58.251,548.8936,,slider,0,0,0.00,0.00,5.70,AVAILABLE,OUT_OF_RANGE,13720,0
2026-05-06 23:39:58.651,549.2934,,slider,0,0,0.00,0.00,5.70,AVAILABLE,OUT_OF_RANGE,13730,0
2026-05-06 23:39:59.051,549.6936,,slider,0,0,0.00,0.00,5.70,AVAILABLE,OUT_OF_RANGE,13740,0
2026-05-06 23:39:59.451,550.0939,,slider,0,0,0.00,0.00,5.70,AVAILABLE,OUT_OF_RANGE,13750,0
2026-05-06 23:39:59.851,550.4935,,slider,0,0,0.00,0.00,5.70,AVAILABLE,OUT_OF_RANGE,13760,0
2026-05-06 23:40:00.251,550.8936,,slider,0,0,0.00,0.00,5.70,AVAILABLE,OUT_OF_RANGE,13770,0
2026-05-06 23:40:00.651,551.2939,,slider,0,0,0.00,0.00,5.70,AVAILABLE,OUT_OF_RANGE,13780,0
2026-05-06 23:40:01.051,551.6938,,slider,0,0,0.00,0.00,5.70,AVAILABLE,OUT_OF_RANGE,13790,0
2026-05-06 23:40:01.451,552.0936,,slider,0,0,0.00,0.00,5.70,AVAILABLE,OUT_OF_RANGE,13800,0
2026-05-06 23:40:01.851,552.4939,,slider,0,0,0.00,0.00,5.70,AVAILABLE,OUT_OF_RANGE,13810,0
2026-05-06 23:40:02.251,552.8939,,slider,0,0,0.00,0.00,5.70,AVAILABLE,OUT_OF_RANGE,13820,0
2026-05-06 23:40:02.651,553.2937,,slider,0,0,0.00,0.00,5.70,AVAILABLE,OUT_OF_RANGE,13830,0
2026-05-06 23:40:03.051,553.6940,,slider,0,0,0.00,0.00,5.70,AVAILABLE,OUT_OF_RANGE,13840,0
2026-05-06 23:40:03.451,554.0942,,slider,0,0,0.00,0.00,5.70,AVAILABLE,OUT_OF_RANGE,13850,0
2026-05-06 23:40:03.851,554.4938,,slider,0,0,0.00,0.00,5.70,AVAILABLE,OUT_OF_RANGE,13860,0
2026-05-06 23:40:04.251,554.8939,,slider,0,0,0.00,0.00,5.70,AVAILABLE,OUT_OF_RANGE,13870,0
2026-05-06 23:40:04.651,555.2941,,slider,0,0,0.00,0.00,5.70,AVAILABLE,OUT_OF_RANGE,13880,0
2026-05-06 23:40:05.051,555.6942,,slider,0,0,0.00,0.00,5.70,AVAILABLE,OUT_OF_RANGE,13890,0
2026-05-06 23:40:05.451,556.0940,,slider,0,0,0.00,0.00,5.70,AVAILABLE,OUT_OF_RANGE,13900,0
2026-05-06 23:40:05.851,556.4940,,slider,0,0,0.00,0.00,5.70,AVAILABLE,OUT_OF_RANGE,13910,0
2026-05-06 23:40:06.251,556.8941,,slider,0,0,0.00,0.00,5.70,AVAILABLE,OUT_OF_RANGE,13920,0
2026-05-06 23:40:06.651,557.2941,,slider,0,0,0.00,0.00,5.70,AVAILABLE,OUT_OF_RANGE,13930,0
2026-05-06 23:40:07.051,557.6941,,slider,0,0,0.00,0.00,5.70,AVAILABLE,OUT_OF_RANGE,13940,0
2026-05-06 23:40:07.452,558.0942,,slider,0,0,0.00,0.00,5.70,AVAILABLE,OUT_OF_RANGE,13950,0
2026-05-06 23:40:07.852,558.4943,,slider,0,0,0.00,0.00,5.70,AVAILABLE,OUT_OF_RANGE,13960,0
2026-05-06 23:40:08.252,558.8943,,slider,0,0,0.00,0.00,5.70,AVAILABLE,OUT_OF_RANGE,13970,0
2026-05-06 23:40:08.652,559.2943,,slider,0,0,0.00,0.00,5.70,AVAILABLE,OUT_OF_RANGE,13980,0
2026-05-06 23:40:09.052,559.6944,,slider,0,0,0.00,0.00,5.70,AVAILABLE,OUT_OF_RANGE,13990,0
2026-05-06 23:40:09.452,560.0943,,slider,0,0,0.00,0.00,5.70,AVAILABLE,OUT_OF_RANGE,14000,0
2026-05-06 23:40:09.852,560.4944,,slider,0,0,0.00,0.00,5.70,AVAILABLE,OUT_OF_RANGE,14010,0
2026-05-06 23:40:10.252,560.8944,,slider,0,0,0.00,0.00,5.70,AVAILABLE,OUT_OF_RANGE,14020,0
2026-05-06 23:40:10.652,561.2945,,slider,0,0,0.00,0.00,5.70,AVAILABLE,OUT_OF_RANGE,14030,0
2026-05-06 23:40:11.052,561.6945,,slider,0,0,0.00,0.00,5.70,AVAILABLE,OUT_OF_RANGE,14040,0
2026-05-06 23:40:11.452,562.0946,,slider,0,0,0.00,0.00,5.70,AVAILABLE,OUT_OF_RANGE,14050,0
2026-05-06 23:40:11.852,562.4946,,slider,0,0,0.00,0.00,5.70,AVAILABLE,OUT_OF_RANGE,14060,0
2026-05-06 23:40:12.252,562.8946,,slider,0,0,0.00,0.00,5.70,AVAILABLE,OUT_OF_RANGE,14070,0
2026-05-06 23:40:12.652,563.2945,,slider,0,0,0.00,0.00,5.70,AVAILABLE,OUT_OF_RANGE,14080,0
2026-05-06 23:40:13.052,563.6947,,slider,0,0,0.00,0.00,5.70,AVAILABLE,OUT_OF_RANGE,14090,0
2026-05-06 23:40:13.452,564.0948,,slider,0,0,0.00,0.00,5.70,AVAILABLE,OUT_OF_RANGE,14100,0
2026-05-06 23:40:13.852,564.4947,,slider,0,0,0.00,0.00,5.70,AVAILABLE,OUT_OF_RANGE,14110,0
2026-05-06 23:40:14.252,564.8948,,slider,0,0,0.00,0.00,5.70,AVAILABLE,OUT_OF_RANGE,14120,0
2026-05-06 23:40:14.652,565.2948,,slider,0,0,0.00,0.00,5.70,AVAILABLE,OUT_OF_RANGE,14130,0
2026-05-06 23:40:15.052,565.6948,,slider,0,0,0.00,0.00,5.70,AVAILABLE,OUT_OF_RANGE,14140,0
2026-05-06 23:40:15.452,566.0948,,slider,0,0,0.00,0.00,5.70,AVAILABLE,OUT_OF_RANGE,14150,0
2026-05-06 23:40:15.853,566.4949,,slider,0,0,0.00,0.00,5.70,AVAILABLE,OUT_OF_RANGE,14160,0
2026-05-06 23:40:16.252,566.8949,,slider,0,0,0.00,0.00,5.70,AVAILABLE,OUT_OF_RANGE,14170,0
2026-05-06 23:40:16.653,567.2951,,slider,0,0,0.00,0.00,5.70,AVAILABLE,OUT_OF_RANGE,14180,0
2026-05-06 23:40:17.053,567.6951,,slider,0,0,0.00,0.00,5.70,AVAILABLE,OUT_OF_RANGE,14190,0
2026-05-06 23:40:17.453,568.0949,,slider,0,0,0.00,0.00,5.70,AVAILABLE,OUT_OF_RANGE,14200,0
2026-05-06 23:40:17.853,568.4953,,slider,0,0,0.00,0.00,5.70,AVAILABLE,OUT_OF_RANGE,14210,0
2026-05-06 23:40:18.253,568.8952,,slider,0,0,0.00,0.00,5.70,AVAILABLE,OUT_OF_RANGE,14220,0
2026-05-06 23:40:18.653,569.2950,,slider,0,0,0.00,0.00,5.70,AVAILABLE,OUT_OF_RANGE,14230,0
2026-05-06 23:40:19.053,569.6951,,slider,0,0,0.00,0.00,5.70,AVAILABLE,OUT_OF_RANGE,14240,0
2026-05-06 23:40:19.453,570.0952,,slider,0,0,0.00,0.00,5.70,AVAILABLE,OUT_OF_RANGE,14250,0
2026-05-06 23:40:19.853,570.4952,,slider,0,0,0.00,0.00,5.70,AVAILABLE,OUT_OF_RANGE,14260,0
2026-05-06 23:40:20.253,570.8953,,slider,0,0,0.00,0.00,5.70,AVAILABLE,OUT_OF_RANGE,14270,0
2026-05-06 23:40:20.653,571.2953,,slider,0,0,0.00,0.00,5.70,AVAILABLE,OUT_OF_RANGE,14280,0
2026-05-06 23:40:21.053,571.6953,,slider,0,0,0.00,0.00,5.70,AVAILABLE,OUT_OF_RANGE,14290,0
2026-05-06 23:40:21.453,572.0955,,slider,0,0,0.00,0.00,5.70,AVAILABLE,OUT_OF_RANGE,14300,0
2026-05-06 23:40:21.853,572.4954,,slider,0,0,0.00,0.00,5.70,AVAILABLE,OUT_OF_RANGE,14310,0
2026-05-06 23:40:22.253,572.8953,,slider,0,0,0.00,0.00,5.70,AVAILABLE,OUT_OF_RANGE,14320,0
2026-05-06 23:40:22.653,573.2954,,slider,0,0,0.00,0.00,5.70,AVAILABLE,OUT_OF_RANGE,14330,0
2026-05-06 23:40:23.053,573.6954,,slider,0,0,0.00,0.00,5.70,AVAILABLE,OUT_OF_RANGE,14340,0
2026-05-06 23:40:23.453,574.0955,,slider,0,0,0.00,0.00,5.70,AVAILABLE,OUT_OF_RANGE,14350,0
2026-05-06 23:40:23.853,574.4956,,slider,0,0,0.00,0.00,5.70,AVAILABLE,OUT_OF_RANGE,14360,0
2026-05-06 23:40:24.253,574.8956,,slider,0,0,0.00,0.00,5.70,AVAILABLE,OUT_OF_RANGE,14370,0
2026-05-06 23:40:24.653,575.2955,,slider,0,0,0.00,0.00,5.70,AVAILABLE,OUT_OF_RANGE,14380,0
2026-05-06 23:40:25.053,575.6956,,slider,0,0,0.00,0.00,5.70,AVAILABLE,OUT_OF_RANGE,14390,0
2026-05-06 23:40:25.454,576.0957,,slider,0,0,0.00,0.00,5.70,AVAILABLE,OUT_OF_RANGE,14400,0
2026-05-06 23:40:25.854,576.4957,,slider,0,0,0.00,0.00,5.70,AVAILABLE,OUT_OF_RANGE,14410,0
2026-05-06 23:40:26.254,576.8957,,slider,0,0,0.00,0.00,5.70,AVAILABLE,OUT_OF_RANGE,14420,0
2026-05-06 23:40:26.654,577.2957,,slider,0,0,0.00,0.00,5.70,AVAILABLE,OUT_OF_RANGE,14430,0
2026-05-06 23:40:27.054,577.6957,,slider,0,0,0.00,0.00,5.70,AVAILABLE,OUT_OF_RANGE,14440,0
2026-05-06 23:40:27.454,578.0959,,slider,0,0,0.00,0.00,5.70,AVAILABLE,OUT_OF_RANGE,14450,0
2026-05-06 23:40:27.854,578.4959,,slider,0,0,0.00,0.00,5.70,AVAILABLE,OUT_OF_RANGE,14460,0
2026-05-06 23:40:28.254,578.8959,,slider,0,0,0.00,0.00,5.70,AVAILABLE,OUT_OF_RANGE,14470,0
2026-05-06 23:40:28.654,579.2959,,slider,0,0,0.00,0.00,5.70,AVAILABLE,OUT_OF_RANGE,14480,0
2026-05-06 23:40:29.054,579.6959,,slider,0,0,0.00,0.00,5.70,AVAILABLE,OUT_OF_RANGE,14490,0
2026-05-06 23:40:29.454,580.0960,,slider,0,0,0.00,0.00,5.70,AVAILABLE,OUT_OF_RANGE,14500,0
2026-05-06 23:40:29.854,580.4961,,slider,0,0,0.00,0.00,5.70,AVAILABLE,OUT_OF_RANGE,14510,0
2026-05-06 23:40:30.254,580.8962,,slider,0,0,0.00,0.00,5.70,AVAILABLE,OUT_OF_RANGE,14520,0
2026-05-06 23:40:30.654,581.2961,,slider,0,0,0.00,0.00,5.70,AVAILABLE,OUT_OF_RANGE,14530,0
2026-05-06 23:40:31.054,581.6960,,slider,0,0,0.00,0.00,5.70,AVAILABLE,OUT_OF_RANGE,14540,0
2026-05-06 23:40:31.455,582.0965,,slider,0,0,0.00,0.00,5.70,AVAILABLE,OUT_OF_RANGE,14550,0
2026-05-06 23:40:31.854,582.4962,,slider,0,0,0.00,0.00,5.70,AVAILABLE,OUT_OF_RANGE,14560,0
2026-05-06 23:40:32.254,582.8964,,slider,0,0,0.00,0.00,5.70,AVAILABLE,OUT_OF_RANGE,14570,0
2026-05-06 23:40:32.654,583.2962,,slider,0,0,0.00,0.00,5.70,AVAILABLE,OUT_OF_RANGE,14580,0
2026-05-06 23:40:33.055,583.6964,,slider,0,0,0.00,0.00,5.70,AVAILABLE,OUT_OF_RANGE,14590,0
2026-05-06 23:40:33.454,584.0963,,slider,0,0,0.00,0.00,5.70,AVAILABLE,OUT_OF_RANGE,14600,0
2026-05-06 23:40:33.855,584.4965,,slider,0,0,0.00,0.00,5.70,AVAILABLE,OUT_OF_RANGE,14610,0
2026-05-06 23:40:34.255,584.8965,,slider,0,0,0.00,0.00,5.70,AVAILABLE,OUT_OF_RANGE,14620,0
2026-05-06 23:40:34.655,585.2967,,slider,0,0,0.00,0.00,5.70,AVAILABLE,OUT_OF_RANGE,14630,0
2026-05-06 23:40:35.055,585.6966,,slider,0,0,0.00,0.00,5.70,AVAILABLE,OUT_OF_RANGE,14640,0
2026-05-06 23:40:35.455,586.0968,,slider,0,0,0.00,0.00,5.70,AVAILABLE,OUT_OF_RANGE,14650,0
2026-05-06 23:40:35.855,586.4967,,slider,0,0,0.00,0.00,5.70,AVAILABLE,OUT_OF_RANGE,14660,0
2026-05-06 23:40:36.255,586.8969,,slider,0,0,0.00,0.00,5.70,AVAILABLE,OUT_OF_RANGE,14670,0
2026-05-06 23:40:36.655,587.2969,,slider,0,0,0.00,0.00,5.70,AVAILABLE,OUT_OF_RANGE,14680,0
2026-05-06 23:40:37.055,587.6969,,slider,0,0,0.00,0.00,5.70,AVAILABLE,OUT_OF_RANGE,14690,0
2026-05-06 23:40:37.455,588.0970,,slider,0,0,0.00,0.00,5.70,AVAILABLE,OUT_OF_RANGE,14700,0
2026-05-06 23:40:37.855,588.4971,,slider,0,0,0.00,0.00,5.70,AVAILABLE,OUT_OF_RANGE,14710,0
2026-05-06 23:40:38.255,588.8970,,slider,0,0,0.00,0.00,5.70,AVAILABLE,OUT_OF_RANGE,14720,0
2026-05-06 23:40:38.655,589.2970,,slider,0,0,0.00,0.00,5.70,AVAILABLE,OUT_OF_RANGE,14730,0
2026-05-06 23:40:39.055,589.6970,,slider,0,0,0.00,0.00,5.70,AVAILABLE,OUT_OF_RANGE,14740,0
2026-05-06 23:40:39.455,590.0971,,slider,0,0,0.00,0.00,5.70,AVAILABLE,OUT_OF_RANGE,14750,0
2026-05-06 23:40:39.855,590.4972,,slider,0,0,0.00,0.00,5.70,AVAILABLE,OUT_OF_RANGE,14760,0
2026-05-06 23:40:40.255,590.8972,,slider,0,0,0.00,0.00,5.70,AVAILABLE,OUT_OF_RANGE,14770,0
2026-05-06 23:40:40.655,591.2971,,slider,0,0,0.00,0.00,5.70,AVAILABLE,OUT_OF_RANGE,14780,0
2026-05-06 23:40:41.056,591.6972,,slider,0,0,0.00,0.00,5.70,AVAILABLE,OUT_OF_RANGE,14790,0
2026-05-06 23:40:41.456,592.0975,,slider,0,0,0.00,0.00,5.70,AVAILABLE,OUT_OF_RANGE,14800,0
2026-05-06 23:40:41.856,592.4972,,slider,0,0,0.00,0.00,5.70,AVAILABLE,OUT_OF_RANGE,14810,0
2026-05-06 23:40:42.256,592.8975,,slider,0,0,0.00,0.00,5.70,AVAILABLE,OUT_OF_RANGE,14820,0
2026-05-06 23:40:42.656,593.2975,,slider,0,0,0.00,0.00,5.70,AVAILABLE,OUT_OF_RANGE,14830,0
2026-05-06 23:40:43.056,593.6974,,slider,0,0,0.00,0.00,5.70,AVAILABLE,OUT_OF_RANGE,14840,0
2026-05-06 23:40:43.456,594.0977,,slider,0,0,0.00,0.00,5.70,AVAILABLE,OUT_OF_RANGE,14850,0
2026-05-06 23:40:43.856,594.4976,,slider,0,0,0.00,0.00,5.70,AVAILABLE,OUT_OF_RANGE,14860,0
2026-05-06 23:40:44.256,594.8976,,slider,0,0,0.00,0.00,5.70,AVAILABLE,OUT_OF_RANGE,14870,0
2026-05-06 23:40:44.656,595.2977,,slider,0,0,0.00,0.00,5.70,AVAILABLE,OUT_OF_RANGE,14880,0
2026-05-06 23:40:45.056,595.6977,,slider,0,0,0.00,0.00,5.70,AVAILABLE,OUT_OF_RANGE,14890,0
2026-05-06 23:40:45.456,596.0978,,slider,0,0,0.00,0.00,5.70,AVAILABLE,OUT_OF_RANGE,14900,0
2026-05-06 23:40:45.856,596.4978,,slider,0,0,0.00,0.00,5.70,AVAILABLE,OUT_OF_RANGE,14910,0
2026-05-06 23:40:46.256,596.8978,,slider,0,0,0.00,0.00,5.70,AVAILABLE,OUT_OF_RANGE,14920,0
2026-05-06 23:40:46.656,597.2978,,slider,0,0,0.00,0.00,5.70,AVAILABLE,OUT_OF_RANGE,14930,0
2026-05-06 23:40:47.056,597.6979,,slider,0,0,0.00,0.00,5.70,AVAILABLE,OUT_OF_RANGE,14940,0
2026-05-06 23:40:47.456,598.0979,,slider,0,0,0.00,0.00,5.70,AVAILABLE,OUT_OF_RANGE,14950,0
2026-05-06 23:40:47.857,598.4981,,slider,0,0,0.00,0.00,5.70,AVAILABLE,OUT_OF_RANGE,14960,0
2026-05-06 23:40:48.256,598.8980,,slider,0,0,0.00,0.00,5.70,AVAILABLE,OUT_OF_RANGE,14970,0
2026-05-06 23:40:48.657,599.2980,,slider,0,0,0.00,0.00,5.70,AVAILABLE,OUT_OF_RANGE,14980,0
2026-05-06 23:40:49.057,599.6980,,slider,0,0,0.00,0.00,5.70,AVAILABLE,OUT_OF_RANGE,14990,0
2026-05-06 23:40:49.457,600.0981,,slider,0,0,0.00,0.00,5.70,AVAILABLE,OUT_OF_RANGE,15000,0
2026-05-06 23:40:49.857,600.4981,,slider,0,0,0.00,0.00,5.70,AVAILABLE,OUT_OF_RANGE,15010,0
2026-05-06 23:40:50.257,600.8981,,slider,0,0,0.00,0.00,5.70,AVAILABLE,OUT_OF_RANGE,15020,0
2026-05-06 23:40:50.657,601.2981,,slider,0,0,0.00,0.00,5.70,AVAILABLE,OUT_OF_RANGE,15030,0
2026-05-06 23:40:51.057,601.6982,,slider,0,0,0.00,0.00,5.70,AVAILABLE,OUT_OF_RANGE,15040,0
2026-05-06 23:40:51.457,602.0981,,slider,0,0,0.00,0.00,5.70,AVAILABLE,OUT_OF_RANGE,15050,0
2026-05-06 23:40:51.857,602.4981,,slider,0,0,0.00,0.00,5.70,AVAILABLE,OUT_OF_RANGE,15060,0
2026-05-06 23:40:52.257,602.8982,,slider,0,0,0.00,0.00,5.70,AVAILABLE,OUT_OF_RANGE,15070,0
2026-05-06 23:40:52.657,603.2983,,slider,0,0,0.00,0.00,5.70,AVAILABLE,OUT_OF_RANGE,15080,0
2026-05-06 23:40:53.057,603.6983,,slider,0,0,0.00,0.00,5.70,AVAILABLE,OUT_OF_RANGE,15090,0
2026-05-06 23:40:53.457,604.0983,,slider,0,0,0.00,0.00,5.70,AVAILABLE,OUT_OF_RANGE,15100,0
2026-05-06 23:40:53.857,604.4983,,slider,0,0,0.00,0.00,5.70,AVAILABLE,OUT_OF_RANGE,15110,0
2026-05-06 23:40:54.257,604.8985,,slider,0,0,0.00,0.00,5.70,AVAILABLE,OUT_OF_RANGE,15120,0
2026-05-06 23:40:54.657,605.2984,,slider,0,0,0.00,0.00,5.70,AVAILABLE,OUT_OF_RANGE,15130,0
2026-05-06 23:40:55.057,605.6985,,slider,0,0,0.00,0.00,5.70,AVAILABLE,OUT_OF_RANGE,15140,0
2026-05-06 23:40:55.457,606.0987,,slider,0,0,0.00,0.00,5.70,AVAILABLE,OUT_OF_RANGE,15150,0
2026-05-06 23:40:55.857,606.4984,,slider,0,0,0.00,0.00,5.70,AVAILABLE,OUT_OF_RANGE,15160,0
2026-05-06 23:40:56.257,606.8985,,slider,0,0,0.00,0.00,5.70,AVAILABLE,OUT_OF_RANGE,15170,0
2026-05-06 23:40:56.657,607.2985,,slider,0,0,0.00,0.00,5.70,AVAILABLE,OUT_OF_RANGE,15180,0
2026-05-06 23:40:57.057,607.6985,,slider,0,0,0.00,0.00,5.70,AVAILABLE,OUT_OF_RANGE,15190,0
2026-05-06 23:40:57.457,608.0987,,slider,0,0,0.00,0.00,5.70,AVAILABLE,OUT_OF_RANGE,15200,0
2026-05-06 23:40:57.857,608.4987,,slider,0,0,0.00,0.00,5.70,AVAILABLE,OUT_OF_RANGE,15210,0
2026-05-06 23:40:58.257,608.8986,,slider,0,0,0.00,0.00,5.70,AVAILABLE,OUT_OF_RANGE,15220,0
2026-05-06 23:40:58.658,609.2987,,slider,0,0,0.00,0.00,5.70,AVAILABLE,OUT_OF_RANGE,15230,0
2026-05-06 23:40:59.058,609.6988,,slider,0,0,0.00,0.00,5.70,AVAILABLE,OUT_OF_RANGE,15240,0
2026-05-06 23:40:59.458,610.0987,,slider,0,0,0.00,0.00,5.70,AVAILABLE,OUT_OF_RANGE,15250,0
2026-05-06 23:40:59.858,610.4989,,slider,0,0,0.00,0.00,5.70,AVAILABLE,OUT_OF_RANGE,15260,0
2026-05-06 23:41:00.258,610.8988,,slider,0,0,0.00,0.00,5.70,AVAILABLE,OUT_OF_RANGE,15270,0
2026-05-06 23:41:00.658,611.2989,,slider,0,0,0.00,0.00,5.70,AVAILABLE,OUT_OF_RANGE,15280,0
2026-05-06 23:41:01.058,611.6988,,slider,0,0,0.00,0.00,5.70,AVAILABLE,OUT_OF_RANGE,15290,0
2026-05-06 23:41:01.458,612.0991,,slider,0,0,0.00,0.00,5.70,AVAILABLE,OUT_OF_RANGE,15300,0
2026-05-06 23:41:01.858,612.4991,,slider,0,0,0.00,0.00,5.70,AVAILABLE,OUT_OF_RANGE,15310,0
2026-05-06 23:41:02.258,612.8990,,slider,0,0,0.00,0.00,5.70,AVAILABLE,OUT_OF_RANGE,15320,0
2026-05-06 23:41:02.658,613.2989,,slider,0,0,0.00,0.00,5.70,AVAILABLE,OUT_OF_RANGE,15330,0
2026-05-06 23:41:03.058,613.6991,,slider,0,0,0.00,0.00,5.70,AVAILABLE,OUT_OF_RANGE,15340,0
2026-05-06 23:41:03.458,614.0992,,slider,0,0,0.00,0.00,5.70,AVAILABLE,OUT_OF_RANGE,15350,0
2026-05-06 23:41:03.858,614.4991,,slider,0,0,0.00,0.00,5.70,AVAILABLE,OUT_OF_RANGE,15360,0
2026-05-06 23:41:04.258,614.8993,,slider,0,0,0.00,0.00,5.70,AVAILABLE,OUT_OF_RANGE,15370,0
2026-05-06 23:41:04.658,615.2992,,slider,0,0,0.00,0.00,5.70,AVAILABLE,OUT_OF_RANGE,15380,0
2026-05-06 23:41:05.058,615.6992,,slider,0,0,0.00,0.00,5.70,AVAILABLE,OUT_OF_RANGE,15390,0
2026-05-06 23:41:05.458,616.0993,,slider,0,0,0.00,0.00,5.70,AVAILABLE,OUT_OF_RANGE,15400,0
2026-05-06 23:41:05.858,616.4993,,slider,0,0,0.00,0.00,5.70,AVAILABLE,OUT_OF_RANGE,15410,0
2026-05-06 23:41:06.258,616.8994,,slider,0,0,0.00,0.00,5.70,AVAILABLE,OUT_OF_RANGE,15420,0
2026-05-06 23:41:06.658,617.2994,,slider,0,0,0.00,0.00,5.70,AVAILABLE,OUT_OF_RANGE,15430,0
2026-05-06 23:41:07.058,617.6994,,slider,0,0,0.00,0.00,5.70,AVAILABLE,OUT_OF_RANGE,15440,0
2026-05-06 23:41:07.458,618.0994,,slider,0,0,0.00,0.00,5.70,AVAILABLE,OUT_OF_RANGE,15450,0
2026-05-06 23:41:07.859,618.4996,,slider,0,0,0.00,0.00,5.70,AVAILABLE,OUT_OF_RANGE,15460,0
2026-05-06 23:41:08.259,618.8996,,slider,0,0,0.00,0.00,5.70,AVAILABLE,OUT_OF_RANGE,15470,0
2026-05-06 23:41:08.659,619.2996,,slider,0,0,0.00,0.00,5.70,AVAILABLE,OUT_OF_RANGE,15480,0
2026-05-06 23:41:09.059,619.6997,,slider,0,0,0.00,0.00,5.70,AVAILABLE,OUT_OF_RANGE,15490,0
2026-05-06 23:41:09.459,620.0997,,slider,0,0,0.00,0.00,5.70,AVAILABLE,OUT_OF_RANGE,15500,0
2026-05-06 23:41:09.859,620.4996,,slider,0,0,0.00,0.00,5.70,AVAILABLE,OUT_OF_RANGE,15510,0
2026-05-06 23:41:10.259,620.8998,,slider,0,0,0.00,0.00,5.70,AVAILABLE,OUT_OF_RANGE,15520,0
2026-05-06 23:41:10.659,621.2997,,slider,0,0,0.00,0.00,5.70,AVAILABLE,OUT_OF_RANGE,15530,0
2026-05-06 23:41:11.059,621.6998,,slider,0,0,0.00,0.00,5.70,AVAILABLE,OUT_OF_RANGE,15540,0
2026-05-06 23:41:11.459,622.0999,,slider,0,0,0.00,0.00,5.70,AVAILABLE,OUT_OF_RANGE,15550,0
2026-05-06 23:41:11.859,622.4998,,slider,0,0,0.00,0.00,5.70,AVAILABLE,OUT_OF_RANGE,15560,0
2026-05-06 23:41:12.259,622.8999,,slider,0,0,0.00,0.00,5.70,AVAILABLE,OUT_OF_RANGE,15570,0
2026-05-06 23:41:12.659,623.3000,,slider,0,0,0.00,0.00,5.70,AVAILABLE,OUT_OF_RANGE,15580,0
2026-05-06 23:41:13.059,623.6999,,slider,0,0,0.00,0.00,5.70,AVAILABLE,OUT_OF_RANGE,15590,0
2026-05-06 23:41:13.459,624.0999,,slider,0,0,0.00,0.00,5.70,AVAILABLE,OUT_OF_RANGE,15600,0
2026-05-06 23:41:13.859,624.5000,,slider,0,0,0.00,0.00,5.70,AVAILABLE,OUT_OF_RANGE,15610,0
2026-05-06 23:41:14.259,624.9001,,slider,0,0,0.00,0.00,5.70,AVAILABLE,OUT_OF_RANGE,15620,0
2026-05-06 23:41:14.659,625.3001,,slider,0,0,0.00,0.00,5.70,AVAILABLE,OUT_OF_RANGE,15630,0
2026-05-06 23:41:15.059,625.7001,,slider,0,0,0.00,0.00,5.70,AVAILABLE,OUT_OF_RANGE,15640,0
2026-05-06 23:41:15.459,626.1002,,slider,0,0,0.00,0.00,5.70,AVAILABLE,OUT_OF_RANGE,15650,0
2026-05-06 23:41:15.860,626.5002,,slider,0,0,0.00,0.00,5.70,AVAILABLE,OUT_OF_RANGE,15660,0
2026-05-06 23:41:16.260,626.9003,,slider,0,0,0.00,0.00,5.70,AVAILABLE,OUT_OF_RANGE,15670,0
2026-05-06 23:41:16.660,627.3004,,slider,0,0,0.00,0.00,5.70,AVAILABLE,OUT_OF_RANGE,15680,0
2026-05-06 23:41:17.060,627.7003,,slider,0,0,0.00,0.00,5.70,AVAILABLE,OUT_OF_RANGE,15690,0
2026-05-06 23:41:17.460,628.1003,,slider,0,0,0.00,0.00,5.70,AVAILABLE,OUT_OF_RANGE,15700,0
2026-05-06 23:41:17.860,628.5005,,slider,0,0,0.00,0.00,5.70,AVAILABLE,OUT_OF_RANGE,15710,0
2026-05-06 23:41:18.260,628.9004,,slider,0,0,0.00,0.00,5.70,AVAILABLE,OUT_OF_RANGE,15720,0
2026-05-06 23:41:18.660,629.3006,,slider,0,0,0.00,0.00,5.70,AVAILABLE,OUT_OF_RANGE,15730,0
2026-05-06 23:41:19.060,629.7005,,slider,0,0,0.00,0.00,5.70,AVAILABLE,OUT_OF_RANGE,15740,0
2026-05-06 23:41:19.460,630.1006,,slider,0,0,0.00,0.00,5.70,AVAILABLE,OUT_OF_RANGE,15750,0
2026-05-06 23:41:19.860,630.5006,,slider,0,0,0.00,0.00,5.70,AVAILABLE,OUT_OF_RANGE,15760,0
2026-05-06 23:41:20.260,630.9006,,slider,0,0,0.00,0.00,5.70,AVAILABLE,OUT_OF_RANGE,15770,0
2026-05-06 23:41:20.660,631.3007,,slider,0,0,0.00,0.00,5.70,AVAILABLE,OUT_OF_RANGE,15780,0
2026-05-06 23:41:21.060,631.7008,,slider,0,0,0.00,0.00,5.70,AVAILABLE,OUT_OF_RANGE,15790,0
2026-05-06 23:41:21.460,632.1008,,slider,0,0,0.00,0.00,5.70,AVAILABLE,OUT_OF_RANGE,15800,0
2026-05-06 23:41:21.860,632.5008,,slider,0,0,0.00,0.00,5.70,AVAILABLE,OUT_OF_RANGE,15810,0
2026-05-06 23:41:22.242,632.8821,,slider,0,0,0.00,0.00,5.70,AVAILABLE,OUT_OF_RANGE,15820,0
2026-05-06 23:41:22.642,633.2826,,slider,0,0,0.00,0.00,5.70,AVAILABLE,OUT_OF_RANGE,15830,0
2026-05-06 23:41:23.060,633.7009,,slider,0,0,0.00,0.00,5.70,AVAILABLE,OUT_OF_RANGE,15840,0
2026-05-06 23:41:23.442,634.0822,,slider,0,0,0.00,0.00,5.70,AVAILABLE,OUT_OF_RANGE,15850,0
2026-05-06 23:41:23.842,634.4820,,slider,0,0,0.00,0.00,5.70,AVAILABLE,OUT_OF_RANGE,15860,0
2026-05-06 23:41:24.242,634.8826,,slider,0,0,0.00,0.00,5.70,AVAILABLE,OUT_OF_RANGE,15870,0
2026-05-06 23:41:24.642,635.2824,,slider,0,0,0.00,0.00,5.70,AVAILABLE,OUT_OF_RANGE,15880,0
2026-05-06 23:41:25.041,635.6819,,slider,0,0,0.00,0.00,5.70,AVAILABLE,OUT_OF_RANGE,15890,0
2026-05-06 23:41:25.442,636.0821,,slider,0,0,0.00,0.00,5.70,AVAILABLE,OUT_OF_RANGE,15900,0
2026-05-06 23:41:25.861,636.5012,,slider,0,0,0.00,0.00,5.70,AVAILABLE,OUT_OF_RANGE,15910,0
2026-05-06 23:41:26.242,636.8820,,slider,0,0,0.00,0.00,5.70,AVAILABLE,OUT_OF_RANGE,15920,0
2026-05-06 23:41:26.642,637.2820,,slider,0,0,0.00,0.00,5.70,AVAILABLE,OUT_OF_RANGE,15930,0
2026-05-06 23:41:27.042,637.6819,,slider,0,0,0.00,0.00,5.70,AVAILABLE,OUT_OF_RANGE,15940,0
2026-05-06 23:41:27.442,638.0825,,slider,0,0,0.00,0.00,5.70,AVAILABLE,OUT_OF_RANGE,15950,0
2026-05-06 23:41:27.842,638.4825,,slider,0,0,0.00,0.00,5.70,AVAILABLE,OUT_OF_RANGE,15960,0
2026-05-06 23:41:28.242,638.8820,,slider,0,0,0.00,0.00,5.70,AVAILABLE,OUT_OF_RANGE,15970,0
2026-05-06 23:41:28.643,639.2834,,slider,0,0,0.00,0.00,5.70,AVAILABLE,OUT_OF_RANGE,15980,0
2026-05-06 23:41:29.042,639.6822,,slider,0,0,0.00,0.00,5.70,AVAILABLE,OUT_OF_RANGE,15990,0
2026-05-06 23:41:29.442,640.0821,,slider,0,0,0.00,0.00,5.70,AVAILABLE,OUT_OF_RANGE,16000,0
2026-05-06 23:41:29.843,640.4834,,slider,0,0,0.00,0.00,5.70,AVAILABLE,OUT_OF_RANGE,16010,0
2026-05-06 23:41:30.242,640.8828,,slider,0,0,0.00,0.00,5.70,AVAILABLE,OUT_OF_RANGE,16020,0
2026-05-06 23:41:30.643,641.2830,,slider,0,0,0.00,0.00,5.70,AVAILABLE,OUT_OF_RANGE,16030,0
2026-05-06 23:41:31.043,641.6831,,slider,0,0,0.00,0.00,5.70,AVAILABLE,OUT_OF_RANGE,16040,0
2026-05-06 23:41:31.443,642.0833,,slider,0,0,0.00,0.00,5.70,AVAILABLE,OUT_OF_RANGE,16050,0
2026-05-06 23:41:31.842,642.4826,,slider,0,0,0.00,0.00,5.70,AVAILABLE,OUT_OF_RANGE,16060,0
2026-05-06 23:41:32.242,642.8827,,slider,0,0,0.00,0.00,5.70,AVAILABLE,OUT_OF_RANGE,16070,0
2026-05-06 23:41:32.643,643.2830,,slider,0,0,0.00,0.00,5.70,AVAILABLE,OUT_OF_RANGE,16080,0
2026-05-06 23:41:33.042,643.6826,,slider,0,0,0.00,0.00,5.70,AVAILABLE,OUT_OF_RANGE,16090,0
2026-05-06 23:41:33.443,644.0829,,slider,0,0,0.00,0.00,5.70,AVAILABLE,OUT_OF_RANGE,16100,0
2026-05-06 23:41:33.843,644.4836,,slider,0,0,0.00,0.00,5.70,AVAILABLE,OUT_OF_RANGE,16110,0
2026-05-06 23:41:34.243,644.8828,,slider,0,0,0.00,0.00,5.70,AVAILABLE,OUT_OF_RANGE,16120,0
2026-05-06 23:41:34.643,645.2830,,slider,0,0,0.00,0.00,5.70,AVAILABLE,OUT_OF_RANGE,16130,0
2026-05-06 23:41:35.043,645.6829,,slider,0,0,0.00,0.00,5.70,AVAILABLE,OUT_OF_RANGE,16140,0
2026-05-06 23:41:35.443,646.0831,,slider,0,0,0.00,0.00,5.70,AVAILABLE,OUT_OF_RANGE,16150,0
2026-05-06 23:41:35.843,646.4831,,slider,0,0,0.00,0.00,5.70,AVAILABLE,OUT_OF_RANGE,16160,0
2026-05-06 23:41:36.243,646.8829,,slider,0,0,0.00,0.00,5.70,AVAILABLE,OUT_OF_RANGE,16170,0
2026-05-06 23:41:36.643,647.2829,,slider,0,0,0.00,0.00,5.70,AVAILABLE,OUT_OF_RANGE,16180,0
2026-05-06 23:41:37.043,647.6830,,slider,0,0,0.00,0.00,5.70,AVAILABLE,OUT_OF_RANGE,16190,0
2026-05-06 23:41:37.444,648.0838,,slider,0,0,0.00,0.00,5.70,AVAILABLE,OUT_OF_RANGE,16200,0
2026-05-06 23:41:37.843,648.4831,,slider,0,0,0.00,0.00,5.70,AVAILABLE,OUT_OF_RANGE,16210,0
2026-05-06 23:41:38.243,648.8831,,slider,0,0,0.00,0.00,5.70,AVAILABLE,OUT_OF_RANGE,16220,0
2026-05-06 23:41:38.643,649.2833,,slider,0,0,0.00,0.00,5.70,AVAILABLE,OUT_OF_RANGE,16230,0
2026-05-06 23:41:39.043,649.6831,,slider,0,0,0.00,0.00,5.70,AVAILABLE,OUT_OF_RANGE,16240,0
2026-05-06 23:41:39.444,650.0836,,slider,0,0,0.00,0.00,5.70,AVAILABLE,OUT_OF_RANGE,16250,0
2026-05-06 23:41:39.844,650.4838,,slider,0,0,0.00,0.00,5.70,AVAILABLE,OUT_OF_RANGE,16260,0
2026-05-06 23:41:40.243,650.8833,,slider,0,0,0.00,0.00,5.70,AVAILABLE,OUT_OF_RANGE,16270,0
2026-05-06 23:41:40.644,651.2835,,slider,0,0,0.00,0.00,5.70,AVAILABLE,OUT_OF_RANGE,16280,0
2026-05-06 23:41:41.044,651.6836,,slider,0,0,0.00,0.00,5.70,AVAILABLE,OUT_OF_RANGE,16290,0
2026-05-06 23:41:41.444,652.0837,,slider,0,0,0.00,0.00,5.70,AVAILABLE,OUT_OF_RANGE,16300,0
2026-05-06 23:41:41.844,652.4835,,slider,0,0,0.00,0.00,5.70,AVAILABLE,OUT_OF_RANGE,16310,0
2026-05-06 23:41:42.243,652.8833,,slider,0,0,0.00,0.00,5.70,AVAILABLE,OUT_OF_RANGE,16320,0
2026-05-06 23:41:42.644,653.2841,,slider,0,0,0.00,0.00,5.70,AVAILABLE,OUT_OF_RANGE,16330,0
2026-05-06 23:41:43.044,653.6835,,slider,0,0,0.00,0.00,5.70,AVAILABLE,OUT_OF_RANGE,16340,0
2026-05-06 23:41:43.444,654.0840,,slider,0,0,0.00,0.00,5.70,AVAILABLE,OUT_OF_RANGE,16350,0
2026-05-06 23:41:43.844,654.4841,,slider,0,0,0.00,0.00,5.70,AVAILABLE,OUT_OF_RANGE,16360,0
2026-05-06 23:41:44.244,654.8838,,slider,0,0,0.00,0.00,5.70,AVAILABLE,OUT_OF_RANGE,16370,0
2026-05-06 23:41:44.644,655.2838,,slider,0,0,0.00,0.00,5.70,AVAILABLE,OUT_OF_RANGE,16380,0
2026-05-06 23:41:45.044,655.6837,,slider,0,0,0.00,0.00,5.70,AVAILABLE,OUT_OF_RANGE,16390,0
2026-05-06 23:41:45.444,656.0837,,slider,0,0,0.00,0.00,5.70,AVAILABLE,OUT_OF_RANGE,16400,0
2026-05-06 23:41:45.844,656.4837,,slider,0,0,0.00,0.00,5.70,AVAILABLE,OUT_OF_RANGE,16410,0
2026-05-06 23:41:46.244,656.8839,,slider,0,0,0.00,0.00,5.70,AVAILABLE,OUT_OF_RANGE,16420,0
2026-05-06 23:41:46.644,657.2838,,slider,0,0,0.00,0.00,5.70,AVAILABLE,OUT_OF_RANGE,16430,0
2026-05-06 23:41:47.044,657.6838,,slider,0,0,0.00,0.00,5.70,AVAILABLE,OUT_OF_RANGE,16440,0
2026-05-06 23:41:47.444,658.0840,,slider,0,0,0.00,0.00,5.70,AVAILABLE,OUT_OF_RANGE,16450,0
2026-05-06 23:41:47.844,658.4842,,slider,0,0,0.00,0.00,5.70,AVAILABLE,OUT_OF_RANGE,16460,0
2026-05-06 23:41:48.245,658.8845,,slider,0,0,0.00,0.00,5.70,AVAILABLE,OUT_OF_RANGE,16470,0
2026-05-06 23:41:48.644,659.2841,,slider,0,0,0.00,0.00,5.70,AVAILABLE,OUT_OF_RANGE,16480,0
2026-05-06 23:41:49.045,659.6845,,slider,0,0,0.00,0.00,5.70,AVAILABLE,OUT_OF_RANGE,16490,0
2026-05-06 23:41:49.445,660.0848,,slider,0,0,0.00,0.00,5.70,AVAILABLE,OUT_OF_RANGE,16500,0
2026-05-06 23:41:49.845,660.4851,,slider,0,0,0.00,0.00,5.70,AVAILABLE,OUT_OF_RANGE,16510,0
2026-05-06 23:41:50.245,660.8844,,slider,0,0,0.00,0.00,5.70,AVAILABLE,OUT_OF_RANGE,16520,0
2026-05-06 23:41:50.645,661.2844,,slider,0,0,0.00,0.00,5.70,AVAILABLE,OUT_OF_RANGE,16530,0
2026-05-06 23:41:51.045,661.6850,,slider,0,0,0.00,0.00,5.70,AVAILABLE,OUT_OF_RANGE,16540,0
2026-05-06 23:41:51.444,662.0841,,slider,0,0,0.00,0.00,5.70,AVAILABLE,OUT_OF_RANGE,16550,0
2026-05-06 23:41:51.846,662.4852,,slider,0,0,0.00,0.00,5.70,AVAILABLE,OUT_OF_RANGE,16560,0
2026-05-06 23:41:52.245,662.8851,,slider,0,0,0.00,0.00,5.70,AVAILABLE,OUT_OF_RANGE,16570,0
2026-05-06 23:41:52.645,663.2844,,slider,0,0,0.00,0.00,5.70,AVAILABLE,OUT_OF_RANGE,16580,0
2026-05-06 23:41:53.046,663.6852,,slider,0,0,0.00,0.00,5.70,AVAILABLE,OUT_OF_RANGE,16590,0
2026-05-06 23:41:53.445,664.0849,,slider,0,0,0.00,0.00,5.70,AVAILABLE,OUT_OF_RANGE,16600,0
2026-05-06 23:41:53.845,664.4845,,slider,0,0,0.00,0.00,5.70,AVAILABLE,OUT_OF_RANGE,16610,0
2026-05-06 23:41:54.245,664.8849,,slider,0,0,0.00,0.00,5.70,AVAILABLE,OUT_OF_RANGE,16620,0
2026-05-06 23:41:54.646,665.2852,,slider,0,0,0.00,0.00,5.70,AVAILABLE,OUT_OF_RANGE,16630,0
2026-05-06 23:41:55.045,665.6846,,slider,0,0,0.00,0.00,5.70,AVAILABLE,OUT_OF_RANGE,16640,0
2026-05-06 23:41:55.446,666.0851,,slider,0,0,0.00,0.00,5.70,AVAILABLE,OUT_OF_RANGE,16650,0
2026-05-06 23:41:55.845,666.4849,,slider,0,0,0.00,0.00,5.70,AVAILABLE,OUT_OF_RANGE,16660,0
2026-05-06 23:41:56.245,666.8850,,slider,0,0,0.00,0.00,5.70,AVAILABLE,OUT_OF_RANGE,16670,0
2026-05-06 23:41:56.646,667.2851,,slider,0,0,0.00,0.00,5.70,AVAILABLE,OUT_OF_RANGE,16680,0
2026-05-06 23:41:57.045,667.6849,,slider,0,0,0.00,0.00,5.70,AVAILABLE,OUT_OF_RANGE,16690,0
2026-05-06 23:41:57.445,668.0849,,slider,0,0,0.00,0.00,5.70,AVAILABLE,OUT_OF_RANGE,16700,0
2026-05-06 23:41:57.845,668.4847,,slider,0,0,0.00,0.00,5.70,AVAILABLE,OUT_OF_RANGE,16710,0
2026-05-06 23:41:58.245,668.8850,,slider,0,0,0.00,0.00,5.70,AVAILABLE,OUT_OF_RANGE,16720,0
2026-05-06 23:41:58.645,669.2850,,slider,0,0,0.00,0.00,5.70,AVAILABLE,OUT_OF_RANGE,16730,0
2026-05-06 23:41:59.045,669.6849,,slider,0,0,0.00,0.00,5.70,AVAILABLE,OUT_OF_RANGE,16740,0
2026-05-06 23:41:59.446,670.0851,,slider,0,0,0.00,0.00,5.70,AVAILABLE,OUT_OF_RANGE,16750,0
2026-05-06 23:41:59.846,670.4853,,slider,0,0,0.00,0.00,5.70,AVAILABLE,OUT_OF_RANGE,16760,0
2026-05-06 23:42:00.245,670.8849,,slider,0,0,0.00,0.00,5.70,AVAILABLE,OUT_OF_RANGE,16770,0
2026-05-06 23:42:00.646,671.2852,,slider,0,0,0.00,0.00,5.70,AVAILABLE,OUT_OF_RANGE,16780,0
2026-05-06 23:42:01.046,671.6849,,slider,0,0,0.00,0.00,5.70,AVAILABLE,OUT_OF_RANGE,16790,0
2026-05-06 23:42:01.446,672.0852,,slider,0,0,0.00,0.00,5.70,AVAILABLE,OUT_OF_RANGE,16800,0
2026-05-06 23:42:01.847,672.4863,,slider,0,0,0.00,0.00,5.70,AVAILABLE,OUT_OF_RANGE,16810,0
2026-05-06 23:42:02.246,672.8852,,slider,0,0,0.00,0.00,5.70,AVAILABLE,OUT_OF_RANGE,16820,0
2026-05-06 23:42:02.646,673.2854,,slider,0,0,0.00,0.00,5.70,AVAILABLE,OUT_OF_RANGE,16830,0
2026-05-06 23:42:03.046,673.6856,,slider,0,0,0.00,0.00,5.70,AVAILABLE,OUT_OF_RANGE,16840,0
2026-05-06 23:42:03.446,674.0852,,slider,0,0,0.00,0.00,5.70,AVAILABLE,OUT_OF_RANGE,16850,0
2026-05-06 23:42:03.846,674.4857,,slider,0,0,0.00,0.00,5.70,AVAILABLE,OUT_OF_RANGE,16860,0
2026-05-06 23:42:04.247,674.8862,,slider,0,0,0.00,0.00,5.70,AVAILABLE,OUT_OF_RANGE,16870,0
2026-05-06 23:42:04.646,675.2853,,slider,0,0,0.00,0.00,5.70,AVAILABLE,OUT_OF_RANGE,16880,0
2026-05-06 23:42:05.046,675.6857,,slider,0,0,0.00,0.00,5.70,AVAILABLE,OUT_OF_RANGE,16890,0
2026-05-06 23:42:05.446,676.0854,,slider,0,0,0.00,0.00,5.70,AVAILABLE,OUT_OF_RANGE,16900,0
2026-05-06 23:42:05.846,676.4858,,slider,0,0,0.00,0.00,5.70,AVAILABLE,OUT_OF_RANGE,16910,0
2026-05-06 23:42:06.247,676.8859,,slider,0,0,0.00,0.00,5.70,AVAILABLE,OUT_OF_RANGE,16920,0
2026-05-06 23:42:06.646,677.2854,,slider,0,0,0.00,0.00,5.70,AVAILABLE,OUT_OF_RANGE,16930,0
2026-05-06 23:42:07.046,677.6857,,slider,0,0,0.00,0.00,5.70,AVAILABLE,OUT_OF_RANGE,16940,0
2026-05-06 23:42:07.446,678.0856,,slider,0,0,0.00,0.00,5.70,AVAILABLE,OUT_OF_RANGE,16950,0
2026-05-06 23:42:07.846,678.4855,,slider,0,0,0.00,0.00,5.70,AVAILABLE,OUT_OF_RANGE,16960,0
2026-05-06 23:42:08.247,678.8860,,slider,0,0,0.00,0.00,5.70,AVAILABLE,OUT_OF_RANGE,16970,0
2026-05-06 23:42:08.646,679.2857,,slider,0,0,0.00,0.00,5.70,AVAILABLE,OUT_OF_RANGE,16980,0
2026-05-06 23:42:09.046,679.6856,,slider,0,0,0.00,0.00,5.70,AVAILABLE,OUT_OF_RANGE,16990,0
2026-05-06 23:42:09.447,680.0861,,slider,0,0,0.00,0.00,5.70,AVAILABLE,OUT_OF_RANGE,17000,0
2026-05-06 23:42:09.846,680.4856,,slider,0,0,0.00,0.00,5.70,AVAILABLE,OUT_OF_RANGE,17010,0
2026-05-06 23:42:10.247,680.8862,,slider,0,0,0.00,0.00,5.70,AVAILABLE,OUT_OF_RANGE,17020,0
2026-05-06 23:42:10.647,681.2861,,slider,0,0,0.00,0.00,5.70,AVAILABLE,OUT_OF_RANGE,17030,0
2026-05-06 23:42:11.047,681.6861,,slider,0,0,0.00,0.00,5.70,AVAILABLE,OUT_OF_RANGE,17040,0
2026-05-06 23:42:11.447,682.0863,,slider,0,0,0.00,0.00,5.70,AVAILABLE,OUT_OF_RANGE,17050,0
2026-05-06 23:42:11.847,682.4862,,slider,0,0,0.00,0.00,5.70,AVAILABLE,OUT_OF_RANGE,17060,0
2026-05-06 23:42:12.247,682.8862,,slider,0,0,0.00,0.00,5.70,AVAILABLE,OUT_OF_RANGE,17070,0
2026-05-06 23:42:12.647,683.2866,,slider,0,0,0.00,0.00,5.70,AVAILABLE,OUT_OF_RANGE,17080,0
2026-05-06 23:42:13.047,683.6862,,slider,0,0,0.00,0.00,5.70,AVAILABLE,OUT_OF_RANGE,17090,0
2026-05-06 23:42:13.447,684.0865,,slider,0,0,0.00,0.00,5.70,AVAILABLE,OUT_OF_RANGE,17100,0
2026-05-06 23:42:13.847,684.4864,,slider,0,0,0.00,0.00,5.70,AVAILABLE,OUT_OF_RANGE,17110,0
2026-05-06 23:42:14.247,684.8863,,slider,0,0,0.00,0.00,5.70,AVAILABLE,OUT_OF_RANGE,17120,0
2026-05-06 23:42:14.648,685.2866,,slider,0,0,0.00,0.00,5.70,AVAILABLE,OUT_OF_RANGE,17130,0
2026-05-06 23:42:15.048,685.6873,,slider,0,0,0.00,0.00,5.70,AVAILABLE,OUT_OF_RANGE,17140,0
2026-05-06 23:42:15.448,686.0867,,slider,0,0,0.00,0.00,5.70,AVAILABLE,OUT_OF_RANGE,17150,0
2026-05-06 23:42:15.848,686.4870,,slider,0,0,0.00,0.00,5.70,AVAILABLE,OUT_OF_RANGE,17160,0
2026-05-06 23:42:16.248,686.8866,,slider,0,0,0.00,0.00,5.70,AVAILABLE,OUT_OF_RANGE,17170,0
2026-05-06 23:42:16.649,687.2876,,slider,0,0,0.00,0.00,5.70,AVAILABLE,OUT_OF_RANGE,17180,0
2026-05-06 23:42:17.048,687.6866,,slider,0,0,0.00,0.00,5.70,AVAILABLE,OUT_OF_RANGE,17190,0
2026-05-06 23:42:17.448,688.0871,,slider,0,0,0.00,0.00,5.70,AVAILABLE,OUT_OF_RANGE,17200,0
2026-05-06 23:42:17.868,688.5066,,slider,0,0,0.00,0.00,5.70,AVAILABLE,OUT_OF_RANGE,17210,0
2026-05-06 23:42:18.247,688.8862,,slider,0,0,0.00,0.00,5.70,AVAILABLE,OUT_OF_RANGE,17220,0
2026-05-06 23:42:18.647,689.2863,,slider,0,0,0.00,0.00,5.70,AVAILABLE,OUT_OF_RANGE,17230,0
2026-05-06 23:42:19.048,689.6872,,slider,0,0,0.00,0.00,5.70,AVAILABLE,OUT_OF_RANGE,17240,0
2026-05-06 23:42:19.462,690.1009,,slider,0,0,0.00,0.00,5.70,AVAILABLE,OUT_OF_RANGE,17250,0
2026-05-06 23:42:19.862,690.5011,,slider,0,0,0.00,0.00,5.70,AVAILABLE,OUT_OF_RANGE,17260,0
2026-05-06 23:42:20.262,690.9013,,slider,0,0,0.00,0.00,5.70,AVAILABLE,OUT_OF_RANGE,17270,0
2026-05-06 23:42:20.662,691.3009,,slider,0,0,0.00,0.00,5.70,AVAILABLE,OUT_OF_RANGE,17280,0
2026-05-06 23:42:21.063,691.7014,,slider,0,0,0.00,0.00,5.70,AVAILABLE,OUT_OF_RANGE,17290,0
2026-05-06 23:42:21.463,692.1015,,slider,0,0,0.00,0.00,5.70,AVAILABLE,OUT_OF_RANGE,17300,0
2026-05-06 23:42:21.862,692.5013,,slider,0,0,0.00,0.00,5.70,AVAILABLE,OUT_OF_RANGE,17310,0
2026-05-06 23:42:22.262,692.9012,,slider,0,0,0.00,0.00,5.70,AVAILABLE,OUT_OF_RANGE,17320,0
2026-05-06 23:42:22.662,693.3013,,slider,0,0,0.00,0.00,5.70,AVAILABLE,OUT_OF_RANGE,17330,0
2026-05-06 23:42:23.054,693.6932,,slider,0,0,0.00,0.00,5.70,AVAILABLE,OUT_OF_RANGE,17340,0
2026-05-06 23:42:23.454,694.0927,,slider,0,0,0.00,0.00,5.70,AVAILABLE,OUT_OF_RANGE,17350,0
2026-05-06 23:42:23.854,694.4929,,slider,0,0,0.00,0.00,5.70,AVAILABLE,OUT_OF_RANGE,17360,0
2026-05-06 23:42:24.254,694.8930,,slider,0,0,0.00,0.00,5.70,AVAILABLE,OUT_OF_RANGE,17370,0
2026-05-06 23:42:24.652,695.2910,,slider,0,0,0.00,0.00,5.70,AVAILABLE,OUT_OF_RANGE,17380,0
2026-05-06 23:42:25.052,695.6911,,slider,0,0,0.00,0.00,5.70,AVAILABLE,OUT_OF_RANGE,17390,0
2026-05-06 23:42:25.452,696.0912,,slider,0,0,0.00,0.00,5.70,AVAILABLE,OUT_OF_RANGE,17400,0
2026-05-06 23:42:25.853,696.4917,,slider,0,0,0.00,0.00,5.70,AVAILABLE,OUT_OF_RANGE,17410,0
2026-05-06 23:42:26.253,696.8915,,slider,0,0,0.00,0.00,5.70,AVAILABLE,OUT_OF_RANGE,17420,0
2026-05-06 23:42:26.652,697.2912,,slider,0,0,0.00,0.00,5.70,AVAILABLE,OUT_OF_RANGE,17430,0
2026-05-06 23:42:27.053,697.6913,,slider,0,0,0.00,0.00,5.70,AVAILABLE,OUT_OF_RANGE,17440,0
2026-05-06 23:42:27.453,698.0916,,slider,0,0,0.00,0.00,5.70,AVAILABLE,OUT_OF_RANGE,17450,0
2026-05-06 23:42:27.856,698.4948,,slider,0,0,0.00,0.00,5.70,AVAILABLE,OUT_OF_RANGE,17460,0
2026-05-06 23:42:28.259,698.8981,,slider,0,0,0.00,0.00,5.70,AVAILABLE,OUT_OF_RANGE,17470,0
2026-05-06 23:42:28.659,699.2981,,slider,0,0,0.00,0.00,5.70,AVAILABLE,OUT_OF_RANGE,17480,0
2026-05-06 23:42:29.059,699.6981,,slider,0,0,0.00,0.00,5.70,AVAILABLE,OUT_OF_RANGE,17490,0
2026-05-06 23:42:29.460,700.0989,,slider,0,0,0.00,0.00,5.70,AVAILABLE,OUT_OF_RANGE,17500,0
2026-05-06 23:42:29.860,700.4989,,slider,0,0,0.00,0.00,5.70,AVAILABLE,OUT_OF_RANGE,17510,0
2026-05-06 23:42:30.260,700.8989,,slider,0,0,0.00,0.00,5.70,AVAILABLE,OUT_OF_RANGE,17520,0
2026-05-06 23:42:30.660,701.2991,,slider,0,0,0.00,0.00,5.70,AVAILABLE,OUT_OF_RANGE,17530,0
2026-05-06 23:42:31.060,701.6990,,slider,0,0,0.00,0.00,5.70,AVAILABLE,OUT_OF_RANGE,17540,0
2026-05-06 23:42:31.460,702.0990,,slider,0,0,0.00,0.00,5.70,AVAILABLE,OUT_OF_RANGE,17550,0
2026-05-06 23:42:31.861,702.4995,,slider,0,0,0.00,0.00,5.70,AVAILABLE,OUT_OF_RANGE,17560,0
2026-05-06 23:42:32.261,702.8993,,slider,0,0,0.00,0.00,5.70,AVAILABLE,OUT_OF_RANGE,17570,0
2026-05-06 23:42:32.661,703.2992,,slider,0,0,0.00,0.00,5.70,AVAILABLE,OUT_OF_RANGE,17580,0
2026-05-06 23:42:33.061,703.6992,,slider,0,0,0.00,0.00,5.70,AVAILABLE,OUT_OF_RANGE,17590,0
2026-05-06 23:42:33.461,704.0991,,slider,0,0,0.00,0.00,5.70,AVAILABLE,OUT_OF_RANGE,17600,0
2026-05-06 23:42:33.845,704.4831,,slider,0,0,0.00,0.00,5.70,AVAILABLE,OUT_OF_RANGE,17610,0
2026-05-06 23:42:34.244,704.8824,,slider,0,0,0.00,0.00,5.70,AVAILABLE,OUT_OF_RANGE,17620,0
2026-05-06 23:42:34.644,705.2827,,slider,0,0,0.00,0.00,5.70,AVAILABLE,OUT_OF_RANGE,17630,0
2026-05-06 23:42:35.063,705.7016,,slider,0,0,0.00,0.00,5.70,AVAILABLE,OUT_OF_RANGE,17640,0
2026-05-06 23:42:35.447,706.0852,,slider,0,0,0.00,0.00,5.70,AVAILABLE,OUT_OF_RANGE,17650,0
2026-05-06 23:42:35.847,706.4854,,slider,0,0,0.00,0.00,5.70,AVAILABLE,OUT_OF_RANGE,17660,0
2026-05-06 23:42:36.247,706.8853,,slider,0,0,0.00,0.00,5.70,AVAILABLE,OUT_OF_RANGE,17670,0
2026-05-06 23:42:36.647,707.2855,,slider,0,0,0.00,0.00,5.70,AVAILABLE,OUT_OF_RANGE,17680,0
2026-05-06 23:42:37.047,707.6854,,slider,0,0,0.00,0.00,5.70,AVAILABLE,OUT_OF_RANGE,17690,0
2026-05-06 23:42:37.447,708.0855,,slider,0,0,0.00,0.00,5.70,AVAILABLE,OUT_OF_RANGE,17700,0
2026-05-06 23:42:37.847,708.4855,,slider,0,0,0.00,0.00,5.70,AVAILABLE,OUT_OF_RANGE,17710,0
2026-05-06 23:42:38.247,708.8855,,slider,0,0,0.00,0.00,5.70,AVAILABLE,OUT_OF_RANGE,17720,0
2026-05-06 23:42:38.647,709.2855,,slider,0,0,0.00,0.00,5.70,AVAILABLE,OUT_OF_RANGE,17730,0
2026-05-06 23:42:39.047,709.6856,,slider,0,0,0.00,0.00,5.70,AVAILABLE,OUT_OF_RANGE,17740,0
2026-05-06 23:42:39.450,710.0880,,slider,0,0,0.00,0.00,5.70,AVAILABLE,OUT_OF_RANGE,17750,0
2026-05-06 23:42:39.849,710.4870,,slider,0,0,0.00,0.00,5.70,AVAILABLE,OUT_OF_RANGE,17760,0
2026-05-06 23:42:40.249,710.8878,,slider,0,0,0.00,0.00,5.70,AVAILABLE,OUT_OF_RANGE,17770,0
2026-05-06 23:42:40.647,711.2857,,slider,0,0,0.00,0.00,5.70,AVAILABLE,OUT_OF_RANGE,17780,0
2026-05-06 23:42:41.049,711.6878,,slider,0,0,0.00,0.00,5.70,AVAILABLE,OUT_OF_RANGE,17790,0
2026-05-06 23:42:41.448,712.0861,,slider,0,0,0.00,0.00,5.70,AVAILABLE,OUT_OF_RANGE,17800,0
2026-05-06 23:42:41.849,712.4869,,slider,0,0,0.00,0.00,5.70,AVAILABLE,OUT_OF_RANGE,17810,0
2026-05-06 23:42:42.248,712.8866,,slider,0,0,0.00,0.00,5.70,AVAILABLE,OUT_OF_RANGE,17820,0
2026-05-06 23:42:42.648,713.2866,,slider,0,0,0.00,0.00,5.70,AVAILABLE,OUT_OF_RANGE,17830,0
2026-05-06 23:42:43.048,713.6864,,slider,0,0,0.00,0.00,5.70,AVAILABLE,OUT_OF_RANGE,17840,0
2026-05-06 23:42:43.448,714.0866,,slider,0,0,0.00,0.00,5.70,AVAILABLE,OUT_OF_RANGE,17850,0
2026-05-06 23:42:43.848,714.4865,,slider,0,0,0.00,0.00,5.70,AVAILABLE,OUT_OF_RANGE,17860,0
2026-05-06 23:42:44.248,714.8866,,slider,0,0,0.00,0.00,5.70,AVAILABLE,OUT_OF_RANGE,17870,0
2026-05-06 23:42:44.648,715.2866,,slider,0,0,0.00,0.00,5.70,AVAILABLE,OUT_OF_RANGE,17880,0
2026-05-06 23:42:45.048,715.6864,,slider,0,0,0.00,0.00,5.70,AVAILABLE,OUT_OF_RANGE,17890,0
2026-05-06 23:42:45.449,716.0867,,slider,0,0,0.00,0.00,5.70,AVAILABLE,OUT_OF_RANGE,17900,0
2026-05-06 23:42:45.848,716.4866,,slider,0,0,0.00,0.00,5.70,AVAILABLE,OUT_OF_RANGE,17910,0
2026-05-06 23:42:46.249,716.8871,,slider,0,0,0.00,0.00,5.70,AVAILABLE,OUT_OF_RANGE,17920,0
2026-05-06 23:42:46.649,717.2868,,slider,0,0,0.00,0.00,5.70,AVAILABLE,OUT_OF_RANGE,17930,0
2026-05-06 23:42:47.049,717.6869,,slider,0,0,0.00,0.00,5.70,AVAILABLE,OUT_OF_RANGE,17940,0
2026-05-06 23:42:47.460,718.0981,,slider,0,0,0.00,0.00,5.70,AVAILABLE,OUT_OF_RANGE,17950,0
2026-05-06 23:42:47.860,718.4984,,slider,0,0,0.00,0.00,5.70,AVAILABLE,OUT_OF_RANGE,17960,0
2026-05-06 23:42:48.260,718.8984,,slider,0,0,0.00,0.00,5.70,AVAILABLE,OUT_OF_RANGE,17970,0
2026-05-06 23:42:48.654,719.2918,,slider,0,0,0.00,0.00,5.70,AVAILABLE,OUT_OF_RANGE,17980,0
2026-05-06 23:42:49.058,719.6965,,slider,0,0,0.00,0.00,5.70,AVAILABLE,OUT_OF_RANGE,17990,0
2026-05-06 23:42:49.458,720.0964,,slider,0,0,0.00,0.00,5.70,AVAILABLE,OUT_OF_RANGE,18000,0
2026-05-06 23:42:49.859,720.4967,,slider,0,0,0.00,0.00,5.70,AVAILABLE,OUT_OF_RANGE,18010,0
2026-05-06 23:42:50.259,720.8967,,slider,0,0,0.00,0.00,5.70,AVAILABLE,OUT_OF_RANGE,18020,0
2026-05-06 23:42:50.658,721.2965,,slider,0,0,0.00,0.00,5.70,AVAILABLE,OUT_OF_RANGE,18030,0
2026-05-06 23:42:51.059,721.6970,,slider,0,0,0.00,0.00,5.70,AVAILABLE,OUT_OF_RANGE,18040,0
2026-05-06 23:42:51.459,722.0967,,slider,0,0,0.00,0.00,5.70,AVAILABLE,OUT_OF_RANGE,18050,0
2026-05-06 23:42:51.859,722.4969,,slider,0,0,0.00,0.00,5.70,AVAILABLE,OUT_OF_RANGE,18060,0
2026-05-06 23:42:52.259,722.8973,,slider,0,0,0.00,0.00,5.70,AVAILABLE,OUT_OF_RANGE,18070,0
2026-05-06 23:42:52.659,723.2968,,slider,0,0,0.00,0.00,5.70,AVAILABLE,OUT_OF_RANGE,18080,0
2026-05-06 23:42:53.059,723.6970,,slider,0,0,0.00,0.00,5.70,AVAILABLE,OUT_OF_RANGE,18090,0
2026-05-06 23:42:53.459,724.0969,,slider,0,0,0.00,0.00,5.70,AVAILABLE,OUT_OF_RANGE,18100,0
2026-05-06 23:42:53.859,724.4971,,slider,0,0,0.00,0.00,5.70,AVAILABLE,OUT_OF_RANGE,18110,0
2026-05-06 23:42:54.259,724.8971,,slider,0,0,0.00,0.00,5.70,AVAILABLE,OUT_OF_RANGE,18120,0
2026-05-06 23:42:54.659,725.2973,,slider,0,0,0.00,0.00,5.70,AVAILABLE,OUT_OF_RANGE,18130,0
2026-05-06 23:42:55.059,725.6972,,slider,0,0,0.00,0.00,5.70,AVAILABLE,OUT_OF_RANGE,18140,0
2026-05-06 23:42:55.459,726.0974,,slider,0,0,0.00,0.00,5.70,AVAILABLE,OUT_OF_RANGE,18150,0
2026-05-06 23:42:55.860,726.4977,,slider,0,0,0.00,0.00,5.70,AVAILABLE,OUT_OF_RANGE,18160,0
2026-05-06 23:42:56.260,726.8974,,slider,0,0,0.00,0.00,5.70,AVAILABLE,OUT_OF_RANGE,18170,0
2026-05-06 23:42:56.659,727.2973,,slider,0,0,0.00,0.00,5.70,AVAILABLE,OUT_OF_RANGE,18180,0
2026-05-06 23:42:57.059,727.6972,,slider,0,0,0.00,0.00,5.70,AVAILABLE,OUT_OF_RANGE,18190,0
2026-05-06 23:42:57.460,728.0974,,slider,0,0,0.00,0.00,5.70,AVAILABLE,OUT_OF_RANGE,18200,0
2026-05-06 23:42:57.860,728.4974,,slider,0,0,0.00,0.00,5.70,AVAILABLE,OUT_OF_RANGE,18210,0
2026-05-06 23:42:58.260,728.8974,,slider,0,0,0.00,0.00,5.70,AVAILABLE,OUT_OF_RANGE,18220,0
2026-05-06 23:42:58.660,729.2978,,slider,0,0,0.00,0.00,5.70,AVAILABLE,OUT_OF_RANGE,18230,0
2026-05-06 23:42:59.060,729.6980,,slider,0,0,0.00,0.00,5.70,AVAILABLE,OUT_OF_RANGE,18240,0
2026-05-06 23:42:59.460,730.0977,,slider,0,0,0.00,0.00,5.70,AVAILABLE,OUT_OF_RANGE,18250,0
2026-05-06 23:42:59.860,730.4976,,slider,0,0,0.00,0.00,5.70,AVAILABLE,OUT_OF_RANGE,18260,0
2026-05-06 23:43:00.260,730.8978,,slider,0,0,0.00,0.00,5.70,AVAILABLE,OUT_OF_RANGE,18270,0
2026-05-06 23:43:00.660,731.2975,,slider,0,0,0.00,0.00,5.70,AVAILABLE,OUT_OF_RANGE,18280,0
2026-05-06 23:43:01.060,731.6977,,slider,0,0,0.00,0.00,5.70,AVAILABLE,OUT_OF_RANGE,18290,0
2026-05-06 23:43:01.460,732.0976,,slider,0,0,0.00,0.00,5.70,AVAILABLE,OUT_OF_RANGE,18300,0
2026-05-06 23:43:01.860,732.4977,,slider,0,0,0.00,0.00,5.70,AVAILABLE,OUT_OF_RANGE,18310,0
2026-05-06 23:43:02.257,732.8949,,slider,0,0,0.00,0.00,5.70,AVAILABLE,OUT_OF_RANGE,18320,0
2026-05-06 23:43:02.660,733.2978,,slider,0,0,0.00,0.00,5.70,AVAILABLE,OUT_OF_RANGE,18330,0
2026-05-06 23:43:03.060,733.6981,,slider,0,0,0.00,0.00,5.70,AVAILABLE,OUT_OF_RANGE,18340,0
2026-05-06 23:43:03.460,734.0978,,slider,0,0,0.00,0.00,5.70,AVAILABLE,OUT_OF_RANGE,18350,0
2026-05-06 23:43:03.860,734.4981,,slider,0,0,0.00,0.00,5.70,AVAILABLE,OUT_OF_RANGE,18360,0
2026-05-06 23:43:04.260,734.8978,,slider,0,0,0.00,0.00,5.70,AVAILABLE,OUT_OF_RANGE,18370,0
2026-05-06 23:43:04.660,735.2979,,slider,0,0,0.00,0.00,5.70,AVAILABLE,OUT_OF_RANGE,18380,0
2026-05-06 23:43:05.060,735.6981,,slider,0,0,0.00,0.00,5.70,AVAILABLE,OUT_OF_RANGE,18390,0
2026-05-06 23:43:05.460,736.0981,,slider,0,0,0.00,0.00,5.70,AVAILABLE,OUT_OF_RANGE,18400,0
2026-05-06 23:43:05.860,736.4980,,slider,0,0,0.00,0.00,5.70,AVAILABLE,OUT_OF_RANGE,18410,0
2026-05-06 23:43:06.261,736.8981,,slider,0,0,0.00,0.00,5.70,AVAILABLE,OUT_OF_RANGE,18420,0
2026-05-06 23:43:06.661,737.2984,,slider,0,0,0.00,0.00,5.70,AVAILABLE,OUT_OF_RANGE,18430,0
2026-05-06 23:43:07.061,737.6981,,slider,0,0,0.00,0.00,5.70,AVAILABLE,OUT_OF_RANGE,18440,0
2026-05-06 23:43:07.461,738.0982,,slider,0,0,0.00,0.00,5.70,AVAILABLE,OUT_OF_RANGE,18450,0
2026-05-06 23:43:07.860,738.4980,,slider,0,0,0.00,0.00,5.70,AVAILABLE,OUT_OF_RANGE,18460,0
2026-05-06 23:43:08.261,738.8981,,slider,0,0,0.00,0.00,5.70,AVAILABLE,OUT_OF_RANGE,18470,0
2026-05-06 23:43:08.661,739.2981,,slider,0,0,0.00,0.00,5.70,AVAILABLE,OUT_OF_RANGE,18480,0
2026-05-06 23:43:09.061,739.6982,,slider,0,0,0.00,0.00,5.70,AVAILABLE,OUT_OF_RANGE,18490,0
2026-05-06 23:43:09.461,740.0981,,slider,0,0,0.00,0.00,5.70,AVAILABLE,OUT_OF_RANGE,18500,0
2026-05-06 23:43:09.861,740.4984,,slider,0,0,0.00,0.00,5.70,AVAILABLE,OUT_OF_RANGE,18510,0
2026-05-06 23:43:10.261,740.8983,,slider,0,0,0.00,0.00,5.70,AVAILABLE,OUT_OF_RANGE,18520,0
2026-05-06 23:43:10.661,741.2985,,slider,0,0,0.00,0.00,5.70,AVAILABLE,OUT_OF_RANGE,18530,0
2026-05-06 23:43:11.061,741.6987,,slider,0,0,0.00,0.00,5.70,AVAILABLE,OUT_OF_RANGE,18540,0
2026-05-06 23:43:11.461,742.0985,,slider,0,0,0.00,0.00,5.70,AVAILABLE,OUT_OF_RANGE,18550,0
2026-05-06 23:43:11.861,742.4985,,slider,0,0,0.00,0.00,5.70,AVAILABLE,OUT_OF_RANGE,18560,0
2026-05-06 23:43:12.261,742.8985,,slider,0,0,0.00,0.00,5.70,AVAILABLE,OUT_OF_RANGE,18570,0
2026-05-06 23:43:12.661,743.2985,,slider,0,0,0.00,0.00,5.70,AVAILABLE,OUT_OF_RANGE,18580,0
2026-05-06 23:43:13.061,743.6985,,slider,0,0,0.00,0.00,5.70,AVAILABLE,OUT_OF_RANGE,18590,0
2026-05-06 23:43:13.451,744.0887,,slider,0,0,0.00,0.00,5.70,AVAILABLE,OUT_OF_RANGE,18600,0
2026-05-06 23:43:13.852,744.4889,,slider,0,0,0.00,0.00,5.70,AVAILABLE,OUT_OF_RANGE,18610,0
2026-05-06 23:43:14.252,744.8891,,slider,0,0,0.00,0.00,5.70,AVAILABLE,OUT_OF_RANGE,18620,0
2026-05-06 23:43:14.652,745.2889,,slider,0,0,0.00,0.00,5.70,AVAILABLE,OUT_OF_RANGE,18630,0
2026-05-06 23:43:15.052,745.6889,,slider,0,0,0.00,0.00,5.70,AVAILABLE,OUT_OF_RANGE,18640,0
2026-05-06 23:43:15.460,746.0971,,slider,0,0,0.00,0.00,5.70,AVAILABLE,OUT_OF_RANGE,18650,0
2026-05-06 23:43:15.860,746.4974,,slider,0,0,0.00,0.00,5.70,AVAILABLE,OUT_OF_RANGE,18660,0
2026-05-06 23:43:16.260,746.8975,,slider,0,0,0.00,0.00,5.70,AVAILABLE,OUT_OF_RANGE,18670,0
2026-05-06 23:43:16.660,747.2972,,slider,0,0,0.00,0.00,5.70,AVAILABLE,OUT_OF_RANGE,18680,0
2026-05-06 23:43:17.060,747.6975,,slider,0,0,0.00,0.00,5.70,AVAILABLE,OUT_OF_RANGE,18690,0
2026-05-06 23:43:17.460,748.0974,,slider,0,0,0.00,0.00,5.70,AVAILABLE,OUT_OF_RANGE,18700,0
2026-05-06 23:43:17.862,748.4991,,slider,0,0,0.00,0.00,5.70,AVAILABLE,OUT_OF_RANGE,18710,0
2026-05-06 23:43:18.262,748.8991,,slider,0,0,0.00,0.00,5.70,AVAILABLE,OUT_OF_RANGE,18720,0
2026-05-06 23:43:18.662,749.2991,,slider,0,0,0.00,0.00,5.70,AVAILABLE,OUT_OF_RANGE,18730,0
2026-05-06 23:43:19.062,749.6990,,slider,0,0,0.00,0.00,5.70,AVAILABLE,OUT_OF_RANGE,18740,0
2026-05-06 23:43:19.462,750.0991,,slider,0,0,0.00,0.00,5.70,AVAILABLE,OUT_OF_RANGE,18750,0
2026-05-06 23:43:19.862,750.4991,,slider,0,0,0.00,0.00,5.70,AVAILABLE,OUT_OF_RANGE,18760,0
2026-05-06 23:43:20.262,750.8992,,slider,0,0,0.00,0.00,5.70,AVAILABLE,OUT_OF_RANGE,18770,0
2026-05-06 23:43:20.662,751.2991,,slider,0,0,0.00,0.00,5.70,AVAILABLE,OUT_OF_RANGE,18780,0
2026-05-06 23:43:21.062,751.6991,,slider,0,0,0.00,0.00,5.70,AVAILABLE,OUT_OF_RANGE,18790,0
2026-05-06 23:43:21.462,752.0992,,slider,0,0,0.00,0.00,5.70,AVAILABLE,OUT_OF_RANGE,18800,0
2026-05-06 23:43:21.862,752.4992,,slider,0,0,0.00,0.00,5.70,AVAILABLE,OUT_OF_RANGE,18810,0
2026-05-06 23:43:22.262,752.8992,,slider,0,0,0.00,0.00,5.70,AVAILABLE,OUT_OF_RANGE,18820,0
2026-05-06 23:43:22.663,753.2998,,slider,0,0,0.00,0.00,5.70,AVAILABLE,OUT_OF_RANGE,18830,0
2026-05-06 23:43:23.062,753.6994,,slider,0,0,0.00,0.00,5.70,AVAILABLE,OUT_OF_RANGE,18840,0
2026-05-06 23:43:23.463,754.0996,,slider,0,0,0.00,0.00,5.70,AVAILABLE,OUT_OF_RANGE,18850,0
2026-05-06 23:43:23.862,754.4994,,slider,0,0,0.00,0.00,5.70,AVAILABLE,OUT_OF_RANGE,18860,0
2026-05-06 23:43:24.262,754.8995,,slider,0,0,0.00,0.00,5.70,AVAILABLE,OUT_OF_RANGE,18870,0
2026-05-06 23:43:24.662,755.2996,,slider,0,0,0.00,0.00,5.70,AVAILABLE,OUT_OF_RANGE,18880,0
2026-05-06 23:43:25.063,755.6996,,slider,0,0,0.00,0.00,5.70,AVAILABLE,OUT_OF_RANGE,18890,0
2026-05-06 23:43:25.463,756.0997,,slider,0,0,0.00,0.00,5.70,AVAILABLE,OUT_OF_RANGE,18900,0
2026-05-06 23:43:25.863,756.4997,,slider,0,0,0.00,0.00,5.70,AVAILABLE,OUT_OF_RANGE,18910,0
2026-05-06 23:43:26.263,756.8997,,slider,0,0,0.00,0.00,5.70,AVAILABLE,OUT_OF_RANGE,18920,0
2026-05-06 23:43:26.663,757.3000,,slider,0,0,0.00,0.00,5.70,AVAILABLE,OUT_OF_RANGE,18930,0
2026-05-06 23:43:27.063,757.6998,,slider,0,0,0.00,0.00,5.70,AVAILABLE,OUT_OF_RANGE,18940,0
2026-05-06 23:43:27.463,758.0998,,slider,0,0,0.00,0.00,5.70,AVAILABLE,OUT_OF_RANGE,18950,0
2026-05-06 23:43:27.863,758.5002,,slider,0,0,0.00,0.00,5.70,AVAILABLE,OUT_OF_RANGE,18960,0
2026-05-06 23:43:28.263,758.9003,,slider,0,0,0.00,0.00,5.70,AVAILABLE,OUT_OF_RANGE,18970,0
2026-05-06 23:43:28.663,759.3000,,slider,0,0,0.00,0.00,5.70,AVAILABLE,OUT_OF_RANGE,18980,0
2026-05-06 23:43:29.063,759.7001,,slider,0,0,0.00,0.00,5.70,AVAILABLE,OUT_OF_RANGE,18990,0
2026-05-06 23:43:29.463,760.1001,,slider,0,0,0.00,0.00,5.70,AVAILABLE,OUT_OF_RANGE,19000,0
2026-05-06 23:43:29.863,760.5002,,slider,0,0,0.00,0.00,5.70,AVAILABLE,OUT_OF_RANGE,19010,0
2026-05-06 23:43:30.263,760.9002,,slider,0,0,0.00,0.00,5.70,AVAILABLE,OUT_OF_RANGE,19020,0
2026-05-06 23:43:30.663,761.3002,,slider,0,0,0.00,0.00,5.70,AVAILABLE,OUT_OF_RANGE,19030,0
2026-05-06 23:43:31.063,761.7003,,slider,0,0,0.00,0.00,5.70,AVAILABLE,OUT_OF_RANGE,19040,0
2026-05-06 23:43:31.464,762.1006,,slider,0,0,0.00,0.00,5.70,AVAILABLE,OUT_OF_RANGE,19050,0
2026-05-06 23:43:31.863,762.5004,,slider,0,0,0.00,0.00,5.70,AVAILABLE,OUT_OF_RANGE,19060,0
2026-05-06 23:43:32.264,762.9004,,slider,0,0,0.00,0.00,5.70,AVAILABLE,OUT_OF_RANGE,19070,0
2026-05-06 23:43:32.664,763.3005,,slider,0,0,0.00,0.00,5.70,AVAILABLE,OUT_OF_RANGE,19080,0
2026-05-06 23:43:33.064,763.7005,,slider,0,0,0.00,0.00,5.70,AVAILABLE,OUT_OF_RANGE,19090,0
2026-05-06 23:43:33.464,764.1006,,slider,0,0,0.00,0.00,5.70,AVAILABLE,OUT_OF_RANGE,19100,0
2026-05-06 23:43:33.864,764.5006,,slider,0,0,0.00,0.00,5.70,AVAILABLE,OUT_OF_RANGE,19110,0
2026-05-06 23:43:34.264,764.9006,,slider,0,0,0.00,0.00,5.70,AVAILABLE,OUT_OF_RANGE,19120,0
2026-05-06 23:43:34.664,765.3008,,slider,0,0,0.00,0.00,5.70,AVAILABLE,OUT_OF_RANGE,19130,0
2026-05-06 23:43:35.064,765.7007,,slider,0,0,0.00,0.00,5.70,AVAILABLE,OUT_OF_RANGE,19140,0
2026-05-06 23:43:35.464,766.1007,,slider,0,0,0.00,0.00,5.70,AVAILABLE,OUT_OF_RANGE,19150,0
2026-05-06 23:43:35.864,766.5011,,slider,0,0,0.00,0.00,5.70,AVAILABLE,OUT_OF_RANGE,19160,0
2026-05-06 23:43:36.264,766.9009,,slider,0,0,0.00,0.00,5.70,AVAILABLE,OUT_OF_RANGE,19170,0
2026-05-06 23:43:36.664,767.3009,,slider,0,0,0.00,0.00,5.70,AVAILABLE,OUT_OF_RANGE,19180,0
2026-05-06 23:43:37.064,767.7009,,slider,0,0,0.00,0.00,5.70,AVAILABLE,OUT_OF_RANGE,19190,0
2026-05-06 23:43:37.464,768.1011,,slider,0,0,0.00,0.00,5.70,AVAILABLE,OUT_OF_RANGE,19200,0
2026-05-06 23:43:37.864,768.5010,,slider,0,0,0.00,0.00,5.70,AVAILABLE,OUT_OF_RANGE,19210,0
2026-05-06 23:43:38.264,768.9011,,slider,0,0,0.00,0.00,5.70,AVAILABLE,OUT_OF_RANGE,19220,0
2026-05-06 23:43:38.664,769.3011,,slider,0,0,0.00,0.00,5.70,AVAILABLE,OUT_OF_RANGE,19230,0
2026-05-06 23:43:39.065,769.7012,,slider,0,0,0.00,0.00,5.70,AVAILABLE,OUT_OF_RANGE,19240,0
2026-05-06 23:43:39.465,770.1012,,slider,0,0,0.00,0.00,5.70,AVAILABLE,OUT_OF_RANGE,19250,0
2026-05-06 23:43:39.865,770.5013,,slider,0,0,0.00,0.00,5.70,AVAILABLE,OUT_OF_RANGE,19260,0
2026-05-06 23:43:40.265,770.9014,,slider,0,0,0.00,0.00,5.70,AVAILABLE,OUT_OF_RANGE,19270,0
2026-05-06 23:43:40.665,771.3014,,slider,0,0,0.00,0.00,5.70,AVAILABLE,OUT_OF_RANGE,19280,0
2026-05-06 23:43:41.065,771.7014,,slider,0,0,0.00,0.00,5.70,AVAILABLE,OUT_OF_RANGE,19290,0
2026-05-06 23:43:41.447,772.0833,,slider,0,0,0.00,0.00,5.70,AVAILABLE,OUT_OF_RANGE,19300,0
2026-05-06 23:43:41.865,772.5015,,slider,0,0,0.00,0.00,5.70,AVAILABLE,OUT_OF_RANGE,19310,0
2026-05-06 23:43:42.265,772.9015,,slider,0,0,0.00,0.00,5.70,AVAILABLE,OUT_OF_RANGE,19320,0
2026-05-06 23:43:42.665,773.3016,,slider,0,0,0.00,0.00,5.70,AVAILABLE,OUT_OF_RANGE,19330,0
2026-05-06 23:43:43.047,773.6832,,slider,0,0,0.00,0.00,5.70,AVAILABLE,OUT_OF_RANGE,19340,0
2026-05-06 23:43:43.465,774.1017,,slider,0,0,0.00,0.00,5.70,AVAILABLE,OUT_OF_RANGE,19350,0
2026-05-06 23:43:43.847,774.4833,,slider,0,0,0.00,0.00,5.70,AVAILABLE,OUT_OF_RANGE,19360,0
2026-05-06 23:43:44.265,774.9018,,slider,0,0,0.00,0.00,5.70,AVAILABLE,OUT_OF_RANGE,19370,0
2026-05-06 23:43:44.646,775.2828,,slider,0,0,0.00,0.00,5.70,AVAILABLE,OUT_OF_RANGE,19380,0
2026-05-06 23:43:45.065,775.7019,,slider,0,0,0.00,0.00,5.70,AVAILABLE,OUT_OF_RANGE,19390,0
2026-05-06 23:43:45.447,776.0839,,slider,0,0,0.00,0.00,5.70,AVAILABLE,OUT_OF_RANGE,19400,0
2026-05-06 23:43:45.865,776.5020,,slider,0,0,0.00,0.00,5.70,AVAILABLE,OUT_OF_RANGE,19410,0
2026-05-06 23:43:46.246,776.8827,,slider,0,0,0.00,0.00,5.70,AVAILABLE,OUT_OF_RANGE,19420,0
2026-05-06 23:43:46.647,777.2834,,slider,0,0,0.00,0.00,5.70,AVAILABLE,OUT_OF_RANGE,19430,0
2026-05-06 23:43:47.047,777.6836,,slider,0,0,0.00,0.00,5.70,AVAILABLE,OUT_OF_RANGE,19440,0
2026-05-06 23:43:47.446,778.0828,,slider,0,0,0.00,0.00,5.70,AVAILABLE,OUT_OF_RANGE,19450,0
2026-05-06 23:43:47.846,778.4829,,slider,0,0,0.00,0.00,5.70,AVAILABLE,OUT_OF_RANGE,19460,0
2026-05-06 23:43:48.247,778.8831,,slider,0,0,0.00,0.00,5.70,AVAILABLE,OUT_OF_RANGE,19470,0
2026-05-06 23:43:48.647,779.2837,,slider,0,0,0.00,0.00,5.70,AVAILABLE,OUT_OF_RANGE,19480,0
2026-05-06 23:43:49.047,779.6835,,slider,0,0,0.00,0.00,5.70,AVAILABLE,OUT_OF_RANGE,19490,0
2026-05-06 23:43:49.447,780.0837,,slider,0,0,0.00,0.00,5.70,AVAILABLE,OUT_OF_RANGE,19500,0
2026-05-06 23:43:49.847,780.4838,,slider,0,0,0.00,0.00,5.70,AVAILABLE,OUT_OF_RANGE,19510,0
2026-05-06 23:43:50.248,780.8840,,slider,0,0,0.00,0.00,5.70,AVAILABLE,OUT_OF_RANGE,19520,0
2026-05-06 23:43:50.647,781.2838,,slider,0,0,0.00,0.00,5.70,AVAILABLE,OUT_OF_RANGE,19530,0
2026-05-06 23:43:51.048,781.6841,,slider,0,0,0.00,0.00,5.70,AVAILABLE,OUT_OF_RANGE,19540,0
2026-05-06 23:43:51.448,782.0839,,slider,0,0,0.00,0.00,5.70,AVAILABLE,OUT_OF_RANGE,19550,0
2026-05-06 23:43:51.848,782.4839,,slider,0,0,0.00,0.00,5.70,AVAILABLE,OUT_OF_RANGE,19560,0
2026-05-06 23:43:52.248,782.8839,,slider,0,0,0.00,0.00,5.70,AVAILABLE,OUT_OF_RANGE,19570,0
2026-05-06 23:43:52.648,783.2841,,slider,0,0,0.00,0.00,5.70,AVAILABLE,OUT_OF_RANGE,19580,0
2026-05-06 23:43:53.047,783.6836,,slider,0,0,0.00,0.00,5.70,AVAILABLE,OUT_OF_RANGE,19590,0
2026-05-06 23:43:53.448,784.0840,,slider,0,0,0.00,0.00,5.70,AVAILABLE,OUT_OF_RANGE,19600,0
2026-05-06 23:43:53.847,784.4837,,slider,0,0,0.00,0.00,5.70,AVAILABLE,OUT_OF_RANGE,19610,0
2026-05-06 23:43:54.248,784.8837,,slider,0,0,0.00,0.00,5.70,AVAILABLE,OUT_OF_RANGE,19620,0
2026-05-06 23:43:54.649,785.2848,,slider,0,0,0.00,0.00,5.70,AVAILABLE,OUT_OF_RANGE,19630,0
2026-05-06 23:43:55.048,785.6840,,slider,0,0,0.00,0.00,5.70,AVAILABLE,OUT_OF_RANGE,19640,0
2026-05-06 23:43:55.448,786.0842,,slider,0,0,0.00,0.00,5.70,AVAILABLE,OUT_OF_RANGE,19650,0
2026-05-06 23:43:55.848,786.4844,,slider,0,0,0.00,0.00,5.70,AVAILABLE,OUT_OF_RANGE,19660,0
2026-05-06 23:43:56.248,786.8842,,slider,0,0,0.00,0.00,5.70,AVAILABLE,OUT_OF_RANGE,19670,0
2026-05-06 23:43:56.648,787.2842,,slider,0,0,0.00,0.00,5.70,AVAILABLE,OUT_OF_RANGE,19680,0
2026-05-06 23:43:57.048,787.6846,,slider,0,0,0.00,0.00,5.70,AVAILABLE,OUT_OF_RANGE,19690,0
2026-05-06 23:43:57.448,788.0843,,slider,0,0,0.00,0.00,5.70,AVAILABLE,OUT_OF_RANGE,19700,0
2026-05-06 23:43:57.848,788.4840,,slider,0,0,0.00,0.00,5.70,AVAILABLE,OUT_OF_RANGE,19710,0
2026-05-06 23:43:58.248,788.8840,,slider,0,0,0.00,0.00,5.70,AVAILABLE,OUT_OF_RANGE,19720,0
2026-05-06 23:43:58.649,789.2849,,slider,0,0,0.00,0.00,5.70,AVAILABLE,OUT_OF_RANGE,19730,0
2026-05-06 23:43:59.048,789.6846,,slider,0,0,0.00,0.00,5.70,AVAILABLE,OUT_OF_RANGE,19740,0
2026-05-06 23:43:59.448,790.0845,,slider,0,0,0.00,0.00,5.70,AVAILABLE,OUT_OF_RANGE,19750,0
2026-05-06 23:43:59.848,790.4845,,slider,0,0,0.00,0.00,5.70,AVAILABLE,OUT_OF_RANGE,19760,0
2026-05-06 23:44:00.248,790.8844,,slider,0,0,0.00,0.00,5.70,AVAILABLE,OUT_OF_RANGE,19770,0
2026-05-06 23:44:00.648,791.2844,,slider,0,0,0.00,0.00,5.70,AVAILABLE,OUT_OF_RANGE,19780,0
2026-05-06 23:44:01.049,791.6855,,slider,0,0,0.00,0.00,5.70,AVAILABLE,OUT_OF_RANGE,19790,0
2026-05-06 23:44:01.448,792.0845,,slider,0,0,0.00,0.00,5.70,AVAILABLE,OUT_OF_RANGE,19800,0
2026-05-06 23:44:01.849,792.4846,,slider,0,0,0.00,0.00,5.70,AVAILABLE,OUT_OF_RANGE,19810,0
2026-05-06 23:44:02.249,792.8847,,slider,0,0,0.00,0.00,5.70,AVAILABLE,OUT_OF_RANGE,19820,0
2026-05-06 23:44:02.649,793.2847,,slider,0,0,0.00,0.00,5.70,AVAILABLE,OUT_OF_RANGE,19830,0
2026-05-06 23:44:03.049,793.6847,,slider,0,0,0.00,0.00,5.70,AVAILABLE,OUT_OF_RANGE,19840,0
2026-05-06 23:44:03.449,794.0847,,slider,0,0,0.00,0.00,5.70,AVAILABLE,OUT_OF_RANGE,19850,0
2026-05-06 23:44:03.849,794.4847,,slider,0,0,0.00,0.00,5.70,AVAILABLE,OUT_OF_RANGE,19860,0
2026-05-06 23:44:04.249,794.8849,,slider,0,0,0.00,0.00,5.70,AVAILABLE,OUT_OF_RANGE,19870,0
2026-05-06 23:44:04.649,795.2849,,slider,0,0,0.00,0.00,5.70,AVAILABLE,OUT_OF_RANGE,19880,0
2026-05-06 23:44:05.049,795.6850,,slider,0,0,0.00,0.00,5.70,AVAILABLE,OUT_OF_RANGE,19890,0
2026-05-06 23:44:05.449,796.0850,,slider,0,0,0.00,0.00,5.70,AVAILABLE,OUT_OF_RANGE,19900,0
2026-05-06 23:44:05.849,796.4849,,slider,0,0,0.00,0.00,5.70,AVAILABLE,OUT_OF_RANGE,19910,0
2026-05-06 23:44:06.249,796.8850,,slider,0,0,0.00,0.00,5.70,AVAILABLE,OUT_OF_RANGE,19920,0
2026-05-06 23:44:06.649,797.2849,,slider,0,0,0.00,0.00,5.70,AVAILABLE,OUT_OF_RANGE,19930,0
2026-05-06 23:44:07.050,797.6855,,slider,0,0,0.00,0.00,5.70,AVAILABLE,OUT_OF_RANGE,19940,0
2026-05-06 23:44:07.449,798.0852,,slider,0,0,0.00,0.00,5.70,AVAILABLE,OUT_OF_RANGE,19950,0
2026-05-06 23:44:07.849,798.4850,,slider,0,0,0.00,0.00,5.70,AVAILABLE,OUT_OF_RANGE,19960,0
2026-05-06 23:44:08.249,798.8851,,slider,0,0,0.00,0.00,5.70,AVAILABLE,OUT_OF_RANGE,19970,0
2026-05-06 23:44:08.649,799.2849,,slider,0,0,0.00,0.00,5.70,AVAILABLE,OUT_OF_RANGE,19980,0
2026-05-06 23:44:09.050,799.6857,,slider,0,0,0.00,0.00,5.70,AVAILABLE,OUT_OF_RANGE,19990,0
2026-05-06 23:44:09.450,800.0854,,slider,0,0,0.00,0.00,5.70,AVAILABLE,OUT_OF_RANGE,20000,0
2026-05-06 23:44:09.850,800.4854,,slider,0,0,0.00,0.00,5.70,AVAILABLE,OUT_OF_RANGE,20010,0
2026-05-06 23:44:10.250,800.8855,,slider,0,0,0.00,0.00,5.70,AVAILABLE,OUT_OF_RANGE,20020,0
2026-05-06 23:44:10.650,801.2856,,slider,0,0,0.00,0.00,5.70,AVAILABLE,OUT_OF_RANGE,20030,0
2026-05-06 23:44:11.050,801.6856,,slider,0,0,0.00,0.00,5.70,AVAILABLE,OUT_OF_RANGE,20040,0
2026-05-06 23:44:11.450,802.0856,,slider,0,0,0.00,0.00,5.70,AVAILABLE,OUT_OF_RANGE,20050,0
2026-05-06 23:44:11.850,802.4855,,slider,0,0,0.00,0.00,5.70,AVAILABLE,OUT_OF_RANGE,20060,0
2026-05-06 23:44:12.250,802.8855,,slider,0,0,0.00,0.00,5.70,AVAILABLE,OUT_OF_RANGE,20070,0
2026-05-06 23:44:12.650,803.2862,,slider,0,0,0.00,0.00,5.70,AVAILABLE,OUT_OF_RANGE,20080,0
2026-05-06 23:44:13.050,803.6860,,slider,0,0,0.00,0.00,5.70,AVAILABLE,OUT_OF_RANGE,20090,0
2026-05-06 23:44:13.450,804.0855,,slider,0,0,0.00,0.00,5.70,AVAILABLE,OUT_OF_RANGE,20100,0
2026-05-06 23:44:13.850,804.4860,,slider,0,0,0.00,0.00,5.70,AVAILABLE,OUT_OF_RANGE,20110,0
2026-05-06 23:44:14.250,804.8860,,slider,0,0,0.00,0.00,5.70,AVAILABLE,OUT_OF_RANGE,20120,0
2026-05-06 23:44:14.650,805.2858,,slider,0,0,0.00,0.00,5.70,AVAILABLE,OUT_OF_RANGE,20130,0
2026-05-06 23:44:15.050,805.6853,,slider,0,0,0.00,0.00,5.70,AVAILABLE,OUT_OF_RANGE,20140,0
2026-05-06 23:44:15.450,806.0854,,slider,0,0,0.00,0.00,5.70,AVAILABLE,OUT_OF_RANGE,20150,0
2026-05-06 23:44:15.850,806.4854,,slider,0,0,0.00,0.00,5.70,AVAILABLE,OUT_OF_RANGE,20160,0
2026-05-06 23:44:16.250,806.8855,,slider,0,0,0.00,0.00,5.70,AVAILABLE,OUT_OF_RANGE,20170,0
2026-05-06 23:44:16.650,807.2856,,slider,0,0,0.00,0.00,5.70,AVAILABLE,OUT_OF_RANGE,20180,0
2026-05-06 23:44:17.051,807.6868,,slider,0,0,0.00,0.00,5.70,AVAILABLE,OUT_OF_RANGE,20190,0
2026-05-06 23:44:17.450,808.0858,,slider,0,0,0.00,0.00,5.70,AVAILABLE,OUT_OF_RANGE,20200,0
2026-05-06 23:44:17.850,808.4860,,slider,0,0,0.00,0.00,5.70,AVAILABLE,OUT_OF_RANGE,20210,0
2026-05-06 23:44:18.250,808.8861,,slider,0,0,0.00,0.00,5.70,AVAILABLE,OUT_OF_RANGE,20220,0
2026-05-06 23:44:18.651,809.2861,,slider,0,0,0.00,0.00,5.70,AVAILABLE,OUT_OF_RANGE,20230,0
2026-05-06 23:44:19.051,809.6861,,slider,0,0,0.00,0.00,5.70,AVAILABLE,OUT_OF_RANGE,20240,0
2026-05-06 23:44:19.451,810.0867,,slider,0,0,0.00,0.00,5.70,AVAILABLE,OUT_OF_RANGE,20250,0
2026-05-06 23:44:19.850,810.4859,,slider,0,0,0.00,0.00,5.70,AVAILABLE,OUT_OF_RANGE,20260,0
2026-05-06 23:44:20.251,810.8861,,slider,0,0,0.00,0.00,5.70,AVAILABLE,OUT_OF_RANGE,20270,0
2026-05-06 23:44:20.651,811.2867,,slider,0,0,0.00,0.00,5.70,AVAILABLE,OUT_OF_RANGE,20280,0
2026-05-06 23:44:21.051,811.6867,,slider,0,0,0.00,0.00,5.70,AVAILABLE,OUT_OF_RANGE,20290,0
2026-05-06 23:44:21.451,812.0863,,slider,0,0,0.00,0.00,5.70,AVAILABLE,OUT_OF_RANGE,20300,0
2026-05-06 23:44:21.851,812.4864,,slider,0,0,0.00,0.00,5.70,AVAILABLE,OUT_OF_RANGE,20310,0
2026-05-06 23:44:22.251,812.8865,,slider,0,0,0.00,0.00,5.70,AVAILABLE,OUT_OF_RANGE,20320,0
2026-05-06 23:44:22.651,813.2865,,slider,0,0,0.00,0.00,5.70,AVAILABLE,OUT_OF_RANGE,20330,0
2026-05-06 23:44:23.051,813.6866,,slider,0,0,0.00,0.00,5.70,AVAILABLE,OUT_OF_RANGE,20340,0
2026-05-06 23:44:23.451,814.0865,,slider,0,0,0.00,0.00,5.70,AVAILABLE,OUT_OF_RANGE,20350,0
2026-05-06 23:44:23.851,814.4863,,slider,0,0,0.00,0.00,5.70,AVAILABLE,OUT_OF_RANGE,20360,0
2026-05-06 23:44:24.251,814.8863,,slider,0,0,0.00,0.00,5.70,AVAILABLE,OUT_OF_RANGE,20370,0
2026-05-06 23:44:24.652,815.2870,,slider,0,0,0.00,0.00,5.70,AVAILABLE,OUT_OF_RANGE,20380,0
2026-05-06 23:44:25.051,815.6866,,slider,0,0,0.00,0.00,5.70,AVAILABLE,OUT_OF_RANGE,20390,0
2026-05-06 23:44:25.451,816.0868,,slider,0,0,0.00,0.00,5.70,AVAILABLE,OUT_OF_RANGE,20400,0
2026-05-06 23:44:25.852,816.4874,,slider,0,0,0.00,0.00,5.70,AVAILABLE,OUT_OF_RANGE,20410,0
2026-05-06 23:44:26.251,816.8867,,slider,0,0,0.00,0.00,5.70,AVAILABLE,OUT_OF_RANGE,20420,0
2026-05-06 23:44:26.651,817.2868,,slider,0,0,0.00,0.00,5.70,AVAILABLE,OUT_OF_RANGE,20430,0
2026-05-06 23:44:27.051,817.6865,,slider,0,0,0.00,0.00,5.70,AVAILABLE,OUT_OF_RANGE,20440,0
2026-05-06 23:44:27.452,818.0871,,slider,0,0,0.00,0.00,5.70,AVAILABLE,OUT_OF_RANGE,20450,0
2026-05-06 23:44:27.851,818.4867,,slider,0,0,0.00,0.00,5.70,AVAILABLE,OUT_OF_RANGE,20460,0
2026-05-06 23:44:28.252,818.8869,,slider,0,0,0.00,0.00,5.70,AVAILABLE,OUT_OF_RANGE,20470,0
2026-05-06 23:44:28.652,819.2869,,slider,0,0,0.00,0.00,5.70,AVAILABLE,OUT_OF_RANGE,20480,0
2026-05-06 23:44:29.052,819.6868,,slider,0,0,0.00,0.00,5.70,AVAILABLE,OUT_OF_RANGE,20490,0
2026-05-06 23:44:29.452,820.0871,,slider,0,0,0.00,0.00,5.70,AVAILABLE,OUT_OF_RANGE,20500,0
2026-05-06 23:44:29.852,820.4875,,slider,0,0,0.00,0.00,5.70,AVAILABLE,OUT_OF_RANGE,20510,0
2026-05-06 23:44:30.252,820.8870,,slider,0,0,0.00,0.00,5.70,AVAILABLE,OUT_OF_RANGE,20520,0
2026-05-06 23:44:30.652,821.2874,,slider,0,0,0.00,0.00,5.70,AVAILABLE,OUT_OF_RANGE,20530,0
2026-05-06 23:44:31.052,821.6872,,slider,0,0,0.00,0.00,5.70,AVAILABLE,OUT_OF_RANGE,20540,0
2026-05-06 23:44:31.452,822.0871,,slider,0,0,0.00,0.00,5.70,AVAILABLE,OUT_OF_RANGE,20550,0
2026-05-06 23:44:31.853,822.4879,,slider,0,0,0.00,0.00,5.70,AVAILABLE,OUT_OF_RANGE,20560,0
2026-05-06 23:44:32.252,822.8874,,slider,0,0,0.00,0.00,5.70,AVAILABLE,OUT_OF_RANGE,20570,0
2026-05-06 23:44:32.652,823.2876,,slider,0,0,0.00,0.00,5.70,AVAILABLE,OUT_OF_RANGE,20580,0
2026-05-06 23:44:33.052,823.6876,,slider,0,0,0.00,0.00,5.70,AVAILABLE,OUT_OF_RANGE,20590,0
2026-05-06 23:44:33.452,824.0875,,slider,0,0,0.00,0.00,5.70,AVAILABLE,OUT_OF_RANGE,20600,0
2026-05-06 23:44:33.853,824.4877,,slider,0,0,0.00,0.00,5.70,AVAILABLE,OUT_OF_RANGE,20610,0
2026-05-06 23:44:34.252,824.8874,,slider,0,0,0.00,0.00,5.70,AVAILABLE,OUT_OF_RANGE,20620,0
2026-05-06 23:44:34.652,825.2875,,slider,0,0,0.00,0.00,5.70,AVAILABLE,OUT_OF_RANGE,20630,0
2026-05-06 23:44:35.053,825.6877,,slider,0,0,0.00,0.00,5.70,AVAILABLE,OUT_OF_RANGE,20640,0
2026-05-06 23:44:35.452,826.0874,,slider,0,0,0.00,0.00,5.70,AVAILABLE,OUT_OF_RANGE,20650,0
2026-05-06 23:44:35.853,826.4879,,slider,0,0,0.00,0.00,5.70,AVAILABLE,OUT_OF_RANGE,20660,0
2026-05-06 23:44:36.253,826.8878,,slider,0,0,0.00,0.00,5.70,AVAILABLE,OUT_OF_RANGE,20670,0
2026-05-06 23:44:36.652,827.2875,,slider,0,0,0.00,0.00,5.70,AVAILABLE,OUT_OF_RANGE,20680,0
2026-05-06 23:44:37.053,827.6878,,slider,0,0,0.00,0.00,5.70,AVAILABLE,OUT_OF_RANGE,20690,0
2026-05-06 23:44:37.453,828.0877,,slider,0,0,0.00,0.00,5.70,AVAILABLE,OUT_OF_RANGE,20700,0
2026-05-06 23:44:37.853,828.4883,,slider,0,0,0.00,0.00,5.70,AVAILABLE,OUT_OF_RANGE,20710,0
2026-05-06 23:44:38.253,828.8878,,slider,0,0,0.00,0.00,5.70,AVAILABLE,OUT_OF_RANGE,20720,0
2026-05-06 23:44:38.653,829.2878,,slider,0,0,0.00,0.00,5.70,AVAILABLE,OUT_OF_RANGE,20730,0
2026-05-06 23:44:39.053,829.6881,,slider,0,0,0.00,0.00,5.70,AVAILABLE,OUT_OF_RANGE,20740,0
2026-05-06 23:44:39.453,830.0878,,slider,0,0,0.00,0.00,5.70,AVAILABLE,OUT_OF_RANGE,20750,0
2026-05-06 23:44:39.853,830.4879,,slider,0,0,0.00,0.00,5.70,AVAILABLE,OUT_OF_RANGE,20760,0
2026-05-06 23:44:40.253,830.8882,,slider,0,0,0.00,0.00,5.70,AVAILABLE,OUT_OF_RANGE,20770,0
2026-05-06 23:44:40.653,831.2880,,slider,0,0,0.00,0.00,5.70,AVAILABLE,OUT_OF_RANGE,20780,0
2026-05-06 23:44:41.053,831.6881,,slider,0,0,0.00,0.00,5.70,AVAILABLE,OUT_OF_RANGE,20790,0
2026-05-06 23:44:41.453,832.0881,,slider,0,0,0.00,0.00,5.70,AVAILABLE,OUT_OF_RANGE,20800,0
2026-05-06 23:44:41.853,832.4881,,slider,0,0,0.00,0.00,5.70,AVAILABLE,OUT_OF_RANGE,20810,0
2026-05-06 23:44:42.253,832.8881,,slider,0,0,0.00,0.00,5.70,AVAILABLE,OUT_OF_RANGE,20820,0
2026-05-06 23:44:42.654,833.2884,,slider,0,0,0.00,0.00,5.70,AVAILABLE,OUT_OF_RANGE,20830,0
2026-05-06 23:44:43.054,833.6889,,slider,0,0,0.00,0.00,5.70,AVAILABLE,OUT_OF_RANGE,20840,0
2026-05-06 23:44:43.454,834.0892,,slider,0,0,0.00,0.00,5.70,AVAILABLE,OUT_OF_RANGE,20850,0
2026-05-06 23:44:43.854,834.4892,,slider,0,0,0.00,0.00,5.70,AVAILABLE,OUT_OF_RANGE,20860,0
2026-05-06 23:44:44.254,834.8891,,slider,0,0,0.00,0.00,5.70,AVAILABLE,OUT_OF_RANGE,20870,0
2026-05-06 23:44:44.654,835.2884,,slider,0,0,0.00,0.00,5.70,AVAILABLE,OUT_OF_RANGE,20880,0
2026-05-06 23:44:45.054,835.6888,,slider,0,0,0.00,0.00,5.70,AVAILABLE,OUT_OF_RANGE,20890,0
2026-05-06 23:44:45.454,836.0891,,slider,0,0,0.00,0.00,5.70,AVAILABLE,OUT_OF_RANGE,20900,0
2026-05-06 23:44:45.854,836.4893,,slider,0,0,0.00,0.00,5.70,AVAILABLE,OUT_OF_RANGE,20910,0
2026-05-06 23:44:46.254,836.8891,,slider,0,0,0.00,0.00,5.70,AVAILABLE,OUT_OF_RANGE,20920,0
2026-05-06 23:44:46.654,837.2891,,slider,0,0,0.00,0.00,5.70,AVAILABLE,OUT_OF_RANGE,20930,0
2026-05-06 23:44:47.054,837.6892,,slider,0,0,0.00,0.00,5.70,AVAILABLE,OUT_OF_RANGE,20940,0
2026-05-06 23:44:47.454,838.0892,,slider,0,0,0.00,0.00,5.70,AVAILABLE,OUT_OF_RANGE,20950,0
2026-05-06 23:44:47.855,838.4892,,slider,0,0,0.00,0.00,5.70,AVAILABLE,OUT_OF_RANGE,20960,0
2026-05-06 23:44:48.255,838.8893,,slider,0,0,0.00,0.00,5.70,AVAILABLE,OUT_OF_RANGE,20970,0
2026-05-06 23:44:48.655,839.2894,,slider,0,0,0.00,0.00,5.70,AVAILABLE,OUT_OF_RANGE,20980,0
2026-05-06 23:44:49.055,839.6893,,slider,0,0,0.00,0.00,5.70,AVAILABLE,OUT_OF_RANGE,20990,0
2026-05-06 23:44:49.455,840.0893,,slider,0,0,0.00,0.00,5.70,AVAILABLE,OUT_OF_RANGE,21000,0
2026-05-06 23:44:49.854,840.4891,,slider,0,0,0.00,0.00,5.70,AVAILABLE,OUT_OF_RANGE,21010,0
2026-05-06 23:44:50.254,840.8892,,slider,0,0,0.00,0.00,5.70,AVAILABLE,OUT_OF_RANGE,21020,0
2026-05-06 23:44:50.655,841.2896,,slider,0,0,0.00,0.00,5.70,AVAILABLE,OUT_OF_RANGE,21030,0
2026-05-06 23:44:51.055,841.6893,,slider,0,0,0.00,0.00,5.70,AVAILABLE,OUT_OF_RANGE,21040,0
2026-05-06 23:44:51.455,842.0895,,slider,0,0,0.00,0.00,5.70,AVAILABLE,OUT_OF_RANGE,21050,0
2026-05-06 23:44:51.855,842.4898,,slider,0,0,0.00,0.00,5.70,AVAILABLE,OUT_OF_RANGE,21060,0
2026-05-06 23:44:52.255,842.8896,,slider,0,0,0.00,0.00,5.70,AVAILABLE,OUT_OF_RANGE,21070,0
2026-05-06 23:44:52.655,843.2896,,slider,0,0,0.00,0.00,5.70,AVAILABLE,OUT_OF_RANGE,21080,0
2026-05-06 23:44:53.055,843.6897,,slider,0,0,0.00,0.00,5.70,AVAILABLE,OUT_OF_RANGE,21090,0
2026-05-06 23:44:53.455,844.0898,,slider,0,0,0.00,0.00,5.70,AVAILABLE,OUT_OF_RANGE,21100,0
2026-05-06 23:44:53.855,844.4897,,slider,0,0,0.00,0.00,5.70,AVAILABLE,OUT_OF_RANGE,21110,0
2026-05-06 23:44:54.255,844.8898,,slider,0,0,0.00,0.00,5.70,AVAILABLE,OUT_OF_RANGE,21120,0
2026-05-06 23:44:54.656,845.2902,,slider,0,0,0.00,0.00,5.70,AVAILABLE,OUT_OF_RANGE,21130,0
2026-05-06 23:44:55.055,845.6897,,slider,0,0,0.00,0.00,5.70,AVAILABLE,OUT_OF_RANGE,21140,0
2026-05-06 23:44:55.456,846.0902,,slider,0,0,0.00,0.00,5.70,AVAILABLE,OUT_OF_RANGE,21150,0
2026-05-06 23:44:55.855,846.4897,,slider,0,0,0.00,0.00,5.70,AVAILABLE,OUT_OF_RANGE,21160,0
2026-05-06 23:44:56.255,846.8899,,slider,0,0,0.00,0.00,5.70,AVAILABLE,OUT_OF_RANGE,21170,0
2026-05-06 23:44:56.656,847.2900,,slider,0,0,0.00,0.00,5.70,AVAILABLE,OUT_OF_RANGE,21180,0
2026-05-06 23:44:57.056,847.6901,,slider,0,0,0.00,0.00,5.70,AVAILABLE,OUT_OF_RANGE,21190,0
2026-05-06 23:44:57.456,848.0902,,slider,0,0,0.00,0.00,5.70,AVAILABLE,OUT_OF_RANGE,21200,0
2026-05-06 23:44:57.856,848.4903,,slider,0,0,0.00,0.00,5.70,AVAILABLE,OUT_OF_RANGE,21210,0
2026-05-06 23:44:58.255,848.8899,,slider,0,0,0.00,0.00,5.70,AVAILABLE,OUT_OF_RANGE,21220,0
2026-05-06 23:44:58.656,849.2902,,slider,0,0,0.00,0.00,5.70,AVAILABLE,OUT_OF_RANGE,21230,0
2026-05-06 23:44:59.056,849.6901,,slider,0,0,0.00,0.00,5.70,AVAILABLE,OUT_OF_RANGE,21240,0
2026-05-06 23:44:59.456,850.0903,,slider,0,0,0.00,0.00,5.70,AVAILABLE,OUT_OF_RANGE,21250,0
2026-05-06 23:44:59.856,850.4908,,slider,0,0,0.00,0.00,5.70,AVAILABLE,OUT_OF_RANGE,21260,0
2026-05-06 23:45:00.256,850.8901,,slider,0,0,0.00,0.00,5.70,AVAILABLE,OUT_OF_RANGE,21270,0
2026-05-06 23:45:00.656,851.2902,,slider,0,0,0.00,0.00,5.70,AVAILABLE,OUT_OF_RANGE,21280,0
2026-05-06 23:45:01.056,851.6903,,slider,0,0,0.00,0.00,5.70,AVAILABLE,OUT_OF_RANGE,21290,0
2026-05-06 23:45:01.456,852.0902,,slider,0,0,0.00,0.00,5.70,AVAILABLE,OUT_OF_RANGE,21300,0
2026-05-06 23:45:01.856,852.4904,,slider,0,0,0.00,0.00,5.70,AVAILABLE,OUT_OF_RANGE,21310,0
2026-05-06 23:45:02.256,852.8903,,slider,0,0,0.00,0.00,5.70,AVAILABLE,OUT_OF_RANGE,21320,0
2026-05-06 23:45:02.656,853.2903,,slider,0,0,0.00,0.00,5.70,AVAILABLE,OUT_OF_RANGE,21330,0
2026-05-06 23:45:03.056,853.6903,,slider,0,0,0.00,0.00,5.70,AVAILABLE,OUT_OF_RANGE,21340,0
2026-05-06 23:45:03.456,854.0903,,slider,0,0,0.00,0.00,5.70,AVAILABLE,OUT_OF_RANGE,21350,0
2026-05-06 23:45:03.856,854.4905,,slider,0,0,0.00,0.00,5.70,AVAILABLE,OUT_OF_RANGE,21360,0
2026-05-06 23:45:04.256,854.8906,,slider,0,0,0.00,0.00,5.70,AVAILABLE,OUT_OF_RANGE,21370,0
2026-05-06 23:45:04.656,855.2905,,slider,0,0,0.00,0.00,5.70,AVAILABLE,OUT_OF_RANGE,21380,0
2026-05-06 23:45:05.056,855.6906,,slider,0,0,0.00,0.00,5.70,AVAILABLE,OUT_OF_RANGE,21390,0
2026-05-06 23:45:05.456,856.0905,,slider,0,0,0.00,0.00,5.70,AVAILABLE,OUT_OF_RANGE,21400,0
2026-05-06 23:45:05.857,856.4912,,slider,0,0,0.00,0.00,5.70,AVAILABLE,OUT_OF_RANGE,21410,0
2026-05-06 23:45:06.257,856.8909,,slider,0,0,0.00,0.00,5.70,AVAILABLE,OUT_OF_RANGE,21420,0
2026-05-06 23:45:06.657,857.2907,,slider,0,0,0.00,0.00,5.70,AVAILABLE,OUT_OF_RANGE,21430,0
2026-05-06 23:45:07.057,857.6908,,slider,0,0,0.00,0.00,5.70,AVAILABLE,OUT_OF_RANGE,21440,0
2026-05-06 23:45:07.457,858.0909,,slider,0,0,0.00,0.00,5.70,AVAILABLE,OUT_OF_RANGE,21450,0
2026-05-06 23:45:07.857,858.4909,,slider,0,0,0.00,0.00,5.70,AVAILABLE,OUT_OF_RANGE,21460,0
2026-05-06 23:45:08.257,858.8910,,slider,0,0,0.00,0.00,5.70,AVAILABLE,OUT_OF_RANGE,21470,0
2026-05-06 23:45:08.657,859.2912,,slider,0,0,0.00,0.00,5.70,AVAILABLE,OUT_OF_RANGE,21480,0
2026-05-06 23:45:09.057,859.6915,,slider,0,0,0.00,0.00,5.70,AVAILABLE,OUT_OF_RANGE,21490,0
2026-05-06 23:45:09.457,860.0916,,slider,0,0,0.00,0.00,5.70,AVAILABLE,OUT_OF_RANGE,21500,0
2026-05-06 23:45:09.857,860.4916,,slider,0,0,0.00,0.00,5.70,AVAILABLE,OUT_OF_RANGE,21510,0
2026-05-06 23:45:10.258,860.8916,,slider,0,0,0.00,0.00,5.70,AVAILABLE,OUT_OF_RANGE,21520,0
2026-05-06 23:45:10.658,861.2916,,slider,0,0,0.00,0.00,5.70,AVAILABLE,OUT_OF_RANGE,21530,0
2026-05-06 23:45:11.058,861.6917,,slider,0,0,0.00,0.00,5.70,AVAILABLE,OUT_OF_RANGE,21540,0
2026-05-06 23:45:11.458,862.0916,,slider,0,0,0.00,0.00,5.70,AVAILABLE,OUT_OF_RANGE,21550,0
2026-05-06 23:45:11.858,862.4921,,slider,0,0,0.00,0.00,5.70,AVAILABLE,OUT_OF_RANGE,21560,0
2026-05-06 23:45:12.258,862.8918,,slider,0,0,0.00,0.00,5.70,AVAILABLE,OUT_OF_RANGE,21570,0
2026-05-06 23:45:12.658,863.2918,,slider,0,0,0.00,0.00,5.70,AVAILABLE,OUT_OF_RANGE,21580,0
2026-05-06 23:45:13.058,863.6918,,slider,0,0,0.00,0.00,5.70,AVAILABLE,OUT_OF_RANGE,21590,0
2026-05-06 23:45:13.458,864.0920,,slider,0,0,0.00,0.00,5.70,AVAILABLE,OUT_OF_RANGE,21600,0
2026-05-06 23:45:13.858,864.4922,,slider,0,0,0.00,0.00,5.70,AVAILABLE,OUT_OF_RANGE,21610,0
2026-05-06 23:45:14.258,864.8921,,slider,0,0,0.00,0.00,5.70,AVAILABLE,OUT_OF_RANGE,21620,0
2026-05-06 23:45:14.658,865.2923,,slider,0,0,0.00,0.00,5.70,AVAILABLE,OUT_OF_RANGE,21630,0
2026-05-06 23:45:15.058,865.6923,,slider,0,0,0.00,0.00,5.70,AVAILABLE,OUT_OF_RANGE,21640,0
2026-05-06 23:45:15.459,866.0926,,slider,0,0,0.00,0.00,5.70,AVAILABLE,OUT_OF_RANGE,21650,0
2026-05-06 23:45:15.858,866.4921,,slider,0,0,0.00,0.00,5.70,AVAILABLE,OUT_OF_RANGE,21660,0
2026-05-06 23:45:16.258,866.8922,,slider,0,0,0.00,0.00,5.70,AVAILABLE,OUT_OF_RANGE,21670,0
2026-05-06 23:45:16.659,867.2926,,slider,0,0,0.00,0.00,5.70,AVAILABLE,OUT_OF_RANGE,21680,0
2026-05-06 23:45:17.058,867.6924,,slider,0,0,0.00,0.00,5.70,AVAILABLE,OUT_OF_RANGE,21690,0
2026-05-06 23:45:17.458,868.0923,,slider,0,0,0.00,0.00,5.70,AVAILABLE,OUT_OF_RANGE,21700,0
2026-05-06 23:45:17.859,868.4925,,slider,0,0,0.00,0.00,5.70,AVAILABLE,OUT_OF_RANGE,21710,0
2026-05-06 23:45:18.259,868.8925,,slider,0,0,0.00,0.00,5.70,AVAILABLE,OUT_OF_RANGE,21720,0
2026-05-06 23:45:18.659,869.2926,,slider,0,0,0.00,0.00,5.70,AVAILABLE,OUT_OF_RANGE,21730,0
2026-05-06 23:45:19.059,869.6929,,slider,0,0,0.00,0.00,5.70,AVAILABLE,OUT_OF_RANGE,21740,0
2026-05-06 23:45:19.459,870.0929,,slider,0,0,0.00,0.00,5.70,AVAILABLE,OUT_OF_RANGE,21750,0
2026-05-06 23:45:19.859,870.4927,,slider,0,0,0.00,0.00,5.70,AVAILABLE,OUT_OF_RANGE,21760,0
2026-05-06 23:45:20.259,870.8926,,slider,0,0,0.00,0.00,5.70,AVAILABLE,OUT_OF_RANGE,21770,0
2026-05-06 23:45:20.659,871.2931,,slider,0,0,0.00,0.00,5.70,AVAILABLE,OUT_OF_RANGE,21780,0
2026-05-06 23:45:21.059,871.6927,,slider,0,0,0.00,0.00,5.70,AVAILABLE,OUT_OF_RANGE,21790,0
2026-05-06 23:45:21.459,872.0929,,slider,0,0,0.00,0.00,5.70,AVAILABLE,OUT_OF_RANGE,21800,0
2026-05-06 23:45:21.859,872.4929,,slider,0,0,0.00,0.00,5.70,AVAILABLE,OUT_OF_RANGE,21810,0
2026-05-06 23:45:22.259,872.8930,,slider,0,0,0.00,0.00,5.70,AVAILABLE,OUT_OF_RANGE,21820,0
2026-05-06 23:45:22.659,873.2929,,slider,0,0,0.00,0.00,5.70,AVAILABLE,OUT_OF_RANGE,21830,0
2026-05-06 23:45:23.059,873.6931,,slider,0,0,0.00,0.00,5.70,AVAILABLE,OUT_OF_RANGE,21840,0
2026-05-06 23:45:23.459,874.0931,,slider,0,0,0.00,0.00,5.70,AVAILABLE,OUT_OF_RANGE,21850,0
2026-05-06 23:45:23.859,874.4932,,slider,0,0,0.00,0.00,5.70,AVAILABLE,OUT_OF_RANGE,21860,0
2026-05-06 23:45:24.259,874.8932,,slider,0,0,0.00,0.00,5.70,AVAILABLE,OUT_OF_RANGE,21870,0
2026-05-06 23:45:24.660,875.2932,,slider,0,0,0.00,0.00,5.70,AVAILABLE,OUT_OF_RANGE,21880,0
2026-05-06 23:45:25.060,875.6934,,slider,0,0,0.00,0.00,5.70,AVAILABLE,OUT_OF_RANGE,21890,0
2026-05-06 23:45:25.459,876.0931,,slider,0,0,0.00,0.00,5.70,AVAILABLE,OUT_OF_RANGE,21900,0
2026-05-06 23:45:25.860,876.4935,,slider,0,0,0.00,0.00,5.70,AVAILABLE,OUT_OF_RANGE,21910,0
2026-05-06 23:45:26.260,876.8932,,slider,0,0,0.00,0.00,5.70,AVAILABLE,OUT_OF_RANGE,21920,0
2026-05-06 23:45:26.660,877.2932,,slider,0,0,0.00,0.00,5.70,AVAILABLE,OUT_OF_RANGE,21930,0
2026-05-06 23:45:27.060,877.6938,,slider,0,0,0.00,0.00,5.70,AVAILABLE,OUT_OF_RANGE,21940,0
2026-05-06 23:45:27.460,878.0935,,slider,0,0,0.00,0.00,5.70,AVAILABLE,OUT_OF_RANGE,21950,0
2026-05-06 23:45:27.860,878.4940,,slider,0,0,0.00,0.00,5.70,AVAILABLE,OUT_OF_RANGE,21960,0
2026-05-06 23:45:28.260,878.8936,,slider,0,0,0.00,0.00,5.70,AVAILABLE,OUT_OF_RANGE,21970,0
2026-05-06 23:45:28.660,879.2935,,slider,0,0,0.00,0.00,5.70,AVAILABLE,OUT_OF_RANGE,21980,0
2026-05-06 23:45:29.060,879.6936,,slider,0,0,0.00,0.00,5.70,AVAILABLE,OUT_OF_RANGE,21990,0
2026-05-06 23:45:29.460,880.0937,,slider,0,0,0.00,0.00,5.70,AVAILABLE,OUT_OF_RANGE,22000,0
2026-05-06 23:45:29.860,880.4935,,slider,0,0,0.00,0.00,5.70,AVAILABLE,OUT_OF_RANGE,22010,0
2026-05-06 23:45:30.260,880.8938,,slider,0,0,0.00,0.00,5.70,AVAILABLE,OUT_OF_RANGE,22020,0
2026-05-06 23:45:30.660,881.2937,,slider,0,0,0.00,0.00,5.70,AVAILABLE,OUT_OF_RANGE,22030,0
2026-05-06 23:45:31.060,881.6940,,slider,0,0,0.00,0.00,5.70,AVAILABLE,OUT_OF_RANGE,22040,0
2026-05-06 23:45:31.460,882.0938,,slider,0,0,0.00,0.00,5.70,AVAILABLE,OUT_OF_RANGE,22050,0
2026-05-06 23:45:31.861,882.4942,,slider,0,0,0.00,0.00,5.70,AVAILABLE,OUT_OF_RANGE,22060,0
2026-05-06 23:45:32.260,882.8939,,slider,0,0,0.00,0.00,5.70,AVAILABLE,OUT_OF_RANGE,22070,0
2026-05-06 23:45:32.660,883.2937,,slider,0,0,0.00,0.00,5.70,AVAILABLE,OUT_OF_RANGE,22080,0
2026-05-06 23:45:33.060,883.6938,,slider,0,0,0.00,0.00,5.70,AVAILABLE,OUT_OF_RANGE,22090,0
2026-05-06 23:45:33.460,884.0939,,slider,0,0,0.00,0.00,5.70,AVAILABLE,OUT_OF_RANGE,22100,0
2026-05-06 23:45:33.860,884.4939,,slider,0,0,0.00,0.00,5.70,AVAILABLE,OUT_OF_RANGE,22110,0
2026-05-06 23:45:34.261,884.8942,,slider,0,0,0.00,0.00,5.70,AVAILABLE,OUT_OF_RANGE,22120,0
2026-05-06 23:45:34.661,885.2940,,slider,0,0,0.00,0.00,5.70,AVAILABLE,OUT_OF_RANGE,22130,0
2026-05-06 23:45:35.061,885.6940,,slider,0,0,0.00,0.00,5.70,AVAILABLE,OUT_OF_RANGE,22140,0
2026-05-06 23:45:35.461,886.0941,,slider,0,0,0.00,0.00,5.70,AVAILABLE,OUT_OF_RANGE,22150,0
2026-05-06 23:45:35.861,886.4942,,slider,0,0,0.00,0.00,5.70,AVAILABLE,OUT_OF_RANGE,22160,0
2026-05-06 23:45:36.261,886.8945,,slider,0,0,0.00,0.00,5.70,AVAILABLE,OUT_OF_RANGE,22170,0
2026-05-06 23:45:36.661,887.2942,,slider,0,0,0.00,0.00,5.70,AVAILABLE,OUT_OF_RANGE,22180,0
2026-05-06 23:45:37.061,887.6944,,slider,0,0,0.00,0.00,5.70,AVAILABLE,OUT_OF_RANGE,22190,0
2026-05-06 23:45:37.461,888.0944,,slider,0,0,0.00,0.00,5.70,AVAILABLE,OUT_OF_RANGE,22200,0
2026-05-06 23:45:37.861,888.4944,,slider,0,0,0.00,0.00,5.70,AVAILABLE,OUT_OF_RANGE,22210,0
2026-05-06 23:45:38.262,888.8953,,slider,0,0,0.00,0.00,5.70,AVAILABLE,OUT_OF_RANGE,22220,0
2026-05-06 23:45:38.661,889.2945,,slider,0,0,0.00,0.00,5.70,AVAILABLE,OUT_OF_RANGE,22230,0
2026-05-06 23:45:39.061,889.6947,,slider,0,0,0.00,0.00,5.70,AVAILABLE,OUT_OF_RANGE,22240,0
2026-05-06 23:45:39.461,890.0947,,slider,0,0,0.00,0.00,5.70,AVAILABLE,OUT_OF_RANGE,22250,0
2026-05-06 23:45:39.862,890.4949,,slider,0,0,0.00,0.00,5.70,AVAILABLE,OUT_OF_RANGE,22260,0
2026-05-06 23:45:40.262,890.8950,,slider,0,0,0.00,0.00,5.70,AVAILABLE,OUT_OF_RANGE,22270,0
2026-05-06 23:45:40.662,891.2951,,slider,0,0,0.00,0.00,5.70,AVAILABLE,OUT_OF_RANGE,22280,0
2026-05-06 23:45:41.062,891.6951,,slider,0,0,0.00,0.00,5.70,AVAILABLE,OUT_OF_RANGE,22290,0
2026-05-06 23:45:41.462,892.0951,,slider,0,0,0.00,0.00,5.70,AVAILABLE,OUT_OF_RANGE,22300,0
2026-05-06 23:45:41.862,892.4948,,slider,0,0,0.00,0.00,5.70,AVAILABLE,OUT_OF_RANGE,22310,0
2026-05-06 23:45:42.262,892.8950,,slider,0,0,0.00,0.00,5.70,AVAILABLE,OUT_OF_RANGE,22320,0
2026-05-06 23:45:42.662,893.2953,,slider,0,0,0.00,0.00,5.70,AVAILABLE,OUT_OF_RANGE,22330,0
2026-05-06 23:45:43.062,893.6952,,slider,0,0,0.00,0.00,5.70,AVAILABLE,OUT_OF_RANGE,22340,0
2026-05-06 23:45:43.462,894.0954,,slider,0,0,0.00,0.00,5.70,AVAILABLE,OUT_OF_RANGE,22350,0
2026-05-06 23:45:43.862,894.4954,,slider,0,0,0.00,0.00,5.70,AVAILABLE,OUT_OF_RANGE,22360,0
2026-05-06 23:45:44.262,894.8954,,slider,0,0,0.00,0.00,5.70,AVAILABLE,OUT_OF_RANGE,22370,0
2026-05-06 23:45:44.663,895.2960,,slider,0,0,0.00,0.00,5.70,AVAILABLE,OUT_OF_RANGE,22380,0
2026-05-06 23:45:45.062,895.6955,,slider,0,0,0.00,0.00,5.70,AVAILABLE,OUT_OF_RANGE,22390,0
2026-05-06 23:45:45.462,896.0953,,slider,0,0,0.00,0.00,5.70,AVAILABLE,OUT_OF_RANGE,22400,0
2026-05-06 23:45:45.862,896.4955,,slider,0,0,0.00,0.00,5.70,AVAILABLE,OUT_OF_RANGE,22410,0
2026-05-06 23:45:46.263,896.8956,,slider,0,0,0.00,0.00,5.70,AVAILABLE,OUT_OF_RANGE,22420,0
2026-05-06 23:45:46.663,897.2957,,slider,0,0,0.00,0.00,5.70,AVAILABLE,OUT_OF_RANGE,22430,0
2026-05-06 23:45:47.062,897.6955,,slider,0,0,0.00,0.00,5.70,AVAILABLE,OUT_OF_RANGE,22440,0
2026-05-06 23:45:47.463,898.0958,,slider,0,0,0.00,0.00,5.70,AVAILABLE,OUT_OF_RANGE,22450,0
2026-05-06 23:45:47.863,898.4956,,slider,0,0,0.00,0.00,5.70,AVAILABLE,OUT_OF_RANGE,22460,0
2026-05-06 23:45:48.263,898.8958,,slider,0,0,0.00,0.00,5.70,AVAILABLE,OUT_OF_RANGE,22470,0
2026-05-06 23:45:48.663,899.2959,,slider,0,0,0.00,0.00,5.70,AVAILABLE,OUT_OF_RANGE,22480,0
2026-05-06 23:45:49.063,899.6957,,slider,0,0,0.00,0.00,5.70,AVAILABLE,OUT_OF_RANGE,22490,0
2026-05-06 23:45:49.463,900.0959,,slider,0,0,0.00,0.00,5.70,AVAILABLE,OUT_OF_RANGE,22500,0
2026-05-06 23:45:49.863,900.4959,,slider,0,0,0.00,0.00,5.70,AVAILABLE,OUT_OF_RANGE,22510,0
2026-05-06 23:45:50.263,900.8960,,slider,0,0,0.00,0.00,5.70,AVAILABLE,OUT_OF_RANGE,22520,0
2026-05-06 23:45:50.663,901.2960,,slider,0,0,0.00,0.00,5.70,AVAILABLE,OUT_OF_RANGE,22530,0
2026-05-06 23:45:51.063,901.6963,,slider,0,0,0.00,0.00,5.70,AVAILABLE,OUT_OF_RANGE,22540,0
2026-05-06 23:45:51.463,902.0961,,slider,0,0,0.00,0.00,5.70,AVAILABLE,OUT_OF_RANGE,22550,0
2026-05-06 23:45:51.864,902.4965,,slider,0,0,0.00,0.00,5.70,AVAILABLE,OUT_OF_RANGE,22560,0
2026-05-06 23:45:52.263,902.8963,,slider,0,0,0.00,0.00,5.70,AVAILABLE,OUT_OF_RANGE,22570,0
2026-05-06 23:45:52.663,903.2962,,slider,0,0,0.00,0.00,5.70,AVAILABLE,OUT_OF_RANGE,22580,0
2026-05-06 23:45:53.064,903.6968,,slider,0,0,0.00,0.00,5.70,AVAILABLE,OUT_OF_RANGE,22590,0
2026-05-06 23:45:53.463,904.0962,,slider,0,0,0.00,0.00,5.70,AVAILABLE,OUT_OF_RANGE,22600,0
2026-05-06 23:45:53.864,904.4964,,slider,0,0,0.00,0.00,5.70,AVAILABLE,OUT_OF_RANGE,22610,0
2026-05-06 23:45:54.264,904.8965,,slider,0,0,0.00,0.00,5.70,AVAILABLE,OUT_OF_RANGE,22620,0
2026-05-06 23:45:54.663,905.2963,,slider,0,0,0.00,0.00,5.70,AVAILABLE,OUT_OF_RANGE,22630,0
2026-05-06 23:45:55.064,905.6965,,slider,0,0,0.00,0.00,5.70,AVAILABLE,OUT_OF_RANGE,22640,0
2026-05-06 23:45:55.464,906.0965,,slider,0,0,0.00,0.00,5.70,AVAILABLE,OUT_OF_RANGE,22650,0
2026-05-06 23:45:55.864,906.4966,,slider,0,0,0.00,0.00,5.70,AVAILABLE,OUT_OF_RANGE,22660,0
2026-05-06 23:45:56.264,906.8973,,slider,0,0,0.00,0.00,5.70,AVAILABLE,OUT_OF_RANGE,22670,0
2026-05-06 23:45:56.664,907.2970,,slider,0,0,0.00,0.00,5.70,AVAILABLE,OUT_OF_RANGE,22680,0
2026-05-06 23:45:57.064,907.6973,,slider,0,0,0.00,0.00,5.70,AVAILABLE,OUT_OF_RANGE,22690,0
2026-05-06 23:45:57.464,908.0968,,slider,0,0,0.00,0.00,5.70,AVAILABLE,OUT_OF_RANGE,22700,0
2026-05-06 23:45:57.864,908.4970,,slider,0,0,0.00,0.00,5.70,AVAILABLE,OUT_OF_RANGE,22710,0
2026-05-06 23:45:58.264,908.8972,,slider,0,0,0.00,0.00,5.70,AVAILABLE,OUT_OF_RANGE,22720,0
2026-05-06 23:45:58.664,909.2971,,slider,0,0,0.00,0.00,5.70,AVAILABLE,OUT_OF_RANGE,22730,0
2026-05-06 23:45:59.064,909.6972,,slider,0,0,0.00,0.00,5.70,AVAILABLE,OUT_OF_RANGE,22740,0
2026-05-06 23:45:59.465,910.0973,,slider,0,0,0.00,0.00,5.70,AVAILABLE,OUT_OF_RANGE,22750,0
2026-05-06 23:45:59.864,910.4971,,slider,0,0,0.00,0.00,5.70,AVAILABLE,OUT_OF_RANGE,22760,0
2026-05-06 23:46:00.265,910.8973,,slider,0,0,0.00,0.00,5.70,AVAILABLE,OUT_OF_RANGE,22770,0
2026-05-06 23:46:00.665,911.2973,,slider,0,0,0.00,0.00,5.70,AVAILABLE,OUT_OF_RANGE,22780,0
2026-05-06 23:46:01.065,911.6972,,slider,0,0,0.00,0.00,5.70,AVAILABLE,OUT_OF_RANGE,22790,0
2026-05-06 23:46:01.465,912.0977,,slider,0,0,0.00,0.00,5.70,AVAILABLE,OUT_OF_RANGE,22800,0
2026-05-06 23:46:01.864,912.4971,,slider,0,0,0.00,0.00,5.70,AVAILABLE,OUT_OF_RANGE,22810,0
2026-05-06 23:46:02.265,912.8973,,slider,0,0,0.00,0.00,5.70,AVAILABLE,OUT_OF_RANGE,22820,0
2026-05-06 23:46:02.664,913.2971,,slider,0,0,0.00,0.00,5.70,AVAILABLE,OUT_OF_RANGE,22830,0
2026-05-06 23:46:03.065,913.6975,,slider,0,0,0.00,0.00,5.70,AVAILABLE,OUT_OF_RANGE,22840,0
2026-05-06 23:46:03.465,914.0972,,slider,0,0,0.00,0.00,5.70,AVAILABLE,OUT_OF_RANGE,22850,0
2026-05-06 23:46:03.865,914.4974,,slider,0,0,0.00,0.00,5.70,AVAILABLE,OUT_OF_RANGE,22860,0
2026-05-06 23:46:04.265,914.8977,,slider,0,0,0.00,0.00,5.70,AVAILABLE,OUT_OF_RANGE,22870,0
2026-05-06 23:46:04.665,915.2977,,slider,0,0,0.00,0.00,5.70,AVAILABLE,OUT_OF_RANGE,22880,0
2026-05-06 23:46:05.065,915.6975,,slider,0,0,0.00,0.00,5.70,AVAILABLE,OUT_OF_RANGE,22890,0
2026-05-06 23:46:05.465,916.0975,,slider,0,0,0.00,0.00,5.70,AVAILABLE,OUT_OF_RANGE,22900,0
2026-05-06 23:46:05.865,916.4976,,slider,0,0,0.00,0.00,5.70,AVAILABLE,OUT_OF_RANGE,22910,0
2026-05-06 23:46:06.265,916.8978,,slider,0,0,0.00,0.00,5.70,AVAILABLE,OUT_OF_RANGE,22920,0
2026-05-06 23:46:06.665,917.2978,,slider,0,0,0.00,0.00,5.70,AVAILABLE,OUT_OF_RANGE,22930,0
2026-05-06 23:46:07.065,917.6977,,slider,0,0,0.00,0.00,5.70,AVAILABLE,OUT_OF_RANGE,22940,0
2026-05-06 23:46:07.465,918.0978,,slider,0,0,0.00,0.00,5.70,AVAILABLE,OUT_OF_RANGE,22950,0
2026-05-06 23:46:07.865,918.4977,,slider,0,0,0.00,0.00,5.70,AVAILABLE,OUT_OF_RANGE,22960,0
2026-05-06 23:46:08.265,918.8978,,slider,0,0,0.00,0.00,5.70,AVAILABLE,OUT_OF_RANGE,22970,0
2026-05-06 23:46:08.666,919.2983,,slider,0,0,0.00,0.00,5.70,AVAILABLE,OUT_OF_RANGE,22980,0
2026-05-06 23:46:09.065,919.6979,,slider,0,0,0.00,0.00,5.70,AVAILABLE,OUT_OF_RANGE,22990,0
2026-05-06 23:46:09.466,920.0980,,slider,0,0,0.00,0.00,5.70,AVAILABLE,OUT_OF_RANGE,23000,0
2026-05-06 23:46:09.866,920.4980,,slider,0,0,0.00,0.00,5.70,AVAILABLE,OUT_OF_RANGE,23010,0
2026-05-06 23:46:10.266,920.8981,,slider,0,0,0.00,0.00,5.70,AVAILABLE,OUT_OF_RANGE,23020,0
2026-05-06 23:46:10.666,921.2981,,slider,0,0,0.00,0.00,5.70,AVAILABLE,OUT_OF_RANGE,23030,0
2026-05-06 23:46:11.066,921.6982,,slider,0,0,0.00,0.00,5.70,AVAILABLE,OUT_OF_RANGE,23040,0
2026-05-06 23:46:11.466,922.0982,,slider,0,0,0.00,0.00,5.70,AVAILABLE,OUT_OF_RANGE,23050,0
2026-05-06 23:46:11.866,922.4983,,slider,0,0,0.00,0.00,5.70,AVAILABLE,OUT_OF_RANGE,23060,0
2026-05-06 23:46:12.266,922.8987,,slider,0,0,0.00,0.00,5.70,AVAILABLE,OUT_OF_RANGE,23070,0
2026-05-06 23:46:12.666,923.2987,,slider,0,0,0.00,0.00,5.70,AVAILABLE,OUT_OF_RANGE,23080,0
2026-05-06 23:46:13.066,923.6983,,slider,0,0,0.00,0.00,5.70,AVAILABLE,OUT_OF_RANGE,23090,0
2026-05-06 23:46:13.466,924.0986,,slider,0,0,0.00,0.00,5.70,AVAILABLE,OUT_OF_RANGE,23100,0
2026-05-06 23:46:13.866,924.4985,,slider,0,0,0.00,0.00,5.70,AVAILABLE,OUT_OF_RANGE,23110,0
2026-05-06 23:46:14.266,924.8986,,slider,0,0,0.00,0.00,5.70,AVAILABLE,OUT_OF_RANGE,23120,0
2026-05-06 23:46:14.666,925.2988,,slider,0,0,0.00,0.00,5.70,AVAILABLE,OUT_OF_RANGE,23130,0
2026-05-06 23:46:15.066,925.6986,,slider,0,0,0.00,0.00,5.70,AVAILABLE,OUT_OF_RANGE,23140,0
2026-05-06 23:46:15.467,926.0989,,slider,0,0,0.00,0.00,5.70,AVAILABLE,OUT_OF_RANGE,23150,0
2026-05-06 23:46:15.866,926.4987,,slider,0,0,0.00,0.00,5.70,AVAILABLE,OUT_OF_RANGE,23160,0
2026-05-06 23:46:16.267,926.8988,,slider,0,0,0.00,0.00,5.70,AVAILABLE,OUT_OF_RANGE,23170,0
2026-05-06 23:46:16.667,927.2992,,slider,0,0,0.00,0.00,5.70,AVAILABLE,OUT_OF_RANGE,23180,0
2026-05-06 23:46:17.067,927.6992,,slider,0,0,0.00,0.00,5.70,AVAILABLE,OUT_OF_RANGE,23190,0
2026-05-06 23:46:17.467,928.0991,,slider,0,0,0.00,0.00,5.70,AVAILABLE,OUT_OF_RANGE,23200,0
2026-05-06 23:46:17.867,928.4989,,slider,0,0,0.00,0.00,5.70,AVAILABLE,OUT_OF_RANGE,23210,0
2026-05-06 23:46:18.267,928.8989,,slider,0,0,0.00,0.00,5.70,AVAILABLE,OUT_OF_RANGE,23220,0
2026-05-06 23:46:18.667,929.2990,,slider,0,0,0.00,0.00,5.70,AVAILABLE,OUT_OF_RANGE,23230,0
2026-05-06 23:46:19.067,929.6991,,slider,0,0,0.00,0.00,5.70,AVAILABLE,OUT_OF_RANGE,23240,0
2026-05-06 23:46:19.467,930.0992,,slider,0,0,0.00,0.00,5.70,AVAILABLE,OUT_OF_RANGE,23250,0
2026-05-06 23:46:19.867,930.4992,,slider,0,0,0.00,0.00,5.70,AVAILABLE,OUT_OF_RANGE,23260,0
2026-05-06 23:46:20.267,930.8992,,slider,0,0,0.00,0.00,5.70,AVAILABLE,OUT_OF_RANGE,23270,0
2026-05-06 23:46:20.667,931.2994,,slider,0,0,0.00,0.00,5.70,AVAILABLE,OUT_OF_RANGE,23280,0
2026-05-06 23:46:21.067,931.6992,,slider,0,0,0.00,0.00,5.70,AVAILABLE,OUT_OF_RANGE,23290,0
2026-05-06 23:46:21.467,932.0994,,slider,0,0,0.00,0.00,5.70,AVAILABLE,OUT_OF_RANGE,23300,0
2026-05-06 23:46:21.867,932.4993,,slider,0,0,0.00,0.00,5.70,AVAILABLE,OUT_OF_RANGE,23310,0
2026-05-06 23:46:22.267,932.8995,,slider,0,0,0.00,0.00,5.70,AVAILABLE,OUT_OF_RANGE,23320,0
2026-05-06 23:46:22.667,933.2993,,slider,0,0,0.00,0.00,5.70,AVAILABLE,OUT_OF_RANGE,23330,0
2026-05-06 23:46:23.067,933.6994,,slider,0,0,0.00,0.00,5.70,AVAILABLE,OUT_OF_RANGE,23340,0
2026-05-06 23:46:23.468,934.0998,,slider,0,0,0.00,0.00,5.70,AVAILABLE,OUT_OF_RANGE,23350,0
2026-05-06 23:46:23.867,934.4994,,slider,0,0,0.00,0.00,5.70,AVAILABLE,OUT_OF_RANGE,23360,0
2026-05-06 23:46:24.267,934.8995,,slider,0,0,0.00,0.00,5.70,AVAILABLE,OUT_OF_RANGE,23370,0
2026-05-06 23:46:24.667,935.2995,,slider,0,0,0.00,0.00,5.70,AVAILABLE,OUT_OF_RANGE,23380,0
2026-05-06 23:46:25.068,935.6996,,slider,0,0,0.00,0.00,5.70,AVAILABLE,OUT_OF_RANGE,23390,0
2026-05-06 23:46:25.468,936.1000,,slider,0,0,0.00,0.00,5.70,AVAILABLE,OUT_OF_RANGE,23400,0
2026-05-06 23:46:25.868,936.5001,,slider,0,0,0.00,0.00,5.70,AVAILABLE,OUT_OF_RANGE,23410,0
2026-05-06 23:46:26.268,936.8999,,slider,0,0,0.00,0.00,5.70,AVAILABLE,OUT_OF_RANGE,23420,0
2026-05-06 23:46:26.668,937.3000,,slider,0,0,0.00,0.00,5.70,AVAILABLE,OUT_OF_RANGE,23430,0
2026-05-06 23:46:27.068,937.6998,,slider,0,0,0.00,0.00,5.70,AVAILABLE,OUT_OF_RANGE,23440,0
2026-05-06 23:46:27.468,938.0998,,slider,0,0,0.00,0.00,5.70,AVAILABLE,OUT_OF_RANGE,23450,0
2026-05-06 23:46:27.868,938.5000,,slider,0,0,0.00,0.00,5.70,AVAILABLE,OUT_OF_RANGE,23460,0
2026-05-06 23:46:28.268,938.9001,,slider,0,0,0.00,0.00,5.70,AVAILABLE,OUT_OF_RANGE,23470,0
2026-05-06 23:46:28.668,939.3002,,slider,0,0,0.00,0.00,5.70,AVAILABLE,OUT_OF_RANGE,23480,0
2026-05-06 23:46:29.068,939.7000,,slider,0,0,0.00,0.00,5.70,AVAILABLE,OUT_OF_RANGE,23490,0
2026-05-06 23:46:29.468,940.1003,,slider,0,0,0.00,0.00,5.70,AVAILABLE,OUT_OF_RANGE,23500,0
2026-05-06 23:46:29.868,940.5001,,slider,0,0,0.00,0.00,5.70,AVAILABLE,OUT_OF_RANGE,23510,0
2026-05-06 23:46:30.268,940.9002,,slider,0,0,0.00,0.00,5.70,AVAILABLE,OUT_OF_RANGE,23520,0
2026-05-06 23:46:30.668,941.3003,,slider,0,0,0.00,0.00,5.70,AVAILABLE,OUT_OF_RANGE,23530,0
2026-05-06 23:46:31.068,941.7003,,slider,0,0,0.00,0.00,5.70,AVAILABLE,OUT_OF_RANGE,23540,0
2026-05-06 23:46:31.468,942.1003,,slider,0,0,0.00,0.00,5.70,AVAILABLE,OUT_OF_RANGE,23550,0
2026-05-06 23:46:31.869,942.5004,,slider,0,0,0.00,0.00,5.70,AVAILABLE,OUT_OF_RANGE,23560,0
2026-05-06 23:46:32.269,942.9005,,slider,0,0,0.00,0.00,5.70,AVAILABLE,OUT_OF_RANGE,23570,0
2026-05-06 23:46:32.669,943.3006,,slider,0,0,0.00,0.00,5.70,AVAILABLE,OUT_OF_RANGE,23580,0
2026-05-06 23:46:33.069,943.7007,,slider,0,0,0.00,0.00,5.70,AVAILABLE,OUT_OF_RANGE,23590,0
2026-05-06 23:46:33.469,944.1006,,slider,0,0,0.00,0.00,5.70,AVAILABLE,OUT_OF_RANGE,23600,0
2026-05-06 23:46:33.869,944.5007,,slider,0,0,0.00,0.00,5.70,AVAILABLE,OUT_OF_RANGE,23610,0
2026-05-06 23:46:34.269,944.9006,,slider,0,0,0.00,0.00,5.70,AVAILABLE,OUT_OF_RANGE,23620,0
2026-05-06 23:46:34.669,945.3008,,slider,0,0,0.00,0.00,5.70,AVAILABLE,OUT_OF_RANGE,23630,0
2026-05-06 23:46:35.069,945.7006,,slider,0,0,0.00,0.00,5.70,AVAILABLE,OUT_OF_RANGE,23640,0
2026-05-06 23:46:35.470,946.1022,,slider,0,0,0.00,0.00,5.70,AVAILABLE,OUT_OF_RANGE,23650,0
2026-05-06 23:46:35.871,946.5022,,slider,0,0,0.00,0.00,5.70,AVAILABLE,OUT_OF_RANGE,23660,0
2026-05-06 23:46:36.271,946.9022,,slider,0,0,0.00,0.00,5.70,AVAILABLE,OUT_OF_RANGE,23670,0
2026-05-06 23:46:36.671,947.3024,,slider,0,0,0.00,0.00,5.70,AVAILABLE,OUT_OF_RANGE,23680,0
2026-05-06 23:46:37.071,947.7023,,slider,0,0,0.00,0.00,5.70,AVAILABLE,OUT_OF_RANGE,23690,0
2026-05-06 23:46:37.471,948.1023,,slider,0,0,0.00,0.00,5.70,AVAILABLE,OUT_OF_RANGE,23700,0
2026-05-06 23:46:37.871,948.5024,,slider,0,0,0.00,0.00,5.70,AVAILABLE,OUT_OF_RANGE,23710,0
2026-05-06 23:46:38.271,948.9024,,slider,0,0,0.00,0.00,5.70,AVAILABLE,OUT_OF_RANGE,23720,0
2026-05-06 23:46:38.671,949.3024,,slider,0,0,0.00,0.00,5.70,AVAILABLE,OUT_OF_RANGE,23730,0
2026-05-06 23:46:39.071,949.7024,,slider,0,0,0.00,0.00,5.70,AVAILABLE,OUT_OF_RANGE,23740,0
2026-05-06 23:46:39.471,950.1026,,slider,0,0,0.00,0.00,5.70,AVAILABLE,OUT_OF_RANGE,23750,0
2026-05-06 23:46:39.871,950.5027,,slider,0,0,0.00,0.00,5.70,AVAILABLE,OUT_OF_RANGE,23760,0
2026-05-06 23:46:40.271,950.9027,,slider,0,0,0.00,0.00,5.70,AVAILABLE,OUT_OF_RANGE,23770,0
2026-05-06 23:46:40.652,951.2840,,slider,0,0,0.00,0.00,5.70,AVAILABLE,OUT_OF_RANGE,23780,0
2026-05-06 23:46:41.071,951.7027,,slider,0,0,0.00,0.00,5.70,AVAILABLE,OUT_OF_RANGE,23790,0
2026-05-06 23:46:41.471,952.1027,,slider,0,0,0.00,0.00,5.70,AVAILABLE,OUT_OF_RANGE,23800,0
2026-05-06 23:46:41.871,952.5028,,slider,0,0,0.00,0.00,5.70,AVAILABLE,OUT_OF_RANGE,23810,0
2026-05-06 23:46:42.271,952.9027,,slider,0,0,0.00,0.00,5.70,AVAILABLE,OUT_OF_RANGE,23820,0
2026-05-06 23:46:42.671,953.3029,,slider,0,0,0.00,0.00,5.70,AVAILABLE,OUT_OF_RANGE,23830,0
2026-05-06 23:46:43.071,953.7029,,slider,0,0,0.00,0.00,5.70,AVAILABLE,OUT_OF_RANGE,23840,0
2026-05-06 23:46:43.471,954.1028,,slider,0,0,0.00,0.00,5.70,AVAILABLE,OUT_OF_RANGE,23850,0
2026-05-06 23:46:43.871,954.5029,,slider,0,0,0.00,0.00,5.70,AVAILABLE,OUT_OF_RANGE,23860,0
2026-05-06 23:46:44.272,954.9030,,slider,0,0,0.00,0.00,5.70,AVAILABLE,OUT_OF_RANGE,23870,0
2026-05-06 23:46:44.672,955.3029,,slider,0,0,0.00,0.00,5.70,AVAILABLE,OUT_OF_RANGE,23880,0
2026-05-06 23:46:45.053,955.6840,,slider,0,0,0.00,0.00,5.70,AVAILABLE,OUT_OF_RANGE,23890,0
2026-05-06 23:46:45.472,956.1031,,slider,0,0,0.00,0.00,5.70,AVAILABLE,OUT_OF_RANGE,23900,0
2026-05-06 23:46:45.853,956.4842,,slider,0,0,0.00,0.00,5.70,AVAILABLE,OUT_OF_RANGE,23910,0
2026-05-06 23:46:46.272,956.9031,,slider,0,0,0.00,0.00,5.70,AVAILABLE,OUT_OF_RANGE,23920,0
2026-05-06 23:46:46.672,957.3032,,slider,0,0,0.00,0.00,5.70,AVAILABLE,OUT_OF_RANGE,23930,0
2026-05-06 23:46:47.072,957.7033,,slider,0,0,0.00,0.00,5.70,AVAILABLE,OUT_OF_RANGE,23940,0
2026-05-06 23:46:47.472,958.1032,,slider,0,0,0.00,0.00,5.70,AVAILABLE,OUT_OF_RANGE,23950,0
2026-05-06 23:46:47.853,958.4841,,slider,0,0,0.00,0.00,5.70,AVAILABLE,OUT_OF_RANGE,23960,0
2026-05-06 23:46:48.253,958.8842,,slider,0,0,0.00,0.00,5.70,AVAILABLE,OUT_OF_RANGE,23970,0
2026-05-06 23:46:48.653,959.2840,,slider,0,0,0.00,0.00,5.70,AVAILABLE,OUT_OF_RANGE,23980,0
2026-05-06 23:46:49.053,959.6841,,slider,0,0,0.00,0.00,5.70,AVAILABLE,OUT_OF_RANGE,23990,0
2026-05-06 23:46:49.472,960.1035,,slider,0,0,0.00,0.00,5.70,AVAILABLE,OUT_OF_RANGE,24000,0
2026-05-06 23:46:49.853,960.4843,,slider,0,0,0.00,0.00,5.70,AVAILABLE,OUT_OF_RANGE,24010,0
2026-05-06 23:46:50.254,960.8851,,slider,0,0,0.00,0.00,5.70,AVAILABLE,OUT_OF_RANGE,24020,0
2026-05-06 23:46:50.653,961.2840,,slider,0,0,0.00,0.00,5.70,AVAILABLE,OUT_OF_RANGE,24030,0
2026-05-06 23:46:51.054,961.6850,,slider,0,0,0.00,0.00,5.70,AVAILABLE,OUT_OF_RANGE,24040,0
2026-05-06 23:46:51.453,962.0841,,slider,0,0,0.00,0.00,5.70,AVAILABLE,OUT_OF_RANGE,24050,0
2026-05-06 23:46:51.853,962.4841,,slider,0,0,0.00,0.00,5.70,AVAILABLE,OUT_OF_RANGE,24060,0
2026-05-06 23:46:52.253,962.8845,,slider,0,0,0.00,0.00,5.70,AVAILABLE,OUT_OF_RANGE,24070,0
2026-05-06 23:46:52.653,963.2846,,slider,0,0,0.00,0.00,5.70,AVAILABLE,OUT_OF_RANGE,24080,0
2026-05-06 23:46:53.053,963.6843,,slider,0,0,0.00,0.00,5.70,AVAILABLE,OUT_OF_RANGE,24090,0
2026-05-06 23:46:53.454,964.0849,,slider,0,0,0.00,0.00,5.70,AVAILABLE,OUT_OF_RANGE,24100,0
2026-05-06 23:46:53.853,964.4846,,slider,0,0,0.00,0.00,5.70,AVAILABLE,OUT_OF_RANGE,24110,0
2026-05-06 23:46:54.253,964.8842,,slider,0,0,0.00,0.00,5.70,AVAILABLE,OUT_OF_RANGE,24120,0
2026-05-06 23:46:54.654,965.2847,,slider,0,0,0.00,0.00,5.70,AVAILABLE,OUT_OF_RANGE,24130,0
2026-05-06 23:46:55.053,965.6845,,slider,0,0,0.00,0.00,5.70,AVAILABLE,OUT_OF_RANGE,24140,0
2026-05-06 23:46:55.454,966.0847,,slider,0,0,0.00,0.00,5.70,AVAILABLE,OUT_OF_RANGE,24150,0
2026-05-06 23:46:55.854,966.4848,,slider,0,0,0.00,0.00,5.70,AVAILABLE,OUT_OF_RANGE,24160,0
2026-05-06 23:46:56.254,966.8848,,slider,0,0,0.00,0.00,5.70,AVAILABLE,OUT_OF_RANGE,24170,0
2026-05-06 23:46:56.654,967.2850,,slider,0,0,0.00,0.00,5.70,AVAILABLE,OUT_OF_RANGE,24180,0
2026-05-06 23:46:57.054,967.6847,,slider,0,0,0.00,0.00,5.70,AVAILABLE,OUT_OF_RANGE,24190,0
2026-05-06 23:46:57.454,968.0848,,slider,0,0,0.00,0.00,5.70,AVAILABLE,OUT_OF_RANGE,24200,0
2026-05-06 23:46:57.854,968.4848,,slider,0,0,0.00,0.00,5.70,AVAILABLE,OUT_OF_RANGE,24210,0
2026-05-06 23:46:58.254,968.8849,,slider,0,0,0.00,0.00,5.70,AVAILABLE,OUT_OF_RANGE,24220,0
2026-05-06 23:46:58.654,969.2850,,slider,0,0,0.00,0.00,5.70,AVAILABLE,OUT_OF_RANGE,24230,0
2026-05-06 23:46:59.054,969.6852,,slider,0,0,0.00,0.00,5.70,AVAILABLE,OUT_OF_RANGE,24240,0
2026-05-06 23:46:59.454,970.0848,,slider,0,0,0.00,0.00,5.70,AVAILABLE,OUT_OF_RANGE,24250,0
2026-05-06 23:46:59.854,970.4850,,slider,0,0,0.00,0.00,5.70,AVAILABLE,OUT_OF_RANGE,24260,0
2026-05-06 23:47:00.254,970.8853,,slider,0,0,0.00,0.00,5.70,AVAILABLE,OUT_OF_RANGE,24270,0
2026-05-06 23:47:00.654,971.2851,,slider,0,0,0.00,0.00,5.70,AVAILABLE,OUT_OF_RANGE,24280,0
2026-05-06 23:47:01.054,971.6851,,slider,0,0,0.00,0.00,5.70,AVAILABLE,OUT_OF_RANGE,24290,0
2026-05-06 23:47:01.454,972.0853,,slider,0,0,0.00,0.00,5.70,AVAILABLE,OUT_OF_RANGE,24300,0
2026-05-06 23:47:01.854,972.4853,,slider,0,0,0.00,0.00,5.70,AVAILABLE,OUT_OF_RANGE,24310,0
2026-05-06 23:47:02.254,972.8853,,slider,0,0,0.00,0.00,5.70,AVAILABLE,OUT_OF_RANGE,24320,0
2026-05-06 23:47:02.654,973.2854,,slider,0,0,0.00,0.00,5.70,AVAILABLE,OUT_OF_RANGE,24330,0
2026-05-06 23:47:03.055,973.6856,,slider,0,0,0.00,0.00,5.70,AVAILABLE,OUT_OF_RANGE,24340,0
2026-05-06 23:47:03.455,974.0854,,slider,0,0,0.00,0.00,5.70,AVAILABLE,OUT_OF_RANGE,24350,0
2026-05-06 23:47:03.855,974.4855,,slider,0,0,0.00,0.00,5.70,AVAILABLE,OUT_OF_RANGE,24360,0
2026-05-06 23:47:04.255,974.8857,,slider,0,0,0.00,0.00,5.70,AVAILABLE,OUT_OF_RANGE,24370,0
2026-05-06 23:47:04.655,975.2855,,slider,0,0,0.00,0.00,5.70,AVAILABLE,OUT_OF_RANGE,24380,0
2026-05-06 23:47:05.055,975.6856,,slider,0,0,0.00,0.00,5.70,AVAILABLE,OUT_OF_RANGE,24390,0
2026-05-06 23:47:05.455,976.0853,,slider,0,0,0.00,0.00,5.70,AVAILABLE,OUT_OF_RANGE,24400,0
2026-05-06 23:47:05.855,976.4856,,slider,0,0,0.00,0.00,5.70,AVAILABLE,OUT_OF_RANGE,24410,0
2026-05-06 23:47:06.255,976.8857,,slider,0,0,0.00,0.00,5.70,AVAILABLE,OUT_OF_RANGE,24420,0
2026-05-06 23:47:06.655,977.2856,,slider,0,0,0.00,0.00,5.70,AVAILABLE,OUT_OF_RANGE,24430,0
2026-05-06 23:47:07.055,977.6856,,slider,0,0,0.00,0.00,5.70,AVAILABLE,OUT_OF_RANGE,24440,0
2026-05-06 23:47:07.455,978.0858,,slider,0,0,0.00,0.00,5.70,AVAILABLE,OUT_OF_RANGE,24450,0
2026-05-06 23:47:07.855,978.4857,,slider,0,0,0.00,0.00,5.70,AVAILABLE,OUT_OF_RANGE,24460,0
2026-05-06 23:47:08.255,978.8858,,slider,0,0,0.00,0.00,5.70,AVAILABLE,OUT_OF_RANGE,24470,0
2026-05-06 23:47:08.655,979.2859,,slider,0,0,0.00,0.00,5.70,AVAILABLE,OUT_OF_RANGE,24480,0
2026-05-06 23:47:09.055,979.6857,,slider,0,0,0.00,0.00,5.70,AVAILABLE,OUT_OF_RANGE,24490,0
2026-05-06 23:47:09.455,980.0860,,slider,0,0,0.00,0.00,5.70,AVAILABLE,OUT_OF_RANGE,24500,0
2026-05-06 23:47:09.855,980.4858,,slider,0,0,0.00,0.00,5.70,AVAILABLE,OUT_OF_RANGE,24510,0
2026-05-06 23:47:10.255,980.8859,,slider,0,0,0.00,0.00,5.70,AVAILABLE,OUT_OF_RANGE,24520,0
2026-05-06 23:47:10.655,981.2859,,slider,0,0,0.00,0.00,5.70,AVAILABLE,OUT_OF_RANGE,24530,0
2026-05-06 23:47:11.055,981.6858,,slider,0,0,0.00,0.00,5.70,AVAILABLE,OUT_OF_RANGE,24540,0
2026-05-06 23:47:11.455,982.0859,,slider,0,0,0.00,0.00,5.70,AVAILABLE,OUT_OF_RANGE,24550,0
2026-05-06 23:47:11.856,982.4864,,slider,0,0,0.00,0.00,5.70,AVAILABLE,OUT_OF_RANGE,24560,0
2026-05-06 23:47:12.256,982.8863,,slider,0,0,0.00,0.00,5.70,AVAILABLE,OUT_OF_RANGE,24570,0
2026-05-06 23:47:12.655,983.2861,,slider,0,0,0.00,0.00,5.70,AVAILABLE,OUT_OF_RANGE,24580,0
2026-05-06 23:47:13.056,983.6864,,slider,0,0,0.00,0.00,5.70,AVAILABLE,OUT_OF_RANGE,24590,0
2026-05-06 23:47:13.456,984.0862,,slider,0,0,0.00,0.00,5.70,AVAILABLE,OUT_OF_RANGE,24600,0
2026-05-06 23:47:13.856,984.4865,,slider,0,0,0.00,0.00,5.70,AVAILABLE,OUT_OF_RANGE,24610,0
2026-05-06 23:47:14.256,984.8863,,slider,0,0,0.00,0.00,5.70,AVAILABLE,OUT_OF_RANGE,24620,0
2026-05-06 23:47:14.656,985.2864,,slider,0,0,0.00,0.00,5.70,AVAILABLE,OUT_OF_RANGE,24630,0
2026-05-06 23:47:15.056,985.6862,,slider,0,0,0.00,0.00,5.70,AVAILABLE,OUT_OF_RANGE,24640,0
2026-05-06 23:47:15.456,986.0866,,slider,0,0,0.00,0.00,5.70,AVAILABLE,OUT_OF_RANGE,24650,0
2026-05-06 23:47:15.856,986.4867,,slider,0,0,0.00,0.00,5.70,AVAILABLE,OUT_OF_RANGE,24660,0
2026-05-06 23:47:16.256,986.8864,,slider,0,0,0.00,0.00,5.70,AVAILABLE,OUT_OF_RANGE,24670,0
2026-05-06 23:47:16.656,987.2865,,slider,0,0,0.00,0.00,5.70,AVAILABLE,OUT_OF_RANGE,24680,0
2026-05-06 23:47:17.056,987.6869,,slider,0,0,0.00,0.00,5.70,AVAILABLE,OUT_OF_RANGE,24690,0
2026-05-06 23:47:17.456,988.0864,,slider,0,0,0.00,0.00,5.70,AVAILABLE,OUT_OF_RANGE,24700,0
2026-05-06 23:47:17.856,988.4870,,slider,0,0,0.00,0.00,5.70,AVAILABLE,OUT_OF_RANGE,24710,0
2026-05-06 23:47:18.256,988.8867,,slider,0,0,0.00,0.00,5.70,AVAILABLE,OUT_OF_RANGE,24720,0
2026-05-06 23:47:18.656,989.2866,,slider,0,0,0.00,0.00,5.70,AVAILABLE,OUT_OF_RANGE,24730,0
2026-05-06 23:47:19.056,989.6866,,slider,0,0,0.00,0.00,5.70,AVAILABLE,OUT_OF_RANGE,24740,0
2026-05-06 23:47:19.457,990.0870,,slider,0,0,0.00,0.00,5.70,AVAILABLE,OUT_OF_RANGE,24750,0
2026-05-06 23:47:19.856,990.4868,,slider,0,0,0.00,0.00,5.70,AVAILABLE,OUT_OF_RANGE,24760,0
2026-05-06 23:47:20.256,990.8866,,slider,0,0,0.00,0.00,5.70,AVAILABLE,OUT_OF_RANGE,24770,0
2026-05-06 23:47:20.656,991.2868,,slider,0,0,0.00,0.00,5.70,AVAILABLE,OUT_OF_RANGE,24780,0
2026-05-06 23:47:21.056,991.6868,,slider,0,0,0.00,0.00,5.70,AVAILABLE,OUT_OF_RANGE,24790,0
2026-05-06 23:47:21.456,992.0867,,slider,0,0,0.00,0.00,5.70,AVAILABLE,OUT_OF_RANGE,24800,0
2026-05-06 23:47:21.857,992.4870,,slider,0,0,0.00,0.00,5.70,AVAILABLE,OUT_OF_RANGE,24810,0
2026-05-06 23:47:22.257,992.8869,,slider,0,0,0.00,0.00,5.70,AVAILABLE,OUT_OF_RANGE,24820,0
2026-05-06 23:47:22.656,993.2868,,slider,0,0,0.00,0.00,5.70,AVAILABLE,OUT_OF_RANGE,24830,0
2026-05-06 23:47:23.057,993.6870,,slider,0,0,0.00,0.00,5.70,AVAILABLE,OUT_OF_RANGE,24840,0
2026-05-06 23:47:23.457,994.0870,,slider,0,0,0.00,0.00,5.70,AVAILABLE,OUT_OF_RANGE,24850,0
2026-05-06 23:47:23.857,994.4875,,slider,0,0,0.00,0.00,5.70,AVAILABLE,OUT_OF_RANGE,24860,0
2026-05-06 23:47:24.257,994.8872,,slider,0,0,0.00,0.00,5.70,AVAILABLE,OUT_OF_RANGE,24870,0
2026-05-06 23:47:24.657,995.2876,,slider,0,0,0.00,0.00,5.70,AVAILABLE,OUT_OF_RANGE,24880,0
2026-05-06 23:47:25.057,995.6877,,slider,0,0,0.00,0.00,5.70,AVAILABLE,OUT_OF_RANGE,24890,0
2026-05-06 23:47:25.457,996.0871,,slider,0,0,0.00,0.00,5.70,AVAILABLE,OUT_OF_RANGE,24900,0
2026-05-06 23:47:25.857,996.4872,,slider,0,0,0.00,0.00,5.70,AVAILABLE,OUT_OF_RANGE,24910,0
2026-05-06 23:47:26.257,996.8875,,slider,0,0,0.00,0.00,5.70,AVAILABLE,OUT_OF_RANGE,24920,0
2026-05-06 23:47:26.657,997.2877,,slider,0,0,0.00,0.00,5.70,AVAILABLE,OUT_OF_RANGE,24930,0
2026-05-06 23:47:27.057,997.6873,,slider,0,0,0.00,0.00,5.70,AVAILABLE,OUT_OF_RANGE,24940,0
2026-05-06 23:47:27.457,998.0876,,slider,0,0,0.00,0.00,5.70,AVAILABLE,OUT_OF_RANGE,24950,0
2026-05-06 23:47:27.857,998.4874,,slider,0,0,0.00,0.00,5.70,AVAILABLE,OUT_OF_RANGE,24960,0
2026-05-06 23:47:28.257,998.8876,,slider,0,0,0.00,0.00,5.70,AVAILABLE,OUT_OF_RANGE,24970,0
2026-05-06 23:47:28.657,999.2874,,slider,0,0,0.00,0.00,5.70,AVAILABLE,OUT_OF_RANGE,24980,0
2026-05-06 23:47:29.057,999.6876,,slider,0,0,0.00,0.00,5.70,AVAILABLE,OUT_OF_RANGE,24990,0
2026-05-06 23:47:29.457,1000.0876,,slider,0,0,0.00,0.00,5.70,AVAILABLE,OUT_OF_RANGE,25000,0
2026-05-06 23:47:29.857,1000.4875,,slider,0,0,0.00,0.00,5.70,AVAILABLE,OUT_OF_RANGE,25010,0
2026-05-06 23:47:30.259,1000.8888,,slider,0,0,0.00,0.00,5.70,AVAILABLE,OUT_OF_RANGE,25020,0
2026-05-06 23:47:30.658,1001.2876,,slider,0,0,0.00,0.00,5.70,AVAILABLE,OUT_OF_RANGE,25030,0
2026-05-06 23:47:31.058,1001.6876,,slider,0,0,0.00,0.00,5.70,AVAILABLE,OUT_OF_RANGE,25040,0
2026-05-06 23:47:31.458,1002.0878,,slider,0,0,0.00,0.00,5.70,AVAILABLE,OUT_OF_RANGE,25050,0
2026-05-06 23:47:31.858,1002.4879,,slider,0,0,0.00,0.00,5.70,AVAILABLE,OUT_OF_RANGE,25060,0
2026-05-06 23:47:32.258,1002.8881,,slider,0,0,0.00,0.00,5.70,AVAILABLE,OUT_OF_RANGE,25070,0
2026-05-06 23:47:32.658,1003.2885,,slider,0,0,0.00,0.00,5.70,AVAILABLE,OUT_OF_RANGE,25080,0
2026-05-06 23:47:33.058,1003.6882,,slider,0,0,0.00,0.00,5.70,AVAILABLE,OUT_OF_RANGE,25090,0
2026-05-06 23:47:33.458,1004.0883,,slider,0,0,0.00,0.00,5.70,AVAILABLE,OUT_OF_RANGE,25100,0
2026-05-06 23:47:33.858,1004.4883,,slider,0,0,0.00,0.00,5.70,AVAILABLE,OUT_OF_RANGE,25110,0
2026-05-06 23:47:34.258,1004.8884,,slider,0,0,0.00,0.00,5.70,AVAILABLE,OUT_OF_RANGE,25120,0
2026-05-06 23:47:34.658,1005.2885,,slider,0,0,0.00,0.00,5.70,AVAILABLE,OUT_OF_RANGE,25130,0
2026-05-06 23:47:35.058,1005.6883,,slider,0,0,0.00,0.00,5.70,AVAILABLE,OUT_OF_RANGE,25140,0
2026-05-06 23:47:35.459,1006.0891,,slider,0,0,0.00,0.00,5.70,AVAILABLE,OUT_OF_RANGE,25150,0
2026-05-06 23:47:35.858,1006.4884,,slider,0,0,0.00,0.00,5.70,AVAILABLE,OUT_OF_RANGE,25160,0
2026-05-06 23:47:36.258,1006.8884,,slider,0,0,0.00,0.00,5.70,AVAILABLE,OUT_OF_RANGE,25170,0
2026-05-06 23:47:36.659,1007.2886,,slider,0,0,0.00,0.00,5.70,AVAILABLE,OUT_OF_RANGE,25180,0
2026-05-06 23:47:37.059,1007.6886,,slider,0,0,0.00,0.00,5.70,AVAILABLE,OUT_OF_RANGE,25190,0
2026-05-06 23:47:37.459,1008.0889,,slider,0,0,0.00,0.00,5.70,AVAILABLE,OUT_OF_RANGE,25200,0
2026-05-06 23:47:37.859,1008.4887,,slider,0,0,0.00,0.00,5.70,AVAILABLE,OUT_OF_RANGE,25210,0
2026-05-06 23:47:38.259,1008.8885,,slider,0,0,0.00,0.00,5.70,AVAILABLE,OUT_OF_RANGE,25220,0
2026-05-06 23:47:38.659,1009.2890,,slider,0,0,0.00,0.00,5.70,AVAILABLE,OUT_OF_RANGE,25230,0
2026-05-06 23:47:39.059,1009.6890,,slider,0,0,0.00,0.00,5.70,AVAILABLE,OUT_OF_RANGE,25240,0
2026-05-06 23:47:39.460,1010.0894,,slider,0,0,0.00,0.00,5.70,AVAILABLE,OUT_OF_RANGE,25250,0
2026-05-06 23:47:39.859,1010.4888,,slider,0,0,0.00,0.00,5.70,AVAILABLE,OUT_OF_RANGE,25260,0
2026-05-06 23:47:40.259,1010.8890,,slider,0,0,0.00,0.00,5.70,AVAILABLE,OUT_OF_RANGE,25270,0
2026-05-06 23:47:40.659,1011.2894,,slider,0,0,0.00,0.00,5.70,AVAILABLE,OUT_OF_RANGE,25280,0
2026-05-06 23:47:41.059,1011.6888,,slider,0,0,0.00,0.00,5.70,AVAILABLE,OUT_OF_RANGE,25290,0
2026-05-06 23:47:41.460,1012.0894,,slider,0,0,0.00,0.00,5.70,AVAILABLE,OUT_OF_RANGE,25300,0
2026-05-06 23:47:41.859,1012.4889,,slider,0,0,0.00,0.00,5.70,AVAILABLE,OUT_OF_RANGE,25310,0
2026-05-06 23:47:42.259,1012.8889,,slider,0,0,0.00,0.00,5.70,AVAILABLE,OUT_OF_RANGE,25320,0
2026-05-06 23:47:42.659,1013.2891,,slider,0,0,0.00,0.00,5.70,AVAILABLE,OUT_OF_RANGE,25330,0
2026-05-06 23:47:43.059,1013.6892,,slider,0,0,0.00,0.00,5.70,AVAILABLE,OUT_OF_RANGE,25340,0
2026-05-06 23:47:43.459,1014.0891,,slider,0,0,0.00,0.00,5.70,AVAILABLE,OUT_OF_RANGE,25350,0
2026-05-06 23:47:43.860,1014.4894,,slider,0,0,0.00,0.00,5.70,AVAILABLE,OUT_OF_RANGE,25360,0
2026-05-06 23:47:44.260,1014.8895,,slider,0,0,0.00,0.00,5.70,AVAILABLE,OUT_OF_RANGE,25370,0
2026-05-06 23:47:44.659,1015.2892,,slider,0,0,0.00,0.00,5.70,AVAILABLE,OUT_OF_RANGE,25380,0
2026-05-06 23:47:45.061,1015.6903,,slider,0,0,0.00,0.00,5.70,AVAILABLE,OUT_OF_RANGE,25390,0
2026-05-06 23:47:45.460,1016.0895,,slider,0,0,0.00,0.00,5.70,AVAILABLE,OUT_OF_RANGE,25400,0
2026-05-06 23:47:45.859,1016.4889,,slider,0,0,0.00,0.00,5.70,AVAILABLE,OUT_OF_RANGE,25410,0
2026-05-06 23:47:46.179,1016.8091,eac_transition:INHIBITED,slider,0,0,0.00,0.00,5.70,INHIBITED,OUT_OF_RANGE,25418,0
2026-05-06 23:47:46.259,1016.8890,,slider,0,0,0.00,0.00,5.70,INHIBITED,OUT_OF_RANGE,25420,0
2026-05-06 23:47:46.659,1017.2891,,slider,0,0,0.00,0.00,5.70,INHIBITED,OUT_OF_RANGE,25430,0
2026-05-06 23:47:47.059,1017.6891,,slider,0,0,0.00,0.00,5.70,INHIBITED,OUT_OF_RANGE,25440,0
2026-05-06 23:47:47.460,1018.0893,,slider,0,0,0.00,0.00,5.70,INHIBITED,OUT_OF_RANGE,25450,0
2026-05-06 23:47:47.860,1018.4893,,slider,0,0,0.00,0.00,5.70,INHIBITED,OUT_OF_RANGE,25460,0
2026-05-06 23:47:48.500,1019.1293,estop:no 0x370 for 520 ms,slider,0,1,0.00,0.00,5.70,INHIBITED,OUT_OF_RANGE,25463,0
