wall_time,monotonic,event,mode,engaged,estop,target_deg,commanded_deg,measured_deg,eac_status,eac_error,rx_count_0x370,bus_errors,gear,gear_request,di_vehicle_speed_mph,brake_pedal,brake_state
2026-05-18 21:56:44.881,0.1707,eac_transition:AVAILABLE,slider,0,0,0.00,0.00,7.60,AVAILABLE,OUT_OF_RANGE,4,0,P,P,0.00,PRESSED,FAULT
2026-05-18 21:56:45.123,0.4124,,slider,0,0,0.00,0.00,7.60,AVAILABLE,OUT_OF_RANGE,10,0,P,P,0.00,PRESSED,FAULT
2026-05-18 21:56:45.524,0.8140,,slider,0,0,0.00,0.00,7.60,AVAILABLE,OUT_OF_RANGE,20,0,P,P,0.00,PRESSED,FAULT
2026-05-18 21:56:45.905,1.1948,,slider,0,0,0.00,0.00,7.60,AVAILABLE,OUT_OF_RANGE,30,0,P,P,0.00,PRESSED,FAULT
2026-05-18 21:56:46.324,1.6139,,slider,0,0,0.00,0.00,7.60,AVAILABLE,OUT_OF_RANGE,40,0,P,P,0.00,PRESSED,FAULT
2026-05-18 21:56:46.724,2.0141,,slider,0,0,0.00,0.00,7.60,AVAILABLE,OUT_OF_RANGE,50,0,P,P,0.00,PRESSED,FAULT
2026-05-18 21:56:47.019,2.3084,engage,slider,1,0,7.60,7.60,7.60,AVAILABLE,OUT_OF_RANGE,57,0,P,P,0.00,PRESSED,FAULT
2026-05-18 21:56:47.065,2.3543,eac_transition:ACTIVE,slider,1,0,0.00,6.71,7.60,ACTIVE,NONE,59,0,P,P,0.00,PRESSED,FAULT
2026-05-18 21:56:47.105,2.3949,,slider,1,0,0.00,4.61,7.50,ACTIVE,NONE,60,0,P,P,0.00,PRESSED,FAULT
2026-05-18 21:56:47.509,2.7989,,slider,1,0,0.00,0.23,2.30,ACTIVE,NONE,70,0,P,P,0.00,PRESSED,FAULT
2026-05-18 21:56:47.909,3.1986,,slider,1,0,0.00,0.01,0.50,ACTIVE,NONE,80,0,P,P,0.00,PRESSED,FAULT
2026-05-18 21:56:48.309,3.5992,,slider,1,0,0.00,0.00,-0.20,ACTIVE,NONE,90,0,P,P,0.00,PRESSED,FAULT
2026-05-18 21:56:48.709,3.9989,,slider,1,0,0.00,0.00,-0.20,ACTIVE,NONE,100,0,P,P,0.00,PRESSED,FAULT
2026-05-18 21:56:49.109,4.3993,,slider,1,0,0.00,0.00,-0.20,ACTIVE,NONE,110,0,P,P,0.00,PRESSED,FAULT
2026-05-18 21:56:49.510,4.7996,,slider,1,0,0.00,0.00,-0.20,ACTIVE,NONE,120,0,P,P,0.00,PRESSED,FAULT
2026-05-18 21:56:49.909,5.1987,,slider,1,0,0.00,0.00,-0.20,ACTIVE,NONE,130,0,P,P,0.00,PRESSED,FAULT
2026-05-18 21:56:50.310,5.5995,,slider,1,0,0.00,0.00,-0.20,ACTIVE,NONE,140,0,P,P,0.00,PRESSED,FAULT
2026-05-18 21:56:50.709,5.9990,,slider,1,0,0.00,0.00,-0.20,ACTIVE,NONE,150,0,P,P,0.00,PRESSED,FAULT
2026-05-18 21:56:51.109,6.3990,,slider,1,0,0.00,0.00,-0.10,ACTIVE,NONE,160,0,P,P,0.00,PRESSED,FAULT
2026-05-18 21:56:51.510,6.7994,,slider,1,0,0.00,0.00,0.00,ACTIVE,NONE,170,0,P,P,0.00,PRESSED,FAULT
2026-05-18 21:56:51.909,7.1990,,slider,1,0,0.00,0.00,0.00,ACTIVE,NONE,180,0,P,P,0.00,PRESSED,FAULT
2026-05-18 21:56:52.313,7.6024,,slider,1,0,139.69,46.10,19.60,ACTIVE,NONE,190,0,P,P,0.00,PRESSED,FAULT
2026-05-18 21:56:52.714,8.0040,,slider,1,0,-211.93,40.10,60.60,ACTIVE,NONE,200,0,P,P,0.00,PRESSED,FAULT
2026-05-18 21:56:53.119,8.4090,,slider,1,0,-355.58,-31.90,-1.20,ACTIVE,NONE,210,0,P,P,0.00,PRESSED,FAULT
2026-05-18 21:56:53.519,8.8091,,slider,1,0,50.48,-87.07,-76.00,ACTIVE,NONE,220,0,P,P,0.00,PRESSED,FAULT
2026-05-18 21:56:53.905,9.1943,,slider,1,0,55.42,-21.07,-45.10,ACTIVE,NONE,230,0,P,P,0.00,PRESSED,FAULT
2026-05-18 21:56:54.320,9.6094,,slider,1,0,0.00,7.29,12.40,ACTIVE,NONE,240,0,P,P,0.00,PRESSED,FAULT
2026-05-18 21:56:54.708,9.9979,,slider,1,0,0.00,0.53,2.90,ACTIVE,NONE,250,0,P,P,0.00,PRESSED,FAULT
2026-05-18 21:56:55.107,10.3973,,slider,1,0,0.00,0.03,0.50,ACTIVE,NONE,260,0,P,P,0.00,PRESSED,FAULT
2026-05-18 21:56:55.507,10.7971,,slider,1,0,0.00,0.00,0.10,ACTIVE,NONE,270,0,P,P,0.00,PRESSED,FAULT
2026-05-18 21:56:55.908,11.1980,,slider,1,0,0.00,0.00,0.00,ACTIVE,NONE,280,0,P,P,0.00,PRESSED,FAULT
2026-05-18 21:56:56.307,11.5973,,slider,1,0,0.00,0.00,0.00,ACTIVE,NONE,290,0,P,P,0.00,PRESSED,FAULT
2026-05-18 21:56:56.709,11.9985,,slider,1,0,0.00,0.00,0.00,ACTIVE,NONE,300,0,P,P,0.00,PRESSED,FAULT
2026-05-18 21:56:57.108,12.3976,,slider,1,0,0.00,0.00,0.00,ACTIVE,NONE,310,0,P,P,0.00,PRESSED,FAULT
2026-05-18 21:56:57.508,12.7980,,slider,1,0,0.00,0.00,0.00,ACTIVE,NONE,320,0,P,P,0.00,PRESSED,FAULT
2026-05-18 21:56:57.909,13.1984,,slider,1,0,0.00,0.00,0.00,ACTIVE,NONE,330,0,P,P,0.00,PRESSED,FAULT
2026-05-18 21:56:58.307,13.5971,,slider,1,0,0.00,0.00,0.00,ACTIVE,NONE,340,0,P,P,0.00,PRESSED,FAULT
2026-05-18 21:56:58.708,13.9978,,slider,1,0,0.00,0.00,0.00,ACTIVE,NONE,350,0,P,P,0.00,PRESSED,FAULT
2026-05-18 21:56:59.107,14.3972,,slider,1,0,0.00,0.00,0.00,ACTIVE,NONE,360,0,P,P,0.00,PRESSED,FAULT
2026-05-18 21:56:59.508,14.7981,,slider,1,0,0.00,0.00,0.00,ACTIVE,NONE,370,0,P,P,0.00,PRESSED,FAULT
2026-05-18 21:56:59.908,15.1981,,slider,1,0,0.00,0.00,0.00,ACTIVE,NONE,380,0,P,P,0.00,PRESSED,FAULT
2026-05-18 21:57:00.307,15.5970,,slider,1,0,0.00,0.00,0.00,ACTIVE,NONE,390,0,P,P,0.00,PRESSED,FAULT
2026-05-18 21:57:00.708,15.9974,,slider,1,0,0.00,0.00,0.00,ACTIVE,NONE,400,0,P,P,0.00,PRESSED,FAULT
2026-05-18 21:57:01.108,16.3977,,slider,1,0,0.00,0.00,0.00,ACTIVE,NONE,410,0,P,P,0.00,PRESSED,FAULT
2026-05-18 21:57:01.508,16.7974,,slider,1,0,0.00,0.00,0.00,ACTIVE,NONE,420,0,P,P,0.00,PRESSED,FAULT
2026-05-18 21:57:01.846,17.1359,shift_requested:D,slider,1,0,0.00,0.00,0.00,ACTIVE,NONE,428,0,P,P,0.00,PRESSED,FAULT
2026-05-18 21:57:01.882,17.1719,gear_change:D,slider,1,0,0.00,0.00,0.00,ACTIVE,NONE,429,0,D,D,0.00,PRESSED,FAULT
2026-05-18 21:57:01.906,17.1962,,slider,1,0,0.00,0.00,0.00,ACTIVE,NONE,430,0,D,D,0.00,PRESSED,FAULT
2026-05-18 21:57:02.307,17.5966,,slider,1,0,0.00,0.00,0.00,ACTIVE,NONE,440,0,D,D,0.00,PRESSED,FAULT
2026-05-18 21:57:02.707,17.9965,,slider,1,0,0.00,0.00,0.00,ACTIVE,NONE,450,0,D,D,0.00,PRESSED,FAULT
2026-05-18 21:57:03.107,18.3967,,slider,1,0,0.00,0.00,0.00,ACTIVE,NONE,460,0,D,D,0.00,PRESSED,FAULT
2026-05-18 21:57:03.507,18.7964,,slider,1,0,0.00,0.00,0.00,ACTIVE,NONE,470,0,D,D,0.00,PRESSED,FAULT
2026-05-18 21:57:03.907,19.1964,,slider,1,0,0.00,0.00,0.00,ACTIVE,NONE,480,0,D,D,0.00,PRESSED,FAULT
2026-05-18 21:57:04.307,19.5969,,slider,1,0,0.00,0.00,0.00,ACTIVE,NONE,490,0,D,D,0.00,PRESSED,FAULT
2026-05-18 21:57:04.707,19.9965,,slider,1,0,0.00,0.00,0.00,ACTIVE,NONE,500,0,D,D,0.00,PRESSED,FAULT
2026-05-18 21:57:05.107,20.3967,,slider,1,0,0.00,0.00,0.00,ACTIVE,NONE,510,0,D,D,0.00,PRESSED,FAULT
2026-05-18 21:57:05.508,20.7977,,slider,1,0,0.00,0.00,0.00,ACTIVE,NONE,520,0,D,D,0.00,PRESSED,FAULT
2026-05-18 21:57:05.907,21.1970,,slider,1,0,0.00,0.00,0.00,ACTIVE,NONE,530,0,D,D,0.00,PRESSED,FAULT
2026-05-18 21:57:06.307,21.5970,,slider,1,0,0.00,0.00,0.00,ACTIVE,NONE,540,0,D,D,0.25,released,RELEASED
2026-05-18 21:57:06.707,21.9969,,slider,1,0,0.00,0.00,0.20,ACTIVE,NONE,550,0,D,D,0.70,released,RELEASED
2026-05-18 21:57:07.107,22.3963,,slider,1,0,0.00,0.00,0.30,ACTIVE,NONE,560,0,D,D,1.25,released,RELEASED
2026-05-18 21:57:07.506,22.7962,,slider,1,0,0.00,0.00,0.30,ACTIVE,NONE,570,0,D,D,1.80,released,RELEASED
2026-05-18 21:57:07.907,23.1963,,slider,1,0,0.00,0.00,0.10,ACTIVE,NONE,580,0,D,D,2.30,released,RELEASED
2026-05-18 21:57:08.306,23.5962,,slider,1,0,0.00,0.00,0.00,ACTIVE,NONE,590,0,D,D,2.80,released,RELEASED
2026-05-18 21:57:08.707,23.9963,,slider,1,0,0.00,0.00,0.00,ACTIVE,NONE,600,0,D,D,3.20,released,RELEASED
2026-05-18 21:57:09.107,24.3972,,slider,1,0,0.00,0.00,0.00,ACTIVE,NONE,610,0,D,D,3.55,released,RELEASED
2026-05-18 21:57:09.507,24.7971,,slider,1,0,0.00,0.00,0.00,ACTIVE,NONE,620,0,D,D,3.85,released,RELEASED
2026-05-18 21:57:09.907,25.1967,,slider,1,0,0.00,0.00,0.00,ACTIVE,NONE,630,0,D,D,4.15,released,RELEASED
2026-05-18 21:57:10.307,25.5969,,slider,1,0,0.00,0.00,0.00,ACTIVE,NONE,640,0,D,D,4.40,released,RELEASED
2026-05-18 21:57:10.707,25.9968,,slider,1,0,0.00,-0.08,-0.20,ACTIVE,NONE,650,0,D,D,4.60,released,RELEASED
2026-05-18 21:57:11.107,26.3967,,slider,1,0,0.00,-0.00,-0.20,ACTIVE,NONE,660,0,D,D,4.80,released,RELEASED
2026-05-18 21:57:11.507,26.7965,,slider,1,0,0.00,-0.00,-0.20,ACTIVE,NONE,670,0,D,D,4.95,released,RELEASED
2026-05-18 21:57:11.907,27.1966,,slider,1,0,0.00,-0.00,-0.10,ACTIVE,NONE,680,0,D,D,5.15,released,RELEASED
2026-05-18 21:57:12.307,27.5965,,slider,1,0,0.00,-0.00,-0.10,ACTIVE,NONE,690,0,D,D,5.20,released,RELEASED
2026-05-18 21:57:12.707,27.9967,,slider,1,0,0.00,-0.00,-0.10,ACTIVE,NONE,700,0,D,D,5.00,PRESSED,FAULT
2026-05-18 21:57:13.107,28.3967,,slider,1,0,0.00,-0.00,-0.10,ACTIVE,NONE,710,0,D,D,4.35,PRESSED,FAULT
2026-05-18 21:57:13.507,28.7967,,slider,1,0,29.96,21.29,11.80,ACTIVE,NONE,720,0,D,D,3.70,PRESSED,FAULT
2026-05-18 21:57:13.907,29.1965,,slider,1,0,53.76,46.83,37.50,ACTIVE,NONE,730,0,D,D,3.40,PRESSED,FAULT
2026-05-18 21:57:14.312,29.6020,,slider,1,0,110.95,94.52,73.90,ACTIVE,NONE,740,0,D,D,2.80,PRESSED,FAULT
2026-05-18 21:57:14.712,30.0017,,slider,1,0,128.23,129.49,125.40,ACTIVE,NONE,750,0,D,D,3.00,released,RELEASED
2026-05-18 21:57:15.113,30.4024,,slider,1,0,123.79,126.64,128.60,ACTIVE,NONE,760,0,D,D,3.25,released,RELEASED
2026-05-18 21:57:15.512,30.8022,,slider,1,0,166.88,162.21,148.90,ACTIVE,NONE,770,0,D,D,3.55,released,RELEASED
2026-05-18 21:57:15.912,31.2016,,slider,1,0,355.58,227.29,205.20,ACTIVE,NONE,780,0,D,D,3.75,released,RELEASED
2026-05-18 21:57:16.312,31.6018,,slider,1,0,355.58,299.29,278.10,ACTIVE,NONE,790,0,D,D,3.65,released,RELEASED
2026-05-18 21:57:16.712,32.0017,,slider,1,0,351.20,353.76,347.30,ACTIVE,NONE,800,0,D,D,3.50,released,RELEASED
2026-05-18 21:57:17.113,32.4024,,slider,1,0,355.58,353.36,354.40,ACTIVE,NONE,810,0,D,D,3.50,released,RELEASED
2026-05-18 21:57:17.512,32.8020,,slider,1,0,355.58,352.63,353.80,ACTIVE,NONE,820,0,D,D,3.50,released,RELEASED
2026-05-18 21:57:17.912,33.2020,,slider,1,0,355.58,354.67,353.90,ACTIVE,NONE,830,0,D,D,3.40,PRESSED,FAULT
2026-05-18 21:57:18.312,33.6020,,slider,1,0,355.58,355.35,354.70,ACTIVE,NONE,840,0,D,D,3.00,released,RELEASED
2026-05-18 21:57:18.712,34.0019,,slider,1,0,191.36,333.34,351.30,ACTIVE,NONE,850,0,D,D,3.05,released,RELEASED
2026-05-18 21:57:19.111,34.4008,,slider,1,0,317.60,264.34,285.00,ACTIVE,NONE,860,0,D,D,3.05,released,RELEASED
2026-05-18 21:57:19.512,34.8021,,slider,1,0,351.20,324.34,302.60,ACTIVE,NONE,870,0,D,D,2.95,PRESSED,FAULT
2026-05-18 21:57:19.912,35.2021,,slider,1,0,174.81,331.11,346.80,ACTIVE,NONE,880,0,D,D,2.90,released,RELEASED
2026-05-18 21:57:20.312,35.6019,,slider,1,0,237.21,259.11,282.00,ACTIVE,NONE,890,0,D,D,3.10,released,RELEASED
2026-05-18 21:57:20.713,36.0022,,slider,1,0,355.58,304.45,281.80,ACTIVE,NONE,900,0,D,D,3.20,released,RELEASED
2026-05-18 21:57:21.112,36.4020,,slider,1,0,355.58,354.13,348.80,ACTIVE,NONE,910,0,D,D,3.25,released,RELEASED
2026-05-18 21:57:21.508,36.7978,,slider,1,0,205.91,337.36,351.40,ACTIVE,NONE,920,0,D,D,3.35,released,RELEASED
2026-05-18 21:57:21.911,37.2007,,slider,1,0,39.28,265.36,286.10,ACTIVE,NONE,930,0,D,D,3.50,released,RELEASED
2026-05-18 21:57:22.308,37.5981,,slider,1,0,45.63,193.36,213.10,ACTIVE,NONE,940,0,D,D,3.55,released,RELEASED
2026-05-18 21:57:22.708,37.9979,,slider,1,0,13.35,121.36,141.40,ACTIVE,NONE,950,0,D,D,3.65,released,RELEASED
2026-05-18 21:57:23.110,38.3993,,slider,1,0,0.00,49.36,70.30,ACTIVE,NONE,960,0,D,D,3.80,released,RELEASED
2026-05-18 21:57:23.509,38.7984,,slider,1,0,0.00,0.06,5.40,ACTIVE,NONE,970,0,D,D,3.85,released,RELEASED
2026-05-18 21:57:23.912,39.2016,,slider,1,0,0.00,3.90,6.40,ACTIVE,NONE,980,0,D,D,3.95,released,RELEASED
2026-05-18 21:57:24.312,39.6016,,slider,1,0,36.15,14.29,3.50,ACTIVE,NONE,990,0,D,D,4.00,released,RELEASED
2026-05-18 21:57:24.713,40.0031,,slider,1,0,29.96,36.30,33.80,ACTIVE,NONE,1000,0,D,D,4.05,released,RELEASED
2026-05-18 21:57:25.114,40.4035,,slider,1,0,23.86,23.65,24.60,ACTIVE,NONE,1010,0,D,D,4.10,released,RELEASED
2026-05-18 21:57:25.513,40.8028,,slider,1,0,31.50,35.14,32.30,ACTIVE,NONE,1020,0,D,D,4.20,released,RELEASED
2026-05-18 21:57:25.914,41.2034,,slider,1,0,28.43,33.12,34.60,ACTIVE,NONE,1030,0,D,D,4.20,released,RELEASED
2026-05-18 21:57:26.314,41.6038,,slider,1,0,42.44,40.87,38.80,ACTIVE,NONE,1040,0,D,D,4.25,released,RELEASED
2026-05-18 21:57:26.713,42.0029,,slider,1,0,31.50,33.84,37.90,ACTIVE,NONE,1050,0,D,D,4.35,released,RELEASED
2026-05-18 21:57:27.113,42.4031,,slider,1,0,47.24,47.47,43.00,ACTIVE,NONE,1060,0,D,D,4.40,released,RELEASED
2026-05-18 21:57:27.513,42.8028,,slider,1,0,40.86,43.67,45.60,ACTIVE,NONE,1070,0,D,D,4.45,released,RELEASED
2026-05-18 21:57:27.913,43.2031,,slider,1,0,39.28,40.99,41.50,ACTIVE,NONE,1080,0,D,D,4.45,released,RELEASED
2026-05-18 21:57:28.313,43.6030,,slider,1,0,28.43,36.14,38.00,ACTIVE,NONE,1090,0,D,D,4.50,released,RELEASED
2026-05-18 21:57:28.713,44.0028,,slider,1,0,0.00,6.15,15.20,ACTIVE,NONE,1100,0,D,D,4.50,released,RELEASED
2026-05-18 21:57:29.114,44.4032,,slider,1,0,-17.83,-9.69,-5.80,ACTIVE,NONE,1110,0,D,D,4.55,released,RELEASED
2026-05-18 21:57:29.513,44.8027,,slider,1,0,-29.96,-25.34,-20.00,ACTIVE,NONE,1120,0,D,D,4.55,released,RELEASED
2026-05-18 21:57:29.905,45.1951,,slider,1,0,-28.43,-27.09,-27.40,ACTIVE,NONE,1130,0,D,D,4.60,released,RELEASED
2026-05-18 21:57:30.306,45.5953,,slider,1,0,-8.89,-22.21,-30.50,ACTIVE,NONE,1140,0,D,D,4.65,released,RELEASED
2026-05-18 21:57:30.711,46.0009,,slider,1,0,31.50,3.17,-9.20,ACTIVE,NONE,1150,0,D,D,4.65,released,RELEASED
2026-05-18 21:57:31.111,46.4007,,slider,1,0,34.59,35.22,31.50,ACTIVE,NONE,1160,0,D,D,4.70,released,RELEASED
2026-05-18 21:57:31.513,46.8029,,slider,1,0,-8.89,7.56,20.90,ACTIVE,NONE,1170,0,D,D,4.75,released,RELEASED
2026-05-18 21:57:31.913,47.2029,,slider,1,0,-28.43,-26.66,-20.60,ACTIVE,NONE,1180,0,D,D,4.75,released,RELEASED
2026-05-18 21:57:32.314,47.6034,,slider,1,0,-45.63,-38.48,-32.20,ACTIVE,NONE,1190,0,D,D,4.80,released,RELEASED
2026-05-18 21:57:32.713,48.0029,,slider,1,0,-42.44,-37.15,-37.30,ACTIVE,NONE,1200,0,D,D,4.75,released,RELEASED
2026-05-18 21:57:33.113,48.4028,,slider,1,0,-36.15,-45.73,-43.70,ACTIVE,NONE,1210,0,D,D,4.80,released,RELEASED
2026-05-18 21:57:33.513,48.8030,,slider,1,0,0.00,-3.31,-11.40,ACTIVE,NONE,1220,0,D,D,4.80,released,RELEASED
2026-05-18 21:57:33.913,49.2029,,slider,1,0,0.00,-0.16,-0.80,ACTIVE,NONE,1230,0,D,D,4.75,released,RELEASED
2026-05-18 21:57:34.313,49.6030,,slider,1,0,-22.35,-3.67,-0.10,ACTIVE,NONE,1240,0,D,D,4.75,released,RELEASED
2026-05-18 21:57:34.713,50.0029,,slider,1,0,0.00,-13.04,-19.30,ACTIVE,NONE,1250,0,D,D,4.75,released,RELEASED
2026-05-18 21:57:35.113,50.4029,,slider,1,0,10.37,0.57,-2.70,ACTIVE,NONE,1260,0,D,D,4.70,released,RELEASED
2026-05-18 21:57:35.513,50.8029,,slider,1,0,0.00,3.92,8.40,ACTIVE,NONE,1270,0,D,D,4.70,released,RELEASED
2026-05-18 21:57:35.913,51.2029,,slider,1,0,0.00,0.19,1.00,ACTIVE,NONE,1280,0,D,D,4.65,released,RELEASED
2026-05-18 21:57:36.313,51.6029,,slider,1,0,-22.35,-17.66,-10.60,ACTIVE,NONE,1290,0,D,D,4.65,released,RELEASED
2026-05-18 21:57:36.713,52.0028,,slider,1,0,0.00,-2.73,-8.40,ACTIVE,NONE,1300,0,D,D,4.60,released,RELEASED
2026-05-18 21:57:37.113,52.4031,,slider,1,0,0.00,-1.30,-1.60,ACTIVE,NONE,1310,0,D,D,4.60,released,RELEASED
2026-05-18 21:57:37.513,52.8028,,slider,1,0,0.00,2.38,4.00,ACTIVE,NONE,1320,0,D,D,4.55,released,RELEASED
2026-05-18 21:57:37.913,53.2030,,slider,1,0,0.00,0.12,0.80,ACTIVE,NONE,1330,0,D,D,4.50,released,RELEASED
2026-05-18 21:57:38.314,53.6034,,slider,1,0,0.00,0.01,0.10,ACTIVE,NONE,1340,0,D,D,4.45,released,RELEASED
2026-05-18 21:57:38.714,54.0032,,slider,1,0,0.00,0.00,-0.20,ACTIVE,NONE,1350,0,D,D,4.40,released,RELEASED
2026-05-18 21:57:39.114,54.4035,,slider,1,0,0.00,0.00,-0.20,ACTIVE,NONE,1360,0,D,D,4.35,released,RELEASED
2026-05-18 21:57:39.513,54.8030,,slider,1,0,0.00,0.00,-0.20,ACTIVE,NONE,1370,0,D,D,4.30,released,RELEASED
2026-05-18 21:57:39.914,55.2033,,slider,1,0,0.00,0.00,-0.20,ACTIVE,NONE,1380,0,D,D,4.25,released,RELEASED
2026-05-18 21:57:40.313,55.6026,,slider,1,0,0.00,-59.16,-37.70,ACTIVE,NONE,1390,0,D,D,4.20,released,RELEASED
2026-05-18 21:57:40.714,56.0041,,slider,1,0,355.58,0.84,-21.30,ACTIVE,NONE,1400,0,D,D,4.15,released,RELEASED
2026-05-18 21:57:41.114,56.4039,,slider,1,0,355.58,72.84,49.30,ACTIVE,NONE,1410,0,D,D,4.10,released,RELEASED
2026-05-18 21:57:41.514,56.8040,,slider,1,0,0.00,144.84,121.60,ACTIVE,NONE,1420,0,D,D,4.05,released,RELEASED
2026-05-18 21:57:41.912,57.2013,,slider,1,0,-76.13,93.84,114.20,ACTIVE,NONE,1430,0,D,D,4.05,released,RELEASED
2026-05-18 21:57:42.312,57.6013,,slider,1,0,-62.14,21.84,43.10,ACTIVE,NONE,1440,0,D,D,4.10,released,RELEASED
2026-05-18 21:57:42.715,58.0048,,slider,1,0,0.00,-8.08,-13.10,ACTIVE,NONE,1450,0,D,D,4.10,released,RELEASED
2026-05-18 21:57:43.115,58.4048,,slider,1,0,0.00,-0.40,-1.80,ACTIVE,NONE,1460,0,D,D,4.05,released,RELEASED
2026-05-18 21:57:43.515,58.8047,,slider,1,0,0.00,-0.02,-0.10,ACTIVE,NONE,1470,0,D,D,4.05,released,RELEASED
2026-05-18 21:57:43.915,59.2047,,slider,1,0,31.50,20.41,11.80,ACTIVE,NONE,1480,0,D,D,4.05,released,RELEASED
2026-05-18 21:57:44.315,59.6050,,slider,1,0,28.43,32.88,33.20,ACTIVE,NONE,1490,0,D,D,4.00,released,RELEASED
2026-05-18 21:57:44.715,60.0047,,slider,1,0,0.00,5.23,14.10,ACTIVE,NONE,1500,0,D,D,4.00,released,RELEASED
2026-05-18 21:57:45.109,60.3983,,slider,1,0,0.00,0.29,1.30,ACTIVE,NONE,1510,0,D,D,3.95,released,RELEASED
2026-05-18 21:57:45.509,60.7982,,slider,1,0,0.00,0.01,0.00,ACTIVE,NONE,1520,0,D,D,3.95,released,RELEASED
2026-05-18 21:57:45.909,61.1985,,slider,1,0,0.00,0.00,-0.20,ACTIVE,NONE,1530,0,D,D,3.90,released,RELEASED
2026-05-18 21:57:46.309,61.5983,,slider,1,0,0.00,0.00,-0.10,ACTIVE,NONE,1540,0,D,D,3.90,released,RELEASED
2026-05-18 21:57:46.709,61.9985,,slider,1,0,8.89,14.18,12.00,ACTIVE,NONE,1550,0,D,D,3.85,released,RELEASED
2026-05-18 21:57:47.109,62.3990,,slider,1,0,0.00,0.99,3.80,ACTIVE,NONE,1560,0,D,D,3.85,released,RELEASED
2026-05-18 21:57:47.509,62.7981,,slider,1,0,25.38,16.79,6.90,ACTIVE,NONE,1570,0,D,D,3.75,released,RELEASED
2026-05-18 21:57:47.909,63.1984,,slider,1,0,0.00,14.05,21.10,ACTIVE,NONE,1580,0,D,D,3.80,released,RELEASED
2026-05-18 21:57:48.315,63.6051,,slider,1,0,13.35,23.63,19.80,ACTIVE,NONE,1590,0,D,D,3.80,released,RELEASED
2026-05-18 21:57:48.706,63.9959,,slider,1,0,0.00,2.27,6.80,ACTIVE,NONE,1600,0,D,D,3.80,released,RELEASED
2026-05-18 21:57:49.107,64.3965,,slider,1,0,17.83,5.64,0.90,ACTIVE,NONE,1610,0,D,D,3.80,released,RELEASED
2026-05-18 21:57:49.511,64.8004,,slider,1,0,0.00,6.80,13.60,ACTIVE,NONE,1620,0,D,D,3.80,released,RELEASED
2026-05-18 21:57:49.917,65.2071,,slider,1,0,7.40,3.58,2.00,ACTIVE,NONE,1630,0,D,D,3.80,released,RELEASED
2026-05-18 21:57:50.306,65.5958,,slider,1,0,0.00,3.89,6.40,ACTIVE,NONE,1640,0,D,D,3.80,released,RELEASED
2026-05-18 21:57:50.714,66.0036,,slider,1,0,0.00,-0.42,-0.20,ACTIVE,NONE,1650,0,D,D,3.80,released,RELEASED
2026-05-18 21:57:51.113,66.4022,,slider,1,0,0.00,-0.02,-0.30,ACTIVE,NONE,1660,0,D,D,3.80,released,RELEASED
2026-05-18 21:57:51.513,66.8026,,slider,1,0,0.00,-0.00,-0.30,ACTIVE,NONE,1670,0,D,D,3.85,released,RELEASED
2026-05-18 21:57:51.914,67.2036,,slider,1,0,0.00,-0.00,-0.30,ACTIVE,NONE,1680,0,D,D,3.85,released,RELEASED
2026-05-18 21:57:52.312,67.6017,,slider,1,0,0.00,-0.00,-0.30,ACTIVE,NONE,1690,0,D,D,3.85,released,RELEASED
2026-05-18 21:57:52.714,68.0033,,slider,1,0,0.00,-0.00,-0.20,ACTIVE,NONE,1700,0,D,D,3.85,released,RELEASED
2026-05-18 21:57:53.112,68.4019,,slider,1,0,0.00,-0.00,-0.10,ACTIVE,NONE,1710,0,D,D,3.85,released,RELEASED
2026-05-18 21:57:53.513,68.8021,,slider,1,0,0.00,-0.00,-0.10,ACTIVE,NONE,1720,0,D,D,3.85,released,RELEASED
2026-05-18 21:57:53.913,69.2027,,slider,1,0,0.00,-0.00,-0.10,ACTIVE,NONE,1730,0,D,D,3.85,released,RELEASED
2026-05-18 21:57:54.314,69.6031,,slider,1,0,0.00,-0.00,-0.10,ACTIVE,NONE,1740,0,D,D,3.85,released,RELEASED
2026-05-18 21:57:54.713,70.0021,,slider,1,0,0.00,-0.00,-0.10,ACTIVE,NONE,1750,0,D,D,4.00,released,RELEASED
2026-05-18 21:57:55.113,70.4029,,slider,1,0,8.89,2.78,0.20,ACTIVE,NONE,1760,0,D,D,4.15,released,RELEASED
2026-05-18 21:57:55.516,70.8055,,slider,1,0,7.40,10.18,10.10,ACTIVE,NONE,1770,0,D,D,4.55,released,RELEASED
2026-05-18 21:57:55.916,71.2056,,slider,1,0,7.40,0.84,3.30,ACTIVE,NONE,1780,0,D,D,5.10,released,RELEASED
2026-05-18 21:57:56.316,71.6052,,slider,1,0,0.00,0.97,2.90,ACTIVE,NONE,1790,0,D,D,5.05,released,RELEASED
2026-05-18 21:57:56.716,72.0054,,slider,1,0,0.00,0.05,0.40,ACTIVE,NONE,1800,0,D,D,5.05,released,RELEASED
2026-05-18 21:57:57.115,72.4049,,slider,1,0,0.00,0.00,0.00,ACTIVE,NONE,1810,0,D,D,5.25,released,RELEASED
2026-05-18 21:57:57.516,72.8052,,slider,1,0,-17.83,-8.20,-1.20,ACTIVE,NONE,1820,0,D,D,5.35,released,RELEASED
2026-05-18 21:57:57.917,73.2066,,slider,1,0,20.84,7.98,-2.30,ACTIVE,NONE,1830,0,D,D,5.50,released,RELEASED
2026-05-18 21:57:58.316,73.6059,,slider,1,0,0.00,9.56,15.00,ACTIVE,NONE,1840,0,D,D,5.55,released,RELEASED
2026-05-18 21:57:58.722,74.0113,,slider,1,0,0.00,0.47,1.90,ACTIVE,NONE,1850,0,D,D,5.75,released,RELEASED
2026-05-18 21:57:59.121,74.4110,,slider,1,0,7.40,3.09,0.20,ACTIVE,NONE,1860,0,D,D,6.10,released,RELEASED
2026-05-18 21:57:59.522,74.8111,,slider,1,0,0.00,0.28,1.10,ACTIVE,NONE,1870,0,D,D,6.45,released,RELEASED
2026-05-18 21:57:59.922,75.2111,,slider,1,0,0.00,0.01,0.20,ACTIVE,NONE,1880,0,D,D,6.50,released,RELEASED
2026-05-18 21:58:00.323,75.6123,,slider,1,0,0.00,0.00,0.00,ACTIVE,NONE,1890,0,D,D,6.35,released,RELEASED
2026-05-18 21:58:00.722,76.0116,,slider,1,0,0.00,0.00,0.00,ACTIVE,NONE,1900,0,D,D,6.25,released,RELEASED
2026-05-18 21:58:01.122,76.4116,,slider,1,0,0.00,0.00,0.00,ACTIVE,NONE,1910,0,D,D,6.10,released,RELEASED
2026-05-18 21:58:01.522,76.8118,,slider,1,0,0.00,-2.69,-1.00,ACTIVE,NONE,1920,0,D,D,6.00,released,RELEASED
2026-05-18 21:58:01.922,77.2118,,slider,1,0,0.00,-0.13,-1.30,ACTIVE,NONE,1930,0,D,D,5.95,released,RELEASED
2026-05-18 21:58:02.322,77.6114,,slider,1,0,0.00,-0.01,-0.20,ACTIVE,NONE,1940,0,D,D,6.00,released,RELEASED
2026-05-18 21:58:02.722,78.0115,,slider,1,0,0.00,-0.00,0.00,ACTIVE,NONE,1950,0,D,D,6.10,released,RELEASED
2026-05-18 21:58:03.107,78.3969,,slider,1,0,0.00,-15.94,-17.00,ACTIVE,NONE,1960,0,D,D,6.30,released,RELEASED
2026-05-18 21:58:03.516,78.8050,,slider,1,0,0.00,-1.59,-4.90,ACTIVE,NONE,1970,0,D,D,6.40,released,RELEASED
2026-05-18 21:58:03.915,79.2046,,slider,1,0,0.00,-0.08,-0.50,ACTIVE,NONE,1980,0,D,D,6.55,released,RELEASED
2026-05-18 21:58:04.315,79.6049,,slider,1,0,-31.50,-29.32,-19.30,ACTIVE,NONE,1990,0,D,D,6.15,released,RELEASED
2026-05-18 21:58:04.719,80.0085,,slider,1,0,0.00,-7.63,-18.90,ACTIVE,NONE,2000,0,D,D,6.30,released,RELEASED
2026-05-18 21:58:05.120,80.4093,,slider,1,0,-7.40,-17.11,-20.20,ACTIVE,NONE,2010,0,D,D,6.30,released,RELEASED
2026-05-18 21:58:05.520,80.8093,,slider,1,0,-7.40,-1.67,-3.60,ACTIVE,NONE,2020,0,D,D,6.50,released,RELEASED
2026-05-18 21:58:05.923,81.2126,,slider,1,0,-26.90,-22.24,-15.60,ACTIVE,NONE,2030,0,D,D,6.70,released,RELEASED
2026-05-18 21:58:06.307,81.5969,,slider,1,0,-14.84,-19.61,-25.60,ACTIVE,NONE,2040,0,D,D,6.95,released,RELEASED
2026-05-18 21:58:06.708,81.9975,,slider,1,0,-23.86,-13.78,-12.70,ACTIVE,NONE,2050,0,D,D,7.05,released,RELEASED
2026-05-18 21:58:07.107,82.3966,,slider,1,0,-20.84,-20.31,-23.80,ACTIVE,NONE,2060,0,D,D,7.10,released,RELEASED
2026-05-18 21:58:07.508,82.7974,,slider,1,0,-52.12,-50.55,-38.30,ACTIVE,NONE,2070,0,D,D,7.20,released,RELEASED
2026-05-18 21:58:07.907,83.1969,,slider,1,0,-60.44,-49.47,-43.50,ACTIVE,NONE,2080,0,D,D,7.15,released,RELEASED
2026-05-18 21:58:08.308,83.5971,,slider,1,0,-36.15,-45.12,-49.50,ACTIVE,NONE,2090,0,D,D,7.10,released,RELEASED
2026-05-18 21:58:08.707,83.9970,,slider,1,0,-50.48,-41.54,-42.70,ACTIVE,NONE,2100,0,D,D,7.05,released,RELEASED
2026-05-18 21:58:09.107,84.3966,,slider,1,0,-47.24,-41.76,-42.50,ACTIVE,NONE,2110,0,D,D,6.95,released,RELEASED
2026-05-18 21:58:09.508,84.7972,,slider,1,0,-22.35,-41.12,-43.00,ACTIVE,NONE,2120,0,D,D,6.85,released,RELEASED
2026-05-18 21:58:09.908,85.1977,,slider,1,0,-44.03,-38.20,-32.50,ACTIVE,NONE,2130,0,D,D,6.80,released,RELEASED
2026-05-18 21:58:10.309,85.5988,,slider,1,0,-29.96,-33.60,-37.70,ACTIVE,NONE,2140,0,D,D,6.75,released,RELEASED
2026-05-18 21:58:10.709,85.9985,,slider,1,0,-20.84,-44.79,-48.80,ACTIVE,NONE,2150,0,D,D,6.65,released,RELEASED
2026-05-18 21:58:11.108,86.3979,,slider,1,0,0.00,-4.06,-12.20,ACTIVE,NONE,2160,0,D,D,6.65,released,RELEASED
2026-05-18 21:58:11.518,86.8074,,slider,1,0,-52.12,-42.03,-21.40,ACTIVE,NONE,2170,0,D,D,6.65,released,RELEASED
2026-05-18 21:58:11.918,87.2072,,slider,1,0,-45.63,-35.69,-34.00,ACTIVE,NONE,2180,0,D,D,6.65,released,RELEASED
2026-05-18 21:58:12.318,87.6072,,slider,1,0,0.00,-20.34,-28.90,ACTIVE,NONE,2190,0,D,D,6.65,released,RELEASED
2026-05-18 21:58:12.719,88.0080,,slider,1,0,13.35,1.95,-4.10,ACTIVE,NONE,2200,0,D,D,6.60,released,RELEASED
2026-05-18 21:58:13.121,88.4103,,slider,1,0,28.43,18.29,15.30,ACTIVE,NONE,2210,0,D,D,6.65,released,RELEASED
2026-05-18 21:58:13.521,88.8103,,slider,1,0,50.48,35.14,28.80,ACTIVE,NONE,2220,0,D,D,6.60,released,RELEASED
2026-05-18 21:58:13.921,89.2102,,slider,1,0,117.28,89.15,70.70,ACTIVE,NONE,2230,0,D,D,6.65,released,RELEASED
2026-05-18 21:58:14.310,89.5998,,slider,1,0,117.28,125.08,128.50,ACTIVE,NONE,2240,0,D,D,6.60,released,RELEASED
2026-05-18 21:58:14.711,90.0001,,slider,1,0,40.86,68.44,89.00,ACTIVE,NONE,2250,0,D,D,6.55,released,RELEASED
2026-05-18 21:58:15.115,90.4042,,slider,1,0,77.94,75.92,69.20,ACTIVE,NONE,2260,0,D,D,6.60,released,RELEASED
2026-05-18 21:58:15.518,90.8078,,slider,1,0,69.04,85.64,89.10,ACTIVE,NONE,2270,0,D,D,6.50,released,RELEASED
2026-05-18 21:58:15.923,91.2125,,slider,1,0,106.81,98.19,85.20,ACTIVE,NONE,2280,0,D,D,6.45,released,RELEASED
2026-05-18 21:58:16.314,91.6036,,slider,1,0,104.78,116.85,111.80,ACTIVE,NONE,2290,0,D,D,6.40,released,RELEASED
2026-05-18 21:58:16.718,92.0075,,slider,1,0,-19.33,46.43,70.30,ACTIVE,NONE,2300,0,D,D,6.35,released,RELEASED
2026-05-18 21:58:17.108,92.3975,,slider,1,0,-126.00,-22.57,-0.80,ACTIVE,NONE,2310,0,D,D,6.25,released,RELEASED
2026-05-18 21:58:17.511,92.8001,,slider,1,0,-360.00,-94.57,-70.80,ACTIVE,NONE,2320,0,D,D,6.10,released,RELEASED
2026-05-18 21:58:17.912,93.2016,,slider,1,0,-355.61,-166.57,-144.20,ACTIVE,NONE,2330,0,D,D,6.00,released,RELEASED
2026-05-18 21:58:18.312,93.6016,,slider,1,0,-351.26,-238.57,-216.90,ACTIVE,NONE,2340,0,D,D,5.75,released,RELEASED
2026-05-18 21:58:18.712,94.0019,,slider,1,0,-355.61,-310.57,-288.50,ACTIVE,NONE,2350,0,D,D,5.55,released,RELEASED
2026-05-18 21:58:19.112,94.4014,,slider,1,0,-351.26,-353.94,-350.20,ACTIVE,NONE,2360,0,D,D,5.25,released,RELEASED
2026-05-18 21:58:19.513,94.8028,,slider,1,0,-355.61,-354.44,-355.50,ACTIVE,NONE,2370,0,D,D,5.05,released,RELEASED
2026-05-18 21:58:19.913,95.2025,,slider,1,0,-355.61,-354.56,-354.80,ACTIVE,NONE,2380,0,D,D,4.85,released,RELEASED
2026-05-18 21:58:20.313,95.6024,,slider,1,0,-351.26,-354.27,-353.70,ACTIVE,NONE,2390,0,D,D,4.60,released,RELEASED
2026-05-18 21:58:20.713,96.0029,,slider,1,0,-351.26,-353.51,-353.70,ACTIVE,NONE,2400,0,D,D,4.40,released,RELEASED
2026-05-18 21:58:21.112,96.4019,,slider,1,0,-355.61,-354.93,-354.30,ACTIVE,NONE,2410,0,D,D,4.30,released,RELEASED
2026-05-18 21:58:21.513,96.8029,,slider,1,0,-351.26,-353.82,-354.60,ACTIVE,NONE,2420,0,D,D,4.20,released,RELEASED
2026-05-18 21:58:21.914,97.2035,,slider,1,0,-355.61,-354.89,-354.30,ACTIVE,NONE,2430,0,D,D,4.15,released,RELEASED
2026-05-18 21:58:22.313,97.6023,,slider,1,0,-355.61,-353.04,-354.10,ACTIVE,NONE,2440,0,D,D,4.20,released,RELEASED
2026-05-18 21:58:22.713,98.0026,,slider,1,0,-351.26,-352.85,-354.00,ACTIVE,NONE,2450,0,D,D,4.30,released,RELEASED
2026-05-18 21:58:23.113,98.4026,,slider,1,0,-351.26,-349.80,-349.80,ACTIVE,NONE,2460,0,D,D,4.45,released,RELEASED
2026-05-18 21:58:23.514,98.8034,,slider,1,0,-355.61,-352.94,-351.80,ACTIVE,NONE,2470,0,D,D,4.60,released,RELEASED
2026-05-18 21:58:23.913,99.2025,,slider,1,0,-351.26,-353.66,-353.90,ACTIVE,NONE,2480,0,D,D,4.75,released,RELEASED
2026-05-18 21:58:24.313,99.6029,,slider,1,0,-355.61,-353.61,-354.00,ACTIVE,NONE,2490,0,D,D,4.90,released,RELEASED
2026-05-18 21:58:24.714,100.0037,,slider,1,0,-351.26,-353.98,-353.50,ACTIVE,NONE,2500,0,D,D,5.10,released,RELEASED
2026-05-18 21:58:25.113,100.4024,,slider,1,0,-351.26,-351.74,-352.80,ACTIVE,NONE,2510,0,D,D,5.30,released,RELEASED
2026-05-18 21:58:25.514,100.8039,,slider,1,0,-351.26,-353.24,-352.50,ACTIVE,NONE,2520,0,D,D,5.45,released,RELEASED
2026-05-18 21:58:25.914,101.2035,,slider,1,0,-351.26,-352.35,-352.40,ACTIVE,NONE,2530,0,D,D,5.60,released,RELEASED
2026-05-18 21:58:26.314,101.6035,,slider,1,0,-351.26,-352.59,-351.70,ACTIVE,NONE,2540,0,D,D,5.80,released,RELEASED
2026-05-18 21:58:26.714,102.0034,,slider,1,0,-351.26,-352.49,-352.80,ACTIVE,NONE,2550,0,D,D,5.95,released,RELEASED
2026-05-18 21:58:27.115,102.4044,,slider,1,0,-51.74,-319.41,-340.00,ACTIVE,NONE,2560,0,D,D,6.15,released,RELEASED
2026-05-18 21:58:27.515,102.8047,,slider,1,0,0.00,-247.41,-270.60,ACTIVE,NONE,2570,0,D,D,6.45,released,RELEASED
2026-05-18 21:58:27.922,103.2119,,slider,1,0,-20.70,-175.41,-198.60,ACTIVE,NONE,2580,0,D,D,6.60,released,RELEASED
2026-05-18 21:58:28.325,103.6139,,slider,1,0,31.28,-103.41,-128.80,ACTIVE,NONE,2590,0,D,D,6.75,released,RELEASED
2026-05-18 21:58:28.711,104.0008,,slider,1,0,42.14,-34.41,-57.80,ACTIVE,NONE,2600,0,D,D,6.85,released,RELEASED
2026-05-18 21:58:29.110,104.3997,,slider,1,0,13.26,37.59,13.70,ACTIVE,NONE,2610,0,D,D,6.90,released,RELEASED
2026-05-18 21:58:29.513,104.8026,,slider,1,0,0.00,2.20,7.70,ACTIVE,NONE,2620,0,D,D,6.95,released,RELEASED
2026-05-18 21:58:29.914,105.2034,,slider,1,0,0.00,0.11,0.60,ACTIVE,NONE,2630,0,D,D,6.95,released,RELEASED
2026-05-18 21:58:30.329,105.6187,,slider,1,0,20.70,12.83,4.80,ACTIVE,NONE,2640,0,D,D,7.00,released,RELEASED
2026-05-18 21:58:30.716,106.0049,,slider,1,0,0.00,1.86,6.10,ACTIVE,NONE,2650,0,D,D,7.00,released,RELEASED
2026-05-18 21:58:31.116,106.4058,,slider,1,0,0.00,0.09,0.40,ACTIVE,NONE,2660,0,D,D,7.05,released,RELEASED
2026-05-18 21:58:31.517,106.8062,,slider,1,0,11.78,1.39,0.00,ACTIVE,NONE,2670,0,D,D,7.05,released,RELEASED
2026-05-18 21:58:31.918,107.2072,,slider,1,0,34.35,30.57,23.20,ACTIVE,NONE,2680,0,D,D,7.10,released,RELEASED
2026-05-18 21:58:32.316,107.6053,,slider,1,0,29.75,35.33,36.50,ACTIVE,NONE,2690,0,D,D,7.05,released,RELEASED
2026-05-18 21:58:32.717,108.0065,,slider,1,0,31.28,30.73,31.80,ACTIVE,NONE,2700,0,D,D,6.90,released,RELEASED
2026-05-18 21:58:33.116,108.4051,,slider,1,0,48.51,40.15,32.90,ACTIVE,NONE,2710,0,D,D,6.55,released,RELEASED
2026-05-18 21:58:33.518,108.8079,,slider,1,0,70.25,65.04,58.10,ACTIVE,NONE,2720,0,D,D,6.10,PRESSED,FAULT
2026-05-18 21:58:33.919,109.2080,,slider,1,0,65.07,66.63,68.70,ACTIVE,NONE,2730,0,D,D,5.40,PRESSED,FAULT
2026-05-18 21:58:34.320,109.6089,,slider,1,0,46.90,48.80,53.80,ACTIVE,NONE,2740,0,D,D,4.95,released,RELEASED
2026-05-18 21:58:34.719,110.0089,,slider,1,0,68.51,63.51,54.50,ACTIVE,NONE,2750,0,D,D,4.85,released,RELEASED
2026-05-18 21:58:35.124,110.4135,,slider,1,0,77.33,73.64,69.70,ACTIVE,NONE,2760,0,D,D,4.85,released,RELEASED
2026-05-18 21:58:35.524,110.8133,,slider,1,0,75.54,74.72,74.30,ACTIVE,NONE,2770,0,D,D,4.80,released,RELEASED
2026-05-18 21:58:35.924,111.2135,,slider,1,0,79.14,77.56,75.70,ACTIVE,NONE,2780,0,D,D,4.80,released,RELEASED
2026-05-18 21:58:36.324,111.6137,,slider,1,0,68.51,68.08,71.60,ACTIVE,NONE,2790,0,D,D,4.80,released,RELEASED
2026-05-18 21:58:36.724,112.0137,,slider,1,0,55.01,64.40,69.20,ACTIVE,NONE,2800,0,D,D,4.80,released,RELEASED
2026-05-18 21:58:37.124,112.4136,,slider,1,0,46.90,49.45,52.40,ACTIVE,NONE,2810,0,D,D,4.80,released,RELEASED
2026-05-18 21:58:37.525,112.8140,,slider,1,0,58.32,49.90,46.70,ACTIVE,NONE,2820,0,D,D,4.75,released,RELEASED
2026-05-18 21:58:37.907,113.1965,,slider,1,0,79.14,69.62,62.20,ACTIVE,NONE,2830,0,D,D,4.75,released,RELEASED
2026-05-18 21:58:38.307,113.5962,,slider,1,0,86.49,88.84,86.70,ACTIVE,NONE,2840,0,D,D,4.75,released,RELEASED
2026-05-18 21:58:38.726,114.0150,,slider,1,0,72.00,74.24,81.00,ACTIVE,NONE,2850,0,D,D,4.75,released,RELEASED
2026-05-18 21:58:39.107,114.3965,,slider,1,0,70.25,69.89,72.20,ACTIVE,NONE,2860,0,D,D,4.75,released,RELEASED
2026-05-18 21:58:39.508,114.7974,,slider,1,0,92.15,91.64,83.50,ACTIVE,NONE,2870,0,D,D,4.75,released,RELEASED
2026-05-18 21:58:39.909,115.1983,,slider,1,0,84.63,88.07,90.60,ACTIVE,NONE,2880,0,D,D,4.75,released,RELEASED
2026-05-18 21:58:40.307,115.5968,,slider,1,0,70.25,75.53,82.00,ACTIVE,NONE,2890,0,D,D,4.75,released,RELEASED
2026-05-18 21:58:40.708,115.9978,,slider,1,0,70.25,70.41,75.10,ACTIVE,NONE,2900,0,D,D,4.75,released,RELEASED
2026-05-18 21:58:41.108,116.3973,,slider,1,0,61.68,64.55,68.90,ACTIVE,NONE,2910,0,D,D,4.75,released,RELEASED
2026-05-18 21:58:41.508,116.7976,,slider,1,0,77.33,78.27,74.70,ACTIVE,NONE,2920,0,D,D,4.75,released,RELEASED
2026-05-18 21:58:41.908,117.1978,,slider,1,0,31.28,54.19,70.40,ACTIVE,NONE,2930,0,D,D,4.75,released,RELEASED
2026-05-18 21:58:42.316,117.6056,,slider,1,0,-42.14,-2.85,17.70,ACTIVE,NONE,2940,0,D,D,4.75,released,RELEASED
2026-05-18 21:58:42.719,118.0085,,slider,1,0,-29.75,-39.96,-43.40,ACTIVE,NONE,2950,0,D,D,4.75,released,RELEASED
2026-05-18 21:58:43.118,118.4077,,slider,1,0,-20.70,-41.00,-47.40,ACTIVE,NONE,2960,0,D,D,4.75,released,RELEASED
2026-05-18 21:58:43.518,118.8075,,slider,1,0,0.00,-2.03,-8.50,ACTIVE,NONE,2970,0,D,D,4.75,released,RELEASED
2026-05-18 21:58:43.924,119.2133,,slider,1,0,37.44,30.69,19.40,ACTIVE,NONE,2980,0,D,D,4.75,released,RELEASED
2026-05-18 21:58:44.307,119.5963,,slider,1,0,0.00,23.76,36.80,ACTIVE,NONE,2990,0,D,D,4.75,released,RELEASED
2026-05-18 21:58:44.709,119.9979,,slider,1,0,0.00,1.18,4.80,ACTIVE,NONE,3000,0,D,D,4.75,released,RELEASED
2026-05-18 21:58:45.115,120.4040,,slider,1,0,22.19,23.75,20.50,ACTIVE,NONE,3010,0,D,D,4.75,released,RELEASED
2026-05-18 21:58:45.521,120.8107,,slider,1,0,23.70,18.59,17.20,ACTIVE,NONE,3020,0,D,D,4.80,released,RELEASED
2026-05-18 21:58:45.921,121.2108,,slider,1,0,0.00,5.50,14.70,ACTIVE,NONE,3030,0,D,D,4.75,released,RELEASED
2026-05-18 21:58:46.323,121.6122,,slider,1,0,0.00,0.27,1.40,ACTIVE,NONE,3040,0,D,D,4.80,released,RELEASED
2026-05-18 21:58:46.723,122.0123,,slider,1,0,10.30,0.01,0.00,ACTIVE,NONE,3050,0,D,D,4.80,released,RELEASED
2026-05-18 21:58:47.124,122.4134,,slider,1,0,14.74,20.95,21.40,ACTIVE,NONE,3060,0,D,D,4.80,released,RELEASED
2026-05-18 21:58:47.510,122.7998,,slider,1,0,11.78,9.49,8.90,ACTIVE,NONE,3070,0,D,D,4.80,released,RELEASED
2026-05-18 21:58:47.912,123.2010,,slider,1,0,0.00,7.92,12.30,ACTIVE,NONE,3080,0,D,D,4.80,released,RELEASED
2026-05-18 21:58:48.324,123.6129,,slider,1,0,16.22,6.23,1.50,ACTIVE,NONE,3090,0,D,D,4.80,released,RELEASED
2026-05-18 21:58:48.724,124.0130,,slider,1,0,0.00,4.72,10.10,ACTIVE,NONE,3100,0,D,D,4.80,released,RELEASED
2026-05-18 21:58:49.124,124.4131,,slider,1,0,10.30,1.51,3.90,ACTIVE,NONE,3110,0,D,D,4.80,released,RELEASED
2026-05-18 21:58:49.524,124.8130,,slider,1,0,0.00,7.84,12.20,ACTIVE,NONE,3120,0,D,D,4.80,released,RELEASED
2026-05-18 21:58:49.924,125.2134,,slider,1,0,8.83,4.11,2.60,ACTIVE,NONE,3130,0,D,D,4.90,released,RELEASED
2026-05-18 21:58:50.324,125.6136,,slider,1,0,16.22,9.51,5.20,ACTIVE,NONE,3140,0,D,D,5.25,released,RELEASED
2026-05-18 21:58:50.709,125.9987,,slider,1,0,8.83,10.99,12.60,ACTIVE,NONE,3150,0,D,D,5.55,released,RELEASED
2026-05-18 21:58:51.108,126.3973,,slider,1,0,10.30,14.73,15.80,ACTIVE,NONE,3160,0,D,D,5.90,released,RELEASED
2026-05-18 21:58:51.509,126.7981,,slider,1,0,25.20,19.81,16.70,ACTIVE,NONE,3170,0,D,D,6.20,released,RELEASED
2026-05-18 21:58:51.910,127.1992,,slider,1,0,22.19,21.66,21.70,ACTIVE,NONE,3180,0,D,D,6.45,released,RELEASED
2026-05-18 21:58:52.310,127.5991,,slider,1,0,14.74,15.83,17.90,ACTIVE,NONE,3190,0,D,D,6.50,released,RELEASED
2026-05-18 21:58:52.709,127.9979,,slider,1,0,0.00,8.91,14.30,ACTIVE,NONE,3200,0,D,D,6.50,released,RELEASED
2026-05-18 21:58:53.109,128.3985,,slider,1,0,0.00,-6.06,-7.60,ACTIVE,NONE,3210,0,D,D,6.30,released,RELEASED
2026-05-18 21:58:53.509,128.7982,,slider,1,0,-7.35,-1.93,-1.70,ACTIVE,NONE,3220,0,D,D,6.30,released,RELEASED
2026-05-18 21:58:53.909,129.1984,,slider,1,0,0.00,-1.30,-4.00,ACTIVE,NONE,3230,0,D,D,6.10,released,RELEASED
2026-05-18 21:58:54.328,129.6175,,slider,1,0,0.00,-0.06,-0.60,ACTIVE,NONE,3240,0,D,D,6.00,released,RELEASED
2026-05-18 21:58:54.708,129.9976,,slider,1,0,0.00,-0.00,-0.10,ACTIVE,NONE,3250,0,D,D,5.80,released,RELEASED
2026-05-18 21:58:55.109,130.3987,,slider,1,0,-7.35,-9.68,-6.80,ACTIVE,NONE,3260,0,D,D,5.60,released,RELEASED
2026-05-18 21:58:55.509,130.7987,,slider,1,0,0.00,-0.53,-2.40,ACTIVE,NONE,3270,0,D,D,5.55,released,RELEASED
2026-05-18 21:58:55.913,131.2018,,slider,1,0,-43.72,-25.62,-7.10,ACTIVE,NONE,3280,0,D,D,5.60,released,RELEASED
2026-05-18 21:58:56.317,131.6059,,slider,1,0,-31.28,-28.22,-27.00,ACTIVE,NONE,3290,0,D,D,5.65,released,RELEASED
2026-05-18 21:58:56.716,132.0057,,slider,1,0,-13.26,-24.97,-27.50,ACTIVE,NONE,3300,0,D,D,5.65,released,RELEASED
2026-05-18 21:58:57.126,132.4157,,slider,1,0,-10.30,-13.48,-11.60,ACTIVE,NONE,3310,0,D,D,5.65,released,RELEASED
2026-05-18 21:58:57.511,132.8000,,slider,1,0,-7.35,-14.18,-14.80,ACTIVE,NONE,3320,0,D,D,5.65,released,RELEASED
2026-05-18 21:58:57.907,133.1961,,slider,1,0,0.00,-5.19,-7.20,ACTIVE,NONE,3330,0,D,D,5.60,released,RELEASED
2026-05-18 21:58:58.311,133.6003,,slider,1,0,14.74,4.40,-0.80,ACTIVE,NONE,3340,0,D,D,5.60,released,RELEASED
2026-05-18 21:58:58.713,134.0026,,slider,1,0,0.00,0.64,2.90,ACTIVE,NONE,3350,0,D,D,5.60,released,RELEASED
2026-05-18 21:58:59.113,134.4025,,slider,1,0,0.00,-1.09,-0.20,ACTIVE,NONE,3360,0,D,D,5.65,released,RELEASED
2026-05-18 21:58:59.513,134.8026,,slider,1,0,0.00,-0.05,-0.80,ACTIVE,NONE,3370,0,D,D,5.60,released,RELEASED
2026-05-18 21:58:59.913,135.2028,,slider,1,0,0.00,-0.00,-0.30,ACTIVE,NONE,3380,0,D,D,5.60,released,RELEASED
2026-05-18 21:59:00.313,135.6027,,slider,1,0,0.00,-0.00,-0.10,ACTIVE,NONE,3390,0,D,D,5.60,released,RELEASED
2026-05-18 21:59:00.714,136.0028,,slider,1,0,0.00,-0.00,0.00,ACTIVE,NONE,3400,0,D,D,5.65,released,RELEASED
2026-05-18 21:59:01.113,136.4028,,slider,1,0,0.00,-0.00,0.00,ACTIVE,NONE,3410,0,D,D,5.60,released,RELEASED
2026-05-18 21:59:01.508,136.7971,,slider,1,0,0.00,-0.00,0.00,ACTIVE,NONE,3420,0,D,D,5.55,released,RELEASED
2026-05-18 21:59:01.914,137.2030,,slider,1,0,0.00,-1.82,-3.80,ACTIVE,NONE,3430,0,D,D,5.50,released,RELEASED
2026-05-18 21:59:02.311,137.6002,,slider,1,0,-31.28,-17.70,-10.80,ACTIVE,NONE,3440,0,D,D,5.50,released,RELEASED
2026-05-18 21:59:02.712,138.0008,,slider,1,0,-8.83,-22.97,-29.40,ACTIVE,NONE,3450,0,D,D,5.50,released,RELEASED
2026-05-18 21:59:03.110,138.3996,,slider,1,0,-10.30,-3.42,-4.30,ACTIVE,NONE,3460,0,D,D,5.50,released,RELEASED
2026-05-18 21:59:03.511,138.8003,,slider,1,0,-28.23,-26.82,-19.40,ACTIVE,NONE,3470,0,D,D,5.50,released,RELEASED
2026-05-18 21:59:03.911,139.2006,,slider,1,0,-10.30,-23.46,-27.30,ACTIVE,NONE,3480,0,D,D,5.45,released,RELEASED
2026-05-18 21:59:04.323,139.6123,,slider,1,0,-42.14,-36.56,-28.10,ACTIVE,NONE,3490,0,D,D,5.35,released,RELEASED
2026-05-18 21:59:04.711,140.0003,,slider,1,0,-25.20,-35.12,-38.60,ACTIVE,NONE,3500,0,D,D,5.25,released,RELEASED
2026-05-18 21:59:05.112,140.4010,,slider,1,0,0.00,-2.83,-8.20,ACTIVE,NONE,3510,0,D,D,5.15,released,RELEASED
2026-05-18 21:59:05.510,140.7992,,slider,1,0,0.00,-0.14,-0.80,ACTIVE,NONE,3520,0,D,D,5.05,released,RELEASED
2026-05-18 21:59:05.910,141.1995,,slider,1,0,-10.30,-2.51,-0.10,ACTIVE,NONE,3530,0,D,D,5.10,released,RELEASED
2026-05-18 21:59:06.311,141.6004,,slider,1,0,0.00,-12.39,-16.60,ACTIVE,NONE,3540,0,D,D,5.00,released,RELEASED
2026-05-18 21:59:06.713,142.0027,,slider,1,0,-19.20,-17.66,-12.30,ACTIVE,NONE,3550,0,D,D,5.00,released,RELEASED
2026-05-18 21:59:07.114,142.4034,,slider,1,0,-11.78,-12.07,-17.10,ACTIVE,NONE,3560,0,D,D,5.10,released,RELEASED
2026-05-18 21:59:07.514,142.8031,,slider,1,0,-19.20,-16.21,-14.00,ACTIVE,NONE,3570,0,D,D,5.25,released,RELEASED
2026-05-18 21:59:07.917,143.2067,,slider,1,0,0.00,-2.60,-7.20,ACTIVE,NONE,3580,0,D,D,5.35,released,RELEASED
2026-05-18 21:59:08.320,143.6092,,slider,1,0,-23.70,-16.72,-11.80,ACTIVE,NONE,3590,0,D,D,5.45,released,RELEASED
2026-05-18 21:59:08.720,144.0091,,slider,1,0,-22.19,-20.46,-21.40,ACTIVE,NONE,3600,0,D,D,5.60,released,RELEASED
2026-05-18 21:59:09.122,144.4113,,slider,1,0,-26.71,-23.18,-21.20,ACTIVE,NONE,3610,0,D,D,5.85,released,RELEASED
2026-05-18 21:59:09.521,144.8107,,slider,1,0,-25.20,-22.35,-25.50,ACTIVE,NONE,3620,0,D,D,5.95,released,RELEASED
2026-05-18 21:59:09.921,145.2102,,slider,1,0,-40.57,-31.87,-28.30,ACTIVE,NONE,3630,0,D,D,6.00,released,RELEASED
2026-05-18 21:59:10.321,145.6099,,slider,1,0,-22.19,-18.96,-22.40,ACTIVE,NONE,3640,0,D,D,6.10,released,RELEASED
2026-05-18 21:59:10.721,146.0103,,slider,1,0,-48.51,-29.25,-21.90,ACTIVE,NONE,3650,0,D,D,6.10,released,RELEASED
2026-05-18 21:59:11.126,146.4150,,slider,1,0,0.00,-23.91,-32.10,ACTIVE,NONE,3660,0,D,D,6.10,released,RELEASED
2026-05-18 21:59:11.526,146.8152,,slider,1,0,0.00,-0.32,-4.70,ACTIVE,NONE,3670,0,D,D,6.05,released,RELEASED
2026-05-18 21:59:11.928,147.2173,,slider,1,0,0.00,8.44,3.90,ACTIVE,NONE,3680,0,D,D,6.05,released,RELEASED
2026-05-18 21:59:12.310,147.5988,,slider,1,0,0.00,-1.07,0.10,ACTIVE,NONE,3690,0,D,D,6.00,released,RELEASED
2026-05-18 21:59:12.726,148.0156,,slider,1,0,0.00,-0.05,-0.50,ACTIVE,NONE,3700,0,D,D,5.95,released,RELEASED
2026-05-18 21:59:13.126,148.4155,,slider,1,0,0.00,-1.06,-3.00,ACTIVE,NONE,3710,0,D,D,5.90,released,RELEASED
2026-05-18 21:59:13.515,148.8041,,slider,1,0,7.35,9.69,5.10,ACTIVE,NONE,3720,0,D,D,5.90,released,RELEASED
2026-05-18 21:59:13.914,149.2030,,slider,1,0,0.00,0.65,2.40,ACTIVE,NONE,3730,0,D,D,5.95,released,RELEASED
2026-05-18 21:59:14.313,149.6020,,slider,1,0,0.00,0.03,0.10,ACTIVE,NONE,3740,0,D,D,5.95,released,RELEASED
2026-05-18 21:59:14.715,150.0046,,slider,1,0,0.00,0.00,0.00,ACTIVE,NONE,3750,0,D,D,6.00,released,RELEASED
2026-05-18 21:59:15.115,150.4045,,slider,1,0,0.00,0.00,0.00,ACTIVE,NONE,3760,0,D,D,6.00,released,RELEASED
2026-05-18 21:59:15.515,150.8040,,slider,1,0,0.00,0.00,0.00,ACTIVE,NONE,3770,0,D,D,6.00,released,RELEASED
2026-05-18 21:59:15.913,151.2023,,slider,1,0,0.00,0.00,0.00,ACTIVE,NONE,3780,0,D,D,5.95,released,RELEASED
2026-05-18 21:59:16.314,151.6030,,slider,1,0,0.00,0.00,0.00,ACTIVE,NONE,3790,0,D,D,5.90,released,RELEASED
2026-05-18 21:59:16.713,152.0021,,slider,1,0,0.00,0.00,0.00,ACTIVE,NONE,3800,0,D,D,5.45,released,RELEASED
2026-05-18 21:59:17.115,152.4038,,slider,1,0,-26.71,-19.11,-9.20,ACTIVE,NONE,3810,0,D,D,5.45,released,RELEASED
2026-05-18 21:59:17.518,152.8076,,slider,1,0,-79.14,-58.05,-37.20,ACTIVE,NONE,3820,0,D,D,5.20,released,RELEASED
2026-05-18 21:59:17.920,153.2095,,slider,1,0,-183.90,-122.10,-102.90,ACTIVE,NONE,3830,0,D,D,5.05,released,RELEASED
2026-05-18 21:59:18.318,153.6076,,slider,1,0,-181.17,-173.03,-156.10,ACTIVE,NONE,3840,0,D,D,4.80,released,RELEASED
2026-05-18 21:59:18.719,154.0082,,slider,1,0,-160.20,-180.20,-184.30,ACTIVE,NONE,3850,0,D,D,4.65,released,RELEASED
2026-05-18 21:59:19.124,154.4131,,slider,1,0,0.00,-108.85,-132.10,ACTIVE,NONE,3860,0,D,D,4.50,released,RELEASED
2026-05-18 21:59:19.509,154.7984,,slider,1,0,16.22,-39.85,-61.90,ACTIVE,NONE,3870,0,D,D,4.40,released,RELEASED
2026-05-18 21:59:19.912,155.2011,,slider,1,0,43.72,27.01,9.20,ACTIVE,NONE,3880,0,D,D,4.25,released,RELEASED
2026-05-18 21:59:20.310,155.5989,,slider,1,0,107.96,83.08,64.60,ACTIVE,NONE,3890,0,D,D,4.20,released,RELEASED
2026-05-18 21:59:20.711,156.0006,,slider,1,0,116.28,118.16,114.50,ACTIVE,NONE,3900,0,D,D,4.10,released,RELEASED
2026-05-18 21:59:21.117,156.4061,,slider,1,0,218.87,171.48,149.50,ACTIVE,NONE,3910,0,D,D,4.05,released,RELEASED
2026-05-18 21:59:21.517,156.8060,,slider,1,0,355.61,243.48,220.90,ACTIVE,NONE,3920,0,D,D,3.80,released,RELEASED
2026-05-18 21:59:21.918,157.2067,,slider,1,0,355.61,315.48,292.90,ACTIVE,NONE,3930,0,D,D,3.55,released,RELEASED
2026-05-18 21:59:22.319,157.6084,,slider,1,0,355.61,353.99,351.10,ACTIVE,NONE,3940,0,D,D,3.30,released,RELEASED
2026-05-18 21:59:22.719,158.0083,,slider,1,0,360.00,356.04,355.50,ACTIVE,NONE,3950,0,D,D,3.10,released,RELEASED
2026-05-18 21:59:23.122,158.4112,,slider,1,0,355.61,354.46,356.00,ACTIVE,NONE,3960,0,D,D,2.90,PRESSED,FAULT
2026-05-18 21:59:23.523,158.8119,,slider,1,0,355.61,353.15,354.20,ACTIVE,NONE,3970,0,D,D,2.70,PRESSED,FAULT
2026-05-18 21:59:23.922,159.2114,,slider,1,0,351.26,354.47,353.80,ACTIVE,NONE,3980,0,D,D,2.50,PRESSED,FAULT
2026-05-18 21:59:24.322,159.6115,,slider,1,0,351.26,354.18,353.70,ACTIVE,NONE,3990,0,D,D,2.35,PRESSED,FAULT
2026-05-18 21:59:24.723,160.0124,,slider,1,0,355.61,353.32,353.50,ACTIVE,NONE,4000,0,D,D,2.30,PRESSED,FAULT
2026-05-18 21:59:25.123,160.4117,,slider,1,0,355.61,353.40,353.60,ACTIVE,NONE,4010,0,D,D,1.85,PRESSED,FAULT
2026-05-18 21:59:25.523,160.8125,,slider,1,0,355.61,353.92,353.50,ACTIVE,NONE,4020,0,D,D,1.20,PRESSED,FAULT
2026-05-18 21:59:25.924,161.2135,,slider,1,0,-19.20,308.70,332.40,ACTIVE,NONE,4030,0,D,D,0.95,released,RELEASED
2026-05-18 21:59:26.323,161.6121,,slider,1,0,-186.67,236.70,259.80,ACTIVE,NONE,4040,0,D,D,0.85,PRESSED,FAULT
2026-05-18 21:59:26.723,162.0120,,slider,1,0,-165.29,164.70,188.60,ACTIVE,NONE,4050,0,D,D,0.40,PRESSED,FAULT
2026-05-18 21:59:27.113,162.4023,,slider,1,0,0.00,89.70,115.90,ACTIVE,NONE,4060,0,D,D,0.05,PRESSED,FAULT
2026-05-18 21:59:27.404,162.6932,gear_change:N,slider,1,0,0.00,-0.03,12.00,ACTIVE,NONE,4067,0,N,N,0.05,PRESSED,FAULT
2026-05-18 21:59:27.524,162.8130,,slider,1,0,0.00,-0.01,-16.40,ACTIVE,NONE,4070,0,N,N,0.05,PRESSED,FAULT
2026-05-18 21:59:27.585,162.8745,shift_requested:N,slider,1,0,0.00,-0.01,-15.60,ACTIVE,NONE,4071,0,N,N,0.05,PRESSED,FAULT
2026-05-18 21:59:27.701,162.9900,gear_change:R,slider,1,0,0.00,-0.00,-2.90,ACTIVE,NONE,4074,0,R,R,0.05,PRESSED,FAULT
2026-05-18 21:59:27.925,163.2141,,slider,1,0,0.00,-0.00,-1.20,ACTIVE,NONE,4080,0,R,R,0.05,PRESSED,FAULT
2026-05-18 21:59:28.052,163.3409,shift_requested:R,slider,1,0,0.00,-0.00,-0.80,ACTIVE,NONE,4083,0,R,R,0.00,PRESSED,FAULT
2026-05-18 21:59:28.309,163.5980,,slider,1,0,-305.97,-42.00,-18.70,ACTIVE,NONE,4090,0,R,R,0.00,PRESSED,FAULT
2026-05-18 21:59:28.724,164.0129,,slider,1,0,-294.40,-117.00,-92.40,ACTIVE,NONE,4100,0,R,R,0.00,PRESSED,FAULT
2026-05-18 21:59:29.124,164.4130,,slider,1,0,-147.88,-189.00,-165.10,ACTIVE,NONE,4110,0,R,R,0.00,PRESSED,FAULT
2026-05-18 21:59:29.524,164.8137,,slider,1,0,-96.00,-139.16,-164.70,ACTIVE,NONE,4120,0,R,R,0.00,PRESSED,FAULT
2026-05-18 21:59:29.909,165.1978,,slider,1,0,-228.26,-148.30,-132.30,ACTIVE,NONE,4130,0,R,R,0.00,PRESSED,FAULT
2026-05-18 21:59:30.331,165.6203,,slider,1,0,-231.45,-223.30,-194.80,ACTIVE,NONE,4140,0,R,R,-0.20,released,RELEASED
2026-05-18 21:59:30.712,166.0013,,slider,1,0,-237.92,-244.87,-247.20,ACTIVE,NONE,4150,0,R,R,-0.55,released,RELEASED
2026-05-18 21:59:31.117,166.4065,,slider,1,0,-351.26,-251.66,-240.00,ACTIVE,NONE,4160,0,R,R,-0.90,released,RELEASED
2026-05-18 21:59:31.521,166.8103,,slider,1,0,-355.61,-323.66,-299.00,ACTIVE,NONE,4170,0,R,R,-1.25,released,RELEASED
2026-05-18 21:59:31.923,167.2122,,slider,1,0,-302.08,-352.03,-349.80,ACTIVE,NONE,4180,0,R,R,-1.45,released,RELEASED
2026-05-18 21:59:32.326,167.6155,,slider,1,0,-351.26,-337.90,-322.10,ACTIVE,NONE,4190,0,R,R,-1.60,released,RELEASED
2026-05-18 21:59:32.725,168.0146,,slider,1,0,-237.92,-321.31,-337.70,ACTIVE,NONE,4200,0,R,R,-1.75,released,RELEASED
2026-05-18 21:59:33.108,168.3971,,slider,1,0,-129.33,-252.31,-274.50,ACTIVE,NONE,4210,0,R,R,-1.95,released,RELEASED
2026-05-18 21:59:33.509,168.7978,,slider,1,0,-195.11,-208.86,-214.70,ACTIVE,NONE,4220,0,R,R,-2.15,released,RELEASED
2026-05-18 21:59:33.910,169.1987,,slider,1,0,-351.26,-267.42,-245.60,ACTIVE,NONE,4230,0,R,R,-2.30,released,RELEASED
2026-05-18 21:59:34.309,169.5985,,slider,1,0,-351.26,-339.42,-316.60,ACTIVE,NONE,4240,0,R,R,-2.45,released,RELEASED
2026-05-18 21:59:34.711,170.0003,,slider,1,0,-215.80,-317.95,-338.60,ACTIVE,NONE,4250,0,R,R,-2.50,released,RELEASED
2026-05-18 21:59:35.112,170.4011,,slider,1,0,-157.69,-245.95,-268.70,ACTIVE,NONE,4260,0,R,R,-2.65,released,RELEASED
2026-05-18 21:59:35.512,170.8010,,slider,1,0,-138.43,-173.95,-196.50,ACTIVE,NONE,4270,0,R,R,-2.85,released,RELEASED
2026-05-18 21:59:35.912,171.2015,,slider,1,0,-195.11,-159.00,-147.30,ACTIVE,NONE,4280,0,R,R,-3.10,PRESSED,FAULT
2026-05-18 21:59:36.318,171.6068,,slider,1,0,-173.12,-170.89,-171.80,ACTIVE,NONE,4290,0,R,R,-3.05,PRESSED,FAULT
2026-05-18 21:59:36.717,172.0064,,slider,1,0,-147.88,-166.22,-170.80,ACTIVE,NONE,4300,0,R,R,-2.80,PRESSED,FAULT
2026-05-18 21:59:37.118,172.4068,,slider,1,0,-145.48,-142.96,-146.30,ACTIVE,NONE,4310,0,R,R,-2.05,PRESSED,FAULT
2026-05-18 21:59:37.521,172.8106,,slider,1,0,-136.12,-141.83,-144.10,ACTIVE,NONE,4320,0,R,R,-1.80,released,RELEASED
2026-05-18 21:59:37.923,173.2118,,slider,1,0,-145.48,-144.80,-144.80,ACTIVE,NONE,4330,0,R,R,-1.85,released,RELEASED
2026-05-18 21:59:38.311,173.5998,,slider,1,0,-218.87,-194.50,-173.20,ACTIVE,NONE,4340,0,R,R,-2.00,released,RELEASED
2026-05-18 21:59:38.713,174.0022,,slider,1,0,-200.88,-172.18,-173.60,ACTIVE,NONE,4350,0,R,R,-2.00,released,RELEASED
2026-05-18 21:59:39.118,174.4069,,slider,1,0,-136.12,-144.55,-155.10,ACTIVE,NONE,4360,0,R,R,-2.00,released,RELEASED
2026-05-18 21:59:39.518,174.8067,,slider,1,0,-34.35,-88.46,-111.60,ACTIVE,NONE,4370,0,R,R,-2.10,released,RELEASED
2026-05-18 21:59:39.920,175.2090,,slider,1,0,-96.00,-84.27,-72.30,ACTIVE,NONE,4380,0,R,R,-2.20,released,RELEASED
2026-05-18 21:59:40.308,175.5973,,slider,1,0,-116.28,-125.56,-122.40,ACTIVE,NONE,4390,0,R,R,-1.85,released,RELEASED
2026-05-18 21:59:40.711,176.0006,,slider,1,0,-35.89,-56.77,-80.90,ACTIVE,NONE,4400,0,R,R,-1.65,released,RELEASED
2026-05-18 21:59:41.114,176.4027,,slider,1,0,-26.71,-33.77,-38.30,ACTIVE,NONE,4410,0,R,R,-1.65,released,RELEASED
2026-05-18 21:59:41.514,176.8027,,slider,1,0,-35.89,-24.87,-22.10,ACTIVE,NONE,4420,0,R,R,-1.65,released,RELEASED
2026-05-18 21:59:41.914,177.2032,,slider,1,0,-118.41,-89.62,-67.40,ACTIVE,NONE,4430,0,R,R,-1.75,released,RELEASED
2026-05-18 21:59:42.315,177.6043,,slider,1,0,-160.20,-109.75,-101.20,ACTIVE,NONE,4440,0,R,R,-1.55,released,RELEASED
2026-05-18 21:59:42.717,178.0064,,slider,1,0,-110.01,-92.52,-98.40,ACTIVE,NONE,4450,0,R,R,-1.35,released,RELEASED
2026-05-18 21:59:43.119,178.4079,,slider,1,0,-105.92,-106.54,-105.90,ACTIVE,NONE,4460,0,R,R,-1.20,released,RELEASED
2026-05-18 21:59:43.520,178.8086,,slider,1,0,0.00,-39.38,-65.90,ACTIVE,NONE,4470,0,R,R,-1.15,released,RELEASED
2026-05-18 21:59:43.924,179.2136,,slider,1,0,0.00,1.33,-5.40,ACTIVE,NONE,4480,0,R,R,-1.15,released,RELEASED
2026-05-18 21:59:44.325,179.6139,,slider,1,0,13.26,9.00,4.40,ACTIVE,NONE,4490,0,R,R,-1.25,released,RELEASED
2026-05-18 21:59:44.724,180.0128,,slider,1,0,58.32,24.75,10.00,ACTIVE,NONE,4500,0,R,R,-1.20,released,RELEASED
2026-05-18 21:59:45.124,180.4135,,slider,1,0,114.17,84.43,59.50,ACTIVE,NONE,4510,0,R,R,-1.20,released,RELEASED
2026-05-18 21:59:45.511,180.7998,,slider,1,0,70.25,107.66,121.00,ACTIVE,NONE,4520,0,R,R,-1.30,released,RELEASED
2026-05-18 21:59:45.914,181.2034,,slider,1,0,70.25,69.06,75.40,ACTIVE,NONE,4530,0,R,R,-1.45,released,RELEASED
2026-05-18 21:59:46.313,181.6022,,slider,1,0,86.49,82.53,77.70,ACTIVE,NONE,4540,0,R,R,-1.65,released,RELEASED
2026-05-18 21:59:46.713,182.0023,,slider,1,0,90.25,87.25,86.50,ACTIVE,NONE,4550,0,R,R,-1.85,released,RELEASED
2026-05-18 21:59:47.117,182.4063,,slider,1,0,302.08,150.48,124.90,ACTIVE,NONE,4560,0,R,R,-1.85,released,RELEASED
2026-05-18 21:59:47.519,182.8085,,slider,1,0,212.76,222.48,197.20,ACTIVE,NONE,4570,0,R,R,-1.65,released,RELEASED
2026-05-18 21:59:47.925,183.2144,,slider,1,0,218.87,211.10,210.80,ACTIVE,NONE,4580,0,R,R,-1.55,released,RELEASED
2026-05-18 21:59:48.309,183.5982,,slider,1,0,175.77,185.40,202.80,ACTIVE,NONE,4590,0,R,R,-1.55,released,RELEASED
2026-05-18 21:59:48.710,183.9990,,slider,1,0,13.26,115.27,139.50,ACTIVE,NONE,4600,0,R,R,-1.55,released,RELEASED
2026-05-18 21:59:49.110,184.3993,,slider,1,0,0.00,43.27,67.50,ACTIVE,NONE,4610,0,R,R,-1.60,released,RELEASED
2026-05-18 21:59:49.514,184.8031,,slider,1,0,160.20,73.90,50.80,ACTIVE,NONE,4620,0,R,R,-1.65,released,RELEASED
2026-05-18 21:59:49.913,185.2023,,slider,1,0,0.00,55.90,77.50,ACTIVE,NONE,4630,0,R,R,-1.65,released,RELEASED
2026-05-18 21:59:50.309,185.5977,,slider,1,0,-23.70,30.46,48.20,ACTIVE,NONE,4640,0,R,R,-1.75,released,RELEASED
2026-05-18 21:59:50.714,186.0031,,slider,1,0,0.00,-41.54,-17.10,ACTIVE,NONE,4650,0,R,R,-1.85,released,RELEASED
2026-05-18 21:59:51.120,186.4092,,slider,1,0,34.35,2.31,-11.20,ACTIVE,NONE,4660,0,R,R,-1.80,released,RELEASED
2026-05-18 21:59:51.520,186.8090,,slider,1,0,56.66,58.54,47.40,ACTIVE,NONE,4670,0,R,R,-1.75,released,RELEASED
2026-05-18 21:59:51.925,187.2145,,slider,1,0,0.00,16.66,35.80,ACTIVE,NONE,4680,0,R,R,-1.65,PRESSED,FAULT
2026-05-18 21:59:52.326,187.6150,,slider,1,0,116.28,22.23,6.60,ACTIVE,NONE,4690,0,R,R,-1.55,PRESSED,FAULT
2026-05-18 21:59:52.726,188.0156,,slider,1,0,56.66,94.23,66.80,ACTIVE,NONE,4700,0,R,R,-1.40,PRESSED,FAULT
2026-05-18 21:59:53.110,188.3988,,slider,1,0,131.57,61.62,60.60,ACTIVE,NONE,4710,0,R,R,-1.35,released,RELEASED
2026-05-18 21:59:53.510,188.7994,,slider,1,0,60.00,49.73,69.90,ACTIVE,NONE,4720,0,R,R,-1.35,released,RELEASED
2026-05-18 21:59:53.910,189.1986,,slider,1,0,-10.30,11.82,31.30,ACTIVE,NONE,4730,0,R,R,-1.40,released,RELEASED
2026-05-18 21:59:54.309,189.5984,,slider,1,0,-92.15,-59.05,-37.10,ACTIVE,NONE,4740,0,R,R,-1.35,released,RELEASED
2026-05-18 21:59:54.720,190.0089,,slider,1,0,-58.32,-69.37,-84.20,ACTIVE,NONE,4750,0,R,R,-1.20,PRESSED,FAULT
2026-05-18 21:59:55.124,190.4126,,slider,1,0,-79.14,-74.60,-68.90,ACTIVE,NONE,4760,0,R,R,-0.95,PRESSED,FAULT
2026-05-18 21:59:55.523,190.8125,,slider,1,0,-77.33,-78.38,-77.80,ACTIVE,NONE,4770,0,R,R,-0.65,released,RELEASED
2026-05-18 21:59:55.910,191.1987,,slider,1,0,-97.96,-87.92,-81.70,ACTIVE,NONE,4780,0,R,R,-0.65,released,RELEASED
2026-05-18 21:59:56.324,191.6130,,slider,1,0,-10.30,-44.49,-68.30,ACTIVE,NONE,4790,0,R,R,-0.70,released,RELEASED
2026-05-18 21:59:56.710,191.9991,,slider,1,0,-46.90,-37.08,-28.80,ACTIVE,NONE,4800,0,R,R,-0.80,released,RELEASED
2026-05-18 21:59:57.113,192.4018,,slider,1,0,0.00,-4.10,-12.90,ACTIVE,NONE,4810,0,R,R,-0.85,released,RELEASED
2026-05-18 21:59:57.514,192.8033,,slider,1,0,-25.20,-3.69,-0.70,ACTIVE,NONE,4820,0,R,R,-0.90,released,RELEASED
2026-05-18 21:59:57.915,193.2044,,slider,1,0,-45.31,-52.45,-42.10,ACTIVE,NONE,4830,0,R,R,-0.90,released,RELEASED
2026-05-18 21:59:58.316,193.6049,,slider,1,0,0.00,-5.04,-17.90,ACTIVE,NONE,4840,0,R,R,-0.95,released,RELEASED
2026-05-18 21:59:58.716,194.0054,,slider,1,0,-7.35,-0.25,-0.90,ACTIVE,NONE,4850,0,R,R,-0.90,PRESSED,FAULT
2026-05-18 21:59:59.117,194.4059,,slider,1,0,-45.31,-33.79,-21.40,ACTIVE,NONE,4860,0,R,R,-0.55,PRESSED,FAULT
2026-05-18 21:59:59.519,194.8081,,slider,1,0,-73.77,-58.96,-49.00,ACTIVE,NONE,4870,0,R,R,0.00,PRESSED,FAULT
2026-05-18 21:59:59.918,195.2073,,slider,1,0,-28.23,-39.06,-49.50,ACTIVE,NONE,4880,0,R,R,0.00,PRESSED,FAULT
2026-05-18 22:00:00.317,195.6060,,slider,1,0,-37.44,-26.43,-27.80,ACTIVE,NONE,4890,0,R,R,0.05,PRESSED,FAULT
2026-05-18 22:00:00.718,196.0075,,slider,1,0,-13.26,-26.98,-34.60,ACTIVE,NONE,4900,0,R,R,0.00,PRESSED,FAULT
2026-05-18 22:00:01.120,196.4094,,slider,1,0,-10.30,-12.10,-17.00,ACTIVE,NONE,4910,0,R,R,0.00,PRESSED,FAULT
2026-05-18 22:00:01.520,196.8095,,slider,1,0,0.00,-10.38,-14.30,ACTIVE,NONE,4920,0,R,R,0.00,released,RELEASED
2026-05-18 22:00:01.924,197.2135,,slider,1,0,-45.31,-37.84,-21.50,ACTIVE,NONE,4930,0,R,R,0.15,released,RELEASED
2026-05-18 22:00:02.324,197.6134,,slider,1,0,-48.51,-46.17,-41.30,ACTIVE,NONE,4940,0,R,R,-0.15,released,RELEASED
2026-05-18 22:00:02.712,198.0015,,slider,1,0,-84.63,-68.67,-59.00,ACTIVE,NONE,4950,0,R,R,-0.45,released,RELEASED
2026-05-18 22:00:03.115,198.4043,,slider,1,0,-90.25,-88.55,-86.10,ACTIVE,NONE,4960,0,R,R,-0.60,PRESSED,FAULT
2026-05-18 22:00:03.519,198.8082,,slider,1,0,0.00,-36.99,-62.20,ACTIVE,NONE,4970,0,R,R,-0.40,PRESSED,FAULT
2026-05-18 22:00:03.919,199.2083,,slider,1,0,72.00,35.01,10.30,ACTIVE,NONE,4980,0,R,R,-0.15,PRESSED,FAULT
2026-05-18 22:00:04.324,199.6130,,slider,1,0,0.00,11.88,33.10,ACTIVE,NONE,4990,0,R,R,-0.05,released,RELEASED
2026-05-18 22:00:04.709,199.9982,,slider,1,0,0.00,0.57,4.60,ACTIVE,NONE,5000,0,R,R,-0.15,released,RELEASED
2026-05-18 22:00:05.112,200.4007,,slider,1,0,-45.31,-32.39,-20.80,ACTIVE,NONE,5010,0,R,R,-0.40,released,RELEASED
2026-05-18 22:00:05.514,200.8030,,slider,1,0,0.00,-12.17,-30.70,ACTIVE,NONE,5020,0,R,R,-0.55,PRESSED,FAULT
2026-05-18 22:00:05.922,201.2106,,slider,1,0,0.00,-0.60,-4.20,ACTIVE,NONE,5030,0,R,R,-0.35,PRESSED,FAULT
2026-05-18 22:00:06.322,201.6107,,slider,1,0,0.00,-0.03,0.00,ACTIVE,NONE,5040,0,R,R,0.00,PRESSED,FAULT
2026-05-18 22:00:06.722,202.0109,,slider,1,0,0.00,-0.00,0.00,ACTIVE,NONE,5050,0,R,R,0.00,PRESSED,FAULT
2026-05-18 22:00:07.109,202.3983,,slider,1,0,0.00,-0.00,0.00,ACTIVE,NONE,5060,0,R,R,-0.05,released,RELEASED
2026-05-18 22:00:07.526,202.8152,,slider,1,0,0.00,-0.00,0.00,ACTIVE,NONE,5070,0,R,R,-0.10,PRESSED,FAULT
2026-05-18 22:00:07.926,203.2155,,slider,1,0,0.00,-0.00,0.00,ACTIVE,NONE,5080,0,R,R,0.05,PRESSED,FAULT
2026-05-18 22:00:08.327,203.6155,,slider,1,0,0.00,-0.00,0.00,ACTIVE,NONE,5090,0,R,R,0.05,PRESSED,FAULT
2026-05-18 22:00:08.709,203.9983,,slider,1,0,0.00,-0.00,0.00,ACTIVE,NONE,5100,0,R,R,0.00,PRESSED,FAULT
2026-05-18 22:00:09.111,204.3995,,slider,1,0,0.00,-0.00,0.00,ACTIVE,NONE,5110,0,R,P,0.00,PRESSED,FAULT
2026-05-18 22:00:09.373,204.6619,shift_requested:P,slider,1,0,0.00,-0.00,0.00,ACTIVE,NONE,5116,0,R,P,0.00,PRESSED,FAULT
2026-05-18 22:00:09.389,204.6780,gear_change:P,slider,1,0,0.00,-0.00,0.00,ACTIVE,NONE,5116,0,P,P,0.00,PRESSED,FAULT
2026-05-18 22:00:09.510,204.7995,,slider,1,0,0.00,-0.00,0.00,ACTIVE,NONE,5120,0,P,P,0.00,PRESSED,FAULT
2026-05-18 22:00:09.910,205.1991,,slider,1,0,0.00,-0.00,0.00,ACTIVE,NONE,5130,0,P,P,0.00,PRESSED,FAULT
2026-05-18 22:00:10.310,205.5988,,slider,1,0,0.00,-0.00,0.00,ACTIVE,NONE,5140,0,P,P,0.00,PRESSED,FAULT
2026-05-18 22:00:10.710,205.9992,,slider,1,0,0.00,-0.00,0.00,ACTIVE,NONE,5150,0,P,P,0.00,PRESSED,FAULT
2026-05-18 22:00:11.110,206.3987,,slider,1,0,0.00,-0.00,0.00,ACTIVE,NONE,5160,0,P,P,0.00,PRESSED,FAULT
2026-05-18 22:00:11.509,206.7979,,slider,1,0,0.00,-0.00,0.00,ACTIVE,NONE,5170,0,P,P,0.00,PRESSED,FAULT
2026-05-18 22:00:11.909,207.1979,,slider,1,0,0.00,-0.00,0.00,ACTIVE,NONE,5180,0,P,P,0.00,PRESSED,FAULT
2026-05-18 22:00:12.310,207.5995,,slider,1,0,0.00,-0.00,0.00,ACTIVE,NONE,5190,0,P,P,0.00,PRESSED,FAULT
2026-05-18 22:00:12.710,207.9991,,slider,1,0,0.00,-0.00,0.00,ACTIVE,NONE,5200,0,P,P,0.00,PRESSED,FAULT
2026-05-18 22:00:13.113,208.4019,,slider,1,0,0.00,-0.00,0.00,ACTIVE,NONE,5210,0,P,P,0.00,released,RELEASED
2026-05-18 22:00:13.513,208.8021,,slider,1,0,0.00,-0.00,0.00,ACTIVE,NONE,5220,0,P,P,0.00,released,RELEASED
2026-05-18 22:00:13.913,209.2023,,slider,1,0,0.00,-0.00,0.00,ACTIVE,NONE,5230,0,P,P,0.00,released,RELEASED
2026-05-18 22:00:14.313,209.6024,,slider,1,0,0.00,-0.00,0.00,ACTIVE,NONE,5240,0,P,P,0.00,released,RELEASED
2026-05-18 22:00:14.713,210.0024,,slider,1,0,0.00,-0.00,0.00,ACTIVE,NONE,5250,0,P,P,0.00,released,RELEASED
2026-05-18 22:00:15.115,210.4039,,slider,1,0,0.00,-0.00,0.00,ACTIVE,NONE,5260,0,P,P,0.00,released,RELEASED
2026-05-18 22:00:15.515,210.8043,,slider,1,0,0.00,-0.00,0.00,ACTIVE,NONE,5270,0,P,P,0.00,released,RELEASED
2026-05-18 22:00:15.913,211.2020,,slider,1,0,0.00,-0.00,0.00,ACTIVE,NONE,5280,0,P,P,0.00,released,RELEASED
2026-05-18 22:00:16.314,211.6032,,slider,1,0,0.00,-0.00,0.00,ACTIVE,NONE,5290,0,P,P,0.00,released,RELEASED
2026-05-18 22:00:16.715,212.0037,,slider,1,0,0.00,-0.00,0.00,ACTIVE,NONE,5300,0,P,P,0.00,released,RELEASED
2026-05-18 22:00:17.115,212.4035,,slider,1,0,0.00,-0.00,0.00,ACTIVE,NONE,5310,0,P,P,0.00,released,RELEASED
2026-05-18 22:00:17.513,212.8022,,slider,1,0,0.00,-0.00,0.00,ACTIVE,NONE,5320,0,P,P,0.00,released,RELEASED
2026-05-18 22:00:17.916,213.2054,,slider,1,0,0.00,-0.00,0.00,ACTIVE,NONE,5330,0,P,P,0.00,released,RELEASED
2026-05-18 22:00:18.316,213.6049,,slider,1,0,0.00,-0.00,0.00,ACTIVE,NONE,5340,0,P,P,0.00,released,RELEASED
2026-05-18 22:00:18.715,214.0037,,slider,1,0,0.00,-0.00,0.00,ACTIVE,NONE,5350,0,P,P,0.00,released,RELEASED
2026-05-18 22:00:19.114,214.4028,,slider,1,0,0.00,-0.00,0.00,ACTIVE,NONE,5360,0,P,P,0.00,released,RELEASED
2026-05-18 22:00:19.514,214.8030,,slider,1,0,0.00,-0.00,0.00,ACTIVE,NONE,5370,0,P,P,0.00,released,RELEASED
2026-05-18 22:00:19.915,215.2038,,slider,1,0,0.00,-0.00,0.00,ACTIVE,NONE,5380,0,P,P,0.00,released,RELEASED
2026-05-18 22:00:20.314,215.6030,,slider,1,0,0.00,-0.00,0.00,ACTIVE,NONE,5390,0,P,P,0.00,released,RELEASED
2026-05-18 22:00:20.717,216.0062,,slider,1,0,0.00,-0.00,0.00,ACTIVE,NONE,5400,0,P,P,0.00,PRESSED,FAULT
2026-05-18 22:00:21.115,216.4036,,slider,1,0,0.00,-0.00,0.00,ACTIVE,NONE,5410,0,P,P,0.00,PRESSED,FAULT
2026-05-18 22:00:21.240,216.5291,shift_requested:D,slider,1,0,0.00,-0.00,0.00,ACTIVE,NONE,5413,0,P,P,0.00,PRESSED,FAULT
2026-05-18 22:00:21.260,216.5492,gear_change:D,slider,1,0,0.00,-0.00,0.00,ACTIVE,NONE,5413,0,D,D,0.00,PRESSED,FAULT
2026-05-18 22:00:21.515,216.8036,,slider,1,0,0.00,-0.00,0.00,ACTIVE,NONE,5420,0,D,D,0.00,PRESSED,FAULT
2026-05-18 22:00:21.921,217.2095,,slider,1,0,0.00,-0.00,0.00,ACTIVE,NONE,5430,0,D,D,0.00,PRESSED,FAULT
2026-05-18 22:00:22.320,217.6091,,slider,1,0,0.00,-0.00,0.00,ACTIVE,NONE,5440,0,D,D,0.00,PRESSED,FAULT
2026-05-18 22:00:22.722,218.0112,,slider,1,0,0.00,-0.00,0.00,ACTIVE,NONE,5450,0,D,D,0.00,PRESSED,FAULT
2026-05-18 22:00:23.121,218.4095,,slider,1,0,0.00,-0.00,0.00,ACTIVE,NONE,5460,0,D,D,0.00,PRESSED,FAULT
2026-05-18 22:00:23.521,218.8095,,slider,1,0,0.00,-0.00,0.00,ACTIVE,NONE,5470,0,D,D,0.00,PRESSED,FAULT
2026-05-18 22:00:23.760,219.0491,shift_requested:N,slider,1,0,0.00,-0.00,0.00,ACTIVE,NONE,5476,0,D,D,0.00,PRESSED,FAULT
2026-05-18 22:00:23.910,219.1988,,slider,1,0,0.00,-0.00,0.00,ACTIVE,NONE,5480,0,D,N,0.00,PRESSED,FAULT
2026-05-18 22:00:24.061,219.3495,gear_change:N,slider,1,0,0.00,-0.00,0.00,ACTIVE,NONE,5483,0,N,N,0.00,PRESSED,FAULT
2026-05-18 22:00:24.320,219.6087,,slider,1,0,0.00,-0.00,0.00,ACTIVE,NONE,5490,0,N,N,0.00,PRESSED,FAULT
2026-05-18 22:00:24.720,220.0091,,slider,1,0,0.00,-0.00,0.00,ACTIVE,NONE,5500,0,N,N,0.00,PRESSED,FAULT
2026-05-18 22:00:25.123,220.4117,,slider,1,0,0.00,-0.00,0.00,ACTIVE,NONE,5510,0,N,N,0.00,PRESSED,FAULT
2026-05-18 22:00:25.521,220.8095,,slider,1,0,0.00,-0.00,0.00,ACTIVE,NONE,5520,0,N,N,0.00,PRESSED,FAULT
2026-05-18 22:00:25.846,221.1347,shift_requested:R,slider,1,0,0.00,-0.00,0.00,ACTIVE,NONE,5528,0,N,N,0.00,PRESSED,FAULT
2026-05-18 22:00:25.870,221.1593,gear_change:R,slider,1,0,0.00,-0.00,0.00,ACTIVE,NONE,5528,0,R,R,0.00,PRESSED,FAULT
2026-05-18 22:00:25.911,221.1999,,slider,1,0,0.00,-0.00,0.00,ACTIVE,NONE,5530,0,R,R,0.00,PRESSED,FAULT
2026-05-18 22:00:26.320,221.6091,,slider,1,0,0.00,-0.00,0.00,ACTIVE,NONE,5540,0,R,R,0.00,PRESSED,FAULT
2026-05-18 22:00:26.720,222.0092,,slider,1,0,0.00,-0.00,0.00,ACTIVE,NONE,5550,0,R,R,0.00,PRESSED,FAULT
2026-05-18 22:00:27.121,222.4098,,slider,1,0,0.00,-0.00,0.00,ACTIVE,NONE,5560,0,R,R,0.00,PRESSED,FAULT
2026-05-18 22:00:27.521,222.8096,,slider,1,0,0.00,-0.00,0.00,ACTIVE,NONE,5570,0,R,R,0.00,PRESSED,FAULT
2026-05-18 22:00:27.921,223.2098,,slider,1,0,0.00,-0.00,0.00,ACTIVE,NONE,5580,0,R,R,0.00,PRESSED,FAULT
2026-05-18 22:00:28.322,223.6109,,slider,1,0,0.00,-0.00,0.00,ACTIVE,NONE,5590,0,R,R,0.00,PRESSED,FAULT
2026-05-18 22:00:28.489,223.7776,shift_requested:N,slider,1,0,0.00,-0.00,0.00,ACTIVE,NONE,5594,0,R,R,0.00,PRESSED,FAULT
2026-05-18 22:00:28.722,224.0112,,slider,1,0,0.00,-0.00,0.00,ACTIVE,NONE,5600,0,R,N,0.00,PRESSED,FAULT
2026-05-18 22:00:28.800,224.0892,gear_change:N,slider,1,0,0.00,-0.00,0.00,ACTIVE,NONE,5601,0,N,N,0.00,PRESSED,FAULT
2026-05-18 22:00:29.121,224.4099,,slider,1,0,0.00,-0.00,0.00,ACTIVE,NONE,5610,0,N,N,0.00,PRESSED,FAULT
2026-05-18 22:00:29.521,224.8104,,slider,1,0,0.00,-0.00,0.00,ACTIVE,NONE,5620,0,N,N,0.00,PRESSED,FAULT
2026-05-18 22:00:29.921,225.2102,,slider,1,0,0.00,-0.00,0.00,ACTIVE,NONE,5630,0,N,N,0.00,PRESSED,FAULT
2026-05-18 22:00:30.321,225.6095,,slider,1,0,0.00,-0.00,0.00,ACTIVE,NONE,5640,0,N,N,0.00,PRESSED,FAULT
2026-05-18 22:00:30.721,226.0103,,slider,1,0,0.00,-0.00,0.00,ACTIVE,NONE,5650,0,N,N,0.00,PRESSED,FAULT
2026-05-18 22:00:31.120,226.4092,,slider,1,0,0.00,-0.00,0.00,ACTIVE,NONE,5660,0,N,N,0.00,PRESSED,FAULT
2026-05-18 22:00:31.521,226.8102,,slider,1,0,0.00,-0.00,0.00,ACTIVE,NONE,5670,0,N,N,0.00,PRESSED,FAULT
2026-05-18 22:00:31.922,227.2111,,slider,1,0,0.00,-0.00,0.00,ACTIVE,NONE,5680,0,N,N,0.00,PRESSED,FAULT
2026-05-18 22:00:32.321,227.6100,,slider,1,0,0.00,-0.00,0.00,ACTIVE,NONE,5690,0,N,N,0.00,PRESSED,FAULT
2026-05-18 22:00:32.521,227.8096,shift_requested:P,slider,1,0,0.00,-0.00,0.00,ACTIVE,NONE,5694,0,N,N,0.00,PRESSED,FAULT
2026-05-18 22:00:32.628,227.9164,gear_change:P,slider,1,0,0.00,-0.00,0.00,ACTIVE,NONE,5697,0,P,P,0.00,PRESSED,FAULT
2026-05-18 22:00:32.712,228.0005,,slider,1,0,0.00,-0.00,0.00,ACTIVE,NONE,5700,0,P,P,0.00,PRESSED,FAULT
2026-05-18 22:00:33.125,228.4137,,slider,1,0,0.00,-0.00,0.00,ACTIVE,NONE,5710,0,P,P,0.00,PRESSED,FAULT
2026-05-18 22:00:33.525,228.8137,,slider,1,0,0.00,-0.00,0.00,ACTIVE,NONE,5720,0,P,P,0.00,PRESSED,FAULT
2026-05-18 22:00:33.925,229.2141,,slider,1,0,0.00,-0.00,0.00,ACTIVE,NONE,5730,0,P,P,0.00,PRESSED,FAULT
2026-05-18 22:00:34.325,229.6141,,slider,1,0,0.00,-0.00,0.00,ACTIVE,NONE,5740,0,P,P,0.00,PRESSED,FAULT
2026-05-18 22:00:34.725,230.0140,,slider,1,0,0.00,-0.00,0.00,ACTIVE,NONE,5750,0,P,P,0.00,PRESSED,FAULT
2026-05-18 22:00:35.125,230.4135,,slider,1,0,0.00,-0.00,0.00,ACTIVE,NONE,5760,0,P,P,0.00,PRESSED,FAULT
2026-05-18 22:00:35.525,230.8138,,slider,1,0,0.00,-0.00,0.00,ACTIVE,NONE,5770,0,P,P,0.00,PRESSED,FAULT
2026-05-18 22:00:35.925,231.2134,,slider,1,0,0.00,-0.00,0.00,ACTIVE,NONE,5780,0,P,P,0.00,PRESSED,FAULT
2026-05-18 22:00:36.324,231.6133,,slider,1,0,0.00,-0.00,0.00,ACTIVE,NONE,5790,0,P,P,0.00,released,RELEASED
2026-05-18 22:00:36.725,232.0136,,slider,1,0,0.00,-0.00,0.00,ACTIVE,NONE,5800,0,P,P,0.00,released,RELEASED
2026-05-18 22:00:37.124,232.4134,,slider,1,0,0.00,-0.00,0.00,ACTIVE,NONE,5810,0,P,P,0.00,released,RELEASED
2026-05-18 22:00:37.525,232.8136,,slider,1,0,0.00,-0.00,0.00,ACTIVE,NONE,5820,0,P,P,0.00,released,RELEASED
2026-05-18 22:00:37.925,233.2141,,slider,1,0,0.00,-0.00,0.00,ACTIVE,NONE,5830,0,P,P,0.00,released,RELEASED
2026-05-18 22:00:38.325,233.6137,,slider,1,0,0.00,-0.00,0.00,ACTIVE,NONE,5840,0,P,P,0.00,released,RELEASED
2026-05-18 22:00:38.726,234.0145,,slider,1,0,0.00,-0.00,0.00,ACTIVE,NONE,5850,0,P,P,0.00,released,RELEASED
2026-05-18 22:00:39.126,234.4147,,slider,1,0,0.00,-0.00,0.00,ACTIVE,NONE,5860,0,P,P,0.00,released,RELEASED
2026-05-18 22:00:39.525,234.8141,,slider,1,0,0.00,-0.00,0.00,ACTIVE,NONE,5870,0,P,P,0.00,released,RELEASED
2026-05-18 22:00:39.925,235.2137,,slider,1,0,0.00,-0.00,0.00,ACTIVE,NONE,5880,0,P,P,0.00,released,RELEASED
2026-05-18 22:00:40.310,235.5987,,slider,1,0,0.00,-0.00,0.00,ACTIVE,NONE,5890,0,P,P,0.00,released,RELEASED
2026-05-18 22:00:40.725,236.0138,,slider,1,0,0.00,-0.00,0.00,ACTIVE,NONE,5900,0,P,P,0.00,released,RELEASED
2026-05-18 22:00:41.110,236.3986,,slider,1,0,0.00,-0.00,0.00,ACTIVE,NONE,5910,0,P,P,0.00,released,RELEASED
2026-05-18 22:00:41.525,236.8143,,slider,1,0,0.00,-0.00,0.00,ACTIVE,NONE,5920,0,P,P,0.00,released,RELEASED
2026-05-18 22:00:41.925,237.2142,,slider,1,0,0.00,-0.00,0.00,ACTIVE,NONE,5930,0,P,P,0.00,PRESSED,FAULT
2026-05-18 22:00:42.325,237.6143,,slider,1,0,0.00,-0.00,0.00,ACTIVE,NONE,5940,0,P,P,0.00,PRESSED,FAULT
2026-05-18 22:00:42.725,238.0141,,slider,1,0,0.00,-0.00,0.00,ACTIVE,NONE,5950,0,P,P,0.00,PRESSED,FAULT
2026-05-18 22:00:43.126,238.4147,,slider,1,0,0.00,-0.00,0.00,ACTIVE,NONE,5960,0,P,P,0.00,PRESSED,FAULT
2026-05-18 22:00:43.525,238.8143,,slider,1,0,0.00,-0.00,0.00,ACTIVE,NONE,5970,0,P,P,0.00,PRESSED,FAULT
2026-05-18 22:00:43.926,239.2150,,slider,1,0,0.00,-0.00,0.00,ACTIVE,NONE,5980,0,P,P,0.00,PRESSED,FAULT
2026-05-18 22:00:44.326,239.6153,,slider,1,0,0.00,-0.00,0.00,ACTIVE,NONE,5990,0,P,P,0.00,PRESSED,FAULT
2026-05-18 22:00:44.711,239.9995,,slider,1,0,0.00,-0.00,0.00,ACTIVE,NONE,6000,0,P,P,0.00,PRESSED,FAULT
2026-05-18 22:00:45.126,240.4147,,slider,1,0,0.00,-0.00,0.00,ACTIVE,NONE,6010,0,P,P,0.00,PRESSED,FAULT
2026-05-18 22:00:45.526,240.8146,,slider,1,0,0.00,-0.00,0.00,ACTIVE,NONE,6020,0,P,P,0.00,PRESSED,FAULT
2026-05-18 22:00:45.926,241.2152,,slider,1,0,0.00,-0.00,0.00,ACTIVE,NONE,6030,0,P,P,0.00,PRESSED,FAULT
2026-05-18 22:00:46.326,241.6153,,slider,1,0,0.00,-0.00,0.00,ACTIVE,NONE,6040,0,P,P,0.00,PRESSED,FAULT
2026-05-18 22:00:46.726,242.0150,,slider,1,0,0.00,-0.00,0.00,ACTIVE,NONE,6050,0,P,P,0.00,PRESSED,FAULT
2026-05-18 22:00:47.126,242.4147,,slider,1,0,0.00,-0.00,0.00,ACTIVE,NONE,6060,0,P,P,0.00,PRESSED,FAULT
2026-05-18 22:00:47.510,242.7986,,slider,1,0,0.00,-0.00,0.00,ACTIVE,NONE,6070,0,P,P,0.00,PRESSED,FAULT
2026-05-18 22:00:47.926,243.2147,,slider,1,0,0.00,-0.00,0.00,ACTIVE,NONE,6080,0,P,P,0.00,PRESSED,FAULT
2026-05-18 22:00:48.326,243.6151,,slider,1,0,0.00,-0.00,0.00,ACTIVE,NONE,6090,0,P,P,0.00,PRESSED,FAULT
2026-05-18 22:00:48.676,243.9647,shift_requested:D,slider,1,0,0.00,-0.00,0.00,ACTIVE,NONE,6098,0,P,P,0.00,PRESSED,FAULT
2026-05-18 22:00:48.712,244.0011,,slider,1,0,0.00,-0.00,0.00,ACTIVE,NONE,6100,0,P,D,0.00,PRESSED,FAULT
2026-05-18 22:00:48.732,244.0209,gear_change:D,slider,1,0,0.00,-0.00,0.00,ACTIVE,NONE,6100,0,D,D,0.00,PRESSED,FAULT
2026-05-18 22:00:49.111,244.3996,,slider,1,0,0.00,-0.00,0.00,ACTIVE,NONE,6110,0,D,D,0.00,PRESSED,FAULT
2026-05-18 22:00:49.527,244.8161,,slider,1,0,0.00,-0.00,0.00,ACTIVE,NONE,6120,0,D,D,0.00,PRESSED,FAULT
2026-05-18 22:00:49.910,245.1988,,slider,1,0,0.00,-0.00,0.00,ACTIVE,NONE,6130,0,D,D,0.00,PRESSED,FAULT
2026-05-18 22:00:50.311,245.5995,,slider,1,0,0.00,-0.00,0.00,ACTIVE,NONE,6140,0,D,D,0.00,PRESSED,FAULT
2026-05-18 22:00:50.729,246.0182,,slider,1,0,32.81,11.00,0.30,ACTIVE,NONE,6150,0,D,D,0.00,PRESSED,FAULT
2026-05-18 22:00:51.114,246.4030,,slider,1,0,14.74,31.81,32.10,ACTIVE,NONE,6160,0,D,D,0.00,PRESSED,FAULT
2026-05-18 22:00:51.516,246.8049,,slider,1,0,0.00,1.74,9.30,ACTIVE,NONE,6170,0,D,D,0.00,PRESSED,FAULT
2026-05-18 22:00:51.917,247.2060,,slider,1,0,0.00,0.09,1.60,ACTIVE,NONE,6180,0,D,D,0.00,PRESSED,FAULT
2026-05-18 22:00:52.315,247.6036,,slider,1,0,0.00,0.00,0.20,ACTIVE,NONE,6190,0,D,D,0.00,PRESSED,FAULT
2026-05-18 22:00:52.716,248.0051,,slider,1,0,0.00,0.00,0.00,ACTIVE,NONE,6200,0,D,D,0.00,PRESSED,FAULT
2026-05-18 22:00:53.116,248.4045,,slider,1,0,14.74,4.07,0.00,ACTIVE,NONE,6210,0,D,D,0.00,PRESSED,FAULT
2026-05-18 22:00:53.516,248.8053,,slider,1,0,0.00,5.78,9.60,ACTIVE,NONE,6220,0,D,D,0.00,PRESSED,FAULT
2026-05-18 22:00:53.921,249.2094,,slider,1,0,0.00,4.17,2.80,ACTIVE,NONE,6230,0,D,D,0.00,PRESSED,FAULT
2026-05-18 22:00:54.322,249.6111,,slider,1,0,14.74,13.50,9.30,ACTIVE,NONE,6240,0,D,D,0.00,PRESSED,FAULT
2026-05-18 22:00:54.724,250.0129,,slider,1,0,10.30,11.35,12.20,ACTIVE,NONE,6250,0,D,D,0.15,released,RELEASED
2026-05-18 22:00:55.124,250.4130,,slider,1,0,26.71,16.46,12.70,ACTIVE,NONE,6260,0,D,D,0.50,PRESSED,FAULT
2026-05-18 22:00:55.516,250.8048,,slider,1,0,56.66,46.75,35.50,ACTIVE,NONE,6270,0,D,D,0.45,PRESSED,FAULT
2026-05-18 22:00:55.916,251.2049,,slider,1,0,48.51,50.15,50.40,ACTIVE,NONE,6280,0,D,D,0.60,released,RELEASED
2026-05-18 22:00:56.318,251.6069,,slider,1,0,50.12,48.83,50.10,ACTIVE,NONE,6290,0,D,D,0.85,PRESSED,FAULT
2026-05-18 22:00:56.723,252.0114,,slider,1,0,40.57,46.20,48.90,ACTIVE,NONE,6300,0,D,D,0.85,PRESSED,FAULT
2026-05-18 22:00:57.125,252.4142,,slider,1,0,-32.81,-9.28,11.80,ACTIVE,NONE,6310,0,D,D,0.55,PRESSED,FAULT
2026-05-18 22:00:57.512,252.8007,,slider,1,0,0.00,-3.72,-11.40,ACTIVE,NONE,6320,0,D,D,0.80,released,RELEASED
2026-05-18 22:00:57.918,253.2067,,slider,1,0,0.00,-0.18,-1.60,ACTIVE,NONE,6330,0,D,D,1.00,PRESSED,FAULT
2026-05-18 22:00:58.320,253.6085,,slider,1,0,0.00,-0.01,-0.10,ACTIVE,NONE,6340,0,D,D,0.90,PRESSED,FAULT
2026-05-18 22:00:58.720,254.0088,,slider,1,0,0.00,-0.00,0.00,ACTIVE,NONE,6350,0,D,D,0.75,released,RELEASED
2026-05-18 22:00:59.120,254.4086,,slider,1,0,0.00,-0.00,0.10,ACTIVE,NONE,6360,0,D,D,1.00,released,RELEASED
2026-05-18 22:00:59.522,254.8106,,slider,1,0,0.00,-0.00,0.10,ACTIVE,NONE,6370,0,D,D,1.25,PRESSED,FAULT
2026-05-18 22:00:59.922,255.2108,,slider,1,0,0.00,-0.00,0.10,ACTIVE,NONE,6380,0,D,D,1.50,PRESSED,FAULT
2026-05-18 22:01:00.322,255.6108,,slider,1,0,79.14,41.81,18.50,ACTIVE,NONE,6390,0,D,D,1.45,PRESSED,FAULT
2026-05-18 22:01:00.722,256.0108,,slider,1,0,50.12,66.93,74.40,ACTIVE,NONE,6400,0,D,D,1.40,PRESSED,FAULT
2026-05-18 22:01:01.124,256.4128,,slider,1,0,29.75,47.70,57.60,ACTIVE,NONE,6410,0,D,D,1.35,PRESSED,FAULT
2026-05-18 22:01:01.527,256.8160,,slider,1,0,61.68,67.24,54.60,ACTIVE,NONE,6420,0,D,D,1.20,released,RELEASED
2026-05-18 22:01:01.928,257.2167,,slider,1,0,0.00,10.03,33.70,ACTIVE,NONE,6430,0,D,D,1.30,released,RELEASED
2026-05-18 22:01:02.320,257.6084,,slider,1,0,-58.32,-37.59,-19.20,ACTIVE,NONE,6440,0,D,D,1.50,released,RELEASED
2026-05-18 22:01:02.719,258.0077,,slider,1,0,-84.63,-76.84,-64.20,ACTIVE,NONE,6450,0,D,D,1.75,released,RELEASED
2026-05-18 22:01:03.122,258.4103,,slider,1,0,0.00,-37.84,-61.50,ACTIVE,NONE,6460,0,D,D,2.05,PRESSED,FAULT
2026-05-18 22:01:03.510,258.7990,,slider,1,0,28.23,11.59,-4.30,ACTIVE,NONE,6470,0,D,D,2.10,PRESSED,FAULT
2026-05-18 22:01:03.923,259.2114,,slider,1,0,0.00,9.43,18.50,ACTIVE,NONE,6480,0,D,D,1.75,PRESSED,FAULT
2026-05-18 22:01:04.312,259.6007,,slider,1,0,0.00,0.53,2.50,ACTIVE,NONE,6490,0,D,D,1.35,PRESSED,FAULT
2026-05-18 22:01:04.712,260.0007,,slider,1,0,14.74,9.27,2.20,ACTIVE,NONE,6500,0,D,D,1.05,released,RELEASED
2026-05-18 22:01:05.115,260.4040,,slider,1,0,0.00,4.20,10.90,ACTIVE,NONE,6510,0,D,D,1.10,released,RELEASED
2026-05-18 22:01:05.520,260.8093,,slider,1,0,0.00,0.21,1.30,ACTIVE,NONE,6520,0,D,D,1.25,PRESSED,FAULT
2026-05-18 22:01:05.922,261.2105,,slider,1,0,0.00,0.01,-0.20,ACTIVE,NONE,6530,0,D,D,0.90,PRESSED,FAULT
2026-05-18 22:01:06.323,261.6113,,slider,1,0,0.00,0.00,-0.20,ACTIVE,NONE,6540,0,D,D,0.40,PRESSED,FAULT
2026-05-18 22:01:06.721,262.0103,,slider,1,0,0.00,0.00,-0.20,ACTIVE,NONE,6550,0,D,D,0.05,PRESSED,FAULT
2026-05-18 22:01:07.122,262.4107,,slider,1,0,0.00,0.00,-0.20,ACTIVE,NONE,6560,0,D,D,-0.05,PRESSED,FAULT
2026-05-18 22:01:07.274,262.5632,shift_requested:N,slider,1,0,0.00,0.00,-0.10,ACTIVE,NONE,6563,0,D,D,-0.05,PRESSED,FAULT
2026-05-18 22:01:07.522,262.8111,,slider,1,0,0.00,0.00,-0.10,ACTIVE,NONE,6570,0,D,N,-0.05,PRESSED,FAULT
2026-05-18 22:01:07.582,262.8711,gear_change:N,slider,1,0,0.00,0.00,-0.10,ACTIVE,NONE,6571,0,N,N,0.00,PRESSED,FAULT
2026-05-18 22:01:07.922,263.2105,,slider,1,0,0.00,0.00,0.00,ACTIVE,NONE,6580,0,N,N,0.00,PRESSED,FAULT
2026-05-18 22:01:07.945,263.2338,shift_requested:N,slider,1,0,0.00,0.00,0.00,ACTIVE,NONE,6580,0,N,N,0.00,PRESSED,FAULT
2026-05-18 22:01:08.323,263.6118,,slider,1,0,0.00,0.00,0.00,ACTIVE,NONE,6590,0,N,N,0.00,PRESSED,FAULT
2026-05-18 22:01:08.608,263.8965,shift_requested:R,slider,1,0,0.00,0.00,0.00,ACTIVE,NONE,6597,0,N,N,0.00,PRESSED,FAULT
2026-05-18 22:01:08.642,263.9307,gear_change:R,slider,1,0,0.00,0.00,0.00,ACTIVE,NONE,6598,0,R,R,0.00,PRESSED,FAULT
2026-05-18 22:01:08.713,264.0022,,slider,1,0,0.00,0.00,0.00,ACTIVE,NONE,6600,0,R,R,0.00,PRESSED,FAULT
2026-05-18 22:01:09.122,264.4110,,slider,1,0,0.00,0.00,0.00,ACTIVE,NONE,6610,0,R,R,0.00,PRESSED,FAULT
2026-05-18 22:01:09.522,264.8110,,slider,1,0,0.00,0.00,0.00,ACTIVE,NONE,6620,0,R,R,0.00,PRESSED,FAULT
2026-05-18 22:01:09.922,265.2111,,slider,1,0,29.75,20.85,10.80,ACTIVE,NONE,6630,0,R,R,0.00,PRESSED,FAULT
2026-05-18 22:01:10.310,265.5986,,slider,1,0,16.22,10.65,15.70,ACTIVE,NONE,6640,0,R,R,0.00,PRESSED,FAULT
2026-05-18 22:01:10.714,266.0024,,slider,1,0,26.71,28.66,24.30,ACTIVE,NONE,6650,0,R,R,-0.30,released,RELEASED
2026-05-18 22:01:11.117,266.4063,,slider,1,0,35.89,32.00,29.10,ACTIVE,NONE,6660,0,R,R,-0.10,released,RELEASED
2026-05-18 22:01:11.518,266.8066,,slider,1,0,50.12,44.70,40.00,ACTIVE,NONE,6670,0,R,R,-0.25,released,RELEASED
2026-05-18 22:01:11.917,267.2059,,slider,1,0,50.12,45.90,47.10,ACTIVE,NONE,6680,0,R,R,-0.45,released,RELEASED
2026-05-18 22:01:12.316,267.6045,,slider,1,0,22.19,42.79,52.70,ACTIVE,NONE,6690,0,R,R,-0.65,released,RELEASED
2026-05-18 22:01:12.717,268.0052,,slider,1,0,-26.71,-12.91,2.80,ACTIVE,NONE,6700,0,R,R,-0.85,released,RELEASED
2026-05-18 22:01:13.110,268.3992,,slider,1,0,0.00,-3.83,-11.30,ACTIVE,NONE,6710,0,R,R,-1.05,released,RELEASED
2026-05-18 22:01:13.511,268.7998,,slider,1,0,11.78,24.96,22.60,ACTIVE,NONE,6720,0,R,R,-1.20,released,RELEASED
2026-05-18 22:01:13.911,269.1996,,slider,1,0,42.14,24.70,18.50,ACTIVE,NONE,6730,0,R,R,-1.30,released,RELEASED
2026-05-18 22:01:14.311,269.5994,,slider,1,0,8.83,18.41,26.00,ACTIVE,NONE,6740,0,R,R,-0.95,released,RELEASED
2026-05-18 22:01:14.711,269.9998,,slider,1,0,22.19,3.93,4.00,ACTIVE,NONE,6750,0,R,R,-0.65,released,RELEASED
2026-05-18 22:01:15.115,270.4039,,slider,1,0,43.72,43.48,34.60,ACTIVE,NONE,6760,0,R,R,-0.70,released,RELEASED
2026-05-18 22:01:15.518,270.8065,,slider,1,0,32.81,28.88,31.80,ACTIVE,NONE,6770,0,R,R,-0.80,released,RELEASED
2026-05-18 22:01:15.921,271.2099,,slider,1,0,31.28,33.79,32.10,ACTIVE,NONE,6780,0,R,R,-0.85,released,RELEASED
2026-05-18 22:01:16.311,271.5999,,slider,1,0,0.00,11.60,21.80,ACTIVE,NONE,6790,0,R,R,-0.90,released,RELEASED
2026-05-18 22:01:16.711,271.9998,,slider,1,0,-53.37,-40.77,-21.60,ACTIVE,NONE,6800,0,R,R,-1.00,released,RELEASED
2026-05-18 22:01:17.120,272.4091,,slider,1,0,0.00,-5.65,-18.90,ACTIVE,NONE,6810,0,R,R,-1.05,released,RELEASED
2026-05-18 22:01:17.524,272.8126,,slider,1,0,0.00,-0.28,-1.20,ACTIVE,NONE,6820,0,R,R,-1.15,released,RELEASED
2026-05-18 22:01:17.925,273.2134,,slider,1,0,17.71,11.14,3.00,ACTIVE,NONE,6830,0,R,R,-1.20,released,RELEASED
2026-05-18 22:01:18.310,273.5991,,slider,1,0,0.00,1.26,4.80,ACTIVE,NONE,6840,0,R,R,-1.30,released,RELEASED
2026-05-18 22:01:18.728,274.0170,,slider,1,0,0.00,0.05,0.30,ACTIVE,NONE,6850,0,R,R,-1.35,released,RELEASED
2026-05-18 22:01:19.113,274.4012,,slider,1,0,0.00,7.44,11.30,ACTIVE,NONE,6860,0,R,R,-1.40,released,RELEASED
2026-05-18 22:01:19.513,274.8020,,slider,1,0,0.00,0.37,1.90,ACTIVE,NONE,6870,0,R,R,-1.25,released,RELEASED
2026-05-18 22:01:19.914,275.2028,,slider,1,0,0.00,0.02,-0.10,ACTIVE,NONE,6880,0,R,R,-1.10,PRESSED,FAULT
2026-05-18 22:01:20.317,275.6056,,slider,1,0,-42.14,-25.49,-12.10,ACTIVE,NONE,6890,0,R,R,-1.00,PRESSED,FAULT
2026-05-18 22:01:20.715,276.0039,,slider,1,0,0.00,-6.84,-19.00,ACTIVE,NONE,6900,0,R,R,-0.90,released,RELEASED
2026-05-18 22:01:21.125,276.4133,,slider,1,0,0.00,-0.38,-2.00,ACTIVE,NONE,6910,0,R,R,-0.85,released,RELEASED
2026-05-18 22:01:21.524,276.8124,,slider,1,0,0.00,-0.02,0.10,ACTIVE,NONE,6920,0,R,R,-0.85,released,RELEASED
2026-05-18 22:01:21.927,277.2161,,slider,1,0,0.00,-0.00,0.20,ACTIVE,NONE,6930,0,R,R,-0.65,PRESSED,FAULT
2026-05-18 22:01:22.327,277.6162,,slider,1,0,14.74,7.58,1.20,ACTIVE,NONE,6940,0,R,R,-0.55,released,RELEASED
2026-05-18 22:01:22.727,278.0161,,slider,1,0,0.00,0.96,4.20,ACTIVE,NONE,6950,0,R,R,-0.65,released,RELEASED
2026-05-18 22:01:23.127,278.4162,,slider,1,0,0.00,0.05,0.40,ACTIVE,NONE,6960,0,R,R,-0.75,released,RELEASED
2026-05-18 22:01:23.514,278.8030,,slider,1,0,0.00,-7.29,-3.20,ACTIVE,NONE,6970,0,R,R,-0.80,released,RELEASED
2026-05-18 22:01:23.922,279.2104,,slider,1,0,46.90,55.85,36.00,ACTIVE,NONE,6980,0,R,R,-0.60,released,RELEASED
2026-05-18 22:01:24.326,279.6145,,slider,1,0,-7.35,6.92,24.90,ACTIVE,NONE,6990,0,R,R,-0.30,released,RELEASED
2026-05-18 22:01:24.728,280.0166,,slider,1,0,-79.14,-63.87,-37.00,ACTIVE,NONE,7000,0,R,R,-0.35,released,RELEASED
2026-05-18 22:01:25.111,280.3995,,slider,1,0,-42.14,-46.40,-58.60,ACTIVE,NONE,7010,0,R,R,-0.50,released,RELEASED
2026-05-18 22:01:25.512,280.8008,,slider,1,0,-50.12,-46.61,-39.50,ACTIVE,NONE,7020,0,R,R,-0.65,released,RELEASED
2026-05-18 22:01:25.911,281.1997,,slider,1,0,-73.77,-33.24,-22.60,ACTIVE,NONE,7030,0,R,R,-0.80,released,RELEASED
2026-05-18 22:01:26.315,281.6037,,slider,1,0,0.00,-17.81,-36.40,ACTIVE,NONE,7040,0,R,R,-0.70,PRESSED,FAULT
2026-05-18 22:01:26.717,282.0061,,slider,1,0,8.83,5.69,-0.70,ACTIVE,NONE,7050,0,R,R,-0.30,PRESSED,FAULT
2026-05-18 22:01:27.117,282.4060,,slider,1,0,-32.81,-5.57,1.90,ACTIVE,NONE,7060,0,R,R,-0.05,released,RELEASED
2026-05-18 22:01:27.521,282.8095,,slider,1,0,-84.63,-57.97,-37.30,ACTIVE,NONE,7070,0,R,R,-0.10,released,RELEASED
2026-05-18 22:01:27.921,283.2101,,slider,1,0,-60.00,-74.56,-81.10,ACTIVE,NONE,7080,0,R,R,-0.30,released,RELEASED
2026-05-18 22:01:28.313,283.6016,,slider,1,0,-99.92,-90.12,-78.90,ACTIVE,NONE,7090,0,R,R,-0.30,PRESSED,FAULT
2026-05-18 22:01:28.720,284.0088,,slider,1,0,-107.96,-105.89,-101.90,ACTIVE,NONE,7100,0,R,R,-0.10,PRESSED,FAULT
2026-05-18 22:01:29.120,284.4086,,slider,1,0,-127.10,-119.11,-113.40,ACTIVE,NONE,7110,0,R,R,0.00,PRESSED,FAULT
2026-05-18 22:01:29.521,284.8096,,slider,1,0,-143.11,-133.37,-129.30,ACTIVE,NONE,7120,0,R,R,-0.05,released,RELEASED
2026-05-18 22:01:29.925,285.2135,,slider,1,0,-129.33,-143.46,-148.30,ACTIVE,NONE,7130,0,R,R,-0.35,released,RELEASED
2026-05-18 22:01:30.316,285.6049,,slider,1,0,-43.72,-125.43,-139.00,ACTIVE,NONE,7140,0,R,R,-0.65,PRESSED,FAULT
2026-05-18 22:01:30.725,286.0140,,slider,1,0,355.61,-53.43,-78.70,ACTIVE,NONE,7150,0,R,R,-0.35,PRESSED,FAULT
2026-05-18 22:01:31.125,286.4138,,slider,1,0,351.26,18.57,-6.60,ACTIVE,NONE,7160,0,R,R,0.00,PRESSED,FAULT
2026-05-18 22:01:31.527,286.8155,,slider,1,0,355.61,90.57,65.40,ACTIVE,NONE,7170,0,R,R,0.00,PRESSED,FAULT
2026-05-18 22:01:31.911,287.1999,,slider,1,0,181.17,159.57,136.50,ACTIVE,NONE,7180,0,R,R,0.05,PRESSED,FAULT
2026-05-18 22:01:32.312,287.6009,,slider,1,0,50.12,123.84,147.20,ACTIVE,NONE,7190,0,R,R,0.00,PRESSED,FAULT
2026-05-18 22:01:32.716,288.0046,,slider,1,0,355.61,122.42,106.50,ACTIVE,NONE,7200,0,R,R,0.00,PRESSED,FAULT
2026-05-18 22:01:33.122,288.4111,,slider,1,0,355.61,194.42,165.90,ACTIVE,NONE,7210,0,R,R,0.00,PRESSED,FAULT
2026-05-18 22:01:33.524,288.8122,,slider,1,0,351.26,266.42,242.20,ACTIVE,NONE,7220,0,R,R,0.00,PRESSED,FAULT
2026-05-18 22:01:33.924,289.2124,,slider,1,0,-279.47,290.42,304.60,ACTIVE,NONE,7230,0,R,R,0.00,PRESSED,FAULT
2026-05-18 22:01:34.325,289.6133,,slider,1,0,-351.26,218.42,246.70,ACTIVE,NONE,7240,0,R,R,0.00,PRESSED,FAULT
2026-05-18 22:01:34.724,290.0125,,slider,1,0,-80.95,146.42,171.90,ACTIVE,NONE,7250,0,R,R,0.00,PRESSED,FAULT
2026-05-18 22:01:35.034,290.3227,shift_requested:N,slider,1,0,-7.35,89.42,120.20,ACTIVE,NONE,7257,0,R,R,0.00,PRESSED,FAULT
2026-05-18 22:01:35.114,290.4022,,slider,1,0,-8.83,38.42,98.10,ACTIVE,NONE,7260,0,R,N,0.00,PRESSED,FAULT
2026-05-18 22:01:35.349,290.6377,gear_change:N,slider,1,0,0.00,-5.22,16.80,ACTIVE,NONE,7265,0,N,N,0.00,PRESSED,FAULT
2026-05-18 22:01:35.526,290.8149,,slider,1,0,0.00,-1.32,-18.30,ACTIVE,NONE,7270,0,N,N,0.00,PRESSED,FAULT
2026-05-18 22:01:35.568,290.8565,gear_change:D,slider,1,0,0.00,-0.33,-12.80,ACTIVE,NONE,7271,0,D,D,0.00,PRESSED,FAULT
2026-05-18 22:01:35.569,290.8571,shift_requested:D,slider,1,0,0.00,-0.33,-12.80,ACTIVE,NONE,7271,0,D,D,0.00,PRESSED,FAULT
2026-05-18 22:01:35.927,291.2155,,slider,1,0,0.00,-0.00,-1.50,ACTIVE,NONE,7280,0,D,D,0.00,PRESSED,FAULT
2026-05-18 22:01:36.314,291.6029,,slider,1,0,-50.12,-11.96,-0.90,ACTIVE,NONE,7290,0,D,D,0.00,PRESSED,FAULT
2026-05-18 22:01:36.721,292.0093,,slider,1,0,-268.64,-80.96,-55.40,ACTIVE,NONE,7300,0,D,D,0.00,PRESSED,FAULT
2026-05-18 22:01:37.120,292.4087,,slider,1,0,-99.92,-143.65,-128.60,ACTIVE,NONE,7310,0,D,D,0.00,PRESSED,FAULT
2026-05-18 22:01:37.523,292.8116,,slider,1,0,-181.17,-159.78,-138.00,ACTIVE,NONE,7320,0,D,D,0.00,PRESSED,FAULT
2026-05-18 22:01:37.923,293.2114,,slider,1,0,-145.48,-151.28,-160.30,ACTIVE,NONE,7330,0,D,D,0.00,PRESSED,FAULT
2026-05-18 22:01:38.324,293.6124,,slider,1,0,-334.26,-200.13,-176.40,ACTIVE,NONE,7340,0,D,D,0.35,PRESSED,FAULT
2026-05-18 22:01:38.724,294.0128,,slider,1,0,-19.20,-242.13,-246.40,ACTIVE,NONE,7350,0,D,D,0.25,released,RELEASED
2026-05-18 22:01:39.123,294.4120,,slider,1,0,-73.77,-170.13,-198.50,ACTIVE,NONE,7360,0,D,D,0.15,released,RELEASED
2026-05-18 22:01:39.524,294.8129,,slider,1,0,-175.77,-137.05,-128.20,ACTIVE,NONE,7370,0,D,D,0.15,released,RELEASED
2026-05-18 22:01:39.924,295.2123,,slider,1,0,-138.43,-209.05,-181.10,ACTIVE,NONE,7380,0,D,D,0.30,released,RELEASED
2026-05-18 22:01:40.324,295.6128,,slider,1,0,0.00,-141.48,-168.10,ACTIVE,NONE,7390,0,D,D,0.50,released,RELEASED
2026-05-18 22:01:40.727,296.0153,,slider,1,0,355.61,-69.48,-94.60,ACTIVE,NONE,7400,0,D,D,0.60,PRESSED,FAULT
2026-05-18 22:01:41.129,296.4176,,slider,1,0,351.29,2.52,-22.90,ACTIVE,NONE,7410,0,D,D,0.45,PRESSED,FAULT
2026-05-18 22:01:41.513,296.8018,,slider,1,0,351.29,71.52,47.50,ACTIVE,NONE,7420,0,D,D,0.30,released,RELEASED
2026-05-18 22:01:41.914,297.2024,,slider,1,0,24.36,131.52,120.30,ACTIVE,NONE,7430,0,D,D,0.40,released,RELEASED
2026-05-18 22:01:42.319,297.6079,,slider,1,0,47.53,59.52,88.10,ACTIVE,NONE,7440,0,D,D,0.40,PRESSED,FAULT
2026-05-18 22:01:42.720,298.0084,,slider,1,0,52.36,46.12,48.80,ACTIVE,NONE,7450,0,D,D,0.20,PRESSED,FAULT
2026-05-18 22:01:43.120,298.4085,,slider,1,0,83.37,85.37,73.10,ACTIVE,NONE,7460,0,D,D,0.20,released,RELEASED
2026-05-18 22:01:43.521,298.8097,,slider,1,0,67.40,72.05,76.80,ACTIVE,NONE,7470,0,D,D,0.45,released,RELEASED
2026-05-18 22:01:43.922,299.2111,,slider,1,0,65.68,61.19,62.80,ACTIVE,NONE,7480,0,D,D,0.70,PRESSED,FAULT
2026-05-18 22:01:44.323,299.6113,,slider,1,0,85.22,71.93,64.50,ACTIVE,NONE,7490,0,D,D,0.55,PRESSED,FAULT
2026-05-18 22:01:44.721,300.0099,,slider,1,0,77.93,80.42,83.90,ACTIVE,NONE,7500,0,D,D,0.30,PRESSED,FAULT
2026-05-18 22:01:45.126,300.4150,,slider,1,0,69.12,73.56,78.50,ACTIVE,NONE,7510,0,D,D,0.30,released,RELEASED
2026-05-18 22:01:45.526,300.8144,,slider,1,0,57.28,59.51,64.00,ACTIVE,NONE,7520,0,D,D,0.60,PRESSED,FAULT
2026-05-18 22:01:45.927,301.2155,,slider,1,0,-15.43,27.51,49.60,ACTIVE,NONE,7530,0,D,D,0.60,PRESSED,FAULT
2026-05-18 22:01:46.328,301.6162,,slider,1,0,-44.35,-27.97,-9.30,ACTIVE,NONE,7540,0,D,D,0.25,PRESSED,FAULT
2026-05-18 22:01:46.588,301.8771,shift_requested:N,slider,1,0,-22.87,-32.89,-31.90,ACTIVE,NONE,7546,0,D,D,0.30,PRESSED,FAULT
2026-05-18 22:01:46.714,302.0028,,slider,1,0,-15.43,-17.76,-30.50,ACTIVE,NONE,7550,0,D,N,0.20,PRESSED,FAULT
2026-05-18 22:01:46.889,302.1774,gear_change:N,slider,1,0,-15.43,-15.54,-21.40,ACTIVE,NONE,7554,0,N,N,0.20,PRESSED,FAULT
2026-05-18 22:01:47.114,302.4030,,slider,1,0,0.00,-0.98,-13.60,ACTIVE,NONE,7560,0,N,N,0.25,PRESSED,FAULT
2026-05-18 22:01:47.359,302.6471,shift_requested:N,slider,1,0,0.00,-0.01,-4.40,ACTIVE,NONE,7565,0,N,N,0.10,released,RELEASED
2026-05-18 22:01:47.528,302.8167,,slider,1,0,0.00,-0.00,-1.60,ACTIVE,NONE,7570,0,N,N,0.05,released,RELEASED
2026-05-18 22:01:47.928,303.2165,,slider,1,0,0.00,-0.00,0.20,ACTIVE,NONE,7580,0,N,N,0.10,released,RELEASED
2026-05-18 22:01:48.328,303.6167,,slider,1,0,0.00,-0.00,0.50,ACTIVE,NONE,7590,0,N,N,0.15,released,RELEASED
2026-05-18 22:01:48.711,304.0001,,slider,1,0,0.00,-0.00,0.50,ACTIVE,NONE,7600,0,N,N,0.25,released,RELEASED
2026-05-18 22:01:49.128,304.4171,,slider,1,0,0.00,-0.00,0.50,ACTIVE,NONE,7610,0,N,N,0.30,released,RELEASED
2026-05-18 22:01:49.514,304.8027,,slider,1,0,0.00,-0.00,0.40,ACTIVE,NONE,7620,0,N,N,0.30,released,RELEASED
2026-05-18 22:01:49.929,305.2171,,slider,1,0,0.00,-0.00,0.20,ACTIVE,NONE,7630,0,N,N,0.30,PRESSED,FAULT
2026-05-18 22:01:50.328,305.6168,,slider,1,0,0.00,-0.00,0.00,ACTIVE,NONE,7640,0,N,N,0.20,PRESSED,FAULT
2026-05-18 22:01:50.401,305.6894,shift_requested:R,slider,1,0,0.00,-0.00,0.00,ACTIVE,NONE,7642,0,N,N,0.00,PRESSED,FAULT
2026-05-18 22:01:50.449,305.7371,gear_change:R,slider,1,0,0.00,-0.00,0.00,ACTIVE,NONE,7643,0,R,R,0.00,PRESSED,FAULT
2026-05-18 22:01:50.728,306.0169,,slider,1,0,0.00,-0.00,0.00,ACTIVE,NONE,7650,0,R,R,-0.10,PRESSED,FAULT
2026-05-18 22:01:51.128,306.4169,,slider,1,0,0.00,-0.00,0.00,ACTIVE,NONE,7660,0,R,R,-0.10,PRESSED,FAULT
2026-05-18 22:01:51.529,306.8178,,slider,1,0,0.00,-0.00,0.00,ACTIVE,NONE,7670,0,R,R,-0.10,PRESSED,FAULT
2026-05-18 22:01:51.911,307.1999,,slider,1,0,0.00,-0.00,0.00,ACTIVE,NONE,7680,0,R,R,0.00,PRESSED,FAULT
2026-05-18 22:01:52.311,307.5999,,slider,1,0,0.00,-0.00,0.00,ACTIVE,NONE,7690,0,R,R,0.00,PRESSED,FAULT
2026-05-18 22:01:52.728,308.0170,,slider,1,0,0.00,-0.00,0.00,ACTIVE,NONE,7700,0,R,R,0.00,PRESSED,FAULT
2026-05-18 22:01:53.129,308.4176,,slider,1,0,0.00,-0.00,0.00,ACTIVE,NONE,7710,0,R,R,0.00,PRESSED,FAULT
2026-05-18 22:01:53.511,308.7997,,slider,1,0,0.00,-0.00,0.00,ACTIVE,NONE,7720,0,R,R,0.00,PRESSED,FAULT
2026-05-18 22:01:53.911,309.1998,,slider,1,0,0.00,-0.00,0.00,ACTIVE,NONE,7730,0,R,R,0.00,PRESSED,FAULT
2026-05-18 22:01:54.329,309.6176,,slider,1,0,0.00,-0.00,0.00,ACTIVE,NONE,7740,0,R,R,0.00,PRESSED,FAULT
2026-05-18 22:01:54.712,310.0004,,slider,1,0,0.00,-0.00,0.00,ACTIVE,NONE,7750,0,R,R,0.00,PRESSED,FAULT
2026-05-18 22:01:55.129,310.4173,,slider,1,0,0.00,-0.00,0.00,ACTIVE,NONE,7760,0,R,R,0.00,PRESSED,FAULT
2026-05-18 22:01:55.529,310.8173,,slider,1,0,0.00,-0.00,0.00,ACTIVE,NONE,7770,0,R,R,0.00,PRESSED,FAULT
2026-05-18 22:01:55.929,311.2177,,slider,1,0,0.00,-0.00,0.00,ACTIVE,NONE,7780,0,R,R,0.00,released,RELEASED
2026-05-18 22:01:56.328,311.6169,,slider,1,0,0.00,-0.00,0.00,ACTIVE,NONE,7790,0,R,R,-0.10,released,RELEASED
2026-05-18 22:01:56.711,311.9998,,slider,1,0,0.00,-0.00,0.00,ACTIVE,NONE,7800,0,R,R,-0.30,released,RELEASED
2026-05-18 22:01:57.128,312.4168,,slider,1,0,-18.39,-5.08,0.00,ACTIVE,NONE,7810,0,R,R,-0.45,released,RELEASED
2026-05-18 22:01:57.518,312.8064,,slider,1,0,-53.99,-42.32,-27.80,ACTIVE,NONE,7820,0,R,R,-0.35,released,RELEASED
2026-05-18 22:01:57.923,313.2114,,slider,1,0,0.00,-11.66,-31.60,ACTIVE,NONE,7830,0,R,R,-0.25,released,RELEASED
2026-05-18 22:01:58.324,313.6126,,slider,1,0,-42.77,-36.28,-25.00,ACTIVE,NONE,7840,0,R,R,-0.30,released,RELEASED
2026-05-18 22:01:58.724,314.0121,,slider,1,0,-55.63,-51.85,-44.20,ACTIVE,NONE,7850,0,R,R,-0.40,released,RELEASED
2026-05-18 22:01:59.123,314.4119,,slider,1,0,-63.98,-59.36,-54.90,ACTIVE,NONE,7860,0,R,R,-0.55,released,RELEASED
2026-05-18 22:01:59.524,314.8122,,slider,1,0,-62.29,-66.74,-66.30,ACTIVE,NONE,7870,0,R,R,-0.70,released,RELEASED
2026-05-18 22:01:59.923,315.2119,,slider,1,0,-63.98,-64.98,-64.00,ACTIVE,NONE,7880,0,R,R,-0.65,released,RELEASED
2026-05-18 22:02:00.323,315.6116,,slider,1,0,0.00,-15.39,-39.90,ACTIVE,NONE,7890,0,R,R,-0.45,PRESSED,FAULT
2026-05-18 22:02:00.728,316.0162,,slider,1,0,28.89,24.79,14.00,ACTIVE,NONE,7900,0,R,R,-0.10,released,RELEASED
2026-05-18 22:02:01.113,316.4013,,slider,1,0,19.88,26.34,26.80,ACTIVE,NONE,7910,0,R,R,-0.05,released,RELEASED
2026-05-18 22:02:01.522,316.8109,,slider,1,0,0.00,3.24,12.20,ACTIVE,NONE,7920,0,R,R,-0.20,released,RELEASED
2026-05-18 22:02:01.926,317.2146,,slider,1,0,15.43,0.59,-0.10,ACTIVE,NONE,7930,0,R,R,-0.30,released,RELEASED
2026-05-18 22:02:02.328,317.6169,,slider,1,0,39.64,32.92,19.90,ACTIVE,NONE,7940,0,R,R,-0.40,released,RELEASED
2026-05-18 22:02:02.731,318.0195,,slider,1,0,25.87,29.83,34.20,ACTIVE,NONE,7950,0,R,R,-0.30,released,RELEASED
2026-05-18 22:02:03.131,318.4194,,slider,1,0,13.95,16.98,23.90,ACTIVE,NONE,7960,0,R,R,-0.30,released,RELEASED
2026-05-18 22:02:03.512,318.8009,,slider,1,0,24.36,19.29,15.50,ACTIVE,NONE,7970,0,R,R,-0.50,released,RELEASED
2026-05-18 22:02:03.919,319.2072,,slider,1,0,52.36,48.17,35.50,ACTIVE,NONE,7980,0,R,R,-0.40,released,RELEASED
2026-05-18 22:02:04.323,319.6110,,slider,1,0,38.09,45.95,53.10,ACTIVE,NONE,7990,0,R,R,-0.20,released,RELEASED
2026-05-18 22:02:04.713,320.0011,,slider,1,0,12.48,21.24,33.00,ACTIVE,NONE,8000,0,R,R,-0.15,released,RELEASED
2026-05-18 22:02:05.113,320.4010,,slider,1,0,21.37,14.46,13.60,ACTIVE,NONE,8010,0,R,R,-0.30,released,RELEASED
2026-05-18 22:02:05.513,320.8013,,slider,1,0,30.41,22.35,17.60,ACTIVE,NONE,8020,0,R,R,-0.25,released,RELEASED
2026-05-18 22:02:05.915,321.2034,,slider,1,0,55.63,53.66,45.50,ACTIVE,NONE,8030,0,R,R,-0.15,released,RELEASED
2026-05-18 22:02:06.313,321.6019,,slider,1,0,41.20,43.84,51.50,ACTIVE,NONE,8040,0,R,R,-0.05,released,RELEASED
2026-05-18 22:02:06.712,322.0010,,slider,1,0,39.64,42.28,44.50,ACTIVE,NONE,8050,0,R,R,-0.25,released,RELEASED
2026-05-18 22:02:07.113,322.4015,,slider,1,0,57.28,42.88,41.50,ACTIVE,NONE,8060,0,R,R,-0.55,released,RELEASED
2026-05-18 22:02:07.512,322.8009,,slider,1,0,19.88,53.90,61.10,ACTIVE,NONE,8070,0,R,R,-0.55,PRESSED,FAULT
2026-05-18 22:02:07.918,323.2069,,slider,1,0,-85.22,-18.10,7.50,ACTIVE,NONE,8080,0,R,R,0.15,PRESSED,FAULT
2026-05-18 22:02:08.319,323.6074,,slider,1,0,16.91,-45.83,-57.80,ACTIVE,NONE,8090,0,R,R,0.05,PRESSED,FAULT
2026-05-18 22:02:08.723,324.0119,,slider,1,0,25.87,22.96,-0.70,ACTIVE,NONE,8100,0,R,R,0.05,PRESSED,FAULT
2026-05-18 22:02:09.112,324.4009,,slider,1,0,0.00,8.34,17.90,ACTIVE,NONE,8110,0,R,R,0.00,PRESSED,FAULT
2026-05-18 22:02:09.515,324.8031,,slider,1,0,0.00,0.41,3.30,ACTIVE,NONE,8120,0,R,R,0.00,PRESSED,FAULT
2026-05-18 22:02:09.915,325.2033,,slider,1,0,0.00,0.02,0.40,ACTIVE,NONE,8130,0,R,R,0.00,PRESSED,FAULT
2026-05-18 22:02:10.314,325.6027,,slider,1,0,0.00,0.00,0.00,ACTIVE,NONE,8140,0,R,R,0.00,PRESSED,FAULT
2026-05-18 22:02:10.715,326.0039,,slider,1,0,0.00,0.00,0.00,ACTIVE,NONE,8150,0,R,R,0.00,PRESSED,FAULT
2026-05-18 22:02:11.115,326.4035,,slider,1,0,0.00,0.00,0.00,ACTIVE,NONE,8160,0,R,R,0.00,PRESSED,FAULT
2026-05-18 22:02:11.514,326.8029,,slider,1,0,0.00,0.00,0.00,ACTIVE,NONE,8170,0,R,R,0.00,PRESSED,FAULT
2026-05-18 22:02:11.916,327.2044,,slider,1,0,0.00,0.00,0.00,ACTIVE,NONE,8180,0,R,R,0.00,PRESSED,FAULT
2026-05-18 22:02:12.315,327.6037,,slider,1,0,0.00,0.00,0.00,ACTIVE,NONE,8190,0,R,R,0.00,PRESSED,FAULT
2026-05-18 22:02:12.715,328.0031,,slider,1,0,0.00,0.00,0.00,ACTIVE,NONE,8200,0,R,R,0.00,PRESSED,FAULT
2026-05-18 22:02:13.115,328.4036,,slider,1,0,0.00,0.00,0.00,ACTIVE,NONE,8210,0,R,R,0.00,PRESSED,FAULT
2026-05-18 22:02:13.514,328.8025,,slider,1,0,0.00,0.00,0.00,ACTIVE,NONE,8220,0,R,R,0.00,PRESSED,FAULT
2026-05-18 22:02:13.915,329.2038,,slider,1,0,0.00,0.00,0.00,ACTIVE,NONE,8230,0,R,R,0.00,PRESSED,FAULT
2026-05-18 22:02:14.314,329.6028,,slider,1,0,0.00,0.00,0.00,ACTIVE,NONE,8240,0,R,R,0.00,PRESSED,FAULT
2026-05-18 22:02:14.716,330.0044,,slider,1,0,0.00,0.00,0.00,ACTIVE,NONE,8250,0,R,R,0.00,PRESSED,FAULT
2026-05-18 22:02:15.115,330.4032,,slider,1,0,0.00,0.00,0.00,ACTIVE,NONE,8260,0,R,R,0.00,PRESSED,FAULT
2026-05-18 22:02:15.515,330.8033,,slider,1,0,0.00,0.00,0.00,ACTIVE,NONE,8270,0,R,R,0.00,PRESSED,FAULT
2026-05-18 22:02:15.915,331.2037,,slider,1,0,0.00,0.00,0.00,ACTIVE,NONE,8280,0,R,R,0.00,PRESSED,FAULT
2026-05-18 22:02:16.314,331.6028,,slider,1,0,0.00,0.00,0.00,ACTIVE,NONE,8290,0,R,R,0.00,PRESSED,FAULT
2026-05-18 22:02:16.715,332.0035,,slider,1,0,-81.55,-25.31,-7.90,ACTIVE,NONE,8300,0,R,R,0.00,PRESSED,FAULT
2026-05-18 22:02:17.117,332.4055,,slider,1,0,-287.09,-97.31,-73.80,ACTIVE,NONE,8310,0,R,R,0.00,PRESSED,FAULT
2026-05-18 22:02:17.520,332.8086,,slider,1,0,-87.07,-151.31,-145.50,ACTIVE,NONE,8320,0,R,R,0.00,PRESSED,FAULT
2026-05-18 22:02:17.921,333.2100,,slider,1,0,-83.37,-108.63,-124.20,ACTIVE,NONE,8330,0,R,R,0.00,PRESSED,FAULT
2026-05-18 22:02:18.325,333.6130,,slider,1,0,0.00,-36.63,-62.20,ACTIVE,NONE,8340,0,R,R,0.00,PRESSED,FAULT
2026-05-18 22:02:18.720,334.0089,,slider,1,0,-25.87,-4.65,-6.00,ACTIVE,NONE,8350,0,R,R,0.00,PRESSED,FAULT
2026-05-18 22:02:19.125,334.4134,,slider,1,0,-88.95,-75.35,-47.80,ACTIVE,NONE,8360,0,R,R,0.00,PRESSED,FAULT
2026-05-18 22:02:19.525,334.8133,,slider,1,0,-60.61,-68.64,-72.10,ACTIVE,NONE,8370,0,R,R,0.00,PRESSED,FAULT
2026-05-18 22:02:19.925,335.2136,,slider,1,0,-176.26,-111.63,-87.50,ACTIVE,NONE,8380,0,R,R,0.00,PRESSED,FAULT
2026-05-18 22:02:20.318,335.6064,,slider,1,0,-77.93,-144.63,-153.80,ACTIVE,NONE,8390,0,R,R,0.00,PRESSED,FAULT
2026-05-18 22:02:20.632,335.9201,shift_requested:N,slider,1,0,-90.83,-92.01,-119.00,ACTIVE,NONE,8397,0,R,R,0.00,PRESSED,FAULT
2026-05-18 22:02:20.712,336.0007,,slider,1,0,-88.95,-89.49,-102.40,ACTIVE,NONE,8400,0,R,N,0.00,PRESSED,FAULT
2026-05-18 22:02:20.929,336.2171,gear_change:N,slider,1,0,-102.48,-97.88,-96.60,ACTIVE,NONE,8405,0,N,N,0.00,PRESSED,FAULT
2026-05-18 22:02:21.119,336.4078,,slider,1,0,-125.45,-110.95,-101.60,ACTIVE,NONE,8410,0,N,N,0.00,PRESSED,FAULT
2026-05-18 22:02:21.521,336.8098,,slider,1,0,-138.97,-143.28,-131.10,ACTIVE,NONE,8420,0,N,N,0.00,PRESSED,FAULT
2026-05-18 22:02:21.825,337.1129,shift_requested:N,slider,1,0,-127.65,-128.22,-135.20,ACTIVE,NONE,8427,0,N,N,0.00,PRESSED,FAULT
2026-05-18 22:02:21.913,337.2011,,slider,1,0,-123.27,-122.93,-130.20,ACTIVE,NONE,8430,0,N,N,0.00,PRESSED,FAULT
2026-05-18 22:02:22.321,337.6096,,slider,1,0,-129.87,-128.23,-126.70,ACTIVE,NONE,8440,0,N,N,0.00,PRESSED,FAULT
2026-05-18 22:02:22.716,338.0040,,slider,1,0,-138.97,-135.98,-130.30,ACTIVE,NONE,8450,0,N,N,0.00,PRESSED,FAULT
2026-05-18 22:02:22.732,338.0201,shift_requested:N,slider,1,0,-138.97,-137.56,-130.30,ACTIVE,NONE,8450,0,N,N,0.00,PRESSED,FAULT
2026-05-18 22:02:23.122,338.4100,,slider,1,0,-138.97,-137.66,-135.50,ACTIVE,NONE,8460,0,N,N,0.00,PRESSED,FAULT
2026-05-18 22:02:23.158,338.4466,gear_change:D,slider,1,0,-138.97,-138.54,-136.30,ACTIVE,NONE,8461,0,D,D,0.00,PRESSED,FAULT
2026-05-18 22:02:23.496,338.7842,shift_requested:D,slider,1,0,-138.97,-138.97,-137.90,ACTIVE,NONE,8469,0,D,D,-0.35,PRESSED,FAULT
2026-05-18 22:02:23.521,338.8095,,slider,1,0,-132.12,-138.16,-138.10,ACTIVE,NONE,8470,0,D,D,-0.20,PRESSED,FAULT
2026-05-18 22:02:23.697,338.9856,shift_requested:N,slider,1,0,-134.38,-133.78,-138.30,ACTIVE,NONE,8474,0,D,D,0.10,PRESSED,FAULT
2026-05-18 22:02:23.922,339.2109,,slider,1,0,-132.12,-131.63,-135.00,ACTIVE,NONE,8480,0,D,N,0.05,PRESSED,FAULT
2026-05-18 22:02:23.923,339.2119,gear_change:N,slider,1,0,-132.12,-131.63,-135.00,ACTIVE,NONE,8480,0,N,N,0.05,PRESSED,FAULT
2026-05-18 22:02:24.322,339.6102,,slider,1,0,-129.87,-129.15,-130.50,ACTIVE,NONE,8490,0,N,N,0.05,PRESSED,FAULT
2026-05-18 22:02:24.722,340.0103,,slider,1,0,-127.65,-128.68,-129.30,ACTIVE,NONE,8500,0,N,N,0.05,PRESSED,FAULT
2026-05-18 22:02:24.932,340.2206,shift_requested:N,slider,1,0,-134.38,-132.77,-129.20,ACTIVE,NONE,8505,0,N,N,0.00,PRESSED,FAULT
2026-05-18 22:02:25.114,340.4021,,slider,1,0,-134.38,-134.30,-131.40,ACTIVE,NONE,8510,0,N,N,0.00,released,RELEASED
2026-05-18 22:02:25.524,340.8121,,slider,1,0,-134.38,-134.38,-133.40,ACTIVE,NONE,8520,0,N,N,0.00,PRESSED,FAULT
2026-05-18 22:02:25.923,341.2118,,slider,1,0,-136.66,-134.29,-134.20,ACTIVE,NONE,8530,0,N,N,0.00,PRESSED,FAULT
2026-05-18 22:02:26.068,341.3567,shift_requested:N,slider,1,0,-136.66,-136.38,-134.50,ACTIVE,NONE,8533,0,N,N,0.00,PRESSED,FAULT
2026-05-18 22:02:26.329,341.6171,,slider,1,0,-134.38,-137.99,-137.30,ACTIVE,NONE,8540,0,N,N,0.00,PRESSED,FAULT
2026-05-18 22:02:26.465,341.7531,shift_requested:D,slider,1,0,-138.97,-138.37,-137.30,ACTIVE,NONE,8543,0,N,N,0.00,PRESSED,FAULT
2026-05-18 22:02:26.488,341.7762,gear_change:D,slider,1,0,-136.66,-138.65,-137.30,ACTIVE,NONE,8544,0,D,D,0.00,PRESSED,FAULT
2026-05-18 22:02:26.728,342.0163,,slider,1,0,-136.66,-137.83,-137.70,ACTIVE,NONE,8550,0,D,D,0.00,PRESSED,FAULT
2026-05-18 22:02:27.128,342.4161,,slider,1,0,-136.66,-136.76,-137.70,ACTIVE,NONE,8560,0,D,D,0.00,PRESSED,FAULT
2026-05-18 22:02:27.530,342.8181,,slider,1,0,-355.63,-190.86,-166.90,ACTIVE,NONE,8570,0,D,D,0.00,PRESSED,FAULT
2026-05-18 22:02:27.929,343.2177,,slider,1,0,-158.20,-238.86,-237.50,ACTIVE,NONE,8580,0,D,D,0.00,PRESSED,FAULT
2026-05-18 22:02:28.318,343.6067,,slider,1,0,-146.01,-169.86,-195.60,ACTIVE,NONE,8590,0,D,D,0.20,released,RELEASED
2026-05-18 22:02:28.725,344.0131,,slider,1,0,-165.79,-162.84,-161.00,ACTIVE,NONE,8600,0,D,D,0.15,released,RELEASED
2026-05-18 22:02:29.125,344.4137,,slider,1,0,-261.88,-183.90,-168.70,ACTIVE,NONE,8610,0,D,D,0.25,released,RELEASED
2026-05-18 22:02:29.525,344.8131,,slider,1,0,-306.15,-255.90,-231.80,ACTIVE,NONE,8620,0,D,D,0.50,released,RELEASED
2026-05-18 22:02:29.926,345.2140,,slider,1,0,31.93,-225.90,-249.50,ACTIVE,NONE,8630,0,D,D,0.80,released,RELEASED
2026-05-18 22:02:30.328,345.6164,,slider,1,0,351.29,-153.90,-177.80,ACTIVE,NONE,8640,0,D,D,1.00,released,RELEASED
2026-05-18 22:02:30.715,346.0034,,slider,1,0,-6.59,-84.90,-106.50,ACTIVE,NONE,8650,0,D,D,1.00,PRESSED,FAULT
2026-05-18 22:02:31.117,346.4050,,slider,1,0,0.00,-12.90,-35.70,ACTIVE,NONE,8660,0,D,D,0.35,PRESSED,FAULT
2026-05-18 22:02:31.519,346.8076,,slider,1,0,0.00,0.35,-1.30,ACTIVE,NONE,8670,0,D,D,0.05,PRESSED,FAULT
2026-05-18 22:02:31.725,347.0131,shift_requested:N,slider,1,0,0.00,0.04,-0.70,ACTIVE,NONE,8675,0,D,N,0.05,PRESSED,FAULT
2026-05-18 22:02:31.921,347.2091,,slider,1,0,0.00,0.00,-0.30,ACTIVE,NONE,8680,0,D,N,0.05,PRESSED,FAULT
2026-05-18 22:02:31.999,347.2874,gear_change:N,slider,1,0,0.00,0.00,-0.30,ACTIVE,NONE,8681,0,N,N,0.05,PRESSED,FAULT
2026-05-18 22:02:32.319,347.6078,,slider,1,0,0.00,0.00,0.50,ACTIVE,NONE,8690,0,N,N,0.05,PRESSED,FAULT
2026-05-18 22:02:32.371,347.6594,shift_requested:R,slider,1,0,0.00,0.00,0.50,ACTIVE,NONE,8691,0,N,N,0.00,PRESSED,FAULT
2026-05-18 22:02:32.411,347.6991,gear_change:R,slider,1,0,0.00,0.00,0.50,ACTIVE,NONE,8692,0,R,R,0.00,PRESSED,FAULT
2026-05-18 22:02:32.720,348.0084,,slider,1,0,0.00,0.00,0.50,ACTIVE,NONE,8700,0,R,R,0.00,PRESSED,FAULT
2026-05-18 22:02:33.120,348.4086,,slider,1,0,0.00,0.00,0.40,ACTIVE,NONE,8710,0,R,R,0.00,PRESSED,FAULT
2026-05-18 22:02:33.513,348.8014,,slider,1,0,0.00,0.00,0.20,ACTIVE,NONE,8720,0,R,R,0.00,PRESSED,FAULT
2026-05-18 22:02:33.920,349.2084,,slider,1,0,0.00,0.00,0.10,ACTIVE,NONE,8730,0,R,R,0.00,PRESSED,FAULT
2026-05-18 22:02:34.329,349.6176,,slider,1,0,0.00,2.67,6.00,ACTIVE,NONE,8740,0,R,R,0.00,PRESSED,FAULT
2026-05-18 22:02:34.730,350.0182,,slider,1,0,0.00,0.13,1.50,ACTIVE,NONE,8750,0,R,R,0.00,PRESSED,FAULT
2026-05-18 22:02:35.130,350.4183,,slider,1,0,0.00,0.01,0.30,ACTIVE,NONE,8760,0,R,R,0.00,PRESSED,FAULT
2026-05-18 22:02:35.513,350.8011,,slider,1,0,0.00,0.00,0.00,ACTIVE,NONE,8770,0,R,R,0.00,PRESSED,FAULT
2026-05-18 22:02:35.917,351.2053,,slider,1,0,15.43,13.74,8.90,ACTIVE,NONE,8780,0,R,R,0.00,PRESSED,FAULT
2026-05-18 22:02:36.315,351.6035,,slider,1,0,279.72,72.02,49.80,ACTIVE,NONE,8790,0,R,R,0.00,PRESSED,FAULT
2026-05-18 22:02:36.714,352.0024,,slider,1,0,-143.64,114.02,117.30,ACTIVE,NONE,8800,0,R,R,0.00,PRESSED,FAULT
2026-05-18 22:02:37.115,352.4030,,slider,1,0,-294.61,42.02,69.30,ACTIVE,NONE,8810,0,R,R,0.00,PRESSED,FAULT
2026-05-18 22:02:37.520,352.8087,,slider,1,0,-114.73,-29.98,-3.40,ACTIVE,NONE,8820,0,R,R,0.00,PRESSED,FAULT
2026-05-18 22:02:37.922,353.2106,,slider,1,0,-55.63,-91.51,-75.90,ACTIVE,NONE,8830,0,R,R,0.00,PRESSED,FAULT
2026-05-18 22:02:38.320,353.6088,,slider,1,0,-55.63,-53.21,-58.90,ACTIVE,NONE,8840,0,R,R,0.00,PRESSED,FAULT
2026-05-18 22:02:38.721,354.0095,,slider,1,0,-60.61,-58.90,-56.90,ACTIVE,NONE,8850,0,R,R,0.00,PRESSED,FAULT
2026-05-18 22:02:38.901,354.1894,shift_requested:N,slider,1,0,-62.29,-60.57,-57.90,ACTIVE,NONE,8854,0,R,R,0.00,PRESSED,FAULT
2026-05-18 22:02:39.125,354.4129,,slider,1,0,-69.12,-67.34,-63.60,ACTIVE,NONE,8860,0,R,N,0.00,PRESSED,FAULT
2026-05-18 22:02:39.204,354.4920,gear_change:N,slider,1,0,-67.40,-67.84,-64.10,ACTIVE,NONE,8861,0,N,N,0.00,PRESSED,FAULT
2026-05-18 22:02:39.524,354.8126,,slider,1,0,-69.12,-68.37,-66.80,ACTIVE,NONE,8870,0,N,N,0.00,PRESSED,FAULT
2026-05-18 22:02:39.926,355.2140,,slider,1,0,-69.12,-69.09,-68.50,ACTIVE,NONE,8880,0,N,N,0.00,PRESSED,FAULT
2026-05-18 22:02:40.316,355.6045,,slider,1,0,-70.86,-70.82,-69.90,ACTIVE,NONE,8890,0,N,N,0.00,PRESSED,FAULT
2026-05-18 22:02:40.662,355.9500,shift_requested:N,slider,1,0,-70.86,-70.86,-70.40,ACTIVE,NONE,8898,0,N,N,0.00,PRESSED,FAULT
2026-05-18 22:02:40.685,355.9733,shift_requested:R,slider,1,0,-70.86,-70.86,-70.40,ACTIVE,NONE,8899,0,N,N,0.00,PRESSED,FAULT
2026-05-18 22:02:40.714,356.0023,,slider,1,0,-70.86,-70.86,-70.50,ACTIVE,NONE,8900,0,N,R,0.00,PRESSED,FAULT
2026-05-18 22:02:40.719,356.0073,gear_change:R,slider,1,0,-72.61,-70.86,-70.50,ACTIVE,NONE,8900,0,R,R,0.00,PRESSED,FAULT
2026-05-18 22:02:41.126,356.4140,,slider,1,0,-70.86,-72.05,-71.30,ACTIVE,NONE,8910,0,R,R,0.00,PRESSED,FAULT
2026-05-18 22:02:41.525,356.8134,,slider,1,0,-160.70,-98.43,-77.90,ACTIVE,NONE,8920,0,R,R,0.00,PRESSED,FAULT
2026-05-18 22:02:41.932,357.2209,,slider,1,0,-134.38,-138.45,-135.80,ACTIVE,NONE,8930,0,R,R,0.00,PRESSED,FAULT
2026-05-18 22:02:42.314,357.6024,,slider,1,0,-102.48,-106.42,-117.00,ACTIVE,NONE,8940,0,R,R,0.00,PRESSED,FAULT
2026-05-18 22:02:42.713,358.0014,,slider,1,0,-104.48,-103.72,-105.00,ACTIVE,NONE,8950,0,R,R,0.00,PRESSED,FAULT
2026-05-18 22:02:43.112,358.4006,,slider,1,0,-94.65,-97.10,-99.80,ACTIVE,NONE,8960,0,R,R,-0.15,PRESSED,FAULT
2026-05-18 22:02:43.513,358.8012,,slider,1,0,-102.48,-98.41,-95.70,ACTIVE,NONE,8970,0,R,R,-0.05,released,RELEASED
2026-05-18 22:02:43.913,359.2011,,slider,1,0,-114.73,-114.55,-109.00,ACTIVE,NONE,8980,0,R,R,-0.20,released,RELEASED
2026-05-18 22:02:44.312,359.6006,,slider,1,0,-116.84,-116.38,-116.20,ACTIVE,NONE,8990,0,R,R,-0.45,released,RELEASED
2026-05-18 22:02:44.713,360.0013,,slider,1,0,-106.50,-114.56,-117.20,ACTIVE,NONE,9000,0,R,R,-0.60,released,RELEASED
2026-05-18 22:02:45.116,360.4038,,slider,1,0,-87.07,-99.13,-107.90,ACTIVE,NONE,9010,0,R,R,-0.30,PRESSED,FAULT
2026-05-18 22:02:45.525,360.8132,,slider,1,0,-104.48,-98.66,-96.30,ACTIVE,NONE,9020,0,R,R,-0.15,released,RELEASED
2026-05-18 22:02:45.926,361.2141,,slider,1,0,-127.65,-119.32,-106.60,ACTIVE,NONE,9030,0,R,R,-0.30,released,RELEASED
2026-05-18 22:02:46.328,361.6159,,slider,1,0,-114.73,-116.45,-121.20,ACTIVE,NONE,9040,0,R,R,-0.45,released,RELEASED
2026-05-18 22:02:46.714,362.0019,,slider,1,0,-123.27,-125.58,-122.70,ACTIVE,NONE,9050,0,R,R,-0.30,released,RELEASED
2026-05-18 22:02:47.114,362.4025,,slider,1,0,-100.50,-112.43,-121.10,ACTIVE,NONE,9060,0,R,R,0.00,released,RELEASED
2026-05-18 22:02:47.514,362.8023,,slider,1,0,-57.28,-67.99,-84.50,ACTIVE,NONE,9070,0,R,R,-0.30,released,RELEASED
2026-05-18 22:02:47.915,363.2031,,slider,1,0,-98.53,-83.47,-64.50,ACTIVE,NONE,9080,0,R,R,-0.60,released,RELEASED
2026-05-18 22:02:48.314,363.6023,,slider,1,0,0.00,-71.50,-86.20,ACTIVE,NONE,9090,0,R,R,-0.55,PRESSED,FAULT
2026-05-18 22:02:48.714,364.0023,,slider,1,0,0.00,0.50,-24.80,ACTIVE,NONE,9100,0,R,R,0.15,PRESSED,FAULT
2026-05-18 22:02:49.114,364.4028,,slider,1,0,0.00,5.16,10.40,ACTIVE,NONE,9110,0,R,R,0.10,PRESSED,FAULT
2026-05-18 22:02:49.514,364.8027,,slider,1,0,0.00,0.26,2.10,ACTIVE,NONE,9120,0,R,R,0.00,PRESSED,FAULT
2026-05-18 22:02:49.915,365.2035,,slider,1,0,0.00,0.01,0.30,ACTIVE,NONE,9130,0,R,R,0.00,PRESSED,FAULT
2026-05-18 22:02:50.315,365.6031,,slider,1,0,0.00,0.00,0.00,ACTIVE,NONE,9140,0,R,R,0.00,PRESSED,FAULT
2026-05-18 22:02:50.714,366.0021,,slider,1,0,0.00,0.00,0.00,ACTIVE,NONE,9150,0,R,R,0.00,PRESSED,FAULT
2026-05-18 22:02:51.114,366.4020,,slider,1,0,0.00,0.00,0.00,ACTIVE,NONE,9160,0,R,R,0.00,PRESSED,FAULT
2026-05-18 22:02:51.515,366.8030,,slider,1,0,0.00,0.00,0.00,ACTIVE,NONE,9170,0,R,R,0.00,PRESSED,FAULT
2026-05-18 22:02:51.915,367.2029,,slider,1,0,0.00,0.00,0.00,ACTIVE,NONE,9180,0,R,R,0.00,PRESSED,FAULT
2026-05-18 22:02:52.314,367.6024,,slider,1,0,0.00,0.00,0.00,ACTIVE,NONE,9190,0,R,R,0.00,PRESSED,FAULT
2026-05-18 22:02:52.716,368.0039,,slider,1,0,0.00,0.00,0.00,ACTIVE,NONE,9200,0,R,R,0.00,PRESSED,FAULT
2026-05-18 22:02:53.114,368.4027,,slider,1,0,0.00,0.00,0.00,ACTIVE,NONE,9210,0,R,R,0.00,PRESSED,FAULT
2026-05-18 22:02:53.514,368.8025,,slider,1,0,0.00,0.00,0.00,ACTIVE,NONE,9220,0,R,P,0.00,PRESSED,FAULT
2026-05-18 22:02:53.686,368.9747,gear_change:P,slider,1,0,0.00,0.00,0.00,ACTIVE,NONE,9224,0,P,P,0.00,PRESSED,FAULT
2026-05-18 22:02:53.738,369.0261,shift_requested:P,slider,1,0,0.00,0.00,0.00,ACTIVE,NONE,9225,0,P,P,0.00,PRESSED,FAULT
2026-05-18 22:02:53.914,369.2020,,slider,1,0,0.00,0.00,0.00,ACTIVE,NONE,9230,0,P,P,0.00,PRESSED,FAULT
2026-05-18 22:02:54.314,369.6022,,slider,1,0,0.00,0.00,0.00,ACTIVE,NONE,9240,0,P,P,0.00,PRESSED,FAULT
2026-05-18 22:02:54.714,370.0022,,slider,1,0,0.00,0.00,0.00,ACTIVE,NONE,9250,0,P,P,0.00,PRESSED,FAULT
2026-05-18 22:02:55.115,370.4029,,slider,1,0,0.00,0.00,0.00,ACTIVE,NONE,9260,0,P,P,0.00,PRESSED,FAULT
2026-05-18 22:02:55.514,370.8026,,slider,1,0,0.00,0.00,0.00,ACTIVE,NONE,9270,0,P,P,0.00,PRESSED,FAULT
2026-05-18 22:02:55.915,371.2029,,slider,1,0,0.00,0.00,0.00,ACTIVE,NONE,9280,0,P,P,0.00,PRESSED,FAULT
2026-05-18 22:02:56.313,371.6012,,slider,1,0,0.00,0.00,0.00,ACTIVE,NONE,9290,0,P,P,0.00,PRESSED,FAULT
2026-05-18 22:02:56.712,372.0006,,slider,1,0,0.00,0.00,0.00,ACTIVE,NONE,9300,0,P,P,0.00,PRESSED,FAULT
2026-05-18 22:02:57.113,372.4017,,slider,1,0,0.00,0.00,0.00,ACTIVE,NONE,9310,0,P,P,0.00,PRESSED,FAULT
2026-05-18 22:02:57.516,372.8042,,slider,1,0,0.00,0.00,0.00,ACTIVE,NONE,9320,0,P,P,0.00,PRESSED,FAULT
2026-05-18 22:02:57.914,373.2021,,slider,1,0,0.00,0.00,0.00,ACTIVE,NONE,9330,0,P,P,0.00,PRESSED,FAULT
2026-05-18 22:02:58.314,373.6019,,slider,1,0,0.00,0.00,0.00,ACTIVE,NONE,9340,0,P,P,0.00,PRESSED,FAULT
2026-05-18 22:02:58.714,374.0020,,slider,1,0,0.00,0.00,0.00,ACTIVE,NONE,9350,0,P,P,0.00,PRESSED,FAULT
2026-05-18 22:02:59.113,374.4009,,slider,1,0,0.00,0.00,0.00,ACTIVE,NONE,9360,0,P,P,0.00,PRESSED,FAULT
2026-05-18 22:02:59.514,374.8020,,slider,1,0,0.00,0.00,0.00,ACTIVE,NONE,9370,0,P,P,0.00,PRESSED,FAULT
2026-05-18 22:02:59.914,375.2020,,slider,1,0,0.00,0.00,0.00,ACTIVE,NONE,9380,0,P,P,0.00,PRESSED,FAULT
2026-05-18 22:03:00.314,375.6020,,slider,1,0,0.00,0.00,0.00,ACTIVE,NONE,9390,0,P,P,0.00,PRESSED,FAULT
2026-05-18 22:03:00.713,376.0014,,slider,1,0,0.00,0.00,0.00,ACTIVE,NONE,9400,0,P,P,0.00,PRESSED,FAULT
2026-05-18 22:03:01.114,376.4020,,slider,1,0,0.00,0.00,0.00,ACTIVE,NONE,9410,0,P,P,0.00,PRESSED,FAULT
2026-05-18 22:03:01.513,376.8011,,slider,1,0,0.00,0.00,0.00,ACTIVE,NONE,9420,0,P,P,0.00,PRESSED,FAULT
2026-05-18 22:03:01.914,377.2024,,slider,1,0,0.00,0.00,0.00,ACTIVE,NONE,9430,0,P,P,0.00,PRESSED,FAULT
2026-05-18 22:03:02.314,377.6019,,slider,1,0,0.00,0.00,0.00,ACTIVE,NONE,9440,0,P,P,0.00,PRESSED,FAULT
2026-05-18 22:03:02.713,378.0014,,slider,1,0,0.00,0.00,0.00,ACTIVE,NONE,9450,0,P,P,0.00,PRESSED,FAULT
2026-05-18 22:03:03.115,378.4035,,slider,1,0,0.00,0.00,0.00,ACTIVE,NONE,9460,0,P,P,0.00,PRESSED,FAULT
2026-05-18 22:03:03.514,378.8020,,slider,1,0,0.00,0.00,0.00,ACTIVE,NONE,9470,0,P,P,0.00,PRESSED,FAULT
2026-05-18 22:03:03.913,379.2015,,slider,1,0,0.00,0.00,0.00,ACTIVE,NONE,9480,0,P,P,0.00,PRESSED,FAULT
2026-05-18 22:03:04.313,379.6012,,slider,1,0,0.00,0.00,0.00,ACTIVE,NONE,9490,0,P,P,0.00,PRESSED,FAULT
2026-05-18 22:03:04.714,380.0024,,slider,1,0,0.00,0.00,0.00,ACTIVE,NONE,9500,0,P,P,0.00,PRESSED,FAULT
2026-05-18 22:03:05.114,380.4024,,slider,1,0,0.00,0.00,0.00,ACTIVE,NONE,9510,0,P,P,0.00,PRESSED,FAULT
2026-05-18 22:03:05.513,380.8014,,slider,1,0,0.00,0.00,0.00,ACTIVE,NONE,9520,0,P,P,0.00,PRESSED,FAULT
2026-05-18 22:03:05.916,381.2042,,slider,1,0,0.00,0.00,0.00,ACTIVE,NONE,9530,0,P,P,0.00,PRESSED,FAULT
2026-05-18 22:03:06.316,381.6042,,slider,1,0,0.00,0.00,0.00,ACTIVE,NONE,9540,0,P,P,0.00,PRESSED,FAULT
2026-05-18 22:03:06.716,382.0041,,slider,1,0,0.00,0.00,0.00,ACTIVE,NONE,9550,0,P,P,0.00,PRESSED,FAULT
2026-05-18 22:03:07.114,382.4025,,slider,1,0,0.00,0.00,0.00,ACTIVE,NONE,9560,0,P,P,0.00,PRESSED,FAULT
2026-05-18 22:03:07.514,382.8019,,slider,1,0,0.00,0.00,0.00,ACTIVE,NONE,9570,0,P,P,0.00,PRESSED,FAULT
2026-05-18 22:03:07.917,383.2052,,slider,1,0,0.00,0.00,0.00,ACTIVE,NONE,9580,0,P,P,0.00,PRESSED,FAULT
2026-05-18 22:03:08.313,383.6017,,slider,1,0,0.00,0.00,0.00,ACTIVE,NONE,9590,0,P,P,0.00,PRESSED,FAULT
2026-05-18 22:03:08.714,384.0019,,slider,1,0,0.00,0.00,0.00,ACTIVE,NONE,9600,0,P,P,0.00,PRESSED,FAULT
2026-05-18 22:03:09.115,384.4028,,slider,1,0,0.00,0.00,0.00,ACTIVE,NONE,9610,0,P,P,0.00,PRESSED,FAULT
2026-05-18 22:03:09.514,384.8025,,slider,1,0,0.00,0.00,0.00,ACTIVE,NONE,9620,0,P,P,0.00,PRESSED,FAULT
2026-05-18 22:03:09.915,385.2029,,slider,1,0,0.00,0.00,0.00,ACTIVE,NONE,9630,0,P,P,0.00,PRESSED,FAULT
2026-05-18 22:03:10.314,385.6025,,slider,1,0,0.00,0.00,0.00,ACTIVE,NONE,9640,0,P,P,0.00,PRESSED,FAULT
2026-05-18 22:03:10.715,386.0032,,slider,1,0,0.00,0.00,0.00,ACTIVE,NONE,9650,0,P,P,0.00,PRESSED,FAULT
2026-05-18 22:03:11.114,386.4020,,slider,1,0,0.00,0.00,0.00,ACTIVE,NONE,9660,0,P,P,0.00,PRESSED,FAULT
2026-05-18 22:03:11.514,386.8021,,slider,1,0,0.00,0.00,0.00,ACTIVE,NONE,9670,0,P,P,0.00,PRESSED,FAULT
2026-05-18 22:03:11.915,387.2038,,slider,1,0,0.00,0.00,0.00,ACTIVE,NONE,9680,0,P,P,0.00,PRESSED,FAULT
2026-05-18 22:03:12.316,387.6045,,slider,1,0,0.00,0.00,0.00,ACTIVE,NONE,9690,0,P,P,0.00,PRESSED,FAULT
2026-05-18 22:03:12.715,388.0037,,slider,1,0,0.00,0.00,0.00,ACTIVE,NONE,9700,0,P,P,0.00,PRESSED,FAULT
2026-05-18 22:03:13.115,388.4033,,slider,1,0,0.00,0.00,0.00,ACTIVE,NONE,9710,0,P,P,0.00,PRESSED,FAULT
2026-05-18 22:03:13.514,388.8021,,slider,1,0,0.00,0.00,0.00,ACTIVE,NONE,9720,0,P,P,0.00,PRESSED,FAULT
2026-05-18 22:03:13.919,389.2068,,slider,1,0,0.00,0.00,0.00,ACTIVE,NONE,9730,0,P,P,0.00,released,RELEASED
2026-05-18 22:03:14.319,389.6076,,slider,1,0,0.00,0.00,0.00,ACTIVE,NONE,9740,0,P,P,0.00,released,RELEASED
2026-05-18 22:03:14.719,390.0068,,slider,1,0,0.00,0.00,0.00,ACTIVE,NONE,9750,0,P,P,0.00,released,RELEASED
2026-05-18 22:03:15.120,390.4083,,slider,1,0,0.00,0.00,0.00,ACTIVE,NONE,9760,0,P,P,0.00,released,RELEASED
2026-05-18 22:03:15.519,390.8077,,slider,1,0,0.00,0.00,0.00,ACTIVE,NONE,9770,0,P,P,0.00,released,RELEASED
2026-05-18 22:03:15.921,391.2097,,slider,1,0,0.00,0.00,0.00,ACTIVE,NONE,9780,0,P,P,0.00,released,RELEASED
2026-05-18 22:03:16.321,391.6090,,slider,1,0,0.00,0.00,0.00,ACTIVE,NONE,9790,0,P,P,0.00,released,RELEASED
2026-05-18 22:03:16.719,392.0071,,slider,1,0,0.00,0.00,0.00,ACTIVE,NONE,9800,0,P,P,0.00,released,RELEASED
2026-05-18 22:03:17.120,392.4078,,slider,1,0,0.00,0.00,0.00,ACTIVE,NONE,9810,0,P,P,0.00,released,RELEASED
2026-05-18 22:03:17.520,392.8087,,slider,1,0,0.00,0.00,0.00,ACTIVE,NONE,9820,0,P,P,0.00,released,RELEASED
2026-05-18 22:03:17.921,393.2089,,slider,1,0,0.00,0.00,0.00,ACTIVE,NONE,9830,0,P,P,0.00,released,RELEASED
2026-05-18 22:03:18.320,393.6078,,slider,1,0,0.00,0.00,0.00,ACTIVE,NONE,9840,0,P,P,0.00,released,RELEASED
2026-05-18 22:03:18.721,394.0095,,slider,1,0,0.00,0.00,0.00,ACTIVE,NONE,9850,0,P,P,0.00,released,RELEASED
2026-05-18 22:03:19.120,394.4083,,slider,1,0,0.00,0.00,0.00,ACTIVE,NONE,9860,0,P,P,0.00,released,RELEASED
2026-05-18 22:03:19.520,394.8085,,slider,1,0,0.00,0.00,0.00,ACTIVE,NONE,9870,0,P,P,0.00,released,RELEASED
2026-05-18 22:03:19.920,395.2086,,slider,1,0,0.00,0.00,0.00,ACTIVE,NONE,9880,0,P,P,0.00,released,RELEASED
2026-05-18 22:03:20.320,395.6081,,slider,1,0,0.00,0.00,0.00,ACTIVE,NONE,9890,0,P,P,0.00,released,RELEASED
2026-05-18 22:03:20.722,396.0099,,slider,1,0,0.00,0.00,0.00,ACTIVE,NONE,9900,0,P,P,0.00,released,RELEASED
2026-05-18 22:03:21.120,396.4082,,slider,1,0,0.00,0.00,0.00,ACTIVE,NONE,9910,0,P,P,0.00,released,RELEASED
2026-05-18 22:03:21.520,396.8081,,slider,1,0,0.00,0.00,0.00,ACTIVE,NONE,9920,0,P,P,0.00,released,RELEASED
2026-05-18 22:03:21.923,397.2108,,slider,1,0,0.00,0.00,0.00,ACTIVE,NONE,9930,0,P,P,0.00,released,RELEASED
2026-05-18 22:03:22.322,397.6098,,slider,1,0,0.00,0.00,0.00,ACTIVE,NONE,9940,0,P,P,0.00,released,RELEASED
2026-05-18 22:03:22.721,398.0090,,slider,1,0,0.00,0.00,0.00,ACTIVE,NONE,9950,0,P,P,0.00,released,RELEASED
2026-05-18 22:03:23.122,398.4105,,slider,1,0,0.00,0.00,0.00,ACTIVE,NONE,9960,0,P,P,0.00,released,RELEASED
2026-05-18 22:03:23.521,398.8093,,slider,1,0,0.00,0.00,0.00,ACTIVE,NONE,9970,0,P,P,0.00,released,RELEASED
2026-05-18 22:03:23.920,399.2080,,slider,1,0,0.00,0.00,0.00,ACTIVE,NONE,9980,0,P,P,0.00,released,RELEASED
2026-05-18 22:03:24.323,399.6112,,slider,1,0,0.00,0.00,0.00,ACTIVE,NONE,9990,0,P,P,0.00,released,RELEASED
2026-05-18 22:03:24.721,400.0093,,slider,1,0,0.00,0.00,0.00,ACTIVE,NONE,10000,0,P,P,0.00,released,RELEASED
2026-05-18 22:03:25.125,400.4131,,slider,1,0,0.00,0.00,0.00,ACTIVE,NONE,10010,0,P,P,0.00,released,RELEASED
2026-05-18 22:03:25.525,400.8137,,slider,1,0,0.00,0.00,0.00,ACTIVE,NONE,10020,0,P,P,0.00,released,RELEASED
2026-05-18 22:03:25.926,401.2137,,slider,1,0,0.00,0.00,0.00,ACTIVE,NONE,10030,0,P,P,0.00,released,RELEASED
2026-05-18 22:03:26.326,401.6141,,slider,1,0,0.00,0.00,0.00,ACTIVE,NONE,10040,0,P,P,0.00,released,RELEASED
2026-05-18 22:03:26.726,402.0138,,slider,1,0,0.00,0.00,0.00,ACTIVE,NONE,10050,0,P,P,0.00,released,RELEASED
2026-05-18 22:03:27.126,402.4138,,slider,1,0,0.00,0.00,0.00,ACTIVE,NONE,10060,0,P,P,0.00,released,RELEASED
2026-05-18 22:03:27.525,402.8130,,slider,1,0,0.00,0.00,0.00,ACTIVE,NONE,10070,0,P,P,0.00,released,RELEASED
2026-05-18 22:03:27.925,403.2135,,slider,1,0,0.00,0.00,0.00,ACTIVE,NONE,10080,0,P,P,0.00,released,RELEASED
2026-05-18 22:03:28.326,403.6142,,slider,1,0,0.00,0.00,0.00,ACTIVE,NONE,10090,0,P,P,0.00,released,RELEASED
2026-05-18 22:03:28.726,404.0142,,slider,1,0,0.00,0.00,0.00,ACTIVE,NONE,10100,0,P,P,0.00,released,RELEASED
2026-05-18 22:03:29.126,404.4142,,slider,1,0,0.00,0.00,0.00,ACTIVE,NONE,10110,0,P,P,0.00,released,RELEASED
2026-05-18 22:03:29.516,404.8046,,slider,1,0,0.00,0.00,0.00,ACTIVE,NONE,10120,0,P,P,0.00,released,RELEASED
2026-05-18 22:03:29.917,405.2049,,slider,1,0,0.00,0.00,0.00,ACTIVE,NONE,10130,0,P,P,0.00,released,RELEASED
2026-05-18 22:03:30.316,405.6040,,slider,1,0,0.00,0.00,0.00,ACTIVE,NONE,10140,0,P,P,0.00,released,RELEASED
2026-05-18 22:03:30.717,406.0048,,slider,1,0,0.00,0.00,0.00,ACTIVE,NONE,10150,0,P,P,0.00,released,RELEASED
2026-05-18 22:03:31.117,406.4047,,slider,1,0,0.00,0.00,0.00,ACTIVE,NONE,10160,0,P,P,0.00,released,RELEASED
2026-05-18 22:03:31.517,406.8054,,slider,1,0,0.00,0.00,0.00,ACTIVE,NONE,10170,0,P,P,0.00,released,RELEASED
2026-05-18 22:03:31.917,407.2051,,slider,1,0,0.00,0.00,0.00,ACTIVE,NONE,10180,0,P,P,0.00,released,RELEASED
2026-05-18 22:03:32.317,407.6050,,slider,1,0,0.00,0.00,0.00,ACTIVE,NONE,10190,0,P,P,0.00,released,RELEASED
2026-05-18 22:03:32.717,408.0055,,slider,1,0,0.00,0.00,0.00,ACTIVE,NONE,10200,0,P,P,0.00,released,RELEASED
2026-05-18 22:03:33.117,408.4052,,slider,1,0,0.00,0.00,0.00,ACTIVE,NONE,10210,0,P,P,0.00,released,RELEASED
2026-05-18 22:03:33.518,408.8063,,slider,1,0,0.00,0.00,0.00,ACTIVE,NONE,10220,0,P,P,0.00,released,RELEASED
2026-05-18 22:03:33.917,409.2054,,slider,1,0,0.00,0.00,0.00,ACTIVE,NONE,10230,0,P,P,0.00,released,RELEASED
2026-05-18 22:03:34.318,409.6061,,slider,1,0,0.00,0.00,0.00,ACTIVE,NONE,10240,0,P,P,0.00,released,RELEASED
2026-05-18 22:03:34.718,410.0058,,slider,1,0,0.00,0.00,0.00,ACTIVE,NONE,10250,0,P,P,0.00,released,RELEASED
2026-05-18 22:03:35.116,410.4045,,slider,1,0,0.00,0.00,0.00,ACTIVE,NONE,10260,0,P,P,0.00,released,RELEASED
2026-05-18 22:03:35.518,410.8058,,slider,1,0,0.00,0.00,0.00,ACTIVE,NONE,10270,0,P,P,0.00,released,RELEASED
2026-05-18 22:03:35.917,411.2056,,slider,1,0,0.00,0.00,0.00,ACTIVE,NONE,10280,0,P,P,0.00,released,RELEASED
2026-05-18 22:03:36.318,411.6059,,slider,1,0,0.00,0.00,0.00,ACTIVE,NONE,10290,0,P,P,0.00,released,RELEASED
2026-05-18 22:03:36.717,412.0053,,slider,1,0,0.00,0.00,0.00,ACTIVE,NONE,10300,0,P,P,0.00,released,RELEASED
2026-05-18 22:03:37.118,412.4065,,slider,1,0,0.00,-0.29,0.00,ACTIVE,NONE,10310,0,P,P,0.00,released,RELEASED
2026-05-18 22:03:37.517,412.8047,,slider,1,0,0.00,-0.01,0.00,ACTIVE,NONE,10320,0,P,P,0.00,released,RELEASED
2026-05-18 22:03:37.918,413.2066,,slider,1,0,0.00,-0.00,0.00,ACTIVE,NONE,10330,0,P,P,0.00,released,RELEASED
2026-05-18 22:03:38.319,413.6070,,slider,1,0,0.00,-0.00,0.00,ACTIVE,NONE,10340,0,P,P,0.00,released,RELEASED
2026-05-18 22:03:38.717,414.0049,,slider,1,0,0.00,-0.00,-0.10,ACTIVE,NONE,10350,0,P,P,0.00,released,RELEASED
2026-05-18 22:03:39.117,414.4052,,slider,1,0,0.00,-0.00,-0.10,ACTIVE,NONE,10360,0,P,P,0.00,released,RELEASED
2026-05-18 22:03:39.517,414.8054,,slider,1,0,0.00,-0.00,-0.10,ACTIVE,NONE,10370,0,P,P,0.00,released,RELEASED
2026-05-18 22:03:39.918,415.2065,,slider,1,0,0.00,-0.00,-0.10,ACTIVE,NONE,10380,0,P,P,0.00,released,RELEASED
2026-05-18 22:03:40.317,415.6054,,slider,1,0,0.00,-0.00,-0.10,ACTIVE,NONE,10390,0,P,P,0.00,released,RELEASED
2026-05-18 22:03:40.719,416.0070,,slider,1,0,0.00,-0.00,-0.10,ACTIVE,NONE,10400,0,P,P,0.00,released,RELEASED
2026-05-18 22:03:41.118,416.4063,,slider,1,0,0.00,-0.00,-0.10,ACTIVE,NONE,10410,0,P,P,0.00,released,RELEASED
2026-05-18 22:03:41.518,416.8066,,slider,1,0,0.00,-0.00,-0.10,ACTIVE,NONE,10420,0,P,P,0.00,released,RELEASED
2026-05-18 22:03:41.918,417.2059,,slider,1,0,0.00,-0.00,-0.10,ACTIVE,NONE,10430,0,P,P,0.00,released,RELEASED
2026-05-18 22:03:42.318,417.6065,,slider,1,0,0.00,-0.00,-0.20,ACTIVE,NONE,10440,0,P,P,0.00,released,RELEASED
2026-05-18 22:03:42.718,418.0063,,slider,1,0,0.00,-0.00,-0.20,ACTIVE,NONE,10450,0,P,P,0.00,released,RELEASED
2026-05-18 22:03:43.118,418.4066,,slider,1,0,0.00,-0.00,-0.10,ACTIVE,NONE,10460,0,P,P,0.00,released,RELEASED
2026-05-18 22:03:43.519,418.8074,,slider,1,0,0.00,-0.00,0.00,ACTIVE,NONE,10470,0,P,P,0.00,released,RELEASED
2026-05-18 22:03:43.919,419.2071,,slider,1,0,0.00,-0.00,0.00,ACTIVE,NONE,10480,0,P,P,0.00,released,RELEASED
2026-05-18 22:03:44.319,419.6067,,slider,1,0,0.00,-0.00,0.00,ACTIVE,NONE,10490,0,P,P,0.00,released,RELEASED
2026-05-18 22:03:44.717,420.0055,,slider,1,0,0.00,-0.00,0.00,ACTIVE,NONE,10500,0,P,P,0.00,released,RELEASED
2026-05-18 22:03:45.118,420.4065,,slider,1,0,0.00,-0.00,0.10,ACTIVE,NONE,10510,0,P,P,0.00,released,RELEASED
2026-05-18 22:03:45.518,420.8064,,slider,1,0,0.00,-0.00,0.10,ACTIVE,NONE,10520,0,P,P,0.00,released,RELEASED
2026-05-18 22:03:45.919,421.2067,,slider,1,0,0.00,-0.00,0.00,ACTIVE,NONE,10530,0,P,P,0.00,released,RELEASED
2026-05-18 22:03:46.319,421.6072,,slider,1,0,0.00,-0.00,0.00,ACTIVE,NONE,10540,0,P,P,0.00,released,RELEASED
2026-05-18 22:03:46.719,422.0074,,slider,1,0,0.00,-0.00,0.00,ACTIVE,NONE,10550,0,P,P,0.00,released,RELEASED
2026-05-18 22:03:47.119,422.4072,,slider,1,0,0.00,-0.00,0.00,ACTIVE,NONE,10560,0,P,P,0.00,released,RELEASED
2026-05-18 22:03:47.519,422.8068,,slider,1,0,0.00,-0.00,0.00,ACTIVE,NONE,10570,0,P,P,0.00,released,RELEASED
2026-05-18 22:03:47.919,423.2072,,slider,1,0,0.00,-0.00,0.00,ACTIVE,NONE,10580,0,P,P,0.00,released,RELEASED
2026-05-18 22:03:48.318,423.6065,,slider,1,0,0.00,-0.00,0.00,ACTIVE,NONE,10590,0,P,P,0.00,released,RELEASED
2026-05-18 22:03:48.718,424.0065,,slider,1,0,0.00,-0.00,0.00,ACTIVE,NONE,10600,0,P,P,0.00,released,RELEASED
2026-05-18 22:03:49.120,424.4079,,slider,1,0,0.00,-0.00,0.00,ACTIVE,NONE,10610,0,P,P,0.00,released,RELEASED
2026-05-18 22:03:49.519,424.8074,,slider,1,0,0.00,-0.00,0.00,ACTIVE,NONE,10620,0,P,P,0.00,released,RELEASED
2026-05-18 22:03:49.918,425.2062,,slider,1,0,0.00,-0.00,0.00,ACTIVE,NONE,10630,0,P,P,0.00,released,RELEASED
2026-05-18 22:03:50.319,425.6076,,slider,1,0,0.00,-0.00,0.00,ACTIVE,NONE,10640,0,P,P,0.00,released,RELEASED
2026-05-18 22:03:50.719,426.0070,,slider,1,0,0.00,-0.00,0.00,ACTIVE,NONE,10650,0,P,P,0.00,released,RELEASED
2026-05-18 22:03:51.120,426.4076,,slider,1,0,0.00,-0.00,0.00,ACTIVE,NONE,10660,0,P,P,0.00,released,RELEASED
2026-05-18 22:03:51.519,426.8075,,slider,1,0,0.00,-0.00,0.00,ACTIVE,NONE,10670,0,P,P,0.00,released,RELEASED
2026-05-18 22:03:51.920,427.2079,,slider,1,0,0.00,-0.00,0.00,ACTIVE,NONE,10680,0,P,P,0.00,released,RELEASED
2026-05-18 22:03:52.319,427.6073,,slider,1,0,0.00,-0.00,0.00,ACTIVE,NONE,10690,0,P,P,0.00,released,RELEASED
2026-05-18 22:03:52.719,428.0072,,slider,1,0,0.00,-0.60,0.00,ACTIVE,NONE,10700,0,P,P,0.00,released,RELEASED
2026-05-18 22:03:53.119,428.4070,,slider,1,0,0.00,-0.03,-0.10,ACTIVE,NONE,10710,0,P,P,0.00,released,RELEASED
2026-05-18 22:03:53.521,428.8095,,slider,1,0,0.00,-0.00,-0.10,ACTIVE,NONE,10720,0,P,P,0.00,released,RELEASED
2026-05-18 22:03:53.920,429.2077,,slider,1,0,0.00,-0.00,-0.10,ACTIVE,NONE,10730,0,P,P,0.00,released,RELEASED
2026-05-18 22:03:54.320,429.6080,,slider,1,0,0.00,-0.00,-0.10,ACTIVE,NONE,10740,0,P,P,0.00,released,RELEASED
2026-05-18 22:03:54.720,430.0077,,slider,1,0,0.00,-0.00,-0.10,ACTIVE,NONE,10750,0,P,P,0.00,released,RELEASED
2026-05-18 22:03:55.120,430.4077,,slider,1,0,0.00,-0.00,-0.10,ACTIVE,NONE,10760,0,P,P,0.00,released,RELEASED
2026-05-18 22:03:55.529,430.8169,,slider,1,0,0.00,-0.00,-0.10,ACTIVE,NONE,10770,0,P,P,0.00,released,RELEASED
2026-05-18 22:03:55.929,431.2169,,slider,1,0,0.00,-0.00,0.00,ACTIVE,NONE,10780,0,P,P,0.00,released,RELEASED
2026-05-18 22:03:56.328,431.6166,,slider,1,0,0.00,-0.00,0.00,ACTIVE,NONE,10790,0,P,P,0.00,released,RELEASED
2026-05-18 22:03:56.729,432.0170,,slider,1,0,0.00,-0.00,0.10,ACTIVE,NONE,10800,0,P,P,0.00,released,RELEASED
2026-05-18 22:03:57.129,432.4166,,slider,1,0,0.00,-0.00,0.00,ACTIVE,NONE,10810,0,P,P,0.00,released,RELEASED
2026-05-18 22:03:57.529,432.8172,,slider,1,0,0.00,-0.00,-0.10,ACTIVE,NONE,10820,0,P,P,0.00,released,RELEASED
2026-05-18 22:03:57.929,433.2172,,slider,1,0,0.00,-0.00,-0.10,ACTIVE,NONE,10830,0,P,P,0.00,released,RELEASED
2026-05-18 22:03:58.329,433.6170,,slider,1,0,0.00,-0.00,-0.10,ACTIVE,NONE,10840,0,P,P,0.00,released,RELEASED
2026-05-18 22:03:58.729,434.0169,,slider,1,0,0.00,-0.00,-0.10,ACTIVE,NONE,10850,0,P,P,0.00,released,RELEASED
2026-05-18 22:03:59.129,434.4174,,slider,1,0,0.00,-0.00,-0.10,ACTIVE,NONE,10860,0,P,P,0.00,released,RELEASED
2026-05-18 22:03:59.529,434.8171,,slider,1,0,0.00,-0.00,-0.10,ACTIVE,NONE,10870,0,P,P,0.00,released,RELEASED
2026-05-18 22:03:59.929,435.2172,,slider,1,0,0.00,-0.00,0.00,ACTIVE,NONE,10880,0,P,P,0.00,released,RELEASED
2026-05-18 22:04:00.329,435.6172,,slider,1,0,0.00,-0.00,0.00,ACTIVE,NONE,10890,0,P,P,0.00,released,RELEASED
2026-05-18 22:04:00.730,436.0184,,slider,1,0,0.00,-0.00,0.00,ACTIVE,NONE,10900,0,P,P,0.00,released,RELEASED
2026-05-18 22:04:01.129,436.4176,,slider,1,0,0.00,-0.00,0.00,ACTIVE,NONE,10910,0,P,P,0.00,released,RELEASED
2026-05-18 22:04:01.529,436.8174,,slider,1,0,0.00,-0.00,0.00,ACTIVE,NONE,10920,0,P,P,0.00,released,RELEASED
2026-05-18 22:04:01.920,437.2078,,slider,1,0,0.00,-0.00,0.00,ACTIVE,NONE,10930,0,P,P,0.00,released,RELEASED
2026-05-18 22:04:02.320,437.6083,,slider,1,0,0.00,-0.00,0.00,ACTIVE,NONE,10940,0,P,P,0.00,released,RELEASED
2026-05-18 22:04:02.721,438.0088,,slider,1,0,0.00,-0.00,0.00,ACTIVE,NONE,10950,0,P,P,0.00,released,RELEASED
2026-05-18 22:04:03.121,438.4087,,slider,1,0,0.00,-0.00,0.00,ACTIVE,NONE,10960,0,P,P,0.00,released,RELEASED
2026-05-18 22:04:03.520,438.8084,,slider,1,0,0.00,-0.00,0.00,ACTIVE,NONE,10970,0,P,P,0.00,released,RELEASED
2026-05-18 22:04:03.922,439.2096,,slider,1,0,0.00,-0.00,0.00,ACTIVE,NONE,10980,0,P,P,0.00,released,RELEASED
2026-05-18 22:04:04.321,439.6086,,slider,1,0,0.00,-0.00,0.00,ACTIVE,NONE,10990,0,P,P,0.00,released,RELEASED
2026-05-18 22:04:04.722,440.0103,,slider,1,0,0.00,-0.00,0.00,ACTIVE,NONE,11000,0,P,P,0.00,released,RELEASED
2026-05-18 22:04:05.121,440.4088,,slider,1,0,0.00,-0.00,0.00,ACTIVE,NONE,11010,0,P,P,0.00,released,RELEASED
2026-05-18 22:04:05.521,440.8091,,slider,1,0,0.00,-0.00,0.00,ACTIVE,NONE,11020,0,P,P,0.00,released,RELEASED
2026-05-18 22:04:05.922,441.2100,,slider,1,0,0.00,-0.00,0.00,ACTIVE,NONE,11030,0,P,P,0.00,released,RELEASED
2026-05-18 22:04:06.321,441.6087,,slider,1,0,0.00,-0.00,0.00,ACTIVE,NONE,11040,0,P,P,0.00,released,RELEASED
2026-05-18 22:04:06.722,442.0102,,slider,1,0,0.00,-0.00,0.00,ACTIVE,NONE,11050,0,P,P,0.00,released,RELEASED
2026-05-18 22:04:07.121,442.4089,,slider,1,0,0.00,-0.00,0.00,ACTIVE,NONE,11060,0,P,P,0.00,released,RELEASED
2026-05-18 22:04:07.520,442.8084,,slider,1,0,0.00,-0.00,0.00,ACTIVE,NONE,11070,0,P,P,0.00,released,RELEASED
2026-05-18 22:04:07.921,443.2090,,slider,1,0,0.00,-0.00,0.00,ACTIVE,NONE,11080,0,P,P,0.00,released,RELEASED
2026-05-18 22:04:08.320,443.6084,,slider,1,0,0.00,-0.00,0.00,ACTIVE,NONE,11090,0,P,P,0.00,released,RELEASED
2026-05-18 22:04:08.721,444.0093,,slider,1,0,0.00,-0.00,0.00,ACTIVE,NONE,11100,0,P,P,0.00,released,RELEASED
2026-05-18 22:04:09.121,444.4090,,slider,1,0,0.00,-0.00,0.00,ACTIVE,NONE,11110,0,P,P,0.00,released,RELEASED
2026-05-18 22:04:09.521,444.8087,,slider,1,0,0.00,-0.00,0.00,ACTIVE,NONE,11120,0,P,P,0.00,released,RELEASED
2026-05-18 22:04:09.922,445.2097,,slider,1,0,0.00,-0.00,0.00,ACTIVE,NONE,11130,0,P,P,0.00,released,RELEASED
2026-05-18 22:04:10.322,445.6103,,slider,1,0,0.00,-0.00,0.00,ACTIVE,NONE,11140,0,P,P,0.00,released,RELEASED
2026-05-18 22:04:10.721,446.0091,,slider,1,0,0.00,-0.00,0.00,ACTIVE,NONE,11150,0,P,P,0.00,released,RELEASED
2026-05-18 22:04:11.123,446.4106,,slider,1,0,0.00,-0.00,0.00,ACTIVE,NONE,11160,0,P,P,0.00,released,RELEASED
2026-05-18 22:04:11.521,446.8089,,slider,1,0,0.00,-0.00,0.00,ACTIVE,NONE,11170,0,P,P,0.00,released,RELEASED
2026-05-18 22:04:11.921,447.2086,,slider,1,0,0.00,-0.00,0.00,ACTIVE,NONE,11180,0,P,P,0.00,released,RELEASED
2026-05-18 22:04:12.321,447.6087,,slider,1,0,0.00,-0.00,0.00,ACTIVE,NONE,11190,0,P,P,0.00,released,RELEASED
2026-05-18 22:04:12.721,448.0088,,slider,1,0,0.00,-0.00,0.00,ACTIVE,NONE,11200,0,P,P,0.00,released,RELEASED
2026-05-18 22:04:13.123,448.4105,,slider,1,0,0.00,-0.00,0.00,ACTIVE,NONE,11210,0,P,P,0.00,released,RELEASED
2026-05-18 22:04:13.523,448.8107,,slider,1,0,0.00,-0.00,0.00,ACTIVE,NONE,11220,0,P,P,0.00,released,RELEASED
2026-05-18 22:04:13.922,449.2096,,slider,1,0,0.00,-0.00,0.00,ACTIVE,NONE,11230,0,P,P,0.00,released,RELEASED
2026-05-18 22:04:14.321,449.6093,,slider,1,0,0.00,-0.00,0.00,ACTIVE,NONE,11240,0,P,P,0.00,released,RELEASED
2026-05-18 22:04:14.722,450.0105,,slider,1,0,0.00,-0.00,0.00,ACTIVE,NONE,11250,0,P,P,0.00,released,RELEASED
2026-05-18 22:04:15.121,450.4092,,slider,1,0,0.00,-0.00,0.00,ACTIVE,NONE,11260,0,P,P,0.00,released,RELEASED
2026-05-18 22:04:15.524,450.8116,,slider,1,0,0.00,-0.00,0.00,ACTIVE,NONE,11270,0,P,P,0.00,released,RELEASED
2026-05-18 22:04:15.923,451.2114,,slider,1,0,0.00,-0.00,0.00,ACTIVE,NONE,11280,0,P,P,0.00,released,RELEASED
2026-05-18 22:04:16.322,451.6104,,slider,1,0,0.00,-0.00,0.00,ACTIVE,NONE,11290,0,P,P,0.00,released,RELEASED
2026-05-18 22:04:16.723,452.0105,,slider,1,0,0.00,-0.00,0.00,ACTIVE,NONE,11300,0,P,P,0.00,released,RELEASED
2026-05-18 22:04:17.123,452.4109,,slider,1,0,0.00,-0.00,0.00,ACTIVE,NONE,11310,0,P,P,0.00,released,RELEASED
2026-05-18 22:04:17.522,452.8100,,slider,1,0,0.00,-0.00,0.00,ACTIVE,NONE,11320,0,P,P,0.00,released,RELEASED
2026-05-18 22:04:17.923,453.2114,,slider,1,0,0.00,-0.00,0.00,ACTIVE,NONE,11330,0,P,P,0.00,released,RELEASED
2026-05-18 22:04:18.322,453.6099,,slider,1,0,0.00,-0.00,0.00,ACTIVE,NONE,11340,0,P,P,0.00,released,RELEASED
2026-05-18 22:04:18.722,454.0104,,slider,1,0,0.00,-0.00,0.00,ACTIVE,NONE,11350,0,P,P,0.00,released,RELEASED
2026-05-18 22:04:19.123,454.4105,,slider,1,0,0.00,-0.00,0.00,ACTIVE,NONE,11360,0,P,P,0.00,released,RELEASED
2026-05-18 22:04:19.523,454.8108,,slider,1,0,0.00,-0.00,0.00,ACTIVE,NONE,11370,0,P,P,0.00,released,RELEASED
2026-05-18 22:04:19.922,455.2095,,slider,1,0,0.00,-0.00,0.00,ACTIVE,NONE,11380,0,P,P,0.00,released,RELEASED
2026-05-18 22:04:20.323,455.6106,,slider,1,0,0.00,-0.00,0.00,ACTIVE,NONE,11390,0,P,P,0.00,released,RELEASED
2026-05-18 22:04:20.722,456.0104,,slider,1,0,0.00,-0.00,0.00,ACTIVE,NONE,11400,0,P,P,0.00,released,RELEASED
2026-05-18 22:04:21.122,456.4102,,slider,1,0,0.00,-0.00,0.00,ACTIVE,NONE,11410,0,P,P,0.00,released,RELEASED
2026-05-18 22:04:21.522,456.8096,,slider,1,0,0.00,-0.00,0.00,ACTIVE,NONE,11420,0,P,P,0.00,released,RELEASED
2026-05-18 22:04:21.923,457.2105,,slider,1,0,0.00,-0.00,0.00,ACTIVE,NONE,11430,0,P,P,0.00,released,RELEASED
2026-05-18 22:04:22.323,457.6113,,slider,1,0,0.00,-0.00,0.00,ACTIVE,NONE,11440,0,P,P,0.00,released,RELEASED
2026-05-18 22:04:22.724,458.0120,,slider,1,0,0.00,-0.00,0.00,ACTIVE,NONE,11450,0,P,P,0.00,released,RELEASED
2026-05-18 22:04:23.125,458.4127,,slider,1,0,0.00,-0.00,0.00,ACTIVE,NONE,11460,0,P,P,0.00,released,RELEASED
2026-05-18 22:04:23.523,458.8107,,slider,1,0,0.00,-0.00,0.00,ACTIVE,NONE,11470,0,P,P,0.00,released,RELEASED
2026-05-18 22:04:23.923,459.2111,,slider,1,0,0.00,-0.00,0.00,ACTIVE,NONE,11480,0,P,P,0.00,released,RELEASED
2026-05-18 22:04:24.323,459.6110,,slider,1,0,0.00,-0.00,0.00,ACTIVE,NONE,11490,0,P,P,0.00,released,RELEASED
2026-05-18 22:04:24.724,460.0119,,slider,1,0,0.00,-0.00,0.00,ACTIVE,NONE,11500,0,P,P,0.00,released,RELEASED
2026-05-18 22:04:25.124,460.4124,,slider,1,0,0.00,-0.00,0.00,ACTIVE,NONE,11510,0,P,P,0.00,released,RELEASED
2026-05-18 22:04:25.523,460.8110,,slider,1,0,0.00,-0.00,0.00,ACTIVE,NONE,11520,0,P,P,0.00,released,RELEASED
2026-05-18 22:04:25.924,461.2117,,slider,1,0,0.00,-0.00,0.00,ACTIVE,NONE,11530,0,P,P,0.00,released,RELEASED
2026-05-18 22:04:26.323,461.6112,,slider,1,0,0.00,-0.00,0.00,ACTIVE,NONE,11540,0,P,P,0.00,released,RELEASED
2026-05-18 22:04:26.724,462.0117,,slider,1,0,0.00,-0.00,0.00,ACTIVE,NONE,11550,0,P,P,0.00,released,RELEASED
2026-05-18 22:04:27.124,462.4115,,slider,1,0,0.00,-0.00,0.00,ACTIVE,NONE,11560,0,P,P,0.00,released,RELEASED
2026-05-18 22:04:27.524,462.8115,,slider,1,0,0.00,-0.00,0.00,ACTIVE,NONE,11570,0,P,P,0.00,released,RELEASED
2026-05-18 22:04:27.923,463.2104,,slider,1,0,0.00,-0.00,0.00,ACTIVE,NONE,11580,0,P,P,0.00,released,RELEASED
2026-05-18 22:04:28.325,463.6128,,slider,1,0,0.00,-0.00,0.00,ACTIVE,NONE,11590,0,P,P,0.00,released,RELEASED
2026-05-18 22:04:28.723,464.0107,,slider,1,0,0.00,-0.00,0.00,ACTIVE,NONE,11600,0,P,P,0.00,released,RELEASED
2026-05-18 22:04:29.123,464.4110,,slider,1,0,0.00,-0.00,0.00,ACTIVE,NONE,11610,0,P,P,0.00,released,RELEASED
2026-05-18 22:04:29.525,464.8125,,slider,1,0,0.00,-0.00,0.00,ACTIVE,NONE,11620,0,P,P,0.00,released,RELEASED
2026-05-18 22:04:29.924,465.2117,,slider,1,0,0.00,-0.00,0.00,ACTIVE,NONE,11630,0,P,P,0.00,released,RELEASED
2026-05-18 22:04:30.324,465.6118,,slider,1,0,0.00,-0.00,0.00,ACTIVE,NONE,11640,0,P,P,0.00,released,RELEASED
2026-05-18 22:04:30.724,466.0119,,slider,1,0,0.00,-0.00,0.00,ACTIVE,NONE,11650,0,P,P,0.00,released,RELEASED
2026-05-18 22:04:31.125,466.4130,,slider,1,0,0.00,-0.00,0.00,ACTIVE,NONE,11660,0,P,P,0.00,released,RELEASED
2026-05-18 22:04:31.523,466.8112,,slider,1,0,0.00,-0.00,0.00,ACTIVE,NONE,11670,0,P,P,0.00,released,RELEASED
2026-05-18 22:04:31.924,467.2122,,slider,1,0,0.00,-0.00,0.00,ACTIVE,NONE,11680,0,P,P,0.00,released,RELEASED
2026-05-18 22:04:32.324,467.6122,,slider,1,0,0.00,-0.00,0.00,ACTIVE,NONE,11690,0,P,P,0.00,released,RELEASED
2026-05-18 22:04:32.724,468.0115,,slider,1,0,0.00,-0.00,0.00,ACTIVE,NONE,11700,0,P,P,0.00,released,RELEASED
2026-05-18 22:04:33.124,468.4119,,slider,1,0,0.00,-0.00,0.00,ACTIVE,NONE,11710,0,P,P,0.00,released,RELEASED
2026-05-18 22:04:33.524,468.8121,,slider,1,0,0.00,-0.00,0.00,ACTIVE,NONE,11720,0,P,P,0.00,released,RELEASED
2026-05-18 22:04:33.925,469.2126,,slider,1,0,0.00,-0.06,-0.10,ACTIVE,NONE,11730,0,P,P,0.00,released,RELEASED
2026-05-18 22:04:34.324,469.6120,,slider,1,0,0.00,-0.00,-0.10,ACTIVE,NONE,11740,0,P,P,0.00,released,RELEASED
2026-05-18 22:04:34.725,470.0127,,slider,1,0,0.00,-0.00,-0.10,ACTIVE,NONE,11750,0,P,P,0.00,released,RELEASED
2026-05-18 22:04:35.125,470.4128,,slider,1,0,0.00,-0.00,-0.10,ACTIVE,NONE,11760,0,P,P,0.00,released,RELEASED
2026-05-18 22:04:35.524,470.8120,,slider,1,0,0.00,-0.00,-0.10,ACTIVE,NONE,11770,0,P,P,0.00,released,RELEASED
2026-05-18 22:04:35.925,471.2132,,slider,1,0,0.00,-0.00,-0.10,ACTIVE,NONE,11780,0,P,P,0.00,released,RELEASED
2026-05-18 22:04:36.325,471.6128,,slider,1,0,0.00,-0.00,-0.10,ACTIVE,NONE,11790,0,P,P,0.00,released,RELEASED
2026-05-18 22:04:36.724,472.0121,,slider,1,0,0.00,-0.00,-0.10,ACTIVE,NONE,11800,0,P,P,0.00,released,RELEASED
2026-05-18 22:04:37.124,472.4124,,slider,1,0,0.00,-0.00,-0.10,ACTIVE,NONE,11810,0,P,P,0.00,released,RELEASED
2026-05-18 22:04:37.524,472.8121,,slider,1,0,0.00,-0.00,-0.10,ACTIVE,NONE,11820,0,P,P,0.00,released,RELEASED
2026-05-18 22:04:37.924,473.2123,,slider,1,0,0.00,-0.00,-0.10,ACTIVE,NONE,11830,0,P,P,0.00,released,RELEASED
2026-05-18 22:04:38.325,473.6126,,slider,1,0,0.00,-0.00,-0.10,ACTIVE,NONE,11840,0,P,P,0.00,released,RELEASED
2026-05-18 22:04:38.726,474.0135,,slider,1,0,0.00,-0.00,0.00,ACTIVE,NONE,11850,0,P,P,0.00,released,RELEASED
2026-05-18 22:04:39.124,474.4122,,slider,1,0,0.00,-0.00,0.00,ACTIVE,NONE,11860,0,P,P,0.00,released,RELEASED
2026-05-18 22:04:39.524,474.8124,,slider,1,0,0.00,-0.00,0.00,ACTIVE,NONE,11870,0,P,P,0.00,released,RELEASED
2026-05-18 22:04:39.925,475.2124,,slider,1,0,0.00,-0.00,0.00,ACTIVE,NONE,11880,0,P,P,0.00,released,RELEASED
2026-05-18 22:04:40.325,475.6133,,slider,1,0,0.00,-0.00,0.00,ACTIVE,NONE,11890,0,P,P,0.00,released,RELEASED
2026-05-18 22:04:40.726,476.0140,,slider,1,0,0.00,-0.00,0.00,ACTIVE,NONE,11900,0,P,P,0.00,released,RELEASED
2026-05-18 22:04:41.125,476.4130,,slider,1,0,0.00,-0.00,0.00,ACTIVE,NONE,11910,0,P,P,0.00,released,RELEASED
2026-05-18 22:04:41.526,476.8140,,slider,1,0,0.00,-0.00,0.00,ACTIVE,NONE,11920,0,P,P,0.00,released,RELEASED
2026-05-18 22:04:41.925,477.2130,,slider,1,0,0.00,-0.00,0.00,ACTIVE,NONE,11930,0,P,P,0.00,released,RELEASED
2026-05-18 22:04:42.326,477.6138,,slider,1,0,0.00,-0.00,0.00,ACTIVE,NONE,11940,0,P,P,0.00,released,RELEASED
2026-05-18 22:04:42.726,478.0141,,slider,1,0,0.00,-0.00,0.00,ACTIVE,NONE,11950,0,P,P,0.00,released,RELEASED
2026-05-18 22:04:43.126,478.4134,,slider,1,0,0.00,-0.00,0.00,ACTIVE,NONE,11960,0,P,P,0.00,released,RELEASED
2026-05-18 22:04:43.526,478.8135,,slider,1,0,0.00,-0.00,0.00,ACTIVE,NONE,11970,0,P,P,0.00,released,RELEASED
2026-05-18 22:04:43.926,479.2136,,slider,1,0,0.00,-0.00,0.00,ACTIVE,NONE,11980,0,P,P,0.00,released,RELEASED
2026-05-18 22:04:44.325,479.6128,,slider,1,0,0.00,-0.00,0.00,ACTIVE,NONE,11990,0,P,P,0.00,released,RELEASED
2026-05-18 22:04:44.725,480.0132,,slider,1,0,0.00,-0.00,0.00,ACTIVE,NONE,12000,0,P,P,0.00,released,RELEASED
2026-05-18 22:04:45.125,480.4131,,slider,1,0,0.00,-0.00,0.00,ACTIVE,NONE,12010,0,P,P,0.00,released,RELEASED
2026-05-18 22:04:45.525,480.8130,,slider,1,0,0.00,-0.00,0.00,ACTIVE,NONE,12020,0,P,P,0.00,released,RELEASED
2026-05-18 22:04:45.926,481.2137,,slider,1,0,0.00,-0.00,0.00,ACTIVE,NONE,12030,0,P,P,0.00,released,RELEASED
2026-05-18 22:04:46.325,481.6132,,slider,1,0,0.00,-0.00,0.00,ACTIVE,NONE,12040,0,P,P,0.00,released,RELEASED
2026-05-18 22:04:46.726,482.0136,,slider,1,0,0.00,-0.00,0.00,ACTIVE,NONE,12050,0,P,P,0.00,released,RELEASED
2026-05-18 22:04:47.125,482.4133,,slider,1,0,0.00,-0.00,0.00,ACTIVE,NONE,12060,0,P,P,0.00,released,RELEASED
2026-05-18 22:04:47.526,482.8138,,slider,1,0,0.00,-0.00,0.00,ACTIVE,NONE,12070,0,P,P,0.00,released,RELEASED
2026-05-18 22:04:47.926,483.2140,,slider,1,0,0.00,-0.00,0.00,ACTIVE,NONE,12080,0,P,P,0.00,released,RELEASED
2026-05-18 22:04:48.326,483.6139,,slider,1,0,0.00,-0.00,0.00,ACTIVE,NONE,12090,0,P,P,0.00,released,RELEASED
2026-05-18 22:04:48.726,484.0142,,slider,1,0,0.00,-0.00,0.00,ACTIVE,NONE,12100,0,P,P,0.00,released,RELEASED
2026-05-18 22:04:49.126,484.4140,,slider,1,0,0.00,-0.00,0.00,ACTIVE,NONE,12110,0,P,P,0.00,released,RELEASED
2026-05-18 22:04:49.526,484.8140,,slider,1,0,0.00,-0.00,0.00,ACTIVE,NONE,12120,0,P,P,0.00,released,RELEASED
2026-05-18 22:04:49.926,485.2141,,slider,1,0,0.00,-0.00,0.00,ACTIVE,NONE,12130,0,P,P,0.00,released,RELEASED
2026-05-18 22:04:50.326,485.6135,,slider,1,0,0.00,-0.00,0.00,ACTIVE,NONE,12140,0,P,P,0.00,released,RELEASED
2026-05-18 22:04:50.726,486.0142,,slider,1,0,0.00,-0.00,0.00,ACTIVE,NONE,12150,0,P,P,0.00,released,RELEASED
2026-05-18 22:04:51.127,486.4146,,slider,1,0,0.00,-0.00,0.00,ACTIVE,NONE,12160,0,P,P,0.00,released,RELEASED
2026-05-18 22:04:51.526,486.8142,,slider,1,0,0.00,-0.00,0.00,ACTIVE,NONE,12170,0,P,P,0.00,released,RELEASED
2026-05-18 22:04:51.926,487.2140,,slider,1,0,0.00,-0.00,0.00,ACTIVE,NONE,12180,0,P,P,0.00,released,RELEASED
2026-05-18 22:04:52.326,487.6139,,slider,1,0,0.00,-0.00,0.00,ACTIVE,NONE,12190,0,P,P,0.00,released,RELEASED
2026-05-18 22:04:52.726,488.0139,,slider,1,0,0.00,-0.00,0.00,ACTIVE,NONE,12200,0,P,P,0.00,released,RELEASED
2026-05-18 22:04:53.127,488.4148,,slider,1,0,0.00,-0.00,0.00,ACTIVE,NONE,12210,0,P,P,0.00,released,RELEASED
2026-05-18 22:04:53.527,488.8150,,slider,1,0,0.00,-0.00,0.00,ACTIVE,NONE,12220,0,P,P,0.00,released,RELEASED
2026-05-18 22:04:53.926,489.2141,,slider,1,0,0.00,-0.00,0.00,ACTIVE,NONE,12230,0,P,P,0.00,released,RELEASED
2026-05-18 22:04:54.327,489.6146,,slider,1,0,0.00,-0.00,0.00,ACTIVE,NONE,12240,0,P,P,0.00,released,RELEASED
2026-05-18 22:04:54.726,490.0139,,slider,1,0,0.00,-0.00,0.00,ACTIVE,NONE,12250,0,P,P,0.00,released,RELEASED
2026-05-18 22:04:55.127,490.4149,,slider,1,0,0.00,-0.00,0.00,ACTIVE,NONE,12260,0,P,P,0.00,released,RELEASED
2026-05-18 22:04:55.527,490.8147,,slider,1,0,0.00,-0.00,0.00,ACTIVE,NONE,12270,0,P,P,0.00,released,RELEASED
2026-05-18 22:04:55.927,491.2145,,slider,1,0,0.00,-0.00,0.00,ACTIVE,NONE,12280,0,P,P,0.00,released,RELEASED
2026-05-18 22:04:56.327,491.6147,,slider,1,0,0.00,-0.00,0.00,ACTIVE,NONE,12290,0,P,P,0.00,released,RELEASED
2026-05-18 22:04:56.727,492.0145,,slider,1,0,0.00,-0.00,0.00,ACTIVE,NONE,12300,0,P,P,0.00,released,RELEASED
2026-05-18 22:04:57.127,492.4145,,slider,1,0,0.00,-0.00,0.00,ACTIVE,NONE,12310,0,P,P,0.00,released,RELEASED
2026-05-18 22:04:57.527,492.8148,,slider,1,0,0.00,-0.00,0.00,ACTIVE,NONE,12320,0,P,P,0.00,released,RELEASED
2026-05-18 22:04:57.927,493.2144,,slider,1,0,0.00,-0.00,0.00,ACTIVE,NONE,12330,0,P,P,0.00,released,RELEASED
2026-05-18 22:04:58.327,493.6152,,slider,1,0,0.00,-0.00,0.00,ACTIVE,NONE,12340,0,P,P,0.00,released,RELEASED
2026-05-18 22:04:58.727,494.0153,,slider,1,0,0.00,-0.00,0.00,ACTIVE,NONE,12350,0,P,P,0.00,released,RELEASED
2026-05-18 22:04:59.127,494.4150,,slider,1,0,0.00,-0.00,0.00,ACTIVE,NONE,12360,0,P,P,0.00,released,RELEASED
2026-05-18 22:04:59.527,494.8149,,slider,1,0,0.00,-0.00,0.00,ACTIVE,NONE,12370,0,P,P,0.00,released,RELEASED
2026-05-18 22:04:59.927,495.2148,,slider,1,0,0.00,-0.00,0.00,ACTIVE,NONE,12380,0,P,P,0.00,released,RELEASED
2026-05-18 22:05:00.329,495.6169,,slider,1,0,0.00,-0.00,0.00,ACTIVE,NONE,12390,0,P,P,0.00,released,RELEASED
2026-05-18 22:05:00.728,496.0157,,slider,1,0,0.00,-0.00,0.00,ACTIVE,NONE,12400,0,P,P,0.00,released,RELEASED
2026-05-18 22:05:01.128,496.4156,,slider,1,0,0.00,-0.00,0.00,ACTIVE,NONE,12410,0,P,P,0.00,released,RELEASED
2026-05-18 22:05:01.528,496.8163,,slider,1,0,0.00,-0.00,0.00,ACTIVE,NONE,12420,0,P,P,0.00,released,RELEASED
2026-05-18 22:05:01.928,497.2162,,slider,1,0,0.00,-0.00,0.00,ACTIVE,NONE,12430,0,P,P,0.00,released,RELEASED
2026-05-18 22:05:02.328,497.6155,,slider,1,0,0.00,-0.00,0.00,ACTIVE,NONE,12440,0,P,P,0.00,released,RELEASED
2026-05-18 22:05:02.729,498.0171,,slider,1,0,0.00,-0.00,0.00,ACTIVE,NONE,12450,0,P,P,0.00,released,RELEASED
2026-05-18 22:05:03.128,498.4154,,slider,1,0,0.00,-0.00,0.00,ACTIVE,NONE,12460,0,P,P,0.00,released,RELEASED
2026-05-18 22:05:03.528,498.8162,,slider,1,0,0.00,-0.00,0.00,ACTIVE,NONE,12470,0,P,P,0.00,released,RELEASED
2026-05-18 22:05:03.928,499.2154,,slider,1,0,0.00,-0.00,0.00,ACTIVE,NONE,12480,0,P,P,0.00,released,RELEASED
2026-05-18 22:05:04.328,499.6157,,slider,1,0,0.00,-0.00,0.00,ACTIVE,NONE,12490,0,P,P,0.00,released,RELEASED
2026-05-18 22:05:04.728,500.0156,,slider,1,0,0.00,-0.00,0.00,ACTIVE,NONE,12500,0,P,P,0.00,released,RELEASED
2026-05-18 22:05:05.128,500.4157,,slider,1,0,0.00,-0.00,0.00,ACTIVE,NONE,12510,0,P,P,0.00,released,RELEASED
2026-05-18 22:05:05.528,500.8159,,slider,1,0,0.00,-0.00,0.00,ACTIVE,NONE,12520,0,P,P,0.00,released,RELEASED
2026-05-18 22:05:05.928,501.2156,,slider,1,0,0.00,-0.00,0.00,ACTIVE,NONE,12530,0,P,P,0.00,released,RELEASED
2026-05-18 22:05:06.328,501.6156,,slider,1,0,0.00,-0.00,0.00,ACTIVE,NONE,12540,0,P,P,0.00,released,RELEASED
2026-05-18 22:05:06.728,502.0159,,slider,1,0,0.00,-0.00,0.00,ACTIVE,NONE,12550,0,P,P,0.00,released,RELEASED
2026-05-18 22:05:07.129,502.4168,,slider,1,0,0.00,-0.00,0.00,ACTIVE,NONE,12560,0,P,P,0.00,released,RELEASED
2026-05-18 22:05:07.529,502.8165,,slider,1,0,0.00,-0.00,0.00,ACTIVE,NONE,12570,0,P,P,0.00,released,RELEASED
2026-05-18 22:05:07.928,503.2160,,slider,1,0,0.00,-0.00,0.00,ACTIVE,NONE,12580,0,P,P,0.00,released,RELEASED
2026-05-18 22:05:08.328,503.6157,,slider,1,0,0.00,-0.00,0.00,ACTIVE,NONE,12590,0,P,P,0.00,released,RELEASED
2026-05-18 22:05:08.728,504.0161,,slider,1,0,0.00,-0.00,0.00,ACTIVE,NONE,12600,0,P,P,0.00,released,RELEASED
2026-05-18 22:05:09.128,504.4162,,slider,1,0,0.00,-0.00,0.00,ACTIVE,NONE,12610,0,P,P,0.00,released,RELEASED
2026-05-18 22:05:09.529,504.8168,,slider,1,0,0.00,-0.00,0.00,ACTIVE,NONE,12620,0,P,P,0.00,released,RELEASED
2026-05-18 22:05:09.929,505.2167,,slider,1,0,0.00,-0.00,0.00,ACTIVE,NONE,12630,0,P,P,0.00,released,RELEASED
2026-05-18 22:05:10.329,505.6164,,slider,1,0,0.00,-0.00,0.00,ACTIVE,NONE,12640,0,P,P,0.00,released,RELEASED
2026-05-18 22:05:10.728,506.0162,,slider,1,0,0.00,-0.00,0.00,ACTIVE,NONE,12650,0,P,P,0.00,released,RELEASED
2026-05-18 22:05:11.128,506.4163,,slider,1,0,0.00,-0.00,0.00,ACTIVE,NONE,12660,0,P,P,0.00,released,RELEASED
2026-05-18 22:05:11.529,506.8166,,slider,1,0,0.00,-0.00,0.00,ACTIVE,NONE,12670,0,P,P,0.00,released,RELEASED
2026-05-18 22:05:11.929,507.2167,,slider,1,0,0.00,-0.00,0.00,ACTIVE,NONE,12680,0,P,P,0.00,released,RELEASED
2026-05-18 22:05:12.329,507.6169,,slider,1,0,0.00,-0.00,0.00,ACTIVE,NONE,12690,0,P,P,0.00,released,RELEASED
2026-05-18 22:05:12.729,508.0163,,slider,1,0,0.00,-0.00,0.00,ACTIVE,NONE,12700,0,P,P,0.00,released,RELEASED
2026-05-18 22:05:13.129,508.4165,,slider,1,0,0.00,-0.00,0.00,ACTIVE,NONE,12710,0,P,P,0.00,released,RELEASED
2026-05-18 22:05:13.528,508.8162,,slider,1,0,0.00,-0.00,0.00,ACTIVE,NONE,12720,0,P,P,0.00,released,RELEASED
2026-05-18 22:05:13.929,509.2168,,slider,1,0,0.00,-0.00,0.00,ACTIVE,NONE,12730,0,P,P,0.00,released,RELEASED
2026-05-18 22:05:14.328,509.6163,,slider,1,0,0.00,-0.00,0.00,ACTIVE,NONE,12740,0,P,P,0.00,released,RELEASED
2026-05-18 22:05:14.729,510.0169,,slider,1,0,0.00,-0.00,0.00,ACTIVE,NONE,12750,0,P,P,0.00,released,RELEASED
2026-05-18 22:05:15.130,510.4174,,slider,1,0,0.00,-0.00,0.00,ACTIVE,NONE,12760,0,P,P,0.00,released,RELEASED
2026-05-18 22:05:15.529,510.8167,,slider,1,0,0.00,-0.00,0.00,ACTIVE,NONE,12770,0,P,P,0.00,released,RELEASED
2026-05-18 22:05:15.929,511.2167,,slider,1,0,0.00,-0.00,0.00,ACTIVE,NONE,12780,0,P,P,0.00,released,RELEASED
2026-05-18 22:05:16.329,511.6171,,slider,1,0,0.00,-0.00,0.00,ACTIVE,NONE,12790,0,P,P,0.00,released,RELEASED
2026-05-18 22:05:16.729,512.0172,,slider,1,0,0.00,-0.00,0.00,ACTIVE,NONE,12800,0,P,P,0.00,released,RELEASED
2026-05-18 22:05:17.130,512.4173,,slider,1,0,0.00,-0.00,0.00,ACTIVE,NONE,12810,0,P,P,0.00,released,RELEASED
2026-05-18 22:05:17.530,512.8175,,slider,1,0,0.00,-0.00,0.00,ACTIVE,NONE,12820,0,P,P,0.00,released,RELEASED
2026-05-18 22:05:17.920,513.2081,,slider,1,0,-76.14,61.47,37.60,ACTIVE,NONE,12830,0,P,P,0.00,released,RELEASED
2026-05-18 22:05:18.324,513.6117,,slider,1,0,0.00,-4.53,21.60,ACTIVE,NONE,12840,0,P,P,0.00,released,RELEASED
2026-05-18 22:05:18.733,514.0210,,slider,1,0,0.00,-0.51,1.00,ACTIVE,NONE,12850,0,P,P,0.00,released,RELEASED
2026-05-18 22:05:19.133,514.4206,,slider,1,0,0.00,-0.03,0.10,ACTIVE,NONE,12860,0,P,P,0.00,released,RELEASED
2026-05-18 22:05:19.533,514.8208,,slider,1,0,0.00,-0.00,-0.40,ACTIVE,NONE,12870,0,P,P,0.00,released,RELEASED
2026-05-18 22:05:19.933,515.2211,,slider,1,0,-116.84,-21.68,-3.30,ACTIVE,NONE,12880,0,P,P,0.00,released,RELEASED
2026-05-18 22:05:20.326,515.6142,,slider,1,0,69.12,-43.90,-57.10,ACTIVE,NONE,12890,0,P,P,0.00,released,RELEASED
2026-05-18 22:05:20.730,516.0173,,slider,1,0,94.65,28.10,-0.20,ACTIVE,NONE,12900,0,P,P,0.00,released,RELEASED
2026-05-18 22:05:21.132,516.4198,,slider,1,0,0.00,16.10,36.40,ACTIVE,NONE,12910,0,P,P,0.00,released,RELEASED
2026-05-18 22:05:21.519,516.8070,,slider,1,0,0.00,0.58,5.60,ACTIVE,NONE,12920,0,P,P,0.00,released,RELEASED
2026-05-18 22:05:21.923,517.2112,,slider,1,0,0.00,0.03,1.10,ACTIVE,NONE,12930,0,P,P,0.00,released,RELEASED
2026-05-18 22:05:22.323,517.6110,,slider,1,0,0.00,0.00,0.20,ACTIVE,NONE,12940,0,P,P,0.00,released,RELEASED
2026-05-18 22:05:22.723,518.0112,,slider,1,0,0.00,0.00,-0.10,ACTIVE,NONE,12950,0,P,P,0.00,released,RELEASED
2026-05-18 22:05:23.124,518.4113,,slider,1,0,0.00,0.00,-0.10,ACTIVE,NONE,12960,0,P,P,0.00,released,RELEASED
2026-05-18 22:05:23.523,518.8109,,slider,1,0,15.43,10.59,3.30,ACTIVE,NONE,12970,0,P,P,0.00,released,RELEASED
2026-05-18 22:05:23.923,519.2103,,slider,1,0,24.36,21.35,16.50,ACTIVE,NONE,12980,0,P,P,0.00,released,RELEASED
2026-05-18 22:05:24.323,519.6108,,slider,1,0,30.41,29.60,26.20,ACTIVE,NONE,12990,0,P,P,0.00,released,RELEASED
2026-05-18 22:05:24.724,520.0115,,slider,1,0,22.87,27.11,29.10,ACTIVE,NONE,13000,0,P,P,0.00,released,RELEASED
2026-05-18 22:05:25.123,520.4111,,slider,1,0,0.00,3.00,12.00,ACTIVE,NONE,13010,0,P,P,0.00,released,RELEASED
2026-05-18 22:05:25.526,520.8136,,slider,1,0,-12.48,-10.03,-3.70,ACTIVE,NONE,13020,0,P,P,0.00,released,RELEASED
2026-05-18 22:05:25.927,521.2144,,slider,1,0,-16.91,-14.90,-12.50,ACTIVE,NONE,13030,0,P,P,0.00,released,RELEASED
2026-05-18 22:05:26.326,521.6136,,slider,1,0,-24.36,-21.44,-18.70,ACTIVE,NONE,13040,0,P,P,0.00,released,RELEASED
2026-05-18 22:05:26.726,522.0135,,slider,1,0,-28.89,-27.81,-25.80,ACTIVE,NONE,13050,0,P,P,0.00,released,RELEASED
2026-05-18 22:05:27.127,522.4146,,slider,1,0,-36.54,-35.14,-32.70,ACTIVE,NONE,13060,0,P,P,0.00,released,RELEASED
2026-05-18 22:05:27.526,522.8138,,slider,1,0,-44.35,-42.57,-40.10,ACTIVE,NONE,13070,0,P,P,0.00,released,RELEASED
2026-05-18 22:05:27.927,523.2144,,slider,1,0,-52.36,-49.83,-47.50,ACTIVE,NONE,13080,0,P,P,0.00,released,RELEASED
2026-05-18 22:05:28.327,523.6146,,slider,1,0,-60.61,-57.42,-55.10,ACTIVE,NONE,13090,0,P,P,0.00,released,RELEASED
2026-05-18 22:05:28.727,524.0143,,slider,1,0,-58.94,-60.91,-60.30,ACTIVE,NONE,13100,0,P,P,0.00,released,RELEASED
2026-05-18 22:05:29.126,524.4137,,slider,1,0,-65.68,-64.78,-60.70,ACTIVE,NONE,13110,0,P,P,0.00,released,RELEASED
2026-05-18 22:05:29.526,524.8136,,slider,1,0,-41.20,-72.73,-74.70,ACTIVE,NONE,13120,0,P,P,0.00,released,RELEASED
2026-05-18 22:05:29.926,525.2141,,slider,1,0,-24.36,-30.72,-43.90,ACTIVE,NONE,13130,0,P,P,0.00,released,RELEASED
2026-05-18 22:05:30.327,525.6147,,slider,1,0,0.00,-8.05,-20.40,ACTIVE,NONE,13140,0,P,P,0.00,released,RELEASED
2026-05-18 22:05:30.732,526.0198,,slider,1,0,28.89,24.35,14.30,ACTIVE,NONE,13150,0,P,P,0.00,released,RELEASED
2026-05-18 22:05:31.132,526.4200,,slider,1,0,33.46,29.99,26.40,ACTIVE,NONE,13160,0,P,P,0.00,released,RELEASED
2026-05-18 22:05:31.532,526.8199,,slider,1,0,45.94,41.11,37.00,ACTIVE,NONE,13170,0,P,P,0.00,released,RELEASED
2026-05-18 22:05:31.916,527.2042,,slider,1,0,60.61,55.21,51.30,ACTIVE,NONE,13180,0,P,P,0.00,released,RELEASED
2026-05-18 22:05:32.332,527.6202,,slider,1,0,55.63,57.61,57.30,ACTIVE,NONE,13190,0,P,P,0.00,released,RELEASED
2026-05-18 22:05:32.733,528.0203,,slider,1,0,18.39,32.92,47.20,ACTIVE,NONE,13200,0,P,P,0.00,released,RELEASED
2026-05-18 22:05:33.133,528.4208,,slider,1,0,0.00,3.04,12.80,ACTIVE,NONE,13210,0,P,P,0.00,released,RELEASED
2026-05-18 22:05:33.533,528.8212,,slider,1,0,-22.87,-12.69,-4.20,ACTIVE,NONE,13220,0,P,P,0.00,released,RELEASED
2026-05-18 22:05:33.933,529.2212,,slider,1,0,-31.93,-29.20,-24.80,ACTIVE,NONE,13230,0,P,P,0.00,released,RELEASED
2026-05-18 22:05:34.334,529.6214,,slider,1,0,-44.35,-39.92,-35.90,ACTIVE,NONE,13240,0,P,P,0.00,released,RELEASED
2026-05-18 22:05:34.734,530.0218,,slider,1,0,-47.53,-47.58,-45.30,ACTIVE,NONE,13250,0,P,P,0.00,released,RELEASED
2026-05-18 22:05:35.134,530.4216,,slider,1,0,-13.95,-32.26,-46.00,ACTIVE,NONE,13260,0,P,P,0.00,released,RELEASED
2026-05-18 22:05:35.517,530.8043,,slider,1,0,0.00,-2.36,-11.60,ACTIVE,NONE,13270,0,P,P,0.00,released,RELEASED
2026-05-18 22:05:35.935,531.2224,,slider,1,0,12.48,4.67,-1.10,ACTIVE,NONE,13280,0,P,P,0.00,released,RELEASED
2026-05-18 22:05:36.317,531.6044,,slider,1,0,0.00,1.60,5.60,ACTIVE,NONE,13290,0,P,P,0.00,released,RELEASED
2026-05-18 22:05:36.716,532.0042,,slider,1,0,-30.41,-6.40,0.50,ACTIVE,NONE,13300,0,P,P,0.00,released,RELEASED
2026-05-18 22:05:37.126,532.4134,,slider,1,0,0.00,-15.34,-6.60,ACTIVE,NONE,13310,0,P,P,0.00,released,RELEASED
2026-05-18 22:05:37.527,532.8152,,slider,1,0,-22.87,4.26,-3.00,ACTIVE,NONE,13320,0,P,P,0.00,released,RELEASED
2026-05-18 22:05:37.924,533.2122,,slider,1,0,0.00,-0.23,-2.90,ACTIVE,NONE,13330,0,P,P,0.00,released,RELEASED
2026-05-18 22:05:38.324,533.6122,,slider,1,0,0.00,-0.72,-2.60,ACTIVE,NONE,13340,0,P,P,0.00,released,RELEASED
2026-05-18 22:05:38.725,534.0126,,slider,1,0,0.00,-0.04,-0.80,ACTIVE,NONE,13350,0,P,P,0.00,released,RELEASED
2026-05-18 22:05:39.125,534.4132,,slider,1,0,0.00,-0.00,-0.10,ACTIVE,NONE,13360,0,P,P,0.00,released,RELEASED
2026-05-18 22:05:39.524,534.8122,,slider,1,0,25.87,9.02,1.00,ACTIVE,NONE,13370,0,P,P,0.00,released,RELEASED
2026-05-18 22:05:39.934,535.2218,,slider,1,0,0.00,14.09,27.10,ACTIVE,NONE,13380,0,P,P,0.00,released,RELEASED
2026-05-18 22:05:40.322,535.6097,,slider,1,0,0.00,0.79,5.70,ACTIVE,NONE,13390,0,P,P,0.00,released,RELEASED
2026-05-18 22:05:40.722,536.0094,,slider,1,0,0.00,0.04,1.00,ACTIVE,NONE,13400,0,P,P,0.00,released,RELEASED
2026-05-18 22:05:41.122,536.4094,,slider,1,0,0.00,0.00,0.20,ACTIVE,NONE,13410,0,P,P,0.00,released,RELEASED
2026-05-18 22:05:41.522,536.8100,,slider,1,0,0.00,0.00,-0.10,ACTIVE,NONE,13420,0,P,P,0.00,released,RELEASED
2026-05-18 22:05:41.923,537.2110,,slider,1,0,-57.28,-37.63,-19.50,ACTIVE,NONE,13430,0,P,P,0.00,released,RELEASED
2026-05-18 22:05:42.322,537.6096,,slider,1,0,0.00,-4.76,-16.30,ACTIVE,NONE,13440,0,P,P,0.00,released,RELEASED
2026-05-18 22:05:42.723,538.0104,,slider,1,0,0.00,-0.24,-3.00,ACTIVE,NONE,13450,0,P,P,0.00,released,RELEASED
2026-05-18 22:05:43.122,538.4098,,slider,1,0,13.95,4.68,-0.10,ACTIVE,NONE,13460,0,P,P,0.00,released,RELEASED
2026-05-18 22:05:43.524,538.8114,,slider,1,0,0.00,12.97,15.30,ACTIVE,NONE,13470,0,P,P,0.00,released,RELEASED
2026-05-18 22:05:43.932,539.2193,,slider,1,0,0.00,0.73,4.60,ACTIVE,NONE,13480,0,P,P,0.00,released,RELEASED
2026-05-18 22:05:44.333,539.6205,,slider,1,0,15.43,13.31,8.20,ACTIVE,NONE,13490,0,P,P,0.00,released,RELEASED
2026-05-18 22:05:44.733,540.0210,,slider,1,0,24.36,19.56,16.20,ACTIVE,NONE,13500,0,P,P,0.00,released,RELEASED
2026-05-18 22:05:45.135,540.4231,,slider,1,0,0.00,6.49,17.50,ACTIVE,NONE,13510,0,P,P,0.00,released,RELEASED
2026-05-18 22:05:45.519,540.8063,,slider,1,0,0.00,0.36,3.50,ACTIVE,NONE,13520,0,P,P,0.00,released,RELEASED
2026-05-18 22:05:45.920,541.2076,,slider,1,0,24.36,20.77,12.90,ACTIVE,NONE,13530,0,P,P,0.00,released,RELEASED
2026-05-18 22:05:46.323,541.6107,,slider,1,0,45.94,38.90,30.60,ACTIVE,NONE,13540,0,P,P,0.00,released,RELEASED
2026-05-18 22:05:46.724,542.0114,,slider,1,0,28.89,39.51,43.60,ACTIVE,NONE,13550,0,P,P,0.00,released,RELEASED
2026-05-18 22:05:47.132,542.4198,,slider,1,0,0.00,4.93,17.80,ACTIVE,NONE,13560,0,P,P,0.00,released,RELEASED
2026-05-18 22:05:47.532,542.8199,,slider,1,0,-30.41,-23.53,-11.70,ACTIVE,NONE,13570,0,P,P,0.00,released,RELEASED
2026-05-18 22:05:47.920,543.2081,,slider,1,0,-41.20,-36.83,-31.70,ACTIVE,NONE,13580,0,P,P,0.00,released,RELEASED
2026-05-18 22:05:48.319,543.6069,,slider,1,0,-50.74,-46.66,-43.80,ACTIVE,NONE,13590,0,P,P,0.00,released,RELEASED
2026-05-18 22:05:48.721,544.0088,,slider,1,0,0.00,-12.81,-31.70,ACTIVE,NONE,13600,0,P,P,0.00,released,RELEASED
2026-05-18 22:05:49.125,544.4128,,slider,1,0,0.00,-0.64,-5.70,ACTIVE,NONE,13610,0,P,P,0.00,released,RELEASED
2026-05-18 22:05:49.526,544.8136,,slider,1,0,0.00,-0.03,-1.10,ACTIVE,NONE,13620,0,P,P,0.00,released,RELEASED
2026-05-18 22:05:49.925,545.2125,,slider,1,0,0.00,-0.00,-0.20,ACTIVE,NONE,13630,0,P,P,0.00,released,RELEASED
2026-05-18 22:05:50.325,545.6125,,slider,1,0,0.00,-0.00,0.40,ACTIVE,NONE,13640,0,P,P,0.00,released,RELEASED
2026-05-18 22:05:50.725,546.0130,,slider,1,0,0.00,-0.00,0.40,ACTIVE,NONE,13650,0,P,P,0.00,released,RELEASED
2026-05-18 22:05:51.130,546.4176,,slider,1,0,16.91,11.02,3.60,ACTIVE,NONE,13660,0,P,P,0.00,released,RELEASED
2026-05-18 22:05:51.518,546.8055,,slider,1,0,0.00,3.72,10.30,ACTIVE,NONE,13670,0,P,P,0.00,released,RELEASED
2026-05-18 22:05:51.921,547.2086,,slider,1,0,0.00,0.18,2.10,ACTIVE,NONE,13680,0,P,P,0.00,released,RELEASED
2026-05-18 22:05:52.321,547.6089,,slider,1,0,11.00,13.94,9.40,ACTIVE,NONE,13690,0,P,P,0.00,released,RELEASED
2026-05-18 22:05:52.724,548.0116,,slider,1,0,0.00,1.03,5.00,ACTIVE,NONE,13700,0,P,P,0.00,released,RELEASED
2026-05-18 22:05:53.126,548.4132,,slider,1,0,24.36,13.39,3.20,ACTIVE,NONE,13710,0,P,P,0.00,released,RELEASED
2026-05-18 22:05:53.532,548.8195,,slider,1,0,0.00,2.17,7.20,ACTIVE,NONE,13720,0,P,P,0.00,released,RELEASED
2026-05-18 22:05:53.934,549.2220,,slider,1,0,19.88,13.33,4.50,ACTIVE,NONE,13730,0,P,P,0.00,released,RELEASED
2026-05-18 22:05:54.335,549.6231,,slider,1,0,0.00,1.82,6.50,ACTIVE,NONE,13740,0,P,P,0.00,released,RELEASED
2026-05-18 22:05:54.735,550.0223,,slider,1,0,-11.00,-2.85,1.20,ACTIVE,NONE,13750,0,P,P,0.00,released,RELEASED
2026-05-18 22:05:55.118,550.4058,,slider,1,0,-15.43,-24.47,-16.90,ACTIVE,NONE,13760,0,P,P,0.00,released,RELEASED
2026-05-18 22:05:55.527,550.8145,,slider,1,0,0.00,-1.64,-7.80,ACTIVE,NONE,13770,0,P,P,0.00,released,RELEASED
2026-05-18 22:05:55.926,551.2139,,slider,1,0,6.59,-0.08,-1.60,ACTIVE,NONE,13780,0,P,P,0.00,released,RELEASED
2026-05-18 22:05:56.330,551.6176,,slider,1,0,27.38,20.80,13.40,ACTIVE,NONE,13790,0,P,P,0.00,released,RELEASED
2026-05-18 22:05:56.729,552.0167,,slider,1,0,12.48,21.50,26.50,ACTIVE,NONE,13800,0,P,P,0.00,released,RELEASED
2026-05-18 22:05:57.130,552.4177,,slider,1,0,0.00,1.23,7.80,ACTIVE,NONE,13810,0,P,P,0.00,released,RELEASED
2026-05-18 22:05:57.531,552.8183,,slider,1,0,0.00,0.06,1.30,ACTIVE,NONE,13820,0,P,P,0.00,released,RELEASED
2026-05-18 22:05:57.931,553.2183,,slider,1,0,0.00,0.00,0.20,ACTIVE,NONE,13830,0,P,P,0.00,released,RELEASED
2026-05-18 22:05:58.331,553.6186,,slider,1,0,0.00,0.00,0.00,ACTIVE,NONE,13840,0,P,P,0.00,released,RELEASED
2026-05-18 22:05:58.732,554.0195,,slider,1,0,0.00,0.00,0.00,ACTIVE,NONE,13850,0,P,P,0.00,released,RELEASED
2026-05-18 22:05:59.131,554.4187,,slider,1,0,0.00,0.00,0.00,ACTIVE,NONE,13860,0,P,P,0.00,released,RELEASED
2026-05-18 22:05:59.532,554.8193,,slider,1,0,0.00,0.00,0.00,ACTIVE,NONE,13870,0,P,P,0.00,released,RELEASED
2026-05-18 22:05:59.932,555.2194,,slider,1,0,0.00,0.00,0.00,ACTIVE,NONE,13880,0,P,P,0.00,released,RELEASED
2026-05-18 22:06:00.331,555.6189,,slider,1,0,0.00,0.00,0.00,ACTIVE,NONE,13890,0,P,P,0.00,released,RELEASED
2026-05-18 22:06:00.730,556.0182,,slider,1,0,0.00,0.00,0.00,ACTIVE,NONE,13900,0,P,P,0.00,released,RELEASED
2026-05-18 22:06:01.130,556.4180,,slider,1,0,0.00,0.00,0.00,ACTIVE,NONE,13910,0,P,P,0.00,released,RELEASED
2026-05-18 22:06:01.531,556.8190,,slider,1,0,0.00,0.00,0.00,ACTIVE,NONE,13920,0,P,P,0.00,released,RELEASED
2026-05-18 22:06:01.932,557.2192,,slider,1,0,0.00,0.00,0.00,ACTIVE,NONE,13930,0,P,P,0.00,released,RELEASED
2026-05-18 22:06:02.332,557.6193,,slider,1,0,0.00,0.00,0.00,ACTIVE,NONE,13940,0,P,P,0.00,released,RELEASED
2026-05-18 22:06:02.717,558.0048,,slider,1,0,0.00,0.00,0.00,ACTIVE,NONE,13950,0,P,P,0.00,PRESSED,FAULT
2026-05-18 22:06:03.118,558.4055,,slider,1,0,0.00,0.00,0.00,ACTIVE,NONE,13960,0,P,P,0.00,PRESSED,FAULT
2026-05-18 22:06:03.536,558.8233,,slider,1,0,0.00,0.00,0.00,ACTIVE,NONE,13970,0,P,P,0.00,PRESSED,FAULT
2026-05-18 22:06:03.917,559.2050,,slider,1,0,0.00,0.00,0.00,ACTIVE,NONE,13980,0,P,P,0.00,PRESSED,FAULT
2026-05-18 22:06:04.320,559.6074,,slider,1,0,0.00,0.00,0.00,ACTIVE,NONE,13990,0,P,P,0.00,PRESSED,FAULT
2026-05-18 22:06:04.718,560.0061,,slider,1,0,0.00,0.00,0.00,ACTIVE,NONE,14000,0,P,P,0.00,PRESSED,FAULT
2026-05-18 22:06:04.930,560.2172,shift_requested:N,slider,1,0,0.00,0.00,0.00,ACTIVE,NONE,14005,0,P,P,0.00,PRESSED,FAULT
2026-05-18 22:06:04.978,560.2654,gear_change:N,slider,1,0,0.00,0.00,0.00,ACTIVE,NONE,14006,0,N,N,0.00,PRESSED,FAULT
2026-05-18 22:06:05.118,560.4055,,slider,1,0,0.00,0.00,0.00,ACTIVE,NONE,14010,0,N,N,0.00,PRESSED,FAULT
2026-05-18 22:06:05.521,560.8084,,slider,1,0,0.00,0.00,0.00,ACTIVE,NONE,14020,0,N,N,0.00,PRESSED,FAULT
2026-05-18 22:06:05.923,561.2104,,slider,1,0,0.00,0.00,0.00,ACTIVE,NONE,14030,0,N,N,0.00,PRESSED,FAULT
2026-05-18 22:06:06.322,561.6093,,slider,1,0,0.00,0.00,0.00,ACTIVE,NONE,14040,0,N,N,0.00,PRESSED,FAULT
2026-05-18 22:06:06.721,562.0083,,slider,1,0,0.00,0.00,0.00,ACTIVE,NONE,14050,0,N,N,0.00,PRESSED,FAULT
2026-05-18 22:06:07.121,562.4091,,slider,1,0,0.00,0.00,0.00,ACTIVE,NONE,14060,0,N,N,0.00,PRESSED,FAULT
2026-05-18 22:06:07.521,562.8091,,slider,1,0,0.00,0.00,0.00,ACTIVE,NONE,14070,0,N,N,0.00,PRESSED,FAULT
2026-05-18 22:06:07.825,563.1124,shift_requested:P,slider,1,0,0.00,0.00,0.00,ACTIVE,NONE,14077,0,N,N,0.00,PRESSED,FAULT
2026-05-18 22:06:07.920,563.2080,,slider,1,0,0.00,0.00,0.00,ACTIVE,NONE,14080,0,N,P,0.00,PRESSED,FAULT
2026-05-18 22:06:07.927,563.2148,gear_change:P,slider,1,0,0.00,0.00,0.00,ACTIVE,NONE,14080,0,P,P,0.00,PRESSED,FAULT
2026-05-18 22:06:08.323,563.6107,,slider,1,0,0.00,0.00,0.00,ACTIVE,NONE,14090,0,P,P,0.00,PRESSED,FAULT
2026-05-18 22:06:08.722,564.0098,,slider,1,0,0.00,0.00,0.00,ACTIVE,NONE,14100,0,P,P,0.00,PRESSED,FAULT
2026-05-18 22:06:09.124,564.4112,,slider,1,0,0.00,0.00,0.00,ACTIVE,NONE,14110,0,P,P,0.00,PRESSED,FAULT
2026-05-18 22:06:09.522,564.8095,,slider,1,0,0.00,0.00,0.00,ACTIVE,NONE,14120,0,P,P,0.00,PRESSED,FAULT
2026-05-18 22:06:09.924,565.2115,,slider,1,0,0.00,0.00,0.00,ACTIVE,NONE,14130,0,P,P,0.00,PRESSED,FAULT
2026-05-18 22:06:10.322,565.6094,,slider,1,0,0.00,0.00,0.00,ACTIVE,NONE,14140,0,P,P,0.00,PRESSED,FAULT
2026-05-18 22:06:10.723,566.0102,,slider,1,0,0.00,0.00,0.00,ACTIVE,NONE,14150,0,P,P,0.00,PRESSED,FAULT
2026-05-18 22:06:11.123,566.4109,,slider,1,0,0.00,0.00,0.00,ACTIVE,NONE,14160,0,P,P,0.00,PRESSED,FAULT
2026-05-18 22:06:11.522,566.8094,,slider,1,0,0.00,0.00,0.00,ACTIVE,NONE,14170,0,P,P,0.00,PRESSED,FAULT
2026-05-18 22:06:11.922,567.2099,,slider,1,0,0.00,0.00,0.00,ACTIVE,NONE,14180,0,P,P,0.00,PRESSED,FAULT
2026-05-18 22:06:12.323,567.6107,,slider,1,0,0.00,0.00,0.00,ACTIVE,NONE,14190,0,P,P,0.00,PRESSED,FAULT
2026-05-18 22:06:12.523,567.8107,shift_requested:D,slider,1,0,0.00,0.00,0.00,ACTIVE,NONE,14195,0,P,P,0.00,PRESSED,FAULT
2026-05-18 22:06:12.566,567.8540,gear_change:D,slider,1,0,0.00,0.00,0.00,ACTIVE,NONE,14196,0,D,D,0.00,PRESSED,FAULT
2026-05-18 22:06:12.721,568.0084,,slider,1,0,0.00,0.00,0.00,ACTIVE,NONE,14200,0,D,D,0.00,PRESSED,FAULT
2026-05-18 22:06:13.124,568.4120,,slider,1,0,0.00,0.00,0.00,ACTIVE,NONE,14210,0,D,D,0.00,PRESSED,FAULT
2026-05-18 22:06:13.524,568.8120,,slider,1,0,0.00,0.00,0.00,ACTIVE,NONE,14220,0,D,D,0.00,PRESSED,FAULT
2026-05-18 22:06:13.924,569.2120,,slider,1,0,0.00,0.00,0.00,ACTIVE,NONE,14230,0,D,D,0.00,PRESSED,FAULT
2026-05-18 22:06:14.324,569.6120,,slider,1,0,0.00,0.00,0.00,ACTIVE,NONE,14240,0,D,D,0.00,PRESSED,FAULT
2026-05-18 22:06:14.725,570.0128,,slider,1,0,0.00,0.00,0.00,ACTIVE,NONE,14250,0,D,D,0.00,PRESSED,FAULT
2026-05-18 22:06:15.125,570.4127,,slider,1,0,0.00,0.00,0.00,ACTIVE,NONE,14260,0,D,D,0.00,PRESSED,FAULT
2026-05-18 22:06:15.526,570.8138,,slider,1,0,0.00,0.00,0.00,ACTIVE,NONE,14270,0,D,D,0.00,PRESSED,FAULT
2026-05-18 22:06:15.926,571.2132,,slider,1,0,0.00,0.00,0.00,ACTIVE,NONE,14280,0,D,D,0.00,PRESSED,FAULT
2026-05-18 22:06:16.326,571.6134,,slider,1,0,0.00,0.00,0.00,ACTIVE,NONE,14290,0,D,D,0.00,PRESSED,FAULT
2026-05-18 22:06:16.725,572.0131,,slider,1,0,0.00,0.00,0.00,ACTIVE,NONE,14300,0,D,D,0.00,PRESSED,FAULT
2026-05-18 22:06:16.816,572.1037,shift_requested:N,slider,1,0,0.00,0.00,0.00,ACTIVE,NONE,14302,0,D,D,0.00,PRESSED,FAULT
2026-05-18 22:06:17.105,572.3929,gear_change:N,slider,1,0,0.00,0.00,0.00,ACTIVE,NONE,14309,0,N,N,0.00,PRESSED,FAULT
2026-05-18 22:06:17.125,572.4128,,slider,1,0,0.00,0.00,0.00,ACTIVE,NONE,14310,0,N,N,0.00,PRESSED,FAULT
2026-05-18 22:06:17.526,572.8138,,slider,1,0,0.00,0.00,0.00,ACTIVE,NONE,14320,0,N,N,0.00,PRESSED,FAULT
2026-05-18 22:06:17.925,573.2126,,slider,1,0,0.00,0.00,0.00,ACTIVE,NONE,14330,0,N,N,0.00,PRESSED,FAULT
2026-05-18 22:06:18.325,573.6128,,slider,1,0,0.00,0.00,0.00,ACTIVE,NONE,14340,0,N,N,0.00,PRESSED,FAULT
2026-05-18 22:06:18.685,573.9724,shift_requested:R,slider,1,0,0.00,0.00,0.00,ACTIVE,NONE,14348,0,N,N,0.00,PRESSED,FAULT
2026-05-18 22:06:18.715,574.0028,gear_change:R,slider,1,0,0.00,0.00,0.00,ACTIVE,NONE,14349,0,R,R,0.00,PRESSED,FAULT
2026-05-18 22:06:18.720,574.0075,,slider,1,0,0.00,0.00,0.00,ACTIVE,NONE,14350,0,R,R,0.00,PRESSED,FAULT
2026-05-18 22:06:19.128,574.4154,,slider,1,0,0.00,0.00,0.00,ACTIVE,NONE,14360,0,R,R,0.00,PRESSED,FAULT
2026-05-18 22:06:19.528,574.8160,,slider,1,0,0.00,0.00,0.00,ACTIVE,NONE,14370,0,R,R,0.00,PRESSED,FAULT
2026-05-18 22:06:19.929,575.2165,,slider,1,0,0.00,0.00,0.00,ACTIVE,NONE,14380,0,R,R,0.00,PRESSED,FAULT
2026-05-18 22:06:20.328,575.6159,,slider,1,0,0.00,0.00,0.00,ACTIVE,NONE,14390,0,R,R,0.00,PRESSED,FAULT
2026-05-18 22:06:20.729,576.0162,,slider,1,0,0.00,0.00,0.00,ACTIVE,NONE,14400,0,R,R,0.00,PRESSED,FAULT
2026-05-18 22:06:21.129,576.4167,,slider,1,0,0.00,0.00,0.00,ACTIVE,NONE,14410,0,R,R,0.00,PRESSED,FAULT
2026-05-18 22:06:21.528,576.8157,,slider,1,0,0.00,0.00,0.00,ACTIVE,NONE,14420,0,R,R,0.00,PRESSED,FAULT
2026-05-18 22:06:21.929,577.2165,,slider,1,0,0.00,0.00,0.00,ACTIVE,NONE,14430,0,R,R,0.00,PRESSED,FAULT
2026-05-18 22:06:22.291,577.5785,shift_requested:N,slider,1,0,0.00,0.00,0.00,ACTIVE,NONE,14439,0,R,N,0.00,PRESSED,FAULT
2026-05-18 22:06:22.328,577.6154,gear_change:N,slider,1,0,0.00,0.00,0.00,ACTIVE,NONE,14439,0,N,N,0.00,PRESSED,FAULT
2026-05-18 22:06:22.328,577.6156,,slider,1,0,0.00,0.00,0.00,ACTIVE,NONE,14440,0,N,N,0.00,PRESSED,FAULT
2026-05-18 22:06:22.732,578.0194,,slider,1,0,0.00,0.00,0.00,ACTIVE,NONE,14450,0,N,N,0.00,PRESSED,FAULT
2026-05-18 22:06:23.132,578.4192,,slider,1,0,0.00,0.00,0.00,ACTIVE,NONE,14460,0,N,N,0.00,PRESSED,FAULT
2026-05-18 22:06:23.532,578.8196,,slider,1,0,0.00,0.00,0.00,ACTIVE,NONE,14470,0,N,N,0.00,PRESSED,FAULT
2026-05-18 22:06:23.932,579.2199,,slider,1,0,0.00,0.00,0.00,ACTIVE,NONE,14480,0,N,N,0.00,PRESSED,FAULT
2026-05-18 22:06:24.332,579.6198,,slider,1,0,0.00,0.00,0.00,ACTIVE,NONE,14490,0,N,N,0.00,PRESSED,FAULT
2026-05-18 22:06:24.452,579.7398,shift_requested:P,slider,1,0,0.00,0.00,0.00,ACTIVE,NONE,14493,0,N,N,0.00,PRESSED,FAULT
2026-05-18 22:06:24.529,579.8165,gear_change:P,slider,1,0,0.00,0.00,0.00,ACTIVE,NONE,14495,0,P,P,0.00,PRESSED,FAULT
2026-05-18 22:06:24.737,580.0244,,slider,1,0,0.00,0.00,0.00,ACTIVE,NONE,14500,0,P,P,0.00,PRESSED,FAULT
2026-05-18 22:06:25.136,580.4239,,slider,1,0,0.00,0.00,0.00,ACTIVE,NONE,14510,0,P,P,0.00,PRESSED,FAULT
2026-05-18 22:06:25.520,580.8074,,slider,1,0,0.00,0.00,0.00,ACTIVE,NONE,14520,0,P,P,0.00,PRESSED,FAULT
2026-05-18 22:06:25.936,581.2238,,slider,1,0,0.00,0.00,0.00,ACTIVE,NONE,14530,0,P,P,0.00,PRESSED,FAULT
2026-05-18 22:06:26.336,581.6238,,slider,1,0,0.00,0.00,0.00,ACTIVE,NONE,14540,0,P,P,0.00,PRESSED,FAULT
2026-05-18 22:06:26.719,582.0064,,slider,1,0,0.00,0.00,0.00,ACTIVE,NONE,14550,0,P,P,0.00,PRESSED,FAULT
2026-05-18 22:06:27.118,582.4053,,slider,1,0,0.00,0.00,0.00,ACTIVE,NONE,14560,0,P,P,0.00,PRESSED,FAULT
2026-05-18 22:06:27.518,582.8058,,slider,1,0,0.00,0.00,0.00,ACTIVE,NONE,14570,0,P,P,0.00,PRESSED,FAULT
2026-05-18 22:06:27.921,583.2086,,slider,1,0,0.00,0.00,0.00,ACTIVE,NONE,14580,0,P,P,0.00,released,RELEASED
2026-05-18 22:06:28.319,583.6066,,slider,1,0,0.00,0.00,0.00,ACTIVE,NONE,14590,0,P,P,0.00,released,RELEASED
2026-05-18 22:06:28.720,584.0075,,slider,1,0,0.00,-17.12,-16.90,ACTIVE,NONE,14600,0,P,P,0.00,released,RELEASED
2026-05-18 22:06:29.130,584.4177,,slider,1,0,38.09,13.20,-4.20,ACTIVE,NONE,14610,0,P,P,0.00,released,RELEASED
2026-05-18 22:06:29.530,584.8177,,slider,1,0,-9.53,3.51,10.20,ACTIVE,NONE,14620,0,P,P,0.00,released,RELEASED
2026-05-18 22:06:29.931,585.2191,,slider,1,0,0.00,-14.75,-19.80,ACTIVE,NONE,14630,0,P,P,0.00,released,RELEASED
2026-05-18 22:06:30.333,585.6201,,slider,1,0,0.00,1.45,-3.30,ACTIVE,NONE,14640,0,P,P,0.00,released,RELEASED
2026-05-18 22:06:30.733,586.0203,,slider,1,0,0.00,0.07,-0.60,ACTIVE,NONE,14650,0,P,P,0.00,released,RELEASED
2026-05-18 22:06:31.133,586.4202,,slider,1,0,0.00,0.00,-0.10,ACTIVE,NONE,14660,0,P,P,0.00,released,RELEASED
2026-05-18 22:06:31.533,586.8206,,slider,1,0,0.00,0.00,0.00,ACTIVE,NONE,14670,0,P,P,0.00,released,RELEASED
2026-05-18 22:06:31.933,587.2202,,slider,1,0,0.00,0.00,0.00,ACTIVE,NONE,14680,0,P,P,0.00,released,RELEASED
2026-05-18 22:06:32.332,587.6200,,slider,1,0,0.00,0.00,0.00,ACTIVE,NONE,14690,0,P,P,0.00,released,RELEASED
2026-05-18 22:06:32.732,588.0200,,slider,1,0,0.00,0.00,0.00,ACTIVE,NONE,14700,0,P,P,0.00,released,RELEASED
2026-05-18 22:06:33.133,588.4205,,slider,1,0,0.00,0.00,0.00,ACTIVE,NONE,14710,0,P,P,0.00,released,RELEASED
2026-05-18 22:06:33.532,588.8197,,slider,1,0,0.00,0.00,0.00,ACTIVE,NONE,14720,0,P,P,0.00,released,RELEASED
2026-05-18 22:06:33.932,589.2198,,slider,1,0,0.00,0.00,0.00,ACTIVE,NONE,14730,0,P,P,0.00,released,RELEASED
2026-05-18 22:06:34.333,589.6202,,slider,1,0,0.00,0.00,0.00,ACTIVE,NONE,14740,0,P,P,0.00,released,RELEASED
2026-05-18 22:06:34.733,590.0201,,slider,1,0,0.00,0.00,0.00,ACTIVE,NONE,14750,0,P,P,0.00,released,RELEASED
2026-05-18 22:06:35.133,590.4203,,slider,1,0,0.00,0.00,0.00,ACTIVE,NONE,14760,0,P,P,0.00,released,RELEASED
2026-05-18 22:06:35.533,590.8208,,slider,1,0,0.00,0.00,0.00,ACTIVE,NONE,14770,0,P,P,0.00,released,RELEASED
2026-05-18 22:06:35.933,591.2201,,slider,1,0,0.00,0.00,0.00,ACTIVE,NONE,14780,0,P,P,0.00,released,RELEASED
2026-05-18 22:06:36.332,591.6200,,slider,1,0,0.00,0.00,0.00,ACTIVE,NONE,14790,0,P,P,0.00,released,RELEASED
2026-05-18 22:06:36.734,592.0216,,slider,1,0,0.00,0.00,0.00,ACTIVE,NONE,14800,0,P,P,0.00,released,RELEASED
2026-05-18 22:06:37.133,592.4201,,slider,1,0,0.00,0.00,0.00,ACTIVE,NONE,14810,0,P,P,0.00,released,RELEASED
2026-05-18 22:06:37.533,592.8203,,slider,1,0,0.00,0.00,0.00,ACTIVE,NONE,14820,0,P,P,0.00,released,RELEASED
2026-05-18 22:06:37.933,593.2203,,slider,1,0,0.00,0.00,0.00,ACTIVE,NONE,14830,0,P,P,0.00,released,RELEASED
2026-05-18 22:06:38.334,593.6217,,slider,1,0,0.00,0.00,0.00,ACTIVE,NONE,14840,0,P,P,0.00,released,RELEASED
2026-05-18 22:06:38.734,594.0212,,slider,1,0,0.00,0.00,0.00,ACTIVE,NONE,14850,0,P,P,0.00,released,RELEASED
2026-05-18 22:06:39.133,594.4204,,slider,1,0,0.00,0.00,0.00,ACTIVE,NONE,14860,0,P,P,0.00,released,RELEASED
2026-05-18 22:06:39.533,594.8205,,slider,1,0,0.00,0.00,0.00,ACTIVE,NONE,14870,0,P,P,0.00,released,RELEASED
2026-05-18 22:06:39.933,595.2207,,slider,1,0,0.00,0.00,0.00,ACTIVE,NONE,14880,0,P,P,0.00,released,RELEASED
2026-05-18 22:06:40.334,595.6213,,slider,1,0,0.00,0.00,0.00,ACTIVE,NONE,14890,0,P,P,0.00,released,RELEASED
2026-05-18 22:06:40.734,596.0220,,slider,1,0,0.00,0.00,0.00,ACTIVE,NONE,14900,0,P,P,0.00,released,RELEASED
2026-05-18 22:06:41.135,596.4222,,slider,1,0,0.00,0.00,0.00,ACTIVE,NONE,14910,0,P,P,0.00,released,RELEASED
2026-05-18 22:06:41.533,596.8209,,slider,1,0,0.00,0.00,0.00,ACTIVE,NONE,14920,0,P,P,0.00,released,RELEASED
2026-05-18 22:06:41.934,597.2211,,slider,1,0,0.00,0.00,0.00,ACTIVE,NONE,14930,0,P,P,0.00,released,RELEASED
2026-05-18 22:06:42.333,597.6209,,slider,1,0,0.00,0.00,0.00,ACTIVE,NONE,14940,0,P,P,0.00,released,RELEASED
2026-05-18 22:06:42.734,598.0212,,slider,1,0,0.00,0.00,0.00,ACTIVE,NONE,14950,0,P,P,0.00,released,RELEASED
2026-05-18 22:06:43.133,598.4210,,slider,1,0,0.00,0.00,0.00,ACTIVE,NONE,14960,0,P,P,0.00,released,RELEASED
2026-05-18 22:06:43.534,598.8212,,slider,1,0,0.00,0.00,0.00,ACTIVE,NONE,14970,0,P,P,0.00,released,RELEASED
2026-05-18 22:06:43.934,599.2215,,slider,1,0,0.00,-0.25,-0.10,ACTIVE,NONE,14980,0,P,P,0.00,released,RELEASED
2026-05-18 22:06:44.335,599.6222,,slider,1,0,96.58,32.82,9.10,ACTIVE,NONE,14990,0,P,P,0.00,released,RELEASED
2026-05-18 22:06:44.735,600.0222,,slider,1,0,-52.36,12.89,37.20,ACTIVE,NONE,15000,0,P,P,0.00,released,RELEASED
2026-05-18 22:06:45.137,600.4249,,slider,1,0,0.00,-23.03,-22.80,ACTIVE,NONE,15010,0,P,P,0.00,released,RELEASED
2026-05-18 22:06:45.521,600.8090,,slider,1,0,0.00,-0.42,-5.40,ACTIVE,NONE,15020,0,P,P,0.00,released,RELEASED
2026-05-18 22:06:45.921,601.2089,,slider,1,0,24.36,12.97,1.60,ACTIVE,NONE,15030,0,P,P,0.00,released,RELEASED
2026-05-18 22:06:46.322,601.6091,,slider,1,0,-8.06,3.39,10.60,ACTIVE,NONE,15040,0,P,P,0.00,released,RELEASED
2026-05-18 22:06:46.726,602.0132,,slider,1,0,-11.00,-15.95,-9.70,ACTIVE,NONE,15050,0,P,P,0.00,released,RELEASED
2026-05-18 22:06:47.118,602.4061,,slider,1,0,11.00,8.07,0.30,ACTIVE,NONE,15060,0,P,P,0.00,released,RELEASED
2026-05-18 22:06:47.521,602.8090,,slider,1,0,-13.95,-5.34,1.90,ACTIVE,NONE,15070,0,P,P,0.00,released,RELEASED
2026-05-18 22:06:47.921,603.2082,,slider,1,0,0.00,-0.54,-1.60,ACTIVE,NONE,15080,0,P,P,0.00,released,RELEASED
2026-05-18 22:06:48.321,603.6083,,slider,1,0,0.00,3.90,2.80,ACTIVE,NONE,15090,0,P,P,0.00,released,RELEASED
2026-05-18 22:06:48.720,604.0076,,slider,1,0,0.00,-22.83,-13.50,ACTIVE,NONE,15100,0,P,P,0.00,released,RELEASED
2026-05-18 22:06:49.119,604.4064,,slider,1,0,21.37,16.84,4.60,ACTIVE,NONE,15110,0,P,P,0.00,released,RELEASED
2026-05-18 22:06:49.519,604.8066,,slider,1,0,-11.00,-2.78,6.50,ACTIVE,NONE,15120,0,P,P,0.00,released,RELEASED
2026-05-18 22:06:49.923,605.2107,,slider,1,0,12.48,-1.96,-6.40,ACTIVE,NONE,15130,0,P,P,0.00,released,RELEASED
2026-05-18 22:06:50.322,605.6096,,slider,1,0,0.00,12.70,11.10,ACTIVE,NONE,15140,0,P,P,0.00,released,RELEASED
2026-05-18 22:06:50.722,606.0096,,slider,1,0,-12.48,-12.68,-3.60,ACTIVE,NONE,15150,0,P,P,0.00,released,RELEASED
2026-05-18 22:06:51.121,606.4083,,slider,1,0,11.00,13.80,5.80,ACTIVE,NONE,15160,0,P,P,0.00,released,RELEASED
2026-05-18 22:06:51.520,606.8081,,slider,1,0,-18.39,-10.21,-1.20,ACTIVE,NONE,15170,0,P,P,0.00,released,RELEASED
2026-05-18 22:06:51.922,607.2097,,slider,1,0,11.00,-0.00,-9.20,ACTIVE,NONE,15180,0,P,P,0.00,released,RELEASED
2026-05-18 22:06:52.321,607.6087,,slider,1,0,0.00,8.54,7.60,ACTIVE,NONE,15190,0,P,P,0.00,released,RELEASED
2026-05-18 22:06:52.722,608.0093,,slider,1,0,0.00,-1.88,-0.30,ACTIVE,NONE,15200,0,P,P,0.00,released,RELEASED
2026-05-18 22:06:53.122,608.4092,,slider,1,0,0.00,-0.09,-0.40,ACTIVE,NONE,15210,0,P,P,0.00,released,RELEASED
2026-05-18 22:06:53.521,608.8087,,slider,1,0,0.00,-0.00,-0.30,ACTIVE,NONE,15220,0,P,P,0.00,released,RELEASED
2026-05-18 22:06:53.922,609.2095,,slider,1,0,0.00,-0.00,-0.20,ACTIVE,NONE,15230,0,P,P,0.00,released,RELEASED
2026-05-18 22:06:54.321,609.6088,,slider,1,0,0.00,-0.00,-0.10,ACTIVE,NONE,15240,0,P,P,0.00,released,RELEASED
2026-05-18 22:06:54.721,610.0082,,slider,1,0,0.00,-0.00,-0.10,ACTIVE,NONE,15250,0,P,P,0.00,released,RELEASED
2026-05-18 22:06:55.121,610.4086,,slider,1,0,0.00,-0.00,-0.10,ACTIVE,NONE,15260,0,P,P,0.00,released,RELEASED
2026-05-18 22:06:55.522,610.8093,,slider,1,0,0.00,-0.00,-0.10,ACTIVE,NONE,15270,0,P,P,0.00,released,RELEASED
2026-05-18 22:06:55.923,611.2101,,slider,1,0,0.00,-0.00,-0.10,ACTIVE,NONE,15280,0,P,P,0.00,released,RELEASED
2026-05-18 22:06:56.322,611.6091,,slider,1,0,0.00,-0.00,-0.10,ACTIVE,NONE,15290,0,P,P,0.00,released,RELEASED
2026-05-18 22:06:56.721,612.0088,,slider,1,0,0.00,-0.00,-0.10,ACTIVE,NONE,15300,0,P,P,0.00,released,RELEASED
2026-05-18 22:06:57.122,612.4097,,slider,1,0,0.00,-0.00,-0.10,ACTIVE,NONE,15310,0,P,P,0.00,released,RELEASED
2026-05-18 22:06:57.522,612.8098,,slider,1,0,0.00,-0.00,-0.10,ACTIVE,NONE,15320,0,P,P,0.00,released,RELEASED
2026-05-18 22:06:57.922,613.2091,,slider,1,0,0.00,-0.00,0.00,ACTIVE,NONE,15330,0,P,P,0.00,released,RELEASED
2026-05-18 22:06:58.322,613.6096,,slider,1,0,0.00,-0.00,0.00,ACTIVE,NONE,15340,0,P,P,0.00,released,RELEASED
2026-05-18 22:06:58.722,614.0096,,slider,1,0,36.54,14.44,2.30,ACTIVE,NONE,15350,0,P,P,0.00,released,RELEASED
2026-05-18 22:06:59.121,614.4088,,slider,1,0,76.14,82.42,59.50,ACTIVE,NONE,15360,0,P,P,0.00,released,RELEASED
2026-05-18 22:06:59.522,614.8094,,slider,1,0,-87.07,18.93,44.30,ACTIVE,NONE,15370,0,P,P,0.00,released,RELEASED
2026-05-18 22:06:59.921,615.2081,,slider,1,0,-173.60,-53.07,-27.00,ACTIVE,NONE,15380,0,P,P,0.00,released,RELEASED
2026-05-18 22:07:00.321,615.6081,,slider,1,0,176.26,-59.07,-76.90,ACTIVE,NONE,15390,0,P,P,0.00,released,RELEASED
2026-05-18 22:07:00.725,616.0128,,slider,1,0,210.16,9.93,-16.40,ACTIVE,NONE,15400,0,P,P,0.00,released,RELEASED
2026-05-18 22:07:01.124,616.4115,,slider,1,0,-81.55,66.93,55.70,ACTIVE,NONE,15410,0,P,P,0.00,released,RELEASED
2026-05-18 22:07:01.524,616.8112,,slider,1,0,-45.94,-5.07,21.60,ACTIVE,NONE,15420,0,P,P,0.00,released,RELEASED
2026-05-18 22:07:01.924,617.2111,,slider,1,0,76.14,12.93,-7.10,ACTIVE,NONE,15430,0,P,P,0.00,released,RELEASED
2026-05-18 22:07:02.324,617.6111,,slider,1,0,0.00,6.02,14.60,ACTIVE,NONE,15440,0,P,P,0.00,released,RELEASED
2026-05-18 22:07:02.724,618.0111,,slider,1,0,-45.94,-19.84,-1.90,ACTIVE,NONE,15450,0,P,P,0.00,released,RELEASED
2026-05-18 22:07:03.124,618.4111,,slider,1,0,9.53,-11.39,-29.50,ACTIVE,NONE,15460,0,P,P,0.00,released,RELEASED
2026-05-18 22:07:03.520,618.8077,,slider,1,0,0.00,11.50,7.50,ACTIVE,NONE,15470,0,P,P,0.00,released,RELEASED
2026-05-18 22:07:03.921,619.2081,,slider,1,0,0.00,-12.13,-7.90,ACTIVE,NONE,15480,0,P,P,0.00,released,RELEASED
2026-05-18 22:07:04.326,619.6139,,slider,1,0,-6.59,7.67,4.60,ACTIVE,NONE,15490,0,P,P,0.00,released,RELEASED
2026-05-18 22:07:04.729,620.0168,,slider,1,0,-24.36,-26.19,-16.40,ACTIVE,NONE,15500,0,P,P,0.00,released,RELEASED
2026-05-18 22:07:05.129,620.4170,,slider,1,0,-31.93,-33.95,-30.70,ACTIVE,NONE,15510,0,P,P,0.00,released,RELEASED
2026-05-18 22:07:05.529,620.8168,,slider,1,0,0.00,-8.25,-20.50,ACTIVE,NONE,15520,0,P,P,0.00,released,RELEASED
2026-05-18 22:07:05.922,621.2094,,slider,1,0,11.00,5.89,-1.50,ACTIVE,NONE,15530,0,P,P,0.00,released,RELEASED
2026-05-18 22:07:06.329,621.6162,,slider,1,0,25.87,17.61,11.70,ACTIVE,NONE,15540,0,P,P,0.00,released,RELEASED
2026-05-18 22:07:06.731,622.0184,,slider,1,0,36.54,30.50,25.40,ACTIVE,NONE,15550,0,P,P,0.00,released,RELEASED
2026-05-18 22:07:07.131,622.4183,,slider,1,0,0.00,8.20,23.10,ACTIVE,NONE,15560,0,P,P,0.00,released,RELEASED
2026-05-18 22:07:07.530,622.8179,,slider,1,0,-22.87,-14.96,-3.30,ACTIVE,NONE,15570,0,P,P,0.00,released,RELEASED
2026-05-18 22:07:07.932,623.2193,,slider,1,0,-12.48,-31.35,-27.30,ACTIVE,NONE,15580,0,P,P,0.00,released,RELEASED
2026-05-18 22:07:08.332,623.6199,,slider,1,0,25.87,19.13,2.50,ACTIVE,NONE,15590,0,P,P,0.00,released,RELEASED
2026-05-18 22:07:08.734,624.0214,,slider,1,0,0.00,1.76,6.00,ACTIVE,NONE,15600,0,P,P,0.00,released,RELEASED
2026-05-18 22:07:09.134,624.4214,,slider,1,0,0.00,-2.81,-3.20,ACTIVE,NONE,15610,0,P,P,0.00,released,RELEASED
2026-05-18 22:07:09.534,624.8218,,slider,1,0,0.00,-0.14,-1.10,ACTIVE,NONE,15620,0,P,P,0.00,released,RELEASED
2026-05-18 22:07:09.934,625.2215,,slider,1,0,0.00,-0.01,-0.30,ACTIVE,NONE,15630,0,P,P,0.00,released,RELEASED
2026-05-18 22:07:10.334,625.6216,,slider,1,0,0.00,-0.00,-0.10,ACTIVE,NONE,15640,0,P,P,0.00,released,RELEASED
2026-05-18 22:07:10.734,626.0216,,slider,1,0,0.00,-0.00,-0.10,ACTIVE,NONE,15650,0,P,P,0.00,released,RELEASED
2026-05-18 22:07:11.134,626.4219,,slider,1,0,0.00,-0.00,-0.10,ACTIVE,NONE,15660,0,P,P,0.00,released,RELEASED
2026-05-18 22:07:11.535,626.8221,,slider,1,0,0.00,-0.00,-8.30,ACTIVE,NONE,15670,0,P,P,0.00,released,RELEASED
2026-05-18 22:07:11.655,626.9422,eac_transition:INHIBITED,slider,1,0,0.00,-0.00,-27.90,INHIBITED,HANDS_ON,15673,0,P,P,0.00,released,RELEASED
2026-05-18 22:07:11.934,627.2219,,slider,1,0,0.00,-0.00,-44.90,INHIBITED,HANDS_ON,15680,0,P,P,0.00,released,RELEASED
2026-05-18 22:07:12.334,627.6219,,slider,1,0,0.00,-0.00,-0.10,INHIBITED,HANDS_ON,15690,0,P,P,0.00,released,RELEASED
2026-05-18 22:07:12.734,628.0220,,slider,1,0,0.00,-0.00,31.50,INHIBITED,HANDS_ON,15700,0,P,P,0.00,released,RELEASED
2026-05-18 22:07:13.135,628.4224,,slider,1,0,0.00,-0.00,-11.00,INHIBITED,HANDS_ON,15710,0,P,P,0.00,released,RELEASED
2026-05-18 22:07:13.535,628.8219,,slider,1,0,0.00,-0.00,56.60,INHIBITED,HANDS_ON,15720,0,P,P,0.00,released,RELEASED
2026-05-18 22:07:13.935,629.2221,,slider,1,0,0.00,-0.00,35.80,INHIBITED,HANDS_ON,15730,0,P,P,0.00,released,RELEASED
2026-05-18 22:07:14.323,629.6104,,slider,1,0,0.00,-0.00,-11.90,INHIBITED,HANDS_ON,15740,0,P,P,0.00,released,RELEASED
2026-05-18 22:07:14.726,630.0133,,slider,1,0,0.00,-0.00,9.70,INHIBITED,HANDS_ON,15750,0,P,P,0.00,released,RELEASED
2026-05-18 22:07:15.135,630.4224,,slider,1,0,0.00,-0.00,0.30,INHIBITED,HANDS_ON,15760,0,P,P,0.00,released,RELEASED
2026-05-18 22:07:15.521,630.8088,,slider,1,0,0.00,-0.00,8.00,INHIBITED,HANDS_ON,15770,0,P,P,0.00,released,RELEASED
2026-05-18 22:07:15.926,631.2139,,slider,1,0,0.00,-0.00,8.20,INHIBITED,HANDS_ON,15780,0,P,P,0.00,released,RELEASED
2026-05-18 22:07:16.326,631.6137,,slider,1,0,0.00,-0.00,0.90,INHIBITED,HANDS_ON,15790,0,P,P,0.00,released,RELEASED
2026-05-18 22:07:16.727,632.0141,,slider,1,0,0.00,-0.00,0.20,INHIBITED,HANDS_ON,15800,0,P,P,0.00,released,RELEASED
2026-05-18 22:07:17.126,632.4134,,slider,1,0,0.00,-0.00,3.00,INHIBITED,HANDS_ON,15810,0,P,P,0.00,released,RELEASED
2026-05-18 22:07:17.526,632.8131,,slider,1,0,0.00,-0.00,3.00,INHIBITED,HANDS_ON,15820,0,P,P,0.00,released,RELEASED
2026-05-18 22:07:17.926,633.2132,,slider,1,0,0.00,-0.00,-3.20,INHIBITED,HANDS_ON,15830,0,P,P,0.00,released,RELEASED
2026-05-18 22:07:18.327,633.6142,,slider,1,0,0.00,-0.00,-2.50,INHIBITED,HANDS_ON,15840,0,P,P,0.00,released,RELEASED
2026-05-18 22:07:18.727,634.0148,,slider,1,0,0.00,-0.00,1.20,INHIBITED,HANDS_ON,15850,0,P,P,0.00,released,RELEASED
2026-05-18 22:07:19.128,634.4155,,slider,1,0,0.00,-0.00,1.20,INHIBITED,HANDS_ON,15860,0,P,P,0.00,released,RELEASED
2026-05-18 22:07:19.527,634.8149,,slider,1,0,0.00,-0.00,1.20,INHIBITED,HANDS_ON,15870,0,P,P,0.00,released,RELEASED
2026-05-18 22:07:19.928,635.2157,,slider,1,0,0.00,-0.00,1.20,INHIBITED,HANDS_ON,15880,0,P,P,0.00,released,RELEASED
2026-05-18 22:07:20.327,635.6148,,slider,1,0,0.00,-0.00,1.20,INHIBITED,HANDS_ON,15890,0,P,P,0.00,released,RELEASED
2026-05-18 22:07:20.728,636.0158,,slider,1,0,0.00,-0.00,1.20,INHIBITED,HANDS_ON,15900,0,P,P,0.00,released,RELEASED
2026-05-18 22:07:21.129,636.4161,,slider,1,0,0.00,-0.00,1.20,INHIBITED,HANDS_ON,15910,0,P,P,0.00,released,RELEASED
2026-05-18 22:07:21.528,636.8150,,slider,1,0,0.00,-0.00,1.20,INHIBITED,HANDS_ON,15920,0,P,P,0.00,released,RELEASED
2026-05-18 22:07:21.929,637.2167,,slider,1,0,0.00,-0.00,1.20,INHIBITED,HANDS_ON,15930,0,P,P,0.00,released,RELEASED
2026-05-18 22:07:22.327,637.6147,,slider,1,0,0.00,-0.00,1.20,INHIBITED,HANDS_ON,15940,0,P,P,0.00,released,RELEASED
2026-05-18 22:07:22.729,638.0161,,slider,1,0,0.00,-0.00,1.20,INHIBITED,HANDS_ON,15950,0,P,P,0.00,released,RELEASED
2026-05-18 22:07:23.133,638.4204,,slider,1,0,0.00,-0.00,-40.90,INHIBITED,HANDS_ON,15960,0,P,P,0.00,released,RELEASED
2026-05-18 22:07:23.532,638.8193,,slider,1,0,0.00,-0.00,-12.00,INHIBITED,HANDS_ON,15970,0,P,P,0.00,released,RELEASED
2026-05-18 22:07:23.935,639.2229,,slider,1,0,0.00,-0.00,24.10,INHIBITED,HANDS_ON,15980,0,P,P,0.00,released,RELEASED
2026-05-18 22:07:24.337,639.6248,,slider,1,0,0.00,-0.00,4.60,INHIBITED,HANDS_ON,15990,0,P,P,0.00,released,RELEASED
2026-05-18 22:07:24.721,640.0084,,slider,1,0,0.00,-0.00,5.10,INHIBITED,HANDS_ON,16000,0,P,P,0.00,released,RELEASED
2026-05-18 22:07:25.138,640.4256,,slider,1,0,0.00,-0.00,32.40,INHIBITED,HANDS_ON,16010,0,P,P,0.00,released,RELEASED
2026-05-18 22:07:25.519,640.8068,,slider,1,0,0.00,-0.00,34.10,INHIBITED,HANDS_ON,16020,0,P,P,0.00,released,RELEASED
2026-05-18 22:07:25.921,641.2087,,slider,1,0,0.00,-0.00,11.30,INHIBITED,HANDS_ON,16030,0,P,P,0.00,released,RELEASED
2026-05-18 22:07:26.322,641.6093,,slider,1,0,0.00,-0.00,-14.40,INHIBITED,HANDS_ON,16040,0,P,P,0.00,released,RELEASED
2026-05-18 22:07:26.722,642.0095,,slider,1,0,0.00,-0.00,-17.60,INHIBITED,HANDS_ON,16050,0,P,P,0.00,released,RELEASED
2026-05-18 22:07:27.129,642.4163,,slider,1,0,0.00,-0.00,-55.90,INHIBITED,HANDS_ON,16060,0,P,P,0.00,released,RELEASED
2026-05-18 22:07:27.531,642.8179,,slider,1,0,0.00,-0.00,-30.90,INHIBITED,HANDS_ON,16070,0,P,P,0.00,released,RELEASED
2026-05-18 22:07:27.931,643.2183,,slider,1,0,0.00,-0.00,52.30,INHIBITED,HANDS_ON,16080,0,P,P,0.00,released,RELEASED
2026-05-18 22:07:28.331,643.6181,,slider,1,0,0.00,-0.00,27.30,INHIBITED,HANDS_ON,16090,0,P,P,0.00,released,RELEASED
2026-05-18 22:07:28.731,644.0181,,slider,1,0,0.00,-0.00,1.20,INHIBITED,HANDS_ON,16100,0,P,P,0.00,released,RELEASED
2026-05-18 22:07:29.122,644.4096,,slider,1,0,0.00,-0.00,3.80,INHIBITED,HANDS_ON,16110,0,P,P,0.00,released,RELEASED
2026-05-18 22:07:29.523,644.8106,,slider,1,0,0.00,-0.00,3.10,INHIBITED,HANDS_ON,16120,0,P,P,0.00,released,RELEASED
2026-05-18 22:07:29.924,645.2115,,slider,1,0,0.00,-0.00,3.10,INHIBITED,HANDS_ON,16130,0,P,P,0.00,released,RELEASED
2026-05-18 22:07:30.323,645.6102,,slider,1,0,0.00,-0.00,3.10,INHIBITED,HANDS_ON,16140,0,P,P,0.00,released,RELEASED
2026-05-18 22:07:30.722,646.0089,,slider,1,0,0.00,-0.00,3.10,INHIBITED,HANDS_ON,16150,0,P,P,0.00,released,RELEASED
2026-05-18 22:07:31.123,646.4109,,slider,1,0,0.00,-0.00,3.20,INHIBITED,HANDS_ON,16160,0,P,P,0.00,released,RELEASED
2026-05-18 22:07:31.524,646.8111,,slider,1,0,0.00,-0.00,4.60,INHIBITED,HANDS_ON,16170,0,P,P,0.00,released,RELEASED
2026-05-18 22:07:31.923,647.2109,,slider,1,0,0.00,-0.00,3.60,INHIBITED,HANDS_ON,16180,0,P,P,0.00,released,RELEASED
2026-05-18 22:07:32.322,647.6094,,slider,1,0,0.00,-0.00,3.10,INHIBITED,HANDS_ON,16190,0,P,P,0.00,released,RELEASED
2026-05-18 22:07:32.723,648.0099,,slider,1,0,0.00,-0.00,3.00,INHIBITED,HANDS_ON,16200,0,P,P,0.00,released,RELEASED
2026-05-18 22:07:33.123,648.4106,,slider,1,0,0.00,-0.00,2.70,INHIBITED,HANDS_ON,16210,0,P,P,0.00,released,RELEASED
2026-05-18 22:07:33.523,648.8107,,slider,1,0,0.00,-0.00,2.20,INHIBITED,HANDS_ON,16220,0,P,P,0.00,released,RELEASED
2026-05-18 22:07:33.724,649.0118,estop:disconnect requested,slider,0,1,0.00,-0.00,2.20,INHIBITED,HANDS_ON,16225,0,P,P,0.00,released,RELEASED
