[2026-05-26 21:08:48.770] session start (20260526_210848)
[2026-05-26 21:08:48.959] CAN open: SYS TEC dev=0 ch=0 500 kbps
[2026-05-26 21:08:48.959] keepalive plan: GTW=False EPB=True 30MPH=False
[2026-05-26 21:08:48.960] err -> OUT_OF_RANGE
[2026-05-26 21:08:49.021] EAC: INHIBITED -> AVAILABLE (err=OUT_OF_RANGE)
[2026-05-26 21:08:49.908] EAC: AVAILABLE -> ACTIVE (err=NONE)
[2026-05-26 21:10:15.526] brake: PRESSED
[2026-05-26 21:10:15.727] brake: released
[2026-05-26 21:10:15.946] brake: PRESSED
[2026-05-26 21:10:27.261] rc: RND switch -> N, queuing shift
[2026-05-26 21:10:27.268] SHIFT: requesting N via 0x6D burst (30 active + 10 idle frames at 200 Hz)
[2026-05-26 21:10:27.269] shift requested: N
[2026-05-26 21:10:27.302] gear: P -> N
[2026-05-26 21:10:27.303] AUTO-DISENGAGE: gear left Park (now N)
[2026-05-26 21:10:27.304] Husby was here, and we are ready to go
[2026-05-26 21:10:27.307] AUTO-DISENGAGE: gear left Park (now N)
[2026-05-26 21:10:27.307] Husby was here, and we are ready to go
[2026-05-26 21:10:27.307] AUTO-DISENGAGE: gear left Park (now N)
[2026-05-26 21:10:27.307] Husby was here, and we are ready to go
[2026-05-26 21:10:27.311] AUTO-DISENGAGE: gear left Park (now N)
[2026-05-26 21:10:27.311] Husby was here, and we are ready to go
[2026-05-26 21:10:27.312] AUTO-DISENGAGE: gear left Park (now N)
[2026-05-26 21:10:27.312] Husby was here, and we are ready to go
[2026-05-26 21:10:27.318] AUTO-DISENGAGE: gear left Park (now N)
[2026-05-26 21:10:27.318] Husby was here, and we are ready to go
[2026-05-26 21:10:27.323] AUTO-DISENGAGE: gear left Park (now N)
[2026-05-26 21:10:27.323] Husby was here, and we are ready to go
[2026-05-26 21:10:27.327] AUTO-DISENGAGE: gear left Park (now N)
[2026-05-26 21:10:27.327] Husby was here, and we are ready to go
[2026-05-26 21:10:27.327] AUTO-DISENGAGE: gear left Park (now N)
[2026-05-26 21:10:27.327] Husby was here, and we are ready to go
[2026-05-26 21:10:27.333] AUTO-DISENGAGE: gear left Park (now N)
[2026-05-26 21:10:27.333] Husby was here, and we are ready to go
[2026-05-26 21:10:27.337] AUTO-DISENGAGE: gear left Park (now N)
[2026-05-26 21:10:27.337] Husby was here, and we are ready to go
[2026-05-26 21:10:27.343] AUTO-DISENGAGE: gear left Park (now N)
[2026-05-26 21:10:27.343] Husby was here, and we are ready to go
[2026-05-26 21:10:27.347] AUTO-DISENGAGE: gear left Park (now N)
[2026-05-26 21:10:27.347] Husby was here, and we are ready to go
[2026-05-26 21:10:27.347] AUTO-DISENGAGE: gear left Park (now N)
[2026-05-26 21:10:27.347] Husby was here, and we are ready to go
[2026-05-26 21:10:27.353] AUTO-DISENGAGE: gear left Park (now N)
[2026-05-26 21:10:27.353] Husby was here, and we are ready to go
[2026-05-26 21:10:27.357] AUTO-DISENGAGE: gear left Park (now N)
[2026-05-26 21:10:27.357] Husby was here, and we are ready to go
[2026-05-26 21:10:27.363] AUTO-DISENGAGE: gear left Park (now N)
[2026-05-26 21:10:27.363] Husby was here, and we are ready to go
[2026-05-26 21:10:27.367] AUTO-DISENGAGE: gear left Park (now N)
[2026-05-26 21:10:27.367] Husby was here, and we are ready to go
[2026-05-26 21:10:27.367] AUTO-DISENGAGE: gear left Park (now N)
[2026-05-26 21:10:27.367] Husby was here, and we are ready to go
[2026-05-26 21:10:27.373] AUTO-DISENGAGE: gear left Park (now N)
[2026-05-26 21:10:27.373] Husby was here, and we are ready to go
[2026-05-26 21:10:27.377] AUTO-DISENGAGE: gear left Park (now N)
[2026-05-26 21:10:27.377] Husby was here, and we are ready to go
[2026-05-26 21:10:27.383] AUTO-DISENGAGE: gear left Park (now N)
[2026-05-26 21:10:27.383] Husby was here, and we are ready to go
[2026-05-26 21:10:27.387] AUTO-DISENGAGE: gear left Park (now N)
[2026-05-26 21:10:27.387] Husby was here, and we are ready to go
[2026-05-26 21:10:27.387] AUTO-DISENGAGE: gear left Park (now N)
[2026-05-26 21:10:27.387] Husby was here, and we are ready to go
[2026-05-26 21:10:27.393] AUTO-DISENGAGE: gear left Park (now N)
[2026-05-26 21:10:27.393] Husby was here, and we are ready to go
[2026-05-26 21:10:27.397] AUTO-DISENGAGE: gear left Park (now N)
[2026-05-26 21:10:27.398] Husby was here, and we are ready to go
[2026-05-26 21:10:27.403] AUTO-DISENGAGE: gear left Park (now N)
[2026-05-26 21:10:27.403] Husby was here, and we are ready to go
[2026-05-26 21:10:27.407] AUTO-DISENGAGE: gear left Park (now N)
[2026-05-26 21:10:27.407] Husby was here, and we are ready to go
[2026-05-26 21:10:27.407] AUTO-DISENGAGE: gear left Park (now N)
[2026-05-26 21:10:27.407] Husby was here, and we are ready to go
[2026-05-26 21:10:27.411] AUTO-DISENGAGE: gear left Park (now N)
[2026-05-26 21:10:27.411] Husby was here, and we are ready to go
[2026-05-26 21:10:27.412] AUTO-DISENGAGE: gear left Park (now N)
[2026-05-26 21:10:27.412] Husby was here, and we are ready to go
[2026-05-26 21:10:27.418] AUTO-DISENGAGE: gear left Park (now N)
[2026-05-26 21:10:27.418] Husby was here, and we are ready to go
[2026-05-26 21:10:27.423] AUTO-DISENGAGE: gear left Park (now N)
[2026-05-26 21:10:27.423] Husby was here, and we are ready to go
[2026-05-26 21:10:27.427] AUTO-DISENGAGE: gear left Park (now N)
[2026-05-26 21:10:27.427] Husby was here, and we are ready to go
[2026-05-26 21:10:27.427] AUTO-DISENGAGE: gear left Park (now N)
[2026-05-26 21:10:27.427] Husby was here, and we are ready to go
[2026-05-26 21:10:27.433] AUTO-DISENGAGE: gear left Park (now N)
[2026-05-26 21:10:27.433] Husby was here, and we are ready to go
[2026-05-26 21:10:27.437] AUTO-DISENGAGE: gear left Park (now N)
[2026-05-26 21:10:27.437] Husby was here, and we are ready to go
[2026-05-26 21:10:27.443] AUTO-DISENGAGE: gear left Park (now N)
[2026-05-26 21:10:27.443] Husby was here, and we are ready to go
[2026-05-26 21:10:27.447] AUTO-DISENGAGE: gear left Park (now N)
[2026-05-26 21:10:27.447] Husby was here, and we are ready to go
[2026-05-26 21:10:27.447] AUTO-DISENGAGE: gear left Park (now N)
[2026-05-26 21:10:27.448] Husby was here, and we are ready to go
[2026-05-26 21:10:27.453] AUTO-DISENGAGE: gear left Park (now N)
[2026-05-26 21:10:27.453] Husby was here, and we are ready to go
[2026-05-26 21:10:27.458] AUTO-DISENGAGE: gear left Park (now N)
[2026-05-26 21:10:27.458] Husby was here, and we are ready to go
[2026-05-26 21:10:27.463] AUTO-DISENGAGE: gear left Park (now N)
[2026-05-26 21:10:27.463] Husby was here, and we are ready to go
[2026-05-26 21:10:27.467] AUTO-DISENGAGE: gear left Park (now N)
[2026-05-26 21:10:27.467] Husby was here, and we are ready to go
[2026-05-26 21:10:27.488] AUTO-DISENGAGE: gear left Park (now N)
[2026-05-26 21:10:27.488] Husby was here, and we are ready to go
[2026-05-26 21:10:27.508] AUTO-DISENGAGE: gear left Park (now N)
[2026-05-26 21:10:27.508] Husby was here, and we are ready to go
[2026-05-26 21:10:27.511] AUTO-DISENGAGE: gear left Park (now N)
[2026-05-26 21:10:27.511] Husby was here, and we are ready to go
[2026-05-26 21:10:27.528] AUTO-DISENGAGE: gear left Park (now N)
[2026-05-26 21:10:27.528] Husby was here, and we are ready to go
[2026-05-26 21:10:27.548] AUTO-DISENGAGE: gear left Park (now N)
[2026-05-26 21:10:27.548] Husby was here, and we are ready to go
[2026-05-26 21:10:27.568] AUTO-DISENGAGE: gear left Park (now N)
[2026-05-26 21:10:27.568] Husby was here, and we are ready to go
[2026-05-26 21:10:27.589] AUTO-DISENGAGE: gear left Park (now N)
[2026-05-26 21:10:27.589] Husby was here, and we are ready to go
[2026-05-26 21:10:27.608] AUTO-DISENGAGE: gear left Park (now N)
[2026-05-26 21:10:27.608] Husby was here, and we are ready to go
[2026-05-26 21:10:27.611] AUTO-DISENGAGE: gear left Park (now N)
[2026-05-26 21:10:27.611] Husby was here, and we are ready to go
[2026-05-26 21:10:27.629] AUTO-DISENGAGE: gear left Park (now N)
[2026-05-26 21:10:27.629] Husby was here, and we are ready to go
[2026-05-26 21:10:27.648] AUTO-DISENGAGE: gear left Park (now N)
[2026-05-26 21:10:27.648] Husby was here, and we are ready to go
[2026-05-26 21:10:27.668] AUTO-DISENGAGE: gear left Park (now N)
[2026-05-26 21:10:27.668] Husby was here, and we are ready to go
[2026-05-26 21:10:27.668] SHIFT post-burst gear: N (requested N)
[2026-05-26 21:10:27.688] AUTO-DISENGAGE: gear left Park (now N)
[2026-05-26 21:10:27.688] Husby was here, and we are ready to go
[2026-05-26 21:10:27.708] AUTO-DISENGAGE: gear left Park (now N)
[2026-05-26 21:10:27.709] Husby was here, and we are ready to go
[2026-05-26 21:10:27.711] AUTO-DISENGAGE: gear left Park (now N)
[2026-05-26 21:10:27.711] Husby was here, and we are ready to go
[2026-05-26 21:10:27.728] AUTO-DISENGAGE: gear left Park (now N)
[2026-05-26 21:10:27.728] Husby was here, and we are ready to go
[2026-05-26 21:10:27.748] AUTO-DISENGAGE: gear left Park (now N)
[2026-05-26 21:10:27.748] Husby was here, and we are ready to go
[2026-05-26 21:10:27.768] AUTO-DISENGAGE: gear left Park (now N)
[2026-05-26 21:10:27.768] Husby was here, and we are ready to go
[2026-05-26 21:10:27.788] AUTO-DISENGAGE: gear left Park (now N)
[2026-05-26 21:10:27.788] Husby was here, and we are ready to go
[2026-05-26 21:10:27.808] AUTO-DISENGAGE: gear left Park (now N)
[2026-05-26 21:10:27.808] Husby was here, and we are ready to go
[2026-05-26 21:10:27.811] AUTO-DISENGAGE: gear left Park (now N)
[2026-05-26 21:10:27.811] Husby was here, and we are ready to go
[2026-05-26 21:10:27.828] AUTO-DISENGAGE: gear left Park (now N)
[2026-05-26 21:10:27.828] Husby was here, and we are ready to go
[2026-05-26 21:10:27.848] AUTO-DISENGAGE: gear left Park (now N)
[2026-05-26 21:10:27.848] Husby was here, and we are ready to go
[2026-05-26 21:10:27.869] AUTO-DISENGAGE: gear left Park (now N)
[2026-05-26 21:10:27.869] Husby was here, and we are ready to go
[2026-05-26 21:10:27.888] AUTO-DISENGAGE: gear left Park (now N)
[2026-05-26 21:10:27.888] Husby was here, and we are ready to go
[2026-05-26 21:10:27.909] AUTO-DISENGAGE: gear left Park (now N)
[2026-05-26 21:10:27.909] Husby was here, and we are ready to go
[2026-05-26 21:10:27.911] AUTO-DISENGAGE: gear left Park (now N)
[2026-05-26 21:10:27.911] Husby was here, and we are ready to go
[2026-05-26 21:10:27.928] AUTO-DISENGAGE: gear left Park (now N)
[2026-05-26 21:10:27.928] Husby was here, and we are ready to go
[2026-05-26 21:10:27.948] AUTO-DISENGAGE: gear left Park (now N)
[2026-05-26 21:10:27.948] Husby was here, and we are ready to go
[2026-05-26 21:10:27.969] AUTO-DISENGAGE: gear left Park (now N)
[2026-05-26 21:10:27.970] Husby was here, and we are ready to go
[2026-05-26 21:10:27.988] AUTO-DISENGAGE: gear left Park (now N)
[2026-05-26 21:10:27.988] Husby was here, and we are ready to go
[2026-05-26 21:10:28.008] AUTO-DISENGAGE: gear left Park (now N)
[2026-05-26 21:10:28.008] Husby was here, and we are ready to go
[2026-05-26 21:10:28.011] AUTO-DISENGAGE: gear left Park (now N)
[2026-05-26 21:10:28.011] Husby was here, and we are ready to go
[2026-05-26 21:10:28.028] AUTO-DISENGAGE: gear left Park (now N)
[2026-05-26 21:10:28.028] Husby was here, and we are ready to go
[2026-05-26 21:10:28.048] AUTO-DISENGAGE: gear left Park (now N)
[2026-05-26 21:10:28.048] Husby was here, and we are ready to go
[2026-05-26 21:10:28.068] AUTO-DISENGAGE: gear left Park (now N)
[2026-05-26 21:10:28.068] Husby was here, and we are ready to go
[2026-05-26 21:10:28.088] AUTO-DISENGAGE: gear left Park (now N)
[2026-05-26 21:10:28.088] Husby was here, and we are ready to go
[2026-05-26 21:10:28.108] AUTO-DISENGAGE: gear left Park (now N)
[2026-05-26 21:10:28.108] Husby was here, and we are ready to go
[2026-05-26 21:10:28.111] AUTO-DISENGAGE: gear left Park (now N)
[2026-05-26 21:10:28.111] Husby was here, and we are ready to go
[2026-05-26 21:10:28.128] AUTO-DISENGAGE: gear left Park (now N)
[2026-05-26 21:10:28.128] Husby was here, and we are ready to go
[2026-05-26 21:10:28.149] AUTO-DISENGAGE: gear left Park (now N)
[2026-05-26 21:10:28.150] Husby was here, and we are ready to go
[2026-05-26 21:10:28.168] AUTO-DISENGAGE: gear left Park (now N)
[2026-05-26 21:10:28.168] Husby was here, and we are ready to go
[2026-05-26 21:10:28.188] AUTO-DISENGAGE: gear left Park (now N)
[2026-05-26 21:10:28.188] Husby was here, and we are ready to go
[2026-05-26 21:10:28.209] AUTO-DISENGAGE: gear left Park (now N)
[2026-05-26 21:10:28.209] Husby was here, and we are ready to go
[2026-05-26 21:10:28.211] AUTO-DISENGAGE: gear left Park (now N)
[2026-05-26 21:10:28.211] Husby was here, and we are ready to go
[2026-05-26 21:10:28.228] AUTO-DISENGAGE: gear left Park (now N)
[2026-05-26 21:10:28.229] Husby was here, and we are ready to go
[2026-05-26 21:10:28.248] AUTO-DISENGAGE: gear left Park (now N)
[2026-05-26 21:10:28.248] Husby was here, and we are ready to go
[2026-05-26 21:10:28.268] AUTO-DISENGAGE: gear left Park (now N)
[2026-05-26 21:10:28.268] Husby was here, and we are ready to go
[2026-05-26 21:10:28.288] AUTO-DISENGAGE: gear left Park (now N)
[2026-05-26 21:10:28.288] Husby was here, and we are ready to go
[2026-05-26 21:10:28.308] AUTO-DISENGAGE: gear left Park (now N)
[2026-05-26 21:10:28.308] Husby was here, and we are ready to go
[2026-05-26 21:10:28.311] AUTO-DISENGAGE: gear left Park (now N)
[2026-05-26 21:10:28.311] Husby was here, and we are ready to go
[2026-05-26 21:10:28.328] AUTO-DISENGAGE: gear left Park (now N)
[2026-05-26 21:10:28.328] Husby was here, and we are ready to go
[2026-05-26 21:10:28.348] AUTO-DISENGAGE: gear left Park (now N)
[2026-05-26 21:10:28.348] Husby was here, and we are ready to go
[2026-05-26 21:10:28.368] AUTO-DISENGAGE: gear left Park (now N)
[2026-05-26 21:10:28.368] Husby was here, and we are ready to go
[2026-05-26 21:10:28.388] AUTO-DISENGAGE: gear left Park (now N)
[2026-05-26 21:10:28.388] Husby was here, and we are ready to go
[2026-05-26 21:10:28.409] AUTO-DISENGAGE: gear left Park (now N)
[2026-05-26 21:10:28.409] Husby was here, and we are ready to go
[2026-05-26 21:10:28.411] AUTO-DISENGAGE: gear left Park (now N)
[2026-05-26 21:10:28.411] Husby was here, and we are ready to go
[2026-05-26 21:10:28.428] AUTO-DISENGAGE: gear left Park (now N)
[2026-05-26 21:10:28.428] Husby was here, and we are ready to go
[2026-05-26 21:10:28.448] AUTO-DISENGAGE: gear left Park (now N)
[2026-05-26 21:10:28.449] Husby was here, and we are ready to go
[2026-05-26 21:10:28.468] AUTO-DISENGAGE: gear left Park (now N)
[2026-05-26 21:10:28.468] Husby was here, and we are ready to go
[2026-05-26 21:10:28.487] AUTO-DISENGAGE: gear left Park (now N)
[2026-05-26 21:10:28.487] Husby was here, and we are ready to go
[2026-05-26 21:10:28.509] AUTO-DISENGAGE: gear left Park (now N)
[2026-05-26 21:10:28.509] Husby was here, and we are ready to go
[2026-05-26 21:10:28.511] AUTO-DISENGAGE: gear left Park (now N)
[2026-05-26 21:10:28.511] Husby was here, and we are ready to go
[2026-05-26 21:10:28.528] AUTO-DISENGAGE: gear left Park (now N)
[2026-05-26 21:10:28.529] Husby was here, and we are ready to go
[2026-05-26 21:10:28.549] AUTO-DISENGAGE: gear left Park (now N)
[2026-05-26 21:10:28.549] Husby was here, and we are ready to go
[2026-05-26 21:10:28.568] AUTO-DISENGAGE: gear left Park (now N)
[2026-05-26 21:10:28.568] Husby was here, and we are ready to go
[2026-05-26 21:10:28.588] AUTO-DISENGAGE: gear left Park (now N)
[2026-05-26 21:10:28.588] Husby was here, and we are ready to go
[2026-05-26 21:10:28.609] AUTO-DISENGAGE: gear left Park (now N)
[2026-05-26 21:10:28.609] Husby was here, and we are ready to go
[2026-05-26 21:10:28.611] AUTO-DISENGAGE: gear left Park (now N)
[2026-05-26 21:10:28.611] Husby was here, and we are ready to go
[2026-05-26 21:10:28.629] AUTO-DISENGAGE: gear left Park (now N)
[2026-05-26 21:10:28.629] Husby was here, and we are ready to go
[2026-05-26 21:10:28.648] AUTO-DISENGAGE: gear left Park (now N)
[2026-05-26 21:10:28.648] Husby was here, and we are ready to go
[2026-05-26 21:10:28.668] AUTO-DISENGAGE: gear left Park (now N)
[2026-05-26 21:10:28.669] Husby was here, and we are ready to go
[2026-05-26 21:10:28.688] AUTO-DISENGAGE: gear left Park (now N)
[2026-05-26 21:10:28.688] Husby was here, and we are ready to go
[2026-05-26 21:10:28.708] AUTO-DISENGAGE: gear left Park (now N)
[2026-05-26 21:10:28.708] Husby was here, and we are ready to go
[2026-05-26 21:10:28.711] AUTO-DISENGAGE: gear left Park (now N)
[2026-05-26 21:10:28.711] Husby was here, and we are ready to go
[2026-05-26 21:10:28.728] AUTO-DISENGAGE: gear left Park (now N)
[2026-05-26 21:10:28.728] Husby was here, and we are ready to go
[2026-05-26 21:10:28.749] AUTO-DISENGAGE: gear left Park (now N)
[2026-05-26 21:10:28.749] Husby was here, and we are ready to go
[2026-05-26 21:10:28.769] AUTO-DISENGAGE: gear left Park (now N)
[2026-05-26 21:10:28.769] Husby was here, and we are ready to go
[2026-05-26 21:10:28.788] AUTO-DISENGAGE: gear left Park (now N)
[2026-05-26 21:10:28.788] Husby was here, and we are ready to go
[2026-05-26 21:10:28.808] AUTO-DISENGAGE: gear left Park (now N)
[2026-05-26 21:10:28.808] Husby was here, and we are ready to go
[2026-05-26 21:10:28.811] AUTO-DISENGAGE: gear left Park (now N)
[2026-05-26 21:10:28.811] Husby was here, and we are ready to go
[2026-05-26 21:10:28.828] AUTO-DISENGAGE: gear left Park (now N)
[2026-05-26 21:10:28.828] Husby was here, and we are ready to go
[2026-05-26 21:10:28.849] AUTO-DISENGAGE: gear left Park (now N)
[2026-05-26 21:10:28.849] Husby was here, and we are ready to go
[2026-05-26 21:10:28.870] AUTO-DISENGAGE: gear left Park (now N)
[2026-05-26 21:10:28.870] Husby was here, and we are ready to go
[2026-05-26 21:10:28.888] AUTO-DISENGAGE: gear left Park (now N)
[2026-05-26 21:10:28.888] Husby was here, and we are ready to go
[2026-05-26 21:10:28.909] AUTO-DISENGAGE: gear left Park (now N)
[2026-05-26 21:10:28.909] Husby was here, and we are ready to go
[2026-05-26 21:10:28.911] AUTO-DISENGAGE: gear left Park (now N)
[2026-05-26 21:10:28.911] Husby was here, and we are ready to go
[2026-05-26 21:10:28.928] AUTO-DISENGAGE: gear left Park (now N)
[2026-05-26 21:10:28.928] Husby was here, and we are ready to go
[2026-05-26 21:10:28.949] AUTO-DISENGAGE: gear left Park (now N)
[2026-05-26 21:10:28.949] Husby was here, and we are ready to go
[2026-05-26 21:10:28.968] AUTO-DISENGAGE: gear left Park (now N)
[2026-05-26 21:10:28.968] Husby was here, and we are ready to go
[2026-05-26 21:10:28.987] AUTO-DISENGAGE: gear left Park (now N)
[2026-05-26 21:10:28.988] Husby was here, and we are ready to go
[2026-05-26 21:10:29.008] AUTO-DISENGAGE: gear left Park (now N)
[2026-05-26 21:10:29.009] Husby was here, and we are ready to go
[2026-05-26 21:10:29.011] AUTO-DISENGAGE: gear left Park (now N)
[2026-05-26 21:10:29.011] Husby was here, and we are ready to go
[2026-05-26 21:10:29.028] AUTO-DISENGAGE: gear left Park (now N)
[2026-05-26 21:10:29.028] Husby was here, and we are ready to go
[2026-05-26 21:10:29.048] AUTO-DISENGAGE: gear left Park (now N)
[2026-05-26 21:10:29.048] Husby was here, and we are ready to go
[2026-05-26 21:10:29.068] AUTO-DISENGAGE: gear left Park (now N)
[2026-05-26 21:10:29.068] Husby was here, and we are ready to go
[2026-05-26 21:10:29.087] AUTO-DISENGAGE: gear left Park (now N)
[2026-05-26 21:10:29.087] Husby was here, and we are ready to go
[2026-05-26 21:10:29.108] AUTO-DISENGAGE: gear left Park (now N)
[2026-05-26 21:10:29.108] Husby was here, and we are ready to go
[2026-05-26 21:10:29.111] AUTO-DISENGAGE: gear left Park (now N)
[2026-05-26 21:10:29.111] Husby was here, and we are ready to go
[2026-05-26 21:10:29.128] AUTO-DISENGAGE: gear left Park (now N)
[2026-05-26 21:10:29.128] Husby was here, and we are ready to go
[2026-05-26 21:10:29.148] AUTO-DISENGAGE: gear left Park (now N)
[2026-05-26 21:10:29.148] Husby was here, and we are ready to go
[2026-05-26 21:10:29.168] AUTO-DISENGAGE: gear left Park (now N)
[2026-05-26 21:10:29.168] Husby was here, and we are ready to go
[2026-05-26 21:10:29.188] AUTO-DISENGAGE: gear left Park (now N)
[2026-05-26 21:10:29.188] Husby was here, and we are ready to go
[2026-05-26 21:10:29.208] AUTO-DISENGAGE: gear left Park (now N)
[2026-05-26 21:10:29.208] Husby was here, and we are ready to go
[2026-05-26 21:10:29.211] AUTO-DISENGAGE: gear left Park (now N)
[2026-05-26 21:10:29.211] Husby was here, and we are ready to go
[2026-05-26 21:10:29.228] AUTO-DISENGAGE: gear left Park (now N)
[2026-05-26 21:10:29.228] Husby was here, and we are ready to go
[2026-05-26 21:10:29.249] AUTO-DISENGAGE: gear left Park (now N)
[2026-05-26 21:10:29.249] Husby was here, and we are ready to go
[2026-05-26 21:10:29.269] AUTO-DISENGAGE: gear left Park (now N)
[2026-05-26 21:10:29.269] Husby was here, and we are ready to go
[2026-05-26 21:10:29.288] AUTO-DISENGAGE: gear left Park (now N)
[2026-05-26 21:10:29.288] Husby was here, and we are ready to go
[2026-05-26 21:10:29.308] AUTO-DISENGAGE: gear left Park (now N)
[2026-05-26 21:10:29.309] Husby was here, and we are ready to go
[2026-05-26 21:10:29.311] AUTO-DISENGAGE: gear left Park (now N)
[2026-05-26 21:10:29.311] Husby was here, and we are ready to go
[2026-05-26 21:10:29.328] AUTO-DISENGAGE: gear left Park (now N)
[2026-05-26 21:10:29.328] Husby was here, and we are ready to go
[2026-05-26 21:10:29.348] AUTO-DISENGAGE: gear left Park (now N)
[2026-05-26 21:10:29.348] Husby was here, and we are ready to go
[2026-05-26 21:10:29.368] AUTO-DISENGAGE: gear left Park (now N)
[2026-05-26 21:10:29.368] Husby was here, and we are ready to go
[2026-05-26 21:10:29.387] AUTO-DISENGAGE: gear left Park (now N)
[2026-05-26 21:10:29.388] Husby was here, and we are ready to go
[2026-05-26 21:10:29.408] AUTO-DISENGAGE: gear left Park (now N)
[2026-05-26 21:10:29.408] Husby was here, and we are ready to go
[2026-05-26 21:10:29.411] AUTO-DISENGAGE: gear left Park (now N)
[2026-05-26 21:10:29.411] Husby was here, and we are ready to go
[2026-05-26 21:10:29.428] AUTO-DISENGAGE: gear left Park (now N)
[2026-05-26 21:10:29.428] Husby was here, and we are ready to go
[2026-05-26 21:10:29.448] AUTO-DISENGAGE: gear left Park (now N)
[2026-05-26 21:10:29.448] Husby was here, and we are ready to go
[2026-05-26 21:10:29.468] AUTO-DISENGAGE: gear left Park (now N)
[2026-05-26 21:10:29.468] Husby was here, and we are ready to go
[2026-05-26 21:10:29.488] AUTO-DISENGAGE: gear left Park (now N)
[2026-05-26 21:10:29.488] Husby was here, and we are ready to go
[2026-05-26 21:10:29.508] AUTO-DISENGAGE: gear left Park (now N)
[2026-05-26 21:10:29.508] Husby was here, and we are ready to go
[2026-05-26 21:10:29.511] AUTO-DISENGAGE: gear left Park (now N)
[2026-05-26 21:10:29.511] Husby was here, and we are ready to go
[2026-05-26 21:10:29.528] AUTO-DISENGAGE: gear left Park (now N)
[2026-05-26 21:10:29.528] Husby was here, and we are ready to go
[2026-05-26 21:10:29.548] AUTO-DISENGAGE: gear left Park (now N)
[2026-05-26 21:10:29.548] Husby was here, and we are ready to go
[2026-05-26 21:10:29.568] AUTO-DISENGAGE: gear left Park (now N)
[2026-05-26 21:10:29.568] Husby was here, and we are ready to go
[2026-05-26 21:10:29.587] AUTO-DISENGAGE: gear left Park (now N)
[2026-05-26 21:10:29.588] Husby was here, and we are ready to go
[2026-05-26 21:10:29.609] AUTO-DISENGAGE: gear left Park (now N)
[2026-05-26 21:10:29.609] Husby was here, and we are ready to go
[2026-05-26 21:10:29.611] AUTO-DISENGAGE: gear left Park (now N)
[2026-05-26 21:10:29.611] Husby was here, and we are ready to go
[2026-05-26 21:10:29.628] AUTO-DISENGAGE: gear left Park (now N)
[2026-05-26 21:10:29.628] Husby was here, and we are ready to go
[2026-05-26 21:10:29.648] AUTO-DISENGAGE: gear left Park (now N)
[2026-05-26 21:10:29.648] Husby was here, and we are ready to go
[2026-05-26 21:10:29.668] AUTO-DISENGAGE: gear left Park (now N)
[2026-05-26 21:10:29.668] Husby was here, and we are ready to go
[2026-05-26 21:10:29.687] AUTO-DISENGAGE: gear left Park (now N)
[2026-05-26 21:10:29.688] Husby was here, and we are ready to go
[2026-05-26 21:10:29.708] AUTO-DISENGAGE: gear left Park (now N)
[2026-05-26 21:10:29.708] Husby was here, and we are ready to go
[2026-05-26 21:10:29.711] AUTO-DISENGAGE: gear left Park (now N)
[2026-05-26 21:10:29.711] Husby was here, and we are ready to go
[2026-05-26 21:10:29.728] AUTO-DISENGAGE: gear left Park (now N)
[2026-05-26 21:10:29.728] Husby was here, and we are ready to go
[2026-05-26 21:10:29.748] AUTO-DISENGAGE: gear left Park (now N)
[2026-05-26 21:10:29.748] Husby was here, and we are ready to go
[2026-05-26 21:10:29.768] AUTO-DISENGAGE: gear left Park (now N)
[2026-05-26 21:10:29.768] Husby was here, and we are ready to go
[2026-05-26 21:10:29.788] AUTO-DISENGAGE: gear left Park (now N)
[2026-05-26 21:10:29.788] Husby was here, and we are ready to go
[2026-05-26 21:10:29.808] AUTO-DISENGAGE: gear left Park (now N)
[2026-05-26 21:10:29.808] Husby was here, and we are ready to go
[2026-05-26 21:10:29.811] AUTO-DISENGAGE: gear left Park (now N)
[2026-05-26 21:10:29.811] Husby was here, and we are ready to go
[2026-05-26 21:10:29.828] AUTO-DISENGAGE: gear left Park (now N)
[2026-05-26 21:10:29.828] Husby was here, and we are ready to go
[2026-05-26 21:10:29.848] AUTO-DISENGAGE: gear left Park (now N)
[2026-05-26 21:10:29.848] Husby was here, and we are ready to go
[2026-05-26 21:10:29.868] AUTO-DISENGAGE: gear left Park (now N)
[2026-05-26 21:10:29.868] Husby was here, and we are ready to go
[2026-05-26 21:10:29.888] AUTO-DISENGAGE: gear left Park (now N)
[2026-05-26 21:10:29.888] Husby was here, and we are ready to go
[2026-05-26 21:10:29.908] AUTO-DISENGAGE: gear left Park (now N)
[2026-05-26 21:10:29.909] Husby was here, and we are ready to go
[2026-05-26 21:10:29.911] AUTO-DISENGAGE: gear left Park (now N)
[2026-05-26 21:10:29.911] Husby was here, and we are ready to go
[2026-05-26 21:10:29.928] AUTO-DISENGAGE: gear left Park (now N)
[2026-05-26 21:10:29.928] Husby was here, and we are ready to go
[2026-05-26 21:10:29.948] AUTO-DISENGAGE: gear left Park (now N)
[2026-05-26 21:10:29.948] Husby was here, and we are ready to go
[2026-05-26 21:10:29.968] AUTO-DISENGAGE: gear left Park (now N)
[2026-05-26 21:10:29.968] Husby was here, and we are ready to go
[2026-05-26 21:10:29.988] AUTO-DISENGAGE: gear left Park (now N)
[2026-05-26 21:10:29.988] Husby was here, and we are ready to go
[2026-05-26 21:10:30.008] AUTO-DISENGAGE: gear left Park (now N)
[2026-05-26 21:10:30.008] Husby was here, and we are ready to go
[2026-05-26 21:10:30.011] AUTO-DISENGAGE: gear left Park (now N)
[2026-05-26 21:10:30.011] Husby was here, and we are ready to go
[2026-05-26 21:10:30.028] AUTO-DISENGAGE: gear left Park (now N)
[2026-05-26 21:10:30.028] Husby was here, and we are ready to go
[2026-05-26 21:10:30.048] AUTO-DISENGAGE: gear left Park (now N)
[2026-05-26 21:10:30.048] Husby was here, and we are ready to go
[2026-05-26 21:10:30.068] AUTO-DISENGAGE: gear left Park (now N)
[2026-05-26 21:10:30.068] Husby was here, and we are ready to go
[2026-05-26 21:10:30.088] AUTO-DISENGAGE: gear left Park (now N)
[2026-05-26 21:10:30.088] Husby was here, and we are ready to go
[2026-05-26 21:10:30.108] AUTO-DISENGAGE: gear left Park (now N)
[2026-05-26 21:10:30.108] Husby was here, and we are ready to go
[2026-05-26 21:10:30.111] AUTO-DISENGAGE: gear left Park (now N)
[2026-05-26 21:10:30.111] Husby was here, and we are ready to go
[2026-05-26 21:10:30.128] AUTO-DISENGAGE: gear left Park (now N)
[2026-05-26 21:10:30.128] Husby was here, and we are ready to go
[2026-05-26 21:10:30.148] AUTO-DISENGAGE: gear left Park (now N)
[2026-05-26 21:10:30.148] Husby was here, and we are ready to go
[2026-05-26 21:10:30.168] AUTO-DISENGAGE: gear left Park (now N)
[2026-05-26 21:10:30.168] Husby was here, and we are ready to go
[2026-05-26 21:10:30.188] AUTO-DISENGAGE: gear left Park (now N)
[2026-05-26 21:10:30.188] Husby was here, and we are ready to go
[2026-05-26 21:10:30.208] AUTO-DISENGAGE: gear left Park (now N)
[2026-05-26 21:10:30.208] Husby was here, and we are ready to go
[2026-05-26 21:10:30.211] AUTO-DISENGAGE: gear left Park (now N)
[2026-05-26 21:10:30.211] Husby was here, and we are ready to go
[2026-05-26 21:10:30.228] AUTO-DISENGAGE: gear left Park (now N)
[2026-05-26 21:10:30.228] Husby was here, and we are ready to go
[2026-05-26 21:10:30.248] AUTO-DISENGAGE: gear left Park (now N)
[2026-05-26 21:10:30.248] Husby was here, and we are ready to go
[2026-05-26 21:10:30.269] AUTO-DISENGAGE: gear left Park (now N)
[2026-05-26 21:10:30.269] Husby was here, and we are ready to go
[2026-05-26 21:10:30.288] AUTO-DISENGAGE: gear left Park (now N)
[2026-05-26 21:10:30.288] Husby was here, and we are ready to go
[2026-05-26 21:10:30.308] AUTO-DISENGAGE: gear left Park (now N)
[2026-05-26 21:10:30.308] Husby was here, and we are ready to go
[2026-05-26 21:10:30.311] AUTO-DISENGAGE: gear left Park (now N)
[2026-05-26 21:10:30.311] Husby was here, and we are ready to go
[2026-05-26 21:10:30.328] AUTO-DISENGAGE: gear left Park (now N)
[2026-05-26 21:10:30.328] Husby was here, and we are ready to go
[2026-05-26 21:10:30.348] AUTO-DISENGAGE: gear left Park (now N)
[2026-05-26 21:10:30.348] Husby was here, and we are ready to go
[2026-05-26 21:10:30.368] AUTO-DISENGAGE: gear left Park (now N)
[2026-05-26 21:10:30.368] Husby was here, and we are ready to go
[2026-05-26 21:10:30.388] AUTO-DISENGAGE: gear left Park (now N)
[2026-05-26 21:10:30.388] Husby was here, and we are ready to go
[2026-05-26 21:10:30.408] AUTO-DISENGAGE: gear left Park (now N)
[2026-05-26 21:10:30.408] Husby was here, and we are ready to go
[2026-05-26 21:10:30.411] AUTO-DISENGAGE: gear left Park (now N)
[2026-05-26 21:10:30.411] Husby was here, and we are ready to go
[2026-05-26 21:10:30.428] AUTO-DISENGAGE: gear left Park (now N)
[2026-05-26 21:10:30.428] Husby was here, and we are ready to go
[2026-05-26 21:10:30.448] AUTO-DISENGAGE: gear left Park (now N)
[2026-05-26 21:10:30.448] Husby was here, and we are ready to go
[2026-05-26 21:10:30.468] AUTO-DISENGAGE: gear left Park (now N)
[2026-05-26 21:10:30.468] Husby was here, and we are ready to go
[2026-05-26 21:10:30.488] AUTO-DISENGAGE: gear left Park (now N)
[2026-05-26 21:10:30.488] Husby was here, and we are ready to go
[2026-05-26 21:10:30.508] AUTO-DISENGAGE: gear left Park (now N)
[2026-05-26 21:10:30.508] Husby was here, and we are ready to go
[2026-05-26 21:10:30.511] AUTO-DISENGAGE: gear left Park (now N)
[2026-05-26 21:10:30.511] Husby was here, and we are ready to go
[2026-05-26 21:10:30.528] AUTO-DISENGAGE: gear left Park (now N)
[2026-05-26 21:10:30.528] Husby was here, and we are ready to go
[2026-05-26 21:10:30.548] AUTO-DISENGAGE: gear left Park (now N)
[2026-05-26 21:10:30.548] Husby was here, and we are ready to go
[2026-05-26 21:10:30.568] AUTO-DISENGAGE: gear left Park (now N)
[2026-05-26 21:10:30.568] Husby was here, and we are ready to go
[2026-05-26 21:10:30.588] AUTO-DISENGAGE: gear left Park (now N)
[2026-05-26 21:10:30.588] Husby was here, and we are ready to go
[2026-05-26 21:10:30.608] AUTO-DISENGAGE: gear left Park (now N)
[2026-05-26 21:10:30.608] Husby was here, and we are ready to go
[2026-05-26 21:10:30.611] AUTO-DISENGAGE: gear left Park (now N)
[2026-05-26 21:10:30.611] Husby was here, and we are ready to go
[2026-05-26 21:10:30.628] AUTO-DISENGAGE: gear left Park (now N)
[2026-05-26 21:10:30.628] Husby was here, and we are ready to go
[2026-05-26 21:10:30.648] AUTO-DISENGAGE: gear left Park (now N)
[2026-05-26 21:10:30.648] Husby was here, and we are ready to go
[2026-05-26 21:10:30.668] AUTO-DISENGAGE: gear left Park (now N)
[2026-05-26 21:10:30.668] Husby was here, and we are ready to go
[2026-05-26 21:10:30.688] AUTO-DISENGAGE: gear left Park (now N)
[2026-05-26 21:10:30.688] Husby was here, and we are ready to go
[2026-05-26 21:10:30.708] AUTO-DISENGAGE: gear left Park (now N)
[2026-05-26 21:10:30.708] Husby was here, and we are ready to go
[2026-05-26 21:10:30.711] AUTO-DISENGAGE: gear left Park (now N)
[2026-05-26 21:10:30.711] Husby was here, and we are ready to go
[2026-05-26 21:10:30.728] AUTO-DISENGAGE: gear left Park (now N)
[2026-05-26 21:10:30.728] Husby was here, and we are ready to go
[2026-05-26 21:10:30.748] AUTO-DISENGAGE: gear left Park (now N)
[2026-05-26 21:10:30.748] Husby was here, and we are ready to go
[2026-05-26 21:10:30.768] AUTO-DISENGAGE: gear left Park (now N)
[2026-05-26 21:10:30.768] Husby was here, and we are ready to go
[2026-05-26 21:10:30.788] AUTO-DISENGAGE: gear left Park (now N)
[2026-05-26 21:10:30.788] Husby was here, and we are ready to go
[2026-05-26 21:10:30.808] AUTO-DISENGAGE: gear left Park (now N)
[2026-05-26 21:10:30.808] Husby was here, and we are ready to go
[2026-05-26 21:10:30.811] AUTO-DISENGAGE: gear left Park (now N)
[2026-05-26 21:10:30.811] Husby was here, and we are ready to go
[2026-05-26 21:10:30.828] AUTO-DISENGAGE: gear left Park (now N)
[2026-05-26 21:10:30.829] Husby was here, and we are ready to go
[2026-05-26 21:10:30.848] AUTO-DISENGAGE: gear left Park (now N)
[2026-05-26 21:10:30.848] Husby was here, and we are ready to go
[2026-05-26 21:10:30.869] AUTO-DISENGAGE: gear left Park (now N)
[2026-05-26 21:10:30.869] Husby was here, and we are ready to go
[2026-05-26 21:10:30.888] AUTO-DISENGAGE: gear left Park (now N)
[2026-05-26 21:10:30.888] Husby was here, and we are ready to go
[2026-05-26 21:10:30.908] AUTO-DISENGAGE: gear left Park (now N)
[2026-05-26 21:10:30.908] Husby was here, and we are ready to go
[2026-05-26 21:10:30.911] AUTO-DISENGAGE: gear left Park (now N)
[2026-05-26 21:10:30.911] Husby was here, and we are ready to go
[2026-05-26 21:10:30.928] AUTO-DISENGAGE: gear left Park (now N)
[2026-05-26 21:10:30.928] Husby was here, and we are ready to go
[2026-05-26 21:10:30.948] AUTO-DISENGAGE: gear left Park (now N)
[2026-05-26 21:10:30.948] Husby was here, and we are ready to go
[2026-05-26 21:10:30.968] AUTO-DISENGAGE: gear left Park (now N)
[2026-05-26 21:10:30.968] Husby was here, and we are ready to go
[2026-05-26 21:10:30.988] AUTO-DISENGAGE: gear left Park (now N)
[2026-05-26 21:10:30.988] Husby was here, and we are ready to go
[2026-05-26 21:10:31.008] AUTO-DISENGAGE: gear left Park (now N)
[2026-05-26 21:10:31.008] Husby was here, and we are ready to go
[2026-05-26 21:10:31.011] AUTO-DISENGAGE: gear left Park (now N)
[2026-05-26 21:10:31.011] Husby was here, and we are ready to go
[2026-05-26 21:10:31.028] AUTO-DISENGAGE: gear left Park (now N)
[2026-05-26 21:10:31.028] Husby was here, and we are ready to go
[2026-05-26 21:10:31.048] AUTO-DISENGAGE: gear left Park (now N)
[2026-05-26 21:10:31.048] Husby was here, and we are ready to go
[2026-05-26 21:10:31.068] AUTO-DISENGAGE: gear left Park (now N)
[2026-05-26 21:10:31.068] Husby was here, and we are ready to go
[2026-05-26 21:10:31.088] AUTO-DISENGAGE: gear left Park (now N)
[2026-05-26 21:10:31.088] Husby was here, and we are ready to go
[2026-05-26 21:10:31.108] AUTO-DISENGAGE: gear left Park (now N)
[2026-05-26 21:10:31.109] Husby was here, and we are ready to go
[2026-05-26 21:10:31.111] AUTO-DISENGAGE: gear left Park (now N)
[2026-05-26 21:10:31.111] Husby was here, and we are ready to go
[2026-05-26 21:10:31.128] AUTO-DISENGAGE: gear left Park (now N)
[2026-05-26 21:10:31.128] Husby was here, and we are ready to go
[2026-05-26 21:10:31.148] AUTO-DISENGAGE: gear left Park (now N)
[2026-05-26 21:10:31.148] Husby was here, and we are ready to go
[2026-05-26 21:10:31.168] AUTO-DISENGAGE: gear left Park (now N)
[2026-05-26 21:10:31.168] Husby was here, and we are ready to go
[2026-05-26 21:10:31.188] AUTO-DISENGAGE: gear left Park (now N)
[2026-05-26 21:10:31.188] Husby was here, and we are ready to go
[2026-05-26 21:10:31.208] AUTO-DISENGAGE: gear left Park (now N)
[2026-05-26 21:10:31.208] Husby was here, and we are ready to go
[2026-05-26 21:10:31.211] AUTO-DISENGAGE: gear left Park (now N)
[2026-05-26 21:10:31.211] Husby was here, and we are ready to go
[2026-05-26 21:10:31.228] AUTO-DISENGAGE: gear left Park (now N)
[2026-05-26 21:10:31.228] Husby was here, and we are ready to go
[2026-05-26 21:10:31.248] AUTO-DISENGAGE: gear left Park (now N)
[2026-05-26 21:10:31.248] Husby was here, and we are ready to go
[2026-05-26 21:10:31.268] AUTO-DISENGAGE: gear left Park (now N)
[2026-05-26 21:10:31.268] Husby was here, and we are ready to go
[2026-05-26 21:10:31.288] AUTO-DISENGAGE: gear left Park (now N)
[2026-05-26 21:10:31.288] Husby was here, and we are ready to go
[2026-05-26 21:10:31.308] AUTO-DISENGAGE: gear left Park (now N)
[2026-05-26 21:10:31.308] Husby was here, and we are ready to go
[2026-05-26 21:10:31.311] AUTO-DISENGAGE: gear left Park (now N)
[2026-05-26 21:10:31.311] Husby was here, and we are ready to go
[2026-05-26 21:10:31.328] AUTO-DISENGAGE: gear left Park (now N)
[2026-05-26 21:10:31.328] Husby was here, and we are ready to go
[2026-05-26 21:10:31.348] AUTO-DISENGAGE: gear left Park (now N)
[2026-05-26 21:10:31.348] Husby was here, and we are ready to go
[2026-05-26 21:10:31.368] AUTO-DISENGAGE: gear left Park (now N)
[2026-05-26 21:10:31.368] Husby was here, and we are ready to go
[2026-05-26 21:10:31.388] AUTO-DISENGAGE: gear left Park (now N)
[2026-05-26 21:10:31.388] Husby was here, and we are ready to go
[2026-05-26 21:10:31.408] AUTO-DISENGAGE: gear left Park (now N)
[2026-05-26 21:10:31.408] Husby was here, and we are ready to go
[2026-05-26 21:10:31.411] AUTO-DISENGAGE: gear left Park (now N)
[2026-05-26 21:10:31.411] Husby was here, and we are ready to go
[2026-05-26 21:10:31.428] AUTO-DISENGAGE: gear left Park (now N)
[2026-05-26 21:10:31.428] Husby was here, and we are ready to go
[2026-05-26 21:10:31.448] AUTO-DISENGAGE: gear left Park (now N)
[2026-05-26 21:10:31.448] Husby was here, and we are ready to go
[2026-05-26 21:10:31.468] AUTO-DISENGAGE: gear left Park (now N)
[2026-05-26 21:10:31.468] Husby was here, and we are ready to go
[2026-05-26 21:10:31.488] AUTO-DISENGAGE: gear left Park (now N)
[2026-05-26 21:10:31.488] Husby was here, and we are ready to go
[2026-05-26 21:10:31.508] AUTO-DISENGAGE: gear left Park (now N)
[2026-05-26 21:10:31.508] Husby was here, and we are ready to go
[2026-05-26 21:10:31.511] AUTO-DISENGAGE: gear left Park (now N)
[2026-05-26 21:10:31.511] Husby was here, and we are ready to go
[2026-05-26 21:10:31.528] AUTO-DISENGAGE: gear left Park (now N)
[2026-05-26 21:10:31.528] Husby was here, and we are ready to go
[2026-05-26 21:10:31.548] AUTO-DISENGAGE: gear left Park (now N)
[2026-05-26 21:10:31.548] Husby was here, and we are ready to go
[2026-05-26 21:10:31.568] AUTO-DISENGAGE: gear left Park (now N)
[2026-05-26 21:10:31.568] Husby was here, and we are ready to go
[2026-05-26 21:10:31.588] AUTO-DISENGAGE: gear left Park (now N)
[2026-05-26 21:10:31.588] Husby was here, and we are ready to go
[2026-05-26 21:10:31.608] AUTO-DISENGAGE: gear left Park (now N)
[2026-05-26 21:10:31.608] Husby was here, and we are ready to go
[2026-05-26 21:10:31.611] AUTO-DISENGAGE: gear left Park (now N)
[2026-05-26 21:10:31.611] Husby was here, and we are ready to go
[2026-05-26 21:10:31.628] AUTO-DISENGAGE: gear left Park (now N)
[2026-05-26 21:10:31.628] Husby was here, and we are ready to go
[2026-05-26 21:10:31.649] AUTO-DISENGAGE: gear left Park (now N)
[2026-05-26 21:10:31.649] Husby was here, and we are ready to go
[2026-05-26 21:10:31.668] AUTO-DISENGAGE: gear left Park (now N)
[2026-05-26 21:10:31.668] Husby was here, and we are ready to go
[2026-05-26 21:10:31.688] AUTO-DISENGAGE: gear left Park (now N)
[2026-05-26 21:10:31.688] Husby was here, and we are ready to go
[2026-05-26 21:10:31.708] AUTO-DISENGAGE: gear left Park (now N)
[2026-05-26 21:10:31.708] Husby was here, and we are ready to go
[2026-05-26 21:10:31.711] AUTO-DISENGAGE: gear left Park (now N)
[2026-05-26 21:10:31.711] Husby was here, and we are ready to go
[2026-05-26 21:10:31.728] AUTO-DISENGAGE: gear left Park (now N)
[2026-05-26 21:10:31.728] Husby was here, and we are ready to go
[2026-05-26 21:10:31.749] AUTO-DISENGAGE: gear left Park (now N)
[2026-05-26 21:10:31.749] Husby was here, and we are ready to go
[2026-05-26 21:10:31.768] AUTO-DISENGAGE: gear left Park (now N)
[2026-05-26 21:10:31.768] Husby was here, and we are ready to go
[2026-05-26 21:10:31.788] AUTO-DISENGAGE: gear left Park (now N)
[2026-05-26 21:10:31.788] Husby was here, and we are ready to go
[2026-05-26 21:10:31.808] AUTO-DISENGAGE: gear left Park (now N)
[2026-05-26 21:10:31.808] Husby was here, and we are ready to go
[2026-05-26 21:10:31.811] AUTO-DISENGAGE: gear left Park (now N)
[2026-05-26 21:10:31.811] Husby was here, and we are ready to go
[2026-05-26 21:10:31.828] AUTO-DISENGAGE: gear left Park (now N)
[2026-05-26 21:10:31.828] Husby was here, and we are ready to go
[2026-05-26 21:10:31.848] AUTO-DISENGAGE: gear left Park (now N)
[2026-05-26 21:10:31.848] Husby was here, and we are ready to go
[2026-05-26 21:10:31.869] AUTO-DISENGAGE: gear left Park (now N)
[2026-05-26 21:10:31.869] Husby was here, and we are ready to go
[2026-05-26 21:10:31.888] AUTO-DISENGAGE: gear left Park (now N)
[2026-05-26 21:10:31.888] Husby was here, and we are ready to go
[2026-05-26 21:10:31.909] AUTO-DISENGAGE: gear left Park (now N)
[2026-05-26 21:10:31.909] Husby was here, and we are ready to go
[2026-05-26 21:10:31.911] AUTO-DISENGAGE: gear left Park (now N)
[2026-05-26 21:10:31.911] Husby was here, and we are ready to go
[2026-05-26 21:10:31.928] AUTO-DISENGAGE: gear left Park (now N)
[2026-05-26 21:10:31.928] Husby was here, and we are ready to go
[2026-05-26 21:10:31.948] AUTO-DISENGAGE: gear left Park (now N)
[2026-05-26 21:10:31.948] Husby was here, and we are ready to go
[2026-05-26 21:10:31.968] AUTO-DISENGAGE: gear left Park (now N)
[2026-05-26 21:10:31.968] Husby was here, and we are ready to go
[2026-05-26 21:10:31.988] AUTO-DISENGAGE: gear left Park (now N)
[2026-05-26 21:10:31.988] Husby was here, and we are ready to go
[2026-05-26 21:10:32.008] AUTO-DISENGAGE: gear left Park (now N)
[2026-05-26 21:10:32.008] Husby was here, and we are ready to go
[2026-05-26 21:10:32.011] AUTO-DISENGAGE: gear left Park (now N)
[2026-05-26 21:10:32.011] Husby was here, and we are ready to go
[2026-05-26 21:10:32.028] AUTO-DISENGAGE: gear left Park (now N)
[2026-05-26 21:10:32.028] Husby was here, and we are ready to go
[2026-05-26 21:10:32.048] AUTO-DISENGAGE: gear left Park (now N)
[2026-05-26 21:10:32.048] Husby was here, and we are ready to go
[2026-05-26 21:10:32.068] AUTO-DISENGAGE: gear left Park (now N)
[2026-05-26 21:10:32.068] Husby was here, and we are ready to go
[2026-05-26 21:10:32.088] AUTO-DISENGAGE: gear left Park (now N)
[2026-05-26 21:10:32.088] Husby was here, and we are ready to go
[2026-05-26 21:10:32.108] AUTO-DISENGAGE: gear left Park (now N)
[2026-05-26 21:10:32.108] Husby was here, and we are ready to go
[2026-05-26 21:10:32.111] AUTO-DISENGAGE: gear left Park (now N)
[2026-05-26 21:10:32.111] Husby was here, and we are ready to go
[2026-05-26 21:10:32.128] AUTO-DISENGAGE: gear left Park (now N)
[2026-05-26 21:10:32.128] Husby was here, and we are ready to go
[2026-05-26 21:10:32.148] AUTO-DISENGAGE: gear left Park (now N)
[2026-05-26 21:10:32.148] Husby was here, and we are ready to go
[2026-05-26 21:10:32.168] AUTO-DISENGAGE: gear left Park (now N)
[2026-05-26 21:10:32.168] Husby was here, and we are ready to go
[2026-05-26 21:10:32.188] AUTO-DISENGAGE: gear left Park (now N)
[2026-05-26 21:10:32.188] Husby was here, and we are ready to go
[2026-05-26 21:10:32.209] AUTO-DISENGAGE: gear left Park (now N)
[2026-05-26 21:10:32.209] Husby was here, and we are ready to go
[2026-05-26 21:10:32.211] AUTO-DISENGAGE: gear left Park (now N)
[2026-05-26 21:10:32.211] Husby was here, and we are ready to go
[2026-05-26 21:10:32.228] AUTO-DISENGAGE: gear left Park (now N)
[2026-05-26 21:10:32.228] Husby was here, and we are ready to go
[2026-05-26 21:10:32.248] AUTO-DISENGAGE: gear left Park (now N)
[2026-05-26 21:10:32.248] Husby was here, and we are ready to go
[2026-05-26 21:10:32.268] AUTO-DISENGAGE: gear left Park (now N)
[2026-05-26 21:10:32.268] Husby was here, and we are ready to go
[2026-05-26 21:10:32.288] AUTO-DISENGAGE: gear left Park (now N)
[2026-05-26 21:10:32.288] Husby was here, and we are ready to go
[2026-05-26 21:10:32.308] AUTO-DISENGAGE: gear left Park (now N)
[2026-05-26 21:10:32.308] Husby was here, and we are ready to go
[2026-05-26 21:10:32.311] AUTO-DISENGAGE: gear left Park (now N)
[2026-05-26 21:10:32.311] Husby was here, and we are ready to go
[2026-05-26 21:10:32.328] AUTO-DISENGAGE: gear left Park (now N)
[2026-05-26 21:10:32.328] Husby was here, and we are ready to go
[2026-05-26 21:10:32.348] AUTO-DISENGAGE: gear left Park (now N)
[2026-05-26 21:10:32.348] Husby was here, and we are ready to go
[2026-05-26 21:10:32.368] AUTO-DISENGAGE: gear left Park (now N)
[2026-05-26 21:10:32.368] Husby was here, and we are ready to go
[2026-05-26 21:10:32.388] AUTO-DISENGAGE: gear left Park (now N)
[2026-05-26 21:10:32.388] Husby was here, and we are ready to go
[2026-05-26 21:10:32.408] AUTO-DISENGAGE: gear left Park (now N)
[2026-05-26 21:10:32.408] Husby was here, and we are ready to go
[2026-05-26 21:10:32.411] AUTO-DISENGAGE: gear left Park (now N)
[2026-05-26 21:10:32.411] Husby was here, and we are ready to go
[2026-05-26 21:10:32.428] AUTO-DISENGAGE: gear left Park (now N)
[2026-05-26 21:10:32.428] Husby was here, and we are ready to go
[2026-05-26 21:10:32.448] AUTO-DISENGAGE: gear left Park (now N)
[2026-05-26 21:10:32.448] Husby was here, and we are ready to go
[2026-05-26 21:10:32.468] AUTO-DISENGAGE: gear left Park (now N)
[2026-05-26 21:10:32.468] Husby was here, and we are ready to go
[2026-05-26 21:10:32.488] AUTO-DISENGAGE: gear left Park (now N)
[2026-05-26 21:10:32.488] Husby was here, and we are ready to go
[2026-05-26 21:10:32.509] AUTO-DISENGAGE: gear left Park (now N)
[2026-05-26 21:10:32.509] Husby was here, and we are ready to go
[2026-05-26 21:10:32.511] AUTO-DISENGAGE: gear left Park (now N)
[2026-05-26 21:10:32.511] Husby was here, and we are ready to go
[2026-05-26 21:10:32.528] AUTO-DISENGAGE: gear left Park (now N)
[2026-05-26 21:10:32.528] Husby was here, and we are ready to go
[2026-05-26 21:10:32.548] AUTO-DISENGAGE: gear left Park (now N)
[2026-05-26 21:10:32.548] Husby was here, and we are ready to go
[2026-05-26 21:10:32.568] AUTO-DISENGAGE: gear left Park (now N)
[2026-05-26 21:10:32.568] Husby was here, and we are ready to go
[2026-05-26 21:10:32.588] AUTO-DISENGAGE: gear left Park (now N)
[2026-05-26 21:10:32.588] Husby was here, and we are ready to go
[2026-05-26 21:10:32.609] AUTO-DISENGAGE: gear left Park (now N)
[2026-05-26 21:10:32.609] Husby was here, and we are ready to go
[2026-05-26 21:10:32.611] AUTO-DISENGAGE: gear left Park (now N)
[2026-05-26 21:10:32.611] Husby was here, and we are ready to go
[2026-05-26 21:10:32.628] AUTO-DISENGAGE: gear left Park (now N)
[2026-05-26 21:10:32.628] Husby was here, and we are ready to go
[2026-05-26 21:10:32.649] AUTO-DISENGAGE: gear left Park (now N)
[2026-05-26 21:10:32.649] Husby was here, and we are ready to go
[2026-05-26 21:10:32.668] AUTO-DISENGAGE: gear left Park (now N)
[2026-05-26 21:10:32.668] Husby was here, and we are ready to go
[2026-05-26 21:10:32.688] AUTO-DISENGAGE: gear left Park (now N)
[2026-05-26 21:10:32.688] Husby was here, and we are ready to go
[2026-05-26 21:10:32.708] AUTO-DISENGAGE: gear left Park (now N)
[2026-05-26 21:10:32.708] Husby was here, and we are ready to go
[2026-05-26 21:10:32.711] AUTO-DISENGAGE: gear left Park (now N)
[2026-05-26 21:10:32.711] Husby was here, and we are ready to go
[2026-05-26 21:10:32.728] AUTO-DISENGAGE: gear left Park (now N)
[2026-05-26 21:10:32.728] Husby was here, and we are ready to go
[2026-05-26 21:10:32.748] AUTO-DISENGAGE: gear left Park (now N)
[2026-05-26 21:10:32.748] Husby was here, and we are ready to go
[2026-05-26 21:10:32.768] AUTO-DISENGAGE: gear left Park (now N)
[2026-05-26 21:10:32.768] Husby was here, and we are ready to go
[2026-05-26 21:10:32.788] AUTO-DISENGAGE: gear left Park (now N)
[2026-05-26 21:10:32.788] Husby was here, and we are ready to go
[2026-05-26 21:10:32.808] AUTO-DISENGAGE: gear left Park (now N)
[2026-05-26 21:10:32.808] Husby was here, and we are ready to go
[2026-05-26 21:10:32.811] AUTO-DISENGAGE: gear left Park (now N)
[2026-05-26 21:10:32.811] Husby was here, and we are ready to go
[2026-05-26 21:10:32.828] AUTO-DISENGAGE: gear left Park (now N)
[2026-05-26 21:10:32.828] Husby was here, and we are ready to go
[2026-05-26 21:10:32.848] AUTO-DISENGAGE: gear left Park (now N)
[2026-05-26 21:10:32.849] Husby was here, and we are ready to go
[2026-05-26 21:10:32.869] AUTO-DISENGAGE: gear left Park (now N)
[2026-05-26 21:10:32.869] Husby was here, and we are ready to go
[2026-05-26 21:10:32.888] AUTO-DISENGAGE: gear left Park (now N)
[2026-05-26 21:10:32.888] Husby was here, and we are ready to go
[2026-05-26 21:10:32.909] AUTO-DISENGAGE: gear left Park (now N)
[2026-05-26 21:10:32.909] Husby was here, and we are ready to go
[2026-05-26 21:10:32.911] AUTO-DISENGAGE: gear left Park (now N)
[2026-05-26 21:10:32.911] Husby was here, and we are ready to go
[2026-05-26 21:10:32.928] AUTO-DISENGAGE: gear left Park (now N)
[2026-05-26 21:10:32.929] Husby was here, and we are ready to go
[2026-05-26 21:10:32.948] AUTO-DISENGAGE: gear left Park (now N)
[2026-05-26 21:10:32.948] Husby was here, and we are ready to go
[2026-05-26 21:10:32.968] AUTO-DISENGAGE: gear left Park (now N)
[2026-05-26 21:10:32.968] Husby was here, and we are ready to go
[2026-05-26 21:10:32.988] AUTO-DISENGAGE: gear left Park (now N)
[2026-05-26 21:10:32.988] Husby was here, and we are ready to go
[2026-05-26 21:10:33.008] AUTO-DISENGAGE: gear left Park (now N)
[2026-05-26 21:10:33.008] Husby was here, and we are ready to go
[2026-05-26 21:10:33.011] AUTO-DISENGAGE: gear left Park (now N)
[2026-05-26 21:10:33.011] Husby was here, and we are ready to go
[2026-05-26 21:10:33.028] AUTO-DISENGAGE: gear left Park (now N)
[2026-05-26 21:10:33.028] Husby was here, and we are ready to go
[2026-05-26 21:10:33.048] AUTO-DISENGAGE: gear left Park (now N)
[2026-05-26 21:10:33.048] Husby was here, and we are ready to go
[2026-05-26 21:10:33.068] AUTO-DISENGAGE: gear left Park (now N)
[2026-05-26 21:10:33.068] Husby was here, and we are ready to go
[2026-05-26 21:10:33.088] AUTO-DISENGAGE: gear left Park (now N)
[2026-05-26 21:10:33.088] Husby was here, and we are ready to go
[2026-05-26 21:10:33.109] AUTO-DISENGAGE: gear left Park (now N)
[2026-05-26 21:10:33.109] Husby was here, and we are ready to go
[2026-05-26 21:10:33.111] AUTO-DISENGAGE: gear left Park (now N)
[2026-05-26 21:10:33.111] Husby was here, and we are ready to go
[2026-05-26 21:10:33.128] AUTO-DISENGAGE: gear left Park (now N)
[2026-05-26 21:10:33.128] Husby was here, and we are ready to go
[2026-05-26 21:10:33.148] AUTO-DISENGAGE: gear left Park (now N)
[2026-05-26 21:10:33.148] Husby was here, and we are ready to go
[2026-05-26 21:10:33.168] AUTO-DISENGAGE: gear left Park (now N)
[2026-05-26 21:10:33.168] Husby was here, and we are ready to go
[2026-05-26 21:10:33.188] AUTO-DISENGAGE: gear left Park (now N)
[2026-05-26 21:10:33.188] Husby was here, and we are ready to go
[2026-05-26 21:10:33.208] AUTO-DISENGAGE: gear left Park (now N)
[2026-05-26 21:10:33.208] Husby was here, and we are ready to go
[2026-05-26 21:10:33.211] AUTO-DISENGAGE: gear left Park (now N)
[2026-05-26 21:10:33.211] Husby was here, and we are ready to go
[2026-05-26 21:10:33.228] AUTO-DISENGAGE: gear left Park (now N)
[2026-05-26 21:10:33.228] Husby was here, and we are ready to go
[2026-05-26 21:10:33.248] AUTO-DISENGAGE: gear left Park (now N)
[2026-05-26 21:10:33.248] Husby was here, and we are ready to go
[2026-05-26 21:10:33.268] AUTO-DISENGAGE: gear left Park (now N)
[2026-05-26 21:10:33.268] Husby was here, and we are ready to go
[2026-05-26 21:10:33.288] AUTO-DISENGAGE: gear left Park (now N)
[2026-05-26 21:10:33.288] Husby was here, and we are ready to go
[2026-05-26 21:10:33.308] AUTO-DISENGAGE: gear left Park (now N)
[2026-05-26 21:10:33.308] Husby was here, and we are ready to go
[2026-05-26 21:10:33.311] AUTO-DISENGAGE: gear left Park (now N)
[2026-05-26 21:10:33.311] Husby was here, and we are ready to go
[2026-05-26 21:10:33.328] AUTO-DISENGAGE: gear left Park (now N)
[2026-05-26 21:10:33.328] Husby was here, and we are ready to go
[2026-05-26 21:10:33.348] AUTO-DISENGAGE: gear left Park (now N)
[2026-05-26 21:10:33.348] Husby was here, and we are ready to go
[2026-05-26 21:10:33.368] AUTO-DISENGAGE: gear left Park (now N)
[2026-05-26 21:10:33.368] Husby was here, and we are ready to go
[2026-05-26 21:10:33.388] AUTO-DISENGAGE: gear left Park (now N)
[2026-05-26 21:10:33.388] Husby was here, and we are ready to go
[2026-05-26 21:10:33.409] AUTO-DISENGAGE: gear left Park (now N)
[2026-05-26 21:10:33.409] Husby was here, and we are ready to go
[2026-05-26 21:10:33.411] AUTO-DISENGAGE: gear left Park (now N)
[2026-05-26 21:10:33.411] Husby was here, and we are ready to go
[2026-05-26 21:10:33.428] AUTO-DISENGAGE: gear left Park (now N)
[2026-05-26 21:10:33.428] Husby was here, and we are ready to go
[2026-05-26 21:10:33.448] AUTO-DISENGAGE: gear left Park (now N)
[2026-05-26 21:10:33.448] Husby was here, and we are ready to go
[2026-05-26 21:10:33.468] AUTO-DISENGAGE: gear left Park (now N)
[2026-05-26 21:10:33.468] Husby was here, and we are ready to go
[2026-05-26 21:10:33.488] AUTO-DISENGAGE: gear left Park (now N)
[2026-05-26 21:10:33.488] Husby was here, and we are ready to go
[2026-05-26 21:10:33.509] AUTO-DISENGAGE: gear left Park (now N)
[2026-05-26 21:10:33.509] Husby was here, and we are ready to go
[2026-05-26 21:10:33.511] AUTO-DISENGAGE: gear left Park (now N)
[2026-05-26 21:10:33.511] Husby was here, and we are ready to go
[2026-05-26 21:10:33.528] AUTO-DISENGAGE: gear left Park (now N)
[2026-05-26 21:10:33.528] Husby was here, and we are ready to go
[2026-05-26 21:10:33.548] AUTO-DISENGAGE: gear left Park (now N)
[2026-05-26 21:10:33.548] Husby was here, and we are ready to go
[2026-05-26 21:10:33.569] AUTO-DISENGAGE: gear left Park (now N)
[2026-05-26 21:10:33.569] Husby was here, and we are ready to go
[2026-05-26 21:10:33.588] AUTO-DISENGAGE: gear left Park (now N)
[2026-05-26 21:10:33.588] Husby was here, and we are ready to go
[2026-05-26 21:10:33.608] AUTO-DISENGAGE: gear left Park (now N)
[2026-05-26 21:10:33.608] Husby was here, and we are ready to go
[2026-05-26 21:10:33.611] AUTO-DISENGAGE: gear left Park (now N)
[2026-05-26 21:10:33.611] Husby was here, and we are ready to go
[2026-05-26 21:10:33.628] AUTO-DISENGAGE: gear left Park (now N)
[2026-05-26 21:10:33.629] Husby was here, and we are ready to go
[2026-05-26 21:10:33.648] AUTO-DISENGAGE: gear left Park (now N)
[2026-05-26 21:10:33.648] Husby was here, and we are ready to go
[2026-05-26 21:10:33.669] AUTO-DISENGAGE: gear left Park (now N)
[2026-05-26 21:10:33.669] Husby was here, and we are ready to go
[2026-05-26 21:10:33.688] AUTO-DISENGAGE: gear left Park (now N)
[2026-05-26 21:10:33.688] Husby was here, and we are ready to go
[2026-05-26 21:10:33.709] AUTO-DISENGAGE: gear left Park (now N)
[2026-05-26 21:10:33.709] Husby was here, and we are ready to go
[2026-05-26 21:10:33.711] AUTO-DISENGAGE: gear left Park (now N)
[2026-05-26 21:10:33.711] Husby was here, and we are ready to go
[2026-05-26 21:10:33.728] AUTO-DISENGAGE: gear left Park (now N)
[2026-05-26 21:10:33.729] Husby was here, and we are ready to go
[2026-05-26 21:10:33.749] AUTO-DISENGAGE: gear left Park (now N)
[2026-05-26 21:10:33.749] Husby was here, and we are ready to go
[2026-05-26 21:10:33.769] AUTO-DISENGAGE: gear left Park (now N)
[2026-05-26 21:10:33.769] Husby was here, and we are ready to go
[2026-05-26 21:10:33.788] AUTO-DISENGAGE: gear left Park (now N)
[2026-05-26 21:10:33.788] Husby was here, and we are ready to go
[2026-05-26 21:10:33.808] AUTO-DISENGAGE: gear left Park (now N)
[2026-05-26 21:10:33.808] Husby was here, and we are ready to go
[2026-05-26 21:10:33.811] AUTO-DISENGAGE: gear left Park (now N)
[2026-05-26 21:10:33.811] Husby was here, and we are ready to go
[2026-05-26 21:10:33.828] AUTO-DISENGAGE: gear left Park (now N)
[2026-05-26 21:10:33.828] Husby was here, and we are ready to go
[2026-05-26 21:10:33.849] AUTO-DISENGAGE: gear left Park (now N)
[2026-05-26 21:10:33.849] Husby was here, and we are ready to go
[2026-05-26 21:10:33.869] AUTO-DISENGAGE: gear left Park (now N)
[2026-05-26 21:10:33.869] Husby was here, and we are ready to go
[2026-05-26 21:10:33.888] AUTO-DISENGAGE: gear left Park (now N)
[2026-05-26 21:10:33.888] Husby was here, and we are ready to go
[2026-05-26 21:10:33.909] AUTO-DISENGAGE: gear left Park (now N)
[2026-05-26 21:10:33.909] Husby was here, and we are ready to go
[2026-05-26 21:10:33.911] AUTO-DISENGAGE: gear left Park (now N)
[2026-05-26 21:10:33.911] Husby was here, and we are ready to go
[2026-05-26 21:10:33.928] AUTO-DISENGAGE: gear left Park (now N)
[2026-05-26 21:10:33.928] Husby was here, and we are ready to go
[2026-05-26 21:10:33.949] AUTO-DISENGAGE: gear left Park (now N)
[2026-05-26 21:10:33.949] Husby was here, and we are ready to go
[2026-05-26 21:10:33.968] AUTO-DISENGAGE: gear left Park (now N)
[2026-05-26 21:10:33.968] Husby was here, and we are ready to go
[2026-05-26 21:10:33.988] AUTO-DISENGAGE: gear left Park (now N)
[2026-05-26 21:10:33.988] Husby was here, and we are ready to go
[2026-05-26 21:10:34.009] AUTO-DISENGAGE: gear left Park (now N)
[2026-05-26 21:10:34.009] Husby was here, and we are ready to go
[2026-05-26 21:10:34.011] AUTO-DISENGAGE: gear left Park (now N)
[2026-05-26 21:10:34.011] Husby was here, and we are ready to go
[2026-05-26 21:10:34.028] AUTO-DISENGAGE: gear left Park (now N)
[2026-05-26 21:10:34.028] Husby was here, and we are ready to go
[2026-05-26 21:10:34.048] AUTO-DISENGAGE: gear left Park (now N)
[2026-05-26 21:10:34.048] Husby was here, and we are ready to go
[2026-05-26 21:10:34.068] AUTO-DISENGAGE: gear left Park (now N)
[2026-05-26 21:10:34.069] Husby was here, and we are ready to go
[2026-05-26 21:10:34.088] AUTO-DISENGAGE: gear left Park (now N)
[2026-05-26 21:10:34.088] Husby was here, and we are ready to go
[2026-05-26 21:10:34.108] AUTO-DISENGAGE: gear left Park (now N)
[2026-05-26 21:10:34.108] Husby was here, and we are ready to go
[2026-05-26 21:10:34.111] AUTO-DISENGAGE: gear left Park (now N)
[2026-05-26 21:10:34.111] Husby was here, and we are ready to go
[2026-05-26 21:10:34.128] AUTO-DISENGAGE: gear left Park (now N)
[2026-05-26 21:10:34.128] Husby was here, and we are ready to go
[2026-05-26 21:10:34.148] AUTO-DISENGAGE: gear left Park (now N)
[2026-05-26 21:10:34.149] Husby was here, and we are ready to go
[2026-05-26 21:10:34.168] AUTO-DISENGAGE: gear left Park (now N)
[2026-05-26 21:10:34.168] Husby was here, and we are ready to go
[2026-05-26 21:10:34.188] AUTO-DISENGAGE: gear left Park (now N)
[2026-05-26 21:10:34.188] Husby was here, and we are ready to go
[2026-05-26 21:10:34.208] AUTO-DISENGAGE: gear left Park (now N)
[2026-05-26 21:10:34.208] Husby was here, and we are ready to go
[2026-05-26 21:10:34.211] AUTO-DISENGAGE: gear left Park (now N)
[2026-05-26 21:10:34.211] Husby was here, and we are ready to go
[2026-05-26 21:10:34.228] AUTO-DISENGAGE: gear left Park (now N)
[2026-05-26 21:10:34.228] Husby was here, and we are ready to go
[2026-05-26 21:10:34.248] AUTO-DISENGAGE: gear left Park (now N)
[2026-05-26 21:10:34.248] Husby was here, and we are ready to go
[2026-05-26 21:10:34.268] AUTO-DISENGAGE: gear left Park (now N)
[2026-05-26 21:10:34.268] Husby was here, and we are ready to go
[2026-05-26 21:10:34.288] AUTO-DISENGAGE: gear left Park (now N)
[2026-05-26 21:10:34.288] Husby was here, and we are ready to go
[2026-05-26 21:10:34.309] AUTO-DISENGAGE: gear left Park (now N)
[2026-05-26 21:10:34.309] Husby was here, and we are ready to go
[2026-05-26 21:10:34.311] AUTO-DISENGAGE: gear left Park (now N)
[2026-05-26 21:10:34.311] Husby was here, and we are ready to go
[2026-05-26 21:10:34.328] AUTO-DISENGAGE: gear left Park (now N)
[2026-05-26 21:10:34.328] Husby was here, and we are ready to go
[2026-05-26 21:10:34.349] AUTO-DISENGAGE: gear left Park (now N)
[2026-05-26 21:10:34.349] Husby was here, and we are ready to go
[2026-05-26 21:10:34.369] AUTO-DISENGAGE: gear left Park (now N)
[2026-05-26 21:10:34.370] Husby was here, and we are ready to go
[2026-05-26 21:10:34.389] AUTO-DISENGAGE: gear left Park (now N)
[2026-05-26 21:10:34.389] Husby was here, and we are ready to go
[2026-05-26 21:10:34.408] AUTO-DISENGAGE: gear left Park (now N)
[2026-05-26 21:10:34.408] Husby was here, and we are ready to go
[2026-05-26 21:10:34.411] AUTO-DISENGAGE: gear left Park (now N)
[2026-05-26 21:10:34.411] Husby was here, and we are ready to go
[2026-05-26 21:10:34.429] AUTO-DISENGAGE: gear left Park (now N)
[2026-05-26 21:10:34.429] Husby was here, and we are ready to go
[2026-05-26 21:10:34.449] AUTO-DISENGAGE: gear left Park (now N)
[2026-05-26 21:10:34.449] Husby was here, and we are ready to go
[2026-05-26 21:10:34.469] AUTO-DISENGAGE: gear left Park (now N)
[2026-05-26 21:10:34.470] Husby was here, and we are ready to go
[2026-05-26 21:10:34.488] AUTO-DISENGAGE: gear left Park (now N)
[2026-05-26 21:10:34.488] Husby was here, and we are ready to go
[2026-05-26 21:10:34.509] AUTO-DISENGAGE: gear left Park (now N)
[2026-05-26 21:10:34.509] Husby was here, and we are ready to go
[2026-05-26 21:10:34.511] AUTO-DISENGAGE: gear left Park (now N)
[2026-05-26 21:10:34.511] Husby was here, and we are ready to go
[2026-05-26 21:10:34.528] AUTO-DISENGAGE: gear left Park (now N)
[2026-05-26 21:10:34.529] Husby was here, and we are ready to go
[2026-05-26 21:10:34.548] AUTO-DISENGAGE: gear left Park (now N)
[2026-05-26 21:10:34.548] Husby was here, and we are ready to go
[2026-05-26 21:10:34.568] AUTO-DISENGAGE: gear left Park (now N)
[2026-05-26 21:10:34.568] Husby was here, and we are ready to go
[2026-05-26 21:10:34.588] AUTO-DISENGAGE: gear left Park (now N)
[2026-05-26 21:10:34.588] Husby was here, and we are ready to go
[2026-05-26 21:10:34.609] AUTO-DISENGAGE: gear left Park (now N)
[2026-05-26 21:10:34.609] Husby was here, and we are ready to go
[2026-05-26 21:10:34.611] AUTO-DISENGAGE: gear left Park (now N)
[2026-05-26 21:10:34.611] Husby was here, and we are ready to go
[2026-05-26 21:10:34.628] AUTO-DISENGAGE: gear left Park (now N)
[2026-05-26 21:10:34.629] Husby was here, and we are ready to go
[2026-05-26 21:10:34.649] AUTO-DISENGAGE: gear left Park (now N)
[2026-05-26 21:10:34.649] Husby was here, and we are ready to go
[2026-05-26 21:10:34.669] AUTO-DISENGAGE: gear left Park (now N)
[2026-05-26 21:10:34.669] Husby was here, and we are ready to go
[2026-05-26 21:10:34.688] AUTO-DISENGAGE: gear left Park (now N)
[2026-05-26 21:10:34.688] Husby was here, and we are ready to go
[2026-05-26 21:10:34.708] AUTO-DISENGAGE: gear left Park (now N)
[2026-05-26 21:10:34.709] Husby was here, and we are ready to go
[2026-05-26 21:10:34.711] AUTO-DISENGAGE: gear left Park (now N)
[2026-05-26 21:10:34.711] Husby was here, and we are ready to go
[2026-05-26 21:10:34.728] AUTO-DISENGAGE: gear left Park (now N)
[2026-05-26 21:10:34.728] Husby was here, and we are ready to go
[2026-05-26 21:10:34.749] AUTO-DISENGAGE: gear left Park (now N)
[2026-05-26 21:10:34.749] Husby was here, and we are ready to go
[2026-05-26 21:10:34.768] AUTO-DISENGAGE: gear left Park (now N)
[2026-05-26 21:10:34.768] Husby was here, and we are ready to go
[2026-05-26 21:10:34.788] AUTO-DISENGAGE: gear left Park (now N)
[2026-05-26 21:10:34.788] Husby was here, and we are ready to go
[2026-05-26 21:10:34.808] AUTO-DISENGAGE: gear left Park (now N)
[2026-05-26 21:10:34.808] Husby was here, and we are ready to go
[2026-05-26 21:10:34.811] AUTO-DISENGAGE: gear left Park (now N)
[2026-05-26 21:10:34.811] Husby was here, and we are ready to go
[2026-05-26 21:10:34.828] AUTO-DISENGAGE: gear left Park (now N)
[2026-05-26 21:10:34.828] Husby was here, and we are ready to go
[2026-05-26 21:10:34.848] AUTO-DISENGAGE: gear left Park (now N)
[2026-05-26 21:10:34.848] Husby was here, and we are ready to go
[2026-05-26 21:10:34.869] AUTO-DISENGAGE: gear left Park (now N)
[2026-05-26 21:10:34.869] Husby was here, and we are ready to go
[2026-05-26 21:10:34.888] AUTO-DISENGAGE: gear left Park (now N)
[2026-05-26 21:10:34.888] Husby was here, and we are ready to go
[2026-05-26 21:10:34.909] AUTO-DISENGAGE: gear left Park (now N)
[2026-05-26 21:10:34.910] Husby was here, and we are ready to go
[2026-05-26 21:10:34.911] AUTO-DISENGAGE: gear left Park (now N)
[2026-05-26 21:10:34.911] Husby was here, and we are ready to go
[2026-05-26 21:10:34.928] AUTO-DISENGAGE: gear left Park (now N)
[2026-05-26 21:10:34.928] Husby was here, and we are ready to go
[2026-05-26 21:10:34.949] AUTO-DISENGAGE: gear left Park (now N)
[2026-05-26 21:10:34.949] Husby was here, and we are ready to go
[2026-05-26 21:10:34.968] AUTO-DISENGAGE: gear left Park (now N)
[2026-05-26 21:10:34.968] Husby was here, and we are ready to go
[2026-05-26 21:10:34.988] AUTO-DISENGAGE: gear left Park (now N)
[2026-05-26 21:10:34.988] Husby was here, and we are ready to go
[2026-05-26 21:10:35.009] AUTO-DISENGAGE: gear left Park (now N)
[2026-05-26 21:10:35.009] Husby was here, and we are ready to go
[2026-05-26 21:10:35.011] AUTO-DISENGAGE: gear left Park (now N)
[2026-05-26 21:10:35.011] Husby was here, and we are ready to go
[2026-05-26 21:10:35.028] AUTO-DISENGAGE: gear left Park (now N)
[2026-05-26 21:10:35.028] Husby was here, and we are ready to go
[2026-05-26 21:10:35.049] AUTO-DISENGAGE: gear left Park (now N)
[2026-05-26 21:10:35.049] Husby was here, and we are ready to go
[2026-05-26 21:10:35.068] AUTO-DISENGAGE: gear left Park (now N)
[2026-05-26 21:10:35.068] Husby was here, and we are ready to go
[2026-05-26 21:10:35.088] AUTO-DISENGAGE: gear left Park (now N)
[2026-05-26 21:10:35.088] Husby was here, and we are ready to go
[2026-05-26 21:10:35.109] AUTO-DISENGAGE: gear left Park (now N)
[2026-05-26 21:10:35.109] Husby was here, and we are ready to go
[2026-05-26 21:10:35.111] AUTO-DISENGAGE: gear left Park (now N)
[2026-05-26 21:10:35.111] Husby was here, and we are ready to go
[2026-05-26 21:10:35.129] AUTO-DISENGAGE: gear left Park (now N)
[2026-05-26 21:10:35.129] Husby was here, and we are ready to go
[2026-05-26 21:10:35.149] AUTO-DISENGAGE: gear left Park (now N)
[2026-05-26 21:10:35.149] Husby was here, and we are ready to go
[2026-05-26 21:10:35.169] AUTO-DISENGAGE: gear left Park (now N)
[2026-05-26 21:10:35.169] Husby was here, and we are ready to go
[2026-05-26 21:10:35.188] AUTO-DISENGAGE: gear left Park (now N)
[2026-05-26 21:10:35.188] Husby was here, and we are ready to go
[2026-05-26 21:10:35.209] AUTO-DISENGAGE: gear left Park (now N)
[2026-05-26 21:10:35.209] Husby was here, and we are ready to go
[2026-05-26 21:10:35.211] AUTO-DISENGAGE: gear left Park (now N)
[2026-05-26 21:10:35.211] Husby was here, and we are ready to go
[2026-05-26 21:10:35.228] AUTO-DISENGAGE: gear left Park (now N)
[2026-05-26 21:10:35.228] Husby was here, and we are ready to go
[2026-05-26 21:10:35.249] AUTO-DISENGAGE: gear left Park (now N)
[2026-05-26 21:10:35.249] Husby was here, and we are ready to go
[2026-05-26 21:10:35.269] AUTO-DISENGAGE: gear left Park (now N)
[2026-05-26 21:10:35.269] Husby was here, and we are ready to go
[2026-05-26 21:10:35.288] AUTO-DISENGAGE: gear left Park (now N)
[2026-05-26 21:10:35.288] Husby was here, and we are ready to go
[2026-05-26 21:10:35.309] AUTO-DISENGAGE: gear left Park (now N)
[2026-05-26 21:10:35.309] Husby was here, and we are ready to go
[2026-05-26 21:10:35.311] AUTO-DISENGAGE: gear left Park (now N)
[2026-05-26 21:10:35.311] Husby was here, and we are ready to go
[2026-05-26 21:10:35.328] rc: RND switch -> R, queuing shift
[2026-05-26 21:10:35.329] AUTO-DISENGAGE: gear left Park (now N)
[2026-05-26 21:10:35.329] Husby was here, and we are ready to go
[2026-05-26 21:10:35.331] shift requested: R
[2026-05-26 21:10:35.350] AUTO-DISENGAGE: gear left Park (now N)
[2026-05-26 21:10:35.350] Husby was here, and we are ready to go
[2026-05-26 21:10:35.350] SHIFT: requesting R via 0x6D burst (30 active + 10 idle frames at 200 Hz)
[2026-05-26 21:10:35.353] AUTO-DISENGAGE: gear left Park (now N)
[2026-05-26 21:10:35.353] Husby was here, and we are ready to go
[2026-05-26 21:10:35.359] AUTO-DISENGAGE: gear left Park (now N)
[2026-05-26 21:10:35.359] Husby was here, and we are ready to go
[2026-05-26 21:10:35.363] AUTO-DISENGAGE: gear left Park (now N)
[2026-05-26 21:10:35.363] Husby was here, and we are ready to go
[2026-05-26 21:10:35.368] AUTO-DISENGAGE: gear left Park (now N)
[2026-05-26 21:10:35.368] Husby was here, and we are ready to go
[2026-05-26 21:10:35.368] AUTO-DISENGAGE: gear left Park (now N)
[2026-05-26 21:10:35.368] Husby was here, and we are ready to go
[2026-05-26 21:10:35.373] AUTO-DISENGAGE: gear left Park (now N)
[2026-05-26 21:10:35.373] Husby was here, and we are ready to go
[2026-05-26 21:10:35.378] AUTO-DISENGAGE: gear left Park (now N)
[2026-05-26 21:10:35.378] Husby was here, and we are ready to go
[2026-05-26 21:10:35.383] AUTO-DISENGAGE: gear left Park (now N)
[2026-05-26 21:10:35.384] Husby was here, and we are ready to go
[2026-05-26 21:10:35.388] AUTO-DISENGAGE: gear left Park (now N)
[2026-05-26 21:10:35.388] Husby was here, and we are ready to go
[2026-05-26 21:10:35.388] AUTO-DISENGAGE: gear left Park (now N)
[2026-05-26 21:10:35.388] Husby was here, and we are ready to go
[2026-05-26 21:10:35.393] gear: N -> R
[2026-05-26 21:10:35.394] AUTO-DISENGAGE: gear left Park (now R)
[2026-05-26 21:10:35.394] Husby was here, and we are ready to go
[2026-05-26 21:10:35.399] AUTO-DISENGAGE: gear left Park (now R)
[2026-05-26 21:10:35.399] Husby was here, and we are ready to go
[2026-05-26 21:10:35.404] AUTO-DISENGAGE: gear left Park (now R)
[2026-05-26 21:10:35.404] Husby was here, and we are ready to go
[2026-05-26 21:10:35.408] AUTO-DISENGAGE: gear left Park (now R)
[2026-05-26 21:10:35.408] Husby was here, and we are ready to go
[2026-05-26 21:10:35.408] AUTO-DISENGAGE: gear left Park (now R)
[2026-05-26 21:10:35.408] Husby was here, and we are ready to go
[2026-05-26 21:10:35.411] AUTO-DISENGAGE: gear left Park (now R)
[2026-05-26 21:10:35.411] Husby was here, and we are ready to go
[2026-05-26 21:10:35.413] AUTO-DISENGAGE: gear left Park (now R)
[2026-05-26 21:10:35.413] Husby was here, and we are ready to go
[2026-05-26 21:10:35.419] AUTO-DISENGAGE: gear left Park (now R)
[2026-05-26 21:10:35.419] Husby was here, and we are ready to go
[2026-05-26 21:10:35.423] AUTO-DISENGAGE: gear left Park (now R)
[2026-05-26 21:10:35.424] Husby was here, and we are ready to go
[2026-05-26 21:10:35.427] AUTO-DISENGAGE: gear left Park (now R)
[2026-05-26 21:10:35.428] Husby was here, and we are ready to go
[2026-05-26 21:10:35.428] AUTO-DISENGAGE: gear left Park (now R)
[2026-05-26 21:10:35.428] Husby was here, and we are ready to go
[2026-05-26 21:10:35.434] AUTO-DISENGAGE: gear left Park (now R)
[2026-05-26 21:10:35.434] Husby was here, and we are ready to go
[2026-05-26 21:10:35.438] AUTO-DISENGAGE: gear left Park (now R)
[2026-05-26 21:10:35.438] Husby was here, and we are ready to go
[2026-05-26 21:10:35.444] AUTO-DISENGAGE: gear left Park (now R)
[2026-05-26 21:10:35.444] Husby was here, and we are ready to go
[2026-05-26 21:10:35.448] AUTO-DISENGAGE: gear left Park (now R)
[2026-05-26 21:10:35.448] Husby was here, and we are ready to go
[2026-05-26 21:10:35.448] AUTO-DISENGAGE: gear left Park (now R)
[2026-05-26 21:10:35.448] Husby was here, and we are ready to go
[2026-05-26 21:10:35.454] AUTO-DISENGAGE: gear left Park (now R)
[2026-05-26 21:10:35.454] Husby was here, and we are ready to go
[2026-05-26 21:10:35.458] AUTO-DISENGAGE: gear left Park (now R)
[2026-05-26 21:10:35.458] Husby was here, and we are ready to go
[2026-05-26 21:10:35.464] AUTO-DISENGAGE: gear left Park (now R)
[2026-05-26 21:10:35.464] Husby was here, and we are ready to go
[2026-05-26 21:10:35.467] AUTO-DISENGAGE: gear left Park (now R)
[2026-05-26 21:10:35.468] Husby was here, and we are ready to go
[2026-05-26 21:10:35.468] AUTO-DISENGAGE: gear left Park (now R)
[2026-05-26 21:10:35.468] Husby was here, and we are ready to go
[2026-05-26 21:10:35.473] AUTO-DISENGAGE: gear left Park (now R)
[2026-05-26 21:10:35.474] Husby was here, and we are ready to go
[2026-05-26 21:10:35.478] AUTO-DISENGAGE: gear left Park (now R)
[2026-05-26 21:10:35.478] Husby was here, and we are ready to go
[2026-05-26 21:10:35.484] AUTO-DISENGAGE: gear left Park (now R)
[2026-05-26 21:10:35.484] Husby was here, and we are ready to go
[2026-05-26 21:10:35.487] AUTO-DISENGAGE: gear left Park (now R)
[2026-05-26 21:10:35.488] Husby was here, and we are ready to go
[2026-05-26 21:10:35.488] AUTO-DISENGAGE: gear left Park (now R)
[2026-05-26 21:10:35.488] Husby was here, and we are ready to go
[2026-05-26 21:10:35.493] AUTO-DISENGAGE: gear left Park (now R)
[2026-05-26 21:10:35.493] Husby was here, and we are ready to go
[2026-05-26 21:10:35.498] AUTO-DISENGAGE: gear left Park (now R)
[2026-05-26 21:10:35.498] Husby was here, and we are ready to go
[2026-05-26 21:10:35.504] AUTO-DISENGAGE: gear left Park (now R)
[2026-05-26 21:10:35.504] Husby was here, and we are ready to go
[2026-05-26 21:10:35.507] AUTO-DISENGAGE: gear left Park (now R)
[2026-05-26 21:10:35.508] Husby was here, and we are ready to go
[2026-05-26 21:10:35.508] AUTO-DISENGAGE: gear left Park (now R)
[2026-05-26 21:10:35.508] Husby was here, and we are ready to go
[2026-05-26 21:10:35.511] AUTO-DISENGAGE: gear left Park (now R)
[2026-05-26 21:10:35.511] Husby was here, and we are ready to go
[2026-05-26 21:10:35.513] AUTO-DISENGAGE: gear left Park (now R)
[2026-05-26 21:10:35.513] Husby was here, and we are ready to go
[2026-05-26 21:10:35.518] AUTO-DISENGAGE: gear left Park (now R)
[2026-05-26 21:10:35.518] Husby was here, and we are ready to go
[2026-05-26 21:10:35.524] AUTO-DISENGAGE: gear left Park (now R)
[2026-05-26 21:10:35.524] Husby was here, and we are ready to go
[2026-05-26 21:10:35.527] AUTO-DISENGAGE: gear left Park (now R)
[2026-05-26 21:10:35.528] Husby was here, and we are ready to go
[2026-05-26 21:10:35.528] AUTO-DISENGAGE: gear left Park (now R)
[2026-05-26 21:10:35.528] Husby was here, and we are ready to go
[2026-05-26 21:10:35.533] AUTO-DISENGAGE: gear left Park (now R)
[2026-05-26 21:10:35.534] Husby was here, and we are ready to go
[2026-05-26 21:10:35.538] AUTO-DISENGAGE: gear left Park (now R)
[2026-05-26 21:10:35.538] Husby was here, and we are ready to go
[2026-05-26 21:10:35.544] AUTO-DISENGAGE: gear left Park (now R)
[2026-05-26 21:10:35.544] Husby was here, and we are ready to go
[2026-05-26 21:10:35.547] AUTO-DISENGAGE: gear left Park (now R)
[2026-05-26 21:10:35.548] Husby was here, and we are ready to go
[2026-05-26 21:10:35.568] AUTO-DISENGAGE: gear left Park (now R)
[2026-05-26 21:10:35.568] Husby was here, and we are ready to go
[2026-05-26 21:10:35.589] AUTO-DISENGAGE: gear left Park (now R)
[2026-05-26 21:10:35.589] Husby was here, and we are ready to go
[2026-05-26 21:10:35.609] AUTO-DISENGAGE: gear left Park (now R)
[2026-05-26 21:10:35.609] Husby was here, and we are ready to go
[2026-05-26 21:10:35.611] AUTO-DISENGAGE: gear left Park (now R)
[2026-05-26 21:10:35.611] Husby was here, and we are ready to go
[2026-05-26 21:10:35.629] AUTO-DISENGAGE: gear left Park (now R)
[2026-05-26 21:10:35.629] Husby was here, and we are ready to go
[2026-05-26 21:10:35.649] AUTO-DISENGAGE: gear left Park (now R)
[2026-05-26 21:10:35.649] Husby was here, and we are ready to go
[2026-05-26 21:10:35.669] AUTO-DISENGAGE: gear left Park (now R)
[2026-05-26 21:10:35.669] Husby was here, and we are ready to go
[2026-05-26 21:10:35.689] AUTO-DISENGAGE: gear left Park (now R)
[2026-05-26 21:10:35.689] Husby was here, and we are ready to go
[2026-05-26 21:10:35.709] AUTO-DISENGAGE: gear left Park (now R)
[2026-05-26 21:10:35.709] Husby was here, and we are ready to go
[2026-05-26 21:10:35.711] AUTO-DISENGAGE: gear left Park (now R)
[2026-05-26 21:10:35.711] Husby was here, and we are ready to go
[2026-05-26 21:10:35.729] AUTO-DISENGAGE: gear left Park (now R)
[2026-05-26 21:10:35.729] Husby was here, and we are ready to go
[2026-05-26 21:10:35.749] AUTO-DISENGAGE: gear left Park (now R)
[2026-05-26 21:10:35.749] Husby was here, and we are ready to go
[2026-05-26 21:10:35.749] SHIFT post-burst gear: R (requested R)
[2026-05-26 21:10:35.769] AUTO-DISENGAGE: gear left Park (now R)
[2026-05-26 21:10:35.769] Husby was here, and we are ready to go
[2026-05-26 21:10:35.789] AUTO-DISENGAGE: gear left Park (now R)
[2026-05-26 21:10:35.789] Husby was here, and we are ready to go
[2026-05-26 21:10:35.809] AUTO-DISENGAGE: gear left Park (now R)
[2026-05-26 21:10:35.809] Husby was here, and we are ready to go
[2026-05-26 21:10:35.811] AUTO-DISENGAGE: gear left Park (now R)
[2026-05-26 21:10:35.811] Husby was here, and we are ready to go
[2026-05-26 21:10:35.829] AUTO-DISENGAGE: gear left Park (now R)
[2026-05-26 21:10:35.829] Husby was here, and we are ready to go
[2026-05-26 21:10:35.849] AUTO-DISENGAGE: gear left Park (now R)
[2026-05-26 21:10:35.849] Husby was here, and we are ready to go
[2026-05-26 21:10:35.869] AUTO-DISENGAGE: gear left Park (now R)
[2026-05-26 21:10:35.869] Husby was here, and we are ready to go
[2026-05-26 21:10:35.889] AUTO-DISENGAGE: gear left Park (now R)
[2026-05-26 21:10:35.889] Husby was here, and we are ready to go
[2026-05-26 21:10:35.910] AUTO-DISENGAGE: gear left Park (now R)
[2026-05-26 21:10:35.910] Husby was here, and we are ready to go
[2026-05-26 21:10:35.911] AUTO-DISENGAGE: gear left Park (now R)
[2026-05-26 21:10:35.911] Husby was here, and we are ready to go
[2026-05-26 21:10:35.929] AUTO-DISENGAGE: gear left Park (now R)
[2026-05-26 21:10:35.929] Husby was here, and we are ready to go
[2026-05-26 21:10:35.949] AUTO-DISENGAGE: gear left Park (now R)
[2026-05-26 21:10:35.949] Husby was here, and we are ready to go
[2026-05-26 21:10:35.969] AUTO-DISENGAGE: gear left Park (now R)
[2026-05-26 21:10:35.969] Husby was here, and we are ready to go
[2026-05-26 21:10:35.989] AUTO-DISENGAGE: gear left Park (now R)
[2026-05-26 21:10:35.989] Husby was here, and we are ready to go
[2026-05-26 21:10:36.009] AUTO-DISENGAGE: gear left Park (now R)
[2026-05-26 21:10:36.009] Husby was here, and we are ready to go
[2026-05-26 21:10:36.011] AUTO-DISENGAGE: gear left Park (now R)
[2026-05-26 21:10:36.011] Husby was here, and we are ready to go
[2026-05-26 21:10:36.029] AUTO-DISENGAGE: gear left Park (now R)
[2026-05-26 21:10:36.029] Husby was here, and we are ready to go
[2026-05-26 21:10:36.049] AUTO-DISENGAGE: gear left Park (now R)
[2026-05-26 21:10:36.049] Husby was here, and we are ready to go
[2026-05-26 21:10:36.069] AUTO-DISENGAGE: gear left Park (now R)
[2026-05-26 21:10:36.069] Husby was here, and we are ready to go
[2026-05-26 21:10:36.089] AUTO-DISENGAGE: gear left Park (now R)
[2026-05-26 21:10:36.089] Husby was here, and we are ready to go
[2026-05-26 21:10:36.109] AUTO-DISENGAGE: gear left Park (now R)
[2026-05-26 21:10:36.109] Husby was here, and we are ready to go
[2026-05-26 21:10:36.111] AUTO-DISENGAGE: gear left Park (now R)
[2026-05-26 21:10:36.111] Husby was here, and we are ready to go
[2026-05-26 21:10:36.129] AUTO-DISENGAGE: gear left Park (now R)
[2026-05-26 21:10:36.129] Husby was here, and we are ready to go
[2026-05-26 21:10:36.149] AUTO-DISENGAGE: gear left Park (now R)
[2026-05-26 21:10:36.149] Husby was here, and we are ready to go
[2026-05-26 21:10:36.169] AUTO-DISENGAGE: gear left Park (now R)
[2026-05-26 21:10:36.169] Husby was here, and we are ready to go
[2026-05-26 21:10:36.189] AUTO-DISENGAGE: gear left Park (now R)
[2026-05-26 21:10:36.189] Husby was here, and we are ready to go
[2026-05-26 21:10:36.209] AUTO-DISENGAGE: gear left Park (now R)
[2026-05-26 21:10:36.210] Husby was here, and we are ready to go
[2026-05-26 21:10:36.211] AUTO-DISENGAGE: gear left Park (now R)
[2026-05-26 21:10:36.211] Husby was here, and we are ready to go
[2026-05-26 21:10:36.229] AUTO-DISENGAGE: gear left Park (now R)
[2026-05-26 21:10:36.229] Husby was here, and we are ready to go
[2026-05-26 21:10:36.249] AUTO-DISENGAGE: gear left Park (now R)
[2026-05-26 21:10:36.249] Husby was here, and we are ready to go
[2026-05-26 21:10:36.269] AUTO-DISENGAGE: gear left Park (now R)
[2026-05-26 21:10:36.269] Husby was here, and we are ready to go
[2026-05-26 21:10:36.289] AUTO-DISENGAGE: gear left Park (now R)
[2026-05-26 21:10:36.289] Husby was here, and we are ready to go
[2026-05-26 21:10:36.309] AUTO-DISENGAGE: gear left Park (now R)
[2026-05-26 21:10:36.309] Husby was here, and we are ready to go
[2026-05-26 21:10:36.311] AUTO-DISENGAGE: gear left Park (now R)
[2026-05-26 21:10:36.311] Husby was here, and we are ready to go
[2026-05-26 21:10:36.329] AUTO-DISENGAGE: gear left Park (now R)
[2026-05-26 21:10:36.329] Husby was here, and we are ready to go
[2026-05-26 21:10:36.349] AUTO-DISENGAGE: gear left Park (now R)
[2026-05-26 21:10:36.349] Husby was here, and we are ready to go
[2026-05-26 21:10:36.369] AUTO-DISENGAGE: gear left Park (now R)
[2026-05-26 21:10:36.369] Husby was here, and we are ready to go
[2026-05-26 21:10:36.389] AUTO-DISENGAGE: gear left Park (now R)
[2026-05-26 21:10:36.389] Husby was here, and we are ready to go
[2026-05-26 21:10:36.409] AUTO-DISENGAGE: gear left Park (now R)
[2026-05-26 21:10:36.409] Husby was here, and we are ready to go
[2026-05-26 21:10:36.411] AUTO-DISENGAGE: gear left Park (now R)
[2026-05-26 21:10:36.411] Husby was here, and we are ready to go
[2026-05-26 21:10:36.429] AUTO-DISENGAGE: gear left Park (now R)
[2026-05-26 21:10:36.429] Husby was here, and we are ready to go
[2026-05-26 21:10:36.449] AUTO-DISENGAGE: gear left Park (now R)
[2026-05-26 21:10:36.449] Husby was here, and we are ready to go
[2026-05-26 21:10:36.469] AUTO-DISENGAGE: gear left Park (now R)
[2026-05-26 21:10:36.469] Husby was here, and we are ready to go
[2026-05-26 21:10:36.489] AUTO-DISENGAGE: gear left Park (now R)
[2026-05-26 21:10:36.489] Husby was here, and we are ready to go
[2026-05-26 21:10:36.509] AUTO-DISENGAGE: gear left Park (now R)
[2026-05-26 21:10:36.509] Husby was here, and we are ready to go
[2026-05-26 21:10:36.511] AUTO-DISENGAGE: gear left Park (now R)
[2026-05-26 21:10:36.511] Husby was here, and we are ready to go
[2026-05-26 21:10:36.529] AUTO-DISENGAGE: gear left Park (now R)
[2026-05-26 21:10:36.529] Husby was here, and we are ready to go
[2026-05-26 21:10:36.550] AUTO-DISENGAGE: gear left Park (now R)
[2026-05-26 21:10:36.550] Husby was here, and we are ready to go
[2026-05-26 21:10:36.569] AUTO-DISENGAGE: gear left Park (now R)
[2026-05-26 21:10:36.569] Husby was here, and we are ready to go
[2026-05-26 21:10:36.589] AUTO-DISENGAGE: gear left Park (now R)
[2026-05-26 21:10:36.589] Husby was here, and we are ready to go
[2026-05-26 21:10:36.609] AUTO-DISENGAGE: gear left Park (now R)
[2026-05-26 21:10:36.610] Husby was here, and we are ready to go
[2026-05-26 21:10:36.611] AUTO-DISENGAGE: gear left Park (now R)
[2026-05-26 21:10:36.611] Husby was here, and we are ready to go
[2026-05-26 21:10:36.629] AUTO-DISENGAGE: gear left Park (now R)
[2026-05-26 21:10:36.630] Husby was here, and we are ready to go
[2026-05-26 21:10:36.649] AUTO-DISENGAGE: gear left Park (now R)
[2026-05-26 21:10:36.650] Husby was here, and we are ready to go
[2026-05-26 21:10:36.669] AUTO-DISENGAGE: gear left Park (now R)
[2026-05-26 21:10:36.669] Husby was here, and we are ready to go
[2026-05-26 21:10:36.689] AUTO-DISENGAGE: gear left Park (now R)
[2026-05-26 21:10:36.689] Husby was here, and we are ready to go
[2026-05-26 21:10:36.709] AUTO-DISENGAGE: gear left Park (now R)
[2026-05-26 21:10:36.709] Husby was here, and we are ready to go
[2026-05-26 21:10:36.711] AUTO-DISENGAGE: gear left Park (now R)
[2026-05-26 21:10:36.711] Husby was here, and we are ready to go
[2026-05-26 21:10:36.729] AUTO-DISENGAGE: gear left Park (now R)
[2026-05-26 21:10:36.729] Husby was here, and we are ready to go
[2026-05-26 21:10:36.749] AUTO-DISENGAGE: gear left Park (now R)
[2026-05-26 21:10:36.750] Husby was here, and we are ready to go
[2026-05-26 21:10:36.769] AUTO-DISENGAGE: gear left Park (now R)
[2026-05-26 21:10:36.769] Husby was here, and we are ready to go
[2026-05-26 21:10:36.790] AUTO-DISENGAGE: gear left Park (now R)
[2026-05-26 21:10:36.790] Husby was here, and we are ready to go
[2026-05-26 21:10:36.809] AUTO-DISENGAGE: gear left Park (now R)
[2026-05-26 21:10:36.809] Husby was here, and we are ready to go
[2026-05-26 21:10:36.811] AUTO-DISENGAGE: gear left Park (now R)
[2026-05-26 21:10:36.811] Husby was here, and we are ready to go
[2026-05-26 21:10:36.829] AUTO-DISENGAGE: gear left Park (now R)
[2026-05-26 21:10:36.829] Husby was here, and we are ready to go
[2026-05-26 21:10:36.849] AUTO-DISENGAGE: gear left Park (now R)
[2026-05-26 21:10:36.850] Husby was here, and we are ready to go
[2026-05-26 21:10:36.869] AUTO-DISENGAGE: gear left Park (now R)
[2026-05-26 21:10:36.869] Husby was here, and we are ready to go
[2026-05-26 21:10:36.889] AUTO-DISENGAGE: gear left Park (now R)
[2026-05-26 21:10:36.889] Husby was here, and we are ready to go
[2026-05-26 21:10:36.910] AUTO-DISENGAGE: gear left Park (now R)
[2026-05-26 21:10:36.910] Husby was here, and we are ready to go
[2026-05-26 21:10:36.911] AUTO-DISENGAGE: gear left Park (now R)
[2026-05-26 21:10:36.911] Husby was here, and we are ready to go
[2026-05-26 21:10:36.929] AUTO-DISENGAGE: gear left Park (now R)
[2026-05-26 21:10:36.929] Husby was here, and we are ready to go
[2026-05-26 21:10:36.950] AUTO-DISENGAGE: gear left Park (now R)
[2026-05-26 21:10:36.950] Husby was here, and we are ready to go
[2026-05-26 21:10:36.969] AUTO-DISENGAGE: gear left Park (now R)
[2026-05-26 21:10:36.969] Husby was here, and we are ready to go
[2026-05-26 21:10:36.989] AUTO-DISENGAGE: gear left Park (now R)
[2026-05-26 21:10:36.989] Husby was here, and we are ready to go
[2026-05-26 21:10:37.009] AUTO-DISENGAGE: gear left Park (now R)
[2026-05-26 21:10:37.009] Husby was here, and we are ready to go
[2026-05-26 21:10:37.011] AUTO-DISENGAGE: gear left Park (now R)
[2026-05-26 21:10:37.011] Husby was here, and we are ready to go
[2026-05-26 21:10:37.029] AUTO-DISENGAGE: gear left Park (now R)
[2026-05-26 21:10:37.029] Husby was here, and we are ready to go
[2026-05-26 21:10:37.049] AUTO-DISENGAGE: gear left Park (now R)
[2026-05-26 21:10:37.049] Husby was here, and we are ready to go
[2026-05-26 21:10:37.069] AUTO-DISENGAGE: gear left Park (now R)
[2026-05-26 21:10:37.069] Husby was here, and we are ready to go
[2026-05-26 21:10:37.089] AUTO-DISENGAGE: gear left Park (now R)
[2026-05-26 21:10:37.089] Husby was here, and we are ready to go
[2026-05-26 21:10:37.109] AUTO-DISENGAGE: gear left Park (now R)
[2026-05-26 21:10:37.109] Husby was here, and we are ready to go
[2026-05-26 21:10:37.111] AUTO-DISENGAGE: gear left Park (now R)
[2026-05-26 21:10:37.111] Husby was here, and we are ready to go
[2026-05-26 21:10:37.129] AUTO-DISENGAGE: gear left Park (now R)
[2026-05-26 21:10:37.129] Husby was here, and we are ready to go
[2026-05-26 21:10:37.149] AUTO-DISENGAGE: gear left Park (now R)
[2026-05-26 21:10:37.150] Husby was here, and we are ready to go
[2026-05-26 21:10:37.169] AUTO-DISENGAGE: gear left Park (now R)
[2026-05-26 21:10:37.169] Husby was here, and we are ready to go
[2026-05-26 21:10:37.189] AUTO-DISENGAGE: gear left Park (now R)
[2026-05-26 21:10:37.189] Husby was here, and we are ready to go
[2026-05-26 21:10:37.210] AUTO-DISENGAGE: gear left Park (now R)
[2026-05-26 21:10:37.210] Husby was here, and we are ready to go
[2026-05-26 21:10:37.211] AUTO-DISENGAGE: gear left Park (now R)
[2026-05-26 21:10:37.211] Husby was here, and we are ready to go
[2026-05-26 21:10:37.229] AUTO-DISENGAGE: gear left Park (now R)
[2026-05-26 21:10:37.229] Husby was here, and we are ready to go
[2026-05-26 21:10:37.250] AUTO-DISENGAGE: gear left Park (now R)
[2026-05-26 21:10:37.250] Husby was here, and we are ready to go
[2026-05-26 21:10:37.270] AUTO-DISENGAGE: gear left Park (now R)
[2026-05-26 21:10:37.270] Husby was here, and we are ready to go
[2026-05-26 21:10:37.289] AUTO-DISENGAGE: gear left Park (now R)
[2026-05-26 21:10:37.289] Husby was here, and we are ready to go
[2026-05-26 21:10:37.310] AUTO-DISENGAGE: gear left Park (now R)
[2026-05-26 21:10:37.310] Husby was here, and we are ready to go
[2026-05-26 21:10:37.311] AUTO-DISENGAGE: gear left Park (now R)
[2026-05-26 21:10:37.311] Husby was here, and we are ready to go
[2026-05-26 21:10:37.329] AUTO-DISENGAGE: gear left Park (now R)
[2026-05-26 21:10:37.329] Husby was here, and we are ready to go
[2026-05-26 21:10:37.349] AUTO-DISENGAGE: gear left Park (now R)
[2026-05-26 21:10:37.349] Husby was here, and we are ready to go
[2026-05-26 21:10:37.369] AUTO-DISENGAGE: gear left Park (now R)
[2026-05-26 21:10:37.369] Husby was here, and we are ready to go
[2026-05-26 21:10:37.389] AUTO-DISENGAGE: gear left Park (now R)
[2026-05-26 21:10:37.389] Husby was here, and we are ready to go
[2026-05-26 21:10:37.409] AUTO-DISENGAGE: gear left Park (now R)
[2026-05-26 21:10:37.409] Husby was here, and we are ready to go
[2026-05-26 21:10:37.411] AUTO-DISENGAGE: gear left Park (now R)
[2026-05-26 21:10:37.411] Husby was here, and we are ready to go
[2026-05-26 21:10:37.429] AUTO-DISENGAGE: gear left Park (now R)
[2026-05-26 21:10:37.429] Husby was here, and we are ready to go
[2026-05-26 21:10:37.449] AUTO-DISENGAGE: gear left Park (now R)
[2026-05-26 21:10:37.449] Husby was here, and we are ready to go
[2026-05-26 21:10:37.469] AUTO-DISENGAGE: gear left Park (now R)
[2026-05-26 21:10:37.469] Husby was here, and we are ready to go
[2026-05-26 21:10:37.489] AUTO-DISENGAGE: gear left Park (now R)
[2026-05-26 21:10:37.489] Husby was here, and we are ready to go
[2026-05-26 21:10:37.510] AUTO-DISENGAGE: gear left Park (now R)
[2026-05-26 21:10:37.510] Husby was here, and we are ready to go
[2026-05-26 21:10:37.511] AUTO-DISENGAGE: gear left Park (now R)
[2026-05-26 21:10:37.511] Husby was here, and we are ready to go
[2026-05-26 21:10:37.529] AUTO-DISENGAGE: gear left Park (now R)
[2026-05-26 21:10:37.529] Husby was here, and we are ready to go
[2026-05-26 21:10:37.549] AUTO-DISENGAGE: gear left Park (now R)
[2026-05-26 21:10:37.549] Husby was here, and we are ready to go
[2026-05-26 21:10:37.569] AUTO-DISENGAGE: gear left Park (now R)
[2026-05-26 21:10:37.569] Husby was here, and we are ready to go
[2026-05-26 21:10:37.589] AUTO-DISENGAGE: gear left Park (now R)
[2026-05-26 21:10:37.589] Husby was here, and we are ready to go
[2026-05-26 21:10:37.609] AUTO-DISENGAGE: gear left Park (now R)
[2026-05-26 21:10:37.609] Husby was here, and we are ready to go
[2026-05-26 21:10:37.611] AUTO-DISENGAGE: gear left Park (now R)
[2026-05-26 21:10:37.611] Husby was here, and we are ready to go
[2026-05-26 21:10:37.629] AUTO-DISENGAGE: gear left Park (now R)
[2026-05-26 21:10:37.629] Husby was here, and we are ready to go
[2026-05-26 21:10:37.649] AUTO-DISENGAGE: gear left Park (now R)
[2026-05-26 21:10:37.649] Husby was here, and we are ready to go
[2026-05-26 21:10:37.669] AUTO-DISENGAGE: gear left Park (now R)
[2026-05-26 21:10:37.669] Husby was here, and we are ready to go
[2026-05-26 21:10:37.689] AUTO-DISENGAGE: gear left Park (now R)
[2026-05-26 21:10:37.689] Husby was here, and we are ready to go
[2026-05-26 21:10:37.709] AUTO-DISENGAGE: gear left Park (now R)
[2026-05-26 21:10:37.709] Husby was here, and we are ready to go
[2026-05-26 21:10:37.711] AUTO-DISENGAGE: gear left Park (now R)
[2026-05-26 21:10:37.711] Husby was here, and we are ready to go
[2026-05-26 21:10:37.729] AUTO-DISENGAGE: gear left Park (now R)
[2026-05-26 21:10:37.729] Husby was here, and we are ready to go
[2026-05-26 21:10:37.749] AUTO-DISENGAGE: gear left Park (now R)
[2026-05-26 21:10:37.749] Husby was here, and we are ready to go
[2026-05-26 21:10:37.769] AUTO-DISENGAGE: gear left Park (now R)
[2026-05-26 21:10:37.769] Husby was here, and we are ready to go
[2026-05-26 21:10:37.789] AUTO-DISENGAGE: gear left Park (now R)
[2026-05-26 21:10:37.789] Husby was here, and we are ready to go
[2026-05-26 21:10:37.809] AUTO-DISENGAGE: gear left Park (now R)
[2026-05-26 21:10:37.809] Husby was here, and we are ready to go
[2026-05-26 21:10:37.811] AUTO-DISENGAGE: gear left Park (now R)
[2026-05-26 21:10:37.811] Husby was here, and we are ready to go
[2026-05-26 21:10:37.829] AUTO-DISENGAGE: gear left Park (now R)
[2026-05-26 21:10:37.829] Husby was here, and we are ready to go
[2026-05-26 21:10:37.849] AUTO-DISENGAGE: gear left Park (now R)
[2026-05-26 21:10:37.849] Husby was here, and we are ready to go
[2026-05-26 21:10:37.869] AUTO-DISENGAGE: gear left Park (now R)
[2026-05-26 21:10:37.869] Husby was here, and we are ready to go
[2026-05-26 21:10:37.889] AUTO-DISENGAGE: gear left Park (now R)
[2026-05-26 21:10:37.889] Husby was here, and we are ready to go
[2026-05-26 21:10:37.909] AUTO-DISENGAGE: gear left Park (now R)
[2026-05-26 21:10:37.909] Husby was here, and we are ready to go
[2026-05-26 21:10:37.911] AUTO-DISENGAGE: gear left Park (now R)
[2026-05-26 21:10:37.911] Husby was here, and we are ready to go
[2026-05-26 21:10:37.929] AUTO-DISENGAGE: gear left Park (now R)
[2026-05-26 21:10:37.929] Husby was here, and we are ready to go
[2026-05-26 21:10:37.949] AUTO-DISENGAGE: gear left Park (now R)
[2026-05-26 21:10:37.949] Husby was here, and we are ready to go
[2026-05-26 21:10:37.969] AUTO-DISENGAGE: gear left Park (now R)
[2026-05-26 21:10:37.969] Husby was here, and we are ready to go
[2026-05-26 21:10:37.989] AUTO-DISENGAGE: gear left Park (now R)
[2026-05-26 21:10:37.989] Husby was here, and we are ready to go
[2026-05-26 21:10:38.009] AUTO-DISENGAGE: gear left Park (now R)
[2026-05-26 21:10:38.009] Husby was here, and we are ready to go
[2026-05-26 21:10:38.011] AUTO-DISENGAGE: gear left Park (now R)
[2026-05-26 21:10:38.011] Husby was here, and we are ready to go
[2026-05-26 21:10:38.029] AUTO-DISENGAGE: gear left Park (now R)
[2026-05-26 21:10:38.029] Husby was here, and we are ready to go
[2026-05-26 21:10:38.049] AUTO-DISENGAGE: gear left Park (now R)
[2026-05-26 21:10:38.049] Husby was here, and we are ready to go
[2026-05-26 21:10:38.069] AUTO-DISENGAGE: gear left Park (now R)
[2026-05-26 21:10:38.069] Husby was here, and we are ready to go
[2026-05-26 21:10:38.089] AUTO-DISENGAGE: gear left Park (now R)
[2026-05-26 21:10:38.089] Husby was here, and we are ready to go
[2026-05-26 21:10:38.109] AUTO-DISENGAGE: gear left Park (now R)
[2026-05-26 21:10:38.109] Husby was here, and we are ready to go
[2026-05-26 21:10:38.111] AUTO-DISENGAGE: gear left Park (now R)
[2026-05-26 21:10:38.111] Husby was here, and we are ready to go
[2026-05-26 21:10:38.129] AUTO-DISENGAGE: gear left Park (now R)
[2026-05-26 21:10:38.129] Husby was here, and we are ready to go
[2026-05-26 21:10:38.150] AUTO-DISENGAGE: gear left Park (now R)
[2026-05-26 21:10:38.150] Husby was here, and we are ready to go
[2026-05-26 21:10:38.169] AUTO-DISENGAGE: gear left Park (now R)
[2026-05-26 21:10:38.169] Husby was here, and we are ready to go
[2026-05-26 21:10:38.190] AUTO-DISENGAGE: gear left Park (now R)
[2026-05-26 21:10:38.190] Husby was here, and we are ready to go
[2026-05-26 21:10:38.209] AUTO-DISENGAGE: gear left Park (now R)
[2026-05-26 21:10:38.209] Husby was here, and we are ready to go
[2026-05-26 21:10:38.211] AUTO-DISENGAGE: gear left Park (now R)
[2026-05-26 21:10:38.211] Husby was here, and we are ready to go
[2026-05-26 21:10:38.229] AUTO-DISENGAGE: gear left Park (now R)
[2026-05-26 21:10:38.229] Husby was here, and we are ready to go
[2026-05-26 21:10:38.250] AUTO-DISENGAGE: gear left Park (now R)
[2026-05-26 21:10:38.250] Husby was here, and we are ready to go
[2026-05-26 21:10:38.269] AUTO-DISENGAGE: gear left Park (now R)
[2026-05-26 21:10:38.269] Husby was here, and we are ready to go
[2026-05-26 21:10:38.290] AUTO-DISENGAGE: gear left Park (now R)
[2026-05-26 21:10:38.290] Husby was here, and we are ready to go
[2026-05-26 21:10:38.309] AUTO-DISENGAGE: gear left Park (now R)
[2026-05-26 21:10:38.310] Husby was here, and we are ready to go
[2026-05-26 21:10:38.311] AUTO-DISENGAGE: gear left Park (now R)
[2026-05-26 21:10:38.311] Husby was here, and we are ready to go
[2026-05-26 21:10:38.329] AUTO-DISENGAGE: gear left Park (now R)
[2026-05-26 21:10:38.329] Husby was here, and we are ready to go
[2026-05-26 21:10:38.349] AUTO-DISENGAGE: gear left Park (now R)
[2026-05-26 21:10:38.349] Husby was here, and we are ready to go
[2026-05-26 21:10:38.369] AUTO-DISENGAGE: gear left Park (now R)
[2026-05-26 21:10:38.369] Husby was here, and we are ready to go
[2026-05-26 21:10:38.389] AUTO-DISENGAGE: gear left Park (now R)
[2026-05-26 21:10:38.389] Husby was here, and we are ready to go
[2026-05-26 21:10:38.409] AUTO-DISENGAGE: gear left Park (now R)
[2026-05-26 21:10:38.409] Husby was here, and we are ready to go
[2026-05-26 21:10:38.411] AUTO-DISENGAGE: gear left Park (now R)
[2026-05-26 21:10:38.411] Husby was here, and we are ready to go
[2026-05-26 21:10:38.429] AUTO-DISENGAGE: gear left Park (now R)
[2026-05-26 21:10:38.429] Husby was here, and we are ready to go
[2026-05-26 21:10:38.450] AUTO-DISENGAGE: gear left Park (now R)
[2026-05-26 21:10:38.450] Husby was here, and we are ready to go
[2026-05-26 21:10:38.469] AUTO-DISENGAGE: gear left Park (now R)
[2026-05-26 21:10:38.469] Husby was here, and we are ready to go
[2026-05-26 21:10:38.489] AUTO-DISENGAGE: gear left Park (now R)
[2026-05-26 21:10:38.489] Husby was here, and we are ready to go
[2026-05-26 21:10:38.510] AUTO-DISENGAGE: gear left Park (now R)
[2026-05-26 21:10:38.510] Husby was here, and we are ready to go
[2026-05-26 21:10:38.511] AUTO-DISENGAGE: gear left Park (now R)
[2026-05-26 21:10:38.511] Husby was here, and we are ready to go
[2026-05-26 21:10:38.529] AUTO-DISENGAGE: gear left Park (now R)
[2026-05-26 21:10:38.529] Husby was here, and we are ready to go
[2026-05-26 21:10:38.549] AUTO-DISENGAGE: gear left Park (now R)
[2026-05-26 21:10:38.550] Husby was here, and we are ready to go
[2026-05-26 21:10:38.569] AUTO-DISENGAGE: gear left Park (now R)
[2026-05-26 21:10:38.569] Husby was here, and we are ready to go
[2026-05-26 21:10:38.590] AUTO-DISENGAGE: gear left Park (now R)
[2026-05-26 21:10:38.590] Husby was here, and we are ready to go
[2026-05-26 21:10:38.609] AUTO-DISENGAGE: gear left Park (now R)
[2026-05-26 21:10:38.609] Husby was here, and we are ready to go
[2026-05-26 21:10:38.611] AUTO-DISENGAGE: gear left Park (now R)
[2026-05-26 21:10:38.611] Husby was here, and we are ready to go
[2026-05-26 21:10:38.629] AUTO-DISENGAGE: gear left Park (now R)
[2026-05-26 21:10:38.629] Husby was here, and we are ready to go
[2026-05-26 21:10:38.650] AUTO-DISENGAGE: gear left Park (now R)
[2026-05-26 21:10:38.650] Husby was here, and we are ready to go
[2026-05-26 21:10:38.669] AUTO-DISENGAGE: gear left Park (now R)
[2026-05-26 21:10:38.670] Husby was here, and we are ready to go
[2026-05-26 21:10:38.689] AUTO-DISENGAGE: gear left Park (now R)
[2026-05-26 21:10:38.689] Husby was here, and we are ready to go
[2026-05-26 21:10:38.709] AUTO-DISENGAGE: gear left Park (now R)
[2026-05-26 21:10:38.710] Husby was here, and we are ready to go
[2026-05-26 21:10:38.711] AUTO-DISENGAGE: gear left Park (now R)
[2026-05-26 21:10:38.711] Husby was here, and we are ready to go
[2026-05-26 21:10:38.729] AUTO-DISENGAGE: gear left Park (now R)
[2026-05-26 21:10:38.729] Husby was here, and we are ready to go
[2026-05-26 21:10:38.749] AUTO-DISENGAGE: gear left Park (now R)
[2026-05-26 21:10:38.750] Husby was here, and we are ready to go
[2026-05-26 21:10:38.770] AUTO-DISENGAGE: gear left Park (now R)
[2026-05-26 21:10:38.770] Husby was here, and we are ready to go
[2026-05-26 21:10:38.789] AUTO-DISENGAGE: gear left Park (now R)
[2026-05-26 21:10:38.789] Husby was here, and we are ready to go
[2026-05-26 21:10:38.809] AUTO-DISENGAGE: gear left Park (now R)
[2026-05-26 21:10:38.809] Husby was here, and we are ready to go
[2026-05-26 21:10:38.811] AUTO-DISENGAGE: gear left Park (now R)
[2026-05-26 21:10:38.811] Husby was here, and we are ready to go
[2026-05-26 21:10:38.829] AUTO-DISENGAGE: gear left Park (now R)
[2026-05-26 21:10:38.829] Husby was here, and we are ready to go
[2026-05-26 21:10:38.849] AUTO-DISENGAGE: gear left Park (now R)
[2026-05-26 21:10:38.849] Husby was here, and we are ready to go
[2026-05-26 21:10:38.870] AUTO-DISENGAGE: gear left Park (now R)
[2026-05-26 21:10:38.870] Husby was here, and we are ready to go
[2026-05-26 21:10:38.889] AUTO-DISENGAGE: gear left Park (now R)
[2026-05-26 21:10:38.889] Husby was here, and we are ready to go
[2026-05-26 21:10:38.910] AUTO-DISENGAGE: gear left Park (now R)
[2026-05-26 21:10:38.910] Husby was here, and we are ready to go
[2026-05-26 21:10:38.911] AUTO-DISENGAGE: gear left Park (now R)
[2026-05-26 21:10:38.911] Husby was here, and we are ready to go
[2026-05-26 21:10:38.929] AUTO-DISENGAGE: gear left Park (now R)
[2026-05-26 21:10:38.929] Husby was here, and we are ready to go
[2026-05-26 21:10:38.950] AUTO-DISENGAGE: gear left Park (now R)
[2026-05-26 21:10:38.950] Husby was here, and we are ready to go
[2026-05-26 21:10:38.969] AUTO-DISENGAGE: gear left Park (now R)
[2026-05-26 21:10:38.969] Husby was here, and we are ready to go
[2026-05-26 21:10:38.990] AUTO-DISENGAGE: gear left Park (now R)
[2026-05-26 21:10:38.990] Husby was here, and we are ready to go
[2026-05-26 21:10:39.009] AUTO-DISENGAGE: gear left Park (now R)
[2026-05-26 21:10:39.009] Husby was here, and we are ready to go
[2026-05-26 21:10:39.011] AUTO-DISENGAGE: gear left Park (now R)
[2026-05-26 21:10:39.011] Husby was here, and we are ready to go
[2026-05-26 21:10:39.029] AUTO-DISENGAGE: gear left Park (now R)
[2026-05-26 21:10:39.029] Husby was here, and we are ready to go
[2026-05-26 21:10:39.049] AUTO-DISENGAGE: gear left Park (now R)
[2026-05-26 21:10:39.049] Husby was here, and we are ready to go
[2026-05-26 21:10:39.070] AUTO-DISENGAGE: gear left Park (now R)
[2026-05-26 21:10:39.070] Husby was here, and we are ready to go
[2026-05-26 21:10:39.089] AUTO-DISENGAGE: gear left Park (now R)
[2026-05-26 21:10:39.089] Husby was here, and we are ready to go
[2026-05-26 21:10:39.109] AUTO-DISENGAGE: gear left Park (now R)
[2026-05-26 21:10:39.109] Husby was here, and we are ready to go
[2026-05-26 21:10:39.111] AUTO-DISENGAGE: gear left Park (now R)
[2026-05-26 21:10:39.111] Husby was here, and we are ready to go
[2026-05-26 21:10:39.129] AUTO-DISENGAGE: gear left Park (now R)
[2026-05-26 21:10:39.129] Husby was here, and we are ready to go
[2026-05-26 21:10:39.149] AUTO-DISENGAGE: gear left Park (now R)
[2026-05-26 21:10:39.149] Husby was here, and we are ready to go
[2026-05-26 21:10:39.169] AUTO-DISENGAGE: gear left Park (now R)
[2026-05-26 21:10:39.169] Husby was here, and we are ready to go
[2026-05-26 21:10:39.189] AUTO-DISENGAGE: gear left Park (now R)
[2026-05-26 21:10:39.189] Husby was here, and we are ready to go
[2026-05-26 21:10:39.209] AUTO-DISENGAGE: gear left Park (now R)
[2026-05-26 21:10:39.209] Husby was here, and we are ready to go
[2026-05-26 21:10:39.211] AUTO-DISENGAGE: gear left Park (now R)
[2026-05-26 21:10:39.211] Husby was here, and we are ready to go
[2026-05-26 21:10:39.230] AUTO-DISENGAGE: gear left Park (now R)
[2026-05-26 21:10:39.230] Husby was here, and we are ready to go
[2026-05-26 21:10:39.249] AUTO-DISENGAGE: gear left Park (now R)
[2026-05-26 21:10:39.250] Husby was here, and we are ready to go
[2026-05-26 21:10:39.270] AUTO-DISENGAGE: gear left Park (now R)
[2026-05-26 21:10:39.270] Husby was here, and we are ready to go
[2026-05-26 21:10:39.290] AUTO-DISENGAGE: gear left Park (now R)
[2026-05-26 21:10:39.290] Husby was here, and we are ready to go
[2026-05-26 21:10:39.310] AUTO-DISENGAGE: gear left Park (now R)
[2026-05-26 21:10:39.310] Husby was here, and we are ready to go
[2026-05-26 21:10:39.311] AUTO-DISENGAGE: gear left Park (now R)
[2026-05-26 21:10:39.311] Husby was here, and we are ready to go
[2026-05-26 21:10:39.329] AUTO-DISENGAGE: gear left Park (now R)
[2026-05-26 21:10:39.329] Husby was here, and we are ready to go
[2026-05-26 21:10:39.349] AUTO-DISENGAGE: gear left Park (now R)
[2026-05-26 21:10:39.349] Husby was here, and we are ready to go
[2026-05-26 21:10:39.370] AUTO-DISENGAGE: gear left Park (now R)
[2026-05-26 21:10:39.370] Husby was here, and we are ready to go
[2026-05-26 21:10:39.390] AUTO-DISENGAGE: gear left Park (now R)
[2026-05-26 21:10:39.390] Husby was here, and we are ready to go
[2026-05-26 21:10:39.409] AUTO-DISENGAGE: gear left Park (now R)
[2026-05-26 21:10:39.409] Husby was here, and we are ready to go
[2026-05-26 21:10:39.411] AUTO-DISENGAGE: gear left Park (now R)
[2026-05-26 21:10:39.411] Husby was here, and we are ready to go
[2026-05-26 21:10:39.430] AUTO-DISENGAGE: gear left Park (now R)
[2026-05-26 21:10:39.430] Husby was here, and we are ready to go
[2026-05-26 21:10:39.449] AUTO-DISENGAGE: gear left Park (now R)
[2026-05-26 21:10:39.450] Husby was here, and we are ready to go
[2026-05-26 21:10:39.470] AUTO-DISENGAGE: gear left Park (now R)
[2026-05-26 21:10:39.470] Husby was here, and we are ready to go
[2026-05-26 21:10:39.489] AUTO-DISENGAGE: gear left Park (now R)
[2026-05-26 21:10:39.489] Husby was here, and we are ready to go
[2026-05-26 21:10:39.509] AUTO-DISENGAGE: gear left Park (now R)
[2026-05-26 21:10:39.509] Husby was here, and we are ready to go
[2026-05-26 21:10:39.511] AUTO-DISENGAGE: gear left Park (now R)
[2026-05-26 21:10:39.511] Husby was here, and we are ready to go
[2026-05-26 21:10:39.529] AUTO-DISENGAGE: gear left Park (now R)
[2026-05-26 21:10:39.529] Husby was here, and we are ready to go
[2026-05-26 21:10:39.550] AUTO-DISENGAGE: gear left Park (now R)
[2026-05-26 21:10:39.550] Husby was here, and we are ready to go
[2026-05-26 21:10:39.570] AUTO-DISENGAGE: gear left Park (now R)
[2026-05-26 21:10:39.570] Husby was here, and we are ready to go
[2026-05-26 21:10:39.589] AUTO-DISENGAGE: gear left Park (now R)
[2026-05-26 21:10:39.589] Husby was here, and we are ready to go
[2026-05-26 21:10:39.609] AUTO-DISENGAGE: gear left Park (now R)
[2026-05-26 21:10:39.609] Husby was here, and we are ready to go
[2026-05-26 21:10:39.611] AUTO-DISENGAGE: gear left Park (now R)
[2026-05-26 21:10:39.611] Husby was here, and we are ready to go
[2026-05-26 21:10:39.630] AUTO-DISENGAGE: gear left Park (now R)
[2026-05-26 21:10:39.630] Husby was here, and we are ready to go
[2026-05-26 21:10:39.649] AUTO-DISENGAGE: gear left Park (now R)
[2026-05-26 21:10:39.649] Husby was here, and we are ready to go
[2026-05-26 21:10:39.669] AUTO-DISENGAGE: gear left Park (now R)
[2026-05-26 21:10:39.669] Husby was here, and we are ready to go
[2026-05-26 21:10:39.689] AUTO-DISENGAGE: gear left Park (now R)
[2026-05-26 21:10:39.689] Husby was here, and we are ready to go
[2026-05-26 21:10:39.710] AUTO-DISENGAGE: gear left Park (now R)
[2026-05-26 21:10:39.710] Husby was here, and we are ready to go
[2026-05-26 21:10:39.711] AUTO-DISENGAGE: gear left Park (now R)
[2026-05-26 21:10:39.711] Husby was here, and we are ready to go
[2026-05-26 21:10:39.729] AUTO-DISENGAGE: gear left Park (now R)
[2026-05-26 21:10:39.729] Husby was here, and we are ready to go
[2026-05-26 21:10:39.749] AUTO-DISENGAGE: gear left Park (now R)
[2026-05-26 21:10:39.749] Husby was here, and we are ready to go
[2026-05-26 21:10:39.769] AUTO-DISENGAGE: gear left Park (now R)
[2026-05-26 21:10:39.769] Husby was here, and we are ready to go
[2026-05-26 21:10:39.789] AUTO-DISENGAGE: gear left Park (now R)
[2026-05-26 21:10:39.789] Husby was here, and we are ready to go
[2026-05-26 21:10:39.809] AUTO-DISENGAGE: gear left Park (now R)
[2026-05-26 21:10:39.809] Husby was here, and we are ready to go
[2026-05-26 21:10:39.811] AUTO-DISENGAGE: gear left Park (now R)
[2026-05-26 21:10:39.811] Husby was here, and we are ready to go
[2026-05-26 21:10:39.829] AUTO-DISENGAGE: gear left Park (now R)
[2026-05-26 21:10:39.829] Husby was here, and we are ready to go
[2026-05-26 21:10:39.849] AUTO-DISENGAGE: gear left Park (now R)
[2026-05-26 21:10:39.849] Husby was here, and we are ready to go
[2026-05-26 21:10:39.869] AUTO-DISENGAGE: gear left Park (now R)
[2026-05-26 21:10:39.870] Husby was here, and we are ready to go
[2026-05-26 21:10:39.889] AUTO-DISENGAGE: gear left Park (now R)
[2026-05-26 21:10:39.889] Husby was here, and we are ready to go
[2026-05-26 21:10:39.909] AUTO-DISENGAGE: gear left Park (now R)
[2026-05-26 21:10:39.909] Husby was here, and we are ready to go
[2026-05-26 21:10:39.911] AUTO-DISENGAGE: gear left Park (now R)
[2026-05-26 21:10:39.911] Husby was here, and we are ready to go
[2026-05-26 21:10:39.929] AUTO-DISENGAGE: gear left Park (now R)
[2026-05-26 21:10:39.929] Husby was here, and we are ready to go
[2026-05-26 21:10:39.949] AUTO-DISENGAGE: gear left Park (now R)
[2026-05-26 21:10:39.949] Husby was here, and we are ready to go
[2026-05-26 21:10:39.969] AUTO-DISENGAGE: gear left Park (now R)
[2026-05-26 21:10:39.969] Husby was here, and we are ready to go
[2026-05-26 21:10:39.989] AUTO-DISENGAGE: gear left Park (now R)
[2026-05-26 21:10:39.989] Husby was here, and we are ready to go
[2026-05-26 21:10:40.010] AUTO-DISENGAGE: gear left Park (now R)
[2026-05-26 21:10:40.010] Husby was here, and we are ready to go
[2026-05-26 21:10:40.011] AUTO-DISENGAGE: gear left Park (now R)
[2026-05-26 21:10:40.011] Husby was here, and we are ready to go
[2026-05-26 21:10:40.029] AUTO-DISENGAGE: gear left Park (now R)
[2026-05-26 21:10:40.029] Husby was here, and we are ready to go
[2026-05-26 21:10:40.049] AUTO-DISENGAGE: gear left Park (now R)
[2026-05-26 21:10:40.049] Husby was here, and we are ready to go
[2026-05-26 21:10:40.070] AUTO-DISENGAGE: gear left Park (now R)
[2026-05-26 21:10:40.070] Husby was here, and we are ready to go
[2026-05-26 21:10:40.089] AUTO-DISENGAGE: gear left Park (now R)
[2026-05-26 21:10:40.089] Husby was here, and we are ready to go
[2026-05-26 21:10:40.110] AUTO-DISENGAGE: gear left Park (now R)
[2026-05-26 21:10:40.110] Husby was here, and we are ready to go
[2026-05-26 21:10:40.111] AUTO-DISENGAGE: gear left Park (now R)
[2026-05-26 21:10:40.111] Husby was here, and we are ready to go
[2026-05-26 21:10:40.130] AUTO-DISENGAGE: gear left Park (now R)
[2026-05-26 21:10:40.130] Husby was here, and we are ready to go
[2026-05-26 21:10:40.149] AUTO-DISENGAGE: gear left Park (now R)
[2026-05-26 21:10:40.149] Husby was here, and we are ready to go
[2026-05-26 21:10:40.169] AUTO-DISENGAGE: gear left Park (now R)
[2026-05-26 21:10:40.169] Husby was here, and we are ready to go
[2026-05-26 21:10:40.189] AUTO-DISENGAGE: gear left Park (now R)
[2026-05-26 21:10:40.189] Husby was here, and we are ready to go
[2026-05-26 21:10:40.209] AUTO-DISENGAGE: gear left Park (now R)
[2026-05-26 21:10:40.209] Husby was here, and we are ready to go
[2026-05-26 21:10:40.211] AUTO-DISENGAGE: gear left Park (now R)
[2026-05-26 21:10:40.211] Husby was here, and we are ready to go
[2026-05-26 21:10:40.230] AUTO-DISENGAGE: gear left Park (now R)
[2026-05-26 21:10:40.230] Husby was here, and we are ready to go
[2026-05-26 21:10:40.249] AUTO-DISENGAGE: gear left Park (now R)
[2026-05-26 21:10:40.249] Husby was here, and we are ready to go
[2026-05-26 21:10:40.269] AUTO-DISENGAGE: gear left Park (now R)
[2026-05-26 21:10:40.270] Husby was here, and we are ready to go
[2026-05-26 21:10:40.289] AUTO-DISENGAGE: gear left Park (now R)
[2026-05-26 21:10:40.289] Husby was here, and we are ready to go
[2026-05-26 21:10:40.310] AUTO-DISENGAGE: gear left Park (now R)
[2026-05-26 21:10:40.310] Husby was here, and we are ready to go
[2026-05-26 21:10:40.311] AUTO-DISENGAGE: gear left Park (now R)
[2026-05-26 21:10:40.311] Husby was here, and we are ready to go
[2026-05-26 21:10:40.329] AUTO-DISENGAGE: gear left Park (now R)
[2026-05-26 21:10:40.329] Husby was here, and we are ready to go
[2026-05-26 21:10:40.349] AUTO-DISENGAGE: gear left Park (now R)
[2026-05-26 21:10:40.349] Husby was here, and we are ready to go
[2026-05-26 21:10:40.370] AUTO-DISENGAGE: gear left Park (now R)
[2026-05-26 21:10:40.370] Husby was here, and we are ready to go
[2026-05-26 21:10:40.389] AUTO-DISENGAGE: gear left Park (now R)
[2026-05-26 21:10:40.389] Husby was here, and we are ready to go
[2026-05-26 21:10:40.409] AUTO-DISENGAGE: gear left Park (now R)
[2026-05-26 21:10:40.409] Husby was here, and we are ready to go
[2026-05-26 21:10:40.411] AUTO-DISENGAGE: gear left Park (now R)
[2026-05-26 21:10:40.411] Husby was here, and we are ready to go
[2026-05-26 21:10:40.429] AUTO-DISENGAGE: gear left Park (now R)
[2026-05-26 21:10:40.430] Husby was here, and we are ready to go
[2026-05-26 21:10:40.449] AUTO-DISENGAGE: gear left Park (now R)
[2026-05-26 21:10:40.449] Husby was here, and we are ready to go
[2026-05-26 21:10:40.469] AUTO-DISENGAGE: gear left Park (now R)
[2026-05-26 21:10:40.470] Husby was here, and we are ready to go
[2026-05-26 21:10:40.490] AUTO-DISENGAGE: gear left Park (now R)
[2026-05-26 21:10:40.490] Husby was here, and we are ready to go
[2026-05-26 21:10:40.510] AUTO-DISENGAGE: gear left Park (now R)
[2026-05-26 21:10:40.510] Husby was here, and we are ready to go
[2026-05-26 21:10:40.511] AUTO-DISENGAGE: gear left Park (now R)
[2026-05-26 21:10:40.511] Husby was here, and we are ready to go
[2026-05-26 21:10:40.530] AUTO-DISENGAGE: gear left Park (now R)
[2026-05-26 21:10:40.530] Husby was here, and we are ready to go
[2026-05-26 21:10:40.549] AUTO-DISENGAGE: gear left Park (now R)
[2026-05-26 21:10:40.549] Husby was here, and we are ready to go
[2026-05-26 21:10:40.569] AUTO-DISENGAGE: gear left Park (now R)
[2026-05-26 21:10:40.570] Husby was here, and we are ready to go
[2026-05-26 21:10:40.590] AUTO-DISENGAGE: gear left Park (now R)
[2026-05-26 21:10:40.591] Husby was here, and we are ready to go
[2026-05-26 21:10:40.610] AUTO-DISENGAGE: gear left Park (now R)
[2026-05-26 21:10:40.610] Husby was here, and we are ready to go
[2026-05-26 21:10:40.611] AUTO-DISENGAGE: gear left Park (now R)
[2026-05-26 21:10:40.611] Husby was here, and we are ready to go
[2026-05-26 21:10:40.630] AUTO-DISENGAGE: gear left Park (now R)
[2026-05-26 21:10:40.630] Husby was here, and we are ready to go
[2026-05-26 21:10:40.649] AUTO-DISENGAGE: gear left Park (now R)
[2026-05-26 21:10:40.649] Husby was here, and we are ready to go
[2026-05-26 21:10:40.670] AUTO-DISENGAGE: gear left Park (now R)
[2026-05-26 21:10:40.670] Husby was here, and we are ready to go
[2026-05-26 21:10:40.690] AUTO-DISENGAGE: gear left Park (now R)
[2026-05-26 21:10:40.690] Husby was here, and we are ready to go
[2026-05-26 21:10:40.709] AUTO-DISENGAGE: gear left Park (now R)
[2026-05-26 21:10:40.709] Husby was here, and we are ready to go
[2026-05-26 21:10:40.711] AUTO-DISENGAGE: gear left Park (now R)
[2026-05-26 21:10:40.711] Husby was here, and we are ready to go
[2026-05-26 21:10:40.729] AUTO-DISENGAGE: gear left Park (now R)
[2026-05-26 21:10:40.730] Husby was here, and we are ready to go
[2026-05-26 21:10:40.749] AUTO-DISENGAGE: gear left Park (now R)
[2026-05-26 21:10:40.749] Husby was here, and we are ready to go
[2026-05-26 21:10:40.770] AUTO-DISENGAGE: gear left Park (now R)
[2026-05-26 21:10:40.770] Husby was here, and we are ready to go
[2026-05-26 21:10:40.789] AUTO-DISENGAGE: gear left Park (now R)
[2026-05-26 21:10:40.789] Husby was here, and we are ready to go
[2026-05-26 21:10:40.810] AUTO-DISENGAGE: gear left Park (now R)
[2026-05-26 21:10:40.810] Husby was here, and we are ready to go
[2026-05-26 21:10:40.811] AUTO-DISENGAGE: gear left Park (now R)
[2026-05-26 21:10:40.811] Husby was here, and we are ready to go
[2026-05-26 21:10:40.830] AUTO-DISENGAGE: gear left Park (now R)
[2026-05-26 21:10:40.830] Husby was here, and we are ready to go
[2026-05-26 21:10:40.850] AUTO-DISENGAGE: gear left Park (now R)
[2026-05-26 21:10:40.850] Husby was here, and we are ready to go
[2026-05-26 21:10:40.870] AUTO-DISENGAGE: gear left Park (now R)
[2026-05-26 21:10:40.870] Husby was here, and we are ready to go
[2026-05-26 21:10:40.889] AUTO-DISENGAGE: gear left Park (now R)
[2026-05-26 21:10:40.890] Husby was here, and we are ready to go
[2026-05-26 21:10:40.910] AUTO-DISENGAGE: gear left Park (now R)
[2026-05-26 21:10:40.910] Husby was here, and we are ready to go
[2026-05-26 21:10:40.911] AUTO-DISENGAGE: gear left Park (now R)
[2026-05-26 21:10:40.911] Husby was here, and we are ready to go
[2026-05-26 21:10:40.929] AUTO-DISENGAGE: gear left Park (now R)
[2026-05-26 21:10:40.929] Husby was here, and we are ready to go
[2026-05-26 21:10:40.949] AUTO-DISENGAGE: gear left Park (now R)
[2026-05-26 21:10:40.949] Husby was here, and we are ready to go
[2026-05-26 21:10:40.970] AUTO-DISENGAGE: gear left Park (now R)
[2026-05-26 21:10:40.970] Husby was here, and we are ready to go
[2026-05-26 21:10:40.990] AUTO-DISENGAGE: gear left Park (now R)
[2026-05-26 21:10:40.990] Husby was here, and we are ready to go
[2026-05-26 21:10:41.010] AUTO-DISENGAGE: gear left Park (now R)
[2026-05-26 21:10:41.010] Husby was here, and we are ready to go
[2026-05-26 21:10:41.011] AUTO-DISENGAGE: gear left Park (now R)
[2026-05-26 21:10:41.011] Husby was here, and we are ready to go
[2026-05-26 21:10:41.029] AUTO-DISENGAGE: gear left Park (now R)
[2026-05-26 21:10:41.029] Husby was here, and we are ready to go
[2026-05-26 21:10:41.049] AUTO-DISENGAGE: gear left Park (now R)
[2026-05-26 21:10:41.050] Husby was here, and we are ready to go
[2026-05-26 21:10:41.070] AUTO-DISENGAGE: gear left Park (now R)
[2026-05-26 21:10:41.070] Husby was here, and we are ready to go
[2026-05-26 21:10:41.090] AUTO-DISENGAGE: gear left Park (now R)
[2026-05-26 21:10:41.090] Husby was here, and we are ready to go
[2026-05-26 21:10:41.109] AUTO-DISENGAGE: gear left Park (now R)
[2026-05-26 21:10:41.109] Husby was here, and we are ready to go
[2026-05-26 21:10:41.111] AUTO-DISENGAGE: gear left Park (now R)
[2026-05-26 21:10:41.111] Husby was here, and we are ready to go
[2026-05-26 21:10:41.130] AUTO-DISENGAGE: gear left Park (now R)
[2026-05-26 21:10:41.130] Husby was here, and we are ready to go
[2026-05-26 21:10:41.150] AUTO-DISENGAGE: gear left Park (now R)
[2026-05-26 21:10:41.150] Husby was here, and we are ready to go
[2026-05-26 21:10:41.170] AUTO-DISENGAGE: gear left Park (now R)
[2026-05-26 21:10:41.170] Husby was here, and we are ready to go
[2026-05-26 21:10:41.190] AUTO-DISENGAGE: gear left Park (now R)
[2026-05-26 21:10:41.190] Husby was here, and we are ready to go
[2026-05-26 21:10:41.209] AUTO-DISENGAGE: gear left Park (now R)
[2026-05-26 21:10:41.209] Husby was here, and we are ready to go
[2026-05-26 21:10:41.211] AUTO-DISENGAGE: gear left Park (now R)
[2026-05-26 21:10:41.211] Husby was here, and we are ready to go
[2026-05-26 21:10:41.230] AUTO-DISENGAGE: gear left Park (now R)
[2026-05-26 21:10:41.230] Husby was here, and we are ready to go
[2026-05-26 21:10:41.249] AUTO-DISENGAGE: gear left Park (now R)
[2026-05-26 21:10:41.249] Husby was here, and we are ready to go
[2026-05-26 21:10:41.270] AUTO-DISENGAGE: gear left Park (now R)
[2026-05-26 21:10:41.270] Husby was here, and we are ready to go
[2026-05-26 21:10:41.290] AUTO-DISENGAGE: gear left Park (now R)
[2026-05-26 21:10:41.290] Husby was here, and we are ready to go
[2026-05-26 21:10:41.310] AUTO-DISENGAGE: gear left Park (now R)
[2026-05-26 21:10:41.310] Husby was here, and we are ready to go
[2026-05-26 21:10:41.311] AUTO-DISENGAGE: gear left Park (now R)
[2026-05-26 21:10:41.311] Husby was here, and we are ready to go
[2026-05-26 21:10:41.330] AUTO-DISENGAGE: gear left Park (now R)
[2026-05-26 21:10:41.330] Husby was here, and we are ready to go
[2026-05-26 21:10:41.350] AUTO-DISENGAGE: gear left Park (now R)
[2026-05-26 21:10:41.350] Husby was here, and we are ready to go
[2026-05-26 21:10:41.370] AUTO-DISENGAGE: gear left Park (now R)
[2026-05-26 21:10:41.370] Husby was here, and we are ready to go
[2026-05-26 21:10:41.390] AUTO-DISENGAGE: gear left Park (now R)
[2026-05-26 21:10:41.390] Husby was here, and we are ready to go
[2026-05-26 21:10:41.409] AUTO-DISENGAGE: gear left Park (now R)
[2026-05-26 21:10:41.410] Husby was here, and we are ready to go
[2026-05-26 21:10:41.411] AUTO-DISENGAGE: gear left Park (now R)
[2026-05-26 21:10:41.411] Husby was here, and we are ready to go
[2026-05-26 21:10:41.430] AUTO-DISENGAGE: gear left Park (now R)
[2026-05-26 21:10:41.430] Husby was here, and we are ready to go
[2026-05-26 21:10:41.449] AUTO-DISENGAGE: gear left Park (now R)
[2026-05-26 21:10:41.450] Husby was here, and we are ready to go
[2026-05-26 21:10:41.470] AUTO-DISENGAGE: gear left Park (now R)
[2026-05-26 21:10:41.470] Husby was here, and we are ready to go
[2026-05-26 21:10:41.489] AUTO-DISENGAGE: gear left Park (now R)
[2026-05-26 21:10:41.489] Husby was here, and we are ready to go
[2026-05-26 21:10:41.509] AUTO-DISENGAGE: gear left Park (now R)
[2026-05-26 21:10:41.510] Husby was here, and we are ready to go
[2026-05-26 21:10:41.511] AUTO-DISENGAGE: gear left Park (now R)
[2026-05-26 21:10:41.511] Husby was here, and we are ready to go
[2026-05-26 21:10:41.529] AUTO-DISENGAGE: gear left Park (now R)
[2026-05-26 21:10:41.529] Husby was here, and we are ready to go
[2026-05-26 21:10:41.549] AUTO-DISENGAGE: gear left Park (now R)
[2026-05-26 21:10:41.550] Husby was here, and we are ready to go
[2026-05-26 21:10:41.570] AUTO-DISENGAGE: gear left Park (now R)
[2026-05-26 21:10:41.570] Husby was here, and we are ready to go
[2026-05-26 21:10:41.589] AUTO-DISENGAGE: gear left Park (now R)
[2026-05-26 21:10:41.590] Husby was here, and we are ready to go
[2026-05-26 21:10:41.609] AUTO-DISENGAGE: gear left Park (now R)
[2026-05-26 21:10:41.609] Husby was here, and we are ready to go
[2026-05-26 21:10:41.611] AUTO-DISENGAGE: gear left Park (now R)
[2026-05-26 21:10:41.611] Husby was here, and we are ready to go
[2026-05-26 21:10:41.629] AUTO-DISENGAGE: gear left Park (now R)
[2026-05-26 21:10:41.630] Husby was here, and we are ready to go
[2026-05-26 21:10:41.649] AUTO-DISENGAGE: gear left Park (now R)
[2026-05-26 21:10:41.649] Husby was here, and we are ready to go
[2026-05-26 21:10:41.670] AUTO-DISENGAGE: gear left Park (now R)
[2026-05-26 21:10:41.670] Husby was here, and we are ready to go
[2026-05-26 21:10:41.689] AUTO-DISENGAGE: gear left Park (now R)
[2026-05-26 21:10:41.690] Husby was here, and we are ready to go
[2026-05-26 21:10:41.710] AUTO-DISENGAGE: gear left Park (now R)
[2026-05-26 21:10:41.710] Husby was here, and we are ready to go
[2026-05-26 21:10:41.711] AUTO-DISENGAGE: gear left Park (now R)
[2026-05-26 21:10:41.711] Husby was here, and we are ready to go
[2026-05-26 21:10:41.730] AUTO-DISENGAGE: gear left Park (now R)
[2026-05-26 21:10:41.730] Husby was here, and we are ready to go
[2026-05-26 21:10:41.749] AUTO-DISENGAGE: gear left Park (now R)
[2026-05-26 21:10:41.749] Husby was here, and we are ready to go
[2026-05-26 21:10:41.770] AUTO-DISENGAGE: gear left Park (now R)
[2026-05-26 21:10:41.770] Husby was here, and we are ready to go
[2026-05-26 21:10:41.789] AUTO-DISENGAGE: gear left Park (now R)
[2026-05-26 21:10:41.789] Husby was here, and we are ready to go
[2026-05-26 21:10:41.809] AUTO-DISENGAGE: gear left Park (now R)
[2026-05-26 21:10:41.810] Husby was here, and we are ready to go
[2026-05-26 21:10:41.811] AUTO-DISENGAGE: gear left Park (now R)
[2026-05-26 21:10:41.811] Husby was here, and we are ready to go
[2026-05-26 21:10:41.830] AUTO-DISENGAGE: gear left Park (now R)
[2026-05-26 21:10:41.830] Husby was here, and we are ready to go
[2026-05-26 21:10:41.849] AUTO-DISENGAGE: gear left Park (now R)
[2026-05-26 21:10:41.849] Husby was here, and we are ready to go
[2026-05-26 21:10:41.870] AUTO-DISENGAGE: gear left Park (now R)
[2026-05-26 21:10:41.870] Husby was here, and we are ready to go
[2026-05-26 21:10:41.889] AUTO-DISENGAGE: gear left Park (now R)
[2026-05-26 21:10:41.890] Husby was here, and we are ready to go
[2026-05-26 21:10:41.909] AUTO-DISENGAGE: gear left Park (now R)
[2026-05-26 21:10:41.909] Husby was here, and we are ready to go
[2026-05-26 21:10:41.911] AUTO-DISENGAGE: gear left Park (now R)
[2026-05-26 21:10:41.911] Husby was here, and we are ready to go
[2026-05-26 21:10:41.930] AUTO-DISENGAGE: gear left Park (now R)
[2026-05-26 21:10:41.930] Husby was here, and we are ready to go
[2026-05-26 21:10:41.949] AUTO-DISENGAGE: gear left Park (now R)
[2026-05-26 21:10:41.949] Husby was here, and we are ready to go
[2026-05-26 21:10:41.970] AUTO-DISENGAGE: gear left Park (now R)
[2026-05-26 21:10:41.970] Husby was here, and we are ready to go
[2026-05-26 21:10:41.989] AUTO-DISENGAGE: gear left Park (now R)
[2026-05-26 21:10:41.990] Husby was here, and we are ready to go
[2026-05-26 21:10:42.009] AUTO-DISENGAGE: gear left Park (now R)
[2026-05-26 21:10:42.009] Husby was here, and we are ready to go
[2026-05-26 21:10:42.011] AUTO-DISENGAGE: gear left Park (now R)
[2026-05-26 21:10:42.011] Husby was here, and we are ready to go
[2026-05-26 21:10:42.030] AUTO-DISENGAGE: gear left Park (now R)
[2026-05-26 21:10:42.030] Husby was here, and we are ready to go
[2026-05-26 21:10:42.049] AUTO-DISENGAGE: gear left Park (now R)
[2026-05-26 21:10:42.049] Husby was here, and we are ready to go
[2026-05-26 21:10:42.071] AUTO-DISENGAGE: gear left Park (now R)
[2026-05-26 21:10:42.071] Husby was here, and we are ready to go
[2026-05-26 21:10:42.090] AUTO-DISENGAGE: gear left Park (now R)
[2026-05-26 21:10:42.090] Husby was here, and we are ready to go
[2026-05-26 21:10:42.110] AUTO-DISENGAGE: gear left Park (now R)
[2026-05-26 21:10:42.110] Husby was here, and we are ready to go
[2026-05-26 21:10:42.111] AUTO-DISENGAGE: gear left Park (now R)
[2026-05-26 21:10:42.111] Husby was here, and we are ready to go
[2026-05-26 21:10:42.130] AUTO-DISENGAGE: gear left Park (now R)
[2026-05-26 21:10:42.130] Husby was here, and we are ready to go
[2026-05-26 21:10:42.150] AUTO-DISENGAGE: gear left Park (now R)
[2026-05-26 21:10:42.150] Husby was here, and we are ready to go
[2026-05-26 21:10:42.170] AUTO-DISENGAGE: gear left Park (now R)
[2026-05-26 21:10:42.170] Husby was here, and we are ready to go
[2026-05-26 21:10:42.189] AUTO-DISENGAGE: gear left Park (now R)
[2026-05-26 21:10:42.190] Husby was here, and we are ready to go
[2026-05-26 21:10:42.210] AUTO-DISENGAGE: gear left Park (now R)
[2026-05-26 21:10:42.210] Husby was here, and we are ready to go
[2026-05-26 21:10:42.211] AUTO-DISENGAGE: gear left Park (now R)
[2026-05-26 21:10:42.211] Husby was here, and we are ready to go
[2026-05-26 21:10:42.230] AUTO-DISENGAGE: gear left Park (now R)
[2026-05-26 21:10:42.230] Husby was here, and we are ready to go
[2026-05-26 21:10:42.250] AUTO-DISENGAGE: gear left Park (now R)
[2026-05-26 21:10:42.250] Husby was here, and we are ready to go
[2026-05-26 21:10:42.270] AUTO-DISENGAGE: gear left Park (now R)
[2026-05-26 21:10:42.270] Husby was here, and we are ready to go
[2026-05-26 21:10:42.289] AUTO-DISENGAGE: gear left Park (now R)
[2026-05-26 21:10:42.290] Husby was here, and we are ready to go
[2026-05-26 21:10:42.309] AUTO-DISENGAGE: gear left Park (now R)
[2026-05-26 21:10:42.309] Husby was here, and we are ready to go
[2026-05-26 21:10:42.311] AUTO-DISENGAGE: gear left Park (now R)
[2026-05-26 21:10:42.311] Husby was here, and we are ready to go
[2026-05-26 21:10:42.330] AUTO-DISENGAGE: gear left Park (now R)
[2026-05-26 21:10:42.330] Husby was here, and we are ready to go
[2026-05-26 21:10:42.350] AUTO-DISENGAGE: gear left Park (now R)
[2026-05-26 21:10:42.350] Husby was here, and we are ready to go
[2026-05-26 21:10:42.370] AUTO-DISENGAGE: gear left Park (now R)
[2026-05-26 21:10:42.370] Husby was here, and we are ready to go
[2026-05-26 21:10:42.390] AUTO-DISENGAGE: gear left Park (now R)
[2026-05-26 21:10:42.390] Husby was here, and we are ready to go
[2026-05-26 21:10:42.410] AUTO-DISENGAGE: gear left Park (now R)
[2026-05-26 21:10:42.410] Husby was here, and we are ready to go
[2026-05-26 21:10:42.411] AUTO-DISENGAGE: gear left Park (now R)
[2026-05-26 21:10:42.411] Husby was here, and we are ready to go
[2026-05-26 21:10:42.430] AUTO-DISENGAGE: gear left Park (now R)
[2026-05-26 21:10:42.430] Husby was here, and we are ready to go
[2026-05-26 21:10:42.450] AUTO-DISENGAGE: gear left Park (now R)
[2026-05-26 21:10:42.450] Husby was here, and we are ready to go
[2026-05-26 21:10:42.470] AUTO-DISENGAGE: gear left Park (now R)
[2026-05-26 21:10:42.470] Husby was here, and we are ready to go
[2026-05-26 21:10:42.489] AUTO-DISENGAGE: gear left Park (now R)
[2026-05-26 21:10:42.489] Husby was here, and we are ready to go
[2026-05-26 21:10:42.509] AUTO-DISENGAGE: gear left Park (now R)
[2026-05-26 21:10:42.510] Husby was here, and we are ready to go
[2026-05-26 21:10:42.511] AUTO-DISENGAGE: gear left Park (now R)
[2026-05-26 21:10:42.511] Husby was here, and we are ready to go
[2026-05-26 21:10:42.530] AUTO-DISENGAGE: gear left Park (now R)
[2026-05-26 21:10:42.530] Husby was here, and we are ready to go
[2026-05-26 21:10:42.549] AUTO-DISENGAGE: gear left Park (now R)
[2026-05-26 21:10:42.550] Husby was here, and we are ready to go
[2026-05-26 21:10:42.570] AUTO-DISENGAGE: gear left Park (now R)
[2026-05-26 21:10:42.570] Husby was here, and we are ready to go
[2026-05-26 21:10:42.590] AUTO-DISENGAGE: gear left Park (now R)
[2026-05-26 21:10:42.590] Husby was here, and we are ready to go
[2026-05-26 21:10:42.610] AUTO-DISENGAGE: gear left Park (now R)
[2026-05-26 21:10:42.610] Husby was here, and we are ready to go
[2026-05-26 21:10:42.611] AUTO-DISENGAGE: gear left Park (now R)
[2026-05-26 21:10:42.611] Husby was here, and we are ready to go
[2026-05-26 21:10:42.630] AUTO-DISENGAGE: gear left Park (now R)
[2026-05-26 21:10:42.630] Husby was here, and we are ready to go
[2026-05-26 21:10:42.649] AUTO-DISENGAGE: gear left Park (now R)
[2026-05-26 21:10:42.649] Husby was here, and we are ready to go
[2026-05-26 21:10:42.670] AUTO-DISENGAGE: gear left Park (now R)
[2026-05-26 21:10:42.670] Husby was here, and we are ready to go
[2026-05-26 21:10:42.689] AUTO-DISENGAGE: gear left Park (now R)
[2026-05-26 21:10:42.689] Husby was here, and we are ready to go
[2026-05-26 21:10:42.710] AUTO-DISENGAGE: gear left Park (now R)
[2026-05-26 21:10:42.710] Husby was here, and we are ready to go
[2026-05-26 21:10:42.711] AUTO-DISENGAGE: gear left Park (now R)
[2026-05-26 21:10:42.711] Husby was here, and we are ready to go
[2026-05-26 21:10:42.729] AUTO-DISENGAGE: gear left Park (now R)
[2026-05-26 21:10:42.729] Husby was here, and we are ready to go
[2026-05-26 21:10:42.749] AUTO-DISENGAGE: gear left Park (now R)
[2026-05-26 21:10:42.750] Husby was here, and we are ready to go
[2026-05-26 21:10:42.770] AUTO-DISENGAGE: gear left Park (now R)
[2026-05-26 21:10:42.770] Husby was here, and we are ready to go
[2026-05-26 21:10:42.789] AUTO-DISENGAGE: gear left Park (now R)
[2026-05-26 21:10:42.790] Husby was here, and we are ready to go
[2026-05-26 21:10:42.809] AUTO-DISENGAGE: gear left Park (now R)
[2026-05-26 21:10:42.809] Husby was here, and we are ready to go
[2026-05-26 21:10:42.811] AUTO-DISENGAGE: gear left Park (now R)
[2026-05-26 21:10:42.811] Husby was here, and we are ready to go
[2026-05-26 21:10:42.830] AUTO-DISENGAGE: gear left Park (now R)
[2026-05-26 21:10:42.830] Husby was here, and we are ready to go
[2026-05-26 21:10:42.849] AUTO-DISENGAGE: gear left Park (now R)
[2026-05-26 21:10:42.849] Husby was here, and we are ready to go
[2026-05-26 21:10:42.870] AUTO-DISENGAGE: gear left Park (now R)
[2026-05-26 21:10:42.870] Husby was here, and we are ready to go
[2026-05-26 21:10:42.889] AUTO-DISENGAGE: gear left Park (now R)
[2026-05-26 21:10:42.889] Husby was here, and we are ready to go
[2026-05-26 21:10:42.910] AUTO-DISENGAGE: gear left Park (now R)
[2026-05-26 21:10:42.911] Husby was here, and we are ready to go
[2026-05-26 21:10:42.911] AUTO-DISENGAGE: gear left Park (now R)
[2026-05-26 21:10:42.911] Husby was here, and we are ready to go
[2026-05-26 21:10:42.930] AUTO-DISENGAGE: gear left Park (now R)
[2026-05-26 21:10:42.930] Husby was here, and we are ready to go
[2026-05-26 21:10:42.950] AUTO-DISENGAGE: gear left Park (now R)
[2026-05-26 21:10:42.950] Husby was here, and we are ready to go
[2026-05-26 21:10:42.970] AUTO-DISENGAGE: gear left Park (now R)
[2026-05-26 21:10:42.970] Husby was here, and we are ready to go
[2026-05-26 21:10:42.990] AUTO-DISENGAGE: gear left Park (now R)
[2026-05-26 21:10:42.990] Husby was here, and we are ready to go
[2026-05-26 21:10:43.010] AUTO-DISENGAGE: gear left Park (now R)
[2026-05-26 21:10:43.010] Husby was here, and we are ready to go
[2026-05-26 21:10:43.011] AUTO-DISENGAGE: gear left Park (now R)
[2026-05-26 21:10:43.011] Husby was here, and we are ready to go
[2026-05-26 21:10:43.030] AUTO-DISENGAGE: gear left Park (now R)
[2026-05-26 21:10:43.030] Husby was here, and we are ready to go
[2026-05-26 21:10:43.050] AUTO-DISENGAGE: gear left Park (now R)
[2026-05-26 21:10:43.050] Husby was here, and we are ready to go
[2026-05-26 21:10:43.070] AUTO-DISENGAGE: gear left Park (now R)
[2026-05-26 21:10:43.070] Husby was here, and we are ready to go
[2026-05-26 21:10:43.090] AUTO-DISENGAGE: gear left Park (now R)
[2026-05-26 21:10:43.090] Husby was here, and we are ready to go
[2026-05-26 21:10:43.110] AUTO-DISENGAGE: gear left Park (now R)
[2026-05-26 21:10:43.110] Husby was here, and we are ready to go
[2026-05-26 21:10:43.111] AUTO-DISENGAGE: gear left Park (now R)
[2026-05-26 21:10:43.111] Husby was here, and we are ready to go
[2026-05-26 21:10:43.130] AUTO-DISENGAGE: gear left Park (now R)
[2026-05-26 21:10:43.130] Husby was here, and we are ready to go
[2026-05-26 21:10:43.149] AUTO-DISENGAGE: gear left Park (now R)
[2026-05-26 21:10:43.150] Husby was here, and we are ready to go
[2026-05-26 21:10:43.170] AUTO-DISENGAGE: gear left Park (now R)
[2026-05-26 21:10:43.171] Husby was here, and we are ready to go
[2026-05-26 21:10:43.190] AUTO-DISENGAGE: gear left Park (now R)
[2026-05-26 21:10:43.190] Husby was here, and we are ready to go
[2026-05-26 21:10:43.210] AUTO-DISENGAGE: gear left Park (now R)
[2026-05-26 21:10:43.210] Husby was here, and we are ready to go
[2026-05-26 21:10:43.211] AUTO-DISENGAGE: gear left Park (now R)
[2026-05-26 21:10:43.211] Husby was here, and we are ready to go
[2026-05-26 21:10:43.230] AUTO-DISENGAGE: gear left Park (now R)
[2026-05-26 21:10:43.230] Husby was here, and we are ready to go
[2026-05-26 21:10:43.250] AUTO-DISENGAGE: gear left Park (now R)
[2026-05-26 21:10:43.250] Husby was here, and we are ready to go
[2026-05-26 21:10:43.270] AUTO-DISENGAGE: gear left Park (now R)
[2026-05-26 21:10:43.270] Husby was here, and we are ready to go
[2026-05-26 21:10:43.290] AUTO-DISENGAGE: gear left Park (now R)
[2026-05-26 21:10:43.290] Husby was here, and we are ready to go
[2026-05-26 21:10:43.310] AUTO-DISENGAGE: gear left Park (now R)
[2026-05-26 21:10:43.310] Husby was here, and we are ready to go
[2026-05-26 21:10:43.311] AUTO-DISENGAGE: gear left Park (now R)
[2026-05-26 21:10:43.311] Husby was here, and we are ready to go
[2026-05-26 21:10:43.330] AUTO-DISENGAGE: gear left Park (now R)
[2026-05-26 21:10:43.330] Husby was here, and we are ready to go
[2026-05-26 21:10:43.349] AUTO-DISENGAGE: gear left Park (now R)
[2026-05-26 21:10:43.350] Husby was here, and we are ready to go
[2026-05-26 21:10:43.371] AUTO-DISENGAGE: gear left Park (now R)
[2026-05-26 21:10:43.371] Husby was here, and we are ready to go
[2026-05-26 21:10:43.390] AUTO-DISENGAGE: gear left Park (now R)
[2026-05-26 21:10:43.390] Husby was here, and we are ready to go
[2026-05-26 21:10:43.410] AUTO-DISENGAGE: gear left Park (now R)
[2026-05-26 21:10:43.410] Husby was here, and we are ready to go
[2026-05-26 21:10:43.411] AUTO-DISENGAGE: gear left Park (now R)
[2026-05-26 21:10:43.411] Husby was here, and we are ready to go
[2026-05-26 21:10:43.430] AUTO-DISENGAGE: gear left Park (now R)
[2026-05-26 21:10:43.430] Husby was here, and we are ready to go
[2026-05-26 21:10:43.450] AUTO-DISENGAGE: gear left Park (now R)
[2026-05-26 21:10:43.450] Husby was here, and we are ready to go
[2026-05-26 21:10:43.470] AUTO-DISENGAGE: gear left Park (now R)
[2026-05-26 21:10:43.471] Husby was here, and we are ready to go
[2026-05-26 21:10:43.489] AUTO-DISENGAGE: gear left Park (now R)
[2026-05-26 21:10:43.489] Husby was here, and we are ready to go
[2026-05-26 21:10:43.509] AUTO-DISENGAGE: gear left Park (now R)
[2026-05-26 21:10:43.510] Husby was here, and we are ready to go
[2026-05-26 21:10:43.511] AUTO-DISENGAGE: gear left Park (now R)
[2026-05-26 21:10:43.511] Husby was here, and we are ready to go
[2026-05-26 21:10:43.530] AUTO-DISENGAGE: gear left Park (now R)
[2026-05-26 21:10:43.530] Husby was here, and we are ready to go
[2026-05-26 21:10:43.549] AUTO-DISENGAGE: gear left Park (now R)
[2026-05-26 21:10:43.549] Husby was here, and we are ready to go
[2026-05-26 21:10:43.570] AUTO-DISENGAGE: gear left Park (now R)
[2026-05-26 21:10:43.570] Husby was here, and we are ready to go
[2026-05-26 21:10:43.590] AUTO-DISENGAGE: gear left Park (now R)
[2026-05-26 21:10:43.590] Husby was here, and we are ready to go
[2026-05-26 21:10:43.611] AUTO-DISENGAGE: gear left Park (now R)
[2026-05-26 21:10:43.611] Husby was here, and we are ready to go
[2026-05-26 21:10:43.611] AUTO-DISENGAGE: gear left Park (now R)
[2026-05-26 21:10:43.611] Husby was here, and we are ready to go
[2026-05-26 21:10:43.630] AUTO-DISENGAGE: gear left Park (now R)
[2026-05-26 21:10:43.630] Husby was here, and we are ready to go
[2026-05-26 21:10:43.650] AUTO-DISENGAGE: gear left Park (now R)
[2026-05-26 21:10:43.650] Husby was here, and we are ready to go
[2026-05-26 21:10:43.671] AUTO-DISENGAGE: gear left Park (now R)
[2026-05-26 21:10:43.671] Husby was here, and we are ready to go
[2026-05-26 21:10:43.690] AUTO-DISENGAGE: gear left Park (now R)
[2026-05-26 21:10:43.690] Husby was here, and we are ready to go
[2026-05-26 21:10:43.711] AUTO-DISENGAGE: gear left Park (now R)
[2026-05-26 21:10:43.711] Husby was here, and we are ready to go
[2026-05-26 21:10:43.711] AUTO-DISENGAGE: gear left Park (now R)
[2026-05-26 21:10:43.711] Husby was here, and we are ready to go
[2026-05-26 21:10:43.730] AUTO-DISENGAGE: gear left Park (now R)
[2026-05-26 21:10:43.730] Husby was here, and we are ready to go
[2026-05-26 21:10:43.751] AUTO-DISENGAGE: gear left Park (now R)
[2026-05-26 21:10:43.751] Husby was here, and we are ready to go
[2026-05-26 21:10:43.770] AUTO-DISENGAGE: gear left Park (now R)
[2026-05-26 21:10:43.770] Husby was here, and we are ready to go
[2026-05-26 21:10:43.790] AUTO-DISENGAGE: gear left Park (now R)
[2026-05-26 21:10:43.790] Husby was here, and we are ready to go
[2026-05-26 21:10:43.809] AUTO-DISENGAGE: gear left Park (now R)
[2026-05-26 21:10:43.810] Husby was here, and we are ready to go
[2026-05-26 21:10:43.811] AUTO-DISENGAGE: gear left Park (now R)
[2026-05-26 21:10:43.811] Husby was here, and we are ready to go
[2026-05-26 21:10:43.830] AUTO-DISENGAGE: gear left Park (now R)
[2026-05-26 21:10:43.830] Husby was here, and we are ready to go
[2026-05-26 21:10:43.849] AUTO-DISENGAGE: gear left Park (now R)
[2026-05-26 21:10:43.849] Husby was here, and we are ready to go
[2026-05-26 21:10:43.871] AUTO-DISENGAGE: gear left Park (now R)
[2026-05-26 21:10:43.871] Husby was here, and we are ready to go
[2026-05-26 21:10:43.890] AUTO-DISENGAGE: gear left Park (now R)
[2026-05-26 21:10:43.890] Husby was here, and we are ready to go
[2026-05-26 21:10:43.910] AUTO-DISENGAGE: gear left Park (now R)
[2026-05-26 21:10:43.911] Husby was here, and we are ready to go
[2026-05-26 21:10:43.911] AUTO-DISENGAGE: gear left Park (now R)
[2026-05-26 21:10:43.911] Husby was here, and we are ready to go
[2026-05-26 21:10:43.930] AUTO-DISENGAGE: gear left Park (now R)
[2026-05-26 21:10:43.930] Husby was here, and we are ready to go
[2026-05-26 21:10:43.949] AUTO-DISENGAGE: gear left Park (now R)
[2026-05-26 21:10:43.950] Husby was here, and we are ready to go
[2026-05-26 21:10:43.970] AUTO-DISENGAGE: gear left Park (now R)
[2026-05-26 21:10:43.970] Husby was here, and we are ready to go
[2026-05-26 21:10:43.990] AUTO-DISENGAGE: gear left Park (now R)
[2026-05-26 21:10:43.990] Husby was here, and we are ready to go
[2026-05-26 21:10:44.010] AUTO-DISENGAGE: gear left Park (now R)
[2026-05-26 21:10:44.010] Husby was here, and we are ready to go
[2026-05-26 21:10:44.011] AUTO-DISENGAGE: gear left Park (now R)
[2026-05-26 21:10:44.011] Husby was here, and we are ready to go
[2026-05-26 21:10:44.030] AUTO-DISENGAGE: gear left Park (now R)
[2026-05-26 21:10:44.030] Husby was here, and we are ready to go
[2026-05-26 21:10:44.050] AUTO-DISENGAGE: gear left Park (now R)
[2026-05-26 21:10:44.050] Husby was here, and we are ready to go
[2026-05-26 21:10:44.070] AUTO-DISENGAGE: gear left Park (now R)
[2026-05-26 21:10:44.071] Husby was here, and we are ready to go
[2026-05-26 21:10:44.090] AUTO-DISENGAGE: gear left Park (now R)
[2026-05-26 21:10:44.090] Husby was here, and we are ready to go
[2026-05-26 21:10:44.110] AUTO-DISENGAGE: gear left Park (now R)
[2026-05-26 21:10:44.110] Husby was here, and we are ready to go
[2026-05-26 21:10:44.111] AUTO-DISENGAGE: gear left Park (now R)
[2026-05-26 21:10:44.111] Husby was here, and we are ready to go
[2026-05-26 21:10:44.130] AUTO-DISENGAGE: gear left Park (now R)
[2026-05-26 21:10:44.130] Husby was here, and we are ready to go
[2026-05-26 21:10:44.150] AUTO-DISENGAGE: gear left Park (now R)
[2026-05-26 21:10:44.150] Husby was here, and we are ready to go
[2026-05-26 21:10:44.170] AUTO-DISENGAGE: gear left Park (now R)
[2026-05-26 21:10:44.170] Husby was here, and we are ready to go
[2026-05-26 21:10:44.190] AUTO-DISENGAGE: gear left Park (now R)
[2026-05-26 21:10:44.190] Husby was here, and we are ready to go
[2026-05-26 21:10:44.210] AUTO-DISENGAGE: gear left Park (now R)
[2026-05-26 21:10:44.210] Husby was here, and we are ready to go
[2026-05-26 21:10:44.211] AUTO-DISENGAGE: gear left Park (now R)
[2026-05-26 21:10:44.211] Husby was here, and we are ready to go
[2026-05-26 21:10:44.230] AUTO-DISENGAGE: gear left Park (now R)
[2026-05-26 21:10:44.231] Husby was here, and we are ready to go
[2026-05-26 21:10:44.249] AUTO-DISENGAGE: gear left Park (now R)
[2026-05-26 21:10:44.249] Husby was here, and we are ready to go
[2026-05-26 21:10:44.270] AUTO-DISENGAGE: gear left Park (now R)
[2026-05-26 21:10:44.270] Husby was here, and we are ready to go
[2026-05-26 21:10:44.290] AUTO-DISENGAGE: gear left Park (now R)
[2026-05-26 21:10:44.290] Husby was here, and we are ready to go
[2026-05-26 21:10:44.310] AUTO-DISENGAGE: gear left Park (now R)
[2026-05-26 21:10:44.311] Husby was here, and we are ready to go
[2026-05-26 21:10:44.311] AUTO-DISENGAGE: gear left Park (now R)
[2026-05-26 21:10:44.311] Husby was here, and we are ready to go
[2026-05-26 21:10:44.330] AUTO-DISENGAGE: gear left Park (now R)
[2026-05-26 21:10:44.330] Husby was here, and we are ready to go
[2026-05-26 21:10:44.350] AUTO-DISENGAGE: gear left Park (now R)
[2026-05-26 21:10:44.350] Husby was here, and we are ready to go
[2026-05-26 21:10:44.371] AUTO-DISENGAGE: gear left Park (now R)
[2026-05-26 21:10:44.371] Husby was here, and we are ready to go
[2026-05-26 21:10:44.390] AUTO-DISENGAGE: gear left Park (now R)
[2026-05-26 21:10:44.390] Husby was here, and we are ready to go
[2026-05-26 21:10:44.410] AUTO-DISENGAGE: gear left Park (now R)
[2026-05-26 21:10:44.410] Husby was here, and we are ready to go
[2026-05-26 21:10:44.411] AUTO-DISENGAGE: gear left Park (now R)
[2026-05-26 21:10:44.411] Husby was here, and we are ready to go
[2026-05-26 21:10:44.430] AUTO-DISENGAGE: gear left Park (now R)
[2026-05-26 21:10:44.430] Husby was here, and we are ready to go
[2026-05-26 21:10:44.450] AUTO-DISENGAGE: gear left Park (now R)
[2026-05-26 21:10:44.450] Husby was here, and we are ready to go
[2026-05-26 21:10:44.471] AUTO-DISENGAGE: gear left Park (now R)
[2026-05-26 21:10:44.471] Husby was here, and we are ready to go
[2026-05-26 21:10:44.489] AUTO-DISENGAGE: gear left Park (now R)
[2026-05-26 21:10:44.489] Husby was here, and we are ready to go
[2026-05-26 21:10:44.511] AUTO-DISENGAGE: gear left Park (now R)
[2026-05-26 21:10:44.511] Husby was here, and we are ready to go
[2026-05-26 21:10:44.511] AUTO-DISENGAGE: gear left Park (now R)
[2026-05-26 21:10:44.511] Husby was here, and we are ready to go
[2026-05-26 21:10:44.530] AUTO-DISENGAGE: gear left Park (now R)
[2026-05-26 21:10:44.530] Husby was here, and we are ready to go
[2026-05-26 21:10:44.549] AUTO-DISENGAGE: gear left Park (now R)
[2026-05-26 21:10:44.549] Husby was here, and we are ready to go
[2026-05-26 21:10:44.570] AUTO-DISENGAGE: gear left Park (now R)
[2026-05-26 21:10:44.570] Husby was here, and we are ready to go
[2026-05-26 21:10:44.590] AUTO-DISENGAGE: gear left Park (now R)
[2026-05-26 21:10:44.590] Husby was here, and we are ready to go
[2026-05-26 21:10:44.590] rc: RND switch -> N, queuing shift
[2026-05-26 21:10:44.600] shift requested: N
[2026-05-26 21:10:44.610] AUTO-DISENGAGE: gear left Park (now R)
[2026-05-26 21:10:44.610] Husby was here, and we are ready to go
[2026-05-26 21:10:44.610] SHIFT: requesting N via 0x6D burst (30 active + 10 idle frames at 200 Hz)
[2026-05-26 21:10:44.611] AUTO-DISENGAGE: gear left Park (now R)
[2026-05-26 21:10:44.611] Husby was here, and we are ready to go
[2026-05-26 21:10:44.614] AUTO-DISENGAGE: gear left Park (now R)
[2026-05-26 21:10:44.614] Husby was here, and we are ready to go
[2026-05-26 21:10:44.620] AUTO-DISENGAGE: gear left Park (now R)
[2026-05-26 21:10:44.620] Husby was here, and we are ready to go
[2026-05-26 21:10:44.624] AUTO-DISENGAGE: gear left Park (now R)
[2026-05-26 21:10:44.624] Husby was here, and we are ready to go
[2026-05-26 21:10:44.629] AUTO-DISENGAGE: gear left Park (now R)
[2026-05-26 21:10:44.629] Husby was here, and we are ready to go
[2026-05-26 21:10:44.629] AUTO-DISENGAGE: gear left Park (now R)
[2026-05-26 21:10:44.629] Husby was here, and we are ready to go
[2026-05-26 21:10:44.634] AUTO-DISENGAGE: gear left Park (now R)
[2026-05-26 21:10:44.634] Husby was here, and we are ready to go
[2026-05-26 21:10:44.640] AUTO-DISENGAGE: gear left Park (now R)
[2026-05-26 21:10:44.640] Husby was here, and we are ready to go
[2026-05-26 21:10:44.644] AUTO-DISENGAGE: gear left Park (now R)
[2026-05-26 21:10:44.645] Husby was here, and we are ready to go
[2026-05-26 21:10:44.649] AUTO-DISENGAGE: gear left Park (now R)
[2026-05-26 21:10:44.649] Husby was here, and we are ready to go
[2026-05-26 21:10:44.650] AUTO-DISENGAGE: gear left Park (now R)
[2026-05-26 21:10:44.650] Husby was here, and we are ready to go
[2026-05-26 21:10:44.655] AUTO-DISENGAGE: gear left Park (now R)
[2026-05-26 21:10:44.655] Husby was here, and we are ready to go
[2026-05-26 21:10:44.660] AUTO-DISENGAGE: gear left Park (now R)
[2026-05-26 21:10:44.660] Husby was here, and we are ready to go
[2026-05-26 21:10:44.665] AUTO-DISENGAGE: gear left Park (now R)
[2026-05-26 21:10:44.665] Husby was here, and we are ready to go
[2026-05-26 21:10:44.669] AUTO-DISENGAGE: gear left Park (now R)
[2026-05-26 21:10:44.669] Husby was here, and we are ready to go
[2026-05-26 21:10:44.670] AUTO-DISENGAGE: gear left Park (now R)
[2026-05-26 21:10:44.670] Husby was here, and we are ready to go
[2026-05-26 21:10:44.675] AUTO-DISENGAGE: gear left Park (now R)
[2026-05-26 21:10:44.675] Husby was here, and we are ready to go
[2026-05-26 21:10:44.680] AUTO-DISENGAGE: gear left Park (now R)
[2026-05-26 21:10:44.680] Husby was here, and we are ready to go
[2026-05-26 21:10:44.685] AUTO-DISENGAGE: gear left Park (now R)
[2026-05-26 21:10:44.685] Husby was here, and we are ready to go
[2026-05-26 21:10:44.689] AUTO-DISENGAGE: gear left Park (now R)
[2026-05-26 21:10:44.689] Husby was here, and we are ready to go
[2026-05-26 21:10:44.690] AUTO-DISENGAGE: gear left Park (now R)
[2026-05-26 21:10:44.690] Husby was here, and we are ready to go
[2026-05-26 21:10:44.695] AUTO-DISENGAGE: gear left Park (now R)
[2026-05-26 21:10:44.695] Husby was here, and we are ready to go
[2026-05-26 21:10:44.700] AUTO-DISENGAGE: gear left Park (now R)
[2026-05-26 21:10:44.700] Husby was here, and we are ready to go
[2026-05-26 21:10:44.705] AUTO-DISENGAGE: gear left Park (now R)
[2026-05-26 21:10:44.705] Husby was here, and we are ready to go
[2026-05-26 21:10:44.709] AUTO-DISENGAGE: gear left Park (now R)
[2026-05-26 21:10:44.709] Husby was here, and we are ready to go
[2026-05-26 21:10:44.710] AUTO-DISENGAGE: gear left Park (now R)
[2026-05-26 21:10:44.710] Husby was here, and we are ready to go
[2026-05-26 21:10:44.711] AUTO-DISENGAGE: gear left Park (now R)
[2026-05-26 21:10:44.711] Husby was here, and we are ready to go
[2026-05-26 21:10:44.715] AUTO-DISENGAGE: gear left Park (now R)
[2026-05-26 21:10:44.715] Husby was here, and we are ready to go
[2026-05-26 21:10:44.720] AUTO-DISENGAGE: gear left Park (now R)
[2026-05-26 21:10:44.720] Husby was here, and we are ready to go
[2026-05-26 21:10:44.725] AUTO-DISENGAGE: gear left Park (now R)
[2026-05-26 21:10:44.725] Husby was here, and we are ready to go
[2026-05-26 21:10:44.729] AUTO-DISENGAGE: gear left Park (now R)
[2026-05-26 21:10:44.729] Husby was here, and we are ready to go
[2026-05-26 21:10:44.730] AUTO-DISENGAGE: gear left Park (now R)
[2026-05-26 21:10:44.730] Husby was here, and we are ready to go
[2026-05-26 21:10:44.735] AUTO-DISENGAGE: gear left Park (now R)
[2026-05-26 21:10:44.735] Husby was here, and we are ready to go
[2026-05-26 21:10:44.740] AUTO-DISENGAGE: gear left Park (now R)
[2026-05-26 21:10:44.740] Husby was here, and we are ready to go
[2026-05-26 21:10:44.745] AUTO-DISENGAGE: gear left Park (now R)
[2026-05-26 21:10:44.745] Husby was here, and we are ready to go
[2026-05-26 21:10:44.749] AUTO-DISENGAGE: gear left Park (now R)
[2026-05-26 21:10:44.749] Husby was here, and we are ready to go
[2026-05-26 21:10:44.750] AUTO-DISENGAGE: gear left Park (now R)
[2026-05-26 21:10:44.750] Husby was here, and we are ready to go
[2026-05-26 21:10:44.755] AUTO-DISENGAGE: gear left Park (now R)
[2026-05-26 21:10:44.755] Husby was here, and we are ready to go
[2026-05-26 21:10:44.760] AUTO-DISENGAGE: gear left Park (now R)
[2026-05-26 21:10:44.760] Husby was here, and we are ready to go
[2026-05-26 21:10:44.765] AUTO-DISENGAGE: gear left Park (now R)
[2026-05-26 21:10:44.765] Husby was here, and we are ready to go
[2026-05-26 21:10:44.769] AUTO-DISENGAGE: gear left Park (now R)
[2026-05-26 21:10:44.769] Husby was here, and we are ready to go
[2026-05-26 21:10:44.770] AUTO-DISENGAGE: gear left Park (now R)
[2026-05-26 21:10:44.770] Husby was here, and we are ready to go
[2026-05-26 21:10:44.775] AUTO-DISENGAGE: gear left Park (now R)
[2026-05-26 21:10:44.775] Husby was here, and we are ready to go
[2026-05-26 21:10:44.780] AUTO-DISENGAGE: gear left Park (now R)
[2026-05-26 21:10:44.780] Husby was here, and we are ready to go
[2026-05-26 21:10:44.785] AUTO-DISENGAGE: gear left Park (now R)
[2026-05-26 21:10:44.785] Husby was here, and we are ready to go
[2026-05-26 21:10:44.789] AUTO-DISENGAGE: gear left Park (now R)
[2026-05-26 21:10:44.789] Husby was here, and we are ready to go
[2026-05-26 21:10:44.790] AUTO-DISENGAGE: gear left Park (now R)
[2026-05-26 21:10:44.790] Husby was here, and we are ready to go
[2026-05-26 21:10:44.795] AUTO-DISENGAGE: gear left Park (now R)
[2026-05-26 21:10:44.795] Husby was here, and we are ready to go
[2026-05-26 21:10:44.800] AUTO-DISENGAGE: gear left Park (now R)
[2026-05-26 21:10:44.800] Husby was here, and we are ready to go
[2026-05-26 21:10:44.805] AUTO-DISENGAGE: gear left Park (now R)
[2026-05-26 21:10:44.805] Husby was here, and we are ready to go
[2026-05-26 21:10:44.809] AUTO-DISENGAGE: gear left Park (now R)
[2026-05-26 21:10:44.809] Husby was here, and we are ready to go
[2026-05-26 21:10:44.811] AUTO-DISENGAGE: gear left Park (now R)
[2026-05-26 21:10:44.811] Husby was here, and we are ready to go
[2026-05-26 21:10:44.829] AUTO-DISENGAGE: gear left Park (now R)
[2026-05-26 21:10:44.829] Husby was here, and we are ready to go
[2026-05-26 21:10:44.850] AUTO-DISENGAGE: gear left Park (now R)
[2026-05-26 21:10:44.850] Husby was here, and we are ready to go
[2026-05-26 21:10:44.871] AUTO-DISENGAGE: gear left Park (now R)
[2026-05-26 21:10:44.871] Husby was here, and we are ready to go
[2026-05-26 21:10:44.890] AUTO-DISENGAGE: gear left Park (now R)
[2026-05-26 21:10:44.890] Husby was here, and we are ready to go
[2026-05-26 21:10:44.910] gear: R -> N
[2026-05-26 21:10:44.910] AUTO-DISENGAGE: gear left Park (now N)
[2026-05-26 21:10:44.910] Husby was here, and we are ready to go
[2026-05-26 21:10:44.911] AUTO-DISENGAGE: gear left Park (now N)
[2026-05-26 21:10:44.911] Husby was here, and we are ready to go
[2026-05-26 21:10:44.930] AUTO-DISENGAGE: gear left Park (now N)
[2026-05-26 21:10:44.930] Husby was here, and we are ready to go
[2026-05-26 21:10:44.949] AUTO-DISENGAGE: gear left Park (now N)
[2026-05-26 21:10:44.949] Husby was here, and we are ready to go
[2026-05-26 21:10:44.975] AUTO-DISENGAGE: gear left Park (now N)
[2026-05-26 21:10:44.975] Husby was here, and we are ready to go
[2026-05-26 21:10:44.995] AUTO-DISENGAGE: gear left Park (now N)
[2026-05-26 21:10:44.995] Husby was here, and we are ready to go
[2026-05-26 21:10:45.012] AUTO-DISENGAGE: gear left Park (now N)
[2026-05-26 21:10:45.012] Husby was here, and we are ready to go
[2026-05-26 21:10:45.012] SHIFT post-burst gear: N (requested N)
[2026-05-26 21:10:45.014] AUTO-DISENGAGE: gear left Park (now N)
[2026-05-26 21:10:45.014] Husby was here, and we are ready to go
[2026-05-26 21:10:45.035] AUTO-DISENGAGE: gear left Park (now N)
[2026-05-26 21:10:45.035] Husby was here, and we are ready to go
[2026-05-26 21:10:45.055] AUTO-DISENGAGE: gear left Park (now N)
[2026-05-26 21:10:45.055] Husby was here, and we are ready to go
[2026-05-26 21:10:45.075] AUTO-DISENGAGE: gear left Park (now N)
[2026-05-26 21:10:45.075] Husby was here, and we are ready to go
[2026-05-26 21:10:45.095] AUTO-DISENGAGE: gear left Park (now N)
[2026-05-26 21:10:45.095] Husby was here, and we are ready to go
[2026-05-26 21:10:45.112] AUTO-DISENGAGE: gear left Park (now N)
[2026-05-26 21:10:45.112] Husby was here, and we are ready to go
[2026-05-26 21:10:45.114] AUTO-DISENGAGE: gear left Park (now N)
[2026-05-26 21:10:45.114] Husby was here, and we are ready to go
[2026-05-26 21:10:45.135] AUTO-DISENGAGE: gear left Park (now N)
[2026-05-26 21:10:45.135] Husby was here, and we are ready to go
[2026-05-26 21:10:45.155] AUTO-DISENGAGE: gear left Park (now N)
[2026-05-26 21:10:45.155] Husby was here, and we are ready to go
[2026-05-26 21:10:45.176] AUTO-DISENGAGE: gear left Park (now N)
[2026-05-26 21:10:45.176] Husby was here, and we are ready to go
[2026-05-26 21:10:45.195] AUTO-DISENGAGE: gear left Park (now N)
[2026-05-26 21:10:45.195] Husby was here, and we are ready to go
[2026-05-26 21:10:45.212] AUTO-DISENGAGE: gear left Park (now N)
[2026-05-26 21:10:45.212] Husby was here, and we are ready to go
[2026-05-26 21:10:45.214] AUTO-DISENGAGE: gear left Park (now N)
[2026-05-26 21:10:45.214] Husby was here, and we are ready to go
[2026-05-26 21:10:45.235] AUTO-DISENGAGE: gear left Park (now N)
[2026-05-26 21:10:45.235] Husby was here, and we are ready to go
[2026-05-26 21:10:45.255] AUTO-DISENGAGE: gear left Park (now N)
[2026-05-26 21:10:45.255] Husby was here, and we are ready to go
[2026-05-26 21:10:45.275] AUTO-DISENGAGE: gear left Park (now N)
[2026-05-26 21:10:45.275] Husby was here, and we are ready to go
[2026-05-26 21:10:45.295] AUTO-DISENGAGE: gear left Park (now N)
[2026-05-26 21:10:45.295] Husby was here, and we are ready to go
[2026-05-26 21:10:45.313] AUTO-DISENGAGE: gear left Park (now N)
[2026-05-26 21:10:45.313] Husby was here, and we are ready to go
[2026-05-26 21:10:45.314] AUTO-DISENGAGE: gear left Park (now N)
[2026-05-26 21:10:45.314] Husby was here, and we are ready to go
[2026-05-26 21:10:45.335] AUTO-DISENGAGE: gear left Park (now N)
[2026-05-26 21:10:45.335] Husby was here, and we are ready to go
[2026-05-26 21:10:45.355] AUTO-DISENGAGE: gear left Park (now N)
[2026-05-26 21:10:45.355] Husby was here, and we are ready to go
[2026-05-26 21:10:45.375] AUTO-DISENGAGE: gear left Park (now N)
[2026-05-26 21:10:45.375] Husby was here, and we are ready to go
[2026-05-26 21:10:45.395] AUTO-DISENGAGE: gear left Park (now N)
[2026-05-26 21:10:45.395] Husby was here, and we are ready to go
[2026-05-26 21:10:45.412] AUTO-DISENGAGE: gear left Park (now N)
[2026-05-26 21:10:45.412] Husby was here, and we are ready to go
[2026-05-26 21:10:45.414] AUTO-DISENGAGE: gear left Park (now N)
[2026-05-26 21:10:45.414] Husby was here, and we are ready to go
[2026-05-26 21:10:45.435] AUTO-DISENGAGE: gear left Park (now N)
[2026-05-26 21:10:45.435] Husby was here, and we are ready to go
[2026-05-26 21:10:45.455] AUTO-DISENGAGE: gear left Park (now N)
[2026-05-26 21:10:45.455] Husby was here, and we are ready to go
[2026-05-26 21:10:45.475] AUTO-DISENGAGE: gear left Park (now N)
[2026-05-26 21:10:45.475] Husby was here, and we are ready to go
[2026-05-26 21:10:45.495] AUTO-DISENGAGE: gear left Park (now N)
[2026-05-26 21:10:45.495] Husby was here, and we are ready to go
[2026-05-26 21:10:45.512] AUTO-DISENGAGE: gear left Park (now N)
[2026-05-26 21:10:45.512] Husby was here, and we are ready to go
[2026-05-26 21:10:45.514] AUTO-DISENGAGE: gear left Park (now N)
[2026-05-26 21:10:45.514] Husby was here, and we are ready to go
[2026-05-26 21:10:45.535] AUTO-DISENGAGE: gear left Park (now N)
[2026-05-26 21:10:45.535] Husby was here, and we are ready to go
[2026-05-26 21:10:45.555] AUTO-DISENGAGE: gear left Park (now N)
[2026-05-26 21:10:45.555] Husby was here, and we are ready to go
[2026-05-26 21:10:45.575] AUTO-DISENGAGE: gear left Park (now N)
[2026-05-26 21:10:45.575] Husby was here, and we are ready to go
[2026-05-26 21:10:45.595] AUTO-DISENGAGE: gear left Park (now N)
[2026-05-26 21:10:45.595] Husby was here, and we are ready to go
[2026-05-26 21:10:45.612] AUTO-DISENGAGE: gear left Park (now N)
[2026-05-26 21:10:45.612] Husby was here, and we are ready to go
[2026-05-26 21:10:45.614] AUTO-DISENGAGE: gear left Park (now N)
[2026-05-26 21:10:45.614] Husby was here, and we are ready to go
[2026-05-26 21:10:45.635] AUTO-DISENGAGE: gear left Park (now N)
[2026-05-26 21:10:45.635] Husby was here, and we are ready to go
[2026-05-26 21:10:45.655] AUTO-DISENGAGE: gear left Park (now N)
[2026-05-26 21:10:45.655] Husby was here, and we are ready to go
[2026-05-26 21:10:45.675] AUTO-DISENGAGE: gear left Park (now N)
[2026-05-26 21:10:45.675] Husby was here, and we are ready to go
[2026-05-26 21:10:45.695] AUTO-DISENGAGE: gear left Park (now N)
[2026-05-26 21:10:45.695] Husby was here, and we are ready to go
[2026-05-26 21:10:45.712] AUTO-DISENGAGE: gear left Park (now N)
[2026-05-26 21:10:45.712] Husby was here, and we are ready to go
[2026-05-26 21:10:45.714] AUTO-DISENGAGE: gear left Park (now N)
[2026-05-26 21:10:45.714] Husby was here, and we are ready to go
[2026-05-26 21:10:45.736] AUTO-DISENGAGE: gear left Park (now N)
[2026-05-26 21:10:45.736] Husby was here, and we are ready to go
[2026-05-26 21:10:45.755] AUTO-DISENGAGE: gear left Park (now N)
[2026-05-26 21:10:45.755] Husby was here, and we are ready to go
[2026-05-26 21:10:45.775] AUTO-DISENGAGE: gear left Park (now N)
[2026-05-26 21:10:45.775] Husby was here, and we are ready to go
[2026-05-26 21:10:45.796] AUTO-DISENGAGE: gear left Park (now N)
[2026-05-26 21:10:45.796] Husby was here, and we are ready to go
[2026-05-26 21:10:45.812] AUTO-DISENGAGE: gear left Park (now N)
[2026-05-26 21:10:45.812] Husby was here, and we are ready to go
[2026-05-26 21:10:45.814] AUTO-DISENGAGE: gear left Park (now N)
[2026-05-26 21:10:45.814] Husby was here, and we are ready to go
[2026-05-26 21:10:45.835] AUTO-DISENGAGE: gear left Park (now N)
[2026-05-26 21:10:45.835] Husby was here, and we are ready to go
[2026-05-26 21:10:45.855] AUTO-DISENGAGE: gear left Park (now N)
[2026-05-26 21:10:45.855] Husby was here, and we are ready to go
[2026-05-26 21:10:45.875] AUTO-DISENGAGE: gear left Park (now N)
[2026-05-26 21:10:45.875] Husby was here, and we are ready to go
[2026-05-26 21:10:45.895] AUTO-DISENGAGE: gear left Park (now N)
[2026-05-26 21:10:45.895] Husby was here, and we are ready to go
[2026-05-26 21:10:45.913] AUTO-DISENGAGE: gear left Park (now N)
[2026-05-26 21:10:45.913] Husby was here, and we are ready to go
[2026-05-26 21:10:45.915] AUTO-DISENGAGE: gear left Park (now N)
[2026-05-26 21:10:45.915] Husby was here, and we are ready to go
[2026-05-26 21:10:45.936] AUTO-DISENGAGE: gear left Park (now N)
[2026-05-26 21:10:45.936] Husby was here, and we are ready to go
[2026-05-26 21:10:45.955] AUTO-DISENGAGE: gear left Park (now N)
[2026-05-26 21:10:45.955] Husby was here, and we are ready to go
[2026-05-26 21:10:45.976] AUTO-DISENGAGE: gear left Park (now N)
[2026-05-26 21:10:45.976] Husby was here, and we are ready to go
[2026-05-26 21:10:45.995] AUTO-DISENGAGE: gear left Park (now N)
[2026-05-26 21:10:45.995] Husby was here, and we are ready to go
[2026-05-26 21:10:46.012] AUTO-DISENGAGE: gear left Park (now N)
[2026-05-26 21:10:46.012] Husby was here, and we are ready to go
[2026-05-26 21:10:46.015] AUTO-DISENGAGE: gear left Park (now N)
[2026-05-26 21:10:46.015] Husby was here, and we are ready to go
[2026-05-26 21:10:46.035] AUTO-DISENGAGE: gear left Park (now N)
[2026-05-26 21:10:46.035] Husby was here, and we are ready to go
[2026-05-26 21:10:46.055] AUTO-DISENGAGE: gear left Park (now N)
[2026-05-26 21:10:46.055] Husby was here, and we are ready to go
[2026-05-26 21:10:46.076] AUTO-DISENGAGE: gear left Park (now N)
[2026-05-26 21:10:46.076] Husby was here, and we are ready to go
[2026-05-26 21:10:46.095] AUTO-DISENGAGE: gear left Park (now N)
[2026-05-26 21:10:46.095] Husby was here, and we are ready to go
[2026-05-26 21:10:46.112] AUTO-DISENGAGE: gear left Park (now N)
[2026-05-26 21:10:46.112] Husby was here, and we are ready to go
[2026-05-26 21:10:46.114] AUTO-DISENGAGE: gear left Park (now N)
[2026-05-26 21:10:46.115] Husby was here, and we are ready to go
[2026-05-26 21:10:46.135] AUTO-DISENGAGE: gear left Park (now N)
[2026-05-26 21:10:46.135] Husby was here, and we are ready to go
[2026-05-26 21:10:46.155] AUTO-DISENGAGE: gear left Park (now N)
[2026-05-26 21:10:46.155] Husby was here, and we are ready to go
[2026-05-26 21:10:46.175] AUTO-DISENGAGE: gear left Park (now N)
[2026-05-26 21:10:46.175] Husby was here, and we are ready to go
[2026-05-26 21:10:46.195] AUTO-DISENGAGE: gear left Park (now N)
[2026-05-26 21:10:46.195] Husby was here, and we are ready to go
[2026-05-26 21:10:46.212] AUTO-DISENGAGE: gear left Park (now N)
[2026-05-26 21:10:46.212] Husby was here, and we are ready to go
[2026-05-26 21:10:46.214] AUTO-DISENGAGE: gear left Park (now N)
[2026-05-26 21:10:46.214] Husby was here, and we are ready to go
[2026-05-26 21:10:46.235] AUTO-DISENGAGE: gear left Park (now N)
[2026-05-26 21:10:46.236] Husby was here, and we are ready to go
[2026-05-26 21:10:46.255] AUTO-DISENGAGE: gear left Park (now N)
[2026-05-26 21:10:46.255] Husby was here, and we are ready to go
[2026-05-26 21:10:46.275] AUTO-DISENGAGE: gear left Park (now N)
[2026-05-26 21:10:46.275] Husby was here, and we are ready to go
[2026-05-26 21:10:46.295] AUTO-DISENGAGE: gear left Park (now N)
[2026-05-26 21:10:46.295] Husby was here, and we are ready to go
[2026-05-26 21:10:46.312] AUTO-DISENGAGE: gear left Park (now N)
[2026-05-26 21:10:46.312] Husby was here, and we are ready to go
[2026-05-26 21:10:46.314] AUTO-DISENGAGE: gear left Park (now N)
[2026-05-26 21:10:46.315] Husby was here, and we are ready to go
[2026-05-26 21:10:46.335] AUTO-DISENGAGE: gear left Park (now N)
[2026-05-26 21:10:46.335] Husby was here, and we are ready to go
[2026-05-26 21:10:46.355] AUTO-DISENGAGE: gear left Park (now N)
[2026-05-26 21:10:46.355] Husby was here, and we are ready to go
[2026-05-26 21:10:46.376] AUTO-DISENGAGE: gear left Park (now N)
[2026-05-26 21:10:46.376] Husby was here, and we are ready to go
[2026-05-26 21:10:46.395] AUTO-DISENGAGE: gear left Park (now N)
[2026-05-26 21:10:46.395] Husby was here, and we are ready to go
[2026-05-26 21:10:46.412] AUTO-DISENGAGE: gear left Park (now N)
[2026-05-26 21:10:46.412] Husby was here, and we are ready to go
[2026-05-26 21:10:46.414] AUTO-DISENGAGE: gear left Park (now N)
[2026-05-26 21:10:46.414] Husby was here, and we are ready to go
[2026-05-26 21:10:46.436] AUTO-DISENGAGE: gear left Park (now N)
[2026-05-26 21:10:46.436] Husby was here, and we are ready to go
[2026-05-26 21:10:46.455] AUTO-DISENGAGE: gear left Park (now N)
[2026-05-26 21:10:46.455] Husby was here, and we are ready to go
[2026-05-26 21:10:46.475] AUTO-DISENGAGE: gear left Park (now N)
[2026-05-26 21:10:46.475] Husby was here, and we are ready to go
[2026-05-26 21:10:46.495] AUTO-DISENGAGE: gear left Park (now N)
[2026-05-26 21:10:46.495] Husby was here, and we are ready to go
[2026-05-26 21:10:46.513] AUTO-DISENGAGE: gear left Park (now N)
[2026-05-26 21:10:46.513] Husby was here, and we are ready to go
[2026-05-26 21:10:46.514] AUTO-DISENGAGE: gear left Park (now N)
[2026-05-26 21:10:46.515] Husby was here, and we are ready to go
[2026-05-26 21:10:46.535] AUTO-DISENGAGE: gear left Park (now N)
[2026-05-26 21:10:46.535] Husby was here, and we are ready to go
[2026-05-26 21:10:46.555] AUTO-DISENGAGE: gear left Park (now N)
[2026-05-26 21:10:46.555] Husby was here, and we are ready to go
[2026-05-26 21:10:46.575] AUTO-DISENGAGE: gear left Park (now N)
[2026-05-26 21:10:46.575] Husby was here, and we are ready to go
[2026-05-26 21:10:46.595] AUTO-DISENGAGE: gear left Park (now N)
[2026-05-26 21:10:46.595] Husby was here, and we are ready to go
[2026-05-26 21:10:46.612] AUTO-DISENGAGE: gear left Park (now N)
[2026-05-26 21:10:46.612] Husby was here, and we are ready to go
[2026-05-26 21:10:46.614] AUTO-DISENGAGE: gear left Park (now N)
[2026-05-26 21:10:46.615] Husby was here, and we are ready to go
[2026-05-26 21:10:46.636] AUTO-DISENGAGE: gear left Park (now N)
[2026-05-26 21:10:46.636] Husby was here, and we are ready to go
[2026-05-26 21:10:46.655] AUTO-DISENGAGE: gear left Park (now N)
[2026-05-26 21:10:46.655] Husby was here, and we are ready to go
[2026-05-26 21:10:46.676] AUTO-DISENGAGE: gear left Park (now N)
[2026-05-26 21:10:46.676] Husby was here, and we are ready to go
[2026-05-26 21:10:46.695] AUTO-DISENGAGE: gear left Park (now N)
[2026-05-26 21:10:46.695] Husby was here, and we are ready to go
[2026-05-26 21:10:46.712] AUTO-DISENGAGE: gear left Park (now N)
[2026-05-26 21:10:46.712] Husby was here, and we are ready to go
[2026-05-26 21:10:46.714] AUTO-DISENGAGE: gear left Park (now N)
[2026-05-26 21:10:46.715] Husby was here, and we are ready to go
[2026-05-26 21:10:46.735] AUTO-DISENGAGE: gear left Park (now N)
[2026-05-26 21:10:46.735] Husby was here, and we are ready to go
[2026-05-26 21:10:46.755] AUTO-DISENGAGE: gear left Park (now N)
[2026-05-26 21:10:46.755] Husby was here, and we are ready to go
[2026-05-26 21:10:46.776] AUTO-DISENGAGE: gear left Park (now N)
[2026-05-26 21:10:46.776] Husby was here, and we are ready to go
[2026-05-26 21:10:46.795] AUTO-DISENGAGE: gear left Park (now N)
[2026-05-26 21:10:46.795] Husby was here, and we are ready to go
[2026-05-26 21:10:46.812] AUTO-DISENGAGE: gear left Park (now N)
[2026-05-26 21:10:46.812] Husby was here, and we are ready to go
[2026-05-26 21:10:46.815] AUTO-DISENGAGE: gear left Park (now N)
[2026-05-26 21:10:46.815] Husby was here, and we are ready to go
[2026-05-26 21:10:46.835] AUTO-DISENGAGE: gear left Park (now N)
[2026-05-26 21:10:46.835] Husby was here, and we are ready to go
[2026-05-26 21:10:46.855] AUTO-DISENGAGE: gear left Park (now N)
[2026-05-26 21:10:46.855] Husby was here, and we are ready to go
[2026-05-26 21:10:46.875] AUTO-DISENGAGE: gear left Park (now N)
[2026-05-26 21:10:46.875] Husby was here, and we are ready to go
[2026-05-26 21:10:46.895] AUTO-DISENGAGE: gear left Park (now N)
[2026-05-26 21:10:46.896] Husby was here, and we are ready to go
[2026-05-26 21:10:46.913] AUTO-DISENGAGE: gear left Park (now N)
[2026-05-26 21:10:46.913] Husby was here, and we are ready to go
[2026-05-26 21:10:46.914] AUTO-DISENGAGE: gear left Park (now N)
[2026-05-26 21:10:46.915] Husby was here, and we are ready to go
[2026-05-26 21:10:46.935] AUTO-DISENGAGE: gear left Park (now N)
[2026-05-26 21:10:46.935] Husby was here, and we are ready to go
[2026-05-26 21:10:46.955] AUTO-DISENGAGE: gear left Park (now N)
[2026-05-26 21:10:46.955] Husby was here, and we are ready to go
[2026-05-26 21:10:46.976] AUTO-DISENGAGE: gear left Park (now N)
[2026-05-26 21:10:46.976] Husby was here, and we are ready to go
[2026-05-26 21:10:46.995] AUTO-DISENGAGE: gear left Park (now N)
[2026-05-26 21:10:46.995] Husby was here, and we are ready to go
[2026-05-26 21:10:47.012] AUTO-DISENGAGE: gear left Park (now N)
[2026-05-26 21:10:47.012] Husby was here, and we are ready to go
[2026-05-26 21:10:47.015] AUTO-DISENGAGE: gear left Park (now N)
[2026-05-26 21:10:47.015] Husby was here, and we are ready to go
[2026-05-26 21:10:47.035] AUTO-DISENGAGE: gear left Park (now N)
[2026-05-26 21:10:47.035] Husby was here, and we are ready to go
[2026-05-26 21:10:47.055] AUTO-DISENGAGE: gear left Park (now N)
[2026-05-26 21:10:47.055] Husby was here, and we are ready to go
[2026-05-26 21:10:47.076] AUTO-DISENGAGE: gear left Park (now N)
[2026-05-26 21:10:47.076] Husby was here, and we are ready to go
[2026-05-26 21:10:47.095] AUTO-DISENGAGE: gear left Park (now N)
[2026-05-26 21:10:47.095] Husby was here, and we are ready to go
[2026-05-26 21:10:47.112] AUTO-DISENGAGE: gear left Park (now N)
[2026-05-26 21:10:47.112] Husby was here, and we are ready to go
[2026-05-26 21:10:47.115] AUTO-DISENGAGE: gear left Park (now N)
[2026-05-26 21:10:47.115] Husby was here, and we are ready to go
[2026-05-26 21:10:47.135] AUTO-DISENGAGE: gear left Park (now N)
[2026-05-26 21:10:47.135] Husby was here, and we are ready to go
[2026-05-26 21:10:47.155] AUTO-DISENGAGE: gear left Park (now N)
[2026-05-26 21:10:47.155] Husby was here, and we are ready to go
[2026-05-26 21:10:47.175] AUTO-DISENGAGE: gear left Park (now N)
[2026-05-26 21:10:47.176] Husby was here, and we are ready to go
[2026-05-26 21:10:47.195] AUTO-DISENGAGE: gear left Park (now N)
[2026-05-26 21:10:47.195] Husby was here, and we are ready to go
[2026-05-26 21:10:47.212] AUTO-DISENGAGE: gear left Park (now N)
[2026-05-26 21:10:47.212] Husby was here, and we are ready to go
[2026-05-26 21:10:47.215] AUTO-DISENGAGE: gear left Park (now N)
[2026-05-26 21:10:47.215] Husby was here, and we are ready to go
[2026-05-26 21:10:47.236] AUTO-DISENGAGE: gear left Park (now N)
[2026-05-26 21:10:47.236] Husby was here, and we are ready to go
[2026-05-26 21:10:47.255] AUTO-DISENGAGE: gear left Park (now N)
[2026-05-26 21:10:47.256] Husby was here, and we are ready to go
[2026-05-26 21:10:47.275] AUTO-DISENGAGE: gear left Park (now N)
[2026-05-26 21:10:47.275] Husby was here, and we are ready to go
[2026-05-26 21:10:47.295] AUTO-DISENGAGE: gear left Park (now N)
[2026-05-26 21:10:47.295] Husby was here, and we are ready to go
[2026-05-26 21:10:47.312] AUTO-DISENGAGE: gear left Park (now N)
[2026-05-26 21:10:47.312] Husby was here, and we are ready to go
[2026-05-26 21:10:47.315] AUTO-DISENGAGE: gear left Park (now N)
[2026-05-26 21:10:47.315] Husby was here, and we are ready to go
[2026-05-26 21:10:47.335] AUTO-DISENGAGE: gear left Park (now N)
[2026-05-26 21:10:47.336] Husby was here, and we are ready to go
[2026-05-26 21:10:47.355] AUTO-DISENGAGE: gear left Park (now N)
[2026-05-26 21:10:47.355] Husby was here, and we are ready to go
[2026-05-26 21:10:47.376] AUTO-DISENGAGE: gear left Park (now N)
[2026-05-26 21:10:47.376] Husby was here, and we are ready to go
[2026-05-26 21:10:47.395] AUTO-DISENGAGE: gear left Park (now N)
[2026-05-26 21:10:47.395] Husby was here, and we are ready to go
[2026-05-26 21:10:47.412] AUTO-DISENGAGE: gear left Park (now N)
[2026-05-26 21:10:47.412] Husby was here, and we are ready to go
[2026-05-26 21:10:47.415] AUTO-DISENGAGE: gear left Park (now N)
[2026-05-26 21:10:47.415] Husby was here, and we are ready to go
[2026-05-26 21:10:47.435] AUTO-DISENGAGE: gear left Park (now N)
[2026-05-26 21:10:47.435] Husby was here, and we are ready to go
[2026-05-26 21:10:47.455] AUTO-DISENGAGE: gear left Park (now N)
[2026-05-26 21:10:47.455] Husby was here, and we are ready to go
[2026-05-26 21:10:47.476] AUTO-DISENGAGE: gear left Park (now N)
[2026-05-26 21:10:47.476] Husby was here, and we are ready to go
[2026-05-26 21:10:47.495] AUTO-DISENGAGE: gear left Park (now N)
[2026-05-26 21:10:47.495] Husby was here, and we are ready to go
[2026-05-26 21:10:47.512] AUTO-DISENGAGE: gear left Park (now N)
[2026-05-26 21:10:47.512] Husby was here, and we are ready to go
[2026-05-26 21:10:47.515] AUTO-DISENGAGE: gear left Park (now N)
[2026-05-26 21:10:47.515] Husby was here, and we are ready to go
[2026-05-26 21:10:47.535] AUTO-DISENGAGE: gear left Park (now N)
[2026-05-26 21:10:47.535] Husby was here, and we are ready to go
[2026-05-26 21:10:47.555] AUTO-DISENGAGE: gear left Park (now N)
[2026-05-26 21:10:47.555] Husby was here, and we are ready to go
[2026-05-26 21:10:47.575] AUTO-DISENGAGE: gear left Park (now N)
[2026-05-26 21:10:47.575] Husby was here, and we are ready to go
[2026-05-26 21:10:47.595] AUTO-DISENGAGE: gear left Park (now N)
[2026-05-26 21:10:47.595] Husby was here, and we are ready to go
[2026-05-26 21:10:47.612] AUTO-DISENGAGE: gear left Park (now N)
[2026-05-26 21:10:47.612] Husby was here, and we are ready to go
[2026-05-26 21:10:47.615] AUTO-DISENGAGE: gear left Park (now N)
[2026-05-26 21:10:47.615] Husby was here, and we are ready to go
[2026-05-26 21:10:47.635] AUTO-DISENGAGE: gear left Park (now N)
[2026-05-26 21:10:47.636] Husby was here, and we are ready to go
[2026-05-26 21:10:47.655] AUTO-DISENGAGE: gear left Park (now N)
[2026-05-26 21:10:47.655] Husby was here, and we are ready to go
[2026-05-26 21:10:47.676] AUTO-DISENGAGE: gear left Park (now N)
[2026-05-26 21:10:47.676] Husby was here, and we are ready to go
[2026-05-26 21:10:47.695] AUTO-DISENGAGE: gear left Park (now N)
[2026-05-26 21:10:47.695] Husby was here, and we are ready to go
[2026-05-26 21:10:47.712] AUTO-DISENGAGE: gear left Park (now N)
[2026-05-26 21:10:47.713] Husby was here, and we are ready to go
[2026-05-26 21:10:47.715] AUTO-DISENGAGE: gear left Park (now N)
[2026-05-26 21:10:47.715] Husby was here, and we are ready to go
[2026-05-26 21:10:47.735] AUTO-DISENGAGE: gear left Park (now N)
[2026-05-26 21:10:47.736] Husby was here, and we are ready to go
[2026-05-26 21:10:47.755] AUTO-DISENGAGE: gear left Park (now N)
[2026-05-26 21:10:47.755] Husby was here, and we are ready to go
[2026-05-26 21:10:47.776] AUTO-DISENGAGE: gear left Park (now N)
[2026-05-26 21:10:47.776] Husby was here, and we are ready to go
[2026-05-26 21:10:47.795] AUTO-DISENGAGE: gear left Park (now N)
[2026-05-26 21:10:47.796] Husby was here, and we are ready to go
[2026-05-26 21:10:47.812] AUTO-DISENGAGE: gear left Park (now N)
[2026-05-26 21:10:47.812] Husby was here, and we are ready to go
[2026-05-26 21:10:47.815] AUTO-DISENGAGE: gear left Park (now N)
[2026-05-26 21:10:47.815] Husby was here, and we are ready to go
[2026-05-26 21:10:47.835] AUTO-DISENGAGE: gear left Park (now N)
[2026-05-26 21:10:47.836] Husby was here, and we are ready to go
[2026-05-26 21:10:47.855] AUTO-DISENGAGE: gear left Park (now N)
[2026-05-26 21:10:47.855] Husby was here, and we are ready to go
[2026-05-26 21:10:47.875] AUTO-DISENGAGE: gear left Park (now N)
[2026-05-26 21:10:47.875] Husby was here, and we are ready to go
[2026-05-26 21:10:47.895] AUTO-DISENGAGE: gear left Park (now N)
[2026-05-26 21:10:47.896] Husby was here, and we are ready to go
[2026-05-26 21:10:47.912] AUTO-DISENGAGE: gear left Park (now N)
[2026-05-26 21:10:47.912] Husby was here, and we are ready to go
[2026-05-26 21:10:47.915] AUTO-DISENGAGE: gear left Park (now N)
[2026-05-26 21:10:47.915] Husby was here, and we are ready to go
[2026-05-26 21:10:47.936] AUTO-DISENGAGE: gear left Park (now N)
[2026-05-26 21:10:47.936] Husby was here, and we are ready to go
[2026-05-26 21:10:47.955] AUTO-DISENGAGE: gear left Park (now N)
[2026-05-26 21:10:47.955] Husby was here, and we are ready to go
[2026-05-26 21:10:47.976] AUTO-DISENGAGE: gear left Park (now N)
[2026-05-26 21:10:47.976] Husby was here, and we are ready to go
[2026-05-26 21:10:47.995] AUTO-DISENGAGE: gear left Park (now N)
[2026-05-26 21:10:47.995] Husby was here, and we are ready to go
[2026-05-26 21:10:48.012] AUTO-DISENGAGE: gear left Park (now N)
[2026-05-26 21:10:48.012] Husby was here, and we are ready to go
[2026-05-26 21:10:48.015] AUTO-DISENGAGE: gear left Park (now N)
[2026-05-26 21:10:48.015] Husby was here, and we are ready to go
[2026-05-26 21:10:48.036] AUTO-DISENGAGE: gear left Park (now N)
[2026-05-26 21:10:48.036] Husby was here, and we are ready to go
[2026-05-26 21:10:48.055] AUTO-DISENGAGE: gear left Park (now N)
[2026-05-26 21:10:48.055] Husby was here, and we are ready to go
[2026-05-26 21:10:48.076] AUTO-DISENGAGE: gear left Park (now N)
[2026-05-26 21:10:48.076] Husby was here, and we are ready to go
[2026-05-26 21:10:48.095] AUTO-DISENGAGE: gear left Park (now N)
[2026-05-26 21:10:48.095] Husby was here, and we are ready to go
[2026-05-26 21:10:48.113] AUTO-DISENGAGE: gear left Park (now N)
[2026-05-26 21:10:48.113] Husby was here, and we are ready to go
[2026-05-26 21:10:48.115] AUTO-DISENGAGE: gear left Park (now N)
[2026-05-26 21:10:48.115] Husby was here, and we are ready to go
[2026-05-26 21:10:48.135] AUTO-DISENGAGE: gear left Park (now N)
[2026-05-26 21:10:48.135] Husby was here, and we are ready to go
[2026-05-26 21:10:48.155] AUTO-DISENGAGE: gear left Park (now N)
[2026-05-26 21:10:48.155] Husby was here, and we are ready to go
[2026-05-26 21:10:48.176] AUTO-DISENGAGE: gear left Park (now N)
[2026-05-26 21:10:48.176] Husby was here, and we are ready to go
[2026-05-26 21:10:48.195] AUTO-DISENGAGE: gear left Park (now N)
[2026-05-26 21:10:48.195] Husby was here, and we are ready to go
[2026-05-26 21:10:48.212] AUTO-DISENGAGE: gear left Park (now N)
[2026-05-26 21:10:48.212] Husby was here, and we are ready to go
[2026-05-26 21:10:48.215] AUTO-DISENGAGE: gear left Park (now N)
[2026-05-26 21:10:48.215] Husby was here, and we are ready to go
[2026-05-26 21:10:48.235] AUTO-DISENGAGE: gear left Park (now N)
[2026-05-26 21:10:48.236] Husby was here, and we are ready to go
[2026-05-26 21:10:48.255] AUTO-DISENGAGE: gear left Park (now N)
[2026-05-26 21:10:48.255] Husby was here, and we are ready to go
[2026-05-26 21:10:48.275] AUTO-DISENGAGE: gear left Park (now N)
[2026-05-26 21:10:48.275] Husby was here, and we are ready to go
[2026-05-26 21:10:48.295] AUTO-DISENGAGE: gear left Park (now N)
[2026-05-26 21:10:48.295] Husby was here, and we are ready to go
[2026-05-26 21:10:48.312] AUTO-DISENGAGE: gear left Park (now N)
[2026-05-26 21:10:48.312] Husby was here, and we are ready to go
[2026-05-26 21:10:48.315] AUTO-DISENGAGE: gear left Park (now N)
[2026-05-26 21:10:48.315] Husby was here, and we are ready to go
[2026-05-26 21:10:48.336] AUTO-DISENGAGE: gear left Park (now N)
[2026-05-26 21:10:48.336] Husby was here, and we are ready to go
[2026-05-26 21:10:48.355] AUTO-DISENGAGE: gear left Park (now N)
[2026-05-26 21:10:48.355] Husby was here, and we are ready to go
[2026-05-26 21:10:48.376] AUTO-DISENGAGE: gear left Park (now N)
[2026-05-26 21:10:48.376] Husby was here, and we are ready to go
[2026-05-26 21:10:48.395] AUTO-DISENGAGE: gear left Park (now N)
[2026-05-26 21:10:48.395] Husby was here, and we are ready to go
[2026-05-26 21:10:48.412] AUTO-DISENGAGE: gear left Park (now N)
[2026-05-26 21:10:48.412] Husby was here, and we are ready to go
[2026-05-26 21:10:48.415] AUTO-DISENGAGE: gear left Park (now N)
[2026-05-26 21:10:48.415] Husby was here, and we are ready to go
[2026-05-26 21:10:48.436] AUTO-DISENGAGE: gear left Park (now N)
[2026-05-26 21:10:48.436] Husby was here, and we are ready to go
[2026-05-26 21:10:48.455] AUTO-DISENGAGE: gear left Park (now N)
[2026-05-26 21:10:48.455] Husby was here, and we are ready to go
[2026-05-26 21:10:48.475] AUTO-DISENGAGE: gear left Park (now N)
[2026-05-26 21:10:48.475] Husby was here, and we are ready to go
[2026-05-26 21:10:48.495] AUTO-DISENGAGE: gear left Park (now N)
[2026-05-26 21:10:48.495] Husby was here, and we are ready to go
[2026-05-26 21:10:48.512] AUTO-DISENGAGE: gear left Park (now N)
[2026-05-26 21:10:48.512] Husby was here, and we are ready to go
[2026-05-26 21:10:48.515] AUTO-DISENGAGE: gear left Park (now N)
[2026-05-26 21:10:48.515] Husby was here, and we are ready to go
[2026-05-26 21:10:48.535] AUTO-DISENGAGE: gear left Park (now N)
[2026-05-26 21:10:48.535] Husby was here, and we are ready to go
[2026-05-26 21:10:48.555] AUTO-DISENGAGE: gear left Park (now N)
[2026-05-26 21:10:48.555] Husby was here, and we are ready to go
[2026-05-26 21:10:48.575] AUTO-DISENGAGE: gear left Park (now N)
[2026-05-26 21:10:48.575] Husby was here, and we are ready to go
[2026-05-26 21:10:48.595] AUTO-DISENGAGE: gear left Park (now N)
[2026-05-26 21:10:48.595] Husby was here, and we are ready to go
[2026-05-26 21:10:48.612] AUTO-DISENGAGE: gear left Park (now N)
[2026-05-26 21:10:48.612] Husby was here, and we are ready to go
[2026-05-26 21:10:48.615] AUTO-DISENGAGE: gear left Park (now N)
[2026-05-26 21:10:48.615] Husby was here, and we are ready to go
[2026-05-26 21:10:48.635] AUTO-DISENGAGE: gear left Park (now N)
[2026-05-26 21:10:48.635] Husby was here, and we are ready to go
[2026-05-26 21:10:48.655] AUTO-DISENGAGE: gear left Park (now N)
[2026-05-26 21:10:48.655] Husby was here, and we are ready to go
[2026-05-26 21:10:48.675] AUTO-DISENGAGE: gear left Park (now N)
[2026-05-26 21:10:48.675] Husby was here, and we are ready to go
[2026-05-26 21:10:48.695] AUTO-DISENGAGE: gear left Park (now N)
[2026-05-26 21:10:48.695] Husby was here, and we are ready to go
[2026-05-26 21:10:48.712] AUTO-DISENGAGE: gear left Park (now N)
[2026-05-26 21:10:48.712] Husby was here, and we are ready to go
[2026-05-26 21:10:48.715] AUTO-DISENGAGE: gear left Park (now N)
[2026-05-26 21:10:48.715] Husby was here, and we are ready to go
[2026-05-26 21:10:48.735] AUTO-DISENGAGE: gear left Park (now N)
[2026-05-26 21:10:48.735] Husby was here, and we are ready to go
[2026-05-26 21:10:48.755] AUTO-DISENGAGE: gear left Park (now N)
[2026-05-26 21:10:48.755] Husby was here, and we are ready to go
[2026-05-26 21:10:48.775] AUTO-DISENGAGE: gear left Park (now N)
[2026-05-26 21:10:48.775] Husby was here, and we are ready to go
[2026-05-26 21:10:48.795] AUTO-DISENGAGE: gear left Park (now N)
[2026-05-26 21:10:48.795] Husby was here, and we are ready to go
[2026-05-26 21:10:48.812] AUTO-DISENGAGE: gear left Park (now N)
[2026-05-26 21:10:48.812] Husby was here, and we are ready to go
[2026-05-26 21:10:48.815] AUTO-DISENGAGE: gear left Park (now N)
[2026-05-26 21:10:48.815] Husby was here, and we are ready to go
[2026-05-26 21:10:48.835] AUTO-DISENGAGE: gear left Park (now N)
[2026-05-26 21:10:48.835] Husby was here, and we are ready to go
[2026-05-26 21:10:48.855] AUTO-DISENGAGE: gear left Park (now N)
[2026-05-26 21:10:48.855] Husby was here, and we are ready to go
[2026-05-26 21:10:48.875] AUTO-DISENGAGE: gear left Park (now N)
[2026-05-26 21:10:48.875] Husby was here, and we are ready to go
[2026-05-26 21:10:48.895] AUTO-DISENGAGE: gear left Park (now N)
[2026-05-26 21:10:48.895] Husby was here, and we are ready to go
[2026-05-26 21:10:48.912] AUTO-DISENGAGE: gear left Park (now N)
[2026-05-26 21:10:48.912] Husby was here, and we are ready to go
[2026-05-26 21:10:48.915] AUTO-DISENGAGE: gear left Park (now N)
[2026-05-26 21:10:48.915] Husby was here, and we are ready to go
[2026-05-26 21:10:48.935] AUTO-DISENGAGE: gear left Park (now N)
[2026-05-26 21:10:48.935] Husby was here, and we are ready to go
[2026-05-26 21:10:48.955] AUTO-DISENGAGE: gear left Park (now N)
[2026-05-26 21:10:48.955] Husby was here, and we are ready to go
[2026-05-26 21:10:48.976] AUTO-DISENGAGE: gear left Park (now N)
[2026-05-26 21:10:48.976] Husby was here, and we are ready to go
[2026-05-26 21:10:48.995] AUTO-DISENGAGE: gear left Park (now N)
[2026-05-26 21:10:48.995] Husby was here, and we are ready to go
[2026-05-26 21:10:49.012] AUTO-DISENGAGE: gear left Park (now N)
[2026-05-26 21:10:49.012] Husby was here, and we are ready to go
[2026-05-26 21:10:49.015] AUTO-DISENGAGE: gear left Park (now N)
[2026-05-26 21:10:49.015] Husby was here, and we are ready to go
[2026-05-26 21:10:49.035] AUTO-DISENGAGE: gear left Park (now N)
[2026-05-26 21:10:49.035] Husby was here, and we are ready to go
[2026-05-26 21:10:49.055] AUTO-DISENGAGE: gear left Park (now N)
[2026-05-26 21:10:49.055] Husby was here, and we are ready to go
[2026-05-26 21:10:49.075] AUTO-DISENGAGE: gear left Park (now N)
[2026-05-26 21:10:49.075] Husby was here, and we are ready to go
[2026-05-26 21:10:49.095] AUTO-DISENGAGE: gear left Park (now N)
[2026-05-26 21:10:49.095] Husby was here, and we are ready to go
[2026-05-26 21:10:49.112] AUTO-DISENGAGE: gear left Park (now N)
[2026-05-26 21:10:49.112] Husby was here, and we are ready to go
[2026-05-26 21:10:49.115] AUTO-DISENGAGE: gear left Park (now N)
[2026-05-26 21:10:49.115] Husby was here, and we are ready to go
[2026-05-26 21:10:49.135] AUTO-DISENGAGE: gear left Park (now N)
[2026-05-26 21:10:49.135] Husby was here, and we are ready to go
[2026-05-26 21:10:49.155] AUTO-DISENGAGE: gear left Park (now N)
[2026-05-26 21:10:49.155] Husby was here, and we are ready to go
[2026-05-26 21:10:49.175] AUTO-DISENGAGE: gear left Park (now N)
[2026-05-26 21:10:49.175] Husby was here, and we are ready to go
[2026-05-26 21:10:49.195] AUTO-DISENGAGE: gear left Park (now N)
[2026-05-26 21:10:49.195] Husby was here, and we are ready to go
[2026-05-26 21:10:49.212] AUTO-DISENGAGE: gear left Park (now N)
[2026-05-26 21:10:49.212] Husby was here, and we are ready to go
[2026-05-26 21:10:49.215] AUTO-DISENGAGE: gear left Park (now N)
[2026-05-26 21:10:49.215] Husby was here, and we are ready to go
[2026-05-26 21:10:49.235] AUTO-DISENGAGE: gear left Park (now N)
[2026-05-26 21:10:49.235] Husby was here, and we are ready to go
[2026-05-26 21:10:49.255] AUTO-DISENGAGE: gear left Park (now N)
[2026-05-26 21:10:49.255] Husby was here, and we are ready to go
[2026-05-26 21:10:49.275] AUTO-DISENGAGE: gear left Park (now N)
[2026-05-26 21:10:49.275] Husby was here, and we are ready to go
[2026-05-26 21:10:49.295] AUTO-DISENGAGE: gear left Park (now N)
[2026-05-26 21:10:49.295] Husby was here, and we are ready to go
[2026-05-26 21:10:49.312] AUTO-DISENGAGE: gear left Park (now N)
[2026-05-26 21:10:49.313] Husby was here, and we are ready to go
[2026-05-26 21:10:49.315] AUTO-DISENGAGE: gear left Park (now N)
[2026-05-26 21:10:49.315] Husby was here, and we are ready to go
[2026-05-26 21:10:49.335] AUTO-DISENGAGE: gear left Park (now N)
[2026-05-26 21:10:49.335] Husby was here, and we are ready to go
[2026-05-26 21:10:49.355] AUTO-DISENGAGE: gear left Park (now N)
[2026-05-26 21:10:49.355] Husby was here, and we are ready to go
[2026-05-26 21:10:49.373] rc: RND switch -> D, queuing shift
[2026-05-26 21:10:49.376] AUTO-DISENGAGE: gear left Park (now N)
[2026-05-26 21:10:49.376] Husby was here, and we are ready to go
[2026-05-26 21:10:49.386] shift requested: D
[2026-05-26 21:10:49.395] AUTO-DISENGAGE: gear left Park (now N)
[2026-05-26 21:10:49.395] Husby was here, and we are ready to go
[2026-05-26 21:10:49.395] SHIFT: requesting D via 0x6D burst (30 active + 10 idle frames at 200 Hz)
[2026-05-26 21:10:49.400] AUTO-DISENGAGE: gear left Park (now N)
[2026-05-26 21:10:49.400] Husby was here, and we are ready to go
[2026-05-26 21:10:49.405] AUTO-DISENGAGE: gear left Park (now N)
[2026-05-26 21:10:49.405] Husby was here, and we are ready to go
[2026-05-26 21:10:49.410] AUTO-DISENGAGE: gear left Park (now N)
[2026-05-26 21:10:49.410] Husby was here, and we are ready to go
[2026-05-26 21:10:49.411] AUTO-DISENGAGE: gear left Park (now N)
[2026-05-26 21:10:49.411] Husby was here, and we are ready to go
[2026-05-26 21:10:49.415] AUTO-DISENGAGE: gear left Park (now N)
[2026-05-26 21:10:49.415] Husby was here, and we are ready to go
[2026-05-26 21:10:49.415] AUTO-DISENGAGE: gear left Park (now N)
[2026-05-26 21:10:49.415] Husby was here, and we are ready to go
[2026-05-26 21:10:49.420] AUTO-DISENGAGE: gear left Park (now N)
[2026-05-26 21:10:49.420] Husby was here, and we are ready to go
[2026-05-26 21:10:49.425] AUTO-DISENGAGE: gear left Park (now N)
[2026-05-26 21:10:49.425] Husby was here, and we are ready to go
[2026-05-26 21:10:49.430] AUTO-DISENGAGE: gear left Park (now N)
[2026-05-26 21:10:49.430] Husby was here, and we are ready to go
[2026-05-26 21:10:49.435] gear: N -> D
[2026-05-26 21:10:49.435] AUTO-DISENGAGE: gear left Park (now D)
[2026-05-26 21:10:49.435] Husby was here, and we are ready to go
[2026-05-26 21:10:49.435] AUTO-DISENGAGE: gear left Park (now D)
[2026-05-26 21:10:49.435] Husby was here, and we are ready to go
[2026-05-26 21:10:49.440] AUTO-DISENGAGE: gear left Park (now D)
[2026-05-26 21:10:49.440] Husby was here, and we are ready to go
[2026-05-26 21:10:49.445] AUTO-DISENGAGE: gear left Park (now D)
[2026-05-26 21:10:49.445] Husby was here, and we are ready to go
[2026-05-26 21:10:49.450] AUTO-DISENGAGE: gear left Park (now D)
[2026-05-26 21:10:49.450] Husby was here, and we are ready to go
[2026-05-26 21:10:49.455] AUTO-DISENGAGE: gear left Park (now D)
[2026-05-26 21:10:49.455] Husby was here, and we are ready to go
[2026-05-26 21:10:49.455] AUTO-DISENGAGE: gear left Park (now D)
[2026-05-26 21:10:49.455] Husby was here, and we are ready to go
[2026-05-26 21:10:49.460] AUTO-DISENGAGE: gear left Park (now D)
[2026-05-26 21:10:49.460] Husby was here, and we are ready to go
[2026-05-26 21:10:49.465] AUTO-DISENGAGE: gear left Park (now D)
[2026-05-26 21:10:49.465] Husby was here, and we are ready to go
[2026-05-26 21:10:49.470] AUTO-DISENGAGE: gear left Park (now D)
[2026-05-26 21:10:49.470] Husby was here, and we are ready to go
[2026-05-26 21:10:49.475] AUTO-DISENGAGE: gear left Park (now D)
[2026-05-26 21:10:49.475] Husby was here, and we are ready to go
[2026-05-26 21:10:49.475] AUTO-DISENGAGE: gear left Park (now D)
[2026-05-26 21:10:49.475] Husby was here, and we are ready to go
[2026-05-26 21:10:49.480] AUTO-DISENGAGE: gear left Park (now D)
[2026-05-26 21:10:49.480] Husby was here, and we are ready to go
[2026-05-26 21:10:49.485] AUTO-DISENGAGE: gear left Park (now D)
[2026-05-26 21:10:49.485] Husby was here, and we are ready to go
[2026-05-26 21:10:49.490] AUTO-DISENGAGE: gear left Park (now D)
[2026-05-26 21:10:49.490] Husby was here, and we are ready to go
[2026-05-26 21:10:49.495] AUTO-DISENGAGE: gear left Park (now D)
[2026-05-26 21:10:49.495] Husby was here, and we are ready to go
[2026-05-26 21:10:49.495] AUTO-DISENGAGE: gear left Park (now D)
[2026-05-26 21:10:49.495] Husby was here, and we are ready to go
[2026-05-26 21:10:49.500] AUTO-DISENGAGE: gear left Park (now D)
[2026-05-26 21:10:49.500] Husby was here, and we are ready to go
[2026-05-26 21:10:49.505] AUTO-DISENGAGE: gear left Park (now D)
[2026-05-26 21:10:49.505] Husby was here, and we are ready to go
[2026-05-26 21:10:49.510] AUTO-DISENGAGE: gear left Park (now D)
[2026-05-26 21:10:49.510] Husby was here, and we are ready to go
[2026-05-26 21:10:49.511] AUTO-DISENGAGE: gear left Park (now D)
[2026-05-26 21:10:49.511] Husby was here, and we are ready to go
[2026-05-26 21:10:49.515] AUTO-DISENGAGE: gear left Park (now D)
[2026-05-26 21:10:49.515] Husby was here, and we are ready to go
[2026-05-26 21:10:49.515] AUTO-DISENGAGE: gear left Park (now D)
[2026-05-26 21:10:49.515] Husby was here, and we are ready to go
[2026-05-26 21:10:49.520] AUTO-DISENGAGE: gear left Park (now D)
[2026-05-26 21:10:49.521] Husby was here, and we are ready to go
[2026-05-26 21:10:49.525] AUTO-DISENGAGE: gear left Park (now D)
[2026-05-26 21:10:49.525] Husby was here, and we are ready to go
[2026-05-26 21:10:49.531] AUTO-DISENGAGE: gear left Park (now D)
[2026-05-26 21:10:49.531] Husby was here, and we are ready to go
[2026-05-26 21:10:49.535] AUTO-DISENGAGE: gear left Park (now D)
[2026-05-26 21:10:49.535] Husby was here, and we are ready to go
[2026-05-26 21:10:49.535] AUTO-DISENGAGE: gear left Park (now D)
[2026-05-26 21:10:49.535] Husby was here, and we are ready to go
[2026-05-26 21:10:49.541] AUTO-DISENGAGE: gear left Park (now D)
[2026-05-26 21:10:49.541] Husby was here, and we are ready to go
[2026-05-26 21:10:49.546] AUTO-DISENGAGE: gear left Park (now D)
[2026-05-26 21:10:49.546] Husby was here, and we are ready to go
[2026-05-26 21:10:49.550] AUTO-DISENGAGE: gear left Park (now D)
[2026-05-26 21:10:49.550] Husby was here, and we are ready to go
[2026-05-26 21:10:49.555] AUTO-DISENGAGE: gear left Park (now D)
[2026-05-26 21:10:49.555] Husby was here, and we are ready to go
[2026-05-26 21:10:49.555] AUTO-DISENGAGE: gear left Park (now D)
[2026-05-26 21:10:49.555] Husby was here, and we are ready to go
[2026-05-26 21:10:49.561] AUTO-DISENGAGE: gear left Park (now D)
[2026-05-26 21:10:49.561] Husby was here, and we are ready to go
[2026-05-26 21:10:49.565] AUTO-DISENGAGE: gear left Park (now D)
[2026-05-26 21:10:49.566] Husby was here, and we are ready to go
[2026-05-26 21:10:49.571] AUTO-DISENGAGE: gear left Park (now D)
[2026-05-26 21:10:49.571] Husby was here, and we are ready to go
[2026-05-26 21:10:49.575] AUTO-DISENGAGE: gear left Park (now D)
[2026-05-26 21:10:49.575] Husby was here, and we are ready to go
[2026-05-26 21:10:49.575] AUTO-DISENGAGE: gear left Park (now D)
[2026-05-26 21:10:49.575] Husby was here, and we are ready to go
[2026-05-26 21:10:49.581] AUTO-DISENGAGE: gear left Park (now D)
[2026-05-26 21:10:49.581] Husby was here, and we are ready to go
[2026-05-26 21:10:49.585] AUTO-DISENGAGE: gear left Park (now D)
[2026-05-26 21:10:49.585] Husby was here, and we are ready to go
[2026-05-26 21:10:49.590] AUTO-DISENGAGE: gear left Park (now D)
[2026-05-26 21:10:49.591] Husby was here, and we are ready to go
[2026-05-26 21:10:49.595] AUTO-DISENGAGE: gear left Park (now D)
[2026-05-26 21:10:49.595] Husby was here, and we are ready to go
[2026-05-26 21:10:49.612] AUTO-DISENGAGE: gear left Park (now D)
[2026-05-26 21:10:49.612] Husby was here, and we are ready to go
[2026-05-26 21:10:49.615] AUTO-DISENGAGE: gear left Park (now D)
[2026-05-26 21:10:49.615] Husby was here, and we are ready to go
[2026-05-26 21:10:49.638] AUTO-DISENGAGE: gear left Park (now D)
[2026-05-26 21:10:49.638] Husby was here, and we are ready to go
[2026-05-26 21:10:49.657] AUTO-DISENGAGE: gear left Park (now D)
[2026-05-26 21:10:49.658] Husby was here, and we are ready to go
[2026-05-26 21:10:49.677] AUTO-DISENGAGE: gear left Park (now D)
[2026-05-26 21:10:49.677] Husby was here, and we are ready to go
[2026-05-26 21:10:49.697] AUTO-DISENGAGE: gear left Park (now D)
[2026-05-26 21:10:49.697] Husby was here, and we are ready to go
[2026-05-26 21:10:49.712] AUTO-DISENGAGE: gear left Park (now D)
[2026-05-26 21:10:49.712] Husby was here, and we are ready to go
[2026-05-26 21:10:49.716] AUTO-DISENGAGE: gear left Park (now D)
[2026-05-26 21:10:49.716] Husby was here, and we are ready to go
[2026-05-26 21:10:49.737] AUTO-DISENGAGE: gear left Park (now D)
[2026-05-26 21:10:49.737] Husby was here, and we are ready to go
[2026-05-26 21:10:49.757] AUTO-DISENGAGE: gear left Park (now D)
[2026-05-26 21:10:49.757] Husby was here, and we are ready to go
[2026-05-26 21:10:49.777] AUTO-DISENGAGE: gear left Park (now D)
[2026-05-26 21:10:49.777] Husby was here, and we are ready to go
[2026-05-26 21:10:49.797] AUTO-DISENGAGE: gear left Park (now D)
[2026-05-26 21:10:49.797] Husby was here, and we are ready to go
[2026-05-26 21:10:49.798] SHIFT post-burst gear: D (requested D)
[2026-05-26 21:10:49.812] AUTO-DISENGAGE: gear left Park (now D)
[2026-05-26 21:10:49.812] Husby was here, and we are ready to go
[2026-05-26 21:10:49.816] AUTO-DISENGAGE: gear left Park (now D)
[2026-05-26 21:10:49.817] Husby was here, and we are ready to go
[2026-05-26 21:10:49.837] AUTO-DISENGAGE: gear left Park (now D)
[2026-05-26 21:10:49.837] Husby was here, and we are ready to go
[2026-05-26 21:10:49.858] AUTO-DISENGAGE: gear left Park (now D)
[2026-05-26 21:10:49.858] Husby was here, and we are ready to go
[2026-05-26 21:10:49.878] AUTO-DISENGAGE: gear left Park (now D)
[2026-05-26 21:10:49.878] Husby was here, and we are ready to go
[2026-05-26 21:10:49.898] AUTO-DISENGAGE: gear left Park (now D)
[2026-05-26 21:10:49.898] Husby was here, and we are ready to go
[2026-05-26 21:10:49.912] AUTO-DISENGAGE: gear left Park (now D)
[2026-05-26 21:10:49.912] Husby was here, and we are ready to go
[2026-05-26 21:10:49.916] AUTO-DISENGAGE: gear left Park (now D)
[2026-05-26 21:10:49.917] Husby was here, and we are ready to go
[2026-05-26 21:10:49.937] AUTO-DISENGAGE: gear left Park (now D)
[2026-05-26 21:10:49.937] Husby was here, and we are ready to go
[2026-05-26 21:10:49.957] AUTO-DISENGAGE: gear left Park (now D)
[2026-05-26 21:10:49.957] Husby was here, and we are ready to go
[2026-05-26 21:10:49.977] AUTO-DISENGAGE: gear left Park (now D)
[2026-05-26 21:10:49.977] Husby was here, and we are ready to go
[2026-05-26 21:10:49.997] AUTO-DISENGAGE: gear left Park (now D)
[2026-05-26 21:10:49.997] Husby was here, and we are ready to go
[2026-05-26 21:10:50.012] AUTO-DISENGAGE: gear left Park (now D)
[2026-05-26 21:10:50.012] Husby was here, and we are ready to go
[2026-05-26 21:10:50.016] AUTO-DISENGAGE: gear left Park (now D)
[2026-05-26 21:10:50.016] Husby was here, and we are ready to go
[2026-05-26 21:10:50.037] AUTO-DISENGAGE: gear left Park (now D)
[2026-05-26 21:10:50.037] Husby was here, and we are ready to go
[2026-05-26 21:10:50.058] AUTO-DISENGAGE: gear left Park (now D)
[2026-05-26 21:10:50.058] Husby was here, and we are ready to go
[2026-05-26 21:10:50.077] AUTO-DISENGAGE: gear left Park (now D)
[2026-05-26 21:10:50.078] Husby was here, and we are ready to go
[2026-05-26 21:10:50.097] AUTO-DISENGAGE: gear left Park (now D)
[2026-05-26 21:10:50.097] Husby was here, and we are ready to go
[2026-05-26 21:10:50.112] AUTO-DISENGAGE: gear left Park (now D)
[2026-05-26 21:10:50.113] Husby was here, and we are ready to go
[2026-05-26 21:10:50.116] AUTO-DISENGAGE: gear left Park (now D)
[2026-05-26 21:10:50.116] Husby was here, and we are ready to go
[2026-05-26 21:10:50.137] AUTO-DISENGAGE: gear left Park (now D)
[2026-05-26 21:10:50.137] Husby was here, and we are ready to go
[2026-05-26 21:10:50.157] AUTO-DISENGAGE: gear left Park (now D)
[2026-05-26 21:10:50.157] Husby was here, and we are ready to go
[2026-05-26 21:10:50.177] AUTO-DISENGAGE: gear left Park (now D)
[2026-05-26 21:10:50.177] Husby was here, and we are ready to go
[2026-05-26 21:10:50.197] AUTO-DISENGAGE: gear left Park (now D)
[2026-05-26 21:10:50.197] Husby was here, and we are ready to go
[2026-05-26 21:10:50.212] AUTO-DISENGAGE: gear left Park (now D)
[2026-05-26 21:10:50.212] Husby was here, and we are ready to go
[2026-05-26 21:10:50.217] AUTO-DISENGAGE: gear left Park (now D)
[2026-05-26 21:10:50.217] Husby was here, and we are ready to go
[2026-05-26 21:10:50.238] AUTO-DISENGAGE: gear left Park (now D)
[2026-05-26 21:10:50.238] Husby was here, and we are ready to go
[2026-05-26 21:10:50.257] AUTO-DISENGAGE: gear left Park (now D)
[2026-05-26 21:10:50.257] Husby was here, and we are ready to go
[2026-05-26 21:10:50.277] AUTO-DISENGAGE: gear left Park (now D)
[2026-05-26 21:10:50.277] Husby was here, and we are ready to go
[2026-05-26 21:10:50.297] AUTO-DISENGAGE: gear left Park (now D)
[2026-05-26 21:10:50.297] Husby was here, and we are ready to go
[2026-05-26 21:10:50.312] AUTO-DISENGAGE: gear left Park (now D)
[2026-05-26 21:10:50.312] Husby was here, and we are ready to go
[2026-05-26 21:10:50.317] AUTO-DISENGAGE: gear left Park (now D)
[2026-05-26 21:10:50.317] Husby was here, and we are ready to go
[2026-05-26 21:10:50.337] AUTO-DISENGAGE: gear left Park (now D)
[2026-05-26 21:10:50.337] Husby was here, and we are ready to go
[2026-05-26 21:10:50.357] AUTO-DISENGAGE: gear left Park (now D)
[2026-05-26 21:10:50.357] Husby was here, and we are ready to go
[2026-05-26 21:10:50.377] AUTO-DISENGAGE: gear left Park (now D)
[2026-05-26 21:10:50.377] Husby was here, and we are ready to go
[2026-05-26 21:10:50.397] AUTO-DISENGAGE: gear left Park (now D)
[2026-05-26 21:10:50.397] Husby was here, and we are ready to go
[2026-05-26 21:10:50.412] AUTO-DISENGAGE: gear left Park (now D)
[2026-05-26 21:10:50.412] Husby was here, and we are ready to go
[2026-05-26 21:10:50.417] AUTO-DISENGAGE: gear left Park (now D)
[2026-05-26 21:10:50.417] Husby was here, and we are ready to go
[2026-05-26 21:10:50.437] AUTO-DISENGAGE: gear left Park (now D)
[2026-05-26 21:10:50.437] Husby was here, and we are ready to go
[2026-05-26 21:10:50.457] AUTO-DISENGAGE: gear left Park (now D)
[2026-05-26 21:10:50.457] Husby was here, and we are ready to go
[2026-05-26 21:10:50.477] AUTO-DISENGAGE: gear left Park (now D)
[2026-05-26 21:10:50.478] Husby was here, and we are ready to go
[2026-05-26 21:10:50.497] AUTO-DISENGAGE: gear left Park (now D)
[2026-05-26 21:10:50.497] Husby was here, and we are ready to go
[2026-05-26 21:10:50.512] AUTO-DISENGAGE: gear left Park (now D)
[2026-05-26 21:10:50.512] Husby was here, and we are ready to go
[2026-05-26 21:10:50.516] AUTO-DISENGAGE: gear left Park (now D)
[2026-05-26 21:10:50.517] Husby was here, and we are ready to go
[2026-05-26 21:10:50.538] AUTO-DISENGAGE: gear left Park (now D)
[2026-05-26 21:10:50.538] Husby was here, and we are ready to go
[2026-05-26 21:10:50.558] AUTO-DISENGAGE: gear left Park (now D)
[2026-05-26 21:10:50.558] Husby was here, and we are ready to go
[2026-05-26 21:10:50.577] AUTO-DISENGAGE: gear left Park (now D)
[2026-05-26 21:10:50.578] Husby was here, and we are ready to go
[2026-05-26 21:10:50.597] AUTO-DISENGAGE: gear left Park (now D)
[2026-05-26 21:10:50.597] Husby was here, and we are ready to go
[2026-05-26 21:10:50.612] AUTO-DISENGAGE: gear left Park (now D)
[2026-05-26 21:10:50.613] Husby was here, and we are ready to go
[2026-05-26 21:10:50.617] AUTO-DISENGAGE: gear left Park (now D)
[2026-05-26 21:10:50.617] Husby was here, and we are ready to go
[2026-05-26 21:10:50.638] AUTO-DISENGAGE: gear left Park (now D)
[2026-05-26 21:10:50.638] Husby was here, and we are ready to go
[2026-05-26 21:10:50.658] AUTO-DISENGAGE: gear left Park (now D)
[2026-05-26 21:10:50.658] Husby was here, and we are ready to go
[2026-05-26 21:10:50.677] AUTO-DISENGAGE: gear left Park (now D)
[2026-05-26 21:10:50.677] Husby was here, and we are ready to go
[2026-05-26 21:10:50.698] AUTO-DISENGAGE: gear left Park (now D)
[2026-05-26 21:10:50.698] Husby was here, and we are ready to go
[2026-05-26 21:10:50.712] AUTO-DISENGAGE: gear left Park (now D)
[2026-05-26 21:10:50.712] Husby was here, and we are ready to go
[2026-05-26 21:10:50.717] AUTO-DISENGAGE: gear left Park (now D)
[2026-05-26 21:10:50.717] Husby was here, and we are ready to go
[2026-05-26 21:10:50.737] AUTO-DISENGAGE: gear left Park (now D)
[2026-05-26 21:10:50.738] Husby was here, and we are ready to go
[2026-05-26 21:10:50.757] AUTO-DISENGAGE: gear left Park (now D)
[2026-05-26 21:10:50.757] Husby was here, and we are ready to go
[2026-05-26 21:10:50.777] AUTO-DISENGAGE: gear left Park (now D)
[2026-05-26 21:10:50.777] Husby was here, and we are ready to go
[2026-05-26 21:10:50.797] AUTO-DISENGAGE: gear left Park (now D)
[2026-05-26 21:10:50.797] Husby was here, and we are ready to go
[2026-05-26 21:10:50.812] AUTO-DISENGAGE: gear left Park (now D)
[2026-05-26 21:10:50.812] Husby was here, and we are ready to go
[2026-05-26 21:10:50.816] AUTO-DISENGAGE: gear left Park (now D)
[2026-05-26 21:10:50.817] Husby was here, and we are ready to go
[2026-05-26 21:10:50.837] AUTO-DISENGAGE: gear left Park (now D)
[2026-05-26 21:10:50.837] Husby was here, and we are ready to go
[2026-05-26 21:10:50.858] AUTO-DISENGAGE: gear left Park (now D)
[2026-05-26 21:10:50.858] Husby was here, and we are ready to go
[2026-05-26 21:10:50.878] AUTO-DISENGAGE: gear left Park (now D)
[2026-05-26 21:10:50.878] Husby was here, and we are ready to go
[2026-05-26 21:10:50.897] AUTO-DISENGAGE: gear left Park (now D)
[2026-05-26 21:10:50.897] Husby was here, and we are ready to go
[2026-05-26 21:10:50.912] AUTO-DISENGAGE: gear left Park (now D)
[2026-05-26 21:10:50.912] Husby was here, and we are ready to go
[2026-05-26 21:10:50.917] AUTO-DISENGAGE: gear left Park (now D)
[2026-05-26 21:10:50.917] Husby was here, and we are ready to go
[2026-05-26 21:10:50.937] AUTO-DISENGAGE: gear left Park (now D)
[2026-05-26 21:10:50.937] Husby was here, and we are ready to go
[2026-05-26 21:10:50.957] AUTO-DISENGAGE: gear left Park (now D)
[2026-05-26 21:10:50.957] Husby was here, and we are ready to go
[2026-05-26 21:10:50.977] AUTO-DISENGAGE: gear left Park (now D)
[2026-05-26 21:10:50.977] Husby was here, and we are ready to go
[2026-05-26 21:10:50.997] AUTO-DISENGAGE: gear left Park (now D)
[2026-05-26 21:10:50.997] Husby was here, and we are ready to go
[2026-05-26 21:10:51.012] AUTO-DISENGAGE: gear left Park (now D)
[2026-05-26 21:10:51.012] Husby was here, and we are ready to go
[2026-05-26 21:10:51.016] AUTO-DISENGAGE: gear left Park (now D)
[2026-05-26 21:10:51.016] Husby was here, and we are ready to go
[2026-05-26 21:10:51.037] AUTO-DISENGAGE: gear left Park (now D)
[2026-05-26 21:10:51.037] Husby was here, and we are ready to go
[2026-05-26 21:10:51.057] AUTO-DISENGAGE: gear left Park (now D)
[2026-05-26 21:10:51.057] Husby was here, and we are ready to go
[2026-05-26 21:10:51.077] AUTO-DISENGAGE: gear left Park (now D)
[2026-05-26 21:10:51.078] Husby was here, and we are ready to go
[2026-05-26 21:10:51.097] AUTO-DISENGAGE: gear left Park (now D)
[2026-05-26 21:10:51.098] Husby was here, and we are ready to go
[2026-05-26 21:10:51.112] AUTO-DISENGAGE: gear left Park (now D)
[2026-05-26 21:10:51.112] Husby was here, and we are ready to go
[2026-05-26 21:10:51.116] AUTO-DISENGAGE: gear left Park (now D)
[2026-05-26 21:10:51.117] Husby was here, and we are ready to go
[2026-05-26 21:10:51.138] AUTO-DISENGAGE: gear left Park (now D)
[2026-05-26 21:10:51.138] Husby was here, and we are ready to go
[2026-05-26 21:10:51.157] AUTO-DISENGAGE: gear left Park (now D)
[2026-05-26 21:10:51.157] Husby was here, and we are ready to go
[2026-05-26 21:10:51.177] AUTO-DISENGAGE: gear left Park (now D)
[2026-05-26 21:10:51.177] Husby was here, and we are ready to go
[2026-05-26 21:10:51.197] AUTO-DISENGAGE: gear left Park (now D)
[2026-05-26 21:10:51.197] Husby was here, and we are ready to go
[2026-05-26 21:10:51.212] AUTO-DISENGAGE: gear left Park (now D)
[2026-05-26 21:10:51.212] Husby was here, and we are ready to go
[2026-05-26 21:10:51.216] AUTO-DISENGAGE: gear left Park (now D)
[2026-05-26 21:10:51.217] Husby was here, and we are ready to go
[2026-05-26 21:10:51.237] AUTO-DISENGAGE: gear left Park (now D)
[2026-05-26 21:10:51.237] Husby was here, and we are ready to go
[2026-05-26 21:10:51.257] AUTO-DISENGAGE: gear left Park (now D)
[2026-05-26 21:10:51.257] Husby was here, and we are ready to go
[2026-05-26 21:10:51.278] AUTO-DISENGAGE: gear left Park (now D)
[2026-05-26 21:10:51.278] Husby was here, and we are ready to go
[2026-05-26 21:10:51.298] AUTO-DISENGAGE: gear left Park (now D)
[2026-05-26 21:10:51.298] Husby was here, and we are ready to go
[2026-05-26 21:10:51.312] AUTO-DISENGAGE: gear left Park (now D)
[2026-05-26 21:10:51.312] Husby was here, and we are ready to go
[2026-05-26 21:10:51.317] AUTO-DISENGAGE: gear left Park (now D)
[2026-05-26 21:10:51.317] Husby was here, and we are ready to go
[2026-05-26 21:10:51.337] AUTO-DISENGAGE: gear left Park (now D)
[2026-05-26 21:10:51.338] Husby was here, and we are ready to go
[2026-05-26 21:10:51.357] AUTO-DISENGAGE: gear left Park (now D)
[2026-05-26 21:10:51.357] Husby was here, and we are ready to go
[2026-05-26 21:10:51.377] AUTO-DISENGAGE: gear left Park (now D)
[2026-05-26 21:10:51.377] Husby was here, and we are ready to go
[2026-05-26 21:10:51.397] AUTO-DISENGAGE: gear left Park (now D)
[2026-05-26 21:10:51.397] Husby was here, and we are ready to go
[2026-05-26 21:10:51.412] AUTO-DISENGAGE: gear left Park (now D)
[2026-05-26 21:10:51.412] Husby was here, and we are ready to go
[2026-05-26 21:10:51.417] AUTO-DISENGAGE: gear left Park (now D)
[2026-05-26 21:10:51.417] Husby was here, and we are ready to go
[2026-05-26 21:10:51.437] AUTO-DISENGAGE: gear left Park (now D)
[2026-05-26 21:10:51.437] Husby was here, and we are ready to go
[2026-05-26 21:10:51.457] AUTO-DISENGAGE: gear left Park (now D)
[2026-05-26 21:10:51.458] Husby was here, and we are ready to go
[2026-05-26 21:10:51.477] AUTO-DISENGAGE: gear left Park (now D)
[2026-05-26 21:10:51.477] Husby was here, and we are ready to go
[2026-05-26 21:10:51.497] AUTO-DISENGAGE: gear left Park (now D)
[2026-05-26 21:10:51.497] Husby was here, and we are ready to go
[2026-05-26 21:10:51.512] AUTO-DISENGAGE: gear left Park (now D)
[2026-05-26 21:10:51.512] Husby was here, and we are ready to go
[2026-05-26 21:10:51.516] AUTO-DISENGAGE: gear left Park (now D)
[2026-05-26 21:10:51.517] Husby was here, and we are ready to go
[2026-05-26 21:10:51.537] AUTO-DISENGAGE: gear left Park (now D)
[2026-05-26 21:10:51.537] Husby was here, and we are ready to go
[2026-05-26 21:10:51.557] AUTO-DISENGAGE: gear left Park (now D)
[2026-05-26 21:10:51.557] Husby was here, and we are ready to go
[2026-05-26 21:10:51.577] AUTO-DISENGAGE: gear left Park (now D)
[2026-05-26 21:10:51.577] Husby was here, and we are ready to go
[2026-05-26 21:10:51.597] AUTO-DISENGAGE: gear left Park (now D)
[2026-05-26 21:10:51.597] Husby was here, and we are ready to go
[2026-05-26 21:10:51.612] AUTO-DISENGAGE: gear left Park (now D)
[2026-05-26 21:10:51.613] Husby was here, and we are ready to go
[2026-05-26 21:10:51.617] AUTO-DISENGAGE: gear left Park (now D)
[2026-05-26 21:10:51.617] Husby was here, and we are ready to go
[2026-05-26 21:10:51.638] AUTO-DISENGAGE: gear left Park (now D)
[2026-05-26 21:10:51.638] Husby was here, and we are ready to go
[2026-05-26 21:10:51.658] AUTO-DISENGAGE: gear left Park (now D)
[2026-05-26 21:10:51.658] Husby was here, and we are ready to go
[2026-05-26 21:10:51.677] AUTO-DISENGAGE: gear left Park (now D)
[2026-05-26 21:10:51.677] Husby was here, and we are ready to go
[2026-05-26 21:10:51.697] AUTO-DISENGAGE: gear left Park (now D)
[2026-05-26 21:10:51.697] Husby was here, and we are ready to go
[2026-05-26 21:10:51.712] AUTO-DISENGAGE: gear left Park (now D)
[2026-05-26 21:10:51.712] Husby was here, and we are ready to go
[2026-05-26 21:10:51.717] AUTO-DISENGAGE: gear left Park (now D)
[2026-05-26 21:10:51.717] Husby was here, and we are ready to go
[2026-05-26 21:10:51.737] AUTO-DISENGAGE: gear left Park (now D)
[2026-05-26 21:10:51.737] Husby was here, and we are ready to go
[2026-05-26 21:10:51.757] AUTO-DISENGAGE: gear left Park (now D)
[2026-05-26 21:10:51.757] Husby was here, and we are ready to go
[2026-05-26 21:10:51.777] AUTO-DISENGAGE: gear left Park (now D)
[2026-05-26 21:10:51.777] Husby was here, and we are ready to go
[2026-05-26 21:10:51.797] AUTO-DISENGAGE: gear left Park (now D)
[2026-05-26 21:10:51.797] Husby was here, and we are ready to go
[2026-05-26 21:10:51.812] AUTO-DISENGAGE: gear left Park (now D)
[2026-05-26 21:10:51.812] Husby was here, and we are ready to go
[2026-05-26 21:10:51.816] AUTO-DISENGAGE: gear left Park (now D)
[2026-05-26 21:10:51.817] Husby was here, and we are ready to go
[2026-05-26 21:10:51.837] AUTO-DISENGAGE: gear left Park (now D)
[2026-05-26 21:10:51.837] Husby was here, and we are ready to go
[2026-05-26 21:10:51.857] AUTO-DISENGAGE: gear left Park (now D)
[2026-05-26 21:10:51.858] Husby was here, and we are ready to go
[2026-05-26 21:10:51.877] AUTO-DISENGAGE: gear left Park (now D)
[2026-05-26 21:10:51.877] Husby was here, and we are ready to go
[2026-05-26 21:10:51.897] AUTO-DISENGAGE: gear left Park (now D)
[2026-05-26 21:10:51.897] Husby was here, and we are ready to go
[2026-05-26 21:10:51.912] AUTO-DISENGAGE: gear left Park (now D)
[2026-05-26 21:10:51.912] Husby was here, and we are ready to go
[2026-05-26 21:10:51.917] AUTO-DISENGAGE: gear left Park (now D)
[2026-05-26 21:10:51.917] Husby was here, and we are ready to go
[2026-05-26 21:10:51.937] AUTO-DISENGAGE: gear left Park (now D)
[2026-05-26 21:10:51.937] Husby was here, and we are ready to go
[2026-05-26 21:10:51.957] AUTO-DISENGAGE: gear left Park (now D)
[2026-05-26 21:10:51.957] Husby was here, and we are ready to go
[2026-05-26 21:10:51.977] AUTO-DISENGAGE: gear left Park (now D)
[2026-05-26 21:10:51.977] Husby was here, and we are ready to go
[2026-05-26 21:10:51.997] AUTO-DISENGAGE: gear left Park (now D)
[2026-05-26 21:10:51.997] Husby was here, and we are ready to go
[2026-05-26 21:10:52.012] AUTO-DISENGAGE: gear left Park (now D)
[2026-05-26 21:10:52.012] Husby was here, and we are ready to go
[2026-05-26 21:10:52.017] AUTO-DISENGAGE: gear left Park (now D)
[2026-05-26 21:10:52.017] Husby was here, and we are ready to go
[2026-05-26 21:10:52.037] AUTO-DISENGAGE: gear left Park (now D)
[2026-05-26 21:10:52.037] Husby was here, and we are ready to go
[2026-05-26 21:10:52.057] AUTO-DISENGAGE: gear left Park (now D)
[2026-05-26 21:10:52.058] Husby was here, and we are ready to go
[2026-05-26 21:10:52.077] AUTO-DISENGAGE: gear left Park (now D)
[2026-05-26 21:10:52.077] Husby was here, and we are ready to go
[2026-05-26 21:10:52.097] AUTO-DISENGAGE: gear left Park (now D)
[2026-05-26 21:10:52.097] Husby was here, and we are ready to go
[2026-05-26 21:10:52.112] AUTO-DISENGAGE: gear left Park (now D)
[2026-05-26 21:10:52.112] Husby was here, and we are ready to go
[2026-05-26 21:10:52.116] AUTO-DISENGAGE: gear left Park (now D)
[2026-05-26 21:10:52.117] Husby was here, and we are ready to go
[2026-05-26 21:10:52.137] AUTO-DISENGAGE: gear left Park (now D)
[2026-05-26 21:10:52.137] Husby was here, and we are ready to go
[2026-05-26 21:10:52.157] AUTO-DISENGAGE: gear left Park (now D)
[2026-05-26 21:10:52.157] Husby was here, and we are ready to go
[2026-05-26 21:10:52.177] AUTO-DISENGAGE: gear left Park (now D)
[2026-05-26 21:10:52.177] Husby was here, and we are ready to go
[2026-05-26 21:10:52.197] AUTO-DISENGAGE: gear left Park (now D)
[2026-05-26 21:10:52.197] Husby was here, and we are ready to go
[2026-05-26 21:10:52.212] AUTO-DISENGAGE: gear left Park (now D)
[2026-05-26 21:10:52.212] Husby was here, and we are ready to go
[2026-05-26 21:10:52.217] AUTO-DISENGAGE: gear left Park (now D)
[2026-05-26 21:10:52.217] Husby was here, and we are ready to go
[2026-05-26 21:10:52.237] AUTO-DISENGAGE: gear left Park (now D)
[2026-05-26 21:10:52.237] Husby was here, and we are ready to go
[2026-05-26 21:10:52.257] AUTO-DISENGAGE: gear left Park (now D)
[2026-05-26 21:10:52.257] Husby was here, and we are ready to go
[2026-05-26 21:10:52.277] AUTO-DISENGAGE: gear left Park (now D)
[2026-05-26 21:10:52.277] Husby was here, and we are ready to go
[2026-05-26 21:10:52.297] AUTO-DISENGAGE: gear left Park (now D)
[2026-05-26 21:10:52.297] Husby was here, and we are ready to go
[2026-05-26 21:10:52.312] AUTO-DISENGAGE: gear left Park (now D)
[2026-05-26 21:10:52.312] Husby was here, and we are ready to go
[2026-05-26 21:10:52.317] AUTO-DISENGAGE: gear left Park (now D)
[2026-05-26 21:10:52.317] Husby was here, and we are ready to go
[2026-05-26 21:10:52.337] AUTO-DISENGAGE: gear left Park (now D)
[2026-05-26 21:10:52.337] Husby was here, and we are ready to go
[2026-05-26 21:10:52.357] AUTO-DISENGAGE: gear left Park (now D)
[2026-05-26 21:10:52.357] Husby was here, and we are ready to go
[2026-05-26 21:10:52.377] AUTO-DISENGAGE: gear left Park (now D)
[2026-05-26 21:10:52.377] Husby was here, and we are ready to go
[2026-05-26 21:10:52.397] AUTO-DISENGAGE: gear left Park (now D)
[2026-05-26 21:10:52.397] Husby was here, and we are ready to go
[2026-05-26 21:10:52.412] AUTO-DISENGAGE: gear left Park (now D)
[2026-05-26 21:10:52.412] Husby was here, and we are ready to go
[2026-05-26 21:10:52.417] AUTO-DISENGAGE: gear left Park (now D)
[2026-05-26 21:10:52.417] Husby was here, and we are ready to go
[2026-05-26 21:10:52.437] AUTO-DISENGAGE: gear left Park (now D)
[2026-05-26 21:10:52.437] Husby was here, and we are ready to go
[2026-05-26 21:10:52.457] AUTO-DISENGAGE: gear left Park (now D)
[2026-05-26 21:10:52.457] Husby was here, and we are ready to go
[2026-05-26 21:10:52.477] AUTO-DISENGAGE: gear left Park (now D)
[2026-05-26 21:10:52.477] Husby was here, and we are ready to go
[2026-05-26 21:10:52.497] AUTO-DISENGAGE: gear left Park (now D)
[2026-05-26 21:10:52.497] Husby was here, and we are ready to go
[2026-05-26 21:10:52.512] AUTO-DISENGAGE: gear left Park (now D)
[2026-05-26 21:10:52.512] Husby was here, and we are ready to go
[2026-05-26 21:10:52.517] AUTO-DISENGAGE: gear left Park (now D)
[2026-05-26 21:10:52.517] Husby was here, and we are ready to go
[2026-05-26 21:10:52.537] AUTO-DISENGAGE: gear left Park (now D)
[2026-05-26 21:10:52.537] Husby was here, and we are ready to go
[2026-05-26 21:10:52.557] AUTO-DISENGAGE: gear left Park (now D)
[2026-05-26 21:10:52.557] Husby was here, and we are ready to go
[2026-05-26 21:10:52.577] AUTO-DISENGAGE: gear left Park (now D)
[2026-05-26 21:10:52.577] Husby was here, and we are ready to go
[2026-05-26 21:10:52.597] AUTO-DISENGAGE: gear left Park (now D)
[2026-05-26 21:10:52.597] Husby was here, and we are ready to go
[2026-05-26 21:10:52.612] AUTO-DISENGAGE: gear left Park (now D)
[2026-05-26 21:10:52.612] Husby was here, and we are ready to go
[2026-05-26 21:10:52.617] AUTO-DISENGAGE: gear left Park (now D)
[2026-05-26 21:10:52.617] Husby was here, and we are ready to go
[2026-05-26 21:10:52.638] AUTO-DISENGAGE: gear left Park (now D)
[2026-05-26 21:10:52.638] Husby was here, and we are ready to go
[2026-05-26 21:10:52.658] AUTO-DISENGAGE: gear left Park (now D)
[2026-05-26 21:10:52.658] Husby was here, and we are ready to go
[2026-05-26 21:10:52.677] AUTO-DISENGAGE: gear left Park (now D)
[2026-05-26 21:10:52.677] Husby was here, and we are ready to go
[2026-05-26 21:10:52.697] AUTO-DISENGAGE: gear left Park (now D)
[2026-05-26 21:10:52.697] Husby was here, and we are ready to go
[2026-05-26 21:10:52.712] AUTO-DISENGAGE: gear left Park (now D)
[2026-05-26 21:10:52.712] Husby was here, and we are ready to go
[2026-05-26 21:10:52.717] AUTO-DISENGAGE: gear left Park (now D)
[2026-05-26 21:10:52.717] Husby was here, and we are ready to go
[2026-05-26 21:10:52.737] AUTO-DISENGAGE: gear left Park (now D)
[2026-05-26 21:10:52.737] Husby was here, and we are ready to go
[2026-05-26 21:10:52.757] AUTO-DISENGAGE: gear left Park (now D)
[2026-05-26 21:10:52.757] Husby was here, and we are ready to go
[2026-05-26 21:10:52.777] AUTO-DISENGAGE: gear left Park (now D)
[2026-05-26 21:10:52.777] Husby was here, and we are ready to go
[2026-05-26 21:10:52.797] AUTO-DISENGAGE: gear left Park (now D)
[2026-05-26 21:10:52.797] Husby was here, and we are ready to go
[2026-05-26 21:10:52.812] AUTO-DISENGAGE: gear left Park (now D)
[2026-05-26 21:10:52.812] Husby was here, and we are ready to go
[2026-05-26 21:10:52.817] AUTO-DISENGAGE: gear left Park (now D)
[2026-05-26 21:10:52.817] Husby was here, and we are ready to go
[2026-05-26 21:10:52.837] AUTO-DISENGAGE: gear left Park (now D)
[2026-05-26 21:10:52.837] Husby was here, and we are ready to go
[2026-05-26 21:10:52.857] AUTO-DISENGAGE: gear left Park (now D)
[2026-05-26 21:10:52.858] Husby was here, and we are ready to go
[2026-05-26 21:10:52.877] AUTO-DISENGAGE: gear left Park (now D)
[2026-05-26 21:10:52.877] Husby was here, and we are ready to go
[2026-05-26 21:10:52.897] AUTO-DISENGAGE: gear left Park (now D)
[2026-05-26 21:10:52.897] Husby was here, and we are ready to go
[2026-05-26 21:10:52.912] AUTO-DISENGAGE: gear left Park (now D)
[2026-05-26 21:10:52.912] Husby was here, and we are ready to go
[2026-05-26 21:10:52.917] AUTO-DISENGAGE: gear left Park (now D)
[2026-05-26 21:10:52.917] Husby was here, and we are ready to go
[2026-05-26 21:10:52.937] AUTO-DISENGAGE: gear left Park (now D)
[2026-05-26 21:10:52.937] Husby was here, and we are ready to go
[2026-05-26 21:10:52.957] AUTO-DISENGAGE: gear left Park (now D)
[2026-05-26 21:10:52.957] Husby was here, and we are ready to go
[2026-05-26 21:10:52.977] AUTO-DISENGAGE: gear left Park (now D)
[2026-05-26 21:10:52.977] Husby was here, and we are ready to go
[2026-05-26 21:10:52.997] AUTO-DISENGAGE: gear left Park (now D)
[2026-05-26 21:10:52.997] Husby was here, and we are ready to go
[2026-05-26 21:10:53.012] AUTO-DISENGAGE: gear left Park (now D)
[2026-05-26 21:10:53.012] Husby was here, and we are ready to go
[2026-05-26 21:10:53.017] AUTO-DISENGAGE: gear left Park (now D)
[2026-05-26 21:10:53.017] Husby was here, and we are ready to go
[2026-05-26 21:10:53.037] AUTO-DISENGAGE: gear left Park (now D)
[2026-05-26 21:10:53.037] Husby was here, and we are ready to go
[2026-05-26 21:10:53.058] AUTO-DISENGAGE: gear left Park (now D)
[2026-05-26 21:10:53.058] Husby was here, and we are ready to go
[2026-05-26 21:10:53.077] AUTO-DISENGAGE: gear left Park (now D)
[2026-05-26 21:10:53.078] Husby was here, and we are ready to go
[2026-05-26 21:10:53.097] AUTO-DISENGAGE: gear left Park (now D)
[2026-05-26 21:10:53.097] Husby was here, and we are ready to go
[2026-05-26 21:10:53.112] AUTO-DISENGAGE: gear left Park (now D)
[2026-05-26 21:10:53.112] Husby was here, and we are ready to go
[2026-05-26 21:10:53.117] AUTO-DISENGAGE: gear left Park (now D)
[2026-05-26 21:10:53.117] Husby was here, and we are ready to go
[2026-05-26 21:10:53.138] AUTO-DISENGAGE: gear left Park (now D)
[2026-05-26 21:10:53.138] Husby was here, and we are ready to go
[2026-05-26 21:10:53.158] AUTO-DISENGAGE: gear left Park (now D)
[2026-05-26 21:10:53.158] Husby was here, and we are ready to go
[2026-05-26 21:10:53.177] AUTO-DISENGAGE: gear left Park (now D)
[2026-05-26 21:10:53.177] Husby was here, and we are ready to go
[2026-05-26 21:10:53.197] AUTO-DISENGAGE: gear left Park (now D)
[2026-05-26 21:10:53.197] Husby was here, and we are ready to go
[2026-05-26 21:10:53.212] AUTO-DISENGAGE: gear left Park (now D)
[2026-05-26 21:10:53.212] Husby was here, and we are ready to go
[2026-05-26 21:10:53.217] AUTO-DISENGAGE: gear left Park (now D)
[2026-05-26 21:10:53.217] Husby was here, and we are ready to go
[2026-05-26 21:10:53.238] AUTO-DISENGAGE: gear left Park (now D)
[2026-05-26 21:10:53.238] Husby was here, and we are ready to go
[2026-05-26 21:10:53.258] AUTO-DISENGAGE: gear left Park (now D)
[2026-05-26 21:10:53.258] Husby was here, and we are ready to go
[2026-05-26 21:10:53.277] AUTO-DISENGAGE: gear left Park (now D)
[2026-05-26 21:10:53.278] Husby was here, and we are ready to go
[2026-05-26 21:10:53.298] AUTO-DISENGAGE: gear left Park (now D)
[2026-05-26 21:10:53.298] Husby was here, and we are ready to go
[2026-05-26 21:10:53.312] AUTO-DISENGAGE: gear left Park (now D)
[2026-05-26 21:10:53.312] Husby was here, and we are ready to go
[2026-05-26 21:10:53.317] AUTO-DISENGAGE: gear left Park (now D)
[2026-05-26 21:10:53.317] Husby was here, and we are ready to go
[2026-05-26 21:10:53.338] AUTO-DISENGAGE: gear left Park (now D)
[2026-05-26 21:10:53.338] Husby was here, and we are ready to go
[2026-05-26 21:10:53.357] AUTO-DISENGAGE: gear left Park (now D)
[2026-05-26 21:10:53.357] Husby was here, and we are ready to go
[2026-05-26 21:10:53.378] AUTO-DISENGAGE: gear left Park (now D)
[2026-05-26 21:10:53.378] Husby was here, and we are ready to go
[2026-05-26 21:10:53.397] AUTO-DISENGAGE: gear left Park (now D)
[2026-05-26 21:10:53.397] Husby was here, and we are ready to go
[2026-05-26 21:10:53.412] AUTO-DISENGAGE: gear left Park (now D)
[2026-05-26 21:10:53.412] Husby was here, and we are ready to go
[2026-05-26 21:10:53.417] AUTO-DISENGAGE: gear left Park (now D)
[2026-05-26 21:10:53.418] Husby was here, and we are ready to go
[2026-05-26 21:10:53.437] AUTO-DISENGAGE: gear left Park (now D)
[2026-05-26 21:10:53.437] Husby was here, and we are ready to go
[2026-05-26 21:10:53.457] AUTO-DISENGAGE: gear left Park (now D)
[2026-05-26 21:10:53.457] Husby was here, and we are ready to go
[2026-05-26 21:10:53.477] AUTO-DISENGAGE: gear left Park (now D)
[2026-05-26 21:10:53.478] Husby was here, and we are ready to go
[2026-05-26 21:10:53.498] AUTO-DISENGAGE: gear left Park (now D)
[2026-05-26 21:10:53.498] Husby was here, and we are ready to go
[2026-05-26 21:10:53.513] AUTO-DISENGAGE: gear left Park (now D)
[2026-05-26 21:10:53.513] Husby was here, and we are ready to go
[2026-05-26 21:10:53.517] AUTO-DISENGAGE: gear left Park (now D)
[2026-05-26 21:10:53.517] Husby was here, and we are ready to go
[2026-05-26 21:10:53.538] AUTO-DISENGAGE: gear left Park (now D)
[2026-05-26 21:10:53.538] Husby was here, and we are ready to go
[2026-05-26 21:10:53.557] AUTO-DISENGAGE: gear left Park (now D)
[2026-05-26 21:10:53.557] Husby was here, and we are ready to go
[2026-05-26 21:10:53.578] AUTO-DISENGAGE: gear left Park (now D)
[2026-05-26 21:10:53.578] Husby was here, and we are ready to go
[2026-05-26 21:10:53.597] AUTO-DISENGAGE: gear left Park (now D)
[2026-05-26 21:10:53.597] Husby was here, and we are ready to go
[2026-05-26 21:10:53.613] AUTO-DISENGAGE: gear left Park (now D)
[2026-05-26 21:10:53.613] Husby was here, and we are ready to go
[2026-05-26 21:10:53.617] AUTO-DISENGAGE: gear left Park (now D)
[2026-05-26 21:10:53.617] Husby was here, and we are ready to go
[2026-05-26 21:10:53.638] AUTO-DISENGAGE: gear left Park (now D)
[2026-05-26 21:10:53.638] Husby was here, and we are ready to go
[2026-05-26 21:10:53.658] AUTO-DISENGAGE: gear left Park (now D)
[2026-05-26 21:10:53.658] Husby was here, and we are ready to go
[2026-05-26 21:10:53.678] AUTO-DISENGAGE: gear left Park (now D)
[2026-05-26 21:10:53.678] Husby was here, and we are ready to go
[2026-05-26 21:10:53.698] AUTO-DISENGAGE: gear left Park (now D)
[2026-05-26 21:10:53.698] Husby was here, and we are ready to go
[2026-05-26 21:10:53.712] AUTO-DISENGAGE: gear left Park (now D)
[2026-05-26 21:10:53.712] Husby was here, and we are ready to go
[2026-05-26 21:10:53.718] AUTO-DISENGAGE: gear left Park (now D)
[2026-05-26 21:10:53.718] Husby was here, and we are ready to go
[2026-05-26 21:10:53.738] AUTO-DISENGAGE: gear left Park (now D)
[2026-05-26 21:10:53.738] Husby was here, and we are ready to go
[2026-05-26 21:10:53.758] AUTO-DISENGAGE: gear left Park (now D)
[2026-05-26 21:10:53.758] Husby was here, and we are ready to go
[2026-05-26 21:10:53.777] AUTO-DISENGAGE: gear left Park (now D)
[2026-05-26 21:10:53.777] Husby was here, and we are ready to go
[2026-05-26 21:10:53.797] AUTO-DISENGAGE: gear left Park (now D)
[2026-05-26 21:10:53.797] Husby was here, and we are ready to go
[2026-05-26 21:10:53.812] AUTO-DISENGAGE: gear left Park (now D)
[2026-05-26 21:10:53.813] Husby was here, and we are ready to go
[2026-05-26 21:10:53.817] AUTO-DISENGAGE: gear left Park (now D)
[2026-05-26 21:10:53.817] Husby was here, and we are ready to go
[2026-05-26 21:10:53.838] AUTO-DISENGAGE: gear left Park (now D)
[2026-05-26 21:10:53.838] Husby was here, and we are ready to go
[2026-05-26 21:10:53.858] AUTO-DISENGAGE: gear left Park (now D)
[2026-05-26 21:10:53.858] Husby was here, and we are ready to go
[2026-05-26 21:10:53.878] AUTO-DISENGAGE: gear left Park (now D)
[2026-05-26 21:10:53.878] Husby was here, and we are ready to go
[2026-05-26 21:10:53.898] AUTO-DISENGAGE: gear left Park (now D)
[2026-05-26 21:10:53.898] Husby was here, and we are ready to go
[2026-05-26 21:10:53.912] AUTO-DISENGAGE: gear left Park (now D)
[2026-05-26 21:10:53.912] Husby was here, and we are ready to go
[2026-05-26 21:10:53.917] AUTO-DISENGAGE: gear left Park (now D)
[2026-05-26 21:10:53.918] Husby was here, and we are ready to go
[2026-05-26 21:10:53.938] AUTO-DISENGAGE: gear left Park (now D)
[2026-05-26 21:10:53.938] Husby was here, and we are ready to go
[2026-05-26 21:10:53.958] AUTO-DISENGAGE: gear left Park (now D)
[2026-05-26 21:10:53.958] Husby was here, and we are ready to go
[2026-05-26 21:10:53.978] AUTO-DISENGAGE: gear left Park (now D)
[2026-05-26 21:10:53.978] Husby was here, and we are ready to go
[2026-05-26 21:10:53.997] AUTO-DISENGAGE: gear left Park (now D)
[2026-05-26 21:10:53.997] Husby was here, and we are ready to go
[2026-05-26 21:10:54.012] AUTO-DISENGAGE: gear left Park (now D)
[2026-05-26 21:10:54.012] Husby was here, and we are ready to go
[2026-05-26 21:10:54.018] AUTO-DISENGAGE: gear left Park (now D)
[2026-05-26 21:10:54.018] Husby was here, and we are ready to go
[2026-05-26 21:10:54.037] AUTO-DISENGAGE: gear left Park (now D)
[2026-05-26 21:10:54.038] Husby was here, and we are ready to go
[2026-05-26 21:10:54.058] AUTO-DISENGAGE: gear left Park (now D)
[2026-05-26 21:10:54.058] Husby was here, and we are ready to go
[2026-05-26 21:10:54.077] AUTO-DISENGAGE: gear left Park (now D)
[2026-05-26 21:10:54.078] Husby was here, and we are ready to go
[2026-05-26 21:10:54.098] AUTO-DISENGAGE: gear left Park (now D)
[2026-05-26 21:10:54.098] Husby was here, and we are ready to go
[2026-05-26 21:10:54.112] AUTO-DISENGAGE: gear left Park (now D)
[2026-05-26 21:10:54.112] Husby was here, and we are ready to go
[2026-05-26 21:10:54.117] AUTO-DISENGAGE: gear left Park (now D)
[2026-05-26 21:10:54.118] Husby was here, and we are ready to go
[2026-05-26 21:10:54.138] AUTO-DISENGAGE: gear left Park (now D)
[2026-05-26 21:10:54.138] Husby was here, and we are ready to go
[2026-05-26 21:10:54.158] AUTO-DISENGAGE: gear left Park (now D)
[2026-05-26 21:10:54.158] Husby was here, and we are ready to go
[2026-05-26 21:10:54.178] AUTO-DISENGAGE: gear left Park (now D)
[2026-05-26 21:10:54.178] Husby was here, and we are ready to go
[2026-05-26 21:10:54.198] AUTO-DISENGAGE: gear left Park (now D)
[2026-05-26 21:10:54.198] Husby was here, and we are ready to go
[2026-05-26 21:10:54.212] AUTO-DISENGAGE: gear left Park (now D)
[2026-05-26 21:10:54.212] Husby was here, and we are ready to go
[2026-05-26 21:10:54.217] AUTO-DISENGAGE: gear left Park (now D)
[2026-05-26 21:10:54.217] Husby was here, and we are ready to go
[2026-05-26 21:10:54.238] AUTO-DISENGAGE: gear left Park (now D)
[2026-05-26 21:10:54.238] Husby was here, and we are ready to go
[2026-05-26 21:10:54.258] AUTO-DISENGAGE: gear left Park (now D)
[2026-05-26 21:10:54.258] Husby was here, and we are ready to go
[2026-05-26 21:10:54.278] AUTO-DISENGAGE: gear left Park (now D)
[2026-05-26 21:10:54.278] Husby was here, and we are ready to go
[2026-05-26 21:10:54.297] AUTO-DISENGAGE: gear left Park (now D)
[2026-05-26 21:10:54.298] Husby was here, and we are ready to go
[2026-05-26 21:10:54.312] AUTO-DISENGAGE: gear left Park (now D)
[2026-05-26 21:10:54.312] Husby was here, and we are ready to go
[2026-05-26 21:10:54.317] AUTO-DISENGAGE: gear left Park (now D)
[2026-05-26 21:10:54.317] Husby was here, and we are ready to go
[2026-05-26 21:10:54.338] AUTO-DISENGAGE: gear left Park (now D)
[2026-05-26 21:10:54.338] Husby was here, and we are ready to go
[2026-05-26 21:10:54.358] AUTO-DISENGAGE: gear left Park (now D)
[2026-05-26 21:10:54.358] Husby was here, and we are ready to go
[2026-05-26 21:10:54.378] AUTO-DISENGAGE: gear left Park (now D)
[2026-05-26 21:10:54.379] Husby was here, and we are ready to go
[2026-05-26 21:10:54.398] AUTO-DISENGAGE: gear left Park (now D)
[2026-05-26 21:10:54.398] Husby was here, and we are ready to go
[2026-05-26 21:10:54.412] AUTO-DISENGAGE: gear left Park (now D)
[2026-05-26 21:10:54.412] Husby was here, and we are ready to go
[2026-05-26 21:10:54.418] AUTO-DISENGAGE: gear left Park (now D)
[2026-05-26 21:10:54.418] Husby was here, and we are ready to go
[2026-05-26 21:10:54.438] AUTO-DISENGAGE: gear left Park (now D)
[2026-05-26 21:10:54.438] Husby was here, and we are ready to go
[2026-05-26 21:10:54.458] AUTO-DISENGAGE: gear left Park (now D)
[2026-05-26 21:10:54.458] Husby was here, and we are ready to go
[2026-05-26 21:10:54.478] AUTO-DISENGAGE: gear left Park (now D)
[2026-05-26 21:10:54.478] Husby was here, and we are ready to go
[2026-05-26 21:10:54.498] AUTO-DISENGAGE: gear left Park (now D)
[2026-05-26 21:10:54.498] Husby was here, and we are ready to go
[2026-05-26 21:10:54.512] AUTO-DISENGAGE: gear left Park (now D)
[2026-05-26 21:10:54.512] Husby was here, and we are ready to go
[2026-05-26 21:10:54.518] AUTO-DISENGAGE: gear left Park (now D)
[2026-05-26 21:10:54.518] Husby was here, and we are ready to go
[2026-05-26 21:10:54.538] AUTO-DISENGAGE: gear left Park (now D)
[2026-05-26 21:10:54.538] Husby was here, and we are ready to go
[2026-05-26 21:10:54.558] AUTO-DISENGAGE: gear left Park (now D)
[2026-05-26 21:10:54.558] Husby was here, and we are ready to go
[2026-05-26 21:10:54.578] AUTO-DISENGAGE: gear left Park (now D)
[2026-05-26 21:10:54.578] Husby was here, and we are ready to go
[2026-05-26 21:10:54.597] AUTO-DISENGAGE: gear left Park (now D)
[2026-05-26 21:10:54.598] Husby was here, and we are ready to go
[2026-05-26 21:10:54.613] AUTO-DISENGAGE: gear left Park (now D)
[2026-05-26 21:10:54.613] Husby was here, and we are ready to go
[2026-05-26 21:10:54.617] AUTO-DISENGAGE: gear left Park (now D)
[2026-05-26 21:10:54.617] Husby was here, and we are ready to go
[2026-05-26 21:10:54.639] AUTO-DISENGAGE: gear left Park (now D)
[2026-05-26 21:10:54.639] Husby was here, and we are ready to go
[2026-05-26 21:10:54.658] AUTO-DISENGAGE: gear left Park (now D)
[2026-05-26 21:10:54.658] Husby was here, and we are ready to go
[2026-05-26 21:10:54.678] AUTO-DISENGAGE: gear left Park (now D)
[2026-05-26 21:10:54.678] Husby was here, and we are ready to go
[2026-05-26 21:10:54.698] AUTO-DISENGAGE: gear left Park (now D)
[2026-05-26 21:10:54.699] Husby was here, and we are ready to go
[2026-05-26 21:10:54.712] AUTO-DISENGAGE: gear left Park (now D)
[2026-05-26 21:10:54.712] Husby was here, and we are ready to go
[2026-05-26 21:10:54.717] AUTO-DISENGAGE: gear left Park (now D)
[2026-05-26 21:10:54.717] Husby was here, and we are ready to go
[2026-05-26 21:10:54.738] AUTO-DISENGAGE: gear left Park (now D)
[2026-05-26 21:10:54.739] Husby was here, and we are ready to go
[2026-05-26 21:10:54.758] AUTO-DISENGAGE: gear left Park (now D)
[2026-05-26 21:10:54.758] Husby was here, and we are ready to go
[2026-05-26 21:10:54.778] AUTO-DISENGAGE: gear left Park (now D)
[2026-05-26 21:10:54.778] Husby was here, and we are ready to go
[2026-05-26 21:10:54.797] AUTO-DISENGAGE: gear left Park (now D)
[2026-05-26 21:10:54.797] Husby was here, and we are ready to go
[2026-05-26 21:10:54.812] AUTO-DISENGAGE: gear left Park (now D)
[2026-05-26 21:10:54.812] Husby was here, and we are ready to go
[2026-05-26 21:10:54.818] AUTO-DISENGAGE: gear left Park (now D)
[2026-05-26 21:10:54.818] Husby was here, and we are ready to go
[2026-05-26 21:10:54.838] AUTO-DISENGAGE: gear left Park (now D)
[2026-05-26 21:10:54.838] Husby was here, and we are ready to go
[2026-05-26 21:10:54.858] AUTO-DISENGAGE: gear left Park (now D)
[2026-05-26 21:10:54.858] Husby was here, and we are ready to go
[2026-05-26 21:10:54.878] AUTO-DISENGAGE: gear left Park (now D)
[2026-05-26 21:10:54.878] Husby was here, and we are ready to go
[2026-05-26 21:10:54.898] AUTO-DISENGAGE: gear left Park (now D)
[2026-05-26 21:10:54.898] Husby was here, and we are ready to go
[2026-05-26 21:10:54.912] AUTO-DISENGAGE: gear left Park (now D)
[2026-05-26 21:10:54.912] Husby was here, and we are ready to go
[2026-05-26 21:10:54.917] AUTO-DISENGAGE: gear left Park (now D)
[2026-05-26 21:10:54.917] Husby was here, and we are ready to go
[2026-05-26 21:10:54.940] AUTO-DISENGAGE: gear left Park (now D)
[2026-05-26 21:10:54.940] Husby was here, and we are ready to go
[2026-05-26 21:10:54.958] AUTO-DISENGAGE: gear left Park (now D)
[2026-05-26 21:10:54.958] Husby was here, and we are ready to go
[2026-05-26 21:10:54.979] AUTO-DISENGAGE: gear left Park (now D)
[2026-05-26 21:10:54.979] Husby was here, and we are ready to go
[2026-05-26 21:10:54.998] AUTO-DISENGAGE: gear left Park (now D)
[2026-05-26 21:10:54.998] Husby was here, and we are ready to go
[2026-05-26 21:10:55.012] AUTO-DISENGAGE: gear left Park (now D)
[2026-05-26 21:10:55.012] Husby was here, and we are ready to go
[2026-05-26 21:10:55.017] AUTO-DISENGAGE: gear left Park (now D)
[2026-05-26 21:10:55.017] Husby was here, and we are ready to go
[2026-05-26 21:10:55.039] AUTO-DISENGAGE: gear left Park (now D)
[2026-05-26 21:10:55.039] Husby was here, and we are ready to go
[2026-05-26 21:10:55.058] AUTO-DISENGAGE: gear left Park (now D)
[2026-05-26 21:10:55.058] Husby was here, and we are ready to go
[2026-05-26 21:10:55.078] AUTO-DISENGAGE: gear left Park (now D)
[2026-05-26 21:10:55.078] Husby was here, and we are ready to go
[2026-05-26 21:10:55.097] AUTO-DISENGAGE: gear left Park (now D)
[2026-05-26 21:10:55.098] Husby was here, and we are ready to go
[2026-05-26 21:10:55.112] AUTO-DISENGAGE: gear left Park (now D)
[2026-05-26 21:10:55.112] Husby was here, and we are ready to go
[2026-05-26 21:10:55.117] AUTO-DISENGAGE: gear left Park (now D)
[2026-05-26 21:10:55.117] Husby was here, and we are ready to go
[2026-05-26 21:10:55.138] AUTO-DISENGAGE: gear left Park (now D)
[2026-05-26 21:10:55.138] Husby was here, and we are ready to go
[2026-05-26 21:10:55.158] AUTO-DISENGAGE: gear left Park (now D)
[2026-05-26 21:10:55.158] Husby was here, and we are ready to go
[2026-05-26 21:10:55.178] AUTO-DISENGAGE: gear left Park (now D)
[2026-05-26 21:10:55.178] Husby was here, and we are ready to go
[2026-05-26 21:10:55.197] AUTO-DISENGAGE: gear left Park (now D)
[2026-05-26 21:10:55.197] Husby was here, and we are ready to go
[2026-05-26 21:10:55.212] AUTO-DISENGAGE: gear left Park (now D)
[2026-05-26 21:10:55.212] Husby was here, and we are ready to go
[2026-05-26 21:10:55.218] AUTO-DISENGAGE: gear left Park (now D)
[2026-05-26 21:10:55.218] Husby was here, and we are ready to go
[2026-05-26 21:10:55.238] AUTO-DISENGAGE: gear left Park (now D)
[2026-05-26 21:10:55.238] Husby was here, and we are ready to go
[2026-05-26 21:10:55.258] AUTO-DISENGAGE: gear left Park (now D)
[2026-05-26 21:10:55.258] Husby was here, and we are ready to go
[2026-05-26 21:10:55.278] AUTO-DISENGAGE: gear left Park (now D)
[2026-05-26 21:10:55.278] Husby was here, and we are ready to go
[2026-05-26 21:10:55.298] AUTO-DISENGAGE: gear left Park (now D)
[2026-05-26 21:10:55.299] Husby was here, and we are ready to go
[2026-05-26 21:10:55.312] AUTO-DISENGAGE: gear left Park (now D)
[2026-05-26 21:10:55.312] Husby was here, and we are ready to go
[2026-05-26 21:10:55.317] AUTO-DISENGAGE: gear left Park (now D)
[2026-05-26 21:10:55.317] Husby was here, and we are ready to go
[2026-05-26 21:10:55.338] AUTO-DISENGAGE: gear left Park (now D)
[2026-05-26 21:10:55.338] Husby was here, and we are ready to go
[2026-05-26 21:10:55.357] AUTO-DISENGAGE: gear left Park (now D)
[2026-05-26 21:10:55.357] Husby was here, and we are ready to go
[2026-05-26 21:10:55.378] AUTO-DISENGAGE: gear left Park (now D)
[2026-05-26 21:10:55.378] Husby was here, and we are ready to go
[2026-05-26 21:10:55.397] AUTO-DISENGAGE: gear left Park (now D)
[2026-05-26 21:10:55.398] Husby was here, and we are ready to go
[2026-05-26 21:10:55.412] AUTO-DISENGAGE: gear left Park (now D)
[2026-05-26 21:10:55.412] Husby was here, and we are ready to go
[2026-05-26 21:10:55.417] AUTO-DISENGAGE: gear left Park (now D)
[2026-05-26 21:10:55.417] Husby was here, and we are ready to go
[2026-05-26 21:10:55.438] AUTO-DISENGAGE: gear left Park (now D)
[2026-05-26 21:10:55.438] Husby was here, and we are ready to go
[2026-05-26 21:10:55.458] AUTO-DISENGAGE: gear left Park (now D)
[2026-05-26 21:10:55.458] Husby was here, and we are ready to go
[2026-05-26 21:10:55.478] AUTO-DISENGAGE: gear left Park (now D)
[2026-05-26 21:10:55.478] Husby was here, and we are ready to go
[2026-05-26 21:10:55.497] AUTO-DISENGAGE: gear left Park (now D)
[2026-05-26 21:10:55.497] Husby was here, and we are ready to go
[2026-05-26 21:10:55.512] AUTO-DISENGAGE: gear left Park (now D)
[2026-05-26 21:10:55.512] Husby was here, and we are ready to go
[2026-05-26 21:10:55.517] AUTO-DISENGAGE: gear left Park (now D)
[2026-05-26 21:10:55.517] Husby was here, and we are ready to go
[2026-05-26 21:10:55.538] AUTO-DISENGAGE: gear left Park (now D)
[2026-05-26 21:10:55.538] Husby was here, and we are ready to go
[2026-05-26 21:10:55.557] AUTO-DISENGAGE: gear left Park (now D)
[2026-05-26 21:10:55.558] Husby was here, and we are ready to go
[2026-05-26 21:10:55.578] AUTO-DISENGAGE: gear left Park (now D)
[2026-05-26 21:10:55.578] Husby was here, and we are ready to go
[2026-05-26 21:10:55.597] AUTO-DISENGAGE: gear left Park (now D)
[2026-05-26 21:10:55.598] Husby was here, and we are ready to go
[2026-05-26 21:10:55.612] AUTO-DISENGAGE: gear left Park (now D)
[2026-05-26 21:10:55.612] Husby was here, and we are ready to go
[2026-05-26 21:10:55.618] AUTO-DISENGAGE: gear left Park (now D)
[2026-05-26 21:10:55.618] Husby was here, and we are ready to go
[2026-05-26 21:10:55.638] AUTO-DISENGAGE: gear left Park (now D)
[2026-05-26 21:10:55.638] Husby was here, and we are ready to go
[2026-05-26 21:10:55.658] AUTO-DISENGAGE: gear left Park (now D)
[2026-05-26 21:10:55.658] Husby was here, and we are ready to go
[2026-05-26 21:10:55.678] AUTO-DISENGAGE: gear left Park (now D)
[2026-05-26 21:10:55.678] Husby was here, and we are ready to go
[2026-05-26 21:10:55.698] AUTO-DISENGAGE: gear left Park (now D)
[2026-05-26 21:10:55.698] Husby was here, and we are ready to go
[2026-05-26 21:10:55.712] AUTO-DISENGAGE: gear left Park (now D)
[2026-05-26 21:10:55.712] Husby was here, and we are ready to go
[2026-05-26 21:10:55.717] AUTO-DISENGAGE: gear left Park (now D)
[2026-05-26 21:10:55.717] Husby was here, and we are ready to go
[2026-05-26 21:10:55.738] AUTO-DISENGAGE: gear left Park (now D)
[2026-05-26 21:10:55.738] Husby was here, and we are ready to go
[2026-05-26 21:10:55.757] AUTO-DISENGAGE: gear left Park (now D)
[2026-05-26 21:10:55.758] Husby was here, and we are ready to go
[2026-05-26 21:10:55.778] AUTO-DISENGAGE: gear left Park (now D)
[2026-05-26 21:10:55.778] Husby was here, and we are ready to go
[2026-05-26 21:10:55.797] AUTO-DISENGAGE: gear left Park (now D)
[2026-05-26 21:10:55.797] Husby was here, and we are ready to go
[2026-05-26 21:10:55.812] AUTO-DISENGAGE: gear left Park (now D)
[2026-05-26 21:10:55.812] Husby was here, and we are ready to go
[2026-05-26 21:10:55.817] AUTO-DISENGAGE: gear left Park (now D)
[2026-05-26 21:10:55.817] Husby was here, and we are ready to go
[2026-05-26 21:10:55.838] AUTO-DISENGAGE: gear left Park (now D)
[2026-05-26 21:10:55.838] Husby was here, and we are ready to go
[2026-05-26 21:10:55.858] AUTO-DISENGAGE: gear left Park (now D)
[2026-05-26 21:10:55.858] Husby was here, and we are ready to go
[2026-05-26 21:10:55.878] AUTO-DISENGAGE: gear left Park (now D)
[2026-05-26 21:10:55.878] Husby was here, and we are ready to go
[2026-05-26 21:10:55.898] AUTO-DISENGAGE: gear left Park (now D)
[2026-05-26 21:10:55.898] Husby was here, and we are ready to go
[2026-05-26 21:10:55.912] AUTO-DISENGAGE: gear left Park (now D)
[2026-05-26 21:10:55.912] Husby was here, and we are ready to go
[2026-05-26 21:10:55.917] AUTO-DISENGAGE: gear left Park (now D)
[2026-05-26 21:10:55.917] Husby was here, and we are ready to go
[2026-05-26 21:10:55.937] AUTO-DISENGAGE: gear left Park (now D)
[2026-05-26 21:10:55.938] Husby was here, and we are ready to go
[2026-05-26 21:10:55.957] AUTO-DISENGAGE: gear left Park (now D)
[2026-05-26 21:10:55.958] Husby was here, and we are ready to go
[2026-05-26 21:10:55.978] AUTO-DISENGAGE: gear left Park (now D)
[2026-05-26 21:10:55.978] Husby was here, and we are ready to go
[2026-05-26 21:10:55.997] AUTO-DISENGAGE: gear left Park (now D)
[2026-05-26 21:10:55.997] Husby was here, and we are ready to go
[2026-05-26 21:10:56.012] AUTO-DISENGAGE: gear left Park (now D)
[2026-05-26 21:10:56.012] Husby was here, and we are ready to go
[2026-05-26 21:10:56.017] AUTO-DISENGAGE: gear left Park (now D)
[2026-05-26 21:10:56.017] Husby was here, and we are ready to go
[2026-05-26 21:10:56.038] AUTO-DISENGAGE: gear left Park (now D)
[2026-05-26 21:10:56.038] Husby was here, and we are ready to go
[2026-05-26 21:10:56.058] AUTO-DISENGAGE: gear left Park (now D)
[2026-05-26 21:10:56.058] Husby was here, and we are ready to go
[2026-05-26 21:10:56.078] AUTO-DISENGAGE: gear left Park (now D)
[2026-05-26 21:10:56.078] Husby was here, and we are ready to go
[2026-05-26 21:10:56.098] AUTO-DISENGAGE: gear left Park (now D)
[2026-05-26 21:10:56.098] Husby was here, and we are ready to go
[2026-05-26 21:10:56.112] AUTO-DISENGAGE: gear left Park (now D)
[2026-05-26 21:10:56.112] Husby was here, and we are ready to go
[2026-05-26 21:10:56.117] AUTO-DISENGAGE: gear left Park (now D)
[2026-05-26 21:10:56.117] Husby was here, and we are ready to go
[2026-05-26 21:10:56.138] AUTO-DISENGAGE: gear left Park (now D)
[2026-05-26 21:10:56.138] Husby was here, and we are ready to go
[2026-05-26 21:10:56.158] AUTO-DISENGAGE: gear left Park (now D)
[2026-05-26 21:10:56.158] Husby was here, and we are ready to go
[2026-05-26 21:10:56.178] AUTO-DISENGAGE: gear left Park (now D)
[2026-05-26 21:10:56.178] Husby was here, and we are ready to go
[2026-05-26 21:10:56.197] AUTO-DISENGAGE: gear left Park (now D)
[2026-05-26 21:10:56.197] Husby was here, and we are ready to go
[2026-05-26 21:10:56.212] AUTO-DISENGAGE: gear left Park (now D)
[2026-05-26 21:10:56.212] Husby was here, and we are ready to go
[2026-05-26 21:10:56.217] AUTO-DISENGAGE: gear left Park (now D)
[2026-05-26 21:10:56.217] Husby was here, and we are ready to go
[2026-05-26 21:10:56.238] AUTO-DISENGAGE: gear left Park (now D)
[2026-05-26 21:10:56.238] Husby was here, and we are ready to go
[2026-05-26 21:10:56.258] AUTO-DISENGAGE: gear left Park (now D)
[2026-05-26 21:10:56.258] Husby was here, and we are ready to go
[2026-05-26 21:10:56.278] AUTO-DISENGAGE: gear left Park (now D)
[2026-05-26 21:10:56.278] Husby was here, and we are ready to go
[2026-05-26 21:10:56.297] AUTO-DISENGAGE: gear left Park (now D)
[2026-05-26 21:10:56.297] Husby was here, and we are ready to go
[2026-05-26 21:10:56.313] AUTO-DISENGAGE: gear left Park (now D)
[2026-05-26 21:10:56.313] Husby was here, and we are ready to go
[2026-05-26 21:10:56.317] AUTO-DISENGAGE: gear left Park (now D)
[2026-05-26 21:10:56.317] Husby was here, and we are ready to go
[2026-05-26 21:10:56.338] AUTO-DISENGAGE: gear left Park (now D)
[2026-05-26 21:10:56.338] Husby was here, and we are ready to go
[2026-05-26 21:10:56.357] AUTO-DISENGAGE: gear left Park (now D)
[2026-05-26 21:10:56.357] Husby was here, and we are ready to go
[2026-05-26 21:10:56.378] AUTO-DISENGAGE: gear left Park (now D)
[2026-05-26 21:10:56.378] Husby was here, and we are ready to go
[2026-05-26 21:10:56.397] AUTO-DISENGAGE: gear left Park (now D)
[2026-05-26 21:10:56.398] Husby was here, and we are ready to go
[2026-05-26 21:10:56.412] AUTO-DISENGAGE: gear left Park (now D)
[2026-05-26 21:10:56.412] Husby was here, and we are ready to go
[2026-05-26 21:10:56.417] AUTO-DISENGAGE: gear left Park (now D)
[2026-05-26 21:10:56.417] Husby was here, and we are ready to go
[2026-05-26 21:10:56.438] AUTO-DISENGAGE: gear left Park (now D)
[2026-05-26 21:10:56.438] Husby was here, and we are ready to go
[2026-05-26 21:10:56.458] AUTO-DISENGAGE: gear left Park (now D)
[2026-05-26 21:10:56.458] Husby was here, and we are ready to go
[2026-05-26 21:10:56.478] AUTO-DISENGAGE: gear left Park (now D)
[2026-05-26 21:10:56.478] Husby was here, and we are ready to go
[2026-05-26 21:10:56.498] AUTO-DISENGAGE: gear left Park (now D)
[2026-05-26 21:10:56.498] Husby was here, and we are ready to go
[2026-05-26 21:10:56.512] AUTO-DISENGAGE: gear left Park (now D)
[2026-05-26 21:10:56.512] Husby was here, and we are ready to go
[2026-05-26 21:10:56.517] AUTO-DISENGAGE: gear left Park (now D)
[2026-05-26 21:10:56.517] Husby was here, and we are ready to go
[2026-05-26 21:10:56.538] AUTO-DISENGAGE: gear left Park (now D)
[2026-05-26 21:10:56.538] Husby was here, and we are ready to go
[2026-05-26 21:10:56.558] AUTO-DISENGAGE: gear left Park (now D)
[2026-05-26 21:10:56.558] Husby was here, and we are ready to go
[2026-05-26 21:10:56.578] AUTO-DISENGAGE: gear left Park (now D)
[2026-05-26 21:10:56.578] Husby was here, and we are ready to go
[2026-05-26 21:10:56.598] AUTO-DISENGAGE: gear left Park (now D)
[2026-05-26 21:10:56.598] Husby was here, and we are ready to go
[2026-05-26 21:10:56.612] AUTO-DISENGAGE: gear left Park (now D)
[2026-05-26 21:10:56.612] Husby was here, and we are ready to go
[2026-05-26 21:10:56.618] AUTO-DISENGAGE: gear left Park (now D)
[2026-05-26 21:10:56.618] Husby was here, and we are ready to go
[2026-05-26 21:10:56.638] AUTO-DISENGAGE: gear left Park (now D)
[2026-05-26 21:10:56.638] Husby was here, and we are ready to go
[2026-05-26 21:10:56.658] AUTO-DISENGAGE: gear left Park (now D)
[2026-05-26 21:10:56.658] Husby was here, and we are ready to go
[2026-05-26 21:10:56.678] AUTO-DISENGAGE: gear left Park (now D)
[2026-05-26 21:10:56.678] Husby was here, and we are ready to go
[2026-05-26 21:10:56.698] AUTO-DISENGAGE: gear left Park (now D)
[2026-05-26 21:10:56.698] Husby was here, and we are ready to go
[2026-05-26 21:10:56.712] AUTO-DISENGAGE: gear left Park (now D)
[2026-05-26 21:10:56.712] Husby was here, and we are ready to go
[2026-05-26 21:10:56.717] AUTO-DISENGAGE: gear left Park (now D)
[2026-05-26 21:10:56.717] Husby was here, and we are ready to go
[2026-05-26 21:10:56.738] AUTO-DISENGAGE: gear left Park (now D)
[2026-05-26 21:10:56.738] Husby was here, and we are ready to go
[2026-05-26 21:10:56.758] AUTO-DISENGAGE: gear left Park (now D)
[2026-05-26 21:10:56.758] Husby was here, and we are ready to go
[2026-05-26 21:10:56.778] AUTO-DISENGAGE: gear left Park (now D)
[2026-05-26 21:10:56.778] Husby was here, and we are ready to go
[2026-05-26 21:10:56.798] AUTO-DISENGAGE: gear left Park (now D)
[2026-05-26 21:10:56.798] Husby was here, and we are ready to go
[2026-05-26 21:10:56.812] AUTO-DISENGAGE: gear left Park (now D)
[2026-05-26 21:10:56.812] Husby was here, and we are ready to go
[2026-05-26 21:10:56.817] AUTO-DISENGAGE: gear left Park (now D)
[2026-05-26 21:10:56.817] Husby was here, and we are ready to go
[2026-05-26 21:10:56.838] AUTO-DISENGAGE: gear left Park (now D)
[2026-05-26 21:10:56.838] Husby was here, and we are ready to go
[2026-05-26 21:10:56.858] AUTO-DISENGAGE: gear left Park (now D)
[2026-05-26 21:10:56.858] Husby was here, and we are ready to go
[2026-05-26 21:10:56.878] AUTO-DISENGAGE: gear left Park (now D)
[2026-05-26 21:10:56.878] Husby was here, and we are ready to go
[2026-05-26 21:10:56.898] AUTO-DISENGAGE: gear left Park (now D)
[2026-05-26 21:10:56.898] Husby was here, and we are ready to go
[2026-05-26 21:10:56.912] AUTO-DISENGAGE: gear left Park (now D)
[2026-05-26 21:10:56.912] Husby was here, and we are ready to go
[2026-05-26 21:10:56.917] AUTO-DISENGAGE: gear left Park (now D)
[2026-05-26 21:10:56.918] Husby was here, and we are ready to go
[2026-05-26 21:10:56.938] AUTO-DISENGAGE: gear left Park (now D)
[2026-05-26 21:10:56.938] Husby was here, and we are ready to go
[2026-05-26 21:10:56.957] AUTO-DISENGAGE: gear left Park (now D)
[2026-05-26 21:10:56.958] Husby was here, and we are ready to go
[2026-05-26 21:10:56.978] AUTO-DISENGAGE: gear left Park (now D)
[2026-05-26 21:10:56.978] Husby was here, and we are ready to go
[2026-05-26 21:10:56.998] AUTO-DISENGAGE: gear left Park (now D)
[2026-05-26 21:10:56.998] Husby was here, and we are ready to go
[2026-05-26 21:10:57.012] AUTO-DISENGAGE: gear left Park (now D)
[2026-05-26 21:10:57.012] Husby was here, and we are ready to go
[2026-05-26 21:10:57.017] AUTO-DISENGAGE: gear left Park (now D)
[2026-05-26 21:10:57.017] Husby was here, and we are ready to go
[2026-05-26 21:10:57.038] AUTO-DISENGAGE: gear left Park (now D)
[2026-05-26 21:10:57.039] Husby was here, and we are ready to go
[2026-05-26 21:10:57.058] AUTO-DISENGAGE: gear left Park (now D)
[2026-05-26 21:10:57.058] Husby was here, and we are ready to go
[2026-05-26 21:10:57.078] AUTO-DISENGAGE: gear left Park (now D)
[2026-05-26 21:10:57.078] Husby was here, and we are ready to go
[2026-05-26 21:10:57.098] AUTO-DISENGAGE: gear left Park (now D)
[2026-05-26 21:10:57.098] Husby was here, and we are ready to go
[2026-05-26 21:10:57.112] AUTO-DISENGAGE: gear left Park (now D)
[2026-05-26 21:10:57.112] Husby was here, and we are ready to go
[2026-05-26 21:10:57.117] AUTO-DISENGAGE: gear left Park (now D)
[2026-05-26 21:10:57.117] Husby was here, and we are ready to go
[2026-05-26 21:10:57.138] AUTO-DISENGAGE: gear left Park (now D)
[2026-05-26 21:10:57.138] Husby was here, and we are ready to go
[2026-05-26 21:10:57.158] AUTO-DISENGAGE: gear left Park (now D)
[2026-05-26 21:10:57.158] Husby was here, and we are ready to go
[2026-05-26 21:10:57.180] AUTO-DISENGAGE: gear left Park (now D)
[2026-05-26 21:10:57.180] Husby was here, and we are ready to go
[2026-05-26 21:10:57.198] AUTO-DISENGAGE: gear left Park (now D)
[2026-05-26 21:10:57.198] Husby was here, and we are ready to go
[2026-05-26 21:10:57.212] AUTO-DISENGAGE: gear left Park (now D)
[2026-05-26 21:10:57.213] Husby was here, and we are ready to go
[2026-05-26 21:10:57.217] AUTO-DISENGAGE: gear left Park (now D)
[2026-05-26 21:10:57.217] Husby was here, and we are ready to go
[2026-05-26 21:10:57.238] AUTO-DISENGAGE: gear left Park (now D)
[2026-05-26 21:10:57.238] Husby was here, and we are ready to go
[2026-05-26 21:10:57.258] AUTO-DISENGAGE: gear left Park (now D)
[2026-05-26 21:10:57.258] Husby was here, and we are ready to go
[2026-05-26 21:10:57.278] AUTO-DISENGAGE: gear left Park (now D)
[2026-05-26 21:10:57.278] Husby was here, and we are ready to go
[2026-05-26 21:10:57.298] AUTO-DISENGAGE: gear left Park (now D)
[2026-05-26 21:10:57.298] Husby was here, and we are ready to go
[2026-05-26 21:10:57.312] AUTO-DISENGAGE: gear left Park (now D)
[2026-05-26 21:10:57.312] Husby was here, and we are ready to go
[2026-05-26 21:10:57.318] AUTO-DISENGAGE: gear left Park (now D)
[2026-05-26 21:10:57.318] Husby was here, and we are ready to go
[2026-05-26 21:10:57.338] AUTO-DISENGAGE: gear left Park (now D)
[2026-05-26 21:10:57.338] Husby was here, and we are ready to go
[2026-05-26 21:10:57.358] AUTO-DISENGAGE: gear left Park (now D)
[2026-05-26 21:10:57.358] Husby was here, and we are ready to go
[2026-05-26 21:10:57.378] AUTO-DISENGAGE: gear left Park (now D)
[2026-05-26 21:10:57.378] Husby was here, and we are ready to go
[2026-05-26 21:10:57.398] AUTO-DISENGAGE: gear left Park (now D)
[2026-05-26 21:10:57.398] Husby was here, and we are ready to go
[2026-05-26 21:10:57.412] AUTO-DISENGAGE: gear left Park (now D)
[2026-05-26 21:10:57.412] Husby was here, and we are ready to go
[2026-05-26 21:10:57.417] AUTO-DISENGAGE: gear left Park (now D)
[2026-05-26 21:10:57.417] Husby was here, and we are ready to go
[2026-05-26 21:10:57.438] AUTO-DISENGAGE: gear left Park (now D)
[2026-05-26 21:10:57.438] Husby was here, and we are ready to go
[2026-05-26 21:10:57.458] AUTO-DISENGAGE: gear left Park (now D)
[2026-05-26 21:10:57.458] Husby was here, and we are ready to go
[2026-05-26 21:10:57.479] AUTO-DISENGAGE: gear left Park (now D)
[2026-05-26 21:10:57.479] Husby was here, and we are ready to go
[2026-05-26 21:10:57.497] AUTO-DISENGAGE: gear left Park (now D)
[2026-05-26 21:10:57.498] Husby was here, and we are ready to go
[2026-05-26 21:10:57.512] AUTO-DISENGAGE: gear left Park (now D)
[2026-05-26 21:10:57.512] Husby was here, and we are ready to go
[2026-05-26 21:10:57.517] AUTO-DISENGAGE: gear left Park (now D)
[2026-05-26 21:10:57.517] Husby was here, and we are ready to go
[2026-05-26 21:10:57.538] AUTO-DISENGAGE: gear left Park (now D)
[2026-05-26 21:10:57.538] Husby was here, and we are ready to go
[2026-05-26 21:10:57.558] AUTO-DISENGAGE: gear left Park (now D)
[2026-05-26 21:10:57.558] Husby was here, and we are ready to go
[2026-05-26 21:10:57.578] AUTO-DISENGAGE: gear left Park (now D)
[2026-05-26 21:10:57.578] Husby was here, and we are ready to go
[2026-05-26 21:10:57.598] AUTO-DISENGAGE: gear left Park (now D)
[2026-05-26 21:10:57.598] Husby was here, and we are ready to go
[2026-05-26 21:10:57.612] AUTO-DISENGAGE: gear left Park (now D)
[2026-05-26 21:10:57.612] Husby was here, and we are ready to go
[2026-05-26 21:10:57.617] AUTO-DISENGAGE: gear left Park (now D)
[2026-05-26 21:10:57.617] Husby was here, and we are ready to go
[2026-05-26 21:10:57.638] AUTO-DISENGAGE: gear left Park (now D)
[2026-05-26 21:10:57.638] Husby was here, and we are ready to go
[2026-05-26 21:10:57.658] AUTO-DISENGAGE: gear left Park (now D)
[2026-05-26 21:10:57.658] Husby was here, and we are ready to go
[2026-05-26 21:10:57.678] AUTO-DISENGAGE: gear left Park (now D)
[2026-05-26 21:10:57.678] Husby was here, and we are ready to go
[2026-05-26 21:10:57.699] AUTO-DISENGAGE: gear left Park (now D)
[2026-05-26 21:10:57.699] Husby was here, and we are ready to go
[2026-05-26 21:10:57.712] AUTO-DISENGAGE: gear left Park (now D)
[2026-05-26 21:10:57.712] Husby was here, and we are ready to go
[2026-05-26 21:10:57.717] AUTO-DISENGAGE: gear left Park (now D)
[2026-05-26 21:10:57.717] Husby was here, and we are ready to go
[2026-05-26 21:10:57.738] AUTO-DISENGAGE: gear left Park (now D)
[2026-05-26 21:10:57.738] Husby was here, and we are ready to go
[2026-05-26 21:10:57.758] AUTO-DISENGAGE: gear left Park (now D)
[2026-05-26 21:10:57.758] Husby was here, and we are ready to go
[2026-05-26 21:10:57.778] AUTO-DISENGAGE: gear left Park (now D)
[2026-05-26 21:10:57.778] Husby was here, and we are ready to go
[2026-05-26 21:10:57.798] AUTO-DISENGAGE: gear left Park (now D)
[2026-05-26 21:10:57.798] Husby was here, and we are ready to go
[2026-05-26 21:10:57.812] AUTO-DISENGAGE: gear left Park (now D)
[2026-05-26 21:10:57.812] Husby was here, and we are ready to go
[2026-05-26 21:10:57.818] AUTO-DISENGAGE: gear left Park (now D)
[2026-05-26 21:10:57.818] Husby was here, and we are ready to go
[2026-05-26 21:10:57.838] AUTO-DISENGAGE: gear left Park (now D)
[2026-05-26 21:10:57.838] Husby was here, and we are ready to go
[2026-05-26 21:10:57.858] AUTO-DISENGAGE: gear left Park (now D)
[2026-05-26 21:10:57.858] Husby was here, and we are ready to go
[2026-05-26 21:10:57.878] AUTO-DISENGAGE: gear left Park (now D)
[2026-05-26 21:10:57.878] Husby was here, and we are ready to go
[2026-05-26 21:10:57.898] AUTO-DISENGAGE: gear left Park (now D)
[2026-05-26 21:10:57.898] Husby was here, and we are ready to go
[2026-05-26 21:10:57.912] AUTO-DISENGAGE: gear left Park (now D)
[2026-05-26 21:10:57.912] Husby was here, and we are ready to go
[2026-05-26 21:10:57.918] AUTO-DISENGAGE: gear left Park (now D)
[2026-05-26 21:10:57.918] Husby was here, and we are ready to go
[2026-05-26 21:10:57.938] AUTO-DISENGAGE: gear left Park (now D)
[2026-05-26 21:10:57.938] Husby was here, and we are ready to go
[2026-05-26 21:10:57.958] AUTO-DISENGAGE: gear left Park (now D)
[2026-05-26 21:10:57.958] Husby was here, and we are ready to go
[2026-05-26 21:10:57.978] AUTO-DISENGAGE: gear left Park (now D)
[2026-05-26 21:10:57.978] Husby was here, and we are ready to go
[2026-05-26 21:10:57.998] AUTO-DISENGAGE: gear left Park (now D)
[2026-05-26 21:10:57.998] Husby was here, and we are ready to go
[2026-05-26 21:10:58.012] AUTO-DISENGAGE: gear left Park (now D)
[2026-05-26 21:10:58.012] Husby was here, and we are ready to go
[2026-05-26 21:10:58.017] AUTO-DISENGAGE: gear left Park (now D)
[2026-05-26 21:10:58.017] Husby was here, and we are ready to go
[2026-05-26 21:10:58.038] AUTO-DISENGAGE: gear left Park (now D)
[2026-05-26 21:10:58.038] Husby was here, and we are ready to go
[2026-05-26 21:10:58.058] AUTO-DISENGAGE: gear left Park (now D)
[2026-05-26 21:10:58.058] Husby was here, and we are ready to go
[2026-05-26 21:10:58.078] AUTO-DISENGAGE: gear left Park (now D)
[2026-05-26 21:10:58.078] Husby was here, and we are ready to go
[2026-05-26 21:10:58.098] AUTO-DISENGAGE: gear left Park (now D)
[2026-05-26 21:10:58.098] Husby was here, and we are ready to go
[2026-05-26 21:10:58.112] AUTO-DISENGAGE: gear left Park (now D)
[2026-05-26 21:10:58.112] Husby was here, and we are ready to go
[2026-05-26 21:10:58.117] AUTO-DISENGAGE: gear left Park (now D)
[2026-05-26 21:10:58.118] Husby was here, and we are ready to go
[2026-05-26 21:10:58.138] AUTO-DISENGAGE: gear left Park (now D)
[2026-05-26 21:10:58.138] Husby was here, and we are ready to go
[2026-05-26 21:10:58.158] AUTO-DISENGAGE: gear left Park (now D)
[2026-05-26 21:10:58.158] Husby was here, and we are ready to go
[2026-05-26 21:10:58.178] AUTO-DISENGAGE: gear left Park (now D)
[2026-05-26 21:10:58.178] Husby was here, and we are ready to go
[2026-05-26 21:10:58.198] AUTO-DISENGAGE: gear left Park (now D)
[2026-05-26 21:10:58.198] Husby was here, and we are ready to go
[2026-05-26 21:10:58.212] AUTO-DISENGAGE: gear left Park (now D)
[2026-05-26 21:10:58.213] Husby was here, and we are ready to go
[2026-05-26 21:10:58.217] AUTO-DISENGAGE: gear left Park (now D)
[2026-05-26 21:10:58.218] Husby was here, and we are ready to go
[2026-05-26 21:10:58.238] AUTO-DISENGAGE: gear left Park (now D)
[2026-05-26 21:10:58.238] Husby was here, and we are ready to go
[2026-05-26 21:10:58.258] AUTO-DISENGAGE: gear left Park (now D)
[2026-05-26 21:10:58.258] Husby was here, and we are ready to go
[2026-05-26 21:10:58.278] AUTO-DISENGAGE: gear left Park (now D)
[2026-05-26 21:10:58.278] Husby was here, and we are ready to go
[2026-05-26 21:10:58.298] AUTO-DISENGAGE: gear left Park (now D)
[2026-05-26 21:10:58.298] Husby was here, and we are ready to go
[2026-05-26 21:10:58.312] AUTO-DISENGAGE: gear left Park (now D)
[2026-05-26 21:10:58.312] Husby was here, and we are ready to go
[2026-05-26 21:10:58.317] AUTO-DISENGAGE: gear left Park (now D)
[2026-05-26 21:10:58.317] Husby was here, and we are ready to go
[2026-05-26 21:10:58.338] AUTO-DISENGAGE: gear left Park (now D)
[2026-05-26 21:10:58.338] Husby was here, and we are ready to go
[2026-05-26 21:10:58.358] AUTO-DISENGAGE: gear left Park (now D)
[2026-05-26 21:10:58.358] Husby was here, and we are ready to go
[2026-05-26 21:10:58.378] AUTO-DISENGAGE: gear left Park (now D)
[2026-05-26 21:10:58.379] Husby was here, and we are ready to go
[2026-05-26 21:10:58.398] AUTO-DISENGAGE: gear left Park (now D)
[2026-05-26 21:10:58.398] Husby was here, and we are ready to go
[2026-05-26 21:10:58.412] AUTO-DISENGAGE: gear left Park (now D)
[2026-05-26 21:10:58.413] Husby was here, and we are ready to go
[2026-05-26 21:10:58.417] AUTO-DISENGAGE: gear left Park (now D)
[2026-05-26 21:10:58.418] Husby was here, and we are ready to go
[2026-05-26 21:10:58.438] AUTO-DISENGAGE: gear left Park (now D)
[2026-05-26 21:10:58.438] Husby was here, and we are ready to go
[2026-05-26 21:10:58.458] AUTO-DISENGAGE: gear left Park (now D)
[2026-05-26 21:10:58.458] Husby was here, and we are ready to go
[2026-05-26 21:10:58.478] AUTO-DISENGAGE: gear left Park (now D)
[2026-05-26 21:10:58.478] Husby was here, and we are ready to go
[2026-05-26 21:10:58.498] AUTO-DISENGAGE: gear left Park (now D)
[2026-05-26 21:10:58.498] Husby was here, and we are ready to go
[2026-05-26 21:10:58.512] AUTO-DISENGAGE: gear left Park (now D)
[2026-05-26 21:10:58.512] Husby was here, and we are ready to go
[2026-05-26 21:10:58.517] AUTO-DISENGAGE: gear left Park (now D)
[2026-05-26 21:10:58.518] Husby was here, and we are ready to go
[2026-05-26 21:10:58.538] AUTO-DISENGAGE: gear left Park (now D)
[2026-05-26 21:10:58.538] Husby was here, and we are ready to go
[2026-05-26 21:10:58.558] AUTO-DISENGAGE: gear left Park (now D)
[2026-05-26 21:10:58.558] Husby was here, and we are ready to go
[2026-05-26 21:10:58.578] AUTO-DISENGAGE: gear left Park (now D)
[2026-05-26 21:10:58.578] Husby was here, and we are ready to go
[2026-05-26 21:10:58.598] AUTO-DISENGAGE: gear left Park (now D)
[2026-05-26 21:10:58.598] Husby was here, and we are ready to go
[2026-05-26 21:10:58.612] AUTO-DISENGAGE: gear left Park (now D)
[2026-05-26 21:10:58.612] Husby was here, and we are ready to go
[2026-05-26 21:10:58.617] AUTO-DISENGAGE: gear left Park (now D)
[2026-05-26 21:10:58.617] Husby was here, and we are ready to go
[2026-05-26 21:10:58.639] AUTO-DISENGAGE: gear left Park (now D)
[2026-05-26 21:10:58.639] Husby was here, and we are ready to go
[2026-05-26 21:10:58.658] AUTO-DISENGAGE: gear left Park (now D)
[2026-05-26 21:10:58.658] Husby was here, and we are ready to go
[2026-05-26 21:10:58.678] AUTO-DISENGAGE: gear left Park (now D)
[2026-05-26 21:10:58.678] Husby was here, and we are ready to go
[2026-05-26 21:10:58.698] AUTO-DISENGAGE: gear left Park (now D)
[2026-05-26 21:10:58.699] Husby was here, and we are ready to go
[2026-05-26 21:10:58.712] AUTO-DISENGAGE: gear left Park (now D)
[2026-05-26 21:10:58.712] Husby was here, and we are ready to go
[2026-05-26 21:10:58.717] AUTO-DISENGAGE: gear left Park (now D)
[2026-05-26 21:10:58.717] Husby was here, and we are ready to go
[2026-05-26 21:10:58.738] AUTO-DISENGAGE: gear left Park (now D)
[2026-05-26 21:10:58.738] Husby was here, and we are ready to go
[2026-05-26 21:10:58.758] AUTO-DISENGAGE: gear left Park (now D)
[2026-05-26 21:10:58.758] Husby was here, and we are ready to go
[2026-05-26 21:10:58.778] AUTO-DISENGAGE: gear left Park (now D)
[2026-05-26 21:10:58.778] Husby was here, and we are ready to go
[2026-05-26 21:10:58.798] AUTO-DISENGAGE: gear left Park (now D)
[2026-05-26 21:10:58.798] Husby was here, and we are ready to go
[2026-05-26 21:10:58.812] AUTO-DISENGAGE: gear left Park (now D)
[2026-05-26 21:10:58.812] Husby was here, and we are ready to go
[2026-05-26 21:10:58.818] AUTO-DISENGAGE: gear left Park (now D)
[2026-05-26 21:10:58.818] Husby was here, and we are ready to go
[2026-05-26 21:10:58.838] AUTO-DISENGAGE: gear left Park (now D)
[2026-05-26 21:10:58.838] Husby was here, and we are ready to go
[2026-05-26 21:10:58.858] AUTO-DISENGAGE: gear left Park (now D)
[2026-05-26 21:10:58.858] Husby was here, and we are ready to go
[2026-05-26 21:10:58.878] AUTO-DISENGAGE: gear left Park (now D)
[2026-05-26 21:10:58.878] Husby was here, and we are ready to go
[2026-05-26 21:10:58.898] AUTO-DISENGAGE: gear left Park (now D)
[2026-05-26 21:10:58.898] Husby was here, and we are ready to go
[2026-05-26 21:10:58.912] AUTO-DISENGAGE: gear left Park (now D)
[2026-05-26 21:10:58.912] Husby was here, and we are ready to go
[2026-05-26 21:10:58.917] AUTO-DISENGAGE: gear left Park (now D)
[2026-05-26 21:10:58.918] Husby was here, and we are ready to go
[2026-05-26 21:10:58.938] AUTO-DISENGAGE: gear left Park (now D)
[2026-05-26 21:10:58.938] Husby was here, and we are ready to go
[2026-05-26 21:10:58.958] AUTO-DISENGAGE: gear left Park (now D)
[2026-05-26 21:10:58.958] Husby was here, and we are ready to go
[2026-05-26 21:10:58.978] AUTO-DISENGAGE: gear left Park (now D)
[2026-05-26 21:10:58.978] Husby was here, and we are ready to go
[2026-05-26 21:10:58.998] AUTO-DISENGAGE: gear left Park (now D)
[2026-05-26 21:10:58.998] Husby was here, and we are ready to go
[2026-05-26 21:10:59.012] AUTO-DISENGAGE: gear left Park (now D)
[2026-05-26 21:10:59.012] Husby was here, and we are ready to go
[2026-05-26 21:10:59.017] AUTO-DISENGAGE: gear left Park (now D)
[2026-05-26 21:10:59.017] Husby was here, and we are ready to go
[2026-05-26 21:10:59.038] AUTO-DISENGAGE: gear left Park (now D)
[2026-05-26 21:10:59.038] Husby was here, and we are ready to go
[2026-05-26 21:10:59.058] AUTO-DISENGAGE: gear left Park (now D)
[2026-05-26 21:10:59.058] Husby was here, and we are ready to go
[2026-05-26 21:10:59.078] AUTO-DISENGAGE: gear left Park (now D)
[2026-05-26 21:10:59.078] Husby was here, and we are ready to go
[2026-05-26 21:10:59.098] AUTO-DISENGAGE: gear left Park (now D)
[2026-05-26 21:10:59.098] Husby was here, and we are ready to go
[2026-05-26 21:10:59.112] AUTO-DISENGAGE: gear left Park (now D)
[2026-05-26 21:10:59.113] Husby was here, and we are ready to go
[2026-05-26 21:10:59.118] AUTO-DISENGAGE: gear left Park (now D)
[2026-05-26 21:10:59.118] Husby was here, and we are ready to go
[2026-05-26 21:10:59.138] AUTO-DISENGAGE: gear left Park (now D)
[2026-05-26 21:10:59.138] Husby was here, and we are ready to go
[2026-05-26 21:10:59.158] AUTO-DISENGAGE: gear left Park (now D)
[2026-05-26 21:10:59.158] Husby was here, and we are ready to go
[2026-05-26 21:10:59.178] AUTO-DISENGAGE: gear left Park (now D)
[2026-05-26 21:10:59.178] Husby was here, and we are ready to go
[2026-05-26 21:10:59.198] AUTO-DISENGAGE: gear left Park (now D)
[2026-05-26 21:10:59.198] Husby was here, and we are ready to go
[2026-05-26 21:10:59.212] AUTO-DISENGAGE: gear left Park (now D)
[2026-05-26 21:10:59.212] Husby was here, and we are ready to go
[2026-05-26 21:10:59.218] AUTO-DISENGAGE: gear left Park (now D)
[2026-05-26 21:10:59.218] Husby was here, and we are ready to go
[2026-05-26 21:10:59.238] AUTO-DISENGAGE: gear left Park (now D)
[2026-05-26 21:10:59.238] Husby was here, and we are ready to go
[2026-05-26 21:10:59.258] AUTO-DISENGAGE: gear left Park (now D)
[2026-05-26 21:10:59.258] Husby was here, and we are ready to go
[2026-05-26 21:10:59.278] AUTO-DISENGAGE: gear left Park (now D)
[2026-05-26 21:10:59.278] Husby was here, and we are ready to go
[2026-05-26 21:10:59.298] AUTO-DISENGAGE: gear left Park (now D)
[2026-05-26 21:10:59.298] Husby was here, and we are ready to go
[2026-05-26 21:10:59.312] AUTO-DISENGAGE: gear left Park (now D)
[2026-05-26 21:10:59.312] Husby was here, and we are ready to go
[2026-05-26 21:10:59.318] AUTO-DISENGAGE: gear left Park (now D)
[2026-05-26 21:10:59.318] Husby was here, and we are ready to go
[2026-05-26 21:10:59.338] AUTO-DISENGAGE: gear left Park (now D)
[2026-05-26 21:10:59.338] Husby was here, and we are ready to go
[2026-05-26 21:10:59.358] AUTO-DISENGAGE: gear left Park (now D)
[2026-05-26 21:10:59.358] Husby was here, and we are ready to go
[2026-05-26 21:10:59.378] AUTO-DISENGAGE: gear left Park (now D)
[2026-05-26 21:10:59.379] Husby was here, and we are ready to go
[2026-05-26 21:10:59.400] AUTO-DISENGAGE: gear left Park (now D)
[2026-05-26 21:10:59.400] Husby was here, and we are ready to go
[2026-05-26 21:10:59.412] AUTO-DISENGAGE: gear left Park (now D)
[2026-05-26 21:10:59.412] Husby was here, and we are ready to go
[2026-05-26 21:10:59.418] AUTO-DISENGAGE: gear left Park (now D)
[2026-05-26 21:10:59.418] Husby was here, and we are ready to go
[2026-05-26 21:10:59.438] AUTO-DISENGAGE: gear left Park (now D)
[2026-05-26 21:10:59.439] Husby was here, and we are ready to go
[2026-05-26 21:10:59.458] AUTO-DISENGAGE: gear left Park (now D)
[2026-05-26 21:10:59.458] Husby was here, and we are ready to go
[2026-05-26 21:10:59.478] AUTO-DISENGAGE: gear left Park (now D)
[2026-05-26 21:10:59.478] Husby was here, and we are ready to go
[2026-05-26 21:10:59.498] AUTO-DISENGAGE: gear left Park (now D)
[2026-05-26 21:10:59.498] Husby was here, and we are ready to go
[2026-05-26 21:10:59.512] AUTO-DISENGAGE: gear left Park (now D)
[2026-05-26 21:10:59.512] Husby was here, and we are ready to go
[2026-05-26 21:10:59.517] AUTO-DISENGAGE: gear left Park (now D)
[2026-05-26 21:10:59.518] Husby was here, and we are ready to go
[2026-05-26 21:10:59.538] AUTO-DISENGAGE: gear left Park (now D)
[2026-05-26 21:10:59.538] Husby was here, and we are ready to go
[2026-05-26 21:10:59.558] AUTO-DISENGAGE: gear left Park (now D)
[2026-05-26 21:10:59.558] Husby was here, and we are ready to go
[2026-05-26 21:10:59.578] AUTO-DISENGAGE: gear left Park (now D)
[2026-05-26 21:10:59.578] Husby was here, and we are ready to go
[2026-05-26 21:10:59.598] AUTO-DISENGAGE: gear left Park (now D)
[2026-05-26 21:10:59.598] Husby was here, and we are ready to go
[2026-05-26 21:10:59.612] AUTO-DISENGAGE: gear left Park (now D)
[2026-05-26 21:10:59.613] Husby was here, and we are ready to go
[2026-05-26 21:10:59.618] AUTO-DISENGAGE: gear left Park (now D)
[2026-05-26 21:10:59.618] Husby was here, and we are ready to go
[2026-05-26 21:10:59.638] AUTO-DISENGAGE: gear left Park (now D)
[2026-05-26 21:10:59.638] Husby was here, and we are ready to go
[2026-05-26 21:10:59.658] AUTO-DISENGAGE: gear left Park (now D)
[2026-05-26 21:10:59.658] Husby was here, and we are ready to go
[2026-05-26 21:10:59.678] AUTO-DISENGAGE: gear left Park (now D)
[2026-05-26 21:10:59.678] Husby was here, and we are ready to go
[2026-05-26 21:10:59.699] AUTO-DISENGAGE: gear left Park (now D)
[2026-05-26 21:10:59.699] Husby was here, and we are ready to go
[2026-05-26 21:10:59.712] AUTO-DISENGAGE: gear left Park (now D)
[2026-05-26 21:10:59.712] Husby was here, and we are ready to go
[2026-05-26 21:10:59.717] AUTO-DISENGAGE: gear left Park (now D)
[2026-05-26 21:10:59.717] Husby was here, and we are ready to go
[2026-05-26 21:10:59.738] AUTO-DISENGAGE: gear left Park (now D)
[2026-05-26 21:10:59.738] Husby was here, and we are ready to go
[2026-05-26 21:10:59.758] AUTO-DISENGAGE: gear left Park (now D)
[2026-05-26 21:10:59.758] Husby was here, and we are ready to go
[2026-05-26 21:10:59.778] AUTO-DISENGAGE: gear left Park (now D)
[2026-05-26 21:10:59.778] Husby was here, and we are ready to go
[2026-05-26 21:10:59.798] AUTO-DISENGAGE: gear left Park (now D)
[2026-05-26 21:10:59.798] Husby was here, and we are ready to go
[2026-05-26 21:10:59.812] AUTO-DISENGAGE: gear left Park (now D)
[2026-05-26 21:10:59.812] Husby was here, and we are ready to go
[2026-05-26 21:10:59.818] AUTO-DISENGAGE: gear left Park (now D)
[2026-05-26 21:10:59.818] Husby was here, and we are ready to go
[2026-05-26 21:10:59.838] AUTO-DISENGAGE: gear left Park (now D)
[2026-05-26 21:10:59.838] Husby was here, and we are ready to go
[2026-05-26 21:10:59.858] AUTO-DISENGAGE: gear left Park (now D)
[2026-05-26 21:10:59.858] Husby was here, and we are ready to go
[2026-05-26 21:10:59.878] AUTO-DISENGAGE: gear left Park (now D)
[2026-05-26 21:10:59.878] Husby was here, and we are ready to go
[2026-05-26 21:10:59.898] AUTO-DISENGAGE: gear left Park (now D)
[2026-05-26 21:10:59.898] Husby was here, and we are ready to go
[2026-05-26 21:10:59.912] AUTO-DISENGAGE: gear left Park (now D)
[2026-05-26 21:10:59.912] Husby was here, and we are ready to go
[2026-05-26 21:10:59.917] AUTO-DISENGAGE: gear left Park (now D)
[2026-05-26 21:10:59.918] Husby was here, and we are ready to go
[2026-05-26 21:10:59.938] AUTO-DISENGAGE: gear left Park (now D)
[2026-05-26 21:10:59.938] Husby was here, and we are ready to go
[2026-05-26 21:10:59.958] AUTO-DISENGAGE: gear left Park (now D)
[2026-05-26 21:10:59.958] Husby was here, and we are ready to go
[2026-05-26 21:10:59.978] AUTO-DISENGAGE: gear left Park (now D)
[2026-05-26 21:10:59.978] Husby was here, and we are ready to go
[2026-05-26 21:10:59.998] AUTO-DISENGAGE: gear left Park (now D)
[2026-05-26 21:10:59.998] Husby was here, and we are ready to go
[2026-05-26 21:11:00.013] AUTO-DISENGAGE: gear left Park (now D)
[2026-05-26 21:11:00.013] Husby was here, and we are ready to go
[2026-05-26 21:11:00.018] AUTO-DISENGAGE: gear left Park (now D)
[2026-05-26 21:11:00.018] Husby was here, and we are ready to go
[2026-05-26 21:11:00.039] AUTO-DISENGAGE: gear left Park (now D)
[2026-05-26 21:11:00.039] Husby was here, and we are ready to go
[2026-05-26 21:11:00.058] AUTO-DISENGAGE: gear left Park (now D)
[2026-05-26 21:11:00.058] Husby was here, and we are ready to go
[2026-05-26 21:11:00.078] AUTO-DISENGAGE: gear left Park (now D)
[2026-05-26 21:11:00.078] Husby was here, and we are ready to go
[2026-05-26 21:11:00.100] AUTO-DISENGAGE: gear left Park (now D)
[2026-05-26 21:11:00.101] Husby was here, and we are ready to go
[2026-05-26 21:11:00.112] AUTO-DISENGAGE: gear left Park (now D)
[2026-05-26 21:11:00.112] Husby was here, and we are ready to go
[2026-05-26 21:11:00.118] AUTO-DISENGAGE: gear left Park (now D)
[2026-05-26 21:11:00.118] Husby was here, and we are ready to go
[2026-05-26 21:11:00.140] AUTO-DISENGAGE: gear left Park (now D)
[2026-05-26 21:11:00.140] Husby was here, and we are ready to go
[2026-05-26 21:11:00.158] AUTO-DISENGAGE: gear left Park (now D)
[2026-05-26 21:11:00.158] Husby was here, and we are ready to go
[2026-05-26 21:11:00.179] AUTO-DISENGAGE: gear left Park (now D)
[2026-05-26 21:11:00.179] Husby was here, and we are ready to go
[2026-05-26 21:11:00.199] AUTO-DISENGAGE: gear left Park (now D)
[2026-05-26 21:11:00.199] Husby was here, and we are ready to go
[2026-05-26 21:11:00.213] AUTO-DISENGAGE: gear left Park (now D)
[2026-05-26 21:11:00.213] Husby was here, and we are ready to go
[2026-05-26 21:11:00.218] AUTO-DISENGAGE: gear left Park (now D)
[2026-05-26 21:11:00.218] Husby was here, and we are ready to go
[2026-05-26 21:11:00.238] AUTO-DISENGAGE: gear left Park (now D)
[2026-05-26 21:11:00.238] Husby was here, and we are ready to go
[2026-05-26 21:11:00.258] AUTO-DISENGAGE: gear left Park (now D)
[2026-05-26 21:11:00.258] Husby was here, and we are ready to go
[2026-05-26 21:11:00.278] AUTO-DISENGAGE: gear left Park (now D)
[2026-05-26 21:11:00.278] Husby was here, and we are ready to go
[2026-05-26 21:11:00.298] AUTO-DISENGAGE: gear left Park (now D)
[2026-05-26 21:11:00.298] Husby was here, and we are ready to go
[2026-05-26 21:11:00.312] AUTO-DISENGAGE: gear left Park (now D)
[2026-05-26 21:11:00.312] Husby was here, and we are ready to go
[2026-05-26 21:11:00.318] AUTO-DISENGAGE: gear left Park (now D)
[2026-05-26 21:11:00.318] Husby was here, and we are ready to go
[2026-05-26 21:11:00.339] AUTO-DISENGAGE: gear left Park (now D)
[2026-05-26 21:11:00.339] Husby was here, and we are ready to go
[2026-05-26 21:11:00.358] AUTO-DISENGAGE: gear left Park (now D)
[2026-05-26 21:11:00.358] Husby was here, and we are ready to go
[2026-05-26 21:11:00.378] AUTO-DISENGAGE: gear left Park (now D)
[2026-05-26 21:11:00.378] Husby was here, and we are ready to go
[2026-05-26 21:11:00.398] AUTO-DISENGAGE: gear left Park (now D)
[2026-05-26 21:11:00.398] Husby was here, and we are ready to go
[2026-05-26 21:11:00.412] AUTO-DISENGAGE: gear left Park (now D)
[2026-05-26 21:11:00.413] Husby was here, and we are ready to go
[2026-05-26 21:11:00.418] AUTO-DISENGAGE: gear left Park (now D)
[2026-05-26 21:11:00.418] Husby was here, and we are ready to go
[2026-05-26 21:11:00.438] AUTO-DISENGAGE: gear left Park (now D)
[2026-05-26 21:11:00.439] Husby was here, and we are ready to go
[2026-05-26 21:11:00.458] AUTO-DISENGAGE: gear left Park (now D)
[2026-05-26 21:11:00.458] Husby was here, and we are ready to go
[2026-05-26 21:11:00.478] AUTO-DISENGAGE: gear left Park (now D)
[2026-05-26 21:11:00.478] Husby was here, and we are ready to go
[2026-05-26 21:11:00.498] AUTO-DISENGAGE: gear left Park (now D)
[2026-05-26 21:11:00.498] Husby was here, and we are ready to go
[2026-05-26 21:11:00.512] AUTO-DISENGAGE: gear left Park (now D)
[2026-05-26 21:11:00.512] Husby was here, and we are ready to go
[2026-05-26 21:11:00.518] AUTO-DISENGAGE: gear left Park (now D)
[2026-05-26 21:11:00.518] Husby was here, and we are ready to go
[2026-05-26 21:11:00.538] AUTO-DISENGAGE: gear left Park (now D)
[2026-05-26 21:11:00.538] Husby was here, and we are ready to go
[2026-05-26 21:11:00.558] AUTO-DISENGAGE: gear left Park (now D)
[2026-05-26 21:11:00.558] Husby was here, and we are ready to go
[2026-05-26 21:11:00.578] AUTO-DISENGAGE: gear left Park (now D)
[2026-05-26 21:11:00.578] Husby was here, and we are ready to go
[2026-05-26 21:11:00.599] AUTO-DISENGAGE: gear left Park (now D)
[2026-05-26 21:11:00.600] Husby was here, and we are ready to go
[2026-05-26 21:11:00.613] AUTO-DISENGAGE: gear left Park (now D)
[2026-05-26 21:11:00.613] Husby was here, and we are ready to go
[2026-05-26 21:11:00.618] AUTO-DISENGAGE: gear left Park (now D)
[2026-05-26 21:11:00.618] Husby was here, and we are ready to go
[2026-05-26 21:11:00.638] AUTO-DISENGAGE: gear left Park (now D)
[2026-05-26 21:11:00.638] Husby was here, and we are ready to go
[2026-05-26 21:11:00.658] AUTO-DISENGAGE: gear left Park (now D)
[2026-05-26 21:11:00.658] Husby was here, and we are ready to go
[2026-05-26 21:11:00.678] AUTO-DISENGAGE: gear left Park (now D)
[2026-05-26 21:11:00.678] Husby was here, and we are ready to go
[2026-05-26 21:11:00.699] AUTO-DISENGAGE: gear left Park (now D)
[2026-05-26 21:11:00.699] Husby was here, and we are ready to go
[2026-05-26 21:11:00.713] AUTO-DISENGAGE: gear left Park (now D)
[2026-05-26 21:11:00.713] Husby was here, and we are ready to go
[2026-05-26 21:11:00.718] AUTO-DISENGAGE: gear left Park (now D)
[2026-05-26 21:11:00.718] Husby was here, and we are ready to go
[2026-05-26 21:11:00.738] AUTO-DISENGAGE: gear left Park (now D)
[2026-05-26 21:11:00.738] Husby was here, and we are ready to go
[2026-05-26 21:11:00.758] AUTO-DISENGAGE: gear left Park (now D)
[2026-05-26 21:11:00.758] Husby was here, and we are ready to go
[2026-05-26 21:11:00.778] AUTO-DISENGAGE: gear left Park (now D)
[2026-05-26 21:11:00.778] Husby was here, and we are ready to go
[2026-05-26 21:11:00.799] AUTO-DISENGAGE: gear left Park (now D)
[2026-05-26 21:11:00.799] Husby was here, and we are ready to go
[2026-05-26 21:11:00.813] AUTO-DISENGAGE: gear left Park (now D)
[2026-05-26 21:11:00.813] Husby was here, and we are ready to go
[2026-05-26 21:11:00.818] AUTO-DISENGAGE: gear left Park (now D)
[2026-05-26 21:11:00.818] Husby was here, and we are ready to go
[2026-05-26 21:11:00.838] AUTO-DISENGAGE: gear left Park (now D)
[2026-05-26 21:11:00.838] Husby was here, and we are ready to go
[2026-05-26 21:11:00.858] AUTO-DISENGAGE: gear left Park (now D)
[2026-05-26 21:11:00.858] Husby was here, and we are ready to go
[2026-05-26 21:11:00.878] AUTO-DISENGAGE: gear left Park (now D)
[2026-05-26 21:11:00.878] Husby was here, and we are ready to go
[2026-05-26 21:11:00.899] AUTO-DISENGAGE: gear left Park (now D)
[2026-05-26 21:11:00.899] Husby was here, and we are ready to go
[2026-05-26 21:11:00.912] AUTO-DISENGAGE: gear left Park (now D)
[2026-05-26 21:11:00.912] Husby was here, and we are ready to go
[2026-05-26 21:11:00.918] AUTO-DISENGAGE: gear left Park (now D)
[2026-05-26 21:11:00.918] Husby was here, and we are ready to go
[2026-05-26 21:11:00.938] AUTO-DISENGAGE: gear left Park (now D)
[2026-05-26 21:11:00.938] Husby was here, and we are ready to go
[2026-05-26 21:11:00.958] AUTO-DISENGAGE: gear left Park (now D)
[2026-05-26 21:11:00.958] Husby was here, and we are ready to go
[2026-05-26 21:11:00.978] AUTO-DISENGAGE: gear left Park (now D)
[2026-05-26 21:11:00.978] Husby was here, and we are ready to go
[2026-05-26 21:11:00.998] AUTO-DISENGAGE: gear left Park (now D)
[2026-05-26 21:11:00.998] Husby was here, and we are ready to go
[2026-05-26 21:11:01.012] AUTO-DISENGAGE: gear left Park (now D)
[2026-05-26 21:11:01.012] Husby was here, and we are ready to go
[2026-05-26 21:11:01.018] AUTO-DISENGAGE: gear left Park (now D)
[2026-05-26 21:11:01.018] Husby was here, and we are ready to go
[2026-05-26 21:11:01.038] AUTO-DISENGAGE: gear left Park (now D)
[2026-05-26 21:11:01.038] Husby was here, and we are ready to go
[2026-05-26 21:11:01.058] AUTO-DISENGAGE: gear left Park (now D)
[2026-05-26 21:11:01.058] Husby was here, and we are ready to go
[2026-05-26 21:11:01.078] AUTO-DISENGAGE: gear left Park (now D)
[2026-05-26 21:11:01.078] Husby was here, and we are ready to go
[2026-05-26 21:11:01.098] AUTO-DISENGAGE: gear left Park (now D)
[2026-05-26 21:11:01.098] Husby was here, and we are ready to go
[2026-05-26 21:11:01.112] AUTO-DISENGAGE: gear left Park (now D)
[2026-05-26 21:11:01.112] Husby was here, and we are ready to go
[2026-05-26 21:11:01.118] AUTO-DISENGAGE: gear left Park (now D)
[2026-05-26 21:11:01.118] Husby was here, and we are ready to go
[2026-05-26 21:11:01.138] AUTO-DISENGAGE: gear left Park (now D)
[2026-05-26 21:11:01.138] Husby was here, and we are ready to go
[2026-05-26 21:11:01.158] AUTO-DISENGAGE: gear left Park (now D)
[2026-05-26 21:11:01.158] Husby was here, and we are ready to go
[2026-05-26 21:11:01.178] AUTO-DISENGAGE: gear left Park (now D)
[2026-05-26 21:11:01.178] Husby was here, and we are ready to go
[2026-05-26 21:11:01.198] AUTO-DISENGAGE: gear left Park (now D)
[2026-05-26 21:11:01.198] Husby was here, and we are ready to go
[2026-05-26 21:11:01.212] AUTO-DISENGAGE: gear left Park (now D)
[2026-05-26 21:11:01.212] Husby was here, and we are ready to go
[2026-05-26 21:11:01.218] AUTO-DISENGAGE: gear left Park (now D)
[2026-05-26 21:11:01.218] Husby was here, and we are ready to go
[2026-05-26 21:11:01.238] AUTO-DISENGAGE: gear left Park (now D)
[2026-05-26 21:11:01.238] Husby was here, and we are ready to go
[2026-05-26 21:11:01.258] AUTO-DISENGAGE: gear left Park (now D)
[2026-05-26 21:11:01.258] Husby was here, and we are ready to go
[2026-05-26 21:11:01.278] AUTO-DISENGAGE: gear left Park (now D)
[2026-05-26 21:11:01.278] Husby was here, and we are ready to go
[2026-05-26 21:11:01.298] AUTO-DISENGAGE: gear left Park (now D)
[2026-05-26 21:11:01.298] Husby was here, and we are ready to go
[2026-05-26 21:11:01.312] AUTO-DISENGAGE: gear left Park (now D)
[2026-05-26 21:11:01.312] Husby was here, and we are ready to go
[2026-05-26 21:11:01.318] AUTO-DISENGAGE: gear left Park (now D)
[2026-05-26 21:11:01.318] Husby was here, and we are ready to go
[2026-05-26 21:11:01.339] AUTO-DISENGAGE: gear left Park (now D)
[2026-05-26 21:11:01.339] Husby was here, and we are ready to go
[2026-05-26 21:11:01.358] AUTO-DISENGAGE: gear left Park (now D)
[2026-05-26 21:11:01.358] Husby was here, and we are ready to go
[2026-05-26 21:11:01.378] AUTO-DISENGAGE: gear left Park (now D)
[2026-05-26 21:11:01.378] Husby was here, and we are ready to go
[2026-05-26 21:11:01.398] AUTO-DISENGAGE: gear left Park (now D)
[2026-05-26 21:11:01.398] Husby was here, and we are ready to go
[2026-05-26 21:11:01.412] AUTO-DISENGAGE: gear left Park (now D)
[2026-05-26 21:11:01.413] Husby was here, and we are ready to go
[2026-05-26 21:11:01.418] AUTO-DISENGAGE: gear left Park (now D)
[2026-05-26 21:11:01.418] Husby was here, and we are ready to go
[2026-05-26 21:11:01.438] AUTO-DISENGAGE: gear left Park (now D)
[2026-05-26 21:11:01.438] Husby was here, and we are ready to go
[2026-05-26 21:11:01.458] AUTO-DISENGAGE: gear left Park (now D)
[2026-05-26 21:11:01.458] Husby was here, and we are ready to go
[2026-05-26 21:11:01.478] AUTO-DISENGAGE: gear left Park (now D)
[2026-05-26 21:11:01.478] Husby was here, and we are ready to go
[2026-05-26 21:11:01.498] AUTO-DISENGAGE: gear left Park (now D)
[2026-05-26 21:11:01.498] Husby was here, and we are ready to go
[2026-05-26 21:11:01.512] AUTO-DISENGAGE: gear left Park (now D)
[2026-05-26 21:11:01.512] Husby was here, and we are ready to go
[2026-05-26 21:11:01.518] AUTO-DISENGAGE: gear left Park (now D)
[2026-05-26 21:11:01.518] Husby was here, and we are ready to go
[2026-05-26 21:11:01.538] AUTO-DISENGAGE: gear left Park (now D)
[2026-05-26 21:11:01.538] Husby was here, and we are ready to go
[2026-05-26 21:11:01.558] AUTO-DISENGAGE: gear left Park (now D)
[2026-05-26 21:11:01.558] Husby was here, and we are ready to go
[2026-05-26 21:11:01.578] AUTO-DISENGAGE: gear left Park (now D)
[2026-05-26 21:11:01.578] Husby was here, and we are ready to go
[2026-05-26 21:11:01.598] AUTO-DISENGAGE: gear left Park (now D)
[2026-05-26 21:11:01.598] Husby was here, and we are ready to go
[2026-05-26 21:11:01.613] AUTO-DISENGAGE: gear left Park (now D)
[2026-05-26 21:11:01.613] Husby was here, and we are ready to go
[2026-05-26 21:11:01.617] AUTO-DISENGAGE: gear left Park (now D)
[2026-05-26 21:11:01.618] Husby was here, and we are ready to go
[2026-05-26 21:11:01.638] AUTO-DISENGAGE: gear left Park (now D)
[2026-05-26 21:11:01.638] Husby was here, and we are ready to go
[2026-05-26 21:11:01.658] AUTO-DISENGAGE: gear left Park (now D)
[2026-05-26 21:11:01.658] Husby was here, and we are ready to go
[2026-05-26 21:11:01.678] AUTO-DISENGAGE: gear left Park (now D)
[2026-05-26 21:11:01.678] Husby was here, and we are ready to go
[2026-05-26 21:11:01.700] AUTO-DISENGAGE: gear left Park (now D)
[2026-05-26 21:11:01.700] Husby was here, and we are ready to go
[2026-05-26 21:11:01.712] AUTO-DISENGAGE: gear left Park (now D)
[2026-05-26 21:11:01.712] Husby was here, and we are ready to go
[2026-05-26 21:11:01.718] AUTO-DISENGAGE: gear left Park (now D)
[2026-05-26 21:11:01.718] Husby was here, and we are ready to go
[2026-05-26 21:11:01.738] AUTO-DISENGAGE: gear left Park (now D)
[2026-05-26 21:11:01.738] Husby was here, and we are ready to go
[2026-05-26 21:11:01.758] AUTO-DISENGAGE: gear left Park (now D)
[2026-05-26 21:11:01.758] Husby was here, and we are ready to go
[2026-05-26 21:11:01.778] AUTO-DISENGAGE: gear left Park (now D)
[2026-05-26 21:11:01.778] Husby was here, and we are ready to go
[2026-05-26 21:11:01.791] rc: P button pressed
[2026-05-26 21:11:01.798] AUTO-DISENGAGE: gear left Park (now D)
[2026-05-26 21:11:01.798] Husby was here, and we are ready to go
[2026-05-26 21:11:01.812] AUTO-DISENGAGE: gear left Park (now D)
[2026-05-26 21:11:01.812] Husby was here, and we are ready to go
[2026-05-26 21:11:01.815] shift requested: P
[2026-05-26 21:11:01.818] AUTO-DISENGAGE: gear left Park (now D)
[2026-05-26 21:11:01.818] Husby was here, and we are ready to go
[2026-05-26 21:11:01.818] SHIFT: requesting P via 0x6D burst (30 active + 10 idle frames at 200 Hz)
[2026-05-26 21:11:01.823] AUTO-DISENGAGE: gear left Park (now D)
[2026-05-26 21:11:01.823] Husby was here, and we are ready to go
[2026-05-26 21:11:01.828] AUTO-DISENGAGE: gear left Park (now D)
[2026-05-26 21:11:01.828] Husby was here, and we are ready to go
[2026-05-26 21:11:01.833] AUTO-DISENGAGE: gear left Park (now D)
[2026-05-26 21:11:01.833] Husby was here, and we are ready to go
[2026-05-26 21:11:01.838] AUTO-DISENGAGE: gear left Park (now D)
[2026-05-26 21:11:01.838] Husby was here, and we are ready to go
[2026-05-26 21:11:01.838] AUTO-DISENGAGE: gear left Park (now D)
[2026-05-26 21:11:01.838] Husby was here, and we are ready to go
[2026-05-26 21:11:01.843] AUTO-DISENGAGE: gear left Park (now D)
[2026-05-26 21:11:01.843] Husby was here, and we are ready to go
[2026-05-26 21:11:01.848] AUTO-DISENGAGE: gear left Park (now D)
[2026-05-26 21:11:01.848] Husby was here, and we are ready to go
[2026-05-26 21:11:01.853] AUTO-DISENGAGE: gear left Park (now D)
[2026-05-26 21:11:01.854] Husby was here, and we are ready to go
[2026-05-26 21:11:01.857] AUTO-DISENGAGE: gear left Park (now D)
[2026-05-26 21:11:01.857] Husby was here, and we are ready to go
[2026-05-26 21:11:01.858] AUTO-DISENGAGE: gear left Park (now D)
[2026-05-26 21:11:01.858] Husby was here, and we are ready to go
[2026-05-26 21:11:01.864] AUTO-DISENGAGE: gear left Park (now D)
[2026-05-26 21:11:01.864] Husby was here, and we are ready to go
[2026-05-26 21:11:01.868] AUTO-DISENGAGE: gear left Park (now D)
[2026-05-26 21:11:01.868] Husby was here, and we are ready to go
[2026-05-26 21:11:01.873] AUTO-DISENGAGE: gear left Park (now D)
[2026-05-26 21:11:01.873] Husby was here, and we are ready to go
[2026-05-26 21:11:01.878] AUTO-DISENGAGE: gear left Park (now D)
[2026-05-26 21:11:01.878] Husby was here, and we are ready to go
[2026-05-26 21:11:01.878] AUTO-DISENGAGE: gear left Park (now D)
[2026-05-26 21:11:01.878] Husby was here, and we are ready to go
[2026-05-26 21:11:01.884] AUTO-DISENGAGE: gear left Park (now D)
[2026-05-26 21:11:01.884] Husby was here, and we are ready to go
[2026-05-26 21:11:01.889] AUTO-DISENGAGE: gear left Park (now D)
[2026-05-26 21:11:01.889] Husby was here, and we are ready to go
[2026-05-26 21:11:01.893] AUTO-DISENGAGE: gear left Park (now D)
[2026-05-26 21:11:01.894] Husby was here, and we are ready to go
[2026-05-26 21:11:01.898] AUTO-DISENGAGE: gear left Park (now D)
[2026-05-26 21:11:01.898] Husby was here, and we are ready to go
[2026-05-26 21:11:01.898] AUTO-DISENGAGE: gear left Park (now D)
[2026-05-26 21:11:01.898] Husby was here, and we are ready to go
[2026-05-26 21:11:01.904] AUTO-DISENGAGE: gear left Park (now D)
[2026-05-26 21:11:01.904] Husby was here, and we are ready to go
[2026-05-26 21:11:01.909] AUTO-DISENGAGE: gear left Park (now D)
[2026-05-26 21:11:01.909] Husby was here, and we are ready to go
[2026-05-26 21:11:01.912] AUTO-DISENGAGE: gear left Park (now D)
[2026-05-26 21:11:01.912] Husby was here, and we are ready to go
[2026-05-26 21:11:01.913] AUTO-DISENGAGE: gear left Park (now D)
[2026-05-26 21:11:01.913] Husby was here, and we are ready to go
[2026-05-26 21:11:01.918] AUTO-DISENGAGE: gear left Park (now D)
[2026-05-26 21:11:01.918] Husby was here, and we are ready to go
[2026-05-26 21:11:01.918] AUTO-DISENGAGE: gear left Park (now D)
[2026-05-26 21:11:01.918] Husby was here, and we are ready to go
[2026-05-26 21:11:01.924] AUTO-DISENGAGE: gear left Park (now D)
[2026-05-26 21:11:01.924] Husby was here, and we are ready to go
[2026-05-26 21:11:01.929] AUTO-DISENGAGE: gear left Park (now D)
[2026-05-26 21:11:01.929] Husby was here, and we are ready to go
[2026-05-26 21:11:01.934] AUTO-DISENGAGE: gear left Park (now D)
[2026-05-26 21:11:01.934] Husby was here, and we are ready to go
[2026-05-26 21:11:01.938] AUTO-DISENGAGE: gear left Park (now D)
[2026-05-26 21:11:01.938] Husby was here, and we are ready to go
[2026-05-26 21:11:01.938] AUTO-DISENGAGE: gear left Park (now D)
[2026-05-26 21:11:01.938] Husby was here, and we are ready to go
[2026-05-26 21:11:01.944] AUTO-DISENGAGE: gear left Park (now D)
[2026-05-26 21:11:01.944] Husby was here, and we are ready to go
[2026-05-26 21:11:01.948] AUTO-DISENGAGE: gear left Park (now D)
[2026-05-26 21:11:01.948] Husby was here, and we are ready to go
[2026-05-26 21:11:01.953] AUTO-DISENGAGE: gear left Park (now D)
[2026-05-26 21:11:01.953] Husby was here, and we are ready to go
[2026-05-26 21:11:01.958] AUTO-DISENGAGE: gear left Park (now D)
[2026-05-26 21:11:01.958] Husby was here, and we are ready to go
[2026-05-26 21:11:01.958] AUTO-DISENGAGE: gear left Park (now D)
[2026-05-26 21:11:01.958] Husby was here, and we are ready to go
[2026-05-26 21:11:01.964] AUTO-DISENGAGE: gear left Park (now D)
[2026-05-26 21:11:01.964] Husby was here, and we are ready to go
[2026-05-26 21:11:01.969] AUTO-DISENGAGE: gear left Park (now D)
[2026-05-26 21:11:01.969] Husby was here, and we are ready to go
[2026-05-26 21:11:01.974] AUTO-DISENGAGE: gear left Park (now D)
[2026-05-26 21:11:01.974] Husby was here, and we are ready to go
[2026-05-26 21:11:01.977] AUTO-DISENGAGE: gear left Park (now D)
[2026-05-26 21:11:01.977] Husby was here, and we are ready to go
[2026-05-26 21:11:01.978] AUTO-DISENGAGE: gear left Park (now D)
[2026-05-26 21:11:01.978] Husby was here, and we are ready to go
[2026-05-26 21:11:01.984] AUTO-DISENGAGE: gear left Park (now D)
[2026-05-26 21:11:01.984] Husby was here, and we are ready to go
[2026-05-26 21:11:01.989] AUTO-DISENGAGE: gear left Park (now D)
[2026-05-26 21:11:01.989] Husby was here, and we are ready to go
[2026-05-26 21:11:01.994] AUTO-DISENGAGE: gear left Park (now D)
[2026-05-26 21:11:01.994] Husby was here, and we are ready to go
[2026-05-26 21:11:01.998] AUTO-DISENGAGE: gear left Park (now D)
[2026-05-26 21:11:01.998] Husby was here, and we are ready to go
[2026-05-26 21:11:01.998] AUTO-DISENGAGE: gear left Park (now D)
[2026-05-26 21:11:01.998] Husby was here, and we are ready to go
[2026-05-26 21:11:02.004] AUTO-DISENGAGE: gear left Park (now D)
[2026-05-26 21:11:02.004] Husby was here, and we are ready to go
[2026-05-26 21:11:02.009] AUTO-DISENGAGE: gear left Park (now D)
[2026-05-26 21:11:02.009] Husby was here, and we are ready to go
[2026-05-26 21:11:02.012] AUTO-DISENGAGE: gear left Park (now D)
[2026-05-26 21:11:02.012] Husby was here, and we are ready to go
[2026-05-26 21:11:02.013] AUTO-DISENGAGE: gear left Park (now D)
[2026-05-26 21:11:02.013] Husby was here, and we are ready to go
[2026-05-26 21:11:02.018] AUTO-DISENGAGE: gear left Park (now D)
[2026-05-26 21:11:02.018] Husby was here, and we are ready to go
[2026-05-26 21:11:02.038] AUTO-DISENGAGE: gear left Park (now D)
[2026-05-26 21:11:02.038] Husby was here, and we are ready to go
[2026-05-26 21:11:02.058] AUTO-DISENGAGE: gear left Park (now D)
[2026-05-26 21:11:02.058] Husby was here, and we are ready to go
[2026-05-26 21:11:02.078] AUTO-DISENGAGE: gear left Park (now D)
[2026-05-26 21:11:02.078] Husby was here, and we are ready to go
[2026-05-26 21:11:02.098] AUTO-DISENGAGE: gear left Park (now D)
[2026-05-26 21:11:02.098] Husby was here, and we are ready to go
[2026-05-26 21:11:02.112] AUTO-DISENGAGE: gear left Park (now D)
[2026-05-26 21:11:02.112] Husby was here, and we are ready to go
[2026-05-26 21:11:02.118] AUTO-DISENGAGE: gear left Park (now D)
[2026-05-26 21:11:02.118] Husby was here, and we are ready to go
[2026-05-26 21:11:02.138] AUTO-DISENGAGE: gear left Park (now D)
[2026-05-26 21:11:02.138] Husby was here, and we are ready to go
[2026-05-26 21:11:02.158] AUTO-DISENGAGE: gear left Park (now D)
[2026-05-26 21:11:02.158] Husby was here, and we are ready to go
[2026-05-26 21:11:02.178] AUTO-DISENGAGE: gear left Park (now D)
[2026-05-26 21:11:02.178] Husby was here, and we are ready to go
[2026-05-26 21:11:02.198] gear: D -> P
[2026-05-26 21:11:02.218] SHIFT post-burst gear: P (requested P)
[2026-05-26 21:11:03.098] brake: released
[2026-05-26 21:13:00.059] E-STOP: no 0x370 for 519 ms
[2026-05-26 21:13:14.104] EAC: ACTIVE -> INHIBITED (err=OUT_OF_RANGE)
[2026-05-26 21:13:14.105] err -> OUT_OF_RANGE
[2026-05-26 21:13:14.141] EAC: INHIBITED -> AVAILABLE (err=OUT_OF_RANGE)
[2026-05-26 21:13:14.505] EAC: AVAILABLE -> INHIBITED (err=OUT_OF_RANGE)
[2026-05-26 21:13:25.753] CAN closed
[2026-05-26 21:13:25.753] disconnect; closing log
