wall_time,monotonic,event,mode,engaged,estop,target_deg,commanded_deg,measured_deg,eac_status,eac_error,rx_count_0x370,bus_errors,gear,gear_request,di_vehicle_speed_mph,brake_pedal,brake_state
2026-05-27 18:26:43.881,0.2213,eac_transition:AVAILABLE,slider,0,0,0.00,0.00,4.00,AVAILABLE,OUT_OF_RANGE,3,0,P,P,0.00,released,RELEASED
2026-05-27 18:26:44.162,0.5021,,slider,0,0,0.00,0.00,4.00,AVAILABLE,OUT_OF_RANGE,10,0,P,P,0.00,released,RELEASED
2026-05-27 18:26:44.562,0.9023,,slider,0,0,0.00,0.00,4.10,AVAILABLE,OUT_OF_RANGE,20,0,P,P,0.00,released,RELEASED
2026-05-27 18:26:44.962,1.3022,,slider,0,0,0.00,0.00,4.10,AVAILABLE,OUT_OF_RANGE,30,0,P,P,0.00,released,RELEASED
2026-05-27 18:26:45.346,1.6859,engage,slider,1,0,4.00,4.00,4.00,AVAILABLE,OUT_OF_RANGE,39,0,P,P,0.00,released,RELEASED
2026-05-27 18:26:45.362,1.7022,,slider,1,0,0.00,4.00,4.10,AVAILABLE,OUT_OF_RANGE,40,0,P,P,0.00,released,RELEASED
2026-05-27 18:26:45.402,1.7424,eac_transition:ACTIVE,slider,1,0,0.00,3.11,4.00,ACTIVE,NONE,41,0,P,P,0.00,released,RELEASED
2026-05-27 18:26:45.764,2.1044,,slider,1,0,0.00,0.20,1.80,ACTIVE,NONE,50,0,P,P,0.00,released,RELEASED
2026-05-27 18:26:46.164,2.5044,,slider,1,0,0.00,0.01,0.40,ACTIVE,NONE,60,0,P,P,0.00,released,RELEASED
2026-05-27 18:26:46.564,2.9044,,slider,1,0,0.00,0.00,0.10,ACTIVE,NONE,70,0,P,P,0.00,released,RELEASED
2026-05-27 18:26:46.965,3.3045,,slider,1,0,0.00,0.00,0.00,ACTIVE,NONE,80,0,P,P,0.00,released,RELEASED
2026-05-27 18:26:47.365,3.7044,,slider,1,0,0.00,0.00,0.00,ACTIVE,NONE,90,0,P,P,0.00,released,RELEASED
2026-05-27 18:26:47.765,4.1047,,slider,1,0,0.00,0.00,0.00,ACTIVE,NONE,100,0,P,P,0.00,released,RELEASED
2026-05-27 18:26:48.166,4.5058,,slider,1,0,0.00,0.00,0.00,ACTIVE,NONE,110,0,P,P,0.00,released,RELEASED
2026-05-27 18:26:48.567,4.9067,,slider,1,0,0.00,0.00,0.00,ACTIVE,NONE,120,0,P,P,0.00,released,RELEASED
2026-05-27 18:26:48.966,5.3064,,slider,1,0,0.00,0.00,0.00,ACTIVE,NONE,130,0,P,P,0.00,released,RELEASED
2026-05-27 18:26:49.367,5.7066,,slider,1,0,0.00,0.00,0.00,ACTIVE,NONE,140,0,P,P,0.00,released,RELEASED
2026-05-27 18:26:49.767,6.1068,,slider,1,0,0.00,0.00,0.00,ACTIVE,NONE,150,0,P,P,0.00,released,RELEASED
2026-05-27 18:26:50.167,6.5070,,slider,1,0,0.00,0.00,0.00,ACTIVE,NONE,160,0,P,P,0.00,released,RELEASED
2026-05-27 18:26:50.567,6.9066,,slider,1,0,0.00,0.00,0.00,ACTIVE,NONE,170,0,P,P,0.00,released,RELEASED
2026-05-27 18:26:50.967,7.3068,,slider,1,0,0.00,0.00,0.00,ACTIVE,NONE,180,0,P,P,0.00,released,RELEASED
2026-05-27 18:26:51.367,7.7070,,slider,1,0,0.00,0.00,0.00,ACTIVE,NONE,190,0,P,P,0.00,released,RELEASED
2026-05-27 18:26:51.767,8.1070,,slider,1,0,0.00,0.00,0.00,ACTIVE,NONE,200,0,P,P,0.00,released,RELEASED
2026-05-27 18:26:52.167,8.5071,,slider,1,0,0.00,0.00,0.00,ACTIVE,NONE,210,0,P,P,0.00,released,RELEASED
2026-05-27 18:26:52.567,8.9071,,slider,1,0,0.00,0.00,0.00,ACTIVE,NONE,220,0,P,P,0.00,released,RELEASED
2026-05-27 18:26:52.967,9.3070,,slider,1,0,0.00,0.00,0.00,ACTIVE,NONE,230,0,P,P,0.00,released,RELEASED
2026-05-27 18:26:53.367,9.7070,,slider,1,0,0.00,0.00,0.00,ACTIVE,NONE,240,0,P,P,0.00,released,RELEASED
2026-05-27 18:26:53.767,10.1072,,slider,1,0,0.00,0.00,0.00,ACTIVE,NONE,250,0,P,P,0.00,released,RELEASED
2026-05-27 18:26:54.168,10.5076,,slider,1,0,0.00,0.00,0.00,ACTIVE,NONE,260,0,P,P,0.00,released,RELEASED
2026-05-27 18:26:54.567,10.9072,,slider,1,0,0.00,0.00,0.00,ACTIVE,NONE,270,0,P,P,0.00,released,RELEASED
2026-05-27 18:26:54.967,11.3073,,slider,1,0,0.00,0.00,0.00,ACTIVE,NONE,280,0,P,P,0.00,released,RELEASED
2026-05-27 18:26:55.367,11.7074,,slider,1,0,0.00,0.00,0.00,ACTIVE,NONE,290,0,P,P,0.00,released,RELEASED
2026-05-27 18:26:55.767,12.1069,,slider,1,0,0.00,0.00,0.00,ACTIVE,NONE,300,0,P,P,0.00,released,RELEASED
2026-05-27 18:26:56.168,12.5076,,slider,1,0,0.00,0.00,0.00,ACTIVE,NONE,310,0,P,P,0.00,released,RELEASED
2026-05-27 18:26:56.567,12.9068,,slider,1,0,0.00,0.00,0.00,ACTIVE,NONE,320,0,P,P,0.00,released,RELEASED
2026-05-27 18:26:56.967,13.3066,,slider,1,0,0.00,0.00,0.00,ACTIVE,NONE,330,0,P,P,0.00,released,RELEASED
2026-05-27 18:26:57.367,13.7068,,slider,1,0,0.00,0.00,0.00,ACTIVE,NONE,340,0,P,P,0.00,released,RELEASED
2026-05-27 18:26:57.767,14.1065,,slider,1,0,0.00,0.00,0.00,ACTIVE,NONE,350,0,P,P,0.00,released,RELEASED
2026-05-27 18:26:58.167,14.5067,,slider,1,0,0.00,0.00,0.00,ACTIVE,NONE,360,0,P,P,0.00,released,RELEASED
2026-05-27 18:26:58.567,14.9068,,slider,1,0,0.00,0.00,0.00,ACTIVE,NONE,370,0,P,P,0.00,released,RELEASED
2026-05-27 18:26:58.967,15.3067,,slider,1,0,0.00,0.00,0.00,ACTIVE,NONE,380,0,P,P,0.00,released,RELEASED
2026-05-27 18:26:59.367,15.7068,,slider,1,0,0.00,0.00,0.00,ACTIVE,NONE,390,0,P,P,0.00,released,RELEASED
2026-05-27 18:26:59.767,16.1073,,slider,1,0,0.00,0.00,0.00,ACTIVE,NONE,400,0,P,P,0.00,released,RELEASED
2026-05-27 18:27:00.168,16.5077,,slider,1,0,0.00,0.00,0.00,ACTIVE,NONE,410,0,P,P,0.00,released,RELEASED
2026-05-27 18:27:00.568,16.9075,,slider,1,0,0.00,0.00,0.00,ACTIVE,NONE,420,0,P,P,0.00,released,RELEASED
2026-05-27 18:27:00.967,17.3073,,slider,1,0,0.00,0.00,0.00,ACTIVE,NONE,430,0,P,P,0.00,released,RELEASED
2026-05-27 18:27:01.367,17.7074,,slider,1,0,0.00,0.00,0.00,ACTIVE,NONE,440,0,P,P,0.00,released,RELEASED
2026-05-27 18:27:01.768,18.1076,,slider,1,0,0.00,0.00,0.00,ACTIVE,NONE,450,0,P,P,0.00,released,RELEASED
2026-05-27 18:27:02.168,18.5077,,slider,1,0,0.00,0.00,0.00,ACTIVE,NONE,460,0,P,P,0.00,released,RELEASED
2026-05-27 18:27:02.568,18.9075,,slider,1,0,0.00,0.00,0.00,ACTIVE,NONE,470,0,P,P,0.00,released,RELEASED
2026-05-27 18:27:02.968,19.3076,,slider,1,0,0.00,0.00,0.00,ACTIVE,NONE,480,0,P,P,0.00,released,RELEASED
2026-05-27 18:27:03.368,19.7076,,slider,1,0,0.00,0.00,0.00,ACTIVE,NONE,490,0,P,P,0.00,released,RELEASED
2026-05-27 18:27:03.768,20.1080,,slider,1,0,0.00,0.00,0.00,ACTIVE,NONE,500,0,P,P,0.00,released,RELEASED
2026-05-27 18:27:04.168,20.5076,,slider,1,0,0.00,0.00,0.00,ACTIVE,NONE,510,0,P,P,0.00,released,RELEASED
2026-05-27 18:27:04.568,20.9077,,slider,1,0,0.00,0.00,0.00,ACTIVE,NONE,520,0,P,P,0.00,released,RELEASED
2026-05-27 18:27:04.968,21.3076,,slider,1,0,0.00,0.00,0.00,ACTIVE,NONE,530,0,P,P,0.00,released,RELEASED
2026-05-27 18:27:05.368,21.7079,,slider,1,0,0.00,0.00,0.00,ACTIVE,NONE,540,0,P,P,0.00,released,RELEASED
2026-05-27 18:27:05.768,22.1077,,slider,1,0,0.00,0.00,0.00,ACTIVE,NONE,550,0,P,P,0.00,released,RELEASED
2026-05-27 18:27:06.168,22.5078,,slider,1,0,0.00,0.00,0.00,ACTIVE,NONE,560,0,P,P,0.00,released,RELEASED
2026-05-27 18:27:06.568,22.9082,,slider,1,0,288.21,10.53,0.10,ACTIVE,NONE,570,0,P,P,0.00,released,RELEASED
2026-05-27 18:27:06.972,23.3118,,slider,1,0,-12.32,82.53,53.10,ACTIVE,NONE,580,0,P,P,0.00,released,RELEASED
2026-05-27 18:27:07.362,23.7019,,slider,1,0,-355.63,43.53,67.80,ACTIVE,NONE,590,0,P,P,0.00,released,RELEASED
2026-05-27 18:27:07.763,24.1028,,slider,1,0,-355.63,-28.47,-0.60,ACTIVE,NONE,600,0,P,P,0.00,released,RELEASED
2026-05-27 18:27:08.163,24.5029,,slider,1,0,-355.63,-100.47,-75.60,ACTIVE,NONE,610,0,P,P,0.00,released,RELEASED
2026-05-27 18:27:08.563,24.9027,,slider,1,0,-355.63,-172.47,-149.00,ACTIVE,NONE,620,0,P,P,0.00,released,RELEASED
2026-05-27 18:27:08.963,25.3028,,slider,1,0,-283.39,-244.47,-221.70,ACTIVE,NONE,630,0,P,P,0.00,released,RELEASED
2026-05-27 18:27:09.374,25.7142,,slider,1,0,138.97,-202.47,-228.40,ACTIVE,NONE,640,0,P,P,0.00,released,RELEASED
2026-05-27 18:27:09.774,26.1143,,slider,1,0,228.64,-130.47,-157.90,ACTIVE,NONE,650,0,P,P,0.00,released,RELEASED
2026-05-27 18:27:10.166,26.5062,,slider,1,0,-181.64,-74.95,-86.30,ACTIVE,NONE,660,0,P,P,0.00,released,RELEASED
2026-05-27 18:27:10.569,26.9091,,slider,1,0,-279.72,-146.95,-118.10,ACTIVE,NONE,670,0,P,P,0.00,released,RELEASED
2026-05-27 18:27:10.956,27.2963,,slider,1,0,18.39,-146.04,-163.70,ACTIVE,NONE,680,0,P,P,0.00,released,RELEASED
2026-05-27 18:27:11.359,27.6988,,slider,1,0,216.20,-74.04,-102.20,ACTIVE,NONE,690,0,P,P,0.00,released,RELEASED
2026-05-27 18:27:11.759,28.0987,,slider,1,0,360.00,-2.04,-26.70,ACTIVE,NONE,700,0,P,P,0.00,released,RELEASED
2026-05-27 18:27:12.159,28.4986,,slider,1,0,355.63,69.96,45.30,ACTIVE,NONE,710,0,P,P,0.00,released,RELEASED
2026-05-27 18:27:12.559,28.8987,,slider,1,0,360.00,141.96,117.80,ACTIVE,NONE,720,0,P,P,0.00,released,RELEASED
2026-05-27 18:27:12.959,29.2988,,slider,1,0,355.63,213.96,190.70,ACTIVE,NONE,730,0,P,P,0.00,released,RELEASED
2026-05-27 18:27:13.359,29.6993,,slider,1,0,351.29,285.96,262.60,ACTIVE,NONE,740,0,P,P,0.00,released,RELEASED
2026-05-27 18:27:13.759,30.0987,,slider,1,0,360.00,357.03,334.00,ACTIVE,NONE,750,0,P,P,0.00,released,RELEASED
2026-05-27 18:27:14.159,30.4988,,slider,1,0,-351.29,292.97,319.70,ACTIVE,NONE,760,0,P,P,0.00,released,RELEASED
2026-05-27 18:27:14.559,30.8993,,slider,1,0,-192.72,220.97,246.90,ACTIVE,NONE,770,0,P,P,0.00,released,RELEASED
2026-05-27 18:27:14.964,31.3042,,slider,1,0,0.00,148.97,172.70,ACTIVE,NONE,780,0,P,P,0.00,released,RELEASED
2026-05-27 18:27:15.364,31.7041,,slider,1,0,0.00,76.97,100.50,ACTIVE,NONE,790,0,P,P,0.00,released,RELEASED
2026-05-27 18:27:15.764,32.1043,,slider,1,0,0.00,4.97,28.90,ACTIVE,NONE,800,0,P,P,0.00,released,RELEASED
2026-05-27 18:27:16.164,32.5044,,slider,1,0,0.00,-0.00,1.20,ACTIVE,NONE,810,0,P,P,0.00,released,RELEASED
2026-05-27 18:27:16.564,32.9044,,slider,1,0,0.00,-0.00,-0.20,ACTIVE,NONE,820,0,P,P,0.00,released,RELEASED
2026-05-27 18:27:16.964,33.3044,,slider,1,0,0.00,-0.00,-0.30,ACTIVE,NONE,830,0,P,P,0.00,released,RELEASED
2026-05-27 18:27:17.364,33.7045,,slider,1,0,0.00,-0.00,-0.30,ACTIVE,NONE,840,0,P,P,0.00,released,RELEASED
2026-05-27 18:27:17.765,34.1046,,slider,1,0,0.00,-0.00,-0.30,ACTIVE,NONE,850,0,P,P,0.00,released,RELEASED
2026-05-27 18:27:18.165,34.5048,,slider,1,0,0.00,-0.00,-0.30,ACTIVE,NONE,860,0,P,P,0.00,released,RELEASED
2026-05-27 18:27:18.565,34.9045,,slider,1,0,0.00,-0.00,-0.30,ACTIVE,NONE,870,0,P,P,0.00,released,RELEASED
2026-05-27 18:27:18.969,35.3091,,slider,1,0,0.00,-0.00,-0.30,ACTIVE,NONE,880,0,P,P,0.00,released,RELEASED
2026-05-27 18:27:19.369,35.7089,,slider,1,0,0.00,-0.00,-0.30,ACTIVE,NONE,890,0,P,P,0.00,PRESSED,FAULT
2026-05-27 18:27:19.769,36.1091,,slider,1,0,0.00,-0.00,-0.20,ACTIVE,NONE,900,0,P,P,0.00,PRESSED,FAULT
2026-05-27 18:27:20.115,36.4546,shift_requested:N,slider,1,0,0.00,-0.00,-0.10,ACTIVE,NONE,908,0,P,P,0.00,PRESSED,FAULT
2026-05-27 18:27:20.155,36.4954,gear_change:N,slider,1,0,0.00,-0.00,-0.10,ACTIVE,NONE,909,0,N,N,0.00,PRESSED,FAULT
2026-05-27 18:27:20.160,36.4996,,slider,1,0,0.00,-0.00,-0.10,ACTIVE,NONE,910,0,N,N,0.00,PRESSED,FAULT
2026-05-27 18:27:20.573,36.9132,,slider,1,0,0.00,-0.00,0.00,ACTIVE,NONE,920,0,N,N,0.00,PRESSED,FAULT
2026-05-27 18:27:20.973,37.3132,,slider,1,0,0.00,-0.00,0.00,ACTIVE,NONE,930,0,N,N,0.00,PRESSED,FAULT
2026-05-27 18:27:21.373,37.7133,,slider,1,0,0.00,-0.00,0.00,ACTIVE,NONE,940,0,N,N,0.00,PRESSED,FAULT
2026-05-27 18:27:21.774,38.1138,,slider,1,0,0.00,-0.00,0.00,ACTIVE,NONE,950,0,N,N,0.00,PRESSED,FAULT
2026-05-27 18:27:22.174,38.5140,,slider,1,0,0.00,-0.00,0.00,ACTIVE,NONE,960,0,N,N,0.00,PRESSED,FAULT
2026-05-27 18:27:22.574,38.9140,,slider,1,0,0.00,-0.00,0.00,ACTIVE,NONE,970,0,N,N,0.00,PRESSED,FAULT
2026-05-27 18:27:22.974,39.3140,,slider,1,0,0.00,-0.00,0.00,ACTIVE,NONE,980,0,N,N,0.00,PRESSED,FAULT
2026-05-27 18:27:23.374,39.7138,,slider,1,0,0.00,-0.00,0.00,ACTIVE,NONE,990,0,N,N,0.00,PRESSED,FAULT
2026-05-27 18:27:23.774,40.1139,,slider,1,0,0.00,-0.00,0.00,ACTIVE,NONE,1000,0,N,N,0.00,PRESSED,FAULT
2026-05-27 18:27:23.937,40.2773,shift_requested:P,slider,1,0,0.00,-0.00,0.00,ACTIVE,NONE,1004,0,N,N,0.00,PRESSED,FAULT
2026-05-27 18:27:24.068,40.4079,gear_change:P,slider,1,0,0.00,-0.00,0.00,ACTIVE,NONE,1007,0,P,P,0.00,PRESSED,FAULT
2026-05-27 18:27:24.175,40.5152,,slider,1,0,0.00,-0.00,0.00,ACTIVE,NONE,1010,0,P,P,0.00,PRESSED,FAULT
2026-05-27 18:27:24.575,40.9145,,slider,1,0,0.00,-0.00,0.00,ACTIVE,NONE,1020,0,P,P,0.00,PRESSED,FAULT
2026-05-27 18:27:24.974,41.3144,,slider,1,0,0.00,-0.00,0.00,ACTIVE,NONE,1030,0,P,P,0.00,PRESSED,FAULT
2026-05-27 18:27:25.375,41.7149,,slider,1,0,0.00,-0.00,0.00,ACTIVE,NONE,1040,0,P,P,0.00,PRESSED,FAULT
2026-05-27 18:27:25.668,42.0078,shift_requested:R,slider,1,0,0.00,-0.00,0.00,ACTIVE,NONE,1047,0,P,P,0.00,PRESSED,FAULT
2026-05-27 18:27:25.705,42.0451,gear_change:R,slider,1,0,0.00,-0.00,0.00,ACTIVE,NONE,1048,0,R,R,0.00,PRESSED,FAULT
2026-05-27 18:27:25.760,42.1004,,slider,1,0,0.00,-0.00,0.00,ACTIVE,NONE,1050,0,R,R,0.00,PRESSED,FAULT
2026-05-27 18:27:26.159,42.4987,,slider,1,0,0.00,-0.00,0.00,ACTIVE,NONE,1060,0,R,R,0.00,PRESSED,FAULT
2026-05-27 18:27:26.559,42.8989,,slider,1,0,0.00,-0.00,0.00,ACTIVE,NONE,1070,0,R,R,0.00,PRESSED,FAULT
2026-05-27 18:27:26.959,43.2987,,slider,1,0,0.00,-0.00,0.00,ACTIVE,NONE,1080,0,R,R,0.00,PRESSED,FAULT
2026-05-27 18:27:27.359,43.6988,,slider,1,0,0.00,-0.00,0.00,ACTIVE,NONE,1090,0,R,R,0.00,PRESSED,FAULT
2026-05-27 18:27:27.759,44.0987,,slider,1,0,0.00,-0.00,0.00,ACTIVE,NONE,1100,0,R,R,0.00,PRESSED,FAULT
2026-05-27 18:27:28.159,44.4988,,slider,1,0,0.00,-0.00,0.00,ACTIVE,NONE,1110,0,R,R,0.00,PRESSED,FAULT
2026-05-27 18:27:28.382,44.7223,shift_requested:N,slider,1,0,0.00,-0.00,0.00,ACTIVE,NONE,1115,0,R,R,0.00,PRESSED,FAULT
2026-05-27 18:27:28.559,44.8986,,slider,1,0,0.00,-0.00,0.00,ACTIVE,NONE,1120,0,R,N,0.00,PRESSED,FAULT
2026-05-27 18:27:28.701,45.0405,gear_change:N,slider,1,0,0.00,-0.00,0.00,ACTIVE,NONE,1123,0,N,N,0.00,PRESSED,FAULT
2026-05-27 18:27:28.960,45.3003,,slider,1,0,0.00,-0.00,0.00,ACTIVE,NONE,1130,0,N,N,0.00,PRESSED,FAULT
2026-05-27 18:27:29.360,45.7004,,slider,1,0,0.00,-0.00,0.00,ACTIVE,NONE,1140,0,N,N,0.00,PRESSED,FAULT
2026-05-27 18:27:29.761,46.1007,,slider,1,0,0.00,-0.00,0.00,ACTIVE,NONE,1150,0,N,N,0.00,PRESSED,FAULT
2026-05-27 18:27:29.863,46.2024,shift_requested:D,slider,1,0,0.00,-0.00,0.00,ACTIVE,NONE,1152,0,N,N,0.00,PRESSED,FAULT
2026-05-27 18:27:29.890,46.2300,gear_change:D,slider,1,0,0.00,-0.00,0.00,ACTIVE,NONE,1153,0,D,D,0.00,PRESSED,FAULT
2026-05-27 18:27:30.163,46.5029,,slider,1,0,0.00,-0.00,0.00,ACTIVE,NONE,1160,0,D,D,0.00,PRESSED,FAULT
2026-05-27 18:27:30.563,46.9032,,slider,1,0,0.00,-0.00,0.00,ACTIVE,NONE,1170,0,D,D,0.00,PRESSED,FAULT
2026-05-27 18:27:30.963,47.3032,,slider,1,0,0.00,-0.00,0.00,ACTIVE,NONE,1180,0,D,D,0.00,PRESSED,FAULT
2026-05-27 18:27:31.363,47.7032,,slider,1,0,0.00,-0.00,0.00,ACTIVE,NONE,1190,0,D,D,0.00,PRESSED,FAULT
2026-05-27 18:27:31.764,48.1036,,slider,1,0,0.00,-0.00,0.00,ACTIVE,NONE,1200,0,D,D,0.00,PRESSED,FAULT
2026-05-27 18:27:32.104,48.4437,shift_requested:N,slider,1,0,0.00,-0.00,0.00,ACTIVE,NONE,1208,0,D,D,0.00,PRESSED,FAULT
2026-05-27 18:27:32.159,48.4992,,slider,1,0,0.00,-0.00,0.00,ACTIVE,NONE,1210,0,D,N,0.00,PRESSED,FAULT
2026-05-27 18:27:32.404,48.7435,gear_change:N,slider,1,0,0.00,-0.00,0.00,ACTIVE,NONE,1215,0,N,N,0.00,PRESSED,FAULT
2026-05-27 18:27:32.563,48.9034,,slider,1,0,0.00,-0.00,0.00,ACTIVE,NONE,1220,0,N,N,0.00,PRESSED,FAULT
2026-05-27 18:27:32.963,49.3035,,slider,1,0,0.00,-0.00,0.00,ACTIVE,NONE,1230,0,N,N,0.00,PRESSED,FAULT
2026-05-27 18:27:33.363,49.7034,,slider,1,0,0.00,-0.00,0.00,ACTIVE,NONE,1240,0,N,N,0.00,PRESSED,FAULT
2026-05-27 18:27:33.368,49.7078,shift_requested:R,slider,1,0,0.00,-0.00,0.00,ACTIVE,NONE,1240,0,N,N,0.00,PRESSED,FAULT
2026-05-27 18:27:33.419,49.7593,gear_change:R,slider,1,0,0.00,-0.00,0.00,ACTIVE,NONE,1241,0,R,R,0.00,PRESSED,FAULT
2026-05-27 18:27:33.764,50.1037,,slider,1,0,0.00,-0.00,0.00,ACTIVE,NONE,1250,0,R,R,0.00,PRESSED,FAULT
2026-05-27 18:27:34.163,50.5034,,slider,1,0,0.00,-0.00,0.00,ACTIVE,NONE,1260,0,R,R,0.00,PRESSED,FAULT
2026-05-27 18:27:34.564,50.9039,,slider,1,0,0.00,-0.00,0.00,ACTIVE,NONE,1270,0,R,R,0.00,PRESSED,FAULT
2026-05-27 18:27:34.964,51.3035,,slider,1,0,0.00,-0.00,0.00,ACTIVE,NONE,1280,0,R,R,0.00,PRESSED,FAULT
2026-05-27 18:27:35.364,51.7036,,slider,1,0,0.00,-0.00,0.00,ACTIVE,NONE,1290,0,R,R,0.00,PRESSED,FAULT
2026-05-27 18:27:35.764,52.1037,,slider,1,0,0.00,-0.00,0.00,ACTIVE,NONE,1300,0,R,R,0.00,PRESSED,FAULT
2026-05-27 18:27:36.164,52.5038,,slider,1,0,0.00,-0.00,0.00,ACTIVE,NONE,1310,0,R,R,0.00,PRESSED,FAULT
2026-05-27 18:27:36.564,52.9038,,slider,1,0,0.00,-0.00,0.00,ACTIVE,NONE,1320,0,R,R,0.00,PRESSED,FAULT
2026-05-27 18:27:36.964,53.3037,,slider,1,0,0.00,-0.00,0.00,ACTIVE,NONE,1330,0,R,R,0.00,PRESSED,FAULT
2026-05-27 18:27:37.364,53.7038,,slider,1,0,0.00,-0.00,0.00,ACTIVE,NONE,1340,0,R,R,0.00,PRESSED,FAULT
2026-05-27 18:27:37.764,54.1038,,slider,1,0,0.00,-0.00,0.00,ACTIVE,NONE,1350,0,R,R,0.00,PRESSED,FAULT
2026-05-27 18:27:38.164,54.5039,,slider,1,0,0.00,-0.00,0.00,ACTIVE,NONE,1360,0,R,R,0.00,PRESSED,FAULT
2026-05-27 18:27:38.530,54.8702,shift_requested:N,slider,1,0,0.00,-0.00,0.00,ACTIVE,NONE,1369,0,R,R,0.00,PRESSED,FAULT
2026-05-27 18:27:38.560,54.8997,,slider,1,0,0.00,-0.00,0.00,ACTIVE,NONE,1370,0,R,N,0.00,PRESSED,FAULT
2026-05-27 18:27:38.805,55.1445,gear_change:N,slider,1,0,0.00,-0.00,0.00,ACTIVE,NONE,1376,0,N,N,0.00,PRESSED,FAULT
2026-05-27 18:27:38.964,55.3043,,slider,1,0,0.00,-0.00,0.00,ACTIVE,NONE,1380,0,N,N,0.00,PRESSED,FAULT
2026-05-27 18:27:39.364,55.7043,,slider,1,0,0.00,-0.00,0.00,ACTIVE,NONE,1390,0,N,N,0.00,PRESSED,FAULT
2026-05-27 18:27:39.764,56.1044,,slider,1,0,0.00,-0.00,0.00,ACTIVE,NONE,1400,0,N,N,0.00,PRESSED,FAULT
2026-05-27 18:27:40.159,56.4991,,slider,1,0,0.00,-0.00,0.00,ACTIVE,NONE,1410,0,N,N,0.00,PRESSED,FAULT
2026-05-27 18:27:40.559,56.8994,,slider,1,0,0.00,-0.00,0.00,ACTIVE,NONE,1420,0,N,N,0.00,PRESSED,FAULT
2026-05-27 18:27:40.625,56.9650,shift_requested:P,slider,1,0,0.00,-0.00,0.00,ACTIVE,NONE,1421,0,N,N,0.00,PRESSED,FAULT
2026-05-27 18:27:40.670,57.0097,gear_change:P,slider,1,0,0.00,-0.00,0.00,ACTIVE,NONE,1422,0,P,P,0.00,PRESSED,FAULT
2026-05-27 18:27:40.959,57.2991,,slider,1,0,0.00,-0.00,0.00,ACTIVE,NONE,1430,0,P,P,0.00,PRESSED,FAULT
2026-05-27 18:27:41.359,57.6991,,slider,1,0,0.00,-0.00,0.00,ACTIVE,NONE,1440,0,P,P,0.00,PRESSED,FAULT
2026-05-27 18:27:41.760,58.0999,,slider,1,0,210.16,32.08,11.60,ACTIVE,NONE,1450,0,P,P,0.00,PRESSED,FAULT
2026-05-27 18:27:42.165,58.5049,,slider,1,0,-187.13,74.19,73.70,ACTIVE,NONE,1460,0,P,P,0.00,PRESSED,FAULT
2026-05-27 18:27:42.565,58.9050,,slider,1,0,-334.35,2.19,29.30,ACTIVE,NONE,1470,0,P,P,0.00,PRESSED,FAULT
2026-05-27 18:27:42.965,59.3048,,slider,1,0,12.48,-69.81,-45.70,ACTIVE,NONE,1480,0,P,P,0.00,PRESSED,FAULT
2026-05-27 18:27:43.365,59.7048,,slider,1,0,16.91,-21.81,-46.00,ACTIVE,NONE,1490,0,P,P,0.00,PRESSED,FAULT
2026-05-27 18:27:43.768,60.1076,,slider,1,0,0.00,5.93,7.30,ACTIVE,NONE,1500,0,P,P,0.00,released,RELEASED
2026-05-27 18:27:44.168,60.5075,,slider,1,0,0.00,0.29,2.00,ACTIVE,NONE,1510,0,P,P,0.00,released,RELEASED
2026-05-27 18:27:44.567,60.9074,,slider,1,0,0.00,0.01,0.40,ACTIVE,NONE,1520,0,P,P,0.00,released,RELEASED
2026-05-27 18:27:44.968,61.3076,,slider,1,0,0.00,0.00,0.10,ACTIVE,NONE,1530,0,P,P,0.00,released,RELEASED
2026-05-27 18:27:45.368,61.7076,,slider,1,0,0.00,0.00,0.00,ACTIVE,NONE,1540,0,P,P,0.00,released,RELEASED
2026-05-27 18:27:45.768,62.1076,,slider,1,0,0.00,0.00,0.00,ACTIVE,NONE,1550,0,P,P,0.00,released,RELEASED
2026-05-27 18:27:46.158,62.4978,,slider,1,0,0.00,0.00,0.00,ACTIVE,NONE,1560,0,P,P,0.00,released,RELEASED
2026-05-27 18:27:46.568,62.9076,,slider,1,0,0.00,0.00,0.00,ACTIVE,NONE,1570,0,P,P,0.00,released,RELEASED
2026-05-27 18:27:46.963,63.3028,,slider,1,0,25.87,42.00,19.30,ACTIVE,NONE,1580,0,P,P,0.00,released,RELEASED
2026-05-27 18:27:47.364,63.7038,,slider,1,0,0.00,5.08,21.00,ACTIVE,NONE,1590,0,P,P,0.00,released,RELEASED
2026-05-27 18:27:47.765,64.1053,,slider,1,0,47.53,22.87,8.00,ACTIVE,NONE,1600,0,P,P,0.00,released,RELEASED
2026-05-27 18:27:48.168,64.5082,,slider,1,0,50.74,47.49,40.40,ACTIVE,NONE,1610,0,P,P,0.00,released,RELEASED
2026-05-27 18:27:48.568,64.9081,,slider,1,0,136.66,90.10,69.40,ACTIVE,NONE,1620,0,P,P,0.00,released,RELEASED
2026-05-27 18:27:48.973,65.3125,,slider,1,0,100.50,108.36,114.20,ACTIVE,NONE,1630,0,P,P,0.00,released,RELEASED
2026-05-27 18:27:49.373,65.7125,,slider,1,0,201.32,145.95,123.50,ACTIVE,NONE,1640,0,P,P,0.00,released,RELEASED
2026-05-27 18:27:49.773,66.1125,,slider,1,0,355.63,217.95,196.00,ACTIVE,NONE,1650,0,P,P,0.00,released,RELEASED
2026-05-27 18:27:50.173,66.5125,,slider,1,0,-13.95,241.95,257.60,ACTIVE,NONE,1660,0,P,P,0.00,released,RELEASED
2026-05-27 18:27:50.573,66.9127,,slider,1,0,0.00,169.95,197.40,ACTIVE,NONE,1670,0,P,P,0.00,released,RELEASED
2026-05-27 18:27:50.973,67.3125,,slider,1,0,0.00,97.95,122.10,ACTIVE,NONE,1680,0,P,P,0.00,released,RELEASED
2026-05-27 18:27:51.360,67.7000,,slider,1,0,0.00,31.95,53.00,ACTIVE,NONE,1690,0,P,P,0.00,released,RELEASED
2026-05-27 18:27:51.769,68.1085,,slider,1,0,0.00,0.00,3.60,ACTIVE,NONE,1700,0,P,P,0.00,released,RELEASED
2026-05-27 18:27:52.169,68.5085,,slider,1,0,0.00,0.00,0.40,ACTIVE,NONE,1710,0,P,P,0.00,released,RELEASED
2026-05-27 18:27:52.569,68.9086,,slider,1,0,0.00,0.00,-0.30,ACTIVE,NONE,1720,0,P,P,0.00,released,RELEASED
2026-05-27 18:27:52.969,69.3086,,slider,1,0,0.00,0.00,-0.30,ACTIVE,NONE,1730,0,P,P,0.00,released,RELEASED
2026-05-27 18:27:53.368,69.7084,,slider,1,0,0.00,0.00,-0.30,ACTIVE,NONE,1740,0,P,P,0.00,released,RELEASED
2026-05-27 18:27:53.768,70.1083,,slider,1,0,0.00,0.00,-0.30,ACTIVE,NONE,1750,0,P,P,0.00,released,RELEASED
2026-05-27 18:27:54.168,70.5083,,slider,1,0,0.00,0.00,-0.30,ACTIVE,NONE,1760,0,P,P,0.00,released,RELEASED
2026-05-27 18:27:54.568,70.9082,,slider,1,0,0.00,0.00,-0.30,ACTIVE,NONE,1770,0,P,P,0.00,released,RELEASED
2026-05-27 18:27:54.968,71.3084,,slider,1,0,0.00,0.00,-0.30,ACTIVE,NONE,1780,0,P,P,0.00,released,RELEASED
2026-05-27 18:27:55.369,71.7085,,slider,1,0,0.00,0.00,-0.20,ACTIVE,NONE,1790,0,P,P,0.00,released,RELEASED
2026-05-27 18:27:55.768,72.1084,,slider,1,0,0.00,0.00,-0.20,ACTIVE,NONE,1800,0,P,P,0.00,released,RELEASED
2026-05-27 18:27:56.169,72.5085,,slider,1,0,0.00,0.00,-0.10,ACTIVE,NONE,1810,0,P,P,0.00,released,RELEASED
2026-05-27 18:27:56.568,72.9084,,slider,1,0,0.00,0.00,0.00,ACTIVE,NONE,1820,0,P,P,0.00,released,RELEASED
2026-05-27 18:27:56.969,73.3084,,slider,1,0,0.00,0.00,0.00,ACTIVE,NONE,1830,0,P,P,0.00,released,RELEASED
2026-05-27 18:27:57.368,73.7083,,slider,1,0,0.00,0.00,0.00,ACTIVE,NONE,1840,0,P,P,0.00,released,RELEASED
2026-05-27 18:27:57.769,74.1085,,slider,1,0,0.00,0.00,0.00,ACTIVE,NONE,1850,0,P,P,0.00,released,RELEASED
2026-05-27 18:27:58.169,74.5085,,slider,1,0,0.00,0.00,0.00,ACTIVE,NONE,1860,0,P,P,0.00,released,RELEASED
2026-05-27 18:27:58.569,74.9086,,slider,1,0,0.00,0.00,0.00,ACTIVE,NONE,1870,0,P,P,0.00,released,RELEASED
2026-05-27 18:27:58.969,75.3087,,slider,1,0,0.00,0.00,0.00,ACTIVE,NONE,1880,0,P,P,0.00,released,RELEASED
2026-05-27 18:27:59.369,75.7086,,slider,1,0,0.00,0.00,0.00,ACTIVE,NONE,1890,0,P,P,0.00,released,RELEASED
2026-05-27 18:27:59.769,76.1089,,slider,1,0,0.00,0.00,0.00,ACTIVE,NONE,1900,0,P,P,0.00,released,RELEASED
2026-05-27 18:28:00.169,76.5088,,slider,1,0,0.00,0.00,0.00,ACTIVE,NONE,1910,0,P,P,0.00,released,RELEASED
2026-05-27 18:28:00.569,76.9088,,slider,1,0,0.00,0.00,0.00,ACTIVE,NONE,1920,0,P,P,0.00,released,RELEASED
2026-05-27 18:28:00.969,77.3091,,slider,1,0,0.00,0.00,0.00,ACTIVE,NONE,1930,0,P,P,0.00,released,RELEASED
2026-05-27 18:28:01.369,77.7091,,slider,1,0,0.00,0.00,0.00,ACTIVE,NONE,1940,0,P,P,0.00,released,RELEASED
2026-05-27 18:28:01.769,78.1090,,slider,1,0,0.00,0.00,0.00,ACTIVE,NONE,1950,0,P,P,0.00,released,RELEASED
2026-05-27 18:28:02.169,78.5093,,slider,1,0,0.00,0.00,0.00,ACTIVE,NONE,1960,0,P,P,0.00,released,RELEASED
2026-05-27 18:28:02.569,78.9091,,slider,1,0,0.00,0.00,0.00,ACTIVE,NONE,1970,0,P,P,0.00,released,RELEASED
2026-05-27 18:28:02.969,79.3092,,slider,1,0,0.00,0.00,0.00,ACTIVE,NONE,1980,0,P,P,0.00,released,RELEASED
2026-05-27 18:28:03.369,79.7091,,slider,1,0,0.00,0.00,0.00,ACTIVE,NONE,1990,0,P,P,0.00,released,RELEASED
2026-05-27 18:28:03.769,80.1092,,slider,1,0,0.00,0.00,0.00,ACTIVE,NONE,2000,0,P,P,0.00,released,RELEASED
2026-05-27 18:28:04.169,80.5093,,slider,1,0,0.00,0.00,0.00,ACTIVE,NONE,2010,0,P,P,0.00,released,RELEASED
2026-05-27 18:28:04.569,80.9093,,slider,1,0,0.00,0.00,0.00,ACTIVE,NONE,2020,0,P,P,0.00,released,RELEASED
2026-05-27 18:28:04.969,81.3093,,slider,1,0,0.00,0.00,0.00,ACTIVE,NONE,2030,0,P,P,0.00,released,RELEASED
2026-05-27 18:28:05.369,81.7092,,slider,1,0,0.00,0.00,0.00,ACTIVE,NONE,2040,0,P,P,0.00,released,RELEASED
2026-05-27 18:28:05.769,82.1094,,slider,1,0,0.00,0.00,0.00,ACTIVE,NONE,2050,0,P,P,0.00,released,RELEASED
2026-05-27 18:28:06.169,82.5094,,slider,1,0,0.00,0.00,0.00,ACTIVE,NONE,2060,0,P,P,0.00,released,RELEASED
2026-05-27 18:28:06.569,82.9093,,slider,1,0,0.00,0.00,0.00,ACTIVE,NONE,2070,0,P,P,0.00,released,RELEASED
2026-05-27 18:28:06.969,83.3092,,slider,1,0,0.00,0.00,0.00,ACTIVE,NONE,2080,0,P,P,0.00,released,RELEASED
2026-05-27 18:28:07.369,83.7094,,slider,1,0,0.00,0.00,0.00,ACTIVE,NONE,2090,0,P,P,0.00,released,RELEASED
2026-05-27 18:28:07.769,84.1094,,slider,1,0,0.00,0.00,0.00,ACTIVE,NONE,2100,0,P,P,0.00,released,RELEASED
2026-05-27 18:28:08.169,84.5093,,slider,1,0,0.00,0.00,0.00,ACTIVE,NONE,2110,0,P,P,0.00,released,RELEASED
2026-05-27 18:28:08.570,84.9097,,slider,1,0,0.00,0.00,0.00,ACTIVE,NONE,2120,0,P,P,0.00,released,RELEASED
2026-05-27 18:28:08.969,85.3093,,slider,1,0,0.00,0.00,0.00,ACTIVE,NONE,2130,0,P,P,0.00,released,RELEASED
2026-05-27 18:28:09.369,85.7093,,slider,1,0,0.00,0.00,0.00,ACTIVE,NONE,2140,0,P,P,0.00,released,RELEASED
2026-05-27 18:28:09.769,86.1094,,slider,1,0,0.00,0.00,0.00,ACTIVE,NONE,2150,0,P,P,0.00,released,RELEASED
2026-05-27 18:28:10.169,86.5094,,slider,1,0,0.00,0.00,0.00,ACTIVE,NONE,2160,0,P,P,0.00,released,RELEASED
2026-05-27 18:28:10.570,86.9097,,slider,1,0,0.00,0.00,0.00,ACTIVE,NONE,2170,0,P,P,0.00,released,RELEASED
2026-05-27 18:28:10.970,87.3098,,slider,1,0,0.00,0.00,0.00,ACTIVE,NONE,2180,0,P,P,0.00,released,RELEASED
2026-05-27 18:28:11.370,87.7098,,slider,1,0,0.00,0.00,0.00,ACTIVE,NONE,2190,0,P,P,0.00,released,RELEASED
2026-05-27 18:28:11.770,88.1098,,slider,1,0,0.00,0.00,0.00,ACTIVE,NONE,2200,0,P,P,0.00,released,RELEASED
2026-05-27 18:28:12.170,88.5099,,slider,1,0,0.00,0.00,0.00,ACTIVE,NONE,2210,0,P,P,0.00,released,RELEASED
2026-05-27 18:28:12.570,88.9099,,slider,1,0,0.00,0.00,0.00,ACTIVE,NONE,2220,0,P,P,0.00,released,RELEASED
2026-05-27 18:28:12.970,89.3104,,slider,1,0,0.00,0.00,0.00,ACTIVE,NONE,2230,0,P,P,0.00,released,RELEASED
2026-05-27 18:28:13.370,89.7099,,slider,1,0,0.00,0.00,0.00,ACTIVE,NONE,2240,0,P,P,0.00,released,RELEASED
2026-05-27 18:28:13.770,90.1102,,slider,1,0,0.00,0.00,0.00,ACTIVE,NONE,2250,0,P,P,0.00,released,RELEASED
2026-05-27 18:28:14.170,90.5101,,slider,1,0,0.00,0.00,0.00,ACTIVE,NONE,2260,0,P,P,0.00,released,RELEASED
2026-05-27 18:28:14.570,90.9101,,slider,1,0,0.00,0.00,0.00,ACTIVE,NONE,2270,0,P,P,0.00,released,RELEASED
2026-05-27 18:28:14.970,91.3103,,slider,1,0,0.00,0.00,0.00,ACTIVE,NONE,2280,0,P,P,0.00,released,RELEASED
2026-05-27 18:28:15.370,91.7102,,slider,1,0,0.00,0.00,0.00,ACTIVE,NONE,2290,0,P,P,0.00,released,RELEASED
2026-05-27 18:28:15.770,92.1099,,slider,1,0,0.00,0.00,0.00,ACTIVE,NONE,2300,0,P,P,0.00,released,RELEASED
2026-05-27 18:28:16.171,92.5106,,slider,1,0,0.00,0.00,0.00,ACTIVE,NONE,2310,0,P,P,0.00,released,RELEASED
2026-05-27 18:28:16.570,92.9099,,slider,1,0,0.00,0.00,0.00,ACTIVE,NONE,2320,0,P,P,0.00,released,RELEASED
2026-05-27 18:28:16.970,93.3102,,slider,1,0,0.00,0.00,0.00,ACTIVE,NONE,2330,0,P,P,0.00,released,RELEASED
2026-05-27 18:28:17.370,93.7101,,slider,1,0,0.00,0.00,0.00,ACTIVE,NONE,2340,0,P,P,0.00,released,RELEASED
2026-05-27 18:28:17.770,94.1100,,slider,1,0,0.00,0.00,0.00,ACTIVE,NONE,2350,0,P,P,0.00,released,RELEASED
2026-05-27 18:28:18.170,94.5100,,slider,1,0,0.00,0.00,0.00,ACTIVE,NONE,2360,0,P,P,0.00,released,RELEASED
2026-05-27 18:28:18.570,94.9101,,slider,1,0,0.00,0.00,0.00,ACTIVE,NONE,2370,0,P,P,0.00,released,RELEASED
2026-05-27 18:28:18.971,95.3105,,slider,1,0,0.00,0.00,0.00,ACTIVE,NONE,2380,0,P,P,0.00,released,RELEASED
2026-05-27 18:28:19.370,95.7103,,slider,1,0,0.00,0.00,0.00,ACTIVE,NONE,2390,0,P,P,0.00,released,RELEASED
2026-05-27 18:28:19.770,96.1101,,slider,1,0,0.00,0.00,0.00,ACTIVE,NONE,2400,0,P,P,0.00,released,RELEASED
2026-05-27 18:28:20.170,96.5102,,slider,1,0,0.00,0.00,0.00,ACTIVE,NONE,2410,0,P,P,0.00,released,RELEASED
2026-05-27 18:28:20.570,96.9102,,slider,1,0,0.00,0.00,0.00,ACTIVE,NONE,2420,0,P,P,0.00,released,RELEASED
2026-05-27 18:28:20.970,97.3102,,slider,1,0,0.00,0.00,0.00,ACTIVE,NONE,2430,0,P,P,0.00,released,RELEASED
2026-05-27 18:28:21.370,97.7104,,slider,1,0,0.00,0.00,0.00,ACTIVE,NONE,2440,0,P,P,0.00,released,RELEASED
2026-05-27 18:28:21.771,98.1106,,slider,1,0,0.00,0.00,0.00,ACTIVE,NONE,2450,0,P,P,0.00,released,RELEASED
2026-05-27 18:28:22.171,98.5113,,slider,1,0,0.00,0.00,0.00,ACTIVE,NONE,2460,0,P,P,0.00,released,RELEASED
2026-05-27 18:28:22.560,98.8999,,slider,1,0,79.73,36.73,16.00,ACTIVE,NONE,2470,0,P,P,0.00,released,RELEASED
2026-05-27 18:28:22.960,99.3001,,slider,1,0,50.74,55.92,55.90,ACTIVE,NONE,2480,0,P,P,0.00,released,RELEASED
2026-05-27 18:28:23.360,99.7002,,slider,1,0,63.98,54.60,49.80,ACTIVE,NONE,2490,0,P,P,0.00,released,RELEASED
2026-05-27 18:28:23.760,100.1000,,slider,1,0,72.61,68.65,63.10,ACTIVE,NONE,2500,0,P,P,0.00,released,RELEASED
2026-05-27 18:28:24.160,100.5004,,slider,1,0,96.58,88.39,80.60,ACTIVE,NONE,2510,0,P,P,0.00,released,RELEASED
2026-05-27 18:28:24.563,100.9025,,slider,1,0,88.95,92.04,94.90,ACTIVE,NONE,2520,0,P,P,0.00,released,RELEASED
2026-05-27 18:28:24.964,101.3038,,slider,1,0,100.50,95.08,92.00,ACTIVE,NONE,2530,0,P,P,0.00,released,RELEASED
2026-05-27 18:28:25.365,101.7047,,slider,1,0,129.87,122.45,113.40,ACTIVE,NONE,2540,0,P,P,0.00,released,RELEASED
2026-05-27 18:28:25.766,102.1058,,slider,1,0,129.87,130.44,128.50,ACTIVE,NONE,2550,0,P,P,0.00,released,RELEASED
2026-05-27 18:28:26.166,102.5058,,slider,1,0,155.71,152.37,146.00,ACTIVE,NONE,2560,0,P,P,0.00,released,RELEASED
2026-05-27 18:28:26.566,102.9059,,slider,1,0,132.12,140.36,150.80,ACTIVE,NONE,2570,0,P,P,0.00,released,RELEASED
2026-05-27 18:28:26.971,103.3109,,slider,1,0,81.55,160.12,157.20,ACTIVE,NONE,2580,0,P,P,0.00,released,RELEASED
2026-05-27 18:28:27.380,103.7201,,slider,1,0,92.73,93.56,115.50,ACTIVE,NONE,2590,0,P,P,0.00,released,RELEASED
2026-05-27 18:28:27.761,104.1010,,slider,1,0,50.74,65.79,85.70,ACTIVE,NONE,2600,0,P,P,0.00,released,RELEASED
2026-05-27 18:28:28.160,104.5003,,slider,1,0,94.65,85.33,72.20,ACTIVE,NONE,2610,0,P,P,0.00,released,RELEASED
2026-05-27 18:28:28.566,104.9058,,slider,1,0,104.48,105.55,98.70,ACTIVE,NONE,2620,0,P,P,0.00,released,RELEASED
2026-05-27 18:28:28.971,105.3106,,slider,1,0,116.84,111.19,107.50,ACTIVE,NONE,2630,0,P,P,0.00,released,RELEASED
2026-05-27 18:28:29.371,105.7106,,slider,1,0,127.65,124.12,119.20,ACTIVE,NONE,2640,0,P,P,0.00,released,RELEASED
2026-05-27 18:28:29.771,106.1107,,slider,1,0,148.40,137.86,131.50,ACTIVE,NONE,2650,0,P,P,0.00,released,RELEASED
2026-05-27 18:28:30.171,106.5107,,slider,1,0,158.20,156.29,151.40,ACTIVE,NONE,2660,0,P,P,0.00,released,RELEASED
2026-05-27 18:28:30.571,106.9113,,slider,1,0,150.82,151.87,155.60,ACTIVE,NONE,2670,0,P,P,0.00,released,RELEASED
2026-05-27 18:28:30.971,107.3114,,slider,1,0,192.72,182.62,164.70,ACTIVE,NONE,2680,0,P,P,0.00,released,RELEASED
2026-05-27 18:28:31.371,107.7109,,slider,1,0,192.72,193.99,192.70,ACTIVE,NONE,2690,0,P,P,0.00,released,RELEASED
2026-05-27 18:28:31.771,108.1113,,slider,1,0,201.32,200.24,199.70,ACTIVE,NONE,2700,0,P,P,0.00,released,RELEASED
2026-05-27 18:28:32.172,108.5118,,slider,1,0,192.72,198.68,199.90,ACTIVE,NONE,2710,0,P,P,0.00,released,RELEASED
2026-05-27 18:28:32.571,108.9114,,slider,1,0,81.55,186.66,198.60,ACTIVE,NONE,2720,0,P,P,0.00,released,RELEASED
2026-05-27 18:28:32.975,109.3151,,slider,1,0,83.37,114.66,141.60,ACTIVE,NONE,2730,0,P,P,0.00,released,RELEASED
2026-05-27 18:28:33.360,109.7004,,slider,1,0,106.50,99.84,94.80,ACTIVE,NONE,2740,0,P,P,0.00,released,RELEASED
2026-05-27 18:28:33.764,110.1044,,slider,1,0,77.93,99.23,103.60,ACTIVE,NONE,2750,0,P,P,0.00,released,RELEASED
2026-05-27 18:28:34.171,110.5111,,slider,1,0,79.73,79.58,83.50,ACTIVE,NONE,2760,0,P,P,0.00,released,RELEASED
2026-05-27 18:28:34.572,110.9119,,slider,1,0,67.40,73.22,77.10,ACTIVE,NONE,2770,0,P,P,0.00,released,RELEASED
2026-05-27 18:28:34.972,111.3119,,slider,1,0,55.63,56.70,59.10,ACTIVE,NONE,2780,0,P,P,0.00,released,RELEASED
2026-05-27 18:28:35.372,111.7118,,slider,1,0,39.64,45.64,50.70,ACTIVE,NONE,2790,0,P,P,0.00,released,RELEASED
2026-05-27 18:28:35.772,112.1121,,slider,1,0,41.20,42.27,42.20,ACTIVE,NONE,2800,0,P,P,0.00,released,RELEASED
2026-05-27 18:28:36.172,112.5123,,slider,1,0,28.89,30.86,34.40,ACTIVE,NONE,2810,0,P,P,0.00,released,RELEASED
2026-05-27 18:28:36.572,112.9121,,slider,1,0,24.36,29.87,29.80,ACTIVE,NONE,2820,0,P,P,0.00,released,RELEASED
2026-05-27 18:28:36.973,113.3129,,slider,1,0,0.00,4.28,10.80,ACTIVE,NONE,2830,0,P,P,0.00,released,RELEASED
2026-05-27 18:28:37.362,113.7015,,slider,1,0,-70.86,-43.42,-23.50,ACTIVE,NONE,2840,0,P,P,0.00,released,RELEASED
2026-05-27 18:28:37.765,114.1052,,slider,1,0,39.64,-22.92,-44.00,ACTIVE,NONE,2850,0,P,P,0.00,released,RELEASED
2026-05-27 18:28:38.177,114.5172,,slider,1,0,62.29,49.08,22.00,ACTIVE,NONE,2860,0,P,P,0.00,released,RELEASED
2026-05-27 18:28:38.562,114.9018,,slider,1,0,-24.36,-0.92,22.10,ACTIVE,NONE,2870,0,P,P,0.00,released,RELEASED
2026-05-27 18:28:38.965,115.3052,,slider,1,0,0.00,-1.98,-4.10,ACTIVE,NONE,2880,0,P,P,0.00,released,RELEASED
2026-05-27 18:28:39.365,115.7051,,slider,1,0,0.00,-0.10,-0.90,ACTIVE,NONE,2890,0,P,P,0.00,released,RELEASED
2026-05-27 18:28:39.765,116.1052,,slider,1,0,0.00,-0.00,-0.20,ACTIVE,NONE,2900,0,P,P,0.00,released,RELEASED
2026-05-27 18:28:40.165,116.5051,,slider,1,0,0.00,-0.00,-0.10,ACTIVE,NONE,2910,0,P,P,0.00,released,RELEASED
2026-05-27 18:28:40.565,116.9051,,slider,1,0,0.00,-0.00,-0.10,ACTIVE,NONE,2920,0,P,P,0.00,released,RELEASED
2026-05-27 18:28:40.965,117.3052,,slider,1,0,0.00,-0.00,-0.10,ACTIVE,NONE,2930,0,P,P,0.00,released,RELEASED
2026-05-27 18:28:41.365,117.7053,,slider,1,0,0.00,-0.00,-0.10,ACTIVE,NONE,2940,0,P,P,0.00,released,RELEASED
2026-05-27 18:28:41.765,118.1053,,slider,1,0,0.00,-0.00,-0.10,ACTIVE,NONE,2950,0,P,P,0.00,released,RELEASED
2026-05-27 18:28:42.165,118.5054,,slider,1,0,0.00,-0.00,-0.10,ACTIVE,NONE,2960,0,P,P,0.00,released,RELEASED
2026-05-27 18:28:42.565,118.9052,,slider,1,0,0.00,-0.00,-0.10,ACTIVE,NONE,2970,0,P,P,0.00,released,RELEASED
2026-05-27 18:28:42.970,119.3099,,slider,1,0,0.00,-0.00,-0.10,ACTIVE,NONE,2980,0,P,P,0.00,released,RELEASED
2026-05-27 18:28:43.370,119.7097,,slider,1,0,0.00,-0.00,-0.10,ACTIVE,NONE,2990,0,P,P,0.00,released,RELEASED
2026-05-27 18:28:43.770,120.1095,,slider,1,0,0.00,-0.00,-0.10,ACTIVE,NONE,3000,0,P,P,0.00,released,RELEASED
2026-05-27 18:28:44.170,120.5097,,slider,1,0,0.00,-0.00,0.00,ACTIVE,NONE,3010,0,P,P,0.00,released,RELEASED
2026-05-27 18:28:44.570,120.9097,,slider,1,0,0.00,-0.00,0.00,ACTIVE,NONE,3020,0,P,P,0.00,released,RELEASED
2026-05-27 18:28:44.970,121.3101,,slider,1,0,0.00,-0.00,0.00,ACTIVE,NONE,3030,0,P,P,0.00,released,RELEASED
2026-05-27 18:28:45.370,121.7099,,slider,1,0,0.00,-0.00,0.00,ACTIVE,NONE,3040,0,P,P,0.00,released,RELEASED
2026-05-27 18:28:45.770,122.1100,,slider,1,0,0.00,-0.00,0.00,ACTIVE,NONE,3050,0,P,P,0.00,released,RELEASED
2026-05-27 18:28:46.170,122.5100,,slider,1,0,0.00,-0.00,0.00,ACTIVE,NONE,3060,0,P,P,0.00,released,RELEASED
2026-05-27 18:28:46.570,122.9102,,slider,1,0,0.00,-0.00,0.00,ACTIVE,NONE,3070,0,P,P,0.00,released,RELEASED
2026-05-27 18:28:46.970,123.3102,,slider,1,0,0.00,-0.00,0.00,ACTIVE,NONE,3080,0,P,P,0.00,released,RELEASED
2026-05-27 18:28:47.371,123.7105,,slider,1,0,0.00,-0.00,0.00,ACTIVE,NONE,3090,0,P,P,0.00,released,RELEASED
2026-05-27 18:28:47.770,124.1102,,slider,1,0,0.00,-0.00,0.00,ACTIVE,NONE,3100,0,P,P,0.00,released,RELEASED
2026-05-27 18:28:48.170,124.5102,,slider,1,0,0.00,-0.00,0.00,ACTIVE,NONE,3110,0,P,P,0.00,released,RELEASED
2026-05-27 18:28:48.570,124.9104,,slider,1,0,0.00,-0.00,0.00,ACTIVE,NONE,3120,0,P,P,0.00,released,RELEASED
2026-05-27 18:28:48.971,125.3106,,slider,1,0,0.00,-0.00,0.00,ACTIVE,NONE,3130,0,P,P,0.00,released,RELEASED
2026-05-27 18:28:49.371,125.7106,,slider,1,0,0.00,-0.00,0.00,ACTIVE,NONE,3140,0,P,P,0.00,released,RELEASED
2026-05-27 18:28:49.771,126.1105,,slider,1,0,0.00,-0.00,0.00,ACTIVE,NONE,3150,0,P,P,0.00,released,RELEASED
2026-05-27 18:28:50.171,126.5106,,slider,1,0,0.00,-0.00,0.00,ACTIVE,NONE,3160,0,P,P,0.00,released,RELEASED
2026-05-27 18:28:50.570,126.9103,,slider,1,0,0.00,-0.00,0.00,ACTIVE,NONE,3170,0,P,P,0.00,released,RELEASED
2026-05-27 18:28:50.971,127.3109,,slider,1,0,0.00,-0.00,0.00,ACTIVE,NONE,3180,0,P,P,0.00,released,RELEASED
2026-05-27 18:28:51.371,127.7109,,slider,1,0,0.00,-0.00,0.00,ACTIVE,NONE,3190,0,P,P,0.00,released,RELEASED
2026-05-27 18:28:51.771,128.1105,,slider,1,0,0.00,-0.00,0.00,ACTIVE,NONE,3200,0,P,P,0.00,released,RELEASED
2026-05-27 18:28:52.171,128.5107,,slider,1,0,0.00,-0.00,0.00,ACTIVE,NONE,3210,0,P,P,0.00,released,RELEASED
2026-05-27 18:28:52.571,128.9107,,slider,1,0,0.00,-0.00,0.00,ACTIVE,NONE,3220,0,P,P,0.00,released,RELEASED
2026-05-27 18:28:52.971,129.3107,,slider,1,0,0.00,-0.00,0.00,ACTIVE,NONE,3230,0,P,P,0.00,released,RELEASED
2026-05-27 18:28:53.371,129.7111,,slider,1,0,0.00,-0.00,0.00,ACTIVE,NONE,3240,0,P,P,0.00,released,RELEASED
2026-05-27 18:28:53.771,130.1108,,slider,1,0,0.00,-0.00,0.00,ACTIVE,NONE,3250,0,P,P,0.00,released,RELEASED
2026-05-27 18:28:54.171,130.5107,,slider,1,0,0.00,-0.00,0.00,ACTIVE,NONE,3260,0,P,P,0.00,released,RELEASED
2026-05-27 18:28:54.571,130.9106,,slider,1,0,0.00,-0.00,0.00,ACTIVE,NONE,3270,0,P,P,0.00,released,RELEASED
2026-05-27 18:28:54.972,131.3116,,slider,1,0,0.00,-0.00,0.00,ACTIVE,NONE,3280,0,P,P,0.00,released,RELEASED
2026-05-27 18:28:55.371,131.7107,,slider,1,0,0.00,-0.00,0.00,ACTIVE,NONE,3290,0,P,P,0.00,released,RELEASED
2026-05-27 18:28:55.771,132.1110,,slider,1,0,0.00,-0.00,0.00,ACTIVE,NONE,3300,0,P,P,0.00,released,RELEASED
2026-05-27 18:28:56.171,132.5108,,slider,1,0,0.00,-0.00,0.00,ACTIVE,NONE,3310,0,P,P,0.00,released,RELEASED
2026-05-27 18:28:56.571,132.9109,,slider,1,0,0.00,-0.00,0.00,ACTIVE,NONE,3320,0,P,P,0.00,released,RELEASED
2026-05-27 18:28:56.971,133.3109,,slider,1,0,0.00,-0.00,0.00,ACTIVE,NONE,3330,0,P,P,0.00,released,RELEASED
2026-05-27 18:28:57.371,133.7108,,slider,1,0,0.00,-0.00,0.00,ACTIVE,NONE,3340,0,P,P,0.00,released,RELEASED
2026-05-27 18:28:57.771,134.1114,,slider,1,0,0.00,-0.00,0.00,ACTIVE,NONE,3350,0,P,P,0.00,released,RELEASED
2026-05-27 18:28:58.171,134.5114,,slider,1,0,0.00,-0.00,0.00,ACTIVE,NONE,3360,0,P,P,0.00,released,RELEASED
2026-05-27 18:28:58.571,134.9114,,slider,1,0,0.00,-0.00,0.00,ACTIVE,NONE,3370,0,P,P,0.00,released,RELEASED
2026-05-27 18:28:58.971,135.3110,,slider,1,0,0.00,-0.00,0.00,ACTIVE,NONE,3380,0,P,P,0.00,released,RELEASED
2026-05-27 18:28:59.371,135.7110,,slider,1,0,0.00,-0.00,0.00,ACTIVE,NONE,3390,0,P,P,0.00,released,RELEASED
2026-05-27 18:28:59.771,136.1114,,slider,1,0,0.00,-0.00,0.00,ACTIVE,NONE,3400,0,P,P,0.00,released,RELEASED
2026-05-27 18:29:00.172,136.5116,,slider,1,0,0.00,-0.00,0.00,ACTIVE,NONE,3410,0,P,P,0.00,released,RELEASED
2026-05-27 18:29:00.571,136.9113,,slider,1,0,0.00,-0.00,0.00,ACTIVE,NONE,3420,0,P,P,0.00,released,RELEASED
2026-05-27 18:29:00.972,137.3115,,slider,1,0,0.00,-0.00,0.00,ACTIVE,NONE,3430,0,P,P,0.00,released,RELEASED
2026-05-27 18:29:01.372,137.7117,,slider,1,0,0.00,-0.00,0.00,ACTIVE,NONE,3440,0,P,P,0.00,released,RELEASED
2026-05-27 18:29:01.772,138.1123,,slider,1,0,0.00,-0.00,0.00,ACTIVE,NONE,3450,0,P,P,0.00,released,RELEASED
2026-05-27 18:29:02.172,138.5121,,slider,1,0,0.00,-0.00,0.00,ACTIVE,NONE,3460,0,P,P,0.00,released,RELEASED
2026-05-27 18:29:02.572,138.9115,,slider,1,0,0.00,-0.00,0.00,ACTIVE,NONE,3470,0,P,P,0.00,released,RELEASED
2026-05-27 18:29:02.972,139.3119,,slider,1,0,0.00,-0.00,0.00,ACTIVE,NONE,3480,0,P,P,0.00,released,RELEASED
2026-05-27 18:29:03.372,139.7118,,slider,1,0,0.00,-0.00,0.00,ACTIVE,NONE,3490,0,P,P,0.00,released,RELEASED
2026-05-27 18:29:03.772,140.1115,,slider,1,0,0.00,-0.00,0.00,ACTIVE,NONE,3500,0,P,P,0.00,released,RELEASED
2026-05-27 18:29:04.172,140.5121,,slider,1,0,0.00,-0.00,0.00,ACTIVE,NONE,3510,0,P,P,0.00,released,RELEASED
2026-05-27 18:29:04.572,140.9119,,slider,1,0,0.00,-0.00,0.00,ACTIVE,NONE,3520,0,P,P,0.00,released,RELEASED
2026-05-27 18:29:04.972,141.3117,,slider,1,0,0.00,-0.00,0.00,ACTIVE,NONE,3530,0,P,P,0.00,released,RELEASED
2026-05-27 18:29:05.372,141.7122,,slider,1,0,0.00,-0.00,0.00,ACTIVE,NONE,3540,0,P,P,0.00,released,RELEASED
2026-05-27 18:29:05.773,142.1128,,slider,1,0,0.00,-0.00,0.00,ACTIVE,NONE,3550,0,P,P,0.00,released,RELEASED
2026-05-27 18:29:06.173,142.5126,,slider,1,0,0.00,-0.00,0.00,ACTIVE,NONE,3560,0,P,P,0.00,released,RELEASED
2026-05-27 18:29:06.572,142.9124,,slider,1,0,0.00,-0.00,0.00,ACTIVE,NONE,3570,0,P,P,0.00,released,RELEASED
2026-05-27 18:29:06.973,143.3127,,slider,1,0,0.00,-0.00,0.00,ACTIVE,NONE,3580,0,P,P,0.00,released,RELEASED
2026-05-27 18:29:07.372,143.7124,,slider,1,0,0.00,-0.00,0.00,ACTIVE,NONE,3590,0,P,P,0.00,released,RELEASED
2026-05-27 18:29:07.773,144.1126,,slider,1,0,0.00,-0.00,0.00,ACTIVE,NONE,3600,0,P,P,0.00,released,RELEASED
2026-05-27 18:29:08.173,144.5126,,slider,1,0,0.00,-0.00,0.00,ACTIVE,NONE,3610,0,P,P,0.00,released,RELEASED
2026-05-27 18:29:08.573,144.9127,,slider,1,0,0.00,-0.00,0.00,ACTIVE,NONE,3620,0,P,P,0.00,released,RELEASED
2026-05-27 18:29:08.973,145.3128,,slider,1,0,0.00,-0.00,0.00,ACTIVE,NONE,3630,0,P,P,0.00,released,RELEASED
2026-05-27 18:29:09.373,145.7128,,slider,1,0,0.00,-0.00,0.00,ACTIVE,NONE,3640,0,P,P,0.00,released,RELEASED
2026-05-27 18:29:09.772,146.1125,,slider,1,0,0.00,-0.00,0.00,ACTIVE,NONE,3650,0,P,P,0.00,released,RELEASED
2026-05-27 18:29:10.173,146.5130,,slider,1,0,0.00,-0.00,0.00,ACTIVE,NONE,3660,0,P,P,0.00,released,RELEASED
2026-05-27 18:29:10.573,146.9129,,slider,1,0,0.00,-0.00,0.00,ACTIVE,NONE,3670,0,P,P,0.00,released,RELEASED
2026-05-27 18:29:10.973,147.3131,,slider,1,0,0.00,-0.00,0.00,ACTIVE,NONE,3680,0,P,P,0.00,released,RELEASED
2026-05-27 18:29:11.373,147.7129,,slider,1,0,0.00,-0.00,0.00,ACTIVE,NONE,3690,0,P,P,0.00,released,RELEASED
2026-05-27 18:29:11.773,148.1127,,slider,1,0,0.00,-0.00,0.00,ACTIVE,NONE,3700,0,P,P,0.00,released,RELEASED
2026-05-27 18:29:12.173,148.5128,,slider,1,0,0.00,-0.00,0.00,ACTIVE,NONE,3710,0,P,P,0.00,released,RELEASED
2026-05-27 18:29:12.573,148.9126,,slider,1,0,0.00,-0.00,0.00,ACTIVE,NONE,3720,0,P,P,0.00,released,RELEASED
2026-05-27 18:29:12.973,149.3130,,slider,1,0,0.00,-0.00,0.00,ACTIVE,NONE,3730,0,P,P,0.00,released,RELEASED
2026-05-27 18:29:13.373,149.7133,,slider,1,0,0.00,-0.00,0.00,ACTIVE,NONE,3740,0,P,P,0.00,released,RELEASED
2026-05-27 18:29:13.773,150.1129,,slider,1,0,0.00,-0.00,0.00,ACTIVE,NONE,3750,0,P,P,0.00,released,RELEASED
2026-05-27 18:29:14.173,150.5132,,slider,1,0,0.00,-0.00,0.00,ACTIVE,NONE,3760,0,P,P,0.00,released,RELEASED
2026-05-27 18:29:14.573,150.9129,,slider,1,0,0.00,-0.00,0.00,ACTIVE,NONE,3770,0,P,P,0.00,released,RELEASED
2026-05-27 18:29:14.973,151.3129,,slider,1,0,0.00,-0.00,0.00,ACTIVE,NONE,3780,0,P,P,0.00,released,RELEASED
2026-05-27 18:29:15.373,151.7133,,slider,1,0,0.00,-0.00,0.00,ACTIVE,NONE,3790,0,P,P,0.00,released,RELEASED
2026-05-27 18:29:15.773,152.1133,,slider,1,0,0.00,-0.00,0.00,ACTIVE,NONE,3800,0,P,P,0.00,released,RELEASED
2026-05-27 18:29:16.173,152.5130,,slider,1,0,0.00,-0.00,0.00,ACTIVE,NONE,3810,0,P,P,0.00,released,RELEASED
2026-05-27 18:29:16.573,152.9133,,slider,1,0,0.00,-0.00,0.00,ACTIVE,NONE,3820,0,P,P,0.00,released,RELEASED
2026-05-27 18:29:16.973,153.3130,,slider,1,0,0.00,-0.00,0.00,ACTIVE,NONE,3830,0,P,P,0.00,released,RELEASED
2026-05-27 18:29:17.374,153.7135,,slider,1,0,0.00,-0.00,0.00,ACTIVE,NONE,3840,0,P,P,0.00,released,RELEASED
2026-05-27 18:29:17.773,154.1131,,slider,1,0,0.00,-0.00,0.00,ACTIVE,NONE,3850,0,P,P,0.00,released,RELEASED
2026-05-27 18:29:18.173,154.5133,,slider,1,0,0.00,-0.00,0.00,ACTIVE,NONE,3860,0,P,P,0.00,released,RELEASED
2026-05-27 18:29:18.563,154.9027,,slider,1,0,0.00,-0.00,0.00,ACTIVE,NONE,3870,0,P,P,0.00,released,RELEASED
2026-05-27 18:29:18.962,155.3024,,slider,1,0,0.00,-0.00,0.00,ACTIVE,NONE,3880,0,P,P,0.00,released,RELEASED
2026-05-27 18:29:19.363,155.7030,,slider,1,0,0.00,-0.00,0.20,ACTIVE,NONE,3890,0,P,P,0.00,released,RELEASED
2026-05-27 18:29:19.763,156.1027,,slider,1,0,0.00,-0.00,-0.10,ACTIVE,NONE,3900,0,P,P,0.00,released,RELEASED
2026-05-27 18:29:20.163,156.5029,,slider,1,0,0.00,-0.00,-0.10,ACTIVE,NONE,3910,0,P,P,0.00,released,RELEASED
2026-05-27 18:29:20.563,156.9031,,slider,1,0,0.00,-0.00,-0.10,ACTIVE,NONE,3920,0,P,P,0.00,released,RELEASED
2026-05-27 18:29:20.963,157.3030,,slider,1,0,0.00,-0.00,0.00,ACTIVE,NONE,3930,0,P,P,0.00,released,RELEASED
2026-05-27 18:29:21.363,157.7030,,slider,1,0,0.00,-0.00,0.00,ACTIVE,NONE,3940,0,P,P,0.00,released,RELEASED
2026-05-27 18:29:21.763,158.1029,,slider,1,0,0.00,-0.00,0.00,ACTIVE,NONE,3950,0,P,P,0.00,released,RELEASED
2026-05-27 18:29:22.163,158.5028,,slider,1,0,0.00,-0.00,0.00,ACTIVE,NONE,3960,0,P,P,0.00,released,RELEASED
2026-05-27 18:29:22.563,158.9029,,slider,1,0,0.00,-0.00,0.00,ACTIVE,NONE,3970,0,P,P,0.00,released,RELEASED
2026-05-27 18:29:22.963,159.3030,,slider,1,0,0.00,-0.00,0.00,ACTIVE,NONE,3980,0,P,P,0.00,released,RELEASED
2026-05-27 18:29:23.363,159.7028,,slider,1,0,0.00,-0.00,0.00,ACTIVE,NONE,3990,0,P,P,0.00,released,RELEASED
2026-05-27 18:29:23.763,160.1025,,slider,1,0,0.00,-0.00,0.00,ACTIVE,NONE,4000,0,P,P,0.00,released,RELEASED
2026-05-27 18:29:24.163,160.5026,,slider,1,0,0.00,-0.00,0.00,ACTIVE,NONE,4010,0,P,P,0.00,released,RELEASED
2026-05-27 18:29:24.563,160.9026,,slider,1,0,0.00,-0.00,0.00,ACTIVE,NONE,4020,0,P,P,0.00,released,RELEASED
2026-05-27 18:29:24.963,161.3026,,slider,1,0,0.00,-0.00,0.00,ACTIVE,NONE,4030,0,P,P,0.00,released,RELEASED
2026-05-27 18:29:25.363,161.7026,,slider,1,0,0.00,-0.00,0.00,ACTIVE,NONE,4040,0,P,P,0.00,released,RELEASED
2026-05-27 18:29:25.763,162.1030,,slider,1,0,0.00,-0.00,0.00,ACTIVE,NONE,4050,0,P,P,0.00,released,RELEASED
2026-05-27 18:29:26.163,162.5032,,slider,1,0,0.00,-0.00,0.00,ACTIVE,NONE,4060,0,P,P,0.00,released,RELEASED
2026-05-27 18:29:26.563,162.9033,,slider,1,0,0.00,-0.00,0.00,ACTIVE,NONE,4070,0,P,P,0.00,released,RELEASED
2026-05-27 18:29:26.963,163.3026,,slider,1,0,0.00,-0.00,0.00,ACTIVE,NONE,4080,0,P,P,0.00,released,RELEASED
2026-05-27 18:29:27.363,163.7028,,slider,1,0,0.00,-0.00,0.00,ACTIVE,NONE,4090,0,P,P,0.00,released,RELEASED
2026-05-27 18:29:27.763,164.1028,,slider,1,0,0.00,-0.00,0.00,ACTIVE,NONE,4100,0,P,P,0.00,released,RELEASED
2026-05-27 18:29:28.164,164.5035,,slider,1,0,0.00,-0.00,0.00,ACTIVE,NONE,4110,0,P,P,0.00,released,RELEASED
2026-05-27 18:29:28.563,164.9033,,slider,1,0,0.00,-0.00,0.00,ACTIVE,NONE,4120,0,P,P,0.00,released,RELEASED
2026-05-27 18:29:28.963,165.3027,,slider,1,0,0.00,-0.00,0.00,ACTIVE,NONE,4130,0,P,P,0.00,released,RELEASED
2026-05-27 18:29:29.363,165.7032,,slider,1,0,0.00,-0.00,0.00,ACTIVE,NONE,4140,0,P,P,0.00,released,RELEASED
2026-05-27 18:29:29.763,166.1030,,slider,1,0,0.00,-0.00,0.00,ACTIVE,NONE,4150,0,P,P,0.00,released,RELEASED
2026-05-27 18:29:30.163,166.5031,,slider,1,0,0.00,-0.00,0.00,ACTIVE,NONE,4160,0,P,P,0.00,released,RELEASED
2026-05-27 18:29:30.563,166.9031,,slider,1,0,0.00,-0.00,0.00,ACTIVE,NONE,4170,0,P,P,0.00,released,RELEASED
2026-05-27 18:29:30.963,167.3031,,slider,1,0,0.00,-0.00,0.00,ACTIVE,NONE,4180,0,P,P,0.00,released,RELEASED
2026-05-27 18:29:31.363,167.7034,,slider,1,0,0.00,-0.00,0.00,ACTIVE,NONE,4190,0,P,P,0.00,released,RELEASED
2026-05-27 18:29:31.763,168.1030,,slider,1,0,0.00,-0.00,0.00,ACTIVE,NONE,4200,0,P,P,0.00,released,RELEASED
2026-05-27 18:29:32.163,168.5031,,slider,1,0,0.00,-0.00,0.00,ACTIVE,NONE,4210,0,P,P,0.00,released,RELEASED
2026-05-27 18:29:32.563,168.9033,,slider,1,0,0.00,-0.00,0.00,ACTIVE,NONE,4220,0,P,P,0.00,released,RELEASED
2026-05-27 18:29:32.963,169.3033,,slider,1,0,0.00,-0.00,0.00,ACTIVE,NONE,4230,0,P,P,0.00,released,RELEASED
2026-05-27 18:29:33.363,169.7032,,slider,1,0,0.00,-0.00,0.00,ACTIVE,NONE,4240,0,P,P,0.00,released,RELEASED
2026-05-27 18:29:33.763,170.1033,,slider,1,0,0.00,-0.00,0.00,ACTIVE,NONE,4250,0,P,P,0.00,released,RELEASED
2026-05-27 18:29:34.164,170.5035,,slider,1,0,0.00,-0.00,0.00,ACTIVE,NONE,4260,0,P,P,0.00,released,RELEASED
2026-05-27 18:29:34.563,170.9034,,slider,1,0,0.00,-0.00,0.00,ACTIVE,NONE,4270,0,P,P,0.00,released,RELEASED
2026-05-27 18:29:34.963,171.3034,,slider,1,0,0.00,-0.00,0.00,ACTIVE,NONE,4280,0,P,P,0.00,released,RELEASED
2026-05-27 18:29:35.364,171.7035,,slider,1,0,0.00,-0.00,0.00,ACTIVE,NONE,4290,0,P,P,0.00,released,RELEASED
2026-05-27 18:29:35.764,172.1036,,slider,1,0,0.00,-0.00,0.00,ACTIVE,NONE,4300,0,P,P,0.00,released,RELEASED
2026-05-27 18:29:36.164,172.5036,,slider,1,0,0.00,-0.00,0.00,ACTIVE,NONE,4310,0,P,P,0.00,released,RELEASED
2026-05-27 18:29:36.564,172.9036,,slider,1,0,0.00,-0.00,0.00,ACTIVE,NONE,4320,0,P,P,0.00,released,RELEASED
2026-05-27 18:29:36.964,173.3036,,slider,1,0,0.00,-0.00,0.00,ACTIVE,NONE,4330,0,P,P,0.00,released,RELEASED
2026-05-27 18:29:37.364,173.7037,,slider,1,0,0.00,-0.00,0.00,ACTIVE,NONE,4340,0,P,P,0.00,released,RELEASED
2026-05-27 18:29:37.764,174.1036,,slider,1,0,0.00,-0.00,0.00,ACTIVE,NONE,4350,0,P,P,0.00,released,RELEASED
2026-05-27 18:29:38.164,174.5041,,slider,1,0,0.00,-0.00,0.00,ACTIVE,NONE,4360,0,P,P,0.00,released,RELEASED
2026-05-27 18:29:38.564,174.9036,,slider,1,0,0.00,-0.00,0.00,ACTIVE,NONE,4370,0,P,P,0.00,released,RELEASED
2026-05-27 18:29:38.964,175.3037,,slider,1,0,0.00,-0.00,0.00,ACTIVE,NONE,4380,0,P,P,0.00,released,RELEASED
2026-05-27 18:29:39.364,175.7038,,slider,1,0,0.00,-0.00,0.00,ACTIVE,NONE,4390,0,P,P,0.00,released,RELEASED
2026-05-27 18:29:39.764,176.1038,,slider,1,0,0.00,-0.00,0.00,ACTIVE,NONE,4400,0,P,P,0.00,released,RELEASED
2026-05-27 18:29:40.167,176.5069,,slider,1,0,0.00,53.73,33.80,ACTIVE,NONE,4410,0,P,P,0.00,released,RELEASED
2026-05-27 18:29:40.572,176.9122,,slider,1,0,0.00,2.64,13.80,ACTIVE,NONE,4420,0,P,P,0.00,released,RELEASED
2026-05-27 18:29:40.973,177.3126,,slider,1,0,0.00,0.13,2.30,ACTIVE,NONE,4430,0,P,P,0.00,released,RELEASED
2026-05-27 18:29:41.373,177.7125,,slider,1,0,0.00,0.01,0.50,ACTIVE,NONE,4440,0,P,P,0.00,released,RELEASED
2026-05-27 18:29:41.772,178.1124,,slider,1,0,0.00,0.00,-0.10,ACTIVE,NONE,4450,0,P,P,0.00,released,RELEASED
2026-05-27 18:29:42.173,178.5125,,slider,1,0,0.00,0.00,-0.10,ACTIVE,NONE,4460,0,P,P,0.00,released,RELEASED
2026-05-27 18:29:42.572,178.9122,,slider,1,0,0.00,0.00,-0.10,ACTIVE,NONE,4470,0,P,P,0.00,released,RELEASED
2026-05-27 18:29:42.973,179.3127,,slider,1,0,0.00,0.00,-0.10,ACTIVE,NONE,4480,0,P,P,0.00,released,RELEASED
2026-05-27 18:29:43.373,179.7125,,slider,1,0,0.00,0.00,-0.10,ACTIVE,NONE,4490,0,P,P,0.00,released,RELEASED
2026-05-27 18:29:43.773,180.1128,,slider,1,0,0.00,0.00,-0.10,ACTIVE,NONE,4500,0,P,P,0.00,released,RELEASED
2026-05-27 18:29:44.173,180.5130,,slider,1,0,0.00,0.00,-0.10,ACTIVE,NONE,4510,0,P,P,0.00,released,RELEASED
2026-05-27 18:29:44.573,180.9125,,slider,1,0,0.00,0.00,-0.10,ACTIVE,NONE,4520,0,P,P,0.00,released,RELEASED
2026-05-27 18:29:44.973,181.3131,,slider,1,0,0.00,0.00,-0.10,ACTIVE,NONE,4530,0,P,P,0.00,released,RELEASED
2026-05-27 18:29:45.373,181.7128,,slider,1,0,0.00,0.00,-0.10,ACTIVE,NONE,4540,0,P,P,0.00,released,RELEASED
2026-05-27 18:29:45.773,182.1127,,slider,1,0,0.00,0.00,-0.10,ACTIVE,NONE,4550,0,P,P,0.00,released,RELEASED
2026-05-27 18:29:46.173,182.5134,,slider,1,0,0.00,0.00,-0.10,ACTIVE,NONE,4560,0,P,P,0.00,released,RELEASED
2026-05-27 18:29:46.573,182.9130,,slider,1,0,0.00,0.00,-0.10,ACTIVE,NONE,4570,0,P,P,0.00,released,RELEASED
2026-05-27 18:29:46.973,183.3134,,slider,1,0,0.00,0.00,-0.10,ACTIVE,NONE,4580,0,P,P,0.00,released,RELEASED
2026-05-27 18:29:47.374,183.7135,,slider,1,0,0.00,0.00,-0.10,ACTIVE,NONE,4590,0,P,P,0.00,released,RELEASED
2026-05-27 18:29:47.774,184.1135,,slider,1,0,0.00,0.00,-0.10,ACTIVE,NONE,4600,0,P,P,0.00,released,RELEASED
2026-05-27 18:29:48.174,184.5137,,slider,1,0,0.00,0.00,-0.10,ACTIVE,NONE,4610,0,P,P,0.00,released,RELEASED
2026-05-27 18:29:48.574,184.9135,,slider,1,0,0.00,0.00,-0.10,ACTIVE,NONE,4620,0,P,P,0.00,released,RELEASED
2026-05-27 18:29:48.973,185.3133,,slider,1,0,0.00,0.00,-0.10,ACTIVE,NONE,4630,0,P,P,0.00,released,RELEASED
2026-05-27 18:29:49.374,185.7138,,slider,1,0,0.00,0.00,0.00,ACTIVE,NONE,4640,0,P,P,0.00,released,RELEASED
2026-05-27 18:29:49.774,186.1136,,slider,1,0,0.00,0.00,0.00,ACTIVE,NONE,4650,0,P,P,0.00,released,RELEASED
2026-05-27 18:29:50.174,186.5137,,slider,1,0,0.00,0.00,0.00,ACTIVE,NONE,4660,0,P,P,0.00,released,RELEASED
2026-05-27 18:29:50.574,186.9137,,slider,1,0,0.00,0.00,0.00,ACTIVE,NONE,4670,0,P,P,0.00,released,RELEASED
2026-05-27 18:29:50.973,187.3133,,slider,1,0,0.00,0.00,0.00,ACTIVE,NONE,4680,0,P,P,0.00,released,RELEASED
2026-05-27 18:29:51.374,187.7138,,slider,1,0,0.00,0.00,0.00,ACTIVE,NONE,4690,0,P,P,0.00,released,RELEASED
2026-05-27 18:29:51.774,188.1135,,slider,1,0,0.00,0.00,0.00,ACTIVE,NONE,4700,0,P,P,0.00,released,RELEASED
2026-05-27 18:29:52.174,188.5138,,slider,1,0,0.00,0.00,0.00,ACTIVE,NONE,4710,0,P,P,0.00,released,RELEASED
2026-05-27 18:29:52.574,188.9136,,slider,1,0,0.00,0.00,0.00,ACTIVE,NONE,4720,0,P,P,0.00,released,RELEASED
2026-05-27 18:29:52.974,189.3138,,slider,1,0,0.00,0.00,0.00,ACTIVE,NONE,4730,0,P,P,0.00,released,RELEASED
2026-05-27 18:29:53.374,189.7138,,slider,1,0,0.00,0.00,0.00,ACTIVE,NONE,4740,0,P,P,0.00,released,RELEASED
2026-05-27 18:29:53.774,190.1137,,slider,1,0,0.00,0.00,0.00,ACTIVE,NONE,4750,0,P,P,0.00,released,RELEASED
2026-05-27 18:29:54.174,190.5139,,slider,1,0,0.00,0.00,0.00,ACTIVE,NONE,4760,0,P,P,0.00,released,RELEASED
2026-05-27 18:29:54.574,190.9139,,slider,1,0,0.00,0.00,0.00,ACTIVE,NONE,4770,0,P,P,0.00,released,RELEASED
2026-05-27 18:29:54.974,191.3138,,slider,1,0,0.00,0.00,0.00,ACTIVE,NONE,4780,0,P,P,0.00,released,RELEASED
2026-05-27 18:29:55.374,191.7141,,slider,1,0,0.00,0.00,0.00,ACTIVE,NONE,4790,0,P,P,0.00,released,RELEASED
2026-05-27 18:29:55.774,192.1137,,slider,1,0,0.00,0.00,0.00,ACTIVE,NONE,4800,0,P,P,0.00,released,RELEASED
2026-05-27 18:29:56.174,192.5138,,slider,1,0,0.00,0.00,0.00,ACTIVE,NONE,4810,0,P,P,0.00,released,RELEASED
2026-05-27 18:29:56.574,192.9138,,slider,1,0,0.00,0.00,0.00,ACTIVE,NONE,4820,0,P,P,0.00,released,RELEASED
2026-05-27 18:29:56.974,193.3143,,slider,1,0,0.00,0.00,0.00,ACTIVE,NONE,4830,0,P,P,0.00,released,RELEASED
2026-05-27 18:29:57.374,193.7143,,slider,1,0,0.00,0.00,0.00,ACTIVE,NONE,4840,0,P,P,0.00,released,RELEASED
2026-05-27 18:29:57.774,194.1141,,slider,1,0,0.00,0.00,0.00,ACTIVE,NONE,4850,0,P,P,0.00,released,RELEASED
2026-05-27 18:29:58.174,194.5141,,slider,1,0,0.00,0.00,0.00,ACTIVE,NONE,4860,0,P,P,0.00,released,RELEASED
2026-05-27 18:29:58.574,194.9139,,slider,1,0,0.00,0.00,0.00,ACTIVE,NONE,4870,0,P,P,0.00,released,RELEASED
2026-05-27 18:29:58.974,195.3142,,slider,1,0,0.00,0.00,0.00,ACTIVE,NONE,4880,0,P,P,0.00,released,RELEASED
2026-05-27 18:29:59.374,195.7142,,slider,1,0,0.00,0.00,0.00,ACTIVE,NONE,4890,0,P,P,0.00,released,RELEASED
2026-05-27 18:29:59.774,196.1142,,slider,1,0,0.00,0.00,0.00,ACTIVE,NONE,4900,0,P,P,0.00,released,RELEASED
2026-05-27 18:30:00.174,196.5143,,slider,1,0,0.00,0.00,0.00,ACTIVE,NONE,4910,0,P,P,0.00,released,RELEASED
2026-05-27 18:30:00.574,196.9141,,slider,1,0,0.00,0.00,0.00,ACTIVE,NONE,4920,0,P,P,0.00,released,RELEASED
2026-05-27 18:30:00.974,197.3143,,slider,1,0,0.00,0.00,0.00,ACTIVE,NONE,4930,0,P,P,0.00,released,RELEASED
2026-05-27 18:30:01.374,197.7142,,slider,1,0,0.00,0.00,0.00,ACTIVE,NONE,4940,0,P,P,0.00,released,RELEASED
2026-05-27 18:30:01.774,198.1142,,slider,1,0,0.00,0.00,0.00,ACTIVE,NONE,4950,0,P,P,0.00,released,RELEASED
2026-05-27 18:30:02.174,198.5143,,slider,1,0,0.00,0.00,0.00,ACTIVE,NONE,4960,0,P,P,0.00,released,RELEASED
2026-05-27 18:30:02.574,198.9142,,slider,1,0,0.00,0.00,0.00,ACTIVE,NONE,4970,0,P,P,0.00,released,RELEASED
2026-05-27 18:30:02.975,199.3147,,slider,1,0,0.00,0.00,0.00,ACTIVE,NONE,4980,0,P,P,0.00,released,RELEASED
2026-05-27 18:30:03.374,199.7142,,slider,1,0,0.00,0.00,0.00,ACTIVE,NONE,4990,0,P,P,0.00,released,RELEASED
2026-05-27 18:30:03.775,200.1145,,slider,1,0,0.00,0.00,0.00,ACTIVE,NONE,5000,0,P,P,0.00,released,RELEASED
2026-05-27 18:30:04.175,200.5147,,slider,1,0,0.00,0.00,0.00,ACTIVE,NONE,5010,0,P,P,0.00,released,RELEASED
2026-05-27 18:30:04.575,200.9145,,slider,1,0,0.00,0.00,0.00,ACTIVE,NONE,5020,0,P,P,0.00,released,RELEASED
2026-05-27 18:30:04.975,201.3151,,slider,1,0,0.00,0.00,0.00,ACTIVE,NONE,5030,0,P,P,0.00,released,RELEASED
2026-05-27 18:30:05.375,201.7147,,slider,1,0,0.00,0.00,0.00,ACTIVE,NONE,5040,0,P,P,0.00,released,RELEASED
2026-05-27 18:30:05.775,202.1147,,slider,1,0,0.00,0.00,0.00,ACTIVE,NONE,5050,0,P,P,0.00,released,RELEASED
2026-05-27 18:30:06.175,202.5147,,slider,1,0,0.00,0.00,0.00,ACTIVE,NONE,5060,0,P,P,0.00,released,RELEASED
2026-05-27 18:30:06.575,202.9149,,slider,1,0,0.00,0.00,0.00,ACTIVE,NONE,5070,0,P,P,0.00,released,RELEASED
2026-05-27 18:30:06.975,203.3152,,slider,1,0,0.00,0.00,0.00,ACTIVE,NONE,5080,0,P,P,0.00,released,RELEASED
2026-05-27 18:30:07.375,203.7151,,slider,1,0,0.00,0.00,0.00,ACTIVE,NONE,5090,0,P,P,0.00,released,RELEASED
2026-05-27 18:30:07.775,204.1152,,slider,1,0,0.00,0.00,0.00,ACTIVE,NONE,5100,0,P,P,0.00,released,RELEASED
2026-05-27 18:30:08.175,204.5150,,slider,1,0,0.00,0.00,0.00,ACTIVE,NONE,5110,0,P,P,0.00,released,RELEASED
2026-05-27 18:30:08.575,204.9150,,slider,1,0,0.00,0.00,0.00,ACTIVE,NONE,5120,0,P,P,0.00,released,RELEASED
2026-05-27 18:30:08.975,205.3151,,slider,1,0,0.00,0.00,0.00,ACTIVE,NONE,5130,0,P,P,0.00,released,RELEASED
2026-05-27 18:30:09.375,205.7151,,slider,1,0,0.00,0.00,0.00,ACTIVE,NONE,5140,0,P,P,0.00,released,RELEASED
2026-05-27 18:30:09.775,206.1149,,slider,1,0,0.00,0.00,0.00,ACTIVE,NONE,5150,0,P,P,0.00,released,RELEASED
2026-05-27 18:30:10.175,206.5150,,slider,1,0,0.00,0.00,0.00,ACTIVE,NONE,5160,0,P,P,0.00,released,RELEASED
2026-05-27 18:30:10.575,206.9153,,slider,1,0,0.00,0.00,0.00,ACTIVE,NONE,5170,0,P,P,0.00,released,RELEASED
2026-05-27 18:30:10.975,207.3151,,slider,1,0,0.00,0.00,0.00,ACTIVE,NONE,5180,0,P,P,0.00,released,RELEASED
2026-05-27 18:30:11.375,207.7152,,slider,1,0,0.00,0.00,0.00,ACTIVE,NONE,5190,0,P,P,0.00,released,RELEASED
2026-05-27 18:30:11.775,208.1151,,slider,1,0,0.00,0.00,0.00,ACTIVE,NONE,5200,0,P,P,0.00,released,RELEASED
2026-05-27 18:30:12.175,208.5152,,slider,1,0,0.00,0.00,0.00,ACTIVE,NONE,5210,0,P,P,0.00,released,RELEASED
2026-05-27 18:30:12.575,208.9152,,slider,1,0,0.00,0.00,0.00,ACTIVE,NONE,5220,0,P,P,0.00,released,RELEASED
2026-05-27 18:30:12.975,209.3153,,slider,1,0,0.00,0.00,0.00,ACTIVE,NONE,5230,0,P,P,0.00,released,RELEASED
2026-05-27 18:30:13.375,209.7153,,slider,1,0,0.00,0.00,0.00,ACTIVE,NONE,5240,0,P,P,0.00,released,RELEASED
2026-05-27 18:30:13.775,210.1151,,slider,1,0,0.00,0.00,0.00,ACTIVE,NONE,5250,0,P,P,0.00,released,RELEASED
2026-05-27 18:30:14.175,210.5154,,slider,1,0,0.00,0.00,0.00,ACTIVE,NONE,5260,0,P,P,0.00,released,RELEASED
2026-05-27 18:30:14.576,210.9156,,slider,1,0,0.00,0.00,0.00,ACTIVE,NONE,5270,0,P,P,0.00,released,RELEASED
2026-05-27 18:30:14.976,211.3157,,slider,1,0,0.00,0.00,0.00,ACTIVE,NONE,5280,0,P,P,0.00,released,RELEASED
2026-05-27 18:30:15.376,211.7157,,slider,1,0,0.00,0.00,0.00,ACTIVE,NONE,5290,0,P,P,0.00,released,RELEASED
2026-05-27 18:30:15.776,212.1158,,slider,1,0,0.00,0.00,0.00,ACTIVE,NONE,5300,0,P,P,0.00,released,RELEASED
2026-05-27 18:30:16.176,212.5158,,slider,1,0,0.00,0.00,0.00,ACTIVE,NONE,5310,0,P,P,0.00,released,RELEASED
2026-05-27 18:30:16.576,212.9158,,slider,1,0,0.00,0.00,0.00,ACTIVE,NONE,5320,0,P,P,0.00,released,RELEASED
2026-05-27 18:30:16.976,213.3157,,slider,1,0,0.00,0.00,0.00,ACTIVE,NONE,5330,0,P,P,0.00,released,RELEASED
2026-05-27 18:30:17.376,213.7158,,slider,1,0,0.00,0.00,0.00,ACTIVE,NONE,5340,0,P,P,0.00,released,RELEASED
2026-05-27 18:30:17.776,214.1157,,slider,1,0,0.00,0.00,0.00,ACTIVE,NONE,5350,0,P,P,0.00,released,RELEASED
2026-05-27 18:30:18.176,214.5159,,slider,1,0,0.00,0.00,0.00,ACTIVE,NONE,5360,0,P,P,0.00,released,RELEASED
2026-05-27 18:30:18.576,214.9159,,slider,1,0,0.00,0.00,0.00,ACTIVE,NONE,5370,0,P,P,0.00,released,RELEASED
2026-05-27 18:30:18.976,215.3158,,slider,1,0,0.00,0.00,0.00,ACTIVE,NONE,5380,0,P,P,0.00,released,RELEASED
2026-05-27 18:30:19.376,215.7156,,slider,1,0,0.00,0.00,0.00,ACTIVE,NONE,5390,0,P,P,0.00,released,RELEASED
2026-05-27 18:30:19.776,216.1157,,slider,1,0,0.00,0.00,0.00,ACTIVE,NONE,5400,0,P,P,0.00,released,RELEASED
2026-05-27 18:30:20.176,216.5159,,slider,1,0,0.00,0.00,0.00,ACTIVE,NONE,5410,0,P,P,0.00,released,RELEASED
2026-05-27 18:30:20.576,216.9160,,slider,1,0,0.00,0.00,0.00,ACTIVE,NONE,5420,0,P,P,0.00,released,RELEASED
2026-05-27 18:30:20.976,217.3161,,slider,1,0,0.00,0.00,0.00,ACTIVE,NONE,5430,0,P,P,0.00,released,RELEASED
2026-05-27 18:30:21.376,217.7160,,slider,1,0,0.00,0.00,0.00,ACTIVE,NONE,5440,0,P,P,0.00,released,RELEASED
2026-05-27 18:30:21.776,218.1159,,slider,1,0,0.00,0.00,0.00,ACTIVE,NONE,5450,0,P,P,0.00,released,RELEASED
2026-05-27 18:30:22.176,218.5162,,slider,1,0,0.00,0.00,0.00,ACTIVE,NONE,5460,0,P,P,0.00,released,RELEASED
2026-05-27 18:30:22.576,218.9160,,slider,1,0,0.00,0.00,0.00,ACTIVE,NONE,5470,0,P,P,0.00,released,RELEASED
2026-05-27 18:30:22.976,219.3164,,slider,1,0,0.00,0.00,0.00,ACTIVE,NONE,5480,0,P,P,0.00,released,RELEASED
2026-05-27 18:30:23.376,219.7161,,slider,1,0,0.00,0.00,0.00,ACTIVE,NONE,5490,0,P,P,0.00,released,RELEASED
2026-05-27 18:30:23.776,220.1160,,slider,1,0,0.00,0.00,0.00,ACTIVE,NONE,5500,0,P,P,0.00,released,RELEASED
2026-05-27 18:30:24.176,220.5162,,slider,1,0,0.00,0.00,0.00,ACTIVE,NONE,5510,0,P,P,0.00,released,RELEASED
2026-05-27 18:30:24.576,220.9164,,slider,1,0,0.00,0.00,0.00,ACTIVE,NONE,5520,0,P,P,0.00,released,RELEASED
2026-05-27 18:30:24.976,221.3164,,slider,1,0,0.00,0.00,0.00,ACTIVE,NONE,5530,0,P,P,0.00,released,RELEASED
2026-05-27 18:30:25.376,221.7161,,slider,1,0,0.00,0.00,0.00,ACTIVE,NONE,5540,0,P,P,0.00,released,RELEASED
2026-05-27 18:30:25.776,222.1160,,slider,1,0,0.00,0.00,0.00,ACTIVE,NONE,5550,0,P,P,0.00,released,RELEASED
2026-05-27 18:30:26.176,222.5164,,slider,1,0,0.00,0.00,0.00,ACTIVE,NONE,5560,0,P,P,0.00,released,RELEASED
2026-05-27 18:30:26.576,222.9164,,slider,1,0,0.00,0.00,0.00,ACTIVE,NONE,5570,0,P,P,0.00,released,RELEASED
2026-05-27 18:30:26.976,223.3164,,slider,1,0,0.00,0.00,0.00,ACTIVE,NONE,5580,0,P,P,0.00,released,RELEASED
2026-05-27 18:30:27.376,223.7164,,slider,1,0,0.00,0.00,0.00,ACTIVE,NONE,5590,0,P,P,0.00,released,RELEASED
2026-05-27 18:30:27.777,224.1166,,slider,1,0,0.00,0.00,0.00,ACTIVE,NONE,5600,0,P,P,0.00,released,RELEASED
2026-05-27 18:30:28.177,224.5167,,slider,1,0,0.00,0.00,0.00,ACTIVE,NONE,5610,0,P,P,0.00,released,RELEASED
2026-05-27 18:30:28.577,224.9166,,slider,1,0,0.00,0.00,0.00,ACTIVE,NONE,5620,0,P,P,0.00,released,RELEASED
2026-05-27 18:30:28.977,225.3165,,slider,1,0,0.00,0.00,0.00,ACTIVE,NONE,5630,0,P,P,0.00,released,RELEASED
2026-05-27 18:30:29.376,225.7162,,slider,1,0,0.00,0.00,0.00,ACTIVE,NONE,5640,0,P,P,0.00,released,RELEASED
2026-05-27 18:30:29.777,226.1167,,slider,1,0,0.00,0.00,0.00,ACTIVE,NONE,5650,0,P,P,0.00,released,RELEASED
2026-05-27 18:30:30.176,226.5164,,slider,1,0,0.00,0.00,0.00,ACTIVE,NONE,5660,0,P,P,0.00,released,RELEASED
2026-05-27 18:30:30.576,226.9164,,slider,1,0,0.00,0.00,0.00,ACTIVE,NONE,5670,0,P,P,0.00,released,RELEASED
2026-05-27 18:30:30.977,227.3166,,slider,1,0,0.00,0.00,0.00,ACTIVE,NONE,5680,0,P,P,0.00,released,RELEASED
2026-05-27 18:30:31.377,227.7166,,slider,1,0,0.00,0.00,0.00,ACTIVE,NONE,5690,0,P,P,0.00,released,RELEASED
2026-05-27 18:30:31.777,228.1167,,slider,1,0,0.00,0.00,0.00,ACTIVE,NONE,5700,0,P,P,0.00,released,RELEASED
2026-05-27 18:30:32.177,228.5167,,slider,1,0,0.00,0.00,0.00,ACTIVE,NONE,5710,0,P,P,0.00,released,RELEASED
2026-05-27 18:30:32.577,228.9166,,slider,1,0,0.00,0.00,0.00,ACTIVE,NONE,5720,0,P,P,0.00,released,RELEASED
2026-05-27 18:30:32.977,229.3168,,slider,1,0,0.00,0.00,0.00,ACTIVE,NONE,5730,0,P,P,0.00,released,RELEASED
2026-05-27 18:30:33.377,229.7168,,slider,1,0,0.00,0.00,0.00,ACTIVE,NONE,5740,0,P,P,0.00,released,RELEASED
2026-05-27 18:30:33.777,230.1166,,slider,1,0,0.00,0.00,0.00,ACTIVE,NONE,5750,0,P,P,0.00,released,RELEASED
2026-05-27 18:30:34.177,230.5169,,slider,1,0,0.00,0.00,0.00,ACTIVE,NONE,5760,0,P,P,0.00,released,RELEASED
2026-05-27 18:30:34.577,230.9169,,slider,1,0,0.00,0.00,0.00,ACTIVE,NONE,5770,0,P,P,0.00,released,RELEASED
2026-05-27 18:30:34.977,231.3169,,slider,1,0,0.00,0.00,0.00,ACTIVE,NONE,5780,0,P,P,0.00,released,RELEASED
2026-05-27 18:30:35.377,231.7168,,slider,1,0,0.00,0.00,0.00,ACTIVE,NONE,5790,0,P,P,0.00,released,RELEASED
2026-05-27 18:30:35.777,232.1166,,slider,1,0,0.00,0.00,0.00,ACTIVE,NONE,5800,0,P,P,0.00,released,RELEASED
2026-05-27 18:30:36.177,232.5171,,slider,1,0,0.00,0.00,0.00,ACTIVE,NONE,5810,0,P,P,0.00,released,RELEASED
2026-05-27 18:30:36.577,232.9169,,slider,1,0,0.00,0.00,0.00,ACTIVE,NONE,5820,0,P,P,0.00,released,RELEASED
2026-05-27 18:30:36.977,233.3170,,slider,1,0,0.00,0.00,0.00,ACTIVE,NONE,5830,0,P,P,0.00,released,RELEASED
2026-05-27 18:30:37.377,233.7170,,slider,1,0,0.00,0.00,0.00,ACTIVE,NONE,5840,0,P,P,0.00,released,RELEASED
2026-05-27 18:30:37.777,234.1169,,slider,1,0,0.00,0.00,0.00,ACTIVE,NONE,5850,0,P,P,0.00,released,RELEASED
2026-05-27 18:30:38.177,234.5169,,slider,1,0,0.00,0.00,0.00,ACTIVE,NONE,5860,0,P,P,0.00,released,RELEASED
2026-05-27 18:30:38.577,234.9172,,slider,1,0,0.00,0.00,0.00,ACTIVE,NONE,5870,0,P,P,0.00,released,RELEASED
2026-05-27 18:30:38.977,235.3172,,slider,1,0,0.00,0.00,0.00,ACTIVE,NONE,5880,0,P,P,0.00,released,RELEASED
2026-05-27 18:30:39.377,235.7173,,slider,1,0,0.00,0.00,0.00,ACTIVE,NONE,5890,0,P,P,0.00,released,RELEASED
2026-05-27 18:30:39.777,236.1171,,slider,1,0,0.00,0.00,0.00,ACTIVE,NONE,5900,0,P,P,0.00,released,RELEASED
2026-05-27 18:30:40.177,236.5174,,slider,1,0,0.00,0.00,0.00,ACTIVE,NONE,5910,0,P,P,0.00,released,RELEASED
2026-05-27 18:30:40.577,236.9175,,slider,1,0,0.00,0.00,0.00,ACTIVE,NONE,5920,0,P,P,0.00,released,RELEASED
2026-05-27 18:30:40.977,237.3172,,slider,1,0,0.00,0.00,0.00,ACTIVE,NONE,5930,0,P,P,0.00,released,RELEASED
2026-05-27 18:30:41.377,237.7172,,slider,1,0,0.00,0.00,0.00,ACTIVE,NONE,5940,0,P,P,0.00,released,RELEASED
2026-05-27 18:30:41.778,238.1175,,slider,1,0,0.00,0.00,0.00,ACTIVE,NONE,5950,0,P,P,0.00,released,RELEASED
2026-05-27 18:30:42.178,238.5175,,slider,1,0,0.00,0.00,0.00,ACTIVE,NONE,5960,0,P,P,0.00,released,RELEASED
2026-05-27 18:30:42.577,238.9173,,slider,1,0,0.00,0.00,0.00,ACTIVE,NONE,5970,0,P,P,0.00,released,RELEASED
2026-05-27 18:30:42.977,239.3173,,slider,1,0,0.00,0.00,0.00,ACTIVE,NONE,5980,0,P,P,0.00,released,RELEASED
2026-05-27 18:30:43.378,239.7176,,slider,1,0,0.00,0.00,0.00,ACTIVE,NONE,5990,0,P,P,0.00,released,RELEASED
2026-05-27 18:30:43.778,240.1176,,slider,1,0,0.00,0.00,0.00,ACTIVE,NONE,6000,0,P,P,0.00,released,RELEASED
2026-05-27 18:30:44.178,240.5177,,slider,1,0,0.00,0.00,0.00,ACTIVE,NONE,6010,0,P,P,0.00,released,RELEASED
2026-05-27 18:30:44.577,240.9174,,slider,1,0,0.00,0.00,0.00,ACTIVE,NONE,6020,0,P,P,0.00,released,RELEASED
2026-05-27 18:30:44.978,241.3176,,slider,1,0,0.00,0.00,0.00,ACTIVE,NONE,6030,0,P,P,0.00,released,RELEASED
2026-05-27 18:30:45.378,241.7176,,slider,1,0,0.00,0.00,0.00,ACTIVE,NONE,6040,0,P,P,0.00,released,RELEASED
2026-05-27 18:30:45.778,242.1176,,slider,1,0,0.00,0.00,0.00,ACTIVE,NONE,6050,0,P,P,0.00,released,RELEASED
2026-05-27 18:30:46.178,242.5176,,slider,1,0,0.00,0.00,0.00,ACTIVE,NONE,6060,0,P,P,0.00,released,RELEASED
2026-05-27 18:30:46.578,242.9177,,slider,1,0,0.00,0.00,0.00,ACTIVE,NONE,6070,0,P,P,0.00,released,RELEASED
2026-05-27 18:30:46.978,243.3178,,slider,1,0,0.00,0.00,0.00,ACTIVE,NONE,6080,0,P,P,0.00,released,RELEASED
2026-05-27 18:30:47.378,243.7179,,slider,1,0,0.00,0.00,0.00,ACTIVE,NONE,6090,0,P,P,0.00,released,RELEASED
2026-05-27 18:30:47.778,244.1178,,slider,1,0,0.00,0.00,0.00,ACTIVE,NONE,6100,0,P,P,0.00,released,RELEASED
2026-05-27 18:30:48.178,244.5177,,slider,1,0,0.00,0.00,0.00,ACTIVE,NONE,6110,0,P,P,0.00,released,RELEASED
2026-05-27 18:30:48.578,244.9180,,slider,1,0,0.00,0.00,0.00,ACTIVE,NONE,6120,0,P,P,0.00,released,RELEASED
2026-05-27 18:30:48.978,245.3181,,slider,1,0,0.00,0.00,0.00,ACTIVE,NONE,6130,0,P,P,0.00,released,RELEASED
2026-05-27 18:30:49.378,245.7180,,slider,1,0,0.00,0.00,0.00,ACTIVE,NONE,6140,0,P,P,0.00,released,RELEASED
2026-05-27 18:30:49.778,246.1181,,slider,1,0,0.00,0.00,0.00,ACTIVE,NONE,6150,0,P,P,0.00,released,RELEASED
2026-05-27 18:30:50.178,246.5179,,slider,1,0,0.00,0.00,0.00,ACTIVE,NONE,6160,0,P,P,0.00,released,RELEASED
2026-05-27 18:30:50.578,246.9179,,slider,1,0,0.00,0.00,0.00,ACTIVE,NONE,6170,0,P,P,0.00,released,RELEASED
2026-05-27 18:30:50.978,247.3181,,slider,1,0,0.00,0.00,0.00,ACTIVE,NONE,6180,0,P,P,0.00,released,RELEASED
2026-05-27 18:30:51.378,247.7181,,slider,1,0,0.00,0.00,0.00,ACTIVE,NONE,6190,0,P,P,0.00,released,RELEASED
2026-05-27 18:30:51.778,248.1182,,slider,1,0,0.00,0.00,0.00,ACTIVE,NONE,6200,0,P,P,0.00,released,RELEASED
2026-05-27 18:30:52.178,248.5181,,slider,1,0,0.00,0.00,0.00,ACTIVE,NONE,6210,0,P,P,0.00,released,RELEASED
2026-05-27 18:30:52.578,248.9181,,slider,1,0,0.00,0.00,0.00,ACTIVE,NONE,6220,0,P,P,0.00,released,RELEASED
2026-05-27 18:30:52.978,249.3183,,slider,1,0,0.00,0.00,0.00,ACTIVE,NONE,6230,0,P,P,0.00,released,RELEASED
2026-05-27 18:30:53.378,249.7184,,slider,1,0,0.00,0.00,0.00,ACTIVE,NONE,6240,0,P,P,0.00,released,RELEASED
2026-05-27 18:30:53.778,250.1183,,slider,1,0,0.00,0.00,0.00,ACTIVE,NONE,6250,0,P,P,0.00,released,RELEASED
2026-05-27 18:30:54.178,250.5183,,slider,1,0,0.00,0.00,0.00,ACTIVE,NONE,6260,0,P,P,0.00,released,RELEASED
2026-05-27 18:30:54.578,250.9183,,slider,1,0,0.00,0.00,0.00,ACTIVE,NONE,6270,0,P,P,0.00,released,RELEASED
2026-05-27 18:30:54.978,251.3182,,slider,1,0,0.00,0.00,0.00,ACTIVE,NONE,6280,0,P,P,0.00,released,RELEASED
2026-05-27 18:30:55.378,251.7183,,slider,1,0,0.00,0.00,0.00,ACTIVE,NONE,6290,0,P,P,0.00,released,RELEASED
2026-05-27 18:30:55.778,252.1184,,slider,1,0,0.00,0.00,0.00,ACTIVE,NONE,6300,0,P,P,0.00,released,RELEASED
2026-05-27 18:30:56.178,252.5183,,slider,1,0,0.00,0.00,0.00,ACTIVE,NONE,6310,0,P,P,0.00,released,RELEASED
2026-05-27 18:30:56.578,252.9184,,slider,1,0,0.00,0.00,0.00,ACTIVE,NONE,6320,0,P,P,0.00,released,RELEASED
2026-05-27 18:30:56.978,253.3184,,slider,1,0,0.00,0.00,0.00,ACTIVE,NONE,6330,0,P,P,0.00,released,RELEASED
2026-05-27 18:30:57.379,253.7185,,slider,1,0,0.00,0.00,0.00,ACTIVE,NONE,6340,0,P,P,0.00,released,RELEASED
2026-05-27 18:30:57.779,254.1187,,slider,1,0,0.00,0.00,0.00,ACTIVE,NONE,6350,0,P,P,0.00,released,RELEASED
2026-05-27 18:30:58.179,254.5187,,slider,1,0,0.00,0.00,0.00,ACTIVE,NONE,6360,0,P,P,0.00,released,RELEASED
2026-05-27 18:30:58.579,254.9187,,slider,1,0,0.00,0.00,0.00,ACTIVE,NONE,6370,0,P,P,0.00,released,RELEASED
2026-05-27 18:30:58.979,255.3190,,slider,1,0,0.00,0.00,0.00,ACTIVE,NONE,6380,0,P,P,0.00,released,RELEASED
2026-05-27 18:30:59.379,255.7186,,slider,1,0,0.00,0.00,0.00,ACTIVE,NONE,6390,0,P,P,0.00,released,RELEASED
2026-05-27 18:30:59.779,256.1191,,slider,1,0,0.00,0.00,0.00,ACTIVE,NONE,6400,0,P,P,0.00,released,RELEASED
2026-05-27 18:31:00.179,256.5189,,slider,1,0,0.00,0.00,0.00,ACTIVE,NONE,6410,0,P,P,0.00,released,RELEASED
2026-05-27 18:31:00.579,256.9193,,slider,1,0,0.00,0.00,0.00,ACTIVE,NONE,6420,0,P,P,0.00,released,RELEASED
2026-05-27 18:31:00.979,257.3188,,slider,1,0,0.00,0.00,0.00,ACTIVE,NONE,6430,0,P,P,0.00,released,RELEASED
2026-05-27 18:31:01.379,257.7189,,slider,1,0,0.00,0.00,0.00,ACTIVE,NONE,6440,0,P,P,0.00,released,RELEASED
2026-05-27 18:31:01.779,258.1192,,slider,1,0,0.00,0.00,0.00,ACTIVE,NONE,6450,0,P,P,0.00,released,RELEASED
2026-05-27 18:31:02.179,258.5190,,slider,1,0,0.00,0.00,0.00,ACTIVE,NONE,6460,0,P,P,0.00,released,RELEASED
2026-05-27 18:31:02.579,258.9191,,slider,1,0,0.00,0.00,0.00,ACTIVE,NONE,6470,0,P,P,0.00,released,RELEASED
2026-05-27 18:31:02.979,259.3194,,slider,1,0,0.00,0.00,0.00,ACTIVE,NONE,6480,0,P,P,0.00,released,RELEASED
2026-05-27 18:31:03.379,259.7192,,slider,1,0,0.00,0.00,0.00,ACTIVE,NONE,6490,0,P,P,0.00,released,RELEASED
2026-05-27 18:31:03.780,260.1196,,slider,1,0,0.00,0.00,0.00,ACTIVE,NONE,6500,0,P,P,0.00,released,RELEASED
2026-05-27 18:31:04.179,260.5191,,slider,1,0,0.00,0.00,0.00,ACTIVE,NONE,6510,0,P,P,0.00,released,RELEASED
2026-05-27 18:31:04.579,260.9194,,slider,1,0,0.00,0.00,0.00,ACTIVE,NONE,6520,0,P,P,0.00,released,RELEASED
2026-05-27 18:31:04.979,261.3193,,slider,1,0,0.00,0.00,0.00,ACTIVE,NONE,6530,0,P,P,0.00,released,RELEASED
2026-05-27 18:31:05.379,261.7194,,slider,1,0,0.00,0.00,0.00,ACTIVE,NONE,6540,0,P,P,0.00,released,RELEASED
2026-05-27 18:31:05.779,262.1193,,slider,1,0,0.00,0.00,0.00,ACTIVE,NONE,6550,0,P,P,0.00,released,RELEASED
2026-05-27 18:31:06.180,262.5197,,slider,1,0,0.00,0.00,0.00,ACTIVE,NONE,6560,0,P,P,0.00,released,RELEASED
2026-05-27 18:31:06.580,262.9197,,slider,1,0,0.00,0.00,0.00,ACTIVE,NONE,6570,0,P,P,0.00,released,RELEASED
2026-05-27 18:31:06.979,263.3194,,slider,1,0,0.00,0.00,0.00,ACTIVE,NONE,6580,0,P,P,0.00,released,RELEASED
2026-05-27 18:31:07.379,263.7194,,slider,1,0,0.00,0.00,0.00,ACTIVE,NONE,6590,0,P,P,0.00,released,RELEASED
2026-05-27 18:31:07.780,264.1195,,slider,1,0,0.00,0.00,0.00,ACTIVE,NONE,6600,0,P,P,0.00,released,RELEASED
2026-05-27 18:31:08.180,264.5196,,slider,1,0,0.00,0.00,0.00,ACTIVE,NONE,6610,0,P,P,0.00,released,RELEASED
2026-05-27 18:31:08.580,264.9198,,slider,1,0,0.00,0.00,0.00,ACTIVE,NONE,6620,0,P,P,0.00,released,RELEASED
2026-05-27 18:31:08.980,265.3197,,slider,1,0,0.00,0.00,0.00,ACTIVE,NONE,6630,0,P,P,0.00,released,RELEASED
2026-05-27 18:31:09.380,265.7197,,slider,1,0,0.00,0.00,0.00,ACTIVE,NONE,6640,0,P,P,0.00,released,RELEASED
2026-05-27 18:31:09.780,266.1197,,slider,1,0,0.00,0.00,0.00,ACTIVE,NONE,6650,0,P,P,0.00,released,RELEASED
2026-05-27 18:31:10.180,266.5202,,slider,1,0,0.00,0.00,0.00,ACTIVE,NONE,6660,0,P,P,0.00,released,RELEASED
2026-05-27 18:31:10.580,266.9198,,slider,1,0,0.00,0.00,0.00,ACTIVE,NONE,6670,0,P,P,0.00,released,RELEASED
2026-05-27 18:31:10.980,267.3198,,slider,1,0,0.00,0.00,0.00,ACTIVE,NONE,6680,0,P,P,0.00,released,RELEASED
2026-05-27 18:31:11.380,267.7198,,slider,1,0,0.00,0.00,0.00,ACTIVE,NONE,6690,0,P,P,0.00,released,RELEASED
2026-05-27 18:31:11.780,268.1202,,slider,1,0,0.00,0.00,0.00,ACTIVE,NONE,6700,0,P,P,0.00,released,RELEASED
2026-05-27 18:31:12.166,268.5060,,slider,1,0,0.00,0.00,0.00,ACTIVE,NONE,6710,0,P,P,0.00,released,RELEASED
2026-05-27 18:31:12.566,268.9057,,slider,1,0,0.00,0.00,0.00,ACTIVE,NONE,6720,0,P,P,0.00,released,RELEASED
2026-05-27 18:31:12.966,269.3060,,slider,1,0,0.00,0.00,0.00,ACTIVE,NONE,6730,0,P,P,0.00,released,RELEASED
2026-05-27 18:31:13.366,269.7063,,slider,1,0,0.00,0.00,0.00,ACTIVE,NONE,6740,0,P,P,0.00,released,RELEASED
2026-05-27 18:31:13.766,270.1061,,slider,1,0,0.00,0.00,0.00,ACTIVE,NONE,6750,0,P,P,0.00,released,RELEASED
2026-05-27 18:31:14.166,270.5061,,slider,1,0,0.00,0.00,0.00,ACTIVE,NONE,6760,0,P,P,0.00,released,RELEASED
2026-05-27 18:31:14.566,270.9060,,slider,1,0,0.00,0.00,0.00,ACTIVE,NONE,6770,0,P,P,0.00,released,RELEASED
2026-05-27 18:31:14.966,271.3064,,slider,1,0,0.00,0.00,0.00,ACTIVE,NONE,6780,0,P,P,0.00,released,RELEASED
2026-05-27 18:31:15.366,271.7061,,slider,1,0,0.00,0.00,0.00,ACTIVE,NONE,6790,0,P,P,0.00,released,RELEASED
2026-05-27 18:31:15.766,272.1061,,slider,1,0,0.00,0.00,0.00,ACTIVE,NONE,6800,0,P,P,0.00,released,RELEASED
2026-05-27 18:31:16.166,272.5062,,slider,1,0,0.00,0.00,0.00,ACTIVE,NONE,6810,0,P,P,0.00,released,RELEASED
2026-05-27 18:31:16.566,272.9057,,slider,1,0,0.00,0.00,0.00,ACTIVE,NONE,6820,0,P,P,0.00,released,RELEASED
2026-05-27 18:31:16.966,273.3058,,slider,1,0,0.00,0.00,0.00,ACTIVE,NONE,6830,0,P,P,0.00,released,RELEASED
2026-05-27 18:31:17.366,273.7061,,slider,1,0,0.00,0.00,0.00,ACTIVE,NONE,6840,0,P,P,0.00,released,RELEASED
2026-05-27 18:31:17.766,274.1056,,slider,1,0,0.00,0.00,0.00,ACTIVE,NONE,6850,0,P,P,0.00,released,RELEASED
2026-05-27 18:31:18.166,274.5058,,slider,1,0,0.00,0.00,0.00,ACTIVE,NONE,6860,0,P,P,0.00,released,RELEASED
2026-05-27 18:31:18.566,274.9059,,slider,1,0,0.00,0.00,0.00,ACTIVE,NONE,6870,0,P,P,0.00,released,RELEASED
2026-05-27 18:31:18.966,275.3058,,slider,1,0,0.00,0.00,0.00,ACTIVE,NONE,6880,0,P,P,0.00,released,RELEASED
2026-05-27 18:31:19.366,275.7060,,slider,1,0,0.00,0.00,0.00,ACTIVE,NONE,6890,0,P,P,0.00,released,RELEASED
2026-05-27 18:31:19.766,276.1057,,slider,1,0,0.00,0.00,0.00,ACTIVE,NONE,6900,0,P,P,0.00,released,RELEASED
2026-05-27 18:31:20.166,276.5058,,slider,1,0,0.00,0.00,0.00,ACTIVE,NONE,6910,0,P,P,0.00,released,RELEASED
2026-05-27 18:31:20.566,276.9062,,slider,1,0,0.00,0.00,0.00,ACTIVE,NONE,6920,0,P,P,0.00,released,RELEASED
2026-05-27 18:31:20.966,277.3064,,slider,1,0,0.00,0.00,0.00,ACTIVE,NONE,6930,0,P,P,0.00,released,RELEASED
2026-05-27 18:31:21.366,277.7059,,slider,1,0,0.00,0.00,0.00,ACTIVE,NONE,6940,0,P,P,0.00,released,RELEASED
2026-05-27 18:31:21.766,278.1059,,slider,1,0,0.00,0.00,0.00,ACTIVE,NONE,6950,0,P,P,0.00,released,RELEASED
2026-05-27 18:31:22.166,278.5061,,slider,1,0,0.00,0.00,0.00,ACTIVE,NONE,6960,0,P,P,0.00,released,RELEASED
2026-05-27 18:31:22.566,278.9063,,slider,1,0,0.00,0.00,0.00,ACTIVE,NONE,6970,0,P,P,0.00,released,RELEASED
2026-05-27 18:31:22.966,279.3061,,slider,1,0,0.00,0.00,0.00,ACTIVE,NONE,6980,0,P,P,0.00,released,RELEASED
2026-05-27 18:31:23.366,279.7061,,slider,1,0,0.00,0.00,0.00,ACTIVE,NONE,6990,0,P,P,0.00,released,RELEASED
2026-05-27 18:31:23.766,280.1064,,slider,1,0,0.00,0.00,0.00,ACTIVE,NONE,7000,0,P,P,0.00,released,RELEASED
2026-05-27 18:31:24.166,280.5061,,slider,1,0,0.00,0.00,0.00,ACTIVE,NONE,7010,0,P,P,0.00,released,RELEASED
2026-05-27 18:31:24.566,280.9062,,slider,1,0,0.00,0.00,0.00,ACTIVE,NONE,7020,0,P,P,0.00,released,RELEASED
2026-05-27 18:31:24.966,281.3063,,slider,1,0,0.00,0.00,0.00,ACTIVE,NONE,7030,0,P,P,0.00,released,RELEASED
2026-05-27 18:31:25.366,281.7062,,slider,1,0,0.00,0.00,0.00,ACTIVE,NONE,7040,0,P,P,0.00,released,RELEASED
2026-05-27 18:31:25.767,282.1068,,slider,1,0,0.00,0.00,0.00,ACTIVE,NONE,7050,0,P,P,0.00,released,RELEASED
2026-05-27 18:31:26.167,282.5071,,slider,1,0,0.00,0.00,0.00,ACTIVE,NONE,7060,0,P,P,0.00,released,RELEASED
2026-05-27 18:31:26.567,282.9067,,slider,1,0,0.00,0.00,0.00,ACTIVE,NONE,7070,0,P,P,0.00,released,RELEASED
2026-05-27 18:31:26.967,283.3066,,slider,1,0,0.00,0.00,0.00,ACTIVE,NONE,7080,0,P,P,0.00,released,RELEASED
2026-05-27 18:31:27.367,283.7065,,slider,1,0,0.00,0.00,0.00,ACTIVE,NONE,7090,0,P,P,0.00,released,RELEASED
2026-05-27 18:31:27.767,284.1065,,slider,1,0,0.00,0.00,0.00,ACTIVE,NONE,7100,0,P,P,0.00,released,RELEASED
2026-05-27 18:31:28.167,284.5067,,slider,1,0,0.00,0.00,0.00,ACTIVE,NONE,7110,0,P,P,0.00,released,RELEASED
2026-05-27 18:31:28.567,284.9067,,slider,1,0,0.00,0.00,0.00,ACTIVE,NONE,7120,0,P,P,0.00,released,RELEASED
2026-05-27 18:31:28.967,285.3066,,slider,1,0,0.00,0.00,0.00,ACTIVE,NONE,7130,0,P,P,0.00,released,RELEASED
2026-05-27 18:31:29.367,285.7065,,slider,1,0,0.00,0.00,0.00,ACTIVE,NONE,7140,0,P,P,0.00,released,RELEASED
2026-05-27 18:31:29.768,286.1078,,slider,1,0,0.00,0.00,0.00,ACTIVE,NONE,7150,0,P,P,0.00,released,RELEASED
2026-05-27 18:31:30.167,286.5066,,slider,1,0,0.00,0.00,0.00,ACTIVE,NONE,7160,0,P,P,0.00,released,RELEASED
2026-05-27 18:31:30.567,286.9066,,slider,1,0,0.00,0.00,0.00,ACTIVE,NONE,7170,0,P,P,0.00,released,RELEASED
2026-05-27 18:31:30.968,287.3077,,slider,1,0,0.00,0.00,0.00,ACTIVE,NONE,7180,0,P,P,0.00,released,RELEASED
2026-05-27 18:31:31.368,287.7084,,slider,1,0,0.00,0.00,0.00,ACTIVE,NONE,7190,0,P,P,0.00,released,RELEASED
2026-05-27 18:31:31.768,288.1080,,slider,1,0,0.00,0.00,0.00,ACTIVE,NONE,7200,0,P,P,0.00,released,RELEASED
2026-05-27 18:31:32.167,288.5073,,slider,1,0,0.00,0.00,0.00,ACTIVE,NONE,7210,0,P,P,0.00,released,RELEASED
2026-05-27 18:31:32.568,288.9083,,slider,1,0,0.00,0.00,0.00,ACTIVE,NONE,7220,0,P,P,0.00,released,RELEASED
2026-05-27 18:31:32.968,289.3077,,slider,1,0,0.00,0.00,0.00,ACTIVE,NONE,7230,0,P,P,0.00,released,RELEASED
2026-05-27 18:31:33.368,289.7080,,slider,1,0,0.00,0.00,0.00,ACTIVE,NONE,7240,0,P,P,0.00,released,RELEASED
2026-05-27 18:31:33.769,290.1090,,slider,1,0,0.00,0.00,0.00,ACTIVE,NONE,7250,0,P,P,0.00,released,RELEASED
2026-05-27 18:31:34.169,290.5087,,slider,1,0,0.00,0.00,0.00,ACTIVE,NONE,7260,0,P,P,0.00,released,RELEASED
2026-05-27 18:31:34.568,290.9083,,slider,1,0,0.00,0.00,0.00,ACTIVE,NONE,7270,0,P,P,0.00,released,RELEASED
2026-05-27 18:31:34.968,291.3074,,slider,1,0,0.00,0.00,0.00,ACTIVE,NONE,7280,0,P,P,0.00,released,RELEASED
2026-05-27 18:31:35.368,291.7081,,slider,1,0,0.00,0.00,0.00,ACTIVE,NONE,7290,0,P,P,0.00,released,RELEASED
2026-05-27 18:31:35.768,292.1076,,slider,1,0,0.00,0.00,0.00,ACTIVE,NONE,7300,0,P,P,0.00,released,RELEASED
2026-05-27 18:31:36.168,292.5075,,slider,1,0,0.00,0.00,0.00,ACTIVE,NONE,7310,0,P,P,0.00,released,RELEASED
2026-05-27 18:31:36.568,292.9079,,slider,1,0,0.00,0.00,0.00,ACTIVE,NONE,7320,0,P,P,0.00,released,RELEASED
2026-05-27 18:31:36.968,293.3080,,slider,1,0,0.00,0.00,0.00,ACTIVE,NONE,7330,0,P,P,0.00,released,RELEASED
2026-05-27 18:31:37.368,293.7078,,slider,1,0,0.00,0.36,0.00,ACTIVE,NONE,7340,0,P,P,0.00,released,RELEASED
2026-05-27 18:31:37.768,294.1080,,slider,1,0,0.00,0.02,0.00,ACTIVE,NONE,7350,0,P,P,0.00,released,RELEASED
2026-05-27 18:31:38.168,294.5078,,slider,1,0,0.00,0.00,0.00,ACTIVE,NONE,7360,0,P,P,0.00,released,RELEASED
2026-05-27 18:31:38.572,294.9116,,slider,1,0,0.00,0.00,0.00,ACTIVE,NONE,7370,0,P,P,0.00,released,RELEASED
2026-05-27 18:31:38.972,295.3118,,slider,1,0,0.00,0.00,0.00,ACTIVE,NONE,7380,0,P,P,0.00,released,RELEASED
2026-05-27 18:31:39.372,295.7120,,slider,1,0,0.00,1.88,0.00,ACTIVE,NONE,7390,0,P,P,0.00,released,RELEASED
2026-05-27 18:31:39.772,296.1116,,slider,1,0,0.00,8.98,3.00,ACTIVE,NONE,7400,0,P,P,0.00,released,RELEASED
2026-05-27 18:31:40.172,296.5116,,slider,1,0,121.50,26.66,10.70,ACTIVE,NONE,7410,0,P,P,0.00,released,RELEASED
2026-05-27 18:31:40.577,296.9170,,slider,1,0,0.00,2.20,9.10,ACTIVE,NONE,7420,0,P,P,0.00,released,RELEASED
2026-05-27 18:31:40.978,297.3182,,slider,1,0,0.00,0.11,1.80,ACTIVE,NONE,7430,0,P,P,0.00,released,RELEASED
2026-05-27 18:31:41.378,297.7181,,slider,1,0,0.00,0.01,0.50,ACTIVE,NONE,7440,0,P,P,0.00,released,RELEASED
2026-05-27 18:31:41.778,298.1181,,slider,1,0,0.00,0.00,0.00,ACTIVE,NONE,7450,0,P,P,0.00,released,RELEASED
2026-05-27 18:31:42.178,298.5182,,slider,1,0,0.00,0.00,-0.10,ACTIVE,NONE,7460,0,P,P,0.00,released,RELEASED
2026-05-27 18:31:42.578,298.9183,,slider,1,0,0.00,0.00,-0.10,ACTIVE,NONE,7470,0,P,P,0.00,released,RELEASED
2026-05-27 18:31:42.978,299.3183,,slider,1,0,0.00,0.00,-0.10,ACTIVE,NONE,7480,0,P,P,0.00,released,RELEASED
2026-05-27 18:31:43.378,299.7183,,slider,1,0,0.00,0.00,-0.10,ACTIVE,NONE,7490,0,P,P,0.00,released,RELEASED
2026-05-27 18:31:43.778,300.1183,,slider,1,0,0.00,0.00,-0.10,ACTIVE,NONE,7500,0,P,P,0.00,released,RELEASED
2026-05-27 18:31:44.178,300.5184,,slider,1,0,0.00,0.00,-0.10,ACTIVE,NONE,7510,0,P,P,0.00,released,RELEASED
2026-05-27 18:31:44.578,300.9184,,slider,1,0,0.00,0.00,-0.10,ACTIVE,NONE,7520,0,P,P,0.00,released,RELEASED
2026-05-27 18:31:44.967,301.3074,,slider,1,0,98.50,21.00,5.00,ACTIVE,NONE,7530,0,P,P,0.00,released,RELEASED
2026-05-27 18:31:45.369,301.7085,,slider,1,0,64.00,74.08,63.80,ACTIVE,NONE,7540,0,P,P,0.00,released,RELEASED
2026-05-27 18:31:45.774,302.1137,,slider,1,0,-33.00,11.64,37.90,ACTIVE,NONE,7550,0,P,P,0.00,released,RELEASED
2026-05-27 18:31:46.177,302.5166,,slider,1,0,-117.50,-60.36,-33.30,ACTIVE,NONE,7560,0,P,P,0.00,released,RELEASED
2026-05-27 18:31:46.577,302.9166,,slider,1,0,-118.50,-132.36,-108.20,ACTIVE,NONE,7570,0,P,P,0.00,released,RELEASED
2026-05-27 18:31:46.967,303.3071,,slider,1,0,-75.50,-84.20,-100.90,ACTIVE,NONE,7580,0,P,P,0.00,released,RELEASED
2026-05-27 18:31:47.367,303.7072,,slider,1,0,-42.00,-61.62,-76.60,ACTIVE,NONE,7590,0,P,P,0.00,released,RELEASED
2026-05-27 18:31:47.768,304.1075,,slider,1,0,-4.00,-20.06,-34.60,ACTIVE,NONE,7600,0,P,P,0.00,released,RELEASED
2026-05-27 18:31:48.168,304.5077,,slider,1,0,47.00,30.36,14.50,ACTIVE,NONE,7610,0,P,P,0.00,released,RELEASED
2026-05-27 18:31:48.568,304.9082,,slider,1,0,47.00,46.18,43.30,ACTIVE,NONE,7620,0,P,P,0.00,released,RELEASED
2026-05-27 18:31:48.968,305.3084,,slider,1,0,67.50,52.75,47.30,ACTIVE,NONE,7630,0,P,P,0.00,released,RELEASED
2026-05-27 18:31:49.370,305.7096,,slider,1,0,70.00,69.13,66.50,ACTIVE,NONE,7640,0,P,P,0.00,released,RELEASED
2026-05-27 18:31:49.770,306.1098,,slider,1,0,70.00,69.96,69.50,ACTIVE,NONE,7650,0,P,P,0.00,released,RELEASED
2026-05-27 18:31:50.170,306.5097,,slider,1,0,70.00,70.00,69.90,ACTIVE,NONE,7660,0,P,P,0.00,released,RELEASED
2026-05-27 18:31:50.570,306.9097,,slider,1,0,70.00,70.00,69.90,ACTIVE,NONE,7670,0,P,P,0.00,released,RELEASED
2026-05-27 18:31:50.970,307.3099,,slider,1,0,70.00,70.00,69.90,ACTIVE,NONE,7680,0,P,P,0.00,released,RELEASED
2026-05-27 18:31:51.370,307.7098,,slider,1,0,70.00,70.00,69.90,ACTIVE,NONE,7690,0,P,P,0.00,released,RELEASED
2026-05-27 18:31:51.770,308.1098,,slider,1,0,70.00,70.00,69.90,ACTIVE,NONE,7700,0,P,P,0.00,released,RELEASED
2026-05-27 18:31:52.173,308.5126,,slider,1,0,70.00,70.00,69.90,ACTIVE,NONE,7710,0,P,P,0.00,released,RELEASED
2026-05-27 18:31:52.573,308.9131,,slider,1,0,70.00,70.00,69.90,ACTIVE,NONE,7720,0,P,P,0.00,released,RELEASED
2026-05-27 18:31:52.973,309.3133,,slider,1,0,70.00,70.00,69.90,ACTIVE,NONE,7730,0,P,P,0.00,released,RELEASED
2026-05-27 18:31:53.373,309.7133,,slider,1,0,70.00,70.00,69.90,ACTIVE,NONE,7740,0,P,P,0.00,released,RELEASED
2026-05-27 18:31:53.773,310.1132,,slider,1,0,70.00,70.00,69.90,ACTIVE,NONE,7750,0,P,P,0.00,released,RELEASED
2026-05-27 18:31:54.173,310.5132,,slider,1,0,70.00,70.00,69.90,ACTIVE,NONE,7760,0,P,P,0.00,released,RELEASED
2026-05-27 18:31:54.573,310.9132,,slider,1,0,70.00,70.00,69.90,ACTIVE,NONE,7770,0,P,P,0.00,released,RELEASED
2026-05-27 18:31:54.973,311.3134,,slider,1,0,70.00,70.00,69.90,ACTIVE,NONE,7780,0,P,P,0.00,released,RELEASED
2026-05-27 18:31:55.373,311.7133,,slider,1,0,70.00,70.00,69.90,ACTIVE,NONE,7790,0,P,P,0.00,released,RELEASED
2026-05-27 18:31:55.773,312.1134,,slider,1,0,70.00,70.00,69.90,ACTIVE,NONE,7800,0,P,P,0.00,released,RELEASED
2026-05-27 18:31:56.174,312.5137,,slider,1,0,180.00,85.00,70.60,ACTIVE,NONE,7810,0,P,P,0.00,released,RELEASED
2026-05-27 18:31:56.574,312.9135,,slider,1,0,180.00,157.00,133.60,ACTIVE,NONE,7820,0,P,P,0.00,released,RELEASED
2026-05-27 18:31:56.974,313.3137,,slider,1,0,180.00,179.86,177.10,ACTIVE,NONE,7830,0,P,P,0.00,released,RELEASED
2026-05-27 18:31:57.374,313.7136,,slider,1,0,180.00,179.99,179.80,ACTIVE,NONE,7840,0,P,P,0.00,released,RELEASED
2026-05-27 18:31:57.774,314.1136,,slider,1,0,180.00,180.00,180.20,ACTIVE,NONE,7850,0,P,P,0.00,released,RELEASED
2026-05-27 18:31:58.175,314.5145,,slider,1,0,180.00,180.00,180.20,ACTIVE,NONE,7860,0,P,P,0.00,released,RELEASED
2026-05-27 18:31:58.575,314.9151,,slider,1,0,180.00,180.00,180.20,ACTIVE,NONE,7870,0,P,P,0.00,released,RELEASED
2026-05-27 18:31:58.975,315.3149,,slider,1,0,180.00,180.00,180.20,ACTIVE,NONE,7880,0,P,P,0.00,released,RELEASED
2026-05-27 18:31:59.375,315.7153,,slider,1,0,180.00,180.00,180.20,ACTIVE,NONE,7890,0,P,P,0.00,released,RELEASED
2026-05-27 18:31:59.775,316.1152,,slider,1,0,180.00,180.00,180.20,ACTIVE,NONE,7900,0,P,P,0.00,released,RELEASED
2026-05-27 18:32:00.176,316.5155,,slider,1,0,180.00,180.00,180.20,ACTIVE,NONE,7910,0,P,P,0.00,released,RELEASED
2026-05-27 18:32:00.575,316.9150,,slider,1,0,0.00,114.00,141.50,ACTIVE,NONE,7920,0,P,P,0.00,released,RELEASED
2026-05-27 18:32:00.976,317.3162,,slider,1,0,0.00,42.00,67.90,ACTIVE,NONE,7930,0,P,P,0.00,released,RELEASED
2026-05-27 18:32:01.376,317.7160,,slider,1,0,0.00,0.03,5.00,ACTIVE,NONE,7940,0,P,P,0.00,released,RELEASED
2026-05-27 18:32:01.776,318.1159,,slider,1,0,0.00,0.00,0.70,ACTIVE,NONE,7950,0,P,P,0.00,released,RELEASED
2026-05-27 18:32:02.176,318.5160,,slider,1,0,0.00,0.00,-0.40,ACTIVE,NONE,7960,0,P,P,0.00,released,RELEASED
2026-05-27 18:32:02.576,318.9161,,slider,1,0,0.00,0.00,-0.40,ACTIVE,NONE,7970,0,P,P,0.00,released,RELEASED
2026-05-27 18:32:02.976,319.3161,,slider,1,0,0.00,0.00,-0.40,ACTIVE,NONE,7980,0,P,P,0.00,released,RELEASED
2026-05-27 18:32:03.376,319.7161,,slider,1,0,0.00,0.00,-0.40,ACTIVE,NONE,7990,0,P,P,0.00,released,RELEASED
2026-05-27 18:32:03.779,320.1187,,keyboard,1,0,0.00,0.00,-0.40,ACTIVE,NONE,8000,0,P,P,0.00,released,RELEASED
2026-05-27 18:32:04.179,320.5189,,keyboard,1,0,0.00,0.00,-0.30,ACTIVE,NONE,8010,0,P,P,0.00,released,RELEASED
2026-05-27 18:32:04.579,320.9190,,keyboard,1,0,-3.60,-0.61,-0.20,ACTIVE,NONE,8020,0,P,P,0.00,released,RELEASED
2026-05-27 18:32:04.979,321.3189,,keyboard,1,0,-46.80,-33.82,-19.80,ACTIVE,NONE,8030,0,P,P,0.00,released,RELEASED
2026-05-27 18:32:05.381,321.7207,,keyboard,1,0,-63.00,-60.96,-55.70,ACTIVE,NONE,8040,0,P,P,0.00,released,RELEASED
2026-05-27 18:32:05.781,322.1208,,keyboard,1,0,-21.60,-34.24,-48.40,ACTIVE,NONE,8050,0,P,P,0.00,released,RELEASED
2026-05-27 18:32:06.181,322.5208,,keyboard,1,0,21.60,8.14,-9.60,ACTIVE,NONE,8060,0,P,P,0.00,released,RELEASED
2026-05-27 18:32:06.568,322.9080,,keyboard,1,0,63.00,49.50,34.30,ACTIVE,NONE,8070,0,P,P,0.00,released,RELEASED
2026-05-27 18:32:06.969,323.3085,,keyboard,1,0,93.60,87.98,77.70,ACTIVE,NONE,8080,0,P,P,0.00,released,RELEASED
2026-05-27 18:32:07.368,323.7078,,keyboard,1,0,68.40,79.28,88.40,ACTIVE,NONE,8090,0,P,P,0.00,released,RELEASED
2026-05-27 18:32:07.769,324.1085,,keyboard,1,0,25.20,38.57,55.20,ACTIVE,NONE,8100,0,P,P,0.00,released,RELEASED
2026-05-27 18:32:08.172,324.5118,,keyboard,1,0,-16.20,-4.29,11.60,ACTIVE,NONE,8110,0,P,P,0.00,released,RELEASED
2026-05-27 18:32:08.578,324.9183,,keyboard,1,0,-16.20,-15.61,-13.00,ACTIVE,NONE,8120,0,P,P,0.00,released,RELEASED
2026-05-27 18:32:08.978,325.3182,,keyboard,1,0,-16.20,-16.17,-15.90,ACTIVE,NONE,8130,0,P,P,0.00,released,RELEASED
2026-05-27 18:32:09.378,325.7181,,keyboard,1,0,-16.20,-16.20,-16.10,ACTIVE,NONE,8140,0,P,P,0.00,released,RELEASED
2026-05-27 18:32:09.785,326.1252,,keyboard,1,0,-9.00,-9.72,-14.10,ACTIVE,NONE,8150,0,P,P,0.00,released,RELEASED
2026-05-27 18:32:10.166,326.5060,,keyboard,1,0,-9.00,-9.04,-9.80,ACTIVE,NONE,8160,0,P,P,0.00,released,RELEASED
2026-05-27 18:32:10.566,326.9061,,keyboard,1,0,-9.00,-9.00,-9.10,ACTIVE,NONE,8170,0,P,P,0.00,released,RELEASED
2026-05-27 18:32:10.966,327.3064,,keyboard,1,0,-9.00,-9.00,-8.90,ACTIVE,NONE,8180,0,P,P,0.00,released,RELEASED
2026-05-27 18:32:11.366,327.7059,,keyboard,1,0,-9.00,-9.00,-8.90,ACTIVE,NONE,8190,0,P,P,0.00,released,RELEASED
2026-05-27 18:32:11.766,328.1062,,keyboard,1,0,-9.00,-9.00,-8.90,ACTIVE,NONE,8200,0,P,P,0.00,released,RELEASED
2026-05-27 18:32:12.166,328.5064,,keyboard,1,0,-9.00,-9.00,-8.90,ACTIVE,NONE,8210,0,P,P,0.00,released,RELEASED
2026-05-27 18:32:12.566,328.9063,,keyboard,1,0,-9.00,-9.00,-8.90,ACTIVE,NONE,8220,0,P,P,0.00,released,RELEASED
2026-05-27 18:32:12.966,329.3063,,keyboard,1,0,-9.00,-9.00,-8.90,ACTIVE,NONE,8230,0,P,P,0.00,released,RELEASED
2026-05-27 18:32:13.366,329.7064,,keyboard,1,0,-9.00,-9.00,-8.90,ACTIVE,NONE,8240,0,P,P,0.00,released,RELEASED
2026-05-27 18:32:13.766,330.1062,,keyboard,1,0,-9.00,-9.00,-8.90,ACTIVE,NONE,8250,0,P,P,0.00,released,RELEASED
2026-05-27 18:32:14.166,330.5063,,keyboard,1,0,-9.00,-9.00,-8.90,ACTIVE,NONE,8260,0,P,P,0.00,released,RELEASED
2026-05-27 18:32:14.567,330.9071,,keyboard,1,0,-9.00,-9.00,-8.90,ACTIVE,NONE,8270,0,P,P,0.00,released,RELEASED
2026-05-27 18:32:14.967,331.3066,,keyboard,1,0,-9.00,-9.00,-8.90,ACTIVE,NONE,8280,0,P,P,0.00,released,RELEASED
2026-05-27 18:32:15.367,331.7068,,keyboard,1,0,-9.00,-9.00,-8.90,ACTIVE,NONE,8290,0,P,P,0.00,released,RELEASED
2026-05-27 18:32:15.766,332.1063,,keyboard,1,0,-9.00,-9.00,-8.90,ACTIVE,NONE,8300,0,P,P,0.00,released,RELEASED
2026-05-27 18:32:16.167,332.5065,,keyboard,1,0,-9.00,-9.00,-8.90,ACTIVE,NONE,8310,0,P,P,0.00,released,RELEASED
2026-05-27 18:32:16.568,332.9075,,keyboard,1,0,-9.00,-9.00,-8.90,ACTIVE,NONE,8320,0,P,P,0.00,released,RELEASED
2026-05-27 18:32:16.967,333.3065,,keyboard,1,0,-9.00,-9.00,-8.90,ACTIVE,NONE,8330,0,P,P,0.00,released,RELEASED
2026-05-27 18:32:17.367,333.7067,,keyboard,1,0,-9.00,-9.00,-8.90,ACTIVE,NONE,8340,0,P,P,0.00,released,RELEASED
2026-05-27 18:32:17.767,334.1066,,keyboard,1,0,-9.00,-9.00,-8.90,ACTIVE,NONE,8350,0,P,P,0.00,released,RELEASED
2026-05-27 18:32:18.167,334.5069,,keyboard,1,0,-9.00,-9.00,-8.90,ACTIVE,NONE,8360,0,P,P,0.00,released,RELEASED
2026-05-27 18:32:18.567,334.9066,,keyboard,1,0,-9.00,-9.00,-8.90,ACTIVE,NONE,8370,0,P,P,0.00,released,RELEASED
2026-05-27 18:32:18.967,335.3074,,keyboard,1,0,-9.00,-9.00,-8.90,ACTIVE,NONE,8380,0,P,P,0.00,released,RELEASED
2026-05-27 18:32:19.367,335.7074,,keyboard,1,0,-9.00,-9.00,-8.90,ACTIVE,NONE,8390,0,P,P,0.00,released,RELEASED
2026-05-27 18:32:19.773,336.1125,,slider,1,0,-9.00,-9.00,-8.90,ACTIVE,NONE,8400,0,P,P,0.00,released,RELEASED
2026-05-27 18:32:20.173,336.5128,,slider,1,0,-9.00,-9.00,-8.90,ACTIVE,NONE,8410,0,P,P,0.00,released,RELEASED
2026-05-27 18:32:20.573,336.9125,,slider,1,0,-9.00,-9.00,-8.90,ACTIVE,NONE,8420,0,P,P,0.00,released,RELEASED
2026-05-27 18:32:20.973,337.3125,,slider,1,0,-9.00,-9.00,-8.90,ACTIVE,NONE,8430,0,P,P,0.00,released,RELEASED
2026-05-27 18:32:21.373,337.7128,,slider,1,0,-9.00,-9.00,-8.90,ACTIVE,NONE,8440,0,P,P,0.00,released,RELEASED
2026-05-27 18:32:21.773,338.1126,,slider,1,0,-9.00,-9.00,-8.90,ACTIVE,NONE,8450,0,P,P,0.00,released,RELEASED
2026-05-27 18:32:22.173,338.5127,,slider,1,0,-9.00,-9.00,-8.90,ACTIVE,NONE,8460,0,P,P,0.00,released,RELEASED
2026-05-27 18:32:22.574,338.9137,,slider,1,0,0.00,-1.56,-4.80,ACTIVE,NONE,8470,0,P,P,0.00,released,RELEASED
2026-05-27 18:32:22.974,339.3136,,slider,1,0,0.00,-0.08,-0.80,ACTIVE,NONE,8480,0,P,P,0.00,released,RELEASED
2026-05-27 18:32:23.373,339.7132,,slider,1,0,0.00,-0.00,-0.10,ACTIVE,NONE,8490,0,P,P,0.00,released,RELEASED
2026-05-27 18:32:23.773,340.1134,,slider,1,0,0.00,-0.00,0.00,ACTIVE,NONE,8500,0,P,P,0.00,released,RELEASED
2026-05-27 18:32:24.174,340.5135,,slider,1,0,0.00,-0.00,0.00,ACTIVE,NONE,8510,0,P,P,0.00,released,RELEASED
2026-05-27 18:32:24.574,340.9135,,slider,1,0,0.00,-0.00,0.00,ACTIVE,NONE,8520,0,P,P,0.00,released,RELEASED
2026-05-27 18:32:24.973,341.3133,,slider,1,0,0.00,-0.00,0.00,ACTIVE,NONE,8530,0,P,P,0.00,released,RELEASED
2026-05-27 18:32:25.373,341.7134,,slider,1,0,0.00,-0.00,0.00,ACTIVE,NONE,8540,0,P,P,0.00,released,RELEASED
2026-05-27 18:32:25.773,342.1133,,slider,1,0,0.00,-0.00,0.00,ACTIVE,NONE,8550,0,P,P,0.00,released,RELEASED
2026-05-27 18:32:26.174,342.5135,,slider,1,0,0.00,-0.00,0.00,ACTIVE,NONE,8560,0,P,P,0.00,released,RELEASED
2026-05-27 18:32:26.574,342.9135,,slider,1,0,0.00,-0.00,0.00,ACTIVE,NONE,8570,0,P,P,0.00,released,RELEASED
2026-05-27 18:32:26.974,343.3136,,slider,1,0,0.00,-0.00,0.00,ACTIVE,NONE,8580,0,P,P,0.00,released,RELEASED
2026-05-27 18:32:27.374,343.7136,,slider,1,0,0.00,-0.00,0.00,ACTIVE,NONE,8590,0,P,P,0.00,released,RELEASED
2026-05-27 18:32:27.774,344.1137,,slider,1,0,0.00,-0.00,0.00,ACTIVE,NONE,8600,0,P,P,0.00,released,RELEASED
2026-05-27 18:32:28.174,344.5137,,slider,1,0,0.00,-0.00,0.00,ACTIVE,NONE,8610,0,P,P,0.00,released,RELEASED
2026-05-27 18:32:28.574,344.9140,,slider,1,0,0.00,-0.00,0.00,ACTIVE,NONE,8620,0,P,P,0.00,released,RELEASED
2026-05-27 18:32:28.974,345.3138,,slider,1,0,0.00,-0.00,0.00,ACTIVE,NONE,8630,0,P,P,0.00,released,RELEASED
2026-05-27 18:32:29.374,345.7140,,slider,1,0,0.00,-0.00,0.00,ACTIVE,NONE,8640,0,P,P,0.00,released,RELEASED
2026-05-27 18:32:29.774,346.1137,,slider,1,0,0.00,-0.00,0.00,ACTIVE,NONE,8650,0,P,P,0.00,released,RELEASED
2026-05-27 18:32:30.174,346.5142,,slider,1,0,0.00,-0.00,0.00,ACTIVE,NONE,8660,0,P,P,0.00,released,RELEASED
2026-05-27 18:32:30.574,346.9141,,slider,1,0,0.00,-0.00,0.00,ACTIVE,NONE,8670,0,P,P,0.00,released,RELEASED
2026-05-27 18:32:30.974,347.3138,,slider,1,0,0.00,-0.00,0.00,ACTIVE,NONE,8680,0,P,P,0.00,released,RELEASED
2026-05-27 18:32:31.375,347.7146,,slider,1,0,0.00,-0.00,0.00,ACTIVE,NONE,8690,0,P,P,0.00,released,RELEASED
2026-05-27 18:32:31.774,348.1143,,slider,1,0,0.00,-0.00,0.00,ACTIVE,NONE,8700,0,P,P,0.00,released,RELEASED
2026-05-27 18:32:32.174,348.5140,,slider,1,0,0.00,-0.00,0.00,ACTIVE,NONE,8710,0,P,P,0.00,released,RELEASED
2026-05-27 18:32:32.574,348.9142,,slider,1,0,0.00,-0.00,0.00,ACTIVE,NONE,8720,0,P,P,0.00,released,RELEASED
2026-05-27 18:32:32.974,349.3144,,slider,1,0,0.00,-0.00,0.00,ACTIVE,NONE,8730,0,P,P,0.00,released,RELEASED
2026-05-27 18:32:33.374,349.7141,,slider,1,0,0.00,-0.00,0.00,ACTIVE,NONE,8740,0,P,P,0.00,released,RELEASED
2026-05-27 18:32:33.774,350.1142,,slider,1,0,0.00,-0.00,0.00,ACTIVE,NONE,8750,0,P,P,0.00,released,RELEASED
2026-05-27 18:32:34.174,350.5144,,slider,1,0,0.00,-0.00,0.00,ACTIVE,NONE,8760,0,P,P,0.00,released,RELEASED
2026-05-27 18:32:34.575,350.9146,,slider,1,0,0.00,-0.00,0.00,ACTIVE,NONE,8770,0,P,P,0.00,released,RELEASED
2026-05-27 18:32:34.975,351.3146,,slider,1,0,0.00,-0.00,0.00,ACTIVE,NONE,8780,0,P,P,0.00,released,RELEASED
2026-05-27 18:32:35.374,351.7144,,slider,1,0,0.00,-0.00,0.00,ACTIVE,NONE,8790,0,P,P,0.00,released,RELEASED
2026-05-27 18:32:35.775,352.1147,,slider,1,0,0.00,-0.00,0.00,ACTIVE,NONE,8800,0,P,P,0.00,released,RELEASED
2026-05-27 18:32:36.175,352.5148,,slider,1,0,0.00,-0.00,0.00,ACTIVE,NONE,8810,0,P,P,0.00,released,RELEASED
2026-05-27 18:32:36.575,352.9145,,slider,1,0,0.00,-0.00,0.00,ACTIVE,NONE,8820,0,P,P,0.00,released,RELEASED
2026-05-27 18:32:36.975,353.3146,,slider,1,0,0.00,-0.00,0.00,ACTIVE,NONE,8830,0,P,P,0.00,released,RELEASED
2026-05-27 18:32:37.375,353.7147,,slider,1,0,0.00,-0.00,0.00,ACTIVE,NONE,8840,0,P,P,0.00,released,RELEASED
2026-05-27 18:32:37.775,354.1145,,slider,1,0,0.00,-0.00,0.00,ACTIVE,NONE,8850,0,P,P,0.00,released,RELEASED
2026-05-27 18:32:38.175,354.5146,,slider,1,0,0.00,-0.00,0.00,ACTIVE,NONE,8860,0,P,P,0.00,released,RELEASED
2026-05-27 18:32:38.575,354.9145,,slider,1,0,0.00,-0.00,0.00,ACTIVE,NONE,8870,0,P,P,0.00,released,RELEASED
2026-05-27 18:32:38.975,355.3145,,slider,1,0,0.00,-0.00,0.00,ACTIVE,NONE,8880,0,P,P,0.00,released,RELEASED
2026-05-27 18:32:39.374,355.7144,,slider,1,0,0.00,-0.00,0.00,ACTIVE,NONE,8890,0,P,P,0.00,released,RELEASED
2026-05-27 18:32:39.775,356.1149,,slider,1,0,0.00,-0.00,0.00,ACTIVE,NONE,8900,0,P,P,0.00,released,RELEASED
2026-05-27 18:32:40.175,356.5149,,slider,1,0,0.00,-0.00,0.00,ACTIVE,NONE,8910,0,P,P,0.00,released,RELEASED
2026-05-27 18:32:40.575,356.9148,,slider,1,0,0.00,-0.00,0.00,ACTIVE,NONE,8920,0,P,P,0.00,released,RELEASED
2026-05-27 18:32:40.976,357.3156,,slider,1,0,0.00,-0.00,0.00,ACTIVE,NONE,8930,0,P,P,0.00,released,RELEASED
2026-05-27 18:32:41.375,357.7148,,slider,1,0,0.00,-0.00,0.00,ACTIVE,NONE,8940,0,P,P,0.00,released,RELEASED
2026-05-27 18:32:41.775,358.1148,,slider,1,0,0.00,-0.00,0.00,ACTIVE,NONE,8950,0,P,P,0.00,released,RELEASED
2026-05-27 18:32:42.175,358.5148,,slider,1,0,0.00,-0.00,0.00,ACTIVE,NONE,8960,0,P,P,0.00,released,RELEASED
2026-05-27 18:32:42.575,358.9149,,slider,1,0,0.00,-0.00,0.00,ACTIVE,NONE,8970,0,P,P,0.00,released,RELEASED
2026-05-27 18:32:42.975,359.3148,,slider,1,0,0.00,-0.00,0.00,ACTIVE,NONE,8980,0,P,P,0.00,released,RELEASED
2026-05-27 18:32:43.375,359.7149,,slider,1,0,0.00,-0.00,0.00,ACTIVE,NONE,8990,0,P,P,0.00,released,RELEASED
2026-05-27 18:32:43.775,360.1148,,slider,1,0,0.00,-0.00,0.00,ACTIVE,NONE,9000,0,P,P,0.00,released,RELEASED
2026-05-27 18:32:44.175,360.5151,,slider,1,0,0.00,-0.00,0.00,ACTIVE,NONE,9010,0,P,P,0.00,released,RELEASED
2026-05-27 18:32:44.575,360.9153,,slider,1,0,0.00,-0.00,0.00,ACTIVE,NONE,9020,0,P,P,0.00,released,RELEASED
2026-05-27 18:32:44.976,361.3158,,slider,1,0,0.00,-0.00,0.00,ACTIVE,NONE,9030,0,P,P,0.00,released,RELEASED
2026-05-27 18:32:45.375,361.7154,,slider,1,0,0.00,-0.00,0.00,ACTIVE,NONE,9040,0,P,P,0.00,released,RELEASED
2026-05-27 18:32:45.775,362.1152,,slider,1,0,0.00,-0.00,0.00,ACTIVE,NONE,9050,0,P,P,0.00,released,RELEASED
2026-05-27 18:32:46.176,362.5159,,slider,1,0,0.00,-0.00,0.00,ACTIVE,NONE,9060,0,P,P,0.00,released,RELEASED
2026-05-27 18:32:46.576,362.9155,,slider,1,0,0.00,-0.00,0.00,ACTIVE,NONE,9070,0,P,P,0.00,released,RELEASED
2026-05-27 18:32:46.976,363.3160,,slider,1,0,0.00,-0.00,0.00,ACTIVE,NONE,9080,0,P,P,0.00,released,RELEASED
2026-05-27 18:32:47.376,363.7157,,slider,1,0,0.00,-0.00,0.00,ACTIVE,NONE,9090,0,P,P,0.00,released,RELEASED
2026-05-27 18:32:47.775,364.1154,,slider,1,0,0.00,-0.00,0.00,ACTIVE,NONE,9100,0,P,P,0.00,released,RELEASED
2026-05-27 18:32:48.176,364.5155,,slider,1,0,0.00,-0.00,0.00,ACTIVE,NONE,9110,0,P,P,0.00,released,RELEASED
2026-05-27 18:32:48.575,364.9155,,slider,1,0,0.00,-0.00,0.00,ACTIVE,NONE,9120,0,P,P,0.00,released,RELEASED
2026-05-27 18:32:48.976,365.3155,,slider,1,0,0.00,-0.00,0.00,ACTIVE,NONE,9130,0,P,P,0.00,released,RELEASED
2026-05-27 18:32:49.376,365.7155,,slider,1,0,0.00,-0.00,0.00,ACTIVE,NONE,9140,0,P,P,0.00,released,RELEASED
2026-05-27 18:32:49.776,366.1156,,slider,1,0,0.00,-0.00,0.00,ACTIVE,NONE,9150,0,P,P,0.00,released,RELEASED
2026-05-27 18:32:50.176,366.5158,,slider,1,0,0.00,-0.00,0.00,ACTIVE,NONE,9160,0,P,P,0.00,released,RELEASED
2026-05-27 18:32:50.576,366.9158,,slider,1,0,0.00,-0.00,0.00,ACTIVE,NONE,9170,0,P,P,0.00,released,RELEASED
2026-05-27 18:32:50.976,367.3157,,slider,1,0,0.00,-0.00,0.00,ACTIVE,NONE,9180,0,P,P,0.00,released,RELEASED
2026-05-27 18:32:51.376,367.7157,,slider,1,0,0.00,-0.00,0.00,ACTIVE,NONE,9190,0,P,P,0.00,released,RELEASED
2026-05-27 18:32:51.776,368.1158,,slider,1,0,0.00,-0.00,0.00,ACTIVE,NONE,9200,0,P,P,0.00,released,RELEASED
2026-05-27 18:32:52.176,368.5159,,slider,1,0,0.00,-0.00,0.00,ACTIVE,NONE,9210,0,P,P,0.00,released,RELEASED
2026-05-27 18:32:52.576,368.9158,,slider,1,0,0.00,-0.00,0.00,ACTIVE,NONE,9220,0,P,P,0.00,released,RELEASED
2026-05-27 18:32:52.976,369.3159,,slider,1,0,0.00,-0.00,0.00,ACTIVE,NONE,9230,0,P,P,0.00,released,RELEASED
2026-05-27 18:32:53.376,369.7158,,slider,1,0,0.00,-0.00,0.00,ACTIVE,NONE,9240,0,P,P,0.00,released,RELEASED
2026-05-27 18:32:53.776,370.1159,,slider,1,0,0.00,-0.00,0.00,ACTIVE,NONE,9250,0,P,P,0.00,released,RELEASED
2026-05-27 18:32:54.176,370.5160,,slider,1,0,0.00,-0.00,0.00,ACTIVE,NONE,9260,0,P,P,0.00,released,RELEASED
2026-05-27 18:32:54.576,370.9159,,slider,1,0,0.00,-0.00,0.00,ACTIVE,NONE,9270,0,P,P,0.00,released,RELEASED
2026-05-27 18:32:54.976,371.3160,,slider,1,0,0.00,-0.00,0.00,ACTIVE,NONE,9280,0,P,P,0.00,released,RELEASED
2026-05-27 18:32:55.376,371.7160,,slider,1,0,0.00,-0.00,0.00,ACTIVE,NONE,9290,0,P,P,0.00,released,RELEASED
2026-05-27 18:32:55.776,372.1161,,slider,1,0,0.00,-0.00,0.00,ACTIVE,NONE,9300,0,P,P,0.00,released,RELEASED
2026-05-27 18:32:56.176,372.5161,,slider,1,0,0.00,-0.00,0.00,ACTIVE,NONE,9310,0,P,P,0.00,released,RELEASED
2026-05-27 18:32:56.576,372.9161,,slider,1,0,0.00,-0.00,0.00,ACTIVE,NONE,9320,0,P,P,0.00,released,RELEASED
2026-05-27 18:32:56.976,373.3162,,slider,1,0,0.00,-0.00,0.00,ACTIVE,NONE,9330,0,P,P,0.00,released,RELEASED
2026-05-27 18:32:57.376,373.7162,,slider,1,0,0.00,-0.00,0.00,ACTIVE,NONE,9340,0,P,P,0.00,released,RELEASED
2026-05-27 18:32:57.776,374.1161,,slider,1,0,0.00,-0.00,0.00,ACTIVE,NONE,9350,0,P,P,0.00,released,RELEASED
2026-05-27 18:32:58.176,374.5162,,slider,1,0,0.00,-0.00,0.00,ACTIVE,NONE,9360,0,P,P,0.00,released,RELEASED
2026-05-27 18:32:58.576,374.9162,,slider,1,0,0.00,-0.00,0.00,ACTIVE,NONE,9370,0,P,P,0.00,released,RELEASED
2026-05-27 18:32:58.976,375.3164,,slider,1,0,0.00,-0.00,0.00,ACTIVE,NONE,9380,0,P,P,0.00,released,RELEASED
2026-05-27 18:32:59.376,375.7164,,slider,1,0,0.00,-0.00,0.00,ACTIVE,NONE,9390,0,P,P,0.00,released,RELEASED
2026-05-27 18:32:59.776,376.1163,,slider,1,0,0.00,-0.00,0.00,ACTIVE,NONE,9400,0,P,P,0.00,released,RELEASED
2026-05-27 18:33:00.176,376.5164,,slider,1,0,0.00,-0.00,0.00,ACTIVE,NONE,9410,0,P,P,0.00,released,RELEASED
2026-05-27 18:33:00.577,376.9166,,slider,1,0,0.00,-0.00,0.00,ACTIVE,NONE,9420,0,P,P,0.00,released,RELEASED
2026-05-27 18:33:00.976,377.3164,,slider,1,0,0.00,-0.00,0.00,ACTIVE,NONE,9430,0,P,P,0.00,released,RELEASED
2026-05-27 18:33:01.377,377.7167,,slider,1,0,0.00,-0.00,0.00,ACTIVE,NONE,9440,0,P,P,0.00,released,RELEASED
2026-05-27 18:33:01.777,378.1165,,slider,1,0,0.00,-0.00,0.00,ACTIVE,NONE,9450,0,P,P,0.00,released,RELEASED
2026-05-27 18:33:02.177,378.5167,,slider,1,0,0.00,-0.00,0.00,ACTIVE,NONE,9460,0,P,P,0.00,released,RELEASED
2026-05-27 18:33:02.577,378.9167,,slider,1,0,0.00,-0.00,0.00,ACTIVE,NONE,9470,0,P,P,0.00,released,RELEASED
2026-05-27 18:33:02.977,379.3171,,slider,1,0,0.00,-0.00,0.00,ACTIVE,NONE,9480,0,P,P,0.00,released,RELEASED
2026-05-27 18:33:03.377,379.7171,,slider,1,0,0.00,-0.00,0.00,ACTIVE,NONE,9490,0,P,P,0.00,released,RELEASED
2026-05-27 18:33:03.777,380.1172,,slider,1,0,0.00,-0.00,0.00,ACTIVE,NONE,9500,0,P,P,0.00,released,RELEASED
2026-05-27 18:33:04.178,380.5175,,slider,1,0,0.00,-0.00,0.00,ACTIVE,NONE,9510,0,P,P,0.00,released,RELEASED
2026-05-27 18:33:04.577,380.9173,,slider,1,0,0.00,-0.00,0.00,ACTIVE,NONE,9520,0,P,P,0.00,released,RELEASED
2026-05-27 18:33:04.977,381.3171,,slider,1,0,0.00,-0.00,0.00,ACTIVE,NONE,9530,0,P,P,0.00,released,RELEASED
2026-05-27 18:33:05.378,381.7175,,slider,1,0,0.00,-0.00,0.00,ACTIVE,NONE,9540,0,P,P,0.00,released,RELEASED
2026-05-27 18:33:05.777,382.1174,,slider,1,0,0.00,-0.00,0.00,ACTIVE,NONE,9550,0,P,P,0.00,released,RELEASED
2026-05-27 18:33:06.177,382.5173,,slider,1,0,0.00,-0.00,0.00,ACTIVE,NONE,9560,0,P,P,0.00,released,RELEASED
2026-05-27 18:33:06.578,382.9175,,slider,1,0,0.00,-0.00,0.00,ACTIVE,NONE,9570,0,P,P,0.00,released,RELEASED
2026-05-27 18:33:06.977,383.3173,,slider,1,0,0.00,-0.00,0.00,ACTIVE,NONE,9580,0,P,P,0.00,released,RELEASED
2026-05-27 18:33:07.378,383.7177,,slider,1,0,0.00,-0.00,0.00,ACTIVE,NONE,9590,0,P,P,0.00,released,RELEASED
2026-05-27 18:33:07.777,384.1171,,slider,1,0,0.00,-0.00,0.00,ACTIVE,NONE,9600,0,P,P,0.00,released,RELEASED
2026-05-27 18:33:08.177,384.5170,,slider,1,0,0.00,-0.00,0.00,ACTIVE,NONE,9610,0,P,P,0.00,released,RELEASED
2026-05-27 18:33:08.577,384.9174,,slider,1,0,0.00,-0.00,0.00,ACTIVE,NONE,9620,0,P,P,0.00,released,RELEASED
2026-05-27 18:33:08.977,385.3170,,slider,1,0,0.00,-0.00,0.00,ACTIVE,NONE,9630,0,P,P,0.00,released,RELEASED
2026-05-27 18:33:09.378,385.7176,,slider,1,0,0.00,-0.00,0.00,ACTIVE,NONE,9640,0,P,P,0.00,released,RELEASED
2026-05-27 18:33:09.780,386.1197,,slider,1,0,0.00,-0.00,0.00,ACTIVE,NONE,9650,0,P,P,0.00,released,RELEASED
2026-05-27 18:33:10.180,386.5199,,slider,1,0,0.00,-0.00,0.00,ACTIVE,NONE,9660,0,P,P,0.00,released,RELEASED
2026-05-27 18:33:10.580,386.9198,,slider,1,0,0.00,-0.00,0.00,ACTIVE,NONE,9670,0,P,P,0.00,released,RELEASED
2026-05-27 18:33:10.980,387.3200,,slider,1,0,0.00,-0.00,0.00,ACTIVE,NONE,9680,0,P,P,0.00,released,RELEASED
2026-05-27 18:33:11.380,387.7199,,slider,1,0,0.00,-0.00,0.00,ACTIVE,NONE,9690,0,P,P,0.00,released,RELEASED
2026-05-27 18:33:11.780,388.1200,,slider,1,0,0.00,-0.00,0.00,ACTIVE,NONE,9700,0,P,P,0.00,released,RELEASED
2026-05-27 18:33:12.180,388.5200,,slider,1,0,0.00,-0.00,0.00,ACTIVE,NONE,9710,0,P,P,0.00,released,RELEASED
2026-05-27 18:33:12.580,388.9202,,slider,1,0,0.00,-0.00,0.00,ACTIVE,NONE,9720,0,P,P,0.00,released,RELEASED
2026-05-27 18:33:12.980,389.3200,,slider,1,0,0.00,-0.00,0.00,ACTIVE,NONE,9730,0,P,P,0.00,released,RELEASED
2026-05-27 18:33:13.380,389.7201,,slider,1,0,0.00,-0.00,0.00,ACTIVE,NONE,9740,0,P,P,0.00,released,RELEASED
2026-05-27 18:33:13.780,390.1203,,slider,1,0,0.00,-0.00,0.00,ACTIVE,NONE,9750,0,P,P,0.00,released,RELEASED
2026-05-27 18:33:14.180,390.5204,,slider,1,0,0.00,-0.00,0.00,ACTIVE,NONE,9760,0,P,P,0.00,released,RELEASED
2026-05-27 18:33:14.580,390.9204,,slider,1,0,0.00,-0.00,0.00,ACTIVE,NONE,9770,0,P,P,0.00,released,RELEASED
2026-05-27 18:33:14.981,391.3207,,slider,1,0,0.00,-0.00,0.00,ACTIVE,NONE,9780,0,P,P,0.00,released,RELEASED
2026-05-27 18:33:15.380,391.7204,,slider,1,0,0.00,-0.00,0.00,ACTIVE,NONE,9790,0,P,P,0.00,released,RELEASED
2026-05-27 18:33:15.780,392.1204,,slider,1,0,0.00,-0.00,0.00,ACTIVE,NONE,9800,0,P,P,0.00,released,RELEASED
2026-05-27 18:33:16.181,392.5206,,slider,1,0,0.00,-0.00,0.00,ACTIVE,NONE,9810,0,P,P,0.00,released,RELEASED
2026-05-27 18:33:16.581,392.9206,,slider,1,0,0.00,-0.00,0.00,ACTIVE,NONE,9820,0,P,P,0.00,released,RELEASED
2026-05-27 18:33:16.981,393.3207,,slider,1,0,0.00,-0.00,0.00,ACTIVE,NONE,9830,0,P,P,0.00,released,RELEASED
2026-05-27 18:33:17.381,393.7208,,slider,1,0,0.00,-0.00,0.00,ACTIVE,NONE,9840,0,P,P,0.00,released,RELEASED
2026-05-27 18:33:17.781,394.1208,,slider,1,0,0.00,-0.00,0.00,ACTIVE,NONE,9850,0,P,P,0.00,released,RELEASED
2026-05-27 18:33:18.181,394.5209,,slider,1,0,0.00,-0.00,0.00,ACTIVE,NONE,9860,0,P,P,0.00,released,RELEASED
2026-05-27 18:33:18.581,394.9209,,slider,1,0,0.00,-0.00,0.00,ACTIVE,NONE,9870,0,P,P,0.00,released,RELEASED
2026-05-27 18:33:18.981,395.3210,,slider,1,0,0.00,-0.00,0.00,ACTIVE,NONE,9880,0,P,P,0.00,released,RELEASED
2026-05-27 18:33:19.381,395.7210,,slider,1,0,0.00,-0.00,0.00,ACTIVE,NONE,9890,0,P,P,0.00,released,RELEASED
2026-05-27 18:33:19.781,396.1210,,slider,1,0,0.00,-0.00,0.00,ACTIVE,NONE,9900,0,P,P,0.00,released,RELEASED
2026-05-27 18:33:20.181,396.5213,,slider,1,0,0.00,-0.00,0.00,ACTIVE,NONE,9910,0,P,P,0.00,released,RELEASED
2026-05-27 18:33:20.581,396.9211,,slider,1,0,0.00,-0.00,0.00,ACTIVE,NONE,9920,0,P,P,0.00,released,RELEASED
2026-05-27 18:33:20.981,397.3211,,slider,1,0,0.00,-0.00,0.00,ACTIVE,NONE,9930,0,P,P,0.00,released,RELEASED
2026-05-27 18:33:21.381,397.7211,,slider,1,0,0.00,-0.00,0.00,ACTIVE,NONE,9940,0,P,P,0.00,released,RELEASED
2026-05-27 18:33:21.781,398.1211,,slider,1,0,0.00,-0.00,0.00,ACTIVE,NONE,9950,0,P,P,0.00,released,RELEASED
2026-05-27 18:33:22.181,398.5212,,slider,1,0,0.00,-0.00,0.00,ACTIVE,NONE,9960,0,P,P,0.00,released,RELEASED
2026-05-27 18:33:22.581,398.9213,,slider,1,0,0.00,-0.00,0.00,ACTIVE,NONE,9970,0,P,P,0.00,released,RELEASED
2026-05-27 18:33:22.981,399.3214,,slider,1,0,0.00,-0.00,0.00,ACTIVE,NONE,9980,0,P,P,0.00,released,RELEASED
2026-05-27 18:33:23.382,399.7215,,slider,1,0,0.00,-0.00,0.00,ACTIVE,NONE,9990,0,P,P,0.00,released,RELEASED
2026-05-27 18:33:23.781,400.1214,,slider,1,0,0.00,-0.00,0.00,ACTIVE,NONE,10000,0,P,P,0.00,released,RELEASED
2026-05-27 18:33:24.181,400.5213,,slider,1,0,0.00,-0.00,0.00,ACTIVE,NONE,10010,0,P,P,0.00,released,RELEASED
2026-05-27 18:33:24.582,400.9215,,slider,1,0,0.00,-0.00,0.00,ACTIVE,NONE,10020,0,P,P,0.00,released,RELEASED
2026-05-27 18:33:24.981,401.3213,,slider,1,0,0.00,-0.00,0.00,ACTIVE,NONE,10030,0,P,P,0.00,released,RELEASED
2026-05-27 18:33:25.381,401.7214,,slider,1,0,0.00,-0.00,0.00,ACTIVE,NONE,10040,0,P,P,0.00,released,RELEASED
2026-05-27 18:33:25.782,402.1215,,slider,1,0,0.00,-0.00,0.00,ACTIVE,NONE,10050,0,P,P,0.00,released,RELEASED
2026-05-27 18:33:26.182,402.5216,,slider,1,0,0.00,-0.00,0.00,ACTIVE,NONE,10060,0,P,P,0.00,released,RELEASED
2026-05-27 18:33:26.582,402.9215,,slider,1,0,0.00,-0.00,0.00,ACTIVE,NONE,10070,0,P,P,0.00,released,RELEASED
2026-05-27 18:33:26.982,403.3217,,slider,1,0,0.00,-0.00,0.00,ACTIVE,NONE,10080,0,P,P,0.00,released,RELEASED
2026-05-27 18:33:27.382,403.7218,,slider,1,0,0.00,-0.00,0.00,ACTIVE,NONE,10090,0,P,P,0.00,released,RELEASED
2026-05-27 18:33:27.782,404.1216,,slider,1,0,0.00,-0.00,0.00,ACTIVE,NONE,10100,0,P,P,0.00,released,RELEASED
2026-05-27 18:33:28.182,404.5216,,slider,1,0,0.00,-0.00,0.00,ACTIVE,NONE,10110,0,P,P,0.00,released,RELEASED
2026-05-27 18:33:28.582,404.9218,,slider,1,0,0.00,-0.00,0.00,ACTIVE,NONE,10120,0,P,P,0.00,released,RELEASED
2026-05-27 18:33:28.982,405.3219,,slider,1,0,0.00,-0.00,0.00,ACTIVE,NONE,10130,0,P,P,0.00,released,RELEASED
2026-05-27 18:33:29.382,405.7219,,slider,1,0,0.00,-0.00,0.00,ACTIVE,NONE,10140,0,P,P,0.00,released,RELEASED
2026-05-27 18:33:29.782,406.1220,,slider,1,0,0.00,-0.00,0.00,ACTIVE,NONE,10150,0,P,P,0.00,released,RELEASED
2026-05-27 18:33:30.182,406.5219,,slider,1,0,0.00,-0.00,0.00,ACTIVE,NONE,10160,0,P,P,0.00,released,RELEASED
2026-05-27 18:33:30.582,406.9219,,slider,1,0,0.00,-0.00,0.00,ACTIVE,NONE,10170,0,P,P,0.00,released,RELEASED
2026-05-27 18:33:30.982,407.3219,,slider,1,0,0.00,-0.00,0.00,ACTIVE,NONE,10180,0,P,P,0.00,released,RELEASED
2026-05-27 18:33:31.382,407.7221,,slider,1,0,0.00,-0.00,0.00,ACTIVE,NONE,10190,0,P,P,0.00,released,RELEASED
2026-05-27 18:33:31.782,408.1221,,slider,1,0,0.00,-0.00,0.00,ACTIVE,NONE,10200,0,P,P,0.00,released,RELEASED
2026-05-27 18:33:32.182,408.5220,,slider,1,0,0.00,-0.00,0.00,ACTIVE,NONE,10210,0,P,P,0.00,released,RELEASED
2026-05-27 18:33:32.582,408.9221,,slider,1,0,0.00,-0.00,0.00,ACTIVE,NONE,10220,0,P,P,0.00,released,RELEASED
2026-05-27 18:33:32.982,409.3222,,slider,1,0,0.00,-0.00,0.00,ACTIVE,NONE,10230,0,P,P,0.00,released,RELEASED
2026-05-27 18:33:33.382,409.7222,,slider,1,0,0.00,-0.00,0.00,ACTIVE,NONE,10240,0,P,P,0.00,released,RELEASED
2026-05-27 18:33:33.782,410.1222,,slider,1,0,0.00,-0.00,0.00,ACTIVE,NONE,10250,0,P,P,0.00,released,RELEASED
2026-05-27 18:33:34.182,410.5222,,slider,1,0,0.00,-0.00,0.00,ACTIVE,NONE,10260,0,P,P,0.00,released,RELEASED
2026-05-27 18:33:34.582,410.9222,,slider,1,0,0.00,-0.00,0.00,ACTIVE,NONE,10270,0,P,P,0.00,released,RELEASED
2026-05-27 18:33:34.982,411.3223,,slider,1,0,0.00,-0.00,0.00,ACTIVE,NONE,10280,0,P,P,0.00,released,RELEASED
2026-05-27 18:33:35.382,411.7224,,slider,1,0,0.00,-0.00,0.00,ACTIVE,NONE,10290,0,P,P,0.00,released,RELEASED
2026-05-27 18:33:35.782,412.1223,,slider,1,0,0.00,-0.00,0.00,ACTIVE,NONE,10300,0,P,P,0.00,released,RELEASED
2026-05-27 18:33:36.182,412.5222,,slider,1,0,0.00,-0.00,0.00,ACTIVE,NONE,10310,0,P,P,0.00,released,RELEASED
2026-05-27 18:33:36.582,412.9224,,slider,1,0,0.00,-0.00,0.00,ACTIVE,NONE,10320,0,P,P,0.00,released,RELEASED
2026-05-27 18:33:36.982,413.3223,,slider,1,0,0.00,-0.00,0.00,ACTIVE,NONE,10330,0,P,P,0.00,released,RELEASED
2026-05-27 18:33:37.382,413.7224,,slider,1,0,0.00,-0.00,0.00,ACTIVE,NONE,10340,0,P,P,0.00,released,RELEASED
2026-05-27 18:33:37.782,414.1224,,slider,1,0,0.00,-0.00,0.00,ACTIVE,NONE,10350,0,P,P,0.00,released,RELEASED
2026-05-27 18:33:38.182,414.5224,,slider,1,0,0.00,-0.00,0.00,ACTIVE,NONE,10360,0,P,P,0.00,released,RELEASED
2026-05-27 18:33:38.583,414.9225,,slider,1,0,0.00,-0.00,0.00,ACTIVE,NONE,10370,0,P,P,0.00,released,RELEASED
2026-05-27 18:33:38.982,415.3224,,slider,1,0,0.00,-0.00,0.00,ACTIVE,NONE,10380,0,P,P,0.00,released,RELEASED
2026-05-27 18:33:39.383,415.7226,,slider,1,0,0.00,-0.00,0.00,ACTIVE,NONE,10390,0,P,P,0.00,released,RELEASED
2026-05-27 18:33:39.783,416.1225,,slider,1,0,0.00,-0.00,0.00,ACTIVE,NONE,10400,0,P,P,0.00,released,RELEASED
2026-05-27 18:33:40.183,416.5226,,slider,1,0,0.00,-0.00,0.00,ACTIVE,NONE,10410,0,P,P,0.00,released,RELEASED
2026-05-27 18:33:40.583,416.9226,,slider,1,0,0.00,-0.00,0.00,ACTIVE,NONE,10420,0,P,P,0.00,released,RELEASED
2026-05-27 18:33:40.983,417.3226,,slider,1,0,0.00,-0.00,0.00,ACTIVE,NONE,10430,0,P,P,0.00,released,RELEASED
2026-05-27 18:33:41.383,417.7227,,slider,1,0,0.00,-0.00,0.00,ACTIVE,NONE,10440,0,P,P,0.00,released,RELEASED
2026-05-27 18:33:41.783,418.1229,,slider,1,0,0.00,-0.00,0.00,ACTIVE,NONE,10450,0,P,P,0.00,released,RELEASED
2026-05-27 18:33:42.183,418.5229,,slider,1,0,0.00,-0.00,0.00,ACTIVE,NONE,10460,0,P,P,0.00,released,RELEASED
2026-05-27 18:33:42.583,418.9229,,slider,1,0,0.00,-0.00,0.00,ACTIVE,NONE,10470,0,P,P,0.00,released,RELEASED
2026-05-27 18:33:42.983,419.3229,,slider,1,0,0.00,-0.00,0.00,ACTIVE,NONE,10480,0,P,P,0.00,released,RELEASED
2026-05-27 18:33:43.383,419.7229,,slider,1,0,0.00,-0.00,0.00,ACTIVE,NONE,10490,0,P,P,0.00,released,RELEASED
2026-05-27 18:33:43.783,420.1230,,slider,1,0,0.00,-0.00,0.00,ACTIVE,NONE,10500,0,P,P,0.00,released,RELEASED
2026-05-27 18:33:44.183,420.5231,,slider,1,0,0.00,-0.00,0.00,ACTIVE,NONE,10510,0,P,P,0.00,released,RELEASED
2026-05-27 18:33:44.583,420.9232,,slider,1,0,0.00,-0.00,0.00,ACTIVE,NONE,10520,0,P,P,0.00,released,RELEASED
2026-05-27 18:33:44.983,421.3231,,slider,1,0,0.00,-0.00,0.00,ACTIVE,NONE,10530,0,P,P,0.00,released,RELEASED
2026-05-27 18:33:45.383,421.7233,,slider,1,0,0.00,-0.00,0.00,ACTIVE,NONE,10540,0,P,P,0.00,released,RELEASED
2026-05-27 18:33:45.783,422.1232,,slider,1,0,0.00,-0.00,0.00,ACTIVE,NONE,10550,0,P,P,0.00,released,RELEASED
2026-05-27 18:33:46.183,422.5233,,slider,1,0,0.00,-0.00,0.00,ACTIVE,NONE,10560,0,P,P,0.00,released,RELEASED
2026-05-27 18:33:46.583,422.9233,,slider,1,0,0.00,-0.00,0.00,ACTIVE,NONE,10570,0,P,P,0.00,released,RELEASED
2026-05-27 18:33:46.983,423.3234,,slider,1,0,0.00,-0.00,0.00,ACTIVE,NONE,10580,0,P,P,0.00,released,RELEASED
2026-05-27 18:33:47.383,423.7233,,slider,1,0,0.00,-0.00,0.00,ACTIVE,NONE,10590,0,P,P,0.00,released,RELEASED
2026-05-27 18:33:47.783,424.1234,,slider,1,0,0.00,-0.00,0.00,ACTIVE,NONE,10600,0,P,P,0.00,released,RELEASED
2026-05-27 18:33:48.183,424.5234,,slider,1,0,0.00,-0.00,0.00,ACTIVE,NONE,10610,0,P,P,0.00,released,RELEASED
2026-05-27 18:33:48.584,424.9235,,slider,1,0,0.00,-0.00,0.00,ACTIVE,NONE,10620,0,P,P,0.00,released,RELEASED
2026-05-27 18:33:48.984,425.3236,,slider,1,0,0.00,-0.00,0.00,ACTIVE,NONE,10630,0,P,P,0.00,released,RELEASED
2026-05-27 18:33:49.384,425.7236,,slider,1,0,0.00,-0.00,0.00,ACTIVE,NONE,10640,0,P,P,0.00,released,RELEASED
2026-05-27 18:33:49.784,426.1237,,slider,1,0,0.00,-0.00,0.00,ACTIVE,NONE,10650,0,P,P,0.00,released,RELEASED
2026-05-27 18:33:50.184,426.5237,,slider,1,0,0.00,-0.00,0.00,ACTIVE,NONE,10660,0,P,P,0.00,released,RELEASED
2026-05-27 18:33:50.584,426.9238,,slider,1,0,0.00,-0.00,0.00,ACTIVE,NONE,10670,0,P,P,0.00,released,RELEASED
2026-05-27 18:33:50.984,427.3238,,slider,1,0,0.00,-0.00,0.00,ACTIVE,NONE,10680,0,P,P,0.00,released,RELEASED
2026-05-27 18:33:51.384,427.7239,,slider,1,0,0.00,-0.00,0.00,ACTIVE,NONE,10690,0,P,P,0.00,released,RELEASED
2026-05-27 18:33:51.784,428.1239,,slider,1,0,0.00,-0.00,0.00,ACTIVE,NONE,10700,0,P,P,0.00,released,RELEASED
2026-05-27 18:33:52.184,428.5240,,slider,1,0,0.00,-0.00,0.00,ACTIVE,NONE,10710,0,P,P,0.00,released,RELEASED
2026-05-27 18:33:52.584,428.9241,,slider,1,0,0.00,-0.00,0.00,ACTIVE,NONE,10720,0,P,P,0.00,released,RELEASED
2026-05-27 18:33:52.984,429.3242,,slider,1,0,0.00,-0.00,0.00,ACTIVE,NONE,10730,0,P,P,0.00,released,RELEASED
2026-05-27 18:33:53.384,429.7242,,slider,1,0,0.00,-0.00,0.00,ACTIVE,NONE,10740,0,P,P,0.00,released,RELEASED
2026-05-27 18:33:53.784,430.1242,,slider,1,0,0.00,-0.00,0.00,ACTIVE,NONE,10750,0,P,P,0.00,released,RELEASED
2026-05-27 18:33:54.184,430.5244,,slider,1,0,0.00,-0.00,0.00,ACTIVE,NONE,10760,0,P,P,0.00,released,RELEASED
2026-05-27 18:33:54.584,430.9244,,slider,1,0,0.00,-0.00,0.00,ACTIVE,NONE,10770,0,P,P,0.00,released,RELEASED
2026-05-27 18:33:54.984,431.3243,,slider,1,0,0.00,-0.00,0.00,ACTIVE,NONE,10780,0,P,P,0.00,released,RELEASED
2026-05-27 18:33:55.384,431.7244,,slider,1,0,0.00,-0.00,0.00,ACTIVE,NONE,10790,0,P,P,0.00,released,RELEASED
2026-05-27 18:33:55.784,432.1244,,slider,1,0,0.00,-0.00,0.00,ACTIVE,NONE,10800,0,P,P,0.00,released,RELEASED
2026-05-27 18:33:56.185,432.5245,,slider,1,0,0.00,-0.00,0.00,ACTIVE,NONE,10810,0,P,P,0.00,released,RELEASED
2026-05-27 18:33:56.585,432.9246,,slider,1,0,0.00,-0.00,0.00,ACTIVE,NONE,10820,0,P,P,0.00,released,RELEASED
2026-05-27 18:33:56.985,433.3246,,slider,1,0,0.00,-0.00,0.00,ACTIVE,NONE,10830,0,P,P,0.00,released,RELEASED
2026-05-27 18:33:57.385,433.7247,,slider,1,0,0.00,-0.00,0.00,ACTIVE,NONE,10840,0,P,P,0.00,released,RELEASED
2026-05-27 18:33:57.785,434.1247,,slider,1,0,0.00,-0.00,0.00,ACTIVE,NONE,10850,0,P,P,0.00,released,RELEASED
2026-05-27 18:33:58.185,434.5247,,slider,1,0,0.00,-0.00,0.00,ACTIVE,NONE,10860,0,P,P,0.00,released,RELEASED
2026-05-27 18:33:58.585,434.9247,,slider,1,0,0.00,-0.00,0.00,ACTIVE,NONE,10870,0,P,P,0.00,released,RELEASED
2026-05-27 18:33:58.985,435.3248,,slider,1,0,0.00,-0.00,0.00,ACTIVE,NONE,10880,0,P,P,0.00,released,RELEASED
2026-05-27 18:33:59.385,435.7246,,slider,1,0,0.00,-0.00,0.00,ACTIVE,NONE,10890,0,P,P,0.00,released,RELEASED
2026-05-27 18:33:59.785,436.1248,,slider,1,0,0.00,-0.00,0.00,ACTIVE,NONE,10900,0,P,P,0.00,released,RELEASED
2026-05-27 18:34:00.185,436.5248,,slider,1,0,0.00,-0.00,0.00,ACTIVE,NONE,10910,0,P,P,0.00,released,RELEASED
2026-05-27 18:34:00.585,436.9248,,slider,1,0,0.00,-0.00,0.00,ACTIVE,NONE,10920,0,P,P,0.00,released,RELEASED
2026-05-27 18:34:00.985,437.3248,,slider,1,0,0.00,-0.00,0.00,ACTIVE,NONE,10930,0,P,P,0.00,released,RELEASED
2026-05-27 18:34:01.385,437.7248,,slider,1,0,0.00,-0.00,0.00,ACTIVE,NONE,10940,0,P,P,0.00,released,RELEASED
2026-05-27 18:34:01.785,438.1248,,slider,1,0,0.00,-0.00,0.00,ACTIVE,NONE,10950,0,P,P,0.00,released,RELEASED
2026-05-27 18:34:02.185,438.5248,,slider,1,0,0.00,-0.00,0.00,ACTIVE,NONE,10960,0,P,P,0.00,released,RELEASED
2026-05-27 18:34:02.585,438.9249,,slider,1,0,0.00,-0.00,0.00,ACTIVE,NONE,10970,0,P,P,0.00,released,RELEASED
2026-05-27 18:34:02.985,439.3250,,slider,1,0,0.00,-0.00,0.00,ACTIVE,NONE,10980,0,P,P,0.00,released,RELEASED
2026-05-27 18:34:03.385,439.7250,,slider,1,0,0.00,-0.00,0.00,ACTIVE,NONE,10990,0,P,P,0.00,released,RELEASED
2026-05-27 18:34:03.785,440.1250,,slider,1,0,0.00,-0.00,0.00,ACTIVE,NONE,11000,0,P,P,0.00,released,RELEASED
2026-05-27 18:34:04.185,440.5250,,slider,1,0,0.00,-0.00,0.00,ACTIVE,NONE,11010,0,P,P,0.00,released,RELEASED
2026-05-27 18:34:04.585,440.9251,,slider,1,0,0.00,-0.00,0.00,ACTIVE,NONE,11020,0,P,P,0.00,released,RELEASED
2026-05-27 18:34:04.985,441.3251,,slider,1,0,0.00,-0.00,0.00,ACTIVE,NONE,11030,0,P,P,0.00,released,RELEASED
2026-05-27 18:34:05.385,441.7252,,slider,1,0,0.00,-0.00,0.00,ACTIVE,NONE,11040,0,P,P,0.00,released,RELEASED
2026-05-27 18:34:05.785,442.1252,,slider,1,0,0.00,-0.00,0.00,ACTIVE,NONE,11050,0,P,P,0.00,released,RELEASED
2026-05-27 18:34:06.185,442.5253,,slider,1,0,0.00,-0.00,0.00,ACTIVE,NONE,11060,0,P,P,0.00,released,RELEASED
2026-05-27 18:34:06.585,442.9252,,slider,1,0,0.00,-0.00,0.00,ACTIVE,NONE,11070,0,P,P,0.00,released,RELEASED
2026-05-27 18:34:06.985,443.3254,,slider,1,0,0.00,-0.00,0.00,ACTIVE,NONE,11080,0,P,P,0.00,released,RELEASED
2026-05-27 18:34:07.385,443.7254,,slider,1,0,0.00,-0.00,0.00,ACTIVE,NONE,11090,0,P,P,0.00,released,RELEASED
2026-05-27 18:34:07.767,444.1072,,slider,1,0,0.00,-0.00,0.00,ACTIVE,NONE,11100,0,P,P,0.00,released,RELEASED
2026-05-27 18:34:08.167,444.5071,,slider,1,0,0.00,-0.00,0.00,ACTIVE,NONE,11110,0,P,P,0.00,released,RELEASED
2026-05-27 18:34:08.567,444.9072,,slider,1,0,0.00,-0.00,0.00,ACTIVE,NONE,11120,0,P,P,0.00,released,RELEASED
2026-05-27 18:34:08.986,445.3255,,slider,1,0,0.00,-0.00,0.00,ACTIVE,NONE,11130,0,P,P,0.00,released,RELEASED
2026-05-27 18:34:09.367,445.7070,,slider,1,0,0.00,-0.00,0.00,ACTIVE,NONE,11140,0,P,P,0.00,released,RELEASED
2026-05-27 18:34:09.786,446.1256,,slider,1,0,0.00,-0.00,0.00,ACTIVE,NONE,11150,0,P,P,0.00,released,RELEASED
2026-05-27 18:34:10.168,446.5076,,slider,1,0,0.00,-0.00,0.00,ACTIVE,NONE,11160,0,P,P,0.00,released,RELEASED
2026-05-27 18:34:10.567,446.9072,,slider,1,0,0.00,-0.00,0.00,ACTIVE,NONE,11170,0,P,P,0.00,released,RELEASED
2026-05-27 18:34:10.968,447.3077,,slider,1,0,0.00,-0.00,0.00,ACTIVE,NONE,11180,0,P,P,0.00,released,RELEASED
2026-05-27 18:34:11.367,447.7072,,slider,1,0,0.00,-0.00,0.00,ACTIVE,NONE,11190,0,P,P,0.00,released,RELEASED
2026-05-27 18:34:11.786,448.1260,,slider,1,0,0.00,-0.00,0.00,ACTIVE,NONE,11200,0,P,P,0.00,released,RELEASED
2026-05-27 18:34:12.167,448.5070,,slider,1,0,0.00,-0.00,0.00,ACTIVE,NONE,11210,0,P,P,0.00,released,RELEASED
2026-05-27 18:34:12.568,448.9076,,slider,1,0,0.00,-0.00,0.00,ACTIVE,NONE,11220,0,P,P,0.00,released,RELEASED
2026-05-27 18:34:12.968,449.3076,,slider,1,0,0.00,-0.00,0.00,ACTIVE,NONE,11230,0,P,P,0.00,released,RELEASED
2026-05-27 18:34:13.367,449.7073,,slider,1,0,0.00,-0.00,0.00,ACTIVE,NONE,11240,0,P,P,0.00,released,RELEASED
2026-05-27 18:34:13.768,450.1080,,slider,1,0,0.00,-0.00,0.00,ACTIVE,NONE,11250,0,P,P,0.00,released,RELEASED
2026-05-27 18:34:14.168,450.5084,,slider,1,0,0.00,-0.00,0.00,ACTIVE,NONE,11260,0,P,P,0.00,released,RELEASED
2026-05-27 18:34:14.568,450.9075,,slider,1,0,0.00,-0.00,0.00,ACTIVE,NONE,11270,0,P,P,0.00,released,RELEASED
2026-05-27 18:34:14.967,451.3073,,slider,1,0,0.00,-0.00,0.00,ACTIVE,NONE,11280,0,P,P,0.00,released,RELEASED
2026-05-27 18:34:15.368,451.7080,,slider,1,0,0.00,-0.00,0.00,ACTIVE,NONE,11290,0,P,P,0.00,released,RELEASED
2026-05-27 18:34:15.768,452.1078,,slider,1,0,0.00,-0.00,0.00,ACTIVE,NONE,11300,0,P,P,0.00,released,RELEASED
2026-05-27 18:34:16.168,452.5078,,slider,1,0,0.00,-0.00,0.00,ACTIVE,NONE,11310,0,P,P,0.00,released,RELEASED
2026-05-27 18:34:16.568,452.9076,,slider,1,0,0.00,-0.00,0.00,ACTIVE,NONE,11320,0,P,P,0.00,released,RELEASED
2026-05-27 18:34:16.987,453.3265,,slider,1,0,0.00,-0.00,0.00,ACTIVE,NONE,11330,0,P,P,0.00,released,RELEASED
2026-05-27 18:34:17.368,453.7075,,slider,1,0,0.00,-0.00,0.00,ACTIVE,NONE,11340,0,P,P,0.00,released,RELEASED
2026-05-27 18:34:17.768,454.1076,,slider,1,0,0.00,-0.00,0.00,ACTIVE,NONE,11350,0,P,P,0.00,released,RELEASED
2026-05-27 18:34:18.168,454.5075,,slider,1,0,0.00,-0.00,0.00,ACTIVE,NONE,11360,0,P,P,0.00,released,RELEASED
2026-05-27 18:34:18.568,454.9077,,slider,1,0,0.00,-0.00,0.00,ACTIVE,NONE,11370,0,P,P,0.00,released,RELEASED
2026-05-27 18:34:18.987,455.3265,,slider,1,0,0.00,-0.00,0.00,ACTIVE,NONE,11380,0,P,P,0.00,released,RELEASED
2026-05-27 18:34:19.368,455.7079,,slider,1,0,0.00,-0.00,0.00,ACTIVE,NONE,11390,0,P,P,0.00,released,RELEASED
2026-05-27 18:34:19.767,456.1074,,slider,1,0,0.00,-0.00,0.00,ACTIVE,NONE,11400,0,P,P,0.00,released,RELEASED
2026-05-27 18:34:20.168,456.5078,,slider,1,0,0.00,-0.00,0.00,ACTIVE,NONE,11410,0,P,P,0.00,released,RELEASED
2026-05-27 18:34:20.568,456.9079,,slider,1,0,0.00,-0.00,0.00,ACTIVE,NONE,11420,0,P,P,0.00,released,RELEASED
2026-05-27 18:34:20.968,457.3081,,slider,1,0,0.00,-0.00,0.00,ACTIVE,NONE,11430,0,P,P,0.00,released,RELEASED
2026-05-27 18:34:21.368,457.7084,,slider,1,0,0.00,-0.00,0.00,ACTIVE,NONE,11440,0,P,P,0.00,released,RELEASED
2026-05-27 18:34:21.769,458.1085,,slider,1,0,0.00,-0.00,0.00,ACTIVE,NONE,11450,0,P,P,0.00,released,RELEASED
2026-05-27 18:34:22.168,458.5079,,slider,1,0,0.00,-0.00,0.00,ACTIVE,NONE,11460,0,P,P,0.00,released,RELEASED
2026-05-27 18:34:22.568,458.9081,,slider,1,0,0.00,-0.00,0.00,ACTIVE,NONE,11470,0,P,P,0.00,released,RELEASED
2026-05-27 18:34:22.969,459.3087,,slider,1,0,0.00,-0.00,0.00,ACTIVE,NONE,11480,0,P,P,0.00,released,RELEASED
2026-05-27 18:34:23.368,459.7082,,slider,1,0,0.00,-0.00,0.00,ACTIVE,NONE,11490,0,P,P,0.00,released,RELEASED
2026-05-27 18:34:23.768,460.1080,,slider,1,0,0.00,-0.00,0.00,ACTIVE,NONE,11500,0,P,P,0.00,released,RELEASED
2026-05-27 18:34:24.168,460.5084,,slider,1,0,0.00,-0.00,0.00,ACTIVE,NONE,11510,0,P,P,0.00,released,RELEASED
2026-05-27 18:34:24.568,460.9081,,slider,1,0,0.00,-0.00,0.00,ACTIVE,NONE,11520,0,P,P,0.00,released,RELEASED
2026-05-27 18:34:24.968,461.3080,,slider,1,0,0.00,-0.00,0.00,ACTIVE,NONE,11530,0,P,P,0.00,released,RELEASED
2026-05-27 18:34:25.368,461.7081,,slider,1,0,0.00,-0.00,0.00,ACTIVE,NONE,11540,0,P,P,0.00,released,RELEASED
2026-05-27 18:34:25.768,462.1081,,slider,1,0,0.00,-0.00,0.00,ACTIVE,NONE,11550,0,P,P,0.00,released,RELEASED
2026-05-27 18:34:26.168,462.5082,,slider,1,0,0.00,-0.00,0.00,ACTIVE,NONE,11560,0,P,P,0.00,released,RELEASED
2026-05-27 18:34:26.568,462.9081,,slider,1,0,0.00,-0.00,0.00,ACTIVE,NONE,11570,0,P,P,0.00,released,RELEASED
2026-05-27 18:34:26.968,463.3079,,slider,1,0,0.00,-0.00,0.00,ACTIVE,NONE,11580,0,P,P,0.00,released,RELEASED
2026-05-27 18:34:27.368,463.7079,,slider,1,0,0.00,-0.00,0.00,ACTIVE,NONE,11590,0,P,P,0.00,released,RELEASED
2026-05-27 18:34:27.769,464.1087,,slider,1,0,0.00,-0.00,0.00,ACTIVE,NONE,11600,0,P,P,0.00,released,RELEASED
2026-05-27 18:34:28.169,464.5087,,slider,1,0,0.00,-0.00,0.00,ACTIVE,NONE,11610,0,P,P,0.00,released,RELEASED
2026-05-27 18:34:28.569,464.9086,,slider,1,0,0.00,-0.00,0.00,ACTIVE,NONE,11620,0,P,P,0.00,released,RELEASED
2026-05-27 18:34:28.969,465.3091,,slider,1,0,0.00,-0.00,0.00,ACTIVE,NONE,11630,0,P,P,0.00,released,RELEASED
2026-05-27 18:34:29.369,465.7087,,slider,1,0,0.00,-0.00,0.00,ACTIVE,NONE,11640,0,P,P,0.00,released,RELEASED
2026-05-27 18:34:29.769,466.1086,,slider,1,0,0.00,-0.00,0.00,ACTIVE,NONE,11650,0,P,P,0.00,released,RELEASED
2026-05-27 18:34:30.169,466.5090,,slider,1,0,0.00,-0.00,0.00,ACTIVE,NONE,11660,0,P,P,0.00,released,RELEASED
2026-05-27 18:34:30.569,466.9087,,slider,1,0,0.00,-0.00,0.00,ACTIVE,NONE,11670,0,P,P,0.00,released,RELEASED
2026-05-27 18:34:30.969,467.3089,,slider,1,0,0.00,-0.00,0.00,ACTIVE,NONE,11680,0,P,P,0.00,released,RELEASED
2026-05-27 18:34:31.369,467.7090,,slider,1,0,0.00,-0.00,0.00,ACTIVE,NONE,11690,0,P,P,0.00,released,RELEASED
2026-05-27 18:34:31.769,468.1091,,slider,1,0,0.00,-0.00,0.00,ACTIVE,NONE,11700,0,P,P,0.00,released,RELEASED
2026-05-27 18:34:32.168,468.5083,,slider,1,0,0.00,-0.00,0.00,ACTIVE,NONE,11710,0,P,P,0.00,released,RELEASED
2026-05-27 18:34:32.568,468.9084,,slider,1,0,0.00,-0.00,0.00,ACTIVE,NONE,11720,0,P,P,0.00,released,RELEASED
2026-05-27 18:34:32.968,469.3083,,slider,1,0,0.00,-0.00,0.00,ACTIVE,NONE,11730,0,P,P,0.00,released,RELEASED
2026-05-27 18:34:33.369,469.7086,,slider,1,0,0.00,-0.00,0.00,ACTIVE,NONE,11740,0,P,P,0.00,released,RELEASED
2026-05-27 18:34:33.769,470.1085,,slider,1,0,0.00,-0.00,0.00,ACTIVE,NONE,11750,0,P,P,0.00,released,RELEASED
2026-05-27 18:34:34.169,470.5085,,slider,1,0,0.00,-0.00,0.00,ACTIVE,NONE,11760,0,P,P,0.00,released,RELEASED
2026-05-27 18:34:34.569,470.9085,,slider,1,0,0.00,-0.00,0.00,ACTIVE,NONE,11770,0,P,P,0.00,released,RELEASED
2026-05-27 18:34:34.969,471.3085,,slider,1,0,0.00,-0.00,0.00,ACTIVE,NONE,11780,0,P,P,0.00,released,RELEASED
2026-05-27 18:34:35.369,471.7088,,slider,1,0,0.00,-0.00,0.00,ACTIVE,NONE,11790,0,P,P,0.00,released,RELEASED
2026-05-27 18:34:35.769,472.1094,,slider,1,0,0.00,-0.00,0.00,ACTIVE,NONE,11800,0,P,P,0.00,released,RELEASED
2026-05-27 18:34:36.169,472.5089,,slider,1,0,0.00,-0.00,0.00,ACTIVE,NONE,11810,0,P,P,0.00,released,RELEASED
2026-05-27 18:34:36.569,472.9089,,slider,1,0,0.00,-0.00,0.00,ACTIVE,NONE,11820,0,P,P,0.00,released,RELEASED
2026-05-27 18:34:36.969,473.3090,,slider,1,0,0.00,-0.00,0.00,ACTIVE,NONE,11830,0,P,P,0.00,released,RELEASED
2026-05-27 18:34:37.369,473.7090,,slider,1,0,0.00,-0.00,0.00,ACTIVE,NONE,11840,0,P,P,0.00,released,RELEASED
2026-05-27 18:34:37.769,474.1090,,slider,1,0,0.00,-0.00,0.00,ACTIVE,NONE,11850,0,P,P,0.00,released,RELEASED
2026-05-27 18:34:38.170,474.5098,,slider,1,0,0.00,-0.00,0.00,ACTIVE,NONE,11860,0,P,P,0.00,released,RELEASED
2026-05-27 18:34:38.570,474.9098,,slider,1,0,0.00,-0.00,0.00,ACTIVE,NONE,11870,0,P,P,0.00,released,RELEASED
2026-05-27 18:34:38.970,475.3100,,slider,1,0,0.00,-0.00,0.00,ACTIVE,NONE,11880,0,P,P,0.00,released,RELEASED
2026-05-27 18:34:39.370,475.7098,,slider,1,0,0.00,-0.00,0.00,ACTIVE,NONE,11890,0,P,P,0.00,released,RELEASED
2026-05-27 18:34:39.770,476.1099,,slider,1,0,0.00,-0.00,0.00,ACTIVE,NONE,11900,0,P,P,0.00,released,RELEASED
2026-05-27 18:34:40.170,476.5100,,slider,1,0,0.00,-0.00,0.00,ACTIVE,NONE,11910,0,P,P,0.00,released,RELEASED
2026-05-27 18:34:40.570,476.9099,,slider,1,0,0.00,-0.00,0.00,ACTIVE,NONE,11920,0,P,P,0.00,released,RELEASED
2026-05-27 18:34:40.970,477.3101,,slider,1,0,0.00,-0.00,0.00,ACTIVE,NONE,11930,0,P,P,0.00,released,RELEASED
2026-05-27 18:34:41.370,477.7101,,slider,1,0,0.00,-0.00,0.00,ACTIVE,NONE,11940,0,P,P,0.00,released,RELEASED
2026-05-27 18:34:41.770,478.1104,,slider,1,0,0.00,-0.00,0.00,ACTIVE,NONE,11950,0,P,P,0.00,released,RELEASED
2026-05-27 18:34:42.170,478.5103,,slider,1,0,0.00,-0.00,0.00,ACTIVE,NONE,11960,0,P,P,0.00,released,RELEASED
2026-05-27 18:34:42.570,478.9101,,slider,1,0,0.00,-0.00,0.00,ACTIVE,NONE,11970,0,P,P,0.00,released,RELEASED
2026-05-27 18:34:42.970,479.3100,,slider,1,0,0.00,-0.00,0.00,ACTIVE,NONE,11980,0,P,P,0.00,released,RELEASED
2026-05-27 18:34:43.370,479.7100,,slider,1,0,0.00,-0.00,0.00,ACTIVE,NONE,11990,0,P,P,0.00,released,RELEASED
2026-05-27 18:34:43.770,480.1101,,slider,1,0,0.00,-0.00,0.00,ACTIVE,NONE,12000,0,P,P,0.00,released,RELEASED
2026-05-27 18:34:44.170,480.5102,,slider,1,0,0.00,-0.00,0.00,ACTIVE,NONE,12010,0,P,P,0.00,released,RELEASED
2026-05-27 18:34:44.570,480.9098,,slider,1,0,0.00,-0.00,0.00,ACTIVE,NONE,12020,0,P,P,0.00,released,RELEASED
2026-05-27 18:34:44.970,481.3098,,slider,1,0,0.00,-0.00,0.00,ACTIVE,NONE,12030,0,P,P,0.00,released,RELEASED
2026-05-27 18:34:45.370,481.7103,,slider,1,0,0.00,-0.00,0.00,ACTIVE,NONE,12040,0,P,P,0.00,released,RELEASED
2026-05-27 18:34:45.770,482.1099,,slider,1,0,0.00,-0.00,0.00,ACTIVE,NONE,12050,0,P,P,0.00,released,RELEASED
2026-05-27 18:34:46.170,482.5100,,slider,1,0,0.00,-0.00,0.00,ACTIVE,NONE,12060,0,P,P,0.00,released,RELEASED
2026-05-27 18:34:46.570,482.9100,,slider,1,0,0.00,-0.00,0.00,ACTIVE,NONE,12070,0,P,P,0.00,released,RELEASED
2026-05-27 18:34:46.970,483.3100,,slider,1,0,0.00,-0.00,0.00,ACTIVE,NONE,12080,0,P,P,0.00,released,RELEASED
2026-05-27 18:34:47.370,483.7101,,slider,1,0,0.00,-0.00,0.00,ACTIVE,NONE,12090,0,P,P,0.00,released,RELEASED
2026-05-27 18:34:47.770,484.1101,,slider,1,0,0.00,-0.00,0.00,ACTIVE,NONE,12100,0,P,P,0.00,released,RELEASED
2026-05-27 18:34:48.170,484.5103,,slider,1,0,0.00,-0.00,0.00,ACTIVE,NONE,12110,0,P,P,0.00,released,RELEASED
2026-05-27 18:34:48.570,484.9100,,slider,1,0,0.00,-0.00,0.00,ACTIVE,NONE,12120,0,P,P,0.00,released,RELEASED
2026-05-27 18:34:48.970,485.3104,,slider,1,0,0.00,-0.00,0.00,ACTIVE,NONE,12130,0,P,P,0.00,released,RELEASED
2026-05-27 18:34:49.370,485.7105,,slider,1,0,0.00,-0.00,0.00,ACTIVE,NONE,12140,0,P,P,0.00,released,RELEASED
2026-05-27 18:34:49.770,486.1102,,slider,1,0,0.00,-0.00,0.00,ACTIVE,NONE,12150,0,P,P,0.00,released,RELEASED
2026-05-27 18:34:50.170,486.5104,,slider,1,0,0.00,-0.00,0.00,ACTIVE,NONE,12160,0,P,P,0.00,released,RELEASED
2026-05-27 18:34:50.570,486.9103,,slider,1,0,0.00,-0.00,0.00,ACTIVE,NONE,12170,0,P,P,0.00,released,RELEASED
2026-05-27 18:34:50.971,487.3106,,slider,1,0,0.00,-0.00,0.00,ACTIVE,NONE,12180,0,P,P,0.00,released,RELEASED
2026-05-27 18:34:51.371,487.7105,,slider,1,0,0.00,-0.00,0.00,ACTIVE,NONE,12190,0,P,P,0.00,released,RELEASED
2026-05-27 18:34:51.771,488.1112,,slider,1,0,0.00,-0.00,0.00,ACTIVE,NONE,12200,0,P,P,0.00,released,RELEASED
2026-05-27 18:34:52.171,488.5106,,slider,1,0,0.00,-0.00,0.00,ACTIVE,NONE,12210,0,P,P,0.00,released,RELEASED
2026-05-27 18:34:52.571,488.9107,,slider,1,0,0.00,-0.00,0.00,ACTIVE,NONE,12220,0,P,P,0.00,released,RELEASED
2026-05-27 18:34:52.971,489.3106,,slider,1,0,0.00,-0.00,0.00,ACTIVE,NONE,12230,0,P,P,0.00,released,RELEASED
2026-05-27 18:34:53.372,489.7116,,slider,1,0,0.00,-0.00,0.00,ACTIVE,NONE,12240,0,P,P,0.00,released,RELEASED
2026-05-27 18:34:53.771,490.1113,,slider,1,0,0.00,-0.00,0.00,ACTIVE,NONE,12250,0,P,P,0.00,released,RELEASED
2026-05-27 18:34:54.171,490.5113,,slider,1,0,0.00,-0.00,0.00,ACTIVE,NONE,12260,0,P,P,0.00,released,RELEASED
2026-05-27 18:34:54.571,490.9111,,slider,1,0,0.00,-0.00,0.00,ACTIVE,NONE,12270,0,P,P,0.00,released,RELEASED
2026-05-27 18:34:54.971,491.3113,,slider,1,0,0.00,-0.00,0.00,ACTIVE,NONE,12280,0,P,P,0.00,released,RELEASED
2026-05-27 18:34:55.371,491.7113,,slider,1,0,0.00,-0.00,0.00,ACTIVE,NONE,12290,0,P,P,0.00,released,RELEASED
2026-05-27 18:34:55.771,492.1113,,slider,1,0,0.00,-0.00,0.00,ACTIVE,NONE,12300,0,P,P,0.00,released,RELEASED
2026-05-27 18:34:56.171,492.5114,,slider,1,0,0.00,-0.00,0.00,ACTIVE,NONE,12310,0,P,P,0.00,released,RELEASED
2026-05-27 18:34:56.571,492.9113,,slider,1,0,0.00,-0.00,0.00,ACTIVE,NONE,12320,0,P,P,0.00,released,RELEASED
2026-05-27 18:34:56.972,493.3121,,slider,1,0,0.00,-0.00,0.00,ACTIVE,NONE,12330,0,P,P,0.00,released,RELEASED
2026-05-27 18:34:57.371,493.7112,,slider,1,0,0.00,-0.00,0.00,ACTIVE,NONE,12340,0,P,P,0.00,released,RELEASED
2026-05-27 18:34:57.773,494.1126,,slider,1,0,0.00,-0.00,0.00,ACTIVE,NONE,12350,0,P,P,0.00,released,RELEASED
2026-05-27 18:34:58.173,494.5127,,slider,1,0,0.00,-0.00,0.00,ACTIVE,NONE,12360,0,P,P,0.00,released,RELEASED
2026-05-27 18:34:58.571,494.9111,,slider,1,0,0.00,-0.00,0.00,ACTIVE,NONE,12370,0,P,P,0.00,released,RELEASED
2026-05-27 18:34:58.971,495.3111,,slider,1,0,0.00,-0.00,0.00,ACTIVE,NONE,12380,0,P,P,0.00,released,RELEASED
2026-05-27 18:34:59.371,495.7112,,slider,1,0,0.00,-0.00,0.00,ACTIVE,NONE,12390,0,P,P,0.00,released,RELEASED
2026-05-27 18:34:59.771,496.1114,,slider,1,0,0.00,-0.00,0.00,ACTIVE,NONE,12400,0,P,P,0.00,released,RELEASED
2026-05-27 18:35:00.171,496.5113,,slider,1,0,0.00,-0.00,0.00,ACTIVE,NONE,12410,0,P,P,0.00,released,RELEASED
2026-05-27 18:35:00.572,496.9115,,slider,1,0,0.00,-0.00,0.00,ACTIVE,NONE,12420,0,P,P,0.00,released,RELEASED
2026-05-27 18:35:00.972,497.3119,,slider,1,0,0.00,-0.00,0.00,ACTIVE,NONE,12430,0,P,P,0.00,released,RELEASED
2026-05-27 18:35:01.372,497.7115,,slider,1,0,0.00,-0.00,0.00,ACTIVE,NONE,12440,0,P,P,0.00,released,RELEASED
2026-05-27 18:35:01.772,498.1124,,slider,1,0,0.00,-0.00,0.00,ACTIVE,NONE,12450,0,P,P,0.00,released,RELEASED
2026-05-27 18:35:02.172,498.5120,,slider,1,0,0.00,-0.00,0.00,ACTIVE,NONE,12460,0,P,P,0.00,released,RELEASED
2026-05-27 18:35:02.571,498.9114,,slider,1,0,0.00,-0.00,0.00,ACTIVE,NONE,12470,0,P,P,0.00,released,RELEASED
2026-05-27 18:35:02.972,499.3123,,slider,1,0,0.00,-0.00,0.00,ACTIVE,NONE,12480,0,P,P,0.00,released,RELEASED
2026-05-27 18:35:03.373,499.7130,,slider,1,0,0.00,-0.00,0.00,ACTIVE,NONE,12490,0,P,P,0.00,released,RELEASED
2026-05-27 18:35:03.772,500.1120,,slider,1,0,0.00,-0.00,0.00,ACTIVE,NONE,12500,0,P,P,0.00,released,RELEASED
2026-05-27 18:35:04.172,500.5122,,slider,1,0,0.00,-0.00,0.00,ACTIVE,NONE,12510,0,P,P,0.00,released,RELEASED
2026-05-27 18:35:04.572,500.9122,,slider,1,0,0.00,-0.00,0.00,ACTIVE,NONE,12520,0,P,P,0.00,released,RELEASED
2026-05-27 18:35:04.972,501.3120,,slider,1,0,0.00,-0.00,0.00,ACTIVE,NONE,12530,0,P,P,0.00,released,RELEASED
2026-05-27 18:35:05.372,501.7124,,slider,1,0,0.00,-0.00,0.00,ACTIVE,NONE,12540,0,P,P,0.00,released,RELEASED
2026-05-27 18:35:05.772,502.1121,,slider,1,0,0.00,-0.00,0.00,ACTIVE,NONE,12550,0,P,P,0.00,released,RELEASED
2026-05-27 18:35:06.172,502.5124,,slider,1,0,0.00,-0.00,0.00,ACTIVE,NONE,12560,0,P,P,0.00,released,RELEASED
2026-05-27 18:35:06.572,502.9122,,slider,1,0,0.00,-0.00,0.00,ACTIVE,NONE,12570,0,P,P,0.00,released,RELEASED
2026-05-27 18:35:06.973,503.3128,,slider,1,0,0.00,-0.00,0.00,ACTIVE,NONE,12580,0,P,P,0.00,released,RELEASED
2026-05-27 18:35:07.373,503.7128,,slider,1,0,0.00,-0.00,0.00,ACTIVE,NONE,12590,0,P,P,0.00,released,RELEASED
2026-05-27 18:35:07.773,504.1129,,slider,1,0,0.00,-0.00,0.00,ACTIVE,NONE,12600,0,P,P,0.00,released,RELEASED
2026-05-27 18:35:08.172,504.5124,,slider,1,0,0.00,-0.00,0.00,ACTIVE,NONE,12610,0,P,P,0.00,released,RELEASED
2026-05-27 18:35:08.573,504.9127,,slider,1,0,0.00,-0.00,0.00,ACTIVE,NONE,12620,0,P,P,0.00,released,RELEASED
2026-05-27 18:35:08.972,505.3124,,slider,1,0,0.00,-0.00,0.00,ACTIVE,NONE,12630,0,P,P,0.00,released,RELEASED
2026-05-27 18:35:09.373,505.7129,,slider,1,0,0.00,-0.00,0.00,ACTIVE,NONE,12640,0,P,P,0.00,released,RELEASED
2026-05-27 18:35:09.773,506.1127,,slider,1,0,0.00,-0.00,0.00,ACTIVE,NONE,12650,0,P,P,0.00,released,RELEASED
2026-05-27 18:35:10.173,506.5127,,slider,1,0,0.00,-0.00,0.00,ACTIVE,NONE,12660,0,P,P,0.00,released,RELEASED
2026-05-27 18:35:10.573,506.9130,,slider,1,0,0.00,-0.00,0.00,ACTIVE,NONE,12670,0,P,P,0.00,released,RELEASED
2026-05-27 18:35:10.973,507.3129,,slider,1,0,0.00,-0.00,0.00,ACTIVE,NONE,12680,0,P,P,0.00,released,RELEASED
2026-05-27 18:35:11.373,507.7127,,slider,1,0,0.00,-0.00,0.00,ACTIVE,NONE,12690,0,P,P,0.00,released,RELEASED
2026-05-27 18:35:11.773,508.1131,,slider,1,0,0.00,-0.00,0.00,ACTIVE,NONE,12700,0,P,P,0.00,released,RELEASED
2026-05-27 18:35:12.173,508.5130,,slider,1,0,0.00,-0.00,0.00,ACTIVE,NONE,12710,0,P,P,0.00,released,RELEASED
2026-05-27 18:35:12.573,508.9130,,slider,1,0,0.00,-0.00,0.00,ACTIVE,NONE,12720,0,P,P,0.00,released,RELEASED
2026-05-27 18:35:12.973,509.3126,,slider,1,0,0.00,-0.00,0.00,ACTIVE,NONE,12730,0,P,P,0.00,released,RELEASED
2026-05-27 18:35:13.373,509.7132,,slider,1,0,0.00,-0.00,0.00,ACTIVE,NONE,12740,0,P,P,0.00,released,RELEASED
2026-05-27 18:35:13.773,510.1131,,slider,1,0,0.00,-0.00,0.00,ACTIVE,NONE,12750,0,P,P,0.00,released,RELEASED
2026-05-27 18:35:14.173,510.5131,,slider,1,0,0.00,-0.00,0.00,ACTIVE,NONE,12760,0,P,P,0.00,released,RELEASED
2026-05-27 18:35:14.573,510.9130,,slider,1,0,0.00,-0.00,0.00,ACTIVE,NONE,12770,0,P,P,0.00,released,RELEASED
2026-05-27 18:35:14.973,511.3132,,slider,1,0,0.00,-0.00,0.00,ACTIVE,NONE,12780,0,P,P,0.00,released,RELEASED
2026-05-27 18:35:15.373,511.7130,,slider,1,0,0.00,-0.00,0.00,ACTIVE,NONE,12790,0,P,P,0.00,released,RELEASED
2026-05-27 18:35:15.774,512.1136,,slider,1,0,0.00,-0.00,0.00,ACTIVE,NONE,12800,0,P,P,0.00,released,RELEASED
2026-05-27 18:35:16.173,512.5133,,slider,1,0,0.00,-0.00,0.00,ACTIVE,NONE,12810,0,P,P,0.00,released,RELEASED
2026-05-27 18:35:16.573,512.9128,,slider,1,0,0.00,-0.00,0.00,ACTIVE,NONE,12820,0,P,P,0.00,released,RELEASED
2026-05-27 18:35:16.974,513.3139,,slider,1,0,0.00,-0.00,0.00,ACTIVE,NONE,12830,0,P,P,0.00,released,RELEASED
2026-05-27 18:35:17.374,513.7137,,slider,1,0,0.00,-0.00,0.00,ACTIVE,NONE,12840,0,P,P,0.00,released,RELEASED
2026-05-27 18:35:17.774,514.1136,,slider,1,0,0.00,-0.00,0.00,ACTIVE,NONE,12850,0,P,P,0.00,released,RELEASED
2026-05-27 18:35:18.173,514.5134,,slider,1,0,0.00,-0.00,0.00,ACTIVE,NONE,12860,0,P,P,0.00,released,RELEASED
2026-05-27 18:35:18.574,514.9135,,slider,1,0,0.00,-0.00,0.00,ACTIVE,NONE,12870,0,P,P,0.00,released,RELEASED
2026-05-27 18:35:18.974,515.3137,,slider,1,0,0.00,-0.00,0.00,ACTIVE,NONE,12880,0,P,P,0.00,released,RELEASED
2026-05-27 18:35:19.373,515.7134,,slider,1,0,0.00,-0.00,0.00,ACTIVE,NONE,12890,0,P,P,0.00,released,RELEASED
2026-05-27 18:35:19.775,516.1146,,slider,1,0,0.00,-0.00,0.00,ACTIVE,NONE,12900,0,P,P,0.00,released,RELEASED
2026-05-27 18:35:20.174,516.5145,,slider,1,0,0.00,-0.00,0.00,ACTIVE,NONE,12910,0,P,P,0.00,released,RELEASED
2026-05-27 18:35:20.573,516.9130,,slider,1,0,0.00,-0.00,0.00,ACTIVE,NONE,12920,0,P,P,0.00,released,RELEASED
2026-05-27 18:35:20.974,517.3139,,slider,1,0,0.00,-0.00,0.00,ACTIVE,NONE,12930,0,P,P,0.00,released,RELEASED
2026-05-27 18:35:21.373,517.7133,,slider,1,0,0.00,-0.00,0.00,ACTIVE,NONE,12940,0,P,P,0.00,released,RELEASED
2026-05-27 18:35:21.774,518.1137,,slider,1,0,0.00,-0.00,0.00,ACTIVE,NONE,12950,0,P,P,0.00,released,RELEASED
2026-05-27 18:35:22.174,518.5139,,slider,1,0,0.00,-0.00,0.00,ACTIVE,NONE,12960,0,P,P,0.00,released,RELEASED
2026-05-27 18:35:22.574,518.9137,,slider,1,0,0.00,-0.00,0.00,ACTIVE,NONE,12970,0,P,P,0.00,released,RELEASED
2026-05-27 18:35:22.973,519.3133,,slider,1,0,0.00,-0.00,0.00,ACTIVE,NONE,12980,0,P,P,0.00,released,RELEASED
2026-05-27 18:35:23.374,519.7136,,slider,1,0,0.00,-0.00,0.00,ACTIVE,NONE,12990,0,P,P,0.00,released,RELEASED
2026-05-27 18:35:23.774,520.1136,,slider,1,0,0.00,-0.00,0.00,ACTIVE,NONE,13000,0,P,P,0.00,released,RELEASED
2026-05-27 18:35:24.173,520.5134,,slider,1,0,0.00,-0.00,0.00,ACTIVE,NONE,13010,0,P,P,0.00,released,RELEASED
2026-05-27 18:35:24.573,520.9133,,slider,1,0,0.00,-0.00,0.00,ACTIVE,NONE,13020,0,P,P,0.00,released,RELEASED
2026-05-27 18:35:24.974,521.3137,,slider,1,0,0.00,-0.00,0.00,ACTIVE,NONE,13030,0,P,P,0.00,released,RELEASED
2026-05-27 18:35:25.373,521.7134,,slider,1,0,0.00,-0.00,0.00,ACTIVE,NONE,13040,0,P,P,0.00,released,RELEASED
2026-05-27 18:35:25.774,522.1137,,slider,1,0,0.00,-0.00,0.00,ACTIVE,NONE,13050,0,P,P,0.00,released,RELEASED
2026-05-27 18:35:26.174,522.5137,,slider,1,0,0.00,-0.00,0.00,ACTIVE,NONE,13060,0,P,P,0.00,released,RELEASED
2026-05-27 18:35:26.573,522.9134,,slider,1,0,0.00,-0.00,0.00,ACTIVE,NONE,13070,0,P,P,0.00,released,RELEASED
2026-05-27 18:35:26.974,523.3138,,slider,1,0,0.00,-0.00,0.00,ACTIVE,NONE,13080,0,P,P,0.00,released,RELEASED
2026-05-27 18:35:27.374,523.7137,,slider,1,0,0.00,-0.00,0.00,ACTIVE,NONE,13090,0,P,P,0.00,released,RELEASED
2026-05-27 18:35:27.774,524.1138,,slider,1,0,0.00,-0.00,0.00,ACTIVE,NONE,13100,0,P,P,0.00,released,RELEASED
2026-05-27 18:35:28.174,524.5138,,slider,1,0,0.00,-0.00,0.00,ACTIVE,NONE,13110,0,P,P,0.00,released,RELEASED
2026-05-27 18:35:28.574,524.9138,,slider,1,0,0.00,-0.00,0.00,ACTIVE,NONE,13120,0,P,P,0.00,released,RELEASED
2026-05-27 18:35:28.974,525.3140,,slider,1,0,0.00,-0.00,0.00,ACTIVE,NONE,13130,0,P,P,0.00,released,RELEASED
2026-05-27 18:35:29.374,525.7139,,slider,1,0,0.00,-0.00,0.00,ACTIVE,NONE,13140,0,P,P,0.00,released,RELEASED
2026-05-27 18:35:29.774,526.1138,,slider,1,0,0.00,-0.00,0.00,ACTIVE,NONE,13150,0,P,P,0.00,released,RELEASED
2026-05-27 18:35:30.175,526.5146,,slider,1,0,0.00,-0.00,0.00,ACTIVE,NONE,13160,0,P,P,0.00,released,RELEASED
2026-05-27 18:35:30.575,526.9145,,slider,1,0,0.00,-0.00,0.00,ACTIVE,NONE,13170,0,P,P,0.00,released,RELEASED
2026-05-27 18:35:30.975,527.3151,,slider,1,0,0.00,-0.00,0.00,ACTIVE,NONE,13180,0,P,P,0.00,released,RELEASED
2026-05-27 18:35:31.375,527.7148,,slider,1,0,0.00,-0.00,0.00,ACTIVE,NONE,13190,0,P,P,0.00,released,RELEASED
2026-05-27 18:35:31.776,528.1156,,slider,1,0,0.00,-0.00,0.00,ACTIVE,NONE,13200,0,P,P,0.00,released,RELEASED
2026-05-27 18:35:32.175,528.5146,,slider,1,0,0.00,-0.00,0.00,ACTIVE,NONE,13210,0,P,P,0.00,released,RELEASED
2026-05-27 18:35:32.576,528.9155,,slider,1,0,0.00,-0.00,0.00,ACTIVE,NONE,13220,0,P,P,0.00,released,RELEASED
2026-05-27 18:35:32.976,529.3156,,slider,1,0,0.00,-0.00,0.00,ACTIVE,NONE,13230,0,P,P,0.00,released,RELEASED
2026-05-27 18:35:33.376,529.7155,,slider,1,0,0.00,-0.00,0.00,ACTIVE,NONE,13240,0,P,P,0.00,released,RELEASED
2026-05-27 18:35:33.776,530.1155,,slider,1,0,0.00,-0.00,0.00,ACTIVE,NONE,13250,0,P,P,0.00,released,RELEASED
2026-05-27 18:35:34.176,530.5155,,slider,1,0,0.00,-0.00,0.00,ACTIVE,NONE,13260,0,P,P,0.00,released,RELEASED
2026-05-27 18:35:34.575,530.9150,,slider,1,0,0.00,-0.00,0.00,ACTIVE,NONE,13270,0,P,P,0.00,released,RELEASED
2026-05-27 18:35:34.975,531.3147,,slider,1,0,0.00,-0.00,0.00,ACTIVE,NONE,13280,0,P,P,0.00,released,RELEASED
2026-05-27 18:35:35.375,531.7154,,slider,1,0,0.00,-0.00,0.00,ACTIVE,NONE,13290,0,P,P,0.00,released,RELEASED
2026-05-27 18:35:35.775,532.1153,,slider,1,0,0.00,-0.00,0.00,ACTIVE,NONE,13300,0,P,P,0.00,released,RELEASED
2026-05-27 18:35:36.175,532.5149,,slider,1,0,0.00,-0.00,0.00,ACTIVE,NONE,13310,0,P,P,0.00,released,RELEASED
2026-05-27 18:35:36.575,532.9147,,slider,1,0,0.00,-0.00,0.00,ACTIVE,NONE,13320,0,P,P,0.00,released,RELEASED
2026-05-27 18:35:36.976,533.3156,,slider,1,0,0.00,-0.00,0.00,ACTIVE,NONE,13330,0,P,P,0.00,released,RELEASED
2026-05-27 18:35:37.375,533.7152,,slider,1,0,0.00,-0.00,0.00,ACTIVE,NONE,13340,0,P,P,0.00,released,RELEASED
2026-05-27 18:35:37.775,534.1154,,slider,1,0,0.00,-0.00,0.00,ACTIVE,NONE,13350,0,P,P,0.00,released,RELEASED
2026-05-27 18:35:38.176,534.5156,,slider,1,0,0.00,-0.00,0.00,ACTIVE,NONE,13360,0,P,P,0.00,released,RELEASED
2026-05-27 18:35:38.575,534.9154,,slider,1,0,0.00,-0.00,0.00,ACTIVE,NONE,13370,0,P,P,0.00,released,RELEASED
2026-05-27 18:35:38.976,535.3156,,slider,1,0,0.00,-0.00,0.00,ACTIVE,NONE,13380,0,P,P,0.00,released,RELEASED
2026-05-27 18:35:39.375,535.7153,,slider,1,0,0.00,-0.00,0.00,ACTIVE,NONE,13390,0,P,P,0.00,released,RELEASED
2026-05-27 18:35:39.775,536.1150,,slider,1,0,0.00,-0.00,0.00,ACTIVE,NONE,13400,0,P,P,0.00,released,RELEASED
2026-05-27 18:35:40.175,536.5150,,slider,1,0,0.00,-0.00,0.00,ACTIVE,NONE,13410,0,P,P,0.00,released,RELEASED
2026-05-27 18:35:40.575,536.9152,,slider,1,0,0.00,-0.00,0.00,ACTIVE,NONE,13420,0,P,P,0.00,released,RELEASED
2026-05-27 18:35:40.975,537.3152,,slider,1,0,0.00,-0.00,0.00,ACTIVE,NONE,13430,0,P,P,0.00,released,RELEASED
2026-05-27 18:35:41.375,537.7154,,slider,1,0,0.00,-0.00,0.00,ACTIVE,NONE,13440,0,P,P,0.00,released,RELEASED
2026-05-27 18:35:41.776,538.1158,,slider,1,0,0.00,-0.00,0.00,ACTIVE,NONE,13450,0,P,P,0.00,released,RELEASED
2026-05-27 18:35:42.176,538.5157,,slider,1,0,0.00,-0.00,0.00,ACTIVE,NONE,13460,0,P,P,0.00,released,RELEASED
2026-05-27 18:35:42.576,538.9156,,slider,1,0,0.00,-0.00,0.00,ACTIVE,NONE,13470,0,P,P,0.00,released,RELEASED
2026-05-27 18:35:42.976,539.3158,,slider,1,0,0.00,-0.00,0.00,ACTIVE,NONE,13480,0,P,P,0.00,released,RELEASED
2026-05-27 18:35:43.376,539.7157,,slider,1,0,0.00,-0.00,0.00,ACTIVE,NONE,13490,0,P,P,0.00,released,RELEASED
2026-05-27 18:35:43.776,540.1159,,slider,1,0,0.00,-0.00,0.00,ACTIVE,NONE,13500,0,P,P,0.00,released,RELEASED
2026-05-27 18:35:44.176,540.5160,,slider,1,0,0.00,-0.00,0.00,ACTIVE,NONE,13510,0,P,P,0.00,released,RELEASED
2026-05-27 18:35:44.576,540.9158,,slider,1,0,0.00,-0.00,0.00,ACTIVE,NONE,13520,0,P,P,0.00,released,RELEASED
2026-05-27 18:35:44.976,541.3160,,slider,1,0,0.00,-0.00,0.00,ACTIVE,NONE,13530,0,P,P,0.00,released,RELEASED
2026-05-27 18:35:45.376,541.7159,,slider,1,0,0.00,-0.00,0.00,ACTIVE,NONE,13540,0,P,P,0.00,released,RELEASED
2026-05-27 18:35:45.776,542.1160,,slider,1,0,0.00,-0.00,0.00,ACTIVE,NONE,13550,0,P,P,0.00,released,RELEASED
2026-05-27 18:35:46.176,542.5161,,slider,1,0,0.00,-0.00,0.00,ACTIVE,NONE,13560,0,P,P,0.00,released,RELEASED
2026-05-27 18:35:46.576,542.9159,,slider,1,0,0.00,-0.00,0.00,ACTIVE,NONE,13570,0,P,P,0.00,released,RELEASED
2026-05-27 18:35:46.976,543.3161,,slider,1,0,0.00,-0.00,0.00,ACTIVE,NONE,13580,0,P,P,0.00,released,RELEASED
2026-05-27 18:35:47.376,543.7159,,slider,1,0,0.00,-0.00,0.00,ACTIVE,NONE,13590,0,P,P,0.00,released,RELEASED
2026-05-27 18:35:47.776,544.1163,,slider,1,0,0.00,-0.00,0.00,ACTIVE,NONE,13600,0,P,P,0.00,released,RELEASED
2026-05-27 18:35:48.176,544.5164,,slider,1,0,0.00,-0.00,0.00,ACTIVE,NONE,13610,0,P,P,0.00,released,RELEASED
2026-05-27 18:35:48.576,544.9159,,slider,1,0,0.00,-0.00,0.00,ACTIVE,NONE,13620,0,P,P,0.00,released,RELEASED
2026-05-27 18:35:48.977,545.3166,,slider,1,0,0.00,-0.00,0.00,ACTIVE,NONE,13630,0,P,P,0.00,released,RELEASED
2026-05-27 18:35:49.376,545.7161,,slider,1,0,0.00,-0.00,0.00,ACTIVE,NONE,13640,0,P,P,0.00,released,RELEASED
2026-05-27 18:35:49.777,546.1170,,slider,1,0,0.00,-0.00,0.00,ACTIVE,NONE,13650,0,P,P,0.00,released,RELEASED
2026-05-27 18:35:50.176,546.5164,,slider,1,0,0.00,-0.00,0.00,ACTIVE,NONE,13660,0,P,P,0.00,released,RELEASED
2026-05-27 18:35:50.576,546.9163,,slider,1,0,0.00,-0.00,0.00,ACTIVE,NONE,13670,0,P,P,0.00,released,RELEASED
2026-05-27 18:35:50.976,547.3164,,slider,1,0,0.00,-0.00,0.00,ACTIVE,NONE,13680,0,P,P,0.00,released,RELEASED
2026-05-27 18:35:51.376,547.7162,,slider,1,0,0.00,-0.00,0.00,ACTIVE,NONE,13690,0,P,P,0.00,released,RELEASED
2026-05-27 18:35:51.776,548.1164,,slider,1,0,0.00,-0.00,0.00,ACTIVE,NONE,13700,0,P,P,0.00,released,RELEASED
2026-05-27 18:35:52.176,548.5163,,slider,1,0,0.00,-0.00,0.00,ACTIVE,NONE,13710,0,P,P,0.00,released,RELEASED
2026-05-27 18:35:52.576,548.9163,,slider,1,0,0.00,-0.00,0.00,ACTIVE,NONE,13720,0,P,P,0.00,released,RELEASED
2026-05-27 18:35:52.976,549.3165,,slider,1,0,0.00,-0.00,0.00,ACTIVE,NONE,13730,0,P,P,0.00,released,RELEASED
2026-05-27 18:35:53.377,549.7165,,slider,1,0,0.00,-0.00,0.00,ACTIVE,NONE,13740,0,P,P,0.00,released,RELEASED
2026-05-27 18:35:53.777,550.1165,,slider,1,0,0.00,-0.00,0.00,ACTIVE,NONE,13750,0,P,P,0.00,released,RELEASED
2026-05-27 18:35:54.177,550.5165,,slider,1,0,0.00,-0.00,0.00,ACTIVE,NONE,13760,0,P,P,0.00,released,RELEASED
2026-05-27 18:35:54.583,550.9228,,slider,1,0,0.00,-0.00,0.00,ACTIVE,NONE,13770,0,P,P,0.00,released,RELEASED
2026-05-27 18:35:54.983,551.3226,,slider,1,0,0.00,-0.00,0.00,ACTIVE,NONE,13780,0,P,P,0.00,released,RELEASED
2026-05-27 18:35:55.383,551.7226,,slider,1,0,0.00,-0.00,0.00,ACTIVE,NONE,13790,0,P,P,0.00,released,RELEASED
2026-05-27 18:35:55.782,552.1224,,slider,1,0,0.00,-0.00,0.00,ACTIVE,NONE,13800,0,P,P,0.00,released,RELEASED
2026-05-27 18:35:56.183,552.5229,,slider,1,0,0.00,-0.00,0.00,ACTIVE,NONE,13810,0,P,P,0.00,released,RELEASED
2026-05-27 18:35:56.583,552.9229,,slider,1,0,0.00,-0.00,0.00,ACTIVE,NONE,13820,0,P,P,0.00,released,RELEASED
2026-05-27 18:35:56.983,553.3228,,slider,1,0,0.00,-0.00,0.00,ACTIVE,NONE,13830,0,P,P,0.00,released,RELEASED
2026-05-27 18:35:57.383,553.7231,,slider,1,0,0.00,-0.00,0.00,ACTIVE,NONE,13840,0,P,P,0.00,released,RELEASED
2026-05-27 18:35:57.783,554.1230,,slider,1,0,0.00,-0.00,0.00,ACTIVE,NONE,13850,0,P,P,0.00,released,RELEASED
2026-05-27 18:35:58.183,554.5230,,slider,1,0,0.00,-0.00,0.00,ACTIVE,NONE,13860,0,P,P,0.00,released,RELEASED
2026-05-27 18:35:58.583,554.9228,,slider,1,0,0.00,-0.00,0.00,ACTIVE,NONE,13870,0,P,P,0.00,released,RELEASED
2026-05-27 18:35:58.983,555.3230,,slider,1,0,0.00,-0.00,0.00,ACTIVE,NONE,13880,0,P,P,0.00,released,RELEASED
2026-05-27 18:35:59.383,555.7229,,slider,1,0,0.00,-0.00,0.00,ACTIVE,NONE,13890,0,P,P,0.00,released,RELEASED
2026-05-27 18:35:59.783,556.1234,,slider,1,0,0.00,-0.00,0.00,ACTIVE,NONE,13900,0,P,P,0.00,released,RELEASED
2026-05-27 18:36:00.184,556.5235,,slider,1,0,0.00,-0.00,0.00,ACTIVE,NONE,13910,0,P,P,0.00,released,RELEASED
2026-05-27 18:36:00.583,556.9230,,slider,1,0,0.00,-0.00,0.00,ACTIVE,NONE,13920,0,P,P,0.00,released,RELEASED
2026-05-27 18:36:00.983,557.3229,,slider,1,0,0.00,-0.00,0.00,ACTIVE,NONE,13930,0,P,P,0.00,released,RELEASED
2026-05-27 18:36:01.383,557.7234,,slider,1,0,0.00,-0.00,0.00,ACTIVE,NONE,13940,0,P,P,0.00,released,RELEASED
2026-05-27 18:36:01.783,558.1234,,slider,1,0,0.00,-0.00,0.00,ACTIVE,NONE,13950,0,P,P,0.00,released,RELEASED
2026-05-27 18:36:02.183,558.5234,,slider,1,0,0.00,-0.00,0.00,ACTIVE,NONE,13960,0,P,P,0.00,released,RELEASED
2026-05-27 18:36:02.583,558.9233,,slider,1,0,0.00,-0.00,0.00,ACTIVE,NONE,13970,0,P,P,0.00,released,RELEASED
2026-05-27 18:36:02.983,559.3233,,slider,1,0,0.00,-0.00,0.00,ACTIVE,NONE,13980,0,P,P,0.00,released,RELEASED
2026-05-27 18:36:03.384,559.7239,,slider,1,0,0.00,-0.00,0.00,ACTIVE,NONE,13990,0,P,P,0.00,released,RELEASED
2026-05-27 18:36:03.783,560.1234,,slider,1,0,0.00,-0.00,0.00,ACTIVE,NONE,14000,0,P,P,0.00,released,RELEASED
2026-05-27 18:36:04.183,560.5233,,slider,1,0,0.00,-0.00,0.00,ACTIVE,NONE,14010,0,P,P,0.00,released,RELEASED
2026-05-27 18:36:04.583,560.9234,,slider,1,0,0.00,-0.00,0.00,ACTIVE,NONE,14020,0,P,P,0.00,released,RELEASED
2026-05-27 18:36:04.983,561.3233,,slider,1,0,0.00,-0.00,0.00,ACTIVE,NONE,14030,0,P,P,0.00,released,RELEASED
2026-05-27 18:36:05.383,561.7233,,slider,1,0,0.00,-0.00,0.00,ACTIVE,NONE,14040,0,P,P,0.00,released,RELEASED
2026-05-27 18:36:05.783,562.1233,,slider,1,0,0.00,-0.00,0.00,ACTIVE,NONE,14050,0,P,P,0.00,released,RELEASED
2026-05-27 18:36:06.183,562.5234,,slider,1,0,0.00,-0.00,0.00,ACTIVE,NONE,14060,0,P,P,0.00,released,RELEASED
2026-05-27 18:36:06.583,562.9234,,slider,1,0,0.00,-0.00,0.00,ACTIVE,NONE,14070,0,P,P,0.00,released,RELEASED
2026-05-27 18:36:06.983,563.3232,,slider,1,0,0.00,-0.00,0.00,ACTIVE,NONE,14080,0,P,P,0.00,released,RELEASED
2026-05-27 18:36:07.384,563.7235,,slider,1,0,0.00,-0.00,0.00,ACTIVE,NONE,14090,0,P,P,0.00,released,RELEASED
2026-05-27 18:36:07.783,564.1234,,slider,1,0,0.00,-0.00,0.00,ACTIVE,NONE,14100,0,P,P,0.00,released,RELEASED
2026-05-27 18:36:08.184,564.5240,,slider,1,0,0.00,-0.00,0.00,ACTIVE,NONE,14110,0,P,P,0.00,released,RELEASED
2026-05-27 18:36:08.584,564.9236,,slider,1,0,0.00,-0.00,0.00,ACTIVE,NONE,14120,0,P,P,0.00,released,RELEASED
2026-05-27 18:36:08.983,565.3234,,slider,1,0,0.00,-0.00,0.00,ACTIVE,NONE,14130,0,P,P,0.00,released,RELEASED
2026-05-27 18:36:09.384,565.7236,,slider,1,0,0.00,-0.00,0.00,ACTIVE,NONE,14140,0,P,P,0.00,released,RELEASED
2026-05-27 18:36:09.784,566.1240,,slider,1,0,0.00,-0.00,0.00,ACTIVE,NONE,14150,0,P,P,0.00,released,RELEASED
2026-05-27 18:36:10.184,566.5243,,slider,1,0,0.00,-0.00,0.00,ACTIVE,NONE,14160,0,P,P,0.00,released,RELEASED
2026-05-27 18:36:10.584,566.9242,,slider,1,0,0.00,-0.00,0.00,ACTIVE,NONE,14170,0,P,P,0.00,released,RELEASED
2026-05-27 18:36:10.984,567.3241,,slider,1,0,0.00,-0.00,0.00,ACTIVE,NONE,14180,0,P,P,0.00,released,RELEASED
2026-05-27 18:36:11.384,567.7237,,slider,1,0,0.00,-0.00,0.00,ACTIVE,NONE,14190,0,P,P,0.00,released,RELEASED
2026-05-27 18:36:11.784,568.1242,,slider,1,0,0.00,-0.00,0.00,ACTIVE,NONE,14200,0,P,P,0.00,released,RELEASED
2026-05-27 18:36:12.185,568.5247,,slider,1,0,0.00,-0.00,0.00,ACTIVE,NONE,14210,0,P,P,0.00,released,RELEASED
2026-05-27 18:36:12.584,568.9241,,slider,1,0,0.00,-0.00,0.00,ACTIVE,NONE,14220,0,P,P,0.00,released,RELEASED
2026-05-27 18:36:12.985,569.3246,,slider,1,0,0.00,-0.00,0.00,ACTIVE,NONE,14230,0,P,P,0.00,released,RELEASED
2026-05-27 18:36:13.384,569.7244,,slider,1,0,0.00,-0.00,0.00,ACTIVE,NONE,14240,0,P,P,0.00,released,RELEASED
2026-05-27 18:36:13.785,570.1248,,slider,1,0,0.00,-0.00,0.00,ACTIVE,NONE,14250,0,P,P,0.00,released,RELEASED
2026-05-27 18:36:14.184,570.5243,,slider,1,0,0.00,-0.00,0.00,ACTIVE,NONE,14260,0,P,P,0.00,released,RELEASED
2026-05-27 18:36:14.585,570.9248,,slider,1,0,0.00,-0.00,0.00,ACTIVE,NONE,14270,0,P,P,0.00,released,RELEASED
2026-05-27 18:36:14.984,571.3244,,slider,1,0,0.00,-0.00,0.00,ACTIVE,NONE,14280,0,P,P,0.00,released,RELEASED
2026-05-27 18:36:15.385,571.7249,,slider,1,0,0.00,-0.00,0.00,ACTIVE,NONE,14290,0,P,P,0.00,released,RELEASED
2026-05-27 18:36:15.784,572.1244,,slider,1,0,0.00,-0.00,0.00,ACTIVE,NONE,14300,0,P,P,0.00,released,RELEASED
2026-05-27 18:36:16.185,572.5245,,slider,1,0,0.00,-0.00,0.00,ACTIVE,NONE,14310,0,P,P,0.00,released,RELEASED
2026-05-27 18:36:16.585,572.9250,,slider,1,0,0.00,-0.00,0.00,ACTIVE,NONE,14320,0,P,P,0.00,released,RELEASED
2026-05-27 18:36:16.985,573.3250,,slider,1,0,0.00,-0.00,0.00,ACTIVE,NONE,14330,0,P,P,0.00,released,RELEASED
2026-05-27 18:36:17.385,573.7248,,slider,1,0,0.00,-0.00,0.00,ACTIVE,NONE,14340,0,P,P,0.00,released,RELEASED
2026-05-27 18:36:17.785,574.1251,,slider,1,0,0.00,-0.00,0.00,ACTIVE,NONE,14350,0,P,P,0.00,released,RELEASED
2026-05-27 18:36:18.185,574.5252,,slider,1,0,0.00,-0.00,0.00,ACTIVE,NONE,14360,0,P,P,0.00,released,RELEASED
2026-05-27 18:36:18.585,574.9253,,slider,1,0,0.00,-0.00,0.00,ACTIVE,NONE,14370,0,P,P,0.00,released,RELEASED
2026-05-27 18:36:18.985,575.3247,,slider,1,0,0.00,-0.00,0.00,ACTIVE,NONE,14380,0,P,P,0.00,released,RELEASED
2026-05-27 18:36:19.385,575.7250,,slider,1,0,0.00,-0.00,0.00,ACTIVE,NONE,14390,0,P,P,0.00,released,RELEASED
2026-05-27 18:36:19.785,576.1247,,slider,1,0,0.00,-0.00,0.00,ACTIVE,NONE,14400,0,P,P,0.00,released,RELEASED
2026-05-27 18:36:20.185,576.5245,,slider,1,0,0.00,-0.00,0.00,ACTIVE,NONE,14410,0,P,P,0.00,released,RELEASED
2026-05-27 18:36:20.585,576.9246,,slider,1,0,0.00,-0.00,0.00,ACTIVE,NONE,14420,0,P,P,0.00,released,RELEASED
2026-05-27 18:36:20.985,577.3249,,slider,1,0,0.00,-0.00,0.00,ACTIVE,NONE,14430,0,P,P,0.00,released,RELEASED
2026-05-27 18:36:21.385,577.7250,,slider,1,0,0.00,-0.00,0.00,ACTIVE,NONE,14440,0,P,P,0.00,released,RELEASED
2026-05-27 18:36:21.785,578.1247,,slider,1,0,0.00,-0.00,0.00,ACTIVE,NONE,14450,0,P,P,0.00,released,RELEASED
2026-05-27 18:36:22.185,578.5249,,slider,1,0,0.00,-0.00,0.00,ACTIVE,NONE,14460,0,P,P,0.00,released,RELEASED
2026-05-27 18:36:22.585,578.9248,,slider,1,0,0.00,-0.00,0.00,ACTIVE,NONE,14470,0,P,P,0.00,released,RELEASED
2026-05-27 18:36:22.985,579.3249,,slider,1,0,0.00,-0.00,0.00,ACTIVE,NONE,14480,0,P,P,0.00,released,RELEASED
2026-05-27 18:36:23.385,579.7251,,slider,1,0,0.00,-0.00,0.00,ACTIVE,NONE,14490,0,P,P,0.00,released,RELEASED
2026-05-27 18:36:23.785,580.1252,,slider,1,0,0.00,-0.00,0.00,ACTIVE,NONE,14500,0,P,P,0.00,released,RELEASED
2026-05-27 18:36:24.185,580.5252,,slider,1,0,0.00,-0.00,0.00,ACTIVE,NONE,14510,0,P,P,0.00,released,RELEASED
2026-05-27 18:36:24.585,580.9254,,slider,1,0,0.00,-0.00,0.00,ACTIVE,NONE,14520,0,P,P,0.00,released,RELEASED
2026-05-27 18:36:24.985,581.3252,,slider,1,0,0.00,-0.00,0.00,ACTIVE,NONE,14530,0,P,P,0.00,released,RELEASED
2026-05-27 18:36:25.385,581.7253,,slider,1,0,0.00,-0.00,0.00,ACTIVE,NONE,14540,0,P,P,0.00,released,RELEASED
2026-05-27 18:36:25.785,582.1252,,slider,1,0,0.00,-0.00,0.00,ACTIVE,NONE,14550,0,P,P,0.00,released,RELEASED
2026-05-27 18:36:26.185,582.5253,,slider,1,0,0.00,-0.00,0.00,ACTIVE,NONE,14560,0,P,P,0.00,released,RELEASED
2026-05-27 18:36:26.585,582.9253,,slider,1,0,0.00,-0.00,0.00,ACTIVE,NONE,14570,0,P,P,0.00,released,RELEASED
2026-05-27 18:36:26.986,583.3255,,slider,1,0,0.00,-0.00,0.00,ACTIVE,NONE,14580,0,P,P,0.00,released,RELEASED
2026-05-27 18:36:27.385,583.7253,,slider,1,0,0.00,-0.00,0.00,ACTIVE,NONE,14590,0,P,P,0.00,released,RELEASED
2026-05-27 18:36:27.786,584.1255,,slider,1,0,0.00,-0.00,0.00,ACTIVE,NONE,14600,0,P,P,0.00,released,RELEASED
2026-05-27 18:36:28.186,584.5255,,slider,1,0,0.00,-0.00,0.00,ACTIVE,NONE,14610,0,P,P,0.00,released,RELEASED
2026-05-27 18:36:28.586,584.9257,,slider,1,0,0.00,-0.00,0.00,ACTIVE,NONE,14620,0,P,P,0.00,released,RELEASED
2026-05-27 18:36:28.986,585.3258,,slider,1,0,0.00,-0.00,0.00,ACTIVE,NONE,14630,0,P,P,0.00,released,RELEASED
2026-05-27 18:36:29.386,585.7257,,slider,1,0,0.00,-0.00,0.00,ACTIVE,NONE,14640,0,P,P,0.00,released,RELEASED
2026-05-27 18:36:29.786,586.1256,,slider,1,0,0.00,-0.00,0.00,ACTIVE,NONE,14650,0,P,P,0.00,released,RELEASED
2026-05-27 18:36:30.186,586.5256,,slider,1,0,0.00,-0.00,0.00,ACTIVE,NONE,14660,0,P,P,0.00,released,RELEASED
2026-05-27 18:36:30.586,586.9260,,slider,1,0,0.00,-0.00,0.00,ACTIVE,NONE,14670,0,P,P,0.00,released,RELEASED
2026-05-27 18:36:30.986,587.3260,,slider,1,0,0.00,-0.00,0.00,ACTIVE,NONE,14680,0,P,P,0.00,released,RELEASED
2026-05-27 18:36:31.386,587.7259,,slider,1,0,0.00,-0.00,0.00,ACTIVE,NONE,14690,0,P,P,0.00,released,RELEASED
2026-05-27 18:36:31.786,588.1261,,slider,1,0,0.00,-0.00,0.00,ACTIVE,NONE,14700,0,P,P,0.00,released,RELEASED
2026-05-27 18:36:32.186,588.5258,,slider,1,0,0.00,-0.00,0.00,ACTIVE,NONE,14710,0,P,P,0.00,released,RELEASED
2026-05-27 18:36:32.586,588.9262,,slider,1,0,0.00,-0.00,0.00,ACTIVE,NONE,14720,0,P,P,0.00,released,RELEASED
2026-05-27 18:36:32.986,589.3261,,slider,1,0,0.00,-0.00,0.00,ACTIVE,NONE,14730,0,P,P,0.00,released,RELEASED
2026-05-27 18:36:33.386,589.7261,,slider,1,0,0.00,-0.00,0.00,ACTIVE,NONE,14740,0,P,P,0.00,released,RELEASED
2026-05-27 18:36:33.787,590.1266,,slider,1,0,0.00,-0.00,0.00,ACTIVE,NONE,14750,0,P,P,0.00,released,RELEASED
2026-05-27 18:36:34.186,590.5260,,slider,1,0,0.00,-0.00,0.00,ACTIVE,NONE,14760,0,P,P,0.00,released,RELEASED
2026-05-27 18:36:34.586,590.9262,,slider,1,0,0.00,-0.00,0.00,ACTIVE,NONE,14770,0,P,P,0.00,released,RELEASED
2026-05-27 18:36:34.986,591.3264,,slider,1,0,0.00,-0.00,0.00,ACTIVE,NONE,14780,0,P,P,0.00,released,RELEASED
2026-05-27 18:36:35.386,591.7264,,slider,1,0,0.00,-0.00,0.00,ACTIVE,NONE,14790,0,P,P,0.00,released,RELEASED
2026-05-27 18:36:35.786,592.1264,,slider,1,0,0.00,-0.00,0.00,ACTIVE,NONE,14800,0,P,P,0.00,released,RELEASED
2026-05-27 18:36:36.187,592.5266,,slider,1,0,0.00,-0.00,0.00,ACTIVE,NONE,14810,0,P,P,0.00,released,RELEASED
2026-05-27 18:36:36.586,592.9263,,slider,1,0,0.00,-0.00,0.00,ACTIVE,NONE,14820,0,P,P,0.00,released,RELEASED
2026-05-27 18:36:36.986,593.3264,,slider,1,0,0.00,-0.00,0.00,ACTIVE,NONE,14830,0,P,P,0.00,released,RELEASED
2026-05-27 18:36:37.387,593.7265,,slider,1,0,0.00,-0.00,0.00,ACTIVE,NONE,14840,0,P,P,0.00,released,RELEASED
2026-05-27 18:36:37.787,594.1267,,slider,1,0,0.00,-0.00,0.00,ACTIVE,NONE,14850,0,P,P,0.00,released,RELEASED
2026-05-27 18:36:38.187,594.5265,,slider,1,0,0.00,-0.00,0.00,ACTIVE,NONE,14860,0,P,P,0.00,released,RELEASED
2026-05-27 18:36:38.586,594.9264,,slider,1,0,0.00,-0.00,0.00,ACTIVE,NONE,14870,0,P,P,0.00,released,RELEASED
2026-05-27 18:36:38.986,595.3264,,slider,1,0,0.00,-0.00,0.00,ACTIVE,NONE,14880,0,P,P,0.00,released,RELEASED
2026-05-27 18:36:39.387,595.7265,,slider,1,0,0.00,-0.00,0.00,ACTIVE,NONE,14890,0,P,P,0.00,released,RELEASED
2026-05-27 18:36:39.787,596.1265,,slider,1,0,0.00,-0.00,0.00,ACTIVE,NONE,14900,0,P,P,0.00,released,RELEASED
2026-05-27 18:36:40.187,596.5265,,slider,1,0,0.00,-0.00,0.00,ACTIVE,NONE,14910,0,P,P,0.00,released,RELEASED
2026-05-27 18:36:40.587,596.9267,,slider,1,0,0.00,-0.00,-0.10,ACTIVE,NONE,14920,0,P,P,0.00,released,RELEASED
2026-05-27 18:36:40.987,597.3270,,slider,1,0,0.00,-0.00,0.00,ACTIVE,NONE,14930,0,P,P,0.00,released,RELEASED
2026-05-27 18:36:41.387,597.7268,,slider,1,0,0.00,-0.00,0.40,ACTIVE,NONE,14940,0,P,P,0.00,released,RELEASED
2026-05-27 18:36:41.787,598.1269,,slider,1,0,0.00,-0.00,0.10,ACTIVE,NONE,14950,0,P,P,0.00,released,RELEASED
2026-05-27 18:36:42.187,598.5268,,slider,1,0,0.00,-0.00,0.10,ACTIVE,NONE,14960,0,P,P,0.00,released,RELEASED
2026-05-27 18:36:42.587,598.9269,,slider,1,0,0.00,-0.00,0.10,ACTIVE,NONE,14970,0,P,P,0.00,released,RELEASED
2026-05-27 18:36:42.987,599.3269,,slider,1,0,0.00,-0.00,0.00,ACTIVE,NONE,14980,0,P,P,0.00,released,RELEASED
2026-05-27 18:36:43.387,599.7270,,slider,1,0,0.00,-0.00,0.00,ACTIVE,NONE,14990,0,P,P,0.00,released,RELEASED
2026-05-27 18:36:43.787,600.1270,,slider,1,0,0.00,-0.00,0.00,ACTIVE,NONE,15000,0,P,P,0.00,released,RELEASED
2026-05-27 18:36:44.187,600.5269,,slider,1,0,0.00,-0.00,0.00,ACTIVE,NONE,15010,0,P,P,0.00,released,RELEASED
2026-05-27 18:36:44.587,600.9269,,slider,1,0,0.00,-0.00,0.00,ACTIVE,NONE,15020,0,P,P,0.00,released,RELEASED
2026-05-27 18:36:44.987,601.3270,,slider,1,0,0.00,-0.00,0.00,ACTIVE,NONE,15030,0,P,P,0.00,released,RELEASED
2026-05-27 18:36:45.387,601.7272,,slider,1,0,0.00,-0.00,0.00,ACTIVE,NONE,15040,0,P,P,0.00,released,RELEASED
2026-05-27 18:36:45.787,602.1270,,slider,1,0,0.00,-0.00,0.00,ACTIVE,NONE,15050,0,P,P,0.00,released,RELEASED
2026-05-27 18:36:46.187,602.5270,,slider,1,0,0.00,-0.00,0.00,ACTIVE,NONE,15060,0,P,P,0.00,released,RELEASED
2026-05-27 18:36:46.587,602.9271,,slider,1,0,0.00,-0.00,0.00,ACTIVE,NONE,15070,0,P,P,0.00,released,RELEASED
2026-05-27 18:36:46.987,603.3272,,slider,1,0,0.00,-0.00,0.00,ACTIVE,NONE,15080,0,P,P,0.00,released,RELEASED
2026-05-27 18:36:47.387,603.7273,,slider,1,0,0.00,-0.00,0.00,ACTIVE,NONE,15090,0,P,P,0.00,released,RELEASED
2026-05-27 18:36:47.787,604.1272,,slider,1,0,0.00,-0.00,0.00,ACTIVE,NONE,15100,0,P,P,0.00,released,RELEASED
2026-05-27 18:36:48.187,604.5272,,slider,1,0,0.00,-0.00,0.00,ACTIVE,NONE,15110,0,P,P,0.00,released,RELEASED
2026-05-27 18:36:48.587,604.9273,,slider,1,0,0.00,-0.00,1.50,ACTIVE,NONE,15120,0,P,P,0.00,released,RELEASED
2026-05-27 18:36:48.987,605.3273,,slider,1,0,0.00,-0.00,4.50,ACTIVE,NONE,15130,0,P,P,0.00,released,RELEASED
2026-05-27 18:36:49.339,605.6791,eac_transition:INHIBITED,slider,1,0,0.00,-0.00,13.80,INHIBITED,HANDS_ON,15139,0,P,P,0.00,released,RELEASED
2026-05-27 18:36:49.387,605.7273,,slider,1,0,0.00,-0.00,15.60,INHIBITED,HANDS_ON,15140,0,P,P,0.00,released,RELEASED
2026-05-27 18:36:49.787,606.1272,,slider,1,0,0.00,-0.00,13.20,INHIBITED,HANDS_ON,15150,0,P,P,0.00,released,RELEASED
2026-05-27 18:36:50.187,606.5274,,slider,1,0,0.00,-0.00,12.50,INHIBITED,HANDS_ON,15160,0,P,P,0.00,released,RELEASED
2026-05-27 18:36:50.587,606.9273,,slider,1,0,0.00,-0.00,12.30,INHIBITED,HANDS_ON,15170,0,P,P,0.00,released,RELEASED
2026-05-27 18:36:50.987,607.3274,,slider,1,0,0.00,-0.00,12.20,INHIBITED,HANDS_ON,15180,0,P,P,0.00,released,RELEASED
2026-05-27 18:36:51.388,607.7276,,slider,1,0,0.00,-0.00,11.60,INHIBITED,HANDS_ON,15190,0,P,P,0.00,released,RELEASED
2026-05-27 18:36:51.788,608.1276,,slider,1,0,0.00,-0.00,9.70,INHIBITED,HANDS_ON,15200,0,P,P,0.00,released,RELEASED
2026-05-27 18:36:52.188,608.5276,,slider,1,0,0.00,-0.00,10.70,INHIBITED,HANDS_ON,15210,0,P,P,0.00,released,RELEASED
2026-05-27 18:36:52.588,608.9275,,slider,1,0,0.00,-0.00,10.50,INHIBITED,HANDS_ON,15220,0,P,P,0.00,released,RELEASED
2026-05-27 18:36:52.988,609.3275,,slider,1,0,0.00,-0.00,10.50,INHIBITED,HANDS_ON,15230,0,P,P,0.00,released,RELEASED
2026-05-27 18:36:53.388,609.7275,,slider,1,0,0.00,-0.00,10.50,INHIBITED,HANDS_ON,15240,0,P,P,0.00,released,RELEASED
2026-05-27 18:36:53.788,610.1275,,slider,1,0,0.00,-0.00,10.50,INHIBITED,HANDS_ON,15250,0,P,P,0.00,released,RELEASED
2026-05-27 18:36:54.188,610.5279,,slider,1,0,0.00,-0.00,10.50,INHIBITED,HANDS_ON,15260,0,P,P,0.00,released,RELEASED
2026-05-27 18:36:54.588,610.9278,,slider,1,0,0.00,-0.00,10.50,INHIBITED,HANDS_ON,15270,0,P,P,0.00,released,RELEASED
2026-05-27 18:36:54.988,611.3278,,slider,1,0,0.00,-0.00,10.50,INHIBITED,HANDS_ON,15280,0,P,P,0.00,released,RELEASED
2026-05-27 18:36:55.388,611.7278,,slider,1,0,0.00,-0.00,10.50,INHIBITED,HANDS_ON,15290,0,P,P,0.00,released,RELEASED
2026-05-27 18:36:55.788,612.1278,,slider,1,0,0.00,-0.00,10.50,INHIBITED,HANDS_ON,15300,0,P,P,0.00,released,RELEASED
2026-05-27 18:36:56.188,612.5278,,slider,1,0,0.00,-0.00,10.50,INHIBITED,HANDS_ON,15310,0,P,P,0.00,released,RELEASED
2026-05-27 18:36:56.588,612.9280,,slider,1,0,0.00,-0.00,10.50,INHIBITED,HANDS_ON,15320,0,P,P,0.00,released,RELEASED
2026-05-27 18:36:56.988,613.3281,,slider,1,0,0.00,-0.00,10.50,INHIBITED,HANDS_ON,15330,0,P,P,0.00,released,RELEASED
2026-05-27 18:36:57.388,613.7280,,slider,1,0,0.00,-0.00,10.50,INHIBITED,HANDS_ON,15340,0,P,P,0.00,released,RELEASED
2026-05-27 18:36:57.788,614.1280,,slider,1,0,0.00,-0.00,10.50,INHIBITED,HANDS_ON,15350,0,P,P,0.00,released,RELEASED
2026-05-27 18:36:58.188,614.5281,,slider,1,0,0.00,-0.00,10.50,INHIBITED,HANDS_ON,15360,0,P,P,0.00,released,RELEASED
2026-05-27 18:36:58.588,614.9280,,slider,1,0,0.00,-0.00,10.50,INHIBITED,HANDS_ON,15370,0,P,P,0.00,released,RELEASED
2026-05-27 18:36:58.988,615.3281,,slider,1,0,0.00,-0.00,10.50,INHIBITED,HANDS_ON,15380,0,P,P,0.00,released,RELEASED
2026-05-27 18:36:59.388,615.7281,,slider,1,0,0.00,-0.00,10.50,INHIBITED,HANDS_ON,15390,0,P,P,0.00,released,RELEASED
2026-05-27 18:36:59.788,616.1283,,slider,1,0,0.00,-0.00,10.50,INHIBITED,HANDS_ON,15400,0,P,P,0.00,released,RELEASED
2026-05-27 18:37:00.188,616.5282,,slider,1,0,0.00,-0.00,10.50,INHIBITED,HANDS_ON,15410,0,P,P,0.00,released,RELEASED
2026-05-27 18:37:00.588,616.9282,,slider,1,0,0.00,-0.00,10.50,INHIBITED,HANDS_ON,15420,0,P,P,0.00,released,RELEASED
2026-05-27 18:37:00.988,617.3282,,slider,1,0,0.00,-0.00,10.50,INHIBITED,HANDS_ON,15430,0,P,P,0.00,released,RELEASED
2026-05-27 18:37:01.388,617.7283,,slider,1,0,0.00,-0.00,10.50,INHIBITED,HANDS_ON,15440,0,P,P,0.00,released,RELEASED
2026-05-27 18:37:01.788,618.1283,,slider,1,0,0.00,-0.00,10.50,INHIBITED,HANDS_ON,15450,0,P,P,0.00,released,RELEASED
2026-05-27 18:37:02.188,618.5283,,slider,1,0,0.00,-0.00,10.50,INHIBITED,HANDS_ON,15460,0,P,P,0.00,released,RELEASED
2026-05-27 18:37:02.588,618.9283,,slider,1,0,0.00,-0.00,10.50,INHIBITED,HANDS_ON,15470,0,P,P,0.00,released,RELEASED
2026-05-27 18:37:02.972,619.3117,,slider,1,0,0.00,-0.00,10.00,INHIBITED,HANDS_ON,15480,0,P,P,0.00,released,RELEASED
2026-05-27 18:37:03.391,619.7309,,slider,1,0,0.00,-0.00,11.20,INHIBITED,HANDS_ON,15490,0,P,P,0.00,released,RELEASED
2026-05-27 18:37:03.791,620.1310,,slider,1,0,0.00,-0.00,12.80,INHIBITED,HANDS_ON,15500,0,P,P,0.00,released,RELEASED
2026-05-27 18:37:04.191,620.5310,,slider,1,0,0.00,-0.00,12.80,INHIBITED,HANDS_ON,15510,0,P,P,0.00,released,RELEASED
2026-05-27 18:37:04.591,620.9310,,slider,1,0,0.00,-0.00,11.00,INHIBITED,HANDS_ON,15520,0,P,P,0.00,released,RELEASED
2026-05-27 18:37:04.972,621.3118,,slider,1,0,0.00,-0.00,11.20,INHIBITED,HANDS_ON,15530,0,P,P,0.00,released,RELEASED
2026-05-27 18:37:05.372,621.7118,,slider,1,0,0.00,-0.00,11.20,INHIBITED,HANDS_ON,15540,0,P,P,0.00,released,RELEASED
2026-05-27 18:37:05.772,622.1123,,slider,1,0,0.00,-0.00,11.20,INHIBITED,HANDS_ON,15550,0,P,P,0.00,released,RELEASED
2026-05-27 18:37:06.191,622.5312,,slider,1,0,0.00,-0.00,11.20,INHIBITED,HANDS_ON,15560,0,P,P,0.00,released,RELEASED
2026-05-27 18:37:06.572,622.9119,,slider,1,0,0.00,-0.00,11.20,INHIBITED,HANDS_ON,15570,0,P,P,0.00,released,RELEASED
2026-05-27 18:37:06.991,623.3312,,slider,1,0,0.00,-0.00,11.20,INHIBITED,HANDS_ON,15580,0,P,P,0.00,released,RELEASED
2026-05-27 18:37:07.391,623.7312,,slider,1,0,0.00,-0.00,11.20,INHIBITED,HANDS_ON,15590,0,P,P,0.00,released,RELEASED
2026-05-27 18:37:07.773,624.1127,,slider,1,0,0.00,-0.00,11.20,INHIBITED,HANDS_ON,15600,0,P,P,0.00,released,RELEASED
2026-05-27 18:37:08.173,624.5126,,slider,1,0,0.00,-0.00,11.20,INHIBITED,HANDS_ON,15610,0,P,P,0.00,released,RELEASED
2026-05-27 18:37:08.573,624.9132,,slider,1,0,0.00,-0.00,11.20,INHIBITED,HANDS_ON,15620,0,P,P,0.00,released,RELEASED
2026-05-27 18:37:08.973,625.3130,,slider,1,0,0.00,-0.00,11.20,INHIBITED,HANDS_ON,15630,0,P,P,0.00,released,RELEASED
2026-05-27 18:37:09.373,625.7133,,slider,1,0,0.00,-0.00,11.20,INHIBITED,HANDS_ON,15640,0,P,P,0.00,released,RELEASED
2026-05-27 18:37:09.773,626.1131,,slider,1,0,0.00,-0.00,11.20,INHIBITED,HANDS_ON,15650,0,P,P,0.00,released,RELEASED
2026-05-27 18:37:10.173,626.5133,,slider,1,0,0.00,-0.00,11.20,INHIBITED,HANDS_ON,15660,0,P,P,0.00,released,RELEASED
2026-05-27 18:37:10.573,626.9128,,slider,1,0,0.00,-0.00,11.20,INHIBITED,HANDS_ON,15670,0,P,P,0.00,released,RELEASED
2026-05-27 18:37:10.973,627.3134,,slider,1,0,0.00,-0.00,11.20,INHIBITED,HANDS_ON,15680,0,P,P,0.00,released,RELEASED
2026-05-27 18:37:11.373,627.7134,,slider,1,0,0.00,-0.00,11.20,INHIBITED,HANDS_ON,15690,0,P,P,0.00,released,RELEASED
2026-05-27 18:37:11.773,628.1134,,slider,1,0,0.00,-0.00,11.20,INHIBITED,HANDS_ON,15700,0,P,P,0.00,released,RELEASED
2026-05-27 18:37:12.174,628.5135,,slider,1,0,0.00,-0.00,11.20,INHIBITED,HANDS_ON,15710,0,P,P,0.00,released,RELEASED
2026-05-27 18:37:12.574,628.9137,,slider,1,0,0.00,-0.00,11.20,INHIBITED,HANDS_ON,15720,0,P,P,0.00,released,RELEASED
2026-05-27 18:37:12.973,629.3125,,slider,1,0,0.00,-0.00,11.20,INHIBITED,HANDS_ON,15730,0,P,P,0.00,released,RELEASED
2026-05-27 18:37:13.373,629.7127,,slider,1,0,0.00,-0.00,11.20,INHIBITED,HANDS_ON,15740,0,P,P,0.00,released,RELEASED
2026-05-27 18:37:13.773,630.1131,,slider,1,0,0.00,-0.00,11.20,INHIBITED,HANDS_ON,15750,0,P,P,0.00,released,RELEASED
2026-05-27 18:37:14.173,630.5127,,slider,1,0,0.00,-0.00,11.20,INHIBITED,HANDS_ON,15760,0,P,P,0.00,released,RELEASED
2026-05-27 18:37:14.573,630.9127,,slider,1,0,0.00,-0.00,11.20,INHIBITED,HANDS_ON,15770,0,P,P,0.00,released,RELEASED
2026-05-27 18:37:14.973,631.3128,,slider,1,0,0.00,-0.00,11.20,INHIBITED,HANDS_ON,15780,0,P,P,0.00,released,RELEASED
2026-05-27 18:37:15.373,631.7130,,slider,1,0,0.00,-0.00,11.20,INHIBITED,HANDS_ON,15790,0,P,P,0.00,released,RELEASED
2026-05-27 18:37:15.773,632.1133,,slider,1,0,0.00,-0.00,11.20,INHIBITED,HANDS_ON,15800,0,P,P,0.00,released,RELEASED
2026-05-27 18:37:16.173,632.5132,,slider,1,0,0.00,-0.00,11.20,INHIBITED,HANDS_ON,15810,0,P,P,0.00,released,RELEASED
2026-05-27 18:37:16.573,632.9132,,slider,1,0,0.00,-0.00,11.20,INHIBITED,HANDS_ON,15820,0,P,P,0.00,released,RELEASED
2026-05-27 18:37:16.973,633.3132,,slider,1,0,0.00,-0.00,11.20,INHIBITED,HANDS_ON,15830,0,P,P,0.00,released,RELEASED
2026-05-27 18:37:17.373,633.7132,,slider,1,0,0.00,-0.00,11.20,INHIBITED,HANDS_ON,15840,0,P,P,0.00,released,RELEASED
2026-05-27 18:37:17.774,634.1135,,slider,1,0,0.00,-0.00,11.20,INHIBITED,HANDS_ON,15850,0,P,P,0.00,released,RELEASED
2026-05-27 18:37:18.173,634.5133,,slider,1,0,0.00,-0.00,11.20,INHIBITED,HANDS_ON,15860,0,P,P,0.00,released,RELEASED
2026-05-27 18:37:18.575,634.9149,,slider,1,0,0.00,-0.00,11.20,INHIBITED,HANDS_ON,15870,0,P,P,0.00,released,RELEASED
2026-05-27 18:37:18.974,635.3138,,slider,1,0,0.00,-0.00,11.20,INHIBITED,HANDS_ON,15880,0,P,P,0.00,released,RELEASED
2026-05-27 18:37:19.374,635.7136,,slider,1,0,0.00,-0.00,11.20,INHIBITED,HANDS_ON,15890,0,P,P,0.00,released,RELEASED
2026-05-27 18:37:19.774,636.1141,,slider,1,0,0.00,-0.00,11.20,INHIBITED,HANDS_ON,15900,0,P,P,0.00,released,RELEASED
2026-05-27 18:37:20.174,636.5135,,slider,1,0,0.00,-0.00,11.20,INHIBITED,HANDS_ON,15910,0,P,P,0.00,released,RELEASED
2026-05-27 18:37:20.574,636.9138,,slider,1,0,0.00,-0.00,11.20,INHIBITED,HANDS_ON,15920,0,P,P,0.00,released,RELEASED
2026-05-27 18:37:20.974,637.3139,,slider,1,0,0.00,-0.00,11.20,INHIBITED,HANDS_ON,15930,0,P,P,0.00,released,RELEASED
2026-05-27 18:37:21.374,637.7137,,slider,1,0,0.00,-0.00,11.20,INHIBITED,HANDS_ON,15940,0,P,P,0.00,released,RELEASED
2026-05-27 18:37:21.775,638.1145,,slider,1,0,0.00,-0.00,11.20,INHIBITED,HANDS_ON,15950,0,P,P,0.00,released,RELEASED
2026-05-27 18:37:22.175,638.5145,,slider,1,0,0.00,-0.00,11.20,INHIBITED,HANDS_ON,15960,0,P,P,0.00,released,RELEASED
2026-05-27 18:37:22.574,638.9141,,slider,1,0,0.00,-0.00,11.20,INHIBITED,HANDS_ON,15970,0,P,P,0.00,released,RELEASED
2026-05-27 18:37:22.974,639.3136,,slider,1,0,0.00,-0.00,11.20,INHIBITED,HANDS_ON,15980,0,P,P,0.00,released,RELEASED
2026-05-27 18:37:23.373,639.7133,,slider,1,0,0.00,-0.00,11.20,INHIBITED,HANDS_ON,15990,0,P,P,0.00,released,RELEASED
2026-05-27 18:37:23.774,640.1136,,slider,1,0,0.00,-0.00,11.20,INHIBITED,HANDS_ON,16000,0,P,P,0.00,released,RELEASED
2026-05-27 18:37:24.174,640.5135,,slider,1,0,0.00,-0.00,11.20,INHIBITED,HANDS_ON,16010,0,P,P,0.00,released,RELEASED
2026-05-27 18:37:24.574,640.9136,,slider,1,0,0.00,-0.00,11.20,INHIBITED,HANDS_ON,16020,0,P,P,0.00,released,RELEASED
2026-05-27 18:37:24.974,641.3136,,slider,1,0,0.00,-0.00,11.20,INHIBITED,HANDS_ON,16030,0,P,P,0.00,released,RELEASED
2026-05-27 18:37:25.374,641.7137,,slider,1,0,0.00,-0.00,11.20,INHIBITED,HANDS_ON,16040,0,P,P,0.00,released,RELEASED
2026-05-27 18:37:25.774,642.1137,,slider,1,0,0.00,-0.00,11.20,INHIBITED,HANDS_ON,16050,0,P,P,0.00,released,RELEASED
2026-05-27 18:37:26.174,642.5138,,slider,1,0,0.00,-0.00,11.20,INHIBITED,HANDS_ON,16060,0,P,P,0.00,released,RELEASED
2026-05-27 18:37:26.574,642.9138,,slider,1,0,0.00,-0.00,11.20,INHIBITED,HANDS_ON,16070,0,P,P,0.00,released,RELEASED
2026-05-27 18:37:26.974,643.3139,,slider,1,0,0.00,-0.00,11.20,INHIBITED,HANDS_ON,16080,0,P,P,0.00,released,RELEASED
2026-05-27 18:37:27.374,643.7138,,slider,1,0,0.00,-0.00,11.20,INHIBITED,HANDS_ON,16090,0,P,P,0.00,released,RELEASED
2026-05-27 18:37:27.774,644.1139,,slider,1,0,0.00,-0.00,11.20,INHIBITED,HANDS_ON,16100,0,P,P,0.00,released,RELEASED
2026-05-27 18:37:28.174,644.5138,,slider,1,0,0.00,-0.00,11.20,INHIBITED,HANDS_ON,16110,0,P,P,0.00,released,RELEASED
2026-05-27 18:37:28.574,644.9142,,slider,1,0,0.00,-0.00,11.00,INHIBITED,HANDS_ON,16120,0,P,P,0.00,released,RELEASED
2026-05-27 18:37:28.975,645.3150,,slider,1,0,0.00,-0.00,10.00,INHIBITED,HANDS_ON,16130,0,P,P,0.00,released,RELEASED
2026-05-27 18:37:29.374,645.7141,,slider,1,0,0.00,-0.00,10.20,INHIBITED,HANDS_ON,16140,0,P,P,0.00,released,RELEASED
2026-05-27 18:37:29.774,646.1142,,slider,1,0,0.00,-0.00,11.50,INHIBITED,HANDS_ON,16150,0,P,P,0.00,released,RELEASED
2026-05-27 18:37:30.174,646.5142,,slider,1,0,0.00,-0.00,11.80,INHIBITED,HANDS_ON,16160,0,P,P,0.00,released,RELEASED
2026-05-27 18:37:30.575,646.9145,,slider,1,0,0.00,-0.00,12.60,INHIBITED,HANDS_ON,16170,0,P,P,0.00,released,RELEASED
2026-05-27 18:37:30.974,647.3141,,slider,1,0,0.00,-0.00,14.30,INHIBITED,HANDS_ON,16180,0,P,P,0.00,released,RELEASED
2026-05-27 18:37:31.375,647.7146,,slider,1,0,0.00,-0.00,14.30,INHIBITED,HANDS_ON,16190,0,P,P,0.00,released,RELEASED
2026-05-27 18:37:31.775,648.1152,,slider,1,0,0.00,-0.00,22.70,INHIBITED,HANDS_ON,16200,0,P,P,0.00,released,RELEASED
2026-05-27 18:37:32.175,648.5148,,slider,1,0,0.00,-0.00,21.70,INHIBITED,HANDS_ON,16210,0,P,P,0.00,released,RELEASED
2026-05-27 18:37:32.575,648.9152,,slider,1,0,0.00,-0.00,19.40,INHIBITED,HANDS_ON,16220,0,P,P,0.00,released,RELEASED
2026-05-27 18:37:32.975,649.3150,,slider,1,0,0.00,-0.00,16.30,INHIBITED,HANDS_ON,16230,0,P,P,0.00,released,RELEASED
2026-05-27 18:37:33.375,649.7149,,slider,1,0,0.00,-0.00,15.50,INHIBITED,HANDS_ON,16240,0,P,P,0.00,released,RELEASED
2026-05-27 18:37:33.776,650.1157,,slider,1,0,0.00,-0.00,15.50,INHIBITED,HANDS_ON,16250,0,P,P,0.00,released,RELEASED
2026-05-27 18:37:34.175,650.5154,,slider,1,0,0.00,-0.00,15.50,INHIBITED,HANDS_ON,16260,0,P,P,0.00,released,RELEASED
2026-05-27 18:37:34.575,650.9146,,slider,1,0,0.00,-0.00,15.50,INHIBITED,HANDS_ON,16270,0,P,P,0.00,released,RELEASED
2026-05-27 18:37:34.975,651.3148,,slider,1,0,0.00,-0.00,15.50,INHIBITED,HANDS_ON,16280,0,P,P,0.00,released,RELEASED
2026-05-27 18:37:35.375,651.7150,,slider,1,0,0.00,-0.00,15.50,INHIBITED,HANDS_ON,16290,0,P,P,0.00,released,RELEASED
2026-05-27 18:37:35.775,652.1148,,slider,1,0,0.00,-0.00,15.50,INHIBITED,HANDS_ON,16300,0,P,P,0.00,released,RELEASED
2026-05-27 18:37:36.175,652.5148,,slider,1,0,0.00,-0.00,15.50,INHIBITED,HANDS_ON,16310,0,P,P,0.00,released,RELEASED
2026-05-27 18:37:36.575,652.9151,,slider,1,0,0.00,-0.00,15.50,INHIBITED,HANDS_ON,16320,0,P,P,0.00,released,RELEASED
2026-05-27 18:37:36.976,653.3158,,slider,1,0,0.00,-0.00,15.50,INHIBITED,HANDS_ON,16330,0,P,P,0.00,released,RELEASED
2026-05-27 18:37:37.375,653.7151,,slider,1,0,0.00,-0.00,15.50,INHIBITED,HANDS_ON,16340,0,P,P,0.00,released,RELEASED
2026-05-27 18:37:37.775,654.1153,,slider,1,0,0.00,-0.00,15.50,INHIBITED,HANDS_ON,16350,0,P,P,0.00,released,RELEASED
2026-05-27 18:37:38.176,654.5157,,slider,1,0,0.00,-0.00,15.50,INHIBITED,HANDS_ON,16360,0,P,P,0.00,released,RELEASED
2026-05-27 18:37:38.575,654.9153,,slider,1,0,0.00,-0.00,15.50,INHIBITED,HANDS_ON,16370,0,P,P,0.00,released,RELEASED
2026-05-27 18:37:38.976,655.3158,,slider,1,0,0.00,-0.00,15.50,INHIBITED,HANDS_ON,16380,0,P,P,0.00,released,RELEASED
2026-05-27 18:37:39.375,655.7152,,slider,1,0,0.00,-0.00,15.50,INHIBITED,HANDS_ON,16390,0,P,P,0.00,released,RELEASED
2026-05-27 18:37:39.776,656.1160,,slider,1,0,0.00,-0.00,15.50,INHIBITED,HANDS_ON,16400,0,P,P,0.00,released,RELEASED
2026-05-27 18:37:40.176,656.5161,,slider,1,0,0.00,-0.00,15.50,INHIBITED,HANDS_ON,16410,0,P,P,0.00,released,RELEASED
2026-05-27 18:37:40.575,656.9154,,slider,1,0,0.00,-0.00,15.50,INHIBITED,HANDS_ON,16420,0,P,P,0.00,released,RELEASED
2026-05-27 18:37:40.976,657.3159,,slider,1,0,0.00,-0.00,15.50,INHIBITED,HANDS_ON,16430,0,P,P,0.00,released,RELEASED
2026-05-27 18:37:41.376,657.7156,,slider,1,0,0.00,-0.00,15.50,INHIBITED,HANDS_ON,16440,0,P,P,0.00,released,RELEASED
2026-05-27 18:37:41.776,658.1161,,slider,1,0,0.00,-0.00,15.50,INHIBITED,HANDS_ON,16450,0,P,P,0.00,released,RELEASED
2026-05-27 18:37:42.176,658.5161,,slider,1,0,0.00,-0.00,15.50,INHIBITED,HANDS_ON,16460,0,P,P,0.00,released,RELEASED
2026-05-27 18:37:42.576,658.9158,,slider,1,0,0.00,-0.00,15.50,INHIBITED,HANDS_ON,16470,0,P,P,0.00,released,RELEASED
2026-05-27 18:37:42.976,659.3155,,slider,1,0,0.00,-0.00,15.50,INHIBITED,HANDS_ON,16480,0,P,P,0.00,released,RELEASED
2026-05-27 18:37:43.376,659.7160,,slider,1,0,0.00,-0.00,15.50,INHIBITED,HANDS_ON,16490,0,P,P,0.00,released,RELEASED
2026-05-27 18:37:43.775,660.1153,,slider,1,0,0.00,-0.00,15.50,INHIBITED,HANDS_ON,16500,0,P,P,0.00,released,RELEASED
2026-05-27 18:37:44.176,660.5155,,slider,1,0,0.00,-0.00,15.50,INHIBITED,HANDS_ON,16510,0,P,P,0.00,released,RELEASED
2026-05-27 18:37:44.575,660.9154,,slider,1,0,0.00,-0.00,15.50,INHIBITED,HANDS_ON,16520,0,P,P,0.00,released,RELEASED
2026-05-27 18:37:44.976,661.3156,,slider,1,0,0.00,-0.00,15.50,INHIBITED,HANDS_ON,16530,0,P,P,0.00,released,RELEASED
2026-05-27 18:37:45.375,661.7154,,slider,1,0,0.00,-0.00,15.50,INHIBITED,HANDS_ON,16540,0,P,P,0.00,released,RELEASED
2026-05-27 18:37:45.776,662.1157,,slider,1,0,0.00,-0.00,15.50,INHIBITED,HANDS_ON,16550,0,P,P,0.00,released,RELEASED
2026-05-27 18:37:46.176,662.5160,,slider,1,0,0.00,-0.00,15.50,INHIBITED,HANDS_ON,16560,0,P,P,0.00,released,RELEASED
2026-05-27 18:37:46.576,662.9156,,slider,1,0,0.00,-0.00,15.50,INHIBITED,HANDS_ON,16570,0,P,P,0.00,released,RELEASED
2026-05-27 18:37:46.976,663.3157,,slider,1,0,0.00,-0.00,15.50,INHIBITED,HANDS_ON,16580,0,P,P,0.00,released,RELEASED
2026-05-27 18:37:47.376,663.7157,,slider,1,0,0.00,-0.00,15.50,INHIBITED,HANDS_ON,16590,0,P,P,0.00,released,RELEASED
2026-05-27 18:37:47.776,664.1158,,slider,1,0,0.00,-0.00,15.50,INHIBITED,HANDS_ON,16600,0,P,P,0.00,released,RELEASED
2026-05-27 18:37:48.176,664.5157,,slider,1,0,0.00,-0.00,15.50,INHIBITED,HANDS_ON,16610,0,P,P,0.00,released,RELEASED
2026-05-27 18:37:48.576,664.9160,,slider,1,0,0.00,-0.00,15.50,INHIBITED,HANDS_ON,16620,0,P,P,0.00,released,RELEASED
2026-05-27 18:37:48.976,665.3158,,slider,1,0,0.00,-0.00,15.50,INHIBITED,HANDS_ON,16630,0,P,P,0.00,released,RELEASED
2026-05-27 18:37:49.376,665.7159,,slider,1,0,0.00,-0.00,15.50,INHIBITED,HANDS_ON,16640,0,P,P,0.00,released,RELEASED
2026-05-27 18:37:49.776,666.1159,,slider,1,0,0.00,-0.00,15.50,INHIBITED,HANDS_ON,16650,0,P,P,0.00,released,RELEASED
2026-05-27 18:37:50.176,666.5163,,slider,1,0,0.00,-0.00,15.50,INHIBITED,HANDS_ON,16660,0,P,P,0.00,released,RELEASED
2026-05-27 18:37:50.577,666.9169,,slider,1,0,0.00,-0.00,15.50,INHIBITED,HANDS_ON,16670,0,P,P,0.00,released,RELEASED
2026-05-27 18:37:50.977,667.3167,,slider,1,0,0.00,-0.00,15.50,INHIBITED,HANDS_ON,16680,0,P,P,0.00,released,RELEASED
2026-05-27 18:37:51.377,667.7166,,slider,1,0,0.00,-0.00,15.50,INHIBITED,HANDS_ON,16690,0,P,P,0.00,released,RELEASED
2026-05-27 18:37:51.776,668.1161,,slider,1,0,0.00,-0.00,15.50,INHIBITED,HANDS_ON,16700,0,P,P,0.00,released,RELEASED
2026-05-27 18:37:52.177,668.5168,,slider,1,0,0.00,-0.00,15.50,INHIBITED,HANDS_ON,16710,0,P,P,0.00,released,RELEASED
2026-05-27 18:37:52.577,668.9167,,slider,1,0,0.00,-0.00,15.50,INHIBITED,HANDS_ON,16720,0,P,P,0.00,released,RELEASED
2026-05-27 18:37:52.977,669.3168,,slider,1,0,0.00,-0.00,15.50,INHIBITED,HANDS_ON,16730,0,P,P,0.00,released,RELEASED
2026-05-27 18:37:53.377,669.7168,,slider,1,0,0.00,-0.00,15.50,INHIBITED,HANDS_ON,16740,0,P,P,0.00,released,RELEASED
2026-05-27 18:37:53.776,670.1163,,slider,1,0,0.00,-0.00,15.50,INHIBITED,HANDS_ON,16750,0,P,P,0.00,released,RELEASED
2026-05-27 18:37:54.176,670.5164,,slider,1,0,0.00,-0.00,15.50,INHIBITED,HANDS_ON,16760,0,P,P,0.00,released,RELEASED
2026-05-27 18:37:54.577,670.9174,,slider,1,0,0.00,-0.00,15.50,INHIBITED,HANDS_ON,16770,0,P,P,0.00,released,RELEASED
2026-05-27 18:37:54.976,671.3163,,slider,1,0,0.00,-0.00,15.50,INHIBITED,HANDS_ON,16780,0,P,P,0.00,released,RELEASED
2026-05-27 18:37:55.377,671.7166,,slider,1,0,0.00,-0.00,15.50,INHIBITED,HANDS_ON,16790,0,P,P,0.00,released,RELEASED
2026-05-27 18:37:55.777,672.1166,,slider,1,0,0.00,-0.00,15.50,INHIBITED,HANDS_ON,16800,0,P,P,0.00,released,RELEASED
2026-05-27 18:37:56.177,672.5166,,slider,1,0,0.00,-0.00,15.50,INHIBITED,HANDS_ON,16810,0,P,P,0.00,released,RELEASED
2026-05-27 18:37:56.577,672.9165,,slider,1,0,0.00,-0.00,15.50,INHIBITED,HANDS_ON,16820,0,P,P,0.00,released,RELEASED
2026-05-27 18:37:56.977,673.3166,,slider,1,0,0.00,-0.00,15.50,INHIBITED,HANDS_ON,16830,0,P,P,0.00,released,RELEASED
2026-05-27 18:37:57.377,673.7166,,slider,1,0,0.00,-0.00,15.50,INHIBITED,HANDS_ON,16840,0,P,P,0.00,released,RELEASED
2026-05-27 18:37:57.777,674.1170,,slider,1,0,0.00,-0.00,15.50,INHIBITED,HANDS_ON,16850,0,P,P,0.00,released,RELEASED
2026-05-27 18:37:58.177,674.5167,,slider,1,0,0.00,-0.00,15.50,INHIBITED,HANDS_ON,16860,0,P,P,0.00,released,RELEASED
2026-05-27 18:37:58.577,674.9168,,slider,1,0,0.00,-0.00,15.50,INHIBITED,HANDS_ON,16870,0,P,P,0.00,released,RELEASED
2026-05-27 18:37:58.977,675.3169,,slider,1,0,0.00,-0.00,15.50,INHIBITED,HANDS_ON,16880,0,P,P,0.00,released,RELEASED
2026-05-27 18:37:59.377,675.7168,,slider,1,0,0.00,-0.00,15.50,INHIBITED,HANDS_ON,16890,0,P,P,0.00,released,RELEASED
2026-05-27 18:37:59.777,676.1169,,slider,1,0,0.00,-0.00,15.50,INHIBITED,HANDS_ON,16900,0,P,P,0.00,released,RELEASED
2026-05-27 18:38:00.177,676.5170,,slider,1,0,0.00,-0.00,15.50,INHIBITED,HANDS_ON,16910,0,P,P,0.00,released,RELEASED
2026-05-27 18:38:00.577,676.9168,,slider,1,0,0.00,-0.00,15.50,INHIBITED,HANDS_ON,16920,0,P,P,0.00,released,RELEASED
2026-05-27 18:38:00.977,677.3168,,slider,1,0,0.00,-0.00,15.50,INHIBITED,HANDS_ON,16930,0,P,P,0.00,released,RELEASED
2026-05-27 18:38:01.377,677.7171,,slider,1,0,0.00,-0.00,15.50,INHIBITED,HANDS_ON,16940,0,P,P,0.00,released,RELEASED
2026-05-27 18:38:01.777,678.1171,,slider,1,0,0.00,-0.00,15.50,INHIBITED,HANDS_ON,16950,0,P,P,0.00,released,RELEASED
2026-05-27 18:38:02.177,678.5174,,slider,1,0,0.00,-0.00,15.50,INHIBITED,HANDS_ON,16960,0,P,P,0.00,released,RELEASED
2026-05-27 18:38:02.578,678.9175,,slider,1,0,0.00,-0.00,15.50,INHIBITED,HANDS_ON,16970,0,P,P,0.00,released,RELEASED
2026-05-27 18:38:02.978,679.3175,,slider,1,0,0.00,-0.00,15.50,INHIBITED,HANDS_ON,16980,0,P,P,0.00,released,RELEASED
2026-05-27 18:38:03.378,679.7176,,slider,1,0,0.00,-0.00,15.50,INHIBITED,HANDS_ON,16990,0,P,P,0.00,released,RELEASED
2026-05-27 18:38:03.778,680.1176,,slider,1,0,0.00,-0.00,15.50,INHIBITED,HANDS_ON,17000,0,P,P,0.00,released,RELEASED
2026-05-27 18:38:04.178,680.5175,,slider,1,0,0.00,-0.00,15.50,INHIBITED,HANDS_ON,17010,0,P,P,0.00,released,RELEASED
2026-05-27 18:38:04.578,680.9176,,slider,1,0,0.00,-0.00,15.50,INHIBITED,HANDS_ON,17020,0,P,P,0.00,released,RELEASED
2026-05-27 18:38:04.978,681.3176,,slider,1,0,0.00,-0.00,15.50,INHIBITED,HANDS_ON,17030,0,P,P,0.00,released,RELEASED
2026-05-27 18:38:05.378,681.7175,,slider,1,0,0.00,-0.00,15.50,INHIBITED,HANDS_ON,17040,0,P,P,0.00,released,RELEASED
2026-05-27 18:38:05.778,682.1184,,slider,1,0,0.00,-0.00,15.50,INHIBITED,HANDS_ON,17050,0,P,P,0.00,released,RELEASED
2026-05-27 18:38:06.179,682.5186,,slider,1,0,0.00,-0.00,15.50,INHIBITED,HANDS_ON,17060,0,P,P,0.00,released,RELEASED
2026-05-27 18:38:06.578,682.9176,,slider,1,0,0.00,-0.00,15.50,INHIBITED,HANDS_ON,17070,0,P,P,0.00,released,RELEASED
2026-05-27 18:38:06.978,683.3178,,slider,1,0,0.00,-0.00,15.50,INHIBITED,HANDS_ON,17080,0,P,P,0.00,released,RELEASED
2026-05-27 18:38:07.378,683.7180,,slider,1,0,0.00,-0.00,15.50,INHIBITED,HANDS_ON,17090,0,P,P,0.00,released,RELEASED
2026-05-27 18:38:07.779,684.1185,,slider,1,0,0.00,-0.00,15.50,INHIBITED,HANDS_ON,17100,0,P,P,0.00,released,RELEASED
2026-05-27 18:38:08.178,684.5182,,slider,1,0,0.00,-0.00,15.50,INHIBITED,HANDS_ON,17110,0,P,P,0.00,released,RELEASED
2026-05-27 18:38:08.578,684.9183,,slider,1,0,0.00,-0.00,15.50,INHIBITED,HANDS_ON,17120,0,P,P,0.00,released,RELEASED
2026-05-27 18:38:08.978,685.3182,,slider,1,0,0.00,-0.00,15.50,INHIBITED,HANDS_ON,17130,0,P,P,0.00,released,RELEASED
2026-05-27 18:38:09.378,685.7180,,slider,1,0,0.00,-0.00,15.50,INHIBITED,HANDS_ON,17140,0,P,P,0.00,released,RELEASED
2026-05-27 18:38:09.779,686.1186,,slider,1,0,0.00,-0.00,15.50,INHIBITED,HANDS_ON,17150,0,P,P,0.00,released,RELEASED
2026-05-27 18:38:10.179,686.5186,,slider,1,0,0.00,-0.00,15.50,INHIBITED,HANDS_ON,17160,0,P,P,0.00,released,RELEASED
2026-05-27 18:38:10.579,686.9188,,slider,1,0,0.00,-0.00,15.50,INHIBITED,HANDS_ON,17170,0,P,P,0.00,released,RELEASED
2026-05-27 18:38:10.979,687.3188,,slider,1,0,0.00,-0.00,15.50,INHIBITED,HANDS_ON,17180,0,P,P,0.00,released,RELEASED
2026-05-27 18:38:11.379,687.7190,,slider,1,0,0.00,-0.00,15.50,INHIBITED,HANDS_ON,17190,0,P,P,0.00,released,RELEASED
2026-05-27 18:38:11.779,688.1189,,slider,1,0,0.00,-0.00,15.50,INHIBITED,HANDS_ON,17200,0,P,P,0.00,released,RELEASED
2026-05-27 18:38:12.179,688.5188,,slider,1,0,0.00,-0.00,15.50,INHIBITED,HANDS_ON,17210,0,P,P,0.00,released,RELEASED
2026-05-27 18:38:12.579,688.9187,,slider,1,0,0.00,-0.00,15.50,INHIBITED,HANDS_ON,17220,0,P,P,0.00,released,RELEASED
2026-05-27 18:38:12.979,689.3187,,slider,1,0,0.00,-0.00,15.50,INHIBITED,HANDS_ON,17230,0,P,P,0.00,released,RELEASED
2026-05-27 18:38:13.379,689.7189,,slider,1,0,0.00,-0.00,15.50,INHIBITED,HANDS_ON,17240,0,P,P,0.00,released,RELEASED
2026-05-27 18:38:13.779,690.1191,,slider,1,0,0.00,-0.00,15.50,INHIBITED,HANDS_ON,17250,0,P,P,0.00,released,RELEASED
2026-05-27 18:38:14.179,690.5190,,slider,1,0,0.00,-0.00,15.50,INHIBITED,HANDS_ON,17260,0,P,P,0.00,released,RELEASED
2026-05-27 18:38:14.579,690.9191,,slider,1,0,0.00,-0.00,15.50,INHIBITED,HANDS_ON,17270,0,P,P,0.00,released,RELEASED
2026-05-27 18:38:14.979,691.3192,,slider,1,0,0.00,-0.00,15.50,INHIBITED,HANDS_ON,17280,0,P,P,0.00,released,RELEASED
2026-05-27 18:38:15.379,691.7188,,slider,1,0,0.00,-0.00,15.50,INHIBITED,HANDS_ON,17290,0,P,P,0.00,released,RELEASED
2026-05-27 18:38:15.779,692.1193,,slider,1,0,0.00,-0.00,15.50,INHIBITED,HANDS_ON,17300,0,P,P,0.00,released,RELEASED
2026-05-27 18:38:16.180,692.5195,,slider,1,0,0.00,-0.00,15.50,INHIBITED,HANDS_ON,17310,0,P,P,0.00,released,RELEASED
2026-05-27 18:38:16.579,692.9185,,slider,1,0,0.00,-0.00,15.50,INHIBITED,HANDS_ON,17320,0,P,P,0.00,released,RELEASED
2026-05-27 18:38:16.979,693.3187,,slider,1,0,0.00,-0.00,15.50,INHIBITED,HANDS_ON,17330,0,P,P,0.00,released,RELEASED
2026-05-27 18:38:17.379,693.7189,,slider,1,0,0.00,-0.00,15.50,INHIBITED,HANDS_ON,17340,0,P,P,0.00,released,RELEASED
2026-05-27 18:38:17.779,694.1187,,slider,1,0,0.00,-0.00,15.50,INHIBITED,HANDS_ON,17350,0,P,P,0.00,released,RELEASED
2026-05-27 18:38:18.179,694.5187,,slider,1,0,0.00,-0.00,15.50,INHIBITED,HANDS_ON,17360,0,P,P,0.00,released,RELEASED
2026-05-27 18:38:18.579,694.9190,,slider,1,0,0.00,-0.00,15.50,INHIBITED,HANDS_ON,17370,0,P,P,0.00,released,RELEASED
2026-05-27 18:38:18.979,695.3189,,slider,1,0,0.00,-0.00,15.50,INHIBITED,HANDS_ON,17380,0,P,P,0.00,released,RELEASED
2026-05-27 18:38:19.379,695.7191,,slider,1,0,0.00,-0.00,15.50,INHIBITED,HANDS_ON,17390,0,P,P,0.00,released,RELEASED
2026-05-27 18:38:19.779,696.1189,,slider,1,0,0.00,-0.00,15.50,INHIBITED,HANDS_ON,17400,0,P,P,0.00,released,RELEASED
2026-05-27 18:38:20.179,696.5190,,slider,1,0,0.00,-0.00,15.50,INHIBITED,HANDS_ON,17410,0,P,P,0.00,released,RELEASED
2026-05-27 18:38:20.579,696.9191,,slider,1,0,0.00,-0.00,15.50,INHIBITED,HANDS_ON,17420,0,P,P,0.00,released,RELEASED
2026-05-27 18:38:20.979,697.3190,,slider,1,0,0.00,-0.00,15.50,INHIBITED,HANDS_ON,17430,0,P,P,0.00,released,RELEASED
2026-05-27 18:38:21.379,697.7194,,slider,1,0,0.00,-0.00,15.50,INHIBITED,HANDS_ON,17440,0,P,P,0.00,released,RELEASED
2026-05-27 18:38:21.780,698.1197,,slider,1,0,0.00,-0.00,15.50,INHIBITED,HANDS_ON,17450,0,P,P,0.00,released,RELEASED
2026-05-27 18:38:22.180,698.5196,,slider,1,0,0.00,-0.00,15.50,INHIBITED,HANDS_ON,17460,0,P,P,0.00,released,RELEASED
2026-05-27 18:38:22.580,698.9199,,slider,1,0,0.00,-0.00,15.50,INHIBITED,HANDS_ON,17470,0,P,P,0.00,released,RELEASED
2026-05-27 18:38:22.980,699.3195,,slider,1,0,0.00,-0.00,15.50,INHIBITED,HANDS_ON,17480,0,P,P,0.00,released,RELEASED
2026-05-27 18:38:23.380,699.7199,,slider,1,0,0.00,-0.00,15.50,INHIBITED,HANDS_ON,17490,0,P,P,0.00,released,RELEASED
2026-05-27 18:38:23.780,700.1196,,slider,1,0,0.00,-0.00,15.50,INHIBITED,HANDS_ON,17500,0,P,P,0.00,released,RELEASED
2026-05-27 18:38:24.180,700.5198,,slider,1,0,0.00,-0.00,15.50,INHIBITED,HANDS_ON,17510,0,P,P,0.00,released,RELEASED
2026-05-27 18:38:24.580,700.9197,,slider,1,0,0.00,-0.00,15.50,INHIBITED,HANDS_ON,17520,0,P,P,0.00,released,RELEASED
2026-05-27 18:38:24.980,701.3195,,slider,1,0,0.00,-0.00,15.50,INHIBITED,HANDS_ON,17530,0,P,P,0.00,released,RELEASED
2026-05-27 18:38:25.380,701.7198,,slider,1,0,0.00,-0.00,15.50,INHIBITED,HANDS_ON,17540,0,P,P,0.00,released,RELEASED
2026-05-27 18:38:25.780,702.1197,,slider,1,0,0.00,-0.00,15.50,INHIBITED,HANDS_ON,17550,0,P,P,0.00,released,RELEASED
2026-05-27 18:38:26.180,702.5198,,slider,1,0,0.00,-0.00,15.50,INHIBITED,HANDS_ON,17560,0,P,P,0.00,released,RELEASED
2026-05-27 18:38:26.580,702.9196,,slider,1,0,0.00,-0.00,15.50,INHIBITED,HANDS_ON,17570,0,P,P,0.00,released,RELEASED
2026-05-27 18:38:26.979,703.3194,,slider,1,0,0.00,-0.00,15.50,INHIBITED,HANDS_ON,17580,0,P,P,0.00,released,RELEASED
2026-05-27 18:38:27.380,703.7195,,slider,1,0,0.00,-0.00,15.50,INHIBITED,HANDS_ON,17590,0,P,P,0.00,released,RELEASED
2026-05-27 18:38:27.780,704.1196,,slider,1,0,0.00,-0.00,15.50,INHIBITED,HANDS_ON,17600,0,P,P,0.00,released,RELEASED
2026-05-27 18:38:28.179,704.5194,,slider,1,0,0.00,-0.00,15.50,INHIBITED,HANDS_ON,17610,0,P,P,0.00,released,RELEASED
2026-05-27 18:38:28.580,704.9196,,slider,1,0,0.00,-0.00,15.50,INHIBITED,HANDS_ON,17620,0,P,P,0.00,released,RELEASED
2026-05-27 18:38:28.980,705.3196,,slider,1,0,0.00,-0.00,15.50,INHIBITED,HANDS_ON,17630,0,P,P,0.00,released,RELEASED
2026-05-27 18:38:29.380,705.7195,,slider,1,0,0.00,-0.00,15.50,INHIBITED,HANDS_ON,17640,0,P,P,0.00,released,RELEASED
2026-05-27 18:38:29.780,706.1196,,slider,1,0,0.00,-0.00,15.50,INHIBITED,HANDS_ON,17650,0,P,P,0.00,released,RELEASED
2026-05-27 18:38:30.180,706.5196,,slider,1,0,0.00,-0.00,15.50,INHIBITED,HANDS_ON,17660,0,P,P,0.00,released,RELEASED
2026-05-27 18:38:30.580,706.9196,,slider,1,0,0.00,-0.00,15.50,INHIBITED,HANDS_ON,17670,0,P,P,0.00,released,RELEASED
2026-05-27 18:38:30.980,707.3196,,slider,1,0,0.00,-0.00,15.50,INHIBITED,HANDS_ON,17680,0,P,P,0.00,released,RELEASED
2026-05-27 18:38:31.380,707.7197,,slider,1,0,0.00,-0.00,15.50,INHIBITED,HANDS_ON,17690,0,P,P,0.00,released,RELEASED
2026-05-27 18:38:31.780,708.1197,,slider,1,0,0.00,-0.00,15.50,INHIBITED,HANDS_ON,17700,0,P,P,0.00,released,RELEASED
2026-05-27 18:38:32.180,708.5197,,slider,1,0,0.00,-0.00,15.50,INHIBITED,HANDS_ON,17710,0,P,P,0.00,released,RELEASED
2026-05-27 18:38:32.580,708.9198,,slider,1,0,0.00,-0.00,15.50,INHIBITED,HANDS_ON,17720,0,P,P,0.00,released,RELEASED
2026-05-27 18:38:32.980,709.3199,,slider,1,0,0.00,-0.00,15.50,INHIBITED,HANDS_ON,17730,0,P,P,0.00,released,RELEASED
2026-05-27 18:38:33.380,709.7201,,slider,1,0,0.00,-0.00,15.50,INHIBITED,HANDS_ON,17740,0,P,P,0.00,released,RELEASED
2026-05-27 18:38:33.780,710.1200,,slider,1,0,0.00,-0.00,15.50,INHIBITED,HANDS_ON,17750,0,P,P,0.00,released,RELEASED
2026-05-27 18:38:34.180,710.5199,,slider,1,0,0.00,-0.00,15.50,INHIBITED,HANDS_ON,17760,0,P,P,0.00,released,RELEASED
2026-05-27 18:38:34.580,710.9200,,slider,1,0,0.00,-0.00,15.50,INHIBITED,HANDS_ON,17770,0,P,P,0.00,released,RELEASED
2026-05-27 18:38:34.980,711.3200,,slider,1,0,0.00,-0.00,15.50,INHIBITED,HANDS_ON,17780,0,P,P,0.00,released,RELEASED
2026-05-27 18:38:35.380,711.7201,,slider,1,0,0.00,-0.00,15.50,INHIBITED,HANDS_ON,17790,0,P,P,0.00,released,RELEASED
2026-05-27 18:38:35.780,712.1203,,slider,1,0,0.00,-0.00,15.50,INHIBITED,HANDS_ON,17800,0,P,P,0.00,released,RELEASED
2026-05-27 18:38:36.180,712.5204,,slider,1,0,0.00,-0.00,15.50,INHIBITED,HANDS_ON,17810,0,P,P,0.00,released,RELEASED
2026-05-27 18:38:36.580,712.9204,,slider,1,0,0.00,-0.00,15.50,INHIBITED,HANDS_ON,17820,0,P,P,0.00,released,RELEASED
2026-05-27 18:38:36.980,713.3201,,slider,1,0,0.00,-0.00,15.50,INHIBITED,HANDS_ON,17830,0,P,P,0.00,released,RELEASED
2026-05-27 18:38:37.381,713.7205,,slider,1,0,0.00,-0.00,15.50,INHIBITED,HANDS_ON,17840,0,P,P,0.00,released,RELEASED
2026-05-27 18:38:37.781,714.1205,,slider,1,0,0.00,-0.00,15.50,INHIBITED,HANDS_ON,17850,0,P,P,0.00,released,RELEASED
2026-05-27 18:38:38.180,714.5204,,slider,1,0,0.00,-0.00,15.50,INHIBITED,HANDS_ON,17860,0,P,P,0.00,released,RELEASED
2026-05-27 18:38:38.580,714.9203,,slider,1,0,0.00,-0.00,15.50,INHIBITED,HANDS_ON,17870,0,P,P,0.00,released,RELEASED
2026-05-27 18:38:38.981,715.3211,,slider,1,0,0.00,-0.00,15.50,INHIBITED,HANDS_ON,17880,0,P,P,0.00,released,RELEASED
2026-05-27 18:38:39.381,715.7208,,slider,1,0,0.00,-0.00,15.50,INHIBITED,HANDS_ON,17890,0,P,P,0.00,released,RELEASED
2026-05-27 18:38:39.781,716.1209,,slider,1,0,0.00,-0.00,15.50,INHIBITED,HANDS_ON,17900,0,P,P,0.00,released,RELEASED
2026-05-27 18:38:40.181,716.5209,,slider,1,0,0.00,-0.00,15.50,INHIBITED,HANDS_ON,17910,0,P,P,0.00,released,RELEASED
2026-05-27 18:38:40.581,716.9207,,slider,1,0,0.00,-0.00,15.50,INHIBITED,HANDS_ON,17920,0,P,P,0.00,released,RELEASED
2026-05-27 18:38:40.981,717.3209,,slider,1,0,0.00,-0.00,15.50,INHIBITED,HANDS_ON,17930,0,P,P,0.00,released,RELEASED
2026-05-27 18:38:41.381,717.7214,,slider,1,0,0.00,-0.00,15.50,INHIBITED,HANDS_ON,17940,0,P,P,0.00,released,RELEASED
2026-05-27 18:38:41.781,718.1212,,slider,1,0,0.00,-0.00,15.50,INHIBITED,HANDS_ON,17950,0,P,P,0.00,released,RELEASED
2026-05-27 18:38:42.181,718.5213,,slider,1,0,0.00,-0.00,15.50,INHIBITED,HANDS_ON,17960,0,P,P,0.00,released,RELEASED
2026-05-27 18:38:42.582,718.9215,,slider,1,0,0.00,-0.00,15.50,INHIBITED,HANDS_ON,17970,0,P,P,0.00,released,RELEASED
2026-05-27 18:38:42.981,719.3211,,slider,1,0,0.00,-0.00,15.50,INHIBITED,HANDS_ON,17980,0,P,P,0.00,released,RELEASED
2026-05-27 18:38:43.382,719.7216,,slider,1,0,0.00,-0.00,15.50,INHIBITED,HANDS_ON,17990,0,P,P,0.00,released,RELEASED
2026-05-27 18:38:43.781,720.1214,,slider,1,0,0.00,-0.00,15.50,INHIBITED,HANDS_ON,18000,0,P,P,0.00,released,RELEASED
2026-05-27 18:38:44.181,720.5212,,slider,1,0,0.00,-0.00,15.50,INHIBITED,HANDS_ON,18010,0,P,P,0.00,released,RELEASED
2026-05-27 18:38:44.581,720.9211,,slider,1,0,0.00,-0.00,15.50,INHIBITED,HANDS_ON,18020,0,P,P,0.00,released,RELEASED
2026-05-27 18:38:44.982,721.3216,,slider,1,0,0.00,-0.00,15.50,INHIBITED,HANDS_ON,18030,0,P,P,0.00,released,RELEASED
2026-05-27 18:38:45.382,721.7217,,slider,1,0,0.00,-0.00,15.50,INHIBITED,HANDS_ON,18040,0,P,P,0.00,released,RELEASED
2026-05-27 18:38:45.782,722.1217,,slider,1,0,0.00,-0.00,15.50,INHIBITED,HANDS_ON,18050,0,P,P,0.00,released,RELEASED
2026-05-27 18:38:46.182,722.5215,,slider,1,0,0.00,-0.00,15.50,INHIBITED,HANDS_ON,18060,0,P,P,0.00,released,RELEASED
2026-05-27 18:38:46.581,722.9212,,slider,1,0,0.00,-0.00,15.50,INHIBITED,HANDS_ON,18070,0,P,P,0.00,released,RELEASED
2026-05-27 18:38:46.982,723.3216,,slider,1,0,0.00,-0.00,15.50,INHIBITED,HANDS_ON,18080,0,P,P,0.00,released,RELEASED
2026-05-27 18:38:47.382,723.7223,,slider,1,0,0.00,-0.00,15.50,INHIBITED,HANDS_ON,18090,0,P,P,0.00,released,RELEASED
2026-05-27 18:38:47.782,724.1219,,slider,1,0,0.00,-0.00,15.50,INHIBITED,HANDS_ON,18100,0,P,P,0.00,released,RELEASED
2026-05-27 18:38:48.182,724.5218,,slider,1,0,0.00,-0.00,15.50,INHIBITED,HANDS_ON,18110,0,P,P,0.00,released,RELEASED
2026-05-27 18:38:48.582,724.9217,,slider,1,0,0.00,-0.00,15.50,INHIBITED,HANDS_ON,18120,0,P,P,0.00,released,RELEASED
2026-05-27 18:38:48.982,725.3220,,slider,1,0,0.00,-0.00,15.50,INHIBITED,HANDS_ON,18130,0,P,P,0.00,released,RELEASED
2026-05-27 18:38:49.382,725.7222,,slider,1,0,0.00,-0.00,15.50,INHIBITED,HANDS_ON,18140,0,P,P,0.00,released,RELEASED
2026-05-27 18:38:49.783,726.1225,,slider,1,0,0.00,-0.00,15.50,INHIBITED,HANDS_ON,18150,0,P,P,0.00,released,RELEASED
2026-05-27 18:38:50.182,726.5221,,slider,1,0,0.00,-0.00,15.50,INHIBITED,HANDS_ON,18160,0,P,P,0.00,released,RELEASED
2026-05-27 18:38:50.583,726.9225,,slider,1,0,0.00,-0.00,15.50,INHIBITED,HANDS_ON,18170,0,P,P,0.00,released,RELEASED
2026-05-27 18:38:50.982,727.3222,,slider,1,0,0.00,-0.00,15.50,INHIBITED,HANDS_ON,18180,0,P,P,0.00,released,RELEASED
2026-05-27 18:38:51.383,727.7232,,slider,1,0,0.00,-0.00,15.50,INHIBITED,HANDS_ON,18190,0,P,P,0.00,released,RELEASED
2026-05-27 18:38:51.782,728.1223,,slider,1,0,0.00,-0.00,15.50,INHIBITED,HANDS_ON,18200,0,P,P,0.00,released,RELEASED
2026-05-27 18:38:52.182,728.5223,,slider,1,0,0.00,-0.00,15.50,INHIBITED,HANDS_ON,18210,0,P,P,0.00,released,RELEASED
2026-05-27 18:38:52.583,728.9228,,slider,1,0,0.00,-0.00,15.50,INHIBITED,HANDS_ON,18220,0,P,P,0.00,released,RELEASED
2026-05-27 18:38:52.982,729.3222,,slider,1,0,0.00,-0.00,15.50,INHIBITED,HANDS_ON,18230,0,P,P,0.00,released,RELEASED
2026-05-27 18:38:53.383,729.7230,,slider,1,0,0.00,-0.00,15.50,INHIBITED,HANDS_ON,18240,0,P,P,0.00,released,RELEASED
2026-05-27 18:38:53.783,730.1225,,slider,1,0,0.00,-0.00,15.50,INHIBITED,HANDS_ON,18250,0,P,P,0.00,released,RELEASED
2026-05-27 18:38:54.182,730.5223,,slider,1,0,0.00,-0.00,15.50,INHIBITED,HANDS_ON,18260,0,P,P,0.00,released,RELEASED
2026-05-27 18:38:54.583,730.9226,,slider,1,0,0.00,-0.00,15.50,INHIBITED,HANDS_ON,18270,0,P,P,0.00,released,RELEASED
2026-05-27 18:38:54.983,731.3227,,slider,1,0,0.00,-0.00,15.50,INHIBITED,HANDS_ON,18280,0,P,P,0.00,released,RELEASED
2026-05-27 18:38:55.383,731.7230,,slider,1,0,0.00,-0.00,15.50,INHIBITED,HANDS_ON,18290,0,P,P,0.00,released,RELEASED
2026-05-27 18:38:55.783,732.1227,,slider,1,0,0.00,-0.00,15.50,INHIBITED,HANDS_ON,18300,0,P,P,0.00,released,RELEASED
2026-05-27 18:38:56.183,732.5225,,slider,1,0,0.00,-0.00,15.50,INHIBITED,HANDS_ON,18310,0,P,P,0.00,released,RELEASED
2026-05-27 18:38:56.583,732.9234,,slider,1,0,0.00,-0.00,15.50,INHIBITED,HANDS_ON,18320,0,P,P,0.00,released,RELEASED
2026-05-27 18:38:56.982,733.3222,,slider,1,0,0.00,-0.00,15.50,INHIBITED,HANDS_ON,18330,0,P,P,0.00,released,RELEASED
2026-05-27 18:38:57.383,733.7228,,slider,1,0,0.00,-0.00,15.50,INHIBITED,HANDS_ON,18340,0,P,P,0.00,released,RELEASED
2026-05-27 18:38:57.783,734.1227,,slider,1,0,0.00,-0.00,15.50,INHIBITED,HANDS_ON,18350,0,P,P,0.00,released,RELEASED
2026-05-27 18:38:58.183,734.5225,,slider,1,0,0.00,-0.00,15.50,INHIBITED,HANDS_ON,18360,0,P,P,0.00,released,RELEASED
2026-05-27 18:38:58.583,734.9229,,slider,1,0,0.00,-0.00,15.50,INHIBITED,HANDS_ON,18370,0,P,P,0.00,released,RELEASED
2026-05-27 18:38:58.983,735.3225,,slider,1,0,0.00,-0.00,15.50,INHIBITED,HANDS_ON,18380,0,P,P,0.00,released,RELEASED
2026-05-27 18:38:59.383,735.7227,,slider,1,0,0.00,-0.00,15.50,INHIBITED,HANDS_ON,18390,0,P,P,0.00,released,RELEASED
2026-05-27 18:38:59.783,736.1227,,slider,1,0,0.00,-0.00,15.50,INHIBITED,HANDS_ON,18400,0,P,P,0.00,released,RELEASED
2026-05-27 18:39:00.183,736.5227,,slider,1,0,0.00,-0.00,15.50,INHIBITED,HANDS_ON,18410,0,P,P,0.00,released,RELEASED
2026-05-27 18:39:00.583,736.9228,,slider,1,0,0.00,-0.00,15.50,INHIBITED,HANDS_ON,18420,0,P,P,0.00,released,RELEASED
2026-05-27 18:39:00.983,737.3228,,slider,1,0,0.00,-0.00,15.50,INHIBITED,HANDS_ON,18430,0,P,P,0.00,released,RELEASED
2026-05-27 18:39:01.383,737.7229,,slider,1,0,0.00,-0.00,15.50,INHIBITED,HANDS_ON,18440,0,P,P,0.00,released,RELEASED
2026-05-27 18:39:01.784,738.1237,,slider,1,0,0.00,-0.00,15.50,INHIBITED,HANDS_ON,18450,0,P,P,0.00,released,RELEASED
2026-05-27 18:39:02.183,738.5229,,slider,1,0,0.00,-0.00,15.50,INHIBITED,HANDS_ON,18460,0,P,P,0.00,released,RELEASED
2026-05-27 18:39:02.583,738.9230,,slider,1,0,0.00,-0.00,15.50,INHIBITED,HANDS_ON,18470,0,P,P,0.00,released,RELEASED
2026-05-27 18:39:02.983,739.3231,,slider,1,0,0.00,-0.00,15.50,INHIBITED,HANDS_ON,18480,0,P,P,0.00,released,RELEASED
2026-05-27 18:39:03.383,739.7230,,slider,1,0,0.00,-0.00,15.50,INHIBITED,HANDS_ON,18490,0,P,P,0.00,released,RELEASED
2026-05-27 18:39:03.783,740.1231,,slider,1,0,0.00,-0.00,15.50,INHIBITED,HANDS_ON,18500,0,P,P,0.00,released,RELEASED
2026-05-27 18:39:04.183,740.5232,,slider,1,0,0.00,-0.00,15.50,INHIBITED,HANDS_ON,18510,0,P,P,0.00,released,RELEASED
2026-05-27 18:39:04.583,740.9232,,slider,1,0,0.00,-0.00,15.50,INHIBITED,HANDS_ON,18520,0,P,P,0.00,released,RELEASED
2026-05-27 18:39:04.983,741.3231,,slider,1,0,0.00,-0.00,15.50,INHIBITED,HANDS_ON,18530,0,P,P,0.00,released,RELEASED
2026-05-27 18:39:05.383,741.7233,,slider,1,0,0.00,-0.00,15.50,INHIBITED,HANDS_ON,18540,0,P,P,0.00,released,RELEASED
2026-05-27 18:39:05.784,742.1237,,slider,1,0,0.00,-0.00,15.50,INHIBITED,HANDS_ON,18550,0,P,P,0.00,released,RELEASED
2026-05-27 18:39:06.184,742.5241,,slider,1,0,0.00,-0.00,15.50,INHIBITED,HANDS_ON,18560,0,P,P,0.00,released,RELEASED
2026-05-27 18:39:06.584,742.9237,,slider,1,0,0.00,-0.00,15.50,INHIBITED,HANDS_ON,18570,0,P,P,0.00,released,RELEASED
2026-05-27 18:39:06.984,743.3241,,slider,1,0,0.00,-0.00,15.50,INHIBITED,HANDS_ON,18580,0,P,P,0.00,released,RELEASED
2026-05-27 18:39:07.384,743.7237,,slider,1,0,0.00,-0.00,15.50,INHIBITED,HANDS_ON,18590,0,P,P,0.00,released,RELEASED
2026-05-27 18:39:07.784,744.1242,,slider,1,0,0.00,-0.00,15.50,INHIBITED,HANDS_ON,18600,0,P,P,0.00,released,RELEASED
2026-05-27 18:39:08.184,744.5242,,slider,1,0,0.00,-0.00,15.50,INHIBITED,HANDS_ON,18610,0,P,P,0.00,released,RELEASED
2026-05-27 18:39:08.584,744.9241,,slider,1,0,0.00,-0.00,15.50,INHIBITED,HANDS_ON,18620,0,P,P,0.00,released,RELEASED
2026-05-27 18:39:08.984,745.3242,,slider,1,0,0.00,-0.00,15.50,INHIBITED,HANDS_ON,18630,0,P,P,0.00,released,RELEASED
2026-05-27 18:39:09.384,745.7240,,slider,1,0,0.00,-0.00,15.50,INHIBITED,HANDS_ON,18640,0,P,P,0.00,released,RELEASED
2026-05-27 18:39:09.784,746.1244,,slider,1,0,0.00,-0.00,15.50,INHIBITED,HANDS_ON,18650,0,P,P,0.00,released,RELEASED
2026-05-27 18:39:10.184,746.5244,,slider,1,0,0.00,-0.00,15.50,INHIBITED,HANDS_ON,18660,0,P,P,0.00,released,RELEASED
2026-05-27 18:39:10.584,746.9239,,slider,1,0,0.00,-0.00,15.50,INHIBITED,HANDS_ON,18670,0,P,P,0.00,released,RELEASED
2026-05-27 18:39:10.984,747.3241,,slider,1,0,0.00,-0.00,15.50,INHIBITED,HANDS_ON,18680,0,P,P,0.00,released,RELEASED
2026-05-27 18:39:11.384,747.7242,,slider,1,0,0.00,-0.00,15.50,INHIBITED,HANDS_ON,18690,0,P,P,0.00,released,RELEASED
2026-05-27 18:39:11.784,748.1243,,slider,1,0,0.00,-0.00,15.50,INHIBITED,HANDS_ON,18700,0,P,P,0.00,released,RELEASED
2026-05-27 18:39:12.184,748.5241,,slider,1,0,0.00,-0.00,15.50,INHIBITED,HANDS_ON,18710,0,P,P,0.00,released,RELEASED
2026-05-27 18:39:12.584,748.9239,,slider,1,0,0.00,-0.00,15.50,INHIBITED,HANDS_ON,18720,0,P,P,0.00,released,RELEASED
2026-05-27 18:39:12.984,749.3244,,slider,1,0,0.00,-0.00,15.50,INHIBITED,HANDS_ON,18730,0,P,P,0.00,released,RELEASED
2026-05-27 18:39:13.384,749.7242,,slider,1,0,0.00,-0.00,15.50,INHIBITED,HANDS_ON,18740,0,P,P,0.00,released,RELEASED
2026-05-27 18:39:13.785,750.1246,,slider,1,0,0.00,-0.00,15.50,INHIBITED,HANDS_ON,18750,0,P,P,0.00,released,RELEASED
2026-05-27 18:39:14.184,750.5243,,slider,1,0,0.00,-0.00,15.50,INHIBITED,HANDS_ON,18760,0,P,P,0.00,released,RELEASED
2026-05-27 18:39:14.585,750.9245,,slider,1,0,0.00,-0.00,15.50,INHIBITED,HANDS_ON,18770,0,P,P,0.00,released,RELEASED
2026-05-27 18:39:14.984,751.3243,,slider,1,0,0.00,-0.00,15.50,INHIBITED,HANDS_ON,18780,0,P,P,0.00,released,RELEASED
2026-05-27 18:39:15.385,751.7250,,slider,1,0,0.00,-0.00,15.50,INHIBITED,HANDS_ON,18790,0,P,P,0.00,released,RELEASED
2026-05-27 18:39:15.784,752.1243,,slider,1,0,0.00,-0.00,15.50,INHIBITED,HANDS_ON,18800,0,P,P,0.00,released,RELEASED
2026-05-27 18:39:16.184,752.5243,,slider,1,0,0.00,-0.00,15.50,INHIBITED,HANDS_ON,18810,0,P,P,0.00,released,RELEASED
2026-05-27 18:39:16.585,752.9248,,slider,1,0,0.00,-0.00,15.50,INHIBITED,HANDS_ON,18820,0,P,P,0.00,released,RELEASED
2026-05-27 18:39:16.985,753.3247,,slider,1,0,0.00,-0.00,15.50,INHIBITED,HANDS_ON,18830,0,P,P,0.00,released,RELEASED
2026-05-27 18:39:17.385,753.7245,,slider,1,0,0.00,-0.00,15.50,INHIBITED,HANDS_ON,18840,0,P,P,0.00,released,RELEASED
2026-05-27 18:39:17.785,754.1246,,slider,1,0,0.00,-0.00,15.50,INHIBITED,HANDS_ON,18850,0,P,P,0.00,released,RELEASED
2026-05-27 18:39:18.185,754.5246,,slider,1,0,0.00,-0.00,15.50,INHIBITED,HANDS_ON,18860,0,P,P,0.00,released,RELEASED
2026-05-27 18:39:18.585,754.9246,,slider,1,0,0.00,-0.00,15.50,INHIBITED,HANDS_ON,18870,0,P,P,0.00,released,RELEASED
2026-05-27 18:39:18.985,755.3247,,slider,1,0,0.00,-0.00,15.50,INHIBITED,HANDS_ON,18880,0,P,P,0.00,released,RELEASED
2026-05-27 18:39:19.385,755.7249,,slider,1,0,0.00,-0.00,15.50,INHIBITED,HANDS_ON,18890,0,P,P,0.00,released,RELEASED
2026-05-27 18:39:19.785,756.1247,,slider,1,0,0.00,-0.00,15.50,INHIBITED,HANDS_ON,18900,0,P,P,0.00,released,RELEASED
2026-05-27 18:39:20.185,756.5248,,slider,1,0,0.00,-0.00,15.50,INHIBITED,HANDS_ON,18910,0,P,P,0.00,released,RELEASED
2026-05-27 18:39:20.585,756.9249,,slider,1,0,0.00,-0.00,15.50,INHIBITED,HANDS_ON,18920,0,P,P,0.00,released,RELEASED
2026-05-27 18:39:20.985,757.3247,,slider,1,0,0.00,-0.00,15.50,INHIBITED,HANDS_ON,18930,0,P,P,0.00,released,RELEASED
2026-05-27 18:39:21.385,757.7247,,slider,1,0,0.00,-0.00,15.50,INHIBITED,HANDS_ON,18940,0,P,P,0.00,released,RELEASED
2026-05-27 18:39:21.785,758.1248,,slider,1,0,0.00,-0.00,15.50,INHIBITED,HANDS_ON,18950,0,P,P,0.00,released,RELEASED
2026-05-27 18:39:22.185,758.5248,,slider,1,0,0.00,-0.00,15.50,INHIBITED,HANDS_ON,18960,0,P,P,0.00,released,RELEASED
2026-05-27 18:39:22.585,758.9247,,slider,1,0,0.00,-0.00,15.50,INHIBITED,HANDS_ON,18970,0,P,P,0.00,released,RELEASED
2026-05-27 18:39:22.984,759.3243,,slider,1,0,0.00,-0.00,15.50,INHIBITED,HANDS_ON,18980,0,P,P,0.00,released,RELEASED
2026-05-27 18:39:23.384,759.7244,,slider,1,0,0.00,-0.00,15.50,INHIBITED,HANDS_ON,18990,0,P,P,0.00,released,RELEASED
2026-05-27 18:39:23.785,760.1245,,slider,1,0,0.00,-0.00,15.50,INHIBITED,HANDS_ON,19000,0,P,P,0.00,released,RELEASED
2026-05-27 18:39:24.184,760.5244,,slider,1,0,0.00,-0.00,15.50,INHIBITED,HANDS_ON,19010,0,P,P,0.00,released,RELEASED
2026-05-27 18:39:24.585,760.9246,,slider,1,0,0.00,-0.00,15.50,INHIBITED,HANDS_ON,19020,0,P,P,0.00,released,RELEASED
2026-05-27 18:39:24.985,761.3246,,slider,1,0,0.00,-0.00,15.50,INHIBITED,HANDS_ON,19030,0,P,P,0.00,released,RELEASED
2026-05-27 18:39:25.385,761.7247,,slider,1,0,0.00,-0.00,15.50,INHIBITED,HANDS_ON,19040,0,P,P,0.00,released,RELEASED
2026-05-27 18:39:25.785,762.1248,,slider,1,0,0.00,-0.00,15.50,INHIBITED,HANDS_ON,19050,0,P,P,0.00,released,RELEASED
2026-05-27 18:39:26.185,762.5251,,slider,1,0,0.00,-0.00,15.50,INHIBITED,HANDS_ON,19060,0,P,P,0.00,released,RELEASED
2026-05-27 18:39:26.585,762.9247,,slider,1,0,0.00,-0.00,15.50,INHIBITED,HANDS_ON,19070,0,P,P,0.00,released,RELEASED
2026-05-27 18:39:26.985,763.3248,,slider,1,0,0.00,-0.00,15.50,INHIBITED,HANDS_ON,19080,0,P,P,0.00,released,RELEASED
2026-05-27 18:39:27.386,763.7258,,slider,1,0,0.00,-0.00,15.50,INHIBITED,HANDS_ON,19090,0,P,P,0.00,released,RELEASED
2026-05-27 18:39:27.785,764.1252,,slider,1,0,0.00,-0.00,15.50,INHIBITED,HANDS_ON,19100,0,P,P,0.00,released,RELEASED
2026-05-27 18:39:28.185,764.5254,,slider,1,0,0.00,-0.00,15.50,INHIBITED,HANDS_ON,19110,0,P,P,0.00,released,RELEASED
2026-05-27 18:39:28.585,764.9254,,slider,1,0,0.00,-0.00,15.50,INHIBITED,HANDS_ON,19120,0,P,P,0.00,released,RELEASED
2026-05-27 18:39:28.985,765.3254,,slider,1,0,0.00,-0.00,15.50,INHIBITED,HANDS_ON,19130,0,P,P,0.00,released,RELEASED
2026-05-27 18:39:29.386,765.7259,,slider,1,0,0.00,-0.00,15.50,INHIBITED,HANDS_ON,19140,0,P,P,0.00,released,RELEASED
2026-05-27 18:39:29.785,766.1253,,slider,1,0,0.00,-0.00,15.50,INHIBITED,HANDS_ON,19150,0,P,P,0.00,released,RELEASED
2026-05-27 18:39:30.185,766.5252,,slider,1,0,0.00,-0.00,15.50,INHIBITED,HANDS_ON,19160,0,P,P,0.00,released,RELEASED
2026-05-27 18:39:30.585,766.9253,,slider,1,0,0.00,-0.00,15.50,INHIBITED,HANDS_ON,19170,0,P,P,0.00,released,RELEASED
2026-05-27 18:39:30.985,767.3251,,slider,1,0,0.00,-0.00,15.50,INHIBITED,HANDS_ON,19180,0,P,P,0.00,released,RELEASED
2026-05-27 18:39:31.385,767.7254,,slider,1,0,0.00,-0.00,15.50,INHIBITED,HANDS_ON,19190,0,P,P,0.00,released,RELEASED
2026-05-27 18:39:31.785,768.1254,,slider,1,0,0.00,-0.00,15.50,INHIBITED,HANDS_ON,19200,0,P,P,0.00,released,RELEASED
2026-05-27 18:39:32.186,768.5256,,slider,1,0,0.00,-0.00,15.50,INHIBITED,HANDS_ON,19210,0,P,P,0.00,released,RELEASED
2026-05-27 18:39:32.585,768.9255,,slider,1,0,0.00,-0.00,15.50,INHIBITED,HANDS_ON,19220,0,P,P,0.00,released,RELEASED
2026-05-27 18:39:32.986,769.3256,,slider,1,0,0.00,-0.00,15.50,INHIBITED,HANDS_ON,19230,0,P,P,0.00,released,RELEASED
2026-05-27 18:39:33.385,769.7254,,slider,1,0,0.00,-0.00,15.50,INHIBITED,HANDS_ON,19240,0,P,P,0.00,released,RELEASED
2026-05-27 18:39:33.786,770.1256,,slider,1,0,0.00,-0.00,15.50,INHIBITED,HANDS_ON,19250,0,P,P,0.00,released,RELEASED
2026-05-27 18:39:34.186,770.5256,,slider,1,0,0.00,-0.00,15.50,INHIBITED,HANDS_ON,19260,0,P,P,0.00,released,RELEASED
2026-05-27 18:39:34.586,770.9260,,slider,1,0,0.00,-0.00,15.50,INHIBITED,HANDS_ON,19270,0,P,P,0.00,released,RELEASED
2026-05-27 18:39:34.986,771.3256,,slider,1,0,0.00,-0.00,15.50,INHIBITED,HANDS_ON,19280,0,P,P,0.00,released,RELEASED
2026-05-27 18:39:35.386,771.7260,,slider,1,0,0.00,-0.00,15.50,INHIBITED,HANDS_ON,19290,0,P,P,0.00,released,RELEASED
2026-05-27 18:39:35.786,772.1263,,slider,1,0,0.00,-0.00,15.50,INHIBITED,HANDS_ON,19300,0,P,P,0.00,released,RELEASED
2026-05-27 18:39:36.186,772.5262,,slider,1,0,0.00,-0.00,15.50,INHIBITED,HANDS_ON,19310,0,P,P,0.00,released,RELEASED
2026-05-27 18:39:36.586,772.9260,,slider,1,0,0.00,-0.00,15.50,INHIBITED,HANDS_ON,19320,0,P,P,0.00,released,RELEASED
2026-05-27 18:39:36.987,773.3265,,slider,1,0,0.00,-0.00,15.50,INHIBITED,HANDS_ON,19330,0,P,P,0.00,released,RELEASED
2026-05-27 18:39:37.386,773.7263,,slider,1,0,0.00,-0.00,15.50,INHIBITED,HANDS_ON,19340,0,P,P,0.00,released,RELEASED
2026-05-27 18:39:37.787,774.1269,,slider,1,0,0.00,-0.00,15.50,INHIBITED,HANDS_ON,19350,0,P,P,0.00,released,RELEASED
2026-05-27 18:39:38.187,774.5268,,slider,1,0,0.00,-0.00,15.50,INHIBITED,HANDS_ON,19360,0,P,P,0.00,released,RELEASED
2026-05-27 18:39:38.586,774.9263,,slider,1,0,0.00,-0.00,15.50,INHIBITED,HANDS_ON,19370,0,P,P,0.00,released,RELEASED
2026-05-27 18:39:38.987,775.3268,,slider,1,0,0.00,-0.00,15.50,INHIBITED,HANDS_ON,19380,0,P,P,0.00,released,RELEASED
2026-05-27 18:39:39.386,775.7264,,slider,1,0,0.00,-0.00,15.50,INHIBITED,HANDS_ON,19390,0,P,P,0.00,released,RELEASED
2026-05-27 18:39:39.787,776.1270,,slider,1,0,0.00,-0.00,15.50,INHIBITED,HANDS_ON,19400,0,P,P,0.00,released,RELEASED
2026-05-27 18:39:40.187,776.5270,,slider,1,0,0.00,-0.00,15.50,INHIBITED,HANDS_ON,19410,0,P,P,0.00,released,RELEASED
2026-05-27 18:39:40.587,776.9268,,slider,1,0,0.00,-0.00,15.50,INHIBITED,HANDS_ON,19420,0,P,P,0.00,released,RELEASED
2026-05-27 18:39:40.986,777.3264,,slider,1,0,0.00,-0.00,15.50,INHIBITED,HANDS_ON,19430,0,P,P,0.00,released,RELEASED
2026-05-27 18:39:41.387,777.7265,,slider,1,0,0.00,-0.00,15.50,INHIBITED,HANDS_ON,19440,0,P,P,0.00,released,RELEASED
2026-05-27 18:39:41.787,778.1272,,slider,1,0,0.00,-0.00,15.50,INHIBITED,HANDS_ON,19450,0,P,P,0.00,released,RELEASED
2026-05-27 18:39:42.187,778.5269,,slider,1,0,0.00,-0.00,15.50,INHIBITED,HANDS_ON,19460,0,P,P,0.00,released,RELEASED
2026-05-27 18:39:42.587,778.9270,,slider,1,0,0.00,-0.00,15.50,INHIBITED,HANDS_ON,19470,0,P,P,0.00,released,RELEASED
2026-05-27 18:39:42.987,779.3273,,slider,1,0,0.00,-0.00,15.50,INHIBITED,HANDS_ON,19480,0,P,P,0.00,released,RELEASED
2026-05-27 18:39:43.387,779.7271,,slider,1,0,0.00,-0.00,15.50,INHIBITED,HANDS_ON,19490,0,P,P,0.00,released,RELEASED
2026-05-27 18:39:43.787,780.1273,,slider,1,0,0.00,-0.00,15.50,INHIBITED,HANDS_ON,19500,0,P,P,0.00,released,RELEASED
2026-05-27 18:39:44.187,780.5274,,slider,1,0,0.00,-0.00,15.50,INHIBITED,HANDS_ON,19510,0,P,P,0.00,released,RELEASED
2026-05-27 18:39:44.587,780.9274,,slider,1,0,0.00,-0.00,15.50,INHIBITED,HANDS_ON,19520,0,P,P,0.00,released,RELEASED
2026-05-27 18:39:44.987,781.3272,,slider,1,0,0.00,-0.00,15.50,INHIBITED,HANDS_ON,19530,0,P,P,0.00,released,RELEASED
2026-05-27 18:39:45.388,781.7275,,slider,1,0,0.00,-0.00,15.50,INHIBITED,HANDS_ON,19540,0,P,P,0.00,released,RELEASED
2026-05-27 18:39:45.787,782.1271,,slider,1,0,0.00,-0.00,15.50,INHIBITED,HANDS_ON,19550,0,P,P,0.00,released,RELEASED
2026-05-27 18:39:46.187,782.5272,,slider,1,0,0.00,-0.00,15.50,INHIBITED,HANDS_ON,19560,0,P,P,0.00,released,RELEASED
2026-05-27 18:39:46.588,782.9277,,slider,1,0,0.00,-0.00,15.50,INHIBITED,HANDS_ON,19570,0,P,P,0.00,released,RELEASED
2026-05-27 18:39:46.987,783.3274,,slider,1,0,0.00,-0.00,15.50,INHIBITED,HANDS_ON,19580,0,P,P,0.00,released,RELEASED
2026-05-27 18:39:47.388,783.7281,,slider,1,0,0.00,-0.00,15.50,INHIBITED,HANDS_ON,19590,0,P,P,0.00,released,RELEASED
2026-05-27 18:39:47.788,784.1275,,slider,1,0,0.00,-0.00,15.50,INHIBITED,HANDS_ON,19600,0,P,P,0.00,released,RELEASED
2026-05-27 18:39:48.188,784.5277,,slider,1,0,0.00,-0.00,15.50,INHIBITED,HANDS_ON,19610,0,P,P,0.00,released,RELEASED
2026-05-27 18:39:48.588,784.9275,,slider,1,0,0.00,-0.00,15.50,INHIBITED,HANDS_ON,19620,0,P,P,0.00,released,RELEASED
2026-05-27 18:39:48.987,785.3273,,slider,1,0,0.00,-0.00,15.50,INHIBITED,HANDS_ON,19630,0,P,P,0.00,released,RELEASED
2026-05-27 18:39:49.388,785.7282,,slider,1,0,0.00,-0.00,15.50,INHIBITED,HANDS_ON,19640,0,P,P,0.00,released,RELEASED
2026-05-27 18:39:49.788,786.1279,,slider,1,0,0.00,-0.00,15.50,INHIBITED,HANDS_ON,19650,0,P,P,0.00,released,RELEASED
2026-05-27 18:39:50.188,786.5277,,slider,1,0,0.00,-0.00,15.50,INHIBITED,HANDS_ON,19660,0,P,P,0.00,released,RELEASED
2026-05-27 18:39:50.587,786.9274,,slider,1,0,0.00,-0.00,15.50,INHIBITED,HANDS_ON,19670,0,P,P,0.00,released,RELEASED
2026-05-27 18:39:50.988,787.3276,,slider,1,0,0.00,-0.00,15.50,INHIBITED,HANDS_ON,19680,0,P,P,0.00,released,RELEASED
2026-05-27 18:39:51.388,787.7282,,slider,1,0,0.00,-0.00,15.50,INHIBITED,HANDS_ON,19690,0,P,P,0.00,released,RELEASED
2026-05-27 18:39:51.788,788.1277,,slider,1,0,0.00,-0.00,15.50,INHIBITED,HANDS_ON,19700,0,P,P,0.00,released,RELEASED
2026-05-27 18:39:52.188,788.5276,,slider,1,0,0.00,-0.00,15.50,INHIBITED,HANDS_ON,19710,0,P,P,0.00,released,RELEASED
2026-05-27 18:39:52.588,788.9280,,slider,1,0,0.00,-0.00,15.50,INHIBITED,HANDS_ON,19720,0,P,P,0.00,released,RELEASED
2026-05-27 18:39:52.988,789.3280,,slider,1,0,0.00,-0.00,15.50,INHIBITED,HANDS_ON,19730,0,P,P,0.00,released,RELEASED
2026-05-27 18:39:53.388,789.7281,,slider,1,0,0.00,-0.00,15.50,INHIBITED,HANDS_ON,19740,0,P,P,0.00,released,RELEASED
2026-05-27 18:39:53.788,790.1281,,slider,1,0,0.00,-0.00,15.50,INHIBITED,HANDS_ON,19750,0,P,P,0.00,released,RELEASED
2026-05-27 18:39:54.188,790.5280,,slider,1,0,0.00,-0.00,15.50,INHIBITED,HANDS_ON,19760,0,P,P,0.00,released,RELEASED
2026-05-27 18:39:54.588,790.9284,,slider,1,0,0.00,-0.00,15.50,INHIBITED,HANDS_ON,19770,0,P,P,0.00,released,RELEASED
2026-05-27 18:39:54.988,791.3281,,slider,1,0,0.00,-0.00,15.50,INHIBITED,HANDS_ON,19780,0,P,P,0.00,released,RELEASED
2026-05-27 18:39:55.388,791.7283,,slider,1,0,0.00,-0.00,15.50,INHIBITED,HANDS_ON,19790,0,P,P,0.00,released,RELEASED
2026-05-27 18:39:55.788,792.1281,,slider,1,0,0.00,-0.00,15.50,INHIBITED,HANDS_ON,19800,0,P,P,0.00,released,RELEASED
2026-05-27 18:39:56.188,792.5282,,slider,1,0,0.00,-0.00,15.50,INHIBITED,HANDS_ON,19810,0,P,P,0.00,released,RELEASED
2026-05-27 18:39:56.588,792.9284,,slider,1,0,0.00,-0.00,15.50,INHIBITED,HANDS_ON,19820,0,P,P,0.00,released,RELEASED
2026-05-27 18:39:56.988,793.3283,,slider,1,0,0.00,-0.00,15.50,INHIBITED,HANDS_ON,19830,0,P,P,0.00,released,RELEASED
2026-05-27 18:39:57.389,793.7288,,slider,1,0,0.00,-0.00,15.50,INHIBITED,HANDS_ON,19840,0,P,P,0.00,released,RELEASED
2026-05-27 18:39:57.789,794.1285,,slider,1,0,0.00,-0.00,15.50,INHIBITED,HANDS_ON,19850,0,P,P,0.00,released,RELEASED
2026-05-27 18:39:58.189,794.5285,,slider,1,0,0.00,-0.00,15.50,INHIBITED,HANDS_ON,19860,0,P,P,0.00,released,RELEASED
2026-05-27 18:39:58.589,794.9288,,slider,1,0,0.00,-0.00,15.50,INHIBITED,HANDS_ON,19870,0,P,P,0.00,released,RELEASED
2026-05-27 18:39:58.988,795.3283,,slider,1,0,0.00,-0.00,15.50,INHIBITED,HANDS_ON,19880,0,P,P,0.00,released,RELEASED
2026-05-27 18:39:59.389,795.7289,,slider,1,0,0.00,-0.00,15.50,INHIBITED,HANDS_ON,19890,0,P,P,0.00,released,RELEASED
2026-05-27 18:39:59.789,796.1286,,slider,1,0,0.00,-0.00,15.50,INHIBITED,HANDS_ON,19900,0,P,P,0.00,released,RELEASED
2026-05-27 18:40:00.189,796.5286,,slider,1,0,0.00,-0.00,15.50,INHIBITED,HANDS_ON,19910,0,P,P,0.00,released,RELEASED
2026-05-27 18:40:00.589,796.9287,,slider,1,0,0.00,-0.00,15.50,INHIBITED,HANDS_ON,19920,0,P,P,0.00,released,RELEASED
2026-05-27 18:40:00.989,797.3287,,slider,1,0,0.00,-0.00,15.50,INHIBITED,HANDS_ON,19930,0,P,P,0.00,released,RELEASED
2026-05-27 18:40:01.389,797.7291,,slider,1,0,0.00,-0.00,15.50,INHIBITED,HANDS_ON,19940,0,P,P,0.00,released,RELEASED
2026-05-27 18:40:01.788,798.1281,,slider,1,0,0.00,-0.00,15.50,INHIBITED,HANDS_ON,19950,0,P,P,0.00,released,RELEASED
2026-05-27 18:40:02.188,798.5283,,slider,1,0,0.00,-0.00,15.50,INHIBITED,HANDS_ON,19960,0,P,P,0.00,released,RELEASED
2026-05-27 18:40:02.589,798.9287,,slider,1,0,0.00,-0.00,15.50,INHIBITED,HANDS_ON,19970,0,P,P,0.00,released,RELEASED
2026-05-27 18:40:02.988,799.3282,,slider,1,0,0.00,-0.00,15.50,INHIBITED,HANDS_ON,19980,0,P,P,0.00,released,RELEASED
2026-05-27 18:40:03.388,799.7283,,slider,1,0,0.00,-0.00,15.50,INHIBITED,HANDS_ON,19990,0,P,P,0.00,released,RELEASED
2026-05-27 18:40:03.788,800.1283,,slider,1,0,0.00,-0.00,15.50,INHIBITED,HANDS_ON,20000,0,P,P,0.00,released,RELEASED
2026-05-27 18:40:04.189,800.5288,,slider,1,0,0.00,-0.00,15.50,INHIBITED,HANDS_ON,20010,0,P,P,0.00,released,RELEASED
2026-05-27 18:40:04.589,800.9292,,slider,1,0,0.00,-0.00,15.50,INHIBITED,HANDS_ON,20020,0,P,P,0.00,released,RELEASED
2026-05-27 18:40:04.989,801.3287,,slider,1,0,0.00,-0.00,15.50,INHIBITED,HANDS_ON,20030,0,P,P,0.00,released,RELEASED
2026-05-27 18:40:05.389,801.7288,,slider,1,0,0.00,-0.00,15.50,INHIBITED,HANDS_ON,20040,0,P,P,0.00,released,RELEASED
2026-05-27 18:40:05.789,802.1287,,slider,1,0,0.00,-0.00,15.50,INHIBITED,HANDS_ON,20050,0,P,P,0.00,released,RELEASED
2026-05-27 18:40:06.189,802.5288,,slider,1,0,0.00,-0.00,15.50,INHIBITED,HANDS_ON,20060,0,P,P,0.00,released,RELEASED
2026-05-27 18:40:06.589,802.9294,,slider,1,0,0.00,-0.00,15.50,INHIBITED,HANDS_ON,20070,0,P,P,0.00,released,RELEASED
2026-05-27 18:40:06.989,803.3290,,slider,1,0,0.00,-0.00,15.50,INHIBITED,HANDS_ON,20080,0,P,P,0.00,released,RELEASED
2026-05-27 18:40:07.389,803.7290,,slider,1,0,0.00,-0.00,15.50,INHIBITED,HANDS_ON,20090,0,P,P,0.00,released,RELEASED
2026-05-27 18:40:07.789,804.1290,,slider,1,0,0.00,-0.00,15.50,INHIBITED,HANDS_ON,20100,0,P,P,0.00,released,RELEASED
2026-05-27 18:40:08.189,804.5291,,slider,1,0,0.00,-0.00,15.50,INHIBITED,HANDS_ON,20110,0,P,P,0.00,released,RELEASED
2026-05-27 18:40:08.589,804.9294,,slider,1,0,0.00,-0.00,15.50,INHIBITED,HANDS_ON,20120,0,P,P,0.00,released,RELEASED
2026-05-27 18:40:08.989,805.3292,,slider,1,0,0.00,-0.00,15.50,INHIBITED,HANDS_ON,20130,0,P,P,0.00,released,RELEASED
2026-05-27 18:40:09.389,805.7292,,slider,1,0,0.00,-0.00,15.50,INHIBITED,HANDS_ON,20140,0,P,P,0.00,released,RELEASED
2026-05-27 18:40:09.789,806.1293,,slider,1,0,0.00,-0.00,15.50,INHIBITED,HANDS_ON,20150,0,P,P,0.00,released,RELEASED
2026-05-27 18:40:10.189,806.5292,,slider,1,0,0.00,-0.00,15.50,INHIBITED,HANDS_ON,20160,0,P,P,0.00,released,RELEASED
2026-05-27 18:40:10.589,806.9294,,slider,1,0,0.00,-0.00,15.50,INHIBITED,HANDS_ON,20170,0,P,P,0.00,released,RELEASED
2026-05-27 18:40:10.989,807.3291,,slider,1,0,0.00,-0.00,15.50,INHIBITED,HANDS_ON,20180,0,P,P,0.00,released,RELEASED
2026-05-27 18:40:11.389,807.7294,,slider,1,0,0.00,-0.00,15.50,INHIBITED,HANDS_ON,20190,0,P,P,0.00,released,RELEASED
2026-05-27 18:40:11.789,808.1293,,slider,1,0,0.00,-0.00,15.50,INHIBITED,HANDS_ON,20200,0,P,P,0.00,released,RELEASED
2026-05-27 18:40:12.189,808.5294,,slider,1,0,0.00,-0.00,15.50,INHIBITED,HANDS_ON,20210,0,P,P,0.00,released,RELEASED
2026-05-27 18:40:12.589,808.9293,,slider,1,0,0.00,-0.00,15.50,INHIBITED,HANDS_ON,20220,0,P,P,0.00,released,RELEASED
2026-05-27 18:40:12.990,809.3295,,slider,1,0,0.00,-0.00,15.50,INHIBITED,HANDS_ON,20230,0,P,P,0.00,released,RELEASED
2026-05-27 18:40:13.390,809.7295,,slider,1,0,0.00,-0.00,15.50,INHIBITED,HANDS_ON,20240,0,P,P,0.00,released,RELEASED
2026-05-27 18:40:13.790,810.1295,,slider,1,0,0.00,-0.00,15.50,INHIBITED,HANDS_ON,20250,0,P,P,0.00,released,RELEASED
2026-05-27 18:40:14.190,810.5296,,slider,1,0,0.00,-0.00,15.50,INHIBITED,HANDS_ON,20260,0,P,P,0.00,released,RELEASED
2026-05-27 18:40:14.590,810.9296,,slider,1,0,0.00,-0.00,15.50,INHIBITED,HANDS_ON,20270,0,P,P,0.00,released,RELEASED
2026-05-27 18:40:14.990,811.3295,,slider,1,0,0.00,-0.00,15.50,INHIBITED,HANDS_ON,20280,0,P,P,0.00,released,RELEASED
2026-05-27 18:40:15.390,811.7296,,slider,1,0,0.00,-0.00,15.50,INHIBITED,HANDS_ON,20290,0,P,P,0.00,released,RELEASED
2026-05-27 18:40:15.790,812.1296,,slider,1,0,0.00,-0.00,15.50,INHIBITED,HANDS_ON,20300,0,P,P,0.00,released,RELEASED
2026-05-27 18:40:16.190,812.5300,,slider,1,0,0.00,-0.00,15.50,INHIBITED,HANDS_ON,20310,0,P,P,0.00,released,RELEASED
2026-05-27 18:40:16.590,812.9299,,slider,1,0,0.00,-0.00,15.50,INHIBITED,HANDS_ON,20320,0,P,P,0.00,released,RELEASED
2026-05-27 18:40:16.990,813.3299,,slider,1,0,0.00,-0.00,15.50,INHIBITED,HANDS_ON,20330,0,P,P,0.00,released,RELEASED
2026-05-27 18:40:17.390,813.7302,,slider,1,0,0.00,-0.00,15.50,INHIBITED,HANDS_ON,20340,0,P,P,0.00,released,RELEASED
2026-05-27 18:40:17.790,814.1300,,slider,1,0,0.00,-0.00,15.50,INHIBITED,HANDS_ON,20350,0,P,P,0.00,released,RELEASED
2026-05-27 18:40:18.190,814.5301,,slider,1,0,0.00,-0.00,15.50,INHIBITED,HANDS_ON,20360,0,P,P,0.00,released,RELEASED
2026-05-27 18:40:18.590,814.9300,,slider,1,0,0.00,-0.00,15.50,INHIBITED,HANDS_ON,20370,0,P,P,0.00,released,RELEASED
2026-05-27 18:40:18.990,815.3301,,slider,1,0,0.00,-0.00,15.50,INHIBITED,HANDS_ON,20380,0,P,P,0.00,released,RELEASED
2026-05-27 18:40:19.390,815.7304,,slider,1,0,0.00,-0.00,15.50,INHIBITED,HANDS_ON,20390,0,P,P,0.00,released,RELEASED
2026-05-27 18:40:19.790,816.1302,,slider,1,0,0.00,-0.00,15.50,INHIBITED,HANDS_ON,20400,0,P,P,0.00,released,RELEASED
2026-05-27 18:40:20.190,816.5302,,slider,1,0,0.00,-0.00,15.50,INHIBITED,HANDS_ON,20410,0,P,P,0.00,released,RELEASED
2026-05-27 18:40:20.590,816.9301,,slider,1,0,0.00,-0.00,15.50,INHIBITED,HANDS_ON,20420,0,P,P,0.00,released,RELEASED
2026-05-27 18:40:20.990,817.3301,,slider,1,0,0.00,-0.00,15.50,INHIBITED,HANDS_ON,20430,0,P,P,0.00,released,RELEASED
2026-05-27 18:40:21.390,817.7301,,slider,1,0,0.00,-0.00,15.50,INHIBITED,HANDS_ON,20440,0,P,P,0.00,released,RELEASED
2026-05-27 18:40:21.790,818.1302,,slider,1,0,0.00,-0.00,15.50,INHIBITED,HANDS_ON,20450,0,P,P,0.00,released,RELEASED
2026-05-27 18:40:22.190,818.5303,,slider,1,0,0.00,-0.00,15.50,INHIBITED,HANDS_ON,20460,0,P,P,0.00,released,RELEASED
2026-05-27 18:40:22.590,818.9302,,slider,1,0,0.00,-0.00,15.50,INHIBITED,HANDS_ON,20470,0,P,P,0.00,released,RELEASED
2026-05-27 18:40:22.990,819.3303,,slider,1,0,0.00,-0.00,15.50,INHIBITED,HANDS_ON,20480,0,P,P,0.00,released,RELEASED
2026-05-27 18:40:23.390,819.7303,,slider,1,0,0.00,-0.00,15.50,INHIBITED,HANDS_ON,20490,0,P,P,0.00,released,RELEASED
2026-05-27 18:40:23.790,820.1304,,slider,1,0,0.00,-0.00,15.50,INHIBITED,HANDS_ON,20500,0,P,P,0.00,released,RELEASED
2026-05-27 18:40:24.190,820.5304,,slider,1,0,0.00,-0.00,15.50,INHIBITED,HANDS_ON,20510,0,P,P,0.00,released,RELEASED
2026-05-27 18:40:24.591,820.9310,,slider,1,0,0.00,-0.00,15.50,INHIBITED,HANDS_ON,20520,0,P,P,0.00,released,RELEASED
2026-05-27 18:40:24.991,821.3306,,slider,1,0,0.00,-0.00,15.50,INHIBITED,HANDS_ON,20530,0,P,P,0.00,released,RELEASED
2026-05-27 18:40:25.391,821.7306,,slider,1,0,0.00,-0.00,15.50,INHIBITED,HANDS_ON,20540,0,P,P,0.00,released,RELEASED
2026-05-27 18:40:25.791,822.1307,,slider,1,0,0.00,-0.00,15.50,INHIBITED,HANDS_ON,20550,0,P,P,0.00,released,RELEASED
2026-05-27 18:40:26.191,822.5309,,slider,1,0,0.00,-0.00,15.50,INHIBITED,HANDS_ON,20560,0,P,P,0.00,released,RELEASED
2026-05-27 18:40:26.591,822.9309,,slider,1,0,0.00,-0.00,15.50,INHIBITED,HANDS_ON,20570,0,P,P,0.00,released,RELEASED
2026-05-27 18:40:26.991,823.3307,,slider,1,0,0.00,-0.00,15.50,INHIBITED,HANDS_ON,20580,0,P,P,0.00,released,RELEASED
2026-05-27 18:40:27.391,823.7310,,slider,1,0,0.00,-0.00,15.50,INHIBITED,HANDS_ON,20590,0,P,P,0.00,released,RELEASED
2026-05-27 18:40:27.791,824.1310,,slider,1,0,0.00,-0.00,15.50,INHIBITED,HANDS_ON,20600,0,P,P,0.00,released,RELEASED
2026-05-27 18:40:28.191,824.5309,,slider,1,0,0.00,-0.00,15.50,INHIBITED,HANDS_ON,20610,0,P,P,0.00,released,RELEASED
2026-05-27 18:40:28.591,824.9310,,slider,1,0,0.00,-0.00,15.50,INHIBITED,HANDS_ON,20620,0,P,P,0.00,released,RELEASED
2026-05-27 18:40:28.991,825.3309,,slider,1,0,0.00,-0.00,15.50,INHIBITED,HANDS_ON,20630,0,P,P,0.00,released,RELEASED
2026-05-27 18:40:29.391,825.7311,,slider,1,0,0.00,-0.00,15.50,INHIBITED,HANDS_ON,20640,0,P,P,0.00,released,RELEASED
2026-05-27 18:40:29.791,826.1311,,slider,1,0,0.00,-0.00,15.50,INHIBITED,HANDS_ON,20650,0,P,P,0.00,released,RELEASED
2026-05-27 18:40:30.191,826.5311,,slider,1,0,0.00,-0.00,15.50,INHIBITED,HANDS_ON,20660,0,P,P,0.00,released,RELEASED
2026-05-27 18:40:30.591,826.9312,,slider,1,0,0.00,-0.00,15.50,INHIBITED,HANDS_ON,20670,0,P,P,0.00,released,RELEASED
2026-05-27 18:40:30.991,827.3312,,slider,1,0,0.00,-0.00,15.50,INHIBITED,HANDS_ON,20680,0,P,P,0.00,released,RELEASED
2026-05-27 18:40:31.391,827.7312,,slider,1,0,0.00,-0.00,15.50,INHIBITED,HANDS_ON,20690,0,P,P,0.00,released,RELEASED
2026-05-27 18:40:31.791,828.1313,,slider,1,0,0.00,-0.00,15.50,INHIBITED,HANDS_ON,20700,0,P,P,0.00,released,RELEASED
2026-05-27 18:40:32.191,828.5314,,slider,1,0,0.00,-0.00,15.50,INHIBITED,HANDS_ON,20710,0,P,P,0.00,released,RELEASED
2026-05-27 18:40:32.591,828.9315,,slider,1,0,0.00,-0.00,15.50,INHIBITED,HANDS_ON,20720,0,P,P,0.00,released,RELEASED
2026-05-27 18:40:32.991,829.3315,,slider,1,0,0.00,-0.00,15.50,INHIBITED,HANDS_ON,20730,0,P,P,0.00,released,RELEASED
2026-05-27 18:40:33.391,829.7313,,slider,1,0,0.00,-0.00,15.50,INHIBITED,HANDS_ON,20740,0,P,P,0.00,released,RELEASED
2026-05-27 18:40:33.791,830.1314,,slider,1,0,0.00,-0.00,15.50,INHIBITED,HANDS_ON,20750,0,P,P,0.00,released,RELEASED
2026-05-27 18:40:34.191,830.5314,,slider,1,0,0.00,-0.00,15.50,INHIBITED,HANDS_ON,20760,0,P,P,0.00,released,RELEASED
2026-05-27 18:40:34.591,830.9313,,slider,1,0,0.00,-0.00,15.50,INHIBITED,HANDS_ON,20770,0,P,P,0.00,released,RELEASED
2026-05-27 18:40:34.992,831.3317,,slider,1,0,0.00,-0.00,15.50,INHIBITED,HANDS_ON,20780,0,P,P,0.00,released,RELEASED
2026-05-27 18:40:35.391,831.7314,,slider,1,0,0.00,-0.00,15.50,INHIBITED,HANDS_ON,20790,0,P,P,0.00,released,RELEASED
2026-05-27 18:40:35.791,832.1314,,slider,1,0,0.00,-0.00,15.50,INHIBITED,HANDS_ON,20800,0,P,P,0.00,released,RELEASED
2026-05-27 18:40:36.192,832.5316,,slider,1,0,0.00,-0.00,15.50,INHIBITED,HANDS_ON,20810,0,P,P,0.00,released,RELEASED
2026-05-27 18:40:36.592,832.9315,,slider,1,0,0.00,-0.00,15.50,INHIBITED,HANDS_ON,20820,0,P,P,0.00,released,RELEASED
2026-05-27 18:40:36.992,833.3316,,slider,1,0,0.00,-0.00,15.50,INHIBITED,HANDS_ON,20830,0,P,P,0.00,released,RELEASED
2026-05-27 18:40:37.392,833.7317,,slider,1,0,0.00,-0.00,15.50,INHIBITED,HANDS_ON,20840,0,P,P,0.00,released,RELEASED
2026-05-27 18:40:37.792,834.1317,,slider,1,0,0.00,-0.00,15.50,INHIBITED,HANDS_ON,20850,0,P,P,0.00,released,RELEASED
2026-05-27 18:40:38.192,834.5317,,slider,1,0,0.00,-0.00,15.50,INHIBITED,HANDS_ON,20860,0,P,P,0.00,released,RELEASED
2026-05-27 18:40:38.592,834.9318,,slider,1,0,0.00,-0.00,15.50,INHIBITED,HANDS_ON,20870,0,P,P,0.00,released,RELEASED
2026-05-27 18:40:38.992,835.3319,,slider,1,0,0.00,-0.00,15.50,INHIBITED,HANDS_ON,20880,0,P,P,0.00,released,RELEASED
2026-05-27 18:40:39.392,835.7319,,slider,1,0,0.00,-0.00,15.50,INHIBITED,HANDS_ON,20890,0,P,P,0.00,released,RELEASED
2026-05-27 18:40:39.792,836.1321,,slider,1,0,0.00,-0.00,15.50,INHIBITED,HANDS_ON,20900,0,P,P,0.00,released,RELEASED
2026-05-27 18:40:40.192,836.5323,,slider,1,0,0.00,-0.00,15.50,INHIBITED,HANDS_ON,20910,0,P,P,0.00,released,RELEASED
2026-05-27 18:40:40.592,836.9321,,slider,1,0,0.00,-0.00,15.50,INHIBITED,HANDS_ON,20920,0,P,P,0.00,released,RELEASED
2026-05-27 18:40:40.992,837.3321,,slider,1,0,0.00,-0.00,15.50,INHIBITED,HANDS_ON,20930,0,P,P,0.00,released,RELEASED
2026-05-27 18:40:41.392,837.7321,,slider,1,0,0.00,-0.00,15.50,INHIBITED,HANDS_ON,20940,0,P,P,0.00,released,RELEASED
2026-05-27 18:40:41.792,838.1322,,slider,1,0,0.00,-0.00,15.50,INHIBITED,HANDS_ON,20950,0,P,P,0.00,released,RELEASED
2026-05-27 18:40:42.192,838.5322,,slider,1,0,0.00,-0.00,15.50,INHIBITED,HANDS_ON,20960,0,P,P,0.00,released,RELEASED
2026-05-27 18:40:42.592,838.9322,,slider,1,0,0.00,-0.00,15.50,INHIBITED,HANDS_ON,20970,0,P,P,0.00,released,RELEASED
2026-05-27 18:40:42.992,839.3323,,slider,1,0,0.00,-0.00,15.50,INHIBITED,HANDS_ON,20980,0,P,P,0.00,released,RELEASED
2026-05-27 18:40:43.392,839.7323,,slider,1,0,0.00,-0.00,15.50,INHIBITED,HANDS_ON,20990,0,P,P,0.00,released,RELEASED
2026-05-27 18:40:43.792,840.1324,,slider,1,0,0.00,-0.00,15.50,INHIBITED,HANDS_ON,21000,0,P,P,0.00,released,RELEASED
2026-05-27 18:40:44.192,840.5324,,slider,1,0,0.00,-0.00,15.50,INHIBITED,HANDS_ON,21010,0,P,P,0.00,released,RELEASED
2026-05-27 18:40:44.592,840.9324,,slider,1,0,0.00,-0.00,15.50,INHIBITED,HANDS_ON,21020,0,P,P,0.00,released,RELEASED
2026-05-27 18:40:44.993,841.3325,,slider,1,0,0.00,-0.00,15.50,INHIBITED,HANDS_ON,21030,0,P,P,0.00,released,RELEASED
2026-05-27 18:40:45.393,841.7325,,slider,1,0,0.00,-0.00,15.50,INHIBITED,HANDS_ON,21040,0,P,P,0.00,released,RELEASED
2026-05-27 18:40:45.793,842.1325,,slider,1,0,0.00,-0.00,15.50,INHIBITED,HANDS_ON,21050,0,P,P,0.00,released,RELEASED
2026-05-27 18:40:46.192,842.5324,,slider,1,0,0.00,-0.00,15.50,INHIBITED,HANDS_ON,21060,0,P,P,0.00,released,RELEASED
2026-05-27 18:40:46.593,842.9326,,slider,1,0,0.00,-0.00,15.50,INHIBITED,HANDS_ON,21070,0,P,P,0.00,released,RELEASED
2026-05-27 18:40:46.993,843.3327,,slider,1,0,0.00,-0.00,15.50,INHIBITED,HANDS_ON,21080,0,P,P,0.00,released,RELEASED
2026-05-27 18:40:47.393,843.7327,,slider,1,0,0.00,-0.00,15.50,INHIBITED,HANDS_ON,21090,0,P,P,0.00,released,RELEASED
2026-05-27 18:40:47.793,844.1328,,slider,1,0,0.00,-0.00,15.50,INHIBITED,HANDS_ON,21100,0,P,P,0.00,released,RELEASED
2026-05-27 18:40:48.193,844.5328,,slider,1,0,0.00,-0.00,15.50,INHIBITED,HANDS_ON,21110,0,P,P,0.00,released,RELEASED
2026-05-27 18:40:48.593,844.9328,,slider,1,0,0.00,-0.00,15.50,INHIBITED,HANDS_ON,21120,0,P,P,0.00,released,RELEASED
2026-05-27 18:40:48.993,845.3329,,slider,1,0,0.00,-0.00,15.50,INHIBITED,HANDS_ON,21130,0,P,P,0.00,released,RELEASED
2026-05-27 18:40:49.393,845.7329,,slider,1,0,0.00,-0.00,15.50,INHIBITED,HANDS_ON,21140,0,P,P,0.00,released,RELEASED
2026-05-27 18:40:49.793,846.1329,,slider,1,0,0.00,-0.00,15.50,INHIBITED,HANDS_ON,21150,0,P,P,0.00,released,RELEASED
2026-05-27 18:40:50.193,846.5331,,slider,1,0,0.00,-0.00,15.50,INHIBITED,HANDS_ON,21160,0,P,P,0.00,released,RELEASED
2026-05-27 18:40:50.593,846.9331,,slider,1,0,0.00,-0.00,15.50,INHIBITED,HANDS_ON,21170,0,P,P,0.00,released,RELEASED
2026-05-27 18:40:50.993,847.3331,,slider,1,0,0.00,-0.00,15.50,INHIBITED,HANDS_ON,21180,0,P,P,0.00,released,RELEASED
2026-05-27 18:40:51.393,847.7332,,slider,1,0,0.00,-0.00,15.50,INHIBITED,HANDS_ON,21190,0,P,P,0.00,released,RELEASED
2026-05-27 18:40:51.793,848.1332,,slider,1,0,0.00,-0.00,15.50,INHIBITED,HANDS_ON,21200,0,P,P,0.00,released,RELEASED
2026-05-27 18:40:52.193,848.5332,,slider,1,0,0.00,-0.00,15.50,INHIBITED,HANDS_ON,21210,0,P,P,0.00,released,RELEASED
2026-05-27 18:40:52.593,848.9332,,slider,1,0,0.00,-0.00,15.50,INHIBITED,HANDS_ON,21220,0,P,P,0.00,released,RELEASED
2026-05-27 18:40:52.993,849.3332,,slider,1,0,0.00,-0.00,15.50,INHIBITED,HANDS_ON,21230,0,P,P,0.00,released,RELEASED
2026-05-27 18:40:53.393,849.7333,,slider,1,0,0.00,-0.00,15.50,INHIBITED,HANDS_ON,21240,0,P,P,0.00,released,RELEASED
2026-05-27 18:40:53.793,850.1333,,slider,1,0,0.00,-0.00,15.50,INHIBITED,HANDS_ON,21250,0,P,P,0.00,released,RELEASED
2026-05-27 18:40:54.193,850.5332,,slider,1,0,0.00,-0.00,15.50,INHIBITED,HANDS_ON,21260,0,P,P,0.00,released,RELEASED
2026-05-27 18:40:54.593,850.9334,,slider,1,0,0.00,-0.00,15.50,INHIBITED,HANDS_ON,21270,0,P,P,0.00,released,RELEASED
2026-05-27 18:40:54.993,851.3334,,slider,1,0,0.00,-0.00,15.50,INHIBITED,HANDS_ON,21280,0,P,P,0.00,released,RELEASED
2026-05-27 18:40:55.394,851.7335,,slider,1,0,0.00,-0.00,15.50,INHIBITED,HANDS_ON,21290,0,P,P,0.00,released,RELEASED
2026-05-27 18:40:55.794,852.1335,,slider,1,0,0.00,-0.00,15.50,INHIBITED,HANDS_ON,21300,0,P,P,0.00,released,RELEASED
2026-05-27 18:40:56.194,852.5336,,slider,1,0,0.00,-0.00,15.50,INHIBITED,HANDS_ON,21310,0,P,P,0.00,released,RELEASED
2026-05-27 18:40:56.594,852.9335,,slider,1,0,0.00,-0.00,15.50,INHIBITED,HANDS_ON,21320,0,P,P,0.00,released,RELEASED
2026-05-27 18:40:56.994,853.3336,,slider,1,0,0.00,-0.00,15.50,INHIBITED,HANDS_ON,21330,0,P,P,0.00,released,RELEASED
2026-05-27 18:40:57.393,853.7335,,slider,1,0,0.00,-0.00,15.50,INHIBITED,HANDS_ON,21340,0,P,P,0.00,released,RELEASED
2026-05-27 18:40:57.794,854.1336,,slider,1,0,0.00,-0.00,15.50,INHIBITED,HANDS_ON,21350,0,P,P,0.00,released,RELEASED
2026-05-27 18:40:58.194,854.5335,,slider,1,0,0.00,-0.00,15.50,INHIBITED,HANDS_ON,21360,0,P,P,0.00,released,RELEASED
2026-05-27 18:40:58.594,854.9335,,slider,1,0,0.00,-0.00,15.50,INHIBITED,HANDS_ON,21370,0,P,P,0.00,released,RELEASED
2026-05-27 18:40:58.994,855.3336,,slider,1,0,0.00,-0.00,15.50,INHIBITED,HANDS_ON,21380,0,P,P,0.00,released,RELEASED
2026-05-27 18:40:59.394,855.7336,,slider,1,0,0.00,-0.00,15.50,INHIBITED,HANDS_ON,21390,0,P,P,0.00,released,RELEASED
2026-05-27 18:40:59.794,856.1337,,slider,1,0,0.00,-0.00,15.50,INHIBITED,HANDS_ON,21400,0,P,P,0.00,released,RELEASED
2026-05-27 18:41:00.194,856.5338,,slider,1,0,0.00,-0.00,15.50,INHIBITED,HANDS_ON,21410,0,P,P,0.00,released,RELEASED
2026-05-27 18:41:00.594,856.9337,,slider,1,0,0.00,-0.00,15.50,INHIBITED,HANDS_ON,21420,0,P,P,0.00,released,RELEASED
2026-05-27 18:41:00.994,857.3339,,slider,1,0,0.00,-0.00,15.50,INHIBITED,HANDS_ON,21430,0,P,P,0.00,released,RELEASED
2026-05-27 18:41:01.394,857.7340,,slider,1,0,0.00,-0.00,15.50,INHIBITED,HANDS_ON,21440,0,P,P,0.00,released,RELEASED
2026-05-27 18:41:01.794,858.1338,,slider,1,0,0.00,-0.00,15.50,INHIBITED,HANDS_ON,21450,0,P,P,0.00,released,RELEASED
2026-05-27 18:41:02.194,858.5338,,slider,1,0,0.00,-0.00,15.50,INHIBITED,HANDS_ON,21460,0,P,P,0.00,released,RELEASED
2026-05-27 18:41:02.594,858.9339,,slider,1,0,0.00,-0.00,15.50,INHIBITED,HANDS_ON,21470,0,P,P,0.00,released,RELEASED
2026-05-27 18:41:02.994,859.3339,,slider,1,0,0.00,-0.00,15.50,INHIBITED,HANDS_ON,21480,0,P,P,0.00,released,RELEASED
2026-05-27 18:41:03.394,859.7339,,slider,1,0,0.00,-0.00,15.50,INHIBITED,HANDS_ON,21490,0,P,P,0.00,released,RELEASED
2026-05-27 18:41:03.794,860.1340,,slider,1,0,0.00,-0.00,15.50,INHIBITED,HANDS_ON,21500,0,P,P,0.00,released,RELEASED
2026-05-27 18:41:04.194,860.5340,,slider,1,0,0.00,-0.00,15.50,INHIBITED,HANDS_ON,21510,0,P,P,0.00,released,RELEASED
2026-05-27 18:41:04.594,860.9341,,slider,1,0,0.00,-0.00,15.50,INHIBITED,HANDS_ON,21520,0,P,P,0.00,released,RELEASED
2026-05-27 18:41:04.994,861.3342,,slider,1,0,0.00,-0.00,15.50,INHIBITED,HANDS_ON,21530,0,P,P,0.00,released,RELEASED
2026-05-27 18:41:05.394,861.7341,,slider,1,0,0.00,-0.00,15.50,INHIBITED,HANDS_ON,21540,0,P,P,0.00,released,RELEASED
2026-05-27 18:41:05.794,862.1341,,slider,1,0,0.00,-0.00,15.50,INHIBITED,HANDS_ON,21550,0,P,P,0.00,released,RELEASED
2026-05-27 18:41:06.194,862.5342,,slider,1,0,0.00,-0.00,15.50,INHIBITED,HANDS_ON,21560,0,P,P,0.00,released,RELEASED
2026-05-27 18:41:06.594,862.9343,,slider,1,0,0.00,-0.00,15.50,INHIBITED,HANDS_ON,21570,0,P,P,0.00,released,RELEASED
2026-05-27 18:41:06.994,863.3342,,slider,1,0,0.00,-0.00,15.50,INHIBITED,HANDS_ON,21580,0,P,P,0.00,released,RELEASED
2026-05-27 18:41:07.394,863.7343,,slider,1,0,0.00,-0.00,15.50,INHIBITED,HANDS_ON,21590,0,P,P,0.00,released,RELEASED
2026-05-27 18:41:07.794,864.1344,,slider,1,0,0.00,-0.00,15.50,INHIBITED,HANDS_ON,21600,0,P,P,0.00,released,RELEASED
2026-05-27 18:41:08.195,864.5345,,slider,1,0,0.00,-0.00,15.50,INHIBITED,HANDS_ON,21610,0,P,P,0.00,released,RELEASED
2026-05-27 18:41:08.595,864.9345,,slider,1,0,0.00,-0.00,15.50,INHIBITED,HANDS_ON,21620,0,P,P,0.00,released,RELEASED
2026-05-27 18:41:08.995,865.3346,,slider,1,0,0.00,-0.00,15.50,INHIBITED,HANDS_ON,21630,0,P,P,0.00,released,RELEASED
2026-05-27 18:41:09.395,865.7346,,slider,1,0,0.00,-0.00,15.50,INHIBITED,HANDS_ON,21640,0,P,P,0.00,released,RELEASED
2026-05-27 18:41:09.795,866.1347,,slider,1,0,0.00,-0.00,15.50,INHIBITED,HANDS_ON,21650,0,P,P,0.00,released,RELEASED
2026-05-27 18:41:10.195,866.5347,,slider,1,0,0.00,-0.00,15.50,INHIBITED,HANDS_ON,21660,0,P,P,0.00,released,RELEASED
2026-05-27 18:41:10.595,866.9347,,slider,1,0,0.00,-0.00,15.50,INHIBITED,HANDS_ON,21670,0,P,P,0.00,released,RELEASED
2026-05-27 18:41:10.995,867.3348,,slider,1,0,0.00,-0.00,15.50,INHIBITED,HANDS_ON,21680,0,P,P,0.00,released,RELEASED
2026-05-27 18:41:11.395,867.7350,,slider,1,0,0.00,-0.00,15.50,INHIBITED,HANDS_ON,21690,0,P,P,0.00,released,RELEASED
2026-05-27 18:41:11.795,868.1349,,slider,1,0,0.00,-0.00,15.50,INHIBITED,HANDS_ON,21700,0,P,P,0.00,released,RELEASED
2026-05-27 18:41:12.195,868.5350,,slider,1,0,0.00,-0.00,15.50,INHIBITED,HANDS_ON,21710,0,P,P,0.00,released,RELEASED
2026-05-27 18:41:12.595,868.9350,,slider,1,0,0.00,-0.00,15.50,INHIBITED,HANDS_ON,21720,0,P,P,0.00,released,RELEASED
2026-05-27 18:41:12.995,869.3350,,slider,1,0,0.00,-0.00,15.50,INHIBITED,HANDS_ON,21730,0,P,P,0.00,released,RELEASED
2026-05-27 18:41:13.395,869.7351,,slider,1,0,0.00,-0.00,15.50,INHIBITED,HANDS_ON,21740,0,P,P,0.00,released,RELEASED
2026-05-27 18:41:13.795,870.1351,,slider,1,0,0.00,-0.00,15.50,INHIBITED,HANDS_ON,21750,0,P,P,0.00,released,RELEASED
2026-05-27 18:41:14.195,870.5352,,slider,1,0,0.00,-0.00,15.50,INHIBITED,HANDS_ON,21760,0,P,P,0.00,released,RELEASED
2026-05-27 18:41:14.595,870.9352,,slider,1,0,0.00,-0.00,15.50,INHIBITED,HANDS_ON,21770,0,P,P,0.00,released,RELEASED
2026-05-27 18:41:14.995,871.3353,,slider,1,0,0.00,-0.00,15.50,INHIBITED,HANDS_ON,21780,0,P,P,0.00,released,RELEASED
2026-05-27 18:41:15.395,871.7353,,slider,1,0,0.00,-0.00,15.50,INHIBITED,HANDS_ON,21790,0,P,P,0.00,released,RELEASED
2026-05-27 18:41:15.796,872.1355,,slider,1,0,0.00,-0.00,15.50,INHIBITED,HANDS_ON,21800,0,P,P,0.00,released,RELEASED
2026-05-27 18:41:16.195,872.5354,,slider,1,0,0.00,-0.00,15.50,INHIBITED,HANDS_ON,21810,0,P,P,0.00,released,RELEASED
2026-05-27 18:41:16.596,872.9355,,slider,1,0,0.00,-0.00,15.50,INHIBITED,HANDS_ON,21820,0,P,P,0.00,released,RELEASED
2026-05-27 18:41:16.996,873.3356,,slider,1,0,0.00,-0.00,15.50,INHIBITED,HANDS_ON,21830,0,P,P,0.00,released,RELEASED
2026-05-27 18:41:17.396,873.7357,,slider,1,0,0.00,-0.00,15.50,INHIBITED,HANDS_ON,21840,0,P,P,0.00,released,RELEASED
2026-05-27 18:41:17.796,874.1355,,slider,1,0,0.00,-0.00,15.50,INHIBITED,HANDS_ON,21850,0,P,P,0.00,released,RELEASED
2026-05-27 18:41:18.196,874.5356,,slider,1,0,0.00,-0.00,15.50,INHIBITED,HANDS_ON,21860,0,P,P,0.00,released,RELEASED
2026-05-27 18:41:18.596,874.9356,,slider,1,0,0.00,-0.00,15.50,INHIBITED,HANDS_ON,21870,0,P,P,0.00,released,RELEASED
2026-05-27 18:41:18.996,875.3357,,slider,1,0,0.00,-0.00,15.50,INHIBITED,HANDS_ON,21880,0,P,P,0.00,released,RELEASED
2026-05-27 18:41:19.396,875.7358,,slider,1,0,0.00,-0.00,15.50,INHIBITED,HANDS_ON,21890,0,P,P,0.00,released,RELEASED
2026-05-27 18:41:19.796,876.1358,,slider,1,0,0.00,-0.00,15.50,INHIBITED,HANDS_ON,21900,0,P,P,0.00,released,RELEASED
2026-05-27 18:41:20.196,876.5358,,slider,1,0,0.00,-0.00,15.50,INHIBITED,HANDS_ON,21910,0,P,P,0.00,released,RELEASED
2026-05-27 18:41:20.596,876.9358,,slider,1,0,0.00,-0.00,15.50,INHIBITED,HANDS_ON,21920,0,P,P,0.00,released,RELEASED
2026-05-27 18:41:20.996,877.3360,,slider,1,0,0.00,-0.00,15.50,INHIBITED,HANDS_ON,21930,0,P,P,0.00,released,RELEASED
2026-05-27 18:41:21.396,877.7359,,slider,1,0,0.00,-0.00,15.50,INHIBITED,HANDS_ON,21940,0,P,P,0.00,released,RELEASED
2026-05-27 18:41:21.796,878.1359,,slider,1,0,0.00,-0.00,15.50,INHIBITED,HANDS_ON,21950,0,P,P,0.00,released,RELEASED
2026-05-27 18:41:22.196,878.5361,,slider,1,0,0.00,-0.00,15.50,INHIBITED,HANDS_ON,21960,0,P,P,0.00,released,RELEASED
2026-05-27 18:41:22.596,878.9362,,slider,1,0,0.00,-0.00,15.50,INHIBITED,HANDS_ON,21970,0,P,P,0.00,released,RELEASED
2026-05-27 18:41:22.996,879.3363,,slider,1,0,0.00,-0.00,15.50,INHIBITED,HANDS_ON,21980,0,P,P,0.00,released,RELEASED
2026-05-27 18:41:23.396,879.7363,,slider,1,0,0.00,-0.00,15.50,INHIBITED,HANDS_ON,21990,0,P,P,0.00,released,RELEASED
2026-05-27 18:41:23.797,880.1365,,slider,1,0,0.00,-0.00,15.50,INHIBITED,HANDS_ON,22000,0,P,P,0.00,released,RELEASED
2026-05-27 18:41:24.197,880.5365,,slider,1,0,0.00,-0.00,15.50,INHIBITED,HANDS_ON,22010,0,P,P,0.00,released,RELEASED
2026-05-27 18:41:24.597,880.9365,,slider,1,0,0.00,-0.00,15.50,INHIBITED,HANDS_ON,22020,0,P,P,0.00,released,RELEASED
2026-05-27 18:41:24.997,881.3366,,slider,1,0,0.00,-0.00,15.50,INHIBITED,HANDS_ON,22030,0,P,P,0.00,released,RELEASED
2026-05-27 18:41:25.397,881.7366,,slider,1,0,0.00,-0.00,15.50,INHIBITED,HANDS_ON,22040,0,P,P,0.00,released,RELEASED
2026-05-27 18:41:25.797,882.1367,,slider,1,0,0.00,-0.00,15.50,INHIBITED,HANDS_ON,22050,0,P,P,0.00,released,RELEASED
2026-05-27 18:41:26.197,882.5367,,slider,1,0,0.00,-0.00,15.50,INHIBITED,HANDS_ON,22060,0,P,P,0.00,released,RELEASED
2026-05-27 18:41:26.597,882.9367,,slider,1,0,0.00,-0.00,15.50,INHIBITED,HANDS_ON,22070,0,P,P,0.00,released,RELEASED
2026-05-27 18:41:26.997,883.3367,,slider,1,0,0.00,-0.00,15.50,INHIBITED,HANDS_ON,22080,0,P,P,0.00,released,RELEASED
2026-05-27 18:41:27.397,883.7368,,slider,1,0,0.00,-0.00,15.50,INHIBITED,HANDS_ON,22090,0,P,P,0.00,released,RELEASED
2026-05-27 18:41:27.797,884.1369,,slider,1,0,0.00,-0.00,15.50,INHIBITED,HANDS_ON,22100,0,P,P,0.00,released,RELEASED
2026-05-27 18:41:28.197,884.5369,,slider,1,0,0.00,-0.00,15.50,INHIBITED,HANDS_ON,22110,0,P,P,0.00,released,RELEASED
2026-05-27 18:41:28.597,884.9369,,slider,1,0,0.00,-0.00,15.50,INHIBITED,HANDS_ON,22120,0,P,P,0.00,released,RELEASED
2026-05-27 18:41:28.997,885.3370,,slider,1,0,0.00,-0.00,15.50,INHIBITED,HANDS_ON,22130,0,P,P,0.00,released,RELEASED
2026-05-27 18:41:29.397,885.7370,,slider,1,0,0.00,-0.00,15.50,INHIBITED,HANDS_ON,22140,0,P,P,0.00,released,RELEASED
2026-05-27 18:41:29.797,886.1370,,slider,1,0,0.00,-0.00,15.50,INHIBITED,HANDS_ON,22150,0,P,P,0.00,released,RELEASED
2026-05-27 18:41:30.197,886.5370,,slider,1,0,0.00,-0.00,15.50,INHIBITED,HANDS_ON,22160,0,P,P,0.00,released,RELEASED
2026-05-27 18:41:30.597,886.9371,,slider,1,0,0.00,-0.00,15.50,INHIBITED,HANDS_ON,22170,0,P,P,0.00,released,RELEASED
2026-05-27 18:41:30.997,887.3372,,slider,1,0,0.00,-0.00,15.50,INHIBITED,HANDS_ON,22180,0,P,P,0.00,released,RELEASED
2026-05-27 18:41:31.397,887.7372,,slider,1,0,0.00,-0.00,15.50,INHIBITED,HANDS_ON,22190,0,P,P,0.00,released,RELEASED
2026-05-27 18:41:31.797,888.1373,,slider,1,0,0.00,-0.00,15.50,INHIBITED,HANDS_ON,22200,0,P,P,0.00,released,RELEASED
2026-05-27 18:41:32.197,888.5371,,slider,1,0,0.00,-0.00,15.50,INHIBITED,HANDS_ON,22210,0,P,P,0.00,released,RELEASED
2026-05-27 18:41:32.597,888.9372,,slider,1,0,0.00,-0.00,15.50,INHIBITED,HANDS_ON,22220,0,P,P,0.00,released,RELEASED
2026-05-27 18:41:32.997,889.3371,,slider,1,0,0.00,-0.00,15.50,INHIBITED,HANDS_ON,22230,0,P,P,0.00,released,RELEASED
2026-05-27 18:41:33.397,889.7373,,slider,1,0,0.00,-0.00,15.50,INHIBITED,HANDS_ON,22240,0,P,P,0.00,released,RELEASED
2026-05-27 18:41:33.797,890.1374,,slider,1,0,0.00,-0.00,15.50,INHIBITED,HANDS_ON,22250,0,P,P,0.00,released,RELEASED
2026-05-27 18:41:34.180,890.5195,,slider,1,0,0.00,-0.00,15.50,INHIBITED,HANDS_ON,22260,0,P,P,0.00,released,RELEASED
2026-05-27 18:41:34.597,890.9372,,slider,1,0,0.00,-0.00,15.50,INHIBITED,HANDS_ON,22270,0,P,P,0.00,released,RELEASED
2026-05-27 18:41:34.997,891.3373,,slider,1,0,0.00,-0.00,15.50,INHIBITED,HANDS_ON,22280,0,P,P,0.00,released,RELEASED
2026-05-27 18:41:35.397,891.7373,,slider,1,0,0.00,-0.00,15.50,INHIBITED,HANDS_ON,22290,0,P,P,0.00,released,RELEASED
2026-05-27 18:41:35.797,892.1374,,slider,1,0,0.00,-0.00,15.50,INHIBITED,HANDS_ON,22300,0,P,P,0.00,released,RELEASED
2026-05-27 18:41:36.197,892.5374,,slider,1,0,0.00,-0.00,15.50,INHIBITED,HANDS_ON,22310,0,P,P,0.00,released,RELEASED
2026-05-27 18:41:36.597,892.9374,,slider,1,0,0.00,-0.00,15.50,INHIBITED,HANDS_ON,22320,0,P,P,0.00,released,RELEASED
2026-05-27 18:41:36.998,893.3376,,slider,1,0,0.00,-0.00,15.50,INHIBITED,HANDS_ON,22330,0,P,P,0.00,released,RELEASED
2026-05-27 18:41:37.398,893.7375,,slider,1,0,0.00,-0.00,15.50,INHIBITED,HANDS_ON,22340,0,P,P,0.00,released,RELEASED
2026-05-27 18:41:37.780,894.1197,,slider,1,0,0.00,-0.00,15.50,INHIBITED,HANDS_ON,22350,0,P,P,0.00,released,RELEASED
2026-05-27 18:41:38.198,894.5376,,slider,1,0,0.00,-0.00,15.50,INHIBITED,HANDS_ON,22360,0,P,P,0.00,released,RELEASED
2026-05-27 18:41:38.598,894.9376,,slider,1,0,0.00,-0.00,15.50,INHIBITED,HANDS_ON,22370,0,P,P,0.00,released,RELEASED
2026-05-27 18:41:38.980,895.3199,,slider,1,0,0.00,-0.00,15.50,INHIBITED,HANDS_ON,22380,0,P,P,0.00,released,RELEASED
2026-05-27 18:41:39.398,895.7377,,slider,1,0,0.00,-0.00,15.50,INHIBITED,HANDS_ON,22390,0,P,P,0.00,released,RELEASED
2026-05-27 18:41:39.798,896.1377,,slider,1,0,0.00,-0.00,15.50,INHIBITED,HANDS_ON,22400,0,P,P,0.00,released,RELEASED
2026-05-27 18:41:40.198,896.5379,,slider,1,0,0.00,-0.00,15.50,INHIBITED,HANDS_ON,22410,0,P,P,0.00,released,RELEASED
2026-05-27 18:41:40.598,896.9378,,slider,1,0,0.00,-0.00,15.50,INHIBITED,HANDS_ON,22420,0,P,P,0.00,released,RELEASED
2026-05-27 18:41:40.998,897.3378,,slider,1,0,0.00,-0.00,15.50,INHIBITED,HANDS_ON,22430,0,P,P,0.00,released,RELEASED
2026-05-27 18:41:41.380,897.7200,,slider,1,0,0.00,-0.00,15.50,INHIBITED,HANDS_ON,22440,0,P,P,0.00,released,RELEASED
2026-05-27 18:41:41.798,898.1380,,slider,1,0,0.00,-0.00,15.50,INHIBITED,HANDS_ON,22450,0,P,P,0.00,released,RELEASED
2026-05-27 18:41:42.198,898.5381,,slider,1,0,0.00,-0.00,15.50,INHIBITED,HANDS_ON,22460,0,P,P,0.00,released,RELEASED
2026-05-27 18:41:42.598,898.9380,,slider,1,0,0.00,-0.00,15.50,INHIBITED,HANDS_ON,22470,0,P,P,0.00,released,RELEASED
2026-05-27 18:41:42.980,899.3196,,slider,1,0,0.00,-0.00,15.50,INHIBITED,HANDS_ON,22480,0,P,P,0.00,released,RELEASED
2026-05-27 18:41:43.380,899.7199,,slider,1,0,0.00,-0.00,15.50,INHIBITED,HANDS_ON,22490,0,P,P,0.00,released,RELEASED
2026-05-27 18:41:43.780,900.1196,,slider,1,0,0.00,-0.00,15.50,INHIBITED,HANDS_ON,22500,0,P,P,0.00,released,RELEASED
2026-05-27 18:41:44.198,900.5382,,slider,1,0,0.00,-0.00,15.50,INHIBITED,HANDS_ON,22510,0,P,P,0.00,released,RELEASED
2026-05-27 18:41:44.580,900.9200,,slider,1,0,0.00,-0.00,15.50,INHIBITED,HANDS_ON,22520,0,P,P,0.00,released,RELEASED
2026-05-27 18:41:44.980,901.3203,,slider,1,0,0.00,-0.00,15.50,INHIBITED,HANDS_ON,22530,0,P,P,0.00,released,RELEASED
2026-05-27 18:41:45.380,901.7201,,slider,1,0,0.00,-0.00,15.50,INHIBITED,HANDS_ON,22540,0,P,P,0.00,released,RELEASED
2026-05-27 18:41:45.781,902.1205,,slider,1,0,0.00,-0.00,15.50,INHIBITED,HANDS_ON,22550,0,P,P,0.00,released,RELEASED
2026-05-27 18:41:46.181,902.5206,,slider,1,0,0.00,-0.00,15.50,INHIBITED,HANDS_ON,22560,0,P,P,0.00,released,RELEASED
2026-05-27 18:41:46.599,902.9387,,slider,1,0,0.00,-0.00,15.50,INHIBITED,HANDS_ON,22570,0,P,P,0.00,released,RELEASED
2026-05-27 18:41:46.980,903.3198,,slider,1,0,0.00,-0.00,15.50,INHIBITED,HANDS_ON,22580,0,P,P,0.00,released,RELEASED
2026-05-27 18:41:47.399,903.7387,,slider,1,0,0.00,-0.00,15.50,INHIBITED,HANDS_ON,22590,0,P,P,0.00,released,RELEASED
2026-05-27 18:41:47.799,904.1388,,slider,1,0,0.00,-0.00,15.50,INHIBITED,HANDS_ON,22600,0,P,P,0.00,released,RELEASED
2026-05-27 18:41:48.199,904.5388,,slider,1,0,0.00,-0.00,15.50,INHIBITED,HANDS_ON,22610,0,P,P,0.00,released,RELEASED
2026-05-27 18:41:48.580,904.9200,,slider,1,0,0.00,-0.00,15.50,INHIBITED,HANDS_ON,22620,0,P,P,0.00,released,RELEASED
2026-05-27 18:41:48.999,905.3389,,slider,1,0,0.00,-0.00,15.50,INHIBITED,HANDS_ON,22630,0,P,P,0.00,released,RELEASED
2026-05-27 18:41:49.380,905.7201,,slider,1,0,0.00,-0.00,15.50,INHIBITED,HANDS_ON,22640,0,P,P,0.00,released,RELEASED
2026-05-27 18:41:49.780,906.1199,,slider,1,0,0.00,-0.00,15.50,INHIBITED,HANDS_ON,22650,0,P,P,0.00,released,RELEASED
2026-05-27 18:41:50.180,906.5199,,slider,1,0,0.00,-0.00,15.50,INHIBITED,HANDS_ON,22660,0,P,P,0.00,released,RELEASED
2026-05-27 18:41:50.580,906.9202,,slider,1,0,0.00,-0.00,15.50,INHIBITED,HANDS_ON,22670,0,P,P,0.00,released,RELEASED
2026-05-27 18:41:50.980,907.3200,,slider,1,0,0.00,-0.00,15.50,INHIBITED,HANDS_ON,22680,0,P,P,0.00,released,RELEASED
2026-05-27 18:41:51.380,907.7203,,slider,1,0,0.00,-0.00,15.50,INHIBITED,HANDS_ON,22690,0,P,P,0.00,released,RELEASED
2026-05-27 18:41:51.780,908.1200,,slider,1,0,0.00,-0.00,15.50,INHIBITED,HANDS_ON,22700,0,P,P,0.00,released,RELEASED
2026-05-27 18:41:52.180,908.5201,,slider,1,0,0.00,-0.00,15.50,INHIBITED,HANDS_ON,22710,0,P,P,0.00,released,RELEASED
2026-05-27 18:41:52.600,908.9395,,slider,1,0,0.00,-0.00,15.50,INHIBITED,HANDS_ON,22720,0,P,P,0.00,released,RELEASED
2026-05-27 18:41:52.981,909.3205,,slider,1,0,0.00,-0.00,15.50,INHIBITED,HANDS_ON,22730,0,P,P,0.00,released,RELEASED
2026-05-27 18:41:53.382,909.7224,,slider,1,0,0.00,-0.00,15.50,INHIBITED,HANDS_ON,22740,0,P,P,0.00,released,RELEASED
2026-05-27 18:41:53.780,910.1202,,slider,1,0,0.00,-0.00,15.50,INHIBITED,HANDS_ON,22750,0,P,P,0.00,released,RELEASED
2026-05-27 18:41:54.180,910.5202,,slider,1,0,0.00,-0.00,15.50,INHIBITED,HANDS_ON,22760,0,P,P,0.00,released,RELEASED
2026-05-27 18:41:54.580,910.9201,,slider,1,0,0.00,-0.00,15.50,INHIBITED,HANDS_ON,22770,0,P,P,0.00,released,RELEASED
2026-05-27 18:41:54.980,911.3202,,slider,1,0,0.00,-0.00,15.50,INHIBITED,HANDS_ON,22780,0,P,P,0.00,released,RELEASED
2026-05-27 18:41:55.380,911.7202,,slider,1,0,0.00,-0.00,15.50,INHIBITED,HANDS_ON,22790,0,P,P,0.00,released,RELEASED
2026-05-27 18:41:55.780,912.1202,,slider,1,0,0.00,-0.00,15.50,INHIBITED,HANDS_ON,22800,0,P,P,0.00,released,RELEASED
2026-05-27 18:41:56.180,912.5202,,slider,1,0,0.00,-0.00,15.50,INHIBITED,HANDS_ON,22810,0,P,P,0.00,released,RELEASED
2026-05-27 18:41:56.580,912.9204,,slider,1,0,0.00,-0.00,15.50,INHIBITED,HANDS_ON,22820,0,P,P,0.00,released,RELEASED
2026-05-27 18:41:56.980,913.3202,,slider,1,0,0.00,-0.00,15.50,INHIBITED,HANDS_ON,22830,0,P,P,0.00,released,RELEASED
2026-05-27 18:41:57.380,913.7203,,slider,1,0,0.00,-0.00,15.50,INHIBITED,HANDS_ON,22840,0,P,P,0.00,released,RELEASED
2026-05-27 18:41:57.780,914.1204,,slider,1,0,0.00,-0.00,15.50,INHIBITED,HANDS_ON,22850,0,P,P,0.00,released,RELEASED
2026-05-27 18:41:58.180,914.5202,,slider,1,0,0.00,-0.00,15.50,INHIBITED,HANDS_ON,22860,0,P,P,0.00,released,RELEASED
2026-05-27 18:41:58.580,914.9204,,slider,1,0,0.00,-0.00,15.50,INHIBITED,HANDS_ON,22870,0,P,P,0.00,released,RELEASED
2026-05-27 18:41:58.981,915.3206,,slider,1,0,0.00,-0.00,15.50,INHIBITED,HANDS_ON,22880,0,P,P,0.00,released,RELEASED
2026-05-27 18:41:59.381,915.7205,,slider,1,0,0.00,-0.00,15.50,INHIBITED,HANDS_ON,22890,0,P,P,0.00,released,RELEASED
2026-05-27 18:41:59.781,916.1211,,slider,1,0,0.00,-0.00,15.50,INHIBITED,HANDS_ON,22900,0,P,P,0.00,released,RELEASED
2026-05-27 18:42:00.181,916.5210,,slider,1,0,0.00,-0.00,15.50,INHIBITED,HANDS_ON,22910,0,P,P,0.00,released,RELEASED
2026-05-27 18:42:00.581,916.9209,,slider,1,0,0.00,-0.00,15.50,INHIBITED,HANDS_ON,22920,0,P,P,0.00,released,RELEASED
2026-05-27 18:42:00.981,917.3212,,slider,1,0,0.00,-0.00,15.50,INHIBITED,HANDS_ON,22930,0,P,P,0.00,released,RELEASED
2026-05-27 18:42:01.383,917.7225,,slider,1,0,0.00,-0.00,15.50,INHIBITED,HANDS_ON,22940,0,P,P,0.00,released,RELEASED
2026-05-27 18:42:01.781,918.1209,,slider,1,0,0.00,-0.00,15.50,INHIBITED,HANDS_ON,22950,0,P,P,0.00,released,RELEASED
2026-05-27 18:42:02.181,918.5211,,slider,1,0,0.00,-0.00,15.50,INHIBITED,HANDS_ON,22960,0,P,P,0.00,released,RELEASED
2026-05-27 18:42:02.581,918.9211,,slider,1,0,0.00,-0.00,15.50,INHIBITED,HANDS_ON,22970,0,P,P,0.00,released,RELEASED
2026-05-27 18:42:02.981,919.3210,,slider,1,0,0.00,-0.00,15.50,INHIBITED,HANDS_ON,22980,0,P,P,0.00,released,RELEASED
2026-05-27 18:42:03.400,919.7401,,slider,1,0,0.00,-0.00,15.50,INHIBITED,HANDS_ON,22990,0,P,P,0.00,released,RELEASED
2026-05-27 18:42:03.782,920.1215,,slider,1,0,0.00,-0.00,15.50,INHIBITED,HANDS_ON,23000,0,P,P,0.00,released,RELEASED
2026-05-27 18:42:04.182,920.5216,,slider,1,0,0.00,-0.00,15.50,INHIBITED,HANDS_ON,23010,0,P,P,0.00,released,RELEASED
2026-05-27 18:42:04.582,920.9217,,slider,1,0,0.00,-0.00,15.50,INHIBITED,HANDS_ON,23020,0,P,P,0.00,released,RELEASED
2026-05-27 18:42:04.982,921.3218,,slider,1,0,0.00,-0.00,15.50,INHIBITED,HANDS_ON,23030,0,P,P,0.00,released,RELEASED
2026-05-27 18:42:05.382,921.7220,,slider,1,0,0.00,-0.00,15.50,INHIBITED,HANDS_ON,23040,0,P,P,0.00,released,RELEASED
2026-05-27 18:42:05.782,922.1220,,slider,1,0,0.00,-0.00,15.50,INHIBITED,HANDS_ON,23050,0,P,P,0.00,released,RELEASED
2026-05-27 18:42:06.182,922.5218,,slider,1,0,0.00,-0.00,15.50,INHIBITED,HANDS_ON,23060,0,P,P,0.00,released,RELEASED
2026-05-27 18:42:06.582,922.9219,,slider,1,0,0.00,-0.00,15.50,INHIBITED,HANDS_ON,23070,0,P,P,0.00,released,RELEASED
2026-05-27 18:42:06.982,923.3219,,slider,1,0,0.00,-0.00,15.50,INHIBITED,HANDS_ON,23080,0,P,P,0.00,released,RELEASED
2026-05-27 18:42:07.382,923.7220,,slider,1,0,0.00,-0.00,15.50,INHIBITED,HANDS_ON,23090,0,P,P,0.00,released,RELEASED
2026-05-27 18:42:07.782,924.1220,,slider,1,0,0.00,-0.00,15.50,INHIBITED,HANDS_ON,23100,0,P,P,0.00,released,RELEASED
2026-05-27 18:42:08.182,924.5217,,slider,1,0,0.00,-0.00,15.50,INHIBITED,HANDS_ON,23110,0,P,P,0.00,released,RELEASED
2026-05-27 18:42:08.582,924.9220,,slider,1,0,0.00,-0.00,15.50,INHIBITED,HANDS_ON,23120,0,P,P,0.00,released,RELEASED
2026-05-27 18:42:08.982,925.3221,,slider,1,0,0.00,-0.00,15.50,INHIBITED,HANDS_ON,23130,0,P,P,0.00,released,RELEASED
2026-05-27 18:42:09.383,925.7227,,slider,1,0,0.00,-0.00,15.50,INHIBITED,HANDS_ON,23140,0,P,P,0.00,released,RELEASED
2026-05-27 18:42:09.782,926.1224,,slider,1,0,0.00,-0.00,15.50,INHIBITED,HANDS_ON,23150,0,P,P,0.00,released,RELEASED
2026-05-27 18:42:10.183,926.5227,,slider,1,0,0.00,-0.00,15.50,INHIBITED,HANDS_ON,23160,0,P,P,0.00,released,RELEASED
2026-05-27 18:42:10.583,926.9229,,slider,1,0,0.00,-0.00,15.50,INHIBITED,HANDS_ON,23170,0,P,P,0.00,released,RELEASED
2026-05-27 18:42:10.982,927.3218,,slider,1,0,0.00,-0.00,15.50,INHIBITED,HANDS_ON,23180,0,P,P,0.00,released,RELEASED
2026-05-27 18:42:11.382,927.7220,,slider,1,0,0.00,-0.00,15.50,INHIBITED,HANDS_ON,23190,0,P,P,0.00,released,RELEASED
2026-05-27 18:42:11.782,928.1219,,slider,1,0,0.00,-0.00,15.50,INHIBITED,HANDS_ON,23200,0,P,P,0.00,released,RELEASED
2026-05-27 18:42:12.182,928.5218,,slider,1,0,0.00,-0.00,15.50,INHIBITED,HANDS_ON,23210,0,P,P,0.00,released,RELEASED
2026-05-27 18:42:12.582,928.9222,,slider,1,0,0.00,-0.00,15.50,INHIBITED,HANDS_ON,23220,0,P,P,0.00,released,RELEASED
2026-05-27 18:42:12.982,929.3221,,slider,1,0,0.00,-0.00,15.50,INHIBITED,HANDS_ON,23230,0,P,P,0.00,released,RELEASED
2026-05-27 18:42:13.382,929.7219,,slider,1,0,0.00,-0.00,15.50,INHIBITED,HANDS_ON,23240,0,P,P,0.00,released,RELEASED
2026-05-27 18:42:13.782,930.1220,,slider,1,0,0.00,-0.00,15.50,INHIBITED,HANDS_ON,23250,0,P,P,0.00,released,RELEASED
2026-05-27 18:42:14.182,930.5220,,slider,1,0,0.00,-0.00,15.50,INHIBITED,HANDS_ON,23260,0,P,P,0.00,released,RELEASED
2026-05-27 18:42:14.582,930.9221,,slider,1,0,0.00,-0.00,15.50,INHIBITED,HANDS_ON,23270,0,P,P,0.00,released,RELEASED
2026-05-27 18:42:14.982,931.3220,,slider,1,0,0.00,-0.00,15.50,INHIBITED,HANDS_ON,23280,0,P,P,0.00,released,RELEASED
2026-05-27 18:42:15.382,931.7221,,slider,1,0,0.00,-0.00,15.50,INHIBITED,HANDS_ON,23290,0,P,P,0.00,released,RELEASED
2026-05-27 18:42:15.782,932.1221,,slider,1,0,0.00,-0.00,15.50,INHIBITED,HANDS_ON,23300,0,P,P,0.00,released,RELEASED
2026-05-27 18:42:16.183,932.5233,,slider,1,0,0.00,-0.00,15.50,INHIBITED,HANDS_ON,23310,0,P,P,0.00,released,RELEASED
2026-05-27 18:42:16.583,932.9227,,slider,1,0,0.00,-0.00,15.50,INHIBITED,HANDS_ON,23320,0,P,P,0.00,released,RELEASED
2026-05-27 18:42:16.984,933.3236,,slider,1,0,0.00,-0.00,15.50,INHIBITED,HANDS_ON,23330,0,P,P,0.00,released,RELEASED
2026-05-27 18:42:17.383,933.7232,,slider,1,0,0.00,-0.00,15.50,INHIBITED,HANDS_ON,23340,0,P,P,0.00,released,RELEASED
2026-05-27 18:42:17.783,934.1229,,slider,1,0,0.00,-0.00,15.50,INHIBITED,HANDS_ON,23350,0,P,P,0.00,released,RELEASED
2026-05-27 18:42:18.183,934.5232,,slider,1,0,0.00,-0.00,15.50,INHIBITED,HANDS_ON,23360,0,P,P,0.00,released,RELEASED
2026-05-27 18:42:18.583,934.9233,,slider,1,0,0.00,-0.00,15.50,INHIBITED,HANDS_ON,23370,0,P,P,0.00,released,RELEASED
2026-05-27 18:42:18.983,935.3227,,slider,1,0,0.00,-0.00,15.50,INHIBITED,HANDS_ON,23380,0,P,P,0.00,released,RELEASED
2026-05-27 18:42:19.384,935.7238,,slider,1,0,0.00,-0.00,15.50,INHIBITED,HANDS_ON,23390,0,P,P,0.00,released,RELEASED
2026-05-27 18:42:19.783,936.1231,,slider,1,0,0.00,-0.00,15.50,INHIBITED,HANDS_ON,23400,0,P,P,0.00,released,RELEASED
2026-05-27 18:42:20.183,936.5229,,slider,1,0,0.00,-0.00,15.50,INHIBITED,HANDS_ON,23410,0,P,P,0.00,released,RELEASED
2026-05-27 18:42:20.584,936.9237,,slider,1,0,0.00,-0.00,15.50,INHIBITED,HANDS_ON,23420,0,P,P,0.00,released,RELEASED
2026-05-27 18:42:20.984,937.3235,,slider,1,0,0.00,-0.00,15.50,INHIBITED,HANDS_ON,23430,0,P,P,0.00,released,RELEASED
2026-05-27 18:42:21.384,937.7236,,slider,1,0,0.00,-0.00,15.50,INHIBITED,HANDS_ON,23440,0,P,P,0.00,released,RELEASED
2026-05-27 18:42:21.783,938.1232,,slider,1,0,0.00,-0.00,15.50,INHIBITED,HANDS_ON,23450,0,P,P,0.00,released,RELEASED
2026-05-27 18:42:22.184,938.5237,,slider,1,0,0.00,-0.00,15.50,INHIBITED,HANDS_ON,23460,0,P,P,0.00,released,RELEASED
2026-05-27 18:42:22.584,938.9238,,slider,1,0,0.00,-0.00,15.50,INHIBITED,HANDS_ON,23470,0,P,P,0.00,released,RELEASED
2026-05-27 18:42:22.984,939.3239,,slider,1,0,0.00,-0.00,15.50,INHIBITED,HANDS_ON,23480,0,P,P,0.00,released,RELEASED
2026-05-27 18:42:23.384,939.7241,,slider,1,0,0.00,-0.00,15.50,INHIBITED,HANDS_ON,23490,0,P,P,0.00,released,RELEASED
2026-05-27 18:42:23.783,940.1229,,slider,1,0,0.00,-0.00,15.50,INHIBITED,HANDS_ON,23500,0,P,P,0.00,released,RELEASED
2026-05-27 18:42:24.183,940.5230,,slider,1,0,0.00,-0.00,15.50,INHIBITED,HANDS_ON,23510,0,P,P,0.00,released,RELEASED
2026-05-27 18:42:24.584,940.9238,,slider,1,0,0.00,-0.00,15.50,INHIBITED,HANDS_ON,23520,0,P,P,0.00,released,RELEASED
2026-05-27 18:42:24.983,941.3232,,slider,1,0,0.00,-0.00,15.50,INHIBITED,HANDS_ON,23530,0,P,P,0.00,released,RELEASED
2026-05-27 18:42:25.383,941.7230,,slider,1,0,0.00,-0.00,15.50,INHIBITED,HANDS_ON,23540,0,P,P,0.00,released,RELEASED
2026-05-27 18:42:25.783,942.1232,,slider,1,0,0.00,-0.00,15.50,INHIBITED,HANDS_ON,23550,0,P,P,0.00,released,RELEASED
2026-05-27 18:42:26.183,942.5233,,slider,1,0,0.00,-0.00,15.50,INHIBITED,HANDS_ON,23560,0,P,P,0.00,released,RELEASED
2026-05-27 18:42:26.583,942.9230,,slider,1,0,0.00,-0.00,15.50,INHIBITED,HANDS_ON,23570,0,P,P,0.00,released,RELEASED
2026-05-27 18:42:26.983,943.3232,,slider,1,0,0.00,-0.00,15.50,INHIBITED,HANDS_ON,23580,0,P,P,0.00,released,RELEASED
2026-05-27 18:42:27.383,943.7231,,slider,1,0,0.00,-0.00,15.50,INHIBITED,HANDS_ON,23590,0,P,P,0.00,released,RELEASED
2026-05-27 18:42:27.783,944.1233,,slider,1,0,0.00,-0.00,15.50,INHIBITED,HANDS_ON,23600,0,P,P,0.00,released,RELEASED
2026-05-27 18:42:28.184,944.5237,,slider,1,0,0.00,-0.00,15.50,INHIBITED,HANDS_ON,23610,0,P,P,0.00,released,RELEASED
2026-05-27 18:42:28.583,944.9233,,slider,1,0,0.00,-0.00,15.50,INHIBITED,HANDS_ON,23620,0,P,P,0.00,released,RELEASED
2026-05-27 18:42:28.984,945.3235,,slider,1,0,0.00,-0.00,15.50,INHIBITED,HANDS_ON,23630,0,P,P,0.00,released,RELEASED
2026-05-27 18:42:29.383,945.7232,,slider,1,0,0.00,-0.00,15.50,INHIBITED,HANDS_ON,23640,0,P,P,0.00,released,RELEASED
2026-05-27 18:42:29.784,946.1235,,slider,1,0,0.00,-0.00,15.50,INHIBITED,HANDS_ON,23650,0,P,P,0.00,released,RELEASED
2026-05-27 18:42:30.184,946.5235,,slider,1,0,0.00,-0.00,15.50,INHIBITED,HANDS_ON,23660,0,P,P,0.00,released,RELEASED
2026-05-27 18:42:30.583,946.9234,,slider,1,0,0.00,-0.00,15.50,INHIBITED,HANDS_ON,23670,0,P,P,0.00,released,RELEASED
2026-05-27 18:42:30.984,947.3235,,slider,1,0,0.00,-0.00,15.50,INHIBITED,HANDS_ON,23680,0,P,P,0.00,released,RELEASED
2026-05-27 18:42:31.383,947.7234,,slider,1,0,0.00,-0.00,15.50,INHIBITED,HANDS_ON,23690,0,P,P,0.00,released,RELEASED
2026-05-27 18:42:31.784,948.1240,,slider,1,0,0.00,-0.00,15.50,INHIBITED,HANDS_ON,23700,0,P,P,0.00,released,RELEASED
2026-05-27 18:42:32.184,948.5244,,slider,1,0,0.00,-0.00,15.50,INHIBITED,HANDS_ON,23710,0,P,P,0.00,released,RELEASED
2026-05-27 18:42:32.584,948.9240,,slider,1,0,0.00,-0.00,15.50,INHIBITED,HANDS_ON,23720,0,P,P,0.00,released,RELEASED
2026-05-27 18:42:32.984,949.3241,,slider,1,0,0.00,-0.00,15.50,INHIBITED,HANDS_ON,23730,0,P,P,0.00,released,RELEASED
2026-05-27 18:42:33.384,949.7237,,slider,1,0,0.00,-0.00,15.50,INHIBITED,HANDS_ON,23740,0,P,P,0.00,released,RELEASED
2026-05-27 18:42:33.784,950.1243,,slider,1,0,0.00,-0.00,15.50,INHIBITED,HANDS_ON,23750,0,P,P,0.00,released,RELEASED
2026-05-27 18:42:34.185,950.5249,,slider,1,0,0.00,-0.00,15.50,INHIBITED,HANDS_ON,23760,0,P,P,0.00,released,RELEASED
2026-05-27 18:42:34.584,950.9243,,slider,1,0,0.00,-0.00,15.50,INHIBITED,HANDS_ON,23770,0,P,P,0.00,released,RELEASED
2026-05-27 18:42:34.985,951.3245,,slider,1,0,0.00,-0.00,15.50,INHIBITED,HANDS_ON,23780,0,P,P,0.00,released,RELEASED
2026-05-27 18:42:35.384,951.7243,,slider,1,0,0.00,-0.00,15.50,INHIBITED,HANDS_ON,23790,0,P,P,0.00,released,RELEASED
2026-05-27 18:42:35.784,952.1244,,slider,1,0,0.00,-0.00,15.50,INHIBITED,HANDS_ON,23800,0,P,P,0.00,released,RELEASED
2026-05-27 18:42:36.185,952.5245,,slider,1,0,0.00,-0.00,15.50,INHIBITED,HANDS_ON,23810,0,P,P,0.00,released,RELEASED
2026-05-27 18:42:36.584,952.9243,,slider,1,0,0.00,-0.00,15.50,INHIBITED,HANDS_ON,23820,0,P,P,0.00,released,RELEASED
2026-05-27 18:42:36.984,953.3241,,slider,1,0,0.00,-0.00,15.50,INHIBITED,HANDS_ON,23830,0,P,P,0.00,released,RELEASED
2026-05-27 18:42:37.384,953.7243,,slider,1,0,0.00,-0.00,15.50,INHIBITED,HANDS_ON,23840,0,P,P,0.00,released,RELEASED
2026-05-27 18:42:37.785,954.1245,,slider,1,0,0.00,-0.00,15.50,INHIBITED,HANDS_ON,23850,0,P,P,0.00,released,RELEASED
2026-05-27 18:42:38.185,954.5245,,slider,1,0,0.00,-0.00,15.50,INHIBITED,HANDS_ON,23860,0,P,P,0.00,released,RELEASED
2026-05-27 18:42:38.584,954.9244,,slider,1,0,0.00,-0.00,15.50,INHIBITED,HANDS_ON,23870,0,P,P,0.00,released,RELEASED
2026-05-27 18:42:38.985,955.3247,,slider,1,0,0.00,-0.00,15.50,INHIBITED,HANDS_ON,23880,0,P,P,0.00,released,RELEASED
2026-05-27 18:42:39.385,955.7245,,slider,1,0,0.00,-0.00,15.50,INHIBITED,HANDS_ON,23890,0,P,P,0.00,released,RELEASED
2026-05-27 18:42:39.785,956.1246,,slider,1,0,0.00,-0.00,15.50,INHIBITED,HANDS_ON,23900,0,P,P,0.00,released,RELEASED
2026-05-27 18:42:40.185,956.5247,,slider,1,0,0.00,-0.00,15.50,INHIBITED,HANDS_ON,23910,0,P,P,0.00,released,RELEASED
2026-05-27 18:42:40.585,956.9246,,slider,1,0,0.00,-0.00,15.50,INHIBITED,HANDS_ON,23920,0,P,P,0.00,released,RELEASED
2026-05-27 18:42:40.985,957.3246,,slider,1,0,0.00,-0.00,15.50,INHIBITED,HANDS_ON,23930,0,P,P,0.00,released,RELEASED
2026-05-27 18:42:41.364,957.7043,,slider,1,0,0.00,-0.00,15.50,INHIBITED,HANDS_ON,23940,0,P,P,0.00,released,RELEASED
2026-05-27 18:42:41.765,958.1049,,slider,1,0,0.00,-0.00,15.50,INHIBITED,HANDS_ON,23950,0,P,P,0.00,released,RELEASED
2026-05-27 18:42:42.165,958.5047,,slider,1,0,0.00,-0.00,15.50,INHIBITED,HANDS_ON,23960,0,P,P,0.00,released,RELEASED
2026-05-27 18:42:42.565,958.9047,,slider,1,0,0.00,-0.00,15.50,INHIBITED,HANDS_ON,23970,0,P,P,0.00,released,RELEASED
2026-05-27 18:42:42.965,959.3049,,slider,1,0,0.00,-0.00,15.50,INHIBITED,HANDS_ON,23980,0,P,P,0.00,released,RELEASED
2026-05-27 18:42:43.846,960.1857,estop:no 0x370 for 519 ms,slider,0,1,0.00,-0.00,15.50,INHIBITED,HANDS_ON,23989,0,P,P,0.00,released,RELEASED
