wall_time,monotonic,event,mode,engaged,estop,target_deg,commanded_deg,measured_deg,eac_status,eac_error,rx_count_0x370,bus_errors,gear,gear_request,di_vehicle_speed_mph,brake_pedal,brake_state
2026-05-20 20:54:07.905,0.2494,eac_transition:AVAILABLE,slider,0,0,17.35,7.01,-1.30,AVAILABLE,OUT_OF_RANGE,4,0,P,P,0.00,released,RELEASED
2026-05-20 20:54:08.147,0.4906,,slider,0,0,17.35,15.14,-1.30,AVAILABLE,OUT_OF_RANGE,10,0,P,P,0.00,released,RELEASED
2026-05-20 20:54:08.547,0.8911,,slider,0,0,19.54,17.47,-1.30,AVAILABLE,OUT_OF_RANGE,20,0,P,P,0.00,released,RELEASED
2026-05-20 20:54:08.617,0.9604,engage,slider,1,0,-1.30,-1.30,-1.30,AVAILABLE,OUT_OF_RANGE,21,0,P,P,0.00,released,RELEASED
2026-05-20 20:54:08.668,1.0116,eac_transition:ACTIVE,slider,1,0,15.17,0.64,-1.30,ACTIVE,NONE,23,0,P,P,0.00,released,RELEASED
2026-05-20 20:54:08.949,1.2933,,slider,1,0,17.35,14.42,7.30,ACTIVE,NONE,30,0,P,P,0.00,released,RELEASED
2026-05-20 20:54:09.349,1.6928,,slider,1,0,19.54,17.67,14.70,ACTIVE,NONE,40,0,P,P,0.00,released,RELEASED
2026-05-20 20:54:09.750,2.0936,,slider,1,0,17.35,17.91,16.80,ACTIVE,NONE,50,0,P,P,0.00,released,RELEASED
2026-05-20 20:54:10.150,2.4936,,slider,1,0,17.35,16.30,17.10,ACTIVE,NONE,60,0,P,P,0.00,released,RELEASED
2026-05-20 20:54:10.549,2.8934,,slider,1,0,17.35,17.41,17.20,ACTIVE,NONE,70,0,P,P,0.00,released,RELEASED
2026-05-20 20:54:10.954,3.2975,,slider,1,0,360.00,54.73,33.60,ACTIVE,NONE,80,0,P,P,0.00,released,RELEASED
2026-05-20 20:54:11.354,3.6978,,slider,1,0,-28.96,80.38,93.90,ACTIVE,NONE,90,0,P,P,0.00,released,RELEASED
2026-05-20 20:54:11.754,4.0978,,slider,1,0,-28.96,8.38,39.00,ACTIVE,NONE,100,0,P,P,0.00,released,RELEASED
2026-05-20 20:54:12.154,4.4981,,slider,1,0,-28.96,-29.01,-23.30,ACTIVE,NONE,110,0,P,P,0.00,released,RELEASED
2026-05-20 20:54:12.554,4.8982,,slider,1,0,-28.96,-28.90,-28.30,ACTIVE,NONE,120,0,P,P,0.00,released,RELEASED
2026-05-20 20:54:12.954,5.2981,,slider,1,0,-28.96,-28.56,-28.60,ACTIVE,NONE,130,0,P,P,0.00,released,RELEASED
2026-05-20 20:54:13.354,5.6982,,slider,1,0,-28.96,-29.65,-29.10,ACTIVE,NONE,140,0,P,P,0.00,released,RELEASED
2026-05-20 20:54:13.754,6.0979,,slider,1,0,-28.96,-29.24,-29.20,ACTIVE,NONE,150,0,P,P,0.00,released,RELEASED
2026-05-20 20:54:14.154,6.4983,,slider,1,0,-28.96,-29.25,-29.20,ACTIVE,NONE,160,0,P,P,0.00,released,RELEASED
2026-05-20 20:54:14.554,6.8984,,slider,1,0,-28.96,-29.69,-29.20,ACTIVE,NONE,170,0,P,P,0.00,released,RELEASED
2026-05-20 20:54:14.954,7.2982,,slider,1,0,-28.96,-28.94,-29.20,ACTIVE,NONE,180,0,P,P,0.00,released,RELEASED
2026-05-20 20:54:15.354,7.6982,,slider,1,0,-28.96,-29.31,-29.20,ACTIVE,NONE,190,0,P,P,0.00,released,RELEASED
2026-05-20 20:54:15.754,8.0983,,slider,1,0,-28.96,-29.45,-29.20,ACTIVE,NONE,200,0,P,P,0.00,released,RELEASED
2026-05-20 20:54:16.154,8.4984,,slider,1,0,-28.96,-28.99,-29.20,ACTIVE,NONE,210,0,P,P,0.00,released,RELEASED
2026-05-20 20:54:16.554,8.8984,,slider,1,0,-28.96,-30.01,-29.20,ACTIVE,NONE,220,0,P,P,0.00,released,RELEASED
2026-05-20 20:54:16.955,9.2988,,slider,1,0,-30.76,-29.66,-29.60,ACTIVE,NONE,230,0,P,P,0.00,released,RELEASED
2026-05-20 20:54:17.355,9.6987,,slider,1,0,-28.96,-29.02,-29.60,ACTIVE,NONE,240,0,P,P,0.00,released,RELEASED
2026-05-20 20:54:17.755,10.0986,,slider,1,0,-28.96,-29.76,-29.60,ACTIVE,NONE,250,0,P,P,0.00,released,RELEASED
2026-05-20 20:54:18.155,10.4989,,slider,1,0,-28.96,-29.03,-29.60,ACTIVE,NONE,260,0,P,P,0.00,released,RELEASED
2026-05-20 20:54:18.554,10.8984,,slider,1,0,-28.96,-28.96,-29.60,ACTIVE,NONE,270,0,P,P,0.00,released,RELEASED
2026-05-20 20:54:18.954,11.2983,,slider,1,0,-28.96,-29.28,-29.50,ACTIVE,NONE,280,0,P,P,0.00,released,RELEASED
2026-05-20 20:54:19.355,11.6988,,slider,1,0,-28.96,-28.99,-29.30,ACTIVE,NONE,290,0,P,P,0.00,released,RELEASED
2026-05-20 20:54:19.755,12.0986,,slider,1,0,-28.96,-29.42,-29.00,ACTIVE,NONE,300,0,P,P,0.00,released,RELEASED
2026-05-20 20:54:20.155,12.4985,,slider,1,0,-28.96,-29.28,-29.00,ACTIVE,NONE,310,0,P,P,0.00,released,RELEASED
2026-05-20 20:54:20.555,12.8985,,slider,1,0,-28.96,-29.13,-29.00,ACTIVE,NONE,320,0,P,P,0.00,released,RELEASED
2026-05-20 20:54:20.954,13.2984,,slider,1,0,-28.96,-29.81,-29.00,ACTIVE,NONE,330,0,P,P,0.00,released,RELEASED
2026-05-20 20:54:21.355,13.6985,,slider,1,0,-28.96,-29.09,-29.00,ACTIVE,NONE,340,0,P,P,0.00,released,RELEASED
2026-05-20 20:54:21.755,14.0986,,slider,1,0,-28.96,-29.01,-29.00,ACTIVE,NONE,350,0,P,P,0.00,released,RELEASED
2026-05-20 20:54:22.155,14.4986,,slider,1,0,-28.96,-29.30,-29.00,ACTIVE,NONE,360,0,P,P,0.00,released,RELEASED
2026-05-20 20:54:22.555,14.8987,,slider,1,0,-28.96,-29.02,-29.00,ACTIVE,NONE,370,0,P,P,0.00,released,RELEASED
2026-05-20 20:54:22.955,15.2986,,slider,1,0,-28.96,-29.12,-29.00,ACTIVE,NONE,380,0,P,P,0.00,released,RELEASED
2026-05-20 20:54:23.355,15.6987,,slider,1,0,-28.96,-29.31,-29.00,ACTIVE,NONE,390,0,P,P,0.00,released,RELEASED
2026-05-20 20:54:23.755,16.0988,,slider,1,0,-28.96,-28.99,-29.00,ACTIVE,NONE,400,0,P,P,0.00,released,RELEASED
2026-05-20 20:54:24.155,16.4992,,slider,1,0,-28.96,-29.30,-29.00,ACTIVE,NONE,410,0,P,P,0.00,released,RELEASED
2026-05-20 20:54:24.555,16.8991,,slider,1,0,-28.96,-29.35,-29.00,ACTIVE,NONE,420,0,P,P,0.00,released,RELEASED
2026-05-20 20:54:24.955,17.2993,,slider,1,0,-28.96,-29.45,-29.00,ACTIVE,NONE,430,0,P,P,0.00,released,RELEASED
2026-05-20 20:54:25.355,17.6991,,slider,1,0,-28.96,-29.11,-29.00,ACTIVE,NONE,440,0,P,P,0.00,released,RELEASED
2026-05-20 20:54:25.755,18.0994,,slider,1,0,-28.96,-29.29,-29.00,ACTIVE,NONE,450,0,P,P,0.00,released,RELEASED
2026-05-20 20:54:26.155,18.4992,,slider,1,0,-28.96,-29.65,-29.00,ACTIVE,NONE,460,0,P,P,0.00,released,RELEASED
2026-05-20 20:54:26.556,18.8995,,slider,1,0,-28.96,-29.19,-29.00,ACTIVE,NONE,470,0,P,P,0.00,released,RELEASED
2026-05-20 20:54:26.956,19.2995,,slider,1,0,-28.96,-28.20,-29.00,ACTIVE,NONE,480,0,P,P,0.00,released,RELEASED
2026-05-20 20:54:27.355,19.6993,,slider,1,0,-28.96,-29.04,-29.00,ACTIVE,NONE,490,0,P,P,0.00,released,RELEASED
2026-05-20 20:54:27.756,20.0997,,slider,1,0,-28.96,-29.35,-29.00,ACTIVE,NONE,500,0,P,P,0.00,released,RELEASED
2026-05-20 20:54:28.155,20.4993,,slider,1,0,-28.96,-28.91,-29.00,ACTIVE,NONE,510,0,P,P,0.00,released,RELEASED
2026-05-20 20:54:28.555,20.8992,,slider,1,0,-30.76,-29.64,-29.00,ACTIVE,NONE,520,0,P,P,0.00,released,RELEASED
2026-05-20 20:54:28.956,21.2995,,slider,1,0,-28.96,-29.16,-29.10,ACTIVE,NONE,530,0,P,P,0.00,released,RELEASED
2026-05-20 20:54:29.355,21.6994,,slider,1,0,-28.96,-28.95,-29.10,ACTIVE,NONE,540,0,P,P,0.00,released,RELEASED
2026-05-20 20:54:29.755,22.0993,,slider,1,0,-28.96,-29.28,-29.10,ACTIVE,NONE,550,0,P,P,0.00,released,RELEASED
2026-05-20 20:54:30.155,22.4993,,slider,1,0,-28.96,-28.90,-29.10,ACTIVE,NONE,560,0,P,P,0.00,released,RELEASED
2026-05-20 20:54:30.555,22.8994,,slider,1,0,-30.76,-29.35,-29.10,ACTIVE,NONE,570,0,P,P,0.00,released,RELEASED
2026-05-20 20:54:30.955,23.2994,,slider,1,0,-28.96,-29.09,-29.10,ACTIVE,NONE,580,0,P,P,0.00,released,RELEASED
2026-05-20 20:54:31.356,23.6995,,slider,1,0,-28.96,-29.07,-29.10,ACTIVE,NONE,590,0,P,P,0.00,released,RELEASED
2026-05-20 20:54:31.756,24.0995,,slider,1,0,-28.96,-29.43,-29.10,ACTIVE,NONE,600,0,P,P,0.00,released,RELEASED
2026-05-20 20:54:32.156,24.4996,,slider,1,0,-28.96,-28.82,-29.10,ACTIVE,NONE,610,0,P,P,0.00,released,RELEASED
2026-05-20 20:54:32.556,24.8996,,slider,1,0,-30.76,-29.48,-29.10,ACTIVE,NONE,620,0,P,P,0.00,released,RELEASED
2026-05-20 20:54:32.956,25.2996,,slider,1,0,-28.96,-29.25,-29.10,ACTIVE,NONE,630,0,P,P,0.00,released,RELEASED
2026-05-20 20:54:33.356,25.6998,,slider,1,0,-28.96,-28.79,-29.10,ACTIVE,NONE,640,0,P,P,0.00,released,RELEASED
2026-05-20 20:54:33.756,26.0997,,slider,1,0,-30.76,-29.33,-29.10,ACTIVE,NONE,650,0,P,P,0.00,released,RELEASED
2026-05-20 20:54:34.156,26.4996,,slider,1,0,-28.96,-29.47,-29.10,ACTIVE,NONE,660,0,P,P,0.00,released,RELEASED
2026-05-20 20:54:34.556,26.8999,,slider,1,0,-28.96,-28.87,-29.10,ACTIVE,NONE,670,0,P,P,0.00,released,RELEASED
2026-05-20 20:54:34.956,27.2998,,slider,1,0,-28.96,-29.62,-29.10,ACTIVE,NONE,680,0,P,P,0.00,released,RELEASED
2026-05-20 20:54:35.356,27.6998,,slider,1,0,-28.96,-29.34,-29.10,ACTIVE,NONE,690,0,P,P,0.00,released,RELEASED
2026-05-20 20:54:35.756,28.1000,,slider,1,0,-28.96,-28.87,-29.10,ACTIVE,NONE,700,0,P,P,0.00,released,RELEASED
2026-05-20 20:54:36.156,28.4999,,slider,1,0,-28.96,-28.56,-29.10,ACTIVE,NONE,710,0,P,P,0.00,released,RELEASED
2026-05-20 20:54:36.556,28.9000,,slider,1,0,-28.96,-29.25,-29.10,ACTIVE,NONE,720,0,P,P,0.00,released,RELEASED
2026-05-20 20:54:36.957,29.3006,,slider,1,0,-28.96,-28.92,-29.10,ACTIVE,NONE,730,0,P,P,0.00,released,RELEASED
2026-05-20 20:54:37.356,29.7000,,slider,1,0,-28.96,-29.53,-29.10,ACTIVE,NONE,740,0,P,P,0.00,released,RELEASED
2026-05-20 20:54:37.756,30.1002,,slider,1,0,-28.96,-29.13,-29.10,ACTIVE,NONE,750,0,P,P,0.00,released,RELEASED
2026-05-20 20:54:38.157,30.5008,,slider,1,0,-30.76,-29.28,-29.10,ACTIVE,NONE,760,0,P,P,0.00,released,RELEASED
2026-05-20 20:54:38.557,30.9007,,slider,1,0,-28.96,-29.23,-29.10,ACTIVE,NONE,770,0,P,P,0.00,released,RELEASED
2026-05-20 20:54:38.957,31.3011,,slider,1,0,-28.96,-28.94,-29.10,ACTIVE,NONE,780,0,P,P,0.00,released,RELEASED
2026-05-20 20:54:39.357,31.7007,,slider,1,0,-28.96,-29.04,-29.10,ACTIVE,NONE,790,0,P,P,0.00,released,RELEASED
2026-05-20 20:54:39.757,32.1011,,slider,1,0,-28.96,-28.78,-29.10,ACTIVE,NONE,800,0,P,P,0.00,released,RELEASED
2026-05-20 20:54:40.157,32.5006,,slider,1,0,-28.96,-28.62,-29.10,ACTIVE,NONE,810,0,P,P,0.00,released,RELEASED
2026-05-20 20:54:40.557,32.9010,,slider,1,0,-28.96,-29.00,-29.10,ACTIVE,NONE,820,0,P,P,0.00,released,RELEASED
2026-05-20 20:54:40.957,33.3014,,slider,1,0,-28.96,-29.50,-29.10,ACTIVE,NONE,830,0,P,P,0.00,released,RELEASED
2026-05-20 20:54:41.357,33.7007,,slider,1,0,-30.76,-29.13,-29.10,ACTIVE,NONE,840,0,P,P,0.00,released,RELEASED
2026-05-20 20:54:41.757,34.1007,,slider,1,0,-30.76,-29.43,-29.10,ACTIVE,NONE,850,0,P,P,0.00,released,RELEASED
2026-05-20 20:54:42.157,34.5006,,slider,1,0,-28.96,-29.03,-29.10,ACTIVE,NONE,860,0,P,P,0.00,released,RELEASED
2026-05-20 20:54:42.557,34.9013,,slider,1,0,-30.76,-29.06,-29.10,ACTIVE,NONE,870,0,P,P,0.00,released,RELEASED
2026-05-20 20:54:42.957,35.3014,,slider,1,0,-30.76,-28.77,-29.10,ACTIVE,NONE,880,0,P,P,0.00,released,RELEASED
2026-05-20 20:54:43.358,35.7018,,slider,1,0,-28.96,-28.86,-29.10,ACTIVE,NONE,890,0,P,P,0.00,released,RELEASED
2026-05-20 20:54:43.757,36.1007,,slider,1,0,-30.76,-29.80,-29.10,ACTIVE,NONE,900,0,P,P,0.00,released,RELEASED
2026-05-20 20:54:44.157,36.5013,,slider,1,0,-28.96,-28.72,-29.10,ACTIVE,NONE,910,0,P,P,0.00,released,RELEASED
2026-05-20 20:54:44.557,36.9011,,slider,1,0,-28.96,-28.64,-29.10,ACTIVE,NONE,920,0,P,P,0.00,released,RELEASED
2026-05-20 20:54:44.957,37.3012,,slider,1,0,-28.96,-29.20,-29.10,ACTIVE,NONE,930,0,P,P,0.00,released,RELEASED
2026-05-20 20:54:45.357,37.7013,,slider,1,0,-28.96,-29.12,-29.10,ACTIVE,NONE,940,0,P,P,0.00,released,RELEASED
2026-05-20 20:54:45.757,38.1014,,slider,1,0,-30.76,-29.35,-29.10,ACTIVE,NONE,950,0,P,P,0.00,released,RELEASED
2026-05-20 20:54:46.157,38.5012,,slider,1,0,-27.17,-29.06,-29.10,ACTIVE,NONE,960,0,P,P,0.00,released,RELEASED
2026-05-20 20:54:46.558,38.9016,,slider,1,0,-27.17,-28.87,-29.10,ACTIVE,NONE,970,0,P,P,0.00,released,RELEASED
2026-05-20 20:54:46.957,39.3014,,slider,1,0,-30.76,-29.27,-29.10,ACTIVE,NONE,980,0,P,P,0.00,released,RELEASED
2026-05-20 20:54:47.357,39.7013,,slider,1,0,-28.96,-29.28,-29.10,ACTIVE,NONE,990,0,P,P,0.00,released,RELEASED
2026-05-20 20:54:47.757,40.1014,,slider,1,0,-28.96,-28.98,-29.10,ACTIVE,NONE,1000,0,P,P,0.00,released,RELEASED
2026-05-20 20:54:48.158,40.5014,,slider,1,0,-28.96,-29.70,-29.10,ACTIVE,NONE,1010,0,P,P,0.00,released,RELEASED
2026-05-20 20:54:48.558,40.9015,,slider,1,0,-28.96,-29.23,-29.10,ACTIVE,NONE,1020,0,P,P,0.00,released,RELEASED
2026-05-20 20:54:48.958,41.3015,,slider,1,0,-30.76,-29.50,-29.10,ACTIVE,NONE,1030,0,P,P,0.00,released,RELEASED
2026-05-20 20:54:49.358,41.7015,,slider,1,0,-28.96,-29.33,-29.10,ACTIVE,NONE,1040,0,P,P,0.00,released,RELEASED
2026-05-20 20:54:49.758,42.1016,,slider,1,0,-28.96,-29.05,-29.10,ACTIVE,NONE,1050,0,P,P,0.00,released,RELEASED
2026-05-20 20:54:50.158,42.5018,,slider,1,0,-28.96,-29.10,-29.10,ACTIVE,NONE,1060,0,P,P,0.00,released,RELEASED
2026-05-20 20:54:50.558,42.9016,,slider,1,0,-30.76,-28.73,-29.10,ACTIVE,NONE,1070,0,P,P,0.00,released,RELEASED
2026-05-20 20:54:50.958,43.3017,,slider,1,0,-28.96,-28.96,-29.10,ACTIVE,NONE,1080,0,P,P,0.00,released,RELEASED
2026-05-20 20:54:51.358,43.7015,,slider,1,0,-28.96,-29.04,-29.10,ACTIVE,NONE,1090,0,P,P,0.00,released,RELEASED
2026-05-20 20:54:51.758,44.1018,,slider,1,0,-28.96,-29.23,-29.10,ACTIVE,NONE,1100,0,P,P,0.00,released,RELEASED
2026-05-20 20:54:52.158,44.5015,,slider,1,0,-28.96,-29.52,-29.10,ACTIVE,NONE,1110,0,P,P,0.00,released,RELEASED
2026-05-20 20:54:52.558,44.9017,,slider,1,0,-28.96,-29.55,-29.10,ACTIVE,NONE,1120,0,P,P,0.00,released,RELEASED
2026-05-20 20:54:52.958,45.3019,,slider,1,0,-28.96,-28.89,-29.10,ACTIVE,NONE,1130,0,P,P,0.00,released,RELEASED
2026-05-20 20:54:53.358,45.7021,,slider,1,0,-30.76,-29.03,-29.10,ACTIVE,NONE,1140,0,P,P,0.00,released,RELEASED
2026-05-20 20:54:53.758,46.1024,,slider,1,0,-32.57,-29.34,-29.10,ACTIVE,NONE,1150,0,P,P,0.00,released,RELEASED
2026-05-20 20:54:54.158,46.5020,,slider,1,0,-28.96,-28.98,-29.10,ACTIVE,NONE,1160,0,P,P,0.00,released,RELEASED
2026-05-20 20:54:54.558,46.9022,,slider,1,0,-28.96,-29.46,-29.10,ACTIVE,NONE,1170,0,P,P,0.00,released,RELEASED
2026-05-20 20:54:54.958,47.3022,,slider,1,0,-28.96,-28.87,-29.10,ACTIVE,NONE,1180,0,P,P,0.00,released,RELEASED
2026-05-20 20:54:55.358,47.7020,,slider,1,0,-28.96,-28.40,-29.10,ACTIVE,NONE,1190,0,P,P,0.00,released,RELEASED
2026-05-20 20:54:55.758,48.1022,,slider,1,0,-28.96,-29.31,-29.10,ACTIVE,NONE,1200,0,P,P,0.00,released,RELEASED
2026-05-20 20:54:56.158,48.5017,,slider,1,0,-28.96,-29.04,-29.10,ACTIVE,NONE,1210,0,P,P,0.00,released,RELEASED
2026-05-20 20:54:56.558,48.9020,,slider,1,0,-30.76,-28.99,-29.10,ACTIVE,NONE,1220,0,P,P,0.00,released,RELEASED
2026-05-20 20:54:56.958,49.3023,,slider,1,0,-28.96,-29.06,-29.10,ACTIVE,NONE,1230,0,P,P,0.00,released,RELEASED
2026-05-20 20:54:57.358,49.7023,,slider,1,0,-28.96,-29.03,-29.10,ACTIVE,NONE,1240,0,P,P,0.00,released,RELEASED
2026-05-20 20:54:57.758,50.1021,,slider,1,0,-28.96,-29.66,-29.10,ACTIVE,NONE,1250,0,P,P,0.00,released,RELEASED
2026-05-20 20:54:58.158,50.5022,,slider,1,0,-28.96,-29.01,-29.10,ACTIVE,NONE,1260,0,P,P,0.00,released,RELEASED
2026-05-20 20:54:58.558,50.9022,,slider,1,0,-28.96,-28.94,-29.10,ACTIVE,NONE,1270,0,P,P,0.00,released,RELEASED
2026-05-20 20:54:58.958,51.3023,,slider,1,0,-28.96,-29.16,-29.10,ACTIVE,NONE,1280,0,P,P,0.00,released,RELEASED
2026-05-20 20:54:59.358,51.7024,,slider,1,0,-28.96,-29.04,-29.10,ACTIVE,NONE,1290,0,P,P,0.00,released,RELEASED
2026-05-20 20:54:59.759,52.1027,,slider,1,0,-30.76,-29.24,-29.10,ACTIVE,NONE,1300,0,P,P,0.00,released,RELEASED
2026-05-20 20:55:00.158,52.5024,,slider,1,0,-28.96,-29.34,-29.10,ACTIVE,NONE,1310,0,P,P,0.00,released,RELEASED
2026-05-20 20:55:00.559,52.9025,,slider,1,0,-28.96,-29.14,-29.10,ACTIVE,NONE,1320,0,P,P,0.00,released,RELEASED
2026-05-20 20:55:00.958,53.3024,,slider,1,0,-30.76,-29.07,-29.10,ACTIVE,NONE,1330,0,P,P,0.00,released,RELEASED
2026-05-20 20:55:01.359,53.7030,,slider,1,0,-30.76,-29.67,-29.10,ACTIVE,NONE,1340,0,P,P,0.00,released,RELEASED
2026-05-20 20:55:01.758,54.1024,,slider,1,0,-28.96,-29.12,-29.10,ACTIVE,NONE,1350,0,P,P,0.00,released,RELEASED
2026-05-20 20:55:02.159,54.5026,,slider,1,0,-30.76,-29.26,-29.10,ACTIVE,NONE,1360,0,P,P,0.00,released,RELEASED
2026-05-20 20:55:02.559,54.9025,,slider,1,0,-28.96,-29.68,-29.10,ACTIVE,NONE,1370,0,P,P,0.00,released,RELEASED
2026-05-20 20:55:02.959,55.3028,,slider,1,0,-28.96,-28.97,-29.10,ACTIVE,NONE,1380,0,P,P,0.00,released,RELEASED
2026-05-20 20:55:03.359,55.7032,,slider,1,0,-28.96,-29.33,-29.10,ACTIVE,NONE,1390,0,P,P,0.00,released,RELEASED
2026-05-20 20:55:03.759,56.1026,,slider,1,0,-28.96,-28.97,-29.10,ACTIVE,NONE,1400,0,P,P,0.00,released,RELEASED
2026-05-20 20:55:04.159,56.5026,,slider,1,0,-28.96,-29.59,-29.10,ACTIVE,NONE,1410,0,P,P,0.00,released,RELEASED
2026-05-20 20:55:04.559,56.9029,,slider,1,0,-28.96,-29.27,-29.10,ACTIVE,NONE,1420,0,P,P,0.00,released,RELEASED
2026-05-20 20:55:04.959,57.3027,,slider,1,0,-28.96,-28.99,-29.10,ACTIVE,NONE,1430,0,P,P,0.00,released,RELEASED
2026-05-20 20:55:05.359,57.7029,,slider,1,0,-28.96,-29.18,-29.10,ACTIVE,NONE,1440,0,P,P,0.00,released,RELEASED
2026-05-20 20:55:05.759,58.1030,,slider,1,0,-28.96,-29.84,-29.10,ACTIVE,NONE,1450,0,P,P,0.00,released,RELEASED
2026-05-20 20:55:06.159,58.5030,,slider,1,0,-28.96,-29.00,-29.10,ACTIVE,NONE,1460,0,P,P,0.00,released,RELEASED
2026-05-20 20:55:06.559,58.9032,,slider,1,0,-30.76,-29.02,-29.10,ACTIVE,NONE,1470,0,P,P,0.00,released,RELEASED
2026-05-20 20:55:06.959,59.3029,,slider,1,0,-28.96,-28.35,-29.10,ACTIVE,NONE,1480,0,P,P,0.00,released,RELEASED
2026-05-20 20:55:07.359,59.7029,,slider,1,0,-28.96,-29.42,-29.10,ACTIVE,NONE,1490,0,P,P,0.00,released,RELEASED
2026-05-20 20:55:07.759,60.1031,,slider,1,0,-30.76,-29.11,-29.10,ACTIVE,NONE,1500,0,P,P,0.00,released,RELEASED
2026-05-20 20:55:08.159,60.5031,,slider,1,0,-28.96,-29.10,-29.10,ACTIVE,NONE,1510,0,P,P,0.00,released,RELEASED
2026-05-20 20:55:08.559,60.9029,,slider,1,0,-28.96,-29.65,-29.10,ACTIVE,NONE,1520,0,P,P,0.00,released,RELEASED
2026-05-20 20:55:08.959,61.3030,,slider,1,0,-28.96,-29.00,-29.10,ACTIVE,NONE,1530,0,P,P,0.00,released,RELEASED
2026-05-20 20:55:09.359,61.7032,,slider,1,0,-28.96,-28.87,-29.10,ACTIVE,NONE,1540,0,P,P,0.00,released,RELEASED
2026-05-20 20:55:09.760,62.1035,,slider,1,0,-28.96,-29.44,-29.10,ACTIVE,NONE,1550,0,P,P,0.00,released,RELEASED
2026-05-20 20:55:10.159,62.5032,,slider,1,0,-28.96,-29.34,-29.10,ACTIVE,NONE,1560,0,P,P,0.00,released,RELEASED
2026-05-20 20:55:10.559,62.9031,,slider,1,0,-28.96,-28.28,-29.10,ACTIVE,NONE,1570,0,P,P,0.00,released,RELEASED
2026-05-20 20:55:10.959,63.3034,,slider,1,0,-28.96,-29.76,-29.00,ACTIVE,NONE,1580,0,P,P,0.00,released,RELEASED
2026-05-20 20:55:11.360,63.7036,,slider,1,0,-28.96,-29.02,-29.00,ACTIVE,NONE,1590,0,P,P,0.00,released,RELEASED
2026-05-20 20:55:11.760,64.1034,,slider,1,0,-28.96,-28.96,-29.00,ACTIVE,NONE,1600,0,P,P,0.00,released,RELEASED
2026-05-20 20:55:12.159,64.5033,,slider,1,0,-28.96,-29.34,-29.00,ACTIVE,NONE,1610,0,P,P,0.00,released,RELEASED
2026-05-20 20:55:12.559,64.9033,,slider,1,0,-28.96,-29.17,-29.00,ACTIVE,NONE,1620,0,P,P,0.00,released,RELEASED
2026-05-20 20:55:12.959,65.3034,,slider,1,0,-28.96,-29.71,-29.00,ACTIVE,NONE,1630,0,P,P,0.00,released,RELEASED
2026-05-20 20:55:13.360,65.7035,,slider,1,0,-28.96,-29.24,-29.00,ACTIVE,NONE,1640,0,P,P,0.00,released,RELEASED
2026-05-20 20:55:13.760,66.1043,,slider,1,0,-28.96,-28.88,-29.00,ACTIVE,NONE,1650,0,P,P,0.00,released,RELEASED
2026-05-20 20:55:14.160,66.5036,,slider,1,0,-28.96,-29.80,-29.00,ACTIVE,NONE,1660,0,P,P,0.00,released,RELEASED
2026-05-20 20:55:14.560,66.9035,,slider,1,0,-28.96,-29.25,-29.00,ACTIVE,NONE,1670,0,P,P,0.00,released,RELEASED
2026-05-20 20:55:14.960,67.3037,,slider,1,0,-28.96,-29.01,-29.00,ACTIVE,NONE,1680,0,P,P,0.00,released,RELEASED
2026-05-20 20:55:15.360,67.7037,,slider,1,0,-30.76,-29.26,-29.00,ACTIVE,NONE,1690,0,P,P,0.00,released,RELEASED
2026-05-20 20:55:15.760,68.1037,,slider,1,0,-28.96,-28.96,-29.00,ACTIVE,NONE,1700,0,P,P,0.00,released,RELEASED
2026-05-20 20:55:16.160,68.5037,,slider,1,0,-28.96,-29.94,-29.10,ACTIVE,NONE,1710,0,P,P,0.00,released,RELEASED
2026-05-20 20:55:16.560,68.9037,,slider,1,0,-28.96,-29.30,-29.10,ACTIVE,NONE,1720,0,P,P,0.00,released,RELEASED
2026-05-20 20:55:16.960,69.3037,,slider,1,0,-28.96,-28.89,-29.10,ACTIVE,NONE,1730,0,P,P,0.00,released,RELEASED
2026-05-20 20:55:17.360,69.7039,,slider,1,0,-28.96,-29.90,-29.20,ACTIVE,NONE,1740,0,P,P,0.00,released,RELEASED
2026-05-20 20:55:17.760,70.1039,,slider,1,0,-28.96,-29.30,-29.30,ACTIVE,NONE,1750,0,P,P,0.00,released,RELEASED
2026-05-20 20:55:18.160,70.5039,,slider,1,0,-30.76,-28.86,-29.30,ACTIVE,NONE,1760,0,P,P,0.00,released,RELEASED
2026-05-20 20:55:18.560,70.9039,,slider,1,0,-28.96,-29.30,-29.30,ACTIVE,NONE,1770,0,P,P,0.00,released,RELEASED
2026-05-20 20:55:18.960,71.3039,,slider,1,0,-28.96,-29.17,-29.30,ACTIVE,NONE,1780,0,P,P,0.00,released,RELEASED
2026-05-20 20:55:19.360,71.7044,,slider,1,0,-28.96,-29.40,-29.30,ACTIVE,NONE,1790,0,P,P,0.00,released,RELEASED
2026-05-20 20:55:19.760,72.1042,,slider,1,0,-28.96,-29.73,-29.30,ACTIVE,NONE,1800,0,P,P,0.00,released,RELEASED
2026-05-20 20:55:20.161,72.5045,,slider,1,0,-28.96,-28.84,-29.30,ACTIVE,NONE,1810,0,P,P,0.00,released,RELEASED
2026-05-20 20:55:20.560,72.9041,,slider,1,0,-28.96,-28.96,-29.20,ACTIVE,NONE,1820,0,P,P,0.00,released,RELEASED
2026-05-20 20:55:20.960,73.3041,,slider,1,0,-28.96,-28.84,-29.20,ACTIVE,NONE,1830,0,P,P,0.00,released,RELEASED
2026-05-20 20:55:21.360,73.7043,,slider,1,0,-28.96,-28.58,-28.90,ACTIVE,NONE,1840,0,P,P,0.00,released,RELEASED
2026-05-20 20:55:21.761,74.1045,,slider,1,0,-30.76,-29.40,-28.90,ACTIVE,NONE,1850,0,P,P,0.00,released,RELEASED
2026-05-20 20:55:22.160,74.5042,,slider,1,0,-28.96,-29.15,-28.90,ACTIVE,NONE,1860,0,P,P,0.00,released,RELEASED
2026-05-20 20:55:22.560,74.9043,,slider,1,0,-30.76,-28.83,-28.90,ACTIVE,NONE,1870,0,P,P,0.00,released,RELEASED
2026-05-20 20:55:22.961,75.3047,,slider,1,0,-28.96,-29.81,-28.90,ACTIVE,NONE,1880,0,P,P,0.00,released,RELEASED
2026-05-20 20:55:23.361,75.7049,,slider,1,0,-28.96,-29.04,-28.90,ACTIVE,NONE,1890,0,P,P,0.00,released,RELEASED
2026-05-20 20:55:23.760,76.1044,,slider,1,0,-30.76,-29.18,-28.90,ACTIVE,NONE,1900,0,P,P,0.00,released,RELEASED
2026-05-20 20:55:24.161,76.5044,,slider,1,0,-28.96,-29.14,-29.10,ACTIVE,NONE,1910,0,P,P,0.00,released,RELEASED
2026-05-20 20:55:24.561,76.9047,,slider,1,0,-28.96,-29.13,-29.10,ACTIVE,NONE,1920,0,P,P,0.00,released,RELEASED
2026-05-20 20:55:24.961,77.3046,,slider,1,0,-28.96,-29.77,-29.10,ACTIVE,NONE,1930,0,P,P,0.00,released,RELEASED
2026-05-20 20:55:25.361,77.7047,,slider,1,0,-28.96,-29.54,-29.20,ACTIVE,NONE,1940,0,P,P,0.00,released,RELEASED
2026-05-20 20:55:25.761,78.1048,,slider,1,0,-28.96,-29.20,-29.30,ACTIVE,NONE,1950,0,P,P,0.00,released,RELEASED
2026-05-20 20:55:26.161,78.5048,,slider,1,0,-30.76,-30.22,-29.30,ACTIVE,NONE,1960,0,P,P,0.00,released,RELEASED
2026-05-20 20:55:26.561,78.9050,,slider,1,0,-27.17,-29.16,-29.40,ACTIVE,NONE,1970,0,P,P,0.00,released,RELEASED
2026-05-20 20:55:26.961,79.3049,,slider,1,0,-30.76,-28.93,-29.40,ACTIVE,NONE,1980,0,P,P,0.00,released,RELEASED
2026-05-20 20:55:27.361,79.7047,,slider,1,0,-30.76,-29.30,-29.40,ACTIVE,NONE,1990,0,P,P,0.00,released,RELEASED
2026-05-20 20:55:27.761,80.1048,,slider,1,0,-28.96,-29.13,-29.40,ACTIVE,NONE,2000,0,P,P,0.00,released,RELEASED
2026-05-20 20:55:28.161,80.5048,,slider,1,0,-28.96,-29.85,-29.40,ACTIVE,NONE,2010,0,P,P,0.00,released,RELEASED
2026-05-20 20:55:28.561,80.9048,,slider,1,0,-28.96,-29.31,-29.40,ACTIVE,NONE,2020,0,P,P,0.00,released,RELEASED
2026-05-20 20:55:28.961,81.3048,,slider,1,0,-28.96,-28.63,-29.20,ACTIVE,NONE,2030,0,P,P,0.00,released,RELEASED
2026-05-20 20:55:29.361,81.7048,,slider,1,0,-28.96,-29.43,-29.10,ACTIVE,NONE,2040,0,P,P,0.00,released,RELEASED
2026-05-20 20:55:29.761,82.1049,,slider,1,0,-28.96,-28.91,-29.10,ACTIVE,NONE,2050,0,P,P,0.00,released,RELEASED
2026-05-20 20:55:30.161,82.5049,,slider,1,0,-28.96,-29.42,-29.00,ACTIVE,NONE,2060,0,P,P,0.00,released,RELEASED
2026-05-20 20:55:30.561,82.9051,,slider,1,0,-28.96,-29.02,-29.00,ACTIVE,NONE,2070,0,P,P,0.00,released,RELEASED
2026-05-20 20:55:30.961,83.3051,,slider,1,0,-28.96,-28.95,-29.00,ACTIVE,NONE,2080,0,P,P,0.00,released,RELEASED
2026-05-20 20:55:31.361,83.7051,,slider,1,0,-28.96,-29.55,-29.00,ACTIVE,NONE,2090,0,P,P,0.00,released,RELEASED
2026-05-20 20:55:31.761,84.1052,,slider,1,0,-27.17,-29.83,-29.00,ACTIVE,NONE,2100,0,P,P,0.00,released,RELEASED
2026-05-20 20:55:32.161,84.5051,,slider,1,0,-28.96,-28.96,-29.00,ACTIVE,NONE,2110,0,P,P,0.00,released,RELEASED
2026-05-20 20:55:32.561,84.9053,,slider,1,0,-28.96,-29.27,-29.00,ACTIVE,NONE,2120,0,P,P,0.00,released,RELEASED
2026-05-20 20:55:32.961,85.3052,,slider,1,0,-28.96,-29.62,-29.10,ACTIVE,NONE,2130,0,P,P,0.00,released,RELEASED
2026-05-20 20:55:33.361,85.7052,,slider,1,0,-28.96,-29.14,-29.10,ACTIVE,NONE,2140,0,P,P,0.00,released,RELEASED
2026-05-20 20:55:33.761,86.1052,,slider,1,0,-30.76,-29.26,-29.10,ACTIVE,NONE,2150,0,P,P,0.00,released,RELEASED
2026-05-20 20:55:34.161,86.5052,,slider,1,0,-28.96,-29.06,-29.10,ACTIVE,NONE,2160,0,P,P,0.00,released,RELEASED
2026-05-20 20:55:34.561,86.9053,,slider,1,0,-28.96,-29.05,-29.10,ACTIVE,NONE,2170,0,P,P,0.00,released,RELEASED
2026-05-20 20:55:34.961,87.3053,,slider,1,0,-28.96,-29.29,-29.10,ACTIVE,NONE,2180,0,P,P,0.00,released,RELEASED
2026-05-20 20:55:35.361,87.7053,,slider,1,0,-28.96,-29.17,-29.10,ACTIVE,NONE,2190,0,P,P,0.00,released,RELEASED
2026-05-20 20:55:35.762,88.1055,,slider,1,0,-28.96,-29.78,-29.10,ACTIVE,NONE,2200,0,P,P,0.00,released,RELEASED
2026-05-20 20:55:36.161,88.5054,,slider,1,0,-28.96,-29.30,-29.20,ACTIVE,NONE,2210,0,P,P,0.00,released,RELEASED
2026-05-20 20:55:36.562,88.9054,,slider,1,0,-28.96,-28.89,-29.20,ACTIVE,NONE,2220,0,P,P,0.00,released,RELEASED
2026-05-20 20:55:36.962,89.3054,,slider,1,0,-28.96,-29.45,-29.20,ACTIVE,NONE,2230,0,P,P,0.00,released,RELEASED
2026-05-20 20:55:37.362,89.7056,,slider,1,0,-28.96,-29.41,-29.20,ACTIVE,NONE,2240,0,P,P,0.00,released,RELEASED
2026-05-20 20:55:37.762,90.1057,,slider,1,0,-28.96,-28.94,-29.20,ACTIVE,NONE,2250,0,P,P,0.00,released,RELEASED
2026-05-20 20:55:38.162,90.5057,,slider,1,0,-30.76,-29.21,-29.20,ACTIVE,NONE,2260,0,P,P,0.00,released,RELEASED
2026-05-20 20:55:38.562,90.9056,,slider,1,0,-28.96,-29.01,-29.20,ACTIVE,NONE,2270,0,P,P,0.00,released,RELEASED
2026-05-20 20:55:38.962,91.3056,,slider,1,0,-30.76,-29.21,-29.20,ACTIVE,NONE,2280,0,P,P,0.00,released,RELEASED
2026-05-20 20:55:39.362,91.7057,,slider,1,0,-28.96,-29.01,-29.20,ACTIVE,NONE,2290,0,P,P,0.00,released,RELEASED
2026-05-20 20:55:39.762,92.1057,,slider,1,0,-28.96,-28.96,-29.10,ACTIVE,NONE,2300,0,P,P,0.00,released,RELEASED
2026-05-20 20:55:40.162,92.5057,,slider,1,0,-28.96,-29.11,-29.00,ACTIVE,NONE,2310,0,P,P,0.00,released,RELEASED
2026-05-20 20:55:40.562,92.9058,,slider,1,0,-28.96,-29.02,-29.00,ACTIVE,NONE,2320,0,P,P,0.00,released,RELEASED
2026-05-20 20:55:40.962,93.3060,,slider,1,0,-28.96,-28.84,-29.00,ACTIVE,NONE,2330,0,P,P,0.00,released,RELEASED
2026-05-20 20:55:41.362,93.7058,,slider,1,0,-30.76,-28.72,-29.00,ACTIVE,NONE,2340,0,P,P,0.00,released,RELEASED
2026-05-20 20:55:41.762,94.1059,,slider,1,0,-28.96,-28.65,-29.00,ACTIVE,NONE,2350,0,P,P,0.00,released,RELEASED
2026-05-20 20:55:42.162,94.5059,,slider,1,0,-28.96,-28.89,-28.80,ACTIVE,NONE,2360,0,P,P,0.00,released,RELEASED
2026-05-20 20:55:42.562,94.9060,,slider,1,0,-30.76,-29.55,-28.80,ACTIVE,NONE,2370,0,P,P,0.00,released,RELEASED
2026-05-20 20:55:42.962,95.3060,,slider,1,0,-28.96,-29.22,-28.80,ACTIVE,NONE,2380,0,P,P,0.00,released,RELEASED
2026-05-20 20:55:43.362,95.7060,,slider,1,0,-28.96,-28.97,-28.80,ACTIVE,NONE,2390,0,P,P,0.00,released,RELEASED
2026-05-20 20:55:43.762,96.1060,,slider,1,0,-30.76,-29.05,-28.80,ACTIVE,NONE,2400,0,P,P,0.00,released,RELEASED
2026-05-20 20:55:44.162,96.5061,,slider,1,0,-28.96,-29.17,-28.80,ACTIVE,NONE,2410,0,P,P,0.00,released,RELEASED
2026-05-20 20:55:44.562,96.9061,,slider,1,0,-28.96,-29.25,-29.10,ACTIVE,NONE,2420,0,P,P,0.00,released,RELEASED
2026-05-20 20:55:44.962,97.3062,,slider,1,0,-28.96,-28.89,-29.10,ACTIVE,NONE,2430,0,P,P,0.00,released,RELEASED
2026-05-20 20:55:45.362,97.7062,,slider,1,0,-28.96,-29.07,-29.10,ACTIVE,NONE,2440,0,P,P,0.00,released,RELEASED
2026-05-20 20:55:45.763,98.1066,,slider,1,0,-30.76,-29.40,-29.10,ACTIVE,NONE,2450,0,P,P,0.00,released,RELEASED
2026-05-20 20:55:46.162,98.5063,,slider,1,0,-27.17,-29.12,-29.20,ACTIVE,NONE,2460,0,P,P,0.00,released,RELEASED
2026-05-20 20:55:46.562,98.9064,,slider,1,0,-28.96,-29.23,-29.20,ACTIVE,NONE,2470,0,P,P,0.00,released,RELEASED
2026-05-20 20:55:46.963,99.3065,,slider,1,0,-28.96,-29.27,-29.20,ACTIVE,NONE,2480,0,P,P,0.00,released,RELEASED
2026-05-20 20:55:47.362,99.7064,,slider,1,0,-27.17,-28.98,-29.20,ACTIVE,NONE,2490,0,P,P,0.00,released,RELEASED
2026-05-20 20:55:47.763,100.1065,,slider,1,0,-28.96,-29.01,-29.20,ACTIVE,NONE,2500,0,P,P,0.00,released,RELEASED
2026-05-20 20:55:48.163,100.5064,,slider,1,0,-28.96,-30.29,-29.20,ACTIVE,NONE,2510,0,P,P,0.00,released,RELEASED
2026-05-20 20:55:48.563,100.9066,,slider,1,0,-28.96,-29.03,-29.20,ACTIVE,NONE,2520,0,P,P,0.00,released,RELEASED
2026-05-20 20:55:48.963,101.3065,,slider,1,0,-28.96,-29.04,-29.20,ACTIVE,NONE,2530,0,P,P,0.00,released,RELEASED
2026-05-20 20:55:49.347,101.6914,,slider,1,0,194.98,30.63,3.10,ACTIVE,NONE,2540,0,P,P,0.00,released,RELEASED
2026-05-20 20:55:49.747,102.0908,,slider,1,0,208.77,102.63,76.70,ACTIVE,NONE,2550,0,P,P,0.00,released,RELEASED
2026-05-20 20:55:50.147,102.4911,,slider,1,0,62.92,155.57,150.70,ACTIVE,NONE,2560,0,P,P,0.00,released,RELEASED
2026-05-20 20:55:50.556,102.8999,,slider,1,0,-360.00,86.57,113.80,ACTIVE,NONE,2570,0,P,P,0.00,released,RELEASED
2026-05-20 20:55:50.958,103.3017,,slider,1,0,-355.55,14.57,41.00,ACTIVE,NONE,2580,0,P,P,0.00,released,RELEASED
2026-05-20 20:55:51.358,103.7017,,slider,1,0,-355.55,-57.43,-31.30,ACTIVE,NONE,2590,0,P,P,0.00,released,RELEASED
2026-05-20 20:55:51.758,104.1016,,slider,1,0,-355.55,-129.43,-103.90,ACTIVE,NONE,2600,0,P,P,0.00,released,RELEASED
2026-05-20 20:55:52.158,104.5018,,slider,1,0,-360.00,-201.43,-177.20,ACTIVE,NONE,2610,0,P,P,0.00,released,RELEASED
2026-05-20 20:55:52.558,104.9017,,slider,1,0,-360.00,-273.43,-249.40,ACTIVE,NONE,2620,0,P,P,0.00,released,RELEASED
2026-05-20 20:55:52.958,105.3019,,slider,1,0,-360.00,-345.43,-320.70,ACTIVE,NONE,2630,0,P,P,0.00,released,RELEASED
2026-05-20 20:55:53.358,105.7018,,slider,1,0,-355.57,-354.62,-353.70,ACTIVE,NONE,2640,0,P,P,0.00,released,RELEASED
2026-05-20 20:55:53.758,106.1018,,slider,1,0,88.47,-287.80,-317.70,ACTIVE,NONE,2650,0,P,P,0.00,released,RELEASED
2026-05-20 20:55:54.160,106.5041,,slider,1,0,355.58,-218.80,-245.00,ACTIVE,NONE,2660,0,P,P,0.00,released,RELEASED
2026-05-20 20:55:54.561,106.9046,,slider,1,0,0.00,-146.80,-171.60,ACTIVE,NONE,2670,0,P,P,0.00,released,RELEASED
2026-05-20 20:55:54.945,107.2887,,slider,1,0,0.00,-77.80,-101.30,ACTIVE,NONE,2680,0,P,P,0.00,released,RELEASED
2026-05-20 20:55:55.345,107.6888,,slider,1,0,0.00,-5.80,-29.70,ACTIVE,NONE,2690,0,P,P,0.00,released,RELEASED
2026-05-20 20:55:55.745,108.0889,,slider,1,0,0.00,0.02,-1.30,ACTIVE,NONE,2700,0,P,P,0.00,released,RELEASED
2026-05-20 20:55:56.145,108.4890,,slider,1,0,0.00,0.60,1.20,ACTIVE,NONE,2710,0,P,P,0.00,released,RELEASED
2026-05-20 20:55:56.545,108.8889,,slider,1,0,0.00,0.09,1.20,ACTIVE,NONE,2720,0,P,P,0.00,released,RELEASED
2026-05-20 20:55:56.945,109.2890,,slider,1,0,0.00,0.54,1.00,ACTIVE,NONE,2730,0,P,P,0.00,released,RELEASED
2026-05-20 20:55:57.345,109.6891,,slider,1,0,0.00,1.16,0.70,ACTIVE,NONE,2740,0,P,P,0.00,released,RELEASED
2026-05-20 20:55:57.745,110.0890,,slider,1,0,0.00,0.06,0.60,ACTIVE,NONE,2750,0,P,P,0.00,released,RELEASED
2026-05-20 20:55:58.145,110.4893,,slider,1,0,0.00,0.00,0.20,ACTIVE,NONE,2760,0,P,P,0.00,released,RELEASED
2026-05-20 20:55:58.545,110.8891,,slider,1,0,0.00,0.00,0.00,ACTIVE,NONE,2770,0,P,P,0.00,released,RELEASED
2026-05-20 20:55:58.945,111.2892,,slider,1,0,0.00,0.00,0.00,ACTIVE,NONE,2780,0,P,P,0.00,released,RELEASED
2026-05-20 20:55:59.345,111.6894,,slider,1,0,0.00,0.00,0.00,ACTIVE,NONE,2790,0,P,P,0.00,released,RELEASED
2026-05-20 20:55:59.746,112.0894,,slider,1,0,0.00,0.00,0.00,ACTIVE,NONE,2800,0,P,P,0.00,released,RELEASED
2026-05-20 20:56:00.146,112.4896,,slider,1,0,0.00,0.00,0.00,ACTIVE,NONE,2810,0,P,P,0.00,released,RELEASED
2026-05-20 20:56:00.546,112.8895,,slider,1,0,0.00,0.00,0.00,ACTIVE,NONE,2820,0,P,P,0.00,released,RELEASED
2026-05-20 20:56:00.946,113.2897,,slider,1,0,0.00,0.00,0.00,ACTIVE,NONE,2830,0,P,P,0.00,released,RELEASED
2026-05-20 20:56:01.346,113.6896,,slider,1,0,0.00,0.00,0.00,ACTIVE,NONE,2840,0,P,P,0.00,released,RELEASED
2026-05-20 20:56:01.746,114.0895,,slider,1,0,0.00,0.00,0.00,ACTIVE,NONE,2850,0,P,P,0.00,released,RELEASED
2026-05-20 20:56:02.146,114.4896,,slider,1,0,0.00,0.00,0.00,ACTIVE,NONE,2860,0,P,P,0.00,released,RELEASED
2026-05-20 20:56:02.546,114.8899,,slider,1,0,0.00,0.00,0.00,ACTIVE,NONE,2870,0,P,P,0.00,released,RELEASED
2026-05-20 20:56:02.946,115.2897,,slider,1,0,0.00,0.00,0.00,ACTIVE,NONE,2880,0,P,P,0.00,released,RELEASED
2026-05-20 20:56:03.346,115.6896,,slider,1,0,0.00,0.00,0.00,ACTIVE,NONE,2890,0,P,P,0.00,released,RELEASED
2026-05-20 20:56:03.746,116.0896,,slider,1,0,0.00,0.00,0.00,ACTIVE,NONE,2900,0,P,P,0.00,released,RELEASED
2026-05-20 20:56:04.146,116.4898,,slider,1,0,0.00,0.00,0.00,ACTIVE,NONE,2910,0,P,P,0.00,released,RELEASED
2026-05-20 20:56:04.546,116.8900,,slider,1,0,0.00,0.00,0.00,ACTIVE,NONE,2920,0,P,P,0.00,released,RELEASED
2026-05-20 20:56:04.946,117.2897,,slider,1,0,0.00,0.00,0.00,ACTIVE,NONE,2930,0,P,P,0.00,released,RELEASED
2026-05-20 20:56:05.346,117.6899,,slider,1,0,0.00,0.00,0.00,ACTIVE,NONE,2940,0,P,P,0.00,released,RELEASED
2026-05-20 20:56:05.746,118.0899,,slider,1,0,0.00,0.00,0.00,ACTIVE,NONE,2950,0,P,P,0.00,released,RELEASED
2026-05-20 20:56:06.146,118.4900,,slider,1,0,0.00,0.00,0.00,ACTIVE,NONE,2960,0,P,P,0.00,released,RELEASED
2026-05-20 20:56:06.546,118.8901,,slider,1,0,0.00,0.00,0.00,ACTIVE,NONE,2970,0,P,P,0.00,released,RELEASED
2026-05-20 20:56:06.946,119.2902,,slider,1,0,0.00,0.00,0.00,ACTIVE,NONE,2980,0,P,P,0.00,released,RELEASED
2026-05-20 20:56:07.346,119.6902,,slider,1,0,0.00,0.00,0.00,ACTIVE,NONE,2990,0,P,P,0.00,released,RELEASED
2026-05-20 20:56:07.746,120.0900,,slider,1,0,0.00,0.00,0.00,ACTIVE,NONE,3000,0,P,P,0.00,released,RELEASED
2026-05-20 20:56:08.146,120.4902,,slider,1,0,0.00,0.00,0.00,ACTIVE,NONE,3010,0,P,P,0.00,released,RELEASED
2026-05-20 20:56:08.546,120.8902,,slider,1,0,0.00,0.00,0.00,ACTIVE,NONE,3020,0,P,P,0.00,released,RELEASED
2026-05-20 20:56:08.946,121.2903,,slider,1,0,0.00,0.00,0.00,ACTIVE,NONE,3030,0,P,P,0.00,released,RELEASED
2026-05-20 20:56:09.346,121.6901,,slider,1,0,0.00,0.00,0.00,ACTIVE,NONE,3040,0,P,P,0.00,released,RELEASED
2026-05-20 20:56:09.746,122.0903,,slider,1,0,0.00,0.00,0.00,ACTIVE,NONE,3050,0,P,P,0.00,released,RELEASED
2026-05-20 20:56:10.146,122.4903,,slider,1,0,0.00,0.00,0.00,ACTIVE,NONE,3060,0,P,P,0.00,released,RELEASED
2026-05-20 20:56:10.546,122.8904,,slider,1,0,0.00,0.00,0.00,ACTIVE,NONE,3070,0,P,P,0.00,released,RELEASED
2026-05-20 20:56:10.946,123.2902,,slider,1,0,0.00,0.00,0.00,ACTIVE,NONE,3080,0,P,P,0.00,released,RELEASED
2026-05-20 20:56:11.346,123.6904,,slider,1,0,0.00,0.00,0.00,ACTIVE,NONE,3090,0,P,P,0.00,released,RELEASED
2026-05-20 20:56:11.746,124.0903,,slider,1,0,0.00,0.00,0.00,ACTIVE,NONE,3100,0,P,P,0.00,released,RELEASED
2026-05-20 20:56:12.147,124.4908,,slider,1,0,0.00,0.00,0.00,ACTIVE,NONE,3110,0,P,P,0.00,released,RELEASED
2026-05-20 20:56:12.547,124.8906,,slider,1,0,0.00,0.00,0.00,ACTIVE,NONE,3120,0,P,P,0.00,released,RELEASED
2026-05-20 20:56:12.947,125.2905,,slider,1,0,0.00,0.00,0.00,ACTIVE,NONE,3130,0,P,P,0.00,released,RELEASED
2026-05-20 20:56:13.347,125.6905,,slider,1,0,0.00,0.00,0.00,ACTIVE,NONE,3140,0,P,P,0.00,released,RELEASED
2026-05-20 20:56:13.747,126.0908,,slider,1,0,0.00,0.00,0.00,ACTIVE,NONE,3150,0,P,P,0.00,released,RELEASED
2026-05-20 20:56:14.147,126.4909,,slider,1,0,0.00,0.00,0.00,ACTIVE,NONE,3160,0,P,P,0.00,released,RELEASED
2026-05-20 20:56:14.547,126.8910,,slider,1,0,0.00,0.00,0.00,ACTIVE,NONE,3170,0,P,P,0.00,released,RELEASED
2026-05-20 20:56:14.947,127.2910,,slider,1,0,0.00,0.00,0.00,ACTIVE,NONE,3180,0,P,P,0.00,released,RELEASED
2026-05-20 20:56:15.347,127.6909,,slider,1,0,0.00,0.00,0.00,ACTIVE,NONE,3190,0,P,P,0.00,released,RELEASED
2026-05-20 20:56:15.747,128.0908,,slider,1,0,0.00,0.00,0.00,ACTIVE,NONE,3200,0,P,P,0.00,released,RELEASED
2026-05-20 20:56:16.147,128.4910,,slider,1,0,-7.40,0.00,0.00,ACTIVE,NONE,3210,0,P,P,0.00,released,RELEASED
2026-05-20 20:56:16.553,128.8968,,slider,1,0,-151.70,-68.69,-39.60,ACTIVE,NONE,3220,0,P,P,0.00,released,RELEASED
2026-05-20 20:56:16.953,129.2969,,slider,1,0,-151.70,-120.57,-98.00,ACTIVE,NONE,3230,0,P,P,0.00,released,RELEASED
2026-05-20 20:56:17.353,129.6971,,slider,1,0,-154.17,-150.82,-146.00,ACTIVE,NONE,3240,0,P,P,0.00,released,RELEASED
2026-05-20 20:56:17.753,130.0967,,slider,1,0,-154.17,-152.71,-151.90,ACTIVE,NONE,3250,0,P,P,0.00,released,RELEASED
2026-05-20 20:56:18.153,130.4973,,slider,1,0,0.00,-126.25,-149.10,ACTIVE,NONE,3260,0,P,P,0.00,released,RELEASED
2026-05-20 20:56:18.553,130.8970,,slider,1,0,169.50,-54.25,-83.30,ACTIVE,NONE,3270,0,P,P,0.00,released,RELEASED
2026-05-20 20:56:18.953,131.2970,,slider,1,0,166.88,17.75,-7.90,ACTIVE,NONE,3280,0,P,P,0.00,released,RELEASED
2026-05-20 20:56:19.358,131.7019,,slider,1,0,166.88,89.75,63.50,ACTIVE,NONE,3290,0,P,P,0.00,released,RELEASED
2026-05-20 20:56:19.763,132.1070,,slider,1,0,166.88,161.75,135.70,ACTIVE,NONE,3300,0,P,P,0.00,released,RELEASED
2026-05-20 20:56:20.163,132.5069,,slider,1,0,166.88,167.01,165.50,ACTIVE,NONE,3310,0,P,P,0.00,released,RELEASED
2026-05-20 20:56:20.563,132.9071,,slider,1,0,169.50,166.27,166.70,ACTIVE,NONE,3320,0,P,P,0.00,released,RELEASED
2026-05-20 20:56:20.963,133.3070,,slider,1,0,-40.86,123.85,151.30,ACTIVE,NONE,3330,0,P,P,0.00,released,RELEASED
2026-05-20 20:56:21.346,133.6904,,slider,1,0,-151.70,54.85,82.40,ACTIVE,NONE,3340,0,P,P,0.00,released,RELEASED
2026-05-20 20:56:21.747,134.0911,,slider,1,0,-151.70,-17.15,7.60,ACTIVE,NONE,3350,0,P,P,0.00,released,RELEASED
2026-05-20 20:56:22.148,134.4923,,slider,1,0,-151.70,-89.15,-64.70,ACTIVE,NONE,3360,0,P,P,0.00,released,RELEASED
2026-05-20 20:56:22.548,134.8921,,slider,1,0,-151.70,-151.96,-136.80,ACTIVE,NONE,3370,0,P,P,0.00,released,RELEASED
2026-05-20 20:56:22.948,135.2923,,slider,1,0,-151.70,-151.97,-150.50,ACTIVE,NONE,3380,0,P,P,0.00,released,RELEASED
2026-05-20 20:56:23.348,135.6923,,slider,1,0,0.00,-114.23,-139.70,ACTIVE,NONE,3390,0,P,P,0.00,released,RELEASED
2026-05-20 20:56:23.748,136.0922,,slider,1,0,0.00,-42.23,-69.90,ACTIVE,NONE,3400,0,P,P,0.00,released,RELEASED
2026-05-20 20:56:24.148,136.4922,,slider,1,0,0.00,-0.11,-5.20,ACTIVE,NONE,3410,0,P,P,0.00,released,RELEASED
2026-05-20 20:56:24.548,136.8923,,slider,1,0,0.00,-0.01,-0.70,ACTIVE,NONE,3420,0,P,P,0.00,released,RELEASED
2026-05-20 20:56:24.948,137.2923,,slider,1,0,0.00,-0.00,-0.20,ACTIVE,NONE,3430,0,P,P,0.00,released,RELEASED
2026-05-20 20:56:25.348,137.6923,,slider,1,0,0.00,-0.00,0.00,ACTIVE,NONE,3440,0,P,P,0.00,released,RELEASED
2026-05-20 20:56:25.748,138.0924,,slider,1,0,0.00,-0.00,0.00,ACTIVE,NONE,3450,0,P,P,0.00,released,RELEASED
2026-05-20 20:56:26.149,138.4924,,slider,1,0,0.00,-0.00,0.00,ACTIVE,NONE,3460,0,P,P,0.00,released,RELEASED
2026-05-20 20:56:26.549,138.8925,,slider,1,0,0.00,-0.00,0.00,ACTIVE,NONE,3470,0,P,P,0.00,released,RELEASED
2026-05-20 20:56:26.949,139.2926,,slider,1,0,0.00,-0.00,0.00,ACTIVE,NONE,3480,0,P,P,0.00,released,RELEASED
2026-05-20 20:56:27.349,139.6929,,slider,1,0,0.00,-0.00,0.00,ACTIVE,NONE,3490,0,P,P,0.00,released,RELEASED
2026-05-20 20:56:27.749,140.0927,,slider,1,0,0.00,-0.00,0.00,ACTIVE,NONE,3500,0,P,P,0.00,released,RELEASED
2026-05-20 20:56:28.149,140.4928,,slider,1,0,0.00,-0.00,0.00,ACTIVE,NONE,3510,0,P,P,0.00,released,RELEASED
2026-05-20 20:56:28.549,140.8928,,slider,1,0,0.00,-0.00,0.00,ACTIVE,NONE,3520,0,P,P,0.00,released,RELEASED
2026-05-20 20:56:28.949,141.2928,,slider,1,0,0.00,-0.00,0.00,ACTIVE,NONE,3530,0,P,P,0.00,released,RELEASED
2026-05-20 20:56:29.349,141.6929,,slider,1,0,0.00,-0.00,0.00,ACTIVE,NONE,3540,0,P,P,0.00,released,RELEASED
2026-05-20 20:56:29.749,142.0929,,slider,1,0,0.00,-0.00,0.00,ACTIVE,NONE,3550,0,P,P,0.00,released,RELEASED
2026-05-20 20:56:30.149,142.4928,,slider,1,0,0.00,-0.00,0.00,ACTIVE,NONE,3560,0,P,P,0.00,released,RELEASED
2026-05-20 20:56:30.549,142.8930,,slider,1,0,0.00,-0.00,0.00,ACTIVE,NONE,3570,0,P,P,0.00,released,RELEASED
2026-05-20 20:56:30.949,143.2930,,slider,1,0,0.00,-0.00,0.00,ACTIVE,NONE,3580,0,P,P,0.00,released,RELEASED
2026-05-20 20:56:31.349,143.6930,,slider,1,0,0.00,-0.00,0.00,ACTIVE,NONE,3590,0,P,P,0.00,released,RELEASED
2026-05-20 20:56:31.749,144.0932,,slider,1,0,0.00,-0.00,0.00,ACTIVE,NONE,3600,0,P,P,0.00,released,RELEASED
2026-05-20 20:56:32.149,144.4930,,slider,1,0,0.00,-0.00,0.00,ACTIVE,NONE,3610,0,P,P,0.00,released,RELEASED
2026-05-20 20:56:32.549,144.8930,,slider,1,0,0.00,-0.00,0.00,ACTIVE,NONE,3620,0,P,P,0.00,released,RELEASED
2026-05-20 20:56:32.949,145.2930,,slider,1,0,0.00,-0.00,0.00,ACTIVE,NONE,3630,0,P,P,0.00,released,RELEASED
2026-05-20 20:56:33.349,145.6931,,slider,1,0,0.00,-0.00,0.00,ACTIVE,NONE,3640,0,P,P,0.00,released,RELEASED
2026-05-20 20:56:33.750,146.0936,,slider,1,0,0.00,-0.00,0.00,ACTIVE,NONE,3650,0,P,P,0.00,released,RELEASED
2026-05-20 20:56:34.149,146.4934,,slider,1,0,0.00,-0.00,0.00,ACTIVE,NONE,3660,0,P,P,0.00,released,RELEASED
2026-05-20 20:56:34.549,146.8934,,slider,1,0,0.00,-0.00,0.00,ACTIVE,NONE,3670,0,P,P,0.00,released,RELEASED
2026-05-20 20:56:34.949,147.2932,,slider,1,0,0.00,-0.00,0.00,ACTIVE,NONE,3680,0,P,P,0.00,released,RELEASED
2026-05-20 20:56:35.349,147.6933,,slider,1,0,0.00,-0.00,0.00,ACTIVE,NONE,3690,0,P,P,0.00,released,RELEASED
2026-05-20 20:56:35.749,148.0933,,slider,1,0,0.00,-0.00,0.00,ACTIVE,NONE,3700,0,P,P,0.00,released,RELEASED
2026-05-20 20:56:36.149,148.4934,,slider,1,0,169.50,26.25,6.40,ACTIVE,NONE,3710,0,P,P,0.00,released,RELEASED
2026-05-20 20:56:36.550,148.8936,,slider,1,0,169.50,98.25,74.10,ACTIVE,NONE,3720,0,P,P,0.00,released,RELEASED
2026-05-20 20:56:36.952,149.2961,,slider,1,0,169.50,168.39,146.50,ACTIVE,NONE,3730,0,P,P,0.00,released,RELEASED
2026-05-20 20:56:37.352,149.6964,,slider,1,0,166.88,166.84,165.60,ACTIVE,NONE,3740,0,P,P,0.00,released,RELEASED
2026-05-20 20:56:37.758,150.1022,,slider,1,0,-151.70,106.86,135.60,ACTIVE,NONE,3750,0,P,P,0.00,released,RELEASED
2026-05-20 20:56:38.159,150.5025,,slider,1,0,-151.70,34.86,62.90,ACTIVE,NONE,3760,0,P,P,0.00,released,RELEASED
2026-05-20 20:56:38.547,150.8909,,slider,1,0,-154.17,-34.14,-9.70,ACTIVE,NONE,3770,0,P,P,0.00,released,RELEASED
2026-05-20 20:56:38.947,151.2912,,slider,1,0,-151.70,-106.14,-81.60,ACTIVE,NONE,3780,0,P,P,0.00,released,RELEASED
2026-05-20 20:56:39.345,151.6892,,slider,1,0,-151.70,-151.07,-146.30,ACTIVE,NONE,3790,0,P,P,0.00,released,RELEASED
2026-05-20 20:56:39.754,152.0977,,slider,1,0,-87.18,-143.13,-150.30,ACTIVE,NONE,3800,0,P,P,0.00,released,RELEASED
2026-05-20 20:56:40.146,152.4899,,slider,1,0,67.30,-74.13,-101.50,ACTIVE,NONE,3810,0,P,P,0.00,released,RELEASED
2026-05-20 20:56:40.546,152.8900,,slider,1,0,166.88,-2.13,-26.50,ACTIVE,NONE,3820,0,P,P,0.00,released,RELEASED
2026-05-20 20:56:40.946,153.2899,,slider,1,0,166.88,69.87,46.50,ACTIVE,NONE,3830,0,P,P,0.00,released,RELEASED
2026-05-20 20:56:41.346,153.6900,,slider,1,0,39.28,135.87,118.80,ACTIVE,NONE,3840,0,P,P,0.00,released,RELEASED
2026-05-20 20:56:41.746,154.0900,,slider,1,0,17.83,66.87,91.50,ACTIVE,NONE,3850,0,P,P,0.00,released,RELEASED
2026-05-20 20:56:42.146,154.4904,,slider,1,0,36.15,28.51,30.60,ACTIVE,NONE,3860,0,P,P,0.00,released,RELEASED
2026-05-20 20:56:42.546,154.8902,,slider,1,0,36.15,34.71,33.30,ACTIVE,NONE,3870,0,P,P,0.00,released,RELEASED
2026-05-20 20:56:42.948,155.2917,,slider,1,0,48.86,42.42,37.90,ACTIVE,NONE,3880,0,P,P,0.00,released,RELEASED
2026-05-20 20:56:43.349,155.6930,,slider,1,0,70.79,61.93,55.90,ACTIVE,NONE,3890,0,P,P,0.00,released,RELEASED
2026-05-20 20:56:43.750,156.0938,,slider,1,0,154.17,113.56,91.50,ACTIVE,NONE,3900,0,P,P,0.00,released,RELEASED
2026-05-20 20:56:44.150,156.4939,,slider,1,0,166.88,163.68,155.70,ACTIVE,NONE,3910,0,P,P,0.00,released,RELEASED
2026-05-20 20:56:44.550,156.8939,,slider,1,0,128.23,166.53,166.20,ACTIVE,NONE,3920,0,P,P,0.00,released,RELEASED
2026-05-20 20:56:44.950,157.2936,,slider,1,0,79.76,94.53,120.90,ACTIVE,NONE,3930,0,P,P,0.00,released,RELEASED
2026-05-20 20:56:45.352,157.6958,,slider,1,0,151.70,117.34,99.40,ACTIVE,NONE,3940,0,P,P,0.00,released,RELEASED
2026-05-20 20:56:45.752,158.0955,,slider,1,0,135.04,127.50,125.60,ACTIVE,NONE,3950,0,P,P,0.00,released,RELEASED
2026-05-20 20:56:46.152,158.4956,,slider,1,0,166.88,163.02,152.90,ACTIVE,NONE,3960,0,P,P,0.00,released,RELEASED
2026-05-20 20:56:46.551,158.8954,,slider,1,0,166.88,166.65,165.40,ACTIVE,NONE,3970,0,P,P,0.00,released,RELEASED
2026-05-20 20:56:46.951,159.2954,,slider,1,0,166.88,166.77,168.00,ACTIVE,NONE,3980,0,P,P,0.00,released,RELEASED
2026-05-20 20:56:47.351,159.6954,,slider,1,0,39.28,120.35,144.60,ACTIVE,NONE,3990,0,P,P,0.00,released,RELEASED
2026-05-20 20:56:47.748,160.0918,,slider,1,0,10.37,51.35,75.40,ACTIVE,NONE,4000,0,P,P,0.00,released,RELEASED
2026-05-20 20:56:48.149,160.4925,,slider,1,0,0.00,1.53,8.60,ACTIVE,NONE,4010,0,P,P,0.00,released,RELEASED
2026-05-20 20:56:48.548,160.8919,,slider,1,0,0.00,0.08,1.00,ACTIVE,NONE,4020,0,P,P,0.00,released,RELEASED
2026-05-20 20:56:48.952,161.2958,,slider,1,0,-23.86,-12.56,-4.50,ACTIVE,NONE,4030,0,P,P,0.00,released,RELEASED
2026-05-20 20:56:49.355,161.6986,,slider,1,0,-130.48,-70.61,-49.60,ACTIVE,NONE,4040,0,P,P,0.00,released,RELEASED
2026-05-20 20:56:49.758,162.1023,,slider,1,0,-151.70,-139.61,-117.20,ACTIVE,NONE,4050,0,P,P,0.00,released,RELEASED
2026-05-20 20:56:50.148,162.4916,,slider,1,0,-151.70,-150.95,-148.30,ACTIVE,NONE,4060,0,P,P,0.00,released,RELEASED
2026-05-20 20:56:50.551,162.8949,,slider,1,0,45.63,-97.01,-121.20,ACTIVE,NONE,4070,0,P,P,0.00,released,RELEASED
2026-05-20 20:56:50.957,163.3006,,slider,1,0,169.50,-25.01,-50.30,ACTIVE,NONE,4080,0,P,P,0.00,released,RELEASED
2026-05-20 20:56:51.362,163.7059,,slider,1,0,0.00,36.59,23.30,ACTIVE,NONE,4090,0,P,P,0.00,released,RELEASED
2026-05-20 20:56:51.751,164.0945,,slider,1,0,0.00,1.96,9.40,ACTIVE,NONE,4100,0,P,P,0.00,released,RELEASED
2026-05-20 20:56:52.155,164.4989,,slider,1,0,0.00,0.10,1.50,ACTIVE,NONE,4110,0,P,P,0.00,released,RELEASED
2026-05-20 20:56:52.555,164.8989,,slider,1,0,0.00,0.00,0.10,ACTIVE,NONE,4120,0,P,P,0.00,released,RELEASED
2026-05-20 20:56:52.955,165.2989,,slider,1,0,0.00,0.00,0.00,ACTIVE,NONE,4130,0,P,P,0.00,released,RELEASED
2026-05-20 20:56:53.355,165.6989,,slider,1,0,0.00,0.00,0.00,ACTIVE,NONE,4140,0,P,P,0.00,released,RELEASED
2026-05-20 20:56:53.755,166.0989,,slider,1,0,0.00,0.00,0.00,ACTIVE,NONE,4150,0,P,P,0.00,released,RELEASED
2026-05-20 20:56:54.155,166.4990,,slider,1,0,0.00,0.00,0.00,ACTIVE,NONE,4160,0,P,P,0.00,released,RELEASED
2026-05-20 20:56:54.555,166.8989,,slider,1,0,0.00,0.00,0.00,ACTIVE,NONE,4170,0,P,P,0.00,released,RELEASED
2026-05-20 20:56:54.955,167.2989,,slider,1,0,0.00,0.00,0.00,ACTIVE,NONE,4180,0,P,P,0.00,released,RELEASED
2026-05-20 20:56:55.355,167.6992,,slider,1,0,0.00,0.00,0.00,ACTIVE,NONE,4190,0,P,P,0.00,released,RELEASED
2026-05-20 20:56:55.755,168.0990,,slider,1,0,0.00,0.00,0.00,ACTIVE,NONE,4200,0,P,P,0.00,released,RELEASED
2026-05-20 20:56:56.155,168.4992,,slider,1,0,0.00,0.00,0.00,ACTIVE,NONE,4210,0,P,P,0.00,released,RELEASED
2026-05-20 20:56:56.555,168.8991,,slider,1,0,0.00,0.00,0.00,ACTIVE,NONE,4220,0,P,P,0.00,released,RELEASED
2026-05-20 20:56:56.955,169.2991,,slider,1,0,0.00,0.00,0.00,ACTIVE,NONE,4230,0,P,P,0.00,released,RELEASED
2026-05-20 20:56:57.355,169.6992,,slider,1,0,0.00,0.00,0.00,ACTIVE,NONE,4240,0,P,P,0.00,released,RELEASED
2026-05-20 20:56:57.755,170.0992,,slider,1,0,0.00,0.00,0.00,ACTIVE,NONE,4250,0,P,P,0.00,released,RELEASED
2026-05-20 20:56:58.156,170.4995,,slider,1,0,0.00,0.00,0.00,ACTIVE,NONE,4260,0,P,P,0.00,released,RELEASED
2026-05-20 20:56:58.555,170.8994,,slider,1,0,0.00,0.00,0.00,ACTIVE,NONE,4270,0,P,P,0.00,released,RELEASED
2026-05-20 20:56:58.955,171.2993,,slider,1,0,0.00,0.00,0.00,ACTIVE,NONE,4280,0,P,P,0.00,released,RELEASED
2026-05-20 20:56:59.355,171.6994,,slider,1,0,0.00,0.00,0.00,ACTIVE,NONE,4290,0,P,P,0.00,released,RELEASED
2026-05-20 20:56:59.756,172.0995,,slider,1,0,0.00,0.00,0.00,ACTIVE,NONE,4300,0,P,P,0.00,released,RELEASED
2026-05-20 20:57:00.156,172.4998,,slider,1,0,0.00,0.00,0.00,ACTIVE,NONE,4310,0,P,P,0.00,released,RELEASED
2026-05-20 20:57:00.556,172.8995,,slider,1,0,0.00,0.00,0.00,ACTIVE,NONE,4320,0,P,P,0.00,released,RELEASED
2026-05-20 20:57:00.956,173.2995,,slider,1,0,0.00,0.00,0.00,ACTIVE,NONE,4330,0,P,P,0.00,released,RELEASED
2026-05-20 20:57:01.356,173.6995,,slider,1,0,-45.63,-24.75,-6.50,ACTIVE,NONE,4340,0,P,P,0.00,released,RELEASED
2026-05-20 20:57:01.756,174.0996,,slider,1,0,-90.98,-78.23,-62.20,ACTIVE,NONE,4350,0,P,P,0.00,released,RELEASED
2026-05-20 20:57:02.159,174.5032,,slider,1,0,-185.74,-138.20,-115.40,ACTIVE,NONE,4360,0,P,P,0.00,released,RELEASED
2026-05-20 20:57:02.559,174.9032,,slider,1,0,-188.54,-187.32,-180.50,ACTIVE,NONE,4370,0,P,P,0.00,released,RELEASED
2026-05-20 20:57:02.959,175.3033,,slider,1,0,-188.54,-187.94,-187.50,ACTIVE,NONE,4380,0,P,P,0.00,released,RELEASED
2026-05-20 20:57:03.359,175.7033,,slider,1,0,-188.54,-188.61,-189.10,ACTIVE,NONE,4390,0,P,P,0.00,released,RELEASED
2026-05-20 20:57:03.762,176.1060,,slider,1,0,20.84,-152.17,-176.50,ACTIVE,NONE,4400,0,P,P,0.00,released,RELEASED
2026-05-20 20:57:04.145,176.4890,,slider,1,0,211.93,-83.17,-107.00,ACTIVE,NONE,4410,0,P,P,0.00,released,RELEASED
2026-05-20 20:57:04.562,176.9060,,slider,1,0,211.93,-8.17,-32.60,ACTIVE,NONE,4420,0,P,P,0.00,released,RELEASED
2026-05-20 20:57:04.949,177.2926,,slider,1,0,208.91,60.83,38.80,ACTIVE,NONE,4430,0,P,P,0.00,released,RELEASED
2026-05-20 20:57:05.349,177.6930,,slider,1,0,208.91,132.83,111.00,ACTIVE,NONE,4440,0,P,P,0.00,released,RELEASED
2026-05-20 20:57:05.749,178.0929,,slider,1,0,208.91,204.83,183.60,ACTIVE,NONE,4450,0,P,P,0.00,released,RELEASED
2026-05-20 20:57:06.152,178.4961,,slider,1,0,208.91,209.00,208.30,ACTIVE,NONE,4460,0,P,P,0.00,released,RELEASED
2026-05-20 20:57:06.552,178.8963,,slider,1,0,208.91,209.14,209.40,ACTIVE,NONE,4470,0,P,P,0.00,released,RELEASED
2026-05-20 20:57:06.952,179.2960,,slider,1,0,0.00,149.04,174.30,ACTIVE,NONE,4480,0,P,P,0.00,released,RELEASED
2026-05-20 20:57:07.352,179.6961,,slider,1,0,0.00,77.04,100.10,ACTIVE,NONE,4490,0,P,P,0.00,released,RELEASED
2026-05-20 20:57:07.752,180.0961,,slider,1,0,0.00,5.04,27.00,ACTIVE,NONE,4500,0,P,P,0.00,released,RELEASED
2026-05-20 20:57:08.152,180.4962,,slider,1,0,0.00,0.00,1.50,ACTIVE,NONE,4510,0,P,P,0.00,released,RELEASED
2026-05-20 20:57:08.553,180.8964,,slider,1,0,0.00,0.00,-0.20,ACTIVE,NONE,4520,0,P,P,0.00,released,RELEASED
2026-05-20 20:57:08.952,181.2963,,slider,1,0,0.00,0.00,-0.20,ACTIVE,NONE,4530,0,P,P,0.00,released,RELEASED
2026-05-20 20:57:09.352,181.6964,,slider,1,0,0.00,0.00,-0.20,ACTIVE,NONE,4540,0,P,P,0.00,released,RELEASED
2026-05-20 20:57:09.753,182.0965,,slider,1,0,0.00,0.00,-0.20,ACTIVE,NONE,4550,0,P,P,0.00,released,RELEASED
2026-05-20 20:57:10.153,182.4966,,slider,1,0,0.00,0.00,-0.20,ACTIVE,NONE,4560,0,P,P,0.00,released,RELEASED
2026-05-20 20:57:10.553,182.8966,,slider,1,0,0.00,0.00,-0.20,ACTIVE,NONE,4570,0,P,P,0.00,released,RELEASED
2026-05-20 20:57:10.953,183.2964,,slider,1,0,0.00,0.00,-0.20,ACTIVE,NONE,4580,0,P,P,0.00,released,RELEASED
2026-05-20 20:57:11.353,183.6966,,slider,1,0,0.00,0.00,-0.20,ACTIVE,NONE,4590,0,P,P,0.00,released,RELEASED
2026-05-20 20:57:11.753,184.0965,,slider,1,0,0.00,0.00,-0.20,ACTIVE,NONE,4600,0,P,P,0.00,released,RELEASED
2026-05-20 20:57:12.153,184.4967,,slider,1,0,0.00,0.00,-0.10,ACTIVE,NONE,4610,0,P,P,0.00,released,RELEASED
2026-05-20 20:57:12.553,184.8968,,slider,1,0,0.00,0.00,0.00,ACTIVE,NONE,4620,0,P,P,0.00,released,RELEASED
2026-05-20 20:57:12.953,185.2966,,slider,1,0,0.00,0.00,0.00,ACTIVE,NONE,4630,0,P,P,0.00,released,RELEASED
2026-05-20 20:57:13.353,185.6969,,slider,1,0,0.00,0.00,0.00,ACTIVE,NONE,4640,0,P,P,0.00,released,RELEASED
2026-05-20 20:57:13.753,186.0969,,slider,1,0,0.00,0.00,0.00,ACTIVE,NONE,4650,0,P,P,0.00,released,RELEASED
2026-05-20 20:57:14.153,186.4972,,slider,1,0,0.00,0.00,0.00,ACTIVE,NONE,4660,0,P,P,0.00,released,RELEASED
2026-05-20 20:57:14.553,186.8966,,slider,1,0,0.00,0.00,0.00,ACTIVE,NONE,4670,0,P,P,0.00,released,RELEASED
2026-05-20 20:57:14.953,187.2966,,slider,1,0,0.00,0.00,0.00,ACTIVE,NONE,4680,0,P,P,0.00,released,RELEASED
2026-05-20 20:57:15.353,187.6970,,slider,1,0,0.00,0.00,0.00,ACTIVE,NONE,4690,0,P,P,0.00,released,RELEASED
2026-05-20 20:57:15.753,188.0967,,slider,1,0,0.00,0.00,0.00,ACTIVE,NONE,4700,0,P,P,0.00,released,RELEASED
2026-05-20 20:57:16.153,188.4968,,slider,1,0,0.00,0.00,0.00,ACTIVE,NONE,4710,0,P,P,0.00,released,RELEASED
2026-05-20 20:57:16.553,188.8973,,slider,1,0,0.00,0.00,0.00,ACTIVE,NONE,4720,0,P,P,0.00,released,RELEASED
2026-05-20 20:57:16.957,189.3010,,slider,1,0,85.30,18.05,3.90,ACTIVE,NONE,4730,0,P,P,0.00,released,RELEASED
2026-05-20 20:57:17.357,189.7011,,slider,1,0,208.91,90.05,62.70,ACTIVE,NONE,4740,0,P,P,0.00,released,RELEASED
2026-05-20 20:57:17.760,190.1043,,slider,1,0,205.91,162.05,137.90,ACTIVE,NONE,4750,0,P,P,0.00,released,RELEASED
2026-05-20 20:57:18.161,190.5045,,slider,1,0,208.91,208.20,203.40,ACTIVE,NONE,4760,0,P,P,0.00,released,RELEASED
2026-05-20 20:57:18.561,190.9046,,slider,1,0,208.91,209.12,208.50,ACTIVE,NONE,4770,0,P,P,0.00,released,RELEASED
2026-05-20 20:57:18.961,191.3045,,slider,1,0,-185.74,143.07,170.30,ACTIVE,NONE,4780,0,P,P,0.00,released,RELEASED
2026-05-20 20:57:19.360,191.7044,,slider,1,0,-188.54,71.07,95.80,ACTIVE,NONE,4790,0,P,P,0.00,released,RELEASED
2026-05-20 20:57:19.761,192.1046,,slider,1,0,-185.74,-0.93,23.00,ACTIVE,NONE,4800,0,P,P,0.00,released,RELEASED
2026-05-20 20:57:20.145,192.4894,,slider,1,0,-188.54,-69.93,-47.90,ACTIVE,NONE,4810,0,P,P,0.00,released,RELEASED
2026-05-20 20:57:20.551,192.8945,,slider,1,0,-188.54,-141.93,-120.20,ACTIVE,NONE,4820,0,P,P,0.00,released,RELEASED
2026-05-20 20:57:20.951,193.2945,,slider,1,0,-188.54,-188.31,-184.00,ACTIVE,NONE,4830,0,P,P,0.00,released,RELEASED
2026-05-20 20:57:21.351,193.6946,,slider,1,0,-188.54,-188.20,-188.50,ACTIVE,NONE,4840,0,P,P,0.00,released,RELEASED
2026-05-20 20:57:21.751,194.0947,,slider,1,0,-188.54,-187.99,-188.70,ACTIVE,NONE,4850,0,P,P,0.00,released,RELEASED
2026-05-20 20:57:22.151,194.4947,,slider,1,0,-188.54,-189.03,-188.70,ACTIVE,NONE,4860,0,P,P,0.00,released,RELEASED
2026-05-20 20:57:22.551,194.8947,,slider,1,0,0.00,-169.81,-186.60,ACTIVE,NONE,4870,0,P,P,0.00,released,RELEASED
2026-05-20 20:57:22.951,195.2947,,slider,1,0,0.00,-97.81,-123.10,ACTIVE,NONE,4880,0,P,P,0.00,released,RELEASED
2026-05-20 20:57:23.353,195.6973,,slider,1,0,0.00,-28.81,-50.90,ACTIVE,NONE,4890,0,P,P,0.00,released,RELEASED
2026-05-20 20:57:23.753,196.0971,,slider,1,0,0.00,0.85,-1.40,ACTIVE,NONE,4900,0,P,P,0.00,released,RELEASED
2026-05-20 20:57:24.154,196.4981,,slider,1,0,0.00,0.04,-0.40,ACTIVE,NONE,4910,0,P,P,0.00,released,RELEASED
2026-05-20 20:57:24.553,196.8971,,slider,1,0,0.00,0.00,-0.10,ACTIVE,NONE,4920,0,P,P,0.00,released,RELEASED
2026-05-20 20:57:24.953,197.2973,,slider,1,0,0.00,0.00,0.00,ACTIVE,NONE,4930,0,P,P,0.00,released,RELEASED
2026-05-20 20:57:25.354,197.6979,,slider,1,0,0.00,0.00,0.00,ACTIVE,NONE,4940,0,P,P,0.00,released,RELEASED
2026-05-20 20:57:25.754,198.0975,,slider,1,0,0.00,0.00,0.10,ACTIVE,NONE,4950,0,P,P,0.00,released,RELEASED
2026-05-20 20:57:26.154,198.4979,,slider,1,0,0.00,0.00,0.10,ACTIVE,NONE,4960,0,P,P,0.00,released,RELEASED
2026-05-20 20:57:26.554,198.8974,,slider,1,0,0.00,0.00,0.10,ACTIVE,NONE,4970,0,P,P,0.00,released,RELEASED
2026-05-20 20:57:26.953,199.2972,,slider,1,0,0.00,0.00,0.10,ACTIVE,NONE,4980,0,P,P,0.00,released,RELEASED
2026-05-20 20:57:27.354,199.6975,,slider,1,0,0.00,0.00,0.10,ACTIVE,NONE,4990,0,P,P,0.00,released,RELEASED
2026-05-20 20:57:27.754,200.0977,,slider,1,0,0.00,0.00,0.10,ACTIVE,NONE,5000,0,P,P,0.00,released,RELEASED
2026-05-20 20:57:28.154,200.4979,,slider,1,0,0.00,0.00,0.10,ACTIVE,NONE,5010,0,P,P,0.00,released,RELEASED
2026-05-20 20:57:28.554,200.8978,,slider,1,0,0.00,0.00,0.10,ACTIVE,NONE,5020,0,P,P,0.00,released,RELEASED
2026-05-20 20:57:28.954,201.2978,,slider,1,0,0.00,0.00,0.10,ACTIVE,NONE,5030,0,P,P,0.00,released,RELEASED
2026-05-20 20:57:29.354,201.6980,,slider,1,0,0.00,0.00,0.10,ACTIVE,NONE,5040,0,P,P,0.00,released,RELEASED
2026-05-20 20:57:29.754,202.0980,,slider,1,0,0.00,0.00,0.10,ACTIVE,NONE,5050,0,P,P,0.00,released,RELEASED
2026-05-20 20:57:30.155,202.4984,,slider,1,0,0.00,0.00,0.10,ACTIVE,NONE,5060,0,P,P,0.00,released,RELEASED
2026-05-20 20:57:30.554,202.8982,,slider,1,0,0.00,0.00,0.10,ACTIVE,NONE,5070,0,P,P,0.00,released,RELEASED
2026-05-20 20:57:30.954,203.2982,,slider,1,0,0.00,0.00,0.10,ACTIVE,NONE,5080,0,P,P,0.00,released,RELEASED
2026-05-20 20:57:31.354,203.6983,,slider,1,0,0.00,0.00,0.00,ACTIVE,NONE,5090,0,P,P,0.00,released,RELEASED
2026-05-20 20:57:31.754,204.0982,,slider,1,0,0.00,0.00,0.00,ACTIVE,NONE,5100,0,P,P,0.00,released,RELEASED
2026-05-20 20:57:32.154,204.4983,,slider,1,0,0.00,0.00,0.00,ACTIVE,NONE,5110,0,P,P,0.00,released,RELEASED
2026-05-20 20:57:32.554,204.8984,,slider,1,0,0.00,0.00,0.00,ACTIVE,NONE,5120,0,P,P,0.00,released,RELEASED
2026-05-20 20:57:32.954,205.2981,,slider,1,0,0.00,0.00,0.00,ACTIVE,NONE,5130,0,P,P,0.00,released,RELEASED
2026-05-20 20:57:33.355,205.6985,,slider,1,0,0.00,0.00,0.00,ACTIVE,NONE,5140,0,P,P,0.00,released,RELEASED
2026-05-20 20:57:33.754,206.0982,,slider,1,0,0.00,0.00,0.00,ACTIVE,NONE,5150,0,P,P,0.00,released,RELEASED
2026-05-20 20:57:34.155,206.4987,,slider,1,0,0.00,0.00,0.00,ACTIVE,NONE,5160,0,P,P,0.00,released,RELEASED
2026-05-20 20:57:34.555,206.8985,,slider,1,0,0.00,0.00,0.00,ACTIVE,NONE,5170,0,P,P,0.00,released,RELEASED
2026-05-20 20:57:34.954,207.2984,,slider,1,0,0.00,0.00,0.00,ACTIVE,NONE,5180,0,P,P,0.00,released,RELEASED
2026-05-20 20:57:35.355,207.6986,,slider,1,0,0.00,0.00,0.00,ACTIVE,NONE,5190,0,P,P,0.00,released,RELEASED
2026-05-20 20:57:35.755,208.0985,,slider,1,0,0.00,0.00,0.00,ACTIVE,NONE,5200,0,P,P,0.00,released,RELEASED
2026-05-20 20:57:36.154,208.4983,,slider,1,0,0.00,0.00,0.00,ACTIVE,NONE,5210,0,P,P,0.00,released,RELEASED
2026-05-20 20:57:36.555,208.8987,,slider,1,0,0.00,0.00,0.00,ACTIVE,NONE,5220,0,P,P,0.00,released,RELEASED
2026-05-20 20:57:36.955,209.2988,,slider,1,0,0.00,0.00,0.00,ACTIVE,NONE,5230,0,P,P,0.00,released,RELEASED
2026-05-20 20:57:37.355,209.6987,,slider,1,0,0.00,0.00,0.00,ACTIVE,NONE,5240,0,P,P,0.00,released,RELEASED
2026-05-20 20:57:37.755,210.0986,,slider,1,0,0.00,0.00,0.00,ACTIVE,NONE,5250,0,P,P,0.00,released,RELEASED
2026-05-20 20:57:38.155,210.4990,,slider,1,0,0.00,0.00,0.00,ACTIVE,NONE,5260,0,P,P,0.00,released,RELEASED
2026-05-20 20:57:38.555,210.8989,,slider,1,0,0.00,0.00,0.00,ACTIVE,NONE,5270,0,P,P,0.00,released,RELEASED
2026-05-20 20:57:38.955,211.2985,,slider,1,0,0.00,0.00,0.00,ACTIVE,NONE,5280,0,P,P,0.00,released,RELEASED
2026-05-20 20:57:39.355,211.6988,,slider,1,0,0.00,0.00,0.00,ACTIVE,NONE,5290,0,P,P,0.00,released,RELEASED
2026-05-20 20:57:39.755,212.0992,,slider,1,0,0.00,0.00,0.00,ACTIVE,NONE,5300,0,P,P,0.00,released,RELEASED
2026-05-20 20:57:40.155,212.4991,,slider,1,0,0.00,0.00,0.00,ACTIVE,NONE,5310,0,P,P,0.00,released,RELEASED
2026-05-20 20:57:40.555,212.8992,,slider,1,0,0.00,0.00,0.00,ACTIVE,NONE,5320,0,P,P,0.00,released,RELEASED
2026-05-20 20:57:40.955,213.2991,,slider,1,0,0.00,0.00,0.00,ACTIVE,NONE,5330,0,P,P,0.00,released,RELEASED
2026-05-20 20:57:41.355,213.6991,,slider,1,0,0.00,0.00,0.00,ACTIVE,NONE,5340,0,P,P,0.00,released,RELEASED
2026-05-20 20:57:41.755,214.0991,,slider,1,0,0.00,0.00,0.00,ACTIVE,NONE,5350,0,P,P,0.00,released,RELEASED
2026-05-20 20:57:42.155,214.4990,,slider,1,0,0.00,0.00,0.00,ACTIVE,NONE,5360,0,P,P,0.00,released,RELEASED
2026-05-20 20:57:42.555,214.8991,,slider,1,0,0.00,0.00,0.00,ACTIVE,NONE,5370,0,P,P,0.00,released,RELEASED
2026-05-20 20:57:42.956,215.2995,,slider,1,0,0.00,0.00,0.00,ACTIVE,NONE,5380,0,P,P,0.00,released,RELEASED
2026-05-20 20:57:43.355,215.6991,,slider,1,0,0.00,0.00,0.00,ACTIVE,NONE,5390,0,P,P,0.00,released,RELEASED
2026-05-20 20:57:43.756,216.0995,,slider,1,0,0.00,0.00,0.00,ACTIVE,NONE,5400,0,P,P,0.00,released,RELEASED
2026-05-20 20:57:44.155,216.4990,,slider,1,0,0.00,0.00,0.00,ACTIVE,NONE,5410,0,P,P,0.00,released,RELEASED
2026-05-20 20:57:44.556,216.8994,,slider,1,0,0.00,0.00,0.00,ACTIVE,NONE,5420,0,P,P,0.00,released,RELEASED
2026-05-20 20:57:44.955,217.2992,,slider,1,0,0.00,0.00,0.00,ACTIVE,NONE,5430,0,P,P,0.00,released,RELEASED
2026-05-20 20:57:45.355,217.6992,,slider,1,0,0.00,0.00,0.00,ACTIVE,NONE,5440,0,P,P,0.00,released,RELEASED
2026-05-20 20:57:45.756,218.0996,,slider,1,0,0.00,0.00,0.00,ACTIVE,NONE,5450,0,P,P,0.00,released,RELEASED
2026-05-20 20:57:46.156,218.4995,,slider,1,0,0.00,0.00,0.00,ACTIVE,NONE,5460,0,P,P,0.00,released,RELEASED
2026-05-20 20:57:46.556,218.8998,,slider,1,0,0.00,0.00,0.00,ACTIVE,NONE,5470,0,P,P,0.00,released,RELEASED
2026-05-20 20:57:46.956,219.2997,,slider,1,0,0.00,0.00,0.00,ACTIVE,NONE,5480,0,P,P,0.00,released,RELEASED
2026-05-20 20:57:47.356,219.6998,,slider,1,0,0.00,0.00,0.00,ACTIVE,NONE,5490,0,P,P,0.00,released,RELEASED
2026-05-20 20:57:47.756,220.1000,,slider,1,0,0.00,0.00,0.00,ACTIVE,NONE,5500,0,P,P,0.00,released,RELEASED
2026-05-20 20:57:48.156,220.4997,,slider,1,0,0.00,0.00,0.00,ACTIVE,NONE,5510,0,P,P,0.00,released,RELEASED
2026-05-20 20:57:48.556,220.8999,,slider,1,0,26.90,18.55,9.70,ACTIVE,NONE,5520,0,P,P,0.00,released,RELEASED
2026-05-20 20:57:48.958,221.3022,,slider,1,0,48.86,38.93,31.80,ACTIVE,NONE,5530,0,P,P,0.00,released,RELEASED
2026-05-20 20:57:49.358,221.7021,,slider,1,0,70.79,62.38,56.20,ACTIVE,NONE,5540,0,P,P,0.00,released,RELEASED
2026-05-20 20:57:49.759,222.1025,,slider,1,0,74.34,78.68,76.00,ACTIVE,NONE,5550,0,P,P,0.00,released,RELEASED
2026-05-20 20:57:50.158,222.5021,,slider,1,0,87.18,72.79,70.40,ACTIVE,NONE,5560,0,P,P,0.00,released,RELEASED
2026-05-20 20:57:50.564,222.9080,,slider,1,0,142.05,128.02,108.90,ACTIVE,NONE,5570,0,P,P,0.00,released,RELEASED
2026-05-20 20:57:50.946,223.2896,,slider,1,0,172.14,164.33,152.60,ACTIVE,NONE,5580,0,P,P,0.00,released,RELEASED
2026-05-20 20:57:51.348,223.6922,,slider,1,0,208.91,201.15,189.70,ACTIVE,NONE,5590,0,P,P,0.00,released,RELEASED
2026-05-20 20:57:51.748,224.0922,,slider,1,0,174.81,203.74,206.70,ACTIVE,NONE,5600,0,P,P,0.00,released,RELEASED
2026-05-20 20:57:52.148,224.4923,,slider,1,0,85.30,131.74,158.20,ACTIVE,NONE,5610,0,P,P,0.00,released,RELEASED
2026-05-20 20:57:52.549,224.8929,,slider,1,0,85.30,84.83,91.80,ACTIVE,NONE,5620,0,P,P,0.00,released,RELEASED
2026-05-20 20:57:52.948,225.2924,,slider,1,0,121.60,113.43,98.30,ACTIVE,NONE,5630,0,P,P,0.00,released,RELEASED
2026-05-20 20:57:53.349,225.6928,,slider,1,0,139.69,133.07,121.80,ACTIVE,NONE,5640,0,P,P,0.00,released,RELEASED
2026-05-20 20:57:53.750,226.0935,,slider,1,0,154.17,148.89,143.20,ACTIVE,NONE,5650,0,P,P,0.00,released,RELEASED
2026-05-20 20:57:54.150,226.4941,,slider,1,0,72.56,121.90,142.50,ACTIVE,NONE,5660,0,P,P,0.00,released,RELEASED
2026-05-20 20:57:54.551,226.8950,,slider,1,0,69.04,73.60,86.00,ACTIVE,NONE,5670,0,P,P,0.00,released,RELEASED
2026-05-20 20:57:54.951,227.2954,,slider,1,0,39.28,52.67,59.40,ACTIVE,NONE,5680,0,P,P,0.00,released,RELEASED
2026-05-20 20:57:55.359,227.7025,,slider,1,0,25.38,31.12,37.30,ACTIVE,NONE,5690,0,P,P,0.00,released,RELEASED
2026-05-20 20:57:55.761,228.1048,,slider,1,0,-8.89,2.36,11.20,ACTIVE,NONE,5700,0,P,P,0.00,released,RELEASED
2026-05-20 20:57:56.161,228.5049,,slider,1,0,-47.24,-37.15,-25.20,ACTIVE,NONE,5710,0,P,P,0.00,released,RELEASED
2026-05-20 20:57:56.561,228.9046,,slider,1,0,-89.07,-72.66,-59.30,ACTIVE,NONE,5720,0,P,P,0.00,released,RELEASED
2026-05-20 20:57:56.961,229.3050,,slider,1,0,-185.74,-140.35,-117.90,ACTIVE,NONE,5730,0,P,P,0.00,released,RELEASED
2026-05-20 20:57:57.361,229.7046,,slider,1,0,-188.54,-186.13,-179.40,ACTIVE,NONE,5740,0,P,P,0.00,released,RELEASED
2026-05-20 20:57:57.761,230.1048,,slider,1,0,-188.54,-188.29,-187.50,ACTIVE,NONE,5750,0,P,P,0.00,released,RELEASED
2026-05-20 20:57:58.161,230.5046,,slider,1,0,-96.79,-160.77,-183.20,ACTIVE,NONE,5760,0,P,P,0.00,released,RELEASED
2026-05-20 20:57:58.562,230.9060,,slider,1,0,0.00,-91.77,-118.30,ACTIVE,NONE,5770,0,P,P,0.00,released,RELEASED
2026-05-20 20:57:58.963,231.3068,,slider,1,0,0.00,-19.77,-43.70,ACTIVE,NONE,5780,0,P,P,0.00,released,RELEASED
2026-05-20 20:57:59.363,231.7067,,slider,1,0,29.96,19.31,8.60,ACTIVE,NONE,5790,0,P,P,0.00,released,RELEASED
2026-05-20 20:57:59.753,232.0968,,slider,1,0,67.30,46.54,32.90,ACTIVE,NONE,5800,0,P,P,0.00,released,RELEASED
2026-05-20 20:58:00.153,232.4966,,slider,1,0,117.28,94.85,78.70,ACTIVE,NONE,5810,0,P,P,0.00,released,RELEASED
2026-05-20 20:58:00.553,232.8967,,slider,1,0,208.91,161.14,139.90,ACTIVE,NONE,5820,0,P,P,0.00,released,RELEASED
2026-05-20 20:58:00.953,233.2968,,slider,1,0,208.91,207.45,202.20,ACTIVE,NONE,5830,0,P,P,0.00,released,RELEASED
2026-05-20 20:58:01.353,233.6972,,slider,1,0,16.34,192.34,207.50,ACTIVE,NONE,5840,0,P,P,0.00,released,RELEASED
2026-05-20 20:58:01.757,234.1011,,slider,1,0,0.00,120.34,148.50,ACTIVE,NONE,5850,0,P,P,0.00,released,RELEASED
2026-05-20 20:58:02.162,234.5059,,slider,1,0,0.00,48.34,73.30,ACTIVE,NONE,5860,0,P,P,0.00,released,RELEASED
2026-05-20 20:58:02.562,234.9059,,slider,1,0,0.00,0.29,6.90,ACTIVE,NONE,5870,0,P,P,0.00,released,RELEASED
2026-05-20 20:58:02.947,235.2912,,slider,1,0,20.84,13.53,3.20,ACTIVE,NONE,5880,0,P,P,0.00,released,RELEASED
2026-05-20 20:58:03.348,235.6916,,slider,1,0,33.04,26.65,20.40,ACTIVE,NONE,5890,0,P,P,0.00,released,RELEASED
2026-05-20 20:58:03.748,236.0918,,slider,1,0,52.12,45.07,37.80,ACTIVE,NONE,5900,0,P,P,0.00,released,RELEASED
2026-05-20 20:58:04.154,236.4975,,slider,1,0,70.79,65.40,57.80,ACTIVE,NONE,5910,0,P,P,0.00,released,RELEASED
2026-05-20 20:58:04.553,236.8972,,slider,1,0,89.07,82.74,75.80,ACTIVE,NONE,5920,0,P,P,0.00,released,RELEASED
2026-05-20 20:58:04.959,237.3030,,slider,1,0,90.98,93.00,96.20,ACTIVE,NONE,5930,0,P,P,0.00,released,RELEASED
2026-05-20 20:58:05.346,237.6902,,slider,1,0,110.95,98.04,93.40,ACTIVE,NONE,5940,0,P,P,0.00,released,RELEASED
2026-05-20 20:58:05.764,238.1075,,slider,1,0,156.66,148.27,136.80,ACTIVE,NONE,5950,0,P,P,0.00,released,RELEASED
2026-05-20 20:58:06.164,238.5076,,slider,1,0,191.36,168.23,160.80,ACTIVE,NONE,5960,0,P,P,0.00,released,RELEASED
2026-05-20 20:58:06.564,238.9078,,slider,1,0,243.84,223.45,202.50,ACTIVE,NONE,5970,0,P,P,0.00,released,RELEASED
2026-05-20 20:58:06.964,239.3080,,slider,1,0,293.98,271.31,252.20,ACTIVE,NONE,5980,0,P,P,0.00,released,RELEASED
2026-05-20 20:58:07.364,239.7078,,slider,1,0,355.58,322.26,300.40,ACTIVE,NONE,5990,0,P,P,0.00,released,RELEASED
2026-05-20 20:58:07.747,240.0909,,slider,1,0,355.58,354.45,346.70,ACTIVE,NONE,6000,0,P,P,0.00,released,RELEASED
2026-05-20 20:58:08.146,240.4904,,slider,1,0,351.23,352.97,353.80,ACTIVE,NONE,6010,0,P,P,0.00,released,RELEASED
2026-05-20 20:58:08.547,240.8907,,slider,1,0,113.61,295.16,322.20,ACTIVE,NONE,6020,0,P,P,0.00,released,RELEASED
2026-05-20 20:58:08.947,241.2905,,slider,1,0,66.18,223.16,247.80,ACTIVE,NONE,6030,0,P,P,0.00,released,RELEASED
2026-05-20 20:58:09.346,241.6904,,slider,1,0,47.88,151.16,173.80,ACTIVE,NONE,6040,0,P,P,0.00,released,RELEASED
2026-05-20 20:58:09.746,242.0900,,slider,1,0,21.52,79.16,101.50,ACTIVE,NONE,6050,0,P,P,0.00,released,RELEASED
2026-05-20 20:58:10.147,242.4913,,slider,1,0,0.00,7.16,30.00,ACTIVE,NONE,6060,0,P,P,0.00,released,RELEASED
2026-05-20 20:58:10.547,242.8908,,slider,1,0,0.00,0.15,1.20,ACTIVE,NONE,6070,0,P,P,0.00,released,RELEASED
2026-05-20 20:58:10.946,243.2902,,slider,1,0,0.00,0.01,0.00,ACTIVE,NONE,6080,0,P,P,0.00,released,RELEASED
2026-05-20 20:58:11.346,243.6904,,slider,1,0,0.00,0.00,0.00,ACTIVE,NONE,6090,0,P,P,0.00,released,RELEASED
2026-05-20 20:58:11.746,244.0902,,slider,1,0,0.00,0.00,-0.10,ACTIVE,NONE,6100,0,P,P,0.00,released,RELEASED
2026-05-20 20:58:12.148,244.4918,,slider,1,0,0.00,0.00,-0.10,ACTIVE,NONE,6110,0,P,P,0.00,released,RELEASED
2026-05-20 20:58:12.546,244.8903,,slider,1,0,0.00,0.00,-0.10,ACTIVE,NONE,6120,0,P,P,0.00,released,RELEASED
2026-05-20 20:58:12.946,245.2902,,slider,1,0,0.00,0.00,-0.10,ACTIVE,NONE,6130,0,P,P,0.00,released,RELEASED
2026-05-20 20:58:13.347,245.6910,,slider,1,0,0.00,0.00,-0.10,ACTIVE,NONE,6140,0,P,P,0.00,released,RELEASED
2026-05-20 20:58:13.746,246.0902,,slider,1,0,0.00,0.00,-0.10,ACTIVE,NONE,6150,0,P,P,0.00,released,RELEASED
2026-05-20 20:58:14.148,246.4915,,slider,1,0,0.00,0.00,-0.10,ACTIVE,NONE,6160,0,P,P,0.00,released,RELEASED
2026-05-20 20:58:14.547,246.8906,,slider,1,0,0.00,0.00,-0.10,ACTIVE,NONE,6170,0,P,P,0.00,released,RELEASED
2026-05-20 20:58:14.946,247.2904,,slider,1,0,0.00,0.00,-0.10,ACTIVE,NONE,6180,0,P,P,0.00,released,RELEASED
2026-05-20 20:58:15.347,247.6909,,slider,1,0,0.00,0.00,-0.10,ACTIVE,NONE,6190,0,P,P,0.00,released,RELEASED
2026-05-20 20:58:15.747,248.0907,,slider,1,0,-56.04,-19.93,-2.50,ACTIVE,NONE,6200,0,P,P,0.00,released,RELEASED
2026-05-20 20:58:16.147,248.4911,,slider,1,0,-346.91,-91.93,-69.20,ACTIVE,NONE,6210,0,P,P,0.00,released,RELEASED
2026-05-20 20:58:16.549,248.8928,,slider,1,0,17.03,-138.93,-139.80,ACTIVE,NONE,6220,0,P,P,0.00,released,RELEASED
2026-05-20 20:58:16.952,249.2959,,slider,1,0,346.91,-66.93,-92.80,ACTIVE,NONE,6230,0,P,P,0.00,released,RELEASED
2026-05-20 20:58:17.352,249.6959,,slider,1,0,97.37,5.07,-18.50,ACTIVE,NONE,6240,0,P,P,0.00,released,RELEASED
2026-05-20 20:58:17.752,250.0958,,slider,1,0,0.00,29.41,42.00,ACTIVE,NONE,6250,0,P,P,0.00,released,RELEASED
2026-05-20 20:58:18.153,250.4968,,slider,1,0,0.00,1.04,7.60,ACTIVE,NONE,6260,0,P,P,0.00,released,RELEASED
2026-05-20 20:58:18.553,250.8971,,slider,1,0,0.00,0.05,1.10,ACTIVE,NONE,6270,0,P,P,0.00,released,RELEASED
2026-05-20 20:58:18.953,251.2967,,slider,1,0,0.00,0.00,0.00,ACTIVE,NONE,6280,0,P,P,0.00,released,RELEASED
2026-05-20 20:58:19.353,251.6968,,slider,1,0,0.00,0.00,-0.10,ACTIVE,NONE,6290,0,P,P,0.00,released,RELEASED
2026-05-20 20:58:19.753,252.0968,,slider,1,0,0.00,0.00,-0.10,ACTIVE,NONE,6300,0,P,P,0.00,released,RELEASED
2026-05-20 20:58:20.153,252.4969,,slider,1,0,0.00,0.00,-0.10,ACTIVE,NONE,6310,0,P,P,0.00,released,RELEASED
2026-05-20 20:58:20.553,252.8969,,slider,1,0,0.00,0.00,-0.10,ACTIVE,NONE,6320,0,P,P,0.00,released,RELEASED
2026-05-20 20:58:20.953,253.2969,,slider,1,0,0.00,0.00,-0.10,ACTIVE,NONE,6330,0,P,P,0.00,released,RELEASED
2026-05-20 20:58:21.353,253.6970,,slider,1,0,0.00,0.00,-0.10,ACTIVE,NONE,6340,0,P,P,0.00,released,RELEASED
2026-05-20 20:58:21.753,254.0969,,slider,1,0,0.00,0.00,-0.10,ACTIVE,NONE,6350,0,P,P,0.00,released,RELEASED
2026-05-20 20:58:22.153,254.4971,,slider,1,0,0.00,0.00,-0.10,ACTIVE,NONE,6360,0,P,P,0.00,released,RELEASED
2026-05-20 20:58:22.553,254.8970,,slider,1,0,0.00,0.00,-0.10,ACTIVE,NONE,6370,0,P,P,0.00,released,RELEASED
2026-05-20 20:58:22.953,255.2970,,slider,1,0,0.00,0.00,-0.10,ACTIVE,NONE,6380,0,P,P,0.00,released,RELEASED
2026-05-20 20:58:23.353,255.6971,,slider,1,0,0.00,0.00,-0.10,ACTIVE,NONE,6390,0,P,P,0.00,released,RELEASED
2026-05-20 20:58:23.753,256.0971,,slider,1,0,0.00,0.00,-0.10,ACTIVE,NONE,6400,0,P,P,0.00,released,RELEASED
2026-05-20 20:58:24.153,256.4972,,slider,1,0,0.00,0.00,-0.10,ACTIVE,NONE,6410,0,P,P,0.00,released,RELEASED
2026-05-20 20:58:24.554,256.8975,,slider,1,0,0.00,0.00,0.00,ACTIVE,NONE,6420,0,P,P,0.00,released,RELEASED
2026-05-20 20:58:24.953,257.2971,,slider,1,0,0.00,0.00,0.00,ACTIVE,NONE,6430,0,P,P,0.00,released,RELEASED
2026-05-20 20:58:25.353,257.6972,,slider,1,0,0.00,0.00,0.00,ACTIVE,NONE,6440,0,P,P,0.00,released,RELEASED
2026-05-20 20:58:25.753,258.0972,,slider,1,0,0.00,0.00,0.00,ACTIVE,NONE,6450,0,P,P,0.00,released,RELEASED
2026-05-20 20:58:26.153,258.4973,,slider,1,0,0.00,0.00,0.00,ACTIVE,NONE,6460,0,P,P,0.00,released,RELEASED
2026-05-20 20:58:26.554,258.8979,,slider,1,0,0.00,0.00,0.00,ACTIVE,NONE,6470,0,P,P,0.00,released,RELEASED
2026-05-20 20:58:26.953,259.2974,,slider,1,0,0.00,0.00,0.00,ACTIVE,NONE,6480,0,P,P,0.00,released,RELEASED
2026-05-20 20:58:27.353,259.6973,,slider,1,0,0.00,0.00,0.00,ACTIVE,NONE,6490,0,P,P,0.00,released,RELEASED
2026-05-20 20:58:27.754,260.0977,,slider,1,0,0.00,0.00,0.00,ACTIVE,NONE,6500,0,P,P,0.00,released,RELEASED
2026-05-20 20:58:28.153,260.4973,,slider,1,0,0.00,0.00,0.00,ACTIVE,NONE,6510,0,P,P,0.00,released,RELEASED
2026-05-20 20:58:28.554,260.8982,,slider,1,0,0.00,0.00,0.00,ACTIVE,NONE,6520,0,P,P,0.00,released,RELEASED
2026-05-20 20:58:28.954,261.2976,,slider,1,0,0.00,0.00,0.00,ACTIVE,NONE,6530,0,P,P,0.00,released,RELEASED
2026-05-20 20:58:29.354,261.6976,,slider,1,0,0.00,0.00,0.00,ACTIVE,NONE,6540,0,P,P,0.00,released,RELEASED
2026-05-20 20:58:29.754,262.0976,,slider,1,0,0.00,0.00,0.00,ACTIVE,NONE,6550,0,P,P,0.00,released,RELEASED
2026-05-20 20:58:30.154,262.4976,,slider,1,0,0.00,0.00,0.00,ACTIVE,NONE,6560,0,P,P,0.00,released,RELEASED
2026-05-20 20:58:30.554,262.8977,,slider,1,0,0.00,0.00,0.00,ACTIVE,NONE,6570,0,P,P,0.00,released,RELEASED
2026-05-20 20:58:30.954,263.2977,,slider,1,0,0.00,0.00,0.00,ACTIVE,NONE,6580,0,P,P,0.00,released,RELEASED
2026-05-20 20:58:31.354,263.6977,,slider,1,0,0.00,0.00,0.00,ACTIVE,NONE,6590,0,P,P,0.00,released,RELEASED
2026-05-20 20:58:31.754,264.0978,,slider,1,0,0.00,0.00,0.00,ACTIVE,NONE,6600,0,P,P,0.00,released,RELEASED
2026-05-20 20:58:32.154,264.4982,,slider,1,0,0.00,0.00,0.00,ACTIVE,NONE,6610,0,P,P,0.00,released,RELEASED
2026-05-20 20:58:32.554,264.8979,,slider,1,0,0.00,0.00,0.00,ACTIVE,NONE,6620,0,P,P,0.00,released,RELEASED
2026-05-20 20:58:32.954,265.2978,,slider,1,0,0.00,0.00,0.00,ACTIVE,NONE,6630,0,P,P,0.00,released,RELEASED
2026-05-20 20:58:33.354,265.6979,,slider,1,0,0.00,0.00,0.00,ACTIVE,NONE,6640,0,P,P,0.00,released,RELEASED
2026-05-20 20:58:33.754,266.0980,,slider,1,0,0.00,0.00,0.00,ACTIVE,NONE,6650,0,P,P,0.00,released,RELEASED
2026-05-20 20:58:34.154,266.4979,,slider,1,0,0.00,0.00,0.00,ACTIVE,NONE,6660,0,P,P,0.00,released,RELEASED
2026-05-20 20:58:34.554,266.8983,,slider,1,0,0.00,0.00,0.00,ACTIVE,NONE,6670,0,P,P,0.00,released,RELEASED
2026-05-20 20:58:34.954,267.2979,,slider,1,0,0.00,0.00,0.00,ACTIVE,NONE,6680,0,P,P,0.00,released,RELEASED
2026-05-20 20:58:35.354,267.6983,,slider,1,0,0.00,0.00,0.00,ACTIVE,NONE,6690,0,P,P,0.00,released,RELEASED
2026-05-20 20:58:35.754,268.0983,,slider,1,0,0.00,0.12,0.00,ACTIVE,NONE,6700,0,P,P,0.00,released,RELEASED
2026-05-20 20:58:36.154,268.4984,,slider,1,0,0.00,0.01,0.00,ACTIVE,NONE,6710,0,P,P,0.00,released,RELEASED
2026-05-20 20:58:36.554,268.8984,,slider,1,0,0.00,0.00,0.00,ACTIVE,NONE,6720,0,P,P,0.00,released,RELEASED
2026-05-20 20:58:36.955,269.2988,,slider,1,0,0.00,0.00,0.00,ACTIVE,NONE,6730,0,P,P,0.00,released,RELEASED
2026-05-20 20:58:37.354,269.6983,,slider,1,0,0.00,0.00,0.00,ACTIVE,NONE,6740,0,P,P,0.00,released,RELEASED
2026-05-20 20:58:37.755,270.0986,,slider,1,0,0.00,0.00,0.00,ACTIVE,NONE,6750,0,P,P,0.00,released,RELEASED
2026-05-20 20:58:38.155,270.4984,,slider,1,0,0.00,0.00,0.00,ACTIVE,NONE,6760,0,P,P,0.00,released,RELEASED
2026-05-20 20:58:38.555,270.8987,,slider,1,0,0.00,0.00,0.00,ACTIVE,NONE,6770,0,P,P,0.00,released,RELEASED
2026-05-20 20:58:38.955,271.2987,,slider,1,0,0.00,0.00,0.00,ACTIVE,NONE,6780,0,P,P,0.00,released,RELEASED
2026-05-20 20:58:39.355,271.6988,,slider,1,0,0.00,0.00,0.00,ACTIVE,NONE,6790,0,P,P,0.00,released,RELEASED
2026-05-20 20:58:39.755,272.0990,,slider,1,0,0.00,0.00,0.00,ACTIVE,NONE,6800,0,P,P,0.00,released,RELEASED
2026-05-20 20:58:40.155,272.4987,,slider,1,0,0.00,0.00,0.00,ACTIVE,NONE,6810,0,P,P,0.00,released,RELEASED
2026-05-20 20:58:40.555,272.8987,,slider,1,0,0.00,0.00,0.00,ACTIVE,NONE,6820,0,P,P,0.00,released,RELEASED
2026-05-20 20:58:40.955,273.2990,,slider,1,0,0.00,0.00,0.00,ACTIVE,NONE,6830,0,P,P,0.00,released,RELEASED
2026-05-20 20:58:41.355,273.6989,,slider,1,0,0.00,0.00,0.00,ACTIVE,NONE,6840,0,P,P,0.00,released,RELEASED
2026-05-20 20:58:41.755,274.0993,,slider,1,0,0.00,0.00,0.00,ACTIVE,NONE,6850,0,P,P,0.00,released,RELEASED
2026-05-20 20:58:42.155,274.4990,,slider,1,0,0.00,0.00,0.00,ACTIVE,NONE,6860,0,P,P,0.00,released,RELEASED
2026-05-20 20:58:42.555,274.8992,,slider,1,0,0.00,0.00,0.00,ACTIVE,NONE,6870,0,P,P,0.00,released,RELEASED
2026-05-20 20:58:42.955,275.2994,,slider,1,0,0.00,0.00,0.00,ACTIVE,NONE,6880,0,P,P,0.00,released,RELEASED
2026-05-20 20:58:43.355,275.6992,,slider,1,0,0.00,0.00,0.00,ACTIVE,NONE,6890,0,P,P,0.00,released,RELEASED
2026-05-20 20:58:43.755,276.0992,,slider,1,0,0.00,0.00,0.00,ACTIVE,NONE,6900,0,P,P,0.00,released,RELEASED
2026-05-20 20:58:44.155,276.4991,,slider,1,0,0.00,0.00,0.00,ACTIVE,NONE,6910,0,P,P,0.00,released,RELEASED
2026-05-20 20:58:44.555,276.8993,,slider,1,0,0.00,0.00,0.00,ACTIVE,NONE,6920,0,P,P,0.00,released,RELEASED
2026-05-20 20:58:44.955,277.2992,,slider,1,0,0.00,0.00,0.00,ACTIVE,NONE,6930,0,P,P,0.00,released,RELEASED
2026-05-20 20:58:45.355,277.6994,,slider,1,0,0.00,0.00,0.00,ACTIVE,NONE,6940,0,P,P,0.00,released,RELEASED
2026-05-20 20:58:45.756,278.0994,,slider,1,0,0.00,0.00,0.00,ACTIVE,NONE,6950,0,P,P,0.00,released,RELEASED
2026-05-20 20:58:46.156,278.4995,,slider,1,0,0.00,0.00,0.00,ACTIVE,NONE,6960,0,P,P,0.00,released,RELEASED
2026-05-20 20:58:46.556,278.8996,,slider,1,0,0.00,0.00,0.00,ACTIVE,NONE,6970,0,P,P,0.00,released,RELEASED
2026-05-20 20:58:46.956,279.2995,,slider,1,0,0.00,0.00,0.00,ACTIVE,NONE,6980,0,P,P,0.00,released,RELEASED
2026-05-20 20:58:47.356,279.6996,,slider,1,0,0.00,0.00,0.00,ACTIVE,NONE,6990,0,P,P,0.00,released,RELEASED
2026-05-20 20:58:47.756,280.0996,,slider,1,0,0.00,0.00,0.00,ACTIVE,NONE,7000,0,P,P,0.00,released,RELEASED
2026-05-20 20:58:48.156,280.4998,,slider,1,0,0.00,0.00,0.00,ACTIVE,NONE,7010,0,P,P,0.00,released,RELEASED
2026-05-20 20:58:48.556,280.8997,,slider,1,0,0.00,0.00,0.00,ACTIVE,NONE,7020,0,P,P,0.00,released,RELEASED
2026-05-20 20:58:48.956,281.2996,,slider,1,0,0.00,0.00,0.00,ACTIVE,NONE,7030,0,P,P,0.00,released,RELEASED
2026-05-20 20:58:49.356,281.6997,,slider,1,0,0.00,0.00,0.00,ACTIVE,NONE,7040,0,P,P,0.00,released,RELEASED
2026-05-20 20:58:49.756,282.0997,,slider,1,0,0.00,0.00,0.00,ACTIVE,NONE,7050,0,P,P,0.00,released,RELEASED
2026-05-20 20:58:50.156,282.4999,,slider,1,0,0.00,0.00,0.00,ACTIVE,NONE,7060,0,P,P,0.00,released,RELEASED
2026-05-20 20:58:50.556,282.8996,,slider,1,0,0.00,0.00,0.00,ACTIVE,NONE,7070,0,P,P,0.00,released,RELEASED
2026-05-20 20:58:50.956,283.2997,,slider,1,0,0.00,0.00,0.00,ACTIVE,NONE,7080,0,P,P,0.00,released,RELEASED
2026-05-20 20:58:51.356,283.6997,,slider,1,0,0.00,0.00,0.00,ACTIVE,NONE,7090,0,P,P,0.00,released,RELEASED
2026-05-20 20:58:51.756,284.1000,,slider,1,0,0.00,1.23,0.00,ACTIVE,NONE,7100,0,P,P,0.00,released,RELEASED
2026-05-20 20:58:52.156,284.5003,,slider,1,0,0.00,0.06,0.00,ACTIVE,NONE,7110,0,P,P,0.00,released,RELEASED
2026-05-20 20:58:52.556,284.9003,,slider,1,0,0.00,0.00,0.00,ACTIVE,NONE,7120,0,P,P,0.00,released,RELEASED
2026-05-20 20:58:52.956,285.2996,,slider,1,0,0.00,0.00,0.00,ACTIVE,NONE,7130,0,P,P,0.00,released,RELEASED
2026-05-20 20:58:53.357,285.7006,,slider,1,0,0.00,0.00,0.00,ACTIVE,NONE,7140,0,P,P,0.00,released,RELEASED
2026-05-20 20:58:53.757,286.1007,,slider,1,0,0.00,0.00,0.00,ACTIVE,NONE,7150,0,P,P,0.00,released,RELEASED
2026-05-20 20:58:54.157,286.5004,,slider,1,0,0.00,0.00,0.00,ACTIVE,NONE,7160,0,P,P,0.00,released,RELEASED
2026-05-20 20:58:54.556,286.9001,,slider,1,0,0.00,0.00,0.00,ACTIVE,NONE,7170,0,P,P,0.00,released,RELEASED
2026-05-20 20:58:54.956,287.3000,,slider,1,0,0.00,0.00,0.00,ACTIVE,NONE,7180,0,P,P,0.00,released,RELEASED
2026-05-20 20:58:55.356,287.7000,,slider,1,0,0.00,0.00,0.00,ACTIVE,NONE,7190,0,P,P,0.00,released,RELEASED
2026-05-20 20:58:55.756,288.0999,,slider,1,0,0.00,0.00,0.00,ACTIVE,NONE,7200,0,P,P,0.00,released,RELEASED
2026-05-20 20:58:56.156,288.5000,,slider,1,0,0.00,0.00,0.00,ACTIVE,NONE,7210,0,P,P,0.00,released,RELEASED
2026-05-20 20:58:56.556,288.9002,,slider,1,0,0.00,0.00,0.00,ACTIVE,NONE,7220,0,P,P,0.00,released,RELEASED
2026-05-20 20:58:56.957,289.3005,,slider,1,0,0.00,0.37,0.00,ACTIVE,NONE,7230,0,P,P,0.00,released,RELEASED
2026-05-20 20:58:57.356,289.7003,,slider,1,0,0.00,0.02,0.00,ACTIVE,NONE,7240,0,P,P,0.00,released,RELEASED
2026-05-20 20:58:57.757,290.1010,,slider,1,0,0.00,0.00,0.00,ACTIVE,NONE,7250,0,P,P,0.00,released,RELEASED
2026-05-20 20:58:58.157,290.5011,,slider,1,0,0.00,0.00,0.00,ACTIVE,NONE,7260,0,P,P,0.00,released,RELEASED
2026-05-20 20:58:58.557,290.9006,,slider,1,0,0.00,0.00,0.00,ACTIVE,NONE,7270,0,P,P,0.00,released,RELEASED
2026-05-20 20:58:58.957,291.3005,,slider,1,0,0.00,0.00,0.00,ACTIVE,NONE,7280,0,P,P,0.00,released,RELEASED
2026-05-20 20:58:59.357,291.7006,,slider,1,0,0.00,0.00,0.00,ACTIVE,NONE,7290,0,P,P,0.00,released,RELEASED
2026-05-20 20:58:59.757,292.1008,,slider,1,0,0.00,0.00,0.00,ACTIVE,NONE,7300,0,P,P,0.00,released,RELEASED
2026-05-20 20:59:00.157,292.5009,,slider,1,0,0.00,0.00,0.00,ACTIVE,NONE,7310,0,P,P,0.00,released,RELEASED
2026-05-20 20:59:00.557,292.9008,,slider,1,0,0.00,0.00,0.00,ACTIVE,NONE,7320,0,P,P,0.00,released,RELEASED
2026-05-20 20:59:00.957,293.3014,,slider,1,0,0.00,0.00,0.00,ACTIVE,NONE,7330,0,P,P,0.00,released,RELEASED
2026-05-20 20:59:01.357,293.7014,,slider,1,0,41.50,44.04,31.20,ACTIVE,NONE,7340,0,P,P,0.00,released,RELEASED
2026-05-20 20:59:01.758,294.1015,,slider,1,0,0.00,6.45,20.30,ACTIVE,NONE,7350,0,P,P,0.00,released,RELEASED
2026-05-20 20:59:02.158,294.5019,,slider,1,0,0.00,0.32,3.80,ACTIVE,NONE,7360,0,P,P,0.00,released,RELEASED
2026-05-20 20:59:02.558,294.9015,,slider,1,0,0.00,0.02,0.40,ACTIVE,NONE,7370,0,P,P,0.00,released,RELEASED
2026-05-20 20:59:02.958,295.3017,,slider,1,0,0.00,0.00,-0.10,ACTIVE,NONE,7380,0,P,P,0.00,released,RELEASED
2026-05-20 20:59:03.358,295.7018,,slider,1,0,0.00,0.00,-0.10,ACTIVE,NONE,7390,0,P,P,0.00,released,RELEASED
2026-05-20 20:59:03.758,296.1018,,slider,1,0,0.00,0.00,-0.10,ACTIVE,NONE,7400,0,P,P,0.00,released,RELEASED
2026-05-20 20:59:04.158,296.5020,,slider,1,0,0.00,0.00,-0.10,ACTIVE,NONE,7410,0,P,P,0.00,released,RELEASED
2026-05-20 20:59:04.559,296.9026,,slider,1,0,0.00,0.00,-0.10,ACTIVE,NONE,7420,0,P,P,0.00,released,RELEASED
2026-05-20 20:59:04.962,297.3064,,slider,1,0,0.00,0.00,-0.10,ACTIVE,NONE,7430,0,P,P,0.00,released,RELEASED
2026-05-20 20:59:05.364,297.7079,,slider,1,0,49.49,23.88,15.50,ACTIVE,NONE,7440,0,P,P,0.00,released,RELEASED
2026-05-20 20:59:05.750,298.0937,,slider,1,0,61.06,39.54,40.90,ACTIVE,NONE,7450,0,P,P,0.00,released,RELEASED
2026-05-20 20:59:06.154,298.4983,,slider,1,0,35.24,48.38,66.00,ACTIVE,NONE,7460,0,P,P,0.00,released,RELEASED
2026-05-20 20:59:06.554,298.8980,,slider,1,0,39.92,37.09,40.90,ACTIVE,NONE,7470,0,P,P,0.00,released,RELEASED
2026-05-20 20:59:06.958,299.3024,,slider,1,0,8.12,30.98,46.60,ACTIVE,NONE,7480,0,P,P,0.00,released,RELEASED
2026-05-20 20:59:07.358,299.7018,,slider,1,0,0.00,1.55,8.90,ACTIVE,NONE,7490,0,P,P,0.00,released,RELEASED
2026-05-20 20:59:07.758,300.1018,,slider,1,0,0.00,0.08,1.10,ACTIVE,NONE,7500,0,P,P,0.00,released,RELEASED
2026-05-20 20:59:08.158,300.5018,,slider,1,0,0.00,0.00,0.10,ACTIVE,NONE,7510,0,P,P,0.00,released,RELEASED
2026-05-20 20:59:08.558,300.9016,,slider,1,0,0.00,0.00,0.00,ACTIVE,NONE,7520,0,P,P,0.00,released,RELEASED
2026-05-20 20:59:08.958,301.3018,,slider,1,0,0.00,0.33,-0.10,ACTIVE,NONE,7530,0,P,P,0.00,released,RELEASED
2026-05-20 20:59:09.358,301.7020,,slider,1,0,0.00,0.02,-0.10,ACTIVE,NONE,7540,0,P,P,0.00,released,RELEASED
2026-05-20 20:59:09.758,302.1021,,slider,1,0,0.00,0.00,-0.10,ACTIVE,NONE,7550,0,P,P,0.00,released,RELEASED
2026-05-20 20:59:10.158,302.5022,,slider,1,0,33.70,3.37,-0.10,ACTIVE,NONE,7560,0,P,P,0.00,released,RELEASED
2026-05-20 20:59:10.564,302.9082,,slider,1,0,76.73,33.54,22.70,ACTIVE,NONE,7570,0,P,P,0.00,released,RELEASED
2026-05-20 20:59:10.950,303.2944,,slider,1,0,52.75,62.15,53.90,ACTIVE,NONE,7580,0,P,P,0.00,released,RELEASED
2026-05-20 20:59:11.355,303.6992,,slider,1,0,89.66,70.41,70.10,ACTIVE,NONE,7590,0,P,P,0.00,released,RELEASED
2026-05-20 20:59:11.760,304.1035,,slider,1,0,59.38,105.75,107.10,ACTIVE,NONE,7600,0,P,P,0.00,released,RELEASED
2026-05-20 20:59:12.160,304.5037,,slider,1,0,12.56,33.75,62.90,ACTIVE,NONE,7610,0,P,P,0.00,released,RELEASED
2026-05-20 20:59:12.552,304.8954,,slider,1,0,0.00,2.19,9.40,ACTIVE,NONE,7620,0,P,P,0.00,released,RELEASED
2026-05-20 20:59:12.952,305.2958,,slider,1,0,0.00,0.11,1.00,ACTIVE,NONE,7630,0,P,P,0.00,released,RELEASED
2026-05-20 20:59:13.352,305.6959,,slider,1,0,0.00,0.01,0.00,ACTIVE,NONE,7640,0,P,P,0.00,released,RELEASED
2026-05-20 20:59:13.752,306.0960,,slider,1,0,0.00,0.00,-0.10,ACTIVE,NONE,7650,0,P,P,0.00,released,RELEASED
2026-05-20 20:59:14.152,306.4960,,slider,1,0,0.00,0.00,-0.10,ACTIVE,NONE,7660,0,P,P,0.00,released,RELEASED
2026-05-20 20:59:14.552,306.8960,,slider,1,0,0.00,0.00,-0.10,ACTIVE,NONE,7670,0,P,P,0.00,released,RELEASED
2026-05-20 20:59:14.952,307.2959,,slider,1,0,0.00,0.00,-0.10,ACTIVE,NONE,7680,0,P,P,0.00,released,RELEASED
2026-05-20 20:59:15.352,307.6961,,slider,1,0,11.08,4.91,0.00,ACTIVE,NONE,7690,0,P,P,0.00,released,RELEASED
2026-05-20 20:59:15.757,308.1005,,slider,1,0,23.02,19.81,13.70,ACTIVE,NONE,7700,0,P,P,0.00,released,RELEASED
2026-05-20 20:59:16.157,308.5010,,slider,1,0,29.09,28.27,24.10,ACTIVE,NONE,7710,0,P,P,0.00,released,RELEASED
2026-05-20 20:59:16.557,308.9007,,slider,1,0,38.36,35.01,30.80,ACTIVE,NONE,7720,0,P,P,0.00,released,RELEASED
2026-05-20 20:59:16.957,309.3010,,slider,1,0,51.11,45.31,41.20,ACTIVE,NONE,7730,0,P,P,0.00,released,RELEASED
2026-05-20 20:59:17.357,309.7008,,slider,1,0,61.06,55.74,50.40,ACTIVE,NONE,7740,0,P,P,0.00,released,RELEASED
2026-05-20 20:59:17.757,310.1009,,slider,1,0,56.04,60.08,59.30,ACTIVE,NONE,7750,0,P,P,0.00,released,RELEASED
2026-05-20 20:59:18.157,310.5012,,slider,1,0,47.88,49.80,53.90,ACTIVE,NONE,7760,0,P,P,0.00,released,RELEASED
2026-05-20 20:59:18.557,310.9009,,slider,1,0,44.67,45.11,47.00,ACTIVE,NONE,7770,0,P,P,0.00,released,RELEASED
2026-05-20 20:59:18.957,311.3010,,slider,1,0,49.49,47.68,45.40,ACTIVE,NONE,7780,0,P,P,0.00,released,RELEASED
2026-05-20 20:59:19.357,311.7014,,slider,1,0,56.04,53.56,49.80,ACTIVE,NONE,7790,0,P,P,0.00,released,RELEASED
2026-05-20 20:59:19.757,312.1010,,slider,1,0,59.38,57.41,55.30,ACTIVE,NONE,7800,0,P,P,0.00,released,RELEASED
2026-05-20 20:59:20.157,312.5014,,slider,1,0,62.76,61.51,59.40,ACTIVE,NONE,7810,0,P,P,0.00,released,RELEASED
2026-05-20 20:59:20.557,312.9013,,slider,1,0,74.94,70.29,66.20,ACTIVE,NONE,7820,0,P,P,0.00,released,RELEASED
2026-05-20 20:59:20.957,313.3011,,slider,1,0,85.89,83.19,78.30,ACTIVE,NONE,7830,0,P,P,0.00,released,RELEASED
2026-05-20 20:59:21.357,313.7013,,slider,1,0,93.48,89.39,87.20,ACTIVE,NONE,7840,0,P,P,0.00,released,RELEASED
2026-05-20 20:59:21.757,314.1012,,slider,1,0,105.35,101.42,96.60,ACTIVE,NONE,7850,0,P,P,0.00,released,RELEASED
2026-05-20 20:59:22.162,314.5061,,slider,1,0,115.72,112.13,108.20,ACTIVE,NONE,7860,0,P,P,0.00,released,RELEASED
2026-05-20 20:59:22.562,314.9059,,slider,1,0,117.85,118.43,116.10,ACTIVE,NONE,7870,0,P,P,0.00,released,RELEASED
2026-05-20 20:59:22.962,315.3061,,slider,1,0,126.55,124.65,121.10,ACTIVE,NONE,7880,0,P,P,0.00,released,RELEASED
2026-05-20 20:59:23.362,315.7061,,slider,1,0,133.30,129.13,126.20,ACTIVE,NONE,7890,0,P,P,0.00,released,RELEASED
2026-05-20 20:59:23.762,316.1059,,slider,1,0,142.58,139.77,137.20,ACTIVE,NONE,7900,0,P,P,0.00,released,RELEASED
2026-05-20 20:59:24.162,316.5061,,slider,1,0,144.96,144.69,143.30,ACTIVE,NONE,7910,0,P,P,0.00,released,RELEASED
2026-05-20 20:59:24.562,316.9061,,slider,1,0,159.69,154.11,149.60,ACTIVE,NONE,7920,0,P,P,0.00,released,RELEASED
2026-05-20 20:59:24.962,317.3062,,slider,1,0,167.38,161.52,159.70,ACTIVE,NONE,7930,0,P,P,0.00,released,RELEASED
2026-05-20 20:59:25.362,317.7061,,slider,1,0,167.38,167.70,167.30,ACTIVE,NONE,7940,0,P,P,0.00,released,RELEASED
2026-05-20 20:59:25.762,318.1061,,slider,1,0,91.56,138.23,161.00,ACTIVE,NONE,7950,0,P,P,0.00,released,RELEASED
2026-05-20 20:59:26.163,318.5068,,slider,1,0,39.92,66.23,95.00,ACTIVE,NONE,7960,0,P,P,0.00,released,RELEASED
2026-05-20 20:59:26.563,318.9067,,slider,1,0,32.15,27.61,34.80,ACTIVE,NONE,7970,0,P,P,0.00,released,RELEASED
2026-05-20 20:59:26.963,319.3065,,slider,1,0,20.02,28.56,30.90,ACTIVE,NONE,7980,0,P,P,0.00,released,RELEASED
2026-05-20 20:59:27.348,319.6923,,slider,1,0,0.00,3.87,9.80,ACTIVE,NONE,7990,0,P,P,0.00,released,RELEASED
2026-05-20 20:59:27.748,320.0923,,slider,1,0,0.00,0.19,0.70,ACTIVE,NONE,8000,0,P,P,0.00,released,RELEASED
2026-05-20 20:59:28.148,320.4924,,slider,1,0,0.00,0.01,-0.10,ACTIVE,NONE,8010,0,P,P,0.00,released,RELEASED
2026-05-20 20:59:28.548,320.8924,,slider,1,0,0.00,0.00,-0.10,ACTIVE,NONE,8020,0,P,P,0.00,released,RELEASED
2026-05-20 20:59:28.949,321.2926,,slider,1,0,0.00,0.00,-0.10,ACTIVE,NONE,8030,0,P,P,0.00,released,RELEASED
2026-05-20 20:59:29.350,321.6935,,slider,1,0,0.00,0.00,-0.10,ACTIVE,NONE,8040,0,P,P,0.00,released,RELEASED
2026-05-20 20:59:29.749,322.0925,,slider,1,0,0.00,0.00,-0.10,ACTIVE,NONE,8050,0,P,P,0.00,released,RELEASED
2026-05-20 20:59:30.149,322.4926,,slider,1,0,0.00,0.00,-0.10,ACTIVE,NONE,8060,0,P,P,0.00,released,RELEASED
2026-05-20 20:59:30.549,322.8933,,slider,1,0,0.00,0.00,-0.10,ACTIVE,NONE,8070,0,P,P,0.00,released,RELEASED
2026-05-20 20:59:30.949,323.2930,,slider,1,0,0.00,0.00,-0.10,ACTIVE,NONE,8080,0,P,P,0.00,released,RELEASED
2026-05-20 20:59:31.349,323.6933,,slider,1,0,0.00,0.00,-0.10,ACTIVE,NONE,8090,0,P,P,0.00,released,RELEASED
2026-05-20 20:59:31.749,324.0931,,slider,1,0,0.00,0.00,-0.10,ACTIVE,NONE,8100,0,P,P,0.00,released,RELEASED
2026-05-20 20:59:32.149,324.4929,,slider,1,0,0.00,0.00,-0.10,ACTIVE,NONE,8110,0,P,P,0.00,released,RELEASED
2026-05-20 20:59:32.549,324.8928,,slider,1,0,0.00,0.00,-0.10,ACTIVE,NONE,8120,0,P,P,0.00,released,RELEASED
2026-05-20 20:59:32.949,325.2930,,slider,1,0,0.00,0.00,-0.10,ACTIVE,NONE,8130,0,P,P,0.00,released,RELEASED
2026-05-20 20:59:33.349,325.6930,,slider,1,0,0.00,0.00,-0.10,ACTIVE,NONE,8140,0,P,P,0.00,released,RELEASED
2026-05-20 20:59:33.749,326.0932,,slider,1,0,0.00,0.00,-0.10,ACTIVE,NONE,8150,0,P,P,0.00,released,RELEASED
2026-05-20 20:59:34.149,326.4932,,slider,1,0,0.00,0.00,-0.10,ACTIVE,NONE,8160,0,P,P,0.00,released,RELEASED
2026-05-20 20:59:34.549,326.8933,,slider,1,0,0.00,0.00,-0.10,ACTIVE,NONE,8170,0,P,P,0.00,released,RELEASED
2026-05-20 20:59:34.950,327.2934,,slider,1,0,0.00,0.00,-0.10,ACTIVE,NONE,8180,0,P,P,0.00,released,RELEASED
2026-05-20 20:59:35.349,327.6929,,slider,1,0,0.00,0.00,5.30,ACTIVE,NONE,8190,0,P,P,0.00,released,RELEASED
2026-05-20 20:59:35.749,328.0929,,slider,1,0,0.00,0.00,3.00,ACTIVE,NONE,8200,0,P,P,0.00,released,RELEASED
2026-05-20 20:59:35.990,328.3338,eac_transition:INHIBITED,slider,1,0,0.00,0.00,4.60,INHIBITED,HANDS_ON,8206,0,P,P,0.00,released,RELEASED
2026-05-20 20:59:36.153,328.4970,,slider,1,0,0.00,0.00,11.50,INHIBITED,HANDS_ON,8210,0,P,P,0.00,released,RELEASED
2026-05-20 20:59:36.554,328.8975,,slider,1,0,0.00,0.00,12.50,INHIBITED,HANDS_ON,8220,0,P,P,0.00,released,RELEASED
2026-05-20 20:59:36.954,329.2983,,slider,1,0,0.00,0.00,12.50,INHIBITED,HANDS_ON,8230,0,P,P,0.00,released,RELEASED
2026-05-20 20:59:37.354,329.6976,,slider,1,0,0.00,0.00,12.60,INHIBITED,HANDS_ON,8240,0,P,P,0.00,released,RELEASED
2026-05-20 20:59:37.754,330.0977,,slider,1,0,0.00,0.00,14.70,INHIBITED,HANDS_ON,8250,0,P,P,0.00,released,RELEASED
2026-05-20 20:59:38.154,330.4981,,slider,1,0,0.00,0.00,16.30,INHIBITED,HANDS_ON,8260,0,P,P,0.00,released,RELEASED
2026-05-20 20:59:38.554,330.8983,,slider,1,0,0.00,0.00,17.60,INHIBITED,HANDS_ON,8270,0,P,P,0.00,released,RELEASED
2026-05-20 20:59:38.954,331.2979,,slider,1,0,0.00,0.00,17.70,INHIBITED,HANDS_ON,8280,0,P,P,0.00,released,RELEASED
2026-05-20 20:59:39.354,331.6979,,slider,1,0,0.00,0.00,17.50,INHIBITED,HANDS_ON,8290,0,P,P,0.00,released,RELEASED
2026-05-20 20:59:39.754,332.0979,,slider,1,0,0.00,0.00,17.60,INHIBITED,HANDS_ON,8300,0,P,P,0.00,released,RELEASED
2026-05-20 20:59:40.155,332.4985,,slider,1,0,0.00,0.00,17.60,INHIBITED,HANDS_ON,8310,0,P,P,0.00,released,RELEASED
2026-05-20 20:59:40.555,332.8985,,slider,1,0,0.00,0.00,17.60,INHIBITED,HANDS_ON,8320,0,P,P,0.00,released,RELEASED
2026-05-20 20:59:40.954,333.2982,,slider,1,0,0.00,0.00,17.60,INHIBITED,HANDS_ON,8330,0,P,P,0.00,released,RELEASED
2026-05-20 20:59:41.354,333.6984,,slider,1,0,0.00,0.00,17.60,INHIBITED,HANDS_ON,8340,0,P,P,0.00,released,RELEASED
2026-05-20 20:59:41.754,334.0982,,slider,1,0,0.00,0.00,17.60,INHIBITED,HANDS_ON,8350,0,P,P,0.00,released,RELEASED
2026-05-20 20:59:42.155,334.4986,,slider,1,0,0.00,0.00,17.60,INHIBITED,HANDS_ON,8360,0,P,P,0.00,released,RELEASED
2026-05-20 20:59:42.554,334.8983,,slider,1,0,0.00,0.00,17.60,INHIBITED,HANDS_ON,8370,0,P,P,0.00,released,RELEASED
2026-05-20 20:59:42.955,335.2988,,slider,1,0,0.00,0.00,17.60,INHIBITED,HANDS_ON,8380,0,P,P,0.00,released,RELEASED
2026-05-20 20:59:43.355,335.6985,,slider,1,0,0.00,0.00,17.60,INHIBITED,HANDS_ON,8390,0,P,P,0.00,released,RELEASED
2026-05-20 20:59:43.754,336.0984,,slider,1,0,0.00,0.00,17.60,INHIBITED,HANDS_ON,8400,0,P,P,0.00,released,RELEASED
2026-05-20 20:59:44.155,336.4984,,slider,1,0,0.00,0.00,17.60,INHIBITED,HANDS_ON,8410,0,P,P,0.00,released,RELEASED
2026-05-20 20:59:44.555,336.8986,,slider,1,0,0.00,0.00,17.60,INHIBITED,HANDS_ON,8420,0,P,P,0.00,released,RELEASED
2026-05-20 20:59:44.955,337.2985,,slider,1,0,0.00,0.00,17.60,INHIBITED,HANDS_ON,8430,0,P,P,0.00,released,RELEASED
2026-05-20 20:59:45.355,337.6987,,slider,1,0,0.00,0.00,17.60,INHIBITED,HANDS_ON,8440,0,P,P,0.00,released,RELEASED
2026-05-20 20:59:45.755,338.0985,,slider,1,0,0.00,0.00,17.60,INHIBITED,HANDS_ON,8450,0,P,P,0.00,released,RELEASED
2026-05-20 20:59:46.155,338.4986,,slider,1,0,0.00,0.00,17.60,INHIBITED,HANDS_ON,8460,0,P,P,0.00,released,RELEASED
2026-05-20 20:59:46.555,338.8986,,slider,1,0,0.00,0.00,17.60,INHIBITED,HANDS_ON,8470,0,P,P,0.00,released,RELEASED
2026-05-20 20:59:46.955,339.2985,,slider,1,0,0.00,0.00,17.60,INHIBITED,HANDS_ON,8480,0,P,P,0.00,released,RELEASED
2026-05-20 20:59:47.355,339.6985,,slider,1,0,0.00,0.00,17.60,INHIBITED,HANDS_ON,8490,0,P,P,0.00,released,RELEASED
2026-05-20 20:59:47.754,340.0984,,slider,1,0,0.00,0.00,17.60,INHIBITED,HANDS_ON,8500,0,P,P,0.00,released,RELEASED
2026-05-20 20:59:48.155,340.4987,,slider,1,0,0.00,0.00,17.60,INHIBITED,HANDS_ON,8510,0,P,P,0.00,released,RELEASED
2026-05-20 20:59:48.555,340.8986,,slider,1,0,0.00,0.00,17.60,INHIBITED,HANDS_ON,8520,0,P,P,0.00,released,RELEASED
2026-05-20 20:59:48.955,341.2988,,slider,1,0,0.00,0.00,17.60,INHIBITED,HANDS_ON,8530,0,P,P,0.00,released,RELEASED
2026-05-20 20:59:49.355,341.6989,,slider,1,0,0.00,0.00,17.60,INHIBITED,HANDS_ON,8540,0,P,P,0.00,released,RELEASED
2026-05-20 20:59:49.755,342.0989,,slider,1,0,0.00,0.00,17.60,INHIBITED,HANDS_ON,8550,0,P,P,0.00,released,RELEASED
2026-05-20 20:59:50.155,342.4992,,slider,1,0,0.00,0.00,17.60,INHIBITED,HANDS_ON,8560,0,P,P,0.00,released,RELEASED
2026-05-20 20:59:50.555,342.8988,,slider,1,0,0.00,0.00,17.60,INHIBITED,HANDS_ON,8570,0,P,P,0.00,released,RELEASED
2026-05-20 20:59:50.955,343.2991,,slider,1,0,0.00,0.00,17.60,INHIBITED,HANDS_ON,8580,0,P,P,0.00,released,RELEASED
2026-05-20 20:59:51.355,343.6991,,slider,1,0,0.00,0.00,17.60,INHIBITED,HANDS_ON,8590,0,P,P,0.00,released,RELEASED
2026-05-20 20:59:51.755,344.0989,,slider,1,0,0.00,0.00,17.80,INHIBITED,HANDS_ON,8600,0,P,P,0.00,released,RELEASED
2026-05-20 20:59:52.155,344.4993,,slider,1,0,0.00,0.00,17.80,INHIBITED,HANDS_ON,8610,0,P,P,0.00,released,RELEASED
2026-05-20 20:59:52.555,344.8990,,slider,1,0,0.00,0.00,17.80,INHIBITED,HANDS_ON,8620,0,P,P,0.00,released,RELEASED
2026-05-20 20:59:52.955,345.2990,,slider,1,0,0.00,0.00,17.80,INHIBITED,HANDS_ON,8630,0,P,P,0.00,released,RELEASED
2026-05-20 20:59:53.355,345.6990,,slider,1,0,0.00,0.00,17.80,INHIBITED,HANDS_ON,8640,0,P,P,0.00,released,RELEASED
2026-05-20 20:59:53.755,346.0990,,slider,1,0,0.00,0.00,17.80,INHIBITED,HANDS_ON,8650,0,P,P,0.00,released,RELEASED
2026-05-20 20:59:54.155,346.4992,,slider,1,0,0.00,0.00,17.80,INHIBITED,HANDS_ON,8660,0,P,P,0.00,released,RELEASED
2026-05-20 20:59:54.556,346.8997,,slider,1,0,0.00,0.00,17.80,INHIBITED,HANDS_ON,8670,0,P,P,0.00,released,RELEASED
2026-05-20 20:59:54.955,347.2991,,slider,1,0,0.00,0.00,17.80,INHIBITED,HANDS_ON,8680,0,P,P,0.00,released,RELEASED
2026-05-20 20:59:55.355,347.6993,,slider,1,0,0.00,0.00,17.80,INHIBITED,HANDS_ON,8690,0,P,P,0.00,released,RELEASED
2026-05-20 20:59:55.755,348.0994,,slider,1,0,0.00,0.00,17.80,INHIBITED,HANDS_ON,8700,0,P,P,0.00,released,RELEASED
2026-05-20 20:59:56.156,348.4995,,slider,1,0,0.00,0.00,17.80,INHIBITED,HANDS_ON,8710,0,P,P,0.00,released,RELEASED
2026-05-20 20:59:56.555,348.8994,,slider,1,0,0.00,0.00,17.80,INHIBITED,HANDS_ON,8720,0,P,P,0.00,released,RELEASED
2026-05-20 20:59:56.956,349.2997,,slider,1,0,0.00,0.00,17.80,INHIBITED,HANDS_ON,8730,0,P,P,0.00,released,RELEASED
2026-05-20 20:59:57.356,349.6996,,slider,1,0,0.00,0.00,17.80,INHIBITED,HANDS_ON,8740,0,P,P,0.00,released,RELEASED
2026-05-20 20:59:57.756,350.0994,,slider,1,0,0.00,0.00,17.80,INHIBITED,HANDS_ON,8750,0,P,P,0.00,released,RELEASED
2026-05-20 20:59:58.156,350.4995,,slider,1,0,0.00,0.00,17.80,INHIBITED,HANDS_ON,8760,0,P,P,0.00,released,RELEASED
2026-05-20 20:59:58.556,350.8995,,slider,1,0,0.00,0.00,17.80,INHIBITED,HANDS_ON,8770,0,P,P,0.00,released,RELEASED
2026-05-20 20:59:58.956,351.2994,,slider,1,0,0.00,0.00,17.80,INHIBITED,HANDS_ON,8780,0,P,P,0.00,released,RELEASED
2026-05-20 20:59:59.356,351.6997,,slider,1,0,0.00,0.00,17.80,INHIBITED,HANDS_ON,8790,0,P,P,0.00,released,RELEASED
2026-05-20 20:59:59.756,352.0995,,slider,1,0,0.00,0.00,17.80,INHIBITED,HANDS_ON,8800,0,P,P,0.00,released,RELEASED
2026-05-20 21:00:00.156,352.4997,,slider,1,0,0.00,0.00,17.80,INHIBITED,HANDS_ON,8810,0,P,P,0.00,released,RELEASED
2026-05-20 21:00:00.556,352.8997,,slider,1,0,0.00,0.00,17.80,INHIBITED,HANDS_ON,8820,0,P,P,0.00,released,RELEASED
2026-05-20 21:00:00.956,353.2995,,slider,1,0,0.00,0.00,17.80,INHIBITED,HANDS_ON,8830,0,P,P,0.00,released,RELEASED
2026-05-20 21:00:01.356,353.6995,,slider,1,0,0.00,0.00,17.80,INHIBITED,HANDS_ON,8840,0,P,P,0.00,released,RELEASED
2026-05-20 21:00:01.756,354.0996,,slider,1,0,0.00,0.00,17.80,INHIBITED,HANDS_ON,8850,0,P,P,0.00,released,RELEASED
2026-05-20 21:00:02.156,354.4997,,slider,1,0,0.00,0.00,17.80,INHIBITED,HANDS_ON,8860,0,P,P,0.00,released,RELEASED
2026-05-20 21:00:02.556,354.8996,,slider,1,0,0.00,0.00,17.80,INHIBITED,HANDS_ON,8870,0,P,P,0.00,released,RELEASED
2026-05-20 21:00:02.956,355.2997,,slider,1,0,0.00,0.00,17.80,INHIBITED,HANDS_ON,8880,0,P,P,0.00,released,RELEASED
2026-05-20 21:00:03.356,355.6998,,slider,1,0,0.00,0.00,17.80,INHIBITED,HANDS_ON,8890,0,P,P,0.00,released,RELEASED
2026-05-20 21:00:03.756,356.1001,,slider,1,0,0.00,0.00,17.80,INHIBITED,HANDS_ON,8900,0,P,P,0.00,released,RELEASED
2026-05-20 21:00:04.156,356.5002,,slider,1,0,0.00,0.00,17.80,INHIBITED,HANDS_ON,8910,0,P,P,0.00,released,RELEASED
2026-05-20 21:00:04.556,356.9000,,slider,1,0,0.00,0.00,17.80,INHIBITED,HANDS_ON,8920,0,P,P,0.00,released,RELEASED
2026-05-20 21:00:04.956,357.2998,,slider,1,0,0.00,0.00,17.80,INHIBITED,HANDS_ON,8930,0,P,P,0.00,released,RELEASED
2026-05-20 21:00:05.356,357.6997,,slider,1,0,0.00,0.00,17.80,INHIBITED,HANDS_ON,8940,0,P,P,0.00,released,RELEASED
2026-05-20 21:00:05.756,358.0998,,slider,1,0,0.00,0.00,17.80,INHIBITED,HANDS_ON,8950,0,P,P,0.00,released,RELEASED
2026-05-20 21:00:06.156,358.5000,,slider,1,0,0.00,0.00,17.80,INHIBITED,HANDS_ON,8960,0,P,P,0.00,released,RELEASED
2026-05-20 21:00:06.556,358.8999,,slider,1,0,0.00,0.00,17.80,INHIBITED,HANDS_ON,8970,0,P,P,0.00,released,RELEASED
2026-05-20 21:00:06.956,359.2998,,slider,1,0,0.00,0.00,17.80,INHIBITED,HANDS_ON,8980,0,P,P,0.00,released,RELEASED
2026-05-20 21:00:07.356,359.6999,,slider,1,0,0.00,0.00,17.80,INHIBITED,HANDS_ON,8990,0,P,P,0.00,released,RELEASED
2026-05-20 21:00:07.757,360.1004,,slider,1,0,0.00,0.00,17.80,INHIBITED,HANDS_ON,9000,0,P,P,0.00,released,RELEASED
2026-05-20 21:00:08.157,360.5006,,slider,1,0,0.00,0.00,17.80,INHIBITED,HANDS_ON,9010,0,P,P,0.00,released,RELEASED
2026-05-20 21:00:08.556,360.9002,,slider,1,0,0.00,0.00,17.80,INHIBITED,HANDS_ON,9020,0,P,P,0.00,released,RELEASED
2026-05-20 21:00:08.957,361.3006,,slider,1,0,0.00,0.00,17.80,INHIBITED,HANDS_ON,9030,0,P,P,0.00,released,RELEASED
2026-05-20 21:00:09.356,361.7000,,slider,1,0,0.00,0.00,17.80,INHIBITED,HANDS_ON,9040,0,P,P,0.00,released,RELEASED
2026-05-20 21:00:09.756,362.1002,,slider,1,0,0.00,0.00,17.80,INHIBITED,HANDS_ON,9050,0,P,P,0.00,released,RELEASED
2026-05-20 21:00:10.157,362.5006,,slider,1,0,0.00,0.00,17.80,INHIBITED,HANDS_ON,9060,0,P,P,0.00,released,RELEASED
2026-05-20 21:00:10.556,362.9003,,slider,1,0,0.00,0.00,17.80,INHIBITED,HANDS_ON,9070,0,P,P,0.00,released,RELEASED
2026-05-20 21:00:10.957,363.3005,,slider,1,0,0.00,0.00,17.80,INHIBITED,HANDS_ON,9080,0,P,P,0.00,released,RELEASED
2026-05-20 21:00:11.357,363.7005,,slider,1,0,0.00,0.00,17.80,INHIBITED,HANDS_ON,9090,0,P,P,0.00,released,RELEASED
2026-05-20 21:00:11.757,364.1005,,slider,1,0,0.00,0.00,17.80,INHIBITED,HANDS_ON,9100,0,P,P,0.00,released,RELEASED
2026-05-20 21:00:12.157,364.5006,,slider,1,0,0.00,0.00,17.80,INHIBITED,HANDS_ON,9110,0,P,P,0.00,released,RELEASED
2026-05-20 21:00:12.557,364.9006,,slider,1,0,0.00,0.00,17.80,INHIBITED,HANDS_ON,9120,0,P,P,0.00,released,RELEASED
2026-05-20 21:00:12.957,365.3005,,slider,1,0,0.00,0.00,17.80,INHIBITED,HANDS_ON,9130,0,P,P,0.00,released,RELEASED
2026-05-20 21:00:13.357,365.7006,,slider,1,0,0.00,0.00,17.80,INHIBITED,HANDS_ON,9140,0,P,P,0.00,released,RELEASED
2026-05-20 21:00:13.757,366.1006,,slider,1,0,0.00,0.00,17.80,INHIBITED,HANDS_ON,9150,0,P,P,0.00,released,RELEASED
2026-05-20 21:00:14.157,366.5007,,slider,1,0,0.00,0.00,17.80,INHIBITED,HANDS_ON,9160,0,P,P,0.00,released,RELEASED
2026-05-20 21:00:14.557,366.9006,,slider,1,0,0.00,0.00,17.80,INHIBITED,HANDS_ON,9170,0,P,P,0.00,released,RELEASED
2026-05-20 21:00:14.957,367.3009,,slider,1,0,0.00,0.00,17.80,INHIBITED,HANDS_ON,9180,0,P,P,0.00,released,RELEASED
2026-05-20 21:00:15.357,367.7011,,slider,1,0,0.00,0.00,17.80,INHIBITED,HANDS_ON,9190,0,P,P,0.00,released,RELEASED
2026-05-20 21:00:15.757,368.1011,,slider,1,0,0.00,0.00,17.80,INHIBITED,HANDS_ON,9200,0,P,P,0.00,released,RELEASED
2026-05-20 21:00:16.158,368.5015,,slider,1,0,0.00,0.00,17.80,INHIBITED,HANDS_ON,9210,0,P,P,0.00,released,RELEASED
2026-05-20 21:00:16.557,368.9012,,slider,1,0,0.00,0.00,17.80,INHIBITED,HANDS_ON,9220,0,P,P,0.00,released,RELEASED
2026-05-20 21:00:16.957,369.3009,,slider,1,0,0.00,0.00,17.80,INHIBITED,HANDS_ON,9230,0,P,P,0.00,released,RELEASED
2026-05-20 21:00:17.357,369.7009,,slider,1,0,0.00,0.00,17.80,INHIBITED,HANDS_ON,9240,0,P,P,0.00,released,RELEASED
2026-05-20 21:00:17.757,370.1012,,slider,1,0,0.00,0.00,17.80,INHIBITED,HANDS_ON,9250,0,P,P,0.00,released,RELEASED
2026-05-20 21:00:18.157,370.5012,,slider,1,0,0.00,0.00,17.80,INHIBITED,HANDS_ON,9260,0,P,P,0.00,released,RELEASED
2026-05-20 21:00:18.557,370.9013,,slider,1,0,0.00,0.00,17.80,INHIBITED,HANDS_ON,9270,0,P,P,0.00,released,RELEASED
2026-05-20 21:00:18.957,371.3010,,slider,1,0,0.00,0.00,17.80,INHIBITED,HANDS_ON,9280,0,P,P,0.00,released,RELEASED
2026-05-20 21:00:19.357,371.7011,,slider,1,0,0.00,0.00,17.80,INHIBITED,HANDS_ON,9290,0,P,P,0.00,released,RELEASED
2026-05-20 21:00:19.757,372.1011,,slider,1,0,0.00,0.00,17.80,INHIBITED,HANDS_ON,9300,0,P,P,0.00,released,RELEASED
2026-05-20 21:00:20.158,372.5015,,slider,1,0,0.00,0.00,17.80,INHIBITED,HANDS_ON,9310,0,P,P,0.00,released,RELEASED
2026-05-20 21:00:20.558,372.9015,,slider,1,0,0.00,0.00,17.80,INHIBITED,HANDS_ON,9320,0,P,P,0.00,released,RELEASED
2026-05-20 21:00:20.957,373.3014,,slider,1,0,0.00,0.00,17.80,INHIBITED,HANDS_ON,9330,0,P,P,0.00,released,RELEASED
2026-05-20 21:00:21.358,373.7017,,slider,1,0,0.00,0.00,17.80,INHIBITED,HANDS_ON,9340,0,P,P,0.00,released,RELEASED
2026-05-20 21:00:21.758,374.1016,,slider,1,0,0.00,0.00,17.80,INHIBITED,HANDS_ON,9350,0,P,P,0.00,released,RELEASED
2026-05-20 21:00:22.158,374.5020,,slider,1,0,0.00,0.00,17.80,INHIBITED,HANDS_ON,9360,0,P,P,0.00,released,RELEASED
2026-05-20 21:00:22.557,374.9014,,slider,1,0,0.00,0.00,17.80,INHIBITED,HANDS_ON,9370,0,P,P,0.00,released,RELEASED
2026-05-20 21:00:22.958,375.3018,,slider,1,0,0.00,0.00,17.80,INHIBITED,HANDS_ON,9380,0,P,P,0.00,released,RELEASED
2026-05-20 21:00:23.358,375.7016,,slider,1,0,0.00,0.00,17.80,INHIBITED,HANDS_ON,9390,0,P,P,0.00,released,RELEASED
2026-05-20 21:00:23.758,376.1016,,slider,1,0,0.00,0.00,17.80,INHIBITED,HANDS_ON,9400,0,P,P,0.00,released,RELEASED
2026-05-20 21:00:24.158,376.5020,,slider,1,0,0.00,0.00,17.80,INHIBITED,HANDS_ON,9410,0,P,P,0.00,released,RELEASED
2026-05-20 21:00:24.557,376.9013,,slider,1,0,0.00,0.00,17.80,INHIBITED,HANDS_ON,9420,0,P,P,0.00,released,RELEASED
2026-05-20 21:00:24.958,377.3020,,slider,1,0,0.00,0.00,17.80,INHIBITED,HANDS_ON,9430,0,P,P,0.00,released,RELEASED
2026-05-20 21:00:25.358,377.7017,,slider,1,0,0.00,0.00,17.80,INHIBITED,HANDS_ON,9440,0,P,P,0.00,released,RELEASED
2026-05-20 21:00:25.758,378.1019,,slider,1,0,0.00,0.00,17.80,INHIBITED,HANDS_ON,9450,0,P,P,0.00,released,RELEASED
2026-05-20 21:00:26.158,378.5021,,slider,1,0,0.00,0.00,17.80,INHIBITED,HANDS_ON,9460,0,P,P,0.00,released,RELEASED
2026-05-20 21:00:26.558,378.9021,,slider,1,0,0.00,0.00,17.80,INHIBITED,HANDS_ON,9470,0,P,P,0.00,released,RELEASED
2026-05-20 21:00:26.958,379.3017,,slider,1,0,0.00,0.00,17.80,INHIBITED,HANDS_ON,9480,0,P,P,0.00,released,RELEASED
2026-05-20 21:00:27.358,379.7018,,slider,1,0,0.00,0.00,17.80,INHIBITED,HANDS_ON,9490,0,P,P,0.00,released,RELEASED
2026-05-20 21:00:27.758,380.1018,,slider,1,0,0.00,0.00,17.80,INHIBITED,HANDS_ON,9500,0,P,P,0.00,released,RELEASED
2026-05-20 21:00:28.158,380.5018,,slider,1,0,0.00,0.00,17.80,INHIBITED,HANDS_ON,9510,0,P,P,0.00,released,RELEASED
2026-05-20 21:00:28.558,380.9022,,slider,1,0,0.00,0.00,17.80,INHIBITED,HANDS_ON,9520,0,P,P,0.00,released,RELEASED
2026-05-20 21:00:28.958,381.3019,,slider,1,0,0.00,0.00,17.80,INHIBITED,HANDS_ON,9530,0,P,P,0.00,released,RELEASED
2026-05-20 21:00:29.358,381.7019,,slider,1,0,0.00,0.00,17.80,INHIBITED,HANDS_ON,9540,0,P,P,0.00,released,RELEASED
2026-05-20 21:00:29.758,382.1020,,slider,1,0,0.00,0.00,17.80,INHIBITED,HANDS_ON,9550,0,P,P,0.00,released,RELEASED
2026-05-20 21:00:30.158,382.5022,,slider,1,0,0.00,0.00,17.80,INHIBITED,HANDS_ON,9560,0,P,P,0.00,released,RELEASED
2026-05-20 21:00:30.558,382.9020,,slider,1,0,0.00,0.00,17.80,INHIBITED,HANDS_ON,9570,0,P,P,0.00,released,RELEASED
2026-05-20 21:00:30.958,383.3020,,slider,1,0,0.00,0.00,17.80,INHIBITED,HANDS_ON,9580,0,P,P,0.00,released,RELEASED
2026-05-20 21:00:31.358,383.7020,,slider,1,0,0.00,0.00,17.80,INHIBITED,HANDS_ON,9590,0,P,P,0.00,released,RELEASED
2026-05-20 21:00:31.758,384.1022,,slider,1,0,0.00,0.00,17.80,INHIBITED,HANDS_ON,9600,0,P,P,0.00,released,RELEASED
2026-05-20 21:00:32.158,384.5021,,slider,1,0,0.00,0.00,17.80,INHIBITED,HANDS_ON,9610,0,P,P,0.00,released,RELEASED
2026-05-20 21:00:32.558,384.9023,,slider,1,0,0.00,0.00,17.80,INHIBITED,HANDS_ON,9620,0,P,P,0.00,released,RELEASED
2026-05-20 21:00:32.958,385.3020,,slider,1,0,0.00,0.00,17.80,INHIBITED,HANDS_ON,9630,0,P,P,0.00,released,RELEASED
2026-05-20 21:00:33.358,385.7023,,slider,1,0,0.00,0.00,17.80,INHIBITED,HANDS_ON,9640,0,P,P,0.00,released,RELEASED
2026-05-20 21:00:33.758,386.1022,,slider,1,0,0.00,0.00,17.80,INHIBITED,HANDS_ON,9650,0,P,P,0.00,released,RELEASED
2026-05-20 21:00:34.158,386.5022,,slider,1,0,0.00,0.00,17.80,INHIBITED,HANDS_ON,9660,0,P,P,0.00,released,RELEASED
2026-05-20 21:00:34.558,386.9023,,slider,1,0,0.00,0.00,17.80,INHIBITED,HANDS_ON,9670,0,P,P,0.00,released,RELEASED
2026-05-20 21:00:34.958,387.3021,,slider,1,0,0.00,0.00,17.80,INHIBITED,HANDS_ON,9680,0,P,P,0.00,released,RELEASED
2026-05-20 21:00:35.359,387.7028,,slider,1,0,0.00,0.00,17.80,INHIBITED,HANDS_ON,9690,0,P,P,0.00,released,RELEASED
2026-05-20 21:00:35.759,388.1026,,slider,1,0,0.00,0.00,17.80,INHIBITED,HANDS_ON,9700,0,P,P,0.00,released,RELEASED
2026-05-20 21:00:36.158,388.5023,,slider,1,0,0.00,0.00,17.80,INHIBITED,HANDS_ON,9710,0,P,P,0.00,released,RELEASED
2026-05-20 21:00:36.559,388.9026,,slider,1,0,0.00,0.00,17.80,INHIBITED,HANDS_ON,9720,0,P,P,0.00,released,RELEASED
2026-05-20 21:00:36.958,389.3023,,slider,1,0,0.00,0.00,17.80,INHIBITED,HANDS_ON,9730,0,P,P,0.00,released,RELEASED
2026-05-20 21:00:37.359,389.7025,,slider,1,0,0.00,0.00,17.80,INHIBITED,HANDS_ON,9740,0,P,P,0.00,released,RELEASED
2026-05-20 21:00:37.758,390.1024,,slider,1,0,0.00,0.00,17.80,INHIBITED,HANDS_ON,9750,0,P,P,0.00,released,RELEASED
2026-05-20 21:00:38.159,390.5025,,slider,1,0,0.00,0.00,17.80,INHIBITED,HANDS_ON,9760,0,P,P,0.00,released,RELEASED
2026-05-20 21:00:38.559,390.9026,,slider,1,0,0.00,0.00,17.80,INHIBITED,HANDS_ON,9770,0,P,P,0.00,released,RELEASED
2026-05-20 21:00:38.959,391.3026,,slider,1,0,0.00,0.00,17.80,INHIBITED,HANDS_ON,9780,0,P,P,0.00,released,RELEASED
2026-05-20 21:00:39.359,391.7028,,slider,1,0,0.00,0.00,17.80,INHIBITED,HANDS_ON,9790,0,P,P,0.00,released,RELEASED
2026-05-20 21:00:39.759,392.1029,,slider,1,0,0.00,0.00,17.80,INHIBITED,HANDS_ON,9800,0,P,P,0.00,released,RELEASED
2026-05-20 21:00:40.159,392.5030,,slider,1,0,0.00,0.00,17.80,INHIBITED,HANDS_ON,9810,0,P,P,0.00,released,RELEASED
2026-05-20 21:00:40.559,392.9028,,slider,1,0,0.00,0.00,17.80,INHIBITED,HANDS_ON,9820,0,P,P,0.00,released,RELEASED
2026-05-20 21:00:40.959,393.3028,,slider,1,0,0.00,0.00,17.80,INHIBITED,HANDS_ON,9830,0,P,P,0.00,released,RELEASED
2026-05-20 21:00:41.359,393.7029,,slider,1,0,0.00,0.00,17.80,INHIBITED,HANDS_ON,9840,0,P,P,0.00,released,RELEASED
2026-05-20 21:00:41.759,394.1029,,slider,1,0,0.00,0.00,17.80,INHIBITED,HANDS_ON,9850,0,P,P,0.00,released,RELEASED
2026-05-20 21:00:42.159,394.5030,,slider,1,0,0.00,0.00,17.80,INHIBITED,HANDS_ON,9860,0,P,P,0.00,released,RELEASED
2026-05-20 21:00:42.559,394.9030,,slider,1,0,0.00,0.00,17.80,INHIBITED,HANDS_ON,9870,0,P,P,0.00,released,RELEASED
2026-05-20 21:00:42.959,395.3033,,slider,1,0,0.00,0.00,17.80,INHIBITED,HANDS_ON,9880,0,P,P,0.00,released,RELEASED
2026-05-20 21:00:43.359,395.7029,,slider,1,0,0.00,0.00,16.60,INHIBITED,HANDS_ON,9890,0,P,P,0.00,released,RELEASED
2026-05-20 21:00:43.759,396.1029,,slider,1,0,0.00,0.00,-9.30,INHIBITED,HANDS_ON,9900,0,P,P,0.00,released,RELEASED
2026-05-20 21:00:44.160,396.5035,,slider,1,0,0.00,0.00,23.10,INHIBITED,HANDS_ON,9910,0,P,P,0.00,released,RELEASED
2026-05-20 21:00:44.559,396.9034,,slider,1,0,0.00,0.00,-7.00,INHIBITED,HANDS_ON,9920,0,P,P,0.00,released,RELEASED
2026-05-20 21:00:44.959,397.3033,,slider,1,0,0.00,0.00,-3.70,INHIBITED,HANDS_ON,9930,0,P,P,0.00,released,RELEASED
2026-05-20 21:00:45.359,397.7031,,slider,1,0,0.00,0.00,-1.90,INHIBITED,HANDS_ON,9940,0,P,P,0.00,released,RELEASED
2026-05-20 21:00:45.759,398.1032,,slider,1,0,0.00,0.00,-0.50,INHIBITED,HANDS_ON,9950,0,P,P,0.00,released,RELEASED
2026-05-20 21:00:46.159,398.5033,,slider,1,0,0.00,0.00,2.60,INHIBITED,HANDS_ON,9960,0,P,P,0.00,released,RELEASED
2026-05-20 21:00:46.559,398.9032,,slider,1,0,0.00,0.00,2.60,INHIBITED,HANDS_ON,9970,0,P,P,0.00,released,RELEASED
2026-05-20 21:00:46.959,399.3033,,slider,1,0,0.00,0.00,2.60,INHIBITED,HANDS_ON,9980,0,P,P,0.00,released,RELEASED
2026-05-20 21:00:47.360,399.7037,,slider,1,0,0.00,0.00,2.60,INHIBITED,HANDS_ON,9990,0,P,P,0.00,released,RELEASED
2026-05-20 21:00:47.760,400.1035,,slider,1,0,0.00,0.00,2.70,INHIBITED,HANDS_ON,10000,0,P,P,0.00,released,RELEASED
2026-05-20 21:00:48.160,400.5038,,slider,1,0,0.00,0.00,2.70,INHIBITED,HANDS_ON,10010,0,P,P,0.00,released,RELEASED
2026-05-20 21:00:48.560,400.9041,,slider,1,0,0.00,0.00,2.70,INHIBITED,HANDS_ON,10020,0,P,P,0.00,released,RELEASED
2026-05-20 21:00:48.960,401.3034,,slider,1,0,0.00,0.00,2.70,INHIBITED,HANDS_ON,10030,0,P,P,0.00,released,RELEASED
2026-05-20 21:00:49.360,401.7040,,slider,1,0,0.00,0.00,2.70,INHIBITED,HANDS_ON,10040,0,P,P,0.00,released,RELEASED
2026-05-20 21:00:49.760,402.1035,,slider,1,0,0.00,0.00,2.70,INHIBITED,HANDS_ON,10050,0,P,P,0.00,released,RELEASED
2026-05-20 21:00:50.160,402.5044,,slider,1,0,0.00,0.00,2.70,INHIBITED,HANDS_ON,10060,0,P,P,0.00,released,RELEASED
2026-05-20 21:00:50.560,402.9037,,slider,1,0,0.00,0.00,2.70,INHIBITED,HANDS_ON,10070,0,P,P,0.00,released,RELEASED
2026-05-20 21:00:50.960,403.3039,,slider,1,0,0.00,0.00,2.70,INHIBITED,HANDS_ON,10080,0,P,P,0.00,released,RELEASED
2026-05-20 21:00:51.361,403.7045,,slider,1,0,0.00,0.00,2.70,INHIBITED,HANDS_ON,10090,0,P,P,0.00,released,RELEASED
2026-05-20 21:00:51.760,404.1043,,slider,1,0,0.00,0.00,2.70,INHIBITED,HANDS_ON,10100,0,P,P,0.00,released,RELEASED
2026-05-20 21:00:52.161,404.5050,,slider,1,0,0.00,0.00,2.70,INHIBITED,HANDS_ON,10110,0,P,P,0.00,released,RELEASED
2026-05-20 21:00:52.560,404.9043,,slider,1,0,0.00,0.00,2.70,INHIBITED,HANDS_ON,10120,0,P,P,0.00,released,RELEASED
2026-05-20 21:00:52.960,405.3041,,slider,1,0,0.00,0.00,2.70,INHIBITED,HANDS_ON,10130,0,P,P,0.00,released,RELEASED
2026-05-20 21:00:53.360,405.7044,,slider,1,0,0.00,0.00,2.70,INHIBITED,HANDS_ON,10140,0,P,P,0.00,released,RELEASED
2026-05-20 21:00:53.760,406.1044,,slider,1,0,0.00,0.00,2.70,INHIBITED,HANDS_ON,10150,0,P,P,0.00,released,RELEASED
2026-05-20 21:00:54.160,406.5043,,slider,1,0,0.00,0.00,2.70,INHIBITED,HANDS_ON,10160,0,P,P,0.00,released,RELEASED
2026-05-20 21:00:54.561,406.9045,,slider,1,0,0.00,0.00,2.70,INHIBITED,HANDS_ON,10170,0,P,P,0.00,released,RELEASED
2026-05-20 21:00:54.961,407.3046,,slider,1,0,0.00,0.00,2.70,INHIBITED,HANDS_ON,10180,0,P,P,0.00,released,RELEASED
2026-05-20 21:00:55.361,407.7046,,slider,1,0,0.00,0.00,2.70,INHIBITED,HANDS_ON,10190,0,P,P,0.00,released,RELEASED
2026-05-20 21:00:55.761,408.1045,,slider,1,0,0.00,0.00,2.70,INHIBITED,HANDS_ON,10200,0,P,P,0.00,released,RELEASED
2026-05-20 21:00:56.161,408.5050,,slider,1,0,0.00,0.00,2.70,INHIBITED,HANDS_ON,10210,0,P,P,0.00,released,RELEASED
2026-05-20 21:00:56.341,408.6847,estop:disconnect requested,slider,0,1,0.00,0.00,2.70,INHIBITED,HANDS_ON,10214,0,P,P,0.00,released,RELEASED
