wall_time,monotonic,event,mode,engaged,estop,target_deg,commanded_deg,measured_deg,eac_status,eac_error,rx_count_0x370,bus_errors,gear,gear_request,di_vehicle_speed_mph,brake_pedal,brake_state
2026-05-18 18:49:30.627,0.2476,eac_transition:AVAILABLE,slider,0,0,0.00,0.00,8.50,AVAILABLE,OUT_OF_RANGE,3,0,P,P,0.00,released,RELEASED
2026-05-18 18:49:30.908,0.5286,,slider,0,0,0.00,0.00,8.50,AVAILABLE,OUT_OF_RANGE,10,0,P,P,0.00,released,RELEASED
2026-05-18 18:49:31.308,0.9284,,slider,0,0,0.00,0.00,8.50,AVAILABLE,OUT_OF_RANGE,20,0,P,P,0.00,released,RELEASED
2026-05-18 18:49:31.708,1.3287,,slider,0,0,0.00,0.00,8.50,AVAILABLE,OUT_OF_RANGE,30,0,P,P,0.00,released,RELEASED
2026-05-18 18:49:32.109,1.7291,,slider,0,0,0.00,-0.52,8.50,AVAILABLE,OUT_OF_RANGE,40,0,P,P,0.00,released,RELEASED
2026-05-18 18:49:32.509,2.1290,,slider,0,0,0.00,-0.20,8.50,AVAILABLE,OUT_OF_RANGE,50,0,P,P,0.00,released,RELEASED
2026-05-18 18:49:32.909,2.5289,,slider,0,0,0.00,-0.20,8.50,AVAILABLE,OUT_OF_RANGE,60,0,P,P,0.00,released,RELEASED
2026-05-18 18:49:33.309,2.9290,,slider,0,0,0.00,-0.20,8.50,AVAILABLE,OUT_OF_RANGE,70,0,P,P,0.00,released,RELEASED
2026-05-18 18:49:33.710,3.3295,,slider,0,0,0.00,-0.01,8.50,AVAILABLE,OUT_OF_RANGE,80,0,P,P,0.00,released,RELEASED
2026-05-18 18:49:34.109,3.7290,,slider,0,0,0.00,-0.00,8.50,AVAILABLE,OUT_OF_RANGE,90,0,P,P,0.00,released,RELEASED
2026-05-18 18:49:34.509,4.1288,,slider,0,0,0.00,-0.00,8.50,AVAILABLE,OUT_OF_RANGE,100,0,P,P,0.00,released,RELEASED
2026-05-18 18:49:34.909,4.5290,,slider,0,0,0.00,-0.00,8.50,AVAILABLE,OUT_OF_RANGE,110,0,P,P,0.00,released,RELEASED
2026-05-18 18:49:35.309,4.9291,,slider,0,0,0.00,-0.00,8.50,AVAILABLE,OUT_OF_RANGE,120,0,P,P,0.00,released,RELEASED
2026-05-18 18:49:35.709,5.3291,,slider,0,0,0.00,-0.00,8.50,AVAILABLE,OUT_OF_RANGE,130,0,P,P,0.00,released,RELEASED
2026-05-18 18:49:36.110,5.7292,,slider,0,0,0.00,-0.00,8.50,AVAILABLE,OUT_OF_RANGE,140,0,P,P,0.00,released,RELEASED
2026-05-18 18:49:36.150,5.7698,engage,slider,1,0,8.50,8.50,8.50,AVAILABLE,OUT_OF_RANGE,141,0,P,P,0.00,released,RELEASED
2026-05-18 18:49:36.190,5.8093,eac_transition:ACTIVE,slider,1,0,0.00,8.50,8.50,ACTIVE,NONE,142,0,P,P,0.00,released,RELEASED
2026-05-18 18:49:36.510,6.1292,,slider,1,0,0.00,0.79,4.40,ACTIVE,NONE,150,0,P,P,0.00,released,RELEASED
2026-05-18 18:49:36.910,6.5295,,slider,1,0,0.00,0.04,1.40,ACTIVE,NONE,160,0,P,P,0.00,released,RELEASED
2026-05-18 18:49:37.310,6.9292,,slider,1,0,0.00,0.00,0.10,ACTIVE,NONE,170,0,P,P,0.00,released,RELEASED
2026-05-18 18:49:37.710,7.3294,,slider,1,0,0.00,0.00,-0.20,ACTIVE,NONE,180,0,P,P,0.00,released,RELEASED
2026-05-18 18:49:38.110,7.7294,,slider,1,0,0.00,-0.52,-0.20,ACTIVE,NONE,190,0,P,P,0.00,released,RELEASED
2026-05-18 18:49:38.510,8.1294,,slider,1,0,0.00,-0.03,-0.20,ACTIVE,NONE,200,0,P,P,0.00,released,RELEASED
2026-05-18 18:49:38.910,8.5294,,slider,1,0,0.00,-0.00,-0.20,ACTIVE,NONE,210,0,P,P,0.00,released,RELEASED
2026-05-18 18:49:39.310,8.9294,,slider,1,0,0.00,-0.00,-0.20,ACTIVE,NONE,220,0,P,P,0.00,released,RELEASED
2026-05-18 18:49:39.710,9.3294,,slider,1,0,0.00,-0.00,-0.20,ACTIVE,NONE,230,0,P,P,0.00,released,RELEASED
2026-05-18 18:49:40.111,9.7297,,slider,1,0,0.00,-0.00,-0.20,ACTIVE,NONE,240,0,P,P,0.00,released,RELEASED
2026-05-18 18:49:40.511,10.1297,,slider,1,0,0.00,-0.11,-0.20,ACTIVE,NONE,250,0,P,P,0.00,released,RELEASED
2026-05-18 18:49:40.911,10.5295,,slider,1,0,0.00,-0.01,-0.20,ACTIVE,NONE,260,0,P,P,0.00,released,RELEASED
2026-05-18 18:49:41.311,10.9296,,slider,1,0,0.00,-0.52,-0.20,ACTIVE,NONE,270,0,P,P,0.00,released,RELEASED
2026-05-18 18:49:41.711,11.3300,,slider,1,0,0.00,-0.03,-0.20,ACTIVE,NONE,280,0,P,P,0.00,released,RELEASED
2026-05-18 18:49:42.111,11.7295,,slider,1,0,0.00,-0.00,-0.20,ACTIVE,NONE,290,0,P,P,0.00,released,RELEASED
2026-05-18 18:49:42.511,12.1296,,slider,1,0,0.00,-0.87,-0.20,ACTIVE,NONE,300,0,P,P,0.00,released,RELEASED
2026-05-18 18:49:42.911,12.5296,,slider,1,0,0.00,-0.04,-0.20,ACTIVE,NONE,310,0,P,P,0.00,released,RELEASED
2026-05-18 18:49:43.311,12.9295,,slider,1,0,0.00,-1.79,-0.30,ACTIVE,NONE,320,0,P,P,0.00,released,RELEASED
2026-05-18 18:49:43.711,13.3297,,slider,1,0,0.00,-0.09,-0.30,ACTIVE,NONE,330,0,P,P,0.00,released,RELEASED
2026-05-18 18:49:44.111,13.7295,,slider,1,0,0.00,-0.00,-0.30,ACTIVE,NONE,340,0,P,P,0.00,released,RELEASED
2026-05-18 18:49:44.511,14.1298,,slider,1,0,0.00,-0.00,-0.30,ACTIVE,NONE,350,0,P,P,0.00,released,RELEASED
2026-05-18 18:49:44.912,14.5299,,slider,1,0,0.00,-0.00,-0.30,ACTIVE,NONE,360,0,P,P,0.00,released,RELEASED
2026-05-18 18:49:45.312,14.9299,,slider,1,0,0.00,-0.00,-0.20,ACTIVE,NONE,370,0,P,P,0.00,released,RELEASED
2026-05-18 18:49:45.712,15.3300,,slider,1,0,0.00,-0.06,-0.20,ACTIVE,NONE,380,0,P,P,0.00,released,RELEASED
2026-05-18 18:49:46.112,15.7301,,slider,1,0,-135.92,-29.31,-8.60,ACTIVE,NONE,390,0,P,P,0.00,released,RELEASED
2026-05-18 18:49:46.512,16.1298,,slider,1,0,0.00,-23.31,-44.60,ACTIVE,NONE,400,0,P,P,0.00,released,RELEASED
2026-05-18 18:49:46.912,16.5298,,slider,1,0,26.17,39.82,16.10,ACTIVE,NONE,410,0,P,P,0.00,released,RELEASED
2026-05-18 18:49:47.312,16.9299,,slider,1,0,0.00,2.21,11.20,ACTIVE,NONE,420,0,P,P,0.00,released,RELEASED
2026-05-18 18:49:47.712,17.3299,,slider,1,0,26.17,22.66,15.30,ACTIVE,NONE,430,0,P,P,0.00,released,RELEASED
2026-05-18 18:49:48.112,17.7298,,slider,1,0,44.35,35.60,26.30,ACTIVE,NONE,440,0,P,P,0.00,released,RELEASED
2026-05-18 18:49:48.512,18.1298,,slider,1,0,0.00,63.47,68.00,ACTIVE,NONE,450,0,P,P,0.00,released,RELEASED
2026-05-18 18:49:48.912,18.5300,,slider,1,0,-66.15,-8.53,22.30,ACTIVE,NONE,460,0,P,P,0.00,released,RELEASED
2026-05-18 18:49:49.312,18.9300,,slider,1,0,-98.48,-80.53,-55.60,ACTIVE,NONE,470,0,P,P,0.00,released,RELEASED
2026-05-18 18:49:49.712,19.3300,,slider,1,0,56.25,-39.14,-64.50,ACTIVE,NONE,480,0,P,P,0.00,released,RELEASED
2026-05-18 18:49:50.113,19.7301,,slider,1,0,79.10,32.86,5.30,ACTIVE,NONE,490,0,P,P,0.00,released,RELEASED
2026-05-18 18:49:50.513,20.1301,,slider,1,0,89.98,87.93,77.50,ACTIVE,NONE,500,0,P,P,0.00,released,RELEASED
2026-05-18 18:49:50.913,20.5300,,slider,1,0,-39.72,50.44,75.30,ACTIVE,NONE,510,0,P,P,0.00,released,RELEASED
2026-05-18 18:49:51.313,20.9302,,slider,1,0,-116.47,-21.56,7.60,ACTIVE,NONE,520,0,P,P,0.00,released,RELEASED
2026-05-18 18:49:51.713,21.3300,,slider,1,0,-222.75,-93.56,-69.50,ACTIVE,NONE,530,0,P,P,0.00,released,RELEASED
2026-05-18 18:49:52.113,21.7302,,slider,1,0,-53.83,-165.56,-142.90,ACTIVE,NONE,540,0,P,P,0.00,released,RELEASED
2026-05-18 18:49:52.513,22.1301,,slider,1,0,322.64,-111.56,-138.90,ACTIVE,NONE,550,0,P,P,0.00,released,RELEASED
2026-05-18 18:49:52.913,22.5301,,slider,1,0,322.64,-39.56,-65.60,ACTIVE,NONE,560,0,P,P,0.00,released,RELEASED
2026-05-18 18:49:53.313,22.9303,,slider,1,0,322.64,32.44,8.90,ACTIVE,NONE,570,0,P,P,0.00,released,RELEASED
2026-05-18 18:49:53.713,23.3303,,slider,1,0,322.64,104.44,80.70,ACTIVE,NONE,580,0,P,P,0.00,released,RELEASED
2026-05-18 18:49:54.114,23.7304,,slider,1,0,-10.82,176.44,153.60,ACTIVE,NONE,590,0,P,P,0.00,released,RELEASED
2026-05-18 18:49:54.514,24.1306,,slider,1,0,0.00,104.44,133.20,ACTIVE,NONE,600,0,P,P,0.00,released,RELEASED
2026-05-18 18:49:54.914,24.5305,,slider,1,0,0.00,32.44,57.80,ACTIVE,NONE,610,0,P,P,0.00,released,RELEASED
2026-05-18 18:49:55.314,24.9304,,slider,1,0,0.00,0.02,4.10,ACTIVE,NONE,620,0,P,P,0.00,released,RELEASED
2026-05-18 18:49:55.714,25.3304,,slider,1,0,0.00,0.00,0.50,ACTIVE,NONE,630,0,P,P,0.00,released,RELEASED
2026-05-18 18:49:56.114,25.7304,,slider,1,0,0.00,0.00,-0.30,ACTIVE,NONE,640,0,P,P,0.00,released,RELEASED
2026-05-18 18:49:56.514,26.1306,,slider,1,0,0.00,0.00,-0.30,ACTIVE,NONE,650,0,P,P,0.00,released,RELEASED
2026-05-18 18:49:56.914,26.5304,,slider,1,0,0.00,-0.06,-0.30,ACTIVE,NONE,660,0,P,P,0.00,released,RELEASED
2026-05-18 18:49:57.314,26.9307,,slider,1,0,0.00,-0.00,-0.30,ACTIVE,NONE,670,0,P,P,0.00,released,RELEASED
2026-05-18 18:49:57.714,27.3307,,slider,1,0,0.00,-0.00,-0.30,ACTIVE,NONE,680,0,P,P,0.00,released,RELEASED
2026-05-18 18:49:58.114,27.7308,,slider,1,0,0.00,-0.00,-0.30,ACTIVE,NONE,690,0,P,P,0.00,released,RELEASED
2026-05-18 18:49:58.515,28.1308,,slider,1,0,0.00,-0.00,-0.30,ACTIVE,NONE,700,0,P,P,0.00,released,RELEASED
2026-05-18 18:49:58.915,28.5309,,slider,1,0,0.00,-0.19,-0.30,ACTIVE,NONE,710,0,P,P,0.00,released,RELEASED
2026-05-18 18:49:59.314,28.9306,,slider,1,0,0.00,-0.01,-0.30,ACTIVE,NONE,720,0,P,P,0.00,released,RELEASED
2026-05-18 18:49:59.715,29.3313,,slider,1,0,0.00,-0.00,-0.30,ACTIVE,NONE,730,0,P,P,0.00,released,RELEASED
2026-05-18 18:50:00.115,29.7308,,slider,1,0,0.00,-0.00,-0.30,ACTIVE,NONE,740,0,P,P,0.00,released,RELEASED
2026-05-18 18:50:00.515,30.1307,,slider,1,0,0.00,-0.00,-0.30,ACTIVE,NONE,750,0,P,P,0.00,released,RELEASED
2026-05-18 18:50:00.915,30.5308,,slider,1,0,-6.48,-0.00,-0.30,ACTIVE,NONE,760,0,P,P,0.00,released,RELEASED
2026-05-18 18:50:01.315,30.9307,,slider,1,0,0.00,-0.04,-0.30,ACTIVE,NONE,770,0,P,P,0.00,released,RELEASED
2026-05-18 18:50:01.715,31.3306,,slider,1,0,0.00,-0.11,-0.30,ACTIVE,NONE,780,0,P,P,0.00,released,RELEASED
2026-05-18 18:50:02.115,31.7308,,slider,1,0,0.00,-1.43,-0.30,ACTIVE,NONE,790,0,P,P,0.00,released,RELEASED
2026-05-18 18:50:02.515,32.1307,,slider,1,0,0.00,-0.67,-0.30,ACTIVE,NONE,800,0,P,P,0.00,released,RELEASED
2026-05-18 18:50:02.915,32.5307,,slider,1,0,0.00,-0.03,-0.30,ACTIVE,NONE,810,0,P,P,0.00,released,RELEASED
2026-05-18 18:50:03.315,32.9306,,slider,1,0,0.00,-0.41,-0.30,ACTIVE,NONE,820,0,P,P,0.00,released,RELEASED
2026-05-18 18:50:03.715,33.3309,,slider,1,0,0.00,-0.48,-0.30,ACTIVE,NONE,830,0,P,P,0.00,released,RELEASED
2026-05-18 18:50:04.115,33.7306,,slider,1,0,0.00,-0.02,-0.30,ACTIVE,NONE,840,0,P,P,0.00,released,RELEASED
2026-05-18 18:50:04.515,34.1307,,slider,1,0,0.00,-0.00,-0.30,ACTIVE,NONE,850,0,P,P,0.00,released,RELEASED
2026-05-18 18:50:04.916,34.5309,,slider,1,0,0.00,-0.00,-0.30,ACTIVE,NONE,860,0,P,P,0.00,released,RELEASED
2026-05-18 18:50:05.315,34.9307,,slider,1,0,0.00,-0.00,-0.30,ACTIVE,NONE,870,0,P,P,0.00,released,RELEASED
2026-05-18 18:50:05.716,35.3308,,slider,1,0,0.00,-0.00,-0.30,ACTIVE,NONE,880,0,P,P,0.00,released,RELEASED
2026-05-18 18:50:06.116,35.7308,,slider,1,0,0.00,-0.00,-0.30,ACTIVE,NONE,890,0,P,P,0.00,released,RELEASED
2026-05-18 18:50:06.516,36.1309,,slider,1,0,0.00,-0.10,-0.30,ACTIVE,NONE,900,0,P,P,0.00,released,RELEASED
2026-05-18 18:50:06.916,36.5309,,slider,1,0,0.00,-0.17,-0.30,ACTIVE,NONE,910,0,P,P,0.00,released,RELEASED
2026-05-18 18:50:07.316,36.9308,,slider,1,0,0.00,-0.01,-0.30,ACTIVE,NONE,920,0,P,P,0.00,released,RELEASED
2026-05-18 18:50:07.717,37.3314,,slider,1,0,0.00,-0.00,-0.30,ACTIVE,NONE,930,0,P,P,0.00,released,RELEASED
2026-05-18 18:50:08.116,37.7309,,slider,1,0,0.00,-0.00,-0.30,ACTIVE,NONE,940,0,P,P,0.00,released,RELEASED
2026-05-18 18:50:08.517,38.1313,,slider,1,0,0.00,-0.00,-0.30,ACTIVE,NONE,950,0,P,P,0.00,released,RELEASED
2026-05-18 18:50:08.917,38.5312,,slider,1,0,0.00,-0.00,-0.30,ACTIVE,NONE,960,0,P,P,0.00,released,RELEASED
2026-05-18 18:50:09.317,38.9313,,slider,1,0,0.00,-0.10,-0.30,ACTIVE,NONE,970,0,P,P,0.00,released,RELEASED
2026-05-18 18:50:09.717,39.3314,,slider,1,0,0.00,-0.53,-0.30,ACTIVE,NONE,980,0,P,P,0.00,released,RELEASED
2026-05-18 18:50:10.117,39.7315,,slider,1,0,0.00,-0.03,-0.30,ACTIVE,NONE,990,0,P,P,0.00,released,RELEASED
2026-05-18 18:50:10.517,40.1315,,slider,1,0,0.00,-0.00,-0.20,ACTIVE,NONE,1000,0,P,P,0.00,released,RELEASED
2026-05-18 18:50:10.917,40.5315,,slider,1,0,0.00,-0.40,-0.20,ACTIVE,NONE,1010,0,P,P,0.00,released,RELEASED
2026-05-18 18:50:11.317,40.9315,,slider,1,0,0.00,-0.02,-0.20,ACTIVE,NONE,1020,0,P,P,0.00,released,RELEASED
2026-05-18 18:50:11.718,41.3318,,slider,1,0,0.00,-0.00,-0.20,ACTIVE,NONE,1030,0,P,P,0.00,released,RELEASED
2026-05-18 18:50:12.117,41.7314,,slider,1,0,0.00,-0.00,-0.20,ACTIVE,NONE,1040,0,P,P,0.00,released,RELEASED
2026-05-18 18:50:12.518,42.1318,,slider,1,0,0.00,-0.00,-0.20,ACTIVE,NONE,1050,0,P,P,0.00,released,RELEASED
2026-05-18 18:50:12.918,42.5317,,slider,1,0,6.48,1.88,1.60,ACTIVE,NONE,1060,0,P,P,0.00,released,RELEASED
2026-05-18 18:50:13.318,42.9316,,slider,1,0,32.89,4.57,2.80,ACTIVE,NONE,1070,0,P,P,0.00,released,RELEASED
2026-05-18 18:50:13.718,43.3316,,slider,1,0,126.00,76.44,45.70,ACTIVE,NONE,1080,0,P,P,0.00,released,RELEASED
2026-05-18 18:50:14.118,43.7320,,slider,1,0,56.25,110.91,115.60,ACTIVE,NONE,1090,0,P,P,0.00,released,RELEASED
2026-05-18 18:50:14.518,44.1317,,slider,1,0,122.78,86.48,85.40,ACTIVE,NONE,1100,0,P,P,0.00,released,RELEASED
2026-05-18 18:50:14.918,44.5317,,slider,1,0,168.24,156.86,127.30,ACTIVE,NONE,1110,0,P,P,0.00,released,RELEASED
2026-05-18 18:50:15.318,44.9318,,slider,1,0,168.24,173.06,178.70,ACTIVE,NONE,1120,0,P,P,0.00,released,RELEASED
2026-05-18 18:50:15.718,45.3319,,slider,1,0,0.00,109.73,140.40,ACTIVE,NONE,1130,0,P,P,0.00,released,RELEASED
2026-05-18 18:50:16.118,45.7320,,slider,1,0,-42.03,37.73,64.50,ACTIVE,NONE,1140,0,P,P,0.00,released,RELEASED
2026-05-18 18:50:16.518,46.1318,,slider,1,0,-49.05,-34.27,-9.30,ACTIVE,NONE,1150,0,P,P,0.00,released,RELEASED
2026-05-18 18:50:16.918,46.5319,,slider,1,0,-53.83,-50.45,-48.10,ACTIVE,NONE,1160,0,P,P,0.00,released,RELEASED
2026-05-18 18:50:17.319,46.9320,,slider,1,0,-209.27,-83.58,-61.90,ACTIVE,NONE,1170,0,P,P,0.00,released,RELEASED
2026-05-18 18:50:17.719,47.3320,,slider,1,0,-322.64,-155.58,-131.70,ACTIVE,NONE,1180,0,P,P,0.00,released,RELEASED
2026-05-18 18:50:18.119,47.7320,,slider,1,0,-17.35,-197.58,-201.90,ACTIVE,NONE,1190,0,P,P,0.00,released,RELEASED
2026-05-18 18:50:18.519,48.1318,,slider,1,0,49.05,-125.58,-156.40,ACTIVE,NONE,1200,0,P,P,0.00,released,RELEASED
2026-05-18 18:50:18.919,48.5320,,slider,1,0,347.21,-53.58,-79.90,ACTIVE,NONE,1210,0,P,P,0.00,released,RELEASED
2026-05-18 18:50:19.319,48.9322,,slider,1,0,347.21,18.42,-6.70,ACTIVE,NONE,1220,0,P,P,0.00,released,RELEASED
2026-05-18 18:50:19.719,49.3320,,slider,1,0,353.56,90.42,65.00,ACTIVE,NONE,1230,0,P,P,0.00,released,RELEASED
2026-05-18 18:50:20.119,49.7323,,slider,1,0,353.56,162.42,137.70,ACTIVE,NONE,1240,0,P,P,0.00,released,RELEASED
2026-05-18 18:50:20.519,50.1321,,slider,1,0,0.00,222.42,210.30,ACTIVE,NONE,1250,0,P,P,0.00,released,RELEASED
2026-05-18 18:50:20.919,50.5321,,slider,1,0,6.48,150.42,180.80,ACTIVE,NONE,1260,0,P,P,0.00,released,RELEASED
2026-05-18 18:50:21.319,50.9321,,slider,1,0,6.48,78.42,105.20,ACTIVE,NONE,1270,0,P,P,0.00,released,RELEASED
2026-05-18 18:50:21.719,51.3322,,slider,1,0,6.48,6.42,31.40,ACTIVE,NONE,1280,0,P,P,0.00,released,RELEASED
2026-05-18 18:50:22.120,51.7326,,slider,1,0,6.48,3.34,4.80,ACTIVE,NONE,1290,0,P,P,0.00,released,RELEASED
2026-05-18 18:50:22.520,52.1322,,slider,1,0,0.00,1.64,2.80,ACTIVE,NONE,1300,0,P,P,0.00,released,RELEASED
2026-05-18 18:50:22.920,52.5322,,slider,1,0,-126.00,-23.42,-3.40,ACTIVE,NONE,1310,0,P,P,0.00,released,RELEASED
2026-05-18 18:50:23.320,52.9322,,slider,1,0,-164.45,-95.42,-71.40,ACTIVE,NONE,1320,0,P,P,0.00,released,RELEASED
2026-05-18 18:50:23.720,53.3324,,slider,1,0,-132.57,-165.76,-143.10,ACTIVE,NONE,1330,0,P,P,0.00,released,RELEASED
2026-05-18 18:50:24.120,53.7327,,slider,1,0,0.00,-93.76,-123.50,ACTIVE,NONE,1340,0,P,P,0.00,released,RELEASED
2026-05-18 18:50:24.520,54.1323,,slider,1,0,6.48,-21.76,-49.20,ACTIVE,NONE,1350,0,P,P,0.00,released,RELEASED
2026-05-18 18:50:24.920,54.5324,,slider,1,0,6.48,3.93,-1.60,ACTIVE,NONE,1360,0,P,P,0.00,released,RELEASED
2026-05-18 18:50:25.320,54.9324,,slider,1,0,0.00,2.28,3.30,ACTIVE,NONE,1370,0,P,P,0.00,released,RELEASED
2026-05-18 18:50:25.720,55.3324,,slider,1,0,0.00,1.52,3.30,ACTIVE,NONE,1380,0,P,P,0.00,released,RELEASED
2026-05-18 18:50:26.121,55.7329,,slider,1,0,0.00,3.71,2.80,ACTIVE,NONE,1390,0,P,P,0.00,released,RELEASED
2026-05-18 18:50:26.520,56.1325,,slider,1,0,92.78,59.17,35.40,ACTIVE,NONE,1400,0,P,P,0.00,released,RELEASED
2026-05-18 18:50:26.921,56.5326,,slider,1,0,101.39,104.12,98.50,ACTIVE,NONE,1410,0,P,P,0.00,released,RELEASED
2026-05-18 18:50:27.321,56.9326,,slider,1,0,104.33,101.64,103.70,ACTIVE,NONE,1420,0,P,P,0.00,released,RELEASED
2026-05-18 18:50:27.721,57.3328,,slider,1,0,288.21,170.03,147.20,ACTIVE,NONE,1430,0,P,P,0.00,released,RELEASED
2026-05-18 18:50:28.121,57.7329,,slider,1,0,146.25,218.03,217.70,ACTIVE,NONE,1440,0,P,P,0.00,released,RELEASED
2026-05-18 18:50:28.521,58.1326,,slider,1,0,6.48,146.03,177.30,ACTIVE,NONE,1450,0,P,P,0.00,released,RELEASED
2026-05-18 18:50:28.921,58.5327,,slider,1,0,0.00,74.03,100.10,ACTIVE,NONE,1460,0,P,P,0.00,released,RELEASED
2026-05-18 18:50:29.321,58.9326,,slider,1,0,0.00,4.13,26.90,ACTIVE,NONE,1470,0,P,P,0.00,released,RELEASED
2026-05-18 18:50:29.721,59.3327,,slider,1,0,6.48,3.12,5.00,ACTIVE,NONE,1480,0,P,P,0.00,released,RELEASED
2026-05-18 18:50:30.121,59.7329,,slider,1,0,6.48,0.74,2.20,ACTIVE,NONE,1490,0,P,P,0.00,released,RELEASED
2026-05-18 18:50:30.521,60.1328,,slider,1,0,0.00,4.81,2.00,ACTIVE,NONE,1500,0,P,P,0.00,released,RELEASED
2026-05-18 18:50:30.921,60.5327,,slider,1,0,6.48,4.19,2.30,ACTIVE,NONE,1510,0,P,P,0.00,released,RELEASED
2026-05-18 18:50:31.322,60.9329,,slider,1,0,0.00,1.20,2.70,ACTIVE,NONE,1520,0,P,P,0.00,released,RELEASED
2026-05-18 18:50:31.722,61.3328,,slider,1,0,6.48,3.03,2.10,ACTIVE,NONE,1530,0,P,P,0.00,released,RELEASED
2026-05-18 18:50:32.122,61.7329,,slider,1,0,0.00,3.51,2.60,ACTIVE,NONE,1540,0,P,P,0.00,released,RELEASED
2026-05-18 18:50:32.522,62.1329,,slider,1,0,0.00,3.31,2.60,ACTIVE,NONE,1550,0,P,P,0.00,released,RELEASED
2026-05-18 18:50:32.922,62.5329,,slider,1,0,0.00,1.35,2.60,ACTIVE,NONE,1560,0,P,P,0.00,released,RELEASED
2026-05-18 18:50:33.322,62.9329,,slider,1,0,0.00,2.25,2.20,ACTIVE,NONE,1570,0,P,P,0.00,released,RELEASED
2026-05-18 18:50:33.722,63.3329,,slider,1,0,0.00,3.32,2.20,ACTIVE,NONE,1580,0,P,P,0.00,released,RELEASED
2026-05-18 18:50:34.122,63.7332,,slider,1,0,0.00,2.38,2.20,ACTIVE,NONE,1590,0,P,P,0.00,released,RELEASED
2026-05-18 18:50:34.522,64.1330,,slider,1,0,0.00,1.48,2.20,ACTIVE,NONE,1600,0,P,P,0.00,released,RELEASED
2026-05-18 18:50:34.922,64.5331,,slider,1,0,0.00,4.58,2.60,ACTIVE,NONE,1610,0,P,P,0.00,released,RELEASED
2026-05-18 18:50:35.322,64.9331,,slider,1,0,0.00,3.22,2.90,ACTIVE,NONE,1620,0,P,P,0.00,released,RELEASED
2026-05-18 18:50:35.722,65.3330,,slider,1,0,0.00,1.48,2.80,ACTIVE,NONE,1630,0,P,P,0.00,released,RELEASED
2026-05-18 18:50:36.123,65.7333,,slider,1,0,6.48,3.79,2.70,ACTIVE,NONE,1640,0,P,P,0.00,released,RELEASED
2026-05-18 18:50:36.523,66.1331,,slider,1,0,6.48,2.60,2.70,ACTIVE,NONE,1650,0,P,P,0.00,released,RELEASED
2026-05-18 18:50:36.923,66.5332,,slider,1,0,0.00,1.52,2.30,ACTIVE,NONE,1660,0,P,P,0.00,released,RELEASED
2026-05-18 18:50:37.323,66.9332,,slider,1,0,6.48,3.98,2.30,ACTIVE,NONE,1670,0,P,P,0.00,released,RELEASED
2026-05-18 18:50:37.723,67.3332,,slider,1,0,6.48,1.57,2.60,ACTIVE,NONE,1680,0,P,P,0.00,released,RELEASED
2026-05-18 18:50:38.123,67.7333,,slider,1,0,0.00,3.19,2.10,ACTIVE,NONE,1690,0,P,P,0.00,released,RELEASED
2026-05-18 18:50:38.523,68.1332,,slider,1,0,6.48,1.21,2.10,ACTIVE,NONE,1700,0,P,P,0.00,released,RELEASED
2026-05-18 18:50:38.923,68.5333,,slider,1,0,0.00,1.12,2.10,ACTIVE,NONE,1710,0,P,P,0.00,released,RELEASED
2026-05-18 18:50:39.323,68.9333,,slider,1,0,0.00,4.11,2.10,ACTIVE,NONE,1720,0,P,P,0.00,released,RELEASED
2026-05-18 18:50:39.723,69.3333,,slider,1,0,0.00,3.19,3.20,ACTIVE,NONE,1730,0,P,P,0.00,released,RELEASED
2026-05-18 18:50:40.123,69.7334,,slider,1,0,6.48,2.48,3.20,ACTIVE,NONE,1740,0,P,P,0.00,released,RELEASED
2026-05-18 18:50:40.524,70.1335,,slider,1,0,0.00,2.98,3.20,ACTIVE,NONE,1750,0,P,P,0.00,released,RELEASED
2026-05-18 18:50:40.924,70.5334,,slider,1,0,0.00,1.45,3.20,ACTIVE,NONE,1760,0,P,P,0.00,released,RELEASED
2026-05-18 18:50:41.324,70.9334,,slider,1,0,0.00,1.19,2.70,ACTIVE,NONE,1770,0,P,P,0.00,released,RELEASED
2026-05-18 18:50:41.724,71.3335,,slider,1,0,0.00,1.78,2.20,ACTIVE,NONE,1780,0,P,P,0.00,released,RELEASED
2026-05-18 18:50:42.124,71.7336,,slider,1,0,0.00,1.51,2.10,ACTIVE,NONE,1790,0,P,P,0.00,released,RELEASED
2026-05-18 18:50:42.524,72.1336,,slider,1,0,0.00,4.46,2.10,ACTIVE,NONE,1800,0,P,P,0.00,released,RELEASED
2026-05-18 18:50:42.924,72.5335,,slider,1,0,0.00,1.93,3.00,ACTIVE,NONE,1810,0,P,P,0.00,released,RELEASED
2026-05-18 18:50:43.324,72.9336,,slider,1,0,0.00,3.21,2.90,ACTIVE,NONE,1820,0,P,P,0.00,released,RELEASED
2026-05-18 18:50:43.724,73.3336,,slider,1,0,6.48,2.73,3.00,ACTIVE,NONE,1830,0,P,P,0.00,released,RELEASED
2026-05-18 18:50:44.125,73.7339,,slider,1,0,0.00,1.37,3.90,ACTIVE,NONE,1840,0,P,P,0.00,released,RELEASED
2026-05-18 18:50:44.524,74.1337,,slider,1,0,6.48,1.76,2.80,ACTIVE,NONE,1850,0,P,P,0.00,released,RELEASED
2026-05-18 18:50:44.925,74.5338,,slider,1,0,0.00,1.78,2.70,ACTIVE,NONE,1860,0,P,P,0.00,released,RELEASED
2026-05-18 18:50:45.324,74.9337,,slider,1,0,0.00,1.17,2.40,ACTIVE,NONE,1870,0,P,P,0.00,released,RELEASED
2026-05-18 18:50:45.725,75.3339,,slider,1,0,6.48,2.40,1.70,ACTIVE,NONE,1880,0,P,P,0.00,released,RELEASED
2026-05-18 18:50:46.125,75.7339,,slider,1,0,6.48,3.97,1.70,ACTIVE,NONE,1890,0,P,P,0.00,released,RELEASED
2026-05-18 18:50:46.525,76.1338,,slider,1,0,0.00,1.61,1.90,ACTIVE,NONE,1900,0,P,P,0.00,released,RELEASED
2026-05-18 18:50:46.925,76.5339,,slider,1,0,6.48,2.40,2.10,ACTIVE,NONE,1910,0,P,P,0.00,released,RELEASED
2026-05-18 18:50:47.325,76.9339,,slider,1,0,0.00,1.82,2.30,ACTIVE,NONE,1920,0,P,P,0.00,released,RELEASED
2026-05-18 18:50:47.725,77.3339,,slider,1,0,0.00,1.12,2.30,ACTIVE,NONE,1930,0,P,P,0.00,released,RELEASED
2026-05-18 18:50:48.125,77.7341,,slider,1,0,0.00,3.01,2.50,ACTIVE,NONE,1940,0,P,P,0.00,released,RELEASED
2026-05-18 18:50:48.525,78.1340,,slider,1,0,6.48,3.15,2.50,ACTIVE,NONE,1950,0,P,P,0.00,released,RELEASED
2026-05-18 18:50:48.925,78.5340,,slider,1,0,6.48,3.80,2.50,ACTIVE,NONE,1960,0,P,P,0.00,released,RELEASED
2026-05-18 18:50:49.325,78.9340,,slider,1,0,0.00,1.51,2.50,ACTIVE,NONE,1970,0,P,P,0.00,released,RELEASED
2026-05-18 18:50:49.726,79.3341,,slider,1,0,0.00,0.27,2.00,ACTIVE,NONE,1980,0,P,P,0.00,released,RELEASED
2026-05-18 18:50:50.126,79.7344,,slider,1,0,6.48,2.14,1.90,ACTIVE,NONE,1990,0,P,P,0.00,released,RELEASED
2026-05-18 18:50:50.526,80.1341,,slider,1,0,0.00,2.60,2.10,ACTIVE,NONE,2000,0,P,P,0.00,released,RELEASED
2026-05-18 18:50:50.926,80.5341,,slider,1,0,0.00,1.30,2.10,ACTIVE,NONE,2010,0,P,P,0.00,released,RELEASED
2026-05-18 18:50:51.326,80.9341,,slider,1,0,0.00,3.50,2.20,ACTIVE,NONE,2020,0,P,P,0.00,released,RELEASED
2026-05-18 18:50:51.726,81.3341,,slider,1,0,0.00,2.11,2.90,ACTIVE,NONE,2030,0,P,P,0.00,released,RELEASED
2026-05-18 18:50:52.126,81.7345,,slider,1,0,0.00,2.78,2.50,ACTIVE,NONE,2040,0,P,P,0.00,released,RELEASED
2026-05-18 18:50:52.526,82.1342,,slider,1,0,6.48,3.44,2.00,ACTIVE,NONE,2050,0,P,P,0.00,released,RELEASED
2026-05-18 18:50:52.926,82.5342,,slider,1,0,6.48,1.00,2.10,ACTIVE,NONE,2060,0,P,P,0.00,released,RELEASED
2026-05-18 18:50:53.326,82.9342,,slider,1,0,6.48,3.41,2.10,ACTIVE,NONE,2070,0,P,P,0.00,released,RELEASED
2026-05-18 18:50:53.726,83.3342,,slider,1,0,0.00,5.76,3.10,ACTIVE,NONE,2080,0,P,P,0.00,released,RELEASED
2026-05-18 18:50:54.127,83.7344,,slider,1,0,0.00,2.27,3.30,ACTIVE,NONE,2090,0,P,P,0.00,released,RELEASED
2026-05-18 18:50:54.526,84.1343,,slider,1,0,6.48,2.55,2.60,ACTIVE,NONE,2100,0,P,P,0.00,released,RELEASED
2026-05-18 18:50:54.927,84.5343,,slider,1,0,6.48,2.16,2.70,ACTIVE,NONE,2110,0,P,P,0.00,released,RELEASED
2026-05-18 18:50:55.327,84.9344,,slider,1,0,0.00,2.90,2.70,ACTIVE,NONE,2120,0,P,P,0.00,released,RELEASED
2026-05-18 18:50:55.727,85.3344,,slider,1,0,6.48,4.32,2.70,ACTIVE,NONE,2130,0,P,P,0.00,released,RELEASED
2026-05-18 18:50:56.127,85.7346,,slider,1,0,0.00,1.38,2.60,ACTIVE,NONE,2140,0,P,P,0.00,released,RELEASED
2026-05-18 18:50:56.527,86.1345,,slider,1,0,6.48,2.39,2.00,ACTIVE,NONE,2150,0,P,P,0.00,released,RELEASED
2026-05-18 18:50:56.927,86.5345,,slider,1,0,0.00,1.84,2.00,ACTIVE,NONE,2160,0,P,P,0.00,released,RELEASED
2026-05-18 18:50:57.327,86.9345,,slider,1,0,0.00,0.93,2.20,ACTIVE,NONE,2170,0,P,P,0.00,released,RELEASED
2026-05-18 18:50:57.727,87.3346,,slider,1,0,0.00,3.77,2.50,ACTIVE,NONE,2180,0,P,P,0.00,released,RELEASED
2026-05-18 18:50:58.127,87.7346,,slider,1,0,0.00,1.96,3.00,ACTIVE,NONE,2190,0,P,P,0.00,released,RELEASED
2026-05-18 18:50:58.527,88.1346,,slider,1,0,0.00,1.33,2.30,ACTIVE,NONE,2200,0,P,P,0.00,released,RELEASED
2026-05-18 18:50:58.927,88.5346,,slider,1,0,6.48,4.07,2.20,ACTIVE,NONE,2210,0,P,P,0.00,released,RELEASED
2026-05-18 18:50:59.328,88.9347,,slider,1,0,0.00,3.12,2.60,ACTIVE,NONE,2220,0,P,P,0.00,released,RELEASED
2026-05-18 18:50:59.728,89.3347,,slider,1,0,0.00,0.71,2.50,ACTIVE,NONE,2230,0,P,P,0.00,released,RELEASED
2026-05-18 18:51:00.128,89.7349,,slider,1,0,6.48,4.17,2.40,ACTIVE,NONE,2240,0,P,P,0.00,released,RELEASED
2026-05-18 18:51:00.528,90.1348,,slider,1,0,0.00,0.90,3.00,ACTIVE,NONE,2250,0,P,P,0.00,released,RELEASED
2026-05-18 18:51:00.928,90.5347,,slider,1,0,6.48,3.49,2.30,ACTIVE,NONE,2260,0,P,P,0.00,released,RELEASED
2026-05-18 18:51:01.328,90.9348,,slider,1,0,-19.54,-2.46,2.70,ACTIVE,NONE,2270,0,P,P,0.00,released,RELEASED
2026-05-18 18:51:01.728,91.3350,,slider,1,0,-63.64,-71.85,-47.80,ACTIVE,NONE,2280,0,P,P,0.00,released,RELEASED
2026-05-18 18:51:02.128,91.7350,,slider,1,0,6.48,-22.31,-50.20,ACTIVE,NONE,2290,0,P,P,0.00,released,RELEASED
2026-05-18 18:51:02.528,92.1349,,slider,1,0,142.76,33.82,6.10,ACTIVE,NONE,2300,0,P,P,0.00,released,RELEASED
2026-05-18 18:51:02.928,92.5349,,slider,1,0,122.78,105.82,80.00,ACTIVE,NONE,2310,0,P,P,0.00,released,RELEASED
2026-05-18 18:51:03.328,92.9350,,slider,1,0,6.48,69.22,95.30,ACTIVE,NONE,2320,0,P,P,0.00,released,RELEASED
2026-05-18 18:51:03.729,93.3350,,slider,1,0,0.00,3.62,26.90,ACTIVE,NONE,2330,0,P,P,0.00,released,RELEASED
2026-05-18 18:51:04.129,93.7351,,slider,1,0,6.48,4.31,4.90,ACTIVE,NONE,2340,0,P,P,0.00,released,RELEASED
2026-05-18 18:51:04.529,94.1350,,slider,1,0,6.48,1.94,2.80,ACTIVE,NONE,2350,0,P,P,0.00,released,RELEASED
2026-05-18 18:51:04.929,94.5351,,slider,1,0,0.00,3.73,2.60,ACTIVE,NONE,2360,0,P,P,0.00,released,RELEASED
2026-05-18 18:51:05.329,94.9351,,slider,1,0,0.00,3.69,2.60,ACTIVE,NONE,2370,0,P,P,0.00,released,RELEASED
2026-05-18 18:51:05.729,95.3353,,slider,1,0,6.48,3.42,2.60,ACTIVE,NONE,2380,0,P,P,0.00,released,RELEASED
2026-05-18 18:51:06.129,95.7352,,slider,1,0,6.48,3.40,2.60,ACTIVE,NONE,2390,0,P,P,0.00,released,RELEASED
2026-05-18 18:51:06.529,96.1351,,slider,1,0,6.48,3.67,2.60,ACTIVE,NONE,2400,0,P,P,0.00,released,RELEASED
2026-05-18 18:51:06.929,96.5352,,slider,1,0,0.00,1.92,2.60,ACTIVE,NONE,2410,0,P,P,0.00,released,RELEASED
2026-05-18 18:51:07.329,96.9353,,slider,1,0,6.48,2.48,2.60,ACTIVE,NONE,2420,0,P,P,0.00,released,RELEASED
2026-05-18 18:51:07.729,97.3352,,slider,1,0,6.48,2.04,2.60,ACTIVE,NONE,2430,0,P,P,0.00,released,RELEASED
2026-05-18 18:51:08.130,97.7354,,slider,1,0,6.48,2.25,2.60,ACTIVE,NONE,2440,0,P,P,0.00,released,RELEASED
2026-05-18 18:51:08.530,98.1354,,slider,1,0,0.00,2.09,2.60,ACTIVE,NONE,2450,0,P,P,0.00,released,RELEASED
2026-05-18 18:51:08.930,98.5352,,slider,1,0,0.00,2.56,2.60,ACTIVE,NONE,2460,0,P,P,0.00,released,RELEASED
2026-05-18 18:51:09.330,98.9354,,slider,1,0,0.00,2.11,2.60,ACTIVE,NONE,2470,0,P,P,0.00,released,RELEASED
2026-05-18 18:51:09.730,99.3353,,slider,1,0,0.00,2.49,2.40,ACTIVE,NONE,2480,0,P,P,0.00,released,RELEASED
2026-05-18 18:51:10.130,99.7353,,slider,1,0,0.00,4.53,2.20,ACTIVE,NONE,2490,0,P,P,0.00,released,RELEASED
2026-05-18 18:51:10.530,100.1354,,slider,1,0,0.00,1.39,2.20,ACTIVE,NONE,2500,0,P,P,0.00,released,RELEASED
2026-05-18 18:51:10.930,100.5354,,slider,1,0,6.48,4.22,2.20,ACTIVE,NONE,2510,0,P,P,0.00,released,RELEASED
2026-05-18 18:51:11.330,100.9354,,slider,1,0,0.00,1.10,2.20,ACTIVE,NONE,2520,0,P,P,0.00,released,RELEASED
2026-05-18 18:51:11.730,101.3356,,slider,1,0,0.00,1.77,2.20,ACTIVE,NONE,2530,0,P,P,0.00,released,RELEASED
2026-05-18 18:51:12.130,101.7356,,slider,1,0,6.48,4.20,2.20,ACTIVE,NONE,2540,0,P,P,0.00,released,RELEASED
2026-05-18 18:51:12.530,102.1356,,slider,1,0,0.00,1.36,2.20,ACTIVE,NONE,2550,0,P,P,0.00,released,RELEASED
2026-05-18 18:51:12.931,102.5356,,slider,1,0,0.00,2.43,2.20,ACTIVE,NONE,2560,0,P,P,0.00,released,RELEASED
2026-05-18 18:51:13.331,102.9357,,slider,1,0,0.00,2.07,2.20,ACTIVE,NONE,2570,0,P,P,0.00,released,RELEASED
2026-05-18 18:51:13.731,103.3356,,slider,1,0,0.00,1.03,2.20,ACTIVE,NONE,2580,0,P,P,0.00,released,RELEASED
2026-05-18 18:51:14.131,103.7357,,slider,1,0,0.00,1.83,2.00,ACTIVE,NONE,2590,0,P,P,0.00,released,RELEASED
2026-05-18 18:51:14.531,104.1357,,slider,1,0,0.00,2.13,2.00,ACTIVE,NONE,2600,0,P,P,0.00,released,RELEASED
2026-05-18 18:51:14.931,104.5358,,slider,1,0,0.00,0.26,1.70,ACTIVE,NONE,2610,0,P,P,0.00,released,RELEASED
2026-05-18 18:51:15.331,104.9357,,slider,1,0,0.00,2.23,1.30,ACTIVE,NONE,2620,0,P,P,0.00,released,RELEASED
2026-05-18 18:51:15.731,105.3357,,slider,1,0,6.48,1.77,1.30,ACTIVE,NONE,2630,0,P,P,0.00,released,RELEASED
2026-05-18 18:51:16.131,105.7358,,slider,1,0,6.48,3.83,2.00,ACTIVE,NONE,2640,0,P,P,0.00,released,RELEASED
2026-05-18 18:51:16.531,106.1359,,slider,1,0,0.00,1.20,3.60,ACTIVE,NONE,2650,0,P,P,0.00,released,RELEASED
2026-05-18 18:51:16.931,106.5359,,slider,1,0,6.48,3.55,3.10,ACTIVE,NONE,2660,0,P,P,0.00,released,RELEASED
2026-05-18 18:51:17.331,106.9359,,slider,1,0,6.48,2.42,2.80,ACTIVE,NONE,2670,0,P,P,0.00,released,RELEASED
2026-05-18 18:51:17.732,107.3360,,slider,1,0,0.00,2.94,2.80,ACTIVE,NONE,2680,0,P,P,0.00,released,RELEASED
2026-05-18 18:51:18.132,107.7359,,slider,1,0,0.00,0.75,2.30,ACTIVE,NONE,2690,0,P,P,0.00,released,RELEASED
2026-05-18 18:51:18.532,108.1359,,slider,1,0,0.00,3.19,1.80,ACTIVE,NONE,2700,0,P,P,0.00,released,RELEASED
2026-05-18 18:51:18.932,108.5360,,slider,1,0,0.00,2.43,2.50,ACTIVE,NONE,2710,0,P,P,0.00,released,RELEASED
2026-05-18 18:51:19.332,108.9361,,slider,1,0,6.48,2.89,2.50,ACTIVE,NONE,2720,0,P,P,0.00,released,RELEASED
2026-05-18 18:51:19.732,109.3362,,slider,1,0,6.48,0.93,2.50,ACTIVE,NONE,2730,0,P,P,0.00,released,RELEASED
2026-05-18 18:51:20.132,109.7360,,slider,1,0,0.00,1.02,2.50,ACTIVE,NONE,2740,0,P,P,0.00,released,RELEASED
2026-05-18 18:51:20.532,110.1361,,slider,1,0,0.00,1.26,2.10,ACTIVE,NONE,2750,0,P,P,0.00,released,RELEASED
2026-05-18 18:51:20.932,110.5362,,slider,1,0,0.00,2.10,2.00,ACTIVE,NONE,2760,0,P,P,0.00,released,RELEASED
2026-05-18 18:51:21.332,110.9362,,slider,1,0,0.00,1.55,2.00,ACTIVE,NONE,2770,0,P,P,0.00,released,RELEASED
2026-05-18 18:51:21.733,111.3362,,slider,1,0,6.48,4.50,2.00,ACTIVE,NONE,2780,0,P,P,0.00,released,RELEASED
2026-05-18 18:51:22.133,111.7363,,slider,1,0,15.17,13.19,4.70,ACTIVE,NONE,2790,0,P,P,0.00,released,RELEASED
2026-05-18 18:51:22.533,112.1364,,slider,1,0,23.95,21.79,16.10,ACTIVE,NONE,2800,0,P,P,0.00,released,RELEASED
2026-05-18 18:51:22.933,112.5363,,slider,1,0,28.40,26.98,23.40,ACTIVE,NONE,2810,0,P,P,0.00,released,RELEASED
2026-05-18 18:51:23.333,112.9365,,slider,1,0,44.35,38.98,32.40,ACTIVE,NONE,2820,0,P,P,0.00,released,RELEASED
2026-05-18 18:51:23.733,113.3364,,slider,1,0,66.15,55.35,46.10,ACTIVE,NONE,2830,0,P,P,0.00,released,RELEASED
2026-05-18 18:51:24.133,113.7364,,slider,1,0,104.33,92.84,79.00,ACTIVE,NONE,2840,0,P,P,0.00,released,RELEASED
2026-05-18 18:51:24.533,114.1365,,slider,1,0,122.78,107.84,100.30,ACTIVE,NONE,2850,0,P,P,0.00,released,RELEASED
2026-05-18 18:51:24.933,114.5364,,slider,1,0,172.09,146.49,133.00,ACTIVE,NONE,2860,0,P,P,0.00,released,RELEASED
2026-05-18 18:51:25.333,114.9364,,slider,1,0,179.95,176.51,167.80,ACTIVE,NONE,2870,0,P,P,0.00,released,RELEASED
2026-05-18 18:51:25.733,115.3365,,slider,1,0,266.79,230.24,208.70,ACTIVE,NONE,2880,0,P,P,0.00,released,RELEASED
2026-05-18 18:51:26.133,115.7365,,slider,1,0,204.90,251.99,258.60,ACTIVE,NONE,2890,0,P,P,0.00,released,RELEASED
2026-05-18 18:51:26.534,116.1366,,slider,1,0,17.35,179.99,211.60,ACTIVE,NONE,2900,0,P,P,0.00,released,RELEASED
2026-05-18 18:51:26.934,116.5366,,slider,1,0,-32.89,107.99,133.70,ACTIVE,NONE,2910,0,P,P,0.00,released,RELEASED
2026-05-18 18:51:27.334,116.9366,,slider,1,0,-44.35,35.99,60.50,ACTIVE,NONE,2920,0,P,P,0.00,released,RELEASED
2026-05-18 18:51:27.734,117.3367,,slider,1,0,-49.05,-36.01,-11.30,ACTIVE,NONE,2930,0,P,P,0.00,released,RELEASED
2026-05-18 18:51:28.134,117.7367,,slider,1,0,-53.83,-52.01,-48.60,ACTIVE,NONE,2940,0,P,P,0.00,released,RELEASED
2026-05-18 18:51:28.534,118.1366,,slider,1,0,-71.25,-67.88,-64.10,ACTIVE,NONE,2950,0,P,P,0.00,released,RELEASED
2026-05-18 18:51:28.934,118.5367,,slider,1,0,-104.33,-93.80,-84.10,ACTIVE,NONE,2960,0,P,P,0.00,released,RELEASED
2026-05-18 18:51:29.334,118.9368,,slider,1,0,-122.78,-116.39,-109.90,ACTIVE,NONE,2970,0,P,P,0.00,released,RELEASED
2026-05-18 18:51:29.734,119.3368,,slider,1,0,-139.31,-139.87,-135.10,ACTIVE,NONE,2980,0,P,P,0.00,released,RELEASED
2026-05-18 18:51:30.134,119.7368,,slider,1,0,-142.76,-134.43,-138.30,ACTIVE,NONE,2990,0,P,P,0.00,released,RELEASED
2026-05-18 18:51:30.534,120.1368,,slider,1,0,-200.59,-168.28,-149.70,ACTIVE,NONE,3000,0,P,P,0.00,released,RELEASED
2026-05-18 18:51:30.935,120.5369,,slider,1,0,-19.54,-152.54,-176.00,ACTIVE,NONE,3010,0,P,P,0.00,released,RELEASED
2026-05-18 18:51:31.335,120.9369,,slider,1,0,0.00,-80.54,-111.30,ACTIVE,NONE,3020,0,P,P,0.00,released,RELEASED
2026-05-18 18:51:31.735,121.3370,,slider,1,0,0.00,-8.54,-33.90,ACTIVE,NONE,3030,0,P,P,0.00,released,RELEASED
2026-05-18 18:51:32.135,121.7369,,slider,1,0,0.00,1.71,0.10,ACTIVE,NONE,3040,0,P,P,0.00,released,RELEASED
2026-05-18 18:51:32.535,122.1369,,slider,1,0,6.48,3.56,2.60,ACTIVE,NONE,3050,0,P,P,0.00,released,RELEASED
2026-05-18 18:51:32.935,122.5371,,slider,1,0,0.00,5.30,3.90,ACTIVE,NONE,3060,0,P,P,0.00,released,RELEASED
2026-05-18 18:51:33.335,122.9370,,slider,1,0,0.00,2.00,4.00,ACTIVE,NONE,3070,0,P,P,0.00,released,RELEASED
2026-05-18 18:51:33.735,123.3370,,slider,1,0,0.00,5.22,3.80,ACTIVE,NONE,3080,0,P,P,0.00,released,RELEASED
2026-05-18 18:51:34.135,123.7370,,slider,1,0,6.48,4.03,4.10,ACTIVE,NONE,3090,0,P,P,0.00,released,RELEASED
2026-05-18 18:51:34.535,124.1371,,slider,1,0,6.48,1.89,3.70,ACTIVE,NONE,3100,0,P,P,0.00,released,RELEASED
2026-05-18 18:51:34.935,124.5371,,slider,1,0,0.00,3.33,3.50,ACTIVE,NONE,3110,0,P,P,0.00,released,RELEASED
2026-05-18 18:51:35.335,124.9371,,slider,1,0,51.43,37.62,18.10,ACTIVE,NONE,3120,0,P,P,0.00,released,RELEASED
2026-05-18 18:51:35.736,125.3371,,slider,1,0,66.15,62.56,56.70,ACTIVE,NONE,3130,0,P,P,0.00,released,RELEASED
2026-05-18 18:51:36.136,125.7372,,slider,1,0,84.48,80.33,72.80,ACTIVE,NONE,3140,0,P,P,0.00,released,RELEASED
2026-05-18 18:51:36.536,126.1372,,slider,1,0,142.76,119.44,107.10,ACTIVE,NONE,3150,0,P,P,0.00,released,RELEASED
2026-05-18 18:51:36.936,126.5373,,slider,1,0,188.03,161.12,142.80,ACTIVE,NONE,3160,0,P,P,0.00,released,RELEASED
2026-05-18 18:51:37.336,126.9373,,slider,1,0,232.06,219.93,198.50,ACTIVE,NONE,3170,0,P,P,0.00,released,RELEASED
2026-05-18 18:51:37.736,127.3373,,slider,1,0,288.21,272.91,252.60,ACTIVE,NONE,3180,0,P,P,0.00,released,RELEASED
2026-05-18 18:51:38.136,127.7374,,slider,1,0,334.76,303.21,293.10,ACTIVE,NONE,3190,0,P,P,0.00,released,RELEASED
2026-05-18 18:51:38.536,128.1374,,slider,1,0,347.21,346.78,343.10,ACTIVE,NONE,3200,0,P,P,0.00,released,RELEASED
2026-05-18 18:51:38.937,128.5376,,slider,1,0,6.48,286.95,317.00,ACTIVE,NONE,3210,0,P,P,0.00,released,RELEASED
2026-05-18 18:51:39.336,128.9375,,slider,1,0,-21.74,214.95,243.10,ACTIVE,NONE,3220,0,P,P,0.00,released,RELEASED
2026-05-18 18:51:39.737,129.3377,,slider,1,0,-66.15,142.95,167.20,ACTIVE,NONE,3230,0,P,P,0.00,released,RELEASED
2026-05-18 18:51:40.137,129.7375,,slider,1,0,-107.31,70.95,95.20,ACTIVE,NONE,3240,0,P,P,0.00,released,RELEASED
2026-05-18 18:51:40.537,130.1376,,slider,1,0,-153.38,-1.05,23.70,ACTIVE,NONE,3250,0,P,P,0.00,released,RELEASED
2026-05-18 18:51:40.937,130.5376,,slider,1,0,-160.70,-73.05,-48.10,ACTIVE,NONE,3260,0,P,P,0.00,released,RELEASED
2026-05-18 18:51:41.337,130.9377,,slider,1,0,-175.99,-145.05,-120.30,ACTIVE,NONE,3270,0,P,P,0.00,released,RELEASED
2026-05-18 18:51:41.737,131.3376,,slider,1,0,-168.24,-169.11,-167.60,ACTIVE,NONE,3280,0,P,P,0.00,released,RELEASED
2026-05-18 18:51:42.137,131.7376,,slider,1,0,-196.35,-176.36,-173.80,ACTIVE,NONE,3290,0,P,P,0.00,released,RELEASED
2026-05-18 18:51:42.537,132.1377,,slider,1,0,-256.52,-247.71,-225.40,ACTIVE,NONE,3300,0,P,P,0.00,released,RELEASED
2026-05-18 18:51:42.938,132.5381,,slider,1,0,-6.48,-192.37,-220.50,ACTIVE,NONE,3310,0,P,P,0.00,released,RELEASED
2026-05-18 18:51:43.337,132.9378,,slider,1,0,6.48,-120.37,-148.00,ACTIVE,NONE,3320,0,P,P,0.00,released,RELEASED
2026-05-18 18:51:43.737,133.3378,,slider,1,0,19.54,-48.37,-73.10,ACTIVE,NONE,3330,0,P,P,0.00,released,RELEASED
2026-05-18 18:51:44.138,133.7383,,slider,1,0,19.54,22.60,-1.20,ACTIVE,NONE,3340,0,P,P,0.00,released,RELEASED
2026-05-18 18:51:44.538,134.1380,,slider,1,0,0.00,5.56,12.20,ACTIVE,NONE,3350,0,P,P,0.00,released,RELEASED
2026-05-18 18:51:44.938,134.5379,,slider,1,0,-6.48,-2.54,3.60,ACTIVE,NONE,3360,0,P,P,0.00,released,RELEASED
2026-05-18 18:51:45.338,134.9379,,slider,1,0,6.48,2.90,-0.50,ACTIVE,NONE,3370,0,P,P,0.00,released,RELEASED
2026-05-18 18:51:45.738,135.3380,,slider,1,0,6.48,-0.23,-2.20,ACTIVE,NONE,3380,0,P,P,0.00,released,RELEASED
2026-05-18 18:51:46.138,135.7380,,slider,1,0,0.00,2.28,2.70,ACTIVE,NONE,3390,0,P,P,0.00,released,RELEASED
2026-05-18 18:51:46.538,136.1380,,slider,1,0,6.48,1.03,1.80,ACTIVE,NONE,3400,0,P,P,0.00,released,RELEASED
2026-05-18 18:51:46.938,136.5380,,slider,1,0,0.00,4.16,2.00,ACTIVE,NONE,3410,0,P,P,0.00,released,RELEASED
2026-05-18 18:51:47.320,136.9195,,slider,1,0,0.00,3.15,2.70,ACTIVE,NONE,3420,0,P,P,0.00,released,RELEASED
2026-05-18 18:51:47.738,137.3381,,slider,1,0,0.00,2.10,2.30,ACTIVE,NONE,3430,0,P,P,0.00,released,RELEASED
2026-05-18 18:51:48.138,137.7381,,slider,1,0,6.48,3.06,2.00,ACTIVE,NONE,3440,0,P,P,0.00,released,RELEASED
2026-05-18 18:51:48.539,138.1382,,slider,1,0,6.48,2.03,2.40,ACTIVE,NONE,3450,0,P,P,0.00,released,RELEASED
2026-05-18 18:51:48.939,138.5382,,slider,1,0,0.00,1.45,2.70,ACTIVE,NONE,3460,0,P,P,0.00,released,RELEASED
2026-05-18 18:51:49.320,138.9196,,slider,1,0,0.00,1.58,2.30,ACTIVE,NONE,3470,0,P,P,0.00,released,RELEASED
2026-05-18 18:51:49.739,139.3382,,slider,1,0,0.00,2.73,1.60,ACTIVE,NONE,3480,0,P,P,0.00,released,RELEASED
2026-05-18 18:51:50.139,139.7383,,slider,1,0,0.00,0.93,1.70,ACTIVE,NONE,3490,0,P,P,0.00,released,RELEASED
2026-05-18 18:51:50.520,140.1196,,slider,1,0,0.00,1.50,2.00,ACTIVE,NONE,3500,0,P,P,0.00,released,RELEASED
2026-05-18 18:51:50.920,140.5194,,slider,1,0,6.48,1.23,1.60,ACTIVE,NONE,3510,0,P,P,0.00,released,RELEASED
2026-05-18 18:51:51.320,140.9193,,slider,1,0,6.48,3.13,2.30,ACTIVE,NONE,3520,0,P,P,0.00,released,RELEASED
2026-05-18 18:51:51.721,141.3198,,slider,1,0,0.00,2.85,3.90,ACTIVE,NONE,3530,0,P,P,0.00,released,RELEASED
2026-05-18 18:51:52.120,141.7195,,slider,1,0,6.48,2.67,3.60,ACTIVE,NONE,3540,0,P,P,0.00,released,RELEASED
2026-05-18 18:51:52.520,142.1196,,slider,1,0,6.48,3.68,3.20,ACTIVE,NONE,3550,0,P,P,0.00,released,RELEASED
2026-05-18 18:51:52.920,142.5194,,slider,1,0,0.00,0.49,2.10,ACTIVE,NONE,3560,0,P,P,0.00,released,RELEASED
2026-05-18 18:51:53.321,142.9195,,slider,1,0,0.00,3.98,1.80,ACTIVE,NONE,3570,0,P,P,0.00,released,RELEASED
2026-05-18 18:51:53.721,143.3197,,slider,1,0,0.00,2.43,2.60,ACTIVE,NONE,3580,0,P,P,0.00,released,RELEASED
2026-05-18 18:51:54.121,143.7196,,slider,1,0,0.00,1.24,2.10,ACTIVE,NONE,3590,0,P,P,0.00,released,RELEASED
2026-05-18 18:51:54.521,144.1195,,slider,1,0,6.48,5.22,2.80,ACTIVE,NONE,3600,0,P,P,0.00,released,RELEASED
2026-05-18 18:51:54.921,144.5198,,slider,1,0,0.00,1.63,3.30,ACTIVE,NONE,3610,0,P,P,0.00,released,RELEASED
2026-05-18 18:51:55.321,144.9194,,slider,1,0,0.00,1.70,2.40,ACTIVE,NONE,3620,0,P,P,0.00,released,RELEASED
2026-05-18 18:51:55.721,145.3200,,slider,1,0,0.00,3.37,2.30,ACTIVE,NONE,3630,0,P,P,0.00,released,RELEASED
2026-05-18 18:51:56.122,145.7201,,slider,1,0,0.00,2.74,2.60,ACTIVE,NONE,3640,0,P,P,0.00,released,RELEASED
2026-05-18 18:51:56.521,146.1196,,slider,1,0,0.00,4.04,3.00,ACTIVE,NONE,3650,0,P,P,0.00,released,RELEASED
2026-05-18 18:51:56.921,146.5195,,slider,1,0,6.48,3.63,2.90,ACTIVE,NONE,3660,0,P,P,0.00,released,RELEASED
2026-05-18 18:51:57.322,146.9199,,slider,1,0,6.48,2.31,2.00,ACTIVE,NONE,3670,0,P,P,0.00,released,RELEASED
2026-05-18 18:51:57.722,147.3199,,slider,1,0,0.00,2.32,2.20,ACTIVE,NONE,3680,0,P,P,0.00,released,RELEASED
2026-05-18 18:51:58.122,147.7203,,slider,1,0,0.00,2.32,2.10,ACTIVE,NONE,3690,0,P,P,0.00,released,RELEASED
2026-05-18 18:51:58.522,148.1202,,slider,1,0,6.48,2.92,1.80,ACTIVE,NONE,3700,0,P,P,0.00,released,RELEASED
2026-05-18 18:51:58.922,148.5201,,slider,1,0,6.48,3.56,2.20,ACTIVE,NONE,3710,0,P,P,0.00,released,RELEASED
2026-05-18 18:51:59.322,148.9203,,slider,1,0,0.00,2.21,2.60,ACTIVE,NONE,3720,0,P,P,0.00,released,RELEASED
2026-05-18 18:51:59.722,149.3200,,slider,1,0,6.48,3.71,2.40,ACTIVE,NONE,3730,0,P,P,0.00,released,RELEASED
2026-05-18 18:52:00.122,149.7199,,slider,1,0,6.48,2.52,3.10,ACTIVE,NONE,3740,0,P,P,0.00,released,RELEASED
2026-05-18 18:52:00.522,150.1200,,slider,1,0,0.00,3.49,3.20,ACTIVE,NONE,3750,0,P,P,0.00,released,RELEASED
2026-05-18 18:52:00.922,150.5203,,slider,1,0,6.48,3.07,2.80,ACTIVE,NONE,3760,0,P,P,0.00,released,RELEASED
2026-05-18 18:52:01.323,150.9203,,slider,1,0,6.48,2.27,2.90,ACTIVE,NONE,3770,0,P,P,0.00,released,RELEASED
2026-05-18 18:52:01.723,151.3208,,slider,1,0,6.48,2.12,2.50,ACTIVE,NONE,3780,0,P,P,0.00,released,RELEASED
2026-05-18 18:52:02.122,151.7201,,slider,1,0,0.00,2.65,2.80,ACTIVE,NONE,3790,0,P,P,0.00,released,RELEASED
2026-05-18 18:52:02.523,152.1202,,slider,1,0,21.74,12.94,4.90,ACTIVE,NONE,3800,0,P,P,0.00,released,RELEASED
2026-05-18 18:52:02.923,152.5203,,slider,1,0,21.74,23.83,20.10,ACTIVE,NONE,3810,0,P,P,0.00,released,RELEASED
2026-05-18 18:52:03.322,152.9199,,slider,1,0,6.48,13.10,20.30,ACTIVE,NONE,3820,0,P,P,0.00,released,RELEASED
2026-05-18 18:52:03.723,153.3208,,slider,1,0,-21.74,-16.63,-3.80,ACTIVE,NONE,3830,0,P,P,0.00,released,RELEASED
2026-05-18 18:52:04.123,153.7206,,slider,1,0,-17.35,-16.08,-12.30,ACTIVE,NONE,3840,0,P,P,0.00,released,RELEASED
2026-05-18 18:52:04.523,154.1208,,slider,1,0,30.64,9.01,-7.40,ACTIVE,NONE,3850,0,P,P,0.00,released,RELEASED
2026-05-18 18:52:04.923,154.5203,,slider,1,0,37.43,29.62,18.60,ACTIVE,NONE,3860,0,P,P,0.00,released,RELEASED
2026-05-18 18:52:05.323,154.9205,,slider,1,0,56.25,67.22,59.70,ACTIVE,NONE,3870,0,P,P,0.00,released,RELEASED
2026-05-18 18:52:05.724,155.3215,,slider,1,0,53.83,52.76,54.60,ACTIVE,NONE,3880,0,P,P,0.00,released,RELEASED
2026-05-18 18:52:06.123,155.7205,,slider,1,0,119.61,95.42,73.80,ACTIVE,NONE,3890,0,P,P,0.00,released,RELEASED
2026-05-18 18:52:06.524,156.1212,,slider,1,0,132.57,144.44,139.50,ACTIVE,NONE,3900,0,P,P,0.00,released,RELEASED
2026-05-18 18:52:06.924,156.5206,,slider,1,0,328.66,156.34,140.10,ACTIVE,NONE,3910,0,P,P,0.00,released,RELEASED
2026-05-18 18:52:07.323,156.9203,,slider,1,0,360.00,228.34,207.40,ACTIVE,NONE,3920,0,P,P,0.00,released,RELEASED
2026-05-18 18:52:07.724,157.3208,,slider,1,0,310.85,300.34,279.20,ACTIVE,NONE,3930,0,P,P,0.00,released,RELEASED
2026-05-18 18:52:08.124,157.7205,,slider,1,0,236.82,261.43,286.40,ACTIVE,NONE,3940,0,P,P,0.00,released,RELEASED
2026-05-18 18:52:08.524,158.1209,,slider,1,0,353.56,311.07,287.50,ACTIVE,NONE,3950,0,P,P,0.00,released,RELEASED
2026-05-18 18:52:08.924,158.5205,,slider,1,0,353.56,351.31,346.50,ACTIVE,NONE,3960,0,P,P,0.00,released,RELEASED
2026-05-18 18:52:09.324,158.9205,,slider,1,0,353.56,353.70,352.90,ACTIVE,NONE,3970,0,P,P,0.00,released,RELEASED
2026-05-18 18:52:09.724,159.3208,,slider,1,0,328.66,346.16,353.50,ACTIVE,NONE,3980,0,P,P,0.00,released,RELEASED
2026-05-18 18:52:10.124,159.7207,,slider,1,0,19.54,275.11,304.90,ACTIVE,NONE,3990,0,P,P,0.00,released,RELEASED
2026-05-18 18:52:10.524,160.1207,,slider,1,0,0.00,203.11,226.00,ACTIVE,NONE,4000,0,P,P,0.00,released,RELEASED
2026-05-18 18:52:10.924,160.5206,,slider,1,0,-19.54,131.11,151.90,ACTIVE,NONE,4010,0,P,P,0.00,released,RELEASED
2026-05-18 18:52:11.324,160.9205,,slider,1,0,-19.54,59.11,80.40,ACTIVE,NONE,4020,0,P,P,0.00,released,RELEASED
2026-05-18 18:52:11.725,161.3208,,slider,1,0,0.00,0.39,10.30,ACTIVE,NONE,4030,0,P,P,0.00,released,RELEASED
2026-05-18 18:52:12.125,161.7207,,slider,1,0,-6.48,1.50,3.20,ACTIVE,NONE,4040,0,P,P,0.00,released,RELEASED
2026-05-18 18:52:12.525,162.1208,,slider,1,0,-21.74,-16.40,-15.30,ACTIVE,NONE,4050,0,P,P,0.00,released,RELEASED
2026-05-18 18:52:12.925,162.5209,,slider,1,0,28.40,-6.03,-20.50,ACTIVE,NONE,4060,0,P,P,0.00,released,RELEASED
2026-05-18 18:52:13.325,162.9207,,slider,1,0,42.03,49.10,33.60,ACTIVE,NONE,4070,0,P,P,0.00,released,RELEASED
2026-05-18 18:52:13.725,163.3209,,slider,1,0,-84.48,-8.35,16.10,ACTIVE,NONE,4080,0,P,P,0.00,released,RELEASED
2026-05-18 18:52:14.125,163.7208,,slider,1,0,-179.95,-80.35,-55.70,ACTIVE,NONE,4090,0,P,P,0.00,released,RELEASED
2026-05-18 18:52:14.525,164.1212,,slider,1,0,-328.66,-152.35,-130.50,ACTIVE,NONE,4100,0,P,P,0.00,released,RELEASED
2026-05-18 18:52:14.925,164.5207,,slider,1,0,-261.62,-224.35,-203.90,ACTIVE,NONE,4110,0,P,P,0.00,released,RELEASED
2026-05-18 18:52:15.325,164.9212,,slider,1,0,-204.90,-218.19,-233.80,ACTIVE,NONE,4120,0,P,P,0.00,released,RELEASED
2026-05-18 18:52:15.726,165.3213,,slider,1,0,-160.70,-181.38,-196.90,ACTIVE,NONE,4130,0,P,P,0.00,released,RELEASED
2026-05-18 18:52:16.125,165.7208,,slider,1,0,142.76,-110.63,-132.50,ACTIVE,NONE,4140,0,P,P,0.00,released,RELEASED
2026-05-18 18:52:16.525,166.1209,,slider,1,0,61.15,-38.63,-60.40,ACTIVE,NONE,4150,0,P,P,0.00,released,RELEASED
2026-05-18 18:52:16.926,166.5210,,slider,1,0,0.00,8.31,6.90,ACTIVE,NONE,4160,0,P,P,0.00,released,RELEASED
2026-05-18 18:52:17.326,166.9214,,slider,1,0,6.48,2.60,5.70,ACTIVE,NONE,4170,0,P,P,0.00,released,RELEASED
2026-05-18 18:52:17.726,167.3215,,slider,1,0,6.48,2.32,4.00,ACTIVE,NONE,4180,0,P,P,0.00,released,RELEASED
2026-05-18 18:52:18.127,167.7223,,slider,1,0,0.00,1.55,2.50,ACTIVE,NONE,4190,0,P,P,0.00,released,RELEASED
2026-05-18 18:52:18.526,168.1211,,slider,1,0,0.00,2.94,2.60,ACTIVE,NONE,4200,0,P,P,0.00,released,RELEASED
2026-05-18 18:52:18.927,168.5220,,slider,1,0,0.00,0.94,2.10,ACTIVE,NONE,4210,0,P,P,0.00,released,RELEASED
2026-05-18 18:52:19.327,168.9225,,slider,1,0,28.40,19.83,7.50,ACTIVE,NONE,4220,0,P,P,0.00,released,RELEASED
2026-05-18 18:52:19.726,169.3215,,slider,1,0,76.45,75.16,56.00,ACTIVE,NONE,4230,0,P,P,0.00,released,RELEASED
2026-05-18 18:52:20.127,169.7215,,slider,1,0,316.71,136.21,115.60,ACTIVE,NONE,4240,0,P,P,0.00,released,RELEASED
2026-05-18 18:52:20.527,170.1218,,slider,1,0,353.56,208.21,187.20,ACTIVE,NONE,4250,0,P,P,0.00,released,RELEASED
2026-05-18 18:52:20.927,170.5222,,slider,1,0,0.00,178.21,201.80,ACTIVE,NONE,4260,0,P,P,0.00,released,RELEASED
2026-05-18 18:52:21.327,170.9217,,slider,1,0,6.48,106.21,132.50,ACTIVE,NONE,4270,0,P,P,0.00,released,RELEASED
2026-05-18 18:52:21.727,171.3218,,slider,1,0,6.48,34.21,56.60,ACTIVE,NONE,4280,0,P,P,0.00,released,RELEASED
2026-05-18 18:52:22.127,171.7218,,slider,1,0,6.48,1.14,5.60,ACTIVE,NONE,4290,0,P,P,0.00,released,RELEASED
2026-05-18 18:52:22.527,172.1215,,slider,1,0,-30.64,-12.46,-1.10,ACTIVE,NONE,4300,0,P,P,0.00,released,RELEASED
2026-05-18 18:52:22.927,172.5218,,slider,1,0,-79.10,-66.04,-53.00,ACTIVE,NONE,4310,0,P,P,0.00,released,RELEASED
2026-05-18 18:52:23.327,172.9215,,slider,1,0,-272.03,-126.19,-105.80,ACTIVE,NONE,4320,0,P,P,0.00,released,RELEASED
2026-05-18 18:52:23.728,173.3222,,slider,1,0,-236.82,-198.19,-177.50,ACTIVE,NONE,4330,0,P,P,0.00,released,RELEASED
2026-05-18 18:52:24.127,173.7217,,slider,1,0,0.00,-207.21,-225.50,ACTIVE,NONE,4340,0,P,P,0.00,released,RELEASED
2026-05-18 18:52:24.528,174.1221,,slider,1,0,8.65,-135.21,-162.80,ACTIVE,NONE,4350,0,P,P,0.00,released,RELEASED
2026-05-18 18:52:24.928,174.5221,,slider,1,0,0.00,-63.21,-85.30,ACTIVE,NONE,4360,0,P,P,0.00,released,RELEASED
2026-05-18 18:52:25.328,174.9219,,slider,1,0,6.48,3.14,-13.40,ACTIVE,NONE,4370,0,P,P,0.00,released,RELEASED
2026-05-18 18:52:25.728,175.3222,,slider,1,0,42.03,17.56,6.20,ACTIVE,NONE,4380,0,P,P,0.00,released,RELEASED
2026-05-18 18:52:26.128,175.7220,,slider,1,0,44.35,42.46,39.60,ACTIVE,NONE,4390,0,P,P,0.00,released,RELEASED
2026-05-18 18:52:26.528,176.1220,,slider,1,0,92.78,97.26,84.70,ACTIVE,NONE,4400,0,P,P,0.00,released,RELEASED
2026-05-18 18:52:26.928,176.5220,,slider,1,0,119.61,102.18,96.10,ACTIVE,NONE,4410,0,P,P,0.00,released,RELEASED
2026-05-18 18:52:27.328,176.9219,,slider,1,0,116.47,123.38,126.00,ACTIVE,NONE,4420,0,P,P,0.00,released,RELEASED
2026-05-18 18:52:27.728,177.3220,,slider,1,0,8.65,55.15,83.70,ACTIVE,NONE,4430,0,P,P,0.00,released,RELEASED
2026-05-18 18:52:28.128,177.7218,,slider,1,0,63.64,36.86,25.40,ACTIVE,NONE,4440,0,P,P,0.00,released,RELEASED
2026-05-18 18:52:28.529,178.1222,,slider,1,0,92.78,83.29,65.60,ACTIVE,NONE,4450,0,P,P,0.00,released,RELEASED
2026-05-18 18:52:28.928,178.5219,,slider,1,0,110.32,97.82,92.70,ACTIVE,NONE,4460,0,P,P,0.00,released,RELEASED
2026-05-18 18:52:29.329,178.9225,,slider,1,0,6.48,66.22,90.10,ACTIVE,NONE,4470,0,P,P,0.00,released,RELEASED
2026-05-18 18:52:29.729,179.3223,,slider,1,0,0.00,2.89,22.00,ACTIVE,NONE,4480,0,P,P,0.00,released,RELEASED
2026-05-18 18:52:30.129,179.7221,,slider,1,0,-81.77,-51.25,-30.10,ACTIVE,NONE,4490,0,P,P,0.00,released,RELEASED
2026-05-18 18:52:30.529,180.1221,,slider,1,0,-126.00,-105.56,-87.60,ACTIVE,NONE,4500,0,P,P,0.00,released,RELEASED
2026-05-18 18:52:30.929,180.5223,,slider,1,0,-227.37,-176.47,-155.60,ACTIVE,NONE,4510,0,P,P,0.00,released,RELEASED
2026-05-18 18:52:31.329,180.9225,,slider,1,0,-17.35,-224.47,-226.10,ACTIVE,NONE,4520,0,P,P,0.00,released,RELEASED
2026-05-18 18:52:31.729,181.3224,,slider,1,0,0.00,-152.47,-180.20,ACTIVE,NONE,4530,0,P,P,0.00,released,RELEASED
2026-05-18 18:52:32.129,181.7225,,slider,1,0,-282.74,-134.47,-119.30,ACTIVE,NONE,4540,0,P,P,0.00,released,RELEASED
2026-05-18 18:52:32.529,182.1223,,slider,1,0,-328.66,-206.47,-178.50,ACTIVE,NONE,4550,0,P,P,0.00,released,RELEASED
2026-05-18 18:52:32.929,182.5223,,slider,1,0,12.99,-242.47,-250.50,ACTIVE,NONE,4560,0,P,P,0.00,released,RELEASED
2026-05-18 18:52:33.329,182.9223,,slider,1,0,0.00,-170.47,-198.20,ACTIVE,NONE,4570,0,P,P,0.00,released,RELEASED
2026-05-18 18:52:33.729,183.3223,,slider,1,0,6.48,-98.47,-121.00,ACTIVE,NONE,4580,0,P,P,0.00,released,RELEASED
2026-05-18 18:52:34.130,183.7230,,slider,1,0,0.00,-26.47,-48.10,ACTIVE,NONE,4590,0,P,P,0.00,released,RELEASED
2026-05-18 18:52:34.530,184.1224,,slider,1,0,6.48,1.98,-1.10,ACTIVE,NONE,4600,0,P,P,0.00,released,RELEASED
2026-05-18 18:52:34.930,184.5231,,slider,1,0,6.48,2.86,1.80,ACTIVE,NONE,4610,0,P,P,0.00,released,RELEASED
2026-05-18 18:52:35.330,184.9228,,slider,1,0,0.00,2.00,2.70,ACTIVE,NONE,4620,0,P,P,0.00,released,RELEASED
2026-05-18 18:52:35.730,185.3228,,slider,1,0,0.00,1.33,2.50,ACTIVE,NONE,4630,0,P,P,0.00,released,RELEASED
2026-05-18 18:52:36.130,185.7227,,slider,1,0,0.00,1.93,2.40,ACTIVE,NONE,4640,0,P,P,0.00,released,RELEASED
2026-05-18 18:52:36.530,186.1228,,slider,1,0,6.48,3.80,2.40,ACTIVE,NONE,4650,0,P,P,0.00,released,RELEASED
2026-05-18 18:52:36.930,186.5228,,slider,1,0,0.00,3.28,2.40,ACTIVE,NONE,4660,0,P,P,0.00,released,RELEASED
2026-05-18 18:52:37.331,186.9232,,slider,1,0,0.00,2.61,2.80,ACTIVE,NONE,4670,0,P,P,0.00,released,RELEASED
2026-05-18 18:52:37.731,187.3231,,slider,1,0,0.00,0.13,2.10,ACTIVE,NONE,4680,0,P,P,0.00,released,RELEASED
2026-05-18 18:52:38.131,187.7229,,slider,1,0,0.00,3.28,2.00,ACTIVE,NONE,4690,0,P,P,0.00,released,RELEASED
2026-05-18 18:52:38.531,188.1231,,slider,1,0,0.00,2.96,2.30,ACTIVE,NONE,4700,0,P,P,0.00,released,RELEASED
2026-05-18 18:52:38.931,188.5232,,slider,1,0,6.48,2.82,2.60,ACTIVE,NONE,4710,0,P,P,0.00,released,RELEASED
2026-05-18 18:52:39.331,188.9230,,slider,1,0,0.00,3.50,3.10,ACTIVE,NONE,4720,0,P,P,0.00,released,RELEASED
2026-05-18 18:52:39.731,189.3229,,slider,1,0,6.48,2.57,2.90,ACTIVE,NONE,4730,0,P,P,0.00,released,RELEASED
2026-05-18 18:52:40.131,189.7230,,slider,1,0,6.48,1.82,2.30,ACTIVE,NONE,4740,0,P,P,0.00,released,RELEASED
2026-05-18 18:52:40.531,190.1228,,slider,1,0,0.00,1.59,2.30,ACTIVE,NONE,4750,0,P,P,0.00,released,RELEASED
2026-05-18 18:52:40.931,190.5231,,slider,1,0,0.00,2.41,1.60,ACTIVE,NONE,4760,0,P,P,0.00,released,RELEASED
2026-05-18 18:52:41.331,190.9232,,slider,1,0,6.48,4.01,2.20,ACTIVE,NONE,4770,0,P,P,0.00,released,RELEASED
2026-05-18 18:52:41.731,191.3230,,slider,1,0,6.48,2.36,3.00,ACTIVE,NONE,4780,0,P,P,0.00,released,RELEASED
2026-05-18 18:52:42.132,191.7232,,slider,1,0,6.48,4.38,3.20,ACTIVE,NONE,4790,0,P,P,0.00,released,RELEASED
2026-05-18 18:52:42.531,192.1230,,slider,1,0,0.00,1.09,3.30,ACTIVE,NONE,4800,0,P,P,0.00,released,RELEASED
2026-05-18 18:52:42.931,192.5229,,slider,1,0,0.00,0.53,2.40,ACTIVE,NONE,4810,0,P,P,0.00,released,RELEASED
2026-05-18 18:52:43.331,192.9229,,slider,1,0,0.00,3.76,2.20,ACTIVE,NONE,4820,0,P,P,0.00,released,RELEASED
2026-05-18 18:52:43.732,193.3233,,slider,1,0,6.48,2.10,2.40,ACTIVE,NONE,4830,0,P,P,0.00,released,RELEASED
2026-05-18 18:52:44.132,193.7232,,slider,1,0,6.48,1.34,2.30,ACTIVE,NONE,4840,0,P,P,0.00,released,RELEASED
2026-05-18 18:52:44.532,194.1233,,slider,1,0,0.00,5.59,2.70,ACTIVE,NONE,4850,0,P,P,0.00,released,RELEASED
2026-05-18 18:52:44.932,194.5234,,slider,1,0,6.48,2.18,3.50,ACTIVE,NONE,4860,0,P,P,0.00,released,RELEASED
2026-05-18 18:52:45.332,194.9235,,slider,1,0,0.00,0.60,2.70,ACTIVE,NONE,4870,0,P,P,0.00,released,RELEASED
2026-05-18 18:52:45.732,195.3234,,slider,1,0,0.00,2.28,2.50,ACTIVE,NONE,4880,0,P,P,0.00,released,RELEASED
2026-05-18 18:52:46.133,195.7237,,slider,1,0,6.48,1.86,1.80,ACTIVE,NONE,4890,0,P,P,0.00,released,RELEASED
2026-05-18 18:52:46.532,196.1231,,slider,1,0,0.00,1.38,1.80,ACTIVE,NONE,4900,0,P,P,0.00,released,RELEASED
2026-05-18 18:52:46.932,196.5233,,slider,1,0,0.00,2.87,2.00,ACTIVE,NONE,4910,0,P,P,0.00,released,RELEASED
2026-05-18 18:52:47.333,196.9235,,slider,1,0,6.48,2.35,1.80,ACTIVE,NONE,4920,0,P,P,0.00,released,RELEASED
2026-05-18 18:52:47.733,197.3234,,slider,1,0,0.00,2.25,2.10,ACTIVE,NONE,4930,0,P,P,0.00,released,RELEASED
2026-05-18 18:52:48.133,197.7234,,slider,1,0,0.00,2.01,2.20,ACTIVE,NONE,4940,0,P,P,0.00,released,RELEASED
2026-05-18 18:52:48.533,198.1237,,slider,1,0,6.48,2.21,2.00,ACTIVE,NONE,4950,0,P,P,0.00,released,RELEASED
2026-05-18 18:52:48.933,198.5238,,slider,1,0,0.00,2.26,2.20,ACTIVE,NONE,4960,0,P,P,0.00,released,RELEASED
2026-05-18 18:52:49.333,198.9234,,slider,1,0,6.48,1.57,2.20,ACTIVE,NONE,4970,0,P,P,0.00,released,RELEASED
2026-05-18 18:52:49.733,199.3239,,slider,1,0,0.00,3.23,2.20,ACTIVE,NONE,4980,0,P,P,0.00,PRESSED,FAULT
2026-05-18 18:52:50.133,199.7235,,slider,1,0,6.48,3.97,2.60,ACTIVE,NONE,4990,0,P,P,0.00,PRESSED,FAULT
2026-05-18 18:52:50.534,200.1239,,slider,1,0,6.48,1.90,2.90,ACTIVE,NONE,5000,0,P,P,0.00,PRESSED,FAULT
2026-05-18 18:52:50.933,200.5236,,slider,1,0,6.48,3.88,2.90,ACTIVE,NONE,5010,0,P,P,0.00,PRESSED,FAULT
2026-05-18 18:52:51.333,200.9234,,slider,1,0,0.00,3.14,3.50,ACTIVE,NONE,5020,0,P,P,0.00,PRESSED,FAULT
2026-05-18 18:52:51.734,201.3238,,slider,1,0,6.48,2.63,2.80,ACTIVE,NONE,5030,0,P,P,0.00,PRESSED,FAULT
2026-05-18 18:52:52.133,201.7235,,slider,1,0,0.00,1.40,2.30,ACTIVE,NONE,5040,0,P,P,0.00,PRESSED,FAULT
2026-05-18 18:52:52.534,202.1238,,slider,1,0,6.48,1.18,1.70,ACTIVE,NONE,5050,0,P,P,0.00,PRESSED,FAULT
2026-05-18 18:52:52.934,202.5238,,slider,1,0,0.00,1.15,1.60,ACTIVE,NONE,5060,0,P,P,0.00,PRESSED,FAULT
2026-05-18 18:52:53.334,202.9237,,slider,1,0,0.00,3.20,2.20,ACTIVE,NONE,5070,0,P,P,0.00,PRESSED,FAULT
2026-05-18 18:52:53.734,203.3239,,slider,1,0,0.00,2.64,2.90,ACTIVE,NONE,5080,0,P,P,0.00,PRESSED,FAULT
2026-05-18 18:52:54.134,203.7239,,slider,1,0,6.48,0.97,2.10,ACTIVE,NONE,5090,0,P,P,0.00,PRESSED,FAULT
2026-05-18 18:52:54.534,204.1238,,slider,1,0,6.48,2.38,2.50,ACTIVE,NONE,5100,0,P,P,0.00,PRESSED,FAULT
2026-05-18 18:52:54.934,204.5240,,slider,1,0,6.48,1.74,2.40,ACTIVE,NONE,5110,0,P,P,0.00,PRESSED,FAULT
2026-05-18 18:52:55.334,204.9238,,slider,1,0,6.48,2.62,2.50,ACTIVE,NONE,5120,0,P,P,0.00,PRESSED,FAULT
2026-05-18 18:52:55.734,205.3240,,slider,1,0,6.48,4.03,2.80,ACTIVE,NONE,5130,0,P,P,0.00,PRESSED,FAULT
2026-05-18 18:52:56.134,205.7240,,slider,1,0,0.00,2.20,3.00,ACTIVE,NONE,5140,0,P,P,0.00,PRESSED,FAULT
2026-05-18 18:52:56.535,206.1242,,slider,1,0,0.00,3.19,3.00,ACTIVE,NONE,5150,0,P,P,0.00,PRESSED,FAULT
2026-05-18 18:52:56.934,206.5238,,slider,1,0,6.48,4.89,3.60,ACTIVE,NONE,5160,0,P,P,0.00,PRESSED,FAULT
2026-05-18 18:52:57.288,206.8774,shift_requested:D,slider,1,0,0.00,1.97,3.70,ACTIVE,NONE,5168,0,P,P,0.00,PRESSED,FAULT
2026-05-18 18:52:57.334,206.9236,gear_change:D,slider,1,0,0.00,0.56,3.70,ACTIVE,NONE,5169,0,D,D,0.00,PRESSED,FAULT
2026-05-18 18:52:57.334,206.9238,,slider,1,0,0.00,0.56,3.60,ACTIVE,NONE,5170,0,D,D,0.00,PRESSED,FAULT
2026-05-18 18:52:57.374,206.9637,eac_transition:AVAILABLE,slider,0,0,0.00,0.16,2.00,AVAILABLE,NONE,5171,0,D,D,0.00,PRESSED,FAULT
2026-05-18 18:52:57.735,207.3244,,slider,0,0,0.00,0.00,-16.20,AVAILABLE,NONE,5180,0,D,D,0.00,PRESSED,FAULT
2026-05-18 18:52:58.135,207.7243,,slider,0,0,0.00,0.00,-16.50,AVAILABLE,NONE,5190,0,D,D,0.00,PRESSED,FAULT
2026-05-18 18:52:58.535,208.1241,,slider,0,0,0.00,0.00,-16.50,AVAILABLE,NONE,5200,0,D,D,0.00,PRESSED,FAULT
2026-05-18 18:52:58.936,208.5246,,slider,0,0,0.00,0.00,-16.50,AVAILABLE,NONE,5210,0,D,D,0.00,PRESSED,FAULT
2026-05-18 18:52:59.335,208.9245,,slider,0,0,0.00,0.00,-16.60,AVAILABLE,NONE,5220,0,D,D,0.00,PRESSED,FAULT
2026-05-18 18:52:59.736,209.3246,,slider,0,0,0.00,0.00,-16.60,AVAILABLE,NONE,5230,0,D,D,0.00,PRESSED,FAULT
2026-05-18 18:53:00.136,209.7245,,slider,0,0,0.00,0.00,-16.60,AVAILABLE,NONE,5240,0,D,D,0.00,PRESSED,FAULT
2026-05-18 18:53:00.535,210.1242,,slider,0,0,0.00,0.00,-16.60,AVAILABLE,NONE,5250,0,D,D,0.00,PRESSED,FAULT
2026-05-18 18:53:00.935,210.5242,,slider,0,0,0.00,0.00,-16.60,AVAILABLE,NONE,5260,0,D,D,0.00,PRESSED,FAULT
2026-05-18 18:53:01.336,210.9243,,slider,0,0,0.00,0.00,-16.60,AVAILABLE,NONE,5270,0,D,D,0.00,PRESSED,FAULT
2026-05-18 18:53:01.736,211.3245,,slider,0,0,0.00,0.00,-16.70,AVAILABLE,NONE,5280,0,D,D,0.00,PRESSED,FAULT
2026-05-18 18:53:02.136,211.7244,,slider,0,0,0.00,0.00,-16.70,AVAILABLE,NONE,5290,0,D,D,0.00,PRESSED,FAULT
2026-05-18 18:53:02.316,211.9050,shift_requested:N,slider,0,0,0.00,0.00,-16.70,AVAILABLE,NONE,5294,0,D,N,0.00,PRESSED,FAULT
2026-05-18 18:53:02.536,212.1244,,slider,0,0,0.00,6.37,-16.70,AVAILABLE,NONE,5300,0,D,N,0.00,PRESSED,FAULT
2026-05-18 18:53:02.596,212.1847,gear_change:N,slider,0,0,6.48,4.37,-16.70,AVAILABLE,NONE,5301,0,N,N,0.00,PRESSED,FAULT
2026-05-18 18:53:02.936,212.5243,,slider,0,0,6.48,1.85,-16.70,AVAILABLE,NONE,5310,0,N,N,0.00,PRESSED,FAULT
2026-05-18 18:53:03.336,212.9245,,slider,0,0,0.00,2.02,-16.80,AVAILABLE,NONE,5320,0,N,N,0.00,PRESSED,FAULT
2026-05-18 18:53:03.736,213.3244,,slider,0,0,6.48,2.72,-16.80,AVAILABLE,NONE,5330,0,N,N,0.00,PRESSED,FAULT
2026-05-18 18:53:04.136,213.7247,,slider,0,0,0.00,2.02,-16.80,AVAILABLE,NONE,5340,0,N,N,0.00,PRESSED,FAULT
2026-05-18 18:53:04.533,214.1212,shift_requested:R,slider,0,0,0.00,1.44,-16.80,AVAILABLE,NONE,5349,0,N,N,0.00,PRESSED,FAULT
2026-05-18 18:53:04.536,214.1244,,slider,0,0,0.00,1.44,-16.80,AVAILABLE,NONE,5350,0,N,N,0.00,PRESSED,FAULT
2026-05-18 18:53:04.572,214.1600,gear_change:R,slider,0,0,0.00,0.53,-16.80,AVAILABLE,NONE,5350,0,R,R,0.00,PRESSED,FAULT
2026-05-18 18:53:04.936,214.5245,,slider,0,0,0.00,0.00,-16.90,AVAILABLE,NONE,5360,0,R,R,0.00,PRESSED,FAULT
2026-05-18 18:53:05.337,214.9247,,slider,0,0,0.00,0.00,-16.90,AVAILABLE,NONE,5370,0,R,R,0.00,PRESSED,FAULT
2026-05-18 18:53:05.737,215.3249,,slider,0,0,0.00,0.00,-16.90,AVAILABLE,NONE,5380,0,R,R,0.00,PRESSED,FAULT
2026-05-18 18:53:06.137,215.7246,,slider,0,0,0.00,0.08,-16.90,AVAILABLE,NONE,5390,0,R,R,0.00,PRESSED,FAULT
2026-05-18 18:53:06.537,216.1250,,slider,0,0,0.00,0.00,-16.90,AVAILABLE,NONE,5400,0,R,R,0.00,PRESSED,FAULT
2026-05-18 18:53:06.937,216.5251,,slider,0,0,0.00,0.00,-16.90,AVAILABLE,NONE,5410,0,R,R,0.00,PRESSED,FAULT
2026-05-18 18:53:07.337,216.9247,,slider,0,0,0.00,0.00,-16.90,AVAILABLE,NONE,5420,0,R,R,0.00,PRESSED,FAULT
2026-05-18 18:53:07.737,217.3248,,slider,0,0,0.00,0.00,-16.90,AVAILABLE,NONE,5430,0,R,R,0.00,PRESSED,FAULT
2026-05-18 18:53:08.077,217.6647,shift_requested:N,slider,0,0,0.00,0.00,-16.90,AVAILABLE,NONE,5438,0,R,R,0.00,PRESSED,FAULT
2026-05-18 18:53:08.137,217.7244,,slider,0,0,0.00,0.00,-16.90,AVAILABLE,NONE,5440,0,R,N,0.00,PRESSED,FAULT
2026-05-18 18:53:08.377,217.9649,gear_change:N,slider,0,0,6.48,3.81,-16.90,AVAILABLE,NONE,5445,0,N,N,0.00,PRESSED,FAULT
2026-05-18 18:53:08.537,218.1248,,slider,0,0,6.48,3.69,-16.90,AVAILABLE,NONE,5450,0,N,N,0.00,PRESSED,FAULT
2026-05-18 18:53:08.938,218.5253,,slider,0,0,0.00,1.42,-16.90,AVAILABLE,NONE,5460,0,N,N,0.00,PRESSED,FAULT
2026-05-18 18:53:09.337,218.9249,,slider,0,0,0.00,2.91,-16.90,AVAILABLE,NONE,5470,0,N,N,0.00,PRESSED,FAULT
2026-05-18 18:53:09.738,219.3254,,slider,0,0,6.48,1.98,-17.00,AVAILABLE,NONE,5480,0,N,N,0.00,PRESSED,FAULT
2026-05-18 18:53:10.138,219.7254,,slider,0,0,0.00,3.77,-17.00,AVAILABLE,NONE,5490,0,N,N,0.00,PRESSED,FAULT
2026-05-18 18:53:10.538,220.1249,,slider,0,0,6.48,4.05,-17.00,AVAILABLE,NONE,5500,0,N,N,0.00,PRESSED,FAULT
2026-05-18 18:53:10.938,220.5249,,slider,0,0,0.00,2.00,-17.00,AVAILABLE,NONE,5510,0,N,N,0.00,PRESSED,FAULT
2026-05-18 18:53:11.338,220.9254,,slider,0,0,0.00,0.99,-17.00,AVAILABLE,NONE,5520,0,N,N,0.00,PRESSED,FAULT
2026-05-18 18:53:11.618,221.2056,shift_requested:R,slider,0,0,0.00,2.17,-17.00,AVAILABLE,NONE,5527,0,N,N,0.00,PRESSED,FAULT
2026-05-18 18:53:11.663,221.2502,gear_change:R,slider,0,0,0.00,0.62,-17.00,AVAILABLE,NONE,5528,0,R,R,0.00,PRESSED,FAULT
2026-05-18 18:53:11.734,221.3207,,slider,0,0,0.00,0.07,-17.00,AVAILABLE,NONE,5530,0,R,R,0.00,PRESSED,FAULT
2026-05-18 18:53:12.138,221.7252,,slider,0,0,0.00,0.00,-17.00,AVAILABLE,NONE,5540,0,R,R,-0.10,PRESSED,FAULT
2026-05-18 18:53:12.538,222.1249,,slider,0,0,0.00,0.00,-17.00,AVAILABLE,NONE,5550,0,R,R,0.00,PRESSED,FAULT
2026-05-18 18:53:12.938,222.5252,,slider,0,0,0.00,0.00,-17.00,AVAILABLE,NONE,5560,0,R,R,0.00,PRESSED,FAULT
2026-05-18 18:53:13.338,222.9252,,slider,0,0,0.00,0.00,-17.00,AVAILABLE,NONE,5570,0,R,R,0.00,PRESSED,FAULT
2026-05-18 18:53:13.739,223.3257,,slider,0,0,0.00,0.00,-17.00,AVAILABLE,NONE,5580,0,R,R,0.00,PRESSED,FAULT
2026-05-18 18:53:14.139,223.7255,,slider,0,0,0.00,0.00,-17.00,AVAILABLE,NONE,5590,0,R,R,0.00,PRESSED,FAULT
2026-05-18 18:53:14.539,224.1255,,slider,0,0,0.00,0.00,-17.00,AVAILABLE,NONE,5600,0,R,R,0.00,PRESSED,FAULT
2026-05-18 18:53:14.939,224.5256,,slider,0,0,0.00,0.00,-17.00,AVAILABLE,NONE,5610,0,R,R,0.00,PRESSED,FAULT
2026-05-18 18:53:15.339,224.9254,,slider,0,0,0.00,0.00,-17.00,AVAILABLE,NONE,5620,0,R,R,0.00,PRESSED,FAULT
2026-05-18 18:53:15.740,225.3263,,slider,0,0,0.00,0.00,-17.00,AVAILABLE,NONE,5630,0,R,R,0.00,PRESSED,FAULT
2026-05-18 18:53:15.879,225.4660,shift_requested:N,slider,0,0,0.00,0.00,-17.00,AVAILABLE,NONE,5633,0,R,R,0.00,PRESSED,FAULT
2026-05-18 18:53:16.139,225.7252,,slider,0,0,6.48,4.15,-17.00,AVAILABLE,NONE,5640,0,R,N,0.00,PRESSED,FAULT
2026-05-18 18:53:16.159,225.7453,gear_change:N,slider,0,0,6.48,4.43,-17.00,AVAILABLE,NONE,5640,0,N,N,0.00,PRESSED,FAULT
2026-05-18 18:53:16.540,226.1262,,slider,0,0,0.00,3.07,-17.00,AVAILABLE,NONE,5650,0,N,N,0.00,PRESSED,FAULT
2026-05-18 18:53:16.939,226.5257,,slider,0,0,6.48,2.55,-17.00,AVAILABLE,NONE,5660,0,N,N,0.00,PRESSED,FAULT
2026-05-18 18:53:17.339,226.9257,,slider,0,0,6.48,3.38,-17.10,AVAILABLE,NONE,5670,0,N,N,0.00,PRESSED,FAULT
2026-05-18 18:53:17.739,227.3255,,slider,0,0,0.00,3.52,-17.10,AVAILABLE,NONE,5680,0,N,N,0.00,PRESSED,FAULT
2026-05-18 18:53:18.140,227.7262,,slider,0,0,6.48,2.66,-17.10,AVAILABLE,NONE,5690,0,N,N,0.00,PRESSED,FAULT
2026-05-18 18:53:18.539,228.1255,,slider,0,0,6.48,3.70,-17.10,AVAILABLE,NONE,5700,0,N,N,0.00,PRESSED,FAULT
2026-05-18 18:53:18.940,228.5257,,slider,0,0,0.00,3.84,-17.10,AVAILABLE,NONE,5710,0,N,N,0.00,PRESSED,FAULT
2026-05-18 18:53:19.340,228.9262,,slider,0,0,0.00,3.46,-17.10,AVAILABLE,NONE,5720,0,N,N,0.00,PRESSED,FAULT
2026-05-18 18:53:19.740,229.3258,,slider,0,0,0.00,1.68,-17.10,AVAILABLE,NONE,5730,0,N,N,0.00,PRESSED,FAULT
2026-05-18 18:53:20.140,229.7258,,slider,0,0,0.00,2.67,-17.10,AVAILABLE,NONE,5740,0,N,N,0.00,PRESSED,FAULT
2026-05-18 18:53:20.140,229.7262,shift_requested:P,slider,0,0,0.00,2.36,-17.10,AVAILABLE,NONE,5740,0,N,N,0.00,PRESSED,FAULT
2026-05-18 18:53:20.265,229.8508,gear_change:P,slider,0,0,6.48,3.83,-17.10,AVAILABLE,NONE,5743,0,P,P,0.00,PRESSED,FAULT
2026-05-18 18:53:20.540,230.1261,,slider,0,0,6.48,4.62,-17.10,AVAILABLE,NONE,5750,0,P,P,0.00,PRESSED,FAULT
2026-05-18 18:53:20.940,230.5258,,slider,0,0,6.48,3.81,-17.10,AVAILABLE,NONE,5760,0,P,P,0.00,PRESSED,FAULT
2026-05-18 18:53:21.340,230.9256,,slider,0,0,6.48,4.61,-17.10,AVAILABLE,NONE,5770,0,P,P,0.00,released,RELEASED
2026-05-18 18:53:21.741,231.3262,,slider,0,0,0.00,3.30,-17.10,AVAILABLE,NONE,5780,0,P,P,0.00,released,RELEASED
2026-05-18 18:53:22.140,231.7258,,slider,0,0,6.48,2.70,-17.10,AVAILABLE,NONE,5790,0,P,P,0.00,released,RELEASED
2026-05-18 18:53:22.541,232.1267,,slider,0,0,0.00,2.73,-17.10,AVAILABLE,NONE,5800,0,P,P,0.00,released,RELEASED
2026-05-18 18:53:22.940,232.5259,,slider,0,0,6.48,2.50,-17.10,AVAILABLE,NONE,5810,0,P,P,0.00,released,RELEASED
2026-05-18 18:53:23.341,232.9262,,slider,0,0,0.00,1.57,-17.10,AVAILABLE,NONE,5820,0,P,P,0.00,released,RELEASED
2026-05-18 18:53:23.742,233.3269,,slider,0,0,0.00,3.19,-17.10,AVAILABLE,NONE,5830,0,P,P,0.00,released,RELEASED
2026-05-18 18:53:24.142,233.7268,,slider,0,0,0.00,2.68,-17.10,AVAILABLE,NONE,5840,0,P,P,0.00,released,RELEASED
2026-05-18 18:53:24.541,234.1261,,slider,0,0,0.00,1.22,-17.10,AVAILABLE,NONE,5850,0,P,P,0.00,released,RELEASED
2026-05-18 18:53:24.941,234.5265,,slider,0,0,6.48,2.65,-17.10,AVAILABLE,NONE,5860,0,P,P,0.00,released,RELEASED
2026-05-18 18:53:25.342,234.9267,,slider,0,0,0.00,3.55,-17.10,AVAILABLE,NONE,5870,0,P,P,0.00,released,RELEASED
2026-05-18 18:53:25.742,235.3270,,slider,0,0,0.00,3.43,-17.10,AVAILABLE,NONE,5880,0,P,P,0.00,released,RELEASED
2026-05-18 18:53:26.142,235.7268,,slider,0,0,0.00,3.67,-17.20,AVAILABLE,NONE,5890,0,P,P,0.00,released,RELEASED
2026-05-18 18:53:26.542,236.1265,,slider,0,0,6.48,2.99,-17.20,AVAILABLE,NONE,5900,0,P,P,0.00,released,RELEASED
2026-05-18 18:53:26.942,236.5267,,slider,0,0,0.00,5.45,-17.20,AVAILABLE,NONE,5910,0,P,P,0.00,released,RELEASED
2026-05-18 18:53:27.342,236.9264,,slider,0,0,0.00,2.64,-17.20,AVAILABLE,NONE,5920,0,P,P,0.00,released,RELEASED
2026-05-18 18:53:27.742,237.3272,,slider,0,0,0.00,1.37,-17.20,AVAILABLE,NONE,5930,0,P,P,0.00,released,RELEASED
2026-05-18 18:53:28.142,237.7272,,slider,0,0,0.00,3.02,-17.20,AVAILABLE,NONE,5940,0,P,P,0.00,released,RELEASED
2026-05-18 18:53:28.542,238.1269,,slider,0,0,6.48,2.89,-17.20,AVAILABLE,NONE,5950,0,P,P,0.00,released,RELEASED
2026-05-18 18:53:28.943,238.5272,,slider,0,0,0.00,1.79,-17.20,AVAILABLE,NONE,5960,0,P,P,0.00,released,RELEASED
2026-05-18 18:53:29.342,238.9268,,slider,0,0,6.48,3.22,-17.20,AVAILABLE,NONE,5970,0,P,P,0.00,released,RELEASED
2026-05-18 18:53:29.742,239.3267,,slider,0,0,0.00,4.20,-17.20,AVAILABLE,NONE,5980,0,P,P,0.00,released,RELEASED
2026-05-18 18:53:30.143,239.7272,,slider,0,0,0.00,3.90,-17.20,AVAILABLE,NONE,5990,0,P,P,0.00,released,RELEASED
2026-05-18 18:53:30.543,240.1271,,slider,0,0,6.48,4.01,-17.20,AVAILABLE,NONE,6000,0,P,P,0.00,released,RELEASED
2026-05-18 18:53:30.943,240.5272,,slider,0,0,6.48,2.15,-17.20,AVAILABLE,NONE,6010,0,P,P,0.00,released,RELEASED
2026-05-18 18:53:31.343,240.9270,,slider,0,0,6.48,3.81,-17.20,AVAILABLE,NONE,6020,0,P,P,0.00,released,RELEASED
2026-05-18 18:53:31.743,241.3270,,slider,0,0,6.48,1.51,-17.20,AVAILABLE,NONE,6030,0,P,P,0.00,released,RELEASED
2026-05-18 18:53:32.143,241.7271,,slider,0,0,0.00,0.96,-17.20,AVAILABLE,NONE,6040,0,P,P,0.00,released,RELEASED
2026-05-18 18:53:32.543,242.1272,,slider,0,0,0.00,0.71,-17.20,AVAILABLE,NONE,6050,0,P,P,0.00,released,RELEASED
2026-05-18 18:53:32.944,242.5276,,slider,0,0,0.00,3.78,-17.20,AVAILABLE,NONE,6060,0,P,P,0.00,released,RELEASED
2026-05-18 18:53:33.343,242.9272,,slider,0,0,0.00,2.97,-17.20,AVAILABLE,NONE,6070,0,P,P,0.00,released,RELEASED
2026-05-18 18:53:33.744,243.3275,,slider,0,0,6.48,2.86,-17.20,AVAILABLE,NONE,6080,0,P,P,0.00,released,RELEASED
2026-05-18 18:53:34.143,243.7271,,slider,0,0,6.48,3.42,-17.20,AVAILABLE,NONE,6090,0,P,P,0.00,released,RELEASED
2026-05-18 18:53:34.544,244.1273,,slider,0,0,0.00,2.57,-17.20,AVAILABLE,NONE,6100,0,P,P,0.00,released,RELEASED
2026-05-18 18:53:34.944,244.5276,,slider,0,0,6.48,4.09,-17.20,AVAILABLE,NONE,6110,0,P,P,0.00,released,RELEASED
2026-05-18 18:53:35.343,244.9271,,slider,0,0,0.00,3.10,-17.20,AVAILABLE,NONE,6120,0,P,P,0.00,released,RELEASED
2026-05-18 18:53:35.744,245.3275,,slider,0,0,0.00,4.43,-17.20,AVAILABLE,NONE,6130,0,P,P,0.00,released,RELEASED
2026-05-18 18:53:36.144,245.7277,,slider,0,0,0.00,2.63,-17.20,AVAILABLE,NONE,6140,0,P,P,0.00,released,RELEASED
2026-05-18 18:53:36.544,246.1270,,slider,0,0,0.00,1.90,-17.20,AVAILABLE,NONE,6150,0,P,P,0.00,released,RELEASED
2026-05-18 18:53:36.944,246.5276,,slider,0,0,0.00,3.64,-17.20,AVAILABLE,NONE,6160,0,P,P,0.00,released,RELEASED
2026-05-18 18:53:37.344,246.9272,,slider,0,0,6.48,2.38,-17.20,AVAILABLE,NONE,6170,0,P,P,0.00,released,RELEASED
2026-05-18 18:53:37.744,247.3277,,slider,0,0,6.48,3.26,-17.20,AVAILABLE,NONE,6180,0,P,P,0.00,released,RELEASED
2026-05-18 18:53:38.144,247.7276,,slider,0,0,0.00,3.26,-17.20,AVAILABLE,NONE,6190,0,P,P,0.00,released,RELEASED
2026-05-18 18:53:38.544,248.1273,,slider,0,0,0.00,2.71,-17.20,AVAILABLE,NONE,6200,0,P,P,0.00,released,RELEASED
2026-05-18 18:53:38.944,248.5274,,slider,0,0,0.00,3.68,-17.20,AVAILABLE,NONE,6210,0,P,P,0.00,released,RELEASED
2026-05-18 18:53:39.345,248.9276,,slider,0,0,6.48,2.66,-17.20,AVAILABLE,NONE,6220,0,P,P,0.00,released,RELEASED
2026-05-18 18:53:39.744,249.3272,,slider,0,0,0.00,1.51,-17.20,AVAILABLE,NONE,6230,0,P,P,0.00,released,RELEASED
2026-05-18 18:53:40.145,249.7275,,slider,0,0,6.48,2.93,-17.20,AVAILABLE,NONE,6240,0,P,P,0.00,released,RELEASED
2026-05-18 18:53:40.545,250.1276,,slider,0,0,0.00,2.02,-17.20,AVAILABLE,NONE,6250,0,P,P,0.00,released,RELEASED
2026-05-18 18:53:40.945,250.5280,,slider,0,0,6.48,2.07,-17.20,AVAILABLE,NONE,6260,0,P,P,0.00,released,RELEASED
2026-05-18 18:53:41.345,250.9277,,slider,0,0,0.00,4.05,-17.20,AVAILABLE,NONE,6270,0,P,P,0.00,released,RELEASED
2026-05-18 18:53:41.745,251.3281,,slider,0,0,0.00,3.08,-17.20,AVAILABLE,NONE,6280,0,P,P,0.00,released,RELEASED
2026-05-18 18:53:42.146,251.7282,,slider,0,0,6.48,2.40,-17.20,AVAILABLE,NONE,6290,0,P,P,0.00,released,RELEASED
2026-05-18 18:53:42.545,252.1280,,slider,0,0,6.48,3.34,-17.20,AVAILABLE,NONE,6300,0,P,P,0.00,released,RELEASED
2026-05-18 18:53:42.945,252.5277,,slider,0,0,0.00,2.03,-17.20,AVAILABLE,NONE,6310,0,P,P,0.00,released,RELEASED
2026-05-18 18:53:43.346,252.9280,,slider,0,0,6.48,1.86,-17.20,AVAILABLE,NONE,6320,0,P,P,0.00,released,RELEASED
2026-05-18 18:53:43.745,253.3278,,slider,0,0,0.00,1.38,-17.20,AVAILABLE,NONE,6330,0,P,P,0.00,released,RELEASED
2026-05-18 18:53:44.145,253.7276,,slider,0,0,6.48,1.21,-17.20,AVAILABLE,NONE,6340,0,P,P,0.00,released,RELEASED
2026-05-18 18:53:44.546,254.1280,,slider,0,0,6.48,2.92,-17.20,AVAILABLE,NONE,6350,0,P,P,0.00,released,RELEASED
2026-05-18 18:53:44.946,254.5279,,slider,0,0,0.00,1.64,-17.20,AVAILABLE,NONE,6360,0,P,P,0.00,released,RELEASED
2026-05-18 18:53:45.346,254.9279,,slider,0,0,6.48,0.60,-17.20,AVAILABLE,NONE,6370,0,P,P,0.00,released,RELEASED
2026-05-18 18:53:45.746,255.3279,,slider,0,0,6.48,4.13,-17.20,AVAILABLE,NONE,6380,0,P,P,0.00,released,RELEASED
2026-05-18 18:53:46.146,255.7280,,slider,0,0,0.00,0.60,-17.20,AVAILABLE,NONE,6390,0,P,P,0.00,released,RELEASED
2026-05-18 18:53:46.546,256.1283,,slider,0,0,0.00,2.75,-17.20,AVAILABLE,NONE,6400,0,P,P,0.00,released,RELEASED
2026-05-18 18:53:46.946,256.5279,,slider,0,0,0.00,1.78,-17.20,AVAILABLE,NONE,6410,0,P,P,0.00,released,RELEASED
2026-05-18 18:53:47.346,256.9282,,slider,0,0,6.48,3.59,-17.20,AVAILABLE,NONE,6420,0,P,P,0.00,released,RELEASED
2026-05-18 18:53:47.746,257.3280,,slider,0,0,0.00,2.50,-17.20,AVAILABLE,NONE,6430,0,P,P,0.00,released,RELEASED
2026-05-18 18:53:48.146,257.7279,,slider,0,0,6.48,2.57,-17.20,AVAILABLE,NONE,6440,0,P,P,0.00,released,RELEASED
2026-05-18 18:53:48.547,258.1283,,slider,0,0,6.48,2.48,-17.20,AVAILABLE,NONE,6450,0,P,P,0.00,released,RELEASED
2026-05-18 18:53:48.947,258.5285,,slider,0,0,6.48,4.16,-17.20,AVAILABLE,NONE,6460,0,P,P,0.00,released,RELEASED
2026-05-18 18:53:49.347,258.9281,,slider,0,0,0.00,0.53,-17.20,AVAILABLE,NONE,6470,0,P,P,0.00,released,RELEASED
2026-05-18 18:53:49.747,259.3286,,slider,0,0,6.48,3.17,-17.20,AVAILABLE,NONE,6480,0,P,P,0.00,released,RELEASED
2026-05-18 18:53:50.147,259.7286,,slider,0,0,0.00,4.36,-17.20,AVAILABLE,NONE,6490,0,P,P,0.00,released,RELEASED
2026-05-18 18:53:50.548,260.1290,,slider,0,0,21.74,46.96,-17.20,AVAILABLE,NONE,6500,0,P,P,0.00,released,RELEASED
2026-05-18 18:53:50.947,260.5281,,slider,0,0,39.72,99.02,-17.20,AVAILABLE,NONE,6510,0,P,P,0.00,released,RELEASED
2026-05-18 18:53:51.347,260.9280,,slider,0,0,49.05,33.59,-17.20,AVAILABLE,NONE,6520,0,P,P,0.00,released,RELEASED
2026-05-18 18:53:51.747,261.3282,,slider,0,0,179.95,99.59,-17.20,AVAILABLE,NONE,6530,0,P,P,0.00,released,RELEASED
2026-05-18 18:53:52.148,261.7289,,slider,0,0,-126.00,63.59,-17.20,AVAILABLE,NONE,6540,0,P,P,0.00,released,RELEASED
2026-05-18 18:53:52.547,262.1284,,slider,0,0,-10.82,-8.41,-17.20,AVAILABLE,NONE,6550,0,P,P,0.00,released,RELEASED
2026-05-18 18:53:52.948,262.5287,,slider,0,0,6.48,-2.14,-17.20,AVAILABLE,NONE,6560,0,P,P,0.00,released,RELEASED
2026-05-18 18:53:53.348,262.9285,,slider,0,0,0.00,3.23,-17.20,AVAILABLE,NONE,6570,0,P,P,0.00,released,RELEASED
2026-05-18 18:53:53.748,263.3285,,slider,0,0,0.00,1.22,-17.20,AVAILABLE,NONE,6580,0,P,P,0.00,released,RELEASED
2026-05-18 18:53:54.148,263.7289,,slider,0,0,6.48,4.06,-17.20,AVAILABLE,NONE,6590,0,P,P,0.00,released,RELEASED
2026-05-18 18:53:54.548,264.1290,,slider,0,0,0.00,3.76,-17.20,AVAILABLE,NONE,6600,0,P,P,0.00,released,RELEASED
2026-05-18 18:53:54.948,264.5285,,slider,0,0,0.00,1.71,-17.20,AVAILABLE,NONE,6610,0,P,P,0.00,released,RELEASED
2026-05-18 18:53:55.348,264.9286,,slider,0,0,8.65,5.87,-17.20,AVAILABLE,NONE,6620,0,P,P,0.00,released,RELEASED
2026-05-18 18:53:55.749,265.3292,,slider,0,0,39.72,32.20,-17.20,AVAILABLE,NONE,6630,0,P,P,0.00,released,RELEASED
2026-05-18 18:53:56.149,265.7290,,slider,0,0,46.69,84.22,-17.20,AVAILABLE,NONE,6640,0,P,P,0.00,released,RELEASED
2026-05-18 18:53:56.549,266.1291,,slider,0,0,-79.10,12.22,-17.20,AVAILABLE,NONE,6650,0,P,P,0.00,released,RELEASED
2026-05-18 18:53:56.949,266.5291,,slider,0,0,-71.25,-59.78,-17.20,AVAILABLE,NONE,6660,0,P,P,0.00,released,RELEASED
2026-05-18 18:53:57.349,266.9291,,slider,0,0,6.48,-71.70,-17.20,AVAILABLE,NONE,6670,0,P,P,0.00,released,RELEASED
2026-05-18 18:53:57.748,267.3286,,slider,0,0,0.00,-0.78,-17.20,AVAILABLE,NONE,6680,0,P,P,0.00,released,RELEASED
2026-05-18 18:53:58.149,267.7293,,slider,0,0,0.00,1.90,-17.20,AVAILABLE,NONE,6690,0,P,P,0.00,released,RELEASED
2026-05-18 18:53:58.549,268.1288,,slider,0,0,0.00,3.12,-17.20,AVAILABLE,NONE,6700,0,P,P,0.00,released,RELEASED
2026-05-18 18:53:58.949,268.5288,,slider,0,0,-23.95,-10.98,-17.20,AVAILABLE,NONE,6710,0,P,P,0.00,released,RELEASED
2026-05-18 18:53:59.349,268.9293,,slider,0,0,0.00,-1.71,-17.20,AVAILABLE,NONE,6720,0,P,P,0.00,released,RELEASED
2026-05-18 18:53:59.749,269.3292,,slider,0,0,-12.99,-25.37,-17.20,AVAILABLE,NONE,6730,0,P,P,0.00,released,RELEASED
2026-05-18 18:54:00.150,269.7297,,slider,0,0,0.00,-0.29,-17.20,AVAILABLE,NONE,6740,0,P,P,0.00,released,RELEASED
2026-05-18 18:54:00.549,270.1289,,slider,0,0,6.48,2.18,-17.20,AVAILABLE,NONE,6750,0,P,P,0.00,released,RELEASED
2026-05-18 18:54:00.949,270.5291,,slider,0,0,0.00,2.41,-17.30,AVAILABLE,NONE,6760,0,P,P,0.00,released,RELEASED
2026-05-18 18:54:01.350,270.9292,,slider,0,0,0.00,1.17,-17.30,AVAILABLE,NONE,6770,0,P,P,0.00,released,RELEASED
2026-05-18 18:54:01.750,271.3294,,slider,0,0,0.00,2.21,-17.30,AVAILABLE,NONE,6780,0,P,P,0.00,released,RELEASED
2026-05-18 18:54:02.150,271.7294,,slider,0,0,6.48,3.27,-17.30,AVAILABLE,NONE,6790,0,P,P,0.00,released,RELEASED
2026-05-18 18:54:02.550,272.1295,,slider,0,0,0.00,1.96,-17.30,AVAILABLE,NONE,6800,0,P,P,0.00,released,RELEASED
2026-05-18 18:54:02.950,272.5296,,slider,0,0,6.48,2.17,-17.30,AVAILABLE,NONE,6810,0,P,P,0.00,released,RELEASED
2026-05-18 18:54:03.350,272.9294,,slider,0,0,0.00,3.10,-17.30,AVAILABLE,NONE,6820,0,P,P,0.00,released,RELEASED
2026-05-18 18:54:03.750,273.3294,,slider,0,0,0.00,2.88,-17.30,AVAILABLE,NONE,6830,0,P,P,0.00,released,RELEASED
2026-05-18 18:54:04.150,273.7295,,slider,0,0,6.48,3.40,-17.30,AVAILABLE,NONE,6840,0,P,P,0.00,released,RELEASED
2026-05-18 18:54:04.550,274.1294,,slider,0,0,0.00,2.23,-17.30,AVAILABLE,NONE,6850,0,P,P,0.00,released,RELEASED
2026-05-18 18:54:04.950,274.5294,,slider,0,0,6.48,2.93,-17.30,AVAILABLE,NONE,6860,0,P,P,0.00,released,RELEASED
2026-05-18 18:54:05.350,274.9295,,slider,0,0,0.00,5.10,-17.30,AVAILABLE,NONE,6870,0,P,P,0.00,released,RELEASED
2026-05-18 18:54:05.751,275.3297,,slider,0,0,0.00,3.85,-17.30,AVAILABLE,NONE,6880,0,P,P,0.00,released,RELEASED
2026-05-18 18:54:06.151,275.7299,,slider,0,0,6.48,1.24,-17.30,AVAILABLE,NONE,6890,0,P,P,0.00,released,RELEASED
2026-05-18 18:54:06.550,276.1294,,slider,0,0,6.48,3.43,-17.30,AVAILABLE,NONE,6900,0,P,P,0.00,released,RELEASED
2026-05-18 18:54:06.951,276.5297,,slider,0,0,0.00,0.41,-17.30,AVAILABLE,NONE,6910,0,P,P,0.00,released,RELEASED
2026-05-18 18:54:07.351,276.9298,,slider,0,0,6.48,3.76,-17.30,AVAILABLE,NONE,6920,0,P,P,0.00,released,RELEASED
2026-05-18 18:54:07.751,277.3301,,slider,0,0,0.00,2.60,-17.30,AVAILABLE,NONE,6930,0,P,P,0.00,released,RELEASED
2026-05-18 18:54:08.151,277.7300,,slider,0,0,6.48,2.73,-17.30,AVAILABLE,NONE,6940,0,P,P,0.00,released,RELEASED
2026-05-18 18:54:08.551,278.1301,,slider,0,0,6.48,4.16,-17.30,AVAILABLE,NONE,6950,0,P,P,0.00,released,RELEASED
2026-05-18 18:54:08.951,278.5300,,slider,0,0,0.00,1.19,-17.30,AVAILABLE,NONE,6960,0,P,P,0.00,released,RELEASED
2026-05-18 18:54:09.351,278.9297,,slider,0,0,0.00,1.66,-17.30,AVAILABLE,NONE,6970,0,P,P,0.00,released,RELEASED
2026-05-18 18:54:09.751,279.3298,,slider,0,0,0.00,2.83,-17.30,AVAILABLE,NONE,6980,0,P,P,0.00,released,RELEASED
2026-05-18 18:54:10.152,279.7305,,slider,0,0,0.00,0.39,-17.30,AVAILABLE,NONE,6990,0,P,P,0.00,released,RELEASED
2026-05-18 18:54:10.552,280.1301,,slider,0,0,0.00,1.24,-17.30,AVAILABLE,NONE,7000,0,P,P,0.00,released,RELEASED
2026-05-18 18:54:10.952,280.5301,,slider,0,0,0.00,3.94,-17.30,AVAILABLE,NONE,7010,0,P,P,0.00,released,RELEASED
2026-05-18 18:54:11.352,280.9300,,slider,0,0,0.00,4.39,-17.30,AVAILABLE,NONE,7020,0,P,P,0.00,released,RELEASED
2026-05-18 18:54:11.752,281.3300,,slider,0,0,6.48,4.48,-17.30,AVAILABLE,NONE,7030,0,P,P,0.00,released,RELEASED
2026-05-18 18:54:12.152,281.7301,,slider,0,0,6.48,1.40,-17.30,AVAILABLE,NONE,7040,0,P,P,0.00,released,RELEASED
2026-05-18 18:54:12.552,282.1301,,slider,0,0,0.00,2.72,-17.30,AVAILABLE,NONE,7050,0,P,P,0.00,released,RELEASED
2026-05-18 18:54:12.952,282.5301,,slider,0,0,6.48,2.09,-17.30,AVAILABLE,NONE,7060,0,P,P,0.00,released,RELEASED
2026-05-18 18:54:13.352,282.9304,,slider,0,0,6.48,2.95,-17.30,AVAILABLE,NONE,7070,0,P,P,0.00,released,RELEASED
2026-05-18 18:54:13.753,283.3306,,slider,0,0,6.48,3.48,-17.30,AVAILABLE,NONE,7080,0,P,P,0.00,released,RELEASED
2026-05-18 18:54:14.152,283.7303,,slider,0,0,6.48,4.41,-17.30,AVAILABLE,NONE,7090,0,P,P,0.00,released,RELEASED
2026-05-18 18:54:14.553,284.1307,,slider,0,0,6.48,1.45,-17.30,AVAILABLE,NONE,7100,0,P,P,0.00,released,RELEASED
2026-05-18 18:54:14.953,284.5303,,slider,0,0,6.48,2.61,-17.30,AVAILABLE,NONE,7110,0,P,P,0.00,released,RELEASED
2026-05-18 18:54:15.353,284.9305,,slider,0,0,6.48,2.00,-17.30,AVAILABLE,NONE,7120,0,P,P,0.00,released,RELEASED
2026-05-18 18:54:15.753,285.3303,,slider,0,0,6.48,3.14,-17.30,AVAILABLE,NONE,7130,0,P,P,0.00,released,RELEASED
2026-05-18 18:54:16.153,285.7304,,slider,0,0,0.00,3.53,-17.30,AVAILABLE,NONE,7140,0,P,P,0.00,released,RELEASED
2026-05-18 18:54:16.553,286.1306,,slider,0,0,0.00,1.61,-17.30,AVAILABLE,NONE,7150,0,P,P,0.00,released,RELEASED
2026-05-18 18:54:16.953,286.5304,,slider,0,0,6.48,3.05,-17.30,AVAILABLE,NONE,7160,0,P,P,0.00,released,RELEASED
2026-05-18 18:54:17.353,286.9307,,slider,0,0,0.00,2.89,-17.30,AVAILABLE,NONE,7170,0,P,P,0.00,released,RELEASED
2026-05-18 18:54:17.754,287.3310,,slider,0,0,0.00,2.26,-17.30,AVAILABLE,NONE,7180,0,P,P,0.00,released,RELEASED
2026-05-18 18:54:18.153,287.7305,,slider,0,0,6.48,4.92,-17.30,AVAILABLE,NONE,7190,0,P,P,0.00,released,RELEASED
2026-05-18 18:54:18.554,288.1311,,slider,0,0,0.00,2.88,-17.30,AVAILABLE,NONE,7200,0,P,P,0.00,released,RELEASED
2026-05-18 18:54:18.954,288.5312,,slider,0,0,0.00,1.13,-17.30,AVAILABLE,NONE,7210,0,P,P,0.00,released,RELEASED
2026-05-18 18:54:19.354,288.9313,,slider,0,0,6.48,3.62,-17.30,AVAILABLE,NONE,7220,0,P,P,0.00,released,RELEASED
2026-05-18 18:54:19.754,289.3309,,slider,0,0,0.00,1.70,-17.30,AVAILABLE,NONE,7230,0,P,P,0.00,released,RELEASED
2026-05-18 18:54:20.154,289.7308,,slider,0,0,0.00,3.57,-17.30,AVAILABLE,NONE,7240,0,P,P,0.00,released,RELEASED
2026-05-18 18:54:20.554,290.1310,,slider,0,0,6.48,1.75,-17.30,AVAILABLE,NONE,7250,0,P,P,0.00,released,RELEASED
2026-05-18 18:54:20.954,290.5312,,slider,0,0,0.00,4.63,-17.30,AVAILABLE,NONE,7260,0,P,P,0.00,released,RELEASED
2026-05-18 18:54:21.354,290.9311,,slider,0,0,0.00,2.09,-17.30,AVAILABLE,NONE,7270,0,P,P,0.00,released,RELEASED
2026-05-18 18:54:21.754,291.3311,,slider,0,0,0.00,3.49,-17.30,AVAILABLE,NONE,7280,0,P,P,0.00,released,RELEASED
2026-05-18 18:54:22.155,291.7312,,slider,0,0,6.48,0.53,-17.30,AVAILABLE,NONE,7290,0,P,P,0.00,released,RELEASED
2026-05-18 18:54:22.555,292.1313,,slider,0,0,0.00,3.02,-17.30,AVAILABLE,NONE,7300,0,P,P,0.00,released,RELEASED
2026-05-18 18:54:22.955,292.5318,,slider,0,0,6.48,2.43,-17.30,AVAILABLE,NONE,7310,0,P,P,0.00,released,RELEASED
2026-05-18 18:54:23.355,292.9317,,slider,0,0,6.48,1.69,-17.30,AVAILABLE,NONE,7320,0,P,P,0.00,released,RELEASED
2026-05-18 18:54:23.755,293.3316,,slider,0,0,0.00,3.08,-17.30,AVAILABLE,NONE,7330,0,P,P,0.00,released,RELEASED
2026-05-18 18:54:24.155,293.7316,,slider,0,0,6.48,1.20,-17.30,AVAILABLE,NONE,7340,0,P,P,0.00,released,RELEASED
2026-05-18 18:54:24.555,294.1315,,slider,0,0,0.00,1.01,-17.30,AVAILABLE,NONE,7350,0,P,P,0.00,released,RELEASED
2026-05-18 18:54:24.956,294.5319,,slider,0,0,0.00,2.90,-17.30,AVAILABLE,NONE,7360,0,P,P,0.00,released,RELEASED
2026-05-18 18:54:25.356,294.9322,,slider,0,0,0.00,3.70,-17.30,AVAILABLE,NONE,7370,0,P,P,0.00,released,RELEASED
2026-05-18 18:54:25.756,295.3317,,slider,0,0,0.00,3.79,-17.30,AVAILABLE,NONE,7380,0,P,P,0.00,released,RELEASED
2026-05-18 18:54:26.156,295.7321,,slider,0,0,0.00,4.14,-17.30,AVAILABLE,NONE,7390,0,P,P,0.00,released,RELEASED
2026-05-18 18:54:26.556,296.1319,,slider,0,0,0.00,2.52,-17.30,AVAILABLE,NONE,7400,0,P,P,0.00,released,RELEASED
2026-05-18 18:54:26.956,296.5317,,slider,0,0,6.48,2.39,-17.30,AVAILABLE,NONE,7410,0,P,P,0.00,released,RELEASED
2026-05-18 18:54:27.356,296.9319,,slider,0,0,6.48,2.67,-17.30,AVAILABLE,NONE,7420,0,P,P,0.00,released,RELEASED
2026-05-18 18:54:27.756,297.3320,,slider,0,0,0.00,1.97,-17.30,AVAILABLE,NONE,7430,0,P,P,0.00,released,RELEASED
2026-05-18 18:54:28.156,297.7317,,slider,0,0,6.48,1.98,-17.30,AVAILABLE,NONE,7440,0,P,P,0.00,released,RELEASED
2026-05-18 18:54:28.556,298.1315,,slider,0,0,0.00,3.29,-17.30,AVAILABLE,NONE,7450,0,P,P,0.00,released,RELEASED
2026-05-18 18:54:28.956,298.5316,,slider,0,0,6.48,4.96,-17.30,AVAILABLE,NONE,7460,0,P,P,0.00,released,RELEASED
2026-05-18 18:54:29.356,298.9314,,slider,0,0,0.00,2.89,-17.30,AVAILABLE,NONE,7470,0,P,P,0.00,released,RELEASED
2026-05-18 18:54:29.756,299.3318,,slider,0,0,6.48,2.36,-17.30,AVAILABLE,NONE,7480,0,P,P,0.00,released,RELEASED
2026-05-18 18:54:30.157,299.7320,,slider,0,0,6.48,1.78,-17.30,AVAILABLE,NONE,7490,0,P,P,0.00,released,RELEASED
2026-05-18 18:54:30.557,300.1321,,slider,0,0,6.48,5.38,-17.30,AVAILABLE,NONE,7500,0,P,P,0.00,released,RELEASED
2026-05-18 18:54:30.957,300.5318,,slider,0,0,0.00,1.22,-17.30,AVAILABLE,NONE,7510,0,P,P,0.00,released,RELEASED
2026-05-18 18:54:31.357,300.9318,,slider,0,0,0.00,2.01,-17.30,AVAILABLE,NONE,7520,0,P,P,0.00,released,RELEASED
2026-05-18 18:54:31.757,301.3318,,slider,0,0,0.00,2.60,-17.30,AVAILABLE,NONE,7530,0,P,P,0.00,released,RELEASED
2026-05-18 18:54:32.157,301.7319,,slider,0,0,0.00,1.79,-17.30,AVAILABLE,NONE,7540,0,P,P,0.00,released,RELEASED
2026-05-18 18:54:32.557,302.1319,,slider,0,0,6.48,3.43,-17.30,AVAILABLE,NONE,7550,0,P,P,0.00,released,RELEASED
2026-05-18 18:54:32.957,302.5319,,slider,0,0,0.00,2.66,-17.30,AVAILABLE,NONE,7560,0,P,P,0.00,released,RELEASED
2026-05-18 18:54:33.357,302.9320,,slider,0,0,0.00,3.34,-17.30,AVAILABLE,NONE,7570,0,P,P,0.00,released,RELEASED
2026-05-18 18:54:33.757,303.3320,,slider,0,0,0.00,4.56,-17.30,AVAILABLE,NONE,7580,0,P,P,0.00,released,RELEASED
2026-05-18 18:54:34.157,303.7321,,slider,0,0,0.00,0.42,-17.30,AVAILABLE,NONE,7590,0,P,P,0.00,released,RELEASED
2026-05-18 18:54:34.557,304.1322,,slider,0,0,0.00,4.33,-17.30,AVAILABLE,NONE,7600,0,P,P,0.00,released,RELEASED
2026-05-18 18:54:34.957,304.5321,,slider,0,0,0.00,3.10,-17.30,AVAILABLE,NONE,7610,0,P,P,0.00,released,RELEASED
2026-05-18 18:54:35.358,304.9323,,slider,0,0,6.48,0.54,-17.30,AVAILABLE,NONE,7620,0,P,P,0.00,released,RELEASED
2026-05-18 18:54:35.758,305.3323,,slider,0,0,0.00,3.98,-17.30,AVAILABLE,NONE,7630,0,P,P,0.00,released,RELEASED
2026-05-18 18:54:36.158,305.7324,,slider,0,0,6.48,1.10,-17.30,AVAILABLE,NONE,7640,0,P,P,0.00,released,RELEASED
2026-05-18 18:54:36.558,306.1320,,slider,0,0,0.00,2.93,-17.30,AVAILABLE,NONE,7650,0,P,P,0.00,released,RELEASED
2026-05-18 18:54:36.958,306.5323,,slider,0,0,6.48,1.91,-17.30,AVAILABLE,NONE,7660,0,P,P,0.00,released,RELEASED
2026-05-18 18:54:37.358,306.9323,,slider,0,0,0.00,0.77,-17.30,AVAILABLE,NONE,7670,0,P,P,0.00,released,RELEASED
2026-05-18 18:54:37.759,307.3328,,slider,0,0,0.00,2.32,-17.30,AVAILABLE,NONE,7680,0,P,P,0.00,released,RELEASED
2026-05-18 18:54:38.159,307.7328,,slider,0,0,0.00,2.42,-17.30,AVAILABLE,NONE,7690,0,P,P,0.00,released,RELEASED
2026-05-18 18:54:38.558,308.1323,,slider,0,0,0.00,1.68,-17.30,AVAILABLE,NONE,7700,0,P,P,0.00,released,RELEASED
2026-05-18 18:54:38.958,308.5322,,slider,0,0,0.00,3.42,-17.30,AVAILABLE,NONE,7710,0,P,P,0.00,released,RELEASED
2026-05-18 18:54:39.359,308.9327,,slider,0,0,0.00,1.37,-17.30,AVAILABLE,NONE,7720,0,P,P,0.00,released,RELEASED
2026-05-18 18:54:39.759,309.3329,,slider,0,0,6.48,3.16,-17.30,AVAILABLE,NONE,7730,0,P,P,0.00,released,RELEASED
2026-05-18 18:54:40.159,309.7326,,slider,0,0,0.00,3.19,-17.30,AVAILABLE,NONE,7740,0,P,P,0.00,released,RELEASED
2026-05-18 18:54:40.559,310.1327,,slider,0,0,0.00,1.16,-17.30,AVAILABLE,NONE,7750,0,P,P,0.00,released,RELEASED
2026-05-18 18:54:40.959,310.5325,,slider,0,0,0.00,1.04,-17.30,AVAILABLE,NONE,7760,0,P,P,0.00,released,RELEASED
2026-05-18 18:54:41.359,310.9325,,slider,0,0,6.48,1.77,-17.30,AVAILABLE,NONE,7770,0,P,P,0.00,released,RELEASED
2026-05-18 18:54:41.760,311.3332,,slider,0,0,6.48,2.66,-17.30,AVAILABLE,NONE,7780,0,P,P,0.00,released,RELEASED
2026-05-18 18:54:42.159,311.7326,,slider,0,0,6.48,5.27,-17.30,AVAILABLE,NONE,7790,0,P,P,0.00,released,RELEASED
2026-05-18 18:54:42.559,312.1328,,slider,0,0,0.00,3.04,-17.30,AVAILABLE,NONE,7800,0,P,P,0.00,released,RELEASED
2026-05-18 18:54:42.959,312.5329,,slider,0,0,6.48,2.30,-17.30,AVAILABLE,NONE,7810,0,P,P,0.00,released,RELEASED
2026-05-18 18:54:43.359,312.9329,,slider,0,0,6.48,3.48,-17.30,AVAILABLE,NONE,7820,0,P,P,0.00,released,RELEASED
2026-05-18 18:54:43.760,313.3332,,slider,0,0,0.00,1.40,-17.30,AVAILABLE,NONE,7830,0,P,P,0.00,released,RELEASED
2026-05-18 18:54:44.160,313.7328,,slider,0,0,0.00,2.39,-17.30,AVAILABLE,NONE,7840,0,P,P,0.00,released,RELEASED
2026-05-18 18:54:44.560,314.1331,,slider,0,0,6.48,2.61,-17.30,AVAILABLE,NONE,7850,0,P,P,0.00,released,RELEASED
2026-05-18 18:54:44.960,314.5327,,slider,0,0,0.00,0.45,-17.30,AVAILABLE,NONE,7860,0,P,P,0.00,released,RELEASED
2026-05-18 18:54:45.359,314.9325,,slider,0,0,0.00,4.22,-17.30,AVAILABLE,NONE,7870,0,P,P,0.00,released,RELEASED
2026-05-18 18:54:45.760,315.3331,,slider,0,0,6.48,5.08,-17.30,AVAILABLE,NONE,7880,0,P,P,0.00,released,RELEASED
2026-05-18 18:54:46.160,315.7329,,slider,0,0,0.00,1.06,-17.30,AVAILABLE,NONE,7890,0,P,P,0.00,released,RELEASED
2026-05-18 18:54:46.560,316.1329,,slider,0,0,0.00,2.19,-17.30,AVAILABLE,NONE,7900,0,P,P,0.00,released,RELEASED
2026-05-18 18:54:46.960,316.5328,,slider,0,0,0.00,3.58,-17.30,AVAILABLE,NONE,7910,0,P,P,0.00,released,RELEASED
2026-05-18 18:54:47.360,316.9329,,slider,0,0,0.00,3.42,-17.30,AVAILABLE,NONE,7920,0,P,P,0.00,released,RELEASED
2026-05-18 18:54:47.761,317.3333,,slider,0,0,0.00,1.97,-17.30,AVAILABLE,NONE,7930,0,P,P,0.00,released,RELEASED
2026-05-18 18:54:48.160,317.7332,,slider,0,0,0.00,2.06,-17.30,AVAILABLE,NONE,7940,0,P,P,0.00,released,RELEASED
2026-05-18 18:54:48.560,318.1331,,slider,0,0,0.00,2.68,-17.30,AVAILABLE,NONE,7950,0,P,P,0.00,released,RELEASED
2026-05-18 18:54:48.960,318.5329,,slider,0,0,0.00,3.54,-17.30,AVAILABLE,NONE,7960,0,P,P,0.00,released,RELEASED
2026-05-18 18:54:49.360,318.9329,,slider,0,0,0.00,1.56,-17.40,AVAILABLE,NONE,7970,0,P,P,0.00,released,RELEASED
2026-05-18 18:54:49.761,319.3331,,slider,0,0,6.48,4.04,-17.40,AVAILABLE,NONE,7980,0,P,P,0.00,released,RELEASED
2026-05-18 18:54:50.161,319.7331,,slider,0,0,0.00,4.79,-17.40,AVAILABLE,NONE,7990,0,P,P,0.00,released,RELEASED
2026-05-18 18:54:50.561,320.1333,,slider,0,0,6.48,1.69,-17.40,AVAILABLE,NONE,8000,0,P,P,0.00,released,RELEASED
2026-05-18 18:54:50.961,320.5329,,slider,0,0,6.48,3.66,-17.40,AVAILABLE,NONE,8010,0,P,P,0.00,released,RELEASED
2026-05-18 18:54:51.361,320.9333,,slider,0,0,6.48,1.14,-17.40,AVAILABLE,NONE,8020,0,P,P,0.00,released,RELEASED
2026-05-18 18:54:51.761,321.3336,,slider,0,0,0.00,2.72,-17.40,AVAILABLE,NONE,8030,0,P,P,0.00,released,RELEASED
2026-05-18 18:54:52.161,321.7332,,slider,0,0,0.00,2.09,-17.40,AVAILABLE,NONE,8040,0,P,P,0.00,released,RELEASED
2026-05-18 18:54:52.561,322.1331,,slider,0,0,0.00,3.36,-17.40,AVAILABLE,NONE,8050,0,P,P,0.00,released,RELEASED
2026-05-18 18:54:52.961,322.5333,,slider,0,0,0.00,4.06,-17.40,AVAILABLE,NONE,8060,0,P,P,0.00,released,RELEASED
2026-05-18 18:54:53.361,322.9333,,slider,0,0,6.48,2.38,-17.40,AVAILABLE,NONE,8070,0,P,P,0.00,released,RELEASED
2026-05-18 18:54:53.645,323.2167,engage,slider,1,0,-17.40,-17.40,-17.40,AVAILABLE,NONE,8077,0,P,P,0.00,released,RELEASED
2026-05-18 18:54:53.721,323.2932,eac_transition:ACTIVE,slider,1,0,0.00,-11.19,-17.10,ACTIVE,NONE,8079,0,P,P,0.00,released,RELEASED
2026-05-18 18:54:53.762,323.3334,,slider,1,0,0.00,-7.69,-16.20,ACTIVE,NONE,8080,0,P,P,0.00,released,RELEASED
2026-05-18 18:54:54.161,323.7333,,slider,1,0,6.48,1.50,-2.50,ACTIVE,NONE,8090,0,P,P,0.00,released,RELEASED
2026-05-18 18:54:54.562,324.1333,,slider,1,0,0.00,2.45,0.80,ACTIVE,NONE,8100,0,P,P,0.00,released,RELEASED
2026-05-18 18:54:54.962,324.5334,,slider,1,0,0.00,2.61,3.10,ACTIVE,NONE,8110,0,P,P,0.00,released,RELEASED
2026-05-18 18:54:55.362,324.9334,,slider,1,0,0.00,1.99,3.00,ACTIVE,NONE,8120,0,P,P,0.00,released,RELEASED
2026-05-18 18:54:55.762,325.3338,,slider,1,0,0.00,3.65,3.10,ACTIVE,NONE,8130,0,P,P,0.00,released,RELEASED
2026-05-18 18:54:56.162,325.7335,,slider,1,0,0.00,33.41,40.40,ACTIVE,NONE,8140,0,P,P,0.00,released,RELEASED
2026-05-18 18:54:56.562,326.1334,,slider,1,0,6.48,-4.70,1.20,ACTIVE,NONE,8150,0,P,P,0.00,released,RELEASED
2026-05-18 18:54:56.962,326.5335,,slider,1,0,0.00,0.57,1.70,ACTIVE,NONE,8160,0,P,P,0.00,released,RELEASED
2026-05-18 18:54:57.362,326.9335,,slider,1,0,0.00,1.98,1.70,ACTIVE,NONE,8170,0,P,P,0.00,released,RELEASED
2026-05-18 18:54:57.763,327.3340,,slider,1,0,6.48,4.58,2.80,ACTIVE,NONE,8180,0,P,P,0.00,released,RELEASED
2026-05-18 18:54:58.163,327.7337,,slider,1,0,0.00,0.95,3.10,ACTIVE,NONE,8190,0,P,P,0.00,released,RELEASED
2026-05-18 18:54:58.563,328.1337,,slider,1,0,0.00,3.92,2.30,ACTIVE,NONE,8200,0,P,P,0.00,released,RELEASED
2026-05-18 18:54:58.963,328.5338,,slider,1,0,0.00,1.48,2.30,ACTIVE,NONE,8210,0,P,P,0.00,released,RELEASED
2026-05-18 18:54:59.363,328.9338,,slider,1,0,6.48,3.04,1.90,ACTIVE,NONE,8220,0,P,P,0.00,released,RELEASED
2026-05-18 18:54:59.763,329.3341,,slider,1,0,0.00,0.33,1.70,ACTIVE,NONE,8230,0,P,P,0.00,released,RELEASED
2026-05-18 18:55:00.163,329.7339,,slider,1,0,0.00,0.02,0.50,ACTIVE,NONE,8240,0,P,P,0.00,released,RELEASED
2026-05-18 18:55:00.563,330.1339,,slider,1,0,0.00,0.00,0.00,ACTIVE,NONE,8250,0,P,P,0.00,released,RELEASED
2026-05-18 18:55:00.963,330.5340,,slider,1,0,0.00,0.00,-0.10,ACTIVE,NONE,8260,0,P,P,0.00,released,RELEASED
2026-05-18 18:55:01.363,330.9340,,slider,1,0,0.00,0.00,-0.10,ACTIVE,NONE,8270,0,P,P,0.00,released,RELEASED
2026-05-18 18:55:01.764,331.3341,,slider,1,0,0.00,0.00,-0.10,ACTIVE,NONE,8280,0,P,P,0.00,released,RELEASED
2026-05-18 18:55:02.163,331.7339,,slider,1,0,0.00,0.00,-0.10,ACTIVE,NONE,8290,0,P,P,0.00,released,RELEASED
2026-05-18 18:55:02.564,332.1341,,slider,1,0,0.00,0.00,-0.10,ACTIVE,NONE,8300,0,P,P,0.00,PRESSED,FAULT
2026-05-18 18:55:02.963,332.5339,,slider,1,0,6.48,0.00,-0.10,ACTIVE,NONE,8310,0,P,P,0.00,PRESSED,FAULT
2026-05-18 18:55:03.363,332.9339,,slider,1,0,0.00,0.04,-0.10,ACTIVE,NONE,8320,0,P,P,0.00,PRESSED,FAULT
2026-05-18 18:55:03.764,333.3341,,slider,1,0,0.00,0.08,-0.10,ACTIVE,NONE,8330,0,P,P,0.00,PRESSED,FAULT
2026-05-18 18:55:04.164,333.7342,,slider,1,0,0.00,0.00,-0.10,ACTIVE,NONE,8340,0,P,P,0.00,PRESSED,FAULT
2026-05-18 18:55:04.564,334.1344,,slider,1,0,0.00,0.00,-0.10,ACTIVE,NONE,8350,0,P,P,0.00,PRESSED,FAULT
2026-05-18 18:55:04.964,334.5341,,slider,1,0,0.00,0.00,-0.10,ACTIVE,NONE,8360,0,P,P,0.00,PRESSED,FAULT
2026-05-18 18:55:05.364,334.9342,,slider,1,0,0.00,0.00,-0.10,ACTIVE,NONE,8370,0,P,P,0.00,PRESSED,FAULT
2026-05-18 18:55:05.765,335.3346,,slider,1,0,0.00,0.00,-0.10,ACTIVE,NONE,8380,0,P,P,0.00,PRESSED,FAULT
2026-05-18 18:55:06.165,335.7346,,slider,1,0,0.00,0.00,-0.10,ACTIVE,NONE,8390,0,P,P,0.00,PRESSED,FAULT
2026-05-18 18:55:06.564,336.1341,,slider,1,0,0.00,0.00,-0.10,ACTIVE,NONE,8400,0,P,P,0.00,PRESSED,FAULT
2026-05-18 18:55:06.965,336.5344,,slider,1,0,0.00,0.00,-0.10,ACTIVE,NONE,8410,0,P,P,0.00,PRESSED,FAULT
2026-05-18 18:55:07.161,336.7307,shift_requested:N,slider,1,0,6.48,0.00,0.00,ACTIVE,NONE,8414,0,P,P,0.00,PRESSED,FAULT
2026-05-18 18:55:07.200,336.7695,gear_change:N,slider,1,0,0.00,3.34,0.00,ACTIVE,NONE,8416,0,N,N,0.00,PRESSED,FAULT
2026-05-18 18:55:07.235,336.8049,eac_transition:AVAILABLE,slider,0,0,0.00,0.96,0.70,AVAILABLE,NONE,8417,0,N,N,0.00,PRESSED,FAULT
2026-05-18 18:55:07.355,336.9248,,slider,0,0,0.00,6.35,7.10,AVAILABLE,NONE,8420,0,N,N,0.00,PRESSED,FAULT
2026-05-18 18:55:07.765,337.3346,,slider,0,0,0.00,1.08,8.20,AVAILABLE,NONE,8430,0,N,N,0.00,PRESSED,FAULT
2026-05-18 18:55:08.165,337.7343,,slider,0,0,6.48,4.33,8.20,AVAILABLE,NONE,8440,0,N,N,0.00,PRESSED,FAULT
2026-05-18 18:55:08.565,338.1342,,slider,0,0,0.00,4.12,8.20,AVAILABLE,NONE,8450,0,N,N,0.00,PRESSED,FAULT
2026-05-18 18:55:08.965,338.5343,,slider,0,0,0.00,1.98,8.20,AVAILABLE,NONE,8460,0,N,N,0.00,PRESSED,FAULT
2026-05-18 18:55:09.365,338.9344,,slider,0,0,6.48,2.22,8.20,AVAILABLE,NONE,8470,0,N,N,0.00,PRESSED,FAULT
2026-05-18 18:55:09.765,339.3345,,slider,0,0,0.00,2.75,8.20,AVAILABLE,NONE,8480,0,N,N,0.00,PRESSED,FAULT
2026-05-18 18:55:10.165,339.7344,,slider,0,0,0.00,1.23,8.20,AVAILABLE,NONE,8490,0,N,N,0.00,PRESSED,FAULT
2026-05-18 18:55:10.565,340.1347,,slider,0,0,6.48,3.39,8.20,AVAILABLE,NONE,8500,0,N,N,0.00,PRESSED,FAULT
2026-05-18 18:55:10.966,340.5350,,slider,0,0,0.00,4.04,8.20,AVAILABLE,NONE,8510,0,N,N,0.00,PRESSED,FAULT
2026-05-18 18:55:11.366,340.9349,,slider,0,0,6.48,1.50,8.20,AVAILABLE,NONE,8520,0,N,N,0.00,PRESSED,FAULT
2026-05-18 18:55:11.766,341.3351,,slider,0,0,0.00,2.32,8.20,AVAILABLE,NONE,8530,0,N,N,0.00,PRESSED,FAULT
2026-05-18 18:55:12.166,341.7350,,slider,0,0,0.00,3.04,8.20,AVAILABLE,NONE,8540,0,N,N,0.00,PRESSED,FAULT
2026-05-18 18:55:12.566,342.1352,,slider,0,0,0.00,3.22,8.20,AVAILABLE,NONE,8550,0,N,N,0.00,PRESSED,FAULT
2026-05-18 18:55:12.966,342.5350,,slider,0,0,0.00,2.50,8.20,AVAILABLE,NONE,8560,0,N,N,0.00,PRESSED,FAULT
2026-05-18 18:55:13.366,342.9350,,slider,0,0,0.00,1.12,8.20,AVAILABLE,NONE,8570,0,N,N,0.00,PRESSED,FAULT
2026-05-18 18:55:13.766,343.3352,,slider,0,0,6.48,4.88,8.20,AVAILABLE,NONE,8580,0,N,N,0.00,PRESSED,FAULT
2026-05-18 18:55:14.166,343.7350,,slider,0,0,0.00,1.54,8.20,AVAILABLE,NONE,8590,0,N,N,0.00,PRESSED,FAULT
2026-05-18 18:55:14.566,344.1350,,slider,0,0,6.48,1.49,8.20,AVAILABLE,NONE,8600,0,N,N,0.00,PRESSED,FAULT
2026-05-18 18:55:14.966,344.5351,,slider,0,0,6.48,1.35,8.20,AVAILABLE,NONE,8610,0,N,N,0.00,PRESSED,FAULT
2026-05-18 18:55:15.367,344.9353,,slider,0,0,0.00,0.90,8.20,AVAILABLE,NONE,8620,0,N,N,0.00,PRESSED,FAULT
2026-05-18 18:55:15.767,345.3356,,slider,0,0,6.48,3.35,8.20,AVAILABLE,NONE,8630,0,N,N,0.00,PRESSED,FAULT
2026-05-18 18:55:16.167,345.7351,,slider,0,0,6.48,3.33,8.20,AVAILABLE,NONE,8640,0,N,N,0.00,PRESSED,FAULT
2026-05-18 18:55:16.567,346.1353,,slider,0,0,6.48,1.20,8.20,AVAILABLE,NONE,8650,0,N,N,0.00,PRESSED,FAULT
2026-05-18 18:55:16.967,346.5352,,slider,0,0,0.00,2.89,8.20,AVAILABLE,NONE,8660,0,N,N,0.00,PRESSED,FAULT
2026-05-18 18:55:17.367,346.9352,,slider,0,0,0.00,4.14,8.20,AVAILABLE,NONE,8670,0,N,N,0.00,PRESSED,FAULT
2026-05-18 18:55:17.767,347.3353,,slider,0,0,0.00,4.19,8.20,AVAILABLE,NONE,8680,0,N,N,0.00,PRESSED,FAULT
2026-05-18 18:55:18.167,347.7353,,slider,0,0,6.48,3.08,8.20,AVAILABLE,NONE,8690,0,N,N,0.00,PRESSED,FAULT
2026-05-18 18:55:18.567,348.1355,,slider,0,0,0.00,0.87,8.20,AVAILABLE,NONE,8700,0,N,N,0.00,PRESSED,FAULT
2026-05-18 18:55:18.967,348.5354,,slider,0,0,0.00,0.99,8.20,AVAILABLE,NONE,8710,0,N,N,0.00,PRESSED,FAULT
2026-05-18 18:55:19.367,348.9355,,slider,0,0,0.00,2.27,8.20,AVAILABLE,NONE,8720,0,N,N,0.00,PRESSED,FAULT
2026-05-18 18:55:19.768,349.3356,,slider,0,0,6.48,2.76,8.20,AVAILABLE,NONE,8730,0,N,N,0.00,PRESSED,FAULT
2026-05-18 18:55:20.168,349.7354,,slider,0,0,0.00,3.47,8.20,AVAILABLE,NONE,8740,0,N,N,0.00,PRESSED,FAULT
2026-05-18 18:55:20.568,350.1354,,slider,0,0,6.48,3.28,8.20,AVAILABLE,NONE,8750,0,N,N,0.00,PRESSED,FAULT
2026-05-18 18:55:20.968,350.5355,,slider,0,0,0.00,1.73,8.20,AVAILABLE,NONE,8760,0,N,N,0.00,PRESSED,FAULT
2026-05-18 18:55:21.368,350.9356,,slider,0,0,6.48,2.71,8.20,AVAILABLE,NONE,8770,0,N,N,0.00,PRESSED,FAULT
2026-05-18 18:55:21.768,351.3354,,slider,0,0,0.00,4.15,8.20,AVAILABLE,NONE,8780,0,N,N,0.00,PRESSED,FAULT
2026-05-18 18:55:22.168,351.7355,,slider,0,0,0.00,1.39,8.20,AVAILABLE,NONE,8790,0,N,N,0.00,PRESSED,FAULT
2026-05-18 18:55:22.568,352.1355,,slider,0,0,6.48,3.22,8.20,AVAILABLE,NONE,8800,0,N,N,0.00,PRESSED,FAULT
2026-05-18 18:55:22.968,352.5359,,slider,0,0,6.48,1.18,8.20,AVAILABLE,NONE,8810,0,N,N,0.00,PRESSED,FAULT
2026-05-18 18:55:23.368,352.9356,,slider,0,0,6.48,3.75,8.20,AVAILABLE,NONE,8820,0,N,N,0.00,PRESSED,FAULT
2026-05-18 18:55:23.768,353.3356,,slider,0,0,6.48,2.75,8.20,AVAILABLE,NONE,8830,0,N,N,0.00,PRESSED,FAULT
2026-05-18 18:55:24.168,353.7355,,slider,0,0,0.00,1.83,8.20,AVAILABLE,NONE,8840,0,N,N,0.00,PRESSED,FAULT
2026-05-18 18:55:24.569,354.1357,,slider,0,0,6.48,2.66,8.20,AVAILABLE,NONE,8850,0,N,N,0.00,PRESSED,FAULT
2026-05-18 18:55:24.968,354.5356,,slider,0,0,6.48,4.34,8.20,AVAILABLE,NONE,8860,0,N,N,0.00,PRESSED,FAULT
2026-05-18 18:55:25.369,354.9356,,slider,0,0,6.48,3.36,8.20,AVAILABLE,NONE,8870,0,N,N,0.00,PRESSED,FAULT
2026-05-18 18:55:25.769,355.3357,,slider,0,0,0.00,4.65,8.20,AVAILABLE,NONE,8880,0,N,N,0.00,PRESSED,FAULT
2026-05-18 18:55:26.044,355.6114,shift_requested:P,slider,0,0,6.48,4.52,8.20,AVAILABLE,NONE,8887,0,N,N,0.00,PRESSED,FAULT
2026-05-18 18:55:26.080,355.6465,gear_change:P,slider,0,0,6.48,3.21,8.20,AVAILABLE,NONE,8888,0,P,P,0.00,PRESSED,FAULT
2026-05-18 18:55:26.159,355.7259,,slider,0,0,0.00,2.82,8.20,AVAILABLE,NONE,8890,0,P,P,0.00,PRESSED,FAULT
2026-05-18 18:55:26.569,356.1358,,slider,0,0,0.00,1.55,8.20,AVAILABLE,NONE,8900,0,P,P,0.00,PRESSED,FAULT
2026-05-18 18:55:26.969,356.5357,,slider,0,0,0.00,4.70,8.20,AVAILABLE,NONE,8910,0,P,P,0.00,PRESSED,FAULT
2026-05-18 18:55:27.369,356.9358,,slider,0,0,0.00,1.22,8.20,AVAILABLE,NONE,8920,0,P,P,0.00,released,RELEASED
2026-05-18 18:55:27.769,357.3359,,slider,0,0,0.00,2.58,8.20,AVAILABLE,NONE,8930,0,P,P,0.00,released,RELEASED
2026-05-18 18:55:28.169,357.7358,,slider,0,0,6.48,5.18,8.20,AVAILABLE,NONE,8940,0,P,P,0.00,released,RELEASED
2026-05-18 18:55:28.569,358.1359,,slider,0,0,0.00,2.19,8.20,AVAILABLE,NONE,8950,0,P,P,0.00,released,RELEASED
2026-05-18 18:55:28.969,358.5358,,slider,0,0,6.48,2.32,8.20,AVAILABLE,NONE,8960,0,P,P,0.00,released,RELEASED
2026-05-18 18:55:29.369,358.9360,,slider,0,0,0.00,2.78,8.20,AVAILABLE,NONE,8970,0,P,P,0.00,released,RELEASED
2026-05-18 18:55:29.770,359.3365,,slider,0,0,0.00,1.72,8.20,AVAILABLE,NONE,8980,0,P,P,0.00,released,RELEASED
2026-05-18 18:55:30.170,359.7361,,slider,0,0,0.00,1.82,8.20,AVAILABLE,NONE,8990,0,P,P,0.00,released,RELEASED
2026-05-18 18:55:30.570,360.1362,,slider,0,0,0.00,1.80,8.20,AVAILABLE,NONE,9000,0,P,P,0.00,released,RELEASED
2026-05-18 18:55:30.970,360.5361,,slider,0,0,6.48,1.66,8.20,AVAILABLE,NONE,9010,0,P,P,0.00,released,RELEASED
2026-05-18 18:55:31.370,360.9362,,slider,0,0,6.48,4.81,8.20,AVAILABLE,NONE,9020,0,P,P,0.00,released,RELEASED
2026-05-18 18:55:31.770,361.3362,,slider,0,0,0.00,3.71,8.30,AVAILABLE,NONE,9030,0,P,P,0.00,released,RELEASED
2026-05-18 18:55:32.170,361.7365,,slider,0,0,6.48,3.14,8.30,AVAILABLE,NONE,9040,0,P,P,0.00,released,RELEASED
2026-05-18 18:55:32.570,362.1363,,slider,0,0,6.48,2.52,8.30,AVAILABLE,NONE,9050,0,P,P,0.00,released,RELEASED
2026-05-18 18:55:32.970,362.5363,,slider,0,0,0.00,1.65,8.30,AVAILABLE,NONE,9060,0,P,P,0.00,released,RELEASED
2026-05-18 18:55:33.370,362.9362,,slider,0,0,6.48,2.52,8.30,AVAILABLE,NONE,9070,0,P,P,0.00,released,RELEASED
2026-05-18 18:55:33.771,363.3364,,slider,0,0,6.48,3.82,8.30,AVAILABLE,NONE,9080,0,P,P,0.00,released,RELEASED
2026-05-18 18:55:34.171,363.7363,,slider,0,0,6.48,0.98,8.30,AVAILABLE,NONE,9090,0,P,P,0.00,released,RELEASED
2026-05-18 18:55:34.571,364.1364,,slider,0,0,0.00,3.53,8.30,AVAILABLE,NONE,9100,0,P,P,0.00,released,RELEASED
2026-05-18 18:55:34.971,364.5364,,slider,0,0,6.48,2.67,8.30,AVAILABLE,NONE,9110,0,P,P,0.00,released,RELEASED
2026-05-18 18:55:35.371,364.9364,,slider,0,0,0.00,1.73,8.30,AVAILABLE,NONE,9120,0,P,P,0.00,released,RELEASED
2026-05-18 18:55:35.771,365.3365,,slider,0,0,0.00,3.75,8.30,AVAILABLE,NONE,9130,0,P,P,0.00,released,RELEASED
2026-05-18 18:55:36.171,365.7365,,slider,0,0,6.48,3.13,8.30,AVAILABLE,NONE,9140,0,P,P,0.00,released,RELEASED
2026-05-18 18:55:36.571,366.1365,,slider,0,0,0.00,4.43,8.30,AVAILABLE,NONE,9150,0,P,P,0.00,released,RELEASED
2026-05-18 18:55:36.971,366.5365,,slider,0,0,0.00,0.94,8.30,AVAILABLE,NONE,9160,0,P,P,0.00,released,RELEASED
2026-05-18 18:55:37.371,366.9367,,slider,0,0,0.00,1.09,8.30,AVAILABLE,NONE,9170,0,P,P,0.00,released,RELEASED
2026-05-18 18:55:37.771,367.3366,,slider,0,0,0.00,3.68,8.30,AVAILABLE,NONE,9180,0,P,P,0.00,released,RELEASED
2026-05-18 18:55:38.171,367.7366,,slider,0,0,0.00,1.91,8.30,AVAILABLE,NONE,9190,0,P,P,0.00,released,RELEASED
2026-05-18 18:55:38.572,368.1367,,slider,0,0,6.48,2.97,8.30,AVAILABLE,NONE,9200,0,P,P,0.00,released,RELEASED
2026-05-18 18:55:38.972,368.5366,,slider,0,0,0.00,4.78,8.30,AVAILABLE,NONE,9210,0,P,P,0.00,released,RELEASED
2026-05-18 18:55:39.372,368.9366,,slider,0,0,6.48,0.85,8.30,AVAILABLE,NONE,9220,0,P,P,0.00,released,RELEASED
2026-05-18 18:55:39.772,369.3367,,slider,0,0,0.00,2.86,8.30,AVAILABLE,NONE,9230,0,P,P,0.00,released,RELEASED
2026-05-18 18:55:40.172,369.7367,,slider,0,0,0.00,4.33,8.30,AVAILABLE,NONE,9240,0,P,P,0.00,released,RELEASED
2026-05-18 18:55:40.572,370.1369,,slider,0,0,6.48,2.05,8.30,AVAILABLE,NONE,9250,0,P,P,0.00,released,RELEASED
2026-05-18 18:55:40.972,370.5367,,slider,0,0,0.00,2.52,8.30,AVAILABLE,NONE,9260,0,P,P,0.00,released,RELEASED
2026-05-18 18:55:41.372,370.9369,,slider,0,0,0.00,3.71,8.30,AVAILABLE,NONE,9270,0,P,P,0.00,released,RELEASED
2026-05-18 18:55:41.773,371.3371,,slider,0,0,6.48,4.07,8.30,AVAILABLE,NONE,9280,0,P,P,0.00,released,RELEASED
2026-05-18 18:55:42.172,371.7369,,slider,0,0,6.48,4.94,8.30,AVAILABLE,NONE,9290,0,P,P,0.00,released,RELEASED
2026-05-18 18:55:42.572,372.1368,,slider,0,0,0.00,3.41,8.30,AVAILABLE,NONE,9300,0,P,P,0.00,released,RELEASED
2026-05-18 18:55:42.973,372.5371,,slider,0,0,6.48,3.83,8.30,AVAILABLE,NONE,9310,0,P,P,0.00,released,RELEASED
2026-05-18 18:55:43.373,372.9369,,slider,0,0,6.48,3.95,8.30,AVAILABLE,NONE,9320,0,P,P,0.00,released,RELEASED
2026-05-18 18:55:43.773,373.3370,,slider,0,0,0.00,1.33,8.30,AVAILABLE,NONE,9330,0,P,P,0.00,released,RELEASED
2026-05-18 18:55:44.173,373.7370,,slider,0,0,6.48,4.12,8.30,AVAILABLE,NONE,9340,0,P,P,0.00,released,RELEASED
2026-05-18 18:55:44.573,374.1370,,slider,0,0,6.48,4.02,8.30,AVAILABLE,NONE,9350,0,P,P,0.00,released,RELEASED
2026-05-18 18:55:44.973,374.5370,,slider,0,0,0.00,1.49,8.30,AVAILABLE,NONE,9360,0,P,P,0.00,released,RELEASED
2026-05-18 18:55:45.373,374.9370,,slider,0,0,0.00,0.89,8.30,AVAILABLE,NONE,9370,0,P,P,0.00,released,RELEASED
2026-05-18 18:55:45.773,375.3371,,slider,0,0,0.00,1.84,8.30,AVAILABLE,NONE,9380,0,P,P,0.00,released,RELEASED
2026-05-18 18:55:46.173,375.7371,,slider,0,0,0.00,3.25,8.30,AVAILABLE,NONE,9390,0,P,P,0.00,released,RELEASED
2026-05-18 18:55:46.573,376.1371,,slider,0,0,0.00,3.01,8.30,AVAILABLE,NONE,9400,0,P,P,0.00,released,RELEASED
2026-05-18 18:55:46.973,376.5372,,slider,0,0,6.48,2.29,8.30,AVAILABLE,NONE,9410,0,P,P,0.00,released,RELEASED
2026-05-18 18:55:47.373,376.9372,,slider,0,0,0.00,3.27,8.30,AVAILABLE,NONE,9420,0,P,P,0.00,released,RELEASED
2026-05-18 18:55:47.774,377.3372,,slider,0,0,0.00,2.67,8.30,AVAILABLE,NONE,9430,0,P,P,0.00,released,RELEASED
2026-05-18 18:55:48.174,377.7372,,slider,0,0,0.00,1.67,8.30,AVAILABLE,NONE,9440,0,P,P,0.00,released,RELEASED
2026-05-18 18:55:48.574,378.1375,,slider,0,0,0.00,2.26,8.30,AVAILABLE,NONE,9450,0,P,P,0.00,released,RELEASED
2026-05-18 18:55:48.974,378.5373,,slider,0,0,0.00,2.08,8.30,AVAILABLE,NONE,9460,0,P,P,0.00,released,RELEASED
2026-05-18 18:55:49.374,378.9374,,slider,0,0,0.00,1.73,8.30,AVAILABLE,NONE,9470,0,P,P,0.00,released,RELEASED
2026-05-18 18:55:49.774,379.3374,,slider,0,0,6.48,3.60,8.30,AVAILABLE,NONE,9480,0,P,P,0.00,released,RELEASED
2026-05-18 18:55:50.174,379.7376,,slider,0,0,0.00,1.73,8.30,AVAILABLE,NONE,9490,0,P,P,0.00,released,RELEASED
2026-05-18 18:55:50.574,380.1375,,slider,0,0,6.48,3.87,8.30,AVAILABLE,NONE,9500,0,P,P,0.00,released,RELEASED
2026-05-18 18:55:50.974,380.5374,,slider,0,0,0.00,2.88,8.30,AVAILABLE,NONE,9510,0,P,P,0.00,released,RELEASED
2026-05-18 18:55:51.374,380.9375,,slider,0,0,0.00,1.04,8.30,AVAILABLE,NONE,9520,0,P,P,0.00,released,RELEASED
2026-05-18 18:55:51.774,381.3375,,slider,0,0,0.00,2.10,8.30,AVAILABLE,NONE,9530,0,P,P,0.00,released,RELEASED
2026-05-18 18:55:52.174,381.7375,,slider,0,0,0.00,3.46,8.30,AVAILABLE,NONE,9540,0,P,P,0.00,released,RELEASED
2026-05-18 18:55:52.575,382.1377,,slider,0,0,0.00,1.72,8.30,AVAILABLE,NONE,9550,0,P,P,0.00,released,RELEASED
2026-05-18 18:55:52.975,382.5376,,slider,0,0,0.00,3.20,8.30,AVAILABLE,NONE,9560,0,P,P,0.00,released,RELEASED
2026-05-18 18:55:53.375,382.9377,,slider,0,0,0.00,3.63,8.30,AVAILABLE,NONE,9570,0,P,P,0.00,released,RELEASED
2026-05-18 18:55:53.775,383.3377,,slider,0,0,6.48,1.88,8.30,AVAILABLE,NONE,9580,0,P,P,0.00,released,RELEASED
2026-05-18 18:55:54.175,383.7377,,slider,0,0,0.00,2.20,8.30,AVAILABLE,NONE,9590,0,P,P,0.00,released,RELEASED
2026-05-18 18:55:54.575,384.1380,,slider,0,0,0.00,1.96,8.30,AVAILABLE,NONE,9600,0,P,P,0.00,released,RELEASED
2026-05-18 18:55:54.975,384.5378,,slider,0,0,6.48,3.30,8.30,AVAILABLE,NONE,9610,0,P,P,0.00,released,RELEASED
2026-05-18 18:55:55.375,384.9378,,slider,0,0,0.00,2.46,8.30,AVAILABLE,NONE,9620,0,P,P,0.00,released,RELEASED
2026-05-18 18:55:55.775,385.3379,,slider,0,0,0.00,3.42,8.30,AVAILABLE,NONE,9630,0,P,P,0.00,released,RELEASED
2026-05-18 18:55:56.176,385.7380,,slider,0,0,0.00,3.67,8.30,AVAILABLE,NONE,9640,0,P,P,0.00,released,RELEASED
2026-05-18 18:55:56.576,386.1379,,slider,0,0,0.00,2.79,8.30,AVAILABLE,NONE,9650,0,P,P,0.00,PRESSED,FAULT
2026-05-18 18:55:56.976,386.5381,,slider,0,0,0.00,0.95,8.30,AVAILABLE,NONE,9660,0,P,P,0.00,PRESSED,FAULT
2026-05-18 18:55:57.376,386.9382,,slider,0,0,0.00,3.69,8.30,AVAILABLE,NONE,9670,0,P,P,0.00,PRESSED,FAULT
2026-05-18 18:55:57.776,387.3383,,slider,0,0,6.48,0.77,8.30,AVAILABLE,NONE,9680,0,P,P,0.00,PRESSED,FAULT
2026-05-18 18:55:58.176,387.7383,,slider,0,0,6.48,2.68,8.30,AVAILABLE,NONE,9690,0,P,P,0.00,PRESSED,FAULT
2026-05-18 18:55:58.576,388.1383,,slider,0,0,6.48,5.16,8.30,AVAILABLE,NONE,9700,0,P,P,0.00,PRESSED,FAULT
2026-05-18 18:55:58.976,388.5383,,slider,0,0,0.00,1.03,8.30,AVAILABLE,NONE,9710,0,P,P,0.00,PRESSED,FAULT
2026-05-18 18:55:59.376,388.9383,,slider,0,0,6.48,2.81,8.30,AVAILABLE,NONE,9720,0,P,P,0.00,PRESSED,FAULT
2026-05-18 18:55:59.777,389.3385,,slider,0,0,6.48,4.07,8.30,AVAILABLE,NONE,9730,0,P,P,0.00,PRESSED,FAULT
2026-05-18 18:56:00.177,389.7384,,slider,0,0,6.48,2.47,8.30,AVAILABLE,NONE,9740,0,P,P,0.00,PRESSED,FAULT
2026-05-18 18:56:00.577,390.1385,,slider,0,0,6.48,1.30,8.30,AVAILABLE,NONE,9750,0,P,P,0.00,PRESSED,FAULT
2026-05-18 18:56:00.977,390.5384,,slider,0,0,6.48,2.06,8.30,AVAILABLE,NONE,9760,0,P,P,0.00,PRESSED,FAULT
2026-05-18 18:56:01.377,390.9384,,slider,0,0,6.48,1.57,8.30,AVAILABLE,NONE,9770,0,P,P,0.00,PRESSED,FAULT
2026-05-18 18:56:01.777,391.3384,,slider,0,0,6.48,2.77,8.30,AVAILABLE,NONE,9780,0,P,P,0.00,PRESSED,FAULT
2026-05-18 18:56:02.177,391.7387,,slider,0,0,0.00,2.10,8.30,AVAILABLE,NONE,9790,0,P,P,0.00,PRESSED,FAULT
2026-05-18 18:56:02.577,392.1385,,slider,0,0,0.00,3.02,8.30,AVAILABLE,NONE,9800,0,P,P,0.00,PRESSED,FAULT
2026-05-18 18:56:02.977,392.5385,,slider,0,0,0.00,2.75,8.30,AVAILABLE,NONE,9810,0,P,P,0.00,PRESSED,FAULT
2026-05-18 18:56:03.377,392.9386,,slider,0,0,6.48,2.30,8.30,AVAILABLE,NONE,9820,0,P,P,0.00,PRESSED,FAULT
2026-05-18 18:56:03.777,393.3386,,slider,0,0,0.00,1.24,8.30,AVAILABLE,NONE,9830,0,P,P,0.00,PRESSED,FAULT
2026-05-18 18:56:04.177,393.7385,,slider,0,0,0.00,3.46,8.30,AVAILABLE,NONE,9840,0,P,P,0.00,PRESSED,FAULT
2026-05-18 18:56:04.578,394.1392,,slider,0,0,0.00,2.00,8.30,AVAILABLE,NONE,9850,0,P,P,0.00,released,RELEASED
2026-05-18 18:56:04.978,394.5387,,slider,0,0,6.48,1.93,8.30,AVAILABLE,NONE,9860,0,P,P,0.00,released,RELEASED
2026-05-18 18:56:05.378,394.9388,,slider,0,0,0.00,2.41,8.30,AVAILABLE,NONE,9870,0,P,P,0.00,released,RELEASED
2026-05-18 18:56:05.778,395.3387,,slider,0,0,6.48,2.77,8.30,AVAILABLE,NONE,9880,0,P,P,0.00,released,RELEASED
2026-05-18 18:56:06.178,395.7388,,slider,0,0,6.48,2.76,8.30,AVAILABLE,NONE,9890,0,P,P,0.00,released,RELEASED
2026-05-18 18:56:06.578,396.1391,,slider,0,0,6.48,0.58,8.30,AVAILABLE,NONE,9900,0,P,P,0.00,released,RELEASED
2026-05-18 18:56:06.978,396.5389,,slider,0,0,6.48,3.68,8.30,AVAILABLE,NONE,9910,0,P,P,0.00,released,RELEASED
2026-05-18 18:56:07.378,396.9392,,slider,0,0,6.48,3.51,8.30,AVAILABLE,NONE,9920,0,P,P,0.00,released,RELEASED
2026-05-18 18:56:07.778,397.3392,,slider,0,0,0.00,1.30,8.30,AVAILABLE,NONE,9930,0,P,P,0.00,released,RELEASED
2026-05-18 18:56:08.179,397.7393,,slider,0,0,0.00,2.77,8.30,AVAILABLE,NONE,9940,0,P,P,0.00,released,RELEASED
2026-05-18 18:56:08.579,398.1393,,slider,0,0,0.00,1.55,8.30,AVAILABLE,NONE,9950,0,P,P,0.00,released,RELEASED
2026-05-18 18:56:08.979,398.5394,,slider,0,0,6.48,3.13,8.30,AVAILABLE,NONE,9960,0,P,P,0.00,released,RELEASED
2026-05-18 18:56:09.379,398.9394,,slider,0,0,6.48,3.14,8.30,AVAILABLE,NONE,9970,0,P,P,0.00,released,RELEASED
2026-05-18 18:56:09.779,399.3394,,slider,0,0,0.00,4.09,8.30,AVAILABLE,NONE,9980,0,P,P,0.00,released,RELEASED
2026-05-18 18:56:10.179,399.7395,,slider,0,0,0.00,2.35,8.30,AVAILABLE,NONE,9990,0,P,P,0.00,released,RELEASED
2026-05-18 18:56:10.579,400.1396,,slider,0,0,0.00,3.09,8.30,AVAILABLE,NONE,10000,0,P,P,0.00,released,RELEASED
2026-05-18 18:56:10.979,400.5396,,slider,0,0,0.00,0.52,8.30,AVAILABLE,NONE,10010,0,P,P,0.00,released,RELEASED
2026-05-18 18:56:11.379,400.9396,,slider,0,0,0.00,1.62,8.30,AVAILABLE,NONE,10020,0,P,P,0.00,released,RELEASED
2026-05-18 18:56:11.780,401.3399,,slider,0,0,6.48,4.26,8.30,AVAILABLE,NONE,10030,0,P,P,0.00,released,RELEASED
2026-05-18 18:56:12.180,401.7397,,slider,0,0,6.48,2.47,8.30,AVAILABLE,NONE,10040,0,P,P,0.00,released,RELEASED
2026-05-18 18:56:12.580,402.1395,,slider,0,0,0.00,1.97,8.30,AVAILABLE,NONE,10050,0,P,P,0.00,released,RELEASED
2026-05-18 18:56:12.980,402.5400,,slider,0,0,0.00,3.95,8.30,AVAILABLE,NONE,10060,0,P,P,0.00,released,RELEASED
2026-05-18 18:56:13.380,402.9398,,slider,0,0,0.00,1.22,8.30,AVAILABLE,NONE,10070,0,P,P,0.00,released,RELEASED
2026-05-18 18:56:13.780,403.3401,,slider,0,0,0.00,2.79,8.30,AVAILABLE,NONE,10080,0,P,P,0.00,released,RELEASED
2026-05-18 18:56:14.034,403.5941,engage,slider,1,0,8.30,8.30,8.30,AVAILABLE,NONE,10086,0,P,P,0.00,released,RELEASED
2026-05-18 18:56:14.100,403.6598,eac_transition:ACTIVE,slider,1,0,0.00,7.32,8.30,ACTIVE,NONE,10088,0,P,P,0.00,released,RELEASED
2026-05-18 18:56:14.180,403.7401,,slider,1,0,0.00,4.44,8.00,ACTIVE,NONE,10090,0,P,P,0.00,released,RELEASED
2026-05-18 18:56:14.580,404.1401,,slider,1,0,0.00,3.05,3.40,ACTIVE,NONE,10100,0,P,P,0.00,released,RELEASED
2026-05-18 18:56:14.980,404.5400,,slider,1,0,6.48,4.44,2.80,ACTIVE,NONE,10110,0,P,P,0.00,released,RELEASED
2026-05-18 18:56:15.380,404.9400,,slider,1,0,6.48,0.92,2.70,ACTIVE,NONE,10120,0,P,P,0.00,released,RELEASED
2026-05-18 18:56:15.781,405.3403,,slider,1,0,0.00,2.27,2.40,ACTIVE,NONE,10130,0,P,P,0.00,released,RELEASED
2026-05-18 18:56:16.181,405.7401,,slider,1,0,0.00,0.85,1.50,ACTIVE,NONE,10140,0,P,P,0.00,released,RELEASED
2026-05-18 18:56:16.581,406.1401,,slider,1,0,0.00,0.57,0.70,ACTIVE,NONE,10150,0,P,P,0.00,released,RELEASED
2026-05-18 18:56:16.981,406.5401,,slider,1,0,6.48,3.93,0.90,ACTIVE,NONE,10160,0,P,P,0.00,released,RELEASED
2026-05-18 18:56:17.381,406.9400,,slider,1,0,21.74,14.56,7.70,ACTIVE,NONE,10170,0,P,P,0.00,released,RELEASED
2026-05-18 18:56:17.781,407.3400,,slider,1,0,49.05,39.98,25.10,ACTIVE,NONE,10180,0,P,P,0.00,released,RELEASED
2026-05-18 18:56:18.182,407.7407,,slider,1,0,98.48,78.77,61.90,ACTIVE,NONE,10190,0,P,P,0.00,released,RELEASED
2026-05-18 18:56:18.581,408.1405,,slider,1,0,146.25,129.52,109.30,ACTIVE,NONE,10200,0,P,P,0.00,released,RELEASED
2026-05-18 18:56:18.981,408.5404,,slider,1,0,160.70,167.04,156.80,ACTIVE,NONE,10210,0,P,P,0.00,released,RELEASED
2026-05-18 18:56:19.381,408.9404,,slider,1,0,101.39,109.68,130.20,ACTIVE,NONE,10220,0,P,P,0.00,released,RELEASED
2026-05-18 18:56:19.781,409.3404,,slider,1,0,17.35,56.70,83.80,ACTIVE,NONE,10230,0,P,P,0.00,released,RELEASED
2026-05-18 18:56:20.182,409.7405,,slider,1,0,0.00,3.48,14.40,ACTIVE,NONE,10240,0,P,P,0.00,released,RELEASED
2026-05-18 18:56:20.582,410.1405,,slider,1,0,-46.69,-32.46,-18.60,ACTIVE,NONE,10250,0,P,P,0.00,released,RELEASED
2026-05-18 18:56:20.982,410.5406,,slider,1,0,-107.31,-86.01,-63.60,ACTIVE,NONE,10260,0,P,P,0.00,released,RELEASED
2026-05-18 18:56:21.382,410.9406,,slider,1,0,-160.70,-149.77,-132.20,ACTIVE,NONE,10270,0,P,P,0.00,released,RELEASED
2026-05-18 18:56:21.782,411.3411,,slider,1,0,-288.21,-219.99,-196.00,ACTIVE,NONE,10280,0,P,P,0.00,released,RELEASED
2026-05-18 18:56:22.182,411.7408,,slider,1,0,-261.62,-291.99,-267.90,ACTIVE,NONE,10290,0,P,P,0.00,released,RELEASED
2026-05-18 18:56:22.582,412.1409,,slider,1,0,-213.70,-231.99,-261.50,ACTIVE,NONE,10300,0,P,P,0.00,released,RELEASED
2026-05-18 18:56:22.983,412.5410,,slider,1,0,-101.39,-171.37,-197.80,ACTIVE,NONE,10310,0,P,P,0.00,released,RELEASED
2026-05-18 18:56:23.382,412.9408,,slider,1,0,-44.35,-99.37,-124.10,ACTIVE,NONE,10320,0,P,P,0.00,released,RELEASED
2026-05-18 18:56:23.783,413.3411,,slider,1,0,0.00,-27.37,-52.30,ACTIVE,NONE,10330,0,P,P,0.00,released,RELEASED
2026-05-18 18:56:24.182,413.7407,,slider,1,0,10.82,2.99,-3.80,ACTIVE,NONE,10340,0,P,P,0.00,released,RELEASED
2026-05-18 18:56:24.583,414.1410,,slider,1,0,15.17,21.14,20.20,ACTIVE,NONE,10350,0,P,P,0.00,released,RELEASED
2026-05-18 18:56:24.983,414.5408,,slider,1,0,-37.43,-18.50,4.10,ACTIVE,NONE,10360,0,P,P,0.00,released,RELEASED
2026-05-18 18:56:25.383,414.9411,,slider,1,0,6.48,-21.21,-30.00,ACTIVE,NONE,10370,0,P,P,0.00,released,RELEASED
2026-05-18 18:56:25.783,415.3410,,slider,1,0,28.40,33.79,13.00,ACTIVE,NONE,10380,0,P,P,0.00,released,RELEASED
2026-05-18 18:56:26.183,415.7411,,slider,1,0,-35.15,-7.69,11.80,ACTIVE,NONE,10390,0,P,P,0.00,released,RELEASED
2026-05-18 18:56:26.583,416.1411,,slider,1,0,6.48,-15.78,-21.30,ACTIVE,NONE,10400,0,P,P,0.00,released,RELEASED
2026-05-18 18:56:26.983,416.5410,,slider,1,0,6.48,1.95,-4.10,ACTIVE,NONE,10410,0,P,P,0.00,released,RELEASED
2026-05-18 18:56:27.383,416.9411,,slider,1,0,0.00,3.75,0.10,ACTIVE,NONE,10420,0,P,P,0.00,released,RELEASED
2026-05-18 18:56:27.783,417.3412,,slider,1,0,0.00,4.94,3.20,ACTIVE,NONE,10430,0,P,P,0.00,released,RELEASED
2026-05-18 18:56:28.184,417.7413,,slider,1,0,0.00,2.05,3.80,ACTIVE,NONE,10440,0,P,P,0.00,released,RELEASED
2026-05-18 18:56:28.584,418.1413,,slider,1,0,0.00,1.47,2.90,ACTIVE,NONE,10450,0,P,P,0.00,released,RELEASED
2026-05-18 18:56:28.984,418.5415,,slider,1,0,0.00,1.49,1.70,ACTIVE,NONE,10460,0,P,P,0.00,released,RELEASED
2026-05-18 18:56:29.384,418.9414,,slider,1,0,6.48,3.57,1.90,ACTIVE,NONE,10470,0,P,P,0.00,released,RELEASED
2026-05-18 18:56:29.784,419.3412,,slider,1,0,6.48,2.96,1.90,ACTIVE,NONE,10480,0,P,P,0.00,released,RELEASED
2026-05-18 18:56:30.184,419.7414,,slider,1,0,6.48,2.90,2.30,ACTIVE,NONE,10490,0,P,P,0.00,released,RELEASED
2026-05-18 18:56:30.584,420.1411,,slider,1,0,6.48,1.49,2.90,ACTIVE,NONE,10500,0,P,P,0.00,released,RELEASED
2026-05-18 18:56:30.984,420.5413,,slider,1,0,6.48,3.17,2.10,ACTIVE,NONE,10510,0,P,P,0.00,released,RELEASED
2026-05-18 18:56:31.384,420.9411,,slider,1,0,0.00,3.29,2.20,ACTIVE,NONE,10520,0,P,P,0.00,released,RELEASED
2026-05-18 18:56:31.784,421.3412,,slider,1,0,0.00,0.87,2.20,ACTIVE,NONE,10530,0,P,P,0.00,released,RELEASED
2026-05-18 18:56:32.184,421.7414,,slider,1,0,0.00,3.45,2.10,ACTIVE,NONE,10540,0,P,P,0.00,PRESSED,FAULT
2026-05-18 18:56:32.584,422.1413,,slider,1,0,6.48,2.21,2.70,ACTIVE,NONE,10550,0,P,P,0.00,PRESSED,FAULT
2026-05-18 18:56:32.984,422.5414,,slider,1,0,6.48,2.09,2.70,ACTIVE,NONE,10560,0,P,P,0.00,PRESSED,FAULT
2026-05-18 18:56:33.385,422.9414,,slider,1,0,0.00,2.50,2.60,ACTIVE,NONE,10570,0,P,P,0.00,PRESSED,FAULT
2026-05-18 18:56:33.784,423.3412,,slider,1,0,0.00,1.75,2.30,ACTIVE,NONE,10580,0,P,P,0.00,PRESSED,FAULT
2026-05-18 18:56:34.185,423.7417,,slider,1,0,0.00,4.16,1.60,ACTIVE,NONE,10590,0,P,P,0.00,PRESSED,FAULT
2026-05-18 18:56:34.585,424.1415,,slider,1,0,6.48,1.73,2.10,ACTIVE,NONE,10600,0,P,P,0.00,PRESSED,FAULT
2026-05-18 18:56:34.985,424.5417,,slider,1,0,6.48,2.21,2.10,ACTIVE,NONE,10610,0,P,P,0.00,PRESSED,FAULT
2026-05-18 18:56:35.385,424.9415,,slider,1,0,6.48,2.69,3.30,ACTIVE,NONE,10620,0,P,P,0.00,PRESSED,FAULT
2026-05-18 18:56:35.785,425.3416,,slider,1,0,0.00,1.58,3.00,ACTIVE,NONE,10630,0,P,P,0.00,PRESSED,FAULT
2026-05-18 18:56:36.185,425.7416,,slider,1,0,6.48,2.99,2.80,ACTIVE,NONE,10640,0,P,P,0.00,PRESSED,FAULT
2026-05-18 18:56:36.585,426.1418,,slider,1,0,6.48,3.56,2.80,ACTIVE,NONE,10650,0,P,P,0.00,PRESSED,FAULT
2026-05-18 18:56:36.985,426.5416,,slider,1,0,0.00,3.10,2.90,ACTIVE,NONE,10660,0,P,P,0.00,PRESSED,FAULT
2026-05-18 18:56:37.385,426.9417,,slider,1,0,0.00,3.27,2.80,ACTIVE,NONE,10670,0,P,P,0.00,PRESSED,FAULT
2026-05-18 18:56:37.786,427.3417,,slider,1,0,6.48,4.37,2.90,ACTIVE,NONE,10680,0,P,P,0.00,PRESSED,FAULT
2026-05-18 18:56:38.186,427.7418,,slider,1,0,0.00,2.10,3.60,ACTIVE,NONE,10690,0,P,P,0.00,PRESSED,FAULT
2026-05-18 18:56:38.586,428.1418,,slider,1,0,6.48,2.79,2.80,ACTIVE,NONE,10700,0,P,P,0.00,PRESSED,FAULT
2026-05-18 18:56:38.986,428.5418,,slider,1,0,6.48,3.89,3.10,ACTIVE,NONE,10710,0,P,P,0.00,PRESSED,FAULT
2026-05-18 18:56:39.386,428.9419,,slider,1,0,0.00,4.32,3.20,ACTIVE,NONE,10720,0,P,P,0.00,PRESSED,FAULT
2026-05-18 18:56:39.786,429.3419,,slider,1,0,0.00,3.37,3.10,ACTIVE,NONE,10730,0,P,P,0.00,PRESSED,FAULT
2026-05-18 18:56:39.897,429.4525,shift_requested:R,slider,1,0,0.00,3.39,3.10,ACTIVE,NONE,10732,0,P,P,0.00,PRESSED,FAULT
2026-05-18 18:56:39.937,429.4925,gear_change:R,slider,1,0,0.00,1.41,3.10,ACTIVE,NONE,10734,0,R,R,0.00,PRESSED,FAULT
2026-05-18 18:56:40.012,429.5676,eac_transition:AVAILABLE,slider,0,0,0.00,0.12,1.70,AVAILABLE,NONE,10736,0,R,R,0.00,PRESSED,FAULT
2026-05-18 18:56:40.186,429.7423,,slider,0,0,0.00,0.00,-4.90,AVAILABLE,NONE,10740,0,R,R,0.00,PRESSED,FAULT
2026-05-18 18:56:40.586,430.1419,,slider,0,0,0.00,0.00,-4.40,AVAILABLE,NONE,10750,0,R,R,0.00,PRESSED,FAULT
2026-05-18 18:56:40.986,430.5420,,slider,0,0,0.00,0.00,-4.40,AVAILABLE,NONE,10760,0,R,R,0.00,PRESSED,FAULT
2026-05-18 18:56:41.386,430.9420,,slider,0,0,0.00,0.00,-4.40,AVAILABLE,NONE,10770,0,R,R,0.00,released,RELEASED
2026-05-18 18:56:41.786,431.3421,,slider,0,0,0.00,0.28,-4.40,AVAILABLE,NONE,10780,0,R,R,0.00,released,RELEASED
2026-05-18 18:56:42.186,431.7420,,slider,0,0,0.00,0.01,-4.40,AVAILABLE,NONE,10790,0,R,R,0.00,released,RELEASED
2026-05-18 18:56:42.587,432.1420,,slider,0,0,0.00,0.00,-4.40,AVAILABLE,NONE,10800,0,R,R,0.00,released,RELEASED
2026-05-18 18:56:42.987,432.5422,,slider,0,0,0.00,0.00,-4.40,AVAILABLE,NONE,10810,0,R,R,0.00,released,RELEASED
2026-05-18 18:56:43.387,432.9421,,slider,0,0,0.00,0.52,-4.40,AVAILABLE,NONE,10820,0,R,R,0.00,released,RELEASED
2026-05-18 18:56:43.787,433.3421,,slider,0,0,0.00,0.03,-4.40,AVAILABLE,NONE,10830,0,R,R,0.00,released,RELEASED
2026-05-18 18:56:44.187,433.7422,,slider,0,0,0.00,0.00,-4.40,AVAILABLE,NONE,10840,0,R,R,0.00,released,RELEASED
2026-05-18 18:56:44.587,434.1423,,slider,0,0,0.00,0.00,-4.40,AVAILABLE,NONE,10850,0,R,R,0.00,released,RELEASED
2026-05-18 18:56:44.987,434.5422,,slider,0,0,0.00,0.00,-4.40,AVAILABLE,NONE,10860,0,R,R,0.00,released,RELEASED
2026-05-18 18:56:45.387,434.9424,,slider,0,0,0.00,0.00,-4.40,AVAILABLE,NONE,10870,0,R,R,0.00,released,RELEASED
2026-05-18 18:56:45.787,435.3423,,slider,0,0,0.00,0.00,-4.40,AVAILABLE,NONE,10880,0,R,R,0.00,released,RELEASED
2026-05-18 18:56:46.187,435.7423,,slider,0,0,0.00,0.00,-4.40,AVAILABLE,NONE,10890,0,R,R,0.00,released,RELEASED
2026-05-18 18:56:46.587,436.1423,,slider,0,0,0.00,0.00,-4.40,AVAILABLE,NONE,10900,0,R,R,0.00,released,RELEASED
2026-05-18 18:56:46.988,436.5423,,slider,0,0,0.00,0.00,-4.40,AVAILABLE,NONE,10910,0,R,R,0.00,released,RELEASED
2026-05-18 18:56:47.388,436.9424,,slider,0,0,0.00,0.00,-4.40,AVAILABLE,NONE,10920,0,R,R,0.00,released,RELEASED
2026-05-18 18:56:47.788,437.3425,,slider,0,0,0.00,0.00,-4.40,AVAILABLE,NONE,10930,0,R,R,0.00,released,RELEASED
2026-05-18 18:56:48.188,437.7424,,slider,0,0,0.00,0.00,-4.40,AVAILABLE,NONE,10940,0,R,R,0.00,released,RELEASED
2026-05-18 18:56:48.588,438.1428,,slider,0,0,0.00,0.00,-4.40,AVAILABLE,NONE,10950,0,R,R,0.00,released,RELEASED
2026-05-18 18:56:48.988,438.5426,,slider,0,0,0.00,0.00,-4.40,AVAILABLE,NONE,10960,0,R,R,0.00,released,RELEASED
2026-05-18 18:56:49.388,438.9426,,slider,0,0,0.00,0.00,-4.40,AVAILABLE,NONE,10970,0,R,R,0.00,released,RELEASED
2026-05-18 18:56:49.788,439.3426,,slider,0,0,0.00,0.00,-4.40,AVAILABLE,NONE,10980,0,R,R,0.00,released,RELEASED
2026-05-18 18:56:50.188,439.7426,,slider,0,0,0.00,0.00,-4.40,AVAILABLE,NONE,10990,0,R,R,0.00,released,RELEASED
2026-05-18 18:56:50.588,440.1426,,slider,0,0,0.00,0.22,-4.40,AVAILABLE,NONE,11000,0,R,R,0.00,released,RELEASED
2026-05-18 18:56:50.988,440.5427,,slider,0,0,0.00,0.01,-4.40,AVAILABLE,NONE,11010,0,R,R,0.00,released,RELEASED
2026-05-18 18:56:51.389,440.9427,,slider,0,0,0.00,0.00,-4.40,AVAILABLE,NONE,11020,0,R,R,0.00,released,RELEASED
2026-05-18 18:56:51.789,441.3427,,slider,0,0,0.00,0.00,-4.40,AVAILABLE,NONE,11030,0,R,R,0.00,released,RELEASED
2026-05-18 18:56:52.189,441.7428,,slider,0,0,0.00,0.00,-4.40,AVAILABLE,NONE,11040,0,R,R,0.00,released,RELEASED
2026-05-18 18:56:52.589,442.1428,,slider,0,0,0.00,0.00,-4.40,AVAILABLE,NONE,11050,0,R,R,0.00,released,RELEASED
2026-05-18 18:56:52.989,442.5427,,slider,0,0,0.00,0.00,-4.40,AVAILABLE,NONE,11060,0,R,R,0.00,PRESSED,FAULT
2026-05-18 18:56:53.246,442.7996,shift_requested:N,slider,0,0,0.00,0.00,-4.40,AVAILABLE,NONE,11066,0,R,R,0.00,PRESSED,FAULT
2026-05-18 18:56:53.374,442.9283,,slider,0,0,6.48,3.02,-4.50,AVAILABLE,NONE,11070,0,R,N,0.00,PRESSED,FAULT
2026-05-18 18:56:53.529,443.0832,gear_change:N,slider,0,0,6.48,2.12,-4.50,AVAILABLE,NONE,11073,0,N,N,0.00,PRESSED,FAULT
2026-05-18 18:56:53.789,443.3428,,slider,0,0,6.48,1.57,-4.50,AVAILABLE,NONE,11080,0,N,N,0.00,PRESSED,FAULT
2026-05-18 18:56:54.189,443.7429,,slider,0,0,6.48,2.03,-4.50,AVAILABLE,NONE,11090,0,N,N,0.00,PRESSED,FAULT
2026-05-18 18:56:54.531,444.0846,shift_requested:R,slider,0,0,0.00,0.49,-4.50,AVAILABLE,NONE,11098,0,N,N,0.00,PRESSED,FAULT
2026-05-18 18:56:54.560,444.1135,gear_change:R,slider,0,0,0.00,0.20,-4.50,AVAILABLE,NONE,11099,0,R,R,0.00,PRESSED,FAULT
2026-05-18 18:56:54.575,444.1282,,slider,0,0,0.00,0.12,-4.50,AVAILABLE,NONE,11100,0,R,R,0.00,PRESSED,FAULT
2026-05-18 18:56:54.989,444.5429,,slider,0,0,0.00,0.00,-4.50,AVAILABLE,NONE,11110,0,R,R,0.00,released,RELEASED
2026-05-18 18:56:55.389,444.9429,,slider,0,0,0.00,0.00,-4.50,AVAILABLE,NONE,11120,0,R,R,0.00,PRESSED,FAULT
2026-05-18 18:56:55.685,445.2385,shift_requested:N,slider,0,0,6.48,0.00,-4.50,AVAILABLE,NONE,11127,0,R,R,0.00,PRESSED,FAULT
2026-05-18 18:56:55.775,445.3285,,slider,0,0,6.48,5.33,-4.50,AVAILABLE,NONE,11130,0,R,N,0.00,PRESSED,FAULT
2026-05-18 18:56:55.970,445.5239,gear_change:N,slider,0,0,0.00,3.98,-4.50,AVAILABLE,NONE,11134,0,N,N,0.00,PRESSED,FAULT
2026-05-18 18:56:56.189,445.7429,,slider,0,0,6.48,5.16,-4.50,AVAILABLE,NONE,11140,0,N,N,0.00,PRESSED,FAULT
2026-05-18 18:56:56.590,446.1430,,slider,0,0,6.48,1.51,-4.50,AVAILABLE,NONE,11150,0,N,N,0.00,PRESSED,FAULT
2026-05-18 18:56:56.990,446.5430,,slider,0,0,6.48,3.34,-4.50,AVAILABLE,NONE,11160,0,N,N,0.00,PRESSED,FAULT
2026-05-18 18:56:57.390,446.9430,,slider,0,0,6.48,3.56,-4.50,AVAILABLE,NONE,11170,0,N,N,0.00,PRESSED,FAULT
2026-05-18 18:56:57.790,447.3431,,slider,0,0,0.00,3.68,-4.50,AVAILABLE,NONE,11180,0,N,N,0.00,PRESSED,FAULT
2026-05-18 18:56:58.190,447.7431,,slider,0,0,0.00,3.17,-4.50,AVAILABLE,NONE,11190,0,N,N,0.00,PRESSED,FAULT
2026-05-18 18:56:58.590,448.1431,,slider,0,0,6.48,4.50,-4.50,AVAILABLE,NONE,11200,0,N,N,0.00,released,RELEASED
2026-05-18 18:56:58.990,448.5432,,slider,0,0,6.48,1.20,-4.50,AVAILABLE,NONE,11210,0,N,N,0.00,released,RELEASED
2026-05-18 18:56:59.390,448.9431,,slider,0,0,6.48,4.52,-4.50,AVAILABLE,NONE,11220,0,N,N,0.00,released,RELEASED
2026-05-18 18:56:59.790,449.3432,,slider,0,0,0.00,1.62,-4.50,AVAILABLE,NONE,11230,0,N,N,0.00,released,RELEASED
2026-05-18 18:57:00.190,449.7433,,slider,0,0,6.48,1.64,-4.50,AVAILABLE,NONE,11240,0,N,N,0.00,released,RELEASED
2026-05-18 18:57:00.590,450.1432,,slider,0,0,0.00,1.86,-4.50,AVAILABLE,NONE,11250,0,N,N,0.00,released,RELEASED
2026-05-18 18:57:00.991,450.5433,,slider,0,0,0.00,0.95,-4.50,AVAILABLE,NONE,11260,0,N,N,0.00,released,RELEASED
2026-05-18 18:57:01.391,450.9433,,slider,0,0,6.48,3.52,-4.50,AVAILABLE,NONE,11270,0,N,N,0.00,released,RELEASED
2026-05-18 18:57:01.791,451.3433,,slider,0,0,6.48,2.21,-4.50,AVAILABLE,NONE,11280,0,N,N,0.00,released,RELEASED
2026-05-18 18:57:02.191,451.7433,,slider,0,0,0.00,1.57,-4.50,AVAILABLE,NONE,11290,0,N,N,0.00,released,RELEASED
2026-05-18 18:57:02.591,452.1433,,slider,0,0,6.48,3.94,-4.50,AVAILABLE,NONE,11300,0,N,N,0.00,PRESSED,FAULT
2026-05-18 18:57:02.612,452.1648,shift_requested:D,slider,0,0,0.00,3.74,-4.50,AVAILABLE,NONE,11300,0,N,N,0.00,PRESSED,FAULT
2026-05-18 18:57:02.642,452.1941,gear_change:D,slider,0,0,0.00,1.77,-4.50,AVAILABLE,NONE,11301,0,D,D,0.00,PRESSED,FAULT
2026-05-18 18:57:02.991,452.5434,,slider,0,0,0.00,0.00,-4.50,AVAILABLE,NONE,11310,0,D,D,0.10,PRESSED,FAULT
2026-05-18 18:57:03.391,452.9434,,slider,0,0,0.00,0.00,-4.50,AVAILABLE,NONE,11320,0,D,D,0.10,PRESSED,FAULT
2026-05-18 18:57:03.791,453.3434,,slider,0,0,0.00,0.00,-4.50,AVAILABLE,NONE,11330,0,D,D,0.10,PRESSED,FAULT
2026-05-18 18:57:04.191,453.7435,,slider,0,0,0.00,0.00,-4.50,AVAILABLE,NONE,11340,0,D,D,0.00,PRESSED,FAULT
2026-05-18 18:57:04.591,454.1434,,slider,0,0,0.00,0.00,-4.50,AVAILABLE,NONE,11350,0,D,D,0.00,PRESSED,FAULT
2026-05-18 18:57:04.991,454.5435,,slider,0,0,0.00,0.00,-4.50,AVAILABLE,NONE,11360,0,D,D,0.00,PRESSED,FAULT
2026-05-18 18:57:05.391,454.9435,,slider,0,0,0.00,0.00,-4.50,AVAILABLE,NONE,11370,0,D,D,0.00,released,RELEASED
2026-05-18 18:57:05.792,455.3435,,slider,0,0,0.00,0.00,-4.50,AVAILABLE,NONE,11380,0,D,D,0.00,released,RELEASED
2026-05-18 18:57:06.192,455.7436,,slider,0,0,0.00,0.00,-4.50,AVAILABLE,NONE,11390,0,D,D,0.00,released,RELEASED
2026-05-18 18:57:06.592,456.1435,,slider,0,0,0.00,0.00,-4.50,AVAILABLE,NONE,11400,0,D,D,0.00,released,RELEASED
2026-05-18 18:57:06.992,456.5436,,slider,0,0,0.00,0.00,-4.50,AVAILABLE,NONE,11410,0,D,D,0.00,released,RELEASED
2026-05-18 18:57:07.392,456.9436,,slider,0,0,0.00,0.00,-4.50,AVAILABLE,NONE,11420,0,D,D,0.00,released,RELEASED
2026-05-18 18:57:07.792,457.3437,,slider,0,0,0.00,0.00,-4.50,AVAILABLE,NONE,11430,0,D,D,0.00,released,RELEASED
2026-05-18 18:57:08.192,457.7437,,slider,0,0,0.00,0.36,-4.50,AVAILABLE,NONE,11440,0,D,D,0.00,released,RELEASED
2026-05-18 18:57:08.592,458.1437,,slider,0,0,0.00,0.10,-4.50,AVAILABLE,NONE,11450,0,D,D,0.00,released,RELEASED
2026-05-18 18:57:08.992,458.5438,,slider,0,0,0.00,0.00,-4.50,AVAILABLE,NONE,11460,0,D,D,0.00,released,RELEASED
2026-05-18 18:57:09.392,458.9438,,slider,0,0,0.00,0.00,-4.50,AVAILABLE,NONE,11470,0,D,D,0.00,released,RELEASED
2026-05-18 18:57:09.793,459.3439,,slider,0,0,0.00,0.00,-4.50,AVAILABLE,NONE,11480,0,D,D,0.00,released,RELEASED
2026-05-18 18:57:10.193,459.7439,,slider,0,0,0.00,0.00,-4.50,AVAILABLE,NONE,11490,0,D,D,0.00,released,RELEASED
2026-05-18 18:57:10.593,460.1439,,slider,0,0,0.00,0.00,-4.50,AVAILABLE,NONE,11500,0,D,D,0.00,released,RELEASED
2026-05-18 18:57:10.993,460.5440,,slider,0,0,0.00,0.00,-4.50,AVAILABLE,NONE,11510,0,D,D,0.00,released,RELEASED
2026-05-18 18:57:11.393,460.9440,,slider,0,0,0.00,0.00,-4.50,AVAILABLE,NONE,11520,0,D,D,0.00,released,RELEASED
2026-05-18 18:57:11.793,461.3440,,slider,0,0,0.00,0.00,-4.50,AVAILABLE,NONE,11530,0,D,D,0.00,released,RELEASED
2026-05-18 18:57:12.193,461.7441,,slider,0,0,0.00,0.00,-4.50,AVAILABLE,NONE,11540,0,D,D,0.00,released,RELEASED
2026-05-18 18:57:12.593,462.1441,,slider,0,0,0.00,0.00,-4.50,AVAILABLE,NONE,11550,0,D,D,0.00,released,RELEASED
2026-05-18 18:57:12.993,462.5441,,slider,0,0,0.00,0.00,-4.50,AVAILABLE,NONE,11560,0,D,D,0.00,released,RELEASED
2026-05-18 18:57:13.393,462.9441,,slider,0,0,0.00,0.00,-4.50,AVAILABLE,NONE,11570,0,D,D,0.00,released,RELEASED
2026-05-18 18:57:13.775,463.3256,,slider,0,0,0.00,0.00,-4.50,AVAILABLE,NONE,11580,0,D,D,0.00,released,RELEASED
2026-05-18 18:57:14.194,463.7442,,slider,0,0,0.00,0.00,-4.50,AVAILABLE,NONE,11590,0,D,D,0.00,released,RELEASED
2026-05-18 18:57:14.594,464.1443,,slider,0,0,0.00,0.00,-4.50,AVAILABLE,NONE,11600,0,D,D,0.00,released,RELEASED
2026-05-18 18:57:14.975,464.5256,,slider,0,0,0.00,0.00,-4.50,AVAILABLE,NONE,11610,0,D,D,0.00,released,RELEASED
2026-05-18 18:57:15.394,464.9443,,slider,0,0,0.00,0.00,-4.50,AVAILABLE,NONE,11620,0,D,D,0.00,released,RELEASED
2026-05-18 18:57:15.794,465.3443,,slider,0,0,0.00,0.00,-4.50,AVAILABLE,NONE,11630,0,D,D,0.00,released,RELEASED
2026-05-18 18:57:16.175,465.7256,,slider,0,0,0.00,0.00,-4.50,AVAILABLE,NONE,11640,0,D,D,0.00,released,RELEASED
2026-05-18 18:57:16.594,466.1444,,slider,0,0,0.00,0.00,-4.50,AVAILABLE,NONE,11650,0,D,D,0.00,released,RELEASED
2026-05-18 18:57:16.994,466.5444,,slider,0,0,0.00,0.00,-4.50,AVAILABLE,NONE,11660,0,D,D,0.00,released,RELEASED
2026-05-18 18:57:17.375,466.9256,,slider,0,0,0.00,0.00,-4.50,AVAILABLE,NONE,11670,0,D,D,0.00,released,RELEASED
2026-05-18 18:57:17.794,467.3445,,slider,0,0,0.00,0.00,-4.50,AVAILABLE,NONE,11680,0,D,D,0.00,released,RELEASED
2026-05-18 18:57:18.194,467.7445,,slider,0,0,0.00,0.00,-4.50,AVAILABLE,NONE,11690,0,D,D,0.00,released,RELEASED
2026-05-18 18:57:18.576,468.1257,,slider,0,0,0.00,0.00,-4.50,AVAILABLE,NONE,11700,0,D,D,0.00,PRESSED,FAULT
2026-05-18 18:57:18.995,468.5446,,slider,0,0,0.00,0.00,-4.50,AVAILABLE,NONE,11710,0,D,D,0.00,PRESSED,FAULT
2026-05-18 18:57:19.395,468.9446,,slider,0,0,0.00,0.00,-4.60,AVAILABLE,NONE,11720,0,D,D,0.00,PRESSED,FAULT
2026-05-18 18:57:19.776,469.3258,,slider,0,0,0.00,0.00,-4.60,AVAILABLE,NONE,11730,0,D,D,0.00,PRESSED,FAULT
2026-05-18 18:57:20.195,469.7446,,slider,0,0,0.00,0.00,-4.60,AVAILABLE,NONE,11740,0,D,D,0.00,PRESSED,FAULT
2026-05-18 18:57:20.595,470.1447,,slider,0,0,0.00,0.00,-4.60,AVAILABLE,NONE,11750,0,D,D,0.00,PRESSED,FAULT
2026-05-18 18:57:20.995,470.5447,,slider,0,0,0.00,0.60,-4.60,AVAILABLE,NONE,11760,0,D,D,0.00,PRESSED,FAULT
2026-05-18 18:57:21.395,470.9448,,slider,0,0,0.00,0.03,-4.60,AVAILABLE,NONE,11770,0,D,D,0.00,PRESSED,FAULT
2026-05-18 18:57:21.795,471.3447,,slider,0,0,0.00,0.00,-4.60,AVAILABLE,NONE,11780,0,D,D,0.00,PRESSED,FAULT
2026-05-18 18:57:21.951,471.5001,shift_requested:P,slider,0,0,0.00,0.00,-4.60,AVAILABLE,NONE,11783,0,D,D,0.00,PRESSED,FAULT
2026-05-18 18:57:22.195,471.7447,,slider,0,0,0.00,0.00,-4.60,AVAILABLE,NONE,11790,0,D,P,0.00,PRESSED,FAULT
2026-05-18 18:57:22.255,471.8049,gear_change:P,slider,0,0,0.00,0.00,-4.60,AVAILABLE,NONE,11791,0,P,P,0.00,PRESSED,FAULT
2026-05-18 18:57:22.595,472.1448,,slider,0,0,0.00,0.00,-4.60,AVAILABLE,NONE,11800,0,P,P,0.00,PRESSED,FAULT
2026-05-18 18:57:22.995,472.5449,,slider,0,0,0.00,0.00,-4.60,AVAILABLE,NONE,11810,0,P,P,0.00,PRESSED,FAULT
2026-05-18 18:57:23.396,472.9449,,slider,0,0,0.00,0.00,-4.60,AVAILABLE,NONE,11820,0,P,P,0.00,PRESSED,FAULT
2026-05-18 18:57:23.796,473.3449,,slider,0,0,0.00,0.00,-4.60,AVAILABLE,NONE,11830,0,P,P,0.00,PRESSED,FAULT
2026-05-18 18:57:24.196,473.7449,,slider,0,0,0.00,0.00,-4.60,AVAILABLE,NONE,11840,0,P,P,0.00,PRESSED,FAULT
2026-05-18 18:57:24.596,474.1449,,slider,0,0,0.00,0.00,-4.60,AVAILABLE,NONE,11850,0,P,P,0.00,PRESSED,FAULT
2026-05-18 18:57:24.996,474.5450,,slider,0,0,0.00,0.00,-4.60,AVAILABLE,NONE,11860,0,P,P,0.00,PRESSED,FAULT
2026-05-18 18:57:25.396,474.9450,,slider,0,0,0.00,0.00,-4.60,AVAILABLE,NONE,11870,0,P,P,0.00,PRESSED,FAULT
2026-05-18 18:57:25.796,475.3450,,slider,0,0,0.00,0.00,-4.60,AVAILABLE,NONE,11880,0,P,P,0.00,PRESSED,FAULT
2026-05-18 18:57:26.196,475.7450,,slider,0,0,0.00,0.00,-4.60,AVAILABLE,NONE,11890,0,P,P,0.00,PRESSED,FAULT
2026-05-18 18:57:26.274,475.8224,shift_requested:N,slider,0,0,6.48,0.00,-4.60,AVAILABLE,NONE,11892,0,P,P,0.00,PRESSED,FAULT
2026-05-18 18:57:26.307,475.8555,gear_change:N,slider,0,0,0.00,1.23,-4.60,AVAILABLE,NONE,11893,0,N,N,0.00,PRESSED,FAULT
2026-05-18 18:57:26.596,476.1451,,slider,0,0,0.00,2.45,-4.60,AVAILABLE,NONE,11900,0,N,N,0.00,PRESSED,FAULT
2026-05-18 18:57:26.977,476.5261,,slider,0,0,0.00,4.45,-4.60,AVAILABLE,NONE,11910,0,N,N,0.00,PRESSED,FAULT
2026-05-18 18:57:27.396,476.9451,,slider,0,0,0.00,2.47,-4.60,AVAILABLE,NONE,11920,0,N,N,0.00,PRESSED,FAULT
2026-05-18 18:57:27.777,477.3260,,slider,0,0,0.00,3.57,-4.60,AVAILABLE,NONE,11930,0,N,N,0.00,PRESSED,FAULT
2026-05-18 18:57:28.178,477.7267,,slider,0,0,0.00,1.26,-4.60,AVAILABLE,NONE,11940,0,N,N,0.00,PRESSED,FAULT
2026-05-18 18:57:28.577,478.1260,,slider,0,0,6.48,2.42,-4.60,AVAILABLE,NONE,11950,0,N,N,0.00,PRESSED,FAULT
2026-05-18 18:57:28.978,478.5261,,slider,0,0,0.00,1.11,-4.60,AVAILABLE,NONE,11960,0,N,N,0.00,PRESSED,FAULT
2026-05-18 18:57:28.978,478.5266,shift_requested:P,slider,0,0,0.00,0.98,-4.60,AVAILABLE,NONE,11960,0,N,N,0.00,PRESSED,FAULT
2026-05-18 18:57:29.097,478.6453,gear_change:P,slider,0,0,6.48,5.83,-4.60,AVAILABLE,NONE,11962,0,P,P,0.00,released,RELEASED
2026-05-18 18:57:29.378,478.9261,,slider,0,0,0.00,2.52,-4.60,AVAILABLE,NONE,11970,0,P,P,0.00,released,RELEASED
2026-05-18 18:57:29.778,479.3259,,slider,0,0,0.00,1.74,-4.60,AVAILABLE,NONE,11980,0,P,P,0.00,released,RELEASED
2026-05-18 18:57:30.178,479.7267,,slider,0,0,6.48,2.95,-4.60,AVAILABLE,NONE,11990,0,P,P,0.00,released,RELEASED
2026-05-18 18:57:30.578,480.1263,,slider,0,0,0.00,1.48,-4.60,AVAILABLE,NONE,12000,0,P,P,0.00,released,RELEASED
2026-05-18 18:57:30.978,480.5259,,slider,0,0,0.00,4.81,-4.60,AVAILABLE,NONE,12010,0,P,P,0.00,released,RELEASED
2026-05-18 18:57:31.397,480.9454,,slider,0,0,0.00,2.52,-4.60,AVAILABLE,NONE,12020,0,P,P,0.00,released,RELEASED
2026-05-18 18:57:31.778,481.3262,,slider,0,0,0.00,0.61,-4.60,AVAILABLE,NONE,12030,0,P,P,0.00,released,RELEASED
2026-05-18 18:57:32.179,481.7266,,slider,0,0,0.00,2.43,-4.60,AVAILABLE,NONE,12040,0,P,P,0.00,released,RELEASED
2026-05-18 18:57:32.578,482.1262,,slider,0,0,0.00,2.00,-4.60,AVAILABLE,NONE,12050,0,P,P,0.00,released,RELEASED
2026-05-18 18:57:32.978,482.5262,,slider,0,0,6.48,1.31,-4.60,AVAILABLE,NONE,12060,0,P,P,0.00,released,RELEASED
2026-05-18 18:57:33.379,482.9266,,slider,0,0,0.00,4.43,-4.60,AVAILABLE,NONE,12070,0,P,P,0.00,released,RELEASED
2026-05-18 18:57:33.779,483.3264,,slider,0,0,0.00,3.56,-4.60,AVAILABLE,NONE,12080,0,P,P,0.00,released,RELEASED
2026-05-18 18:57:34.179,483.7264,,slider,0,0,0.00,1.58,-4.60,AVAILABLE,NONE,12090,0,P,P,0.00,released,RELEASED
2026-05-18 18:57:34.579,484.1267,,slider,0,0,6.48,1.70,-4.60,AVAILABLE,NONE,12100,0,P,P,0.00,released,RELEASED
2026-05-18 18:57:34.979,484.5264,,slider,0,0,6.48,1.54,-4.60,AVAILABLE,NONE,12110,0,P,P,0.00,released,RELEASED
2026-05-18 18:57:35.379,484.9266,,slider,0,0,0.00,1.33,-4.60,AVAILABLE,NONE,12120,0,P,P,0.00,released,RELEASED
2026-05-18 18:57:35.780,485.3271,,slider,0,0,0.00,1.90,-4.60,AVAILABLE,NONE,12130,0,P,P,0.00,released,RELEASED
2026-05-18 18:57:36.179,485.7266,,slider,0,0,6.48,3.08,-4.60,AVAILABLE,NONE,12140,0,P,P,0.00,released,RELEASED
2026-05-18 18:57:36.580,486.1269,,slider,0,0,0.00,3.05,-4.60,AVAILABLE,NONE,12150,0,P,P,0.00,released,RELEASED
2026-05-18 18:57:36.979,486.5267,,slider,0,0,6.48,3.24,-4.60,AVAILABLE,NONE,12160,0,P,P,0.00,released,RELEASED
2026-05-18 18:57:37.379,486.9265,,slider,0,0,0.00,3.01,-4.60,AVAILABLE,NONE,12170,0,P,P,0.00,released,RELEASED
2026-05-18 18:57:37.780,487.3269,,slider,0,0,6.48,2.89,-4.60,AVAILABLE,NONE,12180,0,P,P,0.00,released,RELEASED
2026-05-18 18:57:38.180,487.7270,,slider,0,0,6.48,2.80,-4.60,AVAILABLE,NONE,12190,0,P,P,0.00,released,RELEASED
2026-05-18 18:57:38.580,488.1265,,slider,0,0,0.00,1.26,-4.60,AVAILABLE,NONE,12200,0,P,P,0.00,released,RELEASED
2026-05-18 18:57:38.979,488.5265,,slider,0,0,28.40,17.76,-4.60,AVAILABLE,NONE,12210,0,P,P,0.00,released,RELEASED
2026-05-18 18:57:39.380,488.9267,,slider,0,0,107.31,70.01,-4.60,AVAILABLE,NONE,12220,0,P,P,0.00,released,RELEASED
2026-05-18 18:57:39.780,489.3273,,slider,0,0,58.69,142.01,-4.60,AVAILABLE,NONE,12230,0,P,P,0.00,released,RELEASED
2026-05-18 18:57:40.180,489.7270,,slider,0,0,-68.69,90.49,-4.60,AVAILABLE,NONE,12240,0,P,P,0.00,released,RELEASED
2026-05-18 18:57:40.580,490.1272,,slider,0,0,15.17,18.49,-4.60,AVAILABLE,NONE,12250,0,P,P,0.00,released,RELEASED
2026-05-18 18:57:40.980,490.5269,,slider,0,0,0.00,2.38,-4.60,AVAILABLE,NONE,12260,0,P,P,0.00,released,RELEASED
2026-05-18 18:57:41.380,490.9269,,slider,0,0,0.00,0.84,-4.60,AVAILABLE,NONE,12270,0,P,P,0.00,released,RELEASED
2026-05-18 18:57:41.781,491.3277,,slider,0,0,0.00,1.83,-4.60,AVAILABLE,NONE,12280,0,P,P,0.00,released,RELEASED
2026-05-18 18:57:42.180,491.7270,,slider,0,0,0.00,2.19,-4.60,AVAILABLE,NONE,12290,0,P,P,0.00,released,RELEASED
2026-05-18 18:57:42.581,492.1271,,slider,0,0,0.00,2.07,-4.60,AVAILABLE,NONE,12300,0,P,P,0.00,released,RELEASED
2026-05-18 18:57:42.981,492.5270,,slider,0,0,6.48,3.33,-4.60,AVAILABLE,NONE,12310,0,P,P,0.00,released,RELEASED
2026-05-18 18:57:43.381,492.9270,,slider,0,0,0.00,1.73,-4.60,AVAILABLE,NONE,12320,0,P,P,0.00,released,RELEASED
2026-05-18 18:57:43.781,493.3277,,slider,0,0,6.48,0.54,-4.60,AVAILABLE,NONE,12330,0,P,P,0.00,released,RELEASED
2026-05-18 18:57:44.181,493.7271,,slider,0,0,0.00,1.01,-4.60,AVAILABLE,NONE,12340,0,P,P,0.00,released,RELEASED
2026-05-18 18:57:44.581,494.1268,,slider,0,0,0.00,1.07,-4.60,AVAILABLE,NONE,12350,0,P,P,0.00,released,RELEASED
2026-05-18 18:57:44.982,494.5279,,slider,0,0,6.48,0.58,-4.60,AVAILABLE,NONE,12360,0,P,P,0.00,released,RELEASED
2026-05-18 18:57:45.381,494.9268,,slider,0,0,0.00,2.29,-4.60,AVAILABLE,NONE,12370,0,P,P,0.00,released,RELEASED
2026-05-18 18:57:45.781,495.3272,,slider,0,0,6.48,1.69,-4.60,AVAILABLE,NONE,12380,0,P,P,0.00,released,RELEASED
2026-05-18 18:57:46.182,495.7278,,slider,0,0,0.00,3.18,-4.60,AVAILABLE,NONE,12390,0,P,P,0.00,released,RELEASED
2026-05-18 18:57:46.581,496.1272,,slider,0,0,0.00,4.39,-4.60,AVAILABLE,NONE,12400,0,P,P,0.00,released,RELEASED
2026-05-18 18:57:46.982,496.5273,,slider,0,0,0.00,2.07,-4.60,AVAILABLE,NONE,12410,0,P,P,0.00,released,RELEASED
2026-05-18 18:57:47.382,496.9274,,slider,0,0,0.00,4.00,-4.60,AVAILABLE,NONE,12420,0,P,P,0.00,released,RELEASED
2026-05-18 18:57:47.782,497.3274,,slider,0,0,0.00,1.89,-4.60,AVAILABLE,NONE,12430,0,P,P,0.00,released,RELEASED
2026-05-18 18:57:48.182,497.7276,,slider,0,0,0.00,1.81,-4.60,AVAILABLE,NONE,12440,0,P,P,0.00,released,RELEASED
2026-05-18 18:57:48.582,498.1272,,slider,0,0,0.00,2.17,-4.60,AVAILABLE,NONE,12450,0,P,P,0.00,released,RELEASED
2026-05-18 18:57:48.982,498.5273,,slider,0,0,0.00,2.87,-4.60,AVAILABLE,NONE,12460,0,P,P,0.00,released,RELEASED
2026-05-18 18:57:49.382,498.9277,,slider,0,0,6.48,2.92,-4.60,AVAILABLE,NONE,12470,0,P,P,0.00,released,RELEASED
2026-05-18 18:57:49.782,499.3275,,slider,0,0,6.48,1.51,-4.60,AVAILABLE,NONE,12480,0,P,P,0.00,released,RELEASED
2026-05-18 18:57:50.182,499.7272,,slider,0,0,0.00,3.67,-4.60,AVAILABLE,NONE,12490,0,P,P,0.00,released,RELEASED
2026-05-18 18:57:50.583,500.1278,,slider,0,0,0.00,4.16,-4.60,AVAILABLE,NONE,12500,0,P,P,0.00,released,RELEASED
2026-05-18 18:57:50.982,500.5273,,slider,0,0,0.00,4.05,-4.60,AVAILABLE,NONE,12510,0,P,P,0.00,released,RELEASED
2026-05-18 18:57:51.382,500.9275,,slider,0,0,6.48,0.83,-4.60,AVAILABLE,NONE,12520,0,P,P,0.00,released,RELEASED
2026-05-18 18:57:51.783,501.3277,,slider,0,0,6.48,2.79,-4.60,AVAILABLE,NONE,12530,0,P,P,0.00,released,RELEASED
2026-05-18 18:57:52.182,501.7273,,slider,0,0,0.00,1.97,-4.60,AVAILABLE,NONE,12540,0,P,P,0.00,released,RELEASED
2026-05-18 18:57:52.583,502.1280,,slider,0,0,6.48,1.57,-4.60,AVAILABLE,NONE,12550,0,P,P,0.00,released,RELEASED
2026-05-18 18:57:52.983,502.5281,,slider,0,0,0.00,0.92,-4.60,AVAILABLE,NONE,12560,0,P,P,0.00,released,RELEASED
2026-05-18 18:57:53.383,502.9278,,slider,0,0,0.00,0.99,-4.60,AVAILABLE,NONE,12570,0,P,P,0.00,released,RELEASED
2026-05-18 18:57:53.783,503.3280,,slider,0,0,0.00,3.04,-4.60,AVAILABLE,NONE,12580,0,P,P,0.00,released,RELEASED
2026-05-18 18:57:54.183,503.7279,,slider,0,0,0.00,2.03,-4.60,AVAILABLE,NONE,12590,0,P,P,0.00,released,RELEASED
2026-05-18 18:57:54.583,504.1279,,slider,0,0,0.00,2.30,-4.60,AVAILABLE,NONE,12600,0,P,P,0.00,released,RELEASED
2026-05-18 18:57:54.983,504.5280,,slider,0,0,6.48,3.19,-4.60,AVAILABLE,NONE,12610,0,P,P,0.00,released,RELEASED
2026-05-18 18:57:55.383,504.9280,,slider,0,0,0.00,4.37,-4.60,AVAILABLE,NONE,12620,0,P,P,0.00,released,RELEASED
2026-05-18 18:57:55.783,505.3279,,slider,0,0,0.00,3.95,-4.60,AVAILABLE,NONE,12630,0,P,P,0.00,released,RELEASED
2026-05-18 18:57:56.184,505.7281,,slider,0,0,0.00,2.48,-4.60,AVAILABLE,NONE,12640,0,P,P,0.00,released,RELEASED
2026-05-18 18:57:56.584,506.1280,,slider,0,0,0.00,1.86,-4.60,AVAILABLE,NONE,12650,0,P,P,0.00,released,RELEASED
2026-05-18 18:57:56.983,506.5277,,slider,0,0,0.00,2.36,-4.60,AVAILABLE,NONE,12660,0,P,P,0.00,released,RELEASED
2026-05-18 18:57:57.384,506.9281,,slider,0,0,0.00,1.07,-4.60,AVAILABLE,NONE,12670,0,P,P,0.00,released,RELEASED
2026-05-18 18:57:57.784,507.3280,,slider,0,0,0.00,0.41,-4.60,AVAILABLE,NONE,12680,0,P,P,0.00,released,RELEASED
2026-05-18 18:57:58.184,507.7278,,slider,0,0,6.48,2.55,-4.60,AVAILABLE,NONE,12690,0,P,P,0.00,released,RELEASED
2026-05-18 18:57:58.585,508.1285,,slider,0,0,0.00,2.27,-4.60,AVAILABLE,NONE,12700,0,P,P,0.00,released,RELEASED
2026-05-18 18:57:58.984,508.5282,,slider,0,0,0.00,1.33,-4.60,AVAILABLE,NONE,12710,0,P,P,0.00,released,RELEASED
2026-05-18 18:57:59.384,508.9278,,slider,0,0,0.00,3.32,-4.60,AVAILABLE,NONE,12720,0,P,P,0.00,released,RELEASED
2026-05-18 18:57:59.785,509.3286,,slider,0,0,6.48,2.41,-4.60,AVAILABLE,NONE,12730,0,P,P,0.00,released,RELEASED
2026-05-18 18:58:00.185,509.7283,,slider,0,0,6.48,3.55,-4.60,AVAILABLE,NONE,12740,0,P,P,0.00,released,RELEASED
2026-05-18 18:58:00.584,510.1281,,slider,0,0,6.48,4.35,-4.60,AVAILABLE,NONE,12750,0,P,P,0.00,released,RELEASED
2026-05-18 18:58:00.986,510.5292,,slider,0,0,0.00,3.29,-4.60,AVAILABLE,NONE,12760,0,P,P,0.00,released,RELEASED
2026-05-18 18:58:01.385,510.9282,,slider,0,0,0.00,1.52,-4.60,AVAILABLE,NONE,12770,0,P,P,0.00,released,RELEASED
2026-05-18 18:58:01.785,511.3282,,slider,0,0,6.48,2.72,-4.60,AVAILABLE,NONE,12780,0,P,P,0.00,released,RELEASED
2026-05-18 18:58:02.185,511.7289,,slider,0,0,6.48,2.38,-4.60,AVAILABLE,NONE,12790,0,P,P,0.00,released,RELEASED
2026-05-18 18:58:02.585,512.1284,,slider,0,0,0.00,1.41,-4.60,AVAILABLE,NONE,12800,0,P,P,0.00,released,RELEASED
2026-05-18 18:58:02.985,512.5286,,slider,0,0,6.48,3.55,-4.60,AVAILABLE,NONE,12810,0,P,P,0.00,released,RELEASED
2026-05-18 18:58:03.386,512.9292,,slider,0,0,6.48,3.03,-4.60,AVAILABLE,NONE,12820,0,P,P,0.00,released,RELEASED
2026-05-18 18:58:03.785,513.3283,,slider,0,0,0.00,3.11,-4.60,AVAILABLE,NONE,12830,0,P,P,0.00,released,RELEASED
2026-05-18 18:58:04.186,513.7288,,slider,0,0,0.00,2.26,-4.60,AVAILABLE,NONE,12840,0,P,P,0.00,released,RELEASED
2026-05-18 18:58:04.587,514.1298,,slider,0,0,0.00,2.90,-4.60,AVAILABLE,NONE,12850,0,P,P,0.00,released,RELEASED
2026-05-18 18:58:04.985,514.5285,,slider,0,0,0.00,5.06,-4.60,AVAILABLE,NONE,12860,0,P,P,0.00,released,RELEASED
2026-05-18 18:58:05.386,514.9285,,slider,0,0,6.48,2.05,-4.60,AVAILABLE,NONE,12870,0,P,P,0.00,released,RELEASED
2026-05-18 18:58:05.787,515.3298,,slider,0,0,0.00,4.93,-4.60,AVAILABLE,NONE,12880,0,P,P,0.00,released,RELEASED
2026-05-18 18:58:06.186,515.7288,,slider,0,0,0.00,2.42,-4.60,AVAILABLE,NONE,12890,0,P,P,0.00,released,RELEASED
2026-05-18 18:58:06.586,516.1287,,slider,0,0,0.00,1.35,-4.60,AVAILABLE,NONE,12900,0,P,P,0.00,released,RELEASED
2026-05-18 18:58:06.987,516.5296,,slider,0,0,6.48,4.14,-4.60,AVAILABLE,NONE,12910,0,P,P,0.00,released,RELEASED
2026-05-18 18:58:07.386,516.9288,,slider,0,0,0.00,2.48,-4.60,AVAILABLE,NONE,12920,0,P,P,0.00,released,RELEASED
2026-05-18 18:58:07.786,517.3287,,slider,0,0,0.00,0.92,-4.60,AVAILABLE,NONE,12930,0,P,P,0.00,released,RELEASED
2026-05-18 18:58:08.186,517.7290,,slider,0,0,6.48,3.55,-4.60,AVAILABLE,NONE,12940,0,P,P,0.00,released,RELEASED
2026-05-18 18:58:08.587,518.1292,,slider,0,0,0.00,3.26,-4.60,AVAILABLE,NONE,12950,0,P,P,0.00,released,RELEASED
2026-05-18 18:58:08.986,518.5287,,slider,0,0,0.00,2.22,-4.60,AVAILABLE,NONE,12960,0,P,P,0.00,released,RELEASED
2026-05-18 18:58:09.387,518.9292,,slider,0,0,0.00,5.07,-4.60,AVAILABLE,NONE,12970,0,P,P,0.00,released,RELEASED
2026-05-18 18:58:09.787,519.3297,,slider,0,0,6.48,1.94,-4.60,AVAILABLE,NONE,12980,0,P,P,0.00,released,RELEASED
2026-05-18 18:58:10.187,519.7295,,slider,0,0,0.00,1.52,-4.60,AVAILABLE,NONE,12990,0,P,P,0.00,released,RELEASED
2026-05-18 18:58:10.587,520.1291,,slider,0,0,6.48,2.32,-4.60,AVAILABLE,NONE,13000,0,P,P,0.00,released,RELEASED
2026-05-18 18:58:10.987,520.5292,,slider,0,0,0.00,1.63,-4.60,AVAILABLE,NONE,13010,0,P,P,0.00,released,RELEASED
2026-05-18 18:58:11.387,520.9293,,slider,0,0,6.48,3.86,-4.60,AVAILABLE,NONE,13020,0,P,P,0.00,released,RELEASED
2026-05-18 18:58:11.788,521.3296,,slider,0,0,0.00,1.44,-4.60,AVAILABLE,NONE,13030,0,P,P,0.00,released,RELEASED
2026-05-18 18:58:12.187,521.7290,,slider,0,0,0.00,2.54,-4.60,AVAILABLE,NONE,13040,0,P,P,0.00,released,RELEASED
2026-05-18 18:58:12.587,522.1290,,slider,0,0,0.00,3.15,-4.60,AVAILABLE,NONE,13050,0,P,P,0.00,released,RELEASED
2026-05-18 18:58:12.988,522.5295,,slider,0,0,0.00,1.93,-4.60,AVAILABLE,NONE,13060,0,P,P,0.00,released,RELEASED
2026-05-18 18:58:13.387,522.9287,,slider,0,0,0.00,2.11,-4.60,AVAILABLE,NONE,13070,0,P,P,0.00,released,RELEASED
2026-05-18 18:58:13.787,523.3291,,slider,0,0,0.00,3.61,-4.60,AVAILABLE,NONE,13080,0,P,P,0.00,released,RELEASED
2026-05-18 18:58:14.188,523.7295,,slider,0,0,0.00,2.02,-4.60,AVAILABLE,NONE,13090,0,P,P,0.00,released,RELEASED
2026-05-18 18:58:14.588,524.1294,,slider,0,0,6.48,2.15,-4.60,AVAILABLE,NONE,13100,0,P,P,0.00,released,RELEASED
2026-05-18 18:58:14.988,524.5292,,slider,0,0,0.00,0.64,-4.60,AVAILABLE,NONE,13110,0,P,P,0.00,released,RELEASED
2026-05-18 18:58:15.230,524.7714,engage,slider,1,0,-4.60,-4.60,-4.60,AVAILABLE,NONE,13116,0,P,P,0.00,released,RELEASED
2026-05-18 18:58:15.308,524.8490,eac_transition:ACTIVE,slider,1,0,0.00,-1.13,-4.50,ACTIVE,NONE,13118,0,P,P,0.00,released,RELEASED
2026-05-18 18:58:15.387,524.9290,,slider,1,0,0.00,-0.08,-3.50,ACTIVE,NONE,13120,0,P,P,0.00,released,RELEASED
2026-05-18 18:58:15.788,525.3297,,slider,1,0,0.00,3.97,1.10,ACTIVE,NONE,13130,0,P,P,0.00,released,RELEASED
2026-05-18 18:58:16.188,525.7293,,slider,1,0,6.48,1.13,3.10,ACTIVE,NONE,13140,0,P,P,0.00,released,RELEASED
2026-05-18 18:58:16.589,526.1300,,slider,1,0,0.00,0.93,2.20,ACTIVE,NONE,13150,0,P,P,0.00,released,RELEASED
2026-05-18 18:58:16.988,526.5297,,slider,1,0,6.48,3.00,1.50,ACTIVE,NONE,13160,0,P,P,0.00,released,RELEASED
2026-05-18 18:58:17.388,526.9295,,slider,1,0,0.00,1.52,1.90,ACTIVE,NONE,13170,0,P,P,0.00,released,RELEASED
2026-05-18 18:58:17.418,526.9589,disengage,slider,0,0,0.00,1.18,1.90,ACTIVE,NONE,13170,0,P,P,0.00,released,RELEASED
2026-05-18 18:58:17.468,527.0093,eac_transition:AVAILABLE,slider,0,0,0.00,0.92,1.20,AVAILABLE,NONE,13172,0,P,P,0.00,released,RELEASED
2026-05-18 18:58:17.788,527.3294,,slider,0,0,0.00,3.66,-4.90,AVAILABLE,NONE,13180,0,P,P,0.00,released,RELEASED
2026-05-18 18:58:18.189,527.7298,,slider,0,0,0.00,4.28,-4.90,AVAILABLE,NONE,13190,0,P,P,0.00,released,RELEASED
2026-05-18 18:58:18.588,528.1295,,slider,0,0,0.00,2.08,-4.90,AVAILABLE,NONE,13200,0,P,P,0.00,released,RELEASED
2026-05-18 18:58:18.988,528.5295,,slider,0,0,6.48,2.20,-4.90,AVAILABLE,NONE,13210,0,P,P,0.00,released,RELEASED
2026-05-18 18:58:19.389,528.9299,,slider,0,0,0.00,1.08,-4.90,AVAILABLE,NONE,13220,0,P,P,0.00,released,RELEASED
2026-05-18 18:58:19.789,529.3299,,slider,0,0,0.00,2.36,-4.90,AVAILABLE,NONE,13230,0,P,P,0.00,released,RELEASED
2026-05-18 18:58:20.189,529.7298,,slider,0,0,0.00,3.06,-4.90,AVAILABLE,NONE,13240,0,P,P,0.00,released,RELEASED
2026-05-18 18:58:20.590,530.1302,,slider,0,0,0.00,1.20,-4.90,AVAILABLE,NONE,13250,0,P,P,0.00,released,RELEASED
2026-05-18 18:58:20.989,530.5297,,slider,0,0,0.00,3.57,-4.90,AVAILABLE,NONE,13260,0,P,P,0.00,released,RELEASED
2026-05-18 18:58:21.389,530.9296,,slider,0,0,0.00,1.70,-4.90,AVAILABLE,NONE,13270,0,P,P,0.00,released,RELEASED
2026-05-18 18:58:21.790,531.3305,,slider,0,0,6.48,0.61,-4.90,AVAILABLE,NONE,13280,0,P,P,0.00,released,RELEASED
2026-05-18 18:58:22.190,531.7303,,slider,0,0,0.00,3.50,-4.90,AVAILABLE,NONE,13290,0,P,P,0.00,released,RELEASED
2026-05-18 18:58:22.589,532.1299,,slider,0,0,6.48,2.05,-4.90,AVAILABLE,NONE,13300,0,P,P,0.00,released,RELEASED
2026-05-18 18:58:22.990,532.5307,,slider,0,0,0.00,1.66,-4.90,AVAILABLE,NONE,13310,0,P,P,0.00,released,RELEASED
2026-05-18 18:58:23.390,532.9303,,slider,0,0,6.48,1.75,-4.90,AVAILABLE,NONE,13320,0,P,P,0.00,released,RELEASED
2026-05-18 18:58:23.790,533.3303,,slider,0,0,0.00,0.98,-4.90,AVAILABLE,NONE,13330,0,P,P,0.00,released,RELEASED
2026-05-18 18:58:24.190,533.7304,,slider,0,0,0.00,2.22,-4.90,AVAILABLE,NONE,13340,0,P,P,0.00,released,RELEASED
2026-05-18 18:58:24.590,534.1300,,slider,0,0,0.00,4.57,-4.90,AVAILABLE,NONE,13350,0,P,P,0.00,released,RELEASED
2026-05-18 18:58:24.990,534.5300,,slider,0,0,0.00,2.36,-4.90,AVAILABLE,NONE,13360,0,P,P,0.00,released,RELEASED
2026-05-18 18:58:25.390,534.9305,,slider,0,0,0.00,3.51,-4.90,AVAILABLE,NONE,13370,0,P,P,0.00,released,RELEASED
2026-05-18 18:58:25.790,535.3304,,slider,0,0,0.00,4.01,-4.90,AVAILABLE,NONE,13380,0,P,P,0.00,released,RELEASED
2026-05-18 18:58:26.191,535.7307,,slider,0,0,6.48,2.02,-4.90,AVAILABLE,NONE,13390,0,P,P,0.00,released,RELEASED
2026-05-18 18:58:26.590,536.1303,,slider,0,0,6.48,3.01,-4.90,AVAILABLE,NONE,13400,0,P,P,0.00,released,RELEASED
2026-05-18 18:58:26.990,536.5302,,slider,0,0,0.00,1.64,-4.90,AVAILABLE,NONE,13410,0,P,P,0.00,released,RELEASED
2026-05-18 18:58:27.391,536.9308,,slider,0,0,6.48,2.76,-4.90,AVAILABLE,NONE,13420,0,P,P,0.00,released,RELEASED
2026-05-18 18:58:27.791,537.3304,,slider,0,0,0.00,1.17,-4.90,AVAILABLE,NONE,13430,0,P,P,0.00,released,RELEASED
2026-05-18 18:58:28.191,537.7306,,slider,0,0,0.00,3.77,-4.90,AVAILABLE,NONE,13440,0,P,P,0.00,released,RELEASED
2026-05-18 18:58:28.592,538.1312,,slider,0,0,6.48,4.16,-4.90,AVAILABLE,NONE,13450,0,P,P,0.00,released,RELEASED
2026-05-18 18:58:28.991,538.5302,,slider,0,0,0.00,3.63,-4.90,AVAILABLE,NONE,13460,0,P,P,0.00,released,RELEASED
2026-05-18 18:58:29.391,538.9305,,slider,0,0,6.48,1.37,-4.90,AVAILABLE,NONE,13470,0,P,P,0.00,released,RELEASED
2026-05-18 18:58:29.792,539.3313,,slider,0,0,6.48,1.82,-4.90,AVAILABLE,NONE,13480,0,P,P,0.00,released,RELEASED
2026-05-18 18:58:30.191,539.7307,,slider,0,0,0.00,2.96,-4.90,AVAILABLE,NONE,13490,0,P,P,0.00,released,RELEASED
2026-05-18 18:58:30.591,540.1307,,slider,0,0,0.00,1.67,-4.90,AVAILABLE,NONE,13500,0,P,P,0.00,released,RELEASED
2026-05-18 18:58:30.946,540.4849,engage,slider,1,0,-4.90,-4.90,-4.90,AVAILABLE,NONE,13508,0,P,P,0.00,released,RELEASED
2026-05-18 18:58:30.992,540.5311,eac_transition:ACTIVE,slider,1,0,0.00,-2.38,-4.90,ACTIVE,NONE,13510,0,P,P,0.00,released,RELEASED
2026-05-18 18:58:30.992,540.5313,,slider,1,0,0.00,-2.38,-4.90,ACTIVE,NONE,13510,0,P,P,0.00,released,RELEASED
2026-05-18 18:58:31.391,540.9305,,slider,1,0,0.00,2.31,-0.30,ACTIVE,NONE,13520,0,P,P,0.00,released,RELEASED
2026-05-18 18:58:31.792,541.3310,,slider,1,0,6.48,3.46,1.80,ACTIVE,NONE,13530,0,P,P,0.00,released,RELEASED
2026-05-18 18:58:32.192,541.7308,,slider,1,0,6.48,5.61,3.70,ACTIVE,NONE,13540,0,P,P,0.00,released,RELEASED
2026-05-18 18:58:32.592,542.1310,,slider,1,0,6.48,2.29,4.10,ACTIVE,NONE,13550,0,P,P,0.00,released,RELEASED
2026-05-18 18:58:32.992,542.5310,,slider,1,0,0.00,3.59,3.70,ACTIVE,NONE,13560,0,P,P,0.00,released,RELEASED
2026-05-18 18:58:33.393,542.9314,,slider,1,0,6.48,1.83,2.80,ACTIVE,NONE,13570,0,P,P,0.00,released,RELEASED
2026-05-18 18:58:33.792,543.3312,,slider,1,0,6.48,2.74,1.20,ACTIVE,NONE,13580,0,P,P,0.00,released,RELEASED
2026-05-18 18:58:34.193,543.7312,,slider,1,0,6.48,4.35,2.70,ACTIVE,NONE,13590,0,P,P,0.00,released,RELEASED
2026-05-18 18:58:34.592,544.1308,,slider,1,0,26.17,11.09,4.00,ACTIVE,NONE,13600,0,P,P,0.00,released,RELEASED
2026-05-18 18:58:34.993,544.5311,,slider,1,0,42.03,35.88,26.40,ACTIVE,NONE,13610,0,P,P,0.00,released,RELEASED
2026-05-18 18:58:35.393,544.9310,,slider,1,0,79.10,70.53,58.90,ACTIVE,NONE,13620,0,P,P,0.00,released,RELEASED
2026-05-18 18:58:35.793,545.3312,,slider,1,0,116.47,100.71,88.80,ACTIVE,NONE,13630,0,P,P,0.00,released,RELEASED
2026-05-18 18:58:36.193,545.7318,,slider,1,0,129.26,133.12,126.70,ACTIVE,NONE,13640,0,P,P,0.00,released,RELEASED
2026-05-18 18:58:36.593,546.1313,,slider,1,0,51.43,75.79,102.90,ACTIVE,NONE,13650,0,P,P,0.00,released,RELEASED
2026-05-18 18:58:36.993,546.5313,,slider,1,0,0.00,12.12,33.60,ACTIVE,NONE,13660,0,P,P,0.00,released,RELEASED
2026-05-18 18:58:37.393,546.9314,,slider,1,0,-37.43,-22.94,-9.40,ACTIVE,NONE,13670,0,P,P,0.00,released,RELEASED
2026-05-18 18:58:37.794,547.3322,,slider,1,0,-122.78,-83.27,-60.80,ACTIVE,NONE,13680,0,P,P,0.00,released,RELEASED
2026-05-18 18:58:38.193,547.7315,,slider,1,0,-142.76,-137.29,-126.20,ACTIVE,NONE,13690,0,P,P,0.00,released,RELEASED
2026-05-18 18:58:38.594,548.1318,,slider,1,0,-241.64,-193.65,-172.30,ACTIVE,NONE,13700,0,P,P,0.00,released,RELEASED
2026-05-18 18:58:38.993,548.5314,,slider,1,0,-175.99,-192.19,-212.60,ACTIVE,NONE,13710,0,P,P,0.00,released,RELEASED
2026-05-18 18:58:39.394,548.9319,,slider,1,0,-322.64,-228.78,-207.10,ACTIVE,NONE,13720,0,P,P,0.00,released,RELEASED
2026-05-18 18:58:39.794,549.3316,,slider,1,0,-328.66,-300.78,-276.90,ACTIVE,NONE,13730,0,P,P,0.00,released,RELEASED
2026-05-18 18:58:40.194,549.7314,,slider,1,0,-328.66,-327.18,-324.10,ACTIVE,NONE,13740,0,P,P,0.00,released,RELEASED
2026-05-18 18:58:40.594,550.1317,,slider,1,0,-71.25,-274.95,-302.30,ACTIVE,NONE,13750,0,P,P,0.00,released,RELEASED
2026-05-18 18:58:40.994,550.5315,,slider,1,0,-17.35,-202.95,-229.60,ACTIVE,NONE,13760,0,P,P,0.00,released,RELEASED
2026-05-18 18:58:41.394,550.9315,,slider,1,0,19.54,-130.95,-153.90,ACTIVE,NONE,13770,0,P,P,0.00,released,RELEASED
2026-05-18 18:58:41.794,551.3314,,slider,1,0,42.03,-58.95,-82.00,ACTIVE,NONE,13780,0,P,P,0.00,released,RELEASED
2026-05-18 18:58:42.194,551.7316,,slider,1,0,89.98,13.05,-10.90,ACTIVE,NONE,13790,0,P,P,0.00,released,RELEASED
2026-05-18 18:58:42.594,552.1316,,slider,1,0,183.96,85.05,60.80,ACTIVE,NONE,13800,0,P,P,0.00,released,RELEASED
2026-05-18 18:58:42.994,552.5315,,slider,1,0,183.96,157.05,133.70,ACTIVE,NONE,13810,0,P,P,0.00,released,RELEASED
2026-05-18 18:58:43.394,552.9317,,slider,1,0,353.56,229.05,206.60,ACTIVE,NONE,13820,0,P,P,0.00,released,RELEASED
2026-05-18 18:58:43.794,553.3317,,slider,1,0,353.56,301.05,278.10,ACTIVE,NONE,13830,0,P,P,0.00,released,RELEASED
2026-05-18 18:58:44.195,553.7318,,slider,1,0,353.56,354.94,346.10,ACTIVE,NONE,13840,0,P,P,0.00,released,RELEASED
2026-05-18 18:58:44.595,554.1319,,slider,1,0,17.35,329.32,351.40,ACTIVE,NONE,13850,0,P,P,0.00,released,RELEASED
2026-05-18 18:58:44.995,554.5316,,slider,1,0,-23.95,257.32,287.80,ACTIVE,NONE,13860,0,P,P,0.00,released,RELEASED
2026-05-18 18:58:45.395,554.9317,,slider,1,0,-66.15,185.32,210.10,ACTIVE,NONE,13870,0,P,P,0.00,released,RELEASED
2026-05-18 18:58:45.795,555.3316,,slider,1,0,-79.10,113.32,135.90,ACTIVE,NONE,13880,0,P,P,0.00,released,RELEASED
2026-05-18 18:58:46.195,555.7319,,slider,1,0,15.17,41.32,64.50,ACTIVE,NONE,13890,0,P,P,0.00,released,RELEASED
2026-05-18 18:58:46.595,556.1321,,slider,1,0,95.62,66.85,43.00,ACTIVE,NONE,13900,0,P,P,0.00,released,RELEASED
2026-05-18 18:58:46.995,556.5317,,slider,1,0,-56.25,18.18,42.40,ACTIVE,NONE,13910,0,P,P,0.00,released,RELEASED
2026-05-18 18:58:47.395,556.9317,,slider,1,0,-81.77,-53.82,-28.20,ACTIVE,NONE,13920,0,P,P,0.00,released,RELEASED
2026-05-18 18:58:47.796,557.3321,,slider,1,0,209.27,-5.82,-32.80,ACTIVE,NONE,13930,0,P,P,0.00,released,RELEASED
2026-05-18 18:58:48.195,557.7317,,slider,1,0,6.48,50.96,38.00,ACTIVE,NONE,13940,0,P,P,0.00,released,RELEASED
2026-05-18 18:58:48.595,558.1317,,slider,1,0,0.00,3.99,16.70,ACTIVE,NONE,13950,0,P,P,0.00,released,RELEASED
2026-05-18 18:58:48.995,558.5318,,slider,1,0,0.00,3.19,5.70,ACTIVE,NONE,13960,0,P,P,0.00,released,RELEASED
2026-05-18 18:58:49.396,558.9319,,slider,1,0,6.48,4.05,2.80,ACTIVE,NONE,13970,0,P,P,0.00,released,RELEASED
2026-05-18 18:58:49.796,559.3326,,slider,1,0,0.00,5.43,3.20,ACTIVE,NONE,13980,0,P,P,0.00,released,RELEASED
2026-05-18 18:58:50.196,559.7319,,slider,1,0,0.00,1.09,3.10,ACTIVE,NONE,13990,0,P,P,0.00,released,RELEASED
2026-05-18 18:58:50.596,560.1320,,slider,1,0,0.00,3.83,2.70,ACTIVE,NONE,14000,0,P,P,0.00,released,RELEASED
2026-05-18 18:58:50.996,560.5321,,slider,1,0,6.48,1.98,2.60,ACTIVE,NONE,14010,0,P,P,0.00,released,RELEASED
2026-05-18 18:58:51.396,560.9319,,slider,1,0,0.00,3.16,1.30,ACTIVE,NONE,14020,0,P,P,0.00,released,RELEASED
2026-05-18 18:58:51.796,561.3321,,slider,1,0,6.48,3.30,1.50,ACTIVE,NONE,14030,0,P,P,0.00,released,RELEASED
2026-05-18 18:58:52.196,561.7323,,slider,1,0,0.00,1.49,2.00,ACTIVE,NONE,14040,0,P,P,0.00,released,RELEASED
2026-05-18 18:58:52.596,562.1321,,slider,1,0,6.48,0.98,1.90,ACTIVE,NONE,14050,0,P,P,0.00,released,RELEASED
2026-05-18 18:58:52.997,562.5324,,slider,1,0,6.48,2.93,1.60,ACTIVE,NONE,14060,0,P,P,0.00,released,RELEASED
2026-05-18 18:58:53.397,562.9324,,slider,1,0,0.00,2.71,1.70,ACTIVE,NONE,14070,0,P,P,0.00,released,RELEASED
2026-05-18 18:58:53.797,563.3325,,slider,1,0,6.48,4.04,1.80,ACTIVE,NONE,14080,0,P,P,0.00,released,RELEASED
2026-05-18 18:58:54.197,563.7324,,slider,1,0,0.00,2.11,4.20,ACTIVE,NONE,14090,0,P,P,0.00,released,RELEASED
2026-05-18 18:58:54.597,564.1322,,slider,1,0,0.00,3.07,2.70,ACTIVE,NONE,14100,0,P,P,0.00,released,RELEASED
2026-05-18 18:58:54.997,564.5324,,slider,1,0,0.00,4.26,2.70,ACTIVE,NONE,14110,0,P,P,0.00,released,RELEASED
2026-05-18 18:58:55.397,564.9322,,slider,1,0,0.00,1.47,2.90,ACTIVE,NONE,14120,0,P,P,0.00,released,RELEASED
2026-05-18 18:58:55.797,565.3325,,slider,1,0,6.48,4.18,2.70,ACTIVE,NONE,14130,0,P,P,0.00,released,RELEASED
2026-05-18 18:58:56.197,565.7323,,slider,1,0,0.00,1.30,2.90,ACTIVE,NONE,14140,0,P,P,0.00,released,RELEASED
2026-05-18 18:58:56.597,566.1325,,slider,1,0,0.00,2.04,2.80,ACTIVE,NONE,14150,0,P,P,0.00,released,RELEASED
2026-05-18 18:58:56.997,566.5324,,slider,1,0,0.00,3.55,2.40,ACTIVE,NONE,14160,0,P,P,0.00,released,RELEASED
2026-05-18 18:58:57.397,566.9323,,slider,1,0,6.48,3.17,2.50,ACTIVE,NONE,14170,0,P,P,0.00,released,RELEASED
2026-05-18 18:58:57.798,567.3327,,slider,1,0,0.00,4.05,3.00,ACTIVE,NONE,14180,0,P,P,0.00,PRESSED,FAULT
2026-05-18 18:58:58.198,567.7329,,slider,1,0,6.48,1.72,3.10,ACTIVE,NONE,14190,0,P,P,0.00,PRESSED,FAULT
2026-05-18 18:58:58.597,568.1324,,slider,1,0,0.00,1.87,3.00,ACTIVE,NONE,14200,0,P,P,0.00,PRESSED,FAULT
2026-05-18 18:58:58.998,568.5325,,slider,1,0,6.48,3.08,1.80,ACTIVE,NONE,14210,0,P,P,0.00,PRESSED,FAULT
2026-05-18 18:58:59.398,568.9325,,slider,1,0,6.48,3.99,2.70,ACTIVE,NONE,14220,0,P,P,0.00,PRESSED,FAULT
2026-05-18 18:58:59.798,569.3326,,slider,1,0,0.00,3.38,2.90,ACTIVE,NONE,14230,0,P,P,0.00,PRESSED,FAULT
2026-05-18 18:59:00.198,569.7329,,slider,1,0,6.48,4.02,2.70,ACTIVE,NONE,14240,0,P,P,0.00,PRESSED,FAULT
2026-05-18 18:59:00.598,570.1327,,slider,1,0,6.48,0.97,2.70,ACTIVE,NONE,14250,0,P,P,0.00,PRESSED,FAULT
2026-05-18 18:59:00.998,570.5327,,slider,1,0,0.00,0.83,2.00,ACTIVE,NONE,14260,0,P,P,0.00,PRESSED,FAULT
2026-05-18 18:59:01.398,570.9327,,slider,1,0,6.48,2.61,1.60,ACTIVE,NONE,14270,0,P,P,0.00,PRESSED,FAULT
2026-05-18 18:59:01.799,571.3331,,slider,1,0,0.00,5.25,2.80,ACTIVE,NONE,14280,0,P,P,0.00,PRESSED,FAULT
2026-05-18 18:59:02.198,571.7329,,slider,1,0,6.48,2.00,3.40,ACTIVE,NONE,14290,0,P,P,0.00,PRESSED,FAULT
2026-05-18 18:59:02.599,572.1332,,slider,1,0,0.00,4.51,3.20,ACTIVE,NONE,14300,0,P,P,0.00,PRESSED,FAULT
2026-05-18 18:59:02.999,572.5331,,slider,1,0,0.00,2.11,3.50,ACTIVE,NONE,14310,0,P,P,0.00,PRESSED,FAULT
2026-05-18 18:59:03.398,572.9327,,slider,1,0,0.00,3.55,3.00,ACTIVE,NONE,14320,0,P,P,0.00,PRESSED,FAULT
2026-05-18 18:59:03.799,573.3331,,slider,1,0,6.48,4.58,3.00,ACTIVE,NONE,14330,0,P,P,0.00,PRESSED,FAULT
2026-05-18 18:59:04.199,573.7333,,slider,1,0,0.00,1.66,3.00,ACTIVE,NONE,14340,0,P,P,0.00,PRESSED,FAULT
2026-05-18 18:59:04.599,574.1332,,slider,1,0,6.48,2.18,2.10,ACTIVE,NONE,14350,0,P,P,0.00,PRESSED,FAULT
2026-05-18 18:59:04.999,574.5330,,slider,1,0,6.48,1.82,2.10,ACTIVE,NONE,14360,0,P,P,0.00,PRESSED,FAULT
2026-05-18 18:59:05.399,574.9334,,slider,1,0,0.00,1.25,2.10,ACTIVE,NONE,14370,0,P,P,0.00,PRESSED,FAULT
2026-05-18 18:59:05.800,575.3334,,slider,1,0,6.48,3.79,2.20,ACTIVE,NONE,14380,0,P,P,0.00,PRESSED,FAULT
2026-05-18 18:59:06.199,575.7332,,slider,1,0,0.00,1.52,2.90,ACTIVE,NONE,14390,0,P,P,0.00,PRESSED,FAULT
2026-05-18 18:59:06.599,576.1332,,slider,1,0,0.00,2.22,2.40,ACTIVE,NONE,14400,0,P,P,0.00,PRESSED,FAULT
2026-05-18 18:59:07.000,576.5333,,slider,1,0,0.00,2.88,2.50,ACTIVE,NONE,14410,0,P,P,0.00,PRESSED,FAULT
2026-05-18 18:59:07.399,576.9332,,slider,1,0,6.48,1.96,2.40,ACTIVE,NONE,14420,0,P,P,0.00,PRESSED,FAULT
2026-05-18 18:59:07.800,577.3335,,slider,1,0,6.48,1.24,2.20,ACTIVE,NONE,14430,0,P,P,0.00,PRESSED,FAULT
2026-05-18 18:59:08.200,577.7335,,slider,1,0,0.00,3.23,2.20,ACTIVE,NONE,14440,0,P,P,0.00,PRESSED,FAULT
2026-05-18 18:59:08.600,578.1333,,slider,1,0,0.00,1.20,2.50,ACTIVE,NONE,14450,0,P,P,0.00,PRESSED,FAULT
2026-05-18 18:59:09.000,578.5335,,slider,1,0,0.00,4.65,3.20,ACTIVE,NONE,14460,0,P,P,0.00,PRESSED,FAULT
2026-05-18 18:59:09.400,578.9333,,slider,1,0,0.00,3.01,4.20,ACTIVE,NONE,14470,0,P,P,0.00,PRESSED,FAULT
2026-05-18 18:59:09.800,579.3336,,slider,1,0,0.00,1.80,2.70,ACTIVE,NONE,14480,0,P,P,0.00,PRESSED,FAULT
2026-05-18 18:59:10.200,579.7335,,slider,1,0,0.00,2.87,2.80,ACTIVE,NONE,14490,0,P,P,0.00,PRESSED,FAULT
2026-05-18 18:59:10.600,580.1337,,slider,1,0,0.00,1.54,3.30,ACTIVE,NONE,14500,0,P,P,0.00,PRESSED,FAULT
2026-05-18 18:59:11.000,580.5336,,slider,1,0,6.48,0.69,2.10,ACTIVE,NONE,14510,0,P,P,0.00,PRESSED,FAULT
2026-05-18 18:59:11.401,580.9336,,slider,1,0,0.00,3.15,2.10,ACTIVE,NONE,14520,0,P,P,0.00,PRESSED,FAULT
2026-05-18 18:59:11.801,581.3340,,slider,1,0,0.00,1.61,2.10,ACTIVE,NONE,14530,0,P,P,0.00,PRESSED,FAULT
2026-05-18 18:59:12.201,581.7338,,slider,1,0,6.48,3.76,2.00,ACTIVE,NONE,14540,0,P,P,0.00,PRESSED,FAULT
2026-05-18 18:59:12.601,582.1336,,slider,1,0,0.00,2.52,3.60,ACTIVE,NONE,14550,0,P,P,0.00,PRESSED,FAULT
2026-05-18 18:59:13.001,582.5342,,slider,1,0,0.00,1.12,2.50,ACTIVE,NONE,14560,0,P,P,0.00,PRESSED,FAULT
2026-05-18 18:59:13.401,582.9340,,slider,1,0,0.00,4.12,2.30,ACTIVE,NONE,14570,0,P,P,0.00,PRESSED,FAULT
2026-05-18 18:59:13.801,583.3341,,slider,1,0,0.00,1.67,2.40,ACTIVE,NONE,14580,0,P,P,0.00,PRESSED,FAULT
2026-05-18 18:59:14.202,583.7343,,slider,1,0,6.48,3.82,2.30,ACTIVE,NONE,14590,0,P,P,0.00,PRESSED,FAULT
2026-05-18 18:59:14.602,584.1343,,slider,1,0,0.00,3.20,2.50,ACTIVE,NONE,14600,0,P,P,0.00,PRESSED,FAULT
2026-05-18 18:59:15.001,584.5337,,slider,1,0,6.48,2.09,2.80,ACTIVE,NONE,14610,0,P,P,0.00,PRESSED,FAULT
2026-05-18 18:59:15.402,584.9340,,slider,1,0,6.48,3.52,2.80,ACTIVE,NONE,14620,0,P,P,0.00,PRESSED,FAULT
2026-05-18 18:59:15.802,585.3344,,slider,1,0,0.00,3.15,2.80,ACTIVE,NONE,14630,0,P,P,0.00,PRESSED,FAULT
2026-05-18 18:59:16.202,585.7346,,slider,1,0,0.00,1.15,2.70,ACTIVE,NONE,14640,0,P,P,0.00,PRESSED,FAULT
2026-05-18 18:59:16.602,586.1343,,slider,1,0,0.00,2.95,2.50,ACTIVE,NONE,14650,0,P,P,0.00,PRESSED,FAULT
2026-05-18 18:59:17.002,586.5340,,slider,1,0,6.48,1.23,2.60,ACTIVE,NONE,14660,0,P,P,0.00,PRESSED,FAULT
2026-05-18 18:59:17.194,586.7257,shift_requested:D,slider,1,0,0.00,1.53,2.60,ACTIVE,NONE,14664,0,P,P,0.00,PRESSED,FAULT
2026-05-18 18:59:17.242,586.7743,gear_change:D,slider,1,0,0.00,0.49,2.60,ACTIVE,NONE,14665,0,D,D,0.00,PRESSED,FAULT
2026-05-18 18:59:17.282,586.8140,eac_transition:AVAILABLE,slider,0,0,0.00,0.14,2.90,AVAILABLE,NONE,14667,0,D,D,0.00,PRESSED,FAULT
2026-05-18 18:59:17.402,586.9343,,slider,0,0,0.00,0.00,10.10,AVAILABLE,NONE,14670,0,D,D,0.00,PRESSED,FAULT
2026-05-18 18:59:17.803,587.3346,,slider,0,0,0.00,3.34,13.00,AVAILABLE,NONE,14680,0,D,D,0.00,PRESSED,FAULT
2026-05-18 18:59:18.202,587.7341,,slider,0,0,0.00,2.55,13.00,AVAILABLE,NONE,14690,0,D,D,0.00,PRESSED,FAULT
2026-05-18 18:59:18.602,588.1343,,slider,0,0,0.00,2.50,13.00,AVAILABLE,NONE,14700,0,D,D,0.00,PRESSED,FAULT
2026-05-18 18:59:19.002,588.5344,,slider,0,0,0.00,4.86,13.00,AVAILABLE,NONE,14710,0,D,D,0.00,PRESSED,FAULT
2026-05-18 18:59:19.403,588.9345,,slider,0,0,0.00,1.25,13.00,AVAILABLE,NONE,14720,0,D,D,0.00,PRESSED,FAULT
2026-05-18 18:59:19.802,589.3343,,slider,0,0,0.00,4.24,13.00,AVAILABLE,NONE,14730,0,D,D,0.00,PRESSED,FAULT
2026-05-18 18:59:20.203,589.7344,,slider,0,0,0.00,5.48,13.00,AVAILABLE,NONE,14740,0,D,D,0.00,PRESSED,FAULT
2026-05-18 18:59:20.603,590.1346,,slider,0,0,0.00,4.33,13.00,AVAILABLE,NONE,14750,0,D,D,0.00,PRESSED,FAULT
2026-05-18 18:59:21.003,590.5342,,slider,0,0,0.00,2.00,13.00,AVAILABLE,NONE,14760,0,D,D,0.00,PRESSED,FAULT
2026-05-18 18:59:21.403,590.9347,,slider,0,0,6.48,4.34,13.00,AVAILABLE,NONE,14770,0,D,D,0.00,PRESSED,FAULT
2026-05-18 18:59:21.803,591.3345,,slider,0,0,0.00,2.58,13.00,AVAILABLE,NONE,14780,0,D,D,0.00,PRESSED,FAULT
2026-05-18 18:59:22.203,591.7344,,slider,0,0,6.48,5.12,13.10,AVAILABLE,NONE,14790,0,D,D,0.00,PRESSED,FAULT
2026-05-18 18:59:22.604,592.1350,,slider,0,0,0.00,2.96,13.10,AVAILABLE,NONE,14800,0,D,D,0.00,PRESSED,FAULT
2026-05-18 18:59:23.003,592.5343,,slider,0,0,0.00,1.91,13.10,AVAILABLE,NONE,14810,0,D,D,0.00,PRESSED,FAULT
2026-05-18 18:59:23.403,592.9346,,slider,0,0,6.48,2.97,13.10,AVAILABLE,NONE,14820,0,D,D,0.00,PRESSED,FAULT
2026-05-18 18:59:23.803,593.3347,,slider,0,0,0.00,1.37,13.10,AVAILABLE,NONE,14830,0,D,D,0.00,PRESSED,FAULT
2026-05-18 18:59:24.203,593.7345,,slider,0,0,0.00,4.20,13.10,AVAILABLE,NONE,14840,0,D,D,0.00,PRESSED,FAULT
2026-05-18 18:59:24.604,594.1346,,slider,0,0,0.00,3.37,13.10,AVAILABLE,NONE,14850,0,D,D,0.00,PRESSED,FAULT
2026-05-18 18:59:25.004,594.5346,,slider,0,0,0.00,1.51,13.10,AVAILABLE,NONE,14860,0,D,D,0.00,PRESSED,FAULT
2026-05-18 18:59:25.404,594.9345,,slider,0,0,0.00,2.37,13.10,AVAILABLE,NONE,14870,0,D,D,0.00,PRESSED,FAULT
2026-05-18 18:59:25.804,595.3346,,slider,0,0,6.48,0.52,13.10,AVAILABLE,NONE,14880,0,D,D,0.00,PRESSED,FAULT
2026-05-18 18:59:26.204,595.7345,,slider,0,0,0.00,2.44,13.10,AVAILABLE,NONE,14890,0,D,D,0.00,PRESSED,FAULT
2026-05-18 18:59:26.604,596.1347,,slider,0,0,0.00,2.75,13.10,AVAILABLE,NONE,14900,0,D,D,0.00,PRESSED,FAULT
2026-05-18 18:59:27.004,596.5346,,slider,0,0,0.00,3.68,13.10,AVAILABLE,NONE,14910,0,D,D,0.05,PRESSED,FAULT
2026-05-18 18:59:27.404,596.9350,,slider,0,0,0.00,4.39,13.10,AVAILABLE,NONE,14920,0,D,D,0.00,PRESSED,FAULT
2026-05-18 18:59:27.804,597.3347,,slider,0,0,0.00,2.32,13.10,AVAILABLE,NONE,14930,0,D,D,0.00,PRESSED,FAULT
2026-05-18 18:59:28.204,597.7347,,slider,0,0,6.48,1.75,13.10,AVAILABLE,NONE,14940,0,D,D,0.00,PRESSED,FAULT
2026-05-18 18:59:28.604,598.1348,,slider,0,0,6.48,1.31,13.10,AVAILABLE,NONE,14950,0,D,D,0.00,PRESSED,FAULT
2026-05-18 18:59:29.004,598.5349,,slider,0,0,0.00,2.80,13.10,AVAILABLE,NONE,14960,0,D,D,0.00,PRESSED,FAULT
2026-05-18 18:59:29.405,598.9350,,slider,0,0,0.00,0.45,13.20,AVAILABLE,NONE,14970,0,D,D,0.00,PRESSED,FAULT
2026-05-18 18:59:29.805,599.3349,,slider,0,0,6.48,2.28,13.20,AVAILABLE,NONE,14980,0,D,D,0.00,PRESSED,FAULT
2026-05-18 18:59:30.205,599.7350,,slider,0,0,6.48,2.16,13.20,AVAILABLE,NONE,14990,0,D,D,0.00,PRESSED,FAULT
2026-05-18 18:59:30.605,600.1349,,slider,0,0,6.48,2.66,13.20,AVAILABLE,NONE,15000,0,D,D,0.00,PRESSED,FAULT
2026-05-18 18:59:30.660,600.1904,shift_requested:P,slider,0,0,0.00,1.66,13.20,AVAILABLE,NONE,15001,0,D,D,0.00,PRESSED,FAULT
2026-05-18 18:59:30.965,600.4953,gear_change:P,slider,0,0,6.48,3.03,13.20,AVAILABLE,NONE,15009,0,P,P,0.00,PRESSED,FAULT
2026-05-18 18:59:31.005,600.5349,,slider,0,0,6.48,2.68,13.20,AVAILABLE,NONE,15010,0,P,P,0.00,PRESSED,FAULT
2026-05-18 18:59:31.405,600.9351,,slider,0,0,6.48,1.01,13.20,AVAILABLE,NONE,15020,0,P,P,0.00,PRESSED,FAULT
2026-05-18 18:59:31.805,601.3350,,slider,0,0,6.48,1.33,13.20,AVAILABLE,NONE,15030,0,P,P,0.00,PRESSED,FAULT
2026-05-18 18:59:32.205,601.7352,,slider,0,0,0.00,3.00,13.20,AVAILABLE,NONE,15040,0,P,P,0.00,PRESSED,FAULT
2026-05-18 18:59:32.606,602.1354,,slider,0,0,0.00,1.92,13.20,AVAILABLE,NONE,15050,0,P,P,0.00,PRESSED,FAULT
2026-05-18 18:59:33.005,602.5351,,slider,0,0,6.48,3.44,13.20,AVAILABLE,NONE,15060,0,P,P,0.00,PRESSED,FAULT
2026-05-18 18:59:33.405,602.9351,,slider,0,0,0.00,3.05,13.20,AVAILABLE,NONE,15070,0,P,P,0.00,released,RELEASED
2026-05-18 18:59:33.805,603.3351,,slider,0,0,0.00,1.19,13.20,AVAILABLE,NONE,15080,0,P,P,0.00,released,RELEASED
2026-05-18 18:59:34.206,603.7352,,slider,0,0,0.00,3.53,13.20,AVAILABLE,NONE,15090,0,P,P,0.00,released,RELEASED
2026-05-18 18:59:34.606,604.1353,,slider,0,0,0.00,1.29,13.30,AVAILABLE,NONE,15100,0,P,P,0.00,released,RELEASED
2026-05-18 18:59:35.006,604.5353,,slider,0,0,101.39,38.67,13.30,AVAILABLE,NONE,15110,0,P,P,0.00,released,RELEASED
2026-05-18 18:59:35.406,604.9355,,slider,0,0,-192.16,80.67,13.30,AVAILABLE,NONE,15120,0,P,P,0.00,released,RELEASED
2026-05-18 18:59:35.806,605.3358,,slider,0,0,353.56,44.67,13.30,AVAILABLE,NONE,15130,0,P,P,0.00,released,RELEASED
2026-05-18 18:59:36.206,605.7357,,slider,0,0,-89.98,50.67,13.30,AVAILABLE,NONE,15140,0,P,P,0.00,released,RELEASED
2026-05-18 18:59:36.606,606.1356,,slider,0,0,-30.64,-14.35,13.30,AVAILABLE,NONE,15150,0,P,P,0.00,released,RELEASED
2026-05-18 18:59:37.007,606.5361,,slider,0,0,353.56,-7.27,13.30,AVAILABLE,NONE,15160,0,P,P,0.00,released,RELEASED
2026-05-18 18:59:37.406,606.9355,,slider,0,0,-179.95,-19.27,13.30,AVAILABLE,NONE,15170,0,P,P,0.00,released,RELEASED
2026-05-18 18:59:37.806,607.3356,,slider,0,0,0.00,-7.84,13.30,AVAILABLE,NONE,15180,0,P,P,0.00,released,RELEASED
2026-05-18 18:59:38.207,607.7356,,slider,0,0,353.56,-25.84,13.30,AVAILABLE,NONE,15190,0,P,P,0.00,released,RELEASED
2026-05-18 18:59:38.607,608.1357,,slider,0,0,-232.06,-1.84,13.30,AVAILABLE,NONE,15200,0,P,P,0.00,released,RELEASED
2026-05-18 18:59:39.007,608.5362,,slider,0,0,0.00,-13.84,13.30,AVAILABLE,NONE,15210,0,P,P,0.00,released,RELEASED
2026-05-18 18:59:39.407,608.9356,,slider,0,0,6.48,2.12,13.30,AVAILABLE,NONE,15220,0,P,P,0.00,released,RELEASED
2026-05-18 18:59:39.807,609.3361,,slider,0,0,6.48,3.20,13.30,AVAILABLE,NONE,15230,0,P,P,0.00,released,RELEASED
2026-05-18 18:59:40.207,609.7359,,slider,0,0,0.00,3.97,13.30,AVAILABLE,NONE,15240,0,P,P,0.00,released,RELEASED
2026-05-18 18:59:40.607,610.1357,,slider,0,0,0.00,3.23,13.30,AVAILABLE,NONE,15250,0,P,P,0.00,released,RELEASED
2026-05-18 18:59:41.007,610.5359,,slider,0,0,0.00,1.84,13.30,AVAILABLE,NONE,15260,0,P,P,0.00,released,RELEASED
2026-05-18 18:59:41.408,610.9366,,slider,0,0,6.48,2.30,13.30,AVAILABLE,NONE,15270,0,P,P,0.00,released,RELEASED
2026-05-18 18:59:41.808,611.3362,,slider,0,0,6.48,4.13,13.30,AVAILABLE,NONE,15280,0,P,P,0.00,released,RELEASED
2026-05-18 18:59:42.207,611.7359,,slider,0,0,0.00,0.92,13.30,AVAILABLE,NONE,15290,0,P,P,0.00,released,RELEASED
2026-05-18 18:59:42.608,612.1362,,slider,0,0,6.48,2.78,13.30,AVAILABLE,NONE,15300,0,P,P,0.00,released,RELEASED
2026-05-18 18:59:43.008,612.5361,,slider,0,0,6.48,1.45,13.30,AVAILABLE,NONE,15310,0,P,P,0.00,released,RELEASED
2026-05-18 18:59:43.408,612.9364,,slider,0,0,0.00,2.09,13.30,AVAILABLE,NONE,15320,0,P,P,0.00,released,RELEASED
2026-05-18 18:59:43.808,613.3364,,slider,0,0,6.48,3.06,13.30,AVAILABLE,NONE,15330,0,P,P,0.00,released,RELEASED
2026-05-18 18:59:44.208,613.7362,,slider,0,0,0.00,4.72,13.30,AVAILABLE,NONE,15340,0,P,P,0.00,released,RELEASED
2026-05-18 18:59:44.608,614.1366,,slider,0,0,6.48,1.44,13.30,AVAILABLE,NONE,15350,0,P,P,0.00,released,RELEASED
2026-05-18 18:59:45.008,614.5363,,slider,0,0,0.00,1.51,13.30,AVAILABLE,NONE,15360,0,P,P,0.00,released,RELEASED
2026-05-18 18:59:45.408,614.9364,,slider,0,0,6.48,1.27,13.30,AVAILABLE,NONE,15370,0,P,P,0.00,released,RELEASED
2026-05-18 18:59:45.809,615.3369,,slider,0,0,6.48,1.69,13.30,AVAILABLE,NONE,15380,0,P,P,0.00,released,RELEASED
2026-05-18 18:59:46.209,615.7365,,slider,0,0,0.00,2.68,13.30,AVAILABLE,NONE,15390,0,P,P,0.00,released,RELEASED
2026-05-18 18:59:46.609,616.1367,,slider,0,0,0.00,2.69,13.30,AVAILABLE,NONE,15400,0,P,P,0.00,released,RELEASED
2026-05-18 18:59:47.009,616.5369,,slider,0,0,6.48,3.75,13.30,AVAILABLE,NONE,15410,0,P,P,0.00,released,RELEASED
2026-05-18 18:59:47.409,616.9364,,slider,0,0,6.48,2.32,13.30,AVAILABLE,NONE,15420,0,P,P,0.00,released,RELEASED
2026-05-18 18:59:47.809,617.3369,,slider,0,0,0.00,3.48,13.30,AVAILABLE,NONE,15430,0,P,P,0.00,released,RELEASED
2026-05-18 18:59:48.209,617.7364,,slider,0,0,0.00,2.01,13.30,AVAILABLE,NONE,15440,0,P,P,0.00,released,RELEASED
2026-05-18 18:59:48.609,618.1367,,slider,0,0,6.48,1.61,13.30,AVAILABLE,NONE,15450,0,P,P,0.00,released,RELEASED
2026-05-18 18:59:49.009,618.5369,,slider,0,0,0.00,3.42,13.30,AVAILABLE,NONE,15460,0,P,P,0.00,released,RELEASED
2026-05-18 18:59:49.409,618.9364,,slider,0,0,0.00,3.20,13.30,AVAILABLE,NONE,15470,0,P,P,0.00,released,RELEASED
2026-05-18 18:59:49.809,619.3366,,slider,0,0,0.00,0.87,13.30,AVAILABLE,NONE,15480,0,P,P,0.00,released,RELEASED
2026-05-18 18:59:50.210,619.7368,,slider,0,0,6.48,2.73,13.30,AVAILABLE,NONE,15490,0,P,P,0.00,released,RELEASED
2026-05-18 18:59:50.610,620.1369,,slider,0,0,6.48,4.19,13.30,AVAILABLE,NONE,15500,0,P,P,0.00,released,RELEASED
2026-05-18 18:59:51.010,620.5370,,slider,0,0,0.00,2.67,13.30,AVAILABLE,NONE,15510,0,P,P,0.00,released,RELEASED
2026-05-18 18:59:51.410,620.9366,,slider,0,0,0.00,3.20,13.30,AVAILABLE,NONE,15520,0,P,P,0.00,released,RELEASED
2026-05-18 18:59:51.810,621.3365,,slider,0,0,0.00,2.28,13.30,AVAILABLE,NONE,15530,0,P,P,0.00,released,RELEASED
2026-05-18 18:59:52.210,621.7369,,slider,0,0,0.00,1.18,13.30,AVAILABLE,NONE,15540,0,P,P,0.00,released,RELEASED
2026-05-18 18:59:52.610,622.1369,,slider,0,0,6.48,5.28,13.30,AVAILABLE,NONE,15550,0,P,P,0.00,released,RELEASED
2026-05-18 18:59:53.010,622.5371,,slider,0,0,0.00,2.50,13.30,AVAILABLE,NONE,15560,0,P,P,0.00,released,RELEASED
2026-05-18 18:59:53.410,622.9368,,slider,0,0,6.48,0.96,13.30,AVAILABLE,NONE,15570,0,P,P,0.00,released,RELEASED
2026-05-18 18:59:53.811,623.3373,,slider,0,0,0.00,1.64,13.30,AVAILABLE,NONE,15580,0,P,P,0.00,released,RELEASED
2026-05-18 18:59:54.210,623.7367,,slider,0,0,0.00,1.21,13.30,AVAILABLE,NONE,15590,0,P,P,0.00,released,RELEASED
2026-05-18 18:59:54.611,624.1372,,slider,0,0,0.00,1.61,13.30,AVAILABLE,NONE,15600,0,P,P,0.00,released,RELEASED
2026-05-18 18:59:55.010,624.5369,,slider,0,0,6.48,1.78,13.30,AVAILABLE,NONE,15610,0,P,P,0.00,released,RELEASED
2026-05-18 18:59:55.410,624.9369,,slider,0,0,6.48,1.52,13.30,AVAILABLE,NONE,15620,0,P,P,0.00,released,RELEASED
2026-05-18 18:59:55.811,625.3370,,slider,0,0,6.48,4.52,13.30,AVAILABLE,NONE,15630,0,P,P,0.00,released,RELEASED
2026-05-18 18:59:56.211,625.7370,,slider,0,0,0.00,2.87,13.30,AVAILABLE,NONE,15640,0,P,P,0.00,released,RELEASED
2026-05-18 18:59:56.611,626.1372,,slider,0,0,0.00,3.15,13.30,AVAILABLE,NONE,15650,0,P,P,0.00,released,RELEASED
2026-05-18 18:59:57.011,626.5371,,slider,0,0,6.48,4.15,13.30,AVAILABLE,NONE,15660,0,P,P,0.00,released,RELEASED
2026-05-18 18:59:57.307,626.8330,engage,slider,1,0,13.30,13.30,13.30,AVAILABLE,NONE,15667,0,P,P,0.00,released,RELEASED
2026-05-18 18:59:57.371,626.8972,eac_transition:ACTIVE,slider,1,0,0.00,11.03,13.30,ACTIVE,NONE,15669,0,P,P,0.00,released,RELEASED
2026-05-18 18:59:57.411,626.9374,,slider,1,0,6.48,7.58,12.90,ACTIVE,NONE,15670,0,P,P,0.00,released,RELEASED
2026-05-18 18:59:57.811,627.3372,,slider,1,0,0.00,3.31,6.90,ACTIVE,NONE,15680,0,P,P,0.00,released,RELEASED
2026-05-18 18:59:58.211,627.7374,,slider,1,0,0.00,3.49,4.80,ACTIVE,NONE,15690,0,P,P,0.00,released,RELEASED
2026-05-18 18:59:58.612,628.1382,,slider,1,0,0.00,2.50,3.10,ACTIVE,NONE,15700,0,P,P,0.00,released,RELEASED
2026-05-18 18:59:59.012,628.5374,,slider,1,0,6.48,3.75,2.50,ACTIVE,NONE,15710,0,P,P,0.00,released,RELEASED
2026-05-18 18:59:59.411,628.9373,,slider,1,0,0.00,4.21,2.60,ACTIVE,NONE,15720,0,P,P,0.00,released,RELEASED
2026-05-18 18:59:59.811,629.3372,,slider,1,0,0.00,2.44,2.70,ACTIVE,NONE,15730,0,P,P,0.00,released,RELEASED
2026-05-18 19:00:00.212,629.7375,,slider,1,0,6.48,2.43,2.60,ACTIVE,NONE,15740,0,P,P,0.00,released,RELEASED
2026-05-18 19:00:00.612,630.1372,,slider,1,0,6.48,3.52,2.60,ACTIVE,NONE,15750,0,P,P,0.00,released,RELEASED
2026-05-18 19:00:01.012,630.5378,,slider,1,0,0.00,2.08,2.60,ACTIVE,NONE,15760,0,P,P,0.00,released,RELEASED
2026-05-18 19:00:01.412,630.9372,,slider,1,0,6.48,2.25,2.80,ACTIVE,NONE,15770,0,P,P,0.00,released,RELEASED
2026-05-18 19:00:01.812,631.3376,,slider,1,0,6.48,2.79,2.70,ACTIVE,NONE,15780,0,P,P,0.00,released,RELEASED
2026-05-18 19:00:02.212,631.7373,,slider,1,0,6.48,4.78,2.70,ACTIVE,NONE,15790,0,P,P,0.00,released,RELEASED
2026-05-18 19:00:02.612,632.1375,,slider,1,0,12.99,10.43,6.80,ACTIVE,NONE,15800,0,P,P,0.00,released,RELEASED
2026-05-18 19:00:03.012,632.5374,,slider,1,0,44.35,33.88,21.50,ACTIVE,NONE,15810,0,P,P,0.00,released,RELEASED
2026-05-18 19:00:03.413,632.9379,,slider,1,0,46.69,47.26,41.40,ACTIVE,NONE,15820,0,P,P,0.00,released,RELEASED
2026-05-18 19:00:03.812,633.3375,,slider,1,0,44.35,46.13,46.20,ACTIVE,NONE,15830,0,P,P,0.00,released,RELEASED
2026-05-18 19:00:04.212,633.7375,,slider,1,0,-23.95,0.28,24.00,ACTIVE,NONE,15840,0,P,P,0.00,released,RELEASED
2026-05-18 19:00:04.612,634.1375,,slider,1,0,-63.64,-51.48,-32.60,ACTIVE,NONE,15850,0,P,P,0.00,released,RELEASED
2026-05-18 19:00:05.013,634.5377,,slider,1,0,-66.15,-66.86,-64.70,ACTIVE,NONE,15860,0,P,P,0.00,released,RELEASED
2026-05-18 19:00:05.413,634.9379,,slider,1,0,10.82,-59.72,-70.10,ACTIVE,NONE,15870,0,P,P,0.00,released,RELEASED
2026-05-18 19:00:05.813,635.3380,,slider,1,0,213.70,12.28,-19.60,ACTIVE,NONE,15880,0,P,P,0.00,released,RELEASED
2026-05-18 19:00:06.213,635.7379,,slider,1,0,222.75,84.28,58.10,ACTIVE,NONE,15890,0,P,P,0.00,released,RELEASED
2026-05-18 19:00:06.613,636.1381,,slider,1,0,340.94,156.28,132.20,ACTIVE,NONE,15900,0,P,P,0.00,released,RELEASED
2026-05-18 19:00:07.013,636.5381,,slider,1,0,353.56,228.28,204.70,ACTIVE,NONE,15910,0,P,P,0.00,released,RELEASED
2026-05-18 19:00:07.414,636.9385,,slider,1,0,316.71,300.28,276.90,ACTIVE,NONE,15920,0,P,P,0.00,released,RELEASED
2026-05-18 19:00:07.813,637.3381,,slider,1,0,126.00,262.34,289.20,ACTIVE,NONE,15930,0,P,P,0.00,released,RELEASED
2026-05-18 19:00:08.214,637.7385,,slider,1,0,81.77,190.34,218.60,ACTIVE,NONE,15940,0,P,P,0.00,released,RELEASED
2026-05-18 19:00:08.614,638.1384,,slider,1,0,0.00,118.34,142.50,ACTIVE,NONE,15950,0,P,P,0.00,released,RELEASED
2026-05-18 19:00:09.014,638.5384,,slider,1,0,6.48,46.34,70.40,ACTIVE,NONE,15960,0,P,P,0.00,released,RELEASED
2026-05-18 19:00:09.414,638.9385,,slider,1,0,0.00,0.95,7.00,ACTIVE,NONE,15970,0,P,P,0.00,released,RELEASED
2026-05-18 19:00:09.814,639.3387,,slider,1,0,-71.25,-60.29,-37.80,ACTIVE,NONE,15980,0,P,P,0.00,released,RELEASED
2026-05-18 19:00:10.214,639.7389,,slider,1,0,51.43,5.04,-23.90,ACTIVE,NONE,15990,0,P,P,0.00,released,RELEASED
2026-05-18 19:00:10.614,640.1386,,slider,1,0,6.48,77.04,49.40,ACTIVE,NONE,16000,0,P,P,0.00,released,RELEASED
2026-05-18 19:00:11.014,640.5383,,slider,1,0,-135.92,5.04,33.60,ACTIVE,NONE,16010,0,P,P,0.00,released,RELEASED
2026-05-18 19:00:11.414,640.9388,,slider,1,0,-218.19,-66.96,-39.70,ACTIVE,NONE,16020,0,P,P,0.00,released,RELEASED
2026-05-18 19:00:11.814,641.3384,,slider,1,0,-305.07,-138.96,-114.80,ACTIVE,NONE,16030,0,P,P,0.00,released,RELEASED
2026-05-18 19:00:12.215,641.7392,,slider,1,0,-328.66,-210.96,-187.80,ACTIVE,NONE,16040,0,P,P,0.00,released,RELEASED
2026-05-18 19:00:12.614,642.1388,,slider,1,0,-272.03,-282.96,-260.00,ACTIVE,NONE,16050,0,P,P,0.00,released,RELEASED
2026-05-18 19:00:13.015,642.5388,,slider,1,0,-160.70,-268.72,-282.20,ACTIVE,NONE,16060,0,P,P,0.00,released,RELEASED
2026-05-18 19:00:13.414,642.9386,,slider,1,0,0.00,-196.72,-226.50,ACTIVE,NONE,16070,0,P,P,0.00,released,RELEASED
2026-05-18 19:00:13.815,643.3388,,slider,1,0,23.95,-124.72,-149.40,ACTIVE,NONE,16080,0,P,P,0.00,released,RELEASED
2026-05-18 19:00:14.214,643.7386,,slider,1,0,6.48,-52.72,-76.40,ACTIVE,NONE,16090,0,P,P,0.00,released,RELEASED
2026-05-18 19:00:14.615,644.1393,,slider,1,0,6.48,3.89,-6.60,ACTIVE,NONE,16100,0,P,P,0.00,released,RELEASED
2026-05-18 19:00:15.015,644.5387,,slider,1,0,0.00,3.24,3.10,ACTIVE,NONE,16110,0,P,P,0.00,released,RELEASED
2026-05-18 19:00:15.415,644.9390,,slider,1,0,6.48,2.16,3.20,ACTIVE,NONE,16120,0,P,P,0.00,released,RELEASED
2026-05-18 19:00:15.815,645.3387,,slider,1,0,6.48,4.74,3.20,ACTIVE,NONE,16130,0,P,P,0.00,released,RELEASED
2026-05-18 19:00:16.215,645.7387,,slider,1,0,6.48,4.07,3.30,ACTIVE,NONE,16140,0,P,P,0.00,released,RELEASED
2026-05-18 19:00:16.615,646.1390,,slider,1,0,0.00,2.45,3.60,ACTIVE,NONE,16150,0,P,P,0.00,released,RELEASED
2026-05-18 19:00:17.015,646.5390,,slider,1,0,0.00,1.79,3.50,ACTIVE,NONE,16160,0,P,P,0.00,released,RELEASED
2026-05-18 19:00:17.415,646.9392,,slider,1,0,0.00,2.83,2.80,ACTIVE,NONE,16170,0,P,P,0.00,released,RELEASED
2026-05-18 19:00:17.815,647.3389,,slider,1,0,0.00,2.43,2.80,ACTIVE,NONE,16180,0,P,P,0.00,released,RELEASED
2026-05-18 19:00:18.215,647.7392,,slider,1,0,0.00,0.60,2.30,ACTIVE,NONE,16190,0,P,P,0.00,released,RELEASED
2026-05-18 19:00:18.616,648.1393,,slider,1,0,0.00,2.21,0.70,ACTIVE,NONE,16200,0,P,P,0.00,released,RELEASED
2026-05-18 19:00:19.016,648.5395,,slider,1,0,6.48,3.86,1.60,ACTIVE,NONE,16210,0,P,P,0.00,released,RELEASED
2026-05-18 19:00:19.416,648.9392,,slider,1,0,0.00,3.99,2.20,ACTIVE,NONE,16220,0,P,P,0.00,released,RELEASED
2026-05-18 19:00:19.816,649.3392,,slider,1,0,6.48,4.60,3.10,ACTIVE,NONE,16230,0,P,P,0.00,released,RELEASED
2026-05-18 19:00:20.216,649.7394,,slider,1,0,0.00,2.27,3.50,ACTIVE,NONE,16240,0,P,P,0.00,PRESSED,FAULT
2026-05-18 19:00:20.616,650.1394,,slider,1,0,0.00,0.59,2.70,ACTIVE,NONE,16250,0,P,P,0.00,PRESSED,FAULT
2026-05-18 19:00:21.016,650.5394,,slider,1,0,6.48,0.72,2.30,ACTIVE,NONE,16260,0,P,P,0.00,PRESSED,FAULT
2026-05-18 19:00:21.416,650.9397,,slider,1,0,6.48,2.35,1.90,ACTIVE,NONE,16270,0,P,P,0.00,PRESSED,FAULT
2026-05-18 19:00:21.816,651.3393,,slider,1,0,0.00,2.27,1.90,ACTIVE,NONE,16280,0,P,P,0.00,PRESSED,FAULT
2026-05-18 19:00:22.216,651.7396,,slider,1,0,0.00,2.84,2.40,ACTIVE,NONE,16290,0,P,P,0.00,PRESSED,FAULT
2026-05-18 19:00:22.616,652.1396,,slider,1,0,0.00,0.97,2.60,ACTIVE,NONE,16300,0,P,P,0.00,PRESSED,FAULT
2026-05-18 19:00:23.016,652.5396,,slider,1,0,0.00,3.67,2.50,ACTIVE,NONE,16310,0,P,P,0.00,PRESSED,FAULT
2026-05-18 19:00:23.416,652.9396,,slider,1,0,6.48,3.95,2.60,ACTIVE,NONE,16320,0,P,P,0.00,PRESSED,FAULT
2026-05-18 19:00:23.816,653.3397,,slider,1,0,0.00,2.78,3.60,ACTIVE,NONE,16330,0,P,P,0.00,PRESSED,FAULT
2026-05-18 19:00:24.217,653.7398,,slider,1,0,0.00,4.03,3.60,ACTIVE,NONE,16340,0,P,P,0.00,PRESSED,FAULT
2026-05-18 19:00:24.617,654.1397,,slider,1,0,0.00,2.00,3.60,ACTIVE,NONE,16350,0,P,P,0.00,PRESSED,FAULT
2026-05-18 19:00:25.017,654.5397,,slider,1,0,6.48,3.07,3.00,ACTIVE,NONE,16360,0,P,P,0.00,PRESSED,FAULT
2026-05-18 19:00:25.417,654.9397,,slider,1,0,0.00,4.13,3.10,ACTIVE,NONE,16370,0,P,P,0.00,PRESSED,FAULT
2026-05-18 19:00:25.817,655.3399,,slider,1,0,0.00,2.16,2.90,ACTIVE,NONE,16380,0,P,P,0.00,PRESSED,FAULT
2026-05-18 19:00:25.957,655.4799,shift_requested:R,slider,1,0,0.00,1.56,2.90,ACTIVE,NONE,16383,0,P,P,0.00,PRESSED,FAULT
2026-05-18 19:00:25.997,655.5195,gear_change:R,slider,1,0,0.00,0.51,2.90,ACTIVE,NONE,16384,0,R,R,0.00,PRESSED,FAULT
2026-05-18 19:00:26.047,655.5702,eac_transition:AVAILABLE,slider,0,0,0.00,0.09,0.70,AVAILABLE,NONE,16386,0,R,R,0.00,PRESSED,FAULT
2026-05-18 19:00:26.217,655.7396,,slider,0,0,0.00,0.00,-16.80,AVAILABLE,NONE,16390,0,R,R,0.00,PRESSED,FAULT
2026-05-18 19:00:26.617,656.1398,,slider,0,0,0.00,0.00,-16.50,AVAILABLE,NONE,16400,0,R,R,0.00,PRESSED,FAULT
2026-05-18 19:00:27.017,656.5398,,slider,0,0,0.00,0.00,-16.60,AVAILABLE,NONE,16410,0,R,R,0.00,PRESSED,FAULT
2026-05-18 19:00:27.417,656.9396,,slider,0,0,0.00,0.00,-16.60,AVAILABLE,NONE,16420,0,R,R,0.00,PRESSED,FAULT
2026-05-18 19:00:27.817,657.3393,,slider,0,0,0.00,0.00,-16.60,AVAILABLE,NONE,16430,0,R,R,0.00,PRESSED,FAULT
2026-05-18 19:00:28.217,657.7393,,slider,0,0,0.00,0.00,-16.60,AVAILABLE,NONE,16440,0,R,R,0.00,PRESSED,FAULT
2026-05-18 19:00:28.617,658.1393,,slider,0,0,0.00,0.00,-16.60,AVAILABLE,NONE,16450,0,R,R,0.00,PRESSED,FAULT
2026-05-18 19:00:29.017,658.5392,,slider,0,0,0.00,0.00,-16.60,AVAILABLE,NONE,16460,0,R,R,0.00,PRESSED,FAULT
2026-05-18 19:00:29.417,658.9397,,slider,0,0,0.00,0.00,-16.60,AVAILABLE,NONE,16470,0,R,R,0.00,PRESSED,FAULT
2026-05-18 19:00:29.817,659.3392,,slider,0,0,6.48,0.00,-16.60,AVAILABLE,NONE,16480,0,R,R,0.00,PRESSED,FAULT
2026-05-18 19:00:30.217,659.7393,,slider,0,0,0.00,0.09,-16.60,AVAILABLE,NONE,16490,0,R,R,0.00,PRESSED,FAULT
2026-05-18 19:00:30.617,660.1396,,slider,0,0,0.00,0.00,-16.70,AVAILABLE,NONE,16500,0,R,R,0.00,PRESSED,FAULT
2026-05-18 19:00:31.017,660.5392,,slider,0,0,0.00,0.15,-16.70,AVAILABLE,NONE,16510,0,R,R,0.00,PRESSED,FAULT
2026-05-18 19:00:31.417,660.9395,,slider,0,0,0.00,0.01,-16.70,AVAILABLE,NONE,16520,0,R,R,0.00,PRESSED,FAULT
2026-05-18 19:00:31.817,661.3395,,slider,0,0,0.00,0.00,-16.70,AVAILABLE,NONE,16530,0,R,R,0.00,PRESSED,FAULT
2026-05-18 19:00:32.217,661.7393,,slider,0,0,0.00,0.00,-16.70,AVAILABLE,NONE,16540,0,R,R,0.00,PRESSED,FAULT
2026-05-18 19:00:32.617,662.1395,,slider,0,0,0.00,0.00,-16.70,AVAILABLE,NONE,16550,0,R,R,0.00,PRESSED,FAULT
2026-05-18 19:00:33.017,662.5392,,slider,0,0,0.00,0.00,-16.80,AVAILABLE,NONE,16560,0,R,R,0.00,PRESSED,FAULT
2026-05-18 19:00:33.417,662.9394,,slider,0,0,0.00,0.00,-16.80,AVAILABLE,NONE,16570,0,R,R,0.00,PRESSED,FAULT
2026-05-18 19:00:33.817,663.3393,,slider,0,0,0.00,0.00,-16.80,AVAILABLE,NONE,16580,0,R,R,0.00,PRESSED,FAULT
2026-05-18 19:00:34.217,663.7392,,slider,0,0,0.00,0.00,-16.80,AVAILABLE,NONE,16590,0,R,R,0.00,PRESSED,FAULT
2026-05-18 19:00:34.618,664.1399,,slider,0,0,0.00,0.00,-16.80,AVAILABLE,NONE,16600,0,R,R,0.00,PRESSED,FAULT
2026-05-18 19:00:35.017,664.5392,,slider,0,0,0.00,0.00,-16.80,AVAILABLE,NONE,16610,0,R,R,0.00,PRESSED,FAULT
2026-05-18 19:00:35.277,664.7993,shift_requested:N,slider,0,0,6.48,0.00,-16.80,AVAILABLE,NONE,16616,0,R,R,0.00,PRESSED,FAULT
2026-05-18 19:00:35.411,664.9326,,slider,0,0,6.48,4.31,-16.80,AVAILABLE,NONE,16620,0,R,N,0.00,PRESSED,FAULT
2026-05-18 19:00:35.580,665.1017,gear_change:N,slider,0,0,0.00,2.01,-16.80,AVAILABLE,NONE,16623,0,N,N,0.00,PRESSED,FAULT
2026-05-18 19:00:35.817,665.3391,,slider,0,0,0.00,2.34,-16.80,AVAILABLE,NONE,16630,0,N,N,0.00,PRESSED,FAULT
2026-05-18 19:00:36.217,665.7393,,slider,0,0,0.00,1.33,-16.80,AVAILABLE,NONE,16640,0,N,N,0.00,PRESSED,FAULT
2026-05-18 19:00:36.617,666.1391,,slider,0,0,0.00,3.71,-16.90,AVAILABLE,NONE,16650,0,N,N,0.00,PRESSED,FAULT
2026-05-18 19:00:37.017,666.5391,,slider,0,0,6.48,2.47,-16.90,AVAILABLE,NONE,16660,0,N,N,0.00,PRESSED,FAULT
2026-05-18 19:00:37.417,666.9391,,slider,0,0,0.00,2.13,-16.90,AVAILABLE,NONE,16670,0,N,N,0.00,PRESSED,FAULT
2026-05-18 19:00:37.817,667.3391,,slider,0,0,6.48,0.43,-16.90,AVAILABLE,NONE,16680,0,N,N,0.00,PRESSED,FAULT
2026-05-18 19:00:38.218,667.7393,,slider,0,0,0.00,3.08,-16.90,AVAILABLE,NONE,16690,0,N,N,0.00,PRESSED,FAULT
2026-05-18 19:00:38.618,668.1394,,slider,0,0,0.00,2.45,-16.90,AVAILABLE,NONE,16700,0,N,N,0.00,PRESSED,FAULT
2026-05-18 19:00:39.018,668.5391,,slider,0,0,0.00,1.20,-16.90,AVAILABLE,NONE,16710,0,N,N,0.00,PRESSED,FAULT
2026-05-18 19:00:39.418,668.9391,,slider,0,0,6.48,3.31,-16.90,AVAILABLE,NONE,16720,0,N,N,0.00,PRESSED,FAULT
2026-05-18 19:00:39.818,669.3391,,slider,0,0,0.00,2.66,-16.90,AVAILABLE,NONE,16730,0,N,N,0.00,PRESSED,FAULT
2026-05-18 19:00:40.218,669.7391,,slider,0,0,0.00,1.20,-16.90,AVAILABLE,NONE,16740,0,N,N,0.00,PRESSED,FAULT
2026-05-18 19:00:40.618,670.1393,,slider,0,0,0.00,2.37,-16.90,AVAILABLE,NONE,16750,0,N,N,0.00,PRESSED,FAULT
2026-05-18 19:00:41.018,670.5393,,slider,0,0,0.00,3.40,-16.90,AVAILABLE,NONE,16760,0,N,N,0.00,PRESSED,FAULT
2026-05-18 19:00:41.418,670.9392,,slider,0,0,6.48,1.18,-16.90,AVAILABLE,NONE,16770,0,N,N,0.00,PRESSED,FAULT
2026-05-18 19:00:41.818,671.3392,,slider,0,0,0.00,4.01,-16.90,AVAILABLE,NONE,16780,0,N,N,0.00,PRESSED,FAULT
2026-05-18 19:00:42.218,671.7392,,slider,0,0,0.00,1.90,-16.90,AVAILABLE,NONE,16790,0,N,N,0.00,PRESSED,FAULT
2026-05-18 19:00:42.461,671.9821,shift_requested:D,slider,0,0,0.00,3.07,-16.90,AVAILABLE,NONE,16795,0,N,N,0.00,PRESSED,FAULT
2026-05-18 19:00:42.486,672.0075,gear_change:D,slider,0,0,0.00,1.45,-16.90,AVAILABLE,NONE,16796,0,D,D,0.00,PRESSED,FAULT
2026-05-18 19:00:42.612,672.1332,,slider,0,0,0.00,0.03,-16.90,AVAILABLE,NONE,16800,0,D,D,0.00,PRESSED,FAULT
2026-05-18 19:00:43.018,672.5394,,slider,0,0,0.00,0.00,-16.90,AVAILABLE,NONE,16810,0,D,D,0.00,PRESSED,FAULT
2026-05-18 19:00:43.418,672.9394,,slider,0,0,0.00,0.00,-16.90,AVAILABLE,NONE,16820,0,D,D,0.00,PRESSED,FAULT
2026-05-18 19:00:43.818,673.3394,,slider,0,0,0.00,0.00,-16.90,AVAILABLE,NONE,16830,0,D,D,0.00,PRESSED,FAULT
2026-05-18 19:00:44.218,673.7393,,slider,0,0,0.00,0.00,-16.90,AVAILABLE,NONE,16840,0,D,D,0.00,PRESSED,FAULT
2026-05-18 19:00:44.618,674.1394,,slider,0,0,0.00,0.00,-16.90,AVAILABLE,NONE,16850,0,D,D,0.00,PRESSED,FAULT
2026-05-18 19:00:45.018,674.5393,,slider,0,0,0.00,0.00,-16.90,AVAILABLE,NONE,16860,0,D,D,0.00,PRESSED,FAULT
2026-05-18 19:00:45.419,674.9393,,slider,0,0,0.00,0.00,-16.90,AVAILABLE,NONE,16870,0,D,D,0.00,PRESSED,FAULT
2026-05-18 19:00:45.819,675.3393,,slider,0,0,0.00,0.00,-16.90,AVAILABLE,NONE,16880,0,D,D,0.00,PRESSED,FAULT
2026-05-18 19:00:46.218,675.7392,,slider,0,0,0.00,0.00,-16.90,AVAILABLE,NONE,16890,0,D,D,0.00,PRESSED,FAULT
2026-05-18 19:00:46.619,676.1394,,slider,0,0,0.00,0.00,-17.00,AVAILABLE,NONE,16900,0,D,D,0.00,PRESSED,FAULT
2026-05-18 19:00:47.019,676.5392,,slider,0,0,0.00,0.00,-17.00,AVAILABLE,NONE,16910,0,D,D,0.00,PRESSED,FAULT
2026-05-18 19:00:47.419,676.9393,,slider,0,0,0.00,0.00,-17.00,AVAILABLE,NONE,16920,0,D,D,0.00,PRESSED,FAULT
2026-05-18 19:00:47.819,677.3394,,slider,0,0,0.00,0.00,-17.00,AVAILABLE,NONE,16930,0,D,D,0.00,PRESSED,FAULT
2026-05-18 19:00:48.219,677.7394,,slider,0,0,0.00,0.00,-17.00,AVAILABLE,NONE,16940,0,D,D,0.00,PRESSED,FAULT
2026-05-18 19:00:48.619,678.1396,,slider,0,0,0.00,0.00,-17.00,AVAILABLE,NONE,16950,0,D,D,0.00,PRESSED,FAULT
2026-05-18 19:00:49.019,678.5393,,slider,0,0,0.00,0.00,-17.00,AVAILABLE,NONE,16960,0,D,D,0.00,PRESSED,FAULT
2026-05-18 19:00:49.419,678.9398,,slider,0,0,0.00,0.00,-17.00,AVAILABLE,NONE,16970,0,D,D,0.00,PRESSED,FAULT
2026-05-18 19:00:49.819,679.3395,,slider,0,0,0.00,0.00,-17.00,AVAILABLE,NONE,16980,0,D,D,0.00,PRESSED,FAULT
2026-05-18 19:00:50.219,679.7394,,slider,0,0,0.00,0.00,-17.00,AVAILABLE,NONE,16990,0,D,D,0.00,PRESSED,FAULT
2026-05-18 19:00:50.619,680.1395,,slider,0,0,0.00,0.00,-17.00,AVAILABLE,NONE,17000,0,D,D,0.00,PRESSED,FAULT
2026-05-18 19:00:51.019,680.5394,,slider,0,0,0.00,0.00,-17.00,AVAILABLE,NONE,17010,0,D,D,0.00,PRESSED,FAULT
2026-05-18 19:00:51.103,680.6234,shift_requested:P,slider,0,0,0.00,0.00,-17.00,AVAILABLE,NONE,17012,0,D,D,0.00,PRESSED,FAULT
2026-05-18 19:00:51.419,680.9394,,slider,0,0,0.00,0.00,-17.00,AVAILABLE,NONE,17020,0,D,P,0.00,PRESSED,FAULT
2026-05-18 19:00:51.482,681.0025,gear_change:P,slider,0,0,0.00,0.00,-17.00,AVAILABLE,NONE,17021,0,P,P,0.00,PRESSED,FAULT
2026-05-18 19:00:51.819,681.3396,,slider,0,0,0.00,0.00,-17.00,AVAILABLE,NONE,17030,0,P,P,0.00,PRESSED,FAULT
2026-05-18 19:00:52.219,681.7395,,slider,0,0,0.00,0.00,-17.00,AVAILABLE,NONE,17040,0,P,P,0.00,PRESSED,FAULT
2026-05-18 19:00:52.619,682.1394,,slider,0,0,0.00,0.00,-17.00,AVAILABLE,NONE,17050,0,P,P,0.00,PRESSED,FAULT
2026-05-18 19:00:53.019,682.5395,,slider,0,0,0.00,0.00,-17.00,AVAILABLE,NONE,17060,0,P,P,0.00,PRESSED,FAULT
2026-05-18 19:00:53.420,682.9395,,slider,0,0,0.00,0.00,-17.00,AVAILABLE,NONE,17070,0,P,P,0.00,released,RELEASED
2026-05-18 19:00:53.820,683.3395,,slider,0,0,0.00,0.00,-17.00,AVAILABLE,NONE,17080,0,P,P,0.00,released,RELEASED
2026-05-18 19:00:54.219,683.7393,,slider,0,0,0.00,0.67,-17.00,AVAILABLE,NONE,17090,0,P,P,0.00,released,RELEASED
2026-05-18 19:00:54.620,684.1395,,slider,0,0,0.00,0.03,-17.00,AVAILABLE,NONE,17100,0,P,P,0.00,released,RELEASED
2026-05-18 19:00:55.020,684.5396,,slider,0,0,0.00,0.00,-17.00,AVAILABLE,NONE,17110,0,P,P,0.00,released,RELEASED
2026-05-18 19:00:55.420,684.9394,,slider,0,0,0.00,0.00,-17.00,AVAILABLE,NONE,17120,0,P,P,0.00,released,RELEASED
2026-05-18 19:00:55.820,685.3395,,slider,0,0,0.00,0.00,-17.00,AVAILABLE,NONE,17130,0,P,P,0.00,released,RELEASED
2026-05-18 19:00:56.220,685.7395,,slider,0,0,0.00,0.00,-17.00,AVAILABLE,NONE,17140,0,P,P,0.00,released,RELEASED
2026-05-18 19:00:56.620,686.1396,,slider,0,0,0.00,0.00,-17.00,AVAILABLE,NONE,17150,0,P,P,0.00,released,RELEASED
2026-05-18 19:00:57.020,686.5396,,slider,0,0,0.00,0.87,-17.10,AVAILABLE,NONE,17160,0,P,P,0.00,released,RELEASED
2026-05-18 19:00:57.420,686.9395,,slider,0,0,0.00,0.04,-17.10,AVAILABLE,NONE,17170,0,P,P,0.00,released,RELEASED
2026-05-18 19:00:57.820,687.3394,,slider,0,0,0.00,0.00,-17.10,AVAILABLE,NONE,17180,0,P,P,0.00,released,RELEASED
2026-05-18 19:00:58.220,687.7395,,slider,0,0,0.00,0.00,-17.10,AVAILABLE,NONE,17190,0,P,P,0.00,released,RELEASED
2026-05-18 19:00:58.620,688.1398,,slider,0,0,0.00,0.00,-17.10,AVAILABLE,NONE,17200,0,P,P,0.00,released,RELEASED
2026-05-18 19:00:59.020,688.5395,,slider,0,0,0.00,0.00,-17.10,AVAILABLE,NONE,17210,0,P,P,0.00,released,RELEASED
2026-05-18 19:00:59.420,688.9395,,slider,0,0,0.00,0.00,-17.10,AVAILABLE,NONE,17220,0,P,P,0.00,released,RELEASED
2026-05-18 19:00:59.820,689.3398,,slider,0,0,0.00,0.00,-17.10,AVAILABLE,NONE,17230,0,P,P,0.00,released,RELEASED
2026-05-18 19:01:00.220,689.7397,,slider,0,0,0.00,0.00,-17.10,AVAILABLE,NONE,17240,0,P,P,0.00,released,RELEASED
2026-05-18 19:01:00.620,690.1395,,slider,0,0,0.00,0.00,-17.10,AVAILABLE,NONE,17250,0,P,P,0.00,released,RELEASED
2026-05-18 19:01:01.021,690.5397,,slider,0,0,0.00,0.00,-17.10,AVAILABLE,NONE,17260,0,P,P,0.00,released,RELEASED
2026-05-18 19:01:01.421,690.9397,,slider,0,0,0.00,0.00,-17.10,AVAILABLE,NONE,17270,0,P,P,0.00,released,RELEASED
2026-05-18 19:01:01.821,691.3398,,slider,0,0,0.00,0.00,-17.10,AVAILABLE,NONE,17280,0,P,P,0.00,released,RELEASED
2026-05-18 19:01:02.220,691.7395,,slider,0,0,0.00,0.00,-17.10,AVAILABLE,NONE,17290,0,P,P,0.00,released,RELEASED
2026-05-18 19:01:02.621,692.1396,,slider,0,0,0.00,0.00,-17.10,AVAILABLE,NONE,17300,0,P,P,0.00,released,RELEASED
2026-05-18 19:01:03.021,692.5397,,slider,0,0,0.00,0.00,-17.10,AVAILABLE,NONE,17310,0,P,P,0.00,released,RELEASED
2026-05-18 19:01:03.421,692.9395,,slider,0,0,0.00,0.00,-17.10,AVAILABLE,NONE,17320,0,P,P,0.00,released,RELEASED
2026-05-18 19:01:03.821,693.3400,,slider,0,0,0.00,0.00,-17.10,AVAILABLE,NONE,17330,0,P,P,0.00,released,RELEASED
2026-05-18 19:01:04.221,693.7396,,slider,0,0,0.00,0.00,-17.10,AVAILABLE,NONE,17340,0,P,P,0.00,released,RELEASED
2026-05-18 19:01:04.621,694.1396,,slider,0,0,0.00,0.32,-17.10,AVAILABLE,NONE,17350,0,P,P,0.00,released,RELEASED
2026-05-18 19:01:05.021,694.5397,,slider,0,0,0.00,0.02,-17.10,AVAILABLE,NONE,17360,0,P,P,0.00,released,RELEASED
2026-05-18 19:01:05.421,694.9396,,slider,0,0,0.00,0.00,-17.10,AVAILABLE,NONE,17370,0,P,P,0.00,released,RELEASED
2026-05-18 19:01:05.821,695.3397,,slider,0,0,0.00,0.00,-17.10,AVAILABLE,NONE,17380,0,P,P,0.00,released,RELEASED
2026-05-18 19:01:06.221,695.7398,,slider,0,0,0.00,0.00,-17.10,AVAILABLE,NONE,17390,0,P,P,0.00,released,RELEASED
2026-05-18 19:01:06.621,696.1399,,slider,0,0,0.00,0.00,-17.10,AVAILABLE,NONE,17400,0,P,P,0.00,released,RELEASED
2026-05-18 19:01:07.021,696.5396,,slider,0,0,6.48,2.56,-17.10,AVAILABLE,NONE,17410,0,P,P,0.00,released,RELEASED
2026-05-18 19:01:07.421,696.9396,,slider,0,0,0.00,0.78,-17.10,AVAILABLE,NONE,17420,0,P,P,0.00,released,RELEASED
2026-05-18 19:01:07.822,697.3400,,slider,0,0,6.48,1.88,-17.10,AVAILABLE,NONE,17430,0,P,P,0.00,released,RELEASED
2026-05-18 19:01:08.221,697.7397,,slider,0,0,6.48,2.91,-17.10,AVAILABLE,NONE,17440,0,P,P,0.00,released,RELEASED
2026-05-18 19:01:08.622,698.1400,,slider,0,0,0.00,3.54,-17.10,AVAILABLE,NONE,17450,0,P,P,0.00,released,RELEASED
2026-05-18 19:01:09.021,698.5397,,slider,0,0,0.00,2.42,-17.10,AVAILABLE,NONE,17460,0,P,P,0.00,released,RELEASED
2026-05-18 19:01:09.422,698.9399,,slider,0,0,0.00,1.76,-17.10,AVAILABLE,NONE,17470,0,P,P,0.00,released,RELEASED
2026-05-18 19:01:09.822,699.3397,,slider,0,0,0.00,2.26,-17.10,AVAILABLE,NONE,17480,0,P,P,0.00,released,RELEASED
2026-05-18 19:01:10.221,699.7396,,slider,0,0,6.48,3.45,-17.10,AVAILABLE,NONE,17490,0,P,P,0.00,released,RELEASED
2026-05-18 19:01:10.622,700.1398,,slider,0,0,6.48,1.72,-17.10,AVAILABLE,NONE,17500,0,P,P,0.00,released,RELEASED
2026-05-18 19:01:11.022,700.5401,,slider,0,0,0.00,4.21,-17.10,AVAILABLE,NONE,17510,0,P,P,0.00,released,RELEASED
2026-05-18 19:01:11.422,700.9398,,slider,0,0,6.48,4.25,-17.10,AVAILABLE,NONE,17520,0,P,P,0.00,released,RELEASED
2026-05-18 19:01:11.822,701.3400,,slider,0,0,6.48,1.20,-17.10,AVAILABLE,NONE,17530,0,P,P,0.00,released,RELEASED
2026-05-18 19:01:12.222,701.7397,,slider,0,0,6.48,2.84,-17.10,AVAILABLE,NONE,17540,0,P,P,0.00,released,RELEASED
2026-05-18 19:01:12.622,702.1400,,slider,0,0,6.48,2.45,-17.10,AVAILABLE,NONE,17550,0,P,P,0.00,released,RELEASED
2026-05-18 19:01:13.022,702.5397,,slider,0,0,0.00,3.13,-17.10,AVAILABLE,NONE,17560,0,P,P,0.00,released,RELEASED
2026-05-18 19:01:13.422,702.9400,,slider,0,0,0.00,2.99,-17.10,AVAILABLE,NONE,17570,0,P,P,0.00,released,RELEASED
2026-05-18 19:01:13.822,703.3397,,slider,0,0,0.00,1.94,-17.10,AVAILABLE,NONE,17580,0,P,P,0.00,released,RELEASED
2026-05-18 19:01:14.222,703.7399,,slider,0,0,6.48,2.88,-17.10,AVAILABLE,NONE,17590,0,P,P,0.00,released,RELEASED
2026-05-18 19:01:14.622,704.1400,,slider,0,0,6.48,1.96,-17.10,AVAILABLE,NONE,17600,0,P,P,0.00,released,RELEASED
2026-05-18 19:01:15.022,704.5399,,slider,0,0,0.00,1.41,-17.10,AVAILABLE,NONE,17610,0,P,P,0.00,released,RELEASED
2026-05-18 19:01:15.422,704.9398,,slider,0,0,0.00,4.09,-17.10,AVAILABLE,NONE,17620,0,P,P,0.00,released,RELEASED
2026-05-18 19:01:15.823,705.3401,,slider,0,0,6.48,2.36,-17.10,AVAILABLE,NONE,17630,0,P,P,0.00,released,RELEASED
2026-05-18 19:01:16.222,705.7397,,slider,0,0,6.48,3.17,-17.10,AVAILABLE,NONE,17640,0,P,P,0.00,released,RELEASED
2026-05-18 19:01:16.623,706.1401,,slider,0,0,6.48,4.73,-17.10,AVAILABLE,NONE,17650,0,P,P,0.00,released,RELEASED
2026-05-18 19:01:17.022,706.5399,,slider,0,0,0.00,1.37,-17.10,AVAILABLE,NONE,17660,0,P,P,0.00,released,RELEASED
2026-05-18 19:01:17.422,706.9397,,slider,0,0,0.00,3.93,-17.10,AVAILABLE,NONE,17670,0,P,P,0.00,released,RELEASED
2026-05-18 19:01:17.822,707.3398,,slider,0,0,0.00,3.46,-17.10,AVAILABLE,NONE,17680,0,P,P,0.00,released,RELEASED
2026-05-18 19:01:18.223,707.7399,,slider,0,0,0.00,2.56,-17.10,AVAILABLE,NONE,17690,0,P,P,0.00,released,RELEASED
2026-05-18 19:01:18.623,708.1399,,slider,0,0,0.00,2.97,-17.10,AVAILABLE,NONE,17700,0,P,P,0.00,released,RELEASED
2026-05-18 19:01:19.022,708.5397,,slider,0,0,0.00,3.05,-17.10,AVAILABLE,NONE,17710,0,P,P,0.00,released,RELEASED
2026-05-18 19:01:19.423,708.9398,,slider,0,0,6.48,1.92,-17.10,AVAILABLE,NONE,17720,0,P,P,0.00,released,RELEASED
2026-05-18 19:01:19.823,709.3401,,slider,0,0,6.48,3.25,-17.10,AVAILABLE,NONE,17730,0,P,P,0.00,released,RELEASED
2026-05-18 19:01:20.223,709.7399,,slider,0,0,0.00,2.23,-17.10,AVAILABLE,NONE,17740,0,P,P,0.00,released,RELEASED
2026-05-18 19:01:20.623,710.1401,,slider,0,0,6.48,4.38,-17.10,AVAILABLE,NONE,17750,0,P,P,0.00,released,RELEASED
2026-05-18 19:01:21.023,710.5400,,slider,0,0,0.00,3.20,-17.10,AVAILABLE,NONE,17760,0,P,P,0.00,released,RELEASED
2026-05-18 19:01:21.423,710.9400,,slider,0,0,0.00,0.68,-17.10,AVAILABLE,NONE,17770,0,P,P,0.00,released,RELEASED
2026-05-18 19:01:21.823,711.3400,,slider,0,0,6.48,2.42,-17.10,AVAILABLE,NONE,17780,0,P,P,0.00,released,RELEASED
2026-05-18 19:01:22.223,711.7399,,slider,0,0,0.00,1.36,-17.10,AVAILABLE,NONE,17790,0,P,P,0.00,released,RELEASED
2026-05-18 19:01:22.623,712.1400,,slider,0,0,6.48,2.36,-17.10,AVAILABLE,NONE,17800,0,P,P,0.00,released,RELEASED
2026-05-18 19:01:23.023,712.5400,,slider,0,0,6.48,2.92,-17.10,AVAILABLE,NONE,17810,0,P,P,0.00,released,RELEASED
2026-05-18 19:01:23.423,712.9401,,slider,0,0,0.00,1.98,-17.10,AVAILABLE,NONE,17820,0,P,P,0.00,released,RELEASED
2026-05-18 19:01:23.823,713.3400,,slider,0,0,6.48,2.48,-17.10,AVAILABLE,NONE,17830,0,P,P,0.00,released,RELEASED
2026-05-18 19:01:24.223,713.7399,,slider,0,0,6.48,5.23,-17.10,AVAILABLE,NONE,17840,0,P,P,0.00,released,RELEASED
2026-05-18 19:01:24.623,714.1400,,slider,0,0,0.00,0.66,-17.10,AVAILABLE,NONE,17850,0,P,P,0.00,released,RELEASED
2026-05-18 19:01:25.023,714.5400,,slider,0,0,6.48,2.79,-17.10,AVAILABLE,NONE,17860,0,P,P,0.00,released,RELEASED
2026-05-18 19:01:25.424,714.9402,,slider,0,0,6.48,1.58,-17.10,AVAILABLE,NONE,17870,0,P,P,0.00,released,RELEASED
2026-05-18 19:01:25.824,715.3401,,slider,0,0,6.48,2.70,-17.10,AVAILABLE,NONE,17880,0,P,P,0.00,released,RELEASED
2026-05-18 19:01:26.223,715.7398,,slider,0,0,0.00,2.02,-17.10,AVAILABLE,NONE,17890,0,P,P,0.00,released,RELEASED
2026-05-18 19:01:26.624,716.1401,,slider,0,0,0.00,3.10,-17.10,AVAILABLE,NONE,17900,0,P,P,0.00,released,RELEASED
2026-05-18 19:01:27.024,716.5399,,slider,0,0,0.00,0.78,-17.10,AVAILABLE,NONE,17910,0,P,P,0.00,released,RELEASED
2026-05-18 19:01:27.424,716.9399,,slider,0,0,6.48,3.23,-17.10,AVAILABLE,NONE,17920,0,P,P,0.00,released,RELEASED
2026-05-18 19:01:27.824,717.3399,,slider,0,0,0.00,2.61,-17.10,AVAILABLE,NONE,17930,0,P,P,0.00,released,RELEASED
2026-05-18 19:01:28.224,717.7399,,slider,0,0,6.48,1.81,-17.10,AVAILABLE,NONE,17940,0,P,P,0.00,released,RELEASED
2026-05-18 19:01:28.624,718.1401,,slider,0,0,6.48,2.64,-17.10,AVAILABLE,NONE,17950,0,P,P,0.00,released,RELEASED
2026-05-18 19:01:29.024,718.5402,,slider,0,0,0.00,2.03,-17.10,AVAILABLE,NONE,17960,0,P,P,0.00,released,RELEASED
2026-05-18 19:01:29.424,718.9402,,slider,0,0,0.00,1.38,-17.10,AVAILABLE,NONE,17970,0,P,P,0.00,released,RELEASED
2026-05-18 19:01:29.824,719.3399,,slider,0,0,6.48,4.60,-17.10,AVAILABLE,NONE,17980,0,P,P,0.00,released,RELEASED
2026-05-18 19:01:30.224,719.7399,,slider,0,0,0.00,2.13,-17.10,AVAILABLE,NONE,17990,0,P,P,0.00,released,RELEASED
2026-05-18 19:01:30.624,720.1401,,slider,0,0,6.48,3.08,-17.10,AVAILABLE,NONE,18000,0,P,P,0.00,released,RELEASED
2026-05-18 19:01:31.024,720.5400,,slider,0,0,0.00,3.71,-17.10,AVAILABLE,NONE,18010,0,P,P,0.00,released,RELEASED
2026-05-18 19:01:31.424,720.9400,,slider,0,0,6.48,1.75,-17.10,AVAILABLE,NONE,18020,0,P,P,0.00,released,RELEASED
2026-05-18 19:01:31.824,721.3400,,slider,0,0,6.48,2.70,-17.10,AVAILABLE,NONE,18030,0,P,P,0.00,released,RELEASED
2026-05-18 19:01:32.224,721.7399,,slider,0,0,0.00,1.93,-17.10,AVAILABLE,NONE,18040,0,P,P,0.00,released,RELEASED
2026-05-18 19:01:32.624,722.1401,,slider,0,0,6.48,3.53,-17.10,AVAILABLE,NONE,18050,0,P,P,0.00,released,RELEASED
2026-05-18 19:01:33.024,722.5401,,slider,0,0,6.48,3.00,-17.10,AVAILABLE,NONE,18060,0,P,P,0.00,released,RELEASED
2026-05-18 19:01:33.424,722.9400,,slider,0,0,0.00,0.57,-17.10,AVAILABLE,NONE,18070,0,P,P,0.00,released,RELEASED
2026-05-18 19:01:33.824,723.3399,,slider,0,0,0.00,2.68,-17.10,AVAILABLE,NONE,18080,0,P,P,0.00,released,RELEASED
2026-05-18 19:01:34.225,723.7401,,slider,0,0,0.00,2.08,-17.10,AVAILABLE,NONE,18090,0,P,P,0.00,released,RELEASED
2026-05-18 19:01:34.625,724.1404,,slider,0,0,0.00,1.15,-17.20,AVAILABLE,NONE,18100,0,P,P,0.00,released,RELEASED
2026-05-18 19:01:35.025,724.5402,,slider,0,0,6.48,3.65,-17.20,AVAILABLE,NONE,18110,0,P,P,0.00,released,RELEASED
2026-05-18 19:01:35.425,724.9401,,slider,0,0,6.48,3.24,-17.20,AVAILABLE,NONE,18120,0,P,P,0.00,released,RELEASED
2026-05-18 19:01:35.825,725.3404,,slider,0,0,0.00,2.43,-17.20,AVAILABLE,NONE,18130,0,P,P,0.00,released,RELEASED
2026-05-18 19:01:36.225,725.7401,,slider,0,0,0.00,3.80,-17.20,AVAILABLE,NONE,18140,0,P,P,0.00,released,RELEASED
2026-05-18 19:01:36.625,726.1403,,slider,0,0,6.48,0.62,-17.20,AVAILABLE,NONE,18150,0,P,P,0.00,released,RELEASED
2026-05-18 19:01:37.025,726.5403,,slider,0,0,6.48,1.95,-17.20,AVAILABLE,NONE,18160,0,P,P,0.00,released,RELEASED
2026-05-18 19:01:37.425,726.9402,,slider,0,0,0.00,5.06,-17.20,AVAILABLE,NONE,18170,0,P,P,0.00,released,RELEASED
2026-05-18 19:01:37.825,727.3401,,slider,0,0,0.00,2.08,-17.20,AVAILABLE,NONE,18180,0,P,P,0.00,released,RELEASED
2026-05-18 19:01:38.225,727.7401,,slider,0,0,0.00,2.67,-17.20,AVAILABLE,NONE,18190,0,P,P,0.00,released,RELEASED
2026-05-18 19:01:38.625,728.1403,,slider,0,0,0.00,3.00,-17.20,AVAILABLE,NONE,18200,0,P,P,0.00,released,RELEASED
2026-05-18 19:01:39.025,728.5402,,slider,0,0,0.00,1.81,-17.20,AVAILABLE,NONE,18210,0,P,P,0.00,released,RELEASED
2026-05-18 19:01:39.425,728.9402,,slider,0,0,0.00,2.43,-17.20,AVAILABLE,NONE,18220,0,P,P,0.00,released,RELEASED
2026-05-18 19:01:39.825,729.3402,,slider,0,0,0.00,2.89,-17.20,AVAILABLE,NONE,18230,0,P,P,0.00,released,RELEASED
2026-05-18 19:01:40.225,729.7402,,slider,0,0,0.00,1.97,-17.20,AVAILABLE,NONE,18240,0,P,P,0.00,released,RELEASED
2026-05-18 19:01:40.625,730.1401,,slider,0,0,6.48,3.62,-17.20,AVAILABLE,NONE,18250,0,P,P,0.00,released,RELEASED
2026-05-18 19:01:41.025,730.5402,,slider,0,0,0.00,2.08,-17.20,AVAILABLE,NONE,18260,0,P,P,0.00,released,RELEASED
2026-05-18 19:01:41.425,730.9402,,slider,0,0,0.00,2.09,-17.20,AVAILABLE,NONE,18270,0,P,P,0.00,released,RELEASED
2026-05-18 19:01:41.825,731.3401,,slider,0,0,0.00,4.40,-17.20,AVAILABLE,NONE,18280,0,P,P,0.00,released,RELEASED
2026-05-18 19:01:42.226,731.7402,,slider,0,0,6.48,2.60,-17.20,AVAILABLE,NONE,18290,0,P,P,0.00,released,RELEASED
2026-05-18 19:01:42.626,732.1402,,slider,0,0,6.48,2.82,-17.20,AVAILABLE,NONE,18300,0,P,P,0.00,released,RELEASED
2026-05-18 19:01:43.025,732.5400,,slider,0,0,0.00,2.09,-17.20,AVAILABLE,NONE,18310,0,P,P,0.00,released,RELEASED
2026-05-18 19:01:43.426,732.9401,,slider,0,0,0.00,0.73,-17.20,AVAILABLE,NONE,18320,0,P,P,0.00,released,RELEASED
2026-05-18 19:01:43.825,733.3400,,slider,0,0,0.00,4.31,-17.20,AVAILABLE,NONE,18330,0,P,P,0.00,released,RELEASED
2026-05-18 19:01:44.226,733.7401,,slider,0,0,6.48,1.31,-17.20,AVAILABLE,NONE,18340,0,P,P,0.00,released,RELEASED
2026-05-18 19:01:44.626,734.1400,,slider,0,0,0.00,2.29,-17.20,AVAILABLE,NONE,18350,0,P,P,0.00,released,RELEASED
2026-05-18 19:01:45.026,734.5401,,slider,0,0,0.00,1.28,-17.20,AVAILABLE,NONE,18360,0,P,P,0.00,released,RELEASED
2026-05-18 19:01:45.426,734.9402,,slider,0,0,6.48,1.92,-17.20,AVAILABLE,NONE,18370,0,P,P,0.00,released,RELEASED
2026-05-18 19:01:45.826,735.3401,,slider,0,0,0.00,4.01,-17.20,AVAILABLE,NONE,18380,0,P,P,0.00,released,RELEASED
2026-05-18 19:01:46.226,735.7401,,slider,0,0,6.48,2.24,-17.20,AVAILABLE,NONE,18390,0,P,P,0.00,released,RELEASED
2026-05-18 19:01:46.626,736.1400,,slider,0,0,0.00,2.12,-17.20,AVAILABLE,NONE,18400,0,P,P,0.00,released,RELEASED
2026-05-18 19:01:47.026,736.5401,,slider,0,0,6.48,3.58,-17.20,AVAILABLE,NONE,18410,0,P,P,0.00,released,RELEASED
2026-05-18 19:01:47.426,736.9401,,slider,0,0,0.00,1.97,-17.20,AVAILABLE,NONE,18420,0,P,P,0.00,released,RELEASED
2026-05-18 19:01:47.826,737.3401,,slider,0,0,0.00,2.35,-17.20,AVAILABLE,NONE,18430,0,P,P,0.00,released,RELEASED
2026-05-18 19:01:48.226,737.7402,,slider,0,0,0.00,4.33,-17.20,AVAILABLE,NONE,18440,0,P,P,0.00,released,RELEASED
2026-05-18 19:01:48.626,738.1401,,slider,0,0,6.48,3.26,-17.20,AVAILABLE,NONE,18450,0,P,P,0.00,released,RELEASED
2026-05-18 19:01:49.026,738.5401,,slider,0,0,6.48,4.75,-17.20,AVAILABLE,NONE,18460,0,P,P,0.00,released,RELEASED
2026-05-18 19:01:49.426,738.9402,,slider,0,0,6.48,3.06,-17.20,AVAILABLE,NONE,18470,0,P,P,0.00,released,RELEASED
2026-05-18 19:01:49.826,739.3400,,slider,0,0,6.48,2.46,-17.20,AVAILABLE,NONE,18480,0,P,P,0.00,released,RELEASED
2026-05-18 19:01:50.226,739.7402,,slider,0,0,0.00,3.82,-17.20,AVAILABLE,NONE,18490,0,P,P,0.00,released,RELEASED
2026-05-18 19:01:50.626,740.1401,,slider,0,0,0.00,2.52,-17.20,AVAILABLE,NONE,18500,0,P,P,0.00,released,RELEASED
2026-05-18 19:01:51.026,740.5401,,slider,0,0,0.00,2.17,-17.20,AVAILABLE,NONE,18510,0,P,P,0.00,released,RELEASED
2026-05-18 19:01:51.426,740.9401,,slider,0,0,0.00,2.05,-17.20,AVAILABLE,NONE,18520,0,P,P,0.00,released,RELEASED
2026-05-18 19:01:51.827,741.3402,,slider,0,0,0.00,2.51,-17.20,AVAILABLE,NONE,18530,0,P,P,0.00,released,RELEASED
2026-05-18 19:01:52.226,741.7401,,slider,0,0,0.00,3.32,-17.20,AVAILABLE,NONE,18540,0,P,P,0.00,released,RELEASED
2026-05-18 19:01:52.627,742.1402,,slider,0,0,6.48,4.44,-17.20,AVAILABLE,NONE,18550,0,P,P,0.00,released,RELEASED
2026-05-18 19:01:53.027,742.5401,,slider,0,0,0.00,1.54,-17.20,AVAILABLE,NONE,18560,0,P,P,0.00,released,RELEASED
2026-05-18 19:01:53.427,742.9401,,slider,0,0,6.48,3.85,-17.20,AVAILABLE,NONE,18570,0,P,P,0.00,released,RELEASED
2026-05-18 19:01:53.827,743.3402,,slider,0,0,0.00,2.38,-17.20,AVAILABLE,NONE,18580,0,P,P,0.00,released,RELEASED
2026-05-18 19:01:54.227,743.7402,,slider,0,0,0.00,0.89,-17.20,AVAILABLE,NONE,18590,0,P,P,0.00,released,RELEASED
2026-05-18 19:01:54.627,744.1403,,slider,0,0,0.00,3.05,-17.20,AVAILABLE,NONE,18600,0,P,P,0.00,released,RELEASED
2026-05-18 19:01:55.027,744.5401,,slider,0,0,0.00,2.42,-17.20,AVAILABLE,NONE,18610,0,P,P,0.00,released,RELEASED
2026-05-18 19:01:55.427,744.9401,,slider,0,0,6.48,2.93,-17.20,AVAILABLE,NONE,18620,0,P,P,0.00,released,RELEASED
2026-05-18 19:01:55.827,745.3402,,slider,0,0,0.00,3.49,-17.20,AVAILABLE,NONE,18630,0,P,P,0.00,released,RELEASED
2026-05-18 19:01:56.227,745.7403,,slider,0,0,0.00,1.75,-17.20,AVAILABLE,NONE,18640,0,P,P,0.00,released,RELEASED
2026-05-18 19:01:56.627,746.1402,,slider,0,0,0.00,1.92,-17.20,AVAILABLE,NONE,18650,0,P,P,0.00,released,RELEASED
2026-05-18 19:01:57.027,746.5403,,slider,0,0,6.48,3.72,-17.20,AVAILABLE,NONE,18660,0,P,P,0.00,released,RELEASED
2026-05-18 19:01:57.427,746.9401,,slider,0,0,6.48,2.31,-17.20,AVAILABLE,NONE,18670,0,P,P,0.00,released,RELEASED
2026-05-18 19:01:57.827,747.3403,,slider,0,0,6.48,3.48,-17.20,AVAILABLE,NONE,18680,0,P,P,0.00,released,RELEASED
2026-05-18 19:01:58.227,747.7402,,slider,0,0,6.48,3.23,-17.20,AVAILABLE,NONE,18690,0,P,P,0.00,released,RELEASED
2026-05-18 19:01:58.627,748.1403,,slider,0,0,0.00,1.39,-17.20,AVAILABLE,NONE,18700,0,P,P,0.00,released,RELEASED
2026-05-18 19:01:59.027,748.5403,,slider,0,0,0.00,3.70,-17.20,AVAILABLE,NONE,18710,0,P,P,0.00,released,RELEASED
2026-05-18 19:01:59.427,748.9402,,slider,0,0,6.48,1.43,-17.20,AVAILABLE,NONE,18720,0,P,P,0.00,released,RELEASED
2026-05-18 19:01:59.827,749.3403,,slider,0,0,6.48,3.27,-17.20,AVAILABLE,NONE,18730,0,P,P,0.00,released,RELEASED
2026-05-18 19:02:00.228,749.7403,,slider,0,0,0.00,2.17,-17.20,AVAILABLE,NONE,18740,0,P,P,0.00,released,RELEASED
2026-05-18 19:02:00.628,750.1403,,slider,0,0,0.00,1.18,-17.20,AVAILABLE,NONE,18750,0,P,P,0.00,released,RELEASED
2026-05-18 19:02:01.028,750.5404,,slider,0,0,6.48,3.28,-17.20,AVAILABLE,NONE,18760,0,P,P,0.00,released,RELEASED
2026-05-18 19:02:01.428,750.9403,,slider,0,0,6.48,3.33,-17.20,AVAILABLE,NONE,18770,0,P,P,0.00,released,RELEASED
2026-05-18 19:02:01.828,751.3402,,slider,0,0,0.00,1.80,-17.20,AVAILABLE,NONE,18780,0,P,P,0.00,released,RELEASED
2026-05-18 19:02:02.228,751.7403,,slider,0,0,6.48,3.69,-17.20,AVAILABLE,NONE,18790,0,P,P,0.00,released,RELEASED
2026-05-18 19:02:02.628,752.1403,,slider,0,0,0.00,2.39,-17.20,AVAILABLE,NONE,18800,0,P,P,0.00,released,RELEASED
2026-05-18 19:02:03.028,752.5406,,slider,0,0,6.48,3.40,-17.20,AVAILABLE,NONE,18810,0,P,P,0.00,released,RELEASED
2026-05-18 19:02:03.428,752.9403,,slider,0,0,0.00,3.28,-17.20,AVAILABLE,NONE,18820,0,P,P,0.00,released,RELEASED
2026-05-18 19:02:03.828,753.3402,,slider,0,0,0.00,1.65,-17.20,AVAILABLE,NONE,18830,0,P,P,0.00,released,RELEASED
2026-05-18 19:02:04.228,753.7404,,slider,0,0,6.48,2.41,-17.20,AVAILABLE,NONE,18840,0,P,P,0.00,released,RELEASED
2026-05-18 19:02:04.628,754.1402,,slider,0,0,0.00,1.77,-17.20,AVAILABLE,NONE,18850,0,P,P,0.00,released,RELEASED
2026-05-18 19:02:05.028,754.5404,,slider,0,0,0.00,0.93,-17.20,AVAILABLE,NONE,18860,0,P,P,0.00,released,RELEASED
2026-05-18 19:02:05.428,754.9404,,slider,0,0,0.00,2.28,-17.20,AVAILABLE,NONE,18870,0,P,P,0.00,released,RELEASED
2026-05-18 19:02:05.828,755.3403,,slider,0,0,0.00,2.20,-17.20,AVAILABLE,NONE,18880,0,P,P,0.00,released,RELEASED
2026-05-18 19:02:06.228,755.7402,,slider,0,0,6.48,3.75,-17.20,AVAILABLE,NONE,18890,0,P,P,0.00,released,RELEASED
2026-05-18 19:02:06.628,756.1403,,slider,0,0,0.00,2.35,-17.20,AVAILABLE,NONE,18900,0,P,P,0.00,released,RELEASED
2026-05-18 19:02:07.028,756.5404,,slider,0,0,6.48,2.73,-17.20,AVAILABLE,NONE,18910,0,P,P,0.00,released,RELEASED
2026-05-18 19:02:07.428,756.9402,,slider,0,0,0.00,2.28,-17.20,AVAILABLE,NONE,18920,0,P,P,0.00,released,RELEASED
2026-05-18 19:02:07.828,757.3404,,slider,0,0,6.48,4.81,-17.20,AVAILABLE,NONE,18930,0,P,P,0.00,released,RELEASED
2026-05-18 19:02:08.228,757.7404,,slider,0,0,0.00,2.15,-17.20,AVAILABLE,NONE,18940,0,P,P,0.00,released,RELEASED
2026-05-18 19:02:08.628,758.1403,,slider,0,0,0.00,3.07,-17.20,AVAILABLE,NONE,18950,0,P,P,0.00,released,RELEASED
2026-05-18 19:02:09.029,758.5404,,slider,0,0,6.48,3.53,-17.20,AVAILABLE,NONE,18960,0,P,P,0.00,released,RELEASED
2026-05-18 19:02:09.429,758.9404,,slider,0,0,6.48,3.81,-17.20,AVAILABLE,NONE,18970,0,P,P,0.00,released,RELEASED
2026-05-18 19:02:09.829,759.3404,,slider,0,0,0.00,1.30,-17.20,AVAILABLE,NONE,18980,0,P,P,0.00,released,RELEASED
2026-05-18 19:02:10.229,759.7405,,slider,0,0,0.00,1.80,-17.20,AVAILABLE,NONE,18990,0,P,P,0.00,released,RELEASED
2026-05-18 19:02:10.629,760.1403,,slider,0,0,0.00,0.92,-17.20,AVAILABLE,NONE,19000,0,P,P,0.00,released,RELEASED
2026-05-18 19:02:11.029,760.5403,,slider,0,0,0.00,2.03,-17.20,AVAILABLE,NONE,19010,0,P,P,0.00,released,RELEASED
2026-05-18 19:02:11.429,760.9405,,slider,0,0,0.00,3.66,-17.20,AVAILABLE,NONE,19020,0,P,P,0.00,released,RELEASED
2026-05-18 19:02:11.829,761.3405,,slider,0,0,0.00,1.94,-17.20,AVAILABLE,NONE,19030,0,P,P,0.00,released,RELEASED
2026-05-18 19:02:12.229,761.7405,,slider,0,0,6.48,2.10,-17.20,AVAILABLE,NONE,19040,0,P,P,0.00,released,RELEASED
2026-05-18 19:02:12.629,762.1405,,slider,0,0,0.00,2.40,-17.20,AVAILABLE,NONE,19050,0,P,P,0.00,released,RELEASED
2026-05-18 19:02:13.029,762.5405,,slider,0,0,6.48,2.14,-17.20,AVAILABLE,NONE,19060,0,P,P,0.00,released,RELEASED
2026-05-18 19:02:13.429,762.9405,,slider,0,0,6.48,2.31,-17.20,AVAILABLE,NONE,19070,0,P,P,0.00,released,RELEASED
2026-05-18 19:02:13.829,763.3404,,slider,0,0,6.48,2.23,-17.20,AVAILABLE,NONE,19080,0,P,P,0.00,released,RELEASED
2026-05-18 19:02:14.229,763.7405,,slider,0,0,0.00,3.79,-17.20,AVAILABLE,NONE,19090,0,P,P,0.00,released,RELEASED
2026-05-18 19:02:14.629,764.1405,,slider,0,0,0.00,1.15,-17.20,AVAILABLE,NONE,19100,0,P,P,0.00,released,RELEASED
2026-05-18 19:02:15.029,764.5404,,slider,0,0,6.48,3.79,-17.20,AVAILABLE,NONE,19110,0,P,P,0.00,released,RELEASED
2026-05-18 19:02:15.429,764.9405,,slider,0,0,0.00,2.89,-17.20,AVAILABLE,NONE,19120,0,P,P,0.00,released,RELEASED
2026-05-18 19:02:15.829,765.3405,,slider,0,0,0.00,1.24,-17.20,AVAILABLE,NONE,19130,0,P,P,0.00,released,RELEASED
2026-05-18 19:02:16.229,765.7404,,slider,0,0,6.48,3.47,-17.20,AVAILABLE,NONE,19140,0,P,P,0.00,released,RELEASED
2026-05-18 19:02:16.630,766.1405,,slider,0,0,0.00,5.15,-17.20,AVAILABLE,NONE,19150,0,P,P,0.00,released,RELEASED
2026-05-18 19:02:17.029,766.5404,,slider,0,0,0.00,0.83,-17.20,AVAILABLE,NONE,19160,0,P,P,0.00,released,RELEASED
2026-05-18 19:02:17.430,766.9405,,slider,0,0,6.48,3.25,-17.20,AVAILABLE,NONE,19170,0,P,P,0.00,released,RELEASED
2026-05-18 19:02:17.830,767.3405,,slider,0,0,0.00,1.37,-17.20,AVAILABLE,NONE,19180,0,P,P,0.00,released,RELEASED
2026-05-18 19:02:18.230,767.7404,,slider,0,0,6.48,1.15,-17.20,AVAILABLE,NONE,19190,0,P,P,0.00,released,RELEASED
2026-05-18 19:02:18.630,768.1407,,slider,0,0,0.00,3.30,-17.20,AVAILABLE,NONE,19200,0,P,P,0.00,released,RELEASED
2026-05-18 19:02:19.030,768.5405,,slider,0,0,0.00,1.87,-17.20,AVAILABLE,NONE,19210,0,P,P,0.00,released,RELEASED
2026-05-18 19:02:19.430,768.9404,,slider,0,0,6.48,3.10,-17.20,AVAILABLE,NONE,19220,0,P,P,0.00,released,RELEASED
2026-05-18 19:02:19.830,769.3405,,slider,0,0,6.48,4.76,-17.20,AVAILABLE,NONE,19230,0,P,P,0.00,released,RELEASED
2026-05-18 19:02:20.230,769.7405,,slider,0,0,6.48,4.42,-17.20,AVAILABLE,NONE,19240,0,P,P,0.00,released,RELEASED
2026-05-18 19:02:20.630,770.1404,,slider,0,0,0.00,4.00,-17.20,AVAILABLE,NONE,19250,0,P,P,0.00,released,RELEASED
2026-05-18 19:02:21.030,770.5404,,slider,0,0,0.00,2.00,-17.20,AVAILABLE,NONE,19260,0,P,P,0.00,released,RELEASED
2026-05-18 19:02:21.430,770.9404,,slider,0,0,0.00,2.97,-17.20,AVAILABLE,NONE,19270,0,P,P,0.00,released,RELEASED
2026-05-18 19:02:21.830,771.3406,,slider,0,0,0.00,4.20,-17.20,AVAILABLE,NONE,19280,0,P,P,0.00,released,RELEASED
2026-05-18 19:02:22.230,771.7405,,slider,0,0,0.00,0.50,-17.20,AVAILABLE,NONE,19290,0,P,P,0.00,released,RELEASED
2026-05-18 19:02:22.630,772.1405,,slider,0,0,6.48,2.23,-17.20,AVAILABLE,NONE,19300,0,P,P,0.00,released,RELEASED
2026-05-18 19:02:23.030,772.5404,,slider,0,0,6.48,2.74,-17.20,AVAILABLE,NONE,19310,0,P,P,0.00,released,RELEASED
2026-05-18 19:02:23.430,772.9404,,slider,0,0,0.00,1.64,-17.20,AVAILABLE,NONE,19320,0,P,P,0.00,released,RELEASED
2026-05-18 19:02:23.830,773.3405,,slider,0,0,0.00,2.96,-17.20,AVAILABLE,NONE,19330,0,P,P,0.00,released,RELEASED
2026-05-18 19:02:24.230,773.7405,,slider,0,0,6.48,4.02,-17.20,AVAILABLE,NONE,19340,0,P,P,0.00,released,RELEASED
2026-05-18 19:02:24.630,774.1406,,slider,0,0,6.48,1.20,-17.20,AVAILABLE,NONE,19350,0,P,P,0.00,released,RELEASED
2026-05-18 19:02:25.030,774.5404,,slider,0,0,0.00,3.58,-17.20,AVAILABLE,NONE,19360,0,P,P,0.00,released,RELEASED
2026-05-18 19:02:25.430,774.9405,,slider,0,0,6.48,2.87,-17.20,AVAILABLE,NONE,19370,0,P,P,0.00,released,RELEASED
2026-05-18 19:02:25.830,775.3405,,slider,0,0,0.00,2.58,-17.20,AVAILABLE,NONE,19380,0,P,P,0.00,released,RELEASED
2026-05-18 19:02:26.231,775.7405,,slider,0,0,0.00,2.34,-17.20,AVAILABLE,NONE,19390,0,P,P,0.00,released,RELEASED
2026-05-18 19:02:26.631,776.1406,,slider,0,0,0.00,0.63,-17.20,AVAILABLE,NONE,19400,0,P,P,0.00,released,RELEASED
2026-05-18 19:02:27.031,776.5405,,slider,0,0,0.00,2.75,-17.20,AVAILABLE,NONE,19410,0,P,P,0.00,released,RELEASED
2026-05-18 19:02:27.431,776.9406,,slider,0,0,6.48,3.73,-17.20,AVAILABLE,NONE,19420,0,P,P,0.00,released,RELEASED
2026-05-18 19:02:27.831,777.3405,,slider,0,0,6.48,3.86,-17.20,AVAILABLE,NONE,19430,0,P,P,0.00,released,RELEASED
2026-05-18 19:02:28.231,777.7406,,slider,0,0,6.48,4.37,-17.20,AVAILABLE,NONE,19440,0,P,P,0.00,released,RELEASED
2026-05-18 19:02:28.631,778.1407,,slider,0,0,0.00,2.28,-17.20,AVAILABLE,NONE,19450,0,P,P,0.00,released,RELEASED
2026-05-18 19:02:29.031,778.5408,,slider,0,0,0.00,0.86,-17.20,AVAILABLE,NONE,19460,0,P,P,0.00,released,RELEASED
2026-05-18 19:02:29.431,778.9409,,slider,0,0,0.00,3.44,-17.20,AVAILABLE,NONE,19470,0,P,P,0.00,released,RELEASED
2026-05-18 19:02:29.831,779.3409,,slider,0,0,6.48,1.99,-17.20,AVAILABLE,NONE,19480,0,P,P,0.00,released,RELEASED
2026-05-18 19:02:30.231,779.7408,,slider,0,0,0.00,1.36,-17.20,AVAILABLE,NONE,19490,0,P,P,0.00,released,RELEASED
2026-05-18 19:02:30.631,780.1409,,slider,0,0,6.48,4.39,-17.20,AVAILABLE,NONE,19500,0,P,P,0.00,released,RELEASED
2026-05-18 19:02:31.031,780.5408,,slider,0,0,6.48,4.52,-17.20,AVAILABLE,NONE,19510,0,P,P,0.00,released,RELEASED
2026-05-18 19:02:31.432,780.9410,,slider,0,0,0.00,1.31,-17.20,AVAILABLE,NONE,19520,0,P,P,0.00,released,RELEASED
2026-05-18 19:02:31.832,781.3409,,slider,0,0,0.00,4.33,-17.20,AVAILABLE,NONE,19530,0,P,P,0.00,released,RELEASED
2026-05-18 19:02:32.232,781.7409,,slider,0,0,0.00,2.66,-17.20,AVAILABLE,NONE,19540,0,P,P,0.00,released,RELEASED
2026-05-18 19:02:32.632,782.1408,,slider,0,0,0.00,4.14,-17.20,AVAILABLE,NONE,19550,0,P,P,0.00,released,RELEASED
2026-05-18 19:02:33.032,782.5409,,slider,0,0,0.00,2.18,-17.20,AVAILABLE,NONE,19560,0,P,P,0.00,released,RELEASED
2026-05-18 19:02:33.432,782.9408,,slider,0,0,0.00,2.10,-17.20,AVAILABLE,NONE,19570,0,P,P,0.00,released,RELEASED
2026-05-18 19:02:33.832,783.3408,,slider,0,0,0.00,3.17,-17.20,AVAILABLE,NONE,19580,0,P,P,0.00,released,RELEASED
2026-05-18 19:02:34.232,783.7409,,slider,0,0,0.00,2.34,-17.20,AVAILABLE,NONE,19590,0,P,P,0.00,released,RELEASED
2026-05-18 19:02:34.632,784.1410,,slider,0,0,6.48,3.18,-17.20,AVAILABLE,NONE,19600,0,P,P,0.00,released,RELEASED
2026-05-18 19:02:35.032,784.5409,,slider,0,0,6.48,3.20,-17.20,AVAILABLE,NONE,19610,0,P,P,0.00,released,RELEASED
2026-05-18 19:02:35.432,784.9409,,slider,0,0,0.00,1.69,-17.20,AVAILABLE,NONE,19620,0,P,P,0.00,released,RELEASED
2026-05-18 19:02:35.832,785.3408,,slider,0,0,6.48,2.58,-17.20,AVAILABLE,NONE,19630,0,P,P,0.00,released,RELEASED
2026-05-18 19:02:36.232,785.7410,,slider,0,0,6.48,2.62,-17.20,AVAILABLE,NONE,19640,0,P,P,0.00,released,RELEASED
2026-05-18 19:02:36.632,786.1410,,slider,0,0,0.00,2.03,-17.20,AVAILABLE,NONE,19650,0,P,P,0.00,released,RELEASED
2026-05-18 19:02:37.032,786.5410,,slider,0,0,0.00,3.87,-17.20,AVAILABLE,NONE,19660,0,P,P,0.00,released,RELEASED
2026-05-18 19:02:37.432,786.9409,,slider,0,0,6.48,3.11,-17.20,AVAILABLE,NONE,19670,0,P,P,0.00,released,RELEASED
2026-05-18 19:02:37.832,787.3409,,slider,0,0,6.48,2.81,-17.20,AVAILABLE,NONE,19680,0,P,P,0.00,released,RELEASED
2026-05-18 19:02:38.232,787.7409,,slider,0,0,0.00,3.81,-17.20,AVAILABLE,NONE,19690,0,P,P,0.00,released,RELEASED
2026-05-18 19:02:38.632,788.1410,,slider,0,0,0.00,4.00,-17.20,AVAILABLE,NONE,19700,0,P,P,0.00,released,RELEASED
2026-05-18 19:02:39.032,788.5409,,slider,0,0,6.48,2.22,-17.20,AVAILABLE,NONE,19710,0,P,P,0.00,released,RELEASED
2026-05-18 19:02:39.432,788.9410,,slider,0,0,6.48,3.99,-17.20,AVAILABLE,NONE,19720,0,P,P,0.00,released,RELEASED
2026-05-18 19:02:39.832,789.3409,,slider,0,0,6.48,1.17,-17.20,AVAILABLE,NONE,19730,0,P,P,0.00,released,RELEASED
2026-05-18 19:02:40.233,789.7410,,slider,0,0,0.00,3.44,-17.20,AVAILABLE,NONE,19740,0,P,P,0.00,released,RELEASED
2026-05-18 19:02:40.632,790.1409,,slider,0,0,0.00,2.14,-17.20,AVAILABLE,NONE,19750,0,P,P,0.00,released,RELEASED
2026-05-18 19:02:41.033,790.5409,,slider,0,0,6.48,3.93,-17.20,AVAILABLE,NONE,19760,0,P,P,0.00,released,RELEASED
2026-05-18 19:02:41.433,790.9410,,slider,0,0,0.00,2.94,-17.20,AVAILABLE,NONE,19770,0,P,P,0.00,released,RELEASED
2026-05-18 19:02:41.833,791.3410,,slider,0,0,0.00,3.38,-17.20,AVAILABLE,NONE,19780,0,P,P,0.00,released,RELEASED
2026-05-18 19:02:42.233,791.7410,,slider,0,0,0.00,2.62,-17.20,AVAILABLE,NONE,19790,0,P,P,0.00,released,RELEASED
2026-05-18 19:02:42.633,792.1409,,slider,0,0,6.48,4.69,-17.20,AVAILABLE,NONE,19800,0,P,P,0.00,released,RELEASED
2026-05-18 19:02:43.033,792.5409,,slider,0,0,6.48,2.80,-17.20,AVAILABLE,NONE,19810,0,P,P,0.00,released,RELEASED
2026-05-18 19:02:43.433,792.9408,,slider,0,0,0.00,2.12,-17.20,AVAILABLE,NONE,19820,0,P,P,0.00,released,RELEASED
2026-05-18 19:02:43.833,793.3411,,slider,0,0,6.48,2.05,-17.20,AVAILABLE,NONE,19830,0,P,P,0.00,released,RELEASED
2026-05-18 19:02:44.233,793.7408,,slider,0,0,0.00,0.87,-17.20,AVAILABLE,NONE,19840,0,P,P,0.00,released,RELEASED
2026-05-18 19:02:44.633,794.1408,,slider,0,0,0.00,1.88,-17.20,AVAILABLE,NONE,19850,0,P,P,0.00,released,RELEASED
2026-05-18 19:02:45.033,794.5410,,slider,0,0,0.00,2.50,-17.20,AVAILABLE,NONE,19860,0,P,P,0.00,released,RELEASED
2026-05-18 19:02:45.433,794.9409,,slider,0,0,0.00,0.59,-17.20,AVAILABLE,NONE,19870,0,P,P,0.00,released,RELEASED
2026-05-18 19:02:45.833,795.3408,,slider,0,0,6.48,2.97,-17.20,AVAILABLE,NONE,19880,0,P,P,0.00,released,RELEASED
2026-05-18 19:02:46.233,795.7409,,slider,0,0,0.00,0.84,-17.20,AVAILABLE,NONE,19890,0,P,P,0.00,released,RELEASED
2026-05-18 19:02:46.633,796.1409,,slider,0,0,0.00,0.54,-17.20,AVAILABLE,NONE,19900,0,P,P,0.00,released,RELEASED
2026-05-18 19:02:47.033,796.5409,,slider,0,0,6.48,4.33,-17.20,AVAILABLE,NONE,19910,0,P,P,0.00,released,RELEASED
2026-05-18 19:02:47.433,796.9410,,slider,0,0,0.00,1.35,-17.20,AVAILABLE,NONE,19920,0,P,P,0.00,released,RELEASED
2026-05-18 19:02:47.833,797.3409,,slider,0,0,0.00,3.41,-17.20,AVAILABLE,NONE,19930,0,P,P,0.00,released,RELEASED
2026-05-18 19:02:48.233,797.7409,,slider,0,0,6.48,3.62,-17.20,AVAILABLE,NONE,19940,0,P,P,0.00,released,RELEASED
2026-05-18 19:02:48.625,798.1329,,slider,0,0,0.00,1.24,-17.20,AVAILABLE,NONE,19950,0,P,P,0.00,released,RELEASED
2026-05-18 19:02:49.033,798.5410,,slider,0,0,0.00,3.01,-17.20,AVAILABLE,NONE,19960,0,P,P,0.00,released,RELEASED
2026-05-18 19:02:49.434,798.9410,,slider,0,0,0.00,3.72,-17.20,AVAILABLE,NONE,19970,0,P,P,0.00,released,RELEASED
2026-05-18 19:02:49.834,799.3412,,slider,0,0,0.00,0.78,-17.20,AVAILABLE,NONE,19980,0,P,P,0.00,released,RELEASED
2026-05-18 19:02:50.234,799.7410,,slider,0,0,6.48,4.19,-17.20,AVAILABLE,NONE,19990,0,P,P,0.00,released,RELEASED
2026-05-18 19:02:50.626,800.1331,,slider,0,0,0.00,2.43,-17.20,AVAILABLE,NONE,20000,0,P,P,0.00,released,RELEASED
2026-05-18 19:02:51.034,800.5410,,slider,0,0,0.00,2.58,-17.20,AVAILABLE,NONE,20010,0,P,P,0.00,released,RELEASED
2026-05-18 19:02:51.434,800.9409,,slider,0,0,6.48,3.04,-17.20,AVAILABLE,NONE,20020,0,P,P,0.00,released,RELEASED
2026-05-18 19:02:51.834,801.3409,,slider,0,0,0.00,3.01,-17.20,AVAILABLE,NONE,20030,0,P,P,0.00,released,RELEASED
2026-05-18 19:02:52.234,801.7410,,slider,0,0,6.48,4.34,-17.20,AVAILABLE,NONE,20040,0,P,P,0.00,released,RELEASED
2026-05-18 19:02:52.634,802.1409,,slider,0,0,6.48,4.15,-17.20,AVAILABLE,NONE,20050,0,P,P,0.00,released,RELEASED
2026-05-18 19:02:53.034,802.5410,,slider,0,0,6.48,4.32,-17.20,AVAILABLE,NONE,20060,0,P,P,0.00,released,RELEASED
2026-05-18 19:02:53.434,802.9410,,slider,0,0,0.00,2.51,-17.20,AVAILABLE,NONE,20070,0,P,P,0.00,released,RELEASED
2026-05-18 19:02:53.834,803.3409,,slider,0,0,6.48,3.32,-17.20,AVAILABLE,NONE,20080,0,P,P,0.00,released,RELEASED
2026-05-18 19:02:54.234,803.7410,,slider,0,0,0.00,1.58,-17.20,AVAILABLE,NONE,20090,0,P,P,0.00,released,RELEASED
2026-05-18 19:02:54.634,804.1409,,slider,0,0,0.00,3.10,-17.20,AVAILABLE,NONE,20100,0,P,P,0.00,released,RELEASED
2026-05-18 19:02:55.034,804.5409,,slider,0,0,0.00,1.88,-17.20,AVAILABLE,NONE,20110,0,P,P,0.00,released,RELEASED
2026-05-18 19:02:55.434,804.9410,,slider,0,0,6.48,1.53,-17.20,AVAILABLE,NONE,20120,0,P,P,0.00,released,RELEASED
2026-05-18 19:02:55.834,805.3409,,slider,0,0,6.48,5.11,-17.20,AVAILABLE,NONE,20130,0,P,P,0.00,released,RELEASED
2026-05-18 19:02:56.234,805.7409,,slider,0,0,0.00,1.14,-17.20,AVAILABLE,NONE,20140,0,P,P,0.00,released,RELEASED
2026-05-18 19:02:56.634,806.1410,,slider,0,0,6.48,4.51,-17.20,AVAILABLE,NONE,20150,0,P,P,0.00,released,RELEASED
2026-05-18 19:02:57.034,806.5410,,slider,0,0,0.00,2.57,-17.20,AVAILABLE,NONE,20160,0,P,P,0.00,released,RELEASED
2026-05-18 19:02:57.434,806.9409,,slider,0,0,6.48,3.10,-17.20,AVAILABLE,NONE,20170,0,P,P,0.00,released,RELEASED
2026-05-18 19:02:57.834,807.3410,,slider,0,0,0.00,2.26,-17.20,AVAILABLE,NONE,20180,0,P,P,0.00,released,RELEASED
2026-05-18 19:02:58.227,807.7334,,slider,0,0,0.00,1.64,-17.20,AVAILABLE,NONE,20190,0,P,P,0.00,released,RELEASED
2026-05-18 19:02:58.635,808.1410,,slider,0,0,6.48,4.40,-17.20,AVAILABLE,NONE,20200,0,P,P,0.00,released,RELEASED
2026-05-18 19:02:59.035,808.5411,,slider,0,0,6.48,3.30,-17.20,AVAILABLE,NONE,20210,0,P,P,0.00,released,RELEASED
2026-05-18 19:02:59.435,808.9410,,slider,0,0,6.48,2.92,-17.20,AVAILABLE,NONE,20220,0,P,P,0.00,released,RELEASED
2026-05-18 19:02:59.835,809.3411,,slider,0,0,6.48,3.70,-17.20,AVAILABLE,NONE,20230,0,P,P,0.00,released,RELEASED
2026-05-18 19:03:00.235,809.7411,,slider,0,0,0.00,3.69,-17.20,AVAILABLE,NONE,20240,0,P,P,0.00,released,RELEASED
2026-05-18 19:03:00.627,810.1333,,slider,0,0,0.00,1.14,-17.20,AVAILABLE,NONE,20250,0,P,P,0.00,released,RELEASED
2026-05-18 19:03:01.035,810.5411,,slider,0,0,6.48,3.28,-17.20,AVAILABLE,NONE,20260,0,P,P,0.00,released,RELEASED
2026-05-18 19:03:01.427,810.9334,,slider,0,0,0.00,2.60,-17.20,AVAILABLE,NONE,20270,0,P,P,0.00,released,RELEASED
2026-05-18 19:03:01.835,811.3410,,slider,0,0,6.48,2.62,-17.20,AVAILABLE,NONE,20280,0,P,P,0.00,released,RELEASED
2026-05-18 19:03:02.235,811.7410,,slider,0,0,6.48,3.62,-17.20,AVAILABLE,NONE,20290,0,P,P,0.00,released,RELEASED
2026-05-18 19:03:02.628,812.1336,,slider,0,0,0.00,1.81,-17.20,AVAILABLE,NONE,20300,0,P,P,0.00,released,RELEASED
2026-05-18 19:03:03.027,812.5332,,slider,0,0,6.48,2.89,-17.20,AVAILABLE,NONE,20310,0,P,P,0.00,released,RELEASED
2026-05-18 19:03:03.427,812.9333,,slider,0,0,6.48,2.95,-17.20,AVAILABLE,NONE,20320,0,P,P,0.00,released,RELEASED
2026-05-18 19:03:03.827,813.3334,,slider,0,0,6.48,2.27,-17.20,AVAILABLE,NONE,20330,0,P,P,0.00,released,RELEASED
2026-05-18 19:03:04.228,813.7336,,slider,0,0,0.00,3.01,-17.20,AVAILABLE,NONE,20340,0,P,P,0.00,released,RELEASED
2026-05-18 19:03:04.635,814.1411,,slider,0,0,0.00,2.24,-17.20,AVAILABLE,NONE,20350,0,P,P,0.00,released,RELEASED
2026-05-18 19:03:05.027,814.5333,,slider,0,0,6.48,2.58,-17.20,AVAILABLE,NONE,20360,0,P,P,0.00,released,RELEASED
2026-05-18 19:03:05.427,814.9332,,slider,0,0,6.48,3.96,-17.20,AVAILABLE,NONE,20370,0,P,P,0.00,released,RELEASED
2026-05-18 19:03:05.828,815.3335,,slider,0,0,0.00,1.49,-17.20,AVAILABLE,NONE,20380,0,P,P,0.00,released,RELEASED
2026-05-18 19:03:06.235,815.7410,,slider,0,0,0.00,1.80,-17.20,AVAILABLE,NONE,20390,0,P,P,0.00,released,RELEASED
2026-05-18 19:03:06.628,816.1335,,slider,0,0,6.48,4.36,-17.20,AVAILABLE,NONE,20400,0,P,P,0.00,released,RELEASED
2026-05-18 19:03:07.035,816.5410,,slider,0,0,0.00,2.73,-17.20,AVAILABLE,NONE,20410,0,P,P,0.00,released,RELEASED
2026-05-18 19:03:07.436,816.9410,,slider,0,0,6.48,3.86,-17.20,AVAILABLE,NONE,20420,0,P,P,0.00,released,RELEASED
2026-05-18 19:03:07.828,817.3338,,slider,0,0,6.48,4.35,-17.20,AVAILABLE,NONE,20430,0,P,P,0.00,released,RELEASED
2026-05-18 19:03:08.228,817.7335,,slider,0,0,0.00,1.56,-17.20,AVAILABLE,NONE,20440,0,P,P,0.00,released,RELEASED
2026-05-18 19:03:08.628,818.1336,,slider,0,0,6.48,2.33,-17.20,AVAILABLE,NONE,20450,0,P,P,0.00,released,RELEASED
2026-05-18 19:03:09.028,818.5336,,slider,0,0,0.00,4.49,-17.20,AVAILABLE,NONE,20460,0,P,P,0.00,released,RELEASED
2026-05-18 19:03:09.428,818.9336,,slider,0,0,0.00,2.14,-17.20,AVAILABLE,NONE,20470,0,P,P,0.00,released,RELEASED
2026-05-18 19:03:09.828,819.3333,,slider,0,0,6.48,5.15,-17.20,AVAILABLE,NONE,20480,0,P,P,0.00,released,RELEASED
2026-05-18 19:03:10.229,819.7338,,slider,0,0,0.00,1.88,-17.20,AVAILABLE,NONE,20490,0,P,P,0.00,released,RELEASED
2026-05-18 19:03:10.628,820.1337,,slider,0,0,0.00,4.54,-17.20,AVAILABLE,NONE,20500,0,P,P,0.00,released,RELEASED
2026-05-18 19:03:11.028,820.5335,,slider,0,0,0.00,3.77,-17.20,AVAILABLE,NONE,20510,0,P,P,0.00,released,RELEASED
2026-05-18 19:03:11.429,820.9343,,slider,0,0,6.48,1.38,-17.20,AVAILABLE,NONE,20520,0,P,P,0.00,released,RELEASED
2026-05-18 19:03:11.836,821.3411,,slider,0,0,6.48,3.99,-17.20,AVAILABLE,NONE,20530,0,P,P,0.00,released,RELEASED
2026-05-18 19:03:12.229,821.7338,,slider,0,0,6.48,2.40,-17.20,AVAILABLE,NONE,20540,0,P,P,0.00,released,RELEASED
2026-05-18 19:03:12.629,822.1341,,slider,0,0,0.00,1.64,-17.20,AVAILABLE,NONE,20550,0,P,P,0.00,released,RELEASED
2026-05-18 19:03:13.029,822.5344,,slider,0,0,0.00,2.92,-17.20,AVAILABLE,NONE,20560,0,P,P,0.00,released,RELEASED
2026-05-18 19:03:13.429,822.9340,,slider,0,0,0.00,3.81,-17.20,AVAILABLE,NONE,20570,0,P,P,0.00,released,RELEASED
2026-05-18 19:03:13.829,823.3339,,slider,0,0,0.00,3.16,-17.20,AVAILABLE,NONE,20580,0,P,P,0.00,released,RELEASED
2026-05-18 19:03:14.229,823.7337,,slider,0,0,0.00,2.41,-17.20,AVAILABLE,NONE,20590,0,P,P,0.00,released,RELEASED
2026-05-18 19:03:14.629,824.1340,,slider,0,0,0.00,2.18,-17.20,AVAILABLE,NONE,20600,0,P,P,0.00,released,RELEASED
2026-05-18 19:03:15.029,824.5341,,slider,0,0,0.00,2.01,-17.20,AVAILABLE,NONE,20610,0,P,P,0.00,released,RELEASED
2026-05-18 19:03:15.429,824.9339,,slider,0,0,6.48,4.84,-17.20,AVAILABLE,NONE,20620,0,P,P,0.00,released,RELEASED
2026-05-18 19:03:15.830,825.3345,,slider,0,0,0.00,2.34,-17.20,AVAILABLE,NONE,20630,0,P,P,0.00,released,RELEASED
2026-05-18 19:03:16.229,825.7339,,slider,0,0,6.48,4.22,-17.20,AVAILABLE,NONE,20640,0,P,P,0.00,released,RELEASED
2026-05-18 19:03:16.630,826.1347,,slider,0,0,0.00,2.99,-17.20,AVAILABLE,NONE,20650,0,P,P,0.00,released,RELEASED
2026-05-18 19:03:17.029,826.5340,,slider,0,0,6.48,2.01,-17.20,AVAILABLE,NONE,20660,0,P,P,0.00,released,RELEASED
2026-05-18 19:03:17.429,826.9339,,slider,0,0,0.00,3.47,-17.20,AVAILABLE,NONE,20670,0,P,P,0.00,released,RELEASED
2026-05-18 19:03:17.830,827.3344,,slider,0,0,0.00,2.56,-17.20,AVAILABLE,NONE,20680,0,P,P,0.00,released,RELEASED
2026-05-18 19:03:18.230,827.7340,,slider,0,0,6.48,1.71,-17.20,AVAILABLE,NONE,20690,0,P,P,0.00,released,RELEASED
2026-05-18 19:03:18.630,828.1339,,slider,0,0,6.48,2.72,-17.20,AVAILABLE,NONE,20700,0,P,P,0.00,released,RELEASED
2026-05-18 19:03:19.030,828.5341,,slider,0,0,0.00,1.08,-17.20,AVAILABLE,NONE,20710,0,P,P,0.00,released,RELEASED
2026-05-18 19:03:19.430,828.9341,,slider,0,0,6.48,2.90,-17.20,AVAILABLE,NONE,20720,0,P,P,0.00,released,RELEASED
2026-05-18 19:03:19.830,829.3340,,slider,0,0,6.48,1.53,-17.20,AVAILABLE,NONE,20730,0,P,P,0.00,released,RELEASED
2026-05-18 19:03:20.231,829.7348,,slider,0,0,0.00,3.16,-17.20,AVAILABLE,NONE,20740,0,P,P,0.00,released,RELEASED
2026-05-18 19:03:20.630,830.1341,,slider,0,0,6.48,3.61,-17.20,AVAILABLE,NONE,20750,0,P,P,0.00,released,RELEASED
2026-05-18 19:03:21.030,830.5342,,slider,0,0,0.00,3.64,-17.20,AVAILABLE,NONE,20760,0,P,P,0.00,released,RELEASED
2026-05-18 19:03:21.430,830.9345,,slider,0,0,0.00,2.03,-17.20,AVAILABLE,NONE,20770,0,P,P,0.00,released,RELEASED
2026-05-18 19:03:21.830,831.3341,,slider,0,0,0.00,0.58,-17.20,AVAILABLE,NONE,20780,0,P,P,0.00,released,RELEASED
2026-05-18 19:03:22.231,831.7348,,slider,0,0,0.00,1.07,-17.20,AVAILABLE,NONE,20790,0,P,P,0.00,released,RELEASED
2026-05-18 19:03:22.631,832.1347,,slider,0,0,6.48,1.11,-17.20,AVAILABLE,NONE,20800,0,P,P,0.00,released,RELEASED
2026-05-18 19:03:23.031,832.5344,,slider,0,0,6.48,3.31,-17.20,AVAILABLE,NONE,20810,0,P,P,0.00,released,RELEASED
2026-05-18 19:03:23.431,832.9344,,slider,0,0,0.00,2.68,-17.20,AVAILABLE,NONE,20820,0,P,P,0.00,released,RELEASED
2026-05-18 19:03:23.831,833.3347,,slider,0,0,0.00,3.37,-17.20,AVAILABLE,NONE,20830,0,P,P,0.00,released,RELEASED
2026-05-18 19:03:24.231,833.7348,,slider,0,0,0.00,2.56,-17.20,AVAILABLE,NONE,20840,0,P,P,0.00,released,RELEASED
2026-05-18 19:03:24.631,834.1348,,slider,0,0,0.00,2.19,-17.20,AVAILABLE,NONE,20850,0,P,P,0.00,released,RELEASED
2026-05-18 19:03:25.031,834.5348,,slider,0,0,6.48,5.01,-17.20,AVAILABLE,NONE,20860,0,P,P,0.00,released,RELEASED
2026-05-18 19:03:25.431,834.9349,,slider,0,0,0.00,2.19,-17.20,AVAILABLE,NONE,20870,0,P,P,0.00,released,RELEASED
2026-05-18 19:03:25.831,835.3344,,slider,0,0,0.00,2.92,-17.20,AVAILABLE,NONE,20880,0,P,P,0.00,released,RELEASED
2026-05-18 19:03:26.231,835.7347,,slider,0,0,0.00,3.16,-17.20,AVAILABLE,NONE,20890,0,P,P,0.00,released,RELEASED
2026-05-18 19:03:26.631,836.1348,,slider,0,0,0.00,0.84,-17.20,AVAILABLE,NONE,20900,0,P,P,0.00,released,RELEASED
2026-05-18 19:03:27.032,836.5351,,slider,0,0,0.00,4.86,-17.20,AVAILABLE,NONE,20910,0,P,P,0.00,released,RELEASED
2026-05-18 19:03:27.432,836.9349,,slider,0,0,6.48,3.50,-17.20,AVAILABLE,NONE,20920,0,P,P,0.00,released,RELEASED
2026-05-18 19:03:27.831,837.3348,,slider,0,0,0.00,1.23,-17.20,AVAILABLE,NONE,20930,0,P,P,0.00,released,RELEASED
2026-05-18 19:03:28.232,837.7354,,slider,0,0,6.48,4.43,-17.20,AVAILABLE,NONE,20940,0,P,P,0.00,released,RELEASED
2026-05-18 19:03:28.632,838.1351,,slider,0,0,0.00,3.11,-17.20,AVAILABLE,NONE,20950,0,P,P,0.00,released,RELEASED
2026-05-18 19:03:29.032,838.5348,,slider,0,0,0.00,2.00,-17.20,AVAILABLE,NONE,20960,0,P,P,0.00,released,RELEASED
2026-05-18 19:03:29.432,838.9351,,slider,0,0,6.48,2.02,-17.20,AVAILABLE,NONE,20970,0,P,P,0.00,released,RELEASED
2026-05-18 19:03:29.832,839.3348,,slider,0,0,0.00,1.07,-17.20,AVAILABLE,NONE,20980,0,P,P,0.00,released,RELEASED
2026-05-18 19:03:30.232,839.7349,,slider,0,0,6.48,3.23,-17.20,AVAILABLE,NONE,20990,0,P,P,0.00,released,RELEASED
2026-05-18 19:03:30.633,840.1356,,slider,0,0,0.00,3.52,-17.20,AVAILABLE,NONE,21000,0,P,P,0.00,released,RELEASED
2026-05-18 19:03:31.032,840.5350,,slider,0,0,0.00,1.99,-17.20,AVAILABLE,NONE,21010,0,P,P,0.00,released,RELEASED
2026-05-18 19:03:31.432,840.9348,,slider,0,0,0.00,2.11,-17.20,AVAILABLE,NONE,21020,0,P,P,0.00,released,RELEASED
2026-05-18 19:03:31.833,841.3358,,slider,0,0,0.00,1.69,-17.20,AVAILABLE,NONE,21030,0,P,P,0.00,released,RELEASED
2026-05-18 19:03:32.232,841.7352,,slider,0,0,0.00,2.95,-17.20,AVAILABLE,NONE,21040,0,P,P,0.00,released,RELEASED
2026-05-18 19:03:32.633,842.1354,,slider,0,0,0.00,4.49,-17.20,AVAILABLE,NONE,21050,0,P,P,0.00,released,RELEASED
2026-05-18 19:03:33.033,842.5358,,slider,0,0,6.48,2.30,-17.20,AVAILABLE,NONE,21060,0,P,P,0.00,released,RELEASED
2026-05-18 19:03:33.433,842.9354,,slider,0,0,6.48,1.37,-17.20,AVAILABLE,NONE,21070,0,P,P,0.00,released,RELEASED
2026-05-18 19:03:33.832,843.3352,,slider,0,0,0.00,1.66,-17.20,AVAILABLE,NONE,21080,0,P,P,0.00,released,RELEASED
2026-05-18 19:03:34.233,843.7353,,slider,0,0,0.00,2.22,-17.20,AVAILABLE,NONE,21090,0,P,P,0.00,released,RELEASED
2026-05-18 19:03:34.633,844.1355,,slider,0,0,0.00,3.17,-17.20,AVAILABLE,NONE,21100,0,P,P,0.00,released,RELEASED
2026-05-18 19:03:35.033,844.5355,,slider,0,0,6.48,2.32,-17.20,AVAILABLE,NONE,21110,0,P,P,0.00,released,RELEASED
2026-05-18 19:03:35.433,844.9356,,slider,0,0,6.48,0.77,-17.20,AVAILABLE,NONE,21120,0,P,P,0.00,released,RELEASED
2026-05-18 19:03:35.833,845.3358,,slider,0,0,6.48,2.28,-17.20,AVAILABLE,NONE,21130,0,P,P,0.00,released,RELEASED
2026-05-18 19:03:36.233,845.7356,,slider,0,0,0.00,4.05,-17.20,AVAILABLE,NONE,21140,0,P,P,0.00,released,RELEASED
2026-05-18 19:03:36.634,846.1360,,slider,0,0,6.48,1.92,-17.20,AVAILABLE,NONE,21150,0,P,P,0.00,released,RELEASED
2026-05-18 19:03:37.033,846.5354,,slider,0,0,6.48,4.11,-17.20,AVAILABLE,NONE,21160,0,P,P,0.00,released,RELEASED
2026-05-18 19:03:37.433,846.9357,,slider,0,0,0.00,2.23,-17.20,AVAILABLE,NONE,21170,0,P,P,0.00,released,RELEASED
2026-05-18 19:03:37.833,847.3356,,slider,0,0,6.48,1.29,-17.20,AVAILABLE,NONE,21180,0,P,P,0.00,released,RELEASED
2026-05-18 19:03:38.233,847.7355,,slider,0,0,0.00,4.09,-17.20,AVAILABLE,NONE,21190,0,P,P,0.00,released,RELEASED
2026-05-18 19:03:38.633,848.1357,,slider,0,0,6.48,0.62,-17.20,AVAILABLE,NONE,21200,0,P,P,0.00,released,RELEASED
2026-05-18 19:03:39.033,848.5354,,slider,0,0,0.00,4.35,-17.20,AVAILABLE,NONE,21210,0,P,P,0.00,released,RELEASED
2026-05-18 19:03:39.433,848.9355,,slider,0,0,6.48,3.99,-17.20,AVAILABLE,NONE,21220,0,P,P,0.00,released,RELEASED
2026-05-18 19:03:39.834,849.3362,,slider,0,0,0.00,2.86,-17.20,AVAILABLE,NONE,21230,0,P,P,0.00,released,RELEASED
2026-05-18 19:03:40.234,849.7358,,slider,0,0,6.48,4.09,-17.20,AVAILABLE,NONE,21240,0,P,P,0.00,released,RELEASED
2026-05-18 19:03:40.634,850.1361,,slider,0,0,6.48,2.18,-17.20,AVAILABLE,NONE,21250,0,P,P,0.00,released,RELEASED
2026-05-18 19:03:41.034,850.5357,,slider,0,0,0.00,1.41,-17.20,AVAILABLE,NONE,21260,0,P,P,0.00,released,RELEASED
2026-05-18 19:03:41.434,850.9359,,slider,0,0,6.48,1.13,-17.20,AVAILABLE,NONE,21270,0,P,P,0.00,released,RELEASED
2026-05-18 19:03:41.834,851.3359,,slider,0,0,0.00,2.67,-17.20,AVAILABLE,NONE,21280,0,P,P,0.00,released,RELEASED
2026-05-18 19:03:42.234,851.7361,,slider,0,0,0.00,0.90,-17.20,AVAILABLE,NONE,21290,0,P,P,0.00,released,RELEASED
2026-05-18 19:03:42.635,852.1364,,slider,0,0,0.00,1.78,-17.20,AVAILABLE,NONE,21300,0,P,P,0.00,released,RELEASED
2026-05-18 19:03:43.034,852.5360,,slider,0,0,6.48,2.11,-17.20,AVAILABLE,NONE,21310,0,P,P,0.00,released,RELEASED
2026-05-18 19:03:43.435,852.9362,,slider,0,0,6.48,4.08,-17.20,AVAILABLE,NONE,21320,0,P,P,0.00,released,RELEASED
2026-05-18 19:03:43.835,853.3363,,slider,0,0,0.00,2.32,-17.20,AVAILABLE,NONE,21330,0,P,P,0.00,released,RELEASED
2026-05-18 19:03:44.235,853.7363,,slider,0,0,0.00,3.07,-17.20,AVAILABLE,NONE,21340,0,P,P,0.00,released,RELEASED
2026-05-18 19:03:44.635,854.1362,,slider,0,0,6.48,2.16,-17.20,AVAILABLE,NONE,21350,0,P,P,0.00,released,RELEASED
2026-05-18 19:03:45.035,854.5360,,slider,0,0,0.00,3.14,-17.20,AVAILABLE,NONE,21360,0,P,P,0.00,released,RELEASED
2026-05-18 19:03:45.435,854.9362,,slider,0,0,0.00,2.61,-17.20,AVAILABLE,NONE,21370,0,P,P,0.00,released,RELEASED
2026-05-18 19:03:45.834,855.3359,,slider,0,0,6.48,3.64,-17.20,AVAILABLE,NONE,21380,0,P,P,0.00,released,RELEASED
2026-05-18 19:03:46.235,855.7364,,slider,0,0,0.00,1.22,-17.20,AVAILABLE,NONE,21390,0,P,P,0.00,released,RELEASED
2026-05-18 19:03:46.635,856.1365,,slider,0,0,6.48,2.95,-17.20,AVAILABLE,NONE,21400,0,P,P,0.00,released,RELEASED
2026-05-18 19:03:47.035,856.5358,,slider,0,0,6.48,4.64,-17.20,AVAILABLE,NONE,21410,0,P,P,0.00,released,RELEASED
2026-05-18 19:03:47.435,856.9364,,slider,0,0,0.00,1.88,-17.20,AVAILABLE,NONE,21420,0,P,P,0.00,released,RELEASED
2026-05-18 19:03:47.835,857.3366,,slider,0,0,6.48,4.41,-17.20,AVAILABLE,NONE,21430,0,P,P,0.00,released,RELEASED
2026-05-18 19:03:48.235,857.7363,,slider,0,0,6.48,2.43,-17.20,AVAILABLE,NONE,21440,0,P,P,0.00,released,RELEASED
2026-05-18 19:03:48.635,858.1363,,slider,0,0,0.00,2.73,-17.20,AVAILABLE,NONE,21450,0,P,P,0.00,released,RELEASED
2026-05-18 19:03:49.036,858.5369,,slider,0,0,6.48,2.17,-17.20,AVAILABLE,NONE,21460,0,P,P,0.00,released,RELEASED
2026-05-18 19:03:49.436,858.9366,,slider,0,0,0.00,3.30,-17.20,AVAILABLE,NONE,21470,0,P,P,0.00,released,RELEASED
2026-05-18 19:03:49.835,859.3362,,slider,0,0,6.48,2.35,-17.20,AVAILABLE,NONE,21480,0,P,P,0.00,released,RELEASED
2026-05-18 19:03:50.236,859.7370,,slider,0,0,0.00,3.65,-17.20,AVAILABLE,NONE,21490,0,P,P,0.00,released,RELEASED
2026-05-18 19:03:50.636,860.1366,,slider,0,0,0.00,0.66,-17.20,AVAILABLE,NONE,21500,0,P,P,0.00,released,RELEASED
2026-05-18 19:03:51.036,860.5365,,slider,0,0,0.00,3.87,-17.20,AVAILABLE,NONE,21510,0,P,P,0.00,released,RELEASED
2026-05-18 19:03:51.436,860.9366,,slider,0,0,6.48,3.58,-17.20,AVAILABLE,NONE,21520,0,P,P,0.00,released,RELEASED
2026-05-18 19:03:51.836,861.3365,,slider,0,0,0.00,0.92,-17.20,AVAILABLE,NONE,21530,0,P,P,0.00,released,RELEASED
2026-05-18 19:03:52.236,861.7365,,slider,0,0,6.48,2.59,-17.20,AVAILABLE,NONE,21540,0,P,P,0.00,released,RELEASED
2026-05-18 19:03:52.636,862.1365,,slider,0,0,0.00,3.15,-17.20,AVAILABLE,NONE,21550,0,P,P,0.00,released,RELEASED
2026-05-18 19:03:53.036,862.5371,,slider,0,0,0.00,2.80,-17.20,AVAILABLE,NONE,21560,0,P,P,0.00,released,RELEASED
2026-05-18 19:03:53.436,862.9368,,slider,0,0,6.48,3.65,-17.20,AVAILABLE,NONE,21570,0,P,P,0.00,released,RELEASED
2026-05-18 19:03:53.837,863.3373,,slider,0,0,0.00,1.47,-17.20,AVAILABLE,NONE,21580,0,P,P,0.00,released,RELEASED
2026-05-18 19:03:54.237,863.7372,,slider,0,0,0.00,3.99,-17.20,AVAILABLE,NONE,21590,0,P,P,0.00,released,RELEASED
2026-05-18 19:03:54.637,864.1370,,slider,0,0,6.48,3.13,-17.20,AVAILABLE,NONE,21600,0,P,P,0.00,released,RELEASED
2026-05-18 19:03:55.036,864.5369,,slider,0,0,0.00,2.54,-17.20,AVAILABLE,NONE,21610,0,P,P,0.00,released,RELEASED
2026-05-18 19:03:55.436,864.9368,,slider,0,0,0.00,3.59,-17.20,AVAILABLE,NONE,21620,0,P,P,0.00,released,RELEASED
2026-05-18 19:03:55.836,865.3368,,slider,0,0,0.00,2.76,-17.20,AVAILABLE,NONE,21630,0,P,P,0.00,released,RELEASED
2026-05-18 19:03:56.237,865.7371,,slider,0,0,0.00,1.47,-17.20,AVAILABLE,NONE,21640,0,P,P,0.00,released,RELEASED
2026-05-18 19:03:56.637,866.1372,,slider,0,0,6.48,3.71,-17.20,AVAILABLE,NONE,21650,0,P,P,0.00,released,RELEASED
2026-05-18 19:03:57.037,866.5372,,slider,0,0,0.00,2.35,-17.20,AVAILABLE,NONE,21660,0,P,P,0.00,released,RELEASED
2026-05-18 19:03:57.437,866.9370,,slider,0,0,6.48,1.32,-17.20,AVAILABLE,NONE,21670,0,P,P,0.00,released,RELEASED
2026-05-18 19:03:57.837,867.3368,,slider,0,0,0.00,2.66,-17.20,AVAILABLE,NONE,21680,0,P,P,0.00,released,RELEASED
2026-05-18 19:03:58.237,867.7371,,slider,0,0,0.00,0.89,-17.20,AVAILABLE,NONE,21690,0,P,P,0.00,released,RELEASED
2026-05-18 19:03:58.637,868.1374,,slider,0,0,0.00,1.76,-17.20,AVAILABLE,NONE,21700,0,P,P,0.00,released,RELEASED
2026-05-18 19:03:59.037,868.5374,,slider,0,0,0.00,3.04,-17.20,AVAILABLE,NONE,21710,0,P,P,0.00,released,RELEASED
2026-05-18 19:03:59.437,868.9373,,slider,0,0,0.00,3.75,-17.20,AVAILABLE,NONE,21720,0,P,P,0.00,released,RELEASED
2026-05-18 19:03:59.837,869.3373,,slider,0,0,0.00,0.75,-17.20,AVAILABLE,NONE,21730,0,P,P,0.00,released,RELEASED
2026-05-18 19:04:00.238,869.7374,,slider,0,0,0.00,0.74,-17.20,AVAILABLE,NONE,21740,0,P,P,0.00,released,RELEASED
2026-05-18 19:04:00.638,870.1376,,slider,0,0,0.00,1.42,-17.20,AVAILABLE,NONE,21750,0,P,P,0.00,released,RELEASED
2026-05-18 19:04:01.038,870.5376,,slider,0,0,0.00,2.93,-17.20,AVAILABLE,NONE,21760,0,P,P,0.00,released,RELEASED
2026-05-18 19:04:01.438,870.9375,,slider,0,0,0.00,1.31,-17.20,AVAILABLE,NONE,21770,0,P,P,0.00,released,RELEASED
2026-05-18 19:04:01.838,871.3378,,slider,0,0,6.48,2.24,-17.20,AVAILABLE,NONE,21780,0,P,P,0.00,released,RELEASED
2026-05-18 19:04:02.238,871.7378,,slider,0,0,6.48,2.52,-17.20,AVAILABLE,NONE,21790,0,P,P,0.00,released,RELEASED
2026-05-18 19:04:02.638,872.1378,,slider,0,0,0.00,1.01,-17.20,AVAILABLE,NONE,21800,0,P,P,0.00,released,RELEASED
2026-05-18 19:04:03.038,872.5378,,slider,0,0,0.00,2.76,-17.20,AVAILABLE,NONE,21810,0,P,P,0.00,released,RELEASED
2026-05-18 19:04:03.438,872.9377,,slider,0,0,6.48,1.69,-17.20,AVAILABLE,NONE,21820,0,P,P,0.00,released,RELEASED
2026-05-18 19:04:03.838,873.3379,,slider,0,0,0.00,1.33,-17.20,AVAILABLE,NONE,21830,0,P,P,0.00,released,RELEASED
2026-05-18 19:04:04.238,873.7379,,slider,0,0,6.48,3.47,-17.20,AVAILABLE,NONE,21840,0,P,P,0.00,released,RELEASED
2026-05-18 19:04:04.639,874.1381,,slider,0,0,0.00,2.99,-17.20,AVAILABLE,NONE,21850,0,P,P,0.00,released,RELEASED
2026-05-18 19:04:05.039,874.5382,,slider,0,0,0.00,2.79,-17.20,AVAILABLE,NONE,21860,0,P,P,0.00,released,RELEASED
2026-05-18 19:04:05.439,874.9381,,slider,0,0,6.48,1.64,-17.20,AVAILABLE,NONE,21870,0,P,P,0.00,released,RELEASED
2026-05-18 19:04:05.839,875.3379,,slider,0,0,0.00,3.49,-17.20,AVAILABLE,NONE,21880,0,P,P,0.00,released,RELEASED
2026-05-18 19:04:06.239,875.7384,,slider,0,0,6.48,1.93,-17.20,AVAILABLE,NONE,21890,0,P,P,0.00,released,RELEASED
2026-05-18 19:04:06.639,876.1384,,slider,0,0,0.00,1.91,-17.20,AVAILABLE,NONE,21900,0,P,P,0.00,released,RELEASED
2026-05-18 19:04:07.039,876.5380,,slider,0,0,0.00,1.85,-17.20,AVAILABLE,NONE,21910,0,P,P,0.00,released,RELEASED
2026-05-18 19:04:07.439,876.9378,,slider,0,0,6.48,2.57,-17.20,AVAILABLE,NONE,21920,0,P,P,0.00,released,RELEASED
2026-05-18 19:04:07.839,877.3382,,slider,0,0,0.00,0.80,-17.20,AVAILABLE,NONE,21930,0,P,P,0.00,released,RELEASED
2026-05-18 19:04:08.239,877.7380,,slider,0,0,6.48,1.07,-17.20,AVAILABLE,NONE,21940,0,P,P,0.00,released,RELEASED
2026-05-18 19:04:08.639,878.1380,,slider,0,0,6.48,3.37,-17.20,AVAILABLE,NONE,21950,0,P,P,0.00,released,RELEASED
2026-05-18 19:04:09.039,878.5383,,slider,0,0,0.00,2.81,-17.20,AVAILABLE,NONE,21960,0,P,P,0.00,released,RELEASED
2026-05-18 19:04:09.439,878.9384,,slider,0,0,0.00,1.92,-17.20,AVAILABLE,NONE,21970,0,P,P,0.00,released,RELEASED
2026-05-18 19:04:09.839,879.3381,,slider,0,0,6.48,4.51,-17.20,AVAILABLE,NONE,21980,0,P,P,0.00,released,RELEASED
2026-05-18 19:04:10.243,879.7420,,slider,0,0,0.00,0.51,-17.20,AVAILABLE,NONE,21990,0,P,P,0.00,released,RELEASED
2026-05-18 19:04:10.643,880.1421,,slider,0,0,0.00,4.10,-17.20,AVAILABLE,NONE,22000,0,P,P,0.00,released,RELEASED
2026-05-18 19:04:11.043,880.5421,,slider,0,0,0.00,1.02,-17.20,AVAILABLE,NONE,22010,0,P,P,0.00,released,RELEASED
2026-05-18 19:04:11.444,880.9422,,slider,0,0,0.00,3.05,-17.20,AVAILABLE,NONE,22020,0,P,P,0.00,released,RELEASED
2026-05-18 19:04:11.844,881.3423,,slider,0,0,6.48,3.00,-17.20,AVAILABLE,NONE,22030,0,P,P,0.00,released,RELEASED
2026-05-18 19:04:12.244,881.7423,,slider,0,0,6.48,3.93,-17.20,AVAILABLE,NONE,22040,0,P,P,0.00,released,RELEASED
2026-05-18 19:04:12.644,882.1424,,slider,0,0,0.00,0.64,-17.20,AVAILABLE,NONE,22050,0,P,P,0.00,released,RELEASED
2026-05-18 19:04:13.044,882.5421,,slider,0,0,6.48,2.45,-17.20,AVAILABLE,NONE,22060,0,P,P,0.00,released,RELEASED
2026-05-18 19:04:13.444,882.9421,,slider,0,0,6.48,2.65,-17.20,AVAILABLE,NONE,22070,0,P,P,0.00,released,RELEASED
2026-05-18 19:04:13.844,883.3421,,slider,0,0,6.48,3.04,-17.20,AVAILABLE,NONE,22080,0,P,P,0.00,released,RELEASED
2026-05-18 19:04:14.244,883.7421,,slider,0,0,6.48,4.32,-17.20,AVAILABLE,NONE,22090,0,P,P,0.00,released,RELEASED
2026-05-18 19:04:14.644,884.1422,,slider,0,0,0.00,2.78,-17.20,AVAILABLE,NONE,22100,0,P,P,0.00,released,RELEASED
2026-05-18 19:04:15.044,884.5422,,slider,0,0,0.00,4.06,-17.20,AVAILABLE,NONE,22110,0,P,P,0.00,released,RELEASED
2026-05-18 19:04:15.444,884.9421,,slider,0,0,0.00,2.01,-17.20,AVAILABLE,NONE,22120,0,P,P,0.00,released,RELEASED
2026-05-18 19:04:15.844,885.3423,,slider,0,0,6.48,3.18,-17.20,AVAILABLE,NONE,22130,0,P,P,0.00,released,RELEASED
2026-05-18 19:04:16.244,885.7421,,slider,0,0,6.48,3.99,-17.20,AVAILABLE,NONE,22140,0,P,P,0.00,released,RELEASED
2026-05-18 19:04:16.644,886.1422,,slider,0,0,0.00,2.91,-17.20,AVAILABLE,NONE,22150,0,P,P,0.00,released,RELEASED
2026-05-18 19:04:17.044,886.5422,,slider,0,0,6.48,2.97,-17.20,AVAILABLE,NONE,22160,0,P,P,0.00,released,RELEASED
2026-05-18 19:04:17.444,886.9422,,slider,0,0,0.00,2.87,-17.20,AVAILABLE,NONE,22170,0,P,P,0.00,released,RELEASED
2026-05-18 19:04:17.844,887.3422,,slider,0,0,0.00,1.02,-17.20,AVAILABLE,NONE,22180,0,P,P,0.00,released,RELEASED
2026-05-18 19:04:18.244,887.7422,,slider,0,0,6.48,3.81,-17.20,AVAILABLE,NONE,22190,0,P,P,0.00,released,RELEASED
2026-05-18 19:04:18.645,888.1424,,slider,0,0,0.00,3.47,-17.20,AVAILABLE,NONE,22200,0,P,P,0.00,released,RELEASED
2026-05-18 19:04:19.044,888.5422,,slider,0,0,6.48,2.17,-17.20,AVAILABLE,NONE,22210,0,P,P,0.00,released,RELEASED
2026-05-18 19:04:19.445,888.9423,,slider,0,0,0.00,2.44,-17.20,AVAILABLE,NONE,22220,0,P,P,0.00,released,RELEASED
2026-05-18 19:04:19.844,889.3422,,slider,0,0,0.00,1.23,-17.20,AVAILABLE,NONE,22230,0,P,P,0.00,released,RELEASED
2026-05-18 19:04:20.244,889.7422,,slider,0,0,6.48,3.31,-17.20,AVAILABLE,NONE,22240,0,P,P,0.00,released,RELEASED
2026-05-18 19:04:20.645,890.1422,,slider,0,0,0.00,2.05,-17.20,AVAILABLE,NONE,22250,0,P,P,0.00,released,RELEASED
2026-05-18 19:04:21.045,890.5423,,slider,0,0,0.00,1.61,-17.20,AVAILABLE,NONE,22260,0,P,P,0.00,released,RELEASED
2026-05-18 19:04:21.445,890.9426,,slider,0,0,6.48,1.63,-17.20,AVAILABLE,NONE,22270,0,P,P,0.00,released,RELEASED
2026-05-18 19:04:21.845,891.3423,,slider,0,0,6.48,2.94,-17.20,AVAILABLE,NONE,22280,0,P,P,0.00,released,RELEASED
2026-05-18 19:04:22.245,891.7422,,slider,0,0,6.48,1.86,-17.20,AVAILABLE,NONE,22290,0,P,P,0.00,released,RELEASED
2026-05-18 19:04:22.645,892.1424,,slider,0,0,0.00,0.87,-17.20,AVAILABLE,NONE,22300,0,P,P,0.00,released,RELEASED
2026-05-18 19:04:23.045,892.5423,,slider,0,0,6.48,1.27,-17.20,AVAILABLE,NONE,22310,0,P,P,0.00,released,RELEASED
2026-05-18 19:04:23.445,892.9424,,slider,0,0,0.00,1.81,-17.20,AVAILABLE,NONE,22320,0,P,P,0.00,released,RELEASED
2026-05-18 19:04:23.845,893.3423,,slider,0,0,6.48,4.19,-17.20,AVAILABLE,NONE,22330,0,P,P,0.00,released,RELEASED
2026-05-18 19:04:24.245,893.7423,,slider,0,0,6.48,1.90,-17.20,AVAILABLE,NONE,22340,0,P,P,0.00,released,RELEASED
2026-05-18 19:04:24.645,894.1424,,slider,0,0,6.48,1.92,-17.20,AVAILABLE,NONE,22350,0,P,P,0.00,released,RELEASED
2026-05-18 19:04:25.045,894.5423,,slider,0,0,6.48,2.52,-17.20,AVAILABLE,NONE,22360,0,P,P,0.00,released,RELEASED
2026-05-18 19:04:25.445,894.9423,,slider,0,0,6.48,3.02,-17.20,AVAILABLE,NONE,22370,0,P,P,0.00,released,RELEASED
2026-05-18 19:04:25.846,895.3426,,slider,0,0,6.48,3.74,-17.20,AVAILABLE,NONE,22380,0,P,P,0.00,released,RELEASED
2026-05-18 19:04:26.245,895.7424,,slider,0,0,0.00,1.93,-17.20,AVAILABLE,NONE,22390,0,P,P,0.00,released,RELEASED
2026-05-18 19:04:26.645,896.1425,,slider,0,0,0.00,2.76,-17.20,AVAILABLE,NONE,22400,0,P,P,0.00,released,RELEASED
2026-05-18 19:04:27.046,896.5426,,slider,0,0,6.48,4.10,-17.20,AVAILABLE,NONE,22410,0,P,P,0.00,released,RELEASED
2026-05-18 19:04:27.445,896.9424,,slider,0,0,6.48,4.74,-17.20,AVAILABLE,NONE,22420,0,P,P,0.00,released,RELEASED
2026-05-18 19:04:27.846,897.3425,,slider,0,0,6.48,1.35,-17.20,AVAILABLE,NONE,22430,0,P,P,0.00,released,RELEASED
2026-05-18 19:04:28.246,897.7424,,slider,0,0,6.48,4.19,-17.20,AVAILABLE,NONE,22440,0,P,P,0.00,released,RELEASED
2026-05-18 19:04:28.646,898.1424,,slider,0,0,6.48,1.41,-17.20,AVAILABLE,NONE,22450,0,P,P,0.00,released,RELEASED
2026-05-18 19:04:29.046,898.5426,,slider,0,0,0.00,3.97,-17.20,AVAILABLE,NONE,22460,0,P,P,0.00,released,RELEASED
2026-05-18 19:04:29.446,898.9425,,slider,0,0,6.48,3.24,-17.20,AVAILABLE,NONE,22470,0,P,P,0.00,released,RELEASED
2026-05-18 19:04:29.846,899.3425,,slider,0,0,0.00,3.02,-17.20,AVAILABLE,NONE,22480,0,P,P,0.00,released,RELEASED
2026-05-18 19:04:30.246,899.7424,,slider,0,0,6.48,3.47,-17.20,AVAILABLE,NONE,22490,0,P,P,0.00,released,RELEASED
2026-05-18 19:04:30.646,900.1425,,slider,0,0,0.00,1.41,-17.20,AVAILABLE,NONE,22500,0,P,P,0.00,released,RELEASED
2026-05-18 19:04:31.046,900.5425,,slider,0,0,6.48,1.16,-17.20,AVAILABLE,NONE,22510,0,P,P,0.00,released,RELEASED
2026-05-18 19:04:31.446,900.9426,,slider,0,0,0.00,5.12,-17.20,AVAILABLE,NONE,22520,0,P,P,0.00,released,RELEASED
2026-05-18 19:04:31.846,901.3426,,slider,0,0,0.00,2.20,-17.20,AVAILABLE,NONE,22530,0,P,P,0.00,released,RELEASED
2026-05-18 19:04:32.246,901.7429,,slider,0,0,0.00,1.91,-17.20,AVAILABLE,NONE,22540,0,P,P,0.00,released,RELEASED
2026-05-18 19:04:32.646,902.1426,,slider,0,0,6.48,3.36,-17.20,AVAILABLE,NONE,22550,0,P,P,0.00,released,RELEASED
2026-05-18 19:04:33.046,902.5426,,slider,0,0,0.00,0.79,-17.20,AVAILABLE,NONE,22560,0,P,P,0.00,released,RELEASED
2026-05-18 19:04:33.446,902.9427,,slider,0,0,0.00,2.33,-17.20,AVAILABLE,NONE,22570,0,P,P,0.00,released,RELEASED
2026-05-18 19:04:33.846,903.3426,,slider,0,0,6.48,3.10,-17.20,AVAILABLE,NONE,22580,0,P,P,0.00,released,RELEASED
2026-05-18 19:04:34.246,903.7426,,slider,0,0,0.00,2.15,-17.20,AVAILABLE,NONE,22590,0,P,P,0.00,released,RELEASED
2026-05-18 19:04:34.647,904.1430,,slider,0,0,0.00,4.02,-17.20,AVAILABLE,NONE,22600,0,P,P,0.00,released,RELEASED
2026-05-18 19:04:35.047,904.5428,,slider,0,0,6.48,2.42,-17.20,AVAILABLE,NONE,22610,0,P,P,0.00,released,RELEASED
2026-05-18 19:04:35.447,904.9427,,slider,0,0,0.00,2.00,-17.20,AVAILABLE,NONE,22620,0,P,P,0.00,released,RELEASED
2026-05-18 19:04:35.847,905.3427,,slider,0,0,0.00,3.05,-17.20,AVAILABLE,NONE,22630,0,P,P,0.00,released,RELEASED
2026-05-18 19:04:36.247,905.7428,,slider,0,0,0.00,1.50,-17.20,AVAILABLE,NONE,22640,0,P,P,0.00,released,RELEASED
2026-05-18 19:04:36.647,906.1429,,slider,0,0,6.48,3.48,-17.20,AVAILABLE,NONE,22650,0,P,P,0.00,released,RELEASED
2026-05-18 19:04:37.047,906.5426,,slider,0,0,0.00,2.83,-17.20,AVAILABLE,NONE,22660,0,P,P,0.00,released,RELEASED
2026-05-18 19:04:37.447,906.9427,,slider,0,0,0.00,1.33,-17.20,AVAILABLE,NONE,22670,0,P,P,0.00,released,RELEASED
2026-05-18 19:04:37.847,907.3426,,slider,0,0,6.48,2.68,-17.20,AVAILABLE,NONE,22680,0,P,P,0.00,released,RELEASED
2026-05-18 19:04:38.247,907.7427,,slider,0,0,0.00,3.94,-17.20,AVAILABLE,NONE,22690,0,P,P,0.00,released,RELEASED
2026-05-18 19:04:38.647,908.1427,,slider,0,0,6.48,2.25,-17.20,AVAILABLE,NONE,22700,0,P,P,0.00,released,RELEASED
2026-05-18 19:04:39.047,908.5427,,slider,0,0,0.00,3.57,-17.20,AVAILABLE,NONE,22710,0,P,P,0.00,released,RELEASED
2026-05-18 19:04:39.447,908.9427,,slider,0,0,0.00,1.00,-17.20,AVAILABLE,NONE,22720,0,P,P,0.00,released,RELEASED
2026-05-18 19:04:39.847,909.3428,,slider,0,0,6.48,2.58,-17.20,AVAILABLE,NONE,22730,0,P,P,0.00,released,RELEASED
2026-05-18 19:04:40.247,909.7429,,slider,0,0,0.00,3.57,-17.20,AVAILABLE,NONE,22740,0,P,P,0.00,released,RELEASED
2026-05-18 19:04:40.647,910.1428,,slider,0,0,6.48,2.46,-17.20,AVAILABLE,NONE,22750,0,P,P,0.00,released,RELEASED
2026-05-18 19:04:41.047,910.5428,,slider,0,0,6.48,2.05,-17.20,AVAILABLE,NONE,22760,0,P,P,0.00,released,RELEASED
2026-05-18 19:04:41.447,910.9427,,slider,0,0,0.00,3.26,-17.20,AVAILABLE,NONE,22770,0,P,P,0.00,released,RELEASED
2026-05-18 19:04:41.847,911.3428,,slider,0,0,0.00,3.15,-17.20,AVAILABLE,NONE,22780,0,P,P,0.00,released,RELEASED
2026-05-18 19:04:42.247,911.7427,,slider,0,0,0.00,1.38,-17.20,AVAILABLE,NONE,22790,0,P,P,0.00,released,RELEASED
2026-05-18 19:04:42.648,912.1430,,slider,0,0,0.00,3.64,-17.20,AVAILABLE,NONE,22800,0,P,P,0.00,released,RELEASED
2026-05-18 19:04:43.048,912.5429,,slider,0,0,0.00,2.70,-17.20,AVAILABLE,NONE,22810,0,P,P,0.00,released,RELEASED
2026-05-18 19:04:43.448,912.9427,,slider,0,0,6.48,2.58,-17.20,AVAILABLE,NONE,22820,0,P,P,0.00,released,RELEASED
2026-05-18 19:04:43.847,913.3426,,slider,0,0,0.00,2.48,-17.20,AVAILABLE,NONE,22830,0,P,P,0.00,released,RELEASED
2026-05-18 19:04:44.248,913.7428,,slider,0,0,6.48,1.56,-17.20,AVAILABLE,NONE,22840,0,P,P,0.00,released,RELEASED
2026-05-18 19:04:44.648,914.1428,,slider,0,0,0.00,2.54,-17.20,AVAILABLE,NONE,22850,0,P,P,0.00,released,RELEASED
2026-05-18 19:04:45.048,914.5428,,slider,0,0,0.00,1.72,-17.20,AVAILABLE,NONE,22860,0,P,P,0.00,released,RELEASED
2026-05-18 19:04:45.448,914.9428,,slider,0,0,6.48,2.91,-17.20,AVAILABLE,NONE,22870,0,P,P,0.00,released,RELEASED
2026-05-18 19:04:45.848,915.3428,,slider,0,0,0.00,2.58,-17.20,AVAILABLE,NONE,22880,0,P,P,0.00,released,RELEASED
2026-05-18 19:04:46.248,915.7429,,slider,0,0,0.00,0.69,-17.20,AVAILABLE,NONE,22890,0,P,P,0.00,released,RELEASED
2026-05-18 19:04:46.648,916.1429,,slider,0,0,6.48,4.99,-17.20,AVAILABLE,NONE,22900,0,P,P,0.00,released,RELEASED
2026-05-18 19:04:47.048,916.5428,,slider,0,0,0.00,4.04,-17.20,AVAILABLE,NONE,22910,0,P,P,0.00,released,RELEASED
2026-05-18 19:04:47.448,916.9428,,slider,0,0,0.00,1.94,-17.20,AVAILABLE,NONE,22920,0,P,P,0.00,released,RELEASED
2026-05-18 19:04:47.848,917.3429,,slider,0,0,0.00,1.65,-17.20,AVAILABLE,NONE,22930,0,P,P,0.00,released,RELEASED
2026-05-18 19:04:48.248,917.7428,,slider,0,0,0.00,3.57,-17.20,AVAILABLE,NONE,22940,0,P,P,0.00,released,RELEASED
2026-05-18 19:04:48.648,918.1429,,slider,0,0,6.48,1.82,-17.20,AVAILABLE,NONE,22950,0,P,P,0.00,released,RELEASED
2026-05-18 19:04:49.048,918.5429,,slider,0,0,0.00,2.99,-17.20,AVAILABLE,NONE,22960,0,P,P,0.00,released,RELEASED
2026-05-18 19:04:49.448,918.9428,,slider,0,0,0.00,2.89,-17.20,AVAILABLE,NONE,22970,0,P,P,0.00,released,RELEASED
2026-05-18 19:04:49.848,919.3428,,slider,0,0,0.00,2.69,-17.20,AVAILABLE,NONE,22980,0,P,P,0.00,released,RELEASED
2026-05-18 19:04:50.249,919.7430,,slider,0,0,6.48,2.28,-17.20,AVAILABLE,NONE,22990,0,P,P,0.00,released,RELEASED
2026-05-18 19:04:50.648,920.1428,,slider,0,0,6.48,4.26,-17.20,AVAILABLE,NONE,23000,0,P,P,0.00,released,RELEASED
2026-05-18 19:04:51.048,920.5428,,slider,0,0,6.48,3.77,-17.20,AVAILABLE,NONE,23010,0,P,P,0.00,released,RELEASED
2026-05-18 19:04:51.449,920.9429,,slider,0,0,0.00,1.98,-17.20,AVAILABLE,NONE,23020,0,P,P,0.00,released,RELEASED
2026-05-18 19:04:51.849,921.3429,,slider,0,0,6.48,2.68,-17.20,AVAILABLE,NONE,23030,0,P,P,0.00,released,RELEASED
2026-05-18 19:04:52.249,921.7429,,slider,0,0,0.00,2.28,-17.20,AVAILABLE,NONE,23040,0,P,P,0.00,released,RELEASED
2026-05-18 19:04:52.649,922.1428,,slider,0,0,0.00,2.20,-17.20,AVAILABLE,NONE,23050,0,P,P,0.00,released,RELEASED
2026-05-18 19:04:53.049,922.5428,,slider,0,0,6.48,3.89,-17.20,AVAILABLE,NONE,23060,0,P,P,0.00,released,RELEASED
2026-05-18 19:04:53.449,922.9429,,slider,0,0,6.48,5.21,-17.20,AVAILABLE,NONE,23070,0,P,P,0.00,released,RELEASED
2026-05-18 19:04:53.849,923.3429,,slider,0,0,0.00,0.82,-17.20,AVAILABLE,NONE,23080,0,P,P,0.00,released,RELEASED
2026-05-18 19:04:54.249,923.7429,,slider,0,0,6.48,2.99,-17.20,AVAILABLE,NONE,23090,0,P,P,0.00,released,RELEASED
2026-05-18 19:04:54.649,924.1428,,slider,0,0,6.48,2.69,-17.20,AVAILABLE,NONE,23100,0,P,P,0.00,released,RELEASED
2026-05-18 19:04:55.049,924.5428,,slider,0,0,6.48,2.11,-17.20,AVAILABLE,NONE,23110,0,P,P,0.00,released,RELEASED
2026-05-18 19:04:55.449,924.9428,,slider,0,0,6.48,4.56,-17.20,AVAILABLE,NONE,23120,0,P,P,0.00,released,RELEASED
2026-05-18 19:04:55.849,925.3429,,slider,0,0,0.00,3.13,-17.20,AVAILABLE,NONE,23130,0,P,P,0.00,released,RELEASED
2026-05-18 19:04:56.249,925.7429,,slider,0,0,0.00,1.42,-17.20,AVAILABLE,NONE,23140,0,P,P,0.00,released,RELEASED
2026-05-18 19:04:56.649,926.1430,,slider,0,0,0.00,1.79,-17.20,AVAILABLE,NONE,23150,0,P,P,0.00,released,RELEASED
2026-05-18 19:04:57.049,926.5430,,slider,0,0,0.00,0.73,-17.20,AVAILABLE,NONE,23160,0,P,P,0.00,released,RELEASED
2026-05-18 19:04:57.449,926.9429,,slider,0,0,0.00,1.77,-17.20,AVAILABLE,NONE,23170,0,P,P,0.00,released,RELEASED
2026-05-18 19:04:57.849,927.3431,,slider,0,0,6.48,4.07,-17.20,AVAILABLE,NONE,23180,0,P,P,0.00,released,RELEASED
2026-05-18 19:04:58.249,927.7431,,slider,0,0,0.00,3.04,-17.20,AVAILABLE,NONE,23190,0,P,P,0.00,released,RELEASED
2026-05-18 19:04:58.649,928.1430,,slider,0,0,0.00,1.48,-17.20,AVAILABLE,NONE,23200,0,P,P,0.00,released,RELEASED
2026-05-18 19:04:59.049,928.5430,,slider,0,0,0.00,4.43,-17.20,AVAILABLE,NONE,23210,0,P,P,0.00,released,RELEASED
2026-05-18 19:04:59.450,928.9431,,slider,0,0,0.00,2.16,-17.20,AVAILABLE,NONE,23220,0,P,P,0.00,released,RELEASED
2026-05-18 19:04:59.849,929.3429,,slider,0,0,6.48,3.26,-17.20,AVAILABLE,NONE,23230,0,P,P,0.00,released,RELEASED
2026-05-18 19:05:00.250,929.7431,,slider,0,0,0.00,2.27,-17.20,AVAILABLE,NONE,23240,0,P,P,0.00,released,RELEASED
2026-05-18 19:05:00.650,930.1430,,slider,0,0,6.48,2.69,-17.20,AVAILABLE,NONE,23250,0,P,P,0.00,released,RELEASED
2026-05-18 19:05:01.050,930.5430,,slider,0,0,0.00,2.00,-17.20,AVAILABLE,NONE,23260,0,P,P,0.00,released,RELEASED
2026-05-18 19:05:01.450,930.9430,,slider,0,0,6.48,2.42,-17.20,AVAILABLE,NONE,23270,0,P,P,0.00,released,RELEASED
2026-05-18 19:05:01.850,931.3429,,slider,0,0,6.48,4.95,-17.20,AVAILABLE,NONE,23280,0,P,P,0.00,released,RELEASED
2026-05-18 19:05:02.250,931.7430,,slider,0,0,6.48,3.42,-17.20,AVAILABLE,NONE,23290,0,P,P,0.00,released,RELEASED
2026-05-18 19:05:02.650,932.1431,,slider,0,0,0.00,2.15,-17.20,AVAILABLE,NONE,23300,0,P,P,0.00,released,RELEASED
2026-05-18 19:05:03.050,932.5430,,slider,0,0,0.00,3.25,-17.20,AVAILABLE,NONE,23310,0,P,P,0.00,released,RELEASED
2026-05-18 19:05:03.450,932.9429,,slider,0,0,0.00,2.72,-17.20,AVAILABLE,NONE,23320,0,P,P,0.00,released,RELEASED
2026-05-18 19:05:03.850,933.3430,,slider,0,0,6.48,1.31,-17.20,AVAILABLE,NONE,23330,0,P,P,0.00,released,RELEASED
2026-05-18 19:05:04.250,933.7430,,slider,0,0,0.00,2.30,-17.20,AVAILABLE,NONE,23340,0,P,P,0.00,released,RELEASED
2026-05-18 19:05:04.650,934.1430,,slider,0,0,0.00,2.29,-17.20,AVAILABLE,NONE,23350,0,P,P,0.00,released,RELEASED
2026-05-18 19:05:05.050,934.5430,,slider,0,0,0.00,3.46,-17.20,AVAILABLE,NONE,23360,0,P,P,0.00,released,RELEASED
2026-05-18 19:05:05.450,934.9432,,slider,0,0,6.48,4.03,-17.20,AVAILABLE,NONE,23370,0,P,P,0.00,released,RELEASED
2026-05-18 19:05:05.850,935.3430,,slider,0,0,6.48,3.48,-17.20,AVAILABLE,NONE,23380,0,P,P,0.00,released,RELEASED
2026-05-18 19:05:06.250,935.7431,,slider,0,0,0.00,2.24,-17.20,AVAILABLE,NONE,23390,0,P,P,0.00,released,RELEASED
2026-05-18 19:05:06.650,936.1431,,slider,0,0,0.00,2.54,-17.20,AVAILABLE,NONE,23400,0,P,P,0.00,released,RELEASED
2026-05-18 19:05:07.050,936.5431,,slider,0,0,0.00,2.33,-17.20,AVAILABLE,NONE,23410,0,P,P,0.00,released,RELEASED
2026-05-18 19:05:07.451,936.9432,,slider,0,0,0.00,2.30,-17.20,AVAILABLE,NONE,23420,0,P,P,0.00,released,RELEASED
2026-05-18 19:05:07.851,937.3431,,slider,0,0,0.00,2.23,-17.20,AVAILABLE,NONE,23430,0,P,P,0.00,released,RELEASED
2026-05-18 19:05:08.251,937.7431,,slider,0,0,0.00,3.03,-17.20,AVAILABLE,NONE,23440,0,P,P,0.00,released,RELEASED
2026-05-18 19:05:08.651,938.1431,,slider,0,0,6.48,3.68,-17.20,AVAILABLE,NONE,23450,0,P,P,0.00,released,RELEASED
2026-05-18 19:05:09.051,938.5430,,slider,0,0,6.48,2.81,-17.20,AVAILABLE,NONE,23460,0,P,P,0.00,released,RELEASED
2026-05-18 19:05:09.451,938.9430,,slider,0,0,0.00,1.57,-17.20,AVAILABLE,NONE,23470,0,P,P,0.00,released,RELEASED
2026-05-18 19:05:09.851,939.3432,,slider,0,0,0.00,0.97,-17.20,AVAILABLE,NONE,23480,0,P,P,0.00,released,RELEASED
2026-05-18 19:05:10.251,939.7431,,slider,0,0,0.00,1.01,-17.20,AVAILABLE,NONE,23490,0,P,P,0.00,released,RELEASED
2026-05-18 19:05:10.651,940.1430,,slider,0,0,0.00,3.78,-17.20,AVAILABLE,NONE,23500,0,P,P,0.00,released,RELEASED
2026-05-18 19:05:11.051,940.5431,,slider,0,0,6.48,3.66,-17.20,AVAILABLE,NONE,23510,0,P,P,0.00,released,RELEASED
2026-05-18 19:05:11.451,940.9431,,slider,0,0,6.48,4.01,-17.20,AVAILABLE,NONE,23520,0,P,P,0.00,released,RELEASED
2026-05-18 19:05:11.851,941.3430,,slider,0,0,0.00,4.36,-17.20,AVAILABLE,NONE,23530,0,P,P,0.00,released,RELEASED
2026-05-18 19:05:12.251,941.7430,,slider,0,0,0.00,1.89,-17.20,AVAILABLE,NONE,23540,0,P,P,0.00,released,RELEASED
2026-05-18 19:05:12.651,942.1430,,slider,0,0,0.00,2.79,-17.20,AVAILABLE,NONE,23550,0,P,P,0.00,released,RELEASED
2026-05-18 19:05:13.051,942.5432,,slider,0,0,0.00,0.83,-17.20,AVAILABLE,NONE,23560,0,P,P,0.00,released,RELEASED
2026-05-18 19:05:13.451,942.9432,,slider,0,0,0.00,2.23,-17.20,AVAILABLE,NONE,23570,0,P,P,0.00,released,RELEASED
2026-05-18 19:05:13.851,943.3431,,slider,0,0,0.00,2.74,-17.20,AVAILABLE,NONE,23580,0,P,P,0.00,released,RELEASED
2026-05-18 19:05:14.251,943.7432,,slider,0,0,6.48,2.51,-17.20,AVAILABLE,NONE,23590,0,P,P,0.00,released,RELEASED
2026-05-18 19:05:14.651,944.1431,,slider,0,0,6.48,3.41,-17.20,AVAILABLE,NONE,23600,0,P,P,0.00,released,RELEASED
2026-05-18 19:05:15.051,944.5430,,slider,0,0,6.48,4.31,-17.20,AVAILABLE,NONE,23610,0,P,P,0.00,released,RELEASED
2026-05-18 19:05:15.451,944.9431,,slider,0,0,0.00,2.70,-17.20,AVAILABLE,NONE,23620,0,P,P,0.00,released,RELEASED
2026-05-18 19:05:15.851,945.3430,,slider,0,0,0.00,0.81,-17.20,AVAILABLE,NONE,23630,0,P,P,0.00,released,RELEASED
2026-05-18 19:05:16.251,945.7431,,slider,0,0,6.48,5.73,-17.20,AVAILABLE,NONE,23640,0,P,P,0.00,released,RELEASED
2026-05-18 19:05:16.651,946.1430,,slider,0,0,0.00,1.30,-17.20,AVAILABLE,NONE,23650,0,P,P,0.00,released,RELEASED
2026-05-18 19:05:17.052,946.5431,,slider,0,0,0.00,2.29,-17.20,AVAILABLE,NONE,23660,0,P,P,0.00,released,RELEASED
2026-05-18 19:05:17.452,946.9432,,slider,0,0,0.00,4.05,-17.20,AVAILABLE,NONE,23670,0,P,P,0.00,released,RELEASED
2026-05-18 19:05:17.852,947.3431,,slider,0,0,0.00,3.30,-17.20,AVAILABLE,NONE,23680,0,P,P,0.00,released,RELEASED
2026-05-18 19:05:18.252,947.7430,,slider,0,0,0.00,3.02,-17.20,AVAILABLE,NONE,23690,0,P,P,0.00,released,RELEASED
2026-05-18 19:05:18.652,948.1431,,slider,0,0,0.00,2.29,-17.20,AVAILABLE,NONE,23700,0,P,P,0.00,released,RELEASED
2026-05-18 19:05:19.052,948.5432,,slider,0,0,0.00,0.25,-17.20,AVAILABLE,NONE,23710,0,P,P,0.00,released,RELEASED
2026-05-18 19:05:19.452,948.9434,,slider,0,0,0.00,3.43,-17.20,AVAILABLE,NONE,23720,0,P,P,0.00,released,RELEASED
2026-05-18 19:05:19.852,949.3431,,slider,0,0,0.00,2.38,-17.20,AVAILABLE,NONE,23730,0,P,P,0.00,released,RELEASED
2026-05-18 19:05:20.252,949.7432,,slider,0,0,0.00,1.65,-17.20,AVAILABLE,NONE,23740,0,P,P,0.00,released,RELEASED
2026-05-18 19:05:20.652,950.1432,,slider,0,0,0.00,1.92,-17.20,AVAILABLE,NONE,23750,0,P,P,0.00,released,RELEASED
2026-05-18 19:05:21.052,950.5432,,slider,0,0,6.48,3.07,-17.20,AVAILABLE,NONE,23760,0,P,P,0.00,released,RELEASED
2026-05-18 19:05:21.452,950.9431,,slider,0,0,0.00,2.68,-17.20,AVAILABLE,NONE,23770,0,P,P,0.00,released,RELEASED
2026-05-18 19:05:21.852,951.3431,,slider,0,0,0.00,1.85,-17.20,AVAILABLE,NONE,23780,0,P,P,0.00,released,RELEASED
2026-05-18 19:05:22.252,951.7431,,slider,0,0,0.00,0.86,-17.20,AVAILABLE,NONE,23790,0,P,P,0.00,released,RELEASED
2026-05-18 19:05:22.652,952.1432,,slider,0,0,6.48,2.77,-17.20,AVAILABLE,NONE,23800,0,P,P,0.00,released,RELEASED
2026-05-18 19:05:23.052,952.5432,,slider,0,0,0.00,3.31,-17.20,AVAILABLE,NONE,23810,0,P,P,0.00,released,RELEASED
2026-05-18 19:05:23.452,952.9431,,slider,0,0,6.48,1.89,-17.20,AVAILABLE,NONE,23820,0,P,P,0.00,released,RELEASED
2026-05-18 19:05:23.852,953.3431,,slider,0,0,6.48,2.23,-17.20,AVAILABLE,NONE,23830,0,P,P,0.00,released,RELEASED
2026-05-18 19:05:24.252,953.7431,,slider,0,0,6.48,3.09,-17.20,AVAILABLE,NONE,23840,0,P,P,0.00,released,RELEASED
2026-05-18 19:05:24.652,954.1431,,slider,0,0,6.48,3.64,-17.20,AVAILABLE,NONE,23850,0,P,P,0.00,released,RELEASED
2026-05-18 19:05:25.052,954.5431,,slider,0,0,0.00,3.28,-17.20,AVAILABLE,NONE,23860,0,P,P,0.00,released,RELEASED
2026-05-18 19:05:25.453,954.9432,,slider,0,0,0.00,1.02,-17.20,AVAILABLE,NONE,23870,0,P,P,0.00,released,RELEASED
2026-05-18 19:05:25.852,955.3431,,slider,0,0,0.00,1.63,-17.20,AVAILABLE,NONE,23880,0,P,P,0.00,released,RELEASED
2026-05-18 19:05:26.253,955.7433,,slider,0,0,0.00,3.47,-17.20,AVAILABLE,NONE,23890,0,P,P,0.00,released,RELEASED
2026-05-18 19:05:26.653,956.1432,,slider,0,0,6.48,3.80,-17.20,AVAILABLE,NONE,23900,0,P,P,0.00,released,RELEASED
2026-05-18 19:05:27.053,956.5432,,slider,0,0,6.48,3.11,-17.20,AVAILABLE,NONE,23910,0,P,P,0.00,released,RELEASED
2026-05-18 19:05:27.453,956.9431,,slider,0,0,6.48,3.21,-17.20,AVAILABLE,NONE,23920,0,P,P,0.00,released,RELEASED
2026-05-18 19:05:27.853,957.3432,,slider,0,0,0.00,1.04,-17.20,AVAILABLE,NONE,23930,0,P,P,0.00,released,RELEASED
2026-05-18 19:05:28.253,957.7432,,slider,0,0,6.48,4.08,-17.20,AVAILABLE,NONE,23940,0,P,P,0.00,released,RELEASED
2026-05-18 19:05:28.653,958.1432,,slider,0,0,0.00,2.49,-17.20,AVAILABLE,NONE,23950,0,P,P,0.00,released,RELEASED
2026-05-18 19:05:29.053,958.5431,,slider,0,0,6.48,2.15,-17.20,AVAILABLE,NONE,23960,0,P,P,0.00,released,RELEASED
2026-05-18 19:05:29.453,958.9433,,slider,0,0,0.00,1.38,-17.20,AVAILABLE,NONE,23970,0,P,P,0.00,released,RELEASED
2026-05-18 19:05:29.853,959.3433,,slider,0,0,6.48,1.01,-17.20,AVAILABLE,NONE,23980,0,P,P,0.00,released,RELEASED
2026-05-18 19:05:30.253,959.7432,,slider,0,0,0.00,3.67,-17.20,AVAILABLE,NONE,23990,0,P,P,0.00,released,RELEASED
2026-05-18 19:05:30.653,960.1432,,slider,0,0,6.48,3.95,-17.20,AVAILABLE,NONE,24000,0,P,P,0.00,released,RELEASED
2026-05-18 19:05:31.053,960.5432,,slider,0,0,6.48,1.92,-17.20,AVAILABLE,NONE,24010,0,P,P,0.00,released,RELEASED
2026-05-18 19:05:31.453,960.9432,,slider,0,0,0.00,2.58,-17.20,AVAILABLE,NONE,24020,0,P,P,0.00,released,RELEASED
2026-05-18 19:05:31.853,961.3432,,slider,0,0,6.48,2.03,-17.20,AVAILABLE,NONE,24030,0,P,P,0.00,released,RELEASED
2026-05-18 19:05:32.253,961.7432,,slider,0,0,0.00,1.04,-17.20,AVAILABLE,NONE,24040,0,P,P,0.00,released,RELEASED
2026-05-18 19:05:32.653,962.1433,,slider,0,0,6.48,4.35,-17.20,AVAILABLE,NONE,24050,0,P,P,0.00,released,RELEASED
2026-05-18 19:05:33.053,962.5432,,slider,0,0,0.00,1.07,-17.20,AVAILABLE,NONE,24060,0,P,P,0.00,released,RELEASED
2026-05-18 19:05:33.453,962.9432,,slider,0,0,6.48,2.91,-17.20,AVAILABLE,NONE,24070,0,P,P,0.00,released,RELEASED
2026-05-18 19:05:33.854,963.3433,,slider,0,0,0.00,2.78,-17.20,AVAILABLE,NONE,24080,0,P,P,0.00,released,RELEASED
2026-05-18 19:05:34.254,963.7434,,slider,0,0,6.48,2.48,-17.20,AVAILABLE,NONE,24090,0,P,P,0.00,released,RELEASED
2026-05-18 19:05:34.654,964.1433,,slider,0,0,6.48,3.05,-17.20,AVAILABLE,NONE,24100,0,P,P,0.00,released,RELEASED
2026-05-18 19:05:35.054,964.5433,,slider,0,0,0.00,2.25,-17.20,AVAILABLE,NONE,24110,0,P,P,0.00,released,RELEASED
2026-05-18 19:05:35.454,964.9433,,slider,0,0,0.00,1.34,-17.20,AVAILABLE,NONE,24120,0,P,P,0.00,released,RELEASED
2026-05-18 19:05:35.854,965.3433,,slider,0,0,6.48,1.94,-17.20,AVAILABLE,NONE,24130,0,P,P,0.00,released,RELEASED
2026-05-18 19:05:36.254,965.7433,,slider,0,0,6.48,1.89,-17.20,AVAILABLE,NONE,24140,0,P,P,0.00,released,RELEASED
2026-05-18 19:05:36.654,966.1433,,slider,0,0,0.00,4.40,-17.20,AVAILABLE,NONE,24150,0,P,P,0.00,released,RELEASED
2026-05-18 19:05:37.054,966.5433,,slider,0,0,0.00,2.13,-17.20,AVAILABLE,NONE,24160,0,P,P,0.00,released,RELEASED
2026-05-18 19:05:37.454,966.9433,,slider,0,0,6.48,0.99,-17.20,AVAILABLE,NONE,24170,0,P,P,0.00,released,RELEASED
2026-05-18 19:05:37.854,967.3433,,slider,0,0,0.00,2.99,-17.20,AVAILABLE,NONE,24180,0,P,P,0.00,released,RELEASED
2026-05-18 19:05:38.254,967.7433,,slider,0,0,6.48,3.24,-17.20,AVAILABLE,NONE,24190,0,P,P,0.00,released,RELEASED
2026-05-18 19:05:38.654,968.1433,,slider,0,0,0.00,2.32,-17.20,AVAILABLE,NONE,24200,0,P,P,0.00,released,RELEASED
2026-05-18 19:05:39.054,968.5435,,slider,0,0,0.00,2.29,-17.20,AVAILABLE,NONE,24210,0,P,P,0.00,released,RELEASED
2026-05-18 19:05:39.454,968.9433,,slider,0,0,0.00,1.55,-17.20,AVAILABLE,NONE,24220,0,P,P,0.00,released,RELEASED
2026-05-18 19:05:39.854,969.3434,,slider,0,0,6.48,1.93,-17.20,AVAILABLE,NONE,24230,0,P,P,0.00,released,RELEASED
2026-05-18 19:05:40.254,969.7434,,slider,0,0,0.00,3.42,-17.20,AVAILABLE,NONE,24240,0,P,P,0.00,released,RELEASED
2026-05-18 19:05:40.654,970.1434,,slider,0,0,6.48,2.99,-17.20,AVAILABLE,NONE,24250,0,P,P,0.00,released,RELEASED
2026-05-18 19:05:41.054,970.5434,,slider,0,0,6.48,4.69,-17.20,AVAILABLE,NONE,24260,0,P,P,0.00,released,RELEASED
2026-05-18 19:05:41.454,970.9433,,slider,0,0,0.00,3.15,-17.20,AVAILABLE,NONE,24270,0,P,P,0.00,released,RELEASED
2026-05-18 19:05:41.855,971.3435,,slider,0,0,0.00,3.58,-17.20,AVAILABLE,NONE,24280,0,P,P,0.00,released,RELEASED
2026-05-18 19:05:42.255,971.7434,,slider,0,0,6.48,2.67,-17.20,AVAILABLE,NONE,24290,0,P,P,0.00,released,RELEASED
2026-05-18 19:05:42.655,972.1434,,slider,0,0,0.00,2.94,-17.20,AVAILABLE,NONE,24300,0,P,P,0.00,released,RELEASED
2026-05-18 19:05:43.055,972.5434,,slider,0,0,6.48,1.38,-17.20,AVAILABLE,NONE,24310,0,P,P,0.00,released,RELEASED
2026-05-18 19:05:43.455,972.9434,,slider,0,0,6.48,4.38,-17.20,AVAILABLE,NONE,24320,0,P,P,0.00,released,RELEASED
2026-05-18 19:05:43.855,973.3435,,slider,0,0,0.00,1.36,-17.20,AVAILABLE,NONE,24330,0,P,P,0.00,released,RELEASED
2026-05-18 19:05:44.255,973.7434,,slider,0,0,6.48,1.58,-17.20,AVAILABLE,NONE,24340,0,P,P,0.00,released,RELEASED
2026-05-18 19:05:44.655,974.1435,,slider,0,0,0.00,2.34,-17.20,AVAILABLE,NONE,24350,0,P,P,0.00,released,RELEASED
2026-05-18 19:05:45.055,974.5436,,slider,0,0,0.00,2.86,-17.20,AVAILABLE,NONE,24360,0,P,P,0.00,released,RELEASED
2026-05-18 19:05:45.455,974.9434,,slider,0,0,0.00,3.47,-17.20,AVAILABLE,NONE,24370,0,P,P,0.00,released,RELEASED
2026-05-18 19:05:45.855,975.3437,,slider,0,0,0.00,1.46,-17.20,AVAILABLE,NONE,24380,0,P,P,0.00,released,RELEASED
2026-05-18 19:05:46.255,975.7436,,slider,0,0,6.48,2.14,-17.20,AVAILABLE,NONE,24390,0,P,P,0.00,released,RELEASED
2026-05-18 19:05:46.655,976.1436,,slider,0,0,6.48,3.70,-17.20,AVAILABLE,NONE,24400,0,P,P,0.00,released,RELEASED
2026-05-18 19:05:47.055,976.5436,,slider,0,0,0.00,2.28,-17.20,AVAILABLE,NONE,24410,0,P,P,0.00,released,RELEASED
2026-05-18 19:05:47.455,976.9436,,slider,0,0,0.00,1.87,-17.20,AVAILABLE,NONE,24420,0,P,P,0.00,released,RELEASED
2026-05-18 19:05:47.855,977.3436,,slider,0,0,0.00,2.41,-17.20,AVAILABLE,NONE,24430,0,P,P,0.00,released,RELEASED
2026-05-18 19:05:48.255,977.7436,,slider,0,0,6.48,2.26,-17.20,AVAILABLE,NONE,24440,0,P,P,0.00,released,RELEASED
2026-05-18 19:05:48.655,978.1436,,slider,0,0,6.48,2.56,-17.20,AVAILABLE,NONE,24450,0,P,P,0.00,released,RELEASED
2026-05-18 19:05:49.056,978.5437,,slider,0,0,0.00,1.85,-17.20,AVAILABLE,NONE,24460,0,P,P,0.00,released,RELEASED
2026-05-18 19:05:49.455,978.9436,,slider,0,0,6.48,2.82,-17.20,AVAILABLE,NONE,24470,0,P,P,0.00,released,RELEASED
2026-05-18 19:05:49.856,979.3436,,slider,0,0,0.00,2.27,-17.20,AVAILABLE,NONE,24480,0,P,P,0.00,released,RELEASED
2026-05-18 19:05:50.256,979.7436,,slider,0,0,0.00,2.89,-17.20,AVAILABLE,NONE,24490,0,P,P,0.00,released,RELEASED
2026-05-18 19:05:50.656,980.1436,,slider,0,0,0.00,1.77,-17.20,AVAILABLE,NONE,24500,0,P,P,0.00,released,RELEASED
2026-05-18 19:05:51.056,980.5437,,slider,0,0,0.00,3.69,-17.20,AVAILABLE,NONE,24510,0,P,P,0.00,released,RELEASED
2026-05-18 19:05:51.456,980.9436,,slider,0,0,0.00,0.98,-17.20,AVAILABLE,NONE,24520,0,P,P,0.00,released,RELEASED
2026-05-18 19:05:51.856,981.3436,,slider,0,0,6.48,3.30,-17.20,AVAILABLE,NONE,24530,0,P,P,0.00,released,RELEASED
2026-05-18 19:05:52.256,981.7436,,slider,0,0,6.48,2.74,-17.20,AVAILABLE,NONE,24540,0,P,P,0.00,released,RELEASED
2026-05-18 19:05:52.656,982.1436,,slider,0,0,6.48,4.01,-17.20,AVAILABLE,NONE,24550,0,P,P,0.00,released,RELEASED
2026-05-18 19:05:53.056,982.5436,,slider,0,0,0.00,3.06,-17.20,AVAILABLE,NONE,24560,0,P,P,0.00,released,RELEASED
2026-05-18 19:05:53.456,982.9437,,slider,0,0,6.48,2.88,-17.20,AVAILABLE,NONE,24570,0,P,P,0.00,released,RELEASED
2026-05-18 19:05:53.856,983.3437,,slider,0,0,6.48,1.64,-17.20,AVAILABLE,NONE,24580,0,P,P,0.00,released,RELEASED
2026-05-18 19:05:54.256,983.7436,,slider,0,0,6.48,2.66,-17.20,AVAILABLE,NONE,24590,0,P,P,0.00,released,RELEASED
2026-05-18 19:05:54.656,984.1436,,slider,0,0,0.00,3.22,-17.20,AVAILABLE,NONE,24600,0,P,P,0.00,released,RELEASED
2026-05-18 19:05:55.056,984.5436,,slider,0,0,0.00,2.36,-17.20,AVAILABLE,NONE,24610,0,P,P,0.00,released,RELEASED
2026-05-18 19:05:55.456,984.9437,,slider,0,0,6.48,5.06,-17.20,AVAILABLE,NONE,24620,0,P,P,0.00,released,RELEASED
2026-05-18 19:05:55.856,985.3436,,slider,0,0,0.00,2.79,-17.20,AVAILABLE,NONE,24630,0,P,P,0.00,released,RELEASED
2026-05-18 19:05:56.256,985.7437,,slider,0,0,6.48,4.74,-17.20,AVAILABLE,NONE,24640,0,P,P,0.00,released,RELEASED
2026-05-18 19:05:56.656,986.1437,,slider,0,0,0.00,4.08,-17.20,AVAILABLE,NONE,24650,0,P,P,0.00,released,RELEASED
2026-05-18 19:05:57.056,986.5437,,slider,0,0,0.00,1.93,-17.20,AVAILABLE,NONE,24660,0,P,P,0.00,released,RELEASED
2026-05-18 19:05:57.456,986.9437,,slider,0,0,0.00,3.98,-17.20,AVAILABLE,NONE,24670,0,P,P,0.00,released,RELEASED
2026-05-18 19:05:57.856,987.3437,,slider,0,0,6.48,3.01,-17.20,AVAILABLE,NONE,24680,0,P,P,0.00,released,RELEASED
2026-05-18 19:05:58.256,987.7436,,slider,0,0,0.00,1.25,-17.20,AVAILABLE,NONE,24690,0,P,P,0.00,released,RELEASED
2026-05-18 19:05:58.657,988.1437,,slider,0,0,6.48,3.95,-17.20,AVAILABLE,NONE,24700,0,P,P,0.00,released,RELEASED
2026-05-18 19:05:59.057,988.5437,,slider,0,0,0.00,0.91,-17.20,AVAILABLE,NONE,24710,0,P,P,0.00,released,RELEASED
2026-05-18 19:05:59.457,988.9437,,slider,0,0,0.00,0.18,-17.20,AVAILABLE,NONE,24720,0,P,P,0.00,released,RELEASED
2026-05-18 19:05:59.857,989.3437,,slider,0,0,6.48,3.01,-17.20,AVAILABLE,NONE,24730,0,P,P,0.00,released,RELEASED
2026-05-18 19:06:00.257,989.7437,,slider,0,0,0.00,1.20,-17.20,AVAILABLE,NONE,24740,0,P,P,0.00,released,RELEASED
2026-05-18 19:06:00.657,990.1438,,slider,0,0,0.00,2.68,-17.20,AVAILABLE,NONE,24750,0,P,P,0.00,released,RELEASED
2026-05-18 19:06:01.057,990.5437,,slider,0,0,6.48,1.63,-17.20,AVAILABLE,NONE,24760,0,P,P,0.00,released,RELEASED
2026-05-18 19:06:01.457,990.9437,,slider,0,0,6.48,3.07,-17.20,AVAILABLE,NONE,24770,0,P,P,0.00,released,RELEASED
2026-05-18 19:06:01.857,991.3438,,slider,0,0,0.00,3.29,-17.20,AVAILABLE,NONE,24780,0,P,P,0.00,released,RELEASED
2026-05-18 19:06:02.257,991.7437,,slider,0,0,0.00,2.27,-17.20,AVAILABLE,NONE,24790,0,P,P,0.00,released,RELEASED
2026-05-18 19:06:02.657,992.1437,,slider,0,0,0.00,1.99,-17.20,AVAILABLE,NONE,24800,0,P,P,0.00,released,RELEASED
2026-05-18 19:06:03.057,992.5439,,slider,0,0,6.48,2.96,-17.20,AVAILABLE,NONE,24810,0,P,P,0.00,released,RELEASED
2026-05-18 19:06:03.457,992.9438,,slider,0,0,0.00,2.01,-17.20,AVAILABLE,NONE,24820,0,P,P,0.00,released,RELEASED
2026-05-18 19:06:03.857,993.3438,,slider,0,0,0.00,0.75,-17.20,AVAILABLE,NONE,24830,0,P,P,0.00,released,RELEASED
2026-05-18 19:06:04.257,993.7439,,slider,0,0,0.00,1.66,-17.20,AVAILABLE,NONE,24840,0,P,P,0.00,released,RELEASED
2026-05-18 19:06:04.657,994.1439,,slider,0,0,0.00,2.82,-17.20,AVAILABLE,NONE,24850,0,P,P,0.00,released,RELEASED
2026-05-18 19:06:05.057,994.5439,,slider,0,0,0.00,3.35,-17.20,AVAILABLE,NONE,24860,0,P,P,0.00,released,RELEASED
2026-05-18 19:06:05.457,994.9438,,slider,0,0,0.00,3.32,-17.20,AVAILABLE,NONE,24870,0,P,P,0.00,released,RELEASED
2026-05-18 19:06:05.858,995.3439,,slider,0,0,0.00,1.67,-17.20,AVAILABLE,NONE,24880,0,P,P,0.00,released,RELEASED
2026-05-18 19:06:06.258,995.7439,,slider,0,0,0.00,1.60,-17.20,AVAILABLE,NONE,24890,0,P,P,0.00,released,RELEASED
2026-05-18 19:06:06.658,996.1439,,slider,0,0,0.00,2.28,-17.20,AVAILABLE,NONE,24900,0,P,P,0.00,released,RELEASED
2026-05-18 19:06:07.058,996.5439,,slider,0,0,6.48,2.24,-17.20,AVAILABLE,NONE,24910,0,P,P,0.00,released,RELEASED
2026-05-18 19:06:07.458,996.9437,,slider,0,0,6.48,2.70,-17.20,AVAILABLE,NONE,24920,0,P,P,0.00,released,RELEASED
2026-05-18 19:06:07.858,997.3438,,slider,0,0,0.00,3.11,-17.20,AVAILABLE,NONE,24930,0,P,P,0.00,released,RELEASED
2026-05-18 19:06:08.258,997.7438,,slider,0,0,0.00,1.86,-17.20,AVAILABLE,NONE,24940,0,P,P,0.00,released,RELEASED
2026-05-18 19:06:08.658,998.1438,,slider,0,0,6.48,4.72,-17.20,AVAILABLE,NONE,24950,0,P,P,0.00,released,RELEASED
2026-05-18 19:06:09.058,998.5438,,slider,0,0,6.48,1.38,-17.20,AVAILABLE,NONE,24960,0,P,P,0.00,released,RELEASED
2026-05-18 19:06:09.458,998.9438,,slider,0,0,6.48,4.41,-17.20,AVAILABLE,NONE,24970,0,P,P,0.00,released,RELEASED
2026-05-18 19:06:09.858,999.3437,,slider,0,0,0.00,2.19,-17.20,AVAILABLE,NONE,24980,0,P,P,0.00,released,RELEASED
2026-05-18 19:06:10.258,999.7439,,slider,0,0,6.48,0.56,-17.20,AVAILABLE,NONE,24990,0,P,P,0.00,released,RELEASED
2026-05-18 19:06:10.658,1000.1437,,slider,0,0,6.48,2.92,-17.20,AVAILABLE,NONE,25000,0,P,P,0.00,released,RELEASED
2026-05-18 19:06:11.058,1000.5437,,slider,0,0,0.00,0.81,-17.20,AVAILABLE,NONE,25010,0,P,P,0.00,released,RELEASED
2026-05-18 19:06:11.458,1000.9437,,slider,0,0,6.48,2.66,-17.20,AVAILABLE,NONE,25020,0,P,P,0.00,released,RELEASED
2026-05-18 19:06:11.852,1001.3377,,slider,0,0,0.00,4.43,-17.20,AVAILABLE,NONE,25030,0,P,P,0.00,released,RELEASED
2026-05-18 19:06:12.252,1001.7378,,slider,0,0,0.00,1.90,-17.20,AVAILABLE,NONE,25040,0,P,P,0.00,released,RELEASED
2026-05-18 19:06:12.652,1002.1377,,slider,0,0,0.00,3.11,-17.20,AVAILABLE,NONE,25050,0,P,P,0.00,released,RELEASED
2026-05-18 19:06:13.052,1002.5377,,slider,0,0,0.00,2.72,-17.20,AVAILABLE,NONE,25060,0,P,P,0.00,released,RELEASED
2026-05-18 19:06:13.452,1002.9380,,slider,0,0,0.00,1.91,-17.20,AVAILABLE,NONE,25070,0,P,P,0.00,released,RELEASED
2026-05-18 19:06:13.853,1003.3383,,slider,0,0,0.00,2.68,-17.20,AVAILABLE,NONE,25080,0,P,P,0.00,released,RELEASED
2026-05-18 19:06:14.253,1003.7381,,slider,0,0,0.00,1.93,-17.20,AVAILABLE,NONE,25090,0,P,P,0.00,released,RELEASED
2026-05-18 19:06:14.652,1004.1379,,slider,0,0,0.00,2.88,-17.20,AVAILABLE,NONE,25100,0,P,P,0.00,released,RELEASED
2026-05-18 19:06:15.053,1004.5379,,slider,0,0,6.48,2.51,-17.20,AVAILABLE,NONE,25110,0,P,P,0.00,released,RELEASED
2026-05-18 19:06:15.453,1004.9378,,slider,0,0,0.00,0.34,-17.20,AVAILABLE,NONE,25120,0,P,P,0.00,released,RELEASED
2026-05-18 19:06:15.853,1005.3379,,slider,0,0,6.48,1.45,-17.20,AVAILABLE,NONE,25130,0,P,P,0.00,released,RELEASED
2026-05-18 19:06:16.253,1005.7378,,slider,0,0,6.48,1.58,-17.20,AVAILABLE,NONE,25140,0,P,P,0.00,released,RELEASED
2026-05-18 19:06:16.653,1006.1379,,slider,0,0,6.48,1.32,-17.20,AVAILABLE,NONE,25150,0,P,P,0.00,released,RELEASED
2026-05-18 19:06:17.053,1006.5379,,slider,0,0,6.48,4.17,-17.20,AVAILABLE,NONE,25160,0,P,P,0.00,released,RELEASED
2026-05-18 19:06:17.453,1006.9379,,slider,0,0,0.00,2.76,-17.20,AVAILABLE,NONE,25170,0,P,P,0.00,released,RELEASED
2026-05-18 19:06:17.853,1007.3380,,slider,0,0,0.00,2.58,-17.20,AVAILABLE,NONE,25180,0,P,P,0.00,released,RELEASED
2026-05-18 19:06:18.253,1007.7380,,slider,0,0,0.00,2.97,-17.20,AVAILABLE,NONE,25190,0,P,P,0.00,released,RELEASED
2026-05-18 19:06:18.653,1008.1381,,slider,0,0,0.00,1.82,-17.20,AVAILABLE,NONE,25200,0,P,P,0.00,released,RELEASED
2026-05-18 19:06:19.053,1008.5380,,slider,0,0,6.48,4.73,-17.20,AVAILABLE,NONE,25210,0,P,P,0.00,released,RELEASED
2026-05-18 19:06:19.453,1008.9380,,slider,0,0,0.00,3.30,-17.20,AVAILABLE,NONE,25220,0,P,P,0.00,released,RELEASED
2026-05-18 19:06:19.853,1009.3382,,slider,0,0,0.00,2.07,-17.20,AVAILABLE,NONE,25230,0,P,P,0.00,released,RELEASED
2026-05-18 19:06:20.253,1009.7381,,slider,0,0,6.48,3.45,-17.20,AVAILABLE,NONE,25240,0,P,P,0.00,released,RELEASED
2026-05-18 19:06:20.654,1010.1383,,slider,0,0,0.00,2.46,-17.20,AVAILABLE,NONE,25250,0,P,P,0.00,released,RELEASED
2026-05-18 19:06:21.053,1010.5382,,slider,0,0,6.48,0.40,-17.20,AVAILABLE,NONE,25260,0,P,P,0.00,released,RELEASED
2026-05-18 19:06:21.454,1010.9382,,slider,0,0,6.48,3.52,-17.20,AVAILABLE,NONE,25270,0,P,P,0.00,released,RELEASED
2026-05-18 19:06:21.854,1011.3385,,slider,0,0,6.48,2.80,-17.20,AVAILABLE,NONE,25280,0,P,P,0.00,released,RELEASED
2026-05-18 19:06:22.254,1011.7382,,slider,0,0,6.48,2.37,-17.20,AVAILABLE,NONE,25290,0,P,P,0.00,released,RELEASED
2026-05-18 19:06:22.654,1012.1383,,slider,0,0,0.00,2.23,-17.20,AVAILABLE,NONE,25300,0,P,P,0.00,released,RELEASED
2026-05-18 19:06:23.054,1012.5383,,slider,0,0,0.00,2.47,-17.20,AVAILABLE,NONE,25310,0,P,P,0.00,released,RELEASED
2026-05-18 19:06:23.454,1012.9383,,slider,0,0,0.00,3.40,-17.20,AVAILABLE,NONE,25320,0,P,P,0.00,released,RELEASED
2026-05-18 19:06:23.854,1013.3383,,slider,0,0,0.00,2.07,-17.20,AVAILABLE,NONE,25330,0,P,P,0.00,released,RELEASED
2026-05-18 19:06:24.254,1013.7384,,slider,0,0,6.48,1.56,-17.20,AVAILABLE,NONE,25340,0,P,P,0.00,released,RELEASED
2026-05-18 19:06:24.654,1014.1385,,slider,0,0,6.48,2.58,-17.20,AVAILABLE,NONE,25350,0,P,P,0.00,released,RELEASED
2026-05-18 19:06:25.054,1014.5384,,slider,0,0,0.00,2.46,-17.20,AVAILABLE,NONE,25360,0,P,P,0.00,released,RELEASED
2026-05-18 19:06:25.454,1014.9386,,slider,0,0,6.48,2.44,-17.20,AVAILABLE,NONE,25370,0,P,P,0.00,released,RELEASED
2026-05-18 19:06:25.854,1015.3384,,slider,0,0,6.48,4.95,-17.20,AVAILABLE,NONE,25380,0,P,P,0.00,released,RELEASED
2026-05-18 19:06:26.254,1015.7385,,slider,0,0,0.00,1.87,-17.20,AVAILABLE,NONE,25390,0,P,P,0.00,released,RELEASED
2026-05-18 19:06:26.654,1016.1385,,slider,0,0,0.00,3.05,-17.20,AVAILABLE,NONE,25400,0,P,P,0.00,released,RELEASED
2026-05-18 19:06:27.055,1016.5387,,slider,0,0,0.00,3.96,-17.20,AVAILABLE,NONE,25410,0,P,P,0.00,released,RELEASED
2026-05-18 19:06:27.455,1016.9386,,slider,0,0,6.48,2.04,-17.20,AVAILABLE,NONE,25420,0,P,P,0.00,released,RELEASED
2026-05-18 19:06:27.855,1017.3386,,slider,0,0,0.00,3.36,-17.20,AVAILABLE,NONE,25430,0,P,P,0.00,released,RELEASED
2026-05-18 19:06:28.255,1017.7391,,slider,0,0,6.48,3.31,-17.20,AVAILABLE,NONE,25440,0,P,P,0.00,released,RELEASED
2026-05-18 19:06:28.655,1018.1387,,slider,0,0,0.00,2.31,-17.20,AVAILABLE,NONE,25450,0,P,P,0.00,released,RELEASED
2026-05-18 19:06:29.055,1018.5387,,slider,0,0,6.48,4.29,-17.20,AVAILABLE,NONE,25460,0,P,P,0.00,released,RELEASED
2026-05-18 19:06:29.455,1018.9389,,slider,0,0,0.00,2.82,-17.20,AVAILABLE,NONE,25470,0,P,P,0.00,released,RELEASED
2026-05-18 19:06:29.855,1019.3387,,slider,0,0,6.48,1.02,-17.20,AVAILABLE,NONE,25480,0,P,P,0.00,released,RELEASED
2026-05-18 19:06:30.256,1019.7395,,slider,0,0,0.00,2.31,-17.20,AVAILABLE,NONE,25490,0,P,P,0.00,released,RELEASED
2026-05-18 19:06:30.655,1020.1391,,slider,0,0,0.00,4.25,-17.20,AVAILABLE,NONE,25500,0,P,P,0.00,released,RELEASED
2026-05-18 19:06:31.056,1020.5392,,slider,0,0,0.00,2.22,-17.20,AVAILABLE,NONE,25510,0,P,P,0.00,released,RELEASED
2026-05-18 19:06:31.456,1020.9394,,slider,0,0,0.00,2.18,-17.20,AVAILABLE,NONE,25520,0,P,P,0.00,released,RELEASED
2026-05-18 19:06:31.856,1021.3392,,slider,0,0,0.00,1.22,-17.20,AVAILABLE,NONE,25530,0,P,P,0.00,released,RELEASED
2026-05-18 19:06:32.256,1021.7398,,slider,0,0,0.00,3.16,-17.20,AVAILABLE,NONE,25540,0,P,P,0.00,released,RELEASED
2026-05-18 19:06:32.656,1022.1393,,slider,0,0,0.00,1.58,-17.20,AVAILABLE,NONE,25550,0,P,P,0.00,released,RELEASED
2026-05-18 19:06:33.056,1022.5393,,slider,0,0,0.00,0.38,-17.20,AVAILABLE,NONE,25560,0,P,P,0.00,released,RELEASED
2026-05-18 19:06:33.456,1022.9391,,slider,0,0,0.00,3.63,-17.20,AVAILABLE,NONE,25570,0,P,P,0.00,released,RELEASED
2026-05-18 19:06:33.856,1023.3394,,slider,0,0,6.48,2.12,-17.20,AVAILABLE,NONE,25580,0,P,P,0.00,released,RELEASED
2026-05-18 19:06:34.256,1023.7397,,slider,0,0,6.48,2.22,-17.20,AVAILABLE,NONE,25590,0,P,P,0.00,released,RELEASED
2026-05-18 19:06:34.656,1024.1396,,slider,0,0,0.00,2.43,-17.20,AVAILABLE,NONE,25600,0,P,P,0.00,released,RELEASED
2026-05-18 19:06:35.056,1024.5393,,slider,0,0,6.48,3.80,-17.20,AVAILABLE,NONE,25610,0,P,P,0.00,released,RELEASED
2026-05-18 19:06:35.456,1024.9392,,slider,0,0,6.48,3.81,-17.20,AVAILABLE,NONE,25620,0,P,P,0.00,released,RELEASED
2026-05-18 19:06:35.856,1025.3394,,slider,0,0,0.00,2.05,-17.20,AVAILABLE,NONE,25630,0,P,P,0.00,released,RELEASED
2026-05-18 19:06:36.256,1025.7393,,slider,0,0,6.48,1.66,-17.20,AVAILABLE,NONE,25640,0,P,P,0.00,released,RELEASED
2026-05-18 19:06:36.656,1026.1394,,slider,0,0,6.48,2.25,-17.20,AVAILABLE,NONE,25650,0,P,P,0.00,released,RELEASED
2026-05-18 19:06:37.056,1026.5393,,slider,0,0,0.00,3.14,-17.20,AVAILABLE,NONE,25660,0,P,P,0.00,released,RELEASED
2026-05-18 19:06:37.457,1026.9396,,slider,0,0,0.00,2.02,-17.20,AVAILABLE,NONE,25670,0,P,P,0.00,released,RELEASED
2026-05-18 19:06:37.857,1027.3394,,slider,0,0,6.48,4.15,-17.20,AVAILABLE,NONE,25680,0,P,P,0.00,released,RELEASED
2026-05-18 19:06:38.257,1027.7394,,slider,0,0,0.00,2.53,-17.20,AVAILABLE,NONE,25690,0,P,P,0.00,released,RELEASED
2026-05-18 19:06:38.657,1028.1394,,slider,0,0,6.48,1.94,-17.20,AVAILABLE,NONE,25700,0,P,P,0.00,released,RELEASED
2026-05-18 19:06:39.057,1028.5395,,slider,0,0,6.48,3.55,-17.20,AVAILABLE,NONE,25710,0,P,P,0.00,released,RELEASED
2026-05-18 19:06:39.457,1028.9394,,slider,0,0,6.48,2.54,-17.20,AVAILABLE,NONE,25720,0,P,P,0.00,released,RELEASED
2026-05-18 19:06:39.857,1029.3395,,slider,0,0,6.48,3.77,-17.20,AVAILABLE,NONE,25730,0,P,P,0.00,released,RELEASED
2026-05-18 19:06:40.257,1029.7395,,slider,0,0,0.00,4.18,-17.20,AVAILABLE,NONE,25740,0,P,P,0.00,released,RELEASED
2026-05-18 19:06:40.657,1030.1396,,slider,0,0,0.00,2.79,-17.20,AVAILABLE,NONE,25750,0,P,P,0.00,released,RELEASED
2026-05-18 19:06:41.057,1030.5396,,slider,0,0,0.00,1.61,-17.20,AVAILABLE,NONE,25760,0,P,P,0.00,released,RELEASED
2026-05-18 19:06:41.457,1030.9396,,slider,0,0,0.00,3.63,-17.20,AVAILABLE,NONE,25770,0,P,P,0.00,released,RELEASED
2026-05-18 19:06:41.857,1031.3397,,slider,0,0,0.00,0.71,-17.20,AVAILABLE,NONE,25780,0,P,P,0.00,released,RELEASED
2026-05-18 19:06:42.257,1031.7399,,slider,0,0,6.48,1.93,-17.20,AVAILABLE,NONE,25790,0,P,P,0.00,released,RELEASED
2026-05-18 19:06:42.657,1032.1397,,slider,0,0,6.48,2.06,-17.20,AVAILABLE,NONE,25800,0,P,P,0.00,released,RELEASED
2026-05-18 19:06:43.058,1032.5399,,slider,0,0,6.48,1.99,-17.20,AVAILABLE,NONE,25810,0,P,P,0.00,released,RELEASED
2026-05-18 19:06:43.458,1032.9400,,slider,0,0,0.00,2.87,-17.20,AVAILABLE,NONE,25820,0,P,P,0.00,released,RELEASED
2026-05-18 19:06:43.857,1033.3397,,slider,0,0,0.00,2.88,-17.20,AVAILABLE,NONE,25830,0,P,P,0.00,released,RELEASED
2026-05-18 19:06:44.258,1033.7399,,slider,0,0,0.00,1.49,-17.20,AVAILABLE,NONE,25840,0,P,P,0.00,released,RELEASED
2026-05-18 19:06:44.658,1034.1400,,slider,0,0,6.48,2.86,-17.20,AVAILABLE,NONE,25850,0,P,P,0.00,released,RELEASED
2026-05-18 19:06:45.058,1034.5403,,slider,0,0,6.48,1.58,-17.20,AVAILABLE,NONE,25860,0,P,P,0.00,released,RELEASED
2026-05-18 19:06:45.458,1034.9401,,slider,0,0,6.48,3.25,-17.20,AVAILABLE,NONE,25870,0,P,P,0.00,released,RELEASED
2026-05-18 19:06:45.858,1035.3405,,slider,0,0,0.00,1.45,-17.20,AVAILABLE,NONE,25880,0,P,P,0.00,released,RELEASED
2026-05-18 19:06:46.258,1035.7401,,slider,0,0,6.48,1.64,-17.20,AVAILABLE,NONE,25890,0,P,P,0.00,released,RELEASED
2026-05-18 19:06:46.658,1036.1401,,slider,0,0,6.48,3.19,-17.20,AVAILABLE,NONE,25900,0,P,P,0.00,released,RELEASED
2026-05-18 19:06:47.058,1036.5403,,slider,0,0,0.00,1.56,-17.20,AVAILABLE,NONE,25910,0,P,P,0.00,released,RELEASED
2026-05-18 19:06:47.458,1036.9402,,slider,0,0,6.48,2.52,-17.20,AVAILABLE,NONE,25920,0,P,P,0.00,released,RELEASED
2026-05-18 19:06:47.858,1037.3403,,slider,0,0,0.00,3.55,-17.20,AVAILABLE,NONE,25930,0,P,P,0.00,released,RELEASED
2026-05-18 19:06:48.258,1037.7402,,slider,0,0,0.00,2.13,-17.20,AVAILABLE,NONE,25940,0,P,P,0.00,released,RELEASED
2026-05-18 19:06:48.659,1038.1403,,slider,0,0,0.00,3.89,-17.20,AVAILABLE,NONE,25950,0,P,P,0.00,released,RELEASED
2026-05-18 19:06:49.059,1038.5405,,slider,0,0,0.00,4.82,-17.20,AVAILABLE,NONE,25960,0,P,P,0.00,released,RELEASED
2026-05-18 19:06:49.459,1038.9403,,slider,0,0,0.00,1.70,-17.20,AVAILABLE,NONE,25970,0,P,P,0.00,released,RELEASED
2026-05-18 19:06:49.859,1039.3404,,slider,0,0,0.00,3.22,-17.20,AVAILABLE,NONE,25980,0,P,P,0.00,released,RELEASED
2026-05-18 19:06:50.259,1039.7404,,slider,0,0,0.00,2.57,-17.20,AVAILABLE,NONE,25990,0,P,P,0.00,released,RELEASED
2026-05-18 19:06:50.659,1040.1406,,slider,0,0,6.48,3.36,-17.20,AVAILABLE,NONE,26000,0,P,P,0.00,released,RELEASED
2026-05-18 19:06:51.059,1040.5406,,slider,0,0,0.00,2.20,-17.20,AVAILABLE,NONE,26010,0,P,P,0.00,released,RELEASED
2026-05-18 19:06:51.459,1040.9405,,slider,0,0,6.48,3.73,-17.20,AVAILABLE,NONE,26020,0,P,P,0.00,released,RELEASED
2026-05-18 19:06:51.859,1041.3404,,slider,0,0,0.00,3.37,-17.20,AVAILABLE,NONE,26030,0,P,P,0.00,released,RELEASED
2026-05-18 19:06:52.259,1041.7404,,slider,0,0,6.48,2.58,-17.20,AVAILABLE,NONE,26040,0,P,P,0.00,released,RELEASED
2026-05-18 19:06:52.660,1042.1412,,slider,0,0,6.48,1.66,-17.20,AVAILABLE,NONE,26050,0,P,P,0.00,released,RELEASED
2026-05-18 19:06:53.059,1042.5406,,slider,0,0,6.48,4.56,-17.20,AVAILABLE,NONE,26060,0,P,P,0.00,released,RELEASED
2026-05-18 19:06:53.459,1042.9406,,slider,0,0,6.48,3.72,-17.20,AVAILABLE,NONE,26070,0,P,P,0.00,released,RELEASED
2026-05-18 19:06:53.859,1043.3405,,slider,0,0,0.00,2.84,-17.20,AVAILABLE,NONE,26080,0,P,P,0.00,released,RELEASED
2026-05-18 19:06:54.260,1043.7407,,slider,0,0,6.48,4.38,-17.20,AVAILABLE,NONE,26090,0,P,P,0.00,released,RELEASED
2026-05-18 19:06:54.660,1044.1409,,slider,0,0,0.00,1.42,-17.20,AVAILABLE,NONE,26100,0,P,P,0.00,released,RELEASED
2026-05-18 19:06:55.060,1044.5406,,slider,0,0,6.48,0.47,-17.20,AVAILABLE,NONE,26110,0,P,P,0.00,released,RELEASED
2026-05-18 19:06:55.460,1044.9406,,slider,0,0,0.00,3.60,-17.20,AVAILABLE,NONE,26120,0,P,P,0.00,released,RELEASED
2026-05-18 19:06:55.860,1045.3411,,slider,0,0,6.48,2.15,-17.20,AVAILABLE,NONE,26130,0,P,P,0.00,released,RELEASED
2026-05-18 19:06:56.260,1045.7407,,slider,0,0,0.00,1.35,-17.20,AVAILABLE,NONE,26140,0,P,P,0.00,released,RELEASED
2026-05-18 19:06:56.660,1046.1410,,slider,0,0,6.48,3.58,-17.20,AVAILABLE,NONE,26150,0,P,P,0.00,released,RELEASED
2026-05-18 19:06:57.060,1046.5409,,slider,0,0,0.00,1.34,-17.20,AVAILABLE,NONE,26160,0,P,P,0.00,released,RELEASED
2026-05-18 19:06:57.460,1046.9408,,slider,0,0,0.00,3.43,-17.20,AVAILABLE,NONE,26170,0,P,P,0.00,released,RELEASED
2026-05-18 19:06:57.860,1047.3409,,slider,0,0,0.00,1.83,-17.20,AVAILABLE,NONE,26180,0,P,P,0.00,released,RELEASED
2026-05-18 19:06:58.260,1047.7408,,slider,0,0,0.00,1.41,-17.20,AVAILABLE,NONE,26190,0,P,P,0.00,released,RELEASED
2026-05-18 19:06:58.660,1048.1410,,slider,0,0,0.00,1.72,-17.20,AVAILABLE,NONE,26200,0,P,P,0.00,released,RELEASED
2026-05-18 19:06:59.060,1048.5409,,slider,0,0,0.00,1.75,-17.20,AVAILABLE,NONE,26210,0,P,P,0.00,released,RELEASED
2026-05-18 19:06:59.460,1048.9408,,slider,0,0,6.48,3.23,-17.20,AVAILABLE,NONE,26220,0,P,P,0.00,released,RELEASED
2026-05-18 19:06:59.861,1049.3410,,slider,0,0,0.00,4.23,-17.20,AVAILABLE,NONE,26230,0,P,P,0.00,released,RELEASED
2026-05-18 19:07:00.261,1049.7412,,slider,0,0,0.00,2.26,-17.20,AVAILABLE,NONE,26240,0,P,P,0.00,released,RELEASED
2026-05-18 19:07:00.661,1050.1411,,slider,0,0,0.00,2.92,-17.20,AVAILABLE,NONE,26250,0,P,P,0.00,released,RELEASED
2026-05-18 19:07:01.061,1050.5417,,slider,0,0,0.00,3.24,-17.20,AVAILABLE,NONE,26260,0,P,P,0.00,released,RELEASED
2026-05-18 19:07:01.461,1050.9410,,slider,0,0,0.00,0.75,-17.20,AVAILABLE,NONE,26270,0,P,P,0.00,released,RELEASED
2026-05-18 19:07:01.861,1051.3413,,slider,0,0,0.00,2.87,-17.20,AVAILABLE,NONE,26280,0,P,P,0.00,released,RELEASED
2026-05-18 19:07:02.261,1051.7410,,slider,0,0,0.00,1.95,-17.20,AVAILABLE,NONE,26290,0,P,P,0.00,released,RELEASED
2026-05-18 19:07:02.661,1052.1412,,slider,0,0,6.48,2.72,-17.20,AVAILABLE,NONE,26300,0,P,P,0.00,released,RELEASED
2026-05-18 19:07:03.061,1052.5411,,slider,0,0,6.48,3.93,-17.20,AVAILABLE,NONE,26310,0,P,P,0.00,released,RELEASED
2026-05-18 19:07:03.461,1052.9411,,slider,0,0,6.48,1.15,-17.20,AVAILABLE,NONE,26320,0,P,P,0.00,released,RELEASED
2026-05-18 19:07:03.861,1053.3411,,slider,0,0,6.48,3.71,-17.20,AVAILABLE,NONE,26330,0,P,P,0.00,released,RELEASED
2026-05-18 19:07:04.261,1053.7412,,slider,0,0,6.48,3.10,-17.20,AVAILABLE,NONE,26340,0,P,P,0.00,released,RELEASED
2026-05-18 19:07:04.661,1054.1412,,slider,0,0,0.00,2.01,-17.20,AVAILABLE,NONE,26350,0,P,P,0.00,released,RELEASED
2026-05-18 19:07:05.061,1054.5412,,slider,0,0,0.00,4.73,-17.20,AVAILABLE,NONE,26360,0,P,P,0.00,released,RELEASED
2026-05-18 19:07:05.461,1054.9412,,slider,0,0,6.48,3.20,-17.20,AVAILABLE,NONE,26370,0,P,P,0.00,released,RELEASED
2026-05-18 19:07:05.861,1055.3412,,slider,0,0,0.00,4.31,-17.20,AVAILABLE,NONE,26380,0,P,P,0.00,released,RELEASED
2026-05-18 19:07:06.261,1055.7413,,slider,0,0,0.00,2.85,-17.20,AVAILABLE,NONE,26390,0,P,P,0.00,released,RELEASED
2026-05-18 19:07:06.662,1056.1414,,slider,0,0,0.00,3.67,-17.20,AVAILABLE,NONE,26400,0,P,P,0.00,released,RELEASED
2026-05-18 19:07:07.062,1056.5415,,slider,0,0,0.00,1.31,-17.20,AVAILABLE,NONE,26410,0,P,P,0.00,released,RELEASED
2026-05-18 19:07:07.462,1056.9413,,slider,0,0,6.48,4.08,-17.20,AVAILABLE,NONE,26420,0,P,P,0.00,released,RELEASED
2026-05-18 19:07:07.862,1057.3415,,slider,0,0,6.48,1.43,-17.20,AVAILABLE,NONE,26430,0,P,P,0.00,released,RELEASED
2026-05-18 19:07:08.262,1057.7414,,slider,0,0,6.48,4.18,-17.20,AVAILABLE,NONE,26440,0,P,P,0.00,released,RELEASED
2026-05-18 19:07:08.662,1058.1415,,slider,0,0,0.00,4.37,-17.20,AVAILABLE,NONE,26450,0,P,P,0.00,released,RELEASED
2026-05-18 19:07:09.062,1058.5417,,slider,0,0,0.00,3.73,-17.20,AVAILABLE,NONE,26460,0,P,P,0.00,released,RELEASED
2026-05-18 19:07:09.462,1058.9416,,slider,0,0,0.00,2.51,-17.20,AVAILABLE,NONE,26470,0,P,P,0.00,released,RELEASED
2026-05-18 19:07:09.862,1059.3416,,slider,0,0,0.00,3.28,-17.20,AVAILABLE,NONE,26480,0,P,P,0.00,released,RELEASED
2026-05-18 19:07:10.262,1059.7417,,slider,0,0,6.48,2.97,-17.20,AVAILABLE,NONE,26490,0,P,P,0.00,released,RELEASED
2026-05-18 19:07:10.662,1060.1416,,slider,0,0,6.48,4.41,-17.20,AVAILABLE,NONE,26500,0,P,P,0.00,released,RELEASED
2026-05-18 19:07:11.062,1060.5417,,slider,0,0,0.00,1.11,-17.20,AVAILABLE,NONE,26510,0,P,P,0.00,released,RELEASED
2026-05-18 19:07:11.462,1060.9416,,slider,0,0,0.00,2.69,-17.20,AVAILABLE,NONE,26520,0,P,P,0.00,released,RELEASED
2026-05-18 19:07:11.862,1061.3416,,slider,0,0,0.00,1.86,-17.20,AVAILABLE,NONE,26530,0,P,P,0.00,released,RELEASED
2026-05-18 19:07:12.262,1061.7417,,slider,0,0,0.00,1.69,-17.20,AVAILABLE,NONE,26540,0,P,P,0.00,released,RELEASED
2026-05-18 19:07:12.663,1062.1418,,slider,0,0,0.00,2.62,-17.20,AVAILABLE,NONE,26550,0,P,P,0.00,released,RELEASED
2026-05-18 19:07:13.063,1062.5418,,slider,0,0,0.00,2.04,-17.20,AVAILABLE,NONE,26560,0,P,P,0.00,released,RELEASED
2026-05-18 19:07:13.463,1062.9417,,slider,0,0,0.00,2.94,-17.20,AVAILABLE,NONE,26570,0,P,P,0.00,released,RELEASED
2026-05-18 19:07:13.863,1063.3419,,slider,0,0,0.00,2.63,-17.20,AVAILABLE,NONE,26580,0,P,P,0.00,released,RELEASED
2026-05-18 19:07:14.263,1063.7418,,slider,0,0,0.00,3.30,-17.20,AVAILABLE,NONE,26590,0,P,P,0.00,released,RELEASED
2026-05-18 19:07:14.663,1064.1418,,slider,0,0,0.00,5.13,-17.20,AVAILABLE,NONE,26600,0,P,P,0.00,released,RELEASED
2026-05-18 19:07:15.063,1064.5419,,slider,0,0,0.00,2.60,-17.20,AVAILABLE,NONE,26610,0,P,P,0.00,released,RELEASED
2026-05-18 19:07:15.463,1064.9420,,slider,0,0,0.00,2.30,-17.20,AVAILABLE,NONE,26620,0,P,P,0.00,released,RELEASED
2026-05-18 19:07:15.863,1065.3419,,slider,0,0,0.00,2.53,-17.20,AVAILABLE,NONE,26630,0,P,P,0.00,released,RELEASED
2026-05-18 19:07:16.263,1065.7420,,slider,0,0,0.00,2.91,-17.20,AVAILABLE,NONE,26640,0,P,P,0.00,released,RELEASED
2026-05-18 19:07:16.663,1066.1420,,slider,0,0,6.48,3.20,-17.20,AVAILABLE,NONE,26650,0,P,P,0.00,released,RELEASED
2026-05-18 19:07:17.063,1066.5420,,slider,0,0,6.48,4.44,-17.20,AVAILABLE,NONE,26660,0,P,P,0.00,released,RELEASED
2026-05-18 19:07:17.463,1066.9421,,slider,0,0,0.00,1.00,-17.20,AVAILABLE,NONE,26670,0,P,P,0.00,released,RELEASED
2026-05-18 19:07:17.863,1067.3420,,slider,0,0,0.00,2.73,-17.20,AVAILABLE,NONE,26680,0,P,P,0.00,released,RELEASED
2026-05-18 19:07:18.263,1067.7420,,slider,0,0,0.00,4.41,-17.20,AVAILABLE,NONE,26690,0,P,P,0.00,released,RELEASED
2026-05-18 19:07:18.664,1068.1426,,slider,0,0,0.00,1.98,-17.20,AVAILABLE,NONE,26700,0,P,P,0.00,released,RELEASED
2026-05-18 19:07:19.064,1068.5421,,slider,0,0,6.48,2.36,-17.20,AVAILABLE,NONE,26710,0,P,P,0.00,released,RELEASED
2026-05-18 19:07:19.464,1068.9420,,slider,0,0,0.00,3.73,-17.20,AVAILABLE,NONE,26720,0,P,P,0.00,released,RELEASED
2026-05-18 19:07:19.864,1069.3422,,slider,0,0,6.48,1.31,-17.20,AVAILABLE,NONE,26730,0,P,P,0.00,released,RELEASED
2026-05-18 19:07:20.264,1069.7421,,slider,0,0,0.00,2.57,-17.20,AVAILABLE,NONE,26740,0,P,P,0.00,released,RELEASED
2026-05-18 19:07:20.664,1070.1428,,slider,0,0,0.00,3.31,-17.20,AVAILABLE,NONE,26750,0,P,P,0.00,released,RELEASED
2026-05-18 19:07:21.064,1070.5422,,slider,0,0,0.00,3.24,-17.20,AVAILABLE,NONE,26760,0,P,P,0.00,released,RELEASED
2026-05-18 19:07:21.464,1070.9423,,slider,0,0,0.00,3.06,-17.20,AVAILABLE,NONE,26770,0,P,P,0.00,released,RELEASED
2026-05-18 19:07:21.864,1071.3422,,slider,0,0,0.00,2.07,-17.20,AVAILABLE,NONE,26780,0,P,P,0.00,released,RELEASED
2026-05-18 19:07:22.264,1071.7423,,slider,0,0,6.48,3.20,-17.20,AVAILABLE,NONE,26790,0,P,P,0.00,released,RELEASED
2026-05-18 19:07:22.664,1072.1425,,slider,0,0,6.48,4.87,-17.20,AVAILABLE,NONE,26800,0,P,P,0.00,released,RELEASED
2026-05-18 19:07:23.064,1072.5424,,slider,0,0,0.00,4.22,-17.20,AVAILABLE,NONE,26810,0,P,P,0.00,released,RELEASED
2026-05-18 19:07:23.464,1072.9423,,slider,0,0,6.48,2.49,-17.20,AVAILABLE,NONE,26820,0,P,P,0.00,released,RELEASED
2026-05-18 19:07:23.865,1073.3425,,slider,0,0,6.48,2.91,-17.20,AVAILABLE,NONE,26830,0,P,P,0.00,released,RELEASED
2026-05-18 19:07:24.265,1073.7424,,slider,0,0,0.00,3.40,-17.20,AVAILABLE,NONE,26840,0,P,P,0.00,released,RELEASED
2026-05-18 19:07:24.665,1074.1426,,slider,0,0,6.48,3.91,-17.20,AVAILABLE,NONE,26850,0,P,P,0.00,released,RELEASED
2026-05-18 19:07:25.065,1074.5425,,slider,0,0,0.00,5.24,-17.20,AVAILABLE,NONE,26860,0,P,P,0.00,released,RELEASED
2026-05-18 19:07:25.465,1074.9425,,slider,0,0,6.48,1.79,-17.20,AVAILABLE,NONE,26870,0,P,P,0.00,released,RELEASED
2026-05-18 19:07:25.865,1075.3427,,slider,0,0,0.00,2.99,-17.20,AVAILABLE,NONE,26880,0,P,P,0.00,released,RELEASED
2026-05-18 19:07:26.265,1075.7427,,slider,0,0,0.00,2.12,-17.20,AVAILABLE,NONE,26890,0,P,P,0.00,released,RELEASED
2026-05-18 19:07:26.666,1076.1432,,slider,0,0,6.48,2.49,-17.20,AVAILABLE,NONE,26900,0,P,P,0.00,released,RELEASED
2026-05-18 19:07:27.065,1076.5426,,slider,0,0,6.48,3.23,-17.20,AVAILABLE,NONE,26910,0,P,P,0.00,released,RELEASED
2026-05-18 19:07:27.465,1076.9426,,slider,0,0,6.48,2.28,-17.20,AVAILABLE,NONE,26920,0,P,P,0.00,released,RELEASED
2026-05-18 19:07:27.865,1077.3428,,slider,0,0,6.48,4.56,-17.20,AVAILABLE,NONE,26930,0,P,P,0.00,released,RELEASED
2026-05-18 19:07:28.265,1077.7426,,slider,0,0,0.00,3.15,-17.20,AVAILABLE,NONE,26940,0,P,P,0.00,released,RELEASED
2026-05-18 19:07:28.665,1078.1427,,slider,0,0,6.48,1.33,-17.20,AVAILABLE,NONE,26950,0,P,P,0.00,released,RELEASED
2026-05-18 19:07:29.065,1078.5427,,slider,0,0,6.48,3.55,-17.20,AVAILABLE,NONE,26960,0,P,P,0.00,released,RELEASED
2026-05-18 19:07:29.465,1078.9427,,slider,0,0,6.48,2.76,-17.20,AVAILABLE,NONE,26970,0,P,P,0.00,released,RELEASED
2026-05-18 19:07:29.865,1079.3427,,slider,0,0,0.00,1.86,-17.20,AVAILABLE,NONE,26980,0,P,P,0.00,released,RELEASED
2026-05-18 19:07:30.266,1079.7432,,slider,0,0,6.48,4.25,-17.20,AVAILABLE,NONE,26990,0,P,P,0.00,released,RELEASED
2026-05-18 19:07:30.666,1080.1428,,slider,0,0,0.00,1.59,-17.20,AVAILABLE,NONE,27000,0,P,P,0.00,released,RELEASED
2026-05-18 19:07:31.066,1080.5428,,slider,0,0,6.48,4.49,-17.20,AVAILABLE,NONE,27010,0,P,P,0.00,released,RELEASED
2026-05-18 19:07:31.466,1080.9429,,slider,0,0,0.00,3.48,-17.20,AVAILABLE,NONE,27020,0,P,P,0.00,released,RELEASED
2026-05-18 19:07:31.866,1081.3429,,slider,0,0,0.00,1.23,-17.20,AVAILABLE,NONE,27030,0,P,P,0.00,released,RELEASED
2026-05-18 19:07:32.266,1081.7429,,slider,0,0,6.48,5.48,-17.20,AVAILABLE,NONE,27040,0,P,P,0.00,released,RELEASED
2026-05-18 19:07:32.666,1082.1429,,slider,0,0,0.00,2.84,-17.20,AVAILABLE,NONE,27050,0,P,P,0.00,released,RELEASED
2026-05-18 19:07:33.066,1082.5429,,slider,0,0,6.48,1.88,-17.20,AVAILABLE,NONE,27060,0,P,P,0.00,released,RELEASED
2026-05-18 19:07:33.466,1082.9429,,slider,0,0,6.48,1.96,-17.20,AVAILABLE,NONE,27070,0,P,P,0.00,released,RELEASED
2026-05-18 19:07:33.866,1083.3430,,slider,0,0,0.00,3.51,-17.20,AVAILABLE,NONE,27080,0,P,P,0.00,released,RELEASED
2026-05-18 19:07:34.266,1083.7430,,slider,0,0,0.00,2.87,-17.20,AVAILABLE,NONE,27090,0,P,P,0.00,released,RELEASED
2026-05-18 19:07:34.666,1084.1430,,slider,0,0,0.00,3.24,-17.20,AVAILABLE,NONE,27100,0,P,P,0.00,released,RELEASED
2026-05-18 19:07:35.066,1084.5432,,slider,0,0,0.00,2.07,-17.20,AVAILABLE,NONE,27110,0,P,P,0.00,released,RELEASED
2026-05-18 19:07:35.466,1084.9431,,slider,0,0,6.48,3.42,-17.20,AVAILABLE,NONE,27120,0,P,P,0.00,released,RELEASED
2026-05-18 19:07:35.867,1085.3432,,slider,0,0,0.00,1.20,-17.20,AVAILABLE,NONE,27130,0,P,P,0.00,released,RELEASED
2026-05-18 19:07:36.267,1085.7432,,slider,0,0,6.48,1.73,-17.20,AVAILABLE,NONE,27140,0,P,P,0.00,released,RELEASED
2026-05-18 19:07:36.667,1086.1432,,slider,0,0,6.48,3.19,-17.20,AVAILABLE,NONE,27150,0,P,P,0.00,released,RELEASED
2026-05-18 19:07:37.067,1086.5434,,slider,0,0,0.00,1.23,-17.20,AVAILABLE,NONE,27160,0,P,P,0.00,released,RELEASED
2026-05-18 19:07:37.467,1086.9432,,slider,0,0,0.00,3.59,-17.20,AVAILABLE,NONE,27170,0,P,P,0.00,released,RELEASED
2026-05-18 19:07:37.867,1087.3434,,slider,0,0,0.00,2.42,-17.20,AVAILABLE,NONE,27180,0,P,P,0.00,released,RELEASED
2026-05-18 19:07:38.267,1087.7433,,slider,0,0,0.00,2.22,-17.20,AVAILABLE,NONE,27190,0,P,P,0.00,released,RELEASED
2026-05-18 19:07:38.667,1088.1433,,slider,0,0,6.48,3.54,-17.20,AVAILABLE,NONE,27200,0,P,P,0.00,released,RELEASED
2026-05-18 19:07:39.067,1088.5434,,slider,0,0,0.00,3.17,-17.20,AVAILABLE,NONE,27210,0,P,P,0.00,released,RELEASED
2026-05-18 19:07:39.467,1088.9435,,slider,0,0,0.00,2.60,-17.20,AVAILABLE,NONE,27220,0,P,P,0.00,released,RELEASED
2026-05-18 19:07:39.868,1089.3437,,slider,0,0,0.00,3.53,-17.20,AVAILABLE,NONE,27230,0,P,P,0.00,released,RELEASED
2026-05-18 19:07:40.267,1089.7435,,slider,0,0,6.48,1.80,-17.20,AVAILABLE,NONE,27240,0,P,P,0.00,released,RELEASED
2026-05-18 19:07:40.667,1090.1435,,slider,0,0,0.00,2.13,-17.20,AVAILABLE,NONE,27250,0,P,P,0.00,released,RELEASED
2026-05-18 19:07:41.067,1090.5435,,slider,0,0,0.00,4.75,-17.20,AVAILABLE,NONE,27260,0,P,P,0.00,released,RELEASED
2026-05-18 19:07:41.468,1090.9436,,slider,0,0,6.48,3.92,-17.20,AVAILABLE,NONE,27270,0,P,P,0.00,released,RELEASED
2026-05-18 19:07:41.868,1091.3437,,slider,0,0,6.48,3.66,-17.20,AVAILABLE,NONE,27280,0,P,P,0.00,released,RELEASED
2026-05-18 19:07:42.268,1091.7440,,slider,0,0,6.48,3.58,-17.20,AVAILABLE,NONE,27290,0,P,P,0.00,released,RELEASED
2026-05-18 19:07:42.668,1092.1437,,slider,0,0,0.00,2.55,-17.20,AVAILABLE,NONE,27300,0,P,P,0.00,released,RELEASED
2026-05-18 19:07:43.068,1092.5437,,slider,0,0,6.48,2.10,-17.20,AVAILABLE,NONE,27310,0,P,P,0.00,released,RELEASED
2026-05-18 19:07:43.468,1092.9442,,slider,0,0,0.00,4.06,-17.20,AVAILABLE,NONE,27320,0,P,P,0.00,released,RELEASED
2026-05-18 19:07:43.868,1093.3438,,slider,0,0,0.00,2.44,-17.20,AVAILABLE,NONE,27330,0,P,P,0.00,released,RELEASED
2026-05-18 19:07:44.268,1093.7439,,slider,0,0,0.00,4.55,-17.20,AVAILABLE,NONE,27340,0,P,P,0.00,released,RELEASED
2026-05-18 19:07:44.668,1094.1440,,slider,0,0,0.00,2.51,-17.20,AVAILABLE,NONE,27350,0,P,P,0.00,released,RELEASED
2026-05-18 19:07:45.068,1094.5438,,slider,0,0,6.48,2.27,-17.20,AVAILABLE,NONE,27360,0,P,P,0.00,released,RELEASED
2026-05-18 19:07:45.468,1094.9439,,slider,0,0,0.00,2.58,-17.20,AVAILABLE,NONE,27370,0,P,P,0.00,released,RELEASED
2026-05-18 19:07:45.868,1095.3441,,slider,0,0,0.00,3.14,-17.20,AVAILABLE,NONE,27380,0,P,P,0.00,released,RELEASED
2026-05-18 19:07:46.268,1095.7440,,slider,0,0,0.00,2.23,-17.20,AVAILABLE,NONE,27390,0,P,P,0.00,released,RELEASED
2026-05-18 19:07:46.668,1096.1440,,slider,0,0,0.00,3.54,-17.20,AVAILABLE,NONE,27400,0,P,P,0.00,released,RELEASED
2026-05-18 19:07:47.069,1096.5442,,slider,0,0,6.48,0.79,-17.20,AVAILABLE,NONE,27410,0,P,P,0.00,released,RELEASED
2026-05-18 19:07:47.469,1096.9443,,slider,0,0,6.48,4.59,-17.20,AVAILABLE,NONE,27420,0,P,P,0.00,released,RELEASED
2026-05-18 19:07:47.869,1097.3442,,slider,0,0,6.48,4.37,-17.20,AVAILABLE,NONE,27430,0,P,P,0.00,released,RELEASED
2026-05-18 19:07:48.269,1097.7441,,slider,0,0,0.00,3.64,-17.20,AVAILABLE,NONE,27440,0,P,P,0.00,released,RELEASED
2026-05-18 19:07:48.669,1098.1443,,slider,0,0,0.00,2.46,-17.20,AVAILABLE,NONE,27450,0,P,P,0.00,released,RELEASED
2026-05-18 19:07:49.069,1098.5442,,slider,0,0,6.48,3.58,-17.20,AVAILABLE,NONE,27460,0,P,P,0.00,released,RELEASED
2026-05-18 19:07:49.469,1098.9445,,slider,0,0,6.48,1.88,-17.20,AVAILABLE,NONE,27470,0,P,P,0.00,released,RELEASED
2026-05-18 19:07:49.869,1099.3443,,slider,0,0,6.48,2.46,-17.20,AVAILABLE,NONE,27480,0,P,P,0.00,released,RELEASED
2026-05-18 19:07:50.269,1099.7444,,slider,0,0,0.00,3.83,-17.20,AVAILABLE,NONE,27490,0,P,P,0.00,released,RELEASED
2026-05-18 19:07:50.670,1100.1449,,slider,0,0,6.48,3.01,-17.20,AVAILABLE,NONE,27500,0,P,P,0.00,released,RELEASED
2026-05-18 19:07:51.069,1100.5444,,slider,0,0,6.48,3.95,-17.20,AVAILABLE,NONE,27510,0,P,P,0.00,released,RELEASED
2026-05-18 19:07:51.469,1100.9443,,slider,0,0,6.48,0.93,-17.20,AVAILABLE,NONE,27520,0,P,P,0.00,released,RELEASED
2026-05-18 19:07:51.870,1101.3449,,slider,0,0,6.48,3.61,-17.20,AVAILABLE,NONE,27530,0,P,P,0.00,released,RELEASED
2026-05-18 19:07:52.270,1101.7445,,slider,0,0,0.00,3.51,-17.20,AVAILABLE,NONE,27540,0,P,P,0.00,released,RELEASED
2026-05-18 19:07:52.670,1102.1444,,slider,0,0,6.48,0.81,-17.20,AVAILABLE,NONE,27550,0,P,P,0.00,released,RELEASED
2026-05-18 19:07:53.070,1102.5445,,slider,0,0,0.00,4.18,-17.20,AVAILABLE,NONE,27560,0,P,P,0.00,released,RELEASED
2026-05-18 19:07:53.470,1102.9445,,slider,0,0,0.00,1.44,-17.20,AVAILABLE,NONE,27570,0,P,P,0.00,released,RELEASED
2026-05-18 19:07:53.870,1103.3445,,slider,0,0,6.48,2.70,-17.20,AVAILABLE,NONE,27580,0,P,P,0.00,released,RELEASED
2026-05-18 19:07:54.270,1103.7445,,slider,0,0,0.00,2.02,-17.20,AVAILABLE,NONE,27590,0,P,P,0.00,released,RELEASED
2026-05-18 19:07:54.670,1104.1446,,slider,0,0,0.00,3.43,-17.20,AVAILABLE,NONE,27600,0,P,P,0.00,released,RELEASED
2026-05-18 19:07:55.070,1104.5446,,slider,0,0,6.48,2.65,-17.20,AVAILABLE,NONE,27610,0,P,P,0.00,released,RELEASED
2026-05-18 19:07:55.471,1104.9453,,slider,0,0,0.00,1.22,-17.20,AVAILABLE,NONE,27620,0,P,P,0.00,released,RELEASED
2026-05-18 19:07:55.870,1105.3446,,slider,0,0,0.00,1.83,-17.20,AVAILABLE,NONE,27630,0,P,P,0.00,released,RELEASED
2026-05-18 19:07:56.270,1105.7447,,slider,0,0,0.00,4.55,-17.20,AVAILABLE,NONE,27640,0,P,P,0.00,released,RELEASED
2026-05-18 19:07:56.670,1106.1447,,slider,0,0,0.00,0.61,-17.20,AVAILABLE,NONE,27650,0,P,P,0.00,released,RELEASED
2026-05-18 19:07:57.070,1106.5448,,slider,0,0,6.48,0.97,-17.20,AVAILABLE,NONE,27660,0,P,P,0.00,released,RELEASED
2026-05-18 19:07:57.470,1106.9447,,slider,0,0,6.48,2.26,-17.20,AVAILABLE,NONE,27670,0,P,P,0.00,released,RELEASED
2026-05-18 19:07:57.871,1107.3453,,slider,0,0,6.48,2.59,-17.20,AVAILABLE,NONE,27680,0,P,P,0.00,released,RELEASED
2026-05-18 19:07:58.271,1107.7448,,slider,0,0,6.48,4.96,-17.20,AVAILABLE,NONE,27690,0,P,P,0.00,released,RELEASED
2026-05-18 19:07:58.671,1108.1448,,slider,0,0,6.48,2.59,-17.20,AVAILABLE,NONE,27700,0,P,P,0.00,released,RELEASED
2026-05-18 19:07:59.071,1108.5452,,slider,0,0,0.00,3.05,-17.20,AVAILABLE,NONE,27710,0,P,P,0.00,released,RELEASED
2026-05-18 19:07:59.471,1108.9452,,slider,0,0,0.00,2.95,-17.20,AVAILABLE,NONE,27720,0,P,P,0.00,released,RELEASED
2026-05-18 19:07:59.871,1109.3452,,slider,0,0,0.00,3.67,-17.20,AVAILABLE,NONE,27730,0,P,P,0.00,released,RELEASED
2026-05-18 19:08:00.271,1109.7454,,slider,0,0,6.48,2.42,-17.20,AVAILABLE,NONE,27740,0,P,P,0.00,released,RELEASED
2026-05-18 19:08:00.671,1110.1453,,slider,0,0,6.48,4.16,-17.20,AVAILABLE,NONE,27750,0,P,P,0.00,released,RELEASED
2026-05-18 19:08:01.072,1110.5454,,slider,0,0,0.00,1.39,-17.20,AVAILABLE,NONE,27760,0,P,P,0.00,released,RELEASED
2026-05-18 19:08:01.471,1110.9450,,slider,0,0,0.00,3.51,-17.20,AVAILABLE,NONE,27770,0,P,P,0.00,released,RELEASED
2026-05-18 19:08:01.871,1111.3450,,slider,0,0,6.48,3.03,-17.20,AVAILABLE,NONE,27780,0,P,P,0.00,released,RELEASED
2026-05-18 19:08:02.271,1111.7451,,slider,0,0,0.00,3.94,-17.20,AVAILABLE,NONE,27790,0,P,P,0.00,released,RELEASED
2026-05-18 19:08:02.671,1112.1452,,slider,0,0,6.48,2.62,-17.20,AVAILABLE,NONE,27800,0,P,P,0.00,released,RELEASED
2026-05-18 19:08:03.071,1112.5451,,slider,0,0,0.00,3.88,-17.20,AVAILABLE,NONE,27810,0,P,P,0.00,released,RELEASED
2026-05-18 19:08:03.472,1112.9452,,slider,0,0,6.48,1.12,-17.20,AVAILABLE,NONE,27820,0,P,P,0.00,released,RELEASED
2026-05-18 19:08:03.872,1113.3452,,slider,0,0,6.48,4.67,-17.20,AVAILABLE,NONE,27830,0,P,P,0.00,released,RELEASED
2026-05-18 19:08:04.272,1113.7452,,slider,0,0,6.48,3.25,-17.20,AVAILABLE,NONE,27840,0,P,P,0.00,released,RELEASED
2026-05-18 19:08:04.672,1114.1457,,slider,0,0,6.48,3.82,-17.20,AVAILABLE,NONE,27850,0,P,P,0.00,released,RELEASED
2026-05-18 19:08:05.073,1114.5462,,slider,0,0,0.00,4.12,-17.20,AVAILABLE,NONE,27860,0,P,P,0.00,released,RELEASED
2026-05-18 19:08:05.472,1114.9456,,slider,0,0,0.00,2.74,-17.20,AVAILABLE,NONE,27870,0,P,P,0.00,released,RELEASED
2026-05-18 19:08:05.872,1115.3453,,slider,0,0,6.48,4.80,-17.20,AVAILABLE,NONE,27880,0,P,P,0.00,released,RELEASED
2026-05-18 19:08:06.272,1115.7456,,slider,0,0,0.00,2.30,-17.20,AVAILABLE,NONE,27890,0,P,P,0.00,released,RELEASED
2026-05-18 19:08:06.672,1116.1457,,slider,0,0,6.48,2.66,-17.20,AVAILABLE,NONE,27900,0,P,P,0.00,released,RELEASED
2026-05-18 19:08:07.072,1116.5456,,slider,0,0,6.48,3.33,-17.20,AVAILABLE,NONE,27910,0,P,P,0.00,released,RELEASED
2026-05-18 19:08:07.472,1116.9455,,slider,0,0,0.00,5.00,-17.20,AVAILABLE,NONE,27920,0,P,P,0.00,released,RELEASED
2026-05-18 19:08:07.873,1117.3462,,slider,0,0,0.00,2.05,-17.20,AVAILABLE,NONE,27930,0,P,P,0.00,released,RELEASED
2026-05-18 19:08:08.272,1117.7454,,slider,0,0,0.00,4.17,-17.20,AVAILABLE,NONE,27940,0,P,P,0.00,released,RELEASED
2026-05-18 19:08:08.673,1118.1460,,slider,0,0,0.00,1.54,-17.20,AVAILABLE,NONE,27950,0,P,P,0.00,released,RELEASED
2026-05-18 19:08:09.073,1118.5461,,slider,0,0,0.00,2.91,-17.20,AVAILABLE,NONE,27960,0,P,P,0.00,released,RELEASED
2026-05-18 19:08:09.473,1118.9458,,slider,0,0,6.48,3.28,-17.20,AVAILABLE,NONE,27970,0,P,P,0.00,released,RELEASED
2026-05-18 19:08:09.873,1119.3457,,slider,0,0,0.00,3.83,-17.20,AVAILABLE,NONE,27980,0,P,P,0.00,released,RELEASED
2026-05-18 19:08:10.273,1119.7460,,slider,0,0,0.00,2.11,-17.20,AVAILABLE,NONE,27990,0,P,P,0.00,released,RELEASED
2026-05-18 19:08:10.673,1120.1457,,slider,0,0,0.00,3.37,-17.20,AVAILABLE,NONE,28000,0,P,P,0.00,released,RELEASED
2026-05-18 19:08:11.073,1120.5460,,slider,0,0,0.00,2.66,-17.20,AVAILABLE,NONE,28010,0,P,P,0.00,released,RELEASED
2026-05-18 19:08:11.473,1120.9461,,slider,0,0,6.48,1.08,-17.20,AVAILABLE,NONE,28020,0,P,P,0.00,released,RELEASED
2026-05-18 19:08:11.873,1121.3459,,slider,0,0,0.00,3.21,-17.20,AVAILABLE,NONE,28030,0,P,P,0.00,released,RELEASED
2026-05-18 19:08:12.273,1121.7461,,slider,0,0,0.00,1.38,-17.20,AVAILABLE,NONE,28040,0,P,P,0.00,released,RELEASED
2026-05-18 19:08:12.674,1122.1468,,slider,0,0,6.48,3.98,-17.20,AVAILABLE,NONE,28050,0,P,P,0.00,released,RELEASED
2026-05-18 19:08:13.074,1122.5462,,slider,0,0,6.48,2.20,-17.20,AVAILABLE,NONE,28060,0,P,P,0.00,released,RELEASED
2026-05-18 19:08:13.473,1122.9460,,slider,0,0,0.00,2.43,-17.20,AVAILABLE,NONE,28070,0,P,P,0.00,released,RELEASED
2026-05-18 19:08:13.873,1123.3460,,slider,0,0,6.48,2.73,-17.20,AVAILABLE,NONE,28080,0,P,P,0.00,released,RELEASED
2026-05-18 19:08:14.273,1123.7460,,slider,0,0,0.00,3.92,-17.20,AVAILABLE,NONE,28090,0,P,P,0.00,released,RELEASED
2026-05-18 19:08:14.674,1124.1460,,slider,0,0,0.00,1.74,-17.20,AVAILABLE,NONE,28100,0,P,P,0.00,released,RELEASED
2026-05-18 19:08:15.074,1124.5462,,slider,0,0,0.00,2.74,-17.20,AVAILABLE,NONE,28110,0,P,P,0.00,released,RELEASED
2026-05-18 19:08:15.474,1124.9464,,slider,0,0,6.48,1.24,-17.20,AVAILABLE,NONE,28120,0,P,P,0.00,released,RELEASED
2026-05-18 19:08:15.874,1125.3466,,slider,0,0,6.48,2.18,-17.20,AVAILABLE,NONE,28130,0,P,P,0.00,released,RELEASED
2026-05-18 19:08:16.274,1125.7463,,slider,0,0,6.48,2.94,-17.20,AVAILABLE,NONE,28140,0,P,P,0.00,released,RELEASED
2026-05-18 19:08:16.674,1126.1464,,slider,0,0,6.48,4.08,-17.20,AVAILABLE,NONE,28150,0,P,P,0.00,released,RELEASED
2026-05-18 19:08:17.074,1126.5465,,slider,0,0,0.00,2.72,-17.20,AVAILABLE,NONE,28160,0,P,P,0.00,released,RELEASED
2026-05-18 19:08:17.475,1126.9467,,slider,0,0,0.00,2.16,-17.20,AVAILABLE,NONE,28170,0,P,P,0.00,released,RELEASED
2026-05-18 19:08:17.875,1127.3470,,slider,0,0,0.00,2.99,-17.20,AVAILABLE,NONE,28180,0,P,P,0.00,released,RELEASED
2026-05-18 19:08:18.274,1127.7465,,slider,0,0,6.48,1.55,-17.20,AVAILABLE,NONE,28190,0,P,P,0.00,released,RELEASED
2026-05-18 19:08:18.674,1128.1462,,slider,0,0,0.00,2.54,-17.20,AVAILABLE,NONE,28200,0,P,P,0.00,released,RELEASED
2026-05-18 19:08:19.075,1128.5468,,slider,0,0,6.48,2.24,-17.20,AVAILABLE,NONE,28210,0,P,P,0.00,released,RELEASED
2026-05-18 19:08:19.474,1128.9464,,slider,0,0,0.00,4.77,-17.20,AVAILABLE,NONE,28220,0,P,P,0.00,released,RELEASED
2026-05-18 19:08:19.874,1129.3463,,slider,0,0,0.00,2.25,-17.20,AVAILABLE,NONE,28230,0,P,P,0.00,released,RELEASED
2026-05-18 19:08:20.275,1129.7467,,slider,0,0,6.48,3.97,-17.20,AVAILABLE,NONE,28240,0,P,P,0.00,released,RELEASED
2026-05-18 19:08:20.675,1130.1468,,slider,0,0,0.00,1.93,-17.20,AVAILABLE,NONE,28250,0,P,P,0.00,released,RELEASED
2026-05-18 19:08:21.075,1130.5465,,slider,0,0,6.48,2.43,-17.20,AVAILABLE,NONE,28260,0,P,P,0.00,released,RELEASED
2026-05-18 19:08:21.475,1130.9470,,slider,0,0,6.48,2.72,-17.20,AVAILABLE,NONE,28270,0,P,P,0.00,released,RELEASED
2026-05-18 19:08:21.875,1131.3465,,slider,0,0,0.00,3.07,-17.20,AVAILABLE,NONE,28280,0,P,P,0.00,released,RELEASED
2026-05-18 19:08:22.275,1131.7464,,slider,0,0,6.48,5.09,-17.20,AVAILABLE,NONE,28290,0,P,P,0.00,released,RELEASED
2026-05-18 19:08:22.675,1132.1465,,slider,0,0,0.00,3.64,-17.20,AVAILABLE,NONE,28300,0,P,P,0.00,released,RELEASED
2026-05-18 19:08:23.075,1132.5464,,slider,0,0,0.00,2.45,-17.20,AVAILABLE,NONE,28310,0,P,P,0.00,released,RELEASED
2026-05-18 19:08:23.475,1132.9465,,slider,0,0,0.00,2.07,-17.20,AVAILABLE,NONE,28320,0,P,P,0.00,released,RELEASED
2026-05-18 19:08:23.875,1133.3465,,slider,0,0,6.48,3.10,-17.20,AVAILABLE,NONE,28330,0,P,P,0.00,released,RELEASED
2026-05-18 19:08:24.275,1133.7465,,slider,0,0,6.48,3.35,-17.20,AVAILABLE,NONE,28340,0,P,P,0.00,released,RELEASED
2026-05-18 19:08:24.675,1134.1466,,slider,0,0,6.48,4.80,-17.20,AVAILABLE,NONE,28350,0,P,P,0.00,released,RELEASED
2026-05-18 19:08:25.075,1134.5465,,slider,0,0,0.00,3.45,-17.20,AVAILABLE,NONE,28360,0,P,P,0.00,released,RELEASED
2026-05-18 19:08:25.475,1134.9466,,slider,0,0,6.48,2.21,-17.20,AVAILABLE,NONE,28370,0,P,P,0.00,released,RELEASED
2026-05-18 19:08:25.875,1135.3467,,slider,0,0,6.48,2.48,-17.20,AVAILABLE,NONE,28380,0,P,P,0.00,released,RELEASED
2026-05-18 19:08:26.276,1135.7467,,slider,0,0,6.48,3.60,-17.20,AVAILABLE,NONE,28390,0,P,P,0.00,released,RELEASED
2026-05-18 19:08:26.676,1136.1468,,slider,0,0,0.00,3.94,-17.20,AVAILABLE,NONE,28400,0,P,P,0.00,released,RELEASED
2026-05-18 19:08:27.076,1136.5466,,slider,0,0,0.00,2.07,-17.20,AVAILABLE,NONE,28410,0,P,P,0.00,released,RELEASED
2026-05-18 19:08:27.476,1136.9467,,slider,0,0,6.48,2.24,-17.20,AVAILABLE,NONE,28420,0,P,P,0.00,released,RELEASED
2026-05-18 19:08:27.876,1137.3468,,slider,0,0,0.00,2.19,-17.20,AVAILABLE,NONE,28430,0,P,P,0.00,released,RELEASED
2026-05-18 19:08:28.276,1137.7469,,slider,0,0,0.00,2.42,-17.20,AVAILABLE,NONE,28440,0,P,P,0.00,released,RELEASED
2026-05-18 19:08:28.676,1138.1468,,slider,0,0,6.48,2.86,-17.20,AVAILABLE,NONE,28450,0,P,P,0.00,released,RELEASED
2026-05-18 19:08:29.076,1138.5467,,slider,0,0,6.48,4.69,-17.20,AVAILABLE,NONE,28460,0,P,P,0.00,released,RELEASED
2026-05-18 19:08:29.476,1138.9469,,slider,0,0,0.00,1.35,-17.20,AVAILABLE,NONE,28470,0,P,P,0.00,released,RELEASED
2026-05-18 19:08:29.876,1139.3469,,slider,0,0,0.00,0.91,-17.20,AVAILABLE,NONE,28480,0,P,P,0.00,released,RELEASED
2026-05-18 19:08:30.276,1139.7469,,slider,0,0,0.00,1.83,-17.20,AVAILABLE,NONE,28490,0,P,P,0.00,released,RELEASED
2026-05-18 19:08:30.676,1140.1469,,slider,0,0,0.00,2.08,-17.20,AVAILABLE,NONE,28500,0,P,P,0.00,released,RELEASED
2026-05-18 19:08:31.076,1140.5469,,slider,0,0,6.48,4.36,-17.20,AVAILABLE,NONE,28510,0,P,P,0.00,released,RELEASED
2026-05-18 19:08:31.476,1140.9470,,slider,0,0,0.00,3.44,-17.20,AVAILABLE,NONE,28520,0,P,P,0.00,released,RELEASED
2026-05-18 19:08:31.877,1141.3472,,slider,0,0,0.00,2.16,-17.20,AVAILABLE,NONE,28530,0,P,P,0.00,released,RELEASED
2026-05-18 19:08:32.276,1141.7470,,slider,0,0,0.00,3.89,-17.20,AVAILABLE,NONE,28540,0,P,P,0.00,released,RELEASED
2026-05-18 19:08:32.677,1142.1471,,slider,0,0,0.00,2.49,-17.20,AVAILABLE,NONE,28550,0,P,P,0.00,released,RELEASED
2026-05-18 19:08:33.077,1142.5471,,slider,0,0,0.00,2.64,-17.20,AVAILABLE,NONE,28560,0,P,P,0.00,released,RELEASED
2026-05-18 19:08:33.477,1142.9470,,slider,0,0,0.00,5.32,-17.20,AVAILABLE,NONE,28570,0,P,P,0.00,released,RELEASED
2026-05-18 19:08:33.877,1143.3471,,slider,0,0,6.48,1.70,-17.20,AVAILABLE,NONE,28580,0,P,P,0.00,released,RELEASED
2026-05-18 19:08:34.277,1143.7471,,slider,0,0,6.48,3.16,-17.20,AVAILABLE,NONE,28590,0,P,P,0.00,released,RELEASED
2026-05-18 19:08:34.677,1144.1474,,slider,0,0,0.00,1.86,-17.20,AVAILABLE,NONE,28600,0,P,P,0.00,released,RELEASED
2026-05-18 19:08:35.077,1144.5472,,slider,0,0,6.48,2.06,-17.20,AVAILABLE,NONE,28610,0,P,P,0.00,released,RELEASED
2026-05-18 19:08:35.477,1144.9475,,slider,0,0,6.48,3.83,-17.20,AVAILABLE,NONE,28620,0,P,P,0.00,released,RELEASED
2026-05-18 19:08:35.877,1145.3472,,slider,0,0,0.00,2.04,-17.20,AVAILABLE,NONE,28630,0,P,P,0.00,released,RELEASED
2026-05-18 19:08:36.277,1145.7476,,slider,0,0,6.48,1.44,-17.20,AVAILABLE,NONE,28640,0,P,P,0.00,released,RELEASED
2026-05-18 19:08:36.677,1146.1476,,slider,0,0,0.00,4.31,-17.20,AVAILABLE,NONE,28650,0,P,P,0.00,released,RELEASED
2026-05-18 19:08:37.078,1146.5476,,slider,0,0,0.00,1.72,-17.20,AVAILABLE,NONE,28660,0,P,P,0.00,released,RELEASED
2026-05-18 19:08:37.477,1146.9473,,slider,0,0,6.48,3.69,-17.20,AVAILABLE,NONE,28670,0,P,P,0.00,released,RELEASED
2026-05-18 19:08:37.878,1147.3476,,slider,0,0,0.00,3.15,-17.20,AVAILABLE,NONE,28680,0,P,P,0.00,released,RELEASED
2026-05-18 19:08:38.278,1147.7476,,slider,0,0,0.00,1.93,-17.20,AVAILABLE,NONE,28690,0,P,P,0.00,released,RELEASED
2026-05-18 19:08:38.678,1148.1477,,slider,0,0,0.00,2.99,-17.20,AVAILABLE,NONE,28700,0,P,P,0.00,released,RELEASED
2026-05-18 19:08:39.078,1148.5477,,slider,0,0,0.00,1.84,-17.20,AVAILABLE,NONE,28710,0,P,P,0.00,released,RELEASED
2026-05-18 19:08:39.478,1148.9478,,slider,0,0,0.00,0.49,-17.20,AVAILABLE,NONE,28720,0,P,P,0.00,released,RELEASED
2026-05-18 19:08:39.878,1149.3479,,slider,0,0,0.00,2.22,-17.20,AVAILABLE,NONE,28730,0,P,P,0.00,released,RELEASED
2026-05-18 19:08:40.278,1149.7478,,slider,0,0,0.00,0.30,-17.20,AVAILABLE,NONE,28740,0,P,P,0.00,released,RELEASED
2026-05-18 19:08:40.678,1150.1480,,slider,0,0,0.00,3.01,-17.20,AVAILABLE,NONE,28750,0,P,P,0.00,released,RELEASED
2026-05-18 19:08:41.078,1150.5478,,slider,0,0,0.00,4.60,-17.20,AVAILABLE,NONE,28760,0,P,P,0.00,released,RELEASED
2026-05-18 19:08:41.478,1150.9479,,slider,0,0,6.48,1.38,-17.20,AVAILABLE,NONE,28770,0,P,P,0.00,released,RELEASED
2026-05-18 19:08:41.878,1151.3478,,slider,0,0,6.48,3.49,-17.20,AVAILABLE,NONE,28780,0,P,P,0.00,released,RELEASED
2026-05-18 19:08:42.278,1151.7479,,slider,0,0,0.00,2.43,-17.20,AVAILABLE,NONE,28790,0,P,P,0.00,released,RELEASED
2026-05-18 19:08:42.679,1152.1480,,slider,0,0,6.48,1.30,-17.20,AVAILABLE,NONE,28800,0,P,P,0.00,released,RELEASED
2026-05-18 19:08:43.079,1152.5479,,slider,0,0,6.48,4.04,-17.20,AVAILABLE,NONE,28810,0,P,P,0.00,released,RELEASED
2026-05-18 19:08:43.479,1152.9482,,slider,0,0,0.00,3.80,-17.20,AVAILABLE,NONE,28820,0,P,P,0.00,released,RELEASED
2026-05-18 19:08:43.879,1153.3481,,slider,0,0,0.00,3.53,-17.20,AVAILABLE,NONE,28830,0,P,P,0.00,released,RELEASED
2026-05-18 19:08:44.279,1153.7480,,slider,0,0,6.48,2.92,-17.20,AVAILABLE,NONE,28840,0,P,P,0.00,released,RELEASED
2026-05-18 19:08:44.679,1154.1481,,slider,0,0,0.00,1.78,-17.20,AVAILABLE,NONE,28850,0,P,P,0.00,released,RELEASED
2026-05-18 19:08:45.079,1154.5481,,slider,0,0,0.00,3.78,-17.20,AVAILABLE,NONE,28860,0,P,P,0.00,released,RELEASED
2026-05-18 19:08:45.479,1154.9482,,slider,0,0,6.48,3.30,-17.20,AVAILABLE,NONE,28870,0,P,P,0.00,released,RELEASED
2026-05-18 19:08:45.879,1155.3481,,slider,0,0,0.00,1.06,-17.20,AVAILABLE,NONE,28880,0,P,P,0.00,released,RELEASED
2026-05-18 19:08:46.279,1155.7483,,slider,0,0,6.48,4.08,-17.20,AVAILABLE,NONE,28890,0,P,P,0.00,released,RELEASED
2026-05-18 19:08:46.679,1156.1482,,slider,0,0,0.00,1.87,-17.20,AVAILABLE,NONE,28900,0,P,P,0.00,released,RELEASED
2026-05-18 19:08:47.079,1156.5484,,slider,0,0,0.00,2.24,-17.20,AVAILABLE,NONE,28910,0,P,P,0.00,released,RELEASED
2026-05-18 19:08:47.479,1156.9483,,slider,0,0,0.00,3.24,-17.20,AVAILABLE,NONE,28920,0,P,P,0.00,released,RELEASED
2026-05-18 19:08:47.879,1157.3482,,slider,0,0,0.00,1.01,-17.20,AVAILABLE,NONE,28930,0,P,P,0.00,released,RELEASED
2026-05-18 19:08:48.279,1157.7483,,slider,0,0,6.48,2.94,-17.20,AVAILABLE,NONE,28940,0,P,P,0.00,released,RELEASED
2026-05-18 19:08:48.680,1158.1484,,slider,0,0,6.48,3.75,-17.20,AVAILABLE,NONE,28950,0,P,P,0.00,released,RELEASED
2026-05-18 19:08:49.080,1158.5484,,slider,0,0,0.00,2.24,-17.20,AVAILABLE,NONE,28960,0,P,P,0.00,released,RELEASED
2026-05-18 19:08:49.480,1158.9484,,slider,0,0,6.48,2.34,-17.20,AVAILABLE,NONE,28970,0,P,P,0.00,released,RELEASED
2026-05-18 19:08:49.880,1159.3484,,slider,0,0,0.00,3.93,-17.20,AVAILABLE,NONE,28980,0,P,P,0.00,released,RELEASED
2026-05-18 19:08:50.280,1159.7484,,slider,0,0,6.48,2.57,-17.20,AVAILABLE,NONE,28990,0,P,P,0.00,released,RELEASED
2026-05-18 19:08:50.680,1160.1485,,slider,0,0,6.48,5.95,-17.20,AVAILABLE,NONE,29000,0,P,P,0.00,released,RELEASED
2026-05-18 19:08:51.080,1160.5485,,slider,0,0,0.00,2.77,-17.20,AVAILABLE,NONE,29010,0,P,P,0.00,released,RELEASED
2026-05-18 19:08:51.480,1160.9487,,slider,0,0,6.48,1.72,-17.20,AVAILABLE,NONE,29020,0,P,P,0.00,released,RELEASED
2026-05-18 19:08:51.880,1161.3486,,slider,0,0,0.00,1.89,-17.20,AVAILABLE,NONE,29030,0,P,P,0.00,released,RELEASED
2026-05-18 19:08:52.280,1161.7487,,slider,0,0,6.48,2.35,-17.20,AVAILABLE,NONE,29040,0,P,P,0.00,released,RELEASED
2026-05-18 19:08:52.680,1162.1487,,slider,0,0,6.48,1.87,-17.20,AVAILABLE,NONE,29050,0,P,P,0.00,released,RELEASED
2026-05-18 19:08:53.080,1162.5488,,slider,0,0,6.48,4.20,-17.20,AVAILABLE,NONE,29060,0,P,P,0.00,released,RELEASED
2026-05-18 19:08:53.481,1162.9488,,slider,0,0,0.00,0.95,-17.20,AVAILABLE,NONE,29070,0,P,P,0.00,released,RELEASED
2026-05-18 19:08:53.881,1163.3489,,slider,0,0,0.00,3.07,-17.20,AVAILABLE,NONE,29080,0,P,P,0.00,released,RELEASED
2026-05-18 19:08:54.281,1163.7488,,slider,0,0,6.48,4.84,-17.20,AVAILABLE,NONE,29090,0,P,P,0.00,released,RELEASED
2026-05-18 19:08:54.681,1164.1488,,slider,0,0,0.00,3.22,-17.20,AVAILABLE,NONE,29100,0,P,P,0.00,released,RELEASED
2026-05-18 19:08:55.081,1164.5490,,slider,0,0,6.48,2.23,-17.20,AVAILABLE,NONE,29110,0,P,P,0.00,released,RELEASED
2026-05-18 19:08:55.481,1164.9489,,slider,0,0,6.48,3.62,-17.20,AVAILABLE,NONE,29120,0,P,P,0.00,released,RELEASED
2026-05-18 19:08:55.881,1165.3488,,slider,0,0,6.48,1.36,-17.20,AVAILABLE,NONE,29130,0,P,P,0.00,released,RELEASED
2026-05-18 19:08:56.281,1165.7493,,slider,0,0,6.48,2.24,-17.20,AVAILABLE,NONE,29140,0,P,P,0.00,released,RELEASED
2026-05-18 19:08:56.681,1166.1489,,slider,0,0,6.48,0.90,-17.20,AVAILABLE,NONE,29150,0,P,P,0.00,released,RELEASED
2026-05-18 19:08:57.081,1166.5491,,slider,0,0,0.00,1.23,-17.20,AVAILABLE,NONE,29160,0,P,P,0.00,released,RELEASED
2026-05-18 19:08:57.482,1166.9497,,slider,0,0,0.00,1.73,-17.20,AVAILABLE,NONE,29170,0,P,P,0.00,released,RELEASED
2026-05-18 19:08:57.881,1167.3489,,slider,0,0,0.00,0.77,-17.20,AVAILABLE,NONE,29180,0,P,P,0.00,released,RELEASED
2026-05-18 19:08:58.281,1167.7489,,slider,0,0,6.48,3.94,-17.20,AVAILABLE,NONE,29190,0,P,P,0.00,released,RELEASED
2026-05-18 19:08:58.682,1168.1496,,slider,0,0,0.00,1.55,-17.20,AVAILABLE,NONE,29200,0,P,P,0.00,released,RELEASED
2026-05-18 19:08:59.082,1168.5494,,slider,0,0,0.00,1.02,-17.20,AVAILABLE,NONE,29210,0,P,P,0.00,released,RELEASED
2026-05-18 19:08:59.482,1168.9493,,slider,0,0,6.48,3.23,-17.20,AVAILABLE,NONE,29220,0,P,P,0.00,released,RELEASED
2026-05-18 19:08:59.882,1169.3492,,slider,0,0,6.48,2.14,-17.20,AVAILABLE,NONE,29230,0,P,P,0.00,released,RELEASED
2026-05-18 19:09:00.282,1169.7493,,slider,0,0,6.48,1.31,-17.20,AVAILABLE,NONE,29240,0,P,P,0.00,released,RELEASED
2026-05-18 19:09:00.682,1170.1497,,slider,0,0,0.00,2.99,-17.20,AVAILABLE,NONE,29250,0,P,P,0.00,released,RELEASED
2026-05-18 19:09:01.082,1170.5496,,slider,0,0,0.00,1.28,-17.20,AVAILABLE,NONE,29260,0,P,P,0.00,released,RELEASED
2026-05-18 19:09:01.482,1170.9497,,slider,0,0,6.48,2.69,-17.20,AVAILABLE,NONE,29270,0,P,P,0.00,released,RELEASED
2026-05-18 19:09:01.882,1171.3495,,slider,0,0,0.00,3.67,-17.20,AVAILABLE,NONE,29280,0,P,P,0.00,released,RELEASED
2026-05-18 19:09:02.282,1171.7493,,slider,0,0,0.00,1.29,-17.20,AVAILABLE,NONE,29290,0,P,P,0.00,released,RELEASED
2026-05-18 19:09:02.682,1172.1498,,slider,0,0,6.48,3.87,-17.20,AVAILABLE,NONE,29300,0,P,P,0.00,released,RELEASED
2026-05-18 19:09:03.083,1172.5498,,slider,0,0,6.48,1.63,-17.20,AVAILABLE,NONE,29310,0,P,P,0.00,released,RELEASED
2026-05-18 19:09:03.482,1172.9497,,slider,0,0,6.48,1.52,-17.20,AVAILABLE,NONE,29320,0,P,P,0.00,released,RELEASED
2026-05-18 19:09:03.883,1173.3500,,slider,0,0,0.00,1.83,-17.20,AVAILABLE,NONE,29330,0,P,P,0.00,released,RELEASED
2026-05-18 19:09:04.283,1173.7499,,slider,0,0,0.00,2.67,-17.20,AVAILABLE,NONE,29340,0,P,P,0.00,released,RELEASED
2026-05-18 19:09:04.683,1174.1498,,slider,0,0,6.48,2.93,-17.20,AVAILABLE,NONE,29350,0,P,P,0.00,released,RELEASED
2026-05-18 19:09:05.083,1174.5499,,slider,0,0,0.00,2.48,-17.20,AVAILABLE,NONE,29360,0,P,P,0.00,released,RELEASED
2026-05-18 19:09:05.483,1174.9499,,slider,0,0,0.00,1.65,-17.20,AVAILABLE,NONE,29370,0,P,P,0.00,released,RELEASED
2026-05-18 19:09:05.883,1175.3498,,slider,0,0,6.48,2.94,-17.20,AVAILABLE,NONE,29380,0,P,P,0.00,released,RELEASED
2026-05-18 19:09:06.283,1175.7499,,slider,0,0,6.48,3.56,-17.20,AVAILABLE,NONE,29390,0,P,P,0.00,released,RELEASED
2026-05-18 19:09:06.683,1176.1500,,slider,0,0,6.48,0.90,-17.20,AVAILABLE,NONE,29400,0,P,P,0.00,released,RELEASED
2026-05-18 19:09:07.084,1176.5504,,slider,0,0,6.48,2.44,-17.20,AVAILABLE,NONE,29410,0,P,P,0.00,released,RELEASED
2026-05-18 19:09:07.483,1176.9500,,slider,0,0,6.48,4.23,-17.20,AVAILABLE,NONE,29420,0,P,P,0.00,released,RELEASED
2026-05-18 19:09:07.883,1177.3500,,slider,0,0,6.48,3.29,-17.20,AVAILABLE,NONE,29430,0,P,P,0.00,released,RELEASED
2026-05-18 19:09:08.283,1177.7499,,slider,0,0,0.00,3.22,-17.20,AVAILABLE,NONE,29440,0,P,P,0.00,released,RELEASED
2026-05-18 19:09:08.683,1178.1501,,slider,0,0,0.00,2.11,-17.20,AVAILABLE,NONE,29450,0,P,P,0.00,released,RELEASED
2026-05-18 19:09:09.083,1178.5499,,slider,0,0,0.00,1.89,-17.20,AVAILABLE,NONE,29460,0,P,P,0.00,released,RELEASED
2026-05-18 19:09:09.483,1178.9500,,slider,0,0,0.00,3.71,-17.20,AVAILABLE,NONE,29470,0,P,P,0.00,released,RELEASED
2026-05-18 19:09:09.883,1179.3500,,slider,0,0,0.00,4.39,-17.20,AVAILABLE,NONE,29480,0,P,P,0.00,released,RELEASED
2026-05-18 19:09:10.283,1179.7500,,slider,0,0,0.00,3.43,-17.20,AVAILABLE,NONE,29490,0,P,P,0.00,released,RELEASED
2026-05-18 19:09:10.683,1180.1499,,slider,0,0,0.00,3.36,-17.20,AVAILABLE,NONE,29500,0,P,P,0.00,released,RELEASED
2026-05-18 19:09:11.084,1180.5504,,slider,0,0,0.00,1.56,-17.20,AVAILABLE,NONE,29510,0,P,P,0.00,released,RELEASED
2026-05-18 19:09:11.484,1180.9504,,slider,0,0,0.00,1.59,-17.20,AVAILABLE,NONE,29520,0,P,P,0.00,released,RELEASED
2026-05-18 19:09:11.884,1181.3501,,slider,0,0,6.48,0.59,-17.20,AVAILABLE,NONE,29530,0,P,P,0.00,released,RELEASED
2026-05-18 19:09:12.284,1181.7505,,slider,0,0,6.48,3.11,-17.20,AVAILABLE,NONE,29540,0,P,P,0.00,released,RELEASED
2026-05-18 19:09:12.684,1182.1503,,slider,0,0,6.48,3.81,-17.20,AVAILABLE,NONE,29550,0,P,P,0.00,released,RELEASED
2026-05-18 19:09:13.084,1182.5503,,slider,0,0,0.00,1.27,-17.20,AVAILABLE,NONE,29560,0,P,P,0.00,released,RELEASED
2026-05-18 19:09:13.484,1182.9506,,slider,0,0,6.48,1.00,-17.20,AVAILABLE,NONE,29570,0,P,P,0.00,released,RELEASED
2026-05-18 19:09:13.884,1183.3505,,slider,0,0,0.00,2.97,-17.20,AVAILABLE,NONE,29580,0,P,P,0.00,released,RELEASED
2026-05-18 19:09:14.284,1183.7506,,slider,0,0,0.00,1.83,-17.20,AVAILABLE,NONE,29590,0,P,P,0.00,released,RELEASED
2026-05-18 19:09:14.685,1184.1506,,slider,0,0,0.00,4.14,-17.20,AVAILABLE,NONE,29600,0,P,P,0.00,released,RELEASED
2026-05-18 19:09:15.085,1184.5508,,slider,0,0,0.00,2.70,-17.20,AVAILABLE,NONE,29610,0,P,P,0.00,released,RELEASED
2026-05-18 19:09:15.485,1184.9505,,slider,0,0,6.48,3.84,-17.20,AVAILABLE,NONE,29620,0,P,P,0.00,released,RELEASED
2026-05-18 19:09:15.885,1185.3506,,slider,0,0,0.00,3.66,-17.20,AVAILABLE,NONE,29630,0,P,P,0.00,released,RELEASED
2026-05-18 19:09:16.285,1185.7506,,slider,0,0,6.48,0.84,-17.20,AVAILABLE,NONE,29640,0,P,P,0.00,released,RELEASED
2026-05-18 19:09:16.685,1186.1509,,slider,0,0,0.00,3.04,-17.20,AVAILABLE,NONE,29650,0,P,P,0.00,released,RELEASED
2026-05-18 19:09:17.085,1186.5505,,slider,0,0,6.48,2.73,-17.20,AVAILABLE,NONE,29660,0,P,P,0.00,released,RELEASED
2026-05-18 19:09:17.485,1186.9505,,slider,0,0,0.00,2.33,-17.20,AVAILABLE,NONE,29670,0,P,P,0.00,released,RELEASED
2026-05-18 19:09:17.885,1187.3506,,slider,0,0,0.00,4.08,-17.20,AVAILABLE,NONE,29680,0,P,P,0.00,released,RELEASED
2026-05-18 19:09:18.285,1187.7505,,slider,0,0,6.48,3.18,-17.20,AVAILABLE,NONE,29690,0,P,P,0.00,released,RELEASED
2026-05-18 19:09:18.685,1188.1508,,slider,0,0,0.00,1.85,-17.20,AVAILABLE,NONE,29700,0,P,P,0.00,released,RELEASED
2026-05-18 19:09:19.085,1188.5506,,slider,0,0,6.48,1.65,-17.20,AVAILABLE,NONE,29710,0,P,P,0.00,released,RELEASED
2026-05-18 19:09:19.485,1188.9506,,slider,0,0,6.48,1.36,-17.20,AVAILABLE,NONE,29720,0,P,P,0.00,released,RELEASED
2026-05-18 19:09:19.885,1189.3505,,slider,0,0,6.48,2.04,-17.20,AVAILABLE,NONE,29730,0,P,P,0.00,released,RELEASED
2026-05-18 19:09:20.285,1189.7507,,slider,0,0,0.00,2.78,-17.20,AVAILABLE,NONE,29740,0,P,P,0.00,released,RELEASED
2026-05-18 19:09:20.685,1190.1506,,slider,0,0,0.00,2.58,-17.20,AVAILABLE,NONE,29750,0,P,P,0.00,released,RELEASED
2026-05-18 19:09:21.085,1190.5507,,slider,0,0,0.00,2.80,-17.20,AVAILABLE,NONE,29760,0,P,P,0.00,released,RELEASED
2026-05-18 19:09:21.485,1190.9507,,slider,0,0,0.00,1.80,-17.20,AVAILABLE,NONE,29770,0,P,P,0.00,released,RELEASED
2026-05-18 19:09:21.886,1191.3508,,slider,0,0,0.00,3.74,-17.20,AVAILABLE,NONE,29780,0,P,P,0.00,released,RELEASED
2026-05-18 19:09:22.286,1191.7509,,slider,0,0,6.48,2.94,-17.20,AVAILABLE,NONE,29790,0,P,P,0.00,released,RELEASED
2026-05-18 19:09:22.686,1192.1508,,slider,0,0,0.00,4.39,-17.20,AVAILABLE,NONE,29800,0,P,P,0.00,released,RELEASED
2026-05-18 19:09:23.086,1192.5508,,slider,0,0,6.48,1.92,-17.20,AVAILABLE,NONE,29810,0,P,P,0.00,released,RELEASED
2026-05-18 19:09:23.486,1192.9508,,slider,0,0,6.48,3.57,-17.20,AVAILABLE,NONE,29820,0,P,P,0.00,released,RELEASED
2026-05-18 19:09:23.886,1193.3508,,slider,0,0,0.00,2.37,-17.20,AVAILABLE,NONE,29830,0,P,P,0.00,released,RELEASED
2026-05-18 19:09:24.286,1193.7508,,slider,0,0,0.00,1.82,-17.20,AVAILABLE,NONE,29840,0,P,P,0.00,released,RELEASED
2026-05-18 19:09:24.686,1194.1509,,slider,0,0,0.00,2.26,-17.20,AVAILABLE,NONE,29850,0,P,P,0.00,released,RELEASED
2026-05-18 19:09:25.086,1194.5509,,slider,0,0,0.00,1.03,-17.20,AVAILABLE,NONE,29860,0,P,P,0.00,released,RELEASED
2026-05-18 19:09:25.486,1194.9509,,slider,0,0,0.00,5.07,-17.20,AVAILABLE,NONE,29870,0,P,P,0.00,released,RELEASED
2026-05-18 19:09:25.886,1195.3509,,slider,0,0,0.00,3.17,-17.20,AVAILABLE,NONE,29880,0,P,P,0.00,released,RELEASED
2026-05-18 19:09:26.287,1195.7514,,slider,0,0,0.00,2.16,-17.20,AVAILABLE,NONE,29890,0,P,P,0.00,released,RELEASED
2026-05-18 19:09:26.686,1196.1510,,slider,0,0,6.48,3.57,-17.20,AVAILABLE,NONE,29900,0,P,P,0.00,released,RELEASED
2026-05-18 19:09:27.086,1196.5510,,slider,0,0,0.00,1.67,-17.20,AVAILABLE,NONE,29910,0,P,P,0.00,released,RELEASED
2026-05-18 19:09:27.487,1196.9516,,slider,0,0,6.48,1.77,-17.20,AVAILABLE,NONE,29920,0,P,P,0.00,released,RELEASED
2026-05-18 19:09:27.887,1197.3518,,slider,0,0,0.00,2.60,-17.20,AVAILABLE,NONE,29930,0,P,P,0.00,released,RELEASED
2026-05-18 19:09:28.287,1197.7517,,slider,0,0,0.00,1.14,-17.20,AVAILABLE,NONE,29940,0,P,P,0.00,released,RELEASED
2026-05-18 19:09:28.687,1198.1517,,slider,0,0,0.00,3.07,-17.20,AVAILABLE,NONE,29950,0,P,P,0.00,released,RELEASED
2026-05-18 19:09:29.087,1198.5518,,slider,0,0,6.48,2.89,-17.20,AVAILABLE,NONE,29960,0,P,P,0.00,released,RELEASED
2026-05-18 19:09:29.487,1198.9519,,slider,0,0,0.00,0.48,-17.20,AVAILABLE,NONE,29970,0,P,P,0.00,released,RELEASED
2026-05-18 19:09:29.888,1199.3520,,slider,0,0,0.00,5.09,-17.20,AVAILABLE,NONE,29980,0,P,P,0.00,released,RELEASED
2026-05-18 19:09:30.287,1199.7518,,slider,0,0,0.00,2.43,-17.20,AVAILABLE,NONE,29990,0,P,P,0.00,released,RELEASED
2026-05-18 19:09:30.687,1200.1517,,slider,0,0,6.48,1.75,-17.20,AVAILABLE,NONE,30000,0,P,P,0.00,released,RELEASED
2026-05-18 19:09:31.088,1200.5518,,slider,0,0,6.48,3.55,-17.20,AVAILABLE,NONE,30010,0,P,P,0.00,released,RELEASED
2026-05-18 19:09:31.488,1200.9519,,slider,0,0,6.48,2.63,-17.20,AVAILABLE,NONE,30020,0,P,P,0.00,released,RELEASED
2026-05-18 19:09:31.888,1201.3519,,slider,0,0,6.48,2.01,-17.20,AVAILABLE,NONE,30030,0,P,P,0.00,released,RELEASED
2026-05-18 19:09:32.288,1201.7518,,slider,0,0,6.48,3.15,-17.20,AVAILABLE,NONE,30040,0,P,P,0.00,released,RELEASED
2026-05-18 19:09:32.688,1202.1519,,slider,0,0,0.00,1.44,-17.20,AVAILABLE,NONE,30050,0,P,P,0.00,released,RELEASED
2026-05-18 19:09:33.088,1202.5520,,slider,0,0,6.48,2.59,-17.20,AVAILABLE,NONE,30060,0,P,P,0.00,released,RELEASED
2026-05-18 19:09:33.488,1202.9524,,slider,0,0,0.00,2.71,-17.20,AVAILABLE,NONE,30070,0,P,P,0.00,released,RELEASED
2026-05-18 19:09:33.888,1203.3520,,slider,0,0,0.00,1.72,-17.20,AVAILABLE,NONE,30080,0,P,P,0.00,released,RELEASED
2026-05-18 19:09:34.288,1203.7519,,slider,0,0,0.00,1.78,-17.20,AVAILABLE,NONE,30090,0,P,P,0.00,released,RELEASED
2026-05-18 19:09:34.688,1204.1520,,slider,0,0,0.00,2.99,-17.20,AVAILABLE,NONE,30100,0,P,P,0.00,released,RELEASED
2026-05-18 19:09:35.088,1204.5521,,slider,0,0,6.48,0.47,-17.20,AVAILABLE,NONE,30110,0,P,P,0.00,released,RELEASED
2026-05-18 19:09:35.488,1204.9520,,slider,0,0,0.00,4.02,-17.20,AVAILABLE,NONE,30120,0,P,P,0.00,released,RELEASED
2026-05-18 19:09:35.889,1205.3524,,slider,0,0,0.00,3.40,-17.20,AVAILABLE,NONE,30130,0,P,P,0.00,released,RELEASED
2026-05-18 19:09:36.288,1205.7520,,slider,0,0,6.48,2.32,-17.20,AVAILABLE,NONE,30140,0,P,P,0.00,released,RELEASED
2026-05-18 19:09:36.688,1206.1521,,slider,0,0,6.48,3.97,-17.20,AVAILABLE,NONE,30150,0,P,P,0.00,released,RELEASED
2026-05-18 19:09:37.089,1206.5526,,slider,0,0,0.00,2.09,-17.20,AVAILABLE,NONE,30160,0,P,P,0.00,released,RELEASED
2026-05-18 19:09:37.489,1206.9522,,slider,0,0,0.00,2.76,-17.20,AVAILABLE,NONE,30170,0,P,P,0.00,released,RELEASED
2026-05-18 19:09:37.889,1207.3522,,slider,0,0,6.48,3.35,-17.20,AVAILABLE,NONE,30180,0,P,P,0.00,released,RELEASED
2026-05-18 19:09:38.289,1207.7523,,slider,0,0,6.48,0.26,-17.20,AVAILABLE,NONE,30190,0,P,P,0.00,released,RELEASED
2026-05-18 19:09:38.689,1208.1522,,slider,0,0,6.48,3.41,-17.20,AVAILABLE,NONE,30200,0,P,P,0.00,released,RELEASED
2026-05-18 19:09:39.089,1208.5523,,slider,0,0,0.00,4.20,-17.20,AVAILABLE,NONE,30210,0,P,P,0.00,released,RELEASED
2026-05-18 19:09:39.489,1208.9526,,slider,0,0,6.48,2.97,-17.20,AVAILABLE,NONE,30220,0,P,P,0.00,released,RELEASED
2026-05-18 19:09:39.889,1209.3523,,slider,0,0,0.00,3.83,-17.20,AVAILABLE,NONE,30230,0,P,P,0.00,released,RELEASED
2026-05-18 19:09:40.289,1209.7522,,slider,0,0,0.00,2.73,-17.20,AVAILABLE,NONE,30240,0,P,P,0.00,released,RELEASED
2026-05-18 19:09:40.689,1210.1524,,slider,0,0,6.48,1.48,-17.20,AVAILABLE,NONE,30250,0,P,P,0.00,released,RELEASED
2026-05-18 19:09:41.089,1210.5524,,slider,0,0,6.48,2.83,-17.20,AVAILABLE,NONE,30260,0,P,P,0.00,released,RELEASED
2026-05-18 19:09:41.489,1210.9525,,slider,0,0,6.48,2.03,-17.20,AVAILABLE,NONE,30270,0,P,P,0.00,released,RELEASED
2026-05-18 19:09:41.890,1211.3530,,slider,0,0,6.48,3.83,-17.20,AVAILABLE,NONE,30280,0,P,P,0.00,released,RELEASED
2026-05-18 19:09:42.290,1211.7527,,slider,0,0,0.00,2.50,-17.20,AVAILABLE,NONE,30290,0,P,P,0.00,released,RELEASED
2026-05-18 19:09:42.689,1212.1524,,slider,0,0,6.48,0.70,-17.20,AVAILABLE,NONE,30300,0,P,P,0.00,released,RELEASED
2026-05-18 19:09:43.090,1212.5528,,slider,0,0,0.00,4.21,-17.20,AVAILABLE,NONE,30310,0,P,P,0.00,released,RELEASED
2026-05-18 19:09:43.490,1212.9526,,slider,0,0,0.00,2.67,-17.20,AVAILABLE,NONE,30320,0,P,P,0.00,released,RELEASED
2026-05-18 19:09:43.890,1213.3529,,slider,0,0,6.48,3.70,-17.20,AVAILABLE,NONE,30330,0,P,P,0.00,released,RELEASED
2026-05-18 19:09:44.290,1213.7527,,slider,0,0,6.48,2.82,-17.20,AVAILABLE,NONE,30340,0,P,P,0.00,released,RELEASED
2026-05-18 19:09:44.690,1214.1528,,slider,0,0,6.48,1.51,-17.20,AVAILABLE,NONE,30350,0,P,P,0.00,released,RELEASED
2026-05-18 19:09:45.090,1214.5530,,slider,0,0,6.48,4.02,-17.20,AVAILABLE,NONE,30360,0,P,P,0.00,released,RELEASED
2026-05-18 19:09:45.490,1214.9530,,slider,0,0,0.00,3.61,-17.20,AVAILABLE,NONE,30370,0,P,P,0.00,released,RELEASED
2026-05-18 19:09:45.890,1215.3530,,slider,0,0,0.00,2.09,-17.20,AVAILABLE,NONE,30380,0,P,P,0.00,released,RELEASED
2026-05-18 19:09:46.290,1215.7526,,slider,0,0,6.48,3.37,-17.20,AVAILABLE,NONE,30390,0,P,P,0.00,released,RELEASED
2026-05-18 19:09:46.691,1216.1532,,slider,0,0,0.00,1.26,-17.20,AVAILABLE,NONE,30400,0,P,P,0.00,released,RELEASED
2026-05-18 19:09:47.090,1216.5530,,slider,0,0,6.48,0.95,-17.20,AVAILABLE,NONE,30410,0,P,P,0.00,released,RELEASED
2026-05-18 19:09:47.490,1216.9530,,slider,0,0,6.48,4.70,-17.20,AVAILABLE,NONE,30420,0,P,P,0.00,released,RELEASED
2026-05-18 19:09:47.891,1217.3530,,slider,0,0,0.00,1.57,-17.20,AVAILABLE,NONE,30430,0,P,P,0.00,released,RELEASED
2026-05-18 19:09:48.291,1217.7531,,slider,0,0,0.00,4.43,-17.20,AVAILABLE,NONE,30440,0,P,P,0.00,released,RELEASED
2026-05-18 19:09:48.691,1218.1530,,slider,0,0,6.48,4.40,-17.20,AVAILABLE,NONE,30450,0,P,P,0.00,released,RELEASED
2026-05-18 19:09:49.091,1218.5531,,slider,0,0,0.00,2.24,-17.20,AVAILABLE,NONE,30460,0,P,P,0.00,released,RELEASED
2026-05-18 19:09:49.491,1218.9533,,slider,0,0,6.48,4.28,-17.20,AVAILABLE,NONE,30470,0,P,P,0.00,released,RELEASED
2026-05-18 19:09:49.891,1219.3531,,slider,0,0,0.00,3.09,-17.20,AVAILABLE,NONE,30480,0,P,P,0.00,released,RELEASED
2026-05-18 19:09:50.291,1219.7532,,slider,0,0,0.00,2.21,-17.20,AVAILABLE,NONE,30490,0,P,P,0.00,released,RELEASED
2026-05-18 19:09:50.691,1220.1532,,slider,0,0,6.48,4.25,-17.20,AVAILABLE,NONE,30500,0,P,P,0.00,released,RELEASED
2026-05-18 19:09:51.091,1220.5530,,slider,0,0,0.00,2.48,-17.20,AVAILABLE,NONE,30510,0,P,P,0.00,released,RELEASED
2026-05-18 19:09:51.492,1220.9538,,slider,0,0,0.00,2.30,-17.20,AVAILABLE,NONE,30520,0,P,P,0.00,released,RELEASED
2026-05-18 19:09:51.891,1221.3533,,slider,0,0,0.00,1.36,-17.20,AVAILABLE,NONE,30530,0,P,P,0.00,released,RELEASED
2026-05-18 19:09:52.291,1221.7532,,slider,0,0,0.00,0.66,-17.20,AVAILABLE,NONE,30540,0,P,P,0.00,released,RELEASED
2026-05-18 19:09:52.692,1222.1538,,slider,0,0,6.48,2.58,-17.20,AVAILABLE,NONE,30550,0,P,P,0.00,released,RELEASED
2026-05-18 19:09:53.091,1222.5532,,slider,0,0,0.00,3.14,-17.20,AVAILABLE,NONE,30560,0,P,P,0.00,released,RELEASED
2026-05-18 19:09:53.491,1222.9533,,slider,0,0,0.00,2.51,-17.20,AVAILABLE,NONE,30570,0,P,P,0.00,released,RELEASED
2026-05-18 19:09:53.892,1223.3538,,slider,0,0,0.00,3.15,-17.20,AVAILABLE,NONE,30580,0,P,P,0.00,released,RELEASED
2026-05-18 19:09:54.292,1223.7537,,slider,0,0,0.00,2.53,-17.20,AVAILABLE,NONE,30590,0,P,P,0.00,released,RELEASED
2026-05-18 19:09:54.692,1224.1541,,slider,0,0,6.48,2.47,-17.20,AVAILABLE,NONE,30600,0,P,P,0.00,released,RELEASED
2026-05-18 19:09:55.092,1224.5537,,slider,0,0,6.48,2.65,-17.20,AVAILABLE,NONE,30610,0,P,P,0.00,released,RELEASED
2026-05-18 19:09:55.492,1224.9539,,slider,0,0,0.00,0.77,-17.20,AVAILABLE,NONE,30620,0,P,P,0.00,released,RELEASED
2026-05-18 19:09:55.892,1225.3538,,slider,0,0,0.00,3.37,-17.20,AVAILABLE,NONE,30630,0,P,P,0.00,released,RELEASED
2026-05-18 19:09:56.292,1225.7533,,slider,0,0,6.48,3.45,-17.20,AVAILABLE,NONE,30640,0,P,P,0.00,released,RELEASED
2026-05-18 19:09:56.692,1226.1536,,slider,0,0,6.48,2.51,-17.20,AVAILABLE,NONE,30650,0,P,P,0.00,released,RELEASED
2026-05-18 19:09:57.092,1226.5537,,slider,0,0,0.00,1.79,-17.20,AVAILABLE,NONE,30660,0,P,P,0.00,released,RELEASED
2026-05-18 19:09:57.492,1226.9536,,slider,0,0,0.00,3.30,-17.20,AVAILABLE,NONE,30670,0,P,P,0.00,released,RELEASED
2026-05-18 19:09:57.892,1227.3537,,slider,0,0,0.00,0.41,-17.20,AVAILABLE,NONE,30680,0,P,P,0.00,released,RELEASED
2026-05-18 19:09:58.292,1227.7536,,slider,0,0,6.48,3.35,-17.20,AVAILABLE,NONE,30690,0,P,P,0.00,released,RELEASED
2026-05-18 19:09:58.693,1228.1539,,slider,0,0,0.00,1.08,-17.20,AVAILABLE,NONE,30700,0,P,P,0.00,released,RELEASED
2026-05-18 19:09:59.093,1228.5538,,slider,0,0,6.48,1.13,-17.20,AVAILABLE,NONE,30710,0,P,P,0.00,released,RELEASED
2026-05-18 19:09:59.493,1228.9538,,slider,0,0,6.48,3.16,-17.20,AVAILABLE,NONE,30720,0,P,P,0.00,released,RELEASED
2026-05-18 19:09:59.893,1229.3538,,slider,0,0,0.00,2.07,-17.20,AVAILABLE,NONE,30730,0,P,P,0.00,released,RELEASED
2026-05-18 19:10:00.293,1229.7539,,slider,0,0,6.48,2.98,-17.20,AVAILABLE,NONE,30740,0,P,P,0.00,released,RELEASED
2026-05-18 19:10:00.693,1230.1539,,slider,0,0,0.00,2.43,-17.20,AVAILABLE,NONE,30750,0,P,P,0.00,released,RELEASED
2026-05-18 19:10:01.093,1230.5540,,slider,0,0,0.00,0.60,-17.20,AVAILABLE,NONE,30760,0,P,P,0.00,released,RELEASED
2026-05-18 19:10:01.493,1230.9540,,slider,0,0,0.00,3.16,-17.20,AVAILABLE,NONE,30770,0,P,P,0.00,released,RELEASED
2026-05-18 19:10:01.893,1231.3540,,slider,0,0,0.00,2.45,-17.20,AVAILABLE,NONE,30780,0,P,P,0.00,released,RELEASED
2026-05-18 19:10:02.293,1231.7541,,slider,0,0,0.00,2.43,-17.20,AVAILABLE,NONE,30790,0,P,P,0.00,released,RELEASED
2026-05-18 19:10:02.693,1232.1542,,slider,0,0,6.48,3.18,-17.20,AVAILABLE,NONE,30800,0,P,P,0.00,released,RELEASED
2026-05-18 19:10:03.093,1232.5541,,slider,0,0,0.00,1.81,-17.20,AVAILABLE,NONE,30810,0,P,P,0.00,released,RELEASED
2026-05-18 19:10:03.493,1232.9543,,slider,0,0,0.00,1.83,-17.20,AVAILABLE,NONE,30820,0,P,P,0.00,released,RELEASED
2026-05-18 19:10:03.893,1233.3542,,slider,0,0,0.00,2.99,-17.20,AVAILABLE,NONE,30830,0,P,P,0.00,released,RELEASED
2026-05-18 19:10:04.294,1233.7542,,slider,0,0,0.00,2.38,-17.20,AVAILABLE,NONE,30840,0,P,P,0.00,released,RELEASED
2026-05-18 19:10:04.694,1234.1543,,slider,0,0,6.48,4.43,-17.20,AVAILABLE,NONE,30850,0,P,P,0.00,released,RELEASED
2026-05-18 19:10:05.094,1234.5543,,slider,0,0,6.48,3.16,-17.20,AVAILABLE,NONE,30860,0,P,P,0.00,released,RELEASED
2026-05-18 19:10:05.494,1234.9547,,slider,0,0,0.00,1.22,-17.20,AVAILABLE,NONE,30870,0,P,P,0.00,released,RELEASED
2026-05-18 19:10:05.894,1235.3544,,slider,0,0,6.48,2.79,-17.20,AVAILABLE,NONE,30880,0,P,P,0.00,released,RELEASED
2026-05-18 19:10:06.294,1235.7544,,slider,0,0,6.48,3.28,-17.20,AVAILABLE,NONE,30890,0,P,P,0.00,released,RELEASED
2026-05-18 19:10:06.694,1236.1544,,slider,0,0,6.48,2.03,-17.20,AVAILABLE,NONE,30900,0,P,P,0.00,released,RELEASED
2026-05-18 19:10:07.094,1236.5546,,slider,0,0,0.00,1.39,-17.20,AVAILABLE,NONE,30910,0,P,P,0.00,released,RELEASED
2026-05-18 19:10:07.494,1236.9545,,slider,0,0,0.00,2.37,-17.20,AVAILABLE,NONE,30920,0,P,P,0.00,released,RELEASED
2026-05-18 19:10:07.894,1237.3545,,slider,0,0,0.00,3.73,-17.20,AVAILABLE,NONE,30930,0,P,P,0.00,released,RELEASED
2026-05-18 19:10:08.294,1237.7546,,slider,0,0,0.00,2.59,-17.20,AVAILABLE,NONE,30940,0,P,P,0.00,released,RELEASED
2026-05-18 19:10:08.694,1238.1546,,slider,0,0,6.48,2.74,-17.20,AVAILABLE,NONE,30950,0,P,P,0.00,released,RELEASED
2026-05-18 19:10:09.094,1238.5546,,slider,0,0,6.48,2.73,-17.20,AVAILABLE,NONE,30960,0,P,P,0.00,released,RELEASED
2026-05-18 19:10:09.495,1238.9547,,slider,0,0,6.48,3.06,-17.20,AVAILABLE,NONE,30970,0,P,P,0.00,released,RELEASED
2026-05-18 19:10:09.895,1239.3547,,slider,0,0,0.00,3.46,-17.20,AVAILABLE,NONE,30980,0,P,P,0.00,released,RELEASED
2026-05-18 19:10:10.295,1239.7548,,slider,0,0,6.48,3.17,-17.20,AVAILABLE,NONE,30990,0,P,P,0.00,released,RELEASED
2026-05-18 19:10:10.695,1240.1548,,slider,0,0,0.00,3.23,-17.20,AVAILABLE,NONE,31000,0,P,P,0.00,released,RELEASED
2026-05-18 19:10:11.095,1240.5548,,slider,0,0,6.48,3.59,-17.20,AVAILABLE,NONE,31010,0,P,P,0.00,released,RELEASED
2026-05-18 19:10:11.495,1240.9548,,slider,0,0,6.48,3.58,-17.20,AVAILABLE,NONE,31020,0,P,P,0.00,released,RELEASED
2026-05-18 19:10:11.895,1241.3549,,slider,0,0,6.48,1.00,-17.20,AVAILABLE,NONE,31030,0,P,P,0.00,released,RELEASED
2026-05-18 19:10:12.295,1241.7549,,slider,0,0,0.00,2.73,-17.20,AVAILABLE,NONE,31040,0,P,P,0.00,released,RELEASED
2026-05-18 19:10:12.695,1242.1550,,slider,0,0,0.00,2.46,-17.20,AVAILABLE,NONE,31050,0,P,P,0.00,released,RELEASED
2026-05-18 19:10:13.095,1242.5549,,slider,0,0,6.48,1.91,-17.20,AVAILABLE,NONE,31060,0,P,P,0.00,released,RELEASED
2026-05-18 19:10:13.495,1242.9549,,slider,0,0,6.48,2.42,-17.20,AVAILABLE,NONE,31070,0,P,P,0.00,released,RELEASED
2026-05-18 19:10:13.896,1243.3552,,slider,0,0,6.48,2.56,-17.20,AVAILABLE,NONE,31080,0,P,P,0.00,released,RELEASED
2026-05-18 19:10:14.296,1243.7552,,slider,0,0,6.48,2.98,-17.20,AVAILABLE,NONE,31090,0,P,P,0.00,released,RELEASED
2026-05-18 19:10:14.696,1244.1555,,slider,0,0,6.48,3.82,-17.20,AVAILABLE,NONE,31100,0,P,P,0.00,released,RELEASED
2026-05-18 19:10:15.096,1244.5557,,slider,0,0,6.48,3.77,-17.20,AVAILABLE,NONE,31110,0,P,P,0.00,released,RELEASED
2026-05-18 19:10:15.496,1244.9554,,slider,0,0,6.48,4.23,-17.20,AVAILABLE,NONE,31120,0,P,P,0.00,released,RELEASED
2026-05-18 19:10:15.896,1245.3557,,slider,0,0,6.48,5.43,-17.20,AVAILABLE,NONE,31130,0,P,P,0.00,released,RELEASED
2026-05-18 19:10:16.296,1245.7557,,slider,0,0,0.00,1.29,-17.20,AVAILABLE,NONE,31140,0,P,P,0.00,released,RELEASED
2026-05-18 19:10:16.696,1246.1557,,slider,0,0,6.48,3.55,-17.20,AVAILABLE,NONE,31150,0,P,P,0.00,released,RELEASED
2026-05-18 19:10:17.096,1246.5554,,slider,0,0,6.48,2.44,-17.20,AVAILABLE,NONE,31160,0,P,P,0.00,released,RELEASED
2026-05-18 19:10:17.496,1246.9556,,slider,0,0,0.00,2.01,-17.20,AVAILABLE,NONE,31170,0,P,P,0.00,released,RELEASED
2026-05-18 19:10:17.896,1247.3555,,slider,0,0,6.48,4.89,-17.20,AVAILABLE,NONE,31180,0,P,P,0.00,released,RELEASED
2026-05-18 19:10:18.296,1247.7555,,slider,0,0,6.48,1.70,-17.20,AVAILABLE,NONE,31190,0,P,P,0.00,released,RELEASED
2026-05-18 19:10:18.697,1248.1560,,slider,0,0,6.48,2.91,-17.20,AVAILABLE,NONE,31200,0,P,P,0.00,released,RELEASED
2026-05-18 19:10:19.097,1248.5557,,slider,0,0,6.48,2.29,-17.20,AVAILABLE,NONE,31210,0,P,P,0.00,released,RELEASED
2026-05-18 19:10:19.497,1248.9560,,slider,0,0,0.00,1.43,-17.20,AVAILABLE,NONE,31220,0,P,P,0.00,released,RELEASED
2026-05-18 19:10:19.897,1249.3555,,slider,0,0,0.00,3.43,-17.20,AVAILABLE,NONE,31230,0,P,P,0.00,released,RELEASED
2026-05-18 19:10:20.297,1249.7556,,slider,0,0,0.00,2.61,-17.20,AVAILABLE,NONE,31240,0,P,P,0.00,released,RELEASED
2026-05-18 19:10:20.697,1250.1561,,slider,0,0,6.48,1.97,-17.20,AVAILABLE,NONE,31250,0,P,P,0.00,released,RELEASED
2026-05-18 19:10:21.097,1250.5558,,slider,0,0,6.48,3.73,-17.20,AVAILABLE,NONE,31260,0,P,P,0.00,released,RELEASED
2026-05-18 19:10:21.497,1250.9560,,slider,0,0,6.48,1.39,-17.20,AVAILABLE,NONE,31270,0,P,P,0.00,released,RELEASED
2026-05-18 19:10:21.897,1251.3557,,slider,0,0,6.48,1.66,-17.20,AVAILABLE,NONE,31280,0,P,P,0.00,released,RELEASED
2026-05-18 19:10:22.298,1251.7563,,slider,0,0,6.48,2.81,-17.20,AVAILABLE,NONE,31290,0,P,P,0.00,released,RELEASED
2026-05-18 19:10:22.698,1252.1564,,slider,0,0,0.00,2.27,-17.20,AVAILABLE,NONE,31300,0,P,P,0.00,released,RELEASED
2026-05-18 19:10:23.097,1252.5562,,slider,0,0,0.00,1.97,-17.20,AVAILABLE,NONE,31310,0,P,P,0.00,released,RELEASED
2026-05-18 19:10:23.497,1252.9561,,slider,0,0,0.00,3.40,-17.20,AVAILABLE,NONE,31320,0,P,P,0.00,released,RELEASED
2026-05-18 19:10:23.898,1253.3562,,slider,0,0,0.00,2.19,-17.20,AVAILABLE,NONE,31330,0,P,P,0.00,released,RELEASED
2026-05-18 19:10:24.298,1253.7561,,slider,0,0,0.00,2.49,-17.20,AVAILABLE,NONE,31340,0,P,P,0.00,released,RELEASED
2026-05-18 19:10:24.698,1254.1562,,slider,0,0,6.48,4.61,-17.20,AVAILABLE,NONE,31350,0,P,P,0.00,released,RELEASED
2026-05-18 19:10:25.098,1254.5562,,slider,0,0,0.00,3.29,-17.20,AVAILABLE,NONE,31360,0,P,P,0.00,released,RELEASED
2026-05-18 19:10:25.498,1254.9561,,slider,0,0,6.48,2.92,-17.20,AVAILABLE,NONE,31370,0,P,P,0.00,released,RELEASED
2026-05-18 19:10:25.898,1255.3565,,slider,0,0,0.00,3.23,-17.20,AVAILABLE,NONE,31380,0,P,P,0.00,released,RELEASED
2026-05-18 19:10:26.298,1255.7562,,slider,0,0,0.00,3.42,-17.20,AVAILABLE,NONE,31390,0,P,P,0.00,released,RELEASED
2026-05-18 19:10:26.698,1256.1563,,slider,0,0,6.48,3.52,-17.20,AVAILABLE,NONE,31400,0,P,P,0.00,released,RELEASED
2026-05-18 19:10:27.098,1256.5564,,slider,0,0,0.00,3.08,-17.20,AVAILABLE,NONE,31410,0,P,P,0.00,released,RELEASED
2026-05-18 19:10:27.498,1256.9564,,slider,0,0,6.48,2.63,-17.20,AVAILABLE,NONE,31420,0,P,P,0.00,released,RELEASED
2026-05-18 19:10:27.898,1257.3563,,slider,0,0,0.00,4.60,-17.20,AVAILABLE,NONE,31430,0,P,P,0.00,released,RELEASED
2026-05-18 19:10:28.298,1257.7564,,slider,0,0,0.00,2.81,-17.20,AVAILABLE,NONE,31440,0,P,P,0.00,released,RELEASED
2026-05-18 19:10:28.698,1258.1564,,slider,0,0,0.00,2.95,-17.20,AVAILABLE,NONE,31450,0,P,P,0.00,released,RELEASED
2026-05-18 19:10:29.098,1258.5563,,slider,0,0,0.00,2.52,-17.20,AVAILABLE,NONE,31460,0,P,P,0.00,released,RELEASED
2026-05-18 19:10:29.498,1258.9563,,slider,0,0,0.00,3.03,-17.20,AVAILABLE,NONE,31470,0,P,P,0.00,released,RELEASED
2026-05-18 19:10:29.899,1259.3565,,slider,0,0,6.48,3.12,-17.20,AVAILABLE,NONE,31480,0,P,P,0.00,released,RELEASED
2026-05-18 19:10:30.299,1259.7565,,slider,0,0,0.00,1.63,-17.20,AVAILABLE,NONE,31490,0,P,P,0.00,released,RELEASED
2026-05-18 19:10:30.699,1260.1565,,slider,0,0,0.00,3.02,-17.20,AVAILABLE,NONE,31500,0,P,P,0.00,released,RELEASED
2026-05-18 19:10:31.099,1260.5565,,slider,0,0,6.48,3.05,-17.20,AVAILABLE,NONE,31510,0,P,P,0.00,released,RELEASED
2026-05-18 19:10:31.499,1260.9568,,slider,0,0,6.48,1.45,-17.20,AVAILABLE,NONE,31520,0,P,P,0.00,released,RELEASED
2026-05-18 19:10:31.899,1261.3566,,slider,0,0,0.00,2.91,-17.20,AVAILABLE,NONE,31530,0,P,P,0.00,released,RELEASED
2026-05-18 19:10:32.299,1261.7566,,slider,0,0,0.00,2.27,-17.20,AVAILABLE,NONE,31540,0,P,P,0.00,released,RELEASED
2026-05-18 19:10:32.699,1262.1568,,slider,0,0,0.00,2.30,-17.20,AVAILABLE,NONE,31550,0,P,P,0.00,released,RELEASED
2026-05-18 19:10:33.099,1262.5566,,slider,0,0,6.48,3.70,-17.20,AVAILABLE,NONE,31560,0,P,P,0.00,released,RELEASED
2026-05-18 19:10:33.499,1262.9568,,slider,0,0,6.48,3.44,-17.20,AVAILABLE,NONE,31570,0,P,P,0.00,released,RELEASED
2026-05-18 19:10:33.899,1263.3566,,slider,0,0,0.00,2.56,-17.20,AVAILABLE,NONE,31580,0,P,P,0.00,released,RELEASED
2026-05-18 19:10:34.300,1263.7570,,slider,0,0,6.48,3.59,-17.20,AVAILABLE,NONE,31590,0,P,P,0.00,released,RELEASED
2026-05-18 19:10:34.700,1264.1571,,slider,0,0,0.00,1.24,-17.20,AVAILABLE,NONE,31600,0,P,P,0.00,released,RELEASED
2026-05-18 19:10:35.100,1264.5569,,slider,0,0,6.48,2.39,-17.20,AVAILABLE,NONE,31610,0,P,P,0.00,released,RELEASED
2026-05-18 19:10:35.499,1264.9567,,slider,0,0,6.48,2.47,-17.20,AVAILABLE,NONE,31620,0,P,P,0.00,released,RELEASED
2026-05-18 19:10:35.900,1265.3571,,slider,0,0,0.00,0.61,-17.20,AVAILABLE,NONE,31630,0,P,P,0.00,released,RELEASED
2026-05-18 19:10:36.300,1265.7569,,slider,0,0,6.48,3.05,-17.20,AVAILABLE,NONE,31640,0,P,P,0.00,released,RELEASED
2026-05-18 19:10:36.700,1266.1569,,slider,0,0,0.00,3.17,-17.20,AVAILABLE,NONE,31650,0,P,P,0.00,released,RELEASED
2026-05-18 19:10:37.100,1266.5569,,slider,0,0,6.48,2.18,-17.20,AVAILABLE,NONE,31660,0,P,P,0.00,released,RELEASED
2026-05-18 19:10:37.500,1266.9569,,slider,0,0,0.00,4.58,-17.20,AVAILABLE,NONE,31670,0,P,P,0.00,released,RELEASED
2026-05-18 19:10:37.900,1267.3570,,slider,0,0,0.00,3.01,-17.20,AVAILABLE,NONE,31680,0,P,P,0.00,released,RELEASED
2026-05-18 19:10:38.300,1267.7570,,slider,0,0,6.48,2.11,-17.20,AVAILABLE,NONE,31690,0,P,P,0.00,released,RELEASED
2026-05-18 19:10:38.700,1268.1572,,slider,0,0,0.00,2.19,-17.20,AVAILABLE,NONE,31700,0,P,P,0.00,released,RELEASED
2026-05-18 19:10:39.100,1268.5574,,slider,0,0,6.48,4.33,-17.20,AVAILABLE,NONE,31710,0,P,P,0.00,released,RELEASED
2026-05-18 19:10:39.500,1268.9571,,slider,0,0,0.00,3.62,-17.20,AVAILABLE,NONE,31720,0,P,P,0.00,released,RELEASED
2026-05-18 19:10:39.900,1269.3573,,slider,0,0,6.48,3.30,-17.20,AVAILABLE,NONE,31730,0,P,P,0.00,released,RELEASED
2026-05-18 19:10:40.300,1269.7573,,slider,0,0,0.00,2.37,-17.20,AVAILABLE,NONE,31740,0,P,P,0.00,released,RELEASED
2026-05-18 19:10:40.700,1270.1573,,slider,0,0,6.48,2.79,-17.20,AVAILABLE,NONE,31750,0,P,P,0.00,released,RELEASED
2026-05-18 19:10:41.101,1270.5574,,slider,0,0,6.48,1.73,-17.20,AVAILABLE,NONE,31760,0,P,P,0.00,released,RELEASED
2026-05-18 19:10:41.501,1270.9573,,slider,0,0,0.00,1.92,-17.20,AVAILABLE,NONE,31770,0,P,P,0.00,released,RELEASED
2026-05-18 19:10:41.901,1271.3575,,slider,0,0,6.48,3.99,-17.20,AVAILABLE,NONE,31780,0,P,P,0.00,released,RELEASED
2026-05-18 19:10:42.301,1271.7573,,slider,0,0,0.00,3.16,-17.20,AVAILABLE,NONE,31790,0,P,P,0.00,released,RELEASED
2026-05-18 19:10:42.701,1272.1573,,slider,0,0,6.48,3.75,-17.20,AVAILABLE,NONE,31800,0,P,P,0.00,released,RELEASED
2026-05-18 19:10:43.101,1272.5573,,slider,0,0,6.48,2.55,-17.20,AVAILABLE,NONE,31810,0,P,P,0.00,released,RELEASED
2026-05-18 19:10:43.501,1272.9573,,slider,0,0,0.00,1.64,-17.20,AVAILABLE,NONE,31820,0,P,P,0.00,released,RELEASED
2026-05-18 19:10:43.901,1273.3573,,slider,0,0,0.00,2.82,-17.20,AVAILABLE,NONE,31830,0,P,P,0.00,released,RELEASED
2026-05-18 19:10:44.301,1273.7573,,slider,0,0,0.00,4.60,-17.20,AVAILABLE,NONE,31840,0,P,P,0.00,released,RELEASED
2026-05-18 19:10:44.701,1274.1575,,slider,0,0,6.48,3.96,-17.20,AVAILABLE,NONE,31850,0,P,P,0.00,released,RELEASED
2026-05-18 19:10:45.101,1274.5574,,slider,0,0,6.48,4.24,-17.20,AVAILABLE,NONE,31860,0,P,P,0.00,released,RELEASED
2026-05-18 19:10:45.501,1274.9574,,slider,0,0,0.00,1.54,-17.20,AVAILABLE,NONE,31870,0,P,P,0.00,released,RELEASED
2026-05-18 19:10:45.901,1275.3575,,slider,0,0,0.00,1.61,-17.20,AVAILABLE,NONE,31880,0,P,P,0.00,released,RELEASED
2026-05-18 19:10:46.301,1275.7576,,slider,0,0,0.00,3.45,-17.20,AVAILABLE,NONE,31890,0,P,P,0.00,released,RELEASED
2026-05-18 19:10:46.702,1276.1576,,slider,0,0,0.00,1.61,-17.20,AVAILABLE,NONE,31900,0,P,P,0.00,released,RELEASED
2026-05-18 19:10:47.101,1276.5575,,slider,0,0,0.00,2.65,-17.20,AVAILABLE,NONE,31910,0,P,P,0.00,released,RELEASED
2026-05-18 19:10:47.501,1276.9575,,slider,0,0,0.00,3.48,-17.20,AVAILABLE,NONE,31920,0,P,P,0.00,released,RELEASED
2026-05-18 19:10:47.902,1277.3577,,slider,0,0,0.00,1.99,-17.20,AVAILABLE,NONE,31930,0,P,P,0.00,released,RELEASED
2026-05-18 19:10:48.302,1277.7576,,slider,0,0,0.00,4.03,-17.20,AVAILABLE,NONE,31940,0,P,P,0.00,released,RELEASED
2026-05-18 19:10:48.702,1278.1577,,slider,0,0,6.48,2.81,-17.20,AVAILABLE,NONE,31950,0,P,P,0.00,released,RELEASED
2026-05-18 19:10:49.102,1278.5576,,slider,0,0,0.00,3.04,-17.20,AVAILABLE,NONE,31960,0,P,P,0.00,released,RELEASED
2026-05-18 19:10:49.502,1278.9577,,slider,0,0,0.00,3.35,-17.20,AVAILABLE,NONE,31970,0,P,P,0.00,released,RELEASED
2026-05-18 19:10:49.902,1279.3578,,slider,0,0,0.00,1.20,-17.20,AVAILABLE,NONE,31980,0,P,P,0.00,released,RELEASED
2026-05-18 19:10:50.302,1279.7577,,slider,0,0,0.00,4.21,-17.20,AVAILABLE,NONE,31990,0,P,P,0.00,released,RELEASED
2026-05-18 19:10:50.702,1280.1579,,slider,0,0,6.48,0.97,-17.20,AVAILABLE,NONE,32000,0,P,P,0.00,released,RELEASED
2026-05-18 19:10:51.102,1280.5578,,slider,0,0,0.00,1.84,-17.20,AVAILABLE,NONE,32010,0,P,P,0.00,released,RELEASED
2026-05-18 19:10:51.502,1280.9578,,slider,0,0,0.00,2.19,-17.20,AVAILABLE,NONE,32020,0,P,P,0.00,released,RELEASED
2026-05-18 19:10:51.902,1281.3579,,slider,0,0,0.00,0.56,-17.20,AVAILABLE,NONE,32030,0,P,P,0.00,released,RELEASED
2026-05-18 19:10:52.303,1281.7581,,slider,0,0,0.00,1.54,-17.20,AVAILABLE,NONE,32040,0,P,P,0.00,released,RELEASED
2026-05-18 19:10:52.702,1282.1580,,slider,0,0,0.00,1.98,-17.20,AVAILABLE,NONE,32050,0,P,P,0.00,released,RELEASED
2026-05-18 19:10:53.102,1282.5579,,slider,0,0,0.00,2.46,-17.20,AVAILABLE,NONE,32060,0,P,P,0.00,released,RELEASED
2026-05-18 19:10:53.503,1282.9579,,slider,0,0,6.48,2.78,-17.20,AVAILABLE,NONE,32070,0,P,P,0.00,released,RELEASED
2026-05-18 19:10:53.903,1283.3579,,slider,0,0,0.00,3.11,-17.20,AVAILABLE,NONE,32080,0,P,P,0.00,released,RELEASED
2026-05-18 19:10:54.303,1283.7580,,slider,0,0,0.00,1.54,-17.20,AVAILABLE,NONE,32090,0,P,P,0.00,released,RELEASED
2026-05-18 19:10:54.703,1284.1580,,slider,0,0,0.00,3.23,-17.20,AVAILABLE,NONE,32100,0,P,P,0.00,released,RELEASED
2026-05-18 19:10:55.103,1284.5581,,slider,0,0,6.48,1.99,-17.20,AVAILABLE,NONE,32110,0,P,P,0.00,released,RELEASED
2026-05-18 19:10:55.503,1284.9580,,slider,0,0,0.00,0.27,-17.20,AVAILABLE,NONE,32120,0,P,P,0.00,released,RELEASED
2026-05-18 19:10:55.903,1285.3582,,slider,0,0,0.00,2.84,-17.20,AVAILABLE,NONE,32130,0,P,P,0.00,released,RELEASED
2026-05-18 19:10:56.303,1285.7581,,slider,0,0,0.00,2.55,-17.20,AVAILABLE,NONE,32140,0,P,P,0.00,released,RELEASED
2026-05-18 19:10:56.703,1286.1582,,slider,0,0,6.48,3.27,-17.20,AVAILABLE,NONE,32150,0,P,P,0.00,released,RELEASED
2026-05-18 19:10:57.103,1286.5582,,slider,0,0,6.48,2.63,-17.20,AVAILABLE,NONE,32160,0,P,P,0.00,released,RELEASED
2026-05-18 19:10:57.503,1286.9582,,slider,0,0,0.00,1.38,-17.20,AVAILABLE,NONE,32170,0,P,P,0.00,released,RELEASED
2026-05-18 19:10:57.903,1287.3584,,slider,0,0,6.48,3.09,-17.20,AVAILABLE,NONE,32180,0,P,P,0.00,released,RELEASED
2026-05-18 19:10:58.303,1287.7584,,slider,0,0,0.00,3.28,-17.20,AVAILABLE,NONE,32190,0,P,P,0.00,released,RELEASED
2026-05-18 19:10:58.704,1288.1584,,slider,0,0,0.00,1.38,-17.20,AVAILABLE,NONE,32200,0,P,P,0.00,released,RELEASED
2026-05-18 19:10:59.104,1288.5583,,slider,0,0,0.00,3.28,-17.20,AVAILABLE,NONE,32210,0,P,P,0.00,released,RELEASED
2026-05-18 19:10:59.504,1288.9583,,slider,0,0,0.00,2.08,-17.20,AVAILABLE,NONE,32220,0,P,P,0.00,released,RELEASED
2026-05-18 19:10:59.904,1289.3585,,slider,0,0,6.48,0.90,-17.20,AVAILABLE,NONE,32230,0,P,P,0.00,released,RELEASED
2026-05-18 19:11:00.304,1289.7583,,slider,0,0,6.48,4.04,-17.20,AVAILABLE,NONE,32240,0,P,P,0.00,released,RELEASED
2026-05-18 19:11:00.704,1290.1584,,slider,0,0,0.00,4.34,-17.20,AVAILABLE,NONE,32250,0,P,P,0.00,released,RELEASED
2026-05-18 19:11:01.104,1290.5584,,slider,0,0,6.48,2.04,-17.20,AVAILABLE,NONE,32260,0,P,P,0.00,released,RELEASED
2026-05-18 19:11:01.504,1290.9585,,slider,0,0,0.00,1.70,-17.20,AVAILABLE,NONE,32270,0,P,P,0.00,released,RELEASED
2026-05-18 19:11:01.904,1291.3585,,slider,0,0,0.00,2.94,-17.20,AVAILABLE,NONE,32280,0,P,P,0.00,released,RELEASED
2026-05-18 19:11:02.304,1291.7587,,slider,0,0,0.00,2.93,-17.20,AVAILABLE,NONE,32290,0,P,P,0.00,released,RELEASED
2026-05-18 19:11:02.704,1292.1586,,slider,0,0,0.00,2.71,-17.20,AVAILABLE,NONE,32300,0,P,P,0.00,released,RELEASED
2026-05-18 19:11:03.104,1292.5586,,slider,0,0,0.00,3.80,-17.20,AVAILABLE,NONE,32310,0,P,P,0.00,released,RELEASED
2026-05-18 19:11:03.504,1292.9586,,slider,0,0,0.00,2.75,-17.20,AVAILABLE,NONE,32320,0,P,P,0.00,released,RELEASED
2026-05-18 19:11:03.904,1293.3586,,slider,0,0,6.48,0.82,-17.20,AVAILABLE,NONE,32330,0,P,P,0.00,released,RELEASED
2026-05-18 19:11:04.304,1293.7587,,slider,0,0,0.00,0.57,-17.20,AVAILABLE,NONE,32340,0,P,P,0.00,released,RELEASED
2026-05-18 19:11:04.705,1294.1587,,slider,0,0,0.00,4.29,-17.20,AVAILABLE,NONE,32350,0,P,P,0.00,released,RELEASED
2026-05-18 19:11:05.105,1294.5587,,slider,0,0,0.00,2.93,-17.20,AVAILABLE,NONE,32360,0,P,P,0.00,released,RELEASED
2026-05-18 19:11:05.505,1294.9588,,slider,0,0,6.48,1.75,-17.20,AVAILABLE,NONE,32370,0,P,P,0.00,released,RELEASED
2026-05-18 19:11:05.905,1295.3589,,slider,0,0,0.00,3.98,-17.20,AVAILABLE,NONE,32380,0,P,P,0.00,released,RELEASED
2026-05-18 19:11:06.305,1295.7590,,slider,0,0,0.00,0.92,-17.20,AVAILABLE,NONE,32390,0,P,P,0.00,released,RELEASED
2026-05-18 19:11:06.705,1296.1590,,slider,0,0,0.00,2.54,-17.20,AVAILABLE,NONE,32400,0,P,P,0.00,released,RELEASED
2026-05-18 19:11:07.105,1296.5590,,slider,0,0,6.48,3.65,-17.20,AVAILABLE,NONE,32410,0,P,P,0.00,released,RELEASED
2026-05-18 19:11:07.505,1296.9590,,slider,0,0,0.00,3.20,-17.20,AVAILABLE,NONE,32420,0,P,P,0.00,released,RELEASED
2026-05-18 19:11:07.905,1297.3590,,slider,0,0,6.48,3.54,-17.20,AVAILABLE,NONE,32430,0,P,P,0.00,released,RELEASED
2026-05-18 19:11:08.305,1297.7590,,slider,0,0,6.48,3.79,-17.20,AVAILABLE,NONE,32440,0,P,P,0.00,released,RELEASED
2026-05-18 19:11:08.705,1298.1590,,slider,0,0,6.48,0.80,-17.20,AVAILABLE,NONE,32450,0,P,P,0.00,released,RELEASED
2026-05-18 19:11:09.106,1298.5592,,slider,0,0,0.00,3.54,-17.20,AVAILABLE,NONE,32460,0,P,P,0.00,released,RELEASED
2026-05-18 19:11:09.505,1298.9591,,slider,0,0,0.00,1.99,-17.20,AVAILABLE,NONE,32470,0,P,P,0.00,released,RELEASED
2026-05-18 19:11:09.906,1299.3592,,slider,0,0,6.48,2.16,-17.20,AVAILABLE,NONE,32480,0,P,P,0.00,released,RELEASED
2026-05-18 19:11:10.306,1299.7592,,slider,0,0,0.00,4.56,-17.20,AVAILABLE,NONE,32490,0,P,P,0.00,released,RELEASED
2026-05-18 19:11:10.706,1300.1592,,slider,0,0,0.00,2.85,-17.20,AVAILABLE,NONE,32500,0,P,P,0.00,released,RELEASED
2026-05-18 19:11:11.106,1300.5593,,slider,0,0,0.00,2.48,-17.20,AVAILABLE,NONE,32510,0,P,P,0.00,released,RELEASED
2026-05-18 19:11:11.506,1300.9593,,slider,0,0,0.00,1.32,-17.20,AVAILABLE,NONE,32520,0,P,P,0.00,released,RELEASED
2026-05-18 19:11:11.906,1301.3593,,slider,0,0,0.00,1.32,-17.20,AVAILABLE,NONE,32530,0,P,P,0.00,released,RELEASED
2026-05-18 19:11:12.306,1301.7593,,slider,0,0,0.00,3.52,-17.20,AVAILABLE,NONE,32540,0,P,P,0.00,released,RELEASED
2026-05-18 19:11:12.706,1302.1593,,slider,0,0,6.48,3.90,-17.20,AVAILABLE,NONE,32550,0,P,P,0.00,released,RELEASED
2026-05-18 19:11:13.106,1302.5595,,slider,0,0,0.00,3.86,-17.20,AVAILABLE,NONE,32560,0,P,P,0.00,released,RELEASED
2026-05-18 19:11:13.506,1302.9594,,slider,0,0,0.00,4.35,-17.20,AVAILABLE,NONE,32570,0,P,P,0.00,released,RELEASED
2026-05-18 19:11:13.906,1303.3594,,slider,0,0,0.00,1.43,-17.20,AVAILABLE,NONE,32580,0,P,P,0.00,released,RELEASED
2026-05-18 19:11:14.306,1303.7594,,slider,0,0,0.00,3.85,-17.20,AVAILABLE,NONE,32590,0,P,P,0.00,released,RELEASED
2026-05-18 19:11:14.706,1304.1595,,slider,0,0,6.48,3.52,-17.20,AVAILABLE,NONE,32600,0,P,P,0.00,released,RELEASED
2026-05-18 19:11:15.106,1304.5596,,slider,0,0,6.48,1.95,-17.20,AVAILABLE,NONE,32610,0,P,P,0.00,released,RELEASED
2026-05-18 19:11:15.507,1304.9595,,slider,0,0,0.00,3.61,-17.20,AVAILABLE,NONE,32620,0,P,P,0.00,released,RELEASED
2026-05-18 19:11:15.907,1305.3595,,slider,0,0,0.00,3.07,-17.20,AVAILABLE,NONE,32630,0,P,P,0.00,released,RELEASED
2026-05-18 19:11:16.307,1305.7596,,slider,0,0,0.00,1.73,-17.20,AVAILABLE,NONE,32640,0,P,P,0.00,released,RELEASED
2026-05-18 19:11:16.707,1306.1597,,slider,0,0,0.00,3.91,-17.20,AVAILABLE,NONE,32650,0,P,P,0.00,released,RELEASED
2026-05-18 19:11:17.107,1306.5598,,slider,0,0,0.00,1.92,-17.20,AVAILABLE,NONE,32660,0,P,P,0.00,released,RELEASED
2026-05-18 19:11:17.507,1306.9597,,slider,0,0,0.00,1.47,-17.20,AVAILABLE,NONE,32670,0,P,P,0.00,released,RELEASED
2026-05-18 19:11:17.907,1307.3600,,slider,0,0,0.00,2.50,-17.20,AVAILABLE,NONE,32680,0,P,P,0.00,released,RELEASED
2026-05-18 19:11:18.307,1307.7599,,slider,0,0,0.00,3.36,-17.20,AVAILABLE,NONE,32690,0,P,P,0.00,released,RELEASED
2026-05-18 19:11:18.707,1308.1599,,slider,0,0,0.00,2.88,-17.20,AVAILABLE,NONE,32700,0,P,P,0.00,released,RELEASED
2026-05-18 19:11:19.107,1308.5600,,slider,0,0,6.48,2.89,-17.20,AVAILABLE,NONE,32710,0,P,P,0.00,released,RELEASED
2026-05-18 19:11:19.507,1308.9600,,slider,0,0,0.00,2.87,-17.20,AVAILABLE,NONE,32720,0,P,P,0.00,released,RELEASED
2026-05-18 19:11:19.907,1309.3600,,slider,0,0,0.00,3.91,-17.20,AVAILABLE,NONE,32730,0,P,P,0.00,released,RELEASED
2026-05-18 19:11:20.308,1309.7600,,slider,0,0,6.48,4.43,-17.20,AVAILABLE,NONE,32740,0,P,P,0.00,released,RELEASED
2026-05-18 19:11:20.708,1310.1601,,slider,0,0,6.48,1.07,-17.20,AVAILABLE,NONE,32750,0,P,P,0.00,released,RELEASED
2026-05-18 19:11:21.108,1310.5602,,slider,0,0,6.48,3.69,-17.20,AVAILABLE,NONE,32760,0,P,P,0.00,released,RELEASED
2026-05-18 19:11:21.508,1310.9603,,slider,0,0,0.00,2.83,-17.20,AVAILABLE,NONE,32770,0,P,P,0.00,released,RELEASED
2026-05-18 19:11:21.908,1311.3602,,slider,0,0,6.48,5.03,-17.20,AVAILABLE,NONE,32780,0,P,P,0.00,released,RELEASED
2026-05-18 19:11:22.308,1311.7602,,slider,0,0,6.48,4.32,-17.20,AVAILABLE,NONE,32790,0,P,P,0.00,released,RELEASED
2026-05-18 19:11:22.708,1312.1602,,slider,0,0,0.00,1.13,-17.20,AVAILABLE,NONE,32800,0,P,P,0.00,released,RELEASED
2026-05-18 19:11:23.108,1312.5603,,slider,0,0,0.00,3.25,-17.20,AVAILABLE,NONE,32810,0,P,P,0.00,released,RELEASED
2026-05-18 19:11:23.508,1312.9604,,slider,0,0,6.48,1.56,-17.20,AVAILABLE,NONE,32820,0,P,P,0.00,released,RELEASED
2026-05-18 19:11:23.908,1313.3603,,slider,0,0,0.00,3.13,-17.20,AVAILABLE,NONE,32830,0,P,P,0.00,released,RELEASED
2026-05-18 19:11:24.308,1313.7604,,slider,0,0,0.00,2.49,-17.20,AVAILABLE,NONE,32840,0,P,P,0.00,released,RELEASED
2026-05-18 19:11:24.708,1314.1604,,slider,0,0,0.00,2.29,-17.20,AVAILABLE,NONE,32850,0,P,P,0.00,released,RELEASED
2026-05-18 19:11:25.108,1314.5604,,slider,0,0,6.48,2.46,-17.20,AVAILABLE,NONE,32860,0,P,P,0.00,released,RELEASED
2026-05-18 19:11:25.509,1314.9605,,slider,0,0,6.48,3.44,-17.20,AVAILABLE,NONE,32870,0,P,P,0.00,released,RELEASED
2026-05-18 19:11:25.909,1315.3605,,slider,0,0,0.00,1.75,-17.20,AVAILABLE,NONE,32880,0,P,P,0.00,released,RELEASED
2026-05-18 19:11:26.309,1315.7606,,slider,0,0,6.48,3.73,-17.20,AVAILABLE,NONE,32890,0,P,P,0.00,released,RELEASED
2026-05-18 19:11:26.709,1316.1606,,slider,0,0,0.00,3.10,-17.20,AVAILABLE,NONE,32900,0,P,P,0.00,released,RELEASED
2026-05-18 19:11:27.109,1316.5606,,slider,0,0,0.00,3.37,-17.20,AVAILABLE,NONE,32910,0,P,P,0.00,released,RELEASED
2026-05-18 19:11:27.509,1316.9606,,slider,0,0,0.00,2.58,-17.20,AVAILABLE,NONE,32920,0,P,P,0.00,released,RELEASED
2026-05-18 19:11:27.909,1317.3607,,slider,0,0,6.48,2.32,-17.20,AVAILABLE,NONE,32930,0,P,P,0.00,released,RELEASED
2026-05-18 19:11:28.309,1317.7607,,slider,0,0,0.00,1.80,-17.20,AVAILABLE,NONE,32940,0,P,P,0.00,released,RELEASED
2026-05-18 19:11:28.709,1318.1608,,slider,0,0,0.00,1.10,-17.20,AVAILABLE,NONE,32950,0,P,P,0.00,released,RELEASED
2026-05-18 19:11:29.109,1318.5608,,slider,0,0,0.00,1.26,-17.20,AVAILABLE,NONE,32960,0,P,P,0.00,released,RELEASED
2026-05-18 19:11:29.509,1318.9608,,slider,0,0,0.00,2.80,-17.20,AVAILABLE,NONE,32970,0,P,P,0.00,released,RELEASED
2026-05-18 19:11:29.909,1319.3608,,slider,0,0,6.48,4.94,-17.20,AVAILABLE,NONE,32980,0,P,P,0.00,released,RELEASED
2026-05-18 19:11:30.309,1319.7609,,slider,0,0,0.00,1.62,-17.20,AVAILABLE,NONE,32990,0,P,P,0.00,released,RELEASED
2026-05-18 19:11:30.710,1320.1610,,slider,0,0,6.48,3.76,-17.20,AVAILABLE,NONE,33000,0,P,P,0.00,released,RELEASED
2026-05-18 19:11:31.110,1320.5609,,slider,0,0,6.48,2.10,-17.20,AVAILABLE,NONE,33010,0,P,P,0.00,released,RELEASED
2026-05-18 19:11:31.510,1320.9609,,slider,0,0,0.00,0.31,-17.20,AVAILABLE,NONE,33020,0,P,P,0.00,released,RELEASED
2026-05-18 19:11:31.910,1321.3610,,slider,0,0,0.00,3.84,-17.20,AVAILABLE,NONE,33030,0,P,P,0.00,released,RELEASED
2026-05-18 19:11:32.310,1321.7610,,slider,0,0,0.00,3.49,-17.20,AVAILABLE,NONE,33040,0,P,P,0.00,released,RELEASED
2026-05-18 19:11:32.710,1322.1611,,slider,0,0,6.48,3.88,-17.20,AVAILABLE,NONE,33050,0,P,P,0.00,released,RELEASED
2026-05-18 19:11:33.110,1322.5610,,slider,0,0,0.00,4.57,-17.20,AVAILABLE,NONE,33060,0,P,P,0.00,released,RELEASED
2026-05-18 19:11:33.510,1322.9611,,slider,0,0,0.00,2.72,-17.20,AVAILABLE,NONE,33070,0,P,P,0.00,released,RELEASED
2026-05-18 19:11:33.910,1323.3612,,slider,0,0,0.00,2.11,-17.20,AVAILABLE,NONE,33080,0,P,P,0.00,released,RELEASED
2026-05-18 19:11:34.310,1323.7611,,slider,0,0,0.00,2.94,-17.20,AVAILABLE,NONE,33090,0,P,P,0.00,released,RELEASED
2026-05-18 19:11:34.710,1324.1612,,slider,0,0,0.00,1.75,-17.20,AVAILABLE,NONE,33100,0,P,P,0.00,released,RELEASED
2026-05-18 19:11:35.110,1324.5613,,slider,0,0,6.48,3.71,-17.20,AVAILABLE,NONE,33110,0,P,P,0.00,released,RELEASED
2026-05-18 19:11:35.510,1324.9612,,slider,0,0,0.00,2.28,-17.20,AVAILABLE,NONE,33120,0,P,P,0.00,released,RELEASED
2026-05-18 19:11:35.911,1325.3613,,slider,0,0,0.00,3.22,-17.20,AVAILABLE,NONE,33130,0,P,P,0.00,released,RELEASED
2026-05-18 19:11:36.311,1325.7613,,slider,0,0,0.00,3.62,-17.20,AVAILABLE,NONE,33140,0,P,P,0.00,released,RELEASED
2026-05-18 19:11:36.711,1326.1613,,slider,0,0,0.00,1.43,-17.20,AVAILABLE,NONE,33150,0,P,P,0.00,released,RELEASED
2026-05-18 19:11:37.111,1326.5615,,slider,0,0,6.48,4.05,-17.20,AVAILABLE,NONE,33160,0,P,P,0.00,released,RELEASED
2026-05-18 19:11:37.511,1326.9615,,slider,0,0,0.00,3.19,-17.20,AVAILABLE,NONE,33170,0,P,P,0.00,released,RELEASED
2026-05-18 19:11:37.911,1327.3615,,slider,0,0,6.48,2.04,-17.20,AVAILABLE,NONE,33180,0,P,P,0.00,released,RELEASED
2026-05-18 19:11:38.311,1327.7615,,slider,0,0,6.48,3.61,-17.20,AVAILABLE,NONE,33190,0,P,P,0.00,released,RELEASED
2026-05-18 19:11:38.711,1328.1615,,slider,0,0,6.48,2.97,-17.20,AVAILABLE,NONE,33200,0,P,P,0.00,released,RELEASED
2026-05-18 19:11:39.111,1328.5615,,slider,0,0,0.00,1.30,-17.20,AVAILABLE,NONE,33210,0,P,P,0.00,released,RELEASED
2026-05-18 19:11:39.511,1328.9615,,slider,0,0,0.00,4.69,-17.20,AVAILABLE,NONE,33220,0,P,P,0.00,released,RELEASED
2026-05-18 19:11:39.911,1329.3617,,slider,0,0,0.00,2.39,-17.20,AVAILABLE,NONE,33230,0,P,P,0.00,released,RELEASED
2026-05-18 19:11:40.311,1329.7616,,slider,0,0,0.00,2.83,-17.20,AVAILABLE,NONE,33240,0,P,P,0.00,released,RELEASED
2026-05-18 19:11:40.711,1330.1615,,slider,0,0,6.48,2.59,-17.20,AVAILABLE,NONE,33250,0,P,P,0.00,released,RELEASED
2026-05-18 19:11:41.111,1330.5616,,slider,0,0,6.48,1.81,-17.20,AVAILABLE,NONE,33260,0,P,P,0.00,released,RELEASED
2026-05-18 19:11:41.511,1330.9617,,slider,0,0,6.48,2.26,-17.20,AVAILABLE,NONE,33270,0,P,P,0.00,released,RELEASED
2026-05-18 19:11:41.912,1331.3617,,slider,0,0,6.48,2.16,-17.20,AVAILABLE,NONE,33280,0,P,P,0.00,released,RELEASED
2026-05-18 19:11:42.312,1331.7617,,slider,0,0,0.00,2.13,-17.20,AVAILABLE,NONE,33290,0,P,P,0.00,released,RELEASED
2026-05-18 19:11:42.712,1332.1617,,slider,0,0,0.00,2.90,-17.20,AVAILABLE,NONE,33300,0,P,P,0.00,released,RELEASED
2026-05-18 19:11:43.112,1332.5618,,slider,0,0,0.00,2.07,-17.20,AVAILABLE,NONE,33310,0,P,P,0.00,released,RELEASED
2026-05-18 19:11:43.512,1332.9618,,slider,0,0,0.00,2.30,-17.20,AVAILABLE,NONE,33320,0,P,P,0.00,released,RELEASED
2026-05-18 19:11:43.912,1333.3618,,slider,0,0,6.48,2.98,-17.20,AVAILABLE,NONE,33330,0,P,P,0.00,released,RELEASED
2026-05-18 19:11:44.312,1333.7618,,slider,0,0,0.00,2.72,-17.20,AVAILABLE,NONE,33340,0,P,P,0.00,released,RELEASED
2026-05-18 19:11:44.712,1334.1619,,slider,0,0,0.00,1.70,-17.20,AVAILABLE,NONE,33350,0,P,P,0.00,released,RELEASED
2026-05-18 19:11:45.112,1334.5618,,slider,0,0,6.48,4.66,-17.20,AVAILABLE,NONE,33360,0,P,P,0.00,released,RELEASED
2026-05-18 19:11:45.512,1334.9618,,slider,0,0,0.00,2.37,-17.20,AVAILABLE,NONE,33370,0,P,P,0.00,released,RELEASED
2026-05-18 19:11:45.912,1335.3618,,slider,0,0,0.00,2.06,-17.20,AVAILABLE,NONE,33380,0,P,P,0.00,released,RELEASED
2026-05-18 19:11:46.312,1335.7619,,slider,0,0,0.00,1.68,-17.20,AVAILABLE,NONE,33390,0,P,P,0.00,released,RELEASED
2026-05-18 19:11:46.712,1336.1619,,slider,0,0,6.48,1.98,-17.20,AVAILABLE,NONE,33400,0,P,P,0.00,released,RELEASED
2026-05-18 19:11:47.113,1336.5623,,slider,0,0,6.48,3.14,-17.20,AVAILABLE,NONE,33410,0,P,P,0.00,released,RELEASED
2026-05-18 19:11:47.512,1336.9620,,slider,0,0,0.00,4.71,-17.20,AVAILABLE,NONE,33420,0,P,P,0.00,released,RELEASED
2026-05-18 19:11:47.912,1337.3620,,slider,0,0,0.00,3.11,-17.20,AVAILABLE,NONE,33430,0,P,P,0.00,released,RELEASED
2026-05-18 19:11:48.313,1337.7621,,slider,0,0,0.00,3.30,-17.20,AVAILABLE,NONE,33440,0,P,P,0.00,released,RELEASED
2026-05-18 19:11:48.713,1338.1621,,slider,0,0,0.00,1.09,-17.20,AVAILABLE,NONE,33450,0,P,P,0.00,released,RELEASED
2026-05-18 19:11:49.113,1338.5621,,slider,0,0,6.48,2.32,-17.20,AVAILABLE,NONE,33460,0,P,P,0.00,released,RELEASED
2026-05-18 19:11:49.513,1338.9622,,slider,0,0,6.48,1.67,-17.20,AVAILABLE,NONE,33470,0,P,P,0.00,released,RELEASED
2026-05-18 19:11:49.913,1339.3622,,slider,0,0,0.00,1.02,-17.20,AVAILABLE,NONE,33480,0,P,P,0.00,released,RELEASED
2026-05-18 19:11:50.313,1339.7622,,slider,0,0,0.00,3.32,-17.20,AVAILABLE,NONE,33490,0,P,P,0.00,released,RELEASED
2026-05-18 19:11:50.713,1340.1623,,slider,0,0,6.48,2.21,-17.20,AVAILABLE,NONE,33500,0,P,P,0.00,released,RELEASED
2026-05-18 19:11:51.113,1340.5623,,slider,0,0,0.00,0.60,-17.20,AVAILABLE,NONE,33510,0,P,P,0.00,released,RELEASED
2026-05-18 19:11:51.513,1340.9622,,slider,0,0,6.48,3.89,-17.20,AVAILABLE,NONE,33520,0,P,P,0.00,released,RELEASED
2026-05-18 19:11:51.913,1341.3624,,slider,0,0,0.00,2.03,-17.20,AVAILABLE,NONE,33530,0,P,P,0.00,released,RELEASED
2026-05-18 19:11:52.313,1341.7624,,slider,0,0,0.00,3.95,-17.20,AVAILABLE,NONE,33540,0,P,P,0.00,released,RELEASED
2026-05-18 19:11:52.713,1342.1625,,slider,0,0,0.00,1.30,-17.20,AVAILABLE,NONE,33550,0,P,P,0.00,released,RELEASED
2026-05-18 19:11:53.114,1342.5625,,slider,0,0,6.48,3.06,-17.20,AVAILABLE,NONE,33560,0,P,P,0.00,released,RELEASED
2026-05-18 19:11:53.514,1342.9625,,slider,0,0,6.48,3.45,-17.20,AVAILABLE,NONE,33570,0,P,P,0.00,released,RELEASED
2026-05-18 19:11:53.914,1343.3626,,slider,0,0,0.00,5.45,-17.20,AVAILABLE,NONE,33580,0,P,P,0.00,released,RELEASED
2026-05-18 19:11:54.314,1343.7626,,slider,0,0,0.00,1.31,-17.20,AVAILABLE,NONE,33590,0,P,P,0.00,released,RELEASED
2026-05-18 19:11:54.714,1344.1626,,slider,0,0,0.00,2.62,-17.20,AVAILABLE,NONE,33600,0,P,P,0.00,released,RELEASED
2026-05-18 19:11:55.114,1344.5627,,slider,0,0,6.48,3.87,-17.20,AVAILABLE,NONE,33610,0,P,P,0.00,released,RELEASED
2026-05-18 19:11:55.514,1344.9627,,slider,0,0,6.48,1.60,-17.20,AVAILABLE,NONE,33620,0,P,P,0.00,released,RELEASED
2026-05-18 19:11:55.914,1345.3628,,slider,0,0,0.00,3.63,-17.20,AVAILABLE,NONE,33630,0,P,P,0.00,released,RELEASED
2026-05-18 19:11:56.314,1345.7629,,slider,0,0,0.00,1.55,-17.20,AVAILABLE,NONE,33640,0,P,P,0.00,released,RELEASED
2026-05-18 19:11:56.714,1346.1629,,slider,0,0,0.00,1.88,-17.20,AVAILABLE,NONE,33650,0,P,P,0.00,released,RELEASED
2026-05-18 19:11:57.114,1346.5630,,slider,0,0,0.00,1.84,-17.20,AVAILABLE,NONE,33660,0,P,P,0.00,released,RELEASED
2026-05-18 19:11:57.515,1346.9631,,slider,0,0,0.00,2.04,-17.20,AVAILABLE,NONE,33670,0,P,P,0.00,released,RELEASED
2026-05-18 19:11:57.915,1347.3630,,slider,0,0,6.48,2.18,-17.20,AVAILABLE,NONE,33680,0,P,P,0.00,released,RELEASED
2026-05-18 19:11:58.315,1347.7632,,slider,0,0,6.48,2.03,-17.20,AVAILABLE,NONE,33690,0,P,P,0.00,released,RELEASED
2026-05-18 19:11:58.715,1348.1631,,slider,0,0,6.48,4.92,-17.20,AVAILABLE,NONE,33700,0,P,P,0.00,released,RELEASED
2026-05-18 19:11:59.115,1348.5631,,slider,0,0,0.00,2.50,-17.20,AVAILABLE,NONE,33710,0,P,P,0.00,released,RELEASED
2026-05-18 19:11:59.515,1348.9631,,slider,0,0,0.00,3.13,-17.20,AVAILABLE,NONE,33720,0,P,P,0.00,released,RELEASED
2026-05-18 19:11:59.915,1349.3631,,slider,0,0,0.00,1.51,-17.20,AVAILABLE,NONE,33730,0,P,P,0.00,released,RELEASED
2026-05-18 19:12:00.315,1349.7631,,slider,0,0,0.00,3.25,-17.20,AVAILABLE,NONE,33740,0,P,P,0.00,released,RELEASED
2026-05-18 19:12:00.715,1350.1631,,slider,0,0,6.48,1.62,-17.20,AVAILABLE,NONE,33750,0,P,P,0.00,released,RELEASED
2026-05-18 19:12:01.115,1350.5632,,slider,0,0,0.00,3.11,-17.20,AVAILABLE,NONE,33760,0,P,P,0.00,released,RELEASED
2026-05-18 19:12:01.515,1350.9633,,slider,0,0,0.00,3.74,-17.20,AVAILABLE,NONE,33770,0,P,P,0.00,released,RELEASED
2026-05-18 19:12:01.915,1351.3632,,slider,0,0,6.48,1.78,-17.20,AVAILABLE,NONE,33780,0,P,P,0.00,released,RELEASED
2026-05-18 19:12:02.315,1351.7633,,slider,0,0,0.00,3.28,-17.20,AVAILABLE,NONE,33790,0,P,P,0.00,released,RELEASED
2026-05-18 19:12:02.715,1352.1633,,slider,0,0,6.48,4.52,-17.20,AVAILABLE,NONE,33800,0,P,P,0.00,released,RELEASED
2026-05-18 19:12:03.115,1352.5634,,slider,0,0,6.48,1.75,-17.20,AVAILABLE,NONE,33810,0,P,P,0.00,released,RELEASED
2026-05-18 19:12:03.516,1352.9636,,slider,0,0,0.00,3.25,-17.20,AVAILABLE,NONE,33820,0,P,P,0.00,released,RELEASED
2026-05-18 19:12:03.916,1353.3635,,slider,0,0,0.00,1.18,-17.20,AVAILABLE,NONE,33830,0,P,P,0.00,released,RELEASED
2026-05-18 19:12:04.316,1353.7636,,slider,0,0,6.48,3.86,-17.20,AVAILABLE,NONE,33840,0,P,P,0.00,released,RELEASED
2026-05-18 19:12:04.716,1354.1637,,slider,0,0,0.00,4.20,-17.20,AVAILABLE,NONE,33850,0,P,P,0.00,released,RELEASED
2026-05-18 19:12:05.116,1354.5638,,slider,0,0,0.00,0.89,-17.20,AVAILABLE,NONE,33860,0,P,P,0.00,released,RELEASED
2026-05-18 19:12:05.516,1354.9638,,slider,0,0,0.00,1.41,-17.20,AVAILABLE,NONE,33870,0,P,P,0.00,released,RELEASED
2026-05-18 19:12:05.916,1355.3637,,slider,0,0,6.48,3.27,-17.20,AVAILABLE,NONE,33880,0,P,P,0.00,released,RELEASED
2026-05-18 19:12:06.316,1355.7638,,slider,0,0,0.00,2.84,-17.20,AVAILABLE,NONE,33890,0,P,P,0.00,released,RELEASED
2026-05-18 19:12:06.716,1356.1639,,slider,0,0,0.00,1.83,-17.20,AVAILABLE,NONE,33900,0,P,P,0.00,released,RELEASED
2026-05-18 19:12:07.116,1356.5639,,slider,0,0,0.00,1.20,-17.20,AVAILABLE,NONE,33910,0,P,P,0.00,released,RELEASED
2026-05-18 19:12:07.516,1356.9639,,slider,0,0,0.00,1.68,-17.20,AVAILABLE,NONE,33920,0,P,P,0.00,released,RELEASED
2026-05-18 19:12:07.917,1357.3639,,slider,0,0,6.48,2.27,-17.20,AVAILABLE,NONE,33930,0,P,P,0.00,released,RELEASED
2026-05-18 19:12:08.317,1357.7640,,slider,0,0,6.48,3.49,-17.20,AVAILABLE,NONE,33940,0,P,P,0.00,released,RELEASED
2026-05-18 19:12:08.717,1358.1641,,slider,0,0,6.48,4.40,-17.20,AVAILABLE,NONE,33950,0,P,P,0.00,released,RELEASED
2026-05-18 19:12:09.117,1358.5641,,slider,0,0,0.00,3.90,-17.20,AVAILABLE,NONE,33960,0,P,P,0.00,released,RELEASED
2026-05-18 19:12:09.517,1358.9640,,slider,0,0,0.00,0.79,-17.20,AVAILABLE,NONE,33970,0,P,P,0.00,released,RELEASED
2026-05-18 19:12:09.917,1359.3642,,slider,0,0,6.48,2.22,-17.20,AVAILABLE,NONE,33980,0,P,P,0.00,released,RELEASED
2026-05-18 19:12:10.298,1359.7448,,slider,0,0,6.48,4.27,-17.20,AVAILABLE,NONE,33990,0,P,P,0.00,released,RELEASED
2026-05-18 19:12:10.698,1360.1448,,slider,0,0,0.00,1.82,-17.20,AVAILABLE,NONE,34000,0,P,P,0.00,released,RELEASED
2026-05-18 19:12:11.117,1360.5642,,slider,0,0,6.48,3.69,-17.20,AVAILABLE,NONE,34010,0,P,P,0.00,released,RELEASED
2026-05-18 19:12:11.498,1360.9451,,slider,0,0,0.00,4.05,-17.20,AVAILABLE,NONE,34020,0,P,P,0.00,released,RELEASED
2026-05-18 19:12:11.898,1361.3448,,slider,0,0,6.48,1.28,-17.20,AVAILABLE,NONE,34030,0,P,P,0.00,released,RELEASED
2026-05-18 19:12:12.298,1361.7448,,slider,0,0,6.48,1.90,-17.20,AVAILABLE,NONE,34040,0,P,P,0.00,released,RELEASED
2026-05-18 19:12:12.698,1362.1451,,slider,0,0,0.00,3.23,-17.20,AVAILABLE,NONE,34050,0,P,P,0.00,released,RELEASED
2026-05-18 19:12:13.098,1362.5449,,slider,0,0,0.00,2.88,-17.20,AVAILABLE,NONE,34060,0,P,P,0.00,released,RELEASED
2026-05-18 19:12:13.499,1362.9455,,slider,0,0,0.00,4.68,-17.20,AVAILABLE,NONE,34070,0,P,P,0.00,released,RELEASED
2026-05-18 19:12:13.898,1363.3449,,slider,0,0,0.00,0.23,-17.20,AVAILABLE,NONE,34080,0,P,P,0.00,released,RELEASED
2026-05-18 19:12:14.298,1363.7450,,slider,0,0,0.00,1.88,-17.20,AVAILABLE,NONE,34090,0,P,P,0.00,released,RELEASED
2026-05-18 19:12:14.698,1364.1451,,slider,0,0,6.48,4.70,-17.20,AVAILABLE,NONE,34100,0,P,P,0.00,released,RELEASED
2026-05-18 19:12:15.098,1364.5450,,slider,0,0,0.00,2.01,-17.20,AVAILABLE,NONE,34110,0,P,P,0.00,released,RELEASED
2026-05-18 19:12:15.498,1364.9450,,slider,0,0,0.00,1.93,-17.20,AVAILABLE,NONE,34120,0,P,P,0.00,released,RELEASED
2026-05-18 19:12:15.899,1365.3451,,slider,0,0,0.00,2.63,-17.20,AVAILABLE,NONE,34130,0,P,P,0.00,released,RELEASED
2026-05-18 19:12:16.299,1365.7452,,slider,0,0,0.00,1.82,-17.20,AVAILABLE,NONE,34140,0,P,P,0.00,released,RELEASED
2026-05-18 19:12:16.699,1366.1452,,slider,0,0,0.00,2.66,-17.20,AVAILABLE,NONE,34150,0,P,P,0.00,released,RELEASED
2026-05-18 19:12:17.099,1366.5452,,slider,0,0,6.48,1.86,-17.20,AVAILABLE,NONE,34160,0,P,P,0.00,released,RELEASED
2026-05-18 19:12:17.499,1366.9453,,slider,0,0,0.00,3.15,-17.20,AVAILABLE,NONE,34170,0,P,P,0.00,released,RELEASED
2026-05-18 19:12:17.899,1367.3454,,slider,0,0,6.48,2.72,-17.20,AVAILABLE,NONE,34180,0,P,P,0.00,released,RELEASED
2026-05-18 19:12:18.299,1367.7454,,slider,0,0,0.00,2.43,-17.20,AVAILABLE,NONE,34190,0,P,P,0.00,released,RELEASED
2026-05-18 19:12:18.699,1368.1453,,slider,0,0,6.48,2.40,-17.20,AVAILABLE,NONE,34200,0,P,P,0.00,released,RELEASED
2026-05-18 19:12:19.099,1368.5456,,slider,0,0,6.48,1.45,-17.20,AVAILABLE,NONE,34210,0,P,P,0.00,released,RELEASED
2026-05-18 19:12:19.499,1368.9455,,slider,0,0,6.48,4.66,-17.20,AVAILABLE,NONE,34220,0,P,P,0.00,released,RELEASED
2026-05-18 19:12:19.900,1369.3457,,slider,0,0,6.48,2.51,-17.20,AVAILABLE,NONE,34230,0,P,P,0.00,released,RELEASED
2026-05-18 19:12:20.299,1369.7455,,slider,0,0,6.48,2.87,-17.20,AVAILABLE,NONE,34240,0,P,P,0.00,released,RELEASED
2026-05-18 19:12:20.700,1370.1457,,slider,0,0,6.48,3.00,-17.20,AVAILABLE,NONE,34250,0,P,P,0.00,released,RELEASED
2026-05-18 19:12:21.100,1370.5457,,slider,0,0,0.00,1.67,-17.20,AVAILABLE,NONE,34260,0,P,P,0.00,released,RELEASED
2026-05-18 19:12:21.519,1370.9652,,slider,0,0,0.00,2.81,-17.20,AVAILABLE,NONE,34270,0,P,P,0.00,released,RELEASED
2026-05-18 19:12:21.919,1371.3653,,slider,0,0,6.48,3.05,-17.20,AVAILABLE,NONE,34280,0,P,P,0.00,released,RELEASED
2026-05-18 19:12:22.301,1371.7470,,slider,0,0,6.48,3.68,-17.20,AVAILABLE,NONE,34290,0,P,P,0.00,released,RELEASED
2026-05-18 19:12:22.719,1372.1652,,slider,0,0,0.00,3.03,-17.20,AVAILABLE,NONE,34300,0,P,P,0.00,released,RELEASED
2026-05-18 19:12:23.120,1372.5654,,slider,0,0,6.48,4.06,-17.20,AVAILABLE,NONE,34310,0,P,P,0.00,released,RELEASED
2026-05-18 19:12:23.500,1372.9460,,slider,0,0,6.48,3.12,-17.20,AVAILABLE,NONE,34320,0,P,P,0.00,released,RELEASED
2026-05-18 19:12:23.920,1373.3653,,slider,0,0,0.00,1.76,-17.20,AVAILABLE,NONE,34330,0,P,P,0.00,released,RELEASED
2026-05-18 19:12:24.320,1373.7653,,slider,0,0,0.00,2.81,-17.20,AVAILABLE,NONE,34340,0,P,P,0.00,released,RELEASED
2026-05-18 19:12:24.720,1374.1654,,slider,0,0,0.00,2.45,-17.20,AVAILABLE,NONE,34350,0,P,P,0.00,released,RELEASED
2026-05-18 19:12:25.120,1374.5655,,slider,0,0,6.48,2.79,-17.20,AVAILABLE,NONE,34360,0,P,P,0.00,released,RELEASED
2026-05-18 19:12:25.520,1374.9654,,slider,0,0,0.00,3.99,-17.20,AVAILABLE,NONE,34370,0,P,P,0.00,released,RELEASED
2026-05-18 19:12:25.920,1375.3654,,slider,0,0,0.00,2.78,-17.20,AVAILABLE,NONE,34380,0,P,P,0.00,released,RELEASED
2026-05-18 19:12:26.320,1375.7655,,slider,0,0,0.00,3.67,-17.20,AVAILABLE,NONE,34390,0,P,P,0.00,released,RELEASED
2026-05-18 19:12:26.701,1376.1468,,slider,0,0,6.48,2.58,-17.20,AVAILABLE,NONE,34400,0,P,P,0.00,released,RELEASED
2026-05-18 19:12:27.101,1376.5464,,slider,0,0,6.48,2.33,-17.20,AVAILABLE,NONE,34410,0,P,P,0.00,released,RELEASED
2026-05-18 19:12:27.501,1376.9464,,slider,0,0,0.00,4.33,-17.20,AVAILABLE,NONE,34420,0,P,P,0.00,released,RELEASED
2026-05-18 19:12:27.901,1377.3463,,slider,0,0,0.00,2.64,-17.20,AVAILABLE,NONE,34430,0,P,P,0.00,released,RELEASED
2026-05-18 19:12:28.302,1377.7469,,slider,0,0,0.00,3.15,-17.20,AVAILABLE,NONE,34440,0,P,P,0.00,released,RELEASED
2026-05-18 19:12:28.701,1378.1464,,slider,0,0,0.00,3.81,-17.20,AVAILABLE,NONE,34450,0,P,P,0.00,released,RELEASED
2026-05-18 19:12:29.101,1378.5463,,slider,0,0,0.00,3.14,-17.20,AVAILABLE,NONE,34460,0,P,P,0.00,released,RELEASED
2026-05-18 19:12:29.501,1378.9464,,slider,0,0,6.48,2.81,-17.20,AVAILABLE,NONE,34470,0,P,P,0.00,released,RELEASED
2026-05-18 19:12:29.901,1379.3464,,slider,0,0,6.48,2.38,-17.20,AVAILABLE,NONE,34480,0,P,P,0.00,released,RELEASED
2026-05-18 19:12:30.301,1379.7464,,slider,0,0,0.00,0.58,-17.20,AVAILABLE,NONE,34490,0,P,P,0.00,released,RELEASED
2026-05-18 19:12:30.702,1380.1465,,slider,0,0,6.48,3.63,-17.20,AVAILABLE,NONE,34500,0,P,P,0.00,released,RELEASED
2026-05-18 19:12:31.102,1380.5466,,slider,0,0,6.48,3.39,-17.20,AVAILABLE,NONE,34510,0,P,P,0.00,released,RELEASED
2026-05-18 19:12:31.501,1380.9463,,slider,0,0,0.00,1.73,-17.20,AVAILABLE,NONE,34520,0,P,P,0.00,released,RELEASED
2026-05-18 19:12:31.902,1381.3465,,slider,0,0,0.00,3.31,-17.20,AVAILABLE,NONE,34530,0,P,P,0.00,released,RELEASED
2026-05-18 19:12:32.302,1381.7464,,slider,0,0,6.48,2.69,-17.20,AVAILABLE,NONE,34540,0,P,P,0.00,released,RELEASED
2026-05-18 19:12:32.702,1382.1464,,slider,0,0,0.00,1.45,-17.20,AVAILABLE,NONE,34550,0,P,P,0.00,released,RELEASED
2026-05-18 19:12:33.102,1382.5465,,slider,0,0,0.00,1.60,-17.20,AVAILABLE,NONE,34560,0,P,P,0.00,released,RELEASED
2026-05-18 19:12:33.502,1382.9465,,slider,0,0,6.48,2.18,-17.20,AVAILABLE,NONE,34570,0,P,P,0.00,released,RELEASED
2026-05-18 19:12:33.902,1383.3465,,slider,0,0,6.48,1.40,-17.20,AVAILABLE,NONE,34580,0,P,P,0.00,released,RELEASED
2026-05-18 19:12:34.302,1383.7467,,slider,0,0,0.00,1.57,-17.20,AVAILABLE,NONE,34590,0,P,P,0.00,released,RELEASED
2026-05-18 19:12:34.703,1384.1473,,slider,0,0,0.00,0.95,-17.20,AVAILABLE,NONE,34600,0,P,P,0.00,released,RELEASED
2026-05-18 19:12:35.102,1384.5466,,slider,0,0,6.48,2.72,-17.20,AVAILABLE,NONE,34610,0,P,P,0.00,released,RELEASED
2026-05-18 19:12:35.502,1384.9466,,slider,0,0,0.00,2.66,-17.20,AVAILABLE,NONE,34620,0,P,P,0.00,released,RELEASED
2026-05-18 19:12:35.902,1385.3467,,slider,0,0,0.00,4.19,-17.20,AVAILABLE,NONE,34630,0,P,P,0.00,released,RELEASED
2026-05-18 19:12:36.302,1385.7468,,slider,0,0,0.00,2.75,-17.20,AVAILABLE,NONE,34640,0,P,P,0.00,released,RELEASED
2026-05-18 19:12:36.702,1386.1467,,slider,0,0,0.00,3.19,-17.20,AVAILABLE,NONE,34650,0,P,P,0.00,released,RELEASED
2026-05-18 19:12:37.102,1386.5467,,slider,0,0,6.48,2.85,-17.20,AVAILABLE,NONE,34660,0,P,P,0.00,released,RELEASED
2026-05-18 19:12:37.503,1386.9468,,slider,0,0,6.48,1.78,-17.20,AVAILABLE,NONE,34670,0,P,P,0.00,released,RELEASED
2026-05-18 19:12:37.903,1387.3469,,slider,0,0,0.00,1.28,-17.20,AVAILABLE,NONE,34680,0,P,P,0.00,released,RELEASED
2026-05-18 19:12:38.303,1387.7467,,slider,0,0,6.48,1.69,-17.20,AVAILABLE,NONE,34690,0,P,P,0.00,released,RELEASED
2026-05-18 19:12:38.703,1388.1468,,slider,0,0,6.48,3.89,-17.20,AVAILABLE,NONE,34700,0,P,P,0.00,released,RELEASED
2026-05-18 19:12:39.103,1388.5468,,slider,0,0,6.48,0.80,-17.20,AVAILABLE,NONE,34710,0,P,P,0.00,released,RELEASED
2026-05-18 19:12:39.503,1388.9469,,slider,0,0,0.00,2.74,-17.20,AVAILABLE,NONE,34720,0,P,P,0.00,released,RELEASED
2026-05-18 19:12:39.903,1389.3468,,slider,0,0,0.00,1.66,-17.20,AVAILABLE,NONE,34730,0,P,P,0.00,released,RELEASED
2026-05-18 19:12:40.303,1389.7468,,slider,0,0,0.00,3.98,-17.20,AVAILABLE,NONE,34740,0,P,P,0.00,released,RELEASED
2026-05-18 19:12:40.703,1390.1469,,slider,0,0,0.00,1.85,-17.20,AVAILABLE,NONE,34750,0,P,P,0.00,released,RELEASED
2026-05-18 19:12:41.103,1390.5469,,slider,0,0,0.00,1.78,-17.20,AVAILABLE,NONE,34760,0,P,P,0.00,released,RELEASED
2026-05-18 19:12:41.503,1390.9470,,slider,0,0,0.00,2.72,-17.20,AVAILABLE,NONE,34770,0,P,P,0.00,released,RELEASED
2026-05-18 19:12:41.903,1391.3471,,slider,0,0,0.00,3.60,-17.20,AVAILABLE,NONE,34780,0,P,P,0.00,released,RELEASED
2026-05-18 19:12:42.304,1391.7472,,slider,0,0,6.48,0.63,-17.20,AVAILABLE,NONE,34790,0,P,P,0.00,released,RELEASED
2026-05-18 19:12:42.703,1392.1471,,slider,0,0,0.00,2.22,-17.20,AVAILABLE,NONE,34800,0,P,P,0.00,released,RELEASED
2026-05-18 19:12:43.103,1392.5470,,slider,0,0,0.00,1.32,-17.20,AVAILABLE,NONE,34810,0,P,P,0.00,released,RELEASED
2026-05-18 19:12:43.504,1392.9471,,slider,0,0,6.48,1.28,-17.20,AVAILABLE,NONE,34820,0,P,P,0.00,released,RELEASED
2026-05-18 19:12:43.904,1393.3472,,slider,0,0,0.00,3.76,-17.20,AVAILABLE,NONE,34830,0,P,P,0.00,released,RELEASED
2026-05-18 19:12:44.304,1393.7472,,slider,0,0,0.00,2.91,-17.20,AVAILABLE,NONE,34840,0,P,P,0.00,released,RELEASED
2026-05-18 19:12:44.704,1394.1472,,slider,0,0,0.00,3.62,-17.20,AVAILABLE,NONE,34850,0,P,P,0.00,released,RELEASED
2026-05-18 19:12:45.105,1394.5480,,slider,0,0,0.00,3.54,-17.20,AVAILABLE,NONE,34860,0,P,P,0.00,released,RELEASED
2026-05-18 19:12:45.504,1394.9472,,slider,0,0,0.00,1.38,-17.20,AVAILABLE,NONE,34870,0,P,P,0.00,released,RELEASED
2026-05-18 19:12:45.904,1395.3473,,slider,0,0,6.48,2.17,-17.20,AVAILABLE,NONE,34880,0,P,P,0.00,released,RELEASED
2026-05-18 19:12:46.304,1395.7474,,slider,0,0,0.00,3.15,-17.20,AVAILABLE,NONE,34890,0,P,P,0.00,released,RELEASED
2026-05-18 19:12:46.704,1396.1474,,slider,0,0,6.48,2.83,-17.20,AVAILABLE,NONE,34900,0,P,P,0.00,released,RELEASED
2026-05-18 19:12:47.104,1396.5474,,slider,0,0,0.00,4.22,-17.20,AVAILABLE,NONE,34910,0,P,P,0.00,released,RELEASED
2026-05-18 19:12:47.505,1396.9479,,slider,0,0,0.00,2.67,-17.20,AVAILABLE,NONE,34920,0,P,P,0.00,released,RELEASED
2026-05-18 19:12:47.904,1397.3474,,slider,0,0,6.48,3.48,-17.20,AVAILABLE,NONE,34930,0,P,P,0.00,released,RELEASED
2026-05-18 19:12:48.305,1397.7478,,slider,0,0,0.00,3.77,-17.20,AVAILABLE,NONE,34940,0,P,P,0.00,released,RELEASED
2026-05-18 19:12:48.705,1398.1475,,slider,0,0,0.00,1.49,-17.20,AVAILABLE,NONE,34950,0,P,P,0.00,released,RELEASED
2026-05-18 19:12:49.105,1398.5476,,slider,0,0,0.00,1.59,-17.20,AVAILABLE,NONE,34960,0,P,P,0.00,released,RELEASED
2026-05-18 19:12:49.505,1398.9475,,slider,0,0,6.48,3.90,-17.20,AVAILABLE,NONE,34970,0,P,P,0.00,released,RELEASED
2026-05-18 19:12:49.905,1399.3475,,slider,0,0,0.00,3.23,-17.20,AVAILABLE,NONE,34980,0,P,P,0.00,released,RELEASED
2026-05-18 19:12:50.306,1399.7486,,slider,0,0,6.48,5.19,-17.20,AVAILABLE,NONE,34990,0,P,P,0.00,released,RELEASED
2026-05-18 19:12:50.705,1400.1479,,slider,0,0,0.00,2.55,-17.20,AVAILABLE,NONE,35000,0,P,P,0.00,released,RELEASED
2026-05-18 19:12:51.105,1400.5476,,slider,0,0,6.48,2.54,-17.20,AVAILABLE,NONE,35010,0,P,P,0.00,released,RELEASED
2026-05-18 19:12:51.506,1400.9485,,slider,0,0,0.00,2.70,-17.20,AVAILABLE,NONE,35020,0,P,P,0.00,released,RELEASED
2026-05-18 19:12:51.905,1401.3478,,slider,0,0,0.00,1.39,-17.20,AVAILABLE,NONE,35030,0,P,P,0.00,released,RELEASED
2026-05-18 19:12:52.305,1401.7477,,slider,0,0,0.00,3.58,-17.20,AVAILABLE,NONE,35040,0,P,P,0.00,released,RELEASED
2026-05-18 19:12:52.706,1402.1482,,slider,0,0,0.00,3.53,-17.20,AVAILABLE,NONE,35050,0,P,P,0.00,released,RELEASED
2026-05-18 19:12:53.105,1402.5478,,slider,0,0,0.00,2.74,-17.20,AVAILABLE,NONE,35060,0,P,P,0.00,released,RELEASED
2026-05-18 19:12:53.505,1402.9477,,slider,0,0,0.00,2.32,-17.20,AVAILABLE,NONE,35070,0,P,P,0.00,released,RELEASED
2026-05-18 19:12:53.906,1403.3482,,slider,0,0,6.48,2.30,-17.20,AVAILABLE,NONE,35080,0,P,P,0.00,released,RELEASED
2026-05-18 19:12:54.305,1403.7477,,slider,0,0,0.00,1.72,-17.20,AVAILABLE,NONE,35090,0,P,P,0.00,released,RELEASED
2026-05-18 19:12:54.706,1404.1483,,slider,0,0,0.00,4.50,-17.20,AVAILABLE,NONE,35100,0,P,P,0.00,released,RELEASED
2026-05-18 19:12:55.106,1404.5482,,slider,0,0,0.00,3.49,-17.20,AVAILABLE,NONE,35110,0,P,P,0.00,released,RELEASED
2026-05-18 19:12:55.507,1404.9489,,slider,0,0,6.48,1.41,-17.20,AVAILABLE,NONE,35120,0,P,P,0.00,released,RELEASED
2026-05-18 19:12:55.906,1405.3484,,slider,0,0,6.48,3.06,-17.20,AVAILABLE,NONE,35130,0,P,P,0.00,released,RELEASED
2026-05-18 19:12:56.306,1405.7483,,slider,0,0,0.00,1.81,-17.20,AVAILABLE,NONE,35140,0,P,P,0.00,released,RELEASED
2026-05-18 19:12:56.707,1406.1489,,slider,0,0,0.00,2.27,-17.20,AVAILABLE,NONE,35150,0,P,P,0.00,released,RELEASED
2026-05-18 19:12:57.106,1406.5485,,slider,0,0,6.48,2.78,-17.20,AVAILABLE,NONE,35160,0,P,P,0.00,released,RELEASED
2026-05-18 19:12:57.506,1406.9484,,slider,0,0,0.00,3.14,-17.20,AVAILABLE,NONE,35170,0,P,P,0.00,released,RELEASED
2026-05-18 19:12:57.906,1407.3482,,slider,0,0,0.00,3.46,-17.20,AVAILABLE,NONE,35180,0,P,P,0.00,released,RELEASED
2026-05-18 19:12:58.307,1407.7485,,slider,0,0,0.00,1.50,-17.20,AVAILABLE,NONE,35190,0,P,P,0.00,released,RELEASED
2026-05-18 19:12:58.706,1408.1484,,slider,0,0,0.00,0.46,-17.20,AVAILABLE,NONE,35200,0,P,P,0.00,released,RELEASED
2026-05-18 19:12:59.107,1408.5488,,slider,0,0,0.00,3.38,-17.20,AVAILABLE,NONE,35210,0,P,P,0.00,released,RELEASED
2026-05-18 19:12:59.507,1408.9484,,slider,0,0,0.00,3.39,-17.20,AVAILABLE,NONE,35220,0,P,P,0.00,released,RELEASED
2026-05-18 19:12:59.906,1409.3482,,slider,0,0,6.48,3.55,-17.20,AVAILABLE,NONE,35230,0,P,P,0.00,released,RELEASED
2026-05-18 19:13:00.307,1409.7491,,slider,0,0,6.48,2.22,-17.20,AVAILABLE,NONE,35240,0,P,P,0.00,released,RELEASED
2026-05-18 19:13:00.707,1410.1487,,slider,0,0,0.00,0.99,-17.20,AVAILABLE,NONE,35250,0,P,P,0.00,released,RELEASED
2026-05-18 19:13:01.107,1410.5487,,slider,0,0,0.00,1.47,-17.20,AVAILABLE,NONE,35260,0,P,P,0.00,released,RELEASED
2026-05-18 19:13:01.507,1410.9488,,slider,0,0,0.00,3.03,-17.20,AVAILABLE,NONE,35270,0,P,P,0.00,released,RELEASED
2026-05-18 19:13:01.907,1411.3484,,slider,0,0,0.00,3.79,-17.20,AVAILABLE,NONE,35280,0,P,P,0.00,released,RELEASED
2026-05-18 19:13:02.307,1411.7486,,slider,0,0,6.48,3.50,-17.20,AVAILABLE,NONE,35290,0,P,P,0.00,released,RELEASED
2026-05-18 19:13:02.708,1412.1492,,slider,0,0,0.00,1.88,-17.20,AVAILABLE,NONE,35300,0,P,P,0.00,released,RELEASED
2026-05-18 19:13:03.107,1412.5488,,slider,0,0,0.00,1.46,-17.20,AVAILABLE,NONE,35310,0,P,P,0.00,released,RELEASED
2026-05-18 19:13:03.507,1412.9488,,slider,0,0,6.48,1.81,-17.20,AVAILABLE,NONE,35320,0,P,P,0.00,released,RELEASED
2026-05-18 19:13:03.907,1413.3487,,slider,0,0,0.00,1.32,-17.20,AVAILABLE,NONE,35330,0,P,P,0.00,released,RELEASED
2026-05-18 19:13:04.307,1413.7488,,slider,0,0,6.48,3.68,-17.20,AVAILABLE,NONE,35340,0,P,P,0.00,released,RELEASED
2026-05-18 19:13:04.708,1414.1490,,slider,0,0,6.48,3.13,-17.20,AVAILABLE,NONE,35350,0,P,P,0.00,released,RELEASED
2026-05-18 19:13:05.108,1414.5490,,slider,0,0,0.00,1.63,-17.20,AVAILABLE,NONE,35360,0,P,P,0.00,released,RELEASED
2026-05-18 19:13:05.508,1414.9494,,slider,0,0,6.48,3.55,-17.20,AVAILABLE,NONE,35370,0,P,P,0.00,released,RELEASED
2026-05-18 19:13:05.908,1415.3491,,slider,0,0,0.00,2.86,-17.20,AVAILABLE,NONE,35380,0,P,P,0.00,released,RELEASED
2026-05-18 19:13:06.308,1415.7490,,slider,0,0,0.00,1.78,-17.20,AVAILABLE,NONE,35390,0,P,P,0.00,released,RELEASED
2026-05-18 19:13:06.708,1416.1491,,slider,0,0,0.00,3.41,-17.20,AVAILABLE,NONE,35400,0,P,P,0.00,released,RELEASED
2026-05-18 19:13:07.108,1416.5490,,slider,0,0,0.00,2.29,-17.20,AVAILABLE,NONE,35410,0,P,P,0.00,released,RELEASED
2026-05-18 19:13:07.509,1416.9496,,slider,0,0,0.00,2.19,-17.20,AVAILABLE,NONE,35420,0,P,P,0.00,released,RELEASED
2026-05-18 19:13:07.908,1417.3493,,slider,0,0,6.48,3.02,-17.20,AVAILABLE,NONE,35430,0,P,P,0.00,released,RELEASED
2026-05-18 19:13:08.308,1417.7491,,slider,0,0,0.00,2.91,-17.20,AVAILABLE,NONE,35440,0,P,P,0.00,released,RELEASED
2026-05-18 19:13:08.708,1418.1493,,slider,0,0,0.00,3.40,-17.20,AVAILABLE,NONE,35450,0,P,P,0.00,released,RELEASED
2026-05-18 19:13:09.108,1418.5492,,slider,0,0,0.00,3.17,-17.20,AVAILABLE,NONE,35460,0,P,P,0.00,released,RELEASED
2026-05-18 19:13:09.509,1418.9493,,slider,0,0,6.48,1.91,-17.20,AVAILABLE,NONE,35470,0,P,P,0.00,released,RELEASED
2026-05-18 19:13:09.909,1419.3494,,slider,0,0,6.48,1.33,-17.20,AVAILABLE,NONE,35480,0,P,P,0.00,released,RELEASED
2026-05-18 19:13:10.309,1419.7493,,slider,0,0,0.00,1.84,-17.20,AVAILABLE,NONE,35490,0,P,P,0.00,released,RELEASED
2026-05-18 19:13:10.709,1420.1494,,slider,0,0,0.00,2.92,-17.20,AVAILABLE,NONE,35500,0,P,P,0.00,released,RELEASED
2026-05-18 19:13:11.109,1420.5496,,slider,0,0,0.00,3.08,-17.20,AVAILABLE,NONE,35510,0,P,P,0.00,released,RELEASED
2026-05-18 19:13:11.509,1420.9495,,slider,0,0,6.48,2.51,-17.20,AVAILABLE,NONE,35520,0,P,P,0.00,released,RELEASED
2026-05-18 19:13:11.909,1421.3495,,slider,0,0,6.48,2.59,-17.20,AVAILABLE,NONE,35530,0,P,P,0.00,released,RELEASED
2026-05-18 19:13:12.309,1421.7496,,slider,0,0,0.00,3.29,-17.20,AVAILABLE,NONE,35540,0,P,P,0.00,released,RELEASED
2026-05-18 19:13:12.709,1422.1496,,slider,0,0,0.00,2.02,-17.20,AVAILABLE,NONE,35550,0,P,P,0.00,released,RELEASED
2026-05-18 19:13:13.109,1422.5495,,slider,0,0,6.48,4.83,-17.20,AVAILABLE,NONE,35560,0,P,P,0.00,released,RELEASED
2026-05-18 19:13:13.509,1422.9496,,slider,0,0,0.00,3.09,-17.20,AVAILABLE,NONE,35570,0,P,P,0.00,released,RELEASED
2026-05-18 19:13:13.909,1423.3498,,slider,0,0,0.00,0.15,-17.20,AVAILABLE,NONE,35580,0,P,P,0.00,released,RELEASED
2026-05-18 19:13:14.309,1423.7496,,slider,0,0,6.48,0.97,-17.20,AVAILABLE,NONE,35590,0,P,P,0.00,released,RELEASED
2026-05-18 19:13:14.710,1424.1498,,slider,0,0,0.00,1.98,-17.20,AVAILABLE,NONE,35600,0,P,P,0.00,released,RELEASED
2026-05-18 19:13:15.110,1424.5497,,slider,0,0,6.48,2.59,-17.20,AVAILABLE,NONE,35610,0,P,P,0.00,released,RELEASED
2026-05-18 19:13:15.510,1424.9497,,slider,0,0,6.48,3.17,-17.20,AVAILABLE,NONE,35620,0,P,P,0.00,released,RELEASED
2026-05-18 19:13:15.910,1425.3500,,slider,0,0,0.00,0.52,-17.20,AVAILABLE,NONE,35630,0,P,P,0.00,released,RELEASED
2026-05-18 19:13:16.310,1425.7498,,slider,0,0,6.48,3.41,-17.20,AVAILABLE,NONE,35640,0,P,P,0.00,released,RELEASED
2026-05-18 19:13:16.710,1426.1499,,slider,0,0,0.00,2.00,-17.20,AVAILABLE,NONE,35650,0,P,P,0.00,released,RELEASED
2026-05-18 19:13:17.111,1426.5506,,slider,0,0,6.48,2.12,-17.20,AVAILABLE,NONE,35660,0,P,P,0.00,released,RELEASED
2026-05-18 19:13:17.510,1426.9500,,slider,0,0,0.00,3.41,-17.20,AVAILABLE,NONE,35670,0,P,P,0.00,released,RELEASED
2026-05-18 19:13:17.910,1427.3502,,slider,0,0,6.48,1.41,-17.20,AVAILABLE,NONE,35680,0,P,P,0.00,released,RELEASED
2026-05-18 19:13:18.310,1427.7501,,slider,0,0,0.00,1.77,-17.20,AVAILABLE,NONE,35690,0,P,P,0.00,released,RELEASED
2026-05-18 19:13:18.710,1428.1501,,slider,0,0,0.00,4.15,-17.20,AVAILABLE,NONE,35700,0,P,P,0.00,released,RELEASED
2026-05-18 19:13:19.111,1428.5503,,slider,0,0,0.00,1.72,-17.20,AVAILABLE,NONE,35710,0,P,P,0.00,released,RELEASED
2026-05-18 19:13:19.511,1428.9502,,slider,0,0,0.00,2.55,-17.20,AVAILABLE,NONE,35720,0,P,P,0.00,released,RELEASED
2026-05-18 19:13:19.910,1429.3501,,slider,0,0,0.00,2.71,-17.20,AVAILABLE,NONE,35730,0,P,P,0.00,released,RELEASED
2026-05-18 19:13:20.311,1429.7502,,slider,0,0,0.00,1.78,-17.20,AVAILABLE,NONE,35740,0,P,P,0.00,released,RELEASED
2026-05-18 19:13:20.711,1430.1504,,slider,0,0,0.00,3.32,-17.20,AVAILABLE,NONE,35750,0,P,P,0.00,released,RELEASED
2026-05-18 19:13:21.111,1430.5500,,slider,0,0,0.00,3.02,-17.20,AVAILABLE,NONE,35760,0,P,P,0.00,released,RELEASED
2026-05-18 19:13:21.511,1430.9503,,slider,0,0,6.48,1.89,-17.20,AVAILABLE,NONE,35770,0,P,P,0.00,released,RELEASED
2026-05-18 19:13:21.911,1431.3504,,slider,0,0,6.48,3.79,-17.20,AVAILABLE,NONE,35780,0,P,P,0.00,released,RELEASED
2026-05-18 19:13:22.311,1431.7504,,slider,0,0,0.00,0.74,-17.20,AVAILABLE,NONE,35790,0,P,P,0.00,released,RELEASED
2026-05-18 19:13:22.711,1432.1504,,slider,0,0,6.48,2.37,-17.20,AVAILABLE,NONE,35800,0,P,P,0.00,released,RELEASED
2026-05-18 19:13:23.111,1432.5505,,slider,0,0,0.00,3.62,-17.20,AVAILABLE,NONE,35810,0,P,P,0.00,released,RELEASED
2026-05-18 19:13:23.511,1432.9505,,slider,0,0,0.00,1.44,-17.20,AVAILABLE,NONE,35820,0,P,P,0.00,released,RELEASED
2026-05-18 19:13:23.911,1433.3506,,slider,0,0,6.48,1.91,-17.20,AVAILABLE,NONE,35830,0,P,P,0.00,released,RELEASED
2026-05-18 19:13:24.311,1433.7505,,slider,0,0,0.00,4.07,-17.20,AVAILABLE,NONE,35840,0,P,P,0.00,released,RELEASED
2026-05-18 19:13:24.711,1434.1504,,slider,0,0,6.48,4.25,-17.20,AVAILABLE,NONE,35850,0,P,P,0.00,released,RELEASED
2026-05-18 19:13:25.111,1434.5506,,slider,0,0,0.00,2.08,-17.20,AVAILABLE,NONE,35860,0,P,P,0.00,released,RELEASED
2026-05-18 19:13:25.511,1434.9505,,slider,0,0,0.00,3.63,-17.20,AVAILABLE,NONE,35870,0,P,P,0.00,released,RELEASED
2026-05-18 19:13:25.912,1435.3507,,slider,0,0,0.00,0.93,-17.20,AVAILABLE,NONE,35880,0,P,P,0.00,released,RELEASED
2026-05-18 19:13:26.312,1435.7506,,slider,0,0,0.00,3.34,-17.20,AVAILABLE,NONE,35890,0,P,P,0.00,released,RELEASED
2026-05-18 19:13:26.712,1436.1506,,slider,0,0,0.00,1.21,-17.20,AVAILABLE,NONE,35900,0,P,P,0.00,released,RELEASED
2026-05-18 19:13:27.112,1436.5507,,slider,0,0,0.00,1.81,-17.20,AVAILABLE,NONE,35910,0,P,P,0.00,released,RELEASED
2026-05-18 19:13:27.512,1436.9507,,slider,0,0,6.48,4.40,-17.20,AVAILABLE,NONE,35920,0,P,P,0.00,released,RELEASED
2026-05-18 19:13:27.912,1437.3509,,slider,0,0,0.00,0.69,-17.20,AVAILABLE,NONE,35930,0,P,P,0.00,released,RELEASED
2026-05-18 19:13:28.312,1437.7507,,slider,0,0,6.48,4.19,-17.20,AVAILABLE,NONE,35940,0,P,P,0.00,released,RELEASED
2026-05-18 19:13:28.712,1438.1508,,slider,0,0,6.48,1.39,-17.20,AVAILABLE,NONE,35950,0,P,P,0.00,released,RELEASED
2026-05-18 19:13:29.112,1438.5509,,slider,0,0,0.00,1.51,-17.20,AVAILABLE,NONE,35960,0,P,P,0.00,released,RELEASED
2026-05-18 19:13:29.512,1438.9509,,slider,0,0,6.48,3.86,-17.20,AVAILABLE,NONE,35970,0,P,P,0.00,released,RELEASED
2026-05-18 19:13:29.912,1439.3509,,slider,0,0,0.00,2.76,-17.20,AVAILABLE,NONE,35980,0,P,P,0.00,released,RELEASED
2026-05-18 19:13:30.312,1439.7508,,slider,0,0,0.00,2.63,-17.20,AVAILABLE,NONE,35990,0,P,P,0.00,released,RELEASED
2026-05-18 19:13:30.713,1440.1510,,slider,0,0,6.48,2.94,-17.20,AVAILABLE,NONE,36000,0,P,P,0.00,released,RELEASED
2026-05-18 19:13:31.113,1440.5509,,slider,0,0,6.48,2.09,-17.20,AVAILABLE,NONE,36010,0,P,P,0.00,released,RELEASED
2026-05-18 19:13:31.513,1440.9509,,slider,0,0,0.00,2.94,-17.20,AVAILABLE,NONE,36020,0,P,P,0.00,released,RELEASED
2026-05-18 19:13:31.913,1441.3510,,slider,0,0,6.48,3.78,-17.20,AVAILABLE,NONE,36030,0,P,P,0.00,released,RELEASED
2026-05-18 19:13:32.313,1441.7509,,slider,0,0,6.48,0.30,-17.20,AVAILABLE,NONE,36040,0,P,P,0.00,released,RELEASED
2026-05-18 19:13:32.713,1442.1512,,slider,0,0,0.00,1.43,-17.20,AVAILABLE,NONE,36050,0,P,P,0.00,released,RELEASED
2026-05-18 19:13:33.113,1442.5509,,slider,0,0,0.00,1.67,-17.20,AVAILABLE,NONE,36060,0,P,P,0.00,released,RELEASED
2026-05-18 19:13:33.513,1442.9510,,slider,0,0,0.00,0.34,-17.20,AVAILABLE,NONE,36070,0,P,P,0.00,released,RELEASED
2026-05-18 19:13:33.913,1443.3510,,slider,0,0,6.48,4.24,-17.20,AVAILABLE,NONE,36080,0,P,P,0.00,released,RELEASED
2026-05-18 19:13:34.313,1443.7512,,slider,0,0,0.00,4.37,-17.20,AVAILABLE,NONE,36090,0,P,P,0.00,released,RELEASED
2026-05-18 19:13:34.713,1444.1513,,slider,0,0,0.00,2.18,-17.20,AVAILABLE,NONE,36100,0,P,P,0.00,released,RELEASED
2026-05-18 19:13:35.113,1444.5512,,slider,0,0,6.48,3.37,-17.20,AVAILABLE,NONE,36110,0,P,P,0.00,released,RELEASED
2026-05-18 19:13:35.513,1444.9512,,slider,0,0,0.00,1.12,-17.20,AVAILABLE,NONE,36120,0,P,P,0.00,released,RELEASED
2026-05-18 19:13:35.913,1445.3512,,slider,0,0,6.48,2.37,-17.20,AVAILABLE,NONE,36130,0,P,P,0.00,released,RELEASED
2026-05-18 19:13:36.313,1445.7512,,slider,0,0,0.00,3.44,-17.20,AVAILABLE,NONE,36140,0,P,P,0.00,released,RELEASED
2026-05-18 19:13:36.713,1446.1512,,slider,0,0,6.48,2.43,-17.20,AVAILABLE,NONE,36150,0,P,P,0.00,released,RELEASED
2026-05-18 19:13:37.114,1446.5517,,slider,0,0,6.48,4.65,-17.20,AVAILABLE,NONE,36160,0,P,P,0.00,released,RELEASED
2026-05-18 19:13:37.514,1446.9514,,slider,0,0,6.48,2.89,-17.20,AVAILABLE,NONE,36170,0,P,P,0.00,released,RELEASED
2026-05-18 19:13:37.914,1447.3515,,slider,0,0,0.00,1.98,-17.20,AVAILABLE,NONE,36180,0,P,P,0.00,released,RELEASED
2026-05-18 19:13:38.314,1447.7521,,slider,0,0,0.00,4.79,-17.20,AVAILABLE,NONE,36190,0,P,P,0.00,released,RELEASED
2026-05-18 19:13:38.714,1448.1518,,slider,0,0,0.00,3.19,-17.20,AVAILABLE,NONE,36200,0,P,P,0.00,released,RELEASED
2026-05-18 19:13:39.114,1448.5514,,slider,0,0,0.00,1.38,-17.20,AVAILABLE,NONE,36210,0,P,P,0.00,released,RELEASED
2026-05-18 19:13:39.514,1448.9520,,slider,0,0,0.00,4.02,-17.20,AVAILABLE,NONE,36220,0,P,P,0.00,released,RELEASED
2026-05-18 19:13:39.914,1449.3517,,slider,0,0,0.00,1.70,-17.20,AVAILABLE,NONE,36230,0,P,P,0.00,released,RELEASED
2026-05-18 19:13:40.314,1449.7519,,slider,0,0,0.00,3.75,-17.20,AVAILABLE,NONE,36240,0,P,P,0.00,released,RELEASED
2026-05-18 19:13:40.714,1450.1518,,slider,0,0,0.00,3.03,-17.20,AVAILABLE,NONE,36250,0,P,P,0.00,released,RELEASED
2026-05-18 19:13:41.115,1450.5519,,slider,0,0,0.00,1.67,-17.20,AVAILABLE,NONE,36260,0,P,P,0.00,released,RELEASED
2026-05-18 19:13:41.515,1450.9520,,slider,0,0,6.48,2.96,-17.20,AVAILABLE,NONE,36270,0,P,P,0.00,released,RELEASED
2026-05-18 19:13:41.915,1451.3519,,slider,0,0,6.48,2.75,-17.20,AVAILABLE,NONE,36280,0,P,P,0.00,released,RELEASED
2026-05-18 19:13:42.315,1451.7520,,slider,0,0,6.48,1.93,-17.20,AVAILABLE,NONE,36290,0,P,P,0.00,released,RELEASED
2026-05-18 19:13:42.715,1452.1520,,slider,0,0,6.48,3.39,-17.20,AVAILABLE,NONE,36300,0,P,P,0.00,released,RELEASED
2026-05-18 19:13:43.115,1452.5520,,slider,0,0,0.00,0.82,-17.20,AVAILABLE,NONE,36310,0,P,P,0.00,released,RELEASED
2026-05-18 19:13:43.515,1452.9520,,slider,0,0,0.00,2.16,-17.20,AVAILABLE,NONE,36320,0,P,P,0.00,released,RELEASED
2026-05-18 19:13:43.915,1453.3520,,slider,0,0,6.48,4.88,-17.20,AVAILABLE,NONE,36330,0,P,P,0.00,released,RELEASED
2026-05-18 19:13:44.315,1453.7520,,slider,0,0,0.00,1.70,-17.20,AVAILABLE,NONE,36340,0,P,P,0.00,released,RELEASED
2026-05-18 19:13:44.715,1454.1522,,slider,0,0,0.00,4.58,-17.20,AVAILABLE,NONE,36350,0,P,P,0.00,released,RELEASED
2026-05-18 19:13:45.115,1454.5522,,slider,0,0,6.48,4.52,-17.20,AVAILABLE,NONE,36360,0,P,P,0.00,released,RELEASED
2026-05-18 19:13:45.515,1454.9522,,slider,0,0,0.00,1.96,-17.20,AVAILABLE,NONE,36370,0,P,P,0.00,released,RELEASED
2026-05-18 19:13:45.915,1455.3522,,slider,0,0,0.00,3.84,-17.20,AVAILABLE,NONE,36380,0,P,P,0.00,released,RELEASED
2026-05-18 19:13:46.315,1455.7523,,slider,0,0,0.00,0.94,-17.20,AVAILABLE,NONE,36390,0,P,P,0.00,released,RELEASED
2026-05-18 19:13:46.715,1456.1522,,slider,0,0,6.48,2.17,-17.20,AVAILABLE,NONE,36400,0,P,P,0.00,released,RELEASED
2026-05-18 19:13:47.115,1456.5522,,slider,0,0,0.00,3.89,-17.20,AVAILABLE,NONE,36410,0,P,P,0.00,released,RELEASED
2026-05-18 19:13:47.516,1456.9523,,slider,0,0,6.48,2.45,-17.20,AVAILABLE,NONE,36420,0,P,P,0.00,released,RELEASED
2026-05-18 19:13:47.916,1457.3523,,slider,0,0,0.00,4.74,-17.20,AVAILABLE,NONE,36430,0,P,P,0.00,released,RELEASED
2026-05-18 19:13:48.316,1457.7524,,slider,0,0,6.48,2.91,-17.20,AVAILABLE,NONE,36440,0,P,P,0.00,released,RELEASED
2026-05-18 19:13:48.716,1458.1524,,slider,0,0,6.48,3.35,-17.20,AVAILABLE,NONE,36450,0,P,P,0.00,released,RELEASED
2026-05-18 19:13:49.116,1458.5524,,slider,0,0,0.00,2.93,-17.20,AVAILABLE,NONE,36460,0,P,P,0.00,released,RELEASED
2026-05-18 19:13:49.516,1458.9524,,slider,0,0,0.00,1.54,-17.20,AVAILABLE,NONE,36470,0,P,P,0.00,released,RELEASED
2026-05-18 19:13:49.916,1459.3529,,slider,0,0,0.00,1.37,-17.20,AVAILABLE,NONE,36480,0,P,P,0.00,released,RELEASED
2026-05-18 19:13:50.316,1459.7527,,slider,0,0,6.48,3.64,-17.20,AVAILABLE,NONE,36490,0,P,P,0.00,released,RELEASED
2026-05-18 19:13:50.716,1460.1525,,slider,0,0,6.48,2.71,-17.20,AVAILABLE,NONE,36500,0,P,P,0.00,released,RELEASED
2026-05-18 19:13:51.116,1460.5525,,slider,0,0,0.00,1.62,-17.20,AVAILABLE,NONE,36510,0,P,P,0.00,released,RELEASED
2026-05-18 19:13:51.517,1460.9528,,slider,0,0,0.00,2.51,-17.20,AVAILABLE,NONE,36520,0,P,P,0.00,released,RELEASED
2026-05-18 19:13:51.916,1461.3525,,slider,0,0,0.00,3.02,-17.20,AVAILABLE,NONE,36530,0,P,P,0.00,released,RELEASED
2026-05-18 19:13:52.317,1461.7531,,slider,0,0,0.00,1.84,-17.20,AVAILABLE,NONE,36540,0,P,P,0.00,released,RELEASED
2026-05-18 19:13:52.717,1462.1526,,slider,0,0,0.00,3.63,-17.20,AVAILABLE,NONE,36550,0,P,P,0.00,released,RELEASED
2026-05-18 19:13:53.116,1462.5525,,slider,0,0,0.00,1.51,-17.20,AVAILABLE,NONE,36560,0,P,P,0.00,released,RELEASED
2026-05-18 19:13:53.517,1462.9527,,slider,0,0,6.48,2.87,-17.20,AVAILABLE,NONE,36570,0,P,P,0.00,released,RELEASED
2026-05-18 19:13:53.917,1463.3527,,slider,0,0,0.00,1.90,-17.20,AVAILABLE,NONE,36580,0,P,P,0.00,released,RELEASED
2026-05-18 19:13:54.317,1463.7527,,slider,0,0,6.48,2.24,-17.20,AVAILABLE,NONE,36590,0,P,P,0.00,released,RELEASED
2026-05-18 19:13:54.717,1464.1529,,slider,0,0,0.00,3.49,-17.20,AVAILABLE,NONE,36600,0,P,P,0.00,released,RELEASED
2026-05-18 19:13:55.117,1464.5528,,slider,0,0,6.48,1.27,-17.20,AVAILABLE,NONE,36610,0,P,P,0.00,released,RELEASED
2026-05-18 19:13:55.517,1464.9528,,slider,0,0,0.00,3.82,-17.20,AVAILABLE,NONE,36620,0,P,P,0.00,released,RELEASED
2026-05-18 19:13:55.917,1465.3529,,slider,0,0,0.00,3.43,-17.20,AVAILABLE,NONE,36630,0,P,P,0.00,released,RELEASED
2026-05-18 19:13:56.317,1465.7530,,slider,0,0,0.00,1.84,-17.20,AVAILABLE,NONE,36640,0,P,P,0.00,released,RELEASED
2026-05-18 19:13:56.717,1466.1530,,slider,0,0,0.00,2.08,-17.20,AVAILABLE,NONE,36650,0,P,P,0.00,released,RELEASED
2026-05-18 19:13:57.117,1466.5530,,slider,0,0,0.00,1.49,-17.20,AVAILABLE,NONE,36660,0,P,P,0.00,released,RELEASED
2026-05-18 19:13:57.517,1466.9530,,slider,0,0,6.48,3.54,-17.20,AVAILABLE,NONE,36670,0,P,P,0.00,released,RELEASED
2026-05-18 19:13:57.918,1467.3532,,slider,0,0,6.48,3.70,-17.20,AVAILABLE,NONE,36680,0,P,P,0.00,released,RELEASED
2026-05-18 19:13:58.318,1467.7530,,slider,0,0,0.00,2.92,-17.20,AVAILABLE,NONE,36690,0,P,P,0.00,released,RELEASED
2026-05-18 19:13:58.718,1468.1532,,slider,0,0,6.48,2.92,-17.20,AVAILABLE,NONE,36700,0,P,P,0.00,released,RELEASED
2026-05-18 19:13:59.118,1468.5532,,slider,0,0,0.00,2.71,-17.20,AVAILABLE,NONE,36710,0,P,P,0.00,released,RELEASED
2026-05-18 19:13:59.518,1468.9531,,slider,0,0,0.00,2.42,-17.20,AVAILABLE,NONE,36720,0,P,P,0.00,released,RELEASED
2026-05-18 19:13:59.918,1469.3532,,slider,0,0,6.48,3.39,-17.20,AVAILABLE,NONE,36730,0,P,P,0.00,released,RELEASED
2026-05-18 19:14:00.318,1469.7533,,slider,0,0,6.48,2.81,-17.20,AVAILABLE,NONE,36740,0,P,P,0.00,released,RELEASED
2026-05-18 19:14:00.718,1470.1533,,slider,0,0,0.00,1.62,-17.20,AVAILABLE,NONE,36750,0,P,P,0.00,released,RELEASED
2026-05-18 19:14:01.119,1470.5539,,slider,0,0,0.00,3.70,-17.20,AVAILABLE,NONE,36760,0,P,P,0.00,released,RELEASED
2026-05-18 19:14:01.518,1470.9534,,slider,0,0,0.00,3.80,-17.20,AVAILABLE,NONE,36770,0,P,P,0.00,released,RELEASED
2026-05-18 19:14:01.918,1471.3532,,slider,0,0,6.48,2.98,-17.20,AVAILABLE,NONE,36780,0,P,P,0.00,released,RELEASED
2026-05-18 19:14:02.319,1471.7539,,slider,0,0,6.48,4.47,-17.20,AVAILABLE,NONE,36790,0,P,P,0.00,released,RELEASED
2026-05-18 19:14:02.718,1472.1533,,slider,0,0,6.48,3.05,-17.20,AVAILABLE,NONE,36800,0,P,P,0.00,released,RELEASED
2026-05-18 19:14:03.118,1472.5534,,slider,0,0,0.00,4.16,-17.20,AVAILABLE,NONE,36810,0,P,P,0.00,released,RELEASED
2026-05-18 19:14:03.519,1472.9542,,slider,0,0,6.48,3.44,-17.20,AVAILABLE,NONE,36820,0,P,P,0.00,released,RELEASED
2026-05-18 19:14:03.919,1473.3538,,slider,0,0,0.00,2.58,-17.20,AVAILABLE,NONE,36830,0,P,P,0.00,released,RELEASED
2026-05-18 19:14:04.319,1473.7535,,slider,0,0,0.00,3.83,-17.20,AVAILABLE,NONE,36840,0,P,P,0.00,released,RELEASED
2026-05-18 19:14:04.719,1474.1543,,slider,0,0,0.00,2.74,-17.20,AVAILABLE,NONE,36850,0,P,P,0.00,released,RELEASED
2026-05-18 19:14:05.119,1474.5540,,slider,0,0,0.00,2.41,-17.20,AVAILABLE,NONE,36860,0,P,P,0.00,released,RELEASED
2026-05-18 19:14:05.519,1474.9535,,slider,0,0,0.00,5.03,-17.20,AVAILABLE,NONE,36870,0,P,P,0.00,released,RELEASED
2026-05-18 19:14:05.919,1475.3541,,slider,0,0,0.00,3.39,-17.20,AVAILABLE,NONE,36880,0,P,P,0.00,released,RELEASED
2026-05-18 19:14:06.319,1475.7539,,slider,0,0,6.48,2.44,-17.20,AVAILABLE,NONE,36890,0,P,P,0.00,released,RELEASED
2026-05-18 19:14:06.720,1476.1541,,slider,0,0,0.00,4.26,-17.20,AVAILABLE,NONE,36900,0,P,P,0.00,released,RELEASED
2026-05-18 19:14:07.120,1476.5543,,slider,0,0,6.48,2.43,-17.20,AVAILABLE,NONE,36910,0,P,P,0.00,released,RELEASED
2026-05-18 19:14:07.520,1476.9542,,slider,0,0,6.48,3.63,-17.20,AVAILABLE,NONE,36920,0,P,P,0.00,released,RELEASED
2026-05-18 19:14:07.920,1477.3543,,slider,0,0,0.00,2.74,-17.20,AVAILABLE,NONE,36930,0,P,P,0.00,released,RELEASED
2026-05-18 19:14:08.320,1477.7540,,slider,0,0,0.00,1.37,-17.20,AVAILABLE,NONE,36940,0,P,P,0.00,released,RELEASED
2026-05-18 19:14:08.720,1478.1546,,slider,0,0,6.48,3.79,-17.20,AVAILABLE,NONE,36950,0,P,P,0.00,released,RELEASED
2026-05-18 19:14:09.120,1478.5543,,slider,0,0,0.00,3.12,-17.20,AVAILABLE,NONE,36960,0,P,P,0.00,released,RELEASED
2026-05-18 19:14:09.520,1478.9544,,slider,0,0,6.48,2.02,-17.20,AVAILABLE,NONE,36970,0,P,P,0.00,released,RELEASED
2026-05-18 19:14:09.920,1479.3542,,slider,0,0,6.48,4.19,-17.20,AVAILABLE,NONE,36980,0,P,P,0.00,released,RELEASED
2026-05-18 19:14:10.320,1479.7540,,slider,0,0,0.00,3.07,-17.20,AVAILABLE,NONE,36990,0,P,P,0.00,released,RELEASED
2026-05-18 19:14:10.720,1480.1544,,slider,0,0,6.48,3.46,-17.20,AVAILABLE,NONE,37000,0,P,P,0.00,released,RELEASED
2026-05-18 19:14:11.121,1480.5547,,slider,0,0,0.00,3.51,-17.20,AVAILABLE,NONE,37010,0,P,P,0.00,released,RELEASED
2026-05-18 19:14:11.521,1480.9546,,slider,0,0,6.48,2.22,-17.20,AVAILABLE,NONE,37020,0,P,P,0.00,released,RELEASED
2026-05-18 19:14:11.920,1481.3545,,slider,0,0,0.00,1.34,-17.20,AVAILABLE,NONE,37030,0,P,P,0.00,released,RELEASED
2026-05-18 19:14:12.320,1481.7543,,slider,0,0,0.00,2.94,-17.20,AVAILABLE,NONE,37040,0,P,P,0.00,released,RELEASED
2026-05-18 19:14:12.720,1482.1544,,slider,0,0,0.00,2.10,-17.20,AVAILABLE,NONE,37050,0,P,P,0.00,released,RELEASED
2026-05-18 19:14:13.121,1482.5544,,slider,0,0,6.48,4.28,-17.20,AVAILABLE,NONE,37060,0,P,P,0.00,released,RELEASED
2026-05-18 19:14:13.520,1482.9543,,slider,0,0,0.00,2.08,-17.20,AVAILABLE,NONE,37070,0,P,P,0.00,released,RELEASED
2026-05-18 19:14:13.920,1483.3543,,slider,0,0,6.48,0.64,-17.20,AVAILABLE,NONE,37080,0,P,P,0.00,released,RELEASED
2026-05-18 19:14:14.321,1483.7545,,slider,0,0,0.00,5.24,-17.20,AVAILABLE,NONE,37090,0,P,P,0.00,released,RELEASED
2026-05-18 19:14:14.721,1484.1545,,slider,0,0,6.48,2.86,-17.20,AVAILABLE,NONE,37100,0,P,P,0.00,released,RELEASED
2026-05-18 19:14:15.121,1484.5545,,slider,0,0,0.00,1.85,-17.20,AVAILABLE,NONE,37110,0,P,P,0.00,released,RELEASED
2026-05-18 19:14:15.521,1484.9545,,slider,0,0,0.00,2.91,-17.20,AVAILABLE,NONE,37120,0,P,P,0.00,released,RELEASED
2026-05-18 19:14:15.921,1485.3544,,slider,0,0,0.00,1.62,-17.20,AVAILABLE,NONE,37130,0,P,P,0.00,released,RELEASED
2026-05-18 19:14:16.321,1485.7546,,slider,0,0,0.00,2.09,-17.20,AVAILABLE,NONE,37140,0,P,P,0.00,released,RELEASED
2026-05-18 19:14:16.722,1486.1552,,slider,0,0,6.48,2.38,-17.20,AVAILABLE,NONE,37150,0,P,P,0.00,released,RELEASED
2026-05-18 19:14:17.121,1486.5545,,slider,0,0,0.00,0.98,-17.20,AVAILABLE,NONE,37160,0,P,P,0.00,released,RELEASED
2026-05-18 19:14:17.521,1486.9547,,slider,0,0,6.48,3.92,-17.20,AVAILABLE,NONE,37170,0,P,P,0.00,released,RELEASED
2026-05-18 19:14:17.922,1487.3550,,slider,0,0,0.00,2.47,-17.20,AVAILABLE,NONE,37180,0,P,P,0.00,released,RELEASED
2026-05-18 19:14:18.322,1487.7550,,slider,0,0,6.48,1.60,-17.20,AVAILABLE,NONE,37190,0,P,P,0.00,released,RELEASED
2026-05-18 19:14:18.721,1488.1548,,slider,0,0,6.48,4.87,-17.20,AVAILABLE,NONE,37200,0,P,P,0.00,released,RELEASED
2026-05-18 19:14:19.122,1488.5548,,slider,0,0,0.00,1.46,-17.20,AVAILABLE,NONE,37210,0,P,P,0.00,released,RELEASED
2026-05-18 19:14:19.522,1488.9549,,slider,0,0,0.00,3.23,-17.20,AVAILABLE,NONE,37220,0,P,P,0.00,released,RELEASED
2026-05-18 19:14:19.922,1489.3547,,slider,0,0,0.00,3.19,-17.20,AVAILABLE,NONE,37230,0,P,P,0.00,released,RELEASED
2026-05-18 19:14:20.322,1489.7550,,slider,0,0,0.00,1.76,-17.20,AVAILABLE,NONE,37240,0,P,P,0.00,released,RELEASED
2026-05-18 19:14:20.722,1490.1549,,slider,0,0,0.00,1.51,-17.20,AVAILABLE,NONE,37250,0,P,P,0.00,released,RELEASED
2026-05-18 19:14:21.122,1490.5549,,slider,0,0,6.48,3.47,-17.20,AVAILABLE,NONE,37260,0,P,P,0.00,released,RELEASED
2026-05-18 19:14:21.522,1490.9549,,slider,0,0,6.48,4.03,-17.20,AVAILABLE,NONE,37270,0,P,P,0.00,released,RELEASED
2026-05-18 19:14:21.922,1491.3550,,slider,0,0,0.00,2.63,-17.20,AVAILABLE,NONE,37280,0,P,P,0.00,released,RELEASED
2026-05-18 19:14:22.322,1491.7550,,slider,0,0,0.00,2.66,-17.20,AVAILABLE,NONE,37290,0,P,P,0.00,released,RELEASED
2026-05-18 19:14:22.722,1492.1551,,slider,0,0,0.00,1.73,-17.20,AVAILABLE,NONE,37300,0,P,P,0.00,released,RELEASED
2026-05-18 19:14:23.122,1492.5550,,slider,0,0,6.48,3.27,-17.20,AVAILABLE,NONE,37310,0,P,P,0.00,released,RELEASED
2026-05-18 19:14:23.522,1492.9550,,slider,0,0,0.00,1.52,-17.20,AVAILABLE,NONE,37320,0,P,P,0.00,released,RELEASED
2026-05-18 19:14:23.922,1493.3552,,slider,0,0,6.48,2.38,-17.20,AVAILABLE,NONE,37330,0,P,P,0.00,released,RELEASED
2026-05-18 19:14:24.322,1493.7552,,slider,0,0,0.00,2.32,-17.20,AVAILABLE,NONE,37340,0,P,P,0.00,released,RELEASED
2026-05-18 19:14:24.723,1494.1556,,slider,0,0,0.00,1.86,-17.20,AVAILABLE,NONE,37350,0,P,P,0.00,released,RELEASED
2026-05-18 19:14:25.123,1494.5554,,slider,0,0,0.00,2.44,-17.20,AVAILABLE,NONE,37360,0,P,P,0.00,released,RELEASED
2026-05-18 19:14:25.523,1494.9554,,slider,0,0,0.00,3.56,-17.20,AVAILABLE,NONE,37370,0,P,P,0.00,released,RELEASED
2026-05-18 19:14:25.923,1495.3555,,slider,0,0,6.48,1.07,-17.20,AVAILABLE,NONE,37380,0,P,P,0.00,released,RELEASED
2026-05-18 19:14:26.323,1495.7554,,slider,0,0,0.00,1.19,-17.20,AVAILABLE,NONE,37390,0,P,P,0.00,released,RELEASED
2026-05-18 19:14:26.724,1496.1560,,slider,0,0,0.00,0.29,-17.20,AVAILABLE,NONE,37400,0,P,P,0.00,released,RELEASED
2026-05-18 19:14:27.123,1496.5557,,slider,0,0,0.00,1.17,-17.20,AVAILABLE,NONE,37410,0,P,P,0.00,released,RELEASED
2026-05-18 19:14:27.523,1496.9556,,slider,0,0,6.48,2.31,-17.20,AVAILABLE,NONE,37420,0,P,P,0.00,released,RELEASED
2026-05-18 19:14:27.923,1497.3557,,slider,0,0,0.00,3.18,-17.20,AVAILABLE,NONE,37430,0,P,P,0.00,released,RELEASED
2026-05-18 19:14:28.323,1497.7555,,slider,0,0,6.48,1.25,-17.20,AVAILABLE,NONE,37440,0,P,P,0.00,released,RELEASED
2026-05-18 19:14:28.724,1498.1559,,slider,0,0,0.00,2.10,-17.20,AVAILABLE,NONE,37450,0,P,P,0.00,released,RELEASED
2026-05-18 19:14:29.123,1498.5557,,slider,0,0,6.48,1.69,-17.20,AVAILABLE,NONE,37460,0,P,P,0.00,released,RELEASED
2026-05-18 19:14:29.523,1498.9557,,slider,0,0,6.48,3.70,-17.20,AVAILABLE,NONE,37470,0,P,P,0.00,released,RELEASED
2026-05-18 19:14:29.924,1499.3557,,slider,0,0,0.00,1.58,-17.20,AVAILABLE,NONE,37480,0,P,P,0.00,released,RELEASED
2026-05-18 19:14:30.324,1499.7561,,slider,0,0,0.00,1.36,-17.20,AVAILABLE,NONE,37490,0,P,P,0.00,released,RELEASED
2026-05-18 19:14:30.724,1500.1559,,slider,0,0,0.00,1.91,-17.20,AVAILABLE,NONE,37500,0,P,P,0.00,released,RELEASED
2026-05-18 19:14:31.124,1500.5557,,slider,0,0,0.00,2.00,-17.20,AVAILABLE,NONE,37510,0,P,P,0.00,released,RELEASED
2026-05-18 19:14:31.524,1500.9559,,slider,0,0,6.48,0.81,-17.20,AVAILABLE,NONE,37520,0,P,P,0.00,released,RELEASED
2026-05-18 19:14:31.924,1501.3560,,slider,0,0,0.00,2.15,-17.20,AVAILABLE,NONE,37530,0,P,P,0.00,released,RELEASED
2026-05-18 19:14:32.324,1501.7558,,slider,0,0,0.00,0.11,-17.20,AVAILABLE,NONE,37540,0,P,P,0.00,released,RELEASED
2026-05-18 19:14:32.724,1502.1560,,slider,0,0,6.48,3.54,-17.20,AVAILABLE,NONE,37550,0,P,P,0.00,released,RELEASED
2026-05-18 19:14:33.124,1502.5561,,slider,0,0,6.48,4.67,-17.20,AVAILABLE,NONE,37560,0,P,P,0.00,released,RELEASED
2026-05-18 19:14:33.524,1502.9561,,slider,0,0,6.48,2.25,-17.20,AVAILABLE,NONE,37570,0,P,P,0.00,released,RELEASED
2026-05-18 19:14:33.924,1503.3560,,slider,0,0,0.00,2.10,-17.20,AVAILABLE,NONE,37580,0,P,P,0.00,released,RELEASED
2026-05-18 19:14:34.324,1503.7561,,slider,0,0,0.00,2.67,-17.20,AVAILABLE,NONE,37590,0,P,P,0.00,released,RELEASED
2026-05-18 19:14:34.724,1504.1560,,slider,0,0,6.48,2.41,-17.20,AVAILABLE,NONE,37600,0,P,P,0.00,released,RELEASED
2026-05-18 19:14:35.124,1504.5560,,slider,0,0,0.00,2.40,-17.20,AVAILABLE,NONE,37610,0,P,P,0.00,released,RELEASED
2026-05-18 19:14:35.525,1504.9560,,slider,0,0,0.00,3.29,-17.20,AVAILABLE,NONE,37620,0,P,P,0.00,released,RELEASED
2026-05-18 19:14:35.925,1505.3561,,slider,0,0,6.48,3.95,-17.20,AVAILABLE,NONE,37630,0,P,P,0.00,released,RELEASED
2026-05-18 19:14:36.325,1505.7561,,slider,0,0,0.00,3.23,-17.20,AVAILABLE,NONE,37640,0,P,P,0.00,released,RELEASED
2026-05-18 19:14:36.725,1506.1562,,slider,0,0,0.00,3.04,-17.20,AVAILABLE,NONE,37650,0,P,P,0.00,released,RELEASED
2026-05-18 19:14:37.125,1506.5561,,slider,0,0,6.48,3.85,-17.20,AVAILABLE,NONE,37660,0,P,P,0.00,released,RELEASED
2026-05-18 19:14:37.525,1506.9563,,slider,0,0,6.48,3.80,-17.20,AVAILABLE,NONE,37670,0,P,P,0.00,released,RELEASED
2026-05-18 19:14:37.925,1507.3563,,slider,0,0,6.48,3.23,-17.20,AVAILABLE,NONE,37680,0,P,P,0.00,released,RELEASED
2026-05-18 19:14:38.325,1507.7563,,slider,0,0,6.48,3.09,-17.20,AVAILABLE,NONE,37690,0,P,P,0.00,released,RELEASED
2026-05-18 19:14:38.725,1508.1563,,slider,0,0,6.48,2.97,-17.20,AVAILABLE,NONE,37700,0,P,P,0.00,released,RELEASED
2026-05-18 19:14:39.125,1508.5563,,slider,0,0,0.00,3.24,-17.20,AVAILABLE,NONE,37710,0,P,P,0.00,released,RELEASED
2026-05-18 19:14:39.525,1508.9563,,slider,0,0,0.00,3.66,-17.20,AVAILABLE,NONE,37720,0,P,P,0.00,released,RELEASED
2026-05-18 19:14:39.925,1509.3564,,slider,0,0,0.00,2.37,-17.20,AVAILABLE,NONE,37730,0,P,P,0.00,released,RELEASED
2026-05-18 19:14:40.325,1509.7564,,slider,0,0,6.48,3.61,-17.20,AVAILABLE,NONE,37740,0,P,P,0.00,released,RELEASED
2026-05-18 19:14:40.726,1510.1566,,slider,0,0,0.00,4.67,-17.20,AVAILABLE,NONE,37750,0,P,P,0.00,released,RELEASED
2026-05-18 19:14:41.126,1510.5566,,slider,0,0,0.00,0.63,-17.20,AVAILABLE,NONE,37760,0,P,P,0.00,released,RELEASED
2026-05-18 19:14:41.526,1510.9567,,slider,0,0,6.48,3.12,-17.20,AVAILABLE,NONE,37770,0,P,P,0.00,released,RELEASED
2026-05-18 19:14:41.926,1511.3565,,slider,0,0,6.48,1.58,-17.20,AVAILABLE,NONE,37780,0,P,P,0.00,released,RELEASED
2026-05-18 19:14:42.326,1511.7565,,slider,0,0,0.00,3.09,-17.20,AVAILABLE,NONE,37790,0,P,P,0.00,released,RELEASED
2026-05-18 19:14:42.726,1512.1566,,slider,0,0,0.00,3.00,-17.20,AVAILABLE,NONE,37800,0,P,P,0.00,released,RELEASED
2026-05-18 19:14:43.126,1512.5566,,slider,0,0,0.00,1.61,-17.20,AVAILABLE,NONE,37810,0,P,P,0.00,released,RELEASED
2026-05-18 19:14:43.526,1512.9565,,slider,0,0,6.48,2.16,-17.20,AVAILABLE,NONE,37820,0,P,P,0.00,released,RELEASED
2026-05-18 19:14:43.926,1513.3566,,slider,0,0,0.00,4.33,-17.20,AVAILABLE,NONE,37830,0,P,P,0.00,released,RELEASED
2026-05-18 19:14:44.326,1513.7567,,slider,0,0,6.48,2.26,-17.20,AVAILABLE,NONE,37840,0,P,P,0.00,released,RELEASED
2026-05-18 19:14:44.726,1514.1567,,slider,0,0,6.48,0.90,-17.20,AVAILABLE,NONE,37850,0,P,P,0.00,released,RELEASED
2026-05-18 19:14:45.126,1514.5568,,slider,0,0,0.00,2.08,-17.20,AVAILABLE,NONE,37860,0,P,P,0.00,released,RELEASED
2026-05-18 19:14:45.526,1514.9568,,slider,0,0,0.00,0.68,-17.20,AVAILABLE,NONE,37870,0,P,P,0.00,released,RELEASED
2026-05-18 19:14:45.926,1515.3568,,slider,0,0,6.48,2.03,-17.20,AVAILABLE,NONE,37880,0,P,P,0.00,released,RELEASED
2026-05-18 19:14:46.326,1515.7567,,slider,0,0,0.00,1.46,-17.20,AVAILABLE,NONE,37890,0,P,P,0.00,released,RELEASED
2026-05-18 19:14:46.727,1516.1570,,slider,0,0,6.48,4.08,-17.20,AVAILABLE,NONE,37900,0,P,P,0.00,released,RELEASED
2026-05-18 19:14:47.127,1516.5569,,slider,0,0,6.48,2.66,-17.20,AVAILABLE,NONE,37910,0,P,P,0.00,released,RELEASED
2026-05-18 19:14:47.527,1516.9570,,slider,0,0,0.00,1.72,-17.20,AVAILABLE,NONE,37920,0,P,P,0.00,released,RELEASED
2026-05-18 19:14:47.927,1517.3568,,slider,0,0,0.00,2.33,-17.20,AVAILABLE,NONE,37930,0,P,P,0.00,released,RELEASED
2026-05-18 19:14:48.327,1517.7569,,slider,0,0,0.00,2.90,-17.20,AVAILABLE,NONE,37940,0,P,P,0.00,released,RELEASED
2026-05-18 19:14:48.727,1518.1569,,slider,0,0,6.48,2.79,-17.20,AVAILABLE,NONE,37950,0,P,P,0.00,released,RELEASED
2026-05-18 19:14:49.127,1518.5569,,slider,0,0,0.00,1.76,-17.20,AVAILABLE,NONE,37960,0,P,P,0.00,released,RELEASED
2026-05-18 19:14:49.527,1518.9570,,slider,0,0,0.00,1.59,-17.20,AVAILABLE,NONE,37970,0,P,P,0.00,released,RELEASED
2026-05-18 19:14:49.927,1519.3569,,slider,0,0,6.48,3.38,-17.20,AVAILABLE,NONE,37980,0,P,P,0.00,released,RELEASED
2026-05-18 19:14:50.327,1519.7570,,slider,0,0,0.00,1.69,-17.20,AVAILABLE,NONE,37990,0,P,P,0.00,released,RELEASED
2026-05-18 19:14:50.727,1520.1571,,slider,0,0,0.00,1.57,-17.20,AVAILABLE,NONE,38000,0,P,P,0.00,released,RELEASED
2026-05-18 19:14:51.127,1520.5570,,slider,0,0,6.48,2.29,-17.20,AVAILABLE,NONE,38010,0,P,P,0.00,released,RELEASED
2026-05-18 19:14:51.527,1520.9572,,slider,0,0,6.48,2.99,-17.20,AVAILABLE,NONE,38020,0,P,P,0.00,released,RELEASED
2026-05-18 19:14:51.927,1521.3570,,slider,0,0,6.48,1.27,-17.20,AVAILABLE,NONE,38030,0,P,P,0.00,released,RELEASED
2026-05-18 19:14:52.328,1521.7574,,slider,0,0,6.48,1.74,-17.20,AVAILABLE,NONE,38040,0,P,P,0.00,released,RELEASED
2026-05-18 19:14:52.728,1522.1572,,slider,0,0,6.48,3.65,-17.20,AVAILABLE,NONE,38050,0,P,P,0.00,released,RELEASED
2026-05-18 19:14:53.128,1522.5573,,slider,0,0,6.48,0.69,-17.20,AVAILABLE,NONE,38060,0,P,P,0.00,released,RELEASED
2026-05-18 19:14:53.528,1522.9574,,slider,0,0,0.00,2.08,-17.20,AVAILABLE,NONE,38070,0,P,P,0.00,released,RELEASED
2026-05-18 19:14:53.928,1523.3572,,slider,0,0,0.00,4.87,-17.20,AVAILABLE,NONE,38080,0,P,P,0.00,released,RELEASED
2026-05-18 19:14:54.328,1523.7573,,slider,0,0,6.48,3.35,-17.20,AVAILABLE,NONE,38090,0,P,P,0.00,released,RELEASED
2026-05-18 19:14:54.728,1524.1573,,slider,0,0,0.00,1.03,-17.20,AVAILABLE,NONE,38100,0,P,P,0.00,released,RELEASED
2026-05-18 19:14:55.128,1524.5574,,slider,0,0,6.48,0.37,-17.20,AVAILABLE,NONE,38110,0,P,P,0.00,released,RELEASED
2026-05-18 19:14:55.528,1524.9575,,slider,0,0,0.00,3.15,-17.20,AVAILABLE,NONE,38120,0,P,P,0.00,released,RELEASED
2026-05-18 19:14:55.928,1525.3573,,slider,0,0,0.00,2.05,-17.20,AVAILABLE,NONE,38130,0,P,P,0.00,released,RELEASED
2026-05-18 19:14:56.328,1525.7574,,slider,0,0,0.00,2.53,-17.20,AVAILABLE,NONE,38140,0,P,P,0.00,released,RELEASED
2026-05-18 19:14:56.728,1526.1575,,slider,0,0,6.48,2.88,-17.20,AVAILABLE,NONE,38150,0,P,P,0.00,released,RELEASED
2026-05-18 19:14:57.128,1526.5575,,slider,0,0,0.00,3.07,-17.20,AVAILABLE,NONE,38160,0,P,P,0.00,released,RELEASED
2026-05-18 19:14:57.528,1526.9575,,slider,0,0,6.48,1.92,-17.20,AVAILABLE,NONE,38170,0,P,P,0.00,released,RELEASED
2026-05-18 19:14:57.928,1527.3574,,slider,0,0,6.48,4.88,-17.20,AVAILABLE,NONE,38180,0,P,P,0.00,released,RELEASED
2026-05-18 19:14:58.328,1527.7575,,slider,0,0,6.48,4.14,-17.20,AVAILABLE,NONE,38190,0,P,P,0.00,released,RELEASED
2026-05-18 19:14:58.729,1528.1576,,slider,0,0,6.48,5.36,-17.20,AVAILABLE,NONE,38200,0,P,P,0.00,released,RELEASED
2026-05-18 19:14:59.129,1528.5576,,slider,0,0,0.00,2.13,-17.20,AVAILABLE,NONE,38210,0,P,P,0.00,released,RELEASED
2026-05-18 19:14:59.529,1528.9579,,slider,0,0,0.00,2.09,-17.20,AVAILABLE,NONE,38220,0,P,P,0.00,released,RELEASED
2026-05-18 19:14:59.929,1529.3576,,slider,0,0,0.00,1.51,-17.20,AVAILABLE,NONE,38230,0,P,P,0.00,released,RELEASED
2026-05-18 19:15:00.329,1529.7576,,slider,0,0,6.48,2.18,-17.20,AVAILABLE,NONE,38240,0,P,P,0.00,released,RELEASED
2026-05-18 19:15:00.729,1530.1577,,slider,0,0,6.48,2.59,-17.20,AVAILABLE,NONE,38250,0,P,P,0.00,released,RELEASED
2026-05-18 19:15:01.129,1530.5577,,slider,0,0,0.00,3.62,-17.20,AVAILABLE,NONE,38260,0,P,P,0.00,released,RELEASED
2026-05-18 19:15:01.529,1530.9578,,slider,0,0,6.48,2.33,-17.20,AVAILABLE,NONE,38270,0,P,P,0.00,released,RELEASED
2026-05-18 19:15:01.929,1531.3578,,slider,0,0,0.00,4.03,-17.20,AVAILABLE,NONE,38280,0,P,P,0.00,released,RELEASED
2026-05-18 19:15:02.329,1531.7579,,slider,0,0,6.48,3.25,-17.20,AVAILABLE,NONE,38290,0,P,P,0.00,released,RELEASED
2026-05-18 19:15:02.729,1532.1579,,slider,0,0,0.00,1.74,-17.20,AVAILABLE,NONE,38300,0,P,P,0.00,released,RELEASED
2026-05-18 19:15:03.129,1532.5579,,slider,0,0,6.48,4.62,-17.20,AVAILABLE,NONE,38310,0,P,P,0.00,released,RELEASED
2026-05-18 19:15:03.529,1532.9580,,slider,0,0,0.00,1.78,-17.20,AVAILABLE,NONE,38320,0,P,P,0.00,released,RELEASED
2026-05-18 19:15:03.929,1533.3579,,slider,0,0,0.00,3.49,-17.20,AVAILABLE,NONE,38330,0,P,P,0.00,released,RELEASED
2026-05-18 19:15:04.330,1533.7581,,slider,0,0,0.00,2.47,-17.20,AVAILABLE,NONE,38340,0,P,P,0.00,released,RELEASED
2026-05-18 19:15:04.730,1534.1580,,slider,0,0,0.00,2.21,-17.20,AVAILABLE,NONE,38350,0,P,P,0.00,released,RELEASED
2026-05-18 19:15:05.130,1534.5579,,slider,0,0,6.48,0.67,-17.20,AVAILABLE,NONE,38360,0,P,P,0.00,released,RELEASED
2026-05-18 19:15:05.530,1534.9583,,slider,0,0,6.48,1.34,-17.20,AVAILABLE,NONE,38370,0,P,P,0.00,released,RELEASED
2026-05-18 19:15:05.930,1535.3579,,slider,0,0,6.48,2.27,-17.20,AVAILABLE,NONE,38380,0,P,P,0.00,released,RELEASED
2026-05-18 19:15:06.330,1535.7581,,slider,0,0,0.00,4.54,-17.20,AVAILABLE,NONE,38390,0,P,P,0.00,released,RELEASED
2026-05-18 19:15:06.730,1536.1581,,slider,0,0,6.48,3.94,-17.20,AVAILABLE,NONE,38400,0,P,P,0.00,released,RELEASED
2026-05-18 19:15:07.130,1536.5581,,slider,0,0,0.00,1.45,-17.20,AVAILABLE,NONE,38410,0,P,P,0.00,released,RELEASED
2026-05-18 19:15:07.530,1536.9582,,slider,0,0,0.00,3.21,-17.20,AVAILABLE,NONE,38420,0,P,P,0.00,released,RELEASED
2026-05-18 19:15:07.930,1537.3581,,slider,0,0,0.00,2.19,-17.20,AVAILABLE,NONE,38430,0,P,P,0.00,released,RELEASED
2026-05-18 19:15:08.330,1537.7582,,slider,0,0,0.00,0.11,-17.20,AVAILABLE,NONE,38440,0,P,P,0.00,released,RELEASED
2026-05-18 19:15:08.730,1538.1583,,slider,0,0,0.00,4.69,-17.20,AVAILABLE,NONE,38450,0,P,P,0.00,released,RELEASED
2026-05-18 19:15:09.130,1538.5582,,slider,0,0,0.00,1.92,-17.20,AVAILABLE,NONE,38460,0,P,P,0.00,released,RELEASED
2026-05-18 19:15:09.530,1538.9582,,slider,0,0,6.48,1.18,-17.20,AVAILABLE,NONE,38470,0,P,P,0.00,released,RELEASED
2026-05-18 19:15:09.930,1539.3582,,slider,0,0,0.00,3.28,-17.20,AVAILABLE,NONE,38480,0,P,P,0.00,released,RELEASED
2026-05-18 19:15:10.331,1539.7583,,slider,0,0,0.00,0.44,-17.20,AVAILABLE,NONE,38490,0,P,P,0.00,released,RELEASED
2026-05-18 19:15:10.731,1540.1587,,slider,0,0,0.00,1.85,-17.20,AVAILABLE,NONE,38500,0,P,P,0.00,released,RELEASED
2026-05-18 19:15:11.131,1540.5586,,slider,0,0,0.00,2.81,-17.20,AVAILABLE,NONE,38510,0,P,P,0.00,released,RELEASED
2026-05-18 19:15:11.531,1540.9584,,slider,0,0,0.00,1.46,-17.20,AVAILABLE,NONE,38520,0,P,P,0.00,released,RELEASED
2026-05-18 19:15:11.931,1541.3584,,slider,0,0,0.00,3.67,-17.20,AVAILABLE,NONE,38530,0,P,P,0.00,released,RELEASED
2026-05-18 19:15:12.331,1541.7584,,slider,0,0,0.00,2.28,-17.20,AVAILABLE,NONE,38540,0,P,P,0.00,released,RELEASED
2026-05-18 19:15:12.731,1542.1585,,slider,0,0,0.00,2.44,-17.20,AVAILABLE,NONE,38550,0,P,P,0.00,released,RELEASED
2026-05-18 19:15:13.131,1542.5585,,slider,0,0,6.48,2.71,-17.20,AVAILABLE,NONE,38560,0,P,P,0.00,released,RELEASED
2026-05-18 19:15:13.531,1542.9585,,slider,0,0,0.00,0.73,-17.20,AVAILABLE,NONE,38570,0,P,P,0.00,released,RELEASED
2026-05-18 19:15:13.931,1543.3585,,slider,0,0,0.00,4.29,-17.20,AVAILABLE,NONE,38580,0,P,P,0.00,released,RELEASED
2026-05-18 19:15:14.331,1543.7586,,slider,0,0,0.00,3.85,-17.20,AVAILABLE,NONE,38590,0,P,P,0.00,released,RELEASED
2026-05-18 19:15:14.731,1544.1585,,slider,0,0,0.00,1.02,-17.20,AVAILABLE,NONE,38600,0,P,P,0.00,released,RELEASED
2026-05-18 19:15:15.131,1544.5586,,slider,0,0,6.48,3.31,-17.20,AVAILABLE,NONE,38610,0,P,P,0.00,released,RELEASED
2026-05-18 19:15:15.531,1544.9586,,slider,0,0,0.00,2.62,-17.20,AVAILABLE,NONE,38620,0,P,P,0.00,released,RELEASED
2026-05-18 19:15:15.931,1545.3585,,slider,0,0,0.00,2.52,-17.20,AVAILABLE,NONE,38630,0,P,P,0.00,released,RELEASED
2026-05-18 19:15:16.332,1545.7587,,slider,0,0,0.00,3.45,-17.20,AVAILABLE,NONE,38640,0,P,P,0.00,released,RELEASED
2026-05-18 19:15:16.732,1546.1587,,slider,0,0,0.00,2.18,-17.20,AVAILABLE,NONE,38650,0,P,P,0.00,released,RELEASED
2026-05-18 19:15:17.132,1546.5588,,slider,0,0,0.00,2.83,-17.20,AVAILABLE,NONE,38660,0,P,P,0.00,released,RELEASED
2026-05-18 19:15:17.532,1546.9586,,slider,0,0,0.00,3.69,-17.20,AVAILABLE,NONE,38670,0,P,P,0.00,released,RELEASED
2026-05-18 19:15:17.932,1547.3586,,slider,0,0,0.00,3.32,-17.20,AVAILABLE,NONE,38680,0,P,P,0.00,released,RELEASED
2026-05-18 19:15:18.332,1547.7589,,slider,0,0,6.48,4.76,-17.20,AVAILABLE,NONE,38690,0,P,P,0.00,released,RELEASED
2026-05-18 19:15:18.732,1548.1587,,slider,0,0,0.00,3.66,-17.20,AVAILABLE,NONE,38700,0,P,P,0.00,released,RELEASED
2026-05-18 19:15:19.132,1548.5588,,slider,0,0,0.00,1.96,-17.20,AVAILABLE,NONE,38710,0,P,P,0.00,released,RELEASED
2026-05-18 19:15:19.532,1548.9590,,slider,0,0,6.48,2.65,-17.20,AVAILABLE,NONE,38720,0,P,P,0.00,released,RELEASED
2026-05-18 19:15:19.932,1549.3589,,slider,0,0,6.48,4.48,-17.20,AVAILABLE,NONE,38730,0,P,P,0.00,released,RELEASED
2026-05-18 19:15:20.332,1549.7590,,slider,0,0,0.00,1.61,-17.20,AVAILABLE,NONE,38740,0,P,P,0.00,released,RELEASED
2026-05-18 19:15:20.732,1550.1590,,slider,0,0,0.00,4.36,-17.20,AVAILABLE,NONE,38750,0,P,P,0.00,released,RELEASED
2026-05-18 19:15:21.132,1550.5589,,slider,0,0,0.00,0.72,-17.20,AVAILABLE,NONE,38760,0,P,P,0.00,released,RELEASED
2026-05-18 19:15:21.532,1550.9590,,slider,0,0,0.00,3.15,-17.20,AVAILABLE,NONE,38770,0,P,P,0.00,released,RELEASED
2026-05-18 19:15:21.932,1551.3590,,slider,0,0,0.00,1.15,-17.20,AVAILABLE,NONE,38780,0,P,P,0.00,released,RELEASED
2026-05-18 19:15:22.333,1551.7590,,slider,0,0,0.00,0.47,-17.20,AVAILABLE,NONE,38790,0,P,P,0.00,released,RELEASED
2026-05-18 19:15:22.733,1552.1591,,slider,0,0,0.00,2.16,-17.20,AVAILABLE,NONE,38800,0,P,P,0.00,released,RELEASED
2026-05-18 19:15:23.133,1552.5591,,slider,0,0,0.00,1.45,-17.20,AVAILABLE,NONE,38810,0,P,P,0.00,released,RELEASED
2026-05-18 19:15:23.533,1552.9593,,slider,0,0,0.00,1.17,-17.20,AVAILABLE,NONE,38820,0,P,P,0.00,released,RELEASED
2026-05-18 19:15:23.933,1553.3592,,slider,0,0,0.00,4.00,-17.20,AVAILABLE,NONE,38830,0,P,P,0.00,released,RELEASED
2026-05-18 19:15:24.333,1553.7594,,slider,0,0,0.00,2.00,-17.20,AVAILABLE,NONE,38840,0,P,P,0.00,released,RELEASED
2026-05-18 19:15:24.733,1554.1592,,slider,0,0,0.00,3.73,-17.20,AVAILABLE,NONE,38850,0,P,P,0.00,released,RELEASED
2026-05-18 19:15:25.133,1554.5595,,slider,0,0,0.00,1.75,-17.20,AVAILABLE,NONE,38860,0,P,P,0.00,released,RELEASED
2026-05-18 19:15:25.533,1554.9593,,slider,0,0,0.00,2.27,-17.20,AVAILABLE,NONE,38870,0,P,P,0.00,released,RELEASED
2026-05-18 19:15:25.933,1555.3593,,slider,0,0,0.00,3.54,-17.20,AVAILABLE,NONE,38880,0,P,P,0.00,released,RELEASED
2026-05-18 19:15:26.333,1555.7593,,slider,0,0,6.48,2.83,-17.20,AVAILABLE,NONE,38890,0,P,P,0.00,released,RELEASED
2026-05-18 19:15:26.734,1556.1595,,slider,0,0,0.00,1.72,-17.20,AVAILABLE,NONE,38900,0,P,P,0.00,released,RELEASED
2026-05-18 19:15:27.133,1556.5594,,slider,0,0,6.48,3.03,-17.20,AVAILABLE,NONE,38910,0,P,P,0.00,released,RELEASED
2026-05-18 19:15:27.534,1556.9597,,slider,0,0,0.00,2.93,-17.20,AVAILABLE,NONE,38920,0,P,P,0.00,released,RELEASED
2026-05-18 19:15:27.934,1557.3597,,slider,0,0,6.48,2.75,-17.20,AVAILABLE,NONE,38930,0,P,P,0.00,released,RELEASED
2026-05-18 19:15:28.334,1557.7598,,slider,0,0,6.48,5.42,-17.20,AVAILABLE,NONE,38940,0,P,P,0.00,released,RELEASED
2026-05-18 19:15:28.734,1558.1599,,slider,0,0,0.00,4.14,-17.20,AVAILABLE,NONE,38950,0,P,P,0.00,released,RELEASED
2026-05-18 19:15:29.134,1558.5597,,slider,0,0,0.00,3.04,-17.20,AVAILABLE,NONE,38960,0,P,P,0.00,released,RELEASED
2026-05-18 19:15:29.534,1558.9598,,slider,0,0,0.00,4.47,-17.20,AVAILABLE,NONE,38970,0,P,P,0.00,released,RELEASED
2026-05-18 19:15:29.934,1559.3598,,slider,0,0,6.48,2.22,-17.20,AVAILABLE,NONE,38980,0,P,P,0.00,released,RELEASED
2026-05-18 19:15:30.335,1559.7603,,slider,0,0,6.48,3.14,-17.20,AVAILABLE,NONE,38990,0,P,P,0.00,released,RELEASED
2026-05-18 19:15:30.735,1560.1604,,slider,0,0,0.00,3.80,-17.20,AVAILABLE,NONE,39000,0,P,P,0.00,released,RELEASED
2026-05-18 19:15:31.135,1560.5601,,slider,0,0,6.48,3.97,-17.20,AVAILABLE,NONE,39010,0,P,P,0.00,released,RELEASED
2026-05-18 19:15:31.535,1560.9601,,slider,0,0,0.00,4.34,-17.20,AVAILABLE,NONE,39020,0,P,P,0.00,released,RELEASED
2026-05-18 19:15:31.935,1561.3600,,slider,0,0,0.00,1.54,-17.20,AVAILABLE,NONE,39030,0,P,P,0.00,released,RELEASED
2026-05-18 19:15:32.335,1561.7603,,slider,0,0,6.48,1.71,-17.20,AVAILABLE,NONE,39040,0,P,P,0.00,released,RELEASED
2026-05-18 19:15:32.735,1562.1601,,slider,0,0,0.00,1.44,-17.20,AVAILABLE,NONE,39050,0,P,P,0.00,released,RELEASED
2026-05-18 19:15:33.135,1562.5603,,slider,0,0,6.48,0.90,-17.20,AVAILABLE,NONE,39060,0,P,P,0.00,released,RELEASED
2026-05-18 19:15:33.535,1562.9603,,slider,0,0,0.00,3.49,-17.20,AVAILABLE,NONE,39070,0,P,P,0.00,released,RELEASED
2026-05-18 19:15:33.935,1563.3604,,slider,0,0,0.00,4.37,-17.20,AVAILABLE,NONE,39080,0,P,P,0.00,released,RELEASED
2026-05-18 19:15:34.335,1563.7603,,slider,0,0,6.48,2.18,-17.20,AVAILABLE,NONE,39090,0,P,P,0.00,released,RELEASED
2026-05-18 19:15:34.735,1564.1603,,slider,0,0,6.48,2.13,-17.20,AVAILABLE,NONE,39100,0,P,P,0.00,released,RELEASED
2026-05-18 19:15:35.135,1564.5603,,slider,0,0,6.48,3.83,-17.20,AVAILABLE,NONE,39110,0,P,P,0.00,released,RELEASED
2026-05-18 19:15:35.535,1564.9603,,slider,0,0,0.00,1.02,-17.20,AVAILABLE,NONE,39120,0,P,P,0.00,released,RELEASED
2026-05-18 19:15:35.935,1565.3603,,slider,0,0,0.00,2.96,-17.20,AVAILABLE,NONE,39130,0,P,P,0.00,released,RELEASED
2026-05-18 19:15:36.335,1565.7604,,slider,0,0,0.00,3.20,-17.20,AVAILABLE,NONE,39140,0,P,P,0.00,released,RELEASED
2026-05-18 19:15:36.736,1566.1605,,slider,0,0,6.48,3.04,-17.20,AVAILABLE,NONE,39150,0,P,P,0.00,released,RELEASED
2026-05-18 19:15:37.136,1566.5605,,slider,0,0,6.48,3.57,-17.20,AVAILABLE,NONE,39160,0,P,P,0.00,released,RELEASED
2026-05-18 19:15:37.536,1566.9605,,slider,0,0,0.00,2.58,-17.20,AVAILABLE,NONE,39170,0,P,P,0.00,released,RELEASED
2026-05-18 19:15:37.936,1567.3606,,slider,0,0,0.00,3.23,-17.20,AVAILABLE,NONE,39180,0,P,P,0.00,released,RELEASED
2026-05-18 19:15:38.336,1567.7605,,slider,0,0,0.00,2.60,-17.20,AVAILABLE,NONE,39190,0,P,P,0.00,released,RELEASED
2026-05-18 19:15:38.736,1568.1606,,slider,0,0,0.00,2.29,-17.20,AVAILABLE,NONE,39200,0,P,P,0.00,released,RELEASED
2026-05-18 19:15:39.136,1568.5607,,slider,0,0,6.48,2.61,-17.20,AVAILABLE,NONE,39210,0,P,P,0.00,released,RELEASED
2026-05-18 19:15:39.536,1568.9607,,slider,0,0,0.00,2.25,-17.20,AVAILABLE,NONE,39220,0,P,P,0.00,released,RELEASED
2026-05-18 19:15:39.936,1569.3607,,slider,0,0,6.48,2.06,-17.20,AVAILABLE,NONE,39230,0,P,P,0.00,released,RELEASED
2026-05-18 19:15:40.336,1569.7607,,slider,0,0,6.48,4.92,-17.20,AVAILABLE,NONE,39240,0,P,P,0.00,released,RELEASED
2026-05-18 19:15:40.737,1570.1610,,slider,0,0,0.00,2.30,-17.20,AVAILABLE,NONE,39250,0,P,P,0.00,released,RELEASED
2026-05-18 19:15:41.136,1570.5607,,slider,0,0,0.00,1.88,-17.20,AVAILABLE,NONE,39260,0,P,P,0.00,released,RELEASED
2026-05-18 19:15:41.537,1570.9611,,slider,0,0,0.00,3.71,-17.20,AVAILABLE,NONE,39270,0,P,P,0.00,released,RELEASED
2026-05-18 19:15:41.936,1571.3608,,slider,0,0,6.48,0.57,-17.20,AVAILABLE,NONE,39280,0,P,P,0.00,released,RELEASED
2026-05-18 19:15:42.337,1571.7610,,slider,0,0,0.00,3.20,-17.20,AVAILABLE,NONE,39290,0,P,P,0.00,released,RELEASED
2026-05-18 19:15:42.737,1572.1608,,slider,0,0,0.00,4.20,-17.20,AVAILABLE,NONE,39300,0,P,P,0.00,released,RELEASED
2026-05-18 19:15:43.137,1572.5611,,slider,0,0,0.00,2.66,-17.20,AVAILABLE,NONE,39310,0,P,P,0.00,released,RELEASED
2026-05-18 19:15:43.537,1572.9611,,slider,0,0,6.48,2.77,-17.20,AVAILABLE,NONE,39320,0,P,P,0.00,released,RELEASED
2026-05-18 19:15:43.937,1573.3612,,slider,0,0,0.00,1.75,-17.20,AVAILABLE,NONE,39330,0,P,P,0.00,released,RELEASED
2026-05-18 19:15:44.337,1573.7612,,slider,0,0,6.48,1.96,-17.20,AVAILABLE,NONE,39340,0,P,P,0.00,released,RELEASED
2026-05-18 19:15:44.737,1574.1612,,slider,0,0,0.00,3.31,-17.20,AVAILABLE,NONE,39350,0,P,P,0.00,released,RELEASED
2026-05-18 19:15:45.137,1574.5611,,slider,0,0,0.00,1.17,-17.20,AVAILABLE,NONE,39360,0,P,P,0.00,released,RELEASED
2026-05-18 19:15:45.537,1574.9613,,slider,0,0,0.00,3.35,-17.20,AVAILABLE,NONE,39370,0,P,P,0.00,released,RELEASED
2026-05-18 19:15:45.937,1575.3613,,slider,0,0,0.00,3.26,-17.20,AVAILABLE,NONE,39380,0,P,P,0.00,released,RELEASED
2026-05-18 19:15:46.337,1575.7613,,slider,0,0,0.00,1.58,-17.20,AVAILABLE,NONE,39390,0,P,P,0.00,released,RELEASED
2026-05-18 19:15:46.738,1576.1614,,slider,0,0,6.48,2.12,-17.20,AVAILABLE,NONE,39400,0,P,P,0.00,released,RELEASED
2026-05-18 19:15:47.138,1576.5613,,slider,0,0,0.00,2.75,-17.20,AVAILABLE,NONE,39410,0,P,P,0.00,released,RELEASED
2026-05-18 19:15:47.538,1576.9614,,slider,0,0,0.00,1.14,-17.20,AVAILABLE,NONE,39420,0,P,P,0.00,released,RELEASED
2026-05-18 19:15:47.938,1577.3614,,slider,0,0,0.00,3.61,-17.20,AVAILABLE,NONE,39430,0,P,P,0.00,released,RELEASED
2026-05-18 19:15:48.338,1577.7614,,slider,0,0,6.48,3.00,-17.20,AVAILABLE,NONE,39440,0,P,P,0.00,released,RELEASED
2026-05-18 19:15:48.738,1578.1614,,slider,0,0,0.00,2.45,-17.20,AVAILABLE,NONE,39450,0,P,P,0.00,released,RELEASED
2026-05-18 19:15:49.138,1578.5615,,slider,0,0,6.48,2.81,-17.20,AVAILABLE,NONE,39460,0,P,P,0.00,released,RELEASED
2026-05-18 19:15:49.538,1578.9616,,slider,0,0,6.48,2.63,-17.20,AVAILABLE,NONE,39470,0,P,P,0.00,released,RELEASED
2026-05-18 19:15:49.938,1579.3616,,slider,0,0,6.48,2.92,-17.20,AVAILABLE,NONE,39480,0,P,P,0.00,released,RELEASED
2026-05-18 19:15:50.338,1579.7615,,slider,0,0,6.48,3.69,-17.20,AVAILABLE,NONE,39490,0,P,P,0.00,released,RELEASED
2026-05-18 19:15:50.738,1580.1615,,slider,0,0,0.00,2.80,-17.20,AVAILABLE,NONE,39500,0,P,P,0.00,released,RELEASED
2026-05-18 19:15:51.138,1580.5616,,slider,0,0,6.48,2.31,-17.20,AVAILABLE,NONE,39510,0,P,P,0.00,released,RELEASED
2026-05-18 19:15:51.538,1580.9617,,slider,0,0,6.48,2.62,-17.20,AVAILABLE,NONE,39520,0,P,P,0.00,released,RELEASED
2026-05-18 19:15:51.938,1581.3617,,slider,0,0,0.00,1.35,-17.20,AVAILABLE,NONE,39530,0,P,P,0.00,released,RELEASED
2026-05-18 19:15:52.318,1581.7416,,slider,0,0,0.00,4.52,-17.20,AVAILABLE,NONE,39540,0,P,P,0.00,released,RELEASED
2026-05-18 19:15:52.399,1581.8218,eac_transition:INHIBITED,slider,0,0,0.00,3.70,-17.20,INHIBITED,OUT_OF_RANGE,39542,0,P,P,0.00,released,RELEASED
2026-05-18 19:15:52.718,1582.1416,,slider,0,0,0.00,3.20,-17.20,INHIBITED,OUT_OF_RANGE,39550,0,P,P,0.00,released,RELEASED
2026-05-18 19:15:53.118,1582.5416,,slider,0,0,6.48,3.01,-17.30,INHIBITED,OUT_OF_RANGE,39560,0,P,P,0.00,released,RELEASED
2026-05-18 19:15:53.519,1582.9417,,slider,0,0,0.00,1.99,-17.30,INHIBITED,OUT_OF_RANGE,39570,0,P,P,0.00,released,RELEASED
2026-05-18 19:15:53.919,1583.3416,,slider,0,0,0.00,2.38,-17.30,INHIBITED,OUT_OF_RANGE,39580,0,P,P,0.00,released,RELEASED
2026-05-18 19:15:54.660,1584.0827,estop:no 0x370 for 501 ms,slider,0,1,6.48,3.12,-17.30,INHIBITED,OUT_OF_RANGE,39586,0,P,P,0.00,released,RELEASED
2026-05-18 19:47:24.256,3473.5492,,slider,0,1,6.48,3.12,819.10,INHIBITED,NONE,39590,0,P,P,0.00,released,RELEASED
2026-05-18 19:47:24.453,3473.7453,gear_change:SNA,slider,0,1,6.48,3.12,819.10,INHIBITED,NONE,39594,0,SNA,SNA,0.00,PRESSED,FAULT
2026-05-18 19:47:24.497,3473.7896,eac_transition:SNA,slider,0,1,6.48,3.12,-17.90,SNA,NONE,39596,0,SNA,SNA,0.00,PRESSED,FAULT
2026-05-18 19:47:24.509,3473.8016,gear_change:P,slider,0,1,6.48,3.12,-17.90,SNA,NONE,39596,0,P,N,0.00,PRESSED,FAULT
2026-05-18 19:47:24.658,3473.9502,,slider,0,1,6.48,3.12,-17.90,INHIBITED,OUT_OF_RANGE,39600,0,P,P,0.00,PRESSED,FAULT
2026-05-18 19:47:25.059,3474.3517,,slider,0,1,6.48,3.12,-17.90,INHIBITED,OUT_OF_RANGE,39610,0,P,P,0.00,PRESSED,FAULT
2026-05-18 19:47:25.460,3474.7526,,slider,0,1,6.48,3.12,-17.90,INHIBITED,OUT_OF_RANGE,39620,0,P,P,0.00,PRESSED,FAULT
2026-05-18 19:47:25.857,3475.1492,,slider,0,1,6.48,3.12,-17.90,INHIBITED,OUT_OF_RANGE,39630,0,P,P,0.00,PRESSED,FAULT
2026-05-18 19:47:26.259,3475.5514,,slider,0,1,6.48,3.12,-17.90,INHIBITED,OUT_OF_RANGE,39640,0,P,P,0.00,PRESSED,FAULT
2026-05-18 19:47:26.660,3475.9522,,slider,0,1,6.48,3.12,-17.90,INHIBITED,OUT_OF_RANGE,39650,0,P,P,0.00,PRESSED,FAULT
2026-05-18 19:47:27.061,3476.3539,,slider,0,1,6.48,3.12,-17.90,INHIBITED,OUT_OF_RANGE,39660,0,P,P,0.00,PRESSED,FAULT
2026-05-18 19:47:27.458,3476.7502,,slider,0,1,6.48,3.12,-17.90,INHIBITED,OUT_OF_RANGE,39670,0,P,P,0.00,PRESSED,FAULT
2026-05-18 19:47:27.860,3477.1524,,slider,0,1,6.48,3.12,-17.90,INHIBITED,OUT_OF_RANGE,39680,0,P,P,0.00,PRESSED,FAULT
2026-05-18 19:47:28.261,3477.5537,,slider,0,1,6.48,3.12,-17.90,INHIBITED,OUT_OF_RANGE,39690,0,P,P,0.00,PRESSED,FAULT
2026-05-18 19:47:28.661,3477.9540,,slider,0,1,6.48,3.12,-17.90,INHIBITED,OUT_OF_RANGE,39700,0,P,P,0.00,PRESSED,FAULT
2026-05-18 19:47:29.057,3478.3493,,slider,0,1,6.48,3.12,-17.90,INHIBITED,OUT_OF_RANGE,39710,0,P,P,0.00,PRESSED,FAULT
2026-05-18 19:47:29.459,3478.7516,,slider,0,1,6.48,3.12,-17.90,INHIBITED,OUT_OF_RANGE,39720,0,P,P,0.00,PRESSED,FAULT
2026-05-18 19:47:29.858,3479.1503,,slider,0,1,6.48,3.12,-17.90,INHIBITED,OUT_OF_RANGE,39730,0,P,P,0.00,PRESSED,FAULT
2026-05-18 19:47:30.261,3479.5529,,slider,0,1,6.48,3.12,-17.90,INHIBITED,OUT_OF_RANGE,39740,0,P,P,0.00,PRESSED,FAULT
2026-05-18 19:47:30.658,3479.9501,,slider,0,1,6.48,3.12,-17.90,INHIBITED,OUT_OF_RANGE,39750,0,P,P,0.00,PRESSED,FAULT
2026-05-18 19:47:31.058,3480.3508,,slider,0,1,6.48,3.12,-17.90,INHIBITED,OUT_OF_RANGE,39760,0,P,P,0.00,PRESSED,FAULT
2026-05-18 19:47:31.461,3480.7530,,slider,0,1,6.48,3.12,-17.90,INHIBITED,OUT_OF_RANGE,39770,0,P,P,0.00,PRESSED,FAULT
2026-05-18 19:47:31.859,3481.1513,,slider,0,1,6.48,3.12,-17.90,INHIBITED,OUT_OF_RANGE,39780,0,P,P,0.00,PRESSED,FAULT
2026-05-18 19:47:32.257,3481.5491,,slider,0,1,6.48,3.12,-17.90,INHIBITED,OUT_OF_RANGE,39790,0,P,P,0.00,PRESSED,FAULT
2026-05-18 19:47:32.659,3481.9508,,slider,0,1,6.48,3.12,-17.90,INHIBITED,OUT_OF_RANGE,39800,0,P,P,0.00,PRESSED,FAULT
2026-05-18 19:47:33.058,3482.3500,,slider,0,1,6.48,3.12,-17.90,INHIBITED,OUT_OF_RANGE,39810,0,P,P,0.00,released,RELEASED
2026-05-18 19:47:33.459,3482.7512,,slider,0,1,6.48,3.12,-17.90,INHIBITED,OUT_OF_RANGE,39820,0,P,P,0.00,released,RELEASED
2026-05-18 19:47:33.859,3483.1515,,slider,0,1,6.48,3.12,-17.40,INHIBITED,OUT_OF_RANGE,39830,0,P,P,0.00,released,RELEASED
2026-05-18 19:47:34.262,3483.5540,,slider,0,1,6.48,3.12,-8.90,INHIBITED,OUT_OF_RANGE,39840,0,P,P,0.00,released,RELEASED
2026-05-18 19:47:34.661,3483.9530,,slider,0,1,6.48,3.12,-9.10,INHIBITED,OUT_OF_RANGE,39850,0,P,P,0.00,released,RELEASED
2026-05-18 19:47:35.057,3484.3494,,slider,0,1,6.48,3.12,-10.30,INHIBITED,OUT_OF_RANGE,39860,0,P,P,0.00,released,RELEASED
2026-05-18 19:47:35.462,3484.7537,,slider,0,1,6.48,3.12,-10.50,INHIBITED,OUT_OF_RANGE,39870,0,P,P,0.00,released,RELEASED
2026-05-18 19:47:35.858,3485.1497,,slider,0,1,6.48,3.12,-10.80,INHIBITED,OUT_OF_RANGE,39880,0,P,P,0.00,released,RELEASED
2026-05-18 19:47:36.259,3485.5510,,slider,0,1,6.48,3.12,-14.60,INHIBITED,OUT_OF_RANGE,39890,0,P,P,0.00,released,RELEASED
2026-05-18 19:47:36.662,3485.9537,,slider,0,1,6.48,3.12,-18.50,INHIBITED,OUT_OF_RANGE,39900,0,P,P,0.00,released,RELEASED
2026-05-18 19:47:37.062,3486.3542,,slider,0,1,6.48,3.12,-18.40,INHIBITED,OUT_OF_RANGE,39910,0,P,P,0.00,released,RELEASED
2026-05-18 19:47:37.458,3486.7501,,slider,0,1,6.48,3.12,-18.40,INHIBITED,OUT_OF_RANGE,39920,0,P,P,0.00,released,RELEASED
2026-05-18 19:47:37.859,3487.1511,,slider,0,1,6.48,3.12,-18.40,INHIBITED,OUT_OF_RANGE,39930,0,P,P,0.00,released,RELEASED
2026-05-18 19:47:38.259,3487.5510,,slider,0,1,6.48,3.12,-18.40,INHIBITED,OUT_OF_RANGE,39940,0,P,P,0.00,released,RELEASED
2026-05-18 19:47:38.659,3487.9507,,slider,0,1,6.48,3.12,-18.40,INHIBITED,OUT_OF_RANGE,39950,0,P,P,0.00,released,RELEASED
2026-05-18 19:47:39.058,3488.3499,,slider,0,1,6.48,3.12,-18.40,INHIBITED,OUT_OF_RANGE,39960,0,P,P,0.00,released,RELEASED
2026-05-18 19:47:39.459,3488.7508,,slider,0,1,6.48,3.12,-18.40,INHIBITED,OUT_OF_RANGE,39970,0,P,P,0.00,released,RELEASED
2026-05-18 19:47:39.861,3489.1529,,slider,0,1,6.48,3.12,-18.40,INHIBITED,OUT_OF_RANGE,39980,0,P,P,0.00,released,RELEASED
2026-05-18 19:47:40.259,3489.5511,,slider,0,1,6.48,3.12,-18.40,INHIBITED,OUT_OF_RANGE,39990,0,P,P,0.00,released,RELEASED
2026-05-18 19:47:40.661,3489.9525,,slider,0,1,6.48,3.12,-18.40,INHIBITED,OUT_OF_RANGE,40000,0,P,P,0.00,released,RELEASED
2026-05-18 19:47:41.058,3490.3501,,slider,0,1,6.48,3.12,-18.40,INHIBITED,OUT_OF_RANGE,40010,0,P,P,0.00,released,RELEASED
2026-05-18 19:47:41.461,3490.7532,,slider,0,1,6.48,3.12,-18.40,INHIBITED,OUT_OF_RANGE,40020,0,P,P,0.00,released,RELEASED
2026-05-18 19:47:41.862,3491.1537,,slider,0,1,6.48,3.12,-18.40,INHIBITED,OUT_OF_RANGE,40030,0,P,P,0.00,released,RELEASED
2026-05-18 19:47:42.259,3491.5505,,slider,0,1,6.48,3.12,-18.40,INHIBITED,OUT_OF_RANGE,40040,0,P,P,0.00,released,RELEASED
2026-05-18 19:47:42.660,3491.9517,,slider,0,1,6.48,3.12,-18.40,INHIBITED,OUT_OF_RANGE,40050,0,P,P,0.00,released,RELEASED
2026-05-18 19:47:43.060,3492.3516,,slider,0,1,6.48,3.12,-18.40,INHIBITED,OUT_OF_RANGE,40060,0,P,P,0.00,released,RELEASED
2026-05-18 19:47:43.460,3492.7521,,slider,0,1,6.48,3.12,-18.40,INHIBITED,OUT_OF_RANGE,40070,0,P,P,0.00,released,RELEASED
2026-05-18 19:47:43.860,3493.1513,,slider,0,1,6.48,3.12,-18.40,INHIBITED,OUT_OF_RANGE,40080,0,P,P,0.00,released,RELEASED
2026-05-18 19:47:44.260,3493.5513,,slider,0,1,6.48,3.12,-18.40,INHIBITED,OUT_OF_RANGE,40090,0,P,P,0.00,released,RELEASED
2026-05-18 19:47:44.660,3493.9521,,slider,0,1,6.48,3.12,-18.40,INHIBITED,OUT_OF_RANGE,40100,0,P,P,0.00,released,RELEASED
2026-05-18 19:47:45.061,3494.3530,,slider,0,1,6.48,3.12,-18.40,INHIBITED,OUT_OF_RANGE,40110,0,P,P,0.00,released,RELEASED
2026-05-18 19:47:45.458,3494.7493,,slider,0,1,6.48,3.12,-18.40,INHIBITED,OUT_OF_RANGE,40120,0,P,P,0.00,released,RELEASED
2026-05-18 19:47:45.859,3495.1504,,slider,0,1,6.48,3.12,-18.40,INHIBITED,OUT_OF_RANGE,40130,0,P,P,0.00,released,RELEASED
2026-05-18 19:47:46.260,3495.5512,,slider,0,1,6.48,3.12,-18.40,INHIBITED,OUT_OF_RANGE,40140,0,P,P,0.00,released,RELEASED
2026-05-18 19:47:46.661,3495.9529,,slider,0,1,6.48,3.12,-18.40,INHIBITED,OUT_OF_RANGE,40150,0,P,P,0.00,released,RELEASED
2026-05-18 19:47:47.061,3496.3521,,slider,0,1,6.48,3.12,-18.40,INHIBITED,OUT_OF_RANGE,40160,0,P,P,0.00,released,RELEASED
2026-05-18 19:47:47.463,3496.7542,,slider,0,1,6.48,3.12,-18.40,INHIBITED,OUT_OF_RANGE,40170,0,P,P,0.00,released,RELEASED
2026-05-18 19:47:47.860,3497.1511,,slider,0,1,6.48,3.12,-18.40,INHIBITED,OUT_OF_RANGE,40180,0,P,P,0.00,released,RELEASED
2026-05-18 19:47:48.261,3497.5522,,slider,0,1,6.48,3.12,-18.40,INHIBITED,OUT_OF_RANGE,40190,0,P,P,0.00,released,RELEASED
2026-05-18 19:47:48.662,3497.9531,,slider,0,1,6.48,3.12,-18.40,INHIBITED,OUT_OF_RANGE,40200,0,P,P,0.00,released,RELEASED
2026-05-18 19:47:49.059,3498.3501,,slider,0,1,6.48,3.12,-18.40,INHIBITED,OUT_OF_RANGE,40210,0,P,P,0.00,released,RELEASED
2026-05-18 19:47:49.459,3498.7507,,slider,0,1,6.48,3.12,-18.40,INHIBITED,OUT_OF_RANGE,40220,0,P,P,0.00,released,RELEASED
2026-05-18 19:47:49.860,3499.1514,,slider,0,1,6.48,3.12,-18.40,INHIBITED,OUT_OF_RANGE,40230,0,P,P,0.00,released,RELEASED
2026-05-18 19:47:50.261,3499.5518,,slider,0,1,6.48,3.12,-18.40,INHIBITED,OUT_OF_RANGE,40240,0,P,P,0.00,released,RELEASED
2026-05-18 19:47:50.661,3499.9526,,slider,0,1,6.48,3.12,-18.40,INHIBITED,OUT_OF_RANGE,40250,0,P,P,0.00,released,RELEASED
2026-05-18 19:47:51.060,3500.3516,,slider,0,1,6.48,3.12,-18.40,INHIBITED,OUT_OF_RANGE,40260,0,P,P,0.00,released,RELEASED
2026-05-18 19:47:51.462,3500.7535,,slider,0,1,6.48,3.12,-18.40,INHIBITED,OUT_OF_RANGE,40270,0,P,P,0.00,released,RELEASED
2026-05-18 19:47:51.863,3501.1539,,slider,0,1,6.48,3.12,-18.40,INHIBITED,OUT_OF_RANGE,40280,0,P,P,0.00,released,RELEASED
2026-05-18 19:47:52.260,3501.5510,,slider,0,1,6.48,3.12,-18.40,INHIBITED,OUT_OF_RANGE,40290,0,P,P,0.00,released,RELEASED
2026-05-18 19:47:52.661,3501.9521,,slider,0,1,6.48,3.12,-18.40,INHIBITED,OUT_OF_RANGE,40300,0,P,P,0.00,released,RELEASED
2026-05-18 19:47:53.062,3502.3533,,slider,0,1,6.48,3.12,-18.40,INHIBITED,OUT_OF_RANGE,40310,0,P,P,0.00,released,RELEASED
2026-05-18 19:47:53.463,3502.7540,,slider,0,1,6.48,3.12,-18.40,INHIBITED,OUT_OF_RANGE,40320,0,P,P,0.00,released,RELEASED
2026-05-18 19:47:53.860,3503.1514,,slider,0,1,6.48,3.12,-18.40,INHIBITED,OUT_OF_RANGE,40330,0,P,P,0.00,released,RELEASED
2026-05-18 19:47:54.263,3503.5545,,slider,0,1,6.48,3.12,-18.40,INHIBITED,OUT_OF_RANGE,40340,0,P,P,0.00,released,RELEASED
2026-05-18 19:47:54.660,3503.9511,,slider,0,1,6.48,3.12,-18.40,INHIBITED,OUT_OF_RANGE,40350,0,P,P,0.00,released,RELEASED
2026-05-18 19:47:55.060,3504.3515,,slider,0,1,6.48,3.12,-18.40,INHIBITED,OUT_OF_RANGE,40360,0,P,P,0.00,released,RELEASED
2026-05-18 19:47:55.462,3504.7529,,slider,0,1,6.48,3.12,-18.40,INHIBITED,OUT_OF_RANGE,40370,0,P,P,0.00,released,RELEASED
2026-05-18 19:47:55.862,3505.1534,,slider,0,1,6.48,3.12,-18.40,INHIBITED,OUT_OF_RANGE,40380,0,P,P,0.00,released,RELEASED
2026-05-18 19:47:56.264,3505.5547,,slider,0,1,6.48,3.12,-18.40,INHIBITED,OUT_OF_RANGE,40390,0,P,P,0.00,released,RELEASED
2026-05-18 19:47:56.659,3505.9494,,slider,0,1,6.48,3.12,-18.40,INHIBITED,OUT_OF_RANGE,40400,0,P,P,0.00,released,RELEASED
2026-05-18 19:47:57.060,3506.3509,,slider,0,1,6.48,3.12,-18.40,INHIBITED,OUT_OF_RANGE,40410,0,P,P,0.00,released,RELEASED
2026-05-18 19:47:57.462,3506.7530,,slider,0,1,6.48,3.12,-18.40,INHIBITED,OUT_OF_RANGE,40420,0,P,P,0.00,released,RELEASED
2026-05-18 19:47:57.863,3507.1538,,slider,0,1,6.48,3.12,-18.40,INHIBITED,OUT_OF_RANGE,40430,0,P,P,0.00,released,RELEASED
2026-05-18 19:47:58.263,3507.5541,,slider,0,1,6.48,3.12,-18.40,INHIBITED,OUT_OF_RANGE,40440,0,P,P,0.00,released,RELEASED
2026-05-18 19:47:58.660,3507.9504,,slider,0,1,6.48,3.12,-18.40,INHIBITED,OUT_OF_RANGE,40450,0,P,P,0.00,released,RELEASED
2026-05-18 19:47:59.059,3508.3500,,slider,0,1,6.48,3.12,-18.40,INHIBITED,OUT_OF_RANGE,40460,0,P,P,0.00,released,RELEASED
2026-05-18 19:47:59.462,3508.7530,,slider,0,1,6.48,3.12,-18.40,INHIBITED,OUT_OF_RANGE,40470,0,P,P,0.00,released,RELEASED
2026-05-18 19:47:59.861,3509.1516,,slider,0,1,6.48,3.12,-18.40,INHIBITED,OUT_OF_RANGE,40480,0,P,P,0.00,released,RELEASED
2026-05-18 19:48:00.262,3509.5523,,slider,0,1,6.48,3.12,-18.40,INHIBITED,OUT_OF_RANGE,40490,0,P,P,0.00,released,RELEASED
2026-05-18 19:48:00.662,3509.9531,,slider,0,1,6.48,3.12,-18.40,INHIBITED,OUT_OF_RANGE,40500,0,P,P,0.00,released,RELEASED
2026-05-18 19:48:01.062,3510.3527,,slider,0,1,6.48,3.12,-18.40,INHIBITED,OUT_OF_RANGE,40510,0,P,P,0.00,released,RELEASED
2026-05-18 19:48:01.463,3510.7536,,slider,0,1,6.48,3.12,-18.40,INHIBITED,OUT_OF_RANGE,40520,0,P,P,0.00,released,RELEASED
2026-05-18 19:48:01.860,3511.1507,,slider,0,1,6.48,3.12,-18.40,INHIBITED,OUT_OF_RANGE,40530,0,P,P,0.00,released,RELEASED
2026-05-18 19:48:02.260,3511.5505,,slider,0,1,6.48,3.12,-18.40,INHIBITED,OUT_OF_RANGE,40540,0,P,P,0.00,released,RELEASED
2026-05-18 19:48:02.662,3511.9524,,slider,0,1,6.48,3.12,-18.40,INHIBITED,OUT_OF_RANGE,40550,0,P,P,0.00,released,RELEASED
2026-05-18 19:48:03.063,3512.3533,,slider,0,1,6.48,3.12,-18.40,INHIBITED,OUT_OF_RANGE,40560,0,P,P,0.00,released,RELEASED
2026-05-18 19:48:03.464,3512.7548,,slider,0,1,6.48,3.12,-18.40,INHIBITED,OUT_OF_RANGE,40570,0,P,P,0.00,released,RELEASED
2026-05-18 19:48:03.859,3513.1500,,slider,0,1,6.48,3.12,-18.40,INHIBITED,OUT_OF_RANGE,40580,0,P,P,0.00,released,RELEASED
2026-05-18 19:48:04.262,3513.5522,,slider,0,1,6.48,3.12,-18.40,INHIBITED,OUT_OF_RANGE,40590,0,P,P,0.00,released,RELEASED
2026-05-18 19:48:04.659,3513.9495,,slider,0,1,6.48,3.12,-18.40,INHIBITED,OUT_OF_RANGE,40600,0,P,P,0.00,released,RELEASED
2026-05-18 19:48:05.061,3514.3512,,slider,0,1,6.48,3.12,-18.40,INHIBITED,OUT_OF_RANGE,40610,0,P,P,0.00,released,RELEASED
2026-05-18 19:48:05.462,3514.7522,,slider,0,1,6.48,3.12,-18.40,INHIBITED,OUT_OF_RANGE,40620,0,P,P,0.00,released,RELEASED
2026-05-18 19:48:05.861,3515.1510,,slider,0,1,6.48,3.12,-18.40,INHIBITED,OUT_OF_RANGE,40630,0,P,P,0.00,released,RELEASED
2026-05-18 19:48:06.259,3515.5497,,slider,0,1,6.48,3.12,-18.40,INHIBITED,OUT_OF_RANGE,40640,0,P,P,0.00,released,RELEASED
2026-05-18 19:48:06.660,3515.9501,,slider,0,1,6.48,3.12,-18.40,INHIBITED,OUT_OF_RANGE,40650,0,P,P,0.00,released,RELEASED
2026-05-18 19:48:07.060,3516.3506,,slider,0,1,6.48,3.12,-18.40,INHIBITED,OUT_OF_RANGE,40660,0,P,P,0.00,released,RELEASED
2026-05-18 19:48:07.463,3516.7532,,slider,0,1,6.48,3.12,-18.40,INHIBITED,OUT_OF_RANGE,40670,0,P,P,0.00,released,RELEASED
2026-05-18 19:48:07.864,3517.1548,,slider,0,1,6.48,3.12,-18.40,INHIBITED,OUT_OF_RANGE,40680,0,P,P,0.00,released,RELEASED
2026-05-18 19:48:08.261,3517.5515,,slider,0,1,6.48,3.12,-18.40,INHIBITED,OUT_OF_RANGE,40690,0,P,P,0.00,released,RELEASED
2026-05-18 19:48:08.662,3517.9519,,slider,0,1,6.48,3.12,-18.40,INHIBITED,OUT_OF_RANGE,40700,0,P,P,0.00,released,RELEASED
2026-05-18 19:48:09.063,3518.3528,,slider,0,1,6.48,3.12,-18.40,INHIBITED,OUT_OF_RANGE,40710,0,P,P,0.00,released,RELEASED
2026-05-18 19:48:09.461,3518.7517,,slider,0,1,6.48,3.12,-18.40,INHIBITED,OUT_OF_RANGE,40720,0,P,P,0.00,released,RELEASED
2026-05-18 19:48:09.863,3519.1532,,slider,0,1,6.48,3.12,-18.40,INHIBITED,OUT_OF_RANGE,40730,0,P,P,0.00,released,RELEASED
2026-05-18 19:48:10.261,3519.5511,,slider,0,1,6.48,3.12,-18.40,INHIBITED,OUT_OF_RANGE,40740,0,P,P,0.00,released,RELEASED
2026-05-18 19:48:10.662,3519.9521,,slider,0,1,6.48,3.12,-18.40,INHIBITED,OUT_OF_RANGE,40750,0,P,P,0.00,released,RELEASED
2026-05-18 19:48:11.064,3520.3537,,slider,0,1,6.48,3.12,-18.40,INHIBITED,OUT_OF_RANGE,40760,0,P,P,0.00,released,RELEASED
2026-05-18 19:48:11.464,3520.7537,,slider,0,1,6.48,3.12,-18.40,INHIBITED,OUT_OF_RANGE,40770,0,P,P,0.00,released,RELEASED
2026-05-18 19:48:11.863,3521.1533,,slider,0,1,6.48,3.12,-18.40,INHIBITED,OUT_OF_RANGE,40780,0,P,P,0.00,released,RELEASED
2026-05-18 19:48:12.264,3521.5538,,slider,0,1,6.48,3.12,-18.40,INHIBITED,OUT_OF_RANGE,40790,0,P,P,0.00,released,RELEASED
2026-05-18 19:48:12.664,3521.9540,,slider,0,1,6.48,3.12,-18.40,INHIBITED,OUT_OF_RANGE,40800,0,P,P,0.00,released,RELEASED
2026-05-18 19:48:13.064,3522.3545,,slider,0,1,6.48,3.12,-18.40,INHIBITED,OUT_OF_RANGE,40810,0,P,P,0.00,released,RELEASED
2026-05-18 19:48:13.464,3522.7541,,slider,0,1,6.48,3.12,-18.40,INHIBITED,OUT_OF_RANGE,40820,0,P,P,0.00,released,RELEASED
2026-05-18 19:48:13.863,3523.1526,,slider,0,1,6.48,3.12,-18.40,INHIBITED,OUT_OF_RANGE,40830,0,P,P,0.00,released,RELEASED
2026-05-18 19:48:14.263,3523.5533,,slider,0,1,6.48,3.12,-18.40,INHIBITED,OUT_OF_RANGE,40840,0,P,P,0.00,released,RELEASED
2026-05-18 19:48:14.665,3523.9553,,slider,0,1,6.48,3.12,-18.40,INHIBITED,OUT_OF_RANGE,40850,0,P,P,0.00,released,RELEASED
2026-05-18 19:48:15.064,3524.3537,,slider,0,1,6.48,3.12,-18.40,INHIBITED,OUT_OF_RANGE,40860,0,P,P,0.00,released,RELEASED
2026-05-18 19:48:15.465,3524.7546,,slider,0,1,6.48,3.12,-18.40,INHIBITED,OUT_OF_RANGE,40870,0,P,P,0.00,released,RELEASED
2026-05-18 19:48:15.864,3525.1543,,slider,0,1,6.48,3.12,-18.40,INHIBITED,OUT_OF_RANGE,40880,0,P,P,0.00,released,RELEASED
2026-05-18 19:48:16.261,3525.5510,,slider,0,1,6.48,3.12,-18.40,INHIBITED,OUT_OF_RANGE,40890,0,P,P,0.00,released,RELEASED
2026-05-18 19:48:16.663,3525.9525,,slider,0,1,6.48,3.12,-18.40,INHIBITED,OUT_OF_RANGE,40900,0,P,P,0.00,released,RELEASED
2026-05-18 19:48:17.063,3526.3529,,slider,0,1,6.48,3.12,-18.40,INHIBITED,OUT_OF_RANGE,40910,0,P,P,0.00,released,RELEASED
2026-05-18 19:48:17.460,3526.7501,,slider,0,1,6.48,3.12,-18.40,INHIBITED,OUT_OF_RANGE,40920,0,P,P,0.00,released,RELEASED
2026-05-18 19:48:17.862,3527.1516,,slider,0,1,6.48,3.12,-18.40,INHIBITED,OUT_OF_RANGE,40930,0,P,P,0.00,released,RELEASED
2026-05-18 19:48:18.262,3527.5520,,slider,0,1,6.48,3.12,-18.40,INHIBITED,OUT_OF_RANGE,40940,0,P,P,0.00,released,RELEASED
2026-05-18 19:48:18.663,3527.9528,,slider,0,1,6.48,3.12,-18.40,INHIBITED,OUT_OF_RANGE,40950,0,P,P,0.00,released,RELEASED
2026-05-18 19:48:19.064,3528.3535,,slider,0,1,6.48,3.12,-18.40,INHIBITED,OUT_OF_RANGE,40960,0,P,P,0.00,released,RELEASED
2026-05-18 19:48:19.464,3528.7539,,slider,0,1,6.48,3.12,-18.40,INHIBITED,OUT_OF_RANGE,40970,0,P,P,0.00,released,RELEASED
2026-05-18 19:48:19.860,3529.1497,,slider,0,1,6.48,3.12,-18.40,INHIBITED,OUT_OF_RANGE,40980,0,P,P,0.00,released,RELEASED
2026-05-18 19:48:20.265,3529.5550,,slider,0,1,6.48,3.12,-18.40,INHIBITED,OUT_OF_RANGE,40990,0,P,P,0.00,released,RELEASED
2026-05-18 19:48:20.661,3529.9508,,slider,0,1,6.48,3.12,-18.40,INHIBITED,OUT_OF_RANGE,41000,0,P,P,0.00,released,RELEASED
2026-05-18 19:48:21.065,3530.3549,,slider,0,1,6.48,3.12,-18.40,INHIBITED,OUT_OF_RANGE,41010,0,P,P,0.00,released,RELEASED
2026-05-18 19:48:21.465,3530.7548,,slider,0,1,6.48,3.12,-18.40,INHIBITED,OUT_OF_RANGE,41020,0,P,P,0.00,released,RELEASED
2026-05-18 19:48:21.860,3531.1499,,slider,0,1,6.48,3.12,-18.40,INHIBITED,OUT_OF_RANGE,41030,0,P,P,0.00,released,RELEASED
2026-05-18 19:48:22.263,3531.5524,,slider,0,1,6.48,3.12,-18.40,INHIBITED,OUT_OF_RANGE,41040,0,P,P,0.00,released,RELEASED
2026-05-18 19:48:22.666,3531.9551,,slider,0,1,6.48,3.12,-18.40,INHIBITED,OUT_OF_RANGE,41050,0,P,P,0.00,released,RELEASED
2026-05-18 19:48:23.060,3532.3498,,slider,0,1,6.48,3.12,-18.40,INHIBITED,OUT_OF_RANGE,41060,0,P,P,0.00,released,RELEASED
2026-05-18 19:48:23.460,3532.7498,,slider,0,1,6.48,3.12,-18.40,INHIBITED,OUT_OF_RANGE,41070,0,P,P,0.00,released,RELEASED
2026-05-18 19:48:23.862,3533.1511,,slider,0,1,6.48,3.12,-18.40,INHIBITED,OUT_OF_RANGE,41080,0,P,P,0.00,released,RELEASED
2026-05-18 19:48:24.263,3533.5520,,slider,0,1,6.48,3.12,-18.40,INHIBITED,OUT_OF_RANGE,41090,0,P,P,0.00,released,RELEASED
2026-05-18 19:48:24.662,3533.9512,,slider,0,1,6.48,3.12,-18.40,INHIBITED,OUT_OF_RANGE,41100,0,P,P,0.00,released,RELEASED
2026-05-18 19:48:25.063,3534.3523,,slider,0,1,6.48,3.12,-18.40,INHIBITED,OUT_OF_RANGE,41110,0,P,P,0.00,released,RELEASED
2026-05-18 19:48:25.464,3534.7536,,slider,0,1,6.48,3.12,-18.40,INHIBITED,OUT_OF_RANGE,41120,0,P,P,0.00,released,RELEASED
2026-05-18 19:48:25.861,3535.1502,,slider,0,1,6.48,3.12,-18.40,INHIBITED,OUT_OF_RANGE,41130,0,P,P,0.00,released,RELEASED
2026-05-18 19:48:26.261,3535.5505,,slider,0,1,6.48,3.12,-18.40,INHIBITED,OUT_OF_RANGE,41140,0,P,P,0.00,released,RELEASED
2026-05-18 19:48:26.662,3535.9512,,slider,0,1,6.48,3.12,-18.40,INHIBITED,OUT_OF_RANGE,41150,0,P,P,0.00,released,RELEASED
2026-05-18 19:48:27.061,3536.3506,,slider,0,1,6.48,3.12,-18.40,INHIBITED,OUT_OF_RANGE,41160,0,P,P,0.00,released,RELEASED
2026-05-18 19:48:27.461,3536.7503,,slider,0,1,6.48,3.12,-18.40,INHIBITED,OUT_OF_RANGE,41170,0,P,P,0.00,released,RELEASED
2026-05-18 19:48:27.863,3537.1524,,slider,0,1,6.48,3.12,-18.40,INHIBITED,OUT_OF_RANGE,41180,0,P,P,0.00,released,RELEASED
2026-05-18 19:48:28.265,3537.5540,,slider,0,1,6.48,3.12,-18.40,INHIBITED,OUT_OF_RANGE,41190,0,P,P,0.00,released,RELEASED
2026-05-18 19:48:28.665,3537.9544,,slider,0,1,6.48,3.12,-18.40,INHIBITED,OUT_OF_RANGE,41200,0,P,P,0.00,released,RELEASED
2026-05-18 19:48:29.061,3538.3504,,slider,0,1,6.48,3.12,-18.40,INHIBITED,OUT_OF_RANGE,41210,0,P,P,0.00,released,RELEASED
2026-05-18 19:48:29.462,3538.7511,,slider,0,1,6.48,3.12,-18.40,INHIBITED,OUT_OF_RANGE,41220,0,P,P,0.00,released,RELEASED
2026-05-18 19:48:29.861,3539.1501,,slider,0,1,6.48,3.12,-18.40,INHIBITED,OUT_OF_RANGE,41230,0,P,P,0.00,released,RELEASED
2026-05-18 19:48:30.263,3539.5517,,slider,0,1,6.48,3.12,-18.40,INHIBITED,OUT_OF_RANGE,41240,0,P,P,0.00,released,RELEASED
2026-05-18 19:48:30.663,3539.9522,,slider,0,1,6.48,3.12,-18.40,INHIBITED,OUT_OF_RANGE,41250,0,P,P,0.00,released,RELEASED
2026-05-18 19:48:31.061,3540.3503,,slider,0,1,6.48,3.12,-18.40,INHIBITED,OUT_OF_RANGE,41260,0,P,P,0.00,released,RELEASED
2026-05-18 19:48:31.463,3540.7521,,slider,0,1,6.48,3.12,-18.40,INHIBITED,OUT_OF_RANGE,41270,0,P,P,0.00,released,RELEASED
2026-05-18 19:48:31.866,3541.1552,,slider,0,1,6.48,3.12,-18.40,INHIBITED,OUT_OF_RANGE,41280,0,P,P,0.00,released,RELEASED
2026-05-18 19:48:32.266,3541.5549,,slider,0,1,6.48,3.12,-18.40,INHIBITED,OUT_OF_RANGE,41290,0,P,P,0.00,released,RELEASED
2026-05-18 19:48:32.662,3541.9506,,slider,0,1,6.48,3.12,-18.40,INHIBITED,OUT_OF_RANGE,41300,0,P,P,0.00,released,RELEASED
2026-05-18 19:48:33.064,3542.3531,,slider,0,1,6.48,3.12,-18.40,INHIBITED,OUT_OF_RANGE,41310,0,P,P,0.00,released,RELEASED
2026-05-18 19:48:33.465,3542.7541,,slider,0,1,6.48,3.12,-18.40,INHIBITED,OUT_OF_RANGE,41320,0,P,P,0.00,released,RELEASED
2026-05-18 19:48:33.861,3543.1503,,slider,0,1,6.48,3.12,-18.40,INHIBITED,OUT_OF_RANGE,41330,0,P,P,0.00,released,RELEASED
2026-05-18 19:48:34.263,3543.5518,,slider,0,1,6.48,3.12,-18.40,INHIBITED,OUT_OF_RANGE,41340,0,P,P,0.00,released,RELEASED
2026-05-18 19:48:34.665,3543.9535,,slider,0,1,6.48,3.12,-18.40,INHIBITED,OUT_OF_RANGE,41350,0,P,P,0.00,released,RELEASED
2026-05-18 19:48:35.065,3544.3538,,slider,0,1,6.48,3.12,-18.40,INHIBITED,OUT_OF_RANGE,41360,0,P,P,0.00,released,RELEASED
2026-05-18 19:48:35.461,3544.7500,,slider,0,1,6.48,3.12,-18.40,INHIBITED,OUT_OF_RANGE,41370,0,P,P,0.00,released,RELEASED
2026-05-18 19:48:35.861,3545.1500,,slider,0,1,6.48,3.12,-18.40,INHIBITED,OUT_OF_RANGE,41380,0,P,P,0.00,released,RELEASED
2026-05-18 19:48:36.265,3545.5536,,slider,0,1,6.48,3.12,-18.40,INHIBITED,OUT_OF_RANGE,41390,0,P,P,0.00,released,RELEASED
2026-05-18 19:48:36.661,3545.9501,,slider,0,1,6.48,3.12,-18.40,INHIBITED,OUT_OF_RANGE,41400,0,P,P,0.00,released,RELEASED
2026-05-18 19:48:37.064,3546.3530,,slider,0,1,6.48,3.12,-18.40,INHIBITED,OUT_OF_RANGE,41410,0,P,P,0.00,released,RELEASED
2026-05-18 19:48:37.465,3546.7536,,slider,0,1,6.48,3.12,-18.40,INHIBITED,OUT_OF_RANGE,41420,0,P,P,0.00,released,RELEASED
2026-05-18 19:48:37.866,3547.1551,,slider,0,1,6.48,3.12,-18.40,INHIBITED,OUT_OF_RANGE,41430,0,P,P,0.00,released,RELEASED
2026-05-18 19:48:38.262,3547.5511,,slider,0,1,6.48,3.12,-18.40,INHIBITED,OUT_OF_RANGE,41440,0,P,P,0.00,released,RELEASED
2026-05-18 19:48:38.668,3547.9564,,slider,0,1,6.48,3.12,-18.40,INHIBITED,OUT_OF_RANGE,41450,0,P,P,0.00,released,RELEASED
2026-05-18 19:48:39.065,3548.3534,,slider,0,1,6.48,3.12,-18.40,INHIBITED,OUT_OF_RANGE,41460,0,P,P,0.00,released,RELEASED
2026-05-18 19:48:39.467,3548.7559,,slider,0,1,6.48,3.12,-18.40,INHIBITED,OUT_OF_RANGE,41470,0,P,P,0.00,released,RELEASED
2026-05-18 19:48:39.863,3549.1517,,slider,0,1,6.48,3.12,-18.40,INHIBITED,OUT_OF_RANGE,41480,0,P,P,0.00,released,RELEASED
2026-05-18 19:48:40.263,3549.5513,,slider,0,1,6.48,3.12,-18.40,INHIBITED,OUT_OF_RANGE,41490,0,P,P,0.00,released,RELEASED
2026-05-18 19:48:40.665,3549.9537,,slider,0,1,6.48,3.12,-18.40,INHIBITED,OUT_OF_RANGE,41500,0,P,P,0.00,released,RELEASED
2026-05-18 19:48:41.067,3550.3553,,slider,0,1,6.48,3.12,-18.40,INHIBITED,OUT_OF_RANGE,41510,0,P,P,0.00,released,RELEASED
2026-05-18 19:48:41.465,3550.7532,,slider,0,1,6.48,3.12,-18.40,INHIBITED,OUT_OF_RANGE,41520,0,P,P,0.00,released,RELEASED
2026-05-18 19:48:41.865,3551.1533,,slider,0,1,6.48,3.12,-18.40,INHIBITED,OUT_OF_RANGE,41530,0,P,P,0.00,released,RELEASED
2026-05-18 19:48:42.263,3551.5517,,slider,0,1,6.48,3.12,-18.40,INHIBITED,OUT_OF_RANGE,41540,0,P,P,0.00,released,RELEASED
2026-05-18 19:48:42.665,3551.9531,,slider,0,1,6.48,3.12,-18.40,INHIBITED,OUT_OF_RANGE,41550,0,P,P,0.00,released,RELEASED
2026-05-18 19:48:43.068,3552.3561,,slider,0,1,6.48,3.12,-18.40,INHIBITED,OUT_OF_RANGE,41560,0,P,P,0.00,released,RELEASED
2026-05-18 19:48:43.463,3552.7514,,slider,0,1,6.48,3.12,-18.40,INHIBITED,OUT_OF_RANGE,41570,0,P,P,0.00,released,RELEASED
2026-05-18 19:48:43.865,3553.1533,,slider,0,1,6.48,3.12,-18.40,INHIBITED,OUT_OF_RANGE,41580,0,P,P,0.00,released,RELEASED
2026-05-18 19:48:44.267,3553.5554,,slider,0,1,6.48,3.12,-18.40,INHIBITED,OUT_OF_RANGE,41590,0,P,P,0.00,released,RELEASED
2026-05-18 19:48:44.667,3553.9554,,slider,0,1,6.48,3.12,-18.40,INHIBITED,OUT_OF_RANGE,41600,0,P,P,0.00,released,RELEASED
2026-05-18 19:48:45.067,3554.3554,,slider,0,1,6.48,3.12,-18.40,INHIBITED,OUT_OF_RANGE,41610,0,P,P,0.00,released,RELEASED
2026-05-18 19:48:45.468,3554.7559,,slider,0,1,6.48,3.12,-18.40,INHIBITED,OUT_OF_RANGE,41620,0,P,P,0.00,released,RELEASED
2026-05-18 19:48:45.863,3555.1517,,slider,0,1,6.48,3.12,-18.40,INHIBITED,OUT_OF_RANGE,41630,0,P,P,0.00,released,RELEASED
2026-05-18 19:48:46.265,3555.5532,,slider,0,1,6.48,3.12,-18.40,INHIBITED,OUT_OF_RANGE,41640,0,P,P,0.00,released,RELEASED
2026-05-18 19:48:46.667,3555.9552,,slider,0,1,6.48,3.12,-18.40,INHIBITED,OUT_OF_RANGE,41650,0,P,P,0.00,released,RELEASED
2026-05-18 19:48:47.064,3556.3519,,slider,0,1,6.48,3.12,-18.40,INHIBITED,OUT_OF_RANGE,41660,0,P,P,0.00,released,RELEASED
2026-05-18 19:48:47.466,3556.7537,,slider,0,1,6.48,3.12,-18.40,INHIBITED,OUT_OF_RANGE,41670,0,P,P,0.00,released,RELEASED
2026-05-18 19:48:47.865,3557.1534,,slider,0,1,6.48,3.12,-18.40,INHIBITED,OUT_OF_RANGE,41680,0,P,P,0.00,released,RELEASED
2026-05-18 19:48:48.267,3557.5554,,slider,0,1,6.48,3.12,-18.40,INHIBITED,OUT_OF_RANGE,41690,0,P,P,0.00,released,RELEASED
2026-05-18 19:48:48.665,3557.9529,,slider,0,1,6.48,3.12,-18.40,INHIBITED,OUT_OF_RANGE,41700,0,P,P,0.00,released,RELEASED
2026-05-18 19:48:49.068,3558.3558,,slider,0,1,6.48,3.12,-18.40,INHIBITED,OUT_OF_RANGE,41710,0,P,P,0.00,released,RELEASED
2026-05-18 19:48:49.464,3558.7522,,slider,0,1,6.48,3.12,-18.40,INHIBITED,OUT_OF_RANGE,41720,0,P,P,0.00,released,RELEASED
2026-05-18 19:48:49.865,3559.1534,,slider,0,1,6.48,3.12,-18.40,INHIBITED,OUT_OF_RANGE,41730,0,P,P,0.00,released,RELEASED
2026-05-18 19:48:50.264,3559.5516,,slider,0,1,6.48,3.12,-18.40,INHIBITED,OUT_OF_RANGE,41740,0,P,P,0.00,released,RELEASED
2026-05-18 19:48:50.665,3559.9528,,slider,0,1,6.48,3.12,-18.40,INHIBITED,OUT_OF_RANGE,41750,0,P,P,0.00,released,RELEASED
2026-05-18 19:48:51.063,3560.3513,,slider,0,1,6.48,3.12,-18.40,INHIBITED,OUT_OF_RANGE,41760,0,P,P,0.00,released,RELEASED
2026-05-18 19:48:51.464,3560.7515,,slider,0,1,6.48,3.12,-18.40,INHIBITED,OUT_OF_RANGE,41770,0,P,P,0.00,released,RELEASED
2026-05-18 19:48:51.865,3561.1531,,slider,0,1,6.48,3.12,-18.40,INHIBITED,OUT_OF_RANGE,41780,0,P,P,0.00,released,RELEASED
2026-05-18 19:48:52.264,3561.5514,,slider,0,1,6.48,3.12,-18.40,INHIBITED,OUT_OF_RANGE,41790,0,P,P,0.00,released,RELEASED
2026-05-18 19:48:52.663,3561.9505,,slider,0,1,6.48,3.12,-18.40,INHIBITED,OUT_OF_RANGE,41800,0,P,P,0.00,released,RELEASED
2026-05-18 19:48:53.065,3562.3533,,slider,0,1,6.48,3.12,-18.40,INHIBITED,OUT_OF_RANGE,41810,0,P,P,0.00,released,RELEASED
2026-05-18 19:48:53.466,3562.7533,,slider,0,1,6.48,3.12,-18.40,INHIBITED,OUT_OF_RANGE,41820,0,P,P,0.00,released,RELEASED
2026-05-18 19:48:53.864,3563.1513,,slider,0,1,6.48,3.12,-18.40,INHIBITED,OUT_OF_RANGE,41830,0,P,P,0.00,released,RELEASED
2026-05-18 19:48:54.264,3563.5516,,slider,0,1,6.48,3.12,-18.40,INHIBITED,OUT_OF_RANGE,41840,0,P,P,0.00,released,RELEASED
2026-05-18 19:48:54.665,3563.9525,,slider,0,1,6.48,3.12,-18.40,INHIBITED,OUT_OF_RANGE,41850,0,P,P,0.00,released,RELEASED
2026-05-18 19:48:55.065,3564.3523,,slider,0,1,6.48,3.12,-18.40,INHIBITED,OUT_OF_RANGE,41860,0,P,P,0.00,released,RELEASED
2026-05-18 19:48:55.463,3564.7505,,slider,0,1,6.48,3.12,-18.40,INHIBITED,OUT_OF_RANGE,41870,0,P,P,0.00,released,RELEASED
2026-05-18 19:48:55.864,3565.1514,,slider,0,1,6.48,3.12,-18.40,INHIBITED,OUT_OF_RANGE,41880,0,P,P,0.00,released,RELEASED
2026-05-18 19:48:56.265,3565.5530,,slider,0,1,6.48,3.12,-18.40,INHIBITED,OUT_OF_RANGE,41890,0,P,P,0.00,released,RELEASED
2026-05-18 19:48:56.667,3565.9542,,slider,0,1,6.48,3.12,-18.40,INHIBITED,OUT_OF_RANGE,41900,0,P,P,0.00,released,RELEASED
2026-05-18 19:48:57.064,3566.3515,,slider,0,1,6.48,3.12,-18.40,INHIBITED,OUT_OF_RANGE,41910,0,P,P,0.00,released,RELEASED
2026-05-18 19:48:57.466,3566.7540,,slider,0,1,6.48,3.12,-18.40,INHIBITED,OUT_OF_RANGE,41920,0,P,P,0.00,released,RELEASED
2026-05-18 19:48:57.867,3567.1550,,slider,0,1,6.48,3.12,-18.40,INHIBITED,OUT_OF_RANGE,41930,0,P,P,0.00,released,RELEASED
2026-05-18 19:48:58.267,3567.5543,,slider,0,1,6.48,3.12,-18.40,INHIBITED,OUT_OF_RANGE,41940,0,P,P,0.00,released,RELEASED
2026-05-18 19:48:58.663,3567.9507,,slider,0,1,6.48,3.12,-18.40,INHIBITED,OUT_OF_RANGE,41950,0,P,P,0.00,released,RELEASED
2026-05-18 19:48:59.065,3568.3524,,slider,0,1,6.48,3.12,-18.40,INHIBITED,OUT_OF_RANGE,41960,0,P,P,0.00,released,RELEASED
2026-05-18 19:48:59.466,3568.7537,,slider,0,1,6.48,3.12,-18.40,INHIBITED,OUT_OF_RANGE,41970,0,P,P,0.00,released,RELEASED
2026-05-18 19:48:59.867,3569.1543,,slider,0,1,6.48,3.12,-18.40,INHIBITED,OUT_OF_RANGE,41980,0,P,P,0.00,released,RELEASED
2026-05-18 19:49:00.266,3569.5539,,slider,0,1,6.48,3.12,-18.40,INHIBITED,OUT_OF_RANGE,41990,0,P,P,0.00,released,RELEASED
2026-05-18 19:49:00.664,3569.9514,,slider,0,1,6.48,3.12,-18.40,INHIBITED,OUT_OF_RANGE,42000,0,P,P,0.00,released,RELEASED
2026-05-18 19:49:01.065,3570.3525,,slider,0,1,6.48,3.12,-18.40,INHIBITED,OUT_OF_RANGE,42010,0,P,P,0.00,released,RELEASED
2026-05-18 19:49:01.466,3570.7538,,slider,0,1,6.48,3.12,-18.40,INHIBITED,OUT_OF_RANGE,42020,0,P,P,0.00,released,RELEASED
2026-05-18 19:49:01.868,3571.1551,,slider,0,1,6.48,3.12,-18.40,INHIBITED,OUT_OF_RANGE,42030,0,P,P,0.00,released,RELEASED
2026-05-18 19:49:02.268,3571.5557,,slider,0,1,6.48,3.12,-18.40,INHIBITED,OUT_OF_RANGE,42040,0,P,P,0.00,released,RELEASED
2026-05-18 19:49:02.665,3571.9521,,slider,0,1,6.48,3.12,-18.40,INHIBITED,OUT_OF_RANGE,42050,0,P,P,0.00,released,RELEASED
2026-05-18 19:49:03.065,3572.3522,,slider,0,1,6.48,3.12,-18.40,INHIBITED,OUT_OF_RANGE,42060,0,P,P,0.00,released,RELEASED
2026-05-18 19:49:03.465,3572.7525,,slider,0,1,6.48,3.12,-18.40,INHIBITED,OUT_OF_RANGE,42070,0,P,P,0.00,released,RELEASED
2026-05-18 19:49:03.867,3573.1540,,slider,0,1,6.48,3.12,-18.40,INHIBITED,OUT_OF_RANGE,42080,0,P,P,0.00,released,RELEASED
2026-05-18 19:49:04.264,3573.5508,,slider,0,1,6.48,3.12,-18.40,INHIBITED,OUT_OF_RANGE,42090,0,P,P,0.00,released,RELEASED
2026-05-18 19:49:04.665,3573.9520,,slider,0,1,6.48,3.12,-18.40,INHIBITED,OUT_OF_RANGE,42100,0,P,P,0.00,released,RELEASED
2026-05-18 19:49:05.065,3574.3519,,slider,0,1,6.48,3.12,-18.40,INHIBITED,OUT_OF_RANGE,42110,0,P,P,0.00,released,RELEASED
2026-05-18 19:49:05.467,3574.7544,,slider,0,1,6.48,3.12,-18.40,INHIBITED,OUT_OF_RANGE,42120,0,P,P,0.00,released,RELEASED
2026-05-18 19:49:05.866,3575.1529,,slider,0,1,6.48,3.12,-18.40,INHIBITED,OUT_OF_RANGE,42130,0,P,P,0.00,released,RELEASED
2026-05-18 19:49:06.267,3575.5540,,slider,0,1,6.48,3.12,-18.40,INHIBITED,OUT_OF_RANGE,42140,0,P,P,0.00,released,RELEASED
2026-05-18 19:49:06.668,3575.9549,,slider,0,1,6.48,3.12,-18.40,INHIBITED,OUT_OF_RANGE,42150,0,P,P,0.00,released,RELEASED
2026-05-18 19:49:07.065,3576.3517,,slider,0,1,6.48,3.12,-18.40,INHIBITED,OUT_OF_RANGE,42160,0,P,P,0.00,released,RELEASED
2026-05-18 19:49:07.467,3576.7542,,slider,0,1,6.48,3.12,-18.40,INHIBITED,OUT_OF_RANGE,42170,0,P,P,0.00,released,RELEASED
2026-05-18 19:49:07.865,3577.1517,,slider,0,1,6.48,3.12,-18.40,INHIBITED,OUT_OF_RANGE,42180,0,P,P,0.00,released,RELEASED
2026-05-18 19:49:08.265,3577.5521,,slider,0,1,6.48,3.12,-18.40,INHIBITED,OUT_OF_RANGE,42190,0,P,P,0.00,released,RELEASED
2026-05-18 19:49:08.666,3577.9525,,slider,0,1,6.48,3.12,-18.40,INHIBITED,OUT_OF_RANGE,42200,0,P,P,0.00,released,RELEASED
2026-05-18 19:49:09.068,3578.3553,,slider,0,1,6.48,3.12,-18.40,INHIBITED,OUT_OF_RANGE,42210,0,P,P,0.00,released,RELEASED
2026-05-18 19:49:09.464,3578.7507,,slider,0,1,6.48,3.12,-18.40,INHIBITED,OUT_OF_RANGE,42220,0,P,P,0.00,released,RELEASED
2026-05-18 19:49:09.865,3579.1522,,slider,0,1,6.48,3.12,-18.40,INHIBITED,OUT_OF_RANGE,42230,0,P,P,0.00,released,RELEASED
2026-05-18 19:49:10.267,3579.5535,,slider,0,1,6.48,3.12,-18.40,INHIBITED,OUT_OF_RANGE,42240,0,P,P,0.00,released,RELEASED
2026-05-18 19:49:10.667,3579.9541,,slider,0,1,6.48,3.12,-18.40,INHIBITED,OUT_OF_RANGE,42250,0,P,P,0.00,released,RELEASED
2026-05-18 19:49:11.069,3580.3555,,slider,0,1,6.48,3.12,-18.40,INHIBITED,OUT_OF_RANGE,42260,0,P,P,0.00,released,RELEASED
2026-05-18 19:49:11.469,3580.7555,,slider,0,1,6.48,3.12,-18.40,INHIBITED,OUT_OF_RANGE,42270,0,P,P,0.00,released,RELEASED
2026-05-18 19:49:11.865,3581.1513,,slider,0,1,6.48,3.12,-18.40,INHIBITED,OUT_OF_RANGE,42280,0,P,P,0.00,released,RELEASED
2026-05-18 19:49:12.265,3581.5522,,slider,0,1,6.48,3.12,-18.40,INHIBITED,OUT_OF_RANGE,42290,0,P,P,0.00,released,RELEASED
2026-05-18 19:49:12.665,3581.9518,,slider,0,1,6.48,3.12,-18.40,INHIBITED,OUT_OF_RANGE,42300,0,P,P,0.00,released,RELEASED
2026-05-18 19:49:13.067,3582.3541,,slider,0,1,6.48,3.12,-18.40,INHIBITED,OUT_OF_RANGE,42310,0,P,P,0.00,released,RELEASED
2026-05-18 19:49:13.464,3582.7511,,slider,0,1,6.48,3.12,-18.40,INHIBITED,OUT_OF_RANGE,42320,0,P,P,0.00,released,RELEASED
2026-05-18 19:49:13.868,3583.1544,,slider,0,1,6.48,3.12,-18.40,INHIBITED,OUT_OF_RANGE,42330,0,P,P,0.00,released,RELEASED
2026-05-18 19:49:14.268,3583.5551,,slider,0,1,6.48,3.12,-18.40,INHIBITED,OUT_OF_RANGE,42340,0,P,P,0.00,released,RELEASED
2026-05-18 19:49:14.665,3583.9515,,slider,0,1,6.48,3.12,-18.40,INHIBITED,OUT_OF_RANGE,42350,0,P,P,0.00,released,RELEASED
2026-05-18 19:49:15.068,3584.3550,,slider,0,1,6.48,3.12,-18.40,INHIBITED,OUT_OF_RANGE,42360,0,P,P,0.00,released,RELEASED
2026-05-18 19:49:15.465,3584.7513,,slider,0,1,6.48,3.12,-18.40,INHIBITED,OUT_OF_RANGE,42370,0,P,P,0.00,released,RELEASED
2026-05-18 19:49:15.868,3585.1546,,slider,0,1,6.48,3.12,-18.40,INHIBITED,OUT_OF_RANGE,42380,0,P,P,0.00,released,RELEASED
2026-05-18 19:49:16.268,3585.5550,,slider,0,1,6.48,3.12,-18.40,INHIBITED,OUT_OF_RANGE,42390,0,P,P,0.00,released,RELEASED
2026-05-18 19:49:16.669,3585.9552,,slider,0,1,6.48,3.12,-18.40,INHIBITED,OUT_OF_RANGE,42400,0,P,P,0.00,released,RELEASED
2026-05-18 19:49:17.067,3586.3533,,slider,0,1,6.48,3.12,-18.40,INHIBITED,OUT_OF_RANGE,42410,0,P,P,0.00,released,RELEASED
2026-05-18 19:49:17.468,3586.7545,,slider,0,1,6.48,3.12,-18.40,INHIBITED,OUT_OF_RANGE,42420,0,P,P,0.00,released,RELEASED
2026-05-18 19:49:17.865,3587.1511,,slider,0,1,6.48,3.12,-18.40,INHIBITED,OUT_OF_RANGE,42430,0,P,P,0.00,released,RELEASED
2026-05-18 19:49:18.265,3587.5514,,slider,0,1,6.48,3.12,-18.40,INHIBITED,OUT_OF_RANGE,42440,0,P,P,0.00,released,RELEASED
2026-05-18 19:49:18.669,3587.9556,,slider,0,1,6.48,3.12,-18.40,INHIBITED,OUT_OF_RANGE,42450,0,P,P,0.00,released,RELEASED
2026-05-18 19:49:19.066,3588.3519,,slider,0,1,6.48,3.12,-18.40,INHIBITED,OUT_OF_RANGE,42460,0,P,P,0.00,released,RELEASED
2026-05-18 19:49:19.467,3588.7529,,slider,0,1,6.48,3.12,-18.40,INHIBITED,OUT_OF_RANGE,42470,0,P,P,0.00,released,RELEASED
2026-05-18 19:49:19.867,3589.1530,,slider,0,1,6.48,3.12,-18.40,INHIBITED,OUT_OF_RANGE,42480,0,P,P,0.00,released,RELEASED
2026-05-18 19:49:20.269,3589.5553,,slider,0,1,6.48,3.12,-18.40,INHIBITED,OUT_OF_RANGE,42490,0,P,P,0.00,released,RELEASED
2026-05-18 19:49:20.665,3589.9511,,slider,0,1,6.48,3.12,-18.40,INHIBITED,OUT_OF_RANGE,42500,0,P,P,0.00,released,RELEASED
2026-05-18 19:49:21.067,3590.3535,,slider,0,1,6.48,3.12,-18.40,INHIBITED,OUT_OF_RANGE,42510,0,P,P,0.00,released,RELEASED
2026-05-18 19:49:21.468,3590.7547,,slider,0,1,6.48,3.12,-18.40,INHIBITED,OUT_OF_RANGE,42520,0,P,P,0.00,released,RELEASED
2026-05-18 19:49:21.866,3591.1523,,slider,0,1,6.48,3.12,-18.40,INHIBITED,OUT_OF_RANGE,42530,0,P,P,0.00,released,RELEASED
2026-05-18 19:49:22.267,3591.5529,,slider,0,1,6.48,3.12,-18.40,INHIBITED,OUT_OF_RANGE,42540,0,P,P,0.00,released,RELEASED
2026-05-18 19:49:22.668,3591.9540,,slider,0,1,6.48,3.12,-18.40,INHIBITED,OUT_OF_RANGE,42550,0,P,P,0.00,released,RELEASED
2026-05-18 19:49:23.065,3592.3509,,slider,0,1,6.48,3.12,-18.40,INHIBITED,OUT_OF_RANGE,42560,0,P,P,0.00,released,RELEASED
2026-05-18 19:49:23.466,3592.7518,,slider,0,1,6.48,3.12,-18.40,INHIBITED,OUT_OF_RANGE,42570,0,P,P,0.00,released,RELEASED
2026-05-18 19:49:23.869,3593.1548,,slider,0,1,6.48,3.12,-18.40,INHIBITED,OUT_OF_RANGE,42580,0,P,P,0.00,released,RELEASED
2026-05-18 19:49:24.268,3593.5542,,slider,0,1,6.48,3.12,-18.40,INHIBITED,OUT_OF_RANGE,42590,0,P,P,0.00,released,RELEASED
2026-05-18 19:49:24.669,3593.9554,,slider,0,1,6.48,3.12,-18.40,INHIBITED,OUT_OF_RANGE,42600,0,P,P,0.00,released,RELEASED
2026-05-18 19:49:25.065,3594.3513,,slider,0,1,6.48,3.12,-18.40,INHIBITED,OUT_OF_RANGE,42610,0,P,P,0.00,released,RELEASED
2026-05-18 19:49:25.468,3594.7537,,slider,0,1,6.48,3.12,-18.40,INHIBITED,OUT_OF_RANGE,42620,0,P,P,0.00,released,RELEASED
2026-05-18 19:49:25.869,3595.1549,,slider,0,1,6.48,3.12,-18.40,INHIBITED,OUT_OF_RANGE,42630,0,P,P,0.00,released,RELEASED
2026-05-18 19:49:26.268,3595.5536,,slider,0,1,6.48,3.12,-18.40,INHIBITED,OUT_OF_RANGE,42640,0,P,P,0.00,released,RELEASED
2026-05-18 19:49:26.669,3595.9547,,slider,0,1,6.48,3.12,-18.40,INHIBITED,OUT_OF_RANGE,42650,0,P,P,0.00,released,RELEASED
2026-05-18 19:49:27.069,3596.3547,,slider,0,1,6.48,3.12,-18.40,INHIBITED,OUT_OF_RANGE,42660,0,P,P,0.00,released,RELEASED
2026-05-18 19:49:27.466,3596.7521,,slider,0,1,6.48,3.12,-18.40,INHIBITED,OUT_OF_RANGE,42670,0,P,P,0.00,released,RELEASED
2026-05-18 19:49:27.867,3597.1529,,slider,0,1,6.48,3.12,-18.40,INHIBITED,OUT_OF_RANGE,42680,0,P,P,0.00,released,RELEASED
2026-05-18 19:49:28.270,3597.5555,,slider,0,1,6.48,3.12,-18.40,INHIBITED,OUT_OF_RANGE,42690,0,P,P,0.00,released,RELEASED
2026-05-18 19:49:28.669,3597.9548,,slider,0,1,6.48,3.12,-18.40,INHIBITED,OUT_OF_RANGE,42700,0,P,P,0.00,released,RELEASED
2026-05-18 19:49:29.070,3598.3560,,slider,0,1,6.48,3.12,-18.40,INHIBITED,OUT_OF_RANGE,42710,0,P,P,0.00,released,RELEASED
2026-05-18 19:49:29.469,3598.7551,,slider,0,1,6.48,3.12,-18.40,INHIBITED,OUT_OF_RANGE,42720,0,P,P,0.00,released,RELEASED
2026-05-18 19:49:29.866,3599.1521,,slider,0,1,6.48,3.12,-18.40,INHIBITED,OUT_OF_RANGE,42730,0,P,P,0.00,released,RELEASED
2026-05-18 19:49:30.265,3599.5512,,slider,0,1,6.48,3.12,-18.40,INHIBITED,OUT_OF_RANGE,42740,0,P,P,0.00,released,RELEASED
2026-05-18 19:49:30.668,3599.9536,,slider,0,1,6.48,3.12,-18.40,INHIBITED,OUT_OF_RANGE,42750,0,P,P,0.00,released,RELEASED
2026-05-18 19:49:31.068,3600.3534,,slider,0,1,6.48,3.12,-18.40,INHIBITED,OUT_OF_RANGE,42760,0,P,P,0.00,released,RELEASED
2026-05-18 19:49:31.465,3600.7510,,slider,0,1,6.48,3.12,-18.40,INHIBITED,OUT_OF_RANGE,42770,0,P,P,0.00,released,RELEASED
2026-05-18 19:49:31.867,3601.1524,,slider,0,1,6.48,3.12,-18.40,INHIBITED,OUT_OF_RANGE,42780,0,P,P,0.00,released,RELEASED
2026-05-18 19:49:32.269,3601.5545,,slider,0,1,6.48,3.12,-18.40,INHIBITED,OUT_OF_RANGE,42790,0,P,P,0.00,released,RELEASED
2026-05-18 19:49:32.670,3601.9553,,slider,0,1,6.48,3.12,-18.40,INHIBITED,OUT_OF_RANGE,42800,0,P,P,0.00,released,RELEASED
2026-05-18 19:49:33.069,3602.3545,,slider,0,1,6.48,3.12,-18.40,INHIBITED,OUT_OF_RANGE,42810,0,P,P,0.00,released,RELEASED
2026-05-18 19:49:33.470,3602.7551,,slider,0,1,6.48,3.12,-18.40,INHIBITED,OUT_OF_RANGE,42820,0,P,P,0.00,released,RELEASED
2026-05-18 19:49:33.870,3603.1558,,slider,0,1,6.48,3.12,-18.40,INHIBITED,OUT_OF_RANGE,42830,0,P,P,0.00,released,RELEASED
2026-05-18 19:49:34.266,3603.5513,,slider,0,1,6.48,3.12,-18.40,INHIBITED,OUT_OF_RANGE,42840,0,P,P,0.00,released,RELEASED
2026-05-18 19:49:34.666,3603.9514,,slider,0,1,6.48,3.12,-18.40,INHIBITED,OUT_OF_RANGE,42850,0,P,P,0.00,released,RELEASED
2026-05-18 19:49:35.070,3604.3551,,slider,0,1,6.48,3.12,-18.40,INHIBITED,OUT_OF_RANGE,42860,0,P,P,0.00,released,RELEASED
2026-05-18 19:49:35.466,3604.7514,,slider,0,1,6.48,3.12,-18.40,INHIBITED,OUT_OF_RANGE,42870,0,P,P,0.00,released,RELEASED
2026-05-18 19:49:35.866,3605.1517,,slider,0,1,6.48,3.12,-18.40,INHIBITED,OUT_OF_RANGE,42880,0,P,P,0.00,released,RELEASED
2026-05-18 19:49:36.269,3605.5542,,slider,0,1,6.48,3.12,-18.40,INHIBITED,OUT_OF_RANGE,42890,0,P,P,0.00,released,RELEASED
2026-05-18 19:49:36.668,3605.9538,,slider,0,1,6.48,3.12,-18.40,INHIBITED,OUT_OF_RANGE,42900,0,P,P,0.00,released,RELEASED
2026-05-18 19:49:37.070,3606.3552,,slider,0,1,6.48,3.12,-18.40,INHIBITED,OUT_OF_RANGE,42910,0,P,P,0.00,released,RELEASED
2026-05-18 19:49:37.470,3606.7556,,slider,0,1,6.48,3.12,-18.40,INHIBITED,OUT_OF_RANGE,42920,0,P,P,0.00,released,RELEASED
2026-05-18 19:49:37.868,3607.1530,,slider,0,1,6.48,3.12,-18.40,INHIBITED,OUT_OF_RANGE,42930,0,P,P,0.00,released,RELEASED
2026-05-18 19:49:38.267,3607.5524,,slider,0,1,6.48,3.12,-18.40,INHIBITED,OUT_OF_RANGE,42940,0,P,P,0.00,released,RELEASED
2026-05-18 19:49:38.670,3607.9556,,slider,0,1,6.48,3.12,-18.40,INHIBITED,OUT_OF_RANGE,42950,0,P,P,0.00,released,RELEASED
2026-05-18 19:49:39.066,3608.3512,,slider,0,1,6.48,3.12,-18.40,INHIBITED,OUT_OF_RANGE,42960,0,P,P,0.00,released,RELEASED
2026-05-18 19:49:39.470,3608.7549,,slider,0,1,6.48,3.12,-18.40,INHIBITED,OUT_OF_RANGE,42970,0,P,P,0.00,released,RELEASED
2026-05-18 19:49:39.871,3609.1562,,slider,0,1,6.48,3.12,-18.40,INHIBITED,OUT_OF_RANGE,42980,0,P,P,0.00,released,RELEASED
2026-05-18 19:49:40.268,3609.5531,,slider,0,1,6.48,3.12,-18.40,INHIBITED,OUT_OF_RANGE,42990,0,P,P,0.00,released,RELEASED
2026-05-18 19:49:40.670,3609.9553,,slider,0,1,6.48,3.12,-18.40,INHIBITED,OUT_OF_RANGE,43000,0,P,P,0.00,released,RELEASED
2026-05-18 19:49:41.069,3610.3539,,slider,0,1,6.48,3.12,-18.40,INHIBITED,OUT_OF_RANGE,43010,0,P,P,0.00,released,RELEASED
2026-05-18 19:49:41.466,3610.7513,,slider,0,1,6.48,3.12,-18.40,INHIBITED,OUT_OF_RANGE,43020,0,P,P,0.00,released,RELEASED
2026-05-18 19:49:41.866,3611.1512,,slider,0,1,6.48,3.12,-18.40,INHIBITED,OUT_OF_RANGE,43030,0,P,P,0.00,released,RELEASED
2026-05-18 19:49:42.268,3611.5536,,slider,0,1,6.48,3.12,-18.40,INHIBITED,OUT_OF_RANGE,43040,0,P,P,0.00,released,RELEASED
2026-05-18 19:49:42.669,3611.9537,,slider,0,1,6.48,3.12,-18.40,INHIBITED,OUT_OF_RANGE,43050,0,P,P,0.00,released,RELEASED
2026-05-18 19:49:43.069,3612.3543,,slider,0,1,6.48,3.12,-18.40,INHIBITED,OUT_OF_RANGE,43060,0,P,P,0.00,released,RELEASED
2026-05-18 19:49:43.470,3612.7551,,slider,0,1,6.48,3.12,-18.40,INHIBITED,OUT_OF_RANGE,43070,0,P,P,0.00,released,RELEASED
2026-05-18 19:49:43.867,3613.1525,,slider,0,1,6.48,3.12,-18.40,INHIBITED,OUT_OF_RANGE,43080,0,P,P,0.00,released,RELEASED
2026-05-18 19:49:44.270,3613.5548,,slider,0,1,6.48,3.12,-18.40,INHIBITED,OUT_OF_RANGE,43090,0,P,P,0.00,released,RELEASED
2026-05-18 19:49:44.670,3613.9551,,slider,0,1,6.48,3.12,-18.40,INHIBITED,OUT_OF_RANGE,43100,0,P,P,0.00,released,RELEASED
2026-05-18 19:49:45.070,3614.3551,,slider,0,1,6.48,3.12,-18.40,INHIBITED,OUT_OF_RANGE,43110,0,P,P,0.00,released,RELEASED
2026-05-18 19:49:45.467,3614.7518,,slider,0,1,6.48,3.12,-18.40,INHIBITED,OUT_OF_RANGE,43120,0,P,P,0.00,released,RELEASED
2026-05-18 19:49:45.868,3615.1525,,slider,0,1,6.48,3.12,-18.40,INHIBITED,OUT_OF_RANGE,43130,0,P,P,0.00,released,RELEASED
2026-05-18 19:49:46.268,3615.5529,,slider,0,1,6.48,3.12,-18.40,INHIBITED,OUT_OF_RANGE,43140,0,P,P,0.00,released,RELEASED
2026-05-18 19:49:46.671,3615.9556,,slider,0,1,6.48,3.12,-18.40,INHIBITED,OUT_OF_RANGE,43150,0,P,P,0.00,released,RELEASED
2026-05-18 19:49:47.070,3616.3550,,slider,0,1,6.48,3.12,-18.40,INHIBITED,OUT_OF_RANGE,43160,0,P,P,0.00,released,RELEASED
2026-05-18 19:49:47.471,3616.7559,,slider,0,1,6.48,3.12,-18.40,INHIBITED,OUT_OF_RANGE,43170,0,P,P,0.00,released,RELEASED
2026-05-18 19:49:47.871,3617.1559,,slider,0,1,6.48,3.12,-18.40,INHIBITED,OUT_OF_RANGE,43180,0,P,P,0.00,released,RELEASED
2026-05-18 19:49:48.271,3617.5556,,slider,0,1,6.48,3.12,-18.40,INHIBITED,OUT_OF_RANGE,43190,0,P,P,0.00,released,RELEASED
2026-05-18 19:49:48.671,3617.9557,,slider,0,1,6.48,3.12,-18.40,INHIBITED,OUT_OF_RANGE,43200,0,P,P,0.00,released,RELEASED
2026-05-18 19:49:49.067,3618.3519,,slider,0,1,6.48,3.12,-18.40,INHIBITED,OUT_OF_RANGE,43210,0,P,P,0.00,released,RELEASED
2026-05-18 19:49:49.469,3618.7534,,slider,0,1,6.48,3.12,-18.40,INHIBITED,OUT_OF_RANGE,43220,0,P,P,0.00,released,RELEASED
2026-05-18 19:49:49.870,3619.1549,,slider,0,1,6.48,3.12,-18.40,INHIBITED,OUT_OF_RANGE,43230,0,P,P,0.00,released,RELEASED
2026-05-18 19:49:50.271,3619.5557,,slider,0,1,6.48,3.12,-18.40,INHIBITED,OUT_OF_RANGE,43240,0,P,P,0.00,released,RELEASED
2026-05-18 19:49:50.671,3619.9554,,slider,0,1,6.48,3.12,-18.40,INHIBITED,OUT_OF_RANGE,43250,0,P,P,0.00,released,RELEASED
2026-05-18 19:49:51.071,3620.3553,,slider,0,1,6.48,3.12,-18.40,INHIBITED,OUT_OF_RANGE,43260,0,P,P,0.00,released,RELEASED
2026-05-18 19:49:51.467,3620.7516,,slider,0,1,6.48,3.12,-18.50,INHIBITED,OUT_OF_RANGE,43270,0,P,P,0.00,released,RELEASED
2026-05-18 19:49:51.871,3621.1560,,slider,0,1,6.48,3.12,-18.50,INHIBITED,OUT_OF_RANGE,43280,0,P,P,0.00,released,RELEASED
2026-05-18 19:49:52.271,3621.5557,,slider,0,1,6.48,3.12,-18.50,INHIBITED,OUT_OF_RANGE,43290,0,P,P,0.00,released,RELEASED
2026-05-18 19:49:52.668,3621.9521,,slider,0,1,6.48,3.12,-18.50,INHIBITED,OUT_OF_RANGE,43300,0,P,P,0.00,released,RELEASED
2026-05-18 19:49:53.071,3622.3553,,slider,0,1,6.48,3.12,-18.50,INHIBITED,OUT_OF_RANGE,43310,0,P,P,0.00,released,RELEASED
2026-05-18 19:49:53.467,3622.7513,,slider,0,1,6.48,3.12,-18.50,INHIBITED,OUT_OF_RANGE,43320,0,P,P,0.00,released,RELEASED
2026-05-18 19:49:53.868,3623.1521,,slider,0,1,6.48,3.12,-18.50,INHIBITED,OUT_OF_RANGE,43330,0,P,P,0.00,released,RELEASED
2026-05-18 19:49:54.272,3623.5564,,slider,0,1,6.48,3.12,-18.50,INHIBITED,OUT_OF_RANGE,43340,0,P,P,0.00,released,RELEASED
2026-05-18 19:49:54.669,3623.9535,,slider,0,1,6.48,3.12,-18.50,INHIBITED,OUT_OF_RANGE,43350,0,P,P,0.00,released,RELEASED
2026-05-18 19:49:55.070,3624.3545,,slider,0,1,6.48,3.12,-18.50,INHIBITED,OUT_OF_RANGE,43360,0,P,P,0.00,released,RELEASED
2026-05-18 19:49:55.472,3624.7560,,slider,0,1,6.48,3.12,-18.50,INHIBITED,OUT_OF_RANGE,43370,0,P,P,0.00,released,RELEASED
2026-05-18 19:49:55.869,3625.1530,,slider,0,1,6.48,3.12,-18.50,INHIBITED,OUT_OF_RANGE,43380,0,P,P,0.00,released,RELEASED
2026-05-18 19:49:56.271,3625.5549,,slider,0,1,6.48,3.12,-18.50,INHIBITED,OUT_OF_RANGE,43390,0,P,P,0.00,released,RELEASED
2026-05-18 19:49:56.669,3625.9535,,slider,0,1,6.48,3.12,-18.50,INHIBITED,OUT_OF_RANGE,43400,0,P,P,0.00,released,RELEASED
2026-05-18 19:49:57.070,3626.3542,,slider,0,1,6.48,3.12,-18.50,INHIBITED,OUT_OF_RANGE,43410,0,P,P,0.00,released,RELEASED
2026-05-18 19:49:57.471,3626.7549,,slider,0,1,6.48,3.12,-18.50,INHIBITED,OUT_OF_RANGE,43420,0,P,P,0.00,released,RELEASED
2026-05-18 19:49:57.872,3627.1558,,slider,0,1,6.48,3.12,-18.50,INHIBITED,OUT_OF_RANGE,43430,0,P,P,0.00,released,RELEASED
2026-05-18 19:49:58.271,3627.5553,,slider,0,1,6.48,3.12,-18.50,INHIBITED,OUT_OF_RANGE,43440,0,P,P,0.00,released,RELEASED
2026-05-18 19:49:58.668,3627.9524,,slider,0,1,6.48,3.12,-18.50,INHIBITED,OUT_OF_RANGE,43450,0,P,P,0.00,released,RELEASED
2026-05-18 19:49:59.071,3628.3549,,slider,0,1,6.48,3.12,-18.50,INHIBITED,OUT_OF_RANGE,43460,0,P,P,0.00,released,RELEASED
2026-05-18 19:49:59.472,3628.7562,,slider,0,1,6.48,3.12,-18.50,INHIBITED,OUT_OF_RANGE,43470,0,P,P,0.00,released,RELEASED
2026-05-18 19:49:59.871,3629.1555,,slider,0,1,6.48,3.12,-18.50,INHIBITED,OUT_OF_RANGE,43480,0,P,P,0.00,released,RELEASED
2026-05-18 19:50:00.271,3629.5549,,slider,0,1,6.48,3.12,-18.50,INHIBITED,OUT_OF_RANGE,43490,0,P,P,0.00,released,RELEASED
2026-05-18 19:50:00.669,3629.9529,,slider,0,1,6.48,3.12,-18.50,INHIBITED,OUT_OF_RANGE,43500,0,P,P,0.00,released,RELEASED
2026-05-18 19:50:01.070,3630.3540,,slider,0,1,6.48,3.12,-18.50,INHIBITED,OUT_OF_RANGE,43510,0,P,P,0.00,released,RELEASED
2026-05-18 19:50:01.470,3630.7545,,slider,0,1,6.48,3.12,-18.50,INHIBITED,OUT_OF_RANGE,43520,0,P,P,0.00,released,RELEASED
2026-05-18 19:50:01.870,3631.1543,,slider,0,1,6.48,3.12,-18.50,INHIBITED,OUT_OF_RANGE,43530,0,P,P,0.00,released,RELEASED
2026-05-18 19:50:02.272,3631.5557,,slider,0,1,6.48,3.12,-18.50,INHIBITED,OUT_OF_RANGE,43540,0,P,P,0.00,released,RELEASED
2026-05-18 19:50:02.668,3631.9522,,slider,0,1,6.48,3.12,-18.50,INHIBITED,OUT_OF_RANGE,43550,0,P,P,0.00,released,RELEASED
2026-05-18 19:50:03.070,3632.3538,,slider,0,1,6.48,3.12,-18.50,INHIBITED,OUT_OF_RANGE,43560,0,P,P,0.00,released,RELEASED
2026-05-18 19:50:03.472,3632.7556,,slider,0,1,6.48,3.12,-18.50,INHIBITED,OUT_OF_RANGE,43570,0,P,P,0.00,released,RELEASED
2026-05-18 19:50:03.870,3633.1535,,slider,0,1,6.48,3.12,-18.50,INHIBITED,OUT_OF_RANGE,43580,0,P,P,0.00,released,RELEASED
2026-05-18 19:50:04.272,3633.5564,,slider,0,1,6.48,3.12,-18.50,INHIBITED,OUT_OF_RANGE,43590,0,P,P,0.00,released,RELEASED
2026-05-18 19:50:04.669,3633.9534,,slider,0,1,6.48,3.12,-18.50,INHIBITED,OUT_OF_RANGE,43600,0,P,P,0.00,released,RELEASED
2026-05-18 19:50:05.072,3634.3554,,slider,0,1,6.48,3.12,-18.50,INHIBITED,OUT_OF_RANGE,43610,0,P,P,0.00,released,RELEASED
2026-05-18 19:50:05.470,3634.7534,,slider,0,1,6.48,3.12,-18.50,INHIBITED,OUT_OF_RANGE,43620,0,P,P,0.00,released,RELEASED
2026-05-18 19:50:05.869,3635.1530,,slider,0,1,6.48,3.12,-18.50,INHIBITED,OUT_OF_RANGE,43630,0,P,P,0.00,released,RELEASED
2026-05-18 19:50:06.270,3635.5542,,slider,0,1,6.48,3.12,-18.50,INHIBITED,OUT_OF_RANGE,43640,0,P,P,0.00,released,RELEASED
2026-05-18 19:50:06.669,3635.9524,,slider,0,1,6.48,3.12,-18.50,INHIBITED,OUT_OF_RANGE,43650,0,P,P,0.00,released,RELEASED
2026-05-18 19:50:07.073,3636.3564,,slider,0,1,6.48,3.12,-18.50,INHIBITED,OUT_OF_RANGE,43660,0,P,P,0.00,released,RELEASED
2026-05-18 19:50:07.470,3636.7533,,slider,0,1,6.48,3.12,-18.50,INHIBITED,OUT_OF_RANGE,43670,0,P,P,0.00,released,RELEASED
2026-05-18 19:50:07.873,3637.1567,,slider,0,1,6.48,3.12,-18.50,INHIBITED,OUT_OF_RANGE,43680,0,P,P,0.00,released,RELEASED
2026-05-18 19:50:08.272,3637.5554,,slider,0,1,6.48,3.12,-18.50,INHIBITED,OUT_OF_RANGE,43690,0,P,P,0.00,released,RELEASED
2026-05-18 19:50:08.672,3637.9559,,slider,0,1,6.48,3.12,-18.50,INHIBITED,OUT_OF_RANGE,43700,0,P,P,0.00,released,RELEASED
2026-05-18 19:50:09.072,3638.3561,,slider,0,1,6.48,3.12,-18.50,INHIBITED,OUT_OF_RANGE,43710,0,P,P,0.00,released,RELEASED
2026-05-18 19:50:09.468,3638.7517,,slider,0,1,6.48,3.12,-18.50,INHIBITED,OUT_OF_RANGE,43720,0,P,P,0.00,released,RELEASED
2026-05-18 19:50:09.873,3639.1566,,slider,0,1,6.48,3.12,-18.50,INHIBITED,OUT_OF_RANGE,43730,0,P,P,0.00,released,RELEASED
2026-05-18 19:50:10.270,3639.5535,,slider,0,1,6.48,3.12,-18.50,INHIBITED,OUT_OF_RANGE,43740,0,P,P,0.00,released,RELEASED
2026-05-18 19:50:10.671,3639.9550,,slider,0,1,6.48,3.12,-18.50,INHIBITED,OUT_OF_RANGE,43750,0,P,P,0.00,released,RELEASED
2026-05-18 19:50:11.068,3640.3520,,slider,0,1,6.48,3.12,-18.50,INHIBITED,OUT_OF_RANGE,43760,0,P,P,0.00,released,RELEASED
2026-05-18 19:50:11.471,3640.7549,,slider,0,1,6.48,3.12,-18.50,INHIBITED,OUT_OF_RANGE,43770,0,P,P,0.00,released,RELEASED
2026-05-18 19:50:11.870,3641.1531,,slider,0,1,6.48,3.12,-18.50,INHIBITED,OUT_OF_RANGE,43780,0,P,P,0.00,released,RELEASED
2026-05-18 19:50:12.273,3641.5567,,slider,0,1,6.48,3.12,-18.50,INHIBITED,OUT_OF_RANGE,43790,0,P,P,0.00,released,RELEASED
2026-05-18 19:50:12.671,3641.9545,,slider,0,1,6.48,3.12,-18.50,INHIBITED,OUT_OF_RANGE,43800,0,P,P,0.00,released,RELEASED
2026-05-18 19:50:13.072,3642.3553,,slider,0,1,6.48,3.12,-18.50,INHIBITED,OUT_OF_RANGE,43810,0,P,P,0.00,released,RELEASED
2026-05-18 19:50:13.473,3642.7566,,slider,0,1,6.48,3.12,-18.50,INHIBITED,OUT_OF_RANGE,43820,0,P,P,0.00,released,RELEASED
2026-05-18 19:50:13.869,3643.1528,,slider,0,1,6.48,3.12,-18.50,INHIBITED,OUT_OF_RANGE,43830,0,P,P,0.00,released,RELEASED
2026-05-18 19:50:14.271,3643.5540,,slider,0,1,6.48,3.12,-18.50,INHIBITED,OUT_OF_RANGE,43840,0,P,P,0.00,released,RELEASED
2026-05-18 19:50:14.671,3643.9545,,slider,0,1,6.48,3.12,-18.50,INHIBITED,OUT_OF_RANGE,43850,0,P,P,0.00,released,RELEASED
2026-05-18 19:50:15.073,3644.3564,,slider,0,1,6.48,3.12,-18.50,INHIBITED,OUT_OF_RANGE,43860,0,P,P,0.00,released,RELEASED
2026-05-18 19:50:15.470,3644.7533,,slider,0,1,6.48,3.12,-18.50,INHIBITED,OUT_OF_RANGE,43870,0,P,P,0.00,released,RELEASED
2026-05-18 19:50:15.873,3645.1563,,slider,0,1,6.48,3.12,-18.50,INHIBITED,OUT_OF_RANGE,43880,0,P,P,0.00,released,RELEASED
2026-05-18 19:50:16.269,3645.5523,,slider,0,1,6.48,3.12,-18.50,INHIBITED,OUT_OF_RANGE,43890,0,P,P,0.00,released,RELEASED
2026-05-18 19:50:16.673,3645.9560,,slider,0,1,6.48,3.12,-18.50,INHIBITED,OUT_OF_RANGE,43900,0,P,P,0.00,released,RELEASED
2026-05-18 19:50:17.072,3646.3550,,slider,0,1,6.48,3.12,-18.50,INHIBITED,OUT_OF_RANGE,43910,0,P,P,0.00,released,RELEASED
2026-05-18 19:50:17.473,3646.7557,,slider,0,1,6.48,3.12,-18.50,INHIBITED,OUT_OF_RANGE,43920,0,P,P,0.00,released,RELEASED
2026-05-18 19:50:17.869,3647.1519,,slider,0,1,6.48,3.12,-18.50,INHIBITED,OUT_OF_RANGE,43930,0,P,P,0.00,released,RELEASED
2026-05-18 19:50:18.273,3647.5565,,slider,0,1,6.48,3.12,-18.50,INHIBITED,OUT_OF_RANGE,43940,0,P,P,0.00,released,RELEASED
2026-05-18 19:50:18.669,3647.9520,,slider,0,1,6.48,3.12,-18.50,INHIBITED,OUT_OF_RANGE,43950,0,P,P,0.00,released,RELEASED
2026-05-18 19:50:19.072,3648.3550,,slider,0,1,6.48,3.12,-18.50,INHIBITED,OUT_OF_RANGE,43960,0,P,P,0.00,released,RELEASED
2026-05-18 19:50:19.473,3648.7562,,slider,0,1,6.48,3.12,-18.50,INHIBITED,OUT_OF_RANGE,43970,0,P,P,0.00,released,RELEASED
2026-05-18 19:50:19.871,3649.1540,,slider,0,1,6.48,3.12,-18.50,INHIBITED,OUT_OF_RANGE,43980,0,P,P,0.00,released,RELEASED
2026-05-18 19:50:20.273,3649.5557,,slider,0,1,6.48,3.12,-18.50,INHIBITED,OUT_OF_RANGE,43990,0,P,P,0.00,released,RELEASED
2026-05-18 19:50:20.674,3649.9566,,slider,0,1,6.48,3.12,-18.50,INHIBITED,OUT_OF_RANGE,44000,0,P,P,0.00,released,RELEASED
2026-05-18 19:50:21.074,3650.3571,,slider,0,1,6.48,3.12,-18.50,INHIBITED,OUT_OF_RANGE,44010,0,P,P,0.00,released,RELEASED
2026-05-18 19:50:21.472,3650.7545,,slider,0,1,6.48,3.12,-18.50,INHIBITED,OUT_OF_RANGE,44020,0,P,P,0.00,released,RELEASED
2026-05-18 19:50:21.872,3651.1554,,slider,0,1,6.48,3.12,-18.50,INHIBITED,OUT_OF_RANGE,44030,0,P,P,0.00,released,RELEASED
2026-05-18 19:50:22.270,3651.5529,,slider,0,1,6.48,3.12,-18.50,INHIBITED,OUT_OF_RANGE,44040,0,P,P,0.00,released,RELEASED
2026-05-18 19:50:22.673,3651.9559,,slider,0,1,6.48,3.12,-18.50,INHIBITED,OUT_OF_RANGE,44050,0,P,P,0.00,released,RELEASED
2026-05-18 19:50:23.074,3652.3565,,slider,0,1,6.48,3.12,-18.50,INHIBITED,OUT_OF_RANGE,44060,0,P,P,0.00,released,RELEASED
2026-05-18 19:50:23.472,3652.7546,,slider,0,1,6.48,3.12,-18.50,INHIBITED,OUT_OF_RANGE,44070,0,P,P,0.00,released,RELEASED
2026-05-18 19:50:23.870,3653.1531,,slider,0,1,6.48,3.12,-18.50,INHIBITED,OUT_OF_RANGE,44080,0,P,P,0.00,released,RELEASED
2026-05-18 19:50:24.272,3653.5545,,slider,0,1,6.48,3.12,-18.50,INHIBITED,OUT_OF_RANGE,44090,0,P,P,0.00,released,RELEASED
2026-05-18 19:50:24.669,3653.9518,,slider,0,1,6.48,3.12,-18.50,INHIBITED,OUT_OF_RANGE,44100,0,P,P,0.00,released,RELEASED
2026-05-18 19:50:25.073,3654.3555,,slider,0,1,6.48,3.12,-18.50,INHIBITED,OUT_OF_RANGE,44110,0,P,P,0.00,released,RELEASED
2026-05-18 19:50:25.471,3654.7542,,slider,0,1,6.48,3.12,-18.50,INHIBITED,OUT_OF_RANGE,44120,0,P,P,0.00,released,RELEASED
2026-05-18 19:50:25.869,3655.1521,,slider,0,1,6.48,3.12,-18.50,INHIBITED,OUT_OF_RANGE,44130,0,P,P,0.00,released,RELEASED
2026-05-18 19:50:26.271,3655.5541,,slider,0,1,6.48,3.12,-18.50,INHIBITED,OUT_OF_RANGE,44140,0,P,P,0.00,released,RELEASED
2026-05-18 19:50:26.674,3655.9565,,slider,0,1,6.48,3.12,-18.50,INHIBITED,OUT_OF_RANGE,44150,0,P,P,0.00,released,RELEASED
2026-05-18 19:50:27.070,3656.3531,,slider,0,1,6.48,3.12,-18.50,INHIBITED,OUT_OF_RANGE,44160,0,P,P,0.00,released,RELEASED
2026-05-18 19:50:27.474,3656.7563,,slider,0,1,6.48,3.12,-18.50,INHIBITED,OUT_OF_RANGE,44170,0,P,P,0.00,released,RELEASED
2026-05-18 19:50:27.872,3657.1544,,slider,0,1,6.48,3.12,-18.50,INHIBITED,OUT_OF_RANGE,44180,0,P,P,0.00,released,RELEASED
2026-05-18 19:50:28.273,3657.5559,,slider,0,1,6.48,3.12,-18.50,INHIBITED,OUT_OF_RANGE,44190,0,P,P,0.00,released,RELEASED
2026-05-18 19:50:28.670,3657.9529,,slider,0,1,6.48,3.12,-18.50,INHIBITED,OUT_OF_RANGE,44200,0,P,P,0.00,released,RELEASED
2026-05-18 19:50:29.072,3658.3548,,slider,0,1,6.48,3.12,-18.50,INHIBITED,OUT_OF_RANGE,44210,0,P,P,0.00,released,RELEASED
2026-05-18 19:50:29.473,3658.7557,,slider,0,1,6.48,3.12,-18.50,INHIBITED,OUT_OF_RANGE,44220,0,P,P,0.00,released,RELEASED
2026-05-18 19:50:29.875,3659.1571,,slider,0,1,6.48,3.12,-18.50,INHIBITED,OUT_OF_RANGE,44230,0,P,P,0.00,released,RELEASED
2026-05-18 19:50:30.270,3659.5522,,slider,0,1,6.48,3.12,-18.50,INHIBITED,OUT_OF_RANGE,44240,0,P,P,0.00,released,RELEASED
2026-05-18 19:50:30.672,3659.9544,,slider,0,1,6.48,3.12,-18.50,INHIBITED,OUT_OF_RANGE,44250,0,P,P,0.00,released,RELEASED
2026-05-18 19:50:31.074,3660.3565,,slider,0,1,6.48,3.12,-18.50,INHIBITED,OUT_OF_RANGE,44260,0,P,P,0.00,released,RELEASED
2026-05-18 19:50:31.471,3660.7529,,slider,0,1,6.48,3.12,-18.50,INHIBITED,OUT_OF_RANGE,44270,0,P,P,0.00,released,RELEASED
2026-05-18 19:50:31.873,3661.1554,,slider,0,1,6.48,3.12,-18.50,INHIBITED,OUT_OF_RANGE,44280,0,P,P,0.00,released,RELEASED
2026-05-18 19:50:32.273,3661.5556,,slider,0,1,6.48,3.12,-18.50,INHIBITED,OUT_OF_RANGE,44290,0,P,P,0.00,released,RELEASED
2026-05-18 19:50:32.673,3661.9551,,slider,0,1,6.48,3.12,-18.50,INHIBITED,OUT_OF_RANGE,44300,0,P,P,0.00,released,RELEASED
2026-05-18 19:50:33.074,3662.3561,,slider,0,1,6.48,3.12,-18.50,INHIBITED,OUT_OF_RANGE,44310,0,P,P,0.00,released,RELEASED
2026-05-18 19:50:33.473,3662.7549,,slider,0,1,6.48,3.12,-18.50,INHIBITED,OUT_OF_RANGE,44320,0,P,P,0.00,released,RELEASED
2026-05-18 19:50:33.871,3663.1528,,slider,0,1,6.48,3.12,-18.50,INHIBITED,OUT_OF_RANGE,44330,0,P,P,0.00,released,RELEASED
2026-05-18 19:50:34.272,3663.5547,,slider,0,1,6.48,3.12,-18.50,INHIBITED,OUT_OF_RANGE,44340,0,P,P,0.00,released,RELEASED
2026-05-18 19:50:34.671,3663.9528,,slider,0,1,6.48,3.12,-18.50,INHIBITED,OUT_OF_RANGE,44350,0,P,P,0.00,released,RELEASED
2026-05-18 19:50:35.073,3664.3553,,slider,0,1,6.48,3.12,-18.50,INHIBITED,OUT_OF_RANGE,44360,0,P,P,0.00,released,RELEASED
2026-05-18 19:50:35.470,3664.7521,,slider,0,1,6.48,3.12,-18.50,INHIBITED,OUT_OF_RANGE,44370,0,P,P,0.00,released,RELEASED
2026-05-18 19:50:35.871,3665.1532,,slider,0,1,6.48,3.12,-18.50,INHIBITED,OUT_OF_RANGE,44380,0,P,P,0.00,released,RELEASED
2026-05-18 19:50:36.272,3665.5542,,slider,0,1,6.48,3.12,-18.50,INHIBITED,OUT_OF_RANGE,44390,0,P,P,0.00,released,RELEASED
2026-05-18 19:50:36.673,3665.9548,,slider,0,1,6.48,3.12,-18.50,INHIBITED,OUT_OF_RANGE,44400,0,P,P,0.00,released,RELEASED
2026-05-18 19:50:37.073,3666.3546,,slider,0,1,6.48,3.12,-18.50,INHIBITED,OUT_OF_RANGE,44410,0,P,P,0.00,released,RELEASED
2026-05-18 19:50:37.471,3666.7529,,slider,0,1,6.48,3.12,-18.50,INHIBITED,OUT_OF_RANGE,44420,0,P,P,0.00,released,RELEASED
2026-05-18 19:50:37.875,3667.1572,,slider,0,1,6.48,3.12,-18.50,INHIBITED,OUT_OF_RANGE,44430,0,P,P,0.00,released,RELEASED
2026-05-18 19:50:38.271,3667.5529,,slider,0,1,6.48,3.12,-18.50,INHIBITED,OUT_OF_RANGE,44440,0,P,P,0.00,released,RELEASED
2026-05-18 19:50:38.672,3667.9543,,slider,0,1,6.48,3.12,-18.50,INHIBITED,OUT_OF_RANGE,44450,0,P,P,0.00,released,RELEASED
2026-05-18 19:50:39.075,3668.3565,,slider,0,1,6.48,3.12,-18.50,INHIBITED,OUT_OF_RANGE,44460,0,P,P,0.00,released,RELEASED
2026-05-18 19:50:39.471,3668.7527,,slider,0,1,6.48,3.12,-18.50,INHIBITED,OUT_OF_RANGE,44470,0,P,P,0.00,released,RELEASED
2026-05-18 19:50:39.871,3669.1529,,slider,0,1,6.48,3.12,-18.50,INHIBITED,OUT_OF_RANGE,44480,0,P,P,0.00,released,RELEASED
2026-05-18 19:50:40.271,3669.5531,,slider,0,1,6.48,3.12,-18.50,INHIBITED,OUT_OF_RANGE,44490,0,P,P,0.00,released,RELEASED
2026-05-18 19:50:40.674,3669.9555,,slider,0,1,6.48,3.12,-18.50,INHIBITED,OUT_OF_RANGE,44500,0,P,P,0.00,released,RELEASED
2026-05-18 19:50:41.075,3670.3572,,slider,0,1,6.48,3.12,-18.50,INHIBITED,OUT_OF_RANGE,44510,0,P,P,0.00,released,RELEASED
2026-05-18 19:50:41.471,3670.7529,,slider,0,1,6.48,3.12,-18.50,INHIBITED,OUT_OF_RANGE,44520,0,P,P,0.00,released,RELEASED
2026-05-18 19:50:41.871,3671.1527,,slider,0,1,6.48,3.12,-18.50,INHIBITED,OUT_OF_RANGE,44530,0,P,P,0.00,released,RELEASED
2026-05-18 19:50:42.271,3671.5529,,slider,0,1,6.48,3.12,-18.50,INHIBITED,OUT_OF_RANGE,44540,0,P,P,0.00,released,RELEASED
2026-05-18 19:50:42.671,3671.9531,,slider,0,1,6.48,3.12,-18.50,INHIBITED,OUT_OF_RANGE,44550,0,P,P,0.00,released,RELEASED
2026-05-18 19:50:43.070,3672.3522,,slider,0,1,6.48,3.12,-18.50,INHIBITED,OUT_OF_RANGE,44560,0,P,P,0.00,released,RELEASED
2026-05-18 19:50:43.471,3672.7523,,slider,0,1,6.48,3.12,-18.50,INHIBITED,OUT_OF_RANGE,44570,0,P,P,0.00,released,RELEASED
2026-05-18 19:50:43.874,3673.1556,,slider,0,1,6.48,3.12,-18.50,INHIBITED,OUT_OF_RANGE,44580,0,P,P,0.00,released,RELEASED
2026-05-18 19:50:44.274,3673.5560,,slider,0,1,6.48,3.12,-18.50,INHIBITED,OUT_OF_RANGE,44590,0,P,P,0.00,released,RELEASED
2026-05-18 19:50:44.671,3673.9522,,slider,0,1,6.48,3.12,-18.50,INHIBITED,OUT_OF_RANGE,44600,0,P,P,0.00,released,RELEASED
2026-05-18 19:50:45.074,3674.3559,,slider,0,1,6.48,3.12,-18.50,INHIBITED,OUT_OF_RANGE,44610,0,P,P,0.00,released,RELEASED
2026-05-18 19:50:45.475,3674.7569,,slider,0,1,6.48,3.12,-18.50,INHIBITED,OUT_OF_RANGE,44620,0,P,P,0.00,released,RELEASED
2026-05-18 19:50:45.871,3675.1531,,slider,0,1,6.48,3.12,-18.50,INHIBITED,OUT_OF_RANGE,44630,0,P,P,0.00,released,RELEASED
2026-05-18 19:50:46.272,3675.5540,,slider,0,1,6.48,3.12,-18.50,INHIBITED,OUT_OF_RANGE,44640,0,P,P,0.00,released,RELEASED
2026-05-18 19:50:46.671,3675.9524,,slider,0,1,6.48,3.12,-18.50,INHIBITED,OUT_OF_RANGE,44650,0,P,P,0.00,released,RELEASED
2026-05-18 19:50:47.073,3676.3543,,slider,0,1,6.48,3.12,-18.50,INHIBITED,OUT_OF_RANGE,44660,0,P,P,0.00,released,RELEASED
2026-05-18 19:50:47.475,3676.7567,,slider,0,1,6.48,3.12,-18.50,INHIBITED,OUT_OF_RANGE,44670,0,P,P,0.00,released,RELEASED
2026-05-18 19:50:47.873,3677.1541,,slider,0,1,6.48,3.12,-18.50,INHIBITED,OUT_OF_RANGE,44680,0,P,P,0.00,released,RELEASED
2026-05-18 19:50:48.273,3677.5545,,slider,0,1,6.48,3.12,-18.50,INHIBITED,OUT_OF_RANGE,44690,0,P,P,0.00,released,RELEASED
2026-05-18 19:50:48.673,3677.9540,,slider,0,1,6.48,3.12,-18.50,INHIBITED,OUT_OF_RANGE,44700,0,P,P,0.00,released,RELEASED
2026-05-18 19:50:49.073,3678.3548,,slider,0,1,6.48,3.12,-18.50,INHIBITED,OUT_OF_RANGE,44710,0,P,P,0.00,released,RELEASED
2026-05-18 19:50:49.475,3678.7569,,slider,0,1,6.48,3.12,-18.50,INHIBITED,OUT_OF_RANGE,44720,0,P,P,0.00,released,RELEASED
2026-05-18 19:50:49.872,3679.1533,,slider,0,1,6.48,3.12,-18.50,INHIBITED,OUT_OF_RANGE,44730,0,P,P,0.00,released,RELEASED
2026-05-18 19:50:50.273,3679.5541,,slider,0,1,6.48,3.12,-18.50,INHIBITED,OUT_OF_RANGE,44740,0,P,P,0.00,released,RELEASED
2026-05-18 19:50:50.672,3679.9533,,slider,0,1,6.48,3.12,-18.50,INHIBITED,OUT_OF_RANGE,44750,0,P,P,0.00,released,RELEASED
2026-05-18 19:50:51.073,3680.3541,,slider,0,1,6.48,3.12,-18.50,INHIBITED,OUT_OF_RANGE,44760,0,P,P,0.00,released,RELEASED
2026-05-18 19:50:51.471,3680.7523,,slider,0,1,6.48,3.12,-18.50,INHIBITED,OUT_OF_RANGE,44770,0,P,P,0.00,released,RELEASED
2026-05-18 19:50:51.874,3681.1548,,slider,0,1,6.48,3.12,-18.50,INHIBITED,OUT_OF_RANGE,44780,0,P,P,0.00,released,RELEASED
2026-05-18 19:50:52.276,3681.5572,,slider,0,1,6.48,3.12,-18.50,INHIBITED,OUT_OF_RANGE,44790,0,P,P,0.00,released,RELEASED
2026-05-18 19:50:52.673,3681.9540,,slider,0,1,6.48,3.12,-18.50,INHIBITED,OUT_OF_RANGE,44800,0,P,P,0.00,released,RELEASED
2026-05-18 19:50:53.074,3682.3549,,slider,0,1,6.48,3.12,-18.50,INHIBITED,OUT_OF_RANGE,44810,0,P,P,0.00,released,RELEASED
2026-05-18 19:50:53.476,3682.7572,,slider,0,1,6.48,3.12,-18.50,INHIBITED,OUT_OF_RANGE,44820,0,P,P,0.00,released,RELEASED
2026-05-18 19:50:53.872,3683.1533,,slider,0,1,6.48,3.12,-18.50,INHIBITED,OUT_OF_RANGE,44830,0,P,P,0.00,released,RELEASED
2026-05-18 19:50:54.272,3683.5534,,slider,0,1,6.48,3.12,-18.50,INHIBITED,OUT_OF_RANGE,44840,0,P,P,0.00,released,RELEASED
2026-05-18 19:50:54.675,3683.9564,,slider,0,1,6.48,3.12,-18.50,INHIBITED,OUT_OF_RANGE,44850,0,P,P,0.00,released,RELEASED
2026-05-18 19:50:55.072,3684.3527,,slider,0,1,6.48,3.12,-18.50,INHIBITED,OUT_OF_RANGE,44860,0,P,P,0.00,released,RELEASED
2026-05-18 19:50:55.473,3684.7536,,slider,0,1,6.48,3.12,-18.50,INHIBITED,OUT_OF_RANGE,44870,0,P,P,0.00,released,RELEASED
2026-05-18 19:50:55.872,3685.1526,,slider,0,1,6.48,3.12,-18.50,INHIBITED,OUT_OF_RANGE,44880,0,P,P,0.00,released,RELEASED
2026-05-18 19:50:56.275,3685.5565,,slider,0,1,6.48,3.12,-18.50,INHIBITED,OUT_OF_RANGE,44890,0,P,P,0.00,released,RELEASED
2026-05-18 19:50:56.672,3685.9533,,slider,0,1,6.48,3.12,-18.50,INHIBITED,OUT_OF_RANGE,44900,0,P,P,0.00,released,RELEASED
2026-05-18 19:50:57.073,3686.3544,,slider,0,1,6.48,3.12,-18.50,INHIBITED,OUT_OF_RANGE,44910,0,P,P,0.00,released,RELEASED
2026-05-18 19:50:57.475,3686.7561,,slider,0,1,6.48,3.12,-18.50,INHIBITED,OUT_OF_RANGE,44920,0,P,P,0.00,released,RELEASED
2026-05-18 19:50:57.875,3687.1563,,slider,0,1,6.48,3.12,-18.50,INHIBITED,OUT_OF_RANGE,44930,0,P,P,0.00,released,RELEASED
2026-05-18 19:50:58.274,3687.5548,,slider,0,1,6.48,3.12,-18.50,INHIBITED,OUT_OF_RANGE,44940,0,P,P,0.00,released,RELEASED
2026-05-18 19:50:58.673,3687.9537,,slider,0,1,6.48,3.12,-18.50,INHIBITED,OUT_OF_RANGE,44950,0,P,P,0.00,released,RELEASED
2026-05-18 19:50:59.074,3688.3549,,slider,0,1,6.48,3.12,-18.50,INHIBITED,OUT_OF_RANGE,44960,0,P,P,0.00,released,RELEASED
2026-05-18 19:50:59.475,3688.7563,,slider,0,1,6.48,3.12,-18.50,INHIBITED,OUT_OF_RANGE,44970,0,P,P,0.00,released,RELEASED
2026-05-18 19:50:59.872,3689.1523,,slider,0,1,6.48,3.12,-18.50,INHIBITED,OUT_OF_RANGE,44980,0,P,P,0.00,released,RELEASED
2026-05-18 19:51:00.273,3689.5539,,slider,0,1,6.48,3.12,-18.50,INHIBITED,OUT_OF_RANGE,44990,0,P,P,0.00,released,RELEASED
2026-05-18 19:51:00.674,3689.9548,,slider,0,1,6.48,3.12,-18.50,INHIBITED,OUT_OF_RANGE,45000,0,P,P,0.00,released,RELEASED
2026-05-18 19:51:01.076,3690.3566,,slider,0,1,6.48,3.12,-18.50,INHIBITED,OUT_OF_RANGE,45010,0,P,P,0.00,released,RELEASED
2026-05-18 19:51:01.472,3690.7530,,slider,0,1,6.48,3.12,-18.50,INHIBITED,OUT_OF_RANGE,45020,0,P,P,0.00,released,RELEASED
2026-05-18 19:51:01.877,3691.1573,,slider,0,1,6.48,3.12,-18.50,INHIBITED,OUT_OF_RANGE,45030,0,P,P,0.00,released,RELEASED
2026-05-18 19:51:02.273,3691.5534,,slider,0,1,6.48,3.12,-18.50,INHIBITED,OUT_OF_RANGE,45040,0,P,P,0.00,released,RELEASED
2026-05-18 19:51:02.675,3691.9555,,slider,0,1,6.48,3.12,-18.50,INHIBITED,OUT_OF_RANGE,45050,0,P,P,0.00,released,RELEASED
2026-05-18 19:51:03.076,3692.3563,,slider,0,1,6.48,3.12,-18.50,INHIBITED,OUT_OF_RANGE,45060,0,P,P,0.00,released,RELEASED
2026-05-18 19:51:03.476,3692.7566,,slider,0,1,6.48,3.12,-18.50,INHIBITED,OUT_OF_RANGE,45070,0,P,P,0.00,released,RELEASED
2026-05-18 19:51:03.872,3693.1528,,slider,0,1,6.48,3.12,-18.50,INHIBITED,OUT_OF_RANGE,45080,0,P,P,0.00,released,RELEASED
2026-05-18 19:51:04.273,3693.5538,,slider,0,1,6.48,3.12,-18.50,INHIBITED,OUT_OF_RANGE,45090,0,P,P,0.00,released,RELEASED
2026-05-18 19:51:04.676,3693.9566,,slider,0,1,6.48,3.12,-18.50,INHIBITED,OUT_OF_RANGE,45100,0,P,P,0.00,released,RELEASED
2026-05-18 19:51:05.073,3694.3536,,slider,0,1,6.48,3.12,-18.50,INHIBITED,OUT_OF_RANGE,45110,0,P,P,0.00,released,RELEASED
2026-05-18 19:51:05.476,3694.7564,,slider,0,1,6.48,3.12,-18.50,INHIBITED,OUT_OF_RANGE,45120,0,P,P,0.00,released,RELEASED
2026-05-18 19:51:05.873,3695.1539,,slider,0,1,6.48,3.12,-18.50,INHIBITED,OUT_OF_RANGE,45130,0,P,P,0.00,released,RELEASED
2026-05-18 19:51:06.274,3695.5547,,slider,0,1,6.48,3.12,-18.50,INHIBITED,OUT_OF_RANGE,45140,0,P,P,0.00,released,RELEASED
2026-05-18 19:51:06.672,3695.9526,,slider,0,1,6.48,3.12,-18.50,INHIBITED,OUT_OF_RANGE,45150,0,P,P,0.00,released,RELEASED
2026-05-18 19:51:07.073,3696.3531,,slider,0,1,6.48,3.12,-18.50,INHIBITED,OUT_OF_RANGE,45160,0,P,P,0.00,released,RELEASED
2026-05-18 19:51:07.476,3696.7560,,slider,0,1,6.48,3.12,-18.50,INHIBITED,OUT_OF_RANGE,45170,0,P,P,0.00,released,RELEASED
2026-05-18 19:51:07.872,3697.1526,,slider,0,1,6.48,3.12,-18.50,INHIBITED,OUT_OF_RANGE,45180,0,P,P,0.00,released,RELEASED
2026-05-18 19:51:08.275,3697.5556,,slider,0,1,6.48,3.12,-18.50,INHIBITED,OUT_OF_RANGE,45190,0,P,P,0.00,released,RELEASED
2026-05-18 19:51:08.676,3697.9565,,slider,0,1,6.48,3.12,-18.50,INHIBITED,OUT_OF_RANGE,45200,0,P,P,0.00,released,RELEASED
2026-05-18 19:51:09.077,3698.3571,,slider,0,1,6.48,3.12,-18.50,INHIBITED,OUT_OF_RANGE,45210,0,P,P,0.00,released,RELEASED
2026-05-18 19:51:09.476,3698.7568,,slider,0,1,6.48,3.12,-18.50,INHIBITED,OUT_OF_RANGE,45220,0,P,P,0.00,released,RELEASED
2026-05-18 19:51:09.874,3699.1539,,slider,0,1,6.48,3.12,-18.50,INHIBITED,OUT_OF_RANGE,45230,0,P,P,0.00,released,RELEASED
2026-05-18 19:51:10.275,3699.5556,,slider,0,1,6.48,3.12,-18.50,INHIBITED,OUT_OF_RANGE,45240,0,P,P,0.00,released,RELEASED
2026-05-18 19:51:10.676,3699.9564,,slider,0,1,6.48,3.12,-18.50,INHIBITED,OUT_OF_RANGE,45250,0,P,P,0.00,released,RELEASED
2026-05-18 19:51:11.074,3700.3538,,slider,0,1,6.48,3.12,-18.50,INHIBITED,OUT_OF_RANGE,45260,0,P,P,0.00,released,RELEASED
2026-05-18 19:51:11.476,3700.7563,,slider,0,1,6.48,3.12,-18.50,INHIBITED,OUT_OF_RANGE,45270,0,P,P,0.00,released,RELEASED
2026-05-18 19:51:11.874,3701.1544,,slider,0,1,6.48,3.12,-18.50,INHIBITED,OUT_OF_RANGE,45280,0,P,P,0.00,released,RELEASED
2026-05-18 19:51:12.275,3701.5549,,slider,0,1,6.48,3.12,-18.50,INHIBITED,OUT_OF_RANGE,45290,0,P,P,0.00,released,RELEASED
2026-05-18 19:51:12.678,3701.9577,,slider,0,1,6.48,3.12,-18.50,INHIBITED,OUT_OF_RANGE,45300,0,P,P,0.00,released,RELEASED
2026-05-18 19:51:13.077,3702.3566,,slider,0,1,6.48,3.12,-18.50,INHIBITED,OUT_OF_RANGE,45310,0,P,P,0.00,released,RELEASED
2026-05-18 19:51:13.474,3702.7539,,slider,0,1,6.48,3.12,-18.50,INHIBITED,OUT_OF_RANGE,45320,0,P,P,0.00,released,RELEASED
2026-05-18 19:51:13.877,3703.1568,,slider,0,1,6.48,3.12,-18.50,INHIBITED,OUT_OF_RANGE,45330,0,P,P,0.00,released,RELEASED
2026-05-18 19:51:14.278,3703.5579,,slider,0,1,6.48,3.12,-18.50,INHIBITED,OUT_OF_RANGE,45340,0,P,P,0.00,released,RELEASED
2026-05-18 19:51:14.674,3703.9542,,slider,0,1,6.48,3.12,-18.50,INHIBITED,OUT_OF_RANGE,45350,0,P,P,0.00,released,RELEASED
2026-05-18 19:51:15.075,3704.3547,,slider,0,1,6.48,3.12,-18.50,INHIBITED,OUT_OF_RANGE,45360,0,P,P,0.00,released,RELEASED
2026-05-18 19:51:15.474,3704.7542,,slider,0,1,6.48,3.12,-18.50,INHIBITED,OUT_OF_RANGE,45370,0,P,P,0.00,released,RELEASED
2026-05-18 19:51:15.877,3705.1566,,slider,0,1,6.48,3.12,-18.50,INHIBITED,OUT_OF_RANGE,45380,0,P,P,0.00,released,RELEASED
2026-05-18 19:51:16.277,3705.5574,,slider,0,1,6.48,3.12,-18.50,INHIBITED,OUT_OF_RANGE,45390,0,P,P,0.00,released,RELEASED
2026-05-18 19:51:16.678,3705.9583,,slider,0,1,6.48,3.12,-18.50,INHIBITED,OUT_OF_RANGE,45400,0,P,P,0.00,released,RELEASED
2026-05-18 19:51:17.074,3706.3539,,slider,0,1,6.48,3.12,-18.50,INHIBITED,OUT_OF_RANGE,45410,0,P,P,0.00,released,RELEASED
2026-05-18 19:51:17.476,3706.7555,,slider,0,1,6.48,3.12,-18.50,INHIBITED,OUT_OF_RANGE,45420,0,P,P,0.00,released,RELEASED
2026-05-18 19:51:17.877,3707.1564,,slider,0,1,6.48,3.12,-18.50,INHIBITED,OUT_OF_RANGE,45430,0,P,P,0.00,released,RELEASED
2026-05-18 19:51:18.274,3707.5537,,slider,0,1,6.48,3.12,-18.50,INHIBITED,OUT_OF_RANGE,45440,0,P,P,0.00,released,RELEASED
2026-05-18 19:51:18.674,3707.9536,,slider,0,1,6.48,3.12,-18.50,INHIBITED,OUT_OF_RANGE,45450,0,P,P,0.00,released,RELEASED
2026-05-18 19:51:19.076,3708.3556,,slider,0,1,6.48,3.12,-18.50,INHIBITED,OUT_OF_RANGE,45460,0,P,P,0.00,released,RELEASED
2026-05-18 19:51:19.477,3708.7566,,slider,0,1,6.48,3.12,-18.50,INHIBITED,OUT_OF_RANGE,45470,0,P,P,0.00,released,RELEASED
2026-05-18 19:51:19.875,3709.1543,,slider,0,1,6.48,3.12,-18.50,INHIBITED,OUT_OF_RANGE,45480,0,P,P,0.00,released,RELEASED
2026-05-18 19:51:20.277,3709.5567,,slider,0,1,6.48,3.12,-18.50,INHIBITED,OUT_OF_RANGE,45490,0,P,P,0.00,released,RELEASED
2026-05-18 19:51:20.678,3709.9580,,slider,0,1,6.48,3.12,-18.50,INHIBITED,OUT_OF_RANGE,45500,0,P,P,0.00,released,RELEASED
2026-05-18 19:51:21.076,3710.3554,,slider,0,1,6.48,3.12,-18.50,INHIBITED,OUT_OF_RANGE,45510,0,P,P,0.00,released,RELEASED
2026-05-18 19:51:21.474,3710.7537,,slider,0,1,6.48,3.12,-18.50,INHIBITED,OUT_OF_RANGE,45520,0,P,P,0.00,released,RELEASED
2026-05-18 19:51:21.876,3711.1561,,slider,0,1,6.48,3.12,-18.50,INHIBITED,OUT_OF_RANGE,45530,0,P,P,0.00,released,RELEASED
2026-05-18 19:51:22.276,3711.5562,,slider,0,1,6.48,3.12,-18.50,INHIBITED,OUT_OF_RANGE,45540,0,P,P,0.00,released,RELEASED
2026-05-18 19:51:22.678,3711.9579,,slider,0,1,6.48,3.12,-18.50,INHIBITED,OUT_OF_RANGE,45550,0,P,P,0.00,released,RELEASED
2026-05-18 19:51:23.075,3712.3546,,slider,0,1,6.48,3.12,-18.50,INHIBITED,OUT_OF_RANGE,45560,0,P,P,0.00,released,RELEASED
2026-05-18 19:51:23.475,3712.7549,,slider,0,1,6.48,3.12,-18.50,INHIBITED,OUT_OF_RANGE,45570,0,P,P,0.00,released,RELEASED
2026-05-18 19:51:23.874,3713.1532,,slider,0,1,6.48,3.12,-18.50,INHIBITED,OUT_OF_RANGE,45580,0,P,P,0.00,released,RELEASED
2026-05-18 19:51:24.276,3713.5556,,slider,0,1,6.48,3.12,-18.50,INHIBITED,OUT_OF_RANGE,45590,0,P,P,0.00,released,RELEASED
2026-05-18 19:51:24.674,3713.9531,,slider,0,1,6.48,3.12,-18.50,INHIBITED,OUT_OF_RANGE,45600,0,P,P,0.00,released,RELEASED
2026-05-18 19:51:25.075,3714.3543,,slider,0,1,6.48,3.12,-18.50,INHIBITED,OUT_OF_RANGE,45610,0,P,P,0.00,released,RELEASED
2026-05-18 19:51:25.476,3714.7558,,slider,0,1,6.48,3.12,-18.50,INHIBITED,OUT_OF_RANGE,45620,0,P,P,0.00,released,RELEASED
2026-05-18 19:51:25.878,3715.1579,,slider,0,1,6.48,3.12,-18.50,INHIBITED,OUT_OF_RANGE,45630,0,P,P,0.00,released,RELEASED
2026-05-18 19:51:26.275,3715.5543,,slider,0,1,6.48,3.12,-18.50,INHIBITED,OUT_OF_RANGE,45640,0,P,P,0.00,released,RELEASED
2026-05-18 19:51:26.676,3715.9556,,slider,0,1,6.48,3.12,-18.50,INHIBITED,OUT_OF_RANGE,45650,0,P,P,0.00,released,RELEASED
2026-05-18 19:51:27.077,3716.3565,,slider,0,1,6.48,3.12,-18.50,INHIBITED,OUT_OF_RANGE,45660,0,P,P,0.00,released,RELEASED
2026-05-18 19:51:27.475,3716.7542,,slider,0,1,6.48,3.12,-18.50,INHIBITED,OUT_OF_RANGE,45670,0,P,P,0.00,released,RELEASED
2026-05-18 19:51:27.877,3717.1565,,slider,0,1,6.48,3.12,-18.50,INHIBITED,OUT_OF_RANGE,45680,0,P,P,0.00,released,RELEASED
2026-05-18 19:51:28.274,3717.5537,,slider,0,1,6.48,3.12,-18.50,INHIBITED,OUT_OF_RANGE,45690,0,P,P,0.00,released,RELEASED
2026-05-18 19:51:28.678,3717.9573,,slider,0,1,6.48,3.12,-18.50,INHIBITED,OUT_OF_RANGE,45700,0,P,P,0.00,released,RELEASED
2026-05-18 19:51:29.076,3718.3557,,slider,0,1,6.48,3.12,-18.50,INHIBITED,OUT_OF_RANGE,45710,0,P,P,0.00,released,RELEASED
2026-05-18 19:51:29.478,3718.7577,,slider,0,1,6.48,3.12,-18.50,INHIBITED,OUT_OF_RANGE,45720,0,P,P,0.00,released,RELEASED
2026-05-18 19:51:29.875,3719.1549,,slider,0,1,6.48,3.12,-18.50,INHIBITED,OUT_OF_RANGE,45730,0,P,P,0.00,released,RELEASED
2026-05-18 19:51:30.277,3719.5564,,slider,0,1,6.48,3.12,-18.50,INHIBITED,OUT_OF_RANGE,45740,0,P,P,0.00,released,RELEASED
2026-05-18 19:51:30.675,3719.9545,,slider,0,1,6.48,3.12,-18.50,INHIBITED,OUT_OF_RANGE,45750,0,P,P,0.00,released,RELEASED
2026-05-18 19:51:31.075,3720.3540,,slider,0,1,6.48,3.12,-18.50,INHIBITED,OUT_OF_RANGE,45760,0,P,P,0.00,released,RELEASED
2026-05-18 19:51:31.476,3720.7552,,slider,0,1,6.48,3.12,-18.50,INHIBITED,OUT_OF_RANGE,45770,0,P,P,0.00,released,RELEASED
2026-05-18 19:51:31.877,3721.1564,,slider,0,1,6.48,3.12,-18.50,INHIBITED,OUT_OF_RANGE,45780,0,P,P,0.00,released,RELEASED
2026-05-18 19:51:32.274,3721.5538,,slider,0,1,6.48,3.12,-18.50,INHIBITED,OUT_OF_RANGE,45790,0,P,P,0.00,released,RELEASED
2026-05-18 19:51:32.676,3721.9557,,slider,0,1,6.48,3.12,-18.50,INHIBITED,OUT_OF_RANGE,45800,0,P,P,0.00,released,RELEASED
2026-05-18 19:51:33.074,3722.3531,,slider,0,1,6.48,3.12,-18.50,INHIBITED,OUT_OF_RANGE,45810,0,P,P,0.00,released,RELEASED
2026-05-18 19:51:33.476,3722.7549,,slider,0,1,6.48,3.12,-18.50,INHIBITED,OUT_OF_RANGE,45820,0,P,P,0.00,released,RELEASED
2026-05-18 19:51:33.874,3723.1531,,slider,0,1,6.48,3.12,-18.50,INHIBITED,OUT_OF_RANGE,45830,0,P,P,0.00,released,RELEASED
2026-05-18 19:51:34.274,3723.5534,,slider,0,1,6.48,3.12,-18.50,INHIBITED,OUT_OF_RANGE,45840,0,P,P,0.00,released,RELEASED
2026-05-18 19:51:34.677,3723.9560,,slider,0,1,6.48,3.12,-18.50,INHIBITED,OUT_OF_RANGE,45850,0,P,P,0.00,released,RELEASED
2026-05-18 19:51:35.077,3724.3565,,slider,0,1,6.48,3.12,-18.50,INHIBITED,OUT_OF_RANGE,45860,0,P,P,0.00,released,RELEASED
2026-05-18 19:51:35.474,3724.7533,,slider,0,1,6.48,3.12,-18.50,INHIBITED,OUT_OF_RANGE,45870,0,P,P,0.00,released,RELEASED
2026-05-18 19:51:35.875,3725.1546,,slider,0,1,6.48,3.12,-18.50,INHIBITED,OUT_OF_RANGE,45880,0,P,P,0.00,released,RELEASED
2026-05-18 19:51:36.277,3725.5558,,slider,0,1,6.48,3.12,-18.50,INHIBITED,OUT_OF_RANGE,45890,0,P,P,0.00,released,RELEASED
2026-05-18 19:51:36.678,3725.9569,,slider,0,1,6.48,3.12,-18.50,INHIBITED,OUT_OF_RANGE,45900,0,P,P,0.00,released,RELEASED
2026-05-18 19:51:37.075,3726.3541,,slider,0,1,6.48,3.12,-18.50,INHIBITED,OUT_OF_RANGE,45910,0,P,P,0.00,released,RELEASED
2026-05-18 19:51:37.478,3726.7575,,slider,0,1,6.48,3.12,-18.50,INHIBITED,OUT_OF_RANGE,45920,0,P,P,0.00,released,RELEASED
2026-05-18 19:51:37.876,3727.1546,,slider,0,1,6.48,3.12,-18.50,INHIBITED,OUT_OF_RANGE,45930,0,P,P,0.00,released,RELEASED
2026-05-18 19:51:38.276,3727.5552,,slider,0,1,6.48,3.12,-18.50,INHIBITED,OUT_OF_RANGE,45940,0,P,P,0.00,released,RELEASED
2026-05-18 19:51:38.677,3727.9559,,slider,0,1,6.48,3.12,-18.50,INHIBITED,OUT_OF_RANGE,45950,0,P,P,0.00,released,RELEASED
2026-05-18 19:51:39.076,3728.3548,,slider,0,1,6.48,3.12,-18.50,INHIBITED,OUT_OF_RANGE,45960,0,P,P,0.00,released,RELEASED
2026-05-18 19:51:39.479,3728.7576,,slider,0,1,6.48,3.12,-18.50,INHIBITED,OUT_OF_RANGE,45970,0,P,P,0.00,released,RELEASED
2026-05-18 19:51:39.875,3729.1536,,slider,0,1,6.48,3.12,-18.50,INHIBITED,OUT_OF_RANGE,45980,0,P,P,0.00,released,RELEASED
2026-05-18 19:51:40.276,3729.5546,,slider,0,1,6.48,3.12,-18.50,INHIBITED,OUT_OF_RANGE,45990,0,P,P,0.00,released,RELEASED
2026-05-18 19:51:40.677,3729.9561,,slider,0,1,6.48,3.12,-18.50,INHIBITED,OUT_OF_RANGE,46000,0,P,P,0.00,released,RELEASED
2026-05-18 19:51:41.077,3730.3565,,slider,0,1,6.48,3.12,-18.50,INHIBITED,OUT_OF_RANGE,46010,0,P,P,0.00,released,RELEASED
2026-05-18 19:51:41.477,3730.7558,,slider,0,1,6.48,3.12,-18.50,INHIBITED,OUT_OF_RANGE,46020,0,P,P,0.00,released,RELEASED
2026-05-18 19:51:41.876,3731.1553,,slider,0,1,6.48,3.12,-18.50,INHIBITED,OUT_OF_RANGE,46030,0,P,P,0.00,released,RELEASED
2026-05-18 19:51:42.276,3731.5546,,slider,0,1,6.48,3.12,-18.50,INHIBITED,OUT_OF_RANGE,46040,0,P,P,0.00,released,RELEASED
2026-05-18 19:51:42.677,3731.9564,,slider,0,1,6.48,3.12,-18.50,INHIBITED,OUT_OF_RANGE,46050,0,P,P,0.00,released,RELEASED
2026-05-18 19:51:43.078,3732.3571,,slider,0,1,6.48,3.12,-18.50,INHIBITED,OUT_OF_RANGE,46060,0,P,P,0.00,released,RELEASED
2026-05-18 19:51:43.479,3732.7576,,slider,0,1,6.48,3.12,-18.50,INHIBITED,OUT_OF_RANGE,46070,0,P,P,0.00,released,RELEASED
2026-05-18 19:51:43.879,3733.1576,,slider,0,1,6.48,3.12,-18.50,INHIBITED,OUT_OF_RANGE,46080,0,P,P,0.00,released,RELEASED
2026-05-18 19:51:44.277,3733.5555,,slider,0,1,6.48,3.12,-18.50,INHIBITED,OUT_OF_RANGE,46090,0,P,P,0.00,released,RELEASED
2026-05-18 19:51:44.676,3733.9551,,slider,0,1,6.48,3.12,-18.50,INHIBITED,OUT_OF_RANGE,46100,0,P,P,0.00,released,RELEASED
2026-05-18 19:51:45.077,3734.3560,,slider,0,1,6.48,3.12,-18.50,INHIBITED,OUT_OF_RANGE,46110,0,P,P,0.00,released,RELEASED
2026-05-18 19:51:45.478,3734.7569,,slider,0,1,6.48,3.12,-18.50,INHIBITED,OUT_OF_RANGE,46120,0,P,P,0.00,released,RELEASED
2026-05-18 19:51:45.877,3735.1557,,slider,0,1,6.48,3.12,-18.50,INHIBITED,OUT_OF_RANGE,46130,0,P,P,0.00,released,RELEASED
2026-05-18 19:51:46.276,3735.5550,,slider,0,1,6.48,3.12,-18.50,INHIBITED,OUT_OF_RANGE,46140,0,P,P,0.00,released,RELEASED
2026-05-18 19:51:46.676,3735.9552,,slider,0,1,6.48,3.12,-18.50,INHIBITED,OUT_OF_RANGE,46150,0,P,P,0.00,released,RELEASED
2026-05-18 19:51:47.078,3736.3565,,slider,0,1,6.48,3.12,-18.50,INHIBITED,OUT_OF_RANGE,46160,0,P,P,0.00,released,RELEASED
2026-05-18 19:51:47.478,3736.7568,,slider,0,1,6.48,3.12,-18.50,INHIBITED,OUT_OF_RANGE,46170,0,P,P,0.00,released,RELEASED
2026-05-18 19:51:47.879,3737.1581,,slider,0,1,6.48,3.12,-18.50,INHIBITED,OUT_OF_RANGE,46180,0,P,P,0.00,released,RELEASED
2026-05-18 19:51:48.276,3737.5545,,slider,0,1,6.48,3.12,-18.50,INHIBITED,OUT_OF_RANGE,46190,0,P,P,0.00,released,RELEASED
2026-05-18 19:51:48.677,3737.9558,,slider,0,1,6.48,3.12,-18.50,INHIBITED,OUT_OF_RANGE,46200,0,P,P,0.00,released,RELEASED
2026-05-18 19:51:49.075,3738.3538,,slider,0,1,6.48,3.12,-18.50,INHIBITED,OUT_OF_RANGE,46210,0,P,P,0.00,released,RELEASED
2026-05-18 19:51:49.479,3738.7580,,slider,0,1,6.48,3.12,-18.50,INHIBITED,OUT_OF_RANGE,46220,0,P,P,0.00,released,RELEASED
2026-05-18 19:51:49.876,3739.1544,,slider,0,1,6.48,3.12,-18.50,INHIBITED,OUT_OF_RANGE,46230,0,P,P,0.00,released,RELEASED
2026-05-18 19:51:50.276,3739.5550,,slider,0,1,6.48,3.12,-18.50,INHIBITED,OUT_OF_RANGE,46240,0,P,P,0.00,released,RELEASED
2026-05-18 19:51:50.677,3739.9558,,slider,0,1,6.48,3.12,-18.50,INHIBITED,OUT_OF_RANGE,46250,0,P,P,0.00,released,RELEASED
2026-05-18 19:51:51.079,3740.3577,,slider,0,1,6.48,3.12,-18.50,INHIBITED,OUT_OF_RANGE,46260,0,P,P,0.00,released,RELEASED
2026-05-18 19:51:51.479,3740.7579,,slider,0,1,6.48,3.12,-18.50,INHIBITED,OUT_OF_RANGE,46270,0,P,P,0.00,released,RELEASED
2026-05-18 19:51:51.879,3741.1574,,slider,0,1,6.48,3.12,-18.50,INHIBITED,OUT_OF_RANGE,46280,0,P,P,0.00,released,RELEASED
2026-05-18 19:51:52.276,3741.5548,,slider,0,1,6.48,3.12,-18.50,INHIBITED,OUT_OF_RANGE,46290,0,P,P,0.00,released,RELEASED
2026-05-18 19:51:52.677,3741.9558,,slider,0,1,6.48,3.12,-18.50,INHIBITED,OUT_OF_RANGE,46300,0,P,P,0.00,released,RELEASED
2026-05-18 19:51:53.077,3742.3552,,slider,0,1,6.48,3.12,-18.50,INHIBITED,OUT_OF_RANGE,46310,0,P,P,0.00,released,RELEASED
2026-05-18 19:51:53.479,3742.7572,,slider,0,1,6.48,3.12,-18.50,INHIBITED,OUT_OF_RANGE,46320,0,P,P,0.00,released,RELEASED
2026-05-18 19:51:53.876,3743.1543,,slider,0,1,6.48,3.12,-18.50,INHIBITED,OUT_OF_RANGE,46330,0,P,P,0.00,released,RELEASED
2026-05-18 19:51:54.275,3743.5534,,slider,0,1,6.48,3.12,-18.50,INHIBITED,OUT_OF_RANGE,46340,0,P,P,0.00,released,RELEASED
2026-05-18 19:51:54.676,3743.9542,,slider,0,1,6.48,3.12,-18.50,INHIBITED,OUT_OF_RANGE,46350,0,P,P,0.00,released,RELEASED
2026-05-18 19:51:55.080,3744.3585,,slider,0,1,6.48,3.12,-18.50,INHIBITED,OUT_OF_RANGE,46360,0,P,P,0.00,released,RELEASED
2026-05-18 19:51:55.480,3744.7583,,slider,0,1,6.48,3.12,-18.50,INHIBITED,OUT_OF_RANGE,46370,0,P,P,0.00,released,RELEASED
2026-05-18 19:51:55.876,3745.1547,,slider,0,1,6.48,3.12,-18.50,INHIBITED,OUT_OF_RANGE,46380,0,P,P,0.00,released,RELEASED
2026-05-18 19:51:56.276,3745.5545,,slider,0,1,6.48,3.12,-18.50,INHIBITED,OUT_OF_RANGE,46390,0,P,P,0.00,released,RELEASED
2026-05-18 19:51:56.677,3745.9555,,slider,0,1,6.48,3.12,-18.50,INHIBITED,OUT_OF_RANGE,46400,0,P,P,0.00,released,RELEASED
2026-05-18 19:51:57.078,3746.3559,,slider,0,1,6.48,3.12,-18.50,INHIBITED,OUT_OF_RANGE,46410,0,P,P,0.00,released,RELEASED
2026-05-18 19:51:57.478,3746.7559,,slider,0,1,6.48,3.12,-18.50,INHIBITED,OUT_OF_RANGE,46420,0,P,P,0.00,released,RELEASED
2026-05-18 19:51:57.878,3747.1559,,slider,0,1,6.48,3.12,-18.50,INHIBITED,OUT_OF_RANGE,46430,0,P,P,0.00,released,RELEASED
2026-05-18 19:51:58.279,3747.5571,,slider,0,1,6.48,3.12,-18.50,INHIBITED,OUT_OF_RANGE,46440,0,P,P,0.00,released,RELEASED
2026-05-18 19:51:58.680,3747.9586,,slider,0,1,6.48,3.12,-18.50,INHIBITED,OUT_OF_RANGE,46450,0,P,P,0.00,released,RELEASED
2026-05-18 19:51:59.076,3748.3545,,slider,0,1,6.48,3.12,-18.50,INHIBITED,OUT_OF_RANGE,46460,0,P,P,0.00,released,RELEASED
2026-05-18 19:51:59.477,3748.7549,,slider,0,1,6.48,3.12,-18.50,INHIBITED,OUT_OF_RANGE,46470,0,P,P,0.00,released,RELEASED
2026-05-18 19:51:59.876,3749.1538,,slider,0,1,6.48,3.12,-18.50,INHIBITED,OUT_OF_RANGE,46480,0,P,P,0.00,released,RELEASED
2026-05-18 19:52:00.277,3749.5557,,slider,0,1,6.48,3.12,-18.50,INHIBITED,OUT_OF_RANGE,46490,0,P,P,0.00,released,RELEASED
2026-05-18 19:52:00.677,3749.9556,,slider,0,1,6.48,3.12,-18.50,INHIBITED,OUT_OF_RANGE,46500,0,P,P,0.00,released,RELEASED
2026-05-18 19:52:01.077,3750.3555,,slider,0,1,6.48,3.12,-18.50,INHIBITED,OUT_OF_RANGE,46510,0,P,P,0.00,released,RELEASED
2026-05-18 19:52:01.479,3750.7575,,slider,0,1,6.48,3.12,-18.50,INHIBITED,OUT_OF_RANGE,46520,0,P,P,0.00,released,RELEASED
2026-05-18 19:52:01.881,3751.1592,,slider,0,1,6.48,3.12,-18.50,INHIBITED,OUT_OF_RANGE,46530,0,P,P,0.00,released,RELEASED
2026-05-18 19:52:02.282,3751.5599,,slider,0,1,6.48,3.12,-18.50,INHIBITED,OUT_OF_RANGE,46540,0,P,P,0.00,released,RELEASED
2026-05-18 19:52:02.677,3751.9551,,slider,0,1,6.48,3.12,-18.50,INHIBITED,OUT_OF_RANGE,46550,0,P,P,0.00,released,RELEASED
2026-05-18 19:52:03.079,3752.3573,,slider,0,1,6.48,3.12,-18.50,INHIBITED,OUT_OF_RANGE,46560,0,P,P,0.00,released,RELEASED
2026-05-18 19:52:03.478,3752.7563,,slider,0,1,6.48,3.12,-18.50,INHIBITED,OUT_OF_RANGE,46570,0,P,P,0.00,released,RELEASED
2026-05-18 19:52:03.878,3753.1561,,slider,0,1,6.48,3.12,-18.50,INHIBITED,OUT_OF_RANGE,46580,0,P,P,0.00,released,RELEASED
2026-05-18 19:52:04.280,3753.5579,,slider,0,1,6.48,3.12,-18.50,INHIBITED,OUT_OF_RANGE,46590,0,P,P,0.00,released,RELEASED
2026-05-18 19:52:04.679,3753.9567,,slider,0,1,6.48,3.12,-18.50,INHIBITED,OUT_OF_RANGE,46600,0,P,P,0.00,released,RELEASED
2026-05-18 19:52:05.081,3754.3588,,slider,0,1,6.48,3.12,-18.50,INHIBITED,OUT_OF_RANGE,46610,0,P,P,0.00,released,RELEASED
2026-05-18 19:52:05.480,3754.7581,,slider,0,1,6.48,3.12,-18.50,INHIBITED,OUT_OF_RANGE,46620,0,P,P,0.00,released,RELEASED
2026-05-18 19:52:05.881,3755.1587,,slider,0,1,6.48,3.12,-18.50,INHIBITED,OUT_OF_RANGE,46630,0,P,P,0.00,released,RELEASED
2026-05-18 19:52:06.281,3755.5591,,slider,0,1,6.48,3.12,-18.50,INHIBITED,OUT_OF_RANGE,46640,0,P,P,0.00,released,RELEASED
2026-05-18 19:52:06.682,3755.9600,,slider,0,1,6.48,3.12,-18.50,INHIBITED,OUT_OF_RANGE,46650,0,P,P,0.00,released,RELEASED
2026-05-18 19:52:07.078,3756.3557,,slider,0,1,6.48,3.12,-18.50,INHIBITED,OUT_OF_RANGE,46660,0,P,P,0.00,released,RELEASED
2026-05-18 19:52:07.481,3756.7593,,slider,0,1,6.48,3.12,-18.50,INHIBITED,OUT_OF_RANGE,46670,0,P,P,0.00,released,RELEASED
2026-05-18 19:52:07.878,3757.1559,,slider,0,1,6.48,3.12,-18.50,INHIBITED,OUT_OF_RANGE,46680,0,P,P,0.00,released,RELEASED
2026-05-18 19:52:08.282,3757.5597,,slider,0,1,6.48,3.12,-18.50,INHIBITED,OUT_OF_RANGE,46690,0,P,P,0.00,released,RELEASED
2026-05-18 19:52:08.681,3757.9585,,slider,0,1,6.48,3.12,-18.50,INHIBITED,OUT_OF_RANGE,46700,0,P,P,0.00,released,RELEASED
2026-05-18 19:52:09.081,3758.3593,,slider,0,1,6.48,3.12,-18.50,INHIBITED,OUT_OF_RANGE,46710,0,P,P,0.00,released,RELEASED
2026-05-18 19:52:09.481,3758.7584,,slider,0,1,6.48,3.12,-18.50,INHIBITED,OUT_OF_RANGE,46720,0,P,P,0.00,released,RELEASED
2026-05-18 19:52:09.879,3759.1567,,slider,0,1,6.48,3.12,-18.50,INHIBITED,OUT_OF_RANGE,46730,0,P,P,0.00,released,RELEASED
2026-05-18 19:52:10.279,3759.5572,,slider,0,1,6.48,3.12,-18.50,INHIBITED,OUT_OF_RANGE,46740,0,P,P,0.00,released,RELEASED
2026-05-18 19:52:10.681,3759.9589,,slider,0,1,6.48,3.12,-18.50,INHIBITED,OUT_OF_RANGE,46750,0,P,P,0.00,released,RELEASED
2026-05-18 19:52:11.078,3760.3554,,slider,0,1,6.48,3.12,-18.50,INHIBITED,OUT_OF_RANGE,46760,0,P,P,0.00,released,RELEASED
2026-05-18 19:52:11.482,3760.7596,,slider,0,1,6.48,3.12,-18.50,INHIBITED,OUT_OF_RANGE,46770,0,P,P,0.00,released,RELEASED
2026-05-18 19:52:11.878,3761.1561,,slider,0,1,6.48,3.12,-18.50,INHIBITED,OUT_OF_RANGE,46780,0,P,P,0.00,released,RELEASED
2026-05-18 19:52:12.279,3761.5570,,slider,0,1,6.48,3.12,-18.50,INHIBITED,OUT_OF_RANGE,46790,0,P,P,0.00,released,RELEASED
2026-05-18 19:52:12.678,3761.9556,,slider,0,1,6.48,3.12,-18.50,INHIBITED,OUT_OF_RANGE,46800,0,P,P,0.00,released,RELEASED
2026-05-18 19:52:13.079,3762.3566,,slider,0,1,6.48,3.12,-18.50,INHIBITED,OUT_OF_RANGE,46810,0,P,P,0.00,released,RELEASED
2026-05-18 19:52:13.480,3762.7577,,slider,0,1,6.48,3.12,-18.50,INHIBITED,OUT_OF_RANGE,46820,0,P,P,0.00,released,RELEASED
2026-05-18 19:52:13.877,3763.1551,,slider,0,1,6.48,3.12,-18.50,INHIBITED,OUT_OF_RANGE,46830,0,P,P,0.00,released,RELEASED
2026-05-18 19:52:14.278,3763.5554,,slider,0,1,6.48,3.12,-18.50,INHIBITED,OUT_OF_RANGE,46840,0,P,P,0.00,released,RELEASED
2026-05-18 19:52:14.680,3763.9574,,slider,0,1,6.48,3.12,-18.50,INHIBITED,OUT_OF_RANGE,46850,0,P,P,0.00,released,RELEASED
2026-05-18 19:52:15.080,3764.3577,,slider,0,1,6.48,3.12,-18.50,INHIBITED,OUT_OF_RANGE,46860,0,P,P,0.00,released,RELEASED
2026-05-18 19:52:15.482,3764.7597,,slider,0,1,6.48,3.12,-18.50,INHIBITED,OUT_OF_RANGE,46870,0,P,P,0.00,released,RELEASED
2026-05-18 19:52:15.879,3765.1570,,slider,0,1,6.48,3.12,-18.50,INHIBITED,OUT_OF_RANGE,46880,0,P,P,0.00,released,RELEASED
2026-05-18 19:52:16.280,3765.5576,,slider,0,1,6.48,3.12,-18.50,INHIBITED,OUT_OF_RANGE,46890,0,P,P,0.00,released,RELEASED
2026-05-18 19:52:16.682,3765.9591,,slider,0,1,6.48,3.12,-18.50,INHIBITED,OUT_OF_RANGE,46900,0,P,P,0.00,released,RELEASED
2026-05-18 19:52:17.082,3766.3591,,slider,0,1,6.48,3.12,-18.50,INHIBITED,OUT_OF_RANGE,46910,0,P,P,0.00,released,RELEASED
2026-05-18 19:52:17.481,3766.7588,,slider,0,1,6.48,3.12,-18.50,INHIBITED,OUT_OF_RANGE,46920,0,P,P,0.00,released,RELEASED
2026-05-18 19:52:17.881,3767.1588,,slider,0,1,6.48,3.12,-18.50,INHIBITED,OUT_OF_RANGE,46930,0,P,P,0.00,released,RELEASED
2026-05-18 19:52:18.279,3767.5565,,slider,0,1,6.48,3.12,-18.50,INHIBITED,OUT_OF_RANGE,46940,0,P,P,0.00,released,RELEASED
2026-05-18 19:52:18.681,3767.9585,,slider,0,1,6.48,3.12,-18.50,INHIBITED,OUT_OF_RANGE,46950,0,P,P,0.00,released,RELEASED
2026-05-18 19:52:19.082,3768.3592,,slider,0,1,6.48,3.12,-18.50,INHIBITED,OUT_OF_RANGE,46960,0,P,P,0.00,released,RELEASED
2026-05-18 19:52:19.478,3768.7558,,slider,0,1,6.48,3.12,-18.50,INHIBITED,OUT_OF_RANGE,46970,0,P,P,0.00,released,RELEASED
2026-05-18 19:52:19.882,3769.1593,,slider,0,1,6.48,3.12,-18.50,INHIBITED,OUT_OF_RANGE,46980,0,P,P,0.00,released,RELEASED
2026-05-18 19:52:20.277,3769.5547,,slider,0,1,6.48,3.12,-18.50,INHIBITED,OUT_OF_RANGE,46990,0,P,P,0.00,released,RELEASED
2026-05-18 19:52:20.678,3769.9558,,slider,0,1,6.48,3.12,-18.50,INHIBITED,OUT_OF_RANGE,47000,0,P,P,0.00,released,RELEASED
2026-05-18 19:52:21.079,3770.3568,,slider,0,1,6.48,3.12,-18.50,INHIBITED,OUT_OF_RANGE,47010,0,P,P,0.00,released,RELEASED
2026-05-18 19:52:21.481,3770.7587,,slider,0,1,6.48,3.12,-18.50,INHIBITED,OUT_OF_RANGE,47020,0,P,P,0.00,released,RELEASED
2026-05-18 19:52:21.877,3771.1540,,slider,0,1,6.48,3.12,-18.50,INHIBITED,OUT_OF_RANGE,47030,0,P,P,0.00,released,RELEASED
2026-05-18 19:52:22.279,3771.5560,,slider,0,1,6.48,3.12,-18.50,INHIBITED,OUT_OF_RANGE,47040,0,P,P,0.00,released,RELEASED
2026-05-18 19:52:22.680,3771.9570,,slider,0,1,6.48,3.12,-18.50,INHIBITED,OUT_OF_RANGE,47050,0,P,P,0.00,released,RELEASED
2026-05-18 19:52:23.080,3772.3574,,slider,0,1,6.48,3.12,-18.50,INHIBITED,OUT_OF_RANGE,47060,0,P,P,0.00,released,RELEASED
2026-05-18 19:52:23.480,3772.7577,,slider,0,1,6.48,3.12,-18.50,INHIBITED,OUT_OF_RANGE,47070,0,P,P,0.00,released,RELEASED
2026-05-18 19:52:23.881,3773.1580,,slider,0,1,6.48,3.12,-18.50,INHIBITED,OUT_OF_RANGE,47080,0,P,P,0.00,released,RELEASED
2026-05-18 19:52:24.278,3773.5549,,slider,0,1,6.48,3.12,-18.50,INHIBITED,OUT_OF_RANGE,47090,0,P,P,0.00,released,RELEASED
2026-05-18 19:52:24.679,3773.9562,,slider,0,1,6.48,3.12,-18.50,INHIBITED,OUT_OF_RANGE,47100,0,P,P,0.00,released,RELEASED
2026-05-18 19:52:25.077,3774.3541,,slider,0,1,6.48,3.12,-18.50,INHIBITED,OUT_OF_RANGE,47110,0,P,P,0.00,released,RELEASED
2026-05-18 19:52:25.478,3774.7552,,slider,0,1,6.48,3.12,-18.50,INHIBITED,OUT_OF_RANGE,47120,0,P,P,0.00,released,RELEASED
2026-05-18 19:52:25.880,3775.1576,,slider,0,1,6.48,3.12,-18.50,INHIBITED,OUT_OF_RANGE,47130,0,P,P,0.00,released,RELEASED
2026-05-18 19:52:26.281,3775.5585,,slider,0,1,6.48,3.12,-18.50,INHIBITED,OUT_OF_RANGE,47140,0,P,P,0.00,released,RELEASED
2026-05-18 19:52:26.679,3775.9560,,slider,0,1,6.48,3.12,-18.50,INHIBITED,OUT_OF_RANGE,47150,0,P,P,0.00,released,RELEASED
2026-05-18 19:52:27.081,3776.3577,,slider,0,1,6.48,3.12,-18.50,INHIBITED,OUT_OF_RANGE,47160,0,P,P,0.00,released,RELEASED
2026-05-18 19:52:27.483,3776.7597,,slider,0,1,6.48,3.12,-18.50,INHIBITED,OUT_OF_RANGE,47170,0,P,P,0.00,released,RELEASED
2026-05-18 19:52:27.878,3777.1549,,slider,0,1,6.48,3.12,-18.50,INHIBITED,OUT_OF_RANGE,47180,0,P,P,0.00,released,RELEASED
2026-05-18 19:52:28.279,3777.5557,,slider,0,1,6.48,3.12,-18.50,INHIBITED,OUT_OF_RANGE,47190,0,P,P,0.00,released,RELEASED
2026-05-18 19:52:28.680,3777.9572,,slider,0,1,6.48,3.12,-18.50,INHIBITED,OUT_OF_RANGE,47200,0,P,P,0.00,released,RELEASED
2026-05-18 19:52:29.081,3778.3580,,slider,0,1,6.48,3.12,-18.50,INHIBITED,OUT_OF_RANGE,47210,0,P,P,0.00,released,RELEASED
2026-05-18 19:52:29.478,3778.7547,,slider,0,1,6.48,3.12,-18.50,INHIBITED,OUT_OF_RANGE,47220,0,P,P,0.00,released,RELEASED
2026-05-18 19:52:29.877,3779.1545,,slider,0,1,6.48,3.12,-18.50,INHIBITED,OUT_OF_RANGE,47230,0,P,P,0.00,released,RELEASED
2026-05-18 19:52:30.281,3779.5585,,slider,0,1,6.48,3.12,-18.50,INHIBITED,OUT_OF_RANGE,47240,0,P,P,0.00,released,RELEASED
2026-05-18 19:52:30.677,3779.9544,,slider,0,1,6.48,3.12,-18.50,INHIBITED,OUT_OF_RANGE,47250,0,P,P,0.00,released,RELEASED
2026-05-18 19:52:31.077,3780.3543,,slider,0,1,6.48,3.12,-18.50,INHIBITED,OUT_OF_RANGE,47260,0,P,P,0.00,released,RELEASED
2026-05-18 19:52:31.478,3780.7548,,slider,0,1,6.48,3.12,-18.50,INHIBITED,OUT_OF_RANGE,47270,0,P,P,0.00,released,RELEASED
2026-05-18 19:52:31.879,3781.1555,,slider,0,1,6.48,3.12,-18.50,INHIBITED,OUT_OF_RANGE,47280,0,P,P,0.00,released,RELEASED
2026-05-18 19:52:32.279,3781.5564,,slider,0,1,6.48,3.12,-18.50,INHIBITED,OUT_OF_RANGE,47290,0,P,P,0.00,released,RELEASED
2026-05-18 19:52:32.680,3781.9568,,slider,0,1,6.48,3.12,-18.50,INHIBITED,OUT_OF_RANGE,47300,0,P,P,0.00,released,RELEASED
2026-05-18 19:52:33.080,3782.3574,,slider,0,1,6.48,3.12,-18.50,INHIBITED,OUT_OF_RANGE,47310,0,P,P,0.00,released,RELEASED
2026-05-18 19:52:33.481,3782.7576,,slider,0,1,6.48,3.12,-18.50,INHIBITED,OUT_OF_RANGE,47320,0,P,P,0.00,released,RELEASED
2026-05-18 19:52:33.877,3783.1542,,slider,0,1,6.48,3.12,-18.50,INHIBITED,OUT_OF_RANGE,47330,0,P,P,0.00,released,RELEASED
2026-05-18 19:52:34.280,3783.5567,,slider,0,1,6.48,3.12,-18.50,INHIBITED,OUT_OF_RANGE,47340,0,P,P,0.00,released,RELEASED
2026-05-18 19:52:34.678,3783.9544,,slider,0,1,6.48,3.12,-18.50,INHIBITED,OUT_OF_RANGE,47350,0,P,P,0.00,released,RELEASED
2026-05-18 19:52:35.082,3784.3590,,slider,0,1,6.48,3.12,-18.50,INHIBITED,OUT_OF_RANGE,47360,0,P,P,0.00,released,RELEASED
2026-05-18 19:52:35.480,3784.7566,,slider,0,1,6.48,3.12,-18.50,INHIBITED,OUT_OF_RANGE,47370,0,P,P,0.00,released,RELEASED
2026-05-18 19:52:35.879,3785.1556,,slider,0,1,6.48,3.12,-18.50,INHIBITED,OUT_OF_RANGE,47380,0,P,P,0.00,released,RELEASED
2026-05-18 19:52:36.279,3785.5560,,slider,0,1,6.48,3.12,-18.50,INHIBITED,OUT_OF_RANGE,47390,0,P,P,0.00,released,RELEASED
2026-05-18 19:52:36.679,3785.9557,,slider,0,1,6.48,3.12,-18.50,INHIBITED,OUT_OF_RANGE,47400,0,P,P,0.00,released,RELEASED
2026-05-18 19:52:37.079,3786.3554,,slider,0,1,6.48,3.12,-18.50,INHIBITED,OUT_OF_RANGE,47410,0,P,P,0.00,released,RELEASED
2026-05-18 19:52:37.479,3786.7557,,slider,0,1,6.48,3.12,-18.50,INHIBITED,OUT_OF_RANGE,47420,0,P,P,0.00,released,RELEASED
2026-05-18 19:52:37.881,3787.1577,,slider,0,1,6.48,3.12,-18.50,INHIBITED,OUT_OF_RANGE,47430,0,P,P,0.00,released,RELEASED
2026-05-18 19:52:38.282,3787.5583,,slider,0,1,6.48,3.12,-18.50,INHIBITED,OUT_OF_RANGE,47440,0,P,P,0.00,released,RELEASED
2026-05-18 19:52:38.677,3787.9541,,slider,0,1,6.48,3.12,-18.50,INHIBITED,OUT_OF_RANGE,47450,0,P,P,0.00,released,RELEASED
2026-05-18 19:52:39.081,3788.3572,,slider,0,1,6.48,3.12,-18.50,INHIBITED,OUT_OF_RANGE,47460,0,P,P,0.00,released,RELEASED
2026-05-18 19:52:39.481,3788.7579,,slider,0,1,6.48,3.12,-18.50,INHIBITED,OUT_OF_RANGE,47470,0,P,P,0.00,released,RELEASED
2026-05-18 19:52:39.879,3789.1558,,slider,0,1,6.48,3.12,-18.50,INHIBITED,OUT_OF_RANGE,47480,0,P,P,0.00,released,RELEASED
2026-05-18 19:52:40.278,3789.5544,,slider,0,1,6.48,3.12,-18.50,INHIBITED,OUT_OF_RANGE,47490,0,P,P,0.00,released,RELEASED
2026-05-18 19:52:40.678,3789.9548,,slider,0,1,6.48,3.12,-18.50,INHIBITED,OUT_OF_RANGE,47500,0,P,P,0.00,released,RELEASED
2026-05-18 19:52:41.078,3790.3544,,slider,0,1,6.48,3.12,-18.50,INHIBITED,OUT_OF_RANGE,47510,0,P,P,0.00,released,RELEASED
2026-05-18 19:52:41.480,3790.7566,,slider,0,1,6.48,3.12,-18.50,INHIBITED,OUT_OF_RANGE,47520,0,P,P,0.00,released,RELEASED
2026-05-18 19:52:41.882,3791.1583,,slider,0,1,6.48,3.12,-18.50,INHIBITED,OUT_OF_RANGE,47530,0,P,P,0.00,released,RELEASED
2026-05-18 19:52:42.278,3791.5547,,slider,0,1,6.48,3.12,-18.50,INHIBITED,OUT_OF_RANGE,47540,0,P,P,0.00,released,RELEASED
2026-05-18 19:52:42.680,3791.9566,,slider,0,1,6.48,3.12,-18.50,INHIBITED,OUT_OF_RANGE,47550,0,P,P,0.00,released,RELEASED
2026-05-18 19:52:43.083,3792.3594,,slider,0,1,6.48,3.12,-18.50,INHIBITED,OUT_OF_RANGE,47560,0,P,P,0.00,released,RELEASED
2026-05-18 19:52:43.480,3792.7566,,slider,0,1,6.48,3.12,-18.50,INHIBITED,OUT_OF_RANGE,47570,0,P,P,0.00,released,RELEASED
2026-05-18 19:52:43.881,3793.1579,,slider,0,1,6.48,3.12,-18.50,INHIBITED,OUT_OF_RANGE,47580,0,P,P,0.00,released,RELEASED
2026-05-18 19:52:44.282,3793.5584,,slider,0,1,6.48,3.12,-18.50,INHIBITED,OUT_OF_RANGE,47590,0,P,P,0.00,released,RELEASED
2026-05-18 19:52:44.678,3793.9546,,slider,0,1,6.48,3.12,-18.50,INHIBITED,OUT_OF_RANGE,47600,0,P,P,0.00,released,RELEASED
2026-05-18 19:52:45.078,3794.3549,,slider,0,1,6.48,3.12,-18.50,INHIBITED,OUT_OF_RANGE,47610,0,P,P,0.00,released,RELEASED
2026-05-18 19:52:45.483,3794.7592,,slider,0,1,6.48,3.12,-18.50,INHIBITED,OUT_OF_RANGE,47620,0,P,P,0.00,released,RELEASED
2026-05-18 19:52:45.881,3795.1577,,slider,0,1,6.48,3.12,-18.50,INHIBITED,OUT_OF_RANGE,47630,0,P,P,0.00,released,RELEASED
2026-05-18 19:52:46.282,3795.5583,,slider,0,1,6.48,3.12,-18.50,INHIBITED,OUT_OF_RANGE,47640,0,P,P,0.00,released,RELEASED
2026-05-18 19:52:46.682,3795.9582,,slider,0,1,6.48,3.12,-18.50,INHIBITED,OUT_OF_RANGE,47650,0,P,P,0.00,released,RELEASED
2026-05-18 19:52:47.082,3796.3583,,slider,0,1,6.48,3.12,-18.50,INHIBITED,OUT_OF_RANGE,47660,0,P,P,0.00,released,RELEASED
2026-05-18 19:52:47.479,3796.7551,,slider,0,1,6.48,3.12,-18.50,INHIBITED,OUT_OF_RANGE,47670,0,P,P,0.00,released,RELEASED
2026-05-18 19:52:47.879,3797.1555,,slider,0,1,6.48,3.12,-18.50,INHIBITED,OUT_OF_RANGE,47680,0,P,P,0.00,released,RELEASED
2026-05-18 19:52:48.281,3797.5576,,slider,0,1,6.48,3.12,-18.50,INHIBITED,OUT_OF_RANGE,47690,0,P,P,0.00,released,RELEASED
2026-05-18 19:52:48.682,3797.9586,,slider,0,1,6.48,3.12,-18.50,INHIBITED,OUT_OF_RANGE,47700,0,P,P,0.00,released,RELEASED
2026-05-18 19:52:49.079,3798.3553,,slider,0,1,6.48,3.12,-18.50,INHIBITED,OUT_OF_RANGE,47710,0,P,P,0.00,released,RELEASED
2026-05-18 19:52:49.482,3798.7586,,slider,0,1,6.48,3.12,-18.50,INHIBITED,OUT_OF_RANGE,47720,0,P,P,0.00,released,RELEASED
2026-05-18 19:52:49.879,3799.1549,,slider,0,1,6.48,3.12,-18.50,INHIBITED,OUT_OF_RANGE,47730,0,P,P,0.00,released,RELEASED
2026-05-18 19:52:50.282,3799.5579,,slider,0,1,6.48,3.12,-18.50,INHIBITED,OUT_OF_RANGE,47740,0,P,P,0.00,released,RELEASED
2026-05-18 19:52:50.678,3799.9547,,slider,0,1,6.48,3.12,-18.50,INHIBITED,OUT_OF_RANGE,47750,0,P,P,0.00,released,RELEASED
2026-05-18 19:52:51.079,3800.3556,,slider,0,1,6.48,3.12,-18.50,INHIBITED,OUT_OF_RANGE,47760,0,P,P,0.00,released,RELEASED
2026-05-18 19:52:51.479,3800.7554,,slider,0,1,6.48,3.12,-18.50,INHIBITED,OUT_OF_RANGE,47770,0,P,P,0.00,released,RELEASED
2026-05-18 19:52:51.882,3801.1583,,slider,0,1,6.48,3.12,-18.50,INHIBITED,OUT_OF_RANGE,47780,0,P,P,0.00,released,RELEASED
2026-05-18 19:52:52.280,3801.5560,,slider,0,1,6.48,3.12,-18.50,INHIBITED,OUT_OF_RANGE,47790,0,P,P,0.00,released,RELEASED
2026-05-18 19:52:52.679,3801.9551,,slider,0,1,6.48,3.12,-18.50,INHIBITED,OUT_OF_RANGE,47800,0,P,P,0.00,released,RELEASED
2026-05-18 19:52:53.083,3802.3587,,slider,0,1,6.48,3.12,-18.50,INHIBITED,OUT_OF_RANGE,47810,0,P,P,0.00,released,RELEASED
2026-05-18 19:52:53.480,3802.7563,,slider,0,1,6.48,3.12,-18.50,INHIBITED,OUT_OF_RANGE,47820,0,P,P,0.00,released,RELEASED
2026-05-18 19:52:53.883,3803.1588,,slider,0,1,6.48,3.12,-18.50,INHIBITED,OUT_OF_RANGE,47830,0,P,P,0.00,released,RELEASED
2026-05-18 19:52:54.282,3803.5584,,slider,0,1,6.48,3.12,-18.50,INHIBITED,OUT_OF_RANGE,47840,0,P,P,0.00,released,RELEASED
2026-05-18 19:52:54.683,3803.9590,,slider,0,1,6.48,3.12,-18.50,INHIBITED,OUT_OF_RANGE,47850,0,P,P,0.00,released,RELEASED
2026-05-18 19:52:55.079,3804.3552,,slider,0,1,6.48,3.12,-18.50,INHIBITED,OUT_OF_RANGE,47860,0,P,P,0.00,released,RELEASED
2026-05-18 19:52:55.480,3804.7563,,slider,0,1,6.48,3.12,-18.50,INHIBITED,OUT_OF_RANGE,47870,0,P,P,0.00,released,RELEASED
2026-05-18 19:52:55.880,3805.1555,,slider,0,1,6.48,3.12,-18.50,INHIBITED,OUT_OF_RANGE,47880,0,P,P,0.00,released,RELEASED
2026-05-18 19:52:56.281,3805.5567,,slider,0,1,6.48,3.12,-18.50,INHIBITED,OUT_OF_RANGE,47890,0,P,P,0.00,released,RELEASED
2026-05-18 19:52:56.683,3805.9591,,slider,0,1,6.48,3.12,-18.50,INHIBITED,OUT_OF_RANGE,47900,0,P,P,0.00,released,RELEASED
2026-05-18 19:52:57.083,3806.3591,,slider,0,1,6.48,3.12,-18.50,INHIBITED,OUT_OF_RANGE,47910,0,P,P,0.00,released,RELEASED
2026-05-18 19:52:57.480,3806.7560,,slider,0,1,6.48,3.12,-18.50,INHIBITED,OUT_OF_RANGE,47920,0,P,P,0.00,released,RELEASED
2026-05-18 19:52:57.881,3807.1567,,slider,0,1,6.48,3.12,-18.50,INHIBITED,OUT_OF_RANGE,47930,0,P,P,0.00,released,RELEASED
2026-05-18 19:52:58.283,3807.5587,,slider,0,1,6.48,3.12,-18.50,INHIBITED,OUT_OF_RANGE,47940,0,P,P,0.00,released,RELEASED
2026-05-18 19:52:58.679,3807.9547,,slider,0,1,6.48,3.12,-18.50,INHIBITED,OUT_OF_RANGE,47950,0,P,P,0.00,released,RELEASED
2026-05-18 19:52:59.079,3808.3552,,slider,0,1,6.48,3.12,-18.50,INHIBITED,OUT_OF_RANGE,47960,0,P,P,0.00,released,RELEASED
2026-05-18 19:52:59.479,3808.7553,,slider,0,1,6.48,3.12,-18.50,INHIBITED,OUT_OF_RANGE,47970,0,P,P,0.00,released,RELEASED
2026-05-18 19:52:59.882,3809.1574,,slider,0,1,6.48,3.12,-18.50,INHIBITED,OUT_OF_RANGE,47980,0,P,P,0.00,released,RELEASED
2026-05-18 19:53:00.282,3809.5580,,slider,0,1,6.48,3.12,-18.50,INHIBITED,OUT_OF_RANGE,47990,0,P,P,0.00,released,RELEASED
2026-05-18 19:53:00.681,3809.9569,,slider,0,1,6.48,3.12,-18.50,INHIBITED,OUT_OF_RANGE,48000,0,P,P,0.00,released,RELEASED
2026-05-18 19:53:01.084,3810.3594,,slider,0,1,6.48,3.12,-18.50,INHIBITED,OUT_OF_RANGE,48010,0,P,P,0.00,released,RELEASED
2026-05-18 19:53:01.481,3810.7569,,slider,0,1,6.48,3.12,-18.50,INHIBITED,OUT_OF_RANGE,48020,0,P,P,0.00,released,RELEASED
2026-05-18 19:53:01.883,3811.1586,,slider,0,1,6.48,3.12,-18.50,INHIBITED,OUT_OF_RANGE,48030,0,P,P,0.00,released,RELEASED
2026-05-18 19:53:02.284,3811.5593,,slider,0,1,6.48,3.12,-18.50,INHIBITED,OUT_OF_RANGE,48040,0,P,P,0.00,released,RELEASED
2026-05-18 19:53:02.681,3811.9569,,slider,0,1,6.48,3.12,-18.50,INHIBITED,OUT_OF_RANGE,48050,0,P,P,0.00,released,RELEASED
2026-05-18 19:53:03.084,3812.3595,,slider,0,1,6.48,3.12,-18.50,INHIBITED,OUT_OF_RANGE,48060,0,P,P,0.00,released,RELEASED
2026-05-18 19:53:03.481,3812.7569,,slider,0,1,6.48,3.12,-18.50,INHIBITED,OUT_OF_RANGE,48070,0,P,P,0.00,released,RELEASED
2026-05-18 19:53:03.879,3813.1545,,slider,0,1,6.48,3.12,-18.50,INHIBITED,OUT_OF_RANGE,48080,0,P,P,0.00,released,RELEASED
2026-05-18 19:53:04.282,3813.5573,,slider,0,1,6.48,3.12,-18.50,INHIBITED,OUT_OF_RANGE,48090,0,P,P,0.00,released,RELEASED
2026-05-18 19:53:04.684,3813.9598,,slider,0,1,6.48,3.12,-18.50,INHIBITED,OUT_OF_RANGE,48100,0,P,P,0.00,released,RELEASED
2026-05-18 19:53:05.080,3814.3555,,slider,0,1,6.48,3.12,-18.50,INHIBITED,OUT_OF_RANGE,48110,0,P,P,0.00,released,RELEASED
2026-05-18 19:53:05.481,3814.7566,,slider,0,1,6.48,3.12,-18.50,INHIBITED,OUT_OF_RANGE,48120,0,P,P,0.00,released,RELEASED
2026-05-18 19:53:05.884,3815.1599,,slider,0,1,6.48,3.12,-18.50,INHIBITED,OUT_OF_RANGE,48130,0,P,P,0.00,released,RELEASED
2026-05-18 19:53:06.284,3815.5597,,slider,0,1,6.48,3.12,-18.50,INHIBITED,OUT_OF_RANGE,48140,0,P,P,0.00,released,RELEASED
2026-05-18 19:53:06.680,3815.9557,,slider,0,1,6.48,3.12,-18.50,INHIBITED,OUT_OF_RANGE,48150,0,P,P,0.00,released,RELEASED
2026-05-18 19:53:07.082,3816.3574,,slider,0,1,6.48,3.12,-18.50,INHIBITED,OUT_OF_RANGE,48160,0,P,P,0.00,released,RELEASED
2026-05-18 19:53:07.483,3816.7589,,slider,0,1,6.48,3.12,-18.50,INHIBITED,OUT_OF_RANGE,48170,0,P,P,0.00,released,RELEASED
2026-05-18 19:53:07.879,3817.1550,,slider,0,1,6.48,3.12,-18.50,INHIBITED,OUT_OF_RANGE,48180,0,P,P,0.00,released,RELEASED
2026-05-18 19:53:08.279,3817.5549,,slider,0,1,6.48,3.12,-18.50,INHIBITED,OUT_OF_RANGE,48190,0,P,P,0.00,released,RELEASED
2026-05-18 19:53:08.680,3817.9557,,slider,0,1,6.48,3.12,-18.50,INHIBITED,OUT_OF_RANGE,48200,0,P,P,0.00,released,RELEASED
2026-05-18 19:53:09.082,3818.3577,,slider,0,1,6.48,3.12,-18.50,INHIBITED,OUT_OF_RANGE,48210,0,P,P,0.00,released,RELEASED
2026-05-18 19:53:09.484,3818.7591,,slider,0,1,6.48,3.12,-18.50,INHIBITED,OUT_OF_RANGE,48220,0,P,P,0.00,released,RELEASED
2026-05-18 19:53:09.881,3819.1560,,slider,0,1,6.48,3.12,-18.50,INHIBITED,OUT_OF_RANGE,48230,0,P,P,0.00,released,RELEASED
2026-05-18 19:53:10.281,3819.5569,,slider,0,1,6.48,3.12,-18.50,INHIBITED,OUT_OF_RANGE,48240,0,P,P,0.00,released,RELEASED
2026-05-18 19:53:10.684,3819.9594,,slider,0,1,6.48,3.12,-18.50,INHIBITED,OUT_OF_RANGE,48250,0,P,P,0.00,released,RELEASED
2026-05-18 19:53:11.083,3820.3587,,slider,0,1,6.48,3.12,-18.50,INHIBITED,OUT_OF_RANGE,48260,0,P,P,0.00,released,RELEASED
2026-05-18 19:53:11.481,3820.7559,,slider,0,1,6.48,3.12,-18.50,INHIBITED,OUT_OF_RANGE,48270,0,P,P,0.00,released,RELEASED
2026-05-18 19:53:11.884,3821.1599,,slider,0,1,6.48,3.12,-18.50,INHIBITED,OUT_OF_RANGE,48280,0,P,P,0.00,released,RELEASED
2026-05-18 19:53:12.281,3821.5559,,slider,0,1,6.48,3.12,-18.50,INHIBITED,OUT_OF_RANGE,48290,0,P,P,0.00,released,RELEASED
2026-05-18 19:53:12.682,3821.9571,,slider,0,1,6.48,3.12,-18.50,INHIBITED,OUT_OF_RANGE,48300,0,P,P,0.00,released,RELEASED
2026-05-18 19:53:13.080,3822.3557,,slider,0,1,6.48,3.12,-18.50,INHIBITED,OUT_OF_RANGE,48310,0,P,P,0.00,released,RELEASED
2026-05-18 19:53:13.484,3822.7593,,slider,0,1,6.48,3.12,-18.50,INHIBITED,OUT_OF_RANGE,48320,0,P,P,0.00,released,RELEASED
2026-05-18 19:53:13.884,3823.1596,,slider,0,1,6.48,3.12,-18.50,INHIBITED,OUT_OF_RANGE,48330,0,P,P,0.00,released,RELEASED
2026-05-18 19:53:14.283,3823.5588,,slider,0,1,6.48,3.12,-18.50,INHIBITED,OUT_OF_RANGE,48340,0,P,P,0.00,released,RELEASED
2026-05-18 19:53:14.684,3823.9593,,slider,0,1,6.48,3.12,-18.50,INHIBITED,OUT_OF_RANGE,48350,0,P,P,0.00,released,RELEASED
2026-05-18 19:53:15.081,3824.3559,,slider,0,1,6.48,3.12,-18.50,INHIBITED,OUT_OF_RANGE,48360,0,P,P,0.00,released,RELEASED
2026-05-18 19:53:15.481,3824.7566,,slider,0,1,6.48,3.12,-18.50,INHIBITED,OUT_OF_RANGE,48370,0,P,P,0.00,released,RELEASED
2026-05-18 19:53:15.883,3825.1582,,slider,0,1,6.48,3.12,-18.50,INHIBITED,OUT_OF_RANGE,48380,0,P,P,0.00,released,RELEASED
2026-05-18 19:53:16.282,3825.5573,,slider,0,1,6.48,3.12,-18.50,INHIBITED,OUT_OF_RANGE,48390,0,P,P,0.00,released,RELEASED
2026-05-18 19:53:16.684,3825.9593,,slider,0,1,6.48,3.12,-18.50,INHIBITED,OUT_OF_RANGE,48400,0,P,P,0.00,released,RELEASED
2026-05-18 19:53:17.084,3826.3593,,slider,0,1,6.48,3.12,-18.50,INHIBITED,OUT_OF_RANGE,48410,0,P,P,0.00,released,RELEASED
2026-05-18 19:53:17.481,3826.7564,,slider,0,1,6.48,3.12,-18.50,INHIBITED,OUT_OF_RANGE,48420,0,P,P,0.00,released,RELEASED
2026-05-18 19:53:17.884,3827.1591,,slider,0,1,6.48,3.12,-18.50,INHIBITED,OUT_OF_RANGE,48430,0,P,P,0.00,released,RELEASED
2026-05-18 19:53:18.280,3827.5549,,slider,0,1,6.48,3.12,-18.50,INHIBITED,OUT_OF_RANGE,48440,0,P,P,0.00,released,RELEASED
2026-05-18 19:53:18.682,3827.9576,,slider,0,1,6.48,3.12,-18.50,INHIBITED,OUT_OF_RANGE,48450,0,P,P,0.00,released,RELEASED
2026-05-18 19:53:19.084,3828.3590,,slider,0,1,6.48,3.12,-18.50,INHIBITED,OUT_OF_RANGE,48460,0,P,P,0.00,released,RELEASED
2026-05-18 19:53:19.480,3828.7552,,slider,0,1,6.48,3.12,-18.50,INHIBITED,OUT_OF_RANGE,48470,0,P,P,0.00,released,RELEASED
2026-05-18 19:53:19.883,3829.1582,,slider,0,1,6.48,3.12,-18.50,INHIBITED,OUT_OF_RANGE,48480,0,P,P,0.00,released,RELEASED
2026-05-18 19:53:20.284,3829.5592,,slider,0,1,6.48,3.12,-18.50,INHIBITED,OUT_OF_RANGE,48490,0,P,P,0.00,released,RELEASED
2026-05-18 19:53:20.680,3829.9554,,slider,0,1,6.48,3.12,-18.50,INHIBITED,OUT_OF_RANGE,48500,0,P,P,0.00,released,RELEASED
2026-05-18 19:53:21.082,3830.3568,,slider,0,1,6.48,3.12,-18.50,INHIBITED,OUT_OF_RANGE,48510,0,P,P,0.00,released,RELEASED
2026-05-18 19:53:21.481,3830.7565,,slider,0,1,6.48,3.12,-18.50,INHIBITED,OUT_OF_RANGE,48520,0,P,P,0.00,released,RELEASED
2026-05-18 19:53:21.882,3831.1571,,slider,0,1,6.48,3.12,-18.50,INHIBITED,OUT_OF_RANGE,48530,0,P,P,0.00,released,RELEASED
2026-05-18 19:53:22.285,3831.5597,,slider,0,1,6.48,3.12,-18.50,INHIBITED,OUT_OF_RANGE,48540,0,P,P,0.00,released,RELEASED
2026-05-18 19:53:22.683,3831.9581,,slider,0,1,6.48,3.12,-18.50,INHIBITED,OUT_OF_RANGE,48550,0,P,P,0.00,released,RELEASED
2026-05-18 19:53:23.080,3832.3552,,slider,0,1,6.48,3.12,-18.50,INHIBITED,OUT_OF_RANGE,48560,0,P,P,0.00,released,RELEASED
2026-05-18 19:53:23.484,3832.7586,,slider,0,1,6.48,3.12,-18.50,INHIBITED,OUT_OF_RANGE,48570,0,P,P,0.00,released,RELEASED
2026-05-18 19:53:23.880,3833.1552,,slider,0,1,6.48,3.12,-18.50,INHIBITED,OUT_OF_RANGE,48580,0,P,P,0.00,released,RELEASED
2026-05-18 19:53:24.282,3833.5567,,slider,0,1,6.48,3.12,-18.50,INHIBITED,OUT_OF_RANGE,48590,0,P,P,0.00,released,RELEASED
2026-05-18 19:53:24.685,3833.9599,,slider,0,1,6.48,3.12,-18.50,INHIBITED,OUT_OF_RANGE,48600,0,P,P,0.00,released,RELEASED
2026-05-18 19:53:25.084,3834.3587,,slider,0,1,6.48,3.12,-18.50,INHIBITED,OUT_OF_RANGE,48610,0,P,P,0.00,released,RELEASED
2026-05-18 19:53:25.485,3834.7602,,slider,0,1,6.48,3.12,-18.50,INHIBITED,OUT_OF_RANGE,48620,0,P,P,0.00,released,RELEASED
2026-05-18 19:53:25.884,3835.1591,,slider,0,1,6.48,3.12,-18.50,INHIBITED,OUT_OF_RANGE,48630,0,P,P,0.00,released,RELEASED
2026-05-18 19:53:26.283,3835.5581,,slider,0,1,6.48,3.12,-18.50,INHIBITED,OUT_OF_RANGE,48640,0,P,P,0.00,released,RELEASED
2026-05-18 19:53:26.684,3835.9591,,slider,0,1,6.48,3.12,-18.50,INHIBITED,OUT_OF_RANGE,48650,0,P,P,0.00,released,RELEASED
2026-05-18 19:53:27.081,3836.3553,,slider,0,1,6.48,3.12,-18.50,INHIBITED,OUT_OF_RANGE,48660,0,P,P,0.00,released,RELEASED
2026-05-18 19:53:27.485,3836.7598,,slider,0,1,6.48,3.12,-18.50,INHIBITED,OUT_OF_RANGE,48670,0,P,P,0.00,released,RELEASED
2026-05-18 19:53:27.882,3837.1564,,slider,0,1,6.48,3.12,-18.50,INHIBITED,OUT_OF_RANGE,48680,0,P,P,0.00,released,RELEASED
2026-05-18 19:53:28.285,3837.5598,,slider,0,1,6.48,3.12,-18.50,INHIBITED,OUT_OF_RANGE,48690,0,P,P,0.00,released,RELEASED
2026-05-18 19:53:28.682,3837.9571,,slider,0,1,6.48,3.12,-18.50,INHIBITED,OUT_OF_RANGE,48700,0,P,P,0.00,released,RELEASED
2026-05-18 19:53:29.080,3838.3551,,slider,0,1,6.48,3.12,-18.50,INHIBITED,OUT_OF_RANGE,48710,0,P,P,0.00,released,RELEASED
2026-05-18 19:53:29.484,3838.7588,,slider,0,1,6.48,3.12,-18.50,INHIBITED,OUT_OF_RANGE,48720,0,P,P,0.00,released,RELEASED
2026-05-18 19:53:29.881,3839.1560,,slider,0,1,6.48,3.12,-18.50,INHIBITED,OUT_OF_RANGE,48730,0,P,P,0.00,released,RELEASED
2026-05-18 19:53:30.283,3839.5579,,slider,0,1,6.48,3.12,-18.50,INHIBITED,OUT_OF_RANGE,48740,0,P,P,0.00,released,RELEASED
2026-05-18 19:53:30.685,3839.9593,,slider,0,1,6.48,3.12,-18.50,INHIBITED,OUT_OF_RANGE,48750,0,P,P,0.00,released,RELEASED
2026-05-18 19:53:31.084,3840.3587,,slider,0,1,6.48,3.12,-18.50,INHIBITED,OUT_OF_RANGE,48760,0,P,P,0.00,released,RELEASED
2026-05-18 19:53:31.482,3840.7570,,slider,0,1,6.48,3.12,-18.50,INHIBITED,OUT_OF_RANGE,48770,0,P,P,0.00,released,RELEASED
2026-05-18 19:53:31.884,3841.1591,,slider,0,1,6.48,3.12,-18.50,INHIBITED,OUT_OF_RANGE,48780,0,P,P,0.00,released,RELEASED
2026-05-18 19:53:32.281,3841.5552,,slider,0,1,6.48,3.12,-18.50,INHIBITED,OUT_OF_RANGE,48790,0,P,P,0.00,released,RELEASED
2026-05-18 19:53:32.683,3841.9581,,slider,0,1,6.48,3.12,-18.50,INHIBITED,OUT_OF_RANGE,48800,0,P,P,0.00,released,RELEASED
2026-05-18 19:53:33.081,3842.3553,,slider,0,1,6.48,3.12,-18.50,INHIBITED,OUT_OF_RANGE,48810,0,P,P,0.00,released,RELEASED
2026-05-18 19:53:33.482,3842.7562,,slider,0,1,6.48,3.12,-18.50,INHIBITED,OUT_OF_RANGE,48820,0,P,P,0.00,released,RELEASED
2026-05-18 19:53:33.883,3843.1577,,slider,0,1,6.48,3.12,-18.50,INHIBITED,OUT_OF_RANGE,48830,0,P,P,0.00,released,RELEASED
2026-05-18 19:53:34.286,3843.5601,,slider,0,1,6.48,3.12,-18.50,INHIBITED,OUT_OF_RANGE,48840,0,P,P,0.00,released,RELEASED
2026-05-18 19:53:34.681,3843.9553,,slider,0,1,6.48,3.12,-18.50,INHIBITED,OUT_OF_RANGE,48850,0,P,P,0.00,released,RELEASED
2026-05-18 19:53:35.084,3844.3582,,slider,0,1,6.48,3.12,-18.50,INHIBITED,OUT_OF_RANGE,48860,0,P,P,0.00,released,RELEASED
2026-05-18 19:53:35.483,3844.7578,,slider,0,1,6.48,3.12,-18.50,INHIBITED,OUT_OF_RANGE,48870,0,P,P,0.00,released,RELEASED
2026-05-18 19:53:35.885,3845.1595,,slider,0,1,6.48,3.12,-18.50,INHIBITED,OUT_OF_RANGE,48880,0,P,P,0.00,released,RELEASED
2026-05-18 19:53:36.282,3845.5562,,slider,0,1,6.48,3.12,-18.50,INHIBITED,OUT_OF_RANGE,48890,0,P,P,0.00,released,RELEASED
2026-05-18 19:53:36.681,3845.9554,,slider,0,1,6.48,3.12,-18.50,INHIBITED,OUT_OF_RANGE,48900,0,P,P,0.00,released,RELEASED
2026-05-18 19:53:37.082,3846.3568,,slider,0,1,6.48,3.12,-18.50,INHIBITED,OUT_OF_RANGE,48910,0,P,P,0.00,released,RELEASED
2026-05-18 19:53:37.484,3846.7582,,slider,0,1,6.48,3.12,-18.50,INHIBITED,OUT_OF_RANGE,48920,0,P,P,0.00,released,RELEASED
2026-05-18 19:53:37.881,3847.1556,,slider,0,1,6.48,3.12,-18.50,INHIBITED,OUT_OF_RANGE,48930,0,P,P,0.00,released,RELEASED
2026-05-18 19:53:38.284,3847.5586,,slider,0,1,6.48,3.12,-18.50,INHIBITED,OUT_OF_RANGE,48940,0,P,P,0.00,released,RELEASED
2026-05-18 19:53:38.681,3847.9553,,slider,0,1,6.48,3.12,-18.50,INHIBITED,OUT_OF_RANGE,48950,0,P,P,0.00,released,RELEASED
2026-05-18 19:53:39.083,3848.3575,,slider,0,1,6.48,3.12,-18.50,INHIBITED,OUT_OF_RANGE,48960,0,P,P,0.00,released,RELEASED
2026-05-18 19:53:39.483,3848.7571,,slider,0,1,6.48,3.12,-18.50,INHIBITED,OUT_OF_RANGE,48970,0,P,P,0.00,released,RELEASED
2026-05-18 19:53:39.884,3849.1583,,slider,0,1,6.48,3.12,-18.50,INHIBITED,OUT_OF_RANGE,48980,0,P,P,0.00,released,RELEASED
2026-05-18 19:53:40.284,3849.5585,,slider,0,1,6.48,3.12,-18.50,INHIBITED,OUT_OF_RANGE,48990,0,P,P,0.00,released,RELEASED
2026-05-18 19:53:40.681,3849.9554,,slider,0,1,6.48,3.12,-18.50,INHIBITED,OUT_OF_RANGE,49000,0,P,P,0.00,released,RELEASED
2026-05-18 19:53:41.083,3850.3577,,slider,0,1,6.48,3.12,-18.50,INHIBITED,OUT_OF_RANGE,49010,0,P,P,0.00,released,RELEASED
2026-05-18 19:53:41.485,3850.7588,,slider,0,1,6.48,3.12,-18.50,INHIBITED,OUT_OF_RANGE,49020,0,P,P,0.00,released,RELEASED
2026-05-18 19:53:41.886,3851.1601,,slider,0,1,6.48,3.12,-18.50,INHIBITED,OUT_OF_RANGE,49030,0,P,P,0.00,released,RELEASED
2026-05-18 19:53:42.283,3851.5573,,slider,0,1,6.48,3.12,-18.50,INHIBITED,OUT_OF_RANGE,49040,0,P,P,0.00,released,RELEASED
2026-05-18 19:53:42.685,3851.9593,,slider,0,1,6.48,3.12,-18.50,INHIBITED,OUT_OF_RANGE,49050,0,P,P,0.00,released,RELEASED
2026-05-18 19:53:43.081,3852.3553,,slider,0,1,6.48,3.12,-18.50,INHIBITED,OUT_OF_RANGE,49060,0,P,P,0.00,released,RELEASED
2026-05-18 19:53:43.482,3852.7560,,slider,0,1,6.48,3.12,-18.50,INHIBITED,OUT_OF_RANGE,49070,0,P,P,0.00,released,RELEASED
2026-05-18 19:53:43.886,3853.1597,,slider,0,1,6.48,3.12,-18.50,INHIBITED,OUT_OF_RANGE,49080,0,P,P,0.00,released,RELEASED
2026-05-18 19:53:44.281,3853.5554,,slider,0,1,6.48,3.12,-18.50,INHIBITED,OUT_OF_RANGE,49090,0,P,P,0.00,released,RELEASED
2026-05-18 19:53:44.686,3853.9601,,slider,0,1,6.48,3.12,-18.50,INHIBITED,OUT_OF_RANGE,49100,0,P,P,0.00,released,RELEASED
2026-05-18 19:53:45.085,3854.3595,,slider,0,1,6.48,3.12,-18.50,INHIBITED,OUT_OF_RANGE,49110,0,P,P,0.00,released,RELEASED
2026-05-18 19:53:45.482,3854.7557,,slider,0,1,6.48,3.12,-18.50,INHIBITED,OUT_OF_RANGE,49120,0,P,P,0.00,released,RELEASED
2026-05-18 19:53:45.885,3855.1590,,slider,0,1,6.48,3.12,-18.50,INHIBITED,OUT_OF_RANGE,49130,0,P,P,0.00,released,RELEASED
2026-05-18 19:53:46.282,3855.5556,,slider,0,1,6.48,3.12,-18.50,INHIBITED,OUT_OF_RANGE,49140,0,P,P,0.00,released,RELEASED
2026-05-18 19:53:46.686,3855.9603,,slider,0,1,6.48,3.12,-18.50,INHIBITED,OUT_OF_RANGE,49150,0,P,P,0.00,released,RELEASED
2026-05-18 19:53:47.082,3856.3558,,slider,0,1,6.48,3.12,-18.50,INHIBITED,OUT_OF_RANGE,49160,0,P,P,0.00,released,RELEASED
2026-05-18 19:53:47.483,3856.7574,,slider,0,1,6.48,3.12,-18.50,INHIBITED,OUT_OF_RANGE,49170,0,P,P,0.00,released,RELEASED
2026-05-18 19:53:47.881,3857.1553,,slider,0,1,6.48,3.12,-18.50,INHIBITED,OUT_OF_RANGE,49180,0,P,P,0.00,released,RELEASED
2026-05-18 19:53:48.282,3857.5557,,slider,0,1,6.48,3.12,-18.50,INHIBITED,OUT_OF_RANGE,49190,0,P,P,0.00,released,RELEASED
2026-05-18 19:53:48.683,3857.9573,,slider,0,1,6.48,3.12,-18.50,INHIBITED,OUT_OF_RANGE,49200,0,P,P,0.00,released,RELEASED
2026-05-18 19:53:49.085,3858.3589,,slider,0,1,6.48,3.12,-18.50,INHIBITED,OUT_OF_RANGE,49210,0,P,P,0.00,released,RELEASED
2026-05-18 19:53:49.485,3858.7594,,slider,0,1,6.48,3.12,-18.50,INHIBITED,OUT_OF_RANGE,49220,0,P,P,0.00,released,RELEASED
2026-05-18 19:53:49.882,3859.1556,,slider,0,1,6.48,3.12,-18.50,INHIBITED,OUT_OF_RANGE,49230,0,P,P,0.00,released,RELEASED
2026-05-18 19:53:50.283,3859.5566,,slider,0,1,6.48,3.12,-18.50,INHIBITED,OUT_OF_RANGE,49240,0,P,P,0.00,released,RELEASED
2026-05-18 19:53:50.683,3859.9568,,slider,0,1,6.48,3.12,-18.50,INHIBITED,OUT_OF_RANGE,49250,0,P,P,0.00,released,RELEASED
2026-05-18 19:53:51.085,3860.3591,,slider,0,1,6.48,3.12,-18.50,INHIBITED,OUT_OF_RANGE,49260,0,P,P,0.00,released,RELEASED
2026-05-18 19:53:51.482,3860.7555,,slider,0,1,6.48,3.12,-18.50,INHIBITED,OUT_OF_RANGE,49270,0,P,P,0.00,released,RELEASED
2026-05-18 19:53:51.885,3861.1591,,slider,0,1,6.48,3.12,-18.50,INHIBITED,OUT_OF_RANGE,49280,0,P,P,0.00,released,RELEASED
2026-05-18 19:53:52.286,3861.5602,,slider,0,1,6.48,3.12,-18.50,INHIBITED,OUT_OF_RANGE,49290,0,P,P,0.00,released,RELEASED
2026-05-18 19:53:52.687,3861.9604,,slider,0,1,6.48,3.12,-18.50,INHIBITED,OUT_OF_RANGE,49300,0,P,P,0.00,released,RELEASED
2026-05-18 19:53:53.082,3862.3555,,slider,0,1,6.48,3.12,-18.50,INHIBITED,OUT_OF_RANGE,49310,0,P,P,0.00,released,RELEASED
2026-05-18 19:53:53.482,3862.7555,,slider,0,1,6.48,3.12,-18.50,INHIBITED,OUT_OF_RANGE,49320,0,P,P,0.00,released,RELEASED
2026-05-18 19:53:53.886,3863.1600,,slider,0,1,6.48,3.12,-18.50,INHIBITED,OUT_OF_RANGE,49330,0,P,P,0.00,released,RELEASED
2026-05-18 19:53:54.282,3863.5562,,slider,0,1,6.48,3.12,-18.50,INHIBITED,OUT_OF_RANGE,49340,0,P,P,0.00,released,RELEASED
2026-05-18 19:53:54.684,3863.9579,,slider,0,1,6.48,3.12,-18.50,INHIBITED,OUT_OF_RANGE,49350,0,P,P,0.00,released,RELEASED
2026-05-18 19:53:55.087,3864.3605,,slider,0,1,6.48,3.12,-18.50,INHIBITED,OUT_OF_RANGE,49360,0,P,P,0.00,released,RELEASED
2026-05-18 19:53:55.484,3864.7581,,slider,0,1,6.48,3.12,-18.50,INHIBITED,OUT_OF_RANGE,49370,0,P,P,0.00,released,RELEASED
2026-05-18 19:53:55.885,3865.1585,,slider,0,1,6.48,3.12,-18.50,INHIBITED,OUT_OF_RANGE,49380,0,P,P,0.00,released,RELEASED
2026-05-18 19:53:56.286,3865.5594,,slider,0,1,6.48,3.12,-18.50,INHIBITED,OUT_OF_RANGE,49390,0,P,P,0.00,released,RELEASED
2026-05-18 19:53:56.682,3865.9557,,slider,0,1,6.48,3.12,-18.50,INHIBITED,OUT_OF_RANGE,49400,0,P,P,0.00,released,RELEASED
2026-05-18 19:53:57.083,3866.3569,,slider,0,1,6.48,3.12,-18.50,INHIBITED,OUT_OF_RANGE,49410,0,P,P,0.00,released,RELEASED
2026-05-18 19:53:57.485,3866.7582,,slider,0,1,6.48,3.12,-18.50,INHIBITED,OUT_OF_RANGE,49420,0,P,P,0.00,released,RELEASED
2026-05-18 19:53:57.887,3867.1606,,slider,0,1,6.48,3.12,-18.50,INHIBITED,OUT_OF_RANGE,49430,0,P,P,0.00,released,RELEASED
2026-05-18 19:53:58.284,3867.5575,,slider,0,1,6.48,3.12,-18.50,INHIBITED,OUT_OF_RANGE,49440,0,P,P,0.00,released,RELEASED
2026-05-18 19:53:58.686,3867.9600,,slider,0,1,6.48,3.12,-18.50,INHIBITED,OUT_OF_RANGE,49450,0,P,P,0.00,released,RELEASED
2026-05-18 19:53:59.082,3868.3558,,slider,0,1,6.48,3.12,-18.50,INHIBITED,OUT_OF_RANGE,49460,0,P,P,0.00,released,RELEASED
2026-05-18 19:53:59.483,3868.7570,,slider,0,1,6.48,3.12,-18.50,INHIBITED,OUT_OF_RANGE,49470,0,P,P,0.00,released,RELEASED
2026-05-18 19:53:59.886,3869.1593,,slider,0,1,6.48,3.12,-18.50,INHIBITED,OUT_OF_RANGE,49480,0,P,P,0.00,released,RELEASED
2026-05-18 19:54:00.287,3869.5602,,slider,0,1,6.48,3.12,-18.50,INHIBITED,OUT_OF_RANGE,49490,0,P,P,0.00,released,RELEASED
2026-05-18 19:54:00.687,3869.9606,,slider,0,1,6.48,3.12,-18.50,INHIBITED,OUT_OF_RANGE,49500,0,P,P,0.00,released,RELEASED
2026-05-18 19:54:01.084,3870.3579,,slider,0,1,6.48,3.12,-18.50,INHIBITED,OUT_OF_RANGE,49510,0,P,P,0.00,released,RELEASED
2026-05-18 19:54:01.487,3870.7603,,slider,0,1,6.48,3.12,-18.50,INHIBITED,OUT_OF_RANGE,49520,0,P,P,0.00,released,RELEASED
2026-05-18 19:54:01.883,3871.1565,,slider,0,1,6.48,3.12,-18.50,INHIBITED,OUT_OF_RANGE,49530,0,P,P,0.00,released,RELEASED
2026-05-18 19:54:02.286,3871.5595,,slider,0,1,6.48,3.12,-18.50,INHIBITED,OUT_OF_RANGE,49540,0,P,P,0.00,released,RELEASED
2026-05-18 19:54:02.683,3871.9560,,slider,0,1,6.48,3.12,-18.50,INHIBITED,OUT_OF_RANGE,49550,0,P,P,0.00,released,RELEASED
2026-05-18 19:54:03.084,3872.3575,,slider,0,1,6.48,3.12,-18.50,INHIBITED,OUT_OF_RANGE,49560,0,P,P,0.00,released,RELEASED
2026-05-18 19:54:03.487,3872.7599,,slider,0,1,6.48,3.12,-18.50,INHIBITED,OUT_OF_RANGE,49570,0,P,P,0.00,released,RELEASED
2026-05-18 19:54:03.888,3873.1610,,slider,0,1,6.48,3.12,-18.50,INHIBITED,OUT_OF_RANGE,49580,0,P,P,0.00,released,RELEASED
2026-05-18 19:54:04.283,3873.5561,,slider,0,1,6.48,3.12,-18.50,INHIBITED,OUT_OF_RANGE,49590,0,P,P,0.00,released,RELEASED
2026-05-18 19:54:04.685,3873.9581,,slider,0,1,6.48,3.12,-18.50,INHIBITED,OUT_OF_RANGE,49600,0,P,P,0.00,released,RELEASED
2026-05-18 19:54:05.087,3874.3606,,slider,0,1,6.48,3.12,-18.50,INHIBITED,OUT_OF_RANGE,49610,0,P,P,0.00,released,RELEASED
2026-05-18 19:54:05.487,3874.7606,,slider,0,1,6.48,3.12,-18.50,INHIBITED,OUT_OF_RANGE,49620,0,P,P,0.00,released,RELEASED
2026-05-18 19:54:05.883,3875.1566,,slider,0,1,6.48,3.12,-18.50,INHIBITED,OUT_OF_RANGE,49630,0,P,P,0.00,released,RELEASED
2026-05-18 19:54:06.284,3875.5576,,slider,0,1,6.48,3.12,-18.50,INHIBITED,OUT_OF_RANGE,49640,0,P,P,0.00,released,RELEASED
2026-05-18 19:54:06.686,3875.9591,,slider,0,1,6.48,3.12,-18.50,INHIBITED,OUT_OF_RANGE,49650,0,P,P,0.00,released,RELEASED
2026-05-18 19:54:07.086,3876.3595,,slider,0,1,6.48,3.12,-18.50,INHIBITED,OUT_OF_RANGE,49660,0,P,P,0.00,released,RELEASED
2026-05-18 19:54:07.487,3876.7600,,slider,0,1,6.48,3.12,-18.50,INHIBITED,OUT_OF_RANGE,49670,0,P,P,0.00,released,RELEASED
2026-05-18 19:54:07.883,3877.1560,,slider,0,1,6.48,3.12,-18.50,INHIBITED,OUT_OF_RANGE,49680,0,P,P,0.00,released,RELEASED
2026-05-18 19:54:08.287,3877.5598,,slider,0,1,6.48,3.12,-18.50,INHIBITED,OUT_OF_RANGE,49690,0,P,P,0.00,released,RELEASED
2026-05-18 19:54:08.683,3877.9561,,slider,0,1,6.48,3.12,-18.50,INHIBITED,OUT_OF_RANGE,49700,0,P,P,0.00,released,RELEASED
2026-05-18 19:54:09.084,3878.3575,,slider,0,1,6.48,3.12,-18.50,INHIBITED,OUT_OF_RANGE,49710,0,P,P,0.00,released,RELEASED
2026-05-18 19:54:09.485,3878.7583,,slider,0,1,6.48,3.12,-18.50,INHIBITED,OUT_OF_RANGE,49720,0,P,P,0.00,released,RELEASED
2026-05-18 19:54:09.884,3879.1573,,slider,0,1,6.48,3.12,-18.50,INHIBITED,OUT_OF_RANGE,49730,0,P,P,0.00,released,RELEASED
2026-05-18 19:54:10.286,3879.5591,,slider,0,1,6.48,3.12,-18.50,INHIBITED,OUT_OF_RANGE,49740,0,P,P,0.00,released,RELEASED
2026-05-18 19:54:10.687,3879.9605,,slider,0,1,6.48,3.12,-18.50,INHIBITED,OUT_OF_RANGE,49750,0,P,P,0.00,released,RELEASED
2026-05-18 19:54:11.083,3880.3559,,slider,0,1,6.48,3.12,-18.50,INHIBITED,OUT_OF_RANGE,49760,0,P,P,0.00,released,RELEASED
2026-05-18 19:54:11.484,3880.7569,,slider,0,1,6.48,3.12,-18.50,INHIBITED,OUT_OF_RANGE,49770,0,P,P,0.00,released,RELEASED
2026-05-18 19:54:11.886,3881.1587,,slider,0,1,6.48,3.12,-18.50,INHIBITED,OUT_OF_RANGE,49780,0,P,P,0.00,released,RELEASED
2026-05-18 19:54:12.285,3881.5583,,slider,0,1,6.48,3.12,-18.50,INHIBITED,OUT_OF_RANGE,49790,0,P,P,0.00,released,RELEASED
2026-05-18 19:54:12.688,3881.9605,,slider,0,1,6.48,3.12,-18.50,INHIBITED,OUT_OF_RANGE,49800,0,P,P,0.00,released,RELEASED
2026-05-18 19:54:13.088,3882.3605,,slider,0,1,6.48,3.12,-18.50,INHIBITED,OUT_OF_RANGE,49810,0,P,P,0.00,released,RELEASED
2026-05-18 19:54:13.483,3882.7564,,slider,0,1,6.48,3.12,-18.50,INHIBITED,OUT_OF_RANGE,49820,0,P,P,0.00,released,RELEASED
2026-05-18 19:54:13.887,3883.1598,,slider,0,1,6.48,3.12,-18.50,INHIBITED,OUT_OF_RANGE,49830,0,P,P,0.00,released,RELEASED
2026-05-18 19:54:14.288,3883.5606,,slider,0,1,6.48,3.12,-18.50,INHIBITED,OUT_OF_RANGE,49840,0,P,P,0.00,released,RELEASED
2026-05-18 19:54:14.684,3883.9573,,slider,0,1,6.48,3.12,-18.50,INHIBITED,OUT_OF_RANGE,49850,0,P,P,0.00,released,RELEASED
2026-05-18 19:54:15.084,3884.3568,,slider,0,1,6.48,3.12,-18.50,INHIBITED,OUT_OF_RANGE,49860,0,P,P,0.00,released,RELEASED
2026-05-18 19:54:15.486,3884.7585,,slider,0,1,6.48,3.12,-18.50,INHIBITED,OUT_OF_RANGE,49870,0,P,P,0.00,released,RELEASED
2026-05-18 19:54:15.887,3885.1598,,slider,0,1,6.48,3.12,-18.50,INHIBITED,OUT_OF_RANGE,49880,0,P,P,0.00,released,RELEASED
2026-05-18 19:54:16.284,3885.5565,,slider,0,1,6.48,3.12,-18.50,INHIBITED,OUT_OF_RANGE,49890,0,P,P,0.00,released,RELEASED
2026-05-18 19:54:16.684,3885.9565,,slider,0,1,6.48,3.12,-18.50,INHIBITED,OUT_OF_RANGE,49900,0,P,P,0.00,released,RELEASED
2026-05-18 19:54:17.083,3886.3562,,slider,0,1,6.48,3.12,-18.50,INHIBITED,OUT_OF_RANGE,49910,0,P,P,0.00,released,RELEASED
2026-05-18 19:54:17.486,3886.7584,,slider,0,1,6.48,3.12,-18.50,INHIBITED,OUT_OF_RANGE,49920,0,P,P,0.00,released,RELEASED
2026-05-18 19:54:17.886,3887.1589,,slider,0,1,6.48,3.12,-18.50,INHIBITED,OUT_OF_RANGE,49930,0,P,P,0.00,released,RELEASED
2026-05-18 19:54:18.288,3887.5608,,slider,0,1,6.48,3.12,-18.50,INHIBITED,OUT_OF_RANGE,49940,0,P,P,0.00,released,RELEASED
2026-05-18 19:54:18.686,3887.9584,,slider,0,1,6.48,3.12,-18.50,INHIBITED,OUT_OF_RANGE,49950,0,P,P,0.00,released,RELEASED
2026-05-18 19:54:19.086,3888.3584,,slider,0,1,6.48,3.12,-18.50,INHIBITED,OUT_OF_RANGE,49960,0,P,P,0.00,released,RELEASED
2026-05-18 19:54:19.483,3888.7561,,slider,0,1,6.48,3.12,-18.50,INHIBITED,OUT_OF_RANGE,49970,0,P,P,0.00,released,RELEASED
2026-05-18 19:54:19.884,3889.1566,,slider,0,1,6.48,3.12,-18.50,INHIBITED,OUT_OF_RANGE,49980,0,P,P,0.00,released,RELEASED
2026-05-18 19:54:20.284,3889.5567,,slider,0,1,6.48,3.12,-18.50,INHIBITED,OUT_OF_RANGE,49990,0,P,P,0.00,released,RELEASED
2026-05-18 19:54:20.684,3889.9567,,slider,0,1,6.48,3.12,-18.50,INHIBITED,OUT_OF_RANGE,50000,0,P,P,0.00,released,RELEASED
2026-05-18 19:54:21.086,3890.3586,,slider,0,1,6.48,3.12,-18.50,INHIBITED,OUT_OF_RANGE,50010,0,P,P,0.00,released,RELEASED
2026-05-18 19:54:21.486,3890.7588,,slider,0,1,6.48,3.12,-18.50,INHIBITED,OUT_OF_RANGE,50020,0,P,P,0.00,released,RELEASED
2026-05-18 19:54:21.887,3891.1599,,slider,0,1,6.48,3.12,-18.50,INHIBITED,OUT_OF_RANGE,50030,0,P,P,0.00,released,RELEASED
2026-05-18 19:54:22.283,3891.5561,,slider,0,1,6.48,3.12,-18.50,INHIBITED,OUT_OF_RANGE,50040,0,P,P,0.00,released,RELEASED
2026-05-18 19:54:22.684,3891.9566,,slider,0,1,6.48,3.12,-18.50,INHIBITED,OUT_OF_RANGE,50050,0,P,P,0.00,released,RELEASED
2026-05-18 19:54:23.084,3892.3561,,slider,0,1,6.48,3.12,-18.50,INHIBITED,OUT_OF_RANGE,50060,0,P,P,0.00,released,RELEASED
2026-05-18 19:54:23.485,3892.7575,,slider,0,1,6.48,3.12,-18.50,INHIBITED,OUT_OF_RANGE,50070,0,P,P,0.00,released,RELEASED
2026-05-18 19:54:23.886,3893.1581,,slider,0,1,6.48,3.12,-18.50,INHIBITED,OUT_OF_RANGE,50080,0,P,P,0.00,released,RELEASED
2026-05-18 19:54:24.287,3893.5595,,slider,0,1,6.48,3.12,-18.50,INHIBITED,OUT_OF_RANGE,50090,0,P,P,0.00,released,RELEASED
2026-05-18 19:54:24.684,3893.9561,,slider,0,1,6.48,3.12,-18.50,INHIBITED,OUT_OF_RANGE,50100,0,P,P,0.00,released,RELEASED
2026-05-18 19:54:25.087,3894.3591,,slider,0,1,6.48,3.12,-18.50,INHIBITED,OUT_OF_RANGE,50110,0,P,P,0.00,released,RELEASED
2026-05-18 19:54:25.487,3894.7597,,slider,0,1,6.48,3.12,-18.50,INHIBITED,OUT_OF_RANGE,50120,0,P,P,0.00,released,RELEASED
2026-05-18 19:54:25.888,3895.1600,,slider,0,1,6.48,3.12,-18.50,INHIBITED,OUT_OF_RANGE,50130,0,P,P,0.00,released,RELEASED
2026-05-18 19:54:26.284,3895.5561,,slider,0,1,6.48,3.12,-18.50,INHIBITED,OUT_OF_RANGE,50140,0,P,P,0.00,released,RELEASED
2026-05-18 19:54:26.684,3895.9562,,slider,0,1,6.48,3.12,-18.50,INHIBITED,OUT_OF_RANGE,50150,0,P,P,0.00,released,RELEASED
2026-05-18 19:54:27.084,3896.3566,,slider,0,1,6.48,3.12,-18.50,INHIBITED,OUT_OF_RANGE,50160,0,P,P,0.00,released,RELEASED
2026-05-18 19:54:27.485,3896.7579,,slider,0,1,6.48,3.12,-18.50,INHIBITED,OUT_OF_RANGE,50170,0,P,P,0.00,released,RELEASED
2026-05-18 19:54:27.885,3897.1574,,slider,0,1,6.48,3.12,-18.50,INHIBITED,OUT_OF_RANGE,50180,0,P,P,0.00,released,RELEASED
2026-05-18 19:54:28.286,3897.5586,,slider,0,1,6.48,3.12,-18.50,INHIBITED,OUT_OF_RANGE,50190,0,P,P,0.00,released,RELEASED
2026-05-18 19:54:28.688,3897.9602,,slider,0,1,6.48,3.12,-18.50,INHIBITED,OUT_OF_RANGE,50200,0,P,P,0.00,released,RELEASED
2026-05-18 19:54:29.085,3898.3573,,slider,0,1,6.48,3.12,-18.50,INHIBITED,OUT_OF_RANGE,50210,0,P,P,0.00,released,RELEASED
2026-05-18 19:54:29.487,3898.7590,,slider,0,1,6.48,3.12,-18.50,INHIBITED,OUT_OF_RANGE,50220,0,P,P,0.00,released,RELEASED
2026-05-18 19:54:29.887,3899.1596,,slider,0,1,6.48,3.12,-18.50,INHIBITED,OUT_OF_RANGE,50230,0,P,P,0.00,released,RELEASED
2026-05-18 19:54:30.284,3899.5563,,slider,0,1,6.48,3.12,-18.50,INHIBITED,OUT_OF_RANGE,50240,0,P,P,0.00,released,RELEASED
2026-05-18 19:54:30.685,3899.9576,,slider,0,1,6.48,3.12,-18.50,INHIBITED,OUT_OF_RANGE,50250,0,P,P,0.00,released,RELEASED
2026-05-18 19:54:31.086,3900.3587,,slider,0,1,6.48,3.12,-18.50,INHIBITED,OUT_OF_RANGE,50260,0,P,P,0.00,released,RELEASED
2026-05-18 19:54:31.487,3900.7592,,slider,0,1,6.48,3.12,-18.50,INHIBITED,OUT_OF_RANGE,50270,0,P,P,0.00,released,RELEASED
2026-05-18 19:54:31.889,3901.1608,,slider,0,1,6.48,3.12,-18.50,INHIBITED,OUT_OF_RANGE,50280,0,P,P,0.00,released,RELEASED
2026-05-18 19:54:32.285,3901.5571,,slider,0,1,6.48,3.12,-18.50,INHIBITED,OUT_OF_RANGE,50290,0,P,P,0.00,released,RELEASED
2026-05-18 19:54:32.684,3901.9564,,slider,0,1,6.48,3.12,-18.50,INHIBITED,OUT_OF_RANGE,50300,0,P,P,0.00,released,RELEASED
2026-05-18 19:54:33.086,3902.3582,,slider,0,1,6.48,3.12,-18.50,INHIBITED,OUT_OF_RANGE,50310,0,P,P,0.00,released,RELEASED
2026-05-18 19:54:33.487,3902.7588,,slider,0,1,6.48,3.12,-18.50,INHIBITED,OUT_OF_RANGE,50320,0,P,P,0.00,released,RELEASED
2026-05-18 19:54:33.885,3903.1575,,slider,0,1,6.48,3.12,-18.50,INHIBITED,OUT_OF_RANGE,50330,0,P,P,0.00,released,RELEASED
2026-05-18 19:54:34.285,3903.5568,,slider,0,1,6.48,3.12,-18.50,INHIBITED,OUT_OF_RANGE,50340,0,P,P,0.00,released,RELEASED
2026-05-18 19:54:34.686,3903.9577,,slider,0,1,6.48,3.12,-18.50,INHIBITED,OUT_OF_RANGE,50350,0,P,P,0.00,released,RELEASED
2026-05-18 19:54:35.087,3904.3591,,slider,0,1,6.48,3.12,-18.50,INHIBITED,OUT_OF_RANGE,50360,0,P,P,0.00,released,RELEASED
2026-05-18 19:54:35.484,3904.7561,,slider,0,1,6.48,3.12,-18.50,INHIBITED,OUT_OF_RANGE,50370,0,P,P,0.00,released,RELEASED
2026-05-18 19:54:35.887,3905.1592,,slider,0,1,6.48,3.12,-18.50,INHIBITED,OUT_OF_RANGE,50380,0,P,P,0.00,released,RELEASED
2026-05-18 19:54:36.288,3905.5602,,slider,0,1,6.48,3.12,-18.50,INHIBITED,OUT_OF_RANGE,50390,0,P,P,0.00,released,RELEASED
2026-05-18 19:54:36.688,3905.9602,,slider,0,1,6.48,3.12,-18.50,INHIBITED,OUT_OF_RANGE,50400,0,P,P,0.00,released,RELEASED
2026-05-18 19:54:37.088,3906.3602,,slider,0,1,6.48,3.12,-18.50,INHIBITED,OUT_OF_RANGE,50410,0,P,P,0.00,released,RELEASED
2026-05-18 19:54:37.489,3906.7611,,slider,0,1,6.48,3.12,-18.50,INHIBITED,OUT_OF_RANGE,50420,0,P,P,0.00,released,RELEASED
2026-05-18 19:54:37.888,3907.1599,,slider,0,1,6.48,3.12,-18.50,INHIBITED,OUT_OF_RANGE,50430,0,P,P,0.00,released,RELEASED
2026-05-18 19:54:38.288,3907.5603,,slider,0,1,6.48,3.12,-18.50,INHIBITED,OUT_OF_RANGE,50440,0,P,P,0.00,released,RELEASED
2026-05-18 19:54:38.689,3907.9611,,slider,0,1,6.48,3.12,-18.50,INHIBITED,OUT_OF_RANGE,50450,0,P,P,0.00,released,RELEASED
2026-05-18 19:54:39.084,3908.3564,,slider,0,1,6.48,3.12,-18.50,INHIBITED,OUT_OF_RANGE,50460,0,P,P,0.00,released,RELEASED
2026-05-18 19:54:39.487,3908.7588,,slider,0,1,6.48,3.12,-18.50,INHIBITED,OUT_OF_RANGE,50470,0,P,P,0.00,released,RELEASED
2026-05-18 19:54:39.885,3909.1570,,slider,0,1,6.48,3.12,-18.50,INHIBITED,OUT_OF_RANGE,50480,0,P,P,0.00,released,RELEASED
2026-05-18 19:54:40.286,3909.5577,,slider,0,1,6.48,3.12,-18.50,INHIBITED,OUT_OF_RANGE,50490,0,P,P,0.00,released,RELEASED
2026-05-18 19:54:40.687,3909.9587,,slider,0,1,6.48,3.12,-18.50,INHIBITED,OUT_OF_RANGE,50500,0,P,P,0.00,released,RELEASED
2026-05-18 19:54:41.086,3910.3584,,slider,0,1,6.48,3.12,-18.50,INHIBITED,OUT_OF_RANGE,50510,0,P,P,0.00,released,RELEASED
2026-05-18 19:54:41.487,3910.7593,,slider,0,1,6.48,3.12,-18.50,INHIBITED,OUT_OF_RANGE,50520,0,P,P,0.00,released,RELEASED
2026-05-18 19:54:41.887,3911.1584,,slider,0,1,6.48,3.12,-18.50,INHIBITED,OUT_OF_RANGE,50530,0,P,P,0.00,released,RELEASED
2026-05-18 19:54:42.288,3911.5603,,slider,0,1,6.48,3.12,-18.50,INHIBITED,OUT_OF_RANGE,50540,0,P,P,0.00,released,RELEASED
2026-05-18 19:54:42.687,3911.9588,,slider,0,1,6.48,3.12,-18.50,INHIBITED,OUT_OF_RANGE,50550,0,P,P,0.00,released,RELEASED
2026-05-18 19:54:43.087,3912.3584,,slider,0,1,6.48,3.12,-18.50,INHIBITED,OUT_OF_RANGE,50560,0,P,P,0.00,released,RELEASED
2026-05-18 19:54:43.487,3912.7590,,slider,0,1,6.48,3.12,-18.50,INHIBITED,OUT_OF_RANGE,50570,0,P,P,0.00,released,RELEASED
2026-05-18 19:54:43.888,3913.1599,,slider,0,1,6.48,3.12,-18.50,INHIBITED,OUT_OF_RANGE,50580,0,P,P,0.00,released,RELEASED
2026-05-18 19:54:44.286,3913.5581,,slider,0,1,6.48,3.12,-18.50,INHIBITED,OUT_OF_RANGE,50590,0,P,P,0.00,released,RELEASED
2026-05-18 19:54:44.687,3913.9589,,slider,0,1,6.48,3.12,-18.50,INHIBITED,OUT_OF_RANGE,50600,0,P,P,0.00,released,RELEASED
2026-05-18 19:54:45.088,3914.3594,,slider,0,1,6.48,3.12,-18.50,INHIBITED,OUT_OF_RANGE,50610,0,P,P,0.00,released,RELEASED
2026-05-18 19:54:45.490,3914.7614,,slider,0,1,6.48,3.12,-18.50,INHIBITED,OUT_OF_RANGE,50620,0,P,P,0.00,released,RELEASED
2026-05-18 19:54:45.888,3915.1593,,slider,0,1,6.48,3.12,-18.50,INHIBITED,OUT_OF_RANGE,50630,0,P,P,0.00,released,RELEASED
2026-05-18 19:54:46.288,3915.5602,,slider,0,1,6.48,3.12,-18.50,INHIBITED,OUT_OF_RANGE,50640,0,P,P,0.00,released,RELEASED
2026-05-18 19:54:46.689,3915.9611,,slider,0,1,6.48,3.12,-18.50,INHIBITED,OUT_OF_RANGE,50650,0,P,P,0.00,released,RELEASED
2026-05-18 19:54:47.086,3916.3572,,slider,0,1,6.48,3.12,-18.50,INHIBITED,OUT_OF_RANGE,50660,0,P,P,0.00,released,RELEASED
2026-05-18 19:54:47.487,3916.7582,,slider,0,1,6.48,3.12,-18.50,INHIBITED,OUT_OF_RANGE,50670,0,P,P,0.00,released,RELEASED
2026-05-18 19:54:47.888,3917.1600,,slider,0,1,6.48,3.12,-18.50,INHIBITED,OUT_OF_RANGE,50680,0,P,P,0.00,released,RELEASED
2026-05-18 19:54:48.285,3917.5566,,slider,0,1,6.48,3.12,-18.50,INHIBITED,OUT_OF_RANGE,50690,0,P,P,0.00,released,RELEASED
2026-05-18 19:54:48.690,3917.9616,,slider,0,1,6.48,3.12,-18.50,INHIBITED,OUT_OF_RANGE,50700,0,P,P,0.00,released,RELEASED
2026-05-18 19:54:49.086,3918.3572,,slider,0,1,6.48,3.12,-18.50,INHIBITED,OUT_OF_RANGE,50710,0,P,P,0.00,released,RELEASED
2026-05-18 19:54:49.487,3918.7582,,slider,0,1,6.48,3.12,-18.50,INHIBITED,OUT_OF_RANGE,50720,0,P,P,0.00,released,RELEASED
2026-05-18 19:54:49.886,3919.1574,,slider,0,1,6.48,3.12,-18.50,INHIBITED,OUT_OF_RANGE,50730,0,P,P,0.00,released,RELEASED
2026-05-18 19:54:50.287,3919.5590,,slider,0,1,6.48,3.12,-18.50,INHIBITED,OUT_OF_RANGE,50740,0,P,P,0.00,released,RELEASED
2026-05-18 19:54:50.689,3919.9602,,slider,0,1,6.48,3.12,-18.50,INHIBITED,OUT_OF_RANGE,50750,0,P,P,0.00,released,RELEASED
2026-05-18 19:54:51.090,3920.3616,,slider,0,1,6.48,3.12,-18.50,INHIBITED,OUT_OF_RANGE,50760,0,P,P,0.00,released,RELEASED
2026-05-18 19:54:51.487,3920.7583,,slider,0,1,6.48,3.12,-18.50,INHIBITED,OUT_OF_RANGE,50770,0,P,P,0.00,released,RELEASED
2026-05-18 19:54:51.889,3921.1602,,slider,0,1,6.48,3.12,-18.50,INHIBITED,OUT_OF_RANGE,50780,0,P,P,0.00,released,RELEASED
2026-05-18 19:54:52.290,3921.5614,,slider,0,1,6.48,3.12,-18.50,INHIBITED,OUT_OF_RANGE,50790,0,P,P,0.00,released,RELEASED
2026-05-18 19:54:52.689,3921.9601,,slider,0,1,6.48,3.12,-18.50,INHIBITED,OUT_OF_RANGE,50800,0,P,P,0.00,released,RELEASED
2026-05-18 19:54:53.085,3922.3566,,slider,0,1,6.48,3.12,-18.50,INHIBITED,OUT_OF_RANGE,50810,0,P,P,0.00,released,RELEASED
2026-05-18 19:54:53.491,3922.7619,,slider,0,1,6.48,3.12,-18.50,INHIBITED,OUT_OF_RANGE,50820,0,P,P,0.00,released,RELEASED
2026-05-18 19:54:53.885,3923.1568,,slider,0,1,6.48,3.12,-18.50,INHIBITED,OUT_OF_RANGE,50830,0,P,P,0.00,released,RELEASED
2026-05-18 19:54:54.291,3923.5620,,slider,0,1,6.48,3.12,-18.50,INHIBITED,OUT_OF_RANGE,50840,0,P,P,0.00,released,RELEASED
2026-05-18 19:54:54.688,3923.9596,,slider,0,1,6.48,3.12,-18.50,INHIBITED,OUT_OF_RANGE,50850,0,P,P,0.00,released,RELEASED
2026-05-18 19:54:55.090,3924.3615,,slider,0,1,6.48,3.12,-18.50,INHIBITED,OUT_OF_RANGE,50860,0,P,P,0.00,released,RELEASED
2026-05-18 19:54:55.487,3924.7585,,slider,0,1,6.48,3.12,-18.50,INHIBITED,OUT_OF_RANGE,50870,0,P,P,0.00,released,RELEASED
2026-05-18 19:54:55.888,3925.1594,,slider,0,1,6.48,3.12,-18.50,INHIBITED,OUT_OF_RANGE,50880,0,P,P,0.00,released,RELEASED
2026-05-18 19:54:56.291,3925.5619,,slider,0,1,6.48,3.12,-18.50,INHIBITED,OUT_OF_RANGE,50890,0,P,P,0.00,released,RELEASED
2026-05-18 19:54:56.686,3925.9577,,slider,0,1,6.48,3.12,-18.50,INHIBITED,OUT_OF_RANGE,50900,0,P,P,0.00,released,RELEASED
2026-05-18 19:54:57.087,3926.3582,,slider,0,1,6.48,3.12,-18.50,INHIBITED,OUT_OF_RANGE,50910,0,P,P,0.00,released,RELEASED
2026-05-18 19:54:57.488,3926.7590,,slider,0,1,6.48,3.12,-18.50,INHIBITED,OUT_OF_RANGE,50920,0,P,P,0.00,released,RELEASED
2026-05-18 19:54:57.889,3927.1604,,slider,0,1,6.48,3.12,-18.50,INHIBITED,OUT_OF_RANGE,50930,0,P,P,0.00,released,RELEASED
2026-05-18 19:54:58.287,3927.5583,,slider,0,1,6.48,3.12,-18.50,INHIBITED,OUT_OF_RANGE,50940,0,P,P,0.00,released,RELEASED
2026-05-18 19:54:58.688,3927.9591,,slider,0,1,6.48,3.12,-18.50,INHIBITED,OUT_OF_RANGE,50950,0,P,P,0.00,released,RELEASED
2026-05-18 19:54:59.085,3928.3566,,slider,0,1,6.48,3.12,-18.50,INHIBITED,OUT_OF_RANGE,50960,0,P,P,0.00,released,RELEASED
2026-05-18 19:54:59.487,3928.7585,,slider,0,1,6.48,3.12,-18.50,INHIBITED,OUT_OF_RANGE,50970,0,P,P,0.00,released,RELEASED
2026-05-18 19:54:59.889,3929.1601,,slider,0,1,6.48,3.12,-18.50,INHIBITED,OUT_OF_RANGE,50980,0,P,P,0.00,released,RELEASED
2026-05-18 19:55:00.289,3929.5597,,slider,0,1,6.48,3.12,-18.50,INHIBITED,OUT_OF_RANGE,50990,0,P,P,0.00,released,RELEASED
2026-05-18 19:55:00.686,3929.9571,,slider,0,1,6.48,3.12,-18.50,INHIBITED,OUT_OF_RANGE,51000,0,P,P,0.00,released,RELEASED
2026-05-18 19:55:01.089,3930.3604,,slider,0,1,6.48,3.12,-18.50,INHIBITED,OUT_OF_RANGE,51010,0,P,P,0.00,released,RELEASED
2026-05-18 19:55:01.490,3930.7615,,slider,0,1,6.48,3.12,-18.50,INHIBITED,OUT_OF_RANGE,51020,0,P,P,0.00,released,RELEASED
2026-05-18 19:55:01.891,3931.1617,,slider,0,1,6.48,3.12,-18.50,INHIBITED,OUT_OF_RANGE,51030,0,P,P,0.00,released,RELEASED
2026-05-18 19:55:02.287,3931.5582,,slider,0,1,6.48,3.12,-18.50,INHIBITED,OUT_OF_RANGE,51040,0,P,P,0.00,released,RELEASED
2026-05-18 19:55:02.688,3931.9594,,slider,0,1,6.48,3.12,-18.50,INHIBITED,OUT_OF_RANGE,51050,0,P,P,0.00,released,RELEASED
2026-05-18 19:55:03.090,3932.3605,,slider,0,1,6.48,3.12,-18.50,INHIBITED,OUT_OF_RANGE,51060,0,P,P,0.00,released,RELEASED
2026-05-18 19:55:03.487,3932.7581,,slider,0,1,6.48,3.12,-18.50,INHIBITED,OUT_OF_RANGE,51070,0,P,P,0.00,released,RELEASED
2026-05-18 19:55:03.889,3933.1596,,slider,0,1,6.48,3.12,-18.50,INHIBITED,OUT_OF_RANGE,51080,0,P,P,0.00,released,RELEASED
2026-05-18 19:55:04.288,3933.5594,,slider,0,1,6.48,3.12,-18.50,INHIBITED,OUT_OF_RANGE,51090,0,P,P,0.00,released,RELEASED
2026-05-18 19:55:04.690,3933.9614,,slider,0,1,6.48,3.12,-18.50,INHIBITED,OUT_OF_RANGE,51100,0,P,P,0.00,released,RELEASED
2026-05-18 19:55:05.086,3934.3567,,slider,0,1,6.48,3.12,-18.50,INHIBITED,OUT_OF_RANGE,51110,0,P,P,0.00,released,RELEASED
2026-05-18 19:55:05.488,3934.7584,,slider,0,1,6.48,3.12,-18.50,INHIBITED,OUT_OF_RANGE,51120,0,P,P,0.00,released,RELEASED
2026-05-18 19:55:05.889,3935.1596,,slider,0,1,6.48,3.12,-18.50,INHIBITED,OUT_OF_RANGE,51130,0,P,P,0.00,released,RELEASED
2026-05-18 19:55:06.290,3935.5606,,slider,0,1,6.48,3.12,-18.50,INHIBITED,OUT_OF_RANGE,51140,0,P,P,0.00,released,RELEASED
2026-05-18 19:55:06.690,3935.9611,,slider,0,1,6.48,3.12,-18.50,INHIBITED,OUT_OF_RANGE,51150,0,P,P,0.00,released,RELEASED
2026-05-18 19:55:07.087,3936.3581,,slider,0,1,6.48,3.12,-18.50,INHIBITED,OUT_OF_RANGE,51160,0,P,P,0.00,released,RELEASED
2026-05-18 19:55:07.489,3936.7600,,slider,0,1,6.48,3.12,-18.50,INHIBITED,OUT_OF_RANGE,51170,0,P,P,0.00,released,RELEASED
2026-05-18 19:55:07.890,3937.1609,,slider,0,1,6.48,3.12,-18.50,INHIBITED,OUT_OF_RANGE,51180,0,P,P,0.00,released,RELEASED
2026-05-18 19:55:08.287,3937.5579,,slider,0,1,6.48,3.12,-18.50,INHIBITED,OUT_OF_RANGE,51190,0,P,P,0.00,released,RELEASED
2026-05-18 19:55:08.687,3937.9575,,slider,0,1,6.48,3.12,-18.50,INHIBITED,OUT_OF_RANGE,51200,0,P,P,0.00,released,RELEASED
2026-05-18 19:55:09.088,3938.3586,,slider,0,1,6.48,3.12,-18.50,INHIBITED,OUT_OF_RANGE,51210,0,P,P,0.00,released,RELEASED
2026-05-18 19:55:09.489,3938.7594,,slider,0,1,6.48,3.12,-18.50,INHIBITED,OUT_OF_RANGE,51220,0,P,P,0.00,released,RELEASED
2026-05-18 19:55:09.886,3939.1568,,slider,0,1,6.48,3.12,-18.50,INHIBITED,OUT_OF_RANGE,51230,0,P,P,0.00,released,RELEASED
2026-05-18 19:55:10.289,3939.5594,,slider,0,1,6.48,3.12,-18.50,INHIBITED,OUT_OF_RANGE,51240,0,P,P,0.00,released,RELEASED
2026-05-18 19:55:10.691,3939.9620,,slider,0,1,6.48,3.12,-18.50,INHIBITED,OUT_OF_RANGE,51250,0,P,P,0.00,released,RELEASED
2026-05-18 19:55:11.087,3940.3577,,slider,0,1,6.48,3.12,-18.50,INHIBITED,OUT_OF_RANGE,51260,0,P,P,0.00,released,RELEASED
2026-05-18 19:55:11.489,3940.7593,,slider,0,1,6.48,3.12,-18.50,INHIBITED,OUT_OF_RANGE,51270,0,P,P,0.00,released,RELEASED
2026-05-18 19:55:11.889,3941.1600,,slider,0,1,6.48,3.12,-18.50,INHIBITED,OUT_OF_RANGE,51280,0,P,P,0.00,released,RELEASED
2026-05-18 19:55:12.287,3941.5575,,slider,0,1,6.48,3.12,-18.50,INHIBITED,OUT_OF_RANGE,51290,0,P,P,0.00,released,RELEASED
2026-05-18 19:55:12.688,3941.9586,,slider,0,1,6.48,3.12,-18.50,INHIBITED,OUT_OF_RANGE,51300,0,P,P,0.00,released,RELEASED
2026-05-18 19:55:13.089,3942.3594,,slider,0,1,6.48,3.12,-18.50,INHIBITED,OUT_OF_RANGE,51310,0,P,P,0.00,released,RELEASED
2026-05-18 19:55:13.491,3942.7615,,slider,0,1,6.48,3.12,-18.50,INHIBITED,OUT_OF_RANGE,51320,0,P,P,0.00,released,RELEASED
2026-05-18 19:55:13.890,3943.1609,,slider,0,1,6.48,3.12,-18.50,INHIBITED,OUT_OF_RANGE,51330,0,P,P,0.00,released,RELEASED
2026-05-18 19:55:14.291,3943.5616,,slider,0,1,6.48,3.12,-18.50,INHIBITED,OUT_OF_RANGE,51340,0,P,P,0.00,released,RELEASED
2026-05-18 19:55:14.686,3943.9570,,slider,0,1,6.48,3.12,-18.50,INHIBITED,OUT_OF_RANGE,51350,0,P,P,0.00,released,RELEASED
2026-05-18 19:55:15.088,3944.3582,,slider,0,1,6.48,3.12,-18.50,INHIBITED,OUT_OF_RANGE,51360,0,P,P,0.00,released,RELEASED
2026-05-18 19:55:15.489,3944.7592,,slider,0,1,6.48,3.12,-18.50,INHIBITED,OUT_OF_RANGE,51370,0,P,P,0.00,released,RELEASED
2026-05-18 19:55:15.891,3945.1616,,slider,0,1,6.48,3.12,-18.50,INHIBITED,OUT_OF_RANGE,51380,0,P,P,0.00,released,RELEASED
2026-05-18 19:55:16.287,3945.5576,,slider,0,1,6.48,3.12,-18.50,INHIBITED,OUT_OF_RANGE,51390,0,P,P,0.00,released,RELEASED
2026-05-18 19:55:16.691,3945.9611,,slider,0,1,6.48,3.12,-18.50,INHIBITED,OUT_OF_RANGE,51400,0,P,P,0.00,released,RELEASED
2026-05-18 19:55:17.087,3946.3575,,slider,0,1,6.48,3.12,-18.50,INHIBITED,OUT_OF_RANGE,51410,0,P,P,0.00,released,RELEASED
2026-05-18 19:55:17.488,3946.7586,,slider,0,1,6.48,3.12,-18.50,INHIBITED,OUT_OF_RANGE,51420,0,P,P,0.00,released,RELEASED
2026-05-18 19:55:17.891,3947.1612,,slider,0,1,6.48,3.12,-18.50,INHIBITED,OUT_OF_RANGE,51430,0,P,P,0.00,released,RELEASED
2026-05-18 19:55:18.288,3947.5580,,slider,0,1,6.48,3.12,-18.50,INHIBITED,OUT_OF_RANGE,51440,0,P,P,0.00,released,RELEASED
2026-05-18 19:55:18.688,3947.9586,,slider,0,1,6.48,3.12,-18.50,INHIBITED,OUT_OF_RANGE,51450,0,P,P,0.00,released,RELEASED
2026-05-18 19:55:19.088,3948.3583,,slider,0,1,6.48,3.12,-18.50,INHIBITED,OUT_OF_RANGE,51460,0,P,P,0.00,released,RELEASED
2026-05-18 19:55:19.492,3948.7619,,slider,0,1,6.48,3.12,-18.50,INHIBITED,OUT_OF_RANGE,51470,0,P,P,0.00,released,RELEASED
2026-05-18 19:55:19.889,3949.1597,,slider,0,1,6.48,3.12,-18.50,INHIBITED,OUT_OF_RANGE,51480,0,P,P,0.00,released,RELEASED
2026-05-18 19:55:20.290,3949.5608,,slider,0,1,6.48,3.12,-18.50,INHIBITED,OUT_OF_RANGE,51490,0,P,P,0.00,released,RELEASED
2026-05-18 19:55:20.687,3949.9577,,slider,0,1,6.48,3.12,-18.50,INHIBITED,OUT_OF_RANGE,51500,0,P,P,0.00,released,RELEASED
2026-05-18 19:55:21.089,3950.3591,,slider,0,1,6.48,3.12,-18.50,INHIBITED,OUT_OF_RANGE,51510,0,P,P,0.00,released,RELEASED
2026-05-18 19:55:21.491,3950.7612,,slider,0,1,6.48,3.12,-18.50,INHIBITED,OUT_OF_RANGE,51520,0,P,P,0.00,released,RELEASED
2026-05-18 19:55:21.888,3951.1581,,slider,0,1,6.48,3.12,-18.50,INHIBITED,OUT_OF_RANGE,51530,0,P,P,0.00,released,RELEASED
2026-05-18 19:55:22.290,3951.5600,,slider,0,1,6.48,3.12,-18.50,INHIBITED,OUT_OF_RANGE,51540,0,P,P,0.00,released,RELEASED
2026-05-18 19:55:22.688,3951.9580,,slider,0,1,6.48,3.12,-18.50,INHIBITED,OUT_OF_RANGE,51550,0,P,P,0.00,released,RELEASED
2026-05-18 19:55:23.090,3952.3603,,slider,0,1,6.48,3.12,-18.50,INHIBITED,OUT_OF_RANGE,51560,0,P,P,0.00,released,RELEASED
2026-05-18 19:55:23.487,3952.7573,,slider,0,1,6.48,3.12,-18.50,INHIBITED,OUT_OF_RANGE,51570,0,P,P,0.00,released,RELEASED
2026-05-18 19:55:23.887,3953.1570,,slider,0,1,6.48,3.12,-18.50,INHIBITED,OUT_OF_RANGE,51580,0,P,P,0.00,released,RELEASED
2026-05-18 19:55:24.289,3953.5589,,slider,0,1,6.48,3.12,-18.50,INHIBITED,OUT_OF_RANGE,51590,0,P,P,0.00,released,RELEASED
2026-05-18 19:55:24.692,3953.9621,,slider,0,1,6.48,3.12,-18.50,INHIBITED,OUT_OF_RANGE,51600,0,P,P,0.00,released,RELEASED
2026-05-18 19:55:25.089,3954.3588,,slider,0,1,6.48,3.12,-18.50,INHIBITED,OUT_OF_RANGE,51610,0,P,P,0.00,released,RELEASED
2026-05-18 19:55:25.493,3954.7628,,slider,0,1,6.48,3.12,-18.50,INHIBITED,OUT_OF_RANGE,51620,0,P,P,0.00,released,RELEASED
2026-05-18 19:55:25.890,3955.1598,,slider,0,1,6.48,3.12,-18.50,INHIBITED,OUT_OF_RANGE,51630,0,P,P,0.00,released,RELEASED
2026-05-18 19:55:26.288,3955.5581,,slider,0,1,6.48,3.12,-18.50,INHIBITED,OUT_OF_RANGE,51640,0,P,P,0.00,released,RELEASED
2026-05-18 19:55:26.690,3955.9604,,slider,0,1,6.48,3.12,-18.50,INHIBITED,OUT_OF_RANGE,51650,0,P,P,0.00,released,RELEASED
2026-05-18 19:55:27.088,3956.3579,,slider,0,1,6.48,3.12,-18.50,INHIBITED,OUT_OF_RANGE,51660,0,P,P,0.00,released,RELEASED
2026-05-18 19:55:27.489,3956.7589,,slider,0,1,6.48,3.12,-18.50,INHIBITED,OUT_OF_RANGE,51670,0,P,P,0.00,released,RELEASED
2026-05-18 19:55:27.893,3957.1626,,slider,0,1,6.48,3.12,-18.50,INHIBITED,OUT_OF_RANGE,51680,0,P,P,0.00,released,RELEASED
2026-05-18 19:55:28.289,3957.5590,,slider,0,1,6.48,3.12,-18.50,INHIBITED,OUT_OF_RANGE,51690,0,P,P,0.00,released,RELEASED
2026-05-18 19:55:28.690,3957.9602,,slider,0,1,6.48,3.12,-18.50,INHIBITED,OUT_OF_RANGE,51700,0,P,P,0.00,released,RELEASED
2026-05-18 19:55:29.091,3958.3607,,slider,0,1,6.48,3.12,-18.50,INHIBITED,OUT_OF_RANGE,51710,0,P,P,0.00,released,RELEASED
2026-05-18 19:55:29.493,3958.7632,,slider,0,1,6.48,3.12,-18.50,INHIBITED,OUT_OF_RANGE,51720,0,P,P,0.00,released,RELEASED
2026-05-18 19:55:29.890,3959.1597,,slider,0,1,6.48,3.12,-18.50,INHIBITED,OUT_OF_RANGE,51730,0,P,P,0.00,released,RELEASED
2026-05-18 19:55:30.290,3959.5603,,slider,0,1,6.48,3.12,-18.50,INHIBITED,OUT_OF_RANGE,51740,0,P,P,0.00,released,RELEASED
2026-05-18 19:55:30.692,3959.9618,,slider,0,1,6.48,3.12,-18.50,INHIBITED,OUT_OF_RANGE,51750,0,P,P,0.00,released,RELEASED
2026-05-18 19:55:31.089,3960.3593,,slider,0,1,6.48,3.12,-18.50,INHIBITED,OUT_OF_RANGE,51760,0,P,P,0.00,released,RELEASED
2026-05-18 19:55:31.491,3960.7605,,slider,0,1,6.48,3.12,-18.50,INHIBITED,OUT_OF_RANGE,51770,0,P,P,0.00,released,RELEASED
2026-05-18 19:55:31.890,3961.1603,,slider,0,1,6.48,3.12,-18.50,INHIBITED,OUT_OF_RANGE,51780,0,P,P,0.00,released,RELEASED
2026-05-18 19:55:32.291,3961.5609,,slider,0,1,6.48,3.12,-18.50,INHIBITED,OUT_OF_RANGE,51790,0,P,P,0.00,released,RELEASED
2026-05-18 19:55:32.693,3961.9625,,slider,0,1,6.48,3.12,-18.50,INHIBITED,OUT_OF_RANGE,51800,0,P,P,0.00,released,RELEASED
2026-05-18 19:55:33.092,3962.3614,,slider,0,1,6.48,3.12,-18.50,INHIBITED,OUT_OF_RANGE,51810,0,P,P,0.00,released,RELEASED
2026-05-18 19:55:33.490,3962.7594,,slider,0,1,6.48,3.12,-18.50,INHIBITED,OUT_OF_RANGE,51820,0,P,P,0.00,released,RELEASED
2026-05-18 19:55:33.892,3963.1617,,slider,0,1,6.48,3.12,-18.50,INHIBITED,OUT_OF_RANGE,51830,0,P,P,0.00,released,RELEASED
2026-05-18 19:55:34.289,3963.5590,,slider,0,1,6.48,3.12,-18.50,INHIBITED,OUT_OF_RANGE,51840,0,P,P,0.00,released,RELEASED
2026-05-18 19:55:34.689,3963.9591,,slider,0,1,6.48,3.12,-18.50,INHIBITED,OUT_OF_RANGE,51850,0,P,P,0.00,released,RELEASED
2026-05-18 19:55:35.092,3964.3618,,slider,0,1,6.48,3.12,-18.50,INHIBITED,OUT_OF_RANGE,51860,0,P,P,0.00,released,RELEASED
2026-05-18 19:55:35.490,3964.7601,,slider,0,1,6.48,3.12,-18.50,INHIBITED,OUT_OF_RANGE,51870,0,P,P,0.00,released,RELEASED
2026-05-18 19:55:35.892,3965.1621,,slider,0,1,6.48,3.12,-18.50,INHIBITED,OUT_OF_RANGE,51880,0,P,P,0.00,released,RELEASED
2026-05-18 19:55:36.291,3965.5602,,slider,0,1,6.48,3.12,-18.50,INHIBITED,OUT_OF_RANGE,51890,0,P,P,0.00,released,RELEASED
2026-05-18 19:55:36.688,3965.9575,,slider,0,1,6.48,3.12,-18.50,INHIBITED,OUT_OF_RANGE,51900,0,P,P,0.00,released,RELEASED
2026-05-18 19:55:37.088,3966.3579,,slider,0,1,6.48,3.12,-18.50,INHIBITED,OUT_OF_RANGE,51910,0,P,P,0.00,released,RELEASED
2026-05-18 19:55:37.489,3966.7586,,slider,0,1,6.48,3.12,-18.50,INHIBITED,OUT_OF_RANGE,51920,0,P,P,0.00,released,RELEASED
2026-05-18 19:55:37.890,3967.1595,,slider,0,1,6.48,3.12,-18.50,INHIBITED,OUT_OF_RANGE,51930,0,P,P,0.00,released,RELEASED
2026-05-18 19:55:38.290,3967.5600,,slider,0,1,6.48,3.12,-18.50,INHIBITED,OUT_OF_RANGE,51940,0,P,P,0.00,released,RELEASED
2026-05-18 19:55:38.690,3967.9591,,slider,0,1,6.48,3.12,-18.50,INHIBITED,OUT_OF_RANGE,51950,0,P,P,0.00,released,RELEASED
2026-05-18 19:55:39.092,3968.3613,,slider,0,1,6.48,3.12,-18.50,INHIBITED,OUT_OF_RANGE,51960,0,P,P,0.00,released,RELEASED
2026-05-18 19:55:39.492,3968.7617,,slider,0,1,6.48,3.12,-18.50,INHIBITED,OUT_OF_RANGE,51970,0,P,P,0.00,released,RELEASED
2026-05-18 19:55:39.891,3969.1608,,slider,0,1,6.48,3.12,-18.50,INHIBITED,OUT_OF_RANGE,51980,0,P,P,0.00,released,RELEASED
2026-05-18 19:55:40.290,3969.5599,,slider,0,1,6.48,3.12,-18.50,INHIBITED,OUT_OF_RANGE,51990,0,P,P,0.00,released,RELEASED
2026-05-18 19:55:40.690,3969.9600,,slider,0,1,6.48,3.12,-18.50,INHIBITED,OUT_OF_RANGE,52000,0,P,P,0.00,released,RELEASED
2026-05-18 19:55:41.089,3970.3583,,slider,0,1,6.48,3.12,-18.50,INHIBITED,OUT_OF_RANGE,52010,0,P,P,0.00,released,RELEASED
2026-05-18 19:55:41.490,3970.7599,,slider,0,1,6.48,3.12,-18.50,INHIBITED,OUT_OF_RANGE,52020,0,P,P,0.00,released,RELEASED
2026-05-18 19:55:41.888,3971.1579,,slider,0,1,6.48,3.12,-18.50,INHIBITED,OUT_OF_RANGE,52030,0,P,P,0.00,released,RELEASED
2026-05-18 19:55:42.293,3971.5625,,slider,0,1,6.48,3.12,-18.50,INHIBITED,OUT_OF_RANGE,52040,0,P,P,0.00,released,RELEASED
2026-05-18 19:55:42.692,3971.9616,,slider,0,1,6.48,3.12,-18.50,INHIBITED,OUT_OF_RANGE,52050,0,P,P,0.00,released,RELEASED
2026-05-18 19:55:43.092,3972.3617,,slider,0,1,6.48,3.12,-18.50,INHIBITED,OUT_OF_RANGE,52060,0,P,P,0.00,released,RELEASED
2026-05-18 19:55:43.490,3972.7596,,slider,0,1,6.48,3.12,-18.50,INHIBITED,OUT_OF_RANGE,52070,0,P,P,0.00,released,RELEASED
2026-05-18 19:55:43.890,3973.1594,,slider,0,1,6.48,3.12,-18.50,INHIBITED,OUT_OF_RANGE,52080,0,P,P,0.00,released,RELEASED
2026-05-18 19:55:44.291,3973.5605,,slider,0,1,6.48,3.12,-18.50,INHIBITED,OUT_OF_RANGE,52090,0,P,P,0.00,released,RELEASED
2026-05-18 19:55:44.693,3973.9626,,slider,0,1,6.48,3.12,-18.50,INHIBITED,OUT_OF_RANGE,52100,0,P,P,0.00,released,RELEASED
2026-05-18 19:55:45.092,3974.3610,,slider,0,1,6.48,3.12,-18.50,INHIBITED,OUT_OF_RANGE,52110,0,P,P,0.00,released,RELEASED
2026-05-18 19:55:45.490,3974.7597,,slider,0,1,6.48,3.12,-18.50,INHIBITED,OUT_OF_RANGE,52120,0,P,P,0.00,released,RELEASED
2026-05-18 19:55:45.889,3975.1585,,slider,0,1,6.48,3.12,-18.50,INHIBITED,OUT_OF_RANGE,52130,0,P,P,0.00,released,RELEASED
2026-05-18 19:55:46.291,3975.5600,,slider,0,1,6.48,3.12,-18.50,INHIBITED,OUT_OF_RANGE,52140,0,P,P,0.00,released,RELEASED
2026-05-18 19:55:46.689,3975.9588,,slider,0,1,6.48,3.12,-18.50,INHIBITED,OUT_OF_RANGE,52150,0,P,P,0.00,released,RELEASED
2026-05-18 19:55:47.089,3976.3582,,slider,0,1,6.48,3.12,-18.50,INHIBITED,OUT_OF_RANGE,52160,0,P,P,0.00,released,RELEASED
2026-05-18 19:55:47.492,3976.7614,,slider,0,1,6.48,3.12,-18.50,INHIBITED,OUT_OF_RANGE,52170,0,P,P,0.00,released,RELEASED
2026-05-18 19:55:47.889,3977.1586,,slider,0,1,6.48,3.12,-18.50,INHIBITED,OUT_OF_RANGE,52180,0,P,P,0.00,released,RELEASED
2026-05-18 19:55:48.289,3977.5578,,slider,0,1,6.48,3.12,-18.50,INHIBITED,OUT_OF_RANGE,52190,0,P,P,0.00,released,RELEASED
2026-05-18 19:55:48.692,3977.9614,,slider,0,1,6.48,3.12,-18.50,INHIBITED,OUT_OF_RANGE,52200,0,P,P,0.00,released,RELEASED
2026-05-18 19:55:49.092,3978.3615,,slider,0,1,6.48,3.12,-18.50,INHIBITED,OUT_OF_RANGE,52210,0,P,P,0.00,released,RELEASED
2026-05-18 19:55:49.493,3978.7623,,slider,0,1,6.48,3.12,-18.50,INHIBITED,OUT_OF_RANGE,52220,0,P,P,0.00,released,RELEASED
2026-05-18 19:55:49.890,3979.1595,,slider,0,1,6.48,3.12,-18.50,INHIBITED,OUT_OF_RANGE,52230,0,P,P,0.00,released,RELEASED
2026-05-18 19:55:50.290,3979.5589,,slider,0,1,6.48,3.12,-18.50,INHIBITED,OUT_OF_RANGE,52240,0,P,P,0.00,released,RELEASED
2026-05-18 19:55:50.692,3979.9611,,slider,0,1,6.48,3.12,-18.50,INHIBITED,OUT_OF_RANGE,52250,0,P,P,0.00,released,RELEASED
2026-05-18 19:55:51.090,3980.3586,,slider,0,1,6.48,3.12,-18.50,INHIBITED,OUT_OF_RANGE,52260,0,P,P,0.00,released,RELEASED
2026-05-18 19:55:51.492,3980.7610,,slider,0,1,6.48,3.12,-18.50,INHIBITED,OUT_OF_RANGE,52270,0,P,P,0.00,released,RELEASED
2026-05-18 19:55:51.892,3981.1614,,slider,0,1,6.48,3.12,-18.50,INHIBITED,OUT_OF_RANGE,52280,0,P,P,0.00,released,RELEASED
2026-05-18 19:55:52.289,3981.5583,,slider,0,1,6.48,3.12,-18.50,INHIBITED,OUT_OF_RANGE,52290,0,P,P,0.00,released,RELEASED
2026-05-18 19:55:52.691,3981.9599,,slider,0,1,6.48,3.12,-18.50,INHIBITED,OUT_OF_RANGE,52300,0,P,P,0.00,released,RELEASED
2026-05-18 19:55:53.089,3982.3578,,slider,0,1,6.48,3.12,-18.50,INHIBITED,OUT_OF_RANGE,52310,0,P,P,0.00,released,RELEASED
2026-05-18 19:55:53.491,3982.7602,,slider,0,1,6.48,3.12,-18.50,INHIBITED,OUT_OF_RANGE,52320,0,P,P,0.00,released,RELEASED
2026-05-18 19:55:53.892,3983.1612,,slider,0,1,6.48,3.12,-18.50,INHIBITED,OUT_OF_RANGE,52330,0,P,P,0.00,released,RELEASED
2026-05-18 19:55:54.293,3983.5615,,slider,0,1,6.48,3.12,-18.50,INHIBITED,OUT_OF_RANGE,52340,0,P,P,0.00,released,RELEASED
2026-05-18 19:55:54.691,3983.9596,,slider,0,1,6.48,3.12,-18.50,INHIBITED,OUT_OF_RANGE,52350,0,P,P,0.00,released,RELEASED
2026-05-18 19:55:55.091,3984.3599,,slider,0,1,6.48,3.12,-18.50,INHIBITED,OUT_OF_RANGE,52360,0,P,P,0.00,released,RELEASED
2026-05-18 19:55:55.492,3984.7605,,slider,0,1,6.48,3.12,-18.50,INHIBITED,OUT_OF_RANGE,52370,0,P,P,0.00,released,RELEASED
2026-05-18 19:55:55.893,3985.1622,,slider,0,1,6.48,3.12,-18.50,INHIBITED,OUT_OF_RANGE,52380,0,P,P,0.00,released,RELEASED
2026-05-18 19:55:56.294,3985.5626,,slider,0,1,6.48,3.12,-18.50,INHIBITED,OUT_OF_RANGE,52390,0,P,P,0.00,released,RELEASED
2026-05-18 19:55:56.692,3985.9612,,slider,0,1,6.48,3.12,-18.50,INHIBITED,OUT_OF_RANGE,52400,0,P,P,0.00,released,RELEASED
2026-05-18 19:55:57.090,3986.3588,,slider,0,1,6.48,3.12,-18.50,INHIBITED,OUT_OF_RANGE,52410,0,P,P,0.00,released,RELEASED
2026-05-18 19:55:57.492,3986.7612,,slider,0,1,6.48,3.12,-18.50,INHIBITED,OUT_OF_RANGE,52420,0,P,P,0.00,released,RELEASED
2026-05-18 19:55:57.890,3987.1585,,slider,0,1,6.48,3.12,-18.50,INHIBITED,OUT_OF_RANGE,52430,0,P,P,0.00,released,RELEASED
2026-05-18 19:55:58.293,3987.5619,,slider,0,1,6.48,3.12,-18.50,INHIBITED,OUT_OF_RANGE,52440,0,P,P,0.00,released,RELEASED
2026-05-18 19:55:58.691,3987.9594,,slider,0,1,6.48,3.12,-18.50,INHIBITED,OUT_OF_RANGE,52450,0,P,P,0.00,released,RELEASED
2026-05-18 19:55:59.094,3988.3628,,slider,0,1,6.48,3.12,-18.50,INHIBITED,OUT_OF_RANGE,52460,0,P,P,0.00,released,RELEASED
2026-05-18 19:55:59.489,3988.7581,,slider,0,1,6.48,3.12,-18.50,INHIBITED,OUT_OF_RANGE,52470,0,P,P,0.00,released,RELEASED
2026-05-18 19:55:59.894,3989.1625,,slider,0,1,6.48,3.12,-18.50,INHIBITED,OUT_OF_RANGE,52480,0,P,P,0.00,released,RELEASED
2026-05-18 19:56:00.289,3989.5578,,slider,0,1,6.48,3.12,-18.50,INHIBITED,OUT_OF_RANGE,52490,0,P,P,0.00,released,RELEASED
2026-05-18 19:56:00.691,3989.9593,,slider,0,1,6.48,3.12,-18.50,INHIBITED,OUT_OF_RANGE,52500,0,P,P,0.00,released,RELEASED
2026-05-18 19:56:01.089,3990.3578,,slider,0,1,6.48,3.12,-18.50,INHIBITED,OUT_OF_RANGE,52510,0,P,P,0.00,released,RELEASED
2026-05-18 19:56:01.491,3990.7594,,slider,0,1,6.48,3.12,-18.50,INHIBITED,OUT_OF_RANGE,52520,0,P,P,0.00,released,RELEASED
2026-05-18 19:56:01.889,3991.1578,,slider,0,1,6.48,3.12,-18.50,INHIBITED,OUT_OF_RANGE,52530,0,P,P,0.00,released,RELEASED
2026-05-18 19:56:02.292,3991.5607,,slider,0,1,6.48,3.12,-18.50,INHIBITED,OUT_OF_RANGE,52540,0,P,P,0.00,released,RELEASED
2026-05-18 19:56:02.692,3991.9611,,slider,0,1,6.48,3.12,-18.50,INHIBITED,OUT_OF_RANGE,52550,0,P,P,0.00,released,RELEASED
2026-05-18 19:56:03.090,3992.3582,,slider,0,1,6.48,3.12,-18.50,INHIBITED,OUT_OF_RANGE,52560,0,P,P,0.00,released,RELEASED
2026-05-18 19:56:03.490,3992.7590,,slider,0,1,6.48,3.12,-18.50,INHIBITED,OUT_OF_RANGE,52570,0,P,P,0.00,released,RELEASED
2026-05-18 19:56:03.893,3993.1615,,slider,0,1,6.48,3.12,-18.50,INHIBITED,OUT_OF_RANGE,52580,0,P,P,0.00,released,RELEASED
2026-05-18 19:56:04.292,3993.5608,,slider,0,1,6.48,3.12,-18.50,INHIBITED,OUT_OF_RANGE,52590,0,P,P,0.00,released,RELEASED
2026-05-18 19:56:04.690,3993.9589,,slider,0,1,6.48,3.12,-18.50,INHIBITED,OUT_OF_RANGE,52600,0,P,P,0.00,released,RELEASED
2026-05-18 19:56:05.091,3994.3591,,slider,0,1,6.48,3.12,-18.50,INHIBITED,OUT_OF_RANGE,52610,0,P,P,0.00,released,RELEASED
2026-05-18 19:56:05.492,3994.7610,,slider,0,1,6.48,3.12,-18.50,INHIBITED,OUT_OF_RANGE,52620,0,P,P,0.00,released,RELEASED
2026-05-18 19:56:05.891,3995.1592,,slider,0,1,6.48,3.12,-18.50,INHIBITED,OUT_OF_RANGE,52630,0,P,P,0.00,released,RELEASED
2026-05-18 19:56:06.292,3995.5607,,slider,0,1,6.48,3.12,-18.50,INHIBITED,OUT_OF_RANGE,52640,0,P,P,0.00,released,RELEASED
2026-05-18 19:56:06.694,3995.9621,,slider,0,1,6.48,3.12,-18.50,INHIBITED,OUT_OF_RANGE,52650,0,P,P,0.00,released,RELEASED
2026-05-18 19:56:07.095,3996.3630,,slider,0,1,6.48,3.12,-18.50,INHIBITED,OUT_OF_RANGE,52660,0,P,P,0.00,released,RELEASED
2026-05-18 19:56:07.490,3996.7582,,slider,0,1,6.48,3.12,-18.50,INHIBITED,OUT_OF_RANGE,52670,0,P,P,0.00,released,RELEASED
2026-05-18 19:56:07.891,3997.1600,,slider,0,1,6.48,3.12,-18.50,INHIBITED,OUT_OF_RANGE,52680,0,P,P,0.00,released,RELEASED
2026-05-18 19:56:08.294,3997.5623,,slider,0,1,6.48,3.12,-18.50,INHIBITED,OUT_OF_RANGE,52690,0,P,P,0.00,released,RELEASED
2026-05-18 19:56:08.693,3997.9619,,slider,0,1,6.48,3.12,-18.50,INHIBITED,OUT_OF_RANGE,52700,0,P,P,0.00,released,RELEASED
2026-05-18 19:56:09.091,3998.3592,,slider,0,1,6.48,3.12,-18.50,INHIBITED,OUT_OF_RANGE,52710,0,P,P,0.00,released,RELEASED
2026-05-18 19:56:09.491,3998.7598,,slider,0,1,6.48,3.12,-18.50,INHIBITED,OUT_OF_RANGE,52720,0,P,P,0.00,released,RELEASED
2026-05-18 19:56:09.890,3999.1583,,slider,0,1,6.48,3.12,-18.50,INHIBITED,OUT_OF_RANGE,52730,0,P,P,0.00,released,RELEASED
2026-05-18 19:56:10.292,3999.5605,,slider,0,1,6.48,3.12,-18.50,INHIBITED,OUT_OF_RANGE,52740,0,P,P,0.00,released,RELEASED
2026-05-18 19:56:10.694,3999.9625,,slider,0,1,6.48,3.12,-18.50,INHIBITED,OUT_OF_RANGE,52750,0,P,P,0.00,released,RELEASED
2026-05-18 19:56:11.093,4000.3612,,slider,0,1,6.48,3.12,-18.50,INHIBITED,OUT_OF_RANGE,52760,0,P,P,0.00,released,RELEASED
2026-05-18 19:56:11.494,4000.7619,,slider,0,1,6.48,3.12,-18.50,INHIBITED,OUT_OF_RANGE,52770,0,P,P,0.00,released,RELEASED
2026-05-18 19:56:11.890,4001.1586,,slider,0,1,6.48,3.12,-18.50,INHIBITED,OUT_OF_RANGE,52780,0,P,P,0.00,released,RELEASED
2026-05-18 19:56:12.292,4001.5601,,slider,0,1,6.48,3.12,-18.50,INHIBITED,OUT_OF_RANGE,52790,0,P,P,0.00,released,RELEASED
2026-05-18 19:56:12.692,4001.9607,,slider,0,1,6.48,3.12,-18.50,INHIBITED,OUT_OF_RANGE,52800,0,P,P,0.00,released,RELEASED
2026-05-18 19:56:13.093,4002.3612,,slider,0,1,6.48,3.12,-18.50,INHIBITED,OUT_OF_RANGE,52810,0,P,P,0.00,released,RELEASED
2026-05-18 19:56:13.494,4002.7625,,slider,0,1,6.48,3.12,-18.50,INHIBITED,OUT_OF_RANGE,52820,0,P,P,0.00,released,RELEASED
2026-05-18 19:56:13.892,4003.1603,,slider,0,1,6.48,3.12,-18.50,INHIBITED,OUT_OF_RANGE,52830,0,P,P,0.00,released,RELEASED
2026-05-18 19:56:14.293,4003.5617,,slider,0,1,6.48,3.12,-18.50,INHIBITED,OUT_OF_RANGE,52840,0,P,P,0.00,released,RELEASED
2026-05-18 19:56:14.695,4003.9629,,slider,0,1,6.48,3.12,-18.50,INHIBITED,OUT_OF_RANGE,52850,0,P,P,0.00,released,RELEASED
2026-05-18 19:56:15.091,4004.3588,,slider,0,1,6.48,3.12,-18.50,INHIBITED,OUT_OF_RANGE,52860,0,P,P,0.00,released,RELEASED
2026-05-18 19:56:15.495,4004.7631,,slider,0,1,6.48,3.12,-18.50,INHIBITED,OUT_OF_RANGE,52870,0,P,P,0.00,released,RELEASED
2026-05-18 19:56:15.891,4005.1591,,slider,0,1,6.48,3.12,-18.50,INHIBITED,OUT_OF_RANGE,52880,0,P,P,0.00,released,RELEASED
2026-05-18 19:56:16.291,4005.5595,,slider,0,1,6.48,3.12,-18.50,INHIBITED,OUT_OF_RANGE,52890,0,P,P,0.00,released,RELEASED
2026-05-18 19:56:16.694,4005.9619,,slider,0,1,6.48,3.12,-18.50,INHIBITED,OUT_OF_RANGE,52900,0,P,P,0.00,released,RELEASED
2026-05-18 19:56:17.090,4006.3583,,slider,0,1,6.48,3.12,-18.50,INHIBITED,OUT_OF_RANGE,52910,0,P,P,0.00,released,RELEASED
2026-05-18 19:56:17.492,4006.7600,,slider,0,1,6.48,3.12,-18.50,INHIBITED,OUT_OF_RANGE,52920,0,P,P,0.00,released,RELEASED
2026-05-18 19:56:17.894,4007.1625,,slider,0,1,6.48,3.12,-18.50,INHIBITED,OUT_OF_RANGE,52930,0,P,P,0.00,released,RELEASED
2026-05-18 19:56:18.292,4007.5603,,slider,0,1,6.48,3.12,-18.50,INHIBITED,OUT_OF_RANGE,52940,0,P,P,0.00,released,RELEASED
2026-05-18 19:56:18.694,4007.9616,,slider,0,1,6.48,3.12,-18.50,INHIBITED,OUT_OF_RANGE,52950,0,P,P,0.00,released,RELEASED
2026-05-18 19:56:19.095,4008.3626,,slider,0,1,6.48,3.12,-18.50,INHIBITED,OUT_OF_RANGE,52960,0,P,P,0.00,released,RELEASED
2026-05-18 19:56:19.492,4008.7597,,slider,0,1,6.48,3.12,-18.50,INHIBITED,OUT_OF_RANGE,52970,0,P,P,0.00,released,RELEASED
2026-05-18 19:56:19.895,4009.1629,,slider,0,1,6.48,3.12,-18.50,INHIBITED,OUT_OF_RANGE,52980,0,P,P,0.00,released,RELEASED
2026-05-18 19:56:20.295,4009.5625,,slider,0,1,6.48,3.12,-18.50,INHIBITED,OUT_OF_RANGE,52990,0,P,P,0.00,released,RELEASED
2026-05-18 19:56:20.694,4009.9616,,slider,0,1,6.48,3.12,-18.50,INHIBITED,OUT_OF_RANGE,53000,0,P,P,0.00,released,RELEASED
2026-05-18 19:56:21.092,4010.3601,,slider,0,1,6.48,3.12,-18.50,INHIBITED,OUT_OF_RANGE,53010,0,P,P,0.00,released,RELEASED
2026-05-18 19:56:21.493,4010.7605,,slider,0,1,6.48,3.12,-18.50,INHIBITED,OUT_OF_RANGE,53020,0,P,P,0.00,released,RELEASED
2026-05-18 19:56:21.892,4011.1599,,slider,0,1,6.48,3.12,-18.50,INHIBITED,OUT_OF_RANGE,53030,0,P,P,0.00,released,RELEASED
2026-05-18 19:56:22.293,4011.5611,,slider,0,1,6.48,3.12,-18.50,INHIBITED,OUT_OF_RANGE,53040,0,P,P,0.00,released,RELEASED
2026-05-18 19:56:22.695,4011.9629,,slider,0,1,6.48,3.12,-18.50,INHIBITED,OUT_OF_RANGE,53050,0,P,P,0.00,released,RELEASED
2026-05-18 19:56:23.095,4012.3629,,slider,0,1,6.48,3.12,-18.50,INHIBITED,OUT_OF_RANGE,53060,0,P,P,0.00,released,RELEASED
2026-05-18 19:56:23.492,4012.7602,,slider,0,1,6.48,3.12,-18.50,INHIBITED,OUT_OF_RANGE,53070,0,P,P,0.00,released,RELEASED
2026-05-18 19:56:23.894,4013.1617,,slider,0,1,6.48,3.12,-18.50,INHIBITED,OUT_OF_RANGE,53080,0,P,P,0.00,released,RELEASED
2026-05-18 19:56:24.292,4013.5603,,slider,0,1,6.48,3.12,-18.50,INHIBITED,OUT_OF_RANGE,53090,0,P,P,0.00,released,RELEASED
2026-05-18 19:56:24.694,4013.9621,,slider,0,1,6.48,3.12,-18.50,INHIBITED,OUT_OF_RANGE,53100,0,P,P,0.00,released,RELEASED
2026-05-18 19:56:25.091,4014.3586,,slider,0,1,6.48,3.12,-18.50,INHIBITED,OUT_OF_RANGE,53110,0,P,P,0.00,released,RELEASED
2026-05-18 19:56:25.495,4014.7632,,slider,0,1,6.48,3.12,-18.50,INHIBITED,OUT_OF_RANGE,53120,0,P,P,0.00,released,RELEASED
2026-05-18 19:56:25.892,4015.1595,,slider,0,1,6.48,3.12,-18.50,INHIBITED,OUT_OF_RANGE,53130,0,P,P,0.00,released,RELEASED
2026-05-18 19:56:26.292,4015.5593,,slider,0,1,6.48,3.12,-18.50,INHIBITED,OUT_OF_RANGE,53140,0,P,P,0.00,released,RELEASED
2026-05-18 19:56:26.693,4015.9611,,slider,0,1,6.48,3.12,-18.50,INHIBITED,OUT_OF_RANGE,53150,0,P,P,0.00,released,RELEASED
2026-05-18 19:56:27.091,4016.3585,,slider,0,1,6.48,3.12,-18.50,INHIBITED,OUT_OF_RANGE,53160,0,P,P,0.00,released,RELEASED
2026-05-18 19:56:27.492,4016.7596,,slider,0,1,6.48,3.12,-18.50,INHIBITED,OUT_OF_RANGE,53170,0,P,P,0.00,released,RELEASED
2026-05-18 19:56:27.894,4017.1613,,slider,0,1,6.48,3.12,-18.50,INHIBITED,OUT_OF_RANGE,53180,0,P,P,0.00,released,RELEASED
2026-05-18 19:56:28.295,4017.5624,,slider,0,1,6.48,3.12,-18.50,INHIBITED,OUT_OF_RANGE,53190,0,P,P,0.00,released,RELEASED
2026-05-18 19:56:28.691,4017.9588,,slider,0,1,6.48,3.12,-18.50,INHIBITED,OUT_OF_RANGE,53200,0,P,P,0.00,released,RELEASED
2026-05-18 19:56:29.093,4018.3606,,slider,0,1,6.48,3.12,-18.50,INHIBITED,OUT_OF_RANGE,53210,0,P,P,0.00,released,RELEASED
2026-05-18 19:56:29.495,4018.7628,,slider,0,1,6.48,3.12,-18.50,INHIBITED,OUT_OF_RANGE,53220,0,P,P,0.00,released,RELEASED
2026-05-18 19:56:29.895,4019.1629,,slider,0,1,6.48,3.12,-18.50,INHIBITED,OUT_OF_RANGE,53230,0,P,P,0.00,released,RELEASED
2026-05-18 19:56:30.293,4019.5610,,slider,0,1,6.48,3.12,-18.50,INHIBITED,OUT_OF_RANGE,53240,0,P,P,0.00,released,RELEASED
2026-05-18 19:56:30.696,4019.9631,,slider,0,1,6.48,3.12,-18.50,INHIBITED,OUT_OF_RANGE,53250,0,P,P,0.00,released,RELEASED
2026-05-18 19:56:31.091,4020.3587,,slider,0,1,6.48,3.12,-18.50,INHIBITED,OUT_OF_RANGE,53260,0,P,P,0.00,released,RELEASED
2026-05-18 19:56:31.493,4020.7602,,slider,0,1,6.48,3.12,-18.50,INHIBITED,OUT_OF_RANGE,53270,0,P,P,0.00,released,RELEASED
2026-05-18 19:56:31.891,4021.1589,,slider,0,1,6.48,3.12,-18.50,INHIBITED,OUT_OF_RANGE,53280,0,P,P,0.00,released,RELEASED
2026-05-18 19:56:32.293,4021.5602,,slider,0,1,6.48,3.12,-18.50,INHIBITED,OUT_OF_RANGE,53290,0,P,P,0.00,released,RELEASED
2026-05-18 19:56:32.694,4021.9611,,slider,0,1,6.48,3.12,-18.50,INHIBITED,OUT_OF_RANGE,53300,0,P,P,0.00,released,RELEASED
2026-05-18 19:56:33.095,4022.3626,,slider,0,1,6.48,3.12,-18.50,INHIBITED,OUT_OF_RANGE,53310,0,P,P,0.00,released,RELEASED
2026-05-18 19:56:33.493,4022.7604,,slider,0,1,6.48,3.12,-18.50,INHIBITED,OUT_OF_RANGE,53320,0,P,P,0.00,released,RELEASED
2026-05-18 19:56:33.891,4023.1585,,slider,0,1,6.48,3.12,-18.50,INHIBITED,OUT_OF_RANGE,53330,0,P,P,0.00,released,RELEASED
2026-05-18 19:56:34.292,4023.5596,,slider,0,1,6.48,3.12,-18.50,INHIBITED,OUT_OF_RANGE,53340,0,P,P,0.00,released,RELEASED
2026-05-18 19:56:34.696,4023.9631,,slider,0,1,6.48,3.12,-18.50,INHIBITED,OUT_OF_RANGE,53350,0,P,P,0.00,released,RELEASED
2026-05-18 19:56:35.092,4024.3592,,slider,0,1,6.48,3.12,-18.50,INHIBITED,OUT_OF_RANGE,53360,0,P,P,0.00,released,RELEASED
2026-05-18 19:56:35.495,4024.7628,,slider,0,1,6.48,3.12,-18.50,INHIBITED,OUT_OF_RANGE,53370,0,P,P,0.00,released,RELEASED
2026-05-18 19:56:35.893,4025.1601,,slider,0,1,6.48,3.12,-18.50,INHIBITED,OUT_OF_RANGE,53380,0,P,P,0.00,released,RELEASED
2026-05-18 19:56:36.293,4025.5602,,slider,0,1,6.48,3.12,-18.50,INHIBITED,OUT_OF_RANGE,53390,0,P,P,0.00,released,RELEASED
2026-05-18 19:56:36.695,4025.9619,,slider,0,1,6.48,3.12,-18.50,INHIBITED,OUT_OF_RANGE,53400,0,P,P,0.00,released,RELEASED
2026-05-18 19:56:37.091,4026.3587,,slider,0,1,6.48,3.12,-18.50,INHIBITED,OUT_OF_RANGE,53410,0,P,P,0.00,released,RELEASED
2026-05-18 19:56:37.492,4026.7594,,slider,0,1,6.48,3.12,-18.50,INHIBITED,OUT_OF_RANGE,53420,0,P,P,0.00,released,RELEASED
2026-05-18 19:56:37.893,4027.1608,,slider,0,1,6.48,3.12,-18.50,INHIBITED,OUT_OF_RANGE,53430,0,P,P,0.00,released,RELEASED
2026-05-18 19:56:38.295,4027.5619,,slider,0,1,6.48,3.12,-18.50,INHIBITED,OUT_OF_RANGE,53440,0,P,P,0.00,released,RELEASED
2026-05-18 19:56:38.691,4027.9587,,slider,0,1,6.48,3.12,-18.50,INHIBITED,OUT_OF_RANGE,53450,0,P,P,0.00,released,RELEASED
2026-05-18 19:56:39.094,4028.3607,,slider,0,1,6.48,3.12,-18.50,INHIBITED,OUT_OF_RANGE,53460,0,P,P,0.00,released,RELEASED
2026-05-18 19:56:39.492,4028.7593,,slider,0,1,6.48,3.12,-18.50,INHIBITED,OUT_OF_RANGE,53470,0,P,P,0.00,released,RELEASED
2026-05-18 19:56:39.893,4029.1603,,slider,0,1,6.48,3.12,-18.50,INHIBITED,OUT_OF_RANGE,53480,0,P,P,0.00,released,RELEASED
2026-05-18 19:56:40.294,4029.5609,,slider,0,1,6.48,3.12,-18.50,INHIBITED,OUT_OF_RANGE,53490,0,P,P,0.00,released,RELEASED
2026-05-18 19:56:40.691,4029.9585,,slider,0,1,6.48,3.12,-18.50,INHIBITED,OUT_OF_RANGE,53500,0,P,P,0.00,released,RELEASED
2026-05-18 19:56:41.095,4030.3620,,slider,0,1,6.48,3.12,-18.50,INHIBITED,OUT_OF_RANGE,53510,0,P,P,0.00,released,RELEASED
2026-05-18 19:56:41.496,4030.7630,,slider,0,1,6.48,3.12,-18.50,INHIBITED,OUT_OF_RANGE,53520,0,P,P,0.00,released,RELEASED
2026-05-18 19:56:41.892,4031.1596,,slider,0,1,6.48,3.12,-18.50,INHIBITED,OUT_OF_RANGE,53530,0,P,P,0.00,released,RELEASED
2026-05-18 19:56:42.294,4031.5606,,slider,0,1,6.48,3.12,-18.50,INHIBITED,OUT_OF_RANGE,53540,0,P,P,0.00,released,RELEASED
2026-05-18 19:56:42.691,4031.9585,,slider,0,1,6.48,3.12,-18.50,INHIBITED,OUT_OF_RANGE,53550,0,P,P,0.00,released,RELEASED
2026-05-18 19:56:43.092,4032.3590,,slider,0,1,6.48,3.12,-18.50,INHIBITED,OUT_OF_RANGE,53560,0,P,P,0.00,released,RELEASED
2026-05-18 19:56:43.493,4032.7599,,slider,0,1,6.48,3.12,-18.50,INHIBITED,OUT_OF_RANGE,53570,0,P,P,0.00,released,RELEASED
2026-05-18 19:56:43.894,4033.1612,,slider,0,1,6.48,3.12,-18.50,INHIBITED,OUT_OF_RANGE,53580,0,P,P,0.00,released,RELEASED
2026-05-18 19:56:44.296,4033.5625,,slider,0,1,6.48,3.12,-18.50,INHIBITED,OUT_OF_RANGE,53590,0,P,P,0.00,released,RELEASED
2026-05-18 19:56:44.697,4033.9636,,slider,0,1,6.48,3.12,-18.50,INHIBITED,OUT_OF_RANGE,53600,0,P,P,0.00,released,RELEASED
2026-05-18 19:56:45.094,4034.3607,,slider,0,1,6.48,3.12,-18.50,INHIBITED,OUT_OF_RANGE,53610,0,P,P,0.00,released,RELEASED
2026-05-18 19:56:45.495,4034.7622,,slider,0,1,6.48,3.12,-18.50,INHIBITED,OUT_OF_RANGE,53620,0,P,P,0.00,released,RELEASED
2026-05-18 19:56:45.895,4035.1623,,slider,0,1,6.48,3.12,-18.50,INHIBITED,OUT_OF_RANGE,53630,0,P,P,0.00,released,RELEASED
2026-05-18 19:56:46.292,4035.5586,,slider,0,1,6.48,3.12,-18.50,INHIBITED,OUT_OF_RANGE,53640,0,P,P,0.00,released,RELEASED
2026-05-18 19:56:46.694,4035.9605,,slider,0,1,6.48,3.12,-18.50,INHIBITED,OUT_OF_RANGE,53650,0,P,P,0.00,released,RELEASED
2026-05-18 19:56:47.096,4036.3626,,slider,0,1,6.48,3.12,-18.50,INHIBITED,OUT_OF_RANGE,53660,0,P,P,0.00,released,RELEASED
2026-05-18 19:56:47.493,4036.7597,,slider,0,1,6.48,3.12,-18.50,INHIBITED,OUT_OF_RANGE,53670,0,P,P,0.00,released,RELEASED
2026-05-18 19:56:47.892,4037.1589,,slider,0,1,6.48,3.12,-18.50,INHIBITED,OUT_OF_RANGE,53680,0,P,P,0.00,released,RELEASED
2026-05-18 19:56:48.294,4037.5606,,slider,0,1,6.48,3.12,-18.50,INHIBITED,OUT_OF_RANGE,53690,0,P,P,0.00,released,RELEASED
2026-05-18 19:56:48.696,4037.9632,,slider,0,1,6.48,3.12,-18.50,INHIBITED,OUT_OF_RANGE,53700,0,P,P,0.00,released,RELEASED
2026-05-18 19:56:49.094,4038.3605,,slider,0,1,6.48,3.12,-18.50,INHIBITED,OUT_OF_RANGE,53710,0,P,P,0.00,released,RELEASED
2026-05-18 19:56:49.494,4038.7612,,slider,0,1,6.48,3.12,-18.50,INHIBITED,OUT_OF_RANGE,53720,0,P,P,0.00,released,RELEASED
2026-05-18 19:56:49.893,4039.1603,,slider,0,1,6.48,3.12,-18.50,INHIBITED,OUT_OF_RANGE,53730,0,P,P,0.00,released,RELEASED
2026-05-18 19:56:50.297,4039.5638,,slider,0,1,6.48,3.12,-18.50,INHIBITED,OUT_OF_RANGE,53740,0,P,P,0.00,released,RELEASED
2026-05-18 19:56:50.692,4039.9588,,slider,0,1,6.48,3.12,-18.50,INHIBITED,OUT_OF_RANGE,53750,0,P,P,0.00,released,RELEASED
2026-05-18 19:56:51.092,4040.3591,,slider,0,1,6.48,3.12,-18.50,INHIBITED,OUT_OF_RANGE,53760,0,P,P,0.00,released,RELEASED
2026-05-18 19:56:51.496,4040.7628,,slider,0,1,6.48,3.12,-18.50,INHIBITED,OUT_OF_RANGE,53770,0,P,P,0.00,released,RELEASED
2026-05-18 19:56:51.894,4041.1603,,slider,0,1,6.48,3.12,-18.50,INHIBITED,OUT_OF_RANGE,53780,0,P,P,0.00,released,RELEASED
2026-05-18 19:56:52.295,4041.5618,,slider,0,1,6.48,3.12,-18.50,INHIBITED,OUT_OF_RANGE,53790,0,P,P,0.00,released,RELEASED
2026-05-18 19:56:52.697,4041.9634,,slider,0,1,6.48,3.12,-18.50,INHIBITED,OUT_OF_RANGE,53800,0,P,P,0.00,released,RELEASED
2026-05-18 19:56:53.095,4042.3618,,slider,0,1,6.48,3.12,-18.50,INHIBITED,OUT_OF_RANGE,53810,0,P,P,0.00,released,RELEASED
2026-05-18 19:56:53.496,4042.7626,,slider,0,1,6.48,3.12,-18.50,INHIBITED,OUT_OF_RANGE,53820,0,P,P,0.00,released,RELEASED
2026-05-18 19:56:53.897,4043.1639,,slider,0,1,6.48,3.12,-18.50,INHIBITED,OUT_OF_RANGE,53830,0,P,P,0.00,released,RELEASED
2026-05-18 19:56:54.294,4043.5604,,slider,0,1,6.48,3.12,-18.50,INHIBITED,OUT_OF_RANGE,53840,0,P,P,0.00,released,RELEASED
2026-05-18 19:56:54.693,4043.9600,,slider,0,1,6.48,3.12,-18.50,INHIBITED,OUT_OF_RANGE,53850,0,P,P,0.00,released,RELEASED
2026-05-18 19:56:55.095,4044.3618,,slider,0,1,6.48,3.12,-18.50,INHIBITED,OUT_OF_RANGE,53860,0,P,P,0.00,released,RELEASED
2026-05-18 19:56:55.497,4044.7635,,slider,0,1,6.48,3.12,-18.50,INHIBITED,OUT_OF_RANGE,53870,0,P,P,0.00,released,RELEASED
2026-05-18 19:56:55.896,4045.1630,,slider,0,1,6.48,3.12,-18.50,INHIBITED,OUT_OF_RANGE,53880,0,P,P,0.00,released,RELEASED
2026-05-18 19:56:56.293,4045.5592,,slider,0,1,6.48,3.12,-18.50,INHIBITED,OUT_OF_RANGE,53890,0,P,P,0.00,released,RELEASED
2026-05-18 19:56:56.694,4045.9609,,slider,0,1,6.48,3.12,-18.50,INHIBITED,OUT_OF_RANGE,53900,0,P,P,0.00,released,RELEASED
2026-05-18 19:56:57.097,4046.3640,,slider,0,1,6.48,3.12,-18.50,INHIBITED,OUT_OF_RANGE,53910,0,P,P,0.00,released,RELEASED
2026-05-18 19:56:57.496,4046.7626,,slider,0,1,6.48,3.12,-18.50,INHIBITED,OUT_OF_RANGE,53920,0,P,P,0.00,released,RELEASED
2026-05-18 19:56:57.897,4047.1636,,slider,0,1,6.48,3.12,-18.50,INHIBITED,OUT_OF_RANGE,53930,0,P,P,0.00,released,RELEASED
2026-05-18 19:56:58.293,4047.5597,,slider,0,1,6.48,3.12,-18.50,INHIBITED,OUT_OF_RANGE,53940,0,P,P,0.00,released,RELEASED
2026-05-18 19:56:58.697,4047.9631,,slider,0,1,6.48,3.12,-18.50,INHIBITED,OUT_OF_RANGE,53950,0,P,P,0.00,released,RELEASED
2026-05-18 19:56:59.094,4048.3604,,slider,0,1,6.48,3.12,-18.50,INHIBITED,OUT_OF_RANGE,53960,0,P,P,0.00,released,RELEASED
2026-05-18 19:56:59.495,4048.7615,,slider,0,1,6.48,3.12,-18.50,INHIBITED,OUT_OF_RANGE,53970,0,P,P,0.00,released,RELEASED
2026-05-18 19:56:59.896,4049.1624,,slider,0,1,6.48,3.12,-18.50,INHIBITED,OUT_OF_RANGE,53980,0,P,P,0.00,released,RELEASED
2026-05-18 19:57:00.296,4049.5627,,slider,0,1,6.48,3.12,-18.50,INHIBITED,OUT_OF_RANGE,53990,0,P,P,0.00,released,RELEASED
2026-05-18 19:57:00.697,4049.9630,,slider,0,1,6.48,3.12,-18.50,INHIBITED,OUT_OF_RANGE,54000,0,P,P,0.00,released,RELEASED
2026-05-18 19:57:01.097,4050.3631,,slider,0,1,6.48,3.12,-18.50,INHIBITED,OUT_OF_RANGE,54010,0,P,P,0.00,released,RELEASED
2026-05-18 19:57:01.496,4050.7620,,slider,0,1,6.48,3.12,-18.50,INHIBITED,OUT_OF_RANGE,54020,0,P,P,0.00,released,RELEASED
2026-05-18 19:57:01.894,4051.1602,,slider,0,1,6.48,3.12,-18.50,INHIBITED,OUT_OF_RANGE,54030,0,P,P,0.00,released,RELEASED
2026-05-18 19:57:02.296,4051.5625,,slider,0,1,6.48,3.12,-18.50,INHIBITED,OUT_OF_RANGE,54040,0,P,P,0.00,released,RELEASED
2026-05-18 19:57:02.697,4051.9629,,slider,0,1,6.48,3.12,-18.50,INHIBITED,OUT_OF_RANGE,54050,0,P,P,0.00,released,RELEASED
2026-05-18 19:57:03.094,4052.3606,,slider,0,1,6.48,3.12,-18.50,INHIBITED,OUT_OF_RANGE,54060,0,P,P,0.00,released,RELEASED
2026-05-18 19:57:03.496,4052.7625,,slider,0,1,6.48,3.12,-18.50,INHIBITED,OUT_OF_RANGE,54070,0,P,P,0.00,released,RELEASED
2026-05-18 19:57:03.896,4053.1620,,slider,0,1,6.48,3.12,-18.50,INHIBITED,OUT_OF_RANGE,54080,0,P,P,0.00,released,RELEASED
2026-05-18 19:57:04.293,4053.5592,,slider,0,1,6.48,3.12,-18.50,INHIBITED,OUT_OF_RANGE,54090,0,P,P,0.00,released,RELEASED
2026-05-18 19:57:04.698,4053.9638,,slider,0,1,6.48,3.12,-18.50,INHIBITED,OUT_OF_RANGE,54100,0,P,P,0.00,released,RELEASED
2026-05-18 19:57:05.095,4054.3610,,slider,0,1,6.48,3.12,-18.50,INHIBITED,OUT_OF_RANGE,54110,0,P,P,0.00,released,RELEASED
2026-05-18 19:57:05.497,4054.7627,,slider,0,1,6.48,3.12,-18.50,INHIBITED,OUT_OF_RANGE,54120,0,P,P,0.00,released,RELEASED
2026-05-18 19:57:05.898,4055.1640,,slider,0,1,6.48,3.12,-18.50,INHIBITED,OUT_OF_RANGE,54130,0,P,P,0.00,released,RELEASED
2026-05-18 19:57:06.296,4055.5624,,slider,0,1,6.48,3.12,-18.50,INHIBITED,OUT_OF_RANGE,54140,0,P,P,0.00,released,RELEASED
2026-05-18 19:57:06.693,4055.9590,,slider,0,1,6.48,3.12,-18.50,INHIBITED,OUT_OF_RANGE,54150,0,P,P,0.00,released,RELEASED
2026-05-18 19:57:07.094,4056.3602,,slider,0,1,6.48,3.12,-18.50,INHIBITED,OUT_OF_RANGE,54160,0,P,P,0.00,released,RELEASED
2026-05-18 19:57:07.496,4056.7622,,slider,0,1,6.48,3.12,-18.50,INHIBITED,OUT_OF_RANGE,54170,0,P,P,0.00,released,RELEASED
2026-05-18 19:57:07.897,4057.1626,,slider,0,1,6.48,3.12,-18.50,INHIBITED,OUT_OF_RANGE,54180,0,P,P,0.00,released,RELEASED
2026-05-18 19:57:08.294,4057.5599,,slider,0,1,6.48,3.12,-18.50,INHIBITED,OUT_OF_RANGE,54190,0,P,P,0.00,released,RELEASED
2026-05-18 19:57:08.697,4057.9632,,slider,0,1,6.48,3.12,-18.50,INHIBITED,OUT_OF_RANGE,54200,0,P,P,0.00,released,RELEASED
2026-05-18 19:57:09.098,4058.3637,,slider,0,1,6.48,3.12,-18.50,INHIBITED,OUT_OF_RANGE,54210,0,P,P,0.00,released,RELEASED
2026-05-18 19:57:09.494,4058.7605,,slider,0,1,6.48,3.12,-18.50,INHIBITED,OUT_OF_RANGE,54220,0,P,P,0.00,released,RELEASED
2026-05-18 19:57:09.897,4059.1630,,slider,0,1,6.48,3.12,-18.50,INHIBITED,OUT_OF_RANGE,54230,0,P,P,0.00,released,RELEASED
2026-05-18 19:57:10.295,4059.5607,,slider,0,1,6.48,3.12,-18.50,INHIBITED,OUT_OF_RANGE,54240,0,P,P,0.00,released,RELEASED
2026-05-18 19:57:10.698,4059.9637,,slider,0,1,6.48,3.12,-18.50,INHIBITED,OUT_OF_RANGE,54250,0,P,P,0.00,released,RELEASED
2026-05-18 19:57:11.095,4060.3607,,slider,0,1,6.48,3.12,-18.50,INHIBITED,OUT_OF_RANGE,54260,0,P,P,0.00,released,RELEASED
2026-05-18 19:57:11.493,4060.7591,,slider,0,1,6.48,3.12,-18.50,INHIBITED,OUT_OF_RANGE,54270,0,P,P,0.00,released,RELEASED
2026-05-18 19:57:11.894,4061.1597,,slider,0,1,6.48,3.12,-18.50,INHIBITED,OUT_OF_RANGE,54280,0,P,P,0.00,released,RELEASED
2026-05-18 19:57:12.296,4061.5624,,slider,0,1,6.48,3.12,-18.50,INHIBITED,OUT_OF_RANGE,54290,0,P,P,0.00,released,RELEASED
2026-05-18 19:57:12.694,4061.9602,,slider,0,1,6.48,3.12,-18.50,INHIBITED,OUT_OF_RANGE,54300,0,P,P,0.00,released,RELEASED
2026-05-18 19:57:13.095,4062.3612,,slider,0,1,6.48,3.12,-18.50,INHIBITED,OUT_OF_RANGE,54310,0,P,P,0.00,released,RELEASED
2026-05-18 19:57:13.493,4062.7594,,slider,0,1,6.48,3.12,-18.50,INHIBITED,OUT_OF_RANGE,54320,0,P,P,0.00,released,RELEASED
2026-05-18 19:57:13.896,4063.1614,,slider,0,1,6.48,3.12,-18.50,INHIBITED,OUT_OF_RANGE,54330,0,P,P,0.00,released,RELEASED
2026-05-18 19:57:14.297,4063.5630,,slider,0,1,6.48,3.12,-18.50,INHIBITED,OUT_OF_RANGE,54340,0,P,P,0.00,released,RELEASED
2026-05-18 19:57:14.695,4063.9607,,slider,0,1,6.48,3.12,-18.50,INHIBITED,OUT_OF_RANGE,54350,0,P,P,0.00,released,RELEASED
2026-05-18 19:57:15.093,4064.3592,,slider,0,1,6.48,3.12,-18.50,INHIBITED,OUT_OF_RANGE,54360,0,P,P,0.00,released,RELEASED
2026-05-18 19:57:15.496,4064.7615,,slider,0,1,6.48,3.12,-18.50,INHIBITED,OUT_OF_RANGE,54370,0,P,P,0.00,released,RELEASED
2026-05-18 19:57:15.898,4065.1642,,slider,0,1,6.48,3.12,-18.50,INHIBITED,OUT_OF_RANGE,54380,0,P,P,0.00,released,RELEASED
2026-05-18 19:57:16.296,4065.5618,,slider,0,1,6.48,3.12,-18.50,INHIBITED,OUT_OF_RANGE,54390,0,P,P,0.00,released,RELEASED
2026-05-18 19:57:16.697,4065.9629,,slider,0,1,6.48,3.12,-18.50,INHIBITED,OUT_OF_RANGE,54400,0,P,P,0.00,released,RELEASED
2026-05-18 19:57:17.094,4066.3595,,slider,0,1,6.48,3.12,-18.50,INHIBITED,OUT_OF_RANGE,54410,0,P,P,0.00,released,RELEASED
2026-05-18 19:57:17.497,4066.7632,,slider,0,1,6.48,3.12,-18.50,INHIBITED,OUT_OF_RANGE,54420,0,P,P,0.00,released,RELEASED
2026-05-18 19:57:17.898,4067.1639,,slider,0,1,6.48,3.12,-18.50,INHIBITED,OUT_OF_RANGE,54430,0,P,P,0.00,released,RELEASED
2026-05-18 19:57:18.295,4067.5605,,slider,0,1,6.48,3.12,-18.50,INHIBITED,OUT_OF_RANGE,54440,0,P,P,0.00,released,RELEASED
2026-05-18 19:57:18.696,4067.9618,,slider,0,1,6.48,3.12,-18.50,INHIBITED,OUT_OF_RANGE,54450,0,P,P,0.00,released,RELEASED
2026-05-18 19:57:19.094,4068.3598,,slider,0,1,6.48,3.12,-18.50,INHIBITED,OUT_OF_RANGE,54460,0,P,P,0.00,released,RELEASED
2026-05-18 19:57:19.495,4068.7609,,slider,0,1,6.48,3.12,-18.50,INHIBITED,OUT_OF_RANGE,54470,0,P,P,0.00,released,RELEASED
2026-05-18 19:57:19.898,4069.1633,,slider,0,1,6.48,3.12,-18.50,INHIBITED,OUT_OF_RANGE,54480,0,P,P,0.00,released,RELEASED
2026-05-18 19:57:20.298,4069.5639,,slider,0,1,6.48,3.12,-18.50,INHIBITED,OUT_OF_RANGE,54490,0,P,P,0.00,released,RELEASED
2026-05-18 19:57:20.699,4069.9642,,slider,0,1,6.48,3.12,-18.50,INHIBITED,OUT_OF_RANGE,54500,0,P,P,0.00,released,RELEASED
2026-05-18 19:57:21.096,4070.3618,,slider,0,1,6.48,3.12,-18.50,INHIBITED,OUT_OF_RANGE,54510,0,P,P,0.00,released,RELEASED
2026-05-18 19:57:21.495,4070.7604,,slider,0,1,6.48,3.12,-18.50,INHIBITED,OUT_OF_RANGE,54520,0,P,P,0.00,released,RELEASED
2026-05-18 19:57:21.895,4071.1603,,slider,0,1,6.48,3.12,-18.50,INHIBITED,OUT_OF_RANGE,54530,0,P,P,0.00,released,RELEASED
2026-05-18 19:57:22.296,4071.5617,,slider,0,1,6.48,3.12,-18.50,INHIBITED,OUT_OF_RANGE,54540,0,P,P,0.00,released,RELEASED
2026-05-18 19:57:22.695,4071.9602,,slider,0,1,6.48,3.12,-18.50,INHIBITED,OUT_OF_RANGE,54550,0,P,P,0.00,released,RELEASED
2026-05-18 19:57:23.097,4072.3623,,slider,0,1,6.48,3.12,-18.50,INHIBITED,OUT_OF_RANGE,54560,0,P,P,0.00,released,RELEASED
2026-05-18 19:57:23.499,4072.7640,,slider,0,1,6.48,3.12,-18.50,INHIBITED,OUT_OF_RANGE,54570,0,P,P,0.00,released,RELEASED
2026-05-18 19:57:23.894,4073.1597,,slider,0,1,6.48,3.12,-18.50,INHIBITED,OUT_OF_RANGE,54580,0,P,P,0.00,released,RELEASED
2026-05-18 19:57:24.294,4073.5599,,slider,0,1,6.48,3.12,-18.50,INHIBITED,OUT_OF_RANGE,54590,0,P,P,0.00,released,RELEASED
2026-05-18 19:57:24.696,4073.9612,,slider,0,1,6.48,3.12,-18.50,INHIBITED,OUT_OF_RANGE,54600,0,P,P,0.00,released,RELEASED
2026-05-18 19:57:25.096,4074.3613,,slider,0,1,6.48,3.12,-18.50,INHIBITED,OUT_OF_RANGE,54610,0,P,P,0.00,released,RELEASED
2026-05-18 19:57:25.498,4074.7636,,slider,0,1,6.48,3.12,-18.50,INHIBITED,OUT_OF_RANGE,54620,0,P,P,0.00,released,RELEASED
2026-05-18 19:57:25.895,4075.1608,,slider,0,1,6.48,3.12,-18.50,INHIBITED,OUT_OF_RANGE,54630,0,P,P,0.00,released,RELEASED
2026-05-18 19:57:26.297,4075.5625,,slider,0,1,6.48,3.12,-18.50,INHIBITED,OUT_OF_RANGE,54640,0,P,P,0.00,released,RELEASED
2026-05-18 19:57:26.694,4075.9594,,slider,0,1,6.48,3.12,-18.50,INHIBITED,OUT_OF_RANGE,54650,0,P,P,0.00,released,RELEASED
2026-05-18 19:57:27.096,4076.3611,,slider,0,1,6.48,3.12,-18.50,INHIBITED,OUT_OF_RANGE,54660,0,P,P,0.00,released,RELEASED
2026-05-18 19:57:27.495,4076.7601,,slider,0,1,6.48,3.12,-18.50,INHIBITED,OUT_OF_RANGE,54670,0,P,P,0.00,released,RELEASED
2026-05-18 19:57:27.897,4077.1623,,slider,0,1,6.48,3.12,-18.50,INHIBITED,OUT_OF_RANGE,54680,0,P,P,0.00,released,RELEASED
2026-05-18 19:57:28.294,4077.5594,,slider,0,1,6.48,3.12,-18.50,INHIBITED,OUT_OF_RANGE,54690,0,P,P,0.00,released,RELEASED
2026-05-18 19:57:28.697,4077.9621,,slider,0,1,6.48,3.12,-18.50,INHIBITED,OUT_OF_RANGE,54700,0,P,P,0.00,released,RELEASED
2026-05-18 19:57:29.098,4078.3637,,slider,0,1,6.48,3.12,-18.50,INHIBITED,OUT_OF_RANGE,54710,0,P,P,0.00,released,RELEASED
2026-05-18 19:57:29.498,4078.7635,,slider,0,1,6.48,3.12,-18.50,INHIBITED,OUT_OF_RANGE,54720,0,P,P,0.00,released,RELEASED
2026-05-18 19:57:29.895,4079.1599,,slider,0,1,6.48,3.12,-18.50,INHIBITED,OUT_OF_RANGE,54730,0,P,P,0.00,released,RELEASED
2026-05-18 19:57:30.298,4079.5634,,slider,0,1,6.48,3.12,-18.50,INHIBITED,OUT_OF_RANGE,54740,0,P,P,0.00,released,RELEASED
2026-05-18 19:57:30.699,4079.9638,,slider,0,1,6.48,3.12,-18.50,INHIBITED,OUT_OF_RANGE,54750,0,P,P,0.00,released,RELEASED
2026-05-18 19:57:31.095,4080.3602,,slider,0,1,6.48,3.12,-18.50,INHIBITED,OUT_OF_RANGE,54760,0,P,P,0.00,released,RELEASED
2026-05-18 19:57:31.499,4080.7637,,slider,0,1,6.48,3.12,-18.50,INHIBITED,OUT_OF_RANGE,54770,0,P,P,0.00,released,RELEASED
2026-05-18 19:57:31.896,4081.1613,,slider,0,1,6.48,3.12,-18.50,INHIBITED,OUT_OF_RANGE,54780,0,P,P,0.00,released,RELEASED
2026-05-18 19:57:32.299,4081.5638,,slider,0,1,6.48,3.12,-18.50,INHIBITED,OUT_OF_RANGE,54790,0,P,P,0.00,released,RELEASED
2026-05-18 19:57:32.697,4081.9626,,slider,0,1,6.48,3.12,-18.50,INHIBITED,OUT_OF_RANGE,54800,0,P,P,0.00,released,RELEASED
2026-05-18 19:57:33.096,4082.3606,,slider,0,1,6.48,3.12,-18.50,INHIBITED,OUT_OF_RANGE,54810,0,P,P,0.00,released,RELEASED
2026-05-18 19:57:33.497,4082.7619,,slider,0,1,6.48,3.12,-18.50,INHIBITED,OUT_OF_RANGE,54820,0,P,P,0.00,released,RELEASED
2026-05-18 19:57:33.898,4083.1635,,slider,0,1,6.48,3.12,-18.50,INHIBITED,OUT_OF_RANGE,54830,0,P,P,0.00,released,RELEASED
2026-05-18 19:57:34.295,4083.5601,,slider,0,1,6.48,3.12,-18.50,INHIBITED,OUT_OF_RANGE,54840,0,P,P,0.00,released,RELEASED
2026-05-18 19:57:34.696,4083.9609,,slider,0,1,6.48,3.12,-18.50,INHIBITED,OUT_OF_RANGE,54850,0,P,P,0.00,released,RELEASED
2026-05-18 19:57:35.095,4084.3601,,slider,0,1,6.48,3.12,-18.50,INHIBITED,OUT_OF_RANGE,54860,0,P,P,0.00,released,RELEASED
2026-05-18 19:57:35.496,4084.7611,,slider,0,1,6.48,3.12,-18.50,INHIBITED,OUT_OF_RANGE,54870,0,P,P,0.00,released,RELEASED
2026-05-18 19:57:35.898,4085.1634,,slider,0,1,6.48,3.12,-18.50,INHIBITED,OUT_OF_RANGE,54880,0,P,P,0.00,released,RELEASED
2026-05-18 19:57:36.296,4085.5608,,slider,0,1,6.48,3.12,-18.50,INHIBITED,OUT_OF_RANGE,54890,0,P,P,0.00,released,RELEASED
2026-05-18 19:57:36.697,4085.9624,,slider,0,1,6.48,3.12,-18.50,INHIBITED,OUT_OF_RANGE,54900,0,P,P,0.00,released,RELEASED
2026-05-18 19:57:37.096,4086.3608,,slider,0,1,6.48,3.12,-18.50,INHIBITED,OUT_OF_RANGE,54910,0,P,P,0.00,released,RELEASED
2026-05-18 19:57:37.497,4086.7623,,slider,0,1,6.48,3.12,-18.50,INHIBITED,OUT_OF_RANGE,54920,0,P,P,0.00,released,RELEASED
2026-05-18 19:57:37.896,4087.1608,,slider,0,1,6.48,3.12,-18.50,INHIBITED,OUT_OF_RANGE,54930,0,P,P,0.00,released,RELEASED
2026-05-18 19:57:38.298,4087.5627,,slider,0,1,6.48,3.12,-18.50,INHIBITED,OUT_OF_RANGE,54940,0,P,P,0.00,released,RELEASED
2026-05-18 19:57:38.698,4087.9630,,slider,0,1,6.48,3.12,-18.50,INHIBITED,OUT_OF_RANGE,54950,0,P,P,0.00,released,RELEASED
2026-05-18 19:57:39.099,4088.3638,,slider,0,1,6.48,3.12,-18.50,INHIBITED,OUT_OF_RANGE,54960,0,P,P,0.00,released,RELEASED
2026-05-18 19:57:39.495,4088.7600,,slider,0,1,6.48,3.12,-18.50,INHIBITED,OUT_OF_RANGE,54970,0,P,P,0.00,released,RELEASED
2026-05-18 19:57:39.897,4089.1617,,slider,0,1,6.48,3.12,-18.50,INHIBITED,OUT_OF_RANGE,54980,0,P,P,0.00,released,RELEASED
2026-05-18 19:57:40.298,4089.5627,,slider,0,1,6.48,3.12,-18.50,INHIBITED,OUT_OF_RANGE,54990,0,P,P,0.00,released,RELEASED
2026-05-18 19:57:40.696,4089.9606,,slider,0,1,6.48,3.12,-18.50,INHIBITED,OUT_OF_RANGE,55000,0,P,P,0.00,released,RELEASED
2026-05-18 19:57:41.100,4090.3648,,slider,0,1,6.48,3.12,-18.50,INHIBITED,OUT_OF_RANGE,55010,0,P,P,0.00,released,RELEASED
2026-05-18 19:57:41.495,4090.7599,,slider,0,1,6.48,3.12,-18.50,INHIBITED,OUT_OF_RANGE,55020,0,P,P,0.00,released,RELEASED
2026-05-18 19:57:41.895,4091.1597,,slider,0,1,6.48,3.12,-18.50,INHIBITED,OUT_OF_RANGE,55030,0,P,P,0.00,released,RELEASED
