wall_time,monotonic,event,mode,engaged,estop,target_deg,commanded_deg,measured_deg,eac_status,eac_error,rx_count_0x370,bus_errors,gear,gear_request,di_vehicle_speed_mph,brake_pedal,brake_state
2026-05-21 19:06:18.691,0.2461,eac_transition:AVAILABLE,slider,0,0,104.33,12.00,1.30,AVAILABLE,OUT_OF_RANGE,5,0,P,P,0.00,released,RELEASED
2026-05-21 19:06:18.904,0.4591,,slider,0,0,104.33,42.00,1.30,AVAILABLE,OUT_OF_RANGE,10,0,P,P,0.00,released,RELEASED
2026-05-21 19:06:19.251,0.8059,engage,slider,1,0,1.30,1.30,1.30,AVAILABLE,OUT_OF_RANGE,18,0,P,P,0.00,released,RELEASED
2026-05-21 19:06:19.304,0.8591,,slider,1,0,104.33,4.30,1.30,AVAILABLE,OUT_OF_RANGE,20,0,P,P,0.00,released,RELEASED
2026-05-21 19:06:19.345,0.9000,eac_transition:ACTIVE,slider,1,0,104.33,13.30,1.70,ACTIVE,NONE,21,0,P,P,0.00,released,RELEASED
2026-05-21 19:06:19.704,1.2592,,slider,1,0,104.33,76.30,50.10,ACTIVE,NONE,30,0,P,P,0.00,released,RELEASED
2026-05-21 19:06:20.104,1.6591,,slider,1,0,17.35,82.14,98.70,ACTIVE,NONE,40,0,P,P,0.00,released,RELEASED
2026-05-21 19:06:20.505,2.0593,,slider,1,0,17.35,19.41,38.90,ACTIVE,NONE,50,0,P,P,0.00,released,RELEASED
2026-05-21 19:06:20.905,2.4595,,slider,1,0,17.35,17.21,19.50,ACTIVE,NONE,60,0,P,P,0.00,released,RELEASED
2026-05-21 19:06:21.304,2.8591,,slider,1,0,17.35,16.50,16.80,ACTIVE,NONE,70,0,P,P,0.00,released,RELEASED
2026-05-21 19:06:21.704,3.2590,,slider,1,0,17.35,17.04,16.60,ACTIVE,NONE,80,0,P,P,0.00,released,RELEASED
2026-05-21 19:06:22.105,3.6593,,slider,1,0,17.35,16.64,16.60,ACTIVE,NONE,90,0,P,P,0.00,released,RELEASED
2026-05-21 19:06:22.504,4.0592,,slider,1,0,17.35,17.65,16.60,ACTIVE,NONE,100,0,P,P,0.00,released,RELEASED
2026-05-21 19:06:22.904,4.4592,,slider,1,0,17.35,17.15,16.80,ACTIVE,NONE,110,0,P,P,0.00,released,RELEASED
2026-05-21 19:06:23.304,4.8592,,slider,1,0,17.35,17.14,16.80,ACTIVE,NONE,120,0,P,P,0.00,released,RELEASED
2026-05-21 19:06:23.705,5.2594,,slider,1,0,17.35,17.32,16.90,ACTIVE,NONE,130,0,P,P,0.00,released,RELEASED
2026-05-21 19:06:24.105,5.6594,,slider,1,0,17.35,17.02,17.00,ACTIVE,NONE,140,0,P,P,0.00,released,RELEASED
2026-05-21 19:06:24.505,6.0595,,slider,1,0,17.35,17.08,17.00,ACTIVE,NONE,150,0,P,P,0.00,released,RELEASED
2026-05-21 19:06:24.887,6.4421,,slider,1,0,17.35,17.33,17.00,ACTIVE,NONE,160,0,P,P,0.00,released,RELEASED
2026-05-21 19:06:25.305,6.8599,,slider,1,0,-246.53,-6.30,13.50,ACTIVE,NONE,170,0,P,P,0.00,released,RELEASED
2026-05-21 19:06:25.689,7.2436,,slider,1,0,22.28,-72.30,-51.90,ACTIVE,NONE,180,0,P,P,0.00,released,RELEASED
2026-05-21 19:06:26.094,7.6486,,slider,1,0,20.13,-0.30,-24.40,ACTIVE,NONE,190,0,P,P,0.00,released,RELEASED
2026-05-21 19:06:26.499,8.0533,,slider,1,0,22.28,21.25,16.60,ACTIVE,NONE,200,0,P,P,0.00,released,RELEASED
2026-05-21 19:06:26.899,8.4532,,slider,1,0,22.28,22.15,21.30,ACTIVE,NONE,210,0,P,P,0.00,released,RELEASED
2026-05-21 19:06:27.299,8.8534,,slider,1,0,20.13,21.81,22.60,ACTIVE,NONE,220,0,P,P,0.00,released,RELEASED
2026-05-21 19:06:27.698,9.2532,,slider,1,0,22.28,22.26,22.60,ACTIVE,NONE,230,0,P,P,0.00,released,RELEASED
2026-05-21 19:06:28.098,9.6531,,slider,1,0,22.28,21.82,22.40,ACTIVE,NONE,240,0,P,P,0.00,released,RELEASED
2026-05-21 19:06:28.499,10.0534,,slider,1,0,22.28,21.46,22.10,ACTIVE,NONE,250,0,P,P,0.00,released,RELEASED
2026-05-21 19:06:28.899,10.4533,,slider,1,0,22.28,21.69,21.80,ACTIVE,NONE,260,0,P,P,0.00,released,RELEASED
2026-05-21 19:06:29.299,10.8533,,slider,1,0,22.28,22.02,21.80,ACTIVE,NONE,270,0,P,P,0.00,released,RELEASED
2026-05-21 19:06:29.699,11.2534,,slider,1,0,17.99,20.52,21.20,ACTIVE,NONE,280,0,P,P,0.00,released,RELEASED
2026-05-21 19:06:30.099,11.6534,,slider,1,0,22.28,20.43,20.30,ACTIVE,NONE,290,0,P,P,0.00,released,RELEASED
2026-05-21 19:06:30.499,12.0535,,slider,1,0,20.13,20.19,20.30,ACTIVE,NONE,300,0,P,P,0.00,released,RELEASED
2026-05-21 19:06:30.899,12.4534,,slider,1,0,17.99,18.48,19.40,ACTIVE,NONE,310,0,P,P,0.00,released,RELEASED
2026-05-21 19:06:31.299,12.8533,,slider,1,0,17.99,18.77,18.80,ACTIVE,NONE,320,0,P,P,0.00,released,RELEASED
2026-05-21 19:06:31.699,13.2536,,slider,1,0,20.13,18.70,18.30,ACTIVE,NONE,330,0,P,P,0.00,released,RELEASED
2026-05-21 19:06:32.099,13.6535,,slider,1,0,17.99,18.58,18.10,ACTIVE,NONE,340,0,P,P,0.00,released,RELEASED
2026-05-21 19:06:32.499,14.0534,,slider,1,0,22.28,20.92,18.90,ACTIVE,NONE,350,0,P,P,0.00,released,RELEASED
2026-05-21 19:06:32.899,14.4538,,slider,1,0,24.44,24.51,22.80,ACTIVE,NONE,360,0,P,P,0.00,released,RELEASED
2026-05-21 19:06:33.299,14.8536,,slider,1,0,24.44,23.79,23.70,ACTIVE,NONE,370,0,P,P,0.00,released,RELEASED
2026-05-21 19:06:33.699,15.2534,,slider,1,0,24.44,24.85,24.10,ACTIVE,NONE,380,0,P,P,0.00,released,RELEASED
2026-05-21 19:06:34.099,15.6534,,slider,1,0,22.28,22.86,24.20,ACTIVE,NONE,390,0,P,P,0.00,released,RELEASED
2026-05-21 19:06:34.499,16.0535,,slider,1,0,22.28,22.42,23.70,ACTIVE,NONE,400,0,P,P,0.00,released,RELEASED
2026-05-21 19:06:34.899,16.4535,,slider,1,0,22.28,21.93,22.30,ACTIVE,NONE,410,0,P,P,0.00,released,RELEASED
2026-05-21 19:06:35.299,16.8535,,slider,1,0,22.28,21.56,21.90,ACTIVE,NONE,420,0,P,P,0.00,released,RELEASED
2026-05-21 19:06:35.699,17.2536,,slider,1,0,15.86,17.68,19.30,ACTIVE,NONE,430,0,P,P,0.00,released,RELEASED
2026-05-21 19:06:36.099,17.6537,,slider,1,0,11.61,12.72,14.60,ACTIVE,NONE,440,0,P,P,0.00,released,RELEASED
2026-05-21 19:06:36.501,18.0559,,slider,1,0,11.61,11.52,12.00,ACTIVE,NONE,450,0,P,P,0.00,released,RELEASED
2026-05-21 19:06:36.901,18.4560,,slider,1,0,9.50,8.59,9.80,ACTIVE,NONE,460,0,P,P,0.00,released,RELEASED
2026-05-21 19:06:37.302,18.8567,,slider,1,0,7.38,1.60,4.60,ACTIVE,NONE,470,0,P,P,0.00,released,RELEASED
2026-05-21 19:06:37.702,19.2567,,slider,1,0,0.00,0.28,1.20,ACTIVE,NONE,480,0,P,P,0.00,released,RELEASED
2026-05-21 19:06:38.102,19.6569,,slider,1,0,0.00,0.01,0.10,ACTIVE,NONE,490,0,P,P,0.00,released,RELEASED
2026-05-21 19:06:38.502,20.0565,,slider,1,0,0.00,5.73,4.10,ACTIVE,NONE,500,0,P,P,0.00,released,RELEASED
2026-05-21 19:06:38.902,20.4571,,slider,1,0,7.38,5.70,4.30,ACTIVE,NONE,510,0,P,P,0.00,released,RELEASED
2026-05-21 19:06:39.302,20.8569,,slider,1,0,9.50,8.94,7.50,ACTIVE,NONE,520,0,P,P,0.00,released,RELEASED
2026-05-21 19:06:39.702,21.2567,,slider,1,0,7.38,6.37,8.60,ACTIVE,NONE,530,0,P,P,0.00,released,RELEASED
2026-05-21 19:06:40.102,21.6566,,slider,1,0,0.00,1.04,3.70,ACTIVE,NONE,540,0,P,P,0.00,released,RELEASED
2026-05-21 19:06:40.502,22.0568,,slider,1,0,0.00,0.17,1.20,ACTIVE,NONE,550,0,P,P,0.00,released,RELEASED
2026-05-21 19:06:40.902,22.4567,,slider,1,0,0.00,0.01,0.20,ACTIVE,NONE,560,0,P,P,0.00,released,RELEASED
2026-05-21 19:06:41.302,22.8570,,slider,1,0,0.00,0.00,0.00,ACTIVE,NONE,570,0,P,P,0.00,released,RELEASED
2026-05-21 19:06:41.702,23.2566,,slider,1,0,0.00,0.00,0.00,ACTIVE,NONE,580,0,P,P,0.00,released,RELEASED
2026-05-21 19:06:42.102,23.6569,,slider,1,0,0.00,0.00,0.00,ACTIVE,NONE,590,0,P,P,0.00,released,RELEASED
2026-05-21 19:06:42.502,24.0571,,slider,1,0,0.00,0.00,0.00,ACTIVE,NONE,600,0,P,P,0.00,released,RELEASED
2026-05-21 19:06:42.902,24.4571,,slider,1,0,0.00,0.00,0.00,ACTIVE,NONE,610,0,P,P,0.00,released,RELEASED
2026-05-21 19:06:43.303,24.8573,,slider,1,0,0.00,0.00,0.00,ACTIVE,NONE,620,0,P,P,0.00,released,RELEASED
2026-05-21 19:06:43.702,25.2572,,slider,1,0,0.00,0.00,0.00,ACTIVE,NONE,630,0,P,P,0.00,released,RELEASED
2026-05-21 19:06:44.102,25.6571,,slider,1,0,0.00,0.00,0.00,ACTIVE,NONE,640,0,P,P,0.00,released,RELEASED
2026-05-21 19:06:44.503,26.0576,,slider,1,0,300.76,57.35,29.20,ACTIVE,NONE,650,0,P,P,0.00,released,RELEASED
2026-05-21 19:06:44.903,26.4573,,slider,1,0,354.86,129.35,104.70,ACTIVE,NONE,660,0,P,P,0.00,released,RELEASED
2026-05-21 19:06:45.302,26.8570,,slider,1,0,297.35,201.35,177.80,ACTIVE,NONE,670,0,P,P,0.00,released,RELEASED
2026-05-21 19:06:45.702,27.2571,,slider,1,0,360.00,273.35,250.10,ACTIVE,NONE,680,0,P,P,0.00,released,RELEASED
2026-05-21 19:06:46.103,27.6573,,slider,1,0,12.94,303.35,315.80,ACTIVE,NONE,690,0,P,P,0.00,released,RELEASED
2026-05-21 19:06:46.502,28.0571,,slider,1,0,0.00,231.35,259.20,ACTIVE,NONE,700,0,P,P,0.00,released,RELEASED
2026-05-21 19:06:46.902,28.4570,,slider,1,0,-18.16,159.35,184.10,ACTIVE,NONE,710,0,P,P,0.00,released,RELEASED
2026-05-21 19:06:47.303,28.8578,,slider,1,0,0.00,87.35,110.80,ACTIVE,NONE,720,0,P,P,0.00,released,RELEASED
2026-05-21 19:06:47.703,29.2574,,slider,1,0,23.41,23.11,39.50,ACTIVE,NONE,730,0,P,P,0.00,released,RELEASED
2026-05-21 19:06:48.103,29.6576,,slider,1,0,45.10,43.29,32.20,ACTIVE,NONE,740,0,P,P,0.00,released,RELEASED
2026-05-21 19:06:48.503,30.0578,,slider,1,0,35.91,36.37,37.80,ACTIVE,NONE,750,0,P,P,0.00,released,RELEASED
2026-05-21 19:06:48.903,30.4575,,slider,1,0,74.54,70.36,53.20,ACTIVE,NONE,760,0,P,P,0.00,released,RELEASED
2026-05-21 19:06:49.303,30.8579,,slider,1,0,94.03,70.34,67.30,ACTIVE,NONE,770,0,P,P,0.00,released,RELEASED
2026-05-21 19:06:49.689,31.2437,,slider,1,0,105.59,111.61,106.40,ACTIVE,NONE,780,0,P,P,0.00,released,RELEASED
2026-05-21 19:06:50.090,31.6443,,slider,1,0,70.42,76.12,96.20,ACTIVE,NONE,790,0,P,P,0.00,released,RELEASED
2026-05-21 19:06:50.490,32.0445,,slider,1,0,39.55,55.29,66.80,ACTIVE,NONE,800,0,P,P,0.00,released,RELEASED
2026-05-21 19:06:50.890,32.4449,,slider,1,0,25.18,28.51,35.20,ACTIVE,NONE,810,0,P,P,0.00,released,RELEASED
2026-05-21 19:06:51.292,32.8467,,slider,1,0,-9.48,4.33,14.30,ACTIVE,NONE,820,0,P,P,0.00,released,RELEASED
2026-05-21 19:06:51.702,33.2565,,slider,1,0,-83.01,-55.34,-33.90,ACTIVE,NONE,830,0,P,P,0.00,released,RELEASED
2026-05-21 19:06:52.102,33.6571,,slider,1,0,-117.75,-101.57,-87.00,ACTIVE,NONE,840,0,P,P,0.00,released,RELEASED
2026-05-21 19:06:52.502,34.0571,,slider,1,0,-235.33,-167.68,-145.00,ACTIVE,NONE,850,0,P,P,0.00,released,RELEASED
2026-05-21 19:06:52.902,34.4572,,slider,1,0,-360.00,-239.68,-217.10,ACTIVE,NONE,860,0,P,P,0.00,released,RELEASED
2026-05-21 19:06:53.302,34.8571,,slider,1,0,-42.77,-281.68,-286.20,ACTIVE,NONE,870,0,P,P,0.00,released,RELEASED
2026-05-21 19:06:53.703,35.2574,,slider,1,0,25.87,-209.68,-236.80,ACTIVE,NONE,880,0,P,P,0.00,released,RELEASED
2026-05-21 19:06:54.102,35.6570,,slider,1,0,258.41,-137.68,-162.40,ACTIVE,NONE,890,0,P,P,0.00,released,RELEASED
2026-05-21 19:06:54.503,36.0574,,slider,1,0,351.32,-65.68,-89.40,ACTIVE,NONE,900,0,P,P,0.00,released,RELEASED
2026-05-21 19:06:54.902,36.4572,,slider,1,0,351.32,6.32,-17.90,ACTIVE,NONE,910,0,P,P,0.00,released,RELEASED
2026-05-21 19:06:55.305,36.8602,,slider,1,0,166.28,78.32,54.10,ACTIVE,NONE,920,0,P,P,0.00,released,RELEASED
2026-05-21 19:06:55.692,37.2470,,slider,1,0,351.32,147.32,124.30,ACTIVE,NONE,930,0,P,P,0.00,released,RELEASED
2026-05-21 19:06:56.093,37.6474,,slider,1,0,351.32,219.32,196.90,ACTIVE,NONE,940,0,P,P,0.00,released,RELEASED
2026-05-21 19:06:56.492,38.0471,,slider,1,0,355.64,291.32,269.00,ACTIVE,NONE,950,0,P,P,0.00,released,RELEASED
2026-05-21 19:06:56.893,38.4477,,slider,1,0,351.32,353.98,340.20,ACTIVE,NONE,960,0,P,P,0.00,released,RELEASED
2026-05-21 19:06:57.293,38.8474,,slider,1,0,46.57,350.13,352.90,ACTIVE,NONE,970,0,P,P,0.00,released,RELEASED
2026-05-21 19:06:57.694,39.2484,,slider,1,0,20.55,278.13,305.60,ACTIVE,NONE,980,0,P,P,0.00,released,RELEASED
2026-05-21 19:06:58.093,39.6476,,slider,1,0,11.70,206.13,229.90,ACTIVE,NONE,990,0,P,P,0.00,released,RELEASED
2026-05-21 19:06:58.494,40.0484,,slider,1,0,0.00,134.13,156.50,ACTIVE,NONE,1000,0,P,P,0.00,released,RELEASED
2026-05-21 19:06:58.900,40.4551,,slider,1,0,-16.11,65.13,86.40,ACTIVE,NONE,1010,0,P,P,0.00,released,RELEASED
2026-05-21 19:06:59.300,40.8545,,slider,1,0,-40.28,-6.87,15.30,ACTIVE,NONE,1020,0,P,P,0.00,released,RELEASED
2026-05-21 19:06:59.704,41.2589,,slider,1,0,-61.22,-51.76,-42.00,ACTIVE,NONE,1030,0,P,P,0.00,released,RELEASED
2026-05-21 19:07:00.104,41.6589,,slider,1,0,-89.53,-79.94,-69.80,ACTIVE,NONE,1040,0,P,P,0.00,released,RELEASED
2026-05-21 19:07:00.504,42.0589,,slider,1,0,-95.23,-98.73,-95.40,ACTIVE,NONE,1050,0,P,P,0.00,released,RELEASED
2026-05-21 19:07:00.904,42.4590,,slider,1,0,-71.46,-74.45,-80.70,ACTIVE,NONE,1060,0,P,P,0.00,released,RELEASED
2026-05-21 19:07:01.304,42.8590,,slider,1,0,-38.73,-61.83,-70.10,ACTIVE,NONE,1070,0,P,P,0.00,released,RELEASED
2026-05-21 19:07:01.690,43.2452,,slider,1,0,-8.77,-19.98,-32.50,ACTIVE,NONE,1080,0,P,P,0.00,released,RELEASED
2026-05-21 19:07:02.090,43.6450,,slider,1,0,19.07,3.22,-4.50,ACTIVE,NONE,1090,0,P,P,0.00,released,RELEASED
2026-05-21 19:07:02.494,44.0485,,slider,1,0,48.16,42.72,32.10,ACTIVE,NONE,1100,0,P,P,0.00,released,RELEASED
2026-05-21 19:07:02.894,44.4486,,slider,1,0,0.00,10.07,25.70,ACTIVE,NONE,1110,0,P,P,0.00,released,RELEASED
2026-05-21 19:07:03.294,44.8485,,slider,1,0,-51.37,-37.56,-18.60,ACTIVE,NONE,1120,0,P,P,0.00,released,RELEASED
2026-05-21 19:07:03.694,45.2486,,slider,1,0,0.00,-35.87,-50.40,ACTIVE,NONE,1130,0,P,P,0.00,released,RELEASED
2026-05-21 19:07:04.099,45.6539,,slider,1,0,26.53,20.27,4.30,ACTIVE,NONE,1140,0,P,P,0.00,released,RELEASED
2026-05-21 19:07:04.499,46.0535,,slider,1,0,51.37,46.51,35.90,ACTIVE,NONE,1150,0,P,P,0.00,released,RELEASED
2026-05-21 19:07:04.899,46.4538,,slider,1,0,0.00,11.36,28.30,ACTIVE,NONE,1160,0,P,P,0.00,released,RELEASED
2026-05-21 19:07:05.303,46.8573,,slider,1,0,-32.58,-15.57,-0.90,ACTIVE,NONE,1170,0,P,P,0.00,released,RELEASED
2026-05-21 19:07:05.703,47.2574,,slider,1,0,-69.72,-53.55,-38.70,ACTIVE,NONE,1180,0,P,P,0.00,released,RELEASED
2026-05-21 19:07:06.106,47.6608,,slider,1,0,-144.17,-108.58,-86.40,ACTIVE,NONE,1190,0,P,P,0.00,released,RELEASED
2026-05-21 19:07:06.491,48.0459,,slider,1,0,0.00,-75.58,-97.40,ACTIVE,NONE,1200,0,P,P,0.00,released,RELEASED
2026-05-21 19:07:06.890,48.4452,,slider,1,0,0.00,-3.58,-28.20,ACTIVE,NONE,1210,0,P,P,0.00,released,RELEASED
2026-05-21 19:07:07.291,48.8452,,slider,1,0,0.00,-0.04,-1.70,ACTIVE,NONE,1220,0,P,P,0.00,released,RELEASED
2026-05-21 19:07:07.691,49.2453,,slider,1,0,0.00,-0.00,0.00,ACTIVE,NONE,1230,0,P,P,0.00,released,RELEASED
2026-05-21 19:07:08.091,49.6453,,slider,1,0,0.00,-0.00,0.10,ACTIVE,NONE,1240,0,P,P,0.00,released,RELEASED
2026-05-21 19:07:08.491,50.0454,,slider,1,0,0.00,-0.00,0.10,ACTIVE,NONE,1250,0,P,P,0.00,released,RELEASED
2026-05-21 19:07:08.891,50.4454,,slider,1,0,0.00,-0.00,0.10,ACTIVE,NONE,1260,0,P,P,0.00,released,RELEASED
2026-05-21 19:07:09.291,50.8456,,slider,1,0,0.00,-0.00,0.00,ACTIVE,NONE,1270,0,P,P,0.00,released,RELEASED
2026-05-21 19:07:09.695,51.2502,,slider,1,0,-360.00,-30.86,-9.50,ACTIVE,NONE,1280,0,P,P,0.00,released,RELEASED
2026-05-21 19:07:10.096,51.6504,,slider,1,0,-222.75,-102.86,-75.70,ACTIVE,NONE,1290,0,P,P,0.00,released,RELEASED
2026-05-21 19:07:10.496,52.0504,,slider,1,0,-355.64,-174.86,-152.00,ACTIVE,NONE,1300,0,P,P,0.00,released,RELEASED
2026-05-21 19:07:10.895,52.4502,,slider,1,0,-351.35,-246.86,-225.00,ACTIVE,NONE,1310,0,P,P,0.00,released,RELEASED
2026-05-21 19:07:11.296,52.8504,,slider,1,0,-322.28,-318.86,-296.80,ACTIVE,NONE,1320,0,P,P,0.00,released,RELEASED
2026-05-21 19:07:11.696,53.2503,,slider,1,0,351.35,-258.86,-284.30,ACTIVE,NONE,1330,0,P,P,0.00,released,RELEASED
2026-05-21 19:07:12.096,53.6503,,slider,1,0,355.66,-186.86,-211.20,ACTIVE,NONE,1340,0,P,P,0.00,released,RELEASED
2026-05-21 19:07:12.496,54.0505,,slider,1,0,355.66,-114.86,-137.50,ACTIVE,NONE,1350,0,P,P,0.00,released,RELEASED
2026-05-21 19:07:12.897,54.4518,,slider,1,0,355.66,-42.86,-65.50,ACTIVE,NONE,1360,0,P,P,0.00,released,RELEASED
2026-05-21 19:07:13.301,54.8560,,slider,1,0,355.66,29.14,4.30,ACTIVE,NONE,1370,0,P,P,0.00,released,RELEASED
2026-05-21 19:07:13.701,55.2560,,slider,1,0,355.66,101.14,75.90,ACTIVE,NONE,1380,0,P,P,0.00,released,RELEASED
2026-05-21 19:07:14.102,55.6566,,slider,1,0,355.66,173.14,148.80,ACTIVE,NONE,1390,0,P,P,0.00,released,RELEASED
2026-05-21 19:07:14.502,56.0569,,slider,1,0,351.35,245.14,221.40,ACTIVE,NONE,1400,0,P,P,0.00,released,RELEASED
2026-05-21 19:07:14.902,56.4568,,slider,1,0,355.66,317.14,293.20,ACTIVE,NONE,1410,0,P,P,0.00,released,RELEASED
2026-05-21 19:07:15.302,56.8565,,slider,1,0,351.35,352.84,348.50,ACTIVE,NONE,1420,0,P,P,0.00,released,RELEASED
2026-05-21 19:07:15.702,57.2567,,slider,1,0,-36.28,329.27,350.20,ACTIVE,NONE,1430,0,P,P,0.00,released,RELEASED
2026-05-21 19:07:16.088,57.6429,,slider,1,0,-360.00,260.27,285.90,ACTIVE,NONE,1440,0,P,P,0.00,released,RELEASED
2026-05-21 19:07:16.488,58.0430,,slider,1,0,-355.66,188.27,210.30,ACTIVE,NONE,1450,0,P,P,0.00,released,RELEASED
2026-05-21 19:07:16.907,58.4619,,slider,1,0,-351.35,113.27,137.30,ACTIVE,NONE,1460,0,P,P,0.00,released,RELEASED
2026-05-21 19:07:17.288,58.8431,,slider,1,0,-355.66,44.27,65.90,ACTIVE,NONE,1470,0,P,P,0.00,released,RELEASED
2026-05-21 19:07:17.693,59.2474,,slider,1,0,-355.66,-27.73,-5.90,ACTIVE,NONE,1480,0,P,P,0.00,released,RELEASED
2026-05-21 19:07:18.098,59.6530,,slider,1,0,-351.35,-99.73,-76.50,ACTIVE,NONE,1490,0,P,P,0.00,released,RELEASED
2026-05-21 19:07:18.501,60.0554,,slider,1,0,-355.66,-171.73,-148.00,ACTIVE,NONE,1500,0,P,P,0.00,released,RELEASED
2026-05-21 19:07:18.901,60.4555,,slider,1,0,-355.66,-243.73,-220.70,ACTIVE,NONE,1510,0,P,P,0.00,released,RELEASED
2026-05-21 19:07:19.301,60.8558,,slider,1,0,-355.66,-315.73,-292.10,ACTIVE,NONE,1520,0,P,P,0.00,released,RELEASED
2026-05-21 19:07:19.701,61.2559,,slider,1,0,-351.35,-354.83,-349.50,ACTIVE,NONE,1530,0,P,P,0.00,released,RELEASED
2026-05-21 19:07:20.101,61.6557,,slider,1,0,-151.85,-340.50,-353.70,ACTIVE,NONE,1540,0,P,P,0.00,released,RELEASED
2026-05-21 19:07:20.505,62.0594,,slider,1,0,0.00,-268.50,-297.00,ACTIVE,NONE,1550,0,P,P,0.00,released,RELEASED
2026-05-21 19:07:20.895,62.4496,,slider,1,0,-171.94,-199.50,-222.40,ACTIVE,NONE,1560,0,P,P,0.00,released,RELEASED
2026-05-21 19:07:21.295,62.8496,,slider,1,0,-217.01,-183.62,-177.80,ACTIVE,NONE,1570,0,P,P,0.00,released,RELEASED
2026-05-21 19:07:21.695,63.2497,,slider,1,0,-193.62,-243.62,-228.90,ACTIVE,NONE,1580,0,P,P,0.00,released,RELEASED
2026-05-21 19:07:22.100,63.6552,,slider,1,0,-193.62,-195.22,-205.00,ACTIVE,NONE,1590,0,P,P,0.00,released,RELEASED
2026-05-21 19:07:22.501,64.0558,,slider,1,0,-185.30,-192.56,-195.30,ACTIVE,NONE,1600,0,P,P,0.00,released,RELEASED
2026-05-21 19:07:22.901,64.4555,,slider,1,0,-56.86,-143.76,-165.30,ACTIVE,NONE,1610,0,P,P,0.00,released,RELEASED
2026-05-21 19:07:23.301,64.8555,,slider,1,0,-56.86,-71.76,-94.90,ACTIVE,NONE,1620,0,P,P,0.00,released,RELEASED
2026-05-21 19:07:23.701,65.2556,,slider,1,0,-90.11,-78.20,-65.80,ACTIVE,NONE,1630,0,P,P,0.00,released,RELEASED
2026-05-21 19:07:24.105,65.6602,,slider,1,0,-72.06,-81.41,-82.00,ACTIVE,NONE,1640,0,P,P,0.00,released,RELEASED
2026-05-21 19:07:24.488,66.0424,,slider,1,0,-30.20,-39.39,-53.90,ACTIVE,NONE,1650,0,P,P,0.00,released,RELEASED
2026-05-21 19:07:24.906,66.4605,,slider,1,0,-25.69,-24.59,-27.80,ACTIVE,NONE,1660,0,P,P,0.00,released,RELEASED
2026-05-21 19:07:25.306,66.8606,,slider,1,0,-16.79,-23.75,-25.20,ACTIVE,NONE,1670,0,P,P,0.00,released,RELEASED
2026-05-21 19:07:25.706,67.2609,,slider,1,0,0.00,-9.76,-13.70,ACTIVE,NONE,1680,0,P,P,0.00,released,RELEASED
2026-05-21 19:07:26.106,67.6609,,slider,1,0,0.00,-0.53,-2.00,ACTIVE,NONE,1690,0,P,P,0.00,released,RELEASED
2026-05-21 19:07:26.506,68.0608,,slider,1,0,19.74,14.48,8.40,ACTIVE,NONE,1700,0,P,P,0.00,released,RELEASED
2026-05-21 19:07:26.888,68.4427,,slider,1,0,34.75,28.77,24.10,ACTIVE,NONE,1710,0,P,P,0.00,released,RELEASED
2026-05-21 19:07:27.288,68.8426,,slider,1,0,53.60,44.90,38.80,ACTIVE,NONE,1720,0,P,P,0.00,released,RELEASED
2026-05-21 19:07:27.687,69.2422,,slider,1,0,82.73,74.01,65.90,ACTIVE,NONE,1730,0,P,P,0.00,released,RELEASED
2026-05-21 19:07:28.106,69.6609,,slider,1,0,92.00,92.41,86.90,ACTIVE,NONE,1740,0,P,P,0.00,released,RELEASED
2026-05-21 19:07:28.489,70.0435,,slider,1,0,13.86,27.87,53.30,ACTIVE,NONE,1750,0,P,P,0.00,released,RELEASED
2026-05-21 19:07:28.906,70.4611,,slider,1,0,0.00,2.84,11.60,ACTIVE,NONE,1760,0,P,P,0.00,released,RELEASED
2026-05-21 19:07:29.297,70.8518,,slider,1,0,-28.69,-19.19,-10.80,ACTIVE,NONE,1770,0,P,P,0.00,released,RELEASED
2026-05-21 19:07:29.697,71.2522,,slider,1,0,-44.04,-39.04,-32.70,ACTIVE,NONE,1780,0,P,P,0.00,released,RELEASED
2026-05-21 19:07:30.098,71.6524,,slider,1,0,-61.83,-56.56,-50.80,ACTIVE,NONE,1790,0,P,P,0.00,released,RELEASED
2026-05-21 19:07:30.498,72.0523,,slider,1,0,-73.80,-72.35,-68.20,ACTIVE,NONE,1800,0,P,P,0.00,released,RELEASED
2026-05-21 19:07:30.897,72.4522,,slider,1,0,-53.60,-73.78,-78.60,ACTIVE,NONE,1810,0,P,P,0.00,released,RELEASED
2026-05-21 19:07:31.297,72.8522,,slider,1,0,-9.47,-21.86,-40.30,ACTIVE,NONE,1820,0,P,P,0.00,released,RELEASED
2026-05-21 19:07:31.697,73.2522,,slider,1,0,8.01,1.38,-6.70,ACTIVE,NONE,1830,0,P,P,0.00,released,RELEASED
2026-05-21 19:07:32.103,73.6577,,slider,1,0,19.74,15.86,11.00,ACTIVE,NONE,1840,0,P,P,0.00,released,RELEASED
2026-05-21 19:07:32.503,74.0575,,slider,1,0,21.22,20.98,20.40,ACTIVE,NONE,1850,0,P,P,0.00,released,RELEASED
2026-05-21 19:07:32.903,74.4577,,slider,1,0,34.75,29.58,25.10,ACTIVE,NONE,1860,0,P,P,0.00,released,RELEASED
2026-05-21 19:07:33.303,74.8577,,slider,1,0,51.99,51.28,45.40,ACTIVE,NONE,1870,0,P,P,0.00,released,RELEASED
2026-05-21 19:07:33.703,75.2576,,slider,1,0,47.19,47.24,50.30,ACTIVE,NONE,1880,0,P,P,0.00,released,RELEASED
2026-05-21 19:07:34.103,75.6576,,slider,1,0,80.92,68.82,55.10,ACTIVE,NONE,1890,0,P,P,0.00,released,RELEASED
2026-05-21 19:07:34.503,76.0575,,slider,1,0,120.07,114.77,101.60,ACTIVE,NONE,1900,0,P,P,0.00,released,RELEASED
2026-05-21 19:07:34.903,76.4577,,slider,1,0,105.62,106.78,110.80,ACTIVE,NONE,1910,0,P,P,0.00,released,RELEASED
2026-05-21 19:07:35.303,76.8577,,slider,1,0,171.94,147.53,123.40,ACTIVE,NONE,1920,0,P,P,0.00,released,RELEASED
2026-05-21 19:07:35.703,77.2578,,slider,1,0,164.23,170.20,167.60,ACTIVE,NONE,1930,0,P,P,0.00,released,RELEASED
2026-05-21 19:07:36.103,77.6577,,slider,1,0,99.68,146.86,164.80,ACTIVE,NONE,1940,0,P,P,0.00,released,RELEASED
2026-05-21 19:07:36.503,78.0580,,slider,1,0,55.23,74.86,104.00,ACTIVE,NONE,1950,0,P,P,0.00,released,RELEASED
2026-05-21 19:07:36.889,78.4442,,slider,1,0,28.69,50.30,60.50,ACTIVE,NONE,1960,0,P,P,0.00,released,RELEASED
2026-05-21 19:07:37.291,78.8454,,slider,1,0,-12.39,-0.44,12.10,ACTIVE,NONE,1970,0,P,P,0.00,released,RELEASED
2026-05-21 19:07:37.691,79.2456,,slider,1,0,0.00,-8.33,-17.30,ACTIVE,NONE,1980,0,P,P,0.00,released,RELEASED
2026-05-21 19:07:38.096,79.6510,,slider,1,0,0.00,-0.41,-3.20,ACTIVE,NONE,1990,0,P,P,0.00,released,RELEASED
2026-05-21 19:07:38.496,80.0511,,slider,1,0,0.00,-0.02,-0.40,ACTIVE,NONE,2000,0,P,P,0.00,released,RELEASED
2026-05-21 19:07:38.896,80.4509,,slider,1,0,0.00,-0.00,-0.10,ACTIVE,NONE,2010,0,P,P,0.00,released,RELEASED
2026-05-21 19:07:39.296,80.8510,,slider,1,0,0.00,-0.00,-0.10,ACTIVE,NONE,2020,0,P,P,0.00,released,RELEASED
2026-05-21 19:07:39.696,81.2509,,slider,1,0,0.00,-0.00,-0.10,ACTIVE,NONE,2030,0,P,P,0.00,released,RELEASED
2026-05-21 19:07:40.096,81.6512,,slider,1,0,0.00,-0.00,-0.10,ACTIVE,NONE,2040,0,P,P,0.00,released,RELEASED
2026-05-21 19:07:40.496,82.0511,,slider,1,0,0.00,-0.00,-0.10,ACTIVE,NONE,2050,0,P,P,0.00,released,RELEASED
2026-05-21 19:07:40.897,82.4515,,slider,1,0,0.00,-0.00,-0.10,ACTIVE,NONE,2060,0,P,P,0.00,released,RELEASED
2026-05-21 19:07:41.297,82.8512,,slider,1,0,0.00,-0.00,-0.10,ACTIVE,NONE,2070,0,P,P,0.00,released,RELEASED
2026-05-21 19:07:41.697,83.2517,,slider,1,0,0.00,-0.00,-0.10,ACTIVE,NONE,2080,0,P,P,0.00,released,RELEASED
2026-05-21 19:07:42.097,83.6514,,slider,1,0,0.00,-0.00,-0.10,ACTIVE,NONE,2090,0,P,P,0.00,released,RELEASED
2026-05-21 19:07:42.497,84.0517,,slider,1,0,0.00,-0.00,0.00,ACTIVE,NONE,2100,0,P,P,0.00,released,RELEASED
2026-05-21 19:07:42.897,84.4515,,slider,1,0,0.00,-0.00,0.00,ACTIVE,NONE,2110,0,P,P,0.00,released,RELEASED
2026-05-21 19:07:43.297,84.8515,,slider,1,0,0.00,-0.00,0.00,ACTIVE,NONE,2120,0,P,P,0.00,released,RELEASED
2026-05-21 19:07:43.697,85.2520,,slider,1,0,0.00,-0.00,0.00,ACTIVE,NONE,2130,0,P,P,0.00,released,RELEASED
2026-05-21 19:07:44.097,85.6519,,slider,1,0,0.00,-0.00,0.00,ACTIVE,NONE,2140,0,P,P,0.00,released,RELEASED
2026-05-21 19:07:44.497,86.0518,,slider,1,0,0.00,-0.00,0.00,ACTIVE,NONE,2150,0,P,P,0.00,released,RELEASED
2026-05-21 19:07:44.897,86.4516,,slider,1,0,0.00,-0.00,0.00,ACTIVE,NONE,2160,0,P,P,0.00,released,RELEASED
2026-05-21 19:07:45.297,86.8519,,slider,1,0,0.00,-0.00,0.00,ACTIVE,NONE,2170,0,P,P,0.00,released,RELEASED
2026-05-21 19:07:45.697,87.2520,,slider,1,0,0.00,-0.00,0.00,ACTIVE,NONE,2180,0,P,P,0.00,released,RELEASED
2026-05-21 19:07:46.097,87.6522,,slider,1,0,0.00,-0.00,0.00,ACTIVE,NONE,2190,0,P,P,0.00,released,RELEASED
2026-05-21 19:07:46.497,88.0521,,slider,1,0,0.00,-0.00,0.00,ACTIVE,NONE,2200,0,P,P,0.00,released,RELEASED
2026-05-21 19:07:46.897,88.4519,,slider,1,0,0.00,-0.00,0.00,ACTIVE,NONE,2210,0,P,P,0.00,released,RELEASED
2026-05-21 19:07:47.297,88.8519,,slider,1,0,0.00,-0.00,0.00,ACTIVE,NONE,2220,0,P,P,0.00,released,RELEASED
2026-05-21 19:07:47.697,89.2518,,slider,1,0,0.00,-0.00,0.00,ACTIVE,NONE,2230,0,P,P,0.00,released,RELEASED
2026-05-21 19:07:48.097,89.6518,,slider,1,0,0.00,-0.00,0.00,ACTIVE,NONE,2240,0,P,P,0.00,released,RELEASED
2026-05-21 19:07:48.497,90.0520,,slider,1,0,0.00,-0.00,0.00,ACTIVE,NONE,2250,0,P,P,0.00,released,RELEASED
2026-05-21 19:07:48.897,90.4519,,slider,1,0,0.00,-0.00,0.00,ACTIVE,NONE,2260,0,P,P,0.00,released,RELEASED
2026-05-21 19:07:49.298,90.8525,,slider,1,0,0.00,-0.00,0.00,ACTIVE,NONE,2270,0,P,P,0.00,released,RELEASED
2026-05-21 19:07:49.697,91.2522,,slider,1,0,0.00,-0.00,0.00,ACTIVE,NONE,2280,0,P,P,0.00,released,RELEASED
2026-05-21 19:07:50.097,91.6521,,slider,1,0,0.00,-0.00,0.00,ACTIVE,NONE,2290,0,P,P,0.00,released,RELEASED
2026-05-21 19:07:50.498,92.0531,,slider,1,0,0.00,-0.00,0.00,ACTIVE,NONE,2300,0,P,P,0.00,released,RELEASED
2026-05-21 19:07:50.898,92.4529,,slider,1,0,0.00,-0.00,0.00,ACTIVE,NONE,2310,0,P,P,0.00,released,RELEASED
2026-05-21 19:07:51.298,92.8524,,slider,1,0,0.00,-0.00,0.00,ACTIVE,NONE,2320,0,P,P,0.00,released,RELEASED
2026-05-21 19:07:51.698,93.2524,,slider,1,0,0.00,-0.00,0.00,ACTIVE,NONE,2330,0,P,P,0.00,released,RELEASED
2026-05-21 19:07:52.098,93.6525,,slider,1,0,0.00,-0.00,0.00,ACTIVE,NONE,2340,0,P,P,0.00,released,RELEASED
2026-05-21 19:07:52.498,94.0525,,slider,1,0,0.00,-0.00,0.00,ACTIVE,NONE,2350,0,P,P,0.00,released,RELEASED
2026-05-21 19:07:52.898,94.4525,,slider,1,0,0.00,-0.00,0.00,ACTIVE,NONE,2360,0,P,P,0.00,released,RELEASED
2026-05-21 19:07:53.298,94.8523,,slider,1,0,0.00,-0.00,0.00,ACTIVE,NONE,2370,0,P,P,0.00,released,RELEASED
2026-05-21 19:07:53.698,95.2526,,slider,1,0,0.00,-0.00,0.10,ACTIVE,NONE,2380,0,P,P,0.00,released,RELEASED
2026-05-21 19:07:54.098,95.6525,,slider,1,0,0.00,-0.00,0.30,ACTIVE,NONE,2390,0,P,P,0.00,released,RELEASED
2026-05-21 19:07:54.498,96.0528,,slider,1,0,0.00,-0.00,3.40,ACTIVE,NONE,2400,0,P,P,0.00,released,RELEASED
2026-05-21 19:07:54.898,96.4527,,slider,1,0,0.00,-0.00,-5.20,ACTIVE,NONE,2410,0,P,P,0.00,released,RELEASED
2026-05-21 19:07:55.298,96.8526,,slider,1,0,0.00,-0.00,-2.00,ACTIVE,NONE,2420,0,P,P,0.00,released,RELEASED
2026-05-21 19:07:55.698,97.2525,,slider,1,0,0.00,-0.00,-0.30,ACTIVE,NONE,2430,0,P,P,0.00,PRESSED,FAULT
2026-05-21 19:07:56.097,97.6522,,slider,1,0,0.00,-0.00,0.00,ACTIVE,NONE,2440,0,P,P,0.00,PRESSED,FAULT
2026-05-21 19:07:56.499,98.0534,,slider,1,0,0.00,-0.00,0.00,ACTIVE,NONE,2450,0,P,P,0.00,PRESSED,FAULT
2026-05-21 19:07:56.898,98.4529,,slider,1,0,0.00,-0.00,0.00,ACTIVE,NONE,2460,0,P,P,0.00,PRESSED,FAULT
2026-05-21 19:07:57.298,98.8531,,slider,1,0,0.00,-0.00,0.00,ACTIVE,NONE,2470,0,P,P,0.00,PRESSED,FAULT
2026-05-21 19:07:57.698,99.2532,,slider,1,0,0.00,-0.00,0.00,ACTIVE,NONE,2480,0,P,P,0.00,PRESSED,FAULT
2026-05-21 19:07:58.098,99.6528,,slider,1,0,0.00,-0.00,0.00,ACTIVE,NONE,2490,0,P,P,0.00,PRESSED,FAULT
2026-05-21 19:07:58.499,100.0536,,slider,1,0,0.00,-0.00,0.00,ACTIVE,NONE,2500,0,P,P,0.00,PRESSED,FAULT
2026-05-21 19:07:58.898,100.4528,,slider,1,0,0.00,-0.00,0.00,ACTIVE,NONE,2510,0,P,P,0.00,PRESSED,FAULT
2026-05-21 19:07:59.298,100.8529,,slider,1,0,0.00,-0.00,0.00,ACTIVE,NONE,2520,0,P,P,0.00,PRESSED,FAULT
2026-05-21 19:07:59.698,101.2528,,slider,1,0,0.00,-0.00,0.00,ACTIVE,NONE,2530,0,P,P,0.00,PRESSED,FAULT
2026-05-21 19:08:00.098,101.6530,,slider,1,0,0.00,-0.00,0.00,ACTIVE,NONE,2540,0,P,P,0.00,PRESSED,FAULT
2026-05-21 19:08:00.498,102.0528,,slider,1,0,0.00,-0.00,0.00,ACTIVE,NONE,2550,0,P,P,0.00,PRESSED,FAULT
2026-05-21 19:08:00.899,102.4533,,slider,1,0,0.00,-0.00,0.00,ACTIVE,NONE,2560,0,P,P,0.00,PRESSED,FAULT
2026-05-21 19:08:01.298,102.8532,,slider,1,0,0.00,-0.00,0.00,ACTIVE,NONE,2570,0,P,P,0.00,PRESSED,FAULT
2026-05-21 19:08:01.699,103.2537,,slider,1,0,0.00,-0.00,0.00,ACTIVE,NONE,2580,0,P,P,0.00,PRESSED,FAULT
2026-05-21 19:08:02.098,103.6532,,slider,1,0,0.00,-0.00,0.00,ACTIVE,NONE,2590,0,P,P,0.00,PRESSED,FAULT
2026-05-21 19:08:02.499,104.0535,,slider,1,0,0.00,-0.00,0.00,ACTIVE,NONE,2600,0,P,P,0.00,PRESSED,FAULT
2026-05-21 19:08:02.899,104.4534,,slider,1,0,0.00,-0.00,0.00,ACTIVE,NONE,2610,0,P,P,0.00,PRESSED,FAULT
2026-05-21 19:08:03.299,104.8534,,slider,1,0,0.00,-0.00,0.00,ACTIVE,NONE,2620,0,P,P,0.00,PRESSED,FAULT
2026-05-21 19:08:03.699,105.2533,,slider,1,0,0.00,-0.00,0.00,ACTIVE,NONE,2630,0,P,P,0.00,PRESSED,FAULT
2026-05-21 19:08:04.099,105.6534,,slider,1,0,0.00,-0.00,0.00,ACTIVE,NONE,2640,0,P,P,0.00,PRESSED,FAULT
2026-05-21 19:08:04.499,106.0537,,slider,1,0,0.00,-0.00,0.00,ACTIVE,NONE,2650,0,P,P,0.00,PRESSED,FAULT
2026-05-21 19:08:04.899,106.4536,,slider,1,0,0.00,-0.00,0.00,ACTIVE,NONE,2660,0,P,P,0.00,PRESSED,FAULT
2026-05-21 19:08:05.299,106.8537,,slider,1,0,0.00,-0.00,0.00,ACTIVE,NONE,2670,0,P,P,0.00,PRESSED,FAULT
2026-05-21 19:08:05.699,107.2540,,slider,1,0,0.00,-0.00,0.00,ACTIVE,NONE,2680,0,P,P,0.00,PRESSED,FAULT
2026-05-21 19:08:06.099,107.6536,,slider,1,0,0.00,-0.00,0.00,ACTIVE,NONE,2690,0,P,P,0.00,PRESSED,FAULT
2026-05-21 19:08:06.499,108.0534,,slider,1,0,0.00,-0.00,0.00,ACTIVE,NONE,2700,0,P,P,0.00,PRESSED,FAULT
2026-05-21 19:08:06.899,108.4537,,slider,1,0,0.00,-0.00,0.00,ACTIVE,NONE,2710,0,P,P,0.00,PRESSED,FAULT
2026-05-21 19:08:07.299,108.8538,,slider,1,0,0.00,-0.00,0.00,ACTIVE,NONE,2720,0,P,P,0.00,PRESSED,FAULT
2026-05-21 19:08:07.699,109.2537,,slider,1,0,0.00,-0.00,0.00,ACTIVE,NONE,2730,0,P,P,0.00,PRESSED,FAULT
2026-05-21 19:08:08.099,109.6537,,slider,1,0,0.00,-0.00,0.00,ACTIVE,NONE,2740,0,P,P,0.00,PRESSED,FAULT
2026-05-21 19:08:08.499,110.0540,,slider,1,0,0.00,-0.00,0.00,ACTIVE,NONE,2750,0,P,P,0.00,PRESSED,FAULT
2026-05-21 19:08:08.899,110.4536,,slider,1,0,0.00,-0.00,0.00,ACTIVE,NONE,2760,0,P,P,0.00,PRESSED,FAULT
2026-05-21 19:08:09.299,110.8537,,slider,1,0,0.00,-0.00,0.00,ACTIVE,NONE,2770,0,P,P,0.00,PRESSED,FAULT
2026-05-21 19:08:09.699,111.2536,,slider,1,0,0.00,-0.00,0.00,ACTIVE,NONE,2780,0,P,P,0.00,PRESSED,FAULT
2026-05-21 19:08:10.099,111.6541,,slider,1,0,0.00,-0.00,0.00,ACTIVE,NONE,2790,0,P,P,0.00,PRESSED,FAULT
2026-05-21 19:08:10.499,112.0539,,slider,1,0,0.00,-0.00,0.00,ACTIVE,NONE,2800,0,P,P,0.00,PRESSED,FAULT
2026-05-21 19:08:10.899,112.4541,,slider,1,0,0.00,-0.00,0.00,ACTIVE,NONE,2810,0,P,P,0.00,PRESSED,FAULT
2026-05-21 19:08:11.299,112.8539,,slider,1,0,0.00,-0.00,0.00,ACTIVE,NONE,2820,0,P,P,0.00,PRESSED,FAULT
2026-05-21 19:08:11.699,113.2539,,slider,1,0,0.00,-0.00,0.00,ACTIVE,NONE,2830,0,P,P,0.00,PRESSED,FAULT
2026-05-21 19:08:12.099,113.6539,,slider,1,0,0.00,-0.00,0.00,ACTIVE,NONE,2840,0,P,P,0.00,PRESSED,FAULT
2026-05-21 19:08:12.499,114.0539,,slider,1,0,0.00,-0.00,0.00,ACTIVE,NONE,2850,0,P,P,0.00,PRESSED,FAULT
2026-05-21 19:08:12.899,114.4539,,slider,1,0,0.00,-0.00,0.00,ACTIVE,NONE,2860,0,P,P,0.00,PRESSED,FAULT
2026-05-21 19:08:13.299,114.8540,,slider,1,0,0.00,-0.00,0.00,ACTIVE,NONE,2870,0,P,P,0.00,PRESSED,FAULT
2026-05-21 19:08:13.699,115.2541,,slider,1,0,0.00,-0.00,0.00,ACTIVE,NONE,2880,0,P,P,0.00,PRESSED,FAULT
2026-05-21 19:08:14.099,115.6541,,slider,1,0,0.00,-0.00,0.00,ACTIVE,NONE,2890,0,P,P,0.00,PRESSED,FAULT
2026-05-21 19:08:14.499,116.0541,,slider,1,0,0.00,-0.00,0.00,ACTIVE,NONE,2900,0,P,P,0.00,PRESSED,FAULT
2026-05-21 19:08:14.899,116.4542,,slider,1,0,0.00,-0.00,0.00,ACTIVE,NONE,2910,0,P,P,0.00,PRESSED,FAULT
2026-05-21 19:08:15.299,116.8540,,slider,1,0,0.00,-0.00,0.00,ACTIVE,NONE,2920,0,P,P,0.00,PRESSED,FAULT
2026-05-21 19:08:15.699,117.2542,,slider,1,0,0.00,-0.00,0.00,ACTIVE,NONE,2930,0,P,P,0.00,PRESSED,FAULT
2026-05-21 19:08:16.100,117.6544,,slider,1,0,0.00,-0.00,0.00,ACTIVE,NONE,2940,0,P,P,0.00,PRESSED,FAULT
2026-05-21 19:08:16.499,118.0542,,slider,1,0,0.00,-0.00,0.00,ACTIVE,NONE,2950,0,P,P,0.00,PRESSED,FAULT
2026-05-21 19:08:16.900,118.4542,,slider,1,0,0.00,-0.00,0.00,ACTIVE,NONE,2960,0,P,P,0.00,PRESSED,FAULT
2026-05-21 19:08:17.299,118.8542,,slider,1,0,0.00,-0.00,0.00,ACTIVE,NONE,2970,0,P,P,0.00,PRESSED,FAULT
2026-05-21 19:08:17.700,119.2544,,slider,1,0,0.00,-0.00,0.00,ACTIVE,NONE,2980,0,P,P,0.00,PRESSED,FAULT
2026-05-21 19:08:18.100,119.6543,,slider,1,0,0.00,-0.00,0.00,ACTIVE,NONE,2990,0,P,P,0.00,PRESSED,FAULT
2026-05-21 19:08:18.500,120.0544,,slider,1,0,0.00,-0.00,0.00,ACTIVE,NONE,3000,0,P,P,0.00,PRESSED,FAULT
2026-05-21 19:08:18.900,120.4544,,slider,1,0,0.00,-0.00,0.00,ACTIVE,NONE,3010,0,P,P,0.00,PRESSED,FAULT
2026-05-21 19:08:19.300,120.8544,,slider,1,0,0.00,-0.00,0.00,ACTIVE,NONE,3020,0,P,P,0.00,PRESSED,FAULT
2026-05-21 19:08:19.700,121.2545,,slider,1,0,0.00,-0.00,0.00,ACTIVE,NONE,3030,0,P,P,0.00,PRESSED,FAULT
2026-05-21 19:08:20.100,121.6545,,slider,1,0,0.00,-0.00,0.00,ACTIVE,NONE,3040,0,P,P,0.00,PRESSED,FAULT
2026-05-21 19:08:20.500,122.0545,,slider,1,0,0.00,-0.00,0.00,ACTIVE,NONE,3050,0,P,P,0.00,PRESSED,FAULT
2026-05-21 19:08:20.900,122.4546,,slider,1,0,0.00,-0.00,0.00,ACTIVE,NONE,3060,0,P,P,0.00,PRESSED,FAULT
2026-05-21 19:08:21.300,122.8546,,slider,1,0,0.00,-0.00,0.00,ACTIVE,NONE,3070,0,P,P,0.00,PRESSED,FAULT
2026-05-21 19:08:21.700,123.2546,,slider,1,0,0.00,-0.00,0.00,ACTIVE,NONE,3080,0,P,P,0.00,PRESSED,FAULT
2026-05-21 19:08:22.100,123.6544,,slider,1,0,0.00,-0.00,0.00,ACTIVE,NONE,3090,0,P,P,0.00,PRESSED,FAULT
2026-05-21 19:08:22.500,124.0546,,slider,1,0,0.00,-0.00,0.00,ACTIVE,NONE,3100,0,P,P,0.00,PRESSED,FAULT
2026-05-21 19:08:22.900,124.4546,,slider,1,0,0.00,-0.00,0.00,ACTIVE,NONE,3110,0,P,P,0.00,PRESSED,FAULT
2026-05-21 19:08:23.300,124.8548,,slider,1,0,0.00,-0.00,0.00,ACTIVE,NONE,3120,0,P,P,0.00,PRESSED,FAULT
2026-05-21 19:08:23.700,125.2548,,slider,1,0,0.00,-0.00,0.00,ACTIVE,NONE,3130,0,P,P,0.00,PRESSED,FAULT
2026-05-21 19:08:24.100,125.6548,,slider,1,0,0.00,-0.00,0.00,ACTIVE,NONE,3140,0,P,P,0.00,PRESSED,FAULT
2026-05-21 19:08:24.500,126.0549,,slider,1,0,0.00,-0.00,0.00,ACTIVE,NONE,3150,0,P,P,0.00,PRESSED,FAULT
2026-05-21 19:08:24.900,126.4548,,slider,1,0,0.00,-0.00,0.00,ACTIVE,NONE,3160,0,P,P,0.00,PRESSED,FAULT
2026-05-21 19:08:25.300,126.8547,,slider,1,0,0.00,-0.00,0.00,ACTIVE,NONE,3170,0,P,P,0.00,PRESSED,FAULT
2026-05-21 19:08:25.700,127.2549,,slider,1,0,0.00,-0.00,0.00,ACTIVE,NONE,3180,0,P,P,0.00,PRESSED,FAULT
2026-05-21 19:08:26.100,127.6552,,slider,1,0,0.00,-0.00,0.00,ACTIVE,NONE,3190,0,P,P,0.00,PRESSED,FAULT
2026-05-21 19:08:26.500,128.0551,,slider,1,0,0.00,-0.00,0.00,ACTIVE,NONE,3200,0,P,P,0.00,PRESSED,FAULT
2026-05-21 19:08:26.900,128.4548,,slider,1,0,0.00,-0.00,0.00,ACTIVE,NONE,3210,0,P,P,0.00,PRESSED,FAULT
2026-05-21 19:08:27.300,128.8551,,slider,1,0,0.00,-0.00,0.00,ACTIVE,NONE,3220,0,P,P,0.00,PRESSED,FAULT
2026-05-21 19:08:27.700,129.2551,,slider,1,0,0.00,-0.00,0.00,ACTIVE,NONE,3230,0,P,P,0.00,PRESSED,FAULT
2026-05-21 19:08:28.100,129.6551,,slider,1,0,0.00,-0.00,0.00,ACTIVE,NONE,3240,0,P,P,0.00,PRESSED,FAULT
2026-05-21 19:08:28.500,130.0552,,slider,1,0,0.00,-0.00,0.00,ACTIVE,NONE,3250,0,P,P,0.00,PRESSED,FAULT
2026-05-21 19:08:28.712,130.2667,shift_requested:N,slider,1,0,0.00,-0.00,0.00,ACTIVE,NONE,3255,0,P,P,0.00,PRESSED,FAULT
2026-05-21 19:08:28.736,130.2904,gear_change:N,slider,1,0,0.00,-0.00,0.00,ACTIVE,NONE,3256,0,N,N,0.00,PRESSED,FAULT
2026-05-21 19:08:28.891,130.4458,,slider,1,0,0.00,-0.00,0.00,ACTIVE,NONE,3260,0,N,N,0.00,PRESSED,FAULT
2026-05-21 19:08:29.305,130.8600,,slider,1,0,0.00,-0.00,0.00,ACTIVE,NONE,3270,0,N,N,0.00,PRESSED,FAULT
2026-05-21 19:08:29.705,131.2600,,slider,1,0,0.00,-0.00,0.00,ACTIVE,NONE,3280,0,N,N,0.00,PRESSED,FAULT
2026-05-21 19:08:30.105,131.6600,,slider,1,0,0.00,-0.00,0.00,ACTIVE,NONE,3290,0,N,N,0.00,PRESSED,FAULT
2026-05-21 19:08:30.505,132.0602,,slider,1,0,0.00,-0.00,0.00,ACTIVE,NONE,3300,0,N,N,0.00,PRESSED,FAULT
2026-05-21 19:08:30.905,132.4601,,slider,1,0,0.00,-0.00,0.00,ACTIVE,NONE,3310,0,N,N,0.00,PRESSED,FAULT
2026-05-21 19:08:31.305,132.8602,,slider,1,0,0.00,-0.00,0.00,ACTIVE,NONE,3320,0,N,N,0.00,PRESSED,FAULT
2026-05-21 19:08:31.706,133.2603,,slider,1,0,0.00,-0.00,0.00,ACTIVE,NONE,3330,0,N,N,0.00,PRESSED,FAULT
2026-05-21 19:08:32.105,133.6602,,slider,1,0,0.00,-0.00,0.00,ACTIVE,NONE,3340,0,N,N,0.00,PRESSED,FAULT
2026-05-21 19:08:32.506,134.0603,,slider,1,0,0.00,-0.00,0.00,ACTIVE,NONE,3350,0,N,N,0.00,PRESSED,FAULT
2026-05-21 19:08:32.906,134.4605,,slider,1,0,0.00,-0.00,0.00,ACTIVE,NONE,3360,0,N,N,0.00,PRESSED,FAULT
2026-05-21 19:08:33.119,134.6742,shift_requested:D,slider,1,0,0.00,-0.00,0.00,ACTIVE,NONE,3365,0,N,N,0.00,PRESSED,FAULT
2026-05-21 19:08:33.167,134.7215,gear_change:D,slider,1,0,0.00,-0.00,0.00,ACTIVE,NONE,3366,0,D,D,0.00,PRESSED,FAULT
2026-05-21 19:08:33.293,134.8475,,slider,1,0,0.00,-0.00,0.00,ACTIVE,NONE,3370,0,D,D,0.00,PRESSED,FAULT
2026-05-21 19:08:33.707,135.2614,,slider,1,0,0.00,-0.00,0.00,ACTIVE,NONE,3380,0,D,D,0.00,PRESSED,FAULT
2026-05-21 19:08:34.090,135.6443,,slider,1,0,0.00,-0.00,0.00,ACTIVE,NONE,3390,0,D,D,0.00,PRESSED,FAULT
2026-05-21 19:08:34.507,136.0615,,slider,1,0,0.00,-0.00,0.00,ACTIVE,NONE,3400,0,D,D,0.00,PRESSED,FAULT
2026-05-21 19:08:34.889,136.4437,,slider,1,0,0.00,-0.00,0.00,ACTIVE,NONE,3410,0,D,D,0.00,PRESSED,FAULT
2026-05-21 19:08:35.289,136.8439,,slider,1,0,0.00,-0.00,0.00,ACTIVE,NONE,3420,0,D,D,0.00,PRESSED,FAULT
2026-05-21 19:08:35.690,137.2452,,slider,1,0,0.00,-0.00,0.00,ACTIVE,NONE,3430,0,D,D,0.00,PRESSED,FAULT
2026-05-21 19:08:36.105,137.6592,shift_requested:N,slider,1,0,0.00,-0.00,0.00,ACTIVE,NONE,3439,0,D,D,0.00,PRESSED,FAULT
2026-05-21 19:08:36.107,137.6617,,slider,1,0,0.00,-0.00,0.00,ACTIVE,NONE,3440,0,D,D,0.00,PRESSED,FAULT
2026-05-21 19:08:36.413,137.9674,gear_change:N,slider,1,0,0.00,-0.00,0.00,ACTIVE,NONE,3447,0,N,N,0.00,PRESSED,FAULT
2026-05-21 19:08:36.494,138.0484,,slider,1,0,0.00,-0.00,0.00,ACTIVE,NONE,3450,0,N,N,0.00,PRESSED,FAULT
2026-05-21 19:08:36.549,138.1032,shift_requested:R,slider,1,0,0.00,-0.00,0.00,ACTIVE,NONE,3451,0,N,N,0.00,PRESSED,FAULT
2026-05-21 19:08:36.588,138.1428,gear_change:R,slider,1,0,0.00,-0.00,0.00,ACTIVE,NONE,3452,0,R,R,0.00,PRESSED,FAULT
2026-05-21 19:08:36.894,138.4485,,slider,1,0,0.00,-0.00,0.00,ACTIVE,NONE,3460,0,R,R,0.00,PRESSED,FAULT
2026-05-21 19:08:37.296,138.8507,,slider,1,0,0.00,-0.00,0.00,ACTIVE,NONE,3470,0,R,R,0.00,PRESSED,FAULT
2026-05-21 19:08:37.697,139.2519,,slider,1,0,0.00,-0.00,0.00,ACTIVE,NONE,3480,0,R,R,0.00,PRESSED,FAULT
2026-05-21 19:08:38.098,139.6528,,slider,1,0,0.00,-0.00,0.00,ACTIVE,NONE,3490,0,R,R,0.00,PRESSED,FAULT
2026-05-21 19:08:38.498,140.0523,,slider,1,0,0.00,-0.00,0.00,ACTIVE,NONE,3500,0,R,R,0.00,PRESSED,FAULT
2026-05-21 19:08:38.898,140.4523,,slider,1,0,0.00,-0.00,0.00,ACTIVE,NONE,3510,0,R,R,0.00,PRESSED,FAULT
2026-05-21 19:08:39.298,140.8525,,slider,1,0,0.00,-0.00,0.00,ACTIVE,NONE,3520,0,R,R,0.00,PRESSED,FAULT
2026-05-21 19:08:39.697,141.2522,,slider,1,0,0.00,-0.00,0.00,ACTIVE,NONE,3530,0,R,R,0.00,PRESSED,FAULT
2026-05-21 19:08:40.098,141.6533,,slider,1,0,0.00,-0.00,0.00,ACTIVE,NONE,3540,0,R,R,0.00,PRESSED,FAULT
2026-05-21 19:08:40.499,142.0537,,slider,1,0,0.00,-0.00,0.00,ACTIVE,NONE,3550,0,R,R,0.00,PRESSED,FAULT
2026-05-21 19:08:40.532,142.0868,shift_requested:P,slider,1,0,0.00,-0.00,0.00,ACTIVE,NONE,3550,0,R,R,0.00,PRESSED,FAULT
2026-05-21 19:08:40.898,142.4524,,slider,1,0,0.00,-0.00,0.00,ACTIVE,NONE,3560,0,R,P,0.00,PRESSED,FAULT
2026-05-21 19:08:40.899,142.4533,gear_change:P,slider,1,0,0.00,-0.00,0.00,ACTIVE,NONE,3560,0,P,P,0.00,PRESSED,FAULT
2026-05-21 19:08:41.298,142.8528,,slider,1,0,0.00,-0.00,0.00,ACTIVE,NONE,3570,0,P,P,0.00,PRESSED,FAULT
2026-05-21 19:08:41.699,143.2535,,slider,1,0,0.00,-0.00,0.00,ACTIVE,NONE,3580,0,P,P,0.00,PRESSED,FAULT
2026-05-21 19:08:42.098,143.6526,,slider,1,0,0.00,-0.00,0.00,ACTIVE,NONE,3590,0,P,P,0.00,PRESSED,FAULT
2026-05-21 19:08:42.498,144.0524,,slider,1,0,0.00,-0.00,0.00,ACTIVE,NONE,3600,0,P,P,0.00,PRESSED,FAULT
2026-05-21 19:08:42.898,144.4532,,slider,1,0,0.00,-0.00,0.00,ACTIVE,NONE,3610,0,P,P,0.00,PRESSED,FAULT
2026-05-21 19:08:43.298,144.8524,,slider,1,0,0.00,-0.00,0.00,ACTIVE,NONE,3620,0,P,P,0.00,PRESSED,FAULT
2026-05-21 19:08:43.698,145.2524,,slider,1,0,0.00,-0.00,0.00,ACTIVE,NONE,3630,0,P,P,0.00,PRESSED,FAULT
2026-05-21 19:08:43.813,145.3679,shift_requested:N,slider,1,0,0.00,-0.00,0.00,ACTIVE,NONE,3632,0,P,P,0.00,PRESSED,FAULT
2026-05-21 19:08:43.854,145.4083,gear_change:N,slider,1,0,0.00,-0.00,0.00,ACTIVE,NONE,3634,0,N,N,0.00,PRESSED,FAULT
2026-05-21 19:08:44.098,145.6528,,slider,1,0,0.00,-0.00,0.00,ACTIVE,NONE,3640,0,N,N,0.00,PRESSED,FAULT
2026-05-21 19:08:44.498,146.0528,,slider,1,0,0.00,-0.00,0.00,ACTIVE,NONE,3650,0,N,N,0.00,PRESSED,FAULT
2026-05-21 19:08:44.898,146.4525,,slider,1,0,0.00,-0.00,0.00,ACTIVE,NONE,3660,0,N,N,0.00,PRESSED,FAULT
2026-05-21 19:08:45.298,146.8528,,slider,1,0,0.00,-0.00,0.00,ACTIVE,NONE,3670,0,N,N,0.00,PRESSED,FAULT
2026-05-21 19:08:45.699,147.2539,,slider,1,0,0.00,-0.00,0.00,ACTIVE,NONE,3680,0,N,N,0.00,PRESSED,FAULT
2026-05-21 19:08:46.100,147.6543,,slider,1,0,0.00,-0.00,0.00,ACTIVE,NONE,3690,0,N,N,0.00,PRESSED,FAULT
2026-05-21 19:08:46.498,148.0531,,slider,1,0,0.00,-0.00,0.00,ACTIVE,NONE,3700,0,N,N,0.00,PRESSED,FAULT
2026-05-21 19:08:46.899,148.4534,,slider,1,0,0.00,-0.00,0.00,ACTIVE,NONE,3710,0,N,N,0.00,PRESSED,FAULT
2026-05-21 19:08:47.298,148.8531,,slider,1,0,0.00,-0.00,0.00,ACTIVE,NONE,3720,0,N,N,0.00,PRESSED,FAULT
2026-05-21 19:08:47.699,149.2534,,slider,1,0,0.00,-0.00,0.00,ACTIVE,NONE,3730,0,N,N,0.00,PRESSED,FAULT
2026-05-21 19:08:48.099,149.6537,,slider,1,0,0.00,-0.00,0.00,ACTIVE,NONE,3740,0,N,N,0.00,PRESSED,FAULT
2026-05-21 19:08:48.499,150.0535,,slider,1,0,0.00,-0.00,0.00,ACTIVE,NONE,3750,0,N,N,0.00,PRESSED,FAULT
2026-05-21 19:08:48.899,150.4534,,slider,1,0,0.00,-0.00,0.00,ACTIVE,NONE,3760,0,N,N,0.00,PRESSED,FAULT
2026-05-21 19:08:49.299,150.8535,,slider,1,0,0.00,-0.00,0.00,ACTIVE,NONE,3770,0,N,N,0.00,PRESSED,FAULT
2026-05-21 19:08:49.700,151.2546,,slider,1,0,0.00,-0.00,0.00,ACTIVE,NONE,3780,0,N,N,0.00,PRESSED,FAULT
2026-05-21 19:08:50.099,151.6536,,slider,1,0,0.00,-0.00,0.00,ACTIVE,NONE,3790,0,N,N,0.00,PRESSED,FAULT
2026-05-21 19:08:50.500,152.0548,,slider,1,0,0.00,-0.00,0.00,ACTIVE,NONE,3800,0,N,N,0.00,PRESSED,FAULT
2026-05-21 19:08:50.899,152.4540,,slider,1,0,0.00,-0.00,0.00,ACTIVE,NONE,3810,0,N,N,0.00,PRESSED,FAULT
2026-05-21 19:08:51.299,152.8541,,slider,1,0,0.00,-0.00,0.00,ACTIVE,NONE,3820,0,N,N,0.00,PRESSED,FAULT
2026-05-21 19:08:51.699,153.2541,,slider,1,0,0.00,-0.00,0.00,ACTIVE,NONE,3830,0,N,N,0.00,PRESSED,FAULT
2026-05-21 19:08:52.099,153.6542,,slider,1,0,0.00,-0.00,0.00,ACTIVE,NONE,3840,0,N,N,0.00,PRESSED,FAULT
2026-05-21 19:08:52.499,154.0537,,slider,1,0,0.00,-0.00,0.00,ACTIVE,NONE,3850,0,N,N,0.00,PRESSED,FAULT
2026-05-21 19:08:52.899,154.4540,,slider,1,0,0.00,-0.00,0.00,ACTIVE,NONE,3860,0,N,N,0.00,PRESSED,FAULT
2026-05-21 19:08:53.299,154.8541,,slider,1,0,0.00,-0.00,0.00,ACTIVE,NONE,3870,0,N,N,0.00,PRESSED,FAULT
2026-05-21 19:08:53.699,155.2538,,slider,1,0,0.00,-0.00,0.00,ACTIVE,NONE,3880,0,N,N,0.00,PRESSED,FAULT
2026-05-21 19:08:54.100,155.6544,,slider,1,0,0.00,-0.00,0.00,ACTIVE,NONE,3890,0,N,N,0.00,PRESSED,FAULT
2026-05-21 19:08:54.500,156.0543,,slider,1,0,0.00,-0.00,0.00,ACTIVE,NONE,3900,0,N,N,0.00,PRESSED,FAULT
2026-05-21 19:08:54.891,156.4457,,slider,1,0,0.00,-0.00,0.00,ACTIVE,NONE,3910,0,N,N,0.00,PRESSED,FAULT
2026-05-21 19:08:54.946,156.5007,gear_change:P,slider,1,0,0.00,-0.00,0.00,ACTIVE,NONE,3911,0,P,P,0.00,PRESSED,FAULT
2026-05-21 19:08:55.021,156.5759,shift_requested:P,slider,1,0,0.00,-0.00,0.00,ACTIVE,NONE,3913,0,P,P,0.00,PRESSED,FAULT
2026-05-21 19:08:55.302,156.8572,,slider,1,0,0.00,-0.00,0.00,ACTIVE,NONE,3920,0,P,P,0.00,PRESSED,FAULT
2026-05-21 19:08:55.703,157.2578,,slider,1,0,0.00,-0.00,0.00,ACTIVE,NONE,3930,0,P,P,0.00,PRESSED,FAULT
2026-05-21 19:08:56.103,157.6576,,slider,1,0,0.00,-0.00,0.00,ACTIVE,NONE,3940,0,P,P,0.00,PRESSED,FAULT
2026-05-21 19:08:56.503,158.0579,,slider,1,0,0.00,-0.00,0.00,ACTIVE,NONE,3950,0,P,P,0.00,PRESSED,FAULT
2026-05-21 19:08:56.902,158.4571,,slider,1,0,0.00,-0.00,0.00,ACTIVE,NONE,3960,0,P,P,0.00,PRESSED,FAULT
2026-05-21 19:08:57.304,158.8593,,slider,1,0,0.00,-0.00,0.00,ACTIVE,NONE,3970,0,P,P,0.00,released,RELEASED
2026-05-21 19:08:57.704,159.2588,,slider,1,0,0.00,-0.00,0.00,ACTIVE,NONE,3980,0,P,P,0.00,released,RELEASED
2026-05-21 19:08:58.104,159.6588,,slider,1,0,0.00,-0.00,0.00,ACTIVE,NONE,3990,0,P,P,0.00,released,RELEASED
2026-05-21 19:08:58.505,160.0593,,slider,1,0,0.00,-0.00,0.00,ACTIVE,NONE,4000,0,P,P,0.00,released,RELEASED
2026-05-21 19:08:58.904,160.4590,,slider,1,0,0.00,-0.00,0.00,ACTIVE,NONE,4010,0,P,P,0.00,released,RELEASED
2026-05-21 19:08:59.305,160.8594,,slider,1,0,0.00,-0.00,0.00,ACTIVE,NONE,4020,0,P,P,0.00,released,RELEASED
2026-05-21 19:08:59.705,161.2596,,slider,1,0,0.00,-0.00,0.00,ACTIVE,NONE,4030,0,P,P,0.00,released,RELEASED
2026-05-21 19:09:00.104,161.6590,,slider,1,0,0.00,-0.00,0.00,ACTIVE,NONE,4040,0,P,P,0.00,released,RELEASED
2026-05-21 19:09:00.504,162.0592,,slider,1,0,0.00,-0.00,0.00,ACTIVE,NONE,4050,0,P,P,0.00,released,RELEASED
2026-05-21 19:09:00.905,162.4593,,slider,1,0,0.00,-0.00,0.00,ACTIVE,NONE,4060,0,P,P,0.00,released,RELEASED
2026-05-21 19:09:01.304,162.8592,,slider,1,0,0.00,-0.00,0.00,ACTIVE,NONE,4070,0,P,P,0.00,released,RELEASED
2026-05-21 19:09:01.705,163.2595,,slider,1,0,0.00,-0.00,0.00,ACTIVE,NONE,4080,0,P,P,0.00,released,RELEASED
2026-05-21 19:09:02.105,163.6594,,slider,1,0,0.00,-0.00,0.00,ACTIVE,NONE,4090,0,P,P,0.00,released,RELEASED
2026-05-21 19:09:02.505,164.0594,,slider,1,0,0.00,-0.00,0.00,ACTIVE,NONE,4100,0,P,P,0.00,released,RELEASED
2026-05-21 19:09:02.905,164.4595,,slider,1,0,0.00,-0.00,0.00,ACTIVE,NONE,4110,0,P,P,0.00,released,RELEASED
2026-05-21 19:09:03.305,164.8596,,slider,1,0,0.00,-0.00,0.00,ACTIVE,NONE,4120,0,P,P,0.00,released,RELEASED
2026-05-21 19:09:03.705,165.2595,,slider,1,0,0.00,-0.00,0.00,ACTIVE,NONE,4130,0,P,P,0.00,released,RELEASED
2026-05-21 19:09:04.105,165.6598,,slider,1,0,0.00,-0.00,0.00,ACTIVE,NONE,4140,0,P,P,0.00,released,RELEASED
2026-05-21 19:09:04.505,166.0595,,slider,1,0,0.00,-0.00,0.00,ACTIVE,NONE,4150,0,P,P,0.00,released,RELEASED
2026-05-21 19:09:04.905,166.4597,,slider,1,0,0.00,-0.00,0.00,ACTIVE,NONE,4160,0,P,P,0.00,released,RELEASED
2026-05-21 19:09:05.305,166.8597,,slider,1,0,0.00,-0.00,0.00,ACTIVE,NONE,4170,0,P,P,0.00,released,RELEASED
2026-05-21 19:09:05.705,167.2600,,slider,1,0,0.00,-0.00,0.00,ACTIVE,NONE,4180,0,P,P,0.00,released,RELEASED
2026-05-21 19:09:06.105,167.6600,,slider,1,0,0.00,-0.00,0.00,ACTIVE,NONE,4190,0,P,P,0.00,released,RELEASED
2026-05-21 19:09:06.505,168.0600,,slider,1,0,0.00,-0.00,0.00,ACTIVE,NONE,4200,0,P,P,0.00,released,RELEASED
2026-05-21 19:09:06.905,168.4600,,slider,1,0,0.00,-0.00,0.00,ACTIVE,NONE,4210,0,P,P,0.00,released,RELEASED
2026-05-21 19:09:07.305,168.8600,,slider,1,0,0.00,-0.00,0.00,ACTIVE,NONE,4220,0,P,P,0.00,released,RELEASED
2026-05-21 19:09:07.705,169.2601,,slider,1,0,0.00,-0.00,0.00,ACTIVE,NONE,4230,0,P,P,0.00,released,RELEASED
2026-05-21 19:09:08.105,169.6601,,slider,1,0,0.00,-0.00,0.00,ACTIVE,NONE,4240,0,P,P,0.00,released,RELEASED
2026-05-21 19:09:08.505,170.0601,,slider,1,0,0.00,-0.00,0.00,ACTIVE,NONE,4250,0,P,P,0.00,released,RELEASED
2026-05-21 19:09:08.906,170.4604,,slider,1,0,0.00,-0.00,0.00,ACTIVE,NONE,4260,0,P,P,0.00,released,RELEASED
2026-05-21 19:09:09.305,170.8602,,slider,1,0,0.00,-0.00,0.00,ACTIVE,NONE,4270,0,P,P,0.00,released,RELEASED
2026-05-21 19:09:09.706,171.2605,,slider,1,0,0.00,-0.00,0.00,ACTIVE,NONE,4280,0,P,P,0.00,released,RELEASED
2026-05-21 19:09:10.106,171.6604,,slider,1,0,0.00,-0.00,0.00,ACTIVE,NONE,4290,0,P,P,0.00,released,RELEASED
2026-05-21 19:09:10.506,172.0603,,slider,1,0,0.00,-0.00,0.00,ACTIVE,NONE,4300,0,P,P,0.00,released,RELEASED
2026-05-21 19:09:10.906,172.4609,,slider,1,0,0.00,-0.00,0.00,ACTIVE,NONE,4310,0,P,P,0.00,released,RELEASED
2026-05-21 19:09:11.306,172.8604,,slider,1,0,0.00,-0.00,0.00,ACTIVE,NONE,4320,0,P,P,0.00,released,RELEASED
2026-05-21 19:09:11.706,173.2607,,slider,1,0,0.00,-0.00,0.00,ACTIVE,NONE,4330,0,P,P,0.00,released,RELEASED
2026-05-21 19:09:12.106,173.6605,,slider,1,0,0.00,-0.00,0.00,ACTIVE,NONE,4340,0,P,P,0.00,released,RELEASED
2026-05-21 19:09:12.506,174.0605,,slider,1,0,0.00,-0.00,0.00,ACTIVE,NONE,4350,0,P,P,0.00,released,RELEASED
2026-05-21 19:09:12.906,174.4605,,slider,1,0,0.00,-0.00,0.00,ACTIVE,NONE,4360,0,P,P,0.00,released,RELEASED
2026-05-21 19:09:13.306,174.8608,,slider,1,0,0.00,-0.00,0.00,ACTIVE,NONE,4370,0,P,P,0.00,released,RELEASED
2026-05-21 19:09:13.706,175.2607,,slider,1,0,0.00,-0.00,0.00,ACTIVE,NONE,4380,0,P,P,0.00,released,RELEASED
2026-05-21 19:09:14.106,175.6607,,slider,1,0,0.00,-0.00,0.00,ACTIVE,NONE,4390,0,P,P,0.00,released,RELEASED
2026-05-21 19:09:14.506,176.0608,,slider,1,0,0.00,-0.00,0.00,ACTIVE,NONE,4400,0,P,P,0.00,released,RELEASED
2026-05-21 19:09:14.906,176.4608,,slider,1,0,0.00,-0.00,0.00,ACTIVE,NONE,4410,0,P,P,0.00,released,RELEASED
2026-05-21 19:09:15.306,176.8608,,slider,1,0,0.00,-0.00,0.00,ACTIVE,NONE,4420,0,P,P,0.00,released,RELEASED
2026-05-21 19:09:15.707,177.2619,,slider,1,0,0.00,-0.00,0.00,ACTIVE,NONE,4430,0,P,P,0.00,released,RELEASED
2026-05-21 19:09:16.106,177.6609,,slider,1,0,0.00,-0.00,0.00,ACTIVE,NONE,4440,0,P,P,0.00,released,RELEASED
2026-05-21 19:09:16.506,178.0612,,slider,1,0,0.00,-0.00,0.00,ACTIVE,NONE,4450,0,P,P,0.00,released,RELEASED
2026-05-21 19:09:16.906,178.4610,,slider,1,0,0.00,-0.00,0.00,ACTIVE,NONE,4460,0,P,P,0.00,released,RELEASED
2026-05-21 19:09:17.306,178.8610,,slider,1,0,0.00,-0.00,0.00,ACTIVE,NONE,4470,0,P,P,0.00,released,RELEASED
2026-05-21 19:09:17.707,179.2613,,slider,1,0,0.00,-0.00,0.00,ACTIVE,NONE,4480,0,P,P,0.00,released,RELEASED
2026-05-21 19:09:18.107,179.6619,,slider,1,0,0.00,-0.00,0.00,ACTIVE,NONE,4490,0,P,P,0.00,released,RELEASED
2026-05-21 19:09:18.506,180.0612,,slider,1,0,0.00,-0.00,0.00,ACTIVE,NONE,4500,0,P,P,0.00,released,RELEASED
2026-05-21 19:09:18.907,180.4613,,slider,1,0,0.00,-0.00,0.00,ACTIVE,NONE,4510,0,P,P,0.00,released,RELEASED
2026-05-21 19:09:19.307,180.8614,,slider,1,0,0.00,-0.00,0.00,ACTIVE,NONE,4520,0,P,P,0.00,released,RELEASED
2026-05-21 19:09:19.707,181.2617,,slider,1,0,0.00,-0.00,0.00,ACTIVE,NONE,4530,0,P,P,0.00,released,RELEASED
2026-05-21 19:09:20.107,181.6617,,slider,1,0,0.00,-0.00,0.00,ACTIVE,NONE,4540,0,P,P,0.00,released,RELEASED
2026-05-21 19:09:20.507,182.0617,,slider,1,0,0.00,-0.00,0.00,ACTIVE,NONE,4550,0,P,P,0.00,released,RELEASED
2026-05-21 19:09:20.907,182.4617,,slider,1,0,0.00,-0.00,0.00,ACTIVE,NONE,4560,0,P,P,0.00,released,RELEASED
2026-05-21 19:09:21.307,182.8618,,slider,1,0,0.00,-0.00,0.00,ACTIVE,NONE,4570,0,P,P,0.00,released,RELEASED
2026-05-21 19:09:21.690,183.2444,,slider,1,0,0.00,-0.00,0.00,ACTIVE,NONE,4580,0,P,P,0.00,released,RELEASED
2026-05-21 19:09:22.107,183.6619,,slider,1,0,0.00,-0.00,0.00,ACTIVE,NONE,4590,0,P,P,0.00,released,RELEASED
2026-05-21 19:09:22.507,184.0621,,slider,1,0,0.00,-0.00,0.00,ACTIVE,NONE,4600,0,P,P,0.00,released,RELEASED
2026-05-21 19:09:22.908,184.4625,,slider,1,0,0.00,-0.00,0.00,ACTIVE,NONE,4610,0,P,P,0.00,released,RELEASED
2026-05-21 19:09:23.307,184.8620,,slider,1,0,0.00,-0.00,0.00,ACTIVE,NONE,4620,0,P,P,0.00,released,RELEASED
2026-05-21 19:09:23.707,185.2621,,slider,1,0,0.00,-0.00,0.00,ACTIVE,NONE,4630,0,P,P,0.00,released,RELEASED
2026-05-21 19:09:24.090,185.6445,,slider,1,0,0.00,-0.00,0.00,ACTIVE,NONE,4640,0,P,P,0.00,released,RELEASED
2026-05-21 19:09:24.507,186.0622,,slider,1,0,0.00,-0.00,0.00,ACTIVE,NONE,4650,0,P,P,0.00,released,RELEASED
2026-05-21 19:09:24.908,186.4628,,slider,1,0,0.00,-0.00,0.00,ACTIVE,NONE,4660,0,P,P,0.00,released,RELEASED
2026-05-21 19:09:25.308,186.8627,,slider,1,0,0.00,-0.00,0.00,ACTIVE,NONE,4670,0,P,P,0.00,released,RELEASED
2026-05-21 19:09:25.690,187.2446,,slider,1,0,0.00,-0.00,0.00,ACTIVE,NONE,4680,0,P,P,0.00,released,RELEASED
2026-05-21 19:09:26.108,187.6624,,slider,1,0,0.00,-0.00,0.00,ACTIVE,NONE,4690,0,P,P,0.00,released,RELEASED
2026-05-21 19:09:26.490,188.0449,,slider,1,0,0.00,-0.00,0.00,ACTIVE,NONE,4700,0,P,P,0.00,released,RELEASED
2026-05-21 19:09:26.890,188.4443,,slider,1,0,0.00,-0.00,0.00,ACTIVE,NONE,4710,0,P,P,0.00,released,RELEASED
2026-05-21 19:09:27.289,188.8438,,slider,1,0,0.00,-0.00,0.00,ACTIVE,NONE,4720,0,P,P,0.00,released,RELEASED
2026-05-21 19:09:27.709,189.2642,,slider,1,0,0.00,-0.00,0.00,ACTIVE,NONE,4730,0,P,P,0.00,released,RELEASED
2026-05-21 19:09:28.109,189.6636,,slider,1,0,0.00,-0.00,0.00,ACTIVE,NONE,4740,0,P,P,0.00,released,RELEASED
2026-05-21 19:09:28.493,190.0480,,slider,1,0,0.00,-0.00,0.00,ACTIVE,NONE,4750,0,P,P,0.00,released,RELEASED
2026-05-21 19:09:28.910,190.4646,,slider,1,0,0.00,-0.00,0.00,ACTIVE,NONE,4760,0,P,P,0.00,released,RELEASED
2026-05-21 19:09:29.311,190.8655,,slider,1,0,0.00,-0.00,0.00,ACTIVE,NONE,4770,0,P,P,0.00,released,RELEASED
2026-05-21 19:09:29.692,191.2465,,slider,1,0,0.00,-0.00,0.00,ACTIVE,NONE,4780,0,P,P,0.00,released,RELEASED
2026-05-21 19:09:30.110,191.6652,,slider,1,0,0.00,-0.00,0.00,ACTIVE,NONE,4790,0,P,P,0.00,released,RELEASED
2026-05-21 19:09:30.511,192.0655,,slider,1,0,0.00,-0.00,0.00,ACTIVE,NONE,4800,0,P,P,0.00,released,RELEASED
2026-05-21 19:09:30.910,192.4643,,slider,1,0,0.00,-0.00,0.00,ACTIVE,NONE,4810,0,P,P,0.00,released,RELEASED
2026-05-21 19:09:31.291,192.8456,,slider,1,0,0.00,-0.00,0.00,ACTIVE,NONE,4820,0,P,P,0.00,released,RELEASED
2026-05-21 19:09:31.710,193.2644,,slider,1,0,0.00,-0.00,0.00,ACTIVE,NONE,4830,0,P,P,0.00,released,RELEASED
2026-05-21 19:09:32.110,193.6652,,slider,1,0,0.00,-0.00,0.00,ACTIVE,NONE,4840,0,P,P,0.00,released,RELEASED
2026-05-21 19:09:32.493,194.0476,,slider,1,0,0.00,-0.00,0.00,ACTIVE,NONE,4850,0,P,P,0.00,released,RELEASED
2026-05-21 19:09:32.892,194.4473,,slider,1,0,0.00,-0.00,0.00,ACTIVE,NONE,4860,0,P,P,0.00,released,RELEASED
2026-05-21 19:09:33.292,194.8470,,slider,1,0,0.00,-0.00,0.00,ACTIVE,NONE,4870,0,P,P,0.00,released,RELEASED
2026-05-21 19:09:33.691,195.2462,,slider,1,0,0.00,-0.00,0.00,ACTIVE,NONE,4880,0,P,P,0.00,released,RELEASED
2026-05-21 19:09:34.093,195.6477,,slider,1,0,0.00,-0.00,0.00,ACTIVE,NONE,4890,0,P,P,0.00,released,RELEASED
2026-05-21 19:09:34.493,196.0476,,slider,1,0,0.00,-0.00,0.00,ACTIVE,NONE,4900,0,P,P,0.00,released,RELEASED
2026-05-21 19:09:34.893,196.4477,,slider,1,0,0.00,-0.00,0.00,ACTIVE,NONE,4910,0,P,P,0.00,released,RELEASED
2026-05-21 19:09:35.294,196.8488,,slider,1,0,0.00,-0.00,0.00,ACTIVE,NONE,4920,0,P,P,0.00,released,RELEASED
2026-05-21 19:09:35.693,197.2473,,slider,1,0,0.00,-0.00,0.00,ACTIVE,NONE,4930,0,P,P,0.00,released,RELEASED
2026-05-21 19:09:36.093,197.6474,,slider,1,0,0.00,-0.00,0.00,ACTIVE,NONE,4940,0,P,P,0.00,released,RELEASED
2026-05-21 19:09:36.493,198.0473,,slider,1,0,0.00,-0.00,0.00,ACTIVE,NONE,4950,0,P,P,0.00,released,RELEASED
2026-05-21 19:09:36.912,198.4669,,slider,1,0,0.00,-0.00,0.00,ACTIVE,NONE,4960,0,P,P,0.00,released,RELEASED
2026-05-21 19:09:37.293,198.8474,,slider,1,0,0.00,-0.00,0.00,ACTIVE,NONE,4970,0,P,P,0.00,released,RELEASED
2026-05-21 19:09:37.693,199.2477,,slider,1,0,0.00,-0.00,0.00,ACTIVE,NONE,4980,0,P,P,0.00,released,RELEASED
2026-05-21 19:09:38.093,199.6476,,slider,1,0,0.00,-0.00,0.00,ACTIVE,NONE,4990,0,P,P,0.00,released,RELEASED
2026-05-21 19:09:38.493,200.0476,,slider,1,0,0.00,-0.00,0.00,ACTIVE,NONE,5000,0,P,P,0.00,released,RELEASED
2026-05-21 19:09:38.893,200.4473,,slider,1,0,0.00,-0.00,0.00,ACTIVE,NONE,5010,0,P,P,0.00,released,RELEASED
2026-05-21 19:09:39.291,200.8462,,slider,1,0,0.00,-0.00,0.00,ACTIVE,NONE,5020,0,P,P,0.00,released,RELEASED
2026-05-21 19:09:39.691,201.2462,,slider,1,0,0.00,-0.00,0.00,ACTIVE,NONE,5030,0,P,P,0.00,released,RELEASED
2026-05-21 19:09:40.092,201.6469,,slider,1,0,0.00,-0.00,0.00,ACTIVE,NONE,5040,0,P,P,0.00,released,RELEASED
2026-05-21 19:09:40.492,202.0472,,slider,1,0,0.00,-0.00,0.00,ACTIVE,NONE,5050,0,P,P,0.00,released,RELEASED
2026-05-21 19:09:40.892,202.4466,,slider,1,0,0.00,-0.00,0.00,ACTIVE,NONE,5060,0,P,P,0.00,released,RELEASED
2026-05-21 19:09:41.293,202.8481,,slider,1,0,0.00,-0.00,0.00,ACTIVE,NONE,5070,0,P,P,0.00,released,RELEASED
2026-05-21 19:09:41.692,203.2465,,slider,1,0,0.00,-0.00,0.00,ACTIVE,NONE,5080,0,P,P,0.00,released,RELEASED
2026-05-21 19:09:42.111,203.6656,,slider,1,0,0.00,-0.00,0.00,ACTIVE,NONE,5090,0,P,P,0.00,released,RELEASED
2026-05-21 19:09:42.494,204.0484,,slider,1,0,0.00,-0.00,0.00,ACTIVE,NONE,5100,0,P,P,0.00,released,RELEASED
2026-05-21 19:09:42.893,204.4481,,slider,1,0,0.00,-0.00,0.00,ACTIVE,NONE,5110,0,P,P,0.00,released,RELEASED
2026-05-21 19:09:43.294,204.8488,,slider,1,0,0.00,-0.00,0.00,ACTIVE,NONE,5120,0,P,P,0.00,released,RELEASED
2026-05-21 19:09:43.692,205.2469,,slider,1,0,0.00,-0.00,0.00,ACTIVE,NONE,5130,0,P,P,0.00,released,RELEASED
2026-05-21 19:09:44.093,205.6481,,slider,1,0,0.00,-0.00,0.00,ACTIVE,NONE,5140,0,P,P,0.00,released,RELEASED
2026-05-21 19:09:44.492,206.0465,,slider,1,0,0.00,-0.00,0.00,ACTIVE,NONE,5150,0,P,P,0.00,released,RELEASED
2026-05-21 19:09:44.893,206.4477,,slider,1,0,-8.01,-4.21,-0.40,ACTIVE,NONE,5160,0,P,P,0.00,released,RELEASED
2026-05-21 19:09:45.294,206.8489,,slider,1,0,355.66,41.38,17.30,ACTIVE,NONE,5170,0,P,P,0.00,released,RELEASED
2026-05-21 19:09:45.696,207.2504,,slider,1,0,351.35,113.38,87.60,ACTIVE,NONE,5180,0,P,P,0.00,released,RELEASED
2026-05-21 19:09:46.103,207.6575,,slider,1,0,-342.86,101.38,123.30,ACTIVE,NONE,5190,0,P,P,0.00,released,RELEASED
2026-05-21 19:09:46.507,208.0616,,slider,1,0,351.35,59.38,60.30,ACTIVE,NONE,5200,0,P,P,0.00,released,RELEASED
2026-05-21 19:09:46.894,208.4488,,slider,1,0,-6.55,122.38,102.20,ACTIVE,NONE,5210,0,P,P,0.00,released,RELEASED
2026-05-21 19:09:47.296,208.8505,,slider,1,0,0.00,50.38,76.90,ACTIVE,NONE,5220,0,P,P,0.00,released,RELEASED
2026-05-21 19:09:47.694,209.2486,,slider,1,0,0.00,0.29,8.70,ACTIVE,NONE,5230,0,P,P,0.00,released,RELEASED
2026-05-21 19:09:48.098,209.6527,,slider,1,0,0.00,0.01,0.60,ACTIVE,NONE,5240,0,P,P,0.00,released,RELEASED
2026-05-21 19:09:48.499,210.0533,,slider,1,0,0.00,0.00,0.00,ACTIVE,NONE,5250,0,P,P,0.00,released,RELEASED
2026-05-21 19:09:48.899,210.4537,,slider,1,0,0.00,0.00,0.00,ACTIVE,NONE,5260,0,P,P,0.00,released,RELEASED
2026-05-21 19:09:49.299,210.8536,,slider,1,0,0.00,0.00,-0.10,ACTIVE,NONE,5270,0,P,P,0.00,released,RELEASED
2026-05-21 19:09:49.698,211.2525,,slider,1,0,355.66,62.15,33.90,ACTIVE,NONE,5280,0,P,P,0.00,released,RELEASED
2026-05-21 19:09:50.098,211.6530,,slider,1,0,351.35,134.15,107.90,ACTIVE,NONE,5290,0,P,P,0.00,released,RELEASED
2026-05-21 19:09:50.498,212.0528,,slider,1,0,351.35,206.15,182.30,ACTIVE,NONE,5300,0,P,P,0.00,released,RELEASED
2026-05-21 19:09:50.898,212.4530,,slider,1,0,355.66,278.15,255.00,ACTIVE,NONE,5310,0,P,P,0.00,released,RELEASED
2026-05-21 19:09:51.298,212.8528,,slider,1,0,351.35,350.15,326.20,ACTIVE,NONE,5320,0,P,P,0.00,released,RELEASED
2026-05-21 19:09:51.700,213.2543,,slider,1,0,351.35,351.59,349.80,ACTIVE,NONE,5330,0,P,P,0.00,released,RELEASED
2026-05-21 19:09:52.102,213.6569,,slider,1,0,-9.47,322.94,349.20,ACTIVE,NONE,5340,0,P,P,0.00,released,RELEASED
2026-05-21 19:09:52.503,214.0574,,slider,1,0,-355.66,250.94,279.70,ACTIVE,NONE,5350,0,P,P,0.00,released,RELEASED
2026-05-21 19:09:52.901,214.4562,,slider,1,0,-355.66,178.94,203.40,ACTIVE,NONE,5360,0,P,P,0.00,released,RELEASED
2026-05-21 19:09:53.302,214.8566,,slider,1,0,-351.35,106.94,131.50,ACTIVE,NONE,5370,0,P,P,0.00,released,RELEASED
2026-05-21 19:09:53.709,215.2634,,slider,1,0,-355.67,34.94,60.00,ACTIVE,NONE,5380,0,P,P,0.00,released,RELEASED
2026-05-21 19:09:54.099,215.6540,,slider,1,0,-351.38,-34.06,-9.90,ACTIVE,NONE,5390,0,P,P,0.00,released,RELEASED
2026-05-21 19:09:54.498,216.0531,,slider,1,0,-351.38,-106.06,-81.30,ACTIVE,NONE,5400,0,P,P,0.00,released,RELEASED
2026-05-21 19:09:54.898,216.4532,,slider,1,0,-351.38,-178.06,-154.50,ACTIVE,NONE,5410,0,P,P,0.00,released,RELEASED
2026-05-21 19:09:55.299,216.8533,,slider,1,0,-351.38,-250.06,-227.10,ACTIVE,NONE,5420,0,P,P,0.00,released,RELEASED
2026-05-21 19:09:55.700,217.2546,,slider,1,0,-351.38,-322.06,-298.90,ACTIVE,NONE,5430,0,P,P,0.00,released,RELEASED
2026-05-21 19:09:56.099,217.6542,,slider,1,0,-351.38,-352.05,-348.20,ACTIVE,NONE,5440,0,P,P,0.00,released,RELEASED
2026-05-21 19:09:56.501,218.0555,,slider,1,0,-214.39,-341.88,-352.10,ACTIVE,NONE,5450,0,P,P,0.00,released,RELEASED
2026-05-21 19:09:56.904,218.4592,,slider,1,0,0.00,-269.88,-299.20,ACTIVE,NONE,5460,0,P,P,0.00,released,RELEASED
2026-05-21 19:09:57.291,218.8462,,slider,1,0,0.00,-200.88,-224.10,ACTIVE,NONE,5470,0,P,P,0.00,released,RELEASED
2026-05-21 19:09:57.693,219.2476,,slider,1,0,0.00,-128.88,-151.10,ACTIVE,NONE,5480,0,P,P,0.00,released,RELEASED
2026-05-21 19:09:58.093,219.6477,,slider,1,0,0.00,-56.88,-79.40,ACTIVE,NONE,5490,0,P,P,0.00,released,RELEASED
2026-05-21 19:09:58.492,220.0470,,slider,1,0,0.00,-0.00,-10.00,ACTIVE,NONE,5500,0,P,P,0.00,released,RELEASED
2026-05-21 19:09:58.891,220.4462,,slider,1,0,0.00,-0.00,-0.80,ACTIVE,NONE,5510,0,P,P,0.00,released,RELEASED
2026-05-21 19:09:59.290,220.8446,,slider,1,0,0.00,-0.00,0.00,ACTIVE,NONE,5520,0,P,P,0.00,released,RELEASED
2026-05-21 19:09:59.691,221.2462,,slider,1,0,0.00,-0.00,0.00,ACTIVE,NONE,5530,0,P,P,0.00,released,RELEASED
2026-05-21 19:10:00.093,221.6482,,slider,1,0,0.00,-0.00,0.00,ACTIVE,NONE,5540,0,P,P,0.00,released,RELEASED
2026-05-21 19:10:00.491,222.0455,,slider,1,0,0.00,-0.00,0.00,ACTIVE,NONE,5550,0,P,P,0.00,released,RELEASED
2026-05-21 19:10:00.892,222.4463,,slider,1,0,0.00,-0.00,0.00,ACTIVE,NONE,5560,0,P,P,0.00,released,RELEASED
2026-05-21 19:10:01.291,222.8460,,slider,1,0,0.00,-0.00,0.00,ACTIVE,NONE,5570,0,P,P,0.00,released,RELEASED
2026-05-21 19:10:01.692,223.2463,,slider,1,0,0.00,-0.00,0.00,ACTIVE,NONE,5580,0,P,P,0.00,released,RELEASED
2026-05-21 19:10:02.091,223.6462,,slider,1,0,0.00,-0.00,0.00,ACTIVE,NONE,5590,0,P,P,0.00,released,RELEASED
2026-05-21 19:10:02.490,224.0448,,slider,1,0,0.00,-0.00,0.00,ACTIVE,NONE,5600,0,P,P,0.00,released,RELEASED
2026-05-21 19:10:02.891,224.4457,,slider,1,0,0.00,-0.00,0.00,ACTIVE,NONE,5610,0,P,P,0.00,released,RELEASED
2026-05-21 19:10:03.290,224.8449,,slider,1,0,0.00,-0.00,0.00,ACTIVE,NONE,5620,0,P,P,0.00,released,RELEASED
2026-05-21 19:10:03.692,225.2465,,slider,1,0,0.00,-0.00,0.00,ACTIVE,NONE,5630,0,P,P,0.00,released,RELEASED
2026-05-21 19:10:04.092,225.6469,,slider,1,0,0.00,-0.00,0.00,ACTIVE,NONE,5640,0,P,P,0.00,released,RELEASED
2026-05-21 19:10:04.492,226.0466,,slider,1,0,0.00,-0.00,0.00,ACTIVE,NONE,5650,0,P,P,0.00,released,RELEASED
2026-05-21 19:10:04.891,226.4456,,slider,1,0,0.00,-0.00,0.00,ACTIVE,NONE,5660,0,P,P,0.00,released,RELEASED
2026-05-21 19:10:05.290,226.8451,,slider,1,0,0.00,-0.00,0.00,ACTIVE,NONE,5670,0,P,P,0.00,released,RELEASED
2026-05-21 19:10:05.692,227.2464,,slider,1,0,0.00,-0.00,0.00,ACTIVE,NONE,5680,0,P,P,0.00,released,RELEASED
2026-05-21 19:10:06.092,227.6470,,slider,1,0,0.00,-0.00,0.00,ACTIVE,NONE,5690,0,P,P,0.00,released,RELEASED
2026-05-21 19:10:06.493,228.0475,,slider,1,0,0.00,-0.00,0.00,ACTIVE,NONE,5700,0,P,P,0.00,released,RELEASED
2026-05-21 19:10:06.891,228.4457,,slider,1,0,0.00,-0.00,0.00,ACTIVE,NONE,5710,0,P,P,0.00,released,RELEASED
2026-05-21 19:10:07.292,228.8466,,slider,1,0,0.00,-0.00,0.00,ACTIVE,NONE,5720,0,P,P,0.00,released,RELEASED
2026-05-21 19:10:07.692,229.2465,,slider,1,0,0.00,-0.00,0.00,ACTIVE,NONE,5730,0,P,P,0.00,released,RELEASED
2026-05-21 19:10:08.092,229.6464,,slider,1,0,0.00,-0.00,0.00,ACTIVE,NONE,5740,0,P,P,0.00,released,RELEASED
2026-05-21 19:10:08.490,230.0451,,slider,1,0,0.00,-0.00,0.00,ACTIVE,NONE,5750,0,P,P,0.00,released,RELEASED
2026-05-21 19:10:08.892,230.4464,,slider,1,0,0.00,-0.00,0.00,ACTIVE,NONE,5760,0,P,P,0.00,released,RELEASED
2026-05-21 19:10:09.293,230.8477,,slider,1,0,0.00,-0.00,0.00,ACTIVE,NONE,5770,0,P,P,0.00,released,RELEASED
2026-05-21 19:10:09.691,231.2462,,slider,1,0,0.00,-0.00,0.00,ACTIVE,NONE,5780,0,P,P,0.00,released,RELEASED
2026-05-21 19:10:10.092,231.6470,,slider,1,0,0.00,-0.00,0.00,ACTIVE,NONE,5790,0,P,P,0.00,released,RELEASED
2026-05-21 19:10:10.490,232.0451,,slider,1,0,0.00,-0.00,0.00,ACTIVE,NONE,5800,0,P,P,0.00,released,RELEASED
2026-05-21 19:10:10.891,232.4460,,slider,1,0,0.00,-0.00,0.00,ACTIVE,NONE,5810,0,P,P,0.00,released,RELEASED
2026-05-21 19:10:11.291,232.8462,,slider,1,0,0.00,-0.00,0.00,ACTIVE,NONE,5820,0,P,P,0.00,released,RELEASED
2026-05-21 19:10:11.692,233.2471,,slider,1,0,0.00,-0.00,0.00,ACTIVE,NONE,5830,0,P,P,0.00,released,RELEASED
2026-05-21 19:10:12.092,233.6467,,slider,1,0,0.00,-0.00,0.00,ACTIVE,NONE,5840,0,P,P,0.00,released,RELEASED
2026-05-21 19:10:12.493,234.0473,,slider,1,0,0.00,-0.00,0.00,ACTIVE,NONE,5850,0,P,P,0.00,released,RELEASED
2026-05-21 19:10:12.891,234.4462,,slider,1,0,0.00,-0.00,0.00,ACTIVE,NONE,5860,0,P,P,0.00,released,RELEASED
2026-05-21 19:10:13.292,234.8464,,slider,1,0,0.00,-0.00,0.00,ACTIVE,NONE,5870,0,P,P,0.00,released,RELEASED
2026-05-21 19:10:13.692,235.2463,,slider,1,0,0.00,-0.00,0.00,ACTIVE,NONE,5880,0,P,P,0.00,released,RELEASED
2026-05-21 19:10:14.092,235.6466,,slider,1,0,0.00,-0.00,0.00,ACTIVE,NONE,5890,0,P,P,0.00,released,RELEASED
2026-05-21 19:10:14.493,236.0475,,slider,1,0,0.00,-0.00,0.00,ACTIVE,NONE,5900,0,P,P,0.00,released,RELEASED
2026-05-21 19:10:14.893,236.4474,,slider,1,0,0.00,-0.00,0.00,ACTIVE,NONE,5910,0,P,P,0.00,released,RELEASED
2026-05-21 19:10:15.293,236.8473,,slider,1,0,0.00,-0.00,0.00,ACTIVE,NONE,5920,0,P,P,0.00,released,RELEASED
2026-05-21 19:10:15.692,237.2466,,slider,1,0,0.00,-0.00,0.00,ACTIVE,NONE,5930,0,P,P,0.00,released,RELEASED
2026-05-21 19:10:16.093,237.6476,,slider,1,0,0.00,-0.00,0.00,ACTIVE,NONE,5940,0,P,P,0.00,released,RELEASED
2026-05-21 19:10:16.493,238.0473,,slider,1,0,0.00,-0.00,0.00,ACTIVE,NONE,5950,0,P,P,0.00,released,RELEASED
2026-05-21 19:10:16.892,238.4464,,slider,1,0,0.00,-0.00,0.00,ACTIVE,NONE,5960,0,P,P,0.00,released,RELEASED
2026-05-21 19:10:17.293,238.8482,,slider,1,0,0.00,-0.00,0.00,ACTIVE,NONE,5970,0,P,P,0.00,released,RELEASED
2026-05-21 19:10:17.694,239.2484,,slider,1,0,0.00,-0.00,0.00,ACTIVE,NONE,5980,0,P,P,0.00,released,RELEASED
2026-05-21 19:10:18.092,239.6472,,slider,1,0,0.00,-0.00,0.00,ACTIVE,NONE,5990,0,P,P,0.00,released,RELEASED
2026-05-21 19:10:18.492,240.0471,,slider,1,0,0.00,-0.00,0.00,ACTIVE,NONE,6000,0,P,P,0.00,released,RELEASED
2026-05-21 19:10:18.892,240.4471,,slider,1,0,0.00,-0.00,0.00,ACTIVE,NONE,6010,0,P,P,0.00,released,RELEASED
2026-05-21 19:10:19.292,240.8470,,slider,1,0,0.00,-0.00,0.00,ACTIVE,NONE,6020,0,P,P,0.00,released,RELEASED
2026-05-21 19:10:19.692,241.2464,,slider,1,0,0.00,-0.00,0.00,ACTIVE,NONE,6030,0,P,P,0.00,released,RELEASED
2026-05-21 19:10:20.093,241.6473,,slider,1,0,0.00,-0.00,0.00,ACTIVE,NONE,6040,0,P,P,0.00,released,RELEASED
2026-05-21 19:10:20.492,242.0470,,slider,1,0,0.00,-0.00,0.00,ACTIVE,NONE,6050,0,P,P,0.00,released,RELEASED
2026-05-21 19:10:20.893,242.4479,,slider,1,0,0.00,-0.00,0.00,ACTIVE,NONE,6060,0,P,P,0.00,released,RELEASED
2026-05-21 19:10:21.294,242.8486,,slider,1,0,0.00,-0.00,0.00,ACTIVE,NONE,6070,0,P,P,0.00,released,RELEASED
2026-05-21 19:10:21.694,243.2489,,slider,1,0,0.00,-0.00,0.00,ACTIVE,NONE,6080,0,P,P,0.00,released,RELEASED
2026-05-21 19:10:22.094,243.6486,,slider,1,0,0.00,-0.00,0.00,ACTIVE,NONE,6090,0,P,P,0.00,released,RELEASED
2026-05-21 19:10:22.494,244.0488,,slider,1,0,0.00,-0.00,0.00,ACTIVE,NONE,6100,0,P,P,0.00,released,RELEASED
2026-05-21 19:10:22.893,244.4480,,slider,1,0,0.00,-0.00,0.00,ACTIVE,NONE,6110,0,P,P,0.00,released,RELEASED
2026-05-21 19:10:23.293,244.8479,,slider,1,0,0.00,-0.00,0.00,ACTIVE,NONE,6120,0,P,P,0.00,released,RELEASED
2026-05-21 19:10:23.696,245.2505,,slider,1,0,0.00,-0.00,0.00,ACTIVE,NONE,6130,0,P,P,0.00,released,RELEASED
2026-05-21 19:10:24.095,245.6502,,slider,1,0,0.00,-0.00,0.00,ACTIVE,NONE,6140,0,P,P,0.00,released,RELEASED
2026-05-21 19:10:24.495,246.0502,,slider,1,0,0.00,-0.00,0.00,ACTIVE,NONE,6150,0,P,P,0.00,released,RELEASED
2026-05-21 19:10:24.893,246.4480,,slider,1,0,0.00,-0.00,0.00,ACTIVE,NONE,6160,0,P,P,0.00,released,RELEASED
2026-05-21 19:10:25.295,246.8499,,slider,1,0,0.00,-0.00,0.00,ACTIVE,NONE,6170,0,P,P,0.00,released,RELEASED
2026-05-21 19:10:25.694,247.2486,,slider,1,0,0.00,-0.00,0.00,ACTIVE,NONE,6180,0,P,P,0.00,released,RELEASED
2026-05-21 19:10:26.094,247.6485,,slider,1,0,0.00,-0.00,0.00,ACTIVE,NONE,6190,0,P,P,0.00,released,RELEASED
2026-05-21 19:10:26.494,248.0488,,slider,1,0,0.00,-0.00,0.00,ACTIVE,NONE,6200,0,P,P,0.00,released,RELEASED
2026-05-21 19:10:26.894,248.4487,,slider,1,0,0.00,-0.00,0.00,ACTIVE,NONE,6210,0,P,P,0.00,released,RELEASED
2026-05-21 19:10:27.295,248.8498,,slider,1,0,0.00,-0.00,0.00,ACTIVE,NONE,6220,0,P,P,0.00,released,RELEASED
2026-05-21 19:10:27.695,249.2496,,slider,1,0,0.00,-0.00,0.00,ACTIVE,NONE,6230,0,P,P,0.00,released,RELEASED
2026-05-21 19:10:28.095,249.6501,,slider,1,0,0.00,-0.00,0.00,ACTIVE,NONE,6240,0,P,P,0.00,released,RELEASED
2026-05-21 19:10:28.495,250.0494,,slider,1,0,0.00,-0.00,0.00,ACTIVE,NONE,6250,0,P,P,0.00,released,RELEASED
2026-05-21 19:10:28.895,250.4493,,slider,1,0,0.00,-0.00,0.00,ACTIVE,NONE,6260,0,P,P,0.00,released,RELEASED
2026-05-21 19:10:29.295,250.8493,,slider,1,0,0.00,-0.00,0.00,ACTIVE,NONE,6270,0,P,P,0.00,released,RELEASED
2026-05-21 19:10:29.696,251.2503,,slider,1,0,0.00,-0.00,0.00,ACTIVE,NONE,6280,0,P,P,0.00,released,RELEASED
2026-05-21 19:10:30.096,251.6505,,slider,1,0,0.00,-0.00,0.00,ACTIVE,NONE,6290,0,P,P,0.00,released,RELEASED
2026-05-21 19:10:30.496,252.0503,,slider,1,0,0.00,-0.00,0.00,ACTIVE,NONE,6300,0,P,P,0.00,released,RELEASED
2026-05-21 19:10:30.895,252.4494,,slider,1,0,0.00,-0.00,0.00,ACTIVE,NONE,6310,0,P,P,0.00,released,RELEASED
2026-05-21 19:10:31.295,252.8494,,slider,1,0,0.00,-0.00,0.00,ACTIVE,NONE,6320,0,P,P,0.00,released,RELEASED
2026-05-21 19:10:31.694,253.2487,,slider,1,0,0.00,-0.00,0.00,ACTIVE,NONE,6330,0,P,P,0.00,released,RELEASED
2026-05-21 19:10:32.094,253.6491,,slider,1,0,0.00,-0.00,0.00,ACTIVE,NONE,6340,0,P,P,0.00,released,RELEASED
2026-05-21 19:10:32.496,254.0503,,slider,1,0,0.00,-0.00,0.00,ACTIVE,NONE,6350,0,P,P,0.00,released,RELEASED
2026-05-21 19:10:32.895,254.4494,,slider,1,0,0.00,-0.00,0.00,ACTIVE,NONE,6360,0,P,P,0.00,released,RELEASED
2026-05-21 19:10:33.295,254.8502,,slider,1,0,0.00,-0.00,0.00,ACTIVE,NONE,6370,0,P,P,0.00,released,RELEASED
2026-05-21 19:10:33.695,255.2501,,slider,1,0,0.00,-0.00,0.00,ACTIVE,NONE,6380,0,P,P,0.00,released,RELEASED
2026-05-21 19:10:34.096,255.6507,,slider,1,0,0.00,-0.00,0.00,ACTIVE,NONE,6390,0,P,P,0.00,released,RELEASED
2026-05-21 19:10:34.496,256.0506,,slider,1,0,0.00,-0.00,0.00,ACTIVE,NONE,6400,0,P,P,0.00,released,RELEASED
2026-05-21 19:10:34.896,256.4509,,slider,1,0,0.00,-0.00,0.00,ACTIVE,NONE,6410,0,P,P,0.00,released,RELEASED
2026-05-21 19:10:35.296,256.8506,,slider,1,0,0.00,-0.00,0.00,ACTIVE,NONE,6420,0,P,P,0.00,released,RELEASED
2026-05-21 19:10:35.696,257.2507,,slider,1,0,0.00,-0.00,0.00,ACTIVE,NONE,6430,0,P,P,0.00,released,RELEASED
2026-05-21 19:10:36.095,257.6498,,slider,1,0,0.00,-0.00,0.00,ACTIVE,NONE,6440,0,P,P,0.00,released,RELEASED
2026-05-21 19:10:36.496,258.0504,,slider,1,0,0.00,-0.00,0.00,ACTIVE,NONE,6450,0,P,P,0.00,released,RELEASED
2026-05-21 19:10:36.895,258.4502,,slider,1,0,0.00,-0.00,0.00,ACTIVE,NONE,6460,0,P,P,0.00,released,RELEASED
2026-05-21 19:10:37.296,258.8507,,slider,1,0,0.00,-0.00,0.00,ACTIVE,NONE,6470,0,P,P,0.00,released,RELEASED
2026-05-21 19:10:37.695,259.2496,,slider,1,0,0.00,-0.00,0.00,ACTIVE,NONE,6480,0,P,P,0.00,released,RELEASED
2026-05-21 19:10:38.095,259.6501,,slider,1,0,0.00,-0.00,0.00,ACTIVE,NONE,6490,0,P,P,0.00,released,RELEASED
2026-05-21 19:10:38.499,260.0533,,slider,1,0,0.00,-0.00,0.00,ACTIVE,NONE,6500,0,P,P,0.00,released,RELEASED
2026-05-21 19:10:38.896,260.4508,,slider,1,0,0.00,-0.00,0.00,ACTIVE,NONE,6510,0,P,P,0.00,released,RELEASED
2026-05-21 19:10:39.296,260.8503,,slider,1,0,0.00,-0.00,0.00,ACTIVE,NONE,6520,0,P,P,0.00,released,RELEASED
2026-05-21 19:10:39.696,261.2509,,slider,1,0,0.00,-0.00,0.00,ACTIVE,NONE,6530,0,P,P,0.00,released,RELEASED
2026-05-21 19:10:40.095,261.6499,,slider,1,0,0.00,-0.00,0.00,ACTIVE,NONE,6540,0,P,P,0.00,released,RELEASED
2026-05-21 19:10:40.502,262.0564,,slider,1,0,0.00,-0.00,0.00,ACTIVE,NONE,6550,0,P,P,0.00,released,RELEASED
2026-05-21 19:10:40.901,262.4561,,slider,1,0,0.00,-0.00,0.00,ACTIVE,NONE,6560,0,P,P,0.00,released,RELEASED
2026-05-21 19:10:41.301,262.8560,,slider,1,0,0.00,-0.00,0.00,ACTIVE,NONE,6570,0,P,P,0.00,released,RELEASED
2026-05-21 19:10:41.702,263.2570,,slider,1,0,0.00,-0.00,0.00,ACTIVE,NONE,6580,0,P,P,0.00,released,RELEASED
2026-05-21 19:10:42.102,263.6571,,slider,1,0,0.00,-0.00,0.00,ACTIVE,NONE,6590,0,P,P,0.00,released,RELEASED
2026-05-21 19:10:42.502,264.0565,,slider,1,0,0.00,-0.00,0.00,ACTIVE,NONE,6600,0,P,P,0.00,released,RELEASED
2026-05-21 19:10:42.902,264.4567,,slider,1,0,0.00,-0.00,0.00,ACTIVE,NONE,6610,0,P,P,0.00,released,RELEASED
2026-05-21 19:10:43.302,264.8563,,slider,1,0,0.00,-0.00,0.00,ACTIVE,NONE,6620,0,P,P,0.00,released,RELEASED
2026-05-21 19:10:43.702,265.2569,,slider,1,0,0.00,-0.00,0.00,ACTIVE,NONE,6630,0,P,P,0.00,released,RELEASED
2026-05-21 19:10:44.102,265.6569,,slider,1,0,0.00,-0.00,0.00,ACTIVE,NONE,6640,0,P,P,0.00,released,RELEASED
2026-05-21 19:10:44.504,266.0583,,slider,1,0,0.00,-0.00,0.00,ACTIVE,NONE,6650,0,P,P,0.00,released,RELEASED
2026-05-21 19:10:44.902,266.4569,,slider,1,0,0.00,-0.00,0.00,ACTIVE,NONE,6660,0,P,P,0.00,released,RELEASED
2026-05-21 19:10:45.303,266.8574,,slider,1,0,0.00,-0.00,0.00,ACTIVE,NONE,6670,0,P,P,0.00,released,RELEASED
2026-05-21 19:10:45.702,267.2565,,slider,1,0,0.00,-0.00,0.00,ACTIVE,NONE,6680,0,P,P,0.00,released,RELEASED
2026-05-21 19:10:46.102,267.6572,,slider,1,0,0.00,-0.00,0.00,ACTIVE,NONE,6690,0,P,P,0.00,released,RELEASED
2026-05-21 19:10:46.502,268.0569,,slider,1,0,0.00,-0.00,0.00,ACTIVE,NONE,6700,0,P,P,0.00,released,RELEASED
2026-05-21 19:10:46.902,268.4572,,slider,1,0,0.00,-0.00,0.00,ACTIVE,NONE,6710,0,P,P,0.00,released,RELEASED
2026-05-21 19:10:47.303,268.8575,,slider,1,0,0.00,-0.00,0.00,ACTIVE,NONE,6720,0,P,P,0.00,released,RELEASED
2026-05-21 19:10:47.702,269.2569,,slider,1,0,0.00,-0.00,0.00,ACTIVE,NONE,6730,0,P,P,0.00,released,RELEASED
2026-05-21 19:10:48.103,269.6579,,slider,1,0,0.00,-0.00,0.00,ACTIVE,NONE,6740,0,P,P,0.00,released,RELEASED
2026-05-21 19:10:48.503,270.0577,,slider,1,0,0.00,-0.00,0.00,ACTIVE,NONE,6750,0,P,P,0.00,released,RELEASED
2026-05-21 19:10:48.903,270.4573,,slider,1,0,0.00,-0.00,0.00,ACTIVE,NONE,6760,0,P,P,0.00,released,RELEASED
2026-05-21 19:10:49.303,270.8573,,slider,1,0,0.00,-0.00,0.00,ACTIVE,NONE,6770,0,P,P,0.00,released,RELEASED
2026-05-21 19:10:49.703,271.2580,,slider,1,0,0.00,-0.00,0.00,ACTIVE,NONE,6780,0,P,P,0.00,released,RELEASED
2026-05-21 19:10:50.104,271.6583,,slider,1,0,0.00,-0.00,0.00,ACTIVE,NONE,6790,0,P,P,0.00,released,RELEASED
2026-05-21 19:10:50.503,272.0579,,slider,1,0,0.00,-0.00,0.00,ACTIVE,NONE,6800,0,P,P,0.00,released,RELEASED
2026-05-21 19:10:50.904,272.4585,,slider,1,0,0.00,-0.00,0.00,ACTIVE,NONE,6810,0,P,P,0.00,released,RELEASED
2026-05-21 19:10:51.304,272.8587,,slider,1,0,0.00,-0.00,0.00,ACTIVE,NONE,6820,0,P,P,0.00,released,RELEASED
2026-05-21 19:10:51.703,273.2583,,slider,1,0,0.00,-0.00,0.00,ACTIVE,NONE,6830,0,P,P,0.00,released,RELEASED
2026-05-21 19:10:52.103,273.6579,,slider,1,0,0.00,-0.00,0.00,ACTIVE,NONE,6840,0,P,P,0.00,released,RELEASED
2026-05-21 19:10:52.503,274.0580,,slider,1,0,0.00,-0.00,0.00,ACTIVE,NONE,6850,0,P,P,0.00,released,RELEASED
2026-05-21 19:10:52.903,274.4580,,slider,1,0,0.00,-0.00,0.00,ACTIVE,NONE,6860,0,P,P,0.00,released,RELEASED
2026-05-21 19:10:53.304,274.8584,,slider,1,0,0.00,-0.00,0.00,ACTIVE,NONE,6870,0,P,P,0.00,released,RELEASED
2026-05-21 19:10:53.704,275.2584,,slider,1,0,0.00,-0.00,0.00,ACTIVE,NONE,6880,0,P,P,0.00,released,RELEASED
2026-05-21 19:10:54.104,275.6589,,slider,1,0,0.00,-0.00,0.00,ACTIVE,NONE,6890,0,P,P,0.00,released,RELEASED
2026-05-21 19:10:54.504,276.0585,,slider,1,0,0.00,-0.00,0.00,ACTIVE,NONE,6900,0,P,P,0.00,released,RELEASED
2026-05-21 19:10:54.904,276.4589,,slider,1,0,0.00,-0.00,0.00,ACTIVE,NONE,6910,0,P,P,0.00,released,RELEASED
2026-05-21 19:10:55.304,276.8586,,slider,1,0,0.00,-0.00,0.00,ACTIVE,NONE,6920,0,P,P,0.00,released,RELEASED
2026-05-21 19:10:55.704,277.2591,,slider,1,0,0.00,-0.00,0.00,ACTIVE,NONE,6930,0,P,P,0.00,released,RELEASED
2026-05-21 19:10:56.104,277.6588,,slider,1,0,0.00,-0.00,0.00,ACTIVE,NONE,6940,0,P,P,0.00,released,RELEASED
2026-05-21 19:10:56.504,278.0588,,slider,1,0,0.00,-0.00,0.00,ACTIVE,NONE,6950,0,P,P,0.00,released,RELEASED
2026-05-21 19:10:56.904,278.4588,,slider,1,0,0.00,-0.00,0.00,ACTIVE,NONE,6960,0,P,P,0.00,released,RELEASED
2026-05-21 19:10:57.304,278.8587,,slider,1,0,0.00,-0.00,0.00,ACTIVE,NONE,6970,0,P,P,0.00,released,RELEASED
2026-05-21 19:10:57.705,279.2594,,slider,1,0,0.00,-0.00,0.00,ACTIVE,NONE,6980,0,P,P,0.00,released,RELEASED
2026-05-21 19:10:58.104,279.6591,,slider,1,0,0.00,-0.00,0.00,ACTIVE,NONE,6990,0,P,P,0.00,released,RELEASED
2026-05-21 19:10:58.504,280.0591,,slider,1,0,0.00,-0.00,0.00,ACTIVE,NONE,7000,0,P,P,0.00,released,RELEASED
2026-05-21 19:10:58.904,280.4591,,slider,1,0,0.00,-0.00,0.00,ACTIVE,NONE,7010,0,P,P,0.00,released,RELEASED
2026-05-21 19:10:59.305,280.8595,,slider,1,0,0.00,-0.00,0.00,ACTIVE,NONE,7020,0,P,P,0.00,released,RELEASED
2026-05-21 19:10:59.704,281.2592,,slider,1,0,0.00,-0.00,0.00,ACTIVE,NONE,7030,0,P,P,0.00,released,RELEASED
2026-05-21 19:11:00.105,281.6597,,slider,1,0,0.00,-0.00,0.00,ACTIVE,NONE,7040,0,P,P,0.00,released,RELEASED
2026-05-21 19:11:00.505,282.0597,,slider,1,0,0.00,-0.00,0.00,ACTIVE,NONE,7050,0,P,P,0.00,released,RELEASED
2026-05-21 19:11:00.904,282.4592,,slider,1,0,0.00,-0.00,0.00,ACTIVE,NONE,7060,0,P,P,0.00,released,RELEASED
2026-05-21 19:11:01.305,282.8595,,slider,1,0,0.00,-0.00,0.00,ACTIVE,NONE,7070,0,P,P,0.00,released,RELEASED
2026-05-21 19:11:01.705,283.2596,,slider,1,0,0.00,-0.00,0.00,ACTIVE,NONE,7080,0,P,P,0.00,released,RELEASED
2026-05-21 19:11:02.105,283.6597,,slider,1,0,0.00,-0.00,0.00,ACTIVE,NONE,7090,0,P,P,0.00,released,RELEASED
2026-05-21 19:11:02.505,284.0598,,slider,1,0,0.00,-0.00,0.00,ACTIVE,NONE,7100,0,P,P,0.00,released,RELEASED
2026-05-21 19:11:02.905,284.4597,,slider,1,0,0.00,-0.00,0.00,ACTIVE,NONE,7110,0,P,P,0.00,released,RELEASED
2026-05-21 19:11:03.305,284.8597,,slider,1,0,0.00,-0.00,0.00,ACTIVE,NONE,7120,0,P,P,0.00,released,RELEASED
2026-05-21 19:11:03.705,285.2597,,slider,1,0,0.00,-0.00,0.00,ACTIVE,NONE,7130,0,P,P,0.00,released,RELEASED
2026-05-21 19:11:04.105,285.6601,,slider,1,0,0.00,-0.00,0.00,ACTIVE,NONE,7140,0,P,P,0.00,released,RELEASED
2026-05-21 19:11:04.506,286.0603,,slider,1,0,0.00,-0.00,0.00,ACTIVE,NONE,7150,0,P,P,0.00,released,RELEASED
2026-05-21 19:11:04.905,286.4598,,slider,1,0,0.00,-0.00,0.00,ACTIVE,NONE,7160,0,P,P,0.00,released,RELEASED
2026-05-21 19:11:05.305,286.8597,,slider,1,0,0.00,-0.00,0.00,ACTIVE,NONE,7170,0,P,P,0.00,released,RELEASED
2026-05-21 19:11:05.705,287.2599,,slider,1,0,0.00,-0.00,0.00,ACTIVE,NONE,7180,0,P,P,0.00,released,RELEASED
2026-05-21 19:11:06.105,287.6601,,slider,1,0,0.00,-0.00,0.00,ACTIVE,NONE,7190,0,P,P,0.00,released,RELEASED
2026-05-21 19:11:06.505,288.0598,,slider,1,0,0.00,-0.00,0.00,ACTIVE,NONE,7200,0,P,P,0.00,released,RELEASED
2026-05-21 19:11:06.906,288.4603,,slider,1,0,0.00,-0.00,0.00,ACTIVE,NONE,7210,0,P,P,0.00,released,RELEASED
2026-05-21 19:11:07.305,288.8600,,slider,1,0,0.00,-0.00,0.00,ACTIVE,NONE,7220,0,P,P,0.00,released,RELEASED
2026-05-21 19:11:07.705,289.2601,,slider,1,0,0.00,-0.00,0.00,ACTIVE,NONE,7230,0,P,P,0.00,released,RELEASED
2026-05-21 19:11:08.106,289.6604,,slider,1,0,0.00,-0.00,0.00,ACTIVE,NONE,7240,0,P,P,0.00,released,RELEASED
2026-05-21 19:11:08.506,290.0606,,slider,1,0,0.00,-0.00,0.00,ACTIVE,NONE,7250,0,P,P,0.00,released,RELEASED
2026-05-21 19:11:08.906,290.4604,,slider,1,0,0.00,-0.00,0.00,ACTIVE,NONE,7260,0,P,P,0.00,released,RELEASED
2026-05-21 19:11:09.305,290.8602,,slider,1,0,0.00,-0.00,0.00,ACTIVE,NONE,7270,0,P,P,0.00,released,RELEASED
2026-05-21 19:11:09.706,291.2607,,slider,1,0,0.00,-0.00,0.00,ACTIVE,NONE,7280,0,P,P,0.00,released,RELEASED
2026-05-21 19:11:10.106,291.6606,,slider,1,0,0.00,-0.00,0.00,ACTIVE,NONE,7290,0,P,P,0.00,released,RELEASED
2026-05-21 19:11:10.506,292.0606,,slider,1,0,0.00,-0.00,0.00,ACTIVE,NONE,7300,0,P,P,0.00,released,RELEASED
2026-05-21 19:11:10.906,292.4612,,slider,1,0,0.00,-0.00,0.00,ACTIVE,NONE,7310,0,P,P,0.00,released,RELEASED
2026-05-21 19:11:11.306,292.8605,,slider,1,0,0.00,-0.00,0.00,ACTIVE,NONE,7320,0,P,P,0.00,released,RELEASED
2026-05-21 19:11:11.706,293.2607,,slider,1,0,0.00,-0.00,0.00,ACTIVE,NONE,7330,0,P,P,0.00,released,RELEASED
2026-05-21 19:11:12.106,293.6606,,slider,1,0,0.00,-0.00,0.00,ACTIVE,NONE,7340,0,P,P,0.00,released,RELEASED
2026-05-21 19:11:12.506,294.0609,,slider,1,0,0.00,-0.00,0.00,ACTIVE,NONE,7350,0,P,P,0.00,released,RELEASED
2026-05-21 19:11:12.906,294.4608,,slider,1,0,0.00,-0.00,0.00,ACTIVE,NONE,7360,0,P,P,0.00,released,RELEASED
2026-05-21 19:11:13.306,294.8608,,slider,1,0,0.00,-0.00,0.00,ACTIVE,NONE,7370,0,P,P,0.00,released,RELEASED
2026-05-21 19:11:13.706,295.2610,,slider,1,0,0.00,-0.00,0.00,ACTIVE,NONE,7380,0,P,P,0.00,released,RELEASED
2026-05-21 19:11:14.106,295.6610,,slider,1,0,0.00,-0.00,0.00,ACTIVE,NONE,7390,0,P,P,0.00,released,RELEASED
2026-05-21 19:11:14.507,296.0620,,slider,1,0,0.00,-0.00,0.00,ACTIVE,NONE,7400,0,P,P,0.00,released,RELEASED
2026-05-21 19:11:14.906,296.4610,,slider,1,0,0.00,-0.00,0.00,ACTIVE,NONE,7410,0,P,P,0.00,released,RELEASED
2026-05-21 19:11:15.306,296.8608,,slider,1,0,0.00,-0.00,0.00,ACTIVE,NONE,7420,0,P,P,0.00,released,RELEASED
2026-05-21 19:11:15.707,297.2615,,slider,1,0,0.00,-0.00,0.00,ACTIVE,NONE,7430,0,P,P,0.00,released,RELEASED
2026-05-21 19:11:16.106,297.6612,,slider,1,0,0.00,-0.00,0.00,ACTIVE,NONE,7440,0,P,P,0.00,released,RELEASED
2026-05-21 19:11:16.506,298.0612,,slider,1,0,0.00,-0.00,0.00,ACTIVE,NONE,7450,0,P,P,0.00,released,RELEASED
2026-05-21 19:11:16.906,298.4610,,slider,1,0,0.00,-0.00,0.00,ACTIVE,NONE,7460,0,P,P,0.00,released,RELEASED
2026-05-21 19:11:17.306,298.8612,,slider,1,0,0.00,-0.00,0.00,ACTIVE,NONE,7470,0,P,P,0.00,released,RELEASED
2026-05-21 19:11:17.707,299.2613,,slider,1,0,0.00,-0.00,0.00,ACTIVE,NONE,7480,0,P,P,0.00,released,RELEASED
2026-05-21 19:11:18.106,299.6612,,slider,1,0,0.00,-0.00,0.00,ACTIVE,NONE,7490,0,P,P,0.00,released,RELEASED
2026-05-21 19:11:18.507,300.0613,,slider,1,0,0.00,-0.00,0.00,ACTIVE,NONE,7500,0,P,P,0.00,released,RELEASED
2026-05-21 19:11:18.907,300.4614,,slider,1,0,0.00,-0.00,0.00,ACTIVE,NONE,7510,0,P,P,0.00,released,RELEASED
2026-05-21 19:11:19.307,300.8614,,slider,1,0,0.00,-0.00,0.00,ACTIVE,NONE,7520,0,P,P,0.00,released,RELEASED
2026-05-21 19:11:19.691,301.2461,,slider,1,0,0.00,-0.00,0.00,ACTIVE,NONE,7530,0,P,P,0.00,released,RELEASED
2026-05-21 19:11:20.091,301.6461,,slider,1,0,0.00,-0.00,0.00,ACTIVE,NONE,7540,0,P,P,0.00,released,RELEASED
2026-05-21 19:11:20.507,302.0616,,slider,1,0,0.00,-0.00,0.00,ACTIVE,NONE,7550,0,P,P,0.00,released,RELEASED
2026-05-21 19:11:20.892,302.4463,,slider,1,0,0.00,-0.00,0.00,ACTIVE,NONE,7560,0,P,P,0.00,released,RELEASED
2026-05-21 19:11:21.291,302.8456,,slider,1,0,0.00,-0.00,0.00,ACTIVE,NONE,7570,0,P,P,0.00,released,RELEASED
2026-05-21 19:11:21.707,303.2617,,slider,1,0,0.00,-0.00,0.00,ACTIVE,NONE,7580,0,P,P,0.00,released,RELEASED
2026-05-21 19:11:22.107,303.6619,,slider,1,0,0.00,-0.00,0.00,ACTIVE,NONE,7590,0,P,P,0.00,released,RELEASED
2026-05-21 19:11:22.507,304.0621,,slider,1,0,0.00,-0.00,0.00,ACTIVE,NONE,7600,0,P,P,0.00,released,RELEASED
2026-05-21 19:11:22.892,304.4465,,slider,1,0,0.00,-0.00,0.00,ACTIVE,NONE,7610,0,P,P,0.00,released,RELEASED
2026-05-21 19:11:23.291,304.8453,,slider,1,0,0.00,-0.00,0.00,ACTIVE,NONE,7620,0,P,P,0.00,released,RELEASED
2026-05-21 19:11:23.708,305.2625,,slider,1,0,0.00,-0.00,0.00,ACTIVE,NONE,7630,0,P,P,0.00,released,RELEASED
2026-05-21 19:11:24.108,305.6623,,slider,1,0,0.00,-0.00,0.00,ACTIVE,NONE,7640,0,P,P,0.00,released,RELEASED
2026-05-21 19:11:24.507,306.0621,,slider,1,0,0.00,-0.00,0.00,ACTIVE,NONE,7650,0,P,P,0.00,released,RELEASED
2026-05-21 19:11:24.891,306.4459,,slider,1,0,0.00,-0.00,0.00,ACTIVE,NONE,7660,0,P,P,0.00,released,RELEASED
2026-05-21 19:11:25.307,306.8622,,slider,1,0,0.00,-0.00,0.00,ACTIVE,NONE,7670,0,P,P,0.00,released,RELEASED
2026-05-21 19:11:25.708,307.2623,,slider,1,0,0.00,-0.00,0.00,ACTIVE,NONE,7680,0,P,P,0.00,released,RELEASED
2026-05-21 19:11:26.108,307.6623,,slider,1,0,0.00,-0.00,0.00,ACTIVE,NONE,7690,0,P,P,0.00,released,RELEASED
2026-05-21 19:11:26.508,308.0624,,slider,1,0,0.00,-0.00,0.00,ACTIVE,NONE,7700,0,P,P,0.00,released,RELEASED
2026-05-21 19:11:26.908,308.4625,,slider,1,0,0.00,-0.00,0.00,ACTIVE,NONE,7710,0,P,P,0.00,released,RELEASED
2026-05-21 19:11:27.291,308.8461,,slider,1,0,0.00,-0.00,0.00,ACTIVE,NONE,7720,0,P,P,0.00,released,RELEASED
2026-05-21 19:11:27.708,309.2627,,slider,1,0,0.00,-0.00,0.00,ACTIVE,NONE,7730,0,P,P,0.00,released,RELEASED
2026-05-21 19:11:28.108,309.6626,,slider,1,0,0.00,-0.00,0.00,ACTIVE,NONE,7740,0,P,P,0.00,released,RELEASED
2026-05-21 19:11:28.492,310.0464,,slider,1,0,0.00,-0.00,0.00,ACTIVE,NONE,7750,0,P,P,0.00,released,RELEASED
2026-05-21 19:11:28.891,310.4462,,slider,1,0,0.00,-0.00,0.00,ACTIVE,NONE,7760,0,P,P,0.00,released,RELEASED
2026-05-21 19:11:29.292,310.8469,,slider,1,0,0.00,-0.00,0.00,ACTIVE,NONE,7770,0,P,P,0.00,released,RELEASED
2026-05-21 19:11:29.708,311.2629,,slider,1,0,0.00,-0.00,0.00,ACTIVE,NONE,7780,0,P,P,0.00,released,RELEASED
2026-05-21 19:11:30.108,311.6631,,slider,1,0,0.00,-0.00,0.00,ACTIVE,NONE,7790,0,P,P,0.00,released,RELEASED
2026-05-21 19:11:30.492,312.0466,,slider,1,0,0.00,-0.00,0.00,ACTIVE,NONE,7800,0,P,P,0.00,released,RELEASED
2026-05-21 19:11:30.909,312.4633,,slider,1,0,0.00,-0.00,0.00,ACTIVE,NONE,7810,0,P,P,0.00,released,RELEASED
2026-05-21 19:11:31.309,312.8633,,slider,1,0,0.00,-0.00,0.00,ACTIVE,NONE,7820,0,P,P,0.00,released,RELEASED
2026-05-21 19:11:31.691,313.2454,,slider,1,0,0.00,-0.00,0.00,ACTIVE,NONE,7830,0,P,P,0.00,released,RELEASED
2026-05-21 19:11:32.109,313.6634,,slider,1,0,0.00,-0.00,0.00,ACTIVE,NONE,7840,0,P,P,0.00,released,RELEASED
2026-05-21 19:11:32.509,314.0634,,slider,1,0,0.00,-0.00,0.00,ACTIVE,NONE,7850,0,P,P,0.00,released,RELEASED
2026-05-21 19:11:32.909,314.4635,,slider,1,0,0.00,-0.00,0.00,ACTIVE,NONE,7860,0,P,P,0.00,released,RELEASED
2026-05-21 19:11:33.309,314.8635,,slider,1,0,0.00,-0.00,0.00,ACTIVE,NONE,7870,0,P,P,0.00,released,RELEASED
2026-05-21 19:11:33.692,315.2469,,slider,1,0,0.00,-0.00,0.00,ACTIVE,NONE,7880,0,P,P,0.00,released,RELEASED
2026-05-21 19:11:34.093,315.6474,,slider,1,0,0.00,-0.00,0.00,ACTIVE,NONE,7890,0,P,P,0.00,released,RELEASED
2026-05-21 19:11:34.509,316.0642,,slider,1,0,0.00,-0.00,0.00,ACTIVE,NONE,7900,0,P,P,0.00,released,RELEASED
2026-05-21 19:11:34.893,316.4477,,slider,1,0,0.00,-0.00,0.00,ACTIVE,NONE,7910,0,P,P,0.00,released,RELEASED
2026-05-21 19:11:35.292,316.8468,,slider,1,0,0.00,-0.00,0.00,ACTIVE,NONE,7920,0,P,P,0.00,released,RELEASED
2026-05-21 19:11:35.709,317.2638,,slider,1,0,0.00,-0.00,0.00,ACTIVE,NONE,7930,0,P,P,0.00,released,RELEASED
2026-05-21 19:11:36.109,317.6638,,slider,1,0,0.00,-0.00,0.00,ACTIVE,NONE,7940,0,P,P,0.00,released,RELEASED
2026-05-21 19:11:36.493,318.0473,,slider,1,0,0.00,-0.00,0.00,ACTIVE,NONE,7950,0,P,P,0.00,released,RELEASED
2026-05-21 19:11:36.892,318.4471,,slider,1,0,0.00,-0.00,0.00,ACTIVE,NONE,7960,0,P,P,0.00,released,RELEASED
2026-05-21 19:11:37.291,318.8462,,slider,1,0,0.00,-0.00,0.00,ACTIVE,NONE,7970,0,P,P,0.00,released,RELEASED
2026-05-21 19:11:37.709,319.2641,,slider,1,0,0.00,-0.00,0.00,ACTIVE,NONE,7980,0,P,P,0.00,released,RELEASED
2026-05-21 19:11:38.093,319.6474,,slider,1,0,0.00,-0.00,0.00,ACTIVE,NONE,7990,0,P,P,0.00,released,RELEASED
2026-05-21 19:11:38.509,320.0642,,slider,1,0,0.00,-0.00,0.00,ACTIVE,NONE,8000,0,P,P,0.00,released,RELEASED
2026-05-21 19:11:38.892,320.4465,,slider,1,0,0.00,-0.00,0.00,ACTIVE,NONE,8010,0,P,P,0.00,released,RELEASED
2026-05-21 19:11:39.292,320.8463,,slider,1,0,0.00,-0.00,0.00,ACTIVE,NONE,8020,0,P,P,0.00,released,RELEASED
2026-05-21 19:11:39.691,321.2461,,slider,1,0,0.00,-0.00,0.00,ACTIVE,NONE,8030,0,P,P,0.00,released,RELEASED
2026-05-21 19:11:40.091,321.6461,,slider,1,0,0.00,-0.00,0.00,ACTIVE,NONE,8040,0,P,P,0.00,released,RELEASED
2026-05-21 19:11:40.492,322.0463,,slider,1,0,0.00,-0.00,0.00,ACTIVE,NONE,8050,0,P,P,0.00,released,RELEASED
2026-05-21 19:11:40.894,322.4488,,slider,1,0,0.00,-0.00,0.00,ACTIVE,NONE,8060,0,P,P,0.00,released,RELEASED
2026-05-21 19:11:41.294,322.8490,,slider,1,0,0.00,-0.00,0.00,ACTIVE,NONE,8070,0,P,P,0.00,released,RELEASED
2026-05-21 19:11:41.693,323.2473,,slider,1,0,0.00,-0.00,0.00,ACTIVE,NONE,8080,0,P,P,0.00,released,RELEASED
2026-05-21 19:11:42.092,323.6469,,slider,1,0,0.00,-0.00,0.00,ACTIVE,NONE,8090,0,P,P,0.00,released,RELEASED
2026-05-21 19:11:42.493,324.0480,,slider,1,0,0.00,-0.00,0.00,ACTIVE,NONE,8100,0,P,P,0.00,released,RELEASED
2026-05-21 19:11:42.893,324.4482,,slider,1,0,0.00,-0.00,0.00,ACTIVE,NONE,8110,0,P,P,0.00,released,RELEASED
2026-05-21 19:11:43.293,324.8473,,slider,1,0,0.00,-0.00,0.00,ACTIVE,NONE,8120,0,P,P,0.00,released,RELEASED
2026-05-21 19:11:43.694,325.2486,,slider,1,0,0.00,-0.00,0.00,ACTIVE,NONE,8130,0,P,P,0.00,released,RELEASED
2026-05-21 19:11:44.092,325.6468,,slider,1,0,0.00,-0.00,0.00,ACTIVE,NONE,8140,0,P,P,0.00,released,RELEASED
2026-05-21 19:11:44.492,326.0467,,slider,1,0,0.00,-0.00,0.00,ACTIVE,NONE,8150,0,P,P,0.00,released,RELEASED
2026-05-21 19:11:44.894,326.4490,,slider,1,0,0.00,-0.00,0.00,ACTIVE,NONE,8160,0,P,P,0.00,released,RELEASED
2026-05-21 19:11:45.293,326.8477,,slider,1,0,0.00,-0.00,0.00,ACTIVE,NONE,8170,0,P,P,0.00,released,RELEASED
2026-05-21 19:11:45.693,327.2483,,slider,1,0,0.00,-0.00,0.00,ACTIVE,NONE,8180,0,P,P,0.00,released,RELEASED
2026-05-21 19:11:46.094,327.6485,,slider,1,0,0.00,-0.00,0.00,ACTIVE,NONE,8190,0,P,P,0.00,released,RELEASED
2026-05-21 19:11:46.493,328.0479,,slider,1,0,0.00,-0.00,0.00,ACTIVE,NONE,8200,0,P,P,0.00,released,RELEASED
2026-05-21 19:11:46.893,328.4477,,slider,1,0,0.00,-0.00,0.00,ACTIVE,NONE,8210,0,P,P,0.00,released,RELEASED
2026-05-21 19:11:47.293,328.8483,,slider,1,0,0.00,-0.00,0.00,ACTIVE,NONE,8220,0,P,P,0.00,released,RELEASED
2026-05-21 19:11:47.695,329.2497,,slider,1,0,0.00,-0.00,0.00,ACTIVE,NONE,8230,0,P,P,0.00,released,RELEASED
2026-05-21 19:11:48.093,329.6477,,slider,1,0,0.00,-0.00,0.00,ACTIVE,NONE,8240,0,P,P,0.00,released,RELEASED
2026-05-21 19:11:48.493,330.0477,,slider,1,0,0.00,-0.00,0.00,ACTIVE,NONE,8250,0,P,P,0.00,released,RELEASED
2026-05-21 19:11:48.893,330.4476,,slider,1,0,0.00,-0.00,0.00,ACTIVE,NONE,8260,0,P,P,0.00,released,RELEASED
2026-05-21 19:11:49.293,330.8473,,slider,1,0,0.00,-0.00,0.00,ACTIVE,NONE,8270,0,P,P,0.00,released,RELEASED
2026-05-21 19:11:49.694,331.2484,,slider,1,0,0.00,-0.00,0.00,ACTIVE,NONE,8280,0,P,P,0.00,released,RELEASED
2026-05-21 19:11:50.093,331.6475,,slider,1,0,0.00,-0.00,0.00,ACTIVE,NONE,8290,0,P,P,0.00,released,RELEASED
2026-05-21 19:11:50.494,332.0487,,slider,1,0,0.00,-0.00,0.00,ACTIVE,NONE,8300,0,P,P,0.00,released,RELEASED
2026-05-21 19:11:50.893,332.4477,,slider,1,0,0.00,-0.00,0.00,ACTIVE,NONE,8310,0,P,P,0.00,released,RELEASED
2026-05-21 19:11:51.294,332.8487,,slider,1,0,0.00,-0.00,0.00,ACTIVE,NONE,8320,0,P,P,0.00,released,RELEASED
2026-05-21 19:11:51.693,333.2478,,slider,1,0,0.00,-0.00,0.00,ACTIVE,NONE,8330,0,P,P,0.00,released,RELEASED
2026-05-21 19:11:52.093,333.6478,,slider,1,0,0.00,-0.00,0.00,ACTIVE,NONE,8340,0,P,P,0.00,released,RELEASED
2026-05-21 19:11:52.493,334.0479,,slider,1,0,0.00,-0.00,0.00,ACTIVE,NONE,8350,0,P,P,0.00,released,RELEASED
2026-05-21 19:11:52.893,334.4482,,slider,1,0,0.00,-0.00,0.00,ACTIVE,NONE,8360,0,P,P,0.00,released,RELEASED
2026-05-21 19:11:53.293,334.8481,,slider,1,0,0.00,-0.00,0.00,ACTIVE,NONE,8370,0,P,P,0.00,released,RELEASED
2026-05-21 19:11:53.694,335.2486,,slider,1,0,0.00,-0.00,0.00,ACTIVE,NONE,8380,0,P,P,0.00,released,RELEASED
2026-05-21 19:11:54.094,335.6486,,slider,1,0,0.00,-0.00,0.00,ACTIVE,NONE,8390,0,P,P,0.00,released,RELEASED
2026-05-21 19:11:54.493,336.0479,,slider,1,0,0.00,-0.00,0.00,ACTIVE,NONE,8400,0,P,P,0.00,released,RELEASED
2026-05-21 19:11:54.893,336.4478,,slider,1,0,0.00,-0.00,0.00,ACTIVE,NONE,8410,0,P,P,0.00,released,RELEASED
2026-05-21 19:11:55.295,336.8497,,slider,1,0,0.00,-0.00,0.00,ACTIVE,NONE,8420,0,P,P,0.00,released,RELEASED
2026-05-21 19:11:55.694,337.2486,,slider,1,0,0.00,-0.00,0.00,ACTIVE,NONE,8430,0,P,P,0.00,released,RELEASED
2026-05-21 19:11:56.095,337.6494,,slider,1,0,0.00,-0.00,0.00,ACTIVE,NONE,8440,0,P,P,0.00,released,RELEASED
2026-05-21 19:11:56.497,338.0516,,slider,1,0,0.00,-0.00,0.00,ACTIVE,NONE,8450,0,P,P,0.00,released,RELEASED
2026-05-21 19:11:56.894,338.4488,,slider,1,0,0.00,-0.00,0.00,ACTIVE,NONE,8460,0,P,P,0.00,released,RELEASED
2026-05-21 19:11:57.294,338.8493,,slider,1,0,0.00,-0.00,0.00,ACTIVE,NONE,8470,0,P,P,0.00,released,RELEASED
2026-05-21 19:11:57.694,339.2492,,slider,1,0,0.00,-0.00,0.00,ACTIVE,NONE,8480,0,P,P,0.00,released,RELEASED
2026-05-21 19:11:58.096,339.6505,,slider,1,0,0.00,-0.00,0.00,ACTIVE,NONE,8490,0,P,P,0.00,released,RELEASED
2026-05-21 19:11:58.495,340.0495,,slider,1,0,0.00,-0.00,0.00,ACTIVE,NONE,8500,0,P,P,0.00,released,RELEASED
2026-05-21 19:11:58.894,340.4487,,slider,1,0,0.00,-0.00,0.00,ACTIVE,NONE,8510,0,P,P,0.00,released,RELEASED
2026-05-21 19:11:59.296,340.8507,,slider,1,0,0.00,-0.00,0.00,ACTIVE,NONE,8520,0,P,P,0.00,released,RELEASED
2026-05-21 19:11:59.695,341.2498,,slider,1,0,0.00,-0.00,0.00,ACTIVE,NONE,8530,0,P,P,0.00,released,RELEASED
2026-05-21 19:12:00.096,341.6508,,slider,1,0,0.00,-0.00,0.00,ACTIVE,NONE,8540,0,P,P,0.00,released,RELEASED
2026-05-21 19:12:00.497,342.0519,,slider,1,0,0.00,-0.00,0.00,ACTIVE,NONE,8550,0,P,P,0.00,released,RELEASED
2026-05-21 19:12:00.894,342.4490,,slider,1,0,0.00,-0.00,0.00,ACTIVE,NONE,8560,0,P,P,0.00,released,RELEASED
2026-05-21 19:12:01.294,342.8489,,slider,1,0,0.00,-0.00,0.00,ACTIVE,NONE,8570,0,P,P,0.00,released,RELEASED
2026-05-21 19:12:01.695,343.2496,,slider,1,0,0.00,-0.00,0.00,ACTIVE,NONE,8580,0,P,P,0.00,released,RELEASED
2026-05-21 19:12:02.094,343.6490,,slider,1,0,0.00,-0.00,0.00,ACTIVE,NONE,8590,0,P,P,0.00,released,RELEASED
2026-05-21 19:12:02.495,344.0493,,slider,1,0,0.00,-0.00,0.00,ACTIVE,NONE,8600,0,P,P,0.00,released,RELEASED
2026-05-21 19:12:02.895,344.4498,,slider,1,0,0.00,-0.00,0.00,ACTIVE,NONE,8610,0,P,P,0.00,released,RELEASED
2026-05-21 19:12:03.297,344.8517,,slider,1,0,0.00,-0.00,0.00,ACTIVE,NONE,8620,0,P,P,0.00,released,RELEASED
2026-05-21 19:12:03.694,345.2491,,slider,1,0,0.00,-0.00,0.00,ACTIVE,NONE,8630,0,P,P,0.00,released,RELEASED
2026-05-21 19:12:04.095,345.6498,,slider,1,0,0.00,-0.00,0.00,ACTIVE,NONE,8640,0,P,P,0.00,released,RELEASED
2026-05-21 19:12:04.495,346.0498,,slider,1,0,0.00,-0.00,0.00,ACTIVE,NONE,8650,0,P,P,0.00,released,RELEASED
2026-05-21 19:12:04.894,346.4492,,slider,1,0,0.00,-0.00,0.00,ACTIVE,NONE,8660,0,P,P,0.00,released,RELEASED
2026-05-21 19:12:05.296,346.8508,,slider,1,0,0.00,-0.00,0.00,ACTIVE,NONE,8670,0,P,P,0.00,released,RELEASED
2026-05-21 19:12:05.695,347.2496,,slider,1,0,0.00,-0.00,0.00,ACTIVE,NONE,8680,0,P,P,0.00,released,RELEASED
2026-05-21 19:12:06.095,347.6501,,slider,1,0,0.00,-0.00,0.00,ACTIVE,NONE,8690,0,P,P,0.00,released,RELEASED
2026-05-21 19:12:06.495,348.0494,,slider,1,0,0.00,-0.00,0.00,ACTIVE,NONE,8700,0,P,P,0.00,released,RELEASED
2026-05-21 19:12:06.894,348.4492,,slider,1,0,0.00,-0.00,0.00,ACTIVE,NONE,8710,0,P,P,0.00,released,RELEASED
2026-05-21 19:12:07.294,348.8492,,slider,1,0,0.00,-0.00,0.00,ACTIVE,NONE,8720,0,P,P,0.00,released,RELEASED
2026-05-21 19:12:07.695,349.2497,,slider,1,0,0.00,-0.00,0.00,ACTIVE,NONE,8730,0,P,P,0.00,released,RELEASED
2026-05-21 19:12:08.095,349.6498,,slider,1,0,0.00,-0.00,0.00,ACTIVE,NONE,8740,0,P,P,0.00,released,RELEASED
2026-05-21 19:12:08.495,350.0497,,slider,1,0,0.00,-0.00,0.00,ACTIVE,NONE,8750,0,P,P,0.00,released,RELEASED
2026-05-21 19:12:08.895,350.4499,,slider,1,0,0.00,-0.00,0.00,ACTIVE,NONE,8760,0,P,P,0.00,released,RELEASED
2026-05-21 19:12:09.295,350.8501,,slider,1,0,0.00,-0.00,0.00,ACTIVE,NONE,8770,0,P,P,0.00,released,RELEASED
2026-05-21 19:12:09.695,351.2496,,slider,1,0,0.00,-0.00,0.00,ACTIVE,NONE,8780,0,P,P,0.00,released,RELEASED
2026-05-21 19:12:10.095,351.6497,,slider,1,0,0.00,-0.00,0.00,ACTIVE,NONE,8790,0,P,P,0.00,released,RELEASED
2026-05-21 19:12:10.495,352.0498,,slider,1,0,0.00,-0.00,0.00,ACTIVE,NONE,8800,0,P,P,0.00,released,RELEASED
2026-05-21 19:12:10.895,352.4498,,slider,1,0,0.00,-0.00,0.00,ACTIVE,NONE,8810,0,P,P,0.00,released,RELEASED
2026-05-21 19:12:11.296,352.8509,,slider,1,0,0.00,-0.00,0.00,ACTIVE,NONE,8820,0,P,P,0.00,released,RELEASED
2026-05-21 19:12:11.695,353.2498,,slider,1,0,0.00,-0.00,0.00,ACTIVE,NONE,8830,0,P,P,0.00,released,RELEASED
2026-05-21 19:12:12.096,353.6511,,slider,1,0,0.00,-0.00,0.00,ACTIVE,NONE,8840,0,P,P,0.00,released,RELEASED
2026-05-21 19:12:12.498,354.0524,,slider,1,0,0.00,-0.00,0.00,ACTIVE,NONE,8850,0,P,P,0.00,released,RELEASED
2026-05-21 19:12:12.896,354.4510,,slider,1,0,0.00,-0.00,0.00,ACTIVE,NONE,8860,0,P,P,0.00,released,RELEASED
2026-05-21 19:12:13.297,354.8519,,slider,1,0,0.00,-0.00,0.00,ACTIVE,NONE,8870,0,P,P,0.00,released,RELEASED
2026-05-21 19:12:13.697,355.2514,,slider,1,0,0.00,-0.00,0.00,ACTIVE,NONE,8880,0,P,P,0.00,released,RELEASED
2026-05-21 19:12:14.098,355.6523,,slider,1,0,0.00,-0.00,0.00,ACTIVE,NONE,8890,0,P,P,0.00,released,RELEASED
2026-05-21 19:12:14.498,356.0524,,slider,1,0,0.00,-0.00,0.00,ACTIVE,NONE,8900,0,P,P,0.00,released,RELEASED
2026-05-21 19:12:14.897,356.4518,,slider,1,0,0.00,-0.00,0.00,ACTIVE,NONE,8910,0,P,P,0.00,released,RELEASED
2026-05-21 19:12:15.298,356.8530,,slider,1,0,0.00,-0.00,0.00,ACTIVE,NONE,8920,0,P,P,0.00,released,RELEASED
2026-05-21 19:12:15.697,357.2514,,slider,1,0,0.00,-0.00,0.00,ACTIVE,NONE,8930,0,P,P,0.00,released,RELEASED
2026-05-21 19:12:16.098,357.6524,,slider,1,0,0.00,-0.00,0.00,ACTIVE,NONE,8940,0,P,P,0.00,released,RELEASED
2026-05-21 19:12:16.497,358.0522,,slider,1,0,0.00,-0.00,0.00,ACTIVE,NONE,8950,0,P,P,0.00,released,RELEASED
2026-05-21 19:12:16.897,358.4521,,slider,1,0,0.00,-0.00,0.00,ACTIVE,NONE,8960,0,P,P,0.00,released,RELEASED
2026-05-21 19:12:17.298,358.8528,,slider,1,0,0.00,-0.00,0.00,ACTIVE,NONE,8970,0,P,P,0.00,released,RELEASED
2026-05-21 19:12:17.697,359.2519,,slider,1,0,0.00,-0.00,0.00,ACTIVE,NONE,8980,0,P,P,0.00,released,RELEASED
2026-05-21 19:12:18.098,359.6528,,slider,1,0,0.00,-0.00,0.00,ACTIVE,NONE,8990,0,P,P,0.00,released,RELEASED
2026-05-21 19:12:18.499,360.0533,,slider,1,0,0.00,-0.00,0.00,ACTIVE,NONE,9000,0,P,P,0.00,released,RELEASED
2026-05-21 19:12:18.897,360.4520,,slider,1,0,0.00,-0.00,0.00,ACTIVE,NONE,9010,0,P,P,0.00,released,RELEASED
2026-05-21 19:12:19.297,360.8521,,slider,1,0,0.00,-0.00,0.00,ACTIVE,NONE,9020,0,P,P,0.00,released,RELEASED
2026-05-21 19:12:19.697,361.2521,,slider,1,0,0.00,-0.00,0.00,ACTIVE,NONE,9030,0,P,P,0.00,released,RELEASED
2026-05-21 19:12:20.097,361.6521,,slider,1,0,0.00,-0.00,0.00,ACTIVE,NONE,9040,0,P,P,0.00,released,RELEASED
2026-05-21 19:12:20.498,362.0525,,slider,1,0,0.00,-0.00,0.00,ACTIVE,NONE,9050,0,P,P,0.00,released,RELEASED
2026-05-21 19:12:20.897,362.4521,,slider,1,0,0.00,-0.00,0.00,ACTIVE,NONE,9060,0,P,P,0.00,released,RELEASED
2026-05-21 19:12:21.298,362.8525,,slider,1,0,0.00,-0.00,0.00,ACTIVE,NONE,9070,0,P,P,0.00,released,RELEASED
2026-05-21 19:12:21.697,363.2523,,slider,1,0,0.00,-0.00,0.00,ACTIVE,NONE,9080,0,P,P,0.00,released,RELEASED
2026-05-21 19:12:22.098,363.6527,,slider,1,0,0.00,-0.00,0.00,ACTIVE,NONE,9090,0,P,P,0.00,released,RELEASED
2026-05-21 19:12:22.498,364.0531,,slider,1,0,0.00,-0.00,0.00,ACTIVE,NONE,9100,0,P,P,0.00,released,RELEASED
2026-05-21 19:12:22.899,364.4536,,slider,1,0,0.00,-0.00,0.00,ACTIVE,NONE,9110,0,P,P,0.00,released,RELEASED
2026-05-21 19:12:23.298,364.8530,,slider,1,0,0.00,-0.00,0.00,ACTIVE,NONE,9120,0,P,P,0.00,released,RELEASED
2026-05-21 19:12:23.699,365.2535,,slider,1,0,0.00,-0.00,0.00,ACTIVE,NONE,9130,0,P,P,0.00,released,RELEASED
2026-05-21 19:12:24.099,365.6534,,slider,1,0,0.00,-0.00,0.00,ACTIVE,NONE,9140,0,P,P,0.00,released,RELEASED
2026-05-21 19:12:24.498,366.0532,,slider,1,0,0.00,-0.00,0.00,ACTIVE,NONE,9150,0,P,P,0.00,released,RELEASED
2026-05-21 19:12:24.898,366.4526,,slider,1,0,0.00,-0.00,0.00,ACTIVE,NONE,9160,0,P,P,0.00,released,RELEASED
2026-05-21 19:12:25.299,366.8538,,slider,1,0,0.00,-0.00,0.00,ACTIVE,NONE,9170,0,P,P,0.00,released,RELEASED
2026-05-21 19:12:25.699,367.2539,,slider,1,0,0.00,-0.00,0.00,ACTIVE,NONE,9180,0,P,P,0.00,released,RELEASED
2026-05-21 19:12:26.099,367.6540,,slider,1,0,0.00,-0.00,0.00,ACTIVE,NONE,9190,0,P,P,0.00,released,RELEASED
2026-05-21 19:12:26.500,368.0544,,slider,1,0,0.00,-0.00,0.00,ACTIVE,NONE,9200,0,P,P,0.00,released,RELEASED
2026-05-21 19:12:26.899,368.4541,,slider,1,0,0.00,-0.00,0.00,ACTIVE,NONE,9210,0,P,P,0.00,released,RELEASED
2026-05-21 19:12:27.299,368.8538,,slider,1,0,0.00,-0.00,0.00,ACTIVE,NONE,9220,0,P,P,0.00,released,RELEASED
2026-05-21 19:12:27.699,369.2542,,slider,1,0,0.00,-0.00,0.00,ACTIVE,NONE,9230,0,P,P,0.00,released,RELEASED
2026-05-21 19:12:28.100,369.6546,,slider,1,0,0.00,-0.00,0.00,ACTIVE,NONE,9240,0,P,P,0.00,released,RELEASED
2026-05-21 19:12:28.500,370.0552,,slider,1,0,0.00,-0.00,0.00,ACTIVE,NONE,9250,0,P,P,0.00,released,RELEASED
2026-05-21 19:12:28.899,370.4536,,slider,1,0,0.00,-0.00,0.00,ACTIVE,NONE,9260,0,P,P,0.00,released,RELEASED
2026-05-21 19:12:29.299,370.8539,,slider,1,0,0.00,-0.00,0.00,ACTIVE,NONE,9270,0,P,P,0.00,released,RELEASED
2026-05-21 19:12:29.700,371.2544,,slider,1,0,0.00,-0.00,0.00,ACTIVE,NONE,9280,0,P,P,0.00,released,RELEASED
2026-05-21 19:12:30.100,371.6545,,slider,1,0,0.00,-0.00,0.00,ACTIVE,NONE,9290,0,P,P,0.00,released,RELEASED
2026-05-21 19:12:30.499,372.0542,,slider,1,0,0.00,-0.00,0.00,ACTIVE,NONE,9300,0,P,P,0.00,released,RELEASED
2026-05-21 19:12:30.900,372.4544,,slider,1,0,0.00,-0.00,0.00,ACTIVE,NONE,9310,0,P,P,0.00,released,RELEASED
2026-05-21 19:12:31.300,372.8552,,slider,1,0,0.00,-0.00,0.00,ACTIVE,NONE,9320,0,P,P,0.00,released,RELEASED
2026-05-21 19:12:31.700,373.2552,,slider,1,0,0.00,-0.00,0.00,ACTIVE,NONE,9330,0,P,P,0.00,released,RELEASED
2026-05-21 19:12:32.100,373.6548,,slider,1,0,0.00,-0.00,0.00,ACTIVE,NONE,9340,0,P,P,0.00,released,RELEASED
2026-05-21 19:12:32.500,374.0551,,slider,1,0,0.00,-0.00,0.00,ACTIVE,NONE,9350,0,P,P,0.00,released,RELEASED
2026-05-21 19:12:32.900,374.4544,,slider,1,0,0.00,-0.00,0.00,ACTIVE,NONE,9360,0,P,P,0.00,released,RELEASED
2026-05-21 19:12:33.301,374.8554,,slider,1,0,0.00,-0.00,0.00,ACTIVE,NONE,9370,0,P,P,0.00,released,RELEASED
2026-05-21 19:12:33.701,375.2554,,slider,1,0,0.00,-0.00,0.00,ACTIVE,NONE,9380,0,P,P,0.00,released,RELEASED
2026-05-21 19:12:34.100,375.6545,,slider,1,0,0.00,-0.00,0.00,ACTIVE,NONE,9390,0,P,P,0.00,released,RELEASED
2026-05-21 19:12:34.500,376.0547,,slider,1,0,0.00,-0.00,0.00,ACTIVE,NONE,9400,0,P,P,0.00,released,RELEASED
2026-05-21 19:12:34.900,376.4552,,slider,1,0,0.00,-0.00,0.00,ACTIVE,NONE,9410,0,P,P,0.00,released,RELEASED
2026-05-21 19:12:35.300,376.8546,,slider,1,0,0.00,-0.00,0.00,ACTIVE,NONE,9420,0,P,P,0.00,released,RELEASED
2026-05-21 19:12:35.700,377.2543,,slider,1,0,0.00,-0.00,0.00,ACTIVE,NONE,9430,0,P,P,0.00,released,RELEASED
2026-05-21 19:12:36.101,377.6555,,slider,1,0,0.00,-0.00,0.00,ACTIVE,NONE,9440,0,P,P,0.00,released,RELEASED
2026-05-21 19:12:36.500,378.0548,,slider,1,0,0.00,-0.00,0.00,ACTIVE,NONE,9450,0,P,P,0.00,released,RELEASED
2026-05-21 19:12:36.901,378.4554,,slider,1,0,0.00,-0.00,0.00,ACTIVE,NONE,9460,0,P,P,0.00,released,RELEASED
2026-05-21 19:12:37.301,378.8555,,slider,1,0,0.00,-0.00,0.00,ACTIVE,NONE,9470,0,P,P,0.00,released,RELEASED
2026-05-21 19:12:37.700,379.2551,,slider,1,0,0.00,-0.00,0.00,ACTIVE,NONE,9480,0,P,P,0.00,released,RELEASED
2026-05-21 19:12:38.100,379.6549,,slider,1,0,0.00,-0.00,0.00,ACTIVE,NONE,9490,0,P,P,0.00,released,RELEASED
2026-05-21 19:12:38.501,380.0552,,slider,1,0,0.00,-0.00,0.00,ACTIVE,NONE,9500,0,P,P,0.00,released,RELEASED
2026-05-21 19:12:38.900,380.4549,,slider,1,0,0.00,-0.00,0.00,ACTIVE,NONE,9510,0,P,P,0.00,released,RELEASED
2026-05-21 19:12:39.301,380.8554,,slider,1,0,0.00,-0.00,0.00,ACTIVE,NONE,9520,0,P,P,0.00,released,RELEASED
2026-05-21 19:12:39.701,381.2554,,slider,1,0,0.00,-0.00,0.00,ACTIVE,NONE,9530,0,P,P,0.00,released,RELEASED
2026-05-21 19:12:40.101,381.6555,,slider,1,0,0.00,-0.00,0.00,ACTIVE,NONE,9540,0,P,P,0.00,released,RELEASED
2026-05-21 19:12:40.502,382.0565,,slider,1,0,0.00,-0.00,0.00,ACTIVE,NONE,9550,0,P,P,0.00,released,RELEASED
2026-05-21 19:12:40.901,382.4555,,slider,1,0,0.00,-0.00,0.00,ACTIVE,NONE,9560,0,P,P,0.00,released,RELEASED
2026-05-21 19:12:41.301,382.8562,,slider,1,0,0.00,-0.00,0.00,ACTIVE,NONE,9570,0,P,P,0.00,released,RELEASED
2026-05-21 19:12:41.701,383.2555,,slider,1,0,0.00,-0.00,0.00,ACTIVE,NONE,9580,0,P,P,0.00,released,RELEASED
2026-05-21 19:12:42.101,383.6554,,slider,1,0,0.00,-0.00,0.00,ACTIVE,NONE,9590,0,P,P,0.00,released,RELEASED
2026-05-21 19:12:42.500,384.0550,,slider,1,0,0.00,-0.00,0.00,ACTIVE,NONE,9600,0,P,P,0.00,released,RELEASED
2026-05-21 19:12:42.901,384.4555,,slider,1,0,0.00,-0.00,0.00,ACTIVE,NONE,9610,0,P,P,0.00,released,RELEASED
2026-05-21 19:12:43.302,384.8568,,slider,1,0,0.00,-0.00,0.00,ACTIVE,NONE,9620,0,P,P,0.00,released,RELEASED
2026-05-21 19:12:43.701,385.2557,,slider,1,0,0.00,-0.00,0.00,ACTIVE,NONE,9630,0,P,P,0.00,released,RELEASED
2026-05-21 19:12:44.100,385.6551,,slider,1,0,0.00,-0.00,0.00,ACTIVE,NONE,9640,0,P,P,0.00,released,RELEASED
2026-05-21 19:12:44.501,386.0556,,slider,1,0,0.00,-0.00,0.00,ACTIVE,NONE,9650,0,P,P,0.00,released,RELEASED
2026-05-21 19:12:44.902,386.4567,,slider,1,0,0.00,-0.00,0.00,ACTIVE,NONE,9660,0,P,P,0.00,released,RELEASED
2026-05-21 19:12:45.302,386.8563,,slider,1,0,0.00,-0.00,0.00,ACTIVE,NONE,9670,0,P,P,0.00,released,RELEASED
2026-05-21 19:12:45.702,387.2563,,slider,1,0,0.00,-0.00,0.00,ACTIVE,NONE,9680,0,P,P,0.00,released,RELEASED
2026-05-21 19:12:46.101,387.6561,,slider,1,0,0.00,-0.00,0.00,ACTIVE,NONE,9690,0,P,P,0.00,released,RELEASED
2026-05-21 19:12:46.501,388.0561,,slider,1,0,0.00,-0.00,0.00,ACTIVE,NONE,9700,0,P,P,0.00,released,RELEASED
2026-05-21 19:12:46.901,388.4557,,slider,1,0,0.00,-0.00,0.00,ACTIVE,NONE,9710,0,P,P,0.00,released,RELEASED
2026-05-21 19:12:47.301,388.8559,,slider,1,0,0.00,-0.00,0.00,ACTIVE,NONE,9720,0,P,P,0.00,released,RELEASED
2026-05-21 19:12:47.702,389.2566,,slider,1,0,0.00,-0.00,0.00,ACTIVE,NONE,9730,0,P,P,0.00,released,RELEASED
2026-05-21 19:12:48.101,389.6560,,slider,1,0,0.00,-0.00,0.00,ACTIVE,NONE,9740,0,P,P,0.00,released,RELEASED
2026-05-21 19:12:48.502,390.0569,,slider,1,0,0.00,-0.00,0.00,ACTIVE,NONE,9750,0,P,P,0.00,released,RELEASED
2026-05-21 19:12:48.902,390.4571,,slider,1,0,0.00,-0.00,0.00,ACTIVE,NONE,9760,0,P,P,0.00,released,RELEASED
2026-05-21 19:12:49.302,390.8564,,slider,1,0,0.00,-0.00,0.00,ACTIVE,NONE,9770,0,P,P,0.00,released,RELEASED
2026-05-21 19:12:49.702,391.2569,,slider,1,0,0.00,-0.00,0.00,ACTIVE,NONE,9780,0,P,P,0.00,released,RELEASED
2026-05-21 19:12:50.102,391.6567,,slider,1,0,0.00,-0.00,0.00,ACTIVE,NONE,9790,0,P,P,0.00,released,RELEASED
2026-05-21 19:12:50.501,392.0562,,slider,1,0,0.00,-0.00,0.00,ACTIVE,NONE,9800,0,P,P,0.00,released,RELEASED
2026-05-21 19:12:50.903,392.4574,,slider,1,0,0.00,-0.00,0.00,ACTIVE,NONE,9810,0,P,P,0.00,released,RELEASED
2026-05-21 19:12:51.303,392.8573,,slider,1,0,0.00,-0.00,0.00,ACTIVE,NONE,9820,0,P,P,0.00,released,RELEASED
2026-05-21 19:12:51.702,393.2571,,slider,1,0,0.00,-0.00,0.00,ACTIVE,NONE,9830,0,P,P,0.00,released,RELEASED
2026-05-21 19:12:52.102,393.6570,,slider,1,0,0.00,-0.00,0.00,ACTIVE,NONE,9840,0,P,P,0.00,released,RELEASED
2026-05-21 19:12:52.502,394.0571,,slider,1,0,0.00,-0.00,0.00,ACTIVE,NONE,9850,0,P,P,0.00,released,RELEASED
2026-05-21 19:12:52.903,394.4576,,slider,1,0,0.00,-0.00,0.00,ACTIVE,NONE,9860,0,P,P,0.00,released,RELEASED
2026-05-21 19:12:53.304,394.8586,,slider,1,0,0.00,-0.00,0.00,ACTIVE,NONE,9870,0,P,P,0.00,released,RELEASED
2026-05-21 19:12:53.703,395.2580,,slider,1,0,0.00,-0.00,0.00,ACTIVE,NONE,9880,0,P,P,0.00,released,RELEASED
2026-05-21 19:12:54.103,395.6580,,slider,1,0,0.00,-0.00,0.00,ACTIVE,NONE,9890,0,P,P,0.00,released,RELEASED
2026-05-21 19:12:54.503,396.0575,,slider,1,0,0.00,-0.00,0.00,ACTIVE,NONE,9900,0,P,P,0.00,released,RELEASED
2026-05-21 19:12:54.903,396.4581,,slider,1,0,0.00,-0.00,0.00,ACTIVE,NONE,9910,0,P,P,0.00,released,RELEASED
2026-05-21 19:12:55.304,396.8583,,slider,1,0,0.00,-0.00,0.00,ACTIVE,NONE,9920,0,P,P,0.00,released,RELEASED
2026-05-21 19:12:55.703,397.2583,,slider,1,0,0.00,-0.00,0.00,ACTIVE,NONE,9930,0,P,P,0.00,released,RELEASED
2026-05-21 19:12:56.104,397.6590,,slider,1,0,0.00,-0.00,0.00,ACTIVE,NONE,9940,0,P,P,0.00,released,RELEASED
2026-05-21 19:12:56.505,398.0593,,slider,1,0,0.00,-0.00,0.00,ACTIVE,NONE,9950,0,P,P,0.00,released,RELEASED
2026-05-21 19:12:56.905,398.4596,,slider,1,0,0.00,-0.00,0.00,ACTIVE,NONE,9960,0,P,P,0.00,released,RELEASED
2026-05-21 19:12:57.303,398.8579,,slider,1,0,0.00,-0.00,0.00,ACTIVE,NONE,9970,0,P,P,0.00,released,RELEASED
2026-05-21 19:12:57.704,399.2586,,slider,1,0,0.00,-0.00,0.00,ACTIVE,NONE,9980,0,P,P,0.00,released,RELEASED
2026-05-21 19:12:58.104,399.6585,,slider,1,0,0.00,-0.00,0.00,ACTIVE,NONE,9990,0,P,P,0.00,released,RELEASED
2026-05-21 19:12:58.504,400.0590,,slider,1,0,0.00,-0.00,0.00,ACTIVE,NONE,10000,0,P,P,0.00,released,RELEASED
2026-05-21 19:12:58.903,400.4580,,slider,1,0,0.00,-0.00,0.00,ACTIVE,NONE,10010,0,P,P,0.00,released,RELEASED
2026-05-21 19:12:59.304,400.8585,,slider,1,0,0.00,-0.00,0.00,ACTIVE,NONE,10020,0,P,P,0.00,released,RELEASED
2026-05-21 19:12:59.704,401.2591,,slider,1,0,0.00,-0.00,0.00,ACTIVE,NONE,10030,0,P,P,0.00,released,RELEASED
2026-05-21 19:13:00.103,401.6580,,slider,1,0,0.00,-0.00,0.00,ACTIVE,NONE,10040,0,P,P,0.00,released,RELEASED
2026-05-21 19:13:00.503,402.0578,,slider,1,0,0.00,-0.00,0.00,ACTIVE,NONE,10050,0,P,P,0.00,released,RELEASED
2026-05-21 19:13:00.903,402.4580,,slider,1,0,0.00,-0.00,0.00,ACTIVE,NONE,10060,0,P,P,0.00,released,RELEASED
2026-05-21 19:13:01.304,402.8584,,slider,1,0,0.00,-0.00,0.00,ACTIVE,NONE,10070,0,P,P,0.00,released,RELEASED
2026-05-21 19:13:01.704,403.2590,,slider,1,0,0.00,-0.00,0.00,ACTIVE,NONE,10080,0,P,P,0.00,released,RELEASED
2026-05-21 19:13:02.103,403.6581,,slider,1,0,0.00,-0.00,0.00,ACTIVE,NONE,10090,0,P,P,0.00,released,RELEASED
2026-05-21 19:13:02.504,404.0587,,slider,1,0,0.00,-0.00,0.00,ACTIVE,NONE,10100,0,P,P,0.00,released,RELEASED
2026-05-21 19:13:02.904,404.4588,,slider,1,0,0.00,-0.00,0.00,ACTIVE,NONE,10110,0,P,P,0.00,released,RELEASED
2026-05-21 19:13:03.304,404.8586,,slider,1,0,0.00,-0.00,0.00,ACTIVE,NONE,10120,0,P,P,0.00,released,RELEASED
2026-05-21 19:13:03.704,405.2585,,slider,1,0,0.00,-0.00,0.00,ACTIVE,NONE,10130,0,P,P,0.00,released,RELEASED
2026-05-21 19:13:04.104,405.6585,,slider,1,0,0.00,-0.00,0.00,ACTIVE,NONE,10140,0,P,P,0.00,released,RELEASED
2026-05-21 19:13:04.503,406.0581,,slider,1,0,0.00,-0.00,0.00,ACTIVE,NONE,10150,0,P,P,0.00,released,RELEASED
2026-05-21 19:13:04.904,406.4585,,slider,1,0,0.00,-0.00,0.00,ACTIVE,NONE,10160,0,P,P,0.00,released,RELEASED
2026-05-21 19:13:05.305,406.8593,,slider,1,0,0.00,-0.00,0.00,ACTIVE,NONE,10170,0,P,P,0.00,released,RELEASED
2026-05-21 19:13:05.704,407.2585,,slider,1,0,0.00,-0.00,0.00,ACTIVE,NONE,10180,0,P,P,0.00,released,RELEASED
2026-05-21 19:13:06.104,407.6586,,slider,1,0,0.00,-0.00,0.00,ACTIVE,NONE,10190,0,P,P,0.00,released,RELEASED
2026-05-21 19:13:06.504,408.0588,,slider,1,0,0.00,-0.00,0.00,ACTIVE,NONE,10200,0,P,P,0.00,released,RELEASED
2026-05-21 19:13:06.904,408.4592,,slider,1,0,0.00,-0.00,0.00,ACTIVE,NONE,10210,0,P,P,0.00,released,RELEASED
2026-05-21 19:13:07.304,408.8590,,slider,1,0,0.00,-0.00,0.00,ACTIVE,NONE,10220,0,P,P,0.00,released,RELEASED
2026-05-21 19:13:07.705,409.2597,,slider,1,0,0.00,-0.00,0.00,ACTIVE,NONE,10230,0,P,P,0.00,released,RELEASED
2026-05-21 19:13:08.105,409.6595,,slider,1,0,0.00,-0.00,0.00,ACTIVE,NONE,10240,0,P,P,0.00,released,RELEASED
2026-05-21 19:13:08.505,410.0596,,slider,1,0,0.00,-0.00,0.00,ACTIVE,NONE,10250,0,P,P,0.00,released,RELEASED
2026-05-21 19:13:08.905,410.4594,,slider,1,0,0.00,-0.00,0.00,ACTIVE,NONE,10260,0,P,P,0.00,released,RELEASED
2026-05-21 19:13:09.306,410.8607,,slider,1,0,0.00,-0.00,0.00,ACTIVE,NONE,10270,0,P,P,0.00,released,RELEASED
2026-05-21 19:13:09.706,411.2612,,slider,1,0,0.00,-0.00,0.00,ACTIVE,NONE,10280,0,P,P,0.00,released,RELEASED
2026-05-21 19:13:10.105,411.6600,,slider,1,0,0.00,-0.00,0.00,ACTIVE,NONE,10290,0,P,P,0.00,released,RELEASED
2026-05-21 19:13:10.505,412.0598,,slider,1,0,0.00,-0.00,0.00,ACTIVE,NONE,10300,0,P,P,0.00,released,RELEASED
2026-05-21 19:13:10.905,412.4596,,slider,1,0,0.00,-0.00,0.00,ACTIVE,NONE,10310,0,P,P,0.00,released,RELEASED
2026-05-21 19:13:11.305,412.8597,,slider,1,0,0.00,-0.00,0.00,ACTIVE,NONE,10320,0,P,P,0.00,released,RELEASED
2026-05-21 19:13:11.707,413.2616,,slider,1,0,0.00,-0.00,0.00,ACTIVE,NONE,10330,0,P,P,0.00,released,RELEASED
2026-05-21 19:13:12.106,413.6611,,slider,1,0,0.00,-0.00,0.00,ACTIVE,NONE,10340,0,P,P,0.00,released,RELEASED
2026-05-21 19:13:12.506,414.0607,,slider,1,0,0.00,-0.00,0.00,ACTIVE,NONE,10350,0,P,P,0.00,released,RELEASED
2026-05-21 19:13:12.905,414.4597,,slider,1,0,0.00,-0.00,0.00,ACTIVE,NONE,10360,0,P,P,0.00,released,RELEASED
2026-05-21 19:13:13.307,414.8616,,slider,1,0,0.00,-0.00,0.00,ACTIVE,NONE,10370,0,P,P,0.00,released,RELEASED
2026-05-21 19:13:13.706,415.2613,,slider,1,0,0.00,-0.00,0.00,ACTIVE,NONE,10380,0,P,P,0.00,released,RELEASED
2026-05-21 19:13:14.105,415.6601,,slider,1,0,0.00,-0.00,0.00,ACTIVE,NONE,10390,0,P,P,0.00,released,RELEASED
2026-05-21 19:13:14.506,416.0606,,slider,1,0,0.00,-0.00,0.00,ACTIVE,NONE,10400,0,P,P,0.00,released,RELEASED
2026-05-21 19:13:14.906,416.4608,,slider,1,0,0.00,-0.00,0.00,ACTIVE,NONE,10410,0,P,P,0.00,released,RELEASED
2026-05-21 19:13:15.306,416.8612,,slider,1,0,0.00,-0.00,0.00,ACTIVE,NONE,10420,0,P,P,0.00,released,RELEASED
2026-05-21 19:13:15.706,417.2610,,slider,1,0,0.00,-0.00,0.00,ACTIVE,NONE,10430,0,P,P,0.00,released,RELEASED
2026-05-21 19:13:16.107,417.6619,,slider,1,0,0.00,-0.00,0.00,ACTIVE,NONE,10440,0,P,P,0.00,released,RELEASED
2026-05-21 19:13:16.506,418.0611,,slider,1,0,0.00,-0.00,0.00,ACTIVE,NONE,10450,0,P,P,0.00,released,RELEASED
2026-05-21 19:13:16.907,418.4617,,slider,1,0,0.00,-0.00,0.00,ACTIVE,NONE,10460,0,P,P,0.00,released,RELEASED
2026-05-21 19:13:17.306,418.8611,,slider,1,0,0.00,-0.00,0.00,ACTIVE,NONE,10470,0,P,P,0.00,released,RELEASED
2026-05-21 19:13:17.709,419.2634,,slider,1,0,0.00,-0.00,0.00,ACTIVE,NONE,10480,0,P,P,0.00,released,RELEASED
2026-05-21 19:13:18.107,419.6618,,slider,1,0,0.00,-0.00,0.00,ACTIVE,NONE,10490,0,P,P,0.00,released,RELEASED
2026-05-21 19:13:18.506,420.0612,,slider,1,0,0.00,-0.00,0.00,ACTIVE,NONE,10500,0,P,P,0.00,released,RELEASED
2026-05-21 19:13:18.907,420.4619,,slider,1,0,0.00,-0.00,0.00,ACTIVE,NONE,10510,0,P,P,0.00,released,RELEASED
2026-05-21 19:13:19.308,420.8624,,slider,1,0,0.00,-0.00,0.00,ACTIVE,NONE,10520,0,P,P,0.00,released,RELEASED
2026-05-21 19:13:19.707,421.2622,,slider,1,0,0.00,-0.00,0.00,ACTIVE,NONE,10530,0,P,P,0.00,released,RELEASED
2026-05-21 19:13:20.107,421.6616,,slider,1,0,0.00,-0.00,0.00,ACTIVE,NONE,10540,0,P,P,0.00,released,RELEASED
2026-05-21 19:13:20.509,422.0634,,slider,1,0,0.00,-0.00,0.00,ACTIVE,NONE,10550,0,P,P,0.00,released,RELEASED
2026-05-21 19:13:20.907,422.4615,,slider,1,0,0.00,-0.00,0.00,ACTIVE,NONE,10560,0,P,P,0.00,released,RELEASED
2026-05-21 19:13:21.308,422.8631,,slider,1,0,0.00,-0.00,0.00,ACTIVE,NONE,10570,0,P,P,0.00,released,RELEASED
2026-05-21 19:13:21.706,423.2612,,slider,1,0,0.00,-0.00,0.00,ACTIVE,NONE,10580,0,P,P,0.00,released,RELEASED
2026-05-21 19:13:22.107,423.6618,,slider,1,0,0.00,-0.00,0.00,ACTIVE,NONE,10590,0,P,P,0.00,released,RELEASED
2026-05-21 19:13:22.507,424.0617,,slider,1,0,0.00,-0.00,0.00,ACTIVE,NONE,10600,0,P,P,0.00,released,RELEASED
2026-05-21 19:13:22.908,424.4627,,slider,1,0,0.00,-0.00,0.00,ACTIVE,NONE,10610,0,P,P,0.00,released,RELEASED
2026-05-21 19:13:23.308,424.8624,,slider,1,0,0.00,-0.00,0.00,ACTIVE,NONE,10620,0,P,P,0.00,released,RELEASED
2026-05-21 19:13:23.708,425.2625,,slider,1,0,0.00,-0.00,0.00,ACTIVE,NONE,10630,0,P,P,0.00,released,RELEASED
2026-05-21 19:13:24.108,425.6629,,slider,1,0,0.00,-0.00,0.00,ACTIVE,NONE,10640,0,P,P,0.00,released,RELEASED
2026-05-21 19:13:24.507,426.0616,,slider,1,0,0.00,-0.00,0.00,ACTIVE,NONE,10650,0,P,P,0.00,released,RELEASED
2026-05-21 19:13:24.908,426.4624,,slider,1,0,0.00,-0.00,0.00,ACTIVE,NONE,10660,0,P,P,0.00,released,RELEASED
2026-05-21 19:13:25.307,426.8619,,slider,1,0,0.00,-0.00,0.00,ACTIVE,NONE,10670,0,P,P,0.00,released,RELEASED
2026-05-21 19:13:25.708,427.2628,,slider,1,0,0.00,-0.00,0.00,ACTIVE,NONE,10680,0,P,P,0.00,released,RELEASED
2026-05-21 19:13:26.108,427.6632,,slider,1,0,0.00,-0.00,0.00,ACTIVE,NONE,10690,0,P,P,0.00,released,RELEASED
2026-05-21 19:13:26.508,428.0633,,slider,1,0,0.00,-0.00,0.00,ACTIVE,NONE,10700,0,P,P,0.00,released,RELEASED
2026-05-21 19:13:26.908,428.4628,,slider,1,0,0.00,-0.00,0.00,ACTIVE,NONE,10710,0,P,P,0.00,released,RELEASED
2026-05-21 19:13:27.308,428.8627,,slider,1,0,0.00,-0.00,0.00,ACTIVE,NONE,10720,0,P,P,0.00,released,RELEASED
2026-05-21 19:13:27.708,429.2624,,slider,1,0,0.00,-0.00,0.00,ACTIVE,NONE,10730,0,P,P,0.00,released,RELEASED
2026-05-21 19:13:28.108,429.6629,,slider,1,0,0.00,-0.00,0.00,ACTIVE,NONE,10740,0,P,P,0.00,released,RELEASED
2026-05-21 19:13:28.508,430.0627,,slider,1,0,0.00,-0.00,0.00,ACTIVE,NONE,10750,0,P,P,0.00,released,RELEASED
2026-05-21 19:13:28.908,430.4629,,slider,1,0,0.00,-0.00,0.00,ACTIVE,NONE,10760,0,P,P,0.00,released,RELEASED
2026-05-21 19:13:29.308,430.8632,,slider,1,0,0.00,-0.00,0.00,ACTIVE,NONE,10770,0,P,P,0.00,released,RELEASED
2026-05-21 19:13:29.709,431.2643,,slider,1,0,0.00,-0.00,0.00,ACTIVE,NONE,10780,0,P,P,0.00,released,RELEASED
2026-05-21 19:13:30.109,431.6634,,slider,1,0,0.00,-0.00,0.00,ACTIVE,NONE,10790,0,P,P,0.00,released,RELEASED
2026-05-21 19:13:30.508,432.0630,,slider,1,0,0.00,-0.00,0.00,ACTIVE,NONE,10800,0,P,P,0.00,released,RELEASED
2026-05-21 19:13:30.908,432.4632,,slider,1,0,0.00,-0.00,0.00,ACTIVE,NONE,10810,0,P,P,0.00,released,RELEASED
2026-05-21 19:13:31.308,432.8625,,slider,1,0,0.00,-0.00,0.00,ACTIVE,NONE,10820,0,P,P,0.00,released,RELEASED
2026-05-21 19:13:31.708,433.2623,,slider,1,0,0.00,-0.00,0.00,ACTIVE,NONE,10830,0,P,P,0.00,released,RELEASED
2026-05-21 19:13:32.110,433.6643,,slider,1,0,0.00,-0.00,0.00,ACTIVE,NONE,10840,0,P,P,0.00,released,RELEASED
2026-05-21 19:13:32.493,434.0475,,slider,1,0,0.00,-0.00,0.00,ACTIVE,NONE,10850,0,P,P,0.00,released,RELEASED
2026-05-21 19:13:32.908,434.4625,,slider,1,0,0.00,-0.00,0.00,ACTIVE,NONE,10860,0,P,P,0.00,released,RELEASED
2026-05-21 19:13:33.308,434.8629,,slider,1,0,0.00,-0.00,0.00,ACTIVE,NONE,10870,0,P,P,0.00,released,RELEASED
2026-05-21 19:13:33.708,435.2630,,slider,1,0,0.00,-0.00,0.00,ACTIVE,NONE,10880,0,P,P,0.00,released,RELEASED
2026-05-21 19:13:34.108,435.6630,,slider,1,0,0.00,-0.00,0.00,ACTIVE,NONE,10890,0,P,P,0.00,released,RELEASED
2026-05-21 19:13:34.508,436.0628,,slider,1,0,0.00,-0.00,0.00,ACTIVE,NONE,10900,0,P,P,0.00,released,RELEASED
2026-05-21 19:13:34.908,436.4632,,slider,1,0,0.00,-0.00,0.00,ACTIVE,NONE,10910,0,P,P,0.00,released,RELEASED
2026-05-21 19:13:35.308,436.8629,,slider,1,0,0.00,-0.00,0.00,ACTIVE,NONE,10920,0,P,P,0.00,released,RELEASED
2026-05-21 19:13:35.708,437.2629,,slider,1,0,0.00,-0.00,0.00,ACTIVE,NONE,10930,0,P,P,0.00,released,RELEASED
2026-05-21 19:13:36.108,437.6632,,slider,1,0,0.00,-0.00,0.00,ACTIVE,NONE,10940,0,P,P,0.00,released,RELEASED
2026-05-21 19:13:36.509,438.0633,,slider,1,0,0.00,-0.00,0.00,ACTIVE,NONE,10950,0,P,P,0.00,released,RELEASED
2026-05-21 19:13:36.908,438.4633,,slider,1,0,0.00,-0.00,0.00,ACTIVE,NONE,10960,0,P,P,0.00,released,RELEASED
2026-05-21 19:13:37.309,438.8635,,slider,1,0,0.00,-0.00,0.00,ACTIVE,NONE,10970,0,P,P,0.00,released,RELEASED
2026-05-21 19:13:37.693,439.2481,,slider,1,0,0.00,-0.00,0.00,ACTIVE,NONE,10980,0,P,P,0.00,released,RELEASED
2026-05-21 19:13:38.109,439.6637,,slider,1,0,0.00,-0.00,0.00,ACTIVE,NONE,10990,0,P,P,0.00,released,RELEASED
2026-05-21 19:13:38.509,440.0640,,slider,1,0,0.00,-0.00,0.00,ACTIVE,NONE,11000,0,P,P,0.00,released,RELEASED
2026-05-21 19:13:38.910,440.4652,,slider,1,0,0.00,-0.00,0.00,ACTIVE,NONE,11010,0,P,P,0.00,released,RELEASED
2026-05-21 19:13:39.293,440.8477,,slider,1,0,0.00,-0.00,0.00,ACTIVE,NONE,11020,0,P,P,0.00,released,RELEASED
2026-05-21 19:13:39.709,441.2640,,slider,1,0,0.00,-0.00,0.00,ACTIVE,NONE,11030,0,P,P,0.00,released,RELEASED
2026-05-21 19:13:40.109,441.6641,,slider,1,0,0.00,-0.00,0.00,ACTIVE,NONE,11040,0,P,P,0.00,released,RELEASED
2026-05-21 19:13:40.509,442.0641,,slider,1,0,0.00,-0.00,0.00,ACTIVE,NONE,11050,0,P,P,0.00,released,RELEASED
2026-05-21 19:13:40.909,442.4641,,slider,1,0,0.00,-0.00,0.00,ACTIVE,NONE,11060,0,P,P,0.00,released,RELEASED
2026-05-21 19:13:41.309,442.8642,,slider,1,0,0.00,-0.00,0.00,ACTIVE,NONE,11070,0,P,P,0.00,released,RELEASED
2026-05-21 19:13:41.711,443.2653,,slider,1,0,0.00,-0.00,0.00,ACTIVE,NONE,11080,0,P,P,0.00,released,RELEASED
2026-05-21 19:13:42.093,443.6482,,slider,1,0,0.00,-0.00,0.00,ACTIVE,NONE,11090,0,P,P,0.00,released,RELEASED
2026-05-21 19:13:42.511,444.0653,,slider,1,0,0.00,-0.00,0.00,ACTIVE,NONE,11100,0,P,P,0.00,released,RELEASED
2026-05-21 19:13:42.901,444.4557,,slider,1,0,0.00,-0.00,0.00,ACTIVE,NONE,11110,0,P,P,0.00,released,RELEASED
2026-05-21 19:13:43.311,444.8653,,slider,1,0,0.00,-0.00,0.00,ACTIVE,NONE,11120,0,P,P,0.00,released,RELEASED
2026-05-21 19:13:43.693,445.2481,,slider,1,0,0.00,-0.00,0.00,ACTIVE,NONE,11130,0,P,P,0.00,released,RELEASED
2026-05-21 19:13:44.093,445.6482,,slider,1,0,0.00,-0.00,0.00,ACTIVE,NONE,11140,0,P,P,0.00,released,RELEASED
2026-05-21 19:13:44.494,446.0484,,slider,1,0,0.00,-0.00,0.00,ACTIVE,NONE,11150,0,P,P,0.00,released,RELEASED
2026-05-21 19:13:44.893,446.4477,,slider,1,0,0.00,-0.00,0.00,ACTIVE,NONE,11160,0,P,P,0.00,released,RELEASED
2026-05-21 19:13:45.295,446.8498,,slider,1,0,0.00,-0.00,0.00,ACTIVE,NONE,11170,0,P,P,0.00,released,RELEASED
2026-05-21 19:13:45.695,447.2501,,slider,1,0,0.00,-0.00,0.00,ACTIVE,NONE,11180,0,P,P,0.00,released,RELEASED
2026-05-21 19:13:46.093,447.6481,,slider,1,0,0.00,-0.00,0.00,ACTIVE,NONE,11190,0,P,P,0.00,released,RELEASED
2026-05-21 19:13:46.493,448.0475,,slider,1,0,0.00,-0.00,0.00,ACTIVE,NONE,11200,0,P,P,0.00,released,RELEASED
2026-05-21 19:13:46.893,448.4479,,slider,1,0,0.00,-0.00,0.00,ACTIVE,NONE,11210,0,P,P,0.00,released,RELEASED
2026-05-21 19:13:47.294,448.8486,,slider,1,0,0.00,-0.00,0.00,ACTIVE,NONE,11220,0,P,P,0.00,released,RELEASED
2026-05-21 19:13:47.694,449.2489,,slider,1,0,0.00,-0.00,0.00,ACTIVE,NONE,11230,0,P,P,0.00,released,RELEASED
2026-05-21 19:13:48.095,449.6501,,slider,1,0,0.00,-0.00,0.00,ACTIVE,NONE,11240,0,P,P,0.00,released,RELEASED
2026-05-21 19:13:48.494,450.0488,,slider,1,0,0.00,-0.00,0.00,ACTIVE,NONE,11250,0,P,P,0.00,released,RELEASED
2026-05-21 19:13:48.894,450.4484,,slider,1,0,0.00,-0.00,0.00,ACTIVE,NONE,11260,0,P,P,0.00,released,RELEASED
2026-05-21 19:13:49.294,450.8484,,slider,1,0,0.00,-0.00,0.00,ACTIVE,NONE,11270,0,P,P,0.00,released,RELEASED
2026-05-21 19:13:49.696,451.2506,,slider,1,0,0.00,-0.00,0.00,ACTIVE,NONE,11280,0,P,P,0.00,released,RELEASED
2026-05-21 19:13:50.095,451.6497,,slider,1,0,0.00,-0.00,0.00,ACTIVE,NONE,11290,0,P,P,0.00,released,RELEASED
2026-05-21 19:13:50.493,452.0481,,slider,1,0,0.00,-0.00,0.00,ACTIVE,NONE,11300,0,P,P,0.00,released,RELEASED
2026-05-21 19:13:50.893,452.4478,,slider,1,0,0.00,-0.00,0.00,ACTIVE,NONE,11310,0,P,P,0.00,released,RELEASED
2026-05-21 19:13:51.293,452.8478,,slider,1,0,0.00,-0.00,0.00,ACTIVE,NONE,11320,0,P,P,0.00,released,RELEASED
2026-05-21 19:13:51.693,453.2481,,slider,1,0,0.00,-0.00,0.00,ACTIVE,NONE,11330,0,P,P,0.00,released,RELEASED
2026-05-21 19:13:52.094,453.6484,,slider,1,0,0.00,-0.00,0.00,ACTIVE,NONE,11340,0,P,P,0.00,released,RELEASED
2026-05-21 19:13:52.495,454.0499,,slider,1,0,0.00,-0.00,0.00,ACTIVE,NONE,11350,0,P,P,0.00,released,RELEASED
2026-05-21 19:13:52.894,454.4492,,slider,1,0,0.00,-0.00,0.00,ACTIVE,NONE,11360,0,P,P,0.00,released,RELEASED
2026-05-21 19:13:53.295,454.8500,,slider,1,0,0.00,-0.00,0.00,ACTIVE,NONE,11370,0,P,P,0.00,released,RELEASED
2026-05-21 19:13:53.694,455.2492,,slider,1,0,0.00,-0.00,0.00,ACTIVE,NONE,11380,0,P,P,0.00,released,RELEASED
2026-05-21 19:13:54.093,455.6479,,slider,1,0,0.00,-0.00,0.00,ACTIVE,NONE,11390,0,P,P,0.00,released,RELEASED
2026-05-21 19:13:54.496,456.0507,,slider,1,0,0.00,-0.00,0.00,ACTIVE,NONE,11400,0,P,P,0.00,released,RELEASED
2026-05-21 19:13:54.895,456.4501,,slider,1,0,0.00,-0.00,0.00,ACTIVE,NONE,11410,0,P,P,0.00,released,RELEASED
2026-05-21 19:13:55.297,456.8518,,slider,1,0,0.00,-0.00,0.00,ACTIVE,NONE,11420,0,P,P,0.00,released,RELEASED
2026-05-21 19:13:55.696,457.2507,,slider,1,0,0.00,-0.00,0.00,ACTIVE,NONE,11430,0,P,P,0.00,released,RELEASED
2026-05-21 19:13:56.096,457.6511,,slider,1,0,0.00,-0.00,0.00,ACTIVE,NONE,11440,0,P,P,0.00,released,RELEASED
2026-05-21 19:13:56.494,458.0483,,slider,1,0,0.00,-0.00,0.00,ACTIVE,NONE,11450,0,P,P,0.00,released,RELEASED
2026-05-21 19:13:56.896,458.4507,,slider,1,0,0.00,-0.00,0.00,ACTIVE,NONE,11460,0,P,P,0.00,released,RELEASED
2026-05-21 19:13:57.294,458.8487,,slider,1,0,0.00,-0.00,0.00,ACTIVE,NONE,11470,0,P,P,0.00,released,RELEASED
2026-05-21 19:13:57.695,459.2503,,slider,1,0,0.00,-0.00,0.00,ACTIVE,NONE,11480,0,P,P,0.00,released,RELEASED
2026-05-21 19:13:58.096,459.6504,,slider,1,0,0.00,-0.00,0.00,ACTIVE,NONE,11490,0,P,P,0.00,released,RELEASED
2026-05-21 19:13:58.496,460.0504,,slider,1,0,0.00,-0.00,0.00,ACTIVE,NONE,11500,0,P,P,0.00,released,RELEASED
2026-05-21 19:13:58.895,460.4497,,slider,1,0,0.00,-0.00,0.00,ACTIVE,NONE,11510,0,P,P,0.00,released,RELEASED
2026-05-21 19:13:59.295,460.8501,,slider,1,0,0.00,-0.00,0.00,ACTIVE,NONE,11520,0,P,P,0.00,released,RELEASED
2026-05-21 19:13:59.697,461.2519,,slider,1,0,0.00,-0.00,0.00,ACTIVE,NONE,11530,0,P,P,0.00,released,RELEASED
2026-05-21 19:14:00.094,461.6490,,slider,1,0,0.00,-0.00,0.00,ACTIVE,NONE,11540,0,P,P,0.00,released,RELEASED
2026-05-21 19:14:00.497,462.0517,,slider,1,0,0.00,-0.00,0.00,ACTIVE,NONE,11550,0,P,P,0.00,released,RELEASED
2026-05-21 19:14:00.897,462.4516,,slider,1,0,0.00,-0.00,0.00,ACTIVE,NONE,11560,0,P,P,0.00,released,RELEASED
2026-05-21 19:14:01.295,462.8502,,slider,1,0,0.00,-0.00,0.00,ACTIVE,NONE,11570,0,P,P,0.00,released,RELEASED
2026-05-21 19:14:01.697,463.2514,,slider,1,0,0.00,-0.00,0.00,ACTIVE,NONE,11580,0,P,P,0.00,released,RELEASED
2026-05-21 19:14:02.095,463.6493,,slider,1,0,0.00,-0.00,0.00,ACTIVE,NONE,11590,0,P,P,0.00,released,RELEASED
2026-05-21 19:14:02.497,464.0515,,slider,1,0,0.00,-0.00,0.00,ACTIVE,NONE,11600,0,P,P,0.00,released,RELEASED
2026-05-21 19:14:02.895,464.4503,,slider,1,0,0.00,-0.00,0.00,ACTIVE,NONE,11610,0,P,P,0.00,released,RELEASED
2026-05-21 19:14:03.296,464.8513,,slider,1,0,0.00,-0.00,0.00,ACTIVE,NONE,11620,0,P,P,0.00,released,RELEASED
2026-05-21 19:14:03.695,465.2496,,slider,1,0,0.00,-0.00,0.00,ACTIVE,NONE,11630,0,P,P,0.00,released,RELEASED
2026-05-21 19:14:04.096,465.6507,,slider,1,0,0.00,-0.00,0.00,ACTIVE,NONE,11640,0,P,P,0.00,released,RELEASED
2026-05-21 19:14:04.495,466.0497,,slider,1,0,0.00,-0.00,0.00,ACTIVE,NONE,11650,0,P,P,0.00,released,RELEASED
2026-05-21 19:14:04.896,466.4505,,slider,1,0,0.00,-0.00,0.00,ACTIVE,NONE,11660,0,P,P,0.00,released,RELEASED
2026-05-21 19:14:05.296,466.8510,,slider,1,0,0.00,-0.00,0.00,ACTIVE,NONE,11670,0,P,P,0.00,released,RELEASED
2026-05-21 19:14:05.695,467.2500,,slider,1,0,0.00,-0.00,0.00,ACTIVE,NONE,11680,0,P,P,0.00,released,RELEASED
2026-05-21 19:14:06.096,467.6505,,slider,1,0,0.00,-0.00,0.00,ACTIVE,NONE,11690,0,P,P,0.00,released,RELEASED
2026-05-21 19:14:06.495,468.0501,,slider,1,0,0.00,-0.00,0.00,ACTIVE,NONE,11700,0,P,P,0.00,released,RELEASED
2026-05-21 19:14:06.897,468.4517,,slider,1,0,0.00,-0.00,0.00,ACTIVE,NONE,11710,0,P,P,0.00,released,RELEASED
2026-05-21 19:14:07.296,468.8507,,slider,1,0,0.00,-0.00,0.00,ACTIVE,NONE,11720,0,P,P,0.00,released,RELEASED
2026-05-21 19:14:07.697,469.2521,,slider,1,0,0.00,-0.00,0.00,ACTIVE,NONE,11730,0,P,P,0.00,released,RELEASED
2026-05-21 19:14:08.097,469.6513,,slider,1,0,0.00,-0.00,0.00,ACTIVE,NONE,11740,0,P,P,0.00,released,RELEASED
2026-05-21 19:14:08.498,470.0531,,slider,1,0,0.00,-0.00,0.00,ACTIVE,NONE,11750,0,P,P,0.00,released,RELEASED
2026-05-21 19:14:08.896,470.4508,,slider,1,0,0.00,-0.00,0.00,ACTIVE,NONE,11760,0,P,P,0.00,released,RELEASED
2026-05-21 19:14:09.296,470.8507,,slider,1,0,0.00,-0.00,0.00,ACTIVE,NONE,11770,0,P,P,0.00,released,RELEASED
2026-05-21 19:14:09.696,471.2506,,slider,1,0,0.00,-0.00,0.00,ACTIVE,NONE,11780,0,P,P,0.00,released,RELEASED
2026-05-21 19:14:10.095,471.6502,,slider,1,0,0.00,-0.00,0.00,ACTIVE,NONE,11790,0,P,P,0.00,released,RELEASED
2026-05-21 19:14:10.498,472.0525,,slider,1,0,0.00,-0.00,0.00,ACTIVE,NONE,11800,0,P,P,0.00,released,RELEASED
2026-05-21 19:14:10.897,472.4514,,slider,1,0,0.00,-0.00,0.00,ACTIVE,NONE,11810,0,P,P,0.00,released,RELEASED
2026-05-21 19:14:11.297,472.8516,,slider,1,0,0.00,-0.00,0.00,ACTIVE,NONE,11820,0,P,P,0.00,released,RELEASED
2026-05-21 19:14:11.697,473.2519,,slider,1,0,0.00,-0.00,0.00,ACTIVE,NONE,11830,0,P,P,0.00,released,RELEASED
2026-05-21 19:14:12.097,473.6516,,slider,1,0,0.00,-0.00,0.00,ACTIVE,NONE,11840,0,P,P,0.00,released,RELEASED
2026-05-21 19:14:12.496,474.0506,,slider,1,0,0.00,-0.00,0.00,ACTIVE,NONE,11850,0,P,P,0.00,released,RELEASED
2026-05-21 19:14:12.896,474.4508,,slider,1,0,0.00,-0.00,0.00,ACTIVE,NONE,11860,0,P,P,0.00,released,RELEASED
2026-05-21 19:14:13.297,474.8518,,slider,1,0,0.00,-0.00,0.00,ACTIVE,NONE,11870,0,P,P,0.00,released,RELEASED
2026-05-21 19:14:13.696,475.2512,,slider,1,0,0.00,-0.00,0.00,ACTIVE,NONE,11880,0,P,P,0.00,released,RELEASED
2026-05-21 19:14:14.097,475.6516,,slider,1,0,0.00,-0.00,0.00,ACTIVE,NONE,11890,0,P,P,0.00,released,RELEASED
2026-05-21 19:14:14.497,476.0521,,slider,1,0,0.00,-0.00,0.00,ACTIVE,NONE,11900,0,P,P,0.00,released,RELEASED
2026-05-21 19:14:14.896,476.4509,,slider,1,0,0.00,-0.00,0.00,ACTIVE,NONE,11910,0,P,P,0.00,released,RELEASED
2026-05-21 19:14:15.296,476.8509,,slider,1,0,0.00,-0.00,0.00,ACTIVE,NONE,11920,0,P,P,0.00,released,RELEASED
2026-05-21 19:14:15.696,477.2512,,slider,1,0,0.00,-0.00,0.00,ACTIVE,NONE,11930,0,P,P,0.00,released,RELEASED
2026-05-21 19:14:16.097,477.6520,,slider,1,0,0.00,-0.00,0.00,ACTIVE,NONE,11940,0,P,P,0.00,released,RELEASED
2026-05-21 19:14:16.496,478.0512,,slider,1,0,0.00,-0.00,0.00,ACTIVE,NONE,11950,0,P,P,0.00,released,RELEASED
2026-05-21 19:14:16.897,478.4520,,slider,1,0,0.00,-0.00,0.00,ACTIVE,NONE,11960,0,P,P,0.00,released,RELEASED
2026-05-21 19:14:17.297,478.8516,,slider,1,0,0.00,-0.00,0.00,ACTIVE,NONE,11970,0,P,P,0.00,released,RELEASED
2026-05-21 19:14:17.697,479.2514,,slider,1,0,0.00,-0.00,0.00,ACTIVE,NONE,11980,0,P,P,0.00,released,RELEASED
2026-05-21 19:14:18.099,479.6534,,slider,1,0,0.00,-0.00,0.00,ACTIVE,NONE,11990,0,P,P,0.00,released,RELEASED
2026-05-21 19:14:18.497,480.0521,,slider,1,0,0.00,-0.00,0.00,ACTIVE,NONE,12000,0,P,P,0.00,released,RELEASED
2026-05-21 19:14:18.897,480.4522,,slider,1,0,0.00,-0.00,0.00,ACTIVE,NONE,12010,0,P,P,0.00,released,RELEASED
2026-05-21 19:14:19.298,480.8526,,slider,1,0,0.00,-0.00,0.00,ACTIVE,NONE,12020,0,P,P,0.00,released,RELEASED
2026-05-21 19:14:19.697,481.2515,,slider,1,0,0.00,-0.00,0.00,ACTIVE,NONE,12030,0,P,P,0.00,released,RELEASED
2026-05-21 19:14:20.097,481.6518,,slider,1,0,0.00,-0.00,0.00,ACTIVE,NONE,12040,0,P,P,0.00,released,RELEASED
2026-05-21 19:14:20.499,482.0539,,slider,1,0,0.00,-0.00,0.00,ACTIVE,NONE,12050,0,P,P,0.00,released,RELEASED
2026-05-21 19:14:20.898,482.4524,,slider,1,0,0.00,-0.00,0.00,ACTIVE,NONE,12060,0,P,P,0.00,released,RELEASED
2026-05-21 19:14:21.299,482.8534,,slider,1,0,0.00,-0.00,0.00,ACTIVE,NONE,12070,0,P,P,0.00,released,RELEASED
2026-05-21 19:14:21.697,483.2521,,slider,1,0,0.00,-0.00,0.00,ACTIVE,NONE,12080,0,P,P,0.00,released,RELEASED
2026-05-21 19:14:22.097,483.6517,,slider,1,0,0.00,-0.00,0.00,ACTIVE,NONE,12090,0,P,P,0.00,released,RELEASED
2026-05-21 19:14:22.497,484.0518,,slider,1,0,0.00,-0.00,0.00,ACTIVE,NONE,12100,0,P,P,0.00,released,RELEASED
2026-05-21 19:14:22.899,484.4534,,slider,1,0,0.00,-0.00,0.00,ACTIVE,NONE,12110,0,P,P,0.00,released,RELEASED
2026-05-21 19:14:23.299,484.8542,,slider,1,0,0.00,-0.00,0.00,ACTIVE,NONE,12120,0,P,P,0.00,released,RELEASED
2026-05-21 19:14:23.697,485.2521,,slider,1,0,0.00,-0.00,0.00,ACTIVE,NONE,12130,0,P,P,0.00,released,RELEASED
2026-05-21 19:14:24.099,485.6537,,slider,1,0,0.00,-0.00,0.00,ACTIVE,NONE,12140,0,P,P,0.00,released,RELEASED
2026-05-21 19:14:24.498,486.0531,,slider,1,0,0.00,-0.00,0.00,ACTIVE,NONE,12150,0,P,P,0.00,released,RELEASED
2026-05-21 19:14:24.898,486.4533,,slider,1,0,0.00,-0.00,0.00,ACTIVE,NONE,12160,0,P,P,0.00,released,RELEASED
2026-05-21 19:14:25.299,486.8535,,slider,1,0,0.00,-0.00,0.00,ACTIVE,NONE,12170,0,P,P,0.00,released,RELEASED
2026-05-21 19:14:25.698,487.2526,,slider,1,0,0.00,-0.00,0.00,ACTIVE,NONE,12180,0,P,P,0.00,released,RELEASED
2026-05-21 19:14:26.098,487.6532,,slider,1,0,0.00,-0.00,0.00,ACTIVE,NONE,12190,0,P,P,0.00,released,RELEASED
2026-05-21 19:14:26.499,488.0536,,slider,1,0,0.00,-0.00,0.00,ACTIVE,NONE,12200,0,P,P,0.00,released,RELEASED
2026-05-21 19:14:26.898,488.4528,,slider,1,0,0.00,-0.00,0.00,ACTIVE,NONE,12210,0,P,P,0.00,released,RELEASED
2026-05-21 19:14:27.298,488.8529,,slider,1,0,0.00,-0.00,0.00,ACTIVE,NONE,12220,0,P,P,0.00,released,RELEASED
2026-05-21 19:14:27.700,489.2545,,slider,1,0,0.00,-0.00,0.00,ACTIVE,NONE,12230,0,P,P,0.00,released,RELEASED
2026-05-21 19:14:28.098,489.6528,,slider,1,0,0.00,-0.00,0.00,ACTIVE,NONE,12240,0,P,P,0.00,released,RELEASED
2026-05-21 19:14:28.498,490.0527,,slider,1,0,0.00,-0.00,0.00,ACTIVE,NONE,12250,0,P,P,0.00,released,RELEASED
2026-05-21 19:14:28.898,490.4527,,slider,1,0,0.00,-0.00,0.00,ACTIVE,NONE,12260,0,P,P,0.00,released,RELEASED
2026-05-21 19:14:29.298,490.8531,,slider,1,0,0.00,-0.00,0.00,ACTIVE,NONE,12270,0,P,P,0.00,released,RELEASED
2026-05-21 19:14:29.698,491.2532,,slider,1,0,0.00,-0.00,0.00,ACTIVE,NONE,12280,0,P,P,0.00,released,RELEASED
2026-05-21 19:14:30.099,491.6535,,slider,1,0,0.00,-0.00,0.00,ACTIVE,NONE,12290,0,P,P,0.00,released,RELEASED
2026-05-21 19:14:30.498,492.0530,,slider,1,0,0.00,-0.00,0.00,ACTIVE,NONE,12300,0,P,P,0.00,released,RELEASED
2026-05-21 19:14:30.899,492.4533,,slider,1,0,0.00,-0.00,0.00,ACTIVE,NONE,12310,0,P,P,0.00,released,RELEASED
2026-05-21 19:14:31.298,492.8532,,slider,1,0,0.00,-0.00,0.00,ACTIVE,NONE,12320,0,P,P,0.00,released,RELEASED
2026-05-21 19:14:31.699,493.2537,,slider,1,0,0.00,-0.00,0.00,ACTIVE,NONE,12330,0,P,P,0.00,released,RELEASED
2026-05-21 19:14:32.100,493.6549,,slider,1,0,0.00,-0.00,0.00,ACTIVE,NONE,12340,0,P,P,0.00,released,RELEASED
2026-05-21 19:14:32.499,494.0533,,slider,1,0,0.00,-0.00,0.00,ACTIVE,NONE,12350,0,P,P,0.00,released,RELEASED
2026-05-21 19:14:32.900,494.4543,,slider,1,0,0.00,-0.00,0.00,ACTIVE,NONE,12360,0,P,P,0.00,released,RELEASED
2026-05-21 19:14:33.299,494.8540,,slider,1,0,0.00,-0.00,0.00,ACTIVE,NONE,12370,0,P,P,0.00,released,RELEASED
2026-05-21 19:14:33.701,495.2558,,slider,1,0,0.00,-0.00,0.00,ACTIVE,NONE,12380,0,P,P,0.00,released,RELEASED
2026-05-21 19:14:34.099,495.6540,,slider,1,0,0.00,-0.00,0.00,ACTIVE,NONE,12390,0,P,P,0.00,released,RELEASED
2026-05-21 19:14:34.499,496.0541,,slider,1,0,0.00,-0.00,0.00,ACTIVE,NONE,12400,0,P,P,0.00,released,RELEASED
2026-05-21 19:14:34.900,496.4546,,slider,1,0,0.00,-0.00,0.00,ACTIVE,NONE,12410,0,P,P,0.00,released,RELEASED
2026-05-21 19:14:35.300,496.8545,,slider,1,0,0.00,-0.00,0.00,ACTIVE,NONE,12420,0,P,P,0.00,released,RELEASED
2026-05-21 19:14:35.700,497.2550,,slider,1,0,0.00,-0.00,0.00,ACTIVE,NONE,12430,0,P,P,0.00,released,RELEASED
2026-05-21 19:14:36.099,497.6540,,slider,1,0,0.00,-0.00,0.00,ACTIVE,NONE,12440,0,P,P,0.00,released,RELEASED
2026-05-21 19:14:36.500,498.0551,,slider,1,0,0.00,-0.00,0.00,ACTIVE,NONE,12450,0,P,P,0.00,released,RELEASED
2026-05-21 19:14:36.900,498.4551,,slider,1,0,0.00,-0.00,0.00,ACTIVE,NONE,12460,0,P,P,0.00,released,RELEASED
2026-05-21 19:14:37.300,498.8545,,slider,1,0,0.00,-0.00,0.00,ACTIVE,NONE,12470,0,P,P,0.00,released,RELEASED
2026-05-21 19:14:37.700,499.2551,,slider,1,0,0.00,-0.00,0.00,ACTIVE,NONE,12480,0,P,P,0.00,released,RELEASED
2026-05-21 19:14:38.100,499.6552,,slider,1,0,0.00,-0.00,0.00,ACTIVE,NONE,12490,0,P,P,0.00,released,RELEASED
2026-05-21 19:14:38.500,500.0545,,slider,1,0,0.00,-0.00,0.00,ACTIVE,NONE,12500,0,P,P,0.00,released,RELEASED
2026-05-21 19:14:38.900,500.4546,,slider,1,0,0.00,-0.00,0.00,ACTIVE,NONE,12510,0,P,P,0.00,released,RELEASED
2026-05-21 19:14:39.300,500.8552,,slider,1,0,0.00,-0.00,0.00,ACTIVE,NONE,12520,0,P,P,0.00,released,RELEASED
2026-05-21 19:14:39.700,501.2545,,slider,1,0,0.00,-0.00,0.00,ACTIVE,NONE,12530,0,P,P,0.00,released,RELEASED
2026-05-21 19:14:40.101,501.6557,,slider,1,0,0.00,-0.00,0.00,ACTIVE,NONE,12540,0,P,P,0.00,released,RELEASED
2026-05-21 19:14:40.500,502.0550,,slider,1,0,0.00,-0.00,0.00,ACTIVE,NONE,12550,0,P,P,0.00,released,RELEASED
2026-05-21 19:14:40.901,502.4555,,slider,1,0,0.00,-0.00,0.00,ACTIVE,NONE,12560,0,P,P,0.00,released,RELEASED
2026-05-21 19:14:41.302,502.8566,,slider,1,0,0.00,-0.00,0.00,ACTIVE,NONE,12570,0,P,P,0.00,released,RELEASED
2026-05-21 19:14:41.700,503.2547,,slider,1,0,0.00,-0.00,0.00,ACTIVE,NONE,12580,0,P,P,0.00,released,RELEASED
2026-05-21 19:14:42.102,503.6570,,slider,1,0,0.00,-0.00,0.00,ACTIVE,NONE,12590,0,P,P,0.00,released,RELEASED
2026-05-21 19:14:42.501,504.0558,,slider,1,0,0.00,-0.00,0.00,ACTIVE,NONE,12600,0,P,P,0.00,released,RELEASED
2026-05-21 19:14:42.900,504.4546,,slider,1,0,0.00,-0.00,0.00,ACTIVE,NONE,12610,0,P,P,0.00,released,RELEASED
2026-05-21 19:14:43.302,504.8565,,slider,1,0,0.00,-0.00,0.00,ACTIVE,NONE,12620,0,P,P,0.00,released,RELEASED
2026-05-21 19:14:43.700,505.2550,,slider,1,0,0.00,-0.00,0.00,ACTIVE,NONE,12630,0,P,P,0.00,released,RELEASED
2026-05-21 19:14:44.100,505.6550,,slider,1,0,0.00,-0.00,0.00,ACTIVE,NONE,12640,0,P,P,0.00,released,RELEASED
2026-05-21 19:14:44.500,506.0548,,slider,1,0,0.00,-0.00,0.00,ACTIVE,NONE,12650,0,P,P,0.00,released,RELEASED
2026-05-21 19:14:44.900,506.4550,,slider,1,0,0.00,-0.00,0.00,ACTIVE,NONE,12660,0,P,P,0.00,released,RELEASED
2026-05-21 19:14:45.302,506.8563,,slider,1,0,0.00,-0.00,0.00,ACTIVE,NONE,12670,0,P,P,0.00,released,RELEASED
2026-05-21 19:14:45.701,507.2561,,slider,1,0,0.00,-0.00,0.00,ACTIVE,NONE,12680,0,P,P,0.00,released,RELEASED
2026-05-21 19:14:46.101,507.6553,,slider,1,0,0.00,-0.00,0.00,ACTIVE,NONE,12690,0,P,P,0.00,released,RELEASED
2026-05-21 19:14:46.500,508.0549,,slider,1,0,0.00,-0.00,0.00,ACTIVE,NONE,12700,0,P,P,0.00,released,RELEASED
2026-05-21 19:14:46.901,508.4559,,slider,1,0,0.00,-0.00,0.00,ACTIVE,NONE,12710,0,P,P,0.00,released,RELEASED
2026-05-21 19:14:47.301,508.8555,,slider,1,0,0.00,-0.00,0.00,ACTIVE,NONE,12720,0,P,P,0.00,released,RELEASED
2026-05-21 19:14:47.701,509.2563,,slider,1,0,0.00,-0.00,0.00,ACTIVE,NONE,12730,0,P,P,0.00,released,RELEASED
2026-05-21 19:14:48.101,509.6558,,slider,1,0,0.00,-0.00,0.00,ACTIVE,NONE,12740,0,P,P,0.00,released,RELEASED
2026-05-21 19:14:48.501,510.0556,,slider,1,0,0.00,-0.00,0.00,ACTIVE,NONE,12750,0,P,P,0.00,released,RELEASED
2026-05-21 19:14:48.903,510.4579,,slider,1,0,0.00,-0.00,0.00,ACTIVE,NONE,12760,0,P,P,0.00,released,RELEASED
2026-05-21 19:14:49.301,510.8561,,slider,1,0,0.00,-0.00,0.00,ACTIVE,NONE,12770,0,P,P,0.00,released,RELEASED
2026-05-21 19:14:49.702,511.2566,,slider,1,0,0.00,-0.00,0.00,ACTIVE,NONE,12780,0,P,P,0.00,released,RELEASED
2026-05-21 19:14:50.101,511.6555,,slider,1,0,0.00,-0.00,0.00,ACTIVE,NONE,12790,0,P,P,0.00,released,RELEASED
2026-05-21 19:14:50.501,512.0558,,slider,1,0,0.00,-0.00,0.00,ACTIVE,NONE,12800,0,P,P,0.00,released,RELEASED
2026-05-21 19:14:50.903,512.4579,,slider,1,0,0.00,-0.00,0.00,ACTIVE,NONE,12810,0,P,P,0.00,released,RELEASED
2026-05-21 19:14:51.301,512.8560,,slider,1,0,0.00,-0.00,0.00,ACTIVE,NONE,12820,0,P,P,0.00,released,RELEASED
2026-05-21 19:14:51.704,513.2588,,slider,1,0,0.00,-0.00,0.00,ACTIVE,NONE,12830,0,P,P,0.00,released,RELEASED
2026-05-21 19:14:52.103,513.6578,,slider,1,0,0.00,-0.00,0.00,ACTIVE,NONE,12840,0,P,P,0.00,released,RELEASED
2026-05-21 19:14:52.503,514.0577,,slider,1,0,0.00,-0.00,0.00,ACTIVE,NONE,12850,0,P,P,0.00,released,RELEASED
2026-05-21 19:14:52.903,514.4574,,slider,1,0,0.00,-0.00,0.00,ACTIVE,NONE,12860,0,P,P,0.00,released,RELEASED
2026-05-21 19:14:53.302,514.8565,,slider,1,0,0.00,-0.00,0.00,ACTIVE,NONE,12870,0,P,P,0.00,released,RELEASED
2026-05-21 19:14:53.702,515.2564,,slider,1,0,0.00,-0.00,0.00,ACTIVE,NONE,12880,0,P,P,0.00,released,RELEASED
2026-05-21 19:14:54.102,515.6565,,slider,1,0,0.00,-0.00,0.00,ACTIVE,NONE,12890,0,P,P,0.00,released,RELEASED
2026-05-21 19:14:54.502,516.0573,,slider,1,0,0.00,-0.00,0.00,ACTIVE,NONE,12900,0,P,P,0.00,released,RELEASED
2026-05-21 19:14:54.903,516.4578,,slider,1,0,0.00,-0.00,0.00,ACTIVE,NONE,12910,0,P,P,0.00,released,RELEASED
2026-05-21 19:14:55.302,516.8572,,slider,1,0,0.00,-0.00,0.00,ACTIVE,NONE,12920,0,P,P,0.00,released,RELEASED
2026-05-21 19:14:55.703,517.2573,,slider,1,0,0.00,-0.00,0.00,ACTIVE,NONE,12930,0,P,P,0.00,released,RELEASED
2026-05-21 19:14:56.103,517.6579,,slider,1,0,0.00,-0.00,0.00,ACTIVE,NONE,12940,0,P,P,0.00,released,RELEASED
2026-05-21 19:14:56.504,518.0586,,slider,1,0,0.00,-0.00,0.00,ACTIVE,NONE,12950,0,P,P,0.00,released,RELEASED
2026-05-21 19:14:56.902,518.4571,,slider,1,0,0.00,-0.00,0.00,ACTIVE,NONE,12960,0,P,P,0.00,released,RELEASED
2026-05-21 19:14:57.303,518.8574,,slider,1,0,0.00,-0.00,0.00,ACTIVE,NONE,12970,0,P,P,0.00,released,RELEASED
2026-05-21 19:14:57.703,519.2578,,slider,1,0,0.00,-0.00,0.00,ACTIVE,NONE,12980,0,P,P,0.00,released,RELEASED
2026-05-21 19:14:58.103,519.6573,,slider,1,0,0.00,-0.00,0.00,ACTIVE,NONE,12990,0,P,P,0.00,released,RELEASED
2026-05-21 19:14:58.503,520.0579,,slider,1,0,0.00,-0.00,0.00,ACTIVE,NONE,13000,0,P,P,0.00,released,RELEASED
2026-05-21 19:14:58.903,520.4583,,slider,1,0,0.00,-0.00,0.00,ACTIVE,NONE,13010,0,P,P,0.00,released,RELEASED
2026-05-21 19:14:59.303,520.8575,,slider,1,0,0.00,-0.00,0.00,ACTIVE,NONE,13020,0,P,P,0.00,released,RELEASED
2026-05-21 19:14:59.703,521.2579,,slider,1,0,0.00,-0.00,0.00,ACTIVE,NONE,13030,0,P,P,0.00,released,RELEASED
2026-05-21 19:15:00.103,521.6579,,slider,1,0,0.00,-0.00,0.00,ACTIVE,NONE,13040,0,P,P,0.00,released,RELEASED
2026-05-21 19:15:00.503,522.0578,,slider,1,0,0.00,-0.00,0.00,ACTIVE,NONE,13050,0,P,P,0.00,released,RELEASED
2026-05-21 19:15:00.903,522.4580,,slider,1,0,0.00,-0.00,0.00,ACTIVE,NONE,13060,0,P,P,0.00,released,RELEASED
2026-05-21 19:15:01.303,522.8583,,slider,1,0,0.00,-0.00,0.00,ACTIVE,NONE,13070,0,P,P,0.00,released,RELEASED
2026-05-21 19:15:01.704,523.2589,,slider,1,0,0.00,-0.00,0.00,ACTIVE,NONE,13080,0,P,P,0.00,released,RELEASED
2026-05-21 19:15:02.104,523.6583,,slider,1,0,0.00,-0.00,0.00,ACTIVE,NONE,13090,0,P,P,0.00,released,RELEASED
2026-05-21 19:15:02.503,524.0577,,slider,1,0,0.00,-0.00,0.00,ACTIVE,NONE,13100,0,P,P,0.00,released,RELEASED
2026-05-21 19:15:02.904,524.4585,,slider,1,0,0.00,-0.00,0.00,ACTIVE,NONE,13110,0,P,P,0.00,released,RELEASED
2026-05-21 19:15:03.304,524.8584,,slider,1,0,0.00,-0.00,0.00,ACTIVE,NONE,13120,0,P,P,0.00,released,RELEASED
2026-05-21 19:15:03.704,525.2590,,slider,1,0,0.00,-0.00,0.00,ACTIVE,NONE,13130,0,P,P,0.00,released,RELEASED
2026-05-21 19:15:04.103,525.6581,,slider,1,0,0.00,-0.00,0.00,ACTIVE,NONE,13140,0,P,P,0.00,released,RELEASED
2026-05-21 19:15:04.504,526.0590,,slider,1,0,0.00,-0.00,0.00,ACTIVE,NONE,13150,0,P,P,0.00,released,RELEASED
2026-05-21 19:15:04.904,526.4586,,slider,1,0,0.00,-0.00,0.00,ACTIVE,NONE,13160,0,P,P,0.00,released,RELEASED
2026-05-21 19:15:05.303,526.8581,,slider,1,0,0.00,-0.00,0.00,ACTIVE,NONE,13170,0,P,P,0.00,released,RELEASED
2026-05-21 19:15:05.705,527.2595,,slider,1,0,0.00,-0.00,0.00,ACTIVE,NONE,13180,0,P,P,0.00,released,RELEASED
2026-05-21 19:15:06.104,527.6588,,slider,1,0,0.00,-0.00,0.00,ACTIVE,NONE,13190,0,P,P,0.00,released,RELEASED
2026-05-21 19:15:06.504,528.0589,,slider,1,0,0.00,-0.00,0.00,ACTIVE,NONE,13200,0,P,P,0.00,released,RELEASED
2026-05-21 19:15:06.904,528.4588,,slider,1,0,0.00,-0.00,0.00,ACTIVE,NONE,13210,0,P,P,0.00,released,RELEASED
2026-05-21 19:15:07.304,528.8592,,slider,1,0,0.00,-0.00,0.00,ACTIVE,NONE,13220,0,P,P,0.00,released,RELEASED
2026-05-21 19:15:07.705,529.2596,,slider,1,0,0.00,-0.00,0.00,ACTIVE,NONE,13230,0,P,P,0.00,released,RELEASED
2026-05-21 19:15:08.105,529.6596,,slider,1,0,0.00,-0.00,0.00,ACTIVE,NONE,13240,0,P,P,0.00,released,RELEASED
2026-05-21 19:15:08.505,530.0597,,slider,1,0,0.00,-0.00,0.00,ACTIVE,NONE,13250,0,P,P,0.00,released,RELEASED
2026-05-21 19:15:08.904,530.4592,,slider,1,0,0.00,-0.00,0.00,ACTIVE,NONE,13260,0,P,P,0.00,released,RELEASED
2026-05-21 19:15:09.305,530.8593,,slider,1,0,0.00,-0.00,0.00,ACTIVE,NONE,13270,0,P,P,0.00,released,RELEASED
2026-05-21 19:15:09.705,531.2595,,slider,1,0,0.00,-0.00,0.00,ACTIVE,NONE,13280,0,P,P,0.00,released,RELEASED
2026-05-21 19:15:10.105,531.6594,,slider,1,0,0.00,-0.00,0.00,ACTIVE,NONE,13290,0,P,P,0.00,released,RELEASED
2026-05-21 19:15:10.505,532.0599,,slider,1,0,0.00,-0.00,0.00,ACTIVE,NONE,13300,0,P,P,0.00,released,RELEASED
2026-05-21 19:15:10.905,532.4596,,slider,1,0,0.00,-0.00,0.00,ACTIVE,NONE,13310,0,P,P,0.00,released,RELEASED
2026-05-21 19:15:11.304,532.8592,,slider,1,0,0.00,-0.00,0.00,ACTIVE,NONE,13320,0,P,P,0.00,released,RELEASED
2026-05-21 19:15:11.705,533.2603,,slider,1,0,0.00,-0.00,0.00,ACTIVE,NONE,13330,0,P,P,0.00,released,RELEASED
2026-05-21 19:15:12.105,533.6596,,slider,1,0,0.00,-0.00,0.00,ACTIVE,NONE,13340,0,P,P,0.00,released,RELEASED
2026-05-21 19:15:12.506,534.0603,,slider,1,0,0.00,-0.00,0.00,ACTIVE,NONE,13350,0,P,P,0.00,released,RELEASED
2026-05-21 19:15:12.905,534.4603,,slider,1,0,0.00,-0.00,0.00,ACTIVE,NONE,13360,0,P,P,0.00,released,RELEASED
2026-05-21 19:15:13.305,534.8595,,slider,1,0,0.00,-0.00,0.00,ACTIVE,NONE,13370,0,P,P,0.00,released,RELEASED
2026-05-21 19:15:13.705,535.2600,,slider,1,0,0.00,-0.00,0.00,ACTIVE,NONE,13380,0,P,P,0.00,released,RELEASED
2026-05-21 19:15:14.104,535.6592,,slider,1,0,0.00,-0.00,0.00,ACTIVE,NONE,13390,0,P,P,0.00,released,RELEASED
2026-05-21 19:15:14.506,536.0607,,slider,1,0,0.00,-0.00,0.00,ACTIVE,NONE,13400,0,P,P,0.00,released,RELEASED
2026-05-21 19:15:14.906,536.4606,,slider,1,0,0.00,-0.00,0.00,ACTIVE,NONE,13410,0,P,P,0.00,released,RELEASED
2026-05-21 19:15:15.305,536.8598,,slider,1,0,0.00,-0.00,0.00,ACTIVE,NONE,13420,0,P,P,0.00,released,RELEASED
2026-05-21 19:15:15.705,537.2599,,slider,1,0,0.00,-0.00,0.00,ACTIVE,NONE,13430,0,P,P,0.00,released,RELEASED
2026-05-21 19:15:16.105,537.6595,,slider,1,0,0.00,-0.00,0.00,ACTIVE,NONE,13440,0,P,P,0.00,released,RELEASED
2026-05-21 19:15:16.506,538.0604,,slider,1,0,0.00,-0.00,0.00,ACTIVE,NONE,13450,0,P,P,0.00,released,RELEASED
2026-05-21 19:15:16.906,538.4603,,slider,1,0,0.00,-0.00,0.00,ACTIVE,NONE,13460,0,P,P,0.00,released,RELEASED
2026-05-21 19:15:17.306,538.8606,,slider,1,0,0.00,-0.00,0.00,ACTIVE,NONE,13470,0,P,P,0.00,released,RELEASED
2026-05-21 19:15:17.705,539.2600,,slider,1,0,0.00,-0.00,0.00,ACTIVE,NONE,13480,0,P,P,0.00,released,RELEASED
2026-05-21 19:15:18.106,539.6604,,slider,1,0,0.00,-0.00,0.00,ACTIVE,NONE,13490,0,P,P,0.00,released,RELEASED
2026-05-21 19:15:18.505,540.0601,,slider,1,0,0.00,-0.00,0.00,ACTIVE,NONE,13500,0,P,P,0.00,released,RELEASED
2026-05-21 19:15:18.905,540.4602,,slider,1,0,0.00,-0.00,0.00,ACTIVE,NONE,13510,0,P,P,0.00,released,RELEASED
2026-05-21 19:15:19.305,540.8601,,slider,1,0,0.00,-0.00,0.00,ACTIVE,NONE,13520,0,P,P,0.00,released,RELEASED
2026-05-21 19:15:19.705,541.2600,,slider,1,0,0.00,-0.00,0.00,ACTIVE,NONE,13530,0,P,P,0.00,released,RELEASED
2026-05-21 19:15:20.106,541.6607,,slider,1,0,0.00,-0.00,0.00,ACTIVE,NONE,13540,0,P,P,0.00,released,RELEASED
2026-05-21 19:15:20.506,542.0606,,slider,1,0,0.00,-0.00,0.00,ACTIVE,NONE,13550,0,P,P,0.00,released,RELEASED
2026-05-21 19:15:20.906,542.4605,,slider,1,0,0.00,-0.00,0.00,ACTIVE,NONE,13560,0,P,P,0.00,released,RELEASED
2026-05-21 19:15:21.306,542.8605,,slider,1,0,0.00,-0.00,0.00,ACTIVE,NONE,13570,0,P,P,0.00,released,RELEASED
2026-05-21 19:15:21.706,543.2605,,slider,1,0,0.00,-0.00,0.00,ACTIVE,NONE,13580,0,P,P,0.00,released,RELEASED
2026-05-21 19:15:22.106,543.6611,,slider,1,0,0.00,-0.00,0.00,ACTIVE,NONE,13590,0,P,P,0.00,released,RELEASED
2026-05-21 19:15:22.506,544.0611,,slider,1,0,0.00,-0.00,0.00,ACTIVE,NONE,13600,0,P,P,0.00,released,RELEASED
2026-05-21 19:15:22.906,544.4608,,slider,1,0,0.00,-0.00,0.00,ACTIVE,NONE,13610,0,P,P,0.00,released,RELEASED
2026-05-21 19:15:23.306,544.8609,,slider,1,0,0.00,-0.00,0.00,ACTIVE,NONE,13620,0,P,P,0.00,released,RELEASED
2026-05-21 19:15:23.706,545.2607,,slider,1,0,0.00,-0.00,0.00,ACTIVE,NONE,13630,0,P,P,0.00,released,RELEASED
2026-05-21 19:15:24.106,545.6604,,slider,1,0,0.00,-0.00,0.00,ACTIVE,NONE,13640,0,P,P,0.00,released,RELEASED
2026-05-21 19:15:24.506,546.0610,,slider,1,0,0.00,-0.00,0.00,ACTIVE,NONE,13650,0,P,P,0.00,released,RELEASED
2026-05-21 19:15:24.906,546.4612,,slider,1,0,0.00,-0.00,0.00,ACTIVE,NONE,13660,0,P,P,0.00,released,RELEASED
2026-05-21 19:15:25.306,546.8611,,slider,1,0,0.00,-0.00,0.00,ACTIVE,NONE,13670,0,P,P,0.00,released,RELEASED
2026-05-21 19:15:25.706,547.2609,,slider,1,0,0.00,-0.00,0.00,ACTIVE,NONE,13680,0,P,P,0.00,released,RELEASED
2026-05-21 19:15:26.106,547.6610,,slider,1,0,0.00,-0.00,0.00,ACTIVE,NONE,13690,0,P,P,0.00,released,RELEASED
2026-05-21 19:15:26.506,548.0609,,slider,1,0,0.00,-0.00,0.00,ACTIVE,NONE,13700,0,P,P,0.00,released,RELEASED
2026-05-21 19:15:26.907,548.4613,,slider,1,0,0.00,-0.00,0.00,ACTIVE,NONE,13710,0,P,P,0.00,released,RELEASED
2026-05-21 19:15:27.306,548.8612,,slider,1,0,0.00,-0.00,0.00,ACTIVE,NONE,13720,0,P,P,0.00,released,RELEASED
2026-05-21 19:15:27.707,549.2614,,slider,1,0,0.00,-0.00,0.00,ACTIVE,NONE,13730,0,P,P,0.00,released,RELEASED
2026-05-21 19:15:28.107,549.6615,,slider,1,0,0.00,-0.00,0.00,ACTIVE,NONE,13740,0,P,P,0.00,released,RELEASED
2026-05-21 19:15:28.507,550.0615,,slider,1,0,0.00,-0.00,0.00,ACTIVE,NONE,13750,0,P,P,0.00,released,RELEASED
2026-05-21 19:15:28.907,550.4621,,slider,1,0,0.00,-0.00,0.00,ACTIVE,NONE,13760,0,P,P,0.00,released,RELEASED
2026-05-21 19:15:29.307,550.8617,,slider,1,0,0.00,-0.00,0.00,ACTIVE,NONE,13770,0,P,P,0.00,released,RELEASED
2026-05-21 19:15:29.707,551.2618,,slider,1,0,0.00,-0.00,0.00,ACTIVE,NONE,13780,0,P,P,0.00,released,RELEASED
2026-05-21 19:15:30.108,551.6623,,slider,1,0,0.00,-0.00,0.00,ACTIVE,NONE,13790,0,P,P,0.00,released,RELEASED
2026-05-21 19:15:30.507,552.0619,,slider,1,0,0.00,-0.00,0.00,ACTIVE,NONE,13800,0,P,P,0.00,released,RELEASED
2026-05-21 19:15:30.907,552.4619,,slider,1,0,0.00,-0.00,0.00,ACTIVE,NONE,13810,0,P,P,0.00,released,RELEASED
2026-05-21 19:15:31.308,552.8633,,slider,1,0,0.00,-0.00,0.00,ACTIVE,NONE,13820,0,P,P,0.00,released,RELEASED
2026-05-21 19:15:31.708,553.2624,,slider,1,0,0.00,-0.00,0.00,ACTIVE,NONE,13830,0,P,P,0.00,released,RELEASED
2026-05-21 19:15:32.108,553.6624,,slider,1,0,0.00,-0.00,0.00,ACTIVE,NONE,13840,0,P,P,0.00,released,RELEASED
2026-05-21 19:15:32.508,554.0625,,slider,1,0,0.00,-0.00,0.00,ACTIVE,NONE,13850,0,P,P,0.00,released,RELEASED
2026-05-21 19:15:32.908,554.4625,,slider,1,0,0.00,-0.00,0.00,ACTIVE,NONE,13860,0,P,P,0.00,released,RELEASED
2026-05-21 19:15:33.307,554.8619,,slider,1,0,0.00,-0.00,0.00,ACTIVE,NONE,13870,0,P,P,0.00,released,RELEASED
2026-05-21 19:15:33.707,555.2622,,slider,1,0,0.00,-0.00,0.00,ACTIVE,NONE,13880,0,P,P,0.00,released,RELEASED
2026-05-21 19:15:34.107,555.6622,,slider,1,0,0.00,-0.00,0.00,ACTIVE,NONE,13890,0,P,P,0.00,released,RELEASED
2026-05-21 19:15:34.508,556.0627,,slider,1,0,0.00,-0.00,0.00,ACTIVE,NONE,13900,0,P,P,0.00,released,RELEASED
2026-05-21 19:15:34.907,556.4619,,slider,1,0,0.00,-0.00,0.00,ACTIVE,NONE,13910,0,P,P,0.00,released,RELEASED
2026-05-21 19:15:35.308,556.8628,,slider,1,0,0.00,-0.00,0.00,ACTIVE,NONE,13920,0,P,P,0.00,released,RELEASED
2026-05-21 19:15:35.708,557.2626,,slider,1,0,0.00,-0.00,0.00,ACTIVE,NONE,13930,0,P,P,0.00,released,RELEASED
2026-05-21 19:15:36.108,557.6623,,slider,1,0,0.00,-0.00,0.00,ACTIVE,NONE,13940,0,P,P,0.00,released,RELEASED
2026-05-21 19:15:36.508,558.0631,,slider,1,0,0.00,-0.00,0.00,ACTIVE,NONE,13950,0,P,P,0.00,released,RELEASED
2026-05-21 19:15:36.908,558.4630,,slider,1,0,0.00,-0.00,0.00,ACTIVE,NONE,13960,0,P,P,0.00,released,RELEASED
2026-05-21 19:15:37.309,558.8634,,slider,1,0,0.00,-0.00,0.00,ACTIVE,NONE,13970,0,P,P,0.00,released,RELEASED
2026-05-21 19:15:37.708,559.2630,,slider,1,0,0.00,-0.00,0.00,ACTIVE,NONE,13980,0,P,P,0.00,released,RELEASED
2026-05-21 19:15:38.108,559.6626,,slider,1,0,0.00,-0.00,0.00,ACTIVE,NONE,13990,0,P,P,0.00,released,RELEASED
2026-05-21 19:15:38.508,560.0629,,slider,1,0,0.00,-0.00,0.00,ACTIVE,NONE,14000,0,P,P,0.00,released,RELEASED
2026-05-21 19:15:38.908,560.4628,,slider,1,0,0.00,-0.00,0.00,ACTIVE,NONE,14010,0,P,P,0.00,released,RELEASED
2026-05-21 19:15:39.309,560.8636,,slider,1,0,0.00,-0.00,0.00,ACTIVE,NONE,14020,0,P,P,0.00,released,RELEASED
2026-05-21 19:15:39.709,561.2633,,slider,1,0,0.00,-0.00,0.00,ACTIVE,NONE,14030,0,P,P,0.00,released,RELEASED
2026-05-21 19:15:40.109,561.6635,,slider,1,0,0.00,-0.00,0.00,ACTIVE,NONE,14040,0,P,P,0.00,released,RELEASED
2026-05-21 19:15:40.508,562.0630,,slider,1,0,0.00,-0.00,0.00,ACTIVE,NONE,14050,0,P,P,0.00,released,RELEASED
2026-05-21 19:15:40.908,562.4630,,slider,1,0,0.00,-0.00,0.00,ACTIVE,NONE,14060,0,P,P,0.00,released,RELEASED
2026-05-21 19:15:41.309,562.8643,,slider,1,0,0.00,-0.00,0.00,ACTIVE,NONE,14070,0,P,P,0.00,released,RELEASED
2026-05-21 19:15:41.708,563.2631,,slider,1,0,0.00,-0.00,0.00,ACTIVE,NONE,14080,0,P,P,0.00,released,RELEASED
2026-05-21 19:15:42.108,563.6630,,slider,1,0,0.00,-0.00,0.00,ACTIVE,NONE,14090,0,P,P,0.00,released,RELEASED
2026-05-21 19:15:42.508,564.0632,,slider,1,0,0.00,-0.00,0.00,ACTIVE,NONE,14100,0,P,P,0.00,released,RELEASED
2026-05-21 19:15:42.909,564.4640,,slider,1,0,0.00,-0.00,0.00,ACTIVE,NONE,14110,0,P,P,0.00,released,RELEASED
2026-05-21 19:15:43.310,564.8643,,slider,1,0,0.00,-0.00,0.00,ACTIVE,NONE,14120,0,P,P,0.00,released,RELEASED
2026-05-21 19:15:43.709,565.2637,,slider,1,0,0.00,-0.00,0.00,ACTIVE,NONE,14130,0,P,P,0.00,released,RELEASED
2026-05-21 19:15:44.109,565.6634,,slider,1,0,0.00,-0.00,0.00,ACTIVE,NONE,14140,0,P,P,0.00,released,RELEASED
2026-05-21 19:15:44.509,566.0638,,slider,1,0,0.00,-0.00,0.00,ACTIVE,NONE,14150,0,P,P,0.00,released,RELEASED
2026-05-21 19:15:44.909,566.4639,,slider,1,0,0.00,-0.00,0.00,ACTIVE,NONE,14160,0,P,P,0.00,released,RELEASED
2026-05-21 19:15:45.309,566.8635,,slider,1,0,0.00,-0.00,0.00,ACTIVE,NONE,14170,0,P,P,0.00,released,RELEASED
2026-05-21 19:15:45.709,567.2640,,slider,1,0,0.00,-0.00,0.00,ACTIVE,NONE,14180,0,P,P,0.00,released,RELEASED
2026-05-21 19:15:46.109,567.6639,,slider,1,0,0.00,-0.00,0.00,ACTIVE,NONE,14190,0,P,P,0.00,released,RELEASED
2026-05-21 19:15:46.509,568.0637,,slider,1,0,0.00,-0.00,0.00,ACTIVE,NONE,14200,0,P,P,0.00,released,RELEASED
2026-05-21 19:15:46.909,568.4640,,slider,1,0,0.00,-0.00,0.00,ACTIVE,NONE,14210,0,P,P,0.00,released,RELEASED
2026-05-21 19:15:47.309,568.8642,,slider,1,0,0.00,-0.00,0.00,ACTIVE,NONE,14220,0,P,P,0.00,released,RELEASED
2026-05-21 19:15:47.709,569.2637,,slider,1,0,0.00,-0.00,0.00,ACTIVE,NONE,14230,0,P,P,0.00,released,RELEASED
2026-05-21 19:15:48.109,569.6640,,slider,1,0,0.00,-0.00,0.00,ACTIVE,NONE,14240,0,P,P,0.00,released,RELEASED
2026-05-21 19:15:48.509,570.0639,,slider,1,0,0.00,-0.00,0.00,ACTIVE,NONE,14250,0,P,P,0.00,released,RELEASED
2026-05-21 19:15:48.910,570.4647,,slider,1,0,0.00,-0.00,0.00,ACTIVE,NONE,14260,0,P,P,0.00,released,RELEASED
2026-05-21 19:15:49.309,570.8641,,slider,1,0,0.00,-0.00,0.00,ACTIVE,NONE,14270,0,P,P,0.00,released,RELEASED
2026-05-21 19:15:49.710,571.2644,,slider,1,0,0.00,-0.00,0.00,ACTIVE,NONE,14280,0,P,P,0.00,released,RELEASED
2026-05-21 19:15:50.109,571.6642,,slider,1,0,0.00,-0.00,0.00,ACTIVE,NONE,14290,0,P,P,0.00,released,RELEASED
2026-05-21 19:15:50.510,572.0644,,slider,1,0,0.00,-0.00,0.00,ACTIVE,NONE,14300,0,P,P,0.00,released,RELEASED
2026-05-21 19:15:50.910,572.4643,,slider,1,0,0.00,-0.00,0.00,ACTIVE,NONE,14310,0,P,P,0.00,released,RELEASED
2026-05-21 19:15:51.311,572.8658,,slider,1,0,0.00,-0.00,0.00,ACTIVE,NONE,14320,0,P,P,0.00,released,RELEASED
2026-05-21 19:15:51.710,573.2648,,slider,1,0,0.00,-0.00,0.00,ACTIVE,NONE,14330,0,P,P,0.00,released,RELEASED
2026-05-21 19:15:52.109,573.6642,,slider,1,0,0.00,-0.00,0.00,ACTIVE,NONE,14340,0,P,P,0.00,released,RELEASED
2026-05-21 19:15:52.510,574.0644,,slider,1,0,0.00,-0.00,0.00,ACTIVE,NONE,14350,0,P,P,0.00,released,RELEASED
2026-05-21 19:15:52.909,574.4643,,slider,1,0,0.00,-0.00,0.00,ACTIVE,NONE,14360,0,P,P,0.00,released,RELEASED
2026-05-21 19:15:53.310,574.8652,,slider,1,0,0.00,-0.00,0.00,ACTIVE,NONE,14370,0,P,P,0.00,released,RELEASED
2026-05-21 19:15:53.710,575.2646,,slider,1,0,0.00,-0.00,0.00,ACTIVE,NONE,14380,0,P,P,0.00,released,RELEASED
2026-05-21 19:15:54.110,575.6646,,slider,1,0,0.00,-0.00,0.00,ACTIVE,NONE,14390,0,P,P,0.00,released,RELEASED
2026-05-21 19:15:54.510,576.0645,,slider,1,0,0.00,-0.00,0.00,ACTIVE,NONE,14400,0,P,P,0.00,released,RELEASED
2026-05-21 19:15:54.910,576.4646,,slider,1,0,0.00,-0.00,0.00,ACTIVE,NONE,14410,0,P,P,0.00,released,RELEASED
2026-05-21 19:15:55.311,576.8662,,slider,1,0,0.00,-0.00,0.00,ACTIVE,NONE,14420,0,P,P,0.00,released,RELEASED
2026-05-21 19:15:55.710,577.2646,,slider,1,0,0.00,-0.00,0.00,ACTIVE,NONE,14430,0,P,P,0.00,released,RELEASED
2026-05-21 19:15:56.110,577.6650,,slider,1,0,0.00,-0.00,0.00,ACTIVE,NONE,14440,0,P,P,0.00,released,RELEASED
2026-05-21 19:15:56.510,578.0651,,slider,1,0,0.00,-0.00,0.00,ACTIVE,NONE,14450,0,P,P,0.00,released,RELEASED
2026-05-21 19:15:56.910,578.4651,,slider,1,0,0.00,-0.00,0.00,ACTIVE,NONE,14460,0,P,P,0.00,released,RELEASED
2026-05-21 19:15:57.310,578.8649,,slider,1,0,0.00,-0.00,0.00,ACTIVE,NONE,14470,0,P,P,0.00,released,RELEASED
2026-05-21 19:15:57.711,579.2655,,slider,1,0,0.00,-0.00,0.00,ACTIVE,NONE,14480,0,P,P,0.00,released,RELEASED
2026-05-21 19:15:58.110,579.6649,,slider,1,0,0.00,-0.00,0.00,ACTIVE,NONE,14490,0,P,P,0.00,released,RELEASED
2026-05-21 19:15:58.510,580.0652,,slider,1,0,0.00,-0.00,0.00,ACTIVE,NONE,14500,0,P,P,0.00,released,RELEASED
2026-05-21 19:15:58.911,580.4653,,slider,1,0,0.00,-0.00,0.00,ACTIVE,NONE,14510,0,P,P,0.00,released,RELEASED
2026-05-21 19:15:59.310,580.8650,,slider,1,0,0.00,-0.00,0.00,ACTIVE,NONE,14520,0,P,P,0.00,released,RELEASED
2026-05-21 19:15:59.710,581.2651,,slider,1,0,0.00,-0.00,0.00,ACTIVE,NONE,14530,0,P,P,0.00,released,RELEASED
2026-05-21 19:16:00.110,581.6651,,slider,1,0,0.00,-0.00,0.00,ACTIVE,NONE,14540,0,P,P,0.00,released,RELEASED
2026-05-21 19:16:00.511,582.0654,,slider,1,0,0.00,-0.00,0.00,ACTIVE,NONE,14550,0,P,P,0.00,released,RELEASED
2026-05-21 19:16:00.911,582.4654,,slider,1,0,0.00,-0.00,0.00,ACTIVE,NONE,14560,0,P,P,0.00,released,RELEASED
2026-05-21 19:16:01.311,582.8654,,slider,1,0,0.00,-0.00,0.00,ACTIVE,NONE,14570,0,P,P,0.00,released,RELEASED
2026-05-21 19:16:01.711,583.2653,,slider,1,0,0.00,-0.00,0.00,ACTIVE,NONE,14580,0,P,P,0.00,released,RELEASED
2026-05-21 19:16:02.111,583.6654,,slider,1,0,0.00,-0.00,0.00,ACTIVE,NONE,14590,0,P,P,0.00,released,RELEASED
2026-05-21 19:16:02.511,584.0655,,slider,1,0,0.00,-0.00,0.00,ACTIVE,NONE,14600,0,P,P,0.00,released,RELEASED
2026-05-21 19:16:02.911,584.4656,,slider,1,0,0.00,-0.00,0.00,ACTIVE,NONE,14610,0,P,P,0.00,released,RELEASED
2026-05-21 19:16:03.311,584.8656,,slider,1,0,0.00,-0.00,0.00,ACTIVE,NONE,14620,0,P,P,0.00,released,RELEASED
2026-05-21 19:16:03.711,585.2656,,slider,1,0,0.00,-0.00,0.00,ACTIVE,NONE,14630,0,P,P,0.00,released,RELEASED
2026-05-21 19:16:04.111,585.6662,,slider,1,0,0.00,-0.00,0.00,ACTIVE,NONE,14640,0,P,P,0.00,released,RELEASED
2026-05-21 19:16:04.512,586.0663,,slider,1,0,0.00,-0.00,0.00,ACTIVE,NONE,14650,0,P,P,0.00,released,RELEASED
2026-05-21 19:16:04.912,586.4664,,slider,1,0,0.00,-0.00,0.00,ACTIVE,NONE,14660,0,P,P,0.00,released,RELEASED
2026-05-21 19:16:05.312,586.8663,,slider,1,0,0.00,-0.00,0.00,ACTIVE,NONE,14670,0,P,P,0.00,released,RELEASED
2026-05-21 19:16:05.712,587.2663,,slider,1,0,0.00,-0.00,0.00,ACTIVE,NONE,14680,0,P,P,0.00,released,RELEASED
2026-05-21 19:16:06.112,587.6665,,slider,1,0,0.00,-0.00,0.00,ACTIVE,NONE,14690,0,P,P,0.00,released,RELEASED
2026-05-21 19:16:06.512,588.0666,,slider,1,0,0.00,-0.00,0.00,ACTIVE,NONE,14700,0,P,P,0.00,released,RELEASED
2026-05-21 19:16:06.912,588.4667,,slider,1,0,0.00,-0.00,0.00,ACTIVE,NONE,14710,0,P,P,0.00,released,RELEASED
2026-05-21 19:16:07.312,588.8666,,slider,1,0,0.00,-0.00,0.00,ACTIVE,NONE,14720,0,P,P,0.00,released,RELEASED
2026-05-21 19:16:07.712,589.2666,,slider,1,0,0.00,-0.00,0.00,ACTIVE,NONE,14730,0,P,P,0.00,released,RELEASED
2026-05-21 19:16:08.112,589.6668,,slider,1,0,0.00,-0.00,0.00,ACTIVE,NONE,14740,0,P,P,0.00,released,RELEASED
2026-05-21 19:16:08.512,590.0669,,slider,1,0,0.00,-0.00,0.00,ACTIVE,NONE,14750,0,P,P,0.00,released,RELEASED
2026-05-21 19:16:08.912,590.4669,,slider,1,0,0.00,-0.00,0.00,ACTIVE,NONE,14760,0,P,P,0.00,released,RELEASED
2026-05-21 19:16:09.296,590.8511,,slider,1,0,0.00,-0.00,0.00,ACTIVE,NONE,14770,0,P,P,0.00,released,RELEASED
2026-05-21 19:16:09.712,591.2670,,slider,1,0,0.00,-0.00,0.00,ACTIVE,NONE,14780,0,P,P,0.00,released,RELEASED
2026-05-21 19:16:10.112,591.6670,,slider,1,0,0.00,-0.00,0.00,ACTIVE,NONE,14790,0,P,P,0.00,released,RELEASED
2026-05-21 19:16:10.512,592.0671,,slider,1,0,0.00,-0.00,0.00,ACTIVE,NONE,14800,0,P,P,0.00,released,RELEASED
2026-05-21 19:16:10.912,592.4672,,slider,1,0,0.00,-0.00,0.00,ACTIVE,NONE,14810,0,P,P,0.00,released,RELEASED
2026-05-21 19:16:11.312,592.8671,,slider,1,0,0.00,-0.00,0.00,ACTIVE,NONE,14820,0,P,P,0.00,released,RELEASED
2026-05-21 19:16:11.695,593.2501,,slider,1,0,0.00,-0.00,0.00,ACTIVE,NONE,14830,0,P,P,0.00,released,RELEASED
2026-05-21 19:16:12.113,593.6674,,slider,1,0,0.00,-0.00,0.00,ACTIVE,NONE,14840,0,P,P,0.00,released,RELEASED
2026-05-21 19:16:12.513,594.0674,,slider,1,0,0.00,-0.00,0.00,ACTIVE,NONE,14850,0,P,P,0.00,released,RELEASED
2026-05-21 19:16:12.896,594.4508,,slider,1,0,0.00,-0.00,0.00,ACTIVE,NONE,14860,0,P,P,0.00,released,RELEASED
2026-05-21 19:16:13.298,594.8532,,slider,1,0,0.00,-0.00,0.00,ACTIVE,NONE,14870,0,P,P,0.00,released,RELEASED
2026-05-21 19:16:13.713,595.2676,,slider,1,0,0.00,-0.00,0.00,ACTIVE,NONE,14880,0,P,P,0.00,released,RELEASED
2026-05-21 19:16:14.113,595.6675,,slider,1,0,0.00,-0.00,0.00,ACTIVE,NONE,14890,0,P,P,0.00,released,RELEASED
2026-05-21 19:16:14.513,596.0682,,slider,1,0,0.00,-0.00,0.00,ACTIVE,NONE,14900,0,P,P,0.00,released,RELEASED
2026-05-21 19:16:14.913,596.4677,,slider,1,0,0.00,-0.00,0.00,ACTIVE,NONE,14910,0,P,P,0.00,released,RELEASED
2026-05-21 19:16:15.314,596.8686,,slider,1,0,0.00,-0.00,0.00,ACTIVE,NONE,14920,0,P,P,0.00,released,RELEASED
2026-05-21 19:16:15.697,597.2514,,slider,1,0,0.00,-0.00,0.00,ACTIVE,NONE,14930,0,P,P,0.00,released,RELEASED
2026-05-21 19:16:16.114,597.6685,,slider,1,0,0.00,-0.00,0.00,ACTIVE,NONE,14940,0,P,P,0.00,released,RELEASED
2026-05-21 19:16:16.497,598.0516,,slider,1,0,0.00,-0.00,0.00,ACTIVE,NONE,14950,0,P,P,0.00,released,RELEASED
2026-05-21 19:16:16.913,598.4682,,slider,1,0,0.00,-0.00,0.00,ACTIVE,NONE,14960,0,P,P,0.00,released,RELEASED
2026-05-21 19:16:17.313,598.8679,,slider,1,0,0.00,-0.00,0.00,ACTIVE,NONE,14970,0,P,P,0.00,released,RELEASED
2026-05-21 19:16:17.714,599.2690,,slider,1,0,0.00,-0.00,0.00,ACTIVE,NONE,14980,0,P,P,0.00,released,RELEASED
2026-05-21 19:16:18.114,599.6684,,slider,1,0,0.00,-0.00,0.00,ACTIVE,NONE,14990,0,P,P,0.00,released,RELEASED
2026-05-21 19:16:18.514,600.0684,,slider,1,0,0.00,-0.00,0.00,ACTIVE,NONE,15000,0,P,P,0.00,released,RELEASED
2026-05-21 19:16:18.897,600.4515,,slider,1,0,0.00,-0.00,0.00,ACTIVE,NONE,15010,0,P,P,0.00,released,RELEASED
2026-05-21 19:16:19.297,600.8515,,slider,1,0,0.00,-0.00,0.00,ACTIVE,NONE,15020,0,P,P,0.00,released,RELEASED
2026-05-21 19:16:19.714,601.2688,,slider,1,0,0.00,-0.00,0.00,ACTIVE,NONE,15030,0,P,P,0.00,released,RELEASED
2026-05-21 19:16:20.097,601.6514,,slider,1,0,0.00,-0.00,0.00,ACTIVE,NONE,15040,0,P,P,0.00,released,RELEASED
2026-05-21 19:16:20.497,602.0515,,slider,1,0,0.00,-0.00,0.00,ACTIVE,NONE,15050,0,P,P,0.00,released,RELEASED
2026-05-21 19:16:20.896,602.4508,,slider,1,0,0.00,-0.00,0.00,ACTIVE,NONE,15060,0,P,P,0.00,released,RELEASED
2026-05-21 19:16:21.299,602.8538,,slider,1,0,0.00,-0.00,0.00,ACTIVE,NONE,15070,0,P,P,0.00,released,RELEASED
2026-05-21 19:16:21.714,603.2686,,slider,1,0,0.00,-0.00,0.00,ACTIVE,NONE,15080,0,P,P,0.00,released,RELEASED
2026-05-21 19:16:22.096,603.6512,,slider,1,0,0.00,-0.00,0.00,ACTIVE,NONE,15090,0,P,P,0.00,released,RELEASED
2026-05-21 19:16:22.497,604.0515,,slider,1,0,0.00,-0.00,0.00,ACTIVE,NONE,15100,0,P,P,0.00,released,RELEASED
2026-05-21 19:16:22.896,604.4506,,slider,1,0,0.00,-0.00,0.00,ACTIVE,NONE,15110,0,P,P,0.00,released,RELEASED
2026-05-21 19:16:23.297,604.8517,,slider,1,0,0.00,-0.00,0.00,ACTIVE,NONE,15120,0,P,P,0.00,released,RELEASED
2026-05-21 19:16:23.698,605.2530,,slider,1,0,0.00,-0.00,0.00,ACTIVE,NONE,15130,0,P,P,0.00,released,RELEASED
2026-05-21 19:16:24.097,605.6516,,slider,1,0,0.00,-0.00,0.00,ACTIVE,NONE,15140,0,P,P,0.00,released,RELEASED
2026-05-21 19:16:24.496,606.0511,,slider,1,0,0.00,-0.00,0.00,ACTIVE,NONE,15150,0,P,P,0.00,released,RELEASED
2026-05-21 19:16:24.898,606.4525,,slider,1,0,0.00,-0.00,0.00,ACTIVE,NONE,15160,0,P,P,0.00,released,RELEASED
2026-05-21 19:16:25.296,606.8511,,slider,1,0,0.00,-0.00,0.00,ACTIVE,NONE,15170,0,P,P,0.00,released,RELEASED
2026-05-21 19:16:25.697,607.2517,,slider,1,0,0.00,-0.00,0.00,ACTIVE,NONE,15180,0,P,P,0.00,released,RELEASED
2026-05-21 19:16:26.116,607.6705,,slider,1,0,0.00,-0.00,0.00,ACTIVE,NONE,15190,0,P,P,0.00,released,RELEASED
2026-05-21 19:16:26.496,608.0509,,slider,1,0,0.00,-0.00,0.00,ACTIVE,NONE,15200,0,P,P,0.00,released,RELEASED
2026-05-21 19:16:26.896,608.4512,,slider,1,0,0.00,-0.00,0.00,ACTIVE,NONE,15210,0,P,P,0.00,released,RELEASED
2026-05-21 19:16:27.299,608.8535,,slider,1,0,0.00,-0.00,0.00,ACTIVE,NONE,15220,0,P,P,0.00,released,RELEASED
2026-05-21 19:16:27.696,609.2511,,slider,1,0,0.00,-0.00,0.00,ACTIVE,NONE,15230,0,P,P,0.00,released,RELEASED
2026-05-21 19:16:28.096,609.6511,,slider,1,0,0.00,-0.00,0.00,ACTIVE,NONE,15240,0,P,P,0.00,released,RELEASED
2026-05-21 19:16:28.496,610.0512,,slider,1,0,0.00,-0.00,0.00,ACTIVE,NONE,15250,0,P,P,0.00,released,RELEASED
2026-05-21 19:16:28.897,610.4521,,slider,1,0,0.00,-0.00,0.00,ACTIVE,NONE,15260,0,P,P,0.00,released,RELEASED
2026-05-21 19:16:29.297,610.8513,,slider,1,0,0.00,-0.00,0.00,ACTIVE,NONE,15270,0,P,P,0.00,released,RELEASED
2026-05-21 19:16:29.699,611.2539,,slider,1,0,0.00,-0.00,0.00,ACTIVE,NONE,15280,0,P,P,0.00,released,RELEASED
2026-05-21 19:16:30.097,611.6513,,slider,1,0,0.00,-0.00,0.00,ACTIVE,NONE,15290,0,P,P,0.00,released,RELEASED
2026-05-21 19:16:30.497,612.0515,,slider,1,0,0.00,-0.00,0.00,ACTIVE,NONE,15300,0,P,P,0.00,released,RELEASED
2026-05-21 19:16:30.898,612.4532,,slider,1,0,0.00,-0.00,0.00,ACTIVE,NONE,15310,0,P,P,0.00,released,RELEASED
2026-05-21 19:16:31.297,612.8516,,slider,1,0,0.00,-0.00,0.00,ACTIVE,NONE,15320,0,P,P,0.00,released,RELEASED
2026-05-21 19:16:31.697,613.2523,,slider,1,0,0.00,-0.00,0.00,ACTIVE,NONE,15330,0,P,P,0.00,released,RELEASED
2026-05-21 19:16:32.097,613.6523,,slider,1,0,0.00,-0.00,0.00,ACTIVE,NONE,15340,0,P,P,0.00,released,RELEASED
2026-05-21 19:16:32.497,614.0517,,slider,1,0,0.00,-0.00,0.00,ACTIVE,NONE,15350,0,P,P,0.00,released,RELEASED
2026-05-21 19:16:32.897,614.4517,,slider,1,0,0.00,-0.00,0.00,ACTIVE,NONE,15360,0,P,P,0.00,released,RELEASED
2026-05-21 19:16:33.298,614.8524,,slider,1,0,0.00,-0.00,0.00,ACTIVE,NONE,15370,0,P,P,0.00,released,RELEASED
2026-05-21 19:16:33.697,615.2517,,slider,1,0,0.00,-0.00,0.00,ACTIVE,NONE,15380,0,P,P,0.00,released,RELEASED
2026-05-21 19:16:34.098,615.6532,,slider,1,0,0.00,-0.00,0.00,ACTIVE,NONE,15390,0,P,P,0.00,released,RELEASED
2026-05-21 19:16:34.499,616.0542,,slider,1,0,0.00,-0.00,0.00,ACTIVE,NONE,15400,0,P,P,0.00,released,RELEASED
2026-05-21 19:16:34.897,616.4517,,slider,1,0,0.00,-0.00,0.00,ACTIVE,NONE,15410,0,P,P,0.00,released,RELEASED
2026-05-21 19:16:35.298,616.8531,,slider,1,0,0.00,-0.00,0.00,ACTIVE,NONE,15420,0,P,P,0.00,released,RELEASED
2026-05-21 19:16:35.697,617.2519,,slider,1,0,0.00,-0.00,0.00,ACTIVE,NONE,15430,0,P,P,0.00,released,RELEASED
2026-05-21 19:16:36.099,617.6538,,slider,1,0,0.00,-0.00,0.00,ACTIVE,NONE,15440,0,P,P,0.00,released,RELEASED
2026-05-21 19:16:36.498,618.0531,,slider,1,0,0.00,-0.00,0.00,ACTIVE,NONE,15450,0,P,P,0.00,released,RELEASED
2026-05-21 19:16:36.899,618.4537,,slider,1,0,0.00,-0.00,0.00,ACTIVE,NONE,15460,0,P,P,0.00,released,RELEASED
2026-05-21 19:16:37.299,618.8538,,slider,1,0,0.00,-0.00,0.00,ACTIVE,NONE,15470,0,P,P,0.00,released,RELEASED
2026-05-21 19:16:37.699,619.2541,,slider,1,0,0.00,-0.00,0.00,ACTIVE,NONE,15480,0,P,P,0.00,released,RELEASED
2026-05-21 19:16:38.099,619.6538,,slider,1,0,0.00,-0.00,0.00,ACTIVE,NONE,15490,0,P,P,0.00,released,RELEASED
2026-05-21 19:16:38.499,620.0534,,slider,1,0,0.00,-0.00,0.00,ACTIVE,NONE,15500,0,P,P,0.00,released,RELEASED
2026-05-21 19:16:38.898,620.4527,,slider,1,0,0.00,-0.00,0.00,ACTIVE,NONE,15510,0,P,P,0.00,released,RELEASED
2026-05-21 19:16:39.299,620.8542,,slider,1,0,0.00,-0.00,0.00,ACTIVE,NONE,15520,0,P,P,0.00,released,RELEASED
2026-05-21 19:16:39.700,621.2544,,slider,1,0,0.00,-0.00,0.00,ACTIVE,NONE,15530,0,P,P,0.00,released,RELEASED
2026-05-21 19:16:40.100,621.6544,,slider,1,0,0.00,-0.00,0.00,ACTIVE,NONE,15540,0,P,P,0.00,released,RELEASED
2026-05-21 19:16:40.499,622.0541,,slider,1,0,0.00,-0.00,0.00,ACTIVE,NONE,15550,0,P,P,0.00,released,RELEASED
2026-05-21 19:16:40.899,622.4542,,slider,1,0,0.00,-0.00,0.00,ACTIVE,NONE,15560,0,P,P,0.00,released,RELEASED
2026-05-21 19:16:41.298,622.8528,,slider,1,0,0.00,-0.00,0.00,ACTIVE,NONE,15570,0,P,P,0.00,released,RELEASED
2026-05-21 19:16:41.699,623.2539,,slider,1,0,0.00,-0.00,0.00,ACTIVE,NONE,15580,0,P,P,0.00,released,RELEASED
2026-05-21 19:16:42.098,623.6523,,slider,1,0,0.00,-0.00,0.00,ACTIVE,NONE,15590,0,P,P,0.00,released,RELEASED
2026-05-21 19:16:42.499,624.0536,,slider,1,0,0.00,-0.00,0.00,ACTIVE,NONE,15600,0,P,P,0.00,released,RELEASED
2026-05-21 19:16:42.899,624.4533,,slider,1,0,0.00,-0.00,0.00,ACTIVE,NONE,15610,0,P,P,0.00,released,RELEASED
2026-05-21 19:16:43.300,624.8544,,slider,1,0,0.00,-0.00,0.00,ACTIVE,NONE,15620,0,P,P,0.00,released,RELEASED
2026-05-21 19:16:43.700,625.2543,,slider,1,0,0.00,-0.00,0.00,ACTIVE,NONE,15630,0,P,P,0.00,released,RELEASED
2026-05-21 19:16:44.099,625.6536,,slider,1,0,0.00,-0.00,0.00,ACTIVE,NONE,15640,0,P,P,0.00,released,RELEASED
2026-05-21 19:16:44.499,626.0541,,slider,1,0,0.00,-0.00,0.00,ACTIVE,NONE,15650,0,P,P,0.00,released,RELEASED
2026-05-21 19:16:44.900,626.4548,,slider,1,0,0.00,-0.00,0.00,ACTIVE,NONE,15660,0,P,P,0.00,released,RELEASED
2026-05-21 19:16:45.299,626.8541,,slider,1,0,0.00,-0.00,0.00,ACTIVE,NONE,15670,0,P,P,0.00,released,RELEASED
2026-05-21 19:16:45.701,627.2554,,slider,1,0,0.00,-0.00,0.00,ACTIVE,NONE,15680,0,P,P,0.00,released,RELEASED
2026-05-21 19:16:46.100,627.6544,,slider,1,0,0.00,-0.00,0.00,ACTIVE,NONE,15690,0,P,P,0.00,released,RELEASED
2026-05-21 19:16:46.499,628.0543,,slider,1,0,0.00,-0.00,0.00,ACTIVE,NONE,15700,0,P,P,0.00,released,RELEASED
2026-05-21 19:16:46.899,628.4534,,slider,1,0,0.00,-0.00,0.00,ACTIVE,NONE,15710,0,P,P,0.00,released,RELEASED
2026-05-21 19:16:47.299,628.8539,,slider,1,0,0.00,-0.00,0.00,ACTIVE,NONE,15720,0,P,P,0.00,released,RELEASED
2026-05-21 19:16:47.699,629.2539,,slider,1,0,0.00,-0.00,0.00,ACTIVE,NONE,15730,0,P,P,0.00,released,RELEASED
2026-05-21 19:16:48.099,629.6538,,slider,1,0,0.00,-0.00,0.00,ACTIVE,NONE,15740,0,P,P,0.00,released,RELEASED
2026-05-21 19:16:48.500,630.0553,,slider,1,0,0.00,-0.00,0.00,ACTIVE,NONE,15750,0,P,P,0.00,released,RELEASED
2026-05-21 19:16:48.899,630.4535,,slider,1,0,0.00,-0.00,0.00,ACTIVE,NONE,15760,0,P,P,0.00,released,RELEASED
2026-05-21 19:16:49.301,630.8558,,slider,1,0,0.00,-0.00,0.00,ACTIVE,NONE,15770,0,P,P,0.00,released,RELEASED
2026-05-21 19:16:49.701,631.2559,,slider,1,0,0.00,-0.00,0.00,ACTIVE,NONE,15780,0,P,P,0.00,released,RELEASED
2026-05-21 19:16:50.100,631.6545,,slider,1,0,0.00,-0.00,0.00,ACTIVE,NONE,15790,0,P,P,0.00,released,RELEASED
2026-05-21 19:16:50.500,632.0543,,slider,1,0,0.00,-0.00,0.00,ACTIVE,NONE,15800,0,P,P,0.00,released,RELEASED
2026-05-21 19:16:50.900,632.4543,,slider,1,0,0.00,-0.00,0.00,ACTIVE,NONE,15810,0,P,P,0.00,released,RELEASED
2026-05-21 19:16:51.300,632.8549,,slider,1,0,0.00,-0.00,0.00,ACTIVE,NONE,15820,0,P,P,0.00,released,RELEASED
2026-05-21 19:16:51.703,633.2573,,slider,1,0,0.00,-0.00,0.00,ACTIVE,NONE,15830,0,P,P,0.00,released,RELEASED
2026-05-21 19:16:52.101,633.6560,,slider,1,0,0.00,-0.00,0.00,ACTIVE,NONE,15840,0,P,P,0.00,released,RELEASED
2026-05-21 19:16:52.500,634.0552,,slider,1,0,0.00,-0.00,0.00,ACTIVE,NONE,15850,0,P,P,0.00,released,RELEASED
2026-05-21 19:16:52.900,634.4543,,slider,1,0,0.00,-0.00,0.00,ACTIVE,NONE,15860,0,P,P,0.00,released,RELEASED
2026-05-21 19:16:53.302,634.8564,,slider,1,0,0.00,-0.00,0.00,ACTIVE,NONE,15870,0,P,P,0.00,released,RELEASED
2026-05-21 19:16:53.700,635.2550,,slider,1,0,0.00,-0.00,0.00,ACTIVE,NONE,15880,0,P,P,0.00,released,RELEASED
2026-05-21 19:16:54.101,635.6562,,slider,1,0,0.00,-0.00,0.00,ACTIVE,NONE,15890,0,P,P,0.00,released,RELEASED
2026-05-21 19:16:54.501,636.0560,,slider,1,0,0.00,-0.00,0.00,ACTIVE,NONE,15900,0,P,P,0.00,released,RELEASED
2026-05-21 19:16:54.902,636.4572,,slider,1,0,0.00,-0.00,0.00,ACTIVE,NONE,15910,0,P,P,0.00,released,RELEASED
2026-05-21 19:16:55.302,636.8565,,slider,1,0,0.00,-0.00,0.00,ACTIVE,NONE,15920,0,P,P,0.00,released,RELEASED
2026-05-21 19:16:55.702,637.2565,,slider,1,0,0.00,-0.00,0.00,ACTIVE,NONE,15930,0,P,P,0.00,released,RELEASED
2026-05-21 19:16:56.102,637.6568,,slider,1,0,0.00,-0.00,0.00,ACTIVE,NONE,15940,0,P,P,0.00,released,RELEASED
2026-05-21 19:16:56.502,638.0568,,slider,1,0,0.00,-0.00,0.00,ACTIVE,NONE,15950,0,P,P,0.00,released,RELEASED
2026-05-21 19:16:56.901,638.4554,,slider,1,0,0.00,-0.00,0.00,ACTIVE,NONE,15960,0,P,P,0.00,released,RELEASED
2026-05-21 19:16:57.300,638.8551,,slider,1,0,0.00,-0.00,0.00,ACTIVE,NONE,15970,0,P,P,0.00,released,RELEASED
2026-05-21 19:16:57.701,639.2554,,slider,1,0,0.00,-0.00,0.00,ACTIVE,NONE,15980,0,P,P,0.00,released,RELEASED
2026-05-21 19:16:58.102,639.6566,,slider,1,0,0.00,-0.00,0.00,ACTIVE,NONE,15990,0,P,P,0.00,released,RELEASED
2026-05-21 19:16:58.502,640.0567,,slider,1,0,0.00,-0.00,0.00,ACTIVE,NONE,16000,0,P,P,0.00,released,RELEASED
2026-05-21 19:16:58.902,640.4569,,slider,1,0,0.00,-0.00,0.00,ACTIVE,NONE,16010,0,P,P,0.00,released,RELEASED
2026-05-21 19:16:59.302,640.8567,,slider,1,0,0.00,-0.00,0.00,ACTIVE,NONE,16020,0,P,P,0.00,released,RELEASED
2026-05-21 19:16:59.702,641.2569,,slider,1,0,0.00,-0.00,0.00,ACTIVE,NONE,16030,0,P,P,0.00,released,RELEASED
2026-05-21 19:17:00.101,641.6555,,slider,1,0,0.00,-0.00,0.00,ACTIVE,NONE,16040,0,P,P,0.00,released,RELEASED
2026-05-21 19:17:00.501,642.0560,,slider,1,0,0.00,-0.00,0.00,ACTIVE,NONE,16050,0,P,P,0.00,released,RELEASED
2026-05-21 19:17:00.902,642.4571,,slider,1,0,0.00,-0.00,0.00,ACTIVE,NONE,16060,0,P,P,0.00,released,RELEASED
2026-05-21 19:17:01.301,642.8562,,slider,1,0,0.00,-0.00,0.00,ACTIVE,NONE,16070,0,P,P,0.00,released,RELEASED
2026-05-21 19:17:01.702,643.2570,,slider,1,0,0.00,-0.00,0.00,ACTIVE,NONE,16080,0,P,P,0.00,released,RELEASED
2026-05-21 19:17:02.102,643.6565,,slider,1,0,0.00,-0.00,0.00,ACTIVE,NONE,16090,0,P,P,0.00,released,RELEASED
2026-05-21 19:17:02.501,644.0562,,slider,1,0,0.00,-0.00,0.00,ACTIVE,NONE,16100,0,P,P,0.00,released,RELEASED
2026-05-21 19:17:02.902,644.4571,,slider,1,0,0.00,-0.00,0.00,ACTIVE,NONE,16110,0,P,P,0.00,released,RELEASED
2026-05-21 19:17:03.303,644.8574,,slider,1,0,0.00,-0.00,0.00,ACTIVE,NONE,16120,0,P,P,0.00,released,RELEASED
2026-05-21 19:17:03.702,645.2564,,slider,1,0,0.00,-0.00,0.00,ACTIVE,NONE,16130,0,P,P,0.00,released,RELEASED
2026-05-21 19:17:04.102,645.6572,,slider,1,0,0.00,-0.00,0.00,ACTIVE,NONE,16140,0,P,P,0.00,released,RELEASED
2026-05-21 19:17:04.503,646.0573,,slider,1,0,0.00,-0.00,0.00,ACTIVE,NONE,16150,0,P,P,0.00,released,RELEASED
2026-05-21 19:17:04.902,646.4566,,slider,1,0,0.00,-0.00,0.00,ACTIVE,NONE,16160,0,P,P,0.00,released,RELEASED
2026-05-21 19:17:05.303,646.8573,,slider,1,0,0.00,-0.00,0.00,ACTIVE,NONE,16170,0,P,P,0.00,released,RELEASED
2026-05-21 19:17:05.703,647.2576,,slider,1,0,0.00,-0.00,0.00,ACTIVE,NONE,16180,0,P,P,0.00,released,RELEASED
2026-05-21 19:17:06.103,647.6575,,slider,1,0,0.00,-0.00,0.00,ACTIVE,NONE,16190,0,P,P,0.00,released,RELEASED
2026-05-21 19:17:06.503,648.0574,,slider,1,0,0.00,-0.00,0.00,ACTIVE,NONE,16200,0,P,P,0.00,released,RELEASED
2026-05-21 19:17:06.903,648.4576,,slider,1,0,0.00,-0.00,0.00,ACTIVE,NONE,16210,0,P,P,0.00,released,RELEASED
2026-05-21 19:17:07.304,648.8583,,slider,1,0,0.00,-0.00,0.00,ACTIVE,NONE,16220,0,P,P,0.00,released,RELEASED
2026-05-21 19:17:07.704,649.2584,,slider,1,0,0.00,-0.00,0.00,ACTIVE,NONE,16230,0,P,P,0.00,released,RELEASED
2026-05-21 19:17:08.102,649.6571,,slider,1,0,0.00,-0.00,0.00,ACTIVE,NONE,16240,0,P,P,0.00,released,RELEASED
2026-05-21 19:17:08.502,650.0569,,slider,1,0,0.00,-0.00,0.00,ACTIVE,NONE,16250,0,P,P,0.00,released,RELEASED
2026-05-21 19:17:08.902,650.4571,,slider,1,0,0.00,-0.00,0.00,ACTIVE,NONE,16260,0,P,P,0.00,released,RELEASED
2026-05-21 19:17:09.302,650.8572,,slider,1,0,0.00,-0.00,0.00,ACTIVE,NONE,16270,0,P,P,0.00,released,RELEASED
2026-05-21 19:17:09.702,651.2568,,slider,1,0,0.00,-0.00,0.00,ACTIVE,NONE,16280,0,P,P,0.00,released,RELEASED
2026-05-21 19:17:10.102,651.6570,,slider,1,0,0.00,-0.00,0.00,ACTIVE,NONE,16290,0,P,P,0.00,released,RELEASED
2026-05-21 19:17:10.503,652.0576,,slider,1,0,0.00,-0.00,0.00,ACTIVE,NONE,16300,0,P,P,0.00,released,RELEASED
2026-05-21 19:17:10.902,652.4571,,slider,1,0,0.00,-0.00,0.00,ACTIVE,NONE,16310,0,P,P,0.00,released,RELEASED
2026-05-21 19:17:11.302,652.8571,,slider,1,0,0.00,-0.00,0.00,ACTIVE,NONE,16320,0,P,P,0.00,released,RELEASED
2026-05-21 19:17:11.703,653.2577,,slider,1,0,0.00,-0.00,0.00,ACTIVE,NONE,16330,0,P,P,0.00,released,RELEASED
2026-05-21 19:17:12.102,653.6572,,slider,1,0,0.00,-0.00,0.00,ACTIVE,NONE,16340,0,P,P,0.00,released,RELEASED
2026-05-21 19:17:12.502,654.0568,,slider,1,0,0.00,-0.00,0.00,ACTIVE,NONE,16350,0,P,P,0.00,released,RELEASED
2026-05-21 19:17:12.902,654.4568,,slider,1,0,0.00,-0.00,0.00,ACTIVE,NONE,16360,0,P,P,0.00,released,RELEASED
2026-05-21 19:17:13.303,654.8574,,slider,1,0,0.00,-0.00,0.00,ACTIVE,NONE,16370,0,P,P,0.00,released,RELEASED
2026-05-21 19:17:13.702,655.2570,,slider,1,0,0.00,-0.00,0.00,ACTIVE,NONE,16380,0,P,P,0.00,released,RELEASED
2026-05-21 19:17:14.102,655.6572,,slider,1,0,0.00,-0.00,0.00,ACTIVE,NONE,16390,0,P,P,0.00,released,RELEASED
2026-05-21 19:17:14.503,656.0579,,slider,1,0,0.00,-0.00,0.00,ACTIVE,NONE,16400,0,P,P,0.00,released,RELEASED
2026-05-21 19:17:14.903,656.4574,,slider,1,0,0.00,-0.00,0.00,ACTIVE,NONE,16410,0,P,P,0.00,released,RELEASED
2026-05-21 19:17:15.303,656.8574,,slider,1,0,0.00,-0.00,0.00,ACTIVE,NONE,16420,0,P,P,0.00,released,RELEASED
2026-05-21 19:17:15.703,657.2580,,slider,1,0,0.00,-0.00,0.00,ACTIVE,NONE,16430,0,P,P,0.00,released,RELEASED
2026-05-21 19:17:16.103,657.6575,,slider,1,0,0.00,-0.00,0.00,ACTIVE,NONE,16440,0,P,P,0.00,released,RELEASED
2026-05-21 19:17:16.503,658.0579,,slider,1,0,0.00,-0.00,0.00,ACTIVE,NONE,16450,0,P,P,0.00,released,RELEASED
2026-05-21 19:17:16.903,658.4576,,slider,1,0,0.00,-0.00,0.00,ACTIVE,NONE,16460,0,P,P,0.00,released,RELEASED
2026-05-21 19:17:17.304,658.8591,,slider,1,0,0.00,-0.00,0.00,ACTIVE,NONE,16470,0,P,P,0.00,released,RELEASED
2026-05-21 19:17:17.703,659.2574,,slider,1,0,0.00,-0.00,0.00,ACTIVE,NONE,16480,0,P,P,0.00,released,RELEASED
2026-05-21 19:17:18.103,659.6581,,slider,1,0,0.00,-0.00,0.00,ACTIVE,NONE,16490,0,P,P,0.00,released,RELEASED
2026-05-21 19:17:18.503,660.0576,,slider,1,0,0.00,-0.00,0.00,ACTIVE,NONE,16500,0,P,P,0.00,released,RELEASED
2026-05-21 19:17:18.903,660.4575,,slider,1,0,0.00,-0.00,0.00,ACTIVE,NONE,16510,0,P,P,0.00,released,RELEASED
2026-05-21 19:17:19.303,660.8579,,slider,1,0,0.00,-0.00,0.00,ACTIVE,NONE,16520,0,P,P,0.00,released,RELEASED
2026-05-21 19:17:19.704,661.2583,,slider,1,0,0.00,-0.00,0.00,ACTIVE,NONE,16530,0,P,P,0.00,released,RELEASED
2026-05-21 19:17:20.103,661.6579,,slider,1,0,0.00,-0.00,0.00,ACTIVE,NONE,16540,0,P,P,0.00,released,RELEASED
2026-05-21 19:17:20.503,662.0580,,slider,1,0,0.00,-0.00,0.00,ACTIVE,NONE,16550,0,P,P,0.00,released,RELEASED
2026-05-21 19:17:20.904,662.4588,,slider,1,0,0.00,-0.00,0.00,ACTIVE,NONE,16560,0,P,P,0.00,released,RELEASED
2026-05-21 19:17:21.303,662.8581,,slider,1,0,0.00,-0.00,0.00,ACTIVE,NONE,16570,0,P,P,0.00,released,RELEASED
2026-05-21 19:17:21.703,663.2582,,slider,1,0,0.00,-0.00,0.00,ACTIVE,NONE,16580,0,P,P,0.00,released,RELEASED
2026-05-21 19:17:22.104,663.6583,,slider,1,0,0.00,-0.00,0.00,ACTIVE,NONE,16590,0,P,P,0.00,released,RELEASED
2026-05-21 19:17:22.504,664.0587,,slider,1,0,0.00,-0.00,0.00,ACTIVE,NONE,16600,0,P,P,0.00,released,RELEASED
2026-05-21 19:17:22.903,664.4581,,slider,1,0,0.00,-0.00,0.00,ACTIVE,NONE,16610,0,P,P,0.00,released,RELEASED
2026-05-21 19:17:23.304,664.8588,,slider,1,0,0.00,-0.00,0.00,ACTIVE,NONE,16620,0,P,P,0.00,released,RELEASED
2026-05-21 19:17:23.704,665.2584,,slider,1,0,0.00,-0.00,0.00,ACTIVE,NONE,16630,0,P,P,0.00,released,RELEASED
2026-05-21 19:17:24.104,665.6588,,slider,1,0,0.00,-0.00,0.00,ACTIVE,NONE,16640,0,P,P,0.00,released,RELEASED
2026-05-21 19:17:24.504,666.0590,,slider,1,0,0.00,-0.00,0.00,ACTIVE,NONE,16650,0,P,P,0.00,released,RELEASED
2026-05-21 19:17:24.904,666.4586,,slider,1,0,0.00,-0.00,0.00,ACTIVE,NONE,16660,0,P,P,0.00,released,RELEASED
2026-05-21 19:17:25.305,666.8597,,slider,1,0,0.00,-0.00,0.00,ACTIVE,NONE,16670,0,P,P,0.00,released,RELEASED
2026-05-21 19:17:25.705,667.2597,,slider,1,0,0.00,-0.00,0.00,ACTIVE,NONE,16680,0,P,P,0.00,released,RELEASED
2026-05-21 19:17:26.104,667.6592,,slider,1,0,0.00,-0.00,0.00,ACTIVE,NONE,16690,0,P,P,0.00,released,RELEASED
2026-05-21 19:17:26.504,668.0586,,slider,1,0,0.00,-0.00,0.00,ACTIVE,NONE,16700,0,P,P,0.00,released,RELEASED
2026-05-21 19:17:26.905,668.4593,,slider,1,0,0.00,-0.00,0.00,ACTIVE,NONE,16710,0,P,P,0.00,released,RELEASED
2026-05-21 19:17:27.305,668.8594,,slider,1,0,0.00,-0.00,0.00,ACTIVE,NONE,16720,0,P,P,0.00,released,RELEASED
2026-05-21 19:17:27.705,669.2593,,slider,1,0,0.00,-0.00,0.00,ACTIVE,NONE,16730,0,P,P,0.00,released,RELEASED
2026-05-21 19:17:28.104,669.6586,,slider,1,0,0.00,-0.00,0.00,ACTIVE,NONE,16740,0,P,P,0.00,released,RELEASED
2026-05-21 19:17:28.504,670.0589,,slider,1,0,0.00,-0.00,0.00,ACTIVE,NONE,16750,0,P,P,0.00,released,RELEASED
2026-05-21 19:17:28.905,670.4594,,slider,1,0,0.00,-0.00,0.00,ACTIVE,NONE,16760,0,P,P,0.00,released,RELEASED
2026-05-21 19:17:29.304,670.8590,,slider,1,0,0.00,-0.00,0.00,ACTIVE,NONE,16770,0,P,P,0.00,released,RELEASED
2026-05-21 19:17:29.705,671.2597,,slider,1,0,0.00,-0.00,0.00,ACTIVE,NONE,16780,0,P,P,0.00,released,RELEASED
2026-05-21 19:17:30.105,671.6598,,slider,1,0,0.00,-0.00,0.00,ACTIVE,NONE,16790,0,P,P,0.00,released,RELEASED
2026-05-21 19:17:30.505,672.0594,,slider,1,0,0.00,-0.00,0.00,ACTIVE,NONE,16800,0,P,P,0.00,released,RELEASED
2026-05-21 19:17:30.905,672.4595,,slider,1,0,0.00,-0.00,0.00,ACTIVE,NONE,16810,0,P,P,0.00,released,RELEASED
2026-05-21 19:17:31.304,672.8591,,slider,1,0,0.00,-0.00,0.00,ACTIVE,NONE,16820,0,P,P,0.00,released,RELEASED
2026-05-21 19:17:31.706,673.2607,,slider,1,0,0.00,-0.00,0.00,ACTIVE,NONE,16830,0,P,P,0.00,released,RELEASED
2026-05-21 19:17:32.105,673.6594,,slider,1,0,0.00,-0.00,0.00,ACTIVE,NONE,16840,0,P,P,0.00,released,RELEASED
2026-05-21 19:17:32.505,674.0595,,slider,1,0,0.00,-0.00,0.00,ACTIVE,NONE,16850,0,P,P,0.00,released,RELEASED
2026-05-21 19:17:32.905,674.4598,,slider,1,0,0.00,-0.00,0.00,ACTIVE,NONE,16860,0,P,P,0.00,released,RELEASED
2026-05-21 19:17:33.305,674.8597,,slider,1,0,0.00,-0.00,0.00,ACTIVE,NONE,16870,0,P,P,0.00,released,RELEASED
2026-05-21 19:17:33.705,675.2598,,slider,1,0,0.00,-0.00,0.00,ACTIVE,NONE,16880,0,P,P,0.00,released,RELEASED
2026-05-21 19:17:34.106,675.6608,,slider,1,0,0.00,-0.00,0.00,ACTIVE,NONE,16890,0,P,P,0.00,released,RELEASED
2026-05-21 19:17:34.505,676.0597,,slider,1,0,0.00,-0.00,0.00,ACTIVE,NONE,16900,0,P,P,0.00,released,RELEASED
2026-05-21 19:17:34.905,676.4601,,slider,1,0,0.00,-0.00,0.00,ACTIVE,NONE,16910,0,P,P,0.00,released,RELEASED
2026-05-21 19:17:35.306,676.8604,,slider,1,0,0.00,-0.00,0.00,ACTIVE,NONE,16920,0,P,P,0.00,released,RELEASED
2026-05-21 19:17:35.705,677.2599,,slider,1,0,0.00,-0.00,0.00,ACTIVE,NONE,16930,0,P,P,0.00,released,RELEASED
2026-05-21 19:17:36.106,677.6604,,slider,1,0,0.00,-0.00,0.00,ACTIVE,NONE,16940,0,P,P,0.00,released,RELEASED
2026-05-21 19:17:36.505,678.0603,,slider,1,0,0.00,-0.00,0.00,ACTIVE,NONE,16950,0,P,P,0.00,released,RELEASED
2026-05-21 19:17:36.905,678.4599,,slider,1,0,0.00,-0.00,0.00,ACTIVE,NONE,16960,0,P,P,0.00,released,RELEASED
2026-05-21 19:17:37.306,678.8605,,slider,1,0,0.00,-0.00,0.00,ACTIVE,NONE,16970,0,P,P,0.00,released,RELEASED
2026-05-21 19:17:37.705,679.2601,,slider,1,0,0.00,-0.00,0.00,ACTIVE,NONE,16980,0,P,P,0.00,released,RELEASED
2026-05-21 19:17:38.106,679.6607,,slider,1,0,0.00,-0.00,0.00,ACTIVE,NONE,16990,0,P,P,0.00,released,RELEASED
2026-05-21 19:17:38.506,680.0603,,slider,1,0,0.00,-0.00,0.00,ACTIVE,NONE,17000,0,P,P,0.00,released,RELEASED
2026-05-21 19:17:38.906,680.4606,,slider,1,0,0.00,-0.00,0.00,ACTIVE,NONE,17010,0,P,P,0.00,released,RELEASED
2026-05-21 19:17:39.306,680.8603,,slider,1,0,0.00,-0.00,0.00,ACTIVE,NONE,17020,0,P,P,0.00,released,RELEASED
2026-05-21 19:17:39.706,681.2613,,slider,1,0,0.00,-0.00,0.00,ACTIVE,NONE,17030,0,P,P,0.00,released,RELEASED
2026-05-21 19:17:40.107,681.6615,,slider,1,0,0.00,-0.00,0.00,ACTIVE,NONE,17040,0,P,P,0.00,released,RELEASED
2026-05-21 19:17:40.506,682.0610,,slider,1,0,0.00,-0.00,0.00,ACTIVE,NONE,17050,0,P,P,0.00,released,RELEASED
2026-05-21 19:17:40.907,682.4614,,slider,1,0,0.00,-0.00,0.00,ACTIVE,NONE,17060,0,P,P,0.00,released,RELEASED
2026-05-21 19:17:41.306,682.8606,,slider,1,0,0.00,-0.00,0.00,ACTIVE,NONE,17070,0,P,P,0.00,released,RELEASED
2026-05-21 19:17:41.707,683.2617,,slider,1,0,0.00,-0.00,0.00,ACTIVE,NONE,17080,0,P,P,0.00,released,RELEASED
2026-05-21 19:17:42.106,683.6609,,slider,1,0,0.00,-0.00,0.00,ACTIVE,NONE,17090,0,P,P,0.00,released,RELEASED
2026-05-21 19:17:42.506,684.0606,,slider,1,0,0.00,-0.00,0.00,ACTIVE,NONE,17100,0,P,P,0.00,released,RELEASED
2026-05-21 19:17:42.906,684.4610,,slider,1,0,0.00,-0.00,0.00,ACTIVE,NONE,17110,0,P,P,0.00,released,RELEASED
2026-05-21 19:17:43.306,684.8611,,slider,1,0,0.00,-0.00,0.00,ACTIVE,NONE,17120,0,P,P,0.00,released,RELEASED
2026-05-21 19:17:43.708,685.2623,,slider,1,0,0.00,-0.00,0.00,ACTIVE,NONE,17130,0,P,P,0.00,released,RELEASED
2026-05-21 19:17:44.108,685.6628,,slider,1,0,0.00,-0.00,0.00,ACTIVE,NONE,17140,0,P,P,0.00,released,RELEASED
2026-05-21 19:17:44.507,686.0615,,slider,1,0,0.00,-0.00,0.00,ACTIVE,NONE,17150,0,P,P,0.00,released,RELEASED
2026-05-21 19:17:44.908,686.4630,,slider,1,0,0.00,-0.00,0.00,ACTIVE,NONE,17160,0,P,P,0.00,released,RELEASED
2026-05-21 19:17:45.307,686.8616,,slider,1,0,0.00,-0.00,0.00,ACTIVE,NONE,17170,0,P,P,0.00,released,RELEASED
2026-05-21 19:17:45.707,687.2615,,slider,1,0,0.00,-0.00,0.00,ACTIVE,NONE,17180,0,P,P,0.00,released,RELEASED
2026-05-21 19:17:46.107,687.6617,,slider,1,0,0.00,-0.00,0.00,ACTIVE,NONE,17190,0,P,P,0.00,released,RELEASED
2026-05-21 19:17:46.507,688.0613,,slider,1,0,0.00,-0.00,0.00,ACTIVE,NONE,17200,0,P,P,0.00,released,RELEASED
2026-05-21 19:17:46.907,688.4614,,slider,1,0,0.00,-0.00,0.00,ACTIVE,NONE,17210,0,P,P,0.00,released,RELEASED
2026-05-21 19:17:47.307,688.8620,,slider,1,0,0.00,-0.00,0.00,ACTIVE,NONE,17220,0,P,P,0.00,released,RELEASED
2026-05-21 19:17:47.707,689.2621,,slider,1,0,0.00,-0.00,0.00,ACTIVE,NONE,17230,0,P,P,0.00,released,RELEASED
2026-05-21 19:17:48.108,689.6630,,slider,1,0,0.00,-0.00,0.00,ACTIVE,NONE,17240,0,P,P,0.00,released,RELEASED
2026-05-21 19:17:48.507,690.0620,,slider,1,0,0.00,-0.00,0.00,ACTIVE,NONE,17250,0,P,P,0.00,released,RELEASED
2026-05-21 19:17:48.909,690.4633,,slider,1,0,0.00,-0.00,0.00,ACTIVE,NONE,17260,0,P,P,0.00,released,RELEASED
2026-05-21 19:17:49.307,690.8618,,slider,1,0,0.00,-0.00,0.00,ACTIVE,NONE,17270,0,P,P,0.00,released,RELEASED
2026-05-21 19:17:49.707,691.2620,,slider,1,0,0.00,-0.00,0.00,ACTIVE,NONE,17280,0,P,P,0.00,released,RELEASED
2026-05-21 19:17:50.108,691.6625,,slider,1,0,0.00,-0.00,0.00,ACTIVE,NONE,17290,0,P,P,0.00,released,RELEASED
2026-05-21 19:17:50.507,692.0622,,slider,1,0,0.00,-0.00,0.00,ACTIVE,NONE,17300,0,P,P,0.00,released,RELEASED
2026-05-21 19:17:50.910,692.4644,,slider,1,0,0.00,-0.00,0.00,ACTIVE,NONE,17310,0,P,P,0.00,released,RELEASED
2026-05-21 19:17:51.307,692.8622,,slider,1,0,0.00,-0.00,0.00,ACTIVE,NONE,17320,0,P,P,0.00,released,RELEASED
2026-05-21 19:17:51.708,693.2624,,slider,1,0,0.00,-0.00,0.00,ACTIVE,NONE,17330,0,P,P,0.00,released,RELEASED
2026-05-21 19:17:52.107,693.6621,,slider,1,0,0.00,-0.00,0.00,ACTIVE,NONE,17340,0,P,P,0.00,released,RELEASED
2026-05-21 19:17:52.507,694.0622,,slider,1,0,0.00,-0.00,0.00,ACTIVE,NONE,17350,0,P,P,0.00,released,RELEASED
2026-05-21 19:17:52.908,694.4627,,slider,1,0,0.00,-0.00,0.00,ACTIVE,NONE,17360,0,P,P,0.00,released,RELEASED
2026-05-21 19:17:53.308,694.8628,,slider,1,0,0.00,-0.00,0.00,ACTIVE,NONE,17370,0,P,P,0.00,released,RELEASED
2026-05-21 19:17:53.708,695.2627,,slider,1,0,0.00,-0.00,0.00,ACTIVE,NONE,17380,0,P,P,0.00,released,RELEASED
2026-05-21 19:17:54.108,695.6630,,slider,1,0,0.00,-0.00,0.00,ACTIVE,NONE,17390,0,P,P,0.00,released,RELEASED
2026-05-21 19:17:54.510,696.0644,,slider,1,0,0.00,-0.00,0.00,ACTIVE,NONE,17400,0,P,P,0.00,released,RELEASED
2026-05-21 19:17:54.909,696.4634,,slider,1,0,0.00,-0.00,0.00,ACTIVE,NONE,17410,0,P,P,0.00,released,RELEASED
2026-05-21 19:17:55.309,696.8636,,slider,1,0,0.00,-0.00,0.00,ACTIVE,NONE,17420,0,P,P,0.00,released,RELEASED
2026-05-21 19:17:55.709,697.2634,,slider,1,0,0.00,-0.00,0.00,ACTIVE,NONE,17430,0,P,P,0.00,released,RELEASED
2026-05-21 19:17:56.109,697.6635,,slider,1,0,0.00,-0.00,0.00,ACTIVE,NONE,17440,0,P,P,0.00,released,RELEASED
2026-05-21 19:17:56.509,698.0634,,slider,1,0,0.00,-0.00,0.00,ACTIVE,NONE,17450,0,P,P,0.00,released,RELEASED
2026-05-21 19:17:56.909,698.4635,,slider,1,0,0.00,-0.00,0.00,ACTIVE,NONE,17460,0,P,P,0.00,released,RELEASED
2026-05-21 19:17:57.309,698.8639,,slider,1,0,0.00,-0.00,0.00,ACTIVE,NONE,17470,0,P,P,0.00,released,RELEASED
2026-05-21 19:17:57.709,699.2637,,slider,1,0,0.00,-0.00,0.00,ACTIVE,NONE,17480,0,P,P,0.00,released,RELEASED
2026-05-21 19:17:58.109,699.6639,,slider,1,0,0.00,-0.00,0.00,ACTIVE,NONE,17490,0,P,P,0.00,released,RELEASED
2026-05-21 19:17:58.509,700.0640,,slider,1,0,0.00,-0.00,0.00,ACTIVE,NONE,17500,0,P,P,0.00,released,RELEASED
2026-05-21 19:17:58.909,700.4639,,slider,1,0,0.00,-0.00,0.00,ACTIVE,NONE,17510,0,P,P,0.00,released,RELEASED
2026-05-21 19:17:59.309,700.8641,,slider,1,0,0.00,-0.00,0.00,ACTIVE,NONE,17520,0,P,P,0.00,released,RELEASED
2026-05-21 19:17:59.709,701.2639,,slider,1,0,0.00,-0.00,0.00,ACTIVE,NONE,17530,0,P,P,0.00,released,RELEASED
2026-05-21 19:18:00.109,701.6642,,slider,1,0,0.00,-0.00,0.00,ACTIVE,NONE,17540,0,P,P,0.00,released,RELEASED
2026-05-21 19:18:00.509,702.0642,,slider,1,0,0.00,-0.00,0.00,ACTIVE,NONE,17550,0,P,P,0.00,released,RELEASED
2026-05-21 19:18:00.909,702.4642,,slider,1,0,0.00,-0.00,0.00,ACTIVE,NONE,17560,0,P,P,0.00,released,RELEASED
2026-05-21 19:18:01.310,702.8643,,slider,1,0,0.00,-0.00,0.00,ACTIVE,NONE,17570,0,P,P,0.00,released,RELEASED
2026-05-21 19:18:01.710,703.2646,,slider,1,0,0.00,-0.00,0.00,ACTIVE,NONE,17580,0,P,P,0.00,released,RELEASED
2026-05-21 19:18:02.110,703.6644,,slider,1,0,0.00,-0.00,0.00,ACTIVE,NONE,17590,0,P,P,0.00,released,RELEASED
2026-05-21 19:18:02.510,704.0645,,slider,1,0,0.00,-0.00,0.00,ACTIVE,NONE,17600,0,P,P,0.00,released,RELEASED
2026-05-21 19:18:02.910,704.4645,,slider,1,0,0.00,-0.00,0.00,ACTIVE,NONE,17610,0,P,P,0.00,released,RELEASED
2026-05-21 19:18:03.310,704.8646,,slider,1,0,0.00,-0.00,0.00,ACTIVE,NONE,17620,0,P,P,0.00,released,RELEASED
2026-05-21 19:18:03.710,705.2646,,slider,1,0,0.00,-0.00,0.00,ACTIVE,NONE,17630,0,P,P,0.00,released,RELEASED
2026-05-21 19:18:04.110,705.6646,,slider,1,0,0.00,-0.00,0.00,ACTIVE,NONE,17640,0,P,P,0.00,released,RELEASED
2026-05-21 19:18:04.510,706.0645,,slider,1,0,0.00,-0.00,0.00,ACTIVE,NONE,17650,0,P,P,0.00,released,RELEASED
2026-05-21 19:18:04.910,706.4651,,slider,1,0,0.00,-0.00,0.00,ACTIVE,NONE,17660,0,P,P,0.00,released,RELEASED
2026-05-21 19:18:05.310,706.8651,,slider,1,0,0.00,-0.00,0.00,ACTIVE,NONE,17670,0,P,P,0.00,released,RELEASED
2026-05-21 19:18:05.710,707.2648,,slider,1,0,0.00,-0.00,0.00,ACTIVE,NONE,17680,0,P,P,0.00,released,RELEASED
2026-05-21 19:18:06.110,707.6648,,slider,1,0,0.00,-0.00,0.00,ACTIVE,NONE,17690,0,P,P,0.00,released,RELEASED
2026-05-21 19:18:06.510,708.0648,,slider,1,0,0.00,-0.00,0.00,ACTIVE,NONE,17700,0,P,P,0.00,released,RELEASED
2026-05-21 19:18:06.910,708.4650,,slider,1,0,0.00,-0.00,0.00,ACTIVE,NONE,17710,0,P,P,0.00,released,RELEASED
2026-05-21 19:18:07.310,708.8649,,slider,1,0,0.00,-0.00,0.00,ACTIVE,NONE,17720,0,P,P,0.00,released,RELEASED
2026-05-21 19:18:07.710,709.2649,,slider,1,0,0.00,-0.00,0.00,ACTIVE,NONE,17730,0,P,P,0.00,released,RELEASED
2026-05-21 19:18:08.110,709.6650,,slider,1,0,0.00,-0.00,0.00,ACTIVE,NONE,17740,0,P,P,0.00,released,RELEASED
2026-05-21 19:18:08.510,710.0651,,slider,1,0,0.00,-0.00,0.00,ACTIVE,NONE,17750,0,P,P,0.00,released,RELEASED
2026-05-21 19:18:08.911,710.4656,,slider,1,0,0.00,-0.00,0.00,ACTIVE,NONE,17760,0,P,P,0.00,released,RELEASED
2026-05-21 19:18:09.310,710.8651,,slider,1,0,0.00,-0.00,0.00,ACTIVE,NONE,17770,0,P,P,0.00,released,RELEASED
2026-05-21 19:18:09.711,711.2654,,slider,1,0,0.00,-0.00,0.00,ACTIVE,NONE,17780,0,P,P,0.00,released,RELEASED
2026-05-21 19:18:10.111,711.6657,,slider,1,0,0.00,-0.00,0.00,ACTIVE,NONE,17790,0,P,P,0.00,released,RELEASED
2026-05-21 19:18:10.511,712.0655,,slider,1,0,0.00,-0.00,0.00,ACTIVE,NONE,17800,0,P,P,0.00,released,RELEASED
2026-05-21 19:18:10.911,712.4655,,slider,1,0,0.00,-0.00,0.00,ACTIVE,NONE,17810,0,P,P,0.00,released,RELEASED
2026-05-21 19:18:11.311,712.8654,,slider,1,0,0.00,-0.00,0.00,ACTIVE,NONE,17820,0,P,P,0.00,released,RELEASED
2026-05-21 19:18:11.711,713.2657,,slider,1,0,0.00,-0.00,0.00,ACTIVE,NONE,17830,0,P,P,0.00,released,RELEASED
2026-05-21 19:18:12.111,713.6656,,slider,1,0,0.00,-0.00,0.00,ACTIVE,NONE,17840,0,P,P,0.00,released,RELEASED
2026-05-21 19:18:12.511,714.0654,,slider,1,0,0.00,-0.00,0.00,ACTIVE,NONE,17850,0,P,P,0.00,released,RELEASED
2026-05-21 19:18:12.911,714.4658,,slider,1,0,0.00,-0.00,0.00,ACTIVE,NONE,17860,0,P,P,0.00,released,RELEASED
2026-05-21 19:18:13.311,714.8660,,slider,1,0,0.00,-0.00,0.00,ACTIVE,NONE,17870,0,P,P,0.00,released,RELEASED
2026-05-21 19:18:13.711,715.2658,,slider,1,0,0.00,-0.00,0.00,ACTIVE,NONE,17880,0,P,P,0.00,released,RELEASED
2026-05-21 19:18:14.111,715.6663,,slider,1,0,0.00,-0.00,0.00,ACTIVE,NONE,17890,0,P,P,0.00,released,RELEASED
2026-05-21 19:18:14.511,716.0658,,slider,1,0,0.00,-0.00,0.00,ACTIVE,NONE,17900,0,P,P,0.00,released,RELEASED
2026-05-21 19:18:14.911,716.4659,,slider,1,0,0.00,-0.00,0.00,ACTIVE,NONE,17910,0,P,P,0.00,released,RELEASED
2026-05-21 19:18:15.312,716.8672,,slider,1,0,0.00,-0.00,0.00,ACTIVE,NONE,17920,0,P,P,0.00,released,RELEASED
2026-05-21 19:18:15.712,717.2665,,slider,1,0,0.00,-0.00,0.00,ACTIVE,NONE,17930,0,P,P,0.00,released,RELEASED
2026-05-21 19:18:16.112,717.6666,,slider,1,0,0.00,-0.00,0.00,ACTIVE,NONE,17940,0,P,P,0.00,released,RELEASED
2026-05-21 19:18:16.511,718.0661,,slider,1,0,0.00,-0.00,0.00,ACTIVE,NONE,17950,0,P,P,0.00,released,RELEASED
2026-05-21 19:18:16.911,718.4661,,slider,1,0,0.00,-0.00,0.00,ACTIVE,NONE,17960,0,P,P,0.00,released,RELEASED
2026-05-21 19:18:17.312,718.8665,,slider,1,0,0.00,-0.00,0.00,ACTIVE,NONE,17970,0,P,P,0.00,released,RELEASED
2026-05-21 19:18:17.712,719.2665,,slider,1,0,0.00,-0.00,0.00,ACTIVE,NONE,17980,0,P,P,0.00,released,RELEASED
2026-05-21 19:18:18.112,719.6664,,slider,1,0,0.00,-0.00,0.00,ACTIVE,NONE,17990,0,P,P,0.00,released,RELEASED
2026-05-21 19:18:18.512,720.0664,,slider,1,0,0.00,-0.00,0.00,ACTIVE,NONE,18000,0,P,P,0.00,released,RELEASED
2026-05-21 19:18:18.912,720.4665,,slider,1,0,0.00,-0.00,0.00,ACTIVE,NONE,18010,0,P,P,0.00,released,RELEASED
2026-05-21 19:18:19.312,720.8668,,slider,1,0,0.00,-0.00,0.00,ACTIVE,NONE,18020,0,P,P,0.00,released,RELEASED
2026-05-21 19:18:19.712,721.2665,,slider,1,0,0.00,-0.00,0.00,ACTIVE,NONE,18030,0,P,P,0.00,released,RELEASED
2026-05-21 19:18:20.112,721.6668,,slider,1,0,0.00,-0.00,0.00,ACTIVE,NONE,18040,0,P,P,0.00,released,RELEASED
2026-05-21 19:18:20.512,722.0665,,slider,1,0,0.00,-0.00,0.00,ACTIVE,NONE,18050,0,P,P,0.00,released,RELEASED
2026-05-21 19:18:20.912,722.4666,,slider,1,0,0.00,-0.00,0.00,ACTIVE,NONE,18060,0,P,P,0.00,released,RELEASED
2026-05-21 19:18:21.312,722.8666,,slider,1,0,0.00,-0.00,0.00,ACTIVE,NONE,18070,0,P,P,0.00,released,RELEASED
2026-05-21 19:18:21.712,723.2666,,slider,1,0,0.00,-0.00,0.00,ACTIVE,NONE,18080,0,P,P,0.00,released,RELEASED
2026-05-21 19:18:22.112,723.6668,,slider,1,0,0.00,-0.00,0.00,ACTIVE,NONE,18090,0,P,P,0.00,released,RELEASED
2026-05-21 19:18:22.512,724.0669,,slider,1,0,0.00,-0.00,0.00,ACTIVE,NONE,18100,0,P,P,0.00,released,RELEASED
2026-05-21 19:18:22.912,724.4670,,slider,1,0,0.00,-0.00,0.00,ACTIVE,NONE,18110,0,P,P,0.00,released,RELEASED
2026-05-21 19:18:23.312,724.8670,,slider,1,0,0.00,-0.00,0.00,ACTIVE,NONE,18120,0,P,P,0.00,released,RELEASED
2026-05-21 19:18:23.712,725.2671,,slider,1,0,0.00,-0.00,0.00,ACTIVE,NONE,18130,0,P,P,0.00,released,RELEASED
2026-05-21 19:18:24.112,725.6670,,slider,1,0,0.00,-0.00,0.00,ACTIVE,NONE,18140,0,P,P,0.00,released,RELEASED
2026-05-21 19:18:24.513,726.0674,,slider,1,0,0.00,-0.00,0.00,ACTIVE,NONE,18150,0,P,P,0.00,released,RELEASED
2026-05-21 19:18:24.912,726.4672,,slider,1,0,0.00,-0.00,0.00,ACTIVE,NONE,18160,0,P,P,0.00,released,RELEASED
2026-05-21 19:18:25.313,726.8675,,slider,1,0,0.00,-0.00,0.00,ACTIVE,NONE,18170,0,P,P,0.00,released,RELEASED
2026-05-21 19:18:25.713,727.2674,,slider,1,0,0.00,-0.00,0.00,ACTIVE,NONE,18180,0,P,P,0.00,released,RELEASED
2026-05-21 19:18:26.112,727.6673,,slider,1,0,0.00,-0.00,0.00,ACTIVE,NONE,18190,0,P,P,0.00,released,RELEASED
2026-05-21 19:18:26.513,728.0675,,slider,1,0,0.00,-0.00,0.00,ACTIVE,NONE,18200,0,P,P,0.00,released,RELEASED
2026-05-21 19:18:26.913,728.4674,,slider,1,0,0.00,-0.00,0.00,ACTIVE,NONE,18210,0,P,P,0.00,released,RELEASED
2026-05-21 19:18:27.313,728.8675,,slider,1,0,0.00,-0.00,0.00,ACTIVE,NONE,18220,0,P,P,0.00,released,RELEASED
2026-05-21 19:18:27.713,729.2674,,slider,1,0,0.00,-0.00,0.00,ACTIVE,NONE,18230,0,P,P,0.00,released,RELEASED
2026-05-21 19:18:28.113,729.6677,,slider,1,0,0.00,-0.00,0.00,ACTIVE,NONE,18240,0,P,P,0.00,released,RELEASED
2026-05-21 19:18:28.513,730.0675,,slider,1,0,0.00,-0.00,0.00,ACTIVE,NONE,18250,0,P,P,0.00,released,RELEASED
2026-05-21 19:18:28.913,730.4678,,slider,1,0,0.00,-0.00,0.00,ACTIVE,NONE,18260,0,P,P,0.00,released,RELEASED
2026-05-21 19:18:29.313,730.8679,,slider,1,0,0.00,-0.00,0.00,ACTIVE,NONE,18270,0,P,P,0.00,released,RELEASED
2026-05-21 19:18:29.713,731.2680,,slider,1,0,0.00,-0.00,0.00,ACTIVE,NONE,18280,0,P,P,0.00,released,RELEASED
2026-05-21 19:18:30.113,731.6680,,slider,1,0,0.00,-0.00,0.00,ACTIVE,NONE,18290,0,P,P,0.00,released,RELEASED
2026-05-21 19:18:30.513,732.0682,,slider,1,0,0.00,-0.00,0.00,ACTIVE,NONE,18300,0,P,P,0.00,released,RELEASED
2026-05-21 19:18:30.913,732.4681,,slider,1,0,0.00,-0.00,0.00,ACTIVE,NONE,18310,0,P,P,0.00,released,RELEASED
2026-05-21 19:18:31.313,732.8683,,slider,1,0,0.00,-0.00,0.00,ACTIVE,NONE,18320,0,P,P,0.00,released,RELEASED
2026-05-21 19:18:31.714,733.2683,,slider,1,0,0.00,-0.00,0.00,ACTIVE,NONE,18330,0,P,P,0.00,released,RELEASED
2026-05-21 19:18:32.114,733.6683,,slider,1,0,0.00,-0.00,0.00,ACTIVE,NONE,18340,0,P,P,0.00,released,RELEASED
2026-05-21 19:18:32.514,734.0684,,slider,1,0,0.00,-0.00,0.00,ACTIVE,NONE,18350,0,P,P,0.00,released,RELEASED
2026-05-21 19:18:32.914,734.4688,,slider,1,0,0.00,-0.00,0.00,ACTIVE,NONE,18360,0,P,P,0.00,released,RELEASED
2026-05-21 19:18:33.314,734.8686,,slider,1,0,0.00,-0.00,0.00,ACTIVE,NONE,18370,0,P,P,0.00,released,RELEASED
2026-05-21 19:18:33.697,735.2519,,slider,1,0,0.00,-0.00,0.00,ACTIVE,NONE,18380,0,P,P,0.00,released,RELEASED
2026-05-21 19:18:34.114,735.6687,,slider,1,0,0.00,-0.00,0.00,ACTIVE,NONE,18390,0,P,P,0.00,released,RELEASED
2026-05-21 19:18:34.514,736.0687,,slider,1,0,0.00,-0.00,0.00,ACTIVE,NONE,18400,0,P,P,0.00,released,RELEASED
2026-05-21 19:18:34.914,736.4691,,slider,1,0,0.00,-0.00,0.00,ACTIVE,NONE,18410,0,P,P,0.00,released,RELEASED
2026-05-21 19:18:35.314,736.8689,,slider,1,0,0.00,-0.00,0.00,ACTIVE,NONE,18420,0,P,P,0.00,released,RELEASED
2026-05-21 19:18:35.697,737.2522,,slider,1,0,0.00,-0.00,0.00,ACTIVE,NONE,18430,0,P,P,0.00,released,RELEASED
2026-05-21 19:18:36.097,737.6520,,slider,1,0,0.00,-0.00,0.00,ACTIVE,NONE,18440,0,P,P,0.00,released,RELEASED
2026-05-21 19:18:36.497,738.0518,,slider,1,0,0.00,-0.00,0.00,ACTIVE,NONE,18450,0,P,P,0.00,released,RELEASED
2026-05-21 19:18:36.914,738.4690,,slider,1,0,0.00,-0.00,0.00,ACTIVE,NONE,18460,0,P,P,0.00,released,RELEASED
2026-05-21 19:18:37.297,738.8521,,slider,1,0,0.00,-0.00,0.00,ACTIVE,NONE,18470,0,P,P,0.00,released,RELEASED
2026-05-21 19:18:37.714,739.2692,,slider,1,0,0.00,-0.00,0.00,ACTIVE,NONE,18480,0,P,P,0.00,released,RELEASED
2026-05-21 19:18:38.114,739.6691,,slider,1,0,0.00,-0.00,0.00,ACTIVE,NONE,18490,0,P,P,0.00,released,RELEASED
2026-05-21 19:18:38.515,740.0693,,slider,1,0,0.00,-0.00,0.00,ACTIVE,NONE,18500,0,P,P,0.00,released,RELEASED
2026-05-21 19:18:38.897,740.4522,,slider,1,0,0.00,-0.00,0.00,ACTIVE,NONE,18510,0,P,P,0.00,released,RELEASED
2026-05-21 19:18:39.315,740.8696,,slider,1,0,0.00,-0.00,0.00,ACTIVE,NONE,18520,0,P,P,0.00,released,RELEASED
2026-05-21 19:18:39.715,741.2693,,slider,1,0,0.00,-0.00,0.00,ACTIVE,NONE,18530,0,P,P,0.00,released,RELEASED
2026-05-21 19:18:40.115,741.6696,,slider,1,0,0.00,-0.00,0.00,ACTIVE,NONE,18540,0,P,P,0.00,released,RELEASED
2026-05-21 19:18:40.515,742.0695,,slider,1,0,0.00,-0.00,0.00,ACTIVE,NONE,18550,0,P,P,0.00,released,RELEASED
2026-05-21 19:18:40.915,742.4695,,slider,1,0,0.00,-0.00,0.00,ACTIVE,NONE,18560,0,P,P,0.00,released,RELEASED
2026-05-21 19:18:41.298,742.8523,,slider,1,0,0.00,-0.00,0.00,ACTIVE,NONE,18570,0,P,P,0.00,released,RELEASED
2026-05-21 19:18:41.715,743.2696,,slider,1,0,0.00,-0.00,0.00,ACTIVE,NONE,18580,0,P,P,0.00,released,RELEASED
2026-05-21 19:18:42.115,743.6697,,slider,1,0,0.00,-0.00,0.00,ACTIVE,NONE,18590,0,P,P,0.00,released,RELEASED
2026-05-21 19:18:42.515,744.0697,,slider,1,0,0.00,-0.00,0.00,ACTIVE,NONE,18600,0,P,P,0.00,released,RELEASED
2026-05-21 19:18:42.915,744.4698,,slider,1,0,0.00,-0.00,0.00,ACTIVE,NONE,18610,0,P,P,0.00,released,RELEASED
2026-05-21 19:18:43.315,744.8700,,slider,1,0,0.00,-0.00,0.00,ACTIVE,NONE,18620,0,P,P,0.00,released,RELEASED
2026-05-21 19:18:43.715,745.2699,,slider,1,0,0.00,-0.00,0.00,ACTIVE,NONE,18630,0,P,P,0.00,released,RELEASED
2026-05-21 19:18:44.115,745.6698,,slider,1,0,0.00,-0.00,0.00,ACTIVE,NONE,18640,0,P,P,0.00,released,RELEASED
2026-05-21 19:18:44.516,746.0707,,slider,1,0,0.00,-0.00,0.00,ACTIVE,NONE,18650,0,P,P,0.00,released,RELEASED
2026-05-21 19:18:44.915,746.4699,,slider,1,0,0.00,-0.00,0.00,ACTIVE,NONE,18660,0,P,P,0.00,released,RELEASED
2026-05-21 19:18:45.315,746.8701,,slider,1,0,0.00,-0.00,0.00,ACTIVE,NONE,18670,0,P,P,0.00,released,RELEASED
2026-05-21 19:18:45.715,747.2702,,slider,1,0,0.00,-0.00,0.00,ACTIVE,NONE,18680,0,P,P,0.00,released,RELEASED
2026-05-21 19:18:46.115,747.6701,,slider,1,0,0.00,-0.00,0.00,ACTIVE,NONE,18690,0,P,P,0.00,released,RELEASED
2026-05-21 19:18:46.515,748.0701,,slider,1,0,0.00,-0.00,0.00,ACTIVE,NONE,18700,0,P,P,0.00,released,RELEASED
2026-05-21 19:18:46.898,748.4525,,slider,1,0,0.00,-0.00,0.00,ACTIVE,NONE,18710,0,P,P,0.00,released,RELEASED
2026-05-21 19:18:47.316,748.8708,,slider,1,0,0.00,-0.00,0.00,ACTIVE,NONE,18720,0,P,P,0.00,released,RELEASED
2026-05-21 19:18:47.716,749.2707,,slider,1,0,0.00,-0.00,0.00,ACTIVE,NONE,18730,0,P,P,0.00,released,RELEASED
2026-05-21 19:18:48.116,749.6707,,slider,1,0,0.00,-0.00,0.00,ACTIVE,NONE,18740,0,P,P,0.00,released,RELEASED
2026-05-21 19:18:48.516,750.0710,,slider,1,0,0.00,-0.00,0.00,ACTIVE,NONE,18750,0,P,P,0.00,released,RELEASED
2026-05-21 19:18:48.916,750.4710,,slider,1,0,0.00,-0.00,0.00,ACTIVE,NONE,18760,0,P,P,0.00,released,RELEASED
2026-05-21 19:18:49.316,750.8706,,slider,1,0,0.00,-0.00,0.00,ACTIVE,NONE,18770,0,P,P,0.00,released,RELEASED
2026-05-21 19:18:49.698,751.2529,,slider,1,0,0.00,-0.00,0.00,ACTIVE,NONE,18780,0,P,P,0.00,released,RELEASED
2026-05-21 19:18:50.116,751.6708,,slider,1,0,0.00,-0.00,0.00,ACTIVE,NONE,18790,0,P,P,0.00,released,RELEASED
2026-05-21 19:18:50.516,752.0708,,slider,1,0,0.00,-0.00,0.00,ACTIVE,NONE,18800,0,P,P,0.00,released,RELEASED
2026-05-21 19:18:50.916,752.4709,,slider,1,0,0.00,-0.00,0.00,ACTIVE,NONE,18810,0,P,P,0.00,released,RELEASED
2026-05-21 19:18:51.299,752.8534,,slider,1,0,0.00,-0.00,0.00,ACTIVE,NONE,18820,0,P,P,0.00,released,RELEASED
2026-05-21 19:18:51.698,753.2526,,slider,1,0,0.00,-0.00,0.00,ACTIVE,NONE,18830,0,P,P,0.00,released,RELEASED
2026-05-21 19:18:52.117,753.6713,,slider,1,0,0.00,-0.00,0.00,ACTIVE,NONE,18840,0,P,P,0.00,released,RELEASED
2026-05-21 19:18:52.516,754.0710,,slider,1,0,0.00,-0.00,0.00,ACTIVE,NONE,18850,0,P,P,0.00,released,RELEASED
2026-05-21 19:18:52.916,754.4711,,slider,1,0,0.00,-0.00,0.00,ACTIVE,NONE,18860,0,P,P,0.00,released,RELEASED
2026-05-21 19:18:53.299,754.8538,,slider,1,0,0.00,-0.00,0.00,ACTIVE,NONE,18870,0,P,P,0.00,released,RELEASED
2026-05-21 19:18:53.698,755.2529,,slider,1,0,0.00,-0.00,0.00,ACTIVE,NONE,18880,0,P,P,0.00,released,RELEASED
2026-05-21 19:18:54.098,755.6526,,slider,1,0,0.00,-0.00,0.00,ACTIVE,NONE,18890,0,P,P,0.00,released,RELEASED
2026-05-21 19:18:54.517,756.0720,,slider,1,0,0.00,-0.00,0.00,ACTIVE,NONE,18900,0,P,P,0.00,released,RELEASED
2026-05-21 19:18:54.898,756.4523,,slider,1,0,0.00,-0.00,0.00,ACTIVE,NONE,18910,0,P,P,0.00,released,RELEASED
2026-05-21 19:18:55.298,756.8530,,slider,1,0,0.00,-0.00,0.00,ACTIVE,NONE,18920,0,P,P,0.00,released,RELEASED
2026-05-21 19:18:55.717,757.2718,,slider,1,0,0.00,-0.00,0.00,ACTIVE,NONE,18930,0,P,P,0.00,released,RELEASED
2026-05-21 19:18:56.099,757.6535,,slider,1,0,0.00,-0.00,0.00,ACTIVE,NONE,18940,0,P,P,0.00,released,RELEASED
2026-05-21 19:18:56.517,758.0718,,slider,1,0,0.00,-0.00,0.00,ACTIVE,NONE,18950,0,P,P,0.00,released,RELEASED
2026-05-21 19:18:56.899,758.4534,,slider,1,0,0.00,-0.00,0.00,ACTIVE,NONE,18960,0,P,P,0.00,released,RELEASED
2026-05-21 19:18:57.298,758.8531,,slider,1,0,0.00,-0.00,0.00,ACTIVE,NONE,18970,0,P,P,0.00,released,RELEASED
2026-05-21 19:18:57.698,759.2526,,slider,1,0,0.00,-0.00,0.00,ACTIVE,NONE,18980,0,P,P,0.00,released,RELEASED
2026-05-21 19:18:58.099,759.6535,,slider,1,0,0.00,-0.00,0.00,ACTIVE,NONE,18990,0,P,P,0.00,released,RELEASED
2026-05-21 19:18:58.498,760.0529,,slider,1,0,0.00,-0.00,0.00,ACTIVE,NONE,19000,0,P,P,0.00,released,RELEASED
2026-05-21 19:18:58.898,760.4530,,slider,1,0,0.00,-0.00,0.00,ACTIVE,NONE,19010,0,P,P,0.00,released,RELEASED
2026-05-21 19:18:59.299,760.8535,,slider,1,0,0.00,-0.00,0.00,ACTIVE,NONE,19020,0,P,P,0.00,released,RELEASED
2026-05-21 19:18:59.698,761.2529,,slider,1,0,0.00,-0.00,0.00,ACTIVE,NONE,19030,0,P,P,0.00,released,RELEASED
2026-05-21 19:19:00.099,761.6539,,slider,1,0,0.00,-0.00,0.00,ACTIVE,NONE,19040,0,P,P,0.00,released,RELEASED
2026-05-21 19:19:00.499,762.0539,,slider,1,0,0.00,-0.00,0.00,ACTIVE,NONE,19050,0,P,P,0.00,released,RELEASED
2026-05-21 19:19:00.918,762.4726,,slider,1,0,0.00,-0.00,0.00,ACTIVE,NONE,19060,0,P,P,0.00,released,RELEASED
2026-05-21 19:19:01.299,762.8540,,slider,1,0,0.00,-0.00,0.00,ACTIVE,NONE,19070,0,P,P,0.00,released,RELEASED
2026-05-21 19:19:01.699,763.2535,,slider,1,0,0.00,-0.00,0.00,ACTIVE,NONE,19080,0,P,P,0.00,released,RELEASED
2026-05-21 19:19:02.099,763.6533,,slider,1,0,0.00,-0.00,0.00,ACTIVE,NONE,19090,0,P,P,0.00,released,RELEASED
2026-05-21 19:19:02.518,764.0728,,slider,1,0,0.00,-0.00,0.00,ACTIVE,NONE,19100,0,P,P,0.00,released,RELEASED
2026-05-21 19:19:02.918,764.4729,,slider,1,0,0.00,-0.00,0.00,ACTIVE,NONE,19110,0,P,P,0.00,released,RELEASED
2026-05-21 19:19:03.300,764.8544,,slider,1,0,0.00,-0.00,0.00,ACTIVE,NONE,19120,0,P,P,0.00,released,RELEASED
2026-05-21 19:19:03.699,765.2541,,slider,1,0,0.00,-0.00,0.00,ACTIVE,NONE,19130,0,P,P,0.00,released,RELEASED
2026-05-21 19:19:04.100,765.6544,,slider,1,0,0.00,-0.00,0.00,ACTIVE,NONE,19140,0,P,P,0.00,released,RELEASED
2026-05-21 19:19:04.518,766.0731,,slider,1,0,0.00,-0.00,0.00,ACTIVE,NONE,19150,0,P,P,0.00,released,RELEASED
2026-05-21 19:19:04.900,766.4544,,slider,1,0,0.00,-0.00,0.00,ACTIVE,NONE,19160,0,P,P,0.00,released,RELEASED
2026-05-21 19:19:05.300,766.8543,,slider,1,0,0.00,-0.00,0.00,ACTIVE,NONE,19170,0,P,P,0.00,released,RELEASED
2026-05-21 19:19:05.700,767.2547,,slider,1,0,0.00,-0.00,0.00,ACTIVE,NONE,19180,0,P,P,0.00,released,RELEASED
2026-05-21 19:19:06.100,767.6544,,slider,1,0,0.00,-0.00,0.00,ACTIVE,NONE,19190,0,P,P,0.00,released,RELEASED
2026-05-21 19:19:06.499,768.0535,,slider,1,0,0.00,-0.00,0.00,ACTIVE,NONE,19200,0,P,P,0.00,released,RELEASED
2026-05-21 19:19:06.899,768.4535,,slider,1,0,0.00,-0.00,0.00,ACTIVE,NONE,19210,0,P,P,0.00,released,RELEASED
2026-05-21 19:19:07.299,768.8539,,slider,1,0,0.00,-0.00,0.00,ACTIVE,NONE,19220,0,P,P,0.00,released,RELEASED
2026-05-21 19:19:07.699,769.2542,,slider,1,0,0.00,-0.00,0.00,ACTIVE,NONE,19230,0,P,P,0.00,released,RELEASED
2026-05-21 19:19:08.099,769.6538,,slider,1,0,0.00,-0.00,0.00,ACTIVE,NONE,19240,0,P,P,0.00,released,RELEASED
2026-05-21 19:19:08.499,770.0542,,slider,1,0,0.00,-0.00,0.00,ACTIVE,NONE,19250,0,P,P,0.00,released,RELEASED
2026-05-21 19:19:08.899,770.4540,,slider,1,0,0.00,-0.00,0.00,ACTIVE,NONE,19260,0,P,P,0.00,released,RELEASED
2026-05-21 19:19:09.299,770.8538,,slider,1,0,0.00,-0.00,0.00,ACTIVE,NONE,19270,0,P,P,0.00,released,RELEASED
2026-05-21 19:19:09.699,771.2542,,slider,1,0,0.00,-0.00,0.00,ACTIVE,NONE,19280,0,P,P,0.00,released,RELEASED
2026-05-21 19:19:10.100,771.6545,,slider,1,0,0.00,-0.00,0.00,ACTIVE,NONE,19290,0,P,P,0.00,released,RELEASED
2026-05-21 19:19:10.501,772.0555,,slider,1,0,0.00,-0.00,0.00,ACTIVE,NONE,19300,0,P,P,0.00,released,RELEASED
2026-05-21 19:19:10.899,772.4543,,slider,1,0,0.00,-0.00,0.00,ACTIVE,NONE,19310,0,P,P,0.00,released,RELEASED
2026-05-21 19:19:11.299,772.8542,,slider,1,0,0.00,-0.00,0.00,ACTIVE,NONE,19320,0,P,P,0.00,released,RELEASED
2026-05-21 19:19:11.701,773.2563,,slider,1,0,0.00,-0.00,0.00,ACTIVE,NONE,19330,0,P,P,0.00,released,RELEASED
2026-05-21 19:19:12.099,773.6542,,slider,1,0,0.00,-0.00,0.00,ACTIVE,NONE,19340,0,P,P,0.00,released,RELEASED
2026-05-21 19:19:12.500,774.0548,,slider,1,0,0.00,-0.00,0.00,ACTIVE,NONE,19350,0,P,P,0.00,released,RELEASED
2026-05-21 19:19:12.900,774.4548,,slider,1,0,0.00,-0.00,0.00,ACTIVE,NONE,19360,0,P,P,0.00,released,RELEASED
2026-05-21 19:19:13.300,774.8546,,slider,1,0,0.00,-0.00,0.00,ACTIVE,NONE,19370,0,P,P,0.00,released,RELEASED
2026-05-21 19:19:13.700,775.2546,,slider,1,0,0.00,-0.00,0.00,ACTIVE,NONE,19380,0,P,P,0.00,released,RELEASED
2026-05-21 19:19:14.100,775.6545,,slider,1,0,0.00,-0.00,0.00,ACTIVE,NONE,19390,0,P,P,0.00,released,RELEASED
2026-05-21 19:19:14.500,776.0549,,slider,1,0,0.00,-0.00,0.00,ACTIVE,NONE,19400,0,P,P,0.00,released,RELEASED
2026-05-21 19:19:14.900,776.4551,,slider,1,0,0.00,-0.00,0.00,ACTIVE,NONE,19410,0,P,P,0.00,released,RELEASED
2026-05-21 19:19:15.301,776.8555,,slider,1,0,0.00,-0.00,0.00,ACTIVE,NONE,19420,0,P,P,0.00,released,RELEASED
2026-05-21 19:19:15.700,777.2551,,slider,1,0,0.00,-0.00,0.00,ACTIVE,NONE,19430,0,P,P,0.00,released,RELEASED
2026-05-21 19:19:16.100,777.6549,,slider,1,0,0.00,-0.00,0.00,ACTIVE,NONE,19440,0,P,P,0.00,released,RELEASED
2026-05-21 19:19:16.501,778.0554,,slider,1,0,0.00,-0.00,0.00,ACTIVE,NONE,19450,0,P,P,0.00,released,RELEASED
2026-05-21 19:19:16.901,778.4556,,slider,1,0,0.00,-0.00,0.00,ACTIVE,NONE,19460,0,P,P,0.00,released,RELEASED
2026-05-21 19:19:17.301,778.8553,,slider,1,0,0.00,-0.00,0.00,ACTIVE,NONE,19470,0,P,P,0.00,released,RELEASED
2026-05-21 19:19:17.701,779.2555,,slider,1,0,0.00,-0.00,0.00,ACTIVE,NONE,19480,0,P,P,0.00,released,RELEASED
2026-05-21 19:19:18.101,779.6556,,slider,1,0,0.00,-0.00,0.00,ACTIVE,NONE,19490,0,P,P,0.00,released,RELEASED
2026-05-21 19:19:18.501,780.0559,,slider,1,0,0.00,-0.00,0.00,ACTIVE,NONE,19500,0,P,P,0.00,released,RELEASED
2026-05-21 19:19:18.901,780.4562,,slider,1,0,0.00,-0.00,0.00,ACTIVE,NONE,19510,0,P,P,0.00,released,RELEASED
2026-05-21 19:19:19.302,780.8563,,slider,1,0,0.00,-0.00,0.00,ACTIVE,NONE,19520,0,P,P,0.00,released,RELEASED
2026-05-21 19:19:19.701,781.2561,,slider,1,0,0.00,-0.00,0.00,ACTIVE,NONE,19530,0,P,P,0.00,released,RELEASED
2026-05-21 19:19:20.101,781.6558,,slider,1,0,0.00,-0.00,0.00,ACTIVE,NONE,19540,0,P,P,0.00,released,RELEASED
2026-05-21 19:19:20.501,782.0560,,slider,1,0,0.00,-0.00,0.00,ACTIVE,NONE,19550,0,P,P,0.00,released,RELEASED
2026-05-21 19:19:20.902,782.4566,,slider,1,0,0.00,-0.00,0.00,ACTIVE,NONE,19560,0,P,P,0.00,released,RELEASED
2026-05-21 19:19:21.302,782.8564,,slider,1,0,0.00,-0.00,0.00,ACTIVE,NONE,19570,0,P,P,0.00,released,RELEASED
2026-05-21 19:19:21.702,783.2564,,slider,1,0,0.00,-0.00,0.00,ACTIVE,NONE,19580,0,P,P,0.00,released,RELEASED
2026-05-21 19:19:22.102,783.6566,,slider,1,0,0.00,-0.00,0.00,ACTIVE,NONE,19590,0,P,P,0.00,released,RELEASED
2026-05-21 19:19:22.502,784.0563,,slider,1,0,0.00,-0.00,0.00,ACTIVE,NONE,19600,0,P,P,0.00,released,RELEASED
2026-05-21 19:19:22.902,784.4565,,slider,1,0,0.00,-0.00,0.00,ACTIVE,NONE,19610,0,P,P,0.00,released,RELEASED
2026-05-21 19:19:23.302,784.8566,,slider,1,0,0.00,-0.00,0.00,ACTIVE,NONE,19620,0,P,P,0.00,released,RELEASED
2026-05-21 19:19:23.702,785.2567,,slider,1,0,0.00,-0.00,0.00,ACTIVE,NONE,19630,0,P,P,0.00,released,RELEASED
2026-05-21 19:19:24.102,785.6564,,slider,1,0,0.00,-0.00,0.00,ACTIVE,NONE,19640,0,P,P,0.00,released,RELEASED
2026-05-21 19:19:24.502,786.0570,,slider,1,0,0.00,-0.00,0.00,ACTIVE,NONE,19650,0,P,P,0.00,released,RELEASED
2026-05-21 19:19:24.902,786.4570,,slider,1,0,0.00,-0.00,0.00,ACTIVE,NONE,19660,0,P,P,0.00,released,RELEASED
2026-05-21 19:19:25.302,786.8573,,slider,1,0,0.00,-0.00,0.00,ACTIVE,NONE,19670,0,P,P,0.00,released,RELEASED
2026-05-21 19:19:25.702,787.2570,,slider,1,0,0.00,-0.00,0.00,ACTIVE,NONE,19680,0,P,P,0.00,released,RELEASED
2026-05-21 19:19:26.102,787.6567,,slider,1,0,0.00,-0.00,0.00,ACTIVE,NONE,19690,0,P,P,0.00,released,RELEASED
2026-05-21 19:19:26.503,788.0573,,slider,1,0,0.00,-0.00,0.00,ACTIVE,NONE,19700,0,P,P,0.00,released,RELEASED
2026-05-21 19:19:26.902,788.4570,,slider,1,0,0.00,-0.00,0.00,ACTIVE,NONE,19710,0,P,P,0.00,released,RELEASED
2026-05-21 19:19:27.303,788.8576,,slider,1,0,0.00,-0.00,0.00,ACTIVE,NONE,19720,0,P,P,0.00,released,RELEASED
2026-05-21 19:19:27.703,789.2575,,slider,1,0,0.00,-0.00,0.00,ACTIVE,NONE,19730,0,P,P,0.00,released,RELEASED
2026-05-21 19:19:28.102,789.6571,,slider,1,0,0.00,-0.00,0.00,ACTIVE,NONE,19740,0,P,P,0.00,released,RELEASED
2026-05-21 19:19:28.502,790.0572,,slider,1,0,0.00,-0.00,0.00,ACTIVE,NONE,19750,0,P,P,0.00,released,RELEASED
2026-05-21 19:19:28.903,790.4574,,slider,1,0,0.00,-0.00,0.00,ACTIVE,NONE,19760,0,P,P,0.00,released,RELEASED
2026-05-21 19:19:29.303,790.8573,,slider,1,0,0.00,-0.00,0.00,ACTIVE,NONE,19770,0,P,P,0.00,released,RELEASED
2026-05-21 19:19:29.703,791.2574,,slider,1,0,0.00,-0.00,0.00,ACTIVE,NONE,19780,0,P,P,0.00,released,RELEASED
2026-05-21 19:19:30.103,791.6575,,slider,1,0,0.00,-0.00,0.00,ACTIVE,NONE,19790,0,P,P,0.00,released,RELEASED
2026-05-21 19:19:30.503,792.0574,,slider,1,0,0.00,-0.00,0.00,ACTIVE,NONE,19800,0,P,P,0.00,released,RELEASED
2026-05-21 19:19:30.903,792.4580,,slider,1,0,0.00,-0.00,0.00,ACTIVE,NONE,19810,0,P,P,0.00,released,RELEASED
2026-05-21 19:19:31.304,792.8587,,slider,1,0,0.00,-0.00,0.00,ACTIVE,NONE,19820,0,P,P,0.00,released,RELEASED
2026-05-21 19:19:31.704,793.2588,,slider,1,0,0.00,-0.00,0.00,ACTIVE,NONE,19830,0,P,P,0.00,released,RELEASED
2026-05-21 19:19:32.103,793.6577,,slider,1,0,0.00,-0.00,0.00,ACTIVE,NONE,19840,0,P,P,0.00,released,RELEASED
2026-05-21 19:19:32.503,794.0578,,slider,1,0,0.00,-0.00,0.00,ACTIVE,NONE,19850,0,P,P,0.00,released,RELEASED
2026-05-21 19:19:32.903,794.4581,,slider,1,0,0.00,-0.00,0.00,ACTIVE,NONE,19860,0,P,P,0.00,released,RELEASED
2026-05-21 19:19:33.303,794.8581,,slider,1,0,0.00,-0.00,0.00,ACTIVE,NONE,19870,0,P,P,0.00,released,RELEASED
2026-05-21 19:19:33.704,795.2583,,slider,1,0,0.00,-0.00,0.00,ACTIVE,NONE,19880,0,P,P,0.00,released,RELEASED
2026-05-21 19:19:34.103,795.6576,,slider,1,0,0.00,-0.00,0.00,ACTIVE,NONE,19890,0,P,P,0.00,released,RELEASED
2026-05-21 19:19:34.503,796.0576,,slider,1,0,0.00,-0.00,0.00,ACTIVE,NONE,19900,0,P,P,0.00,released,RELEASED
2026-05-21 19:19:34.903,796.4580,,slider,1,0,0.00,-0.00,0.00,ACTIVE,NONE,19910,0,P,P,0.00,released,RELEASED
2026-05-21 19:19:35.303,796.8581,,slider,1,0,0.00,-0.00,0.00,ACTIVE,NONE,19920,0,P,P,0.00,released,RELEASED
2026-05-21 19:19:35.704,797.2586,,slider,1,0,0.00,-0.00,0.00,ACTIVE,NONE,19930,0,P,P,0.00,released,RELEASED
2026-05-21 19:19:36.103,797.6581,,slider,1,0,0.00,-0.00,0.00,ACTIVE,NONE,19940,0,P,P,0.00,released,RELEASED
2026-05-21 19:19:36.505,798.0595,,slider,1,0,0.00,-0.00,0.00,ACTIVE,NONE,19950,0,P,P,0.00,released,RELEASED
2026-05-21 19:19:36.904,798.4591,,slider,1,0,0.00,-0.00,0.00,ACTIVE,NONE,19960,0,P,P,0.00,released,RELEASED
2026-05-21 19:19:37.305,798.8601,,slider,1,0,0.00,-0.00,0.00,ACTIVE,NONE,19970,0,P,P,0.00,released,RELEASED
2026-05-21 19:19:37.704,799.2589,,slider,1,0,0.00,-0.00,0.00,ACTIVE,NONE,19980,0,P,P,0.00,released,RELEASED
2026-05-21 19:19:38.105,799.6603,,slider,1,0,0.00,-0.00,0.00,ACTIVE,NONE,19990,0,P,P,0.00,released,RELEASED
2026-05-21 19:19:38.505,800.0595,,slider,1,0,0.00,-0.00,0.00,ACTIVE,NONE,20000,0,P,P,0.00,released,RELEASED
2026-05-21 19:19:38.905,800.4602,,slider,1,0,0.00,-0.00,0.00,ACTIVE,NONE,20010,0,P,P,0.00,released,RELEASED
2026-05-21 19:19:39.305,800.8595,,slider,1,0,0.00,-0.00,0.00,ACTIVE,NONE,20020,0,P,P,0.00,released,RELEASED
2026-05-21 19:19:39.706,801.2607,,slider,1,0,0.00,-0.00,0.00,ACTIVE,NONE,20030,0,P,P,0.00,released,RELEASED
2026-05-21 19:19:40.105,801.6596,,slider,1,0,0.00,-0.00,0.00,ACTIVE,NONE,20040,0,P,P,0.00,released,RELEASED
2026-05-21 19:19:40.506,802.0612,,slider,1,0,0.00,-0.00,0.00,ACTIVE,NONE,20050,0,P,P,0.00,released,RELEASED
2026-05-21 19:19:40.905,802.4595,,slider,1,0,0.00,-0.00,0.00,ACTIVE,NONE,20060,0,P,P,0.00,released,RELEASED
2026-05-21 19:19:41.305,802.8602,,slider,1,0,0.00,-0.00,0.00,ACTIVE,NONE,20070,0,P,P,0.00,released,RELEASED
2026-05-21 19:19:41.705,803.2594,,slider,1,0,0.00,-0.00,0.00,ACTIVE,NONE,20080,0,P,P,0.00,released,RELEASED
2026-05-21 19:19:42.105,803.6594,,slider,1,0,0.00,-0.00,0.00,ACTIVE,NONE,20090,0,P,P,0.00,released,RELEASED
2026-05-21 19:19:42.505,804.0596,,slider,1,0,0.00,-0.00,0.00,ACTIVE,NONE,20100,0,P,P,0.00,released,RELEASED
2026-05-21 19:19:42.907,804.4614,,slider,1,0,0.00,-0.00,0.00,ACTIVE,NONE,20110,0,P,P,0.00,released,RELEASED
2026-05-21 19:19:43.306,804.8610,,slider,1,0,0.00,-0.00,0.00,ACTIVE,NONE,20120,0,P,P,0.00,released,RELEASED
2026-05-21 19:19:43.705,805.2598,,slider,1,0,0.00,-0.00,0.00,ACTIVE,NONE,20130,0,P,P,0.00,released,RELEASED
2026-05-21 19:19:44.106,805.6604,,slider,1,0,0.00,-0.00,0.00,ACTIVE,NONE,20140,0,P,P,0.00,released,RELEASED
2026-05-21 19:19:44.505,806.0594,,slider,1,0,0.00,-0.00,0.00,ACTIVE,NONE,20150,0,P,P,0.00,released,RELEASED
2026-05-21 19:19:44.905,806.4594,,slider,1,0,0.00,-0.00,0.00,ACTIVE,NONE,20160,0,P,P,0.00,released,RELEASED
2026-05-21 19:19:45.305,806.8602,,slider,1,0,0.00,-0.00,0.00,ACTIVE,NONE,20170,0,P,P,0.00,released,RELEASED
2026-05-21 19:19:45.707,807.2616,,slider,1,0,0.00,-0.00,0.00,ACTIVE,NONE,20180,0,P,P,0.00,released,RELEASED
2026-05-21 19:19:46.105,807.6597,,slider,1,0,0.00,-0.00,0.00,ACTIVE,NONE,20190,0,P,P,0.00,released,RELEASED
2026-05-21 19:19:46.505,808.0601,,slider,1,0,0.00,-0.00,0.00,ACTIVE,NONE,20200,0,P,P,0.00,released,RELEASED
2026-05-21 19:19:46.907,808.4616,,slider,1,0,0.00,-0.00,0.00,ACTIVE,NONE,20210,0,P,P,0.00,released,RELEASED
2026-05-21 19:19:47.306,808.8605,,slider,1,0,0.00,-0.00,0.00,ACTIVE,NONE,20220,0,P,P,0.00,released,RELEASED
2026-05-21 19:19:47.707,809.2618,,slider,1,0,0.00,-0.00,0.00,ACTIVE,NONE,20230,0,P,P,0.00,released,RELEASED
2026-05-21 19:19:48.106,809.6612,,slider,1,0,0.00,-0.00,0.00,ACTIVE,NONE,20240,0,P,P,0.00,released,RELEASED
2026-05-21 19:19:48.507,810.0615,,slider,1,0,0.00,-0.00,0.00,ACTIVE,NONE,20250,0,P,P,0.00,released,RELEASED
2026-05-21 19:19:48.907,810.4616,,slider,1,0,0.00,-0.00,0.00,ACTIVE,NONE,20260,0,P,P,0.00,released,RELEASED
2026-05-21 19:19:49.307,810.8615,,slider,1,0,0.00,-0.00,0.00,ACTIVE,NONE,20270,0,P,P,0.00,released,RELEASED
2026-05-21 19:19:49.707,811.2620,,slider,1,0,0.00,-0.00,0.00,ACTIVE,NONE,20280,0,P,P,0.00,released,RELEASED
2026-05-21 19:19:50.106,811.6609,,slider,1,0,0.00,-0.00,0.00,ACTIVE,NONE,20290,0,P,P,0.00,released,RELEASED
2026-05-21 19:19:50.507,812.0616,,slider,1,0,0.00,-0.00,0.00,ACTIVE,NONE,20300,0,P,P,0.00,released,RELEASED
2026-05-21 19:19:50.907,812.4619,,slider,1,0,0.00,-0.00,0.00,ACTIVE,NONE,20310,0,P,P,0.00,released,RELEASED
2026-05-21 19:19:51.307,812.8620,,slider,1,0,0.00,-0.00,0.00,ACTIVE,NONE,20320,0,P,P,0.00,released,RELEASED
2026-05-21 19:19:51.707,813.2621,,slider,1,0,0.00,-0.00,0.00,ACTIVE,NONE,20330,0,P,P,0.00,released,RELEASED
2026-05-21 19:19:52.107,813.6617,,slider,1,0,0.00,-0.00,0.00,ACTIVE,NONE,20340,0,P,P,0.00,released,RELEASED
2026-05-21 19:19:52.507,814.0621,,slider,1,0,0.00,-0.00,0.00,ACTIVE,NONE,20350,0,P,P,0.00,released,RELEASED
2026-05-21 19:19:52.907,814.4615,,slider,1,0,0.00,-0.00,0.00,ACTIVE,NONE,20360,0,P,P,0.00,released,RELEASED
2026-05-21 19:19:53.307,814.8613,,slider,1,0,0.00,-0.00,0.00,ACTIVE,NONE,20370,0,P,P,0.00,released,RELEASED
2026-05-21 19:19:53.707,815.2619,,slider,1,0,0.00,-0.00,0.00,ACTIVE,NONE,20380,0,P,P,0.00,released,RELEASED
2026-05-21 19:19:54.107,815.6622,,slider,1,0,0.00,-0.00,0.00,ACTIVE,NONE,20390,0,P,P,0.00,released,RELEASED
2026-05-21 19:19:54.506,816.0612,,slider,1,0,0.00,-0.00,0.00,ACTIVE,NONE,20400,0,P,P,0.00,released,RELEASED
2026-05-21 19:19:54.907,816.4616,,slider,1,0,0.00,-0.00,0.00,ACTIVE,NONE,20410,0,P,P,0.00,released,RELEASED
2026-05-21 19:19:55.308,816.8624,,slider,1,0,0.00,-0.00,0.00,ACTIVE,NONE,20420,0,P,P,0.00,released,RELEASED
2026-05-21 19:19:55.707,817.2617,,slider,1,0,0.00,-0.00,0.00,ACTIVE,NONE,20430,0,P,P,0.00,released,RELEASED
2026-05-21 19:19:56.108,817.6626,,slider,1,0,0.00,-0.00,0.00,ACTIVE,NONE,20440,0,P,P,0.00,released,RELEASED
2026-05-21 19:19:56.507,818.0621,,slider,1,0,0.00,-0.00,0.00,ACTIVE,NONE,20450,0,P,P,0.00,released,RELEASED
2026-05-21 19:19:56.908,818.4627,,slider,1,0,0.00,-0.00,0.00,ACTIVE,NONE,20460,0,P,P,0.00,released,RELEASED
2026-05-21 19:19:57.308,818.8629,,slider,1,0,0.00,-0.00,0.00,ACTIVE,NONE,20470,0,P,P,0.00,released,RELEASED
2026-05-21 19:19:57.708,819.2623,,slider,1,0,0.00,-0.00,0.00,ACTIVE,NONE,20480,0,P,P,0.00,released,RELEASED
2026-05-21 19:19:58.107,819.6622,,slider,1,0,0.00,-0.00,0.00,ACTIVE,NONE,20490,0,P,P,0.00,released,RELEASED
2026-05-21 19:19:58.509,820.0633,,slider,1,0,0.00,-0.00,0.00,ACTIVE,NONE,20500,0,P,P,0.00,released,RELEASED
2026-05-21 19:19:58.908,820.4632,,slider,1,0,0.00,-0.00,0.00,ACTIVE,NONE,20510,0,P,P,0.00,released,RELEASED
2026-05-21 19:19:59.307,820.8619,,slider,1,0,0.00,-0.00,0.00,ACTIVE,NONE,20520,0,P,P,0.00,released,RELEASED
2026-05-21 19:19:59.708,821.2630,,slider,1,0,0.00,-0.00,0.00,ACTIVE,NONE,20530,0,P,P,0.00,released,RELEASED
2026-05-21 19:20:00.107,821.6620,,slider,1,0,0.00,-0.00,0.00,ACTIVE,NONE,20540,0,P,P,0.00,released,RELEASED
2026-05-21 19:20:00.508,822.0631,,slider,1,0,0.00,-0.00,0.00,ACTIVE,NONE,20550,0,P,P,0.00,released,RELEASED
2026-05-21 19:20:00.908,822.4629,,slider,1,0,0.00,-0.00,0.00,ACTIVE,NONE,20560,0,P,P,0.00,released,RELEASED
2026-05-21 19:20:01.310,822.8643,,slider,1,0,0.00,-0.00,0.00,ACTIVE,NONE,20570,0,P,P,0.00,released,RELEASED
2026-05-21 19:20:01.709,823.2637,,slider,1,0,0.00,-0.00,0.00,ACTIVE,NONE,20580,0,P,P,0.00,released,RELEASED
2026-05-21 19:20:02.109,823.6634,,slider,1,0,0.00,-0.00,0.00,ACTIVE,NONE,20590,0,P,P,0.00,released,RELEASED
2026-05-21 19:20:02.509,824.0636,,slider,1,0,0.00,-0.00,0.00,ACTIVE,NONE,20600,0,P,P,0.00,released,RELEASED
2026-05-21 19:20:02.909,824.4638,,slider,1,0,0.00,-0.00,0.00,ACTIVE,NONE,20610,0,P,P,0.00,released,RELEASED
2026-05-21 19:20:03.309,824.8638,,slider,1,0,0.00,-0.00,0.00,ACTIVE,NONE,20620,0,P,P,0.00,released,RELEASED
2026-05-21 19:20:03.709,825.2635,,slider,1,0,0.00,-0.00,0.00,ACTIVE,NONE,20630,0,P,P,0.00,released,RELEASED
2026-05-21 19:20:04.108,825.6630,,slider,1,0,0.00,-0.00,0.00,ACTIVE,NONE,20640,0,P,P,0.00,released,RELEASED
2026-05-21 19:20:04.509,826.0637,,slider,1,0,0.00,-0.00,0.00,ACTIVE,NONE,20650,0,P,P,0.00,released,RELEASED
2026-05-21 19:20:04.909,826.4642,,slider,1,0,0.00,-0.00,0.00,ACTIVE,NONE,20660,0,P,P,0.00,released,RELEASED
2026-05-21 19:20:05.309,826.8637,,slider,1,0,0.00,-0.00,0.00,ACTIVE,NONE,20670,0,P,P,0.00,released,RELEASED
2026-05-21 19:20:05.708,827.2627,,slider,1,0,0.00,-0.00,0.00,ACTIVE,NONE,20680,0,P,P,0.00,released,RELEASED
2026-05-21 19:20:06.109,827.6638,,slider,1,0,0.00,-0.00,0.00,ACTIVE,NONE,20690,0,P,P,0.00,released,RELEASED
2026-05-21 19:20:06.509,828.0635,,slider,1,0,0.00,-0.00,0.00,ACTIVE,NONE,20700,0,P,P,0.00,released,RELEASED
2026-05-21 19:20:06.909,828.4635,,slider,1,0,0.00,-0.00,0.00,ACTIVE,NONE,20710,0,P,P,0.00,released,RELEASED
2026-05-21 19:20:07.310,828.8643,,slider,1,0,0.00,-0.00,0.00,ACTIVE,NONE,20720,0,P,P,0.00,released,RELEASED
2026-05-21 19:20:07.709,829.2641,,slider,1,0,0.00,-0.00,0.00,ACTIVE,NONE,20730,0,P,P,0.00,released,RELEASED
2026-05-21 19:20:08.109,829.6642,,slider,1,0,0.00,-0.00,0.00,ACTIVE,NONE,20740,0,P,P,0.00,released,RELEASED
2026-05-21 19:20:08.509,830.0638,,slider,1,0,0.00,-0.00,0.00,ACTIVE,NONE,20750,0,P,P,0.00,released,RELEASED
2026-05-21 19:20:08.909,830.4640,,slider,1,0,0.00,-0.00,0.00,ACTIVE,NONE,20760,0,P,P,0.00,released,RELEASED
2026-05-21 19:20:09.310,830.8648,,slider,1,0,0.00,-0.00,0.00,ACTIVE,NONE,20770,0,P,P,0.00,released,RELEASED
2026-05-21 19:20:09.711,831.2654,,slider,1,0,0.00,-0.00,0.00,ACTIVE,NONE,20780,0,P,P,0.00,released,RELEASED
2026-05-21 19:20:10.109,831.6643,,slider,1,0,0.00,-0.00,0.00,ACTIVE,NONE,20790,0,P,P,0.00,released,RELEASED
2026-05-21 19:20:10.509,832.0642,,slider,1,0,0.00,-0.00,0.00,ACTIVE,NONE,20800,0,P,P,0.00,released,RELEASED
2026-05-21 19:20:10.910,832.4648,,slider,1,0,0.00,-0.00,0.00,ACTIVE,NONE,20810,0,P,P,0.00,released,RELEASED
2026-05-21 19:20:11.310,832.8644,,slider,1,0,0.00,-0.00,0.00,ACTIVE,NONE,20820,0,P,P,0.00,released,RELEASED
2026-05-21 19:20:11.710,833.2643,,slider,1,0,0.00,-0.00,0.00,ACTIVE,NONE,20830,0,P,P,0.00,released,RELEASED
2026-05-21 19:20:12.110,833.6651,,slider,1,0,0.00,-0.00,0.00,ACTIVE,NONE,20840,0,P,P,0.00,released,RELEASED
2026-05-21 19:20:12.510,834.0652,,slider,1,0,0.00,-0.00,0.00,ACTIVE,NONE,20850,0,P,P,0.00,released,RELEASED
2026-05-21 19:20:12.911,834.4659,,slider,1,0,0.00,-0.00,0.00,ACTIVE,NONE,20860,0,P,P,0.00,released,RELEASED
2026-05-21 19:20:13.310,834.8649,,slider,1,0,0.00,-0.00,0.00,ACTIVE,NONE,20870,0,P,P,0.00,released,RELEASED
2026-05-21 19:20:13.711,835.2661,,slider,1,0,0.00,-0.00,0.00,ACTIVE,NONE,20880,0,P,P,0.00,released,RELEASED
2026-05-21 19:20:14.111,835.6657,,slider,1,0,0.00,-0.00,0.00,ACTIVE,NONE,20890,0,P,P,0.00,released,RELEASED
2026-05-21 19:20:14.510,836.0649,,slider,1,0,0.00,-0.00,0.00,ACTIVE,NONE,20900,0,P,P,0.00,released,RELEASED
2026-05-21 19:20:14.910,836.4643,,slider,1,0,0.00,-0.00,0.00,ACTIVE,NONE,20910,0,P,P,0.00,released,RELEASED
2026-05-21 19:20:15.309,836.8642,,slider,1,0,0.00,-0.00,0.00,ACTIVE,NONE,20920,0,P,P,0.00,released,RELEASED
2026-05-21 19:20:15.710,837.2651,,slider,1,0,0.00,-0.00,0.00,ACTIVE,NONE,20930,0,P,P,0.00,released,RELEASED
2026-05-21 19:20:16.111,837.6656,,slider,1,0,0.00,-0.00,0.00,ACTIVE,NONE,20940,0,P,P,0.00,released,RELEASED
2026-05-21 19:20:16.511,838.0655,,slider,1,0,0.00,-0.00,0.00,ACTIVE,NONE,20950,0,P,P,0.00,released,RELEASED
2026-05-21 19:20:16.911,838.4654,,slider,1,0,0.00,-0.00,0.00,ACTIVE,NONE,20960,0,P,P,0.00,released,RELEASED
2026-05-21 19:20:17.311,838.8654,,slider,1,0,0.00,-0.00,0.00,ACTIVE,NONE,20970,0,P,P,0.00,released,RELEASED
2026-05-21 19:20:17.710,839.2650,,slider,1,0,0.00,-0.00,0.00,ACTIVE,NONE,20980,0,P,P,0.00,released,RELEASED
2026-05-21 19:20:18.110,839.6651,,slider,1,0,0.00,-0.00,0.00,ACTIVE,NONE,20990,0,P,P,0.00,released,RELEASED
2026-05-21 19:20:18.511,840.0655,,slider,1,0,0.00,-0.00,0.00,ACTIVE,NONE,21000,0,P,P,0.00,released,RELEASED
2026-05-21 19:20:18.911,840.4654,,slider,1,0,0.00,-0.00,0.00,ACTIVE,NONE,21010,0,P,P,0.00,released,RELEASED
2026-05-21 19:20:19.310,840.8646,,slider,1,0,0.00,-0.00,0.00,ACTIVE,NONE,21020,0,P,P,0.00,released,RELEASED
2026-05-21 19:20:19.710,841.2649,,slider,1,0,0.00,-0.00,0.00,ACTIVE,NONE,21030,0,P,P,0.00,released,RELEASED
2026-05-21 19:20:20.111,841.6656,,slider,1,0,0.00,-0.00,0.00,ACTIVE,NONE,21040,0,P,P,0.00,released,RELEASED
2026-05-21 19:20:20.510,842.0647,,slider,1,0,0.00,-0.00,0.00,ACTIVE,NONE,21050,0,P,P,0.00,released,RELEASED
2026-05-21 19:20:20.911,842.4655,,slider,1,0,0.00,-0.00,0.00,ACTIVE,NONE,21060,0,P,P,0.00,released,RELEASED
2026-05-21 19:20:21.311,842.8653,,slider,1,0,0.00,-0.00,0.00,ACTIVE,NONE,21070,0,P,P,0.00,released,RELEASED
2026-05-21 19:20:21.711,843.2655,,slider,1,0,0.00,-0.00,0.00,ACTIVE,NONE,21080,0,P,P,0.00,released,RELEASED
2026-05-21 19:20:22.111,843.6654,,slider,1,0,0.00,-0.00,0.00,ACTIVE,NONE,21090,0,P,P,0.00,released,RELEASED
2026-05-21 19:20:22.511,844.0656,,slider,1,0,0.00,-0.00,0.00,ACTIVE,NONE,21100,0,P,P,0.00,released,RELEASED
2026-05-21 19:20:22.910,844.4650,,slider,1,0,0.00,-0.00,0.00,ACTIVE,NONE,21110,0,P,P,0.00,released,RELEASED
2026-05-21 19:20:23.311,844.8656,,slider,1,0,0.00,-0.00,0.00,ACTIVE,NONE,21120,0,P,P,0.00,released,RELEASED
2026-05-21 19:20:23.712,845.2667,,slider,1,0,0.00,-0.00,0.00,ACTIVE,NONE,21130,0,P,P,0.00,released,RELEASED
2026-05-21 19:20:24.111,845.6653,,slider,1,0,0.00,-0.00,0.00,ACTIVE,NONE,21140,0,P,P,0.00,released,RELEASED
2026-05-21 19:20:24.511,846.0657,,slider,1,0,0.00,-0.00,0.00,ACTIVE,NONE,21150,0,P,P,0.00,released,RELEASED
2026-05-21 19:20:24.911,846.4657,,slider,1,0,0.00,-0.00,0.00,ACTIVE,NONE,21160,0,P,P,0.00,released,RELEASED
2026-05-21 19:20:25.311,846.8654,,slider,1,0,0.00,-0.00,0.00,ACTIVE,NONE,21170,0,P,P,0.00,released,RELEASED
2026-05-21 19:20:25.711,847.2658,,slider,1,0,0.00,-0.00,0.00,ACTIVE,NONE,21180,0,P,P,0.00,released,RELEASED
2026-05-21 19:20:26.110,847.6650,,slider,1,0,0.00,-0.00,0.00,ACTIVE,NONE,21190,0,P,P,0.00,released,RELEASED
2026-05-21 19:20:26.511,848.0656,,slider,1,0,0.00,-0.00,0.00,ACTIVE,NONE,21200,0,P,P,0.00,released,RELEASED
2026-05-21 19:20:26.911,848.4656,,slider,1,0,0.00,-0.00,0.00,ACTIVE,NONE,21210,0,P,P,0.00,released,RELEASED
2026-05-21 19:20:27.311,848.8654,,slider,1,0,0.00,-0.00,0.00,ACTIVE,NONE,21220,0,P,P,0.00,released,RELEASED
2026-05-21 19:20:27.711,849.2659,,slider,1,0,0.00,-0.00,0.00,ACTIVE,NONE,21230,0,P,P,0.00,released,RELEASED
2026-05-21 19:20:28.111,849.6655,,slider,1,0,0.00,-0.00,0.00,ACTIVE,NONE,21240,0,P,P,0.00,released,RELEASED
2026-05-21 19:20:28.511,850.0654,,slider,1,0,0.00,-0.00,0.00,ACTIVE,NONE,21250,0,P,P,0.00,released,RELEASED
2026-05-21 19:20:28.911,850.4656,,slider,1,0,0.00,-0.00,0.00,ACTIVE,NONE,21260,0,P,P,0.00,released,RELEASED
2026-05-21 19:20:29.311,850.8656,,slider,1,0,0.00,-0.00,0.00,ACTIVE,NONE,21270,0,P,P,0.00,released,RELEASED
2026-05-21 19:20:29.711,851.2656,,slider,1,0,0.00,-0.00,0.00,ACTIVE,NONE,21280,0,P,P,0.00,released,RELEASED
2026-05-21 19:20:30.111,851.6658,,slider,1,0,0.00,-0.00,0.00,ACTIVE,NONE,21290,0,P,P,0.00,released,RELEASED
2026-05-21 19:20:30.511,852.0655,,slider,1,0,0.00,-0.00,0.00,ACTIVE,NONE,21300,0,P,P,0.00,released,RELEASED
2026-05-21 19:20:30.911,852.4660,,slider,1,0,0.00,-0.00,0.00,ACTIVE,NONE,21310,0,P,P,0.00,released,RELEASED
2026-05-21 19:20:31.311,852.8658,,slider,1,0,0.00,-0.00,0.00,ACTIVE,NONE,21320,0,P,P,0.00,released,RELEASED
2026-05-21 19:20:31.711,853.2660,,slider,1,0,0.00,-0.00,0.00,ACTIVE,NONE,21330,0,P,P,0.00,released,RELEASED
2026-05-21 19:20:32.111,853.6660,,slider,1,0,0.00,-0.00,0.00,ACTIVE,NONE,21340,0,P,P,0.00,released,RELEASED
2026-05-21 19:20:32.511,854.0661,,slider,1,0,0.00,-0.00,0.00,ACTIVE,NONE,21350,0,P,P,0.00,released,RELEASED
2026-05-21 19:20:32.911,854.4660,,slider,1,0,0.00,-0.00,0.00,ACTIVE,NONE,21360,0,P,P,0.00,released,RELEASED
2026-05-21 19:20:33.311,854.8662,,slider,1,0,0.00,-0.00,0.00,ACTIVE,NONE,21370,0,P,P,0.00,released,RELEASED
2026-05-21 19:20:33.712,855.2664,,slider,1,0,0.00,-0.00,0.00,ACTIVE,NONE,21380,0,P,P,0.00,released,RELEASED
2026-05-21 19:20:34.111,855.6660,,slider,1,0,0.00,-0.00,0.00,ACTIVE,NONE,21390,0,P,P,0.00,released,RELEASED
2026-05-21 19:20:34.512,856.0665,,slider,1,0,0.00,-0.00,0.00,ACTIVE,NONE,21400,0,P,P,0.00,released,RELEASED
2026-05-21 19:20:34.911,856.4661,,slider,1,0,0.00,-0.00,0.00,ACTIVE,NONE,21410,0,P,P,0.00,released,RELEASED
2026-05-21 19:20:35.312,856.8665,,slider,1,0,0.00,-0.00,0.00,ACTIVE,NONE,21420,0,P,P,0.00,released,RELEASED
2026-05-21 19:20:35.712,857.2665,,slider,1,0,0.00,-0.00,0.00,ACTIVE,NONE,21430,0,P,P,0.00,released,RELEASED
2026-05-21 19:20:36.111,857.6662,,slider,1,0,0.00,-0.00,0.00,ACTIVE,NONE,21440,0,P,P,0.00,released,RELEASED
2026-05-21 19:20:36.512,858.0664,,slider,1,0,0.00,-0.00,0.00,ACTIVE,NONE,21450,0,P,P,0.00,released,RELEASED
2026-05-21 19:20:36.912,858.4665,,slider,1,0,0.00,-0.00,0.00,ACTIVE,NONE,21460,0,P,P,0.00,released,RELEASED
2026-05-21 19:20:37.312,858.8666,,slider,1,0,0.00,-0.00,0.00,ACTIVE,NONE,21470,0,P,P,0.00,released,RELEASED
2026-05-21 19:20:37.712,859.2668,,slider,1,0,0.00,-0.00,0.00,ACTIVE,NONE,21480,0,P,P,0.00,released,RELEASED
2026-05-21 19:20:38.112,859.6670,,slider,1,0,0.00,-0.00,0.00,ACTIVE,NONE,21490,0,P,P,0.00,released,RELEASED
2026-05-21 19:20:38.512,860.0672,,slider,1,0,0.00,-0.00,0.00,ACTIVE,NONE,21500,0,P,P,0.00,released,RELEASED
2026-05-21 19:20:38.912,860.4671,,slider,1,0,0.00,-0.00,0.00,ACTIVE,NONE,21510,0,P,P,0.00,released,RELEASED
2026-05-21 19:20:39.313,860.8676,,slider,1,0,0.00,-0.00,0.00,ACTIVE,NONE,21520,0,P,P,0.00,released,RELEASED
2026-05-21 19:20:39.712,861.2670,,slider,1,0,0.00,-0.00,0.00,ACTIVE,NONE,21530,0,P,P,0.00,released,RELEASED
2026-05-21 19:20:40.113,861.6675,,slider,1,0,0.00,-0.00,0.00,ACTIVE,NONE,21540,0,P,P,0.00,released,RELEASED
2026-05-21 19:20:40.512,862.0668,,slider,1,0,0.00,-0.00,0.00,ACTIVE,NONE,21550,0,P,P,0.00,released,RELEASED
2026-05-21 19:20:40.912,862.4671,,slider,1,0,0.00,-0.00,0.00,ACTIVE,NONE,21560,0,P,P,0.00,released,RELEASED
2026-05-21 19:20:41.312,862.8670,,slider,1,0,0.00,-0.00,0.00,ACTIVE,NONE,21570,0,P,P,0.00,released,RELEASED
2026-05-21 19:20:41.712,863.2671,,slider,1,0,0.00,-0.00,0.00,ACTIVE,NONE,21580,0,P,P,0.00,released,RELEASED
2026-05-21 19:20:42.113,863.6681,,slider,1,0,0.00,-0.00,0.00,ACTIVE,NONE,21590,0,P,P,0.00,released,RELEASED
2026-05-21 19:20:42.513,864.0680,,slider,1,0,0.00,-0.00,0.00,ACTIVE,NONE,21600,0,P,P,0.00,released,RELEASED
2026-05-21 19:20:42.913,864.4679,,slider,1,0,0.00,-0.00,0.00,ACTIVE,NONE,21610,0,P,P,0.00,released,RELEASED
2026-05-21 19:20:43.313,864.8681,,slider,1,0,0.00,-0.00,0.00,ACTIVE,NONE,21620,0,P,P,0.00,released,RELEASED
2026-05-21 19:20:43.713,865.2681,,slider,1,0,0.00,-0.00,0.00,ACTIVE,NONE,21630,0,P,P,0.00,released,RELEASED
2026-05-21 19:20:44.113,865.6678,,slider,1,0,0.00,-0.00,0.00,ACTIVE,NONE,21640,0,P,P,0.00,released,RELEASED
2026-05-21 19:20:44.513,866.0676,,slider,1,0,0.00,-0.00,0.00,ACTIVE,NONE,21650,0,P,P,0.00,released,RELEASED
2026-05-21 19:20:44.913,866.4681,,slider,1,0,0.00,-0.00,0.00,ACTIVE,NONE,21660,0,P,P,0.00,released,RELEASED
2026-05-21 19:20:45.313,866.8682,,slider,1,0,0.00,-0.00,0.00,ACTIVE,NONE,21670,0,P,P,0.00,released,RELEASED
2026-05-21 19:20:45.715,867.2694,,slider,1,0,0.00,-0.00,0.00,ACTIVE,NONE,21680,0,P,P,0.00,released,RELEASED
2026-05-21 19:20:46.113,867.6679,,slider,1,0,0.00,-0.00,0.00,ACTIVE,NONE,21690,0,P,P,0.00,released,RELEASED
2026-05-21 19:20:46.514,868.0683,,slider,1,0,0.00,-0.00,0.00,ACTIVE,NONE,21700,0,P,P,0.00,released,RELEASED
2026-05-21 19:20:46.913,868.4681,,slider,1,0,0.00,-0.00,0.00,ACTIVE,NONE,21710,0,P,P,0.00,released,RELEASED
2026-05-21 19:20:47.314,868.8686,,slider,1,0,0.00,-0.00,0.00,ACTIVE,NONE,21720,0,P,P,0.00,released,RELEASED
2026-05-21 19:20:47.714,869.2685,,slider,1,0,0.00,-0.00,0.00,ACTIVE,NONE,21730,0,P,P,0.00,released,RELEASED
2026-05-21 19:20:48.114,869.6684,,slider,1,0,0.00,-0.00,0.00,ACTIVE,NONE,21740,0,P,P,0.00,released,RELEASED
2026-05-21 19:20:48.514,870.0691,,slider,1,0,0.00,-0.00,0.00,ACTIVE,NONE,21750,0,P,P,0.00,released,RELEASED
2026-05-21 19:20:48.914,870.4686,,slider,1,0,0.00,-0.00,0.00,ACTIVE,NONE,21760,0,P,P,0.00,released,RELEASED
2026-05-21 19:20:49.315,870.8694,,slider,1,0,0.00,-0.00,0.00,ACTIVE,NONE,21770,0,P,P,0.00,released,RELEASED
2026-05-21 19:20:49.714,871.2690,,slider,1,0,0.00,-0.00,0.00,ACTIVE,NONE,21780,0,P,P,0.00,released,RELEASED
2026-05-21 19:20:50.114,871.6686,,slider,1,0,0.00,-0.00,0.00,ACTIVE,NONE,21790,0,P,P,0.00,released,RELEASED
2026-05-21 19:20:50.514,872.0686,,slider,1,0,0.00,-0.00,0.00,ACTIVE,NONE,21800,0,P,P,0.00,released,RELEASED
2026-05-21 19:20:50.915,872.4696,,slider,1,0,0.00,-0.00,0.00,ACTIVE,NONE,21810,0,P,P,0.00,released,RELEASED
2026-05-21 19:20:51.314,872.8688,,slider,1,0,0.00,-0.00,0.00,ACTIVE,NONE,21820,0,P,P,0.00,released,RELEASED
2026-05-21 19:20:51.714,873.2689,,slider,1,0,0.00,-0.00,0.00,ACTIVE,NONE,21830,0,P,P,0.00,released,RELEASED
2026-05-21 19:20:52.114,873.6689,,slider,1,0,0.00,-0.00,0.00,ACTIVE,NONE,21840,0,P,P,0.00,released,RELEASED
2026-05-21 19:20:52.514,874.0691,,slider,1,0,0.00,-0.00,0.00,ACTIVE,NONE,21850,0,P,P,0.00,released,RELEASED
2026-05-21 19:20:52.914,874.4691,,slider,1,0,0.00,-0.00,0.00,ACTIVE,NONE,21860,0,P,P,0.00,released,RELEASED
2026-05-21 19:20:53.315,874.8696,,slider,1,0,0.00,-0.00,0.00,ACTIVE,NONE,21870,0,P,P,0.00,released,RELEASED
2026-05-21 19:20:53.715,875.2697,,slider,1,0,0.00,-0.00,0.00,ACTIVE,NONE,21880,0,P,P,0.00,released,RELEASED
2026-05-21 19:20:54.115,875.6693,,slider,1,0,0.00,-0.00,0.00,ACTIVE,NONE,21890,0,P,P,0.00,released,RELEASED
2026-05-21 19:20:54.499,876.0541,,slider,1,0,0.00,-0.00,0.00,ACTIVE,NONE,21900,0,P,P,0.00,released,RELEASED
2026-05-21 19:20:54.901,876.4555,,slider,1,0,0.00,-0.00,0.00,ACTIVE,NONE,21910,0,P,P,0.00,released,RELEASED
2026-05-21 19:20:55.301,876.8555,,slider,1,0,0.00,-0.00,0.00,ACTIVE,NONE,21920,0,P,P,0.00,released,RELEASED
2026-05-21 19:20:55.701,877.2553,,slider,1,0,0.00,-0.00,0.00,ACTIVE,NONE,21930,0,P,P,0.00,released,RELEASED
2026-05-21 19:20:56.115,877.6695,,slider,1,0,0.00,-0.00,0.00,ACTIVE,NONE,21940,0,P,P,0.00,released,RELEASED
2026-05-21 19:20:56.500,878.0552,,slider,1,0,0.00,-0.00,0.00,ACTIVE,NONE,21950,0,P,P,0.00,released,RELEASED
2026-05-21 19:20:56.901,878.4556,,slider,1,0,0.00,-0.00,0.00,ACTIVE,NONE,21960,0,P,P,0.00,released,RELEASED
2026-05-21 19:20:57.301,878.8553,,slider,1,0,0.00,-0.00,0.00,ACTIVE,NONE,21970,0,P,P,0.00,released,RELEASED
2026-05-21 19:20:57.700,879.2551,,slider,1,0,0.00,-0.00,0.00,ACTIVE,NONE,21980,0,P,P,0.00,released,RELEASED
2026-05-21 19:20:58.101,879.6557,,slider,1,0,0.00,-0.00,0.00,ACTIVE,NONE,21990,0,P,P,0.00,released,RELEASED
2026-05-21 19:20:58.501,880.0554,,slider,1,0,0.00,-0.00,0.00,ACTIVE,NONE,22000,0,P,P,0.00,released,RELEASED
2026-05-21 19:20:58.901,880.4553,,slider,1,0,0.00,-0.00,0.00,ACTIVE,NONE,22010,0,P,P,0.00,released,RELEASED
2026-05-21 19:20:59.301,880.8556,,slider,1,0,0.00,-0.00,0.00,ACTIVE,NONE,22020,0,P,P,0.00,released,RELEASED
2026-05-21 19:20:59.701,881.2554,,slider,1,0,0.00,-0.00,0.00,ACTIVE,NONE,22030,0,P,P,0.00,released,RELEASED
2026-05-21 19:21:00.100,881.6552,,slider,1,0,0.00,-0.00,0.00,ACTIVE,NONE,22040,0,P,P,0.00,released,RELEASED
2026-05-21 19:21:00.501,882.0556,,slider,1,0,0.00,-0.00,0.00,ACTIVE,NONE,22050,0,P,P,0.00,released,RELEASED
2026-05-21 19:21:00.901,882.4558,,slider,1,0,0.00,-0.00,0.00,ACTIVE,NONE,22060,0,P,P,0.00,released,RELEASED
2026-05-21 19:21:01.301,882.8556,,slider,1,0,0.00,-0.00,0.00,ACTIVE,NONE,22070,0,P,P,0.00,released,RELEASED
2026-05-21 19:21:01.701,883.2556,,slider,1,0,0.00,-0.00,0.00,ACTIVE,NONE,22080,0,P,P,0.00,released,RELEASED
2026-05-21 19:21:02.101,883.6558,,slider,1,0,0.00,-0.00,0.00,ACTIVE,NONE,22090,0,P,P,0.00,released,RELEASED
2026-05-21 19:21:02.501,884.0557,,slider,1,0,0.00,-0.00,0.00,ACTIVE,NONE,22100,0,P,P,0.00,released,RELEASED
2026-05-21 19:21:02.901,884.4557,,slider,1,0,0.00,-0.00,0.00,ACTIVE,NONE,22110,0,P,P,0.00,released,RELEASED
2026-05-21 19:21:03.301,884.8559,,slider,1,0,0.00,-0.00,0.00,ACTIVE,NONE,22120,0,P,P,0.00,released,RELEASED
2026-05-21 19:21:03.701,885.2561,,slider,1,0,0.00,-0.00,0.00,ACTIVE,NONE,22130,0,P,P,0.00,released,RELEASED
2026-05-21 19:21:04.101,885.6561,,slider,1,0,0.00,-0.00,0.00,ACTIVE,NONE,22140,0,P,P,0.00,released,RELEASED
2026-05-21 19:21:04.501,886.0561,,slider,1,0,0.00,-0.00,0.00,ACTIVE,NONE,22150,0,P,P,0.00,released,RELEASED
2026-05-21 19:21:04.901,886.4558,,slider,1,0,0.00,-0.00,0.00,ACTIVE,NONE,22160,0,P,P,0.00,released,RELEASED
2026-05-21 19:21:05.301,886.8555,,slider,1,0,0.00,-0.00,0.00,ACTIVE,NONE,22170,0,P,P,0.00,released,RELEASED
2026-05-21 19:21:05.701,887.2557,,slider,1,0,0.00,-0.00,0.00,ACTIVE,NONE,22180,0,P,P,0.00,released,RELEASED
2026-05-21 19:21:06.101,887.6560,,slider,1,0,0.00,-0.00,0.00,ACTIVE,NONE,22190,0,P,P,0.00,released,RELEASED
2026-05-21 19:21:06.501,888.0555,,slider,1,0,0.00,-0.00,0.00,ACTIVE,NONE,22200,0,P,P,0.00,released,RELEASED
2026-05-21 19:21:06.901,888.4556,,slider,1,0,0.00,-0.00,0.00,ACTIVE,NONE,22210,0,P,P,0.00,released,RELEASED
2026-05-21 19:21:07.301,888.8556,,slider,1,0,0.00,-0.00,0.00,ACTIVE,NONE,22220,0,P,P,0.00,released,RELEASED
2026-05-21 19:21:07.701,889.2556,,slider,1,0,0.00,-0.00,0.00,ACTIVE,NONE,22230,0,P,P,0.00,released,RELEASED
2026-05-21 19:21:08.101,889.6558,,slider,1,0,0.00,-0.00,0.00,ACTIVE,NONE,22240,0,P,P,0.00,released,RELEASED
2026-05-21 19:21:08.501,890.0555,,slider,1,0,0.00,-0.00,0.00,ACTIVE,NONE,22250,0,P,P,0.00,released,RELEASED
2026-05-21 19:21:08.901,890.4556,,slider,1,0,0.00,-0.00,0.00,ACTIVE,NONE,22260,0,P,P,0.00,released,RELEASED
2026-05-21 19:21:09.301,890.8556,,slider,1,0,0.00,-0.00,0.00,ACTIVE,NONE,22270,0,P,P,0.00,released,RELEASED
2026-05-21 19:21:09.701,891.2556,,slider,1,0,0.00,-0.00,0.00,ACTIVE,NONE,22280,0,P,P,0.00,released,RELEASED
2026-05-21 19:21:10.101,891.6557,,slider,1,0,0.00,-0.00,0.00,ACTIVE,NONE,22290,0,P,P,0.00,released,RELEASED
2026-05-21 19:21:10.501,892.0559,,slider,1,0,0.00,-0.00,0.00,ACTIVE,NONE,22300,0,P,P,0.00,released,RELEASED
2026-05-21 19:21:10.900,892.4548,,slider,1,0,0.00,-0.00,0.00,ACTIVE,NONE,22310,0,P,P,0.00,released,RELEASED
2026-05-21 19:21:11.301,892.8562,,slider,1,0,0.00,-0.00,0.00,ACTIVE,NONE,22320,0,P,P,0.00,released,RELEASED
2026-05-21 19:21:11.700,893.2547,,slider,1,0,0.00,-0.00,0.00,ACTIVE,NONE,22330,0,P,P,0.00,released,RELEASED
2026-05-21 19:21:12.101,893.6560,,slider,1,0,0.00,-0.00,0.00,ACTIVE,NONE,22340,0,P,P,0.00,released,RELEASED
2026-05-21 19:21:12.501,894.0562,,slider,1,0,0.00,-0.00,0.00,ACTIVE,NONE,22350,0,P,P,0.00,released,RELEASED
2026-05-21 19:21:12.902,894.4565,,slider,1,0,0.00,-0.00,0.00,ACTIVE,NONE,22360,0,P,P,0.00,released,RELEASED
2026-05-21 19:21:13.302,894.8563,,slider,1,0,0.00,-0.00,0.00,ACTIVE,NONE,22370,0,P,P,0.00,released,RELEASED
2026-05-21 19:21:13.701,895.2563,,slider,1,0,0.00,-0.00,0.00,ACTIVE,NONE,22380,0,P,P,0.00,released,RELEASED
2026-05-21 19:21:14.102,895.6564,,slider,1,0,0.00,-0.00,0.00,ACTIVE,NONE,22390,0,P,P,0.00,released,RELEASED
2026-05-21 19:21:14.500,896.0544,,slider,1,0,0.00,-0.00,0.00,ACTIVE,NONE,22400,0,P,P,0.00,released,RELEASED
2026-05-21 19:21:14.900,896.4546,,slider,1,0,0.00,-0.00,0.00,ACTIVE,NONE,22410,0,P,P,0.00,released,RELEASED
2026-05-21 19:21:15.300,896.8545,,slider,1,0,0.00,-0.00,0.00,ACTIVE,NONE,22420,0,P,P,0.00,released,RELEASED
2026-05-21 19:21:15.702,897.2566,,slider,1,0,0.00,-0.00,0.00,ACTIVE,NONE,22430,0,P,P,0.00,released,RELEASED
2026-05-21 19:21:16.102,897.6566,,slider,1,0,0.00,-0.00,0.00,ACTIVE,NONE,22440,0,P,P,0.00,released,RELEASED
2026-05-21 19:21:16.502,898.0568,,slider,1,0,0.00,-0.00,0.00,ACTIVE,NONE,22450,0,P,P,0.00,released,RELEASED
2026-05-21 19:21:16.900,898.4549,,slider,1,0,0.00,-0.00,0.00,ACTIVE,NONE,22460,0,P,P,0.00,released,RELEASED
2026-05-21 19:21:17.303,898.8580,,slider,1,0,0.00,-0.00,0.00,ACTIVE,NONE,22470,0,P,P,0.00,released,RELEASED
2026-05-21 19:21:17.700,899.2552,,slider,1,0,0.00,-0.00,0.00,ACTIVE,NONE,22480,0,P,P,0.00,released,RELEASED
2026-05-21 19:21:18.100,899.6544,,slider,1,0,0.00,-0.00,0.00,ACTIVE,NONE,22490,0,P,P,0.00,released,RELEASED
2026-05-21 19:21:18.501,900.0556,,slider,1,0,0.00,-0.00,0.00,ACTIVE,NONE,22500,0,P,P,0.00,released,RELEASED
2026-05-21 19:21:18.901,900.4556,,slider,1,0,0.00,-0.00,0.00,ACTIVE,NONE,22510,0,P,P,0.00,released,RELEASED
2026-05-21 19:21:19.301,900.8563,,slider,1,0,0.00,-0.00,0.00,ACTIVE,NONE,22520,0,P,P,0.00,released,RELEASED
2026-05-21 19:21:19.700,901.2547,,slider,1,0,0.00,-0.00,0.00,ACTIVE,NONE,22530,0,P,P,0.00,released,RELEASED
2026-05-21 19:21:20.101,901.6555,,slider,1,0,0.00,-0.00,0.00,ACTIVE,NONE,22540,0,P,P,0.00,released,RELEASED
2026-05-21 19:21:20.500,902.0545,,slider,1,0,0.00,-0.00,0.00,ACTIVE,NONE,22550,0,P,P,0.00,released,RELEASED
2026-05-21 19:21:20.900,902.4544,,slider,1,0,0.00,-0.00,0.00,ACTIVE,NONE,22560,0,P,P,0.00,released,RELEASED
2026-05-21 19:21:21.301,902.8556,,slider,1,0,0.00,-0.00,0.00,ACTIVE,NONE,22570,0,P,P,0.00,released,RELEASED
2026-05-21 19:21:21.702,903.2566,,slider,1,0,0.00,-0.00,0.00,ACTIVE,NONE,22580,0,P,P,0.00,released,RELEASED
2026-05-21 19:21:22.101,903.6562,,slider,1,0,0.00,-0.00,0.00,ACTIVE,NONE,22590,0,P,P,0.00,released,RELEASED
2026-05-21 19:21:22.500,904.0547,,slider,1,0,0.00,-0.00,0.00,ACTIVE,NONE,22600,0,P,P,0.00,released,RELEASED
2026-05-21 19:21:22.900,904.4552,,slider,1,0,0.00,-0.00,0.00,ACTIVE,NONE,22610,0,P,P,0.00,released,RELEASED
2026-05-21 19:21:23.300,904.8547,,slider,1,0,0.00,-0.00,0.00,ACTIVE,NONE,22620,0,P,P,0.00,released,RELEASED
2026-05-21 19:21:23.702,905.2565,,slider,1,0,0.00,-0.00,0.00,ACTIVE,NONE,22630,0,P,P,0.00,released,RELEASED
2026-05-21 19:21:24.100,905.6547,,slider,1,0,0.00,-0.00,0.00,ACTIVE,NONE,22640,0,P,P,0.00,released,RELEASED
2026-05-21 19:21:24.502,906.0564,,slider,1,0,0.00,-0.00,0.00,ACTIVE,NONE,22650,0,P,P,0.00,released,RELEASED
2026-05-21 19:21:24.901,906.4553,,slider,1,0,0.00,-0.00,0.00,ACTIVE,NONE,22660,0,P,P,0.00,released,RELEASED
2026-05-21 19:21:25.302,906.8567,,slider,1,0,0.00,-0.00,0.00,ACTIVE,NONE,22670,0,P,P,0.00,released,RELEASED
2026-05-21 19:21:25.702,907.2571,,slider,1,0,0.00,-0.00,0.00,ACTIVE,NONE,22680,0,P,P,0.00,released,RELEASED
2026-05-21 19:21:26.101,907.6563,,slider,1,0,0.00,-0.00,0.00,ACTIVE,NONE,22690,0,P,P,0.00,released,RELEASED
2026-05-21 19:21:26.502,908.0567,,slider,1,0,0.00,-0.00,0.00,ACTIVE,NONE,22700,0,P,P,0.00,released,RELEASED
2026-05-21 19:21:26.902,908.4568,,slider,1,0,0.00,-0.00,0.00,ACTIVE,NONE,22710,0,P,P,0.00,released,RELEASED
2026-05-21 19:21:27.301,908.8556,,slider,1,0,0.00,-0.00,0.00,ACTIVE,NONE,22720,0,P,P,0.00,released,RELEASED
2026-05-21 19:21:27.702,909.2563,,slider,1,0,0.00,-0.00,0.00,ACTIVE,NONE,22730,0,P,P,0.00,released,RELEASED
2026-05-21 19:21:28.100,909.6552,,slider,1,0,0.00,-0.00,0.00,ACTIVE,NONE,22740,0,P,P,0.00,released,RELEASED
2026-05-21 19:21:28.501,910.0562,,slider,1,0,0.00,-0.00,0.00,ACTIVE,NONE,22750,0,P,P,0.00,released,RELEASED
2026-05-21 19:21:28.900,910.4551,,slider,1,0,0.00,-0.00,0.00,ACTIVE,NONE,22760,0,P,P,0.00,released,RELEASED
2026-05-21 19:21:29.302,910.8567,,slider,1,0,0.00,-0.00,0.00,ACTIVE,NONE,22770,0,P,P,0.00,released,RELEASED
2026-05-21 19:21:29.702,911.2566,,slider,1,0,0.00,-0.00,0.00,ACTIVE,NONE,22780,0,P,P,0.00,released,RELEASED
2026-05-21 19:21:30.102,911.6571,,slider,1,0,0.00,-0.00,0.00,ACTIVE,NONE,22790,0,P,P,0.00,released,RELEASED
2026-05-21 19:21:30.502,912.0563,,slider,1,0,0.00,-0.00,0.00,ACTIVE,NONE,22800,0,P,P,0.00,released,RELEASED
2026-05-21 19:21:30.902,912.4569,,slider,1,0,0.00,-0.00,0.00,ACTIVE,NONE,22810,0,P,P,0.00,released,RELEASED
2026-05-21 19:21:31.301,912.8562,,slider,1,0,0.00,-0.00,0.00,ACTIVE,NONE,22820,0,P,P,0.00,released,RELEASED
2026-05-21 19:21:31.703,913.2576,,slider,1,0,0.00,-0.00,0.00,ACTIVE,NONE,22830,0,P,P,0.00,released,RELEASED
2026-05-21 19:21:32.101,913.6562,,slider,1,0,0.00,-0.00,0.00,ACTIVE,NONE,22840,0,P,P,0.00,released,RELEASED
2026-05-21 19:21:32.502,914.0568,,slider,1,0,0.00,-0.00,0.00,ACTIVE,NONE,22850,0,P,P,0.00,released,RELEASED
2026-05-21 19:21:32.903,914.4575,,slider,1,0,0.00,-0.00,0.00,ACTIVE,NONE,22860,0,P,P,0.00,released,RELEASED
2026-05-21 19:21:33.302,914.8564,,slider,1,0,0.00,-0.00,0.00,ACTIVE,NONE,22870,0,P,P,0.00,released,RELEASED
2026-05-21 19:21:33.701,915.2560,,slider,1,0,0.00,-0.00,0.00,ACTIVE,NONE,22880,0,P,P,0.00,released,RELEASED
2026-05-21 19:21:34.102,915.6565,,slider,1,0,0.00,-0.00,0.00,ACTIVE,NONE,22890,0,P,P,0.00,released,RELEASED
2026-05-21 19:21:34.501,916.0562,,slider,1,0,0.00,-0.00,0.00,ACTIVE,NONE,22900,0,P,P,0.00,released,RELEASED
2026-05-21 19:21:34.904,916.4591,,slider,1,0,0.00,-0.00,0.00,ACTIVE,NONE,22910,0,P,P,0.00,released,RELEASED
2026-05-21 19:21:35.305,916.8593,,slider,1,0,0.00,-0.00,0.00,ACTIVE,NONE,22920,0,P,P,0.00,released,RELEASED
2026-05-21 19:21:35.704,917.2592,,slider,1,0,0.00,-0.00,0.00,ACTIVE,NONE,22930,0,P,P,0.00,released,RELEASED
2026-05-21 19:21:36.265,917.8192,estop:no 0x370 for 519 ms,slider,0,1,0.00,-0.00,0.00,ACTIVE,NONE,22931,0,P,P,0.00,released,RELEASED
