wall_time,monotonic,event,mode,engaged,estop,target_deg,commanded_deg,measured_deg,eac_status,eac_error,rx_count_0x370,bus_errors,gear,gear_request,di_vehicle_speed_mph,brake_pedal,brake_state
2026-05-21 21:57:04.850,0.2250,eac_transition:AVAILABLE,slider,0,0,0.00,0.00,-14.30,AVAILABLE,OUT_OF_RANGE,3,0,P,P,0.00,released,RELEASED
2026-05-21 21:57:05.131,0.5061,,slider,0,0,0.00,0.00,-14.30,AVAILABLE,OUT_OF_RANGE,10,0,P,P,0.00,released,RELEASED
2026-05-21 21:57:05.532,0.9063,,slider,0,0,0.00,0.00,-14.30,AVAILABLE,OUT_OF_RANGE,20,0,P,P,0.00,released,RELEASED
2026-05-21 21:57:05.932,1.3063,,slider,0,0,0.00,0.00,-14.30,AVAILABLE,OUT_OF_RANGE,30,0,P,P,0.00,released,RELEASED
2026-05-21 21:57:06.332,1.7068,,slider,0,0,0.00,0.00,-14.30,AVAILABLE,OUT_OF_RANGE,40,0,P,P,0.00,released,RELEASED
2026-05-21 21:57:06.732,2.1066,,slider,0,0,0.00,0.00,-14.30,AVAILABLE,OUT_OF_RANGE,50,0,P,P,0.00,released,RELEASED
2026-05-21 21:57:07.115,2.4895,engage,slider,1,0,-14.30,-14.30,-14.30,AVAILABLE,OUT_OF_RANGE,59,0,P,P,0.00,released,RELEASED
2026-05-21 21:57:07.132,2.5067,,slider,1,0,0.00,-14.30,-14.30,AVAILABLE,OUT_OF_RANGE,60,0,P,P,0.00,released,RELEASED
2026-05-21 21:57:07.198,2.5728,eac_transition:ACTIVE,slider,1,0,0.00,-8.67,-14.00,ACTIVE,NONE,62,0,P,P,0.00,released,RELEASED
2026-05-21 21:57:07.524,2.8984,,slider,1,0,0.00,-0.80,-5.60,ACTIVE,NONE,70,0,P,P,0.00,released,RELEASED
2026-05-21 21:57:07.924,3.2983,,slider,1,0,0.00,-0.04,-1.00,ACTIVE,NONE,80,0,P,P,0.00,released,RELEASED
2026-05-21 21:57:08.324,3.6986,,slider,1,0,0.00,-0.00,-0.30,ACTIVE,NONE,90,0,P,P,0.00,released,RELEASED
2026-05-21 21:57:08.724,4.0986,,slider,1,0,0.00,-0.00,0.00,ACTIVE,NONE,100,0,P,P,0.00,released,RELEASED
2026-05-21 21:57:09.125,4.5002,,slider,1,0,0.00,-0.00,0.00,ACTIVE,NONE,110,0,P,P,0.00,released,RELEASED
2026-05-21 21:57:09.526,4.9003,,slider,1,0,0.00,-0.00,0.00,ACTIVE,NONE,120,0,P,P,0.00,released,RELEASED
2026-05-21 21:57:09.926,5.3004,,slider,1,0,0.00,-0.00,0.00,ACTIVE,NONE,130,0,P,P,0.00,released,RELEASED
2026-05-21 21:57:10.325,5.7002,,slider,1,0,0.00,-0.00,0.00,ACTIVE,NONE,140,0,P,P,0.00,released,RELEASED
2026-05-21 21:57:10.725,6.1003,,slider,1,0,0.00,-0.00,0.00,ACTIVE,NONE,150,0,P,P,0.00,released,RELEASED
2026-05-21 21:57:11.126,6.5006,,slider,1,0,0.00,-0.00,0.00,ACTIVE,NONE,160,0,P,P,0.00,released,RELEASED
2026-05-21 21:57:11.526,6.9004,,slider,1,0,0.00,-0.00,0.00,ACTIVE,NONE,170,0,P,P,0.00,released,RELEASED
2026-05-21 21:57:11.926,7.3003,,slider,1,0,0.00,-0.00,0.00,ACTIVE,NONE,180,0,P,P,0.00,released,RELEASED
2026-05-21 21:57:12.325,7.7003,,slider,1,0,0.00,-0.00,0.00,ACTIVE,NONE,190,0,P,P,0.00,released,RELEASED
2026-05-21 21:57:12.726,8.1006,,slider,1,0,0.00,-0.00,0.00,ACTIVE,NONE,200,0,P,P,0.00,released,RELEASED
2026-05-21 21:57:13.126,8.5005,,slider,1,0,0.00,-0.00,0.00,ACTIVE,NONE,210,0,P,P,0.00,released,RELEASED
2026-05-21 21:57:13.526,8.9006,,slider,1,0,0.00,-0.00,0.00,ACTIVE,NONE,220,0,P,P,0.00,released,RELEASED
2026-05-21 21:57:13.926,9.3008,,slider,1,0,0.00,-0.00,0.00,ACTIVE,NONE,230,0,P,P,0.00,released,RELEASED
2026-05-21 21:57:14.326,9.7007,,slider,1,0,0.00,-0.00,0.00,ACTIVE,NONE,240,0,P,P,0.00,released,RELEASED
2026-05-21 21:57:14.726,10.1010,,slider,1,0,0.00,-0.00,0.00,ACTIVE,NONE,250,0,P,P,0.00,released,RELEASED
2026-05-21 21:57:15.126,10.5009,,slider,1,0,0.00,-0.00,0.00,ACTIVE,NONE,260,0,P,P,0.00,released,RELEASED
2026-05-21 21:57:15.526,10.9009,,slider,1,0,0.00,-0.00,0.00,ACTIVE,NONE,270,0,P,P,0.00,released,RELEASED
2026-05-21 21:57:15.926,11.3011,,slider,1,0,0.00,-0.00,0.00,ACTIVE,NONE,280,0,P,P,0.00,released,RELEASED
2026-05-21 21:57:16.326,11.7008,,slider,1,0,0.00,-0.00,0.00,ACTIVE,NONE,290,0,P,P,0.00,released,RELEASED
2026-05-21 21:57:16.726,12.1012,,slider,1,0,0.00,-0.00,0.00,ACTIVE,NONE,300,0,P,P,0.00,released,RELEASED
2026-05-21 21:57:17.126,12.5012,,slider,1,0,0.00,-0.00,0.00,ACTIVE,NONE,310,0,P,P,0.00,released,RELEASED
2026-05-21 21:57:17.526,12.9009,,slider,1,0,0.00,-0.00,0.00,ACTIVE,NONE,320,0,P,P,0.00,released,RELEASED
2026-05-21 21:57:17.926,13.3009,,slider,1,0,0.00,-0.00,0.00,ACTIVE,NONE,330,0,P,P,0.00,released,RELEASED
2026-05-21 21:57:18.326,13.7012,,slider,1,0,0.00,-0.00,0.00,ACTIVE,NONE,340,0,P,P,0.00,released,RELEASED
2026-05-21 21:57:18.727,14.1014,,slider,1,0,0.00,-0.00,0.00,ACTIVE,NONE,350,0,P,P,0.00,released,RELEASED
2026-05-21 21:57:19.127,14.5013,,slider,1,0,0.00,-0.00,0.00,ACTIVE,NONE,360,0,P,P,0.00,released,RELEASED
2026-05-21 21:57:19.526,14.9011,,slider,1,0,0.00,-0.00,0.00,ACTIVE,NONE,370,0,P,P,0.00,released,RELEASED
2026-05-21 21:57:19.926,15.3011,,slider,1,0,0.00,-0.00,0.00,ACTIVE,NONE,380,0,P,P,0.00,released,RELEASED
2026-05-21 21:57:20.326,15.7010,,slider,1,0,0.00,-0.00,0.00,ACTIVE,NONE,390,0,P,P,0.00,released,RELEASED
2026-05-21 21:57:20.727,16.1013,,slider,1,0,0.00,-0.00,0.00,ACTIVE,NONE,400,0,P,P,0.00,released,RELEASED
2026-05-21 21:57:21.126,16.5012,,slider,1,0,0.00,-0.00,0.00,ACTIVE,NONE,410,0,P,P,0.00,released,RELEASED
2026-05-21 21:57:21.526,16.9012,,slider,1,0,0.00,-0.00,0.00,ACTIVE,NONE,420,0,P,P,0.00,released,RELEASED
2026-05-21 21:57:21.927,17.3015,,slider,1,0,0.00,-0.00,0.00,ACTIVE,NONE,430,0,P,P,0.00,released,RELEASED
2026-05-21 21:57:22.326,17.7010,,slider,1,0,0.00,-0.00,0.00,ACTIVE,NONE,440,0,P,P,0.00,released,RELEASED
2026-05-21 21:57:22.727,18.1016,,slider,1,0,0.00,-0.00,0.00,ACTIVE,NONE,450,0,P,P,0.00,released,RELEASED
2026-05-21 21:57:23.127,18.5014,,slider,1,0,0.00,-0.00,0.00,ACTIVE,NONE,460,0,P,P,0.00,released,RELEASED
2026-05-21 21:57:23.527,18.9014,,slider,1,0,0.00,-0.00,0.00,ACTIVE,NONE,470,0,P,P,0.00,released,RELEASED
2026-05-21 21:57:23.927,19.3016,,slider,1,0,0.00,-0.00,0.00,ACTIVE,NONE,480,0,P,P,0.00,released,RELEASED
2026-05-21 21:57:24.327,19.7016,,slider,1,0,0.00,-0.00,0.00,ACTIVE,NONE,490,0,P,P,0.00,released,RELEASED
2026-05-21 21:57:24.727,20.1020,,slider,1,0,0.00,-0.00,0.00,ACTIVE,NONE,500,0,P,P,0.00,released,RELEASED
2026-05-21 21:57:25.127,20.5015,,slider,1,0,0.00,-0.00,0.00,ACTIVE,NONE,510,0,P,P,0.00,released,RELEASED
2026-05-21 21:57:25.527,20.9016,,slider,1,0,0.00,-0.00,0.00,ACTIVE,NONE,520,0,P,P,0.00,released,RELEASED
2026-05-21 21:57:25.927,21.3017,,slider,1,0,0.00,-0.00,0.00,ACTIVE,NONE,530,0,P,P,0.00,released,RELEASED
2026-05-21 21:57:26.327,21.7018,,slider,1,0,0.00,-0.00,0.00,ACTIVE,NONE,540,0,P,P,0.00,released,RELEASED
2026-05-21 21:57:26.727,22.1018,,slider,1,0,0.00,-0.00,0.00,ACTIVE,NONE,550,0,P,P,0.00,released,RELEASED
2026-05-21 21:57:27.127,22.5017,,slider,1,0,0.00,-0.00,0.00,ACTIVE,NONE,560,0,P,P,0.00,released,RELEASED
2026-05-21 21:57:27.527,22.9019,,slider,1,0,0.00,-0.00,0.00,ACTIVE,NONE,570,0,P,P,0.00,released,RELEASED
2026-05-21 21:57:27.927,23.3020,,slider,1,0,0.00,-0.00,0.00,ACTIVE,NONE,580,0,P,P,0.00,released,RELEASED
2026-05-21 21:57:28.327,23.7018,,slider,1,0,0.00,-0.00,0.00,ACTIVE,NONE,590,0,P,P,0.00,released,RELEASED
2026-05-21 21:57:28.727,24.1023,,slider,1,0,0.00,-0.00,0.00,ACTIVE,NONE,600,0,P,P,0.00,released,RELEASED
2026-05-21 21:57:29.127,24.5020,,slider,1,0,0.00,-0.00,0.00,ACTIVE,NONE,610,0,P,P,0.00,released,RELEASED
2026-05-21 21:57:29.527,24.9020,,slider,1,0,0.00,-0.00,0.00,ACTIVE,NONE,620,0,P,P,0.00,released,RELEASED
2026-05-21 21:57:29.927,25.3023,,slider,1,0,0.00,-0.00,0.00,ACTIVE,NONE,630,0,P,P,0.00,released,RELEASED
2026-05-21 21:57:30.327,25.7021,,slider,1,0,0.00,-0.00,0.00,ACTIVE,NONE,640,0,P,P,0.00,released,RELEASED
2026-05-21 21:57:30.727,26.1022,,slider,1,0,0.00,-0.00,0.00,ACTIVE,NONE,650,0,P,P,0.00,released,RELEASED
2026-05-21 21:57:31.127,26.5021,,slider,1,0,0.00,-0.00,0.00,ACTIVE,NONE,660,0,P,P,0.00,released,RELEASED
2026-05-21 21:57:31.527,26.9022,,slider,1,0,0.00,-0.00,0.00,ACTIVE,NONE,670,0,P,P,0.00,released,RELEASED
2026-05-21 21:57:31.928,27.3024,,slider,1,0,0.00,-0.00,0.00,ACTIVE,NONE,680,0,P,P,0.00,released,RELEASED
2026-05-21 21:57:32.327,27.7022,,slider,1,0,0.00,-0.00,0.00,ACTIVE,NONE,690,0,P,P,0.00,released,RELEASED
2026-05-21 21:57:32.714,28.0887,,slider,1,0,0.00,-0.00,0.00,ACTIVE,NONE,700,0,P,P,0.00,released,RELEASED
2026-05-21 21:57:33.114,28.4884,,slider,1,0,0.00,-0.00,0.00,ACTIVE,NONE,710,0,P,P,0.00,released,RELEASED
2026-05-21 21:57:33.513,28.8882,,slider,1,0,0.00,-0.00,0.00,ACTIVE,NONE,720,0,P,P,0.00,released,RELEASED
2026-05-21 21:57:33.914,29.2883,,slider,1,0,0.00,-0.00,0.00,ACTIVE,NONE,730,0,P,P,0.00,released,RELEASED
2026-05-21 21:57:34.314,29.6885,,slider,1,0,0.00,-0.00,0.00,ACTIVE,NONE,740,0,P,P,0.00,released,RELEASED
2026-05-21 21:57:34.714,30.0885,,slider,1,0,0.00,-0.00,0.00,ACTIVE,NONE,750,0,P,P,0.00,released,RELEASED
2026-05-21 21:57:35.114,30.4884,,slider,1,0,0.00,-0.00,0.00,ACTIVE,NONE,760,0,P,P,0.00,released,RELEASED
2026-05-21 21:57:35.514,30.8884,,slider,1,0,0.00,-0.00,0.00,ACTIVE,NONE,770,0,P,P,0.00,released,RELEASED
2026-05-21 21:57:35.914,31.2885,,slider,1,0,0.00,-0.00,0.00,ACTIVE,NONE,780,0,P,P,0.00,released,RELEASED
2026-05-21 21:57:36.314,31.6886,,slider,1,0,0.00,-0.00,0.00,ACTIVE,NONE,790,0,P,P,0.00,released,RELEASED
2026-05-21 21:57:36.714,32.0887,,slider,1,0,0.00,-0.00,0.00,ACTIVE,NONE,800,0,P,P,0.00,released,RELEASED
2026-05-21 21:57:37.114,32.4885,,slider,1,0,0.00,-0.00,0.00,ACTIVE,NONE,810,0,P,P,0.00,released,RELEASED
2026-05-21 21:57:37.514,32.8886,,slider,1,0,23.95,5.36,0.10,ACTIVE,NONE,820,0,P,P,0.00,released,RELEASED
2026-05-21 21:57:37.917,33.2922,,slider,1,0,21.74,35.51,36.40,ACTIVE,NONE,830,0,P,P,0.00,released,RELEASED
2026-05-21 21:57:38.325,33.6994,,slider,1,0,0.00,4.61,15.90,ACTIVE,NONE,840,0,P,P,0.00,released,RELEASED
2026-05-21 21:57:38.730,34.1050,,slider,1,0,0.00,0.23,2.70,ACTIVE,NONE,850,0,P,P,0.00,released,RELEASED
2026-05-21 21:57:39.130,34.5049,,slider,1,0,0.00,0.01,0.30,ACTIVE,NONE,860,0,P,P,0.00,released,RELEASED
2026-05-21 21:57:39.530,34.9052,,slider,1,0,0.00,0.00,0.00,ACTIVE,NONE,870,0,P,P,0.00,released,RELEASED
2026-05-21 21:57:39.930,35.3049,,slider,1,0,0.00,0.00,-0.10,ACTIVE,NONE,880,0,P,P,0.00,released,RELEASED
2026-05-21 21:57:40.330,35.7050,,slider,1,0,0.00,0.00,-0.10,ACTIVE,NONE,890,0,P,P,0.00,released,RELEASED
2026-05-21 21:57:40.731,36.1054,,slider,1,0,0.00,0.00,-0.10,ACTIVE,NONE,900,0,P,P,0.00,released,RELEASED
2026-05-21 21:57:41.130,36.5050,,slider,1,0,0.00,0.00,-0.10,ACTIVE,NONE,910,0,P,P,0.00,released,RELEASED
2026-05-21 21:57:41.530,36.9051,,slider,1,0,0.00,0.00,-0.10,ACTIVE,NONE,920,0,P,P,0.00,released,RELEASED
2026-05-21 21:57:41.930,37.3052,,slider,1,0,0.00,0.00,-0.10,ACTIVE,NONE,930,0,P,P,0.00,released,RELEASED
2026-05-21 21:57:42.330,37.7051,,slider,1,0,0.00,0.00,-0.10,ACTIVE,NONE,940,0,P,P,0.00,released,RELEASED
2026-05-21 21:57:42.731,38.1056,,slider,1,0,0.00,0.00,-0.10,ACTIVE,NONE,950,0,P,P,0.00,released,RELEASED
2026-05-21 21:57:43.130,38.5053,,slider,1,0,0.00,0.00,-0.10,ACTIVE,NONE,960,0,P,P,0.00,released,RELEASED
2026-05-21 21:57:43.530,38.9052,,slider,1,0,0.00,0.00,-0.10,ACTIVE,NONE,970,0,P,P,0.00,released,RELEASED
2026-05-21 21:57:43.931,39.3053,,slider,1,0,0.00,0.00,-0.10,ACTIVE,NONE,980,0,P,P,0.00,released,RELEASED
2026-05-21 21:57:44.331,39.7054,,slider,1,0,0.00,0.00,-0.10,ACTIVE,NONE,990,0,P,P,0.00,released,RELEASED
2026-05-21 21:57:44.731,40.1055,,slider,1,0,0.00,0.00,-0.10,ACTIVE,NONE,1000,0,P,P,0.00,released,RELEASED
2026-05-21 21:57:45.131,40.5054,,slider,1,0,0.00,0.00,-0.10,ACTIVE,NONE,1010,0,P,P,0.00,released,RELEASED
2026-05-21 21:57:45.531,40.9054,,slider,1,0,0.00,0.00,-0.10,ACTIVE,NONE,1020,0,P,P,0.00,released,RELEASED
2026-05-21 21:57:45.931,41.3055,,slider,1,0,0.00,0.00,-0.10,ACTIVE,NONE,1030,0,P,P,0.00,released,RELEASED
2026-05-21 21:57:46.331,41.7056,,slider,1,0,0.00,0.00,0.00,ACTIVE,NONE,1040,0,P,P,0.00,released,RELEASED
2026-05-21 21:57:46.731,42.1059,,slider,1,0,0.00,0.00,0.00,ACTIVE,NONE,1050,0,P,P,0.00,released,RELEASED
2026-05-21 21:57:47.131,42.5057,,slider,1,0,0.00,0.00,0.00,ACTIVE,NONE,1060,0,P,P,0.00,released,RELEASED
2026-05-21 21:57:47.531,42.9058,,slider,1,0,0.00,0.00,0.00,ACTIVE,NONE,1070,0,P,P,0.00,released,RELEASED
2026-05-21 21:57:47.931,43.3056,,slider,1,0,0.00,0.00,0.00,ACTIVE,NONE,1080,0,P,P,0.00,released,RELEASED
2026-05-21 21:57:48.331,43.7056,,slider,1,0,0.00,0.00,0.00,ACTIVE,NONE,1090,0,P,P,0.00,released,RELEASED
2026-05-21 21:57:48.731,44.1060,,slider,1,0,0.00,0.00,0.00,ACTIVE,NONE,1100,0,P,P,0.00,released,RELEASED
2026-05-21 21:57:49.131,44.5057,,slider,1,0,0.00,0.00,0.00,ACTIVE,NONE,1110,0,P,P,0.00,released,RELEASED
2026-05-21 21:57:49.531,44.9057,,slider,1,0,0.00,0.00,0.00,ACTIVE,NONE,1120,0,P,P,0.00,released,RELEASED
2026-05-21 21:57:49.931,45.3058,,slider,1,0,0.00,0.00,0.00,ACTIVE,NONE,1130,0,P,P,0.00,released,RELEASED
2026-05-21 21:57:50.331,45.7059,,slider,1,0,0.00,0.00,0.00,ACTIVE,NONE,1140,0,P,P,0.00,released,RELEASED
2026-05-21 21:57:50.731,46.1060,,slider,1,0,0.00,0.00,0.00,ACTIVE,NONE,1150,0,P,P,0.00,released,RELEASED
2026-05-21 21:57:51.113,46.4882,,slider,1,0,-35.15,-25.89,-13.90,ACTIVE,NONE,1160,0,P,P,0.00,released,RELEASED
2026-05-21 21:57:51.520,46.8945,,slider,1,0,-51.43,-50.16,-45.40,ACTIVE,NONE,1170,0,P,P,0.00,released,RELEASED
2026-05-21 21:57:51.920,47.2944,,slider,1,0,-63.64,-62.19,-56.90,ACTIVE,NONE,1180,0,P,P,0.00,released,RELEASED
2026-05-21 21:57:52.320,47.6945,,slider,1,0,-113.38,-83.34,-72.70,ACTIVE,NONE,1190,0,P,P,0.00,released,RELEASED
2026-05-21 21:57:52.723,48.0976,,slider,1,0,-110.32,-108.91,-103.20,ACTIVE,NONE,1200,0,P,P,0.00,released,RELEASED
2026-05-21 21:57:53.122,48.4968,,slider,1,0,-157.01,-146.32,-137.80,ACTIVE,NONE,1210,0,P,P,0.00,released,RELEASED
2026-05-21 21:57:53.522,48.8971,,slider,1,0,-164.45,-151.85,-149.50,ACTIVE,NONE,1220,0,P,P,0.00,released,RELEASED
2026-05-21 21:57:53.928,49.3027,,slider,1,0,-227.37,-208.30,-185.50,ACTIVE,NONE,1230,0,P,P,0.00,released,RELEASED
2026-05-21 21:57:54.328,49.7027,,slider,1,0,-261.62,-255.98,-244.70,ACTIVE,NONE,1240,0,P,P,0.00,released,RELEASED
2026-05-21 21:57:54.732,50.1065,,slider,1,0,-322.64,-313.57,-290.80,ACTIVE,NONE,1250,0,P,P,0.00,released,RELEASED
2026-05-21 21:57:55.128,50.5027,,slider,1,0,-322.64,-326.28,-329.70,ACTIVE,NONE,1260,0,P,P,0.00,released,RELEASED
2026-05-21 21:57:55.528,50.9025,,slider,1,0,-277.35,-315.79,-328.90,ACTIVE,NONE,1270,0,P,P,0.00,released,RELEASED
2026-05-21 21:57:55.918,51.2926,,slider,1,0,0.00,-246.79,-272.70,ACTIVE,NONE,1280,0,P,P,0.00,released,RELEASED
2026-05-21 21:57:56.322,51.6967,,slider,1,0,12.99,-174.79,-198.30,ACTIVE,NONE,1290,0,P,P,0.00,released,RELEASED
2026-05-21 21:57:56.718,52.0931,,slider,1,0,0.00,-102.79,-125.70,ACTIVE,NONE,1300,0,P,P,0.00,released,RELEASED
2026-05-21 21:57:57.122,52.4971,,slider,1,0,0.00,-30.79,-54.00,ACTIVE,NONE,1310,0,P,P,0.00,released,RELEASED
2026-05-21 21:57:57.523,52.8974,,slider,1,0,0.00,0.00,-3.60,ACTIVE,NONE,1320,0,P,P,0.00,released,RELEASED
2026-05-21 21:57:57.920,53.2947,,slider,1,0,0.00,0.00,-0.20,ACTIVE,NONE,1330,0,P,P,0.00,released,RELEASED
2026-05-21 21:57:58.320,53.6951,,slider,1,0,32.89,12.08,3.90,ACTIVE,NONE,1340,0,P,P,0.00,released,RELEASED
2026-05-21 21:57:58.725,54.0995,,slider,1,0,79.10,54.87,39.90,ACTIVE,NONE,1350,0,P,P,0.00,released,RELEASED
2026-05-21 21:57:59.121,54.4959,,slider,1,0,87.21,84.60,76.00,ACTIVE,NONE,1360,0,P,P,0.00,released,RELEASED
2026-05-21 21:57:59.527,54.9017,,slider,1,0,132.57,118.64,106.50,ACTIVE,NONE,1370,0,P,P,0.00,released,RELEASED
2026-05-21 21:57:59.929,55.3034,,slider,1,0,188.03,160.31,148.40,ACTIVE,NONE,1380,0,P,P,0.00,released,RELEASED
2026-05-21 21:58:00.327,55.7022,,slider,1,0,261.62,231.22,207.50,ACTIVE,NONE,1390,0,P,P,0.00,released,RELEASED
2026-05-21 21:58:00.734,56.1084,,slider,1,0,218.19,265.48,263.30,ACTIVE,NONE,1400,0,P,P,0.00,released,RELEASED
2026-05-21 21:58:01.114,56.4887,,slider,1,0,0.00,196.48,222.60,ACTIVE,NONE,1410,0,P,P,0.00,released,RELEASED
2026-05-21 21:58:01.516,56.8904,,slider,1,0,0.00,124.48,148.30,ACTIVE,NONE,1420,0,P,P,0.00,released,RELEASED
2026-05-21 21:58:01.915,57.2895,,slider,1,0,0.00,52.48,75.00,ACTIVE,NONE,1430,0,P,P,0.00,released,RELEASED
2026-05-21 21:58:02.318,57.6930,,slider,1,0,0.00,0.01,7.50,ACTIVE,NONE,1440,0,P,P,0.00,released,RELEASED
2026-05-21 21:58:02.722,58.0968,,slider,1,0,0.00,0.00,0.20,ACTIVE,NONE,1450,0,P,P,0.00,released,RELEASED
2026-05-21 21:58:03.118,58.4924,,slider,1,0,0.00,0.00,-0.20,ACTIVE,NONE,1460,0,P,P,0.00,released,RELEASED
2026-05-21 21:58:03.518,58.8933,,slider,1,0,0.00,0.00,-0.20,ACTIVE,NONE,1470,0,P,P,0.00,released,RELEASED
2026-05-21 21:58:03.918,59.2933,,slider,1,0,0.00,0.00,-0.20,ACTIVE,NONE,1480,0,P,P,0.00,released,RELEASED
2026-05-21 21:58:04.318,59.6928,,slider,1,0,0.00,0.00,-0.20,ACTIVE,NONE,1490,0,P,P,0.00,released,RELEASED
2026-05-21 21:58:04.718,60.0930,,slider,1,0,0.00,0.00,-0.20,ACTIVE,NONE,1500,0,P,P,0.00,released,RELEASED
2026-05-21 21:58:05.120,60.4949,,slider,1,0,0.00,0.00,-0.20,ACTIVE,NONE,1510,0,P,P,0.00,released,RELEASED
2026-05-21 21:58:05.518,60.8929,,slider,1,0,0.00,0.00,-0.20,ACTIVE,NONE,1520,0,P,P,0.00,released,RELEASED
2026-05-21 21:58:05.919,61.2934,,slider,1,0,0.00,0.00,-0.20,ACTIVE,NONE,1530,0,P,P,0.00,released,RELEASED
2026-05-21 21:58:06.319,61.6935,,slider,1,0,0.00,0.00,-0.20,ACTIVE,NONE,1540,0,P,P,0.00,released,RELEASED
2026-05-21 21:58:06.720,62.0945,,slider,1,0,0.00,0.00,-0.20,ACTIVE,NONE,1550,0,P,P,0.00,released,RELEASED
2026-05-21 21:58:07.118,62.4927,,slider,1,0,0.00,0.00,-0.10,ACTIVE,NONE,1560,0,P,P,0.00,released,RELEASED
2026-05-21 21:58:07.518,62.8933,,slider,1,0,0.00,0.00,-0.10,ACTIVE,NONE,1570,0,P,P,0.00,released,RELEASED
2026-05-21 21:58:07.920,63.2948,,slider,1,0,0.00,0.00,-0.10,ACTIVE,NONE,1580,0,P,P,0.00,released,RELEASED
2026-05-21 21:58:08.319,63.6943,,slider,1,0,0.00,0.00,-0.10,ACTIVE,NONE,1590,0,P,P,0.00,released,RELEASED
2026-05-21 21:58:08.721,64.0957,,slider,1,0,0.00,0.00,0.00,ACTIVE,NONE,1600,0,P,P,0.00,released,RELEASED
2026-05-21 21:58:09.120,64.4946,,slider,1,0,0.00,0.00,0.00,ACTIVE,NONE,1610,0,P,P,0.00,released,RELEASED
2026-05-21 21:58:09.518,64.8932,,slider,1,0,0.00,0.00,0.00,ACTIVE,NONE,1620,0,P,P,0.00,released,RELEASED
2026-05-21 21:58:09.919,65.2941,,slider,1,0,0.00,0.00,0.00,ACTIVE,NONE,1630,0,P,P,0.00,released,RELEASED
2026-05-21 21:58:10.320,65.6944,,slider,1,0,0.00,0.00,0.00,ACTIVE,NONE,1640,0,P,P,0.00,released,RELEASED
2026-05-21 21:58:10.722,66.0965,,slider,1,0,0.00,0.00,0.00,ACTIVE,NONE,1650,0,P,P,0.00,released,RELEASED
2026-05-21 21:58:11.121,66.4956,,slider,1,0,0.00,0.00,0.00,ACTIVE,NONE,1660,0,P,P,0.00,released,RELEASED
2026-05-21 21:58:11.520,66.8948,,slider,1,0,0.00,0.00,0.20,ACTIVE,NONE,1670,0,P,P,0.00,released,RELEASED
2026-05-21 21:58:11.919,67.2942,,slider,1,0,0.00,0.00,0.20,ACTIVE,NONE,1680,0,P,P,0.00,released,RELEASED
2026-05-21 21:58:12.333,67.7076,,slider,1,0,0.00,0.00,0.20,ACTIVE,NONE,1690,0,P,P,0.00,released,RELEASED
2026-05-21 21:58:12.714,68.0889,,slider,1,0,0.00,0.00,0.20,ACTIVE,NONE,1700,0,P,P,0.00,released,RELEASED
2026-05-21 21:58:13.123,68.4980,,slider,1,0,0.00,0.00,0.20,ACTIVE,NONE,1710,0,P,P,0.00,PRESSED,FAULT
2026-05-21 21:58:13.514,68.8888,,slider,1,0,0.00,0.00,0.10,ACTIVE,NONE,1720,0,P,P,0.00,PRESSED,FAULT
2026-05-21 21:58:13.923,69.2980,,slider,1,0,0.00,0.00,0.00,ACTIVE,NONE,1730,0,P,P,0.00,PRESSED,FAULT
2026-05-21 21:58:14.323,69.6980,,slider,1,0,0.00,0.00,0.00,ACTIVE,NONE,1740,0,P,P,0.00,PRESSED,FAULT
2026-05-21 21:58:14.713,70.0880,,slider,1,0,0.00,0.00,0.00,ACTIVE,NONE,1750,0,P,P,0.00,PRESSED,FAULT
2026-05-21 21:58:15.123,70.4980,,slider,1,0,0.00,0.00,0.00,ACTIVE,NONE,1760,0,P,P,0.00,PRESSED,FAULT
2026-05-21 21:58:15.523,70.8982,,slider,1,0,0.00,0.00,0.00,ACTIVE,NONE,1770,0,P,P,0.00,PRESSED,FAULT
2026-05-21 21:58:15.923,71.2983,,slider,1,0,0.00,0.00,0.00,ACTIVE,NONE,1780,0,P,P,0.00,PRESSED,FAULT
2026-05-21 21:58:16.323,71.6983,,slider,1,0,0.00,0.00,0.00,ACTIVE,NONE,1790,0,P,P,0.00,PRESSED,FAULT
2026-05-21 21:58:16.724,72.0984,,slider,1,0,0.00,0.00,0.00,ACTIVE,NONE,1800,0,P,P,0.00,PRESSED,FAULT
2026-05-21 21:58:17.124,72.4985,,slider,1,0,0.00,0.00,0.00,ACTIVE,NONE,1810,0,P,P,0.00,PRESSED,FAULT
2026-05-21 21:58:17.525,72.8994,,slider,1,0,0.00,0.00,0.00,ACTIVE,NONE,1820,0,P,P,0.00,PRESSED,FAULT
2026-05-21 21:58:17.924,73.2986,,slider,1,0,0.00,0.00,0.00,ACTIVE,NONE,1830,0,P,P,0.00,PRESSED,FAULT
2026-05-21 21:58:18.324,73.6989,,slider,1,0,0.00,0.00,0.00,ACTIVE,NONE,1840,0,P,P,0.00,PRESSED,FAULT
2026-05-21 21:58:18.713,74.0880,,slider,1,0,0.00,0.00,0.00,ACTIVE,NONE,1850,0,P,P,0.00,PRESSED,FAULT
2026-05-21 21:58:19.124,74.4987,,slider,1,0,0.00,0.00,0.00,ACTIVE,NONE,1860,0,P,P,0.00,PRESSED,FAULT
2026-05-21 21:58:19.524,74.8988,,slider,1,0,0.00,0.00,0.00,ACTIVE,NONE,1870,0,P,P,0.00,PRESSED,FAULT
2026-05-21 21:58:19.924,75.2988,,slider,1,0,0.00,0.00,0.00,ACTIVE,NONE,1880,0,P,P,0.00,PRESSED,FAULT
2026-05-21 21:58:20.324,75.6990,,slider,1,0,0.00,0.00,0.00,ACTIVE,NONE,1890,0,P,P,0.00,PRESSED,FAULT
2026-05-21 21:58:20.724,76.0989,,slider,1,0,0.00,0.00,0.00,ACTIVE,NONE,1900,0,P,P,0.00,PRESSED,FAULT
2026-05-21 21:58:21.124,76.4989,,slider,1,0,0.00,0.00,0.00,ACTIVE,NONE,1910,0,P,P,0.00,PRESSED,FAULT
2026-05-21 21:58:21.524,76.8992,,slider,1,0,0.00,0.00,0.00,ACTIVE,NONE,1920,0,P,P,0.00,PRESSED,FAULT
2026-05-21 21:58:21.924,77.2990,,slider,1,0,0.00,0.00,0.00,ACTIVE,NONE,1930,0,P,P,0.00,PRESSED,FAULT
2026-05-21 21:58:22.324,77.6990,,slider,1,0,0.00,0.00,0.00,ACTIVE,NONE,1940,0,P,P,0.00,PRESSED,FAULT
2026-05-21 21:58:22.725,78.0994,,slider,1,0,0.00,0.00,0.00,ACTIVE,NONE,1950,0,P,P,0.00,PRESSED,FAULT
2026-05-21 21:58:23.124,78.4991,,slider,1,0,0.00,0.00,0.00,ACTIVE,NONE,1960,0,P,P,0.00,PRESSED,FAULT
2026-05-21 21:58:23.525,78.8997,,slider,1,0,0.00,0.00,0.00,ACTIVE,NONE,1970,0,P,P,0.00,PRESSED,FAULT
2026-05-21 21:58:23.924,79.2992,,slider,1,0,0.00,0.00,0.00,ACTIVE,NONE,1980,0,P,P,0.00,PRESSED,FAULT
2026-05-21 21:58:24.325,79.6995,,slider,1,0,0.00,0.00,0.00,ACTIVE,NONE,1990,0,P,P,0.00,PRESSED,FAULT
2026-05-21 21:58:24.725,80.0996,,slider,1,0,0.00,0.00,0.00,ACTIVE,NONE,2000,0,P,P,0.00,PRESSED,FAULT
2026-05-21 21:58:25.125,80.4997,,slider,1,0,0.00,0.00,0.00,ACTIVE,NONE,2010,0,P,P,0.00,PRESSED,FAULT
2026-05-21 21:58:25.525,80.8998,,slider,1,0,0.00,0.00,0.00,ACTIVE,NONE,2020,0,P,P,0.00,PRESSED,FAULT
2026-05-21 21:58:25.925,81.3001,,slider,1,0,0.00,0.00,0.00,ACTIVE,NONE,2030,0,P,P,0.00,PRESSED,FAULT
2026-05-21 21:58:26.325,81.7000,,slider,1,0,0.00,0.00,0.00,ACTIVE,NONE,2040,0,P,P,0.00,PRESSED,FAULT
2026-05-21 21:58:26.714,82.0884,,slider,1,0,0.00,0.00,0.00,ACTIVE,NONE,2050,0,P,P,0.00,PRESSED,FAULT
2026-05-21 21:58:27.126,82.5004,,slider,1,0,0.00,0.00,0.00,ACTIVE,NONE,2060,0,P,P,0.00,PRESSED,FAULT
2026-05-21 21:58:27.525,82.9003,,slider,1,0,0.00,0.00,0.00,ACTIVE,NONE,2070,0,P,P,0.00,PRESSED,FAULT
2026-05-21 21:58:27.613,82.9874,shift_requested:N,slider,1,0,0.00,0.00,0.00,ACTIVE,NONE,2072,0,P,P,0.00,PRESSED,FAULT
2026-05-21 21:58:27.643,83.0174,gear_change:N,slider,1,0,0.00,0.00,0.00,ACTIVE,NONE,2073,0,N,N,0.00,PRESSED,FAULT
2026-05-21 21:58:27.926,83.3003,,slider,1,0,0.00,0.00,0.00,ACTIVE,NONE,2080,0,N,N,0.00,PRESSED,FAULT
2026-05-21 21:58:28.326,83.7005,,slider,1,0,0.00,0.00,0.00,ACTIVE,NONE,2090,0,N,N,0.00,PRESSED,FAULT
2026-05-21 21:58:28.713,84.0880,,slider,1,0,0.00,0.00,0.00,ACTIVE,NONE,2100,0,N,N,0.00,PRESSED,FAULT
2026-05-21 21:58:29.126,84.5008,,slider,1,0,0.00,0.00,0.00,ACTIVE,NONE,2110,0,N,N,0.00,PRESSED,FAULT
2026-05-21 21:58:29.527,84.9017,,slider,1,0,0.00,0.00,0.00,ACTIVE,NONE,2120,0,N,N,0.00,PRESSED,FAULT
2026-05-21 21:58:29.926,85.3007,,slider,1,0,0.00,0.00,0.00,ACTIVE,NONE,2130,0,N,N,0.00,PRESSED,FAULT
2026-05-21 21:58:30.326,85.7008,,slider,1,0,0.00,0.00,0.00,ACTIVE,NONE,2140,0,N,N,0.00,PRESSED,FAULT
2026-05-21 21:58:30.726,86.1010,,slider,1,0,0.00,0.00,0.00,ACTIVE,NONE,2150,0,N,N,0.00,PRESSED,FAULT
2026-05-21 21:58:31.126,86.5010,,slider,1,0,0.00,0.00,0.00,ACTIVE,NONE,2160,0,N,N,0.00,PRESSED,FAULT
2026-05-21 21:58:31.513,86.8881,,slider,1,0,0.00,0.00,0.00,ACTIVE,NONE,2170,0,N,N,0.00,PRESSED,FAULT
2026-05-21 21:58:31.914,87.2887,,slider,1,0,0.00,0.00,0.00,ACTIVE,NONE,2180,0,N,N,0.00,PRESSED,FAULT
2026-05-21 21:58:32.314,87.6888,,slider,1,0,0.00,0.00,0.00,ACTIVE,NONE,2190,0,N,N,0.00,PRESSED,FAULT
2026-05-21 21:58:32.715,88.0897,,slider,1,0,0.00,0.00,0.00,ACTIVE,NONE,2200,0,N,N,0.00,PRESSED,FAULT
2026-05-21 21:58:33.114,88.4887,,slider,1,0,0.00,0.00,0.00,ACTIVE,NONE,2210,0,N,N,0.00,PRESSED,FAULT
2026-05-21 21:58:33.509,88.8835,shift_requested:R,slider,1,0,0.00,0.00,0.00,ACTIVE,NONE,2219,0,N,N,0.00,PRESSED,FAULT
2026-05-21 21:58:33.514,88.8886,,slider,1,0,0.00,0.00,0.00,ACTIVE,NONE,2220,0,N,N,0.00,PRESSED,FAULT
2026-05-21 21:58:33.539,88.9139,gear_change:R,slider,1,0,0.00,0.00,0.00,ACTIVE,NONE,2220,0,R,R,0.00,PRESSED,FAULT
2026-05-21 21:58:33.914,89.2884,,slider,1,0,0.00,0.00,0.00,ACTIVE,NONE,2230,0,R,R,0.00,PRESSED,FAULT
2026-05-21 21:58:34.314,89.6888,,slider,1,0,0.00,0.00,0.00,ACTIVE,NONE,2240,0,R,R,0.00,PRESSED,FAULT
2026-05-21 21:58:34.713,90.0882,,slider,1,0,0.00,0.00,0.00,ACTIVE,NONE,2250,0,R,R,0.00,PRESSED,FAULT
2026-05-21 21:58:35.114,90.4888,,slider,1,0,0.00,0.00,0.00,ACTIVE,NONE,2260,0,R,R,0.00,PRESSED,FAULT
2026-05-21 21:58:35.514,90.8888,,slider,1,0,0.00,0.00,0.00,ACTIVE,NONE,2270,0,R,R,0.00,PRESSED,FAULT
2026-05-21 21:58:35.917,91.2918,,slider,1,0,0.00,0.00,0.00,ACTIVE,NONE,2280,0,R,R,0.00,PRESSED,FAULT
2026-05-21 21:58:36.316,91.6909,,slider,1,0,0.00,0.00,0.00,ACTIVE,NONE,2290,0,R,R,0.00,PRESSED,FAULT
2026-05-21 21:58:36.714,92.0887,,slider,1,0,0.00,0.00,0.00,ACTIVE,NONE,2300,0,R,R,0.00,PRESSED,FAULT
2026-05-21 21:58:37.118,92.4924,,slider,1,0,0.00,0.00,0.00,ACTIVE,NONE,2310,0,R,R,0.00,PRESSED,FAULT
2026-05-21 21:58:37.518,92.8926,,slider,1,0,0.00,0.00,0.00,ACTIVE,NONE,2320,0,R,R,0.00,PRESSED,FAULT
2026-05-21 21:58:37.918,93.2926,,slider,1,0,0.00,0.00,0.00,ACTIVE,NONE,2330,0,R,R,0.00,PRESSED,FAULT
2026-05-21 21:58:38.318,93.6927,,slider,1,0,0.00,0.00,0.00,ACTIVE,NONE,2340,0,R,R,0.00,PRESSED,FAULT
2026-05-21 21:58:38.718,94.0927,,slider,1,0,0.00,0.00,0.00,ACTIVE,NONE,2350,0,R,R,0.00,PRESSED,FAULT
2026-05-21 21:58:38.776,94.1505,shift_requested:N,slider,1,0,0.00,0.00,0.00,ACTIVE,NONE,2351,0,R,R,0.00,PRESSED,FAULT
2026-05-21 21:58:39.090,94.4650,gear_change:N,slider,1,0,0.00,0.00,0.00,ACTIVE,NONE,2359,0,N,N,0.00,PRESSED,FAULT
2026-05-21 21:58:39.118,94.4928,,slider,1,0,0.00,0.00,0.00,ACTIVE,NONE,2360,0,N,N,0.00,PRESSED,FAULT
2026-05-21 21:58:39.518,94.8928,,slider,1,0,0.00,0.00,0.00,ACTIVE,NONE,2370,0,N,N,0.00,PRESSED,FAULT
2026-05-21 21:58:39.915,95.2896,,slider,1,0,0.00,0.00,0.00,ACTIVE,NONE,2380,0,N,N,0.00,PRESSED,FAULT
2026-05-21 21:58:40.314,95.6886,,slider,1,0,0.00,0.00,0.00,ACTIVE,NONE,2390,0,N,N,0.00,PRESSED,FAULT
2026-05-21 21:58:40.716,96.0905,,slider,1,0,0.00,0.00,0.00,ACTIVE,NONE,2400,0,N,N,0.00,PRESSED,FAULT
2026-05-21 21:58:41.114,96.4889,,slider,1,0,0.00,0.00,0.00,ACTIVE,NONE,2410,0,N,N,0.00,PRESSED,FAULT
2026-05-21 21:58:41.513,96.8883,,slider,1,0,0.00,0.00,0.00,ACTIVE,NONE,2420,0,N,N,0.00,PRESSED,FAULT
2026-05-21 21:58:41.914,97.2884,,slider,1,0,0.00,0.00,0.00,ACTIVE,NONE,2430,0,N,N,0.00,PRESSED,FAULT
2026-05-21 21:58:42.315,97.6902,,slider,1,0,0.00,0.00,0.00,ACTIVE,NONE,2440,0,N,N,0.00,PRESSED,FAULT
2026-05-21 21:58:42.707,98.0820,shift_requested:D,slider,1,0,0.00,0.00,0.00,ACTIVE,NONE,2449,0,N,N,0.00,PRESSED,FAULT
2026-05-21 21:58:42.718,98.0929,,slider,1,0,0.00,0.00,0.00,ACTIVE,NONE,2450,0,N,N,0.00,PRESSED,FAULT
2026-05-21 21:58:42.748,98.1225,gear_change:D,slider,1,0,0.00,0.00,0.00,ACTIVE,NONE,2450,0,D,D,0.00,PRESSED,FAULT
2026-05-21 21:58:43.116,98.4910,,slider,1,0,0.00,0.00,0.00,ACTIVE,NONE,2460,0,D,D,0.00,PRESSED,FAULT
2026-05-21 21:58:43.515,98.8894,,slider,1,0,0.00,0.00,0.00,ACTIVE,NONE,2470,0,D,D,0.00,PRESSED,FAULT
2026-05-21 21:58:43.915,99.2901,,slider,1,0,0.00,0.00,0.00,ACTIVE,NONE,2480,0,D,D,0.00,PRESSED,FAULT
2026-05-21 21:58:44.316,99.6910,,slider,1,0,0.00,0.00,0.00,ACTIVE,NONE,2490,0,D,D,0.00,PRESSED,FAULT
2026-05-21 21:58:44.718,100.0929,,slider,1,0,0.00,0.00,0.00,ACTIVE,NONE,2500,0,D,D,0.00,PRESSED,FAULT
2026-05-21 21:58:45.118,100.4929,,slider,1,0,0.00,0.00,0.00,ACTIVE,NONE,2510,0,D,D,0.00,PRESSED,FAULT
2026-05-21 21:58:45.518,100.8928,,slider,1,0,0.00,0.00,0.00,ACTIVE,NONE,2520,0,D,D,0.00,PRESSED,FAULT
2026-05-21 21:58:45.918,101.2929,,slider,1,0,0.00,0.00,0.00,ACTIVE,NONE,2530,0,D,D,0.00,PRESSED,FAULT
2026-05-21 21:58:46.318,101.6929,,slider,1,0,0.00,0.00,0.00,ACTIVE,NONE,2540,0,D,D,0.00,PRESSED,FAULT
2026-05-21 21:58:46.718,102.0930,,slider,1,0,0.00,0.00,0.00,ACTIVE,NONE,2550,0,D,D,0.00,PRESSED,FAULT
2026-05-21 21:58:47.118,102.4929,,slider,1,0,0.00,0.00,0.00,ACTIVE,NONE,2560,0,D,D,0.00,PRESSED,FAULT
2026-05-21 21:58:47.518,102.8929,,slider,1,0,0.00,0.00,0.00,ACTIVE,NONE,2570,0,D,D,0.00,PRESSED,FAULT
2026-05-21 21:58:47.918,103.2930,,slider,1,0,0.00,-0.28,0.00,ACTIVE,NONE,2580,0,D,D,0.00,PRESSED,FAULT
2026-05-21 21:58:48.318,103.6929,,slider,1,0,0.00,-0.01,0.00,ACTIVE,NONE,2590,0,D,D,0.00,PRESSED,FAULT
2026-05-21 21:58:48.714,104.0888,,slider,1,0,0.00,-0.00,0.00,ACTIVE,NONE,2600,0,D,D,0.00,PRESSED,FAULT
2026-05-21 21:58:49.118,104.4930,,slider,1,0,0.00,-0.00,0.00,ACTIVE,NONE,2610,0,D,D,0.00,PRESSED,FAULT
2026-05-21 21:58:49.309,104.6837,shift_requested:N,slider,1,0,0.00,-0.00,0.00,ACTIVE,NONE,2614,0,D,D,0.00,PRESSED,FAULT
2026-05-21 21:58:49.518,104.8932,,slider,1,0,0.00,-0.00,0.00,ACTIVE,NONE,2620,0,D,N,0.00,PRESSED,FAULT
2026-05-21 21:58:49.612,104.9864,gear_change:N,slider,1,0,0.00,-0.00,0.00,ACTIVE,NONE,2622,0,N,N,0.00,PRESSED,FAULT
2026-05-21 21:58:49.915,105.2898,,slider,1,0,0.00,-0.00,0.00,ACTIVE,NONE,2630,0,N,N,0.00,PRESSED,FAULT
2026-05-21 21:58:50.314,105.6885,,slider,1,0,0.00,-0.00,0.00,ACTIVE,NONE,2640,0,N,N,0.00,PRESSED,FAULT
2026-05-21 21:58:50.715,106.0902,,slider,1,0,0.00,-0.00,0.00,ACTIVE,NONE,2650,0,N,N,0.00,PRESSED,FAULT
2026-05-21 21:58:51.115,106.4897,,slider,1,0,0.00,-0.00,0.00,ACTIVE,NONE,2660,0,N,N,0.00,PRESSED,FAULT
2026-05-21 21:58:51.514,106.8887,,slider,1,0,0.00,-0.00,0.00,ACTIVE,NONE,2670,0,N,N,0.00,PRESSED,FAULT
2026-05-21 21:58:51.915,107.2899,,slider,1,0,0.00,-0.00,0.00,ACTIVE,NONE,2680,0,N,N,0.00,PRESSED,FAULT
2026-05-21 21:58:52.314,107.6891,,slider,1,0,0.00,-0.00,0.00,ACTIVE,NONE,2690,0,N,N,0.00,PRESSED,FAULT
2026-05-21 21:58:52.714,108.0891,,slider,1,0,0.00,-0.00,0.00,ACTIVE,NONE,2700,0,N,N,0.00,PRESSED,FAULT
2026-05-21 21:58:52.749,108.1242,shift_requested:D,slider,1,0,0.00,-0.00,0.00,ACTIVE,NONE,2700,0,N,N,0.00,PRESSED,FAULT
2026-05-21 21:58:52.788,108.1628,gear_change:D,slider,1,0,0.00,-0.00,0.00,ACTIVE,NONE,2701,0,D,D,0.00,PRESSED,FAULT
2026-05-21 21:58:53.119,108.4938,,slider,1,0,0.00,-0.00,0.00,ACTIVE,NONE,2710,0,D,D,0.00,PRESSED,FAULT
2026-05-21 21:58:53.519,108.8940,,slider,1,0,0.00,-0.00,0.00,ACTIVE,NONE,2720,0,D,D,0.00,PRESSED,FAULT
2026-05-21 21:58:53.915,109.2898,,slider,1,0,0.00,-0.00,0.00,ACTIVE,NONE,2730,0,D,D,0.00,PRESSED,FAULT
2026-05-21 21:58:54.315,109.6900,,slider,1,0,0.00,-0.00,0.00,ACTIVE,NONE,2740,0,D,D,0.00,PRESSED,FAULT
2026-05-21 21:58:54.715,110.0900,,slider,1,0,0.00,-0.00,0.00,ACTIVE,NONE,2750,0,D,D,0.00,PRESSED,FAULT
2026-05-21 21:58:55.119,110.4939,,slider,1,0,0.00,-0.00,0.00,ACTIVE,NONE,2760,0,D,D,0.00,PRESSED,FAULT
2026-05-21 21:58:55.514,110.8887,,slider,1,0,0.00,-0.00,0.00,ACTIVE,NONE,2770,0,D,D,0.00,PRESSED,FAULT
2026-05-21 21:58:55.914,111.2883,,slider,1,0,0.00,-0.00,0.00,ACTIVE,NONE,2780,0,D,D,0.00,PRESSED,FAULT
2026-05-21 21:58:56.319,111.6939,,slider,1,0,0.00,-0.00,0.00,ACTIVE,NONE,2790,0,D,D,0.00,PRESSED,FAULT
2026-05-21 21:58:56.719,112.0940,,slider,1,0,0.00,-0.00,0.00,ACTIVE,NONE,2800,0,D,D,0.00,PRESSED,FAULT
2026-05-21 21:58:57.116,112.4906,,slider,1,0,0.00,-0.00,0.00,ACTIVE,NONE,2810,0,D,D,0.00,PRESSED,FAULT
2026-05-21 21:58:57.514,112.8884,,slider,1,0,0.00,-0.00,0.00,ACTIVE,NONE,2820,0,D,D,0.00,PRESSED,FAULT
2026-05-21 21:58:57.916,113.2905,,slider,1,0,0.00,-0.00,0.00,ACTIVE,NONE,2830,0,D,D,0.00,PRESSED,FAULT
2026-05-21 21:58:58.315,113.6903,,slider,1,0,0.00,-0.00,0.00,ACTIVE,NONE,2840,0,D,D,0.00,PRESSED,FAULT
2026-05-21 21:58:58.716,114.0904,,slider,1,0,0.00,-0.00,0.00,ACTIVE,NONE,2850,0,D,D,0.00,PRESSED,FAULT
2026-05-21 21:58:59.114,114.4892,,slider,1,0,0.00,-0.00,0.00,ACTIVE,NONE,2860,0,D,D,0.00,PRESSED,FAULT
2026-05-21 21:58:59.514,114.8885,,slider,1,0,0.00,-0.00,0.00,ACTIVE,NONE,2870,0,D,D,0.00,PRESSED,FAULT
2026-05-21 21:58:59.919,115.2940,,slider,1,0,0.00,-0.00,0.00,ACTIVE,NONE,2880,0,D,D,0.00,PRESSED,FAULT
2026-05-21 21:59:00.319,115.6939,,slider,1,0,0.00,-0.00,0.00,ACTIVE,NONE,2890,0,D,D,0.00,PRESSED,FAULT
2026-05-21 21:59:00.715,116.0893,,slider,1,0,0.00,-0.00,0.00,ACTIVE,NONE,2900,0,D,D,0.00,PRESSED,FAULT
2026-05-21 21:59:01.116,116.4905,,slider,1,0,0.00,-0.00,0.00,ACTIVE,NONE,2910,0,D,D,0.00,PRESSED,FAULT
2026-05-21 21:59:01.515,116.8899,,slider,1,0,0.00,-0.00,0.00,ACTIVE,NONE,2920,0,D,D,0.00,PRESSED,FAULT
2026-05-21 21:59:01.919,117.2939,,slider,1,0,0.00,-0.00,0.00,ACTIVE,NONE,2930,0,D,D,0.00,PRESSED,FAULT
2026-05-21 21:59:02.316,117.6903,,slider,1,0,0.00,-0.00,0.00,ACTIVE,NONE,2940,0,D,D,0.00,PRESSED,FAULT
2026-05-21 21:59:02.714,118.0885,,slider,1,0,0.00,-0.00,0.00,ACTIVE,NONE,2950,0,D,D,0.00,PRESSED,FAULT
2026-05-21 21:59:03.114,118.4891,,slider,1,0,0.00,-0.00,0.00,ACTIVE,NONE,2960,0,D,D,0.00,PRESSED,FAULT
2026-05-21 21:59:03.515,118.8894,,slider,1,0,0.00,-0.00,0.00,ACTIVE,NONE,2970,0,D,D,0.00,PRESSED,FAULT
2026-05-21 21:59:03.914,119.2886,,slider,1,0,0.00,-0.00,0.00,ACTIVE,NONE,2980,0,D,D,0.00,PRESSED,FAULT
2026-05-21 21:59:04.315,119.6895,,slider,1,0,0.00,-0.00,0.00,ACTIVE,NONE,2990,0,D,D,0.00,PRESSED,FAULT
2026-05-21 21:59:04.717,120.0920,,slider,1,0,0.00,-0.00,0.00,ACTIVE,NONE,3000,0,D,D,0.00,PRESSED,FAULT
2026-05-21 21:59:05.115,120.4900,,slider,1,0,0.00,-0.00,0.00,ACTIVE,NONE,3010,0,D,D,0.00,PRESSED,FAULT
2026-05-21 21:59:05.514,120.8888,,slider,1,0,0.00,-0.00,0.00,ACTIVE,NONE,3020,0,D,D,0.00,PRESSED,FAULT
2026-05-21 21:59:05.915,121.2898,,slider,1,0,0.00,-0.00,0.00,ACTIVE,NONE,3030,0,D,D,0.00,PRESSED,FAULT
2026-05-21 21:59:06.315,121.6895,,slider,1,0,0.00,-0.00,0.00,ACTIVE,NONE,3040,0,D,D,0.00,PRESSED,FAULT
2026-05-21 21:59:06.716,122.0911,,slider,1,0,0.00,-0.00,0.00,ACTIVE,NONE,3050,0,D,D,0.00,PRESSED,FAULT
2026-05-21 21:59:07.115,122.4894,,slider,1,0,0.00,-0.00,0.00,ACTIVE,NONE,3060,0,D,D,0.00,PRESSED,FAULT
2026-05-21 21:59:07.515,122.8900,,slider,1,0,0.00,-0.00,0.00,ACTIVE,NONE,3070,0,D,D,0.00,PRESSED,FAULT
2026-05-21 21:59:07.914,123.2891,,slider,1,0,0.00,-0.00,0.00,ACTIVE,NONE,3080,0,D,D,0.00,PRESSED,FAULT
2026-05-21 21:59:08.315,123.6896,,slider,1,0,-19.54,-12.02,-6.30,ACTIVE,NONE,3090,0,D,D,0.00,PRESSED,FAULT
2026-05-21 21:59:08.720,124.0945,,slider,1,0,-30.64,-33.64,-31.70,ACTIVE,NONE,3100,0,D,D,0.00,PRESSED,FAULT
2026-05-21 21:59:09.119,124.4937,,slider,1,0,-37.43,-36.62,-35.10,ACTIVE,NONE,3110,0,D,D,0.00,PRESSED,FAULT
2026-05-21 21:59:09.521,124.8959,,slider,1,0,0.00,-5.39,-17.60,ACTIVE,NONE,3120,0,D,D,0.00,PRESSED,FAULT
2026-05-21 21:59:09.924,125.2988,,slider,1,0,0.00,-0.27,-2.90,ACTIVE,NONE,3130,0,D,D,0.00,PRESSED,FAULT
2026-05-21 21:59:10.321,125.6955,,slider,1,0,0.00,-0.33,-0.70,ACTIVE,NONE,3140,0,D,D,0.00,PRESSED,FAULT
2026-05-21 21:59:10.722,126.0970,,slider,1,0,0.00,-0.02,-0.20,ACTIVE,NONE,3150,0,D,D,0.00,PRESSED,FAULT
2026-05-21 21:59:11.122,126.4965,,slider,1,0,12.99,2.96,0.20,ACTIVE,NONE,3160,0,D,D,0.00,PRESSED,FAULT
2026-05-21 21:59:11.523,126.8981,,slider,1,0,37.43,30.56,21.70,ACTIVE,NONE,3170,0,D,D,0.00,PRESSED,FAULT
2026-05-21 21:59:11.923,127.2982,,slider,1,0,26.17,29.40,31.10,ACTIVE,NONE,3180,0,D,D,0.00,PRESSED,FAULT
2026-05-21 21:59:12.324,127.6992,,slider,1,0,0.00,3.88,13.60,ACTIVE,NONE,3190,0,D,D,0.00,PRESSED,FAULT
2026-05-21 21:59:12.726,128.1012,,slider,1,0,0.00,0.19,2.30,ACTIVE,NONE,3200,0,D,D,0.00,PRESSED,FAULT
2026-05-21 21:59:13.127,128.5016,,slider,1,0,-35.15,-25.36,-10.60,ACTIVE,NONE,3210,0,D,D,0.00,PRESSED,FAULT
2026-05-21 21:59:13.531,128.9055,,slider,1,0,0.00,-7.14,-21.20,ACTIVE,NONE,3220,0,D,D,0.00,PRESSED,FAULT
2026-05-21 21:59:13.915,129.2902,,slider,1,0,0.00,-0.40,-3.80,ACTIVE,NONE,3230,0,D,D,0.00,PRESSED,FAULT
2026-05-21 21:59:14.331,129.7058,,slider,1,0,0.00,-0.02,-0.60,ACTIVE,NONE,3240,0,D,D,0.00,PRESSED,FAULT
2026-05-21 21:59:14.715,130.0901,,slider,1,0,0.00,-0.00,-0.20,ACTIVE,NONE,3250,0,D,D,0.00,PRESSED,FAULT
2026-05-21 21:59:15.115,130.4899,,slider,1,0,0.00,-0.00,-0.10,ACTIVE,NONE,3260,0,D,D,0.00,PRESSED,FAULT
2026-05-21 21:59:15.515,130.8896,,slider,1,0,0.00,-0.00,-0.10,ACTIVE,NONE,3270,0,D,D,0.00,PRESSED,FAULT
2026-05-21 21:59:15.931,131.3057,,slider,1,0,0.00,-0.00,-0.10,ACTIVE,NONE,3280,0,D,D,0.00,PRESSED,FAULT
2026-05-21 21:59:16.331,131.7058,,slider,1,0,0.00,-0.00,-0.10,ACTIVE,NONE,3290,0,D,D,0.00,PRESSED,FAULT
2026-05-21 21:59:16.715,132.0900,,slider,1,0,0.00,-0.00,-0.10,ACTIVE,NONE,3300,0,D,D,0.00,PRESSED,FAULT
2026-05-21 21:59:17.131,132.5062,,slider,1,0,0.00,-0.00,-0.10,ACTIVE,NONE,3310,0,D,D,0.00,PRESSED,FAULT
2026-05-21 21:59:17.516,132.8909,,slider,1,0,0.00,-0.00,-0.10,ACTIVE,NONE,3320,0,D,D,0.00,PRESSED,FAULT
2026-05-21 21:59:17.914,133.2889,,slider,1,0,0.00,-0.00,-0.10,ACTIVE,NONE,3330,0,D,D,0.00,PRESSED,FAULT
2026-05-21 21:59:18.332,133.7071,,slider,1,0,0.00,-0.00,0.00,ACTIVE,NONE,3340,0,D,D,0.00,PRESSED,FAULT
2026-05-21 21:59:18.731,134.1061,,slider,1,0,0.00,-0.00,0.00,ACTIVE,NONE,3350,0,D,D,0.00,PRESSED,FAULT
2026-05-21 21:59:19.131,134.5062,,slider,1,0,0.00,-0.00,0.00,ACTIVE,NONE,3360,0,D,D,0.00,PRESSED,FAULT
2026-05-21 21:59:19.531,134.9062,,slider,1,0,0.00,-0.00,0.00,ACTIVE,NONE,3370,0,D,D,0.00,PRESSED,FAULT
2026-05-21 21:59:19.931,135.3062,,slider,1,0,0.00,-0.00,0.00,ACTIVE,NONE,3380,0,D,D,0.00,PRESSED,FAULT
2026-05-21 21:59:20.315,135.6893,,slider,1,0,0.00,-0.00,0.00,ACTIVE,NONE,3390,0,D,D,0.00,PRESSED,FAULT
2026-05-21 21:59:20.717,136.0918,,slider,1,0,0.00,-0.00,0.00,ACTIVE,NONE,3400,0,D,D,0.00,PRESSED,FAULT
2026-05-21 21:59:21.132,136.5065,,slider,1,0,0.00,-0.00,0.00,ACTIVE,NONE,3410,0,D,D,0.00,PRESSED,FAULT
2026-05-21 21:59:21.515,136.8895,,slider,1,0,0.00,-0.00,0.00,ACTIVE,NONE,3420,0,D,D,0.00,PRESSED,FAULT
2026-05-21 21:59:21.932,137.3065,,slider,1,0,0.00,-0.00,0.00,ACTIVE,NONE,3430,0,D,D,0.00,PRESSED,FAULT
2026-05-21 21:59:22.315,137.6901,,slider,1,0,0.00,-0.00,0.00,ACTIVE,NONE,3440,0,D,D,0.00,PRESSED,FAULT
2026-05-21 21:59:22.717,138.0918,,slider,1,0,0.00,-0.00,0.00,ACTIVE,NONE,3450,0,D,D,0.00,PRESSED,FAULT
2026-05-21 21:59:23.132,138.5066,,slider,1,0,0.00,-0.00,0.00,ACTIVE,NONE,3460,0,D,D,0.00,PRESSED,FAULT
2026-05-21 21:59:23.532,138.9069,,slider,1,0,0.00,-0.00,0.00,ACTIVE,NONE,3470,0,D,D,0.00,PRESSED,FAULT
2026-05-21 21:59:23.914,139.2890,,slider,1,0,0.00,-0.00,0.00,ACTIVE,NONE,3480,0,D,D,0.00,PRESSED,FAULT
2026-05-21 21:59:24.332,139.7067,,slider,1,0,0.00,-0.00,0.00,ACTIVE,NONE,3490,0,D,D,0.00,PRESSED,FAULT
2026-05-21 21:59:24.715,140.0902,,slider,1,0,0.00,-0.00,0.00,ACTIVE,NONE,3500,0,D,D,0.00,PRESSED,FAULT
2026-05-21 21:59:25.114,140.4892,,slider,1,0,0.00,-0.00,0.00,ACTIVE,NONE,3510,0,D,D,0.00,PRESSED,FAULT
2026-05-21 21:59:25.514,140.8886,,slider,1,0,0.00,-0.00,0.00,ACTIVE,NONE,3520,0,D,D,0.00,PRESSED,FAULT
2026-05-21 21:59:25.932,141.3068,,slider,1,0,0.00,-0.00,0.00,ACTIVE,NONE,3530,0,D,D,0.00,PRESSED,FAULT
2026-05-21 21:59:26.332,141.7068,,slider,1,0,0.00,-0.00,0.00,ACTIVE,NONE,3540,0,D,D,0.00,PRESSED,FAULT
2026-05-21 21:59:26.715,142.0897,,slider,1,0,0.00,-0.00,0.00,ACTIVE,NONE,3550,0,D,D,0.00,PRESSED,FAULT
2026-05-21 21:59:27.116,142.4904,,slider,1,0,0.00,-0.00,0.00,ACTIVE,NONE,3560,0,D,D,0.00,PRESSED,FAULT
2026-05-21 21:59:27.516,142.8904,,slider,1,0,0.00,-0.00,0.00,ACTIVE,NONE,3570,0,D,D,0.00,PRESSED,FAULT
2026-05-21 21:59:27.932,143.3072,,slider,1,0,0.00,-0.00,0.00,ACTIVE,NONE,3580,0,D,D,0.00,PRESSED,FAULT
2026-05-21 21:59:28.316,143.6905,,slider,1,0,0.00,-0.00,0.00,ACTIVE,NONE,3590,0,D,D,0.00,PRESSED,FAULT
2026-05-21 21:59:28.714,144.0892,,slider,1,0,0.00,-0.00,0.00,ACTIVE,NONE,3600,0,D,D,0.00,PRESSED,FAULT
2026-05-21 21:59:29.114,144.4893,,slider,1,0,0.00,-0.00,0.00,ACTIVE,NONE,3610,0,D,D,0.00,PRESSED,FAULT
2026-05-21 21:59:29.533,144.9076,,slider,1,0,0.00,-0.00,0.00,ACTIVE,NONE,3620,0,D,D,0.00,PRESSED,FAULT
2026-05-21 21:59:29.914,145.2886,,slider,1,0,0.00,-0.00,0.00,ACTIVE,NONE,3630,0,D,D,0.00,PRESSED,FAULT
2026-05-21 21:59:30.315,145.6895,,slider,1,0,0.00,-0.00,0.00,ACTIVE,NONE,3640,0,D,D,0.00,PRESSED,FAULT
2026-05-21 21:59:30.716,146.0911,,slider,1,0,0.00,-0.00,0.00,ACTIVE,NONE,3650,0,D,D,0.00,PRESSED,FAULT
2026-05-21 21:59:31.114,146.4890,,slider,1,0,0.00,-0.00,0.00,ACTIVE,NONE,3660,0,D,D,0.00,PRESSED,FAULT
2026-05-21 21:59:31.514,146.8890,,slider,1,0,0.00,-0.00,0.00,ACTIVE,NONE,3670,0,D,D,0.00,PRESSED,FAULT
2026-05-21 21:59:31.914,147.2890,,slider,1,0,0.00,-0.00,0.00,ACTIVE,NONE,3680,0,D,D,0.00,PRESSED,FAULT
2026-05-21 21:59:32.314,147.6890,,slider,1,0,0.00,-0.00,0.00,ACTIVE,NONE,3690,0,D,D,0.00,PRESSED,FAULT
2026-05-21 21:59:32.716,148.0909,,slider,1,0,0.00,-0.00,0.00,ACTIVE,NONE,3700,0,D,D,0.00,PRESSED,FAULT
2026-05-21 21:59:33.116,148.4907,,slider,1,0,0.00,-0.28,0.00,ACTIVE,NONE,3710,0,D,D,0.00,PRESSED,FAULT
2026-05-21 21:59:33.516,148.8907,,slider,1,0,0.00,-0.01,0.00,ACTIVE,NONE,3720,0,D,D,0.00,PRESSED,FAULT
2026-05-21 21:59:33.914,149.2892,,slider,1,0,0.00,-0.00,0.00,ACTIVE,NONE,3730,0,D,D,0.00,PRESSED,FAULT
2026-05-21 21:59:34.316,149.6913,,slider,1,0,0.00,-0.00,-0.10,ACTIVE,NONE,3740,0,D,D,0.00,PRESSED,FAULT
2026-05-21 21:59:34.717,150.0916,,slider,1,0,0.00,-0.00,-0.10,ACTIVE,NONE,3750,0,D,D,0.00,PRESSED,FAULT
2026-05-21 21:59:35.116,150.4910,,slider,1,0,0.00,-0.00,-0.10,ACTIVE,NONE,3760,0,D,D,0.00,PRESSED,FAULT
2026-05-21 21:59:35.516,150.8903,,slider,1,0,0.00,-0.00,-0.10,ACTIVE,NONE,3770,0,D,D,0.00,PRESSED,FAULT
2026-05-21 21:59:35.915,151.2893,,slider,1,0,0.00,-0.00,-0.10,ACTIVE,NONE,3780,0,D,D,0.00,PRESSED,FAULT
2026-05-21 21:59:36.317,151.6915,,slider,1,0,0.00,-0.36,-0.20,ACTIVE,NONE,3790,0,D,D,0.00,PRESSED,FAULT
2026-05-21 21:59:36.717,152.0915,,slider,1,0,0.00,-0.02,-0.20,ACTIVE,NONE,3800,0,D,D,0.00,PRESSED,FAULT
2026-05-21 21:59:37.115,152.4895,,slider,1,0,0.00,-0.00,-0.20,ACTIVE,NONE,3810,0,D,D,0.00,PRESSED,FAULT
2026-05-21 21:59:37.516,152.8911,,slider,1,0,0.00,-0.00,-0.20,ACTIVE,NONE,3820,0,D,D,0.00,PRESSED,FAULT
2026-05-21 21:59:37.915,153.2899,,slider,1,0,0.00,-0.00,-0.20,ACTIVE,NONE,3830,0,D,D,0.00,PRESSED,FAULT
2026-05-21 21:59:38.316,153.6910,,slider,1,0,0.00,-0.00,-0.20,ACTIVE,NONE,3840,0,D,D,0.00,PRESSED,FAULT
2026-05-21 21:59:38.716,154.0908,,slider,1,0,0.00,-0.00,-0.10,ACTIVE,NONE,3850,0,D,D,0.00,PRESSED,FAULT
2026-05-21 21:59:39.117,154.4918,,slider,1,0,0.00,-0.00,-0.10,ACTIVE,NONE,3860,0,D,D,0.00,PRESSED,FAULT
2026-05-21 21:59:39.516,154.8908,,slider,1,0,0.00,-0.00,-0.10,ACTIVE,NONE,3870,0,D,D,0.00,PRESSED,FAULT
2026-05-21 21:59:39.917,155.2920,,slider,1,0,0.00,-0.00,-0.10,ACTIVE,NONE,3880,0,D,D,0.00,PRESSED,FAULT
2026-05-21 21:59:40.315,155.6900,,slider,1,0,-8.65,-1.36,0.00,ACTIVE,NONE,3890,0,D,D,0.00,PRESSED,FAULT
2026-05-21 21:59:40.724,156.0993,,slider,1,0,-79.10,-58.15,-33.50,ACTIVE,NONE,3900,0,D,D,0.00,PRESSED,FAULT
2026-05-21 21:59:41.124,156.4993,,slider,1,0,-164.45,-128.73,-106.80,ACTIVE,NONE,3910,0,D,D,0.00,PRESSED,FAULT
2026-05-21 21:59:41.525,156.9001,,slider,1,0,-172.09,-179.33,-170.70,ACTIVE,NONE,3920,0,D,D,0.00,PRESSED,FAULT
2026-05-21 21:59:41.929,157.3038,,slider,1,0,-213.70,-194.40,-180.60,ACTIVE,NONE,3930,0,D,D,0.00,PRESSED,FAULT
2026-05-21 21:59:42.332,157.7067,,slider,1,0,-251.49,-233.33,-218.80,ACTIVE,NONE,3940,0,D,D,0.00,PRESSED,FAULT
2026-05-21 21:59:42.721,158.0956,,slider,1,0,-146.25,-222.41,-237.50,ACTIVE,NONE,3950,0,D,D,0.00,PRESSED,FAULT
2026-05-21 21:59:43.126,158.5004,,slider,1,0,0.00,-150.41,-176.40,ACTIVE,NONE,3960,0,D,D,0.00,PRESSED,FAULT
2026-05-21 21:59:43.527,158.9015,,slider,1,0,0.00,-78.41,-100.50,ACTIVE,NONE,3970,0,D,D,0.00,PRESSED,FAULT
2026-05-21 21:59:43.926,159.3013,,slider,1,0,0.00,-6.41,-28.30,ACTIVE,NONE,3980,0,D,D,0.00,PRESSED,FAULT
2026-05-21 21:59:44.315,159.6895,,slider,1,0,0.00,-0.00,-1.50,ACTIVE,NONE,3990,0,D,D,0.00,PRESSED,FAULT
2026-05-21 21:59:44.732,160.1064,,slider,1,0,0.00,-0.00,-0.10,ACTIVE,NONE,4000,0,D,D,0.00,PRESSED,FAULT
2026-05-21 21:59:45.131,160.5057,,slider,1,0,0.00,-0.00,0.00,ACTIVE,NONE,4010,0,D,D,0.00,PRESSED,FAULT
2026-05-21 21:59:45.531,160.9062,,slider,1,0,37.43,31.40,23.00,ACTIVE,NONE,4020,0,D,D,0.00,PRESSED,FAULT
2026-05-21 21:59:45.932,161.3064,,slider,1,0,84.48,64.06,50.90,ACTIVE,NONE,4030,0,D,D,0.00,PRESSED,FAULT
2026-05-21 21:59:46.335,161.7099,,slider,1,0,153.38,122.77,103.90,ACTIVE,NONE,4040,0,D,D,0.00,PRESSED,FAULT
2026-05-21 21:59:46.719,162.0942,,slider,1,0,227.37,191.70,170.80,ACTIVE,NONE,4050,0,D,D,0.00,PRESSED,FAULT
2026-05-21 21:59:47.117,162.4913,,slider,1,0,168.24,204.05,208.60,ACTIVE,NONE,4060,0,D,D,0.00,PRESSED,FAULT
2026-05-21 21:59:47.520,162.8944,,slider,1,0,0.00,132.05,158.20,ACTIVE,NONE,4070,0,D,D,0.00,PRESSED,FAULT
2026-05-21 21:59:47.923,163.2981,,slider,1,0,0.00,60.05,83.40,ACTIVE,NONE,4080,0,D,D,0.00,PRESSED,FAULT
2026-05-21 21:59:48.323,163.6980,,slider,1,0,0.00,0.16,11.80,ACTIVE,NONE,4090,0,D,D,0.00,PRESSED,FAULT
2026-05-21 21:59:48.731,164.1056,,slider,1,0,0.00,-0.07,0.20,ACTIVE,NONE,4100,0,D,D,0.00,PRESSED,FAULT
2026-05-21 21:59:49.115,164.4898,,slider,1,0,0.00,-0.00,-0.20,ACTIVE,NONE,4110,0,D,D,0.00,PRESSED,FAULT
2026-05-21 21:59:49.531,164.9058,,slider,1,0,0.00,-0.00,-0.20,ACTIVE,NONE,4120,0,D,D,0.00,PRESSED,FAULT
2026-05-21 21:59:49.931,165.3059,,slider,1,0,0.00,-0.00,-0.20,ACTIVE,NONE,4130,0,D,D,0.00,PRESSED,FAULT
2026-05-21 21:59:50.315,165.6899,,slider,1,0,0.00,-0.00,-0.20,ACTIVE,NONE,4140,0,D,D,0.00,PRESSED,FAULT
2026-05-21 21:59:50.731,166.1059,,slider,1,0,0.00,-0.00,-0.20,ACTIVE,NONE,4150,0,D,D,0.00,PRESSED,FAULT
2026-05-21 21:59:51.131,166.5062,,slider,1,0,0.00,-0.00,-0.20,ACTIVE,NONE,4160,0,D,D,0.00,PRESSED,FAULT
2026-05-21 21:59:51.531,166.9061,,slider,1,0,0.00,-0.15,-0.20,ACTIVE,NONE,4170,0,D,D,0.00,PRESSED,FAULT
2026-05-21 21:59:51.931,167.3060,,slider,1,0,0.00,-0.01,-0.20,ACTIVE,NONE,4180,0,D,D,0.00,PRESSED,FAULT
2026-05-21 21:59:52.332,167.7063,,slider,1,0,0.00,-0.00,-0.20,ACTIVE,NONE,4190,0,D,D,0.00,PRESSED,FAULT
2026-05-21 21:59:52.716,168.0910,,slider,1,0,0.00,-0.00,-0.20,ACTIVE,NONE,4200,0,D,D,0.00,PRESSED,FAULT
2026-05-21 21:59:53.115,168.4894,,slider,1,0,0.00,-0.00,-0.20,ACTIVE,NONE,4210,0,D,D,0.00,PRESSED,FAULT
2026-05-21 21:59:53.532,168.9065,,slider,1,0,0.00,-0.00,-0.20,ACTIVE,NONE,4220,0,D,D,0.00,PRESSED,FAULT
2026-05-21 21:59:53.932,169.3063,,slider,1,0,0.00,-0.00,-0.20,ACTIVE,NONE,4230,0,D,D,0.00,PRESSED,FAULT
2026-05-21 21:59:54.315,169.6901,,slider,1,0,0.00,-0.00,-0.20,ACTIVE,NONE,4240,0,D,D,0.00,PRESSED,FAULT
2026-05-21 21:59:54.715,170.0900,,slider,1,0,0.00,-0.00,-0.20,ACTIVE,NONE,4250,0,D,D,0.00,PRESSED,FAULT
2026-05-21 21:59:55.132,170.5069,,slider,1,0,0.00,-0.00,-0.20,ACTIVE,NONE,4260,0,D,D,0.00,PRESSED,FAULT
2026-05-21 21:59:55.532,170.9065,,slider,1,0,0.00,-0.00,-0.20,ACTIVE,NONE,4270,0,D,D,0.00,PRESSED,FAULT
2026-05-21 21:59:55.916,171.2905,,slider,1,0,0.00,-0.00,-0.20,ACTIVE,NONE,4280,0,D,D,0.00,PRESSED,FAULT
2026-05-21 21:59:56.316,171.6904,,slider,1,0,0.00,-0.00,-0.10,ACTIVE,NONE,4290,0,D,D,0.00,PRESSED,FAULT
2026-05-21 21:59:56.732,172.1066,,slider,1,0,0.00,-0.00,-0.10,ACTIVE,NONE,4300,0,D,D,0.00,PRESSED,FAULT
2026-05-21 21:59:57.132,172.5067,,slider,1,0,0.00,-0.00,0.00,ACTIVE,NONE,4310,0,D,D,0.00,PRESSED,FAULT
2026-05-21 21:59:57.515,172.8893,,slider,1,0,0.00,-0.00,0.00,ACTIVE,NONE,4320,0,D,D,0.00,PRESSED,FAULT
2026-05-21 21:59:57.917,173.2915,,slider,1,0,0.00,-0.00,0.00,ACTIVE,NONE,4330,0,D,P,0.00,PRESSED,FAULT
2026-05-21 21:59:58.014,173.3892,gear_change:P,slider,1,0,0.00,-0.00,0.00,ACTIVE,NONE,4332,0,P,P,0.00,PRESSED,FAULT
2026-05-21 21:59:58.021,173.3958,shift_requested:P,slider,1,0,0.00,-0.00,0.00,ACTIVE,NONE,4332,0,P,P,0.00,PRESSED,FAULT
2026-05-21 21:59:58.315,173.6894,,slider,1,0,0.00,-0.00,0.00,ACTIVE,NONE,4340,0,P,P,0.00,PRESSED,FAULT
2026-05-21 21:59:58.626,174.0011,shift_requested:P,slider,1,0,0.00,-0.00,0.00,ACTIVE,NONE,4347,0,P,P,0.00,PRESSED,FAULT
2026-05-21 21:59:58.720,174.0950,,slider,1,0,0.00,-0.00,0.00,ACTIVE,NONE,4350,0,P,P,0.00,PRESSED,FAULT
2026-05-21 21:59:59.116,174.4909,,slider,1,0,0.00,-0.00,0.00,ACTIVE,NONE,4360,0,P,P,0.00,PRESSED,FAULT
2026-05-21 21:59:59.516,174.8905,,slider,1,0,0.00,-0.00,0.00,ACTIVE,NONE,4370,0,P,P,0.00,PRESSED,FAULT
2026-05-21 21:59:59.621,174.9961,shift_requested:P,slider,1,0,0.00,-0.00,0.00,ACTIVE,NONE,4372,0,P,P,0.00,PRESSED,FAULT
2026-05-21 21:59:59.916,175.2905,,slider,1,0,0.00,-0.00,0.00,ACTIVE,NONE,4380,0,P,P,0.00,PRESSED,FAULT
2026-05-21 22:00:00.320,175.6945,,slider,1,0,0.00,-0.00,0.00,ACTIVE,NONE,4390,0,P,P,0.00,PRESSED,FAULT
2026-05-21 22:00:00.596,175.9712,shift_requested:P,slider,1,0,0.00,-0.00,0.00,ACTIVE,NONE,4397,0,P,P,0.00,PRESSED,FAULT
2026-05-21 22:00:00.721,176.0955,,slider,1,0,0.00,-0.00,0.00,ACTIVE,NONE,4400,0,P,P,0.00,released,RELEASED
2026-05-21 22:00:01.116,176.4906,,slider,1,0,0.00,-0.00,0.00,ACTIVE,NONE,4410,0,P,P,0.00,released,RELEASED
2026-05-21 22:00:01.516,176.8908,,slider,1,0,0.00,-0.00,0.00,ACTIVE,NONE,4420,0,P,P,0.00,released,RELEASED
2026-05-21 22:00:01.917,177.2921,,slider,1,0,0.00,-0.00,0.00,ACTIVE,NONE,4430,0,P,P,0.00,released,RELEASED
2026-05-21 22:00:02.316,177.6905,,slider,1,0,0.00,-0.00,0.00,ACTIVE,NONE,4440,0,P,P,0.00,released,RELEASED
2026-05-21 22:00:02.716,178.0905,,slider,1,0,0.00,-0.00,0.00,ACTIVE,NONE,4450,0,P,P,0.00,released,RELEASED
2026-05-21 22:00:03.116,178.4905,,slider,1,0,0.00,-0.00,0.00,ACTIVE,NONE,4460,0,P,P,0.00,released,RELEASED
2026-05-21 22:00:03.516,178.8905,,slider,1,0,0.00,-0.00,0.00,ACTIVE,NONE,4470,0,P,P,0.00,released,RELEASED
2026-05-21 22:00:03.916,179.2905,,slider,1,0,0.00,-0.59,0.00,ACTIVE,NONE,4480,0,P,P,0.00,released,RELEASED
2026-05-21 22:00:04.318,179.6929,,slider,1,0,0.00,-0.03,0.00,ACTIVE,NONE,4490,0,P,P,0.00,released,RELEASED
2026-05-21 22:00:04.719,180.0934,,slider,1,0,0.00,-0.00,0.00,ACTIVE,NONE,4500,0,P,P,0.00,released,RELEASED
2026-05-21 22:00:05.118,180.4926,,slider,1,0,0.00,-0.00,0.00,ACTIVE,NONE,4510,0,P,P,0.00,released,RELEASED
2026-05-21 22:00:05.517,180.8916,,slider,1,0,0.00,-0.00,0.00,ACTIVE,NONE,4520,0,P,P,0.00,released,RELEASED
2026-05-21 22:00:05.918,181.2926,,slider,1,0,0.00,-0.00,0.00,ACTIVE,NONE,4530,0,P,P,0.00,released,RELEASED
2026-05-21 22:00:06.319,181.6934,,slider,1,0,0.00,-0.00,0.00,ACTIVE,NONE,4540,0,P,P,0.00,released,RELEASED
2026-05-21 22:00:06.719,182.0935,,slider,1,0,0.00,-0.00,0.00,ACTIVE,NONE,4550,0,P,P,0.00,released,RELEASED
2026-05-21 22:00:07.116,182.4908,,slider,1,0,0.00,-0.00,0.00,ACTIVE,NONE,4560,0,P,P,0.00,released,RELEASED
2026-05-21 22:00:07.517,182.8918,,slider,1,0,0.00,-0.00,0.00,ACTIVE,NONE,4570,0,P,P,0.00,released,RELEASED
2026-05-21 22:00:07.919,183.2937,,slider,1,0,0.00,-0.00,0.00,ACTIVE,NONE,4580,0,P,P,0.00,released,RELEASED
2026-05-21 22:00:08.319,183.6934,,slider,1,0,0.00,-0.00,0.00,ACTIVE,NONE,4590,0,P,P,0.00,released,RELEASED
2026-05-21 22:00:08.718,184.0931,,slider,1,0,0.00,-0.00,0.00,ACTIVE,NONE,4600,0,P,P,0.00,released,RELEASED
2026-05-21 22:00:09.118,184.4930,,slider,1,0,-12.99,-2.88,-0.10,ACTIVE,NONE,4610,0,P,P,0.00,released,RELEASED
2026-05-21 22:00:09.523,184.8980,,slider,1,0,-119.61,-42.48,-22.80,ACTIVE,NONE,4620,0,P,P,0.00,PRESSED,FAULT
2026-05-21 22:00:09.924,185.2986,,slider,1,0,-204.90,-114.48,-93.00,ACTIVE,NONE,4630,0,P,P,0.00,PRESSED,FAULT
2026-05-21 22:00:10.327,185.7020,,slider,1,0,-272.03,-186.48,-164.70,ACTIVE,NONE,4640,0,P,P,0.00,PRESSED,FAULT
2026-05-21 22:00:10.728,186.1024,,slider,1,0,-360.00,-258.48,-236.80,ACTIVE,NONE,4650,0,P,P,0.00,PRESSED,FAULT
2026-05-21 22:00:11.127,186.5019,,slider,1,0,-360.00,-330.48,-308.20,ACTIVE,NONE,4660,0,P,P,0.00,PRESSED,FAULT
2026-05-21 22:00:11.527,186.9021,,slider,1,0,-360.00,-359.95,-355.80,ACTIVE,NONE,4670,0,P,P,0.00,PRESSED,FAULT
2026-05-21 22:00:11.928,187.3025,,slider,1,0,-198.37,-341.73,-357.80,ACTIVE,NONE,4680,0,P,P,0.00,PRESSED,FAULT
2026-05-21 22:00:12.328,187.7023,,slider,1,0,41.74,-269.73,-298.70,ACTIVE,NONE,4690,0,P,P,0.00,PRESSED,FAULT
2026-05-21 22:00:12.727,188.1022,,slider,1,0,43.60,-197.73,-221.40,ACTIVE,NONE,4700,0,P,P,0.00,PRESSED,FAULT
2026-05-21 22:00:13.129,188.5034,,slider,1,0,41.74,-125.73,-149.00,ACTIVE,NONE,4710,0,P,P,0.00,PRESSED,FAULT
2026-05-21 22:00:13.524,188.8987,,slider,1,0,41.74,-59.73,-79.60,ACTIVE,NONE,4720,0,P,P,0.00,PRESSED,FAULT
2026-05-21 22:00:13.926,189.3007,,slider,1,0,41.74,12.27,-10.00,ACTIVE,NONE,4730,0,P,P,0.00,PRESSED,FAULT
2026-05-21 22:00:14.326,189.7012,,slider,1,0,47.36,44.87,39.60,ACTIVE,NONE,4740,0,P,P,0.00,PRESSED,FAULT
2026-05-21 22:00:14.726,190.1010,,slider,1,0,94.93,78.19,65.60,ACTIVE,NONE,4750,0,P,P,0.00,PRESSED,FAULT
2026-05-21 22:00:15.132,190.5069,,slider,1,0,169.19,126.79,108.30,ACTIVE,NONE,4760,0,P,P,0.00,released,RELEASED
2026-05-21 22:00:15.522,190.8967,,slider,1,0,226.92,195.79,174.60,ACTIVE,NONE,4770,0,P,P,0.00,released,RELEASED
2026-05-21 22:00:15.923,191.2975,,slider,1,0,279.21,253.55,243.20,ACTIVE,NONE,4780,0,P,P,0.00,released,RELEASED
2026-05-21 22:00:16.323,191.6979,,slider,1,0,360.00,322.13,300.70,ACTIVE,NONE,4790,0,P,P,0.00,released,RELEASED
2026-05-21 22:00:16.724,192.0990,,slider,1,0,302.26,355.31,352.80,ACTIVE,NONE,4800,0,P,P,0.00,released,RELEASED
2026-05-21 22:00:17.124,192.4991,,slider,1,0,60.61,283.31,310.20,ACTIVE,NONE,4810,0,P,P,0.00,released,RELEASED
2026-05-21 22:00:17.524,192.8990,,slider,1,0,0.00,211.31,234.60,ACTIVE,NONE,4820,0,P,P,0.00,released,RELEASED
2026-05-21 22:00:17.925,193.2999,,slider,1,0,0.00,139.31,161.00,ACTIVE,NONE,4830,0,P,P,0.00,released,RELEASED
2026-05-21 22:00:18.325,193.7000,,slider,1,0,0.00,67.31,88.90,ACTIVE,NONE,4840,0,P,P,0.00,released,RELEASED
2026-05-21 22:00:18.726,194.1004,,slider,1,0,0.00,0.00,17.70,ACTIVE,NONE,4850,0,P,P,0.00,released,RELEASED
2026-05-21 22:00:19.126,194.5012,,slider,1,0,0.00,0.00,1.00,ACTIVE,NONE,4860,0,P,P,0.00,released,RELEASED
2026-05-21 22:00:19.526,194.9012,,slider,1,0,0.00,0.00,0.00,ACTIVE,NONE,4870,0,P,P,0.00,released,RELEASED
2026-05-21 22:00:19.927,195.3014,,slider,1,0,0.00,0.00,-0.10,ACTIVE,NONE,4880,0,P,P,0.00,released,RELEASED
2026-05-21 22:00:20.326,195.7011,,slider,1,0,0.00,0.00,-0.10,ACTIVE,NONE,4890,0,P,P,0.00,released,RELEASED
2026-05-21 22:00:20.727,196.1013,,slider,1,0,0.00,0.00,-0.10,ACTIVE,NONE,4900,0,P,P,0.00,released,RELEASED
2026-05-21 22:00:21.127,196.5016,,slider,1,0,0.00,0.00,-0.10,ACTIVE,NONE,4910,0,P,P,0.00,released,RELEASED
2026-05-21 22:00:21.526,196.9012,,slider,1,0,0.00,0.00,-0.10,ACTIVE,NONE,4920,0,P,P,0.00,released,RELEASED
2026-05-21 22:00:21.926,197.3010,,slider,1,0,0.00,0.00,-0.10,ACTIVE,NONE,4930,0,P,P,0.00,released,RELEASED
2026-05-21 22:00:22.327,197.7016,,slider,1,0,0.00,0.00,-0.10,ACTIVE,NONE,4940,0,P,P,0.00,released,RELEASED
2026-05-21 22:00:22.727,198.1015,,slider,1,0,0.00,0.00,-0.10,ACTIVE,NONE,4950,0,P,P,0.00,released,RELEASED
2026-05-21 22:00:23.127,198.5014,,slider,1,0,0.00,0.00,-0.10,ACTIVE,NONE,4960,0,P,P,0.00,released,RELEASED
2026-05-21 22:00:23.517,198.8914,,slider,1,0,-96.58,-55.98,-36.00,ACTIVE,NONE,4970,0,P,P,0.00,released,RELEASED
2026-05-21 22:00:23.925,199.2995,,slider,1,0,-261.88,-127.98,-106.20,ACTIVE,NONE,4980,0,P,P,0.00,released,RELEASED
2026-05-21 22:00:24.325,199.6995,,slider,1,0,-355.64,-199.98,-178.70,ACTIVE,NONE,4990,0,P,P,0.00,released,RELEASED
2026-05-21 22:00:24.725,200.0998,,slider,1,0,-355.64,-271.98,-250.80,ACTIVE,NONE,5000,0,P,P,0.00,released,RELEASED
2026-05-21 22:00:25.125,200.5000,,slider,1,0,-355.64,-343.98,-322.00,ACTIVE,NONE,5010,0,P,P,0.00,released,RELEASED
2026-05-21 22:00:25.526,200.9004,,slider,1,0,-355.64,-357.57,-355.70,ACTIVE,NONE,5020,0,P,P,0.00,released,RELEASED
2026-05-21 22:00:25.928,201.3028,,slider,1,0,0.00,-302.55,-329.10,ACTIVE,NONE,5030,0,P,P,0.00,released,RELEASED
2026-05-21 22:00:26.329,201.7040,,slider,1,0,0.00,-230.55,-256.50,ACTIVE,NONE,5040,0,P,P,0.00,released,RELEASED
2026-05-21 22:00:26.729,202.1038,,slider,1,0,0.00,-158.55,-182.30,ACTIVE,NONE,5050,0,P,P,0.00,released,RELEASED
2026-05-21 22:00:27.129,202.5038,,slider,1,0,0.00,-86.55,-110.10,ACTIVE,NONE,5060,0,P,P,0.00,released,RELEASED
2026-05-21 22:00:27.517,202.8915,,slider,1,0,8.77,-17.55,-38.40,ACTIVE,NONE,5070,0,P,P,0.00,released,RELEASED
2026-05-21 22:00:27.921,203.2954,,slider,1,0,26.53,21.07,13.30,ACTIVE,NONE,5080,0,P,P,0.00,released,RELEASED
2026-05-21 22:00:28.321,203.6961,,slider,1,0,34.11,28.36,25.30,ACTIVE,NONE,5090,0,P,P,0.00,released,RELEASED
2026-05-21 22:00:28.722,204.0965,,slider,1,0,71.46,54.09,44.50,ACTIVE,NONE,5100,0,P,P,0.00,released,RELEASED
2026-05-21 22:00:29.122,204.4970,,slider,1,0,182.11,122.65,100.40,ACTIVE,NONE,5110,0,P,P,0.00,released,RELEASED
2026-05-21 22:00:29.522,204.8967,,slider,1,0,322.16,194.65,172.20,ACTIVE,NONE,5120,0,P,P,0.00,released,RELEASED
2026-05-21 22:00:29.922,205.2972,,slider,1,0,355.64,266.65,244.60,ACTIVE,NONE,5130,0,P,P,0.00,released,RELEASED
2026-05-21 22:00:30.321,205.6962,,slider,1,0,360.00,338.65,316.20,ACTIVE,NONE,5140,0,P,P,0.00,released,RELEASED
2026-05-21 22:00:30.725,206.1002,,slider,1,0,355.64,356.79,354.00,ACTIVE,NONE,5150,0,P,P,0.00,released,RELEASED
2026-05-21 22:00:31.124,206.4991,,slider,1,0,38.73,313.52,339.10,ACTIVE,NONE,5160,0,P,P,0.00,released,RELEASED
2026-05-21 22:00:31.524,206.8985,,slider,1,0,-10.23,241.52,267.60,ACTIVE,NONE,5170,0,P,P,0.00,released,RELEASED
2026-05-21 22:00:31.924,207.2990,,slider,1,0,0.00,169.52,192.20,ACTIVE,NONE,5180,0,P,P,0.00,released,RELEASED
2026-05-21 22:00:32.323,207.6980,,slider,1,0,-26.53,97.52,119.90,ACTIVE,NONE,5190,0,P,P,0.00,released,RELEASED
2026-05-21 22:00:32.727,208.1022,,slider,1,0,-61.22,25.52,48.00,ACTIVE,NONE,5200,0,P,P,0.00,released,RELEASED
2026-05-21 22:00:33.124,208.4983,,slider,1,0,0.00,-6.74,-10.90,ACTIVE,NONE,5210,0,P,P,0.00,released,RELEASED
2026-05-21 22:00:33.527,208.9014,,slider,1,0,0.00,-0.33,-2.50,ACTIVE,NONE,5220,0,P,P,0.00,released,RELEASED
2026-05-21 22:00:33.926,209.3004,,slider,1,0,0.00,-0.02,-0.50,ACTIVE,NONE,5230,0,P,P,0.00,released,RELEASED
2026-05-21 22:00:34.325,209.6997,,slider,1,0,0.00,-0.00,-0.20,ACTIVE,NONE,5240,0,P,P,0.00,released,RELEASED
2026-05-21 22:00:34.726,210.1008,,slider,1,0,0.00,-0.00,-0.10,ACTIVE,NONE,5250,0,P,P,0.00,released,RELEASED
2026-05-21 22:00:35.125,210.4996,,slider,1,0,0.00,-0.00,-0.10,ACTIVE,NONE,5260,0,P,P,0.00,released,RELEASED
2026-05-21 22:00:35.526,210.9009,,slider,1,0,0.00,-0.00,-0.10,ACTIVE,NONE,5270,0,P,P,0.00,released,RELEASED
2026-05-21 22:00:35.925,211.3002,,slider,1,0,0.00,-0.00,-0.10,ACTIVE,NONE,5280,0,P,P,0.00,released,RELEASED
2026-05-21 22:00:36.325,211.6993,,slider,1,0,0.00,-0.00,-0.10,ACTIVE,NONE,5290,0,P,P,0.00,released,RELEASED
2026-05-21 22:00:36.725,212.0995,,slider,1,0,0.00,-0.00,0.00,ACTIVE,NONE,5300,0,P,P,0.00,released,RELEASED
2026-05-21 22:00:37.125,212.5000,,slider,1,0,0.00,-0.00,0.00,ACTIVE,NONE,5310,0,P,P,0.00,released,RELEASED
2026-05-21 22:00:37.530,212.9049,,slider,1,0,0.00,-0.00,0.00,ACTIVE,NONE,5320,0,P,P,0.00,PRESSED,FAULT
2026-05-21 22:00:37.584,212.9584,shift_requested:R,slider,1,0,0.00,-0.00,0.00,ACTIVE,NONE,5321,0,P,R,0.00,PRESSED,FAULT
2026-05-21 22:00:37.586,212.9613,gear_change:R,slider,1,0,0.00,-0.00,0.00,ACTIVE,NONE,5321,0,R,R,0.00,PRESSED,FAULT
2026-05-21 22:00:37.929,213.3040,,slider,1,0,0.00,-0.00,0.00,ACTIVE,NONE,5330,0,R,R,-0.15,released,RELEASED
2026-05-21 22:00:38.330,213.7053,,slider,1,0,0.00,-0.00,0.00,ACTIVE,NONE,5340,0,R,R,-0.10,released,RELEASED
2026-05-21 22:00:38.730,214.1046,,slider,1,0,0.00,-0.00,0.00,ACTIVE,NONE,5350,0,R,R,-0.10,PRESSED,FAULT
2026-05-21 22:00:39.131,214.5054,,slider,1,0,0.00,-0.00,0.00,ACTIVE,NONE,5360,0,R,R,0.05,PRESSED,FAULT
2026-05-21 22:00:39.530,214.9045,,slider,1,0,0.00,-0.00,0.00,ACTIVE,NONE,5370,0,R,R,0.05,PRESSED,FAULT
2026-05-21 22:00:39.930,215.3048,,slider,1,0,0.00,-0.00,0.00,ACTIVE,NONE,5380,0,R,R,0.05,PRESSED,FAULT
2026-05-21 22:00:40.330,215.7048,,slider,1,0,0.00,-0.00,0.00,ACTIVE,NONE,5390,0,R,R,0.00,PRESSED,FAULT
2026-05-21 22:00:40.731,216.1060,,slider,1,0,0.00,-0.00,0.00,ACTIVE,NONE,5400,0,R,R,0.00,PRESSED,FAULT
2026-05-21 22:00:41.130,216.5049,,slider,1,0,0.00,-0.00,0.00,ACTIVE,NONE,5410,0,R,R,0.00,PRESSED,FAULT
2026-05-21 22:00:41.530,216.9048,,slider,1,0,0.00,-0.00,0.00,ACTIVE,NONE,5420,0,R,R,0.00,PRESSED,FAULT
2026-05-21 22:00:41.930,217.3052,,slider,1,0,0.00,-0.00,0.00,ACTIVE,NONE,5430,0,R,R,0.00,PRESSED,FAULT
2026-05-21 22:00:42.330,217.7051,,slider,1,0,0.00,-0.00,0.00,ACTIVE,NONE,5440,0,R,R,0.00,PRESSED,FAULT
2026-05-21 22:00:42.730,218.1048,,slider,1,0,0.00,-0.00,0.00,ACTIVE,NONE,5450,0,R,R,0.00,PRESSED,FAULT
2026-05-21 22:00:43.130,218.5049,,slider,1,0,0.00,-0.00,0.00,ACTIVE,NONE,5460,0,R,R,0.00,PRESSED,FAULT
2026-05-21 22:00:43.531,218.9060,,slider,1,0,0.00,-0.00,0.00,ACTIVE,NONE,5470,0,R,R,0.00,PRESSED,FAULT
2026-05-21 22:00:43.930,219.3051,,slider,1,0,0.00,-0.00,0.00,ACTIVE,NONE,5480,0,R,R,0.00,PRESSED,FAULT
2026-05-21 22:00:44.330,219.7051,,slider,1,0,0.00,-0.00,0.00,ACTIVE,NONE,5490,0,R,R,0.00,PRESSED,FAULT
2026-05-21 22:00:44.730,220.1051,,slider,1,0,0.00,-0.00,0.00,ACTIVE,NONE,5500,0,R,R,0.00,PRESSED,FAULT
2026-05-21 22:00:44.941,220.3162,shift_requested:N,slider,1,0,0.00,-0.00,0.00,ACTIVE,NONE,5505,0,R,R,0.00,PRESSED,FAULT
2026-05-21 22:00:45.116,220.4907,,slider,1,0,0.00,-0.00,0.00,ACTIVE,NONE,5510,0,R,N,0.00,PRESSED,FAULT
2026-05-21 22:00:45.252,220.6269,gear_change:N,slider,1,0,0.00,-0.00,0.00,ACTIVE,NONE,5513,0,N,N,0.00,PRESSED,FAULT
2026-05-21 22:00:45.516,220.8907,,slider,1,0,0.00,-0.00,0.00,ACTIVE,NONE,5520,0,N,N,0.00,PRESSED,FAULT
2026-05-21 22:00:45.915,221.2897,,slider,1,0,0.00,-0.00,0.00,ACTIVE,NONE,5530,0,N,N,0.00,PRESSED,FAULT
2026-05-21 22:00:46.316,221.6905,,slider,1,0,0.00,-0.00,0.00,ACTIVE,NONE,5540,0,N,N,0.00,PRESSED,FAULT
2026-05-21 22:00:46.732,222.1067,,slider,1,0,0.00,-0.00,0.00,ACTIVE,NONE,5550,0,N,N,0.00,PRESSED,FAULT
2026-05-21 22:00:47.117,222.4914,,slider,1,0,0.00,-0.00,0.00,ACTIVE,NONE,5560,0,N,N,0.00,PRESSED,FAULT
2026-05-21 22:00:47.516,222.8913,,slider,1,0,0.00,-0.00,0.00,ACTIVE,NONE,5570,0,N,N,0.00,PRESSED,FAULT
2026-05-21 22:00:47.933,223.3082,,slider,1,0,0.00,-0.00,0.00,ACTIVE,NONE,5580,0,N,N,0.00,PRESSED,FAULT
2026-05-21 22:00:48.332,223.7070,,slider,1,0,0.00,-0.00,0.00,ACTIVE,NONE,5590,0,N,N,0.00,PRESSED,FAULT
2026-05-21 22:00:48.716,224.0912,,slider,1,0,0.00,-0.00,0.00,ACTIVE,NONE,5600,0,N,N,0.00,PRESSED,FAULT
2026-05-21 22:00:49.098,224.4725,shift_requested:R,slider,1,0,0.00,-0.00,0.00,ACTIVE,NONE,5609,0,N,N,0.00,PRESSED,FAULT
2026-05-21 22:00:49.147,224.5221,gear_change:R,slider,1,0,0.00,-0.00,0.00,ACTIVE,NONE,5609,0,R,R,0.00,PRESSED,FAULT
2026-05-21 22:00:49.157,224.5322,,slider,1,0,0.00,-0.00,0.00,ACTIVE,NONE,5610,0,R,R,0.00,PRESSED,FAULT
2026-05-21 22:00:49.557,224.9322,,slider,1,0,0.00,-0.00,0.00,ACTIVE,NONE,5620,0,R,R,-0.10,PRESSED,FAULT
2026-05-21 22:00:49.957,225.3323,,slider,1,0,0.00,-0.00,0.00,ACTIVE,NONE,5630,0,R,R,-0.10,PRESSED,FAULT
2026-05-21 22:00:50.358,225.7324,,slider,1,0,0.00,-0.00,0.00,ACTIVE,NONE,5640,0,R,R,0.00,PRESSED,FAULT
2026-05-21 22:00:50.757,226.1321,,slider,1,0,0.00,-0.00,0.00,ACTIVE,NONE,5650,0,R,R,0.00,PRESSED,FAULT
2026-05-21 22:00:51.158,226.5331,,slider,1,0,0.00,-0.00,0.00,ACTIVE,NONE,5660,0,R,R,0.00,PRESSED,FAULT
2026-05-21 22:00:51.559,226.9337,,slider,1,0,0.00,-0.00,0.00,ACTIVE,NONE,5670,0,R,R,0.00,PRESSED,FAULT
2026-05-21 22:00:51.958,227.3323,,slider,1,0,0.00,-0.00,0.00,ACTIVE,NONE,5680,0,R,R,0.00,PRESSED,FAULT
2026-05-21 22:00:52.358,227.7329,,slider,1,0,0.00,-0.00,0.00,ACTIVE,NONE,5690,0,R,R,0.00,PRESSED,FAULT
2026-05-21 22:00:52.758,228.1331,,slider,1,0,0.00,-0.00,0.00,ACTIVE,NONE,5700,0,R,R,0.00,PRESSED,FAULT
2026-05-21 22:00:53.159,228.5340,,slider,1,0,0.00,-0.00,0.00,ACTIVE,NONE,5710,0,R,R,0.00,PRESSED,FAULT
2026-05-21 22:00:53.557,228.9319,,slider,1,0,0.00,-0.00,0.00,ACTIVE,NONE,5720,0,R,R,0.00,PRESSED,FAULT
2026-05-21 22:00:53.958,229.3332,,slider,1,0,0.00,-0.00,0.00,ACTIVE,NONE,5730,0,R,R,0.00,PRESSED,FAULT
2026-05-21 22:00:54.357,229.7322,,slider,1,0,0.00,-0.00,0.00,ACTIVE,NONE,5740,0,R,R,0.00,PRESSED,FAULT
2026-05-21 22:00:54.757,230.1321,,slider,1,0,0.00,-0.00,0.00,ACTIVE,NONE,5750,0,R,R,0.00,PRESSED,FAULT
2026-05-21 22:00:55.157,230.5323,,slider,1,0,0.00,-0.00,0.00,ACTIVE,NONE,5760,0,R,R,0.00,PRESSED,FAULT
2026-05-21 22:00:55.558,230.9331,,slider,1,0,0.00,-0.00,0.00,ACTIVE,NONE,5770,0,R,R,0.00,PRESSED,FAULT
2026-05-21 22:00:55.958,231.3330,,slider,1,0,0.00,-0.00,0.00,ACTIVE,NONE,5780,0,R,R,0.00,PRESSED,FAULT
2026-05-21 22:00:56.357,231.7321,,slider,1,0,0.00,-0.00,0.00,ACTIVE,NONE,5790,0,R,R,0.00,PRESSED,FAULT
2026-05-21 22:00:56.759,232.1341,,slider,1,0,0.00,-0.00,0.00,ACTIVE,NONE,5800,0,R,R,0.00,PRESSED,FAULT
2026-05-21 22:00:56.888,232.2625,shift_requested:P,slider,1,0,0.00,-0.00,0.00,ACTIVE,NONE,5803,0,R,R,0.00,PRESSED,FAULT
2026-05-21 22:00:57.162,232.5366,,slider,1,0,0.00,-0.00,0.00,ACTIVE,NONE,5810,0,R,P,0.00,PRESSED,FAULT
2026-05-21 22:00:57.202,232.5764,gear_change:P,slider,1,0,0.00,-0.00,0.00,ACTIVE,NONE,5811,0,P,P,0.00,PRESSED,FAULT
2026-05-21 22:00:57.564,232.9386,,slider,1,0,0.00,-0.00,0.00,ACTIVE,NONE,5820,0,P,P,0.00,PRESSED,FAULT
2026-05-21 22:00:57.953,233.3279,shift_requested:P,slider,1,0,0.00,-0.00,0.00,ACTIVE,NONE,5829,0,P,P,0.00,PRESSED,FAULT
2026-05-21 22:00:57.964,233.3388,,slider,1,0,0.00,-0.00,0.00,ACTIVE,NONE,5830,0,P,P,0.00,PRESSED,FAULT
2026-05-21 22:00:58.364,233.7392,,slider,1,0,0.00,-0.00,0.00,ACTIVE,NONE,5840,0,P,P,0.00,PRESSED,FAULT
2026-05-21 22:00:58.766,234.1405,,slider,1,0,0.00,-0.00,0.00,ACTIVE,NONE,5850,0,P,P,0.00,released,RELEASED
2026-05-21 22:00:59.166,234.5407,,slider,1,0,0.00,-0.00,0.00,ACTIVE,NONE,5860,0,P,P,0.00,released,RELEASED
2026-05-21 22:00:59.566,234.9409,,slider,1,0,0.00,-0.00,0.00,ACTIVE,NONE,5870,0,P,P,0.00,released,RELEASED
2026-05-21 22:00:59.967,235.3413,,slider,1,0,0.00,-0.00,0.00,ACTIVE,NONE,5880,0,P,P,0.00,released,RELEASED
2026-05-21 22:01:00.366,235.7409,,slider,1,0,0.00,-0.00,0.00,ACTIVE,NONE,5890,0,P,P,0.00,released,RELEASED
2026-05-21 22:01:00.766,236.1413,,slider,1,0,0.00,-0.00,0.00,ACTIVE,NONE,5900,0,P,P,0.00,released,RELEASED
2026-05-21 22:01:01.166,236.5410,,slider,1,0,0.00,-0.00,0.00,ACTIVE,NONE,5910,0,P,P,0.00,released,RELEASED
2026-05-21 22:01:01.566,236.9408,,slider,1,0,0.00,-0.00,0.00,ACTIVE,NONE,5920,0,P,P,0.00,released,RELEASED
2026-05-21 22:01:01.966,237.3408,,slider,1,0,0.00,-0.00,0.00,ACTIVE,NONE,5930,0,P,P,0.00,released,RELEASED
2026-05-21 22:01:02.366,237.7412,,slider,1,0,0.00,-0.00,0.00,ACTIVE,NONE,5940,0,P,P,0.00,released,RELEASED
2026-05-21 22:01:02.767,238.1414,,slider,1,0,0.00,-0.00,0.00,ACTIVE,NONE,5950,0,P,P,0.00,released,RELEASED
2026-05-21 22:01:03.167,238.5421,,slider,1,0,0.00,-0.00,0.00,ACTIVE,NONE,5960,0,P,P,0.00,released,RELEASED
2026-05-21 22:01:03.567,238.9417,,slider,1,0,0.00,-0.00,0.00,ACTIVE,NONE,5970,0,P,P,0.00,released,RELEASED
2026-05-21 22:01:03.967,239.3416,,slider,1,0,0.00,-0.00,0.00,ACTIVE,NONE,5980,0,P,P,0.00,released,RELEASED
2026-05-21 22:01:04.367,239.7421,,slider,1,0,0.00,-0.00,0.00,ACTIVE,NONE,5990,0,P,P,0.00,released,RELEASED
2026-05-21 22:01:04.767,240.1416,,slider,1,0,0.00,-0.00,0.00,ACTIVE,NONE,6000,0,P,P,0.00,released,RELEASED
2026-05-21 22:01:05.168,240.5425,,slider,1,0,0.00,-0.00,0.00,ACTIVE,NONE,6010,0,P,P,0.00,released,RELEASED
2026-05-21 22:01:05.567,240.9423,,slider,1,0,0.00,-0.00,0.00,ACTIVE,NONE,6020,0,P,P,0.00,released,RELEASED
2026-05-21 22:01:05.967,241.3422,,slider,1,0,0.00,-0.00,0.00,ACTIVE,NONE,6030,0,P,P,0.00,released,RELEASED
2026-05-21 22:01:06.367,241.7418,,slider,1,0,0.00,-0.00,0.00,ACTIVE,NONE,6040,0,P,P,0.00,released,RELEASED
2026-05-21 22:01:06.767,242.1422,,slider,1,0,0.00,-0.00,0.00,ACTIVE,NONE,6050,0,P,P,0.00,released,RELEASED
2026-05-21 22:01:07.168,242.5431,,slider,1,0,0.00,-0.00,0.00,ACTIVE,NONE,6060,0,P,P,0.00,released,RELEASED
2026-05-21 22:01:07.567,242.9420,,slider,1,0,0.00,-0.00,0.00,ACTIVE,NONE,6070,0,P,P,0.00,released,RELEASED
2026-05-21 22:01:07.967,243.3420,,slider,1,0,0.00,-0.00,0.00,ACTIVE,NONE,6080,0,P,P,0.00,released,RELEASED
2026-05-21 22:01:08.369,243.7434,,slider,1,0,0.00,-0.00,0.00,ACTIVE,NONE,6090,0,P,P,0.00,released,RELEASED
2026-05-21 22:01:08.768,244.1431,,slider,1,0,0.00,-0.00,0.00,ACTIVE,NONE,6100,0,P,P,0.00,released,RELEASED
2026-05-21 22:01:09.168,244.5428,,slider,1,0,0.00,-0.00,0.00,ACTIVE,NONE,6110,0,P,P,0.00,released,RELEASED
2026-05-21 22:01:09.568,244.9429,,slider,1,0,0.00,-0.00,0.00,ACTIVE,NONE,6120,0,P,P,0.00,released,RELEASED
2026-05-21 22:01:09.967,245.3422,,slider,1,0,0.00,-0.00,0.00,ACTIVE,NONE,6130,0,P,P,0.00,released,RELEASED
2026-05-21 22:01:10.368,245.7428,,slider,1,0,0.00,-0.00,0.00,ACTIVE,NONE,6140,0,P,P,0.00,released,RELEASED
2026-05-21 22:01:10.768,246.1428,,slider,1,0,0.00,-0.00,0.00,ACTIVE,NONE,6150,0,P,P,0.00,released,RELEASED
2026-05-21 22:01:11.168,246.5427,,slider,1,0,0.00,-0.00,0.00,ACTIVE,NONE,6160,0,P,P,0.00,released,RELEASED
2026-05-21 22:01:11.568,246.9431,,slider,1,0,0.00,-0.00,0.00,ACTIVE,NONE,6170,0,P,P,0.00,released,RELEASED
2026-05-21 22:01:11.968,247.3427,,slider,1,0,0.00,-0.00,0.00,ACTIVE,NONE,6180,0,P,P,0.00,released,RELEASED
2026-05-21 22:01:12.368,247.7428,,slider,1,0,0.00,-0.00,0.00,ACTIVE,NONE,6190,0,P,P,0.00,released,RELEASED
2026-05-21 22:01:12.768,248.1430,,slider,1,0,0.00,-0.00,0.00,ACTIVE,NONE,6200,0,P,P,0.00,released,RELEASED
2026-05-21 22:01:13.168,248.5428,,slider,1,0,0.00,-0.00,0.00,ACTIVE,NONE,6210,0,P,P,0.00,released,RELEASED
2026-05-21 22:01:13.568,248.9426,,slider,1,0,0.00,-0.00,0.00,ACTIVE,NONE,6220,0,P,P,0.00,released,RELEASED
2026-05-21 22:01:13.968,249.3427,,slider,1,0,0.00,-0.00,0.00,ACTIVE,NONE,6230,0,P,P,0.00,released,RELEASED
2026-05-21 22:01:14.369,249.7435,,slider,1,0,0.00,-0.00,0.00,ACTIVE,NONE,6240,0,P,P,0.00,released,RELEASED
2026-05-21 22:01:14.768,250.1431,,slider,1,0,0.00,-0.00,0.00,ACTIVE,NONE,6250,0,P,P,0.00,released,RELEASED
2026-05-21 22:01:15.169,250.5434,,slider,1,0,0.00,-0.00,0.00,ACTIVE,NONE,6260,0,P,P,0.00,released,RELEASED
2026-05-21 22:01:15.569,250.9436,,slider,1,0,0.00,-0.00,0.00,ACTIVE,NONE,6270,0,P,P,0.00,released,RELEASED
2026-05-21 22:01:15.968,251.3429,,slider,1,0,0.00,-0.00,0.00,ACTIVE,NONE,6280,0,P,P,0.00,released,RELEASED
2026-05-21 22:01:16.369,251.7439,,slider,1,0,0.00,-0.00,0.00,ACTIVE,NONE,6290,0,P,P,0.00,released,RELEASED
2026-05-21 22:01:16.768,252.1432,,slider,1,0,0.00,-0.00,0.00,ACTIVE,NONE,6300,0,P,P,0.00,released,RELEASED
2026-05-21 22:01:17.168,252.5432,,slider,1,0,0.00,-0.00,0.00,ACTIVE,NONE,6310,0,P,P,0.00,released,RELEASED
2026-05-21 22:01:17.569,252.9437,,slider,1,0,0.00,-0.00,0.00,ACTIVE,NONE,6320,0,P,P,0.00,released,RELEASED
2026-05-21 22:01:17.969,253.3440,,slider,1,0,0.00,-0.00,0.00,ACTIVE,NONE,6330,0,P,P,0.00,released,RELEASED
2026-05-21 22:01:18.370,253.7446,,slider,1,0,0.00,-0.00,0.00,ACTIVE,NONE,6340,0,P,P,0.00,released,RELEASED
2026-05-21 22:01:18.755,254.1298,,slider,1,0,0.00,-0.00,0.00,ACTIVE,NONE,6350,0,P,P,0.00,released,RELEASED
2026-05-21 22:01:19.169,254.5435,,slider,1,0,0.00,-0.00,0.00,ACTIVE,NONE,6360,0,P,P,0.00,released,RELEASED
2026-05-21 22:01:19.568,254.9433,,slider,1,0,0.00,-0.00,0.00,ACTIVE,NONE,6370,0,P,P,0.00,released,RELEASED
2026-05-21 22:01:19.969,255.3442,,slider,1,0,0.00,-0.00,0.00,ACTIVE,NONE,6380,0,P,P,0.00,released,RELEASED
2026-05-21 22:01:20.369,255.7440,,slider,1,0,0.00,-0.00,0.00,ACTIVE,NONE,6390,0,P,P,0.00,released,RELEASED
2026-05-21 22:01:20.769,256.1435,,slider,1,0,0.00,-0.00,0.00,ACTIVE,NONE,6400,0,P,P,0.00,released,RELEASED
2026-05-21 22:01:21.169,256.5437,,slider,1,0,0.00,-0.00,0.00,ACTIVE,NONE,6410,0,P,P,0.00,released,RELEASED
2026-05-21 22:01:21.569,256.9437,,slider,1,0,0.00,-0.00,0.00,ACTIVE,NONE,6420,0,P,P,0.00,released,RELEASED
2026-05-21 22:01:21.969,257.3442,,slider,1,0,0.00,-0.00,0.00,ACTIVE,NONE,6430,0,P,P,0.00,released,RELEASED
2026-05-21 22:01:22.369,257.7437,,slider,1,0,0.00,-0.00,0.00,ACTIVE,NONE,6440,0,P,P,0.00,released,RELEASED
2026-05-21 22:01:22.769,258.1440,,slider,1,0,0.00,-0.00,0.00,ACTIVE,NONE,6450,0,P,P,0.00,released,RELEASED
2026-05-21 22:01:23.169,258.5442,,slider,1,0,0.00,-0.00,0.00,ACTIVE,NONE,6460,0,P,P,0.00,released,RELEASED
2026-05-21 22:01:23.569,258.9436,,slider,1,0,0.00,-0.00,0.00,ACTIVE,NONE,6470,0,P,P,0.00,released,RELEASED
2026-05-21 22:01:23.969,259.3438,,slider,1,0,0.00,-0.00,0.00,ACTIVE,NONE,6480,0,P,P,0.00,released,RELEASED
2026-05-21 22:01:24.371,259.7459,,slider,1,0,0.00,-0.00,0.00,ACTIVE,NONE,6490,0,P,P,0.00,released,RELEASED
2026-05-21 22:01:24.769,260.1442,,slider,1,0,0.00,-0.00,0.00,ACTIVE,NONE,6500,0,P,P,0.00,released,RELEASED
2026-05-21 22:01:25.169,260.5439,,slider,1,0,0.00,-0.00,0.00,ACTIVE,NONE,6510,0,P,P,0.00,released,RELEASED
2026-05-21 22:01:25.569,260.9440,,slider,1,0,0.00,-0.00,0.00,ACTIVE,NONE,6520,0,P,P,0.00,released,RELEASED
2026-05-21 22:01:25.969,261.3443,,slider,1,0,0.00,-0.00,0.00,ACTIVE,NONE,6530,0,P,P,0.00,released,RELEASED
2026-05-21 22:01:26.370,261.7443,,slider,1,0,0.00,-0.00,0.00,ACTIVE,NONE,6540,0,P,P,0.00,released,RELEASED
2026-05-21 22:01:26.770,262.1445,,slider,1,0,0.00,-0.00,0.00,ACTIVE,NONE,6550,0,P,P,0.00,released,RELEASED
2026-05-21 22:01:27.170,262.5446,,slider,1,0,0.00,-0.00,0.00,ACTIVE,NONE,6560,0,P,P,0.00,released,RELEASED
2026-05-21 22:01:27.570,262.9445,,slider,1,0,0.00,-0.00,0.00,ACTIVE,NONE,6570,0,P,P,0.00,released,RELEASED
2026-05-21 22:01:27.969,263.3442,,slider,1,0,0.00,-0.00,0.00,ACTIVE,NONE,6580,0,P,P,0.00,released,RELEASED
2026-05-21 22:01:28.372,263.7465,,slider,1,0,0.00,-0.00,0.00,ACTIVE,NONE,6590,0,P,P,0.00,released,RELEASED
2026-05-21 22:01:28.755,264.1300,,slider,1,0,0.00,-0.00,0.00,ACTIVE,NONE,6600,0,P,P,0.00,released,RELEASED
2026-05-21 22:01:29.170,264.5446,,slider,1,0,0.00,-0.00,0.00,ACTIVE,NONE,6610,0,P,P,0.00,released,RELEASED
2026-05-21 22:01:29.570,264.9448,,slider,1,0,0.00,-0.00,0.00,ACTIVE,NONE,6620,0,P,P,0.00,released,RELEASED
2026-05-21 22:01:29.970,265.3448,,slider,1,0,0.00,-0.00,0.00,ACTIVE,NONE,6630,0,P,P,0.00,released,RELEASED
2026-05-21 22:01:30.371,265.7456,,slider,1,0,0.00,-0.00,0.00,ACTIVE,NONE,6640,0,P,P,0.00,released,RELEASED
2026-05-21 22:01:30.770,266.1446,,slider,1,0,0.00,-0.00,0.00,ACTIVE,NONE,6650,0,P,P,0.00,released,RELEASED
2026-05-21 22:01:31.170,266.5448,,slider,1,0,0.00,-0.00,0.00,ACTIVE,NONE,6660,0,P,P,0.00,released,RELEASED
2026-05-21 22:01:31.555,266.9303,,slider,1,0,0.00,-0.00,0.00,ACTIVE,NONE,6670,0,P,P,0.00,released,RELEASED
2026-05-21 22:01:31.970,267.3451,,slider,1,0,0.00,-0.00,0.00,ACTIVE,NONE,6680,0,P,P,0.00,released,RELEASED
2026-05-21 22:01:32.370,267.7450,,slider,1,0,0.00,-0.00,0.00,ACTIVE,NONE,6690,0,P,P,0.00,released,RELEASED
2026-05-21 22:01:32.771,268.1456,,slider,1,0,0.00,-0.00,0.00,ACTIVE,NONE,6700,0,P,P,0.00,released,RELEASED
2026-05-21 22:01:33.171,268.5453,,slider,1,0,0.00,-0.00,0.00,ACTIVE,NONE,6710,0,P,P,0.00,released,RELEASED
2026-05-21 22:01:33.570,268.9453,,slider,1,0,0.00,-0.00,0.00,ACTIVE,NONE,6720,0,P,P,0.00,released,RELEASED
2026-05-21 22:01:33.971,269.3453,,slider,1,0,0.00,-0.00,0.00,ACTIVE,NONE,6730,0,P,P,0.00,released,RELEASED
2026-05-21 22:01:34.371,269.7458,,slider,1,0,0.00,-0.00,0.00,ACTIVE,NONE,6740,0,P,P,0.00,released,RELEASED
2026-05-21 22:01:34.771,270.1455,,slider,1,0,0.00,-0.00,0.00,ACTIVE,NONE,6750,0,P,P,0.00,released,RELEASED
2026-05-21 22:01:35.171,270.5457,,slider,1,0,0.00,-0.00,0.00,ACTIVE,NONE,6760,0,P,P,0.00,released,RELEASED
2026-05-21 22:01:35.571,270.9457,,slider,1,0,0.00,-0.00,0.00,ACTIVE,NONE,6770,0,P,P,0.00,released,RELEASED
2026-05-21 22:01:35.971,271.3457,,slider,1,0,0.00,-0.00,0.00,ACTIVE,NONE,6780,0,P,P,0.00,released,RELEASED
2026-05-21 22:01:36.371,271.7459,,slider,1,0,0.00,-0.00,0.00,ACTIVE,NONE,6790,0,P,P,0.00,released,RELEASED
2026-05-21 22:01:36.772,272.1466,,slider,1,0,0.00,-0.00,0.00,ACTIVE,NONE,6800,0,P,P,0.00,released,RELEASED
2026-05-21 22:01:37.171,272.5459,,slider,1,0,0.00,-0.00,0.00,ACTIVE,NONE,6810,0,P,P,0.00,released,RELEASED
2026-05-21 22:01:37.571,272.9460,,slider,1,0,0.00,-0.00,0.00,ACTIVE,NONE,6820,0,P,P,0.00,released,RELEASED
2026-05-21 22:01:37.972,273.3470,,slider,1,0,0.00,-0.00,0.00,ACTIVE,NONE,6830,0,P,P,0.00,released,RELEASED
2026-05-21 22:01:38.371,273.7460,,slider,1,0,0.00,-0.00,0.00,ACTIVE,NONE,6840,0,P,P,0.00,released,RELEASED
2026-05-21 22:01:38.771,274.1460,,slider,1,0,0.00,-0.00,0.00,ACTIVE,NONE,6850,0,P,P,0.00,released,RELEASED
2026-05-21 22:01:39.172,274.5466,,slider,1,0,0.00,-0.00,0.00,ACTIVE,NONE,6860,0,P,P,0.00,released,RELEASED
2026-05-21 22:01:39.571,274.9462,,slider,1,0,0.00,-0.00,0.00,ACTIVE,NONE,6870,0,P,P,0.00,released,RELEASED
2026-05-21 22:01:39.972,275.3465,,slider,1,0,0.00,-0.00,0.00,ACTIVE,NONE,6880,0,P,P,0.00,released,RELEASED
2026-05-21 22:01:40.372,275.7464,,slider,1,0,0.00,-0.00,0.00,ACTIVE,NONE,6890,0,P,P,0.00,released,RELEASED
2026-05-21 22:01:40.772,276.1465,,slider,1,0,0.00,-0.00,0.00,ACTIVE,NONE,6900,0,P,P,0.00,released,RELEASED
2026-05-21 22:01:41.172,276.5466,,slider,1,0,0.00,-0.00,0.00,ACTIVE,NONE,6910,0,P,P,0.00,released,RELEASED
2026-05-21 22:01:41.572,276.9463,,slider,1,0,0.00,-0.00,0.00,ACTIVE,NONE,6920,0,P,P,0.00,released,RELEASED
2026-05-21 22:01:41.972,277.3466,,slider,1,0,0.00,-0.00,0.00,ACTIVE,NONE,6930,0,P,P,0.00,released,RELEASED
2026-05-21 22:01:42.372,277.7468,,slider,1,0,0.00,-0.00,0.00,ACTIVE,NONE,6940,0,P,P,0.00,released,RELEASED
2026-05-21 22:01:42.772,278.1464,,slider,1,0,0.00,-0.00,0.00,ACTIVE,NONE,6950,0,P,P,0.00,released,RELEASED
2026-05-21 22:01:43.172,278.5471,,slider,1,0,0.00,-0.00,0.00,ACTIVE,NONE,6960,0,P,P,0.00,released,RELEASED
2026-05-21 22:01:43.572,278.9466,,slider,1,0,0.00,-0.00,0.00,ACTIVE,NONE,6970,0,P,P,0.00,released,RELEASED
2026-05-21 22:01:43.972,279.3469,,slider,1,0,0.00,-0.00,0.00,ACTIVE,NONE,6980,0,P,P,0.00,released,RELEASED
2026-05-21 22:01:44.372,279.7467,,slider,1,0,0.00,-0.00,0.00,ACTIVE,NONE,6990,0,P,P,0.00,released,RELEASED
2026-05-21 22:01:44.772,280.1472,,slider,1,0,0.00,-0.00,0.00,ACTIVE,NONE,7000,0,P,P,0.00,released,RELEASED
2026-05-21 22:01:45.172,280.5467,,slider,1,0,0.00,-0.00,0.00,ACTIVE,NONE,7010,0,P,P,0.00,released,RELEASED
2026-05-21 22:01:45.572,280.9468,,slider,1,0,0.00,-0.00,0.00,ACTIVE,NONE,7020,0,P,P,0.00,released,RELEASED
2026-05-21 22:01:45.972,281.3468,,slider,1,0,0.00,-0.00,0.00,ACTIVE,NONE,7030,0,P,P,0.00,released,RELEASED
2026-05-21 22:01:46.372,281.7473,,slider,1,0,0.00,-0.00,0.00,ACTIVE,NONE,7040,0,P,P,0.00,released,RELEASED
2026-05-21 22:01:46.772,282.1470,,slider,1,0,0.00,-0.00,0.00,ACTIVE,NONE,7050,0,P,P,0.00,released,RELEASED
2026-05-21 22:01:47.172,282.5470,,slider,1,0,0.00,-0.00,0.00,ACTIVE,NONE,7060,0,P,P,0.00,released,RELEASED
2026-05-21 22:01:47.557,282.9314,,slider,1,0,0.00,-0.00,0.00,ACTIVE,NONE,7070,0,P,P,0.00,released,RELEASED
2026-05-21 22:01:47.972,283.3471,,slider,1,0,0.00,-0.00,0.00,ACTIVE,NONE,7080,0,P,P,0.00,released,RELEASED
2026-05-21 22:01:48.367,283.7415,,slider,1,0,26.53,-10.01,-14.30,ACTIVE,NONE,7090,0,P,P,0.00,released,RELEASED
2026-05-21 22:01:48.767,284.1422,,slider,1,0,82.14,61.99,33.70,ACTIVE,NONE,7100,0,P,P,0.00,released,RELEASED
2026-05-21 22:01:49.169,284.5439,,slider,1,0,0.00,17.29,40.80,ACTIVE,NONE,7110,0,P,P,0.00,released,RELEASED
2026-05-21 22:01:49.570,284.9453,,slider,1,0,-59.55,-34.12,-11.70,ACTIVE,NONE,7120,0,P,P,0.00,released,RELEASED
2026-05-21 22:01:49.971,285.3461,,slider,1,0,-8.77,-62.45,-73.10,ACTIVE,NONE,7130,0,P,P,0.00,released,RELEASED
2026-05-21 22:01:50.357,285.7318,,slider,1,0,184.83,6.55,-19.00,ACTIVE,NONE,7140,0,P,P,0.00,released,RELEASED
2026-05-21 22:01:50.768,286.1431,,slider,1,0,-128.20,48.04,51.60,ACTIVE,NONE,7150,0,P,P,0.00,released,RELEASED
2026-05-21 22:01:51.155,286.5299,,slider,1,0,-193.17,-20.96,4.30,ACTIVE,NONE,7160,0,P,P,0.00,released,RELEASED
2026-05-21 22:01:51.561,286.9359,,slider,1,0,-193.17,-92.96,-68.50,ACTIVE,NONE,7170,0,P,P,0.00,released,RELEASED
2026-05-21 22:01:51.961,287.3359,,slider,1,0,-144.17,-164.96,-142.40,ACTIVE,NONE,7180,0,P,P,0.00,released,RELEASED
2026-05-21 22:01:52.365,287.7398,,slider,1,0,201.75,-107.96,-130.40,ACTIVE,NONE,7190,0,P,P,0.00,released,RELEASED
2026-05-21 22:01:52.770,288.1444,,slider,1,0,204.66,-35.96,-61.40,ACTIVE,NONE,7200,0,P,P,0.00,released,RELEASED
2026-05-21 22:01:53.168,288.5429,,slider,1,0,11.70,36.04,12.10,ACTIVE,NONE,7210,0,P,P,0.00,released,RELEASED
2026-05-21 22:01:53.561,288.9358,,slider,1,0,-132.66,5.28,26.60,ACTIVE,NONE,7220,0,P,P,0.00,released,RELEASED
2026-05-21 22:01:53.974,289.3492,,slider,1,0,158.70,-11.37,-24.80,ACTIVE,NONE,7230,0,P,P,0.00,released,RELEASED
2026-05-21 22:01:54.362,289.7372,,slider,1,0,-40.28,33.63,29.20,ACTIVE,NONE,7240,0,P,P,0.00,released,RELEASED
2026-05-21 22:01:54.763,290.1374,,slider,1,0,0.00,-38.37,-11.40,ACTIVE,NONE,7250,0,P,P,0.00,released,RELEASED
2026-05-21 22:01:55.163,290.5379,,slider,1,0,0.00,-1.96,-8.20,ACTIVE,NONE,7260,0,P,P,0.00,released,RELEASED
2026-05-21 22:01:55.564,290.9388,,slider,1,0,0.00,-0.10,-1.50,ACTIVE,NONE,7270,0,P,P,0.00,released,RELEASED
2026-05-21 22:01:55.964,291.3388,,slider,1,0,0.00,-0.00,-0.30,ACTIVE,NONE,7280,0,P,P,0.00,released,RELEASED
2026-05-21 22:01:56.363,291.7379,,slider,1,0,0.00,-0.00,-0.10,ACTIVE,NONE,7290,0,P,P,0.00,released,RELEASED
2026-05-21 22:01:56.763,292.1377,,slider,1,0,0.00,-0.00,-0.10,ACTIVE,NONE,7300,0,P,P,0.00,released,RELEASED
2026-05-21 22:01:57.164,292.5391,,slider,1,0,0.00,-0.00,-0.10,ACTIVE,NONE,7310,0,P,P,0.00,released,RELEASED
2026-05-21 22:01:57.563,292.9383,,slider,1,0,0.00,-0.00,-0.10,ACTIVE,NONE,7320,0,P,P,0.00,released,RELEASED
2026-05-21 22:01:57.965,293.3400,,slider,1,0,0.00,-0.00,-0.10,ACTIVE,NONE,7330,0,P,P,0.00,released,RELEASED
2026-05-21 22:01:58.364,293.7387,,slider,1,0,0.00,-0.00,-0.10,ACTIVE,NONE,7340,0,P,P,0.00,released,RELEASED
2026-05-21 22:01:58.764,294.1387,,slider,1,0,0.00,-0.00,-0.10,ACTIVE,NONE,7350,0,P,P,0.00,released,RELEASED
2026-05-21 22:01:59.164,294.5392,,slider,1,0,0.00,-0.00,-0.10,ACTIVE,NONE,7360,0,P,P,0.00,released,RELEASED
2026-05-21 22:01:59.564,294.9392,,slider,1,0,0.00,-0.00,-0.10,ACTIVE,NONE,7370,0,P,P,0.00,released,RELEASED
2026-05-21 22:01:59.964,295.3388,,slider,1,0,0.00,-0.00,0.00,ACTIVE,NONE,7380,0,P,P,0.00,released,RELEASED
2026-05-21 22:02:00.364,295.7392,,slider,1,0,0.00,-0.00,0.00,ACTIVE,NONE,7390,0,P,P,0.00,released,RELEASED
2026-05-21 22:02:00.765,296.1396,,slider,1,0,0.00,-0.00,0.00,ACTIVE,NONE,7400,0,P,P,0.00,released,RELEASED
2026-05-21 22:02:01.164,296.5390,,slider,1,0,0.00,-0.00,0.00,ACTIVE,NONE,7410,0,P,P,0.00,released,RELEASED
2026-05-21 22:02:01.570,296.9444,,slider,1,0,-54.61,-45.41,-25.80,ACTIVE,NONE,7420,0,P,P,0.00,released,RELEASED
2026-05-21 22:02:01.970,297.3444,,slider,1,0,-52.99,-51.72,-49.30,ACTIVE,NONE,7430,0,P,P,0.00,released,RELEASED
2026-05-21 22:02:02.370,297.7448,,slider,1,0,-137.20,-84.74,-64.00,ACTIVE,NONE,7440,0,P,P,0.00,released,RELEASED
2026-05-21 22:02:02.770,298.1451,,slider,1,0,-139.50,-139.12,-129.30,ACTIVE,NONE,7450,0,P,P,0.00,released,RELEASED
2026-05-21 22:02:03.171,298.5454,,slider,1,0,-179.41,-146.65,-141.60,ACTIVE,NONE,7460,0,P,P,0.00,released,RELEASED
2026-05-21 22:02:03.557,298.9320,,slider,1,0,-190.37,-187.87,-182.20,ACTIVE,NONE,7470,0,P,P,0.00,released,RELEASED
2026-05-21 22:02:03.957,299.3320,,slider,1,0,-49.76,-171.93,-187.70,ACTIVE,NONE,7480,0,P,P,0.00,released,RELEASED
2026-05-21 22:02:04.361,299.7354,,slider,1,0,-8.77,-99.93,-127.30,ACTIVE,NONE,7490,0,P,P,0.00,released,RELEASED
2026-05-21 22:02:04.768,300.1430,,slider,1,0,0.00,-30.93,-55.40,ACTIVE,NONE,7500,0,P,P,0.00,released,RELEASED
2026-05-21 22:02:05.176,300.5504,,slider,1,0,0.00,-0.13,-4.00,ACTIVE,NONE,7510,0,P,P,0.00,released,RELEASED
2026-05-21 22:02:05.558,300.9326,,slider,1,0,0.00,-0.01,-0.30,ACTIVE,NONE,7520,0,P,P,0.00,released,RELEASED
2026-05-21 22:02:05.958,301.3325,,slider,1,0,0.00,-0.00,0.00,ACTIVE,NONE,7530,0,P,P,0.00,released,RELEASED
2026-05-21 22:02:06.364,301.7389,,slider,1,0,204.66,45.93,25.80,ACTIVE,NONE,7540,0,P,P,0.00,released,RELEASED
2026-05-21 22:02:06.770,302.1445,,slider,1,0,204.66,117.93,94.50,ACTIVE,NONE,7550,0,P,P,0.00,released,RELEASED
2026-05-21 22:02:07.168,302.5431,,slider,1,0,201.75,189.93,166.50,ACTIVE,NONE,7560,0,P,P,0.00,released,RELEASED
2026-05-21 22:02:07.572,302.9473,,slider,1,0,0.00,183.18,199.80,ACTIVE,NONE,7570,0,P,P,0.00,released,RELEASED
2026-05-21 22:02:07.959,303.3339,,slider,1,0,-190.37,117.18,143.00,ACTIVE,NONE,7580,0,P,P,0.00,released,RELEASED
2026-05-21 22:02:08.364,303.7389,,slider,1,0,-190.37,45.18,69.60,ACTIVE,NONE,7590,0,P,P,0.00,released,RELEASED
2026-05-21 22:02:08.767,304.1413,,slider,1,0,-182.11,-26.82,-3.30,ACTIVE,NONE,7600,0,P,P,0.00,released,RELEASED
2026-05-21 22:02:09.166,304.5410,,slider,1,0,-179.41,-98.82,-75.10,ACTIVE,NONE,7610,0,P,P,0.00,released,RELEASED
2026-05-21 22:02:09.567,304.9422,,slider,1,0,-132.66,-147.17,-145.80,ACTIVE,NONE,7620,0,P,P,0.00,released,RELEASED
2026-05-21 22:02:09.967,305.3422,,slider,1,0,179.41,-89.57,-115.90,ACTIVE,NONE,7630,0,P,P,0.00,released,RELEASED
2026-05-21 22:02:10.368,305.7430,,slider,1,0,204.66,-17.57,-44.60,ACTIVE,NONE,7640,0,P,P,0.00,released,RELEASED
2026-05-21 22:02:10.770,306.1447,,slider,1,0,0.00,54.43,28.50,ACTIVE,NONE,7650,0,P,P,0.00,released,RELEASED
2026-05-21 22:02:11.170,306.5450,,slider,1,0,0.00,6.43,32.40,ACTIVE,NONE,7660,0,P,P,0.00,released,RELEASED
2026-05-21 22:02:11.560,306.9351,,slider,1,0,0.00,0.36,4.20,ACTIVE,NONE,7670,0,P,P,0.00,released,RELEASED
2026-05-21 22:02:11.960,307.3349,,slider,1,0,0.00,0.02,0.50,ACTIVE,NONE,7680,0,P,P,0.00,released,RELEASED
2026-05-21 22:02:12.361,307.7358,,slider,1,0,0.00,0.00,-0.10,ACTIVE,NONE,7690,0,P,P,0.00,released,RELEASED
2026-05-21 22:02:12.762,308.1363,,slider,1,0,0.00,0.00,-0.10,ACTIVE,NONE,7700,0,P,P,0.00,released,RELEASED
2026-05-21 22:02:13.163,308.5377,,slider,1,0,0.00,0.00,-0.10,ACTIVE,NONE,7710,0,P,P,0.00,released,RELEASED
2026-05-21 22:02:13.561,308.9362,,slider,1,0,0.00,0.00,-0.10,ACTIVE,NONE,7720,0,P,P,0.00,released,RELEASED
2026-05-21 22:02:13.960,309.3351,,slider,1,0,0.00,0.00,-0.10,ACTIVE,NONE,7730,0,P,P,0.00,released,RELEASED
2026-05-21 22:02:14.363,309.7374,,slider,1,0,0.00,0.00,-0.10,ACTIVE,NONE,7740,0,P,P,0.00,released,RELEASED
2026-05-21 22:02:14.762,310.1364,,slider,1,0,0.00,0.00,-0.10,ACTIVE,NONE,7750,0,P,P,0.00,released,RELEASED
2026-05-21 22:02:15.161,310.5361,,slider,1,0,0.00,0.00,-0.10,ACTIVE,NONE,7760,0,P,P,0.00,released,RELEASED
2026-05-21 22:02:15.561,310.9356,,slider,1,0,0.00,0.00,-0.10,ACTIVE,NONE,7770,0,P,P,0.00,released,RELEASED
2026-05-21 22:02:15.961,311.3363,,slider,1,0,0.00,0.00,-0.10,ACTIVE,NONE,7780,0,P,P,0.00,released,RELEASED
2026-05-21 22:02:16.361,311.7356,,slider,1,0,0.00,0.00,-0.10,ACTIVE,NONE,7790,0,P,P,0.00,released,RELEASED
2026-05-21 22:02:16.763,312.1375,,slider,1,0,0.00,0.00,-0.10,ACTIVE,NONE,7800,0,P,P,0.00,released,RELEASED
2026-05-21 22:02:17.163,312.5376,,slider,1,0,0.00,0.00,-0.10,ACTIVE,NONE,7810,0,P,P,0.00,released,RELEASED
2026-05-21 22:02:17.560,312.9351,,slider,1,0,0.00,0.00,-0.10,ACTIVE,NONE,7820,0,P,P,0.00,released,RELEASED
2026-05-21 22:02:17.961,313.3358,,slider,1,0,0.00,0.00,-0.10,ACTIVE,NONE,7830,0,P,P,0.00,released,RELEASED
2026-05-21 22:02:18.363,313.7378,,slider,1,0,0.00,0.00,-0.10,ACTIVE,NONE,7840,0,P,P,0.00,released,RELEASED
2026-05-21 22:02:18.763,314.1378,,slider,1,0,0.00,0.00,-0.10,ACTIVE,NONE,7850,0,P,P,0.00,released,RELEASED
2026-05-21 22:02:19.163,314.5380,,slider,1,0,0.00,0.00,0.00,ACTIVE,NONE,7860,0,P,P,0.00,released,RELEASED
2026-05-21 22:02:19.564,314.9392,,slider,1,0,0.00,0.00,0.00,ACTIVE,NONE,7870,0,P,P,0.00,released,RELEASED
2026-05-21 22:02:19.962,315.3370,,slider,1,0,0.00,0.00,0.00,ACTIVE,NONE,7880,0,P,P,0.00,released,RELEASED
2026-05-21 22:02:20.361,315.7360,,slider,1,0,0.00,0.00,0.00,ACTIVE,NONE,7890,0,P,P,0.00,released,RELEASED
2026-05-21 22:02:20.763,316.1376,,slider,1,0,0.00,0.00,0.00,ACTIVE,NONE,7900,0,P,P,0.00,released,RELEASED
2026-05-21 22:02:21.163,316.5378,,slider,1,0,0.00,0.00,0.00,ACTIVE,NONE,7910,0,P,P,0.00,released,RELEASED
2026-05-21 22:02:21.562,316.9372,,slider,1,0,0.00,0.00,0.00,ACTIVE,NONE,7920,0,P,P,0.00,released,RELEASED
2026-05-21 22:02:21.963,317.3376,,slider,1,0,0.00,0.00,0.00,ACTIVE,NONE,7930,0,P,P,0.00,released,RELEASED
2026-05-21 22:02:22.363,317.7378,,slider,1,0,0.00,0.00,0.00,ACTIVE,NONE,7940,0,P,P,0.00,released,RELEASED
2026-05-21 22:02:22.764,318.1389,,slider,1,0,0.00,0.00,0.00,ACTIVE,NONE,7950,0,P,P,0.00,released,RELEASED
2026-05-21 22:02:23.163,318.5373,,slider,1,0,0.00,0.00,0.00,ACTIVE,NONE,7960,0,P,P,0.00,released,RELEASED
2026-05-21 22:02:23.562,318.9370,,slider,1,0,0.00,0.00,0.00,ACTIVE,NONE,7970,0,P,P,0.00,released,RELEASED
2026-05-21 22:02:23.963,319.3376,,slider,1,0,0.00,0.00,0.00,ACTIVE,NONE,7980,0,P,P,0.00,released,RELEASED
2026-05-21 22:02:24.365,319.7398,,slider,1,0,-101.07,-23.17,-3.90,ACTIVE,NONE,7990,0,P,P,0.00,released,RELEASED
2026-05-21 22:02:24.763,320.1373,,slider,1,0,-153.77,-95.17,-71.10,ACTIVE,NONE,8000,0,P,P,0.00,released,RELEASED
2026-05-21 22:02:25.168,320.5430,,slider,1,0,-190.37,-164.17,-142.30,ACTIVE,NONE,8010,0,P,P,0.00,released,RELEASED
2026-05-21 22:02:25.568,320.9426,,slider,1,0,-190.37,-190.10,-187.20,ACTIVE,NONE,8020,0,P,P,0.00,released,RELEASED
2026-05-21 22:02:25.972,321.3472,,slider,1,0,0.00,-154.96,-180.00,ACTIVE,NONE,8030,0,P,P,0.00,released,RELEASED
2026-05-21 22:02:26.373,321.7475,,slider,1,0,0.00,-82.96,-111.80,ACTIVE,NONE,8040,0,P,P,0.00,released,RELEASED
2026-05-21 22:02:26.762,322.1370,,slider,1,0,0.00,-13.96,-38.30,ACTIVE,NONE,8050,0,P,P,0.00,released,RELEASED
2026-05-21 22:02:27.162,322.5367,,slider,1,0,0.00,-0.01,-2.10,ACTIVE,NONE,8060,0,P,P,0.00,released,RELEASED
2026-05-21 22:02:27.562,322.9372,,slider,1,0,0.00,-0.00,-0.20,ACTIVE,NONE,8070,0,P,P,0.00,released,RELEASED
2026-05-21 22:02:27.959,323.3337,,slider,1,0,0.00,-0.00,0.00,ACTIVE,NONE,8080,0,P,P,0.00,released,RELEASED
2026-05-21 22:02:28.360,323.7351,,slider,1,0,201.75,59.87,37.10,ACTIVE,NONE,8090,0,P,P,0.00,released,RELEASED
2026-05-21 22:02:28.762,324.1368,,slider,1,0,204.66,131.87,107.80,ACTIVE,NONE,8100,0,P,P,0.00,released,RELEASED
2026-05-21 22:02:29.160,324.5343,,slider,1,0,201.75,202.86,180.30,ACTIVE,NONE,8110,0,P,P,0.00,released,RELEASED
2026-05-21 22:02:29.565,324.9399,,slider,1,0,26.53,191.00,202.30,ACTIVE,NONE,8120,0,P,P,0.00,released,RELEASED
2026-05-21 22:02:29.965,325.3399,,slider,1,0,0.00,119.00,147.30,ACTIVE,NONE,8130,0,P,P,0.00,released,RELEASED
2026-05-21 22:02:30.369,325.7433,,slider,1,0,0.00,47.00,72.20,ACTIVE,NONE,8140,0,P,P,0.00,released,RELEASED
2026-05-21 22:02:30.767,326.1418,,slider,1,0,0.00,0.02,5.70,ACTIVE,NONE,8150,0,P,P,0.00,released,RELEASED
2026-05-21 22:02:31.167,326.5423,,slider,1,0,0.00,0.00,0.20,ACTIVE,NONE,8160,0,P,P,0.00,released,RELEASED
2026-05-21 22:02:31.567,326.9421,,slider,1,0,0.00,0.00,-0.10,ACTIVE,NONE,8170,0,P,P,0.00,released,RELEASED
2026-05-21 22:02:31.967,327.3422,,slider,1,0,0.00,0.00,-0.20,ACTIVE,NONE,8180,0,P,P,0.00,released,RELEASED
2026-05-21 22:02:32.368,327.7424,,slider,1,0,0.00,0.00,-0.20,ACTIVE,NONE,8190,0,P,P,0.00,released,RELEASED
2026-05-21 22:02:32.767,328.1422,,slider,1,0,0.00,0.00,-0.20,ACTIVE,NONE,8200,0,P,P,0.00,released,RELEASED
2026-05-21 22:02:33.167,328.5420,,slider,1,0,0.00,0.00,-0.20,ACTIVE,NONE,8210,0,P,P,0.00,released,RELEASED
2026-05-21 22:02:33.567,328.9423,,slider,1,0,0.00,0.00,-0.20,ACTIVE,NONE,8220,0,P,P,0.00,released,RELEASED
2026-05-21 22:02:33.968,329.3427,,slider,1,0,0.00,0.00,-0.20,ACTIVE,NONE,8230,0,P,P,0.00,released,RELEASED
2026-05-21 22:02:34.368,329.7424,,slider,1,0,0.00,0.00,-0.20,ACTIVE,NONE,8240,0,P,P,0.00,released,RELEASED
2026-05-21 22:02:34.767,330.1423,,slider,1,0,0.00,0.00,-0.10,ACTIVE,NONE,8250,0,P,P,0.00,released,RELEASED
2026-05-21 22:02:35.168,330.5426,,slider,1,0,0.00,0.00,-0.10,ACTIVE,NONE,8260,0,P,P,0.00,released,RELEASED
2026-05-21 22:02:35.568,330.9426,,slider,1,0,0.00,0.00,-0.10,ACTIVE,NONE,8270,0,P,P,0.00,released,RELEASED
2026-05-21 22:02:35.968,331.3428,,slider,1,0,0.00,0.00,-0.10,ACTIVE,NONE,8280,0,P,P,0.00,released,RELEASED
2026-05-21 22:02:36.368,331.7428,,slider,1,0,0.00,0.00,-0.10,ACTIVE,NONE,8290,0,P,P,0.00,released,RELEASED
2026-05-21 22:02:36.768,332.1429,,slider,1,0,0.00,0.00,-0.10,ACTIVE,NONE,8300,0,P,P,0.00,released,RELEASED
2026-05-21 22:02:37.168,332.5427,,slider,1,0,0.00,0.00,-0.10,ACTIVE,NONE,8310,0,P,P,0.00,released,RELEASED
2026-05-21 22:02:37.568,332.9430,,slider,1,0,0.00,0.00,0.00,ACTIVE,NONE,8320,0,P,P,0.00,released,RELEASED
2026-05-21 22:02:37.969,333.3437,,slider,1,0,0.00,0.00,0.00,ACTIVE,NONE,8330,0,P,P,0.00,released,RELEASED
2026-05-21 22:02:38.368,333.7431,,slider,1,0,0.00,0.00,0.00,ACTIVE,NONE,8340,0,P,P,0.00,released,RELEASED
2026-05-21 22:02:38.769,334.1435,,slider,1,0,0.00,0.00,0.00,ACTIVE,NONE,8350,0,P,P,0.00,released,RELEASED
2026-05-21 22:02:39.168,334.5430,,slider,1,0,0.00,0.00,0.00,ACTIVE,NONE,8360,0,P,P,0.00,released,RELEASED
2026-05-21 22:02:39.568,334.9430,,slider,1,0,0.00,0.00,0.00,ACTIVE,NONE,8370,0,P,P,0.00,released,RELEASED
2026-05-21 22:02:39.969,335.3441,,slider,1,0,0.00,0.00,0.00,ACTIVE,NONE,8380,0,P,P,0.00,released,RELEASED
2026-05-21 22:02:40.369,335.7435,,slider,1,0,0.00,0.00,0.00,ACTIVE,NONE,8390,0,P,P,0.00,released,RELEASED
2026-05-21 22:02:40.768,336.1432,,slider,1,0,0.00,0.00,0.00,ACTIVE,NONE,8400,0,P,P,0.00,released,RELEASED
2026-05-21 22:02:41.169,336.5434,,slider,1,0,0.00,0.00,0.00,ACTIVE,NONE,8410,0,P,P,0.00,released,RELEASED
2026-05-21 22:02:41.569,336.9435,,slider,1,0,0.00,0.00,0.00,ACTIVE,NONE,8420,0,P,P,0.00,released,RELEASED
2026-05-21 22:02:41.969,337.3436,,slider,1,0,0.00,0.00,0.00,ACTIVE,NONE,8430,0,P,P,0.00,released,RELEASED
2026-05-21 22:02:42.369,337.7442,,slider,1,0,0.00,0.00,0.00,ACTIVE,NONE,8440,0,P,P,0.00,released,RELEASED
2026-05-21 22:02:42.769,338.1434,,slider,1,0,0.00,0.00,0.00,ACTIVE,NONE,8450,0,P,P,0.00,released,RELEASED
2026-05-21 22:02:43.169,338.5437,,slider,1,0,0.00,0.00,0.00,ACTIVE,NONE,8460,0,P,P,0.00,released,RELEASED
2026-05-21 22:02:43.569,338.9435,,slider,1,0,0.00,0.00,0.00,ACTIVE,NONE,8470,0,P,P,0.00,released,RELEASED
2026-05-21 22:02:43.969,339.3437,,slider,1,0,0.00,0.00,0.00,ACTIVE,NONE,8480,0,P,P,0.00,released,RELEASED
2026-05-21 22:02:44.369,339.7440,,slider,1,0,0.00,0.00,0.00,ACTIVE,NONE,8490,0,P,P,0.00,released,RELEASED
2026-05-21 22:02:44.770,340.1446,,slider,1,0,0.00,0.00,0.00,ACTIVE,NONE,8500,0,P,P,0.00,released,RELEASED
2026-05-21 22:02:45.169,340.5440,,slider,1,0,0.00,0.00,0.00,ACTIVE,NONE,8510,0,P,P,0.00,released,RELEASED
2026-05-21 22:02:45.569,340.9441,,slider,1,0,0.00,0.00,0.00,ACTIVE,NONE,8520,0,P,P,0.00,released,RELEASED
2026-05-21 22:02:45.969,341.3439,,slider,1,0,0.00,0.00,0.00,ACTIVE,NONE,8530,0,P,P,0.00,released,RELEASED
2026-05-21 22:02:46.369,341.7441,,slider,1,0,0.00,0.00,0.00,ACTIVE,NONE,8540,0,P,P,0.00,released,RELEASED
2026-05-21 22:02:46.770,342.1446,,slider,1,0,0.00,0.00,0.00,ACTIVE,NONE,8550,0,P,P,0.00,released,RELEASED
2026-05-21 22:02:47.169,342.5442,,slider,1,0,0.00,0.00,0.00,ACTIVE,NONE,8560,0,P,P,0.00,released,RELEASED
2026-05-21 22:02:47.569,342.9441,,slider,1,0,0.00,0.00,0.00,ACTIVE,NONE,8570,0,P,P,0.00,released,RELEASED
2026-05-21 22:02:47.969,343.3442,,slider,1,0,0.00,0.00,0.00,ACTIVE,NONE,8580,0,P,P,0.00,released,RELEASED
2026-05-21 22:02:48.370,343.7447,,slider,1,0,0.00,0.00,0.00,ACTIVE,NONE,8590,0,P,P,0.00,released,RELEASED
2026-05-21 22:02:48.769,344.1443,,slider,1,0,0.00,0.00,0.00,ACTIVE,NONE,8600,0,P,P,0.00,released,RELEASED
2026-05-21 22:02:49.170,344.5447,,slider,1,0,0.00,0.00,0.00,ACTIVE,NONE,8610,0,P,P,0.00,released,RELEASED
2026-05-21 22:02:49.570,344.9446,,slider,1,0,0.00,0.00,0.00,ACTIVE,NONE,8620,0,P,P,0.00,released,RELEASED
2026-05-21 22:02:49.970,345.3449,,slider,1,0,0.00,0.00,0.00,ACTIVE,NONE,8630,0,P,P,0.00,released,RELEASED
2026-05-21 22:02:50.370,345.7445,,slider,1,0,0.00,0.00,0.00,ACTIVE,NONE,8640,0,P,P,0.00,released,RELEASED
2026-05-21 22:02:50.770,346.1449,,slider,1,0,0.00,0.00,0.00,ACTIVE,NONE,8650,0,P,P,0.00,released,RELEASED
2026-05-21 22:02:51.170,346.5449,,slider,1,0,0.00,0.00,0.00,ACTIVE,NONE,8660,0,P,P,0.00,released,RELEASED
2026-05-21 22:02:51.570,346.9448,,slider,1,0,0.00,0.00,0.00,ACTIVE,NONE,8670,0,P,P,0.00,released,RELEASED
2026-05-21 22:02:51.970,347.3447,,slider,1,0,0.00,0.00,0.00,ACTIVE,NONE,8680,0,P,P,0.00,released,RELEASED
2026-05-21 22:02:52.370,347.7447,,slider,1,0,0.00,0.00,0.00,ACTIVE,NONE,8690,0,P,P,0.00,released,RELEASED
2026-05-21 22:02:52.770,348.1448,,slider,1,0,0.00,0.00,0.00,ACTIVE,NONE,8700,0,P,P,0.00,released,RELEASED
2026-05-21 22:02:53.171,348.5458,,slider,1,0,0.00,0.00,0.00,ACTIVE,NONE,8710,0,P,P,0.00,released,RELEASED
2026-05-21 22:02:53.570,348.9451,,slider,1,0,0.00,0.00,0.00,ACTIVE,NONE,8720,0,P,P,0.00,released,RELEASED
2026-05-21 22:02:53.970,349.3451,,slider,1,0,0.00,0.00,0.00,ACTIVE,NONE,8730,0,P,P,0.00,released,RELEASED
2026-05-21 22:02:54.370,349.7453,,slider,1,0,0.00,0.00,0.00,ACTIVE,NONE,8740,0,P,P,0.00,released,RELEASED
2026-05-21 22:02:54.770,350.1453,,slider,1,0,0.00,0.00,0.00,ACTIVE,NONE,8750,0,P,P,0.00,released,RELEASED
2026-05-21 22:02:55.171,350.5456,,slider,1,0,0.00,0.00,0.00,ACTIVE,NONE,8760,0,P,P,0.00,released,RELEASED
2026-05-21 22:02:55.571,350.9456,,slider,1,0,0.00,0.00,0.00,ACTIVE,NONE,8770,0,P,P,0.00,released,RELEASED
2026-05-21 22:02:55.971,351.3459,,slider,1,0,0.00,0.00,0.00,ACTIVE,NONE,8780,0,P,P,0.00,released,RELEASED
2026-05-21 22:02:56.371,351.7458,,slider,1,0,0.00,0.00,0.00,ACTIVE,NONE,8790,0,P,P,0.00,released,RELEASED
2026-05-21 22:02:56.756,352.1314,,slider,1,0,0.00,0.00,0.00,ACTIVE,NONE,8800,0,P,P,0.00,released,RELEASED
2026-05-21 22:02:57.156,352.5313,,slider,1,0,0.00,0.00,0.00,ACTIVE,NONE,8810,0,P,P,0.00,released,RELEASED
2026-05-21 22:02:57.556,352.9310,,slider,1,0,0.00,0.00,0.00,ACTIVE,NONE,8820,0,P,P,0.00,released,RELEASED
2026-05-21 22:02:57.956,353.3310,,slider,1,0,0.00,0.00,0.00,ACTIVE,NONE,8830,0,P,P,0.00,released,RELEASED
2026-05-21 22:02:58.356,353.7311,,slider,1,0,0.00,0.00,0.00,ACTIVE,NONE,8840,0,P,P,0.00,released,RELEASED
2026-05-21 22:02:58.756,354.1311,,slider,1,0,0.00,0.00,0.00,ACTIVE,NONE,8850,0,P,P,0.00,released,RELEASED
2026-05-21 22:02:59.156,354.5311,,slider,1,0,0.00,0.00,0.00,ACTIVE,NONE,8860,0,P,P,0.00,released,RELEASED
2026-05-21 22:02:59.556,354.9313,,slider,1,0,0.00,0.00,0.00,ACTIVE,NONE,8870,0,P,P,0.00,released,RELEASED
2026-05-21 22:02:59.956,355.3311,,slider,1,0,0.00,0.00,0.00,ACTIVE,NONE,8880,0,P,P,0.00,released,RELEASED
2026-05-21 22:03:00.356,355.7312,,slider,1,0,0.00,0.00,0.00,ACTIVE,NONE,8890,0,P,P,0.00,released,RELEASED
2026-05-21 22:03:00.756,356.1312,,slider,1,0,0.00,0.00,0.00,ACTIVE,NONE,8900,0,P,P,0.00,released,RELEASED
2026-05-21 22:03:01.156,356.5313,,slider,1,0,0.00,0.00,0.00,ACTIVE,NONE,8910,0,P,P,0.00,released,RELEASED
2026-05-21 22:03:01.556,356.9312,,slider,1,0,0.00,0.00,0.00,ACTIVE,NONE,8920,0,P,P,0.00,released,RELEASED
2026-05-21 22:03:01.956,357.3313,,slider,1,0,0.00,0.00,0.00,ACTIVE,NONE,8930,0,P,P,0.00,released,RELEASED
2026-05-21 22:03:02.356,357.7313,,slider,1,0,0.00,0.00,0.00,ACTIVE,NONE,8940,0,P,P,0.00,released,RELEASED
2026-05-21 22:03:02.756,358.1312,,slider,1,0,0.00,0.00,0.00,ACTIVE,NONE,8950,0,P,P,0.00,released,RELEASED
2026-05-21 22:03:03.157,358.5314,,slider,1,0,0.00,0.00,0.00,ACTIVE,NONE,8960,0,P,P,0.00,released,RELEASED
2026-05-21 22:03:03.556,358.9313,,slider,1,0,0.00,0.00,0.00,ACTIVE,NONE,8970,0,P,P,0.00,released,RELEASED
2026-05-21 22:03:03.958,359.3325,,slider,1,0,0.00,0.00,0.00,ACTIVE,NONE,8980,0,P,P,0.00,released,RELEASED
2026-05-21 22:03:04.358,359.7332,,slider,1,0,0.00,0.00,0.00,ACTIVE,NONE,8990,0,P,P,0.00,released,RELEASED
2026-05-21 22:03:04.758,360.1326,,slider,1,0,0.00,0.00,0.00,ACTIVE,NONE,9000,0,P,P,0.00,released,RELEASED
2026-05-21 22:03:05.158,360.5328,,slider,1,0,0.00,0.00,0.00,ACTIVE,NONE,9010,0,P,P,0.00,released,RELEASED
2026-05-21 22:03:05.558,360.9327,,slider,1,0,0.00,0.00,0.00,ACTIVE,NONE,9020,0,P,P,0.00,released,RELEASED
2026-05-21 22:03:05.958,361.3326,,slider,1,0,0.00,0.00,0.00,ACTIVE,NONE,9030,0,P,P,0.00,released,RELEASED
2026-05-21 22:03:06.358,361.7326,,slider,1,0,0.00,0.00,0.00,ACTIVE,NONE,9040,0,P,P,0.00,released,RELEASED
2026-05-21 22:03:06.758,362.1327,,slider,1,0,0.00,0.00,0.00,ACTIVE,NONE,9050,0,P,P,0.00,released,RELEASED
2026-05-21 22:03:07.158,362.5327,,slider,1,0,0.00,0.00,0.00,ACTIVE,NONE,9060,0,P,P,0.00,released,RELEASED
2026-05-21 22:03:07.558,362.9327,,slider,1,0,0.00,0.00,0.00,ACTIVE,NONE,9070,0,P,P,0.00,released,RELEASED
2026-05-21 22:03:07.958,363.3327,,slider,1,0,0.00,0.00,0.00,ACTIVE,NONE,9080,0,P,P,0.00,released,RELEASED
2026-05-21 22:03:08.358,363.7327,,slider,1,0,0.00,0.00,0.00,ACTIVE,NONE,9090,0,P,P,0.00,released,RELEASED
2026-05-21 22:03:08.758,364.1326,,slider,1,0,0.00,0.00,0.00,ACTIVE,NONE,9100,0,P,P,0.00,released,RELEASED
2026-05-21 22:03:09.158,364.5327,,slider,1,0,0.00,0.00,0.00,ACTIVE,NONE,9110,0,P,P,0.00,released,RELEASED
2026-05-21 22:03:09.558,364.9326,,slider,1,0,0.00,0.00,0.00,ACTIVE,NONE,9120,0,P,P,0.00,released,RELEASED
2026-05-21 22:03:09.958,365.3328,,slider,1,0,0.00,0.00,0.00,ACTIVE,NONE,9130,0,P,P,0.00,released,RELEASED
2026-05-21 22:03:10.358,365.7328,,slider,1,0,0.00,0.00,0.00,ACTIVE,NONE,9140,0,P,P,0.00,released,RELEASED
2026-05-21 22:03:10.758,366.1329,,slider,1,0,0.00,0.00,0.00,ACTIVE,NONE,9150,0,P,P,0.00,released,RELEASED
2026-05-21 22:03:11.156,366.5308,,slider,1,0,0.00,0.00,0.00,ACTIVE,NONE,9160,0,P,P,0.00,released,RELEASED
2026-05-21 22:03:11.558,366.9327,,slider,1,0,0.00,0.00,0.00,ACTIVE,NONE,9170,0,P,P,0.00,released,RELEASED
2026-05-21 22:03:11.957,367.3316,,slider,1,0,0.00,0.00,0.00,ACTIVE,NONE,9180,0,P,P,0.00,released,RELEASED
2026-05-21 22:03:12.358,367.7328,,slider,1,0,0.00,0.00,0.00,ACTIVE,NONE,9190,0,P,P,0.00,released,RELEASED
2026-05-21 22:03:12.757,368.1319,,slider,1,0,0.00,0.00,0.00,ACTIVE,NONE,9200,0,P,P,0.00,released,RELEASED
2026-05-21 22:03:13.158,368.5331,,slider,1,0,0.00,0.00,0.00,ACTIVE,NONE,9210,0,P,P,0.00,released,RELEASED
2026-05-21 22:03:13.558,368.9331,,slider,1,0,0.00,0.00,0.00,ACTIVE,NONE,9220,0,P,P,0.00,released,RELEASED
2026-05-21 22:03:13.958,369.3332,,slider,1,0,0.00,0.00,0.00,ACTIVE,NONE,9230,0,P,P,0.00,released,RELEASED
2026-05-21 22:03:14.358,369.7332,,slider,1,0,0.00,0.00,0.00,ACTIVE,NONE,9240,0,P,P,0.00,released,RELEASED
2026-05-21 22:03:14.757,370.1319,,slider,1,0,0.00,0.00,0.00,ACTIVE,NONE,9250,0,P,P,0.00,released,RELEASED
2026-05-21 22:03:15.158,370.5332,,slider,1,0,0.00,0.00,0.00,ACTIVE,NONE,9260,0,P,P,0.00,released,RELEASED
2026-05-21 22:03:15.558,370.9332,,slider,1,0,0.00,0.00,0.00,ACTIVE,NONE,9270,0,P,P,0.00,released,RELEASED
2026-05-21 22:03:15.959,371.3340,,slider,1,0,0.00,0.00,0.00,ACTIVE,NONE,9280,0,P,P,0.00,released,RELEASED
2026-05-21 22:03:16.359,371.7340,,slider,1,0,0.00,0.00,0.00,ACTIVE,NONE,9290,0,P,P,0.00,released,RELEASED
2026-05-21 22:03:16.759,372.1339,,slider,1,0,0.00,0.00,0.00,ACTIVE,NONE,9300,0,P,P,0.00,released,RELEASED
2026-05-21 22:03:17.159,372.5339,,slider,1,0,0.00,0.00,0.00,ACTIVE,NONE,9310,0,P,P,0.00,released,RELEASED
2026-05-21 22:03:17.559,372.9344,,slider,1,0,0.00,0.00,0.00,ACTIVE,NONE,9320,0,P,P,0.00,released,RELEASED
2026-05-21 22:03:17.957,373.3321,,slider,1,0,0.00,0.00,0.00,ACTIVE,NONE,9330,0,P,P,0.00,released,RELEASED
2026-05-21 22:03:18.358,373.7328,,slider,1,0,0.00,0.00,0.00,ACTIVE,NONE,9340,0,P,P,0.00,released,RELEASED
2026-05-21 22:03:18.757,374.1318,,slider,1,0,0.00,0.00,0.00,ACTIVE,NONE,9350,0,P,P,0.00,released,RELEASED
2026-05-21 22:03:19.157,374.5319,,slider,1,0,0.00,0.00,0.00,ACTIVE,NONE,9360,0,P,P,0.00,released,RELEASED
2026-05-21 22:03:19.558,374.9330,,slider,1,0,0.00,0.00,0.00,ACTIVE,NONE,9370,0,P,P,0.00,released,RELEASED
2026-05-21 22:03:19.959,375.3343,,slider,1,0,0.00,0.00,0.00,ACTIVE,NONE,9380,0,P,P,0.00,released,RELEASED
2026-05-21 22:03:20.360,375.7344,,slider,1,0,0.00,0.00,0.00,ACTIVE,NONE,9390,0,P,P,0.00,released,RELEASED
2026-05-21 22:03:20.756,376.1309,,slider,1,0,0.00,0.00,0.00,ACTIVE,NONE,9400,0,P,P,0.00,released,RELEASED
2026-05-21 22:03:21.157,376.5315,,slider,1,0,0.00,0.00,0.00,ACTIVE,NONE,9410,0,P,P,0.00,released,RELEASED
2026-05-21 22:03:21.558,376.9333,,slider,1,0,0.00,0.00,0.00,ACTIVE,NONE,9420,0,P,P,0.00,released,RELEASED
2026-05-21 22:03:21.959,377.3335,,slider,1,0,64.59,11.01,0.90,ACTIVE,NONE,9430,0,P,P,0.00,released,RELEASED
2026-05-21 22:03:22.363,377.7374,,slider,1,0,163.73,83.01,57.60,ACTIVE,NONE,9440,0,P,P,0.00,released,RELEASED
2026-05-21 22:03:22.762,378.1372,,slider,1,0,204.66,155.01,132.70,ACTIVE,NONE,9450,0,P,P,0.00,released,RELEASED
2026-05-21 22:03:23.163,378.5376,,slider,1,0,201.75,203.32,197.30,ACTIVE,NONE,9460,0,P,P,0.00,released,RELEASED
2026-05-21 22:03:23.557,378.9320,,slider,1,0,-7.30,167.79,188.30,ACTIVE,NONE,9470,0,P,P,0.00,released,RELEASED
2026-05-21 22:03:23.957,379.3319,,slider,1,0,0.00,95.79,119.80,ACTIVE,NONE,9480,0,P,P,0.00,released,RELEASED
2026-05-21 22:03:24.357,379.7321,,slider,1,0,0.00,23.79,44.50,ACTIVE,NONE,9490,0,P,P,0.00,released,RELEASED
2026-05-21 22:03:24.759,380.1337,,slider,1,0,0.00,0.01,3.10,ACTIVE,NONE,9500,0,P,P,0.00,released,RELEASED
2026-05-21 22:03:25.158,380.5328,,slider,1,0,0.00,0.00,0.00,ACTIVE,NONE,9510,0,P,P,0.00,released,RELEASED
2026-05-21 22:03:25.558,380.9331,,slider,1,0,0.00,0.00,-0.20,ACTIVE,NONE,9520,0,P,P,0.00,released,RELEASED
2026-05-21 22:03:25.961,381.3359,,slider,1,0,-71.46,-7.03,-0.40,ACTIVE,NONE,9530,0,P,P,0.00,released,RELEASED
2026-05-21 22:03:26.361,381.7361,,slider,1,0,0.00,-69.67,-58.80,ACTIVE,NONE,9540,0,P,P,0.00,released,RELEASED
2026-05-21 22:03:26.762,382.1364,,slider,1,0,0.00,-3.18,-23.40,ACTIVE,NONE,9550,0,P,P,0.00,released,RELEASED
2026-05-21 22:03:27.162,382.5370,,slider,1,0,0.00,-0.16,-2.80,ACTIVE,NONE,9560,0,P,P,0.00,released,RELEASED
2026-05-21 22:03:27.562,382.9369,,slider,1,0,0.00,-0.01,-0.20,ACTIVE,NONE,9570,0,P,P,0.00,released,RELEASED
2026-05-21 22:03:27.963,383.3375,,slider,1,0,0.00,-0.00,0.00,ACTIVE,NONE,9580,0,P,P,0.00,released,RELEASED
2026-05-21 22:03:28.363,383.7374,,slider,1,0,0.00,-0.00,0.00,ACTIVE,NONE,9590,0,P,P,0.00,released,RELEASED
2026-05-21 22:03:28.763,384.1374,,slider,1,0,0.00,-0.00,0.00,ACTIVE,NONE,9600,0,P,P,0.00,released,RELEASED
2026-05-21 22:03:29.162,384.5372,,slider,1,0,0.00,-0.00,0.00,ACTIVE,NONE,9610,0,P,P,0.00,released,RELEASED
2026-05-21 22:03:29.562,384.9373,,slider,1,0,0.00,-0.00,0.00,ACTIVE,NONE,9620,0,P,P,0.00,released,RELEASED
2026-05-21 22:03:29.963,385.3379,,slider,1,0,0.00,-0.00,0.00,ACTIVE,NONE,9630,0,P,P,0.00,released,RELEASED
2026-05-21 22:03:30.363,385.7376,,slider,1,0,0.00,-0.00,0.00,ACTIVE,NONE,9640,0,P,P,0.00,released,RELEASED
2026-05-21 22:03:30.762,386.1372,,slider,1,0,0.00,-0.00,0.00,ACTIVE,NONE,9650,0,P,P,0.00,released,RELEASED
2026-05-21 22:03:31.162,386.5372,,slider,1,0,0.00,-0.00,0.00,ACTIVE,NONE,9660,0,P,P,0.00,released,RELEASED
2026-05-21 22:03:31.563,386.9382,,slider,1,0,0.00,-0.00,0.00,ACTIVE,NONE,9670,0,P,P,0.00,released,RELEASED
2026-05-21 22:03:31.963,387.3381,,slider,1,0,0.00,-0.00,0.00,ACTIVE,NONE,9680,0,P,P,0.00,released,RELEASED
2026-05-21 22:03:32.363,387.7379,,slider,1,0,0.00,-0.00,0.00,ACTIVE,NONE,9690,0,P,P,0.00,released,RELEASED
2026-05-21 22:03:32.762,388.1372,,slider,1,0,0.00,-0.00,0.00,ACTIVE,NONE,9700,0,P,P,0.00,released,RELEASED
2026-05-21 22:03:33.164,388.5384,,slider,1,0,0.00,-0.00,0.00,ACTIVE,NONE,9710,0,P,P,0.00,released,RELEASED
2026-05-21 22:03:33.562,388.9372,,slider,1,0,0.00,-0.00,0.00,ACTIVE,NONE,9720,0,P,P,0.00,released,RELEASED
2026-05-21 22:03:33.967,389.3416,,slider,1,0,-134.92,-44.53,-22.00,ACTIVE,NONE,9730,0,P,P,0.00,released,RELEASED
2026-05-21 22:03:34.367,389.7413,,slider,1,0,-187.59,-116.53,-93.10,ACTIVE,NONE,9740,0,P,P,0.00,released,RELEASED
2026-05-21 22:03:34.767,390.1420,,slider,1,0,-163.73,-174.35,-166.10,ACTIVE,NONE,9750,0,P,P,0.00,released,RELEASED
2026-05-21 22:03:35.171,390.5453,,slider,1,0,0.00,-107.14,-132.20,ACTIVE,NONE,9760,0,P,P,0.00,released,RELEASED
2026-05-21 22:03:35.573,390.9474,,slider,1,0,0.00,-38.14,-62.40,ACTIVE,NONE,9770,0,P,P,0.00,released,RELEASED
2026-05-21 22:03:35.956,391.3313,,slider,1,0,0.00,-0.22,-4.80,ACTIVE,NONE,9780,0,P,P,0.00,released,RELEASED
2026-05-21 22:03:36.362,391.7371,,slider,1,0,0.00,-0.01,-0.30,ACTIVE,NONE,9790,0,P,P,0.00,released,RELEASED
2026-05-21 22:03:36.762,392.1369,,slider,1,0,0.00,-0.00,0.00,ACTIVE,NONE,9800,0,P,P,0.00,released,RELEASED
2026-05-21 22:03:37.162,392.5368,,slider,1,0,0.00,-0.00,0.00,ACTIVE,NONE,9810,0,P,P,0.00,released,RELEASED
2026-05-21 22:03:37.562,392.9371,,slider,1,0,0.00,-0.00,0.00,ACTIVE,NONE,9820,0,P,P,0.00,released,RELEASED
2026-05-21 22:03:37.963,393.3377,,slider,1,0,0.00,-0.00,0.00,ACTIVE,NONE,9830,0,P,P,0.00,released,RELEASED
2026-05-21 22:03:38.364,393.7387,,slider,1,0,0.00,-0.00,0.00,ACTIVE,NONE,9840,0,P,P,0.00,released,RELEASED
2026-05-21 22:03:38.762,394.1363,,slider,1,0,0.00,-0.00,0.00,ACTIVE,NONE,9850,0,P,P,0.00,released,RELEASED
2026-05-21 22:03:39.162,394.5365,,slider,1,0,0.00,-0.00,0.00,ACTIVE,NONE,9860,0,P,P,0.00,released,RELEASED
2026-05-21 22:03:39.562,394.9370,,slider,1,0,0.00,-0.00,0.00,ACTIVE,NONE,9870,0,P,P,0.00,released,RELEASED
2026-05-21 22:03:39.963,395.3376,,slider,1,0,0.00,-0.00,0.00,ACTIVE,NONE,9880,0,P,P,0.00,released,RELEASED
2026-05-21 22:03:40.363,395.7380,,slider,1,0,0.00,-0.00,0.00,ACTIVE,NONE,9890,0,P,P,0.00,released,RELEASED
2026-05-21 22:03:40.763,396.1377,,slider,1,0,0.00,-0.00,0.00,ACTIVE,NONE,9900,0,P,P,0.00,released,RELEASED
2026-05-21 22:03:41.162,396.5371,,slider,1,0,0.00,-0.00,0.00,ACTIVE,NONE,9910,0,P,P,0.00,released,RELEASED
2026-05-21 22:03:41.563,396.9375,,slider,1,0,0.00,-0.00,0.00,ACTIVE,NONE,9920,0,P,P,0.00,released,RELEASED
2026-05-21 22:03:41.963,397.3375,,slider,1,0,0.00,-0.00,0.00,ACTIVE,NONE,9930,0,P,P,0.00,released,RELEASED
2026-05-21 22:03:42.363,397.7383,,slider,1,0,0.00,-0.00,0.00,ACTIVE,NONE,9940,0,P,P,0.00,released,RELEASED
2026-05-21 22:03:42.763,398.1379,,slider,1,0,0.00,-0.00,0.00,ACTIVE,NONE,9950,0,P,P,0.00,released,RELEASED
2026-05-21 22:03:43.164,398.5386,,slider,1,0,0.00,-0.00,0.00,ACTIVE,NONE,9960,0,P,P,0.00,released,RELEASED
2026-05-21 22:03:43.564,398.9390,,slider,1,0,0.00,-0.00,0.00,ACTIVE,NONE,9970,0,P,P,0.00,released,RELEASED
2026-05-21 22:03:43.964,399.3390,,slider,1,0,0.00,-0.00,0.00,ACTIVE,NONE,9980,0,P,P,0.00,released,RELEASED
2026-05-21 22:03:44.363,399.7380,,slider,1,0,0.00,-0.00,0.00,ACTIVE,NONE,9990,0,P,P,0.00,released,RELEASED
2026-05-21 22:03:44.769,400.1440,,slider,1,0,-78.53,-38.58,-15.90,ACTIVE,NONE,10000,0,P,P,0.00,released,RELEASED
2026-05-21 22:03:45.157,400.5319,,slider,1,0,-62.90,-96.83,-82.80,ACTIVE,NONE,10010,0,P,P,0.00,released,RELEASED
2026-05-21 22:03:45.562,400.9372,,slider,1,0,137.20,-24.83,-48.50,ACTIVE,NONE,10020,0,P,P,0.00,released,RELEASED
2026-05-21 22:03:45.967,401.3422,,slider,1,0,204.66,47.17,22.90,ACTIVE,NONE,10030,0,P,P,0.00,released,RELEASED
2026-05-21 22:03:46.368,401.7430,,slider,1,0,14.64,119.17,96.70,ACTIVE,NONE,10040,0,P,P,0.00,released,RELEASED
2026-05-21 22:03:46.766,402.1407,,slider,1,0,-190.37,65.17,85.90,ACTIVE,NONE,10050,0,P,P,0.00,released,RELEASED
2026-05-21 22:03:47.170,402.5452,,slider,1,0,-190.37,-6.83,18.00,ACTIVE,NONE,10060,0,P,P,0.00,released,RELEASED
2026-05-21 22:03:47.570,402.9453,,slider,1,0,204.66,-42.81,-50.40,ACTIVE,NONE,10070,0,P,P,0.00,released,RELEASED
2026-05-21 22:03:47.960,403.3345,,slider,1,0,204.66,26.19,1.10,ACTIVE,NONE,10080,0,P,P,0.00,released,RELEASED
2026-05-21 22:03:48.364,403.7386,,slider,1,0,201.75,98.19,74.20,ACTIVE,NONE,10090,0,P,P,0.00,released,RELEASED
2026-05-21 22:03:48.764,404.1386,,slider,1,0,0.00,104.19,122.80,ACTIVE,NONE,10100,0,P,P,0.00,released,RELEASED
2026-05-21 22:03:49.164,404.5388,,slider,1,0,0.00,32.19,58.90,ACTIVE,NONE,10110,0,P,P,0.00,released,RELEASED
2026-05-21 22:03:49.572,404.9473,,slider,1,0,0.00,0.11,5.00,ACTIVE,NONE,10120,0,P,P,0.00,released,RELEASED
2026-05-21 22:03:49.972,405.3469,,slider,1,0,0.00,0.01,0.00,ACTIVE,NONE,10130,0,P,P,0.00,released,RELEASED
2026-05-21 22:03:50.373,405.7474,,slider,1,0,0.00,0.00,-0.20,ACTIVE,NONE,10140,0,P,P,0.00,released,RELEASED
2026-05-21 22:03:50.772,406.1467,,slider,1,0,0.00,0.00,-0.20,ACTIVE,NONE,10150,0,P,P,0.00,released,RELEASED
2026-05-21 22:03:51.172,406.5468,,slider,1,0,0.00,0.00,-0.20,ACTIVE,NONE,10160,0,P,P,0.00,released,RELEASED
2026-05-21 22:03:51.572,406.9466,,slider,1,0,0.00,0.00,-0.20,ACTIVE,NONE,10170,0,P,P,0.00,released,RELEASED
2026-05-21 22:03:51.973,407.3482,,slider,1,0,0.00,0.00,-0.20,ACTIVE,NONE,10180,0,P,P,0.00,released,RELEASED
2026-05-21 22:03:52.373,407.7477,,slider,1,0,0.00,0.00,-0.20,ACTIVE,NONE,10190,0,P,P,0.00,released,RELEASED
2026-05-21 22:03:52.772,408.1473,,slider,1,0,0.00,0.00,-0.20,ACTIVE,NONE,10200,0,P,P,0.00,released,RELEASED
2026-05-21 22:03:53.172,408.5470,,slider,1,0,0.00,0.00,-0.20,ACTIVE,NONE,10210,0,P,P,0.00,released,RELEASED
2026-05-21 22:03:53.572,408.9473,,slider,1,0,0.00,0.00,-0.20,ACTIVE,NONE,10220,0,P,P,0.00,released,RELEASED
2026-05-21 22:03:53.972,409.3473,,slider,1,0,0.00,0.00,-0.20,ACTIVE,NONE,10230,0,P,P,0.00,released,RELEASED
2026-05-21 22:03:54.373,409.7474,,slider,1,0,0.00,0.00,-0.20,ACTIVE,NONE,10240,0,P,P,0.00,released,RELEASED
2026-05-21 22:03:54.772,410.1472,,slider,1,0,0.00,0.00,-0.10,ACTIVE,NONE,10250,0,P,P,0.00,released,RELEASED
2026-05-21 22:03:55.173,410.5474,,slider,1,0,0.00,0.00,-0.10,ACTIVE,NONE,10260,0,P,P,0.00,released,RELEASED
2026-05-21 22:03:55.558,410.9329,,slider,1,0,0.00,0.00,0.00,ACTIVE,NONE,10270,0,P,P,0.00,released,RELEASED
2026-05-21 22:03:55.972,411.3472,,slider,1,0,0.00,0.00,0.00,ACTIVE,NONE,10280,0,P,P,0.00,released,RELEASED
2026-05-21 22:03:56.373,411.7477,,slider,1,0,0.00,0.00,0.00,ACTIVE,NONE,10290,0,P,P,0.00,released,RELEASED
2026-05-21 22:03:56.773,412.1482,,slider,1,0,0.00,0.00,0.00,ACTIVE,NONE,10300,0,P,P,0.00,released,RELEASED
2026-05-21 22:03:57.173,412.5478,,slider,1,0,0.00,0.00,0.00,ACTIVE,NONE,10310,0,P,P,0.00,released,RELEASED
2026-05-21 22:03:57.574,412.9483,,slider,1,0,0.00,0.00,0.00,ACTIVE,NONE,10320,0,P,P,0.00,released,RELEASED
2026-05-21 22:03:57.974,413.3485,,slider,1,0,0.00,0.00,0.00,ACTIVE,NONE,10330,0,P,P,0.00,released,RELEASED
2026-05-21 22:03:58.374,413.7486,,slider,1,0,0.00,0.00,0.00,ACTIVE,NONE,10340,0,P,P,0.00,released,RELEASED
2026-05-21 22:03:58.759,414.1340,,slider,1,0,0.00,0.00,0.00,ACTIVE,NONE,10350,0,P,P,0.00,released,RELEASED
2026-05-21 22:03:59.174,414.5484,,slider,1,0,0.00,0.00,0.00,ACTIVE,NONE,10360,0,P,P,0.00,released,RELEASED
2026-05-21 22:03:59.575,414.9493,,slider,1,0,0.00,0.00,0.00,ACTIVE,NONE,10370,0,P,P,0.00,released,RELEASED
2026-05-21 22:03:59.974,415.3492,,slider,1,0,0.00,0.00,0.00,ACTIVE,NONE,10380,0,P,P,0.00,released,RELEASED
2026-05-21 22:04:00.374,415.7491,,slider,1,0,0.00,0.00,0.00,ACTIVE,NONE,10390,0,P,P,0.00,released,RELEASED
2026-05-21 22:04:00.759,416.1341,,slider,1,0,0.00,0.00,0.00,ACTIVE,NONE,10400,0,P,P,0.00,released,RELEASED
2026-05-21 22:04:01.174,416.5492,,slider,1,0,0.00,0.00,0.00,ACTIVE,NONE,10410,0,P,P,0.00,released,RELEASED
2026-05-21 22:04:01.574,416.9488,,slider,1,0,0.00,0.00,0.00,ACTIVE,NONE,10420,0,P,P,0.00,released,RELEASED
2026-05-21 22:04:01.959,417.3335,,slider,1,0,0.00,0.00,0.00,ACTIVE,NONE,10430,0,P,P,0.00,released,RELEASED
2026-05-21 22:04:02.358,417.7333,,slider,1,0,0.00,0.00,0.00,ACTIVE,NONE,10440,0,P,P,0.00,released,RELEASED
2026-05-21 22:04:02.774,418.1492,,slider,1,0,0.00,0.00,0.00,ACTIVE,NONE,10450,0,P,P,0.00,released,RELEASED
2026-05-21 22:04:03.175,418.5496,,slider,1,0,0.00,0.00,0.00,ACTIVE,NONE,10460,0,P,P,0.00,released,RELEASED
2026-05-21 22:04:03.574,418.9493,,slider,1,0,0.00,0.00,0.00,ACTIVE,NONE,10470,0,P,P,0.00,released,RELEASED
2026-05-21 22:04:03.975,419.3497,,slider,1,0,0.00,0.00,0.00,ACTIVE,NONE,10480,0,P,P,0.00,released,RELEASED
2026-05-21 22:04:04.359,419.7334,,slider,1,0,0.00,0.00,0.00,ACTIVE,NONE,10490,0,P,P,0.00,released,RELEASED
2026-05-21 22:04:04.758,420.1332,,slider,1,0,0.00,0.00,0.00,ACTIVE,NONE,10500,0,P,P,0.00,released,RELEASED
2026-05-21 22:04:05.174,420.5492,,slider,1,0,0.00,0.00,0.00,ACTIVE,NONE,10510,0,P,P,0.00,released,RELEASED
2026-05-21 22:04:05.562,420.9365,,slider,1,0,0.00,0.00,0.00,ACTIVE,NONE,10520,0,P,P,0.00,released,RELEASED
2026-05-21 22:04:05.958,421.3327,,slider,1,0,0.00,0.00,0.00,ACTIVE,NONE,10530,0,P,P,0.00,released,RELEASED
2026-05-21 22:04:06.360,421.7346,,slider,1,0,0.00,0.00,0.00,ACTIVE,NONE,10540,0,P,P,0.00,released,RELEASED
2026-05-21 22:04:06.759,422.1337,,slider,1,0,0.00,0.00,0.00,ACTIVE,NONE,10550,0,P,P,0.00,released,RELEASED
2026-05-21 22:04:07.158,422.5324,,slider,1,0,0.00,0.00,0.00,ACTIVE,NONE,10560,0,P,P,0.00,released,RELEASED
2026-05-21 22:04:07.557,422.9323,,slider,1,0,0.00,0.00,0.00,ACTIVE,NONE,10570,0,P,P,0.00,released,RELEASED
2026-05-21 22:04:07.958,423.3333,,slider,1,0,0.00,0.00,0.00,ACTIVE,NONE,10580,0,P,P,0.00,released,RELEASED
2026-05-21 22:04:08.358,423.7326,,slider,1,0,0.00,0.00,0.00,ACTIVE,NONE,10590,0,P,P,0.00,released,RELEASED
2026-05-21 22:04:08.760,424.1347,,slider,1,0,0.00,0.00,0.00,ACTIVE,NONE,10600,0,P,P,0.00,released,RELEASED
2026-05-21 22:04:09.158,424.5330,,slider,1,0,0.00,0.00,0.00,ACTIVE,NONE,10610,0,P,P,0.00,released,RELEASED
2026-05-21 22:04:09.558,424.9327,,slider,1,0,0.00,0.00,0.00,ACTIVE,NONE,10620,0,P,P,0.00,released,RELEASED
2026-05-21 22:04:09.957,425.3321,,slider,1,0,0.00,0.00,0.00,ACTIVE,NONE,10630,0,P,P,0.00,released,RELEASED
2026-05-21 22:04:10.358,425.7328,,slider,1,0,0.00,0.00,0.00,ACTIVE,NONE,10640,0,P,P,0.00,released,RELEASED
2026-05-21 22:04:10.759,426.1333,,slider,1,0,0.00,0.00,0.00,ACTIVE,NONE,10650,0,P,P,0.00,released,RELEASED
2026-05-21 22:04:11.157,426.5321,,slider,1,0,0.00,0.00,0.00,ACTIVE,NONE,10660,0,P,P,0.00,released,RELEASED
2026-05-21 22:04:11.558,426.9327,,slider,1,0,0.00,0.00,0.00,ACTIVE,NONE,10670,0,P,P,0.00,released,RELEASED
2026-05-21 22:04:11.960,427.3347,,slider,1,0,0.00,0.00,0.00,ACTIVE,NONE,10680,0,P,P,0.00,released,RELEASED
2026-05-21 22:04:12.358,427.7326,,slider,1,0,0.00,0.00,0.00,ACTIVE,NONE,10690,0,P,P,0.00,released,RELEASED
2026-05-21 22:04:12.757,428.1319,,slider,1,0,0.00,0.00,0.00,ACTIVE,NONE,10700,0,P,P,0.00,released,RELEASED
2026-05-21 22:04:13.158,428.5332,,slider,1,0,0.00,0.00,0.00,ACTIVE,NONE,10710,0,P,P,0.00,released,RELEASED
2026-05-21 22:04:13.558,428.9327,,slider,1,0,0.00,0.00,0.00,ACTIVE,NONE,10720,0,P,P,0.00,released,RELEASED
2026-05-21 22:04:13.958,429.3329,,slider,1,0,0.00,0.00,0.00,ACTIVE,NONE,10730,0,P,P,0.00,released,RELEASED
2026-05-21 22:04:14.358,429.7333,,slider,1,0,0.00,0.00,0.00,ACTIVE,NONE,10740,0,P,P,0.00,released,RELEASED
2026-05-21 22:04:14.757,430.1318,,slider,1,0,0.00,0.00,0.00,ACTIVE,NONE,10750,0,P,P,0.00,released,RELEASED
2026-05-21 22:04:15.158,430.5332,,slider,1,0,0.00,0.00,0.00,ACTIVE,NONE,10760,0,P,P,0.00,released,RELEASED
2026-05-21 22:04:15.558,430.9331,,slider,1,0,0.00,0.00,0.00,ACTIVE,NONE,10770,0,P,P,0.00,released,RELEASED
2026-05-21 22:04:15.957,431.3319,,slider,1,0,0.00,0.00,0.00,ACTIVE,NONE,10780,0,P,P,0.00,released,RELEASED
2026-05-21 22:04:16.358,431.7325,,slider,1,0,0.00,0.00,0.00,ACTIVE,NONE,10790,0,P,P,0.00,released,RELEASED
2026-05-21 22:04:16.758,432.1324,,slider,1,0,0.00,0.00,0.00,ACTIVE,NONE,10800,0,P,P,0.00,released,RELEASED
2026-05-21 22:04:17.158,432.5326,,slider,1,0,0.00,0.00,0.00,ACTIVE,NONE,10810,0,P,P,0.00,released,RELEASED
2026-05-21 22:04:17.558,432.9327,,slider,1,0,0.00,0.00,0.00,ACTIVE,NONE,10820,0,P,P,0.00,released,RELEASED
2026-05-21 22:04:17.958,433.3326,,slider,1,0,0.00,0.00,0.00,ACTIVE,NONE,10830,0,P,P,0.00,released,RELEASED
2026-05-21 22:04:18.360,433.7351,,slider,1,0,0.00,0.00,0.00,ACTIVE,NONE,10840,0,P,P,0.00,released,RELEASED
2026-05-21 22:04:18.760,434.1351,,slider,1,0,0.00,0.00,0.00,ACTIVE,NONE,10850,0,P,P,0.00,released,RELEASED
2026-05-21 22:04:19.162,434.5366,,slider,1,0,0.00,0.00,0.00,ACTIVE,NONE,10860,0,P,P,0.00,released,RELEASED
2026-05-21 22:04:19.560,434.9344,,slider,1,0,0.00,0.00,0.00,ACTIVE,NONE,10870,0,P,P,0.00,released,RELEASED
2026-05-21 22:04:19.960,435.3349,,slider,1,0,0.00,0.00,0.00,ACTIVE,NONE,10880,0,P,P,0.00,released,RELEASED
2026-05-21 22:04:20.358,435.7324,,slider,1,0,0.00,0.00,0.00,ACTIVE,NONE,10890,0,P,P,0.00,released,RELEASED
2026-05-21 22:04:20.759,436.1339,,slider,1,0,0.00,0.00,0.00,ACTIVE,NONE,10900,0,P,P,0.00,released,RELEASED
2026-05-21 22:04:21.158,436.5326,,slider,1,0,0.00,0.00,0.00,ACTIVE,NONE,10910,0,P,P,0.00,released,RELEASED
2026-05-21 22:04:21.560,436.9345,,slider,1,0,0.00,0.00,0.00,ACTIVE,NONE,10920,0,P,P,0.00,released,RELEASED
2026-05-21 22:04:21.960,437.3345,,slider,1,0,0.00,0.00,0.00,ACTIVE,NONE,10930,0,P,P,0.00,released,RELEASED
2026-05-21 22:04:22.361,437.7359,,slider,1,0,0.00,0.00,0.00,ACTIVE,NONE,10940,0,P,P,0.00,released,RELEASED
2026-05-21 22:04:22.760,438.1348,,slider,1,0,0.00,0.00,0.00,ACTIVE,NONE,10950,0,P,P,0.00,released,RELEASED
2026-05-21 22:04:23.159,438.5333,,slider,1,0,0.00,0.00,0.00,ACTIVE,NONE,10960,0,P,P,0.00,released,RELEASED
2026-05-21 22:04:23.558,438.9328,,slider,1,0,0.00,0.00,0.00,ACTIVE,NONE,10970,0,P,P,0.00,released,RELEASED
2026-05-21 22:04:23.959,439.3337,,slider,1,0,0.00,0.00,0.00,ACTIVE,NONE,10980,0,P,P,0.00,released,RELEASED
2026-05-21 22:04:24.361,439.7363,,slider,1,0,0.00,0.00,0.00,ACTIVE,NONE,10990,0,P,P,0.00,released,RELEASED
2026-05-21 22:04:24.760,440.1345,,slider,1,0,0.00,0.00,0.00,ACTIVE,NONE,11000,0,P,P,0.00,released,RELEASED
2026-05-21 22:04:25.159,440.5336,,slider,1,0,0.00,0.00,0.00,ACTIVE,NONE,11010,0,P,P,0.00,released,RELEASED
2026-05-21 22:04:25.558,440.9329,,slider,1,0,0.00,0.00,0.00,ACTIVE,NONE,11020,0,P,P,0.00,released,RELEASED
2026-05-21 22:04:25.961,441.3358,,slider,1,0,0.00,0.00,0.00,ACTIVE,NONE,11030,0,P,P,0.00,released,RELEASED
2026-05-21 22:04:26.361,441.7356,,slider,1,0,0.00,0.00,0.00,ACTIVE,NONE,11040,0,P,P,0.00,released,RELEASED
2026-05-21 22:04:26.760,442.1347,,slider,1,0,0.00,0.00,0.00,ACTIVE,NONE,11050,0,P,P,0.00,released,RELEASED
2026-05-21 22:04:27.158,442.5332,,slider,1,0,0.00,0.00,0.00,ACTIVE,NONE,11060,0,P,P,0.00,released,RELEASED
2026-05-21 22:04:27.560,442.9353,,slider,1,0,0.00,0.00,0.00,ACTIVE,NONE,11070,0,P,P,0.00,released,RELEASED
2026-05-21 22:04:27.959,443.3337,,slider,1,0,0.00,0.00,0.00,ACTIVE,NONE,11080,0,P,P,0.00,released,RELEASED
2026-05-21 22:04:28.362,443.7365,,slider,1,0,0.00,0.00,0.00,ACTIVE,NONE,11090,0,P,P,0.00,released,RELEASED
2026-05-21 22:04:28.760,444.1351,,slider,1,0,0.00,0.00,0.00,ACTIVE,NONE,11100,0,P,P,0.00,released,RELEASED
2026-05-21 22:04:29.159,444.5341,,slider,1,0,0.00,0.00,0.00,ACTIVE,NONE,11110,0,P,P,0.00,released,RELEASED
2026-05-21 22:04:29.560,444.9345,,slider,1,0,0.00,0.00,0.00,ACTIVE,NONE,11120,0,P,P,0.00,released,RELEASED
2026-05-21 22:04:29.959,445.3335,,slider,1,0,0.00,0.00,0.00,ACTIVE,NONE,11130,0,P,P,0.00,released,RELEASED
2026-05-21 22:04:30.360,445.7346,,slider,1,0,0.00,0.00,0.00,ACTIVE,NONE,11140,0,P,P,0.00,released,RELEASED
2026-05-21 22:04:30.759,446.1341,,slider,1,0,0.00,0.00,0.00,ACTIVE,NONE,11150,0,P,P,0.00,released,RELEASED
2026-05-21 22:04:31.161,446.5355,,slider,1,0,0.00,0.00,0.00,ACTIVE,NONE,11160,0,P,P,0.00,released,RELEASED
2026-05-21 22:04:31.560,446.9344,,slider,1,0,0.00,0.00,0.00,ACTIVE,NONE,11170,0,P,P,0.00,released,RELEASED
2026-05-21 22:04:31.960,447.3352,,slider,1,0,0.00,0.00,0.00,ACTIVE,NONE,11180,0,P,P,0.00,released,RELEASED
2026-05-21 22:04:32.360,447.7350,,slider,1,0,0.00,0.00,0.00,ACTIVE,NONE,11190,0,P,P,0.00,released,RELEASED
2026-05-21 22:04:32.759,448.1342,,slider,1,0,0.00,0.00,0.00,ACTIVE,NONE,11200,0,P,P,0.00,released,RELEASED
2026-05-21 22:04:33.160,448.5347,,slider,1,0,0.00,0.00,0.00,ACTIVE,NONE,11210,0,P,P,0.00,released,RELEASED
2026-05-21 22:04:33.560,448.9344,,slider,1,0,0.00,0.00,0.00,ACTIVE,NONE,11220,0,P,P,0.00,released,RELEASED
2026-05-21 22:04:33.961,449.3354,,slider,1,0,0.00,0.00,0.00,ACTIVE,NONE,11230,0,P,P,0.00,released,RELEASED
2026-05-21 22:04:34.362,449.7370,,slider,1,0,0.00,0.00,0.00,ACTIVE,NONE,11240,0,P,P,0.00,released,RELEASED
2026-05-21 22:04:34.763,450.1376,,slider,1,0,0.00,0.00,0.00,ACTIVE,NONE,11250,0,P,P,0.00,released,RELEASED
2026-05-21 22:04:35.161,450.5359,,slider,1,0,0.00,0.00,0.00,ACTIVE,NONE,11260,0,P,P,0.00,released,RELEASED
2026-05-21 22:04:35.560,450.9350,,slider,1,0,0.00,0.00,0.00,ACTIVE,NONE,11270,0,P,P,0.00,released,RELEASED
2026-05-21 22:04:35.962,451.3371,,slider,1,0,0.00,0.00,0.00,ACTIVE,NONE,11280,0,P,P,0.00,released,RELEASED
2026-05-21 22:04:36.362,451.7369,,slider,1,0,0.00,0.00,0.00,ACTIVE,NONE,11290,0,P,P,0.00,released,RELEASED
2026-05-21 22:04:36.762,452.1373,,slider,1,0,0.00,0.00,0.00,ACTIVE,NONE,11300,0,P,P,0.00,released,RELEASED
2026-05-21 22:04:37.162,452.5368,,slider,1,0,0.00,0.00,0.00,ACTIVE,NONE,11310,0,P,P,0.00,released,RELEASED
2026-05-21 22:04:37.562,452.9369,,slider,1,0,0.00,0.00,0.00,ACTIVE,NONE,11320,0,P,P,0.00,released,RELEASED
2026-05-21 22:04:37.961,453.3353,,slider,1,0,0.00,0.00,0.00,ACTIVE,NONE,11330,0,P,P,0.00,released,RELEASED
2026-05-21 22:04:38.361,453.7354,,slider,1,0,0.00,0.00,0.00,ACTIVE,NONE,11340,0,P,P,0.00,released,RELEASED
2026-05-21 22:04:38.761,454.1353,,slider,1,0,0.00,0.00,0.00,ACTIVE,NONE,11350,0,P,P,0.00,released,RELEASED
2026-05-21 22:04:39.161,454.5353,,slider,1,0,0.00,0.00,0.00,ACTIVE,NONE,11360,0,P,P,0.00,released,RELEASED
2026-05-21 22:04:39.561,454.9354,,slider,1,0,0.00,0.00,0.00,ACTIVE,NONE,11370,0,P,P,0.00,released,RELEASED
2026-05-21 22:04:39.961,455.3354,,slider,1,0,0.00,0.00,0.00,ACTIVE,NONE,11380,0,P,P,0.00,released,RELEASED
2026-05-21 22:04:40.362,455.7363,,slider,1,0,0.00,0.00,0.00,ACTIVE,NONE,11390,0,P,P,0.00,released,RELEASED
2026-05-21 22:04:40.763,456.1378,,slider,1,0,0.00,0.00,0.00,ACTIVE,NONE,11400,0,P,P,0.00,released,RELEASED
2026-05-21 22:04:41.164,456.5391,,slider,1,0,0.00,0.00,0.00,ACTIVE,NONE,11410,0,P,P,0.00,released,RELEASED
2026-05-21 22:04:41.561,456.9353,,slider,1,0,0.00,0.00,0.00,ACTIVE,NONE,11420,0,P,P,0.00,released,RELEASED
2026-05-21 22:04:41.962,457.3368,,slider,1,0,0.00,0.00,0.00,ACTIVE,NONE,11430,0,P,P,0.00,released,RELEASED
2026-05-21 22:04:42.364,457.7389,,slider,1,0,0.00,0.00,0.00,ACTIVE,NONE,11440,0,P,P,0.00,released,RELEASED
2026-05-21 22:04:42.765,458.1397,,slider,1,0,0.00,0.00,0.00,ACTIVE,NONE,11450,0,P,P,0.00,released,RELEASED
2026-05-21 22:04:43.162,458.5370,,slider,1,0,0.00,0.00,0.00,ACTIVE,NONE,11460,0,P,P,0.00,released,RELEASED
2026-05-21 22:04:43.561,458.9360,,slider,1,0,0.00,0.00,0.00,ACTIVE,NONE,11470,0,P,P,0.00,released,RELEASED
2026-05-21 22:04:43.963,459.3378,,slider,1,0,0.00,0.00,0.00,ACTIVE,NONE,11480,0,P,P,0.00,released,RELEASED
2026-05-21 22:04:44.363,459.7378,,slider,1,0,0.00,0.00,0.00,ACTIVE,NONE,11490,0,P,P,0.00,released,RELEASED
2026-05-21 22:04:44.764,460.1387,,slider,1,0,0.00,0.00,0.00,ACTIVE,NONE,11500,0,P,P,0.00,released,RELEASED
2026-05-21 22:04:45.164,460.5386,,slider,1,0,0.00,0.00,0.00,ACTIVE,NONE,11510,0,P,P,0.00,released,RELEASED
2026-05-21 22:04:45.562,460.9371,,slider,1,0,0.00,0.00,0.00,ACTIVE,NONE,11520,0,P,P,0.00,released,RELEASED
2026-05-21 22:04:45.961,461.3361,,slider,1,0,0.00,0.00,0.00,ACTIVE,NONE,11530,0,P,P,0.00,released,RELEASED
2026-05-21 22:04:46.363,461.7380,,slider,1,0,0.00,0.00,0.00,ACTIVE,NONE,11540,0,P,P,0.00,released,RELEASED
2026-05-21 22:04:46.762,462.1369,,slider,1,0,0.00,0.00,0.00,ACTIVE,NONE,11550,0,P,P,0.00,released,RELEASED
2026-05-21 22:04:47.163,462.5384,,slider,1,0,0.00,0.00,0.00,ACTIVE,NONE,11560,0,P,P,0.00,released,RELEASED
2026-05-21 22:04:47.565,462.9401,,slider,1,0,0.00,0.00,0.00,ACTIVE,NONE,11570,0,P,P,0.00,released,RELEASED
2026-05-21 22:04:47.962,463.3369,,slider,1,0,0.00,0.00,0.00,ACTIVE,NONE,11580,0,P,P,0.00,released,RELEASED
2026-05-21 22:04:48.365,463.7394,,slider,1,0,0.00,0.00,0.00,ACTIVE,NONE,11590,0,P,P,0.00,released,RELEASED
2026-05-21 22:04:48.763,464.1377,,slider,1,0,0.00,0.00,0.00,ACTIVE,NONE,11600,0,P,P,0.00,released,RELEASED
2026-05-21 22:04:49.164,464.5384,,slider,1,0,0.00,0.00,0.00,ACTIVE,NONE,11610,0,P,P,0.00,released,RELEASED
2026-05-21 22:04:49.563,464.9383,,slider,1,0,0.00,0.00,0.00,ACTIVE,NONE,11620,0,P,P,0.00,released,RELEASED
2026-05-21 22:04:49.962,465.3368,,slider,1,0,0.00,0.00,0.00,ACTIVE,NONE,11630,0,P,P,0.00,released,RELEASED
2026-05-21 22:04:50.363,465.7383,,slider,1,0,0.00,0.00,0.00,ACTIVE,NONE,11640,0,P,P,0.00,released,RELEASED
2026-05-21 22:04:50.762,466.1371,,slider,1,0,0.00,0.00,0.00,ACTIVE,NONE,11650,0,P,P,0.00,released,RELEASED
2026-05-21 22:04:51.164,466.5385,,slider,1,0,0.00,0.00,0.00,ACTIVE,NONE,11660,0,P,P,0.00,released,RELEASED
2026-05-21 22:04:51.563,466.9376,,slider,1,0,0.00,0.00,0.00,ACTIVE,NONE,11670,0,P,P,0.00,released,RELEASED
2026-05-21 22:04:51.964,467.3384,,slider,1,0,0.00,0.00,0.00,ACTIVE,NONE,11680,0,P,P,0.00,released,RELEASED
2026-05-21 22:04:52.364,467.7392,,slider,1,0,0.00,0.00,0.00,ACTIVE,NONE,11690,0,P,P,0.00,released,RELEASED
2026-05-21 22:04:52.764,468.1391,,slider,1,0,0.00,0.00,0.00,ACTIVE,NONE,11700,0,P,P,0.00,released,RELEASED
2026-05-21 22:04:53.163,468.5375,,slider,1,0,0.00,0.00,0.00,ACTIVE,NONE,11710,0,P,P,0.00,released,RELEASED
2026-05-21 22:04:53.564,468.9392,,slider,1,0,0.00,0.00,0.00,ACTIVE,NONE,11720,0,P,P,0.00,released,RELEASED
2026-05-21 22:04:53.962,469.3370,,slider,1,0,0.00,0.00,0.00,ACTIVE,NONE,11730,0,P,P,0.00,released,RELEASED
2026-05-21 22:04:54.363,469.7379,,slider,1,0,0.00,0.00,0.00,ACTIVE,NONE,11740,0,P,P,0.00,released,RELEASED
2026-05-21 22:04:54.765,470.1403,,slider,1,0,0.00,0.00,0.00,ACTIVE,NONE,11750,0,P,P,0.00,released,RELEASED
2026-05-21 22:04:55.163,470.5381,,slider,1,0,0.00,0.00,0.00,ACTIVE,NONE,11760,0,P,P,0.00,released,RELEASED
2026-05-21 22:04:55.563,470.9382,,slider,1,0,0.00,0.00,0.00,ACTIVE,NONE,11770,0,P,P,0.00,released,RELEASED
2026-05-21 22:04:55.965,471.3395,,slider,1,0,0.00,0.00,0.00,ACTIVE,NONE,11780,0,P,P,0.00,released,RELEASED
2026-05-21 22:04:56.363,471.7380,,slider,1,0,0.00,0.00,0.00,ACTIVE,NONE,11790,0,P,P,0.00,released,RELEASED
2026-05-21 22:04:56.764,472.1385,,slider,1,0,0.00,0.00,0.00,ACTIVE,NONE,11800,0,P,P,0.00,released,RELEASED
2026-05-21 22:04:57.164,472.5388,,slider,1,0,0.00,0.00,0.00,ACTIVE,NONE,11810,0,P,P,0.00,released,RELEASED
2026-05-21 22:04:57.564,472.9386,,slider,1,0,0.00,0.00,0.00,ACTIVE,NONE,11820,0,P,P,0.00,released,RELEASED
2026-05-21 22:04:57.964,473.3393,,slider,1,0,0.00,0.00,0.00,ACTIVE,NONE,11830,0,P,P,0.00,released,RELEASED
2026-05-21 22:04:58.365,473.7394,,slider,1,0,0.00,0.00,0.00,ACTIVE,NONE,11840,0,P,P,0.00,released,RELEASED
2026-05-21 22:04:58.765,474.1399,,slider,1,0,0.00,0.00,0.00,ACTIVE,NONE,11850,0,P,P,0.00,released,RELEASED
2026-05-21 22:04:59.164,474.5385,,slider,1,0,0.00,0.00,0.00,ACTIVE,NONE,11860,0,P,P,0.00,released,RELEASED
2026-05-21 22:04:59.563,474.9379,,slider,1,0,0.00,0.00,0.00,ACTIVE,NONE,11870,0,P,P,0.00,released,RELEASED
2026-05-21 22:04:59.963,475.3379,,slider,1,0,0.00,0.00,0.00,ACTIVE,NONE,11880,0,P,P,0.00,released,RELEASED
2026-05-21 22:05:00.364,475.7388,,slider,1,0,0.00,0.00,0.00,ACTIVE,NONE,11890,0,P,P,0.00,released,RELEASED
2026-05-21 22:05:00.766,476.1405,,slider,1,0,0.00,0.00,0.00,ACTIVE,NONE,11900,0,P,P,0.00,released,RELEASED
2026-05-21 22:05:01.166,476.5404,,slider,1,0,0.00,0.00,0.00,ACTIVE,NONE,11910,0,P,P,0.00,released,RELEASED
2026-05-21 22:05:01.565,476.9394,,slider,1,0,0.00,0.00,0.00,ACTIVE,NONE,11920,0,P,P,0.00,released,RELEASED
2026-05-21 22:05:01.964,477.3388,,slider,1,0,0.00,0.00,0.00,ACTIVE,NONE,11930,0,P,P,0.00,released,RELEASED
2026-05-21 22:05:02.365,477.7396,,slider,1,0,0.00,0.00,0.00,ACTIVE,NONE,11940,0,P,P,0.00,released,RELEASED
2026-05-21 22:05:02.765,478.1393,,slider,1,0,0.00,0.00,0.00,ACTIVE,NONE,11950,0,P,P,0.00,released,RELEASED
2026-05-21 22:05:03.164,478.5387,,slider,1,0,0.00,0.00,0.00,ACTIVE,NONE,11960,0,P,P,0.00,released,RELEASED
2026-05-21 22:05:03.565,478.9398,,slider,1,0,0.00,0.00,0.00,ACTIVE,NONE,11970,0,P,P,0.00,released,RELEASED
2026-05-21 22:05:03.965,479.3396,,slider,1,0,0.00,0.00,0.00,ACTIVE,NONE,11980,0,P,P,0.00,released,RELEASED
2026-05-21 22:05:04.364,479.7393,,slider,1,0,0.00,0.00,0.00,ACTIVE,NONE,11990,0,P,P,0.00,released,RELEASED
2026-05-21 22:05:04.766,480.1405,,slider,1,0,0.00,0.00,0.00,ACTIVE,NONE,12000,0,P,P,0.00,released,RELEASED
2026-05-21 22:05:05.164,480.5393,,slider,1,0,0.00,0.00,0.00,ACTIVE,NONE,12010,0,P,P,0.00,released,RELEASED
2026-05-21 22:05:05.565,480.9394,,slider,1,0,0.00,0.00,0.00,ACTIVE,NONE,12020,0,P,P,0.00,released,RELEASED
2026-05-21 22:05:05.965,481.3395,,slider,1,0,0.00,0.00,0.00,ACTIVE,NONE,12030,0,P,P,0.00,released,RELEASED
2026-05-21 22:05:06.365,481.7394,,slider,1,0,0.00,0.00,0.00,ACTIVE,NONE,12040,0,P,P,0.00,released,RELEASED
2026-05-21 22:05:06.765,482.1397,,slider,1,0,0.00,0.00,0.00,ACTIVE,NONE,12050,0,P,P,0.00,released,RELEASED
2026-05-21 22:05:07.165,482.5402,,slider,1,0,0.00,0.00,0.00,ACTIVE,NONE,12060,0,P,P,0.00,released,RELEASED
2026-05-21 22:05:07.566,482.9409,,slider,1,0,0.00,0.00,0.00,ACTIVE,NONE,12070,0,P,P,0.00,released,RELEASED
2026-05-21 22:05:07.965,483.3397,,slider,1,0,0.00,0.00,0.00,ACTIVE,NONE,12080,0,P,P,0.00,released,RELEASED
2026-05-21 22:05:08.366,483.7407,,slider,1,0,0.00,0.00,0.00,ACTIVE,NONE,12090,0,P,P,0.00,released,RELEASED
2026-05-21 22:05:08.767,484.1417,,slider,1,0,0.00,0.00,0.00,ACTIVE,NONE,12100,0,P,P,0.00,released,RELEASED
2026-05-21 22:05:09.167,484.5420,,slider,1,0,0.00,0.00,0.00,ACTIVE,NONE,12110,0,P,P,0.00,released,RELEASED
2026-05-21 22:05:09.566,484.9408,,slider,1,0,0.00,0.00,0.00,ACTIVE,NONE,12120,0,P,P,0.00,released,RELEASED
2026-05-21 22:05:09.967,485.3415,,slider,1,0,0.00,0.00,0.00,ACTIVE,NONE,12130,0,P,P,0.00,released,RELEASED
2026-05-21 22:05:10.367,485.7422,,slider,1,0,0.00,0.00,0.00,ACTIVE,NONE,12140,0,P,P,0.00,released,RELEASED
2026-05-21 22:05:10.767,486.1419,,slider,1,0,0.00,0.00,0.00,ACTIVE,NONE,12150,0,P,P,0.00,released,RELEASED
2026-05-21 22:05:11.167,486.5416,,slider,1,0,0.00,0.00,0.00,ACTIVE,NONE,12160,0,P,P,0.00,released,RELEASED
2026-05-21 22:05:11.567,486.9421,,slider,1,0,0.00,0.00,0.00,ACTIVE,NONE,12170,0,P,P,0.00,released,RELEASED
2026-05-21 22:05:11.967,487.3417,,slider,1,0,0.00,0.00,0.00,ACTIVE,NONE,12180,0,P,P,0.00,released,RELEASED
2026-05-21 22:05:12.368,487.7429,,slider,1,0,0.00,0.00,0.00,ACTIVE,NONE,12190,0,P,P,0.00,released,RELEASED
2026-05-21 22:05:12.768,488.1429,,slider,1,0,0.00,0.00,0.00,ACTIVE,NONE,12200,0,P,P,0.00,released,RELEASED
2026-05-21 22:05:13.166,488.5408,,slider,1,0,0.00,0.00,0.00,ACTIVE,NONE,12210,0,P,P,0.00,released,RELEASED
2026-05-21 22:05:13.567,488.9419,,slider,1,0,0.00,0.00,0.00,ACTIVE,NONE,12220,0,P,P,0.00,released,RELEASED
2026-05-21 22:05:13.967,489.3417,,slider,1,0,0.00,0.00,0.00,ACTIVE,NONE,12230,0,P,P,0.00,released,RELEASED
2026-05-21 22:05:14.368,489.7427,,slider,1,0,0.00,0.00,0.00,ACTIVE,NONE,12240,0,P,P,0.00,released,RELEASED
2026-05-21 22:05:14.765,490.1402,,slider,1,0,0.00,0.00,0.00,ACTIVE,NONE,12250,0,P,P,0.00,released,RELEASED
2026-05-21 22:05:15.167,490.5417,,slider,1,0,0.00,0.00,0.00,ACTIVE,NONE,12260,0,P,P,0.00,released,RELEASED
2026-05-21 22:05:15.566,490.9408,,slider,1,0,0.00,0.00,0.00,ACTIVE,NONE,12270,0,P,P,0.00,released,RELEASED
2026-05-21 22:05:15.966,491.3412,,slider,1,0,0.00,0.00,0.00,ACTIVE,NONE,12280,0,P,P,0.00,released,RELEASED
2026-05-21 22:05:16.366,491.7404,,slider,1,0,0.00,0.00,0.00,ACTIVE,NONE,12290,0,P,P,0.00,released,RELEASED
2026-05-21 22:05:16.767,492.1417,,slider,1,0,0.00,0.00,0.00,ACTIVE,NONE,12300,0,P,P,0.00,released,RELEASED
2026-05-21 22:05:17.167,492.5414,,slider,1,0,0.00,0.00,0.00,ACTIVE,NONE,12310,0,P,P,0.00,released,RELEASED
2026-05-21 22:05:17.566,492.9410,,slider,1,0,0.00,0.00,0.00,ACTIVE,NONE,12320,0,P,P,0.00,released,RELEASED
2026-05-21 22:05:17.967,493.3417,,slider,1,0,0.00,0.00,0.00,ACTIVE,NONE,12330,0,P,P,0.00,released,RELEASED
2026-05-21 22:05:18.368,493.7424,,slider,1,0,0.00,0.00,0.00,ACTIVE,NONE,12340,0,P,P,0.00,released,RELEASED
2026-05-21 22:05:18.767,494.1415,,slider,1,0,0.00,0.00,0.00,ACTIVE,NONE,12350,0,P,P,0.00,released,RELEASED
2026-05-21 22:05:19.167,494.5415,,slider,1,0,0.00,0.00,0.00,ACTIVE,NONE,12360,0,P,P,0.00,released,RELEASED
2026-05-21 22:05:19.568,494.9426,,slider,1,0,0.00,0.00,0.00,ACTIVE,NONE,12370,0,P,P,0.00,released,RELEASED
2026-05-21 22:05:19.967,495.3414,,slider,1,0,0.00,0.00,0.00,ACTIVE,NONE,12380,0,P,P,0.00,released,RELEASED
2026-05-21 22:05:20.368,495.7429,,slider,1,0,0.00,0.00,0.00,ACTIVE,NONE,12390,0,P,P,0.00,released,RELEASED
2026-05-21 22:05:20.767,496.1422,,slider,1,0,0.00,0.00,0.00,ACTIVE,NONE,12400,0,P,P,0.00,released,RELEASED
2026-05-21 22:05:21.168,496.5425,,slider,1,0,0.00,0.00,0.00,ACTIVE,NONE,12410,0,P,P,0.00,released,RELEASED
2026-05-21 22:05:21.567,496.9418,,slider,1,0,0.00,0.00,0.00,ACTIVE,NONE,12420,0,P,P,0.00,released,RELEASED
2026-05-21 22:05:21.967,497.3420,,slider,1,0,0.00,0.00,0.00,ACTIVE,NONE,12430,0,P,P,0.00,released,RELEASED
2026-05-21 22:05:22.367,497.7418,,slider,1,0,0.00,0.00,0.00,ACTIVE,NONE,12440,0,P,P,0.00,released,RELEASED
2026-05-21 22:05:22.767,498.1419,,slider,1,0,0.00,0.00,0.00,ACTIVE,NONE,12450,0,P,P,0.00,released,RELEASED
2026-05-21 22:05:23.168,498.5426,,slider,1,0,0.00,0.00,0.00,ACTIVE,NONE,12460,0,P,P,0.00,released,RELEASED
2026-05-21 22:05:23.568,498.9426,,slider,1,0,0.00,0.00,0.00,ACTIVE,NONE,12470,0,P,P,0.00,released,RELEASED
2026-05-21 22:05:23.968,499.3426,,slider,1,0,0.00,0.00,0.00,ACTIVE,NONE,12480,0,P,P,0.00,released,RELEASED
2026-05-21 22:05:24.368,499.7424,,slider,1,0,0.00,0.00,0.00,ACTIVE,NONE,12490,0,P,P,0.00,released,RELEASED
2026-05-21 22:05:24.768,500.1430,,slider,1,0,0.00,0.00,0.00,ACTIVE,NONE,12500,0,P,P,0.00,released,RELEASED
2026-05-21 22:05:25.168,500.5427,,slider,1,0,0.00,0.00,0.00,ACTIVE,NONE,12510,0,P,P,0.00,released,RELEASED
2026-05-21 22:05:25.568,500.9423,,slider,1,0,0.00,0.00,0.00,ACTIVE,NONE,12520,0,P,P,0.00,released,RELEASED
2026-05-21 22:05:25.968,501.3424,,slider,1,0,0.00,0.00,0.00,ACTIVE,NONE,12530,0,P,P,0.00,released,RELEASED
2026-05-21 22:05:26.368,501.7424,,slider,1,0,0.00,0.00,0.00,ACTIVE,NONE,12540,0,P,P,0.00,released,RELEASED
2026-05-21 22:05:26.768,502.1425,,slider,1,0,0.00,0.00,0.00,ACTIVE,NONE,12550,0,P,P,0.00,released,RELEASED
2026-05-21 22:05:27.168,502.5425,,slider,1,0,0.00,0.00,0.00,ACTIVE,NONE,12560,0,P,P,0.00,released,RELEASED
2026-05-21 22:05:27.568,502.9430,,slider,1,0,0.00,0.00,0.00,ACTIVE,NONE,12570,0,P,P,0.00,released,RELEASED
2026-05-21 22:05:27.969,503.3440,,slider,1,0,0.00,0.00,0.00,ACTIVE,NONE,12580,0,P,P,0.00,released,RELEASED
2026-05-21 22:05:28.370,503.7450,,slider,1,0,0.00,0.00,0.00,ACTIVE,NONE,12590,0,P,P,0.00,released,RELEASED
2026-05-21 22:05:28.769,504.1435,,slider,1,0,0.00,0.00,0.00,ACTIVE,NONE,12600,0,P,P,0.00,released,RELEASED
2026-05-21 22:05:29.168,504.5426,,slider,1,0,0.00,0.00,0.00,ACTIVE,NONE,12610,0,P,P,0.00,released,RELEASED
2026-05-21 22:05:29.568,504.9424,,slider,1,0,0.00,0.00,0.00,ACTIVE,NONE,12620,0,P,P,0.00,released,RELEASED
2026-05-21 22:05:29.968,505.3430,,slider,1,0,0.00,0.00,0.00,ACTIVE,NONE,12630,0,P,P,0.00,released,RELEASED
2026-05-21 22:05:30.368,505.7427,,slider,1,0,0.00,0.00,0.00,ACTIVE,NONE,12640,0,P,P,0.00,released,RELEASED
2026-05-21 22:05:30.769,506.1440,,slider,1,0,0.00,0.00,0.00,ACTIVE,NONE,12650,0,P,P,0.00,released,RELEASED
2026-05-21 22:05:31.168,506.5430,,slider,1,0,0.00,0.00,0.00,ACTIVE,NONE,12660,0,P,P,0.00,released,RELEASED
2026-05-21 22:05:31.569,506.9434,,slider,1,0,0.00,0.00,0.00,ACTIVE,NONE,12670,0,P,P,0.00,released,RELEASED
2026-05-21 22:05:31.969,507.3438,,slider,1,0,0.00,0.00,0.00,ACTIVE,NONE,12680,0,P,P,0.00,released,RELEASED
2026-05-21 22:05:32.369,507.7434,,slider,1,0,0.00,0.00,0.00,ACTIVE,NONE,12690,0,P,P,0.00,released,RELEASED
2026-05-21 22:05:32.769,508.1443,,slider,1,0,0.00,0.00,0.00,ACTIVE,NONE,12700,0,P,P,0.00,released,RELEASED
2026-05-21 22:05:33.169,508.5434,,slider,1,0,0.00,0.00,0.00,ACTIVE,NONE,12710,0,P,P,0.00,released,RELEASED
2026-05-21 22:05:33.569,508.9438,,slider,1,0,0.00,0.00,0.00,ACTIVE,NONE,12720,0,P,P,0.00,released,RELEASED
2026-05-21 22:05:33.969,509.3433,,slider,1,0,0.00,0.00,0.00,ACTIVE,NONE,12730,0,P,P,0.00,released,RELEASED
2026-05-21 22:05:34.369,509.7440,,slider,1,0,0.00,0.00,0.00,ACTIVE,NONE,12740,0,P,P,0.00,released,RELEASED
2026-05-21 22:05:34.769,510.1437,,slider,1,0,0.00,0.00,0.00,ACTIVE,NONE,12750,0,P,P,0.00,released,RELEASED
2026-05-21 22:05:35.169,510.5442,,slider,1,0,0.00,0.00,0.00,ACTIVE,NONE,12760,0,P,P,0.00,released,RELEASED
2026-05-21 22:05:35.570,510.9446,,slider,1,0,0.00,0.00,0.00,ACTIVE,NONE,12770,0,P,P,0.00,released,RELEASED
2026-05-21 22:05:35.969,511.3438,,slider,1,0,0.00,0.00,0.00,ACTIVE,NONE,12780,0,P,P,0.00,released,RELEASED
2026-05-21 22:05:36.369,511.7442,,slider,1,0,0.00,0.00,0.00,ACTIVE,NONE,12790,0,P,P,0.00,released,RELEASED
2026-05-21 22:05:36.770,512.1446,,slider,1,0,0.00,0.00,0.00,ACTIVE,NONE,12800,0,P,P,0.00,released,RELEASED
2026-05-21 22:05:37.170,512.5444,,slider,1,0,0.00,0.00,0.00,ACTIVE,NONE,12810,0,P,P,0.00,released,RELEASED
2026-05-21 22:05:37.570,512.9448,,slider,1,0,0.00,0.00,0.00,ACTIVE,NONE,12820,0,P,P,0.00,released,RELEASED
2026-05-21 22:05:37.969,513.3441,,slider,1,0,0.00,0.00,0.00,ACTIVE,NONE,12830,0,P,P,0.00,released,RELEASED
2026-05-21 22:05:38.369,513.7443,,slider,1,0,0.00,0.00,0.00,ACTIVE,NONE,12840,0,P,P,0.00,released,RELEASED
2026-05-21 22:05:38.769,514.1443,,slider,1,0,0.00,0.00,0.00,ACTIVE,NONE,12850,0,P,P,0.00,released,RELEASED
2026-05-21 22:05:39.170,514.5448,,slider,1,0,0.00,0.00,0.00,ACTIVE,NONE,12860,0,P,P,0.00,released,RELEASED
2026-05-21 22:05:39.570,514.9448,,slider,1,0,0.00,0.00,0.00,ACTIVE,NONE,12870,0,P,P,0.00,released,RELEASED
2026-05-21 22:05:39.970,515.3448,,slider,1,0,0.00,0.00,0.00,ACTIVE,NONE,12880,0,P,P,0.00,released,RELEASED
2026-05-21 22:05:40.370,515.7451,,slider,1,0,0.00,0.00,0.00,ACTIVE,NONE,12890,0,P,P,0.00,released,RELEASED
2026-05-21 22:05:40.771,516.1456,,slider,1,0,0.00,0.00,0.00,ACTIVE,NONE,12900,0,P,P,0.00,released,RELEASED
2026-05-21 22:05:41.170,516.5452,,slider,1,0,0.00,0.00,0.00,ACTIVE,NONE,12910,0,P,P,0.00,released,RELEASED
2026-05-21 22:05:41.571,516.9455,,slider,1,0,0.00,0.00,0.00,ACTIVE,NONE,12920,0,P,P,0.00,released,RELEASED
2026-05-21 22:05:41.970,517.3450,,slider,1,0,0.00,0.00,0.00,ACTIVE,NONE,12930,0,P,P,0.00,released,RELEASED
2026-05-21 22:05:42.371,517.7456,,slider,1,0,0.00,0.00,0.00,ACTIVE,NONE,12940,0,P,P,0.00,released,RELEASED
2026-05-21 22:05:42.771,518.1456,,slider,1,0,0.00,0.00,0.00,ACTIVE,NONE,12950,0,P,P,0.00,released,RELEASED
2026-05-21 22:05:43.172,518.5466,,slider,1,0,0.00,0.00,0.00,ACTIVE,NONE,12960,0,P,P,0.00,released,RELEASED
2026-05-21 22:05:43.570,518.9451,,slider,1,0,0.00,0.00,0.00,ACTIVE,NONE,12970,0,P,P,0.00,released,RELEASED
2026-05-21 22:05:43.971,519.3453,,slider,1,0,0.00,0.00,0.00,ACTIVE,NONE,12980,0,P,P,0.00,released,RELEASED
2026-05-21 22:05:44.371,519.7454,,slider,1,0,0.00,0.00,0.00,ACTIVE,NONE,12990,0,P,P,0.00,released,RELEASED
2026-05-21 22:05:44.770,520.1452,,slider,1,0,0.00,0.00,0.00,ACTIVE,NONE,13000,0,P,P,0.00,released,RELEASED
2026-05-21 22:05:45.171,520.5463,,slider,1,0,0.00,0.00,0.00,ACTIVE,NONE,13010,0,P,P,0.00,released,RELEASED
2026-05-21 22:05:45.571,520.9456,,slider,1,0,0.00,0.00,0.00,ACTIVE,NONE,13020,0,P,P,0.00,released,RELEASED
2026-05-21 22:05:45.970,521.3452,,slider,1,0,0.00,0.00,0.00,ACTIVE,NONE,13030,0,P,P,0.00,released,RELEASED
2026-05-21 22:05:46.371,521.7456,,slider,1,0,0.00,0.00,0.00,ACTIVE,NONE,13040,0,P,P,0.00,released,RELEASED
2026-05-21 22:05:46.771,522.1455,,slider,1,0,0.00,0.00,0.00,ACTIVE,NONE,13050,0,P,P,0.00,released,RELEASED
2026-05-21 22:05:47.171,522.5460,,slider,1,0,0.00,0.00,0.00,ACTIVE,NONE,13060,0,P,P,0.00,released,RELEASED
2026-05-21 22:05:47.571,522.9455,,slider,1,0,0.00,0.00,0.00,ACTIVE,NONE,13070,0,P,P,0.00,released,RELEASED
2026-05-21 22:05:47.971,523.3454,,slider,1,0,0.00,0.00,0.00,ACTIVE,NONE,13080,0,P,P,0.00,released,RELEASED
2026-05-21 22:05:48.371,523.7456,,slider,1,0,0.00,0.00,0.00,ACTIVE,NONE,13090,0,P,P,0.00,released,RELEASED
2026-05-21 22:05:48.773,524.1479,,slider,1,0,0.00,0.00,0.00,ACTIVE,NONE,13100,0,P,P,0.00,released,RELEASED
2026-05-21 22:05:49.171,524.5459,,slider,1,0,0.00,0.00,0.00,ACTIVE,NONE,13110,0,P,P,0.00,released,RELEASED
2026-05-21 22:05:49.571,524.9457,,slider,1,0,0.00,0.00,0.00,ACTIVE,NONE,13120,0,P,P,0.00,released,RELEASED
2026-05-21 22:05:49.971,525.3460,,slider,1,0,0.00,0.00,0.00,ACTIVE,NONE,13130,0,P,P,0.00,released,RELEASED
2026-05-21 22:05:50.371,525.7459,,slider,1,0,0.00,0.00,0.00,ACTIVE,NONE,13140,0,P,P,0.00,released,RELEASED
2026-05-21 22:05:50.771,526.1463,,slider,1,0,0.00,0.00,0.00,ACTIVE,NONE,13150,0,P,P,0.00,released,RELEASED
2026-05-21 22:05:51.172,526.5468,,slider,1,0,0.00,0.00,0.00,ACTIVE,NONE,13160,0,P,P,0.00,released,RELEASED
2026-05-21 22:05:51.571,526.9460,,slider,1,0,0.00,0.00,0.00,ACTIVE,NONE,13170,0,P,P,0.00,released,RELEASED
2026-05-21 22:05:51.972,527.3468,,slider,1,0,0.00,0.00,0.00,ACTIVE,NONE,13180,0,P,P,0.00,released,RELEASED
2026-05-21 22:05:52.371,527.7461,,slider,1,0,0.00,0.00,0.00,ACTIVE,NONE,13190,0,P,P,0.00,released,RELEASED
2026-05-21 22:05:52.771,528.1460,,slider,1,0,0.00,0.00,0.00,ACTIVE,NONE,13200,0,P,P,0.00,released,RELEASED
2026-05-21 22:05:53.171,528.5457,,slider,1,0,0.00,0.00,0.00,ACTIVE,NONE,13210,0,P,P,0.00,released,RELEASED
2026-05-21 22:05:53.572,528.9464,,slider,1,0,0.00,0.00,0.00,ACTIVE,NONE,13220,0,P,P,0.00,released,RELEASED
2026-05-21 22:05:53.971,529.3462,,slider,1,0,0.00,0.00,0.00,ACTIVE,NONE,13230,0,P,P,0.00,released,RELEASED
2026-05-21 22:05:54.371,529.7461,,slider,1,0,0.00,0.00,0.00,ACTIVE,NONE,13240,0,P,P,0.00,released,RELEASED
2026-05-21 22:05:54.771,530.1460,,slider,1,0,0.00,0.00,0.00,ACTIVE,NONE,13250,0,P,P,0.00,released,RELEASED
2026-05-21 22:05:55.172,530.5464,,slider,1,0,0.00,0.00,0.00,ACTIVE,NONE,13260,0,P,P,0.00,released,RELEASED
2026-05-21 22:05:55.572,530.9466,,slider,1,0,0.00,0.00,0.00,ACTIVE,NONE,13270,0,P,P,0.00,released,RELEASED
2026-05-21 22:05:55.972,531.3472,,slider,1,0,0.00,0.00,0.00,ACTIVE,NONE,13280,0,P,P,0.00,released,RELEASED
2026-05-21 22:05:56.372,531.7467,,slider,1,0,0.00,0.00,0.00,ACTIVE,NONE,13290,0,P,P,0.00,released,RELEASED
2026-05-21 22:05:56.771,532.1463,,slider,1,0,0.00,0.00,0.00,ACTIVE,NONE,13300,0,P,P,0.00,released,RELEASED
2026-05-21 22:05:57.172,532.5468,,slider,1,0,0.00,0.00,0.00,ACTIVE,NONE,13310,0,P,P,0.00,released,RELEASED
2026-05-21 22:05:57.572,532.9470,,slider,1,0,0.00,0.00,0.00,ACTIVE,NONE,13320,0,P,P,0.00,released,RELEASED
2026-05-21 22:05:57.972,533.3467,,slider,1,0,0.00,0.00,0.00,ACTIVE,NONE,13330,0,P,P,0.00,released,RELEASED
2026-05-21 22:05:58.372,533.7468,,slider,1,0,0.00,0.00,0.00,ACTIVE,NONE,13340,0,P,P,0.00,released,RELEASED
2026-05-21 22:05:58.772,534.1472,,slider,1,0,0.00,0.00,0.00,ACTIVE,NONE,13350,0,P,P,0.00,released,RELEASED
2026-05-21 22:05:59.172,534.5467,,slider,1,0,0.00,0.00,0.00,ACTIVE,NONE,13360,0,P,P,0.00,released,RELEASED
2026-05-21 22:05:59.572,534.9467,,slider,1,0,0.00,0.00,0.00,ACTIVE,NONE,13370,0,P,P,0.00,released,RELEASED
2026-05-21 22:05:59.972,535.3469,,slider,1,0,0.00,0.00,0.00,ACTIVE,NONE,13380,0,P,P,0.00,released,RELEASED
2026-05-21 22:06:00.372,535.7468,,slider,1,0,0.00,0.00,0.00,ACTIVE,NONE,13390,0,P,P,0.00,released,RELEASED
2026-05-21 22:06:00.772,536.1465,,slider,1,0,0.00,0.00,0.00,ACTIVE,NONE,13400,0,P,P,0.00,released,RELEASED
2026-05-21 22:06:01.172,536.5467,,slider,1,0,0.00,0.00,0.00,ACTIVE,NONE,13410,0,P,P,0.00,released,RELEASED
2026-05-21 22:06:01.572,536.9468,,slider,1,0,0.00,0.00,0.00,ACTIVE,NONE,13420,0,P,P,0.00,released,RELEASED
2026-05-21 22:06:01.972,537.3469,,slider,1,0,0.00,0.00,0.00,ACTIVE,NONE,13430,0,P,P,0.00,released,RELEASED
2026-05-21 22:06:02.372,537.7469,,slider,1,0,0.00,0.00,0.00,ACTIVE,NONE,13440,0,P,P,0.00,released,RELEASED
2026-05-21 22:06:02.772,538.1470,,slider,1,0,0.00,0.00,0.00,ACTIVE,NONE,13450,0,P,P,0.00,released,RELEASED
2026-05-21 22:06:03.172,538.5472,,slider,1,0,0.00,0.00,0.00,ACTIVE,NONE,13460,0,P,P,0.00,released,RELEASED
2026-05-21 22:06:03.573,538.9477,,slider,1,0,0.00,0.00,0.00,ACTIVE,NONE,13470,0,P,P,0.00,released,RELEASED
2026-05-21 22:06:03.973,539.3475,,slider,1,0,0.00,0.00,0.00,ACTIVE,NONE,13480,0,P,P,0.00,released,RELEASED
2026-05-21 22:06:04.373,539.7479,,slider,1,0,0.00,0.00,0.00,ACTIVE,NONE,13490,0,P,P,0.00,released,RELEASED
2026-05-21 22:06:04.773,540.1476,,slider,1,0,0.00,0.00,0.00,ACTIVE,NONE,13500,0,P,P,0.00,released,RELEASED
2026-05-21 22:06:05.173,540.5474,,slider,1,0,0.00,0.00,0.00,ACTIVE,NONE,13510,0,P,P,0.00,released,RELEASED
2026-05-21 22:06:05.573,540.9475,,slider,1,0,0.00,0.00,0.00,ACTIVE,NONE,13520,0,P,P,0.00,released,RELEASED
2026-05-21 22:06:05.973,541.3476,,slider,1,0,0.00,0.00,0.00,ACTIVE,NONE,13530,0,P,P,0.00,released,RELEASED
2026-05-21 22:06:06.373,541.7483,,slider,1,0,0.00,0.00,0.00,ACTIVE,NONE,13540,0,P,P,0.00,released,RELEASED
2026-05-21 22:06:06.773,542.1478,,slider,1,0,0.00,0.00,0.00,ACTIVE,NONE,13550,0,P,P,0.00,released,RELEASED
2026-05-21 22:06:07.173,542.5476,,slider,1,0,0.00,0.00,0.00,ACTIVE,NONE,13560,0,P,P,0.00,released,RELEASED
2026-05-21 22:06:07.573,542.9483,,slider,1,0,0.00,0.00,0.00,ACTIVE,NONE,13570,0,P,P,0.00,released,RELEASED
2026-05-21 22:06:07.973,543.3477,,slider,1,0,0.00,0.00,0.00,ACTIVE,NONE,13580,0,P,P,0.00,released,RELEASED
2026-05-21 22:06:08.373,543.7481,,slider,1,0,0.00,0.00,0.00,ACTIVE,NONE,13590,0,P,P,0.00,released,RELEASED
2026-05-21 22:06:08.773,544.1481,,slider,1,0,0.00,0.00,0.00,ACTIVE,NONE,13600,0,P,P,0.00,released,RELEASED
2026-05-21 22:06:09.174,544.5483,,slider,1,0,0.00,0.00,0.00,ACTIVE,NONE,13610,0,P,P,0.00,released,RELEASED
2026-05-21 22:06:09.573,544.9479,,slider,1,0,0.00,0.00,0.00,ACTIVE,NONE,13620,0,P,P,0.00,released,RELEASED
2026-05-21 22:06:09.973,545.3481,,slider,1,0,0.00,0.00,0.00,ACTIVE,NONE,13630,0,P,P,0.00,released,RELEASED
2026-05-21 22:06:10.373,545.7482,,slider,1,0,0.00,0.00,0.00,ACTIVE,NONE,13640,0,P,P,0.00,released,RELEASED
2026-05-21 22:06:10.773,546.1482,,slider,1,0,0.00,0.00,0.00,ACTIVE,NONE,13650,0,P,P,0.00,released,RELEASED
2026-05-21 22:06:11.173,546.5482,,slider,1,0,0.00,0.00,0.00,ACTIVE,NONE,13660,0,P,P,0.00,released,RELEASED
2026-05-21 22:06:11.573,546.9482,,slider,1,0,0.00,0.00,0.00,ACTIVE,NONE,13670,0,P,P,0.00,released,RELEASED
2026-05-21 22:06:11.974,547.3485,,slider,1,0,0.00,0.00,0.00,ACTIVE,NONE,13680,0,P,P,0.00,released,RELEASED
2026-05-21 22:06:12.374,547.7484,,slider,1,0,0.00,0.00,0.00,ACTIVE,NONE,13690,0,P,P,0.00,released,RELEASED
2026-05-21 22:06:12.774,548.1484,,slider,1,0,0.00,0.00,0.00,ACTIVE,NONE,13700,0,P,P,0.00,released,RELEASED
2026-05-21 22:06:13.174,548.5486,,slider,1,0,0.00,0.00,0.00,ACTIVE,NONE,13710,0,P,P,0.00,released,RELEASED
2026-05-21 22:06:13.574,548.9492,,slider,1,0,0.00,0.00,0.00,ACTIVE,NONE,13720,0,P,P,0.00,released,RELEASED
2026-05-21 22:06:13.974,549.3486,,slider,1,0,0.00,0.00,0.00,ACTIVE,NONE,13730,0,P,P,0.00,released,RELEASED
2026-05-21 22:06:14.374,549.7489,,slider,1,0,0.00,0.00,0.00,ACTIVE,NONE,13740,0,P,P,0.00,released,RELEASED
2026-05-21 22:06:14.758,550.1325,,slider,1,0,0.00,0.00,0.00,ACTIVE,NONE,13750,0,P,P,0.00,released,RELEASED
2026-05-21 22:06:15.174,550.5487,,slider,1,0,0.00,0.00,0.00,ACTIVE,NONE,13760,0,P,P,0.00,released,RELEASED
2026-05-21 22:06:15.574,550.9489,,slider,1,0,0.00,0.00,0.00,ACTIVE,NONE,13770,0,P,P,0.00,released,RELEASED
2026-05-21 22:06:15.974,551.3488,,slider,1,0,0.00,0.00,0.00,ACTIVE,NONE,13780,0,P,P,0.00,released,RELEASED
2026-05-21 22:06:16.358,551.7334,,slider,1,0,0.00,0.00,0.00,ACTIVE,NONE,13790,0,P,P,0.00,released,RELEASED
2026-05-21 22:06:16.774,552.1492,,slider,1,0,0.00,0.00,0.00,ACTIVE,NONE,13800,0,P,P,0.00,released,RELEASED
2026-05-21 22:06:17.175,552.5494,,slider,1,0,0.00,0.00,0.00,ACTIVE,NONE,13810,0,P,P,0.00,released,RELEASED
2026-05-21 22:06:17.558,552.9332,,slider,1,0,0.00,0.00,0.00,ACTIVE,NONE,13820,0,P,P,0.00,released,RELEASED
2026-05-21 22:06:17.974,553.3492,,slider,1,0,0.00,0.00,0.00,ACTIVE,NONE,13830,0,P,P,0.00,released,RELEASED
2026-05-21 22:06:18.375,553.7494,,slider,1,0,0.00,0.00,0.00,ACTIVE,NONE,13840,0,P,P,0.00,released,RELEASED
2026-05-21 22:06:18.775,554.1496,,slider,1,0,0.00,0.00,0.00,ACTIVE,NONE,13850,0,P,P,0.00,released,RELEASED
2026-05-21 22:06:19.175,554.5494,,slider,1,0,0.00,0.00,0.00,ACTIVE,NONE,13860,0,P,P,0.00,released,RELEASED
2026-05-21 22:06:19.575,554.9496,,slider,1,0,0.00,0.00,0.00,ACTIVE,NONE,13870,0,P,P,0.00,released,RELEASED
2026-05-21 22:06:19.975,555.3496,,slider,1,0,0.00,0.00,0.00,ACTIVE,NONE,13880,0,P,P,0.00,released,RELEASED
2026-05-21 22:06:20.375,555.7497,,slider,1,0,0.00,0.00,0.00,ACTIVE,NONE,13890,0,P,P,0.00,released,RELEASED
2026-05-21 22:06:20.775,556.1497,,slider,1,0,0.00,0.00,0.00,ACTIVE,NONE,13900,0,P,P,0.00,released,RELEASED
2026-05-21 22:06:21.175,556.5499,,slider,1,0,0.00,0.00,0.00,ACTIVE,NONE,13910,0,P,P,0.00,released,RELEASED
2026-05-21 22:06:21.575,556.9501,,slider,1,0,0.00,0.00,0.00,ACTIVE,NONE,13920,0,P,P,0.00,released,RELEASED
2026-05-21 22:06:21.975,557.3503,,slider,1,0,0.00,0.00,0.00,ACTIVE,NONE,13930,0,P,P,0.00,released,RELEASED
2026-05-21 22:06:22.376,557.7506,,slider,1,0,0.00,0.00,0.00,ACTIVE,NONE,13940,0,P,P,0.00,released,RELEASED
2026-05-21 22:06:22.775,558.1501,,slider,1,0,0.00,0.00,0.00,ACTIVE,NONE,13950,0,P,P,0.00,released,RELEASED
2026-05-21 22:06:23.175,558.5501,,slider,1,0,0.00,0.00,0.00,ACTIVE,NONE,13960,0,P,P,0.00,released,RELEASED
2026-05-21 22:06:23.575,558.9502,,slider,1,0,0.00,0.00,0.00,ACTIVE,NONE,13970,0,P,P,0.00,released,RELEASED
2026-05-21 22:06:23.976,559.3503,,slider,1,0,0.00,0.00,0.00,ACTIVE,NONE,13980,0,P,P,0.00,released,RELEASED
2026-05-21 22:06:24.375,559.7502,,slider,1,0,0.00,0.00,0.00,ACTIVE,NONE,13990,0,P,P,0.00,released,RELEASED
2026-05-21 22:06:24.775,560.1502,,slider,1,0,0.00,0.00,0.00,ACTIVE,NONE,14000,0,P,P,0.00,released,RELEASED
2026-05-21 22:06:25.175,560.5502,,slider,1,0,0.00,0.00,0.00,ACTIVE,NONE,14010,0,P,P,0.00,released,RELEASED
2026-05-21 22:06:25.576,560.9504,,slider,1,0,0.00,0.00,0.00,ACTIVE,NONE,14020,0,P,P,0.00,released,RELEASED
2026-05-21 22:06:25.958,561.3330,,slider,1,0,0.00,0.00,0.00,ACTIVE,NONE,14030,0,P,P,0.00,released,RELEASED
2026-05-21 22:06:26.359,561.7336,,slider,1,0,0.00,0.00,0.00,ACTIVE,NONE,14040,0,P,P,0.00,released,RELEASED
2026-05-21 22:06:26.758,562.1329,,slider,1,0,0.00,0.00,0.00,ACTIVE,NONE,14050,0,P,P,0.00,released,RELEASED
2026-05-21 22:06:27.160,562.5351,,slider,1,0,0.00,0.00,0.00,ACTIVE,NONE,14060,0,P,P,0.00,released,RELEASED
2026-05-21 22:06:27.562,562.9364,,slider,1,0,0.00,0.00,0.00,ACTIVE,NONE,14070,0,P,P,0.00,released,RELEASED
2026-05-21 22:06:27.960,563.3343,,slider,1,0,0.00,0.00,0.00,ACTIVE,NONE,14080,0,P,P,0.00,released,RELEASED
2026-05-21 22:06:28.360,563.7347,,slider,1,0,0.00,0.00,0.00,ACTIVE,NONE,14090,0,P,P,0.00,released,RELEASED
2026-05-21 22:06:28.760,564.1351,,slider,1,0,0.00,0.00,0.00,ACTIVE,NONE,14100,0,P,P,0.00,released,RELEASED
2026-05-21 22:06:29.160,564.5350,,slider,1,0,0.00,0.00,0.00,ACTIVE,NONE,14110,0,P,P,0.00,released,RELEASED
2026-05-21 22:06:29.561,564.9362,,slider,1,0,0.00,0.00,0.00,ACTIVE,NONE,14120,0,P,P,0.00,released,RELEASED
2026-05-21 22:06:29.960,565.3351,,slider,1,0,0.00,0.00,0.00,ACTIVE,NONE,14130,0,P,P,0.00,released,RELEASED
2026-05-21 22:06:30.360,565.7350,,slider,1,0,0.00,0.00,0.00,ACTIVE,NONE,14140,0,P,P,0.00,released,RELEASED
2026-05-21 22:06:30.760,566.1353,,slider,1,0,0.00,0.00,0.00,ACTIVE,NONE,14150,0,P,P,0.00,released,RELEASED
2026-05-21 22:06:31.160,566.5351,,slider,1,0,0.00,0.00,0.00,ACTIVE,NONE,14160,0,P,P,0.00,released,RELEASED
2026-05-21 22:06:31.562,566.9368,,slider,1,0,0.00,0.00,0.00,ACTIVE,NONE,14170,0,P,P,0.00,released,RELEASED
2026-05-21 22:06:31.962,567.3363,,slider,1,0,0.00,0.00,0.00,ACTIVE,NONE,14180,0,P,P,0.00,released,RELEASED
2026-05-21 22:06:32.362,567.7364,,slider,1,0,0.00,0.00,0.00,ACTIVE,NONE,14190,0,P,P,0.00,released,RELEASED
2026-05-21 22:06:32.761,568.1360,,slider,1,0,0.00,0.00,0.00,ACTIVE,NONE,14200,0,P,P,0.00,released,RELEASED
2026-05-21 22:06:33.162,568.5365,,slider,1,0,0.00,0.00,0.00,ACTIVE,NONE,14210,0,P,P,0.00,released,RELEASED
2026-05-21 22:06:33.561,568.9356,,slider,1,0,0.00,0.00,0.00,ACTIVE,NONE,14220,0,P,P,0.00,released,RELEASED
2026-05-21 22:06:33.961,569.3357,,slider,1,0,0.00,0.00,0.00,ACTIVE,NONE,14230,0,P,P,0.00,released,RELEASED
2026-05-21 22:06:34.360,569.7352,,slider,1,0,0.00,0.00,0.00,ACTIVE,NONE,14240,0,P,P,0.00,released,RELEASED
2026-05-21 22:06:34.764,570.1391,,slider,1,0,0.00,0.00,0.00,ACTIVE,NONE,14250,0,P,P,0.00,released,RELEASED
2026-05-21 22:06:35.162,570.5372,,slider,1,0,0.00,0.00,0.00,ACTIVE,NONE,14260,0,P,P,0.00,released,RELEASED
2026-05-21 22:06:35.562,570.9367,,slider,1,0,0.00,0.00,0.00,ACTIVE,NONE,14270,0,P,P,0.00,released,RELEASED
2026-05-21 22:06:35.962,571.3369,,slider,1,0,0.00,0.00,0.00,ACTIVE,NONE,14280,0,P,P,0.00,released,RELEASED
2026-05-21 22:06:36.362,571.7369,,slider,1,0,0.00,0.00,0.00,ACTIVE,NONE,14290,0,P,P,0.00,released,RELEASED
2026-05-21 22:06:36.763,572.1375,,slider,1,0,0.00,0.00,0.00,ACTIVE,NONE,14300,0,P,P,0.00,released,RELEASED
2026-05-21 22:06:37.161,572.5359,,slider,1,0,0.00,0.00,0.00,ACTIVE,NONE,14310,0,P,P,0.00,released,RELEASED
2026-05-21 22:06:37.563,572.9375,,slider,1,0,0.00,0.00,0.00,ACTIVE,NONE,14320,0,P,P,0.00,released,RELEASED
2026-05-21 22:06:37.962,573.3369,,slider,1,0,0.00,0.00,0.00,ACTIVE,NONE,14330,0,P,P,0.00,released,RELEASED
2026-05-21 22:06:38.361,573.7363,,slider,1,0,0.00,0.00,0.00,ACTIVE,NONE,14340,0,P,P,0.00,released,RELEASED
2026-05-21 22:06:38.761,574.1361,,slider,1,0,0.00,0.00,0.00,ACTIVE,NONE,14350,0,P,P,0.00,released,RELEASED
2026-05-21 22:06:39.163,574.5383,,slider,1,0,0.00,0.00,0.00,ACTIVE,NONE,14360,0,P,P,0.00,released,RELEASED
2026-05-21 22:06:39.563,574.9383,,slider,1,0,0.00,0.00,0.00,ACTIVE,NONE,14370,0,P,P,0.00,released,RELEASED
2026-05-21 22:06:39.962,575.3367,,slider,1,0,0.00,0.00,0.00,ACTIVE,NONE,14380,0,P,P,0.00,released,RELEASED
2026-05-21 22:06:40.363,575.7378,,slider,1,0,0.00,0.00,0.00,ACTIVE,NONE,14390,0,P,P,0.00,released,RELEASED
2026-05-21 22:06:40.762,576.1373,,slider,1,0,0.00,0.00,0.00,ACTIVE,NONE,14400,0,P,P,0.00,released,RELEASED
2026-05-21 22:06:41.162,576.5367,,slider,1,0,0.00,0.00,0.00,ACTIVE,NONE,14410,0,P,P,0.00,released,RELEASED
2026-05-21 22:06:41.564,576.9389,,slider,1,0,0.00,0.00,0.00,ACTIVE,NONE,14420,0,P,P,0.00,released,RELEASED
2026-05-21 22:06:41.963,577.3378,,slider,1,0,0.00,0.00,0.00,ACTIVE,NONE,14430,0,P,P,0.00,released,RELEASED
2026-05-21 22:06:42.363,577.7379,,slider,1,0,0.00,0.00,0.00,ACTIVE,NONE,14440,0,P,P,0.00,released,RELEASED
2026-05-21 22:06:42.762,578.1368,,slider,1,0,0.00,0.00,0.00,ACTIVE,NONE,14450,0,P,P,0.00,released,RELEASED
2026-05-21 22:06:43.162,578.5368,,slider,1,0,0.00,0.00,0.00,ACTIVE,NONE,14460,0,P,P,0.00,released,RELEASED
2026-05-21 22:06:43.562,578.9368,,slider,1,0,0.00,0.00,0.00,ACTIVE,NONE,14470,0,P,P,0.00,released,RELEASED
2026-05-21 22:06:43.963,579.3375,,slider,1,0,0.00,0.00,0.00,ACTIVE,NONE,14480,0,P,P,0.00,released,RELEASED
2026-05-21 22:06:44.363,579.7381,,slider,1,0,0.00,0.00,0.00,ACTIVE,NONE,14490,0,P,P,0.00,released,RELEASED
2026-05-21 22:06:44.763,580.1374,,slider,1,0,0.00,0.00,0.00,ACTIVE,NONE,14500,0,P,P,0.00,released,RELEASED
2026-05-21 22:06:45.164,580.5384,,slider,1,0,0.00,0.00,0.00,ACTIVE,NONE,14510,0,P,P,0.00,released,RELEASED
2026-05-21 22:06:45.563,580.9382,,slider,1,0,0.00,0.00,0.00,ACTIVE,NONE,14520,0,P,P,0.00,released,RELEASED
2026-05-21 22:06:45.963,581.3376,,slider,1,0,0.00,0.00,0.00,ACTIVE,NONE,14530,0,P,P,0.00,released,RELEASED
2026-05-21 22:06:46.364,581.7390,,slider,1,0,0.00,0.00,0.00,ACTIVE,NONE,14540,0,P,P,0.00,released,RELEASED
2026-05-21 22:06:46.764,582.1387,,slider,1,0,0.00,0.00,0.00,ACTIVE,NONE,14550,0,P,P,0.00,released,RELEASED
2026-05-21 22:06:47.163,582.5377,,slider,1,0,0.00,0.00,0.00,ACTIVE,NONE,14560,0,P,P,0.00,released,RELEASED
2026-05-21 22:06:47.563,582.9381,,slider,1,0,0.00,0.00,0.00,ACTIVE,NONE,14570,0,P,P,0.00,released,RELEASED
2026-05-21 22:06:47.964,583.3384,,slider,1,0,0.00,0.00,0.00,ACTIVE,NONE,14580,0,P,P,0.00,released,RELEASED
2026-05-21 22:06:48.363,583.7377,,slider,1,0,0.00,0.00,0.00,ACTIVE,NONE,14590,0,P,P,0.00,released,RELEASED
2026-05-21 22:06:48.764,584.1386,,slider,1,0,0.00,0.00,0.00,ACTIVE,NONE,14600,0,P,P,0.00,released,RELEASED
2026-05-21 22:06:49.164,584.5391,,slider,1,0,0.00,0.00,0.00,ACTIVE,NONE,14610,0,P,P,0.00,released,RELEASED
2026-05-21 22:06:49.564,584.9391,,slider,1,0,0.00,0.00,0.00,ACTIVE,NONE,14620,0,P,P,0.00,released,RELEASED
2026-05-21 22:06:49.964,585.3390,,slider,1,0,0.00,0.00,0.00,ACTIVE,NONE,14630,0,P,P,0.00,released,RELEASED
2026-05-21 22:06:50.364,585.7387,,slider,1,0,0.00,0.00,0.00,ACTIVE,NONE,14640,0,P,P,0.00,released,RELEASED
2026-05-21 22:06:50.764,586.1386,,slider,1,0,0.00,0.00,0.00,ACTIVE,NONE,14650,0,P,P,0.00,released,RELEASED
2026-05-21 22:06:51.163,586.5378,,slider,1,0,0.00,0.00,0.00,ACTIVE,NONE,14660,0,P,P,0.00,released,RELEASED
2026-05-21 22:06:51.564,586.9384,,slider,1,0,0.00,0.00,0.00,ACTIVE,NONE,14670,0,P,P,0.00,released,RELEASED
2026-05-21 22:06:51.964,587.3384,,slider,1,0,0.00,0.00,0.00,ACTIVE,NONE,14680,0,P,P,0.00,released,RELEASED
2026-05-21 22:06:52.364,587.7388,,slider,1,0,0.00,0.00,0.00,ACTIVE,NONE,14690,0,P,P,0.00,released,RELEASED
2026-05-21 22:06:52.764,588.1384,,slider,1,0,0.00,0.00,0.00,ACTIVE,NONE,14700,0,P,P,0.00,released,RELEASED
2026-05-21 22:06:53.164,588.5385,,slider,1,0,0.00,0.00,0.00,ACTIVE,NONE,14710,0,P,P,0.00,released,RELEASED
2026-05-21 22:06:53.565,588.9399,,slider,1,0,0.00,0.00,0.00,ACTIVE,NONE,14720,0,P,P,0.00,released,RELEASED
2026-05-21 22:06:53.964,589.3386,,slider,1,0,0.00,0.00,0.00,ACTIVE,NONE,14730,0,P,P,0.00,released,RELEASED
2026-05-21 22:06:54.364,589.7389,,slider,1,0,0.00,0.00,0.00,ACTIVE,NONE,14740,0,P,P,0.00,released,RELEASED
2026-05-21 22:06:54.765,590.1394,,slider,1,0,0.00,0.00,0.00,ACTIVE,NONE,14750,0,P,P,0.00,released,RELEASED
2026-05-21 22:06:55.165,590.5393,,slider,1,0,0.00,0.00,0.00,ACTIVE,NONE,14760,0,P,P,0.00,released,RELEASED
2026-05-21 22:06:55.565,590.9395,,slider,1,0,0.00,0.00,0.00,ACTIVE,NONE,14770,0,P,P,0.00,released,RELEASED
2026-05-21 22:06:55.964,591.3389,,slider,1,0,0.00,0.00,0.00,ACTIVE,NONE,14780,0,P,P,0.00,released,RELEASED
2026-05-21 22:06:56.366,591.7404,,slider,1,0,0.00,0.00,0.00,ACTIVE,NONE,14790,0,P,P,0.00,released,RELEASED
2026-05-21 22:06:56.765,592.1396,,slider,1,0,0.00,0.00,0.00,ACTIVE,NONE,14800,0,P,P,0.00,released,RELEASED
2026-05-21 22:06:57.164,592.5392,,slider,1,0,0.00,0.00,0.00,ACTIVE,NONE,14810,0,P,P,0.00,released,RELEASED
2026-05-21 22:06:57.564,592.9391,,slider,1,0,0.00,0.00,0.00,ACTIVE,NONE,14820,0,P,P,0.00,released,RELEASED
2026-05-21 22:06:57.965,593.3395,,slider,1,0,0.00,0.00,0.00,ACTIVE,NONE,14830,0,P,P,0.00,released,RELEASED
2026-05-21 22:06:58.364,593.7393,,slider,1,0,0.00,0.00,0.00,ACTIVE,NONE,14840,0,P,P,0.00,released,RELEASED
2026-05-21 22:06:58.765,594.1395,,slider,1,0,0.00,0.00,0.00,ACTIVE,NONE,14850,0,P,P,0.00,released,RELEASED
2026-05-21 22:06:59.165,594.5393,,slider,1,0,0.00,0.00,0.00,ACTIVE,NONE,14860,0,P,P,0.00,released,RELEASED
2026-05-21 22:06:59.565,594.9398,,slider,1,0,0.00,0.00,0.00,ACTIVE,NONE,14870,0,P,P,0.00,released,RELEASED
2026-05-21 22:06:59.965,595.3393,,slider,1,0,0.00,0.00,0.00,ACTIVE,NONE,14880,0,P,P,0.00,released,RELEASED
2026-05-21 22:07:00.365,595.7401,,slider,1,0,0.00,0.00,0.00,ACTIVE,NONE,14890,0,P,P,0.00,released,RELEASED
2026-05-21 22:07:00.765,596.1396,,slider,1,0,0.00,0.00,0.00,ACTIVE,NONE,14900,0,P,P,0.00,released,RELEASED
2026-05-21 22:07:01.166,596.5404,,slider,1,0,0.00,0.00,0.00,ACTIVE,NONE,14910,0,P,P,0.00,released,RELEASED
2026-05-21 22:07:01.565,596.9402,,slider,1,0,0.00,0.00,0.00,ACTIVE,NONE,14920,0,P,P,0.00,released,RELEASED
2026-05-21 22:07:01.965,597.3399,,slider,1,0,0.00,0.00,0.00,ACTIVE,NONE,14930,0,P,P,0.00,released,RELEASED
2026-05-21 22:07:02.366,597.7404,,slider,1,0,0.00,0.00,0.00,ACTIVE,NONE,14940,0,P,P,0.00,released,RELEASED
2026-05-21 22:07:02.765,598.1401,,slider,1,0,0.00,0.00,0.00,ACTIVE,NONE,14950,0,P,P,0.00,released,RELEASED
2026-05-21 22:07:03.165,598.5399,,slider,1,0,0.00,0.00,0.00,ACTIVE,NONE,14960,0,P,P,0.00,released,RELEASED
2026-05-21 22:07:03.565,598.9402,,slider,1,0,0.00,0.00,0.00,ACTIVE,NONE,14970,0,P,P,0.00,released,RELEASED
2026-05-21 22:07:03.965,599.3402,,slider,1,0,0.00,0.00,0.00,ACTIVE,NONE,14980,0,P,P,0.00,released,RELEASED
2026-05-21 22:07:04.365,599.7394,,slider,1,0,0.00,0.00,0.00,ACTIVE,NONE,14990,0,P,P,0.00,released,RELEASED
2026-05-21 22:07:04.765,600.1398,,slider,1,0,0.00,0.00,0.00,ACTIVE,NONE,15000,0,P,P,0.00,released,RELEASED
2026-05-21 22:07:05.165,600.5403,,slider,1,0,0.00,0.00,0.00,ACTIVE,NONE,15010,0,P,P,0.00,released,RELEASED
2026-05-21 22:07:05.565,600.9401,,slider,1,0,0.00,0.00,0.00,ACTIVE,NONE,15020,0,P,P,0.00,released,RELEASED
2026-05-21 22:07:05.965,601.3401,,slider,1,0,0.00,0.00,0.00,ACTIVE,NONE,15030,0,P,P,0.00,released,RELEASED
2026-05-21 22:07:06.366,601.7408,,slider,1,0,0.00,0.00,0.00,ACTIVE,NONE,15040,0,P,P,0.00,released,RELEASED
2026-05-21 22:07:06.765,602.1401,,slider,1,0,0.00,0.00,0.00,ACTIVE,NONE,15050,0,P,P,0.00,released,RELEASED
2026-05-21 22:07:07.166,602.5404,,slider,1,0,0.00,0.00,0.00,ACTIVE,NONE,15060,0,P,P,0.00,released,RELEASED
2026-05-21 22:07:07.566,602.9409,,slider,1,0,0.00,0.00,0.00,ACTIVE,NONE,15070,0,P,P,0.00,released,RELEASED
2026-05-21 22:07:07.965,603.3403,,slider,1,0,0.00,0.00,0.00,ACTIVE,NONE,15080,0,P,P,0.00,released,RELEASED
2026-05-21 22:07:08.366,603.7403,,slider,1,0,0.00,0.00,0.00,ACTIVE,NONE,15090,0,P,P,0.00,released,RELEASED
2026-05-21 22:07:08.765,604.1402,,slider,1,0,0.00,0.00,0.00,ACTIVE,NONE,15100,0,P,P,0.00,released,RELEASED
2026-05-21 22:07:09.166,604.5405,,slider,1,0,0.00,0.00,0.00,ACTIVE,NONE,15110,0,P,P,0.00,released,RELEASED
2026-05-21 22:07:09.566,604.9406,,slider,1,0,0.00,0.00,0.00,ACTIVE,NONE,15120,0,P,P,0.00,released,RELEASED
2026-05-21 22:07:09.965,605.3401,,slider,1,0,0.00,0.00,0.00,ACTIVE,NONE,15130,0,P,P,0.00,released,RELEASED
2026-05-21 22:07:10.366,605.7406,,slider,1,0,0.00,0.00,0.00,ACTIVE,NONE,15140,0,P,P,0.00,released,RELEASED
2026-05-21 22:07:10.766,606.1407,,slider,1,0,0.00,0.00,0.00,ACTIVE,NONE,15150,0,P,P,0.00,released,RELEASED
2026-05-21 22:07:11.166,606.5405,,slider,1,0,0.00,0.00,0.00,ACTIVE,NONE,15160,0,P,P,0.00,released,RELEASED
2026-05-21 22:07:11.566,606.9406,,slider,1,0,0.00,0.00,0.00,ACTIVE,NONE,15170,0,P,P,0.00,released,RELEASED
2026-05-21 22:07:11.966,607.3412,,slider,1,0,0.00,0.00,0.00,ACTIVE,NONE,15180,0,P,P,0.00,released,RELEASED
2026-05-21 22:07:12.366,607.7407,,slider,1,0,0.00,0.00,0.00,ACTIVE,NONE,15190,0,P,P,0.00,released,RELEASED
2026-05-21 22:07:12.766,608.1408,,slider,1,0,0.00,0.00,0.00,ACTIVE,NONE,15200,0,P,P,0.00,released,RELEASED
2026-05-21 22:07:13.166,608.5411,,slider,1,0,0.00,0.00,0.00,ACTIVE,NONE,15210,0,P,P,0.00,released,RELEASED
2026-05-21 22:07:13.566,608.9413,,slider,1,0,0.00,0.00,0.00,ACTIVE,NONE,15220,0,P,P,0.00,released,RELEASED
2026-05-21 22:07:13.966,609.3409,,slider,1,0,0.00,0.00,0.00,ACTIVE,NONE,15230,0,P,P,0.00,released,RELEASED
2026-05-21 22:07:14.367,609.7414,,slider,1,0,0.00,0.00,0.00,ACTIVE,NONE,15240,0,P,P,0.00,released,RELEASED
2026-05-21 22:07:14.766,610.1409,,slider,1,0,0.00,0.00,0.00,ACTIVE,NONE,15250,0,P,P,0.00,released,RELEASED
2026-05-21 22:07:15.167,610.5417,,slider,1,0,0.00,0.00,0.00,ACTIVE,NONE,15260,0,P,P,0.00,released,RELEASED
2026-05-21 22:07:15.567,610.9413,,slider,1,0,0.00,0.00,0.00,ACTIVE,NONE,15270,0,P,P,0.00,released,RELEASED
2026-05-21 22:07:15.968,611.3423,,slider,1,0,0.00,0.00,0.00,ACTIVE,NONE,15280,0,P,P,0.00,released,RELEASED
2026-05-21 22:07:16.367,611.7420,,slider,1,0,0.00,0.00,0.00,ACTIVE,NONE,15290,0,P,P,0.00,released,RELEASED
2026-05-21 22:07:16.767,612.1415,,slider,1,0,0.00,0.00,0.00,ACTIVE,NONE,15300,0,P,P,0.00,released,RELEASED
2026-05-21 22:07:17.167,612.5420,,slider,1,0,0.00,0.00,0.00,ACTIVE,NONE,15310,0,P,P,0.00,released,RELEASED
2026-05-21 22:07:17.567,612.9414,,slider,1,0,0.00,0.00,0.00,ACTIVE,NONE,15320,0,P,P,0.00,released,RELEASED
2026-05-21 22:07:17.968,613.3427,,slider,1,0,0.00,0.00,0.00,ACTIVE,NONE,15330,0,P,P,0.00,released,RELEASED
2026-05-21 22:07:18.368,613.7425,,slider,1,0,0.00,0.00,0.00,ACTIVE,NONE,15340,0,P,P,0.00,released,RELEASED
2026-05-21 22:07:18.767,614.1422,,slider,1,0,0.00,0.00,0.00,ACTIVE,NONE,15350,0,P,P,0.00,released,RELEASED
2026-05-21 22:07:19.167,614.5418,,slider,1,0,0.00,0.00,0.00,ACTIVE,NONE,15360,0,P,P,0.00,released,RELEASED
2026-05-21 22:07:19.567,614.9420,,slider,1,0,0.00,0.00,0.00,ACTIVE,NONE,15370,0,P,P,0.00,released,RELEASED
2026-05-21 22:07:19.970,615.3449,,slider,1,0,0.00,0.00,0.00,ACTIVE,NONE,15380,0,P,P,0.00,released,RELEASED
2026-05-21 22:07:20.367,615.7422,,slider,1,0,0.00,0.00,0.00,ACTIVE,NONE,15390,0,P,P,0.00,released,RELEASED
2026-05-21 22:07:20.768,616.1424,,slider,1,0,0.00,0.00,0.00,ACTIVE,NONE,15400,0,P,P,0.00,released,RELEASED
2026-05-21 22:07:21.167,616.5420,,slider,1,0,0.00,0.00,0.00,ACTIVE,NONE,15410,0,P,P,0.00,released,RELEASED
2026-05-21 22:07:21.569,616.9436,,slider,1,0,0.00,0.00,0.00,ACTIVE,NONE,15420,0,P,P,0.00,released,RELEASED
2026-05-21 22:07:21.969,617.3436,,slider,1,0,0.00,0.00,0.00,ACTIVE,NONE,15430,0,P,P,0.00,released,RELEASED
2026-05-21 22:07:22.368,617.7426,,slider,1,0,0.00,0.00,0.00,ACTIVE,NONE,15440,0,P,P,0.00,released,RELEASED
2026-05-21 22:07:22.768,618.1426,,slider,1,0,0.00,0.00,0.00,ACTIVE,NONE,15450,0,P,P,0.00,released,RELEASED
2026-05-21 22:07:23.172,618.5465,,slider,1,0,0.00,0.00,0.00,ACTIVE,NONE,15460,0,P,P,0.00,released,RELEASED
2026-05-21 22:07:23.571,618.9461,,slider,1,0,0.00,0.00,0.00,ACTIVE,NONE,15470,0,P,P,0.00,released,RELEASED
2026-05-21 22:07:23.969,619.3437,,slider,1,0,0.00,0.00,0.00,ACTIVE,NONE,15480,0,P,P,0.00,released,RELEASED
2026-05-21 22:07:24.369,619.7434,,slider,1,0,0.00,0.00,0.00,ACTIVE,NONE,15490,0,P,P,0.00,released,RELEASED
2026-05-21 22:07:24.770,620.1444,,slider,1,0,0.00,0.00,0.00,ACTIVE,NONE,15500,0,P,P,0.00,released,RELEASED
2026-05-21 22:07:25.168,620.5429,,slider,1,0,0.00,0.00,0.00,ACTIVE,NONE,15510,0,P,P,0.00,released,RELEASED
2026-05-21 22:07:25.570,620.9451,,slider,1,0,0.00,0.00,0.00,ACTIVE,NONE,15520,0,P,P,0.00,released,RELEASED
2026-05-21 22:07:25.971,621.3456,,slider,1,0,0.00,0.00,0.00,ACTIVE,NONE,15530,0,P,P,0.00,released,RELEASED
2026-05-21 22:07:26.369,621.7441,,slider,1,0,0.00,0.00,0.00,ACTIVE,NONE,15540,0,P,P,0.00,released,RELEASED
2026-05-21 22:07:26.768,622.1432,,slider,1,0,0.00,0.00,0.00,ACTIVE,NONE,15550,0,P,P,0.00,released,RELEASED
2026-05-21 22:07:27.169,622.5441,,slider,1,0,0.00,0.00,0.00,ACTIVE,NONE,15560,0,P,P,0.00,released,RELEASED
2026-05-21 22:07:27.571,622.9459,,slider,1,0,0.00,0.00,0.00,ACTIVE,NONE,15570,0,P,P,0.00,released,RELEASED
2026-05-21 22:07:27.971,623.3455,,slider,1,0,0.00,0.00,0.00,ACTIVE,NONE,15580,0,P,P,0.00,released,RELEASED
2026-05-21 22:07:28.371,623.7455,,slider,1,0,0.00,0.00,0.00,ACTIVE,NONE,15590,0,P,P,0.00,released,RELEASED
2026-05-21 22:07:28.772,624.1470,,slider,1,0,0.00,0.00,0.00,ACTIVE,NONE,15600,0,P,P,0.00,released,RELEASED
2026-05-21 22:07:29.179,624.5542,,slider,1,0,0.00,0.00,0.00,ACTIVE,NONE,15610,0,P,P,0.00,released,RELEASED
2026-05-21 22:07:29.579,624.9537,,slider,1,0,0.00,0.00,0.00,ACTIVE,NONE,15620,0,P,P,0.00,released,RELEASED
2026-05-21 22:07:29.966,625.3411,,slider,1,0,0.00,0.00,0.00,ACTIVE,NONE,15630,0,P,P,0.00,released,RELEASED
2026-05-21 22:07:30.365,625.7400,,slider,1,0,0.00,0.00,0.00,ACTIVE,NONE,15640,0,P,P,0.00,released,RELEASED
2026-05-21 22:07:30.766,626.1410,,slider,1,0,0.00,0.00,0.00,ACTIVE,NONE,15650,0,P,P,0.00,released,RELEASED
2026-05-21 22:07:31.167,626.5417,,slider,1,0,0.00,0.00,0.00,ACTIVE,NONE,15660,0,P,P,0.00,released,RELEASED
2026-05-21 22:07:31.567,626.9416,,slider,1,0,0.00,0.00,0.00,ACTIVE,NONE,15670,0,P,P,0.00,released,RELEASED
2026-05-21 22:07:31.967,627.3420,,slider,1,0,0.00,0.00,0.00,ACTIVE,NONE,15680,0,P,P,0.00,released,RELEASED
2026-05-21 22:07:32.367,627.7417,,slider,1,0,0.00,0.00,0.00,ACTIVE,NONE,15690,0,P,P,0.00,released,RELEASED
2026-05-21 22:07:32.767,628.1422,,slider,1,0,0.00,0.00,0.00,ACTIVE,NONE,15700,0,P,P,0.00,released,RELEASED
2026-05-21 22:07:33.168,628.5429,,slider,1,0,0.00,0.00,0.00,ACTIVE,NONE,15710,0,P,P,0.00,released,RELEASED
2026-05-21 22:07:33.567,628.9420,,slider,1,0,0.00,0.00,0.00,ACTIVE,NONE,15720,0,P,P,0.00,released,RELEASED
2026-05-21 22:07:33.970,629.3445,,slider,1,0,0.00,0.00,0.00,ACTIVE,NONE,15730,0,P,P,0.00,released,RELEASED
2026-05-21 22:07:34.369,629.7435,,slider,1,0,0.00,0.00,0.00,ACTIVE,NONE,15740,0,P,P,0.00,released,RELEASED
2026-05-21 22:07:34.767,630.1416,,slider,1,0,0.00,0.00,0.00,ACTIVE,NONE,15750,0,P,P,0.00,released,RELEASED
2026-05-21 22:07:35.171,630.5456,,slider,1,0,0.00,0.00,0.00,ACTIVE,NONE,15760,0,P,P,0.00,released,RELEASED
