wall_time,monotonic,event,mode,engaged,estop,target_deg,commanded_deg,measured_deg,eac_status,eac_error,rx_count_0x370,bus_errors,gear,gear_request,di_vehicle_speed_mph,brake_pedal,brake_state
2026-05-20 20:27:46.398,0.3793,eac_transition:AVAILABLE,slider,0,0,0.00,0.00,2.80,AVAILABLE,OUT_OF_RANGE,3,0,P,P,0.00,released,RELEASED
2026-05-20 20:27:46.683,0.6640,,slider,0,0,0.00,0.00,2.80,AVAILABLE,OUT_OF_RANGE,10,0,P,P,0.00,released,RELEASED
2026-05-20 20:27:47.082,1.0635,,slider,0,0,0.00,0.00,2.80,AVAILABLE,OUT_OF_RANGE,20,0,P,P,0.00,released,RELEASED
2026-05-20 20:27:47.447,1.4284,engage,slider,1,0,2.80,2.80,2.80,AVAILABLE,OUT_OF_RANGE,29,0,P,P,0.00,released,RELEASED
2026-05-20 20:27:47.482,1.4636,,slider,1,0,0.00,2.18,2.80,AVAILABLE,OUT_OF_RANGE,30,0,P,P,0.00,released,RELEASED
2026-05-20 20:27:47.523,1.5040,eac_transition:ACTIVE,slider,1,0,0.00,1.70,2.70,ACTIVE,NONE,31,0,P,P,0.00,released,RELEASED
2026-05-20 20:27:47.886,1.8671,,slider,1,0,0.00,0.11,1.40,ACTIVE,NONE,40,0,P,P,0.00,released,RELEASED
2026-05-20 20:27:48.286,2.2670,,slider,1,0,0.00,0.01,0.50,ACTIVE,NONE,50,0,P,P,0.00,released,RELEASED
2026-05-20 20:27:48.686,2.6672,,slider,1,0,0.00,0.00,0.10,ACTIVE,NONE,60,0,P,P,0.00,released,RELEASED
2026-05-20 20:27:49.086,3.0670,,slider,1,0,0.00,0.00,0.00,ACTIVE,NONE,70,0,P,P,0.00,released,RELEASED
2026-05-20 20:27:49.486,3.4671,,slider,1,0,0.00,0.00,0.00,ACTIVE,NONE,80,0,P,P,0.00,released,RELEASED
2026-05-20 20:27:49.886,3.8672,,slider,1,0,0.00,0.00,-0.30,ACTIVE,NONE,90,0,P,P,0.00,released,RELEASED
2026-05-20 20:27:50.286,4.2672,,slider,1,0,0.00,0.00,-0.30,ACTIVE,NONE,100,0,P,P,0.00,released,RELEASED
2026-05-20 20:27:50.686,4.6671,,slider,1,0,0.00,0.00,-0.20,ACTIVE,NONE,110,0,P,P,0.00,released,RELEASED
2026-05-20 20:27:51.086,5.0672,,slider,1,0,0.00,0.00,-0.10,ACTIVE,NONE,120,0,P,P,0.00,released,RELEASED
2026-05-20 20:27:51.486,5.4672,,slider,1,0,0.00,0.00,0.00,ACTIVE,NONE,130,0,P,P,0.00,released,RELEASED
2026-05-20 20:27:51.886,5.8674,,slider,1,0,0.00,0.00,0.00,ACTIVE,NONE,140,0,P,P,0.00,released,RELEASED
2026-05-20 20:27:52.286,6.2674,,slider,1,0,0.00,0.00,0.00,ACTIVE,NONE,150,0,P,P,0.00,released,RELEASED
2026-05-20 20:27:52.686,6.6672,,slider,1,0,0.00,0.00,0.00,ACTIVE,NONE,160,0,P,P,0.00,released,RELEASED
2026-05-20 20:27:53.086,7.0675,,slider,1,0,0.00,0.00,0.00,ACTIVE,NONE,170,0,P,P,0.00,released,RELEASED
2026-05-20 20:27:53.486,7.4674,,slider,1,0,0.00,0.00,0.00,ACTIVE,NONE,180,0,P,P,0.00,released,RELEASED
2026-05-20 20:27:53.886,7.8675,,slider,1,0,0.00,0.00,0.00,ACTIVE,NONE,190,0,P,P,0.00,released,RELEASED
2026-05-20 20:27:54.286,8.2673,,slider,1,0,0.00,0.00,0.00,ACTIVE,NONE,200,0,P,P,0.00,released,RELEASED
2026-05-20 20:27:54.686,8.6674,,slider,1,0,0.00,0.00,0.00,ACTIVE,NONE,210,0,P,P,0.00,released,RELEASED
2026-05-20 20:27:55.086,9.0675,,slider,1,0,0.00,0.00,0.00,ACTIVE,NONE,220,0,P,P,0.00,released,RELEASED
2026-05-20 20:27:55.486,9.4674,,slider,1,0,0.00,0.00,0.00,ACTIVE,NONE,230,0,P,P,0.00,released,RELEASED
2026-05-20 20:27:55.886,9.8677,,slider,1,0,0.00,0.00,0.00,ACTIVE,NONE,240,0,P,P,0.00,released,RELEASED
2026-05-20 20:27:56.286,10.2674,,slider,1,0,0.00,0.00,0.00,ACTIVE,NONE,250,0,P,P,0.00,released,RELEASED
2026-05-20 20:27:56.686,10.6675,,slider,1,0,0.00,0.00,0.00,ACTIVE,NONE,260,0,P,P,0.00,released,RELEASED
2026-05-20 20:27:57.086,11.0676,,slider,1,0,0.00,0.00,0.00,ACTIVE,NONE,270,0,P,P,0.00,released,RELEASED
2026-05-20 20:27:57.486,11.4676,,slider,1,0,0.00,0.00,0.00,ACTIVE,NONE,280,0,P,P,0.00,released,RELEASED
2026-05-20 20:27:57.886,11.8676,,slider,1,0,0.00,0.00,0.00,ACTIVE,NONE,290,0,P,P,0.00,released,RELEASED
2026-05-20 20:27:58.286,12.2677,,slider,1,0,0.00,0.00,0.00,ACTIVE,NONE,300,0,P,P,0.00,released,RELEASED
2026-05-20 20:27:58.687,12.6679,,slider,1,0,0.00,0.00,0.00,ACTIVE,NONE,310,0,P,P,0.00,released,RELEASED
2026-05-20 20:27:59.087,13.0677,,slider,1,0,0.00,0.00,0.00,ACTIVE,NONE,320,0,P,P,0.00,released,RELEASED
2026-05-20 20:27:59.487,13.4680,,slider,1,0,0.00,0.00,0.00,ACTIVE,NONE,330,0,P,P,0.00,released,RELEASED
2026-05-20 20:27:59.886,13.8676,,slider,1,0,0.00,0.00,0.00,ACTIVE,NONE,340,0,P,P,0.00,released,RELEASED
2026-05-20 20:28:00.287,14.2679,,slider,1,0,0.00,0.00,0.00,ACTIVE,NONE,350,0,P,P,0.00,released,RELEASED
2026-05-20 20:28:00.687,14.6678,,slider,1,0,0.00,0.00,0.00,ACTIVE,NONE,360,0,P,P,0.00,released,RELEASED
2026-05-20 20:28:01.087,15.0680,,slider,1,0,0.00,0.00,0.00,ACTIVE,NONE,370,0,P,P,0.00,released,RELEASED
2026-05-20 20:28:01.487,15.4681,,slider,1,0,0.00,0.00,0.00,ACTIVE,NONE,380,0,P,P,0.00,released,RELEASED
2026-05-20 20:28:01.887,15.8678,,slider,1,0,0.00,0.00,0.00,ACTIVE,NONE,390,0,P,P,0.00,released,RELEASED
2026-05-20 20:28:02.287,16.2683,,slider,1,0,0.00,0.00,0.00,ACTIVE,NONE,400,0,P,P,0.00,released,RELEASED
2026-05-20 20:28:02.687,16.6681,,slider,1,0,0.00,0.00,0.00,ACTIVE,NONE,410,0,P,P,0.00,released,RELEASED
2026-05-20 20:28:03.087,17.0682,,slider,1,0,0.00,0.00,0.00,ACTIVE,NONE,420,0,P,P,0.00,released,RELEASED
2026-05-20 20:28:03.487,17.4681,,slider,1,0,0.00,0.00,0.00,ACTIVE,NONE,430,0,P,P,0.00,released,RELEASED
2026-05-20 20:28:03.887,17.8684,,slider,1,0,0.00,0.00,0.00,ACTIVE,NONE,440,0,P,P,0.00,released,RELEASED
2026-05-20 20:28:04.287,18.2685,,slider,1,0,0.00,0.00,0.00,ACTIVE,NONE,450,0,P,P,0.00,released,RELEASED
2026-05-20 20:28:04.687,18.6684,,slider,1,0,0.00,0.00,0.00,ACTIVE,NONE,460,0,P,P,0.00,released,RELEASED
2026-05-20 20:28:05.087,19.0683,,slider,1,0,0.00,0.00,0.00,ACTIVE,NONE,470,0,P,P,0.00,released,RELEASED
2026-05-20 20:28:05.487,19.4682,,slider,1,0,0.00,0.00,0.00,ACTIVE,NONE,480,0,P,P,0.00,released,RELEASED
2026-05-20 20:28:05.887,19.8683,,slider,1,0,0.00,0.00,0.00,ACTIVE,NONE,490,0,P,P,0.00,released,RELEASED
2026-05-20 20:28:06.287,20.2685,,slider,1,0,0.00,0.00,0.00,ACTIVE,NONE,500,0,P,P,0.00,released,RELEASED
2026-05-20 20:28:06.687,20.6684,,slider,1,0,0.00,0.00,0.00,ACTIVE,NONE,510,0,P,P,0.00,released,RELEASED
2026-05-20 20:28:07.087,21.0686,,slider,1,0,0.00,0.00,0.00,ACTIVE,NONE,520,0,P,P,0.00,released,RELEASED
2026-05-20 20:28:07.487,21.4686,,slider,1,0,0.00,0.00,0.00,ACTIVE,NONE,530,0,P,P,0.00,released,RELEASED
2026-05-20 20:28:07.887,21.8685,,slider,1,0,0.00,0.00,0.00,ACTIVE,NONE,540,0,P,P,0.00,released,RELEASED
2026-05-20 20:28:08.287,22.2686,,slider,1,0,0.00,0.00,0.00,ACTIVE,NONE,550,0,P,P,0.00,released,RELEASED
2026-05-20 20:28:08.687,22.6686,,slider,1,0,0.00,0.00,0.00,ACTIVE,NONE,560,0,P,P,0.00,released,RELEASED
2026-05-20 20:28:09.087,23.0686,,slider,1,0,0.00,0.00,0.00,ACTIVE,NONE,570,0,P,P,0.00,released,RELEASED
2026-05-20 20:28:09.487,23.4686,,slider,1,0,0.00,0.25,0.00,ACTIVE,NONE,580,0,P,P,0.00,released,RELEASED
2026-05-20 20:28:09.888,23.8687,,slider,1,0,0.00,0.01,0.00,ACTIVE,NONE,590,0,P,P,0.00,released,RELEASED
2026-05-20 20:28:10.288,24.2687,,slider,1,0,0.00,0.22,0.00,ACTIVE,NONE,600,0,P,P,0.00,released,RELEASED
2026-05-20 20:28:10.687,24.6686,,slider,1,0,0.00,0.01,0.00,ACTIVE,NONE,610,0,P,P,0.00,released,RELEASED
2026-05-20 20:28:11.087,25.0687,,slider,1,0,0.00,0.00,0.00,ACTIVE,NONE,620,0,P,P,0.00,released,RELEASED
2026-05-20 20:28:11.488,25.4688,,slider,1,0,0.00,0.00,0.00,ACTIVE,NONE,630,0,P,P,0.00,released,RELEASED
2026-05-20 20:28:11.888,25.8690,,slider,1,0,0.00,0.09,0.10,ACTIVE,NONE,640,0,P,P,0.00,released,RELEASED
2026-05-20 20:28:12.288,26.2689,,slider,1,0,0.00,0.00,0.10,ACTIVE,NONE,650,0,P,P,0.00,released,RELEASED
2026-05-20 20:28:12.688,26.6692,,slider,1,0,0.00,0.00,0.10,ACTIVE,NONE,660,0,P,P,0.00,released,RELEASED
2026-05-20 20:28:13.088,27.0692,,slider,1,0,0.00,0.00,0.10,ACTIVE,NONE,670,0,P,P,0.00,released,RELEASED
2026-05-20 20:28:13.488,27.4692,,slider,1,0,0.00,0.00,0.10,ACTIVE,NONE,680,0,P,P,0.00,released,RELEASED
2026-05-20 20:28:13.888,27.8689,,slider,1,0,0.00,0.00,0.10,ACTIVE,NONE,690,0,P,P,0.00,released,RELEASED
2026-05-20 20:28:14.288,28.2692,,slider,1,0,149.79,19.48,2.00,ACTIVE,NONE,700,0,P,P,0.00,released,RELEASED
2026-05-20 20:28:14.676,28.6575,,slider,1,0,0.00,6.75,19.60,ACTIVE,NONE,710,0,P,P,0.00,released,RELEASED
2026-05-20 20:28:15.077,29.0578,,slider,1,0,0.00,0.33,4.00,ACTIVE,NONE,720,0,P,P,0.00,released,RELEASED
2026-05-20 20:28:15.477,29.4581,,slider,1,0,0.00,0.12,0.90,ACTIVE,NONE,730,0,P,P,0.00,released,RELEASED
2026-05-20 20:28:15.877,29.8585,,slider,1,0,0.00,0.20,0.50,ACTIVE,NONE,740,0,P,P,0.00,released,RELEASED
2026-05-20 20:28:16.277,30.2582,,slider,1,0,0.00,0.01,0.00,ACTIVE,NONE,750,0,P,P,0.00,released,RELEASED
2026-05-20 20:28:16.677,30.6584,,slider,1,0,0.00,0.00,-0.20,ACTIVE,NONE,760,0,P,P,0.00,released,RELEASED
2026-05-20 20:28:17.077,31.0584,,slider,1,0,0.00,0.00,-0.20,ACTIVE,NONE,770,0,P,P,0.00,released,RELEASED
2026-05-20 20:28:17.477,31.4580,,slider,1,0,6.48,0.00,-0.20,ACTIVE,NONE,780,0,P,P,0.00,released,RELEASED
2026-05-20 20:28:17.882,31.8635,,slider,1,0,122.78,41.22,16.70,ACTIVE,NONE,790,0,P,P,0.00,released,RELEASED
2026-05-20 20:28:18.285,32.2664,,slider,1,0,196.35,113.22,88.70,ACTIVE,NONE,800,0,P,P,0.00,released,RELEASED
2026-05-20 20:28:18.689,32.6701,,slider,1,0,0.00,107.22,129.00,ACTIVE,NONE,810,0,P,P,0.00,released,RELEASED
2026-05-20 20:28:19.089,33.0704,,slider,1,0,0.00,35.22,65.70,ACTIVE,NONE,820,0,P,P,0.00,released,RELEASED
2026-05-20 20:28:19.477,33.4580,,slider,1,0,-51.43,-33.78,-10.20,ACTIVE,NONE,830,0,P,P,0.00,released,RELEASED
2026-05-20 20:28:19.877,33.8581,,slider,1,0,-107.31,-93.42,-73.90,ACTIVE,NONE,840,0,P,P,0.00,released,RELEASED
2026-05-20 20:28:20.277,34.2581,,slider,1,0,-110.32,-102.11,-97.30,ACTIVE,NONE,850,0,P,P,0.00,released,RELEASED
2026-05-20 20:28:20.677,34.6582,,slider,1,0,-222.75,-163.78,-141.60,ACTIVE,NONE,860,0,P,P,0.00,released,RELEASED
2026-05-20 20:28:21.077,35.0583,,slider,1,0,-340.94,-235.78,-212.90,ACTIVE,NONE,870,0,P,P,0.00,released,RELEASED
2026-05-20 20:28:21.477,35.4584,,slider,1,0,-149.79,-217.78,-241.30,ACTIVE,NONE,880,0,P,P,0.00,released,RELEASED
2026-05-20 20:28:21.877,35.8584,,slider,1,0,-142.76,-145.78,-172.60,ACTIVE,NONE,890,0,P,P,0.00,released,RELEASED
2026-05-20 20:28:22.277,36.2584,,slider,1,0,-168.24,-171.68,-167.20,ACTIVE,NONE,900,0,P,P,0.00,released,RELEASED
2026-05-20 20:28:22.681,36.6619,,slider,1,0,-160.70,-160.99,-164.40,ACTIVE,NONE,910,0,P,P,0.00,released,RELEASED
2026-05-20 20:28:23.081,37.0622,,slider,1,0,-196.35,-189.17,-175.10,ACTIVE,NONE,920,0,P,P,0.00,released,RELEASED
2026-05-20 20:28:23.481,37.4624,,slider,1,0,-204.90,-201.94,-198.40,ACTIVE,NONE,930,0,P,P,0.00,released,RELEASED
2026-05-20 20:28:23.881,37.8624,,slider,1,0,-236.82,-226.42,-213.80,ACTIVE,NONE,940,0,P,P,0.00,released,RELEASED
2026-05-20 20:28:24.281,38.2622,,slider,1,0,-232.06,-237.11,-236.10,ACTIVE,NONE,950,0,P,P,0.00,released,RELEASED
2026-05-20 20:28:24.681,38.6623,,slider,1,0,-305.07,-275.38,-255.50,ACTIVE,NONE,960,0,P,P,0.00,released,RELEASED
2026-05-20 20:28:25.081,39.0623,,slider,1,0,-360.00,-347.38,-324.20,ACTIVE,NONE,970,0,P,P,0.00,released,RELEASED
2026-05-20 20:28:25.481,39.4625,,slider,1,0,-360.00,-359.06,-355.90,ACTIVE,NONE,980,0,P,P,0.00,released,RELEASED
2026-05-20 20:28:25.882,39.8627,,slider,1,0,-360.00,-358.71,-359.80,ACTIVE,NONE,990,0,P,P,0.00,released,RELEASED
2026-05-20 20:28:26.281,40.2623,,slider,1,0,30.44,-300.79,-328.80,ACTIVE,NONE,1000,0,P,P,0.00,released,RELEASED
2026-05-20 20:28:26.686,40.6668,,slider,1,0,30.44,-228.79,-254.50,ACTIVE,NONE,1010,0,P,P,0.00,released,RELEASED
2026-05-20 20:28:27.086,41.0671,,slider,1,0,32.40,-156.79,-181.40,ACTIVE,NONE,1020,0,P,P,0.00,released,RELEASED
2026-05-20 20:28:27.488,41.4691,,slider,1,0,32.40,-84.79,-109.00,ACTIVE,NONE,1030,0,P,P,0.00,released,RELEASED
2026-05-20 20:28:27.892,41.8732,,slider,1,0,32.40,-15.79,-40.60,ACTIVE,NONE,1040,0,P,P,0.00,released,RELEASED
2026-05-20 20:28:28.292,42.2733,,slider,1,0,30.44,31.71,25.50,ACTIVE,NONE,1050,0,P,P,0.00,released,RELEASED
2026-05-20 20:28:28.692,42.6733,,slider,1,0,30.44,31.52,30.80,ACTIVE,NONE,1060,0,P,P,0.00,released,RELEASED
2026-05-20 20:28:29.092,43.0734,,slider,1,0,30.44,31.52,31.70,ACTIVE,NONE,1070,0,P,P,0.00,released,RELEASED
2026-05-20 20:28:29.492,43.4734,,slider,1,0,32.40,31.96,31.70,ACTIVE,NONE,1080,0,P,P,0.00,released,RELEASED
2026-05-20 20:28:29.892,43.8735,,slider,1,0,32.40,31.65,31.90,ACTIVE,NONE,1090,0,P,P,0.00,released,RELEASED
2026-05-20 20:28:30.292,44.2735,,slider,1,0,32.40,32.22,31.90,ACTIVE,NONE,1100,0,P,P,0.00,released,RELEASED
2026-05-20 20:28:30.692,44.6736,,slider,1,0,30.44,32.24,32.00,ACTIVE,NONE,1110,0,P,P,0.00,released,RELEASED
2026-05-20 20:28:31.092,45.0736,,slider,1,0,32.40,31.31,31.90,ACTIVE,NONE,1120,0,P,P,0.00,released,RELEASED
2026-05-20 20:28:31.473,45.4540,,slider,1,0,32.40,31.70,31.80,ACTIVE,NONE,1130,0,P,P,0.00,released,RELEASED
2026-05-20 20:28:31.892,45.8737,,slider,1,0,32.40,32.12,31.80,ACTIVE,NONE,1140,0,P,P,0.00,released,RELEASED
2026-05-20 20:28:32.293,46.2739,,slider,1,0,32.40,31.30,31.80,ACTIVE,NONE,1150,0,P,P,0.00,released,RELEASED
2026-05-20 20:28:32.693,46.6739,,slider,1,0,32.40,31.20,31.60,ACTIVE,NONE,1160,0,P,P,0.00,released,RELEASED
2026-05-20 20:28:33.093,47.0738,,slider,1,0,30.44,31.08,31.40,ACTIVE,NONE,1170,0,P,P,0.00,released,RELEASED
2026-05-20 20:28:33.493,47.4742,,slider,1,0,32.40,31.90,31.40,ACTIVE,NONE,1180,0,P,P,0.00,released,RELEASED
2026-05-20 20:28:33.873,47.8543,,slider,1,0,30.44,31.45,31.40,ACTIVE,NONE,1190,0,P,P,0.00,released,RELEASED
2026-05-20 20:28:34.293,48.2743,,slider,1,0,30.44,31.46,31.40,ACTIVE,NONE,1200,0,P,P,0.00,released,RELEASED
2026-05-20 20:28:34.673,48.6543,,slider,1,0,32.40,31.75,31.40,ACTIVE,NONE,1210,0,P,P,0.00,released,RELEASED
2026-05-20 20:28:35.093,49.0746,,slider,1,0,32.40,32.12,31.50,ACTIVE,NONE,1220,0,P,P,0.00,released,RELEASED
2026-05-20 20:28:35.493,49.4744,,slider,1,0,28.49,31.55,31.70,ACTIVE,NONE,1230,0,P,P,0.00,released,RELEASED
2026-05-20 20:28:35.873,49.8544,,slider,1,0,32.40,31.78,31.60,ACTIVE,NONE,1240,0,P,P,0.00,released,RELEASED
2026-05-20 20:28:36.273,50.2547,,slider,1,0,30.44,31.38,31.70,ACTIVE,NONE,1250,0,P,P,0.00,released,RELEASED
2026-05-20 20:28:36.673,50.6545,,slider,1,0,32.40,31.88,31.60,ACTIVE,NONE,1260,0,P,P,0.00,released,RELEASED
2026-05-20 20:28:37.073,51.0545,,slider,1,0,30.44,31.41,31.60,ACTIVE,NONE,1270,0,P,P,0.00,released,RELEASED
2026-05-20 20:28:37.493,51.4746,,slider,1,0,16.97,23.20,30.50,ACTIVE,NONE,1280,0,P,P,0.00,released,RELEASED
2026-05-20 20:28:37.877,51.8579,,slider,1,0,63.21,63.92,46.40,ACTIVE,NONE,1290,0,P,P,0.00,released,RELEASED
2026-05-20 20:28:38.286,52.2669,,slider,1,0,40.32,26.60,29.90,ACTIVE,NONE,1300,0,P,P,0.00,released,RELEASED
2026-05-20 20:28:38.692,52.6730,,slider,1,0,-26.56,14.50,34.30,ACTIVE,NONE,1310,0,P,P,0.00,released,RELEASED
2026-05-20 20:28:39.078,53.0587,,slider,1,0,11.29,-13.97,-18.20,ACTIVE,NONE,1320,0,P,P,0.00,released,RELEASED
2026-05-20 20:28:39.477,53.4587,,slider,1,0,63.21,44.40,21.80,ACTIVE,NONE,1330,0,P,P,0.00,released,RELEASED
2026-05-20 20:28:39.877,53.8582,,slider,1,0,-30.44,12.58,32.90,ACTIVE,NONE,1340,0,P,P,0.00,released,RELEASED
2026-05-20 20:28:40.277,54.2578,,slider,1,0,-34.36,-32.20,-19.90,ACTIVE,NONE,1350,0,P,P,0.00,released,RELEASED
2026-05-20 20:28:40.683,54.6647,,slider,1,0,69.80,30.87,5.50,ACTIVE,NONE,1360,0,P,P,0.00,released,RELEASED
2026-05-20 20:28:41.086,55.0667,,slider,1,0,30.44,13.91,30.60,ACTIVE,NONE,1370,0,P,P,0.00,released,RELEASED
2026-05-20 20:28:41.485,55.4663,,slider,1,0,30.44,30.29,27.50,ACTIVE,NONE,1380,0,P,P,0.00,released,RELEASED
2026-05-20 20:28:41.885,55.8661,,slider,1,0,30.44,31.29,30.30,ACTIVE,NONE,1390,0,P,P,0.00,released,RELEASED
2026-05-20 20:28:42.287,56.2678,,slider,1,0,30.44,31.53,31.30,ACTIVE,NONE,1400,0,P,P,0.00,released,RELEASED
2026-05-20 20:28:42.685,56.6664,,slider,1,0,30.44,31.19,31.40,ACTIVE,NONE,1410,0,P,P,0.00,released,RELEASED
2026-05-20 20:28:43.085,57.0664,,slider,1,0,56.78,35.70,31.40,ACTIVE,NONE,1420,0,P,P,0.00,released,RELEASED
2026-05-20 20:28:43.485,57.4664,,slider,1,0,108.35,95.11,72.90,ACTIVE,NONE,1430,0,P,P,0.00,released,RELEASED
2026-05-20 20:28:43.875,57.8565,,slider,1,0,103.17,101.86,100.90,ACTIVE,NONE,1440,0,P,P,0.00,released,RELEASED
2026-05-20 20:28:44.277,58.2580,,slider,1,0,100.63,98.45,100.50,ACTIVE,NONE,1450,0,P,P,0.00,released,RELEASED
2026-05-20 20:28:44.682,58.6633,,slider,1,0,187.85,132.36,112.70,ACTIVE,NONE,1460,0,P,P,0.00,released,RELEASED
2026-05-20 20:28:45.082,59.0630,,slider,1,0,348.86,204.36,183.40,ACTIVE,NONE,1470,0,P,P,0.00,released,RELEASED
2026-05-20 20:28:45.483,59.4637,,slider,1,0,360.00,276.36,255.60,ACTIVE,NONE,1480,0,P,P,0.00,released,RELEASED
2026-05-20 20:28:45.883,59.8638,,slider,1,0,355.36,348.36,327.20,ACTIVE,NONE,1490,0,P,P,0.00,released,RELEASED
2026-05-20 20:28:46.282,60.2634,,slider,1,0,355.38,358.26,357.20,ACTIVE,NONE,1500,0,P,P,0.00,released,RELEASED
2026-05-20 20:28:46.682,60.6634,,slider,1,0,360.00,359.31,358.10,ACTIVE,NONE,1510,0,P,P,0.00,released,RELEASED
2026-05-20 20:28:47.082,61.0633,,slider,1,0,97.05,299.58,326.00,ACTIVE,NONE,1520,0,P,P,0.00,released,RELEASED
2026-05-20 20:28:47.483,61.4637,,slider,1,0,53.87,227.58,251.00,ACTIVE,NONE,1530,0,P,P,0.00,released,RELEASED
2026-05-20 20:28:47.883,61.8638,,slider,1,0,28.98,155.58,177.00,ACTIVE,NONE,1540,0,P,P,0.00,released,RELEASED
2026-05-20 20:28:48.282,62.2637,,slider,1,0,11.64,83.58,104.50,ACTIVE,NONE,1550,0,P,P,0.00,released,RELEASED
2026-05-20 20:28:48.682,62.6633,,slider,1,0,-13.19,11.58,32.90,ACTIVE,NONE,1560,0,P,P,0.00,released,RELEASED
2026-05-20 20:28:49.083,63.0642,,slider,1,0,-13.19,-11.95,-8.60,ACTIVE,NONE,1570,0,P,P,0.00,released,RELEASED
2026-05-20 20:28:49.483,63.4637,,slider,1,0,-111.90,-59.38,-40.10,ACTIVE,NONE,1580,0,P,P,0.00,released,RELEASED
2026-05-20 20:28:49.884,63.8654,,slider,1,0,-107.56,-131.38,-110.00,ACTIVE,NONE,1590,0,P,P,0.00,released,RELEASED
2026-05-20 20:28:50.286,64.2668,,slider,1,0,-13.19,-71.89,-96.00,ACTIVE,NONE,1600,0,P,P,0.00,released,RELEASED
2026-05-20 20:28:50.685,64.6664,,slider,1,0,-11.64,-12.43,-25.20,ACTIVE,NONE,1610,0,P,P,0.00,released,RELEASED
2026-05-20 20:28:51.086,65.0669,,slider,1,0,-11.64,-12.60,-13.20,ACTIVE,NONE,1620,0,P,P,0.00,released,RELEASED
2026-05-20 20:28:51.486,65.4669,,slider,1,0,-13.19,-12.15,-12.50,ACTIVE,NONE,1630,0,P,P,0.00,released,RELEASED
2026-05-20 20:28:51.886,65.8671,,slider,1,0,-11.64,-12.36,-12.20,ACTIVE,NONE,1640,0,P,P,0.00,released,RELEASED
2026-05-20 20:28:52.286,66.2669,,slider,1,0,-11.64,-12.79,-12.20,ACTIVE,NONE,1650,0,P,P,0.00,released,RELEASED
2026-05-20 20:28:52.686,66.6669,,slider,1,0,-11.64,-12.41,-12.20,ACTIVE,NONE,1660,0,P,P,0.00,released,RELEASED
2026-05-20 20:28:53.086,67.0670,,slider,1,0,-13.19,-12.30,-12.20,ACTIVE,NONE,1670,0,P,P,0.00,released,RELEASED
2026-05-20 20:28:53.486,67.4670,,slider,1,0,-13.19,-12.67,-12.20,ACTIVE,NONE,1680,0,P,P,0.00,released,RELEASED
2026-05-20 20:28:53.886,67.8670,,slider,1,0,-11.64,-12.50,-12.20,ACTIVE,NONE,1690,0,P,P,0.00,released,RELEASED
2026-05-20 20:28:54.286,68.2674,,slider,1,0,-13.19,-12.53,-12.20,ACTIVE,NONE,1700,0,P,P,0.00,released,RELEASED
2026-05-20 20:28:54.686,68.6670,,slider,1,0,-11.64,-12.60,-12.40,ACTIVE,NONE,1710,0,P,P,0.00,released,RELEASED
2026-05-20 20:28:55.086,69.0669,,slider,1,0,-13.19,-12.07,-12.40,ACTIVE,NONE,1720,0,P,P,0.00,released,RELEASED
2026-05-20 20:28:55.487,69.4682,,slider,1,0,-11.64,-12.48,-12.40,ACTIVE,NONE,1730,0,P,P,0.00,released,RELEASED
2026-05-20 20:28:55.886,69.8671,,slider,1,0,-13.19,-12.46,-12.40,ACTIVE,NONE,1740,0,P,P,0.00,released,RELEASED
2026-05-20 20:28:56.287,70.2680,,slider,1,0,-11.64,-12.32,-12.40,ACTIVE,NONE,1750,0,P,P,0.00,released,RELEASED
2026-05-20 20:28:56.687,70.6680,,slider,1,0,-13.19,-12.91,-12.40,ACTIVE,NONE,1760,0,P,P,0.00,released,RELEASED
2026-05-20 20:28:57.086,71.0672,,slider,1,0,-11.64,-12.45,-12.50,ACTIVE,NONE,1770,0,P,P,0.00,released,RELEASED
2026-05-20 20:28:57.486,71.4676,,slider,1,0,-11.64,-12.09,-12.40,ACTIVE,NONE,1780,0,P,P,0.00,released,RELEASED
2026-05-20 20:28:57.887,71.8677,,slider,1,0,-13.19,-12.96,-12.40,ACTIVE,NONE,1790,0,P,P,0.00,released,RELEASED
2026-05-20 20:28:58.286,72.2677,,slider,1,0,-13.19,-12.44,-12.50,ACTIVE,NONE,1800,0,P,P,0.00,released,RELEASED
2026-05-20 20:28:58.686,72.6676,,slider,1,0,-13.19,-12.47,-12.50,ACTIVE,NONE,1810,0,P,P,0.00,released,RELEASED
2026-05-20 20:28:59.086,73.0676,,slider,1,0,-11.64,-12.16,-12.50,ACTIVE,NONE,1820,0,P,P,0.00,released,RELEASED
2026-05-20 20:28:59.486,73.4674,,slider,1,0,-11.64,-11.86,-12.50,ACTIVE,NONE,1830,0,P,P,0.00,released,RELEASED
2026-05-20 20:28:59.886,73.8674,,slider,1,0,-13.19,-12.89,-12.30,ACTIVE,NONE,1840,0,P,P,0.00,released,RELEASED
2026-05-20 20:29:00.287,74.2678,,slider,1,0,-11.64,-12.40,-12.40,ACTIVE,NONE,1850,0,P,P,0.00,released,RELEASED
2026-05-20 20:29:00.686,74.6673,,slider,1,0,-13.19,-12.21,-12.30,ACTIVE,NONE,1860,0,P,P,0.00,released,RELEASED
2026-05-20 20:29:01.086,75.0674,,slider,1,0,-13.19,-13.00,-12.40,ACTIVE,NONE,1870,0,P,P,0.00,released,RELEASED
2026-05-20 20:29:01.486,75.4676,,slider,1,0,-13.19,-12.67,-12.40,ACTIVE,NONE,1880,0,P,P,0.00,released,RELEASED
2026-05-20 20:29:01.887,75.8678,,slider,1,0,-11.64,-12.85,-12.50,ACTIVE,NONE,1890,0,P,P,0.00,released,RELEASED
2026-05-20 20:29:02.286,76.2676,,slider,1,0,-11.64,-12.59,-12.50,ACTIVE,NONE,1900,0,P,P,0.00,PRESSED,FAULT
2026-05-20 20:29:02.686,76.6674,,slider,1,0,-10.08,-12.08,-12.50,ACTIVE,NONE,1910,0,P,P,0.00,PRESSED,FAULT
2026-05-20 20:29:03.086,77.0675,,slider,1,0,-13.19,-12.94,-12.50,ACTIVE,NONE,1920,0,P,P,0.00,PRESSED,FAULT
2026-05-20 20:29:03.486,77.4675,,slider,1,0,-13.19,-12.52,-12.50,ACTIVE,NONE,1930,0,P,P,0.00,PRESSED,FAULT
2026-05-20 20:29:03.886,77.8677,,slider,1,0,-13.19,-12.02,-12.50,ACTIVE,NONE,1940,0,P,P,0.00,PRESSED,FAULT
2026-05-20 20:29:04.287,78.2678,,slider,1,0,-11.64,-12.87,-12.50,ACTIVE,NONE,1950,0,P,P,0.00,PRESSED,FAULT
2026-05-20 20:29:04.686,78.6677,,slider,1,0,-11.64,-12.49,-12.50,ACTIVE,NONE,1960,0,P,P,0.00,PRESSED,FAULT
2026-05-20 20:29:05.087,79.0680,,slider,1,0,-11.64,-12.78,-12.50,ACTIVE,NONE,1970,0,P,P,0.00,PRESSED,FAULT
2026-05-20 20:29:05.487,79.4678,,slider,1,0,-13.19,-12.42,-12.50,ACTIVE,NONE,1980,0,P,P,0.00,PRESSED,FAULT
2026-05-20 20:29:05.887,79.8681,,slider,1,0,-14.76,-11.85,-12.60,ACTIVE,NONE,1990,0,P,P,0.00,PRESSED,FAULT
2026-05-20 20:29:06.287,80.2679,,slider,1,0,-13.19,-12.86,-12.60,ACTIVE,NONE,2000,0,P,P,0.00,PRESSED,FAULT
2026-05-20 20:29:06.687,80.6677,,slider,1,0,-13.19,-12.52,-12.60,ACTIVE,NONE,2010,0,P,P,0.00,PRESSED,FAULT
2026-05-20 20:29:07.087,81.0678,,slider,1,0,-13.19,-12.66,-12.60,ACTIVE,NONE,2020,0,P,P,0.00,PRESSED,FAULT
2026-05-20 20:29:07.487,81.4680,,slider,1,0,-14.76,-12.39,-12.60,ACTIVE,NONE,2030,0,P,P,0.00,PRESSED,FAULT
2026-05-20 20:29:07.887,81.8682,,slider,1,0,-11.64,-12.32,-12.60,ACTIVE,NONE,2040,0,P,P,0.00,PRESSED,FAULT
2026-05-20 20:29:08.287,82.2681,,slider,1,0,-13.19,-12.47,-12.60,ACTIVE,NONE,2050,0,P,P,0.00,PRESSED,FAULT
2026-05-20 20:29:08.687,82.6682,,slider,1,0,-13.19,-13.08,-12.60,ACTIVE,NONE,2060,0,P,P,0.00,PRESSED,FAULT
2026-05-20 20:29:09.059,83.0404,shift_requested:N,slider,1,0,-11.64,-12.17,-12.60,ACTIVE,NONE,2069,0,P,P,0.00,PRESSED,FAULT
2026-05-20 20:29:09.077,83.0580,,slider,1,0,-10.08,-11.71,-12.60,ACTIVE,NONE,2070,0,P,P,0.00,PRESSED,FAULT
2026-05-20 20:29:09.098,83.0795,gear_change:N,slider,1,0,-11.64,-10.85,-12.60,ACTIVE,NONE,2070,0,N,N,0.00,PRESSED,FAULT
2026-05-20 20:29:09.487,83.4682,,slider,1,0,-10.08,-11.26,-12.00,ACTIVE,NONE,2080,0,N,N,0.00,PRESSED,FAULT
2026-05-20 20:29:09.887,83.8682,,slider,1,0,-11.64,-10.79,-11.00,ACTIVE,NONE,2090,0,N,N,0.00,PRESSED,FAULT
2026-05-20 20:29:10.287,84.2680,,slider,1,0,-10.08,-11.34,-11.00,ACTIVE,NONE,2100,0,N,N,0.00,PRESSED,FAULT
2026-05-20 20:29:10.687,84.6682,,slider,1,0,-10.08,-11.15,-11.00,ACTIVE,NONE,2110,0,N,N,0.00,PRESSED,FAULT
2026-05-20 20:29:11.087,85.0683,,slider,1,0,-11.64,-10.66,-10.90,ACTIVE,NONE,2120,0,N,N,0.00,PRESSED,FAULT
2026-05-20 20:29:11.487,85.4681,,slider,1,0,-10.08,-11.37,-10.90,ACTIVE,NONE,2130,0,N,N,0.00,PRESSED,FAULT
2026-05-20 20:29:11.887,85.8684,,slider,1,0,-11.64,-10.84,-10.90,ACTIVE,NONE,2140,0,N,N,0.00,PRESSED,FAULT
2026-05-20 20:29:12.287,86.2686,,slider,1,0,-11.64,-11.05,-10.90,ACTIVE,NONE,2150,0,N,N,0.00,PRESSED,FAULT
2026-05-20 20:29:12.687,86.6683,,slider,1,0,-11.64,-11.02,-10.90,ACTIVE,NONE,2160,0,N,N,0.00,PRESSED,FAULT
2026-05-20 20:29:13.087,87.0681,,slider,1,0,-11.64,-10.86,-10.90,ACTIVE,NONE,2170,0,N,N,0.00,PRESSED,FAULT
2026-05-20 20:29:13.487,87.4684,,slider,1,0,-11.64,-11.54,-10.90,ACTIVE,NONE,2180,0,N,N,0.00,PRESSED,FAULT
2026-05-20 20:29:13.888,87.8687,,slider,1,0,-11.64,-11.04,-11.00,ACTIVE,NONE,2190,0,N,N,0.00,PRESSED,FAULT
2026-05-20 20:29:14.288,88.2687,,slider,1,0,-10.08,-10.91,-11.00,ACTIVE,NONE,2200,0,N,N,0.00,PRESSED,FAULT
2026-05-20 20:29:14.687,88.6686,,slider,1,0,-11.64,-11.34,-11.00,ACTIVE,NONE,2210,0,N,N,0.00,PRESSED,FAULT
2026-05-20 20:29:15.088,89.0688,,slider,1,0,-11.64,-10.74,-11.00,ACTIVE,NONE,2220,0,N,N,0.00,PRESSED,FAULT
2026-05-20 20:29:15.198,89.1793,shift_requested:R,slider,1,0,-13.19,-11.51,-11.00,ACTIVE,NONE,2222,0,N,N,0.00,PRESSED,FAULT
2026-05-20 20:29:15.238,89.2189,gear_change:R,slider,1,0,-13.19,-12.49,-11.00,ACTIVE,NONE,2224,0,R,R,0.00,PRESSED,FAULT
2026-05-20 20:29:15.487,89.4685,,slider,1,0,-11.64,-12.58,-11.40,ACTIVE,NONE,2230,0,R,R,0.00,PRESSED,FAULT
2026-05-20 20:29:15.887,89.8687,,slider,1,0,-13.19,-12.90,-12.20,ACTIVE,NONE,2240,0,R,R,0.00,PRESSED,FAULT
2026-05-20 20:29:16.288,90.2690,,slider,1,0,-13.19,-13.04,-12.70,ACTIVE,NONE,2250,0,R,R,0.00,PRESSED,FAULT
2026-05-20 20:29:16.688,90.6690,,slider,1,0,-13.19,-12.47,-12.90,ACTIVE,NONE,2260,0,R,R,0.00,PRESSED,FAULT
2026-05-20 20:29:16.956,90.9369,shift_requested:N,slider,1,0,-10.08,-12.46,-12.90,ACTIVE,NONE,2266,0,R,R,0.00,PRESSED,FAULT
2026-05-20 20:29:17.078,91.0594,,slider,1,0,-10.08,-10.31,-12.70,ACTIVE,NONE,2270,0,R,N,0.00,PRESSED,FAULT
2026-05-20 20:29:17.253,91.2342,gear_change:N,slider,1,0,-11.64,-11.25,-12.20,ACTIVE,NONE,2274,0,N,N,0.00,PRESSED,FAULT
2026-05-20 20:29:17.476,91.4569,,slider,1,0,-13.19,-12.69,-12.20,ACTIVE,NONE,2280,0,N,N,0.00,PRESSED,FAULT
2026-05-20 20:29:17.876,91.8576,,slider,1,0,-13.19,-12.93,-12.20,ACTIVE,NONE,2290,0,N,N,0.00,PRESSED,FAULT
2026-05-20 20:29:18.276,92.2576,,slider,1,0,-13.19,-12.75,-12.40,ACTIVE,NONE,2300,0,N,N,0.00,PRESSED,FAULT
2026-05-20 20:29:18.676,92.6576,,slider,1,0,-13.19,-12.65,-12.50,ACTIVE,NONE,2310,0,N,N,0.00,PRESSED,FAULT
2026-05-20 20:29:19.076,93.0575,,slider,1,0,-13.19,-12.35,-12.60,ACTIVE,NONE,2320,0,N,N,0.00,PRESSED,FAULT
2026-05-20 20:29:19.476,93.4574,,slider,1,0,-13.19,-12.71,-12.60,ACTIVE,NONE,2330,0,N,N,0.00,PRESSED,FAULT
2026-05-20 20:29:19.579,93.5603,shift_requested:N,slider,1,0,-10.08,-12.48,-12.60,ACTIVE,NONE,2332,0,N,N,0.00,PRESSED,FAULT
2026-05-20 20:29:19.878,93.8590,,slider,1,0,-10.08,-10.88,-12.00,ACTIVE,NONE,2340,0,N,N,0.00,PRESSED,FAULT
2026-05-20 20:29:20.254,94.2351,shift_requested:D,slider,1,0,-13.19,-10.56,-11.30,ACTIVE,NONE,2349,0,N,N,0.00,PRESSED,FAULT
2026-05-20 20:29:20.276,94.2576,,slider,1,0,-11.64,-11.41,-11.20,ACTIVE,NONE,2350,0,N,D,0.00,PRESSED,FAULT
2026-05-20 20:29:20.287,94.2682,gear_change:D,slider,1,0,-11.64,-11.48,-11.20,ACTIVE,NONE,2350,0,D,D,0.00,PRESSED,FAULT
2026-05-20 20:29:20.682,94.6628,,slider,1,0,-13.19,-12.62,-11.30,ACTIVE,NONE,2360,0,D,D,0.00,PRESSED,FAULT
2026-05-20 20:29:21.082,95.0629,,slider,1,0,-11.64,-12.87,-12.10,ACTIVE,NONE,2370,0,D,D,0.00,PRESSED,FAULT
2026-05-20 20:29:21.482,95.4631,,slider,1,0,-13.19,-12.77,-12.20,ACTIVE,NONE,2380,0,D,D,0.00,PRESSED,FAULT
2026-05-20 20:29:21.882,95.8630,,slider,1,0,-11.64,-12.87,-12.60,ACTIVE,NONE,2390,0,D,D,0.00,PRESSED,FAULT
2026-05-20 20:29:22.282,96.2633,,slider,1,0,-13.19,-12.44,-12.60,ACTIVE,NONE,2400,0,D,D,0.00,PRESSED,FAULT
2026-05-20 20:29:22.682,96.6631,,slider,1,0,-13.19,-13.07,-12.70,ACTIVE,NONE,2410,0,D,D,0.00,PRESSED,FAULT
2026-05-20 20:29:23.082,97.0632,,slider,1,0,-11.64,-13.19,-13.00,ACTIVE,NONE,2420,0,D,D,0.00,PRESSED,FAULT
2026-05-20 20:29:23.482,97.4635,,slider,1,0,-13.19,-12.70,-13.00,ACTIVE,NONE,2430,0,D,D,0.00,PRESSED,FAULT
2026-05-20 20:29:23.882,97.8636,,slider,1,0,-13.19,-12.88,-13.00,ACTIVE,NONE,2440,0,D,D,0.00,PRESSED,FAULT
2026-05-20 20:29:24.282,98.2636,,slider,1,0,-13.19,-12.17,-12.90,ACTIVE,NONE,2450,0,D,D,0.00,PRESSED,FAULT
2026-05-20 20:29:24.683,98.6637,,slider,1,0,-13.19,-12.98,-12.70,ACTIVE,NONE,2460,0,D,D,0.00,PRESSED,FAULT
2026-05-20 20:29:25.083,99.0638,,slider,1,0,-13.19,-12.81,-12.70,ACTIVE,NONE,2470,0,D,D,0.00,PRESSED,FAULT
2026-05-20 20:29:25.483,99.4638,,slider,1,0,-11.64,-12.56,-12.70,ACTIVE,NONE,2480,0,D,D,0.00,PRESSED,FAULT
2026-05-20 20:29:25.882,99.8635,,slider,1,0,-13.19,-12.87,-12.70,ACTIVE,NONE,2490,0,D,D,0.00,PRESSED,FAULT
2026-05-20 20:29:26.283,100.2639,,slider,1,0,-11.64,-12.64,-12.70,ACTIVE,NONE,2500,0,D,D,0.00,PRESSED,FAULT
2026-05-20 20:29:26.683,100.6640,,slider,1,0,-13.19,-12.95,-12.70,ACTIVE,NONE,2510,0,D,D,0.00,PRESSED,FAULT
2026-05-20 20:29:27.083,101.0642,,slider,1,0,-13.19,-12.90,-12.70,ACTIVE,NONE,2520,0,D,D,0.00,PRESSED,FAULT
2026-05-20 20:29:27.483,101.4643,,slider,1,0,-13.19,-12.89,-12.70,ACTIVE,NONE,2530,0,D,D,0.00,PRESSED,FAULT
2026-05-20 20:29:27.882,101.8636,,slider,1,0,-11.64,-12.98,-12.70,ACTIVE,NONE,2540,0,D,D,0.00,PRESSED,FAULT
2026-05-20 20:29:28.283,102.2642,,slider,1,0,-13.19,-12.84,-12.70,ACTIVE,NONE,2550,0,D,D,0.00,PRESSED,FAULT
2026-05-20 20:29:28.683,102.6640,,slider,1,0,-13.19,-12.63,-12.70,ACTIVE,NONE,2560,0,D,D,0.00,PRESSED,FAULT
2026-05-20 20:29:29.083,103.0642,,slider,1,0,-11.64,-12.65,-12.70,ACTIVE,NONE,2570,0,D,D,0.00,PRESSED,FAULT
2026-05-20 20:29:29.483,103.4637,,slider,1,0,-13.19,-12.80,-12.70,ACTIVE,NONE,2580,0,D,D,0.00,PRESSED,FAULT
2026-05-20 20:29:29.882,103.8636,,slider,1,0,-13.19,-12.62,-12.70,ACTIVE,NONE,2590,0,D,D,0.00,PRESSED,FAULT
2026-05-20 20:29:30.283,104.2642,,slider,1,0,-13.19,-12.64,-12.60,ACTIVE,NONE,2600,0,D,D,0.00,PRESSED,FAULT
2026-05-20 20:29:30.683,104.6639,,slider,1,0,-11.64,-13.04,-12.60,ACTIVE,NONE,2610,0,D,D,0.00,PRESSED,FAULT
2026-05-20 20:29:31.083,105.0639,,slider,1,0,-13.19,-12.33,-12.60,ACTIVE,NONE,2620,0,D,D,0.00,PRESSED,FAULT
2026-05-20 20:29:31.483,105.4643,,slider,1,0,-13.19,-12.34,-12.60,ACTIVE,NONE,2630,0,D,D,0.00,PRESSED,FAULT
2026-05-20 20:29:31.883,105.8645,,slider,1,0,-13.19,-12.20,-12.50,ACTIVE,NONE,2640,0,D,D,0.00,PRESSED,FAULT
2026-05-20 20:29:32.283,106.2641,,slider,1,0,-13.19,-12.78,-12.50,ACTIVE,NONE,2650,0,D,D,0.00,PRESSED,FAULT
2026-05-20 20:29:32.683,106.6642,,slider,1,0,-13.19,-12.62,-12.50,ACTIVE,NONE,2660,0,D,D,0.00,PRESSED,FAULT
2026-05-20 20:29:33.083,107.0644,,slider,1,0,-13.19,-12.63,-12.50,ACTIVE,NONE,2670,0,D,D,0.00,PRESSED,FAULT
2026-05-20 20:29:33.483,107.4643,,slider,1,0,-13.19,-12.65,-12.50,ACTIVE,NONE,2680,0,D,D,0.00,PRESSED,FAULT
2026-05-20 20:29:33.883,107.8645,,slider,1,0,-13.19,-13.04,-12.50,ACTIVE,NONE,2690,0,D,D,0.00,PRESSED,FAULT
2026-05-20 20:29:34.283,108.2642,,slider,1,0,-13.19,-12.53,-12.60,ACTIVE,NONE,2700,0,D,D,0.00,PRESSED,FAULT
2026-05-20 20:29:34.683,108.6643,,slider,1,0,-13.19,-12.87,-12.60,ACTIVE,NONE,2710,0,D,D,0.00,PRESSED,FAULT
2026-05-20 20:29:35.083,109.0643,,slider,1,0,-13.19,-12.97,-12.60,ACTIVE,NONE,2720,0,D,D,0.00,PRESSED,FAULT
2026-05-20 20:29:35.483,109.4646,,slider,1,0,-13.19,-12.75,-12.70,ACTIVE,NONE,2730,0,D,D,0.00,PRESSED,FAULT
2026-05-20 20:29:35.883,109.8644,,slider,1,0,-13.19,-12.57,-12.80,ACTIVE,NONE,2740,0,D,D,0.00,PRESSED,FAULT
2026-05-20 20:29:36.284,110.2648,,slider,1,0,-13.19,-12.65,-12.80,ACTIVE,NONE,2750,0,D,D,0.00,PRESSED,FAULT
2026-05-20 20:29:36.683,110.6646,,slider,1,0,-13.19,-12.87,-12.70,ACTIVE,NONE,2760,0,D,D,0.00,PRESSED,FAULT
2026-05-20 20:29:37.083,111.0646,,slider,1,0,-13.19,-12.74,-12.70,ACTIVE,NONE,2770,0,D,D,0.00,PRESSED,FAULT
2026-05-20 20:29:37.484,111.4649,,slider,1,0,-11.64,-12.55,-12.70,ACTIVE,NONE,2780,0,D,D,0.00,PRESSED,FAULT
2026-05-20 20:29:37.883,111.8643,,slider,1,0,-13.19,-12.33,-12.60,ACTIVE,NONE,2790,0,D,D,0.00,PRESSED,FAULT
2026-05-20 20:29:38.283,112.2647,,slider,1,0,-11.64,-12.38,-12.50,ACTIVE,NONE,2800,0,D,D,0.00,PRESSED,FAULT
2026-05-20 20:29:38.684,112.6648,,slider,1,0,-13.19,-13.05,-12.50,ACTIVE,NONE,2810,0,D,D,0.00,PRESSED,FAULT
2026-05-20 20:29:39.083,113.0646,,slider,1,0,-13.19,-12.72,-12.50,ACTIVE,NONE,2820,0,D,D,0.00,PRESSED,FAULT
2026-05-20 20:29:39.484,113.4648,,slider,1,0,-13.19,-12.66,-12.50,ACTIVE,NONE,2830,0,D,D,0.00,PRESSED,FAULT
2026-05-20 20:29:39.884,113.8651,,slider,1,0,-13.19,-12.80,-12.60,ACTIVE,NONE,2840,0,D,D,0.00,PRESSED,FAULT
2026-05-20 20:29:40.284,114.2652,,slider,1,0,-11.64,-12.87,-12.70,ACTIVE,NONE,2850,0,D,D,0.00,PRESSED,FAULT
2026-05-20 20:29:40.683,114.6646,,slider,1,0,-11.64,-12.73,-12.70,ACTIVE,NONE,2860,0,D,D,0.00,PRESSED,FAULT
2026-05-20 20:29:41.084,115.0650,,slider,1,0,-13.19,-12.62,-12.70,ACTIVE,NONE,2870,0,D,D,0.00,PRESSED,FAULT
2026-05-20 20:29:41.484,115.4648,,slider,1,0,-13.19,-12.36,-12.70,ACTIVE,NONE,2880,0,D,D,0.00,PRESSED,FAULT
2026-05-20 20:29:41.884,115.8648,,slider,1,0,-13.19,-12.70,-12.70,ACTIVE,NONE,2890,0,D,D,0.00,PRESSED,FAULT
2026-05-20 20:29:42.284,116.2653,,slider,1,0,-11.64,-12.67,-12.70,ACTIVE,NONE,2900,0,D,D,0.00,PRESSED,FAULT
2026-05-20 20:29:42.630,116.6115,shift_requested:P,slider,1,0,-13.19,-12.42,-12.70,ACTIVE,NONE,2908,0,D,D,0.00,PRESSED,FAULT
2026-05-20 20:29:42.674,116.6552,,slider,1,0,-11.64,-11.96,-12.70,ACTIVE,NONE,2910,0,D,D,0.00,PRESSED,FAULT
2026-05-20 20:29:42.970,116.9511,gear_change:P,slider,1,0,-11.64,-12.46,-12.70,ACTIVE,NONE,2917,0,P,P,0.00,PRESSED,FAULT
2026-05-20 20:29:43.089,117.0699,,slider,1,0,-13.19,-12.45,-12.70,ACTIVE,NONE,2920,0,P,P,0.00,PRESSED,FAULT
2026-05-20 20:29:43.489,117.4700,,slider,1,0,-13.19,-13.10,-12.60,ACTIVE,NONE,2930,0,P,P,0.00,PRESSED,FAULT
2026-05-20 20:29:43.889,117.8701,,slider,1,0,-13.19,-12.33,-12.60,ACTIVE,NONE,2940,0,P,P,0.00,PRESSED,FAULT
2026-05-20 20:29:44.290,118.2707,,slider,1,0,-13.19,-12.98,-12.60,ACTIVE,NONE,2950,0,P,P,0.00,PRESSED,FAULT
2026-05-20 20:29:44.689,118.6703,,slider,1,0,-13.19,-12.54,-12.70,ACTIVE,NONE,2960,0,P,P,0.00,released,RELEASED
2026-05-20 20:29:45.089,119.0701,,slider,1,0,-13.19,-12.42,-12.70,ACTIVE,NONE,2970,0,P,P,0.00,released,RELEASED
2026-05-20 20:29:45.489,119.4704,,slider,1,0,-14.76,-12.00,-12.60,ACTIVE,NONE,2980,0,P,P,0.00,released,RELEASED
2026-05-20 20:29:45.890,119.8708,,slider,1,0,-13.19,-12.66,-12.60,ACTIVE,NONE,2990,0,P,P,0.00,released,RELEASED
2026-05-20 20:29:46.289,120.2705,,slider,1,0,-13.19,-12.67,-12.60,ACTIVE,NONE,3000,0,P,P,0.00,released,RELEASED
2026-05-20 20:29:46.689,120.6704,,slider,1,0,-13.19,-12.63,-12.60,ACTIVE,NONE,3010,0,P,P,0.00,released,RELEASED
2026-05-20 20:29:47.089,121.0704,,slider,1,0,-13.19,-12.40,-12.60,ACTIVE,NONE,3020,0,P,P,0.00,released,RELEASED
2026-05-20 20:29:47.490,121.4709,,slider,1,0,16.32,-7.77,-12.60,ACTIVE,NONE,3030,0,P,P,0.00,released,RELEASED
2026-05-20 20:29:47.875,121.8558,,slider,1,0,-13.19,48.71,39.90,ACTIVE,NONE,3040,0,P,P,0.00,released,RELEASED
2026-05-20 20:29:48.285,122.2661,,slider,1,0,-40.36,-23.29,2.90,ACTIVE,NONE,3050,0,P,P,0.00,released,RELEASED
2026-05-20 20:29:48.689,122.6706,,slider,1,0,19.46,4.03,-12.10,ACTIVE,NONE,3060,0,P,P,0.00,released,RELEASED
2026-05-20 20:29:49.075,123.0561,,slider,1,0,-13.19,-8.22,-2.70,ACTIVE,NONE,3070,0,P,P,0.00,released,RELEASED
2026-05-20 20:29:49.479,123.4605,,slider,1,0,-13.19,-12.36,-10.30,ACTIVE,NONE,3080,0,P,P,0.00,released,RELEASED
2026-05-20 20:29:49.880,123.8607,,slider,1,0,-11.64,-12.53,-12.10,ACTIVE,NONE,3090,0,P,P,0.00,released,RELEASED
2026-05-20 20:29:50.280,124.2609,,slider,1,0,-13.19,-12.71,-12.40,ACTIVE,NONE,3100,0,P,P,0.00,released,RELEASED
2026-05-20 20:29:50.679,124.6603,,slider,1,0,-13.19,-12.63,-12.90,ACTIVE,NONE,3110,0,P,P,0.00,released,RELEASED
2026-05-20 20:29:51.080,125.0612,,slider,1,0,-13.19,-12.45,-12.90,ACTIVE,NONE,3120,0,P,P,0.00,released,RELEASED
2026-05-20 20:29:51.486,125.4670,,slider,1,0,0.00,9.53,0.10,ACTIVE,NONE,3130,0,P,P,0.00,released,RELEASED
2026-05-20 20:29:51.885,125.8666,,slider,1,0,-13.19,-11.11,-6.50,ACTIVE,NONE,3140,0,P,P,0.00,released,RELEASED
2026-05-20 20:29:52.286,126.2668,,slider,1,0,-13.19,-12.96,-11.30,ACTIVE,NONE,3150,0,P,P,0.00,released,RELEASED
2026-05-20 20:29:52.686,126.6671,,slider,1,0,-13.19,-13.14,-12.60,ACTIVE,NONE,3160,0,P,P,0.00,released,RELEASED
2026-05-20 20:29:53.086,127.0668,,slider,1,0,-14.76,-12.48,-12.80,ACTIVE,NONE,3170,0,P,P,0.00,released,RELEASED
2026-05-20 20:29:53.486,127.4671,,slider,1,0,-13.19,-13.07,-12.80,ACTIVE,NONE,3180,0,P,P,0.00,released,RELEASED
2026-05-20 20:29:53.885,127.8666,,slider,1,0,-13.19,-12.79,-12.80,ACTIVE,NONE,3190,0,P,P,0.00,released,RELEASED
2026-05-20 20:29:54.286,128.2673,,slider,1,0,-11.64,-12.54,-12.80,ACTIVE,NONE,3200,0,P,P,0.00,released,RELEASED
2026-05-20 20:29:54.686,128.6672,,slider,1,0,-13.19,-12.66,-12.80,ACTIVE,NONE,3210,0,P,P,0.00,released,RELEASED
2026-05-20 20:29:55.086,129.0672,,slider,1,0,-11.64,-12.17,-12.80,ACTIVE,NONE,3220,0,P,P,0.00,released,RELEASED
2026-05-20 20:29:55.486,129.4672,,slider,1,0,-13.19,-12.34,-12.80,ACTIVE,NONE,3230,0,P,P,0.00,released,RELEASED
2026-05-20 20:29:55.886,129.8671,,slider,1,0,-13.19,-12.96,-12.80,ACTIVE,NONE,3240,0,P,P,0.00,released,RELEASED
2026-05-20 20:29:56.286,130.2673,,slider,1,0,-13.19,-12.54,-12.80,ACTIVE,NONE,3250,0,P,P,0.00,released,RELEASED
2026-05-20 20:29:56.686,130.6671,,slider,1,0,-13.19,-12.79,-12.80,ACTIVE,NONE,3260,0,P,P,0.00,released,RELEASED
2026-05-20 20:29:57.086,131.0671,,slider,1,0,-13.19,-12.68,-12.70,ACTIVE,NONE,3270,0,P,P,0.00,released,RELEASED
2026-05-20 20:29:57.490,131.4715,,slider,1,0,-8.52,7.81,3.10,ACTIVE,NONE,3280,0,P,P,0.00,released,RELEASED
2026-05-20 20:29:57.890,131.8714,,slider,1,0,-6.97,-1.07,-0.50,ACTIVE,NONE,3290,0,P,P,0.00,released,RELEASED
2026-05-20 20:29:58.290,132.2716,,slider,1,0,-13.19,-12.16,-8.40,ACTIVE,NONE,3300,0,P,P,0.00,released,RELEASED
2026-05-20 20:29:58.690,132.6716,,slider,1,0,-6.97,-11.32,-11.50,ACTIVE,NONE,3310,0,P,P,0.00,released,RELEASED
2026-05-20 20:29:59.075,133.0559,,slider,1,0,0.00,-0.69,-4.30,ACTIVE,NONE,3320,0,P,P,0.00,released,RELEASED
2026-05-20 20:29:59.475,133.4561,,slider,1,0,0.00,-0.03,-0.90,ACTIVE,NONE,3330,0,P,P,0.00,released,RELEASED
2026-05-20 20:29:59.875,133.8564,,slider,1,0,0.00,-0.00,-0.30,ACTIVE,NONE,3340,0,P,P,0.00,released,RELEASED
2026-05-20 20:30:00.275,134.2566,,slider,1,0,-13.19,-9.53,-3.70,ACTIVE,NONE,3350,0,P,P,0.00,released,RELEASED
2026-05-20 20:30:00.675,134.6558,,slider,1,0,-11.64,-12.24,-10.30,ACTIVE,NONE,3360,0,P,P,0.00,released,RELEASED
2026-05-20 20:30:01.075,135.0560,,slider,1,0,-11.64,-12.55,-12.10,ACTIVE,NONE,3370,0,P,P,0.00,released,RELEASED
2026-05-20 20:30:01.475,135.4562,,slider,1,0,0.00,-4.28,-11.20,ACTIVE,NONE,3380,0,P,P,0.00,released,RELEASED
2026-05-20 20:30:01.875,135.8564,,slider,1,0,0.00,0.43,-2.30,ACTIVE,NONE,3390,0,P,P,0.00,released,RELEASED
2026-05-20 20:30:02.276,136.2569,,slider,1,0,0.00,0.53,0.00,ACTIVE,NONE,3400,0,P,P,0.00,released,RELEASED
2026-05-20 20:30:02.675,136.6566,,slider,1,0,-11.64,-11.59,-6.80,ACTIVE,NONE,3410,0,P,P,0.00,released,RELEASED
2026-05-20 20:30:03.075,137.0565,,slider,1,0,-11.64,-12.21,-11.00,ACTIVE,NONE,3420,0,P,P,0.00,released,RELEASED
2026-05-20 20:30:03.475,137.4559,,slider,1,0,-13.19,-12.42,-11.90,ACTIVE,NONE,3430,0,P,P,0.00,released,RELEASED
2026-05-20 20:30:03.875,137.8560,,slider,1,0,-13.19,-12.67,-12.40,ACTIVE,NONE,3440,0,P,P,0.00,released,RELEASED
2026-05-20 20:30:04.275,138.2560,,slider,1,0,-13.19,-12.52,-12.60,ACTIVE,NONE,3450,0,P,P,0.00,released,RELEASED
2026-05-20 20:30:04.675,138.6564,,slider,1,0,-11.64,-13.05,-12.60,ACTIVE,NONE,3460,0,P,P,0.00,released,RELEASED
2026-05-20 20:30:05.075,139.0564,,slider,1,0,-13.19,-12.38,-12.60,ACTIVE,NONE,3470,0,P,P,0.00,released,RELEASED
2026-05-20 20:30:05.476,139.4568,,slider,1,0,-13.19,-13.04,-12.60,ACTIVE,NONE,3480,0,P,P,0.00,released,RELEASED
2026-05-20 20:30:05.875,139.8562,,slider,1,0,-11.64,-12.34,-12.60,ACTIVE,NONE,3490,0,P,P,0.00,released,RELEASED
2026-05-20 20:30:06.276,140.2571,,slider,1,0,-11.64,-12.28,-12.60,ACTIVE,NONE,3500,0,P,P,0.00,released,RELEASED
2026-05-20 20:30:06.676,140.6567,,slider,1,0,-11.64,-12.57,-12.60,ACTIVE,NONE,3510,0,P,P,0.00,released,RELEASED
2026-05-20 20:30:07.075,141.0567,,slider,1,0,-13.19,-12.57,-12.60,ACTIVE,NONE,3520,0,P,P,0.00,released,RELEASED
2026-05-20 20:30:07.475,141.4566,,slider,1,0,-11.64,-12.62,-12.60,ACTIVE,NONE,3530,0,P,P,0.00,released,RELEASED
2026-05-20 20:30:07.876,141.8572,,slider,1,0,-11.64,-12.18,-12.60,ACTIVE,NONE,3540,0,P,P,0.00,released,RELEASED
2026-05-20 20:30:08.275,142.2566,,slider,1,0,-11.64,-12.13,-12.60,ACTIVE,NONE,3550,0,P,P,0.00,released,RELEASED
2026-05-20 20:30:08.675,142.6566,,slider,1,0,-13.19,-12.44,-12.60,ACTIVE,NONE,3560,0,P,P,0.00,released,RELEASED
2026-05-20 20:30:09.076,143.0568,,slider,1,0,-11.64,-12.47,-12.60,ACTIVE,NONE,3570,0,P,P,0.00,released,RELEASED
2026-05-20 20:30:09.476,143.4575,,slider,1,0,-11.64,-12.78,-12.60,ACTIVE,NONE,3580,0,P,P,0.00,released,RELEASED
2026-05-20 20:30:09.875,143.8566,,slider,1,0,-11.64,-12.62,-12.50,ACTIVE,NONE,3590,0,P,P,0.00,released,RELEASED
2026-05-20 20:30:10.276,144.2569,,slider,1,0,-11.64,-12.75,-12.50,ACTIVE,NONE,3600,0,P,P,0.00,released,RELEASED
2026-05-20 20:30:10.676,144.6576,,slider,1,0,-11.64,-12.50,-12.50,ACTIVE,NONE,3610,0,P,P,0.00,released,RELEASED
2026-05-20 20:30:11.076,145.0568,,slider,1,0,-11.64,-12.97,-12.50,ACTIVE,NONE,3620,0,P,P,0.00,released,RELEASED
2026-05-20 20:30:11.477,145.4582,,slider,1,0,-13.19,-12.21,-12.50,ACTIVE,NONE,3630,0,P,P,0.00,released,RELEASED
2026-05-20 20:30:11.876,145.8567,,slider,1,0,-13.19,-12.49,-12.50,ACTIVE,NONE,3640,0,P,P,0.00,released,RELEASED
2026-05-20 20:30:12.276,146.2571,,slider,1,0,-11.64,-12.53,-12.50,ACTIVE,NONE,3650,0,P,P,0.00,released,RELEASED
2026-05-20 20:30:12.676,146.6571,,slider,1,0,-13.19,-12.42,-12.50,ACTIVE,NONE,3660,0,P,P,0.00,released,RELEASED
2026-05-20 20:30:13.076,147.0571,,slider,1,0,-11.64,-12.55,-12.50,ACTIVE,NONE,3670,0,P,P,0.00,released,RELEASED
2026-05-20 20:30:13.476,147.4575,,slider,1,0,-13.19,-12.40,-12.50,ACTIVE,NONE,3680,0,P,P,0.00,released,RELEASED
2026-05-20 20:30:13.876,147.8571,,slider,1,0,-11.64,-12.43,-12.50,ACTIVE,NONE,3690,0,P,P,0.00,released,RELEASED
2026-05-20 20:30:14.276,148.2572,,slider,1,0,-13.19,-12.88,-12.50,ACTIVE,NONE,3700,0,P,P,0.00,released,RELEASED
2026-05-20 20:30:14.676,148.6570,,slider,1,0,-13.19,-12.49,-12.50,ACTIVE,NONE,3710,0,P,P,0.00,released,RELEASED
2026-05-20 20:30:15.076,149.0576,,slider,1,0,10.08,-3.91,-10.50,ACTIVE,NONE,3720,0,P,P,0.00,released,RELEASED
2026-05-20 20:30:15.477,149.4579,,slider,1,0,-11.64,-8.66,-2.30,ACTIVE,NONE,3730,0,P,P,0.00,released,RELEASED
2026-05-20 20:30:15.876,149.8576,,slider,1,0,-10.08,-11.38,-9.30,ACTIVE,NONE,3740,0,P,P,0.00,released,RELEASED
2026-05-20 20:30:16.277,150.2579,,slider,1,0,-6.97,-8.86,-10.10,ACTIVE,NONE,3750,0,P,P,0.00,released,RELEASED
2026-05-20 20:30:16.676,150.6577,,slider,1,0,0.00,-2.12,-5.50,ACTIVE,NONE,3760,0,P,P,0.00,released,RELEASED
2026-05-20 20:30:17.077,151.0578,,slider,1,0,0.00,-0.11,-1.30,ACTIVE,NONE,3770,0,P,P,0.00,released,RELEASED
2026-05-20 20:30:17.477,151.4579,,slider,1,0,0.00,-0.01,-0.30,ACTIVE,NONE,3780,0,P,P,0.00,released,RELEASED
2026-05-20 20:30:17.877,151.8578,,slider,1,0,0.00,-0.00,-0.20,ACTIVE,NONE,3790,0,P,P,0.00,released,RELEASED
2026-05-20 20:30:18.277,152.2581,,slider,1,0,0.00,-0.00,-0.10,ACTIVE,NONE,3800,0,P,P,0.00,released,RELEASED
2026-05-20 20:30:18.677,152.6578,,slider,1,0,0.00,-0.00,-0.10,ACTIVE,NONE,3810,0,P,P,0.00,released,RELEASED
2026-05-20 20:30:19.077,153.0577,,slider,1,0,0.00,-0.00,-0.10,ACTIVE,NONE,3820,0,P,P,0.00,released,RELEASED
2026-05-20 20:30:19.477,153.4580,,slider,1,0,0.00,-0.00,-0.10,ACTIVE,NONE,3830,0,P,P,0.00,released,RELEASED
2026-05-20 20:30:19.877,153.8580,,slider,1,0,0.00,-0.00,-0.10,ACTIVE,NONE,3840,0,P,P,0.00,released,RELEASED
2026-05-20 20:30:20.277,154.2582,,slider,1,0,0.00,-0.00,-0.10,ACTIVE,NONE,3850,0,P,P,0.00,released,RELEASED
2026-05-20 20:30:20.677,154.6579,,slider,1,0,0.00,-0.00,-0.10,ACTIVE,NONE,3860,0,P,P,0.00,released,RELEASED
2026-05-20 20:30:21.077,155.0584,,slider,1,0,0.00,-0.00,-0.10,ACTIVE,NONE,3870,0,P,P,0.00,released,RELEASED
2026-05-20 20:30:21.477,155.4579,,slider,1,0,0.00,-0.00,0.00,ACTIVE,NONE,3880,0,P,P,0.00,released,RELEASED
2026-05-20 20:30:21.877,155.8580,,slider,1,0,0.00,-0.00,0.00,ACTIVE,NONE,3890,0,P,P,0.00,released,RELEASED
2026-05-20 20:30:22.277,156.2584,,slider,1,0,0.00,-0.00,0.00,ACTIVE,NONE,3900,0,P,P,0.00,released,RELEASED
2026-05-20 20:30:22.677,156.6582,,slider,1,0,0.00,-0.00,0.00,ACTIVE,NONE,3910,0,P,P,0.00,released,RELEASED
2026-05-20 20:30:23.077,157.0587,,slider,1,0,0.00,-0.00,0.00,ACTIVE,NONE,3920,0,P,P,0.00,released,RELEASED
2026-05-20 20:30:23.477,157.4582,,slider,1,0,0.00,-0.00,0.00,ACTIVE,NONE,3930,0,P,P,0.00,released,RELEASED
2026-05-20 20:30:23.877,157.8582,,slider,1,0,0.00,-0.00,0.00,ACTIVE,NONE,3940,0,P,P,0.00,released,RELEASED
2026-05-20 20:30:24.277,158.2585,,slider,1,0,0.00,-0.00,0.00,ACTIVE,NONE,3950,0,P,P,0.00,released,RELEASED
2026-05-20 20:30:24.678,158.6589,,slider,1,0,0.00,-0.00,0.00,ACTIVE,NONE,3960,0,P,P,0.00,released,RELEASED
2026-05-20 20:30:25.077,159.0581,,slider,1,0,0.00,-0.00,0.00,ACTIVE,NONE,3970,0,P,P,0.00,released,RELEASED
2026-05-20 20:30:25.478,159.4588,,slider,1,0,0.00,-0.00,0.00,ACTIVE,NONE,3980,0,P,P,0.00,released,RELEASED
2026-05-20 20:30:25.877,159.8582,,slider,1,0,0.00,-0.00,0.00,ACTIVE,NONE,3990,0,P,P,0.00,released,RELEASED
2026-05-20 20:30:26.277,160.2583,,slider,1,0,0.00,-0.00,0.00,ACTIVE,NONE,4000,0,P,P,0.00,released,RELEASED
2026-05-20 20:30:26.677,160.6586,,slider,1,0,0.00,-0.00,0.00,ACTIVE,NONE,4010,0,P,P,0.00,released,RELEASED
2026-05-20 20:30:27.078,161.0587,,slider,1,0,0.00,-0.00,0.00,ACTIVE,NONE,4020,0,P,P,0.00,released,RELEASED
2026-05-20 20:30:27.477,161.4586,,slider,1,0,0.00,-0.00,0.00,ACTIVE,NONE,4030,0,P,P,0.00,released,RELEASED
2026-05-20 20:30:27.877,161.8583,,slider,1,0,0.00,-0.00,0.00,ACTIVE,NONE,4040,0,P,P,0.00,released,RELEASED
2026-05-20 20:30:28.278,162.2591,,slider,1,0,0.00,-0.00,0.00,ACTIVE,NONE,4050,0,P,P,0.00,released,RELEASED
2026-05-20 20:30:28.678,162.6587,,slider,1,0,0.00,-0.00,0.00,ACTIVE,NONE,4060,0,P,P,0.00,released,RELEASED
2026-05-20 20:30:29.077,163.0584,,slider,1,0,0.00,-0.00,0.00,ACTIVE,NONE,4070,0,P,P,0.00,released,RELEASED
2026-05-20 20:30:29.477,163.4585,,slider,1,0,0.00,-0.00,0.00,ACTIVE,NONE,4080,0,P,P,0.00,released,RELEASED
2026-05-20 20:30:29.877,163.8586,,slider,1,0,0.00,-0.00,0.00,ACTIVE,NONE,4090,0,P,P,0.00,released,RELEASED
2026-05-20 20:30:30.278,164.2589,,slider,1,0,0.00,-0.00,0.00,ACTIVE,NONE,4100,0,P,P,0.00,released,RELEASED
2026-05-20 20:30:30.677,164.6585,,slider,1,0,0.00,-0.00,0.00,ACTIVE,NONE,4110,0,P,P,0.00,released,RELEASED
2026-05-20 20:30:31.078,165.0593,,slider,1,0,0.00,-0.00,0.00,ACTIVE,NONE,4120,0,P,P,0.00,released,RELEASED
2026-05-20 20:30:31.477,165.4585,,slider,1,0,0.00,-0.00,0.00,ACTIVE,NONE,4130,0,P,P,0.00,released,RELEASED
2026-05-20 20:30:31.878,165.8589,,slider,1,0,0.00,-0.00,0.00,ACTIVE,NONE,4140,0,P,P,0.00,released,RELEASED
2026-05-20 20:30:32.278,166.2594,,slider,1,0,0.00,-0.00,0.00,ACTIVE,NONE,4150,0,P,P,0.00,released,RELEASED
2026-05-20 20:30:32.678,166.6589,,slider,1,0,0.00,-0.00,0.00,ACTIVE,NONE,4160,0,P,P,0.00,released,RELEASED
2026-05-20 20:30:33.078,167.0589,,slider,1,0,0.00,-0.00,0.00,ACTIVE,NONE,4170,0,P,P,0.00,released,RELEASED
2026-05-20 20:30:33.478,167.4594,,slider,1,0,0.00,-0.00,0.00,ACTIVE,NONE,4180,0,P,P,0.00,released,RELEASED
2026-05-20 20:30:33.878,167.8591,,slider,1,0,0.00,-0.00,0.00,ACTIVE,NONE,4190,0,P,P,0.00,released,RELEASED
2026-05-20 20:30:34.278,168.2593,,slider,1,0,0.00,-0.00,0.00,ACTIVE,NONE,4200,0,P,P,0.00,released,RELEASED
2026-05-20 20:30:34.679,168.6597,,slider,1,0,0.00,-0.00,0.00,ACTIVE,NONE,4210,0,P,P,0.00,released,RELEASED
2026-05-20 20:30:35.078,169.0593,,slider,1,0,0.00,-0.00,0.00,ACTIVE,NONE,4220,0,P,P,0.00,released,RELEASED
2026-05-20 20:30:35.478,169.4595,,slider,1,0,0.00,-0.00,0.00,ACTIVE,NONE,4230,0,P,P,0.00,released,RELEASED
2026-05-20 20:30:35.878,169.8593,,slider,1,0,0.00,-0.00,0.00,ACTIVE,NONE,4240,0,P,P,0.00,released,RELEASED
2026-05-20 20:30:36.278,170.2594,,slider,1,0,0.00,-0.00,0.00,ACTIVE,NONE,4250,0,P,P,0.00,released,RELEASED
2026-05-20 20:30:36.678,170.6594,,slider,1,0,0.00,-0.00,0.00,ACTIVE,NONE,4260,0,P,P,0.00,released,RELEASED
2026-05-20 20:30:37.079,171.0598,,slider,1,0,0.00,-0.00,0.00,ACTIVE,NONE,4270,0,P,P,0.00,released,RELEASED
2026-05-20 20:30:37.479,171.4597,,slider,1,0,0.00,-0.00,0.00,ACTIVE,NONE,4280,0,P,P,0.00,released,RELEASED
2026-05-20 20:30:37.878,171.8595,,slider,1,0,0.00,-0.44,0.00,ACTIVE,NONE,4290,0,P,P,0.00,released,RELEASED
2026-05-20 20:30:38.279,172.2605,,slider,1,0,0.00,-0.02,0.00,ACTIVE,NONE,4300,0,P,P,0.00,released,RELEASED
2026-05-20 20:30:38.679,172.6601,,slider,1,0,0.00,-0.00,0.00,ACTIVE,NONE,4310,0,P,P,0.00,released,RELEASED
2026-05-20 20:30:39.079,173.0598,,slider,1,0,0.00,-0.00,0.00,ACTIVE,NONE,4320,0,P,P,0.00,released,RELEASED
2026-05-20 20:30:39.479,173.4599,,slider,1,0,0.00,-0.00,0.00,ACTIVE,NONE,4330,0,P,P,0.00,released,RELEASED
2026-05-20 20:30:39.879,173.8606,,slider,1,0,0.00,-0.00,0.00,ACTIVE,NONE,4340,0,P,P,0.00,released,RELEASED
2026-05-20 20:30:40.279,174.2598,,slider,1,0,0.00,-0.00,0.00,ACTIVE,NONE,4350,0,P,P,0.00,released,RELEASED
2026-05-20 20:30:40.679,174.6601,,slider,1,0,0.00,-0.00,0.00,ACTIVE,NONE,4360,0,P,P,0.00,released,RELEASED
2026-05-20 20:30:41.079,175.0598,,slider,1,0,0.00,-0.18,-0.30,ACTIVE,NONE,4370,0,P,P,0.00,released,RELEASED
2026-05-20 20:30:41.479,175.4601,,slider,1,0,0.00,-0.01,-0.30,ACTIVE,NONE,4380,0,P,P,0.00,released,RELEASED
2026-05-20 20:30:41.879,175.8601,,slider,1,0,0.00,-0.00,-0.30,ACTIVE,NONE,4390,0,P,P,0.00,released,RELEASED
2026-05-20 20:30:42.279,176.2599,,slider,1,0,0.00,-0.00,-0.30,ACTIVE,NONE,4400,0,P,P,0.00,released,RELEASED
2026-05-20 20:30:42.679,176.6600,,slider,1,0,0.00,-0.00,-0.30,ACTIVE,NONE,4410,0,P,P,0.00,released,RELEASED
2026-05-20 20:30:43.079,177.0601,,slider,1,0,0.00,-0.00,-0.20,ACTIVE,NONE,4420,0,P,P,0.00,released,RELEASED
2026-05-20 20:30:43.479,177.4604,,slider,1,0,0.00,-0.08,-0.20,ACTIVE,NONE,4430,0,P,P,0.00,released,RELEASED
2026-05-20 20:30:43.880,177.8610,,slider,1,0,0.00,-0.00,-0.20,ACTIVE,NONE,4440,0,P,P,0.00,released,RELEASED
2026-05-20 20:30:44.279,178.2604,,slider,1,0,0.00,-0.00,-0.20,ACTIVE,NONE,4450,0,P,P,0.00,released,RELEASED
2026-05-20 20:30:44.679,178.6600,,slider,1,0,0.00,-0.00,-0.10,ACTIVE,NONE,4460,0,P,P,0.00,released,RELEASED
2026-05-20 20:30:45.079,179.0602,,slider,1,0,0.00,-0.00,-0.10,ACTIVE,NONE,4470,0,P,P,0.00,released,RELEASED
2026-05-20 20:30:45.479,179.4602,,slider,1,0,0.00,-0.00,-0.10,ACTIVE,NONE,4480,0,P,P,0.00,released,RELEASED
2026-05-20 20:30:45.879,179.8601,,slider,1,0,0.00,-0.00,-0.10,ACTIVE,NONE,4490,0,P,P,0.00,released,RELEASED
2026-05-20 20:30:46.280,180.2613,,slider,1,0,0.00,-0.00,-0.10,ACTIVE,NONE,4500,0,P,P,0.00,released,RELEASED
2026-05-20 20:30:46.680,180.6614,,slider,1,0,0.00,-0.00,-0.10,ACTIVE,NONE,4510,0,P,P,0.00,released,RELEASED
2026-05-20 20:30:47.079,181.0602,,slider,1,0,0.00,-0.00,-0.10,ACTIVE,NONE,4520,0,P,P,0.00,released,RELEASED
2026-05-20 20:30:47.480,181.4609,,slider,1,0,0.00,-0.83,-0.10,ACTIVE,NONE,4530,0,P,P,0.00,released,RELEASED
2026-05-20 20:30:47.879,181.8605,,slider,1,0,0.00,-0.04,-0.10,ACTIVE,NONE,4540,0,P,P,0.00,released,RELEASED
2026-05-20 20:30:48.280,182.2607,,slider,1,0,0.00,-0.00,-0.10,ACTIVE,NONE,4550,0,P,P,0.00,released,RELEASED
2026-05-20 20:30:48.679,182.6604,,slider,1,0,0.00,-0.00,-0.10,ACTIVE,NONE,4560,0,P,P,0.00,released,RELEASED
2026-05-20 20:30:49.079,183.0606,,slider,1,0,0.00,-1.06,-0.30,ACTIVE,NONE,4570,0,P,P,0.00,released,RELEASED
2026-05-20 20:30:49.479,183.4605,,slider,1,0,0.00,-0.05,-0.30,ACTIVE,NONE,4580,0,P,P,0.00,released,RELEASED
2026-05-20 20:30:49.880,183.8608,,slider,1,0,0.00,-0.00,-0.30,ACTIVE,NONE,4590,0,P,P,0.00,released,RELEASED
2026-05-20 20:30:50.280,184.2607,,slider,1,0,0.00,-0.00,-0.30,ACTIVE,NONE,4600,0,P,P,0.00,released,RELEASED
2026-05-20 20:30:50.686,184.6673,,slider,1,0,0.00,-0.00,-0.20,ACTIVE,NONE,4610,0,P,P,0.00,released,RELEASED
2026-05-20 20:30:51.086,185.0668,,slider,1,0,0.00,-0.00,-0.20,ACTIVE,NONE,4620,0,P,P,0.00,released,RELEASED
2026-05-20 20:30:51.486,185.4669,,slider,1,0,0.00,-0.00,-0.10,ACTIVE,NONE,4630,0,P,P,0.00,released,RELEASED
2026-05-20 20:30:51.886,185.8669,,slider,1,0,0.00,-0.00,-0.10,ACTIVE,NONE,4640,0,P,P,0.00,released,RELEASED
2026-05-20 20:30:52.286,186.2672,,slider,1,0,0.00,-0.00,-0.10,ACTIVE,NONE,4650,0,P,P,0.00,released,RELEASED
2026-05-20 20:30:52.686,186.6668,,slider,1,0,0.00,-0.00,-0.10,ACTIVE,NONE,4660,0,P,P,0.00,released,RELEASED
2026-05-20 20:30:53.086,187.0675,,slider,1,0,0.00,-0.00,-0.10,ACTIVE,NONE,4670,0,P,P,0.00,released,RELEASED
2026-05-20 20:30:53.486,187.4675,,slider,1,0,0.00,-0.00,0.00,ACTIVE,NONE,4680,0,P,P,0.00,released,RELEASED
2026-05-20 20:30:53.887,187.8678,,slider,1,0,0.00,-0.00,0.00,ACTIVE,NONE,4690,0,P,P,0.00,released,RELEASED
2026-05-20 20:30:54.287,188.2679,,slider,1,0,0.00,-0.00,0.00,ACTIVE,NONE,4700,0,P,P,0.00,released,RELEASED
2026-05-20 20:30:54.686,188.6675,,slider,1,0,0.00,-0.00,0.00,ACTIVE,NONE,4710,0,P,P,0.00,released,RELEASED
2026-05-20 20:30:55.086,189.0675,,slider,1,0,0.00,-0.00,0.00,ACTIVE,NONE,4720,0,P,P,0.00,released,RELEASED
2026-05-20 20:30:55.486,189.4677,,slider,1,0,0.00,-0.00,0.00,ACTIVE,NONE,4730,0,P,P,0.00,released,RELEASED
2026-05-20 20:30:55.886,189.8674,,slider,1,0,0.00,-0.84,-0.10,ACTIVE,NONE,4740,0,P,P,0.00,released,RELEASED
2026-05-20 20:30:56.287,190.2680,,slider,1,0,0.00,-0.04,-0.20,ACTIVE,NONE,4750,0,P,P,0.00,released,RELEASED
2026-05-20 20:30:56.686,190.6674,,slider,1,0,0.00,-0.16,-0.40,ACTIVE,NONE,4760,0,P,P,0.00,released,RELEASED
2026-05-20 20:30:57.086,191.0676,,slider,1,0,0.00,-0.01,-0.40,ACTIVE,NONE,4770,0,P,P,0.00,released,RELEASED
2026-05-20 20:30:57.486,191.4675,,slider,1,0,0.00,-0.00,-0.30,ACTIVE,NONE,4780,0,P,P,0.00,released,RELEASED
2026-05-20 20:30:57.887,191.8680,,slider,1,0,0.00,-0.00,-0.20,ACTIVE,NONE,4790,0,P,P,0.00,released,RELEASED
2026-05-20 20:30:58.287,192.2680,,slider,1,0,0.00,-0.00,-0.20,ACTIVE,NONE,4800,0,P,P,0.00,released,RELEASED
2026-05-20 20:30:58.687,192.6678,,slider,1,0,0.00,-0.00,-0.10,ACTIVE,NONE,4810,0,P,P,0.00,released,RELEASED
2026-05-20 20:30:59.087,193.0677,,slider,1,0,0.00,-0.00,-0.10,ACTIVE,NONE,4820,0,P,P,0.00,released,RELEASED
2026-05-20 20:30:59.487,193.4679,,slider,1,0,0.00,-0.00,-0.10,ACTIVE,NONE,4830,0,P,P,0.00,released,RELEASED
2026-05-20 20:30:59.887,193.8678,,slider,1,0,0.00,-0.00,-0.10,ACTIVE,NONE,4840,0,P,P,0.00,released,RELEASED
2026-05-20 20:31:00.287,194.2686,,slider,1,0,0.00,-0.00,-0.10,ACTIVE,NONE,4850,0,P,P,0.00,released,RELEASED
2026-05-20 20:31:00.686,194.6677,,slider,1,0,0.00,-0.00,0.00,ACTIVE,NONE,4860,0,P,P,0.00,released,RELEASED
2026-05-20 20:31:01.087,195.0679,,slider,1,0,0.00,-0.00,0.00,ACTIVE,NONE,4870,0,P,P,0.00,released,RELEASED
2026-05-20 20:31:01.487,195.4680,,slider,1,0,0.00,-0.00,0.00,ACTIVE,NONE,4880,0,P,P,0.00,released,RELEASED
2026-05-20 20:31:01.887,195.8677,,slider,1,0,0.00,-0.00,0.00,ACTIVE,NONE,4890,0,P,P,0.00,released,RELEASED
2026-05-20 20:31:02.287,196.2684,,slider,1,0,0.00,-0.00,0.00,ACTIVE,NONE,4900,0,P,P,0.00,released,RELEASED
2026-05-20 20:31:02.687,196.6681,,slider,1,0,0.00,-0.00,0.00,ACTIVE,NONE,4910,0,P,P,0.00,released,RELEASED
2026-05-20 20:31:03.087,197.0679,,slider,1,0,0.00,-0.00,0.00,ACTIVE,NONE,4920,0,P,P,0.00,released,RELEASED
2026-05-20 20:31:03.487,197.4686,,slider,1,0,0.00,-0.00,0.00,ACTIVE,NONE,4930,0,P,P,0.00,released,RELEASED
2026-05-20 20:31:03.887,197.8681,,slider,1,0,0.00,-0.00,0.00,ACTIVE,NONE,4940,0,P,P,0.00,released,RELEASED
2026-05-20 20:31:04.287,198.2684,,slider,1,0,0.00,-0.00,0.00,ACTIVE,NONE,4950,0,P,P,0.00,released,RELEASED
2026-05-20 20:31:04.687,198.6680,,slider,1,0,0.00,-0.21,0.00,ACTIVE,NONE,4960,0,P,P,0.00,released,RELEASED
2026-05-20 20:31:05.087,199.0682,,slider,1,0,0.00,-0.40,-0.10,ACTIVE,NONE,4970,0,P,P,0.00,released,RELEASED
2026-05-20 20:31:05.487,199.4684,,slider,1,0,0.00,-0.02,-0.10,ACTIVE,NONE,4980,0,P,P,0.00,released,RELEASED
2026-05-20 20:31:05.887,199.8683,,slider,1,0,0.00,-0.00,-0.10,ACTIVE,NONE,4990,0,P,P,0.00,released,RELEASED
2026-05-20 20:31:06.288,200.2693,,slider,1,0,0.00,-0.00,-0.10,ACTIVE,NONE,5000,0,P,P,0.00,released,RELEASED
2026-05-20 20:31:06.687,200.6681,,slider,1,0,0.00,-0.00,-0.10,ACTIVE,NONE,5010,0,P,P,0.00,released,RELEASED
2026-05-20 20:31:07.087,201.0683,,slider,1,0,0.00,-0.00,-0.10,ACTIVE,NONE,5020,0,P,P,0.00,released,RELEASED
2026-05-20 20:31:07.487,201.4687,,slider,1,0,0.00,-0.30,-0.40,ACTIVE,NONE,5030,0,P,P,0.00,released,RELEASED
2026-05-20 20:31:07.887,201.8681,,slider,1,0,0.00,-0.02,-0.40,ACTIVE,NONE,5040,0,P,P,0.00,released,RELEASED
2026-05-20 20:31:08.288,202.2687,,slider,1,0,0.00,-0.00,-0.30,ACTIVE,NONE,5050,0,P,P,0.00,released,RELEASED
2026-05-20 20:31:08.687,202.6685,,slider,1,0,0.00,-0.00,-0.20,ACTIVE,NONE,5060,0,P,P,0.00,released,RELEASED
2026-05-20 20:31:09.087,203.0687,,slider,1,0,0.00,-0.00,-0.20,ACTIVE,NONE,5070,0,P,P,0.00,released,RELEASED
2026-05-20 20:31:09.487,203.4685,,slider,1,0,0.00,-0.00,-0.10,ACTIVE,NONE,5080,0,P,P,0.00,released,RELEASED
2026-05-20 20:31:09.887,203.8686,,slider,1,0,0.00,-0.00,-0.10,ACTIVE,NONE,5090,0,P,P,0.00,released,RELEASED
2026-05-20 20:31:10.288,204.2688,,slider,1,0,0.00,-0.00,-0.10,ACTIVE,NONE,5100,0,P,P,0.00,released,RELEASED
2026-05-20 20:31:10.688,204.6687,,slider,1,0,0.00,-0.00,-0.10,ACTIVE,NONE,5110,0,P,P,0.00,released,RELEASED
2026-05-20 20:31:11.088,205.0688,,slider,1,0,0.00,-0.00,-0.10,ACTIVE,NONE,5120,0,P,P,0.00,released,RELEASED
2026-05-20 20:31:11.487,205.4686,,slider,1,0,0.00,-0.00,-0.10,ACTIVE,NONE,5130,0,P,P,0.00,released,RELEASED
2026-05-20 20:31:11.888,205.8689,,slider,1,0,0.00,-0.00,-0.10,ACTIVE,NONE,5140,0,P,P,0.00,released,RELEASED
2026-05-20 20:31:12.288,206.2688,,slider,1,0,0.00,-0.00,0.00,ACTIVE,NONE,5150,0,P,P,0.00,released,RELEASED
2026-05-20 20:31:12.687,206.6686,,slider,1,0,0.00,-0.72,0.00,ACTIVE,NONE,5160,0,P,P,0.00,released,RELEASED
2026-05-20 20:31:13.087,207.0686,,slider,1,0,0.00,-0.04,0.00,ACTIVE,NONE,5170,0,P,P,0.00,released,RELEASED
2026-05-20 20:31:13.488,207.4689,,slider,1,0,0.00,-0.00,0.00,ACTIVE,NONE,5180,0,P,P,0.00,released,RELEASED
2026-05-20 20:31:13.887,207.8686,,slider,1,0,0.00,-0.00,0.00,ACTIVE,NONE,5190,0,P,P,0.00,released,RELEASED
2026-05-20 20:31:14.288,208.2690,,slider,1,0,0.00,-0.11,-0.10,ACTIVE,NONE,5200,0,P,P,0.00,released,RELEASED
2026-05-20 20:31:14.688,208.6688,,slider,1,0,0.00,-0.01,-0.10,ACTIVE,NONE,5210,0,P,P,0.00,released,RELEASED
2026-05-20 20:31:15.088,209.0688,,slider,1,0,0.00,-0.00,-0.10,ACTIVE,NONE,5220,0,P,P,0.00,released,RELEASED
2026-05-20 20:31:15.488,209.4692,,slider,1,0,0.00,-0.00,-0.10,ACTIVE,NONE,5230,0,P,P,0.00,released,RELEASED
2026-05-20 20:31:15.888,209.8689,,slider,1,0,0.00,-0.30,-0.10,ACTIVE,NONE,5240,0,P,P,0.00,released,RELEASED
2026-05-20 20:31:16.288,210.2693,,slider,1,0,0.00,-0.01,-0.10,ACTIVE,NONE,5250,0,P,P,0.00,released,RELEASED
2026-05-20 20:31:16.688,210.6690,,slider,1,0,0.00,-0.00,-0.10,ACTIVE,NONE,5260,0,P,P,0.00,released,RELEASED
2026-05-20 20:31:17.088,211.0689,,slider,1,0,0.00,-0.00,-0.10,ACTIVE,NONE,5270,0,P,P,0.00,released,RELEASED
2026-05-20 20:31:17.488,211.4696,,slider,1,0,0.00,-0.00,-0.10,ACTIVE,NONE,5280,0,P,P,0.00,released,RELEASED
2026-05-20 20:31:17.888,211.8691,,slider,1,0,0.00,-0.00,-0.10,ACTIVE,NONE,5290,0,P,P,0.00,released,RELEASED
2026-05-20 20:31:18.288,212.2690,,slider,1,0,0.00,-0.00,-0.10,ACTIVE,NONE,5300,0,P,P,0.00,released,RELEASED
2026-05-20 20:31:18.688,212.6691,,slider,1,0,0.00,-0.00,-0.10,ACTIVE,NONE,5310,0,P,P,0.00,released,RELEASED
2026-05-20 20:31:19.088,213.0691,,slider,1,0,0.00,-0.00,-0.10,ACTIVE,NONE,5320,0,P,P,0.00,released,RELEASED
2026-05-20 20:31:19.488,213.4692,,slider,1,0,0.00,-0.00,-0.10,ACTIVE,NONE,5330,0,P,P,0.00,released,RELEASED
2026-05-20 20:31:19.888,213.8694,,slider,1,0,0.00,-0.00,-0.10,ACTIVE,NONE,5340,0,P,P,0.00,released,RELEASED
2026-05-20 20:31:20.288,214.2693,,slider,1,0,0.00,-0.00,-0.10,ACTIVE,NONE,5350,0,P,P,0.00,released,RELEASED
2026-05-20 20:31:20.688,214.6693,,slider,1,0,0.00,-0.00,-0.10,ACTIVE,NONE,5360,0,P,P,0.00,released,RELEASED
2026-05-20 20:31:21.088,215.0693,,slider,1,0,0.00,-0.00,0.00,ACTIVE,NONE,5370,0,P,P,0.00,released,RELEASED
2026-05-20 20:31:21.488,215.4695,,slider,1,0,0.00,-0.00,0.00,ACTIVE,NONE,5380,0,P,P,0.00,released,RELEASED
2026-05-20 20:31:21.888,215.8697,,slider,1,0,0.00,-0.00,0.00,ACTIVE,NONE,5390,0,P,P,0.00,released,RELEASED
2026-05-20 20:31:22.288,216.2695,,slider,1,0,0.00,-0.00,0.00,ACTIVE,NONE,5400,0,P,P,0.00,released,RELEASED
2026-05-20 20:31:22.688,216.6695,,slider,1,0,0.00,-0.00,0.00,ACTIVE,NONE,5410,0,P,P,0.00,released,RELEASED
2026-05-20 20:31:23.089,217.0697,,slider,1,0,0.00,-0.00,0.00,ACTIVE,NONE,5420,0,P,P,0.00,released,RELEASED
2026-05-20 20:31:23.489,217.4697,,slider,1,0,0.00,-0.00,0.00,ACTIVE,NONE,5430,0,P,P,0.00,released,RELEASED
2026-05-20 20:31:23.889,217.8703,,slider,1,0,0.00,-0.00,0.00,ACTIVE,NONE,5440,0,P,P,0.00,released,RELEASED
2026-05-20 20:31:24.288,218.2696,,slider,1,0,0.00,-0.00,0.00,ACTIVE,NONE,5450,0,P,P,0.00,released,RELEASED
2026-05-20 20:31:24.688,218.6697,,slider,1,0,0.00,-0.00,0.00,ACTIVE,NONE,5460,0,P,P,0.00,released,RELEASED
2026-05-20 20:31:25.088,219.0696,,slider,1,0,0.00,-0.00,0.00,ACTIVE,NONE,5470,0,P,P,0.00,released,RELEASED
2026-05-20 20:31:25.489,219.4700,,slider,1,0,0.00,-0.00,0.00,ACTIVE,NONE,5480,0,P,P,0.00,released,RELEASED
2026-05-20 20:31:25.889,219.8701,,slider,1,0,0.00,-0.00,0.00,ACTIVE,NONE,5490,0,P,P,0.00,released,RELEASED
2026-05-20 20:31:26.289,220.2698,,slider,1,0,0.00,-0.00,0.00,ACTIVE,NONE,5500,0,P,P,0.00,released,RELEASED
2026-05-20 20:31:26.689,220.6698,,slider,1,0,0.00,-0.00,0.00,ACTIVE,NONE,5510,0,P,P,0.00,released,RELEASED
2026-05-20 20:31:27.089,221.0704,,slider,1,0,0.00,-0.00,0.00,ACTIVE,NONE,5520,0,P,P,0.00,released,RELEASED
2026-05-20 20:31:27.489,221.4704,,slider,1,0,0.00,-0.00,0.00,ACTIVE,NONE,5530,0,P,P,0.00,released,RELEASED
2026-05-20 20:31:27.889,221.8702,,slider,1,0,0.00,-0.00,0.00,ACTIVE,NONE,5540,0,P,P,0.00,released,RELEASED
2026-05-20 20:31:28.289,222.2701,,slider,1,0,0.00,-0.00,0.00,ACTIVE,NONE,5550,0,P,P,0.00,released,RELEASED
2026-05-20 20:31:28.689,222.6701,,slider,1,0,0.00,-0.00,0.00,ACTIVE,NONE,5560,0,P,P,0.00,released,RELEASED
2026-05-20 20:31:29.089,223.0702,,slider,1,0,0.00,-0.00,0.00,ACTIVE,NONE,5570,0,P,P,0.00,released,RELEASED
2026-05-20 20:31:29.489,223.4704,,slider,1,0,0.00,-0.00,0.00,ACTIVE,NONE,5580,0,P,P,0.00,released,RELEASED
2026-05-20 20:31:29.889,223.8705,,slider,1,0,0.00,-0.00,0.00,ACTIVE,NONE,5590,0,P,P,0.00,released,RELEASED
2026-05-20 20:31:30.289,224.2706,,slider,1,0,0.00,-0.00,0.00,ACTIVE,NONE,5600,0,P,P,0.00,released,RELEASED
2026-05-20 20:31:30.689,224.6703,,slider,1,0,0.00,-0.00,0.00,ACTIVE,NONE,5610,0,P,P,0.00,released,RELEASED
2026-05-20 20:31:31.090,225.0711,,slider,1,0,0.00,-0.00,0.00,ACTIVE,NONE,5620,0,P,P,0.00,released,RELEASED
2026-05-20 20:31:31.489,225.4705,,slider,1,0,0.00,-0.00,0.00,ACTIVE,NONE,5630,0,P,P,0.00,released,RELEASED
2026-05-20 20:31:31.890,225.8708,,slider,1,0,0.00,-0.00,0.00,ACTIVE,NONE,5640,0,P,P,0.00,released,RELEASED
2026-05-20 20:31:32.289,226.2705,,slider,1,0,0.00,-0.00,0.00,ACTIVE,NONE,5650,0,P,P,0.00,released,RELEASED
2026-05-20 20:31:32.689,226.6705,,slider,1,0,-6.97,-0.00,0.00,ACTIVE,NONE,5660,0,P,P,0.00,released,RELEASED
2026-05-20 20:31:33.090,227.0709,,slider,1,0,0.00,-0.05,0.00,ACTIVE,NONE,5670,0,P,P,0.00,released,RELEASED
2026-05-20 20:31:33.490,227.4708,,slider,1,0,0.00,-0.00,0.00,ACTIVE,NONE,5680,0,P,P,0.00,released,RELEASED
2026-05-20 20:31:33.890,227.8709,,slider,1,0,0.00,-0.00,0.00,ACTIVE,NONE,5690,0,P,P,0.00,released,RELEASED
2026-05-20 20:31:34.290,228.2710,,slider,1,0,0.00,-0.00,-0.10,ACTIVE,NONE,5700,0,P,P,0.00,released,RELEASED
2026-05-20 20:31:34.690,228.6709,,slider,1,0,0.00,-0.00,-0.10,ACTIVE,NONE,5710,0,P,P,0.00,released,RELEASED
2026-05-20 20:31:35.090,229.0710,,slider,1,0,0.00,-0.00,-0.10,ACTIVE,NONE,5720,0,P,P,0.00,released,RELEASED
2026-05-20 20:31:35.489,229.4707,,slider,1,0,0.00,-0.00,-0.10,ACTIVE,NONE,5730,0,P,P,0.00,released,RELEASED
2026-05-20 20:31:35.890,229.8708,,slider,1,0,0.00,-0.00,-0.10,ACTIVE,NONE,5740,0,P,P,0.00,released,RELEASED
2026-05-20 20:31:36.290,230.2709,,slider,1,0,0.00,-0.00,-0.10,ACTIVE,NONE,5750,0,P,P,0.00,released,RELEASED
2026-05-20 20:31:36.690,230.6708,,slider,1,0,0.00,-0.00,-0.10,ACTIVE,NONE,5760,0,P,P,0.00,released,RELEASED
2026-05-20 20:31:37.090,231.0710,,slider,1,0,0.00,-0.00,-0.10,ACTIVE,NONE,5770,0,P,P,0.00,released,RELEASED
2026-05-20 20:31:37.490,231.4711,,slider,1,0,0.00,-0.00,-0.10,ACTIVE,NONE,5780,0,P,P,0.00,released,RELEASED
2026-05-20 20:31:37.890,231.8711,,slider,1,0,0.00,-0.00,-0.10,ACTIVE,NONE,5790,0,P,P,0.00,released,RELEASED
2026-05-20 20:31:38.290,232.2711,,slider,1,0,0.00,-0.00,-0.10,ACTIVE,NONE,5800,0,P,P,0.00,released,RELEASED
2026-05-20 20:31:38.690,232.6713,,slider,1,0,0.00,-0.00,-0.10,ACTIVE,NONE,5810,0,P,P,0.00,released,RELEASED
2026-05-20 20:31:39.090,233.0710,,slider,1,0,0.00,-0.00,-0.10,ACTIVE,NONE,5820,0,P,P,0.00,released,RELEASED
2026-05-20 20:31:39.490,233.4711,,slider,1,0,0.00,-0.00,0.00,ACTIVE,NONE,5830,0,P,P,0.00,released,RELEASED
2026-05-20 20:31:39.890,233.8710,,slider,1,0,0.00,-0.00,0.00,ACTIVE,NONE,5840,0,P,P,0.00,released,RELEASED
2026-05-20 20:31:40.290,234.2711,,slider,1,0,0.00,-0.24,-0.10,ACTIVE,NONE,5850,0,P,P,0.00,released,RELEASED
2026-05-20 20:31:40.690,234.6711,,slider,1,0,0.00,-0.01,-0.10,ACTIVE,NONE,5860,0,P,P,0.00,released,RELEASED
2026-05-20 20:31:41.090,235.0714,,slider,1,0,0.00,-0.00,-0.10,ACTIVE,NONE,5870,0,P,P,0.00,released,RELEASED
2026-05-20 20:31:41.490,235.4713,,slider,1,0,0.00,-0.00,-0.10,ACTIVE,NONE,5880,0,P,P,0.00,released,RELEASED
2026-05-20 20:31:41.890,235.8711,,slider,1,0,0.00,-0.00,-0.10,ACTIVE,NONE,5890,0,P,P,0.00,released,RELEASED
2026-05-20 20:31:42.290,236.2713,,slider,1,0,0.00,-0.00,-0.10,ACTIVE,NONE,5900,0,P,P,0.00,released,RELEASED
2026-05-20 20:31:42.690,236.6712,,slider,1,0,0.00,-0.00,-0.10,ACTIVE,NONE,5910,0,P,P,0.00,released,RELEASED
2026-05-20 20:31:43.090,237.0712,,slider,1,0,0.00,-0.00,-0.10,ACTIVE,NONE,5920,0,P,P,0.00,released,RELEASED
2026-05-20 20:31:43.490,237.4713,,slider,1,0,0.00,-0.00,-0.10,ACTIVE,NONE,5930,0,P,P,0.00,released,RELEASED
2026-05-20 20:31:43.890,237.8714,,slider,1,0,0.00,-0.00,-0.10,ACTIVE,NONE,5940,0,P,P,0.00,released,RELEASED
2026-05-20 20:31:44.290,238.2715,,slider,1,0,0.00,-0.00,-0.10,ACTIVE,NONE,5950,0,P,P,0.00,released,RELEASED
2026-05-20 20:31:44.690,238.6717,,slider,1,0,0.00,-0.00,-0.10,ACTIVE,NONE,5960,0,P,P,0.00,released,RELEASED
2026-05-20 20:31:45.091,239.0717,,slider,1,0,0.00,-0.00,-0.10,ACTIVE,NONE,5970,0,P,P,0.00,released,RELEASED
2026-05-20 20:31:45.491,239.4721,,slider,1,0,0.00,-0.00,-0.10,ACTIVE,NONE,5980,0,P,P,0.00,released,RELEASED
2026-05-20 20:31:45.890,239.8716,,slider,1,0,0.00,-0.00,0.00,ACTIVE,NONE,5990,0,P,P,0.00,released,RELEASED
2026-05-20 20:31:46.291,240.2718,,slider,1,0,0.00,-0.00,0.00,ACTIVE,NONE,6000,0,P,P,0.00,released,RELEASED
2026-05-20 20:31:46.691,240.6720,,slider,1,0,0.00,-0.00,0.00,ACTIVE,NONE,6010,0,P,P,0.00,released,RELEASED
2026-05-20 20:31:47.091,241.0720,,slider,1,0,0.00,-0.00,0.00,ACTIVE,NONE,6020,0,P,P,0.00,released,RELEASED
2026-05-20 20:31:47.491,241.4719,,slider,1,0,0.00,-0.00,0.00,ACTIVE,NONE,6030,0,P,P,0.00,released,RELEASED
2026-05-20 20:31:47.891,241.8721,,slider,1,0,0.00,-0.00,0.00,ACTIVE,NONE,6040,0,P,P,0.00,released,RELEASED
2026-05-20 20:31:48.291,242.2722,,slider,1,0,0.00,-0.00,0.00,ACTIVE,NONE,6050,0,P,P,0.00,released,RELEASED
2026-05-20 20:31:48.691,242.6722,,slider,1,0,0.00,-0.00,0.00,ACTIVE,NONE,6060,0,P,P,0.00,released,RELEASED
2026-05-20 20:31:49.091,243.0719,,slider,1,0,0.00,-0.16,0.00,ACTIVE,NONE,6070,0,P,P,0.00,released,RELEASED
2026-05-20 20:31:49.491,243.4720,,slider,1,0,0.00,-0.01,0.00,ACTIVE,NONE,6080,0,P,P,0.00,released,RELEASED
2026-05-20 20:31:49.891,243.8722,,slider,1,0,0.00,-0.00,0.00,ACTIVE,NONE,6090,0,P,P,0.00,released,RELEASED
2026-05-20 20:31:50.291,244.2723,,slider,1,0,0.00,-0.00,0.00,ACTIVE,NONE,6100,0,P,P,0.00,released,RELEASED
2026-05-20 20:31:50.691,244.6722,,slider,1,0,0.00,-0.00,0.00,ACTIVE,NONE,6110,0,P,P,0.00,released,RELEASED
2026-05-20 20:31:51.091,245.0721,,slider,1,0,0.00,-0.00,0.00,ACTIVE,NONE,6120,0,P,P,0.00,released,RELEASED
2026-05-20 20:31:51.492,245.4727,,slider,1,0,0.00,-0.82,0.00,ACTIVE,NONE,6130,0,P,P,0.00,released,RELEASED
2026-05-20 20:31:51.891,245.8723,,slider,1,0,0.00,-0.04,-0.20,ACTIVE,NONE,6140,0,P,P,0.00,released,RELEASED
2026-05-20 20:31:52.291,246.2724,,slider,1,0,0.00,-0.09,-0.20,ACTIVE,NONE,6150,0,P,P,0.00,released,RELEASED
2026-05-20 20:31:52.692,246.6727,,slider,1,0,0.00,-0.00,-0.20,ACTIVE,NONE,6160,0,P,P,0.00,released,RELEASED
2026-05-20 20:31:53.091,247.0724,,slider,1,0,0.00,-0.00,-0.20,ACTIVE,NONE,6170,0,P,P,0.00,released,RELEASED
2026-05-20 20:31:53.491,247.4724,,slider,1,0,0.00,-0.00,-0.20,ACTIVE,NONE,6180,0,P,P,0.00,released,RELEASED
2026-05-20 20:31:53.891,247.8727,,slider,1,0,0.00,-0.00,-0.20,ACTIVE,NONE,6190,0,P,P,0.00,released,RELEASED
2026-05-20 20:31:54.291,248.2726,,slider,1,0,0.00,-0.00,-0.20,ACTIVE,NONE,6200,0,P,P,0.00,released,RELEASED
2026-05-20 20:31:54.691,248.6727,,slider,1,0,0.00,-0.00,-0.10,ACTIVE,NONE,6210,0,P,P,0.00,released,RELEASED
2026-05-20 20:31:55.091,249.0726,,slider,1,0,0.00,-0.00,-0.10,ACTIVE,NONE,6220,0,P,P,0.00,released,RELEASED
2026-05-20 20:31:55.491,249.4725,,slider,1,0,0.00,-0.00,-0.10,ACTIVE,NONE,6230,0,P,P,0.00,released,RELEASED
2026-05-20 20:31:55.892,249.8727,,slider,1,0,0.00,-0.00,-0.10,ACTIVE,NONE,6240,0,P,P,0.00,released,RELEASED
2026-05-20 20:31:56.292,250.2728,,slider,1,0,0.00,-0.00,0.00,ACTIVE,NONE,6250,0,P,P,0.00,released,RELEASED
2026-05-20 20:31:56.692,250.6728,,slider,1,0,0.00,-0.00,0.00,ACTIVE,NONE,6260,0,P,P,0.00,released,RELEASED
2026-05-20 20:31:57.092,251.0727,,slider,1,0,0.00,-0.00,0.00,ACTIVE,NONE,6270,0,P,P,0.00,released,RELEASED
2026-05-20 20:31:57.492,251.4729,,slider,1,0,0.00,-0.00,0.00,ACTIVE,NONE,6280,0,P,P,0.00,released,RELEASED
2026-05-20 20:31:57.892,251.8729,,slider,1,0,0.00,-0.00,0.00,ACTIVE,NONE,6290,0,P,P,0.00,released,RELEASED
2026-05-20 20:31:58.292,252.2728,,slider,1,0,0.00,-0.00,0.00,ACTIVE,NONE,6300,0,P,P,0.00,released,RELEASED
2026-05-20 20:31:58.692,252.6730,,slider,1,0,0.00,-0.00,0.00,ACTIVE,NONE,6310,0,P,P,0.00,released,RELEASED
2026-05-20 20:31:59.092,253.0734,,slider,1,0,0.00,-0.00,0.00,ACTIVE,NONE,6320,0,P,P,0.00,released,RELEASED
2026-05-20 20:31:59.492,253.4729,,slider,1,0,0.00,-0.00,0.00,ACTIVE,NONE,6330,0,P,P,0.00,released,RELEASED
2026-05-20 20:31:59.892,253.8731,,slider,1,0,0.00,-1.00,0.00,ACTIVE,NONE,6340,0,P,P,0.00,released,RELEASED
2026-05-20 20:32:00.292,254.2730,,slider,1,0,0.00,-0.05,0.00,ACTIVE,NONE,6350,0,P,P,0.00,released,RELEASED
2026-05-20 20:32:00.692,254.6732,,slider,1,0,0.00,-0.00,0.00,ACTIVE,NONE,6360,0,P,P,0.00,released,RELEASED
2026-05-20 20:32:01.092,255.0731,,slider,1,0,0.00,-0.00,0.00,ACTIVE,NONE,6370,0,P,P,0.00,released,RELEASED
2026-05-20 20:32:01.492,255.4732,,slider,1,0,0.00,-0.00,0.00,ACTIVE,NONE,6380,0,P,P,0.00,released,RELEASED
2026-05-20 20:32:01.892,255.8732,,slider,1,0,0.00,-0.00,0.00,ACTIVE,NONE,6390,0,P,P,0.00,released,RELEASED
2026-05-20 20:32:02.292,256.2731,,slider,1,0,0.00,-0.00,-0.10,ACTIVE,NONE,6400,0,P,P,0.00,released,RELEASED
2026-05-20 20:32:02.692,256.6735,,slider,1,0,0.00,-0.00,-0.10,ACTIVE,NONE,6410,0,P,P,0.00,released,RELEASED
2026-05-20 20:32:03.092,257.0733,,slider,1,0,0.00,-0.00,-0.10,ACTIVE,NONE,6420,0,P,P,0.00,released,RELEASED
2026-05-20 20:32:03.492,257.4732,,slider,1,0,0.00,-0.00,-0.10,ACTIVE,NONE,6430,0,P,P,0.00,released,RELEASED
2026-05-20 20:32:03.892,257.8734,,slider,1,0,0.00,-0.00,-0.10,ACTIVE,NONE,6440,0,P,P,0.00,released,RELEASED
2026-05-20 20:32:04.292,258.2733,,slider,1,0,0.00,-0.00,-0.10,ACTIVE,NONE,6450,0,P,P,0.00,released,RELEASED
2026-05-20 20:32:04.692,258.6733,,slider,1,0,0.00,-0.00,-0.10,ACTIVE,NONE,6460,0,P,P,0.00,released,RELEASED
2026-05-20 20:32:05.092,259.0733,,slider,1,0,0.00,-1.50,-0.40,ACTIVE,NONE,6470,0,P,P,0.00,released,RELEASED
2026-05-20 20:32:05.492,259.4734,,slider,1,0,0.00,-0.07,-0.50,ACTIVE,NONE,6480,0,P,P,0.00,released,RELEASED
2026-05-20 20:32:05.892,259.8736,,slider,1,0,0.00,-0.00,-0.30,ACTIVE,NONE,6490,0,P,P,0.00,released,RELEASED
2026-05-20 20:32:06.292,260.2734,,slider,1,0,0.00,-0.10,-0.30,ACTIVE,NONE,6500,0,P,P,0.00,released,RELEASED
2026-05-20 20:32:06.692,260.6735,,slider,1,0,0.00,-0.00,-0.20,ACTIVE,NONE,6510,0,P,P,0.00,released,RELEASED
2026-05-20 20:32:07.092,261.0736,,slider,1,0,0.00,-0.14,-0.20,ACTIVE,NONE,6520,0,P,P,0.00,released,RELEASED
2026-05-20 20:32:07.492,261.4735,,slider,1,0,0.00,-0.01,-0.20,ACTIVE,NONE,6530,0,P,P,0.00,released,RELEASED
2026-05-20 20:32:07.893,261.8738,,slider,1,0,0.00,-0.00,-0.20,ACTIVE,NONE,6540,0,P,P,0.00,released,RELEASED
2026-05-20 20:32:08.292,262.2736,,slider,1,0,0.00,-0.00,-0.20,ACTIVE,NONE,6550,0,P,P,0.00,released,RELEASED
2026-05-20 20:32:08.693,262.6737,,slider,1,0,0.00,-0.00,-0.10,ACTIVE,NONE,6560,0,P,P,0.00,released,RELEASED
2026-05-20 20:32:09.093,263.0742,,slider,1,0,0.00,-0.00,-0.10,ACTIVE,NONE,6570,0,P,P,0.00,released,RELEASED
2026-05-20 20:32:09.492,263.4736,,slider,1,0,0.00,-0.00,-0.10,ACTIVE,NONE,6580,0,P,P,0.00,released,RELEASED
2026-05-20 20:32:09.893,263.8738,,slider,1,0,0.00,-0.00,-0.10,ACTIVE,NONE,6590,0,P,P,0.00,released,RELEASED
2026-05-20 20:32:10.293,264.2738,,slider,1,0,0.00,-0.00,-0.10,ACTIVE,NONE,6600,0,P,P,0.00,released,RELEASED
2026-05-20 20:32:10.693,264.6738,,slider,1,0,0.00,-0.00,-0.10,ACTIVE,NONE,6610,0,P,P,0.00,released,RELEASED
2026-05-20 20:32:11.093,265.0739,,slider,1,0,0.00,-0.00,-0.10,ACTIVE,NONE,6620,0,P,P,0.00,released,RELEASED
2026-05-20 20:32:11.493,265.4739,,slider,1,0,0.00,-0.00,-0.10,ACTIVE,NONE,6630,0,P,P,0.00,released,RELEASED
2026-05-20 20:32:11.893,265.8738,,slider,1,0,0.00,-0.00,0.00,ACTIVE,NONE,6640,0,P,P,0.00,released,RELEASED
2026-05-20 20:32:12.293,266.2740,,slider,1,0,0.00,-0.00,0.00,ACTIVE,NONE,6650,0,P,P,0.00,released,RELEASED
2026-05-20 20:32:12.693,266.6739,,slider,1,0,0.00,-0.00,0.00,ACTIVE,NONE,6660,0,P,P,0.00,released,RELEASED
2026-05-20 20:32:13.093,267.0740,,slider,1,0,0.00,-0.00,0.00,ACTIVE,NONE,6670,0,P,P,0.00,released,RELEASED
2026-05-20 20:32:13.493,267.4740,,slider,1,0,0.00,-0.00,0.00,ACTIVE,NONE,6680,0,P,P,0.00,released,RELEASED
2026-05-20 20:32:13.893,267.8742,,slider,1,0,0.00,-0.00,0.00,ACTIVE,NONE,6690,0,P,P,0.00,released,RELEASED
2026-05-20 20:32:14.293,268.2743,,slider,1,0,0.00,-0.00,0.00,ACTIVE,NONE,6700,0,P,P,0.00,released,RELEASED
2026-05-20 20:32:14.693,268.6742,,slider,1,0,0.00,-0.00,0.00,ACTIVE,NONE,6710,0,P,P,0.00,released,RELEASED
2026-05-20 20:32:15.093,269.0744,,slider,1,0,0.00,-0.00,0.00,ACTIVE,NONE,6720,0,P,P,0.00,released,RELEASED
2026-05-20 20:32:15.493,269.4745,,slider,1,0,0.00,-0.00,0.00,ACTIVE,NONE,6730,0,P,P,0.00,released,RELEASED
2026-05-20 20:32:15.893,269.8745,,slider,1,0,0.00,-0.00,0.00,ACTIVE,NONE,6740,0,P,P,0.00,released,RELEASED
2026-05-20 20:32:16.293,270.2745,,slider,1,0,0.00,-0.00,0.00,ACTIVE,NONE,6750,0,P,P,0.00,released,RELEASED
2026-05-20 20:32:16.693,270.6745,,slider,1,0,0.00,-0.00,0.00,ACTIVE,NONE,6760,0,P,P,0.00,released,RELEASED
2026-05-20 20:32:17.093,271.0745,,slider,1,0,0.00,-0.00,0.00,ACTIVE,NONE,6770,0,P,P,0.00,released,RELEASED
2026-05-20 20:32:17.493,271.4746,,slider,1,0,0.00,-0.00,0.00,ACTIVE,NONE,6780,0,P,P,0.00,released,RELEASED
2026-05-20 20:32:17.894,271.8748,,slider,1,0,-6.97,-0.00,0.00,ACTIVE,NONE,6790,0,P,P,0.00,released,RELEASED
2026-05-20 20:32:18.294,272.2749,,slider,1,0,0.00,-0.16,-0.40,ACTIVE,NONE,6800,0,P,P,0.00,released,RELEASED
2026-05-20 20:32:18.693,272.6745,,slider,1,0,0.00,-0.01,-0.30,ACTIVE,NONE,6810,0,P,P,0.00,released,RELEASED
2026-05-20 20:32:19.093,273.0746,,slider,1,0,0.00,-0.00,-0.30,ACTIVE,NONE,6820,0,P,P,0.00,released,RELEASED
2026-05-20 20:32:19.494,273.4749,,slider,1,0,0.00,-0.00,-0.20,ACTIVE,NONE,6830,0,P,P,0.00,released,RELEASED
2026-05-20 20:32:19.894,273.8748,,slider,1,0,0.00,-0.00,-0.20,ACTIVE,NONE,6840,0,P,P,0.00,released,RELEASED
2026-05-20 20:32:20.294,274.2750,,slider,1,0,0.00,-0.00,-0.10,ACTIVE,NONE,6850,0,P,P,0.00,released,RELEASED
2026-05-20 20:32:20.694,274.6748,,slider,1,0,0.00,-0.00,-0.10,ACTIVE,NONE,6860,0,P,P,0.00,released,RELEASED
2026-05-20 20:32:21.093,275.0747,,slider,1,0,0.00,-0.00,-0.10,ACTIVE,NONE,6870,0,P,P,0.00,released,RELEASED
2026-05-20 20:32:21.476,275.4574,,slider,1,0,0.00,-0.00,-0.10,ACTIVE,NONE,6880,0,P,P,0.00,released,RELEASED
2026-05-20 20:32:21.894,275.8749,,slider,1,0,0.00,-0.21,-0.10,ACTIVE,NONE,6890,0,P,P,0.00,released,RELEASED
2026-05-20 20:32:22.294,276.2749,,slider,1,0,0.00,-0.01,-0.10,ACTIVE,NONE,6900,0,P,P,0.00,released,RELEASED
2026-05-20 20:32:22.694,276.6752,,slider,1,0,0.00,-0.00,-0.10,ACTIVE,NONE,6910,0,P,P,0.00,released,RELEASED
2026-05-20 20:32:23.094,277.0750,,slider,1,0,0.00,-0.00,-0.10,ACTIVE,NONE,6920,0,P,P,0.00,released,RELEASED
2026-05-20 20:32:23.494,277.4750,,slider,1,0,0.00,-0.00,-0.10,ACTIVE,NONE,6930,0,P,P,0.00,released,RELEASED
2026-05-20 20:32:23.894,277.8754,,slider,1,0,0.00,-0.00,-0.10,ACTIVE,NONE,6940,0,P,P,0.00,released,RELEASED
2026-05-20 20:32:24.277,278.2581,,slider,1,0,0.00,-0.00,-0.10,ACTIVE,NONE,6950,0,P,P,0.00,released,RELEASED
2026-05-20 20:32:24.694,278.6753,,slider,1,0,0.00,-0.00,-0.10,ACTIVE,NONE,6960,0,P,P,0.00,released,RELEASED
2026-05-20 20:32:25.076,279.0570,,slider,1,0,0.00,-0.00,-0.10,ACTIVE,NONE,6970,0,P,P,0.00,released,RELEASED
2026-05-20 20:32:25.476,279.4569,,slider,1,0,0.00,-0.00,-0.10,ACTIVE,NONE,6980,0,P,P,0.00,released,RELEASED
2026-05-20 20:32:25.876,279.8574,,slider,1,0,0.00,-0.00,-0.10,ACTIVE,NONE,6990,0,P,P,0.00,released,RELEASED
2026-05-20 20:32:26.276,280.2571,,slider,1,0,-103.30,-50.71,-25.70,ACTIVE,NONE,7000,0,P,P,0.00,released,RELEASED
2026-05-20 20:32:26.681,280.6621,,slider,1,0,0.00,-38.71,-59.00,ACTIVE,NONE,7010,0,P,P,0.00,released,RELEASED
2026-05-20 20:32:27.083,281.0641,,slider,1,0,-107.56,-55.59,-37.80,ACTIVE,NONE,7020,0,P,P,0.00,released,RELEASED
2026-05-20 20:32:27.483,281.4641,,slider,1,0,-264.26,-127.59,-103.10,ACTIVE,NONE,7030,0,P,P,0.00,released,RELEASED
2026-05-20 20:32:27.883,281.8643,,slider,1,0,-65.95,-181.59,-176.50,ACTIVE,NONE,7040,0,P,P,0.00,released,RELEASED
2026-05-20 20:32:28.283,282.2641,,slider,1,0,-28.16,-109.59,-135.50,ACTIVE,NONE,7050,0,P,P,0.00,released,RELEASED
2026-05-20 20:32:28.683,282.6642,,slider,1,0,-25.06,-37.59,-60.90,ACTIVE,NONE,7060,0,P,P,0.00,released,RELEASED
2026-05-20 20:32:29.085,283.0666,,slider,1,0,0.00,-6.90,-16.80,ACTIVE,NONE,7070,0,P,P,0.00,released,RELEASED
2026-05-20 20:32:29.485,283.4666,,slider,1,0,0.00,-0.34,-1.70,ACTIVE,NONE,7080,0,P,P,0.00,released,RELEASED
2026-05-20 20:32:29.886,283.8668,,slider,1,0,0.00,-0.02,-0.10,ACTIVE,NONE,7090,0,P,P,0.00,released,RELEASED
2026-05-20 20:32:30.286,284.2675,,slider,1,0,0.00,-0.00,0.20,ACTIVE,NONE,7100,0,P,P,0.00,released,RELEASED
2026-05-20 20:32:30.686,284.6671,,slider,1,0,0.00,-0.00,0.20,ACTIVE,NONE,7110,0,P,P,0.00,released,RELEASED
2026-05-20 20:32:31.086,285.0670,,slider,1,0,0.00,-0.00,0.20,ACTIVE,NONE,7120,0,P,P,0.00,released,RELEASED
2026-05-20 20:32:31.486,285.4668,,slider,1,0,0.00,-0.00,0.20,ACTIVE,NONE,7130,0,P,P,0.00,released,RELEASED
2026-05-20 20:32:31.886,285.8672,,slider,1,0,0.00,-0.00,0.00,ACTIVE,NONE,7140,0,P,P,0.00,released,RELEASED
2026-05-20 20:32:32.286,286.2673,,slider,1,0,0.00,-0.00,0.00,ACTIVE,NONE,7150,0,P,P,0.00,released,RELEASED
2026-05-20 20:32:32.686,286.6672,,slider,1,0,0.00,-0.00,0.00,ACTIVE,NONE,7160,0,P,P,0.00,released,RELEASED
2026-05-20 20:32:33.086,287.0671,,slider,1,0,0.00,-0.00,-0.10,ACTIVE,NONE,7170,0,P,P,0.00,released,RELEASED
2026-05-20 20:32:33.486,287.4667,,slider,1,0,0.00,-0.00,-0.10,ACTIVE,NONE,7180,0,P,P,0.00,released,RELEASED
2026-05-20 20:32:33.886,287.8673,,slider,1,0,0.00,-0.00,-0.10,ACTIVE,NONE,7190,0,P,P,0.00,released,RELEASED
2026-05-20 20:32:34.286,288.2674,,slider,1,0,0.00,-0.00,-0.10,ACTIVE,NONE,7200,0,P,P,0.00,released,RELEASED
2026-05-20 20:32:34.686,288.6671,,slider,1,0,0.00,-0.00,0.00,ACTIVE,NONE,7210,0,P,P,0.00,released,RELEASED
2026-05-20 20:32:35.086,289.0667,,slider,1,0,0.00,-0.00,0.00,ACTIVE,NONE,7220,0,P,P,0.00,released,RELEASED
2026-05-20 20:32:35.486,289.4670,,slider,1,0,0.00,-0.00,0.00,ACTIVE,NONE,7230,0,P,P,0.00,released,RELEASED
2026-05-20 20:32:35.886,289.8673,,slider,1,0,0.00,-0.00,0.00,ACTIVE,NONE,7240,0,P,P,0.00,released,RELEASED
2026-05-20 20:32:36.286,290.2676,,slider,1,0,0.00,-0.00,0.00,ACTIVE,NONE,7250,0,P,P,0.00,released,RELEASED
2026-05-20 20:32:36.686,290.6674,,slider,1,0,0.00,-0.00,0.00,ACTIVE,NONE,7260,0,P,P,0.00,released,RELEASED
2026-05-20 20:32:37.086,291.0674,,slider,1,0,0.00,-0.00,0.00,ACTIVE,NONE,7270,0,P,P,0.00,released,RELEASED
2026-05-20 20:32:37.486,291.4676,,slider,1,0,0.00,-0.00,0.00,ACTIVE,NONE,7280,0,P,P,0.00,released,RELEASED
2026-05-20 20:32:37.886,291.8676,,slider,1,0,0.00,-0.00,0.00,ACTIVE,NONE,7290,0,P,P,0.00,released,RELEASED
2026-05-20 20:32:38.286,292.2677,,slider,1,0,0.00,-0.00,0.00,ACTIVE,NONE,7300,0,P,P,0.00,released,RELEASED
2026-05-20 20:32:38.686,292.6676,,slider,1,0,0.00,-0.00,0.00,ACTIVE,NONE,7310,0,P,P,0.00,released,RELEASED
2026-05-20 20:32:39.087,293.0677,,slider,1,0,0.00,-0.00,0.00,ACTIVE,NONE,7320,0,P,P,0.00,released,RELEASED
2026-05-20 20:32:39.486,293.4676,,slider,1,0,0.00,-0.00,0.00,ACTIVE,NONE,7330,0,P,P,0.00,released,RELEASED
2026-05-20 20:32:39.887,293.8680,,slider,1,0,0.00,-0.00,0.00,ACTIVE,NONE,7340,0,P,P,0.00,released,RELEASED
2026-05-20 20:32:40.286,294.2676,,slider,1,0,0.00,-0.00,0.00,ACTIVE,NONE,7350,0,P,P,0.00,released,RELEASED
2026-05-20 20:32:40.686,294.6675,,slider,1,0,0.00,-0.00,0.00,ACTIVE,NONE,7360,0,P,P,0.00,released,RELEASED
2026-05-20 20:32:41.086,295.0676,,slider,1,0,0.00,-0.00,0.00,ACTIVE,NONE,7370,0,P,P,0.00,released,RELEASED
2026-05-20 20:32:41.487,295.4678,,slider,1,0,0.00,-0.00,0.00,ACTIVE,NONE,7380,0,P,P,0.00,released,RELEASED
2026-05-20 20:32:41.887,295.8680,,slider,1,0,0.00,-0.00,0.00,ACTIVE,NONE,7390,0,P,P,0.00,released,RELEASED
2026-05-20 20:32:42.287,296.2679,,slider,1,0,0.00,-0.00,0.00,ACTIVE,NONE,7400,0,P,P,0.00,released,RELEASED
2026-05-20 20:32:42.687,296.6677,,slider,1,0,0.00,-0.00,0.00,ACTIVE,NONE,7410,0,P,P,0.00,released,RELEASED
2026-05-20 20:32:43.087,297.0679,,slider,1,0,0.00,-0.00,0.00,ACTIVE,NONE,7420,0,P,P,0.00,released,RELEASED
2026-05-20 20:32:43.487,297.4679,,slider,1,0,0.00,-0.00,0.00,ACTIVE,NONE,7430,0,P,P,0.00,released,RELEASED
2026-05-20 20:32:43.887,297.8685,,slider,1,0,0.00,-0.00,0.00,ACTIVE,NONE,7440,0,P,P,0.00,released,RELEASED
2026-05-20 20:32:44.287,298.2685,,slider,1,0,0.00,-0.00,0.00,ACTIVE,NONE,7450,0,P,P,0.00,released,RELEASED
2026-05-20 20:32:44.687,298.6679,,slider,1,0,0.00,-0.00,0.00,ACTIVE,NONE,7460,0,P,P,0.00,released,RELEASED
2026-05-20 20:32:45.087,299.0679,,slider,1,0,0.00,-0.00,0.00,ACTIVE,NONE,7470,0,P,P,0.00,released,RELEASED
2026-05-20 20:32:45.487,299.4680,,slider,1,0,0.00,-0.00,0.00,ACTIVE,NONE,7480,0,P,P,0.00,released,RELEASED
2026-05-20 20:32:45.887,299.8680,,slider,1,0,0.00,-0.00,0.00,ACTIVE,NONE,7490,0,P,P,0.00,released,RELEASED
2026-05-20 20:32:46.287,300.2685,,slider,1,0,0.00,-0.00,0.00,ACTIVE,NONE,7500,0,P,P,0.00,released,RELEASED
2026-05-20 20:32:46.687,300.6682,,slider,1,0,0.00,-0.00,0.00,ACTIVE,NONE,7510,0,P,P,0.00,released,RELEASED
2026-05-20 20:32:47.087,301.0684,,slider,1,0,0.00,-0.00,0.00,ACTIVE,NONE,7520,0,P,P,0.00,released,RELEASED
2026-05-20 20:32:47.488,301.4689,,slider,1,0,0.00,-0.00,0.00,ACTIVE,NONE,7530,0,P,P,0.00,released,RELEASED
2026-05-20 20:32:47.887,301.8685,,slider,1,0,0.00,-0.00,0.00,ACTIVE,NONE,7540,0,P,P,0.00,released,RELEASED
2026-05-20 20:32:48.287,302.2686,,slider,1,0,0.00,-0.00,0.00,ACTIVE,NONE,7550,0,P,P,0.00,released,RELEASED
2026-05-20 20:32:48.687,302.6682,,slider,1,0,0.00,-0.00,0.00,ACTIVE,NONE,7560,0,P,P,0.00,released,RELEASED
2026-05-20 20:32:49.087,303.0683,,slider,1,0,0.00,-0.00,0.00,ACTIVE,NONE,7570,0,P,P,0.00,released,RELEASED
2026-05-20 20:32:49.487,303.4687,,slider,1,0,0.00,-0.00,0.00,ACTIVE,NONE,7580,0,P,P,0.00,released,RELEASED
2026-05-20 20:32:49.887,303.8684,,slider,1,0,0.00,-0.00,0.00,ACTIVE,NONE,7590,0,P,P,0.00,released,RELEASED
2026-05-20 20:32:50.287,304.2683,,slider,1,0,0.00,-0.00,0.00,ACTIVE,NONE,7600,0,P,P,0.00,released,RELEASED
2026-05-20 20:32:50.687,304.6683,,slider,1,0,0.00,-0.00,0.00,ACTIVE,NONE,7610,0,P,P,0.00,released,RELEASED
2026-05-20 20:32:51.088,305.0688,,slider,1,0,0.00,-0.00,0.00,ACTIVE,NONE,7620,0,P,P,0.00,released,RELEASED
2026-05-20 20:32:51.488,305.4690,,slider,1,0,0.00,-0.00,0.00,ACTIVE,NONE,7630,0,P,P,0.00,released,RELEASED
2026-05-20 20:32:51.887,305.8684,,slider,1,0,0.00,-0.00,0.00,ACTIVE,NONE,7640,0,P,P,0.00,released,RELEASED
2026-05-20 20:32:52.288,306.2692,,slider,1,0,0.00,-0.00,0.00,ACTIVE,NONE,7650,0,P,P,0.00,released,RELEASED
2026-05-20 20:32:52.687,306.6685,,slider,1,0,0.00,-0.00,0.00,ACTIVE,NONE,7660,0,P,P,0.00,released,RELEASED
2026-05-20 20:32:53.088,307.0689,,slider,1,0,0.00,-0.00,0.00,ACTIVE,NONE,7670,0,P,P,0.00,released,RELEASED
2026-05-20 20:32:53.487,307.4685,,slider,1,0,0.00,-0.00,0.00,ACTIVE,NONE,7680,0,P,P,0.00,released,RELEASED
2026-05-20 20:32:53.888,307.8687,,slider,1,0,0.00,-0.00,0.00,ACTIVE,NONE,7690,0,P,P,0.00,released,RELEASED
2026-05-20 20:32:54.288,308.2688,,slider,1,0,0.00,-0.00,0.00,ACTIVE,NONE,7700,0,P,P,0.00,released,RELEASED
2026-05-20 20:32:54.688,308.6687,,slider,1,0,0.00,-0.00,0.00,ACTIVE,NONE,7710,0,P,P,0.00,released,RELEASED
2026-05-20 20:32:55.087,309.0686,,slider,1,0,0.00,-0.00,0.00,ACTIVE,NONE,7720,0,P,P,0.00,released,RELEASED
2026-05-20 20:32:55.488,309.4687,,slider,1,0,0.00,-0.00,0.00,ACTIVE,NONE,7730,0,P,P,0.00,released,RELEASED
2026-05-20 20:32:55.888,309.8690,,slider,1,0,0.00,-0.00,0.00,ACTIVE,NONE,7740,0,P,P,0.00,released,RELEASED
2026-05-20 20:32:56.288,310.2691,,slider,1,0,0.00,-0.00,0.00,ACTIVE,NONE,7750,0,P,P,0.00,released,RELEASED
2026-05-20 20:32:56.688,310.6688,,slider,1,0,0.00,-0.00,0.00,ACTIVE,NONE,7760,0,P,P,0.00,released,RELEASED
2026-05-20 20:32:57.088,311.0692,,slider,1,0,0.00,-0.00,0.00,ACTIVE,NONE,7770,0,P,P,0.00,released,RELEASED
2026-05-20 20:32:57.488,311.4689,,slider,1,0,0.00,-0.00,0.00,ACTIVE,NONE,7780,0,P,P,0.00,released,RELEASED
2026-05-20 20:32:57.888,311.8692,,slider,1,0,0.00,-0.00,0.00,ACTIVE,NONE,7790,0,P,P,0.00,released,RELEASED
2026-05-20 20:32:58.289,312.2698,,slider,1,0,0.00,-0.00,0.00,ACTIVE,NONE,7800,0,P,P,0.00,released,RELEASED
2026-05-20 20:32:58.688,312.6696,,slider,1,0,0.00,-0.00,0.00,ACTIVE,NONE,7810,0,P,P,0.00,released,RELEASED
2026-05-20 20:32:59.088,313.0692,,slider,1,0,0.00,-0.00,0.00,ACTIVE,NONE,7820,0,P,P,0.00,released,RELEASED
2026-05-20 20:32:59.488,313.4696,,slider,1,0,0.00,-0.00,0.00,ACTIVE,NONE,7830,0,P,P,0.00,released,RELEASED
2026-05-20 20:32:59.888,313.8694,,slider,1,0,0.00,-0.00,0.00,ACTIVE,NONE,7840,0,P,P,0.00,released,RELEASED
2026-05-20 20:33:00.289,314.2697,,slider,1,0,0.00,-0.00,0.00,ACTIVE,NONE,7850,0,P,P,0.00,released,RELEASED
2026-05-20 20:33:00.689,314.6698,,slider,1,0,0.00,-0.00,0.00,ACTIVE,NONE,7860,0,P,P,0.00,released,RELEASED
2026-05-20 20:33:01.088,315.0694,,slider,1,0,0.00,-0.00,0.00,ACTIVE,NONE,7870,0,P,P,0.00,released,RELEASED
2026-05-20 20:33:01.488,315.4695,,slider,1,0,0.00,-0.00,0.00,ACTIVE,NONE,7880,0,P,P,0.00,released,RELEASED
2026-05-20 20:33:01.888,315.8692,,slider,1,0,0.00,-0.00,0.00,ACTIVE,NONE,7890,0,P,P,0.00,released,RELEASED
2026-05-20 20:33:02.288,316.2696,,slider,1,0,0.00,-0.00,0.00,ACTIVE,NONE,7900,0,P,P,0.00,released,RELEASED
2026-05-20 20:33:02.688,316.6696,,slider,1,0,0.00,-0.00,0.00,ACTIVE,NONE,7910,0,P,P,0.00,released,RELEASED
2026-05-20 20:33:03.088,317.0693,,slider,1,0,0.00,-0.00,0.00,ACTIVE,NONE,7920,0,P,P,0.00,released,RELEASED
2026-05-20 20:33:03.488,317.4697,,slider,1,0,0.00,-0.00,0.00,ACTIVE,NONE,7930,0,P,P,0.00,released,RELEASED
2026-05-20 20:33:03.889,317.8697,,slider,1,0,0.00,-0.00,0.00,ACTIVE,NONE,7940,0,P,P,0.00,released,RELEASED
2026-05-20 20:33:04.289,318.2697,,slider,1,0,0.00,-0.00,0.00,ACTIVE,NONE,7950,0,P,P,0.00,released,RELEASED
2026-05-20 20:33:04.688,318.6697,,slider,1,0,0.00,-0.00,0.00,ACTIVE,NONE,7960,0,P,P,0.00,released,RELEASED
2026-05-20 20:33:05.088,319.0696,,slider,1,0,0.00,-0.00,0.00,ACTIVE,NONE,7970,0,P,P,0.00,released,RELEASED
2026-05-20 20:33:05.489,319.4702,,slider,1,0,0.00,-0.00,0.00,ACTIVE,NONE,7980,0,P,P,0.00,released,RELEASED
2026-05-20 20:33:05.889,319.8703,,slider,1,0,0.00,-0.00,0.00,ACTIVE,NONE,7990,0,P,P,0.00,released,RELEASED
2026-05-20 20:33:06.289,320.2701,,slider,1,0,0.00,-0.00,0.00,ACTIVE,NONE,8000,0,P,P,0.00,released,RELEASED
2026-05-20 20:33:06.689,320.6698,,slider,1,0,0.00,-0.00,0.00,ACTIVE,NONE,8010,0,P,P,0.00,released,RELEASED
2026-05-20 20:33:07.089,321.0700,,slider,1,0,0.00,-0.00,0.00,ACTIVE,NONE,8020,0,P,P,0.00,released,RELEASED
2026-05-20 20:33:07.489,321.4699,,slider,1,0,0.00,-0.00,0.00,ACTIVE,NONE,8030,0,P,P,0.00,released,RELEASED
2026-05-20 20:33:07.889,321.8698,,slider,1,0,0.00,-0.00,0.00,ACTIVE,NONE,8040,0,P,P,0.00,released,RELEASED
2026-05-20 20:33:08.289,322.2701,,slider,1,0,0.00,-0.00,0.00,ACTIVE,NONE,8050,0,P,P,0.00,released,RELEASED
2026-05-20 20:33:08.689,322.6699,,slider,1,0,0.00,-0.00,0.00,ACTIVE,NONE,8060,0,P,P,0.00,released,RELEASED
2026-05-20 20:33:09.089,323.0700,,slider,1,0,0.00,-0.00,0.00,ACTIVE,NONE,8070,0,P,P,0.00,released,RELEASED
2026-05-20 20:33:09.489,323.4700,,slider,1,0,0.00,-0.00,0.00,ACTIVE,NONE,8080,0,P,P,0.00,released,RELEASED
2026-05-20 20:33:09.888,323.8697,,slider,1,0,0.00,-0.00,0.00,ACTIVE,NONE,8090,0,P,P,0.00,released,RELEASED
2026-05-20 20:33:10.289,324.2700,,slider,1,0,0.00,-0.00,0.00,ACTIVE,NONE,8100,0,P,P,0.00,released,RELEASED
2026-05-20 20:33:10.689,324.6701,,slider,1,0,0.00,-0.00,0.00,ACTIVE,NONE,8110,0,P,P,0.00,released,RELEASED
2026-05-20 20:33:11.089,325.0702,,slider,1,0,0.00,-0.00,0.00,ACTIVE,NONE,8120,0,P,P,0.00,released,RELEASED
2026-05-20 20:33:11.489,325.4702,,slider,1,0,0.00,-0.00,0.00,ACTIVE,NONE,8130,0,P,P,0.00,released,RELEASED
2026-05-20 20:33:11.889,325.8702,,slider,1,0,0.00,-0.00,0.00,ACTIVE,NONE,8140,0,P,P,0.00,released,RELEASED
2026-05-20 20:33:12.289,326.2703,,slider,1,0,0.00,-0.00,0.00,ACTIVE,NONE,8150,0,P,P,0.00,released,RELEASED
2026-05-20 20:33:12.689,326.6700,,slider,1,0,0.00,-0.00,0.00,ACTIVE,NONE,8160,0,P,P,0.00,released,RELEASED
2026-05-20 20:33:13.089,327.0704,,slider,1,0,0.00,-0.00,0.00,ACTIVE,NONE,8170,0,P,P,0.00,released,RELEASED
2026-05-20 20:33:13.489,327.4705,,slider,1,0,0.00,-0.00,0.00,ACTIVE,NONE,8180,0,P,P,0.00,released,RELEASED
2026-05-20 20:33:13.889,327.8702,,slider,1,0,0.00,-0.00,0.00,ACTIVE,NONE,8190,0,P,P,0.00,released,RELEASED
2026-05-20 20:33:14.289,328.2701,,slider,1,0,0.00,-0.00,0.00,ACTIVE,NONE,8200,0,P,P,0.00,released,RELEASED
2026-05-20 20:33:14.689,328.6703,,slider,1,0,0.00,-0.00,0.00,ACTIVE,NONE,8210,0,P,P,0.00,released,RELEASED
2026-05-20 20:33:15.089,329.0701,,slider,1,0,0.00,-0.00,0.00,ACTIVE,NONE,8220,0,P,P,0.00,released,RELEASED
2026-05-20 20:33:15.489,329.4703,,slider,1,0,0.00,-0.00,0.00,ACTIVE,NONE,8230,0,P,P,0.00,released,RELEASED
2026-05-20 20:33:15.889,329.8703,,slider,1,0,0.00,-0.00,0.00,ACTIVE,NONE,8240,0,P,P,0.00,released,RELEASED
2026-05-20 20:33:16.289,330.2703,,slider,1,0,0.00,-0.00,0.00,ACTIVE,NONE,8250,0,P,P,0.00,released,RELEASED
2026-05-20 20:33:16.689,330.6705,,slider,1,0,0.00,-0.00,0.00,ACTIVE,NONE,8260,0,P,P,0.00,released,RELEASED
2026-05-20 20:33:17.089,331.0706,,slider,1,0,0.00,-0.00,0.00,ACTIVE,NONE,8270,0,P,P,0.00,released,RELEASED
2026-05-20 20:33:17.489,331.4704,,slider,1,0,0.00,-0.00,0.00,ACTIVE,NONE,8280,0,P,P,0.00,released,RELEASED
2026-05-20 20:33:17.889,331.8703,,slider,1,0,0.00,-0.00,0.00,ACTIVE,NONE,8290,0,P,P,0.00,released,RELEASED
2026-05-20 20:33:18.289,332.2706,,slider,1,0,0.00,-0.00,0.00,ACTIVE,NONE,8300,0,P,P,0.00,released,RELEASED
2026-05-20 20:33:18.689,332.6704,,slider,1,0,0.00,-0.00,0.00,ACTIVE,NONE,8310,0,P,P,0.00,released,RELEASED
2026-05-20 20:33:19.089,333.0705,,slider,1,0,0.00,-0.00,0.00,ACTIVE,NONE,8320,0,P,P,0.00,released,RELEASED
2026-05-20 20:33:19.489,333.4706,,slider,1,0,0.00,-0.00,0.00,ACTIVE,NONE,8330,0,P,P,0.00,released,RELEASED
2026-05-20 20:33:19.889,333.8706,,slider,1,0,0.00,-0.00,0.00,ACTIVE,NONE,8340,0,P,P,0.00,released,RELEASED
2026-05-20 20:33:20.289,334.2706,,slider,1,0,0.00,-0.00,0.00,ACTIVE,NONE,8350,0,P,P,0.00,released,RELEASED
2026-05-20 20:33:20.689,334.6707,,slider,1,0,0.00,-0.00,0.00,ACTIVE,NONE,8360,0,P,P,0.00,released,RELEASED
2026-05-20 20:33:21.090,335.0707,,slider,1,0,0.00,-0.00,0.00,ACTIVE,NONE,8370,0,P,P,0.00,released,RELEASED
2026-05-20 20:33:21.490,335.4709,,slider,1,0,0.00,-0.00,0.00,ACTIVE,NONE,8380,0,P,P,0.00,released,RELEASED
2026-05-20 20:33:21.890,335.8708,,slider,1,0,0.00,-0.00,0.00,ACTIVE,NONE,8390,0,P,P,0.00,released,RELEASED
2026-05-20 20:33:22.290,336.2709,,slider,1,0,0.00,-0.00,0.00,ACTIVE,NONE,8400,0,P,P,0.00,released,RELEASED
2026-05-20 20:33:22.690,336.6710,,slider,1,0,0.00,-0.00,0.00,ACTIVE,NONE,8410,0,P,P,0.00,released,RELEASED
2026-05-20 20:33:23.090,337.0711,,slider,1,0,0.00,-0.00,0.00,ACTIVE,NONE,8420,0,P,P,0.00,released,RELEASED
2026-05-20 20:33:23.490,337.4712,,slider,1,0,0.00,-0.00,0.00,ACTIVE,NONE,8430,0,P,P,0.00,released,RELEASED
2026-05-20 20:33:23.890,337.8711,,slider,1,0,0.00,-0.00,0.00,ACTIVE,NONE,8440,0,P,P,0.00,released,RELEASED
2026-05-20 20:33:24.290,338.2712,,slider,1,0,0.00,-0.00,0.00,ACTIVE,NONE,8450,0,P,P,0.00,released,RELEASED
2026-05-20 20:33:24.690,338.6714,,slider,1,0,0.00,-0.00,0.00,ACTIVE,NONE,8460,0,P,P,0.00,released,RELEASED
2026-05-20 20:33:25.090,339.0712,,slider,1,0,0.00,-0.00,0.00,ACTIVE,NONE,8470,0,P,P,0.00,released,RELEASED
2026-05-20 20:33:25.490,339.4714,,slider,1,0,0.00,-0.00,0.00,ACTIVE,NONE,8480,0,P,P,0.00,released,RELEASED
2026-05-20 20:33:25.890,339.8714,,slider,1,0,0.00,-0.00,0.00,ACTIVE,NONE,8490,0,P,P,0.00,released,RELEASED
2026-05-20 20:33:26.290,340.2714,,slider,1,0,0.00,-0.00,0.00,ACTIVE,NONE,8500,0,P,P,0.00,released,RELEASED
2026-05-20 20:33:26.690,340.6714,,slider,1,0,0.00,-0.00,0.00,ACTIVE,NONE,8510,0,P,P,0.00,released,RELEASED
2026-05-20 20:33:27.090,341.0714,,slider,1,0,0.00,-0.00,0.00,ACTIVE,NONE,8520,0,P,P,0.00,released,RELEASED
2026-05-20 20:33:27.490,341.4714,,slider,1,0,0.00,-0.00,0.00,ACTIVE,NONE,8530,0,P,P,0.00,released,RELEASED
2026-05-20 20:33:27.890,341.8715,,slider,1,0,0.00,-0.00,0.00,ACTIVE,NONE,8540,0,P,P,0.00,released,RELEASED
2026-05-20 20:33:28.290,342.2715,,slider,1,0,0.00,-0.00,0.00,ACTIVE,NONE,8550,0,P,P,0.00,released,RELEASED
2026-05-20 20:33:28.690,342.6716,,slider,1,0,0.00,-0.00,0.00,ACTIVE,NONE,8560,0,P,P,0.00,released,RELEASED
2026-05-20 20:33:29.090,343.0717,,slider,1,0,0.00,-0.00,0.00,ACTIVE,NONE,8570,0,P,P,0.00,released,RELEASED
2026-05-20 20:33:29.491,343.4717,,slider,1,0,0.00,-0.00,0.00,ACTIVE,NONE,8580,0,P,P,0.00,released,RELEASED
2026-05-20 20:33:29.891,343.8717,,slider,1,0,0.00,-0.00,0.00,ACTIVE,NONE,8590,0,P,P,0.00,released,RELEASED
2026-05-20 20:33:30.291,344.2717,,slider,1,0,0.00,-0.00,0.00,ACTIVE,NONE,8600,0,P,P,0.00,released,RELEASED
2026-05-20 20:33:30.691,344.6718,,slider,1,0,0.00,-0.00,0.00,ACTIVE,NONE,8610,0,P,P,0.00,released,RELEASED
2026-05-20 20:33:31.091,345.0720,,slider,1,0,0.00,-0.00,0.00,ACTIVE,NONE,8620,0,P,P,0.00,released,RELEASED
2026-05-20 20:33:31.491,345.4720,,slider,1,0,0.00,-0.00,0.00,ACTIVE,NONE,8630,0,P,P,0.00,released,RELEASED
2026-05-20 20:33:31.891,345.8720,,slider,1,0,0.00,-0.00,0.00,ACTIVE,NONE,8640,0,P,P,0.00,released,RELEASED
2026-05-20 20:33:32.291,346.2719,,slider,1,0,0.00,-0.00,0.00,ACTIVE,NONE,8650,0,P,P,0.00,released,RELEASED
2026-05-20 20:33:32.691,346.6721,,slider,1,0,0.00,-0.00,0.00,ACTIVE,NONE,8660,0,P,P,0.00,released,RELEASED
2026-05-20 20:33:33.091,347.0720,,slider,1,0,0.00,-0.00,0.00,ACTIVE,NONE,8670,0,P,P,0.00,released,RELEASED
2026-05-20 20:33:33.491,347.4720,,slider,1,0,0.00,-0.00,0.00,ACTIVE,NONE,8680,0,P,P,0.00,released,RELEASED
2026-05-20 20:33:33.891,347.8720,,slider,1,0,0.00,-0.00,0.00,ACTIVE,NONE,8690,0,P,P,0.00,released,RELEASED
2026-05-20 20:33:34.291,348.2720,,slider,1,0,0.00,-0.00,0.00,ACTIVE,NONE,8700,0,P,P,0.00,released,RELEASED
2026-05-20 20:33:34.691,348.6721,,slider,1,0,0.00,-0.00,0.00,ACTIVE,NONE,8710,0,P,P,0.00,released,RELEASED
2026-05-20 20:33:35.091,349.0722,,slider,1,0,0.00,-0.00,0.00,ACTIVE,NONE,8720,0,P,P,0.00,released,RELEASED
2026-05-20 20:33:35.491,349.4722,,slider,1,0,0.00,-0.00,0.00,ACTIVE,NONE,8730,0,P,P,0.00,released,RELEASED
2026-05-20 20:33:35.891,349.8722,,slider,1,0,0.00,-0.00,0.00,ACTIVE,NONE,8740,0,P,P,0.00,released,RELEASED
2026-05-20 20:33:36.291,350.2722,,slider,1,0,0.00,-0.00,0.00,ACTIVE,NONE,8750,0,P,P,0.00,released,RELEASED
2026-05-20 20:33:36.691,350.6724,,slider,1,0,0.00,-0.00,0.00,ACTIVE,NONE,8760,0,P,P,0.00,released,RELEASED
2026-05-20 20:33:37.091,351.0725,,slider,1,0,0.00,-0.00,0.00,ACTIVE,NONE,8770,0,P,P,0.00,released,RELEASED
2026-05-20 20:33:37.491,351.4723,,slider,1,0,0.00,-0.00,0.00,ACTIVE,NONE,8780,0,P,P,0.00,released,RELEASED
2026-05-20 20:33:37.891,351.8723,,slider,1,0,0.00,-0.00,0.00,ACTIVE,NONE,8790,0,P,P,0.00,released,RELEASED
2026-05-20 20:33:38.291,352.2724,,slider,1,0,0.00,-0.00,0.00,ACTIVE,NONE,8800,0,P,P,0.00,released,RELEASED
2026-05-20 20:33:38.691,352.6724,,slider,1,0,0.00,-0.00,0.00,ACTIVE,NONE,8810,0,P,P,0.00,released,RELEASED
2026-05-20 20:33:39.091,353.0725,,slider,1,0,0.00,-0.00,0.00,ACTIVE,NONE,8820,0,P,P,0.00,released,RELEASED
2026-05-20 20:33:39.491,353.4725,,slider,1,0,0.00,-0.00,0.00,ACTIVE,NONE,8830,0,P,P,0.00,released,RELEASED
2026-05-20 20:33:39.891,353.8725,,slider,1,0,0.00,-0.00,0.00,ACTIVE,NONE,8840,0,P,P,0.00,released,RELEASED
2026-05-20 20:33:40.291,354.2725,,slider,1,0,0.00,-0.00,0.00,ACTIVE,NONE,8850,0,P,P,0.00,released,RELEASED
2026-05-20 20:33:40.691,354.6726,,slider,1,0,0.00,-0.00,0.00,ACTIVE,NONE,8860,0,P,P,0.00,released,RELEASED
2026-05-20 20:33:41.092,355.0727,,slider,1,0,0.00,-0.00,0.00,ACTIVE,NONE,8870,0,P,P,0.00,released,RELEASED
2026-05-20 20:33:41.492,355.4728,,slider,1,0,0.00,-0.00,0.00,ACTIVE,NONE,8880,0,P,P,0.00,released,RELEASED
2026-05-20 20:33:41.891,355.8727,,slider,1,0,0.00,-0.00,0.00,ACTIVE,NONE,8890,0,P,P,0.00,released,RELEASED
2026-05-20 20:33:42.292,356.2728,,slider,1,0,0.00,-0.00,0.00,ACTIVE,NONE,8900,0,P,P,0.00,released,RELEASED
2026-05-20 20:33:42.692,356.6731,,slider,1,0,0.00,-0.00,0.00,ACTIVE,NONE,8910,0,P,P,0.00,released,RELEASED
2026-05-20 20:33:43.092,357.0729,,slider,1,0,0.00,-0.00,0.00,ACTIVE,NONE,8920,0,P,P,0.00,released,RELEASED
2026-05-20 20:33:43.492,357.4733,,slider,1,0,0.00,-0.00,0.00,ACTIVE,NONE,8930,0,P,P,0.00,released,RELEASED
2026-05-20 20:33:43.892,357.8729,,slider,1,0,0.00,-0.00,0.00,ACTIVE,NONE,8940,0,P,P,0.00,released,RELEASED
2026-05-20 20:33:44.292,358.2733,,slider,1,0,0.00,-0.00,0.00,ACTIVE,NONE,8950,0,P,P,0.00,released,RELEASED
2026-05-20 20:33:44.692,358.6730,,slider,1,0,0.00,-0.00,0.00,ACTIVE,NONE,8960,0,P,P,0.00,released,RELEASED
2026-05-20 20:33:45.092,359.0733,,slider,1,0,0.00,-0.00,0.00,ACTIVE,NONE,8970,0,P,P,0.00,released,RELEASED
2026-05-20 20:33:45.492,359.4732,,slider,1,0,0.00,-0.00,0.00,ACTIVE,NONE,8980,0,P,P,0.00,released,RELEASED
2026-05-20 20:33:45.892,359.8732,,slider,1,0,0.00,-0.00,0.00,ACTIVE,NONE,8990,0,P,P,0.00,released,RELEASED
2026-05-20 20:33:46.292,360.2730,,slider,1,0,0.00,-0.00,0.00,ACTIVE,NONE,9000,0,P,P,0.00,released,RELEASED
2026-05-20 20:33:46.692,360.6731,,slider,1,0,0.00,-0.00,0.00,ACTIVE,NONE,9010,0,P,P,0.00,released,RELEASED
2026-05-20 20:33:47.092,361.0731,,slider,1,0,0.00,-0.00,0.00,ACTIVE,NONE,9020,0,P,P,0.00,released,RELEASED
2026-05-20 20:33:47.492,361.4733,,slider,1,0,0.00,-0.00,0.00,ACTIVE,NONE,9030,0,P,P,0.00,released,RELEASED
2026-05-20 20:33:47.892,361.8732,,slider,1,0,0.00,-0.00,0.00,ACTIVE,NONE,9040,0,P,P,0.00,released,RELEASED
2026-05-20 20:33:48.292,362.2733,,slider,1,0,0.00,-0.00,0.00,ACTIVE,NONE,9050,0,P,P,0.00,released,RELEASED
2026-05-20 20:33:48.692,362.6733,,slider,1,0,0.00,-0.00,0.00,ACTIVE,NONE,9060,0,P,P,0.00,released,RELEASED
2026-05-20 20:33:49.092,363.0734,,slider,1,0,0.00,-0.00,0.00,ACTIVE,NONE,9070,0,P,P,0.00,released,RELEASED
2026-05-20 20:33:49.492,363.4733,,slider,1,0,0.00,-0.00,0.00,ACTIVE,NONE,9080,0,P,P,0.00,released,RELEASED
2026-05-20 20:33:49.892,363.8733,,slider,1,0,0.00,-0.00,0.00,ACTIVE,NONE,9090,0,P,P,0.00,released,RELEASED
2026-05-20 20:33:50.292,364.2733,,slider,1,0,0.00,-0.00,0.00,ACTIVE,NONE,9100,0,P,P,0.00,released,RELEASED
2026-05-20 20:33:50.692,364.6734,,slider,1,0,0.00,-0.00,0.00,ACTIVE,NONE,9110,0,P,P,0.00,released,RELEASED
2026-05-20 20:33:51.092,365.0736,,slider,1,0,0.00,-0.00,0.00,ACTIVE,NONE,9120,0,P,P,0.00,released,RELEASED
2026-05-20 20:33:51.492,365.4735,,slider,1,0,0.00,-0.00,0.00,ACTIVE,NONE,9130,0,P,P,0.00,released,RELEASED
2026-05-20 20:33:51.892,365.8735,,slider,1,0,0.00,-0.00,0.00,ACTIVE,NONE,9140,0,P,P,0.00,released,RELEASED
2026-05-20 20:33:52.292,366.2736,,slider,1,0,0.00,-0.00,0.00,ACTIVE,NONE,9150,0,P,P,0.00,released,RELEASED
2026-05-20 20:33:52.692,366.6735,,slider,1,0,0.00,-0.00,0.00,ACTIVE,NONE,9160,0,P,P,0.00,released,RELEASED
2026-05-20 20:33:53.092,367.0736,,slider,1,0,0.00,-0.00,0.00,ACTIVE,NONE,9170,0,P,P,0.00,released,RELEASED
2026-05-20 20:33:53.492,367.4735,,slider,1,0,0.00,-0.00,0.00,ACTIVE,NONE,9180,0,P,P,0.00,released,RELEASED
2026-05-20 20:33:53.892,367.8736,,slider,1,0,0.00,-0.00,0.00,ACTIVE,NONE,9190,0,P,P,0.00,released,RELEASED
2026-05-20 20:33:54.292,368.2736,,slider,1,0,0.00,-0.00,0.00,ACTIVE,NONE,9200,0,P,P,0.00,released,RELEASED
2026-05-20 20:33:54.692,368.6736,,slider,1,0,0.00,-0.00,0.00,ACTIVE,NONE,9210,0,P,P,0.00,released,RELEASED
2026-05-20 20:33:55.092,369.0737,,slider,1,0,0.00,-0.00,0.00,ACTIVE,NONE,9220,0,P,P,0.00,released,RELEASED
2026-05-20 20:33:55.493,369.4737,,slider,1,0,0.00,-0.00,0.00,ACTIVE,NONE,9230,0,P,P,0.00,released,RELEASED
2026-05-20 20:33:55.893,369.8738,,slider,1,0,0.00,-0.00,0.00,ACTIVE,NONE,9240,0,P,P,0.00,released,RELEASED
2026-05-20 20:33:56.293,370.2738,,slider,1,0,0.00,-0.00,0.00,ACTIVE,NONE,9250,0,P,P,0.00,released,RELEASED
2026-05-20 20:33:56.693,370.6738,,slider,1,0,0.00,-0.00,0.00,ACTIVE,NONE,9260,0,P,P,0.00,released,RELEASED
2026-05-20 20:33:57.093,371.0739,,slider,1,0,0.00,-0.00,0.00,ACTIVE,NONE,9270,0,P,P,0.00,released,RELEASED
2026-05-20 20:33:57.493,371.4739,,slider,1,0,0.00,-0.00,0.00,ACTIVE,NONE,9280,0,P,P,0.00,released,RELEASED
2026-05-20 20:33:57.893,371.8740,,slider,1,0,0.00,-0.00,0.00,ACTIVE,NONE,9290,0,P,P,0.00,released,RELEASED
2026-05-20 20:33:58.293,372.2742,,slider,1,0,0.00,-0.00,0.00,ACTIVE,NONE,9300,0,P,P,0.00,released,RELEASED
2026-05-20 20:33:58.693,372.6740,,slider,1,0,0.00,-0.00,0.00,ACTIVE,NONE,9310,0,P,P,0.00,released,RELEASED
2026-05-20 20:33:59.093,373.0741,,slider,1,0,0.00,-0.00,0.00,ACTIVE,NONE,9320,0,P,P,0.00,released,RELEASED
2026-05-20 20:33:59.493,373.4741,,slider,1,0,0.00,-0.00,0.00,ACTIVE,NONE,9330,0,P,P,0.00,released,RELEASED
2026-05-20 20:33:59.893,373.8741,,slider,1,0,0.00,-0.00,0.00,ACTIVE,NONE,9340,0,P,P,0.00,released,RELEASED
2026-05-20 20:34:00.293,374.2742,,slider,1,0,0.00,-0.00,0.00,ACTIVE,NONE,9350,0,P,P,0.00,released,RELEASED
2026-05-20 20:34:00.693,374.6742,,slider,1,0,0.00,-0.00,0.00,ACTIVE,NONE,9360,0,P,P,0.00,released,RELEASED
2026-05-20 20:34:01.093,375.0742,,slider,1,0,0.00,-0.00,0.00,ACTIVE,NONE,9370,0,P,P,0.00,released,RELEASED
2026-05-20 20:34:01.493,375.4743,,slider,1,0,0.00,-0.00,0.00,ACTIVE,NONE,9380,0,P,P,0.00,released,RELEASED
2026-05-20 20:34:01.893,375.8743,,slider,1,0,0.00,-0.00,0.00,ACTIVE,NONE,9390,0,P,P,0.00,released,RELEASED
2026-05-20 20:34:02.293,376.2743,,slider,1,0,0.00,-0.00,0.00,ACTIVE,NONE,9400,0,P,P,0.00,released,RELEASED
2026-05-20 20:34:02.693,376.6744,,slider,1,0,0.00,-0.00,0.00,ACTIVE,NONE,9410,0,P,P,0.00,released,RELEASED
2026-05-20 20:34:03.093,377.0744,,slider,1,0,0.00,-0.00,0.00,ACTIVE,NONE,9420,0,P,P,0.00,released,RELEASED
2026-05-20 20:34:03.493,377.4744,,slider,1,0,0.00,-0.00,0.00,ACTIVE,NONE,9430,0,P,P,0.00,released,RELEASED
2026-05-20 20:34:03.893,377.8745,,slider,1,0,0.00,-0.00,0.00,ACTIVE,NONE,9440,0,P,P,0.00,released,RELEASED
2026-05-20 20:34:04.293,378.2745,,slider,1,0,0.00,-0.00,0.00,ACTIVE,NONE,9450,0,P,P,0.00,released,RELEASED
2026-05-20 20:34:04.693,378.6746,,slider,1,0,0.00,-0.00,0.00,ACTIVE,NONE,9460,0,P,P,0.00,released,RELEASED
2026-05-20 20:34:05.093,379.0746,,slider,1,0,0.00,-0.00,0.00,ACTIVE,NONE,9470,0,P,P,0.00,released,RELEASED
2026-05-20 20:34:05.493,379.4747,,slider,1,0,0.00,-0.00,0.00,ACTIVE,NONE,9480,0,P,P,0.00,released,RELEASED
2026-05-20 20:34:05.893,379.8746,,slider,1,0,0.00,-0.00,0.00,ACTIVE,NONE,9490,0,P,P,0.00,released,RELEASED
2026-05-20 20:34:06.293,380.2747,,slider,1,0,0.00,-0.00,0.00,ACTIVE,NONE,9500,0,P,P,0.00,released,RELEASED
2026-05-20 20:34:06.693,380.6747,,slider,1,0,0.00,-0.00,0.00,ACTIVE,NONE,9510,0,P,P,0.00,released,RELEASED
2026-05-20 20:34:07.094,381.0748,,slider,1,0,0.00,-0.00,0.00,ACTIVE,NONE,9520,0,P,P,0.00,released,RELEASED
2026-05-20 20:34:07.494,381.4747,,slider,1,0,0.00,-0.00,0.00,ACTIVE,NONE,9530,0,P,P,0.00,released,RELEASED
2026-05-20 20:34:07.894,381.8747,,slider,1,0,0.00,-0.00,0.00,ACTIVE,NONE,9540,0,P,P,0.00,released,RELEASED
2026-05-20 20:34:08.294,382.2747,,slider,1,0,0.00,-0.00,0.00,ACTIVE,NONE,9550,0,P,P,0.00,released,RELEASED
2026-05-20 20:34:08.694,382.6748,,slider,1,0,0.00,-0.00,0.00,ACTIVE,NONE,9560,0,P,P,0.00,released,RELEASED
2026-05-20 20:34:09.094,383.0748,,slider,1,0,0.00,-0.00,0.00,ACTIVE,NONE,9570,0,P,P,0.00,released,RELEASED
2026-05-20 20:34:09.494,383.4749,,slider,1,0,0.00,-0.00,0.00,ACTIVE,NONE,9580,0,P,P,0.00,released,RELEASED
2026-05-20 20:34:09.894,383.8749,,slider,1,0,0.00,-0.00,0.00,ACTIVE,NONE,9590,0,P,P,0.00,released,RELEASED
2026-05-20 20:34:10.294,384.2749,,slider,1,0,0.00,-0.00,0.00,ACTIVE,NONE,9600,0,P,P,0.00,released,RELEASED
2026-05-20 20:34:10.694,384.6750,,slider,1,0,0.00,-0.00,0.00,ACTIVE,NONE,9610,0,P,P,0.00,released,RELEASED
2026-05-20 20:34:11.094,385.0750,,slider,1,0,0.00,-0.00,0.00,ACTIVE,NONE,9620,0,P,P,0.00,released,RELEASED
2026-05-20 20:34:11.494,385.4750,,slider,1,0,0.00,-0.00,0.00,ACTIVE,NONE,9630,0,P,P,0.00,released,RELEASED
2026-05-20 20:34:11.894,385.8750,,slider,1,0,0.00,-0.00,0.00,ACTIVE,NONE,9640,0,P,P,0.00,released,RELEASED
2026-05-20 20:34:12.294,386.2751,,slider,1,0,0.00,-0.00,0.00,ACTIVE,NONE,9650,0,P,P,0.00,released,RELEASED
2026-05-20 20:34:12.694,386.6751,,slider,1,0,0.00,-0.00,0.00,ACTIVE,NONE,9660,0,P,P,0.00,released,RELEASED
2026-05-20 20:34:13.094,387.0751,,slider,1,0,0.00,-0.00,0.00,ACTIVE,NONE,9670,0,P,P,0.00,released,RELEASED
2026-05-20 20:34:13.494,387.4752,,slider,1,0,0.00,-0.00,0.00,ACTIVE,NONE,9680,0,P,P,0.00,released,RELEASED
2026-05-20 20:34:13.894,387.8753,,slider,1,0,0.00,-0.00,0.00,ACTIVE,NONE,9690,0,P,P,0.00,released,RELEASED
2026-05-20 20:34:14.295,388.2757,,slider,1,0,0.00,-0.00,0.00,ACTIVE,NONE,9700,0,P,P,0.00,released,RELEASED
2026-05-20 20:34:14.694,388.6756,,slider,1,0,0.00,-0.00,0.00,ACTIVE,NONE,9710,0,P,P,0.00,released,RELEASED
2026-05-20 20:34:15.094,389.0756,,slider,1,0,0.00,-0.00,0.00,ACTIVE,NONE,9720,0,P,P,0.00,released,RELEASED
2026-05-20 20:34:15.495,389.4757,,slider,1,0,0.00,-0.00,0.00,ACTIVE,NONE,9730,0,P,P,0.00,released,RELEASED
2026-05-20 20:34:15.894,389.8756,,slider,1,0,0.00,-0.00,0.00,ACTIVE,NONE,9740,0,P,P,0.00,released,RELEASED
2026-05-20 20:34:16.294,390.2756,,slider,1,0,0.00,-0.00,0.00,ACTIVE,NONE,9750,0,P,P,0.00,released,RELEASED
2026-05-20 20:34:16.694,390.6756,,slider,1,0,0.00,-0.00,0.00,ACTIVE,NONE,9760,0,P,P,0.00,released,RELEASED
2026-05-20 20:34:17.095,391.0757,,slider,1,0,0.00,-0.00,0.00,ACTIVE,NONE,9770,0,P,P,0.00,released,RELEASED
2026-05-20 20:34:17.495,391.4759,,slider,1,0,0.00,-0.00,0.00,ACTIVE,NONE,9780,0,P,P,0.00,released,RELEASED
2026-05-20 20:34:17.895,391.8758,,slider,1,0,0.00,-0.00,0.00,ACTIVE,NONE,9790,0,P,P,0.00,released,RELEASED
2026-05-20 20:34:18.276,392.2577,,slider,1,0,0.00,-0.00,0.00,ACTIVE,NONE,9800,0,P,P,0.00,released,RELEASED
2026-05-20 20:34:18.676,392.6576,,slider,1,0,0.00,-0.00,0.00,ACTIVE,NONE,9810,0,P,P,0.00,released,RELEASED
2026-05-20 20:34:19.095,393.0760,,slider,1,0,0.00,-0.00,0.00,ACTIVE,NONE,9820,0,P,P,0.00,released,RELEASED
2026-05-20 20:34:19.495,393.4760,,slider,1,0,0.00,-0.00,0.00,ACTIVE,NONE,9830,0,P,P,0.00,released,RELEASED
2026-05-20 20:34:19.895,393.8760,,slider,1,0,0.00,-0.00,0.00,ACTIVE,NONE,9840,0,P,P,0.00,released,RELEASED
2026-05-20 20:34:20.277,394.2582,,slider,1,0,0.00,-0.00,0.00,ACTIVE,NONE,9850,0,P,P,0.00,released,RELEASED
2026-05-20 20:34:20.695,394.6762,,slider,1,0,0.00,-0.00,0.00,ACTIVE,NONE,9860,0,P,P,0.00,released,RELEASED
2026-05-20 20:34:21.095,395.0763,,slider,1,0,0.00,-0.00,0.00,ACTIVE,NONE,9870,0,P,P,0.00,released,RELEASED
2026-05-20 20:34:21.495,395.4763,,slider,1,0,0.00,-0.00,0.00,ACTIVE,NONE,9880,0,P,P,0.00,released,RELEASED
2026-05-20 20:34:21.876,395.8577,,slider,1,0,0.00,-0.00,0.00,ACTIVE,NONE,9890,0,P,P,0.00,released,RELEASED
2026-05-20 20:34:22.277,396.2578,,slider,1,0,0.00,-0.00,0.00,ACTIVE,NONE,9900,0,P,P,0.00,released,RELEASED
2026-05-20 20:34:22.676,396.6577,,slider,1,0,0.00,-0.00,0.00,ACTIVE,NONE,9910,0,P,P,0.00,released,RELEASED
2026-05-20 20:34:23.095,397.0764,,slider,1,0,0.00,-0.00,0.00,ACTIVE,NONE,9920,0,P,P,0.00,released,RELEASED
2026-05-20 20:34:23.476,397.4575,,slider,1,0,0.00,-0.00,0.00,ACTIVE,NONE,9930,0,P,P,0.00,released,RELEASED
2026-05-20 20:34:23.877,397.8577,,slider,1,0,0.00,-0.00,0.00,ACTIVE,NONE,9940,0,P,P,0.00,released,RELEASED
2026-05-20 20:34:24.277,398.2578,,slider,1,0,0.00,-0.00,0.00,ACTIVE,NONE,9950,0,P,P,0.00,released,RELEASED
2026-05-20 20:34:24.695,398.6765,,slider,1,0,0.00,-0.00,0.00,ACTIVE,NONE,9960,0,P,P,0.00,released,RELEASED
2026-05-20 20:34:25.077,399.0577,,slider,1,0,0.00,-0.00,0.00,ACTIVE,NONE,9970,0,P,P,0.00,released,RELEASED
2026-05-20 20:34:25.477,399.4579,,slider,1,0,0.00,-0.00,0.00,ACTIVE,NONE,9980,0,P,P,0.00,released,RELEASED
2026-05-20 20:34:25.877,399.8577,,slider,1,0,0.00,-0.00,0.00,ACTIVE,NONE,9990,0,P,P,0.00,released,RELEASED
2026-05-20 20:34:26.277,400.2579,,slider,1,0,0.00,-0.00,0.00,ACTIVE,NONE,10000,0,P,P,0.00,released,RELEASED
2026-05-20 20:34:26.677,400.6579,,slider,1,0,0.00,-0.00,0.00,ACTIVE,NONE,10010,0,P,P,0.00,released,RELEASED
2026-05-20 20:34:27.077,401.0579,,slider,1,0,0.00,-0.00,0.00,ACTIVE,NONE,10020,0,P,P,0.00,released,RELEASED
2026-05-20 20:34:27.477,401.4580,,slider,1,0,0.00,-0.00,0.00,ACTIVE,NONE,10030,0,P,P,0.00,released,RELEASED
2026-05-20 20:34:27.877,401.8579,,slider,1,0,0.00,-0.00,0.00,ACTIVE,NONE,10040,0,P,P,0.00,released,RELEASED
2026-05-20 20:34:28.277,402.2580,,slider,1,0,0.00,-0.00,0.00,ACTIVE,NONE,10050,0,P,P,0.00,released,RELEASED
2026-05-20 20:34:28.676,402.6576,,slider,1,0,0.00,-0.00,0.00,ACTIVE,NONE,10060,0,P,P,0.00,released,RELEASED
2026-05-20 20:34:29.077,403.0580,,slider,1,0,0.00,-0.00,0.00,ACTIVE,NONE,10070,0,P,P,0.00,released,RELEASED
2026-05-20 20:34:29.477,403.4578,,slider,1,0,0.00,-0.00,0.00,ACTIVE,NONE,10080,0,P,P,0.00,released,RELEASED
2026-05-20 20:34:29.877,403.8582,,slider,1,0,0.00,-0.00,0.00,ACTIVE,NONE,10090,0,P,P,0.00,released,RELEASED
2026-05-20 20:34:30.277,404.2582,,slider,1,0,0.00,-0.00,0.00,ACTIVE,NONE,10100,0,P,P,0.00,released,RELEASED
2026-05-20 20:34:30.677,404.6580,,slider,1,0,0.00,-0.00,0.00,ACTIVE,NONE,10110,0,P,P,0.00,released,RELEASED
2026-05-20 20:34:31.077,405.0579,,slider,1,0,0.00,-0.00,0.00,ACTIVE,NONE,10120,0,P,P,0.00,released,RELEASED
2026-05-20 20:34:31.496,405.4774,,slider,1,0,0.00,-0.00,0.00,ACTIVE,NONE,10130,0,P,P,0.00,released,RELEASED
2026-05-20 20:34:31.877,405.8580,,slider,1,0,0.00,-0.00,0.00,ACTIVE,NONE,10140,0,P,P,0.00,released,RELEASED
2026-05-20 20:34:32.277,406.2580,,slider,1,0,0.00,-0.00,0.00,ACTIVE,NONE,10150,0,P,P,0.00,released,RELEASED
2026-05-20 20:34:32.677,406.6584,,slider,1,0,0.00,-0.00,0.00,ACTIVE,NONE,10160,0,P,P,0.00,released,RELEASED
2026-05-20 20:34:33.077,407.0580,,slider,1,0,0.00,-0.00,0.00,ACTIVE,NONE,10170,0,P,P,0.00,released,RELEASED
2026-05-20 20:34:33.477,407.4581,,slider,1,0,0.00,-0.00,0.00,ACTIVE,NONE,10180,0,P,P,0.00,released,RELEASED
2026-05-20 20:34:33.877,407.8585,,slider,1,0,0.00,-0.00,0.00,ACTIVE,NONE,10190,0,P,P,0.00,released,RELEASED
2026-05-20 20:34:34.277,408.2583,,slider,1,0,0.00,-0.00,0.00,ACTIVE,NONE,10200,0,P,P,0.00,released,RELEASED
2026-05-20 20:34:34.677,408.6582,,slider,1,0,0.00,-0.00,0.00,ACTIVE,NONE,10210,0,P,P,0.00,released,RELEASED
2026-05-20 20:34:35.077,409.0585,,slider,1,0,0.00,-0.00,0.00,ACTIVE,NONE,10220,0,P,P,0.00,released,RELEASED
2026-05-20 20:34:35.478,409.4588,,slider,1,0,0.00,-0.00,0.00,ACTIVE,NONE,10230,0,P,P,0.00,released,RELEASED
2026-05-20 20:34:35.877,409.8586,,slider,1,0,0.00,-0.00,0.00,ACTIVE,NONE,10240,0,P,P,0.00,released,RELEASED
2026-05-20 20:34:36.290,410.2708,,slider,1,0,0.00,-0.00,0.00,ACTIVE,NONE,10250,0,P,P,0.00,released,RELEASED
2026-05-20 20:34:36.690,410.6711,,slider,1,0,0.00,-0.00,0.00,ACTIVE,NONE,10260,0,P,P,0.00,released,RELEASED
2026-05-20 20:34:37.090,411.0707,,slider,1,0,0.00,-0.00,0.00,ACTIVE,NONE,10270,0,P,P,0.00,released,RELEASED
2026-05-20 20:34:37.489,411.4703,,slider,1,0,0.00,-0.00,0.00,ACTIVE,NONE,10280,0,P,P,0.00,released,RELEASED
2026-05-20 20:34:37.890,411.8708,,slider,1,0,0.00,-0.00,0.00,ACTIVE,NONE,10290,0,P,P,0.00,released,RELEASED
2026-05-20 20:34:38.290,412.2712,,slider,1,0,0.00,-0.00,0.00,ACTIVE,NONE,10300,0,P,P,0.00,released,RELEASED
2026-05-20 20:34:38.690,412.6708,,slider,1,0,0.00,-0.00,0.00,ACTIVE,NONE,10310,0,P,P,0.00,released,RELEASED
2026-05-20 20:34:39.089,413.0706,,slider,1,0,0.00,-0.00,0.00,ACTIVE,NONE,10320,0,P,P,0.00,released,RELEASED
2026-05-20 20:34:39.490,413.4709,,slider,1,0,0.00,-0.00,0.00,ACTIVE,NONE,10330,0,P,P,0.00,released,RELEASED
2026-05-20 20:34:39.890,413.8710,,slider,1,0,0.00,-0.00,0.00,ACTIVE,NONE,10340,0,P,P,0.00,released,RELEASED
2026-05-20 20:34:40.290,414.2709,,slider,1,0,0.00,-0.00,0.00,ACTIVE,NONE,10350,0,P,P,0.00,released,RELEASED
2026-05-20 20:34:40.690,414.6709,,slider,1,0,0.00,-0.00,0.00,ACTIVE,NONE,10360,0,P,P,0.00,released,RELEASED
2026-05-20 20:34:41.090,415.0708,,slider,1,0,0.00,-0.00,0.00,ACTIVE,NONE,10370,0,P,P,0.00,released,RELEASED
2026-05-20 20:34:41.490,415.4708,,slider,1,0,0.00,-0.00,0.00,ACTIVE,NONE,10380,0,P,P,0.00,released,RELEASED
2026-05-20 20:34:41.890,415.8714,,slider,1,0,0.00,-0.00,0.00,ACTIVE,NONE,10390,0,P,P,0.00,released,RELEASED
2026-05-20 20:34:42.290,416.2707,,slider,1,0,0.00,-0.00,0.00,ACTIVE,NONE,10400,0,P,P,0.00,released,RELEASED
2026-05-20 20:34:42.690,416.6708,,slider,1,0,0.00,-0.00,0.00,ACTIVE,NONE,10410,0,P,P,0.00,released,RELEASED
2026-05-20 20:34:43.090,417.0712,,slider,1,0,0.00,-0.00,0.00,ACTIVE,NONE,10420,0,P,P,0.00,released,RELEASED
2026-05-20 20:34:43.490,417.4708,,slider,1,0,0.00,-0.00,0.00,ACTIVE,NONE,10430,0,P,P,0.00,released,RELEASED
2026-05-20 20:34:43.890,417.8717,,slider,1,0,0.00,-0.00,0.00,ACTIVE,NONE,10440,0,P,P,0.00,released,RELEASED
2026-05-20 20:34:44.290,418.2711,,slider,1,0,0.00,-0.00,0.00,ACTIVE,NONE,10450,0,P,P,0.00,released,RELEASED
2026-05-20 20:34:44.690,418.6709,,slider,1,0,0.00,-0.00,0.00,ACTIVE,NONE,10460,0,P,P,0.00,released,RELEASED
2026-05-20 20:34:45.090,419.0709,,slider,1,0,0.00,-0.00,0.00,ACTIVE,NONE,10470,0,P,P,0.00,released,RELEASED
2026-05-20 20:34:45.490,419.4710,,slider,1,0,0.00,-0.00,0.00,ACTIVE,NONE,10480,0,P,P,0.00,released,RELEASED
2026-05-20 20:34:45.890,419.8710,,slider,1,0,0.00,-0.00,0.00,ACTIVE,NONE,10490,0,P,P,0.00,released,RELEASED
2026-05-20 20:34:46.290,420.2716,,slider,1,0,0.00,-0.00,0.00,ACTIVE,NONE,10500,0,P,P,0.00,released,RELEASED
2026-05-20 20:34:46.690,420.6711,,slider,1,0,0.00,-0.00,0.00,ACTIVE,NONE,10510,0,P,P,0.00,released,RELEASED
2026-05-20 20:34:47.090,421.0713,,slider,1,0,0.00,-0.00,0.00,ACTIVE,NONE,10520,0,P,P,0.00,released,RELEASED
2026-05-20 20:34:47.490,421.4711,,slider,1,0,0.00,-0.00,0.00,ACTIVE,NONE,10530,0,P,P,0.00,released,RELEASED
2026-05-20 20:34:47.890,421.8711,,slider,1,0,0.00,-0.00,0.00,ACTIVE,NONE,10540,0,P,P,0.00,released,RELEASED
2026-05-20 20:34:48.290,422.2714,,slider,1,0,0.00,-0.00,0.00,ACTIVE,NONE,10550,0,P,P,0.00,released,RELEASED
2026-05-20 20:34:48.690,422.6716,,slider,1,0,0.00,-0.00,0.00,ACTIVE,NONE,10560,0,P,P,0.00,released,RELEASED
2026-05-20 20:34:49.090,423.0713,,slider,1,0,0.00,-0.00,0.00,ACTIVE,NONE,10570,0,P,P,0.00,released,RELEASED
2026-05-20 20:34:49.490,423.4713,,slider,1,0,0.00,-0.00,0.00,ACTIVE,NONE,10580,0,P,P,0.00,released,RELEASED
2026-05-20 20:34:49.890,423.8713,,slider,1,0,0.00,-0.00,0.00,ACTIVE,NONE,10590,0,P,P,0.00,released,RELEASED
2026-05-20 20:34:50.290,424.2715,,slider,1,0,0.00,-0.00,0.00,ACTIVE,NONE,10600,0,P,P,0.00,released,RELEASED
2026-05-20 20:34:50.690,424.6716,,slider,1,0,0.00,-0.00,0.00,ACTIVE,NONE,10610,0,P,P,0.00,released,RELEASED
2026-05-20 20:34:51.090,425.0717,,slider,1,0,0.00,-0.00,0.00,ACTIVE,NONE,10620,0,P,P,0.00,released,RELEASED
2026-05-20 20:34:51.490,425.4715,,slider,1,0,0.00,-0.00,0.00,ACTIVE,NONE,10630,0,P,P,0.00,released,RELEASED
2026-05-20 20:34:51.890,425.8715,,slider,1,0,0.00,-0.00,0.00,ACTIVE,NONE,10640,0,P,P,0.00,released,RELEASED
2026-05-20 20:34:52.290,426.2715,,slider,1,0,0.00,-0.00,0.00,ACTIVE,NONE,10650,0,P,P,0.00,released,RELEASED
2026-05-20 20:34:52.691,426.6717,,slider,1,0,0.00,-0.00,0.00,ACTIVE,NONE,10660,0,P,P,0.00,released,RELEASED
2026-05-20 20:34:53.091,427.0719,,slider,1,0,0.00,-0.00,0.00,ACTIVE,NONE,10670,0,P,P,0.00,released,RELEASED
2026-05-20 20:34:53.491,427.4718,,slider,1,0,0.00,-0.00,0.00,ACTIVE,NONE,10680,0,P,P,0.00,released,RELEASED
2026-05-20 20:34:53.891,427.8717,,slider,1,0,0.00,-0.00,0.00,ACTIVE,NONE,10690,0,P,P,0.00,released,RELEASED
2026-05-20 20:34:54.291,428.2718,,slider,1,0,0.00,-0.00,0.00,ACTIVE,NONE,10700,0,P,P,0.00,released,RELEASED
2026-05-20 20:34:54.691,428.6719,,slider,1,0,0.00,-0.00,0.00,ACTIVE,NONE,10710,0,P,P,0.00,released,RELEASED
2026-05-20 20:34:55.091,429.0719,,slider,1,0,0.00,-0.00,0.00,ACTIVE,NONE,10720,0,P,P,0.00,released,RELEASED
2026-05-20 20:34:55.491,429.4720,,slider,1,0,0.00,-0.00,0.00,ACTIVE,NONE,10730,0,P,P,0.00,released,RELEASED
2026-05-20 20:34:55.891,429.8720,,slider,1,0,0.00,-0.00,0.00,ACTIVE,NONE,10740,0,P,P,0.00,released,RELEASED
2026-05-20 20:34:56.291,430.2722,,slider,1,0,0.00,-0.00,0.00,ACTIVE,NONE,10750,0,P,P,0.00,released,RELEASED
2026-05-20 20:34:56.691,430.6720,,slider,1,0,0.00,-0.00,0.00,ACTIVE,NONE,10760,0,P,P,0.00,released,RELEASED
2026-05-20 20:34:57.091,431.0720,,slider,1,0,0.00,-0.00,0.00,ACTIVE,NONE,10770,0,P,P,0.00,released,RELEASED
2026-05-20 20:34:57.491,431.4722,,slider,1,0,0.00,-0.00,0.00,ACTIVE,NONE,10780,0,P,P,0.00,released,RELEASED
2026-05-20 20:34:57.891,431.8722,,slider,1,0,0.00,-0.00,0.00,ACTIVE,NONE,10790,0,P,P,0.00,released,RELEASED
2026-05-20 20:34:58.291,432.2723,,slider,1,0,0.00,-0.00,0.00,ACTIVE,NONE,10800,0,P,P,0.00,released,RELEASED
2026-05-20 20:34:58.691,432.6721,,slider,1,0,0.00,-0.00,0.00,ACTIVE,NONE,10810,0,P,P,0.00,released,RELEASED
2026-05-20 20:34:59.091,433.0723,,slider,1,0,0.00,-0.00,0.00,ACTIVE,NONE,10820,0,P,P,0.00,released,RELEASED
2026-05-20 20:34:59.491,433.4724,,slider,1,0,0.00,-0.00,0.00,ACTIVE,NONE,10830,0,P,P,0.00,released,RELEASED
2026-05-20 20:34:59.891,433.8724,,slider,1,0,0.00,-0.00,0.00,ACTIVE,NONE,10840,0,P,P,0.00,released,RELEASED
2026-05-20 20:35:00.291,434.2724,,slider,1,0,0.00,-0.00,0.00,ACTIVE,NONE,10850,0,P,P,0.00,released,RELEASED
2026-05-20 20:35:00.691,434.6725,,slider,1,0,0.00,-0.00,0.00,ACTIVE,NONE,10860,0,P,P,0.00,released,RELEASED
2026-05-20 20:35:01.092,435.0729,,slider,1,0,0.00,-0.00,0.00,ACTIVE,NONE,10870,0,P,P,0.00,released,RELEASED
2026-05-20 20:35:01.491,435.4726,,slider,1,0,0.00,-0.00,0.00,ACTIVE,NONE,10880,0,P,P,0.00,released,RELEASED
2026-05-20 20:35:01.892,435.8727,,slider,1,0,0.00,-0.00,0.00,ACTIVE,NONE,10890,0,P,P,0.00,released,RELEASED
2026-05-20 20:35:02.292,436.2727,,slider,1,0,0.00,-0.00,0.00,ACTIVE,NONE,10900,0,P,P,0.00,released,RELEASED
2026-05-20 20:35:02.691,436.6727,,slider,1,0,0.00,-0.00,0.00,ACTIVE,NONE,10910,0,P,P,0.00,released,RELEASED
2026-05-20 20:35:03.092,437.0728,,slider,1,0,0.00,-0.00,0.00,ACTIVE,NONE,10920,0,P,P,0.00,released,RELEASED
2026-05-20 20:35:03.492,437.4729,,slider,1,0,0.00,-0.00,0.00,ACTIVE,NONE,10930,0,P,P,0.00,released,RELEASED
2026-05-20 20:35:03.892,437.8729,,slider,1,0,0.00,-0.00,0.00,ACTIVE,NONE,10940,0,P,P,0.00,released,RELEASED
2026-05-20 20:35:04.292,438.2728,,slider,1,0,0.00,-0.00,0.00,ACTIVE,NONE,10950,0,P,P,0.00,released,RELEASED
2026-05-20 20:35:04.692,438.6729,,slider,1,0,0.00,-0.00,0.00,ACTIVE,NONE,10960,0,P,P,0.00,released,RELEASED
2026-05-20 20:35:05.092,439.0731,,slider,1,0,0.00,-0.00,0.00,ACTIVE,NONE,10970,0,P,P,0.00,released,RELEASED
2026-05-20 20:35:05.492,439.4730,,slider,1,0,0.00,-0.00,0.00,ACTIVE,NONE,10980,0,P,P,0.00,released,RELEASED
2026-05-20 20:35:05.892,439.8733,,slider,1,0,0.00,-0.00,0.00,ACTIVE,NONE,10990,0,P,P,0.00,released,RELEASED
2026-05-20 20:35:06.292,440.2732,,slider,1,0,0.00,-0.00,0.00,ACTIVE,NONE,11000,0,P,P,0.00,released,RELEASED
2026-05-20 20:35:06.692,440.6732,,slider,1,0,0.00,-0.00,0.00,ACTIVE,NONE,11010,0,P,P,0.00,released,RELEASED
2026-05-20 20:35:07.092,441.0733,,slider,1,0,0.00,-0.00,0.00,ACTIVE,NONE,11020,0,P,P,0.00,released,RELEASED
2026-05-20 20:35:07.492,441.4732,,slider,1,0,0.00,-0.00,0.00,ACTIVE,NONE,11030,0,P,P,0.00,released,RELEASED
2026-05-20 20:35:07.892,441.8732,,slider,1,0,0.00,-0.00,0.00,ACTIVE,NONE,11040,0,P,P,0.00,released,RELEASED
2026-05-20 20:35:08.292,442.2736,,slider,1,0,0.00,-0.00,0.00,ACTIVE,NONE,11050,0,P,P,0.00,released,RELEASED
2026-05-20 20:35:08.692,442.6737,,slider,1,0,0.00,-0.00,0.00,ACTIVE,NONE,11060,0,P,P,0.00,released,RELEASED
2026-05-20 20:35:09.092,443.0736,,slider,1,0,0.00,-0.00,0.00,ACTIVE,NONE,11070,0,P,P,0.00,released,RELEASED
2026-05-20 20:35:09.492,443.4733,,slider,1,0,0.00,-0.00,0.00,ACTIVE,NONE,11080,0,P,P,0.00,released,RELEASED
2026-05-20 20:35:09.892,443.8736,,slider,1,0,0.00,-0.00,0.00,ACTIVE,NONE,11090,0,P,P,0.00,released,RELEASED
2026-05-20 20:35:10.292,444.2736,,slider,1,0,0.00,-0.00,0.00,ACTIVE,NONE,11100,0,P,P,0.00,released,RELEASED
2026-05-20 20:35:10.692,444.6734,,slider,1,0,0.00,-0.00,0.00,ACTIVE,NONE,11110,0,P,P,0.00,released,RELEASED
2026-05-20 20:35:11.092,445.0736,,slider,1,0,0.00,-0.00,0.00,ACTIVE,NONE,11120,0,P,P,0.00,released,RELEASED
2026-05-20 20:35:11.492,445.4734,,slider,1,0,0.00,-0.00,0.00,ACTIVE,NONE,11130,0,P,P,0.00,released,RELEASED
2026-05-20 20:35:11.893,445.8739,,slider,1,0,0.00,-0.00,0.00,ACTIVE,NONE,11140,0,P,P,0.00,released,RELEASED
2026-05-20 20:35:12.293,446.2738,,slider,1,0,0.00,-0.00,0.00,ACTIVE,NONE,11150,0,P,P,0.00,released,RELEASED
2026-05-20 20:35:12.693,446.6737,,slider,1,0,0.00,-0.00,0.00,ACTIVE,NONE,11160,0,P,P,0.00,released,RELEASED
2026-05-20 20:35:13.093,447.0740,,slider,1,0,0.00,-0.00,0.00,ACTIVE,NONE,11170,0,P,P,0.00,released,RELEASED
2026-05-20 20:35:13.492,447.4737,,slider,1,0,0.00,-0.00,0.00,ACTIVE,NONE,11180,0,P,P,0.00,released,RELEASED
2026-05-20 20:35:13.893,447.8742,,slider,1,0,0.00,-0.00,0.00,ACTIVE,NONE,11190,0,P,P,0.00,released,RELEASED
2026-05-20 20:35:14.293,448.2741,,slider,1,0,0.00,-0.00,0.00,ACTIVE,NONE,11200,0,P,P,0.00,released,RELEASED
2026-05-20 20:35:14.693,448.6741,,slider,1,0,0.00,-0.00,0.00,ACTIVE,NONE,11210,0,P,P,0.00,released,RELEASED
2026-05-20 20:35:15.093,449.0740,,slider,1,0,0.00,-0.00,0.00,ACTIVE,NONE,11220,0,P,P,0.00,released,RELEASED
2026-05-20 20:35:15.493,449.4740,,slider,1,0,0.00,-0.00,0.00,ACTIVE,NONE,11230,0,P,P,0.00,released,RELEASED
2026-05-20 20:35:15.893,449.8742,,slider,1,0,0.00,-0.00,0.00,ACTIVE,NONE,11240,0,P,P,0.00,released,RELEASED
2026-05-20 20:35:16.293,450.2742,,slider,1,0,0.00,-0.00,0.00,ACTIVE,NONE,11250,0,P,P,0.00,released,RELEASED
2026-05-20 20:35:16.693,450.6741,,slider,1,0,0.00,-0.00,0.00,ACTIVE,NONE,11260,0,P,P,0.00,released,RELEASED
2026-05-20 20:35:17.093,451.0743,,slider,1,0,0.00,-0.00,0.00,ACTIVE,NONE,11270,0,P,P,0.00,released,RELEASED
2026-05-20 20:35:17.493,451.4742,,slider,1,0,0.00,-0.00,0.00,ACTIVE,NONE,11280,0,P,P,0.00,released,RELEASED
2026-05-20 20:35:17.893,451.8745,,slider,1,0,0.00,-0.00,0.00,ACTIVE,NONE,11290,0,P,P,0.00,released,RELEASED
2026-05-20 20:35:18.293,452.2742,,slider,1,0,0.00,-0.00,0.00,ACTIVE,NONE,11300,0,P,P,0.00,released,RELEASED
2026-05-20 20:35:18.693,452.6743,,slider,1,0,0.00,-0.00,0.00,ACTIVE,NONE,11310,0,P,P,0.00,released,RELEASED
2026-05-20 20:35:19.093,453.0745,,slider,1,0,0.00,-0.00,0.00,ACTIVE,NONE,11320,0,P,P,0.00,released,RELEASED
2026-05-20 20:35:19.493,453.4744,,slider,1,0,0.00,-0.00,0.00,ACTIVE,NONE,11330,0,P,P,0.00,released,RELEASED
2026-05-20 20:35:19.893,453.8745,,slider,1,0,0.00,-0.00,0.00,ACTIVE,NONE,11340,0,P,P,0.00,released,RELEASED
2026-05-20 20:35:20.293,454.2743,,slider,1,0,0.00,-0.00,0.00,ACTIVE,NONE,11350,0,P,P,0.00,released,RELEASED
2026-05-20 20:35:20.693,454.6745,,slider,1,0,0.00,-0.00,0.00,ACTIVE,NONE,11360,0,P,P,0.00,released,RELEASED
2026-05-20 20:35:21.093,455.0747,,slider,1,0,0.00,-0.00,0.00,ACTIVE,NONE,11370,0,P,P,0.00,released,RELEASED
2026-05-20 20:35:21.493,455.4745,,slider,1,0,0.00,-0.00,0.00,ACTIVE,NONE,11380,0,P,P,0.00,released,RELEASED
2026-05-20 20:35:21.893,455.8746,,slider,1,0,0.00,-0.00,0.00,ACTIVE,NONE,11390,0,P,P,0.00,released,RELEASED
2026-05-20 20:35:22.293,456.2745,,slider,1,0,0.00,-0.00,0.00,ACTIVE,NONE,11400,0,P,P,0.00,released,RELEASED
2026-05-20 20:35:22.693,456.6747,,slider,1,0,0.00,-0.00,0.00,ACTIVE,NONE,11410,0,P,P,0.00,released,RELEASED
2026-05-20 20:35:23.094,457.0749,,slider,1,0,0.00,-0.00,0.00,ACTIVE,NONE,11420,0,P,P,0.00,released,RELEASED
2026-05-20 20:35:23.493,457.4747,,slider,1,0,0.00,-0.00,0.00,ACTIVE,NONE,11430,0,P,P,0.00,released,RELEASED
2026-05-20 20:35:23.893,457.8747,,slider,1,0,0.00,-0.00,0.00,ACTIVE,NONE,11440,0,P,P,0.00,released,RELEASED
2026-05-20 20:35:24.294,458.2747,,slider,1,0,0.00,-0.00,0.00,ACTIVE,NONE,11450,0,P,P,0.00,released,RELEASED
2026-05-20 20:35:24.694,458.6747,,slider,1,0,0.00,-0.00,0.00,ACTIVE,NONE,11460,0,P,P,0.00,released,RELEASED
2026-05-20 20:35:25.094,459.0750,,slider,1,0,0.00,-0.00,0.00,ACTIVE,NONE,11470,0,P,P,0.00,released,RELEASED
2026-05-20 20:35:25.493,459.4747,,slider,1,0,0.00,-0.00,0.00,ACTIVE,NONE,11480,0,P,P,0.00,released,RELEASED
2026-05-20 20:35:25.894,459.8748,,slider,1,0,0.00,-0.00,0.00,ACTIVE,NONE,11490,0,P,P,0.00,released,RELEASED
2026-05-20 20:35:26.294,460.2748,,slider,1,0,0.00,-0.00,0.00,ACTIVE,NONE,11500,0,P,P,0.00,released,RELEASED
2026-05-20 20:35:26.694,460.6748,,slider,1,0,0.00,-0.00,0.00,ACTIVE,NONE,11510,0,P,P,0.00,released,RELEASED
2026-05-20 20:35:27.094,461.0748,,slider,1,0,0.00,-0.00,0.00,ACTIVE,NONE,11520,0,P,P,0.00,released,RELEASED
2026-05-20 20:35:27.494,461.4749,,slider,1,0,0.00,-0.00,0.00,ACTIVE,NONE,11530,0,P,P,0.00,released,RELEASED
2026-05-20 20:35:27.894,461.8749,,slider,1,0,0.00,-0.00,0.00,ACTIVE,NONE,11540,0,P,P,0.00,released,RELEASED
2026-05-20 20:35:28.294,462.2749,,slider,1,0,0.00,-0.00,0.00,ACTIVE,NONE,11550,0,P,P,0.00,released,RELEASED
2026-05-20 20:35:28.694,462.6750,,slider,1,0,0.00,-0.00,0.00,ACTIVE,NONE,11560,0,P,P,0.00,released,RELEASED
2026-05-20 20:35:29.094,463.0750,,slider,1,0,0.00,-0.00,0.00,ACTIVE,NONE,11570,0,P,P,0.00,released,RELEASED
2026-05-20 20:35:29.494,463.4751,,slider,1,0,0.00,-0.00,0.00,ACTIVE,NONE,11580,0,P,P,0.00,released,RELEASED
2026-05-20 20:35:29.894,463.8751,,slider,1,0,0.00,-0.00,0.00,ACTIVE,NONE,11590,0,P,P,0.00,released,RELEASED
2026-05-20 20:35:30.294,464.2752,,slider,1,0,0.00,-0.00,0.00,ACTIVE,NONE,11600,0,P,P,0.00,released,RELEASED
2026-05-20 20:35:30.694,464.6752,,slider,1,0,0.00,-0.00,0.00,ACTIVE,NONE,11610,0,P,P,0.00,released,RELEASED
2026-05-20 20:35:31.094,465.0752,,slider,1,0,0.00,-0.00,0.00,ACTIVE,NONE,11620,0,P,P,0.00,released,RELEASED
2026-05-20 20:35:31.494,465.4753,,slider,1,0,0.00,-0.00,0.00,ACTIVE,NONE,11630,0,P,P,0.00,released,RELEASED
2026-05-20 20:35:31.894,465.8755,,slider,1,0,0.00,-0.00,0.00,ACTIVE,NONE,11640,0,P,P,0.00,released,RELEASED
2026-05-20 20:35:32.294,466.2756,,slider,1,0,0.00,-0.00,0.00,ACTIVE,NONE,11650,0,P,P,0.00,released,RELEASED
2026-05-20 20:35:32.694,466.6755,,slider,1,0,0.00,-0.00,0.00,ACTIVE,NONE,11660,0,P,P,0.00,released,RELEASED
2026-05-20 20:35:33.094,467.0757,,slider,1,0,0.00,-0.00,0.00,ACTIVE,NONE,11670,0,P,P,0.00,released,RELEASED
2026-05-20 20:35:33.494,467.4755,,slider,1,0,0.00,-0.00,0.00,ACTIVE,NONE,11680,0,P,P,0.00,released,RELEASED
2026-05-20 20:35:33.895,467.8757,,slider,1,0,0.00,-0.00,0.00,ACTIVE,NONE,11690,0,P,P,0.00,released,RELEASED
2026-05-20 20:35:34.295,468.2759,,slider,1,0,0.00,-0.00,0.00,ACTIVE,NONE,11700,0,P,P,0.00,released,RELEASED
2026-05-20 20:35:34.695,468.6758,,slider,1,0,0.00,-0.00,0.00,ACTIVE,NONE,11710,0,P,P,0.00,released,RELEASED
2026-05-20 20:35:35.095,469.0759,,slider,1,0,0.00,-0.00,0.00,ACTIVE,NONE,11720,0,P,P,0.00,released,RELEASED
2026-05-20 20:35:35.495,469.4759,,slider,1,0,0.00,-0.00,0.00,ACTIVE,NONE,11730,0,P,P,0.00,released,RELEASED
2026-05-20 20:35:35.895,469.8758,,slider,1,0,0.00,-0.00,0.00,ACTIVE,NONE,11740,0,P,P,0.00,released,RELEASED
2026-05-20 20:35:36.295,470.2758,,slider,1,0,0.00,-0.00,0.00,ACTIVE,NONE,11750,0,P,P,0.00,released,RELEASED
2026-05-20 20:35:36.695,470.6760,,slider,1,0,0.00,-0.00,0.00,ACTIVE,NONE,11760,0,P,P,0.00,released,RELEASED
2026-05-20 20:35:37.095,471.0759,,slider,1,0,0.00,-0.00,0.00,ACTIVE,NONE,11770,0,P,P,0.00,released,RELEASED
2026-05-20 20:35:37.495,471.4759,,slider,1,0,0.00,-0.00,0.00,ACTIVE,NONE,11780,0,P,P,0.00,released,RELEASED
2026-05-20 20:35:37.895,471.8760,,slider,1,0,0.00,-0.00,0.00,ACTIVE,NONE,11790,0,P,P,0.00,released,RELEASED
2026-05-20 20:35:38.295,472.2761,,slider,1,0,0.00,-0.00,0.00,ACTIVE,NONE,11800,0,P,P,0.00,released,RELEASED
2026-05-20 20:35:38.695,472.6761,,slider,1,0,0.00,-0.00,0.00,ACTIVE,NONE,11810,0,P,P,0.00,released,RELEASED
2026-05-20 20:35:39.095,473.0761,,slider,1,0,0.00,-0.00,0.00,ACTIVE,NONE,11820,0,P,P,0.00,released,RELEASED
2026-05-20 20:35:39.495,473.4762,,slider,1,0,0.00,-0.00,0.00,ACTIVE,NONE,11830,0,P,P,0.00,released,RELEASED
2026-05-20 20:35:39.895,473.8762,,slider,1,0,0.00,-0.00,0.00,ACTIVE,NONE,11840,0,P,P,0.00,released,RELEASED
2026-05-20 20:35:40.295,474.2765,,slider,1,0,0.00,-0.00,0.00,ACTIVE,NONE,11850,0,P,P,0.00,released,RELEASED
2026-05-20 20:35:40.695,474.6763,,slider,1,0,0.00,-0.00,0.00,ACTIVE,NONE,11860,0,P,P,0.00,released,RELEASED
2026-05-20 20:35:41.096,475.0767,,slider,1,0,0.00,-0.00,0.00,ACTIVE,NONE,11870,0,P,P,0.00,released,RELEASED
2026-05-20 20:35:41.495,475.4764,,slider,1,0,0.00,-0.00,0.00,ACTIVE,NONE,11880,0,P,P,0.00,released,RELEASED
2026-05-20 20:35:41.896,475.8768,,slider,1,0,0.00,-0.00,0.00,ACTIVE,NONE,11890,0,P,P,0.00,released,RELEASED
2026-05-20 20:35:42.295,476.2764,,slider,1,0,0.00,-0.00,0.00,ACTIVE,NONE,11900,0,P,P,0.00,released,RELEASED
2026-05-20 20:35:42.696,476.6768,,slider,1,0,0.00,-0.00,0.00,ACTIVE,NONE,11910,0,P,P,0.00,released,RELEASED
2026-05-20 20:35:43.095,477.0765,,slider,1,0,0.00,-0.00,0.00,ACTIVE,NONE,11920,0,P,P,0.00,released,RELEASED
2026-05-20 20:35:43.496,477.4769,,slider,1,0,0.00,-0.00,0.00,ACTIVE,NONE,11930,0,P,P,0.00,released,RELEASED
2026-05-20 20:35:43.896,477.8769,,slider,1,0,0.00,-0.00,0.00,ACTIVE,NONE,11940,0,P,P,0.00,released,RELEASED
2026-05-20 20:35:44.296,478.2768,,slider,1,0,0.00,-0.00,0.00,ACTIVE,NONE,11950,0,P,P,0.00,released,RELEASED
2026-05-20 20:35:44.695,478.6766,,slider,1,0,0.00,-0.00,0.00,ACTIVE,NONE,11960,0,P,P,0.00,released,RELEASED
2026-05-20 20:35:45.096,479.0769,,slider,1,0,0.00,-0.00,0.00,ACTIVE,NONE,11970,0,P,P,0.00,released,RELEASED
2026-05-20 20:35:45.496,479.4770,,slider,1,0,0.00,-0.00,0.00,ACTIVE,NONE,11980,0,P,P,0.00,released,RELEASED
2026-05-20 20:35:45.878,479.8592,,slider,1,0,0.00,-0.00,0.00,ACTIVE,NONE,11990,0,P,P,0.00,released,RELEASED
2026-05-20 20:35:46.278,480.2592,,slider,1,0,0.00,-0.00,0.00,ACTIVE,NONE,12000,0,P,P,0.00,released,RELEASED
2026-05-20 20:35:46.696,480.6768,,slider,1,0,0.00,-0.00,0.00,ACTIVE,NONE,12010,0,P,P,0.00,released,RELEASED
2026-05-20 20:35:47.096,481.0770,,slider,1,0,0.00,-0.00,0.00,ACTIVE,NONE,12020,0,P,P,0.00,released,RELEASED
2026-05-20 20:35:47.478,481.4594,,slider,1,0,0.00,-0.00,0.00,ACTIVE,NONE,12030,0,P,P,0.00,released,RELEASED
2026-05-20 20:35:47.896,481.8773,,slider,1,0,0.00,-0.00,0.00,ACTIVE,NONE,12040,0,P,P,0.00,released,RELEASED
2026-05-20 20:35:48.278,482.2592,,slider,1,0,0.00,-0.00,0.00,ACTIVE,NONE,12050,0,P,P,0.00,released,RELEASED
2026-05-20 20:35:48.696,482.6771,,slider,1,0,0.00,-0.00,0.00,ACTIVE,NONE,12060,0,P,P,0.00,released,RELEASED
2026-05-20 20:35:49.096,483.0773,,slider,1,0,0.00,-0.00,0.00,ACTIVE,NONE,12070,0,P,P,0.00,released,RELEASED
2026-05-20 20:35:49.496,483.4770,,slider,1,0,0.00,-0.00,0.00,ACTIVE,NONE,12080,0,P,P,0.00,released,RELEASED
2026-05-20 20:35:49.878,483.8589,,slider,1,0,0.00,-0.00,0.00,ACTIVE,NONE,12090,0,P,P,0.00,released,RELEASED
2026-05-20 20:35:50.278,484.2590,,slider,1,0,0.00,-0.00,0.00,ACTIVE,NONE,12100,0,P,P,0.00,released,RELEASED
2026-05-20 20:35:50.696,484.6771,,slider,1,0,0.00,-0.00,0.00,ACTIVE,NONE,12110,0,P,P,0.00,released,RELEASED
2026-05-20 20:35:51.078,485.0592,,slider,1,0,0.00,-0.00,0.00,ACTIVE,NONE,12120,0,P,P,0.00,released,RELEASED
2026-05-20 20:35:51.478,485.4589,,slider,1,0,0.00,-0.00,0.00,ACTIVE,NONE,12130,0,P,P,0.00,released,RELEASED
2026-05-20 20:35:51.877,485.8586,,slider,1,0,0.00,-0.00,0.00,ACTIVE,NONE,12140,0,P,P,0.00,released,RELEASED
2026-05-20 20:35:52.296,486.2772,,slider,1,0,0.00,-0.00,0.00,ACTIVE,NONE,12150,0,P,P,0.00,released,RELEASED
2026-05-20 20:35:52.678,486.6592,,slider,1,0,0.00,-0.00,0.00,ACTIVE,NONE,12160,0,P,P,0.00,released,RELEASED
2026-05-20 20:35:53.078,487.0591,,slider,1,0,0.00,-0.00,0.00,ACTIVE,NONE,12170,0,P,P,0.00,released,RELEASED
2026-05-20 20:35:53.478,487.4591,,slider,1,0,0.00,-0.00,0.00,ACTIVE,NONE,12180,0,P,P,0.00,released,RELEASED
2026-05-20 20:35:53.877,487.8587,,slider,1,0,0.00,-0.00,0.00,ACTIVE,NONE,12190,0,P,P,0.00,released,RELEASED
2026-05-20 20:35:54.277,488.2587,,slider,1,0,0.00,-0.00,0.00,ACTIVE,NONE,12200,0,P,P,0.00,released,RELEASED
2026-05-20 20:35:54.678,488.6587,,slider,1,0,0.00,-0.00,0.00,ACTIVE,NONE,12210,0,P,P,0.00,released,RELEASED
2026-05-20 20:35:55.078,489.0587,,slider,1,0,0.00,-0.00,0.00,ACTIVE,NONE,12220,0,P,P,0.00,released,RELEASED
2026-05-20 20:35:55.478,489.4591,,slider,1,0,0.00,-0.00,0.00,ACTIVE,NONE,12230,0,P,P,0.00,released,RELEASED
2026-05-20 20:35:55.877,489.8586,,slider,1,0,0.00,-0.00,0.00,ACTIVE,NONE,12240,0,P,P,0.00,released,RELEASED
2026-05-20 20:35:56.278,490.2595,,slider,1,0,0.00,-0.00,0.00,ACTIVE,NONE,12250,0,P,P,0.00,released,RELEASED
2026-05-20 20:35:56.678,490.6588,,slider,1,0,0.00,-0.00,0.00,ACTIVE,NONE,12260,0,P,P,0.00,released,RELEASED
2026-05-20 20:35:57.078,491.0591,,slider,1,0,0.00,-0.00,0.00,ACTIVE,NONE,12270,0,P,P,0.00,released,RELEASED
2026-05-20 20:35:57.478,491.4593,,slider,1,0,0.00,-0.00,0.00,ACTIVE,NONE,12280,0,P,P,0.00,released,RELEASED
2026-05-20 20:35:57.877,491.8586,,slider,1,0,0.00,-0.00,0.00,ACTIVE,NONE,12290,0,P,P,0.00,released,RELEASED
2026-05-20 20:35:58.278,492.2595,,slider,1,0,0.00,-0.00,0.00,ACTIVE,NONE,12300,0,P,P,0.00,released,RELEASED
2026-05-20 20:35:58.678,492.6590,,slider,1,0,0.00,-0.00,0.00,ACTIVE,NONE,12310,0,P,P,0.00,released,RELEASED
2026-05-20 20:35:59.079,493.0603,,slider,1,0,0.00,-0.00,0.00,ACTIVE,NONE,12320,0,P,P,0.00,released,RELEASED
2026-05-20 20:35:59.478,493.4589,,slider,1,0,0.00,-0.00,0.00,ACTIVE,NONE,12330,0,P,P,0.00,released,RELEASED
2026-05-20 20:35:59.878,493.8589,,slider,1,0,0.00,-0.00,0.00,ACTIVE,NONE,12340,0,P,P,0.00,released,RELEASED
2026-05-20 20:36:00.278,494.2594,,slider,1,0,0.00,-0.00,0.00,ACTIVE,NONE,12350,0,P,P,0.00,released,RELEASED
2026-05-20 20:36:00.678,494.6589,,slider,1,0,0.00,-0.00,0.00,ACTIVE,NONE,12360,0,P,P,0.00,released,RELEASED
2026-05-20 20:36:01.079,495.0601,,slider,1,0,0.00,-0.00,0.00,ACTIVE,NONE,12370,0,P,P,0.00,released,RELEASED
2026-05-20 20:36:01.479,495.4599,,slider,1,0,0.00,-0.00,0.00,ACTIVE,NONE,12380,0,P,P,0.00,released,RELEASED
2026-05-20 20:36:01.897,495.8784,,slider,1,0,0.00,-0.00,0.00,ACTIVE,NONE,12390,0,P,P,0.00,released,RELEASED
2026-05-20 20:36:02.279,496.2602,,slider,1,0,0.00,-0.00,0.00,ACTIVE,NONE,12400,0,P,P,0.00,released,RELEASED
2026-05-20 20:36:02.678,496.6597,,slider,1,0,0.00,-0.00,0.00,ACTIVE,NONE,12410,0,P,P,0.00,released,RELEASED
2026-05-20 20:36:03.078,497.0592,,slider,1,0,0.00,-0.00,0.00,ACTIVE,NONE,12420,0,P,P,0.00,released,RELEASED
2026-05-20 20:36:03.478,497.4591,,slider,1,0,0.00,-0.00,0.00,ACTIVE,NONE,12430,0,P,P,0.00,released,RELEASED
2026-05-20 20:36:03.878,497.8595,,slider,1,0,0.00,-0.00,0.00,ACTIVE,NONE,12440,0,P,P,0.00,released,RELEASED
2026-05-20 20:36:04.278,498.2594,,slider,1,0,0.00,-0.00,0.00,ACTIVE,NONE,12450,0,P,P,0.00,released,RELEASED
2026-05-20 20:36:04.678,498.6593,,slider,1,0,0.00,-0.00,0.00,ACTIVE,NONE,12460,0,P,P,0.00,released,RELEASED
2026-05-20 20:36:05.079,499.0604,,slider,1,0,0.00,-0.00,0.00,ACTIVE,NONE,12470,0,P,P,0.00,released,RELEASED
2026-05-20 20:36:05.478,499.4596,,slider,1,0,0.00,-0.00,0.00,ACTIVE,NONE,12480,0,P,P,0.00,released,RELEASED
2026-05-20 20:36:05.878,499.8592,,slider,1,0,0.00,-0.00,0.00,ACTIVE,NONE,12490,0,P,P,0.00,released,RELEASED
2026-05-20 20:36:06.279,500.2599,,slider,1,0,0.00,-0.00,0.00,ACTIVE,NONE,12500,0,P,P,0.00,released,RELEASED
2026-05-20 20:36:06.679,500.6600,,slider,1,0,0.00,-0.00,0.00,ACTIVE,NONE,12510,0,P,P,0.00,released,RELEASED
2026-05-20 20:36:07.079,501.0598,,slider,1,0,0.00,-0.00,0.00,ACTIVE,NONE,12520,0,P,P,0.00,released,RELEASED
2026-05-20 20:36:07.478,501.4594,,slider,1,0,0.00,-0.00,0.00,ACTIVE,NONE,12530,0,P,P,0.00,released,RELEASED
2026-05-20 20:36:07.880,501.8608,,slider,1,0,0.00,-0.00,0.00,ACTIVE,NONE,12540,0,P,P,0.00,released,RELEASED
2026-05-20 20:36:08.279,502.2603,,slider,1,0,0.00,-0.00,0.00,ACTIVE,NONE,12550,0,P,P,0.00,released,RELEASED
2026-05-20 20:36:08.678,502.6593,,slider,1,0,0.00,-0.00,0.00,ACTIVE,NONE,12560,0,P,P,0.00,released,RELEASED
2026-05-20 20:36:09.078,503.0593,,slider,1,0,0.00,-0.00,0.00,ACTIVE,NONE,12570,0,P,P,0.00,released,RELEASED
2026-05-20 20:36:09.479,503.4604,,slider,1,0,0.00,-0.00,0.00,ACTIVE,NONE,12580,0,P,P,0.00,released,RELEASED
2026-05-20 20:36:09.879,503.8604,,slider,1,0,0.00,-0.00,0.00,ACTIVE,NONE,12590,0,P,P,0.00,released,RELEASED
2026-05-20 20:36:10.280,504.2617,,slider,1,0,0.00,-0.00,0.00,ACTIVE,NONE,12600,0,P,P,0.00,released,RELEASED
2026-05-20 20:36:10.680,504.6610,,slider,1,0,0.00,-0.00,0.00,ACTIVE,NONE,12610,0,P,P,0.00,released,RELEASED
2026-05-20 20:36:11.079,505.0603,,slider,1,0,0.00,-0.00,0.00,ACTIVE,NONE,12620,0,P,P,0.00,released,RELEASED
2026-05-20 20:36:11.479,505.4601,,slider,1,0,0.00,-0.00,0.00,ACTIVE,NONE,12630,0,P,P,0.00,released,RELEASED
2026-05-20 20:36:11.879,505.8604,,slider,1,0,0.00,-0.00,0.00,ACTIVE,NONE,12640,0,P,P,0.00,released,RELEASED
2026-05-20 20:36:12.279,506.2599,,slider,1,0,0.00,-0.00,0.00,ACTIVE,NONE,12650,0,P,P,0.00,released,RELEASED
2026-05-20 20:36:12.679,506.6603,,slider,1,0,0.00,-0.00,0.00,ACTIVE,NONE,12660,0,P,P,0.00,released,RELEASED
2026-05-20 20:36:13.079,507.0604,,slider,1,0,0.00,-0.00,0.00,ACTIVE,NONE,12670,0,P,P,0.00,released,RELEASED
2026-05-20 20:36:13.480,507.4610,,slider,1,0,0.00,-0.00,0.00,ACTIVE,NONE,12680,0,P,P,0.00,released,RELEASED
2026-05-20 20:36:13.879,507.8606,,slider,1,0,0.00,-0.00,0.00,ACTIVE,NONE,12690,0,P,P,0.00,released,RELEASED
2026-05-20 20:36:14.280,508.2615,,slider,1,0,0.00,-0.00,0.00,ACTIVE,NONE,12700,0,P,P,0.00,released,RELEASED
2026-05-20 20:36:14.679,508.6606,,slider,1,0,0.00,-0.00,0.00,ACTIVE,NONE,12710,0,P,P,0.00,released,RELEASED
2026-05-20 20:36:15.079,509.0603,,slider,1,0,0.00,-0.00,0.00,ACTIVE,NONE,12720,0,P,P,0.00,released,RELEASED
2026-05-20 20:36:15.479,509.4605,,slider,1,0,0.00,-0.00,0.00,ACTIVE,NONE,12730,0,P,P,0.00,released,RELEASED
2026-05-20 20:36:15.880,509.8607,,slider,1,0,0.00,-0.00,0.00,ACTIVE,NONE,12740,0,P,P,0.00,released,RELEASED
2026-05-20 20:36:16.279,510.2605,,slider,1,0,0.00,-0.00,0.00,ACTIVE,NONE,12750,0,P,P,0.00,released,RELEASED
2026-05-20 20:36:16.679,510.6601,,slider,1,0,0.00,-0.00,0.00,ACTIVE,NONE,12760,0,P,P,0.00,released,RELEASED
2026-05-20 20:36:17.079,511.0603,,slider,1,0,0.00,-0.00,0.00,ACTIVE,NONE,12770,0,P,P,0.00,released,RELEASED
2026-05-20 20:36:17.479,511.4602,,slider,1,0,0.00,-0.00,0.00,ACTIVE,NONE,12780,0,P,P,0.00,released,RELEASED
2026-05-20 20:36:17.879,511.8607,,slider,1,0,0.00,-0.00,0.00,ACTIVE,NONE,12790,0,P,P,0.00,released,RELEASED
2026-05-20 20:36:18.279,512.2607,,slider,1,0,0.00,-0.00,0.00,ACTIVE,NONE,12800,0,P,P,0.00,released,RELEASED
2026-05-20 20:36:18.679,512.6604,,slider,1,0,0.00,-0.00,0.00,ACTIVE,NONE,12810,0,P,P,0.00,released,RELEASED
2026-05-20 20:36:19.080,513.0611,,slider,1,0,0.00,-0.00,0.00,ACTIVE,NONE,12820,0,P,P,0.00,released,RELEASED
2026-05-20 20:36:19.480,513.4608,,slider,1,0,0.00,-0.00,0.00,ACTIVE,NONE,12830,0,P,P,0.00,released,RELEASED
2026-05-20 20:36:19.880,513.8610,,slider,1,0,0.00,-0.00,0.00,ACTIVE,NONE,12840,0,P,P,0.00,released,RELEASED
2026-05-20 20:36:20.280,514.2612,,slider,1,0,0.00,-0.00,0.00,ACTIVE,NONE,12850,0,P,P,0.00,released,RELEASED
2026-05-20 20:36:20.679,514.6604,,slider,1,0,0.00,-0.00,0.00,ACTIVE,NONE,12860,0,P,P,0.00,released,RELEASED
2026-05-20 20:36:21.080,515.0609,,slider,1,0,0.00,-0.00,0.00,ACTIVE,NONE,12870,0,P,P,0.00,released,RELEASED
2026-05-20 20:36:21.480,515.4608,,slider,1,0,0.00,-0.00,0.00,ACTIVE,NONE,12880,0,P,P,0.00,released,RELEASED
2026-05-20 20:36:21.880,515.8610,,slider,1,0,0.00,-0.00,0.00,ACTIVE,NONE,12890,0,P,P,0.00,released,RELEASED
2026-05-20 20:36:22.281,516.2621,,slider,1,0,0.00,-0.00,0.00,ACTIVE,NONE,12900,0,P,P,0.00,released,RELEASED
2026-05-20 20:36:22.680,516.6610,,slider,1,0,0.00,-0.00,0.00,ACTIVE,NONE,12910,0,P,P,0.00,released,RELEASED
2026-05-20 20:36:23.079,517.0605,,slider,1,0,0.00,-0.00,0.00,ACTIVE,NONE,12920,0,P,P,0.00,released,RELEASED
2026-05-20 20:36:23.480,517.4608,,slider,1,0,0.00,-0.00,0.00,ACTIVE,NONE,12930,0,P,P,0.00,released,RELEASED
2026-05-20 20:36:23.880,517.8615,,slider,1,0,0.00,-0.00,0.00,ACTIVE,NONE,12940,0,P,P,0.00,released,RELEASED
2026-05-20 20:36:24.280,518.2616,,slider,1,0,0.00,-0.00,0.00,ACTIVE,NONE,12950,0,P,P,0.00,released,RELEASED
2026-05-20 20:36:24.680,518.6611,,slider,1,0,0.00,-0.00,0.00,ACTIVE,NONE,12960,0,P,P,0.00,released,RELEASED
2026-05-20 20:36:25.080,519.0613,,slider,1,0,0.00,-0.00,0.00,ACTIVE,NONE,12970,0,P,P,0.00,released,RELEASED
2026-05-20 20:36:25.481,519.4622,,slider,1,0,0.00,-0.00,0.00,ACTIVE,NONE,12980,0,P,P,0.00,released,RELEASED
2026-05-20 20:36:25.880,519.8613,,slider,1,0,0.00,-0.00,0.00,ACTIVE,NONE,12990,0,P,P,0.00,released,RELEASED
2026-05-20 20:36:26.281,520.2624,,slider,1,0,0.00,-0.00,0.00,ACTIVE,NONE,13000,0,P,P,0.00,released,RELEASED
2026-05-20 20:36:26.681,520.6620,,slider,1,0,0.00,-0.00,0.00,ACTIVE,NONE,13010,0,P,P,0.00,released,RELEASED
2026-05-20 20:36:27.080,521.0608,,slider,1,0,0.00,-0.00,0.00,ACTIVE,NONE,13020,0,P,P,0.00,released,RELEASED
2026-05-20 20:36:27.480,521.4611,,slider,1,0,0.00,-0.00,0.00,ACTIVE,NONE,13030,0,P,P,0.00,released,RELEASED
2026-05-20 20:36:27.880,521.8616,,slider,1,0,0.00,-0.00,0.00,ACTIVE,NONE,13040,0,P,P,0.00,released,RELEASED
2026-05-20 20:36:28.280,522.2611,,slider,1,0,0.00,-0.00,0.00,ACTIVE,NONE,13050,0,P,P,0.00,released,RELEASED
2026-05-20 20:36:28.680,522.6612,,slider,1,0,0.00,-0.00,0.00,ACTIVE,NONE,13060,0,P,P,0.00,released,RELEASED
2026-05-20 20:36:29.081,523.0618,,slider,1,0,0.00,-0.00,0.00,ACTIVE,NONE,13070,0,P,P,0.00,released,RELEASED
2026-05-20 20:36:29.480,523.4612,,slider,1,0,0.00,-0.00,0.00,ACTIVE,NONE,13080,0,P,P,0.00,released,RELEASED
2026-05-20 20:36:29.881,523.8617,,slider,1,0,0.00,-0.00,0.00,ACTIVE,NONE,13090,0,P,P,0.00,released,RELEASED
2026-05-20 20:36:30.281,524.2619,,slider,1,0,0.00,-0.00,0.00,ACTIVE,NONE,13100,0,P,P,0.00,released,RELEASED
2026-05-20 20:36:30.681,524.6621,,slider,1,0,0.00,-0.00,0.00,ACTIVE,NONE,13110,0,P,P,0.00,released,RELEASED
2026-05-20 20:36:31.081,525.0620,,slider,1,0,0.00,-0.00,0.00,ACTIVE,NONE,13120,0,P,P,0.00,released,RELEASED
2026-05-20 20:36:31.481,525.4624,,slider,1,0,0.00,-0.00,0.00,ACTIVE,NONE,13130,0,P,P,0.00,released,RELEASED
2026-05-20 20:36:31.881,525.8625,,slider,1,0,0.00,-0.00,0.00,ACTIVE,NONE,13140,0,P,P,0.00,released,RELEASED
2026-05-20 20:36:32.281,526.2622,,slider,1,0,0.00,-0.00,0.00,ACTIVE,NONE,13150,0,P,P,0.00,released,RELEASED
2026-05-20 20:36:32.681,526.6621,,slider,1,0,0.00,-0.00,0.00,ACTIVE,NONE,13160,0,P,P,0.00,released,RELEASED
2026-05-20 20:36:33.081,527.0621,,slider,1,0,0.00,-0.00,0.00,ACTIVE,NONE,13170,0,P,P,0.00,released,RELEASED
2026-05-20 20:36:33.481,527.4623,,slider,1,0,0.00,-0.00,0.00,ACTIVE,NONE,13180,0,P,P,0.00,released,RELEASED
2026-05-20 20:36:33.881,527.8620,,slider,1,0,0.00,-0.00,0.00,ACTIVE,NONE,13190,0,P,P,0.00,released,RELEASED
2026-05-20 20:36:34.281,528.2622,,slider,1,0,0.00,-0.00,0.00,ACTIVE,NONE,13200,0,P,P,0.00,released,RELEASED
2026-05-20 20:36:34.681,528.6620,,slider,1,0,0.00,-0.00,0.00,ACTIVE,NONE,13210,0,P,P,0.00,released,RELEASED
2026-05-20 20:36:35.081,529.0622,,slider,1,0,0.00,-0.00,0.00,ACTIVE,NONE,13220,0,P,P,0.00,released,RELEASED
2026-05-20 20:36:35.481,529.4624,,slider,1,0,0.00,-0.00,0.00,ACTIVE,NONE,13230,0,P,P,0.00,released,RELEASED
2026-05-20 20:36:35.881,529.8623,,slider,1,0,0.00,-0.00,0.00,ACTIVE,NONE,13240,0,P,P,0.00,released,RELEASED
2026-05-20 20:36:36.281,530.2626,,slider,1,0,0.00,-0.00,0.00,ACTIVE,NONE,13250,0,P,P,0.00,released,RELEASED
2026-05-20 20:36:36.681,530.6621,,slider,1,0,0.00,-0.00,0.00,ACTIVE,NONE,13260,0,P,P,0.00,released,RELEASED
2026-05-20 20:36:37.081,531.0623,,slider,1,0,0.00,-0.00,0.00,ACTIVE,NONE,13270,0,P,P,0.00,released,RELEASED
2026-05-20 20:36:37.481,531.4622,,slider,1,0,0.00,-0.00,0.00,ACTIVE,NONE,13280,0,P,P,0.00,released,RELEASED
2026-05-20 20:36:37.881,531.8623,,slider,1,0,0.00,-0.00,0.00,ACTIVE,NONE,13290,0,P,P,0.00,released,RELEASED
2026-05-20 20:36:38.281,532.2624,,slider,1,0,0.00,-0.00,0.00,ACTIVE,NONE,13300,0,P,P,0.00,released,RELEASED
2026-05-20 20:36:38.681,532.6619,,slider,1,0,0.00,-0.00,0.00,ACTIVE,NONE,13310,0,P,P,0.00,released,RELEASED
2026-05-20 20:36:39.081,533.0626,,slider,1,0,0.00,-0.00,0.00,ACTIVE,NONE,13320,0,P,P,0.00,released,RELEASED
2026-05-20 20:36:39.481,533.4622,,slider,1,0,0.00,-0.00,0.00,ACTIVE,NONE,13330,0,P,P,0.00,released,RELEASED
2026-05-20 20:36:39.882,533.8627,,slider,1,0,0.00,-0.00,0.00,ACTIVE,NONE,13340,0,P,P,0.00,released,RELEASED
2026-05-20 20:36:40.282,534.2632,,slider,1,0,0.00,-0.00,0.00,ACTIVE,NONE,13350,0,P,P,0.00,released,RELEASED
2026-05-20 20:36:40.682,534.6632,,slider,1,0,0.00,-0.00,0.00,ACTIVE,NONE,13360,0,P,P,0.00,released,RELEASED
2026-05-20 20:36:41.081,535.0623,,slider,1,0,0.00,-0.00,0.00,ACTIVE,NONE,13370,0,P,P,0.00,released,RELEASED
2026-05-20 20:36:41.481,535.4626,,slider,1,0,0.00,-0.00,0.00,ACTIVE,NONE,13380,0,P,P,0.00,released,RELEASED
2026-05-20 20:36:41.882,535.8630,,slider,1,0,0.00,-0.00,0.00,ACTIVE,NONE,13390,0,P,P,0.00,released,RELEASED
2026-05-20 20:36:42.282,536.2630,,slider,1,0,0.00,-0.00,0.00,ACTIVE,NONE,13400,0,P,P,0.00,released,RELEASED
2026-05-20 20:36:42.682,536.6631,,slider,1,0,0.00,-0.00,0.00,ACTIVE,NONE,13410,0,P,P,0.00,released,RELEASED
2026-05-20 20:36:43.082,537.0627,,slider,1,0,0.00,-0.00,0.00,ACTIVE,NONE,13420,0,P,P,0.00,released,RELEASED
2026-05-20 20:36:43.482,537.4628,,slider,1,0,0.00,-0.00,0.00,ACTIVE,NONE,13430,0,P,P,0.00,released,RELEASED
2026-05-20 20:36:43.882,537.8633,,slider,1,0,0.00,-0.00,0.00,ACTIVE,NONE,13440,0,P,P,0.00,released,RELEASED
2026-05-20 20:36:44.282,538.2631,,slider,1,0,0.00,-0.00,0.00,ACTIVE,NONE,13450,0,P,P,0.00,released,RELEASED
2026-05-20 20:36:44.682,538.6634,,slider,1,0,0.00,-0.00,0.00,ACTIVE,NONE,13460,0,P,P,0.00,released,RELEASED
2026-05-20 20:36:45.082,539.0627,,slider,1,0,0.00,-0.00,0.00,ACTIVE,NONE,13470,0,P,P,0.00,released,RELEASED
2026-05-20 20:36:45.482,539.4627,,slider,1,0,0.00,-0.00,0.00,ACTIVE,NONE,13480,0,P,P,0.00,released,RELEASED
2026-05-20 20:36:45.882,539.8629,,slider,1,0,0.00,-0.00,0.00,ACTIVE,NONE,13490,0,P,P,0.00,released,RELEASED
2026-05-20 20:36:46.282,540.2629,,slider,1,0,0.00,-0.00,0.00,ACTIVE,NONE,13500,0,P,P,0.00,released,RELEASED
2026-05-20 20:36:46.682,540.6632,,slider,1,0,0.00,-0.00,0.00,ACTIVE,NONE,13510,0,P,P,0.00,released,RELEASED
2026-05-20 20:36:47.082,541.0629,,slider,1,0,0.00,-0.00,0.00,ACTIVE,NONE,13520,0,P,P,0.00,released,RELEASED
2026-05-20 20:36:47.482,541.4631,,slider,1,0,0.00,-0.00,0.00,ACTIVE,NONE,13530,0,P,P,0.00,released,RELEASED
2026-05-20 20:36:47.882,541.8633,,slider,1,0,0.00,-0.00,0.00,ACTIVE,NONE,13540,0,P,P,0.00,released,RELEASED
2026-05-20 20:36:48.282,542.2632,,slider,1,0,0.00,-0.00,0.00,ACTIVE,NONE,13550,0,P,P,0.00,released,RELEASED
2026-05-20 20:36:48.682,542.6636,,slider,1,0,0.00,-0.00,0.00,ACTIVE,NONE,13560,0,P,P,0.00,released,RELEASED
2026-05-20 20:36:49.082,543.0633,,slider,1,0,0.00,-0.00,0.00,ACTIVE,NONE,13570,0,P,P,0.00,released,RELEASED
2026-05-20 20:36:49.482,543.4636,,slider,1,0,0.00,-0.00,0.00,ACTIVE,NONE,13580,0,P,P,0.00,released,RELEASED
2026-05-20 20:36:49.883,543.8637,,slider,1,0,0.00,-0.00,0.00,ACTIVE,NONE,13590,0,P,P,0.00,released,RELEASED
2026-05-20 20:36:50.283,544.2637,,slider,1,0,0.00,-0.00,0.00,ACTIVE,NONE,13600,0,P,P,0.00,released,RELEASED
2026-05-20 20:36:50.683,544.6638,,slider,1,0,0.00,-0.00,0.00,ACTIVE,NONE,13610,0,P,P,0.00,released,RELEASED
2026-05-20 20:36:51.082,545.0635,,slider,1,0,0.00,-0.00,0.00,ACTIVE,NONE,13620,0,P,P,0.00,released,RELEASED
2026-05-20 20:36:51.482,545.4636,,slider,1,0,0.00,-0.00,0.00,ACTIVE,NONE,13630,0,P,P,0.00,released,RELEASED
2026-05-20 20:36:51.883,545.8638,,slider,1,0,0.00,-0.00,0.00,ACTIVE,NONE,13640,0,P,P,0.00,released,RELEASED
2026-05-20 20:36:52.282,546.2635,,slider,1,0,0.00,-0.00,0.00,ACTIVE,NONE,13650,0,P,P,0.00,released,RELEASED
2026-05-20 20:36:52.682,546.6634,,slider,1,0,0.00,-0.00,0.00,ACTIVE,NONE,13660,0,P,P,0.00,released,RELEASED
2026-05-20 20:36:53.082,547.0636,,slider,1,0,0.00,-0.00,0.00,ACTIVE,NONE,13670,0,P,P,0.00,released,RELEASED
2026-05-20 20:36:53.483,547.4645,,slider,1,0,0.00,-0.00,0.00,ACTIVE,NONE,13680,0,P,P,0.00,released,RELEASED
2026-05-20 20:36:53.883,547.8639,,slider,1,0,0.00,-0.00,0.00,ACTIVE,NONE,13690,0,P,P,0.00,released,RELEASED
2026-05-20 20:36:54.283,548.2643,,slider,1,0,0.00,-0.00,0.00,ACTIVE,NONE,13700,0,P,P,0.00,released,RELEASED
2026-05-20 20:36:54.683,548.6639,,slider,1,0,0.00,-0.00,0.00,ACTIVE,NONE,13710,0,P,P,0.00,released,RELEASED
2026-05-20 20:36:55.083,549.0639,,slider,1,0,0.00,-0.00,0.00,ACTIVE,NONE,13720,0,P,P,0.00,released,RELEASED
2026-05-20 20:36:55.483,549.4643,,slider,1,0,0.00,-0.00,0.00,ACTIVE,NONE,13730,0,P,P,0.00,released,RELEASED
2026-05-20 20:36:55.883,549.8639,,slider,1,0,0.00,-0.00,0.00,ACTIVE,NONE,13740,0,P,P,0.00,released,RELEASED
2026-05-20 20:36:56.283,550.2644,,slider,1,0,0.00,-0.00,0.00,ACTIVE,NONE,13750,0,P,P,0.00,released,RELEASED
2026-05-20 20:36:56.683,550.6642,,slider,1,0,0.00,-0.00,0.00,ACTIVE,NONE,13760,0,P,P,0.00,released,RELEASED
2026-05-20 20:36:57.082,551.0636,,slider,1,0,0.00,-0.00,0.00,ACTIVE,NONE,13770,0,P,P,0.00,released,RELEASED
2026-05-20 20:36:57.483,551.4639,,slider,1,0,0.00,-0.00,0.00,ACTIVE,NONE,13780,0,P,P,0.00,released,RELEASED
2026-05-20 20:36:57.883,551.8640,,slider,1,0,0.00,-0.00,0.00,ACTIVE,NONE,13790,0,P,P,0.00,released,RELEASED
2026-05-20 20:36:58.283,552.2644,,slider,1,0,0.00,-0.00,0.00,ACTIVE,NONE,13800,0,P,P,0.00,released,RELEASED
2026-05-20 20:36:58.683,552.6640,,slider,1,0,0.00,-0.00,0.00,ACTIVE,NONE,13810,0,P,P,0.00,released,RELEASED
2026-05-20 20:36:59.083,553.0638,,slider,1,0,0.00,-0.00,0.00,ACTIVE,NONE,13820,0,P,P,0.00,released,RELEASED
2026-05-20 20:36:59.483,553.4645,,slider,1,0,0.00,-0.00,0.00,ACTIVE,NONE,13830,0,P,P,0.00,released,RELEASED
2026-05-20 20:36:59.883,553.8644,,slider,1,0,0.00,-0.00,0.00,ACTIVE,NONE,13840,0,P,P,0.00,released,RELEASED
2026-05-20 20:37:00.283,554.2645,,slider,1,0,0.00,-0.00,0.00,ACTIVE,NONE,13850,0,P,P,0.00,released,RELEASED
2026-05-20 20:37:00.683,554.6647,,slider,1,0,0.00,-0.00,0.00,ACTIVE,NONE,13860,0,P,P,0.00,released,RELEASED
2026-05-20 20:37:01.083,555.0644,,slider,1,0,0.00,-0.00,0.00,ACTIVE,NONE,13870,0,P,P,0.00,released,RELEASED
2026-05-20 20:37:01.483,555.4641,,slider,1,0,0.00,-0.00,0.00,ACTIVE,NONE,13880,0,P,P,0.00,released,RELEASED
2026-05-20 20:37:01.884,555.8647,,slider,1,0,0.00,-0.00,0.00,ACTIVE,NONE,13890,0,P,P,0.00,released,RELEASED
2026-05-20 20:37:02.283,556.2647,,slider,1,0,0.00,-0.00,0.00,ACTIVE,NONE,13900,0,P,P,0.00,released,RELEASED
2026-05-20 20:37:02.683,556.6645,,slider,1,0,0.00,-0.00,0.00,ACTIVE,NONE,13910,0,P,P,0.00,released,RELEASED
2026-05-20 20:37:03.083,557.0641,,slider,1,0,0.00,-0.00,0.00,ACTIVE,NONE,13920,0,P,P,0.00,released,RELEASED
2026-05-20 20:37:03.483,557.4646,,slider,1,0,0.00,-0.00,0.00,ACTIVE,NONE,13930,0,P,P,0.00,released,RELEASED
2026-05-20 20:37:03.883,557.8643,,slider,1,0,0.00,-0.00,0.00,ACTIVE,NONE,13940,0,P,P,0.00,released,RELEASED
2026-05-20 20:37:04.283,558.2643,,slider,1,0,0.00,-0.00,0.00,ACTIVE,NONE,13950,0,P,P,0.00,released,RELEASED
2026-05-20 20:37:04.684,558.6650,,slider,1,0,0.00,-0.00,0.00,ACTIVE,NONE,13960,0,P,P,0.00,released,RELEASED
2026-05-20 20:37:05.084,559.0648,,slider,1,0,0.00,-0.00,0.00,ACTIVE,NONE,13970,0,P,P,0.00,released,RELEASED
2026-05-20 20:37:05.484,559.4647,,slider,1,0,0.00,-0.00,0.00,ACTIVE,NONE,13980,0,P,P,0.00,released,RELEASED
2026-05-20 20:37:05.884,559.8649,,slider,1,0,0.00,-0.00,0.00,ACTIVE,NONE,13990,0,P,P,0.00,released,RELEASED
2026-05-20 20:37:06.283,560.2645,,slider,1,0,0.00,-0.00,0.00,ACTIVE,NONE,14000,0,P,P,0.00,released,RELEASED
2026-05-20 20:37:06.684,560.6650,,slider,1,0,0.00,-0.00,0.00,ACTIVE,NONE,14010,0,P,P,0.00,released,RELEASED
2026-05-20 20:37:07.084,561.0651,,slider,1,0,0.00,-0.00,0.00,ACTIVE,NONE,14020,0,P,P,0.00,released,RELEASED
2026-05-20 20:37:07.484,561.4650,,slider,1,0,0.00,-0.00,0.00,ACTIVE,NONE,14030,0,P,P,0.00,released,RELEASED
2026-05-20 20:37:07.884,561.8652,,slider,1,0,0.00,-0.00,0.00,ACTIVE,NONE,14040,0,P,P,0.00,released,RELEASED
2026-05-20 20:37:08.284,562.2648,,slider,1,0,0.00,-0.00,0.00,ACTIVE,NONE,14050,0,P,P,0.00,released,RELEASED
2026-05-20 20:37:08.684,562.6648,,slider,1,0,0.00,-0.00,0.00,ACTIVE,NONE,14060,0,P,P,0.00,released,RELEASED
2026-05-20 20:37:09.084,563.0649,,slider,1,0,0.00,-0.00,0.00,ACTIVE,NONE,14070,0,P,P,0.00,released,RELEASED
2026-05-20 20:37:09.484,563.4650,,slider,1,0,0.00,-0.00,0.00,ACTIVE,NONE,14080,0,P,P,0.00,released,RELEASED
2026-05-20 20:37:09.885,563.8657,,slider,1,0,0.00,-0.00,0.00,ACTIVE,NONE,14090,0,P,P,0.00,released,RELEASED
2026-05-20 20:37:10.285,564.2658,,slider,1,0,0.00,-0.00,0.00,ACTIVE,NONE,14100,0,P,P,0.00,released,RELEASED
2026-05-20 20:37:10.685,564.6657,,slider,1,0,0.00,-0.00,0.00,ACTIVE,NONE,14110,0,P,P,0.00,released,RELEASED
2026-05-20 20:37:11.084,565.0652,,slider,1,0,0.00,-0.00,0.00,ACTIVE,NONE,14120,0,P,P,0.00,released,RELEASED
2026-05-20 20:37:11.484,565.4656,,slider,1,0,0.00,-0.00,0.00,ACTIVE,NONE,14130,0,P,P,0.00,released,RELEASED
2026-05-20 20:37:11.884,565.8649,,slider,1,0,0.00,-0.00,0.00,ACTIVE,NONE,14140,0,P,P,0.00,released,RELEASED
2026-05-20 20:37:12.285,566.2658,,slider,1,0,0.00,-0.00,0.00,ACTIVE,NONE,14150,0,P,P,0.00,released,RELEASED
2026-05-20 20:37:12.684,566.6655,,slider,1,0,0.00,-0.00,0.00,ACTIVE,NONE,14160,0,P,P,0.00,released,RELEASED
2026-05-20 20:37:13.084,567.0657,,slider,1,0,0.00,-0.00,0.00,ACTIVE,NONE,14170,0,P,P,0.00,released,RELEASED
2026-05-20 20:37:13.484,567.4649,,slider,1,0,0.00,-0.00,0.00,ACTIVE,NONE,14180,0,P,P,0.00,released,RELEASED
2026-05-20 20:37:13.884,567.8652,,slider,1,0,0.00,-0.00,0.00,ACTIVE,NONE,14190,0,P,P,0.00,released,RELEASED
2026-05-20 20:37:14.284,568.2656,,slider,1,0,0.00,-0.00,0.00,ACTIVE,NONE,14200,0,P,P,0.00,released,RELEASED
2026-05-20 20:37:14.684,568.6653,,slider,1,0,0.00,-0.00,0.00,ACTIVE,NONE,14210,0,P,P,0.00,released,RELEASED
2026-05-20 20:37:15.085,569.0658,,slider,1,0,0.00,-0.00,0.00,ACTIVE,NONE,14220,0,P,P,0.00,released,RELEASED
2026-05-20 20:37:15.485,569.4661,,slider,1,0,0.00,-0.00,0.00,ACTIVE,NONE,14230,0,P,P,0.00,released,RELEASED
2026-05-20 20:37:15.885,569.8659,,slider,1,0,0.00,-0.00,0.00,ACTIVE,NONE,14240,0,P,P,0.00,released,RELEASED
2026-05-20 20:37:16.285,570.2666,,slider,1,0,0.00,-0.00,0.00,ACTIVE,NONE,14250,0,P,P,0.00,released,RELEASED
2026-05-20 20:37:16.685,570.6661,,slider,1,0,0.00,-0.00,0.00,ACTIVE,NONE,14260,0,P,P,0.00,released,RELEASED
2026-05-20 20:37:17.084,571.0656,,slider,1,0,0.00,-0.00,0.00,ACTIVE,NONE,14270,0,P,P,0.00,released,RELEASED
2026-05-20 20:37:17.485,571.4659,,slider,1,0,0.00,-0.00,0.00,ACTIVE,NONE,14280,0,P,P,0.00,released,RELEASED
2026-05-20 20:37:17.885,571.8657,,slider,1,0,0.00,-0.00,0.00,ACTIVE,NONE,14290,0,P,P,0.00,released,RELEASED
2026-05-20 20:37:18.284,572.2655,,slider,1,0,0.00,-0.00,0.00,ACTIVE,NONE,14300,0,P,P,0.00,released,RELEASED
2026-05-20 20:37:18.685,572.6659,,slider,1,0,0.00,-0.00,0.00,ACTIVE,NONE,14310,0,P,P,0.00,released,RELEASED
2026-05-20 20:37:19.085,573.0658,,slider,1,0,0.00,-0.00,0.00,ACTIVE,NONE,14320,0,P,P,0.00,released,RELEASED
2026-05-20 20:37:19.484,573.4657,,slider,1,0,0.00,-0.00,0.00,ACTIVE,NONE,14330,0,P,P,0.00,released,RELEASED
2026-05-20 20:37:19.884,573.8656,,slider,1,0,0.00,-0.00,0.00,ACTIVE,NONE,14340,0,P,P,0.00,released,RELEASED
2026-05-20 20:37:20.285,574.2665,,slider,1,0,0.00,-0.00,0.00,ACTIVE,NONE,14350,0,P,P,0.00,released,RELEASED
2026-05-20 20:37:20.685,574.6663,,slider,1,0,0.00,-0.00,0.00,ACTIVE,NONE,14360,0,P,P,0.00,released,RELEASED
2026-05-20 20:37:21.085,575.0657,,slider,1,0,0.00,-0.00,0.00,ACTIVE,NONE,14370,0,P,P,0.00,released,RELEASED
2026-05-20 20:37:21.485,575.4665,,slider,1,0,0.00,-0.00,0.00,ACTIVE,NONE,14380,0,P,P,0.00,released,RELEASED
2026-05-20 20:37:21.885,575.8659,,slider,1,0,0.00,-0.00,0.00,ACTIVE,NONE,14390,0,P,P,0.00,released,RELEASED
2026-05-20 20:37:22.285,576.2663,,slider,1,0,0.00,-0.00,0.00,ACTIVE,NONE,14400,0,P,P,0.00,released,RELEASED
2026-05-20 20:37:22.685,576.6663,,slider,1,0,0.00,-0.00,0.00,ACTIVE,NONE,14410,0,P,P,0.00,released,RELEASED
2026-05-20 20:37:23.086,577.0667,,slider,1,0,0.00,-0.00,0.00,ACTIVE,NONE,14420,0,P,P,0.00,released,RELEASED
2026-05-20 20:37:23.485,577.4662,,slider,1,0,0.00,-0.00,0.00,ACTIVE,NONE,14430,0,P,P,0.00,released,RELEASED
2026-05-20 20:37:23.885,577.8664,,slider,1,0,0.00,-0.00,0.00,ACTIVE,NONE,14440,0,P,P,0.00,released,RELEASED
2026-05-20 20:37:24.286,578.2669,,slider,1,0,0.00,-0.00,0.00,ACTIVE,NONE,14450,0,P,P,0.00,released,RELEASED
2026-05-20 20:37:24.685,578.6666,,slider,1,0,0.00,-0.00,0.00,ACTIVE,NONE,14460,0,P,P,0.00,released,RELEASED
2026-05-20 20:37:25.085,579.0665,,slider,1,0,0.00,-0.00,0.00,ACTIVE,NONE,14470,0,P,P,0.00,released,RELEASED
2026-05-20 20:37:25.486,579.4668,,slider,1,0,0.00,-0.00,0.00,ACTIVE,NONE,14480,0,P,P,0.00,released,RELEASED
2026-05-20 20:37:25.885,579.8664,,slider,1,0,0.00,-0.00,0.00,ACTIVE,NONE,14490,0,P,P,0.00,released,RELEASED
2026-05-20 20:37:26.286,580.2670,,slider,1,0,0.00,-0.00,0.00,ACTIVE,NONE,14500,0,P,P,0.00,released,RELEASED
2026-05-20 20:37:26.686,580.6670,,slider,1,0,0.00,-0.00,0.00,ACTIVE,NONE,14510,0,P,P,0.00,released,RELEASED
2026-05-20 20:37:27.085,581.0666,,slider,1,0,0.00,-0.00,0.00,ACTIVE,NONE,14520,0,P,P,0.00,released,RELEASED
2026-05-20 20:37:27.486,581.4668,,slider,1,0,0.00,-0.00,0.00,ACTIVE,NONE,14530,0,P,P,0.00,released,RELEASED
2026-05-20 20:37:27.885,581.8666,,slider,1,0,0.00,-0.00,0.00,ACTIVE,NONE,14540,0,P,P,0.00,released,RELEASED
2026-05-20 20:37:28.286,582.2668,,slider,1,0,0.00,-0.00,0.00,ACTIVE,NONE,14550,0,P,P,0.00,released,RELEASED
2026-05-20 20:37:28.685,582.6666,,slider,1,0,0.00,-0.00,0.00,ACTIVE,NONE,14560,0,P,P,0.00,released,RELEASED
2026-05-20 20:37:29.086,583.0667,,slider,1,0,0.00,-0.00,0.00,ACTIVE,NONE,14570,0,P,P,0.00,released,RELEASED
2026-05-20 20:37:29.486,583.4669,,slider,1,0,0.00,-0.00,0.00,ACTIVE,NONE,14580,0,P,P,0.00,released,RELEASED
2026-05-20 20:37:29.886,583.8671,,slider,1,0,0.00,-0.00,0.00,ACTIVE,NONE,14590,0,P,P,0.00,released,RELEASED
2026-05-20 20:37:30.286,584.2671,,slider,1,0,0.00,-0.00,0.00,ACTIVE,NONE,14600,0,P,P,0.00,released,RELEASED
2026-05-20 20:37:30.686,584.6669,,slider,1,0,0.00,-0.00,0.00,ACTIVE,NONE,14610,0,P,P,0.00,released,RELEASED
2026-05-20 20:37:31.086,585.0675,,slider,1,0,0.00,-0.00,0.00,ACTIVE,NONE,14620,0,P,P,0.00,released,RELEASED
2026-05-20 20:37:31.486,585.4671,,slider,1,0,0.00,-0.00,0.00,ACTIVE,NONE,14630,0,P,P,0.00,released,RELEASED
2026-05-20 20:37:31.886,585.8670,,slider,1,0,0.00,-0.00,0.00,ACTIVE,NONE,14640,0,P,P,0.00,released,RELEASED
2026-05-20 20:37:32.286,586.2672,,slider,1,0,0.00,-0.00,0.00,ACTIVE,NONE,14650,0,P,P,0.00,released,RELEASED
2026-05-20 20:37:32.687,586.6678,,slider,1,0,0.00,-0.00,0.00,ACTIVE,NONE,14660,0,P,P,0.00,released,RELEASED
2026-05-20 20:37:33.086,587.0674,,slider,1,0,0.00,-0.00,0.00,ACTIVE,NONE,14670,0,P,P,0.00,released,RELEASED
2026-05-20 20:37:33.486,587.4675,,slider,1,0,0.00,-0.00,0.00,ACTIVE,NONE,14680,0,P,P,0.00,released,RELEASED
2026-05-20 20:37:33.886,587.8674,,slider,1,0,0.00,-0.00,0.00,ACTIVE,NONE,14690,0,P,P,0.00,released,RELEASED
2026-05-20 20:37:34.288,588.2689,,slider,1,0,0.00,-0.00,0.00,ACTIVE,NONE,14700,0,P,P,0.00,released,RELEASED
2026-05-20 20:37:34.686,588.6675,,slider,1,0,0.00,-0.00,0.00,ACTIVE,NONE,14710,0,P,P,0.00,released,RELEASED
2026-05-20 20:37:35.087,589.0677,,slider,1,0,0.00,-0.00,0.00,ACTIVE,NONE,14720,0,P,P,0.00,released,RELEASED
2026-05-20 20:37:35.487,589.4677,,slider,1,0,0.00,-0.00,0.00,ACTIVE,NONE,14730,0,P,P,0.00,released,RELEASED
2026-05-20 20:37:35.887,589.8677,,slider,1,0,0.00,-0.00,0.00,ACTIVE,NONE,14740,0,P,P,0.00,released,RELEASED
2026-05-20 20:37:36.286,590.2674,,slider,1,0,0.00,-0.00,0.00,ACTIVE,NONE,14750,0,P,P,0.00,released,RELEASED
2026-05-20 20:37:36.686,590.6675,,slider,1,0,0.00,-0.00,0.00,ACTIVE,NONE,14760,0,P,P,0.00,released,RELEASED
2026-05-20 20:37:37.087,591.0680,,slider,1,0,0.00,-0.00,0.00,ACTIVE,NONE,14770,0,P,P,0.00,released,RELEASED
2026-05-20 20:37:37.488,591.4690,,slider,1,0,0.00,-0.00,0.00,ACTIVE,NONE,14780,0,P,P,0.00,released,RELEASED
2026-05-20 20:37:37.887,591.8684,,slider,1,0,0.00,-0.00,0.00,ACTIVE,NONE,14790,0,P,P,0.00,released,RELEASED
2026-05-20 20:37:38.288,592.2688,,slider,1,0,0.00,-0.00,0.00,ACTIVE,NONE,14800,0,P,P,0.00,released,RELEASED
2026-05-20 20:37:38.687,592.6680,,slider,1,0,0.00,-0.00,0.00,ACTIVE,NONE,14810,0,P,P,0.00,released,RELEASED
2026-05-20 20:37:39.086,593.0676,,slider,1,0,0.00,-0.00,0.00,ACTIVE,NONE,14820,0,P,P,0.00,released,RELEASED
2026-05-20 20:37:39.488,593.4690,,slider,1,0,0.00,-0.00,0.00,ACTIVE,NONE,14830,0,P,P,0.00,released,RELEASED
2026-05-20 20:37:39.887,593.8685,,slider,1,0,0.00,-0.00,0.00,ACTIVE,NONE,14840,0,P,P,0.00,released,RELEASED
2026-05-20 20:37:40.286,594.2675,,slider,1,0,0.00,-0.00,0.00,ACTIVE,NONE,14850,0,P,P,0.00,released,RELEASED
2026-05-20 20:37:40.686,594.6676,,slider,1,0,0.00,-0.00,0.00,ACTIVE,NONE,14860,0,P,P,0.00,released,RELEASED
2026-05-20 20:37:41.087,595.0678,,slider,1,0,0.00,-0.00,0.00,ACTIVE,NONE,14870,0,P,P,0.00,released,RELEASED
2026-05-20 20:37:41.488,595.4688,,slider,1,0,0.00,-0.00,0.00,ACTIVE,NONE,14880,0,P,P,0.00,released,RELEASED
2026-05-20 20:37:41.887,595.8681,,slider,1,0,0.00,-0.00,0.00,ACTIVE,NONE,14890,0,P,P,0.00,released,RELEASED
2026-05-20 20:37:42.287,596.2681,,slider,1,0,0.00,-0.00,0.00,ACTIVE,NONE,14900,0,P,P,0.00,released,RELEASED
2026-05-20 20:37:42.687,596.6678,,slider,1,0,0.00,-0.00,0.00,ACTIVE,NONE,14910,0,P,P,0.00,released,RELEASED
2026-05-20 20:37:43.087,597.0684,,slider,1,0,0.00,-0.00,0.00,ACTIVE,NONE,14920,0,P,P,0.00,released,RELEASED
2026-05-20 20:37:43.487,597.4684,,slider,1,0,0.00,-0.00,0.00,ACTIVE,NONE,14930,0,P,P,0.00,released,RELEASED
2026-05-20 20:37:43.887,597.8684,,slider,1,0,0.00,-0.00,0.00,ACTIVE,NONE,14940,0,P,P,0.00,released,RELEASED
2026-05-20 20:37:44.288,598.2690,,slider,1,0,0.00,-0.00,0.00,ACTIVE,NONE,14950,0,P,P,0.00,released,RELEASED
2026-05-20 20:37:44.687,598.6682,,slider,1,0,0.00,-0.00,0.00,ACTIVE,NONE,14960,0,P,P,0.00,released,RELEASED
2026-05-20 20:37:45.087,599.0684,,slider,1,0,0.00,-0.00,0.00,ACTIVE,NONE,14970,0,P,P,0.00,released,RELEASED
2026-05-20 20:37:45.487,599.4683,,slider,1,0,0.00,-0.00,0.00,ACTIVE,NONE,14980,0,P,P,0.00,released,RELEASED
2026-05-20 20:37:45.888,599.8692,,slider,1,0,0.00,-0.00,0.00,ACTIVE,NONE,14990,0,P,P,0.00,released,RELEASED
2026-05-20 20:37:46.288,600.2689,,slider,1,0,0.00,-0.00,0.00,ACTIVE,NONE,15000,0,P,P,0.00,released,RELEASED
2026-05-20 20:37:46.688,600.6687,,slider,1,0,0.00,-0.00,0.00,ACTIVE,NONE,15010,0,P,P,0.00,released,RELEASED
2026-05-20 20:37:47.087,601.0685,,slider,1,0,0.00,-0.00,0.00,ACTIVE,NONE,15020,0,P,P,0.00,released,RELEASED
2026-05-20 20:37:47.488,601.4692,,slider,1,0,0.00,-0.00,0.00,ACTIVE,NONE,15030,0,P,P,0.00,released,RELEASED
2026-05-20 20:37:47.888,601.8688,,slider,1,0,0.00,-0.00,0.00,ACTIVE,NONE,15040,0,P,P,0.00,released,RELEASED
2026-05-20 20:37:48.288,602.2695,,slider,1,0,0.00,-0.00,0.00,ACTIVE,NONE,15050,0,P,P,0.00,released,RELEASED
2026-05-20 20:37:48.688,602.6695,,slider,1,0,0.00,-0.00,0.00,ACTIVE,NONE,15060,0,P,P,0.00,released,RELEASED
2026-05-20 20:37:49.088,603.0690,,slider,1,0,0.00,-0.00,0.00,ACTIVE,NONE,15070,0,P,P,0.00,released,RELEASED
2026-05-20 20:37:49.488,603.4690,,slider,1,0,0.00,-0.00,0.00,ACTIVE,NONE,15080,0,P,P,0.00,released,RELEASED
2026-05-20 20:37:49.888,603.8691,,slider,1,0,0.00,-0.00,0.00,ACTIVE,NONE,15090,0,P,P,0.00,released,RELEASED
2026-05-20 20:37:50.288,604.2695,,slider,1,0,0.00,-0.00,0.00,ACTIVE,NONE,15100,0,P,P,0.00,released,RELEASED
2026-05-20 20:37:50.688,604.6690,,slider,1,0,0.00,-0.00,0.00,ACTIVE,NONE,15110,0,P,P,0.00,released,RELEASED
2026-05-20 20:37:51.088,605.0692,,slider,1,0,0.00,-0.00,0.00,ACTIVE,NONE,15120,0,P,P,0.00,released,RELEASED
2026-05-20 20:37:51.488,605.4694,,slider,1,0,0.00,-0.00,0.00,ACTIVE,NONE,15130,0,P,P,0.00,released,RELEASED
2026-05-20 20:37:51.888,605.8691,,slider,1,0,0.00,-0.00,0.00,ACTIVE,NONE,15140,0,P,P,0.00,released,RELEASED
2026-05-20 20:37:52.288,606.2692,,slider,1,0,0.00,-0.00,0.00,ACTIVE,NONE,15150,0,P,P,0.00,released,RELEASED
2026-05-20 20:37:52.688,606.6692,,slider,1,0,0.00,-0.00,0.00,ACTIVE,NONE,15160,0,P,P,0.00,released,RELEASED
2026-05-20 20:37:53.088,607.0690,,slider,1,0,0.00,-0.00,0.00,ACTIVE,NONE,15170,0,P,P,0.00,released,RELEASED
2026-05-20 20:37:53.488,607.4695,,slider,1,0,0.00,-0.00,0.00,ACTIVE,NONE,15180,0,P,P,0.00,released,RELEASED
2026-05-20 20:37:53.888,607.8694,,slider,1,0,0.00,-0.00,0.00,ACTIVE,NONE,15190,0,P,P,0.00,released,RELEASED
2026-05-20 20:37:54.288,608.2691,,slider,1,0,0.00,-0.00,0.00,ACTIVE,NONE,15200,0,P,P,0.00,released,RELEASED
2026-05-20 20:37:54.688,608.6692,,slider,1,0,0.00,-0.00,0.00,ACTIVE,NONE,15210,0,P,P,0.00,released,RELEASED
2026-05-20 20:37:55.088,609.0691,,slider,1,0,0.00,-0.00,0.00,ACTIVE,NONE,15220,0,P,P,0.00,released,RELEASED
2026-05-20 20:37:55.488,609.4694,,slider,1,0,0.00,-0.00,0.00,ACTIVE,NONE,15230,0,P,P,0.00,released,RELEASED
2026-05-20 20:37:55.888,609.8693,,slider,1,0,0.00,-0.00,0.00,ACTIVE,NONE,15240,0,P,P,0.00,released,RELEASED
2026-05-20 20:37:56.288,610.2696,,slider,1,0,0.00,-0.00,0.00,ACTIVE,NONE,15250,0,P,P,0.00,released,RELEASED
2026-05-20 20:37:56.688,610.6694,,slider,1,0,0.00,-0.00,0.00,ACTIVE,NONE,15260,0,P,P,0.00,released,RELEASED
2026-05-20 20:37:57.088,611.0694,,slider,1,0,0.00,-0.00,0.00,ACTIVE,NONE,15270,0,P,P,0.00,released,RELEASED
2026-05-20 20:37:57.488,611.4695,,slider,1,0,0.00,-0.00,0.00,ACTIVE,NONE,15280,0,P,P,0.00,released,RELEASED
2026-05-20 20:37:57.888,611.8691,,slider,1,0,0.00,-0.00,0.00,ACTIVE,NONE,15290,0,P,P,0.00,released,RELEASED
2026-05-20 20:37:58.288,612.2694,,slider,1,0,0.00,-0.00,0.00,ACTIVE,NONE,15300,0,P,P,0.00,released,RELEASED
2026-05-20 20:37:58.689,612.6698,,slider,1,0,0.00,-0.00,0.00,ACTIVE,NONE,15310,0,P,P,0.00,released,RELEASED
2026-05-20 20:37:59.088,613.0694,,slider,1,0,0.00,-0.00,0.00,ACTIVE,NONE,15320,0,P,P,0.00,released,RELEASED
2026-05-20 20:37:59.488,613.4696,,slider,1,0,0.00,-0.00,0.00,ACTIVE,NONE,15330,0,P,P,0.00,released,RELEASED
2026-05-20 20:37:59.888,613.8693,,slider,1,0,0.00,-0.00,0.00,ACTIVE,NONE,15340,0,P,P,0.00,released,RELEASED
2026-05-20 20:38:00.288,614.2696,,slider,1,0,0.00,-0.00,0.00,ACTIVE,NONE,15350,0,P,P,0.00,released,RELEASED
2026-05-20 20:38:00.688,614.6697,,slider,1,0,0.00,-0.00,0.00,ACTIVE,NONE,15360,0,P,P,0.00,released,RELEASED
2026-05-20 20:38:01.088,615.0696,,slider,1,0,0.00,-0.00,0.00,ACTIVE,NONE,15370,0,P,P,0.00,released,RELEASED
2026-05-20 20:38:01.489,615.4699,,slider,1,0,0.00,-0.00,0.00,ACTIVE,NONE,15380,0,P,P,0.00,released,RELEASED
2026-05-20 20:38:01.889,615.8697,,slider,1,0,0.00,-0.00,0.00,ACTIVE,NONE,15390,0,P,P,0.00,released,RELEASED
2026-05-20 20:38:02.289,616.2703,,slider,1,0,0.00,-0.00,0.00,ACTIVE,NONE,15400,0,P,P,0.00,released,RELEASED
2026-05-20 20:38:02.688,616.6694,,slider,1,0,0.00,-0.00,0.00,ACTIVE,NONE,15410,0,P,P,0.00,released,RELEASED
2026-05-20 20:38:03.089,617.0698,,slider,1,0,0.00,-0.00,0.00,ACTIVE,NONE,15420,0,P,P,0.00,released,RELEASED
2026-05-20 20:38:03.489,617.4701,,slider,1,0,0.00,-0.00,0.00,ACTIVE,NONE,15430,0,P,P,0.00,released,RELEASED
2026-05-20 20:38:03.889,617.8697,,slider,1,0,0.00,-0.00,0.00,ACTIVE,NONE,15440,0,P,P,0.00,released,RELEASED
2026-05-20 20:38:04.289,618.2702,,slider,1,0,0.00,-0.00,0.00,ACTIVE,NONE,15450,0,P,P,0.00,released,RELEASED
2026-05-20 20:38:04.689,618.6700,,slider,1,0,0.00,-0.00,0.00,ACTIVE,NONE,15460,0,P,P,0.00,released,RELEASED
2026-05-20 20:38:05.089,619.0698,,slider,1,0,0.00,-0.00,0.00,ACTIVE,NONE,15470,0,P,P,0.00,released,RELEASED
2026-05-20 20:38:05.489,619.4702,,slider,1,0,0.00,-0.00,0.00,ACTIVE,NONE,15480,0,P,P,0.00,released,RELEASED
2026-05-20 20:38:05.889,619.8701,,slider,1,0,0.00,-0.00,0.00,ACTIVE,NONE,15490,0,P,P,0.00,released,RELEASED
2026-05-20 20:38:06.289,620.2705,,slider,1,0,0.00,-0.00,0.00,ACTIVE,NONE,15500,0,P,P,0.00,released,RELEASED
2026-05-20 20:38:06.689,620.6699,,slider,1,0,0.00,-0.00,0.00,ACTIVE,NONE,15510,0,P,P,0.00,released,RELEASED
2026-05-20 20:38:07.089,621.0705,,slider,1,0,0.00,-0.00,0.00,ACTIVE,NONE,15520,0,P,P,0.00,released,RELEASED
2026-05-20 20:38:07.489,621.4703,,slider,1,0,0.00,-0.00,0.00,ACTIVE,NONE,15530,0,P,P,0.00,released,RELEASED
2026-05-20 20:38:07.889,621.8701,,slider,1,0,0.00,-0.00,0.00,ACTIVE,NONE,15540,0,P,P,0.00,released,RELEASED
2026-05-20 20:38:08.289,622.2702,,slider,1,0,0.00,-0.00,0.00,ACTIVE,NONE,15550,0,P,P,0.00,released,RELEASED
2026-05-20 20:38:08.689,622.6703,,slider,1,0,0.00,-0.00,0.00,ACTIVE,NONE,15560,0,P,P,0.00,released,RELEASED
2026-05-20 20:38:09.089,623.0702,,slider,1,0,0.00,-0.00,0.00,ACTIVE,NONE,15570,0,P,P,0.00,released,RELEASED
2026-05-20 20:38:09.489,623.4706,,slider,1,0,0.00,-0.00,0.00,ACTIVE,NONE,15580,0,P,P,0.00,released,RELEASED
2026-05-20 20:38:09.889,623.8703,,slider,1,0,0.00,-0.00,0.00,ACTIVE,NONE,15590,0,P,P,0.00,released,RELEASED
2026-05-20 20:38:10.290,624.2709,,slider,1,0,0.00,-0.00,0.00,ACTIVE,NONE,15600,0,P,P,0.00,released,RELEASED
2026-05-20 20:38:10.690,624.6708,,slider,1,0,0.00,-0.00,0.00,ACTIVE,NONE,15610,0,P,P,0.00,released,RELEASED
2026-05-20 20:38:11.089,625.0705,,slider,1,0,0.00,-0.00,0.00,ACTIVE,NONE,15620,0,P,P,0.00,released,RELEASED
2026-05-20 20:38:11.489,625.4706,,slider,1,0,0.00,-0.00,0.00,ACTIVE,NONE,15630,0,P,P,0.00,released,RELEASED
2026-05-20 20:38:11.889,625.8705,,slider,1,0,0.00,-0.00,0.00,ACTIVE,NONE,15640,0,P,P,0.00,released,RELEASED
2026-05-20 20:38:12.290,626.2708,,slider,1,0,0.00,-0.00,0.00,ACTIVE,NONE,15650,0,P,P,0.00,released,RELEASED
2026-05-20 20:38:12.690,626.6708,,slider,1,0,0.00,-0.00,0.00,ACTIVE,NONE,15660,0,P,P,0.00,released,RELEASED
2026-05-20 20:38:13.090,627.0707,,slider,1,0,0.00,-0.00,0.00,ACTIVE,NONE,15670,0,P,P,0.00,released,RELEASED
2026-05-20 20:38:13.490,627.4712,,slider,1,0,0.00,-0.00,0.00,ACTIVE,NONE,15680,0,P,P,0.00,released,RELEASED
2026-05-20 20:38:13.890,627.8708,,slider,1,0,0.00,-0.00,0.00,ACTIVE,NONE,15690,0,P,P,0.00,released,RELEASED
2026-05-20 20:38:14.290,628.2714,,slider,1,0,0.00,-0.00,0.00,ACTIVE,NONE,15700,0,P,P,0.00,released,RELEASED
2026-05-20 20:38:14.690,628.6711,,slider,1,0,0.00,-0.00,0.00,ACTIVE,NONE,15710,0,P,P,0.00,released,RELEASED
2026-05-20 20:38:15.090,629.0708,,slider,1,0,0.00,-0.00,0.00,ACTIVE,NONE,15720,0,P,P,0.00,released,RELEASED
2026-05-20 20:38:15.490,629.4711,,slider,1,0,0.00,-0.00,0.00,ACTIVE,NONE,15730,0,P,P,0.00,released,RELEASED
2026-05-20 20:38:15.890,629.8711,,slider,1,0,0.00,-0.00,0.00,ACTIVE,NONE,15740,0,P,P,0.00,released,RELEASED
2026-05-20 20:38:16.290,630.2716,,slider,1,0,0.00,-0.00,0.00,ACTIVE,NONE,15750,0,P,P,0.00,released,RELEASED
2026-05-20 20:38:16.690,630.6715,,slider,1,0,0.00,-0.00,0.00,ACTIVE,NONE,15760,0,P,P,0.00,released,RELEASED
2026-05-20 20:38:17.090,631.0711,,slider,1,0,0.00,-0.00,0.00,ACTIVE,NONE,15770,0,P,P,0.00,released,RELEASED
2026-05-20 20:38:17.490,631.4714,,slider,1,0,0.00,-0.00,0.00,ACTIVE,NONE,15780,0,P,P,0.00,released,RELEASED
2026-05-20 20:38:17.890,631.8714,,slider,1,0,0.00,-0.00,0.00,ACTIVE,NONE,15790,0,P,P,0.00,released,RELEASED
2026-05-20 20:38:18.290,632.2716,,slider,1,0,0.00,-0.00,0.00,ACTIVE,NONE,15800,0,P,P,0.00,released,RELEASED
2026-05-20 20:38:18.690,632.6713,,slider,1,0,0.00,-0.00,0.00,ACTIVE,NONE,15810,0,P,P,0.00,released,RELEASED
2026-05-20 20:38:19.090,633.0715,,slider,1,0,0.00,-0.00,0.00,ACTIVE,NONE,15820,0,P,P,0.00,released,RELEASED
2026-05-20 20:38:19.490,633.4716,,slider,1,0,0.00,-0.00,0.00,ACTIVE,NONE,15830,0,P,P,0.00,released,RELEASED
2026-05-20 20:38:19.890,633.8715,,slider,1,0,0.00,-0.00,0.00,ACTIVE,NONE,15840,0,P,P,0.00,released,RELEASED
2026-05-20 20:38:20.290,634.2716,,slider,1,0,0.00,-0.00,0.00,ACTIVE,NONE,15850,0,P,P,0.00,released,RELEASED
2026-05-20 20:38:20.690,634.6715,,slider,1,0,0.00,-0.00,0.00,ACTIVE,NONE,15860,0,P,P,0.00,released,RELEASED
2026-05-20 20:38:21.090,635.0717,,slider,1,0,0.00,-0.00,0.00,ACTIVE,NONE,15870,0,P,P,0.00,released,RELEASED
2026-05-20 20:38:21.490,635.4716,,slider,1,0,0.00,-0.00,0.00,ACTIVE,NONE,15880,0,P,P,0.00,released,RELEASED
2026-05-20 20:38:21.890,635.8716,,slider,1,0,0.00,-0.00,0.00,ACTIVE,NONE,15890,0,P,P,0.00,released,RELEASED
2026-05-20 20:38:22.291,636.2720,,slider,1,0,0.00,-0.00,0.00,ACTIVE,NONE,15900,0,P,P,0.00,released,RELEASED
2026-05-20 20:38:22.691,636.6719,,slider,1,0,0.00,-0.00,0.00,ACTIVE,NONE,15910,0,P,P,0.00,released,RELEASED
2026-05-20 20:38:23.091,637.0722,,slider,1,0,0.00,-0.00,0.00,ACTIVE,NONE,15920,0,P,P,0.00,released,RELEASED
2026-05-20 20:38:23.491,637.4720,,slider,1,0,0.00,-0.00,0.00,ACTIVE,NONE,15930,0,P,P,0.00,released,RELEASED
2026-05-20 20:38:23.891,637.8721,,slider,1,0,0.00,-0.00,0.00,ACTIVE,NONE,15940,0,P,P,0.00,released,RELEASED
2026-05-20 20:38:24.291,638.2722,,slider,1,0,0.00,-0.00,0.00,ACTIVE,NONE,15950,0,P,P,0.00,released,RELEASED
2026-05-20 20:38:24.691,638.6722,,slider,1,0,0.00,-0.00,0.00,ACTIVE,NONE,15960,0,P,P,0.00,released,RELEASED
2026-05-20 20:38:25.091,639.0722,,slider,1,0,0.00,-0.00,0.00,ACTIVE,NONE,15970,0,P,P,0.00,released,RELEASED
2026-05-20 20:38:25.491,639.4722,,slider,1,0,0.00,-0.00,0.00,ACTIVE,NONE,15980,0,P,P,0.00,released,RELEASED
2026-05-20 20:38:25.891,639.8723,,slider,1,0,0.00,-0.00,0.00,ACTIVE,NONE,15990,0,P,P,0.00,released,RELEASED
2026-05-20 20:38:26.291,640.2724,,slider,1,0,0.00,-0.00,0.00,ACTIVE,NONE,16000,0,P,P,0.00,released,RELEASED
2026-05-20 20:38:26.691,640.6724,,slider,1,0,0.00,-0.00,0.00,ACTIVE,NONE,16010,0,P,P,0.00,released,RELEASED
2026-05-20 20:38:27.091,641.0723,,slider,1,0,0.00,-0.00,0.00,ACTIVE,NONE,16020,0,P,P,0.00,released,RELEASED
2026-05-20 20:38:27.491,641.4726,,slider,1,0,0.00,-0.00,0.00,ACTIVE,NONE,16030,0,P,P,0.00,released,RELEASED
2026-05-20 20:38:27.891,641.8725,,slider,1,0,0.00,-0.00,0.00,ACTIVE,NONE,16040,0,P,P,0.00,released,RELEASED
2026-05-20 20:38:28.292,642.2727,,slider,1,0,0.00,-0.00,0.00,ACTIVE,NONE,16050,0,P,P,0.00,released,RELEASED
2026-05-20 20:38:28.691,642.6727,,slider,1,0,0.00,-0.00,0.00,ACTIVE,NONE,16060,0,P,P,0.00,released,RELEASED
2026-05-20 20:38:29.091,643.0726,,slider,1,0,0.00,-0.00,0.00,ACTIVE,NONE,16070,0,P,P,0.00,released,RELEASED
2026-05-20 20:38:29.492,643.4727,,slider,1,0,0.00,-0.00,0.00,ACTIVE,NONE,16080,0,P,P,0.00,released,RELEASED
2026-05-20 20:38:29.891,643.8726,,slider,1,0,0.00,-0.00,0.00,ACTIVE,NONE,16090,0,P,P,0.00,released,RELEASED
2026-05-20 20:38:30.292,644.2729,,slider,1,0,0.00,-0.00,0.00,ACTIVE,NONE,16100,0,P,P,0.00,released,RELEASED
2026-05-20 20:38:30.691,644.6726,,slider,1,0,0.00,-0.00,0.00,ACTIVE,NONE,16110,0,P,P,0.00,released,RELEASED
2026-05-20 20:38:31.091,645.0727,,slider,1,0,0.00,-0.00,0.00,ACTIVE,NONE,16120,0,P,P,0.00,released,RELEASED
2026-05-20 20:38:31.492,645.4729,,slider,1,0,0.00,-0.00,0.00,ACTIVE,NONE,16130,0,P,P,0.00,released,RELEASED
2026-05-20 20:38:31.892,645.8728,,slider,1,0,0.00,-0.00,0.00,ACTIVE,NONE,16140,0,P,P,0.00,released,RELEASED
2026-05-20 20:38:32.292,646.2731,,slider,1,0,0.00,-0.00,0.00,ACTIVE,NONE,16150,0,P,P,0.00,released,RELEASED
2026-05-20 20:38:32.692,646.6730,,slider,1,0,0.00,-0.00,0.00,ACTIVE,NONE,16160,0,P,P,0.00,released,RELEASED
2026-05-20 20:38:33.092,647.0730,,slider,1,0,0.00,-0.00,0.00,ACTIVE,NONE,16170,0,P,P,0.00,released,RELEASED
2026-05-20 20:38:33.492,647.4729,,slider,1,0,0.00,-0.00,0.00,ACTIVE,NONE,16180,0,P,P,0.00,released,RELEASED
2026-05-20 20:38:33.892,647.8728,,slider,1,0,0.00,-0.00,0.00,ACTIVE,NONE,16190,0,P,P,0.00,released,RELEASED
2026-05-20 20:38:34.292,648.2730,,slider,1,0,0.00,-0.00,0.00,ACTIVE,NONE,16200,0,P,P,0.00,released,RELEASED
2026-05-20 20:38:34.692,648.6730,,slider,1,0,0.00,-0.00,0.00,ACTIVE,NONE,16210,0,P,P,0.00,released,RELEASED
2026-05-20 20:38:35.092,649.0731,,slider,1,0,0.00,-0.00,0.00,ACTIVE,NONE,16220,0,P,P,0.00,released,RELEASED
2026-05-20 20:38:35.492,649.4733,,slider,1,0,0.00,-0.00,0.00,ACTIVE,NONE,16230,0,P,P,0.00,released,RELEASED
2026-05-20 20:38:35.892,649.8732,,slider,1,0,0.00,-0.00,0.00,ACTIVE,NONE,16240,0,P,P,0.00,released,RELEASED
2026-05-20 20:38:36.292,650.2734,,slider,1,0,0.00,-0.00,0.00,ACTIVE,NONE,16250,0,P,P,0.00,released,RELEASED
2026-05-20 20:38:36.692,650.6731,,slider,1,0,0.00,-0.00,0.00,ACTIVE,NONE,16260,0,P,P,0.00,released,RELEASED
2026-05-20 20:38:37.092,651.0734,,slider,1,0,0.00,-0.00,0.00,ACTIVE,NONE,16270,0,P,P,0.00,released,RELEASED
2026-05-20 20:38:37.492,651.4732,,slider,1,0,0.00,-0.00,0.00,ACTIVE,NONE,16280,0,P,P,0.00,released,RELEASED
2026-05-20 20:38:37.892,651.8735,,slider,1,0,0.00,-0.00,0.00,ACTIVE,NONE,16290,0,P,P,0.00,released,RELEASED
2026-05-20 20:38:38.292,652.2735,,slider,1,0,0.00,-0.00,0.00,ACTIVE,NONE,16300,0,P,P,0.00,released,RELEASED
2026-05-20 20:38:38.692,652.6733,,slider,1,0,0.00,-0.00,0.00,ACTIVE,NONE,16310,0,P,P,0.00,released,RELEASED
2026-05-20 20:38:39.092,653.0734,,slider,1,0,0.00,-0.00,0.00,ACTIVE,NONE,16320,0,P,P,0.00,released,RELEASED
2026-05-20 20:38:39.492,653.4735,,slider,1,0,0.00,-0.00,0.00,ACTIVE,NONE,16330,0,P,P,0.00,released,RELEASED
2026-05-20 20:38:39.892,653.8735,,slider,1,0,0.00,-0.00,0.00,ACTIVE,NONE,16340,0,P,P,0.00,released,RELEASED
2026-05-20 20:38:40.293,654.2738,,slider,1,0,0.00,-0.00,0.00,ACTIVE,NONE,16350,0,P,P,0.00,released,RELEASED
2026-05-20 20:38:40.692,654.6736,,slider,1,0,0.00,-0.00,0.00,ACTIVE,NONE,16360,0,P,P,0.00,released,RELEASED
2026-05-20 20:38:41.092,655.0736,,slider,1,0,0.00,-0.00,0.00,ACTIVE,NONE,16370,0,P,P,0.00,released,RELEASED
2026-05-20 20:38:41.492,655.4737,,slider,1,0,0.00,-0.00,0.00,ACTIVE,NONE,16380,0,P,P,0.00,released,RELEASED
2026-05-20 20:38:41.892,655.8736,,slider,1,0,0.00,-0.00,0.00,ACTIVE,NONE,16390,0,P,P,0.00,released,RELEASED
2026-05-20 20:38:42.293,656.2740,,slider,1,0,0.00,-0.00,0.00,ACTIVE,NONE,16400,0,P,P,0.00,released,RELEASED
2026-05-20 20:38:42.692,656.6735,,slider,1,0,0.00,-0.00,0.00,ACTIVE,NONE,16410,0,P,P,0.00,released,RELEASED
2026-05-20 20:38:43.093,657.0738,,slider,1,0,0.00,-0.00,0.00,ACTIVE,NONE,16420,0,P,P,0.00,released,RELEASED
2026-05-20 20:38:43.493,657.4738,,slider,1,0,0.00,-0.00,0.00,ACTIVE,NONE,16430,0,P,P,0.00,released,RELEASED
2026-05-20 20:38:43.892,657.8737,,slider,1,0,0.00,-0.00,0.00,ACTIVE,NONE,16440,0,P,P,0.00,released,RELEASED
2026-05-20 20:38:44.293,658.2739,,slider,1,0,0.00,-0.00,0.00,ACTIVE,NONE,16450,0,P,P,0.00,released,RELEASED
2026-05-20 20:38:44.693,658.6739,,slider,1,0,0.00,-0.00,0.00,ACTIVE,NONE,16460,0,P,P,0.00,released,RELEASED
2026-05-20 20:38:45.093,659.0739,,slider,1,0,0.00,-0.00,0.00,ACTIVE,NONE,16470,0,P,P,0.00,released,RELEASED
2026-05-20 20:38:45.493,659.4741,,slider,1,0,0.00,-0.00,0.00,ACTIVE,NONE,16480,0,P,P,0.00,released,RELEASED
2026-05-20 20:38:45.893,659.8742,,slider,1,0,0.00,-0.00,0.00,ACTIVE,NONE,16490,0,P,P,0.00,released,RELEASED
2026-05-20 20:38:46.293,660.2742,,slider,1,0,0.00,-0.00,0.00,ACTIVE,NONE,16500,0,P,P,0.00,released,RELEASED
2026-05-20 20:38:46.693,660.6742,,slider,1,0,0.00,-0.00,0.00,ACTIVE,NONE,16510,0,P,P,0.00,released,RELEASED
2026-05-20 20:38:47.093,661.0744,,slider,1,0,0.00,-0.00,0.00,ACTIVE,NONE,16520,0,P,P,0.00,released,RELEASED
2026-05-20 20:38:47.493,661.4743,,slider,1,0,0.00,-0.00,0.00,ACTIVE,NONE,16530,0,P,P,0.00,released,RELEASED
2026-05-20 20:38:47.893,661.8744,,slider,1,0,0.00,-0.00,0.00,ACTIVE,NONE,16540,0,P,P,0.00,released,RELEASED
2026-05-20 20:38:48.294,662.2748,,slider,1,0,0.00,-0.00,0.00,ACTIVE,NONE,16550,0,P,P,0.00,released,RELEASED
2026-05-20 20:38:48.693,662.6747,,slider,1,0,0.00,-0.00,0.00,ACTIVE,NONE,16560,0,P,P,0.00,released,RELEASED
2026-05-20 20:38:49.093,663.0744,,slider,1,0,0.00,-0.00,0.00,ACTIVE,NONE,16570,0,P,P,0.00,released,RELEASED
2026-05-20 20:38:49.493,663.4743,,slider,1,0,0.00,-0.00,0.00,ACTIVE,NONE,16580,0,P,P,0.00,released,RELEASED
2026-05-20 20:38:49.894,663.8749,,slider,1,0,0.00,-0.00,0.00,ACTIVE,NONE,16590,0,P,P,0.00,released,RELEASED
2026-05-20 20:38:50.293,664.2746,,slider,1,0,0.00,-0.00,0.00,ACTIVE,NONE,16600,0,P,P,0.00,released,RELEASED
2026-05-20 20:38:50.693,664.6745,,slider,1,0,0.00,-0.00,0.00,ACTIVE,NONE,16610,0,P,P,0.00,released,RELEASED
2026-05-20 20:38:51.093,665.0743,,slider,1,0,0.00,-0.00,0.00,ACTIVE,NONE,16620,0,P,P,0.00,released,RELEASED
2026-05-20 20:38:51.494,665.4747,,slider,1,0,0.00,-0.00,0.00,ACTIVE,NONE,16630,0,P,P,0.00,released,RELEASED
2026-05-20 20:38:51.893,665.8744,,slider,1,0,0.00,-0.00,0.00,ACTIVE,NONE,16640,0,P,P,0.00,released,RELEASED
2026-05-20 20:38:52.294,666.2751,,slider,1,0,0.00,-0.00,0.00,ACTIVE,NONE,16650,0,P,P,0.00,released,RELEASED
2026-05-20 20:38:52.694,666.6748,,slider,1,0,0.00,-0.00,0.00,ACTIVE,NONE,16660,0,P,P,0.00,released,RELEASED
2026-05-20 20:38:53.093,667.0746,,slider,1,0,0.00,-0.00,0.00,ACTIVE,NONE,16670,0,P,P,0.00,released,RELEASED
2026-05-20 20:38:53.494,667.4749,,slider,1,0,0.00,-0.00,0.00,ACTIVE,NONE,16680,0,P,P,0.00,released,RELEASED
2026-05-20 20:38:53.893,667.8746,,slider,1,0,0.00,-0.00,0.00,ACTIVE,NONE,16690,0,P,P,0.00,released,RELEASED
2026-05-20 20:38:54.293,668.2746,,slider,1,0,0.00,-0.00,0.00,ACTIVE,NONE,16700,0,P,P,0.00,released,RELEASED
2026-05-20 20:38:54.693,668.6745,,slider,1,0,0.00,-0.00,0.00,ACTIVE,NONE,16710,0,P,P,0.00,released,RELEASED
2026-05-20 20:38:55.093,669.0746,,slider,1,0,0.00,-0.00,0.00,ACTIVE,NONE,16720,0,P,P,0.00,released,RELEASED
2026-05-20 20:38:55.493,669.4746,,slider,1,0,0.00,-0.00,0.00,ACTIVE,NONE,16730,0,P,P,0.00,released,RELEASED
2026-05-20 20:38:55.893,669.8746,,slider,1,0,0.00,-0.00,0.00,ACTIVE,NONE,16740,0,P,P,0.00,released,RELEASED
2026-05-20 20:38:56.294,670.2747,,slider,1,0,0.00,-0.00,0.00,ACTIVE,NONE,16750,0,P,P,0.00,released,RELEASED
2026-05-20 20:38:56.693,670.6746,,slider,1,0,0.00,-0.00,0.00,ACTIVE,NONE,16760,0,P,P,0.00,released,RELEASED
2026-05-20 20:38:57.094,671.0747,,slider,1,0,0.00,-0.00,0.00,ACTIVE,NONE,16770,0,P,P,0.00,released,RELEASED
2026-05-20 20:38:57.494,671.4747,,slider,1,0,0.00,-0.00,0.00,ACTIVE,NONE,16780,0,P,P,0.00,released,RELEASED
2026-05-20 20:38:57.894,671.8747,,slider,1,0,0.00,-0.00,0.00,ACTIVE,NONE,16790,0,P,P,0.00,released,RELEASED
2026-05-20 20:38:58.294,672.2750,,slider,1,0,0.00,-0.00,0.00,ACTIVE,NONE,16800,0,P,P,0.00,released,RELEASED
2026-05-20 20:38:58.694,672.6748,,slider,1,0,0.00,-0.00,0.00,ACTIVE,NONE,16810,0,P,P,0.00,released,RELEASED
2026-05-20 20:38:59.094,673.0751,,slider,1,0,0.00,-0.00,0.00,ACTIVE,NONE,16820,0,P,P,0.00,released,RELEASED
2026-05-20 20:38:59.494,673.4749,,slider,1,0,0.00,-0.00,0.00,ACTIVE,NONE,16830,0,P,P,0.00,released,RELEASED
2026-05-20 20:38:59.894,673.8750,,slider,1,0,0.00,-0.00,0.00,ACTIVE,NONE,16840,0,P,P,0.00,released,RELEASED
2026-05-20 20:39:00.294,674.2751,,slider,1,0,0.00,-0.00,0.00,ACTIVE,NONE,16850,0,P,P,0.00,released,RELEASED
2026-05-20 20:39:00.694,674.6750,,slider,1,0,0.00,-0.00,0.00,ACTIVE,NONE,16860,0,P,P,0.00,released,RELEASED
2026-05-20 20:39:01.094,675.0752,,slider,1,0,0.00,-0.00,0.00,ACTIVE,NONE,16870,0,P,P,0.00,released,RELEASED
2026-05-20 20:39:01.494,675.4750,,slider,1,0,0.00,-0.00,0.00,ACTIVE,NONE,16880,0,P,P,0.00,released,RELEASED
2026-05-20 20:39:01.894,675.8752,,slider,1,0,0.00,-0.00,0.00,ACTIVE,NONE,16890,0,P,P,0.00,released,RELEASED
2026-05-20 20:39:02.294,676.2754,,slider,1,0,0.00,-0.00,0.00,ACTIVE,NONE,16900,0,P,P,0.00,released,RELEASED
2026-05-20 20:39:02.694,676.6752,,slider,1,0,0.00,-0.00,0.00,ACTIVE,NONE,16910,0,P,P,0.00,released,RELEASED
2026-05-20 20:39:03.094,677.0754,,slider,1,0,0.00,-0.00,0.00,ACTIVE,NONE,16920,0,P,P,0.00,released,RELEASED
2026-05-20 20:39:03.494,677.4757,,slider,1,0,0.00,-0.00,0.00,ACTIVE,NONE,16930,0,P,P,0.00,released,RELEASED
2026-05-20 20:39:03.894,677.8756,,slider,1,0,0.00,-0.00,0.00,ACTIVE,NONE,16940,0,P,P,0.00,released,RELEASED
2026-05-20 20:39:04.295,678.2760,,slider,1,0,0.00,-0.00,0.00,ACTIVE,NONE,16950,0,P,P,0.00,released,RELEASED
2026-05-20 20:39:04.695,678.6759,,slider,1,0,0.00,-0.00,0.00,ACTIVE,NONE,16960,0,P,P,0.00,released,RELEASED
2026-05-20 20:39:05.095,679.0760,,slider,1,0,0.00,-0.00,0.00,ACTIVE,NONE,16970,0,P,P,0.00,released,RELEASED
2026-05-20 20:39:05.495,679.4760,,slider,1,0,0.00,-0.00,0.00,ACTIVE,NONE,16980,0,P,P,0.00,released,RELEASED
2026-05-20 20:39:05.895,679.8761,,slider,1,0,0.00,-0.00,0.00,ACTIVE,NONE,16990,0,P,P,0.00,released,RELEASED
2026-05-20 20:39:06.295,680.2762,,slider,1,0,0.00,-0.00,0.00,ACTIVE,NONE,17000,0,P,P,0.00,released,RELEASED
2026-05-20 20:39:06.695,680.6765,,slider,1,0,0.00,-0.00,0.00,ACTIVE,NONE,17010,0,P,P,0.00,released,RELEASED
2026-05-20 20:39:07.095,681.0762,,slider,1,0,0.00,-0.00,0.00,ACTIVE,NONE,17020,0,P,P,0.00,released,RELEASED
2026-05-20 20:39:07.495,681.4763,,slider,1,0,0.00,-0.00,0.00,ACTIVE,NONE,17030,0,P,P,0.00,released,RELEASED
2026-05-20 20:39:07.895,681.8765,,slider,1,0,0.00,-0.00,0.00,ACTIVE,NONE,17040,0,P,P,0.00,released,RELEASED
2026-05-20 20:39:08.295,682.2763,,slider,1,0,0.00,-0.00,0.00,ACTIVE,NONE,17050,0,P,P,0.00,released,RELEASED
2026-05-20 20:39:08.695,682.6763,,slider,1,0,0.00,-0.00,0.00,ACTIVE,NONE,17060,0,P,P,0.00,released,RELEASED
2026-05-20 20:39:09.095,683.0767,,slider,1,0,0.00,-0.00,0.00,ACTIVE,NONE,17070,0,P,P,0.00,released,RELEASED
2026-05-20 20:39:09.495,683.4765,,slider,1,0,0.00,-0.00,0.00,ACTIVE,NONE,17080,0,P,P,0.00,released,RELEASED
2026-05-20 20:39:09.896,683.8768,,slider,1,0,0.00,-0.00,0.00,ACTIVE,NONE,17090,0,P,P,0.00,released,RELEASED
2026-05-20 20:39:10.296,684.2767,,slider,1,0,0.00,-0.00,0.00,ACTIVE,NONE,17100,0,P,P,0.00,released,RELEASED
2026-05-20 20:39:10.695,684.6766,,slider,1,0,0.00,-0.00,0.00,ACTIVE,NONE,17110,0,P,P,0.00,released,RELEASED
2026-05-20 20:39:11.095,685.0766,,slider,1,0,0.00,-0.00,0.00,ACTIVE,NONE,17120,0,P,P,0.00,released,RELEASED
2026-05-20 20:39:11.496,685.4769,,slider,1,0,0.00,-0.00,0.00,ACTIVE,NONE,17130,0,P,P,0.00,released,RELEASED
2026-05-20 20:39:11.895,685.8766,,slider,1,0,0.00,-0.00,0.00,ACTIVE,NONE,17140,0,P,P,0.00,released,RELEASED
2026-05-20 20:39:12.296,686.2771,,slider,1,0,0.00,-0.00,0.00,ACTIVE,NONE,17150,0,P,P,0.00,released,RELEASED
2026-05-20 20:39:12.696,686.6771,,slider,1,0,0.00,-0.00,0.00,ACTIVE,NONE,17160,0,P,P,0.00,released,RELEASED
2026-05-20 20:39:13.096,687.0770,,slider,1,0,0.00,-0.00,0.00,ACTIVE,NONE,17170,0,P,P,0.00,released,RELEASED
2026-05-20 20:39:13.496,687.4769,,slider,1,0,0.00,-0.00,0.00,ACTIVE,NONE,17180,0,P,P,0.00,released,RELEASED
2026-05-20 20:39:13.897,687.8778,,slider,1,0,0.00,-0.00,0.00,ACTIVE,NONE,17190,0,P,P,0.00,released,RELEASED
2026-05-20 20:39:14.296,688.2771,,slider,1,0,0.00,-0.00,0.00,ACTIVE,NONE,17200,0,P,P,0.00,released,RELEASED
2026-05-20 20:39:14.696,688.6771,,slider,1,0,0.00,-0.00,0.00,ACTIVE,NONE,17210,0,P,P,0.00,released,RELEASED
2026-05-20 20:39:15.096,689.0773,,slider,1,0,0.00,-0.00,0.00,ACTIVE,NONE,17220,0,P,P,0.00,released,RELEASED
2026-05-20 20:39:15.496,689.4772,,slider,1,0,0.00,-0.00,0.00,ACTIVE,NONE,17230,0,P,P,0.00,released,RELEASED
2026-05-20 20:39:15.896,689.8773,,slider,1,0,0.00,-0.00,0.00,ACTIVE,NONE,17240,0,P,P,0.00,released,RELEASED
2026-05-20 20:39:16.296,690.2774,,slider,1,0,0.00,-0.00,0.00,ACTIVE,NONE,17250,0,P,P,0.00,released,RELEASED
2026-05-20 20:39:16.696,690.6773,,slider,1,0,0.00,-0.00,0.00,ACTIVE,NONE,17260,0,P,P,0.00,released,RELEASED
2026-05-20 20:39:17.096,691.0775,,slider,1,0,0.00,-0.00,0.00,ACTIVE,NONE,17270,0,P,P,0.00,released,RELEASED
2026-05-20 20:39:17.496,691.4772,,slider,1,0,0.00,-0.00,0.00,ACTIVE,NONE,17280,0,P,P,0.00,released,RELEASED
2026-05-20 20:39:17.896,691.8775,,slider,1,0,0.00,-0.00,0.00,ACTIVE,NONE,17290,0,P,P,0.00,released,RELEASED
2026-05-20 20:39:18.296,692.2775,,slider,1,0,0.00,-0.00,0.00,ACTIVE,NONE,17300,0,P,P,0.00,released,RELEASED
2026-05-20 20:39:18.696,692.6773,,slider,1,0,0.00,-0.00,0.00,ACTIVE,NONE,17310,0,P,P,0.00,released,RELEASED
2026-05-20 20:39:19.096,693.0776,,slider,1,0,0.00,-0.00,0.00,ACTIVE,NONE,17320,0,P,P,0.00,released,RELEASED
2026-05-20 20:39:19.496,693.4776,,slider,1,0,0.00,-0.00,0.00,ACTIVE,NONE,17330,0,P,P,0.00,released,RELEASED
2026-05-20 20:39:19.897,693.8782,,slider,1,0,0.00,-0.00,0.00,ACTIVE,NONE,17340,0,P,P,0.00,released,RELEASED
2026-05-20 20:39:20.296,694.2775,,slider,1,0,0.00,-0.00,0.00,ACTIVE,NONE,17350,0,P,P,0.00,released,RELEASED
2026-05-20 20:39:20.696,694.6776,,slider,1,0,0.00,-0.00,0.00,ACTIVE,NONE,17360,0,P,P,0.00,released,RELEASED
2026-05-20 20:39:21.097,695.0784,,slider,1,0,0.00,-0.00,0.00,ACTIVE,NONE,17370,0,P,P,0.00,released,RELEASED
2026-05-20 20:39:21.496,695.4775,,slider,1,0,0.00,-0.00,0.00,ACTIVE,NONE,17380,0,P,P,0.00,released,RELEASED
2026-05-20 20:39:21.897,695.8778,,slider,1,0,0.00,-0.00,0.00,ACTIVE,NONE,17390,0,P,P,0.00,released,RELEASED
2026-05-20 20:39:22.297,696.2777,,slider,1,0,0.00,-0.00,0.00,ACTIVE,NONE,17400,0,P,P,0.00,released,RELEASED
2026-05-20 20:39:22.696,696.6776,,slider,1,0,0.00,-0.00,0.00,ACTIVE,NONE,17410,0,P,P,0.00,released,RELEASED
2026-05-20 20:39:23.097,697.0781,,slider,1,0,0.00,-0.00,0.00,ACTIVE,NONE,17420,0,P,P,0.00,released,RELEASED
2026-05-20 20:39:23.496,697.4776,,slider,1,0,0.00,-0.00,0.00,ACTIVE,NONE,17430,0,P,P,0.00,released,RELEASED
2026-05-20 20:39:23.897,697.8777,,slider,1,0,0.00,-0.00,0.00,ACTIVE,NONE,17440,0,P,P,0.00,released,RELEASED
2026-05-20 20:39:24.297,698.2779,,slider,1,0,0.00,-0.00,0.00,ACTIVE,NONE,17450,0,P,P,0.00,released,RELEASED
2026-05-20 20:39:24.697,698.6778,,slider,1,0,0.00,-0.00,0.00,ACTIVE,NONE,17460,0,P,P,0.00,released,RELEASED
2026-05-20 20:39:25.097,699.0781,,slider,1,0,0.00,-0.00,0.00,ACTIVE,NONE,17470,0,P,P,0.00,released,RELEASED
2026-05-20 20:39:25.497,699.4780,,slider,1,0,0.00,-0.00,0.00,ACTIVE,NONE,17480,0,P,P,0.00,released,RELEASED
2026-05-20 20:39:25.897,699.8779,,slider,1,0,0.00,-0.00,0.00,ACTIVE,NONE,17490,0,P,P,0.00,released,RELEASED
2026-05-20 20:39:26.296,700.2776,,slider,1,0,0.00,-0.00,0.00,ACTIVE,NONE,17500,0,P,P,0.00,released,RELEASED
2026-05-20 20:39:26.697,700.6783,,slider,1,0,0.00,-0.00,0.00,ACTIVE,NONE,17510,0,P,P,0.00,released,RELEASED
2026-05-20 20:39:27.097,701.0780,,slider,1,0,0.00,-0.00,0.00,ACTIVE,NONE,17520,0,P,P,0.00,released,RELEASED
2026-05-20 20:39:27.497,701.4777,,slider,1,0,0.00,-0.00,0.00,ACTIVE,NONE,17530,0,P,P,0.00,released,RELEASED
2026-05-20 20:39:27.897,701.8782,,slider,1,0,0.00,-0.00,0.00,ACTIVE,NONE,17540,0,P,P,0.00,released,RELEASED
2026-05-20 20:39:28.280,702.2608,,slider,1,0,0.00,-0.00,0.00,ACTIVE,NONE,17550,0,P,P,0.00,released,RELEASED
2026-05-20 20:39:28.697,702.6784,,slider,1,0,0.00,-0.00,0.00,ACTIVE,NONE,17560,0,P,P,0.00,released,RELEASED
2026-05-20 20:39:29.097,703.0782,,slider,1,0,0.00,-0.00,0.00,ACTIVE,NONE,17570,0,P,P,0.00,released,RELEASED
2026-05-20 20:39:29.497,703.4780,,slider,1,0,0.00,-0.00,0.00,ACTIVE,NONE,17580,0,P,P,0.00,released,RELEASED
2026-05-20 20:39:29.897,703.8779,,slider,1,0,0.00,-0.00,0.00,ACTIVE,NONE,17590,0,P,P,0.00,released,RELEASED
2026-05-20 20:39:30.280,704.2609,,slider,1,0,0.00,-0.00,0.00,ACTIVE,NONE,17600,0,P,P,0.00,released,RELEASED
2026-05-20 20:39:30.697,704.6781,,slider,1,0,0.00,-0.00,0.00,ACTIVE,NONE,17610,0,P,P,0.00,released,RELEASED
2026-05-20 20:39:31.097,705.0781,,slider,1,0,0.00,-0.00,0.00,ACTIVE,NONE,17620,0,P,P,0.00,released,RELEASED
2026-05-20 20:39:31.498,705.4788,,slider,1,0,0.00,-0.00,0.00,ACTIVE,NONE,17630,0,P,P,0.00,released,RELEASED
2026-05-20 20:39:31.897,705.8784,,slider,1,0,0.00,-0.00,0.00,ACTIVE,NONE,17640,0,P,P,0.00,released,RELEASED
2026-05-20 20:39:32.297,706.2785,,slider,1,0,0.00,-0.00,0.00,ACTIVE,NONE,17650,0,P,P,0.00,released,RELEASED
2026-05-20 20:39:32.697,706.6785,,slider,1,0,0.00,-0.00,0.00,ACTIVE,NONE,17660,0,P,P,0.00,released,RELEASED
2026-05-20 20:39:33.097,707.0785,,slider,1,0,0.00,-0.00,0.00,ACTIVE,NONE,17670,0,P,P,0.00,released,RELEASED
2026-05-20 20:39:33.497,707.4784,,slider,1,0,0.00,-0.00,0.00,ACTIVE,NONE,17680,0,P,P,0.00,released,RELEASED
2026-05-20 20:39:33.898,707.8791,,slider,1,0,0.00,-0.00,0.00,ACTIVE,NONE,17690,0,P,P,0.00,released,RELEASED
2026-05-20 20:39:34.280,708.2611,,slider,1,0,0.00,-0.00,0.00,ACTIVE,NONE,17700,0,P,P,0.00,released,RELEASED
2026-05-20 20:39:34.697,708.6785,,slider,1,0,0.00,-0.00,0.00,ACTIVE,NONE,17710,0,P,P,0.00,released,RELEASED
2026-05-20 20:39:35.098,709.0787,,slider,1,0,0.00,-0.00,0.00,ACTIVE,NONE,17720,0,P,P,0.00,released,RELEASED
2026-05-20 20:39:35.480,709.4615,,slider,1,0,0.00,-0.00,0.00,ACTIVE,NONE,17730,0,P,P,0.00,released,RELEASED
2026-05-20 20:39:35.898,709.8788,,slider,1,0,0.00,-0.00,0.00,ACTIVE,NONE,17740,0,P,P,0.00,released,RELEASED
2026-05-20 20:39:36.280,710.2608,,slider,1,0,0.00,-0.00,0.00,ACTIVE,NONE,17750,0,P,P,0.00,released,RELEASED
2026-05-20 20:39:36.698,710.6788,,slider,1,0,0.00,-0.00,0.00,ACTIVE,NONE,17760,0,P,P,0.00,released,RELEASED
2026-05-20 20:39:37.098,711.0793,,slider,1,0,0.00,-0.00,0.00,ACTIVE,NONE,17770,0,P,P,0.00,released,RELEASED
2026-05-20 20:39:37.480,711.4611,,slider,1,0,0.00,-0.00,0.00,ACTIVE,NONE,17780,0,P,P,0.00,released,RELEASED
2026-05-20 20:39:37.898,711.8790,,slider,1,0,0.00,-0.00,0.00,ACTIVE,NONE,17790,0,P,P,0.00,released,RELEASED
2026-05-20 20:39:38.298,712.2790,,slider,1,0,0.00,-0.00,0.00,ACTIVE,NONE,17800,0,P,P,0.00,released,RELEASED
2026-05-20 20:39:38.698,712.6790,,slider,1,0,0.00,-0.00,0.00,ACTIVE,NONE,17810,0,P,P,0.00,released,RELEASED
2026-05-20 20:39:39.098,713.0790,,slider,1,0,0.00,-0.00,0.00,ACTIVE,NONE,17820,0,P,P,0.00,released,RELEASED
2026-05-20 20:39:39.498,713.4792,,slider,1,0,0.00,-0.00,0.00,ACTIVE,NONE,17830,0,P,P,0.00,released,RELEASED
2026-05-20 20:39:39.899,713.8798,,slider,1,0,0.00,-0.00,0.00,ACTIVE,NONE,17840,0,P,P,0.00,released,RELEASED
2026-05-20 20:39:40.281,714.2617,,slider,1,0,0.00,-0.00,0.00,ACTIVE,NONE,17850,0,P,P,0.00,released,RELEASED
2026-05-20 20:39:40.698,714.6792,,slider,1,0,0.00,-0.00,0.00,ACTIVE,NONE,17860,0,P,P,0.00,released,RELEASED
2026-05-20 20:39:41.098,715.0792,,slider,1,0,0.00,-0.00,0.00,ACTIVE,NONE,17870,0,P,P,0.00,released,RELEASED
2026-05-20 20:39:41.480,715.4610,,slider,1,0,0.00,-0.00,0.00,ACTIVE,NONE,17880,0,P,P,0.00,released,RELEASED
2026-05-20 20:39:41.898,715.8793,,slider,1,0,0.00,-0.00,0.00,ACTIVE,NONE,17890,0,P,P,0.00,released,RELEASED
2026-05-20 20:39:42.281,716.2626,,slider,1,0,0.00,-0.00,0.00,ACTIVE,NONE,17900,0,P,P,0.00,released,RELEASED
2026-05-20 20:39:42.680,716.6609,,slider,1,0,0.00,-0.00,0.00,ACTIVE,NONE,17910,0,P,P,0.00,released,RELEASED
2026-05-20 20:39:43.098,717.0794,,slider,1,0,0.00,-0.00,0.00,ACTIVE,NONE,17920,0,P,P,0.00,released,RELEASED
2026-05-20 20:39:43.498,717.4795,,slider,1,0,0.00,-0.00,0.00,ACTIVE,NONE,17930,0,P,P,0.00,released,RELEASED
2026-05-20 20:39:43.898,717.8795,,slider,1,0,0.00,-0.00,0.00,ACTIVE,NONE,17940,0,P,P,0.00,released,RELEASED
2026-05-20 20:39:44.280,718.2613,,slider,1,0,0.00,-0.00,0.00,ACTIVE,NONE,17950,0,P,P,0.00,released,RELEASED
2026-05-20 20:39:44.698,718.6796,,slider,1,0,0.00,-0.00,0.00,ACTIVE,NONE,17960,0,P,P,0.00,released,RELEASED
2026-05-20 20:39:45.098,719.0796,,slider,1,0,0.00,-0.00,0.00,ACTIVE,NONE,17970,0,P,P,0.00,released,RELEASED
2026-05-20 20:39:45.481,719.4620,,slider,1,0,0.00,-0.00,0.00,ACTIVE,NONE,17980,0,P,P,0.00,released,RELEASED
2026-05-20 20:39:45.880,719.8610,,slider,1,0,0.00,-0.00,0.00,ACTIVE,NONE,17990,0,P,P,0.00,released,RELEASED
2026-05-20 20:39:46.280,720.2614,,slider,1,0,0.00,-0.00,0.00,ACTIVE,NONE,18000,0,P,P,0.00,released,RELEASED
2026-05-20 20:39:46.699,720.6797,,slider,1,0,0.00,-0.00,0.00,ACTIVE,NONE,18010,0,P,P,0.00,released,RELEASED
2026-05-20 20:39:47.081,721.0619,,slider,1,0,0.00,-0.00,0.00,ACTIVE,NONE,18020,0,P,P,0.00,released,RELEASED
2026-05-20 20:39:47.480,721.4612,,slider,1,0,0.00,-0.00,0.00,ACTIVE,NONE,18030,0,P,P,0.00,released,RELEASED
2026-05-20 20:39:47.880,721.8614,,slider,1,0,0.00,-0.00,0.00,ACTIVE,NONE,18040,0,P,P,0.00,released,RELEASED
2026-05-20 20:39:48.280,722.2616,,slider,1,0,0.00,-0.00,0.00,ACTIVE,NONE,18050,0,P,P,0.00,released,RELEASED
2026-05-20 20:39:48.699,722.6800,,slider,1,0,0.00,-0.00,0.00,ACTIVE,NONE,18060,0,P,P,0.00,released,RELEASED
2026-05-20 20:39:49.080,723.0611,,slider,1,0,0.00,-0.00,0.00,ACTIVE,NONE,18070,0,P,P,0.00,released,RELEASED
2026-05-20 20:39:49.480,723.4609,,slider,1,0,0.00,-0.00,0.00,ACTIVE,NONE,18080,0,P,P,0.00,released,RELEASED
2026-05-20 20:39:49.880,723.8611,,slider,1,0,0.00,-0.00,0.00,ACTIVE,NONE,18090,0,P,P,0.00,released,RELEASED
2026-05-20 20:39:50.299,724.2801,,slider,1,0,0.00,-0.00,0.00,ACTIVE,NONE,18100,0,P,P,0.00,released,RELEASED
2026-05-20 20:39:50.680,724.6614,,slider,1,0,0.00,-0.00,0.00,ACTIVE,NONE,18110,0,P,P,0.00,released,RELEASED
2026-05-20 20:39:51.080,725.0612,,slider,1,0,0.00,-0.00,0.00,ACTIVE,NONE,18120,0,P,P,0.00,released,RELEASED
2026-05-20 20:39:51.480,725.4614,,slider,1,0,0.00,-0.00,0.00,ACTIVE,NONE,18130,0,P,P,0.00,released,RELEASED
2026-05-20 20:39:51.881,725.8618,,slider,1,0,0.00,-0.00,0.00,ACTIVE,NONE,18140,0,P,P,0.00,released,RELEASED
2026-05-20 20:39:52.280,726.2611,,slider,1,0,0.00,-0.00,0.00,ACTIVE,NONE,18150,0,P,P,0.00,released,RELEASED
2026-05-20 20:39:52.681,726.6617,,slider,1,0,0.00,-0.00,0.00,ACTIVE,NONE,18160,0,P,P,0.00,released,RELEASED
2026-05-20 20:39:53.099,727.0803,,slider,1,0,0.00,-0.00,0.00,ACTIVE,NONE,18170,0,P,P,0.00,released,RELEASED
2026-05-20 20:39:53.481,727.4618,,slider,1,0,0.00,-0.00,0.00,ACTIVE,NONE,18180,0,P,P,0.00,released,RELEASED
2026-05-20 20:39:53.881,727.8618,,slider,1,0,0.00,-0.00,0.00,ACTIVE,NONE,18190,0,P,P,0.00,released,RELEASED
2026-05-20 20:39:54.282,728.2631,,slider,1,0,0.00,-0.00,0.00,ACTIVE,NONE,18200,0,P,P,0.00,released,RELEASED
2026-05-20 20:39:54.681,728.6625,,slider,1,0,0.00,-0.00,0.00,ACTIVE,NONE,18210,0,P,P,0.00,released,RELEASED
2026-05-20 20:39:55.081,729.0623,,slider,1,0,0.00,-0.00,0.00,ACTIVE,NONE,18220,0,P,P,0.00,released,RELEASED
2026-05-20 20:39:55.480,729.4615,,slider,1,0,0.00,-0.00,0.00,ACTIVE,NONE,18230,0,P,P,0.00,released,RELEASED
2026-05-20 20:39:55.880,729.8615,,slider,1,0,0.00,-0.00,0.00,ACTIVE,NONE,18240,0,P,P,0.00,released,RELEASED
2026-05-20 20:39:56.281,730.2619,,slider,1,0,0.00,-0.00,0.00,ACTIVE,NONE,18250,0,P,P,0.00,released,RELEASED
2026-05-20 20:39:56.681,730.6618,,slider,1,0,0.00,-0.00,0.00,ACTIVE,NONE,18260,0,P,P,0.00,released,RELEASED
2026-05-20 20:39:57.081,731.0617,,slider,1,0,0.00,-0.00,0.00,ACTIVE,NONE,18270,0,P,P,0.00,released,RELEASED
2026-05-20 20:39:57.480,731.4617,,slider,1,0,0.00,-0.00,0.00,ACTIVE,NONE,18280,0,P,P,0.00,released,RELEASED
2026-05-20 20:39:57.881,731.8620,,slider,1,0,0.00,-0.00,0.00,ACTIVE,NONE,18290,0,P,P,0.00,released,RELEASED
2026-05-20 20:39:58.281,732.2627,,slider,1,0,0.00,-0.00,0.00,ACTIVE,NONE,18300,0,P,P,0.00,released,RELEASED
2026-05-20 20:39:58.681,732.6617,,slider,1,0,0.00,-0.00,0.00,ACTIVE,NONE,18310,0,P,P,0.00,released,RELEASED
2026-05-20 20:39:59.081,733.0621,,slider,1,0,0.00,-0.00,0.00,ACTIVE,NONE,18320,0,P,P,0.00,released,RELEASED
2026-05-20 20:39:59.480,733.4617,,slider,1,0,0.00,-0.00,0.00,ACTIVE,NONE,18330,0,P,P,0.00,released,RELEASED
2026-05-20 20:39:59.881,733.8617,,slider,1,0,0.00,-0.00,0.00,ACTIVE,NONE,18340,0,P,P,0.00,released,RELEASED
2026-05-20 20:40:00.281,734.2623,,slider,1,0,0.00,-0.00,0.00,ACTIVE,NONE,18350,0,P,P,0.00,released,RELEASED
2026-05-20 20:40:00.681,734.6619,,slider,1,0,0.00,-0.00,0.00,ACTIVE,NONE,18360,0,P,P,0.00,released,RELEASED
2026-05-20 20:40:01.081,735.0620,,slider,1,0,0.00,-0.00,0.00,ACTIVE,NONE,18370,0,P,P,0.00,released,RELEASED
2026-05-20 20:40:01.480,735.4617,,slider,1,0,0.00,-0.00,0.00,ACTIVE,NONE,18380,0,P,P,0.00,released,RELEASED
2026-05-20 20:40:01.880,735.8616,,slider,1,0,0.00,-0.00,0.00,ACTIVE,NONE,18390,0,P,P,0.00,released,RELEASED
2026-05-20 20:40:02.281,736.2623,,slider,1,0,0.00,-0.00,0.00,ACTIVE,NONE,18400,0,P,P,0.00,released,RELEASED
2026-05-20 20:40:02.681,736.6625,,slider,1,0,0.00,-0.00,0.00,ACTIVE,NONE,18410,0,P,P,0.00,released,RELEASED
2026-05-20 20:40:03.081,737.0623,,slider,1,0,0.00,-0.00,0.00,ACTIVE,NONE,18420,0,P,P,0.00,released,RELEASED
2026-05-20 20:40:03.481,737.4622,,slider,1,0,0.00,-0.00,0.00,ACTIVE,NONE,18430,0,P,P,0.00,released,RELEASED
2026-05-20 20:40:03.881,737.8621,,slider,1,0,0.00,-0.00,0.00,ACTIVE,NONE,18440,0,P,P,0.00,released,RELEASED
2026-05-20 20:40:04.281,738.2626,,slider,1,0,0.00,-0.00,0.00,ACTIVE,NONE,18450,0,P,P,0.00,released,RELEASED
2026-05-20 20:40:04.681,738.6619,,slider,1,0,0.00,-0.00,0.00,ACTIVE,NONE,18460,0,P,P,0.00,released,RELEASED
2026-05-20 20:40:05.081,739.0620,,slider,1,0,0.00,-0.00,0.00,ACTIVE,NONE,18470,0,P,P,0.00,released,RELEASED
2026-05-20 20:40:05.481,739.4619,,slider,1,0,0.00,-0.00,0.00,ACTIVE,NONE,18480,0,P,P,0.00,released,RELEASED
2026-05-20 20:40:05.881,739.8619,,slider,1,0,0.00,-0.00,0.00,ACTIVE,NONE,18490,0,P,P,0.00,released,RELEASED
2026-05-20 20:40:06.281,740.2621,,slider,1,0,0.00,-0.00,0.00,ACTIVE,NONE,18500,0,P,P,0.00,released,RELEASED
2026-05-20 20:40:06.681,740.6620,,slider,1,0,0.00,-0.00,0.00,ACTIVE,NONE,18510,0,P,P,0.00,released,RELEASED
2026-05-20 20:40:07.081,741.0621,,slider,1,0,0.00,-0.00,0.00,ACTIVE,NONE,18520,0,P,P,0.00,released,RELEASED
2026-05-20 20:40:07.481,741.4619,,slider,1,0,0.00,-0.00,0.00,ACTIVE,NONE,18530,0,P,P,0.00,released,RELEASED
2026-05-20 20:40:07.881,741.8619,,slider,1,0,0.00,-0.00,0.00,ACTIVE,NONE,18540,0,P,P,0.00,released,RELEASED
2026-05-20 20:40:08.281,742.2621,,slider,1,0,0.00,-0.00,0.00,ACTIVE,NONE,18550,0,P,P,0.00,released,RELEASED
2026-05-20 20:40:08.681,742.6620,,slider,1,0,0.00,-0.00,0.00,ACTIVE,NONE,18560,0,P,P,0.00,released,RELEASED
2026-05-20 20:40:09.081,743.0622,,slider,1,0,0.00,-0.00,0.00,ACTIVE,NONE,18570,0,P,P,0.00,released,RELEASED
2026-05-20 20:40:09.481,743.4620,,slider,1,0,0.00,-0.00,0.00,ACTIVE,NONE,18580,0,P,P,0.00,released,RELEASED
2026-05-20 20:40:09.881,743.8620,,slider,1,0,0.00,-0.00,0.00,ACTIVE,NONE,18590,0,P,P,0.00,released,RELEASED
2026-05-20 20:40:10.282,744.2627,,slider,1,0,0.00,-0.00,0.00,ACTIVE,NONE,18600,0,P,P,0.00,released,RELEASED
2026-05-20 20:40:10.681,744.6622,,slider,1,0,0.00,-0.00,0.00,ACTIVE,NONE,18610,0,P,P,0.00,released,RELEASED
2026-05-20 20:40:11.082,745.0627,,slider,1,0,0.00,-0.00,0.00,ACTIVE,NONE,18620,0,P,P,0.00,released,RELEASED
2026-05-20 20:40:11.482,745.4629,,slider,1,0,0.00,-0.00,0.00,ACTIVE,NONE,18630,0,P,P,0.00,released,RELEASED
2026-05-20 20:40:11.882,745.8632,,slider,1,0,0.00,-0.00,0.00,ACTIVE,NONE,18640,0,P,P,0.00,released,RELEASED
2026-05-20 20:40:12.282,746.2630,,slider,1,0,0.00,-0.00,0.00,ACTIVE,NONE,18650,0,P,P,0.00,released,RELEASED
2026-05-20 20:40:12.682,746.6628,,slider,1,0,0.00,-0.00,0.00,ACTIVE,NONE,18660,0,P,P,0.00,released,RELEASED
2026-05-20 20:40:13.082,747.0631,,slider,1,0,0.00,-0.00,0.00,ACTIVE,NONE,18670,0,P,P,0.00,released,RELEASED
2026-05-20 20:40:13.482,747.4630,,slider,1,0,0.00,-0.00,0.00,ACTIVE,NONE,18680,0,P,P,0.00,released,RELEASED
2026-05-20 20:40:13.882,747.8634,,slider,1,0,0.00,-0.00,0.00,ACTIVE,NONE,18690,0,P,P,0.00,released,RELEASED
2026-05-20 20:40:14.283,748.2638,,slider,1,0,0.00,-0.00,0.00,ACTIVE,NONE,18700,0,P,P,0.00,released,RELEASED
2026-05-20 20:40:14.682,748.6628,,slider,1,0,0.00,-0.00,0.00,ACTIVE,NONE,18710,0,P,P,0.00,released,RELEASED
2026-05-20 20:40:15.082,749.0632,,slider,1,0,0.00,-0.00,0.00,ACTIVE,NONE,18720,0,P,P,0.00,released,RELEASED
2026-05-20 20:40:15.482,749.4632,,slider,1,0,0.00,-0.00,0.00,ACTIVE,NONE,18730,0,P,P,0.00,released,RELEASED
2026-05-20 20:40:15.883,749.8638,,slider,1,0,0.00,-0.00,0.00,ACTIVE,NONE,18740,0,P,P,0.00,released,RELEASED
2026-05-20 20:40:16.283,750.2640,,slider,1,0,0.00,-0.00,0.00,ACTIVE,NONE,18750,0,P,P,0.00,released,RELEASED
2026-05-20 20:40:16.682,750.6634,,slider,1,0,0.00,-0.00,0.00,ACTIVE,NONE,18760,0,P,P,0.00,released,RELEASED
2026-05-20 20:40:17.082,751.0633,,slider,1,0,0.00,-0.00,0.00,ACTIVE,NONE,18770,0,P,P,0.00,released,RELEASED
2026-05-20 20:40:17.483,751.4641,,slider,1,0,0.00,-0.00,0.00,ACTIVE,NONE,18780,0,P,P,0.00,released,RELEASED
2026-05-20 20:40:17.882,751.8630,,slider,1,0,0.00,-0.00,0.00,ACTIVE,NONE,18790,0,P,P,0.00,released,RELEASED
2026-05-20 20:40:18.282,752.2635,,slider,1,0,0.00,-0.00,0.00,ACTIVE,NONE,18800,0,P,P,0.00,released,RELEASED
2026-05-20 20:40:18.682,752.6635,,slider,1,0,0.00,-0.00,0.00,ACTIVE,NONE,18810,0,P,P,0.00,released,RELEASED
2026-05-20 20:40:19.082,753.0631,,slider,1,0,0.00,-0.00,0.00,ACTIVE,NONE,18820,0,P,P,0.00,released,RELEASED
2026-05-20 20:40:19.482,753.4632,,slider,1,0,0.00,-0.00,0.00,ACTIVE,NONE,18830,0,P,P,0.00,released,RELEASED
2026-05-20 20:40:19.882,753.8636,,slider,1,0,0.00,-0.00,0.00,ACTIVE,NONE,18840,0,P,P,0.00,released,RELEASED
2026-05-20 20:40:20.282,754.2635,,slider,1,0,0.00,-0.00,0.00,ACTIVE,NONE,18850,0,P,P,0.00,released,RELEASED
2026-05-20 20:40:20.682,754.6636,,slider,1,0,0.00,-0.00,0.00,ACTIVE,NONE,18860,0,P,P,0.00,released,RELEASED
2026-05-20 20:40:21.083,755.0644,,slider,1,0,0.00,-0.00,0.00,ACTIVE,NONE,18870,0,P,P,0.00,released,RELEASED
2026-05-20 20:40:21.483,755.4641,,slider,1,0,0.00,-0.00,0.00,ACTIVE,NONE,18880,0,P,P,0.00,released,RELEASED
2026-05-20 20:40:21.883,755.8647,,slider,1,0,0.00,-0.00,0.00,ACTIVE,NONE,18890,0,P,P,0.00,released,RELEASED
2026-05-20 20:40:22.283,756.2640,,slider,1,0,0.00,-0.00,0.00,ACTIVE,NONE,18900,0,P,P,0.00,released,RELEASED
2026-05-20 20:40:22.683,756.6638,,slider,1,0,0.00,-0.00,0.00,ACTIVE,NONE,18910,0,P,P,0.00,released,RELEASED
2026-05-20 20:40:23.083,757.0640,,slider,1,0,0.00,-0.00,0.00,ACTIVE,NONE,18920,0,P,P,0.00,released,RELEASED
2026-05-20 20:40:23.483,757.4645,,slider,1,0,0.00,-0.00,0.00,ACTIVE,NONE,18930,0,P,P,0.00,released,RELEASED
2026-05-20 20:40:23.882,757.8635,,slider,1,0,0.00,-0.00,0.00,ACTIVE,NONE,18940,0,P,P,0.00,released,RELEASED
2026-05-20 20:40:24.284,758.2647,,slider,1,0,0.00,-0.00,0.00,ACTIVE,NONE,18950,0,P,P,0.00,released,RELEASED
2026-05-20 20:40:24.683,758.6645,,slider,1,0,0.00,-0.00,0.00,ACTIVE,NONE,18960,0,P,P,0.00,released,RELEASED
2026-05-20 20:40:25.083,759.0638,,slider,1,0,0.00,-0.00,0.00,ACTIVE,NONE,18970,0,P,P,0.00,released,RELEASED
2026-05-20 20:40:25.483,759.4642,,slider,1,0,0.00,-0.00,0.00,ACTIVE,NONE,18980,0,P,P,0.00,released,RELEASED
2026-05-20 20:40:25.883,759.8641,,slider,1,0,0.00,-0.00,0.00,ACTIVE,NONE,18990,0,P,P,0.00,released,RELEASED
2026-05-20 20:40:26.284,760.2651,,slider,1,0,0.00,-0.00,0.00,ACTIVE,NONE,19000,0,P,P,0.00,released,RELEASED
2026-05-20 20:40:26.684,760.6647,,slider,1,0,0.00,-0.00,0.00,ACTIVE,NONE,19010,0,P,P,0.00,released,RELEASED
2026-05-20 20:40:27.083,761.0645,,slider,1,0,0.00,-0.00,0.00,ACTIVE,NONE,19020,0,P,P,0.00,released,RELEASED
2026-05-20 20:40:27.483,761.4645,,slider,1,0,0.00,-0.00,0.00,ACTIVE,NONE,19030,0,P,P,0.00,released,RELEASED
2026-05-20 20:40:27.883,761.8643,,slider,1,0,0.00,-0.00,0.00,ACTIVE,NONE,19040,0,P,P,0.00,released,RELEASED
2026-05-20 20:40:28.284,762.2649,,slider,1,0,0.00,-0.00,0.00,ACTIVE,NONE,19050,0,P,P,0.00,released,RELEASED
2026-05-20 20:40:28.683,762.6643,,slider,1,0,0.00,-0.00,0.00,ACTIVE,NONE,19060,0,P,P,0.00,released,RELEASED
2026-05-20 20:40:29.083,763.0643,,slider,1,0,0.00,-0.00,0.00,ACTIVE,NONE,19070,0,P,P,0.00,released,RELEASED
2026-05-20 20:40:29.483,763.4640,,slider,1,0,0.00,-0.00,0.00,ACTIVE,NONE,19080,0,P,P,0.00,released,RELEASED
2026-05-20 20:40:29.883,763.8645,,slider,1,0,0.00,-0.00,0.00,ACTIVE,NONE,19090,0,P,P,0.00,released,RELEASED
2026-05-20 20:40:30.283,764.2642,,slider,1,0,0.00,-0.00,0.00,ACTIVE,NONE,19100,0,P,P,0.00,released,RELEASED
2026-05-20 20:40:30.683,764.6643,,slider,1,0,0.00,-0.00,0.00,ACTIVE,NONE,19110,0,P,P,0.00,released,RELEASED
2026-05-20 20:40:31.083,765.0643,,slider,1,0,0.00,-0.00,0.00,ACTIVE,NONE,19120,0,P,P,0.00,released,RELEASED
2026-05-20 20:40:31.484,765.4649,,slider,1,0,0.00,-0.00,0.00,ACTIVE,NONE,19130,0,P,P,0.00,released,RELEASED
2026-05-20 20:40:31.883,765.8646,,slider,1,0,0.00,-0.00,0.00,ACTIVE,NONE,19140,0,P,P,0.00,released,RELEASED
2026-05-20 20:40:32.284,766.2650,,slider,1,0,0.00,-0.00,0.00,ACTIVE,NONE,19150,0,P,P,0.00,released,RELEASED
2026-05-20 20:40:32.684,766.6649,,slider,1,0,0.00,-0.00,0.00,ACTIVE,NONE,19160,0,P,P,0.00,released,RELEASED
2026-05-20 20:40:33.084,767.0649,,slider,1,0,0.00,-0.00,0.00,ACTIVE,NONE,19170,0,P,P,0.00,released,RELEASED
2026-05-20 20:40:33.484,767.4650,,slider,1,0,0.00,-0.00,0.00,ACTIVE,NONE,19180,0,P,P,0.00,released,RELEASED
2026-05-20 20:40:33.883,767.8646,,slider,1,0,0.00,-0.00,0.00,ACTIVE,NONE,19190,0,P,P,0.00,released,RELEASED
2026-05-20 20:40:34.284,768.2654,,slider,1,0,0.00,-0.00,0.00,ACTIVE,NONE,19200,0,P,P,0.00,released,RELEASED
2026-05-20 20:40:34.684,768.6650,,slider,1,0,0.00,-0.00,0.00,ACTIVE,NONE,19210,0,P,P,0.00,released,RELEASED
2026-05-20 20:40:35.084,769.0647,,slider,1,0,0.00,-0.00,0.00,ACTIVE,NONE,19220,0,P,P,0.00,released,RELEASED
2026-05-20 20:40:35.484,769.4652,,slider,1,0,0.00,-0.00,0.00,ACTIVE,NONE,19230,0,P,P,0.00,released,RELEASED
2026-05-20 20:40:35.883,769.8646,,slider,1,0,0.00,-0.00,0.00,ACTIVE,NONE,19240,0,P,P,0.00,released,RELEASED
2026-05-20 20:40:36.284,770.2651,,slider,1,0,0.00,-0.00,0.00,ACTIVE,NONE,19250,0,P,P,0.00,released,RELEASED
2026-05-20 20:40:36.685,770.6662,,slider,1,0,0.00,-0.00,0.00,ACTIVE,NONE,19260,0,P,P,0.00,released,RELEASED
2026-05-20 20:40:37.084,771.0653,,slider,1,0,0.00,-0.00,0.00,ACTIVE,NONE,19270,0,P,P,0.00,released,RELEASED
2026-05-20 20:40:37.484,771.4655,,slider,1,0,0.00,-0.00,0.00,ACTIVE,NONE,19280,0,P,P,0.00,released,RELEASED
2026-05-20 20:40:37.884,771.8654,,slider,1,0,0.00,-0.00,0.00,ACTIVE,NONE,19290,0,P,P,0.00,released,RELEASED
2026-05-20 20:40:38.285,772.2666,,slider,1,0,0.00,-0.00,0.00,ACTIVE,NONE,19300,0,P,P,0.00,released,RELEASED
2026-05-20 20:40:38.684,772.6650,,slider,1,0,0.00,-0.00,0.00,ACTIVE,NONE,19310,0,P,P,0.00,released,RELEASED
2026-05-20 20:40:39.084,773.0653,,slider,1,0,0.00,-0.00,0.00,ACTIVE,NONE,19320,0,P,P,0.00,released,RELEASED
2026-05-20 20:40:39.484,773.4653,,slider,1,0,0.00,-0.00,0.00,ACTIVE,NONE,19330,0,P,P,0.00,released,RELEASED
2026-05-20 20:40:39.884,773.8652,,slider,1,0,0.00,-0.00,0.00,ACTIVE,NONE,19340,0,P,P,0.00,released,RELEASED
2026-05-20 20:40:40.286,774.2672,,slider,1,0,0.00,-0.00,0.00,ACTIVE,NONE,19350,0,P,P,0.00,released,RELEASED
2026-05-20 20:40:40.684,774.6649,,slider,1,0,0.00,-0.00,0.00,ACTIVE,NONE,19360,0,P,P,0.00,released,RELEASED
2026-05-20 20:40:41.084,775.0650,,slider,1,0,0.00,-0.00,0.00,ACTIVE,NONE,19370,0,P,P,0.00,released,RELEASED
2026-05-20 20:40:41.485,775.4658,,slider,1,0,0.00,-0.00,0.00,ACTIVE,NONE,19380,0,P,P,0.00,released,RELEASED
2026-05-20 20:40:41.884,775.8655,,slider,1,0,0.00,-0.00,0.00,ACTIVE,NONE,19390,0,P,P,0.00,released,RELEASED
2026-05-20 20:40:42.284,776.2650,,slider,1,0,0.00,-0.00,0.00,ACTIVE,NONE,19400,0,P,P,0.00,released,RELEASED
2026-05-20 20:40:42.684,776.6654,,slider,1,0,0.00,-0.00,0.00,ACTIVE,NONE,19410,0,P,P,0.00,released,RELEASED
2026-05-20 20:40:43.084,777.0656,,slider,1,0,0.00,-0.00,0.00,ACTIVE,NONE,19420,0,P,P,0.00,released,RELEASED
2026-05-20 20:40:43.485,777.4665,,slider,1,0,0.00,-0.00,0.00,ACTIVE,NONE,19430,0,P,P,0.00,released,RELEASED
2026-05-20 20:40:43.884,777.8656,,slider,1,0,0.00,-0.00,0.00,ACTIVE,NONE,19440,0,P,P,0.00,released,RELEASED
2026-05-20 20:40:44.284,778.2652,,slider,1,0,0.00,-0.00,0.00,ACTIVE,NONE,19450,0,P,P,0.00,released,RELEASED
2026-05-20 20:40:44.684,778.6656,,slider,1,0,0.00,-0.00,0.00,ACTIVE,NONE,19460,0,P,P,0.00,released,RELEASED
2026-05-20 20:40:45.084,779.0654,,slider,1,0,0.00,-0.00,0.00,ACTIVE,NONE,19470,0,P,P,0.00,released,RELEASED
2026-05-20 20:40:45.485,779.4665,,slider,1,0,0.00,-0.00,0.00,ACTIVE,NONE,19480,0,P,P,0.00,released,RELEASED
2026-05-20 20:40:45.885,779.8663,,slider,1,0,0.00,-0.00,0.00,ACTIVE,NONE,19490,0,P,P,0.00,released,RELEASED
2026-05-20 20:40:46.285,780.2663,,slider,1,0,0.00,-0.00,0.00,ACTIVE,NONE,19500,0,P,P,0.00,released,RELEASED
2026-05-20 20:40:46.684,780.6655,,slider,1,0,0.00,-0.00,0.00,ACTIVE,NONE,19510,0,P,P,0.00,released,RELEASED
2026-05-20 20:40:47.085,781.0664,,slider,1,0,0.00,-0.00,0.00,ACTIVE,NONE,19520,0,P,P,0.00,released,RELEASED
2026-05-20 20:40:47.485,781.4665,,slider,1,0,0.00,-0.00,0.00,ACTIVE,NONE,19530,0,P,P,0.00,released,RELEASED
2026-05-20 20:40:47.885,781.8662,,slider,1,0,0.00,-0.00,0.00,ACTIVE,NONE,19540,0,P,P,0.00,released,RELEASED
2026-05-20 20:40:48.286,782.2676,,slider,1,0,0.00,-0.00,0.00,ACTIVE,NONE,19550,0,P,P,0.00,released,RELEASED
2026-05-20 20:40:48.685,782.6662,,slider,1,0,0.00,-0.00,0.00,ACTIVE,NONE,19560,0,P,P,0.00,released,RELEASED
2026-05-20 20:40:49.085,783.0664,,slider,1,0,0.00,-0.00,0.00,ACTIVE,NONE,19570,0,P,P,0.00,released,RELEASED
2026-05-20 20:40:49.486,783.4671,,slider,1,0,0.00,-0.00,0.00,ACTIVE,NONE,19580,0,P,P,0.00,released,RELEASED
2026-05-20 20:40:49.885,783.8661,,slider,1,0,0.00,-0.00,0.00,ACTIVE,NONE,19590,0,P,P,0.00,released,RELEASED
2026-05-20 20:40:50.286,784.2669,,slider,1,0,0.00,-0.00,0.00,ACTIVE,NONE,19600,0,P,P,0.00,released,RELEASED
2026-05-20 20:40:50.685,784.6663,,slider,1,0,0.00,-0.00,0.00,ACTIVE,NONE,19610,0,P,P,0.00,released,RELEASED
2026-05-20 20:40:51.085,785.0667,,slider,1,0,0.00,-0.00,0.00,ACTIVE,NONE,19620,0,P,P,0.00,released,RELEASED
2026-05-20 20:40:51.485,785.4665,,slider,1,0,0.00,-0.00,0.00,ACTIVE,NONE,19630,0,P,P,0.00,released,RELEASED
2026-05-20 20:40:51.886,785.8670,,slider,1,0,0.00,-0.00,0.00,ACTIVE,NONE,19640,0,P,P,0.00,released,RELEASED
2026-05-20 20:40:52.287,786.2679,,slider,1,0,0.00,-0.00,0.00,ACTIVE,NONE,19650,0,P,P,0.00,released,RELEASED
2026-05-20 20:40:52.686,786.6672,,slider,1,0,0.00,-0.00,0.00,ACTIVE,NONE,19660,0,P,P,0.00,released,RELEASED
2026-05-20 20:40:53.086,787.0677,,slider,1,0,0.00,-0.00,0.00,ACTIVE,NONE,19670,0,P,P,0.00,released,RELEASED
2026-05-20 20:40:53.487,787.4678,,slider,1,0,0.00,-0.00,0.00,ACTIVE,NONE,19680,0,P,P,0.00,released,RELEASED
2026-05-20 20:40:53.886,787.8675,,slider,1,0,0.00,-0.00,0.00,ACTIVE,NONE,19690,0,P,P,0.00,released,RELEASED
2026-05-20 20:40:54.287,788.2683,,slider,1,0,0.00,-0.00,0.00,ACTIVE,NONE,19700,0,P,P,0.00,released,RELEASED
2026-05-20 20:40:54.687,788.6681,,slider,1,0,0.00,-0.00,0.00,ACTIVE,NONE,19710,0,P,P,0.00,released,RELEASED
2026-05-20 20:40:55.086,789.0674,,slider,1,0,0.00,-0.00,0.00,ACTIVE,NONE,19720,0,P,P,0.00,released,RELEASED
2026-05-20 20:40:55.485,789.4665,,slider,1,0,0.00,-0.00,0.00,ACTIVE,NONE,19730,0,P,P,0.00,released,RELEASED
2026-05-20 20:40:55.887,789.8677,,slider,1,0,0.00,-0.00,0.00,ACTIVE,NONE,19740,0,P,P,0.00,released,RELEASED
2026-05-20 20:40:56.287,790.2684,,slider,1,0,0.00,-0.00,0.00,ACTIVE,NONE,19750,0,P,P,0.00,released,RELEASED
2026-05-20 20:40:56.687,790.6678,,slider,1,0,0.00,-0.00,0.00,ACTIVE,NONE,19760,0,P,P,0.00,released,RELEASED
2026-05-20 20:40:57.086,791.0676,,slider,1,0,0.00,-0.00,0.00,ACTIVE,NONE,19770,0,P,P,0.00,released,RELEASED
2026-05-20 20:40:57.487,791.4682,,slider,1,0,0.00,-0.00,0.00,ACTIVE,NONE,19780,0,P,P,0.00,released,RELEASED
2026-05-20 20:40:57.887,791.8678,,slider,1,0,0.00,-0.00,0.00,ACTIVE,NONE,19790,0,P,P,0.00,released,RELEASED
2026-05-20 20:40:58.287,792.2685,,slider,1,0,0.00,-0.00,0.00,ACTIVE,NONE,19800,0,P,P,0.00,released,RELEASED
2026-05-20 20:40:58.687,792.6680,,slider,1,0,0.00,-0.00,0.00,ACTIVE,NONE,19810,0,P,P,0.00,released,RELEASED
2026-05-20 20:40:59.086,793.0672,,slider,1,0,0.00,-0.00,0.00,ACTIVE,NONE,19820,0,P,P,0.00,released,RELEASED
2026-05-20 20:40:59.487,793.4683,,slider,1,0,0.00,-0.00,0.00,ACTIVE,NONE,19830,0,P,P,0.00,released,RELEASED
2026-05-20 20:40:59.886,793.8670,,slider,1,0,0.00,-0.00,0.00,ACTIVE,NONE,19840,0,P,P,0.00,released,RELEASED
2026-05-20 20:41:00.287,794.2684,,slider,1,0,0.00,-0.00,0.00,ACTIVE,NONE,19850,0,P,P,0.00,released,RELEASED
2026-05-20 20:41:00.686,794.6674,,slider,1,0,0.00,-0.00,0.00,ACTIVE,NONE,19860,0,P,P,0.00,released,RELEASED
2026-05-20 20:41:01.087,795.0678,,slider,1,0,0.00,-0.00,0.00,ACTIVE,NONE,19870,0,P,P,0.00,released,RELEASED
2026-05-20 20:41:01.487,795.4683,,slider,1,0,0.00,-0.00,0.00,ACTIVE,NONE,19880,0,P,P,0.00,released,RELEASED
2026-05-20 20:41:01.887,795.8684,,slider,1,0,0.00,-0.00,0.00,ACTIVE,NONE,19890,0,P,P,0.00,released,RELEASED
2026-05-20 20:41:02.286,796.2674,,slider,1,0,0.00,-0.00,0.00,ACTIVE,NONE,19900,0,P,P,0.00,released,RELEASED
2026-05-20 20:41:02.687,796.6681,,slider,1,0,0.00,-0.00,0.00,ACTIVE,NONE,19910,0,P,P,0.00,released,RELEASED
2026-05-20 20:41:03.087,797.0678,,slider,1,0,0.00,-0.00,0.00,ACTIVE,NONE,19920,0,P,P,0.00,released,RELEASED
2026-05-20 20:41:03.487,797.4682,,slider,1,0,0.00,-0.00,0.00,ACTIVE,NONE,19930,0,P,P,0.00,released,RELEASED
2026-05-20 20:41:03.887,797.8679,,slider,1,0,0.00,-0.00,0.00,ACTIVE,NONE,19940,0,P,P,0.00,released,RELEASED
2026-05-20 20:41:04.288,798.2687,,slider,1,0,0.00,-0.00,0.00,ACTIVE,NONE,19950,0,P,P,0.00,released,RELEASED
2026-05-20 20:41:04.687,798.6678,,slider,1,0,0.00,-0.00,0.00,ACTIVE,NONE,19960,0,P,P,0.00,released,RELEASED
2026-05-20 20:41:05.086,799.0676,,slider,1,0,0.00,-0.00,0.00,ACTIVE,NONE,19970,0,P,P,0.00,released,RELEASED
2026-05-20 20:41:05.487,799.4684,,slider,1,0,0.00,-0.00,0.00,ACTIVE,NONE,19980,0,P,P,0.00,released,RELEASED
2026-05-20 20:41:05.887,799.8684,,slider,1,0,0.00,-0.00,0.00,ACTIVE,NONE,19990,0,P,P,0.00,released,RELEASED
2026-05-20 20:41:06.288,800.2691,,slider,1,0,0.00,-0.00,0.00,ACTIVE,NONE,20000,0,P,P,0.00,released,RELEASED
2026-05-20 20:41:06.687,800.6680,,slider,1,0,0.00,-0.00,0.00,ACTIVE,NONE,20010,0,P,P,0.00,released,RELEASED
2026-05-20 20:41:07.087,801.0679,,slider,1,0,0.00,-0.00,0.00,ACTIVE,NONE,20020,0,P,P,0.00,released,RELEASED
2026-05-20 20:41:07.487,801.4680,,slider,1,0,0.00,-0.00,0.00,ACTIVE,NONE,20030,0,P,P,0.00,released,RELEASED
2026-05-20 20:41:07.887,801.8683,,slider,1,0,0.00,-0.00,0.00,ACTIVE,NONE,20040,0,P,P,0.00,released,RELEASED
2026-05-20 20:41:08.287,802.2686,,slider,1,0,0.00,-0.00,0.00,ACTIVE,NONE,20050,0,P,P,0.00,released,RELEASED
2026-05-20 20:41:08.687,802.6680,,slider,1,0,0.00,-0.00,0.00,ACTIVE,NONE,20060,0,P,P,0.00,released,RELEASED
2026-05-20 20:41:09.087,803.0682,,slider,1,0,0.00,-0.00,0.00,ACTIVE,NONE,20070,0,P,P,0.00,released,RELEASED
2026-05-20 20:41:09.487,803.4682,,slider,1,0,0.00,-0.00,0.00,ACTIVE,NONE,20080,0,P,P,0.00,released,RELEASED
2026-05-20 20:41:09.887,803.8684,,slider,1,0,0.00,-0.00,0.00,ACTIVE,NONE,20090,0,P,P,0.00,released,RELEASED
2026-05-20 20:41:10.287,804.2684,,slider,1,0,0.00,-0.00,0.00,ACTIVE,NONE,20100,0,P,P,0.00,released,RELEASED
2026-05-20 20:41:10.687,804.6681,,slider,1,0,0.00,-0.00,0.00,ACTIVE,NONE,20110,0,P,P,0.00,released,RELEASED
2026-05-20 20:41:11.087,805.0682,,slider,1,0,0.00,-0.00,0.00,ACTIVE,NONE,20120,0,P,P,0.00,released,RELEASED
2026-05-20 20:41:11.487,805.4682,,slider,1,0,0.00,-0.00,0.00,ACTIVE,NONE,20130,0,P,P,0.00,released,RELEASED
2026-05-20 20:41:11.887,805.8685,,slider,1,0,0.00,-0.00,0.00,ACTIVE,NONE,20140,0,P,P,0.00,released,RELEASED
2026-05-20 20:41:12.287,806.2685,,slider,1,0,0.00,-0.00,0.00,ACTIVE,NONE,20150,0,P,P,0.00,released,RELEASED
2026-05-20 20:41:12.687,806.6681,,slider,1,0,0.00,-0.00,0.00,ACTIVE,NONE,20160,0,P,P,0.00,released,RELEASED
2026-05-20 20:41:13.087,807.0685,,slider,1,0,0.00,-0.00,0.00,ACTIVE,NONE,20170,0,P,P,0.00,released,RELEASED
2026-05-20 20:41:13.487,807.4684,,slider,1,0,0.00,-0.00,0.00,ACTIVE,NONE,20180,0,P,P,0.00,released,RELEASED
2026-05-20 20:41:13.888,807.8692,,slider,1,0,0.00,-0.00,0.00,ACTIVE,NONE,20190,0,P,P,0.00,released,RELEASED
2026-05-20 20:41:14.287,808.2686,,slider,1,0,0.00,-0.00,0.00,ACTIVE,NONE,20200,0,P,P,0.00,released,RELEASED
2026-05-20 20:41:14.687,808.6683,,slider,1,0,0.00,-0.00,0.00,ACTIVE,NONE,20210,0,P,P,0.00,released,RELEASED
2026-05-20 20:41:15.088,809.0691,,slider,1,0,0.00,-0.00,0.00,ACTIVE,NONE,20220,0,P,P,0.00,released,RELEASED
2026-05-20 20:41:15.487,809.4684,,slider,1,0,0.00,-0.00,0.00,ACTIVE,NONE,20230,0,P,P,0.00,released,RELEASED
2026-05-20 20:41:15.887,809.8687,,slider,1,0,0.00,-0.00,0.00,ACTIVE,NONE,20240,0,P,P,0.00,released,RELEASED
2026-05-20 20:41:16.288,810.2693,,slider,1,0,0.00,-0.00,0.00,ACTIVE,NONE,20250,0,P,P,0.00,released,RELEASED
2026-05-20 20:41:16.688,810.6687,,slider,1,0,0.00,-0.00,0.00,ACTIVE,NONE,20260,0,P,P,0.00,released,RELEASED
2026-05-20 20:41:17.087,811.0686,,slider,1,0,0.00,-0.00,0.00,ACTIVE,NONE,20270,0,P,P,0.00,released,RELEASED
2026-05-20 20:41:17.488,811.4688,,slider,1,0,0.00,-0.00,0.00,ACTIVE,NONE,20280,0,P,P,0.00,released,RELEASED
2026-05-20 20:41:17.888,811.8695,,slider,1,0,0.00,-0.00,0.00,ACTIVE,NONE,20290,0,P,P,0.00,released,RELEASED
2026-05-20 20:41:18.288,812.2688,,slider,1,0,0.00,-0.00,0.00,ACTIVE,NONE,20300,0,P,P,0.00,released,RELEASED
2026-05-20 20:41:18.688,812.6695,,slider,1,0,0.00,-0.00,0.00,ACTIVE,NONE,20310,0,P,P,0.00,released,RELEASED
2026-05-20 20:41:19.088,813.0688,,slider,1,0,0.00,-0.00,0.00,ACTIVE,NONE,20320,0,P,P,0.00,released,RELEASED
2026-05-20 20:41:19.488,813.4688,,slider,1,0,0.00,-0.00,0.00,ACTIVE,NONE,20330,0,P,P,0.00,released,RELEASED
2026-05-20 20:41:19.888,813.8693,,slider,1,0,0.00,-0.00,0.00,ACTIVE,NONE,20340,0,P,P,0.00,released,RELEASED
2026-05-20 20:41:20.288,814.2693,,slider,1,0,0.00,-0.00,0.00,ACTIVE,NONE,20350,0,P,P,0.00,released,RELEASED
2026-05-20 20:41:20.688,814.6696,,slider,1,0,0.00,-0.00,0.00,ACTIVE,NONE,20360,0,P,P,0.00,released,RELEASED
2026-05-20 20:41:21.088,815.0692,,slider,1,0,0.00,-0.00,0.00,ACTIVE,NONE,20370,0,P,P,0.00,released,RELEASED
2026-05-20 20:41:21.488,815.4690,,slider,1,0,0.00,-0.00,0.00,ACTIVE,NONE,20380,0,P,P,0.00,released,RELEASED
2026-05-20 20:41:21.889,815.8699,,slider,1,0,0.00,-0.00,0.00,ACTIVE,NONE,20390,0,P,P,0.00,released,RELEASED
2026-05-20 20:41:22.289,816.2698,,slider,1,0,0.00,-0.00,0.00,ACTIVE,NONE,20400,0,P,P,0.00,released,RELEASED
2026-05-20 20:41:22.688,816.6693,,slider,1,0,0.00,-0.00,0.00,ACTIVE,NONE,20410,0,P,P,0.00,released,RELEASED
2026-05-20 20:41:23.088,817.0693,,slider,1,0,0.00,-0.00,0.00,ACTIVE,NONE,20420,0,P,P,0.00,released,RELEASED
2026-05-20 20:41:23.489,817.4697,,slider,1,0,0.00,-0.00,0.00,ACTIVE,NONE,20430,0,P,P,0.00,released,RELEASED
2026-05-20 20:41:23.888,817.8694,,slider,1,0,0.00,-0.00,0.00,ACTIVE,NONE,20440,0,P,P,0.00,released,RELEASED
2026-05-20 20:41:24.289,818.2701,,slider,1,0,0.00,-0.00,0.00,ACTIVE,NONE,20450,0,P,P,0.00,released,RELEASED
2026-05-20 20:41:24.689,818.6698,,slider,1,0,0.00,-0.00,0.00,ACTIVE,NONE,20460,0,P,P,0.00,released,RELEASED
2026-05-20 20:41:25.089,819.0699,,slider,1,0,0.00,-0.00,0.00,ACTIVE,NONE,20470,0,P,P,0.00,released,RELEASED
2026-05-20 20:41:25.489,819.4702,,slider,1,0,0.00,-0.00,0.00,ACTIVE,NONE,20480,0,P,P,0.00,released,RELEASED
2026-05-20 20:41:25.889,819.8698,,slider,1,0,0.00,-0.00,0.00,ACTIVE,NONE,20490,0,P,P,0.00,released,RELEASED
2026-05-20 20:41:26.289,820.2703,,slider,1,0,0.00,-0.00,0.00,ACTIVE,NONE,20500,0,P,P,0.00,released,RELEASED
2026-05-20 20:41:26.689,820.6700,,slider,1,0,0.00,-0.00,0.00,ACTIVE,NONE,20510,0,P,P,0.00,released,RELEASED
2026-05-20 20:41:27.089,821.0701,,slider,1,0,0.00,-0.00,0.00,ACTIVE,NONE,20520,0,P,P,0.00,released,RELEASED
2026-05-20 20:41:27.489,821.4700,,slider,1,0,0.00,-0.00,0.00,ACTIVE,NONE,20530,0,P,P,0.00,released,RELEASED
2026-05-20 20:41:27.889,821.8701,,slider,1,0,0.00,-0.00,0.00,ACTIVE,NONE,20540,0,P,P,0.00,released,RELEASED
2026-05-20 20:41:28.290,822.2711,,slider,1,0,0.00,-0.00,0.00,ACTIVE,NONE,20550,0,P,P,0.00,released,RELEASED
2026-05-20 20:41:28.689,822.6706,,slider,1,0,0.00,-0.00,0.00,ACTIVE,NONE,20560,0,P,P,0.00,released,RELEASED
2026-05-20 20:41:29.089,823.0704,,slider,1,0,0.00,-0.00,0.00,ACTIVE,NONE,20570,0,P,P,0.00,released,RELEASED
2026-05-20 20:41:29.490,823.4707,,slider,1,0,0.00,-0.00,0.00,ACTIVE,NONE,20580,0,P,P,0.00,released,RELEASED
2026-05-20 20:41:29.889,823.8705,,slider,1,0,0.00,-0.00,0.00,ACTIVE,NONE,20590,0,P,P,0.00,released,RELEASED
2026-05-20 20:41:30.290,824.2714,,slider,1,0,0.00,-0.00,0.00,ACTIVE,NONE,20600,0,P,P,0.00,released,RELEASED
2026-05-20 20:41:30.690,824.6707,,slider,1,0,0.00,-0.00,0.00,ACTIVE,NONE,20610,0,P,P,0.00,released,RELEASED
2026-05-20 20:41:31.089,825.0705,,slider,1,0,0.00,-0.00,0.00,ACTIVE,NONE,20620,0,P,P,0.00,released,RELEASED
2026-05-20 20:41:31.490,825.4710,,slider,1,0,0.00,-0.00,0.00,ACTIVE,NONE,20630,0,P,P,0.00,released,RELEASED
2026-05-20 20:41:31.889,825.8707,,slider,1,0,0.00,-0.00,0.00,ACTIVE,NONE,20640,0,P,P,0.00,released,RELEASED
2026-05-20 20:41:32.290,826.2715,,slider,1,0,0.00,-0.00,0.00,ACTIVE,NONE,20650,0,P,P,0.00,released,RELEASED
2026-05-20 20:41:32.690,826.6707,,slider,1,0,0.00,-0.00,0.00,ACTIVE,NONE,20660,0,P,P,0.00,released,RELEASED
2026-05-20 20:41:33.089,827.0703,,slider,1,0,0.00,-0.00,0.00,ACTIVE,NONE,20670,0,P,P,0.00,released,RELEASED
2026-05-20 20:41:33.489,827.4706,,slider,1,0,0.00,-0.00,0.00,ACTIVE,NONE,20680,0,P,P,0.00,released,RELEASED
2026-05-20 20:41:33.889,827.8704,,slider,1,0,0.00,-0.00,0.00,ACTIVE,NONE,20690,0,P,P,0.00,released,RELEASED
2026-05-20 20:41:34.289,828.2706,,slider,1,0,0.00,-0.00,0.00,ACTIVE,NONE,20700,0,P,P,0.00,released,RELEASED
2026-05-20 20:41:34.689,828.6705,,slider,1,0,0.00,-0.00,0.00,ACTIVE,NONE,20710,0,P,P,0.00,released,RELEASED
2026-05-20 20:41:35.089,829.0705,,slider,1,0,0.00,-0.00,0.00,ACTIVE,NONE,20720,0,P,P,0.00,released,RELEASED
2026-05-20 20:41:35.489,829.4705,,slider,1,0,0.00,-0.00,0.00,ACTIVE,NONE,20730,0,P,P,0.00,released,RELEASED
2026-05-20 20:41:35.889,829.8706,,slider,1,0,0.00,-0.00,0.00,ACTIVE,NONE,20740,0,P,P,0.00,released,RELEASED
2026-05-20 20:41:36.290,830.2707,,slider,1,0,0.00,-0.00,0.00,ACTIVE,NONE,20750,0,P,P,0.00,released,RELEASED
2026-05-20 20:41:36.690,830.6707,,slider,1,0,0.00,-0.00,0.00,ACTIVE,NONE,20760,0,P,P,0.00,released,RELEASED
2026-05-20 20:41:37.089,831.0706,,slider,1,0,0.00,-0.00,0.00,ACTIVE,NONE,20770,0,P,P,0.00,released,RELEASED
2026-05-20 20:41:37.490,831.4709,,slider,1,0,0.00,-0.00,0.00,ACTIVE,NONE,20780,0,P,P,0.00,released,RELEASED
2026-05-20 20:41:37.890,831.8707,,slider,1,0,0.00,-0.00,0.00,ACTIVE,NONE,20790,0,P,P,0.00,released,RELEASED
2026-05-20 20:41:38.291,832.2717,,slider,1,0,0.00,-0.00,0.00,ACTIVE,NONE,20800,0,P,P,0.00,released,RELEASED
2026-05-20 20:41:38.690,832.6716,,slider,1,0,0.00,-0.00,0.00,ACTIVE,NONE,20810,0,P,P,0.00,released,RELEASED
2026-05-20 20:41:39.090,833.0712,,slider,1,0,0.00,-0.00,0.00,ACTIVE,NONE,20820,0,P,P,0.00,released,RELEASED
2026-05-20 20:41:39.490,833.4716,,slider,1,0,0.00,-0.00,0.00,ACTIVE,NONE,20830,0,P,P,0.00,released,RELEASED
2026-05-20 20:41:39.890,833.8716,,slider,1,0,0.00,-0.00,0.00,ACTIVE,NONE,20840,0,P,P,0.00,released,RELEASED
2026-05-20 20:41:40.291,834.2724,,slider,1,0,0.00,-0.00,0.00,ACTIVE,NONE,20850,0,P,P,0.00,released,RELEASED
2026-05-20 20:41:40.690,834.6713,,slider,1,0,0.00,-0.00,0.00,ACTIVE,NONE,20860,0,P,P,0.00,released,RELEASED
2026-05-20 20:41:41.091,835.0718,,slider,1,0,0.00,-0.00,0.00,ACTIVE,NONE,20870,0,P,P,0.00,released,RELEASED
2026-05-20 20:41:41.490,835.4713,,slider,1,0,0.00,-0.00,0.00,ACTIVE,NONE,20880,0,P,P,0.00,released,RELEASED
2026-05-20 20:41:41.890,835.8712,,slider,1,0,0.00,-0.00,0.00,ACTIVE,NONE,20890,0,P,P,0.00,released,RELEASED
2026-05-20 20:41:42.290,836.2716,,slider,1,0,0.00,-0.00,0.00,ACTIVE,NONE,20900,0,P,P,0.00,released,RELEASED
2026-05-20 20:41:42.690,836.6710,,slider,1,0,0.00,-0.00,0.00,ACTIVE,NONE,20910,0,P,P,0.00,released,RELEASED
2026-05-20 20:41:43.091,837.0720,,slider,1,0,0.00,-0.00,0.00,ACTIVE,NONE,20920,0,P,P,0.00,released,RELEASED
2026-05-20 20:41:43.490,837.4711,,slider,1,0,0.00,-0.00,0.00,ACTIVE,NONE,20930,0,P,P,0.00,released,RELEASED
2026-05-20 20:41:43.890,837.8710,,slider,1,0,0.00,-0.00,0.00,ACTIVE,NONE,20940,0,P,P,0.00,released,RELEASED
2026-05-20 20:41:44.290,838.2715,,slider,1,0,0.00,-0.00,0.00,ACTIVE,NONE,20950,0,P,P,0.00,released,RELEASED
2026-05-20 20:41:44.690,838.6712,,slider,1,0,0.00,-0.00,0.00,ACTIVE,NONE,20960,0,P,P,0.00,released,RELEASED
2026-05-20 20:41:45.090,839.0712,,slider,1,0,0.00,-0.00,0.00,ACTIVE,NONE,20970,0,P,P,0.00,released,RELEASED
2026-05-20 20:41:45.490,839.4715,,slider,1,0,0.00,-0.00,0.00,ACTIVE,NONE,20980,0,P,P,0.00,released,RELEASED
2026-05-20 20:41:45.890,839.8716,,slider,1,0,0.00,-0.00,0.00,ACTIVE,NONE,20990,0,P,P,0.00,released,RELEASED
2026-05-20 20:41:46.291,840.2720,,slider,1,0,0.00,-0.00,0.00,ACTIVE,NONE,21000,0,P,P,0.00,released,RELEASED
2026-05-20 20:41:46.690,840.6715,,slider,1,0,0.00,-0.00,0.00,ACTIVE,NONE,21010,0,P,P,0.00,released,RELEASED
2026-05-20 20:41:47.090,841.0715,,slider,1,0,0.00,-0.00,0.00,ACTIVE,NONE,21020,0,P,P,0.00,released,RELEASED
2026-05-20 20:41:47.490,841.4715,,slider,1,0,0.00,-0.00,0.00,ACTIVE,NONE,21030,0,P,P,0.00,released,RELEASED
2026-05-20 20:41:47.890,841.8715,,slider,1,0,0.00,-0.00,0.00,ACTIVE,NONE,21040,0,P,P,0.00,released,RELEASED
2026-05-20 20:41:48.291,842.2718,,slider,1,0,0.00,-0.00,0.00,ACTIVE,NONE,21050,0,P,P,0.00,released,RELEASED
2026-05-20 20:41:48.690,842.6714,,slider,1,0,0.00,-0.00,0.00,ACTIVE,NONE,21060,0,P,P,0.00,released,RELEASED
2026-05-20 20:41:49.090,843.0717,,slider,1,0,0.00,-0.00,0.00,ACTIVE,NONE,21070,0,P,P,0.00,released,RELEASED
2026-05-20 20:41:49.491,843.4717,,slider,1,0,0.00,-0.00,0.00,ACTIVE,NONE,21080,0,P,P,0.00,released,RELEASED
2026-05-20 20:41:49.891,843.8718,,slider,1,0,0.00,-0.00,0.00,ACTIVE,NONE,21090,0,P,P,0.00,released,RELEASED
2026-05-20 20:41:50.291,844.2719,,slider,1,0,0.00,-0.00,0.00,ACTIVE,NONE,21100,0,P,P,0.00,released,RELEASED
2026-05-20 20:41:50.691,844.6718,,slider,1,0,0.00,-0.00,0.00,ACTIVE,NONE,21110,0,P,P,0.00,released,RELEASED
2026-05-20 20:41:51.091,845.0719,,slider,1,0,0.00,-0.00,0.00,ACTIVE,NONE,21120,0,P,P,0.00,released,RELEASED
2026-05-20 20:41:51.491,845.4721,,slider,1,0,0.00,-0.00,0.00,ACTIVE,NONE,21130,0,P,P,0.00,released,RELEASED
2026-05-20 20:41:51.891,845.8720,,slider,1,0,0.00,-0.00,0.00,ACTIVE,NONE,21140,0,P,P,0.00,released,RELEASED
2026-05-20 20:41:52.291,846.2722,,slider,1,0,0.00,-0.00,0.00,ACTIVE,NONE,21150,0,P,P,0.00,released,RELEASED
2026-05-20 20:41:52.695,846.6767,,slider,1,0,36.01,9.77,0.70,ACTIVE,NONE,21160,0,P,P,0.00,released,RELEASED
2026-05-20 20:41:53.100,847.0808,,slider,1,0,0.00,78.25,53.90,ACTIVE,NONE,21170,0,P,P,0.00,released,RELEASED
2026-05-20 20:41:53.483,847.4638,,slider,1,0,242.09,52.69,47.40,ACTIVE,NONE,21180,0,P,P,0.00,released,RELEASED
2026-05-20 20:41:53.883,847.8637,,slider,1,0,355.51,124.69,100.90,ACTIVE,NONE,21190,0,P,P,0.00,released,RELEASED
2026-05-20 20:41:54.284,848.2650,,slider,1,0,0.00,130.69,149.10,ACTIVE,NONE,21200,0,P,P,0.00,released,RELEASED
2026-05-20 20:41:54.696,848.6771,,slider,1,0,-139.34,58.69,86.60,ACTIVE,NONE,21210,0,P,P,0.00,released,RELEASED
2026-05-20 20:41:55.096,849.0771,,slider,1,0,-259.46,-13.31,12.40,ACTIVE,NONE,21220,0,P,P,0.00,released,RELEASED
2026-05-20 20:41:55.496,849.4774,,slider,1,0,-312.80,-85.31,-60.00,ACTIVE,NONE,21230,0,P,P,0.00,released,RELEASED
2026-05-20 20:41:55.884,849.8652,,slider,1,0,-235.38,-154.31,-132.60,ACTIVE,NONE,21240,0,P,P,0.00,released,RELEASED
2026-05-20 20:41:56.285,850.2665,,slider,1,0,-28.16,-181.26,-193.80,ACTIVE,NONE,21250,0,P,P,0.00,released,RELEASED
2026-05-20 20:41:56.689,850.6697,,slider,1,0,0.00,-109.26,-136.60,ACTIVE,NONE,21260,0,P,P,0.00,released,RELEASED
2026-05-20 20:41:57.092,851.0734,,slider,1,0,0.00,-37.26,-61.60,ACTIVE,NONE,21270,0,P,P,0.00,released,RELEASED
2026-05-20 20:41:57.497,851.4779,,slider,1,0,0.00,-0.02,-4.30,ACTIVE,NONE,21280,0,P,P,0.00,released,RELEASED
2026-05-20 20:41:57.897,851.8779,,slider,1,0,0.00,-0.00,-0.70,ACTIVE,NONE,21290,0,P,P,0.00,released,RELEASED
2026-05-20 20:41:58.297,852.2780,,slider,1,0,0.00,-0.00,0.10,ACTIVE,NONE,21300,0,P,P,0.00,released,RELEASED
2026-05-20 20:41:58.697,852.6781,,slider,1,0,0.00,-0.00,0.50,ACTIVE,NONE,21310,0,P,P,0.00,released,RELEASED
2026-05-20 20:41:59.097,853.0781,,slider,1,0,0.00,-0.00,0.40,ACTIVE,NONE,21320,0,P,P,0.00,released,RELEASED
2026-05-20 20:41:59.497,853.4782,,slider,1,0,0.00,-0.00,0.30,ACTIVE,NONE,21330,0,P,P,0.00,released,RELEASED
2026-05-20 20:41:59.897,853.8781,,slider,1,0,0.00,-0.00,0.00,ACTIVE,NONE,21340,0,P,P,0.00,released,RELEASED
2026-05-20 20:42:00.297,854.2782,,slider,1,0,0.00,-0.00,0.00,ACTIVE,NONE,21350,0,P,P,0.00,released,RELEASED
2026-05-20 20:42:00.697,854.6783,,slider,1,0,0.00,-0.00,0.00,ACTIVE,NONE,21360,0,P,P,0.00,released,RELEASED
2026-05-20 20:42:01.097,855.0783,,slider,1,0,0.00,-0.00,-0.10,ACTIVE,NONE,21370,0,P,P,0.00,released,RELEASED
2026-05-20 20:42:01.497,855.4783,,slider,1,0,0.00,-0.00,-0.10,ACTIVE,NONE,21380,0,P,P,0.00,released,RELEASED
2026-05-20 20:42:01.897,855.8783,,slider,1,0,0.00,-0.00,-0.10,ACTIVE,NONE,21390,0,P,P,0.00,released,RELEASED
2026-05-20 20:42:02.297,856.2783,,slider,1,0,0.00,-0.00,-0.10,ACTIVE,NONE,21400,0,P,P,0.00,released,RELEASED
2026-05-20 20:42:02.697,856.6783,,slider,1,0,0.00,-0.00,0.00,ACTIVE,NONE,21410,0,P,P,0.00,released,RELEASED
2026-05-20 20:42:03.097,857.0783,,slider,1,0,0.00,-0.00,0.00,ACTIVE,NONE,21420,0,P,P,0.00,released,RELEASED
2026-05-20 20:42:03.497,857.4785,,slider,1,0,0.00,-0.00,0.00,ACTIVE,NONE,21430,0,P,P,0.00,released,RELEASED
2026-05-20 20:42:03.897,857.8784,,slider,1,0,0.00,-0.00,0.00,ACTIVE,NONE,21440,0,P,P,0.00,released,RELEASED
2026-05-20 20:42:04.297,858.2785,,slider,1,0,0.00,-0.00,0.00,ACTIVE,NONE,21450,0,P,P,0.00,released,RELEASED
2026-05-20 20:42:04.697,858.6785,,slider,1,0,0.00,-0.00,0.00,ACTIVE,NONE,21460,0,P,P,0.00,released,RELEASED
2026-05-20 20:42:05.097,859.0786,,slider,1,0,0.00,-0.00,0.00,ACTIVE,NONE,21470,0,P,P,0.00,released,RELEASED
2026-05-20 20:42:05.497,859.4786,,slider,1,0,0.00,-0.00,0.00,ACTIVE,NONE,21480,0,P,P,0.00,released,RELEASED
2026-05-20 20:42:05.897,859.8786,,slider,1,0,0.00,-0.00,0.00,ACTIVE,NONE,21490,0,P,P,0.00,released,RELEASED
2026-05-20 20:42:06.297,860.2786,,slider,1,0,0.00,-0.00,0.00,ACTIVE,NONE,21500,0,P,P,0.00,released,RELEASED
2026-05-20 20:42:06.697,860.6787,,slider,1,0,0.00,-0.00,0.00,ACTIVE,NONE,21510,0,P,P,0.00,released,RELEASED
2026-05-20 20:42:07.098,861.0788,,slider,1,0,0.00,-0.00,0.00,ACTIVE,NONE,21520,0,P,P,0.00,released,RELEASED
2026-05-20 20:42:07.498,861.4787,,slider,1,0,0.00,-0.00,0.00,ACTIVE,NONE,21530,0,P,P,0.00,released,RELEASED
2026-05-20 20:42:07.898,861.8788,,slider,1,0,0.00,-0.00,0.00,ACTIVE,NONE,21540,0,P,P,0.00,released,RELEASED
2026-05-20 20:42:08.298,862.2789,,slider,1,0,0.00,-0.00,0.00,ACTIVE,NONE,21550,0,P,P,0.00,released,RELEASED
2026-05-20 20:42:08.698,862.6789,,slider,1,0,0.00,-0.00,0.00,ACTIVE,NONE,21560,0,P,P,0.00,released,RELEASED
2026-05-20 20:42:09.098,863.0791,,slider,1,0,0.00,-0.00,0.00,ACTIVE,NONE,21570,0,P,P,0.00,released,RELEASED
2026-05-20 20:42:09.498,863.4790,,slider,1,0,0.00,-0.00,0.00,ACTIVE,NONE,21580,0,P,P,0.00,released,RELEASED
2026-05-20 20:42:09.898,863.8789,,slider,1,0,0.00,-0.00,0.00,ACTIVE,NONE,21590,0,P,P,0.00,released,RELEASED
2026-05-20 20:42:10.298,864.2790,,slider,1,0,0.00,-0.00,0.00,ACTIVE,NONE,21600,0,P,P,0.00,released,RELEASED
2026-05-20 20:42:10.698,864.6790,,slider,1,0,0.00,-0.00,0.00,ACTIVE,NONE,21610,0,P,P,0.00,released,RELEASED
2026-05-20 20:42:11.098,865.0791,,slider,1,0,0.00,-0.00,0.00,ACTIVE,NONE,21620,0,P,P,0.00,released,RELEASED
2026-05-20 20:42:11.498,865.4792,,slider,1,0,0.00,-0.00,0.00,ACTIVE,NONE,21630,0,P,P,0.00,released,RELEASED
2026-05-20 20:42:11.898,865.8793,,slider,1,0,0.00,-0.00,0.00,ACTIVE,NONE,21640,0,P,P,0.00,released,RELEASED
2026-05-20 20:42:12.298,866.2793,,slider,1,0,0.00,-0.00,0.00,ACTIVE,NONE,21650,0,P,P,0.00,released,RELEASED
2026-05-20 20:42:12.698,866.6794,,slider,1,0,0.00,-0.00,0.00,ACTIVE,NONE,21660,0,P,P,0.00,released,RELEASED
2026-05-20 20:42:13.098,867.0794,,slider,1,0,0.00,-0.00,0.00,ACTIVE,NONE,21670,0,P,P,0.00,released,RELEASED
2026-05-20 20:42:13.498,867.4794,,slider,1,0,0.00,-0.00,0.00,ACTIVE,NONE,21680,0,P,P,0.00,released,RELEASED
2026-05-20 20:42:13.898,867.8795,,slider,1,0,0.00,-0.00,0.00,ACTIVE,NONE,21690,0,P,P,0.00,released,RELEASED
2026-05-20 20:42:14.298,868.2794,,slider,1,0,0.00,-0.00,0.00,ACTIVE,NONE,21700,0,P,P,0.00,released,RELEASED
2026-05-20 20:42:14.699,868.6797,,slider,1,0,0.00,-0.00,0.00,ACTIVE,NONE,21710,0,P,P,0.00,released,RELEASED
2026-05-20 20:42:15.098,869.0796,,slider,1,0,0.00,-0.00,0.00,ACTIVE,NONE,21720,0,P,P,0.00,released,RELEASED
2026-05-20 20:42:15.498,869.4796,,slider,1,0,0.00,-0.00,0.00,ACTIVE,NONE,21730,0,P,P,0.00,released,RELEASED
2026-05-20 20:42:15.898,869.8796,,slider,1,0,0.00,-0.00,0.00,ACTIVE,NONE,21740,0,P,P,0.00,released,RELEASED
2026-05-20 20:42:16.282,870.2631,,slider,1,0,0.00,-0.00,0.00,ACTIVE,NONE,21750,0,P,P,0.00,released,RELEASED
2026-05-20 20:42:16.698,870.6797,,slider,1,0,0.00,-0.00,0.00,ACTIVE,NONE,21760,0,P,P,0.00,released,RELEASED
2026-05-20 20:42:17.099,871.0798,,slider,1,0,0.00,-0.00,0.00,ACTIVE,NONE,21770,0,P,P,0.00,released,RELEASED
2026-05-20 20:42:17.499,871.4797,,slider,1,0,0.00,-0.00,0.00,ACTIVE,NONE,21780,0,P,P,0.00,released,RELEASED
2026-05-20 20:42:17.899,871.8798,,slider,1,0,0.00,-0.00,0.00,ACTIVE,NONE,21790,0,P,P,0.00,released,RELEASED
2026-05-20 20:42:18.299,872.2798,,slider,1,0,0.00,-0.00,0.00,ACTIVE,NONE,21800,0,P,P,0.00,released,RELEASED
2026-05-20 20:42:18.699,872.6798,,slider,1,0,0.00,-0.00,0.00,ACTIVE,NONE,21810,0,P,P,0.00,released,RELEASED
2026-05-20 20:42:19.099,873.0799,,slider,1,0,0.00,-0.00,0.00,ACTIVE,NONE,21820,0,P,P,0.00,released,RELEASED
2026-05-20 20:42:19.499,873.4799,,slider,1,0,0.00,-0.00,0.00,ACTIVE,NONE,21830,0,P,P,0.00,released,RELEASED
2026-05-20 20:42:19.899,873.8801,,slider,1,0,0.00,-0.00,0.00,ACTIVE,NONE,21840,0,P,P,0.00,released,RELEASED
2026-05-20 20:42:20.299,874.2801,,slider,1,0,0.00,-0.00,0.00,ACTIVE,NONE,21850,0,P,P,0.00,released,RELEASED
2026-05-20 20:42:20.699,874.6801,,slider,1,0,0.00,-0.00,0.00,ACTIVE,NONE,21860,0,P,P,0.00,released,RELEASED
2026-05-20 20:42:21.099,875.0800,,slider,1,0,0.00,-0.00,0.00,ACTIVE,NONE,21870,0,P,P,0.00,released,RELEASED
2026-05-20 20:42:21.499,875.4801,,slider,1,0,0.00,-0.00,0.00,ACTIVE,NONE,21880,0,P,P,0.00,released,RELEASED
2026-05-20 20:42:21.899,875.8802,,slider,1,0,0.00,-0.00,0.00,ACTIVE,NONE,21890,0,P,P,0.00,released,RELEASED
2026-05-20 20:42:22.299,876.2803,,slider,1,0,0.00,-0.00,0.00,ACTIVE,NONE,21900,0,P,P,0.00,released,RELEASED
2026-05-20 20:42:22.699,876.6803,,slider,1,0,0.00,-0.00,0.00,ACTIVE,NONE,21910,0,P,P,0.00,released,RELEASED
2026-05-20 20:42:23.099,877.0804,,slider,1,0,0.00,-0.00,0.00,ACTIVE,NONE,21920,0,P,P,0.00,released,RELEASED
2026-05-20 20:42:23.499,877.4803,,slider,1,0,0.00,-0.00,0.00,ACTIVE,NONE,21930,0,P,P,0.00,released,RELEASED
2026-05-20 20:42:23.899,877.8805,,slider,1,0,0.00,-0.00,0.00,ACTIVE,NONE,21940,0,P,P,0.00,released,RELEASED
2026-05-20 20:42:24.299,878.2803,,slider,1,0,0.00,-0.00,0.00,ACTIVE,NONE,21950,0,P,P,0.00,released,RELEASED
2026-05-20 20:42:24.699,878.6804,,slider,1,0,0.00,-0.00,0.00,ACTIVE,NONE,21960,0,P,P,0.00,released,RELEASED
2026-05-20 20:42:25.099,879.0804,,slider,1,0,0.00,-0.00,0.00,ACTIVE,NONE,21970,0,P,P,0.00,released,RELEASED
2026-05-20 20:42:25.499,879.4805,,slider,1,0,0.00,-0.00,0.00,ACTIVE,NONE,21980,0,P,P,0.00,released,RELEASED
2026-05-20 20:42:25.900,879.8808,,slider,1,0,0.00,-0.00,0.00,ACTIVE,NONE,21990,0,P,P,0.00,released,RELEASED
2026-05-20 20:42:26.299,880.2805,,slider,1,0,0.00,-0.00,0.00,ACTIVE,NONE,22000,0,P,P,0.00,released,RELEASED
2026-05-20 20:42:26.699,880.6806,,slider,1,0,0.00,-0.00,0.00,ACTIVE,NONE,22010,0,P,P,0.00,released,RELEASED
2026-05-20 20:42:27.101,881.0817,,slider,1,0,0.00,-0.00,0.00,ACTIVE,NONE,22020,0,P,P,0.00,released,RELEASED
2026-05-20 20:42:27.500,881.4807,,slider,1,0,0.00,-0.00,0.00,ACTIVE,NONE,22030,0,P,P,0.00,released,RELEASED
2026-05-20 20:42:27.900,881.8808,,slider,1,0,0.00,-0.00,0.00,ACTIVE,NONE,22040,0,P,P,0.00,released,RELEASED
2026-05-20 20:42:28.300,882.2808,,slider,1,0,0.00,-0.00,0.00,ACTIVE,NONE,22050,0,P,P,0.00,released,RELEASED
2026-05-20 20:42:28.700,882.6808,,slider,1,0,0.00,-0.00,0.00,ACTIVE,NONE,22060,0,P,P,0.00,released,RELEASED
2026-05-20 20:42:29.100,883.0815,,slider,1,0,0.00,-0.00,0.00,ACTIVE,NONE,22070,0,P,P,0.00,released,RELEASED
2026-05-20 20:42:29.500,883.4810,,slider,1,0,0.00,-0.00,0.00,ACTIVE,NONE,22080,0,P,P,0.00,released,RELEASED
2026-05-20 20:42:29.900,883.8814,,slider,1,0,0.00,-0.00,0.00,ACTIVE,NONE,22090,0,P,P,0.00,released,RELEASED
2026-05-20 20:42:30.300,884.2816,,slider,1,0,0.00,-0.00,0.00,ACTIVE,NONE,22100,0,P,P,0.00,released,RELEASED
2026-05-20 20:42:30.700,884.6815,,slider,1,0,0.00,-0.00,0.00,ACTIVE,NONE,22110,0,P,P,0.00,released,RELEASED
2026-05-20 20:42:31.100,885.0813,,slider,1,0,0.00,-0.00,0.00,ACTIVE,NONE,22120,0,P,P,0.00,released,RELEASED
2026-05-20 20:42:31.500,885.4816,,slider,1,0,0.00,-0.00,0.00,ACTIVE,NONE,22130,0,P,P,0.00,released,RELEASED
2026-05-20 20:42:31.883,885.8642,,slider,1,0,0.00,-0.00,0.00,ACTIVE,NONE,22140,0,P,P,0.00,released,RELEASED
2026-05-20 20:42:32.300,886.2815,,slider,1,0,0.00,-0.00,0.00,ACTIVE,NONE,22150,0,P,P,0.00,released,RELEASED
2026-05-20 20:42:32.683,886.6642,,slider,1,0,0.00,-0.00,0.00,ACTIVE,NONE,22160,0,P,P,0.00,released,RELEASED
2026-05-20 20:42:33.083,887.0644,,slider,1,0,0.00,-0.00,0.00,ACTIVE,NONE,22170,0,P,P,0.00,released,RELEASED
2026-05-20 20:42:33.500,887.4816,,slider,1,0,0.00,-0.00,0.00,ACTIVE,NONE,22180,0,P,P,0.00,released,RELEASED
2026-05-20 20:42:33.883,887.8642,,slider,1,0,0.00,-0.00,0.00,ACTIVE,NONE,22190,0,P,P,0.00,released,RELEASED
2026-05-20 20:42:34.284,888.2648,,slider,1,0,0.00,-0.00,0.00,ACTIVE,NONE,22200,0,P,P,0.00,released,RELEASED
2026-05-20 20:42:34.683,888.6639,,slider,1,0,0.00,-0.00,0.00,ACTIVE,NONE,22210,0,P,P,0.00,released,RELEASED
2026-05-20 20:42:35.101,889.0820,,slider,1,0,0.00,-0.00,0.00,ACTIVE,NONE,22220,0,P,P,0.00,released,RELEASED
2026-05-20 20:42:35.501,889.4826,,slider,1,0,0.00,-0.00,0.00,ACTIVE,NONE,22230,0,P,P,0.00,released,RELEASED
2026-05-20 20:42:35.883,889.8639,,slider,1,0,0.00,-0.00,0.00,ACTIVE,NONE,22240,0,P,P,0.00,released,RELEASED
2026-05-20 20:42:36.284,890.2649,,slider,1,0,0.00,-0.00,0.00,ACTIVE,NONE,22250,0,P,P,0.00,released,RELEASED
2026-05-20 20:42:36.683,890.6642,,slider,1,0,0.00,-0.00,0.00,ACTIVE,NONE,22260,0,P,P,0.00,released,RELEASED
2026-05-20 20:42:37.083,891.0639,,slider,1,0,0.00,-0.00,0.00,ACTIVE,NONE,22270,0,P,P,0.00,released,RELEASED
2026-05-20 20:42:37.483,891.4640,,slider,1,0,0.00,-0.00,0.00,ACTIVE,NONE,22280,0,P,P,0.00,released,RELEASED
2026-05-20 20:42:37.883,891.8639,,slider,1,0,0.00,-0.00,0.00,ACTIVE,NONE,22290,0,P,P,0.00,released,RELEASED
2026-05-20 20:42:38.283,892.2641,,slider,1,0,0.00,-0.00,0.00,ACTIVE,NONE,22300,0,P,P,0.00,released,RELEASED
2026-05-20 20:42:38.683,892.6638,,slider,1,0,0.00,-0.00,0.00,ACTIVE,NONE,22310,0,P,P,0.00,released,RELEASED
2026-05-20 20:42:39.083,893.0640,,slider,1,0,0.00,-0.00,0.00,ACTIVE,NONE,22320,0,P,P,0.00,released,RELEASED
2026-05-20 20:42:39.483,893.4640,,slider,1,0,0.00,-0.00,0.00,ACTIVE,NONE,22330,0,P,P,0.00,released,RELEASED
2026-05-20 20:42:39.883,893.8642,,slider,1,0,0.00,-0.00,0.00,ACTIVE,NONE,22340,0,P,P,0.00,released,RELEASED
2026-05-20 20:42:40.283,894.2646,,slider,1,0,0.00,-0.00,0.00,ACTIVE,NONE,22350,0,P,P,0.00,released,RELEASED
2026-05-20 20:42:40.683,894.6644,,slider,1,0,0.00,-0.00,0.00,ACTIVE,NONE,22360,0,P,P,0.00,released,RELEASED
2026-05-20 20:42:41.083,895.0640,,slider,1,0,0.00,-0.00,0.00,ACTIVE,NONE,22370,0,P,P,0.00,released,RELEASED
2026-05-20 20:42:41.483,895.4639,,slider,1,0,0.00,-0.00,0.00,ACTIVE,NONE,22380,0,P,P,0.00,released,RELEASED
2026-05-20 20:42:41.884,895.8649,,slider,1,0,0.00,-0.00,0.00,ACTIVE,NONE,22390,0,P,P,0.00,released,RELEASED
2026-05-20 20:42:42.283,896.2645,,slider,1,0,0.00,-0.00,0.00,ACTIVE,NONE,22400,0,P,P,0.00,released,RELEASED
2026-05-20 20:42:42.683,896.6639,,slider,1,0,0.00,-0.00,0.00,ACTIVE,NONE,22410,0,P,P,0.00,released,RELEASED
2026-05-20 20:42:43.084,897.0649,,slider,1,0,0.00,-0.00,0.00,ACTIVE,NONE,22420,0,P,P,0.00,released,RELEASED
2026-05-20 20:42:43.482,897.4634,,slider,1,0,0.00,-0.00,0.00,ACTIVE,NONE,22430,0,P,P,0.00,released,RELEASED
2026-05-20 20:42:43.884,897.8648,,slider,1,0,0.00,-0.00,0.00,ACTIVE,NONE,22440,0,P,P,0.00,released,RELEASED
2026-05-20 20:42:44.284,898.2647,,slider,1,0,0.00,-0.00,0.00,ACTIVE,NONE,22450,0,P,P,0.00,released,RELEASED
2026-05-20 20:42:44.683,898.6640,,slider,1,0,0.00,-0.00,0.00,ACTIVE,NONE,22460,0,P,P,0.00,released,RELEASED
2026-05-20 20:42:45.084,899.0650,,slider,1,0,0.00,-0.00,0.00,ACTIVE,NONE,22470,0,P,P,0.00,released,RELEASED
2026-05-20 20:42:45.483,899.4639,,slider,1,0,0.00,-0.00,0.00,ACTIVE,NONE,22480,0,P,P,0.00,released,RELEASED
2026-05-20 20:42:45.892,899.8729,,slider,1,0,0.00,-0.00,0.00,ACTIVE,NONE,22490,0,P,P,0.00,released,RELEASED
2026-05-20 20:42:46.292,900.2727,,slider,1,0,0.00,-0.00,0.00,ACTIVE,NONE,22500,0,P,P,0.00,released,RELEASED
2026-05-20 20:42:46.692,900.6727,,slider,1,0,0.00,-0.00,0.00,ACTIVE,NONE,22510,0,P,P,0.00,released,RELEASED
2026-05-20 20:42:47.092,901.0730,,slider,1,0,0.00,-0.00,0.00,ACTIVE,NONE,22520,0,P,P,0.00,released,RELEASED
2026-05-20 20:42:47.492,901.4729,,slider,1,0,0.00,-0.00,0.00,ACTIVE,NONE,22530,0,P,P,0.00,released,RELEASED
2026-05-20 20:42:47.892,901.8731,,slider,1,0,0.00,-0.00,0.00,ACTIVE,NONE,22540,0,P,P,0.00,released,RELEASED
2026-05-20 20:42:48.292,902.2736,,slider,1,0,0.00,-0.00,0.00,ACTIVE,NONE,22550,0,P,P,0.00,released,RELEASED
2026-05-20 20:42:48.692,902.6735,,slider,1,0,0.00,-0.00,0.00,ACTIVE,NONE,22560,0,P,P,0.00,released,RELEASED
2026-05-20 20:42:49.092,903.0731,,slider,1,0,0.00,-0.00,0.00,ACTIVE,NONE,22570,0,P,P,0.00,released,RELEASED
2026-05-20 20:42:49.492,903.4734,,slider,1,0,0.00,-0.00,0.00,ACTIVE,NONE,22580,0,P,P,0.00,released,RELEASED
2026-05-20 20:42:49.892,903.8732,,slider,1,0,0.00,-0.00,0.00,ACTIVE,NONE,22590,0,P,P,0.00,released,RELEASED
2026-05-20 20:42:50.292,904.2736,,slider,1,0,0.00,-0.00,0.00,ACTIVE,NONE,22600,0,P,P,0.00,released,RELEASED
2026-05-20 20:42:50.692,904.6732,,slider,1,0,0.00,-0.00,0.00,ACTIVE,NONE,22610,0,P,P,0.00,released,RELEASED
2026-05-20 20:42:51.092,905.0733,,slider,1,0,0.00,-0.00,0.00,ACTIVE,NONE,22620,0,P,P,0.00,released,RELEASED
2026-05-20 20:42:51.492,905.4732,,slider,1,0,0.00,-0.00,0.00,ACTIVE,NONE,22630,0,P,P,0.00,released,RELEASED
2026-05-20 20:42:51.892,905.8734,,slider,1,0,0.00,-0.00,0.00,ACTIVE,NONE,22640,0,P,P,0.00,released,RELEASED
2026-05-20 20:42:52.292,906.2735,,slider,1,0,0.00,-0.00,0.00,ACTIVE,NONE,22650,0,P,P,0.00,released,RELEASED
2026-05-20 20:42:52.692,906.6737,,slider,1,0,0.00,-0.00,0.00,ACTIVE,NONE,22660,0,P,P,0.00,released,RELEASED
2026-05-20 20:42:53.093,907.0739,,slider,1,0,0.00,-0.00,0.00,ACTIVE,NONE,22670,0,P,P,0.00,released,RELEASED
2026-05-20 20:42:53.493,907.4738,,slider,1,0,0.00,-0.00,0.00,ACTIVE,NONE,22680,0,P,P,0.00,released,RELEASED
2026-05-20 20:42:53.893,907.8739,,slider,1,0,0.00,-0.00,0.00,ACTIVE,NONE,22690,0,P,P,0.00,released,RELEASED
2026-05-20 20:42:54.294,908.2747,,slider,1,0,0.00,-0.00,0.00,ACTIVE,NONE,22700,0,P,P,0.00,released,RELEASED
2026-05-20 20:42:54.693,908.6739,,slider,1,0,0.00,-0.00,0.00,ACTIVE,NONE,22710,0,P,P,0.00,released,RELEASED
2026-05-20 20:42:55.093,909.0740,,slider,1,0,0.00,-0.00,0.00,ACTIVE,NONE,22720,0,P,P,0.00,released,RELEASED
2026-05-20 20:42:55.493,909.4743,,slider,1,0,0.00,-0.00,0.00,ACTIVE,NONE,22730,0,P,P,0.00,released,RELEASED
2026-05-20 20:42:55.893,909.8741,,slider,1,0,0.00,-0.00,0.00,ACTIVE,NONE,22740,0,P,P,0.00,released,RELEASED
2026-05-20 20:42:56.293,910.2742,,slider,1,0,0.00,-0.00,0.00,ACTIVE,NONE,22750,0,P,P,0.00,released,RELEASED
2026-05-20 20:42:56.694,910.6748,,slider,1,0,0.00,-0.00,0.00,ACTIVE,NONE,22760,0,P,P,0.00,released,RELEASED
2026-05-20 20:42:57.093,911.0746,,slider,1,0,0.00,-0.00,0.00,ACTIVE,NONE,22770,0,P,P,0.00,released,RELEASED
2026-05-20 20:42:57.493,911.4743,,slider,1,0,0.00,-0.00,0.00,ACTIVE,NONE,22780,0,P,P,0.00,released,RELEASED
2026-05-20 20:42:57.893,911.8744,,slider,1,0,0.00,-0.00,0.00,ACTIVE,NONE,22790,0,P,P,0.00,released,RELEASED
2026-05-20 20:42:58.294,912.2748,,slider,1,0,0.00,-0.00,0.00,ACTIVE,NONE,22800,0,P,P,0.00,released,RELEASED
2026-05-20 20:42:58.694,912.6749,,slider,1,0,0.00,-0.00,0.00,ACTIVE,NONE,22810,0,P,P,0.00,released,RELEASED
2026-05-20 20:42:59.093,913.0744,,slider,1,0,0.00,-0.00,0.00,ACTIVE,NONE,22820,0,P,P,0.00,released,RELEASED
2026-05-20 20:42:59.493,913.4738,,slider,1,0,0.00,-0.00,0.00,ACTIVE,NONE,22830,0,P,P,0.00,released,RELEASED
2026-05-20 20:42:59.893,913.8744,,slider,1,0,0.00,-0.00,0.00,ACTIVE,NONE,22840,0,P,P,0.00,released,RELEASED
2026-05-20 20:43:00.293,914.2743,,slider,1,0,0.00,-0.00,0.00,ACTIVE,NONE,22850,0,P,P,0.00,released,RELEASED
2026-05-20 20:43:00.693,914.6742,,slider,1,0,0.00,-0.00,0.00,ACTIVE,NONE,22860,0,P,P,0.00,released,RELEASED
2026-05-20 20:43:01.093,915.0740,,slider,1,0,0.00,-0.00,0.00,ACTIVE,NONE,22870,0,P,P,0.00,released,RELEASED
2026-05-20 20:43:01.493,915.4744,,slider,1,0,0.00,-0.00,0.00,ACTIVE,NONE,22880,0,P,P,0.00,released,RELEASED
2026-05-20 20:43:01.893,915.8740,,slider,1,0,0.00,-0.00,0.00,ACTIVE,NONE,22890,0,P,P,0.00,released,RELEASED
2026-05-20 20:43:02.293,916.2743,,slider,1,0,0.00,-0.00,0.00,ACTIVE,NONE,22900,0,P,P,0.00,released,RELEASED
2026-05-20 20:43:02.693,916.6744,,slider,1,0,0.00,-0.00,0.00,ACTIVE,NONE,22910,0,P,P,0.00,released,RELEASED
2026-05-20 20:43:03.093,917.0742,,slider,1,0,0.00,-0.00,0.00,ACTIVE,NONE,22920,0,P,P,0.00,released,RELEASED
2026-05-20 20:43:03.493,917.4742,,slider,1,0,0.00,-0.00,0.00,ACTIVE,NONE,22930,0,P,P,0.00,released,RELEASED
2026-05-20 20:43:03.893,917.8743,,slider,1,0,0.00,-0.00,0.00,ACTIVE,NONE,22940,0,P,P,0.00,released,RELEASED
2026-05-20 20:43:04.293,918.2743,,slider,1,0,0.00,-0.00,0.00,ACTIVE,NONE,22950,0,P,P,0.00,released,RELEASED
2026-05-20 20:43:04.693,918.6746,,slider,1,0,0.00,-0.00,0.00,ACTIVE,NONE,22960,0,P,P,0.00,released,RELEASED
2026-05-20 20:43:05.093,919.0745,,slider,1,0,0.00,-0.00,0.00,ACTIVE,NONE,22970,0,P,P,0.00,released,RELEASED
2026-05-20 20:43:05.494,919.4750,,slider,1,0,0.00,-0.00,0.00,ACTIVE,NONE,22980,0,P,P,0.00,released,RELEASED
2026-05-20 20:43:05.893,919.8745,,slider,1,0,0.00,-0.00,0.00,ACTIVE,NONE,22990,0,P,P,0.00,released,RELEASED
2026-05-20 20:43:06.294,920.2749,,slider,1,0,0.00,-0.00,0.00,ACTIVE,NONE,23000,0,P,P,0.00,released,RELEASED
2026-05-20 20:43:06.694,920.6747,,slider,1,0,0.00,-0.00,0.00,ACTIVE,NONE,23010,0,P,P,0.00,released,RELEASED
2026-05-20 20:43:07.093,921.0747,,slider,1,0,0.00,-0.00,0.00,ACTIVE,NONE,23020,0,P,P,0.00,released,RELEASED
2026-05-20 20:43:07.494,921.4748,,slider,1,0,0.00,-0.00,0.00,ACTIVE,NONE,23030,0,P,P,0.00,released,RELEASED
2026-05-20 20:43:07.893,921.8747,,slider,1,0,0.00,-0.00,0.00,ACTIVE,NONE,23040,0,P,P,0.00,released,RELEASED
2026-05-20 20:43:08.294,922.2749,,slider,1,0,0.00,-0.00,0.00,ACTIVE,NONE,23050,0,P,P,0.00,released,RELEASED
2026-05-20 20:43:08.694,922.6750,,slider,1,0,0.00,-0.00,0.00,ACTIVE,NONE,23060,0,P,P,0.00,released,RELEASED
2026-05-20 20:43:09.094,923.0748,,slider,1,0,0.00,-0.00,0.00,ACTIVE,NONE,23070,0,P,P,0.00,released,RELEASED
2026-05-20 20:43:09.494,923.4755,,slider,1,0,0.00,-0.00,0.00,ACTIVE,NONE,23080,0,P,P,0.00,released,RELEASED
2026-05-20 20:43:09.894,923.8752,,slider,1,0,0.00,-0.00,0.00,ACTIVE,NONE,23090,0,P,P,0.00,released,RELEASED
2026-05-20 20:43:10.294,924.2750,,slider,1,0,0.00,-0.00,0.00,ACTIVE,NONE,23100,0,P,P,0.00,released,RELEASED
2026-05-20 20:43:10.694,924.6756,,slider,1,0,0.00,-0.00,0.00,ACTIVE,NONE,23110,0,P,P,0.00,released,RELEASED
2026-05-20 20:43:11.094,925.0754,,slider,1,0,0.00,-0.00,0.00,ACTIVE,NONE,23120,0,P,P,0.00,released,RELEASED
2026-05-20 20:43:11.494,925.4749,,slider,1,0,0.00,-0.00,0.00,ACTIVE,NONE,23130,0,P,P,0.00,released,RELEASED
2026-05-20 20:43:11.895,925.8758,,slider,1,0,0.00,-0.00,0.00,ACTIVE,NONE,23140,0,P,P,0.00,released,RELEASED
2026-05-20 20:43:12.294,926.2754,,slider,1,0,0.00,-0.00,0.00,ACTIVE,NONE,23150,0,P,P,0.00,released,RELEASED
2026-05-20 20:43:12.694,926.6751,,slider,1,0,0.00,-0.00,0.00,ACTIVE,NONE,23160,0,P,P,0.00,released,RELEASED
2026-05-20 20:43:13.094,927.0752,,slider,1,0,0.00,-0.00,0.00,ACTIVE,NONE,23170,0,P,P,0.00,released,RELEASED
2026-05-20 20:43:13.495,927.4758,,slider,1,0,0.00,-0.00,0.00,ACTIVE,NONE,23180,0,P,P,0.00,released,RELEASED
2026-05-20 20:43:13.894,927.8755,,slider,1,0,0.00,-0.00,0.00,ACTIVE,NONE,23190,0,P,P,0.00,released,RELEASED
2026-05-20 20:43:14.294,928.2755,,slider,1,0,0.00,-0.00,0.00,ACTIVE,NONE,23200,0,P,P,0.00,released,RELEASED
2026-05-20 20:43:14.699,928.6799,,slider,1,0,0.00,-0.00,0.00,ACTIVE,NONE,23210,0,P,P,0.00,released,RELEASED
2026-05-20 20:43:15.098,929.0795,,slider,1,0,0.00,-0.00,0.00,ACTIVE,NONE,23220,0,P,P,0.00,released,RELEASED
2026-05-20 20:43:15.498,929.4792,,slider,1,0,0.00,-0.00,0.00,ACTIVE,NONE,23230,0,P,P,0.00,released,RELEASED
2026-05-20 20:43:15.898,929.8793,,slider,1,0,0.00,-0.00,0.00,ACTIVE,NONE,23240,0,P,P,0.00,released,RELEASED
2026-05-20 20:43:16.641,930.6219,estop:no 0x370 for 507 ms,slider,0,1,0.00,-0.00,0.00,ACTIVE,NONE,23246,0,P,P,0.00,released,RELEASED
2026-05-20 20:51:43.769,1437.7852,eac_transition:INHIBITED,slider,0,1,0.00,-0.00,-18.00,INHIBITED,OUT_OF_RANGE,23247,0,P,P,0.00,released,RELEASED
2026-05-20 20:51:43.824,1437.8411,eac_transition:AVAILABLE,slider,0,1,0.00,-0.00,-18.00,AVAILABLE,OUT_OF_RANGE,23249,0,P,P,0.00,released,RELEASED
2026-05-20 20:51:43.863,1437.8800,,slider,0,1,0.00,-0.00,-18.00,AVAILABLE,OUT_OF_RANGE,23250,0,P,P,0.00,released,RELEASED
2026-05-20 20:51:44.185,1438.2013,eac_transition:INHIBITED,slider,0,1,0.00,-0.00,-18.00,INHIBITED,OUT_OF_RANGE,23258,0,P,P,0.00,released,RELEASED
2026-05-20 20:51:44.266,1438.2830,,slider,0,1,0.00,-0.00,-18.00,INHIBITED,OUT_OF_RANGE,23260,0,P,P,0.00,released,RELEASED
2026-05-20 20:51:44.663,1438.6800,,slider,0,1,0.00,-0.00,-18.00,INHIBITED,OUT_OF_RANGE,23270,0,P,P,0.00,released,RELEASED
2026-05-20 20:51:45.063,1439.0797,,slider,0,1,0.00,-0.00,-18.00,INHIBITED,OUT_OF_RANGE,23280,0,P,P,0.00,released,RELEASED
2026-05-20 20:51:45.463,1439.4799,,slider,0,1,0.00,-0.00,-18.00,INHIBITED,OUT_OF_RANGE,23290,0,P,P,0.00,released,RELEASED
2026-05-20 20:51:45.862,1439.8789,,slider,0,1,0.00,-0.00,-18.00,INHIBITED,OUT_OF_RANGE,23300,0,P,P,0.00,released,RELEASED
2026-05-20 20:51:46.266,1440.2828,,slider,0,1,0.00,-0.00,-18.00,INHIBITED,OUT_OF_RANGE,23310,0,P,P,0.00,released,RELEASED
2026-05-20 20:51:46.665,1440.6822,,slider,0,1,0.00,-0.00,-18.00,INHIBITED,OUT_OF_RANGE,23320,0,P,P,0.00,released,RELEASED
2026-05-20 20:51:47.062,1441.0787,,slider,0,1,0.00,-0.00,-18.00,INHIBITED,OUT_OF_RANGE,23330,0,P,P,0.00,released,RELEASED
2026-05-20 20:51:47.463,1441.4795,,slider,0,1,0.00,-0.00,-18.00,INHIBITED,OUT_OF_RANGE,23340,0,P,P,0.00,released,RELEASED
2026-05-20 20:51:47.864,1441.8806,,slider,0,1,0.00,-0.00,-18.00,INHIBITED,OUT_OF_RANGE,23350,0,P,P,0.00,released,RELEASED
2026-05-20 20:51:48.267,1442.2835,,slider,0,1,0.00,-0.00,-18.00,INHIBITED,OUT_OF_RANGE,23360,0,P,P,0.00,released,RELEASED
2026-05-20 20:51:48.664,1442.6804,,slider,0,1,0.00,-0.00,-18.00,INHIBITED,OUT_OF_RANGE,23370,0,P,P,0.00,released,RELEASED
2026-05-20 20:51:49.063,1443.0801,,slider,0,1,0.00,-0.00,-18.00,INHIBITED,OUT_OF_RANGE,23380,0,P,P,0.00,released,RELEASED
2026-05-20 20:51:49.463,1443.4796,,slider,0,1,0.00,-0.00,-18.00,INHIBITED,OUT_OF_RANGE,23390,0,P,P,0.00,released,RELEASED
2026-05-20 20:51:49.862,1443.8791,,slider,0,1,0.00,-0.00,-18.00,INHIBITED,OUT_OF_RANGE,23400,0,P,P,0.00,released,RELEASED
2026-05-20 20:51:50.263,1444.2794,,slider,0,1,0.00,-0.00,-18.00,INHIBITED,OUT_OF_RANGE,23410,0,P,P,0.00,released,RELEASED
2026-05-20 20:51:50.666,1444.6831,,slider,0,1,0.00,-0.00,-18.00,INHIBITED,OUT_OF_RANGE,23420,0,P,P,0.00,released,RELEASED
2026-05-20 20:51:51.064,1445.0810,,slider,0,1,0.00,-0.00,-18.00,INHIBITED,OUT_OF_RANGE,23430,0,P,P,0.00,released,RELEASED
2026-05-20 20:51:51.466,1445.4822,,slider,0,1,0.00,-0.00,-18.00,INHIBITED,OUT_OF_RANGE,23440,0,P,P,0.00,released,RELEASED
2026-05-20 20:51:51.866,1445.8828,,slider,0,1,0.00,-0.00,-18.00,INHIBITED,OUT_OF_RANGE,23450,0,P,P,0.00,released,RELEASED
2026-05-20 20:51:52.266,1446.2826,,slider,0,1,0.00,-0.00,-18.00,INHIBITED,OUT_OF_RANGE,23460,0,P,P,0.00,released,RELEASED
2026-05-20 20:51:52.667,1446.6835,,slider,0,1,0.00,-0.00,-18.00,INHIBITED,OUT_OF_RANGE,23470,0,P,P,0.00,released,RELEASED
2026-05-20 20:51:53.067,1447.0836,,slider,0,1,0.00,-0.00,-18.00,INHIBITED,OUT_OF_RANGE,23480,0,P,P,0.00,released,RELEASED
2026-05-20 20:51:53.465,1447.4822,,slider,0,1,0.00,-0.00,-18.00,INHIBITED,OUT_OF_RANGE,23490,0,P,P,0.00,released,RELEASED
2026-05-20 20:51:53.866,1447.8825,,slider,0,1,0.00,-0.00,-18.00,INHIBITED,OUT_OF_RANGE,23500,0,P,P,0.00,released,RELEASED
2026-05-20 20:51:54.264,1448.2811,,slider,0,1,0.00,-0.00,-18.00,INHIBITED,OUT_OF_RANGE,23510,0,P,P,0.00,released,RELEASED
2026-05-20 20:51:54.662,1448.6790,,slider,0,1,0.00,-0.00,-18.00,INHIBITED,OUT_OF_RANGE,23520,0,P,P,0.00,released,RELEASED
2026-05-20 20:51:55.066,1449.0825,,slider,0,1,0.00,-0.00,-18.00,INHIBITED,OUT_OF_RANGE,23530,0,P,P,0.00,released,RELEASED
2026-05-20 20:51:55.464,1449.4803,,slider,0,1,0.00,-0.00,-18.00,INHIBITED,OUT_OF_RANGE,23540,0,P,P,0.00,released,RELEASED
2026-05-20 20:51:55.862,1449.8784,,slider,0,1,0.00,-0.00,-18.00,INHIBITED,OUT_OF_RANGE,23550,0,P,P,0.00,released,RELEASED
2026-05-20 20:51:56.265,1450.2816,,slider,0,1,0.00,-0.00,-18.00,INHIBITED,OUT_OF_RANGE,23560,0,P,P,0.00,released,RELEASED
2026-05-20 20:51:56.664,1450.6805,,slider,0,1,0.00,-0.00,-18.00,INHIBITED,OUT_OF_RANGE,23570,0,P,P,0.00,released,RELEASED
2026-05-20 20:51:57.066,1451.0829,,slider,0,1,0.00,-0.00,-18.00,INHIBITED,OUT_OF_RANGE,23580,0,P,P,0.00,released,RELEASED
2026-05-20 20:51:57.464,1451.4807,,slider,0,1,0.00,-0.00,-18.00,INHIBITED,OUT_OF_RANGE,23590,0,P,P,0.00,released,RELEASED
2026-05-20 20:51:57.865,1451.8822,,slider,0,1,0.00,-0.00,-18.00,INHIBITED,OUT_OF_RANGE,23600,0,P,P,0.00,released,RELEASED
2026-05-20 20:51:58.267,1452.2836,,slider,0,1,0.00,-0.00,-18.00,INHIBITED,OUT_OF_RANGE,23610,0,P,P,0.00,released,RELEASED
2026-05-20 20:51:58.666,1452.6827,,slider,0,1,0.00,-0.00,-18.00,INHIBITED,OUT_OF_RANGE,23620,0,P,P,0.00,released,RELEASED
2026-05-20 20:51:59.063,1453.0801,,slider,0,1,0.00,-0.00,-18.00,INHIBITED,OUT_OF_RANGE,23630,0,P,P,0.00,released,RELEASED
2026-05-20 20:51:59.464,1453.4809,,slider,0,1,0.00,-0.00,-18.00,INHIBITED,OUT_OF_RANGE,23640,0,P,P,0.00,released,RELEASED
2026-05-20 20:51:59.862,1453.8788,,slider,0,1,0.00,-0.00,-18.00,INHIBITED,OUT_OF_RANGE,23650,0,P,P,0.00,released,RELEASED
2026-05-20 20:52:00.265,1454.2813,,slider,0,1,0.00,-0.00,-18.00,INHIBITED,OUT_OF_RANGE,23660,0,P,P,0.00,released,RELEASED
2026-05-20 20:52:00.662,1454.6783,,slider,0,1,0.00,-0.00,-22.00,INHIBITED,OUT_OF_RANGE,23670,0,P,P,0.00,released,RELEASED
2026-05-20 20:52:01.063,1455.0800,,slider,0,1,0.00,-0.00,-17.60,INHIBITED,OUT_OF_RANGE,23680,0,P,P,0.00,released,RELEASED
2026-05-20 20:52:01.463,1455.4792,,slider,0,1,0.00,-0.00,-17.60,INHIBITED,OUT_OF_RANGE,23690,0,P,P,0.00,released,RELEASED
2026-05-20 20:52:01.866,1455.8830,,slider,0,1,0.00,-0.00,-17.70,INHIBITED,OUT_OF_RANGE,23700,0,P,P,0.00,released,RELEASED
2026-05-20 20:52:02.263,1456.2801,,slider,0,1,0.00,-0.00,-17.70,INHIBITED,OUT_OF_RANGE,23710,0,P,P,0.00,released,RELEASED
2026-05-20 20:52:02.663,1456.6801,,slider,0,1,0.00,-0.00,-18.00,INHIBITED,OUT_OF_RANGE,23720,0,P,P,0.00,released,RELEASED
2026-05-20 20:52:03.062,1457.0789,,slider,0,1,0.00,-0.00,-17.90,INHIBITED,OUT_OF_RANGE,23730,0,P,P,0.00,released,RELEASED
2026-05-20 20:52:03.465,1457.4819,,slider,0,1,0.00,-0.00,-17.80,INHIBITED,OUT_OF_RANGE,23740,0,P,P,0.00,released,RELEASED
2026-05-20 20:52:03.864,1457.8810,,slider,0,1,0.00,-0.00,-17.80,INHIBITED,OUT_OF_RANGE,23750,0,P,P,0.00,released,RELEASED
2026-05-20 20:52:04.262,1458.2791,,slider,0,1,0.00,-0.00,-17.80,INHIBITED,OUT_OF_RANGE,23760,0,P,P,0.00,released,RELEASED
2026-05-20 20:52:04.663,1458.6801,,slider,0,1,0.00,-0.00,-17.80,INHIBITED,OUT_OF_RANGE,23770,0,P,P,0.00,released,RELEASED
2026-05-20 20:52:05.065,1459.0818,,slider,0,1,0.00,-0.00,-17.80,INHIBITED,OUT_OF_RANGE,23780,0,P,P,0.00,released,RELEASED
2026-05-20 20:52:05.462,1459.4786,,slider,0,1,0.00,-0.00,-17.80,INHIBITED,OUT_OF_RANGE,23790,0,P,P,0.00,released,RELEASED
2026-05-20 20:52:05.864,1459.8812,,slider,0,1,0.00,-0.00,-17.80,INHIBITED,OUT_OF_RANGE,23800,0,P,P,0.00,released,RELEASED
2026-05-20 20:52:06.263,1460.2799,,slider,0,1,0.00,-0.00,-17.80,INHIBITED,OUT_OF_RANGE,23810,0,P,P,0.00,released,RELEASED
2026-05-20 20:52:06.667,1460.6834,,slider,0,1,0.00,-0.00,-17.80,INHIBITED,OUT_OF_RANGE,23820,0,P,P,0.00,released,RELEASED
2026-05-20 20:52:07.062,1461.0789,,slider,0,1,0.00,-0.00,-17.80,INHIBITED,OUT_OF_RANGE,23830,0,P,P,0.00,released,RELEASED
2026-05-20 20:52:07.467,1461.4835,,slider,0,1,0.00,-0.00,-17.80,INHIBITED,OUT_OF_RANGE,23840,0,P,P,0.00,released,RELEASED
2026-05-20 20:52:07.865,1461.8822,,slider,0,1,0.00,-0.00,-17.80,INHIBITED,OUT_OF_RANGE,23850,0,P,P,0.00,released,RELEASED
2026-05-20 20:52:08.265,1462.2819,,slider,0,1,0.00,-0.00,-17.80,INHIBITED,OUT_OF_RANGE,23860,0,P,P,0.00,released,RELEASED
2026-05-20 20:52:08.664,1462.6805,,slider,0,1,0.00,-0.00,-17.80,INHIBITED,OUT_OF_RANGE,23870,0,P,P,0.00,released,RELEASED
2026-05-20 20:52:09.066,1463.0827,,slider,0,1,0.00,-0.00,-17.80,INHIBITED,OUT_OF_RANGE,23880,0,P,P,0.00,released,RELEASED
2026-05-20 20:52:09.463,1463.4801,,slider,0,1,0.00,-0.00,-17.80,INHIBITED,OUT_OF_RANGE,23890,0,P,P,0.00,released,RELEASED
2026-05-20 20:52:09.865,1463.8816,,slider,0,1,0.00,-0.00,-17.80,INHIBITED,OUT_OF_RANGE,23900,0,P,P,0.00,released,RELEASED
2026-05-20 20:52:10.265,1464.2813,,slider,0,1,0.00,-0.00,-17.80,INHIBITED,OUT_OF_RANGE,23910,0,P,P,0.00,released,RELEASED
2026-05-20 20:52:10.663,1464.6799,,slider,0,1,0.00,-0.00,-17.80,INHIBITED,OUT_OF_RANGE,23920,0,P,P,0.00,released,RELEASED
2026-05-20 20:52:11.063,1465.0793,,slider,0,1,0.00,-0.00,-17.80,INHIBITED,OUT_OF_RANGE,23930,0,P,P,0.00,released,RELEASED
2026-05-20 20:52:11.463,1465.4801,,slider,0,1,0.00,-0.00,-17.80,INHIBITED,OUT_OF_RANGE,23940,0,P,P,0.00,released,RELEASED
