wall_time,monotonic,event,mode,engaged,estop,target_deg,commanded_deg,measured_deg,eac_status,eac_error,rx_count_0x370,bus_errors
2026-05-06 22:57:09.747,0.1314,eac_transition:AVAILABLE,keyboard,0,0,10.20,10.27,33.80,AVAILABLE,OUT_OF_RANGE,3,0
2026-05-06 22:57:10.028,0.4118,,keyboard,0,0,10.20,10.21,33.80,AVAILABLE,OUT_OF_RANGE,10,0
2026-05-06 22:57:10.428,0.8117,,keyboard,0,0,10.20,10.20,33.80,AVAILABLE,OUT_OF_RANGE,20,0
2026-05-06 22:57:10.828,1.2119,,keyboard,0,0,10.20,10.20,33.80,AVAILABLE,OUT_OF_RANGE,30,0
2026-05-06 22:57:11.228,1.6121,,keyboard,0,0,10.20,10.20,33.80,AVAILABLE,OUT_OF_RANGE,40,0
2026-05-06 22:57:11.628,2.0121,,keyboard,0,0,10.20,10.20,33.80,AVAILABLE,OUT_OF_RANGE,50,0
2026-05-06 22:57:12.028,2.4124,,keyboard,0,0,10.20,10.20,33.80,AVAILABLE,OUT_OF_RANGE,60,0
2026-05-06 22:57:12.428,2.8120,,keyboard,0,0,10.20,10.20,33.80,AVAILABLE,OUT_OF_RANGE,70,0
2026-05-06 22:57:12.828,3.2124,,keyboard,0,0,10.20,10.20,33.80,AVAILABLE,OUT_OF_RANGE,80,0
2026-05-06 22:57:13.228,3.6121,,keyboard,0,0,10.20,10.20,33.80,AVAILABLE,OUT_OF_RANGE,90,0
2026-05-06 22:57:13.628,4.0122,,keyboard,0,0,10.20,10.20,33.80,AVAILABLE,OUT_OF_RANGE,100,0
2026-05-06 22:57:14.028,4.4121,,keyboard,0,0,10.20,10.20,33.80,AVAILABLE,OUT_OF_RANGE,110,0
2026-05-06 22:57:14.428,4.8121,,keyboard,0,0,10.20,10.20,33.80,AVAILABLE,OUT_OF_RANGE,120,0
2026-05-06 22:57:14.829,5.2129,,keyboard,0,0,10.20,10.20,33.80,AVAILABLE,OUT_OF_RANGE,130,0
2026-05-06 22:57:15.229,5.6123,,keyboard,0,0,10.20,10.20,33.80,AVAILABLE,OUT_OF_RANGE,140,0
2026-05-06 22:57:15.629,6.0125,,keyboard,0,0,10.20,10.20,33.80,AVAILABLE,OUT_OF_RANGE,150,0
2026-05-06 22:57:16.029,6.4125,,keyboard,0,0,10.20,10.20,33.80,AVAILABLE,OUT_OF_RANGE,160,0
2026-05-06 22:57:16.429,6.8124,,keyboard,0,0,10.20,10.20,33.80,AVAILABLE,OUT_OF_RANGE,170,0
2026-05-06 22:57:16.829,7.2126,,keyboard,0,0,10.20,10.20,33.80,AVAILABLE,OUT_OF_RANGE,180,0
2026-05-06 22:57:17.229,7.6127,,keyboard,0,0,10.20,10.20,33.80,AVAILABLE,OUT_OF_RANGE,190,0
2026-05-06 22:57:17.629,8.0126,,keyboard,0,0,10.20,10.20,33.80,AVAILABLE,OUT_OF_RANGE,200,0
2026-05-06 22:57:18.029,8.4126,,keyboard,0,0,10.20,10.20,33.80,AVAILABLE,OUT_OF_RANGE,210,0
2026-05-06 22:57:18.429,8.8127,,keyboard,0,0,10.20,10.20,33.80,AVAILABLE,OUT_OF_RANGE,220,0
2026-05-06 22:57:18.829,9.2127,,keyboard,0,0,10.20,10.20,33.80,AVAILABLE,OUT_OF_RANGE,230,0
2026-05-06 22:57:19.229,9.6129,,keyboard,0,0,10.20,10.20,33.80,AVAILABLE,OUT_OF_RANGE,240,0
2026-05-06 22:57:19.630,10.0131,,keyboard,0,0,10.20,10.20,33.80,AVAILABLE,OUT_OF_RANGE,250,0
2026-05-06 22:57:20.029,10.4128,,keyboard,0,0,10.20,10.20,33.80,AVAILABLE,OUT_OF_RANGE,260,0
2026-05-06 22:57:20.429,10.8127,,keyboard,0,0,10.20,10.20,33.80,AVAILABLE,OUT_OF_RANGE,270,0
2026-05-06 22:57:20.830,11.2129,,keyboard,0,0,10.20,10.20,33.80,AVAILABLE,OUT_OF_RANGE,280,0
2026-05-06 22:57:21.230,11.6129,,keyboard,0,0,10.20,10.20,33.80,AVAILABLE,OUT_OF_RANGE,290,0
2026-05-06 22:57:21.630,12.0129,,keyboard,0,0,10.20,10.20,33.80,AVAILABLE,OUT_OF_RANGE,300,0
2026-05-06 22:57:22.030,12.4136,,keyboard,0,0,10.20,10.20,33.80,AVAILABLE,OUT_OF_RANGE,310,0
2026-05-06 22:57:22.430,12.8129,,keyboard,0,0,10.20,10.20,33.80,AVAILABLE,OUT_OF_RANGE,320,0
2026-05-06 22:57:22.830,13.2131,,keyboard,0,0,10.20,10.20,33.80,AVAILABLE,OUT_OF_RANGE,330,0
2026-05-06 22:57:23.230,13.6136,,keyboard,0,0,10.20,10.20,33.80,AVAILABLE,OUT_OF_RANGE,340,0
2026-05-06 22:57:23.630,14.0131,,keyboard,0,0,10.20,10.20,33.80,AVAILABLE,OUT_OF_RANGE,350,0
2026-05-06 22:57:24.030,14.4132,,keyboard,0,0,10.20,10.20,33.80,AVAILABLE,OUT_OF_RANGE,360,0
2026-05-06 22:57:24.430,14.8133,,keyboard,0,0,10.20,10.20,33.80,AVAILABLE,OUT_OF_RANGE,370,0
2026-05-06 22:57:24.830,15.2134,,keyboard,0,0,10.20,10.20,33.80,AVAILABLE,OUT_OF_RANGE,380,0
2026-05-06 22:57:25.230,15.6131,,keyboard,0,0,10.20,10.20,33.80,AVAILABLE,OUT_OF_RANGE,390,0
2026-05-06 22:57:25.630,16.0133,,keyboard,0,0,10.20,10.20,33.80,AVAILABLE,OUT_OF_RANGE,400,0
2026-05-06 22:57:26.031,16.4139,,keyboard,0,0,10.20,10.20,33.80,AVAILABLE,OUT_OF_RANGE,410,0
2026-05-06 22:57:26.430,16.8134,,keyboard,0,0,10.20,10.20,33.80,AVAILABLE,OUT_OF_RANGE,420,0
2026-05-06 22:57:26.831,17.2134,,keyboard,0,0,10.20,10.20,33.80,AVAILABLE,OUT_OF_RANGE,430,0
2026-05-06 22:57:27.231,17.6134,,keyboard,0,0,10.20,10.20,33.80,AVAILABLE,OUT_OF_RANGE,440,0
2026-05-06 22:57:27.631,18.0138,,keyboard,0,0,10.20,10.20,33.80,AVAILABLE,OUT_OF_RANGE,450,0
2026-05-06 22:57:28.031,18.4137,,keyboard,0,0,10.20,10.20,33.80,AVAILABLE,OUT_OF_RANGE,460,0
2026-05-06 22:57:28.431,18.8139,,keyboard,0,0,10.20,10.20,33.80,AVAILABLE,OUT_OF_RANGE,470,0
2026-05-06 22:57:28.831,19.2137,,keyboard,0,0,10.20,10.20,33.80,AVAILABLE,OUT_OF_RANGE,480,0
2026-05-06 22:57:29.231,19.6142,,keyboard,0,0,10.20,10.20,33.80,AVAILABLE,OUT_OF_RANGE,490,0
2026-05-06 22:57:29.631,20.0141,,keyboard,0,0,10.20,10.20,33.80,AVAILABLE,OUT_OF_RANGE,500,0
2026-05-06 22:57:30.031,20.4141,,keyboard,0,0,10.20,10.20,33.80,AVAILABLE,OUT_OF_RANGE,510,0
2026-05-06 22:57:30.432,20.8142,,keyboard,0,0,10.20,10.20,33.80,AVAILABLE,OUT_OF_RANGE,520,0
2026-05-06 22:57:30.832,21.2141,,keyboard,0,0,10.20,10.20,33.80,AVAILABLE,OUT_OF_RANGE,530,0
2026-05-06 22:57:31.231,21.6140,,keyboard,0,0,10.20,10.20,33.80,AVAILABLE,OUT_OF_RANGE,540,0
2026-05-06 22:57:31.632,22.0142,,keyboard,0,0,10.20,10.20,33.80,AVAILABLE,OUT_OF_RANGE,550,0
2026-05-06 22:57:32.032,22.4141,,keyboard,0,0,10.20,10.20,33.80,AVAILABLE,OUT_OF_RANGE,560,0
2026-05-06 22:57:32.432,22.8141,,keyboard,0,0,10.20,10.20,33.80,AVAILABLE,OUT_OF_RANGE,570,0
2026-05-06 22:57:32.832,23.2143,,keyboard,0,0,10.20,10.20,33.80,AVAILABLE,OUT_OF_RANGE,580,0
2026-05-06 22:57:33.232,23.6141,,keyboard,0,0,10.20,10.20,33.80,AVAILABLE,OUT_OF_RANGE,590,0
2026-05-06 22:57:33.632,24.0144,,keyboard,0,0,10.20,10.20,33.80,AVAILABLE,OUT_OF_RANGE,600,0
2026-05-06 22:57:34.032,24.4143,,keyboard,0,0,10.20,10.20,33.80,AVAILABLE,OUT_OF_RANGE,610,0
2026-05-06 22:57:34.432,24.8143,,keyboard,0,0,10.20,10.20,33.80,AVAILABLE,OUT_OF_RANGE,620,0
2026-05-06 22:57:34.832,25.2145,,keyboard,0,0,10.20,10.20,33.80,AVAILABLE,OUT_OF_RANGE,630,0
2026-05-06 22:57:35.232,25.6143,,keyboard,0,0,10.20,10.20,33.80,AVAILABLE,OUT_OF_RANGE,640,0
2026-05-06 22:57:35.633,26.0148,,keyboard,0,0,10.20,10.20,33.80,AVAILABLE,OUT_OF_RANGE,650,0
2026-05-06 22:57:36.032,26.4145,,keyboard,0,0,10.20,10.20,33.80,AVAILABLE,OUT_OF_RANGE,660,0
2026-05-06 22:57:36.432,26.8145,,keyboard,0,0,10.20,10.20,33.80,AVAILABLE,OUT_OF_RANGE,670,0
2026-05-06 22:57:36.832,27.2146,,keyboard,0,0,10.20,10.20,33.80,AVAILABLE,OUT_OF_RANGE,680,0
2026-05-06 22:57:37.233,27.6147,,keyboard,0,0,10.20,10.20,33.80,AVAILABLE,OUT_OF_RANGE,690,0
2026-05-06 22:57:37.633,28.0148,,keyboard,0,0,10.20,10.20,33.80,AVAILABLE,OUT_OF_RANGE,700,0
2026-05-06 22:57:38.033,28.4148,,keyboard,0,0,10.20,10.20,33.80,AVAILABLE,OUT_OF_RANGE,710,0
2026-05-06 22:57:38.433,28.8150,,keyboard,0,0,10.20,10.20,33.80,AVAILABLE,OUT_OF_RANGE,720,0
2026-05-06 22:57:38.833,29.2147,,keyboard,0,0,10.20,10.20,33.80,AVAILABLE,OUT_OF_RANGE,730,0
2026-05-06 22:57:39.233,29.6148,,keyboard,0,0,10.20,10.20,33.80,AVAILABLE,OUT_OF_RANGE,740,0
2026-05-06 22:57:39.633,30.0148,,keyboard,0,0,10.20,10.20,33.80,AVAILABLE,OUT_OF_RANGE,750,0
2026-05-06 22:57:40.033,30.4149,,keyboard,0,0,10.20,10.20,33.80,AVAILABLE,OUT_OF_RANGE,760,0
2026-05-06 22:57:40.433,30.8150,,keyboard,0,0,10.20,10.20,33.80,AVAILABLE,OUT_OF_RANGE,770,0
2026-05-06 22:57:40.833,31.2153,,keyboard,0,0,10.20,10.20,33.80,AVAILABLE,OUT_OF_RANGE,780,0
2026-05-06 22:57:41.233,31.6151,,keyboard,0,0,10.20,10.20,33.80,AVAILABLE,OUT_OF_RANGE,790,0
2026-05-06 22:57:41.633,32.0151,,keyboard,0,0,10.20,10.20,33.80,AVAILABLE,OUT_OF_RANGE,800,0
2026-05-06 22:57:42.034,32.4153,,keyboard,0,0,10.20,10.20,33.80,AVAILABLE,OUT_OF_RANGE,810,0
2026-05-06 22:57:42.433,32.8151,,keyboard,0,0,10.20,10.20,33.80,AVAILABLE,OUT_OF_RANGE,820,0
2026-05-06 22:57:42.834,33.2153,,keyboard,0,0,10.20,10.20,33.80,AVAILABLE,OUT_OF_RANGE,830,0
2026-05-06 22:57:43.234,33.6152,,keyboard,0,0,10.20,10.20,33.80,AVAILABLE,OUT_OF_RANGE,840,0
2026-05-06 22:57:43.634,34.0153,,keyboard,0,0,10.20,10.20,33.80,AVAILABLE,OUT_OF_RANGE,850,0
2026-05-06 22:57:44.034,34.4153,,keyboard,0,0,10.20,10.20,33.80,AVAILABLE,OUT_OF_RANGE,860,0
2026-05-06 22:57:44.434,34.8157,,keyboard,0,0,10.20,10.20,33.80,AVAILABLE,OUT_OF_RANGE,870,0
2026-05-06 22:57:44.834,35.2152,,keyboard,0,0,10.20,10.20,33.80,AVAILABLE,OUT_OF_RANGE,880,0
2026-05-06 22:57:45.234,35.6154,,keyboard,0,0,10.20,10.20,33.80,AVAILABLE,OUT_OF_RANGE,890,0
2026-05-06 22:57:45.308,35.6897,engage,keyboard,1,0,33.80,33.80,33.80,AVAILABLE,OUT_OF_RANGE,891,0
2026-05-06 22:57:45.355,35.7361,eac_transition:ACTIVE,keyboard,1,0,33.80,33.80,33.80,ACTIVE,NONE,893,0
2026-05-06 22:57:45.634,36.0155,,keyboard,1,0,33.80,33.80,33.80,ACTIVE,NONE,900,0
2026-05-06 22:57:46.034,36.4156,,keyboard,1,0,33.80,33.80,33.80,ACTIVE,NONE,910,0
2026-05-06 22:57:46.434,36.8155,,keyboard,1,0,33.80,33.80,33.70,ACTIVE,NONE,920,0
2026-05-06 22:57:46.834,37.2157,,keyboard,1,0,33.80,33.80,33.70,ACTIVE,NONE,930,0
2026-05-06 22:57:47.234,37.6156,,keyboard,1,0,33.80,33.80,33.70,ACTIVE,NONE,940,0
2026-05-06 22:57:47.634,38.0157,,keyboard,1,0,33.80,33.80,33.70,ACTIVE,NONE,950,0
2026-05-06 22:57:48.034,38.4156,,keyboard,1,0,33.80,33.80,33.70,ACTIVE,NONE,960,0
2026-05-06 22:57:48.435,38.8159,,keyboard,1,0,33.80,33.80,33.70,ACTIVE,NONE,970,0
2026-05-06 22:57:48.835,39.2159,,keyboard,1,0,33.80,33.80,33.70,ACTIVE,NONE,980,0
2026-05-06 22:57:49.235,39.6157,,keyboard,1,0,33.80,33.80,33.70,ACTIVE,NONE,990,0
2026-05-06 22:57:49.635,40.0157,,keyboard,1,0,33.80,33.80,33.70,ACTIVE,NONE,1000,0
2026-05-06 22:57:50.035,40.4159,,keyboard,1,0,33.80,33.80,33.70,ACTIVE,NONE,1010,0
2026-05-06 22:57:50.435,40.8162,,keyboard,1,0,33.80,33.80,33.70,ACTIVE,NONE,1020,0
2026-05-06 22:57:50.835,41.2159,,keyboard,1,0,33.80,33.80,33.70,ACTIVE,NONE,1030,0
2026-05-06 22:57:51.235,41.6163,,keyboard,1,0,33.80,33.80,33.70,ACTIVE,NONE,1040,0
2026-05-06 22:57:51.635,42.0161,,keyboard,1,0,24.80,28.61,31.80,ACTIVE,NONE,1050,0
2026-05-06 22:57:52.035,42.4159,,keyboard,1,0,18.20,19.05,20.90,ACTIVE,NONE,1060,0
2026-05-06 22:57:52.435,42.8160,,keyboard,1,0,18.20,18.24,18.30,ACTIVE,NONE,1070,0
2026-05-06 22:57:52.835,43.2160,,keyboard,1,0,18.20,18.20,18.20,ACTIVE,NONE,1080,0
2026-05-06 22:57:53.235,43.6161,,keyboard,1,0,18.20,18.20,18.20,ACTIVE,NONE,1090,0
2026-05-06 22:57:53.635,44.0162,,keyboard,1,0,18.20,18.20,18.20,ACTIVE,NONE,1100,0
2026-05-06 22:57:54.035,44.4160,,keyboard,1,0,18.20,18.20,18.20,ACTIVE,NONE,1110,0
2026-05-06 22:57:54.435,44.8162,,keyboard,1,0,18.20,18.20,18.20,ACTIVE,NONE,1120,0
2026-05-06 22:57:54.836,45.2163,,keyboard,1,0,18.20,18.20,18.20,ACTIVE,NONE,1130,0
2026-05-06 22:57:55.235,45.6162,,keyboard,1,0,18.20,18.20,18.20,ACTIVE,NONE,1140,0
2026-05-06 22:57:55.636,46.0162,,keyboard,1,0,18.20,18.20,18.20,ACTIVE,NONE,1150,0
2026-05-06 22:57:56.036,46.4164,,keyboard,1,0,18.20,18.20,18.20,ACTIVE,NONE,1160,0
2026-05-06 22:57:56.436,46.8166,,keyboard,1,0,18.20,18.20,18.20,ACTIVE,NONE,1170,0
2026-05-06 22:57:56.836,47.2169,,keyboard,1,0,7.40,11.43,14.80,ACTIVE,NONE,1180,0
2026-05-06 22:57:57.236,47.6166,,keyboard,1,0,-7.00,-2.52,2.00,ACTIVE,NONE,1190,0
2026-05-06 22:57:57.636,48.0164,,keyboard,1,0,-20.80,-16.83,-12.30,ACTIVE,NONE,1200,0
2026-05-06 22:57:58.036,48.4166,,keyboard,1,0,-20.80,-20.60,-19.90,ACTIVE,NONE,1210,0
2026-05-06 22:57:58.436,48.8165,,keyboard,1,0,-20.80,-20.79,-20.70,ACTIVE,NONE,1220,0
2026-05-06 22:57:58.836,49.2166,,keyboard,1,0,-20.80,-20.80,-20.70,ACTIVE,NONE,1230,0
2026-05-06 22:57:59.236,49.6165,,keyboard,1,0,-20.80,-20.80,-20.70,ACTIVE,NONE,1240,0
2026-05-06 22:57:59.636,50.0165,,keyboard,1,0,-20.80,-20.80,-20.70,ACTIVE,NONE,1250,0
2026-05-06 22:58:00.036,50.4166,,keyboard,1,0,-20.80,-20.80,-20.70,ACTIVE,NONE,1260,0
2026-05-06 22:58:00.436,50.8164,,keyboard,1,0,-20.80,-20.80,-20.70,ACTIVE,NONE,1270,0
2026-05-06 22:58:00.836,51.2166,,keyboard,1,0,-20.80,-20.80,-20.70,ACTIVE,NONE,1280,0
2026-05-06 22:58:01.236,51.6167,,keyboard,1,0,-31.00,-27.04,-23.50,ACTIVE,NONE,1290,0
2026-05-06 22:58:01.636,52.0166,,keyboard,1,0,-34.00,-33.61,-32.50,ACTIVE,NONE,1300,0
2026-05-06 22:58:02.037,52.4167,,keyboard,1,0,-34.00,-33.98,-33.70,ACTIVE,NONE,1310,0
2026-05-06 22:58:02.437,52.8173,,keyboard,1,0,-34.00,-34.00,-33.80,ACTIVE,NONE,1320,0
2026-05-06 22:58:02.837,53.2167,,keyboard,1,0,-34.00,-34.00,-33.90,ACTIVE,NONE,1330,0
2026-05-06 22:58:03.237,53.6167,,keyboard,1,0,-34.00,-34.00,-33.90,ACTIVE,NONE,1340,0
2026-05-06 22:58:03.637,54.0168,,keyboard,1,0,-41.80,-38.18,-35.30,ACTIVE,NONE,1350,0
2026-05-06 22:58:04.037,54.4169,,keyboard,1,0,-56.20,-51.74,-47.30,ACTIVE,NONE,1360,0
2026-05-06 22:58:04.437,54.8168,,keyboard,1,0,-60.00,-59.51,-58.10,ACTIVE,NONE,1370,0
2026-05-06 22:58:04.837,55.2169,,keyboard,1,0,-60.00,-59.98,-59.70,ACTIVE,NONE,1380,0
2026-05-06 22:58:05.237,55.6170,,keyboard,1,0,-60.00,-60.00,-59.80,ACTIVE,NONE,1390,0
2026-05-06 22:58:05.637,56.0170,,keyboard,1,0,-60.00,-60.00,-59.80,ACTIVE,NONE,1400,0
2026-05-06 22:58:06.037,56.4171,,keyboard,1,0,-60.00,-60.00,-59.80,ACTIVE,NONE,1410,0
2026-05-06 22:58:06.437,56.8171,,keyboard,1,0,-60.00,-60.00,-59.80,ACTIVE,NONE,1420,0
2026-05-06 22:58:06.838,57.2177,,keyboard,1,0,-60.00,-60.00,-59.80,ACTIVE,NONE,1430,0
2026-05-06 22:58:07.238,57.6175,,keyboard,1,0,-60.00,-60.00,-59.80,ACTIVE,NONE,1440,0
2026-05-06 22:58:07.638,58.0174,,keyboard,1,0,-60.00,-60.00,-59.80,ACTIVE,NONE,1450,0
2026-05-06 22:58:08.038,58.4176,,keyboard,1,0,-60.00,-60.00,-59.80,ACTIVE,NONE,1460,0
2026-05-06 22:58:08.438,58.8175,,keyboard,1,0,-60.00,-60.00,-59.80,ACTIVE,NONE,1470,0
2026-05-06 22:58:08.838,59.2175,,keyboard,1,0,-60.00,-60.00,-59.80,ACTIVE,NONE,1480,0
2026-05-06 22:58:09.238,59.6177,,keyboard,1,0,-60.00,-60.00,-59.80,ACTIVE,NONE,1490,0
2026-05-06 22:58:09.638,60.0174,,keyboard,1,0,-60.00,-60.00,-59.80,ACTIVE,NONE,1500,0
2026-05-06 22:58:10.038,60.4177,,keyboard,1,0,-60.00,-60.00,-59.80,ACTIVE,NONE,1510,0
2026-05-06 22:58:10.438,60.8174,,keyboard,1,0,-60.00,-60.00,-59.80,ACTIVE,NONE,1520,0
2026-05-06 22:58:10.838,61.2177,,keyboard,1,0,-54.00,-57.21,-59.60,ACTIVE,NONE,1530,0
2026-05-06 22:58:11.238,61.6178,,keyboard,1,0,-39.60,-44.04,-48.70,ACTIVE,NONE,1540,0
2026-05-06 22:58:11.638,62.0178,,keyboard,1,0,-25.20,-29.70,-34.40,ACTIVE,NONE,1550,0
2026-05-06 22:58:12.038,62.4177,,keyboard,1,0,-10.80,-15.30,-20.10,ACTIVE,NONE,1560,0
2026-05-06 22:58:12.438,62.8179,,keyboard,1,0,3.60,-0.90,-5.70,ACTIVE,NONE,1570,0
2026-05-06 22:58:12.839,63.2180,,keyboard,1,0,16.20,13.11,8.60,ACTIVE,NONE,1580,0
2026-05-06 22:58:13.239,63.6179,,keyboard,1,0,16.20,16.05,15.30,ACTIVE,NONE,1590,0
2026-05-06 22:58:13.639,64.0180,,keyboard,1,0,16.20,16.19,16.00,ACTIVE,NONE,1600,0
2026-05-06 22:58:14.039,64.4180,,keyboard,1,0,16.20,16.20,16.10,ACTIVE,NONE,1610,0
2026-05-06 22:58:14.439,64.8183,,keyboard,1,0,16.20,16.20,16.10,ACTIVE,NONE,1620,0
2026-05-06 22:58:14.839,65.2178,,keyboard,1,0,16.20,16.20,16.10,ACTIVE,NONE,1630,0
2026-05-06 22:58:15.239,65.6180,,keyboard,1,0,16.20,16.20,16.10,ACTIVE,NONE,1640,0
2026-05-06 22:58:15.639,66.0182,,keyboard,1,0,16.20,16.20,16.10,ACTIVE,NONE,1650,0
2026-05-06 22:58:16.039,66.4181,,keyboard,1,0,16.20,16.20,16.10,ACTIVE,NONE,1660,0
2026-05-06 22:58:16.439,66.8182,,keyboard,1,0,16.20,16.20,16.10,ACTIVE,NONE,1670,0
2026-05-06 22:58:16.839,67.2184,,keyboard,1,0,16.20,16.20,16.10,ACTIVE,NONE,1680,0
2026-05-06 22:58:17.239,67.6183,,keyboard,1,0,16.20,16.20,16.10,ACTIVE,NONE,1690,0
2026-05-06 22:58:17.639,68.0183,,keyboard,1,0,16.20,16.20,16.10,ACTIVE,NONE,1700,0
2026-05-06 22:58:18.040,68.4187,,keyboard,1,0,16.20,16.20,16.10,ACTIVE,NONE,1710,0
2026-05-06 22:58:18.439,68.8183,,keyboard,1,0,26.40,22.44,18.80,ACTIVE,NONE,1720,0
2026-05-06 22:58:18.839,69.2182,,keyboard,1,0,40.80,36.33,31.40,ACTIVE,NONE,1730,0
2026-05-06 22:58:19.240,69.6184,,keyboard,1,0,55.20,50.70,45.70,ACTIVE,NONE,1740,0
2026-05-06 22:58:19.639,70.0183,,keyboard,1,0,60.00,59.39,57.60,ACTIVE,NONE,1750,0
2026-05-06 22:58:20.040,70.4184,,keyboard,1,0,60.00,59.97,59.60,ACTIVE,NONE,1760,0
2026-05-06 22:58:20.440,70.8187,,keyboard,1,0,60.00,60.00,59.80,ACTIVE,NONE,1770,0
2026-05-06 22:58:20.840,71.2187,,keyboard,1,0,60.00,60.00,59.80,ACTIVE,NONE,1780,0
2026-05-06 22:58:21.240,71.6185,,keyboard,1,0,60.00,60.00,59.80,ACTIVE,NONE,1790,0
2026-05-06 22:58:21.640,72.0186,,keyboard,1,0,60.00,60.00,59.80,ACTIVE,NONE,1800,0
2026-05-06 22:58:22.040,72.4185,,keyboard,1,0,60.00,60.00,59.80,ACTIVE,NONE,1810,0
2026-05-06 22:58:22.440,72.8186,,keyboard,1,0,60.00,60.00,59.80,ACTIVE,NONE,1820,0
2026-05-06 22:58:22.840,73.2186,,keyboard,1,0,60.00,60.00,59.80,ACTIVE,NONE,1830,0
2026-05-06 22:58:23.240,73.6187,,keyboard,1,0,60.00,60.00,59.80,ACTIVE,NONE,1840,0
2026-05-06 22:58:23.640,74.0187,,keyboard,1,0,60.00,60.00,59.80,ACTIVE,NONE,1850,0
2026-05-06 22:58:24.040,74.4188,,keyboard,1,0,60.00,60.00,59.80,ACTIVE,NONE,1860,0
2026-05-06 22:58:24.440,74.8187,,keyboard,1,0,60.00,60.00,59.80,ACTIVE,NONE,1870,0
2026-05-06 22:58:24.840,75.2188,,keyboard,1,0,60.00,60.00,59.80,ACTIVE,NONE,1880,0
2026-05-06 22:58:25.240,75.6188,,keyboard,1,0,60.00,60.00,59.90,ACTIVE,NONE,1890,0
2026-05-06 22:58:25.641,76.0191,,keyboard,1,0,60.00,60.00,59.90,ACTIVE,NONE,1900,0
2026-05-06 22:58:26.041,76.4188,,keyboard,1,0,60.00,60.00,59.90,ACTIVE,NONE,1910,0
2026-05-06 22:58:26.441,76.8189,,keyboard,1,0,60.00,60.00,59.90,ACTIVE,NONE,1920,0
2026-05-06 22:58:26.841,77.2190,,keyboard,1,0,56.40,58.78,59.90,ACTIVE,NONE,1930,0
2026-05-06 22:58:27.241,77.6190,,keyboard,1,0,42.00,46.39,51.10,ACTIVE,NONE,1940,0
2026-05-06 22:58:27.641,78.0191,,keyboard,1,0,27.60,32.09,36.90,ACTIVE,NONE,1950,0
2026-05-06 22:58:28.041,78.4194,,keyboard,1,0,13.20,17.70,22.50,ACTIVE,NONE,1960,0
2026-05-06 22:58:28.441,78.8192,,keyboard,1,0,11.40,11.72,12.70,ACTIVE,NONE,1970,0
2026-05-06 22:58:28.841,79.2193,,keyboard,1,0,11.40,11.42,11.40,ACTIVE,NONE,1980,0
2026-05-06 22:58:29.241,79.6194,,keyboard,1,0,11.40,11.40,11.40,ACTIVE,NONE,1990,0
2026-05-06 22:58:29.641,80.0194,,keyboard,1,0,11.40,11.40,11.40,ACTIVE,NONE,2000,0
2026-05-06 22:58:30.041,80.4194,,keyboard,1,0,11.40,11.40,11.40,ACTIVE,NONE,2010,0
2026-05-06 22:58:30.441,80.8195,,keyboard,1,0,11.40,11.40,11.40,ACTIVE,NONE,2020,0
2026-05-06 22:58:30.842,81.2195,,keyboard,1,0,11.40,11.40,11.40,ACTIVE,NONE,2030,0
2026-05-06 22:58:31.242,81.6195,,keyboard,1,0,9.00,10.77,11.40,ACTIVE,NONE,2040,0
2026-05-06 22:58:31.642,82.0202,,keyboard,1,0,4.20,4.67,5.90,ACTIVE,NONE,2050,0
2026-05-06 22:58:32.042,82.4200,,keyboard,1,0,4.20,4.22,4.30,ACTIVE,NONE,2060,0
2026-05-06 22:58:32.442,82.8201,,keyboard,1,0,4.20,4.20,4.10,ACTIVE,NONE,2070,0
2026-05-06 22:58:32.842,83.2203,,keyboard,1,0,4.20,4.20,4.10,ACTIVE,NONE,2080,0
2026-05-06 22:58:33.242,83.6202,,keyboard,1,0,4.20,4.20,4.10,ACTIVE,NONE,2090,0
2026-05-06 22:58:33.642,84.0201,,keyboard,1,0,4.20,4.20,4.10,ACTIVE,NONE,2100,0
2026-05-06 22:58:34.043,84.4202,,keyboard,1,0,4.20,4.20,4.10,ACTIVE,NONE,2110,0
2026-05-06 22:58:34.443,84.8203,,keyboard,1,0,4.20,4.20,4.10,ACTIVE,NONE,2120,0
2026-05-06 22:58:34.843,85.2202,,keyboard,1,0,4.20,4.20,4.10,ACTIVE,NONE,2130,0
2026-05-06 22:58:35.243,85.6203,,keyboard,1,0,-0.00,2.63,4.10,ACTIVE,NONE,2140,0
2026-05-06 22:58:35.643,86.0203,,keyboard,1,0,-13.80,-9.92,-5.40,ACTIVE,NONE,2150,0
2026-05-06 22:58:36.043,86.4204,,keyboard,1,0,-7.20,-9.98,-12.10,ACTIVE,NONE,2160,0
2026-05-06 22:58:36.443,86.8206,,keyboard,1,0,-7.20,-7.34,-8.10,ACTIVE,NONE,2170,0
2026-05-06 22:58:36.843,87.2206,,keyboard,1,0,-7.20,-7.21,-7.20,ACTIVE,NONE,2180,0
2026-05-06 22:58:37.243,87.6205,,keyboard,1,0,-7.20,-7.20,-7.20,ACTIVE,NONE,2190,0
2026-05-06 22:58:37.643,88.0206,,keyboard,1,0,-7.20,-7.20,-7.20,ACTIVE,NONE,2200,0
2026-05-06 22:58:38.043,88.4206,,keyboard,1,0,-7.20,-7.20,-7.20,ACTIVE,NONE,2210,0
2026-05-06 22:58:38.443,88.8207,,keyboard,1,0,-7.20,-7.20,-7.20,ACTIVE,NONE,2220,0
2026-05-06 22:58:38.843,89.2208,,keyboard,1,0,-7.20,-7.20,-7.20,ACTIVE,NONE,2230,0
2026-05-06 22:58:39.243,89.6207,,keyboard,1,0,-7.20,-7.20,-7.20,ACTIVE,NONE,2240,0
2026-05-06 22:58:39.643,90.0206,,keyboard,1,0,-7.20,-7.20,-7.20,ACTIVE,NONE,2250,0
2026-05-06 22:58:40.044,90.4210,,keyboard,1,0,-7.20,-7.20,-7.20,ACTIVE,NONE,2260,0
2026-05-06 22:58:40.444,90.8208,,keyboard,1,0,-7.20,-7.20,-7.20,ACTIVE,NONE,2270,0
2026-05-06 22:58:40.844,91.2208,,keyboard,1,0,-7.20,-7.20,-7.20,ACTIVE,NONE,2280,0
2026-05-06 22:58:41.244,91.6209,,keyboard,1,0,-7.20,-7.20,-7.20,ACTIVE,NONE,2290,0
2026-05-06 22:58:41.644,92.0210,,keyboard,1,0,-7.20,-7.20,-7.20,ACTIVE,NONE,2300,0
2026-05-06 22:58:42.044,92.4209,,keyboard,1,0,-7.20,-7.20,-7.20,ACTIVE,NONE,2310,0
2026-05-06 22:58:42.444,92.8209,,keyboard,1,0,-7.20,-7.20,-7.20,ACTIVE,NONE,2320,0
2026-05-06 22:58:42.844,93.2209,,keyboard,1,0,-7.20,-7.20,-7.20,ACTIVE,NONE,2330,0
2026-05-06 22:58:43.244,93.6212,,keyboard,1,0,-7.20,-7.20,-7.20,ACTIVE,NONE,2340,0
2026-05-06 22:58:43.644,94.0211,,keyboard,1,0,-7.20,-7.20,-7.20,ACTIVE,NONE,2350,0
2026-05-06 22:58:44.044,94.4213,,keyboard,1,0,-7.20,-7.20,-7.20,ACTIVE,NONE,2360,0
2026-05-06 22:58:44.444,94.8213,,keyboard,1,0,-7.20,-7.20,-7.20,ACTIVE,NONE,2370,0
2026-05-06 22:58:44.845,95.2215,,keyboard,1,0,-7.20,-7.20,-7.20,ACTIVE,NONE,2380,0
2026-05-06 22:58:45.244,95.6211,,keyboard,1,0,-7.20,-7.20,-7.20,ACTIVE,NONE,2390,0
2026-05-06 22:58:45.644,96.0213,,keyboard,1,0,-7.20,-7.20,-7.20,ACTIVE,NONE,2400,0
2026-05-06 22:58:46.045,96.4216,,keyboard,1,0,-7.20,-7.20,-7.20,ACTIVE,NONE,2410,0
2026-05-06 22:58:46.444,96.8212,,keyboard,1,0,-7.20,-7.20,-7.20,ACTIVE,NONE,2420,0
2026-05-06 22:58:46.845,97.2214,,keyboard,1,0,-7.20,-7.20,-7.20,ACTIVE,NONE,2430,0
2026-05-06 22:58:47.245,97.6214,,keyboard,1,0,-7.20,-7.20,-7.20,ACTIVE,NONE,2440,0
2026-05-06 22:58:47.645,98.0214,,keyboard,1,0,-7.20,-7.20,-7.20,ACTIVE,NONE,2450,0
2026-05-06 22:58:48.045,98.4216,,keyboard,1,0,-7.20,-7.20,-7.20,ACTIVE,NONE,2460,0
2026-05-06 22:58:48.445,98.8214,,keyboard,1,0,-7.20,-7.20,-7.20,ACTIVE,NONE,2470,0
2026-05-06 22:58:48.845,99.2216,,keyboard,1,0,-7.20,-7.20,-7.20,ACTIVE,NONE,2480,0
2026-05-06 22:58:49.245,99.6215,,keyboard,1,0,-7.20,-7.20,-7.20,ACTIVE,NONE,2490,0
2026-05-06 22:58:49.645,100.0216,,keyboard,1,0,-7.20,-7.20,-7.20,ACTIVE,NONE,2500,0
2026-05-06 22:58:50.045,100.4216,,keyboard,1,0,-7.20,-7.20,-7.20,ACTIVE,NONE,2510,0
2026-05-06 22:58:50.445,100.8217,,keyboard,1,0,-7.20,-7.20,-7.20,ACTIVE,NONE,2520,0
2026-05-06 22:58:50.845,101.2218,,keyboard,1,0,-7.20,-7.20,-7.20,ACTIVE,NONE,2530,0
2026-05-06 22:58:51.245,101.6216,,keyboard,1,0,-7.20,-7.20,-7.20,ACTIVE,NONE,2540,0
2026-05-06 22:58:51.645,102.0217,,keyboard,1,0,-7.20,-7.20,-7.20,ACTIVE,NONE,2550,0
2026-05-06 22:58:52.045,102.4218,,keyboard,1,0,-7.20,-7.20,-7.20,ACTIVE,NONE,2560,0
2026-05-06 22:58:52.445,102.8217,,keyboard,1,0,-7.20,-7.20,-7.20,ACTIVE,NONE,2570,0
2026-05-06 22:58:52.846,103.2218,,keyboard,1,0,-7.20,-7.20,-7.20,ACTIVE,NONE,2580,0
2026-05-06 22:58:53.246,103.6219,,keyboard,1,0,-7.20,-7.20,-7.20,ACTIVE,NONE,2590,0
2026-05-06 22:58:53.646,104.0218,,keyboard,1,0,-7.20,-7.20,-7.20,ACTIVE,NONE,2600,0
2026-05-06 22:58:54.046,104.4221,,keyboard,1,0,-7.20,-7.20,-7.20,ACTIVE,NONE,2610,0
2026-05-06 22:58:54.446,104.8219,,keyboard,1,0,-7.20,-7.20,-7.20,ACTIVE,NONE,2620,0
2026-05-06 22:58:54.846,105.2220,,keyboard,1,0,-7.20,-7.20,-7.20,ACTIVE,NONE,2630,0
2026-05-06 22:58:55.246,105.6220,,keyboard,1,0,-7.20,-7.20,-7.20,ACTIVE,NONE,2640,0
2026-05-06 22:58:55.646,106.0222,,keyboard,1,0,-7.20,-7.20,-7.20,ACTIVE,NONE,2650,0
2026-05-06 22:58:56.046,106.4221,,keyboard,1,0,-7.20,-7.20,-7.20,ACTIVE,NONE,2660,0
2026-05-06 22:58:56.446,106.8222,,keyboard,1,0,-1.20,-4.41,-6.80,ACTIVE,NONE,2670,0
2026-05-06 22:58:56.846,107.2224,,keyboard,1,0,13.20,8.76,4.00,ACTIVE,NONE,2680,0
2026-05-06 22:58:57.246,107.6222,,keyboard,1,0,24.00,21.88,18.00,ACTIVE,NONE,2690,0
2026-05-06 22:58:57.646,108.0222,,keyboard,1,0,24.00,23.89,23.30,ACTIVE,NONE,2700,0
2026-05-06 22:58:58.046,108.4224,,keyboard,1,0,24.00,23.99,23.80,ACTIVE,NONE,2710,0
2026-05-06 22:58:58.447,108.8224,,keyboard,1,0,24.00,24.00,23.80,ACTIVE,NONE,2720,0
2026-05-06 22:58:58.847,109.2223,,keyboard,1,0,24.00,24.00,23.80,ACTIVE,NONE,2730,0
2026-05-06 22:58:59.247,109.6224,,keyboard,1,0,24.00,24.00,23.80,ACTIVE,NONE,2740,0
2026-05-06 22:58:59.647,110.0224,,keyboard,1,0,24.00,24.00,23.80,ACTIVE,NONE,2750,0
2026-05-06 22:59:00.047,110.4228,,keyboard,1,0,24.00,24.00,23.80,ACTIVE,NONE,2760,0
2026-05-06 22:59:00.447,110.8225,,keyboard,1,0,24.00,24.00,23.80,ACTIVE,NONE,2770,0
2026-05-06 22:59:00.847,111.2224,,keyboard,1,0,24.00,24.00,23.80,ACTIVE,NONE,2780,0
2026-05-06 22:59:01.247,111.6225,,keyboard,1,0,24.00,24.00,23.80,ACTIVE,NONE,2790,0
2026-05-06 22:59:01.647,112.0226,,keyboard,1,0,24.00,24.00,23.80,ACTIVE,NONE,2800,0
2026-05-06 22:59:02.047,112.4226,,keyboard,1,0,24.00,24.00,23.80,ACTIVE,NONE,2810,0
2026-05-06 22:59:02.447,112.8230,,keyboard,1,0,37.80,33.55,29.40,ACTIVE,NONE,2820,0
2026-05-06 22:59:02.847,113.2225,,keyboard,1,0,40.80,40.40,39.10,ACTIVE,NONE,2830,0
2026-05-06 22:59:03.247,113.6228,,keyboard,1,0,40.80,40.78,40.60,ACTIVE,NONE,2840,0
2026-05-06 22:59:03.647,114.0228,,keyboard,1,0,40.80,40.80,40.70,ACTIVE,NONE,2850,0
2026-05-06 22:59:04.048,114.4229,,keyboard,1,0,40.80,40.80,40.70,ACTIVE,NONE,2860,0
2026-05-06 22:59:04.447,114.8228,,keyboard,1,0,40.80,40.80,40.70,ACTIVE,NONE,2870,0
2026-05-06 22:59:04.848,115.2230,,keyboard,1,0,40.80,40.80,40.70,ACTIVE,NONE,2880,0
2026-05-06 22:59:05.248,115.6230,,keyboard,1,0,40.80,40.80,40.70,ACTIVE,NONE,2890,0
2026-05-06 22:59:05.648,116.0230,,keyboard,1,0,40.80,40.80,40.70,ACTIVE,NONE,2900,0
2026-05-06 22:59:06.048,116.4230,,keyboard,1,0,40.80,40.80,40.70,ACTIVE,NONE,2910,0
2026-05-06 22:59:06.448,116.8231,,keyboard,1,0,55.20,50.92,46.50,ACTIVE,NONE,2920,0
2026-05-06 22:59:06.848,117.2232,,keyboard,1,0,60.00,59.40,57.60,ACTIVE,NONE,2930,0
2026-05-06 22:59:07.248,117.6232,,keyboard,1,0,60.00,59.97,59.60,ACTIVE,NONE,2940,0
2026-05-06 22:59:07.648,118.0232,,keyboard,1,0,60.00,60.00,59.80,ACTIVE,NONE,2950,0
2026-05-06 22:59:08.048,118.4233,,keyboard,1,0,60.00,60.00,59.80,ACTIVE,NONE,2960,0
2026-05-06 22:59:08.448,118.8234,,keyboard,1,0,60.00,60.00,59.80,ACTIVE,NONE,2970,0
2026-05-06 22:59:08.848,119.2235,,keyboard,1,0,60.00,60.00,59.80,ACTIVE,NONE,2980,0
2026-05-06 22:59:09.248,119.6234,,keyboard,1,0,60.00,60.00,59.80,ACTIVE,NONE,2990,0
2026-05-06 22:59:09.648,120.0234,,keyboard,1,0,60.00,60.00,59.80,ACTIVE,NONE,3000,0
2026-05-06 22:59:10.048,120.4234,,keyboard,1,0,60.00,60.00,59.80,ACTIVE,NONE,3010,0
2026-05-06 22:59:10.449,120.8236,,keyboard,1,0,60.00,60.00,59.80,ACTIVE,NONE,3020,0
2026-05-06 22:59:10.849,121.2237,,keyboard,1,0,60.00,60.00,59.80,ACTIVE,NONE,3030,0
2026-05-06 22:59:11.249,121.6237,,keyboard,1,0,60.00,60.00,59.80,ACTIVE,NONE,3040,0
2026-05-06 22:59:11.649,122.0237,,keyboard,1,0,60.00,60.00,59.80,ACTIVE,NONE,3050,0
2026-05-06 22:59:12.049,122.4237,,keyboard,1,0,60.00,60.00,59.80,ACTIVE,NONE,3060,0
2026-05-06 22:59:12.449,122.8239,,keyboard,1,0,60.00,60.00,59.90,ACTIVE,NONE,3070,0
2026-05-06 22:59:12.849,123.2242,,keyboard,1,0,60.00,60.00,59.90,ACTIVE,NONE,3080,0
2026-05-06 22:59:13.249,123.6239,,keyboard,1,0,60.00,60.00,59.90,ACTIVE,NONE,3090,0
2026-05-06 22:59:13.649,124.0239,,keyboard,1,0,60.00,60.00,59.90,ACTIVE,NONE,3100,0
2026-05-06 22:59:14.049,124.4239,,keyboard,1,0,60.00,60.00,59.90,ACTIVE,NONE,3110,0
2026-05-06 22:59:14.449,124.8240,,keyboard,1,0,60.00,60.00,59.90,ACTIVE,NONE,3120,0
2026-05-06 22:59:14.849,125.2240,,keyboard,1,0,60.00,60.00,59.90,ACTIVE,NONE,3130,0
2026-05-06 22:59:15.249,125.6240,,keyboard,1,0,60.00,60.00,59.90,ACTIVE,NONE,3140,0
2026-05-06 22:59:15.650,126.0241,,keyboard,1,0,60.00,60.00,59.90,ACTIVE,NONE,3150,0
2026-05-06 22:59:16.050,126.4240,,keyboard,1,0,60.00,60.00,59.90,ACTIVE,NONE,3160,0
2026-05-06 22:59:16.450,126.8241,,keyboard,1,0,60.00,60.00,59.90,ACTIVE,NONE,3170,0
2026-05-06 22:59:16.850,127.2242,,keyboard,1,0,60.00,60.00,59.90,ACTIVE,NONE,3180,0
2026-05-06 22:59:17.250,127.6242,,keyboard,1,0,60.00,60.00,59.90,ACTIVE,NONE,3190,0
2026-05-06 22:59:17.650,128.0241,,keyboard,1,0,48.00,52.13,56.60,ACTIVE,NONE,3200,0
2026-05-06 22:59:18.050,128.4241,,keyboard,1,0,33.60,38.08,42.80,ACTIVE,NONE,3210,0
2026-05-06 22:59:18.450,128.8244,,keyboard,1,0,22.20,24.61,28.60,ACTIVE,NONE,3220,0
2026-05-06 22:59:18.850,129.2243,,keyboard,1,0,16.20,19.53,22.10,ACTIVE,NONE,3230,0
2026-05-06 22:59:19.250,129.6244,,keyboard,1,0,1.80,6.24,10.80,ACTIVE,NONE,3240,0
2026-05-06 22:59:19.650,130.0247,,keyboard,1,0,-12.60,-8.10,-3.30,ACTIVE,NONE,3250,0
2026-05-06 22:59:20.050,130.4244,,keyboard,1,0,-27.00,-22.50,-17.50,ACTIVE,NONE,3260,0
2026-05-06 22:59:20.450,130.8246,,keyboard,1,0,-36.00,-34.54,-31.50,ACTIVE,NONE,3270,0
2026-05-06 22:59:20.850,131.2246,,keyboard,1,0,-36.00,-35.93,-35.50,ACTIVE,NONE,3280,0
2026-05-06 22:59:21.251,131.6247,,keyboard,1,0,-36.00,-36.00,-35.80,ACTIVE,NONE,3290,0
2026-05-06 22:59:21.651,132.0246,,keyboard,1,0,-36.00,-36.00,-35.90,ACTIVE,NONE,3300,0
2026-05-06 22:59:22.051,132.4253,,keyboard,1,0,-36.00,-36.00,-35.90,ACTIVE,NONE,3310,0
2026-05-06 22:59:22.451,132.8247,,keyboard,1,0,-36.00,-36.00,-35.90,ACTIVE,NONE,3320,0
2026-05-06 22:59:22.851,133.2247,,keyboard,1,0,-36.00,-36.00,-35.90,ACTIVE,NONE,3330,0
2026-05-06 22:59:23.251,133.6247,,keyboard,1,0,-36.00,-36.00,-35.90,ACTIVE,NONE,3340,0
2026-05-06 22:59:23.651,134.0249,,keyboard,1,0,-36.00,-36.00,-35.90,ACTIVE,NONE,3350,0
2026-05-06 22:59:24.051,134.4248,,keyboard,1,0,-36.00,-36.00,-35.90,ACTIVE,NONE,3360,0
2026-05-06 22:59:24.451,134.8249,,keyboard,1,0,-36.00,-36.00,-35.90,ACTIVE,NONE,3370,0
2026-05-06 22:59:24.851,135.2249,,keyboard,1,0,-36.00,-36.00,-35.90,ACTIVE,NONE,3380,0
2026-05-06 22:59:25.251,135.6249,,keyboard,1,0,-36.00,-36.00,-35.90,ACTIVE,NONE,3390,0
2026-05-06 22:59:25.651,136.0250,,keyboard,1,0,-36.00,-36.00,-35.90,ACTIVE,NONE,3400,0
2026-05-06 22:59:26.051,136.4250,,keyboard,1,0,-36.00,-36.00,-35.90,ACTIVE,NONE,3410,0
2026-05-06 22:59:26.451,136.8250,,keyboard,1,0,-36.00,-36.00,-35.90,ACTIVE,NONE,3420,0
2026-05-06 22:59:26.851,137.2251,,keyboard,1,0,-36.00,-36.00,-35.90,ACTIVE,NONE,3430,0
2026-05-06 22:59:27.251,137.6250,,keyboard,1,0,-36.00,-36.00,-35.90,ACTIVE,NONE,3440,0
2026-05-06 22:59:27.651,138.0252,,keyboard,1,0,-36.00,-36.00,-35.90,ACTIVE,NONE,3450,0
2026-05-06 22:59:28.052,138.4253,,keyboard,1,0,-36.00,-36.00,-35.90,ACTIVE,NONE,3460,0
2026-05-06 22:59:28.452,138.8253,,keyboard,1,0,-36.00,-36.00,-35.90,ACTIVE,NONE,3470,0
2026-05-06 22:59:28.852,139.2253,,keyboard,1,0,-36.00,-36.00,-35.90,ACTIVE,NONE,3480,0
2026-05-06 22:59:29.252,139.6253,,keyboard,1,0,-36.00,-36.00,-35.90,ACTIVE,NONE,3490,0
2026-05-06 22:59:29.652,140.0255,,keyboard,1,0,-36.00,-36.00,-35.90,ACTIVE,NONE,3500,0
2026-05-06 22:59:30.052,140.4256,,keyboard,1,0,-36.00,-36.00,-35.90,ACTIVE,NONE,3510,0
2026-05-06 22:59:30.452,140.8254,,keyboard,1,0,-36.00,-36.00,-35.90,ACTIVE,NONE,3520,0
2026-05-06 22:59:30.852,141.2255,,keyboard,1,0,-36.00,-36.00,-35.90,ACTIVE,NONE,3530,0
2026-05-06 22:59:31.252,141.6256,,keyboard,1,0,-36.00,-36.00,-35.90,ACTIVE,NONE,3540,0
2026-05-06 22:59:31.652,142.0256,,keyboard,1,0,-36.00,-36.00,-35.90,ACTIVE,NONE,3550,0
2026-05-06 22:59:32.052,142.4257,,keyboard,1,0,-36.00,-36.00,-35.90,ACTIVE,NONE,3560,0
2026-05-06 22:59:32.452,142.8257,,keyboard,1,0,-36.00,-36.00,-35.90,ACTIVE,NONE,3570,0
2026-05-06 22:59:32.852,143.2257,,keyboard,1,0,-36.00,-36.00,-35.90,ACTIVE,NONE,3580,0
2026-05-06 22:59:33.252,143.6258,,keyboard,1,0,-36.00,-36.00,-35.90,ACTIVE,NONE,3590,0
2026-05-06 22:59:33.652,144.0258,,keyboard,1,0,-36.00,-36.00,-35.90,ACTIVE,NONE,3600,0
2026-05-06 22:59:34.053,144.4259,,keyboard,1,0,-36.00,-36.00,-35.90,ACTIVE,NONE,3610,0
2026-05-06 22:59:34.453,144.8259,,keyboard,1,0,-36.00,-36.00,-35.90,ACTIVE,NONE,3620,0
2026-05-06 22:59:34.853,145.2259,,keyboard,1,0,-36.00,-36.00,-35.90,ACTIVE,NONE,3630,0
2026-05-06 22:59:35.253,145.6260,,keyboard,1,0,-36.00,-36.00,-35.90,ACTIVE,NONE,3640,0
2026-05-06 22:59:35.653,146.0260,,keyboard,1,0,-36.00,-36.00,-35.90,ACTIVE,NONE,3650,0
2026-05-06 22:59:36.053,146.4260,,keyboard,1,0,-36.00,-36.00,-35.90,ACTIVE,NONE,3660,0
2026-05-06 22:59:36.453,146.8260,,keyboard,1,0,-36.00,-36.00,-35.90,ACTIVE,NONE,3670,0
2026-05-06 22:59:36.853,147.2261,,keyboard,1,0,-36.00,-36.00,-35.90,ACTIVE,NONE,3680,0
2026-05-06 22:59:37.253,147.6263,,keyboard,1,0,-36.00,-36.00,-35.90,ACTIVE,NONE,3690,0
2026-05-06 22:59:37.653,148.0263,,keyboard,1,0,-36.00,-36.00,-35.90,ACTIVE,NONE,3700,0
2026-05-06 22:59:38.053,148.4262,,keyboard,1,0,-36.00,-36.00,-35.90,ACTIVE,NONE,3710,0
2026-05-06 22:59:38.453,148.8263,,keyboard,1,0,-36.00,-36.00,-35.90,ACTIVE,NONE,3720,0
2026-05-06 22:59:38.853,149.2263,,keyboard,1,0,-36.00,-36.00,-35.90,ACTIVE,NONE,3730,0
2026-05-06 22:59:39.253,149.6263,,keyboard,1,0,-36.00,-36.00,-35.90,ACTIVE,NONE,3740,0
2026-05-06 22:59:39.653,150.0264,,keyboard,1,0,-36.00,-36.00,-35.90,ACTIVE,NONE,3750,0
2026-05-06 22:59:40.054,150.4265,,keyboard,1,0,-36.00,-36.00,-35.90,ACTIVE,NONE,3760,0
2026-05-06 22:59:40.454,150.8265,,keyboard,1,0,-36.00,-36.00,-35.90,ACTIVE,NONE,3770,0
2026-05-06 22:59:40.854,151.2265,,keyboard,1,0,-36.00,-36.00,-35.90,ACTIVE,NONE,3780,0
2026-05-06 22:59:41.254,151.6266,,keyboard,1,0,-36.00,-36.00,-35.90,ACTIVE,NONE,3790,0
2026-05-06 22:59:41.654,152.0266,,keyboard,1,0,-36.00,-36.00,-35.90,ACTIVE,NONE,3800,0
2026-05-06 22:59:42.054,152.4267,,keyboard,1,0,-36.00,-36.00,-35.90,ACTIVE,NONE,3810,0
2026-05-06 22:59:42.454,152.8267,,keyboard,1,0,-36.00,-36.00,-35.90,ACTIVE,NONE,3820,0
2026-05-06 22:59:42.854,153.2267,,keyboard,1,0,-36.00,-36.00,-35.90,ACTIVE,NONE,3830,0
2026-05-06 22:59:43.254,153.6268,,keyboard,1,0,-36.00,-36.00,-35.90,ACTIVE,NONE,3840,0
2026-05-06 22:59:43.654,154.0269,,keyboard,1,0,-36.00,-36.00,-35.90,ACTIVE,NONE,3850,0
2026-05-06 22:59:44.054,154.4269,,keyboard,1,0,-36.00,-36.00,-35.90,ACTIVE,NONE,3860,0
2026-05-06 22:59:44.454,154.8269,,keyboard,1,0,-36.00,-36.00,-35.90,ACTIVE,NONE,3870,0
2026-05-06 22:59:44.854,155.2269,,keyboard,1,0,-36.00,-36.00,-35.90,ACTIVE,NONE,3880,0
2026-05-06 22:59:45.254,155.6270,,keyboard,1,0,-36.00,-36.00,-35.90,ACTIVE,NONE,3890,0
2026-05-06 22:59:45.654,156.0270,,keyboard,1,0,-36.00,-36.00,-35.90,ACTIVE,NONE,3900,0
2026-05-06 22:59:46.054,156.4270,,keyboard,1,0,-36.00,-36.00,-35.90,ACTIVE,NONE,3910,0
2026-05-06 22:59:46.454,156.8269,,keyboard,1,0,-36.00,-36.00,-35.90,ACTIVE,NONE,3920,0
2026-05-06 22:59:46.855,157.2274,,keyboard,1,0,-36.00,-36.00,-35.90,ACTIVE,NONE,3930,0
2026-05-06 22:59:47.255,157.6274,,keyboard,1,0,-36.00,-36.00,-35.90,ACTIVE,NONE,3940,0
2026-05-06 22:59:47.655,158.0276,,keyboard,1,0,-36.00,-36.00,-35.90,ACTIVE,NONE,3950,0
2026-05-06 22:59:48.055,158.4275,,keyboard,1,0,-36.00,-36.00,-35.90,ACTIVE,NONE,3960,0
2026-05-06 22:59:48.455,158.8274,,keyboard,1,0,-36.00,-36.00,-35.90,ACTIVE,NONE,3970,0
2026-05-06 22:59:48.855,159.2276,,keyboard,1,0,-36.00,-36.00,-35.90,ACTIVE,NONE,3980,0
2026-05-06 22:59:49.255,159.6276,,keyboard,1,0,-36.00,-36.00,-35.90,ACTIVE,NONE,3990,0
2026-05-06 22:59:49.655,160.0277,,keyboard,1,0,-36.00,-36.00,-35.90,ACTIVE,NONE,4000,0
2026-05-06 22:59:50.055,160.4277,,keyboard,1,0,-36.00,-36.00,-35.90,ACTIVE,NONE,4010,0
2026-05-06 22:59:50.455,160.8279,,keyboard,1,0,-36.00,-36.00,-35.90,ACTIVE,NONE,4020,0
2026-05-06 22:59:50.855,161.2277,,keyboard,1,0,-36.00,-36.00,-35.90,ACTIVE,NONE,4030,0
2026-05-06 22:59:51.255,161.6278,,keyboard,1,0,-36.00,-36.00,-35.90,ACTIVE,NONE,4040,0
2026-05-06 22:59:51.656,162.0282,,keyboard,1,0,-36.00,-36.00,-35.90,ACTIVE,NONE,4050,0
2026-05-06 22:59:52.056,162.4279,,keyboard,1,0,-36.00,-36.00,-35.90,ACTIVE,NONE,4060,0
2026-05-06 22:59:52.456,162.8279,,keyboard,1,0,-36.00,-36.00,-35.90,ACTIVE,NONE,4070,0
2026-05-06 22:59:52.856,163.2279,,keyboard,1,0,-36.00,-36.00,-35.90,ACTIVE,NONE,4080,0
2026-05-06 22:59:53.256,163.6281,,keyboard,1,0,-36.00,-36.00,-35.90,ACTIVE,NONE,4090,0
2026-05-06 22:59:53.656,164.0279,,keyboard,1,0,-36.00,-36.00,-35.90,ACTIVE,NONE,4100,0
2026-05-06 22:59:54.056,164.4285,,keyboard,1,0,-36.00,-36.00,-35.90,ACTIVE,NONE,4110,0
2026-05-06 22:59:54.456,164.8280,,keyboard,1,0,-36.00,-36.00,-35.90,ACTIVE,NONE,4120,0
2026-05-06 22:59:54.856,165.2283,,keyboard,1,0,-36.00,-36.00,-35.90,ACTIVE,NONE,4130,0
2026-05-06 22:59:55.256,165.6284,,keyboard,1,0,-36.00,-36.00,-35.90,ACTIVE,NONE,4140,0
2026-05-06 22:59:55.656,166.0284,,keyboard,1,0,-36.00,-36.00,-35.90,ACTIVE,NONE,4150,0
2026-05-06 22:59:56.056,166.4284,,keyboard,1,0,-36.00,-36.00,-35.90,ACTIVE,NONE,4160,0
2026-05-06 22:59:56.456,166.8284,,keyboard,1,0,-36.00,-36.00,-35.90,ACTIVE,NONE,4170,0
2026-05-06 22:59:56.857,167.2286,,keyboard,1,0,-36.00,-36.00,-35.90,ACTIVE,NONE,4180,0
2026-05-06 22:59:57.257,167.6286,,keyboard,1,0,0.00,-23.00,-31.50,ACTIVE,NONE,4190,0
2026-05-06 22:59:57.657,168.0286,,keyboard,1,0,0.00,-0.35,-7.80,ACTIVE,NONE,4200,0
2026-05-06 22:59:58.057,168.4288,,keyboard,1,0,0.00,-0.02,-0.50,ACTIVE,NONE,4210,0
2026-05-06 22:59:58.457,168.8288,,keyboard,1,0,0.00,-0.00,-0.10,ACTIVE,NONE,4220,0
2026-05-06 22:59:58.857,169.2288,,keyboard,1,0,0.00,-0.00,-0.10,ACTIVE,NONE,4230,0
2026-05-06 22:59:59.257,169.6289,,keyboard,1,0,0.00,-0.00,-0.10,ACTIVE,NONE,4240,0
2026-05-06 22:59:59.657,170.0289,,keyboard,1,0,0.00,-0.00,-0.10,ACTIVE,NONE,4250,0
2026-05-06 23:00:00.057,170.4289,,keyboard,1,0,0.00,-0.00,-0.10,ACTIVE,NONE,4260,0
2026-05-06 23:00:00.438,170.8099,,keyboard,1,0,0.00,-0.00,-0.10,ACTIVE,NONE,4270,0
2026-05-06 23:00:00.857,171.2292,,keyboard,1,0,0.00,-0.00,-0.10,ACTIVE,NONE,4280,0
2026-05-06 23:00:01.257,171.6289,,keyboard,1,0,0.00,-0.00,-0.10,ACTIVE,NONE,4290,0
2026-05-06 23:00:01.657,172.0291,,keyboard,1,0,0.00,-0.00,-0.10,ACTIVE,NONE,4300,0
2026-05-06 23:00:02.038,172.4100,,keyboard,1,0,0.00,-0.00,-0.10,ACTIVE,NONE,4310,0
2026-05-06 23:00:02.438,172.8102,,keyboard,1,0,0.00,-0.00,0.00,ACTIVE,NONE,4320,0
2026-05-06 23:00:02.838,173.2097,,keyboard,1,0,0.00,-0.00,0.00,ACTIVE,NONE,4330,0
2026-05-06 23:00:03.239,173.6107,,keyboard,1,0,0.00,-0.00,0.00,ACTIVE,NONE,4340,0
2026-05-06 23:00:03.638,174.0099,,keyboard,1,0,0.00,-0.00,0.00,ACTIVE,NONE,4350,0
2026-05-06 23:00:04.039,174.4106,,keyboard,1,0,-13.20,-8.99,-4.50,ACTIVE,NONE,4360,0
2026-05-06 23:00:04.438,174.8098,,keyboard,1,0,-27.60,-23.11,-18.40,ACTIVE,NONE,4370,0
2026-05-06 23:00:04.839,175.2106,,keyboard,1,0,-42.00,-37.50,-32.80,ACTIVE,NONE,4380,0
2026-05-06 23:00:05.238,175.6100,,keyboard,1,0,-49.80,-48.66,-46.20,ACTIVE,NONE,4390,0
2026-05-06 23:00:05.638,176.0100,,keyboard,1,0,-49.80,-49.74,-49.40,ACTIVE,NONE,4400,0
2026-05-06 23:00:06.039,176.4103,,keyboard,1,0,-49.80,-49.80,-49.60,ACTIVE,NONE,4410,0
2026-05-06 23:00:06.439,176.8102,,keyboard,1,0,-49.80,-49.80,-49.60,ACTIVE,NONE,4420,0
2026-05-06 23:00:06.839,177.2101,,keyboard,1,0,-49.80,-49.80,-49.60,ACTIVE,NONE,4430,0
2026-05-06 23:00:07.239,177.6100,,keyboard,1,0,-49.80,-49.80,-49.60,ACTIVE,NONE,4440,0
2026-05-06 23:00:07.639,178.0101,,keyboard,1,0,-49.80,-49.80,-49.60,ACTIVE,NONE,4450,0
2026-05-06 23:00:08.039,178.4102,,keyboard,1,0,-49.80,-49.80,-49.60,ACTIVE,NONE,4460,0
2026-05-06 23:00:08.439,178.8104,,keyboard,1,0,-49.80,-49.80,-49.60,ACTIVE,NONE,4470,0
2026-05-06 23:00:08.839,179.2102,,keyboard,1,0,-49.80,-49.80,-49.60,ACTIVE,NONE,4480,0
2026-05-06 23:00:09.239,179.6102,,keyboard,1,0,-49.80,-49.80,-49.60,ACTIVE,NONE,4490,0
2026-05-06 23:00:09.639,180.0107,,keyboard,1,0,-49.80,-49.80,-49.60,ACTIVE,NONE,4500,0
2026-05-06 23:00:10.039,180.4103,,keyboard,1,0,-49.80,-49.80,-49.60,ACTIVE,NONE,4510,0
2026-05-06 23:00:10.439,180.8102,,keyboard,1,0,-49.80,-49.80,-49.60,ACTIVE,NONE,4520,0
2026-05-06 23:00:10.840,181.2109,,keyboard,1,0,-49.80,-49.80,-49.60,ACTIVE,NONE,4530,0
2026-05-06 23:00:11.239,181.6105,,keyboard,1,0,-49.80,-49.80,-49.60,ACTIVE,NONE,4540,0
2026-05-06 23:00:11.639,182.0104,,keyboard,1,0,-49.80,-49.80,-49.60,ACTIVE,NONE,4550,0
2026-05-06 23:00:12.039,182.4104,,keyboard,1,0,-49.80,-49.80,-49.60,ACTIVE,NONE,4560,0
2026-05-06 23:00:12.439,182.8104,,keyboard,1,0,-49.80,-49.80,-49.60,ACTIVE,NONE,4570,0
2026-05-06 23:00:12.839,183.2106,,keyboard,1,0,-49.80,-49.80,-49.60,ACTIVE,NONE,4580,0
2026-05-06 23:00:13.239,183.6104,,keyboard,1,0,-49.80,-49.80,-49.60,ACTIVE,NONE,4590,0
2026-05-06 23:00:13.640,184.0107,,keyboard,1,0,-49.80,-49.80,-49.60,ACTIVE,NONE,4600,0
2026-05-06 23:00:14.039,184.4103,,keyboard,1,0,-49.80,-49.80,-49.60,ACTIVE,NONE,4610,0
2026-05-06 23:00:14.440,184.8107,,keyboard,1,0,-49.80,-49.80,-49.60,ACTIVE,NONE,4620,0
2026-05-06 23:00:14.840,185.2108,,keyboard,1,0,-49.80,-49.80,-49.60,ACTIVE,NONE,4630,0
2026-05-06 23:00:15.240,185.6106,,keyboard,1,0,-49.80,-49.80,-49.60,ACTIVE,NONE,4640,0
2026-05-06 23:00:15.640,186.0109,,keyboard,1,0,-49.80,-49.80,-49.60,ACTIVE,NONE,4650,0
2026-05-06 23:00:16.040,186.4108,,keyboard,1,0,-49.80,-49.80,-49.60,ACTIVE,NONE,4660,0
2026-05-06 23:00:16.440,186.8108,,keyboard,1,0,-49.80,-49.80,-49.60,ACTIVE,NONE,4670,0
2026-05-06 23:00:16.840,187.2110,,keyboard,1,0,-49.80,-49.80,-49.60,ACTIVE,NONE,4680,0
2026-05-06 23:00:17.240,187.6107,,keyboard,1,0,-49.80,-49.80,-49.60,ACTIVE,NONE,4690,0
2026-05-06 23:00:17.640,188.0110,,keyboard,1,0,-49.80,-49.80,-49.60,ACTIVE,NONE,4700,0
2026-05-06 23:00:18.040,188.4114,,keyboard,1,0,-49.80,-49.80,-49.60,ACTIVE,NONE,4710,0
2026-05-06 23:00:18.440,188.8110,,keyboard,1,0,-49.80,-49.80,-49.60,ACTIVE,NONE,4720,0
2026-05-06 23:00:18.841,189.2116,,keyboard,1,0,-49.80,-49.80,-49.60,ACTIVE,NONE,4730,0
2026-05-06 23:00:19.240,189.6110,,keyboard,1,0,-49.80,-49.80,-49.60,ACTIVE,NONE,4740,0
2026-05-06 23:00:19.640,190.0113,,keyboard,1,0,-36.60,-40.81,-45.00,ACTIVE,NONE,4750,0
2026-05-06 23:00:20.040,190.4112,,keyboard,1,0,-22.20,-26.69,-31.20,ACTIVE,NONE,4760,0
2026-05-06 23:00:20.441,190.8115,,keyboard,1,0,-7.80,-12.30,-16.90,ACTIVE,NONE,4770,0
2026-05-06 23:00:20.841,191.2116,,keyboard,1,0,3.60,1.19,-2.50,ACTIVE,NONE,4780,0
2026-05-06 23:00:21.241,191.6117,,keyboard,1,0,3.60,3.48,2.90,ACTIVE,NONE,4790,0
2026-05-06 23:00:21.641,192.0119,,keyboard,1,0,3.60,3.59,3.50,ACTIVE,NONE,4800,0
2026-05-06 23:00:22.041,192.4116,,keyboard,1,0,3.60,3.60,3.50,ACTIVE,NONE,4810,0
2026-05-06 23:00:22.441,192.8120,,keyboard,1,0,3.60,3.60,3.50,ACTIVE,NONE,4820,0
2026-05-06 23:00:22.841,193.2121,,keyboard,1,0,3.60,3.60,3.50,ACTIVE,NONE,4830,0
2026-05-06 23:00:23.241,193.6119,,keyboard,1,0,3.60,3.60,3.50,ACTIVE,NONE,4840,0
2026-05-06 23:00:23.641,194.0119,,keyboard,1,0,3.60,3.60,3.50,ACTIVE,NONE,4850,0
2026-05-06 23:00:24.042,194.4122,,keyboard,1,0,3.60,3.60,3.50,ACTIVE,NONE,4860,0
2026-05-06 23:00:24.442,194.8123,,keyboard,1,0,3.60,3.60,3.50,ACTIVE,NONE,4870,0
2026-05-06 23:00:24.842,195.2121,,keyboard,1,0,3.60,3.60,3.50,ACTIVE,NONE,4880,0
2026-05-06 23:00:25.241,195.6119,,keyboard,1,0,3.60,3.60,3.50,ACTIVE,NONE,4890,0
2026-05-06 23:00:25.642,196.0122,,keyboard,1,0,3.60,3.60,3.50,ACTIVE,NONE,4900,0
2026-05-06 23:00:26.042,196.4120,,keyboard,1,0,3.60,3.60,3.50,ACTIVE,NONE,4910,0
2026-05-06 23:00:26.442,196.8126,,keyboard,1,0,3.60,3.60,3.60,ACTIVE,NONE,4920,0
2026-05-06 23:00:26.842,197.2121,,keyboard,1,0,3.60,3.60,3.60,ACTIVE,NONE,4930,0
2026-05-06 23:00:27.242,197.6121,,keyboard,1,0,3.60,3.60,3.60,ACTIVE,NONE,4940,0
2026-05-06 23:00:27.642,198.0124,,keyboard,1,0,3.60,3.60,3.60,ACTIVE,NONE,4950,0
2026-05-06 23:00:28.042,198.4121,,keyboard,1,0,3.60,3.60,3.60,ACTIVE,NONE,4960,0
2026-05-06 23:00:28.442,198.8122,,keyboard,1,0,3.60,3.60,3.60,ACTIVE,NONE,4970,0
2026-05-06 23:00:28.842,199.2125,,keyboard,1,0,3.60,3.60,3.60,ACTIVE,NONE,4980,0
2026-05-06 23:00:29.243,199.6128,,keyboard,1,0,3.60,3.60,3.60,ACTIVE,NONE,4990,0
2026-05-06 23:00:29.643,200.0131,,keyboard,1,0,3.60,3.60,3.60,ACTIVE,NONE,5000,0
2026-05-06 23:00:30.043,200.4131,,keyboard,1,0,3.60,3.60,3.60,ACTIVE,NONE,5010,0
2026-05-06 23:00:30.443,200.8130,,keyboard,1,0,3.60,3.60,3.60,ACTIVE,NONE,5020,0
2026-05-06 23:00:30.843,201.2127,,keyboard,1,0,3.60,3.60,3.60,ACTIVE,NONE,5030,0
2026-05-06 23:00:31.243,201.6128,,keyboard,1,0,3.60,3.60,3.60,ACTIVE,NONE,5040,0
2026-05-06 23:00:31.644,202.0137,,keyboard,1,0,3.60,3.60,3.60,ACTIVE,NONE,5050,0
2026-05-06 23:00:32.053,202.4230,,keyboard,1,0,3.60,3.60,3.60,ACTIVE,NONE,5060,0
2026-05-06 23:00:32.453,202.8232,,keyboard,1,0,3.60,3.60,3.60,ACTIVE,NONE,5070,0
2026-05-06 23:00:32.853,203.2233,,keyboard,1,0,3.60,3.60,3.60,ACTIVE,NONE,5080,0
2026-05-06 23:00:33.253,203.6232,,keyboard,1,0,3.60,3.60,3.60,ACTIVE,NONE,5090,0
2026-05-06 23:00:33.653,204.0235,,keyboard,1,0,3.60,3.60,3.60,ACTIVE,NONE,5100,0
2026-05-06 23:00:34.054,204.4245,,keyboard,1,0,3.60,3.60,3.60,ACTIVE,NONE,5110,0
2026-05-06 23:00:34.454,204.8236,,keyboard,1,0,3.60,3.60,3.60,ACTIVE,NONE,5120,0
2026-05-06 23:00:34.855,205.2251,,keyboard,1,0,3.60,3.60,3.60,ACTIVE,NONE,5130,0
2026-05-06 23:00:35.254,205.6241,,keyboard,1,0,3.60,3.60,3.60,ACTIVE,NONE,5140,0
2026-05-06 23:00:35.654,206.0237,,keyboard,1,0,3.60,3.60,3.60,ACTIVE,NONE,5150,0
2026-05-06 23:00:36.055,206.4249,,keyboard,1,0,3.60,3.60,3.60,ACTIVE,NONE,5160,0
2026-05-06 23:00:36.455,206.8251,,keyboard,1,0,3.60,3.60,3.60,ACTIVE,NONE,5170,0
2026-05-06 23:00:36.855,207.2247,,keyboard,1,0,3.60,3.60,3.60,ACTIVE,NONE,5180,0
2026-05-06 23:00:37.241,207.6104,,keyboard,1,0,3.60,3.60,3.60,ACTIVE,NONE,5190,0
2026-05-06 23:00:37.641,208.0114,,keyboard,1,0,3.60,3.60,3.60,ACTIVE,NONE,5200,0
2026-05-06 23:00:38.042,208.4120,,keyboard,1,0,3.60,3.60,3.60,ACTIVE,NONE,5210,0
2026-05-06 23:00:38.442,208.8120,,keyboard,1,0,3.60,3.60,3.60,ACTIVE,NONE,5220,0
2026-05-06 23:00:38.843,209.2129,,keyboard,1,0,3.60,3.60,3.60,ACTIVE,NONE,5230,0
2026-05-06 23:00:39.242,209.6122,,keyboard,1,0,3.60,3.60,3.60,ACTIVE,NONE,5240,0
2026-05-06 23:00:39.643,210.0123,,keyboard,1,0,3.60,3.60,3.60,ACTIVE,NONE,5250,0
2026-05-06 23:00:40.042,210.4122,,keyboard,1,0,3.60,3.60,3.60,ACTIVE,NONE,5260,0
2026-05-06 23:00:40.443,210.8123,,keyboard,1,0,3.60,3.60,3.60,ACTIVE,NONE,5270,0
2026-05-06 23:00:40.843,211.2126,,keyboard,1,0,3.60,3.60,3.60,ACTIVE,NONE,5280,0
2026-05-06 23:00:41.243,211.6126,,keyboard,1,0,3.60,3.60,3.60,ACTIVE,NONE,5290,0
2026-05-06 23:00:41.643,212.0123,,keyboard,1,0,3.60,3.60,3.60,ACTIVE,NONE,5300,0
2026-05-06 23:00:42.043,212.4127,,keyboard,1,0,3.60,3.60,3.60,ACTIVE,NONE,5310,0
2026-05-06 23:00:42.443,212.8124,,keyboard,1,0,3.60,3.60,3.60,ACTIVE,NONE,5320,0
2026-05-06 23:00:42.843,213.2125,,keyboard,1,0,3.60,3.60,3.60,ACTIVE,NONE,5330,0
2026-05-06 23:00:43.243,213.6127,,keyboard,1,0,3.60,3.60,3.60,ACTIVE,NONE,5340,0
2026-05-06 23:00:43.643,214.0125,,keyboard,1,0,3.60,3.60,3.60,ACTIVE,NONE,5350,0
2026-05-06 23:00:44.043,214.4124,,keyboard,1,0,3.60,3.60,3.60,ACTIVE,NONE,5360,0
2026-05-06 23:00:44.443,214.8126,,keyboard,1,0,3.60,3.60,3.60,ACTIVE,NONE,5370,0
2026-05-06 23:00:44.844,215.2133,,keyboard,1,0,3.60,3.60,3.60,ACTIVE,NONE,5380,0
2026-05-06 23:00:45.243,215.6129,,keyboard,1,0,3.60,3.60,3.60,ACTIVE,NONE,5390,0
2026-05-06 23:00:45.643,216.0128,,keyboard,1,0,3.60,3.60,3.60,ACTIVE,NONE,5400,0
2026-05-06 23:00:46.044,216.4131,,keyboard,1,0,3.60,3.60,3.60,ACTIVE,NONE,5410,0
2026-05-06 23:00:46.444,216.8129,,keyboard,1,0,3.60,3.60,3.60,ACTIVE,NONE,5420,0
2026-05-06 23:00:46.844,217.2130,,keyboard,1,0,3.60,3.60,3.60,ACTIVE,NONE,5430,0
2026-05-06 23:00:47.244,217.6129,,keyboard,1,0,3.60,3.60,3.60,ACTIVE,NONE,5440,0
2026-05-06 23:00:47.644,218.0131,,keyboard,1,0,3.60,3.60,3.60,ACTIVE,NONE,5450,0
2026-05-06 23:00:48.044,218.4132,,keyboard,1,0,3.60,3.60,3.60,ACTIVE,NONE,5460,0
2026-05-06 23:00:48.444,218.8134,,keyboard,1,0,3.60,3.60,3.60,ACTIVE,NONE,5470,0
2026-05-06 23:00:48.844,219.2131,,keyboard,1,0,3.60,3.60,3.60,ACTIVE,NONE,5480,0
2026-05-06 23:00:49.244,219.6132,,keyboard,1,0,3.60,3.60,3.60,ACTIVE,NONE,5490,0
2026-05-06 23:00:49.644,220.0135,,keyboard,1,0,3.60,3.60,3.60,ACTIVE,NONE,5500,0
2026-05-06 23:00:50.044,220.4132,,keyboard,1,0,3.60,3.60,3.60,ACTIVE,NONE,5510,0
2026-05-06 23:00:50.444,220.8135,,keyboard,1,0,3.60,3.60,3.60,ACTIVE,NONE,5520,0
2026-05-06 23:00:50.845,221.2137,,keyboard,1,0,3.60,3.60,3.60,ACTIVE,NONE,5530,0
2026-05-06 23:00:51.244,221.6134,,keyboard,1,0,3.60,3.60,3.60,ACTIVE,NONE,5540,0
2026-05-06 23:00:51.644,222.0135,,keyboard,1,0,3.60,3.60,3.60,ACTIVE,NONE,5550,0
2026-05-06 23:00:52.045,222.4136,,keyboard,1,0,3.60,3.60,3.60,ACTIVE,NONE,5560,0
2026-05-06 23:00:52.445,222.8136,,keyboard,1,0,3.60,3.60,3.60,ACTIVE,NONE,5570,0
2026-05-06 23:00:52.845,223.2138,,keyboard,1,0,3.60,3.60,3.60,ACTIVE,NONE,5580,0
2026-05-06 23:00:53.245,223.6138,,keyboard,1,0,3.60,3.60,3.60,ACTIVE,NONE,5590,0
2026-05-06 23:00:53.645,224.0137,,keyboard,1,0,3.60,3.60,3.60,ACTIVE,NONE,5600,0
2026-05-06 23:00:54.045,224.4136,,keyboard,1,0,3.60,3.60,3.60,ACTIVE,NONE,5610,0
2026-05-06 23:00:54.445,224.8142,,keyboard,1,0,3.60,3.60,3.60,ACTIVE,NONE,5620,0
2026-05-06 23:00:54.845,225.2138,,keyboard,1,0,3.60,3.60,3.60,ACTIVE,NONE,5630,0
2026-05-06 23:00:55.245,225.6138,,keyboard,1,0,3.60,3.60,3.60,ACTIVE,NONE,5640,0
2026-05-06 23:00:55.645,226.0138,,keyboard,1,0,3.60,3.60,3.60,ACTIVE,NONE,5650,0
2026-05-06 23:00:56.045,226.4138,,keyboard,1,0,3.60,3.60,3.60,ACTIVE,NONE,5660,0
2026-05-06 23:00:56.445,226.8141,,keyboard,1,0,3.60,3.60,3.60,ACTIVE,NONE,5670,0
2026-05-06 23:00:56.845,227.2140,,keyboard,1,0,3.60,3.60,3.60,ACTIVE,NONE,5680,0
2026-05-06 23:00:57.245,227.6139,,keyboard,1,0,3.60,3.60,3.60,ACTIVE,NONE,5690,0
2026-05-06 23:00:57.645,228.0140,,keyboard,1,0,3.60,3.60,3.60,ACTIVE,NONE,5700,0
2026-05-06 23:00:58.045,228.4141,,keyboard,1,0,3.60,3.60,3.60,ACTIVE,NONE,5710,0
2026-05-06 23:00:58.445,228.8141,,keyboard,1,0,3.60,3.60,3.60,ACTIVE,NONE,5720,0
2026-05-06 23:00:58.846,229.2143,,keyboard,1,0,3.60,3.60,3.60,ACTIVE,NONE,5730,0
2026-05-06 23:00:59.245,229.6140,,keyboard,1,0,3.60,3.60,3.60,ACTIVE,NONE,5740,0
2026-05-06 23:00:59.646,230.0146,,keyboard,1,0,3.60,3.60,3.60,ACTIVE,NONE,5750,0
2026-05-06 23:01:00.046,230.4142,,keyboard,1,0,3.60,3.60,3.60,ACTIVE,NONE,5760,0
2026-05-06 23:01:00.446,230.8148,,keyboard,1,0,3.60,3.60,3.60,ACTIVE,NONE,5770,0
2026-05-06 23:01:00.846,231.2142,,keyboard,1,0,3.60,3.60,3.60,ACTIVE,NONE,5780,0
2026-05-06 23:01:01.246,231.6142,,keyboard,1,0,3.60,3.60,3.60,ACTIVE,NONE,5790,0
2026-05-06 23:01:01.646,232.0143,,keyboard,1,0,3.60,3.60,3.60,ACTIVE,NONE,5800,0
2026-05-06 23:01:02.046,232.4142,,keyboard,1,0,3.60,3.60,3.60,ACTIVE,NONE,5810,0
2026-05-06 23:01:02.446,232.8146,,keyboard,1,0,3.60,3.60,3.60,ACTIVE,NONE,5820,0
2026-05-06 23:01:02.846,233.2144,,keyboard,1,0,3.60,3.60,3.60,ACTIVE,NONE,5830,0
2026-05-06 23:01:03.246,233.6144,,keyboard,1,0,3.60,3.60,3.60,ACTIVE,NONE,5840,0
2026-05-06 23:01:03.646,234.0144,,keyboard,1,0,3.60,3.60,3.60,ACTIVE,NONE,5850,0
2026-05-06 23:01:04.046,234.4144,,keyboard,1,0,3.60,3.60,3.60,ACTIVE,NONE,5860,0
2026-05-06 23:01:04.446,234.8146,,keyboard,1,0,3.60,3.60,3.60,ACTIVE,NONE,5870,0
2026-05-06 23:01:04.846,235.2144,,keyboard,1,0,3.60,3.60,3.60,ACTIVE,NONE,5880,0
2026-05-06 23:01:05.246,235.6147,,keyboard,1,0,3.60,3.60,3.60,ACTIVE,NONE,5890,0
2026-05-06 23:01:05.646,236.0145,,keyboard,1,0,3.60,3.60,3.60,ACTIVE,NONE,5900,0
2026-05-06 23:01:06.046,236.4148,,keyboard,1,0,3.60,3.60,3.60,ACTIVE,NONE,5910,0
2026-05-06 23:01:06.447,236.8152,,keyboard,1,0,3.60,3.60,3.60,ACTIVE,NONE,5920,0
2026-05-06 23:01:06.846,237.2147,,keyboard,1,0,3.60,3.60,3.60,ACTIVE,NONE,5930,0
2026-05-06 23:01:07.246,237.6147,,keyboard,1,0,3.60,3.60,3.60,ACTIVE,NONE,5940,0
2026-05-06 23:01:07.647,238.0148,,keyboard,1,0,3.60,3.60,3.60,ACTIVE,NONE,5950,0
2026-05-06 23:01:08.047,238.4147,,keyboard,1,0,3.60,3.60,3.60,ACTIVE,NONE,5960,0
2026-05-06 23:01:08.447,238.8147,,keyboard,1,0,3.60,3.60,3.60,ACTIVE,NONE,5970,0
2026-05-06 23:01:08.847,239.2147,,keyboard,1,0,3.60,3.60,3.60,ACTIVE,NONE,5980,0
2026-05-06 23:01:09.247,239.6150,,keyboard,1,0,3.60,3.60,3.60,ACTIVE,NONE,5990,0
2026-05-06 23:01:09.647,240.0150,,keyboard,1,0,3.60,3.60,3.60,ACTIVE,NONE,6000,0
2026-05-06 23:01:10.047,240.4149,,keyboard,1,0,3.60,3.60,3.60,ACTIVE,NONE,6010,0
2026-05-06 23:01:10.447,240.8150,,keyboard,1,0,3.60,3.60,3.60,ACTIVE,NONE,6020,0
2026-05-06 23:01:10.847,241.2149,,keyboard,1,0,3.60,3.60,3.60,ACTIVE,NONE,6030,0
2026-05-06 23:01:11.247,241.6149,,keyboard,1,0,3.60,3.60,3.60,ACTIVE,NONE,6040,0
2026-05-06 23:01:11.647,242.0149,,keyboard,1,0,3.60,3.60,3.60,ACTIVE,NONE,6050,0
2026-05-06 23:01:12.047,242.4150,,keyboard,1,0,3.60,3.60,3.60,ACTIVE,NONE,6060,0
2026-05-06 23:01:12.447,242.8150,,keyboard,1,0,3.60,3.60,3.60,ACTIVE,NONE,6070,0
2026-05-06 23:01:12.847,243.2152,,keyboard,1,0,3.60,3.60,3.60,ACTIVE,NONE,6080,0
2026-05-06 23:01:13.247,243.6151,,keyboard,1,0,3.60,3.60,3.60,ACTIVE,NONE,6090,0
2026-05-06 23:01:13.647,244.0151,,keyboard,1,0,3.60,3.60,3.60,ACTIVE,NONE,6100,0
2026-05-06 23:01:14.047,244.4151,,keyboard,1,0,3.60,3.60,3.60,ACTIVE,NONE,6110,0
2026-05-06 23:01:14.447,244.8152,,keyboard,1,0,3.60,3.60,3.60,ACTIVE,NONE,6120,0
2026-05-06 23:01:14.848,245.2153,,keyboard,1,0,3.60,3.60,3.60,ACTIVE,NONE,6130,0
2026-05-06 23:01:15.247,245.6153,,keyboard,1,0,3.60,3.60,3.60,ACTIVE,NONE,6140,0
2026-05-06 23:01:15.649,246.0167,,keyboard,1,0,3.60,3.60,3.60,ACTIVE,NONE,6150,0
2026-05-06 23:01:16.048,246.4157,,keyboard,1,0,3.60,3.60,3.60,ACTIVE,NONE,6160,0
2026-05-06 23:01:16.448,246.8155,,keyboard,1,0,3.60,3.60,3.60,ACTIVE,NONE,6170,0
2026-05-06 23:01:16.848,247.2154,,keyboard,1,0,3.60,3.60,3.60,ACTIVE,NONE,6180,0
2026-05-06 23:01:17.248,247.6156,,keyboard,1,0,3.60,3.60,3.60,ACTIVE,NONE,6190,0
2026-05-06 23:01:17.648,248.0155,,keyboard,1,0,3.60,3.60,3.60,ACTIVE,NONE,6200,0
2026-05-06 23:01:18.048,248.4155,,keyboard,1,0,3.60,3.60,3.60,ACTIVE,NONE,6210,0
2026-05-06 23:01:18.448,248.8155,,keyboard,1,0,3.60,3.60,3.60,ACTIVE,NONE,6220,0
2026-05-06 23:01:18.848,249.2160,,keyboard,1,0,3.60,3.60,3.60,ACTIVE,NONE,6230,0
2026-05-06 23:01:19.248,249.6156,,keyboard,1,0,3.60,3.60,3.60,ACTIVE,NONE,6240,0
2026-05-06 23:01:19.648,250.0157,,keyboard,1,0,3.60,3.60,3.60,ACTIVE,NONE,6250,0
2026-05-06 23:01:20.048,250.4156,,keyboard,1,0,3.60,3.60,3.60,ACTIVE,NONE,6260,0
2026-05-06 23:01:20.448,250.8157,,keyboard,1,0,3.60,3.60,3.60,ACTIVE,NONE,6270,0
2026-05-06 23:01:20.848,251.2157,,keyboard,1,0,3.60,3.60,3.60,ACTIVE,NONE,6280,0
2026-05-06 23:01:21.248,251.6157,,keyboard,1,0,3.60,3.60,3.60,ACTIVE,NONE,6290,0
2026-05-06 23:01:21.649,252.0161,,keyboard,1,0,3.60,3.60,3.60,ACTIVE,NONE,6300,0
2026-05-06 23:01:22.048,252.4159,,keyboard,1,0,3.60,3.60,3.60,ACTIVE,NONE,6310,0
2026-05-06 23:01:22.449,252.8163,,keyboard,1,0,3.60,3.60,3.60,ACTIVE,NONE,6320,0
2026-05-06 23:01:22.849,253.2160,,keyboard,1,0,3.60,3.60,3.60,ACTIVE,NONE,6330,0
2026-05-06 23:01:23.249,253.6159,,keyboard,1,0,3.60,3.60,3.60,ACTIVE,NONE,6340,0
2026-05-06 23:01:23.649,254.0164,,keyboard,1,0,3.60,3.60,3.60,ACTIVE,NONE,6350,0
2026-05-06 23:01:24.049,254.4162,,keyboard,1,0,3.60,3.60,3.60,ACTIVE,NONE,6360,0
2026-05-06 23:01:24.449,254.8163,,keyboard,1,0,3.60,3.60,3.60,ACTIVE,NONE,6370,0
2026-05-06 23:01:24.849,255.2163,,keyboard,1,0,3.60,3.60,3.60,ACTIVE,NONE,6380,0
2026-05-06 23:01:25.249,255.6164,,keyboard,1,0,3.60,3.60,3.60,ACTIVE,NONE,6390,0
2026-05-06 23:01:25.649,256.0163,,keyboard,1,0,3.60,3.60,3.60,ACTIVE,NONE,6400,0
2026-05-06 23:01:26.049,256.4165,,keyboard,1,0,3.60,3.60,3.60,ACTIVE,NONE,6410,0
2026-05-06 23:01:26.449,256.8163,,keyboard,1,0,3.60,3.60,3.60,ACTIVE,NONE,6420,0
2026-05-06 23:01:26.849,257.2165,,keyboard,1,0,3.60,3.60,3.60,ACTIVE,NONE,6430,0
2026-05-06 23:01:27.249,257.6165,,keyboard,1,0,3.60,3.60,3.60,ACTIVE,NONE,6440,0
2026-05-06 23:01:27.650,258.0169,,keyboard,1,0,3.60,3.60,3.60,ACTIVE,NONE,6450,0
2026-05-06 23:01:28.049,258.4165,,keyboard,1,0,3.60,3.60,3.60,ACTIVE,NONE,6460,0
2026-05-06 23:01:28.450,258.8166,,keyboard,1,0,3.60,3.60,3.60,ACTIVE,NONE,6470,0
2026-05-06 23:01:28.850,259.2166,,keyboard,1,0,3.60,3.60,3.60,ACTIVE,NONE,6480,0
2026-05-06 23:01:29.250,259.6166,,keyboard,1,0,3.60,3.60,3.60,ACTIVE,NONE,6490,0
2026-05-06 23:01:29.650,260.0171,,keyboard,1,0,3.60,3.60,3.60,ACTIVE,NONE,6500,0
2026-05-06 23:01:30.050,260.4166,,keyboard,1,0,3.60,3.60,3.60,ACTIVE,NONE,6510,0
2026-05-06 23:01:30.450,260.8168,,keyboard,1,0,3.60,3.60,3.60,ACTIVE,NONE,6520,0
2026-05-06 23:01:30.850,261.2169,,keyboard,1,0,3.60,3.60,3.60,ACTIVE,NONE,6530,0
2026-05-06 23:01:31.250,261.6167,,keyboard,1,0,3.60,3.60,3.60,ACTIVE,NONE,6540,0
2026-05-06 23:01:31.650,262.0169,,keyboard,1,0,3.60,3.60,3.60,ACTIVE,NONE,6550,0
2026-05-06 23:01:32.050,262.4168,,keyboard,1,0,3.60,3.60,3.60,ACTIVE,NONE,6560,0
2026-05-06 23:01:32.450,262.8168,,keyboard,1,0,3.60,3.60,3.60,ACTIVE,NONE,6570,0
2026-05-06 23:01:32.850,263.2171,,keyboard,1,0,3.60,3.60,3.60,ACTIVE,NONE,6580,0
2026-05-06 23:01:33.250,263.6170,,keyboard,1,0,3.60,3.60,3.60,ACTIVE,NONE,6590,0
2026-05-06 23:01:33.650,264.0170,,keyboard,1,0,3.60,3.60,3.60,ACTIVE,NONE,6600,0
2026-05-06 23:01:34.051,264.4172,,keyboard,1,0,3.60,3.60,3.60,ACTIVE,NONE,6610,0
2026-05-06 23:01:34.450,264.8170,,keyboard,1,0,3.60,3.60,3.60,ACTIVE,NONE,6620,0
2026-05-06 23:01:34.851,265.2175,,keyboard,1,0,3.60,3.60,3.60,ACTIVE,NONE,6630,0
2026-05-06 23:01:35.251,265.6172,,keyboard,1,0,3.60,3.60,3.60,ACTIVE,NONE,6640,0
2026-05-06 23:01:35.651,266.0175,,keyboard,1,0,3.60,3.60,3.60,ACTIVE,NONE,6650,0
2026-05-06 23:01:36.051,266.4172,,keyboard,1,0,3.60,3.60,3.60,ACTIVE,NONE,6660,0
2026-05-06 23:01:36.451,266.8174,,keyboard,1,0,3.60,3.60,3.60,ACTIVE,NONE,6670,0
2026-05-06 23:01:36.851,267.2175,,keyboard,1,0,3.60,3.60,3.60,ACTIVE,NONE,6680,0
2026-05-06 23:01:37.251,267.6174,,keyboard,1,0,3.60,3.60,3.60,ACTIVE,NONE,6690,0
2026-05-06 23:01:37.651,268.0177,,keyboard,1,0,3.60,3.60,3.60,ACTIVE,NONE,6700,0
2026-05-06 23:01:38.051,268.4175,,keyboard,1,0,3.60,3.60,3.60,ACTIVE,NONE,6710,0
2026-05-06 23:01:38.451,268.8175,,keyboard,1,0,3.60,3.60,3.60,ACTIVE,NONE,6720,0
2026-05-06 23:01:38.851,269.2175,,keyboard,1,0,3.60,3.60,3.60,ACTIVE,NONE,6730,0
2026-05-06 23:01:39.251,269.6176,,keyboard,1,0,3.60,3.60,3.60,ACTIVE,NONE,6740,0
2026-05-06 23:01:39.651,270.0178,,keyboard,1,0,3.60,3.60,3.60,ACTIVE,NONE,6750,0
2026-05-06 23:01:40.051,270.4177,,keyboard,1,0,3.60,3.60,3.60,ACTIVE,NONE,6760,0
2026-05-06 23:01:40.451,270.8178,,keyboard,1,0,3.60,3.60,3.60,ACTIVE,NONE,6770,0
2026-05-06 23:01:40.851,271.2178,,keyboard,1,0,3.60,3.60,3.60,ACTIVE,NONE,6780,0
2026-05-06 23:01:41.252,271.6180,,keyboard,1,0,3.60,3.60,3.60,ACTIVE,NONE,6790,0
2026-05-06 23:01:41.652,272.0179,,keyboard,1,0,3.60,3.60,3.60,ACTIVE,NONE,6800,0
2026-05-06 23:01:42.052,272.4182,,keyboard,1,0,3.60,3.60,3.60,ACTIVE,NONE,6810,0
2026-05-06 23:01:42.452,272.8180,,keyboard,1,0,3.60,3.60,3.60,ACTIVE,NONE,6820,0
2026-05-06 23:01:42.852,273.2183,,keyboard,1,0,3.60,3.60,3.60,ACTIVE,NONE,6830,0
2026-05-06 23:01:43.252,273.6180,,keyboard,1,0,3.60,3.60,3.60,ACTIVE,NONE,6840,0
2026-05-06 23:01:43.652,274.0182,,keyboard,1,0,3.60,3.60,3.60,ACTIVE,NONE,6850,0
2026-05-06 23:01:44.052,274.4183,,keyboard,1,0,3.60,3.60,3.60,ACTIVE,NONE,6860,0
2026-05-06 23:01:44.452,274.8182,,keyboard,1,0,3.60,3.60,3.60,ACTIVE,NONE,6870,0
2026-05-06 23:01:44.853,275.2189,,keyboard,1,0,3.60,3.60,3.60,ACTIVE,NONE,6880,0
2026-05-06 23:01:45.252,275.6185,,keyboard,1,0,3.60,3.60,3.60,ACTIVE,NONE,6890,0
2026-05-06 23:01:45.652,276.0185,,keyboard,1,0,3.60,3.60,3.60,ACTIVE,NONE,6900,0
2026-05-06 23:01:46.053,276.4189,,keyboard,1,0,3.60,3.60,3.60,ACTIVE,NONE,6910,0
2026-05-06 23:01:46.453,276.8192,,keyboard,1,0,3.60,3.60,3.60,ACTIVE,NONE,6920,0
2026-05-06 23:01:46.853,277.2190,,keyboard,1,0,3.60,3.60,3.60,ACTIVE,NONE,6930,0
2026-05-06 23:01:47.253,277.6186,,keyboard,1,0,3.60,3.60,3.60,ACTIVE,NONE,6940,0
2026-05-06 23:01:47.653,278.0190,,keyboard,1,0,3.60,3.60,3.60,ACTIVE,NONE,6950,0
2026-05-06 23:01:48.053,278.4189,,keyboard,1,0,3.60,3.60,3.60,ACTIVE,NONE,6960,0
2026-05-06 23:01:48.453,278.8191,,keyboard,1,0,3.60,3.60,3.60,ACTIVE,NONE,6970,0
2026-05-06 23:01:48.853,279.2189,,keyboard,1,0,3.60,3.60,3.60,ACTIVE,NONE,6980,0
2026-05-06 23:01:49.253,279.6190,,keyboard,1,0,3.60,3.60,3.60,ACTIVE,NONE,6990,0
2026-05-06 23:01:49.653,280.0190,,keyboard,1,0,3.60,3.60,3.60,ACTIVE,NONE,7000,0
2026-05-06 23:01:50.054,280.4196,,keyboard,1,0,3.60,3.60,3.60,ACTIVE,NONE,7010,0
2026-05-06 23:01:50.453,280.8191,,keyboard,1,0,3.60,3.60,3.60,ACTIVE,NONE,7020,0
2026-05-06 23:01:50.853,281.2192,,keyboard,1,0,3.60,3.60,3.60,ACTIVE,NONE,7030,0
2026-05-06 23:01:51.254,281.6199,,keyboard,1,0,3.60,3.60,3.60,ACTIVE,NONE,7040,0
2026-05-06 23:01:51.654,282.0201,,keyboard,1,0,3.60,3.60,3.60,ACTIVE,NONE,7050,0
2026-05-06 23:01:52.054,282.4199,,keyboard,1,0,3.60,3.60,3.60,ACTIVE,NONE,7060,0
2026-05-06 23:01:52.454,282.8200,,keyboard,1,0,3.60,3.60,3.60,ACTIVE,NONE,7070,0
2026-05-06 23:01:52.854,283.2201,,keyboard,1,0,3.60,3.60,3.60,ACTIVE,NONE,7080,0
2026-05-06 23:01:53.254,283.6201,,keyboard,1,0,3.60,3.60,3.60,ACTIVE,NONE,7090,0
2026-05-06 23:01:53.654,284.0199,,keyboard,1,0,3.60,3.60,3.60,ACTIVE,NONE,7100,0
2026-05-06 23:01:54.054,284.4200,,keyboard,1,0,3.60,3.60,3.60,ACTIVE,NONE,7110,0
2026-05-06 23:01:54.454,284.8201,,keyboard,1,0,3.60,3.60,3.60,ACTIVE,NONE,7120,0
2026-05-06 23:01:54.855,285.2201,,keyboard,1,0,3.60,3.60,3.60,ACTIVE,NONE,7130,0
2026-05-06 23:01:55.255,285.6203,,keyboard,1,0,3.60,3.60,3.60,ACTIVE,NONE,7140,0
2026-05-06 23:01:55.655,286.0203,,keyboard,1,0,3.60,3.60,3.60,ACTIVE,NONE,7150,0
2026-05-06 23:01:56.055,286.4203,,keyboard,1,0,3.60,3.60,3.60,ACTIVE,NONE,7160,0
2026-05-06 23:01:56.455,286.8205,,keyboard,1,0,3.60,3.60,3.60,ACTIVE,NONE,7170,0
2026-05-06 23:01:56.855,287.2205,,keyboard,1,0,3.60,3.60,3.60,ACTIVE,NONE,7180,0
2026-05-06 23:01:57.255,287.6206,,keyboard,1,0,3.60,3.60,3.60,ACTIVE,NONE,7190,0
2026-05-06 23:01:57.655,288.0208,,keyboard,1,0,3.60,3.60,3.60,ACTIVE,NONE,7200,0
2026-05-06 23:01:58.055,288.4206,,keyboard,1,0,3.60,3.60,3.60,ACTIVE,NONE,7210,0
2026-05-06 23:01:58.455,288.8206,,keyboard,1,0,3.60,3.60,3.60,ACTIVE,NONE,7220,0
2026-05-06 23:01:58.855,289.2206,,keyboard,1,0,3.60,3.60,3.60,ACTIVE,NONE,7230,0
2026-05-06 23:01:59.255,289.6205,,keyboard,1,0,3.60,3.60,3.60,ACTIVE,NONE,7240,0
2026-05-06 23:01:59.655,290.0208,,keyboard,1,0,3.60,3.60,3.60,ACTIVE,NONE,7250,0
2026-05-06 23:02:00.055,290.4206,,keyboard,1,0,3.60,3.60,3.60,ACTIVE,NONE,7260,0
2026-05-06 23:02:00.456,290.8208,,keyboard,1,0,3.60,3.60,3.60,ACTIVE,NONE,7270,0
2026-05-06 23:02:00.856,291.2208,,keyboard,1,0,3.60,3.60,3.60,ACTIVE,NONE,7280,0
2026-05-06 23:02:01.256,291.6212,,keyboard,1,0,3.60,3.60,3.60,ACTIVE,NONE,7290,0
2026-05-06 23:02:01.656,292.0211,,keyboard,1,0,3.60,3.60,3.60,ACTIVE,NONE,7300,0
2026-05-06 23:02:02.056,292.4211,,keyboard,1,0,3.60,3.60,3.60,ACTIVE,NONE,7310,0
2026-05-06 23:02:02.456,292.8212,,keyboard,1,0,3.60,3.60,3.60,ACTIVE,NONE,7320,0
2026-05-06 23:02:02.856,293.2213,,keyboard,1,0,3.60,3.60,3.60,ACTIVE,NONE,7330,0
2026-05-06 23:02:03.256,293.6213,,keyboard,1,0,3.60,3.60,3.60,ACTIVE,NONE,7340,0
2026-05-06 23:02:03.656,294.0214,,keyboard,1,0,3.60,3.60,3.60,ACTIVE,NONE,7350,0
2026-05-06 23:02:04.056,294.4214,,keyboard,1,0,3.60,3.60,3.60,ACTIVE,NONE,7360,0
2026-05-06 23:02:04.456,294.8213,,keyboard,1,0,3.60,3.60,3.60,ACTIVE,NONE,7370,0
2026-05-06 23:02:04.856,295.2214,,keyboard,1,0,3.60,3.60,3.60,ACTIVE,NONE,7380,0
2026-05-06 23:02:05.256,295.6215,,keyboard,1,0,3.60,3.60,3.60,ACTIVE,NONE,7390,0
2026-05-06 23:02:05.656,296.0215,,keyboard,1,0,3.60,3.60,3.60,ACTIVE,NONE,7400,0
2026-05-06 23:02:06.057,296.4215,,keyboard,1,0,3.60,3.60,3.60,ACTIVE,NONE,7410,0
2026-05-06 23:02:06.457,296.8221,,keyboard,1,0,3.60,3.60,3.60,ACTIVE,NONE,7420,0
2026-05-06 23:02:06.857,297.2216,,keyboard,1,0,3.60,3.60,3.60,ACTIVE,NONE,7430,0
2026-05-06 23:02:07.257,297.6220,,keyboard,1,0,3.60,3.60,3.60,ACTIVE,NONE,7440,0
2026-05-06 23:02:07.657,298.0219,,keyboard,1,0,3.60,3.60,3.60,ACTIVE,NONE,7450,0
2026-05-06 23:02:08.057,298.4218,,keyboard,1,0,3.60,3.60,3.60,ACTIVE,NONE,7460,0
2026-05-06 23:02:08.457,298.8217,,keyboard,1,0,3.60,3.60,3.60,ACTIVE,NONE,7470,0
2026-05-06 23:02:08.857,299.2219,,keyboard,1,0,3.60,3.60,3.60,ACTIVE,NONE,7480,0
2026-05-06 23:02:09.257,299.6220,,keyboard,1,0,3.60,3.60,3.60,ACTIVE,NONE,7490,0
2026-05-06 23:02:09.657,300.0219,,keyboard,1,0,3.60,3.60,3.60,ACTIVE,NONE,7500,0
2026-05-06 23:02:10.057,300.4219,,keyboard,1,0,3.60,3.60,3.60,ACTIVE,NONE,7510,0
2026-05-06 23:02:10.457,300.8220,,keyboard,1,0,3.60,3.60,3.60,ACTIVE,NONE,7520,0
2026-05-06 23:02:10.857,301.2221,,keyboard,1,0,3.60,3.60,3.60,ACTIVE,NONE,7530,0
2026-05-06 23:02:11.258,301.6222,,keyboard,1,0,3.60,3.60,3.60,ACTIVE,NONE,7540,0
2026-05-06 23:02:11.658,302.0222,,keyboard,1,0,3.60,3.60,3.60,ACTIVE,NONE,7550,0
2026-05-06 23:02:12.058,302.4222,,keyboard,1,0,3.60,3.60,3.60,ACTIVE,NONE,7560,0
2026-05-06 23:02:12.458,302.8222,,keyboard,1,0,3.60,3.60,3.60,ACTIVE,NONE,7570,0
2026-05-06 23:02:12.858,303.2222,,keyboard,1,0,3.60,3.60,3.60,ACTIVE,NONE,7580,0
2026-05-06 23:02:13.258,303.6224,,keyboard,1,0,3.60,3.60,3.60,ACTIVE,NONE,7590,0
2026-05-06 23:02:13.658,304.0223,,keyboard,1,0,3.60,3.60,3.60,ACTIVE,NONE,7600,0
2026-05-06 23:02:14.058,304.4223,,keyboard,1,0,3.60,3.60,3.60,ACTIVE,NONE,7610,0
2026-05-06 23:02:14.458,304.8224,,keyboard,1,0,3.60,3.60,3.60,ACTIVE,NONE,7620,0
2026-05-06 23:02:14.858,305.2225,,keyboard,1,0,3.60,3.60,3.60,ACTIVE,NONE,7630,0
2026-05-06 23:02:15.258,305.6225,,keyboard,1,0,3.60,3.60,3.60,ACTIVE,NONE,7640,0
2026-05-06 23:02:15.658,306.0224,,keyboard,1,0,3.60,3.60,3.60,ACTIVE,NONE,7650,0
2026-05-06 23:02:16.058,306.4225,,keyboard,1,0,3.60,3.60,3.60,ACTIVE,NONE,7660,0
2026-05-06 23:02:16.458,306.8225,,keyboard,1,0,3.60,3.60,3.60,ACTIVE,NONE,7670,0
2026-05-06 23:02:16.858,307.2227,,keyboard,1,0,3.60,3.60,3.60,ACTIVE,NONE,7680,0
2026-05-06 23:02:17.258,307.6225,,keyboard,1,0,3.60,3.60,3.60,ACTIVE,NONE,7690,0
2026-05-06 23:02:17.658,308.0227,,keyboard,1,0,3.60,3.60,3.60,ACTIVE,NONE,7700,0
2026-05-06 23:02:18.058,308.4226,,keyboard,1,0,3.60,3.60,3.60,ACTIVE,NONE,7710,0
2026-05-06 23:02:18.459,308.8229,,keyboard,1,0,3.60,3.60,3.60,ACTIVE,NONE,7720,0
2026-05-06 23:02:18.859,309.2229,,keyboard,1,0,3.60,3.60,3.60,ACTIVE,NONE,7730,0
2026-05-06 23:02:19.259,309.6229,,keyboard,1,0,3.60,3.60,3.60,ACTIVE,NONE,7740,0
2026-05-06 23:02:19.659,310.0229,,keyboard,1,0,3.60,3.60,3.60,ACTIVE,NONE,7750,0
2026-05-06 23:02:20.059,310.4230,,keyboard,1,0,3.60,3.60,3.60,ACTIVE,NONE,7760,0
2026-05-06 23:02:20.459,310.8232,,keyboard,1,0,3.60,3.60,3.60,ACTIVE,NONE,7770,0
2026-05-06 23:02:20.859,311.2229,,keyboard,1,0,3.60,3.60,3.60,ACTIVE,NONE,7780,0
2026-05-06 23:02:21.259,311.6230,,keyboard,1,0,3.60,3.60,3.60,ACTIVE,NONE,7790,0
2026-05-06 23:02:21.659,312.0233,,keyboard,1,0,3.60,3.60,3.60,ACTIVE,NONE,7800,0
2026-05-06 23:02:22.059,312.4230,,keyboard,1,0,3.60,3.60,3.60,ACTIVE,NONE,7810,0
2026-05-06 23:02:22.459,312.8234,,keyboard,1,0,3.60,3.60,3.60,ACTIVE,NONE,7820,0
2026-05-06 23:02:22.859,313.2232,,keyboard,1,0,3.60,3.60,3.60,ACTIVE,NONE,7830,0
2026-05-06 23:02:23.259,313.6232,,keyboard,1,0,3.60,3.60,3.60,ACTIVE,NONE,7840,0
2026-05-06 23:02:23.659,314.0233,,keyboard,1,0,3.60,3.60,3.60,ACTIVE,NONE,7850,0
2026-05-06 23:02:24.059,314.4232,,keyboard,1,0,3.60,3.60,3.60,ACTIVE,NONE,7860,0
2026-05-06 23:02:24.459,314.8233,,keyboard,1,0,3.60,3.60,3.60,ACTIVE,NONE,7870,0
2026-05-06 23:02:24.859,315.2235,,keyboard,1,0,3.60,3.60,3.60,ACTIVE,NONE,7880,0
2026-05-06 23:02:25.259,315.6234,,keyboard,1,0,3.60,3.60,3.60,ACTIVE,NONE,7890,0
2026-05-06 23:02:25.659,316.0234,,keyboard,1,0,3.60,3.60,3.60,ACTIVE,NONE,7900,0
2026-05-06 23:02:26.060,316.4235,,keyboard,1,0,3.60,3.60,3.60,ACTIVE,NONE,7910,0
2026-05-06 23:02:26.460,316.8236,,keyboard,1,0,3.60,3.60,3.60,ACTIVE,NONE,7920,0
2026-05-06 23:02:26.860,317.2235,,keyboard,1,0,3.60,3.60,3.60,ACTIVE,NONE,7930,0
2026-05-06 23:02:27.260,317.6236,,keyboard,1,0,3.60,3.60,3.60,ACTIVE,NONE,7940,0
2026-05-06 23:02:27.660,318.0237,,keyboard,1,0,3.60,3.60,3.60,ACTIVE,NONE,7950,0
2026-05-06 23:02:28.060,318.4236,,keyboard,1,0,3.60,3.60,3.60,ACTIVE,NONE,7960,0
2026-05-06 23:02:28.460,318.8236,,keyboard,1,0,3.60,3.60,3.60,ACTIVE,NONE,7970,0
2026-05-06 23:02:28.860,319.2239,,keyboard,1,0,3.60,3.60,3.60,ACTIVE,NONE,7980,0
2026-05-06 23:02:29.260,319.6240,,keyboard,1,0,3.60,3.60,3.60,ACTIVE,NONE,7990,0
2026-05-06 23:02:29.660,320.0239,,keyboard,1,0,3.60,3.60,3.60,ACTIVE,NONE,8000,0
2026-05-06 23:02:30.060,320.4237,,keyboard,1,0,3.60,3.60,3.60,ACTIVE,NONE,8010,0
2026-05-06 23:02:30.460,320.8238,,keyboard,1,0,3.60,3.60,3.60,ACTIVE,NONE,8020,0
2026-05-06 23:02:30.860,321.2240,,keyboard,1,0,3.60,3.60,3.60,ACTIVE,NONE,8030,0
2026-05-06 23:02:31.260,321.6237,,keyboard,1,0,3.60,3.60,3.60,ACTIVE,NONE,8040,0
2026-05-06 23:02:31.660,322.0239,,keyboard,1,0,3.60,3.60,3.60,ACTIVE,NONE,8050,0
2026-05-06 23:02:32.060,322.4238,,keyboard,1,0,3.60,3.60,3.60,ACTIVE,NONE,8060,0
2026-05-06 23:02:32.460,322.8239,,keyboard,1,0,3.60,3.60,3.60,ACTIVE,NONE,8070,0
2026-05-06 23:02:32.860,323.2239,,keyboard,1,0,3.60,3.60,3.60,ACTIVE,NONE,8080,0
2026-05-06 23:02:33.261,323.6240,,keyboard,1,0,3.60,3.60,3.60,ACTIVE,NONE,8090,0
2026-05-06 23:02:33.661,324.0241,,keyboard,1,0,3.60,3.60,3.60,ACTIVE,NONE,8100,0
2026-05-06 23:02:34.061,324.4240,,keyboard,1,0,3.60,3.60,3.60,ACTIVE,NONE,8110,0
2026-05-06 23:02:34.461,324.8240,,keyboard,1,0,3.60,3.60,3.60,ACTIVE,NONE,8120,0
2026-05-06 23:02:34.861,325.2246,,keyboard,1,0,3.60,3.60,3.60,ACTIVE,NONE,8130,0
2026-05-06 23:02:35.261,325.6244,,keyboard,1,0,3.60,3.60,3.60,ACTIVE,NONE,8140,0
2026-05-06 23:02:35.661,326.0243,,keyboard,1,0,3.60,3.60,3.60,ACTIVE,NONE,8150,0
2026-05-06 23:02:36.061,326.4245,,keyboard,1,0,3.60,3.60,3.60,ACTIVE,NONE,8160,0
2026-05-06 23:02:36.461,326.8245,,keyboard,1,0,3.60,3.60,3.60,ACTIVE,NONE,8170,0
2026-05-06 23:02:36.861,327.2245,,keyboard,1,0,3.60,3.60,3.60,ACTIVE,NONE,8180,0
2026-05-06 23:02:37.261,327.6245,,keyboard,1,0,3.60,3.60,3.60,ACTIVE,NONE,8190,0
2026-05-06 23:02:37.661,328.0245,,keyboard,1,0,3.60,3.60,3.60,ACTIVE,NONE,8200,0
2026-05-06 23:02:38.061,328.4245,,keyboard,1,0,3.60,3.60,3.60,ACTIVE,NONE,8210,0
2026-05-06 23:02:38.461,328.8246,,keyboard,1,0,3.60,3.60,3.60,ACTIVE,NONE,8220,0
2026-05-06 23:02:38.861,329.2246,,keyboard,1,0,3.60,3.60,3.60,ACTIVE,NONE,8230,0
2026-05-06 23:02:39.262,329.6248,,keyboard,1,0,3.60,3.60,3.60,ACTIVE,NONE,8240,0
2026-05-06 23:02:39.662,330.0247,,keyboard,1,0,3.60,3.60,3.60,ACTIVE,NONE,8250,0
2026-05-06 23:02:40.062,330.4247,,keyboard,1,0,3.60,3.60,3.60,ACTIVE,NONE,8260,0
2026-05-06 23:02:40.462,330.8248,,keyboard,1,0,3.60,3.60,3.60,ACTIVE,NONE,8270,0
2026-05-06 23:02:40.862,331.2247,,keyboard,1,0,3.60,3.60,3.60,ACTIVE,NONE,8280,0
2026-05-06 23:02:41.262,331.6247,,keyboard,1,0,3.60,3.60,3.60,ACTIVE,NONE,8290,0
2026-05-06 23:02:41.662,332.0249,,keyboard,1,0,3.60,3.60,3.60,ACTIVE,NONE,8300,0
2026-05-06 23:02:42.062,332.4248,,keyboard,1,0,3.60,3.60,3.60,ACTIVE,NONE,8310,0
2026-05-06 23:02:42.462,332.8249,,keyboard,1,0,3.60,3.60,3.60,ACTIVE,NONE,8320,0
2026-05-06 23:02:42.862,333.2250,,keyboard,1,0,3.60,3.60,3.60,ACTIVE,NONE,8330,0
2026-05-06 23:02:43.262,333.6250,,keyboard,1,0,3.60,3.60,3.60,ACTIVE,NONE,8340,0
2026-05-06 23:02:43.662,334.0251,,keyboard,1,0,3.60,3.60,3.60,ACTIVE,NONE,8350,0
2026-05-06 23:02:44.062,334.4249,,keyboard,1,0,3.60,3.60,3.60,ACTIVE,NONE,8360,0
2026-05-06 23:02:44.462,334.8249,,keyboard,1,0,3.60,3.60,3.60,ACTIVE,NONE,8370,0
2026-05-06 23:02:44.862,335.2252,,keyboard,1,0,3.60,3.60,3.60,ACTIVE,NONE,8380,0
2026-05-06 23:02:45.262,335.6250,,keyboard,1,0,3.60,3.60,3.60,ACTIVE,NONE,8390,0
2026-05-06 23:02:45.662,336.0251,,keyboard,1,0,3.60,3.60,3.60,ACTIVE,NONE,8400,0
2026-05-06 23:02:46.062,336.4250,,keyboard,1,0,3.60,3.60,3.60,ACTIVE,NONE,8410,0
2026-05-06 23:02:46.462,336.8251,,keyboard,1,0,3.60,3.60,3.60,ACTIVE,NONE,8420,0
2026-05-06 23:02:46.862,337.2252,,keyboard,1,0,3.60,3.60,3.60,ACTIVE,NONE,8430,0
2026-05-06 23:02:47.262,337.6251,,keyboard,1,0,3.60,3.60,3.60,ACTIVE,NONE,8440,0
2026-05-06 23:02:47.662,338.0252,,keyboard,1,0,3.60,3.60,3.60,ACTIVE,NONE,8450,0
2026-05-06 23:02:48.063,338.4252,,keyboard,1,0,3.60,3.60,3.60,ACTIVE,NONE,8460,0
2026-05-06 23:02:48.463,338.8252,,keyboard,1,0,3.60,3.60,3.60,ACTIVE,NONE,8470,0
2026-05-06 23:02:48.863,339.2253,,keyboard,1,0,3.60,3.60,3.60,ACTIVE,NONE,8480,0
2026-05-06 23:02:49.263,339.6253,,keyboard,1,0,3.60,3.60,3.60,ACTIVE,NONE,8490,0
2026-05-06 23:02:49.663,340.0253,,keyboard,1,0,3.60,3.60,3.60,ACTIVE,NONE,8500,0
2026-05-06 23:02:50.063,340.4253,,keyboard,1,0,3.60,3.60,3.60,ACTIVE,NONE,8510,0
2026-05-06 23:02:50.463,340.8253,,keyboard,1,0,3.60,3.60,3.60,ACTIVE,NONE,8520,0
2026-05-06 23:02:50.863,341.2254,,keyboard,1,0,3.60,3.60,3.60,ACTIVE,NONE,8530,0
2026-05-06 23:02:51.263,341.6254,,keyboard,1,0,3.60,3.60,3.60,ACTIVE,NONE,8540,0
2026-05-06 23:02:51.663,342.0255,,keyboard,1,0,3.60,3.60,3.60,ACTIVE,NONE,8550,0
2026-05-06 23:02:52.063,342.4254,,keyboard,1,0,3.60,3.60,3.60,ACTIVE,NONE,8560,0
2026-05-06 23:02:52.463,342.8255,,keyboard,1,0,3.60,3.60,3.60,ACTIVE,NONE,8570,0
2026-05-06 23:02:52.863,343.2255,,keyboard,1,0,3.60,3.60,3.60,ACTIVE,NONE,8580,0
2026-05-06 23:02:53.263,343.6255,,keyboard,1,0,3.60,3.60,3.60,ACTIVE,NONE,8590,0
2026-05-06 23:02:53.663,344.0256,,keyboard,1,0,3.60,3.60,3.60,ACTIVE,NONE,8600,0
2026-05-06 23:02:54.063,344.4257,,keyboard,1,0,3.60,3.60,3.60,ACTIVE,NONE,8610,0
2026-05-06 23:02:54.463,344.8257,,keyboard,1,0,3.60,3.60,3.60,ACTIVE,NONE,8620,0
2026-05-06 23:02:54.863,345.2257,,keyboard,1,0,3.60,3.60,3.60,ACTIVE,NONE,8630,0
2026-05-06 23:02:55.264,345.6258,,keyboard,1,0,3.60,3.60,3.60,ACTIVE,NONE,8640,0
2026-05-06 23:02:55.664,346.0258,,keyboard,1,0,3.60,3.60,3.60,ACTIVE,NONE,8650,0
2026-05-06 23:02:56.064,346.4258,,keyboard,1,0,3.60,3.60,3.60,ACTIVE,NONE,8660,0
2026-05-06 23:02:56.464,346.8259,,keyboard,1,0,3.60,3.60,3.60,ACTIVE,NONE,8670,0
2026-05-06 23:02:56.864,347.2261,,keyboard,1,0,3.60,3.60,3.60,ACTIVE,NONE,8680,0
2026-05-06 23:02:57.264,347.6259,,keyboard,1,0,3.60,3.60,3.60,ACTIVE,NONE,8690,0
2026-05-06 23:02:57.664,348.0265,,keyboard,1,0,3.60,3.60,3.60,ACTIVE,NONE,8700,0
2026-05-06 23:02:58.064,348.4265,,keyboard,1,0,3.60,3.60,3.60,ACTIVE,NONE,8710,0
2026-05-06 23:02:58.464,348.8265,,keyboard,1,0,3.60,3.60,3.60,ACTIVE,NONE,8720,0
2026-05-06 23:02:58.865,349.2266,,keyboard,1,0,3.60,3.60,3.60,ACTIVE,NONE,8730,0
2026-05-06 23:02:59.265,349.6267,,keyboard,1,0,3.60,3.60,3.60,ACTIVE,NONE,8740,0
2026-05-06 23:02:59.664,350.0265,,keyboard,1,0,3.60,3.60,3.60,ACTIVE,NONE,8750,0
2026-05-06 23:03:00.065,350.4266,,keyboard,1,0,3.60,3.60,3.60,ACTIVE,NONE,8760,0
2026-05-06 23:03:00.465,350.8266,,keyboard,1,0,3.60,3.60,3.60,ACTIVE,NONE,8770,0
2026-05-06 23:03:00.865,351.2267,,keyboard,1,0,3.60,3.60,3.60,ACTIVE,NONE,8780,0
2026-05-06 23:03:01.265,351.6267,,keyboard,1,0,3.60,3.60,3.60,ACTIVE,NONE,8790,0
2026-05-06 23:03:01.665,352.0270,,keyboard,1,0,3.60,3.60,3.60,ACTIVE,NONE,8800,0
2026-05-06 23:03:02.065,352.4270,,keyboard,1,0,3.60,3.60,3.60,ACTIVE,NONE,8810,0
2026-05-06 23:03:02.465,352.8270,,keyboard,1,0,3.60,3.60,3.60,ACTIVE,NONE,8820,0
2026-05-06 23:03:02.865,353.2270,,keyboard,1,0,3.60,3.60,3.60,ACTIVE,NONE,8830,0
2026-05-06 23:03:03.265,353.6272,,keyboard,1,0,3.60,3.60,3.60,ACTIVE,NONE,8840,0
2026-05-06 23:03:03.665,354.0271,,keyboard,1,0,3.60,3.60,3.60,ACTIVE,NONE,8850,0
2026-05-06 23:03:04.065,354.4271,,keyboard,1,0,3.60,3.60,3.60,ACTIVE,NONE,8860,0
2026-05-06 23:03:04.465,354.8271,,keyboard,1,0,3.60,3.60,3.60,ACTIVE,NONE,8870,0
2026-05-06 23:03:04.865,355.2272,,keyboard,1,0,3.60,3.60,3.60,ACTIVE,NONE,8880,0
2026-05-06 23:03:05.265,355.6272,,keyboard,1,0,3.60,3.60,3.60,ACTIVE,NONE,8890,0
2026-05-06 23:03:05.666,356.0276,,keyboard,1,0,3.60,3.60,3.60,ACTIVE,NONE,8900,0
2026-05-06 23:03:06.066,356.4273,,keyboard,1,0,3.60,3.60,3.60,ACTIVE,NONE,8910,0
2026-05-06 23:03:06.466,356.8273,,keyboard,1,0,3.60,3.60,3.60,ACTIVE,NONE,8920,0
2026-05-06 23:03:06.866,357.2273,,keyboard,1,0,3.60,3.60,3.60,ACTIVE,NONE,8930,0
2026-05-06 23:03:07.266,357.6276,,keyboard,1,0,3.60,3.60,3.60,ACTIVE,NONE,8940,0
2026-05-06 23:03:07.666,358.0276,,keyboard,1,0,3.60,3.60,3.60,ACTIVE,NONE,8950,0
2026-05-06 23:03:08.066,358.4276,,keyboard,1,0,3.60,3.60,3.60,ACTIVE,NONE,8960,0
2026-05-06 23:03:08.466,358.8277,,keyboard,1,0,3.60,3.60,3.60,ACTIVE,NONE,8970,0
2026-05-06 23:03:08.866,359.2277,,keyboard,1,0,3.60,3.60,3.60,ACTIVE,NONE,8980,0
2026-05-06 23:03:09.266,359.6278,,keyboard,1,0,3.60,3.60,3.60,ACTIVE,NONE,8990,0
2026-05-06 23:03:09.666,360.0278,,keyboard,1,0,3.60,3.60,3.60,ACTIVE,NONE,9000,0
2026-05-06 23:03:10.066,360.4279,,keyboard,1,0,3.60,3.60,3.60,ACTIVE,NONE,9010,0
2026-05-06 23:03:10.466,360.8279,,keyboard,1,0,3.60,3.60,3.60,ACTIVE,NONE,9020,0
2026-05-06 23:03:10.867,361.2279,,keyboard,1,0,3.60,3.60,3.60,ACTIVE,NONE,9030,0
2026-05-06 23:03:11.267,361.6279,,keyboard,1,0,3.60,3.60,3.60,ACTIVE,NONE,9040,0
2026-05-06 23:03:11.667,362.0280,,keyboard,1,0,3.60,3.60,3.60,ACTIVE,NONE,9050,0
2026-05-06 23:03:12.067,362.4281,,keyboard,1,0,3.60,3.60,3.60,ACTIVE,NONE,9060,0
2026-05-06 23:03:12.467,362.8280,,keyboard,1,0,-5.40,-1.59,2.40,ACTIVE,NONE,9070,0
2026-05-06 23:03:12.867,363.2281,,keyboard,1,0,-19.80,-15.33,-10.20,ACTIVE,NONE,9080,0
2026-05-06 23:03:13.267,363.6282,,keyboard,1,0,-20.40,-20.15,-19.20,ACTIVE,NONE,9090,0
2026-05-06 23:03:13.667,364.0281,,keyboard,1,0,-20.40,-20.39,-20.10,ACTIVE,NONE,9100,0
2026-05-06 23:03:14.067,364.4282,,keyboard,1,0,-20.40,-20.40,-20.20,ACTIVE,NONE,9110,0
2026-05-06 23:03:14.467,364.8282,,keyboard,1,0,-20.40,-20.40,-20.20,ACTIVE,NONE,9120,0
2026-05-06 23:03:14.867,365.2282,,keyboard,1,0,-20.40,-20.40,-20.20,ACTIVE,NONE,9130,0
2026-05-06 23:03:15.267,365.6282,,keyboard,1,0,-20.40,-20.40,-20.20,ACTIVE,NONE,9140,0
2026-05-06 23:03:15.667,366.0283,,keyboard,1,0,-20.40,-20.40,-20.20,ACTIVE,NONE,9150,0
2026-05-06 23:03:16.067,366.4284,,keyboard,1,0,-28.20,-24.58,-21.30,ACTIVE,NONE,9160,0
2026-05-06 23:03:16.467,366.8284,,keyboard,1,0,-42.60,-38.14,-33.10,ACTIVE,NONE,9170,0
2026-05-06 23:03:16.867,367.2284,,keyboard,1,0,-48.00,-47.31,-45.40,ACTIVE,NONE,9180,0
2026-05-06 23:03:17.267,367.6284,,keyboard,1,0,-48.00,-47.97,-47.70,ACTIVE,NONE,9190,0
2026-05-06 23:03:17.667,368.0284,,keyboard,1,0,-48.00,-48.00,-47.90,ACTIVE,NONE,9200,0
2026-05-06 23:03:18.067,368.4284,,keyboard,1,0,-48.00,-48.00,-47.90,ACTIVE,NONE,9210,0
2026-05-06 23:03:18.468,368.8286,,keyboard,1,0,-48.00,-48.00,-47.90,ACTIVE,NONE,9220,0
2026-05-06 23:03:18.868,369.2286,,keyboard,1,0,-51.00,-48.91,-47.90,ACTIVE,NONE,9230,0
2026-05-06 23:03:19.268,369.6287,,keyboard,1,0,-60.00,-58.66,-55.90,ACTIVE,NONE,9240,0
2026-05-06 23:03:19.668,370.0287,,keyboard,1,0,-60.00,-59.93,-59.50,ACTIVE,NONE,9250,0
2026-05-06 23:03:20.068,370.4286,,keyboard,1,0,-60.00,-60.00,-59.80,ACTIVE,NONE,9260,0
2026-05-06 23:03:20.468,370.8287,,keyboard,1,0,-60.00,-60.00,-59.80,ACTIVE,NONE,9270,0
2026-05-06 23:03:20.868,371.2287,,keyboard,1,0,-60.00,-60.00,-59.90,ACTIVE,NONE,9280,0
2026-05-06 23:03:21.268,371.6288,,keyboard,1,0,-60.00,-60.00,-59.90,ACTIVE,NONE,9290,0
2026-05-06 23:03:21.668,372.0287,,keyboard,1,0,-60.00,-60.00,-59.90,ACTIVE,NONE,9300,0
2026-05-06 23:03:22.068,372.4288,,keyboard,1,0,-60.00,-60.00,-59.80,ACTIVE,NONE,9310,0
2026-05-06 23:03:22.468,372.8289,,keyboard,1,0,-60.00,-60.00,-59.90,ACTIVE,NONE,9320,0
2026-05-06 23:03:22.868,373.2290,,keyboard,1,0,-60.00,-60.00,-59.90,ACTIVE,NONE,9330,0
2026-05-06 23:03:23.268,373.6290,,keyboard,1,0,-60.00,-60.00,-59.80,ACTIVE,NONE,9340,0
2026-05-06 23:03:23.668,374.0291,,keyboard,1,0,-58.20,-59.61,-59.80,ACTIVE,NONE,9350,0
2026-05-06 23:03:24.068,374.4291,,keyboard,1,0,-43.80,-48.15,-53.10,ACTIVE,NONE,9360,0
2026-05-06 23:03:24.468,374.8291,,keyboard,1,0,-29.40,-33.89,-39.10,ACTIVE,NONE,9370,0
2026-05-06 23:03:24.869,375.2293,,keyboard,1,0,-15.00,-19.50,-24.80,ACTIVE,NONE,9380,0
2026-05-06 23:03:25.269,375.6291,,keyboard,1,0,-0.60,-5.10,-10.50,ACTIVE,NONE,9390,0
2026-05-06 23:03:25.669,376.0294,,keyboard,1,0,6.00,5.12,2.70,ACTIVE,NONE,9400,0
2026-05-06 23:03:26.069,376.4292,,keyboard,1,0,6.00,5.96,5.60,ACTIVE,NONE,9410,0
2026-05-06 23:03:26.469,376.8293,,keyboard,1,0,6.00,6.00,5.90,ACTIVE,NONE,9420,0
2026-05-06 23:03:26.869,377.2293,,keyboard,1,0,6.00,6.00,5.90,ACTIVE,NONE,9430,0
2026-05-06 23:03:27.269,377.6294,,keyboard,1,0,6.00,6.00,5.90,ACTIVE,NONE,9440,0
2026-05-06 23:03:27.669,378.0295,,keyboard,1,0,10.20,7.57,6.00,ACTIVE,NONE,9450,0
2026-05-06 23:03:28.069,378.4296,,keyboard,1,0,24.60,20.19,15.10,ACTIVE,NONE,9460,0
2026-05-06 23:03:28.469,378.8295,,keyboard,1,0,39.00,34.50,29.00,ACTIVE,NONE,9470,0
2026-05-06 23:03:28.869,379.2295,,keyboard,1,0,49.20,47.33,43.30,ACTIVE,NONE,9480,0
2026-05-06 23:03:29.269,379.6296,,keyboard,1,0,49.20,49.11,48.50,ACTIVE,NONE,9490,0
2026-05-06 23:03:29.669,380.0296,,keyboard,1,0,49.20,49.20,49.00,ACTIVE,NONE,9500,0
2026-05-06 23:03:30.069,380.4295,,keyboard,1,0,49.20,49.20,49.10,ACTIVE,NONE,9510,0
2026-05-06 23:03:30.469,380.8297,,keyboard,1,0,49.20,49.20,49.10,ACTIVE,NONE,9520,0
2026-05-06 23:03:30.869,381.2296,,keyboard,1,0,49.20,49.20,49.10,ACTIVE,NONE,9530,0
2026-05-06 23:03:31.269,381.6297,,keyboard,1,0,49.20,49.20,49.10,ACTIVE,NONE,9540,0
2026-05-06 23:03:31.650,382.0106,,keyboard,1,0,59.40,55.44,51.80,ACTIVE,NONE,9550,0
2026-05-06 23:03:32.070,382.4299,,keyboard,1,0,60.00,59.80,58.90,ACTIVE,NONE,9560,0
2026-05-06 23:03:32.450,382.8105,,keyboard,1,0,60.00,59.99,59.70,ACTIVE,NONE,9570,0
2026-05-06 23:03:32.850,383.2103,,keyboard,1,0,60.00,60.00,59.80,ACTIVE,NONE,9580,0
2026-05-06 23:03:33.250,383.6104,,keyboard,1,0,60.00,60.00,59.80,ACTIVE,NONE,9590,0
2026-05-06 23:03:33.650,384.0104,,keyboard,1,0,60.00,60.00,59.80,ACTIVE,NONE,9600,0
2026-05-06 23:03:34.050,384.4106,,keyboard,1,0,60.00,60.00,59.80,ACTIVE,NONE,9610,0
2026-05-06 23:03:34.470,384.8300,,keyboard,1,0,60.00,60.00,59.80,ACTIVE,NONE,9620,0
2026-05-06 23:03:34.850,385.2105,,keyboard,1,0,60.00,60.00,59.80,ACTIVE,NONE,9630,0
2026-05-06 23:03:35.250,385.6104,,keyboard,1,0,60.00,60.00,59.80,ACTIVE,NONE,9640,0
2026-05-06 23:03:35.651,386.0106,,keyboard,1,0,60.00,60.00,59.80,ACTIVE,NONE,9650,0
2026-05-06 23:03:36.050,386.4105,,keyboard,1,0,60.00,60.00,59.80,ACTIVE,NONE,9660,0
2026-05-06 23:03:36.451,386.8106,,keyboard,1,0,60.00,60.00,59.80,ACTIVE,NONE,9670,0
2026-05-06 23:03:36.851,387.2105,,keyboard,1,0,54.00,57.21,59.60,ACTIVE,NONE,9680,0
2026-05-06 23:03:37.251,387.6106,,keyboard,1,0,39.60,44.04,48.70,ACTIVE,NONE,9690,0
2026-05-06 23:03:37.651,388.0108,,keyboard,1,0,28.20,30.60,34.50,ACTIVE,NONE,9700,0
2026-05-06 23:03:38.051,388.4107,,keyboard,1,0,28.20,28.32,28.70,ACTIVE,NONE,9710,0
2026-05-06 23:03:38.451,388.8107,,keyboard,1,0,28.20,28.21,28.20,ACTIVE,NONE,9720,0
2026-05-06 23:03:38.851,389.2113,,keyboard,1,0,28.20,28.20,28.10,ACTIVE,NONE,9730,0
2026-05-06 23:03:39.251,389.6108,,keyboard,1,0,28.20,28.20,28.10,ACTIVE,NONE,9740,0
2026-05-06 23:03:39.651,390.0111,,keyboard,1,0,18.60,22.49,25.70,ACTIVE,NONE,9750,0
2026-05-06 23:03:40.051,390.4113,,keyboard,1,0,4.20,8.67,13.20,ACTIVE,NONE,9760,0
2026-05-06 23:03:40.451,390.8110,,keyboard,1,0,-10.20,-5.70,-1.00,ACTIVE,NONE,9770,0
2026-05-06 23:03:40.851,391.2112,,keyboard,1,0,-10.20,-9.98,-9.10,ACTIVE,NONE,9780,0
2026-05-06 23:03:41.251,391.6111,,keyboard,1,0,-10.20,-10.19,-10.10,ACTIVE,NONE,9790,0
2026-05-06 23:03:41.652,392.0115,,keyboard,1,0,-10.20,-10.20,-10.10,ACTIVE,NONE,9800,0
2026-05-06 23:03:42.052,392.4112,,keyboard,1,0,-10.20,-10.20,-10.20,ACTIVE,NONE,9810,0
2026-05-06 23:03:42.452,392.8114,,keyboard,1,0,-22.20,-18.07,-14.30,ACTIVE,NONE,9820,0
2026-05-06 23:03:42.852,393.2115,,keyboard,1,0,-36.60,-32.12,-27.40,ACTIVE,NONE,9830,0
2026-05-06 23:03:43.252,393.6113,,keyboard,1,0,-51.00,-46.50,-41.70,ACTIVE,NONE,9840,0
2026-05-06 23:03:43.652,394.0117,,keyboard,1,0,-51.60,-51.35,-50.30,ACTIVE,NONE,9850,0
2026-05-06 23:03:44.052,394.4114,,keyboard,1,0,-51.60,-51.59,-51.40,ACTIVE,NONE,9860,0
2026-05-06 23:03:44.452,394.8116,,keyboard,1,0,-51.60,-51.60,-51.40,ACTIVE,NONE,9870,0
2026-05-06 23:03:44.852,395.2113,,keyboard,1,0,-60.00,-57.10,-54.00,ACTIVE,NONE,9880,0
2026-05-06 23:03:45.252,395.6117,,keyboard,1,0,-60.00,-59.86,-59.20,ACTIVE,NONE,9890,0
2026-05-06 23:03:45.652,396.0117,,keyboard,1,0,-60.00,-59.99,-59.80,ACTIVE,NONE,9900,0
2026-05-06 23:03:46.052,396.4114,,keyboard,1,0,-60.00,-60.00,-59.80,ACTIVE,NONE,9910,0
2026-05-06 23:03:46.452,396.8116,,keyboard,1,0,-60.00,-60.00,-59.80,ACTIVE,NONE,9920,0
2026-05-06 23:03:46.852,397.2116,,keyboard,1,0,-60.00,-60.00,-59.80,ACTIVE,NONE,9930,0
2026-05-06 23:03:47.252,397.6115,,keyboard,1,0,-60.00,-60.00,-59.80,ACTIVE,NONE,9940,0
2026-05-06 23:03:47.652,398.0117,,keyboard,1,0,-60.00,-60.00,-59.80,ACTIVE,NONE,9950,0
2026-05-06 23:03:48.052,398.4117,,keyboard,1,0,-60.00,-60.00,-59.80,ACTIVE,NONE,9960,0
2026-05-06 23:03:48.452,398.8118,,keyboard,1,0,-60.00,-60.00,-59.80,ACTIVE,NONE,9970,0
2026-05-06 23:03:48.853,399.2119,,keyboard,1,0,-60.00,-60.00,-59.80,ACTIVE,NONE,9980,0
2026-05-06 23:03:49.253,399.6118,,keyboard,1,0,-60.00,-60.00,-59.80,ACTIVE,NONE,9990,0
2026-05-06 23:03:49.653,400.0121,,keyboard,1,0,-60.00,-60.00,-59.80,ACTIVE,NONE,10000,0
2026-05-06 23:03:50.053,400.4120,,keyboard,1,0,0.00,-42.00,-49.50,ACTIVE,NONE,10010,0
2026-05-06 23:03:50.453,400.8120,,keyboard,1,0,0.00,-18.00,-25.90,ACTIVE,NONE,10020,0
2026-05-06 23:03:50.853,401.2123,,keyboard,1,0,0.00,-0.02,-2.90,ACTIVE,NONE,10030,0
2026-05-06 23:03:51.253,401.6121,,keyboard,1,0,0.00,-0.00,-0.40,ACTIVE,NONE,10040,0
2026-05-06 23:03:51.653,402.0121,,keyboard,1,0,0.00,-0.00,-0.10,ACTIVE,NONE,10050,0
2026-05-06 23:03:52.053,402.4124,,keyboard,1,0,0.00,-0.00,-0.10,ACTIVE,NONE,10060,0
2026-05-06 23:03:52.453,402.8121,,keyboard,1,0,0.00,-0.00,-0.10,ACTIVE,NONE,10070,0
2026-05-06 23:03:52.853,403.2123,,keyboard,1,0,0.00,-0.00,-0.10,ACTIVE,NONE,10080,0
2026-05-06 23:03:53.253,403.6122,,keyboard,1,0,0.00,-0.00,-0.10,ACTIVE,NONE,10090,0
2026-05-06 23:03:53.653,404.0122,,keyboard,1,0,0.00,-0.00,-0.10,ACTIVE,NONE,10100,0
2026-05-06 23:03:54.053,404.4123,,keyboard,1,0,0.00,-0.00,-0.10,ACTIVE,NONE,10110,0
2026-05-06 23:03:54.453,404.8123,,keyboard,1,0,0.00,-0.00,-0.10,ACTIVE,NONE,10120,0
2026-05-06 23:03:54.853,405.2125,,keyboard,1,0,0.00,-0.00,-0.10,ACTIVE,NONE,10130,0
2026-05-06 23:03:55.254,405.6125,,keyboard,1,0,0.00,-0.00,0.00,ACTIVE,NONE,10140,0
2026-05-06 23:03:55.654,406.0126,,keyboard,1,0,0.00,-0.00,0.00,ACTIVE,NONE,10150,0
2026-05-06 23:03:56.054,406.4126,,keyboard,1,0,0.00,-0.00,0.00,ACTIVE,NONE,10160,0
2026-05-06 23:03:56.454,406.8126,,keyboard,1,0,0.00,-0.00,0.00,ACTIVE,NONE,10170,0
2026-05-06 23:03:56.854,407.2126,,keyboard,1,0,0.00,-0.00,0.00,ACTIVE,NONE,10180,0
2026-05-06 23:03:57.254,407.6126,,keyboard,1,0,0.00,-0.00,0.00,ACTIVE,NONE,10190,0
2026-05-06 23:03:57.654,408.0127,,keyboard,1,0,0.00,-0.00,0.00,ACTIVE,NONE,10200,0
2026-05-06 23:03:58.054,408.4126,,keyboard,1,0,0.00,-0.00,0.00,ACTIVE,NONE,10210,0
2026-05-06 23:03:58.454,408.8133,,keyboard,1,0,0.00,-0.00,0.00,ACTIVE,NONE,10220,0
2026-05-06 23:03:58.854,409.2127,,keyboard,1,0,0.00,-0.00,0.00,ACTIVE,NONE,10230,0
2026-05-06 23:03:59.254,409.6127,,keyboard,1,0,0.00,-0.00,0.00,ACTIVE,NONE,10240,0
2026-05-06 23:03:59.654,410.0128,,keyboard,1,0,0.00,-0.00,0.00,ACTIVE,NONE,10250,0
2026-05-06 23:04:00.054,410.4128,,keyboard,1,0,0.00,-0.00,0.00,ACTIVE,NONE,10260,0
2026-05-06 23:04:00.455,410.8132,,keyboard,1,0,0.00,-0.00,0.00,ACTIVE,NONE,10270,0
2026-05-06 23:04:00.854,411.2131,,keyboard,1,0,0.00,-0.00,0.00,ACTIVE,NONE,10280,0
2026-05-06 23:04:01.254,411.6129,,keyboard,1,0,0.00,-0.00,0.00,ACTIVE,NONE,10290,0
2026-05-06 23:04:01.654,412.0130,,keyboard,1,0,0.00,-0.00,0.00,ACTIVE,NONE,10300,0
2026-05-06 23:04:02.054,412.4131,,keyboard,1,0,0.00,-0.00,0.00,ACTIVE,NONE,10310,0
2026-05-06 23:04:02.455,412.8132,,keyboard,1,0,0.00,-0.00,0.00,ACTIVE,NONE,10320,0
2026-05-06 23:04:02.855,413.2133,,keyboard,1,0,0.00,-0.00,0.00,ACTIVE,NONE,10330,0
2026-05-06 23:04:03.255,413.6131,,keyboard,1,0,0.00,-0.00,0.00,ACTIVE,NONE,10340,0
2026-05-06 23:04:03.655,414.0131,,keyboard,1,0,0.00,-0.00,0.00,ACTIVE,NONE,10350,0
2026-05-06 23:04:04.055,414.4132,,keyboard,1,0,0.00,-0.00,0.00,ACTIVE,NONE,10360,0
2026-05-06 23:04:04.455,414.8131,,keyboard,1,0,0.00,-0.00,0.00,ACTIVE,NONE,10370,0
2026-05-06 23:04:04.855,415.2134,,keyboard,1,0,0.00,-0.00,0.00,ACTIVE,NONE,10380,0
2026-05-06 23:04:05.255,415.6133,,keyboard,1,0,0.00,-0.00,0.00,ACTIVE,NONE,10390,0
2026-05-06 23:04:05.655,416.0134,,keyboard,1,0,0.00,-0.00,0.00,ACTIVE,NONE,10400,0
2026-05-06 23:04:06.055,416.4133,,keyboard,1,0,0.00,-0.00,0.00,ACTIVE,NONE,10410,0
2026-05-06 23:04:06.455,416.8133,,keyboard,1,0,0.00,-0.00,0.00,ACTIVE,NONE,10420,0
2026-05-06 23:04:06.855,417.2134,,keyboard,1,0,0.00,-0.00,0.00,ACTIVE,NONE,10430,0
2026-05-06 23:04:07.255,417.6135,,keyboard,1,0,0.00,-0.00,0.00,ACTIVE,NONE,10440,0
2026-05-06 23:04:07.655,418.0133,,keyboard,1,0,0.00,-0.00,0.00,ACTIVE,NONE,10450,0
2026-05-06 23:04:08.055,418.4135,,keyboard,1,0,0.00,-0.00,0.00,ACTIVE,NONE,10460,0
2026-05-06 23:04:08.455,418.8135,,keyboard,1,0,0.00,-0.00,0.00,ACTIVE,NONE,10470,0
2026-05-06 23:04:08.855,419.2136,,keyboard,1,0,0.00,-0.00,0.00,ACTIVE,NONE,10480,0
2026-05-06 23:04:09.255,419.6136,,keyboard,1,0,0.00,-0.00,0.00,ACTIVE,NONE,10490,0
2026-05-06 23:04:09.656,420.0138,,keyboard,1,0,0.00,-0.00,0.00,ACTIVE,NONE,10500,0
2026-05-06 23:04:10.055,420.4136,,keyboard,1,0,0.00,-0.00,0.00,ACTIVE,NONE,10510,0
2026-05-06 23:04:10.456,420.8138,,keyboard,1,0,0.00,-0.00,0.00,ACTIVE,NONE,10520,0
2026-05-06 23:04:10.856,421.2139,,keyboard,1,0,0.00,-0.00,0.00,ACTIVE,NONE,10530,0
2026-05-06 23:04:11.256,421.6138,,keyboard,1,0,0.00,-0.00,0.00,ACTIVE,NONE,10540,0
2026-05-06 23:04:11.656,422.0138,,keyboard,1,0,0.00,-0.00,0.00,ACTIVE,NONE,10550,0
2026-05-06 23:04:12.056,422.4138,,keyboard,1,0,0.00,-0.00,0.00,ACTIVE,NONE,10560,0
2026-05-06 23:04:12.456,422.8137,,keyboard,1,0,0.00,-0.00,0.00,ACTIVE,NONE,10570,0
2026-05-06 23:04:12.856,423.2141,,keyboard,1,0,0.00,-0.00,0.00,ACTIVE,NONE,10580,0
2026-05-06 23:04:13.256,423.6142,,keyboard,1,0,0.00,-0.00,0.00,ACTIVE,NONE,10590,0
2026-05-06 23:04:13.656,424.0143,,keyboard,1,0,0.00,-0.00,0.00,ACTIVE,NONE,10600,0
2026-05-06 23:04:14.057,424.4145,,keyboard,1,0,0.00,-0.00,0.00,ACTIVE,NONE,10610,0
2026-05-06 23:04:14.457,424.8145,,keyboard,1,0,0.00,-0.00,0.00,ACTIVE,NONE,10620,0
2026-05-06 23:04:14.857,425.2145,,keyboard,1,0,0.00,-0.00,0.00,ACTIVE,NONE,10630,0
2026-05-06 23:04:15.257,425.6146,,keyboard,1,0,0.00,-0.00,0.00,ACTIVE,NONE,10640,0
2026-05-06 23:04:15.657,426.0147,,keyboard,1,0,0.00,-0.00,0.00,ACTIVE,NONE,10650,0
2026-05-06 23:04:16.057,426.4147,,keyboard,1,0,0.00,-0.00,0.00,ACTIVE,NONE,10660,0
2026-05-06 23:04:16.457,426.8146,,keyboard,1,0,0.00,-0.00,0.00,ACTIVE,NONE,10670,0
2026-05-06 23:04:16.857,427.2147,,keyboard,1,0,0.00,-0.00,0.00,ACTIVE,NONE,10680,0
2026-05-06 23:04:17.257,427.6147,,keyboard,1,0,0.00,-0.00,0.00,ACTIVE,NONE,10690,0
2026-05-06 23:04:17.657,428.0149,,keyboard,1,0,0.00,-0.00,0.00,ACTIVE,NONE,10700,0
2026-05-06 23:04:18.057,428.4148,,keyboard,1,0,0.00,-0.00,0.00,ACTIVE,NONE,10710,0
2026-05-06 23:04:18.457,428.8148,,keyboard,1,0,0.00,-0.00,0.00,ACTIVE,NONE,10720,0
2026-05-06 23:04:18.857,429.2150,,keyboard,1,0,0.00,-0.00,0.00,ACTIVE,NONE,10730,0
2026-05-06 23:04:19.258,429.6156,,keyboard,1,0,0.00,-0.00,0.00,ACTIVE,NONE,10740,0
2026-05-06 23:04:19.657,430.0150,,keyboard,1,0,0.00,-0.00,0.00,ACTIVE,NONE,10750,0
2026-05-06 23:04:20.058,430.4156,,keyboard,1,0,0.00,-0.00,0.00,ACTIVE,NONE,10760,0
2026-05-06 23:04:20.457,430.8150,,keyboard,1,0,0.00,-0.00,0.00,ACTIVE,NONE,10770,0
2026-05-06 23:04:20.857,431.2150,,keyboard,1,0,0.00,-0.00,0.00,ACTIVE,NONE,10780,0
2026-05-06 23:04:21.257,431.6150,,keyboard,1,0,0.00,-0.00,0.00,ACTIVE,NONE,10790,0
2026-05-06 23:04:21.658,432.0152,,keyboard,1,0,0.00,-0.00,0.00,ACTIVE,NONE,10800,0
2026-05-06 23:04:22.058,432.4150,,keyboard,1,0,0.00,-0.00,0.00,ACTIVE,NONE,10810,0
2026-05-06 23:04:22.458,432.8151,,keyboard,1,0,0.00,-0.00,0.00,ACTIVE,NONE,10820,0
2026-05-06 23:04:22.858,433.2154,,keyboard,1,0,0.00,-0.00,0.00,ACTIVE,NONE,10830,0
2026-05-06 23:04:23.258,433.6153,,keyboard,1,0,0.00,-0.00,0.00,ACTIVE,NONE,10840,0
2026-05-06 23:04:23.658,434.0154,,keyboard,1,0,0.00,-0.00,0.00,ACTIVE,NONE,10850,0
2026-05-06 23:04:24.058,434.4153,,keyboard,1,0,0.00,-0.00,0.00,ACTIVE,NONE,10860,0
2026-05-06 23:04:24.458,434.8153,,keyboard,1,0,0.00,-0.00,0.00,ACTIVE,NONE,10870,0
2026-05-06 23:04:24.858,435.2154,,keyboard,1,0,0.00,-0.00,0.00,ACTIVE,NONE,10880,0
2026-05-06 23:04:25.258,435.6155,,keyboard,1,0,0.00,-0.00,0.00,ACTIVE,NONE,10890,0
2026-05-06 23:04:25.658,436.0156,,keyboard,1,0,0.00,-0.00,0.00,ACTIVE,NONE,10900,0
2026-05-06 23:04:26.059,436.4160,,keyboard,1,0,0.00,-0.00,0.00,ACTIVE,NONE,10910,0
2026-05-06 23:04:26.458,436.8157,,keyboard,1,0,0.00,-0.00,0.00,ACTIVE,NONE,10920,0
2026-05-06 23:04:26.858,437.2156,,keyboard,1,0,0.00,-0.00,0.00,ACTIVE,NONE,10930,0
2026-05-06 23:04:27.258,437.6156,,keyboard,1,0,0.00,-0.00,0.00,ACTIVE,NONE,10940,0
2026-05-06 23:04:27.659,438.0160,,keyboard,1,0,0.00,-0.00,0.00,ACTIVE,NONE,10950,0
2026-05-06 23:04:28.059,438.4161,,keyboard,1,0,0.00,-0.00,0.00,ACTIVE,NONE,10960,0
2026-05-06 23:04:28.459,438.8158,,keyboard,1,0,0.00,-0.00,0.00,ACTIVE,NONE,10970,0
2026-05-06 23:04:28.859,439.2158,,keyboard,1,0,0.00,-0.00,0.00,ACTIVE,NONE,10980,0
2026-05-06 23:04:29.259,439.6158,,keyboard,1,0,0.00,-0.00,0.00,ACTIVE,NONE,10990,0
2026-05-06 23:04:29.659,440.0158,,keyboard,1,0,0.00,-0.00,0.00,ACTIVE,NONE,11000,0
2026-05-06 23:04:30.059,440.4160,,keyboard,1,0,0.00,-0.00,0.00,ACTIVE,NONE,11010,0
2026-05-06 23:04:30.459,440.8159,,keyboard,1,0,0.00,-0.00,0.00,ACTIVE,NONE,11020,0
2026-05-06 23:04:30.859,441.2160,,keyboard,1,0,0.00,-0.00,0.00,ACTIVE,NONE,11030,0
2026-05-06 23:04:31.259,441.6160,,keyboard,1,0,0.00,-0.00,0.00,ACTIVE,NONE,11040,0
2026-05-06 23:04:31.659,442.0161,,keyboard,1,0,0.00,-0.00,0.00,ACTIVE,NONE,11050,0
2026-05-06 23:04:32.059,442.4161,,keyboard,1,0,0.00,-0.00,0.00,ACTIVE,NONE,11060,0
2026-05-06 23:04:32.459,442.8159,,keyboard,1,0,0.00,-0.00,0.00,ACTIVE,NONE,11070,0
2026-05-06 23:04:32.859,443.2162,,keyboard,1,0,0.00,-0.00,0.00,ACTIVE,NONE,11080,0
2026-05-06 23:04:33.260,443.6165,,keyboard,1,0,0.00,-0.00,0.00,ACTIVE,NONE,11090,0
2026-05-06 23:04:33.659,444.0163,,keyboard,1,0,0.00,-0.00,0.00,ACTIVE,NONE,11100,0
2026-05-06 23:04:34.059,444.4161,,keyboard,1,0,0.00,-0.00,0.00,ACTIVE,NONE,11110,0
2026-05-06 23:04:34.459,444.8163,,keyboard,1,0,0.00,-0.00,0.00,ACTIVE,NONE,11120,0
2026-05-06 23:04:34.859,445.2162,,keyboard,1,0,0.00,-0.00,0.00,ACTIVE,NONE,11130,0
2026-05-06 23:04:35.259,445.6163,,keyboard,1,0,0.00,-0.00,0.00,ACTIVE,NONE,11140,0
2026-05-06 23:04:35.660,446.0163,,keyboard,1,0,0.00,-0.00,0.00,ACTIVE,NONE,11150,0
2026-05-06 23:04:36.060,446.4164,,keyboard,1,0,0.00,-0.00,0.00,ACTIVE,NONE,11160,0
2026-05-06 23:04:36.460,446.8163,,keyboard,1,0,0.00,-0.00,0.00,ACTIVE,NONE,11170,0
2026-05-06 23:04:36.860,447.2164,,keyboard,1,0,0.00,-0.00,0.00,ACTIVE,NONE,11180,0
2026-05-06 23:04:37.260,447.6163,,keyboard,1,0,0.00,-0.00,0.00,ACTIVE,NONE,11190,0
2026-05-06 23:04:37.660,448.0166,,keyboard,1,0,0.00,-0.00,0.00,ACTIVE,NONE,11200,0
2026-05-06 23:04:38.060,448.4169,,keyboard,1,0,0.00,-0.00,0.00,ACTIVE,NONE,11210,0
2026-05-06 23:04:38.460,448.8165,,keyboard,1,0,0.00,-0.00,0.00,ACTIVE,NONE,11220,0
2026-05-06 23:04:38.860,449.2168,,keyboard,1,0,0.00,-0.00,0.00,ACTIVE,NONE,11230,0
2026-05-06 23:04:39.260,449.6168,,keyboard,1,0,0.00,-0.00,0.00,ACTIVE,NONE,11240,0
2026-05-06 23:04:39.660,450.0168,,keyboard,1,0,0.00,-0.00,0.00,ACTIVE,NONE,11250,0
2026-05-06 23:04:40.060,450.4169,,keyboard,1,0,0.00,-0.00,0.00,ACTIVE,NONE,11260,0
2026-05-06 23:04:40.460,450.8168,,keyboard,1,0,0.00,-0.00,0.00,ACTIVE,NONE,11270,0
2026-05-06 23:04:40.860,451.2169,,keyboard,1,0,0.00,-0.00,0.00,ACTIVE,NONE,11280,0
2026-05-06 23:04:41.260,451.6169,,keyboard,1,0,0.00,-0.00,0.00,ACTIVE,NONE,11290,0
2026-05-06 23:04:41.661,452.0172,,keyboard,1,0,0.00,-0.00,0.00,ACTIVE,NONE,11300,0
2026-05-06 23:04:42.061,452.4172,,keyboard,1,0,0.00,-0.00,0.00,ACTIVE,NONE,11310,0
2026-05-06 23:04:42.461,452.8173,,keyboard,1,0,0.00,-0.00,0.00,ACTIVE,NONE,11320,0
2026-05-06 23:04:42.861,453.2170,,keyboard,1,0,0.00,-0.00,0.00,ACTIVE,NONE,11330,0
2026-05-06 23:04:43.261,453.6171,,keyboard,1,0,0.00,-0.00,0.00,ACTIVE,NONE,11340,0
2026-05-06 23:04:43.661,454.0172,,keyboard,1,0,0.00,-0.00,0.00,ACTIVE,NONE,11350,0
2026-05-06 23:04:44.061,454.4173,,keyboard,1,0,0.00,-0.00,0.00,ACTIVE,NONE,11360,0
2026-05-06 23:04:44.461,454.8172,,keyboard,1,0,0.00,-0.00,0.00,ACTIVE,NONE,11370,0
2026-05-06 23:04:44.861,455.2175,,keyboard,1,0,0.00,-0.00,0.00,ACTIVE,NONE,11380,0
2026-05-06 23:04:45.261,455.6174,,keyboard,1,0,0.00,-0.00,0.00,ACTIVE,NONE,11390,0
2026-05-06 23:04:45.662,456.0177,,keyboard,1,0,0.00,-0.00,0.00,ACTIVE,NONE,11400,0
2026-05-06 23:04:46.062,456.4179,,keyboard,1,0,0.00,-0.00,0.00,ACTIVE,NONE,11410,0
2026-05-06 23:04:46.462,456.8179,,keyboard,1,0,0.00,-0.00,0.00,ACTIVE,NONE,11420,0
2026-05-06 23:04:46.862,457.2179,,keyboard,1,0,0.00,-0.00,0.00,ACTIVE,NONE,11430,0
2026-05-06 23:04:47.262,457.6178,,keyboard,1,0,0.00,-0.00,0.00,ACTIVE,NONE,11440,0
2026-05-06 23:04:47.662,458.0182,,keyboard,1,0,0.00,-0.00,0.00,ACTIVE,NONE,11450,0
2026-05-06 23:04:48.062,458.4181,,keyboard,1,0,0.00,-0.00,0.00,ACTIVE,NONE,11460,0
2026-05-06 23:04:48.462,458.8180,,keyboard,1,0,0.00,-0.00,0.00,ACTIVE,NONE,11470,0
2026-05-06 23:04:48.863,459.2186,,keyboard,1,0,0.00,-0.00,0.00,ACTIVE,NONE,11480,0
2026-05-06 23:04:49.262,459.6179,,keyboard,1,0,0.00,-0.00,0.00,ACTIVE,NONE,11490,0
2026-05-06 23:04:49.663,460.0185,,keyboard,1,0,0.00,-0.00,0.00,ACTIVE,NONE,11500,0
2026-05-06 23:04:50.062,460.4182,,keyboard,1,0,0.00,-0.00,0.00,ACTIVE,NONE,11510,0
2026-05-06 23:04:50.462,460.8180,,keyboard,1,0,0.00,-0.00,0.00,ACTIVE,NONE,11520,0
2026-05-06 23:04:50.862,461.2183,,keyboard,1,0,0.00,-0.00,0.00,ACTIVE,NONE,11530,0
2026-05-06 23:04:51.262,461.6181,,keyboard,1,0,0.00,-0.00,0.00,ACTIVE,NONE,11540,0
2026-05-06 23:04:51.662,462.0182,,keyboard,1,0,0.00,-0.00,0.00,ACTIVE,NONE,11550,0
2026-05-06 23:04:52.062,462.4181,,keyboard,1,0,0.00,-0.00,0.00,ACTIVE,NONE,11560,0
2026-05-06 23:04:52.462,462.8182,,keyboard,1,0,0.00,-0.00,0.00,ACTIVE,NONE,11570,0
2026-05-06 23:04:52.863,463.2183,,keyboard,1,0,0.00,-0.00,0.00,ACTIVE,NONE,11580,0
2026-05-06 23:04:53.262,463.6182,,keyboard,1,0,0.00,-0.00,0.00,ACTIVE,NONE,11590,0
2026-05-06 23:04:53.663,464.0183,,keyboard,1,0,0.00,-0.00,0.00,ACTIVE,NONE,11600,0
2026-05-06 23:04:54.063,464.4185,,keyboard,1,0,0.00,-0.00,0.00,ACTIVE,NONE,11610,0
2026-05-06 23:04:54.463,464.8185,,keyboard,1,0,0.00,-0.00,0.00,ACTIVE,NONE,11620,0
2026-05-06 23:04:54.863,465.2187,,keyboard,1,0,0.00,-0.00,0.00,ACTIVE,NONE,11630,0
2026-05-06 23:04:55.263,465.6184,,keyboard,1,0,0.00,-0.00,0.00,ACTIVE,NONE,11640,0
2026-05-06 23:04:55.663,466.0186,,keyboard,1,0,0.00,-0.00,0.00,ACTIVE,NONE,11650,0
2026-05-06 23:04:56.063,466.4185,,keyboard,1,0,0.00,-0.00,0.00,ACTIVE,NONE,11660,0
2026-05-06 23:04:56.463,466.8185,,keyboard,1,0,0.00,-0.00,0.00,ACTIVE,NONE,11670,0
2026-05-06 23:04:56.863,467.2185,,keyboard,1,0,0.00,-0.00,0.00,ACTIVE,NONE,11680,0
2026-05-06 23:04:57.263,467.6187,,keyboard,1,0,0.00,-0.00,0.00,ACTIVE,NONE,11690,0
2026-05-06 23:04:57.663,468.0187,,keyboard,1,0,0.00,-0.00,0.00,ACTIVE,NONE,11700,0
2026-05-06 23:04:58.063,468.4186,,keyboard,1,0,0.00,-0.00,0.00,ACTIVE,NONE,11710,0
2026-05-06 23:04:58.463,468.8186,,keyboard,1,0,0.00,-0.00,0.00,ACTIVE,NONE,11720,0
2026-05-06 23:04:58.863,469.2186,,keyboard,1,0,0.00,-0.00,0.00,ACTIVE,NONE,11730,0
2026-05-06 23:04:59.263,469.6189,,keyboard,1,0,0.00,-0.00,0.00,ACTIVE,NONE,11740,0
2026-05-06 23:04:59.664,470.0192,,keyboard,1,0,0.00,-0.00,0.00,ACTIVE,NONE,11750,0
2026-05-06 23:05:00.064,470.4189,,keyboard,1,0,0.00,-0.00,0.00,ACTIVE,NONE,11760,0
2026-05-06 23:05:00.464,470.8195,,keyboard,1,0,0.00,-0.00,0.00,ACTIVE,NONE,11770,0
2026-05-06 23:05:00.864,471.2189,,keyboard,1,0,0.00,-0.00,0.00,ACTIVE,NONE,11780,0
2026-05-06 23:05:01.264,471.6190,,keyboard,1,0,0.00,-0.00,0.00,ACTIVE,NONE,11790,0
2026-05-06 23:05:01.664,472.0190,,keyboard,1,0,0.00,-0.00,0.00,ACTIVE,NONE,11800,0
2026-05-06 23:05:02.064,472.4190,,keyboard,1,0,0.00,-0.00,0.00,ACTIVE,NONE,11810,0
2026-05-06 23:05:02.464,472.8191,,keyboard,1,0,0.00,-0.00,0.00,ACTIVE,NONE,11820,0
2026-05-06 23:05:02.864,473.2190,,keyboard,1,0,0.00,-0.00,0.00,ACTIVE,NONE,11830,0
2026-05-06 23:05:03.264,473.6191,,keyboard,1,0,0.00,-0.00,0.00,ACTIVE,NONE,11840,0
2026-05-06 23:05:03.664,474.0195,,keyboard,1,0,0.00,-0.00,0.00,ACTIVE,NONE,11850,0
2026-05-06 23:05:04.064,474.4194,,keyboard,1,0,0.00,-0.00,0.00,ACTIVE,NONE,11860,0
2026-05-06 23:05:04.464,474.8195,,keyboard,1,0,0.00,-0.00,0.00,ACTIVE,NONE,11870,0
2026-05-06 23:05:04.864,475.2193,,keyboard,1,0,0.00,-0.00,0.00,ACTIVE,NONE,11880,0
2026-05-06 23:05:05.264,475.6194,,keyboard,1,0,0.00,-0.00,0.00,ACTIVE,NONE,11890,0
2026-05-06 23:05:05.664,476.0195,,keyboard,1,0,0.00,-0.00,0.00,ACTIVE,NONE,11900,0
2026-05-06 23:05:06.064,476.4194,,keyboard,1,0,0.00,-0.00,0.00,ACTIVE,NONE,11910,0
2026-05-06 23:05:06.464,476.8194,,keyboard,1,0,0.00,-0.00,0.00,ACTIVE,NONE,11920,0
2026-05-06 23:05:06.864,477.2195,,keyboard,1,0,0.00,-0.00,0.00,ACTIVE,NONE,11930,0
2026-05-06 23:05:07.264,477.6194,,keyboard,1,0,0.00,-0.00,0.00,ACTIVE,NONE,11940,0
2026-05-06 23:05:07.665,478.0197,,keyboard,1,0,0.00,-0.00,0.00,ACTIVE,NONE,11950,0
2026-05-06 23:05:08.065,478.4195,,keyboard,1,0,0.00,-0.00,0.00,ACTIVE,NONE,11960,0
2026-05-06 23:05:08.465,478.8195,,keyboard,1,0,0.00,-0.00,0.00,ACTIVE,NONE,11970,0
2026-05-06 23:05:08.865,479.2201,,keyboard,1,0,0.00,-0.00,0.00,ACTIVE,NONE,11980,0
2026-05-06 23:05:09.265,479.6196,,keyboard,1,0,0.00,-0.00,0.00,ACTIVE,NONE,11990,0
2026-05-06 23:05:09.665,480.0202,,keyboard,1,0,0.00,-0.00,0.00,ACTIVE,NONE,12000,0
2026-05-06 23:05:10.065,480.4198,,keyboard,1,0,0.00,-0.00,0.00,ACTIVE,NONE,12010,0
2026-05-06 23:05:10.465,480.8199,,keyboard,1,0,0.00,-0.00,0.00,ACTIVE,NONE,12020,0
2026-05-06 23:05:10.865,481.2199,,keyboard,1,0,0.00,-0.00,0.00,ACTIVE,NONE,12030,0
2026-05-06 23:05:11.265,481.6199,,keyboard,1,0,0.00,-0.00,0.00,ACTIVE,NONE,12040,0
2026-05-06 23:05:11.665,482.0200,,keyboard,1,0,0.00,-0.00,0.00,ACTIVE,NONE,12050,0
2026-05-06 23:05:12.065,482.4198,,keyboard,1,0,0.00,-0.00,0.00,ACTIVE,NONE,12060,0
2026-05-06 23:05:12.465,482.8200,,keyboard,1,0,0.00,-0.00,0.00,ACTIVE,NONE,12070,0
2026-05-06 23:05:12.865,483.2200,,keyboard,1,0,0.00,-0.00,0.00,ACTIVE,NONE,12080,0
2026-05-06 23:05:13.265,483.6200,,keyboard,1,0,0.00,-0.00,0.00,ACTIVE,NONE,12090,0
2026-05-06 23:05:13.665,484.0200,,keyboard,1,0,0.00,-0.00,0.00,ACTIVE,NONE,12100,0
2026-05-06 23:05:14.065,484.4199,,keyboard,1,0,0.00,-0.00,0.00,ACTIVE,NONE,12110,0
2026-05-06 23:05:14.465,484.8199,,keyboard,1,0,0.00,-0.00,0.00,ACTIVE,NONE,12120,0
2026-05-06 23:05:14.865,485.2200,,keyboard,1,0,0.00,-0.00,0.00,ACTIVE,NONE,12130,0
2026-05-06 23:05:15.265,485.6200,,keyboard,1,0,0.00,-0.00,0.00,ACTIVE,NONE,12140,0
2026-05-06 23:05:15.666,486.0204,,keyboard,1,0,0.00,-0.00,0.00,ACTIVE,NONE,12150,0
2026-05-06 23:05:16.066,486.4204,,keyboard,1,0,0.00,-0.00,0.00,ACTIVE,NONE,12160,0
2026-05-06 23:05:16.466,486.8201,,keyboard,1,0,0.00,-0.00,0.00,ACTIVE,NONE,12170,0
2026-05-06 23:05:16.866,487.2206,,keyboard,1,0,0.00,-0.00,0.00,ACTIVE,NONE,12180,0
2026-05-06 23:05:17.266,487.6204,,keyboard,1,0,0.00,-0.00,0.00,ACTIVE,NONE,12190,0
2026-05-06 23:05:17.666,488.0206,,keyboard,1,0,0.00,-0.00,0.00,ACTIVE,NONE,12200,0
2026-05-06 23:05:18.066,488.4205,,keyboard,1,0,0.00,-0.00,0.00,ACTIVE,NONE,12210,0
2026-05-06 23:05:18.466,488.8206,,keyboard,1,0,0.00,-0.00,0.00,ACTIVE,NONE,12220,0
2026-05-06 23:05:18.866,489.2205,,keyboard,1,0,0.00,-0.00,0.00,ACTIVE,NONE,12230,0
2026-05-06 23:05:19.266,489.6205,,keyboard,1,0,0.00,-0.00,0.00,ACTIVE,NONE,12240,0
2026-05-06 23:05:19.667,490.0209,,keyboard,1,0,0.00,-0.00,0.00,ACTIVE,NONE,12250,0
2026-05-06 23:05:20.066,490.4205,,keyboard,1,0,0.00,-0.00,0.00,ACTIVE,NONE,12260,0
2026-05-06 23:05:20.466,490.8207,,keyboard,1,0,0.00,-0.00,0.00,ACTIVE,NONE,12270,0
2026-05-06 23:05:20.867,491.2210,,keyboard,1,0,0.00,-0.00,0.00,ACTIVE,NONE,12280,0
2026-05-06 23:05:21.267,491.6208,,keyboard,1,0,0.00,-0.00,0.00,ACTIVE,NONE,12290,0
2026-05-06 23:05:21.667,492.0208,,keyboard,1,0,0.00,-0.00,0.00,ACTIVE,NONE,12300,0
2026-05-06 23:05:22.067,492.4209,,keyboard,1,0,0.00,-0.00,0.00,ACTIVE,NONE,12310,0
2026-05-06 23:05:22.467,492.8211,,keyboard,1,0,0.00,-0.00,0.00,ACTIVE,NONE,12320,0
2026-05-06 23:05:22.867,493.2210,,keyboard,1,0,0.00,-0.00,0.00,ACTIVE,NONE,12330,0
2026-05-06 23:05:23.267,493.6210,,keyboard,1,0,0.00,-0.00,0.00,ACTIVE,NONE,12340,0
2026-05-06 23:05:23.667,494.0210,,keyboard,1,0,0.00,-0.00,0.00,ACTIVE,NONE,12350,0
2026-05-06 23:05:24.067,494.4213,,keyboard,1,0,0.00,-0.00,0.00,ACTIVE,NONE,12360,0
2026-05-06 23:05:24.467,494.8212,,keyboard,1,0,0.00,-0.00,0.00,ACTIVE,NONE,12370,0
2026-05-06 23:05:24.867,495.2211,,keyboard,1,0,0.00,-0.00,0.00,ACTIVE,NONE,12380,0
2026-05-06 23:05:25.267,495.6211,,keyboard,1,0,0.00,-0.00,0.00,ACTIVE,NONE,12390,0
2026-05-06 23:05:25.667,496.0213,,keyboard,1,0,0.00,-0.00,0.00,ACTIVE,NONE,12400,0
2026-05-06 23:05:26.067,496.4211,,keyboard,1,0,0.00,-0.00,0.00,ACTIVE,NONE,12410,0
2026-05-06 23:05:26.467,496.8212,,keyboard,1,0,0.00,-0.00,0.00,ACTIVE,NONE,12420,0
2026-05-06 23:05:26.867,497.2213,,keyboard,1,0,0.00,-0.00,0.00,ACTIVE,NONE,12430,0
2026-05-06 23:05:27.267,497.6213,,keyboard,1,0,0.00,-0.00,0.00,ACTIVE,NONE,12440,0
2026-05-06 23:05:27.667,498.0214,,keyboard,1,0,0.00,-0.00,0.00,ACTIVE,NONE,12450,0
2026-05-06 23:05:28.067,498.4213,,keyboard,1,0,0.00,-0.00,0.00,ACTIVE,NONE,12460,0
2026-05-06 23:05:28.468,498.8216,,keyboard,1,0,0.00,-0.00,0.00,ACTIVE,NONE,12470,0
2026-05-06 23:05:28.868,499.2214,,keyboard,1,0,0.00,-0.00,0.00,ACTIVE,NONE,12480,0
2026-05-06 23:05:29.268,499.6215,,keyboard,1,0,0.00,-0.00,0.00,ACTIVE,NONE,12490,0
2026-05-06 23:05:29.668,500.0215,,keyboard,1,0,0.00,-0.00,0.00,ACTIVE,NONE,12500,0
2026-05-06 23:05:30.068,500.4216,,keyboard,1,0,0.00,-0.00,0.00,ACTIVE,NONE,12510,0
2026-05-06 23:05:30.468,500.8217,,keyboard,1,0,0.00,-0.00,0.00,ACTIVE,NONE,12520,0
2026-05-06 23:05:30.868,501.2218,,keyboard,1,0,0.00,-0.00,0.00,ACTIVE,NONE,12530,0
2026-05-06 23:05:31.268,501.6219,,keyboard,1,0,0.00,-0.00,0.00,ACTIVE,NONE,12540,0
2026-05-06 23:05:31.668,502.0220,,keyboard,1,0,0.00,-0.00,0.00,ACTIVE,NONE,12550,0
2026-05-06 23:05:32.068,502.4220,,keyboard,1,0,0.00,-0.00,0.00,ACTIVE,NONE,12560,0
2026-05-06 23:05:32.468,502.8220,,keyboard,1,0,0.00,-0.00,0.00,ACTIVE,NONE,12570,0
2026-05-06 23:05:32.868,503.2219,,keyboard,1,0,0.00,-0.00,0.00,ACTIVE,NONE,12580,0
2026-05-06 23:05:33.268,503.6219,,keyboard,1,0,0.00,-0.00,0.00,ACTIVE,NONE,12590,0
2026-05-06 23:05:33.668,504.0220,,keyboard,1,0,0.00,-0.00,0.00,ACTIVE,NONE,12600,0
2026-05-06 23:05:34.069,504.4222,,keyboard,1,0,0.00,-0.00,0.00,ACTIVE,NONE,12610,0
2026-05-06 23:05:34.469,504.8221,,keyboard,1,0,0.00,-0.00,0.00,ACTIVE,NONE,12620,0
2026-05-06 23:05:34.869,505.2221,,keyboard,1,0,0.00,-0.00,0.00,ACTIVE,NONE,12630,0
2026-05-06 23:05:35.269,505.6222,,keyboard,1,0,0.00,-0.00,0.00,ACTIVE,NONE,12640,0
2026-05-06 23:05:35.669,506.0222,,keyboard,1,0,0.00,-0.00,0.00,ACTIVE,NONE,12650,0
2026-05-06 23:05:36.069,506.4223,,keyboard,1,0,0.00,-0.00,0.00,ACTIVE,NONE,12660,0
2026-05-06 23:05:36.469,506.8223,,keyboard,1,0,0.00,-0.00,0.00,ACTIVE,NONE,12670,0
2026-05-06 23:05:36.870,507.2231,,keyboard,1,0,0.00,-0.00,0.00,ACTIVE,NONE,12680,0
2026-05-06 23:05:37.269,507.6225,,keyboard,1,0,0.00,-0.00,0.00,ACTIVE,NONE,12690,0
2026-05-06 23:05:37.669,508.0224,,keyboard,1,0,0.00,-0.00,0.00,ACTIVE,NONE,12700,0
2026-05-06 23:05:38.069,508.4225,,keyboard,1,0,0.00,-0.00,0.00,ACTIVE,NONE,12710,0
2026-05-06 23:05:38.469,508.8225,,keyboard,1,0,0.00,-0.00,0.00,ACTIVE,NONE,12720,0
2026-05-06 23:05:38.869,509.2225,,keyboard,1,0,0.00,-0.00,0.00,ACTIVE,NONE,12730,0
2026-05-06 23:05:39.269,509.6227,,keyboard,1,0,0.00,-0.00,0.00,ACTIVE,NONE,12740,0
2026-05-06 23:05:39.669,510.0227,,keyboard,1,0,0.00,-0.00,0.00,ACTIVE,NONE,12750,0
2026-05-06 23:05:40.070,510.4227,,keyboard,1,0,0.00,-0.00,0.00,ACTIVE,NONE,12760,0
2026-05-06 23:05:40.470,510.8229,,keyboard,1,0,0.00,-0.00,0.00,ACTIVE,NONE,12770,0
2026-05-06 23:05:40.870,511.2228,,keyboard,1,0,0.00,-0.00,0.00,ACTIVE,NONE,12780,0
2026-05-06 23:05:41.270,511.6227,,keyboard,1,0,0.00,-0.00,0.00,ACTIVE,NONE,12790,0
2026-05-06 23:05:41.670,512.0229,,keyboard,1,0,0.00,-0.00,0.00,ACTIVE,NONE,12800,0
2026-05-06 23:05:42.070,512.4231,,keyboard,1,0,0.00,-0.00,0.00,ACTIVE,NONE,12810,0
2026-05-06 23:05:42.470,512.8231,,keyboard,1,0,0.00,-0.00,0.00,ACTIVE,NONE,12820,0
2026-05-06 23:05:42.870,513.2231,,keyboard,1,0,0.00,-0.00,0.00,ACTIVE,NONE,12830,0
2026-05-06 23:05:43.270,513.6230,,keyboard,1,0,0.00,-0.00,0.00,ACTIVE,NONE,12840,0
2026-05-06 23:05:43.670,514.0231,,keyboard,1,0,0.00,-0.00,0.00,ACTIVE,NONE,12850,0
2026-05-06 23:05:44.070,514.4232,,keyboard,1,0,0.00,-0.00,0.00,ACTIVE,NONE,12860,0
2026-05-06 23:05:44.470,514.8231,,keyboard,1,0,0.00,-0.00,0.00,ACTIVE,NONE,12870,0
2026-05-06 23:05:44.871,515.2236,,keyboard,1,0,0.00,-0.00,0.00,ACTIVE,NONE,12880,0
2026-05-06 23:05:45.270,515.6232,,keyboard,1,0,0.00,-0.00,0.00,ACTIVE,NONE,12890,0
2026-05-06 23:05:45.670,516.0233,,keyboard,1,0,0.00,-0.00,0.00,ACTIVE,NONE,12900,0
2026-05-06 23:05:46.070,516.4232,,keyboard,1,0,0.00,-0.00,0.00,ACTIVE,NONE,12910,0
2026-05-06 23:05:46.470,516.8233,,keyboard,1,0,0.00,-0.00,0.00,ACTIVE,NONE,12920,0
2026-05-06 23:05:46.871,517.2234,,keyboard,1,0,0.00,-0.00,0.00,ACTIVE,NONE,12930,0
2026-05-06 23:05:47.270,517.6233,,keyboard,1,0,0.00,-0.00,0.00,ACTIVE,NONE,12940,0
2026-05-06 23:05:47.671,518.0235,,keyboard,1,0,0.00,-0.00,0.00,ACTIVE,NONE,12950,0
2026-05-06 23:05:48.071,518.4233,,keyboard,1,0,0.00,-0.00,0.00,ACTIVE,NONE,12960,0
2026-05-06 23:05:48.471,518.8234,,keyboard,1,0,0.00,-0.00,0.00,ACTIVE,NONE,12970,0
2026-05-06 23:05:48.871,519.2235,,keyboard,1,0,0.00,-0.00,0.00,ACTIVE,NONE,12980,0
2026-05-06 23:05:49.271,519.6234,,keyboard,1,0,0.00,-0.00,0.00,ACTIVE,NONE,12990,0
2026-05-06 23:05:49.671,520.0236,,keyboard,1,0,0.00,-0.00,0.00,ACTIVE,NONE,13000,0
2026-05-06 23:05:50.071,520.4235,,keyboard,1,0,0.00,-0.00,0.00,ACTIVE,NONE,13010,0
2026-05-06 23:05:50.471,520.8235,,keyboard,1,0,0.00,-0.00,0.00,ACTIVE,NONE,13020,0
2026-05-06 23:05:50.871,521.2236,,keyboard,1,0,0.00,-0.00,0.00,ACTIVE,NONE,13030,0
2026-05-06 23:05:51.271,521.6236,,keyboard,1,0,0.00,-0.00,0.00,ACTIVE,NONE,13040,0
2026-05-06 23:05:51.671,522.0237,,keyboard,1,0,0.00,-0.00,0.00,ACTIVE,NONE,13050,0
2026-05-06 23:05:52.071,522.4237,,keyboard,1,0,0.00,-0.00,0.00,ACTIVE,NONE,13060,0
2026-05-06 23:05:52.471,522.8237,,keyboard,1,0,0.00,-0.00,0.00,ACTIVE,NONE,13070,0
2026-05-06 23:05:52.871,523.2237,,keyboard,1,0,0.00,-0.00,0.00,ACTIVE,NONE,13080,0
2026-05-06 23:05:53.271,523.6239,,keyboard,1,0,0.00,-0.00,0.00,ACTIVE,NONE,13090,0
2026-05-06 23:05:53.671,524.0239,,keyboard,1,0,0.00,-0.00,0.00,ACTIVE,NONE,13100,0
2026-05-06 23:05:54.071,524.4239,,keyboard,1,0,0.00,-0.00,0.00,ACTIVE,NONE,13110,0
2026-05-06 23:05:54.471,524.8239,,keyboard,1,0,0.00,-0.00,0.00,ACTIVE,NONE,13120,0
2026-05-06 23:05:54.871,525.2238,,keyboard,1,0,0.00,-0.00,0.00,ACTIVE,NONE,13130,0
2026-05-06 23:05:55.271,525.6239,,keyboard,1,0,0.00,-0.00,0.00,ACTIVE,NONE,13140,0
2026-05-06 23:05:55.672,526.0240,,keyboard,1,0,0.00,-0.00,0.00,ACTIVE,NONE,13150,0
2026-05-06 23:05:56.072,526.4240,,keyboard,1,0,0.00,-0.00,0.00,ACTIVE,NONE,13160,0
2026-05-06 23:05:56.472,526.8240,,keyboard,1,0,0.00,-0.00,0.00,ACTIVE,NONE,13170,0
2026-05-06 23:05:56.872,527.2240,,keyboard,1,0,0.00,-0.00,0.00,ACTIVE,NONE,13180,0
2026-05-06 23:05:57.272,527.6241,,keyboard,1,0,0.00,-0.00,0.00,ACTIVE,NONE,13190,0
2026-05-06 23:05:57.672,528.0241,,keyboard,1,0,0.00,-0.00,0.00,ACTIVE,NONE,13200,0
2026-05-06 23:05:58.072,528.4242,,keyboard,1,0,0.00,-0.00,0.00,ACTIVE,NONE,13210,0
2026-05-06 23:05:58.472,528.8243,,keyboard,1,0,0.00,-0.00,0.00,ACTIVE,NONE,13220,0
2026-05-06 23:05:58.872,529.2242,,keyboard,1,0,0.00,-0.00,0.00,ACTIVE,NONE,13230,0
2026-05-06 23:05:59.272,529.6242,,keyboard,1,0,0.00,-0.00,0.00,ACTIVE,NONE,13240,0
2026-05-06 23:05:59.672,530.0243,,keyboard,1,0,0.00,-0.00,0.00,ACTIVE,NONE,13250,0
2026-05-06 23:06:00.072,530.4243,,keyboard,1,0,0.00,-0.00,0.00,ACTIVE,NONE,13260,0
2026-05-06 23:06:00.472,530.8244,,keyboard,1,0,0.00,-0.00,0.00,ACTIVE,NONE,13270,0
2026-05-06 23:06:00.872,531.2244,,keyboard,1,0,0.00,-0.00,0.00,ACTIVE,NONE,13280,0
2026-05-06 23:06:01.272,531.6244,,keyboard,1,0,0.00,-0.00,0.00,ACTIVE,NONE,13290,0
2026-05-06 23:06:01.672,532.0245,,keyboard,1,0,0.00,-0.00,0.00,ACTIVE,NONE,13300,0
2026-05-06 23:06:02.073,532.4246,,keyboard,1,0,0.00,-0.00,0.00,ACTIVE,NONE,13310,0
2026-05-06 23:06:02.473,532.8245,,keyboard,1,0,0.00,-0.00,0.00,ACTIVE,NONE,13320,0
2026-05-06 23:06:02.873,533.2245,,keyboard,1,0,0.00,-0.00,0.00,ACTIVE,NONE,13330,0
2026-05-06 23:06:03.273,533.6246,,keyboard,1,0,0.00,-0.00,0.00,ACTIVE,NONE,13340,0
2026-05-06 23:06:03.673,534.0247,,keyboard,1,0,0.00,-0.00,0.00,ACTIVE,NONE,13350,0
2026-05-06 23:06:04.073,534.4247,,keyboard,1,0,0.00,-0.00,0.00,ACTIVE,NONE,13360,0
2026-05-06 23:06:04.473,534.8247,,keyboard,1,0,0.00,-0.00,0.00,ACTIVE,NONE,13370,0
2026-05-06 23:06:04.873,535.2248,,keyboard,1,0,0.00,-0.00,0.00,ACTIVE,NONE,13380,0
2026-05-06 23:06:05.273,535.6248,,keyboard,1,0,0.00,-0.00,0.00,ACTIVE,NONE,13390,0
2026-05-06 23:06:05.673,536.0249,,keyboard,1,0,0.00,-0.00,0.00,ACTIVE,NONE,13400,0
2026-05-06 23:06:06.073,536.4249,,keyboard,1,0,0.00,-0.00,0.00,ACTIVE,NONE,13410,0
2026-05-06 23:06:06.473,536.8249,,keyboard,1,0,0.00,-0.00,0.00,ACTIVE,NONE,13420,0
2026-05-06 23:06:06.873,537.2249,,keyboard,1,0,0.00,-0.00,0.00,ACTIVE,NONE,13430,0
2026-05-06 23:06:07.273,537.6249,,keyboard,1,0,0.00,-0.00,0.00,ACTIVE,NONE,13440,0
2026-05-06 23:06:07.673,538.0250,,keyboard,1,0,0.00,-0.00,0.00,ACTIVE,NONE,13450,0
2026-05-06 23:06:08.073,538.4249,,keyboard,1,0,0.00,-0.00,0.00,ACTIVE,NONE,13460,0
2026-05-06 23:06:08.473,538.8250,,keyboard,1,0,0.00,-0.00,0.00,ACTIVE,NONE,13470,0
2026-05-06 23:06:08.874,539.2252,,keyboard,1,0,0.00,-0.00,0.00,ACTIVE,NONE,13480,0
2026-05-06 23:06:09.273,539.6251,,keyboard,1,0,0.00,-0.00,0.00,ACTIVE,NONE,13490,0
2026-05-06 23:06:09.674,540.0252,,keyboard,1,0,0.00,-0.00,0.00,ACTIVE,NONE,13500,0
2026-05-06 23:06:10.074,540.4252,,keyboard,1,0,0.00,-0.00,0.00,ACTIVE,NONE,13510,0
2026-05-06 23:06:10.474,540.8253,,keyboard,1,0,0.00,-0.00,0.00,ACTIVE,NONE,13520,0
2026-05-06 23:06:10.874,541.2253,,keyboard,1,0,0.00,-0.00,0.00,ACTIVE,NONE,13530,0
2026-05-06 23:06:11.274,541.6254,,keyboard,1,0,0.00,-0.00,0.00,ACTIVE,NONE,13540,0
2026-05-06 23:06:11.674,542.0254,,keyboard,1,0,0.00,-0.00,0.00,ACTIVE,NONE,13550,0
2026-05-06 23:06:12.074,542.4255,,keyboard,1,0,0.00,-0.00,0.00,ACTIVE,NONE,13560,0
2026-05-06 23:06:12.474,542.8255,,keyboard,1,0,0.00,-0.00,0.00,ACTIVE,NONE,13570,0
2026-05-06 23:06:12.874,543.2256,,keyboard,1,0,0.00,-0.00,0.00,ACTIVE,NONE,13580,0
2026-05-06 23:06:13.274,543.6257,,keyboard,1,0,0.00,-0.00,0.00,ACTIVE,NONE,13590,0
2026-05-06 23:06:13.674,544.0256,,keyboard,1,0,0.00,-0.00,0.00,ACTIVE,NONE,13600,0
2026-05-06 23:06:14.074,544.4257,,keyboard,1,0,0.00,-0.00,0.00,ACTIVE,NONE,13610,0
2026-05-06 23:06:14.474,544.8257,,keyboard,1,0,0.00,-0.00,0.00,ACTIVE,NONE,13620,0
2026-05-06 23:06:14.874,545.2257,,keyboard,1,0,0.00,-0.00,0.00,ACTIVE,NONE,13630,0
2026-05-06 23:06:15.274,545.6257,,keyboard,1,0,0.00,-0.00,0.00,ACTIVE,NONE,13640,0
2026-05-06 23:06:15.675,546.0259,,keyboard,1,0,0.00,-0.00,0.00,ACTIVE,NONE,13650,0
2026-05-06 23:06:16.075,546.4260,,keyboard,1,0,0.00,-0.00,0.00,ACTIVE,NONE,13660,0
2026-05-06 23:06:16.475,546.8260,,keyboard,1,0,0.00,-0.00,0.00,ACTIVE,NONE,13670,0
2026-05-06 23:06:16.875,547.2259,,keyboard,1,0,0.00,-0.00,0.00,ACTIVE,NONE,13680,0
2026-05-06 23:06:17.275,547.6260,,keyboard,1,0,0.00,-0.00,0.00,ACTIVE,NONE,13690,0
2026-05-06 23:06:17.675,548.0259,,keyboard,1,0,0.00,-0.00,0.00,ACTIVE,NONE,13700,0
2026-05-06 23:06:18.075,548.4261,,keyboard,1,0,0.00,-0.00,0.00,ACTIVE,NONE,13710,0
2026-05-06 23:06:18.475,548.8260,,keyboard,1,0,0.00,-0.00,0.00,ACTIVE,NONE,13720,0
2026-05-06 23:06:18.875,549.2261,,keyboard,1,0,0.00,-0.00,0.00,ACTIVE,NONE,13730,0
2026-05-06 23:06:19.275,549.6260,,keyboard,1,0,0.00,-0.00,0.00,ACTIVE,NONE,13740,0
2026-05-06 23:06:19.675,550.0261,,keyboard,1,0,0.00,-0.00,0.00,ACTIVE,NONE,13750,0
2026-05-06 23:06:20.075,550.4261,,keyboard,1,0,0.00,-0.00,0.00,ACTIVE,NONE,13760,0
2026-05-06 23:06:20.475,550.8262,,keyboard,1,0,0.00,-0.00,0.00,ACTIVE,NONE,13770,0
2026-05-06 23:06:20.875,551.2262,,keyboard,1,0,0.00,-0.00,0.00,ACTIVE,NONE,13780,0
2026-05-06 23:06:21.275,551.6262,,keyboard,1,0,0.00,-0.00,0.00,ACTIVE,NONE,13790,0
2026-05-06 23:06:21.675,552.0263,,keyboard,1,0,0.00,-0.00,0.00,ACTIVE,NONE,13800,0
2026-05-06 23:06:22.075,552.4262,,keyboard,1,0,0.00,-0.00,0.00,ACTIVE,NONE,13810,0
2026-05-06 23:06:22.475,552.8264,,keyboard,1,0,0.00,-0.00,0.00,ACTIVE,NONE,13820,0
2026-05-06 23:06:22.876,553.2265,,keyboard,1,0,0.00,-0.00,0.00,ACTIVE,NONE,13830,0
2026-05-06 23:06:23.276,553.6264,,keyboard,1,0,0.00,-0.00,0.00,ACTIVE,NONE,13840,0
2026-05-06 23:06:23.676,554.0263,,keyboard,1,0,0.00,-0.00,0.00,ACTIVE,NONE,13850,0
2026-05-06 23:06:24.076,554.4264,,keyboard,1,0,0.00,-0.00,0.00,ACTIVE,NONE,13860,0
2026-05-06 23:06:24.476,554.8266,,keyboard,1,0,0.00,-0.00,0.00,ACTIVE,NONE,13870,0
2026-05-06 23:06:24.876,555.2266,,keyboard,1,0,0.00,-0.00,0.00,ACTIVE,NONE,13880,0
2026-05-06 23:06:25.276,555.6265,,keyboard,1,0,0.00,-0.00,0.00,ACTIVE,NONE,13890,0
2026-05-06 23:06:25.676,556.0266,,keyboard,1,0,0.00,-0.00,0.00,ACTIVE,NONE,13900,0
2026-05-06 23:06:26.076,556.4267,,keyboard,1,0,0.00,-0.00,0.00,ACTIVE,NONE,13910,0
2026-05-06 23:06:26.476,556.8268,,keyboard,1,0,0.00,-0.00,0.00,ACTIVE,NONE,13920,0
2026-05-06 23:06:26.876,557.2271,,keyboard,1,0,0.00,-0.00,0.00,ACTIVE,NONE,13930,0
2026-05-06 23:06:27.276,557.6271,,keyboard,1,0,0.00,-0.00,0.00,ACTIVE,NONE,13940,0
2026-05-06 23:06:27.676,558.0270,,keyboard,1,0,0.00,-0.00,0.00,ACTIVE,NONE,13950,0
2026-05-06 23:06:28.077,558.4271,,keyboard,1,0,0.00,-0.00,0.00,ACTIVE,NONE,13960,0
2026-05-06 23:06:28.477,558.8271,,keyboard,1,0,0.00,-0.00,0.00,ACTIVE,NONE,13970,0
2026-05-06 23:06:28.877,559.2272,,keyboard,1,0,0.00,-0.00,0.00,ACTIVE,NONE,13980,0
2026-05-06 23:06:29.277,559.6273,,keyboard,1,0,0.00,-0.00,0.00,ACTIVE,NONE,13990,0
2026-05-06 23:06:29.677,560.0273,,keyboard,1,0,0.00,-0.00,0.00,ACTIVE,NONE,14000,0
2026-05-06 23:06:30.077,560.4273,,keyboard,1,0,0.00,-0.00,0.00,ACTIVE,NONE,14010,0
2026-05-06 23:06:30.477,560.8274,,keyboard,1,0,0.00,-0.00,0.00,ACTIVE,NONE,14020,0
2026-05-06 23:06:30.877,561.2274,,keyboard,1,0,0.00,-0.00,0.00,ACTIVE,NONE,14030,0
2026-05-06 23:06:31.277,561.6274,,keyboard,1,0,0.00,-0.00,0.00,ACTIVE,NONE,14040,0
2026-05-06 23:06:31.677,562.0275,,keyboard,1,0,0.00,-0.00,0.00,ACTIVE,NONE,14050,0
2026-05-06 23:06:32.077,562.4273,,keyboard,1,0,0.00,-0.00,0.00,ACTIVE,NONE,14060,0
2026-05-06 23:06:32.477,562.8275,,keyboard,1,0,0.00,-0.00,0.00,ACTIVE,NONE,14070,0
2026-05-06 23:06:32.877,563.2274,,keyboard,1,0,0.00,-0.00,0.00,ACTIVE,NONE,14080,0
2026-05-06 23:06:33.277,563.6275,,keyboard,1,0,0.00,-0.00,0.00,ACTIVE,NONE,14090,0
2026-05-06 23:06:33.677,564.0275,,keyboard,1,0,0.00,-0.00,0.00,ACTIVE,NONE,14100,0
2026-05-06 23:06:34.077,564.4275,,keyboard,1,0,0.00,-0.00,0.00,ACTIVE,NONE,14110,0
2026-05-06 23:06:34.477,564.8276,,keyboard,1,0,0.00,-0.00,0.00,ACTIVE,NONE,14120,0
2026-05-06 23:06:34.877,565.2277,,keyboard,1,0,0.00,-0.00,0.00,ACTIVE,NONE,14130,0
2026-05-06 23:06:35.278,565.6277,,keyboard,1,0,0.00,-0.00,0.00,ACTIVE,NONE,14140,0
2026-05-06 23:06:35.678,566.0277,,keyboard,1,0,0.00,-0.00,0.00,ACTIVE,NONE,14150,0
2026-05-06 23:06:36.078,566.4277,,keyboard,1,0,0.00,-0.00,0.00,ACTIVE,NONE,14160,0
2026-05-06 23:06:36.478,566.8277,,keyboard,1,0,0.00,-0.00,0.00,ACTIVE,NONE,14170,0
2026-05-06 23:06:36.878,567.2278,,keyboard,1,0,0.00,-0.00,0.00,ACTIVE,NONE,14180,0
2026-05-06 23:06:37.278,567.6278,,keyboard,1,0,0.00,-0.00,0.00,ACTIVE,NONE,14190,0
2026-05-06 23:06:37.678,568.0278,,keyboard,1,0,0.00,-0.00,0.00,ACTIVE,NONE,14200,0
2026-05-06 23:06:38.078,568.4279,,keyboard,1,0,0.00,-0.00,0.00,ACTIVE,NONE,14210,0
2026-05-06 23:06:38.478,568.8279,,keyboard,1,0,0.00,-0.00,0.00,ACTIVE,NONE,14220,0
2026-05-06 23:06:38.878,569.2281,,keyboard,1,0,0.00,-0.00,0.00,ACTIVE,NONE,14230,0
2026-05-06 23:06:39.278,569.6279,,keyboard,1,0,0.00,-0.00,0.00,ACTIVE,NONE,14240,0
2026-05-06 23:06:39.678,570.0279,,keyboard,1,0,0.00,-0.00,0.00,ACTIVE,NONE,14250,0
2026-05-06 23:06:40.078,570.4281,,keyboard,1,0,0.00,-0.00,0.00,ACTIVE,NONE,14260,0
2026-05-06 23:06:40.478,570.8283,,keyboard,1,0,0.00,-0.00,0.00,ACTIVE,NONE,14270,0
2026-05-06 23:06:40.878,571.2281,,keyboard,1,0,0.00,-0.00,0.00,ACTIVE,NONE,14280,0
2026-05-06 23:06:41.278,571.6282,,keyboard,1,0,0.00,-0.00,0.00,ACTIVE,NONE,14290,0
2026-05-06 23:06:41.678,572.0281,,keyboard,1,0,0.00,-0.00,0.00,ACTIVE,NONE,14300,0
2026-05-06 23:06:42.078,572.4282,,keyboard,1,0,0.00,-0.00,0.00,ACTIVE,NONE,14310,0
2026-05-06 23:06:42.479,572.8283,,keyboard,1,0,0.00,-0.00,0.00,ACTIVE,NONE,14320,0
2026-05-06 23:06:42.879,573.2283,,keyboard,1,0,0.00,-0.00,0.00,ACTIVE,NONE,14330,0
2026-05-06 23:06:43.279,573.6284,,keyboard,1,0,0.00,-0.00,0.00,ACTIVE,NONE,14340,0
2026-05-06 23:06:43.679,574.0284,,keyboard,1,0,0.00,-0.00,0.00,ACTIVE,NONE,14350,0
2026-05-06 23:06:44.079,574.4283,,keyboard,1,0,0.00,-0.00,0.00,ACTIVE,NONE,14360,0
2026-05-06 23:06:44.479,574.8283,,keyboard,1,0,0.00,-0.00,0.00,ACTIVE,NONE,14370,0
2026-05-06 23:06:44.879,575.2284,,keyboard,1,0,0.00,-0.00,0.00,ACTIVE,NONE,14380,0
2026-05-06 23:06:45.279,575.6286,,keyboard,1,0,0.00,-0.00,0.00,ACTIVE,NONE,14390,0
2026-05-06 23:06:45.679,576.0283,,keyboard,1,0,0.00,-0.00,0.00,ACTIVE,NONE,14400,0
2026-05-06 23:06:46.079,576.4285,,keyboard,1,0,0.00,-0.00,0.00,ACTIVE,NONE,14410,0
2026-05-06 23:06:46.479,576.8285,,keyboard,1,0,0.00,-0.00,0.00,ACTIVE,NONE,14420,0
2026-05-06 23:06:46.879,577.2285,,keyboard,1,0,0.00,-0.00,0.00,ACTIVE,NONE,14430,0
2026-05-06 23:06:47.279,577.6286,,keyboard,1,0,0.00,-0.00,0.00,ACTIVE,NONE,14440,0
2026-05-06 23:06:47.679,578.0286,,keyboard,1,0,0.00,-0.00,0.00,ACTIVE,NONE,14450,0
2026-05-06 23:06:48.079,578.4286,,keyboard,1,0,0.00,-0.00,0.00,ACTIVE,NONE,14460,0
2026-05-06 23:06:48.479,578.8286,,keyboard,1,0,0.00,-0.00,0.00,ACTIVE,NONE,14470,0
2026-05-06 23:06:48.879,579.2287,,keyboard,1,0,0.00,-0.00,0.00,ACTIVE,NONE,14480,0
2026-05-06 23:06:49.279,579.6288,,keyboard,1,0,0.00,-0.00,0.00,ACTIVE,NONE,14490,0
2026-05-06 23:06:49.679,580.0287,,keyboard,1,0,0.00,-0.00,0.00,ACTIVE,NONE,14500,0
2026-05-06 23:06:50.079,580.4288,,keyboard,1,0,0.00,-0.00,0.00,ACTIVE,NONE,14510,0
2026-05-06 23:06:50.480,580.8289,,keyboard,1,0,0.00,-0.00,0.00,ACTIVE,NONE,14520,0
2026-05-06 23:06:50.880,581.2288,,keyboard,1,0,0.00,-0.00,0.00,ACTIVE,NONE,14530,0
2026-05-06 23:06:51.280,581.6289,,keyboard,1,0,0.00,-0.00,0.00,ACTIVE,NONE,14540,0
2026-05-06 23:06:51.680,582.0290,,keyboard,1,0,0.00,-0.00,0.00,ACTIVE,NONE,14550,0
2026-05-06 23:06:52.080,582.4289,,keyboard,1,0,0.00,-0.00,0.00,ACTIVE,NONE,14560,0
2026-05-06 23:06:52.480,582.8292,,keyboard,1,0,0.00,-0.00,0.00,ACTIVE,NONE,14570,0
2026-05-06 23:06:52.880,583.2291,,keyboard,1,0,0.00,-0.00,0.00,ACTIVE,NONE,14580,0
2026-05-06 23:06:53.280,583.6290,,keyboard,1,0,0.00,-0.00,0.00,ACTIVE,NONE,14590,0
2026-05-06 23:06:53.680,584.0291,,keyboard,1,0,0.00,-0.00,0.00,ACTIVE,NONE,14600,0
2026-05-06 23:06:54.080,584.4293,,keyboard,1,0,0.00,-0.00,0.00,ACTIVE,NONE,14610,0
2026-05-06 23:06:54.481,584.8297,,keyboard,1,0,0.00,-0.00,0.00,ACTIVE,NONE,14620,0
2026-05-06 23:06:54.880,585.2293,,keyboard,1,0,0.00,-0.00,0.00,ACTIVE,NONE,14630,0
2026-05-06 23:06:55.280,585.6295,,keyboard,1,0,0.00,-0.00,0.00,ACTIVE,NONE,14640,0
2026-05-06 23:06:55.681,586.0296,,keyboard,1,0,0.00,-0.00,0.00,ACTIVE,NONE,14650,0
2026-05-06 23:06:56.081,586.4296,,keyboard,1,0,0.00,-0.00,0.00,ACTIVE,NONE,14660,0
2026-05-06 23:06:56.481,586.8297,,keyboard,1,0,0.00,-0.00,0.00,ACTIVE,NONE,14670,0
2026-05-06 23:06:56.881,587.2298,,keyboard,1,0,0.00,-0.00,0.00,ACTIVE,NONE,14680,0
2026-05-06 23:06:57.281,587.6297,,keyboard,1,0,0.00,-0.00,0.00,ACTIVE,NONE,14690,0
2026-05-06 23:06:57.681,588.0299,,keyboard,1,0,0.00,-0.00,0.00,ACTIVE,NONE,14700,0
2026-05-06 23:06:58.081,588.4299,,keyboard,1,0,0.00,-0.00,0.00,ACTIVE,NONE,14710,0
2026-05-06 23:06:58.481,588.8300,,keyboard,1,0,0.00,-0.00,0.00,ACTIVE,NONE,14720,0
2026-05-06 23:06:58.881,589.2299,,keyboard,1,0,0.00,-0.00,0.00,ACTIVE,NONE,14730,0
2026-05-06 23:06:59.281,589.6298,,keyboard,1,0,0.00,-0.00,0.00,ACTIVE,NONE,14740,0
2026-05-06 23:06:59.681,590.0300,,keyboard,1,0,0.00,-0.00,0.00,ACTIVE,NONE,14750,0
2026-05-06 23:07:00.081,590.4300,,keyboard,1,0,0.00,-0.00,0.00,ACTIVE,NONE,14760,0
2026-05-06 23:07:00.481,590.8301,,keyboard,1,0,0.00,-0.00,0.00,ACTIVE,NONE,14770,0
2026-05-06 23:07:00.881,591.2302,,keyboard,1,0,0.00,-0.00,0.00,ACTIVE,NONE,14780,0
2026-05-06 23:07:01.281,591.6302,,keyboard,1,0,0.00,-0.00,0.00,ACTIVE,NONE,14790,0
2026-05-06 23:07:01.681,592.0301,,keyboard,1,0,0.00,-0.00,0.00,ACTIVE,NONE,14800,0
2026-05-06 23:07:02.081,592.4302,,keyboard,1,0,0.00,-0.00,0.00,ACTIVE,NONE,14810,0
2026-05-06 23:07:02.481,592.8302,,keyboard,1,0,0.00,-0.00,0.00,ACTIVE,NONE,14820,0
2026-05-06 23:07:02.882,593.2303,,keyboard,1,0,0.00,-0.00,0.00,ACTIVE,NONE,14830,0
2026-05-06 23:07:03.282,593.6304,,keyboard,1,0,0.00,-0.00,0.00,ACTIVE,NONE,14840,0
2026-05-06 23:07:03.664,594.0125,,keyboard,1,0,0.00,-0.00,0.00,ACTIVE,NONE,14850,0
2026-05-06 23:07:04.082,594.4306,,keyboard,1,0,0.00,-0.00,0.00,ACTIVE,NONE,14860,0
2026-05-06 23:07:04.464,594.8125,,keyboard,1,0,0.00,-0.00,0.00,ACTIVE,NONE,14870,0
2026-05-06 23:07:04.882,595.2305,,keyboard,1,0,0.00,-0.00,0.00,ACTIVE,NONE,14880,0
2026-05-06 23:07:05.282,595.6306,,keyboard,1,0,0.00,-0.00,0.00,ACTIVE,NONE,14890,0
2026-05-06 23:07:05.664,596.0125,,keyboard,1,0,0.00,-0.00,0.00,ACTIVE,NONE,14900,0
2026-05-06 23:07:06.064,596.4124,,keyboard,1,0,0.00,-0.00,0.00,ACTIVE,NONE,14910,0
2026-05-06 23:07:06.463,596.8118,,keyboard,1,0,0.00,-0.00,0.00,ACTIVE,NONE,14920,0
2026-05-06 23:07:06.882,597.2307,,keyboard,1,0,0.00,-0.00,0.00,ACTIVE,NONE,14930,0
2026-05-06 23:07:07.282,597.6308,,keyboard,1,0,0.00,-0.00,0.00,ACTIVE,NONE,14940,0
2026-05-06 23:07:07.664,598.0124,,keyboard,1,0,0.00,-0.00,0.00,ACTIVE,NONE,14950,0
2026-05-06 23:07:08.064,598.4124,,keyboard,1,0,0.00,-0.00,0.00,ACTIVE,NONE,14960,0
2026-05-06 23:07:08.463,598.8118,,keyboard,1,0,0.00,-0.00,0.00,ACTIVE,NONE,14970,0
2026-05-06 23:07:08.864,599.2119,,keyboard,1,0,0.00,-0.00,0.00,ACTIVE,NONE,14980,0
2026-05-06 23:07:09.264,599.6118,,keyboard,1,0,0.00,-0.00,0.00,ACTIVE,NONE,14990,0
2026-05-06 23:07:09.664,600.0123,,keyboard,1,0,0.00,-0.00,0.00,ACTIVE,NONE,15000,0
2026-05-06 23:07:10.063,600.4117,,keyboard,1,0,0.00,-0.00,0.00,ACTIVE,NONE,15010,0
2026-05-06 23:07:10.463,600.8117,,keyboard,1,0,0.00,-0.00,0.00,ACTIVE,NONE,15020,0
2026-05-06 23:07:10.864,601.2118,,keyboard,1,0,0.00,-0.00,0.00,ACTIVE,NONE,15030,0
2026-05-06 23:07:11.264,601.6120,,keyboard,1,0,0.00,-0.00,0.00,ACTIVE,NONE,15040,0
2026-05-06 23:07:11.664,602.0118,,keyboard,1,0,0.00,-0.00,0.00,ACTIVE,NONE,15050,0
2026-05-06 23:07:12.064,602.4120,,keyboard,1,0,0.00,-0.00,0.00,ACTIVE,NONE,15060,0
2026-05-06 23:07:12.464,602.8118,,keyboard,1,0,0.00,-0.00,0.00,ACTIVE,NONE,15070,0
2026-05-06 23:07:12.864,603.2118,,keyboard,1,0,0.00,-0.00,0.00,ACTIVE,NONE,15080,0
2026-05-06 23:07:13.264,603.6120,,keyboard,1,0,0.00,-0.00,0.00,ACTIVE,NONE,15090,0
2026-05-06 23:07:13.664,604.0117,,keyboard,1,0,0.00,-0.00,0.00,ACTIVE,NONE,15100,0
2026-05-06 23:07:14.064,604.4120,,keyboard,1,0,0.00,-0.00,0.00,ACTIVE,NONE,15110,0
2026-05-06 23:07:14.464,604.8119,,keyboard,1,0,0.00,-0.00,0.00,ACTIVE,NONE,15120,0
2026-05-06 23:07:14.864,605.2120,,keyboard,1,0,0.00,-0.00,0.00,ACTIVE,NONE,15130,0
2026-05-06 23:07:15.264,605.6119,,keyboard,1,0,0.00,-0.00,0.00,ACTIVE,NONE,15140,0
2026-05-06 23:07:15.664,606.0120,,keyboard,1,0,0.00,-0.00,0.00,ACTIVE,NONE,15150,0
2026-05-06 23:07:16.064,606.4121,,keyboard,1,0,0.00,-0.00,0.00,ACTIVE,NONE,15160,0
2026-05-06 23:07:16.464,606.8120,,keyboard,1,0,0.00,-0.00,0.00,ACTIVE,NONE,15170,0
2026-05-06 23:07:16.865,607.2124,,keyboard,1,0,0.00,-0.00,0.00,ACTIVE,NONE,15180,0
2026-05-06 23:07:17.264,607.6120,,keyboard,1,0,0.00,-0.00,0.00,ACTIVE,NONE,15190,0
2026-05-06 23:07:17.665,608.0130,,keyboard,1,0,0.00,-0.00,0.00,ACTIVE,NONE,15200,0
2026-05-06 23:07:18.065,608.4123,,keyboard,1,0,0.00,-0.00,0.00,ACTIVE,NONE,15210,0
2026-05-06 23:07:18.464,608.8123,,keyboard,1,0,0.00,-0.00,0.00,ACTIVE,NONE,15220,0
2026-05-06 23:07:18.864,609.2122,,keyboard,1,0,0.00,-0.00,0.00,ACTIVE,NONE,15230,0
2026-05-06 23:07:19.264,609.6122,,keyboard,1,0,0.00,-0.00,0.00,ACTIVE,NONE,15240,0
2026-05-06 23:07:19.665,610.0123,,keyboard,1,0,0.00,-0.00,0.00,ACTIVE,NONE,15250,0
2026-05-06 23:07:20.065,610.4122,,keyboard,1,0,0.00,-0.00,0.00,ACTIVE,NONE,15260,0
2026-05-06 23:07:20.465,610.8124,,keyboard,1,0,0.00,-0.00,0.00,ACTIVE,NONE,15270,0
2026-05-06 23:07:20.865,611.2125,,keyboard,1,0,0.00,-0.00,0.00,ACTIVE,NONE,15280,0
2026-05-06 23:07:21.265,611.6124,,keyboard,1,0,0.00,-0.00,0.00,ACTIVE,NONE,15290,0
2026-05-06 23:07:21.665,612.0130,,keyboard,1,0,0.00,-0.00,0.00,ACTIVE,NONE,15300,0
2026-05-06 23:07:22.065,612.4125,,keyboard,1,0,0.00,-0.00,0.00,ACTIVE,NONE,15310,0
2026-05-06 23:07:22.465,612.8124,,keyboard,1,0,0.00,-0.00,0.00,ACTIVE,NONE,15320,0
2026-05-06 23:07:22.865,613.2127,,keyboard,1,0,0.00,-0.00,0.00,ACTIVE,NONE,15330,0
2026-05-06 23:07:23.265,613.6125,,keyboard,1,0,0.00,-0.00,0.00,ACTIVE,NONE,15340,0
2026-05-06 23:07:23.665,614.0126,,keyboard,1,0,0.00,-0.00,0.00,ACTIVE,NONE,15350,0
2026-05-06 23:07:24.065,614.4125,,keyboard,1,0,0.00,-0.00,0.00,ACTIVE,NONE,15360,0
2026-05-06 23:07:24.465,614.8127,,keyboard,1,0,0.00,-0.00,0.00,ACTIVE,NONE,15370,0
2026-05-06 23:07:24.865,615.2128,,keyboard,1,0,0.00,-0.00,0.00,ACTIVE,NONE,15380,0
2026-05-06 23:07:25.265,615.6128,,keyboard,1,0,0.00,-0.00,0.00,ACTIVE,NONE,15390,0
2026-05-06 23:07:25.666,616.0130,,keyboard,1,0,0.00,-0.00,0.00,ACTIVE,NONE,15400,0
2026-05-06 23:07:26.066,616.4134,,keyboard,1,0,0.00,-0.00,0.00,ACTIVE,NONE,15410,0
2026-05-06 23:07:26.466,616.8129,,keyboard,1,0,0.00,-0.00,0.00,ACTIVE,NONE,15420,0
2026-05-06 23:07:26.866,617.2130,,keyboard,1,0,0.00,-0.00,0.00,ACTIVE,NONE,15430,0
2026-05-06 23:07:27.266,617.6130,,keyboard,1,0,0.00,-0.00,0.00,ACTIVE,NONE,15440,0
2026-05-06 23:07:27.666,618.0130,,keyboard,1,0,0.00,-0.00,0.00,ACTIVE,NONE,15450,0
2026-05-06 23:07:28.066,618.4134,,keyboard,1,0,0.00,-0.00,0.00,ACTIVE,NONE,15460,0
2026-05-06 23:07:28.467,618.8139,,keyboard,1,0,0.00,-0.00,0.00,ACTIVE,NONE,15470,0
2026-05-06 23:07:28.866,619.2133,,keyboard,1,0,0.00,-0.00,0.00,ACTIVE,NONE,15480,0
2026-05-06 23:07:29.266,619.6133,,keyboard,1,0,0.00,-0.00,0.00,ACTIVE,NONE,15490,0
2026-05-06 23:07:29.666,620.0134,,keyboard,1,0,0.00,-0.00,0.00,ACTIVE,NONE,15500,0
2026-05-06 23:07:30.066,620.4136,,keyboard,1,0,0.00,-0.00,0.00,ACTIVE,NONE,15510,0
2026-05-06 23:07:30.466,620.8135,,keyboard,1,0,0.00,-0.00,0.00,ACTIVE,NONE,15520,0
2026-05-06 23:07:30.867,621.2137,,keyboard,1,0,0.00,-0.00,0.00,ACTIVE,NONE,15530,0
2026-05-06 23:07:31.267,621.6137,,keyboard,1,0,0.00,-0.00,0.00,ACTIVE,NONE,15540,0
2026-05-06 23:07:31.667,622.0143,,keyboard,1,0,0.00,-0.00,0.00,ACTIVE,NONE,15550,0
2026-05-06 23:07:32.067,622.4139,,keyboard,1,0,0.00,-0.00,0.00,ACTIVE,NONE,15560,0
2026-05-06 23:07:32.467,622.8139,,keyboard,1,0,0.00,-0.00,0.00,ACTIVE,NONE,15570,0
2026-05-06 23:07:32.867,623.2138,,keyboard,1,0,0.00,-0.00,0.00,ACTIVE,NONE,15580,0
2026-05-06 23:07:33.267,623.6139,,keyboard,1,0,0.00,-0.00,0.00,ACTIVE,NONE,15590,0
2026-05-06 23:07:33.667,624.0141,,keyboard,1,0,0.00,-0.00,0.00,ACTIVE,NONE,15600,0
2026-05-06 23:07:34.067,624.4140,,keyboard,1,0,0.00,-0.00,0.00,ACTIVE,NONE,15610,0
2026-05-06 23:07:34.467,624.8141,,keyboard,1,0,0.00,-0.00,0.00,ACTIVE,NONE,15620,0
2026-05-06 23:07:34.867,625.2140,,keyboard,1,0,0.00,-0.00,0.00,ACTIVE,NONE,15630,0
2026-05-06 23:07:35.267,625.6140,,keyboard,1,0,0.00,-0.00,0.00,ACTIVE,NONE,15640,0
2026-05-06 23:07:35.667,626.0141,,keyboard,1,0,0.00,-0.00,0.00,ACTIVE,NONE,15650,0
2026-05-06 23:07:36.067,626.4140,,keyboard,1,0,0.00,-0.00,0.00,ACTIVE,NONE,15660,0
2026-05-06 23:07:36.467,626.8141,,keyboard,1,0,0.00,-0.00,0.00,ACTIVE,NONE,15670,0
2026-05-06 23:07:36.867,627.2142,,keyboard,1,0,0.00,-0.00,0.00,ACTIVE,NONE,15680,0
2026-05-06 23:07:37.267,627.6142,,keyboard,1,0,0.00,-0.00,0.00,ACTIVE,NONE,15690,0
2026-05-06 23:07:37.668,628.0142,,keyboard,1,0,0.00,-0.00,0.00,ACTIVE,NONE,15700,0
2026-05-06 23:07:38.068,628.4143,,keyboard,1,0,0.00,-0.00,0.00,ACTIVE,NONE,15710,0
2026-05-06 23:07:38.468,628.8143,,keyboard,1,0,0.00,-0.00,0.00,ACTIVE,NONE,15720,0
2026-05-06 23:07:38.868,629.2143,,keyboard,1,0,0.00,-0.00,0.00,ACTIVE,NONE,15730,0
2026-05-06 23:07:39.268,629.6144,,keyboard,1,0,0.00,-0.00,0.00,ACTIVE,NONE,15740,0
2026-05-06 23:07:39.668,630.0146,,keyboard,1,0,0.00,-0.00,0.00,ACTIVE,NONE,15750,0
2026-05-06 23:07:40.068,630.4146,,keyboard,1,0,0.00,-0.00,0.00,ACTIVE,NONE,15760,0
2026-05-06 23:07:40.468,630.8149,,keyboard,1,0,0.00,-0.00,0.00,ACTIVE,NONE,15770,0
2026-05-06 23:07:40.868,631.2145,,keyboard,1,0,0.00,-0.00,0.00,ACTIVE,NONE,15780,0
2026-05-06 23:07:41.269,631.6151,,keyboard,1,0,0.00,-0.00,0.00,ACTIVE,NONE,15790,0
2026-05-06 23:07:41.668,632.0148,,keyboard,1,0,0.00,-0.00,0.00,ACTIVE,NONE,15800,0
2026-05-06 23:07:42.069,632.4151,,keyboard,1,0,0.00,-0.00,0.00,ACTIVE,NONE,15810,0
2026-05-06 23:07:42.468,632.8148,,keyboard,1,0,0.00,-0.00,0.00,ACTIVE,NONE,15820,0
2026-05-06 23:07:42.869,633.2152,,keyboard,1,0,0.00,-0.00,0.00,ACTIVE,NONE,15830,0
2026-05-06 23:07:43.269,633.6149,,keyboard,1,0,0.00,-0.00,0.00,ACTIVE,NONE,15840,0
2026-05-06 23:07:43.668,634.0148,,keyboard,1,0,0.00,-0.00,0.00,ACTIVE,NONE,15850,0
2026-05-06 23:07:44.068,634.4149,,keyboard,1,0,0.00,-0.00,0.00,ACTIVE,NONE,15860,0
2026-05-06 23:07:44.469,634.8149,,keyboard,1,0,0.00,-0.00,0.00,ACTIVE,NONE,15870,0
2026-05-06 23:07:44.818,635.1645,disengage,keyboard,0,0,0.00,-0.00,0.00,ACTIVE,NONE,15878,0
2026-05-06 23:07:44.869,635.2155,eac_transition:AVAILABLE,keyboard,0,0,0.00,-0.00,0.00,AVAILABLE,NONE,15880,0
2026-05-06 23:07:44.869,635.2156,,keyboard,0,0,0.00,-0.00,0.00,AVAILABLE,NONE,15880,0
2026-05-06 23:07:45.269,635.6151,,keyboard,0,0,0.00,-0.00,-0.10,AVAILABLE,NONE,15890,0
2026-05-06 23:07:45.669,636.0150,,keyboard,0,0,0.00,-0.00,-0.10,AVAILABLE,NONE,15900,0
2026-05-06 23:07:46.069,636.4151,,keyboard,0,0,0.00,-0.00,-0.10,AVAILABLE,NONE,15910,0
2026-05-06 23:07:46.383,636.7293,estop:disconnect requested,keyboard,0,1,0.00,-0.00,-0.10,AVAILABLE,NONE,15917,0
