wall_time,monotonic,event,mode,engaged,estop,target_deg,commanded_deg,measured_deg,eac_status,eac_error,rx_count_0x370,bus_errors,gear,gear_request,di_vehicle_speed_mph,brake_pedal,brake_state
2026-05-21 18:03:01.910,0.1468,eac_transition:AVAILABLE,slider,0,0,0.00,1.05,-13.80,AVAILABLE,HANDS_ON,3,0,P,P,0.00,released,RELEASED
2026-05-21 18:03:02.193,0.4292,,slider,0,0,0.00,0.60,-13.80,AVAILABLE,HANDS_ON,10,0,P,P,0.00,released,RELEASED
2026-05-21 18:03:02.538,0.7745,engage,slider,1,0,-13.80,-13.80,-13.80,AVAILABLE,HANDS_ON,18,0,P,P,0.00,released,RELEASED
2026-05-21 18:03:02.584,0.8203,eac_transition:ACTIVE,slider,1,0,0.00,-10.74,-13.80,ACTIVE,NONE,20,0,P,P,0.00,released,RELEASED
2026-05-21 18:03:02.585,0.8214,,slider,1,0,0.00,-10.74,-13.80,ACTIVE,NONE,20,0,P,P,0.00,released,RELEASED
2026-05-21 18:03:02.988,1.2249,,slider,1,0,0.00,0.64,-2.20,ACTIVE,NONE,30,0,P,P,0.00,released,RELEASED
2026-05-21 18:03:03.388,1.6248,,slider,1,0,6.68,2.33,0.70,ACTIVE,NONE,40,0,P,P,0.00,released,RELEASED
2026-05-21 18:03:03.787,2.0237,,slider,1,0,0.00,2.21,2.80,ACTIVE,NONE,50,0,P,P,0.00,released,RELEASED
2026-05-21 18:03:04.188,2.4245,,slider,1,0,0.00,0.97,2.80,ACTIVE,NONE,60,0,P,P,0.00,released,RELEASED
2026-05-21 18:03:04.588,2.8242,,slider,1,0,6.68,3.18,1.60,ACTIVE,NONE,70,0,P,P,0.00,released,RELEASED
2026-05-21 18:03:04.987,3.2237,,slider,1,0,250.27,16.61,3.00,ACTIVE,NONE,80,0,P,P,0.00,released,RELEASED
2026-05-21 18:03:05.388,3.6243,,slider,1,0,0.00,88.61,63.50,ACTIVE,NONE,90,0,P,P,0.00,released,RELEASED
2026-05-21 18:03:05.793,4.0292,,slider,1,0,-132.20,16.61,44.40,ACTIVE,NONE,100,0,P,P,0.00,released,RELEASED
2026-05-21 18:03:06.190,4.4265,,slider,1,0,-121.04,-52.39,-24.90,ACTIVE,NONE,110,0,P,P,0.00,released,RELEASED
2026-05-21 18:03:06.579,4.8156,,slider,1,0,6.68,-40.39,-59.80,ACTIVE,NONE,120,0,P,P,0.00,released,RELEASED
2026-05-21 18:03:06.980,5.2163,,slider,1,0,0.00,0.37,-8.50,ACTIVE,NONE,130,0,P,P,0.00,released,RELEASED
2026-05-21 18:03:07.380,5.6162,,slider,1,0,0.00,1.57,0.70,ACTIVE,NONE,140,0,P,P,0.00,released,RELEASED
2026-05-21 18:03:07.780,6.0161,,slider,1,0,0.00,3.60,2.00,ACTIVE,NONE,150,0,P,P,0.00,released,RELEASED
2026-05-21 18:03:08.180,6.4163,,slider,1,0,0.00,3.60,3.70,ACTIVE,NONE,160,0,P,P,0.00,released,RELEASED
2026-05-21 18:03:08.579,6.8157,,slider,1,0,6.68,0.66,2.90,ACTIVE,NONE,170,0,P,P,0.00,released,RELEASED
2026-05-21 18:03:08.980,7.2165,,slider,1,0,6.68,3.65,2.60,ACTIVE,NONE,180,0,P,P,0.00,released,RELEASED
2026-05-21 18:03:09.380,7.6161,,slider,1,0,0.00,2.64,3.20,ACTIVE,NONE,190,0,P,P,0.00,released,RELEASED
2026-05-21 18:03:09.780,8.0166,,slider,1,0,0.00,1.19,2.30,ACTIVE,NONE,200,0,P,P,0.00,released,RELEASED
2026-05-21 18:03:10.180,8.4167,,slider,1,0,6.68,2.19,1.30,ACTIVE,NONE,210,0,P,P,0.00,released,RELEASED
2026-05-21 18:03:10.580,8.8160,,slider,1,0,0.00,1.01,2.20,ACTIVE,NONE,220,0,P,P,0.00,released,RELEASED
2026-05-21 18:03:10.980,9.2164,,slider,1,0,0.00,3.88,2.30,ACTIVE,NONE,230,0,P,P,0.00,released,RELEASED
2026-05-21 18:03:11.380,9.6161,,slider,1,0,6.68,2.88,2.80,ACTIVE,NONE,240,0,P,P,0.00,released,RELEASED
2026-05-21 18:03:11.780,10.0163,,slider,1,0,0.00,1.45,3.30,ACTIVE,NONE,250,0,P,P,0.00,released,RELEASED
2026-05-21 18:03:12.180,10.4164,,slider,1,0,0.00,1.75,2.60,ACTIVE,NONE,260,0,P,P,0.00,released,RELEASED
2026-05-21 18:03:12.580,10.8160,,slider,1,0,0.00,4.16,1.80,ACTIVE,NONE,270,0,P,P,0.00,released,RELEASED
2026-05-21 18:03:12.980,11.2162,,slider,1,0,6.68,3.31,2.20,ACTIVE,NONE,280,0,P,P,0.00,released,RELEASED
2026-05-21 18:03:13.380,11.6166,,slider,1,0,0.00,7.46,3.40,ACTIVE,NONE,290,0,P,P,0.00,released,RELEASED
2026-05-21 18:03:13.786,12.0228,,slider,1,0,6.68,17.95,18.20,ACTIVE,NONE,300,0,P,P,0.00,released,RELEASED
2026-05-21 18:03:14.186,12.4225,,slider,1,0,10.00,21.22,33.70,ACTIVE,NONE,310,0,P,P,0.00,released,RELEASED
2026-05-21 18:03:14.587,12.8230,,slider,1,0,0.00,2.65,8.00,ACTIVE,NONE,320,0,P,P,0.00,released,RELEASED
2026-05-21 18:03:14.990,13.2269,,slider,1,0,0.00,1.97,3.90,ACTIVE,NONE,330,0,P,P,0.00,released,RELEASED
2026-05-21 18:03:15.390,13.6269,,slider,1,0,6.68,1.33,1.80,ACTIVE,NONE,340,0,P,P,0.00,released,RELEASED
2026-05-21 18:03:15.791,14.0269,,slider,1,0,0.00,1.11,1.70,ACTIVE,NONE,350,0,P,P,0.00,released,RELEASED
2026-05-21 18:03:16.191,14.4270,,slider,1,0,0.00,2.63,2.70,ACTIVE,NONE,360,0,P,P,0.00,released,RELEASED
2026-05-21 18:03:16.591,14.8270,,slider,1,0,0.00,3.03,2.20,ACTIVE,NONE,370,0,P,P,0.00,released,RELEASED
2026-05-21 18:03:16.991,15.2272,,slider,1,0,0.00,2.82,3.70,ACTIVE,NONE,380,0,P,P,0.00,released,RELEASED
2026-05-21 18:03:17.391,15.6270,,slider,1,0,6.68,3.74,2.80,ACTIVE,NONE,390,0,P,P,0.00,released,RELEASED
2026-05-21 18:03:17.791,16.0277,,slider,1,0,6.68,6.34,4.80,ACTIVE,NONE,400,0,P,P,0.00,released,RELEASED
2026-05-21 18:03:18.191,16.4273,,slider,1,0,6.68,6.67,6.20,ACTIVE,NONE,410,0,P,P,0.00,released,RELEASED
2026-05-21 18:03:18.591,16.8272,,slider,1,0,6.68,6.68,6.60,ACTIVE,NONE,420,0,P,P,0.00,released,RELEASED
2026-05-21 18:03:18.992,17.2288,,slider,1,0,6.68,16.40,10.60,ACTIVE,NONE,430,0,P,P,0.00,released,RELEASED
2026-05-21 18:03:19.393,17.6291,,slider,1,0,6.68,17.17,19.30,ACTIVE,NONE,440,0,P,P,0.00,released,RELEASED
2026-05-21 18:03:19.793,18.0290,,slider,1,0,6.68,47.25,36.30,ACTIVE,NONE,450,0,P,P,0.00,released,RELEASED
2026-05-21 18:03:20.177,18.4131,,slider,1,0,6.68,74.25,53.50,ACTIVE,NONE,460,0,P,P,0.00,released,RELEASED
2026-05-21 18:03:20.580,18.8166,,slider,1,0,6.68,98.25,108.30,ACTIVE,NONE,470,0,P,P,0.00,released,RELEASED
2026-05-21 18:03:20.984,19.2207,,slider,1,0,6.68,26.25,54.80,ACTIVE,NONE,480,0,P,P,0.00,released,RELEASED
2026-05-21 18:03:21.385,19.6210,,slider,1,0,6.68,6.82,10.70,ACTIVE,NONE,490,0,P,P,0.00,released,RELEASED
2026-05-21 18:03:21.784,20.0207,,slider,1,0,6.68,6.69,6.70,ACTIVE,NONE,500,0,P,P,0.00,released,RELEASED
2026-05-21 18:03:22.185,20.4213,,slider,1,0,6.68,6.68,6.60,ACTIVE,NONE,510,0,P,P,0.00,released,RELEASED
2026-05-21 18:03:22.585,20.8209,,slider,1,0,6.68,6.68,6.60,ACTIVE,NONE,520,0,P,P,0.00,released,RELEASED
2026-05-21 18:03:22.984,21.2207,,slider,1,0,6.68,6.68,6.60,ACTIVE,NONE,530,0,P,P,0.00,released,RELEASED
2026-05-21 18:03:23.385,21.6212,,slider,1,0,6.68,6.68,6.60,ACTIVE,NONE,540,0,P,P,0.00,released,RELEASED
2026-05-21 18:03:23.785,22.0210,,slider,1,0,6.68,6.68,6.50,ACTIVE,NONE,550,0,P,P,0.00,released,RELEASED
2026-05-21 18:03:24.185,22.4215,,slider,1,0,6.68,6.68,6.50,ACTIVE,NONE,560,0,P,P,0.00,released,RELEASED
2026-05-21 18:03:24.584,22.8209,,slider,1,0,6.68,6.68,6.50,ACTIVE,NONE,570,0,P,P,0.00,released,RELEASED
2026-05-21 18:03:24.985,23.2215,,slider,1,0,6.68,6.68,6.50,ACTIVE,NONE,580,0,P,P,0.00,released,RELEASED
2026-05-21 18:03:25.385,23.6217,,slider,1,0,6.68,6.68,6.50,ACTIVE,NONE,590,0,P,P,0.00,released,RELEASED
2026-05-21 18:03:25.785,24.0210,,slider,1,0,6.68,6.68,6.50,ACTIVE,NONE,600,0,P,P,0.00,released,RELEASED
2026-05-21 18:03:26.185,24.4214,,slider,1,0,6.68,6.68,6.50,ACTIVE,NONE,610,0,P,P,0.00,released,RELEASED
2026-05-21 18:03:26.585,24.8211,,slider,1,0,6.68,6.68,6.50,ACTIVE,NONE,620,0,P,P,0.00,released,RELEASED
2026-05-21 18:03:26.985,25.2211,,slider,1,0,6.68,6.68,6.50,ACTIVE,NONE,630,0,P,P,0.00,released,RELEASED
2026-05-21 18:03:27.385,25.6212,,slider,1,0,6.68,6.68,6.50,ACTIVE,NONE,640,0,P,P,0.00,released,RELEASED
2026-05-21 18:03:27.784,26.0208,,slider,1,0,6.68,6.68,6.50,ACTIVE,NONE,650,0,P,P,0.00,released,RELEASED
2026-05-21 18:03:28.185,26.4212,,slider,1,0,6.68,6.68,6.50,ACTIVE,NONE,660,0,P,P,0.00,released,RELEASED
2026-05-21 18:03:28.585,26.8211,,slider,1,0,6.68,6.68,6.50,ACTIVE,NONE,670,0,P,P,0.00,released,RELEASED
2026-05-21 18:03:28.985,27.2210,,slider,1,0,6.68,6.68,6.50,ACTIVE,NONE,680,0,P,P,0.00,released,RELEASED
2026-05-21 18:03:29.385,27.6213,,slider,1,0,6.68,6.68,6.50,ACTIVE,NONE,690,0,P,P,0.00,released,RELEASED
2026-05-21 18:03:29.785,28.0211,,slider,1,0,6.68,6.68,6.50,ACTIVE,NONE,700,0,P,P,0.00,released,RELEASED
2026-05-21 18:03:30.185,28.4210,,slider,1,0,6.68,6.68,6.50,ACTIVE,NONE,710,0,P,P,0.00,released,RELEASED
2026-05-21 18:03:30.585,28.8210,,slider,1,0,6.68,6.68,6.50,ACTIVE,NONE,720,0,P,P,0.00,released,RELEASED
2026-05-21 18:03:30.985,29.2210,,slider,1,0,6.68,6.68,6.50,ACTIVE,NONE,730,0,P,P,0.00,released,RELEASED
2026-05-21 18:03:31.385,29.6210,,slider,1,0,6.68,6.68,6.50,ACTIVE,NONE,740,0,P,P,0.00,released,RELEASED
2026-05-21 18:03:31.785,30.0213,,slider,1,0,6.68,6.68,6.50,ACTIVE,NONE,750,0,P,P,0.00,released,RELEASED
2026-05-21 18:03:32.185,30.4211,,slider,1,0,6.68,6.68,6.50,ACTIVE,NONE,760,0,P,P,0.00,released,RELEASED
2026-05-21 18:03:32.585,30.8213,,slider,1,0,6.68,6.68,6.50,ACTIVE,NONE,770,0,P,P,0.00,released,RELEASED
2026-05-21 18:03:32.985,31.2218,,slider,1,0,6.68,6.68,6.50,ACTIVE,NONE,780,0,P,P,0.00,released,RELEASED
2026-05-21 18:03:33.389,31.6254,,slider,1,0,338.00,72.68,43.60,ACTIVE,NONE,790,0,P,P,0.00,released,RELEASED
2026-05-21 18:03:33.796,32.0326,,slider,1,0,338.00,144.68,117.60,ACTIVE,NONE,800,0,P,P,0.00,released,RELEASED
2026-05-21 18:03:34.177,32.4131,,slider,1,0,338.00,213.68,190.10,ACTIVE,NONE,810,0,P,P,0.00,released,RELEASED
2026-05-21 18:03:34.577,32.8135,,slider,1,0,338.00,285.68,262.20,ACTIVE,NONE,820,0,P,P,0.00,released,RELEASED
2026-05-21 18:03:34.976,33.2129,,slider,1,0,338.00,338.00,329.40,ACTIVE,NONE,830,0,P,P,0.00,released,RELEASED
2026-05-21 18:03:35.377,33.6131,,slider,1,0,338.00,338.00,337.50,ACTIVE,NONE,840,0,P,P,0.00,released,RELEASED
2026-05-21 18:03:35.777,34.0132,,slider,1,0,338.00,338.00,338.20,ACTIVE,NONE,850,0,P,P,0.00,released,RELEASED
2026-05-21 18:03:36.177,34.4135,,slider,1,0,338.00,338.00,338.30,ACTIVE,NONE,860,0,P,P,0.00,released,RELEASED
2026-05-21 18:03:36.577,34.8129,,slider,1,0,338.00,338.00,338.30,ACTIVE,NONE,870,0,P,P,0.00,released,RELEASED
2026-05-21 18:03:36.977,35.2136,,slider,1,0,337.50,337.53,338.30,ACTIVE,NONE,880,0,P,P,0.00,released,RELEASED
2026-05-21 18:03:37.377,35.6134,,slider,1,0,337.00,337.05,338.30,ACTIVE,NONE,890,0,P,P,0.00,released,RELEASED
2026-05-21 18:03:37.777,36.0131,,slider,1,0,337.00,337.00,338.30,ACTIVE,NONE,900,0,P,P,0.00,released,RELEASED
2026-05-21 18:03:38.177,36.4136,,slider,1,0,337.00,337.00,337.70,ACTIVE,NONE,910,0,P,P,0.00,released,RELEASED
2026-05-21 18:03:38.578,36.8147,,slider,1,0,337.00,337.00,337.30,ACTIVE,NONE,920,0,P,P,0.00,released,RELEASED
2026-05-21 18:03:38.977,37.2133,,slider,1,0,337.00,337.00,337.20,ACTIVE,NONE,930,0,P,P,0.00,released,RELEASED
2026-05-21 18:03:39.377,37.6132,,slider,1,0,337.00,337.00,337.10,ACTIVE,NONE,940,0,P,P,0.00,released,RELEASED
2026-05-21 18:03:39.779,38.0159,,slider,1,0,0.00,322.00,335.60,ACTIVE,NONE,950,0,P,P,0.00,released,RELEASED
2026-05-21 18:03:40.185,38.4217,,slider,1,0,0.00,250.00,277.20,ACTIVE,NONE,960,0,P,P,0.00,released,RELEASED
2026-05-21 18:03:40.585,38.8217,,slider,1,0,0.00,178.00,202.20,ACTIVE,NONE,970,0,P,P,0.00,released,RELEASED
2026-05-21 18:03:40.985,39.2218,,slider,1,0,0.00,106.00,129.80,ACTIVE,NONE,980,0,P,P,0.00,released,RELEASED
2026-05-21 18:03:41.386,39.6228,,slider,1,0,0.00,34.00,58.90,ACTIVE,NONE,990,0,P,P,0.00,released,RELEASED
2026-05-21 18:03:41.793,40.0293,,slider,1,0,0.00,0.00,4.10,ACTIVE,NONE,1000,0,P,P,0.00,released,RELEASED
2026-05-21 18:03:42.192,40.4288,,slider,1,0,0.00,0.00,0.20,ACTIVE,NONE,1010,0,P,P,0.00,released,RELEASED
2026-05-21 18:03:42.593,40.8291,,slider,1,0,0.00,0.00,-0.10,ACTIVE,NONE,1020,0,P,P,0.00,released,RELEASED
2026-05-21 18:03:42.993,41.2289,,slider,1,0,0.00,0.00,-0.10,ACTIVE,NONE,1030,0,P,P,0.00,released,RELEASED
2026-05-21 18:03:43.393,41.6291,,slider,1,0,0.00,0.00,-0.10,ACTIVE,NONE,1040,0,P,P,0.00,released,RELEASED
2026-05-21 18:03:43.792,42.0288,,slider,1,0,0.00,0.00,-0.10,ACTIVE,NONE,1050,0,P,P,0.00,released,RELEASED
2026-05-21 18:03:44.193,42.4292,,slider,1,0,0.00,0.00,-0.10,ACTIVE,NONE,1060,0,P,P,0.00,released,RELEASED
2026-05-21 18:03:44.593,42.8290,,slider,1,0,0.00,0.00,-0.10,ACTIVE,NONE,1070,0,P,P,0.00,released,RELEASED
2026-05-21 18:03:44.993,43.2290,,slider,1,0,0.00,0.00,-0.10,ACTIVE,NONE,1080,0,P,P,0.00,released,RELEASED
2026-05-21 18:03:45.393,43.6290,,slider,1,0,0.00,0.00,-0.10,ACTIVE,NONE,1090,0,P,P,0.00,released,RELEASED
2026-05-21 18:03:45.793,44.0290,,slider,1,0,0.00,0.00,-0.10,ACTIVE,NONE,1100,0,P,P,0.00,released,RELEASED
2026-05-21 18:03:46.193,44.4291,,slider,1,0,0.00,0.00,-0.10,ACTIVE,NONE,1110,0,P,P,0.00,released,RELEASED
2026-05-21 18:03:46.594,44.8299,,slider,1,0,0.00,0.00,-0.10,ACTIVE,NONE,1120,0,P,P,0.00,released,RELEASED
2026-05-21 18:03:46.993,45.2292,,slider,1,0,0.00,0.00,-0.10,ACTIVE,NONE,1130,0,P,P,0.00,released,RELEASED
2026-05-21 18:03:47.393,45.6295,,slider,1,0,0.00,0.00,-0.10,ACTIVE,NONE,1140,0,P,P,0.00,released,RELEASED
2026-05-21 18:03:47.793,46.0293,,slider,1,0,0.00,0.00,-0.10,ACTIVE,NONE,1150,0,P,P,0.00,released,RELEASED
2026-05-21 18:03:48.193,46.4292,,slider,1,0,0.00,0.00,-0.10,ACTIVE,NONE,1160,0,P,P,0.00,released,RELEASED
2026-05-21 18:03:48.593,46.8297,,slider,1,0,0.00,0.00,-0.10,ACTIVE,NONE,1170,0,P,P,0.00,released,RELEASED
2026-05-21 18:03:48.993,47.2293,,slider,1,0,0.00,0.00,-0.10,ACTIVE,NONE,1180,0,P,P,0.00,released,RELEASED
2026-05-21 18:03:49.393,47.6296,,slider,1,0,0.00,0.00,-0.10,ACTIVE,NONE,1190,0,P,P,0.00,released,RELEASED
2026-05-21 18:03:49.793,48.0293,,slider,1,0,0.00,0.00,-0.10,ACTIVE,NONE,1200,0,P,P,0.00,released,RELEASED
2026-05-21 18:03:50.193,48.4299,,slider,1,0,0.00,0.00,-0.10,ACTIVE,NONE,1210,0,P,P,0.00,released,RELEASED
2026-05-21 18:03:50.593,48.8295,,slider,1,0,0.00,0.00,-0.10,ACTIVE,NONE,1220,0,P,P,0.00,released,RELEASED
2026-05-21 18:03:50.993,49.2296,,slider,1,0,0.00,0.00,-0.10,ACTIVE,NONE,1230,0,P,P,0.00,released,RELEASED
2026-05-21 18:03:51.393,49.6295,,slider,1,0,0.00,0.00,0.00,ACTIVE,NONE,1240,0,P,P,0.00,released,RELEASED
2026-05-21 18:03:51.793,50.0295,,slider,1,0,0.00,0.00,0.00,ACTIVE,NONE,1250,0,P,P,0.00,released,RELEASED
2026-05-21 18:03:52.193,50.4296,,slider,1,0,0.00,0.00,0.00,ACTIVE,NONE,1260,0,P,P,0.00,released,RELEASED
2026-05-21 18:03:52.593,50.8296,,slider,1,0,0.00,0.00,0.00,ACTIVE,NONE,1270,0,P,P,0.00,released,RELEASED
2026-05-21 18:03:52.993,51.2295,,slider,1,0,0.00,0.00,0.00,ACTIVE,NONE,1280,0,P,P,0.00,released,RELEASED
2026-05-21 18:03:53.393,51.6296,,slider,1,0,0.00,0.00,0.00,ACTIVE,NONE,1290,0,P,P,0.00,released,RELEASED
2026-05-21 18:03:53.793,52.0297,,slider,1,0,0.00,0.00,0.00,ACTIVE,NONE,1300,0,P,P,0.00,released,RELEASED
2026-05-21 18:03:54.193,52.4297,,slider,1,0,0.00,0.00,0.00,ACTIVE,NONE,1310,0,P,P,0.00,released,RELEASED
2026-05-21 18:03:54.593,52.8297,,slider,1,0,0.00,0.00,0.00,ACTIVE,NONE,1320,0,P,P,0.00,released,RELEASED
2026-05-21 18:03:54.993,53.2297,,slider,1,0,0.00,0.00,0.00,ACTIVE,NONE,1330,0,P,P,0.00,released,RELEASED
2026-05-21 18:03:55.393,53.6297,,slider,1,0,0.00,0.00,0.00,ACTIVE,NONE,1340,0,P,P,0.00,released,RELEASED
2026-05-21 18:03:55.793,54.0299,,slider,1,0,0.00,0.00,0.00,ACTIVE,NONE,1350,0,P,P,0.00,released,RELEASED
2026-05-21 18:03:56.193,54.4297,,slider,1,0,0.00,0.00,0.00,ACTIVE,NONE,1360,0,P,P,0.00,released,RELEASED
2026-05-21 18:03:56.593,54.8299,,slider,1,0,0.00,0.00,0.00,ACTIVE,NONE,1370,0,P,P,0.00,released,RELEASED
2026-05-21 18:03:56.993,55.2298,,slider,1,0,0.00,0.00,0.00,ACTIVE,NONE,1380,0,P,P,0.00,released,RELEASED
2026-05-21 18:03:57.394,55.6300,,slider,1,0,0.00,0.00,0.00,ACTIVE,NONE,1390,0,P,P,0.00,released,RELEASED
2026-05-21 18:03:57.793,56.0299,,slider,1,0,0.00,0.00,0.00,ACTIVE,NONE,1400,0,P,P,0.00,released,RELEASED
2026-05-21 18:03:58.194,56.4300,,slider,1,0,0.00,0.00,0.00,ACTIVE,NONE,1410,0,P,P,0.00,released,RELEASED
2026-05-21 18:03:58.594,56.8299,,slider,1,0,0.00,0.00,0.00,ACTIVE,NONE,1420,0,P,P,0.00,released,RELEASED
2026-05-21 18:03:58.994,57.2301,,slider,1,0,0.00,0.00,0.00,ACTIVE,NONE,1430,0,P,P,0.00,released,RELEASED
2026-05-21 18:03:59.394,57.6301,,slider,1,0,0.00,0.00,0.00,ACTIVE,NONE,1440,0,P,P,0.00,released,RELEASED
2026-05-21 18:03:59.794,58.0301,,slider,1,0,0.00,0.00,0.00,ACTIVE,NONE,1450,0,P,P,0.00,released,RELEASED
2026-05-21 18:04:00.194,58.4302,,slider,1,0,0.00,0.00,0.00,ACTIVE,NONE,1460,0,P,P,0.00,released,RELEASED
2026-05-21 18:04:00.594,58.8302,,slider,1,0,0.00,0.00,0.00,ACTIVE,NONE,1470,0,P,P,0.00,released,RELEASED
2026-05-21 18:04:00.994,59.2301,,slider,1,0,0.00,0.00,0.00,ACTIVE,NONE,1480,0,P,P,0.00,released,RELEASED
2026-05-21 18:04:01.394,59.6302,,slider,1,0,0.00,0.00,0.00,ACTIVE,NONE,1490,0,P,P,0.00,released,RELEASED
2026-05-21 18:04:01.794,60.0303,,slider,1,0,0.00,0.00,0.00,ACTIVE,NONE,1500,0,P,P,0.00,released,RELEASED
2026-05-21 18:04:02.194,60.4303,,slider,1,0,0.00,0.00,0.00,ACTIVE,NONE,1510,0,P,P,0.00,released,RELEASED
2026-05-21 18:04:02.594,60.8303,,slider,1,0,0.00,0.00,0.00,ACTIVE,NONE,1520,0,P,P,0.00,released,RELEASED
2026-05-21 18:04:02.994,61.2304,,slider,1,0,0.00,0.00,0.00,ACTIVE,NONE,1530,0,P,P,0.00,released,RELEASED
2026-05-21 18:04:03.394,61.6304,,slider,1,0,0.00,0.00,0.00,ACTIVE,NONE,1540,0,P,P,0.00,released,RELEASED
2026-05-21 18:04:03.794,62.0304,,slider,1,0,0.00,0.00,0.00,ACTIVE,NONE,1550,0,P,P,0.00,released,RELEASED
2026-05-21 18:04:04.194,62.4304,,slider,1,0,0.00,0.00,0.00,ACTIVE,NONE,1560,0,P,P,0.00,released,RELEASED
2026-05-21 18:04:04.594,62.8304,,slider,1,0,0.00,0.00,0.00,ACTIVE,NONE,1570,0,P,P,0.00,released,RELEASED
2026-05-21 18:04:04.994,63.2305,,slider,1,0,0.00,0.00,0.00,ACTIVE,NONE,1580,0,P,P,0.00,released,RELEASED
2026-05-21 18:04:05.394,63.6304,,slider,1,0,0.00,0.00,0.00,ACTIVE,NONE,1590,0,P,P,0.00,released,RELEASED
2026-05-21 18:04:05.794,64.0306,,slider,1,0,0.00,0.00,0.00,ACTIVE,NONE,1600,0,P,P,0.00,released,RELEASED
2026-05-21 18:04:06.194,64.4306,,slider,1,0,0.00,0.00,0.00,ACTIVE,NONE,1610,0,P,P,0.00,released,RELEASED
2026-05-21 18:04:06.594,64.8306,,slider,1,0,0.00,0.00,0.00,ACTIVE,NONE,1620,0,P,P,0.00,released,RELEASED
2026-05-21 18:04:06.994,65.2307,,slider,1,0,0.00,0.00,0.00,ACTIVE,NONE,1630,0,P,P,0.00,released,RELEASED
2026-05-21 18:04:07.394,65.6306,,slider,1,0,0.00,0.00,0.00,ACTIVE,NONE,1640,0,P,P,0.00,released,RELEASED
2026-05-21 18:04:07.794,66.0307,,slider,1,0,0.00,0.00,0.00,ACTIVE,NONE,1650,0,P,P,0.00,released,RELEASED
2026-05-21 18:04:08.194,66.4308,,slider,1,0,0.00,0.00,0.00,ACTIVE,NONE,1660,0,P,P,0.00,released,RELEASED
2026-05-21 18:04:08.594,66.8307,,slider,1,0,0.00,0.00,0.00,ACTIVE,NONE,1670,0,P,P,0.00,released,RELEASED
2026-05-21 18:04:08.995,67.2309,,slider,1,0,0.00,0.00,0.00,ACTIVE,NONE,1680,0,P,P,0.00,released,RELEASED
2026-05-21 18:04:09.395,67.6309,,slider,1,0,0.00,0.00,0.00,ACTIVE,NONE,1690,0,P,P,0.00,released,RELEASED
2026-05-21 18:04:09.794,68.0309,,slider,1,0,0.00,0.00,0.00,ACTIVE,NONE,1700,0,P,P,0.00,released,RELEASED
2026-05-21 18:04:10.195,68.4309,,slider,1,0,0.00,0.00,0.00,ACTIVE,NONE,1710,0,P,P,0.00,released,RELEASED
2026-05-21 18:04:10.594,68.8309,,slider,1,0,0.00,0.00,0.00,ACTIVE,NONE,1720,0,P,P,0.00,released,RELEASED
2026-05-21 18:04:10.995,69.2310,,slider,1,0,0.00,0.00,0.00,ACTIVE,NONE,1730,0,P,P,0.00,released,RELEASED
2026-05-21 18:04:11.395,69.6310,,slider,1,0,0.00,0.00,0.00,ACTIVE,NONE,1740,0,P,P,0.00,released,RELEASED
2026-05-21 18:04:11.795,70.0310,,slider,1,0,0.00,0.00,0.00,ACTIVE,NONE,1750,0,P,P,0.00,released,RELEASED
2026-05-21 18:04:12.195,70.4310,,slider,1,0,0.00,0.00,0.00,ACTIVE,NONE,1760,0,P,P,0.00,released,RELEASED
2026-05-21 18:04:12.595,70.8310,,slider,1,0,0.00,0.00,0.00,ACTIVE,NONE,1770,0,P,P,0.00,released,RELEASED
2026-05-21 18:04:12.995,71.2310,,slider,1,0,0.00,0.00,0.00,ACTIVE,NONE,1780,0,P,P,0.00,released,RELEASED
2026-05-21 18:04:13.395,71.6312,,slider,1,0,0.00,0.00,0.00,ACTIVE,NONE,1790,0,P,P,0.00,released,RELEASED
2026-05-21 18:04:13.795,72.0311,,slider,1,0,0.00,0.00,0.00,ACTIVE,NONE,1800,0,P,P,0.00,released,RELEASED
2026-05-21 18:04:14.195,72.4311,,slider,1,0,0.00,0.00,0.00,ACTIVE,NONE,1810,0,P,P,0.00,released,RELEASED
2026-05-21 18:04:14.595,72.8313,,slider,1,0,0.00,0.00,0.00,ACTIVE,NONE,1820,0,P,P,0.00,released,RELEASED
2026-05-21 18:04:14.995,73.2313,,slider,1,0,0.00,0.00,0.00,ACTIVE,NONE,1830,0,P,P,0.00,released,RELEASED
2026-05-21 18:04:15.395,73.6313,,slider,1,0,0.00,0.00,0.00,ACTIVE,NONE,1840,0,P,P,0.00,released,RELEASED
2026-05-21 18:04:15.795,74.0313,,slider,1,0,0.00,0.00,0.00,ACTIVE,NONE,1850,0,P,P,0.00,released,RELEASED
2026-05-21 18:04:16.195,74.4313,,slider,1,0,0.00,0.00,0.00,ACTIVE,NONE,1860,0,P,P,0.00,released,RELEASED
2026-05-21 18:04:16.595,74.8314,,slider,1,0,0.00,0.00,0.00,ACTIVE,NONE,1870,0,P,P,0.00,released,RELEASED
2026-05-21 18:04:16.995,75.2315,,slider,1,0,0.00,0.00,0.00,ACTIVE,NONE,1880,0,P,P,0.00,released,RELEASED
2026-05-21 18:04:17.395,75.6314,,slider,1,0,0.00,0.00,0.00,ACTIVE,NONE,1890,0,P,P,0.00,released,RELEASED
2026-05-21 18:04:17.795,76.0315,,slider,1,0,0.00,0.00,0.00,ACTIVE,NONE,1900,0,P,P,0.00,released,RELEASED
2026-05-21 18:04:18.195,76.4315,,slider,1,0,0.00,0.00,0.00,ACTIVE,NONE,1910,0,P,P,0.00,released,RELEASED
2026-05-21 18:04:18.595,76.8316,,slider,1,0,0.00,0.00,0.00,ACTIVE,NONE,1920,0,P,P,0.00,released,RELEASED
2026-05-21 18:04:18.995,77.2315,,slider,1,0,0.00,0.00,0.00,ACTIVE,NONE,1930,0,P,P,0.00,released,RELEASED
2026-05-21 18:04:19.395,77.6316,,slider,1,0,0.00,0.00,0.00,ACTIVE,NONE,1940,0,P,P,0.00,released,RELEASED
2026-05-21 18:04:19.795,78.0317,,slider,1,0,0.00,0.00,0.00,ACTIVE,NONE,1950,0,P,P,0.00,released,RELEASED
2026-05-21 18:04:20.195,78.4317,,slider,1,0,0.00,0.00,0.00,ACTIVE,NONE,1960,0,P,P,0.00,released,RELEASED
2026-05-21 18:04:20.595,78.8317,,slider,1,0,0.00,0.00,0.00,ACTIVE,NONE,1970,0,P,P,0.00,released,RELEASED
2026-05-21 18:04:20.995,79.2317,,slider,1,0,0.00,0.00,0.00,ACTIVE,NONE,1980,0,P,P,0.00,released,RELEASED
2026-05-21 18:04:21.395,79.6318,,slider,1,0,0.00,0.00,0.00,ACTIVE,NONE,1990,0,P,P,0.00,released,RELEASED
2026-05-21 18:04:21.795,80.0319,,slider,1,0,0.00,0.00,0.00,ACTIVE,NONE,2000,0,P,P,0.00,released,RELEASED
2026-05-21 18:04:22.196,80.4319,,slider,1,0,0.00,0.00,0.00,ACTIVE,NONE,2010,0,P,P,0.00,released,RELEASED
2026-05-21 18:04:22.596,80.8320,,slider,1,0,0.00,0.00,0.00,ACTIVE,NONE,2020,0,P,P,0.00,released,RELEASED
2026-05-21 18:04:22.996,81.2320,,slider,1,0,0.00,0.00,0.00,ACTIVE,NONE,2030,0,P,P,0.00,released,RELEASED
2026-05-21 18:04:23.396,81.6321,,slider,1,0,0.00,0.00,0.00,ACTIVE,NONE,2040,0,P,P,0.00,released,RELEASED
2026-05-21 18:04:23.796,82.0320,,slider,1,0,0.00,0.00,0.00,ACTIVE,NONE,2050,0,P,P,0.00,released,RELEASED
2026-05-21 18:04:24.196,82.4321,,slider,1,0,0.00,0.00,0.00,ACTIVE,NONE,2060,0,P,P,0.00,released,RELEASED
2026-05-21 18:04:24.596,82.8321,,slider,1,0,0.00,0.00,0.00,ACTIVE,NONE,2070,0,P,P,0.00,released,RELEASED
2026-05-21 18:04:24.996,83.2321,,slider,1,0,0.00,0.00,0.00,ACTIVE,NONE,2080,0,P,P,0.00,released,RELEASED
2026-05-21 18:04:25.396,83.6322,,slider,1,0,0.00,0.00,0.00,ACTIVE,NONE,2090,0,P,P,0.00,released,RELEASED
2026-05-21 18:04:25.796,84.0322,,slider,1,0,0.00,0.00,0.00,ACTIVE,NONE,2100,0,P,P,0.00,released,RELEASED
2026-05-21 18:04:26.196,84.4322,,slider,1,0,0.00,0.00,0.00,ACTIVE,NONE,2110,0,P,P,0.00,released,RELEASED
2026-05-21 18:04:26.596,84.8323,,slider,1,0,0.00,0.00,0.00,ACTIVE,NONE,2120,0,P,P,0.00,released,RELEASED
2026-05-21 18:04:26.978,85.2145,,slider,1,0,0.00,0.00,0.00,ACTIVE,NONE,2130,0,P,P,0.00,released,RELEASED
2026-05-21 18:04:27.378,85.6148,,slider,1,0,0.00,0.00,0.00,ACTIVE,NONE,2140,0,P,P,0.00,released,RELEASED
2026-05-21 18:04:27.778,86.0147,,slider,1,0,0.00,0.00,0.00,ACTIVE,NONE,2150,0,P,P,0.00,released,RELEASED
2026-05-21 18:04:28.178,86.4147,,slider,1,0,0.00,0.00,0.00,ACTIVE,NONE,2160,0,P,P,0.00,released,RELEASED
2026-05-21 18:04:28.578,86.8148,,slider,1,0,0.00,0.00,0.00,ACTIVE,NONE,2170,0,P,P,0.00,released,RELEASED
2026-05-21 18:04:28.979,87.2152,,slider,1,0,0.00,0.00,0.00,ACTIVE,NONE,2180,0,P,P,0.00,released,RELEASED
2026-05-21 18:04:29.378,87.6149,,slider,1,0,0.00,0.00,0.00,ACTIVE,NONE,2190,0,P,P,0.00,released,RELEASED
2026-05-21 18:04:29.778,88.0148,,slider,1,0,0.00,0.00,0.00,ACTIVE,NONE,2200,0,P,P,0.00,released,RELEASED
2026-05-21 18:04:30.179,88.4157,,slider,1,0,0.00,0.00,0.00,ACTIVE,NONE,2210,0,P,P,0.00,released,RELEASED
2026-05-21 18:04:30.579,88.8152,,slider,1,0,0.00,0.00,0.00,ACTIVE,NONE,2220,0,P,P,0.00,released,RELEASED
2026-05-21 18:04:30.979,89.2153,,slider,1,0,0.00,0.00,0.00,ACTIVE,NONE,2230,0,P,P,0.00,released,RELEASED
2026-05-21 18:04:31.379,89.6152,,slider,1,0,0.00,0.00,0.00,ACTIVE,NONE,2240,0,P,P,0.00,released,RELEASED
2026-05-21 18:04:31.779,90.0151,,slider,1,0,0.00,0.00,0.00,ACTIVE,NONE,2250,0,P,P,0.00,released,RELEASED
2026-05-21 18:04:32.179,90.4152,,slider,1,0,0.00,0.00,0.00,ACTIVE,NONE,2260,0,P,P,0.00,released,RELEASED
2026-05-21 18:04:32.579,90.8152,,slider,1,0,0.00,0.00,0.00,ACTIVE,NONE,2270,0,P,P,0.00,released,RELEASED
2026-05-21 18:04:32.979,91.2156,,slider,1,0,0.00,0.00,0.00,ACTIVE,NONE,2280,0,P,P,0.00,released,RELEASED
2026-05-21 18:04:33.379,91.6153,,slider,1,0,0.00,0.00,0.00,ACTIVE,NONE,2290,0,P,P,0.00,released,RELEASED
2026-05-21 18:04:33.779,92.0152,,slider,1,0,0.00,0.00,0.00,ACTIVE,NONE,2300,0,P,P,0.00,released,RELEASED
2026-05-21 18:04:34.179,92.4153,,slider,1,0,0.00,0.00,0.00,ACTIVE,NONE,2310,0,P,P,0.00,released,RELEASED
2026-05-21 18:04:34.579,92.8154,,slider,1,0,0.00,0.00,0.00,ACTIVE,NONE,2320,0,P,P,0.00,released,RELEASED
2026-05-21 18:04:34.979,93.2155,,slider,1,0,0.00,0.00,0.00,ACTIVE,NONE,2330,0,P,P,0.00,released,RELEASED
2026-05-21 18:04:35.379,93.6159,,slider,1,0,0.00,0.00,0.00,ACTIVE,NONE,2340,0,P,P,0.00,released,RELEASED
2026-05-21 18:04:35.779,94.0153,,slider,1,0,0.00,0.00,0.00,ACTIVE,NONE,2350,0,P,P,0.00,released,RELEASED
2026-05-21 18:04:36.179,94.4154,,slider,1,0,0.00,0.00,0.00,ACTIVE,NONE,2360,0,P,P,0.00,released,RELEASED
2026-05-21 18:04:36.579,94.8155,,slider,1,0,0.00,0.00,0.00,ACTIVE,NONE,2370,0,P,P,0.00,released,RELEASED
2026-05-21 18:04:36.979,95.2156,,slider,1,0,0.00,0.00,0.00,ACTIVE,NONE,2380,0,P,P,0.00,released,RELEASED
2026-05-21 18:04:37.379,95.6157,,slider,1,0,0.00,0.00,0.00,ACTIVE,NONE,2390,0,P,P,0.00,released,RELEASED
2026-05-21 18:04:37.779,96.0156,,slider,1,0,0.00,0.00,0.00,ACTIVE,NONE,2400,0,P,P,0.00,released,RELEASED
2026-05-21 18:04:38.180,96.4160,,slider,1,0,0.00,0.00,0.00,ACTIVE,NONE,2410,0,P,P,0.00,released,RELEASED
2026-05-21 18:04:38.580,96.8161,,slider,1,0,0.00,0.00,0.00,ACTIVE,NONE,2420,0,P,P,0.00,released,RELEASED
2026-05-21 18:04:38.980,97.2161,,slider,1,0,0.00,0.00,0.00,ACTIVE,NONE,2430,0,P,P,0.00,released,RELEASED
2026-05-21 18:04:39.380,97.6160,,slider,1,0,0.00,0.00,0.00,ACTIVE,NONE,2440,0,P,P,0.00,released,RELEASED
2026-05-21 18:04:39.779,98.0158,,slider,1,0,0.00,0.00,0.00,ACTIVE,NONE,2450,0,P,P,0.00,released,RELEASED
2026-05-21 18:04:40.180,98.4161,,slider,1,0,0.00,0.00,0.00,ACTIVE,NONE,2460,0,P,P,0.00,released,RELEASED
2026-05-21 18:04:40.579,98.8157,,slider,1,0,0.00,0.00,0.00,ACTIVE,NONE,2470,0,P,P,0.00,released,RELEASED
2026-05-21 18:04:40.980,99.2159,,slider,1,0,0.00,0.00,0.00,ACTIVE,NONE,2480,0,P,P,0.00,released,RELEASED
2026-05-21 18:04:41.380,99.6162,,slider,1,0,0.00,0.00,0.00,ACTIVE,NONE,2490,0,P,P,0.00,released,RELEASED
2026-05-21 18:04:41.780,100.0162,,slider,1,0,0.00,0.00,0.00,ACTIVE,NONE,2500,0,P,P,0.00,released,RELEASED
2026-05-21 18:04:42.180,100.4161,,slider,1,0,0.00,0.00,0.00,ACTIVE,NONE,2510,0,P,P,0.00,released,RELEASED
2026-05-21 18:04:42.580,100.8164,,slider,1,0,0.00,0.00,0.00,ACTIVE,NONE,2520,0,P,P,0.00,released,RELEASED
2026-05-21 18:04:42.980,101.2165,,slider,1,0,0.00,0.00,0.00,ACTIVE,NONE,2530,0,P,P,0.00,released,RELEASED
2026-05-21 18:04:43.380,101.6165,,slider,1,0,0.00,0.00,0.00,ACTIVE,NONE,2540,0,P,P,0.00,released,RELEASED
2026-05-21 18:04:43.780,102.0164,,slider,1,0,0.00,0.00,0.00,ACTIVE,NONE,2550,0,P,P,0.00,released,RELEASED
2026-05-21 18:04:44.180,102.4163,,slider,1,0,0.00,0.00,0.00,ACTIVE,NONE,2560,0,P,P,0.00,released,RELEASED
2026-05-21 18:04:44.580,102.8165,,slider,1,0,0.00,0.00,0.00,ACTIVE,NONE,2570,0,P,P,0.00,released,RELEASED
2026-05-21 18:04:44.980,103.2168,,slider,1,0,0.00,0.00,0.00,ACTIVE,NONE,2580,0,P,P,0.00,released,RELEASED
2026-05-21 18:04:45.381,103.6178,,slider,1,0,0.00,0.00,0.00,ACTIVE,NONE,2590,0,P,P,0.00,released,RELEASED
2026-05-21 18:04:45.782,104.0181,,slider,1,0,0.00,0.00,0.00,ACTIVE,NONE,2600,0,P,P,0.00,released,RELEASED
2026-05-21 18:04:46.181,104.4178,,slider,1,0,0.00,0.00,0.00,ACTIVE,NONE,2610,0,P,P,0.00,released,RELEASED
2026-05-21 18:04:46.582,104.8181,,slider,1,0,0.00,0.00,0.00,ACTIVE,NONE,2620,0,P,P,0.00,released,RELEASED
2026-05-21 18:04:46.982,105.2181,,slider,1,0,0.00,0.00,0.00,ACTIVE,NONE,2630,0,P,P,0.00,released,RELEASED
2026-05-21 18:04:47.382,105.6184,,slider,1,0,0.00,0.00,0.00,ACTIVE,NONE,2640,0,P,P,0.00,released,RELEASED
2026-05-21 18:04:47.782,106.0187,,slider,1,0,0.00,0.00,0.00,ACTIVE,NONE,2650,0,P,P,0.00,released,RELEASED
2026-05-21 18:04:48.182,106.4183,,slider,1,0,0.00,0.00,0.00,ACTIVE,NONE,2660,0,P,P,0.00,released,RELEASED
2026-05-21 18:04:48.583,106.8189,,slider,1,0,0.00,0.00,0.00,ACTIVE,NONE,2670,0,P,P,0.00,released,RELEASED
2026-05-21 18:04:48.982,107.2188,,slider,1,0,0.00,0.00,0.00,ACTIVE,NONE,2680,0,P,P,0.00,released,RELEASED
2026-05-21 18:04:49.382,107.6183,,slider,1,0,0.00,0.00,0.00,ACTIVE,NONE,2690,0,P,P,0.00,released,RELEASED
2026-05-21 18:04:49.782,108.0188,,slider,1,0,0.00,0.00,0.00,ACTIVE,NONE,2700,0,P,P,0.00,released,RELEASED
2026-05-21 18:04:50.182,108.4187,,slider,1,0,0.00,0.00,0.00,ACTIVE,NONE,2710,0,P,P,0.00,released,RELEASED
2026-05-21 18:04:50.582,108.8188,,slider,1,0,0.00,0.00,0.00,ACTIVE,NONE,2720,0,P,P,0.00,released,RELEASED
2026-05-21 18:04:50.982,109.2188,,slider,1,0,0.00,0.00,0.00,ACTIVE,NONE,2730,0,P,P,0.00,released,RELEASED
2026-05-21 18:04:51.382,109.6187,,slider,1,0,0.00,0.00,0.00,ACTIVE,NONE,2740,0,P,P,0.00,released,RELEASED
2026-05-21 18:04:51.782,110.0189,,slider,1,0,0.00,0.00,0.00,ACTIVE,NONE,2750,0,P,P,0.00,released,RELEASED
2026-05-21 18:04:52.182,110.4189,,slider,1,0,0.00,0.00,0.00,ACTIVE,NONE,2760,0,P,P,0.00,released,RELEASED
2026-05-21 18:04:52.583,110.8190,,slider,1,0,0.00,0.00,0.00,ACTIVE,NONE,2770,0,P,P,0.00,released,RELEASED
2026-05-21 18:04:52.983,111.2192,,slider,1,0,0.00,0.00,0.00,ACTIVE,NONE,2780,0,P,P,0.00,released,RELEASED
2026-05-21 18:04:53.382,111.6186,,slider,1,0,0.00,0.00,0.00,ACTIVE,NONE,2790,0,P,P,0.00,released,RELEASED
2026-05-21 18:04:53.783,112.0191,,slider,1,0,0.00,0.00,0.00,ACTIVE,NONE,2800,0,P,P,0.00,released,RELEASED
2026-05-21 18:04:54.183,112.4190,,slider,1,0,0.00,0.00,0.00,ACTIVE,NONE,2810,0,P,P,0.00,released,RELEASED
2026-05-21 18:04:54.583,112.8192,,slider,1,0,0.00,0.00,0.00,ACTIVE,NONE,2820,0,P,P,0.00,released,RELEASED
2026-05-21 18:04:54.983,113.2190,,slider,1,0,0.00,0.00,0.00,ACTIVE,NONE,2830,0,P,P,0.00,released,RELEASED
2026-05-21 18:04:55.383,113.6192,,slider,1,0,0.00,0.00,0.00,ACTIVE,NONE,2840,0,P,P,0.00,released,RELEASED
2026-05-21 18:04:55.783,114.0191,,slider,1,0,0.00,0.00,0.00,ACTIVE,NONE,2850,0,P,P,0.00,released,RELEASED
2026-05-21 18:04:56.183,114.4191,,slider,1,0,0.00,0.00,0.00,ACTIVE,NONE,2860,0,P,P,0.00,released,RELEASED
2026-05-21 18:04:56.583,114.8189,,slider,1,0,0.00,0.00,0.00,ACTIVE,NONE,2870,0,P,P,0.00,released,RELEASED
2026-05-21 18:04:56.983,115.2194,,slider,1,0,0.00,0.00,0.00,ACTIVE,NONE,2880,0,P,P,0.00,released,RELEASED
2026-05-21 18:04:57.383,115.6197,,slider,1,0,0.00,0.00,0.00,ACTIVE,NONE,2890,0,P,P,0.00,released,RELEASED
2026-05-21 18:04:57.783,116.0192,,slider,1,0,0.00,0.00,0.00,ACTIVE,NONE,2900,0,P,P,0.00,released,RELEASED
2026-05-21 18:04:58.183,116.4193,,slider,1,0,0.00,0.00,0.00,ACTIVE,NONE,2910,0,P,P,0.00,released,RELEASED
2026-05-21 18:04:58.583,116.8192,,slider,1,0,0.00,0.00,0.00,ACTIVE,NONE,2920,0,P,P,0.00,released,RELEASED
2026-05-21 18:04:58.983,117.2193,,slider,1,0,0.00,0.00,0.00,ACTIVE,NONE,2930,0,P,P,0.00,released,RELEASED
2026-05-21 18:04:59.383,117.6192,,slider,1,0,0.00,0.00,0.00,ACTIVE,NONE,2940,0,P,P,0.00,released,RELEASED
2026-05-21 18:04:59.783,118.0193,,slider,1,0,0.00,0.00,0.00,ACTIVE,NONE,2950,0,P,P,0.00,released,RELEASED
2026-05-21 18:05:00.183,118.4193,,slider,1,0,0.00,0.00,0.00,ACTIVE,NONE,2960,0,P,P,0.00,released,RELEASED
2026-05-21 18:05:00.583,118.8195,,slider,1,0,0.00,0.00,0.00,ACTIVE,NONE,2970,0,P,P,0.00,released,RELEASED
2026-05-21 18:05:00.983,119.2195,,slider,1,0,0.00,0.00,0.00,ACTIVE,NONE,2980,0,P,P,0.00,released,RELEASED
2026-05-21 18:05:01.383,119.6195,,slider,1,0,0.00,0.00,0.00,ACTIVE,NONE,2990,0,P,P,0.00,released,RELEASED
2026-05-21 18:05:01.783,120.0194,,slider,1,0,0.00,0.00,0.00,ACTIVE,NONE,3000,0,P,P,0.00,released,RELEASED
2026-05-21 18:05:02.183,120.4196,,slider,1,0,0.00,0.00,0.00,ACTIVE,NONE,3010,0,P,P,0.00,released,RELEASED
2026-05-21 18:05:02.583,120.8193,,slider,1,0,0.00,0.00,0.00,ACTIVE,NONE,3020,0,P,P,0.00,released,RELEASED
2026-05-21 18:05:02.983,121.2198,,slider,1,0,0.00,0.00,0.00,ACTIVE,NONE,3030,0,P,P,0.00,released,RELEASED
2026-05-21 18:05:03.383,121.6198,,slider,1,0,0.00,0.00,0.00,ACTIVE,NONE,3040,0,P,P,0.00,released,RELEASED
2026-05-21 18:05:03.784,122.0201,,slider,1,0,0.00,0.00,0.00,ACTIVE,NONE,3050,0,P,P,0.00,released,RELEASED
2026-05-21 18:05:04.183,122.4198,,slider,1,0,0.00,0.00,0.00,ACTIVE,NONE,3060,0,P,P,0.00,released,RELEASED
2026-05-21 18:05:04.583,122.8196,,slider,1,0,0.00,0.00,0.00,ACTIVE,NONE,3070,0,P,P,0.00,released,RELEASED
2026-05-21 18:05:04.984,123.2200,,slider,1,0,0.00,0.00,0.00,ACTIVE,NONE,3080,0,P,P,0.00,released,RELEASED
2026-05-21 18:05:05.383,123.6198,,slider,1,0,0.00,0.00,0.00,ACTIVE,NONE,3090,0,P,P,0.00,released,RELEASED
2026-05-21 18:05:05.783,124.0198,,slider,1,0,0.00,0.00,0.00,ACTIVE,NONE,3100,0,P,P,0.00,released,RELEASED
2026-05-21 18:05:06.183,124.4198,,slider,1,0,0.00,0.00,0.00,ACTIVE,NONE,3110,0,P,P,0.00,released,RELEASED
2026-05-21 18:05:06.583,124.8197,,slider,1,0,0.00,0.00,0.00,ACTIVE,NONE,3120,0,P,P,0.00,released,RELEASED
2026-05-21 18:05:06.984,125.2204,,slider,1,0,0.00,0.00,0.00,ACTIVE,NONE,3130,0,P,P,0.00,released,RELEASED
2026-05-21 18:05:07.384,125.6202,,slider,1,0,0.00,0.00,0.00,ACTIVE,NONE,3140,0,P,P,0.00,released,RELEASED
2026-05-21 18:05:07.784,126.0200,,slider,1,0,0.00,0.00,0.00,ACTIVE,NONE,3150,0,P,P,0.00,released,RELEASED
2026-05-21 18:05:08.184,126.4202,,slider,1,0,0.00,0.00,0.00,ACTIVE,NONE,3160,0,P,P,0.00,released,RELEASED
2026-05-21 18:05:08.584,126.8199,,slider,1,0,0.00,0.00,0.00,ACTIVE,NONE,3170,0,P,P,0.00,released,RELEASED
2026-05-21 18:05:08.984,127.2201,,slider,1,0,0.00,0.00,0.00,ACTIVE,NONE,3180,0,P,P,0.00,released,RELEASED
2026-05-21 18:05:09.384,127.6200,,slider,1,0,0.00,0.00,0.00,ACTIVE,NONE,3190,0,P,P,0.00,released,RELEASED
2026-05-21 18:05:09.784,128.0206,,slider,1,0,0.00,0.00,0.00,ACTIVE,NONE,3200,0,P,P,0.00,released,RELEASED
2026-05-21 18:05:10.184,128.4202,,slider,1,0,0.00,0.00,0.00,ACTIVE,NONE,3210,0,P,P,0.00,released,RELEASED
2026-05-21 18:05:10.584,128.8201,,slider,1,0,0.00,0.00,0.00,ACTIVE,NONE,3220,0,P,P,0.00,released,RELEASED
2026-05-21 18:05:10.984,129.2205,,slider,1,0,0.00,0.00,0.00,ACTIVE,NONE,3230,0,P,P,0.00,released,RELEASED
2026-05-21 18:05:11.384,129.6206,,slider,1,0,0.00,0.00,0.00,ACTIVE,NONE,3240,0,P,P,0.00,released,RELEASED
2026-05-21 18:05:11.784,130.0204,,slider,1,0,0.00,0.00,0.00,ACTIVE,NONE,3250,0,P,P,0.00,released,RELEASED
2026-05-21 18:05:12.184,130.4202,,slider,1,0,0.00,0.00,0.00,ACTIVE,NONE,3260,0,P,P,0.00,released,RELEASED
2026-05-21 18:05:12.584,130.8203,,slider,1,0,0.00,0.00,0.00,ACTIVE,NONE,3270,0,P,P,0.00,released,RELEASED
2026-05-21 18:05:12.984,131.2205,,slider,1,0,0.00,0.00,0.00,ACTIVE,NONE,3280,0,P,P,0.00,released,RELEASED
2026-05-21 18:05:13.384,131.6203,,slider,1,0,0.00,0.00,0.00,ACTIVE,NONE,3290,0,P,P,0.00,released,RELEASED
2026-05-21 18:05:13.784,132.0204,,slider,1,0,0.00,0.00,0.00,ACTIVE,NONE,3300,0,P,P,0.00,released,RELEASED
2026-05-21 18:05:14.184,132.4204,,slider,1,0,0.00,0.00,0.00,ACTIVE,NONE,3310,0,P,P,0.00,released,RELEASED
2026-05-21 18:05:14.584,132.8204,,slider,1,0,0.00,0.00,0.00,ACTIVE,NONE,3320,0,P,P,0.00,released,RELEASED
2026-05-21 18:05:14.984,133.2207,,slider,1,0,0.00,0.00,0.00,ACTIVE,NONE,3330,0,P,P,0.00,released,RELEASED
2026-05-21 18:05:15.384,133.6208,,slider,1,0,0.00,0.00,0.00,ACTIVE,NONE,3340,0,P,P,0.00,released,RELEASED
2026-05-21 18:05:15.784,134.0206,,slider,1,0,0.00,0.00,0.00,ACTIVE,NONE,3350,0,P,P,0.00,released,RELEASED
2026-05-21 18:05:16.185,134.4209,,slider,1,0,0.00,0.00,0.00,ACTIVE,NONE,3360,0,P,P,0.00,released,RELEASED
2026-05-21 18:05:16.584,134.8205,,slider,1,0,0.00,0.00,0.00,ACTIVE,NONE,3370,0,P,P,0.00,released,RELEASED
2026-05-21 18:05:16.984,135.2206,,slider,1,0,0.00,0.00,0.00,ACTIVE,NONE,3380,0,P,P,0.00,released,RELEASED
2026-05-21 18:05:17.384,135.6204,,slider,1,0,0.00,0.00,0.00,ACTIVE,NONE,3390,0,P,P,0.00,released,RELEASED
2026-05-21 18:05:17.784,136.0207,,slider,1,0,0.00,0.00,0.00,ACTIVE,NONE,3400,0,P,P,0.00,released,RELEASED
2026-05-21 18:05:18.184,136.4207,,slider,1,0,0.00,0.00,0.00,ACTIVE,NONE,3410,0,P,P,0.00,released,RELEASED
2026-05-21 18:05:18.584,136.8206,,slider,1,0,0.00,0.00,0.00,ACTIVE,NONE,3420,0,P,P,0.00,released,RELEASED
2026-05-21 18:05:18.984,137.2209,,slider,1,0,0.00,0.00,0.00,ACTIVE,NONE,3430,0,P,P,0.00,released,RELEASED
2026-05-21 18:05:19.384,137.6206,,slider,1,0,0.00,0.00,0.00,ACTIVE,NONE,3440,0,P,P,0.00,released,RELEASED
2026-05-21 18:05:19.785,138.0209,,slider,1,0,0.00,0.00,0.00,ACTIVE,NONE,3450,0,P,P,0.00,released,RELEASED
2026-05-21 18:05:20.185,138.4209,,slider,1,0,0.00,0.00,0.00,ACTIVE,NONE,3460,0,P,P,0.00,released,RELEASED
2026-05-21 18:05:20.584,138.8207,,slider,1,0,0.00,0.00,0.00,ACTIVE,NONE,3470,0,P,P,0.00,released,RELEASED
2026-05-21 18:05:20.985,139.2212,,slider,1,0,0.00,0.00,0.00,ACTIVE,NONE,3480,0,P,P,0.00,released,RELEASED
2026-05-21 18:05:21.384,139.6207,,slider,1,0,0.00,0.00,0.00,ACTIVE,NONE,3490,0,P,P,0.00,released,RELEASED
2026-05-21 18:05:21.785,140.0213,,slider,1,0,0.00,0.00,0.00,ACTIVE,NONE,3500,0,P,P,0.00,released,RELEASED
2026-05-21 18:05:22.185,140.4211,,slider,1,0,0.00,0.00,0.00,ACTIVE,NONE,3510,0,P,P,0.00,released,RELEASED
2026-05-21 18:05:22.585,140.8212,,slider,1,0,0.00,0.00,0.00,ACTIVE,NONE,3520,0,P,P,0.00,released,RELEASED
2026-05-21 18:05:22.985,141.2214,,slider,1,0,0.00,0.00,0.00,ACTIVE,NONE,3530,0,P,P,0.00,released,RELEASED
2026-05-21 18:05:23.385,141.6210,,slider,1,0,0.00,0.00,0.00,ACTIVE,NONE,3540,0,P,P,0.00,released,RELEASED
2026-05-21 18:05:23.785,142.0211,,slider,1,0,0.00,0.00,0.00,ACTIVE,NONE,3550,0,P,P,0.00,released,RELEASED
2026-05-21 18:05:24.185,142.4213,,slider,1,0,0.00,0.00,0.00,ACTIVE,NONE,3560,0,P,P,0.00,released,RELEASED
2026-05-21 18:05:24.585,142.8213,,slider,1,0,0.00,0.00,0.00,ACTIVE,NONE,3570,0,P,P,0.00,released,RELEASED
2026-05-21 18:05:24.985,143.2216,,slider,1,0,0.00,0.00,0.00,ACTIVE,NONE,3580,0,P,P,0.00,released,RELEASED
2026-05-21 18:05:25.385,143.6215,,slider,1,0,0.00,0.00,0.00,ACTIVE,NONE,3590,0,P,P,0.00,released,RELEASED
2026-05-21 18:05:25.785,144.0216,,slider,1,0,0.00,0.00,0.00,ACTIVE,NONE,3600,0,P,P,0.00,released,RELEASED
2026-05-21 18:05:26.185,144.4216,,slider,1,0,0.00,0.00,0.00,ACTIVE,NONE,3610,0,P,P,0.00,released,RELEASED
2026-05-21 18:05:26.585,144.8214,,slider,1,0,0.00,0.00,0.00,ACTIVE,NONE,3620,0,P,P,0.00,released,RELEASED
2026-05-21 18:05:26.985,145.2216,,slider,1,0,0.00,0.00,0.00,ACTIVE,NONE,3630,0,P,P,0.00,released,RELEASED
2026-05-21 18:05:27.385,145.6217,,slider,1,0,0.00,0.00,0.00,ACTIVE,NONE,3640,0,P,P,0.00,released,RELEASED
2026-05-21 18:05:27.788,146.0241,,slider,1,0,0.00,0.00,0.00,ACTIVE,NONE,3650,0,P,P,0.00,released,RELEASED
2026-05-21 18:05:28.188,146.4242,,slider,1,0,0.00,0.00,0.00,ACTIVE,NONE,3660,0,P,P,0.00,released,RELEASED
2026-05-21 18:05:28.588,146.8243,,slider,1,0,0.00,0.00,0.00,ACTIVE,NONE,3670,0,P,P,0.00,released,RELEASED
2026-05-21 18:05:28.988,147.2243,,slider,1,0,0.00,0.00,0.00,ACTIVE,NONE,3680,0,P,P,0.00,released,RELEASED
2026-05-21 18:05:29.388,147.6241,,slider,1,0,0.00,0.00,0.00,ACTIVE,NONE,3690,0,P,P,0.00,released,RELEASED
2026-05-21 18:05:29.788,148.0245,,slider,1,0,0.00,0.00,0.00,ACTIVE,NONE,3700,0,P,P,0.00,released,RELEASED
2026-05-21 18:05:30.188,148.4242,,slider,1,0,0.00,0.00,0.00,ACTIVE,NONE,3710,0,P,P,0.00,released,RELEASED
2026-05-21 18:05:30.588,148.8243,,slider,1,0,0.00,0.00,0.00,ACTIVE,NONE,3720,0,P,P,0.00,released,RELEASED
2026-05-21 18:05:30.988,149.2243,,slider,1,0,0.00,0.00,0.00,ACTIVE,NONE,3730,0,P,P,0.00,released,RELEASED
2026-05-21 18:05:31.388,149.6241,,slider,1,0,0.00,0.00,0.00,ACTIVE,NONE,3740,0,P,P,0.00,released,RELEASED
2026-05-21 18:05:31.788,150.0243,,slider,1,0,0.00,0.00,0.00,ACTIVE,NONE,3750,0,P,P,0.00,released,RELEASED
2026-05-21 18:05:32.188,150.4245,,slider,1,0,0.00,0.00,0.00,ACTIVE,NONE,3760,0,P,P,0.00,released,RELEASED
2026-05-21 18:05:32.588,150.8242,,slider,1,0,0.00,0.00,0.00,ACTIVE,NONE,3770,0,P,P,0.00,released,RELEASED
2026-05-21 18:05:32.988,151.2241,,slider,1,0,0.00,0.00,0.00,ACTIVE,NONE,3780,0,P,P,0.00,released,RELEASED
2026-05-21 18:05:33.388,151.6241,,slider,1,0,0.00,0.00,0.00,ACTIVE,NONE,3790,0,P,P,0.00,released,RELEASED
2026-05-21 18:05:33.788,152.0243,,slider,1,0,0.00,0.00,0.00,ACTIVE,NONE,3800,0,P,P,0.00,released,RELEASED
2026-05-21 18:05:34.188,152.4242,,slider,1,0,0.00,0.00,0.00,ACTIVE,NONE,3810,0,P,P,0.00,released,RELEASED
2026-05-21 18:05:34.588,152.8242,,slider,1,0,0.00,0.00,0.00,ACTIVE,NONE,3820,0,P,P,0.00,released,RELEASED
2026-05-21 18:05:34.988,153.2241,,slider,1,0,0.00,0.00,0.00,ACTIVE,NONE,3830,0,P,P,0.00,released,RELEASED
2026-05-21 18:05:35.388,153.6243,,slider,1,0,0.00,0.00,0.00,ACTIVE,NONE,3840,0,P,P,0.00,released,RELEASED
2026-05-21 18:05:35.788,154.0243,,slider,1,0,0.00,0.00,0.00,ACTIVE,NONE,3850,0,P,P,0.00,released,RELEASED
2026-05-21 18:05:36.188,154.4243,,slider,1,0,0.00,0.00,0.00,ACTIVE,NONE,3860,0,P,P,0.00,released,RELEASED
2026-05-21 18:05:36.588,154.8243,,slider,1,0,0.00,0.00,0.00,ACTIVE,NONE,3870,0,P,P,0.00,released,RELEASED
2026-05-21 18:05:36.988,155.2243,,slider,1,0,0.00,0.00,0.00,ACTIVE,NONE,3880,0,P,P,0.00,released,RELEASED
2026-05-21 18:05:37.388,155.6242,,slider,1,0,0.00,0.00,0.00,ACTIVE,NONE,3890,0,P,P,0.00,released,RELEASED
2026-05-21 18:05:37.788,156.0245,,slider,1,0,0.00,0.00,0.00,ACTIVE,NONE,3900,0,P,P,0.00,released,RELEASED
2026-05-21 18:05:38.188,156.4243,,slider,1,0,0.00,0.00,0.00,ACTIVE,NONE,3910,0,P,P,0.00,released,RELEASED
2026-05-21 18:05:38.588,156.8241,,slider,1,0,0.00,0.00,0.00,ACTIVE,NONE,3920,0,P,P,0.00,released,RELEASED
2026-05-21 18:05:38.988,157.2242,,slider,1,0,0.00,0.00,0.00,ACTIVE,NONE,3930,0,P,P,0.00,released,RELEASED
2026-05-21 18:05:39.388,157.6241,,slider,1,0,0.00,0.00,0.00,ACTIVE,NONE,3940,0,P,P,0.00,released,RELEASED
2026-05-21 18:05:39.788,158.0242,,slider,1,0,0.00,0.00,0.00,ACTIVE,NONE,3950,0,P,P,0.00,released,RELEASED
2026-05-21 18:05:40.188,158.4242,,slider,1,0,0.00,0.00,0.00,ACTIVE,NONE,3960,0,P,P,0.00,released,RELEASED
2026-05-21 18:05:40.588,158.8243,,slider,1,0,0.00,0.00,0.00,ACTIVE,NONE,3970,0,P,P,0.00,released,RELEASED
2026-05-21 18:05:40.988,159.2242,,slider,1,0,0.00,0.00,0.00,ACTIVE,NONE,3980,0,P,P,0.00,released,RELEASED
2026-05-21 18:05:41.388,159.6241,,slider,1,0,0.00,0.00,0.00,ACTIVE,NONE,3990,0,P,P,0.00,released,RELEASED
2026-05-21 18:05:41.788,160.0242,,slider,1,0,0.00,0.00,0.00,ACTIVE,NONE,4000,0,P,P,0.00,released,RELEASED
2026-05-21 18:05:42.188,160.4244,,slider,1,0,0.00,0.00,0.00,ACTIVE,NONE,4010,0,P,P,0.00,released,RELEASED
2026-05-21 18:05:42.588,160.8242,,slider,1,0,0.00,0.00,0.00,ACTIVE,NONE,4020,0,P,P,0.00,released,RELEASED
2026-05-21 18:05:42.988,161.2242,,slider,1,0,0.00,0.00,0.00,ACTIVE,NONE,4030,0,P,P,0.00,released,RELEASED
2026-05-21 18:05:43.388,161.6242,,slider,1,0,0.00,0.00,0.00,ACTIVE,NONE,4040,0,P,P,0.00,released,RELEASED
2026-05-21 18:05:43.788,162.0242,,slider,1,0,0.00,0.00,0.00,ACTIVE,NONE,4050,0,P,P,0.00,released,RELEASED
2026-05-21 18:05:44.188,162.4242,,slider,1,0,0.00,0.00,0.00,ACTIVE,NONE,4060,0,P,P,0.00,released,RELEASED
2026-05-21 18:05:44.588,162.8243,,slider,1,0,0.00,0.00,0.00,ACTIVE,NONE,4070,0,P,P,0.00,released,RELEASED
2026-05-21 18:05:44.988,163.2242,,slider,1,0,0.00,0.00,0.00,ACTIVE,NONE,4080,0,P,P,0.00,released,RELEASED
2026-05-21 18:05:45.388,163.6243,,slider,1,0,0.00,0.00,0.00,ACTIVE,NONE,4090,0,P,P,0.00,released,RELEASED
2026-05-21 18:05:45.788,164.0243,,slider,1,0,0.00,0.00,0.00,ACTIVE,NONE,4100,0,P,P,0.00,released,RELEASED
2026-05-21 18:05:46.188,164.4244,,slider,1,0,0.00,0.00,0.00,ACTIVE,NONE,4110,0,P,P,0.00,released,RELEASED
2026-05-21 18:05:46.588,164.8244,,slider,1,0,0.00,0.00,0.00,ACTIVE,NONE,4120,0,P,P,0.00,released,RELEASED
2026-05-21 18:05:46.988,165.2243,,slider,1,0,0.00,0.00,0.00,ACTIVE,NONE,4130,0,P,P,0.00,released,RELEASED
2026-05-21 18:05:47.388,165.6244,,slider,1,0,0.00,0.00,0.00,ACTIVE,NONE,4140,0,P,P,0.00,released,RELEASED
2026-05-21 18:05:47.788,166.0243,,slider,1,0,0.00,0.00,0.00,ACTIVE,NONE,4150,0,P,P,0.00,released,RELEASED
2026-05-21 18:05:48.188,166.4244,,slider,1,0,0.00,0.00,0.00,ACTIVE,NONE,4160,0,P,P,0.00,released,RELEASED
2026-05-21 18:05:48.588,166.8243,,slider,1,0,0.00,0.00,0.00,ACTIVE,NONE,4170,0,P,P,0.00,released,RELEASED
2026-05-21 18:05:48.988,167.2243,,slider,1,0,0.00,0.00,0.00,ACTIVE,NONE,4180,0,P,P,0.00,released,RELEASED
2026-05-21 18:05:49.388,167.6244,,slider,1,0,0.00,0.00,0.00,ACTIVE,NONE,4190,0,P,P,0.00,released,RELEASED
2026-05-21 18:05:49.788,168.0244,,slider,1,0,0.00,0.00,0.00,ACTIVE,NONE,4200,0,P,P,0.00,released,RELEASED
2026-05-21 18:05:50.188,168.4245,,slider,1,0,0.00,0.00,0.00,ACTIVE,NONE,4210,0,P,P,0.00,released,RELEASED
2026-05-21 18:05:50.588,168.8243,,slider,1,0,0.00,0.00,0.00,ACTIVE,NONE,4220,0,P,P,0.00,released,RELEASED
2026-05-21 18:05:50.988,169.2244,,slider,1,0,0.00,0.00,0.00,ACTIVE,NONE,4230,0,P,P,0.00,released,RELEASED
2026-05-21 18:05:51.388,169.6244,,slider,1,0,0.00,0.00,0.00,ACTIVE,NONE,4240,0,P,P,0.00,released,RELEASED
2026-05-21 18:05:51.788,170.0245,,slider,1,0,0.00,0.00,0.00,ACTIVE,NONE,4250,0,P,P,0.00,released,RELEASED
2026-05-21 18:05:52.188,170.4246,,slider,1,0,0.00,0.00,0.00,ACTIVE,NONE,4260,0,P,P,0.00,released,RELEASED
2026-05-21 18:05:52.588,170.8244,,slider,1,0,0.00,0.00,0.00,ACTIVE,NONE,4270,0,P,P,0.00,released,RELEASED
2026-05-21 18:05:52.988,171.2244,,slider,1,0,0.00,0.00,0.00,ACTIVE,NONE,4280,0,P,P,0.00,released,RELEASED
2026-05-21 18:05:53.388,171.6245,,slider,1,0,0.00,0.00,0.00,ACTIVE,NONE,4290,0,P,P,0.00,released,RELEASED
2026-05-21 18:05:53.788,172.0244,,slider,1,0,0.00,0.00,0.00,ACTIVE,NONE,4300,0,P,P,0.00,released,RELEASED
2026-05-21 18:05:54.188,172.4245,,slider,1,0,0.00,0.00,0.00,ACTIVE,NONE,4310,0,P,P,0.00,released,RELEASED
2026-05-21 18:05:54.588,172.8245,,slider,1,0,0.00,0.00,0.00,ACTIVE,NONE,4320,0,P,P,0.00,released,RELEASED
2026-05-21 18:05:54.988,173.2245,,slider,1,0,0.00,0.00,0.00,ACTIVE,NONE,4330,0,P,P,0.00,released,RELEASED
2026-05-21 18:05:55.388,173.6246,,slider,1,0,0.00,0.00,0.00,ACTIVE,NONE,4340,0,P,P,0.00,released,RELEASED
2026-05-21 18:05:55.788,174.0244,,slider,1,0,0.00,0.00,0.00,ACTIVE,NONE,4350,0,P,P,0.00,released,RELEASED
2026-05-21 18:05:56.188,174.4244,,slider,1,0,0.00,0.00,0.00,ACTIVE,NONE,4360,0,P,P,0.00,released,RELEASED
2026-05-21 18:05:56.588,174.8244,,slider,1,0,0.00,0.00,0.00,ACTIVE,NONE,4370,0,P,P,0.00,released,RELEASED
2026-05-21 18:05:56.988,175.2245,,slider,1,0,0.00,0.00,0.00,ACTIVE,NONE,4380,0,P,P,0.00,released,RELEASED
2026-05-21 18:05:57.388,175.6244,,slider,1,0,0.00,0.00,0.00,ACTIVE,NONE,4390,0,P,P,0.00,released,RELEASED
2026-05-21 18:05:57.788,176.0245,,slider,1,0,0.00,0.00,0.00,ACTIVE,NONE,4400,0,P,P,0.00,released,RELEASED
2026-05-21 18:05:58.188,176.4246,,slider,1,0,0.00,0.00,0.00,ACTIVE,NONE,4410,0,P,P,0.00,released,RELEASED
2026-05-21 18:05:58.588,176.8246,,slider,1,0,0.00,0.00,0.00,ACTIVE,NONE,4420,0,P,P,0.00,released,RELEASED
2026-05-21 18:05:58.988,177.2245,,slider,1,0,0.00,0.00,0.00,ACTIVE,NONE,4430,0,P,P,0.00,released,RELEASED
2026-05-21 18:05:59.388,177.6245,,slider,1,0,0.00,0.00,0.00,ACTIVE,NONE,4440,0,P,P,0.00,released,RELEASED
2026-05-21 18:05:59.788,178.0245,,slider,1,0,0.00,0.00,0.00,ACTIVE,NONE,4450,0,P,P,0.00,released,RELEASED
2026-05-21 18:06:00.188,178.4245,,slider,1,0,0.00,0.00,0.00,ACTIVE,NONE,4460,0,P,P,0.00,released,RELEASED
2026-05-21 18:06:00.588,178.8244,,slider,1,0,0.00,0.00,0.00,ACTIVE,NONE,4470,0,P,P,0.00,released,RELEASED
2026-05-21 18:06:00.988,179.2245,,slider,1,0,0.00,0.00,0.00,ACTIVE,NONE,4480,0,P,P,0.00,released,RELEASED
2026-05-21 18:06:01.388,179.6245,,slider,1,0,0.00,0.00,0.00,ACTIVE,NONE,4490,0,P,P,0.00,released,RELEASED
2026-05-21 18:06:01.788,180.0245,,slider,1,0,0.00,0.00,0.00,ACTIVE,NONE,4500,0,P,P,0.00,released,RELEASED
2026-05-21 18:06:02.188,180.4245,,slider,1,0,0.00,0.00,0.00,ACTIVE,NONE,4510,0,P,P,0.00,released,RELEASED
2026-05-21 18:06:02.588,180.8245,,slider,1,0,0.00,0.00,0.00,ACTIVE,NONE,4520,0,P,P,0.00,released,RELEASED
2026-05-21 18:06:02.988,181.2247,,slider,1,0,0.00,0.00,0.00,ACTIVE,NONE,4530,0,P,P,0.00,released,RELEASED
2026-05-21 18:06:03.388,181.6245,,slider,1,0,0.00,0.00,0.00,ACTIVE,NONE,4540,0,P,P,0.00,released,RELEASED
2026-05-21 18:06:03.788,182.0246,,slider,1,0,0.00,0.00,0.00,ACTIVE,NONE,4550,0,P,P,0.00,released,RELEASED
2026-05-21 18:06:04.188,182.4248,,slider,1,0,0.00,0.00,0.00,ACTIVE,NONE,4560,0,P,P,0.00,released,RELEASED
2026-05-21 18:06:04.588,182.8248,,slider,1,0,0.00,0.00,0.00,ACTIVE,NONE,4570,0,P,P,0.00,released,RELEASED
2026-05-21 18:06:04.988,183.2246,,slider,1,0,0.00,0.00,0.00,ACTIVE,NONE,4580,0,P,P,0.00,released,RELEASED
2026-05-21 18:06:05.388,183.6246,,slider,1,0,0.00,0.00,0.00,ACTIVE,NONE,4590,0,P,P,0.00,released,RELEASED
2026-05-21 18:06:05.788,184.0246,,slider,1,0,0.00,0.00,0.00,ACTIVE,NONE,4600,0,P,P,0.00,released,RELEASED
2026-05-21 18:06:06.188,184.4246,,slider,1,0,0.00,0.00,0.00,ACTIVE,NONE,4610,0,P,P,0.00,released,RELEASED
2026-05-21 18:06:06.588,184.8246,,slider,1,0,0.00,0.00,0.00,ACTIVE,NONE,4620,0,P,P,0.00,released,RELEASED
2026-05-21 18:06:06.988,185.2246,,slider,1,0,0.00,0.00,0.00,ACTIVE,NONE,4630,0,P,P,0.00,released,RELEASED
2026-05-21 18:06:07.388,185.6246,,slider,1,0,0.00,0.00,0.00,ACTIVE,NONE,4640,0,P,P,0.00,released,RELEASED
2026-05-21 18:06:07.788,186.0247,,slider,1,0,0.00,0.00,0.00,ACTIVE,NONE,4650,0,P,P,0.00,released,RELEASED
2026-05-21 18:06:08.188,186.4248,,slider,1,0,0.00,0.00,0.00,ACTIVE,NONE,4660,0,P,P,0.00,released,RELEASED
2026-05-21 18:06:08.588,186.8247,,slider,1,0,0.00,0.00,0.00,ACTIVE,NONE,4670,0,P,P,0.00,released,RELEASED
2026-05-21 18:06:08.988,187.2247,,slider,1,0,0.00,0.00,0.00,ACTIVE,NONE,4680,0,P,P,0.00,released,RELEASED
2026-05-21 18:06:09.388,187.6247,,slider,1,0,0.00,0.00,0.00,ACTIVE,NONE,4690,0,P,P,0.00,released,RELEASED
2026-05-21 18:06:09.788,188.0248,,slider,1,0,0.00,0.00,0.00,ACTIVE,NONE,4700,0,P,P,0.00,released,RELEASED
2026-05-21 18:06:10.189,188.4250,,slider,1,0,0.00,0.00,0.00,ACTIVE,NONE,4710,0,P,P,0.00,released,RELEASED
2026-05-21 18:06:10.588,188.8246,,slider,1,0,0.00,0.00,0.00,ACTIVE,NONE,4720,0,P,P,0.00,released,RELEASED
2026-05-21 18:06:10.988,189.2247,,slider,1,0,0.00,0.00,0.00,ACTIVE,NONE,4730,0,P,P,0.00,released,RELEASED
2026-05-21 18:06:11.388,189.6248,,slider,1,0,0.00,0.00,0.00,ACTIVE,NONE,4740,0,P,P,0.00,released,RELEASED
2026-05-21 18:06:11.788,190.0247,,slider,1,0,0.00,0.00,0.00,ACTIVE,NONE,4750,0,P,P,0.00,released,RELEASED
2026-05-21 18:06:12.188,190.4247,,slider,1,0,0.00,0.00,0.00,ACTIVE,NONE,4760,0,P,P,0.00,released,RELEASED
2026-05-21 18:06:12.588,190.8249,,slider,1,0,0.00,0.00,0.00,ACTIVE,NONE,4770,0,P,P,0.00,released,RELEASED
2026-05-21 18:06:12.988,191.2247,,slider,1,0,0.00,0.00,0.00,ACTIVE,NONE,4780,0,P,P,0.00,released,RELEASED
2026-05-21 18:06:13.388,191.6249,,slider,1,0,0.00,0.00,0.00,ACTIVE,NONE,4790,0,P,P,0.00,released,RELEASED
2026-05-21 18:06:13.788,192.0247,,slider,1,0,0.00,0.00,0.00,ACTIVE,NONE,4800,0,P,P,0.00,released,RELEASED
2026-05-21 18:06:14.188,192.4248,,slider,1,0,0.00,0.00,0.00,ACTIVE,NONE,4810,0,P,P,0.00,released,RELEASED
2026-05-21 18:06:14.589,192.8249,,slider,1,0,0.00,0.00,0.00,ACTIVE,NONE,4820,0,P,P,0.00,released,RELEASED
2026-05-21 18:06:14.988,193.2248,,slider,1,0,0.00,0.00,0.00,ACTIVE,NONE,4830,0,P,P,0.00,released,RELEASED
2026-05-21 18:06:15.388,193.6248,,slider,1,0,0.00,0.00,0.00,ACTIVE,NONE,4840,0,P,P,0.00,released,RELEASED
2026-05-21 18:06:15.788,194.0247,,slider,1,0,0.00,0.00,0.00,ACTIVE,NONE,4850,0,P,P,0.00,released,RELEASED
2026-05-21 18:06:16.188,194.4248,,slider,1,0,0.00,0.00,0.00,ACTIVE,NONE,4860,0,P,P,0.00,released,RELEASED
2026-05-21 18:06:16.588,194.8248,,slider,1,0,0.00,0.00,0.00,ACTIVE,NONE,4870,0,P,P,0.00,released,RELEASED
2026-05-21 18:06:16.988,195.2248,,slider,1,0,0.00,0.00,0.00,ACTIVE,NONE,4880,0,P,P,0.00,released,RELEASED
2026-05-21 18:06:17.388,195.6248,,slider,1,0,0.00,0.00,0.00,ACTIVE,NONE,4890,0,P,P,0.00,released,RELEASED
2026-05-21 18:06:17.789,196.0250,,slider,1,0,0.00,0.00,0.00,ACTIVE,NONE,4900,0,P,P,0.00,released,RELEASED
2026-05-21 18:06:18.188,196.4248,,slider,1,0,0.00,0.00,0.00,ACTIVE,NONE,4910,0,P,P,0.00,released,RELEASED
2026-05-21 18:06:18.588,196.8249,,slider,1,0,0.00,0.00,0.00,ACTIVE,NONE,4920,0,P,P,0.00,released,RELEASED
2026-05-21 18:06:18.988,197.2248,,slider,1,0,0.00,0.00,0.00,ACTIVE,NONE,4930,0,P,P,0.00,released,RELEASED
2026-05-21 18:06:19.388,197.6248,,slider,1,0,0.00,0.00,0.00,ACTIVE,NONE,4940,0,P,P,0.00,released,RELEASED
2026-05-21 18:06:19.788,198.0248,,slider,1,0,0.00,0.00,0.00,ACTIVE,NONE,4950,0,P,P,0.00,released,RELEASED
2026-05-21 18:06:20.188,198.4248,,slider,1,0,0.00,0.00,0.00,ACTIVE,NONE,4960,0,P,P,0.00,released,RELEASED
2026-05-21 18:06:20.588,198.8248,,slider,1,0,0.00,0.00,0.00,ACTIVE,NONE,4970,0,P,P,0.00,released,RELEASED
2026-05-21 18:06:20.988,199.2248,,slider,1,0,0.00,0.00,0.00,ACTIVE,NONE,4980,0,P,P,0.00,released,RELEASED
2026-05-21 18:06:21.388,199.6248,,slider,1,0,0.00,0.00,0.00,ACTIVE,NONE,4990,0,P,P,0.00,released,RELEASED
2026-05-21 18:06:21.788,200.0248,,slider,1,0,0.00,0.00,0.00,ACTIVE,NONE,5000,0,P,P,0.00,released,RELEASED
2026-05-21 18:06:22.188,200.4248,,slider,1,0,0.00,0.00,0.00,ACTIVE,NONE,5010,0,P,P,0.00,released,RELEASED
2026-05-21 18:06:22.588,200.8249,,slider,1,0,0.00,0.00,0.00,ACTIVE,NONE,5020,0,P,P,0.00,released,RELEASED
2026-05-21 18:06:22.989,201.2252,,slider,1,0,0.00,0.00,0.00,ACTIVE,NONE,5030,0,P,P,0.00,released,RELEASED
2026-05-21 18:06:23.389,201.6252,,slider,1,0,0.00,0.00,0.00,ACTIVE,NONE,5040,0,P,P,0.00,released,RELEASED
2026-05-21 18:06:23.789,202.0252,,slider,1,0,0.00,0.00,0.00,ACTIVE,NONE,5050,0,P,P,0.00,released,RELEASED
2026-05-21 18:06:24.189,202.4252,,slider,1,0,0.00,0.00,0.00,ACTIVE,NONE,5060,0,P,P,0.00,released,RELEASED
2026-05-21 18:06:24.589,202.8253,,slider,1,0,0.00,0.00,0.00,ACTIVE,NONE,5070,0,P,P,0.00,released,RELEASED
2026-05-21 18:06:24.988,203.2249,,slider,1,0,0.00,0.00,0.00,ACTIVE,NONE,5080,0,P,P,0.00,released,RELEASED
2026-05-21 18:06:25.389,203.6253,,slider,1,0,0.00,0.00,0.00,ACTIVE,NONE,5090,0,P,P,0.00,released,RELEASED
2026-05-21 18:06:25.789,204.0255,,slider,1,0,0.00,0.00,0.00,ACTIVE,NONE,5100,0,P,P,0.00,released,RELEASED
2026-05-21 18:06:26.189,204.4253,,slider,1,0,0.00,0.00,0.00,ACTIVE,NONE,5110,0,P,P,0.00,released,RELEASED
2026-05-21 18:06:26.589,204.8254,,slider,1,0,0.00,0.00,0.00,ACTIVE,NONE,5120,0,P,P,0.00,released,RELEASED
2026-05-21 18:06:26.989,205.2257,,slider,1,0,0.00,0.00,0.00,ACTIVE,NONE,5130,0,P,P,0.00,released,RELEASED
2026-05-21 18:06:27.389,205.6253,,slider,1,0,0.00,0.00,0.00,ACTIVE,NONE,5140,0,P,P,0.00,released,RELEASED
2026-05-21 18:06:27.789,206.0254,,slider,1,0,0.00,0.00,0.00,ACTIVE,NONE,5150,0,P,P,0.00,released,RELEASED
2026-05-21 18:06:28.189,206.4254,,slider,1,0,0.00,0.00,0.00,ACTIVE,NONE,5160,0,P,P,0.00,released,RELEASED
2026-05-21 18:06:28.589,206.8256,,slider,1,0,0.00,0.00,0.00,ACTIVE,NONE,5170,0,P,P,0.00,released,RELEASED
2026-05-21 18:06:28.989,207.2252,,slider,1,0,0.00,0.00,0.00,ACTIVE,NONE,5180,0,P,P,0.00,released,RELEASED
2026-05-21 18:06:29.389,207.6254,,slider,1,0,0.00,0.00,0.00,ACTIVE,NONE,5190,0,P,P,0.00,released,RELEASED
2026-05-21 18:06:29.789,208.0257,,slider,1,0,0.00,0.00,0.00,ACTIVE,NONE,5200,0,P,P,0.00,released,RELEASED
2026-05-21 18:06:30.189,208.4255,,slider,1,0,0.00,0.00,0.00,ACTIVE,NONE,5210,0,P,P,0.00,released,RELEASED
2026-05-21 18:06:30.589,208.8256,,slider,1,0,0.00,0.00,0.00,ACTIVE,NONE,5220,0,P,P,0.00,released,RELEASED
2026-05-21 18:06:30.989,209.2253,,slider,1,0,0.00,0.00,0.00,ACTIVE,NONE,5230,0,P,P,0.00,released,RELEASED
2026-05-21 18:06:31.389,209.6253,,slider,1,0,0.00,0.00,0.00,ACTIVE,NONE,5240,0,P,P,0.00,released,RELEASED
2026-05-21 18:06:31.789,210.0254,,slider,1,0,0.00,0.00,0.00,ACTIVE,NONE,5250,0,P,P,0.00,released,RELEASED
2026-05-21 18:06:32.189,210.4256,,slider,1,0,0.00,0.00,0.00,ACTIVE,NONE,5260,0,P,P,0.00,released,RELEASED
2026-05-21 18:06:32.589,210.8256,,slider,1,0,0.00,0.00,0.00,ACTIVE,NONE,5270,0,P,P,0.00,released,RELEASED
2026-05-21 18:06:32.989,211.2255,,slider,1,0,0.00,0.00,0.00,ACTIVE,NONE,5280,0,P,P,0.00,released,RELEASED
2026-05-21 18:06:33.389,211.6257,,slider,1,0,0.00,0.00,0.00,ACTIVE,NONE,5290,0,P,P,0.00,released,RELEASED
2026-05-21 18:06:33.789,212.0255,,slider,1,0,0.00,0.00,0.00,ACTIVE,NONE,5300,0,P,P,0.00,released,RELEASED
2026-05-21 18:06:34.189,212.4255,,slider,1,0,0.00,0.00,0.00,ACTIVE,NONE,5310,0,P,P,0.00,released,RELEASED
2026-05-21 18:06:34.589,212.8255,,slider,1,0,0.00,0.00,0.00,ACTIVE,NONE,5320,0,P,P,0.00,released,RELEASED
2026-05-21 18:06:34.989,213.2258,,slider,1,0,0.00,0.00,0.00,ACTIVE,NONE,5330,0,P,P,0.00,released,RELEASED
2026-05-21 18:06:35.389,213.6258,,slider,1,0,0.00,0.00,0.00,ACTIVE,NONE,5340,0,P,P,0.00,released,RELEASED
2026-05-21 18:06:35.789,214.0257,,slider,1,0,0.00,0.00,0.00,ACTIVE,NONE,5350,0,P,P,0.00,released,RELEASED
2026-05-21 18:06:36.189,214.4256,,slider,1,0,0.00,0.00,0.00,ACTIVE,NONE,5360,0,P,P,0.00,released,RELEASED
2026-05-21 18:06:36.589,214.8256,,slider,1,0,0.00,0.00,0.00,ACTIVE,NONE,5370,0,P,P,0.00,released,RELEASED
2026-05-21 18:06:36.989,215.2256,,slider,1,0,0.00,0.00,0.00,ACTIVE,NONE,5380,0,P,P,0.00,released,RELEASED
2026-05-21 18:06:37.389,215.6257,,slider,1,0,0.00,0.00,0.00,ACTIVE,NONE,5390,0,P,P,0.00,released,RELEASED
2026-05-21 18:06:37.789,216.0256,,slider,1,0,0.00,0.00,0.00,ACTIVE,NONE,5400,0,P,P,0.00,released,RELEASED
2026-05-21 18:06:38.189,216.4256,,slider,1,0,0.00,0.00,0.00,ACTIVE,NONE,5410,0,P,P,0.00,released,RELEASED
2026-05-21 18:06:38.589,216.8256,,slider,1,0,0.00,0.00,0.00,ACTIVE,NONE,5420,0,P,P,0.00,released,RELEASED
2026-05-21 18:06:38.989,217.2256,,slider,1,0,0.00,0.00,0.00,ACTIVE,NONE,5430,0,P,P,0.00,released,RELEASED
2026-05-21 18:06:39.389,217.6256,,slider,1,0,0.00,0.00,0.00,ACTIVE,NONE,5440,0,P,P,0.00,released,RELEASED
2026-05-21 18:06:39.789,218.0254,,slider,1,0,0.00,0.00,0.00,ACTIVE,NONE,5450,0,P,P,0.00,released,RELEASED
2026-05-21 18:06:40.189,218.4255,,slider,1,0,0.00,0.00,0.00,ACTIVE,NONE,5460,0,P,P,0.00,released,RELEASED
2026-05-21 18:06:40.589,218.8256,,slider,1,0,0.00,0.00,0.00,ACTIVE,NONE,5470,0,P,P,0.00,released,RELEASED
2026-05-21 18:06:40.989,219.2255,,slider,1,0,0.00,0.00,0.00,ACTIVE,NONE,5480,0,P,P,0.00,released,RELEASED
2026-05-21 18:06:41.389,219.6257,,slider,1,0,0.00,0.00,0.00,ACTIVE,NONE,5490,0,P,P,0.00,released,RELEASED
2026-05-21 18:06:41.789,220.0254,,slider,1,0,0.00,0.00,0.00,ACTIVE,NONE,5500,0,P,P,0.00,released,RELEASED
2026-05-21 18:06:42.189,220.4257,,slider,1,0,0.00,0.00,0.00,ACTIVE,NONE,5510,0,P,P,0.00,released,RELEASED
2026-05-21 18:06:42.589,220.8254,,slider,1,0,0.00,0.00,0.00,ACTIVE,NONE,5520,0,P,P,0.00,released,RELEASED
2026-05-21 18:06:42.989,221.2255,,slider,1,0,0.00,0.00,0.00,ACTIVE,NONE,5530,0,P,P,0.00,released,RELEASED
2026-05-21 18:06:43.389,221.6256,,slider,1,0,0.00,0.00,0.00,ACTIVE,NONE,5540,0,P,P,0.00,released,RELEASED
2026-05-21 18:06:43.789,222.0254,,slider,1,0,0.00,0.00,0.00,ACTIVE,NONE,5550,0,P,P,0.00,released,RELEASED
2026-05-21 18:06:44.189,222.4255,,slider,1,0,0.00,0.00,0.00,ACTIVE,NONE,5560,0,P,P,0.00,released,RELEASED
2026-05-21 18:06:44.589,222.8257,,slider,1,0,0.00,0.00,0.00,ACTIVE,NONE,5570,0,P,P,0.00,released,RELEASED
2026-05-21 18:06:44.980,223.2159,,slider,1,0,0.00,0.00,0.00,ACTIVE,NONE,5580,0,P,P,0.00,released,RELEASED
2026-05-21 18:06:45.379,223.6156,,slider,1,0,0.00,0.00,0.00,ACTIVE,NONE,5590,0,P,P,0.00,released,RELEASED
2026-05-21 18:06:45.789,224.0252,,slider,1,0,0.00,0.00,0.00,ACTIVE,NONE,5600,0,P,P,0.00,released,RELEASED
2026-05-21 18:06:46.180,224.4162,,slider,1,0,0.00,0.00,0.00,ACTIVE,NONE,5610,0,P,P,0.00,released,RELEASED
2026-05-21 18:06:46.589,224.8254,,slider,1,0,0.00,0.00,0.00,ACTIVE,NONE,5620,0,P,P,0.00,released,RELEASED
2026-05-21 18:06:46.980,225.2160,,slider,1,0,0.00,0.00,0.00,ACTIVE,NONE,5630,0,P,P,0.00,released,RELEASED
2026-05-21 18:06:47.389,225.6255,,slider,1,0,0.00,0.00,0.00,ACTIVE,NONE,5640,0,P,P,0.00,released,RELEASED
2026-05-21 18:06:47.789,226.0255,,slider,1,0,0.00,0.00,0.00,ACTIVE,NONE,5650,0,P,P,0.00,released,RELEASED
2026-05-21 18:06:48.189,226.4258,,slider,1,0,0.00,0.00,0.00,ACTIVE,NONE,5660,0,P,P,0.00,released,RELEASED
2026-05-21 18:06:48.589,226.8255,,slider,1,0,0.00,0.00,0.00,ACTIVE,NONE,5670,0,P,P,0.00,released,RELEASED
2026-05-21 18:06:48.989,227.2258,,slider,1,0,0.00,0.00,0.00,ACTIVE,NONE,5680,0,P,P,0.00,released,RELEASED
2026-05-21 18:06:49.379,227.6158,,slider,1,0,0.00,0.00,0.00,ACTIVE,NONE,5690,0,P,P,0.00,released,RELEASED
2026-05-21 18:06:49.789,228.0255,,slider,1,0,0.00,0.00,0.00,ACTIVE,NONE,5700,0,P,P,0.00,released,RELEASED
2026-05-21 18:06:50.189,228.4254,,slider,1,0,0.00,0.00,0.00,ACTIVE,NONE,5710,0,P,P,0.00,released,RELEASED
2026-05-21 18:06:50.579,228.8157,,slider,1,0,0.00,0.00,0.00,ACTIVE,NONE,5720,0,P,P,0.00,released,RELEASED
2026-05-21 18:06:50.989,229.2254,,slider,1,0,0.00,0.00,0.00,ACTIVE,NONE,5730,0,P,P,0.00,released,RELEASED
2026-05-21 18:06:51.389,229.6254,,slider,1,0,0.00,0.00,0.00,ACTIVE,NONE,5740,0,P,P,0.00,released,RELEASED
2026-05-21 18:06:51.789,230.0255,,slider,1,0,0.00,0.00,0.00,ACTIVE,NONE,5750,0,P,P,0.00,released,RELEASED
2026-05-21 18:06:52.189,230.4254,,slider,1,0,0.00,0.00,0.00,ACTIVE,NONE,5760,0,P,P,0.00,released,RELEASED
2026-05-21 18:06:52.589,230.8256,,slider,1,0,0.00,0.00,0.00,ACTIVE,NONE,5770,0,P,P,0.00,released,RELEASED
2026-05-21 18:06:52.989,231.2256,,slider,1,0,0.00,0.00,0.00,ACTIVE,NONE,5780,0,P,P,0.00,released,RELEASED
2026-05-21 18:06:53.389,231.6255,,slider,1,0,0.00,0.00,0.00,ACTIVE,NONE,5790,0,P,P,0.00,released,RELEASED
2026-05-21 18:06:53.779,232.0158,,slider,1,0,0.00,0.00,0.00,ACTIVE,NONE,5800,0,P,P,0.00,released,RELEASED
2026-05-21 18:06:54.189,232.4255,,slider,1,0,0.00,0.00,0.00,ACTIVE,NONE,5810,0,P,P,0.00,released,RELEASED
2026-05-21 18:06:54.580,232.8159,,slider,1,0,0.00,0.00,0.00,ACTIVE,NONE,5820,0,P,P,0.00,released,RELEASED
2026-05-21 18:06:54.980,233.2162,,slider,1,0,0.00,0.00,0.00,ACTIVE,NONE,5830,0,P,P,0.00,released,RELEASED
2026-05-21 18:06:55.380,233.6164,,slider,1,0,0.00,0.00,0.00,ACTIVE,NONE,5840,0,P,P,0.00,released,RELEASED
2026-05-21 18:06:55.789,234.0255,,slider,1,0,0.00,0.00,0.00,ACTIVE,NONE,5850,0,P,P,0.00,released,RELEASED
2026-05-21 18:06:56.180,234.4159,,slider,1,0,0.00,0.00,0.00,ACTIVE,NONE,5860,0,P,P,0.00,released,RELEASED
2026-05-21 18:06:56.589,234.8255,,slider,1,0,0.00,0.00,0.00,ACTIVE,NONE,5870,0,P,P,0.00,released,RELEASED
2026-05-21 18:06:56.980,235.2160,,slider,1,0,0.00,0.00,0.00,ACTIVE,NONE,5880,0,P,P,0.00,released,RELEASED
2026-05-21 18:06:57.379,235.6156,,slider,1,0,0.00,0.00,0.00,ACTIVE,NONE,5890,0,P,P,0.00,released,RELEASED
2026-05-21 18:06:57.779,236.0156,,slider,1,0,0.00,0.00,0.00,ACTIVE,NONE,5900,0,P,P,0.00,released,RELEASED
2026-05-21 18:06:58.180,236.4161,,slider,1,0,0.00,0.00,0.00,ACTIVE,NONE,5910,0,P,P,0.00,released,RELEASED
2026-05-21 18:06:58.589,236.8254,,slider,1,0,0.00,0.00,0.00,ACTIVE,NONE,5920,0,P,P,0.00,released,RELEASED
2026-05-21 18:06:58.989,237.2256,,slider,1,0,0.00,0.00,0.00,ACTIVE,NONE,5930,0,P,P,0.00,released,RELEASED
2026-05-21 18:06:59.380,237.6159,,slider,1,0,0.00,0.00,0.00,ACTIVE,NONE,5940,0,P,P,0.00,released,RELEASED
2026-05-21 18:06:59.779,238.0158,,slider,1,0,0.00,0.00,0.00,ACTIVE,NONE,5950,0,P,P,0.00,released,RELEASED
2026-05-21 18:07:00.189,238.4256,,slider,1,0,0.00,0.00,0.00,ACTIVE,NONE,5960,0,P,P,0.00,released,RELEASED
2026-05-21 18:07:00.580,238.8159,,slider,1,0,0.00,0.00,0.00,ACTIVE,NONE,5970,0,P,P,0.00,released,RELEASED
2026-05-21 18:07:00.980,239.2160,,slider,1,0,0.00,0.00,0.00,ACTIVE,NONE,5980,0,P,P,0.00,released,RELEASED
2026-05-21 18:07:01.380,239.6161,,slider,1,0,0.00,0.00,0.00,ACTIVE,NONE,5990,0,P,P,0.00,released,RELEASED
2026-05-21 18:07:01.780,240.0159,,slider,1,0,0.00,0.00,0.00,ACTIVE,NONE,6000,0,P,P,0.00,released,RELEASED
2026-05-21 18:07:02.180,240.4161,,slider,1,0,0.00,0.00,0.00,ACTIVE,NONE,6010,0,P,P,0.00,released,RELEASED
2026-05-21 18:07:02.579,240.8159,,slider,1,0,0.00,0.00,0.00,ACTIVE,NONE,6020,0,P,P,0.00,released,RELEASED
2026-05-21 18:07:02.980,241.2161,,slider,1,0,0.00,0.00,0.00,ACTIVE,NONE,6030,0,P,P,0.00,released,RELEASED
2026-05-21 18:07:03.380,241.6162,,slider,1,0,0.00,0.00,0.00,ACTIVE,NONE,6040,0,P,P,0.00,released,RELEASED
2026-05-21 18:07:03.780,242.0162,,slider,1,0,0.00,0.00,0.00,ACTIVE,NONE,6050,0,P,P,0.00,released,RELEASED
2026-05-21 18:07:04.180,242.4164,,slider,1,0,0.00,0.00,0.00,ACTIVE,NONE,6060,0,P,P,0.00,released,RELEASED
2026-05-21 18:07:04.580,242.8160,,slider,1,0,0.00,0.00,0.00,ACTIVE,NONE,6070,0,P,P,0.00,released,RELEASED
2026-05-21 18:07:04.980,243.2160,,slider,1,0,0.00,0.00,0.00,ACTIVE,NONE,6080,0,P,P,0.00,released,RELEASED
2026-05-21 18:07:05.380,243.6162,,slider,1,0,0.00,0.00,0.00,ACTIVE,NONE,6090,0,P,P,0.00,released,RELEASED
2026-05-21 18:07:05.780,244.0165,,slider,1,0,0.00,0.00,0.00,ACTIVE,NONE,6100,0,P,P,0.00,released,RELEASED
2026-05-21 18:07:06.180,244.4164,,slider,1,0,0.00,0.00,0.00,ACTIVE,NONE,6110,0,P,P,0.00,released,RELEASED
2026-05-21 18:07:06.580,244.8164,,slider,1,0,0.00,0.00,0.00,ACTIVE,NONE,6120,0,P,P,0.00,released,RELEASED
2026-05-21 18:07:06.980,245.2162,,slider,1,0,0.00,0.00,0.00,ACTIVE,NONE,6130,0,P,P,0.00,released,RELEASED
2026-05-21 18:07:07.380,245.6162,,slider,1,0,0.00,0.00,0.00,ACTIVE,NONE,6140,0,P,P,0.00,released,RELEASED
2026-05-21 18:07:07.780,246.0163,,slider,1,0,0.00,0.00,0.00,ACTIVE,NONE,6150,0,P,P,0.00,released,RELEASED
2026-05-21 18:07:08.180,246.4165,,slider,1,0,0.00,0.00,0.00,ACTIVE,NONE,6160,0,P,P,0.00,released,RELEASED
2026-05-21 18:07:08.580,246.8163,,slider,1,0,0.00,0.00,0.00,ACTIVE,NONE,6170,0,P,P,0.00,released,RELEASED
2026-05-21 18:07:08.980,247.2166,,slider,1,0,0.00,0.00,0.00,ACTIVE,NONE,6180,0,P,P,0.00,released,RELEASED
2026-05-21 18:07:09.380,247.6166,,slider,1,0,0.00,0.00,0.00,ACTIVE,NONE,6190,0,P,P,0.00,released,RELEASED
2026-05-21 18:07:09.780,248.0167,,slider,1,0,0.00,0.00,0.00,ACTIVE,NONE,6200,0,P,P,0.00,released,RELEASED
2026-05-21 18:07:10.181,248.4170,,slider,1,0,0.00,0.00,0.00,ACTIVE,NONE,6210,0,P,P,0.00,released,RELEASED
2026-05-21 18:07:10.580,248.8163,,slider,1,0,0.00,0.00,0.00,ACTIVE,NONE,6220,0,P,P,0.00,released,RELEASED
2026-05-21 18:07:10.980,249.2166,,slider,1,0,0.00,0.00,0.00,ACTIVE,NONE,6230,0,P,P,0.00,released,RELEASED
2026-05-21 18:07:11.380,249.6166,,slider,1,0,0.00,0.00,0.00,ACTIVE,NONE,6240,0,P,P,0.00,released,RELEASED
2026-05-21 18:07:11.780,250.0169,,slider,1,0,0.00,0.00,0.00,ACTIVE,NONE,6250,0,P,P,0.00,released,RELEASED
2026-05-21 18:07:12.180,250.4168,,slider,1,0,0.00,0.00,0.00,ACTIVE,NONE,6260,0,P,P,0.00,released,RELEASED
2026-05-21 18:07:12.580,250.8168,,slider,1,0,0.00,0.00,0.00,ACTIVE,NONE,6270,0,P,P,0.00,released,RELEASED
2026-05-21 18:07:12.981,251.2173,,slider,1,0,0.00,0.00,0.00,ACTIVE,NONE,6280,0,P,P,0.00,released,RELEASED
2026-05-21 18:07:13.380,251.6166,,slider,1,0,0.00,0.00,0.00,ACTIVE,NONE,6290,0,P,P,0.00,released,RELEASED
2026-05-21 18:07:13.780,252.0168,,slider,1,0,0.00,0.00,0.00,ACTIVE,NONE,6300,0,P,P,0.00,released,RELEASED
2026-05-21 18:07:14.180,252.4168,,slider,1,0,0.00,0.00,0.00,ACTIVE,NONE,6310,0,P,P,0.00,released,RELEASED
2026-05-21 18:07:14.580,252.8169,,slider,1,0,0.00,0.00,0.00,ACTIVE,NONE,6320,0,P,P,0.00,released,RELEASED
2026-05-21 18:07:14.980,253.2168,,slider,1,0,0.00,0.00,0.00,ACTIVE,NONE,6330,0,P,P,0.00,released,RELEASED
2026-05-21 18:07:15.381,253.6177,,slider,1,0,0.00,0.00,0.00,ACTIVE,NONE,6340,0,P,P,0.00,released,RELEASED
2026-05-21 18:07:15.781,254.0172,,slider,1,0,0.00,0.00,0.00,ACTIVE,NONE,6350,0,P,P,0.00,released,RELEASED
2026-05-21 18:07:16.181,254.4179,,slider,1,0,0.00,0.00,0.00,ACTIVE,NONE,6360,0,P,P,0.00,released,RELEASED
2026-05-21 18:07:16.581,254.8174,,slider,1,0,0.00,0.00,0.00,ACTIVE,NONE,6370,0,P,P,0.00,released,RELEASED
2026-05-21 18:07:16.981,255.2172,,slider,1,0,0.00,0.00,0.00,ACTIVE,NONE,6380,0,P,P,0.00,released,RELEASED
2026-05-21 18:07:17.381,255.6178,,slider,1,0,0.00,0.00,0.00,ACTIVE,NONE,6390,0,P,P,0.00,released,RELEASED
2026-05-21 18:07:17.781,256.0169,,slider,1,0,0.00,0.00,0.00,ACTIVE,NONE,6400,0,P,P,0.00,released,RELEASED
2026-05-21 18:07:18.182,256.4180,,slider,1,0,0.00,0.00,0.00,ACTIVE,NONE,6410,0,P,P,0.00,released,RELEASED
2026-05-21 18:07:18.581,256.8175,,slider,1,0,0.00,0.00,0.00,ACTIVE,NONE,6420,0,P,P,0.00,released,RELEASED
2026-05-21 18:07:18.981,257.2172,,slider,1,0,0.00,0.00,0.00,ACTIVE,NONE,6430,0,P,P,0.00,released,RELEASED
2026-05-21 18:07:19.381,257.6172,,slider,1,0,0.00,0.00,0.00,ACTIVE,NONE,6440,0,P,P,0.00,released,RELEASED
2026-05-21 18:07:19.781,258.0171,,slider,1,0,0.00,0.00,0.00,ACTIVE,NONE,6450,0,P,P,0.00,released,RELEASED
2026-05-21 18:07:20.181,258.4172,,slider,1,0,0.00,0.00,0.00,ACTIVE,NONE,6460,0,P,P,0.00,released,RELEASED
2026-05-21 18:07:20.581,258.8172,,slider,1,0,0.00,0.00,0.00,ACTIVE,NONE,6470,0,P,P,0.00,released,RELEASED
2026-05-21 18:07:20.981,259.2172,,slider,1,0,0.00,0.00,0.00,ACTIVE,NONE,6480,0,P,P,0.00,released,RELEASED
2026-05-21 18:07:21.381,259.6178,,slider,1,0,0.00,0.00,0.00,ACTIVE,NONE,6490,0,P,P,0.00,released,RELEASED
2026-05-21 18:07:21.782,260.0182,,slider,1,0,0.00,0.00,0.00,ACTIVE,NONE,6500,0,P,P,0.00,released,RELEASED
2026-05-21 18:07:22.182,260.4180,,slider,1,0,0.00,0.00,0.00,ACTIVE,NONE,6510,0,P,P,0.00,released,RELEASED
2026-05-21 18:07:22.582,260.8180,,slider,1,0,0.00,0.00,0.00,ACTIVE,NONE,6520,0,P,P,0.00,released,RELEASED
2026-05-21 18:07:22.982,261.2180,,slider,1,0,0.00,0.00,0.00,ACTIVE,NONE,6530,0,P,P,0.00,released,RELEASED
2026-05-21 18:07:23.382,261.6181,,slider,1,0,0.00,0.00,0.00,ACTIVE,NONE,6540,0,P,P,0.00,released,RELEASED
2026-05-21 18:07:23.782,262.0181,,slider,1,0,0.00,0.00,0.00,ACTIVE,NONE,6550,0,P,P,0.00,released,RELEASED
2026-05-21 18:07:24.182,262.4183,,slider,1,0,0.00,0.00,0.00,ACTIVE,NONE,6560,0,P,P,0.00,released,RELEASED
2026-05-21 18:07:24.581,262.8178,,slider,1,0,0.00,0.00,0.00,ACTIVE,NONE,6570,0,P,P,0.00,released,RELEASED
2026-05-21 18:07:24.981,263.2176,,slider,1,0,0.00,0.00,0.00,ACTIVE,NONE,6580,0,P,P,0.00,released,RELEASED
2026-05-21 18:07:25.381,263.6176,,slider,1,0,0.00,0.00,0.00,ACTIVE,NONE,6590,0,P,P,0.00,released,RELEASED
2026-05-21 18:07:25.781,264.0176,,slider,1,0,0.00,0.00,0.00,ACTIVE,NONE,6600,0,P,P,0.00,released,RELEASED
2026-05-21 18:07:26.181,264.4176,,slider,1,0,0.00,0.00,0.00,ACTIVE,NONE,6610,0,P,P,0.00,released,RELEASED
2026-05-21 18:07:26.582,264.8179,,slider,1,0,0.00,0.00,0.00,ACTIVE,NONE,6620,0,P,P,0.00,released,RELEASED
2026-05-21 18:07:26.981,265.2178,,slider,1,0,0.00,0.00,0.00,ACTIVE,NONE,6630,0,P,P,0.00,released,RELEASED
2026-05-21 18:07:27.382,265.6180,,slider,1,0,0.00,0.00,0.00,ACTIVE,NONE,6640,0,P,P,0.00,released,RELEASED
2026-05-21 18:07:27.781,266.0179,,slider,1,0,0.00,0.00,0.00,ACTIVE,NONE,6650,0,P,P,0.00,released,RELEASED
2026-05-21 18:07:28.182,266.4180,,slider,1,0,0.00,0.00,0.00,ACTIVE,NONE,6660,0,P,P,0.00,released,RELEASED
2026-05-21 18:07:28.582,266.8180,,slider,1,0,0.00,0.00,0.00,ACTIVE,NONE,6670,0,P,P,0.00,released,RELEASED
2026-05-21 18:07:28.982,267.2179,,slider,1,0,0.00,0.00,0.00,ACTIVE,NONE,6680,0,P,P,0.00,released,RELEASED
2026-05-21 18:07:29.382,267.6180,,slider,1,0,0.00,0.00,0.00,ACTIVE,NONE,6690,0,P,P,0.00,released,RELEASED
2026-05-21 18:07:29.782,268.0183,,slider,1,0,0.00,0.00,0.00,ACTIVE,NONE,6700,0,P,P,0.00,released,RELEASED
2026-05-21 18:07:30.182,268.4181,,slider,1,0,0.00,0.00,0.00,ACTIVE,NONE,6710,0,P,P,0.00,released,RELEASED
2026-05-21 18:07:30.582,268.8181,,slider,1,0,0.00,0.00,0.00,ACTIVE,NONE,6720,0,P,P,0.00,released,RELEASED
2026-05-21 18:07:30.982,269.2180,,slider,1,0,0.00,0.00,0.00,ACTIVE,NONE,6730,0,P,P,0.00,released,RELEASED
2026-05-21 18:07:31.382,269.6186,,slider,1,0,0.00,0.00,0.00,ACTIVE,NONE,6740,0,P,P,0.00,released,RELEASED
2026-05-21 18:07:31.782,270.0186,,slider,1,0,0.00,0.00,0.00,ACTIVE,NONE,6750,0,P,P,0.00,released,RELEASED
2026-05-21 18:07:32.183,270.4191,,slider,1,0,0.00,0.00,0.00,ACTIVE,NONE,6760,0,P,P,0.00,released,RELEASED
2026-05-21 18:07:32.582,270.8188,,slider,1,0,0.00,0.00,0.00,ACTIVE,NONE,6770,0,P,P,0.00,released,RELEASED
2026-05-21 18:07:32.982,271.2186,,slider,1,0,0.00,0.00,0.00,ACTIVE,NONE,6780,0,P,P,0.00,released,RELEASED
2026-05-21 18:07:33.382,271.6182,,slider,1,0,0.00,0.00,0.00,ACTIVE,NONE,6790,0,P,P,0.00,released,RELEASED
2026-05-21 18:07:33.783,272.0190,,slider,1,0,0.00,0.00,0.00,ACTIVE,NONE,6800,0,P,P,0.00,released,RELEASED
2026-05-21 18:07:34.182,272.4189,,slider,1,0,0.00,0.00,0.00,ACTIVE,NONE,6810,0,P,P,0.00,released,RELEASED
2026-05-21 18:07:34.583,272.8195,,slider,1,0,0.00,0.00,0.00,ACTIVE,NONE,6820,0,P,P,0.00,released,RELEASED
2026-05-21 18:07:34.983,273.2194,,slider,1,0,0.00,0.00,0.00,ACTIVE,NONE,6830,0,P,P,0.00,released,RELEASED
2026-05-21 18:07:35.383,273.6196,,slider,1,0,0.00,0.00,0.00,ACTIVE,NONE,6840,0,P,P,0.00,released,RELEASED
2026-05-21 18:07:35.782,274.0185,,slider,1,0,0.00,0.00,0.00,ACTIVE,NONE,6850,0,P,P,0.00,released,RELEASED
2026-05-21 18:07:36.183,274.4194,,slider,1,0,0.00,0.00,0.00,ACTIVE,NONE,6860,0,P,P,0.00,released,RELEASED
2026-05-21 18:07:36.583,274.8192,,slider,1,0,0.00,0.00,0.00,ACTIVE,NONE,6870,0,P,P,0.00,released,RELEASED
2026-05-21 18:07:36.983,275.2190,,slider,1,0,0.00,0.00,0.00,ACTIVE,NONE,6880,0,P,P,0.00,released,RELEASED
2026-05-21 18:07:37.383,275.6194,,slider,1,0,0.00,0.00,0.00,ACTIVE,NONE,6890,0,P,P,0.00,released,RELEASED
2026-05-21 18:07:37.783,276.0194,,slider,1,0,0.00,0.00,0.00,ACTIVE,NONE,6900,0,P,P,0.00,released,RELEASED
2026-05-21 18:07:38.183,276.4198,,slider,1,0,0.00,0.00,0.00,ACTIVE,NONE,6910,0,P,P,0.00,released,RELEASED
2026-05-21 18:07:38.583,276.8195,,slider,1,0,0.00,0.00,0.00,ACTIVE,NONE,6920,0,P,P,0.00,released,RELEASED
2026-05-21 18:07:38.983,277.2194,,slider,1,0,0.00,0.00,0.00,ACTIVE,NONE,6930,0,P,P,0.00,released,RELEASED
2026-05-21 18:07:39.383,277.6197,,slider,1,0,0.00,0.00,0.00,ACTIVE,NONE,6940,0,P,P,0.00,released,RELEASED
2026-05-21 18:07:39.783,278.0196,,slider,1,0,0.00,0.00,0.00,ACTIVE,NONE,6950,0,P,P,0.00,released,RELEASED
2026-05-21 18:07:40.184,278.4200,,slider,1,0,0.00,0.00,0.00,ACTIVE,NONE,6960,0,P,P,0.00,released,RELEASED
2026-05-21 18:07:40.583,278.8195,,slider,1,0,0.00,0.00,0.00,ACTIVE,NONE,6970,0,P,P,0.00,released,RELEASED
2026-05-21 18:07:40.983,279.2197,,slider,1,0,0.00,0.00,0.00,ACTIVE,NONE,6980,0,P,P,0.00,released,RELEASED
2026-05-21 18:07:41.383,279.6195,,slider,1,0,0.00,0.00,0.00,ACTIVE,NONE,6990,0,P,P,0.00,released,RELEASED
2026-05-21 18:07:41.783,280.0196,,slider,1,0,0.00,0.00,0.00,ACTIVE,NONE,7000,0,P,P,0.00,released,RELEASED
2026-05-21 18:07:42.183,280.4193,,slider,1,0,0.00,0.00,0.00,ACTIVE,NONE,7010,0,P,P,0.00,released,RELEASED
2026-05-21 18:07:42.583,280.8197,,slider,1,0,0.00,0.00,0.00,ACTIVE,NONE,7020,0,P,P,0.00,released,RELEASED
2026-05-21 18:07:42.983,281.2193,,slider,1,0,0.00,0.00,0.00,ACTIVE,NONE,7030,0,P,P,0.00,released,RELEASED
2026-05-21 18:07:43.383,281.6194,,slider,1,0,0.00,0.00,0.00,ACTIVE,NONE,7040,0,P,P,0.00,released,RELEASED
2026-05-21 18:07:43.783,282.0197,,slider,1,0,0.00,0.00,0.00,ACTIVE,NONE,7050,0,P,P,0.00,released,RELEASED
2026-05-21 18:07:44.183,282.4196,,slider,1,0,0.00,0.00,0.00,ACTIVE,NONE,7060,0,P,P,0.00,released,RELEASED
2026-05-21 18:07:44.583,282.8198,,slider,1,0,0.00,0.00,0.00,ACTIVE,NONE,7070,0,P,P,0.00,released,RELEASED
2026-05-21 18:07:44.984,283.2205,,slider,1,0,0.00,0.00,0.00,ACTIVE,NONE,7080,0,P,P,0.00,released,RELEASED
2026-05-21 18:07:45.384,283.6201,,slider,1,0,0.00,0.00,0.00,ACTIVE,NONE,7090,0,P,P,0.00,released,RELEASED
2026-05-21 18:07:45.783,284.0197,,slider,1,0,0.00,0.00,0.00,ACTIVE,NONE,7100,0,P,P,0.00,released,RELEASED
2026-05-21 18:07:46.184,284.4207,,slider,1,0,0.00,0.00,0.00,ACTIVE,NONE,7110,0,P,P,0.00,released,RELEASED
2026-05-21 18:07:46.584,284.8200,,slider,1,0,0.00,0.00,0.00,ACTIVE,NONE,7120,0,P,P,0.00,released,RELEASED
2026-05-21 18:07:46.983,285.2197,,slider,1,0,0.00,0.00,0.00,ACTIVE,NONE,7130,0,P,P,0.00,released,RELEASED
2026-05-21 18:07:47.384,285.6202,,slider,1,0,0.00,0.00,0.00,ACTIVE,NONE,7140,0,P,P,0.00,released,RELEASED
2026-05-21 18:07:47.785,286.0210,,slider,1,0,0.00,0.00,0.00,ACTIVE,NONE,7150,0,P,P,0.00,released,RELEASED
2026-05-21 18:07:48.183,286.4198,,slider,1,0,0.00,0.00,0.00,ACTIVE,NONE,7160,0,P,P,0.00,released,RELEASED
2026-05-21 18:07:48.584,286.8203,,slider,1,0,0.00,0.00,0.00,ACTIVE,NONE,7170,0,P,P,0.00,released,RELEASED
2026-05-21 18:07:48.984,287.2204,,slider,1,0,0.00,0.00,0.00,ACTIVE,NONE,7180,0,P,P,0.00,released,RELEASED
2026-05-21 18:07:49.384,287.6207,,slider,1,0,0.00,0.00,0.00,ACTIVE,NONE,7190,0,P,P,0.00,released,RELEASED
2026-05-21 18:07:49.784,288.0205,,slider,1,0,0.00,0.00,0.00,ACTIVE,NONE,7200,0,P,P,0.00,released,RELEASED
2026-05-21 18:07:50.184,288.4204,,slider,1,0,0.00,0.00,0.00,ACTIVE,NONE,7210,0,P,P,0.00,released,RELEASED
2026-05-21 18:07:50.584,288.8206,,slider,1,0,0.00,0.00,0.00,ACTIVE,NONE,7220,0,P,P,0.00,released,RELEASED
2026-05-21 18:07:50.984,289.2206,,slider,1,0,0.00,0.00,0.00,ACTIVE,NONE,7230,0,P,P,0.00,released,RELEASED
2026-05-21 18:07:51.384,289.6206,,slider,1,0,0.00,0.00,0.00,ACTIVE,NONE,7240,0,P,P,0.00,released,RELEASED
2026-05-21 18:07:51.785,290.0209,,slider,1,0,0.00,0.00,0.00,ACTIVE,NONE,7250,0,P,P,0.00,released,RELEASED
2026-05-21 18:07:52.184,290.4200,,slider,1,0,0.00,0.00,0.00,ACTIVE,NONE,7260,0,P,P,0.00,released,RELEASED
2026-05-21 18:07:52.584,290.8203,,slider,1,0,0.00,0.00,0.00,ACTIVE,NONE,7270,0,P,P,0.00,released,RELEASED
2026-05-21 18:07:52.984,291.2203,,slider,1,0,0.00,0.00,0.00,ACTIVE,NONE,7280,0,P,P,0.00,released,RELEASED
2026-05-21 18:07:53.384,291.6203,,slider,1,0,0.00,0.00,0.00,ACTIVE,NONE,7290,0,P,P,0.00,released,RELEASED
2026-05-21 18:07:53.784,292.0206,,slider,1,0,0.00,0.00,0.00,ACTIVE,NONE,7300,0,P,P,0.00,released,RELEASED
2026-05-21 18:07:54.184,292.4205,,slider,1,0,0.00,0.00,0.00,ACTIVE,NONE,7310,0,P,P,0.00,released,RELEASED
2026-05-21 18:07:54.584,292.8207,,slider,1,0,0.00,0.00,0.00,ACTIVE,NONE,7320,0,P,P,0.00,released,RELEASED
2026-05-21 18:07:54.984,293.2205,,slider,1,0,0.00,0.00,0.00,ACTIVE,NONE,7330,0,P,P,0.00,released,RELEASED
2026-05-21 18:07:55.384,293.6206,,slider,1,0,0.00,0.00,0.00,ACTIVE,NONE,7340,0,P,P,0.00,released,RELEASED
2026-05-21 18:07:55.784,294.0208,,slider,1,0,0.00,0.00,0.00,ACTIVE,NONE,7350,0,P,P,0.00,released,RELEASED
2026-05-21 18:07:56.184,294.4207,,slider,1,0,0.00,0.00,0.00,ACTIVE,NONE,7360,0,P,P,0.00,released,RELEASED
2026-05-21 18:07:56.584,294.8206,,slider,1,0,0.00,0.00,0.00,ACTIVE,NONE,7370,0,P,P,0.00,released,RELEASED
2026-05-21 18:07:56.984,295.2207,,slider,1,0,0.00,0.00,0.00,ACTIVE,NONE,7380,0,P,P,0.00,released,RELEASED
2026-05-21 18:07:57.384,295.6206,,slider,1,0,0.00,0.00,0.00,ACTIVE,NONE,7390,0,P,P,0.00,released,RELEASED
2026-05-21 18:07:57.785,296.0210,,slider,1,0,0.00,0.00,0.00,ACTIVE,NONE,7400,0,P,P,0.00,released,RELEASED
2026-05-21 18:07:58.184,296.4208,,slider,1,0,0.00,0.00,0.00,ACTIVE,NONE,7410,0,P,P,0.00,released,RELEASED
2026-05-21 18:07:58.584,296.8209,,slider,1,0,0.00,0.00,0.00,ACTIVE,NONE,7420,0,P,P,0.00,released,RELEASED
2026-05-21 18:07:58.985,297.2209,,slider,1,0,0.00,0.00,0.00,ACTIVE,NONE,7430,0,P,P,0.00,released,RELEASED
2026-05-21 18:07:59.385,297.6209,,slider,1,0,0.00,0.00,0.00,ACTIVE,NONE,7440,0,P,P,0.00,released,RELEASED
2026-05-21 18:07:59.785,298.0210,,slider,1,0,0.00,0.00,0.00,ACTIVE,NONE,7450,0,P,P,0.00,released,RELEASED
2026-05-21 18:08:00.185,298.4211,,slider,1,0,0.00,0.00,0.00,ACTIVE,NONE,7460,0,P,P,0.00,released,RELEASED
2026-05-21 18:08:00.585,298.8213,,slider,1,0,0.00,0.00,0.00,ACTIVE,NONE,7470,0,P,P,0.00,released,RELEASED
2026-05-21 18:08:00.985,299.2211,,slider,1,0,0.00,0.00,0.00,ACTIVE,NONE,7480,0,P,P,0.00,released,RELEASED
2026-05-21 18:08:01.385,299.6212,,slider,1,0,0.00,0.00,0.00,ACTIVE,NONE,7490,0,P,P,0.00,released,RELEASED
2026-05-21 18:08:01.785,300.0215,,slider,1,0,0.00,0.00,0.00,ACTIVE,NONE,7500,0,P,P,0.00,released,RELEASED
2026-05-21 18:08:02.185,300.4212,,slider,1,0,0.00,0.00,0.00,ACTIVE,NONE,7510,0,P,P,0.00,released,RELEASED
2026-05-21 18:08:02.585,300.8212,,slider,1,0,0.00,0.00,0.00,ACTIVE,NONE,7520,0,P,P,0.00,released,RELEASED
2026-05-21 18:08:02.985,301.2211,,slider,1,0,0.00,0.00,0.00,ACTIVE,NONE,7530,0,P,P,0.00,released,RELEASED
2026-05-21 18:08:03.385,301.6213,,slider,1,0,0.00,0.00,0.00,ACTIVE,NONE,7540,0,P,P,0.00,released,RELEASED
2026-05-21 18:08:03.785,302.0214,,slider,1,0,0.00,0.00,0.00,ACTIVE,NONE,7550,0,P,P,0.00,released,RELEASED
2026-05-21 18:08:04.185,302.4213,,slider,1,0,0.00,0.00,0.00,ACTIVE,NONE,7560,0,P,P,0.00,released,RELEASED
2026-05-21 18:08:04.585,302.8213,,slider,1,0,0.00,0.00,0.00,ACTIVE,NONE,7570,0,P,P,0.00,released,RELEASED
2026-05-21 18:08:04.985,303.2215,,slider,1,0,0.00,0.00,0.00,ACTIVE,NONE,7580,0,P,P,0.00,released,RELEASED
2026-05-21 18:08:05.385,303.6216,,slider,1,0,0.00,0.00,0.00,ACTIVE,NONE,7590,0,P,P,0.00,released,RELEASED
2026-05-21 18:08:05.785,304.0215,,slider,1,0,0.00,0.00,0.00,ACTIVE,NONE,7600,0,P,P,0.00,released,RELEASED
2026-05-21 18:08:06.185,304.4214,,slider,1,0,0.00,0.00,0.00,ACTIVE,NONE,7610,0,P,P,0.00,released,RELEASED
2026-05-21 18:08:06.585,304.8216,,slider,1,0,0.00,0.00,0.00,ACTIVE,NONE,7620,0,P,P,0.00,released,RELEASED
2026-05-21 18:08:06.986,305.2220,,slider,1,0,0.00,0.00,0.00,ACTIVE,NONE,7630,0,P,P,0.00,released,RELEASED
2026-05-21 18:08:07.385,305.6214,,slider,1,0,0.00,0.00,0.00,ACTIVE,NONE,7640,0,P,P,0.00,released,RELEASED
2026-05-21 18:08:07.785,306.0214,,slider,1,0,0.00,0.00,0.00,ACTIVE,NONE,7650,0,P,P,0.00,released,RELEASED
2026-05-21 18:08:08.185,306.4218,,slider,1,0,0.00,0.00,0.00,ACTIVE,NONE,7660,0,P,P,0.00,released,RELEASED
2026-05-21 18:08:08.585,306.8217,,slider,1,0,0.00,0.00,0.00,ACTIVE,NONE,7670,0,P,P,0.00,released,RELEASED
2026-05-21 18:08:08.985,307.2215,,slider,1,0,0.00,0.00,0.00,ACTIVE,NONE,7680,0,P,P,0.00,released,RELEASED
2026-05-21 18:08:09.385,307.6218,,slider,1,0,0.00,0.00,0.00,ACTIVE,NONE,7690,0,P,P,0.00,released,RELEASED
2026-05-21 18:08:09.785,308.0216,,slider,1,0,0.00,0.00,0.00,ACTIVE,NONE,7700,0,P,P,0.00,released,RELEASED
2026-05-21 18:08:10.185,308.4216,,slider,1,0,0.00,0.00,0.00,ACTIVE,NONE,7710,0,P,P,0.00,released,RELEASED
2026-05-21 18:08:10.585,308.8219,,slider,1,0,0.00,0.00,0.00,ACTIVE,NONE,7720,0,P,P,0.00,released,RELEASED
2026-05-21 18:08:10.985,309.2217,,slider,1,0,0.00,0.00,0.00,ACTIVE,NONE,7730,0,P,P,0.00,released,RELEASED
2026-05-21 18:08:11.385,309.6217,,slider,1,0,0.00,0.00,0.00,ACTIVE,NONE,7740,0,P,P,0.00,released,RELEASED
2026-05-21 18:08:11.786,310.0220,,slider,1,0,0.00,0.00,0.00,ACTIVE,NONE,7750,0,P,P,0.00,released,RELEASED
2026-05-21 18:08:12.186,310.4224,,slider,1,0,0.00,0.00,0.00,ACTIVE,NONE,7760,0,P,P,0.00,released,RELEASED
2026-05-21 18:08:12.585,310.8217,,slider,1,0,0.00,0.00,0.00,ACTIVE,NONE,7770,0,P,P,0.00,released,RELEASED
2026-05-21 18:08:12.986,311.2220,,slider,1,0,0.00,0.00,0.00,ACTIVE,NONE,7780,0,P,P,0.00,released,RELEASED
2026-05-21 18:08:13.386,311.6219,,slider,1,0,0.00,0.00,0.00,ACTIVE,NONE,7790,0,P,P,0.00,released,RELEASED
2026-05-21 18:08:13.786,312.0221,,slider,1,0,0.00,0.00,0.00,ACTIVE,NONE,7800,0,P,P,0.00,released,RELEASED
2026-05-21 18:08:14.186,312.4222,,slider,1,0,0.00,0.00,0.00,ACTIVE,NONE,7810,0,P,P,0.00,released,RELEASED
2026-05-21 18:08:14.586,312.8221,,slider,1,0,0.00,0.00,0.00,ACTIVE,NONE,7820,0,P,P,0.00,released,RELEASED
2026-05-21 18:08:14.986,313.2222,,slider,1,0,0.00,0.00,0.00,ACTIVE,NONE,7830,0,P,P,0.00,released,RELEASED
2026-05-21 18:08:15.386,313.6222,,slider,1,0,0.00,0.00,0.00,ACTIVE,NONE,7840,0,P,P,0.00,released,RELEASED
2026-05-21 18:08:15.786,314.0221,,slider,1,0,0.00,0.00,0.00,ACTIVE,NONE,7850,0,P,P,0.00,released,RELEASED
2026-05-21 18:08:16.186,314.4221,,slider,1,0,0.00,0.00,0.00,ACTIVE,NONE,7860,0,P,P,0.00,released,RELEASED
2026-05-21 18:08:16.586,314.8223,,slider,1,0,0.00,0.00,0.00,ACTIVE,NONE,7870,0,P,P,0.00,released,RELEASED
2026-05-21 18:08:16.986,315.2223,,slider,1,0,0.00,0.00,0.00,ACTIVE,NONE,7880,0,P,P,0.00,released,RELEASED
2026-05-21 18:08:17.386,315.6223,,slider,1,0,0.00,0.00,0.00,ACTIVE,NONE,7890,0,P,P,0.00,released,RELEASED
2026-05-21 18:08:17.786,316.0222,,slider,1,0,0.00,0.00,0.00,ACTIVE,NONE,7900,0,P,P,0.00,released,RELEASED
2026-05-21 18:08:18.186,316.4223,,slider,1,0,0.00,0.00,0.00,ACTIVE,NONE,7910,0,P,P,0.00,released,RELEASED
2026-05-21 18:08:18.586,316.8224,,slider,1,0,0.00,0.00,0.00,ACTIVE,NONE,7920,0,P,P,0.00,released,RELEASED
2026-05-21 18:08:18.986,317.2225,,slider,1,0,0.00,0.00,0.00,ACTIVE,NONE,7930,0,P,P,0.00,released,RELEASED
2026-05-21 18:08:19.386,317.6223,,slider,1,0,0.00,0.00,0.00,ACTIVE,NONE,7940,0,P,P,0.00,released,RELEASED
2026-05-21 18:08:19.786,318.0223,,slider,1,0,0.00,0.00,0.00,ACTIVE,NONE,7950,0,P,P,0.00,released,RELEASED
2026-05-21 18:08:20.187,318.4230,,slider,1,0,0.00,0.00,0.00,ACTIVE,NONE,7960,0,P,P,0.00,released,RELEASED
2026-05-21 18:08:20.587,318.8235,,slider,1,0,0.00,0.00,0.00,ACTIVE,NONE,7970,0,P,P,0.00,released,RELEASED
2026-05-21 18:08:20.986,319.2227,,slider,1,0,0.00,0.00,0.00,ACTIVE,NONE,7980,0,P,P,0.00,released,RELEASED
2026-05-21 18:08:21.387,319.6233,,slider,1,0,0.00,0.00,0.00,ACTIVE,NONE,7990,0,P,P,0.00,released,RELEASED
2026-05-21 18:08:21.787,320.0234,,slider,1,0,0.00,0.00,0.00,ACTIVE,NONE,8000,0,P,P,0.00,released,RELEASED
2026-05-21 18:08:22.187,320.4236,,slider,1,0,0.00,0.00,0.00,ACTIVE,NONE,8010,0,P,P,0.00,released,RELEASED
2026-05-21 18:08:22.587,320.8233,,slider,1,0,0.00,0.00,0.00,ACTIVE,NONE,8020,0,P,P,0.00,released,RELEASED
2026-05-21 18:08:22.987,321.2234,,slider,1,0,0.00,0.00,0.00,ACTIVE,NONE,8030,0,P,P,0.00,released,RELEASED
2026-05-21 18:08:23.387,321.6234,,slider,1,0,0.00,0.00,0.00,ACTIVE,NONE,8040,0,P,P,0.00,released,RELEASED
2026-05-21 18:08:23.787,322.0234,,slider,1,0,0.00,0.00,0.00,ACTIVE,NONE,8050,0,P,P,0.00,released,RELEASED
2026-05-21 18:08:24.187,322.4233,,slider,1,0,0.00,0.00,0.00,ACTIVE,NONE,8060,0,P,P,0.00,released,RELEASED
2026-05-21 18:08:24.587,322.8233,,slider,1,0,0.00,0.00,0.00,ACTIVE,NONE,8070,0,P,P,0.00,released,RELEASED
2026-05-21 18:08:24.987,323.2234,,slider,1,0,0.00,0.00,0.00,ACTIVE,NONE,8080,0,P,P,0.00,released,RELEASED
2026-05-21 18:08:25.387,323.6237,,slider,1,0,0.00,0.00,0.00,ACTIVE,NONE,8090,0,P,P,0.00,released,RELEASED
2026-05-21 18:08:25.787,324.0235,,slider,1,0,0.00,0.00,0.00,ACTIVE,NONE,8100,0,P,P,0.00,released,RELEASED
2026-05-21 18:08:26.187,324.4232,,slider,1,0,0.00,0.00,0.00,ACTIVE,NONE,8110,0,P,P,0.00,released,RELEASED
2026-05-21 18:08:26.587,324.8237,,slider,1,0,0.00,0.00,0.00,ACTIVE,NONE,8120,0,P,P,0.00,released,RELEASED
2026-05-21 18:08:26.988,325.2240,,slider,1,0,0.00,0.00,0.00,ACTIVE,NONE,8130,0,P,P,0.00,released,RELEASED
2026-05-21 18:08:27.387,325.6238,,slider,1,0,0.00,0.00,0.00,ACTIVE,NONE,8140,0,P,P,0.00,released,RELEASED
2026-05-21 18:08:27.787,326.0235,,slider,1,0,0.00,0.00,0.00,ACTIVE,NONE,8150,0,P,P,0.00,released,RELEASED
2026-05-21 18:08:28.187,326.4236,,slider,1,0,0.00,0.00,0.00,ACTIVE,NONE,8160,0,P,P,0.00,released,RELEASED
2026-05-21 18:08:28.587,326.8236,,slider,1,0,0.00,0.00,0.00,ACTIVE,NONE,8170,0,P,P,0.00,released,RELEASED
2026-05-21 18:08:28.987,327.2238,,slider,1,0,0.00,0.00,0.00,ACTIVE,NONE,8180,0,P,P,0.00,released,RELEASED
2026-05-21 18:08:29.387,327.6236,,slider,1,0,0.00,0.00,0.00,ACTIVE,NONE,8190,0,P,P,0.00,released,RELEASED
2026-05-21 18:08:29.787,328.0239,,slider,1,0,0.00,0.00,0.00,ACTIVE,NONE,8200,0,P,P,0.00,released,RELEASED
2026-05-21 18:08:30.188,328.4246,,slider,1,0,0.00,0.00,0.00,ACTIVE,NONE,8210,0,P,P,0.00,released,RELEASED
2026-05-21 18:08:30.588,328.8243,,slider,1,0,0.00,0.00,0.00,ACTIVE,NONE,8220,0,P,P,0.00,released,RELEASED
2026-05-21 18:08:30.988,329.2241,,slider,1,0,0.00,0.00,0.00,ACTIVE,NONE,8230,0,P,P,0.00,released,RELEASED
2026-05-21 18:08:31.388,329.6246,,slider,1,0,0.00,0.00,0.00,ACTIVE,NONE,8240,0,P,P,0.00,released,RELEASED
2026-05-21 18:08:31.787,330.0239,,slider,1,0,0.00,0.00,0.00,ACTIVE,NONE,8250,0,P,P,0.00,released,RELEASED
2026-05-21 18:08:32.188,330.4244,,slider,1,0,0.00,0.00,0.00,ACTIVE,NONE,8260,0,P,P,0.00,released,RELEASED
2026-05-21 18:08:32.588,330.8245,,slider,1,0,0.00,0.00,0.00,ACTIVE,NONE,8270,0,P,P,0.00,released,RELEASED
2026-05-21 18:08:32.989,331.2252,,slider,1,0,0.00,0.00,0.00,ACTIVE,NONE,8280,0,P,P,0.00,released,RELEASED
2026-05-21 18:08:33.388,331.6246,,slider,1,0,0.00,0.00,0.00,ACTIVE,NONE,8290,0,P,P,0.00,released,RELEASED
2026-05-21 18:08:33.788,332.0248,,slider,1,0,0.00,0.00,0.00,ACTIVE,NONE,8300,0,P,P,0.00,released,RELEASED
2026-05-21 18:08:34.189,332.4253,,slider,1,0,0.00,0.00,0.00,ACTIVE,NONE,8310,0,P,P,0.00,released,RELEASED
2026-05-21 18:08:34.597,332.8332,,slider,1,0,0.00,0.00,0.00,ACTIVE,NONE,8320,0,P,P,0.00,released,RELEASED
2026-05-21 18:08:34.997,333.2333,,slider,1,0,0.00,0.00,0.00,ACTIVE,NONE,8330,0,P,P,0.00,released,RELEASED
2026-05-21 18:08:35.397,333.6333,,slider,1,0,0.00,0.00,0.00,ACTIVE,NONE,8340,0,P,P,0.00,released,RELEASED
2026-05-21 18:08:35.797,334.0334,,slider,1,0,0.00,0.00,0.00,ACTIVE,NONE,8350,0,P,P,0.00,released,RELEASED
2026-05-21 18:08:36.197,334.4332,,slider,1,0,0.00,0.00,0.00,ACTIVE,NONE,8360,0,P,P,0.00,released,RELEASED
2026-05-21 18:08:36.597,334.8333,,slider,1,0,0.00,0.00,0.00,ACTIVE,NONE,8370,0,P,P,0.00,released,RELEASED
2026-05-21 18:08:36.997,335.2334,,slider,1,0,0.00,0.00,0.00,ACTIVE,NONE,8380,0,P,P,0.00,released,RELEASED
2026-05-21 18:08:37.397,335.6334,,slider,1,0,0.00,0.00,0.00,ACTIVE,NONE,8390,0,P,P,0.00,released,RELEASED
2026-05-21 18:08:37.797,336.0335,,slider,1,0,0.00,0.00,0.00,ACTIVE,NONE,8400,0,P,P,0.00,released,RELEASED
2026-05-21 18:08:38.197,336.4336,,slider,1,0,0.00,0.00,0.00,ACTIVE,NONE,8410,0,P,P,0.00,released,RELEASED
2026-05-21 18:08:38.597,336.8335,,slider,1,0,0.00,0.00,0.00,ACTIVE,NONE,8420,0,P,P,0.00,released,RELEASED
2026-05-21 18:08:38.997,337.2335,,slider,1,0,0.00,0.00,0.00,ACTIVE,NONE,8430,0,P,P,0.00,released,RELEASED
2026-05-21 18:08:39.397,337.6336,,slider,1,0,0.00,0.00,0.00,ACTIVE,NONE,8440,0,P,P,0.00,released,RELEASED
2026-05-21 18:08:39.797,338.0336,,slider,1,0,0.00,0.00,0.00,ACTIVE,NONE,8450,0,P,P,0.00,released,RELEASED
2026-05-21 18:08:40.197,338.4336,,slider,1,0,0.00,0.00,0.00,ACTIVE,NONE,8460,0,P,P,0.00,released,RELEASED
2026-05-21 18:08:40.597,338.8337,,slider,1,0,0.00,0.00,0.00,ACTIVE,NONE,8470,0,P,P,0.00,released,RELEASED
2026-05-21 18:08:40.997,339.2337,,slider,1,0,0.00,0.00,0.00,ACTIVE,NONE,8480,0,P,P,0.00,released,RELEASED
2026-05-21 18:08:41.384,339.6207,,slider,1,0,0.00,0.00,0.00,ACTIVE,NONE,8490,0,P,P,0.00,released,RELEASED
2026-05-21 18:08:41.784,340.0207,,slider,1,0,0.00,0.00,0.00,ACTIVE,NONE,8500,0,P,P,0.00,released,RELEASED
2026-05-21 18:08:42.186,340.4221,,slider,1,0,0.00,0.00,0.00,ACTIVE,NONE,8510,0,P,P,0.00,released,RELEASED
2026-05-21 18:08:42.585,340.8213,,slider,1,0,0.00,0.00,0.00,ACTIVE,NONE,8520,0,P,P,0.00,released,RELEASED
2026-05-21 18:08:42.985,341.2217,,slider,1,0,0.00,0.00,0.00,ACTIVE,NONE,8530,0,P,P,0.00,released,RELEASED
2026-05-21 18:08:43.385,341.6211,,slider,1,0,0.00,0.00,0.00,ACTIVE,NONE,8540,0,P,P,0.00,released,RELEASED
2026-05-21 18:08:43.784,342.0208,,slider,1,0,0.00,0.00,0.00,ACTIVE,NONE,8550,0,P,P,0.00,released,RELEASED
2026-05-21 18:08:44.185,342.4217,,slider,1,0,0.00,0.00,0.00,ACTIVE,NONE,8560,0,P,P,0.00,released,RELEASED
2026-05-21 18:08:44.585,342.8209,,slider,1,0,0.00,0.00,0.00,ACTIVE,NONE,8570,0,P,P,0.00,released,RELEASED
2026-05-21 18:08:44.986,343.2221,,slider,1,0,0.00,0.00,0.00,ACTIVE,NONE,8580,0,P,P,0.00,released,RELEASED
2026-05-21 18:08:45.386,343.6228,,slider,1,0,0.00,0.00,0.00,ACTIVE,NONE,8590,0,P,P,0.00,released,RELEASED
2026-05-21 18:08:45.785,344.0215,,slider,1,0,0.00,0.00,0.00,ACTIVE,NONE,8600,0,P,P,0.00,released,RELEASED
2026-05-21 18:08:46.185,344.4213,,slider,1,0,0.00,0.00,0.00,ACTIVE,NONE,8610,0,P,P,0.00,released,RELEASED
2026-05-21 18:08:46.585,344.8210,,slider,1,0,0.00,0.00,0.00,ACTIVE,NONE,8620,0,P,P,0.00,released,RELEASED
2026-05-21 18:08:46.985,345.2212,,slider,1,0,0.00,0.00,0.00,ACTIVE,NONE,8630,0,P,P,0.00,released,RELEASED
2026-05-21 18:08:47.385,345.6212,,slider,1,0,0.00,0.00,0.00,ACTIVE,NONE,8640,0,P,P,0.00,released,RELEASED
2026-05-21 18:08:47.785,346.0214,,slider,1,0,0.00,0.00,0.00,ACTIVE,NONE,8650,0,P,P,0.00,released,RELEASED
2026-05-21 18:08:48.185,346.4212,,slider,1,0,0.00,0.00,0.00,ACTIVE,NONE,8660,0,P,P,0.00,released,RELEASED
2026-05-21 18:08:48.585,346.8213,,slider,1,0,0.00,0.00,0.00,ACTIVE,NONE,8670,0,P,P,0.00,released,RELEASED
2026-05-21 18:08:48.985,347.2214,,slider,1,0,0.00,0.00,0.00,ACTIVE,NONE,8680,0,P,P,0.00,released,RELEASED
2026-05-21 18:08:49.385,347.6215,,slider,1,0,0.00,0.00,0.00,ACTIVE,NONE,8690,0,P,P,0.00,released,RELEASED
2026-05-21 18:08:49.785,348.0215,,slider,1,0,0.00,0.00,0.00,ACTIVE,NONE,8700,0,P,P,0.00,released,RELEASED
2026-05-21 18:08:50.185,348.4216,,slider,1,0,0.00,0.00,0.00,ACTIVE,NONE,8710,0,P,P,0.00,released,RELEASED
2026-05-21 18:08:50.585,348.8218,,slider,1,0,0.00,0.00,0.00,ACTIVE,NONE,8720,0,P,P,0.00,released,RELEASED
2026-05-21 18:08:50.985,349.2214,,slider,1,0,0.00,0.00,0.00,ACTIVE,NONE,8730,0,P,P,0.00,released,RELEASED
2026-05-21 18:08:51.385,349.6213,,slider,1,0,0.00,0.00,0.00,ACTIVE,NONE,8740,0,P,P,0.00,released,RELEASED
2026-05-21 18:08:51.785,350.0217,,slider,1,0,0.00,0.00,0.00,ACTIVE,NONE,8750,0,P,P,0.00,released,RELEASED
2026-05-21 18:08:52.185,350.4215,,slider,1,0,0.00,0.00,0.00,ACTIVE,NONE,8760,0,P,P,0.00,released,RELEASED
2026-05-21 18:08:52.585,350.8215,,slider,1,0,0.00,0.00,0.00,ACTIVE,NONE,8770,0,P,P,0.00,released,RELEASED
2026-05-21 18:08:52.985,351.2217,,slider,1,0,0.00,0.00,0.00,ACTIVE,NONE,8780,0,P,P,0.00,released,RELEASED
2026-05-21 18:08:53.385,351.6218,,slider,1,0,0.00,0.00,0.00,ACTIVE,NONE,8790,0,P,P,0.00,released,RELEASED
2026-05-21 18:08:53.785,352.0215,,slider,1,0,0.00,0.00,0.00,ACTIVE,NONE,8800,0,P,P,0.00,released,RELEASED
2026-05-21 18:08:54.185,352.4217,,slider,1,0,0.00,0.00,0.00,ACTIVE,NONE,8810,0,P,P,0.00,released,RELEASED
2026-05-21 18:08:54.585,352.8216,,slider,1,0,0.00,0.00,0.00,ACTIVE,NONE,8820,0,P,P,0.00,released,RELEASED
2026-05-21 18:08:54.985,353.2215,,slider,1,0,0.00,0.00,0.00,ACTIVE,NONE,8830,0,P,P,0.00,released,RELEASED
2026-05-21 18:08:55.385,353.6215,,slider,1,0,0.00,0.00,0.00,ACTIVE,NONE,8840,0,P,P,0.00,released,RELEASED
2026-05-21 18:08:55.785,354.0218,,slider,1,0,0.00,0.00,0.00,ACTIVE,NONE,8850,0,P,P,0.00,released,RELEASED
2026-05-21 18:08:56.186,354.4219,,slider,1,0,0.00,0.00,0.00,ACTIVE,NONE,8860,0,P,P,0.00,released,RELEASED
2026-05-21 18:08:56.585,354.8217,,slider,1,0,0.00,0.00,0.00,ACTIVE,NONE,8870,0,P,P,0.00,released,RELEASED
2026-05-21 18:08:56.986,355.2219,,slider,1,0,0.00,0.00,0.00,ACTIVE,NONE,8880,0,P,P,0.00,released,RELEASED
2026-05-21 18:08:57.385,355.6216,,slider,1,0,0.00,0.00,0.00,ACTIVE,NONE,8890,0,P,P,0.00,released,RELEASED
2026-05-21 18:08:57.786,356.0220,,slider,1,0,0.00,0.00,0.00,ACTIVE,NONE,8900,0,P,P,0.00,released,RELEASED
2026-05-21 18:08:58.186,356.4221,,slider,1,0,0.00,0.00,0.00,ACTIVE,NONE,8910,0,P,P,0.00,released,RELEASED
2026-05-21 18:08:58.586,356.8222,,slider,1,0,0.00,0.00,0.00,ACTIVE,NONE,8920,0,P,P,0.00,released,RELEASED
2026-05-21 18:08:58.985,357.2218,,slider,1,0,0.00,0.00,0.00,ACTIVE,NONE,8930,0,P,P,0.00,released,RELEASED
2026-05-21 18:08:59.386,357.6222,,slider,1,0,0.00,0.00,0.00,ACTIVE,NONE,8940,0,P,P,0.00,released,RELEASED
2026-05-21 18:08:59.786,358.0223,,slider,1,0,0.00,0.00,0.00,ACTIVE,NONE,8950,0,P,P,0.00,released,RELEASED
2026-05-21 18:09:00.186,358.4225,,slider,1,0,0.00,0.00,0.00,ACTIVE,NONE,8960,0,P,P,0.00,released,RELEASED
2026-05-21 18:09:00.586,358.8220,,slider,1,0,0.00,0.00,0.00,ACTIVE,NONE,8970,0,P,P,0.00,released,RELEASED
2026-05-21 18:09:00.986,359.2224,,slider,1,0,0.00,0.00,0.00,ACTIVE,NONE,8980,0,P,P,0.00,released,RELEASED
2026-05-21 18:09:01.386,359.6223,,slider,1,0,0.00,0.00,0.00,ACTIVE,NONE,8990,0,P,P,0.00,released,RELEASED
2026-05-21 18:09:01.786,360.0220,,slider,1,0,0.00,0.00,0.00,ACTIVE,NONE,9000,0,P,P,0.00,released,RELEASED
2026-05-21 18:09:02.186,360.4221,,slider,1,0,0.00,0.00,0.00,ACTIVE,NONE,9010,0,P,P,0.00,released,RELEASED
2026-05-21 18:09:02.586,360.8223,,slider,1,0,0.00,0.00,0.00,ACTIVE,NONE,9020,0,P,P,0.00,released,RELEASED
2026-05-21 18:09:02.986,361.2225,,slider,1,0,0.00,0.00,0.00,ACTIVE,NONE,9030,0,P,P,0.00,released,RELEASED
2026-05-21 18:09:03.386,361.6226,,slider,1,0,0.00,0.00,0.00,ACTIVE,NONE,9040,0,P,P,0.00,released,RELEASED
2026-05-21 18:09:03.787,362.0229,,slider,1,0,0.00,0.00,0.00,ACTIVE,NONE,9050,0,P,P,0.00,released,RELEASED
2026-05-21 18:09:04.186,362.4224,,slider,1,0,0.00,0.00,0.00,ACTIVE,NONE,9060,0,P,P,0.00,released,RELEASED
2026-05-21 18:09:04.587,362.8230,,slider,1,0,0.00,0.00,0.00,ACTIVE,NONE,9070,0,P,P,0.00,released,RELEASED
2026-05-21 18:09:04.986,363.2229,,slider,1,0,0.00,0.00,0.00,ACTIVE,NONE,9080,0,P,P,0.00,released,RELEASED
2026-05-21 18:09:05.387,363.6231,,slider,1,0,0.00,0.00,0.00,ACTIVE,NONE,9090,0,P,P,0.00,released,RELEASED
2026-05-21 18:09:05.787,364.0229,,slider,1,0,0.00,0.00,0.00,ACTIVE,NONE,9100,0,P,P,0.00,released,RELEASED
2026-05-21 18:09:06.187,364.4236,,slider,1,0,0.00,0.00,0.00,ACTIVE,NONE,9110,0,P,P,0.00,released,RELEASED
2026-05-21 18:09:06.587,364.8231,,slider,1,0,0.00,0.00,0.00,ACTIVE,NONE,9120,0,P,P,0.00,released,RELEASED
2026-05-21 18:09:06.986,365.2228,,slider,1,0,0.00,0.00,0.00,ACTIVE,NONE,9130,0,P,P,0.00,released,RELEASED
2026-05-21 18:09:07.387,365.6230,,slider,1,0,0.00,0.00,0.00,ACTIVE,NONE,9140,0,P,P,0.00,released,RELEASED
2026-05-21 18:09:07.786,366.0227,,slider,1,0,0.00,0.00,0.00,ACTIVE,NONE,9150,0,P,P,0.00,released,RELEASED
2026-05-21 18:09:08.187,366.4232,,slider,1,0,0.00,0.00,0.00,ACTIVE,NONE,9160,0,P,P,0.00,released,RELEASED
2026-05-21 18:09:08.587,366.8231,,slider,1,0,0.00,0.00,0.00,ACTIVE,NONE,9170,0,P,P,0.00,released,RELEASED
2026-05-21 18:09:08.986,367.2228,,slider,1,0,0.00,0.00,0.00,ACTIVE,NONE,9180,0,P,P,0.00,released,RELEASED
2026-05-21 18:09:09.386,367.6229,,slider,1,0,0.00,0.00,0.00,ACTIVE,NONE,9190,0,P,P,0.00,released,RELEASED
2026-05-21 18:09:09.787,368.0230,,slider,1,0,0.00,0.00,0.00,ACTIVE,NONE,9200,0,P,P,0.00,released,RELEASED
2026-05-21 18:09:10.186,368.4229,,slider,1,0,0.00,0.00,0.00,ACTIVE,NONE,9210,0,P,P,0.00,released,RELEASED
2026-05-21 18:09:10.586,368.8229,,slider,1,0,0.00,0.00,0.00,ACTIVE,NONE,9220,0,P,P,0.00,released,RELEASED
2026-05-21 18:09:10.987,369.2230,,slider,1,0,0.00,0.00,0.00,ACTIVE,NONE,9230,0,P,P,0.00,released,RELEASED
2026-05-21 18:09:11.387,369.6230,,slider,1,0,0.00,0.00,0.00,ACTIVE,NONE,9240,0,P,P,0.00,released,RELEASED
2026-05-21 18:09:11.787,370.0233,,slider,1,0,0.00,0.00,0.00,ACTIVE,NONE,9250,0,P,P,0.00,released,RELEASED
2026-05-21 18:09:12.187,370.4231,,slider,1,0,0.00,0.00,0.00,ACTIVE,NONE,9260,0,P,P,0.00,released,RELEASED
2026-05-21 18:09:12.587,370.8233,,slider,1,0,0.00,0.00,0.00,ACTIVE,NONE,9270,0,P,P,0.00,released,RELEASED
2026-05-21 18:09:12.987,371.2231,,slider,1,0,0.00,0.00,0.00,ACTIVE,NONE,9280,0,P,P,0.00,released,RELEASED
2026-05-21 18:09:13.387,371.6232,,slider,1,0,0.00,0.00,0.00,ACTIVE,NONE,9290,0,P,P,0.00,released,RELEASED
2026-05-21 18:09:13.787,372.0234,,slider,1,0,0.00,0.00,0.00,ACTIVE,NONE,9300,0,P,P,0.00,released,RELEASED
2026-05-21 18:09:14.187,372.4230,,slider,1,0,0.00,0.00,0.00,ACTIVE,NONE,9310,0,P,P,0.00,released,RELEASED
2026-05-21 18:09:14.587,372.8235,,slider,1,0,0.00,0.00,0.00,ACTIVE,NONE,9320,0,P,P,0.00,released,RELEASED
2026-05-21 18:09:14.987,373.2235,,slider,1,0,0.00,0.00,0.00,ACTIVE,NONE,9330,0,P,P,0.00,released,RELEASED
2026-05-21 18:09:15.387,373.6237,,slider,1,0,0.00,0.00,0.00,ACTIVE,NONE,9340,0,P,P,0.00,released,RELEASED
2026-05-21 18:09:15.787,374.0237,,slider,1,0,0.00,0.00,0.00,ACTIVE,NONE,9350,0,P,P,0.00,released,RELEASED
2026-05-21 18:09:16.187,374.4237,,slider,1,0,0.00,0.00,0.00,ACTIVE,NONE,9360,0,P,P,0.00,released,RELEASED
2026-05-21 18:09:16.587,374.8234,,slider,1,0,0.00,0.00,0.00,ACTIVE,NONE,9370,0,P,P,0.00,released,RELEASED
2026-05-21 18:09:16.987,375.2238,,slider,1,0,0.00,0.00,0.00,ACTIVE,NONE,9380,0,P,P,0.00,released,RELEASED
2026-05-21 18:09:17.387,375.6238,,slider,1,0,0.00,0.00,0.00,ACTIVE,NONE,9390,0,P,P,0.00,released,RELEASED
2026-05-21 18:09:17.787,376.0237,,slider,1,0,0.00,0.00,0.00,ACTIVE,NONE,9400,0,P,P,0.00,released,RELEASED
2026-05-21 18:09:18.187,376.4233,,slider,1,0,0.00,0.00,0.00,ACTIVE,NONE,9410,0,P,P,0.00,released,RELEASED
2026-05-21 18:09:18.587,376.8239,,slider,1,0,0.00,0.00,0.00,ACTIVE,NONE,9420,0,P,P,0.00,released,RELEASED
2026-05-21 18:09:18.988,377.2240,,slider,1,0,0.00,0.00,0.00,ACTIVE,NONE,9430,0,P,P,0.00,released,RELEASED
2026-05-21 18:09:19.387,377.6237,,slider,1,0,0.00,0.00,0.00,ACTIVE,NONE,9440,0,P,P,0.00,released,RELEASED
2026-05-21 18:09:19.787,378.0235,,slider,1,0,0.00,0.00,0.00,ACTIVE,NONE,9450,0,P,P,0.00,released,RELEASED
2026-05-21 18:09:20.187,378.4235,,slider,1,0,0.00,0.00,0.00,ACTIVE,NONE,9460,0,P,P,0.00,released,RELEASED
2026-05-21 18:09:20.587,378.8239,,slider,1,0,0.00,0.00,0.00,ACTIVE,NONE,9470,0,P,P,0.00,released,RELEASED
2026-05-21 18:09:20.987,379.2236,,slider,1,0,0.00,0.00,0.00,ACTIVE,NONE,9480,0,P,P,0.00,released,RELEASED
2026-05-21 18:09:21.387,379.6236,,slider,1,0,0.00,0.00,0.00,ACTIVE,NONE,9490,0,P,P,0.00,released,RELEASED
2026-05-21 18:09:21.787,380.0239,,slider,1,0,0.00,0.00,0.00,ACTIVE,NONE,9500,0,P,P,0.00,released,RELEASED
2026-05-21 18:09:22.187,380.4238,,slider,1,0,0.00,0.00,0.00,ACTIVE,NONE,9510,0,P,P,0.00,released,RELEASED
2026-05-21 18:09:22.588,380.8240,,slider,1,0,0.00,0.00,0.00,ACTIVE,NONE,9520,0,P,P,0.00,released,RELEASED
2026-05-21 18:09:22.987,381.2237,,slider,1,0,0.00,0.00,0.00,ACTIVE,NONE,9530,0,P,P,0.00,released,RELEASED
2026-05-21 18:09:23.387,381.6237,,slider,1,0,0.00,0.00,0.00,ACTIVE,NONE,9540,0,P,P,0.00,released,RELEASED
2026-05-21 18:09:23.788,382.0240,,slider,1,0,0.00,0.00,0.00,ACTIVE,NONE,9550,0,P,P,0.00,released,RELEASED
2026-05-21 18:09:24.187,382.4238,,slider,1,0,0.00,0.00,0.00,ACTIVE,NONE,9560,0,P,P,0.00,released,RELEASED
2026-05-21 18:09:24.588,382.8240,,slider,1,0,0.00,0.00,0.00,ACTIVE,NONE,9570,0,P,P,0.00,released,RELEASED
2026-05-21 18:09:24.988,383.2242,,slider,1,0,0.00,0.00,0.00,ACTIVE,NONE,9580,0,P,P,0.00,released,RELEASED
2026-05-21 18:09:25.388,383.6243,,slider,1,0,0.00,0.00,0.00,ACTIVE,NONE,9590,0,P,P,0.00,released,RELEASED
2026-05-21 18:09:25.788,384.0241,,slider,1,0,0.00,0.00,0.00,ACTIVE,NONE,9600,0,P,P,0.00,released,RELEASED
2026-05-21 18:09:26.188,384.4242,,slider,1,0,0.00,0.00,0.00,ACTIVE,NONE,9610,0,P,P,0.00,released,RELEASED
2026-05-21 18:09:26.588,384.8242,,slider,1,0,0.00,0.00,0.00,ACTIVE,NONE,9620,0,P,P,0.00,released,RELEASED
2026-05-21 18:09:26.988,385.2243,,slider,1,0,0.00,0.00,0.00,ACTIVE,NONE,9630,0,P,P,0.00,released,RELEASED
2026-05-21 18:09:27.388,385.6244,,slider,1,0,0.00,0.00,0.00,ACTIVE,NONE,9640,0,P,P,0.00,released,RELEASED
2026-05-21 18:09:27.797,386.0334,,slider,1,0,0.00,0.00,0.00,ACTIVE,NONE,9650,0,P,P,0.00,released,RELEASED
2026-05-21 18:09:28.197,386.4334,,slider,1,0,0.00,0.00,0.00,ACTIVE,NONE,9660,0,P,P,0.00,released,RELEASED
2026-05-21 18:09:28.597,386.8333,,slider,1,0,0.00,0.00,0.00,ACTIVE,NONE,9670,0,P,P,0.00,released,RELEASED
2026-05-21 18:09:28.997,387.2334,,slider,1,0,0.00,0.00,0.00,ACTIVE,NONE,9680,0,P,P,0.00,released,RELEASED
2026-05-21 18:09:29.397,387.6334,,slider,1,0,0.00,0.00,0.00,ACTIVE,NONE,9690,0,P,P,0.00,released,RELEASED
2026-05-21 18:09:29.797,388.0334,,slider,1,0,0.00,0.00,0.00,ACTIVE,NONE,9700,0,P,P,0.00,released,RELEASED
2026-05-21 18:09:30.197,388.4336,,slider,1,0,0.00,0.00,0.00,ACTIVE,NONE,9710,0,P,P,0.00,released,RELEASED
2026-05-21 18:09:30.597,388.8335,,slider,1,0,0.00,0.00,0.00,ACTIVE,NONE,9720,0,P,P,0.00,released,RELEASED
2026-05-21 18:09:30.997,389.2336,,slider,1,0,0.00,0.00,0.00,ACTIVE,NONE,9730,0,P,P,0.00,released,RELEASED
2026-05-21 18:09:31.397,389.6336,,slider,1,0,0.00,0.00,0.00,ACTIVE,NONE,9740,0,P,P,0.00,released,RELEASED
2026-05-21 18:09:31.797,390.0336,,slider,1,0,0.00,0.00,0.00,ACTIVE,NONE,9750,0,P,P,0.00,released,RELEASED
2026-05-21 18:09:32.197,390.4337,,slider,1,0,0.00,0.00,0.00,ACTIVE,NONE,9760,0,P,P,0.00,released,RELEASED
2026-05-21 18:09:32.597,390.8337,,slider,1,0,0.00,0.00,0.00,ACTIVE,NONE,9770,0,P,P,0.00,released,RELEASED
2026-05-21 18:09:32.997,391.2338,,slider,1,0,0.00,0.00,0.00,ACTIVE,NONE,9780,0,P,P,0.00,released,RELEASED
2026-05-21 18:09:33.397,391.6338,,slider,1,0,0.00,0.00,0.00,ACTIVE,NONE,9790,0,P,P,0.00,released,RELEASED
2026-05-21 18:09:33.797,392.0338,,slider,1,0,0.00,0.00,0.00,ACTIVE,NONE,9800,0,P,P,0.00,released,RELEASED
2026-05-21 18:09:34.197,392.4338,,slider,1,0,0.00,0.00,0.00,ACTIVE,NONE,9810,0,P,P,0.00,released,RELEASED
2026-05-21 18:09:34.598,392.8340,,slider,1,0,0.00,0.00,0.00,ACTIVE,NONE,9820,0,P,P,0.00,released,RELEASED
2026-05-21 18:09:34.998,393.2339,,slider,1,0,0.00,0.00,0.00,ACTIVE,NONE,9830,0,P,P,0.00,released,RELEASED
2026-05-21 18:09:35.398,393.6339,,slider,1,0,0.00,0.00,0.00,ACTIVE,NONE,9840,0,P,P,0.00,released,RELEASED
2026-05-21 18:09:35.798,394.0341,,slider,1,0,0.00,0.00,0.00,ACTIVE,NONE,9850,0,P,P,0.00,released,RELEASED
2026-05-21 18:09:36.198,394.4340,,slider,1,0,0.00,0.00,0.00,ACTIVE,NONE,9860,0,P,P,0.00,released,RELEASED
2026-05-21 18:09:36.598,394.8341,,slider,1,0,0.00,0.00,0.00,ACTIVE,NONE,9870,0,P,P,0.00,released,RELEASED
2026-05-21 18:09:36.998,395.2341,,slider,1,0,0.00,0.00,0.00,ACTIVE,NONE,9880,0,P,P,0.00,released,RELEASED
2026-05-21 18:09:37.398,395.6341,,slider,1,0,0.00,0.00,0.00,ACTIVE,NONE,9890,0,P,P,0.00,released,RELEASED
2026-05-21 18:09:37.798,396.0342,,slider,1,0,0.00,0.00,0.00,ACTIVE,NONE,9900,0,P,P,0.00,released,RELEASED
2026-05-21 18:09:38.198,396.4343,,slider,1,0,0.00,0.00,0.00,ACTIVE,NONE,9910,0,P,P,0.00,released,RELEASED
2026-05-21 18:09:38.598,396.8344,,slider,1,0,0.00,0.00,0.00,ACTIVE,NONE,9920,0,P,P,0.00,released,RELEASED
2026-05-21 18:09:38.998,397.2344,,slider,1,0,0.00,0.00,0.00,ACTIVE,NONE,9930,0,P,P,0.00,released,RELEASED
2026-05-21 18:09:39.398,397.6345,,slider,1,0,0.00,0.00,0.00,ACTIVE,NONE,9940,0,P,P,0.00,released,RELEASED
2026-05-21 18:09:39.798,398.0345,,slider,1,0,0.00,0.00,0.00,ACTIVE,NONE,9950,0,P,P,0.00,released,RELEASED
2026-05-21 18:09:40.198,398.4346,,slider,1,0,0.00,0.00,0.00,ACTIVE,NONE,9960,0,P,P,0.00,released,RELEASED
2026-05-21 18:09:40.598,398.8346,,slider,1,0,0.00,0.00,0.00,ACTIVE,NONE,9970,0,P,P,0.00,released,RELEASED
2026-05-21 18:09:40.998,399.2346,,slider,1,0,0.00,0.00,0.00,ACTIVE,NONE,9980,0,P,P,0.00,released,RELEASED
2026-05-21 18:09:41.398,399.6347,,slider,1,0,0.00,0.00,0.00,ACTIVE,NONE,9990,0,P,P,0.00,released,RELEASED
2026-05-21 18:09:41.798,400.0347,,slider,1,0,0.00,0.00,0.00,ACTIVE,NONE,10000,0,P,P,0.00,released,RELEASED
2026-05-21 18:09:42.186,400.4220,,slider,1,0,0.00,0.00,0.00,ACTIVE,NONE,10010,0,P,P,0.00,released,RELEASED
2026-05-21 18:09:42.585,400.8213,,slider,1,0,0.00,0.00,0.00,ACTIVE,NONE,10020,0,P,P,0.00,released,RELEASED
2026-05-21 18:09:42.985,401.2213,,slider,1,0,0.00,0.00,0.00,ACTIVE,NONE,10030,0,P,P,0.00,released,RELEASED
2026-05-21 18:09:43.385,401.6216,,slider,1,0,0.00,0.00,0.00,ACTIVE,NONE,10040,0,P,P,0.00,released,RELEASED
2026-05-21 18:09:43.785,402.0217,,slider,1,0,0.00,0.00,0.00,ACTIVE,NONE,10050,0,P,P,0.00,released,RELEASED
2026-05-21 18:09:44.185,402.4218,,slider,1,0,0.00,0.00,0.00,ACTIVE,NONE,10060,0,P,P,0.00,released,RELEASED
2026-05-21 18:09:44.585,402.8216,,slider,1,0,0.00,0.00,0.00,ACTIVE,NONE,10070,0,P,P,0.00,released,RELEASED
2026-05-21 18:09:44.986,403.2221,,slider,1,0,0.00,0.00,0.00,ACTIVE,NONE,10080,0,P,P,0.00,released,RELEASED
2026-05-21 18:09:45.386,403.6220,,slider,1,0,0.00,0.00,0.00,ACTIVE,NONE,10090,0,P,P,0.00,released,RELEASED
2026-05-21 18:09:45.785,404.0210,,slider,1,0,0.00,0.00,0.00,ACTIVE,NONE,10100,0,P,P,0.00,released,RELEASED
2026-05-21 18:09:46.186,404.4221,,slider,1,0,0.00,0.00,0.00,ACTIVE,NONE,10110,0,P,P,0.00,released,RELEASED
2026-05-21 18:09:46.585,404.8215,,slider,1,0,0.00,0.00,0.00,ACTIVE,NONE,10120,0,P,P,0.00,released,RELEASED
2026-05-21 18:09:46.985,405.2213,,slider,1,0,0.00,0.00,0.00,ACTIVE,NONE,10130,0,P,P,0.00,released,RELEASED
2026-05-21 18:09:47.385,405.6214,,slider,1,0,0.00,0.00,0.00,ACTIVE,NONE,10140,0,P,P,0.00,released,RELEASED
2026-05-21 18:09:47.785,406.0212,,slider,1,0,0.00,0.00,0.00,ACTIVE,NONE,10150,0,P,P,0.00,released,RELEASED
2026-05-21 18:09:48.185,406.4214,,slider,1,0,0.00,0.00,0.00,ACTIVE,NONE,10160,0,P,P,0.00,released,RELEASED
2026-05-21 18:09:48.585,406.8215,,slider,1,0,0.00,0.00,0.00,ACTIVE,NONE,10170,0,P,P,0.00,released,RELEASED
2026-05-21 18:09:48.985,407.2214,,slider,1,0,0.00,0.00,0.00,ACTIVE,NONE,10180,0,P,P,0.00,released,RELEASED
2026-05-21 18:09:49.385,407.6212,,slider,1,0,0.00,0.00,0.00,ACTIVE,NONE,10190,0,P,P,0.00,released,RELEASED
2026-05-21 18:09:49.785,408.0216,,slider,1,0,0.00,0.00,0.00,ACTIVE,NONE,10200,0,P,P,0.00,released,RELEASED
2026-05-21 18:09:50.186,408.4220,,slider,1,0,0.00,0.00,0.00,ACTIVE,NONE,10210,0,P,P,0.00,released,RELEASED
2026-05-21 18:09:50.585,408.8216,,slider,1,0,0.00,0.00,0.00,ACTIVE,NONE,10220,0,P,P,0.00,released,RELEASED
2026-05-21 18:09:50.986,409.2221,,slider,1,0,0.00,0.00,0.00,ACTIVE,NONE,10230,0,P,P,0.00,released,RELEASED
2026-05-21 18:09:51.386,409.6222,,slider,1,0,0.00,0.00,0.00,ACTIVE,NONE,10240,0,P,P,0.00,released,RELEASED
2026-05-21 18:09:51.786,410.0221,,slider,1,0,0.00,0.00,0.00,ACTIVE,NONE,10250,0,P,P,0.00,released,RELEASED
2026-05-21 18:09:52.185,410.4218,,slider,1,0,0.00,0.00,0.00,ACTIVE,NONE,10260,0,P,P,0.00,released,RELEASED
2026-05-21 18:09:52.586,410.8222,,slider,1,0,0.00,0.00,0.00,ACTIVE,NONE,10270,0,P,P,0.00,released,RELEASED
2026-05-21 18:09:52.988,411.2247,,slider,1,0,0.00,0.00,0.00,ACTIVE,NONE,10280,0,P,P,0.00,released,RELEASED
2026-05-21 18:09:53.388,411.6241,,slider,1,0,0.00,0.00,0.00,ACTIVE,NONE,10290,0,P,P,0.00,released,RELEASED
2026-05-21 18:09:53.788,412.0248,,slider,1,0,0.00,0.00,0.00,ACTIVE,NONE,10300,0,P,P,0.00,released,RELEASED
2026-05-21 18:09:54.188,412.4242,,slider,1,0,0.00,0.00,0.00,ACTIVE,NONE,10310,0,P,P,0.00,released,RELEASED
2026-05-21 18:09:54.588,412.8248,,slider,1,0,0.00,0.00,0.00,ACTIVE,NONE,10320,0,P,P,0.00,released,RELEASED
2026-05-21 18:09:54.989,413.2251,,slider,1,0,0.00,0.00,0.00,ACTIVE,NONE,10330,0,P,P,0.00,released,RELEASED
2026-05-21 18:09:55.389,413.6250,,slider,1,0,0.00,0.00,0.00,ACTIVE,NONE,10340,0,P,P,0.00,released,RELEASED
2026-05-21 18:09:55.788,414.0246,,slider,1,0,0.00,0.00,0.00,ACTIVE,NONE,10350,0,P,P,0.00,released,RELEASED
2026-05-21 18:09:56.189,414.4250,,slider,1,0,0.00,0.00,0.00,ACTIVE,NONE,10360,0,P,P,0.00,released,RELEASED
2026-05-21 18:09:56.589,414.8251,,slider,1,0,0.00,0.00,0.00,ACTIVE,NONE,10370,0,P,P,0.00,released,RELEASED
2026-05-21 18:09:56.988,415.2249,,slider,1,0,0.00,0.00,0.00,ACTIVE,NONE,10380,0,P,P,0.00,released,RELEASED
2026-05-21 18:09:57.389,415.6249,,slider,1,0,0.00,0.00,0.00,ACTIVE,NONE,10390,0,P,P,0.00,released,RELEASED
2026-05-21 18:09:57.789,416.0254,,slider,1,0,0.00,0.00,0.00,ACTIVE,NONE,10400,0,P,P,0.00,released,RELEASED
2026-05-21 18:09:58.189,416.4252,,slider,1,0,0.00,0.00,0.00,ACTIVE,NONE,10410,0,P,P,0.00,released,RELEASED
2026-05-21 18:09:58.589,416.8252,,slider,1,0,0.00,0.00,0.00,ACTIVE,NONE,10420,0,P,P,0.00,released,RELEASED
2026-05-21 18:09:58.989,417.2253,,slider,1,0,0.00,0.00,0.00,ACTIVE,NONE,10430,0,P,P,0.00,released,RELEASED
2026-05-21 18:09:59.389,417.6253,,slider,1,0,0.00,0.00,0.00,ACTIVE,NONE,10440,0,P,P,0.00,released,RELEASED
2026-05-21 18:09:59.789,418.0251,,slider,1,0,0.00,0.00,0.00,ACTIVE,NONE,10450,0,P,P,0.00,released,RELEASED
2026-05-21 18:10:00.189,418.4258,,slider,1,0,0.00,0.00,0.00,ACTIVE,NONE,10460,0,P,P,0.00,released,RELEASED
2026-05-21 18:10:00.589,418.8249,,slider,1,0,0.00,0.00,0.00,ACTIVE,NONE,10470,0,P,P,0.00,released,RELEASED
2026-05-21 18:10:00.988,419.2248,,slider,1,0,0.00,0.00,0.00,ACTIVE,NONE,10480,0,P,P,0.00,released,RELEASED
2026-05-21 18:10:01.388,419.6249,,slider,1,0,0.00,0.00,0.00,ACTIVE,NONE,10490,0,P,P,0.00,released,RELEASED
2026-05-21 18:10:01.789,420.0249,,slider,1,0,0.00,0.00,0.00,ACTIVE,NONE,10500,0,P,P,0.00,released,RELEASED
2026-05-21 18:10:02.189,420.4253,,slider,1,0,0.00,0.00,0.00,ACTIVE,NONE,10510,0,P,P,0.00,released,RELEASED
2026-05-21 18:10:02.589,420.8253,,slider,1,0,0.00,0.00,0.00,ACTIVE,NONE,10520,0,P,P,0.00,released,RELEASED
2026-05-21 18:10:02.989,421.2250,,slider,1,0,0.00,0.00,0.00,ACTIVE,NONE,10530,0,P,P,0.00,released,RELEASED
2026-05-21 18:10:03.389,421.6251,,slider,1,0,0.00,0.00,0.00,ACTIVE,NONE,10540,0,P,P,0.00,released,RELEASED
2026-05-21 18:10:03.789,422.0252,,slider,1,0,0.00,0.00,0.00,ACTIVE,NONE,10550,0,P,P,0.00,released,RELEASED
2026-05-21 18:10:04.189,422.4253,,slider,1,0,0.00,0.00,0.00,ACTIVE,NONE,10560,0,P,P,0.00,released,RELEASED
2026-05-21 18:10:04.589,422.8253,,slider,1,0,0.00,0.00,0.00,ACTIVE,NONE,10570,0,P,P,0.00,released,RELEASED
2026-05-21 18:10:04.989,423.2254,,slider,1,0,0.00,0.00,0.00,ACTIVE,NONE,10580,0,P,P,0.00,released,RELEASED
2026-05-21 18:10:05.389,423.6252,,slider,1,0,0.00,0.00,0.00,ACTIVE,NONE,10590,0,P,P,0.00,released,RELEASED
2026-05-21 18:10:05.790,424.0260,,slider,1,0,0.00,0.00,0.00,ACTIVE,NONE,10600,0,P,P,0.00,released,RELEASED
2026-05-21 18:10:06.189,424.4253,,slider,1,0,0.00,0.00,0.00,ACTIVE,NONE,10610,0,P,P,0.00,released,RELEASED
2026-05-21 18:10:06.590,424.8259,,slider,1,0,0.00,0.00,0.00,ACTIVE,NONE,10620,0,P,P,0.00,released,RELEASED
2026-05-21 18:10:06.989,425.2259,,slider,1,0,0.00,0.00,0.00,ACTIVE,NONE,10630,0,P,P,0.00,released,RELEASED
2026-05-21 18:10:07.389,425.6257,,slider,1,0,0.00,0.00,0.00,ACTIVE,NONE,10640,0,P,P,0.00,released,RELEASED
2026-05-21 18:10:07.790,426.0263,,slider,1,0,0.00,0.00,0.00,ACTIVE,NONE,10650,0,P,P,0.00,released,RELEASED
2026-05-21 18:10:08.190,426.4261,,slider,1,0,0.00,0.00,0.00,ACTIVE,NONE,10660,0,P,P,0.00,released,RELEASED
2026-05-21 18:10:08.590,426.8259,,slider,1,0,0.00,0.00,0.00,ACTIVE,NONE,10670,0,P,P,0.00,released,RELEASED
2026-05-21 18:10:08.989,427.2258,,slider,1,0,0.00,0.00,0.00,ACTIVE,NONE,10680,0,P,P,0.00,released,RELEASED
2026-05-21 18:10:09.390,427.6259,,slider,1,0,0.00,0.00,0.00,ACTIVE,NONE,10690,0,P,P,0.00,released,RELEASED
2026-05-21 18:10:09.790,428.0260,,slider,1,0,0.00,0.00,0.00,ACTIVE,NONE,10700,0,P,P,0.00,released,RELEASED
2026-05-21 18:10:10.190,428.4261,,slider,1,0,0.00,0.00,0.00,ACTIVE,NONE,10710,0,P,P,0.00,released,RELEASED
2026-05-21 18:10:10.590,428.8261,,slider,1,0,0.00,0.00,0.00,ACTIVE,NONE,10720,0,P,P,0.00,released,RELEASED
2026-05-21 18:10:10.989,429.2258,,slider,1,0,0.00,0.00,0.00,ACTIVE,NONE,10730,0,P,P,0.00,released,RELEASED
2026-05-21 18:10:11.389,429.6257,,slider,1,0,0.00,0.00,0.00,ACTIVE,NONE,10740,0,P,P,0.00,released,RELEASED
2026-05-21 18:10:11.790,430.0262,,slider,1,0,0.00,0.00,0.00,ACTIVE,NONE,10750,0,P,P,0.00,released,RELEASED
2026-05-21 18:10:12.190,430.4264,,slider,1,0,0.00,0.00,0.00,ACTIVE,NONE,10760,0,P,P,0.00,released,RELEASED
2026-05-21 18:10:12.590,430.8265,,slider,1,0,0.00,0.00,0.00,ACTIVE,NONE,10770,0,P,P,0.00,released,RELEASED
2026-05-21 18:10:12.990,431.2263,,slider,1,0,0.00,0.00,0.00,ACTIVE,NONE,10780,0,P,P,0.00,released,RELEASED
2026-05-21 18:10:13.390,431.6263,,slider,1,0,0.00,0.00,0.00,ACTIVE,NONE,10790,0,P,P,0.00,released,RELEASED
2026-05-21 18:10:13.790,432.0263,,slider,1,0,0.00,0.00,0.00,ACTIVE,NONE,10800,0,P,P,0.00,released,RELEASED
2026-05-21 18:10:14.190,432.4268,,slider,1,0,0.00,0.00,0.00,ACTIVE,NONE,10810,0,P,P,0.00,released,RELEASED
2026-05-21 18:10:14.590,432.8265,,slider,1,0,0.00,0.00,0.00,ACTIVE,NONE,10820,0,P,P,0.00,released,RELEASED
2026-05-21 18:10:14.990,433.2264,,slider,1,0,0.00,0.00,0.00,ACTIVE,NONE,10830,0,P,P,0.00,released,RELEASED
2026-05-21 18:10:15.390,433.6262,,slider,1,0,0.00,0.00,0.00,ACTIVE,NONE,10840,0,P,P,0.00,released,RELEASED
2026-05-21 18:10:15.790,434.0262,,slider,1,0,0.00,0.00,0.00,ACTIVE,NONE,10850,0,P,P,0.00,released,RELEASED
2026-05-21 18:10:16.190,434.4264,,slider,1,0,0.00,0.00,0.00,ACTIVE,NONE,10860,0,P,P,0.00,released,RELEASED
2026-05-21 18:10:16.590,434.8261,,slider,1,0,0.00,0.00,0.00,ACTIVE,NONE,10870,0,P,P,0.00,released,RELEASED
2026-05-21 18:10:16.990,435.2263,,slider,1,0,0.00,0.00,0.00,ACTIVE,NONE,10880,0,P,P,0.00,released,RELEASED
2026-05-21 18:10:17.390,435.6263,,slider,1,0,0.00,0.00,0.00,ACTIVE,NONE,10890,0,P,P,0.00,released,RELEASED
2026-05-21 18:10:17.790,436.0263,,slider,1,0,0.00,0.00,0.00,ACTIVE,NONE,10900,0,P,P,0.00,released,RELEASED
2026-05-21 18:10:18.190,436.4265,,slider,1,0,0.00,0.00,0.00,ACTIVE,NONE,10910,0,P,P,0.00,released,RELEASED
2026-05-21 18:10:18.590,436.8264,,slider,1,0,0.00,0.00,0.00,ACTIVE,NONE,10920,0,P,P,0.00,released,RELEASED
2026-05-21 18:10:18.990,437.2266,,slider,1,0,0.00,0.00,0.00,ACTIVE,NONE,10930,0,P,P,0.00,released,RELEASED
2026-05-21 18:10:19.391,437.6269,,slider,1,0,0.00,0.00,0.00,ACTIVE,NONE,10940,0,P,P,0.00,released,RELEASED
2026-05-21 18:10:19.790,438.0265,,slider,1,0,0.00,0.00,0.00,ACTIVE,NONE,10950,0,P,P,0.00,released,RELEASED
2026-05-21 18:10:20.190,438.4265,,slider,1,0,0.00,0.00,0.00,ACTIVE,NONE,10960,0,P,P,0.00,released,RELEASED
2026-05-21 18:10:20.590,438.8266,,slider,1,0,0.00,0.00,0.00,ACTIVE,NONE,10970,0,P,P,0.00,released,RELEASED
2026-05-21 18:10:20.990,439.2266,,slider,1,0,0.00,0.00,0.00,ACTIVE,NONE,10980,0,P,P,0.00,released,RELEASED
2026-05-21 18:10:21.390,439.6266,,slider,1,0,0.00,0.00,0.00,ACTIVE,NONE,10990,0,P,P,0.00,released,RELEASED
2026-05-21 18:10:21.790,440.0266,,slider,1,0,0.00,0.00,0.00,ACTIVE,NONE,11000,0,P,P,0.00,released,RELEASED
2026-05-21 18:10:22.191,440.4270,,slider,1,0,0.00,0.00,0.00,ACTIVE,NONE,11010,0,P,P,0.00,released,RELEASED
2026-05-21 18:10:22.590,440.8267,,slider,1,0,0.00,0.00,0.00,ACTIVE,NONE,11020,0,P,P,0.00,released,RELEASED
2026-05-21 18:10:22.990,441.2268,,slider,1,0,0.00,0.00,0.00,ACTIVE,NONE,11030,0,P,P,0.00,released,RELEASED
2026-05-21 18:10:23.391,441.6272,,slider,1,0,0.00,0.00,0.00,ACTIVE,NONE,11040,0,P,P,0.00,released,RELEASED
2026-05-21 18:10:23.790,442.0268,,slider,1,0,0.00,0.00,0.00,ACTIVE,NONE,11050,0,P,P,0.00,released,RELEASED
2026-05-21 18:10:24.191,442.4270,,slider,1,0,0.00,0.00,0.00,ACTIVE,NONE,11060,0,P,P,0.00,released,RELEASED
2026-05-21 18:10:24.590,442.8268,,slider,1,0,0.00,0.00,0.00,ACTIVE,NONE,11070,0,P,P,0.00,released,RELEASED
2026-05-21 18:10:24.991,443.2269,,slider,1,0,0.00,0.00,0.00,ACTIVE,NONE,11080,0,P,P,0.00,released,RELEASED
2026-05-21 18:10:25.391,443.6270,,slider,1,0,0.00,0.00,0.00,ACTIVE,NONE,11090,0,P,P,0.00,released,RELEASED
2026-05-21 18:10:25.791,444.0270,,slider,1,0,0.00,0.00,0.00,ACTIVE,NONE,11100,0,P,P,0.00,released,RELEASED
2026-05-21 18:10:26.191,444.4272,,slider,1,0,0.00,0.00,0.00,ACTIVE,NONE,11110,0,P,P,0.00,released,RELEASED
2026-05-21 18:10:26.591,444.8271,,slider,1,0,0.00,0.00,0.00,ACTIVE,NONE,11120,0,P,P,0.00,released,RELEASED
2026-05-21 18:10:26.991,445.2269,,slider,1,0,0.00,0.00,0.00,ACTIVE,NONE,11130,0,P,P,0.00,released,RELEASED
2026-05-21 18:10:27.391,445.6270,,slider,1,0,0.00,0.00,0.00,ACTIVE,NONE,11140,0,P,P,0.00,released,RELEASED
2026-05-21 18:10:27.791,446.0270,,slider,1,0,0.00,0.00,0.00,ACTIVE,NONE,11150,0,P,P,0.00,released,RELEASED
2026-05-21 18:10:28.191,446.4272,,slider,1,0,0.00,0.00,0.00,ACTIVE,NONE,11160,0,P,P,0.00,released,RELEASED
2026-05-21 18:10:28.591,446.8274,,slider,1,0,0.00,0.00,0.00,ACTIVE,NONE,11170,0,P,P,0.00,released,RELEASED
2026-05-21 18:10:28.991,447.2271,,slider,1,0,0.00,0.00,0.00,ACTIVE,NONE,11180,0,P,P,0.00,released,RELEASED
2026-05-21 18:10:29.391,447.6276,,slider,1,0,0.00,0.00,0.00,ACTIVE,NONE,11190,0,P,P,0.00,released,RELEASED
2026-05-21 18:10:29.791,448.0272,,slider,1,0,0.00,0.00,0.00,ACTIVE,NONE,11200,0,P,P,0.00,released,RELEASED
2026-05-21 18:10:30.191,448.4273,,slider,1,0,0.00,0.00,0.00,ACTIVE,NONE,11210,0,P,P,0.00,released,RELEASED
2026-05-21 18:10:30.591,448.8273,,slider,1,0,0.00,0.00,0.00,ACTIVE,NONE,11220,0,P,P,0.00,released,RELEASED
2026-05-21 18:10:30.991,449.2273,,slider,1,0,0.00,0.00,0.00,ACTIVE,NONE,11230,0,P,P,0.00,released,RELEASED
2026-05-21 18:10:31.391,449.6274,,slider,1,0,0.00,0.00,0.00,ACTIVE,NONE,11240,0,P,P,0.00,released,RELEASED
2026-05-21 18:10:31.791,450.0278,,slider,1,0,0.00,0.00,0.00,ACTIVE,NONE,11250,0,P,P,0.00,released,RELEASED
2026-05-21 18:10:32.191,450.4274,,slider,1,0,0.00,0.00,0.00,ACTIVE,NONE,11260,0,P,P,0.00,released,RELEASED
2026-05-21 18:10:32.591,450.8275,,slider,1,0,0.00,0.00,0.00,ACTIVE,NONE,11270,0,P,P,0.00,released,RELEASED
2026-05-21 18:10:32.991,451.2276,,slider,1,0,0.00,0.00,0.00,ACTIVE,NONE,11280,0,P,P,0.00,released,RELEASED
2026-05-21 18:10:33.391,451.6278,,slider,1,0,0.00,0.00,0.00,ACTIVE,NONE,11290,0,P,P,0.00,released,RELEASED
2026-05-21 18:10:33.792,452.0279,,slider,1,0,0.00,0.00,0.00,ACTIVE,NONE,11300,0,P,P,0.00,released,RELEASED
2026-05-21 18:10:34.191,452.4277,,slider,1,0,0.00,0.00,0.00,ACTIVE,NONE,11310,0,P,P,0.00,released,RELEASED
2026-05-21 18:10:34.591,452.8277,,slider,1,0,0.00,0.00,0.00,ACTIVE,NONE,11320,0,P,P,0.00,released,RELEASED
2026-05-21 18:10:34.992,453.2281,,slider,1,0,0.00,0.00,0.00,ACTIVE,NONE,11330,0,P,P,0.00,released,RELEASED
2026-05-21 18:10:35.391,453.6277,,slider,1,0,0.00,0.00,0.00,ACTIVE,NONE,11340,0,P,P,0.00,released,RELEASED
2026-05-21 18:10:35.792,454.0281,,slider,1,0,0.00,0.00,0.00,ACTIVE,NONE,11350,0,P,P,0.00,released,RELEASED
2026-05-21 18:10:36.191,454.4278,,slider,1,0,0.00,0.00,0.00,ACTIVE,NONE,11360,0,P,P,0.00,released,RELEASED
2026-05-21 18:10:36.591,454.8278,,slider,1,0,0.00,0.00,0.00,ACTIVE,NONE,11370,0,P,P,0.00,released,RELEASED
2026-05-21 18:10:36.992,455.2279,,slider,1,0,0.00,0.00,0.00,ACTIVE,NONE,11380,0,P,P,0.00,released,RELEASED
2026-05-21 18:10:37.391,455.6279,,slider,1,0,0.00,0.00,0.00,ACTIVE,NONE,11390,0,P,P,0.00,released,RELEASED
2026-05-21 18:10:37.792,456.0281,,slider,1,0,0.00,0.00,0.00,ACTIVE,NONE,11400,0,P,P,0.00,released,RELEASED
2026-05-21 18:10:38.192,456.4281,,slider,1,0,0.00,0.00,0.00,ACTIVE,NONE,11410,0,P,P,0.00,released,RELEASED
2026-05-21 18:10:38.592,456.8281,,slider,1,0,0.00,0.00,0.00,ACTIVE,NONE,11420,0,P,P,0.00,released,RELEASED
2026-05-21 18:10:38.992,457.2282,,slider,1,0,0.00,0.00,0.00,ACTIVE,NONE,11430,0,P,P,0.00,released,RELEASED
2026-05-21 18:10:39.392,457.6282,,slider,1,0,0.00,0.00,0.00,ACTIVE,NONE,11440,0,P,P,0.00,released,RELEASED
2026-05-21 18:10:39.792,458.0284,,slider,1,0,0.00,0.00,0.00,ACTIVE,NONE,11450,0,P,P,0.00,released,RELEASED
2026-05-21 18:10:40.192,458.4283,,slider,1,0,0.00,0.00,0.00,ACTIVE,NONE,11460,0,P,P,0.00,released,RELEASED
2026-05-21 18:10:40.592,458.8283,,slider,1,0,0.00,0.00,0.00,ACTIVE,NONE,11470,0,P,P,0.00,released,RELEASED
2026-05-21 18:10:40.994,459.2309,,slider,1,0,0.00,0.00,0.00,ACTIVE,NONE,11480,0,P,P,0.00,released,RELEASED
2026-05-21 18:10:41.392,459.6284,,slider,1,0,0.00,0.00,0.00,ACTIVE,NONE,11490,0,P,P,0.00,released,RELEASED
2026-05-21 18:10:41.792,460.0286,,slider,1,0,0.00,0.00,0.00,ACTIVE,NONE,11500,0,P,P,0.00,released,RELEASED
2026-05-21 18:10:42.192,460.4284,,slider,1,0,0.00,0.00,0.00,ACTIVE,NONE,11510,0,P,P,0.00,released,RELEASED
2026-05-21 18:10:42.593,460.8290,,slider,1,0,0.00,0.00,0.00,ACTIVE,NONE,11520,0,P,P,0.00,released,RELEASED
2026-05-21 18:10:42.993,461.2290,,slider,1,0,0.00,0.00,0.00,ACTIVE,NONE,11530,0,P,P,0.00,released,RELEASED
2026-05-21 18:10:43.392,461.6289,,slider,1,0,0.00,0.00,0.00,ACTIVE,NONE,11540,0,P,P,0.00,released,RELEASED
2026-05-21 18:10:43.793,462.0292,,slider,1,0,0.00,0.00,0.00,ACTIVE,NONE,11550,0,P,P,0.00,released,RELEASED
2026-05-21 18:10:44.193,462.4290,,slider,1,0,0.00,0.00,0.00,ACTIVE,NONE,11560,0,P,P,0.00,released,RELEASED
2026-05-21 18:10:44.592,462.8285,,slider,1,0,0.00,0.00,0.00,ACTIVE,NONE,11570,0,P,P,0.00,released,RELEASED
2026-05-21 18:10:44.992,463.2287,,slider,1,0,0.00,0.00,0.00,ACTIVE,NONE,11580,0,P,P,0.00,released,RELEASED
2026-05-21 18:10:45.392,463.6287,,slider,1,0,0.00,0.00,0.00,ACTIVE,NONE,11590,0,P,P,0.00,released,RELEASED
2026-05-21 18:10:45.792,464.0288,,slider,1,0,0.00,0.00,0.00,ACTIVE,NONE,11600,0,P,P,0.00,released,RELEASED
2026-05-21 18:10:46.192,464.4287,,slider,1,0,0.00,0.00,0.00,ACTIVE,NONE,11610,0,P,P,0.00,released,RELEASED
2026-05-21 18:10:46.592,464.8288,,slider,1,0,0.00,0.00,0.00,ACTIVE,NONE,11620,0,P,P,0.00,released,RELEASED
2026-05-21 18:10:46.993,465.2291,,slider,1,0,0.00,0.00,0.00,ACTIVE,NONE,11630,0,P,P,0.00,released,RELEASED
2026-05-21 18:10:47.393,465.6289,,slider,1,0,0.00,0.00,0.00,ACTIVE,NONE,11640,0,P,P,0.00,released,RELEASED
2026-05-21 18:10:47.793,466.0290,,slider,1,0,0.00,0.00,0.00,ACTIVE,NONE,11650,0,P,P,0.00,released,RELEASED
2026-05-21 18:10:48.193,466.4291,,slider,1,0,0.00,0.00,0.00,ACTIVE,NONE,11660,0,P,P,0.00,released,RELEASED
2026-05-21 18:10:48.593,466.8291,,slider,1,0,0.00,0.00,0.00,ACTIVE,NONE,11670,0,P,P,0.00,released,RELEASED
2026-05-21 18:10:48.993,467.2292,,slider,1,0,0.00,0.00,0.00,ACTIVE,NONE,11680,0,P,P,0.00,released,RELEASED
2026-05-21 18:10:49.393,467.6292,,slider,1,0,0.00,0.00,0.00,ACTIVE,NONE,11690,0,P,P,0.00,released,RELEASED
2026-05-21 18:10:49.794,468.0301,,slider,1,0,0.00,0.00,0.00,ACTIVE,NONE,11700,0,P,P,0.00,released,RELEASED
2026-05-21 18:10:50.193,468.4294,,slider,1,0,0.00,0.00,0.00,ACTIVE,NONE,11710,0,P,P,0.00,released,RELEASED
2026-05-21 18:10:50.593,468.8298,,slider,1,0,0.00,0.00,0.00,ACTIVE,NONE,11720,0,P,P,0.00,released,RELEASED
2026-05-21 18:10:50.993,469.2297,,slider,1,0,0.00,0.00,0.00,ACTIVE,NONE,11730,0,P,P,0.00,released,RELEASED
2026-05-21 18:10:51.393,469.6296,,slider,1,0,0.00,0.00,0.00,ACTIVE,NONE,11740,0,P,P,0.00,released,RELEASED
2026-05-21 18:10:51.794,470.0304,,slider,1,0,0.00,0.00,0.00,ACTIVE,NONE,11750,0,P,P,0.00,released,RELEASED
2026-05-21 18:10:52.193,470.4297,,slider,1,0,0.00,0.00,0.00,ACTIVE,NONE,11760,0,P,P,0.00,released,RELEASED
2026-05-21 18:10:52.594,470.8302,,slider,1,0,0.00,0.00,0.00,ACTIVE,NONE,11770,0,P,P,0.00,released,RELEASED
2026-05-21 18:10:52.994,471.2303,,slider,1,0,0.00,0.00,0.00,ACTIVE,NONE,11780,0,P,P,0.00,released,RELEASED
2026-05-21 18:10:53.394,471.6302,,slider,1,0,0.00,0.00,0.00,ACTIVE,NONE,11790,0,P,P,0.00,released,RELEASED
2026-05-21 18:10:53.793,472.0298,,slider,1,0,0.00,0.00,0.00,ACTIVE,NONE,11800,0,P,P,0.00,released,RELEASED
2026-05-21 18:10:54.194,472.4304,,slider,1,0,0.00,0.00,0.00,ACTIVE,NONE,11810,0,P,P,0.00,released,RELEASED
2026-05-21 18:10:54.594,472.8301,,slider,1,0,0.00,0.00,0.00,ACTIVE,NONE,11820,0,P,P,0.00,released,RELEASED
2026-05-21 18:10:54.994,473.2303,,slider,1,0,0.00,0.00,0.00,ACTIVE,NONE,11830,0,P,P,0.00,released,RELEASED
2026-05-21 18:10:55.394,473.6307,,slider,1,0,0.00,0.00,0.00,ACTIVE,NONE,11840,0,P,P,0.00,released,RELEASED
2026-05-21 18:10:55.794,474.0305,,slider,1,0,0.00,0.00,0.00,ACTIVE,NONE,11850,0,P,P,0.00,released,RELEASED
2026-05-21 18:10:56.194,474.4303,,slider,1,0,0.00,0.00,0.00,ACTIVE,NONE,11860,0,P,P,0.00,released,RELEASED
2026-05-21 18:10:56.594,474.8302,,slider,1,0,0.00,0.00,0.00,ACTIVE,NONE,11870,0,P,P,0.00,released,RELEASED
2026-05-21 18:10:56.994,475.2306,,slider,1,0,0.00,0.00,0.00,ACTIVE,NONE,11880,0,P,P,0.00,released,RELEASED
2026-05-21 18:10:57.394,475.6304,,slider,1,0,0.00,0.00,0.00,ACTIVE,NONE,11890,0,P,P,0.00,released,RELEASED
2026-05-21 18:10:57.794,476.0303,,slider,1,0,0.00,0.00,0.00,ACTIVE,NONE,11900,0,P,P,0.00,released,RELEASED
2026-05-21 18:10:58.194,476.4306,,slider,1,0,0.00,0.00,0.00,ACTIVE,NONE,11910,0,P,P,0.00,released,RELEASED
2026-05-21 18:10:58.594,476.8304,,slider,1,0,0.00,0.00,0.00,ACTIVE,NONE,11920,0,P,P,0.00,released,RELEASED
2026-05-21 18:10:58.994,477.2306,,slider,1,0,0.00,0.00,0.00,ACTIVE,NONE,11930,0,P,P,0.00,released,RELEASED
2026-05-21 18:10:59.394,477.6305,,slider,1,0,0.00,0.00,0.00,ACTIVE,NONE,11940,0,P,P,0.00,released,RELEASED
2026-05-21 18:10:59.794,478.0307,,slider,1,0,0.00,0.00,0.00,ACTIVE,NONE,11950,0,P,P,0.00,released,RELEASED
2026-05-21 18:11:00.194,478.4306,,slider,1,0,0.00,0.00,0.00,ACTIVE,NONE,11960,0,P,P,0.00,released,RELEASED
2026-05-21 18:11:00.594,478.8306,,slider,1,0,0.00,0.00,0.00,ACTIVE,NONE,11970,0,P,P,0.00,released,RELEASED
2026-05-21 18:11:00.994,479.2306,,slider,1,0,0.00,0.00,0.00,ACTIVE,NONE,11980,0,P,P,0.00,released,RELEASED
2026-05-21 18:11:01.394,479.6306,,slider,1,0,0.00,0.00,0.00,ACTIVE,NONE,11990,0,P,P,0.00,released,RELEASED
2026-05-21 18:11:01.794,480.0308,,slider,1,0,0.00,0.00,0.00,ACTIVE,NONE,12000,0,P,P,0.00,released,RELEASED
2026-05-21 18:11:02.194,480.4307,,slider,1,0,0.00,0.00,0.00,ACTIVE,NONE,12010,0,P,P,0.00,released,RELEASED
2026-05-21 18:11:02.595,480.8317,,slider,1,0,0.00,0.00,0.00,ACTIVE,NONE,12020,0,P,P,0.00,released,RELEASED
2026-05-21 18:11:02.995,481.2310,,slider,1,0,0.00,0.00,0.00,ACTIVE,NONE,12030,0,P,P,0.00,released,RELEASED
2026-05-21 18:11:03.395,481.6310,,slider,1,0,0.00,0.00,0.00,ACTIVE,NONE,12040,0,P,P,0.00,released,RELEASED
2026-05-21 18:11:03.795,482.0309,,slider,1,0,0.00,0.00,0.00,ACTIVE,NONE,12050,0,P,P,0.00,released,RELEASED
2026-05-21 18:11:04.195,482.4312,,slider,1,0,0.00,0.00,0.00,ACTIVE,NONE,12060,0,P,P,0.00,released,RELEASED
2026-05-21 18:11:04.595,482.8310,,slider,1,0,0.00,0.00,0.00,ACTIVE,NONE,12070,0,P,P,0.00,released,RELEASED
2026-05-21 18:11:04.995,483.2313,,slider,1,0,0.00,0.00,0.00,ACTIVE,NONE,12080,0,P,P,0.00,released,RELEASED
2026-05-21 18:11:05.395,483.6312,,slider,1,0,0.00,0.00,0.00,ACTIVE,NONE,12090,0,P,P,0.00,released,RELEASED
2026-05-21 18:11:05.795,484.0310,,slider,1,0,0.00,0.00,0.00,ACTIVE,NONE,12100,0,P,P,0.00,released,RELEASED
2026-05-21 18:11:06.195,484.4310,,slider,1,0,0.00,0.00,0.00,ACTIVE,NONE,12110,0,P,P,0.00,released,RELEASED
2026-05-21 18:11:06.595,484.8314,,slider,1,0,0.00,0.00,0.00,ACTIVE,NONE,12120,0,P,P,0.00,released,RELEASED
2026-05-21 18:11:06.995,485.2312,,slider,1,0,0.00,0.00,0.00,ACTIVE,NONE,12130,0,P,P,0.00,released,RELEASED
2026-05-21 18:11:07.395,485.6311,,slider,1,0,0.00,0.00,0.00,ACTIVE,NONE,12140,0,P,P,0.00,released,RELEASED
2026-05-21 18:11:07.795,486.0317,,slider,1,0,0.00,0.00,0.00,ACTIVE,NONE,12150,0,P,P,0.00,released,RELEASED
2026-05-21 18:11:08.195,486.4311,,slider,1,0,0.00,0.00,0.00,ACTIVE,NONE,12160,0,P,P,0.00,released,RELEASED
2026-05-21 18:11:08.595,486.8313,,slider,1,0,0.00,0.00,0.00,ACTIVE,NONE,12170,0,P,P,0.00,released,RELEASED
2026-05-21 18:11:08.995,487.2312,,slider,1,0,0.00,0.00,0.00,ACTIVE,NONE,12180,0,P,P,0.00,released,RELEASED
2026-05-21 18:11:09.395,487.6312,,slider,1,0,0.00,0.00,0.00,ACTIVE,NONE,12190,0,P,P,0.00,released,RELEASED
2026-05-21 18:11:09.796,488.0322,,slider,1,0,0.00,0.00,0.00,ACTIVE,NONE,12200,0,P,P,0.00,released,RELEASED
2026-05-21 18:11:10.195,488.4314,,slider,1,0,0.00,0.00,0.00,ACTIVE,NONE,12210,0,P,P,0.00,released,RELEASED
2026-05-21 18:11:10.595,488.8317,,slider,1,0,0.00,0.00,0.00,ACTIVE,NONE,12220,0,P,P,0.00,released,RELEASED
2026-05-21 18:11:10.995,489.2318,,slider,1,0,0.00,0.00,0.00,ACTIVE,NONE,12230,0,P,P,0.00,released,RELEASED
2026-05-21 18:11:11.395,489.6316,,slider,1,0,0.00,0.00,0.00,ACTIVE,NONE,12240,0,P,P,0.00,released,RELEASED
2026-05-21 18:11:11.795,490.0317,,slider,1,0,0.00,0.00,0.00,ACTIVE,NONE,12250,0,P,P,0.00,released,RELEASED
2026-05-21 18:11:12.195,490.4318,,slider,1,0,0.00,0.00,0.00,ACTIVE,NONE,12260,0,P,P,0.00,released,RELEASED
2026-05-21 18:11:12.596,490.8320,,slider,1,0,0.00,0.00,0.00,ACTIVE,NONE,12270,0,P,P,0.00,released,RELEASED
2026-05-21 18:11:12.995,491.2316,,slider,1,0,0.00,0.00,0.00,ACTIVE,NONE,12280,0,P,P,0.00,released,RELEASED
2026-05-21 18:11:13.395,491.6318,,slider,1,0,0.00,0.00,0.00,ACTIVE,NONE,12290,0,P,P,0.00,released,RELEASED
2026-05-21 18:11:13.796,492.0320,,slider,1,0,0.00,0.00,0.00,ACTIVE,NONE,12300,0,P,P,0.00,released,RELEASED
2026-05-21 18:11:14.196,492.4321,,slider,1,0,0.00,0.00,0.00,ACTIVE,NONE,12310,0,P,P,0.00,released,RELEASED
2026-05-21 18:11:14.596,492.8319,,slider,1,0,0.00,0.00,0.00,ACTIVE,NONE,12320,0,P,P,0.00,released,RELEASED
2026-05-21 18:11:14.996,493.2324,,slider,1,0,0.00,0.00,0.00,ACTIVE,NONE,12330,0,P,P,0.00,released,RELEASED
2026-05-21 18:11:15.396,493.6324,,slider,1,0,0.00,0.00,0.00,ACTIVE,NONE,12340,0,P,P,0.00,released,RELEASED
2026-05-21 18:11:15.796,494.0321,,slider,1,0,0.00,0.00,0.00,ACTIVE,NONE,12350,0,P,P,0.00,released,RELEASED
2026-05-21 18:11:16.196,494.4324,,slider,1,0,0.00,0.00,0.00,ACTIVE,NONE,12360,0,P,P,0.00,released,RELEASED
2026-05-21 18:11:16.596,494.8321,,slider,1,0,0.00,0.00,0.00,ACTIVE,NONE,12370,0,P,P,0.00,released,RELEASED
2026-05-21 18:11:16.996,495.2323,,slider,1,0,0.00,0.00,0.00,ACTIVE,NONE,12380,0,P,P,0.00,released,RELEASED
2026-05-21 18:11:17.396,495.6324,,slider,1,0,0.00,0.00,0.00,ACTIVE,NONE,12390,0,P,P,0.00,released,RELEASED
2026-05-21 18:11:17.796,496.0321,,slider,1,0,0.00,0.00,0.00,ACTIVE,NONE,12400,0,P,P,0.00,released,RELEASED
2026-05-21 18:11:18.196,496.4322,,slider,1,0,0.00,0.00,0.00,ACTIVE,NONE,12410,0,P,P,0.00,released,RELEASED
2026-05-21 18:11:18.596,496.8322,,slider,1,0,0.00,0.00,0.00,ACTIVE,NONE,12420,0,P,P,0.00,released,RELEASED
2026-05-21 18:11:18.996,497.2327,,slider,1,0,0.00,0.00,0.00,ACTIVE,NONE,12430,0,P,P,0.00,released,RELEASED
2026-05-21 18:11:19.396,497.6323,,slider,1,0,0.00,0.00,0.00,ACTIVE,NONE,12440,0,P,P,0.00,released,RELEASED
2026-05-21 18:11:19.796,498.0322,,slider,1,0,0.00,0.00,0.00,ACTIVE,NONE,12450,0,P,P,0.00,released,RELEASED
2026-05-21 18:11:20.196,498.4324,,slider,1,0,0.00,0.00,0.00,ACTIVE,NONE,12460,0,P,P,0.00,released,RELEASED
2026-05-21 18:11:20.596,498.8322,,slider,1,0,0.00,0.00,0.00,ACTIVE,NONE,12470,0,P,P,0.00,released,RELEASED
2026-05-21 18:11:20.996,499.2325,,slider,1,0,0.00,0.00,0.00,ACTIVE,NONE,12480,0,P,P,0.00,released,RELEASED
2026-05-21 18:11:21.396,499.6325,,slider,1,0,0.00,0.00,0.00,ACTIVE,NONE,12490,0,P,P,0.00,released,RELEASED
2026-05-21 18:11:21.796,500.0324,,slider,1,0,0.00,0.00,0.00,ACTIVE,NONE,12500,0,P,P,0.00,released,RELEASED
2026-05-21 18:11:22.196,500.4325,,slider,1,0,0.00,0.00,0.00,ACTIVE,NONE,12510,0,P,P,0.00,released,RELEASED
2026-05-21 18:11:22.596,500.8324,,slider,1,0,0.00,0.00,0.00,ACTIVE,NONE,12520,0,P,P,0.00,released,RELEASED
2026-05-21 18:11:22.996,501.2326,,slider,1,0,0.00,0.00,0.00,ACTIVE,NONE,12530,0,P,P,0.00,released,RELEASED
2026-05-21 18:11:23.397,501.6332,,slider,1,0,0.00,0.00,0.00,ACTIVE,NONE,12540,0,P,P,0.00,released,RELEASED
2026-05-21 18:11:23.796,502.0328,,slider,1,0,0.00,0.00,0.00,ACTIVE,NONE,12550,0,P,P,0.00,released,RELEASED
2026-05-21 18:11:24.196,502.4326,,slider,1,0,0.00,0.00,0.00,ACTIVE,NONE,12560,0,P,P,0.00,released,RELEASED
2026-05-21 18:11:24.596,502.8326,,slider,1,0,0.00,0.00,0.00,ACTIVE,NONE,12570,0,P,P,0.00,released,RELEASED
2026-05-21 18:11:24.996,503.2327,,slider,1,0,0.00,0.00,0.00,ACTIVE,NONE,12580,0,P,P,0.00,released,RELEASED
2026-05-21 18:11:25.397,503.6329,,slider,1,0,0.00,0.00,0.00,ACTIVE,NONE,12590,0,P,P,0.00,released,RELEASED
2026-05-21 18:11:25.796,504.0327,,slider,1,0,0.00,0.00,0.00,ACTIVE,NONE,12600,0,P,P,0.00,released,RELEASED
2026-05-21 18:11:26.196,504.4327,,slider,1,0,0.00,0.00,0.00,ACTIVE,NONE,12610,0,P,P,0.00,released,RELEASED
2026-05-21 18:11:26.596,504.8328,,slider,1,0,0.00,0.00,0.00,ACTIVE,NONE,12620,0,P,P,0.00,released,RELEASED
2026-05-21 18:11:26.997,505.2330,,slider,1,0,0.00,0.00,0.00,ACTIVE,NONE,12630,0,P,P,0.00,released,RELEASED
2026-05-21 18:11:27.397,505.6329,,slider,1,0,0.00,0.00,0.00,ACTIVE,NONE,12640,0,P,P,0.00,released,RELEASED
2026-05-21 18:11:27.796,506.0328,,slider,1,0,0.00,0.00,0.00,ACTIVE,NONE,12650,0,P,P,0.00,released,RELEASED
2026-05-21 18:11:28.197,506.4330,,slider,1,0,0.00,0.00,0.00,ACTIVE,NONE,12660,0,P,P,0.00,released,RELEASED
2026-05-21 18:11:28.596,506.8328,,slider,1,0,0.00,0.00,0.00,ACTIVE,NONE,12670,0,P,P,0.00,released,RELEASED
2026-05-21 18:11:28.997,507.2329,,slider,1,0,0.00,0.00,0.00,ACTIVE,NONE,12680,0,P,P,0.00,released,RELEASED
2026-05-21 18:11:29.397,507.6331,,slider,1,0,0.00,0.00,0.00,ACTIVE,NONE,12690,0,P,P,0.00,released,RELEASED
2026-05-21 18:11:29.797,508.0333,,slider,1,0,0.00,0.00,0.00,ACTIVE,NONE,12700,0,P,P,0.00,released,RELEASED
2026-05-21 18:11:30.197,508.4332,,slider,1,0,0.00,0.00,0.00,ACTIVE,NONE,12710,0,P,P,0.00,released,RELEASED
2026-05-21 18:11:30.597,508.8330,,slider,1,0,0.00,0.00,0.00,ACTIVE,NONE,12720,0,P,P,0.00,released,RELEASED
2026-05-21 18:11:30.997,509.2331,,slider,1,0,0.00,0.00,0.00,ACTIVE,NONE,12730,0,P,P,0.00,released,RELEASED
2026-05-21 18:11:31.397,509.6333,,slider,1,0,0.00,0.00,0.00,ACTIVE,NONE,12740,0,P,P,0.00,released,RELEASED
2026-05-21 18:11:31.797,510.0331,,slider,1,0,0.00,0.00,0.00,ACTIVE,NONE,12750,0,P,P,0.00,released,RELEASED
2026-05-21 18:11:32.197,510.4334,,slider,1,0,0.00,0.00,0.00,ACTIVE,NONE,12760,0,P,P,0.00,released,RELEASED
2026-05-21 18:11:32.597,510.8331,,slider,1,0,0.00,0.00,0.00,ACTIVE,NONE,12770,0,P,P,0.00,released,RELEASED
2026-05-21 18:11:32.997,511.2331,,slider,1,0,0.00,0.00,0.00,ACTIVE,NONE,12780,0,P,P,0.00,released,RELEASED
2026-05-21 18:11:33.397,511.6333,,slider,1,0,0.00,0.00,0.00,ACTIVE,NONE,12790,0,P,P,0.00,released,RELEASED
2026-05-21 18:11:33.797,512.0331,,slider,1,0,0.00,0.00,0.00,ACTIVE,NONE,12800,0,P,P,0.00,released,RELEASED
2026-05-21 18:11:34.197,512.4331,,slider,1,0,0.00,0.00,0.00,ACTIVE,NONE,12810,0,P,P,0.00,released,RELEASED
2026-05-21 18:11:34.597,512.8332,,slider,1,0,0.00,0.00,0.00,ACTIVE,NONE,12820,0,P,P,0.00,released,RELEASED
2026-05-21 18:11:34.997,513.2333,,slider,1,0,0.00,0.00,0.00,ACTIVE,NONE,12830,0,P,P,0.00,released,RELEASED
2026-05-21 18:11:35.397,513.6333,,slider,1,0,0.00,0.00,0.00,ACTIVE,NONE,12840,0,P,P,0.00,released,RELEASED
2026-05-21 18:11:35.797,514.0337,,slider,1,0,0.00,0.00,0.00,ACTIVE,NONE,12850,0,P,P,0.00,released,RELEASED
2026-05-21 18:11:36.197,514.4335,,slider,1,0,0.00,0.00,0.00,ACTIVE,NONE,12860,0,P,P,0.00,released,RELEASED
2026-05-21 18:11:36.597,514.8333,,slider,1,0,0.00,0.00,0.00,ACTIVE,NONE,12870,0,P,P,0.00,released,RELEASED
2026-05-21 18:11:36.997,515.2334,,slider,1,0,0.00,0.00,0.00,ACTIVE,NONE,12880,0,P,P,0.00,released,RELEASED
2026-05-21 18:11:37.397,515.6335,,slider,1,0,0.00,0.00,0.00,ACTIVE,NONE,12890,0,P,P,0.00,released,RELEASED
2026-05-21 18:11:37.797,516.0335,,slider,1,0,0.00,0.00,0.00,ACTIVE,NONE,12900,0,P,P,0.00,released,RELEASED
2026-05-21 18:11:38.198,516.4340,,slider,1,0,0.00,0.00,0.00,ACTIVE,NONE,12910,0,P,P,0.00,released,RELEASED
2026-05-21 18:11:38.597,516.8336,,slider,1,0,0.00,0.00,0.00,ACTIVE,NONE,12920,0,P,P,0.00,released,RELEASED
2026-05-21 18:11:38.997,517.2337,,slider,1,0,0.00,0.00,0.00,ACTIVE,NONE,12930,0,P,P,0.00,released,RELEASED
2026-05-21 18:11:39.398,517.6340,,slider,1,0,0.00,0.00,0.00,ACTIVE,NONE,12940,0,P,P,0.00,released,RELEASED
2026-05-21 18:11:39.798,518.0341,,slider,1,0,0.00,0.00,0.00,ACTIVE,NONE,12950,0,P,P,0.00,released,RELEASED
2026-05-21 18:11:40.198,518.4340,,slider,1,0,0.00,0.00,0.00,ACTIVE,NONE,12960,0,P,P,0.00,released,RELEASED
2026-05-21 18:11:40.598,518.8340,,slider,1,0,0.00,0.00,0.00,ACTIVE,NONE,12970,0,P,P,0.00,released,RELEASED
2026-05-21 18:11:40.998,519.2339,,slider,1,0,0.00,0.00,0.00,ACTIVE,NONE,12980,0,P,P,0.00,released,RELEASED
2026-05-21 18:11:41.398,519.6339,,slider,1,0,0.00,0.00,0.00,ACTIVE,NONE,12990,0,P,P,0.00,released,RELEASED
2026-05-21 18:11:41.798,520.0339,,slider,1,0,0.00,0.00,0.00,ACTIVE,NONE,13000,0,P,P,0.00,released,RELEASED
2026-05-21 18:11:42.198,520.4340,,slider,1,0,0.00,0.00,0.00,ACTIVE,NONE,13010,0,P,P,0.00,released,RELEASED
2026-05-21 18:11:42.598,520.8341,,slider,1,0,0.00,0.00,0.00,ACTIVE,NONE,13020,0,P,P,0.00,released,RELEASED
2026-05-21 18:11:42.998,521.2340,,slider,1,0,0.00,0.00,0.00,ACTIVE,NONE,13030,0,P,P,0.00,released,RELEASED
2026-05-21 18:11:43.398,521.6341,,slider,1,0,0.00,0.00,0.00,ACTIVE,NONE,13040,0,P,P,0.00,released,RELEASED
2026-05-21 18:11:43.798,522.0343,,slider,1,0,0.00,0.00,0.00,ACTIVE,NONE,13050,0,P,P,0.00,released,RELEASED
2026-05-21 18:11:44.198,522.4341,,slider,1,0,0.00,0.00,0.00,ACTIVE,NONE,13060,0,P,P,0.00,released,RELEASED
2026-05-21 18:11:44.598,522.8342,,slider,1,0,0.00,0.00,0.00,ACTIVE,NONE,13070,0,P,P,0.00,released,RELEASED
2026-05-21 18:11:44.998,523.2343,,slider,1,0,0.00,0.00,0.00,ACTIVE,NONE,13080,0,P,P,0.00,released,RELEASED
2026-05-21 18:11:45.398,523.6343,,slider,1,0,0.00,0.00,0.00,ACTIVE,NONE,13090,0,P,P,0.00,released,RELEASED
2026-05-21 18:11:45.798,524.0343,,slider,1,0,0.00,0.00,0.00,ACTIVE,NONE,13100,0,P,P,0.00,released,RELEASED
2026-05-21 18:11:46.198,524.4344,,slider,1,0,0.00,0.00,0.00,ACTIVE,NONE,13110,0,P,P,0.00,released,RELEASED
2026-05-21 18:11:46.598,524.8343,,slider,1,0,0.00,0.00,0.00,ACTIVE,NONE,13120,0,P,P,0.00,released,RELEASED
2026-05-21 18:11:46.998,525.2344,,slider,1,0,0.00,0.00,0.00,ACTIVE,NONE,13130,0,P,P,0.00,released,RELEASED
2026-05-21 18:11:47.398,525.6346,,slider,1,0,0.00,0.00,0.00,ACTIVE,NONE,13140,0,P,P,0.00,released,RELEASED
2026-05-21 18:11:47.798,526.0346,,slider,1,0,0.00,0.00,0.00,ACTIVE,NONE,13150,0,P,P,0.00,released,RELEASED
2026-05-21 18:11:48.198,526.4345,,slider,1,0,0.00,0.00,0.00,ACTIVE,NONE,13160,0,P,P,0.00,released,RELEASED
2026-05-21 18:11:48.598,526.8346,,slider,1,0,0.00,0.00,0.00,ACTIVE,NONE,13170,0,P,P,0.00,released,RELEASED
2026-05-21 18:11:48.999,527.2350,,slider,1,0,0.00,0.00,0.00,ACTIVE,NONE,13180,0,P,P,0.00,released,RELEASED
2026-05-21 18:11:49.398,527.6347,,slider,1,0,0.00,0.00,0.00,ACTIVE,NONE,13190,0,P,P,0.00,released,RELEASED
2026-05-21 18:11:49.798,528.0347,,slider,1,0,0.00,0.00,0.00,ACTIVE,NONE,13200,0,P,P,0.00,released,RELEASED
2026-05-21 18:11:50.198,528.4346,,slider,1,0,0.00,0.00,0.00,ACTIVE,NONE,13210,0,P,P,0.00,released,RELEASED
2026-05-21 18:11:50.598,528.8347,,slider,1,0,0.00,0.00,0.00,ACTIVE,NONE,13220,0,P,P,0.00,released,RELEASED
2026-05-21 18:11:50.998,529.2347,,slider,1,0,0.00,0.00,0.00,ACTIVE,NONE,13230,0,P,P,0.00,released,RELEASED
2026-05-21 18:11:51.398,529.6347,,slider,1,0,0.00,0.00,0.00,ACTIVE,NONE,13240,0,P,P,0.00,released,RELEASED
2026-05-21 18:11:51.798,530.0348,,slider,1,0,0.00,0.00,0.00,ACTIVE,NONE,13250,0,P,P,0.00,released,RELEASED
2026-05-21 18:11:52.199,530.4349,,slider,1,0,0.00,0.00,0.00,ACTIVE,NONE,13260,0,P,P,0.00,released,RELEASED
2026-05-21 18:11:52.598,530.8348,,slider,1,0,0.00,0.00,0.00,ACTIVE,NONE,13270,0,P,P,0.00,released,RELEASED
2026-05-21 18:11:52.998,531.2349,,slider,1,0,0.00,0.00,0.00,ACTIVE,NONE,13280,0,P,P,0.00,released,RELEASED
2026-05-21 18:11:53.399,531.6349,,slider,1,0,0.00,0.00,0.00,ACTIVE,NONE,13290,0,P,P,0.00,released,RELEASED
2026-05-21 18:11:53.799,532.0350,,slider,1,0,0.00,0.00,0.00,ACTIVE,NONE,13300,0,P,P,0.00,released,RELEASED
2026-05-21 18:11:54.199,532.4351,,slider,1,0,0.00,0.00,0.00,ACTIVE,NONE,13310,0,P,P,0.00,released,RELEASED
2026-05-21 18:11:54.599,532.8350,,slider,1,0,0.00,0.00,0.00,ACTIVE,NONE,13320,0,P,P,0.00,released,RELEASED
2026-05-21 18:11:54.999,533.2350,,slider,1,0,0.00,0.00,0.00,ACTIVE,NONE,13330,0,P,P,0.00,released,RELEASED
2026-05-21 18:11:55.399,533.6351,,slider,1,0,0.00,0.00,0.00,ACTIVE,NONE,13340,0,P,P,0.00,released,RELEASED
2026-05-21 18:11:55.799,534.0353,,slider,1,0,0.00,0.00,0.00,ACTIVE,NONE,13350,0,P,P,0.00,released,RELEASED
2026-05-21 18:11:56.199,534.4352,,slider,1,0,0.00,0.00,0.00,ACTIVE,NONE,13360,0,P,P,0.00,released,RELEASED
2026-05-21 18:11:56.599,534.8353,,slider,1,0,0.00,0.00,0.00,ACTIVE,NONE,13370,0,P,P,0.00,released,RELEASED
2026-05-21 18:11:56.999,535.2353,,slider,1,0,0.00,0.00,0.00,ACTIVE,NONE,13380,0,P,P,0.00,released,RELEASED
2026-05-21 18:11:57.399,535.6354,,slider,1,0,0.00,0.00,0.00,ACTIVE,NONE,13390,0,P,P,0.00,released,RELEASED
2026-05-21 18:11:57.799,536.0353,,slider,1,0,0.00,0.00,0.00,ACTIVE,NONE,13400,0,P,P,0.00,released,RELEASED
2026-05-21 18:11:58.199,536.4355,,slider,1,0,0.00,0.00,0.00,ACTIVE,NONE,13410,0,P,P,0.00,released,RELEASED
2026-05-21 18:11:58.599,536.8354,,slider,1,0,0.00,0.00,0.00,ACTIVE,NONE,13420,0,P,P,0.00,released,RELEASED
2026-05-21 18:11:58.999,537.2355,,slider,1,0,0.00,0.00,0.00,ACTIVE,NONE,13430,0,P,P,0.00,released,RELEASED
2026-05-21 18:11:59.399,537.6356,,slider,1,0,0.00,0.00,0.00,ACTIVE,NONE,13440,0,P,P,0.00,released,RELEASED
2026-05-21 18:11:59.799,538.0355,,slider,1,0,0.00,0.00,0.00,ACTIVE,NONE,13450,0,P,P,0.00,released,RELEASED
2026-05-21 18:12:00.199,538.4355,,slider,1,0,0.00,0.00,0.00,ACTIVE,NONE,13460,0,P,P,0.00,released,RELEASED
2026-05-21 18:12:00.599,538.8356,,slider,1,0,0.00,0.00,0.00,ACTIVE,NONE,13470,0,P,P,0.00,released,RELEASED
2026-05-21 18:12:00.999,539.2355,,slider,1,0,0.00,0.00,0.00,ACTIVE,NONE,13480,0,P,P,0.00,released,RELEASED
2026-05-21 18:12:01.399,539.6357,,slider,1,0,0.00,0.00,0.00,ACTIVE,NONE,13490,0,P,P,0.00,released,RELEASED
2026-05-21 18:12:01.799,540.0356,,slider,1,0,0.00,0.00,0.00,ACTIVE,NONE,13500,0,P,P,0.00,released,RELEASED
2026-05-21 18:12:02.199,540.4357,,slider,1,0,0.00,0.00,0.00,ACTIVE,NONE,13510,0,P,P,0.00,released,RELEASED
2026-05-21 18:12:02.599,540.8356,,slider,1,0,0.00,0.00,0.00,ACTIVE,NONE,13520,0,P,P,0.00,released,RELEASED
2026-05-21 18:12:02.999,541.2358,,slider,1,0,0.00,0.00,0.00,ACTIVE,NONE,13530,0,P,P,0.00,released,RELEASED
2026-05-21 18:12:03.399,541.6358,,slider,1,0,0.00,0.00,0.00,ACTIVE,NONE,13540,0,P,P,0.00,released,RELEASED
2026-05-21 18:12:03.799,542.0358,,slider,1,0,0.00,0.00,0.00,ACTIVE,NONE,13550,0,P,P,0.00,released,RELEASED
2026-05-21 18:12:04.200,542.4359,,slider,1,0,0.00,0.00,0.00,ACTIVE,NONE,13560,0,P,P,0.00,released,RELEASED
2026-05-21 18:12:04.599,542.8359,,slider,1,0,0.00,0.00,0.00,ACTIVE,NONE,13570,0,P,P,0.00,released,RELEASED
2026-05-21 18:12:04.999,543.2358,,slider,1,0,0.00,0.00,0.00,ACTIVE,NONE,13580,0,P,P,0.00,released,RELEASED
2026-05-21 18:12:05.399,543.6359,,slider,1,0,0.00,0.00,0.00,ACTIVE,NONE,13590,0,P,P,0.00,released,RELEASED
2026-05-21 18:12:05.800,544.0359,,slider,1,0,0.00,0.00,0.00,ACTIVE,NONE,13600,0,P,P,0.00,released,RELEASED
2026-05-21 18:12:06.199,544.4359,,slider,1,0,0.00,0.00,0.00,ACTIVE,NONE,13610,0,P,P,0.00,released,RELEASED
2026-05-21 18:12:06.600,544.8359,,slider,1,0,0.00,0.00,0.00,ACTIVE,NONE,13620,0,P,P,0.00,released,RELEASED
2026-05-21 18:12:07.000,545.2360,,slider,1,0,0.00,0.00,0.00,ACTIVE,NONE,13630,0,P,P,0.00,released,RELEASED
2026-05-21 18:12:07.400,545.6360,,slider,1,0,0.00,0.00,0.00,ACTIVE,NONE,13640,0,P,P,0.00,released,RELEASED
2026-05-21 18:12:07.800,546.0360,,slider,1,0,0.00,0.00,0.00,ACTIVE,NONE,13650,0,P,P,0.00,released,RELEASED
2026-05-21 18:12:08.200,546.4361,,slider,1,0,0.00,0.00,0.00,ACTIVE,NONE,13660,0,P,P,0.00,released,RELEASED
2026-05-21 18:12:08.600,546.8361,,slider,1,0,0.00,0.00,0.00,ACTIVE,NONE,13670,0,P,P,0.00,released,RELEASED
2026-05-21 18:12:09.000,547.2361,,slider,1,0,0.00,0.00,0.00,ACTIVE,NONE,13680,0,P,P,0.00,released,RELEASED
2026-05-21 18:12:09.400,547.6361,,slider,1,0,0.00,0.00,0.00,ACTIVE,NONE,13690,0,P,P,0.00,released,RELEASED
2026-05-21 18:12:09.800,548.0365,,slider,1,0,0.00,0.00,0.00,ACTIVE,NONE,13700,0,P,P,0.00,released,RELEASED
2026-05-21 18:12:10.200,548.4362,,slider,1,0,0.00,0.00,0.00,ACTIVE,NONE,13710,0,P,P,0.00,released,RELEASED
2026-05-21 18:12:10.600,548.8362,,slider,1,0,0.00,0.00,0.00,ACTIVE,NONE,13720,0,P,P,0.00,released,RELEASED
2026-05-21 18:12:11.000,549.2365,,slider,1,0,0.00,0.00,0.00,ACTIVE,NONE,13730,0,P,P,0.00,released,RELEASED
2026-05-21 18:12:11.400,549.6364,,slider,1,0,0.00,0.00,0.00,ACTIVE,NONE,13740,0,P,P,0.00,released,RELEASED
2026-05-21 18:12:11.800,550.0367,,slider,1,0,0.00,0.00,0.00,ACTIVE,NONE,13750,0,P,P,0.00,released,RELEASED
2026-05-21 18:12:12.200,550.4368,,slider,1,0,0.00,0.00,0.00,ACTIVE,NONE,13760,0,P,P,0.00,released,RELEASED
2026-05-21 18:12:12.600,550.8365,,slider,1,0,0.00,0.00,0.00,ACTIVE,NONE,13770,0,P,P,0.00,released,RELEASED
2026-05-21 18:12:13.000,551.2365,,slider,1,0,0.00,0.00,0.00,ACTIVE,NONE,13780,0,P,P,0.00,released,RELEASED
2026-05-21 18:12:13.400,551.6366,,slider,1,0,0.00,0.00,0.00,ACTIVE,NONE,13790,0,P,P,0.00,released,RELEASED
2026-05-21 18:12:13.800,552.0365,,slider,1,0,0.00,0.00,0.00,ACTIVE,NONE,13800,0,P,P,0.00,released,RELEASED
2026-05-21 18:12:14.200,552.4367,,slider,1,0,0.00,0.00,0.00,ACTIVE,NONE,13810,0,P,P,0.00,released,RELEASED
2026-05-21 18:12:14.600,552.8367,,slider,1,0,0.00,0.00,0.00,ACTIVE,NONE,13820,0,P,P,0.00,released,RELEASED
2026-05-21 18:12:15.000,553.2369,,slider,1,0,0.00,0.00,0.00,ACTIVE,NONE,13830,0,P,P,0.00,released,RELEASED
2026-05-21 18:12:15.400,553.6366,,slider,1,0,0.00,0.00,0.00,ACTIVE,NONE,13840,0,P,P,0.00,released,RELEASED
2026-05-21 18:12:15.800,554.0368,,slider,1,0,0.00,0.00,0.00,ACTIVE,NONE,13850,0,P,P,0.00,released,RELEASED
2026-05-21 18:12:16.201,554.4371,,slider,1,0,0.00,0.00,0.00,ACTIVE,NONE,13860,0,P,P,0.00,released,RELEASED
2026-05-21 18:12:16.601,554.8369,,slider,1,0,0.00,0.00,0.00,ACTIVE,NONE,13870,0,P,P,0.00,released,RELEASED
2026-05-21 18:12:17.001,555.2372,,slider,1,0,0.00,0.00,0.00,ACTIVE,NONE,13880,0,P,P,0.00,released,RELEASED
2026-05-21 18:12:17.401,555.6371,,slider,1,0,0.00,0.00,0.00,ACTIVE,NONE,13890,0,P,P,0.00,released,RELEASED
2026-05-21 18:12:17.801,556.0373,,slider,1,0,0.00,0.00,0.00,ACTIVE,NONE,13900,0,P,P,0.00,released,RELEASED
2026-05-21 18:12:18.201,556.4373,,slider,1,0,0.00,0.00,0.00,ACTIVE,NONE,13910,0,P,P,0.00,released,RELEASED
2026-05-21 18:12:18.601,556.8372,,slider,1,0,0.00,0.00,0.00,ACTIVE,NONE,13920,0,P,P,0.00,released,RELEASED
2026-05-21 18:12:19.001,557.2373,,slider,1,0,0.00,0.00,0.00,ACTIVE,NONE,13930,0,P,P,0.00,released,RELEASED
2026-05-21 18:12:19.401,557.6372,,slider,1,0,0.00,0.00,0.00,ACTIVE,NONE,13940,0,P,P,0.00,released,RELEASED
2026-05-21 18:12:19.801,558.0372,,slider,1,0,0.00,0.00,0.00,ACTIVE,NONE,13950,0,P,P,0.00,released,RELEASED
2026-05-21 18:12:20.201,558.4374,,slider,1,0,0.00,0.00,0.00,ACTIVE,NONE,13960,0,P,P,0.00,released,RELEASED
2026-05-21 18:12:20.601,558.8374,,slider,1,0,0.00,0.00,0.00,ACTIVE,NONE,13970,0,P,P,0.00,released,RELEASED
2026-05-21 18:12:21.001,559.2373,,slider,1,0,0.00,0.00,0.00,ACTIVE,NONE,13980,0,P,P,0.00,released,RELEASED
2026-05-21 18:12:21.401,559.6374,,slider,1,0,0.00,0.00,0.00,ACTIVE,NONE,13990,0,P,P,0.00,released,RELEASED
2026-05-21 18:12:21.801,560.0374,,slider,1,0,0.00,0.00,0.00,ACTIVE,NONE,14000,0,P,P,0.00,released,RELEASED
2026-05-21 18:12:22.201,560.4374,,slider,1,0,0.00,0.00,0.00,ACTIVE,NONE,14010,0,P,P,0.00,released,RELEASED
2026-05-21 18:12:22.601,560.8375,,slider,1,0,0.00,0.00,0.00,ACTIVE,NONE,14020,0,P,P,0.00,released,RELEASED
2026-05-21 18:12:23.001,561.2373,,slider,1,0,0.00,0.00,0.00,ACTIVE,NONE,14030,0,P,P,0.00,released,RELEASED
2026-05-21 18:12:23.401,561.6373,,slider,1,0,0.00,0.00,0.00,ACTIVE,NONE,14040,0,P,P,0.00,released,RELEASED
2026-05-21 18:12:23.801,562.0374,,slider,1,0,0.00,0.00,0.00,ACTIVE,NONE,14050,0,P,P,0.00,released,RELEASED
2026-05-21 18:12:24.201,562.4375,,slider,1,0,0.00,0.00,0.00,ACTIVE,NONE,14060,0,P,P,0.00,released,RELEASED
2026-05-21 18:12:24.601,562.8376,,slider,1,0,0.00,0.00,0.00,ACTIVE,NONE,14070,0,P,P,0.00,released,RELEASED
2026-05-21 18:12:25.001,563.2375,,slider,1,0,0.00,0.00,0.00,ACTIVE,NONE,14080,0,P,P,0.00,released,RELEASED
2026-05-21 18:12:25.401,563.6375,,slider,1,0,0.00,0.00,0.00,ACTIVE,NONE,14090,0,P,P,0.00,released,RELEASED
2026-05-21 18:12:25.801,564.0378,,slider,1,0,0.00,0.00,0.00,ACTIVE,NONE,14100,0,P,P,0.00,released,RELEASED
2026-05-21 18:12:26.201,564.4378,,slider,1,0,0.00,0.00,0.00,ACTIVE,NONE,14110,0,P,P,0.00,released,RELEASED
2026-05-21 18:12:26.601,564.8376,,slider,1,0,0.00,0.00,0.00,ACTIVE,NONE,14120,0,P,P,0.00,released,RELEASED
2026-05-21 18:12:27.001,565.2376,,slider,1,0,0.00,0.00,0.00,ACTIVE,NONE,14130,0,P,P,0.00,released,RELEASED
2026-05-21 18:12:27.401,565.6377,,slider,1,0,0.00,0.00,0.00,ACTIVE,NONE,14140,0,P,P,0.00,released,RELEASED
2026-05-21 18:12:27.801,566.0377,,slider,1,0,0.00,0.00,0.00,ACTIVE,NONE,14150,0,P,P,0.00,released,RELEASED
2026-05-21 18:12:28.202,566.4379,,slider,1,0,0.00,0.00,0.00,ACTIVE,NONE,14160,0,P,P,0.00,released,RELEASED
2026-05-21 18:12:28.601,566.8378,,slider,1,0,0.00,0.00,0.00,ACTIVE,NONE,14170,0,P,P,0.00,released,RELEASED
2026-05-21 18:12:28.990,567.2264,,slider,1,0,0.00,0.00,0.00,ACTIVE,NONE,14180,0,P,P,0.00,released,RELEASED
2026-05-21 18:12:29.390,567.6262,,slider,1,0,0.00,0.00,0.00,ACTIVE,NONE,14190,0,P,P,0.00,released,RELEASED
2026-05-21 18:12:29.789,568.0258,,slider,1,0,0.00,0.00,0.00,ACTIVE,NONE,14200,0,P,P,0.00,released,RELEASED
2026-05-21 18:12:30.190,568.4262,,slider,1,0,0.00,0.00,0.00,ACTIVE,NONE,14210,0,P,P,0.00,released,RELEASED
2026-05-21 18:12:30.589,568.8257,,slider,1,0,0.00,0.00,0.00,ACTIVE,NONE,14220,0,P,P,0.00,released,RELEASED
2026-05-21 18:12:30.990,569.2259,,slider,1,0,0.00,0.00,0.00,ACTIVE,NONE,14230,0,P,P,0.00,released,RELEASED
2026-05-21 18:12:31.390,569.6262,,slider,1,0,0.00,0.00,0.00,ACTIVE,NONE,14240,0,P,P,0.00,released,RELEASED
2026-05-21 18:12:31.789,570.0258,,slider,1,0,0.00,0.00,0.00,ACTIVE,NONE,14250,0,P,P,0.00,released,RELEASED
2026-05-21 18:12:32.190,570.4265,,slider,1,0,0.00,0.00,0.00,ACTIVE,NONE,14260,0,P,P,0.00,released,RELEASED
2026-05-21 18:12:32.590,570.8262,,slider,1,0,0.00,0.00,0.00,ACTIVE,NONE,14270,0,P,P,0.00,released,RELEASED
2026-05-21 18:12:32.990,571.2262,,slider,1,0,0.00,0.00,0.00,ACTIVE,NONE,14280,0,P,P,0.00,released,RELEASED
2026-05-21 18:12:33.390,571.6262,,slider,1,0,0.00,0.00,0.00,ACTIVE,NONE,14290,0,P,P,0.00,released,RELEASED
2026-05-21 18:12:33.790,572.0260,,slider,1,0,0.00,0.00,0.00,ACTIVE,NONE,14300,0,P,P,0.00,released,RELEASED
2026-05-21 18:12:34.190,572.4266,,slider,1,0,0.00,0.00,0.00,ACTIVE,NONE,14310,0,P,P,0.00,released,RELEASED
2026-05-21 18:12:34.590,572.8260,,slider,1,0,0.00,0.00,0.00,ACTIVE,NONE,14320,0,P,P,0.00,released,RELEASED
2026-05-21 18:12:34.990,573.2267,,slider,1,0,0.00,0.00,0.00,ACTIVE,NONE,14330,0,P,P,0.00,released,RELEASED
2026-05-21 18:12:35.390,573.6268,,slider,1,0,0.00,0.00,0.00,ACTIVE,NONE,14340,0,P,P,0.00,released,RELEASED
2026-05-21 18:12:35.790,574.0264,,slider,1,0,0.00,0.00,0.00,ACTIVE,NONE,14350,0,P,P,0.00,released,RELEASED
2026-05-21 18:12:36.190,574.4264,,slider,1,0,0.00,0.00,0.00,ACTIVE,NONE,14360,0,P,P,0.00,released,RELEASED
2026-05-21 18:12:36.591,574.8271,,slider,1,0,0.00,0.00,0.00,ACTIVE,NONE,14370,0,P,P,0.00,released,RELEASED
2026-05-21 18:12:36.990,575.2268,,slider,1,0,0.00,0.00,0.00,ACTIVE,NONE,14380,0,P,P,0.00,released,RELEASED
2026-05-21 18:12:37.391,575.6270,,slider,1,0,0.00,0.00,0.00,ACTIVE,NONE,14390,0,P,P,0.00,released,RELEASED
2026-05-21 18:12:37.790,576.0261,,slider,1,0,0.00,0.00,0.00,ACTIVE,NONE,14400,0,P,P,0.00,released,RELEASED
2026-05-21 18:12:38.190,576.4264,,slider,1,0,0.00,0.00,0.00,ACTIVE,NONE,14410,0,P,P,0.00,released,RELEASED
2026-05-21 18:12:38.590,576.8264,,slider,1,0,0.00,0.00,0.00,ACTIVE,NONE,14420,0,P,P,0.00,released,RELEASED
2026-05-21 18:12:38.990,577.2262,,slider,1,0,0.00,0.00,0.00,ACTIVE,NONE,14430,0,P,P,0.00,released,RELEASED
2026-05-21 18:12:39.390,577.6263,,slider,1,0,0.00,0.00,0.00,ACTIVE,NONE,14440,0,P,P,0.00,released,RELEASED
2026-05-21 18:12:39.790,578.0267,,slider,1,0,0.00,0.00,0.00,ACTIVE,NONE,14450,0,P,P,0.00,released,RELEASED
2026-05-21 18:12:40.190,578.4264,,slider,1,0,0.00,0.00,0.00,ACTIVE,NONE,14460,0,P,P,0.00,released,RELEASED
2026-05-21 18:12:40.590,578.8268,,slider,1,0,0.00,0.00,0.00,ACTIVE,NONE,14470,0,P,P,0.00,released,RELEASED
2026-05-21 18:12:40.990,579.2263,,slider,1,0,0.00,0.00,0.00,ACTIVE,NONE,14480,0,P,P,0.00,released,RELEASED
2026-05-21 18:12:41.390,579.6264,,slider,1,0,0.00,0.00,0.00,ACTIVE,NONE,14490,0,P,P,0.00,released,RELEASED
2026-05-21 18:12:41.790,580.0269,,slider,1,0,0.00,0.00,0.00,ACTIVE,NONE,14500,0,P,P,0.00,released,RELEASED
2026-05-21 18:12:42.190,580.4267,,slider,1,0,0.00,0.00,0.00,ACTIVE,NONE,14510,0,P,P,0.00,released,RELEASED
2026-05-21 18:12:42.591,580.8276,,slider,1,0,0.00,0.00,0.00,ACTIVE,NONE,14520,0,P,P,0.00,released,RELEASED
2026-05-21 18:12:42.991,581.2272,,slider,1,0,0.00,0.00,0.00,ACTIVE,NONE,14530,0,P,P,0.00,released,RELEASED
2026-05-21 18:12:43.390,581.6267,,slider,1,0,0.00,0.00,0.00,ACTIVE,NONE,14540,0,P,P,0.00,released,RELEASED
2026-05-21 18:12:43.791,582.0273,,slider,1,0,0.00,0.00,0.00,ACTIVE,NONE,14550,0,P,P,0.00,released,RELEASED
2026-05-21 18:12:44.190,582.4267,,slider,1,0,0.00,0.00,0.00,ACTIVE,NONE,14560,0,P,P,0.00,released,RELEASED
2026-05-21 18:12:44.591,582.8274,,slider,1,0,0.00,0.00,0.00,ACTIVE,NONE,14570,0,P,P,0.00,released,RELEASED
2026-05-21 18:12:44.991,583.2273,,slider,1,0,0.00,0.00,0.00,ACTIVE,NONE,14580,0,P,P,0.00,released,RELEASED
2026-05-21 18:12:45.391,583.6272,,slider,1,0,0.00,0.00,0.00,ACTIVE,NONE,14590,0,P,P,0.00,released,RELEASED
2026-05-21 18:12:45.791,584.0270,,slider,1,0,0.00,0.00,0.00,ACTIVE,NONE,14600,0,P,P,0.00,released,RELEASED
2026-05-21 18:12:46.191,584.4269,,slider,1,0,0.00,0.00,0.00,ACTIVE,NONE,14610,0,P,P,0.00,released,RELEASED
2026-05-21 18:12:46.591,584.8271,,slider,1,0,0.00,0.00,0.00,ACTIVE,NONE,14620,0,P,P,0.00,released,RELEASED
2026-05-21 18:12:46.991,585.2270,,slider,1,0,0.00,0.00,0.00,ACTIVE,NONE,14630,0,P,P,0.00,released,RELEASED
2026-05-21 18:12:47.391,585.6273,,slider,1,0,0.00,0.00,0.00,ACTIVE,NONE,14640,0,P,P,0.00,released,RELEASED
2026-05-21 18:12:47.791,586.0276,,slider,1,0,0.00,0.00,0.00,ACTIVE,NONE,14650,0,P,P,0.00,released,RELEASED
2026-05-21 18:12:48.191,586.4270,,slider,1,0,0.00,0.00,0.00,ACTIVE,NONE,14660,0,P,P,0.00,released,RELEASED
2026-05-21 18:12:48.591,586.8271,,slider,1,0,0.00,0.00,0.00,ACTIVE,NONE,14670,0,P,P,0.00,released,RELEASED
2026-05-21 18:12:48.991,587.2272,,slider,1,0,0.00,0.00,0.00,ACTIVE,NONE,14680,0,P,P,0.00,released,RELEASED
2026-05-21 18:12:49.391,587.6270,,slider,1,0,0.00,0.00,0.00,ACTIVE,NONE,14690,0,P,P,0.00,released,RELEASED
2026-05-21 18:12:49.791,588.0274,,slider,1,0,0.00,0.00,0.00,ACTIVE,NONE,14700,0,P,P,0.00,released,RELEASED
2026-05-21 18:12:50.191,588.4271,,slider,1,0,0.00,0.00,0.00,ACTIVE,NONE,14710,0,P,P,0.00,released,RELEASED
2026-05-21 18:12:50.591,588.8275,,slider,1,0,0.00,0.00,0.00,ACTIVE,NONE,14720,0,P,P,0.00,released,RELEASED
2026-05-21 18:12:50.991,589.2277,,slider,1,0,0.00,0.00,0.00,ACTIVE,NONE,14730,0,P,P,0.00,released,RELEASED
2026-05-21 18:12:51.391,589.6275,,slider,1,0,0.00,0.00,0.00,ACTIVE,NONE,14740,0,P,P,0.00,released,RELEASED
2026-05-21 18:12:51.791,590.0277,,slider,1,0,0.00,0.00,0.00,ACTIVE,NONE,14750,0,P,P,0.00,released,RELEASED
2026-05-21 18:12:52.191,590.4275,,slider,1,0,0.00,0.00,0.00,ACTIVE,NONE,14760,0,P,P,0.00,released,RELEASED
2026-05-21 18:12:52.592,590.8281,,slider,1,0,0.00,0.00,0.00,ACTIVE,NONE,14770,0,P,P,0.00,released,RELEASED
2026-05-21 18:12:52.991,591.2276,,slider,1,0,0.00,0.00,0.00,ACTIVE,NONE,14780,0,P,P,0.00,released,RELEASED
2026-05-21 18:12:53.391,591.6275,,slider,1,0,0.00,0.00,0.00,ACTIVE,NONE,14790,0,P,P,0.00,released,RELEASED
2026-05-21 18:12:53.791,592.0277,,slider,1,0,0.00,0.00,0.00,ACTIVE,NONE,14800,0,P,P,0.00,released,RELEASED
2026-05-21 18:12:54.191,592.4277,,slider,1,0,0.00,0.00,0.00,ACTIVE,NONE,14810,0,P,P,0.00,released,RELEASED
2026-05-21 18:12:54.591,592.8277,,slider,1,0,0.00,0.00,0.00,ACTIVE,NONE,14820,0,P,P,0.00,released,RELEASED
2026-05-21 18:12:54.991,593.2276,,slider,1,0,0.00,0.00,0.00,ACTIVE,NONE,14830,0,P,P,0.00,released,RELEASED
2026-05-21 18:12:55.391,593.6277,,slider,1,0,0.00,0.00,0.00,ACTIVE,NONE,14840,0,P,P,0.00,released,RELEASED
2026-05-21 18:12:55.791,594.0278,,slider,1,0,0.00,0.00,0.00,ACTIVE,NONE,14850,0,P,P,0.00,released,RELEASED
2026-05-21 18:12:56.191,594.4278,,slider,1,0,0.00,0.00,0.00,ACTIVE,NONE,14860,0,P,P,0.00,released,RELEASED
2026-05-21 18:12:56.591,594.8277,,slider,1,0,0.00,0.00,0.00,ACTIVE,NONE,14870,0,P,P,0.00,released,RELEASED
2026-05-21 18:12:56.992,595.2279,,slider,1,0,0.00,0.00,0.00,ACTIVE,NONE,14880,0,P,P,0.00,released,RELEASED
2026-05-21 18:12:57.392,595.6281,,slider,1,0,0.00,0.00,0.00,ACTIVE,NONE,14890,0,P,P,0.00,released,RELEASED
2026-05-21 18:12:57.792,596.0282,,slider,1,0,0.00,0.00,0.00,ACTIVE,NONE,14900,0,P,P,0.00,released,RELEASED
2026-05-21 18:12:58.191,596.4279,,slider,1,0,0.00,0.00,0.00,ACTIVE,NONE,14910,0,P,P,0.00,released,RELEASED
2026-05-21 18:12:58.591,596.8279,,slider,1,0,0.00,0.00,0.00,ACTIVE,NONE,14920,0,P,P,0.00,released,RELEASED
2026-05-21 18:12:58.992,597.2280,,slider,1,0,0.00,0.00,0.00,ACTIVE,NONE,14930,0,P,P,0.00,released,RELEASED
2026-05-21 18:12:59.392,597.6280,,slider,1,0,0.00,0.00,0.00,ACTIVE,NONE,14940,0,P,P,0.00,released,RELEASED
2026-05-21 18:12:59.792,598.0284,,slider,1,0,0.00,0.00,0.00,ACTIVE,NONE,14950,0,P,P,0.00,released,RELEASED
2026-05-21 18:13:00.192,598.4285,,slider,1,0,0.00,0.00,0.00,ACTIVE,NONE,14960,0,P,P,0.00,released,RELEASED
2026-05-21 18:13:00.592,598.8285,,slider,1,0,0.00,0.00,0.00,ACTIVE,NONE,14970,0,P,P,0.00,released,RELEASED
2026-05-21 18:13:00.992,599.2280,,slider,1,0,0.00,0.00,0.00,ACTIVE,NONE,14980,0,P,P,0.00,released,RELEASED
2026-05-21 18:13:01.392,599.6289,,slider,1,0,0.00,0.00,0.00,ACTIVE,NONE,14990,0,P,P,0.00,released,RELEASED
2026-05-21 18:13:01.792,600.0286,,slider,1,0,0.00,0.00,0.00,ACTIVE,NONE,15000,0,P,P,0.00,released,RELEASED
2026-05-21 18:13:02.192,600.4282,,slider,1,0,0.00,0.00,0.00,ACTIVE,NONE,15010,0,P,P,0.00,released,RELEASED
2026-05-21 18:13:02.593,600.8291,,slider,1,0,0.00,0.00,0.00,ACTIVE,NONE,15020,0,P,P,0.00,released,RELEASED
2026-05-21 18:13:02.992,601.2288,,slider,1,0,0.00,0.00,0.00,ACTIVE,NONE,15030,0,P,P,0.00,released,RELEASED
2026-05-21 18:13:03.393,601.6294,,slider,1,0,0.00,0.00,0.00,ACTIVE,NONE,15040,0,P,P,0.00,released,RELEASED
2026-05-21 18:13:03.793,602.0289,,slider,1,0,0.00,0.00,0.00,ACTIVE,NONE,15050,0,P,P,0.00,released,RELEASED
2026-05-21 18:13:04.193,602.4292,,slider,1,0,0.00,0.00,0.00,ACTIVE,NONE,15060,0,P,P,0.00,released,RELEASED
2026-05-21 18:13:04.593,602.8289,,slider,1,0,0.00,0.00,0.00,ACTIVE,NONE,15070,0,P,P,0.00,released,RELEASED
2026-05-21 18:13:04.993,603.2293,,slider,1,0,0.00,0.00,0.00,ACTIVE,NONE,15080,0,P,P,0.00,released,RELEASED
2026-05-21 18:13:05.393,603.6291,,slider,1,0,0.00,0.00,0.00,ACTIVE,NONE,15090,0,P,P,0.00,released,RELEASED
2026-05-21 18:13:05.793,604.0290,,slider,1,0,0.00,0.00,0.00,ACTIVE,NONE,15100,0,P,P,0.00,released,RELEASED
2026-05-21 18:13:06.193,604.4294,,slider,1,0,0.00,0.00,0.00,ACTIVE,NONE,15110,0,P,P,0.00,released,RELEASED
2026-05-21 18:13:06.593,604.8292,,slider,1,0,0.00,0.00,0.00,ACTIVE,NONE,15120,0,P,P,0.00,released,RELEASED
2026-05-21 18:13:06.993,605.2290,,slider,1,0,0.00,0.00,0.00,ACTIVE,NONE,15130,0,P,P,0.00,released,RELEASED
2026-05-21 18:13:07.392,605.6287,,slider,1,0,0.00,0.00,0.00,ACTIVE,NONE,15140,0,P,P,0.00,released,RELEASED
2026-05-21 18:13:07.792,606.0286,,slider,1,0,0.00,0.00,0.00,ACTIVE,NONE,15150,0,P,P,0.00,released,RELEASED
2026-05-21 18:13:08.193,606.4291,,slider,1,0,0.00,0.00,0.00,ACTIVE,NONE,15160,0,P,P,0.00,released,RELEASED
2026-05-21 18:13:08.592,606.8287,,slider,1,0,0.00,0.00,0.00,ACTIVE,NONE,15170,0,P,P,0.00,released,RELEASED
2026-05-21 18:13:08.992,607.2289,,slider,1,0,0.00,0.00,0.00,ACTIVE,NONE,15180,0,P,P,0.00,released,RELEASED
2026-05-21 18:13:09.393,607.6290,,slider,1,0,0.00,0.00,0.00,ACTIVE,NONE,15190,0,P,P,0.00,released,RELEASED
2026-05-21 18:13:09.792,608.0288,,slider,1,0,0.00,0.00,0.00,ACTIVE,NONE,15200,0,P,P,0.00,released,RELEASED
2026-05-21 18:13:10.193,608.4292,,slider,1,0,0.00,0.00,0.00,ACTIVE,NONE,15210,0,P,P,0.00,released,RELEASED
2026-05-21 18:13:10.593,608.8290,,slider,1,0,0.00,0.00,0.00,ACTIVE,NONE,15220,0,P,P,0.00,released,RELEASED
2026-05-21 18:13:10.993,609.2290,,slider,1,0,0.00,0.00,0.00,ACTIVE,NONE,15230,0,P,P,0.00,released,RELEASED
2026-05-21 18:13:11.393,609.6291,,slider,1,0,0.00,0.00,0.00,ACTIVE,NONE,15240,0,P,P,0.00,released,RELEASED
2026-05-21 18:13:11.793,610.0290,,slider,1,0,0.00,0.00,0.00,ACTIVE,NONE,15250,0,P,P,0.00,released,RELEASED
2026-05-21 18:13:12.193,610.4290,,slider,1,0,0.00,0.00,0.00,ACTIVE,NONE,15260,0,P,P,0.00,released,RELEASED
2026-05-21 18:13:12.593,610.8294,,slider,1,0,0.00,0.00,0.00,ACTIVE,NONE,15270,0,P,P,0.00,released,RELEASED
2026-05-21 18:13:12.993,611.2290,,slider,1,0,0.00,0.00,0.00,ACTIVE,NONE,15280,0,P,P,0.00,released,RELEASED
2026-05-21 18:13:13.393,611.6291,,slider,1,0,0.00,0.00,0.00,ACTIVE,NONE,15290,0,P,P,0.00,released,RELEASED
2026-05-21 18:13:13.793,612.0291,,slider,1,0,0.00,0.00,0.00,ACTIVE,NONE,15300,0,P,P,0.00,released,RELEASED
2026-05-21 18:13:14.202,612.4384,,slider,1,0,0.00,0.00,0.00,ACTIVE,NONE,15310,0,P,P,0.00,released,RELEASED
2026-05-21 18:13:14.602,612.8386,,slider,1,0,0.00,0.00,0.00,ACTIVE,NONE,15320,0,P,P,0.00,released,RELEASED
2026-05-21 18:13:15.002,613.2386,,slider,1,0,0.00,0.00,0.00,ACTIVE,NONE,15330,0,P,P,0.00,released,RELEASED
2026-05-21 18:13:15.402,613.6387,,slider,1,0,0.00,0.00,0.00,ACTIVE,NONE,15340,0,P,P,0.00,released,RELEASED
2026-05-21 18:13:15.802,614.0388,,slider,1,0,0.00,0.00,0.00,ACTIVE,NONE,15350,0,P,P,0.00,released,RELEASED
2026-05-21 18:13:16.202,614.4387,,slider,1,0,0.00,0.00,0.00,ACTIVE,NONE,15360,0,P,P,0.00,released,RELEASED
2026-05-21 18:13:16.602,614.8387,,slider,1,0,0.00,0.00,0.00,ACTIVE,NONE,15370,0,P,P,0.00,released,RELEASED
2026-05-21 18:13:17.002,615.2388,,slider,1,0,0.00,0.00,0.00,ACTIVE,NONE,15380,0,P,P,0.00,released,RELEASED
2026-05-21 18:13:17.402,615.6388,,slider,1,0,0.00,0.00,0.00,ACTIVE,NONE,15390,0,P,P,0.00,released,RELEASED
2026-05-21 18:13:17.802,616.0387,,slider,1,0,0.00,0.00,0.00,ACTIVE,NONE,15400,0,P,P,0.00,released,RELEASED
2026-05-21 18:13:18.202,616.4389,,slider,1,0,0.00,0.00,0.00,ACTIVE,NONE,15410,0,P,P,0.00,released,RELEASED
2026-05-21 18:13:18.603,616.8389,,slider,1,0,0.00,0.00,0.00,ACTIVE,NONE,15420,0,P,P,0.00,released,RELEASED
2026-05-21 18:13:19.003,617.2390,,slider,1,0,0.00,0.00,0.00,ACTIVE,NONE,15430,0,P,P,0.00,released,RELEASED
2026-05-21 18:13:19.403,617.6391,,slider,1,0,0.00,0.00,0.00,ACTIVE,NONE,15440,0,P,P,0.00,released,RELEASED
2026-05-21 18:13:19.803,618.0390,,slider,1,0,0.00,0.00,0.00,ACTIVE,NONE,15450,0,P,P,0.00,released,RELEASED
2026-05-21 18:13:20.203,618.4391,,slider,1,0,0.00,0.00,0.00,ACTIVE,NONE,15460,0,P,P,0.00,released,RELEASED
2026-05-21 18:13:20.603,618.8391,,slider,1,0,0.00,0.00,0.00,ACTIVE,NONE,15470,0,P,P,0.00,released,RELEASED
2026-05-21 18:13:21.005,619.2411,,slider,1,0,0.00,0.00,0.00,ACTIVE,NONE,15480,0,P,P,0.00,released,RELEASED
2026-05-21 18:13:21.386,619.6226,,slider,1,0,0.00,0.00,0.00,ACTIVE,NONE,15490,0,P,P,0.00,released,RELEASED
2026-05-21 18:13:21.787,620.0232,,slider,1,0,0.00,0.00,0.00,ACTIVE,NONE,15500,0,P,P,0.00,released,RELEASED
2026-05-21 18:13:22.186,620.4227,,slider,1,0,0.00,0.00,0.00,ACTIVE,NONE,15510,0,P,P,0.00,released,RELEASED
2026-05-21 18:13:22.605,620.8413,,slider,1,0,0.00,0.00,0.00,ACTIVE,NONE,15520,0,P,P,0.00,released,RELEASED
2026-05-21 18:13:22.986,621.2228,,slider,1,0,0.00,0.00,0.00,ACTIVE,NONE,15530,0,P,P,0.00,released,RELEASED
2026-05-21 18:13:23.387,621.6230,,slider,1,0,0.00,0.00,0.00,ACTIVE,NONE,15540,0,P,P,0.00,released,RELEASED
2026-05-21 18:13:23.786,622.0228,,slider,1,0,0.00,0.00,0.00,ACTIVE,NONE,15550,0,P,P,0.00,released,RELEASED
2026-05-21 18:13:24.191,622.4270,,slider,1,0,0.00,0.00,0.00,ACTIVE,NONE,15560,0,P,P,0.00,released,RELEASED
2026-05-21 18:13:24.591,622.8272,,slider,1,0,0.00,0.00,0.00,ACTIVE,NONE,15570,0,P,P,0.00,released,RELEASED
2026-05-21 18:13:24.991,623.2278,,slider,1,0,0.00,0.00,0.00,ACTIVE,NONE,15580,0,P,P,0.00,released,RELEASED
2026-05-21 18:13:25.391,623.6279,,slider,1,0,0.00,0.00,0.00,ACTIVE,NONE,15590,0,P,P,0.00,released,RELEASED
2026-05-21 18:13:25.791,624.0277,,slider,1,0,0.00,0.00,0.00,ACTIVE,NONE,15600,0,P,P,0.00,released,RELEASED
2026-05-21 18:13:26.191,624.4276,,slider,1,0,0.00,0.00,0.00,ACTIVE,NONE,15610,0,P,P,0.00,released,RELEASED
2026-05-21 18:13:26.592,624.8279,,slider,1,0,0.00,0.00,0.00,ACTIVE,NONE,15620,0,P,P,0.00,released,RELEASED
2026-05-21 18:13:26.991,625.2278,,slider,1,0,0.00,0.00,0.00,ACTIVE,NONE,15630,0,P,P,0.00,released,RELEASED
2026-05-21 18:13:27.393,625.6296,,slider,1,0,0.00,0.00,0.00,ACTIVE,NONE,15640,0,P,P,0.00,released,RELEASED
2026-05-21 18:13:27.792,626.0284,,slider,1,0,0.00,0.00,0.00,ACTIVE,NONE,15650,0,P,P,0.00,released,RELEASED
2026-05-21 18:13:28.192,626.4280,,slider,1,0,0.00,0.00,0.00,ACTIVE,NONE,15660,0,P,P,0.00,released,RELEASED
2026-05-21 18:13:28.592,626.8283,,slider,1,0,0.00,0.00,0.00,ACTIVE,NONE,15670,0,P,P,0.00,released,RELEASED
2026-05-21 18:13:28.992,627.2281,,slider,1,0,0.00,0.00,0.00,ACTIVE,NONE,15680,0,P,P,0.00,released,RELEASED
2026-05-21 18:13:29.392,627.6284,,slider,1,0,0.00,0.00,0.00,ACTIVE,NONE,15690,0,P,P,0.00,released,RELEASED
2026-05-21 18:13:29.792,628.0283,,slider,1,0,0.00,0.00,0.00,ACTIVE,NONE,15700,0,P,P,0.00,released,RELEASED
2026-05-21 18:13:30.192,628.4283,,slider,1,0,0.00,0.00,0.00,ACTIVE,NONE,15710,0,P,P,0.00,released,RELEASED
2026-05-21 18:13:30.592,628.8286,,slider,1,0,0.00,0.00,0.00,ACTIVE,NONE,15720,0,P,P,0.00,released,RELEASED
2026-05-21 18:13:30.992,629.2284,,slider,1,0,0.00,0.00,0.00,ACTIVE,NONE,15730,0,P,P,0.00,released,RELEASED
2026-05-21 18:13:31.392,629.6285,,slider,1,0,0.00,0.00,0.00,ACTIVE,NONE,15740,0,P,P,0.00,released,RELEASED
2026-05-21 18:13:31.792,630.0285,,slider,1,0,0.00,0.00,0.00,ACTIVE,NONE,15750,0,P,P,0.00,released,RELEASED
2026-05-21 18:13:32.192,630.4287,,slider,1,0,0.00,0.00,0.00,ACTIVE,NONE,15760,0,P,P,0.00,released,RELEASED
2026-05-21 18:13:32.593,630.8296,,slider,1,0,0.00,0.00,0.00,ACTIVE,NONE,15770,0,P,P,0.00,released,RELEASED
2026-05-21 18:13:32.992,631.2286,,slider,1,0,0.00,0.00,0.00,ACTIVE,NONE,15780,0,P,P,0.00,released,RELEASED
2026-05-21 18:13:33.392,631.6285,,slider,1,0,0.00,0.00,0.00,ACTIVE,NONE,15790,0,P,P,0.00,released,RELEASED
2026-05-21 18:13:33.792,632.0284,,slider,1,0,0.00,0.00,0.00,ACTIVE,NONE,15800,0,P,P,0.00,released,RELEASED
2026-05-21 18:13:34.192,632.4287,,slider,1,0,0.00,0.00,0.00,ACTIVE,NONE,15810,0,P,P,0.00,released,RELEASED
2026-05-21 18:13:34.592,632.8286,,slider,1,0,0.00,0.00,0.00,ACTIVE,NONE,15820,0,P,P,0.00,released,RELEASED
2026-05-21 18:13:34.992,633.2285,,slider,1,0,0.00,0.00,0.00,ACTIVE,NONE,15830,0,P,P,0.00,released,RELEASED
2026-05-21 18:13:35.392,633.6287,,slider,1,0,0.00,0.00,0.00,ACTIVE,NONE,15840,0,P,P,0.00,released,RELEASED
2026-05-21 18:13:35.793,634.0290,,slider,1,0,0.00,0.00,0.00,ACTIVE,NONE,15850,0,P,P,0.00,released,RELEASED
2026-05-21 18:13:36.192,634.4287,,slider,1,0,0.00,0.00,0.00,ACTIVE,NONE,15860,0,P,P,0.00,released,RELEASED
2026-05-21 18:13:36.592,634.8287,,slider,1,0,0.00,0.00,0.00,ACTIVE,NONE,15870,0,P,P,0.00,released,RELEASED
2026-05-21 18:13:36.992,635.2287,,slider,1,0,0.00,0.00,0.00,ACTIVE,NONE,15880,0,P,P,0.00,released,RELEASED
2026-05-21 18:13:37.393,635.6290,,slider,1,0,0.00,0.00,0.00,ACTIVE,NONE,15890,0,P,P,0.00,released,RELEASED
2026-05-21 18:13:37.792,636.0287,,slider,1,0,0.00,0.00,0.00,ACTIVE,NONE,15900,0,P,P,0.00,released,RELEASED
2026-05-21 18:13:38.193,636.4289,,slider,1,0,0.00,0.00,0.00,ACTIVE,NONE,15910,0,P,P,0.00,released,RELEASED
2026-05-21 18:13:38.592,636.8288,,slider,1,0,0.00,0.00,0.00,ACTIVE,NONE,15920,0,P,P,0.00,released,RELEASED
2026-05-21 18:13:38.993,637.2295,,slider,1,0,0.00,0.00,0.00,ACTIVE,NONE,15930,0,P,P,0.00,released,RELEASED
2026-05-21 18:13:39.393,637.6292,,slider,1,0,0.00,0.00,0.00,ACTIVE,NONE,15940,0,P,P,0.00,released,RELEASED
2026-05-21 18:13:39.792,638.0288,,slider,1,0,0.00,0.00,0.00,ACTIVE,NONE,15950,0,P,P,0.00,released,RELEASED
2026-05-21 18:13:40.193,638.4291,,slider,1,0,0.00,0.00,0.00,ACTIVE,NONE,15960,0,P,P,0.00,released,RELEASED
2026-05-21 18:13:40.593,638.8291,,slider,1,0,0.00,0.00,0.00,ACTIVE,NONE,15970,0,P,P,0.00,released,RELEASED
2026-05-21 18:13:40.993,639.2291,,slider,1,0,0.00,0.00,0.00,ACTIVE,NONE,15980,0,P,P,0.00,released,RELEASED
2026-05-21 18:13:41.393,639.6291,,slider,1,0,0.00,0.00,0.00,ACTIVE,NONE,15990,0,P,P,0.00,released,RELEASED
2026-05-21 18:13:41.793,640.0291,,slider,1,0,0.00,0.00,0.00,ACTIVE,NONE,16000,0,P,P,0.00,released,RELEASED
2026-05-21 18:13:42.193,640.4292,,slider,1,0,0.00,0.00,0.00,ACTIVE,NONE,16010,0,P,P,0.00,released,RELEASED
2026-05-21 18:13:42.593,640.8293,,slider,1,0,0.00,0.00,0.00,ACTIVE,NONE,16020,0,P,P,0.00,released,RELEASED
2026-05-21 18:13:42.993,641.2293,,slider,1,0,0.00,0.00,0.00,ACTIVE,NONE,16030,0,P,P,0.00,released,RELEASED
2026-05-21 18:13:43.393,641.6294,,slider,1,0,0.00,0.00,0.00,ACTIVE,NONE,16040,0,P,P,0.00,released,RELEASED
2026-05-21 18:13:43.793,642.0294,,slider,1,0,0.00,0.00,0.00,ACTIVE,NONE,16050,0,P,P,0.00,released,RELEASED
2026-05-21 18:13:44.193,642.4295,,slider,1,0,0.00,0.00,0.00,ACTIVE,NONE,16060,0,P,P,0.00,released,RELEASED
2026-05-21 18:13:44.593,642.8296,,slider,1,0,0.00,0.00,0.00,ACTIVE,NONE,16070,0,P,P,0.00,released,RELEASED
2026-05-21 18:13:44.993,643.2295,,slider,1,0,0.00,0.00,0.00,ACTIVE,NONE,16080,0,P,P,0.00,released,RELEASED
2026-05-21 18:13:45.394,643.6299,,slider,1,0,0.00,0.00,0.00,ACTIVE,NONE,16090,0,P,P,0.00,released,RELEASED
2026-05-21 18:13:45.793,644.0295,,slider,1,0,0.00,0.00,0.00,ACTIVE,NONE,16100,0,P,P,0.00,released,RELEASED
2026-05-21 18:13:46.193,644.4298,,slider,1,0,0.00,0.00,0.00,ACTIVE,NONE,16110,0,P,P,0.00,released,RELEASED
2026-05-21 18:13:46.593,644.8296,,slider,1,0,0.00,0.00,0.00,ACTIVE,NONE,16120,0,P,P,0.00,released,RELEASED
2026-05-21 18:13:46.993,645.2297,,slider,1,0,0.00,0.00,0.00,ACTIVE,NONE,16130,0,P,P,0.00,released,RELEASED
2026-05-21 18:13:47.394,645.6299,,slider,1,0,0.00,0.00,0.00,ACTIVE,NONE,16140,0,P,P,0.00,released,RELEASED
2026-05-21 18:13:47.793,646.0297,,slider,1,0,0.00,0.00,0.00,ACTIVE,NONE,16150,0,P,P,0.00,released,RELEASED
2026-05-21 18:13:48.193,646.4298,,slider,1,0,0.00,0.00,0.00,ACTIVE,NONE,16160,0,P,P,0.00,released,RELEASED
2026-05-21 18:13:48.593,646.8298,,slider,1,0,0.00,0.00,0.00,ACTIVE,NONE,16170,0,P,P,0.00,released,RELEASED
2026-05-21 18:13:48.994,647.2300,,slider,1,0,0.00,0.00,0.00,ACTIVE,NONE,16180,0,P,P,0.00,released,RELEASED
2026-05-21 18:13:49.394,647.6299,,slider,1,0,0.00,0.00,0.00,ACTIVE,NONE,16190,0,P,P,0.00,released,RELEASED
2026-05-21 18:13:49.793,648.0299,,slider,1,0,0.00,0.00,0.00,ACTIVE,NONE,16200,0,P,P,0.00,released,RELEASED
2026-05-21 18:13:50.194,648.4299,,slider,1,0,0.00,0.00,0.00,ACTIVE,NONE,16210,0,P,P,0.00,released,RELEASED
2026-05-21 18:13:50.594,648.8301,,slider,1,0,0.00,0.00,0.00,ACTIVE,NONE,16220,0,P,P,0.00,released,RELEASED
2026-05-21 18:13:50.994,649.2301,,slider,1,0,0.00,0.00,0.00,ACTIVE,NONE,16230,0,P,P,0.00,released,RELEASED
2026-05-21 18:13:51.394,649.6301,,slider,1,0,0.00,0.00,0.00,ACTIVE,NONE,16240,0,P,P,0.00,released,RELEASED
2026-05-21 18:13:51.794,650.0300,,slider,1,0,0.00,0.00,0.00,ACTIVE,NONE,16250,0,P,P,0.00,released,RELEASED
2026-05-21 18:13:52.194,650.4300,,slider,1,0,0.00,0.00,0.00,ACTIVE,NONE,16260,0,P,P,0.00,released,RELEASED
2026-05-21 18:13:52.594,650.8304,,slider,1,0,0.00,0.00,0.00,ACTIVE,NONE,16270,0,P,P,0.00,released,RELEASED
2026-05-21 18:13:52.994,651.2302,,slider,1,0,0.00,0.00,0.00,ACTIVE,NONE,16280,0,P,P,0.00,released,RELEASED
2026-05-21 18:13:53.394,651.6304,,slider,1,0,0.00,0.00,0.00,ACTIVE,NONE,16290,0,P,P,0.00,released,RELEASED
2026-05-21 18:13:53.794,652.0301,,slider,1,0,0.00,0.00,0.00,ACTIVE,NONE,16300,0,P,P,0.00,released,RELEASED
2026-05-21 18:13:54.194,652.4304,,slider,1,0,0.00,0.00,0.00,ACTIVE,NONE,16310,0,P,P,0.00,released,RELEASED
2026-05-21 18:13:54.594,652.8307,,slider,1,0,0.00,0.00,0.00,ACTIVE,NONE,16320,0,P,P,0.00,released,RELEASED
2026-05-21 18:13:54.994,653.2302,,slider,1,0,0.00,0.00,0.00,ACTIVE,NONE,16330,0,P,P,0.00,released,RELEASED
2026-05-21 18:13:55.394,653.6306,,slider,1,0,0.00,0.00,0.00,ACTIVE,NONE,16340,0,P,P,0.00,released,RELEASED
2026-05-21 18:13:55.794,654.0308,,slider,1,0,0.00,0.00,0.00,ACTIVE,NONE,16350,0,P,P,0.00,released,RELEASED
2026-05-21 18:13:56.194,654.4304,,slider,1,0,0.00,0.00,0.00,ACTIVE,NONE,16360,0,P,P,0.00,released,RELEASED
2026-05-21 18:13:56.594,654.8308,,slider,1,0,0.00,0.00,0.00,ACTIVE,NONE,16370,0,P,P,0.00,released,RELEASED
2026-05-21 18:13:56.994,655.2308,,slider,1,0,0.00,0.00,0.00,ACTIVE,NONE,16380,0,P,P,0.00,released,RELEASED
2026-05-21 18:13:57.395,655.6311,,slider,1,0,0.00,0.00,0.00,ACTIVE,NONE,16390,0,P,P,0.00,released,RELEASED
2026-05-21 18:13:57.794,656.0305,,slider,1,0,0.00,0.00,0.00,ACTIVE,NONE,16400,0,P,P,0.00,released,RELEASED
2026-05-21 18:13:58.194,656.4307,,slider,1,0,0.00,0.00,0.00,ACTIVE,NONE,16410,0,P,P,0.00,released,RELEASED
2026-05-21 18:13:58.595,656.8310,,slider,1,0,0.00,0.00,0.00,ACTIVE,NONE,16420,0,P,P,0.00,released,RELEASED
2026-05-21 18:13:58.994,657.2308,,slider,1,0,0.00,0.00,0.00,ACTIVE,NONE,16430,0,P,P,0.00,released,RELEASED
2026-05-21 18:13:59.395,657.6312,,slider,1,0,0.00,0.00,0.00,ACTIVE,NONE,16440,0,P,P,0.00,released,RELEASED
2026-05-21 18:13:59.795,658.0310,,slider,1,0,0.00,0.00,0.00,ACTIVE,NONE,16450,0,P,P,0.00,released,RELEASED
2026-05-21 18:14:00.195,658.4310,,slider,1,0,0.00,0.00,0.00,ACTIVE,NONE,16460,0,P,P,0.00,released,RELEASED
2026-05-21 18:14:00.595,658.8312,,slider,1,0,0.00,0.00,0.00,ACTIVE,NONE,16470,0,P,P,0.00,released,RELEASED
2026-05-21 18:14:00.995,659.2311,,slider,1,0,0.00,0.00,0.00,ACTIVE,NONE,16480,0,P,P,0.00,released,RELEASED
2026-05-21 18:14:01.395,659.6314,,slider,1,0,0.00,0.00,0.00,ACTIVE,NONE,16490,0,P,P,0.00,released,RELEASED
2026-05-21 18:14:01.795,660.0313,,slider,1,0,0.00,0.00,0.00,ACTIVE,NONE,16500,0,P,P,0.00,released,RELEASED
2026-05-21 18:14:02.195,660.4312,,slider,1,0,0.00,0.00,0.00,ACTIVE,NONE,16510,0,P,P,0.00,released,RELEASED
2026-05-21 18:14:02.595,660.8314,,slider,1,0,0.00,0.00,0.00,ACTIVE,NONE,16520,0,P,P,0.00,released,RELEASED
2026-05-21 18:14:02.995,661.2314,,slider,1,0,0.00,0.00,0.00,ACTIVE,NONE,16530,0,P,P,0.00,released,RELEASED
2026-05-21 18:14:03.395,661.6314,,slider,1,0,0.00,0.00,0.00,ACTIVE,NONE,16540,0,P,P,0.00,released,RELEASED
2026-05-21 18:14:03.795,662.0312,,slider,1,0,0.00,0.00,0.00,ACTIVE,NONE,16550,0,P,P,0.00,released,RELEASED
2026-05-21 18:14:04.195,662.4313,,slider,1,0,0.00,0.00,0.00,ACTIVE,NONE,16560,0,P,P,0.00,released,RELEASED
2026-05-21 18:14:04.595,662.8316,,slider,1,0,0.00,0.00,0.00,ACTIVE,NONE,16570,0,P,P,0.00,released,RELEASED
2026-05-21 18:14:04.995,663.2315,,slider,1,0,0.00,0.00,0.00,ACTIVE,NONE,16580,0,P,P,0.00,released,RELEASED
2026-05-21 18:14:05.395,663.6317,,slider,1,0,0.00,0.00,0.00,ACTIVE,NONE,16590,0,P,P,0.00,released,RELEASED
2026-05-21 18:14:05.795,664.0315,,slider,1,0,0.00,0.00,0.00,ACTIVE,NONE,16600,0,P,P,0.00,released,RELEASED
2026-05-21 18:14:06.195,664.4317,,slider,1,0,0.00,0.00,0.00,ACTIVE,NONE,16610,0,P,P,0.00,released,RELEASED
2026-05-21 18:14:06.595,664.8316,,slider,1,0,0.00,0.00,0.00,ACTIVE,NONE,16620,0,P,P,0.00,released,RELEASED
2026-05-21 18:14:06.995,665.2313,,slider,1,0,0.00,0.00,0.00,ACTIVE,NONE,16630,0,P,P,0.00,released,RELEASED
2026-05-21 18:14:07.395,665.6319,,slider,1,0,0.00,0.00,0.00,ACTIVE,NONE,16640,0,P,P,0.00,released,RELEASED
2026-05-21 18:14:07.795,666.0318,,slider,1,0,0.00,0.00,0.00,ACTIVE,NONE,16650,0,P,P,0.00,released,RELEASED
2026-05-21 18:14:08.195,666.4317,,slider,1,0,0.00,0.00,0.00,ACTIVE,NONE,16660,0,P,P,0.00,released,RELEASED
2026-05-21 18:14:08.596,666.8319,,slider,1,0,0.00,0.00,0.00,ACTIVE,NONE,16670,0,P,P,0.00,released,RELEASED
2026-05-21 18:14:08.995,667.2317,,slider,1,0,0.00,0.00,0.00,ACTIVE,NONE,16680,0,P,P,0.00,released,RELEASED
2026-05-21 18:14:09.396,667.6319,,slider,1,0,0.00,0.00,0.00,ACTIVE,NONE,16690,0,P,P,0.00,released,RELEASED
2026-05-21 18:14:09.795,668.0319,,slider,1,0,0.00,0.00,0.00,ACTIVE,NONE,16700,0,P,P,0.00,released,RELEASED
2026-05-21 18:14:10.196,668.4320,,slider,1,0,0.00,0.00,0.00,ACTIVE,NONE,16710,0,P,P,0.00,released,RELEASED
2026-05-21 18:14:10.596,668.8321,,slider,1,0,0.00,0.00,0.00,ACTIVE,NONE,16720,0,P,P,0.00,released,RELEASED
2026-05-21 18:14:10.996,669.2320,,slider,1,0,0.00,0.00,0.00,ACTIVE,NONE,16730,0,P,P,0.00,released,RELEASED
2026-05-21 18:14:11.396,669.6323,,slider,1,0,0.00,0.00,0.00,ACTIVE,NONE,16740,0,P,P,0.00,released,RELEASED
2026-05-21 18:14:11.796,670.0321,,slider,1,0,0.00,0.00,0.00,ACTIVE,NONE,16750,0,P,P,0.00,released,RELEASED
2026-05-21 18:14:12.196,670.4321,,slider,1,0,0.00,0.00,0.00,ACTIVE,NONE,16760,0,P,P,0.00,released,RELEASED
2026-05-21 18:14:12.596,670.8322,,slider,1,0,0.00,0.00,0.00,ACTIVE,NONE,16770,0,P,P,0.00,released,RELEASED
2026-05-21 18:14:12.996,671.2322,,slider,1,0,0.00,0.00,0.00,ACTIVE,NONE,16780,0,P,P,0.00,released,RELEASED
2026-05-21 18:14:13.396,671.6323,,slider,1,0,0.00,0.00,0.00,ACTIVE,NONE,16790,0,P,P,0.00,released,RELEASED
2026-05-21 18:14:13.796,672.0328,,slider,1,0,0.00,0.00,0.00,ACTIVE,NONE,16800,0,P,P,0.00,released,RELEASED
2026-05-21 18:14:14.196,672.4325,,slider,1,0,0.00,0.00,0.00,ACTIVE,NONE,16810,0,P,P,0.00,released,RELEASED
2026-05-21 18:14:14.596,672.8324,,slider,1,0,0.00,0.00,0.00,ACTIVE,NONE,16820,0,P,P,0.00,released,RELEASED
2026-05-21 18:14:14.996,673.2324,,slider,1,0,0.00,0.00,0.00,ACTIVE,NONE,16830,0,P,P,0.00,released,RELEASED
2026-05-21 18:14:15.396,673.6325,,slider,1,0,0.00,0.00,0.00,ACTIVE,NONE,16840,0,P,P,0.00,released,RELEASED
2026-05-21 18:14:15.796,674.0323,,slider,1,0,0.00,0.00,0.00,ACTIVE,NONE,16850,0,P,P,0.00,released,RELEASED
2026-05-21 18:14:16.196,674.4324,,slider,1,0,0.00,0.00,0.00,ACTIVE,NONE,16860,0,P,P,0.00,released,RELEASED
2026-05-21 18:14:16.596,674.8325,,slider,1,0,0.00,0.00,0.00,ACTIVE,NONE,16870,0,P,P,0.00,released,RELEASED
2026-05-21 18:14:16.996,675.2324,,slider,1,0,0.00,0.00,0.00,ACTIVE,NONE,16880,0,P,P,0.00,released,RELEASED
2026-05-21 18:14:17.396,675.6326,,slider,1,0,0.00,0.00,0.00,ACTIVE,NONE,16890,0,P,P,0.00,released,RELEASED
2026-05-21 18:14:17.796,676.0325,,slider,1,0,0.00,0.00,0.00,ACTIVE,NONE,16900,0,P,P,0.00,released,RELEASED
2026-05-21 18:14:18.196,676.4329,,slider,1,0,0.00,0.00,0.00,ACTIVE,NONE,16910,0,P,P,0.00,released,RELEASED
2026-05-21 18:14:18.596,676.8327,,slider,1,0,0.00,0.00,0.00,ACTIVE,NONE,16920,0,P,P,0.00,released,RELEASED
2026-05-21 18:14:18.997,677.2333,,slider,1,0,0.00,0.00,0.00,ACTIVE,NONE,16930,0,P,P,0.00,released,RELEASED
2026-05-21 18:14:19.396,677.6327,,slider,1,0,0.00,0.00,0.00,ACTIVE,NONE,16940,0,P,P,0.00,released,RELEASED
2026-05-21 18:14:19.796,678.0325,,slider,1,0,0.00,0.00,0.00,ACTIVE,NONE,16950,0,P,P,0.00,released,RELEASED
2026-05-21 18:14:20.196,678.4327,,slider,1,0,0.00,0.00,0.00,ACTIVE,NONE,16960,0,P,P,0.00,released,RELEASED
2026-05-21 18:14:20.596,678.8328,,slider,1,0,0.00,0.00,0.00,ACTIVE,NONE,16970,0,P,P,0.00,released,RELEASED
2026-05-21 18:14:20.996,679.2328,,slider,1,0,0.00,0.00,0.00,ACTIVE,NONE,16980,0,P,P,0.00,released,RELEASED
2026-05-21 18:14:21.396,679.6328,,slider,1,0,0.00,0.00,0.00,ACTIVE,NONE,16990,0,P,P,0.00,released,RELEASED
2026-05-21 18:14:21.796,680.0328,,slider,1,0,0.00,0.00,0.00,ACTIVE,NONE,17000,0,P,P,0.00,released,RELEASED
2026-05-21 18:14:22.197,680.4332,,slider,1,0,0.00,0.00,0.00,ACTIVE,NONE,17010,0,P,P,0.00,released,RELEASED
2026-05-21 18:14:22.597,680.8333,,slider,1,0,0.00,0.00,0.00,ACTIVE,NONE,17020,0,P,P,0.00,released,RELEASED
2026-05-21 18:14:22.996,681.2329,,slider,1,0,0.00,0.00,0.00,ACTIVE,NONE,17030,0,P,P,0.00,released,RELEASED
2026-05-21 18:14:23.396,681.6328,,slider,1,0,0.00,0.00,0.00,ACTIVE,NONE,17040,0,P,P,0.00,released,RELEASED
2026-05-21 18:14:23.796,682.0328,,slider,1,0,0.00,0.00,0.00,ACTIVE,NONE,17050,0,P,P,0.00,released,RELEASED
2026-05-21 18:14:24.197,682.4332,,slider,1,0,0.00,0.00,0.00,ACTIVE,NONE,17060,0,P,P,0.00,released,RELEASED
2026-05-21 18:14:24.596,682.8329,,slider,1,0,0.00,0.00,0.00,ACTIVE,NONE,17070,0,P,P,0.00,released,RELEASED
2026-05-21 18:14:24.997,683.2332,,slider,1,0,0.00,0.00,0.00,ACTIVE,NONE,17080,0,P,P,0.00,released,RELEASED
2026-05-21 18:14:25.397,683.6331,,slider,1,0,0.00,0.00,0.00,ACTIVE,NONE,17090,0,P,P,0.00,released,RELEASED
2026-05-21 18:14:25.797,684.0330,,slider,1,0,0.00,0.00,0.00,ACTIVE,NONE,17100,0,P,P,0.00,released,RELEASED
2026-05-21 18:14:26.197,684.4330,,slider,1,0,0.00,0.00,0.00,ACTIVE,NONE,17110,0,P,P,0.00,released,RELEASED
2026-05-21 18:14:26.597,684.8330,,slider,1,0,0.00,0.00,0.00,ACTIVE,NONE,17120,0,P,P,0.00,released,RELEASED
2026-05-21 18:14:26.997,685.2332,,slider,1,0,0.00,0.00,0.00,ACTIVE,NONE,17130,0,P,P,0.00,released,RELEASED
2026-05-21 18:14:27.397,685.6335,,slider,1,0,0.00,0.00,0.00,ACTIVE,NONE,17140,0,P,P,0.00,released,RELEASED
2026-05-21 18:14:27.797,686.0332,,slider,1,0,0.00,0.00,0.00,ACTIVE,NONE,17150,0,P,P,0.00,released,RELEASED
2026-05-21 18:14:28.197,686.4333,,slider,1,0,0.00,0.00,0.00,ACTIVE,NONE,17160,0,P,P,0.00,released,RELEASED
2026-05-21 18:14:28.597,686.8333,,slider,1,0,0.00,0.00,0.00,ACTIVE,NONE,17170,0,P,P,0.00,released,RELEASED
2026-05-21 18:14:28.997,687.2332,,slider,1,0,0.00,0.00,0.00,ACTIVE,NONE,17180,0,P,P,0.00,released,RELEASED
2026-05-21 18:14:29.398,687.6341,,slider,1,0,0.00,0.00,0.00,ACTIVE,NONE,17190,0,P,P,0.00,released,RELEASED
2026-05-21 18:14:29.797,688.0334,,slider,1,0,0.00,0.00,0.00,ACTIVE,NONE,17200,0,P,P,0.00,released,RELEASED
2026-05-21 18:14:30.197,688.4335,,slider,1,0,0.00,0.00,0.00,ACTIVE,NONE,17210,0,P,P,0.00,released,RELEASED
2026-05-21 18:14:30.597,688.8337,,slider,1,0,0.00,0.00,0.00,ACTIVE,NONE,17220,0,P,P,0.00,released,RELEASED
2026-05-21 18:14:30.997,689.2336,,slider,1,0,0.00,0.00,0.00,ACTIVE,NONE,17230,0,P,P,0.00,released,RELEASED
2026-05-21 18:14:31.397,689.6338,,slider,1,0,0.00,0.00,0.00,ACTIVE,NONE,17240,0,P,P,0.00,released,RELEASED
2026-05-21 18:14:31.797,690.0337,,slider,1,0,0.00,0.00,0.00,ACTIVE,NONE,17250,0,P,P,0.00,released,RELEASED
2026-05-21 18:14:32.198,690.4339,,slider,1,0,0.00,0.00,0.00,ACTIVE,NONE,17260,0,P,P,0.00,released,RELEASED
2026-05-21 18:14:32.597,690.8336,,slider,1,0,0.00,0.00,0.00,ACTIVE,NONE,17270,0,P,P,0.00,released,RELEASED
2026-05-21 18:14:32.997,691.2338,,slider,1,0,0.00,0.00,0.00,ACTIVE,NONE,17280,0,P,P,0.00,released,RELEASED
2026-05-21 18:14:33.398,691.6339,,slider,1,0,0.00,0.00,0.00,ACTIVE,NONE,17290,0,P,P,0.00,released,RELEASED
2026-05-21 18:14:33.798,692.0341,,slider,1,0,0.00,0.00,0.00,ACTIVE,NONE,17300,0,P,P,0.00,released,RELEASED
2026-05-21 18:14:34.198,692.4341,,slider,1,0,0.00,0.00,0.00,ACTIVE,NONE,17310,0,P,P,0.00,released,RELEASED
2026-05-21 18:14:34.598,692.8340,,slider,1,0,0.00,0.00,0.00,ACTIVE,NONE,17320,0,P,P,0.00,released,RELEASED
2026-05-21 18:14:34.997,693.2339,,slider,1,0,0.00,0.00,0.00,ACTIVE,NONE,17330,0,P,P,0.00,released,RELEASED
2026-05-21 18:14:35.398,693.6341,,slider,1,0,0.00,0.00,0.00,ACTIVE,NONE,17340,0,P,P,0.00,released,RELEASED
2026-05-21 18:14:35.798,694.0343,,slider,1,0,0.00,0.00,0.00,ACTIVE,NONE,17350,0,P,P,0.00,released,RELEASED
2026-05-21 18:14:36.198,694.4344,,slider,1,0,0.00,0.00,0.00,ACTIVE,NONE,17360,0,P,P,0.00,released,RELEASED
2026-05-21 18:14:36.598,694.8339,,slider,1,0,0.00,0.00,0.00,ACTIVE,NONE,17370,0,P,P,0.00,released,RELEASED
2026-05-21 18:14:36.998,695.2341,,slider,1,0,0.00,0.00,0.00,ACTIVE,NONE,17380,0,P,P,0.00,released,RELEASED
2026-05-21 18:14:37.398,695.6342,,slider,1,0,0.00,0.00,0.00,ACTIVE,NONE,17390,0,P,P,0.00,released,RELEASED
2026-05-21 18:14:37.798,696.0343,,slider,1,0,0.00,0.00,0.00,ACTIVE,NONE,17400,0,P,P,0.00,released,RELEASED
2026-05-21 18:14:38.198,696.4342,,slider,1,0,0.00,0.00,0.00,ACTIVE,NONE,17410,0,P,P,0.00,released,RELEASED
2026-05-21 18:14:38.598,696.8342,,slider,1,0,0.00,0.00,0.00,ACTIVE,NONE,17420,0,P,P,0.00,released,RELEASED
2026-05-21 18:14:38.998,697.2343,,slider,1,0,0.00,0.00,0.00,ACTIVE,NONE,17430,0,P,P,0.00,released,RELEASED
2026-05-21 18:14:39.398,697.6345,,slider,1,0,0.00,0.00,0.00,ACTIVE,NONE,17440,0,P,P,0.00,released,RELEASED
2026-05-21 18:14:39.798,698.0346,,slider,1,0,0.00,0.00,0.00,ACTIVE,NONE,17450,0,P,P,0.00,released,RELEASED
2026-05-21 18:14:40.198,698.4346,,slider,1,0,0.00,0.00,0.00,ACTIVE,NONE,17460,0,P,P,0.00,released,RELEASED
2026-05-21 18:14:40.598,698.8347,,slider,1,0,0.00,0.00,0.00,ACTIVE,NONE,17470,0,P,P,0.00,released,RELEASED
2026-05-21 18:14:40.999,699.2351,,slider,1,0,0.00,0.00,0.00,ACTIVE,NONE,17480,0,P,P,0.00,released,RELEASED
2026-05-21 18:14:41.398,699.6348,,slider,1,0,0.00,0.00,0.00,ACTIVE,NONE,17490,0,P,P,0.00,released,RELEASED
2026-05-21 18:14:41.798,700.0346,,slider,1,0,0.00,0.00,0.00,ACTIVE,NONE,17500,0,P,P,0.00,released,RELEASED
2026-05-21 18:14:42.198,700.4347,,slider,1,0,0.00,0.00,0.00,ACTIVE,NONE,17510,0,P,P,0.00,released,RELEASED
2026-05-21 18:14:42.598,700.8346,,slider,1,0,0.00,0.00,0.00,ACTIVE,NONE,17520,0,P,P,0.00,released,RELEASED
2026-05-21 18:14:42.999,701.2350,,slider,1,0,0.00,0.00,0.00,ACTIVE,NONE,17530,0,P,P,0.00,released,RELEASED
2026-05-21 18:14:43.399,701.6351,,slider,1,0,0.00,0.00,0.00,ACTIVE,NONE,17540,0,P,P,0.00,released,RELEASED
2026-05-21 18:14:43.799,702.0350,,slider,1,0,0.00,0.00,0.00,ACTIVE,NONE,17550,0,P,P,0.00,released,RELEASED
2026-05-21 18:14:44.198,702.4348,,slider,1,0,0.00,0.00,0.00,ACTIVE,NONE,17560,0,P,P,0.00,released,RELEASED
2026-05-21 18:14:44.598,702.8348,,slider,1,0,0.00,0.00,0.00,ACTIVE,NONE,17570,0,P,P,0.00,released,RELEASED
2026-05-21 18:14:44.998,703.2349,,slider,1,0,0.00,0.00,0.00,ACTIVE,NONE,17580,0,P,P,0.00,released,RELEASED
2026-05-21 18:14:45.399,703.6350,,slider,1,0,0.00,0.00,0.00,ACTIVE,NONE,17590,0,P,P,0.00,released,RELEASED
2026-05-21 18:14:45.799,704.0350,,slider,1,0,0.00,0.00,0.00,ACTIVE,NONE,17600,0,P,P,0.00,released,RELEASED
2026-05-21 18:14:46.199,704.4351,,slider,1,0,0.00,0.00,0.00,ACTIVE,NONE,17610,0,P,P,0.00,released,RELEASED
2026-05-21 18:14:46.599,704.8350,,slider,1,0,0.00,0.00,0.00,ACTIVE,NONE,17620,0,P,P,0.00,released,RELEASED
2026-05-21 18:14:46.999,705.2350,,slider,1,0,0.00,0.00,0.00,ACTIVE,NONE,17630,0,P,P,0.00,released,RELEASED
2026-05-21 18:14:47.399,705.6352,,slider,1,0,0.00,0.00,0.00,ACTIVE,NONE,17640,0,P,P,0.00,released,RELEASED
2026-05-21 18:14:47.799,706.0353,,slider,1,0,0.00,0.00,0.00,ACTIVE,NONE,17650,0,P,P,0.00,released,RELEASED
2026-05-21 18:14:48.199,706.4356,,slider,1,0,0.00,0.00,0.00,ACTIVE,NONE,17660,0,P,P,0.00,released,RELEASED
2026-05-21 18:14:48.599,706.8352,,slider,1,0,0.00,0.00,0.00,ACTIVE,NONE,17670,0,P,P,0.00,released,RELEASED
2026-05-21 18:14:48.999,707.2353,,slider,1,0,0.00,0.00,0.00,ACTIVE,NONE,17680,0,P,P,0.00,released,RELEASED
2026-05-21 18:14:49.399,707.6355,,slider,1,0,0.00,0.00,0.00,ACTIVE,NONE,17690,0,P,P,0.00,released,RELEASED
2026-05-21 18:14:49.799,708.0356,,slider,1,0,0.00,0.00,0.00,ACTIVE,NONE,17700,0,P,P,0.00,released,RELEASED
2026-05-21 18:14:50.199,708.4353,,slider,1,0,0.00,0.00,0.00,ACTIVE,NONE,17710,0,P,P,0.00,released,RELEASED
2026-05-21 18:14:50.599,708.8354,,slider,1,0,0.00,0.00,0.00,ACTIVE,NONE,17720,0,P,P,0.00,released,RELEASED
2026-05-21 18:14:50.999,709.2356,,slider,1,0,0.00,0.00,0.00,ACTIVE,NONE,17730,0,P,P,0.00,released,RELEASED
2026-05-21 18:14:51.399,709.6357,,slider,1,0,0.00,0.00,0.00,ACTIVE,NONE,17740,0,P,P,0.00,released,RELEASED
2026-05-21 18:14:51.799,710.0357,,slider,1,0,0.00,0.00,0.00,ACTIVE,NONE,17750,0,P,P,0.00,released,RELEASED
2026-05-21 18:14:52.199,710.4357,,slider,1,0,0.00,0.00,0.00,ACTIVE,NONE,17760,0,P,P,0.00,released,RELEASED
2026-05-21 18:14:52.600,710.8359,,slider,1,0,0.00,0.00,0.00,ACTIVE,NONE,17770,0,P,P,0.00,released,RELEASED
2026-05-21 18:14:52.999,711.2358,,slider,1,0,0.00,0.00,0.00,ACTIVE,NONE,17780,0,P,P,0.00,released,RELEASED
2026-05-21 18:14:53.399,711.6359,,slider,1,0,0.00,0.00,0.00,ACTIVE,NONE,17790,0,P,P,0.00,released,RELEASED
2026-05-21 18:14:53.799,712.0358,,slider,1,0,0.00,0.00,0.00,ACTIVE,NONE,17800,0,P,P,0.00,released,RELEASED
2026-05-21 18:14:54.199,712.4357,,slider,1,0,0.00,0.00,0.00,ACTIVE,NONE,17810,0,P,P,0.00,released,RELEASED
2026-05-21 18:14:54.599,712.8357,,slider,1,0,0.00,0.00,0.00,ACTIVE,NONE,17820,0,P,P,0.00,released,RELEASED
2026-05-21 18:14:54.999,713.2357,,slider,1,0,0.00,0.00,0.00,ACTIVE,NONE,17830,0,P,P,0.00,released,RELEASED
2026-05-21 18:14:55.399,713.6358,,slider,1,0,0.00,0.00,0.00,ACTIVE,NONE,17840,0,P,P,0.00,released,RELEASED
2026-05-21 18:14:55.799,714.0358,,slider,1,0,0.00,0.00,0.00,ACTIVE,NONE,17850,0,P,P,0.00,released,RELEASED
2026-05-21 18:14:56.200,714.4360,,slider,1,0,0.00,0.00,0.00,ACTIVE,NONE,17860,0,P,P,0.00,released,RELEASED
2026-05-21 18:14:56.600,714.8362,,slider,1,0,0.00,0.00,0.00,ACTIVE,NONE,17870,0,P,P,0.00,released,RELEASED
2026-05-21 18:14:57.000,715.2362,,slider,1,0,0.00,0.00,0.00,ACTIVE,NONE,17880,0,P,P,0.00,released,RELEASED
2026-05-21 18:14:57.400,715.6361,,slider,1,0,0.00,0.00,0.00,ACTIVE,NONE,17890,0,P,P,0.00,released,RELEASED
2026-05-21 18:14:57.800,716.0361,,slider,1,0,0.00,0.00,0.00,ACTIVE,NONE,17900,0,P,P,0.00,released,RELEASED
2026-05-21 18:14:58.200,716.4360,,slider,1,0,0.00,0.00,0.00,ACTIVE,NONE,17910,0,P,P,0.00,released,RELEASED
2026-05-21 18:14:58.600,716.8361,,slider,1,0,0.00,0.00,0.00,ACTIVE,NONE,17920,0,P,P,0.00,released,RELEASED
2026-05-21 18:14:59.000,717.2363,,slider,1,0,0.00,0.00,0.00,ACTIVE,NONE,17930,0,P,P,0.00,released,RELEASED
2026-05-21 18:14:59.400,717.6360,,slider,1,0,0.00,0.00,0.00,ACTIVE,NONE,17940,0,P,P,0.00,released,RELEASED
2026-05-21 18:14:59.800,718.0363,,slider,1,0,0.00,0.00,0.00,ACTIVE,NONE,17950,0,P,P,0.00,released,RELEASED
2026-05-21 18:15:00.200,718.4364,,slider,1,0,0.00,0.00,0.00,ACTIVE,NONE,17960,0,P,P,0.00,released,RELEASED
2026-05-21 18:15:00.600,718.8362,,slider,1,0,0.00,0.00,0.00,ACTIVE,NONE,17970,0,P,P,0.00,released,RELEASED
2026-05-21 18:15:01.000,719.2361,,slider,1,0,0.00,0.00,0.00,ACTIVE,NONE,17980,0,P,P,0.00,released,RELEASED
2026-05-21 18:15:01.400,719.6362,,slider,1,0,0.00,0.00,0.00,ACTIVE,NONE,17990,0,P,P,0.00,released,RELEASED
2026-05-21 18:15:01.800,720.0363,,slider,1,0,0.00,0.00,0.00,ACTIVE,NONE,18000,0,P,P,0.00,released,RELEASED
2026-05-21 18:15:02.200,720.4363,,slider,1,0,0.00,0.00,0.00,ACTIVE,NONE,18010,0,P,P,0.00,released,RELEASED
2026-05-21 18:15:02.600,720.8363,,slider,1,0,0.00,0.00,0.00,ACTIVE,NONE,18020,0,P,P,0.00,released,RELEASED
2026-05-21 18:15:03.000,721.2363,,slider,1,0,0.00,0.00,0.00,ACTIVE,NONE,18030,0,P,P,0.00,released,RELEASED
2026-05-21 18:15:03.400,721.6363,,slider,1,0,0.00,0.00,0.00,ACTIVE,NONE,18040,0,P,P,0.00,released,RELEASED
2026-05-21 18:15:03.800,722.0365,,slider,1,0,0.00,0.00,0.00,ACTIVE,NONE,18050,0,P,P,0.00,released,RELEASED
2026-05-21 18:15:04.200,722.4365,,slider,1,0,0.00,0.00,0.00,ACTIVE,NONE,18060,0,P,P,0.00,released,RELEASED
2026-05-21 18:15:04.600,722.8365,,slider,1,0,0.00,0.00,0.00,ACTIVE,NONE,18070,0,P,P,0.00,released,RELEASED
2026-05-21 18:15:05.000,723.2366,,slider,1,0,0.00,0.00,0.00,ACTIVE,NONE,18080,0,P,P,0.00,released,RELEASED
2026-05-21 18:15:05.381,723.6172,,slider,1,0,0.00,0.00,0.00,ACTIVE,NONE,18090,0,P,P,0.00,released,RELEASED
2026-05-21 18:15:05.780,724.0165,,slider,1,0,0.00,0.00,0.00,ACTIVE,OUT_OF_RANGE,18100,0,P,P,0.00,released,RELEASED
2026-05-21 18:15:06.061,724.2979,eac_transition:INHIBITED,slider,1,0,0.00,0.00,3.10,INHIBITED,OUT_OF_RANGE,18107,0,P,P,0.00,released,RELEASED
2026-05-21 18:15:06.180,724.4168,,slider,1,0,0.00,0.00,15.20,INHIBITED,OUT_OF_RANGE,18110,0,P,P,0.00,released,RELEASED
2026-05-21 18:15:06.584,724.8200,,slider,1,0,0.00,0.00,15.10,INHIBITED,OUT_OF_RANGE,18120,0,P,P,0.00,released,RELEASED
2026-05-21 18:15:06.984,725.2200,,slider,1,0,0.00,0.00,15.10,INHIBITED,OUT_OF_RANGE,18130,0,P,P,0.00,released,RELEASED
2026-05-21 18:15:07.384,725.6201,,slider,1,0,0.00,0.00,15.20,INHIBITED,OUT_OF_RANGE,18140,0,P,P,0.00,released,RELEASED
2026-05-21 18:15:07.784,726.0201,,slider,1,0,0.00,0.00,15.20,INHIBITED,OUT_OF_RANGE,18150,0,P,P,0.00,released,RELEASED
2026-05-21 18:15:08.344,726.5805,estop:no 0x370 for 520 ms,slider,0,1,0.00,0.00,15.20,INHIBITED,OUT_OF_RANGE,18151,0,P,P,0.00,released,RELEASED
