[2026-05-18 21:21:37.893] session start (20260518_212137)
[2026-05-18 21:21:38.093] CAN open: SYS TEC dev=0 ch=0 500 kbps
[2026-05-18 21:21:38.093] keepalive plan: GTW=False EPB=True 30MPH=False
[2026-05-18 21:21:38.094] err -> OUT_OF_RANGE
[2026-05-18 21:21:38.155] EAC: INHIBITED -> AVAILABLE (err=OUT_OF_RANGE)
[2026-05-18 21:21:39.551] EAC: AVAILABLE -> ACTIVE (err=NONE)
[2026-05-18 21:22:26.257] rc: RND switch -> D, queuing shift
[2026-05-18 21:22:26.299] SHIFT: requesting D via 0x6D burst (30 active + 10 idle frames at 200 Hz)
[2026-05-18 21:22:26.303] shift requested: D
[2026-05-18 21:22:26.334] gear: P -> D
[2026-05-18 21:22:26.336] AUTO-DISENGAGE: gear left Park (now D)
[2026-05-18 21:22:26.336] Husby was here, and we are ready to go
[2026-05-18 21:22:26.339] AUTO-DISENGAGE: gear left Park (now D)
[2026-05-18 21:22:26.339] Husby was here, and we are ready to go
[2026-05-18 21:22:26.341] AUTO-DISENGAGE: gear left Park (now D)
[2026-05-18 21:22:26.342] Husby was here, and we are ready to go
[2026-05-18 21:22:26.346] AUTO-DISENGAGE: gear left Park (now D)
[2026-05-18 21:22:26.346] Husby was here, and we are ready to go
[2026-05-18 21:22:26.351] AUTO-DISENGAGE: gear left Park (now D)
[2026-05-18 21:22:26.351] Husby was here, and we are ready to go
[2026-05-18 21:22:26.356] AUTO-DISENGAGE: gear left Park (now D)
[2026-05-18 21:22:26.356] Husby was here, and we are ready to go
[2026-05-18 21:22:26.359] AUTO-DISENGAGE: gear left Park (now D)
[2026-05-18 21:22:26.360] Husby was here, and we are ready to go
[2026-05-18 21:22:26.361] AUTO-DISENGAGE: gear left Park (now D)
[2026-05-18 21:22:26.361] Husby was here, and we are ready to go
[2026-05-18 21:22:26.366] AUTO-DISENGAGE: gear left Park (now D)
[2026-05-18 21:22:26.366] Husby was here, and we are ready to go
[2026-05-18 21:22:26.371] AUTO-DISENGAGE: gear left Park (now D)
[2026-05-18 21:22:26.371] Husby was here, and we are ready to go
[2026-05-18 21:22:26.376] AUTO-DISENGAGE: gear left Park (now D)
[2026-05-18 21:22:26.376] Husby was here, and we are ready to go
[2026-05-18 21:22:26.379] AUTO-DISENGAGE: gear left Park (now D)
[2026-05-18 21:22:26.379] Husby was here, and we are ready to go
[2026-05-18 21:22:26.380] AUTO-DISENGAGE: gear left Park (now D)
[2026-05-18 21:22:26.380] Husby was here, and we are ready to go
[2026-05-18 21:22:26.387] AUTO-DISENGAGE: gear left Park (now D)
[2026-05-18 21:22:26.387] Husby was here, and we are ready to go
[2026-05-18 21:22:26.391] AUTO-DISENGAGE: gear left Park (now D)
[2026-05-18 21:22:26.391] Husby was here, and we are ready to go
[2026-05-18 21:22:26.396] AUTO-DISENGAGE: gear left Park (now D)
[2026-05-18 21:22:26.397] Husby was here, and we are ready to go
[2026-05-18 21:22:26.399] AUTO-DISENGAGE: gear left Park (now D)
[2026-05-18 21:22:26.399] Husby was here, and we are ready to go
[2026-05-18 21:22:26.400] AUTO-DISENGAGE: gear left Park (now D)
[2026-05-18 21:22:26.400] Husby was here, and we are ready to go
[2026-05-18 21:22:26.403] AUTO-DISENGAGE: gear left Park (now D)
[2026-05-18 21:22:26.404] Husby was here, and we are ready to go
[2026-05-18 21:22:26.407] AUTO-DISENGAGE: gear left Park (now D)
[2026-05-18 21:22:26.407] Husby was here, and we are ready to go
[2026-05-18 21:22:26.411] AUTO-DISENGAGE: gear left Park (now D)
[2026-05-18 21:22:26.411] Husby was here, and we are ready to go
[2026-05-18 21:22:26.417] AUTO-DISENGAGE: gear left Park (now D)
[2026-05-18 21:22:26.417] Husby was here, and we are ready to go
[2026-05-18 21:22:26.419] AUTO-DISENGAGE: gear left Park (now D)
[2026-05-18 21:22:26.419] Husby was here, and we are ready to go
[2026-05-18 21:22:26.420] AUTO-DISENGAGE: gear left Park (now D)
[2026-05-18 21:22:26.420] Husby was here, and we are ready to go
[2026-05-18 21:22:26.426] AUTO-DISENGAGE: gear left Park (now D)
[2026-05-18 21:22:26.427] Husby was here, and we are ready to go
[2026-05-18 21:22:26.431] AUTO-DISENGAGE: gear left Park (now D)
[2026-05-18 21:22:26.431] Husby was here, and we are ready to go
[2026-05-18 21:22:26.437] AUTO-DISENGAGE: gear left Park (now D)
[2026-05-18 21:22:26.437] Husby was here, and we are ready to go
[2026-05-18 21:22:26.439] AUTO-DISENGAGE: gear left Park (now D)
[2026-05-18 21:22:26.439] Husby was here, and we are ready to go
[2026-05-18 21:22:26.440] AUTO-DISENGAGE: gear left Park (now D)
[2026-05-18 21:22:26.441] Husby was here, and we are ready to go
[2026-05-18 21:22:26.447] AUTO-DISENGAGE: gear left Park (now D)
[2026-05-18 21:22:26.448] Husby was here, and we are ready to go
[2026-05-18 21:22:26.451] AUTO-DISENGAGE: gear left Park (now D)
[2026-05-18 21:22:26.451] Husby was here, and we are ready to go
[2026-05-18 21:22:26.457] AUTO-DISENGAGE: gear left Park (now D)
[2026-05-18 21:22:26.457] Husby was here, and we are ready to go
[2026-05-18 21:22:26.459] AUTO-DISENGAGE: gear left Park (now D)
[2026-05-18 21:22:26.459] Husby was here, and we are ready to go
[2026-05-18 21:22:26.460] AUTO-DISENGAGE: gear left Park (now D)
[2026-05-18 21:22:26.460] Husby was here, and we are ready to go
[2026-05-18 21:22:26.467] AUTO-DISENGAGE: gear left Park (now D)
[2026-05-18 21:22:26.467] Husby was here, and we are ready to go
[2026-05-18 21:22:26.472] AUTO-DISENGAGE: gear left Park (now D)
[2026-05-18 21:22:26.472] Husby was here, and we are ready to go
[2026-05-18 21:22:26.475] AUTO-DISENGAGE: gear left Park (now D)
[2026-05-18 21:22:26.476] Husby was here, and we are ready to go
[2026-05-18 21:22:26.479] AUTO-DISENGAGE: gear left Park (now D)
[2026-05-18 21:22:26.479] Husby was here, and we are ready to go
[2026-05-18 21:22:26.481] AUTO-DISENGAGE: gear left Park (now D)
[2026-05-18 21:22:26.481] Husby was here, and we are ready to go
[2026-05-18 21:22:26.486] AUTO-DISENGAGE: gear left Park (now D)
[2026-05-18 21:22:26.486] Husby was here, and we are ready to go
[2026-05-18 21:22:26.491] AUTO-DISENGAGE: gear left Park (now D)
[2026-05-18 21:22:26.492] Husby was here, and we are ready to go
[2026-05-18 21:22:26.497] AUTO-DISENGAGE: gear left Park (now D)
[2026-05-18 21:22:26.497] Husby was here, and we are ready to go
[2026-05-18 21:22:26.499] AUTO-DISENGAGE: gear left Park (now D)
[2026-05-18 21:22:26.499] Husby was here, and we are ready to go
[2026-05-18 21:22:26.503] AUTO-DISENGAGE: gear left Park (now D)
[2026-05-18 21:22:26.503] Husby was here, and we are ready to go
[2026-05-18 21:22:26.522] AUTO-DISENGAGE: gear left Park (now D)
[2026-05-18 21:22:26.523] Husby was here, and we are ready to go
[2026-05-18 21:22:26.541] AUTO-DISENGAGE: gear left Park (now D)
[2026-05-18 21:22:26.541] Husby was here, and we are ready to go
[2026-05-18 21:22:26.563] AUTO-DISENGAGE: gear left Park (now D)
[2026-05-18 21:22:26.563] Husby was here, and we are ready to go
[2026-05-18 21:22:26.581] AUTO-DISENGAGE: gear left Park (now D)
[2026-05-18 21:22:26.581] Husby was here, and we are ready to go
[2026-05-18 21:22:26.599] AUTO-DISENGAGE: gear left Park (now D)
[2026-05-18 21:22:26.599] Husby was here, and we are ready to go
[2026-05-18 21:22:26.603] AUTO-DISENGAGE: gear left Park (now D)
[2026-05-18 21:22:26.603] Husby was here, and we are ready to go
[2026-05-18 21:22:26.620] AUTO-DISENGAGE: gear left Park (now D)
[2026-05-18 21:22:26.620] Husby was here, and we are ready to go
[2026-05-18 21:22:26.641] AUTO-DISENGAGE: gear left Park (now D)
[2026-05-18 21:22:26.641] Husby was here, and we are ready to go
[2026-05-18 21:22:26.667] AUTO-DISENGAGE: gear left Park (now D)
[2026-05-18 21:22:26.668] Husby was here, and we are ready to go
[2026-05-18 21:22:26.687] AUTO-DISENGAGE: gear left Park (now D)
[2026-05-18 21:22:26.687] Husby was here, and we are ready to go
[2026-05-18 21:22:26.704] AUTO-DISENGAGE: gear left Park (now D)
[2026-05-18 21:22:26.704] Husby was here, and we are ready to go
[2026-05-18 21:22:26.704] SHIFT post-burst gear: D (requested D)
[2026-05-18 21:22:26.706] AUTO-DISENGAGE: gear left Park (now D)
[2026-05-18 21:22:26.707] Husby was here, and we are ready to go
[2026-05-18 21:22:26.727] AUTO-DISENGAGE: gear left Park (now D)
[2026-05-18 21:22:26.727] Husby was here, and we are ready to go
[2026-05-18 21:22:26.750] AUTO-DISENGAGE: gear left Park (now D)
[2026-05-18 21:22:26.750] Husby was here, and we are ready to go
[2026-05-18 21:22:26.772] AUTO-DISENGAGE: gear left Park (now D)
[2026-05-18 21:22:26.773] Husby was here, and we are ready to go
[2026-05-18 21:22:26.789] AUTO-DISENGAGE: gear left Park (now D)
[2026-05-18 21:22:26.790] Husby was here, and we are ready to go
[2026-05-18 21:22:26.805] AUTO-DISENGAGE: gear left Park (now D)
[2026-05-18 21:22:26.805] Husby was here, and we are ready to go
[2026-05-18 21:22:26.806] AUTO-DISENGAGE: gear left Park (now D)
[2026-05-18 21:22:26.807] Husby was here, and we are ready to go
[2026-05-18 21:22:26.829] AUTO-DISENGAGE: gear left Park (now D)
[2026-05-18 21:22:26.829] Husby was here, and we are ready to go
[2026-05-18 21:22:26.849] AUTO-DISENGAGE: gear left Park (now D)
[2026-05-18 21:22:26.849] Husby was here, and we are ready to go
[2026-05-18 21:22:26.869] AUTO-DISENGAGE: gear left Park (now D)
[2026-05-18 21:22:26.869] Husby was here, and we are ready to go
[2026-05-18 21:22:26.887] AUTO-DISENGAGE: gear left Park (now D)
[2026-05-18 21:22:26.887] Husby was here, and we are ready to go
[2026-05-18 21:22:26.906] AUTO-DISENGAGE: gear left Park (now D)
[2026-05-18 21:22:26.906] Husby was here, and we are ready to go
[2026-05-18 21:22:26.906] AUTO-DISENGAGE: gear left Park (now D)
[2026-05-18 21:22:26.907] Husby was here, and we are ready to go
[2026-05-18 21:22:26.927] AUTO-DISENGAGE: gear left Park (now D)
[2026-05-18 21:22:26.927] Husby was here, and we are ready to go
[2026-05-18 21:22:26.948] AUTO-DISENGAGE: gear left Park (now D)
[2026-05-18 21:22:26.949] Husby was here, and we are ready to go
[2026-05-18 21:22:26.969] AUTO-DISENGAGE: gear left Park (now D)
[2026-05-18 21:22:26.969] Husby was here, and we are ready to go
[2026-05-18 21:22:26.989] AUTO-DISENGAGE: gear left Park (now D)
[2026-05-18 21:22:26.989] Husby was here, and we are ready to go
[2026-05-18 21:22:27.005] AUTO-DISENGAGE: gear left Park (now D)
[2026-05-18 21:22:27.005] Husby was here, and we are ready to go
[2026-05-18 21:22:27.006] AUTO-DISENGAGE: gear left Park (now D)
[2026-05-18 21:22:27.007] Husby was here, and we are ready to go
[2026-05-18 21:22:27.027] AUTO-DISENGAGE: gear left Park (now D)
[2026-05-18 21:22:27.027] Husby was here, and we are ready to go
[2026-05-18 21:22:27.047] AUTO-DISENGAGE: gear left Park (now D)
[2026-05-18 21:22:27.047] Husby was here, and we are ready to go
[2026-05-18 21:22:27.067] AUTO-DISENGAGE: gear left Park (now D)
[2026-05-18 21:22:27.068] Husby was here, and we are ready to go
[2026-05-18 21:22:27.087] AUTO-DISENGAGE: gear left Park (now D)
[2026-05-18 21:22:27.087] Husby was here, and we are ready to go
[2026-05-18 21:22:27.104] AUTO-DISENGAGE: gear left Park (now D)
[2026-05-18 21:22:27.104] Husby was here, and we are ready to go
[2026-05-18 21:22:27.107] AUTO-DISENGAGE: gear left Park (now D)
[2026-05-18 21:22:27.107] Husby was here, and we are ready to go
[2026-05-18 21:22:27.127] AUTO-DISENGAGE: gear left Park (now D)
[2026-05-18 21:22:27.127] Husby was here, and we are ready to go
[2026-05-18 21:22:27.150] AUTO-DISENGAGE: gear left Park (now D)
[2026-05-18 21:22:27.151] Husby was here, and we are ready to go
[2026-05-18 21:22:27.169] AUTO-DISENGAGE: gear left Park (now D)
[2026-05-18 21:22:27.170] Husby was here, and we are ready to go
[2026-05-18 21:22:27.188] AUTO-DISENGAGE: gear left Park (now D)
[2026-05-18 21:22:27.188] Husby was here, and we are ready to go
[2026-05-18 21:22:27.204] AUTO-DISENGAGE: gear left Park (now D)
[2026-05-18 21:22:27.204] Husby was here, and we are ready to go
[2026-05-18 21:22:27.206] AUTO-DISENGAGE: gear left Park (now D)
[2026-05-18 21:22:27.207] Husby was here, and we are ready to go
[2026-05-18 21:22:27.227] AUTO-DISENGAGE: gear left Park (now D)
[2026-05-18 21:22:27.227] Husby was here, and we are ready to go
[2026-05-18 21:22:27.248] AUTO-DISENGAGE: gear left Park (now D)
[2026-05-18 21:22:27.248] Husby was here, and we are ready to go
[2026-05-18 21:22:27.268] AUTO-DISENGAGE: gear left Park (now D)
[2026-05-18 21:22:27.268] Husby was here, and we are ready to go
[2026-05-18 21:22:27.287] AUTO-DISENGAGE: gear left Park (now D)
[2026-05-18 21:22:27.287] Husby was here, and we are ready to go
[2026-05-18 21:22:27.304] AUTO-DISENGAGE: gear left Park (now D)
[2026-05-18 21:22:27.304] Husby was here, and we are ready to go
[2026-05-18 21:22:27.307] AUTO-DISENGAGE: gear left Park (now D)
[2026-05-18 21:22:27.307] Husby was here, and we are ready to go
[2026-05-18 21:22:27.329] AUTO-DISENGAGE: gear left Park (now D)
[2026-05-18 21:22:27.329] Husby was here, and we are ready to go
[2026-05-18 21:22:27.351] AUTO-DISENGAGE: gear left Park (now D)
[2026-05-18 21:22:27.351] Husby was here, and we are ready to go
[2026-05-18 21:22:27.372] AUTO-DISENGAGE: gear left Park (now D)
[2026-05-18 21:22:27.372] Husby was here, and we are ready to go
[2026-05-18 21:22:27.388] AUTO-DISENGAGE: gear left Park (now D)
[2026-05-18 21:22:27.389] Husby was here, and we are ready to go
[2026-05-18 21:22:27.405] AUTO-DISENGAGE: gear left Park (now D)
[2026-05-18 21:22:27.406] Husby was here, and we are ready to go
[2026-05-18 21:22:27.407] AUTO-DISENGAGE: gear left Park (now D)
[2026-05-18 21:22:27.407] Husby was here, and we are ready to go
[2026-05-18 21:22:27.429] AUTO-DISENGAGE: gear left Park (now D)
[2026-05-18 21:22:27.429] Husby was here, and we are ready to go
[2026-05-18 21:22:27.448] AUTO-DISENGAGE: gear left Park (now D)
[2026-05-18 21:22:27.449] Husby was here, and we are ready to go
[2026-05-18 21:22:27.468] AUTO-DISENGAGE: gear left Park (now D)
[2026-05-18 21:22:27.468] Husby was here, and we are ready to go
[2026-05-18 21:22:27.487] AUTO-DISENGAGE: gear left Park (now D)
[2026-05-18 21:22:27.488] Husby was here, and we are ready to go
[2026-05-18 21:22:27.504] AUTO-DISENGAGE: gear left Park (now D)
[2026-05-18 21:22:27.504] Husby was here, and we are ready to go
[2026-05-18 21:22:27.507] AUTO-DISENGAGE: gear left Park (now D)
[2026-05-18 21:22:27.507] Husby was here, and we are ready to go
[2026-05-18 21:22:27.527] AUTO-DISENGAGE: gear left Park (now D)
[2026-05-18 21:22:27.527] Husby was here, and we are ready to go
[2026-05-18 21:22:27.547] AUTO-DISENGAGE: gear left Park (now D)
[2026-05-18 21:22:27.548] Husby was here, and we are ready to go
[2026-05-18 21:22:27.568] AUTO-DISENGAGE: gear left Park (now D)
[2026-05-18 21:22:27.568] Husby was here, and we are ready to go
[2026-05-18 21:22:27.590] AUTO-DISENGAGE: gear left Park (now D)
[2026-05-18 21:22:27.591] Husby was here, and we are ready to go
[2026-05-18 21:22:27.606] AUTO-DISENGAGE: gear left Park (now D)
[2026-05-18 21:22:27.606] Husby was here, and we are ready to go
[2026-05-18 21:22:27.607] AUTO-DISENGAGE: gear left Park (now D)
[2026-05-18 21:22:27.607] Husby was here, and we are ready to go
[2026-05-18 21:22:27.634] AUTO-DISENGAGE: gear left Park (now D)
[2026-05-18 21:22:27.635] Husby was here, and we are ready to go
[2026-05-18 21:22:27.649] AUTO-DISENGAGE: gear left Park (now D)
[2026-05-18 21:22:27.649] Husby was here, and we are ready to go
[2026-05-18 21:22:27.670] AUTO-DISENGAGE: gear left Park (now D)
[2026-05-18 21:22:27.670] Husby was here, and we are ready to go
[2026-05-18 21:22:27.689] AUTO-DISENGAGE: gear left Park (now D)
[2026-05-18 21:22:27.689] Husby was here, and we are ready to go
[2026-05-18 21:22:27.705] AUTO-DISENGAGE: gear left Park (now D)
[2026-05-18 21:22:27.705] Husby was here, and we are ready to go
[2026-05-18 21:22:27.707] AUTO-DISENGAGE: gear left Park (now D)
[2026-05-18 21:22:27.707] Husby was here, and we are ready to go
[2026-05-18 21:22:27.727] AUTO-DISENGAGE: gear left Park (now D)
[2026-05-18 21:22:27.728] Husby was here, and we are ready to go
[2026-05-18 21:22:27.749] AUTO-DISENGAGE: gear left Park (now D)
[2026-05-18 21:22:27.749] Husby was here, and we are ready to go
[2026-05-18 21:22:27.770] AUTO-DISENGAGE: gear left Park (now D)
[2026-05-18 21:22:27.771] Husby was here, and we are ready to go
[2026-05-18 21:22:27.789] AUTO-DISENGAGE: gear left Park (now D)
[2026-05-18 21:22:27.789] Husby was here, and we are ready to go
[2026-05-18 21:22:27.807] AUTO-DISENGAGE: gear left Park (now D)
[2026-05-18 21:22:27.807] Husby was here, and we are ready to go
[2026-05-18 21:22:27.808] AUTO-DISENGAGE: gear left Park (now D)
[2026-05-18 21:22:27.808] Husby was here, and we are ready to go
[2026-05-18 21:22:27.833] AUTO-DISENGAGE: gear left Park (now D)
[2026-05-18 21:22:27.833] Husby was here, and we are ready to go
[2026-05-18 21:22:27.850] AUTO-DISENGAGE: gear left Park (now D)
[2026-05-18 21:22:27.850] Husby was here, and we are ready to go
[2026-05-18 21:22:27.870] AUTO-DISENGAGE: gear left Park (now D)
[2026-05-18 21:22:27.871] Husby was here, and we are ready to go
[2026-05-18 21:22:27.890] AUTO-DISENGAGE: gear left Park (now D)
[2026-05-18 21:22:27.890] Husby was here, and we are ready to go
[2026-05-18 21:22:27.906] AUTO-DISENGAGE: gear left Park (now D)
[2026-05-18 21:22:27.906] Husby was here, and we are ready to go
[2026-05-18 21:22:27.908] AUTO-DISENGAGE: gear left Park (now D)
[2026-05-18 21:22:27.908] Husby was here, and we are ready to go
[2026-05-18 21:22:27.930] AUTO-DISENGAGE: gear left Park (now D)
[2026-05-18 21:22:27.930] Husby was here, and we are ready to go
[2026-05-18 21:22:27.949] AUTO-DISENGAGE: gear left Park (now D)
[2026-05-18 21:22:27.949] Husby was here, and we are ready to go
[2026-05-18 21:22:27.970] AUTO-DISENGAGE: gear left Park (now D)
[2026-05-18 21:22:27.971] Husby was here, and we are ready to go
[2026-05-18 21:22:27.990] AUTO-DISENGAGE: gear left Park (now D)
[2026-05-18 21:22:27.991] Husby was here, and we are ready to go
[2026-05-18 21:22:28.005] AUTO-DISENGAGE: gear left Park (now D)
[2026-05-18 21:22:28.006] Husby was here, and we are ready to go
[2026-05-18 21:22:28.008] AUTO-DISENGAGE: gear left Park (now D)
[2026-05-18 21:22:28.008] Husby was here, and we are ready to go
[2026-05-18 21:22:28.032] brake: released
[2026-05-18 21:22:28.035] AUTO-DISENGAGE: gear left Park (now D)
[2026-05-18 21:22:28.036] Husby was here, and we are ready to go
[2026-05-18 21:22:28.050] AUTO-DISENGAGE: gear left Park (now D)
[2026-05-18 21:22:28.050] Husby was here, and we are ready to go
[2026-05-18 21:22:28.078] AUTO-DISENGAGE: gear left Park (now D)
[2026-05-18 21:22:28.079] Husby was here, and we are ready to go
[2026-05-18 21:22:28.089] AUTO-DISENGAGE: gear left Park (now D)
[2026-05-18 21:22:28.090] Husby was here, and we are ready to go
[2026-05-18 21:22:28.105] AUTO-DISENGAGE: gear left Park (now D)
[2026-05-18 21:22:28.105] Husby was here, and we are ready to go
[2026-05-18 21:22:28.109] AUTO-DISENGAGE: gear left Park (now D)
[2026-05-18 21:22:28.109] Husby was here, and we are ready to go
[2026-05-18 21:22:28.129] AUTO-DISENGAGE: gear left Park (now D)
[2026-05-18 21:22:28.130] Husby was here, and we are ready to go
[2026-05-18 21:22:28.150] AUTO-DISENGAGE: gear left Park (now D)
[2026-05-18 21:22:28.150] Husby was here, and we are ready to go
[2026-05-18 21:22:28.170] AUTO-DISENGAGE: gear left Park (now D)
[2026-05-18 21:22:28.170] Husby was here, and we are ready to go
[2026-05-18 21:22:28.189] AUTO-DISENGAGE: gear left Park (now D)
[2026-05-18 21:22:28.189] Husby was here, and we are ready to go
[2026-05-18 21:22:28.204] AUTO-DISENGAGE: gear left Park (now D)
[2026-05-18 21:22:28.204] Husby was here, and we are ready to go
[2026-05-18 21:22:28.208] AUTO-DISENGAGE: gear left Park (now D)
[2026-05-18 21:22:28.208] Husby was here, and we are ready to go
[2026-05-18 21:22:28.229] AUTO-DISENGAGE: gear left Park (now D)
[2026-05-18 21:22:28.229] Husby was here, and we are ready to go
[2026-05-18 21:22:28.249] AUTO-DISENGAGE: gear left Park (now D)
[2026-05-18 21:22:28.249] Husby was here, and we are ready to go
[2026-05-18 21:22:28.269] AUTO-DISENGAGE: gear left Park (now D)
[2026-05-18 21:22:28.269] Husby was here, and we are ready to go
[2026-05-18 21:22:28.288] AUTO-DISENGAGE: gear left Park (now D)
[2026-05-18 21:22:28.288] Husby was here, and we are ready to go
[2026-05-18 21:22:28.304] AUTO-DISENGAGE: gear left Park (now D)
[2026-05-18 21:22:28.304] Husby was here, and we are ready to go
[2026-05-18 21:22:28.308] AUTO-DISENGAGE: gear left Park (now D)
[2026-05-18 21:22:28.308] Husby was here, and we are ready to go
[2026-05-18 21:22:28.329] AUTO-DISENGAGE: gear left Park (now D)
[2026-05-18 21:22:28.329] Husby was here, and we are ready to go
[2026-05-18 21:22:28.348] AUTO-DISENGAGE: gear left Park (now D)
[2026-05-18 21:22:28.349] Husby was here, and we are ready to go
[2026-05-18 21:22:28.369] AUTO-DISENGAGE: gear left Park (now D)
[2026-05-18 21:22:28.369] Husby was here, and we are ready to go
[2026-05-18 21:22:28.389] AUTO-DISENGAGE: gear left Park (now D)
[2026-05-18 21:22:28.389] Husby was here, and we are ready to go
[2026-05-18 21:22:28.405] AUTO-DISENGAGE: gear left Park (now D)
[2026-05-18 21:22:28.405] Husby was here, and we are ready to go
[2026-05-18 21:22:28.408] AUTO-DISENGAGE: gear left Park (now D)
[2026-05-18 21:22:28.408] Husby was here, and we are ready to go
[2026-05-18 21:22:28.429] AUTO-DISENGAGE: gear left Park (now D)
[2026-05-18 21:22:28.429] Husby was here, and we are ready to go
[2026-05-18 21:22:28.449] AUTO-DISENGAGE: gear left Park (now D)
[2026-05-18 21:22:28.449] Husby was here, and we are ready to go
[2026-05-18 21:22:28.469] AUTO-DISENGAGE: gear left Park (now D)
[2026-05-18 21:22:28.469] Husby was here, and we are ready to go
[2026-05-18 21:22:28.489] AUTO-DISENGAGE: gear left Park (now D)
[2026-05-18 21:22:28.489] Husby was here, and we are ready to go
[2026-05-18 21:22:28.504] AUTO-DISENGAGE: gear left Park (now D)
[2026-05-18 21:22:28.504] Husby was here, and we are ready to go
[2026-05-18 21:22:28.508] AUTO-DISENGAGE: gear left Park (now D)
[2026-05-18 21:22:28.508] Husby was here, and we are ready to go
[2026-05-18 21:22:28.529] AUTO-DISENGAGE: gear left Park (now D)
[2026-05-18 21:22:28.529] Husby was here, and we are ready to go
[2026-05-18 21:22:28.549] AUTO-DISENGAGE: gear left Park (now D)
[2026-05-18 21:22:28.549] Husby was here, and we are ready to go
[2026-05-18 21:22:28.569] AUTO-DISENGAGE: gear left Park (now D)
[2026-05-18 21:22:28.569] Husby was here, and we are ready to go
[2026-05-18 21:22:28.588] AUTO-DISENGAGE: gear left Park (now D)
[2026-05-18 21:22:28.588] Husby was here, and we are ready to go
[2026-05-18 21:22:28.603] AUTO-DISENGAGE: gear left Park (now D)
[2026-05-18 21:22:28.603] Husby was here, and we are ready to go
[2026-05-18 21:22:28.608] AUTO-DISENGAGE: gear left Park (now D)
[2026-05-18 21:22:28.608] Husby was here, and we are ready to go
[2026-05-18 21:22:28.629] AUTO-DISENGAGE: gear left Park (now D)
[2026-05-18 21:22:28.629] Husby was here, and we are ready to go
[2026-05-18 21:22:28.648] AUTO-DISENGAGE: gear left Park (now D)
[2026-05-18 21:22:28.649] Husby was here, and we are ready to go
[2026-05-18 21:22:28.669] AUTO-DISENGAGE: gear left Park (now D)
[2026-05-18 21:22:28.669] Husby was here, and we are ready to go
[2026-05-18 21:22:28.689] AUTO-DISENGAGE: gear left Park (now D)
[2026-05-18 21:22:28.689] Husby was here, and we are ready to go
[2026-05-18 21:22:28.704] AUTO-DISENGAGE: gear left Park (now D)
[2026-05-18 21:22:28.704] Husby was here, and we are ready to go
[2026-05-18 21:22:28.708] AUTO-DISENGAGE: gear left Park (now D)
[2026-05-18 21:22:28.708] Husby was here, and we are ready to go
[2026-05-18 21:22:28.729] AUTO-DISENGAGE: gear left Park (now D)
[2026-05-18 21:22:28.729] Husby was here, and we are ready to go
[2026-05-18 21:22:28.749] AUTO-DISENGAGE: gear left Park (now D)
[2026-05-18 21:22:28.749] Husby was here, and we are ready to go
[2026-05-18 21:22:28.769] AUTO-DISENGAGE: gear left Park (now D)
[2026-05-18 21:22:28.769] Husby was here, and we are ready to go
[2026-05-18 21:22:28.792] AUTO-DISENGAGE: gear left Park (now D)
[2026-05-18 21:22:28.793] Husby was here, and we are ready to go
[2026-05-18 21:22:28.805] AUTO-DISENGAGE: gear left Park (now D)
[2026-05-18 21:22:28.805] Husby was here, and we are ready to go
[2026-05-18 21:22:28.808] AUTO-DISENGAGE: gear left Park (now D)
[2026-05-18 21:22:28.808] Husby was here, and we are ready to go
[2026-05-18 21:22:28.834] AUTO-DISENGAGE: gear left Park (now D)
[2026-05-18 21:22:28.835] Husby was here, and we are ready to go
[2026-05-18 21:22:28.850] AUTO-DISENGAGE: gear left Park (now D)
[2026-05-18 21:22:28.850] Husby was here, and we are ready to go
[2026-05-18 21:22:28.873] AUTO-DISENGAGE: gear left Park (now D)
[2026-05-18 21:22:28.873] Husby was here, and we are ready to go
[2026-05-18 21:22:28.890] AUTO-DISENGAGE: gear left Park (now D)
[2026-05-18 21:22:28.891] Husby was here, and we are ready to go
[2026-05-18 21:22:28.904] AUTO-DISENGAGE: gear left Park (now D)
[2026-05-18 21:22:28.905] Husby was here, and we are ready to go
[2026-05-18 21:22:28.908] AUTO-DISENGAGE: gear left Park (now D)
[2026-05-18 21:22:28.908] Husby was here, and we are ready to go
[2026-05-18 21:22:28.930] AUTO-DISENGAGE: gear left Park (now D)
[2026-05-18 21:22:28.931] Husby was here, and we are ready to go
[2026-05-18 21:22:28.949] AUTO-DISENGAGE: gear left Park (now D)
[2026-05-18 21:22:28.949] Husby was here, and we are ready to go
[2026-05-18 21:22:28.970] AUTO-DISENGAGE: gear left Park (now D)
[2026-05-18 21:22:28.970] Husby was here, and we are ready to go
[2026-05-18 21:22:28.990] AUTO-DISENGAGE: gear left Park (now D)
[2026-05-18 21:22:28.990] Husby was here, and we are ready to go
[2026-05-18 21:22:29.006] AUTO-DISENGAGE: gear left Park (now D)
[2026-05-18 21:22:29.006] Husby was here, and we are ready to go
[2026-05-18 21:22:29.008] AUTO-DISENGAGE: gear left Park (now D)
[2026-05-18 21:22:29.008] Husby was here, and we are ready to go
[2026-05-18 21:22:29.035] AUTO-DISENGAGE: gear left Park (now D)
[2026-05-18 21:22:29.036] Husby was here, and we are ready to go
[2026-05-18 21:22:29.049] AUTO-DISENGAGE: gear left Park (now D)
[2026-05-18 21:22:29.050] Husby was here, and we are ready to go
[2026-05-18 21:22:29.072] AUTO-DISENGAGE: gear left Park (now D)
[2026-05-18 21:22:29.072] Husby was here, and we are ready to go
[2026-05-18 21:22:29.089] AUTO-DISENGAGE: gear left Park (now D)
[2026-05-18 21:22:29.089] Husby was here, and we are ready to go
[2026-05-18 21:22:29.105] AUTO-DISENGAGE: gear left Park (now D)
[2026-05-18 21:22:29.105] Husby was here, and we are ready to go
[2026-05-18 21:22:29.108] AUTO-DISENGAGE: gear left Park (now D)
[2026-05-18 21:22:29.108] Husby was here, and we are ready to go
[2026-05-18 21:22:29.130] AUTO-DISENGAGE: gear left Park (now D)
[2026-05-18 21:22:29.130] Husby was here, and we are ready to go
[2026-05-18 21:22:29.149] AUTO-DISENGAGE: gear left Park (now D)
[2026-05-18 21:22:29.149] Husby was here, and we are ready to go
[2026-05-18 21:22:29.171] AUTO-DISENGAGE: gear left Park (now D)
[2026-05-18 21:22:29.171] Husby was here, and we are ready to go
[2026-05-18 21:22:29.190] AUTO-DISENGAGE: gear left Park (now D)
[2026-05-18 21:22:29.191] Husby was here, and we are ready to go
[2026-05-18 21:22:29.206] AUTO-DISENGAGE: gear left Park (now D)
[2026-05-18 21:22:29.206] Husby was here, and we are ready to go
[2026-05-18 21:22:29.208] AUTO-DISENGAGE: gear left Park (now D)
[2026-05-18 21:22:29.208] Husby was here, and we are ready to go
[2026-05-18 21:22:29.232] AUTO-DISENGAGE: gear left Park (now D)
[2026-05-18 21:22:29.232] Husby was here, and we are ready to go
[2026-05-18 21:22:29.250] AUTO-DISENGAGE: gear left Park (now D)
[2026-05-18 21:22:29.250] Husby was here, and we are ready to go
[2026-05-18 21:22:29.270] AUTO-DISENGAGE: gear left Park (now D)
[2026-05-18 21:22:29.270] Husby was here, and we are ready to go
[2026-05-18 21:22:29.290] AUTO-DISENGAGE: gear left Park (now D)
[2026-05-18 21:22:29.291] Husby was here, and we are ready to go
[2026-05-18 21:22:29.306] AUTO-DISENGAGE: gear left Park (now D)
[2026-05-18 21:22:29.306] Husby was here, and we are ready to go
[2026-05-18 21:22:29.308] AUTO-DISENGAGE: gear left Park (now D)
[2026-05-18 21:22:29.308] Husby was here, and we are ready to go
[2026-05-18 21:22:29.329] AUTO-DISENGAGE: gear left Park (now D)
[2026-05-18 21:22:29.330] Husby was here, and we are ready to go
[2026-05-18 21:22:29.349] AUTO-DISENGAGE: gear left Park (now D)
[2026-05-18 21:22:29.349] Husby was here, and we are ready to go
[2026-05-18 21:22:29.371] AUTO-DISENGAGE: gear left Park (now D)
[2026-05-18 21:22:29.371] Husby was here, and we are ready to go
[2026-05-18 21:22:29.390] AUTO-DISENGAGE: gear left Park (now D)
[2026-05-18 21:22:29.390] Husby was here, and we are ready to go
[2026-05-18 21:22:29.405] AUTO-DISENGAGE: gear left Park (now D)
[2026-05-18 21:22:29.405] Husby was here, and we are ready to go
[2026-05-18 21:22:29.408] AUTO-DISENGAGE: gear left Park (now D)
[2026-05-18 21:22:29.408] Husby was here, and we are ready to go
[2026-05-18 21:22:29.429] AUTO-DISENGAGE: gear left Park (now D)
[2026-05-18 21:22:29.429] Husby was here, and we are ready to go
[2026-05-18 21:22:29.450] AUTO-DISENGAGE: gear left Park (now D)
[2026-05-18 21:22:29.451] Husby was here, and we are ready to go
[2026-05-18 21:22:29.472] AUTO-DISENGAGE: gear left Park (now D)
[2026-05-18 21:22:29.472] Husby was here, and we are ready to go
[2026-05-18 21:22:29.490] AUTO-DISENGAGE: gear left Park (now D)
[2026-05-18 21:22:29.490] Husby was here, and we are ready to go
[2026-05-18 21:22:29.505] AUTO-DISENGAGE: gear left Park (now D)
[2026-05-18 21:22:29.505] Husby was here, and we are ready to go
[2026-05-18 21:22:29.508] AUTO-DISENGAGE: gear left Park (now D)
[2026-05-18 21:22:29.508] Husby was here, and we are ready to go
[2026-05-18 21:22:29.529] AUTO-DISENGAGE: gear left Park (now D)
[2026-05-18 21:22:29.530] Husby was here, and we are ready to go
[2026-05-18 21:22:29.549] AUTO-DISENGAGE: gear left Park (now D)
[2026-05-18 21:22:29.549] Husby was here, and we are ready to go
[2026-05-18 21:22:29.570] AUTO-DISENGAGE: gear left Park (now D)
[2026-05-18 21:22:29.570] Husby was here, and we are ready to go
[2026-05-18 21:22:29.590] AUTO-DISENGAGE: gear left Park (now D)
[2026-05-18 21:22:29.590] Husby was here, and we are ready to go
[2026-05-18 21:22:29.605] AUTO-DISENGAGE: gear left Park (now D)
[2026-05-18 21:22:29.605] Husby was here, and we are ready to go
[2026-05-18 21:22:29.608] AUTO-DISENGAGE: gear left Park (now D)
[2026-05-18 21:22:29.608] Husby was here, and we are ready to go
[2026-05-18 21:22:29.629] AUTO-DISENGAGE: gear left Park (now D)
[2026-05-18 21:22:29.629] Husby was here, and we are ready to go
[2026-05-18 21:22:29.649] AUTO-DISENGAGE: gear left Park (now D)
[2026-05-18 21:22:29.649] Husby was here, and we are ready to go
[2026-05-18 21:22:29.669] AUTO-DISENGAGE: gear left Park (now D)
[2026-05-18 21:22:29.669] Husby was here, and we are ready to go
[2026-05-18 21:22:29.689] AUTO-DISENGAGE: gear left Park (now D)
[2026-05-18 21:22:29.689] Husby was here, and we are ready to go
[2026-05-18 21:22:29.703] AUTO-DISENGAGE: gear left Park (now D)
[2026-05-18 21:22:29.704] Husby was here, and we are ready to go
[2026-05-18 21:22:29.708] AUTO-DISENGAGE: gear left Park (now D)
[2026-05-18 21:22:29.708] Husby was here, and we are ready to go
[2026-05-18 21:22:29.729] AUTO-DISENGAGE: gear left Park (now D)
[2026-05-18 21:22:29.729] Husby was here, and we are ready to go
[2026-05-18 21:22:29.750] AUTO-DISENGAGE: gear left Park (now D)
[2026-05-18 21:22:29.751] Husby was here, and we are ready to go
[2026-05-18 21:22:29.775] AUTO-DISENGAGE: gear left Park (now D)
[2026-05-18 21:22:29.775] Husby was here, and we are ready to go
[2026-05-18 21:22:29.792] AUTO-DISENGAGE: gear left Park (now D)
[2026-05-18 21:22:29.793] Husby was here, and we are ready to go
[2026-05-18 21:22:29.805] AUTO-DISENGAGE: gear left Park (now D)
[2026-05-18 21:22:29.805] Husby was here, and we are ready to go
[2026-05-18 21:22:29.808] AUTO-DISENGAGE: gear left Park (now D)
[2026-05-18 21:22:29.808] Husby was here, and we are ready to go
[2026-05-18 21:22:29.834] AUTO-DISENGAGE: gear left Park (now D)
[2026-05-18 21:22:29.835] Husby was here, and we are ready to go
[2026-05-18 21:22:29.850] AUTO-DISENGAGE: gear left Park (now D)
[2026-05-18 21:22:29.850] Husby was here, and we are ready to go
[2026-05-18 21:22:29.872] AUTO-DISENGAGE: gear left Park (now D)
[2026-05-18 21:22:29.872] Husby was here, and we are ready to go
[2026-05-18 21:22:29.890] AUTO-DISENGAGE: gear left Park (now D)
[2026-05-18 21:22:29.890] Husby was here, and we are ready to go
[2026-05-18 21:22:29.906] AUTO-DISENGAGE: gear left Park (now D)
[2026-05-18 21:22:29.906] Husby was here, and we are ready to go
[2026-05-18 21:22:29.908] AUTO-DISENGAGE: gear left Park (now D)
[2026-05-18 21:22:29.908] Husby was here, and we are ready to go
[2026-05-18 21:22:29.929] AUTO-DISENGAGE: gear left Park (now D)
[2026-05-18 21:22:29.929] Husby was here, and we are ready to go
[2026-05-18 21:22:29.949] AUTO-DISENGAGE: gear left Park (now D)
[2026-05-18 21:22:29.950] Husby was here, and we are ready to go
[2026-05-18 21:22:29.972] AUTO-DISENGAGE: gear left Park (now D)
[2026-05-18 21:22:29.972] Husby was here, and we are ready to go
[2026-05-18 21:22:29.990] AUTO-DISENGAGE: gear left Park (now D)
[2026-05-18 21:22:29.990] Husby was here, and we are ready to go
[2026-05-18 21:22:30.004] AUTO-DISENGAGE: gear left Park (now D)
[2026-05-18 21:22:30.004] Husby was here, and we are ready to go
[2026-05-18 21:22:30.008] AUTO-DISENGAGE: gear left Park (now D)
[2026-05-18 21:22:30.008] Husby was here, and we are ready to go
[2026-05-18 21:22:30.029] AUTO-DISENGAGE: gear left Park (now D)
[2026-05-18 21:22:30.029] Husby was here, and we are ready to go
[2026-05-18 21:22:30.049] AUTO-DISENGAGE: gear left Park (now D)
[2026-05-18 21:22:30.049] Husby was here, and we are ready to go
[2026-05-18 21:22:30.069] AUTO-DISENGAGE: gear left Park (now D)
[2026-05-18 21:22:30.069] Husby was here, and we are ready to go
[2026-05-18 21:22:30.089] AUTO-DISENGAGE: gear left Park (now D)
[2026-05-18 21:22:30.089] Husby was here, and we are ready to go
[2026-05-18 21:22:30.106] AUTO-DISENGAGE: gear left Park (now D)
[2026-05-18 21:22:30.106] Husby was here, and we are ready to go
[2026-05-18 21:22:30.108] AUTO-DISENGAGE: gear left Park (now D)
[2026-05-18 21:22:30.108] Husby was here, and we are ready to go
[2026-05-18 21:22:30.133] AUTO-DISENGAGE: gear left Park (now D)
[2026-05-18 21:22:30.133] Husby was here, and we are ready to go
[2026-05-18 21:22:30.153] AUTO-DISENGAGE: gear left Park (now D)
[2026-05-18 21:22:30.154] Husby was here, and we are ready to go
[2026-05-18 21:22:30.170] AUTO-DISENGAGE: gear left Park (now D)
[2026-05-18 21:22:30.171] Husby was here, and we are ready to go
[2026-05-18 21:22:30.193] AUTO-DISENGAGE: gear left Park (now D)
[2026-05-18 21:22:30.193] Husby was here, and we are ready to go
[2026-05-18 21:22:30.204] AUTO-DISENGAGE: gear left Park (now D)
[2026-05-18 21:22:30.204] Husby was here, and we are ready to go
[2026-05-18 21:22:30.208] AUTO-DISENGAGE: gear left Park (now D)
[2026-05-18 21:22:30.208] Husby was here, and we are ready to go
[2026-05-18 21:22:30.235] AUTO-DISENGAGE: gear left Park (now D)
[2026-05-18 21:22:30.235] Husby was here, and we are ready to go
[2026-05-18 21:22:30.251] AUTO-DISENGAGE: gear left Park (now D)
[2026-05-18 21:22:30.251] Husby was here, and we are ready to go
[2026-05-18 21:22:30.273] AUTO-DISENGAGE: gear left Park (now D)
[2026-05-18 21:22:30.273] Husby was here, and we are ready to go
[2026-05-18 21:22:30.290] AUTO-DISENGAGE: gear left Park (now D)
[2026-05-18 21:22:30.291] Husby was here, and we are ready to go
[2026-05-18 21:22:30.306] AUTO-DISENGAGE: gear left Park (now D)
[2026-05-18 21:22:30.306] Husby was here, and we are ready to go
[2026-05-18 21:22:30.308] AUTO-DISENGAGE: gear left Park (now D)
[2026-05-18 21:22:30.309] Husby was here, and we are ready to go
[2026-05-18 21:22:30.336] AUTO-DISENGAGE: gear left Park (now D)
[2026-05-18 21:22:30.336] Husby was here, and we are ready to go
[2026-05-18 21:22:30.350] AUTO-DISENGAGE: gear left Park (now D)
[2026-05-18 21:22:30.350] Husby was here, and we are ready to go
[2026-05-18 21:22:30.372] AUTO-DISENGAGE: gear left Park (now D)
[2026-05-18 21:22:30.372] Husby was here, and we are ready to go
[2026-05-18 21:22:30.389] AUTO-DISENGAGE: gear left Park (now D)
[2026-05-18 21:22:30.389] Husby was here, and we are ready to go
[2026-05-18 21:22:30.405] AUTO-DISENGAGE: gear left Park (now D)
[2026-05-18 21:22:30.405] Husby was here, and we are ready to go
[2026-05-18 21:22:30.408] AUTO-DISENGAGE: gear left Park (now D)
[2026-05-18 21:22:30.408] Husby was here, and we are ready to go
[2026-05-18 21:22:30.432] AUTO-DISENGAGE: gear left Park (now D)
[2026-05-18 21:22:30.432] Husby was here, and we are ready to go
[2026-05-18 21:22:30.449] AUTO-DISENGAGE: gear left Park (now D)
[2026-05-18 21:22:30.449] Husby was here, and we are ready to go
[2026-05-18 21:22:30.469] AUTO-DISENGAGE: gear left Park (now D)
[2026-05-18 21:22:30.470] Husby was here, and we are ready to go
[2026-05-18 21:22:30.490] AUTO-DISENGAGE: gear left Park (now D)
[2026-05-18 21:22:30.491] Husby was here, and we are ready to go
[2026-05-18 21:22:30.504] AUTO-DISENGAGE: gear left Park (now D)
[2026-05-18 21:22:30.504] Husby was here, and we are ready to go
[2026-05-18 21:22:30.509] AUTO-DISENGAGE: gear left Park (now D)
[2026-05-18 21:22:30.509] Husby was here, and we are ready to go
[2026-05-18 21:22:30.529] AUTO-DISENGAGE: gear left Park (now D)
[2026-05-18 21:22:30.530] Husby was here, and we are ready to go
[2026-05-18 21:22:30.549] AUTO-DISENGAGE: gear left Park (now D)
[2026-05-18 21:22:30.550] Husby was here, and we are ready to go
[2026-05-18 21:22:30.569] AUTO-DISENGAGE: gear left Park (now D)
[2026-05-18 21:22:30.570] Husby was here, and we are ready to go
[2026-05-18 21:22:30.593] AUTO-DISENGAGE: gear left Park (now D)
[2026-05-18 21:22:30.593] Husby was here, and we are ready to go
[2026-05-18 21:22:30.605] AUTO-DISENGAGE: gear left Park (now D)
[2026-05-18 21:22:30.605] Husby was here, and we are ready to go
[2026-05-18 21:22:30.608] AUTO-DISENGAGE: gear left Park (now D)
[2026-05-18 21:22:30.609] Husby was here, and we are ready to go
[2026-05-18 21:22:30.636] AUTO-DISENGAGE: gear left Park (now D)
[2026-05-18 21:22:30.636] Husby was here, and we are ready to go
[2026-05-18 21:22:30.650] AUTO-DISENGAGE: gear left Park (now D)
[2026-05-18 21:22:30.650] Husby was here, and we are ready to go
[2026-05-18 21:22:30.672] AUTO-DISENGAGE: gear left Park (now D)
[2026-05-18 21:22:30.672] Husby was here, and we are ready to go
[2026-05-18 21:22:30.689] AUTO-DISENGAGE: gear left Park (now D)
[2026-05-18 21:22:30.689] Husby was here, and we are ready to go
[2026-05-18 21:22:30.705] AUTO-DISENGAGE: gear left Park (now D)
[2026-05-18 21:22:30.706] Husby was here, and we are ready to go
[2026-05-18 21:22:30.708] AUTO-DISENGAGE: gear left Park (now D)
[2026-05-18 21:22:30.709] Husby was here, and we are ready to go
[2026-05-18 21:22:30.730] AUTO-DISENGAGE: gear left Park (now D)
[2026-05-18 21:22:30.730] Husby was here, and we are ready to go
[2026-05-18 21:22:30.754] AUTO-DISENGAGE: gear left Park (now D)
[2026-05-18 21:22:30.755] Husby was here, and we are ready to go
[2026-05-18 21:22:30.774] AUTO-DISENGAGE: gear left Park (now D)
[2026-05-18 21:22:30.775] Husby was here, and we are ready to go
[2026-05-18 21:22:30.797] AUTO-DISENGAGE: gear left Park (now D)
[2026-05-18 21:22:30.798] Husby was here, and we are ready to go
[2026-05-18 21:22:30.804] AUTO-DISENGAGE: gear left Park (now D)
[2026-05-18 21:22:30.805] Husby was here, and we are ready to go
[2026-05-18 21:22:30.816] AUTO-DISENGAGE: gear left Park (now D)
[2026-05-18 21:22:30.816] Husby was here, and we are ready to go
[2026-05-18 21:22:30.836] AUTO-DISENGAGE: gear left Park (now D)
[2026-05-18 21:22:30.836] Husby was here, and we are ready to go
[2026-05-18 21:22:30.855] AUTO-DISENGAGE: gear left Park (now D)
[2026-05-18 21:22:30.855] Husby was here, and we are ready to go
[2026-05-18 21:22:30.875] AUTO-DISENGAGE: gear left Park (now D)
[2026-05-18 21:22:30.876] Husby was here, and we are ready to go
[2026-05-18 21:22:30.896] AUTO-DISENGAGE: gear left Park (now D)
[2026-05-18 21:22:30.896] Husby was here, and we are ready to go
[2026-05-18 21:22:30.903] AUTO-DISENGAGE: gear left Park (now D)
[2026-05-18 21:22:30.904] Husby was here, and we are ready to go
[2026-05-18 21:22:30.915] AUTO-DISENGAGE: gear left Park (now D)
[2026-05-18 21:22:30.915] Husby was here, and we are ready to go
[2026-05-18 21:22:30.936] AUTO-DISENGAGE: gear left Park (now D)
[2026-05-18 21:22:30.936] Husby was here, and we are ready to go
[2026-05-18 21:22:30.954] AUTO-DISENGAGE: gear left Park (now D)
[2026-05-18 21:22:30.955] Husby was here, and we are ready to go
[2026-05-18 21:22:30.975] AUTO-DISENGAGE: gear left Park (now D)
[2026-05-18 21:22:30.975] Husby was here, and we are ready to go
[2026-05-18 21:22:30.995] AUTO-DISENGAGE: gear left Park (now D)
[2026-05-18 21:22:30.995] Husby was here, and we are ready to go
[2026-05-18 21:22:31.004] AUTO-DISENGAGE: gear left Park (now D)
[2026-05-18 21:22:31.004] Husby was here, and we are ready to go
[2026-05-18 21:22:31.014] AUTO-DISENGAGE: gear left Park (now D)
[2026-05-18 21:22:31.014] Husby was here, and we are ready to go
[2026-05-18 21:22:31.036] AUTO-DISENGAGE: gear left Park (now D)
[2026-05-18 21:22:31.036] Husby was here, and we are ready to go
[2026-05-18 21:22:31.055] AUTO-DISENGAGE: gear left Park (now D)
[2026-05-18 21:22:31.055] Husby was here, and we are ready to go
[2026-05-18 21:22:31.073] AUTO-DISENGAGE: gear left Park (now D)
[2026-05-18 21:22:31.073] Husby was here, and we are ready to go
[2026-05-18 21:22:31.094] AUTO-DISENGAGE: gear left Park (now D)
[2026-05-18 21:22:31.094] Husby was here, and we are ready to go
[2026-05-18 21:22:31.104] AUTO-DISENGAGE: gear left Park (now D)
[2026-05-18 21:22:31.104] Husby was here, and we are ready to go
[2026-05-18 21:22:31.114] AUTO-DISENGAGE: gear left Park (now D)
[2026-05-18 21:22:31.114] Husby was here, and we are ready to go
[2026-05-18 21:22:31.134] AUTO-DISENGAGE: gear left Park (now D)
[2026-05-18 21:22:31.135] Husby was here, and we are ready to go
[2026-05-18 21:22:31.153] AUTO-DISENGAGE: gear left Park (now D)
[2026-05-18 21:22:31.154] Husby was here, and we are ready to go
[2026-05-18 21:22:31.174] AUTO-DISENGAGE: gear left Park (now D)
[2026-05-18 21:22:31.174] Husby was here, and we are ready to go
[2026-05-18 21:22:31.195] AUTO-DISENGAGE: gear left Park (now D)
[2026-05-18 21:22:31.195] Husby was here, and we are ready to go
[2026-05-18 21:22:31.204] AUTO-DISENGAGE: gear left Park (now D)
[2026-05-18 21:22:31.204] Husby was here, and we are ready to go
[2026-05-18 21:22:31.214] AUTO-DISENGAGE: gear left Park (now D)
[2026-05-18 21:22:31.214] Husby was here, and we are ready to go
[2026-05-18 21:22:31.234] AUTO-DISENGAGE: gear left Park (now D)
[2026-05-18 21:22:31.234] Husby was here, and we are ready to go
[2026-05-18 21:22:31.254] AUTO-DISENGAGE: gear left Park (now D)
[2026-05-18 21:22:31.254] Husby was here, and we are ready to go
[2026-05-18 21:22:31.275] AUTO-DISENGAGE: gear left Park (now D)
[2026-05-18 21:22:31.276] Husby was here, and we are ready to go
[2026-05-18 21:22:31.296] AUTO-DISENGAGE: gear left Park (now D)
[2026-05-18 21:22:31.296] Husby was here, and we are ready to go
[2026-05-18 21:22:31.304] AUTO-DISENGAGE: gear left Park (now D)
[2026-05-18 21:22:31.304] Husby was here, and we are ready to go
[2026-05-18 21:22:31.315] AUTO-DISENGAGE: gear left Park (now D)
[2026-05-18 21:22:31.315] Husby was here, and we are ready to go
[2026-05-18 21:22:31.335] AUTO-DISENGAGE: gear left Park (now D)
[2026-05-18 21:22:31.335] Husby was here, and we are ready to go
[2026-05-18 21:22:31.354] AUTO-DISENGAGE: gear left Park (now D)
[2026-05-18 21:22:31.354] Husby was here, and we are ready to go
[2026-05-18 21:22:31.373] AUTO-DISENGAGE: gear left Park (now D)
[2026-05-18 21:22:31.373] Husby was here, and we are ready to go
[2026-05-18 21:22:31.393] AUTO-DISENGAGE: gear left Park (now D)
[2026-05-18 21:22:31.394] Husby was here, and we are ready to go
[2026-05-18 21:22:31.404] AUTO-DISENGAGE: gear left Park (now D)
[2026-05-18 21:22:31.404] Husby was here, and we are ready to go
[2026-05-18 21:22:31.413] AUTO-DISENGAGE: gear left Park (now D)
[2026-05-18 21:22:31.413] Husby was here, and we are ready to go
[2026-05-18 21:22:31.433] AUTO-DISENGAGE: gear left Park (now D)
[2026-05-18 21:22:31.433] Husby was here, and we are ready to go
[2026-05-18 21:22:31.456] AUTO-DISENGAGE: gear left Park (now D)
[2026-05-18 21:22:31.456] Husby was here, and we are ready to go
[2026-05-18 21:22:31.476] AUTO-DISENGAGE: gear left Park (now D)
[2026-05-18 21:22:31.477] Husby was here, and we are ready to go
[2026-05-18 21:22:31.495] AUTO-DISENGAGE: gear left Park (now D)
[2026-05-18 21:22:31.495] Husby was here, and we are ready to go
[2026-05-18 21:22:31.504] AUTO-DISENGAGE: gear left Park (now D)
[2026-05-18 21:22:31.505] Husby was here, and we are ready to go
[2026-05-18 21:22:31.515] AUTO-DISENGAGE: gear left Park (now D)
[2026-05-18 21:22:31.515] Husby was here, and we are ready to go
[2026-05-18 21:22:31.536] AUTO-DISENGAGE: gear left Park (now D)
[2026-05-18 21:22:31.536] Husby was here, and we are ready to go
[2026-05-18 21:22:31.555] AUTO-DISENGAGE: gear left Park (now D)
[2026-05-18 21:22:31.555] Husby was here, and we are ready to go
[2026-05-18 21:22:31.575] AUTO-DISENGAGE: gear left Park (now D)
[2026-05-18 21:22:31.575] Husby was here, and we are ready to go
[2026-05-18 21:22:31.594] AUTO-DISENGAGE: gear left Park (now D)
[2026-05-18 21:22:31.594] Husby was here, and we are ready to go
[2026-05-18 21:22:31.604] AUTO-DISENGAGE: gear left Park (now D)
[2026-05-18 21:22:31.604] Husby was here, and we are ready to go
[2026-05-18 21:22:31.614] AUTO-DISENGAGE: gear left Park (now D)
[2026-05-18 21:22:31.614] Husby was here, and we are ready to go
[2026-05-18 21:22:31.636] AUTO-DISENGAGE: gear left Park (now D)
[2026-05-18 21:22:31.636] Husby was here, and we are ready to go
[2026-05-18 21:22:31.655] AUTO-DISENGAGE: gear left Park (now D)
[2026-05-18 21:22:31.656] Husby was here, and we are ready to go
[2026-05-18 21:22:31.675] AUTO-DISENGAGE: gear left Park (now D)
[2026-05-18 21:22:31.675] Husby was here, and we are ready to go
[2026-05-18 21:22:31.695] AUTO-DISENGAGE: gear left Park (now D)
[2026-05-18 21:22:31.695] Husby was here, and we are ready to go
[2026-05-18 21:22:31.704] AUTO-DISENGAGE: gear left Park (now D)
[2026-05-18 21:22:31.704] Husby was here, and we are ready to go
[2026-05-18 21:22:31.713] AUTO-DISENGAGE: gear left Park (now D)
[2026-05-18 21:22:31.714] Husby was here, and we are ready to go
[2026-05-18 21:22:31.735] AUTO-DISENGAGE: gear left Park (now D)
[2026-05-18 21:22:31.735] Husby was here, and we are ready to go
[2026-05-18 21:22:31.755] AUTO-DISENGAGE: gear left Park (now D)
[2026-05-18 21:22:31.755] Husby was here, and we are ready to go
[2026-05-18 21:22:31.775] AUTO-DISENGAGE: gear left Park (now D)
[2026-05-18 21:22:31.775] Husby was here, and we are ready to go
[2026-05-18 21:22:31.795] AUTO-DISENGAGE: gear left Park (now D)
[2026-05-18 21:22:31.796] Husby was here, and we are ready to go
[2026-05-18 21:22:31.803] AUTO-DISENGAGE: gear left Park (now D)
[2026-05-18 21:22:31.803] Husby was here, and we are ready to go
[2026-05-18 21:22:31.815] AUTO-DISENGAGE: gear left Park (now D)
[2026-05-18 21:22:31.815] Husby was here, and we are ready to go
[2026-05-18 21:22:31.835] AUTO-DISENGAGE: gear left Park (now D)
[2026-05-18 21:22:31.835] Husby was here, and we are ready to go
[2026-05-18 21:22:31.855] AUTO-DISENGAGE: gear left Park (now D)
[2026-05-18 21:22:31.855] Husby was here, and we are ready to go
[2026-05-18 21:22:31.875] AUTO-DISENGAGE: gear left Park (now D)
[2026-05-18 21:22:31.876] Husby was here, and we are ready to go
[2026-05-18 21:22:31.895] AUTO-DISENGAGE: gear left Park (now D)
[2026-05-18 21:22:31.895] Husby was here, and we are ready to go
[2026-05-18 21:22:31.904] AUTO-DISENGAGE: gear left Park (now D)
[2026-05-18 21:22:31.904] Husby was here, and we are ready to go
[2026-05-18 21:22:31.916] AUTO-DISENGAGE: gear left Park (now D)
[2026-05-18 21:22:31.916] Husby was here, and we are ready to go
[2026-05-18 21:22:31.936] AUTO-DISENGAGE: gear left Park (now D)
[2026-05-18 21:22:31.936] Husby was here, and we are ready to go
[2026-05-18 21:22:31.955] AUTO-DISENGAGE: gear left Park (now D)
[2026-05-18 21:22:31.955] Husby was here, and we are ready to go
[2026-05-18 21:22:31.975] AUTO-DISENGAGE: gear left Park (now D)
[2026-05-18 21:22:31.975] Husby was here, and we are ready to go
[2026-05-18 21:22:31.993] AUTO-DISENGAGE: gear left Park (now D)
[2026-05-18 21:22:31.993] Husby was here, and we are ready to go
[2026-05-18 21:22:32.004] AUTO-DISENGAGE: gear left Park (now D)
[2026-05-18 21:22:32.004] Husby was here, and we are ready to go
[2026-05-18 21:22:32.012] AUTO-DISENGAGE: gear left Park (now D)
[2026-05-18 21:22:32.012] Husby was here, and we are ready to go
[2026-05-18 21:22:32.035] AUTO-DISENGAGE: gear left Park (now D)
[2026-05-18 21:22:32.035] Husby was here, and we are ready to go
[2026-05-18 21:22:32.055] AUTO-DISENGAGE: gear left Park (now D)
[2026-05-18 21:22:32.055] Husby was here, and we are ready to go
[2026-05-18 21:22:32.076] AUTO-DISENGAGE: gear left Park (now D)
[2026-05-18 21:22:32.076] Husby was here, and we are ready to go
[2026-05-18 21:22:32.096] AUTO-DISENGAGE: gear left Park (now D)
[2026-05-18 21:22:32.096] Husby was here, and we are ready to go
[2026-05-18 21:22:32.104] AUTO-DISENGAGE: gear left Park (now D)
[2026-05-18 21:22:32.104] Husby was here, and we are ready to go
[2026-05-18 21:22:32.115] AUTO-DISENGAGE: gear left Park (now D)
[2026-05-18 21:22:32.115] Husby was here, and we are ready to go
[2026-05-18 21:22:32.135] AUTO-DISENGAGE: gear left Park (now D)
[2026-05-18 21:22:32.135] Husby was here, and we are ready to go
[2026-05-18 21:22:32.154] AUTO-DISENGAGE: gear left Park (now D)
[2026-05-18 21:22:32.155] Husby was here, and we are ready to go
[2026-05-18 21:22:32.174] AUTO-DISENGAGE: gear left Park (now D)
[2026-05-18 21:22:32.174] Husby was here, and we are ready to go
[2026-05-18 21:22:32.194] AUTO-DISENGAGE: gear left Park (now D)
[2026-05-18 21:22:32.195] Husby was here, and we are ready to go
[2026-05-18 21:22:32.204] AUTO-DISENGAGE: gear left Park (now D)
[2026-05-18 21:22:32.204] Husby was here, and we are ready to go
[2026-05-18 21:22:32.214] AUTO-DISENGAGE: gear left Park (now D)
[2026-05-18 21:22:32.214] Husby was here, and we are ready to go
[2026-05-18 21:22:32.235] AUTO-DISENGAGE: gear left Park (now D)
[2026-05-18 21:22:32.235] Husby was here, and we are ready to go
[2026-05-18 21:22:32.255] AUTO-DISENGAGE: gear left Park (now D)
[2026-05-18 21:22:32.255] Husby was here, and we are ready to go
[2026-05-18 21:22:32.274] AUTO-DISENGAGE: gear left Park (now D)
[2026-05-18 21:22:32.275] Husby was here, and we are ready to go
[2026-05-18 21:22:32.296] AUTO-DISENGAGE: gear left Park (now D)
[2026-05-18 21:22:32.296] Husby was here, and we are ready to go
[2026-05-18 21:22:32.304] AUTO-DISENGAGE: gear left Park (now D)
[2026-05-18 21:22:32.305] Husby was here, and we are ready to go
[2026-05-18 21:22:32.313] AUTO-DISENGAGE: gear left Park (now D)
[2026-05-18 21:22:32.314] Husby was here, and we are ready to go
[2026-05-18 21:22:32.339] AUTO-DISENGAGE: gear left Park (now D)
[2026-05-18 21:22:32.340] Husby was here, and we are ready to go
[2026-05-18 21:22:32.355] AUTO-DISENGAGE: gear left Park (now D)
[2026-05-18 21:22:32.355] Husby was here, and we are ready to go
[2026-05-18 21:22:32.375] AUTO-DISENGAGE: gear left Park (now D)
[2026-05-18 21:22:32.375] Husby was here, and we are ready to go
[2026-05-18 21:22:32.394] AUTO-DISENGAGE: gear left Park (now D)
[2026-05-18 21:22:32.394] Husby was here, and we are ready to go
[2026-05-18 21:22:32.403] AUTO-DISENGAGE: gear left Park (now D)
[2026-05-18 21:22:32.403] Husby was here, and we are ready to go
[2026-05-18 21:22:32.414] AUTO-DISENGAGE: gear left Park (now D)
[2026-05-18 21:22:32.414] Husby was here, and we are ready to go
[2026-05-18 21:22:32.433] AUTO-DISENGAGE: gear left Park (now D)
[2026-05-18 21:22:32.433] Husby was here, and we are ready to go
[2026-05-18 21:22:32.453] AUTO-DISENGAGE: gear left Park (now D)
[2026-05-18 21:22:32.453] Husby was here, and we are ready to go
[2026-05-18 21:22:32.476] AUTO-DISENGAGE: gear left Park (now D)
[2026-05-18 21:22:32.476] Husby was here, and we are ready to go
[2026-05-18 21:22:32.495] AUTO-DISENGAGE: gear left Park (now D)
[2026-05-18 21:22:32.496] Husby was here, and we are ready to go
[2026-05-18 21:22:32.504] AUTO-DISENGAGE: gear left Park (now D)
[2026-05-18 21:22:32.504] Husby was here, and we are ready to go
[2026-05-18 21:22:32.516] AUTO-DISENGAGE: gear left Park (now D)
[2026-05-18 21:22:32.516] Husby was here, and we are ready to go
[2026-05-18 21:22:32.535] AUTO-DISENGAGE: gear left Park (now D)
[2026-05-18 21:22:32.535] Husby was here, and we are ready to go
[2026-05-18 21:22:32.555] AUTO-DISENGAGE: gear left Park (now D)
[2026-05-18 21:22:32.555] Husby was here, and we are ready to go
[2026-05-18 21:22:32.574] AUTO-DISENGAGE: gear left Park (now D)
[2026-05-18 21:22:32.574] Husby was here, and we are ready to go
[2026-05-18 21:22:32.594] AUTO-DISENGAGE: gear left Park (now D)
[2026-05-18 21:22:32.594] Husby was here, and we are ready to go
[2026-05-18 21:22:32.603] AUTO-DISENGAGE: gear left Park (now D)
[2026-05-18 21:22:32.604] Husby was here, and we are ready to go
[2026-05-18 21:22:32.615] AUTO-DISENGAGE: gear left Park (now D)
[2026-05-18 21:22:32.615] Husby was here, and we are ready to go
[2026-05-18 21:22:32.634] AUTO-DISENGAGE: gear left Park (now D)
[2026-05-18 21:22:32.634] Husby was here, and we are ready to go
[2026-05-18 21:22:32.654] AUTO-DISENGAGE: gear left Park (now D)
[2026-05-18 21:22:32.655] Husby was here, and we are ready to go
[2026-05-18 21:22:32.674] AUTO-DISENGAGE: gear left Park (now D)
[2026-05-18 21:22:32.674] Husby was here, and we are ready to go
[2026-05-18 21:22:32.695] AUTO-DISENGAGE: gear left Park (now D)
[2026-05-18 21:22:32.695] Husby was here, and we are ready to go
[2026-05-18 21:22:32.704] AUTO-DISENGAGE: gear left Park (now D)
[2026-05-18 21:22:32.704] Husby was here, and we are ready to go
[2026-05-18 21:22:32.714] AUTO-DISENGAGE: gear left Park (now D)
[2026-05-18 21:22:32.714] Husby was here, and we are ready to go
[2026-05-18 21:22:32.734] AUTO-DISENGAGE: gear left Park (now D)
[2026-05-18 21:22:32.734] Husby was here, and we are ready to go
[2026-05-18 21:22:32.755] AUTO-DISENGAGE: gear left Park (now D)
[2026-05-18 21:22:32.755] Husby was here, and we are ready to go
[2026-05-18 21:22:32.775] AUTO-DISENGAGE: gear left Park (now D)
[2026-05-18 21:22:32.775] Husby was here, and we are ready to go
[2026-05-18 21:22:32.795] AUTO-DISENGAGE: gear left Park (now D)
[2026-05-18 21:22:32.796] Husby was here, and we are ready to go
[2026-05-18 21:22:32.803] AUTO-DISENGAGE: gear left Park (now D)
[2026-05-18 21:22:32.804] Husby was here, and we are ready to go
[2026-05-18 21:22:32.814] AUTO-DISENGAGE: gear left Park (now D)
[2026-05-18 21:22:32.814] Husby was here, and we are ready to go
[2026-05-18 21:22:32.835] AUTO-DISENGAGE: gear left Park (now D)
[2026-05-18 21:22:32.835] Husby was here, and we are ready to go
[2026-05-18 21:22:32.855] AUTO-DISENGAGE: gear left Park (now D)
[2026-05-18 21:22:32.855] Husby was here, and we are ready to go
[2026-05-18 21:22:32.873] AUTO-DISENGAGE: gear left Park (now D)
[2026-05-18 21:22:32.874] Husby was here, and we are ready to go
[2026-05-18 21:22:32.894] AUTO-DISENGAGE: gear left Park (now D)
[2026-05-18 21:22:32.894] Husby was here, and we are ready to go
[2026-05-18 21:22:32.904] AUTO-DISENGAGE: gear left Park (now D)
[2026-05-18 21:22:32.904] Husby was here, and we are ready to go
[2026-05-18 21:22:32.914] AUTO-DISENGAGE: gear left Park (now D)
[2026-05-18 21:22:32.914] Husby was here, and we are ready to go
[2026-05-18 21:22:32.934] AUTO-DISENGAGE: gear left Park (now D)
[2026-05-18 21:22:32.934] Husby was here, and we are ready to go
[2026-05-18 21:22:32.954] AUTO-DISENGAGE: gear left Park (now D)
[2026-05-18 21:22:32.954] Husby was here, and we are ready to go
[2026-05-18 21:22:32.973] AUTO-DISENGAGE: gear left Park (now D)
[2026-05-18 21:22:32.973] Husby was here, and we are ready to go
[2026-05-18 21:22:32.996] AUTO-DISENGAGE: gear left Park (now D)
[2026-05-18 21:22:32.996] Husby was here, and we are ready to go
[2026-05-18 21:22:33.005] AUTO-DISENGAGE: gear left Park (now D)
[2026-05-18 21:22:33.005] Husby was here, and we are ready to go
[2026-05-18 21:22:33.015] AUTO-DISENGAGE: gear left Park (now D)
[2026-05-18 21:22:33.015] Husby was here, and we are ready to go
[2026-05-18 21:22:33.037] AUTO-DISENGAGE: gear left Park (now D)
[2026-05-18 21:22:33.037] Husby was here, and we are ready to go
[2026-05-18 21:22:33.055] AUTO-DISENGAGE: gear left Park (now D)
[2026-05-18 21:22:33.055] Husby was here, and we are ready to go
[2026-05-18 21:22:33.074] AUTO-DISENGAGE: gear left Park (now D)
[2026-05-18 21:22:33.074] Husby was here, and we are ready to go
[2026-05-18 21:22:33.094] AUTO-DISENGAGE: gear left Park (now D)
[2026-05-18 21:22:33.094] Husby was here, and we are ready to go
[2026-05-18 21:22:33.104] AUTO-DISENGAGE: gear left Park (now D)
[2026-05-18 21:22:33.104] Husby was here, and we are ready to go
[2026-05-18 21:22:33.114] AUTO-DISENGAGE: gear left Park (now D)
[2026-05-18 21:22:33.114] Husby was here, and we are ready to go
[2026-05-18 21:22:33.135] AUTO-DISENGAGE: gear left Park (now D)
[2026-05-18 21:22:33.135] Husby was here, and we are ready to go
[2026-05-18 21:22:33.154] AUTO-DISENGAGE: gear left Park (now D)
[2026-05-18 21:22:33.154] Husby was here, and we are ready to go
[2026-05-18 21:22:33.175] AUTO-DISENGAGE: gear left Park (now D)
[2026-05-18 21:22:33.176] Husby was here, and we are ready to go
[2026-05-18 21:22:33.196] AUTO-DISENGAGE: gear left Park (now D)
[2026-05-18 21:22:33.196] Husby was here, and we are ready to go
[2026-05-18 21:22:33.205] AUTO-DISENGAGE: gear left Park (now D)
[2026-05-18 21:22:33.205] Husby was here, and we are ready to go
[2026-05-18 21:22:33.215] AUTO-DISENGAGE: gear left Park (now D)
[2026-05-18 21:22:33.215] Husby was here, and we are ready to go
[2026-05-18 21:22:33.237] AUTO-DISENGAGE: gear left Park (now D)
[2026-05-18 21:22:33.237] Husby was here, and we are ready to go
[2026-05-18 21:22:33.256] AUTO-DISENGAGE: gear left Park (now D)
[2026-05-18 21:22:33.256] Husby was here, and we are ready to go
[2026-05-18 21:22:33.276] AUTO-DISENGAGE: gear left Park (now D)
[2026-05-18 21:22:33.276] Husby was here, and we are ready to go
[2026-05-18 21:22:33.297] AUTO-DISENGAGE: gear left Park (now D)
[2026-05-18 21:22:33.297] Husby was here, and we are ready to go
[2026-05-18 21:22:33.304] AUTO-DISENGAGE: gear left Park (now D)
[2026-05-18 21:22:33.305] Husby was here, and we are ready to go
[2026-05-18 21:22:33.315] AUTO-DISENGAGE: gear left Park (now D)
[2026-05-18 21:22:33.316] Husby was here, and we are ready to go
[2026-05-18 21:22:33.334] AUTO-DISENGAGE: gear left Park (now D)
[2026-05-18 21:22:33.334] Husby was here, and we are ready to go
[2026-05-18 21:22:33.356] AUTO-DISENGAGE: gear left Park (now D)
[2026-05-18 21:22:33.356] Husby was here, and we are ready to go
[2026-05-18 21:22:33.374] AUTO-DISENGAGE: gear left Park (now D)
[2026-05-18 21:22:33.374] Husby was here, and we are ready to go
[2026-05-18 21:22:33.394] AUTO-DISENGAGE: gear left Park (now D)
[2026-05-18 21:22:33.394] Husby was here, and we are ready to go
[2026-05-18 21:22:33.405] AUTO-DISENGAGE: gear left Park (now D)
[2026-05-18 21:22:33.405] Husby was here, and we are ready to go
[2026-05-18 21:22:33.414] AUTO-DISENGAGE: gear left Park (now D)
[2026-05-18 21:22:33.414] Husby was here, and we are ready to go
[2026-05-18 21:22:33.434] AUTO-DISENGAGE: gear left Park (now D)
[2026-05-18 21:22:33.435] Husby was here, and we are ready to go
[2026-05-18 21:22:33.456] AUTO-DISENGAGE: gear left Park (now D)
[2026-05-18 21:22:33.457] Husby was here, and we are ready to go
[2026-05-18 21:22:33.474] AUTO-DISENGAGE: gear left Park (now D)
[2026-05-18 21:22:33.474] Husby was here, and we are ready to go
[2026-05-18 21:22:33.493] AUTO-DISENGAGE: gear left Park (now D)
[2026-05-18 21:22:33.494] Husby was here, and we are ready to go
[2026-05-18 21:22:33.504] AUTO-DISENGAGE: gear left Park (now D)
[2026-05-18 21:22:33.504] Husby was here, and we are ready to go
[2026-05-18 21:22:33.513] AUTO-DISENGAGE: gear left Park (now D)
[2026-05-18 21:22:33.513] Husby was here, and we are ready to go
[2026-05-18 21:22:33.534] AUTO-DISENGAGE: gear left Park (now D)
[2026-05-18 21:22:33.534] Husby was here, and we are ready to go
[2026-05-18 21:22:33.553] AUTO-DISENGAGE: gear left Park (now D)
[2026-05-18 21:22:33.553] Husby was here, and we are ready to go
[2026-05-18 21:22:33.573] AUTO-DISENGAGE: gear left Park (now D)
[2026-05-18 21:22:33.573] Husby was here, and we are ready to go
[2026-05-18 21:22:33.593] AUTO-DISENGAGE: gear left Park (now D)
[2026-05-18 21:22:33.593] Husby was here, and we are ready to go
[2026-05-18 21:22:33.603] AUTO-DISENGAGE: gear left Park (now D)
[2026-05-18 21:22:33.603] Husby was here, and we are ready to go
[2026-05-18 21:22:33.613] AUTO-DISENGAGE: gear left Park (now D)
[2026-05-18 21:22:33.614] Husby was here, and we are ready to go
[2026-05-18 21:22:33.634] AUTO-DISENGAGE: gear left Park (now D)
[2026-05-18 21:22:33.634] Husby was here, and we are ready to go
[2026-05-18 21:22:33.654] AUTO-DISENGAGE: gear left Park (now D)
[2026-05-18 21:22:33.654] Husby was here, and we are ready to go
[2026-05-18 21:22:33.676] AUTO-DISENGAGE: gear left Park (now D)
[2026-05-18 21:22:33.676] Husby was here, and we are ready to go
[2026-05-18 21:22:33.695] AUTO-DISENGAGE: gear left Park (now D)
[2026-05-18 21:22:33.695] Husby was here, and we are ready to go
[2026-05-18 21:22:33.704] AUTO-DISENGAGE: gear left Park (now D)
[2026-05-18 21:22:33.704] Husby was here, and we are ready to go
[2026-05-18 21:22:33.714] AUTO-DISENGAGE: gear left Park (now D)
[2026-05-18 21:22:33.714] Husby was here, and we are ready to go
[2026-05-18 21:22:33.734] AUTO-DISENGAGE: gear left Park (now D)
[2026-05-18 21:22:33.735] Husby was here, and we are ready to go
[2026-05-18 21:22:33.755] AUTO-DISENGAGE: gear left Park (now D)
[2026-05-18 21:22:33.755] Husby was here, and we are ready to go
[2026-05-18 21:22:33.775] AUTO-DISENGAGE: gear left Park (now D)
[2026-05-18 21:22:33.775] Husby was here, and we are ready to go
[2026-05-18 21:22:33.795] AUTO-DISENGAGE: gear left Park (now D)
[2026-05-18 21:22:33.795] Husby was here, and we are ready to go
[2026-05-18 21:22:33.804] AUTO-DISENGAGE: gear left Park (now D)
[2026-05-18 21:22:33.805] Husby was here, and we are ready to go
[2026-05-18 21:22:33.813] AUTO-DISENGAGE: gear left Park (now D)
[2026-05-18 21:22:33.813] Husby was here, and we are ready to go
[2026-05-18 21:22:33.835] AUTO-DISENGAGE: gear left Park (now D)
[2026-05-18 21:22:33.835] Husby was here, and we are ready to go
[2026-05-18 21:22:33.854] AUTO-DISENGAGE: gear left Park (now D)
[2026-05-18 21:22:33.854] Husby was here, and we are ready to go
[2026-05-18 21:22:33.874] AUTO-DISENGAGE: gear left Park (now D)
[2026-05-18 21:22:33.875] Husby was here, and we are ready to go
[2026-05-18 21:22:33.894] AUTO-DISENGAGE: gear left Park (now D)
[2026-05-18 21:22:33.894] Husby was here, and we are ready to go
[2026-05-18 21:22:33.904] AUTO-DISENGAGE: gear left Park (now D)
[2026-05-18 21:22:33.904] Husby was here, and we are ready to go
[2026-05-18 21:22:33.914] AUTO-DISENGAGE: gear left Park (now D)
[2026-05-18 21:22:33.915] Husby was here, and we are ready to go
[2026-05-18 21:22:33.934] AUTO-DISENGAGE: gear left Park (now D)
[2026-05-18 21:22:33.934] Husby was here, and we are ready to go
[2026-05-18 21:22:33.954] AUTO-DISENGAGE: gear left Park (now D)
[2026-05-18 21:22:33.954] Husby was here, and we are ready to go
[2026-05-18 21:22:33.975] AUTO-DISENGAGE: gear left Park (now D)
[2026-05-18 21:22:33.975] Husby was here, and we are ready to go
[2026-05-18 21:22:33.995] AUTO-DISENGAGE: gear left Park (now D)
[2026-05-18 21:22:33.995] Husby was here, and we are ready to go
[2026-05-18 21:22:34.004] AUTO-DISENGAGE: gear left Park (now D)
[2026-05-18 21:22:34.004] Husby was here, and we are ready to go
[2026-05-18 21:22:34.014] AUTO-DISENGAGE: gear left Park (now D)
[2026-05-18 21:22:34.014] Husby was here, and we are ready to go
[2026-05-18 21:22:34.035] AUTO-DISENGAGE: gear left Park (now D)
[2026-05-18 21:22:34.035] Husby was here, and we are ready to go
[2026-05-18 21:22:34.054] AUTO-DISENGAGE: gear left Park (now D)
[2026-05-18 21:22:34.054] Husby was here, and we are ready to go
[2026-05-18 21:22:34.076] AUTO-DISENGAGE: gear left Park (now D)
[2026-05-18 21:22:34.076] Husby was here, and we are ready to go
[2026-05-18 21:22:34.094] AUTO-DISENGAGE: gear left Park (now D)
[2026-05-18 21:22:34.095] Husby was here, and we are ready to go
[2026-05-18 21:22:34.103] AUTO-DISENGAGE: gear left Park (now D)
[2026-05-18 21:22:34.104] Husby was here, and we are ready to go
[2026-05-18 21:22:34.115] AUTO-DISENGAGE: gear left Park (now D)
[2026-05-18 21:22:34.115] Husby was here, and we are ready to go
[2026-05-18 21:22:34.134] AUTO-DISENGAGE: gear left Park (now D)
[2026-05-18 21:22:34.135] Husby was here, and we are ready to go
[2026-05-18 21:22:34.153] AUTO-DISENGAGE: gear left Park (now D)
[2026-05-18 21:22:34.153] Husby was here, and we are ready to go
[2026-05-18 21:22:34.173] AUTO-DISENGAGE: gear left Park (now D)
[2026-05-18 21:22:34.173] Husby was here, and we are ready to go
[2026-05-18 21:22:34.193] AUTO-DISENGAGE: gear left Park (now D)
[2026-05-18 21:22:34.193] Husby was here, and we are ready to go
[2026-05-18 21:22:34.203] AUTO-DISENGAGE: gear left Park (now D)
[2026-05-18 21:22:34.203] Husby was here, and we are ready to go
[2026-05-18 21:22:34.214] AUTO-DISENGAGE: gear left Park (now D)
[2026-05-18 21:22:34.214] Husby was here, and we are ready to go
[2026-05-18 21:22:34.233] AUTO-DISENGAGE: gear left Park (now D)
[2026-05-18 21:22:34.233] Husby was here, and we are ready to go
[2026-05-18 21:22:34.255] AUTO-DISENGAGE: gear left Park (now D)
[2026-05-18 21:22:34.256] Husby was here, and we are ready to go
[2026-05-18 21:22:34.276] AUTO-DISENGAGE: gear left Park (now D)
[2026-05-18 21:22:34.276] Husby was here, and we are ready to go
[2026-05-18 21:22:34.296] AUTO-DISENGAGE: gear left Park (now D)
[2026-05-18 21:22:34.296] Husby was here, and we are ready to go
[2026-05-18 21:22:34.304] AUTO-DISENGAGE: gear left Park (now D)
[2026-05-18 21:22:34.304] Husby was here, and we are ready to go
[2026-05-18 21:22:34.316] AUTO-DISENGAGE: gear left Park (now D)
[2026-05-18 21:22:34.316] Husby was here, and we are ready to go
[2026-05-18 21:22:34.335] AUTO-DISENGAGE: gear left Park (now D)
[2026-05-18 21:22:34.335] Husby was here, and we are ready to go
[2026-05-18 21:22:34.355] AUTO-DISENGAGE: gear left Park (now D)
[2026-05-18 21:22:34.355] Husby was here, and we are ready to go
[2026-05-18 21:22:34.373] AUTO-DISENGAGE: gear left Park (now D)
[2026-05-18 21:22:34.373] Husby was here, and we are ready to go
[2026-05-18 21:22:34.393] AUTO-DISENGAGE: gear left Park (now D)
[2026-05-18 21:22:34.393] Husby was here, and we are ready to go
[2026-05-18 21:22:34.404] AUTO-DISENGAGE: gear left Park (now D)
[2026-05-18 21:22:34.404] Husby was here, and we are ready to go
[2026-05-18 21:22:34.413] AUTO-DISENGAGE: gear left Park (now D)
[2026-05-18 21:22:34.413] Husby was here, and we are ready to go
[2026-05-18 21:22:34.434] AUTO-DISENGAGE: gear left Park (now D)
[2026-05-18 21:22:34.434] Husby was here, and we are ready to go
[2026-05-18 21:22:34.454] AUTO-DISENGAGE: gear left Park (now D)
[2026-05-18 21:22:34.454] Husby was here, and we are ready to go
[2026-05-18 21:22:34.473] AUTO-DISENGAGE: gear left Park (now D)
[2026-05-18 21:22:34.473] Husby was here, and we are ready to go
[2026-05-18 21:22:34.494] AUTO-DISENGAGE: gear left Park (now D)
[2026-05-18 21:22:34.494] Husby was here, and we are ready to go
[2026-05-18 21:22:34.504] AUTO-DISENGAGE: gear left Park (now D)
[2026-05-18 21:22:34.504] Husby was here, and we are ready to go
[2026-05-18 21:22:34.516] AUTO-DISENGAGE: gear left Park (now D)
[2026-05-18 21:22:34.516] Husby was here, and we are ready to go
[2026-05-18 21:22:34.535] AUTO-DISENGAGE: gear left Park (now D)
[2026-05-18 21:22:34.536] Husby was here, and we are ready to go
[2026-05-18 21:22:34.556] AUTO-DISENGAGE: gear left Park (now D)
[2026-05-18 21:22:34.557] Husby was here, and we are ready to go
[2026-05-18 21:22:34.575] AUTO-DISENGAGE: gear left Park (now D)
[2026-05-18 21:22:34.576] Husby was here, and we are ready to go
[2026-05-18 21:22:34.595] AUTO-DISENGAGE: gear left Park (now D)
[2026-05-18 21:22:34.596] Husby was here, and we are ready to go
[2026-05-18 21:22:34.604] AUTO-DISENGAGE: gear left Park (now D)
[2026-05-18 21:22:34.604] Husby was here, and we are ready to go
[2026-05-18 21:22:34.613] AUTO-DISENGAGE: gear left Park (now D)
[2026-05-18 21:22:34.613] Husby was here, and we are ready to go
[2026-05-18 21:22:34.635] AUTO-DISENGAGE: gear left Park (now D)
[2026-05-18 21:22:34.635] Husby was here, and we are ready to go
[2026-05-18 21:22:34.656] AUTO-DISENGAGE: gear left Park (now D)
[2026-05-18 21:22:34.656] Husby was here, and we are ready to go
[2026-05-18 21:22:34.674] AUTO-DISENGAGE: gear left Park (now D)
[2026-05-18 21:22:34.674] Husby was here, and we are ready to go
[2026-05-18 21:22:34.693] AUTO-DISENGAGE: gear left Park (now D)
[2026-05-18 21:22:34.693] Husby was here, and we are ready to go
[2026-05-18 21:22:34.704] AUTO-DISENGAGE: gear left Park (now D)
[2026-05-18 21:22:34.704] Husby was here, and we are ready to go
[2026-05-18 21:22:34.713] AUTO-DISENGAGE: gear left Park (now D)
[2026-05-18 21:22:34.713] Husby was here, and we are ready to go
[2026-05-18 21:22:34.735] AUTO-DISENGAGE: gear left Park (now D)
[2026-05-18 21:22:34.735] Husby was here, and we are ready to go
[2026-05-18 21:22:34.755] AUTO-DISENGAGE: gear left Park (now D)
[2026-05-18 21:22:34.755] Husby was here, and we are ready to go
[2026-05-18 21:22:34.773] AUTO-DISENGAGE: gear left Park (now D)
[2026-05-18 21:22:34.774] Husby was here, and we are ready to go
[2026-05-18 21:22:34.794] AUTO-DISENGAGE: gear left Park (now D)
[2026-05-18 21:22:34.794] Husby was here, and we are ready to go
[2026-05-18 21:22:34.804] AUTO-DISENGAGE: gear left Park (now D)
[2026-05-18 21:22:34.804] Husby was here, and we are ready to go
[2026-05-18 21:22:34.814] AUTO-DISENGAGE: gear left Park (now D)
[2026-05-18 21:22:34.814] Husby was here, and we are ready to go
[2026-05-18 21:22:34.834] AUTO-DISENGAGE: gear left Park (now D)
[2026-05-18 21:22:34.834] Husby was here, and we are ready to go
[2026-05-18 21:22:34.853] AUTO-DISENGAGE: gear left Park (now D)
[2026-05-18 21:22:34.853] Husby was here, and we are ready to go
[2026-05-18 21:22:34.873] AUTO-DISENGAGE: gear left Park (now D)
[2026-05-18 21:22:34.873] Husby was here, and we are ready to go
[2026-05-18 21:22:34.893] AUTO-DISENGAGE: gear left Park (now D)
[2026-05-18 21:22:34.893] Husby was here, and we are ready to go
[2026-05-18 21:22:34.903] AUTO-DISENGAGE: gear left Park (now D)
[2026-05-18 21:22:34.903] Husby was here, and we are ready to go
[2026-05-18 21:22:34.914] AUTO-DISENGAGE: gear left Park (now D)
[2026-05-18 21:22:34.914] Husby was here, and we are ready to go
[2026-05-18 21:22:34.934] AUTO-DISENGAGE: gear left Park (now D)
[2026-05-18 21:22:34.934] Husby was here, and we are ready to go
[2026-05-18 21:22:34.954] AUTO-DISENGAGE: gear left Park (now D)
[2026-05-18 21:22:34.954] Husby was here, and we are ready to go
[2026-05-18 21:22:34.976] AUTO-DISENGAGE: gear left Park (now D)
[2026-05-18 21:22:34.976] Husby was here, and we are ready to go
[2026-05-18 21:22:34.996] AUTO-DISENGAGE: gear left Park (now D)
[2026-05-18 21:22:34.996] Husby was here, and we are ready to go
[2026-05-18 21:22:35.005] AUTO-DISENGAGE: gear left Park (now D)
[2026-05-18 21:22:35.005] Husby was here, and we are ready to go
[2026-05-18 21:22:35.016] AUTO-DISENGAGE: gear left Park (now D)
[2026-05-18 21:22:35.016] Husby was here, and we are ready to go
[2026-05-18 21:22:35.036] AUTO-DISENGAGE: gear left Park (now D)
[2026-05-18 21:22:35.036] Husby was here, and we are ready to go
[2026-05-18 21:22:35.055] AUTO-DISENGAGE: gear left Park (now D)
[2026-05-18 21:22:35.055] Husby was here, and we are ready to go
[2026-05-18 21:22:35.073] AUTO-DISENGAGE: gear left Park (now D)
[2026-05-18 21:22:35.074] Husby was here, and we are ready to go
[2026-05-18 21:22:35.096] AUTO-DISENGAGE: gear left Park (now D)
[2026-05-18 21:22:35.096] Husby was here, and we are ready to go
[2026-05-18 21:22:35.104] AUTO-DISENGAGE: gear left Park (now D)
[2026-05-18 21:22:35.104] Husby was here, and we are ready to go
[2026-05-18 21:22:35.116] AUTO-DISENGAGE: gear left Park (now D)
[2026-05-18 21:22:35.116] Husby was here, and we are ready to go
[2026-05-18 21:22:35.136] AUTO-DISENGAGE: gear left Park (now D)
[2026-05-18 21:22:35.137] Husby was here, and we are ready to go
[2026-05-18 21:22:35.155] AUTO-DISENGAGE: gear left Park (now D)
[2026-05-18 21:22:35.156] Husby was here, and we are ready to go
[2026-05-18 21:22:35.174] AUTO-DISENGAGE: gear left Park (now D)
[2026-05-18 21:22:35.174] Husby was here, and we are ready to go
[2026-05-18 21:22:35.195] AUTO-DISENGAGE: gear left Park (now D)
[2026-05-18 21:22:35.195] Husby was here, and we are ready to go
[2026-05-18 21:22:35.204] AUTO-DISENGAGE: gear left Park (now D)
[2026-05-18 21:22:35.204] Husby was here, and we are ready to go
[2026-05-18 21:22:35.214] AUTO-DISENGAGE: gear left Park (now D)
[2026-05-18 21:22:35.215] Husby was here, and we are ready to go
[2026-05-18 21:22:35.235] AUTO-DISENGAGE: gear left Park (now D)
[2026-05-18 21:22:35.235] Husby was here, and we are ready to go
[2026-05-18 21:22:35.255] AUTO-DISENGAGE: gear left Park (now D)
[2026-05-18 21:22:35.255] Husby was here, and we are ready to go
[2026-05-18 21:22:35.273] AUTO-DISENGAGE: gear left Park (now D)
[2026-05-18 21:22:35.273] Husby was here, and we are ready to go
[2026-05-18 21:22:35.296] AUTO-DISENGAGE: gear left Park (now D)
[2026-05-18 21:22:35.297] Husby was here, and we are ready to go
[2026-05-18 21:22:35.304] AUTO-DISENGAGE: gear left Park (now D)
[2026-05-18 21:22:35.305] Husby was here, and we are ready to go
[2026-05-18 21:22:35.315] AUTO-DISENGAGE: gear left Park (now D)
[2026-05-18 21:22:35.315] Husby was here, and we are ready to go
[2026-05-18 21:22:35.336] AUTO-DISENGAGE: gear left Park (now D)
[2026-05-18 21:22:35.336] Husby was here, and we are ready to go
[2026-05-18 21:22:35.355] AUTO-DISENGAGE: gear left Park (now D)
[2026-05-18 21:22:35.355] Husby was here, and we are ready to go
[2026-05-18 21:22:35.374] AUTO-DISENGAGE: gear left Park (now D)
[2026-05-18 21:22:35.375] Husby was here, and we are ready to go
[2026-05-18 21:22:35.395] AUTO-DISENGAGE: gear left Park (now D)
[2026-05-18 21:22:35.395] Husby was here, and we are ready to go
[2026-05-18 21:22:35.404] AUTO-DISENGAGE: gear left Park (now D)
[2026-05-18 21:22:35.404] Husby was here, and we are ready to go
[2026-05-18 21:22:35.416] AUTO-DISENGAGE: gear left Park (now D)
[2026-05-18 21:22:35.416] Husby was here, and we are ready to go
[2026-05-18 21:22:35.436] AUTO-DISENGAGE: gear left Park (now D)
[2026-05-18 21:22:35.436] Husby was here, and we are ready to go
[2026-05-18 21:22:35.455] AUTO-DISENGAGE: gear left Park (now D)
[2026-05-18 21:22:35.455] Husby was here, and we are ready to go
[2026-05-18 21:22:35.473] AUTO-DISENGAGE: gear left Park (now D)
[2026-05-18 21:22:35.474] Husby was here, and we are ready to go
[2026-05-18 21:22:35.495] AUTO-DISENGAGE: gear left Park (now D)
[2026-05-18 21:22:35.495] Husby was here, and we are ready to go
[2026-05-18 21:22:35.503] AUTO-DISENGAGE: gear left Park (now D)
[2026-05-18 21:22:35.503] Husby was here, and we are ready to go
[2026-05-18 21:22:35.515] AUTO-DISENGAGE: gear left Park (now D)
[2026-05-18 21:22:35.515] Husby was here, and we are ready to go
[2026-05-18 21:22:35.534] AUTO-DISENGAGE: gear left Park (now D)
[2026-05-18 21:22:35.534] Husby was here, and we are ready to go
[2026-05-18 21:22:35.554] AUTO-DISENGAGE: gear left Park (now D)
[2026-05-18 21:22:35.554] Husby was here, and we are ready to go
[2026-05-18 21:22:35.573] AUTO-DISENGAGE: gear left Park (now D)
[2026-05-18 21:22:35.573] Husby was here, and we are ready to go
[2026-05-18 21:22:35.594] AUTO-DISENGAGE: gear left Park (now D)
[2026-05-18 21:22:35.595] Husby was here, and we are ready to go
[2026-05-18 21:22:35.604] AUTO-DISENGAGE: gear left Park (now D)
[2026-05-18 21:22:35.604] Husby was here, and we are ready to go
[2026-05-18 21:22:35.615] AUTO-DISENGAGE: gear left Park (now D)
[2026-05-18 21:22:35.615] Husby was here, and we are ready to go
[2026-05-18 21:22:35.634] AUTO-DISENGAGE: gear left Park (now D)
[2026-05-18 21:22:35.635] Husby was here, and we are ready to go
[2026-05-18 21:22:35.656] AUTO-DISENGAGE: gear left Park (now D)
[2026-05-18 21:22:35.656] Husby was here, and we are ready to go
[2026-05-18 21:22:35.676] AUTO-DISENGAGE: gear left Park (now D)
[2026-05-18 21:22:35.676] Husby was here, and we are ready to go
[2026-05-18 21:22:35.697] AUTO-DISENGAGE: gear left Park (now D)
[2026-05-18 21:22:35.697] Husby was here, and we are ready to go
[2026-05-18 21:22:35.704] AUTO-DISENGAGE: gear left Park (now D)
[2026-05-18 21:22:35.704] Husby was here, and we are ready to go
[2026-05-18 21:22:35.716] AUTO-DISENGAGE: gear left Park (now D)
[2026-05-18 21:22:35.717] Husby was here, and we are ready to go
[2026-05-18 21:22:35.735] AUTO-DISENGAGE: gear left Park (now D)
[2026-05-18 21:22:35.736] Husby was here, and we are ready to go
[2026-05-18 21:22:35.755] AUTO-DISENGAGE: gear left Park (now D)
[2026-05-18 21:22:35.755] Husby was here, and we are ready to go
[2026-05-18 21:22:35.775] AUTO-DISENGAGE: gear left Park (now D)
[2026-05-18 21:22:35.775] Husby was here, and we are ready to go
[2026-05-18 21:22:35.795] AUTO-DISENGAGE: gear left Park (now D)
[2026-05-18 21:22:35.795] Husby was here, and we are ready to go
[2026-05-18 21:22:35.804] AUTO-DISENGAGE: gear left Park (now D)
[2026-05-18 21:22:35.804] Husby was here, and we are ready to go
[2026-05-18 21:22:35.814] AUTO-DISENGAGE: gear left Park (now D)
[2026-05-18 21:22:35.815] Husby was here, and we are ready to go
[2026-05-18 21:22:35.836] AUTO-DISENGAGE: gear left Park (now D)
[2026-05-18 21:22:35.836] Husby was here, and we are ready to go
[2026-05-18 21:22:35.856] AUTO-DISENGAGE: gear left Park (now D)
[2026-05-18 21:22:35.856] Husby was here, and we are ready to go
[2026-05-18 21:22:35.876] AUTO-DISENGAGE: gear left Park (now D)
[2026-05-18 21:22:35.876] Husby was here, and we are ready to go
[2026-05-18 21:22:35.896] AUTO-DISENGAGE: gear left Park (now D)
[2026-05-18 21:22:35.897] Husby was here, and we are ready to go
[2026-05-18 21:22:35.905] AUTO-DISENGAGE: gear left Park (now D)
[2026-05-18 21:22:35.905] Husby was here, and we are ready to go
[2026-05-18 21:22:35.915] AUTO-DISENGAGE: gear left Park (now D)
[2026-05-18 21:22:35.915] Husby was here, and we are ready to go
[2026-05-18 21:22:35.936] AUTO-DISENGAGE: gear left Park (now D)
[2026-05-18 21:22:35.936] Husby was here, and we are ready to go
[2026-05-18 21:22:35.956] AUTO-DISENGAGE: gear left Park (now D)
[2026-05-18 21:22:35.956] Husby was here, and we are ready to go
[2026-05-18 21:22:35.976] AUTO-DISENGAGE: gear left Park (now D)
[2026-05-18 21:22:35.976] Husby was here, and we are ready to go
[2026-05-18 21:22:35.997] AUTO-DISENGAGE: gear left Park (now D)
[2026-05-18 21:22:35.997] Husby was here, and we are ready to go
[2026-05-18 21:22:36.005] AUTO-DISENGAGE: gear left Park (now D)
[2026-05-18 21:22:36.005] Husby was here, and we are ready to go
[2026-05-18 21:22:36.015] AUTO-DISENGAGE: gear left Park (now D)
[2026-05-18 21:22:36.015] Husby was here, and we are ready to go
[2026-05-18 21:22:36.037] AUTO-DISENGAGE: gear left Park (now D)
[2026-05-18 21:22:36.037] Husby was here, and we are ready to go
[2026-05-18 21:22:36.054] AUTO-DISENGAGE: gear left Park (now D)
[2026-05-18 21:22:36.054] Husby was here, and we are ready to go
[2026-05-18 21:22:36.074] AUTO-DISENGAGE: gear left Park (now D)
[2026-05-18 21:22:36.074] Husby was here, and we are ready to go
[2026-05-18 21:22:36.093] AUTO-DISENGAGE: gear left Park (now D)
[2026-05-18 21:22:36.093] Husby was here, and we are ready to go
[2026-05-18 21:22:36.103] AUTO-DISENGAGE: gear left Park (now D)
[2026-05-18 21:22:36.103] Husby was here, and we are ready to go
[2026-05-18 21:22:36.114] AUTO-DISENGAGE: gear left Park (now D)
[2026-05-18 21:22:36.114] Husby was here, and we are ready to go
[2026-05-18 21:22:36.136] AUTO-DISENGAGE: gear left Park (now D)
[2026-05-18 21:22:36.136] Husby was here, and we are ready to go
[2026-05-18 21:22:36.155] AUTO-DISENGAGE: gear left Park (now D)
[2026-05-18 21:22:36.156] Husby was here, and we are ready to go
[2026-05-18 21:22:36.176] AUTO-DISENGAGE: gear left Park (now D)
[2026-05-18 21:22:36.176] Husby was here, and we are ready to go
[2026-05-18 21:22:36.196] AUTO-DISENGAGE: gear left Park (now D)
[2026-05-18 21:22:36.197] Husby was here, and we are ready to go
[2026-05-18 21:22:36.204] AUTO-DISENGAGE: gear left Park (now D)
[2026-05-18 21:22:36.204] Husby was here, and we are ready to go
[2026-05-18 21:22:36.215] AUTO-DISENGAGE: gear left Park (now D)
[2026-05-18 21:22:36.216] Husby was here, and we are ready to go
[2026-05-18 21:22:36.236] AUTO-DISENGAGE: gear left Park (now D)
[2026-05-18 21:22:36.236] Husby was here, and we are ready to go
[2026-05-18 21:22:36.255] AUTO-DISENGAGE: gear left Park (now D)
[2026-05-18 21:22:36.255] Husby was here, and we are ready to go
[2026-05-18 21:22:36.275] AUTO-DISENGAGE: gear left Park (now D)
[2026-05-18 21:22:36.275] Husby was here, and we are ready to go
[2026-05-18 21:22:36.293] AUTO-DISENGAGE: gear left Park (now D)
[2026-05-18 21:22:36.293] Husby was here, and we are ready to go
[2026-05-18 21:22:36.304] AUTO-DISENGAGE: gear left Park (now D)
[2026-05-18 21:22:36.304] Husby was here, and we are ready to go
[2026-05-18 21:22:36.314] AUTO-DISENGAGE: gear left Park (now D)
[2026-05-18 21:22:36.314] Husby was here, and we are ready to go
[2026-05-18 21:22:36.334] AUTO-DISENGAGE: gear left Park (now D)
[2026-05-18 21:22:36.334] Husby was here, and we are ready to go
[2026-05-18 21:22:36.356] AUTO-DISENGAGE: gear left Park (now D)
[2026-05-18 21:22:36.356] Husby was here, and we are ready to go
[2026-05-18 21:22:36.376] AUTO-DISENGAGE: gear left Park (now D)
[2026-05-18 21:22:36.376] Husby was here, and we are ready to go
[2026-05-18 21:22:36.397] AUTO-DISENGAGE: gear left Park (now D)
[2026-05-18 21:22:36.398] Husby was here, and we are ready to go
[2026-05-18 21:22:36.404] AUTO-DISENGAGE: gear left Park (now D)
[2026-05-18 21:22:36.404] Husby was here, and we are ready to go
[2026-05-18 21:22:36.416] AUTO-DISENGAGE: gear left Park (now D)
[2026-05-18 21:22:36.416] Husby was here, and we are ready to go
[2026-05-18 21:22:36.435] AUTO-DISENGAGE: gear left Park (now D)
[2026-05-18 21:22:36.435] Husby was here, and we are ready to go
[2026-05-18 21:22:36.455] AUTO-DISENGAGE: gear left Park (now D)
[2026-05-18 21:22:36.455] Husby was here, and we are ready to go
[2026-05-18 21:22:36.474] AUTO-DISENGAGE: gear left Park (now D)
[2026-05-18 21:22:36.474] Husby was here, and we are ready to go
[2026-05-18 21:22:36.495] AUTO-DISENGAGE: gear left Park (now D)
[2026-05-18 21:22:36.495] Husby was here, and we are ready to go
[2026-05-18 21:22:36.504] AUTO-DISENGAGE: gear left Park (now D)
[2026-05-18 21:22:36.504] Husby was here, and we are ready to go
[2026-05-18 21:22:36.514] AUTO-DISENGAGE: gear left Park (now D)
[2026-05-18 21:22:36.514] Husby was here, and we are ready to go
[2026-05-18 21:22:36.534] AUTO-DISENGAGE: gear left Park (now D)
[2026-05-18 21:22:36.534] Husby was here, and we are ready to go
[2026-05-18 21:22:36.555] AUTO-DISENGAGE: gear left Park (now D)
[2026-05-18 21:22:36.556] Husby was here, and we are ready to go
[2026-05-18 21:22:36.576] AUTO-DISENGAGE: gear left Park (now D)
[2026-05-18 21:22:36.576] Husby was here, and we are ready to go
[2026-05-18 21:22:36.596] AUTO-DISENGAGE: gear left Park (now D)
[2026-05-18 21:22:36.596] Husby was here, and we are ready to go
[2026-05-18 21:22:36.605] AUTO-DISENGAGE: gear left Park (now D)
[2026-05-18 21:22:36.605] Husby was here, and we are ready to go
[2026-05-18 21:22:36.613] AUTO-DISENGAGE: gear left Park (now D)
[2026-05-18 21:22:36.614] Husby was here, and we are ready to go
[2026-05-18 21:22:36.635] AUTO-DISENGAGE: gear left Park (now D)
[2026-05-18 21:22:36.635] Husby was here, and we are ready to go
[2026-05-18 21:22:36.653] AUTO-DISENGAGE: gear left Park (now D)
[2026-05-18 21:22:36.654] Husby was here, and we are ready to go
[2026-05-18 21:22:36.674] AUTO-DISENGAGE: gear left Park (now D)
[2026-05-18 21:22:36.674] Husby was here, and we are ready to go
[2026-05-18 21:22:36.694] AUTO-DISENGAGE: gear left Park (now D)
[2026-05-18 21:22:36.694] Husby was here, and we are ready to go
[2026-05-18 21:22:36.704] AUTO-DISENGAGE: gear left Park (now D)
[2026-05-18 21:22:36.704] Husby was here, and we are ready to go
[2026-05-18 21:22:36.714] AUTO-DISENGAGE: gear left Park (now D)
[2026-05-18 21:22:36.714] Husby was here, and we are ready to go
[2026-05-18 21:22:36.734] AUTO-DISENGAGE: gear left Park (now D)
[2026-05-18 21:22:36.734] Husby was here, and we are ready to go
[2026-05-18 21:22:36.754] AUTO-DISENGAGE: gear left Park (now D)
[2026-05-18 21:22:36.754] Husby was here, and we are ready to go
[2026-05-18 21:22:36.775] AUTO-DISENGAGE: gear left Park (now D)
[2026-05-18 21:22:36.776] Husby was here, and we are ready to go
[2026-05-18 21:22:36.796] AUTO-DISENGAGE: gear left Park (now D)
[2026-05-18 21:22:36.796] Husby was here, and we are ready to go
[2026-05-18 21:22:36.804] AUTO-DISENGAGE: gear left Park (now D)
[2026-05-18 21:22:36.804] Husby was here, and we are ready to go
[2026-05-18 21:22:36.814] AUTO-DISENGAGE: gear left Park (now D)
[2026-05-18 21:22:36.814] Husby was here, and we are ready to go
[2026-05-18 21:22:36.835] AUTO-DISENGAGE: gear left Park (now D)
[2026-05-18 21:22:36.835] Husby was here, and we are ready to go
[2026-05-18 21:22:36.854] AUTO-DISENGAGE: gear left Park (now D)
[2026-05-18 21:22:36.854] Husby was here, and we are ready to go
[2026-05-18 21:22:36.874] AUTO-DISENGAGE: gear left Park (now D)
[2026-05-18 21:22:36.874] Husby was here, and we are ready to go
[2026-05-18 21:22:36.895] AUTO-DISENGAGE: gear left Park (now D)
[2026-05-18 21:22:36.895] Husby was here, and we are ready to go
[2026-05-18 21:22:36.904] AUTO-DISENGAGE: gear left Park (now D)
[2026-05-18 21:22:36.904] Husby was here, and we are ready to go
[2026-05-18 21:22:36.914] AUTO-DISENGAGE: gear left Park (now D)
[2026-05-18 21:22:36.914] Husby was here, and we are ready to go
[2026-05-18 21:22:36.934] AUTO-DISENGAGE: gear left Park (now D)
[2026-05-18 21:22:36.934] Husby was here, and we are ready to go
[2026-05-18 21:22:36.955] AUTO-DISENGAGE: gear left Park (now D)
[2026-05-18 21:22:36.955] Husby was here, and we are ready to go
[2026-05-18 21:22:36.976] AUTO-DISENGAGE: gear left Park (now D)
[2026-05-18 21:22:36.976] Husby was here, and we are ready to go
[2026-05-18 21:22:36.996] AUTO-DISENGAGE: gear left Park (now D)
[2026-05-18 21:22:36.996] Husby was here, and we are ready to go
[2026-05-18 21:22:37.004] AUTO-DISENGAGE: gear left Park (now D)
[2026-05-18 21:22:37.005] Husby was here, and we are ready to go
[2026-05-18 21:22:37.016] AUTO-DISENGAGE: gear left Park (now D)
[2026-05-18 21:22:37.016] Husby was here, and we are ready to go
[2026-05-18 21:22:37.036] AUTO-DISENGAGE: gear left Park (now D)
[2026-05-18 21:22:37.036] Husby was here, and we are ready to go
[2026-05-18 21:22:37.055] AUTO-DISENGAGE: gear left Park (now D)
[2026-05-18 21:22:37.055] Husby was here, and we are ready to go
[2026-05-18 21:22:37.074] AUTO-DISENGAGE: gear left Park (now D)
[2026-05-18 21:22:37.074] Husby was here, and we are ready to go
[2026-05-18 21:22:37.095] AUTO-DISENGAGE: gear left Park (now D)
[2026-05-18 21:22:37.095] Husby was here, and we are ready to go
[2026-05-18 21:22:37.104] AUTO-DISENGAGE: gear left Park (now D)
[2026-05-18 21:22:37.104] Husby was here, and we are ready to go
[2026-05-18 21:22:37.115] AUTO-DISENGAGE: gear left Park (now D)
[2026-05-18 21:22:37.115] Husby was here, and we are ready to go
[2026-05-18 21:22:37.135] AUTO-DISENGAGE: gear left Park (now D)
[2026-05-18 21:22:37.135] Husby was here, and we are ready to go
[2026-05-18 21:22:37.155] AUTO-DISENGAGE: gear left Park (now D)
[2026-05-18 21:22:37.155] Husby was here, and we are ready to go
[2026-05-18 21:22:37.173] AUTO-DISENGAGE: gear left Park (now D)
[2026-05-18 21:22:37.174] Husby was here, and we are ready to go
[2026-05-18 21:22:37.196] AUTO-DISENGAGE: gear left Park (now D)
[2026-05-18 21:22:37.196] Husby was here, and we are ready to go
[2026-05-18 21:22:37.205] AUTO-DISENGAGE: gear left Park (now D)
[2026-05-18 21:22:37.205] Husby was here, and we are ready to go
[2026-05-18 21:22:37.215] AUTO-DISENGAGE: gear left Park (now D)
[2026-05-18 21:22:37.216] Husby was here, and we are ready to go
[2026-05-18 21:22:37.236] AUTO-DISENGAGE: gear left Park (now D)
[2026-05-18 21:22:37.236] Husby was here, and we are ready to go
[2026-05-18 21:22:37.256] AUTO-DISENGAGE: gear left Park (now D)
[2026-05-18 21:22:37.256] Husby was here, and we are ready to go
[2026-05-18 21:22:37.275] AUTO-DISENGAGE: gear left Park (now D)
[2026-05-18 21:22:37.275] Husby was here, and we are ready to go
[2026-05-18 21:22:37.295] AUTO-DISENGAGE: gear left Park (now D)
[2026-05-18 21:22:37.295] Husby was here, and we are ready to go
[2026-05-18 21:22:37.305] AUTO-DISENGAGE: gear left Park (now D)
[2026-05-18 21:22:37.305] Husby was here, and we are ready to go
[2026-05-18 21:22:37.316] AUTO-DISENGAGE: gear left Park (now D)
[2026-05-18 21:22:37.316] Husby was here, and we are ready to go
[2026-05-18 21:22:37.336] AUTO-DISENGAGE: gear left Park (now D)
[2026-05-18 21:22:37.336] Husby was here, and we are ready to go
[2026-05-18 21:22:37.357] AUTO-DISENGAGE: gear left Park (now D)
[2026-05-18 21:22:37.357] Husby was here, and we are ready to go
[2026-05-18 21:22:37.375] AUTO-DISENGAGE: gear left Park (now D)
[2026-05-18 21:22:37.375] Husby was here, and we are ready to go
[2026-05-18 21:22:37.394] AUTO-DISENGAGE: gear left Park (now D)
[2026-05-18 21:22:37.394] Husby was here, and we are ready to go
[2026-05-18 21:22:37.405] AUTO-DISENGAGE: gear left Park (now D)
[2026-05-18 21:22:37.405] Husby was here, and we are ready to go
[2026-05-18 21:22:37.414] AUTO-DISENGAGE: gear left Park (now D)
[2026-05-18 21:22:37.415] Husby was here, and we are ready to go
[2026-05-18 21:22:37.435] AUTO-DISENGAGE: gear left Park (now D)
[2026-05-18 21:22:37.435] Husby was here, and we are ready to go
[2026-05-18 21:22:37.456] AUTO-DISENGAGE: gear left Park (now D)
[2026-05-18 21:22:37.456] Husby was here, and we are ready to go
[2026-05-18 21:22:37.474] AUTO-DISENGAGE: gear left Park (now D)
[2026-05-18 21:22:37.474] Husby was here, and we are ready to go
[2026-05-18 21:22:37.495] AUTO-DISENGAGE: gear left Park (now D)
[2026-05-18 21:22:37.495] Husby was here, and we are ready to go
[2026-05-18 21:22:37.504] AUTO-DISENGAGE: gear left Park (now D)
[2026-05-18 21:22:37.505] Husby was here, and we are ready to go
[2026-05-18 21:22:37.516] AUTO-DISENGAGE: gear left Park (now D)
[2026-05-18 21:22:37.516] Husby was here, and we are ready to go
[2026-05-18 21:22:37.536] AUTO-DISENGAGE: gear left Park (now D)
[2026-05-18 21:22:37.536] Husby was here, and we are ready to go
[2026-05-18 21:22:37.557] AUTO-DISENGAGE: gear left Park (now D)
[2026-05-18 21:22:37.557] Husby was here, and we are ready to go
[2026-05-18 21:22:37.575] AUTO-DISENGAGE: gear left Park (now D)
[2026-05-18 21:22:37.576] Husby was here, and we are ready to go
[2026-05-18 21:22:37.596] AUTO-DISENGAGE: gear left Park (now D)
[2026-05-18 21:22:37.597] Husby was here, and we are ready to go
[2026-05-18 21:22:37.605] AUTO-DISENGAGE: gear left Park (now D)
[2026-05-18 21:22:37.605] Husby was here, and we are ready to go
[2026-05-18 21:22:37.615] AUTO-DISENGAGE: gear left Park (now D)
[2026-05-18 21:22:37.615] Husby was here, and we are ready to go
[2026-05-18 21:22:37.636] AUTO-DISENGAGE: gear left Park (now D)
[2026-05-18 21:22:37.637] Husby was here, and we are ready to go
[2026-05-18 21:22:37.658] AUTO-DISENGAGE: gear left Park (now D)
[2026-05-18 21:22:37.658] Husby was here, and we are ready to go
[2026-05-18 21:22:37.675] AUTO-DISENGAGE: gear left Park (now D)
[2026-05-18 21:22:37.676] Husby was here, and we are ready to go
[2026-05-18 21:22:37.695] AUTO-DISENGAGE: gear left Park (now D)
[2026-05-18 21:22:37.695] Husby was here, and we are ready to go
[2026-05-18 21:22:37.704] AUTO-DISENGAGE: gear left Park (now D)
[2026-05-18 21:22:37.704] Husby was here, and we are ready to go
[2026-05-18 21:22:37.715] AUTO-DISENGAGE: gear left Park (now D)
[2026-05-18 21:22:37.715] Husby was here, and we are ready to go
[2026-05-18 21:22:37.735] AUTO-DISENGAGE: gear left Park (now D)
[2026-05-18 21:22:37.735] Husby was here, and we are ready to go
[2026-05-18 21:22:37.755] AUTO-DISENGAGE: gear left Park (now D)
[2026-05-18 21:22:37.755] Husby was here, and we are ready to go
[2026-05-18 21:22:37.774] AUTO-DISENGAGE: gear left Park (now D)
[2026-05-18 21:22:37.774] Husby was here, and we are ready to go
[2026-05-18 21:22:37.795] AUTO-DISENGAGE: gear left Park (now D)
[2026-05-18 21:22:37.795] Husby was here, and we are ready to go
[2026-05-18 21:22:37.804] AUTO-DISENGAGE: gear left Park (now D)
[2026-05-18 21:22:37.804] Husby was here, and we are ready to go
[2026-05-18 21:22:37.815] AUTO-DISENGAGE: gear left Park (now D)
[2026-05-18 21:22:37.816] Husby was here, and we are ready to go
[2026-05-18 21:22:37.836] AUTO-DISENGAGE: gear left Park (now D)
[2026-05-18 21:22:37.836] Husby was here, and we are ready to go
[2026-05-18 21:22:37.857] AUTO-DISENGAGE: gear left Park (now D)
[2026-05-18 21:22:37.857] Husby was here, and we are ready to go
[2026-05-18 21:22:37.875] AUTO-DISENGAGE: gear left Park (now D)
[2026-05-18 21:22:37.876] Husby was here, and we are ready to go
[2026-05-18 21:22:37.896] AUTO-DISENGAGE: gear left Park (now D)
[2026-05-18 21:22:37.896] Husby was here, and we are ready to go
[2026-05-18 21:22:37.905] AUTO-DISENGAGE: gear left Park (now D)
[2026-05-18 21:22:37.905] Husby was here, and we are ready to go
[2026-05-18 21:22:37.915] AUTO-DISENGAGE: gear left Park (now D)
[2026-05-18 21:22:37.915] Husby was here, and we are ready to go
[2026-05-18 21:22:37.936] AUTO-DISENGAGE: gear left Park (now D)
[2026-05-18 21:22:37.936] Husby was here, and we are ready to go
[2026-05-18 21:22:37.957] AUTO-DISENGAGE: gear left Park (now D)
[2026-05-18 21:22:37.957] Husby was here, and we are ready to go
[2026-05-18 21:22:37.975] AUTO-DISENGAGE: gear left Park (now D)
[2026-05-18 21:22:37.975] Husby was here, and we are ready to go
[2026-05-18 21:22:37.994] AUTO-DISENGAGE: gear left Park (now D)
[2026-05-18 21:22:37.994] Husby was here, and we are ready to go
[2026-05-18 21:22:38.004] AUTO-DISENGAGE: gear left Park (now D)
[2026-05-18 21:22:38.004] Husby was here, and we are ready to go
[2026-05-18 21:22:38.014] AUTO-DISENGAGE: gear left Park (now D)
[2026-05-18 21:22:38.015] Husby was here, and we are ready to go
[2026-05-18 21:22:38.035] AUTO-DISENGAGE: gear left Park (now D)
[2026-05-18 21:22:38.035] Husby was here, and we are ready to go
[2026-05-18 21:22:38.057] AUTO-DISENGAGE: gear left Park (now D)
[2026-05-18 21:22:38.057] Husby was here, and we are ready to go
[2026-05-18 21:22:38.076] AUTO-DISENGAGE: gear left Park (now D)
[2026-05-18 21:22:38.077] Husby was here, and we are ready to go
[2026-05-18 21:22:38.096] AUTO-DISENGAGE: gear left Park (now D)
[2026-05-18 21:22:38.097] Husby was here, and we are ready to go
[2026-05-18 21:22:38.104] AUTO-DISENGAGE: gear left Park (now D)
[2026-05-18 21:22:38.105] Husby was here, and we are ready to go
[2026-05-18 21:22:38.114] AUTO-DISENGAGE: gear left Park (now D)
[2026-05-18 21:22:38.115] Husby was here, and we are ready to go
[2026-05-18 21:22:38.135] AUTO-DISENGAGE: gear left Park (now D)
[2026-05-18 21:22:38.135] Husby was here, and we are ready to go
[2026-05-18 21:22:38.154] AUTO-DISENGAGE: gear left Park (now D)
[2026-05-18 21:22:38.154] Husby was here, and we are ready to go
[2026-05-18 21:22:38.174] AUTO-DISENGAGE: gear left Park (now D)
[2026-05-18 21:22:38.174] Husby was here, and we are ready to go
[2026-05-18 21:22:38.195] AUTO-DISENGAGE: gear left Park (now D)
[2026-05-18 21:22:38.195] Husby was here, and we are ready to go
[2026-05-18 21:22:38.204] AUTO-DISENGAGE: gear left Park (now D)
[2026-05-18 21:22:38.204] Husby was here, and we are ready to go
[2026-05-18 21:22:38.215] AUTO-DISENGAGE: gear left Park (now D)
[2026-05-18 21:22:38.215] Husby was here, and we are ready to go
[2026-05-18 21:22:38.234] AUTO-DISENGAGE: gear left Park (now D)
[2026-05-18 21:22:38.235] Husby was here, and we are ready to go
[2026-05-18 21:22:38.255] AUTO-DISENGAGE: gear left Park (now D)
[2026-05-18 21:22:38.255] Husby was here, and we are ready to go
[2026-05-18 21:22:38.275] AUTO-DISENGAGE: gear left Park (now D)
[2026-05-18 21:22:38.275] Husby was here, and we are ready to go
[2026-05-18 21:22:38.296] AUTO-DISENGAGE: gear left Park (now D)
[2026-05-18 21:22:38.296] Husby was here, and we are ready to go
[2026-05-18 21:22:38.304] AUTO-DISENGAGE: gear left Park (now D)
[2026-05-18 21:22:38.304] Husby was here, and we are ready to go
[2026-05-18 21:22:38.315] AUTO-DISENGAGE: gear left Park (now D)
[2026-05-18 21:22:38.315] Husby was here, and we are ready to go
[2026-05-18 21:22:38.335] AUTO-DISENGAGE: gear left Park (now D)
[2026-05-18 21:22:38.335] Husby was here, and we are ready to go
[2026-05-18 21:22:38.355] AUTO-DISENGAGE: gear left Park (now D)
[2026-05-18 21:22:38.356] Husby was here, and we are ready to go
[2026-05-18 21:22:38.376] AUTO-DISENGAGE: gear left Park (now D)
[2026-05-18 21:22:38.376] Husby was here, and we are ready to go
[2026-05-18 21:22:38.396] AUTO-DISENGAGE: gear left Park (now D)
[2026-05-18 21:22:38.396] Husby was here, and we are ready to go
[2026-05-18 21:22:38.406] AUTO-DISENGAGE: gear left Park (now D)
[2026-05-18 21:22:38.406] Husby was here, and we are ready to go
[2026-05-18 21:22:38.415] AUTO-DISENGAGE: gear left Park (now D)
[2026-05-18 21:22:38.415] Husby was here, and we are ready to go
[2026-05-18 21:22:38.435] AUTO-DISENGAGE: gear left Park (now D)
[2026-05-18 21:22:38.435] Husby was here, and we are ready to go
[2026-05-18 21:22:38.454] AUTO-DISENGAGE: gear left Park (now D)
[2026-05-18 21:22:38.454] Husby was here, and we are ready to go
[2026-05-18 21:22:38.474] AUTO-DISENGAGE: gear left Park (now D)
[2026-05-18 21:22:38.474] Husby was here, and we are ready to go
[2026-05-18 21:22:38.495] AUTO-DISENGAGE: gear left Park (now D)
[2026-05-18 21:22:38.495] Husby was here, and we are ready to go
[2026-05-18 21:22:38.504] AUTO-DISENGAGE: gear left Park (now D)
[2026-05-18 21:22:38.504] Husby was here, and we are ready to go
[2026-05-18 21:22:38.514] AUTO-DISENGAGE: gear left Park (now D)
[2026-05-18 21:22:38.515] Husby was here, and we are ready to go
[2026-05-18 21:22:38.535] AUTO-DISENGAGE: gear left Park (now D)
[2026-05-18 21:22:38.535] Husby was here, and we are ready to go
[2026-05-18 21:22:38.554] AUTO-DISENGAGE: gear left Park (now D)
[2026-05-18 21:22:38.554] Husby was here, and we are ready to go
[2026-05-18 21:22:38.574] AUTO-DISENGAGE: gear left Park (now D)
[2026-05-18 21:22:38.574] Husby was here, and we are ready to go
[2026-05-18 21:22:38.595] AUTO-DISENGAGE: gear left Park (now D)
[2026-05-18 21:22:38.595] Husby was here, and we are ready to go
[2026-05-18 21:22:38.604] AUTO-DISENGAGE: gear left Park (now D)
[2026-05-18 21:22:38.604] Husby was here, and we are ready to go
[2026-05-18 21:22:38.615] AUTO-DISENGAGE: gear left Park (now D)
[2026-05-18 21:22:38.615] Husby was here, and we are ready to go
[2026-05-18 21:22:38.634] AUTO-DISENGAGE: gear left Park (now D)
[2026-05-18 21:22:38.634] Husby was here, and we are ready to go
[2026-05-18 21:22:38.654] AUTO-DISENGAGE: gear left Park (now D)
[2026-05-18 21:22:38.654] Husby was here, and we are ready to go
[2026-05-18 21:22:38.674] AUTO-DISENGAGE: gear left Park (now D)
[2026-05-18 21:22:38.674] Husby was here, and we are ready to go
[2026-05-18 21:22:38.693] AUTO-DISENGAGE: gear left Park (now D)
[2026-05-18 21:22:38.693] Husby was here, and we are ready to go
[2026-05-18 21:22:38.703] AUTO-DISENGAGE: gear left Park (now D)
[2026-05-18 21:22:38.704] Husby was here, and we are ready to go
[2026-05-18 21:22:38.714] AUTO-DISENGAGE: gear left Park (now D)
[2026-05-18 21:22:38.714] Husby was here, and we are ready to go
[2026-05-18 21:22:38.734] AUTO-DISENGAGE: gear left Park (now D)
[2026-05-18 21:22:38.734] Husby was here, and we are ready to go
[2026-05-18 21:22:38.755] AUTO-DISENGAGE: gear left Park (now D)
[2026-05-18 21:22:38.755] Husby was here, and we are ready to go
[2026-05-18 21:22:38.773] AUTO-DISENGAGE: gear left Park (now D)
[2026-05-18 21:22:38.773] Husby was here, and we are ready to go
[2026-05-18 21:22:38.794] AUTO-DISENGAGE: gear left Park (now D)
[2026-05-18 21:22:38.794] Husby was here, and we are ready to go
[2026-05-18 21:22:38.804] AUTO-DISENGAGE: gear left Park (now D)
[2026-05-18 21:22:38.804] Husby was here, and we are ready to go
[2026-05-18 21:22:38.814] AUTO-DISENGAGE: gear left Park (now D)
[2026-05-18 21:22:38.814] Husby was here, and we are ready to go
[2026-05-18 21:22:38.835] AUTO-DISENGAGE: gear left Park (now D)
[2026-05-18 21:22:38.835] Husby was here, and we are ready to go
[2026-05-18 21:22:38.855] AUTO-DISENGAGE: gear left Park (now D)
[2026-05-18 21:22:38.855] Husby was here, and we are ready to go
[2026-05-18 21:22:38.875] AUTO-DISENGAGE: gear left Park (now D)
[2026-05-18 21:22:38.875] Husby was here, and we are ready to go
[2026-05-18 21:22:38.895] AUTO-DISENGAGE: gear left Park (now D)
[2026-05-18 21:22:38.896] Husby was here, and we are ready to go
[2026-05-18 21:22:38.904] AUTO-DISENGAGE: gear left Park (now D)
[2026-05-18 21:22:38.904] Husby was here, and we are ready to go
[2026-05-18 21:22:38.915] AUTO-DISENGAGE: gear left Park (now D)
[2026-05-18 21:22:38.915] Husby was here, and we are ready to go
[2026-05-18 21:22:38.935] AUTO-DISENGAGE: gear left Park (now D)
[2026-05-18 21:22:38.936] Husby was here, and we are ready to go
[2026-05-18 21:22:38.955] AUTO-DISENGAGE: gear left Park (now D)
[2026-05-18 21:22:38.955] Husby was here, and we are ready to go
[2026-05-18 21:22:38.975] AUTO-DISENGAGE: gear left Park (now D)
[2026-05-18 21:22:38.975] Husby was here, and we are ready to go
[2026-05-18 21:22:38.995] AUTO-DISENGAGE: gear left Park (now D)
[2026-05-18 21:22:38.995] Husby was here, and we are ready to go
[2026-05-18 21:22:39.004] AUTO-DISENGAGE: gear left Park (now D)
[2026-05-18 21:22:39.004] Husby was here, and we are ready to go
[2026-05-18 21:22:39.015] AUTO-DISENGAGE: gear left Park (now D)
[2026-05-18 21:22:39.015] Husby was here, and we are ready to go
[2026-05-18 21:22:39.035] AUTO-DISENGAGE: gear left Park (now D)
[2026-05-18 21:22:39.035] Husby was here, and we are ready to go
[2026-05-18 21:22:39.054] AUTO-DISENGAGE: gear left Park (now D)
[2026-05-18 21:22:39.054] Husby was here, and we are ready to go
[2026-05-18 21:22:39.075] AUTO-DISENGAGE: gear left Park (now D)
[2026-05-18 21:22:39.075] Husby was here, and we are ready to go
[2026-05-18 21:22:39.095] AUTO-DISENGAGE: gear left Park (now D)
[2026-05-18 21:22:39.095] Husby was here, and we are ready to go
[2026-05-18 21:22:39.104] AUTO-DISENGAGE: gear left Park (now D)
[2026-05-18 21:22:39.104] Husby was here, and we are ready to go
[2026-05-18 21:22:39.115] AUTO-DISENGAGE: gear left Park (now D)
[2026-05-18 21:22:39.115] Husby was here, and we are ready to go
[2026-05-18 21:22:39.134] AUTO-DISENGAGE: gear left Park (now D)
[2026-05-18 21:22:39.134] Husby was here, and we are ready to go
[2026-05-18 21:22:39.154] AUTO-DISENGAGE: gear left Park (now D)
[2026-05-18 21:22:39.154] Husby was here, and we are ready to go
[2026-05-18 21:22:39.175] AUTO-DISENGAGE: gear left Park (now D)
[2026-05-18 21:22:39.175] Husby was here, and we are ready to go
[2026-05-18 21:22:39.195] AUTO-DISENGAGE: gear left Park (now D)
[2026-05-18 21:22:39.195] Husby was here, and we are ready to go
[2026-05-18 21:22:39.204] AUTO-DISENGAGE: gear left Park (now D)
[2026-05-18 21:22:39.204] Husby was here, and we are ready to go
[2026-05-18 21:22:39.215] AUTO-DISENGAGE: gear left Park (now D)
[2026-05-18 21:22:39.215] Husby was here, and we are ready to go
[2026-05-18 21:22:39.236] AUTO-DISENGAGE: gear left Park (now D)
[2026-05-18 21:22:39.236] Husby was here, and we are ready to go
[2026-05-18 21:22:39.256] AUTO-DISENGAGE: gear left Park (now D)
[2026-05-18 21:22:39.257] Husby was here, and we are ready to go
[2026-05-18 21:22:39.279] AUTO-DISENGAGE: gear left Park (now D)
[2026-05-18 21:22:39.279] Husby was here, and we are ready to go
[2026-05-18 21:22:39.298] AUTO-DISENGAGE: gear left Park (now D)
[2026-05-18 21:22:39.299] Husby was here, and we are ready to go
[2026-05-18 21:22:39.305] AUTO-DISENGAGE: gear left Park (now D)
[2026-05-18 21:22:39.305] Husby was here, and we are ready to go
[2026-05-18 21:22:39.316] AUTO-DISENGAGE: gear left Park (now D)
[2026-05-18 21:22:39.317] Husby was here, and we are ready to go
[2026-05-18 21:22:39.336] AUTO-DISENGAGE: gear left Park (now D)
[2026-05-18 21:22:39.336] Husby was here, and we are ready to go
[2026-05-18 21:22:39.355] AUTO-DISENGAGE: gear left Park (now D)
[2026-05-18 21:22:39.355] Husby was here, and we are ready to go
[2026-05-18 21:22:39.375] AUTO-DISENGAGE: gear left Park (now D)
[2026-05-18 21:22:39.375] Husby was here, and we are ready to go
[2026-05-18 21:22:39.399] AUTO-DISENGAGE: gear left Park (now D)
[2026-05-18 21:22:39.399] Husby was here, and we are ready to go
[2026-05-18 21:22:39.404] AUTO-DISENGAGE: gear left Park (now D)
[2026-05-18 21:22:39.404] Husby was here, and we are ready to go
[2026-05-18 21:22:39.418] AUTO-DISENGAGE: gear left Park (now D)
[2026-05-18 21:22:39.418] Husby was here, and we are ready to go
[2026-05-18 21:22:39.440] AUTO-DISENGAGE: gear left Park (now D)
[2026-05-18 21:22:39.441] Husby was here, and we are ready to go
[2026-05-18 21:22:39.461] AUTO-DISENGAGE: gear left Park (now D)
[2026-05-18 21:22:39.461] Husby was here, and we are ready to go
[2026-05-18 21:22:39.478] AUTO-DISENGAGE: gear left Park (now D)
[2026-05-18 21:22:39.478] Husby was here, and we are ready to go
[2026-05-18 21:22:39.497] AUTO-DISENGAGE: gear left Park (now D)
[2026-05-18 21:22:39.497] Husby was here, and we are ready to go
[2026-05-18 21:22:39.504] AUTO-DISENGAGE: gear left Park (now D)
[2026-05-18 21:22:39.504] Husby was here, and we are ready to go
[2026-05-18 21:22:39.518] AUTO-DISENGAGE: gear left Park (now D)
[2026-05-18 21:22:39.518] Husby was here, and we are ready to go
[2026-05-18 21:22:39.538] AUTO-DISENGAGE: gear left Park (now D)
[2026-05-18 21:22:39.538] Husby was here, and we are ready to go
[2026-05-18 21:22:39.560] AUTO-DISENGAGE: gear left Park (now D)
[2026-05-18 21:22:39.560] Husby was here, and we are ready to go
[2026-05-18 21:22:39.579] AUTO-DISENGAGE: gear left Park (now D)
[2026-05-18 21:22:39.579] Husby was here, and we are ready to go
[2026-05-18 21:22:39.600] AUTO-DISENGAGE: gear left Park (now D)
[2026-05-18 21:22:39.600] Husby was here, and we are ready to go
[2026-05-18 21:22:39.603] AUTO-DISENGAGE: gear left Park (now D)
[2026-05-18 21:22:39.604] Husby was here, and we are ready to go
[2026-05-18 21:22:39.620] AUTO-DISENGAGE: gear left Park (now D)
[2026-05-18 21:22:39.620] Husby was here, and we are ready to go
[2026-05-18 21:22:39.640] AUTO-DISENGAGE: gear left Park (now D)
[2026-05-18 21:22:39.641] Husby was here, and we are ready to go
[2026-05-18 21:22:39.660] AUTO-DISENGAGE: gear left Park (now D)
[2026-05-18 21:22:39.660] Husby was here, and we are ready to go
[2026-05-18 21:22:39.677] AUTO-DISENGAGE: gear left Park (now D)
[2026-05-18 21:22:39.677] Husby was here, and we are ready to go
[2026-05-18 21:22:39.699] AUTO-DISENGAGE: gear left Park (now D)
[2026-05-18 21:22:39.699] Husby was here, and we are ready to go
[2026-05-18 21:22:39.704] AUTO-DISENGAGE: gear left Park (now D)
[2026-05-18 21:22:39.704] Husby was here, and we are ready to go
[2026-05-18 21:22:39.718] AUTO-DISENGAGE: gear left Park (now D)
[2026-05-18 21:22:39.718] Husby was here, and we are ready to go
[2026-05-18 21:22:39.737] AUTO-DISENGAGE: gear left Park (now D)
[2026-05-18 21:22:39.737] Husby was here, and we are ready to go
[2026-05-18 21:22:39.759] AUTO-DISENGAGE: gear left Park (now D)
[2026-05-18 21:22:39.759] Husby was here, and we are ready to go
[2026-05-18 21:22:39.778] AUTO-DISENGAGE: gear left Park (now D)
[2026-05-18 21:22:39.778] Husby was here, and we are ready to go
[2026-05-18 21:22:39.797] AUTO-DISENGAGE: gear left Park (now D)
[2026-05-18 21:22:39.798] Husby was here, and we are ready to go
[2026-05-18 21:22:39.803] AUTO-DISENGAGE: gear left Park (now D)
[2026-05-18 21:22:39.804] Husby was here, and we are ready to go
[2026-05-18 21:22:39.817] AUTO-DISENGAGE: gear left Park (now D)
[2026-05-18 21:22:39.817] Husby was here, and we are ready to go
[2026-05-18 21:22:39.841] AUTO-DISENGAGE: gear left Park (now D)
[2026-05-18 21:22:39.841] Husby was here, and we are ready to go
[2026-05-18 21:22:39.861] AUTO-DISENGAGE: gear left Park (now D)
[2026-05-18 21:22:39.861] Husby was here, and we are ready to go
[2026-05-18 21:22:39.880] AUTO-DISENGAGE: gear left Park (now D)
[2026-05-18 21:22:39.880] Husby was here, and we are ready to go
[2026-05-18 21:22:39.902] AUTO-DISENGAGE: gear left Park (now D)
[2026-05-18 21:22:39.902] Husby was here, and we are ready to go
[2026-05-18 21:22:39.905] AUTO-DISENGAGE: gear left Park (now D)
[2026-05-18 21:22:39.905] Husby was here, and we are ready to go
[2026-05-18 21:22:39.920] AUTO-DISENGAGE: gear left Park (now D)
[2026-05-18 21:22:39.920] Husby was here, and we are ready to go
[2026-05-18 21:22:39.940] AUTO-DISENGAGE: gear left Park (now D)
[2026-05-18 21:22:39.940] Husby was here, and we are ready to go
[2026-05-18 21:22:39.959] AUTO-DISENGAGE: gear left Park (now D)
[2026-05-18 21:22:39.960] Husby was here, and we are ready to go
[2026-05-18 21:22:39.978] AUTO-DISENGAGE: gear left Park (now D)
[2026-05-18 21:22:39.979] Husby was here, and we are ready to go
[2026-05-18 21:22:40.000] AUTO-DISENGAGE: gear left Park (now D)
[2026-05-18 21:22:40.000] Husby was here, and we are ready to go
[2026-05-18 21:22:40.003] AUTO-DISENGAGE: gear left Park (now D)
[2026-05-18 21:22:40.004] Husby was here, and we are ready to go
[2026-05-18 21:22:40.020] AUTO-DISENGAGE: gear left Park (now D)
[2026-05-18 21:22:40.020] Husby was here, and we are ready to go
[2026-05-18 21:22:40.041] AUTO-DISENGAGE: gear left Park (now D)
[2026-05-18 21:22:40.041] Husby was here, and we are ready to go
[2026-05-18 21:22:40.061] AUTO-DISENGAGE: gear left Park (now D)
[2026-05-18 21:22:40.062] Husby was here, and we are ready to go
[2026-05-18 21:22:40.078] AUTO-DISENGAGE: gear left Park (now D)
[2026-05-18 21:22:40.078] Husby was here, and we are ready to go
[2026-05-18 21:22:40.098] AUTO-DISENGAGE: gear left Park (now D)
[2026-05-18 21:22:40.098] Husby was here, and we are ready to go
[2026-05-18 21:22:40.104] AUTO-DISENGAGE: gear left Park (now D)
[2026-05-18 21:22:40.104] Husby was here, and we are ready to go
[2026-05-18 21:22:40.118] AUTO-DISENGAGE: gear left Park (now D)
[2026-05-18 21:22:40.118] Husby was here, and we are ready to go
[2026-05-18 21:22:40.141] AUTO-DISENGAGE: gear left Park (now D)
[2026-05-18 21:22:40.141] Husby was here, and we are ready to go
[2026-05-18 21:22:40.160] AUTO-DISENGAGE: gear left Park (now D)
[2026-05-18 21:22:40.161] Husby was here, and we are ready to go
[2026-05-18 21:22:40.179] AUTO-DISENGAGE: gear left Park (now D)
[2026-05-18 21:22:40.180] Husby was here, and we are ready to go
[2026-05-18 21:22:40.201] AUTO-DISENGAGE: gear left Park (now D)
[2026-05-18 21:22:40.201] Husby was here, and we are ready to go
[2026-05-18 21:22:40.203] AUTO-DISENGAGE: gear left Park (now D)
[2026-05-18 21:22:40.204] Husby was here, and we are ready to go
[2026-05-18 21:22:40.220] AUTO-DISENGAGE: gear left Park (now D)
[2026-05-18 21:22:40.220] Husby was here, and we are ready to go
[2026-05-18 21:22:40.240] AUTO-DISENGAGE: gear left Park (now D)
[2026-05-18 21:22:40.240] Husby was here, and we are ready to go
[2026-05-18 21:22:40.261] AUTO-DISENGAGE: gear left Park (now D)
[2026-05-18 21:22:40.261] Husby was here, and we are ready to go
[2026-05-18 21:22:40.278] AUTO-DISENGAGE: gear left Park (now D)
[2026-05-18 21:22:40.278] Husby was here, and we are ready to go
[2026-05-18 21:22:40.300] AUTO-DISENGAGE: gear left Park (now D)
[2026-05-18 21:22:40.300] Husby was here, and we are ready to go
[2026-05-18 21:22:40.303] AUTO-DISENGAGE: gear left Park (now D)
[2026-05-18 21:22:40.304] Husby was here, and we are ready to go
[2026-05-18 21:22:40.319] AUTO-DISENGAGE: gear left Park (now D)
[2026-05-18 21:22:40.319] Husby was here, and we are ready to go
[2026-05-18 21:22:40.340] AUTO-DISENGAGE: gear left Park (now D)
[2026-05-18 21:22:40.341] Husby was here, and we are ready to go
[2026-05-18 21:22:40.359] AUTO-DISENGAGE: gear left Park (now D)
[2026-05-18 21:22:40.360] Husby was here, and we are ready to go
[2026-05-18 21:22:40.379] AUTO-DISENGAGE: gear left Park (now D)
[2026-05-18 21:22:40.380] Husby was here, and we are ready to go
[2026-05-18 21:22:40.400] AUTO-DISENGAGE: gear left Park (now D)
[2026-05-18 21:22:40.400] Husby was here, and we are ready to go
[2026-05-18 21:22:40.404] AUTO-DISENGAGE: gear left Park (now D)
[2026-05-18 21:22:40.404] Husby was here, and we are ready to go
[2026-05-18 21:22:40.419] AUTO-DISENGAGE: gear left Park (now D)
[2026-05-18 21:22:40.420] Husby was here, and we are ready to go
[2026-05-18 21:22:40.437] AUTO-DISENGAGE: gear left Park (now D)
[2026-05-18 21:22:40.438] Husby was here, and we are ready to go
[2026-05-18 21:22:40.458] AUTO-DISENGAGE: gear left Park (now D)
[2026-05-18 21:22:40.458] Husby was here, and we are ready to go
[2026-05-18 21:22:40.478] AUTO-DISENGAGE: gear left Park (now D)
[2026-05-18 21:22:40.478] Husby was here, and we are ready to go
[2026-05-18 21:22:40.498] AUTO-DISENGAGE: gear left Park (now D)
[2026-05-18 21:22:40.498] Husby was here, and we are ready to go
[2026-05-18 21:22:40.503] AUTO-DISENGAGE: gear left Park (now D)
[2026-05-18 21:22:40.503] Husby was here, and we are ready to go
[2026-05-18 21:22:40.519] AUTO-DISENGAGE: gear left Park (now D)
[2026-05-18 21:22:40.519] Husby was here, and we are ready to go
[2026-05-18 21:22:40.538] AUTO-DISENGAGE: gear left Park (now D)
[2026-05-18 21:22:40.538] Husby was here, and we are ready to go
[2026-05-18 21:22:40.558] AUTO-DISENGAGE: gear left Park (now D)
[2026-05-18 21:22:40.559] Husby was here, and we are ready to go
[2026-05-18 21:22:40.577] AUTO-DISENGAGE: gear left Park (now D)
[2026-05-18 21:22:40.578] Husby was here, and we are ready to go
[2026-05-18 21:22:40.598] AUTO-DISENGAGE: gear left Park (now D)
[2026-05-18 21:22:40.598] Husby was here, and we are ready to go
[2026-05-18 21:22:40.604] AUTO-DISENGAGE: gear left Park (now D)
[2026-05-18 21:22:40.604] Husby was here, and we are ready to go
[2026-05-18 21:22:40.618] AUTO-DISENGAGE: gear left Park (now D)
[2026-05-18 21:22:40.619] Husby was here, and we are ready to go
[2026-05-18 21:22:40.637] AUTO-DISENGAGE: gear left Park (now D)
[2026-05-18 21:22:40.638] Husby was here, and we are ready to go
[2026-05-18 21:22:40.658] AUTO-DISENGAGE: gear left Park (now D)
[2026-05-18 21:22:40.658] Husby was here, and we are ready to go
[2026-05-18 21:22:40.678] AUTO-DISENGAGE: gear left Park (now D)
[2026-05-18 21:22:40.678] Husby was here, and we are ready to go
[2026-05-18 21:22:40.697] AUTO-DISENGAGE: gear left Park (now D)
[2026-05-18 21:22:40.698] Husby was here, and we are ready to go
[2026-05-18 21:22:40.704] AUTO-DISENGAGE: gear left Park (now D)
[2026-05-18 21:22:40.704] Husby was here, and we are ready to go
[2026-05-18 21:22:40.718] AUTO-DISENGAGE: gear left Park (now D)
[2026-05-18 21:22:40.718] Husby was here, and we are ready to go
[2026-05-18 21:22:40.737] AUTO-DISENGAGE: gear left Park (now D)
[2026-05-18 21:22:40.737] Husby was here, and we are ready to go
[2026-05-18 21:22:40.758] AUTO-DISENGAGE: gear left Park (now D)
[2026-05-18 21:22:40.758] Husby was here, and we are ready to go
[2026-05-18 21:22:40.777] AUTO-DISENGAGE: gear left Park (now D)
[2026-05-18 21:22:40.777] Husby was here, and we are ready to go
[2026-05-18 21:22:40.798] AUTO-DISENGAGE: gear left Park (now D)
[2026-05-18 21:22:40.798] Husby was here, and we are ready to go
[2026-05-18 21:22:40.803] AUTO-DISENGAGE: gear left Park (now D)
[2026-05-18 21:22:40.803] Husby was here, and we are ready to go
[2026-05-18 21:22:40.818] AUTO-DISENGAGE: gear left Park (now D)
[2026-05-18 21:22:40.819] Husby was here, and we are ready to go
[2026-05-18 21:22:40.839] AUTO-DISENGAGE: gear left Park (now D)
[2026-05-18 21:22:40.839] Husby was here, and we are ready to go
[2026-05-18 21:22:40.859] AUTO-DISENGAGE: gear left Park (now D)
[2026-05-18 21:22:40.859] Husby was here, and we are ready to go
[2026-05-18 21:22:40.878] AUTO-DISENGAGE: gear left Park (now D)
[2026-05-18 21:22:40.879] Husby was here, and we are ready to go
[2026-05-18 21:22:40.899] AUTO-DISENGAGE: gear left Park (now D)
[2026-05-18 21:22:40.899] Husby was here, and we are ready to go
[2026-05-18 21:22:40.903] AUTO-DISENGAGE: gear left Park (now D)
[2026-05-18 21:22:40.903] Husby was here, and we are ready to go
[2026-05-18 21:22:40.919] AUTO-DISENGAGE: gear left Park (now D)
[2026-05-18 21:22:40.919] Husby was here, and we are ready to go
[2026-05-18 21:22:40.937] AUTO-DISENGAGE: gear left Park (now D)
[2026-05-18 21:22:40.938] Husby was here, and we are ready to go
[2026-05-18 21:22:40.960] AUTO-DISENGAGE: gear left Park (now D)
[2026-05-18 21:22:40.960] Husby was here, and we are ready to go
[2026-05-18 21:22:40.979] AUTO-DISENGAGE: gear left Park (now D)
[2026-05-18 21:22:40.979] Husby was here, and we are ready to go
[2026-05-18 21:22:40.998] AUTO-DISENGAGE: gear left Park (now D)
[2026-05-18 21:22:40.998] Husby was here, and we are ready to go
[2026-05-18 21:22:41.004] AUTO-DISENGAGE: gear left Park (now D)
[2026-05-18 21:22:41.004] Husby was here, and we are ready to go
[2026-05-18 21:22:41.018] AUTO-DISENGAGE: gear left Park (now D)
[2026-05-18 21:22:41.019] Husby was here, and we are ready to go
[2026-05-18 21:22:41.039] AUTO-DISENGAGE: gear left Park (now D)
[2026-05-18 21:22:41.039] Husby was here, and we are ready to go
[2026-05-18 21:22:41.058] AUTO-DISENGAGE: gear left Park (now D)
[2026-05-18 21:22:41.059] Husby was here, and we are ready to go
[2026-05-18 21:22:41.078] AUTO-DISENGAGE: gear left Park (now D)
[2026-05-18 21:22:41.078] Husby was here, and we are ready to go
[2026-05-18 21:22:41.098] AUTO-DISENGAGE: gear left Park (now D)
[2026-05-18 21:22:41.099] Husby was here, and we are ready to go
[2026-05-18 21:22:41.103] AUTO-DISENGAGE: gear left Park (now D)
[2026-05-18 21:22:41.104] Husby was here, and we are ready to go
[2026-05-18 21:22:41.118] AUTO-DISENGAGE: gear left Park (now D)
[2026-05-18 21:22:41.118] Husby was here, and we are ready to go
[2026-05-18 21:22:41.139] AUTO-DISENGAGE: gear left Park (now D)
[2026-05-18 21:22:41.139] Husby was here, and we are ready to go
[2026-05-18 21:22:41.158] AUTO-DISENGAGE: gear left Park (now D)
[2026-05-18 21:22:41.158] Husby was here, and we are ready to go
[2026-05-18 21:22:41.178] AUTO-DISENGAGE: gear left Park (now D)
[2026-05-18 21:22:41.179] Husby was here, and we are ready to go
[2026-05-18 21:22:41.199] AUTO-DISENGAGE: gear left Park (now D)
[2026-05-18 21:22:41.199] Husby was here, and we are ready to go
[2026-05-18 21:22:41.203] AUTO-DISENGAGE: gear left Park (now D)
[2026-05-18 21:22:41.203] Husby was here, and we are ready to go
[2026-05-18 21:22:41.219] AUTO-DISENGAGE: gear left Park (now D)
[2026-05-18 21:22:41.219] Husby was here, and we are ready to go
[2026-05-18 21:22:41.237] AUTO-DISENGAGE: gear left Park (now D)
[2026-05-18 21:22:41.238] Husby was here, and we are ready to go
[2026-05-18 21:22:41.259] AUTO-DISENGAGE: gear left Park (now D)
[2026-05-18 21:22:41.259] Husby was here, and we are ready to go
[2026-05-18 21:22:41.279] AUTO-DISENGAGE: gear left Park (now D)
[2026-05-18 21:22:41.279] Husby was here, and we are ready to go
[2026-05-18 21:22:41.299] AUTO-DISENGAGE: gear left Park (now D)
[2026-05-18 21:22:41.299] Husby was here, and we are ready to go
[2026-05-18 21:22:41.304] AUTO-DISENGAGE: gear left Park (now D)
[2026-05-18 21:22:41.304] Husby was here, and we are ready to go
[2026-05-18 21:22:41.318] AUTO-DISENGAGE: gear left Park (now D)
[2026-05-18 21:22:41.318] Husby was here, and we are ready to go
[2026-05-18 21:22:41.337] AUTO-DISENGAGE: gear left Park (now D)
[2026-05-18 21:22:41.338] Husby was here, and we are ready to go
[2026-05-18 21:22:41.358] AUTO-DISENGAGE: gear left Park (now D)
[2026-05-18 21:22:41.358] Husby was here, and we are ready to go
[2026-05-18 21:22:41.377] AUTO-DISENGAGE: gear left Park (now D)
[2026-05-18 21:22:41.377] Husby was here, and we are ready to go
[2026-05-18 21:22:41.398] AUTO-DISENGAGE: gear left Park (now D)
[2026-05-18 21:22:41.398] Husby was here, and we are ready to go
[2026-05-18 21:22:41.404] AUTO-DISENGAGE: gear left Park (now D)
[2026-05-18 21:22:41.404] Husby was here, and we are ready to go
[2026-05-18 21:22:41.418] AUTO-DISENGAGE: gear left Park (now D)
[2026-05-18 21:22:41.418] Husby was here, and we are ready to go
[2026-05-18 21:22:41.437] AUTO-DISENGAGE: gear left Park (now D)
[2026-05-18 21:22:41.438] Husby was here, and we are ready to go
[2026-05-18 21:22:41.458] AUTO-DISENGAGE: gear left Park (now D)
[2026-05-18 21:22:41.458] Husby was here, and we are ready to go
[2026-05-18 21:22:41.478] AUTO-DISENGAGE: gear left Park (now D)
[2026-05-18 21:22:41.478] Husby was here, and we are ready to go
[2026-05-18 21:22:41.498] AUTO-DISENGAGE: gear left Park (now D)
[2026-05-18 21:22:41.498] Husby was here, and we are ready to go
[2026-05-18 21:22:41.504] AUTO-DISENGAGE: gear left Park (now D)
[2026-05-18 21:22:41.504] Husby was here, and we are ready to go
[2026-05-18 21:22:41.522] AUTO-DISENGAGE: gear left Park (now D)
[2026-05-18 21:22:41.522] Husby was here, and we are ready to go
[2026-05-18 21:22:41.540] AUTO-DISENGAGE: gear left Park (now D)
[2026-05-18 21:22:41.541] Husby was here, and we are ready to go
[2026-05-18 21:22:41.561] AUTO-DISENGAGE: gear left Park (now D)
[2026-05-18 21:22:41.562] Husby was here, and we are ready to go
[2026-05-18 21:22:41.578] AUTO-DISENGAGE: gear left Park (now D)
[2026-05-18 21:22:41.578] Husby was here, and we are ready to go
[2026-05-18 21:22:41.600] AUTO-DISENGAGE: gear left Park (now D)
[2026-05-18 21:22:41.600] Husby was here, and we are ready to go
[2026-05-18 21:22:41.603] AUTO-DISENGAGE: gear left Park (now D)
[2026-05-18 21:22:41.604] Husby was here, and we are ready to go
[2026-05-18 21:22:41.620] AUTO-DISENGAGE: gear left Park (now D)
[2026-05-18 21:22:41.620] Husby was here, and we are ready to go
[2026-05-18 21:22:41.640] AUTO-DISENGAGE: gear left Park (now D)
[2026-05-18 21:22:41.640] Husby was here, and we are ready to go
[2026-05-18 21:22:41.658] AUTO-DISENGAGE: gear left Park (now D)
[2026-05-18 21:22:41.658] Husby was here, and we are ready to go
[2026-05-18 21:22:41.677] AUTO-DISENGAGE: gear left Park (now D)
[2026-05-18 21:22:41.678] Husby was here, and we are ready to go
[2026-05-18 21:22:41.698] AUTO-DISENGAGE: gear left Park (now D)
[2026-05-18 21:22:41.698] Husby was here, and we are ready to go
[2026-05-18 21:22:41.704] AUTO-DISENGAGE: gear left Park (now D)
[2026-05-18 21:22:41.704] Husby was here, and we are ready to go
[2026-05-18 21:22:41.718] AUTO-DISENGAGE: gear left Park (now D)
[2026-05-18 21:22:41.718] Husby was here, and we are ready to go
[2026-05-18 21:22:41.738] AUTO-DISENGAGE: gear left Park (now D)
[2026-05-18 21:22:41.738] Husby was here, and we are ready to go
[2026-05-18 21:22:41.758] AUTO-DISENGAGE: gear left Park (now D)
[2026-05-18 21:22:41.759] Husby was here, and we are ready to go
[2026-05-18 21:22:41.780] AUTO-DISENGAGE: gear left Park (now D)
[2026-05-18 21:22:41.780] Husby was here, and we are ready to go
[2026-05-18 21:22:41.803] AUTO-DISENGAGE: gear left Park (now D)
[2026-05-18 21:22:41.803] Husby was here, and we are ready to go
[2026-05-18 21:22:41.805] AUTO-DISENGAGE: gear left Park (now D)
[2026-05-18 21:22:41.805] Husby was here, and we are ready to go
[2026-05-18 21:22:41.820] AUTO-DISENGAGE: gear left Park (now D)
[2026-05-18 21:22:41.820] Husby was here, and we are ready to go
[2026-05-18 21:22:41.839] AUTO-DISENGAGE: gear left Park (now D)
[2026-05-18 21:22:41.840] Husby was here, and we are ready to go
[2026-05-18 21:22:41.859] AUTO-DISENGAGE: gear left Park (now D)
[2026-05-18 21:22:41.859] Husby was here, and we are ready to go
[2026-05-18 21:22:41.878] AUTO-DISENGAGE: gear left Park (now D)
[2026-05-18 21:22:41.879] Husby was here, and we are ready to go
[2026-05-18 21:22:41.899] AUTO-DISENGAGE: gear left Park (now D)
[2026-05-18 21:22:41.899] Husby was here, and we are ready to go
[2026-05-18 21:22:41.904] AUTO-DISENGAGE: gear left Park (now D)
[2026-05-18 21:22:41.904] Husby was here, and we are ready to go
[2026-05-18 21:22:41.918] AUTO-DISENGAGE: gear left Park (now D)
[2026-05-18 21:22:41.918] Husby was here, and we are ready to go
[2026-05-18 21:22:41.938] AUTO-DISENGAGE: gear left Park (now D)
[2026-05-18 21:22:41.938] Husby was here, and we are ready to go
[2026-05-18 21:22:41.961] AUTO-DISENGAGE: gear left Park (now D)
[2026-05-18 21:22:41.961] Husby was here, and we are ready to go
[2026-05-18 21:22:41.980] AUTO-DISENGAGE: gear left Park (now D)
[2026-05-18 21:22:41.980] Husby was here, and we are ready to go
[2026-05-18 21:22:42.003] AUTO-DISENGAGE: gear left Park (now D)
[2026-05-18 21:22:42.003] Husby was here, and we are ready to go
[2026-05-18 21:22:42.004] AUTO-DISENGAGE: gear left Park (now D)
[2026-05-18 21:22:42.005] Husby was here, and we are ready to go
[2026-05-18 21:22:42.020] AUTO-DISENGAGE: gear left Park (now D)
[2026-05-18 21:22:42.020] Husby was here, and we are ready to go
[2026-05-18 21:22:42.041] AUTO-DISENGAGE: gear left Park (now D)
[2026-05-18 21:22:42.041] Husby was here, and we are ready to go
[2026-05-18 21:22:42.059] AUTO-DISENGAGE: gear left Park (now D)
[2026-05-18 21:22:42.059] Husby was here, and we are ready to go
[2026-05-18 21:22:42.081] AUTO-DISENGAGE: gear left Park (now D)
[2026-05-18 21:22:42.081] Husby was here, and we are ready to go
[2026-05-18 21:22:42.100] AUTO-DISENGAGE: gear left Park (now D)
[2026-05-18 21:22:42.100] Husby was here, and we are ready to go
[2026-05-18 21:22:42.105] AUTO-DISENGAGE: gear left Park (now D)
[2026-05-18 21:22:42.105] Husby was here, and we are ready to go
[2026-05-18 21:22:42.121] AUTO-DISENGAGE: gear left Park (now D)
[2026-05-18 21:22:42.121] Husby was here, and we are ready to go
[2026-05-18 21:22:42.141] AUTO-DISENGAGE: gear left Park (now D)
[2026-05-18 21:22:42.141] Husby was here, and we are ready to go
[2026-05-18 21:22:42.161] AUTO-DISENGAGE: gear left Park (now D)
[2026-05-18 21:22:42.161] Husby was here, and we are ready to go
[2026-05-18 21:22:42.178] AUTO-DISENGAGE: gear left Park (now D)
[2026-05-18 21:22:42.178] Husby was here, and we are ready to go
[2026-05-18 21:22:42.199] AUTO-DISENGAGE: gear left Park (now D)
[2026-05-18 21:22:42.199] Husby was here, and we are ready to go
[2026-05-18 21:22:42.205] AUTO-DISENGAGE: gear left Park (now D)
[2026-05-18 21:22:42.205] Husby was here, and we are ready to go
[2026-05-18 21:22:42.220] AUTO-DISENGAGE: gear left Park (now D)
[2026-05-18 21:22:42.220] Husby was here, and we are ready to go
[2026-05-18 21:22:42.240] AUTO-DISENGAGE: gear left Park (now D)
[2026-05-18 21:22:42.240] Husby was here, and we are ready to go
[2026-05-18 21:22:42.259] AUTO-DISENGAGE: gear left Park (now D)
[2026-05-18 21:22:42.260] Husby was here, and we are ready to go
[2026-05-18 21:22:42.278] AUTO-DISENGAGE: gear left Park (now D)
[2026-05-18 21:22:42.278] Husby was here, and we are ready to go
[2026-05-18 21:22:42.299] AUTO-DISENGAGE: gear left Park (now D)
[2026-05-18 21:22:42.299] Husby was here, and we are ready to go
[2026-05-18 21:22:42.305] AUTO-DISENGAGE: gear left Park (now D)
[2026-05-18 21:22:42.305] Husby was here, and we are ready to go
[2026-05-18 21:22:42.319] AUTO-DISENGAGE: gear left Park (now D)
[2026-05-18 21:22:42.320] Husby was here, and we are ready to go
[2026-05-18 21:22:42.338] AUTO-DISENGAGE: gear left Park (now D)
[2026-05-18 21:22:42.339] Husby was here, and we are ready to go
[2026-05-18 21:22:42.359] AUTO-DISENGAGE: gear left Park (now D)
[2026-05-18 21:22:42.360] Husby was here, and we are ready to go
[2026-05-18 21:22:42.378] AUTO-DISENGAGE: gear left Park (now D)
[2026-05-18 21:22:42.379] Husby was here, and we are ready to go
[2026-05-18 21:22:42.400] AUTO-DISENGAGE: gear left Park (now D)
[2026-05-18 21:22:42.400] Husby was here, and we are ready to go
[2026-05-18 21:22:42.405] AUTO-DISENGAGE: gear left Park (now D)
[2026-05-18 21:22:42.405] Husby was here, and we are ready to go
[2026-05-18 21:22:42.420] AUTO-DISENGAGE: gear left Park (now D)
[2026-05-18 21:22:42.420] Husby was here, and we are ready to go
[2026-05-18 21:22:42.439] AUTO-DISENGAGE: gear left Park (now D)
[2026-05-18 21:22:42.439] Husby was here, and we are ready to go
[2026-05-18 21:22:42.460] AUTO-DISENGAGE: gear left Park (now D)
[2026-05-18 21:22:42.460] Husby was here, and we are ready to go
[2026-05-18 21:22:42.480] AUTO-DISENGAGE: gear left Park (now D)
[2026-05-18 21:22:42.480] Husby was here, and we are ready to go
[2026-05-18 21:22:42.500] AUTO-DISENGAGE: gear left Park (now D)
[2026-05-18 21:22:42.500] Husby was here, and we are ready to go
[2026-05-18 21:22:42.505] AUTO-DISENGAGE: gear left Park (now D)
[2026-05-18 21:22:42.505] Husby was here, and we are ready to go
[2026-05-18 21:22:42.519] AUTO-DISENGAGE: gear left Park (now D)
[2026-05-18 21:22:42.520] Husby was here, and we are ready to go
[2026-05-18 21:22:42.540] AUTO-DISENGAGE: gear left Park (now D)
[2026-05-18 21:22:42.540] Husby was here, and we are ready to go
[2026-05-18 21:22:42.560] AUTO-DISENGAGE: gear left Park (now D)
[2026-05-18 21:22:42.560] Husby was here, and we are ready to go
[2026-05-18 21:22:42.581] AUTO-DISENGAGE: gear left Park (now D)
[2026-05-18 21:22:42.581] Husby was here, and we are ready to go
[2026-05-18 21:22:42.603] AUTO-DISENGAGE: gear left Park (now D)
[2026-05-18 21:22:42.603] Husby was here, and we are ready to go
[2026-05-18 21:22:42.605] AUTO-DISENGAGE: gear left Park (now D)
[2026-05-18 21:22:42.606] Husby was here, and we are ready to go
[2026-05-18 21:22:42.620] AUTO-DISENGAGE: gear left Park (now D)
[2026-05-18 21:22:42.621] Husby was here, and we are ready to go
[2026-05-18 21:22:42.641] AUTO-DISENGAGE: gear left Park (now D)
[2026-05-18 21:22:42.641] Husby was here, and we are ready to go
[2026-05-18 21:22:42.661] AUTO-DISENGAGE: gear left Park (now D)
[2026-05-18 21:22:42.661] Husby was here, and we are ready to go
[2026-05-18 21:22:42.680] AUTO-DISENGAGE: gear left Park (now D)
[2026-05-18 21:22:42.681] Husby was here, and we are ready to go
[2026-05-18 21:22:42.702] AUTO-DISENGAGE: gear left Park (now D)
[2026-05-18 21:22:42.703] Husby was here, and we are ready to go
[2026-05-18 21:22:42.704] AUTO-DISENGAGE: gear left Park (now D)
[2026-05-18 21:22:42.705] Husby was here, and we are ready to go
[2026-05-18 21:22:42.721] AUTO-DISENGAGE: gear left Park (now D)
[2026-05-18 21:22:42.721] Husby was here, and we are ready to go
[2026-05-18 21:22:42.741] AUTO-DISENGAGE: gear left Park (now D)
[2026-05-18 21:22:42.741] Husby was here, and we are ready to go
[2026-05-18 21:22:42.761] AUTO-DISENGAGE: gear left Park (now D)
[2026-05-18 21:22:42.761] Husby was here, and we are ready to go
[2026-05-18 21:22:42.781] AUTO-DISENGAGE: gear left Park (now D)
[2026-05-18 21:22:42.781] Husby was here, and we are ready to go
[2026-05-18 21:22:42.803] AUTO-DISENGAGE: gear left Park (now D)
[2026-05-18 21:22:42.804] Husby was here, and we are ready to go
[2026-05-18 21:22:42.805] AUTO-DISENGAGE: gear left Park (now D)
[2026-05-18 21:22:42.806] Husby was here, and we are ready to go
[2026-05-18 21:22:42.821] AUTO-DISENGAGE: gear left Park (now D)
[2026-05-18 21:22:42.821] Husby was here, and we are ready to go
[2026-05-18 21:22:42.840] AUTO-DISENGAGE: gear left Park (now D)
[2026-05-18 21:22:42.840] Husby was here, and we are ready to go
[2026-05-18 21:22:42.861] AUTO-DISENGAGE: gear left Park (now D)
[2026-05-18 21:22:42.861] Husby was here, and we are ready to go
[2026-05-18 21:22:42.880] AUTO-DISENGAGE: gear left Park (now D)
[2026-05-18 21:22:42.881] Husby was here, and we are ready to go
[2026-05-18 21:22:42.901] AUTO-DISENGAGE: gear left Park (now D)
[2026-05-18 21:22:42.901] Husby was here, and we are ready to go
[2026-05-18 21:22:42.906] AUTO-DISENGAGE: gear left Park (now D)
[2026-05-18 21:22:42.906] Husby was here, and we are ready to go
[2026-05-18 21:22:42.920] AUTO-DISENGAGE: gear left Park (now D)
[2026-05-18 21:22:42.920] Husby was here, and we are ready to go
[2026-05-18 21:22:42.940] AUTO-DISENGAGE: gear left Park (now D)
[2026-05-18 21:22:42.940] Husby was here, and we are ready to go
[2026-05-18 21:22:42.959] AUTO-DISENGAGE: gear left Park (now D)
[2026-05-18 21:22:42.959] Husby was here, and we are ready to go
[2026-05-18 21:22:42.978] AUTO-DISENGAGE: gear left Park (now D)
[2026-05-18 21:22:42.979] Husby was here, and we are ready to go
[2026-05-18 21:22:42.999] AUTO-DISENGAGE: gear left Park (now D)
[2026-05-18 21:22:42.999] Husby was here, and we are ready to go
[2026-05-18 21:22:43.006] AUTO-DISENGAGE: gear left Park (now D)
[2026-05-18 21:22:43.006] Husby was here, and we are ready to go
[2026-05-18 21:22:43.020] AUTO-DISENGAGE: gear left Park (now D)
[2026-05-18 21:22:43.020] Husby was here, and we are ready to go
[2026-05-18 21:22:43.041] AUTO-DISENGAGE: gear left Park (now D)
[2026-05-18 21:22:43.041] Husby was here, and we are ready to go
[2026-05-18 21:22:43.060] AUTO-DISENGAGE: gear left Park (now D)
[2026-05-18 21:22:43.061] Husby was here, and we are ready to go
[2026-05-18 21:22:43.079] AUTO-DISENGAGE: gear left Park (now D)
[2026-05-18 21:22:43.080] Husby was here, and we are ready to go
[2026-05-18 21:22:43.101] AUTO-DISENGAGE: gear left Park (now D)
[2026-05-18 21:22:43.102] Husby was here, and we are ready to go
[2026-05-18 21:22:43.105] AUTO-DISENGAGE: gear left Park (now D)
[2026-05-18 21:22:43.106] Husby was here, and we are ready to go
[2026-05-18 21:22:43.121] AUTO-DISENGAGE: gear left Park (now D)
[2026-05-18 21:22:43.121] Husby was here, and we are ready to go
[2026-05-18 21:22:43.142] AUTO-DISENGAGE: gear left Park (now D)
[2026-05-18 21:22:43.143] Husby was here, and we are ready to go
[2026-05-18 21:22:43.161] AUTO-DISENGAGE: gear left Park (now D)
[2026-05-18 21:22:43.161] Husby was here, and we are ready to go
[2026-05-18 21:22:43.180] AUTO-DISENGAGE: gear left Park (now D)
[2026-05-18 21:22:43.180] Husby was here, and we are ready to go
[2026-05-18 21:22:43.200] AUTO-DISENGAGE: gear left Park (now D)
[2026-05-18 21:22:43.200] Husby was here, and we are ready to go
[2026-05-18 21:22:43.205] AUTO-DISENGAGE: gear left Park (now D)
[2026-05-18 21:22:43.205] Husby was here, and we are ready to go
[2026-05-18 21:22:43.220] AUTO-DISENGAGE: gear left Park (now D)
[2026-05-18 21:22:43.220] Husby was here, and we are ready to go
[2026-05-18 21:22:43.240] AUTO-DISENGAGE: gear left Park (now D)
[2026-05-18 21:22:43.240] Husby was here, and we are ready to go
[2026-05-18 21:22:43.260] AUTO-DISENGAGE: gear left Park (now D)
[2026-05-18 21:22:43.260] Husby was here, and we are ready to go
[2026-05-18 21:22:43.279] AUTO-DISENGAGE: gear left Park (now D)
[2026-05-18 21:22:43.279] Husby was here, and we are ready to go
[2026-05-18 21:22:43.300] AUTO-DISENGAGE: gear left Park (now D)
[2026-05-18 21:22:43.300] Husby was here, and we are ready to go
[2026-05-18 21:22:43.305] AUTO-DISENGAGE: gear left Park (now D)
[2026-05-18 21:22:43.306] Husby was here, and we are ready to go
[2026-05-18 21:22:43.320] AUTO-DISENGAGE: gear left Park (now D)
[2026-05-18 21:22:43.320] Husby was here, and we are ready to go
[2026-05-18 21:22:43.340] AUTO-DISENGAGE: gear left Park (now D)
[2026-05-18 21:22:43.340] Husby was here, and we are ready to go
[2026-05-18 21:22:43.360] AUTO-DISENGAGE: gear left Park (now D)
[2026-05-18 21:22:43.360] Husby was here, and we are ready to go
[2026-05-18 21:22:43.379] AUTO-DISENGAGE: gear left Park (now D)
[2026-05-18 21:22:43.379] Husby was here, and we are ready to go
[2026-05-18 21:22:43.401] AUTO-DISENGAGE: gear left Park (now D)
[2026-05-18 21:22:43.401] Husby was here, and we are ready to go
[2026-05-18 21:22:43.406] AUTO-DISENGAGE: gear left Park (now D)
[2026-05-18 21:22:43.406] Husby was here, and we are ready to go
[2026-05-18 21:22:43.421] AUTO-DISENGAGE: gear left Park (now D)
[2026-05-18 21:22:43.421] Husby was here, and we are ready to go
[2026-05-18 21:22:43.444] AUTO-DISENGAGE: gear left Park (now D)
[2026-05-18 21:22:43.444] Husby was here, and we are ready to go
[2026-05-18 21:22:43.461] AUTO-DISENGAGE: gear left Park (now D)
[2026-05-18 21:22:43.461] Husby was here, and we are ready to go
[2026-05-18 21:22:43.479] AUTO-DISENGAGE: gear left Park (now D)
[2026-05-18 21:22:43.480] Husby was here, and we are ready to go
[2026-05-18 21:22:43.500] AUTO-DISENGAGE: gear left Park (now D)
[2026-05-18 21:22:43.501] Husby was here, and we are ready to go
[2026-05-18 21:22:43.505] AUTO-DISENGAGE: gear left Park (now D)
[2026-05-18 21:22:43.505] Husby was here, and we are ready to go
[2026-05-18 21:22:43.520] AUTO-DISENGAGE: gear left Park (now D)
[2026-05-18 21:22:43.520] Husby was here, and we are ready to go
[2026-05-18 21:22:43.540] AUTO-DISENGAGE: gear left Park (now D)
[2026-05-18 21:22:43.540] Husby was here, and we are ready to go
[2026-05-18 21:22:43.561] AUTO-DISENGAGE: gear left Park (now D)
[2026-05-18 21:22:43.561] Husby was here, and we are ready to go
[2026-05-18 21:22:43.579] AUTO-DISENGAGE: gear left Park (now D)
[2026-05-18 21:22:43.580] Husby was here, and we are ready to go
[2026-05-18 21:22:43.600] AUTO-DISENGAGE: gear left Park (now D)
[2026-05-18 21:22:43.600] Husby was here, and we are ready to go
[2026-05-18 21:22:43.605] AUTO-DISENGAGE: gear left Park (now D)
[2026-05-18 21:22:43.605] Husby was here, and we are ready to go
[2026-05-18 21:22:43.619] AUTO-DISENGAGE: gear left Park (now D)
[2026-05-18 21:22:43.620] Husby was here, and we are ready to go
[2026-05-18 21:22:43.639] AUTO-DISENGAGE: gear left Park (now D)
[2026-05-18 21:22:43.639] Husby was here, and we are ready to go
[2026-05-18 21:22:43.660] AUTO-DISENGAGE: gear left Park (now D)
[2026-05-18 21:22:43.660] Husby was here, and we are ready to go
[2026-05-18 21:22:43.680] AUTO-DISENGAGE: gear left Park (now D)
[2026-05-18 21:22:43.680] Husby was here, and we are ready to go
[2026-05-18 21:22:43.701] AUTO-DISENGAGE: gear left Park (now D)
[2026-05-18 21:22:43.701] Husby was here, and we are ready to go
[2026-05-18 21:22:43.705] AUTO-DISENGAGE: gear left Park (now D)
[2026-05-18 21:22:43.706] Husby was here, and we are ready to go
[2026-05-18 21:22:43.723] AUTO-DISENGAGE: gear left Park (now D)
[2026-05-18 21:22:43.723] Husby was here, and we are ready to go
[2026-05-18 21:22:43.742] AUTO-DISENGAGE: gear left Park (now D)
[2026-05-18 21:22:43.742] Husby was here, and we are ready to go
[2026-05-18 21:22:43.761] AUTO-DISENGAGE: gear left Park (now D)
[2026-05-18 21:22:43.761] Husby was here, and we are ready to go
[2026-05-18 21:22:43.782] AUTO-DISENGAGE: gear left Park (now D)
[2026-05-18 21:22:43.782] Husby was here, and we are ready to go
[2026-05-18 21:22:43.801] AUTO-DISENGAGE: gear left Park (now D)
[2026-05-18 21:22:43.801] Husby was here, and we are ready to go
[2026-05-18 21:22:43.805] AUTO-DISENGAGE: gear left Park (now D)
[2026-05-18 21:22:43.806] Husby was here, and we are ready to go
[2026-05-18 21:22:43.819] AUTO-DISENGAGE: gear left Park (now D)
[2026-05-18 21:22:43.819] Husby was here, and we are ready to go
[2026-05-18 21:22:43.839] AUTO-DISENGAGE: gear left Park (now D)
[2026-05-18 21:22:43.840] Husby was here, and we are ready to go
[2026-05-18 21:22:43.860] AUTO-DISENGAGE: gear left Park (now D)
[2026-05-18 21:22:43.860] Husby was here, and we are ready to go
[2026-05-18 21:22:43.878] AUTO-DISENGAGE: gear left Park (now D)
[2026-05-18 21:22:43.878] Husby was here, and we are ready to go
[2026-05-18 21:22:43.899] AUTO-DISENGAGE: gear left Park (now D)
[2026-05-18 21:22:43.899] Husby was here, and we are ready to go
[2026-05-18 21:22:43.905] AUTO-DISENGAGE: gear left Park (now D)
[2026-05-18 21:22:43.905] Husby was here, and we are ready to go
[2026-05-18 21:22:43.919] AUTO-DISENGAGE: gear left Park (now D)
[2026-05-18 21:22:43.919] Husby was here, and we are ready to go
[2026-05-18 21:22:43.939] AUTO-DISENGAGE: gear left Park (now D)
[2026-05-18 21:22:43.939] Husby was here, and we are ready to go
[2026-05-18 21:22:43.958] AUTO-DISENGAGE: gear left Park (now D)
[2026-05-18 21:22:43.959] Husby was here, and we are ready to go
[2026-05-18 21:22:43.979] AUTO-DISENGAGE: gear left Park (now D)
[2026-05-18 21:22:43.979] Husby was here, and we are ready to go
[2026-05-18 21:22:43.999] AUTO-DISENGAGE: gear left Park (now D)
[2026-05-18 21:22:43.999] Husby was here, and we are ready to go
[2026-05-18 21:22:44.005] AUTO-DISENGAGE: gear left Park (now D)
[2026-05-18 21:22:44.005] Husby was here, and we are ready to go
[2026-05-18 21:22:44.019] AUTO-DISENGAGE: gear left Park (now D)
[2026-05-18 21:22:44.019] Husby was here, and we are ready to go
[2026-05-18 21:22:44.041] AUTO-DISENGAGE: gear left Park (now D)
[2026-05-18 21:22:44.041] Husby was here, and we are ready to go
[2026-05-18 21:22:44.062] AUTO-DISENGAGE: gear left Park (now D)
[2026-05-18 21:22:44.062] Husby was here, and we are ready to go
[2026-05-18 21:22:44.080] AUTO-DISENGAGE: gear left Park (now D)
[2026-05-18 21:22:44.080] Husby was here, and we are ready to go
[2026-05-18 21:22:44.102] AUTO-DISENGAGE: gear left Park (now D)
[2026-05-18 21:22:44.103] Husby was here, and we are ready to go
[2026-05-18 21:22:44.105] AUTO-DISENGAGE: gear left Park (now D)
[2026-05-18 21:22:44.105] Husby was here, and we are ready to go
[2026-05-18 21:22:44.121] AUTO-DISENGAGE: gear left Park (now D)
[2026-05-18 21:22:44.121] Husby was here, and we are ready to go
[2026-05-18 21:22:44.141] AUTO-DISENGAGE: gear left Park (now D)
[2026-05-18 21:22:44.141] Husby was here, and we are ready to go
[2026-05-18 21:22:44.160] AUTO-DISENGAGE: gear left Park (now D)
[2026-05-18 21:22:44.160] Husby was here, and we are ready to go
[2026-05-18 21:22:44.179] AUTO-DISENGAGE: gear left Park (now D)
[2026-05-18 21:22:44.180] Husby was here, and we are ready to go
[2026-05-18 21:22:44.200] AUTO-DISENGAGE: gear left Park (now D)
[2026-05-18 21:22:44.200] Husby was here, and we are ready to go
[2026-05-18 21:22:44.205] AUTO-DISENGAGE: gear left Park (now D)
[2026-05-18 21:22:44.205] Husby was here, and we are ready to go
[2026-05-18 21:22:44.220] AUTO-DISENGAGE: gear left Park (now D)
[2026-05-18 21:22:44.220] Husby was here, and we are ready to go
[2026-05-18 21:22:44.240] AUTO-DISENGAGE: gear left Park (now D)
[2026-05-18 21:22:44.240] Husby was here, and we are ready to go
[2026-05-18 21:22:44.260] AUTO-DISENGAGE: gear left Park (now D)
[2026-05-18 21:22:44.260] Husby was here, and we are ready to go
[2026-05-18 21:22:44.281] AUTO-DISENGAGE: gear left Park (now D)
[2026-05-18 21:22:44.281] Husby was here, and we are ready to go
[2026-05-18 21:22:44.300] AUTO-DISENGAGE: gear left Park (now D)
[2026-05-18 21:22:44.300] Husby was here, and we are ready to go
[2026-05-18 21:22:44.305] AUTO-DISENGAGE: gear left Park (now D)
[2026-05-18 21:22:44.306] Husby was here, and we are ready to go
[2026-05-18 21:22:44.320] AUTO-DISENGAGE: gear left Park (now D)
[2026-05-18 21:22:44.320] Husby was here, and we are ready to go
[2026-05-18 21:22:44.341] AUTO-DISENGAGE: gear left Park (now D)
[2026-05-18 21:22:44.341] Husby was here, and we are ready to go
[2026-05-18 21:22:44.362] AUTO-DISENGAGE: gear left Park (now D)
[2026-05-18 21:22:44.362] Husby was here, and we are ready to go
[2026-05-18 21:22:44.380] AUTO-DISENGAGE: gear left Park (now D)
[2026-05-18 21:22:44.380] Husby was here, and we are ready to go
[2026-05-18 21:22:44.406] AUTO-DISENGAGE: gear left Park (now D)
[2026-05-18 21:22:44.407] Husby was here, and we are ready to go
[2026-05-18 21:22:44.407] AUTO-DISENGAGE: gear left Park (now D)
[2026-05-18 21:22:44.408] Husby was here, and we are ready to go
[2026-05-18 21:22:44.421] AUTO-DISENGAGE: gear left Park (now D)
[2026-05-18 21:22:44.421] Husby was here, and we are ready to go
[2026-05-18 21:22:44.445] AUTO-DISENGAGE: gear left Park (now D)
[2026-05-18 21:22:44.445] Husby was here, and we are ready to go
[2026-05-18 21:22:44.460] AUTO-DISENGAGE: gear left Park (now D)
[2026-05-18 21:22:44.461] Husby was here, and we are ready to go
[2026-05-18 21:22:44.481] AUTO-DISENGAGE: gear left Park (now D)
[2026-05-18 21:22:44.481] Husby was here, and we are ready to go
[2026-05-18 21:22:44.503] AUTO-DISENGAGE: gear left Park (now D)
[2026-05-18 21:22:44.503] Husby was here, and we are ready to go
[2026-05-18 21:22:44.508] AUTO-DISENGAGE: gear left Park (now D)
[2026-05-18 21:22:44.509] Husby was here, and we are ready to go
[2026-05-18 21:22:44.521] AUTO-DISENGAGE: gear left Park (now D)
[2026-05-18 21:22:44.522] Husby was here, and we are ready to go
[2026-05-18 21:22:44.541] AUTO-DISENGAGE: gear left Park (now D)
[2026-05-18 21:22:44.541] Husby was here, and we are ready to go
[2026-05-18 21:22:44.565] AUTO-DISENGAGE: gear left Park (now D)
[2026-05-18 21:22:44.565] Husby was here, and we are ready to go
[2026-05-18 21:22:44.580] AUTO-DISENGAGE: gear left Park (now D)
[2026-05-18 21:22:44.580] Husby was here, and we are ready to go
[2026-05-18 21:22:44.600] AUTO-DISENGAGE: gear left Park (now D)
[2026-05-18 21:22:44.600] Husby was here, and we are ready to go
[2026-05-18 21:22:44.607] AUTO-DISENGAGE: gear left Park (now D)
[2026-05-18 21:22:44.608] Husby was here, and we are ready to go
[2026-05-18 21:22:44.620] AUTO-DISENGAGE: gear left Park (now D)
[2026-05-18 21:22:44.620] Husby was here, and we are ready to go
[2026-05-18 21:22:44.639] AUTO-DISENGAGE: gear left Park (now D)
[2026-05-18 21:22:44.640] Husby was here, and we are ready to go
[2026-05-18 21:22:44.661] AUTO-DISENGAGE: gear left Park (now D)
[2026-05-18 21:22:44.661] Husby was here, and we are ready to go
[2026-05-18 21:22:44.681] AUTO-DISENGAGE: gear left Park (now D)
[2026-05-18 21:22:44.681] Husby was here, and we are ready to go
[2026-05-18 21:22:44.704] AUTO-DISENGAGE: gear left Park (now D)
[2026-05-18 21:22:44.705] Husby was here, and we are ready to go
[2026-05-18 21:22:44.707] AUTO-DISENGAGE: gear left Park (now D)
[2026-05-18 21:22:44.708] Husby was here, and we are ready to go
[2026-05-18 21:22:44.721] AUTO-DISENGAGE: gear left Park (now D)
[2026-05-18 21:22:44.721] Husby was here, and we are ready to go
[2026-05-18 21:22:44.741] AUTO-DISENGAGE: gear left Park (now D)
[2026-05-18 21:22:44.741] Husby was here, and we are ready to go
[2026-05-18 21:22:44.760] brake: PRESSED
[2026-05-18 21:22:44.761] AUTO-DISENGAGE: gear left Park (now D)
[2026-05-18 21:22:44.761] Husby was here, and we are ready to go
[2026-05-18 21:22:44.780] AUTO-DISENGAGE: gear left Park (now D)
[2026-05-18 21:22:44.781] Husby was here, and we are ready to go
[2026-05-18 21:22:44.802] AUTO-DISENGAGE: gear left Park (now D)
[2026-05-18 21:22:44.803] Husby was here, and we are ready to go
[2026-05-18 21:22:44.807] AUTO-DISENGAGE: gear left Park (now D)
[2026-05-18 21:22:44.808] Husby was here, and we are ready to go
[2026-05-18 21:22:44.821] AUTO-DISENGAGE: gear left Park (now D)
[2026-05-18 21:22:44.822] Husby was here, and we are ready to go
[2026-05-18 21:22:44.841] AUTO-DISENGAGE: gear left Park (now D)
[2026-05-18 21:22:44.842] Husby was here, and we are ready to go
[2026-05-18 21:22:44.861] AUTO-DISENGAGE: gear left Park (now D)
[2026-05-18 21:22:44.861] Husby was here, and we are ready to go
[2026-05-18 21:22:44.885] AUTO-DISENGAGE: gear left Park (now D)
[2026-05-18 21:22:44.885] Husby was here, and we are ready to go
[2026-05-18 21:22:44.906] AUTO-DISENGAGE: gear left Park (now D)
[2026-05-18 21:22:44.906] Husby was here, and we are ready to go
[2026-05-18 21:22:44.907] AUTO-DISENGAGE: gear left Park (now D)
[2026-05-18 21:22:44.907] Husby was here, and we are ready to go
[2026-05-18 21:22:44.931] AUTO-DISENGAGE: gear left Park (now D)
[2026-05-18 21:22:44.931] Husby was here, and we are ready to go
[2026-05-18 21:22:44.951] AUTO-DISENGAGE: gear left Park (now D)
[2026-05-18 21:22:44.951] Husby was here, and we are ready to go
[2026-05-18 21:22:44.973] AUTO-DISENGAGE: gear left Park (now D)
[2026-05-18 21:22:44.973] Husby was here, and we are ready to go
[2026-05-18 21:22:44.993] AUTO-DISENGAGE: gear left Park (now D)
[2026-05-18 21:22:44.993] Husby was here, and we are ready to go
[2026-05-18 21:22:45.011] AUTO-DISENGAGE: gear left Park (now D)
[2026-05-18 21:22:45.011] Husby was here, and we are ready to go
[2026-05-18 21:22:45.012] AUTO-DISENGAGE: gear left Park (now D)
[2026-05-18 21:22:45.012] Husby was here, and we are ready to go
[2026-05-18 21:22:45.036] AUTO-DISENGAGE: gear left Park (now D)
[2026-05-18 21:22:45.036] Husby was here, and we are ready to go
[2026-05-18 21:22:45.053] AUTO-DISENGAGE: gear left Park (now D)
[2026-05-18 21:22:45.053] Husby was here, and we are ready to go
[2026-05-18 21:22:45.074] AUTO-DISENGAGE: gear left Park (now D)
[2026-05-18 21:22:45.074] Husby was here, and we are ready to go
[2026-05-18 21:22:45.092] AUTO-DISENGAGE: gear left Park (now D)
[2026-05-18 21:22:45.092] Husby was here, and we are ready to go
[2026-05-18 21:22:45.108] AUTO-DISENGAGE: gear left Park (now D)
[2026-05-18 21:22:45.108] Husby was here, and we are ready to go
[2026-05-18 21:22:45.112] AUTO-DISENGAGE: gear left Park (now D)
[2026-05-18 21:22:45.112] Husby was here, and we are ready to go
[2026-05-18 21:22:45.133] AUTO-DISENGAGE: gear left Park (now D)
[2026-05-18 21:22:45.133] Husby was here, and we are ready to go
[2026-05-18 21:22:45.153] AUTO-DISENGAGE: gear left Park (now D)
[2026-05-18 21:22:45.153] Husby was here, and we are ready to go
[2026-05-18 21:22:45.173] AUTO-DISENGAGE: gear left Park (now D)
[2026-05-18 21:22:45.173] Husby was here, and we are ready to go
[2026-05-18 21:22:45.193] AUTO-DISENGAGE: gear left Park (now D)
[2026-05-18 21:22:45.193] Husby was here, and we are ready to go
[2026-05-18 21:22:45.210] AUTO-DISENGAGE: gear left Park (now D)
[2026-05-18 21:22:45.210] Husby was here, and we are ready to go
[2026-05-18 21:22:45.212] AUTO-DISENGAGE: gear left Park (now D)
[2026-05-18 21:22:45.212] Husby was here, and we are ready to go
[2026-05-18 21:22:45.235] AUTO-DISENGAGE: gear left Park (now D)
[2026-05-18 21:22:45.235] Husby was here, and we are ready to go
[2026-05-18 21:22:45.253] AUTO-DISENGAGE: gear left Park (now D)
[2026-05-18 21:22:45.253] Husby was here, and we are ready to go
[2026-05-18 21:22:45.273] AUTO-DISENGAGE: gear left Park (now D)
[2026-05-18 21:22:45.273] Husby was here, and we are ready to go
[2026-05-18 21:22:45.294] AUTO-DISENGAGE: gear left Park (now D)
[2026-05-18 21:22:45.294] Husby was here, and we are ready to go
[2026-05-18 21:22:45.310] AUTO-DISENGAGE: gear left Park (now D)
[2026-05-18 21:22:45.310] Husby was here, and we are ready to go
[2026-05-18 21:22:45.312] AUTO-DISENGAGE: gear left Park (now D)
[2026-05-18 21:22:45.313] Husby was here, and we are ready to go
[2026-05-18 21:22:45.333] AUTO-DISENGAGE: gear left Park (now D)
[2026-05-18 21:22:45.334] Husby was here, and we are ready to go
[2026-05-18 21:22:45.353] AUTO-DISENGAGE: gear left Park (now D)
[2026-05-18 21:22:45.353] Husby was here, and we are ready to go
[2026-05-18 21:22:45.374] AUTO-DISENGAGE: gear left Park (now D)
[2026-05-18 21:22:45.375] Husby was here, and we are ready to go
[2026-05-18 21:22:45.393] AUTO-DISENGAGE: gear left Park (now D)
[2026-05-18 21:22:45.393] Husby was here, and we are ready to go
[2026-05-18 21:22:45.409] AUTO-DISENGAGE: gear left Park (now D)
[2026-05-18 21:22:45.410] Husby was here, and we are ready to go
[2026-05-18 21:22:45.413] AUTO-DISENGAGE: gear left Park (now D)
[2026-05-18 21:22:45.413] Husby was here, and we are ready to go
[2026-05-18 21:22:45.433] AUTO-DISENGAGE: gear left Park (now D)
[2026-05-18 21:22:45.433] Husby was here, and we are ready to go
[2026-05-18 21:22:45.453] AUTO-DISENGAGE: gear left Park (now D)
[2026-05-18 21:22:45.454] Husby was here, and we are ready to go
[2026-05-18 21:22:45.475] AUTO-DISENGAGE: gear left Park (now D)
[2026-05-18 21:22:45.475] Husby was here, and we are ready to go
[2026-05-18 21:22:45.494] AUTO-DISENGAGE: gear left Park (now D)
[2026-05-18 21:22:45.494] Husby was here, and we are ready to go
[2026-05-18 21:22:45.509] AUTO-DISENGAGE: gear left Park (now D)
[2026-05-18 21:22:45.509] Husby was here, and we are ready to go
[2026-05-18 21:22:45.513] AUTO-DISENGAGE: gear left Park (now D)
[2026-05-18 21:22:45.513] Husby was here, and we are ready to go
[2026-05-18 21:22:45.539] AUTO-DISENGAGE: gear left Park (now D)
[2026-05-18 21:22:45.539] Husby was here, and we are ready to go
[2026-05-18 21:22:45.557] AUTO-DISENGAGE: gear left Park (now D)
[2026-05-18 21:22:45.557] Husby was here, and we are ready to go
[2026-05-18 21:22:45.578] AUTO-DISENGAGE: gear left Park (now D)
[2026-05-18 21:22:45.578] Husby was here, and we are ready to go
[2026-05-18 21:22:45.597] AUTO-DISENGAGE: gear left Park (now D)
[2026-05-18 21:22:45.597] Husby was here, and we are ready to go
[2026-05-18 21:22:45.607] AUTO-DISENGAGE: gear left Park (now D)
[2026-05-18 21:22:45.607] Husby was here, and we are ready to go
[2026-05-18 21:22:45.617] AUTO-DISENGAGE: gear left Park (now D)
[2026-05-18 21:22:45.617] Husby was here, and we are ready to go
[2026-05-18 21:22:45.638] AUTO-DISENGAGE: gear left Park (now D)
[2026-05-18 21:22:45.639] Husby was here, and we are ready to go
[2026-05-18 21:22:45.658] AUTO-DISENGAGE: gear left Park (now D)
[2026-05-18 21:22:45.658] Husby was here, and we are ready to go
[2026-05-18 21:22:45.677] AUTO-DISENGAGE: gear left Park (now D)
[2026-05-18 21:22:45.677] Husby was here, and we are ready to go
[2026-05-18 21:22:45.700] AUTO-DISENGAGE: gear left Park (now D)
[2026-05-18 21:22:45.700] Husby was here, and we are ready to go
[2026-05-18 21:22:45.709] AUTO-DISENGAGE: gear left Park (now D)
[2026-05-18 21:22:45.709] Husby was here, and we are ready to go
[2026-05-18 21:22:45.716] AUTO-DISENGAGE: gear left Park (now D)
[2026-05-18 21:22:45.717] Husby was here, and we are ready to go
[2026-05-18 21:22:45.740] AUTO-DISENGAGE: gear left Park (now D)
[2026-05-18 21:22:45.741] Husby was here, and we are ready to go
[2026-05-18 21:22:45.760] AUTO-DISENGAGE: gear left Park (now D)
[2026-05-18 21:22:45.760] Husby was here, and we are ready to go
[2026-05-18 21:22:45.780] AUTO-DISENGAGE: gear left Park (now D)
[2026-05-18 21:22:45.780] Husby was here, and we are ready to go
[2026-05-18 21:22:45.799] AUTO-DISENGAGE: gear left Park (now D)
[2026-05-18 21:22:45.799] Husby was here, and we are ready to go
[2026-05-18 21:22:45.808] AUTO-DISENGAGE: gear left Park (now D)
[2026-05-18 21:22:45.808] Husby was here, and we are ready to go
[2026-05-18 21:22:45.819] AUTO-DISENGAGE: gear left Park (now D)
[2026-05-18 21:22:45.819] Husby was here, and we are ready to go
[2026-05-18 21:22:45.838] AUTO-DISENGAGE: gear left Park (now D)
[2026-05-18 21:22:45.839] Husby was here, and we are ready to go
[2026-05-18 21:22:45.857] AUTO-DISENGAGE: gear left Park (now D)
[2026-05-18 21:22:45.857] Husby was here, and we are ready to go
[2026-05-18 21:22:45.878] AUTO-DISENGAGE: gear left Park (now D)
[2026-05-18 21:22:45.878] Husby was here, and we are ready to go
[2026-05-18 21:22:45.901] AUTO-DISENGAGE: gear left Park (now D)
[2026-05-18 21:22:45.901] Husby was here, and we are ready to go
[2026-05-18 21:22:45.908] AUTO-DISENGAGE: gear left Park (now D)
[2026-05-18 21:22:45.908] Husby was here, and we are ready to go
[2026-05-18 21:22:45.916] AUTO-DISENGAGE: gear left Park (now D)
[2026-05-18 21:22:45.917] Husby was here, and we are ready to go
[2026-05-18 21:22:45.937] AUTO-DISENGAGE: gear left Park (now D)
[2026-05-18 21:22:45.937] Husby was here, and we are ready to go
[2026-05-18 21:22:45.960] AUTO-DISENGAGE: gear left Park (now D)
[2026-05-18 21:22:45.960] Husby was here, and we are ready to go
[2026-05-18 21:22:45.978] AUTO-DISENGAGE: gear left Park (now D)
[2026-05-18 21:22:45.978] Husby was here, and we are ready to go
[2026-05-18 21:22:46.001] AUTO-DISENGAGE: gear left Park (now D)
[2026-05-18 21:22:46.001] Husby was here, and we are ready to go
[2026-05-18 21:22:46.008] AUTO-DISENGAGE: gear left Park (now D)
[2026-05-18 21:22:46.009] Husby was here, and we are ready to go
[2026-05-18 21:22:46.019] AUTO-DISENGAGE: gear left Park (now D)
[2026-05-18 21:22:46.019] Husby was here, and we are ready to go
[2026-05-18 21:22:46.041] AUTO-DISENGAGE: gear left Park (now D)
[2026-05-18 21:22:46.041] Husby was here, and we are ready to go
[2026-05-18 21:22:46.058] AUTO-DISENGAGE: gear left Park (now D)
[2026-05-18 21:22:46.059] Husby was here, and we are ready to go
[2026-05-18 21:22:46.080] AUTO-DISENGAGE: gear left Park (now D)
[2026-05-18 21:22:46.080] Husby was here, and we are ready to go
[2026-05-18 21:22:46.100] AUTO-DISENGAGE: gear left Park (now D)
[2026-05-18 21:22:46.100] Husby was here, and we are ready to go
[2026-05-18 21:22:46.108] AUTO-DISENGAGE: gear left Park (now D)
[2026-05-18 21:22:46.109] Husby was here, and we are ready to go
[2026-05-18 21:22:46.117] AUTO-DISENGAGE: gear left Park (now D)
[2026-05-18 21:22:46.117] Husby was here, and we are ready to go
[2026-05-18 21:22:46.141] AUTO-DISENGAGE: gear left Park (now D)
[2026-05-18 21:22:46.141] Husby was here, and we are ready to go
[2026-05-18 21:22:46.160] AUTO-DISENGAGE: gear left Park (now D)
[2026-05-18 21:22:46.161] Husby was here, and we are ready to go
[2026-05-18 21:22:46.178] AUTO-DISENGAGE: gear left Park (now D)
[2026-05-18 21:22:46.179] Husby was here, and we are ready to go
[2026-05-18 21:22:46.200] AUTO-DISENGAGE: gear left Park (now D)
[2026-05-18 21:22:46.200] Husby was here, and we are ready to go
[2026-05-18 21:22:46.209] AUTO-DISENGAGE: gear left Park (now D)
[2026-05-18 21:22:46.210] Husby was here, and we are ready to go
[2026-05-18 21:22:46.217] AUTO-DISENGAGE: gear left Park (now D)
[2026-05-18 21:22:46.217] Husby was here, and we are ready to go
[2026-05-18 21:22:46.245] AUTO-DISENGAGE: gear left Park (now D)
[2026-05-18 21:22:46.245] Husby was here, and we are ready to go
[2026-05-18 21:22:46.261] AUTO-DISENGAGE: gear left Park (now D)
[2026-05-18 21:22:46.261] Husby was here, and we are ready to go
[2026-05-18 21:22:46.282] AUTO-DISENGAGE: gear left Park (now D)
[2026-05-18 21:22:46.283] Husby was here, and we are ready to go
[2026-05-18 21:22:46.301] AUTO-DISENGAGE: gear left Park (now D)
[2026-05-18 21:22:46.302] Husby was here, and we are ready to go
[2026-05-18 21:22:46.308] AUTO-DISENGAGE: gear left Park (now D)
[2026-05-18 21:22:46.308] Husby was here, and we are ready to go
[2026-05-18 21:22:46.320] AUTO-DISENGAGE: gear left Park (now D)
[2026-05-18 21:22:46.321] Husby was here, and we are ready to go
[2026-05-18 21:22:46.341] AUTO-DISENGAGE: gear left Park (now D)
[2026-05-18 21:22:46.341] Husby was here, and we are ready to go
[2026-05-18 21:22:46.361] AUTO-DISENGAGE: gear left Park (now D)
[2026-05-18 21:22:46.362] Husby was here, and we are ready to go
[2026-05-18 21:22:46.379] AUTO-DISENGAGE: gear left Park (now D)
[2026-05-18 21:22:46.380] Husby was here, and we are ready to go
[2026-05-18 21:22:46.399] AUTO-DISENGAGE: gear left Park (now D)
[2026-05-18 21:22:46.399] Husby was here, and we are ready to go
[2026-05-18 21:22:46.407] AUTO-DISENGAGE: gear left Park (now D)
[2026-05-18 21:22:46.407] Husby was here, and we are ready to go
[2026-05-18 21:22:46.419] AUTO-DISENGAGE: gear left Park (now D)
[2026-05-18 21:22:46.419] Husby was here, and we are ready to go
[2026-05-18 21:22:46.440] AUTO-DISENGAGE: gear left Park (now D)
[2026-05-18 21:22:46.440] Husby was here, and we are ready to go
[2026-05-18 21:22:46.462] AUTO-DISENGAGE: gear left Park (now D)
[2026-05-18 21:22:46.462] Husby was here, and we are ready to go
[2026-05-18 21:22:46.480] AUTO-DISENGAGE: gear left Park (now D)
[2026-05-18 21:22:46.481] Husby was here, and we are ready to go
[2026-05-18 21:22:46.502] AUTO-DISENGAGE: gear left Park (now D)
[2026-05-18 21:22:46.503] Husby was here, and we are ready to go
[2026-05-18 21:22:46.508] AUTO-DISENGAGE: gear left Park (now D)
[2026-05-18 21:22:46.509] Husby was here, and we are ready to go
[2026-05-18 21:22:46.520] AUTO-DISENGAGE: gear left Park (now D)
[2026-05-18 21:22:46.520] Husby was here, and we are ready to go
[2026-05-18 21:22:46.541] AUTO-DISENGAGE: gear left Park (now D)
[2026-05-18 21:22:46.541] Husby was here, and we are ready to go
[2026-05-18 21:22:46.561] AUTO-DISENGAGE: gear left Park (now D)
[2026-05-18 21:22:46.561] Husby was here, and we are ready to go
[2026-05-18 21:22:46.581] AUTO-DISENGAGE: gear left Park (now D)
[2026-05-18 21:22:46.581] Husby was here, and we are ready to go
[2026-05-18 21:22:46.604] AUTO-DISENGAGE: gear left Park (now D)
[2026-05-18 21:22:46.605] Husby was here, and we are ready to go
[2026-05-18 21:22:46.607] AUTO-DISENGAGE: gear left Park (now D)
[2026-05-18 21:22:46.608] Husby was here, and we are ready to go
[2026-05-18 21:22:46.620] AUTO-DISENGAGE: gear left Park (now D)
[2026-05-18 21:22:46.621] Husby was here, and we are ready to go
[2026-05-18 21:22:46.651] AUTO-DISENGAGE: gear left Park (now D)
[2026-05-18 21:22:46.651] Husby was here, and we are ready to go
[2026-05-18 21:22:46.666] AUTO-DISENGAGE: gear left Park (now D)
[2026-05-18 21:22:46.666] Husby was here, and we are ready to go
[2026-05-18 21:22:46.686] AUTO-DISENGAGE: gear left Park (now D)
[2026-05-18 21:22:46.686] Husby was here, and we are ready to go
[2026-05-18 21:22:46.707] brake: released
[2026-05-18 21:22:46.710] AUTO-DISENGAGE: gear left Park (now D)
[2026-05-18 21:22:46.711] Husby was here, and we are ready to go
[2026-05-18 21:22:46.712] AUTO-DISENGAGE: gear left Park (now D)
[2026-05-18 21:22:46.712] Husby was here, and we are ready to go
[2026-05-18 21:22:46.725] AUTO-DISENGAGE: gear left Park (now D)
[2026-05-18 21:22:46.725] Husby was here, and we are ready to go
[2026-05-18 21:22:46.747] AUTO-DISENGAGE: gear left Park (now D)
[2026-05-18 21:22:46.747] Husby was here, and we are ready to go
[2026-05-18 21:22:46.767] AUTO-DISENGAGE: gear left Park (now D)
[2026-05-18 21:22:46.767] Husby was here, and we are ready to go
[2026-05-18 21:22:46.787] AUTO-DISENGAGE: gear left Park (now D)
[2026-05-18 21:22:46.787] Husby was here, and we are ready to go
[2026-05-18 21:22:46.806] AUTO-DISENGAGE: gear left Park (now D)
[2026-05-18 21:22:46.806] Husby was here, and we are ready to go
[2026-05-18 21:22:46.813] AUTO-DISENGAGE: gear left Park (now D)
[2026-05-18 21:22:46.813] Husby was here, and we are ready to go
[2026-05-18 21:22:46.826] AUTO-DISENGAGE: gear left Park (now D)
[2026-05-18 21:22:46.827] Husby was here, and we are ready to go
[2026-05-18 21:22:46.847] AUTO-DISENGAGE: gear left Park (now D)
[2026-05-18 21:22:46.847] Husby was here, and we are ready to go
[2026-05-18 21:22:46.866] AUTO-DISENGAGE: gear left Park (now D)
[2026-05-18 21:22:46.866] Husby was here, and we are ready to go
[2026-05-18 21:22:46.885] AUTO-DISENGAGE: gear left Park (now D)
[2026-05-18 21:22:46.885] Husby was here, and we are ready to go
[2026-05-18 21:22:46.906] AUTO-DISENGAGE: gear left Park (now D)
[2026-05-18 21:22:46.906] Husby was here, and we are ready to go
[2026-05-18 21:22:46.912] AUTO-DISENGAGE: gear left Park (now D)
[2026-05-18 21:22:46.912] Husby was here, and we are ready to go
[2026-05-18 21:22:46.925] AUTO-DISENGAGE: gear left Park (now D)
[2026-05-18 21:22:46.926] Husby was here, and we are ready to go
[2026-05-18 21:22:46.945] AUTO-DISENGAGE: gear left Park (now D)
[2026-05-18 21:22:46.946] Husby was here, and we are ready to go
[2026-05-18 21:22:46.965] AUTO-DISENGAGE: gear left Park (now D)
[2026-05-18 21:22:46.965] Husby was here, and we are ready to go
[2026-05-18 21:22:46.985] AUTO-DISENGAGE: gear left Park (now D)
[2026-05-18 21:22:46.985] Husby was here, and we are ready to go
[2026-05-18 21:22:47.005] AUTO-DISENGAGE: gear left Park (now D)
[2026-05-18 21:22:47.005] Husby was here, and we are ready to go
[2026-05-18 21:22:47.012] AUTO-DISENGAGE: gear left Park (now D)
[2026-05-18 21:22:47.012] Husby was here, and we are ready to go
[2026-05-18 21:22:47.026] AUTO-DISENGAGE: gear left Park (now D)
[2026-05-18 21:22:47.026] Husby was here, and we are ready to go
[2026-05-18 21:22:47.047] AUTO-DISENGAGE: gear left Park (now D)
[2026-05-18 21:22:47.047] Husby was here, and we are ready to go
[2026-05-18 21:22:47.069] AUTO-DISENGAGE: gear left Park (now D)
[2026-05-18 21:22:47.069] Husby was here, and we are ready to go
[2026-05-18 21:22:47.086] AUTO-DISENGAGE: gear left Park (now D)
[2026-05-18 21:22:47.086] Husby was here, and we are ready to go
[2026-05-18 21:22:47.112] AUTO-DISENGAGE: gear left Park (now D)
[2026-05-18 21:22:47.112] Husby was here, and we are ready to go
[2026-05-18 21:22:47.113] AUTO-DISENGAGE: gear left Park (now D)
[2026-05-18 21:22:47.113] Husby was here, and we are ready to go
[2026-05-18 21:22:47.125] AUTO-DISENGAGE: gear left Park (now D)
[2026-05-18 21:22:47.125] Husby was here, and we are ready to go
[2026-05-18 21:22:47.145] AUTO-DISENGAGE: gear left Park (now D)
[2026-05-18 21:22:47.146] Husby was here, and we are ready to go
[2026-05-18 21:22:47.165] AUTO-DISENGAGE: gear left Park (now D)
[2026-05-18 21:22:47.166] Husby was here, and we are ready to go
[2026-05-18 21:22:47.186] AUTO-DISENGAGE: gear left Park (now D)
[2026-05-18 21:22:47.186] Husby was here, and we are ready to go
[2026-05-18 21:22:47.207] AUTO-DISENGAGE: gear left Park (now D)
[2026-05-18 21:22:47.207] Husby was here, and we are ready to go
[2026-05-18 21:22:47.213] AUTO-DISENGAGE: gear left Park (now D)
[2026-05-18 21:22:47.214] Husby was here, and we are ready to go
[2026-05-18 21:22:47.225] AUTO-DISENGAGE: gear left Park (now D)
[2026-05-18 21:22:47.226] Husby was here, and we are ready to go
[2026-05-18 21:22:47.246] AUTO-DISENGAGE: gear left Park (now D)
[2026-05-18 21:22:47.246] Husby was here, and we are ready to go
[2026-05-18 21:22:47.269] AUTO-DISENGAGE: gear left Park (now D)
[2026-05-18 21:22:47.269] Husby was here, and we are ready to go
[2026-05-18 21:22:47.286] AUTO-DISENGAGE: gear left Park (now D)
[2026-05-18 21:22:47.286] Husby was here, and we are ready to go
[2026-05-18 21:22:47.307] AUTO-DISENGAGE: gear left Park (now D)
[2026-05-18 21:22:47.308] Husby was here, and we are ready to go
[2026-05-18 21:22:47.315] AUTO-DISENGAGE: gear left Park (now D)
[2026-05-18 21:22:47.316] Husby was here, and we are ready to go
[2026-05-18 21:22:47.325] AUTO-DISENGAGE: gear left Park (now D)
[2026-05-18 21:22:47.326] Husby was here, and we are ready to go
[2026-05-18 21:22:47.347] AUTO-DISENGAGE: gear left Park (now D)
[2026-05-18 21:22:47.347] Husby was here, and we are ready to go
[2026-05-18 21:22:47.368] AUTO-DISENGAGE: gear left Park (now D)
[2026-05-18 21:22:47.368] Husby was here, and we are ready to go
[2026-05-18 21:22:47.386] AUTO-DISENGAGE: gear left Park (now D)
[2026-05-18 21:22:47.386] Husby was here, and we are ready to go
[2026-05-18 21:22:47.407] AUTO-DISENGAGE: gear left Park (now D)
[2026-05-18 21:22:47.407] Husby was here, and we are ready to go
[2026-05-18 21:22:47.415] AUTO-DISENGAGE: gear left Park (now D)
[2026-05-18 21:22:47.415] Husby was here, and we are ready to go
[2026-05-18 21:22:47.426] AUTO-DISENGAGE: gear left Park (now D)
[2026-05-18 21:22:47.427] Husby was here, and we are ready to go
[2026-05-18 21:22:47.449] AUTO-DISENGAGE: gear left Park (now D)
[2026-05-18 21:22:47.450] Husby was here, and we are ready to go
[2026-05-18 21:22:47.468] AUTO-DISENGAGE: gear left Park (now D)
[2026-05-18 21:22:47.468] Husby was here, and we are ready to go
[2026-05-18 21:22:47.490] AUTO-DISENGAGE: gear left Park (now D)
[2026-05-18 21:22:47.490] Husby was here, and we are ready to go
[2026-05-18 21:22:47.512] AUTO-DISENGAGE: gear left Park (now D)
[2026-05-18 21:22:47.513] Husby was here, and we are ready to go
[2026-05-18 21:22:47.513] AUTO-DISENGAGE: gear left Park (now D)
[2026-05-18 21:22:47.513] Husby was here, and we are ready to go
[2026-05-18 21:22:47.529] AUTO-DISENGAGE: gear left Park (now D)
[2026-05-18 21:22:47.529] Husby was here, and we are ready to go
[2026-05-18 21:22:47.553] AUTO-DISENGAGE: gear left Park (now D)
[2026-05-18 21:22:47.553] Husby was here, and we are ready to go
[2026-05-18 21:22:47.571] AUTO-DISENGAGE: gear left Park (now D)
[2026-05-18 21:22:47.571] Husby was here, and we are ready to go
[2026-05-18 21:22:47.591] AUTO-DISENGAGE: gear left Park (now D)
[2026-05-18 21:22:47.591] Husby was here, and we are ready to go
[2026-05-18 21:22:47.612] AUTO-DISENGAGE: gear left Park (now D)
[2026-05-18 21:22:47.612] Husby was here, and we are ready to go
[2026-05-18 21:22:47.613] AUTO-DISENGAGE: gear left Park (now D)
[2026-05-18 21:22:47.614] Husby was here, and we are ready to go
[2026-05-18 21:22:47.631] AUTO-DISENGAGE: gear left Park (now D)
[2026-05-18 21:22:47.631] Husby was here, and we are ready to go
[2026-05-18 21:22:47.651] AUTO-DISENGAGE: gear left Park (now D)
[2026-05-18 21:22:47.651] Husby was here, and we are ready to go
[2026-05-18 21:22:47.669] AUTO-DISENGAGE: gear left Park (now D)
[2026-05-18 21:22:47.669] Husby was here, and we are ready to go
[2026-05-18 21:22:47.691] AUTO-DISENGAGE: gear left Park (now D)
[2026-05-18 21:22:47.691] Husby was here, and we are ready to go
[2026-05-18 21:22:47.712] AUTO-DISENGAGE: gear left Park (now D)
[2026-05-18 21:22:47.712] Husby was here, and we are ready to go
[2026-05-18 21:22:47.713] AUTO-DISENGAGE: gear left Park (now D)
[2026-05-18 21:22:47.713] Husby was here, and we are ready to go
[2026-05-18 21:22:47.729] AUTO-DISENGAGE: gear left Park (now D)
[2026-05-18 21:22:47.729] Husby was here, and we are ready to go
[2026-05-18 21:22:47.750] AUTO-DISENGAGE: gear left Park (now D)
[2026-05-18 21:22:47.750] Husby was here, and we are ready to go
[2026-05-18 21:22:47.768] AUTO-DISENGAGE: gear left Park (now D)
[2026-05-18 21:22:47.768] Husby was here, and we are ready to go
[2026-05-18 21:22:47.788] AUTO-DISENGAGE: gear left Park (now D)
[2026-05-18 21:22:47.788] Husby was here, and we are ready to go
[2026-05-18 21:22:47.811] AUTO-DISENGAGE: gear left Park (now D)
[2026-05-18 21:22:47.811] Husby was here, and we are ready to go
[2026-05-18 21:22:47.813] AUTO-DISENGAGE: gear left Park (now D)
[2026-05-18 21:22:47.813] Husby was here, and we are ready to go
[2026-05-18 21:22:47.828] AUTO-DISENGAGE: gear left Park (now D)
[2026-05-18 21:22:47.829] Husby was here, and we are ready to go
[2026-05-18 21:22:47.849] AUTO-DISENGAGE: gear left Park (now D)
[2026-05-18 21:22:47.849] Husby was here, and we are ready to go
[2026-05-18 21:22:47.871] AUTO-DISENGAGE: gear left Park (now D)
[2026-05-18 21:22:47.872] Husby was here, and we are ready to go
[2026-05-18 21:22:47.889] AUTO-DISENGAGE: gear left Park (now D)
[2026-05-18 21:22:47.890] Husby was here, and we are ready to go
[2026-05-18 21:22:47.916] AUTO-DISENGAGE: gear left Park (now D)
[2026-05-18 21:22:47.916] Husby was here, and we are ready to go
[2026-05-18 21:22:47.917] AUTO-DISENGAGE: gear left Park (now D)
[2026-05-18 21:22:47.918] Husby was here, and we are ready to go
[2026-05-18 21:22:47.931] AUTO-DISENGAGE: gear left Park (now D)
[2026-05-18 21:22:47.931] Husby was here, and we are ready to go
[2026-05-18 21:22:47.951] AUTO-DISENGAGE: gear left Park (now D)
[2026-05-18 21:22:47.951] Husby was here, and we are ready to go
[2026-05-18 21:22:47.971] AUTO-DISENGAGE: gear left Park (now D)
[2026-05-18 21:22:47.971] Husby was here, and we are ready to go
[2026-05-18 21:22:47.991] AUTO-DISENGAGE: gear left Park (now D)
[2026-05-18 21:22:47.991] Husby was here, and we are ready to go
[2026-05-18 21:22:48.013] AUTO-DISENGAGE: gear left Park (now D)
[2026-05-18 21:22:48.013] Husby was here, and we are ready to go
[2026-05-18 21:22:48.018] AUTO-DISENGAGE: gear left Park (now D)
[2026-05-18 21:22:48.018] Husby was here, and we are ready to go
[2026-05-18 21:22:48.031] AUTO-DISENGAGE: gear left Park (now D)
[2026-05-18 21:22:48.032] Husby was here, and we are ready to go
[2026-05-18 21:22:48.051] AUTO-DISENGAGE: gear left Park (now D)
[2026-05-18 21:22:48.051] Husby was here, and we are ready to go
[2026-05-18 21:22:48.071] AUTO-DISENGAGE: gear left Park (now D)
[2026-05-18 21:22:48.072] Husby was here, and we are ready to go
[2026-05-18 21:22:48.091] AUTO-DISENGAGE: gear left Park (now D)
[2026-05-18 21:22:48.091] Husby was here, and we are ready to go
[2026-05-18 21:22:48.112] AUTO-DISENGAGE: gear left Park (now D)
[2026-05-18 21:22:48.112] Husby was here, and we are ready to go
[2026-05-18 21:22:48.118] AUTO-DISENGAGE: gear left Park (now D)
[2026-05-18 21:22:48.118] Husby was here, and we are ready to go
[2026-05-18 21:22:48.130] AUTO-DISENGAGE: gear left Park (now D)
[2026-05-18 21:22:48.130] Husby was here, and we are ready to go
[2026-05-18 21:22:48.153] AUTO-DISENGAGE: gear left Park (now D)
[2026-05-18 21:22:48.153] Husby was here, and we are ready to go
[2026-05-18 21:22:48.171] AUTO-DISENGAGE: gear left Park (now D)
[2026-05-18 21:22:48.172] Husby was here, and we are ready to go
[2026-05-18 21:22:48.191] AUTO-DISENGAGE: gear left Park (now D)
[2026-05-18 21:22:48.191] Husby was here, and we are ready to go
[2026-05-18 21:22:48.211] AUTO-DISENGAGE: gear left Park (now D)
[2026-05-18 21:22:48.211] Husby was here, and we are ready to go
[2026-05-18 21:22:48.217] AUTO-DISENGAGE: gear left Park (now D)
[2026-05-18 21:22:48.217] Husby was here, and we are ready to go
[2026-05-18 21:22:48.228] AUTO-DISENGAGE: gear left Park (now D)
[2026-05-18 21:22:48.228] Husby was here, and we are ready to go
[2026-05-18 21:22:48.251] AUTO-DISENGAGE: gear left Park (now D)
[2026-05-18 21:22:48.251] Husby was here, and we are ready to go
[2026-05-18 21:22:48.269] AUTO-DISENGAGE: gear left Park (now D)
[2026-05-18 21:22:48.269] Husby was here, and we are ready to go
[2026-05-18 21:22:48.288] AUTO-DISENGAGE: gear left Park (now D)
[2026-05-18 21:22:48.288] Husby was here, and we are ready to go
[2026-05-18 21:22:48.310] AUTO-DISENGAGE: gear left Park (now D)
[2026-05-18 21:22:48.311] Husby was here, and we are ready to go
[2026-05-18 21:22:48.317] AUTO-DISENGAGE: gear left Park (now D)
[2026-05-18 21:22:48.317] Husby was here, and we are ready to go
[2026-05-18 21:22:48.328] AUTO-DISENGAGE: gear left Park (now D)
[2026-05-18 21:22:48.328] Husby was here, and we are ready to go
[2026-05-18 21:22:48.349] AUTO-DISENGAGE: gear left Park (now D)
[2026-05-18 21:22:48.349] Husby was here, and we are ready to go
[2026-05-18 21:22:48.368] AUTO-DISENGAGE: gear left Park (now D)
[2026-05-18 21:22:48.369] Husby was here, and we are ready to go
[2026-05-18 21:22:48.388] AUTO-DISENGAGE: gear left Park (now D)
[2026-05-18 21:22:48.388] Husby was here, and we are ready to go
[2026-05-18 21:22:48.408] AUTO-DISENGAGE: gear left Park (now D)
[2026-05-18 21:22:48.408] Husby was here, and we are ready to go
[2026-05-18 21:22:48.417] AUTO-DISENGAGE: gear left Park (now D)
[2026-05-18 21:22:48.417] Husby was here, and we are ready to go
[2026-05-18 21:22:48.428] AUTO-DISENGAGE: gear left Park (now D)
[2026-05-18 21:22:48.428] Husby was here, and we are ready to go
[2026-05-18 21:22:48.450] AUTO-DISENGAGE: gear left Park (now D)
[2026-05-18 21:22:48.450] Husby was here, and we are ready to go
[2026-05-18 21:22:48.469] AUTO-DISENGAGE: gear left Park (now D)
[2026-05-18 21:22:48.469] Husby was here, and we are ready to go
[2026-05-18 21:22:48.489] AUTO-DISENGAGE: gear left Park (now D)
[2026-05-18 21:22:48.489] Husby was here, and we are ready to go
[2026-05-18 21:22:48.512] AUTO-DISENGAGE: gear left Park (now D)
[2026-05-18 21:22:48.512] Husby was here, and we are ready to go
[2026-05-18 21:22:48.519] AUTO-DISENGAGE: gear left Park (now D)
[2026-05-18 21:22:48.519] Husby was here, and we are ready to go
[2026-05-18 21:22:48.529] AUTO-DISENGAGE: gear left Park (now D)
[2026-05-18 21:22:48.529] Husby was here, and we are ready to go
[2026-05-18 21:22:48.552] AUTO-DISENGAGE: gear left Park (now D)
[2026-05-18 21:22:48.552] Husby was here, and we are ready to go
[2026-05-18 21:22:48.572] AUTO-DISENGAGE: gear left Park (now D)
[2026-05-18 21:22:48.573] Husby was here, and we are ready to go
[2026-05-18 21:22:48.591] AUTO-DISENGAGE: gear left Park (now D)
[2026-05-18 21:22:48.591] Husby was here, and we are ready to go
[2026-05-18 21:22:48.612] AUTO-DISENGAGE: gear left Park (now D)
[2026-05-18 21:22:48.612] Husby was here, and we are ready to go
[2026-05-18 21:22:48.617] AUTO-DISENGAGE: gear left Park (now D)
[2026-05-18 21:22:48.617] Husby was here, and we are ready to go
[2026-05-18 21:22:48.629] AUTO-DISENGAGE: gear left Park (now D)
[2026-05-18 21:22:48.629] Husby was here, and we are ready to go
[2026-05-18 21:22:48.651] AUTO-DISENGAGE: gear left Park (now D)
[2026-05-18 21:22:48.651] Husby was here, and we are ready to go
[2026-05-18 21:22:48.670] AUTO-DISENGAGE: gear left Park (now D)
[2026-05-18 21:22:48.671] Husby was here, and we are ready to go
[2026-05-18 21:22:48.688] AUTO-DISENGAGE: gear left Park (now D)
[2026-05-18 21:22:48.688] Husby was here, and we are ready to go
[2026-05-18 21:22:48.715] AUTO-DISENGAGE: gear left Park (now D)
[2026-05-18 21:22:48.715] Husby was here, and we are ready to go
[2026-05-18 21:22:48.717] AUTO-DISENGAGE: gear left Park (now D)
[2026-05-18 21:22:48.717] Husby was here, and we are ready to go
[2026-05-18 21:22:48.735] AUTO-DISENGAGE: gear left Park (now D)
[2026-05-18 21:22:48.735] Husby was here, and we are ready to go
[2026-05-18 21:22:48.755] AUTO-DISENGAGE: gear left Park (now D)
[2026-05-18 21:22:48.755] Husby was here, and we are ready to go
[2026-05-18 21:22:48.774] AUTO-DISENGAGE: gear left Park (now D)
[2026-05-18 21:22:48.774] Husby was here, and we are ready to go
[2026-05-18 21:22:48.794] AUTO-DISENGAGE: gear left Park (now D)
[2026-05-18 21:22:48.794] Husby was here, and we are ready to go
[2026-05-18 21:22:48.814] AUTO-DISENGAGE: gear left Park (now D)
[2026-05-18 21:22:48.815] Husby was here, and we are ready to go
[2026-05-18 21:22:48.817] AUTO-DISENGAGE: gear left Park (now D)
[2026-05-18 21:22:48.817] Husby was here, and we are ready to go
[2026-05-18 21:22:48.835] AUTO-DISENGAGE: gear left Park (now D)
[2026-05-18 21:22:48.835] Husby was here, and we are ready to go
[2026-05-18 21:22:48.855] AUTO-DISENGAGE: gear left Park (now D)
[2026-05-18 21:22:48.855] Husby was here, and we are ready to go
[2026-05-18 21:22:48.875] AUTO-DISENGAGE: gear left Park (now D)
[2026-05-18 21:22:48.875] Husby was here, and we are ready to go
[2026-05-18 21:22:48.895] AUTO-DISENGAGE: gear left Park (now D)
[2026-05-18 21:22:48.896] Husby was here, and we are ready to go
[2026-05-18 21:22:48.918] AUTO-DISENGAGE: gear left Park (now D)
[2026-05-18 21:22:48.919] Husby was here, and we are ready to go
[2026-05-18 21:22:48.920] AUTO-DISENGAGE: gear left Park (now D)
[2026-05-18 21:22:48.920] Husby was here, and we are ready to go
[2026-05-18 21:22:48.936] AUTO-DISENGAGE: gear left Park (now D)
[2026-05-18 21:22:48.936] Husby was here, and we are ready to go
[2026-05-18 21:22:48.957] AUTO-DISENGAGE: gear left Park (now D)
[2026-05-18 21:22:48.957] Husby was here, and we are ready to go
[2026-05-18 21:22:48.975] AUTO-DISENGAGE: gear left Park (now D)
[2026-05-18 21:22:48.976] Husby was here, and we are ready to go
[2026-05-18 21:22:48.995] AUTO-DISENGAGE: gear left Park (now D)
[2026-05-18 21:22:48.996] Husby was here, and we are ready to go
[2026-05-18 21:22:49.019] AUTO-DISENGAGE: gear left Park (now D)
[2026-05-18 21:22:49.019] Husby was here, and we are ready to go
[2026-05-18 21:22:49.020] AUTO-DISENGAGE: gear left Park (now D)
[2026-05-18 21:22:49.020] Husby was here, and we are ready to go
[2026-05-18 21:22:49.036] AUTO-DISENGAGE: gear left Park (now D)
[2026-05-18 21:22:49.037] Husby was here, and we are ready to go
[2026-05-18 21:22:49.057] AUTO-DISENGAGE: gear left Park (now D)
[2026-05-18 21:22:49.057] Husby was here, and we are ready to go
[2026-05-18 21:22:49.075] AUTO-DISENGAGE: gear left Park (now D)
[2026-05-18 21:22:49.075] Husby was here, and we are ready to go
[2026-05-18 21:22:49.094] AUTO-DISENGAGE: gear left Park (now D)
[2026-05-18 21:22:49.095] Husby was here, and we are ready to go
[2026-05-18 21:22:49.116] AUTO-DISENGAGE: gear left Park (now D)
[2026-05-18 21:22:49.116] Husby was here, and we are ready to go
[2026-05-18 21:22:49.120] AUTO-DISENGAGE: gear left Park (now D)
[2026-05-18 21:22:49.120] Husby was here, and we are ready to go
[2026-05-18 21:22:49.137] AUTO-DISENGAGE: gear left Park (now D)
[2026-05-18 21:22:49.137] Husby was here, and we are ready to go
[2026-05-18 21:22:49.157] AUTO-DISENGAGE: gear left Park (now D)
[2026-05-18 21:22:49.157] Husby was here, and we are ready to go
[2026-05-18 21:22:49.178] AUTO-DISENGAGE: gear left Park (now D)
[2026-05-18 21:22:49.178] Husby was here, and we are ready to go
[2026-05-18 21:22:49.198] AUTO-DISENGAGE: gear left Park (now D)
[2026-05-18 21:22:49.198] Husby was here, and we are ready to go
[2026-05-18 21:22:49.219] AUTO-DISENGAGE: gear left Park (now D)
[2026-05-18 21:22:49.219] Husby was here, and we are ready to go
[2026-05-18 21:22:49.220] AUTO-DISENGAGE: gear left Park (now D)
[2026-05-18 21:22:49.220] Husby was here, and we are ready to go
[2026-05-18 21:22:49.239] AUTO-DISENGAGE: gear left Park (now D)
[2026-05-18 21:22:49.239] Husby was here, and we are ready to go
[2026-05-18 21:22:49.261] AUTO-DISENGAGE: gear left Park (now D)
[2026-05-18 21:22:49.261] Husby was here, and we are ready to go
[2026-05-18 21:22:49.280] AUTO-DISENGAGE: gear left Park (now D)
[2026-05-18 21:22:49.280] Husby was here, and we are ready to go
[2026-05-18 21:22:49.302] AUTO-DISENGAGE: gear left Park (now D)
[2026-05-18 21:22:49.302] Husby was here, and we are ready to go
[2026-05-18 21:22:49.321] AUTO-DISENGAGE: gear left Park (now D)
[2026-05-18 21:22:49.321] Husby was here, and we are ready to go
[2026-05-18 21:22:49.321] AUTO-DISENGAGE: gear left Park (now D)
[2026-05-18 21:22:49.322] Husby was here, and we are ready to go
[2026-05-18 21:22:49.340] AUTO-DISENGAGE: gear left Park (now D)
[2026-05-18 21:22:49.340] Husby was here, and we are ready to go
[2026-05-18 21:22:49.362] AUTO-DISENGAGE: gear left Park (now D)
[2026-05-18 21:22:49.362] Husby was here, and we are ready to go
[2026-05-18 21:22:49.380] AUTO-DISENGAGE: gear left Park (now D)
[2026-05-18 21:22:49.380] Husby was here, and we are ready to go
[2026-05-18 21:22:49.400] AUTO-DISENGAGE: gear left Park (now D)
[2026-05-18 21:22:49.400] Husby was here, and we are ready to go
[2026-05-18 21:22:49.421] AUTO-DISENGAGE: gear left Park (now D)
[2026-05-18 21:22:49.421] Husby was here, and we are ready to go
[2026-05-18 21:22:49.421] AUTO-DISENGAGE: gear left Park (now D)
[2026-05-18 21:22:49.421] Husby was here, and we are ready to go
[2026-05-18 21:22:49.440] AUTO-DISENGAGE: gear left Park (now D)
[2026-05-18 21:22:49.440] Husby was here, and we are ready to go
[2026-05-18 21:22:49.461] AUTO-DISENGAGE: gear left Park (now D)
[2026-05-18 21:22:49.461] Husby was here, and we are ready to go
[2026-05-18 21:22:49.480] AUTO-DISENGAGE: gear left Park (now D)
[2026-05-18 21:22:49.480] Husby was here, and we are ready to go
[2026-05-18 21:22:49.500] AUTO-DISENGAGE: gear left Park (now D)
[2026-05-18 21:22:49.500] Husby was here, and we are ready to go
[2026-05-18 21:22:49.520] AUTO-DISENGAGE: gear left Park (now D)
[2026-05-18 21:22:49.520] Husby was here, and we are ready to go
[2026-05-18 21:22:49.521] AUTO-DISENGAGE: gear left Park (now D)
[2026-05-18 21:22:49.522] Husby was here, and we are ready to go
[2026-05-18 21:22:49.541] AUTO-DISENGAGE: gear left Park (now D)
[2026-05-18 21:22:49.541] Husby was here, and we are ready to go
[2026-05-18 21:22:49.560] AUTO-DISENGAGE: gear left Park (now D)
[2026-05-18 21:22:49.560] Husby was here, and we are ready to go
[2026-05-18 21:22:49.580] AUTO-DISENGAGE: gear left Park (now D)
[2026-05-18 21:22:49.580] Husby was here, and we are ready to go
[2026-05-18 21:22:49.600] AUTO-DISENGAGE: gear left Park (now D)
[2026-05-18 21:22:49.600] Husby was here, and we are ready to go
[2026-05-18 21:22:49.620] AUTO-DISENGAGE: gear left Park (now D)
[2026-05-18 21:22:49.620] Husby was here, and we are ready to go
[2026-05-18 21:22:49.621] AUTO-DISENGAGE: gear left Park (now D)
[2026-05-18 21:22:49.622] Husby was here, and we are ready to go
[2026-05-18 21:22:49.641] AUTO-DISENGAGE: gear left Park (now D)
[2026-05-18 21:22:49.641] Husby was here, and we are ready to go
[2026-05-18 21:22:49.660] AUTO-DISENGAGE: gear left Park (now D)
[2026-05-18 21:22:49.660] Husby was here, and we are ready to go
[2026-05-18 21:22:49.681] AUTO-DISENGAGE: gear left Park (now D)
[2026-05-18 21:22:49.681] Husby was here, and we are ready to go
[2026-05-18 21:22:49.703] AUTO-DISENGAGE: gear left Park (now D)
[2026-05-18 21:22:49.704] Husby was here, and we are ready to go
[2026-05-18 21:22:49.723] AUTO-DISENGAGE: gear left Park (now D)
[2026-05-18 21:22:49.724] Husby was here, and we are ready to go
[2026-05-18 21:22:49.725] AUTO-DISENGAGE: gear left Park (now D)
[2026-05-18 21:22:49.726] Husby was here, and we are ready to go
[2026-05-18 21:22:49.742] AUTO-DISENGAGE: gear left Park (now D)
[2026-05-18 21:22:49.742] Husby was here, and we are ready to go
[2026-05-18 21:22:49.762] AUTO-DISENGAGE: gear left Park (now D)
[2026-05-18 21:22:49.762] Husby was here, and we are ready to go
[2026-05-18 21:22:49.781] AUTO-DISENGAGE: gear left Park (now D)
[2026-05-18 21:22:49.781] Husby was here, and we are ready to go
[2026-05-18 21:22:49.802] AUTO-DISENGAGE: gear left Park (now D)
[2026-05-18 21:22:49.803] Husby was here, and we are ready to go
[2026-05-18 21:22:49.823] AUTO-DISENGAGE: gear left Park (now D)
[2026-05-18 21:22:49.823] Husby was here, and we are ready to go
[2026-05-18 21:22:49.825] AUTO-DISENGAGE: gear left Park (now D)
[2026-05-18 21:22:49.825] Husby was here, and we are ready to go
[2026-05-18 21:22:49.841] AUTO-DISENGAGE: gear left Park (now D)
[2026-05-18 21:22:49.842] Husby was here, and we are ready to go
[2026-05-18 21:22:49.862] AUTO-DISENGAGE: gear left Park (now D)
[2026-05-18 21:22:49.862] Husby was here, and we are ready to go
[2026-05-18 21:22:49.882] AUTO-DISENGAGE: gear left Park (now D)
[2026-05-18 21:22:49.882] Husby was here, and we are ready to go
[2026-05-18 21:22:49.903] AUTO-DISENGAGE: gear left Park (now D)
[2026-05-18 21:22:49.903] Husby was here, and we are ready to go
[2026-05-18 21:22:49.923] AUTO-DISENGAGE: gear left Park (now D)
[2026-05-18 21:22:49.923] Husby was here, and we are ready to go
[2026-05-18 21:22:49.925] AUTO-DISENGAGE: gear left Park (now D)
[2026-05-18 21:22:49.925] Husby was here, and we are ready to go
[2026-05-18 21:22:49.943] AUTO-DISENGAGE: gear left Park (now D)
[2026-05-18 21:22:49.944] Husby was here, and we are ready to go
[2026-05-18 21:22:49.963] AUTO-DISENGAGE: gear left Park (now D)
[2026-05-18 21:22:49.963] Husby was here, and we are ready to go
[2026-05-18 21:22:49.982] AUTO-DISENGAGE: gear left Park (now D)
[2026-05-18 21:22:49.982] Husby was here, and we are ready to go
[2026-05-18 21:22:50.002] AUTO-DISENGAGE: gear left Park (now D)
[2026-05-18 21:22:50.002] Husby was here, and we are ready to go
[2026-05-18 21:22:50.021] AUTO-DISENGAGE: gear left Park (now D)
[2026-05-18 21:22:50.021] Husby was here, and we are ready to go
[2026-05-18 21:22:50.025] AUTO-DISENGAGE: gear left Park (now D)
[2026-05-18 21:22:50.025] Husby was here, and we are ready to go
[2026-05-18 21:22:50.041] AUTO-DISENGAGE: gear left Park (now D)
[2026-05-18 21:22:50.041] Husby was here, and we are ready to go
[2026-05-18 21:22:50.066] AUTO-DISENGAGE: gear left Park (now D)
[2026-05-18 21:22:50.066] Husby was here, and we are ready to go
[2026-05-18 21:22:50.085] AUTO-DISENGAGE: gear left Park (now D)
[2026-05-18 21:22:50.085] Husby was here, and we are ready to go
[2026-05-18 21:22:50.106] AUTO-DISENGAGE: gear left Park (now D)
[2026-05-18 21:22:50.106] Husby was here, and we are ready to go
[2026-05-18 21:22:50.125] AUTO-DISENGAGE: gear left Park (now D)
[2026-05-18 21:22:50.125] Husby was here, and we are ready to go
[2026-05-18 21:22:50.125] AUTO-DISENGAGE: gear left Park (now D)
[2026-05-18 21:22:50.126] Husby was here, and we are ready to go
[2026-05-18 21:22:50.147] AUTO-DISENGAGE: gear left Park (now D)
[2026-05-18 21:22:50.147] Husby was here, and we are ready to go
[2026-05-18 21:22:50.166] AUTO-DISENGAGE: gear left Park (now D)
[2026-05-18 21:22:50.167] Husby was here, and we are ready to go
[2026-05-18 21:22:50.186] AUTO-DISENGAGE: gear left Park (now D)
[2026-05-18 21:22:50.186] Husby was here, and we are ready to go
[2026-05-18 21:22:50.206] AUTO-DISENGAGE: gear left Park (now D)
[2026-05-18 21:22:50.206] Husby was here, and we are ready to go
[2026-05-18 21:22:50.226] AUTO-DISENGAGE: gear left Park (now D)
[2026-05-18 21:22:50.226] Husby was here, and we are ready to go
[2026-05-18 21:22:50.226] AUTO-DISENGAGE: gear left Park (now D)
[2026-05-18 21:22:50.226] Husby was here, and we are ready to go
[2026-05-18 21:22:50.252] AUTO-DISENGAGE: gear left Park (now D)
[2026-05-18 21:22:50.252] Husby was here, and we are ready to go
[2026-05-18 21:22:50.269] AUTO-DISENGAGE: gear left Park (now D)
[2026-05-18 21:22:50.269] Husby was here, and we are ready to go
[2026-05-18 21:22:50.287] AUTO-DISENGAGE: gear left Park (now D)
[2026-05-18 21:22:50.287] Husby was here, and we are ready to go
[2026-05-18 21:22:50.307] AUTO-DISENGAGE: gear left Park (now D)
[2026-05-18 21:22:50.307] Husby was here, and we are ready to go
[2026-05-18 21:22:50.325] AUTO-DISENGAGE: gear left Park (now D)
[2026-05-18 21:22:50.326] Husby was here, and we are ready to go
[2026-05-18 21:22:50.326] AUTO-DISENGAGE: gear left Park (now D)
[2026-05-18 21:22:50.326] Husby was here, and we are ready to go
[2026-05-18 21:22:50.347] AUTO-DISENGAGE: gear left Park (now D)
[2026-05-18 21:22:50.347] Husby was here, and we are ready to go
[2026-05-18 21:22:50.367] AUTO-DISENGAGE: gear left Park (now D)
[2026-05-18 21:22:50.367] Husby was here, and we are ready to go
[2026-05-18 21:22:50.386] AUTO-DISENGAGE: gear left Park (now D)
[2026-05-18 21:22:50.386] Husby was here, and we are ready to go
[2026-05-18 21:22:50.406] AUTO-DISENGAGE: gear left Park (now D)
[2026-05-18 21:22:50.407] Husby was here, and we are ready to go
[2026-05-18 21:22:50.431] AUTO-DISENGAGE: gear left Park (now D)
[2026-05-18 21:22:50.431] Husby was here, and we are ready to go
[2026-05-18 21:22:50.432] AUTO-DISENGAGE: gear left Park (now D)
[2026-05-18 21:22:50.432] Husby was here, and we are ready to go
[2026-05-18 21:22:50.457] AUTO-DISENGAGE: gear left Park (now D)
[2026-05-18 21:22:50.457] Husby was here, and we are ready to go
[2026-05-18 21:22:50.473] AUTO-DISENGAGE: gear left Park (now D)
[2026-05-18 21:22:50.473] Husby was here, and we are ready to go
[2026-05-18 21:22:50.493] AUTO-DISENGAGE: gear left Park (now D)
[2026-05-18 21:22:50.494] Husby was here, and we are ready to go
[2026-05-18 21:22:50.514] AUTO-DISENGAGE: gear left Park (now D)
[2026-05-18 21:22:50.514] Husby was here, and we are ready to go
[2026-05-18 21:22:50.525] AUTO-DISENGAGE: gear left Park (now D)
[2026-05-18 21:22:50.525] Husby was here, and we are ready to go
[2026-05-18 21:22:50.533] AUTO-DISENGAGE: gear left Park (now D)
[2026-05-18 21:22:50.533] Husby was here, and we are ready to go
[2026-05-18 21:22:50.555] AUTO-DISENGAGE: gear left Park (now D)
[2026-05-18 21:22:50.555] Husby was here, and we are ready to go
[2026-05-18 21:22:50.573] AUTO-DISENGAGE: gear left Park (now D)
[2026-05-18 21:22:50.573] Husby was here, and we are ready to go
[2026-05-18 21:22:50.593] AUTO-DISENGAGE: gear left Park (now D)
[2026-05-18 21:22:50.593] Husby was here, and we are ready to go
[2026-05-18 21:22:50.617] AUTO-DISENGAGE: gear left Park (now D)
[2026-05-18 21:22:50.617] Husby was here, and we are ready to go
[2026-05-18 21:22:50.626] AUTO-DISENGAGE: gear left Park (now D)
[2026-05-18 21:22:50.626] Husby was here, and we are ready to go
[2026-05-18 21:22:50.633] AUTO-DISENGAGE: gear left Park (now D)
[2026-05-18 21:22:50.633] Husby was here, and we are ready to go
[2026-05-18 21:22:50.656] AUTO-DISENGAGE: gear left Park (now D)
[2026-05-18 21:22:50.657] Husby was here, and we are ready to go
[2026-05-18 21:22:50.673] AUTO-DISENGAGE: gear left Park (now D)
[2026-05-18 21:22:50.673] Husby was here, and we are ready to go
[2026-05-18 21:22:50.692] AUTO-DISENGAGE: gear left Park (now D)
[2026-05-18 21:22:50.692] Husby was here, and we are ready to go
[2026-05-18 21:22:50.712] AUTO-DISENGAGE: gear left Park (now D)
[2026-05-18 21:22:50.712] Husby was here, and we are ready to go
[2026-05-18 21:22:50.725] AUTO-DISENGAGE: gear left Park (now D)
[2026-05-18 21:22:50.725] Husby was here, and we are ready to go
[2026-05-18 21:22:50.732] AUTO-DISENGAGE: gear left Park (now D)
[2026-05-18 21:22:50.732] Husby was here, and we are ready to go
[2026-05-18 21:22:50.753] AUTO-DISENGAGE: gear left Park (now D)
[2026-05-18 21:22:50.753] Husby was here, and we are ready to go
[2026-05-18 21:22:50.772] AUTO-DISENGAGE: gear left Park (now D)
[2026-05-18 21:22:50.772] Husby was here, and we are ready to go
[2026-05-18 21:22:50.793] AUTO-DISENGAGE: gear left Park (now D)
[2026-05-18 21:22:50.793] Husby was here, and we are ready to go
[2026-05-18 21:22:50.817] AUTO-DISENGAGE: gear left Park (now D)
[2026-05-18 21:22:50.817] Husby was here, and we are ready to go
[2026-05-18 21:22:50.825] AUTO-DISENGAGE: gear left Park (now D)
[2026-05-18 21:22:50.826] Husby was here, and we are ready to go
[2026-05-18 21:22:50.833] AUTO-DISENGAGE: gear left Park (now D)
[2026-05-18 21:22:50.834] Husby was here, and we are ready to go
[2026-05-18 21:22:50.856] AUTO-DISENGAGE: gear left Park (now D)
[2026-05-18 21:22:50.856] Husby was here, and we are ready to go
[2026-05-18 21:22:50.875] AUTO-DISENGAGE: gear left Park (now D)
[2026-05-18 21:22:50.875] Husby was here, and we are ready to go
[2026-05-18 21:22:50.893] AUTO-DISENGAGE: gear left Park (now D)
[2026-05-18 21:22:50.894] Husby was here, and we are ready to go
[2026-05-18 21:22:50.916] AUTO-DISENGAGE: gear left Park (now D)
[2026-05-18 21:22:50.917] Husby was here, and we are ready to go
[2026-05-18 21:22:50.925] AUTO-DISENGAGE: gear left Park (now D)
[2026-05-18 21:22:50.925] Husby was here, and we are ready to go
[2026-05-18 21:22:50.933] AUTO-DISENGAGE: gear left Park (now D)
[2026-05-18 21:22:50.933] Husby was here, and we are ready to go
[2026-05-18 21:22:50.953] AUTO-DISENGAGE: gear left Park (now D)
[2026-05-18 21:22:50.953] Husby was here, and we are ready to go
[2026-05-18 21:22:50.973] AUTO-DISENGAGE: gear left Park (now D)
[2026-05-18 21:22:50.973] Husby was here, and we are ready to go
[2026-05-18 21:22:50.992] AUTO-DISENGAGE: gear left Park (now D)
[2026-05-18 21:22:50.992] Husby was here, and we are ready to go
[2026-05-18 21:22:51.017] AUTO-DISENGAGE: gear left Park (now D)
[2026-05-18 21:22:51.017] Husby was here, and we are ready to go
[2026-05-18 21:22:51.025] AUTO-DISENGAGE: gear left Park (now D)
[2026-05-18 21:22:51.026] Husby was here, and we are ready to go
[2026-05-18 21:22:51.033] AUTO-DISENGAGE: gear left Park (now D)
[2026-05-18 21:22:51.033] Husby was here, and we are ready to go
[2026-05-18 21:22:51.053] AUTO-DISENGAGE: gear left Park (now D)
[2026-05-18 21:22:51.053] Husby was here, and we are ready to go
[2026-05-18 21:22:51.076] AUTO-DISENGAGE: gear left Park (now D)
[2026-05-18 21:22:51.076] Husby was here, and we are ready to go
[2026-05-18 21:22:51.093] AUTO-DISENGAGE: gear left Park (now D)
[2026-05-18 21:22:51.093] Husby was here, and we are ready to go
[2026-05-18 21:22:51.117] AUTO-DISENGAGE: gear left Park (now D)
[2026-05-18 21:22:51.118] Husby was here, and we are ready to go
[2026-05-18 21:22:51.126] AUTO-DISENGAGE: gear left Park (now D)
[2026-05-18 21:22:51.126] Husby was here, and we are ready to go
[2026-05-18 21:22:51.133] AUTO-DISENGAGE: gear left Park (now D)
[2026-05-18 21:22:51.133] Husby was here, and we are ready to go
[2026-05-18 21:22:51.153] AUTO-DISENGAGE: gear left Park (now D)
[2026-05-18 21:22:51.153] Husby was here, and we are ready to go
[2026-05-18 21:22:51.173] AUTO-DISENGAGE: gear left Park (now D)
[2026-05-18 21:22:51.173] Husby was here, and we are ready to go
[2026-05-18 21:22:51.193] AUTO-DISENGAGE: gear left Park (now D)
[2026-05-18 21:22:51.193] Husby was here, and we are ready to go
[2026-05-18 21:22:51.213] AUTO-DISENGAGE: gear left Park (now D)
[2026-05-18 21:22:51.213] Husby was here, and we are ready to go
[2026-05-18 21:22:51.225] AUTO-DISENGAGE: gear left Park (now D)
[2026-05-18 21:22:51.225] Husby was here, and we are ready to go
[2026-05-18 21:22:51.232] AUTO-DISENGAGE: gear left Park (now D)
[2026-05-18 21:22:51.232] Husby was here, and we are ready to go
[2026-05-18 21:22:51.252] AUTO-DISENGAGE: gear left Park (now D)
[2026-05-18 21:22:51.252] Husby was here, and we are ready to go
[2026-05-18 21:22:51.272] AUTO-DISENGAGE: gear left Park (now D)
[2026-05-18 21:22:51.272] Husby was here, and we are ready to go
[2026-05-18 21:22:51.293] AUTO-DISENGAGE: gear left Park (now D)
[2026-05-18 21:22:51.293] Husby was here, and we are ready to go
[2026-05-18 21:22:51.313] AUTO-DISENGAGE: gear left Park (now D)
[2026-05-18 21:22:51.313] Husby was here, and we are ready to go
[2026-05-18 21:22:51.325] AUTO-DISENGAGE: gear left Park (now D)
[2026-05-18 21:22:51.325] Husby was here, and we are ready to go
[2026-05-18 21:22:51.332] AUTO-DISENGAGE: gear left Park (now D)
[2026-05-18 21:22:51.332] Husby was here, and we are ready to go
[2026-05-18 21:22:51.353] AUTO-DISENGAGE: gear left Park (now D)
[2026-05-18 21:22:51.353] Husby was here, and we are ready to go
[2026-05-18 21:22:51.374] AUTO-DISENGAGE: gear left Park (now D)
[2026-05-18 21:22:51.374] Husby was here, and we are ready to go
[2026-05-18 21:22:51.392] AUTO-DISENGAGE: gear left Park (now D)
[2026-05-18 21:22:51.392] Husby was here, and we are ready to go
[2026-05-18 21:22:51.413] AUTO-DISENGAGE: gear left Park (now D)
[2026-05-18 21:22:51.413] Husby was here, and we are ready to go
[2026-05-18 21:22:51.425] AUTO-DISENGAGE: gear left Park (now D)
[2026-05-18 21:22:51.425] Husby was here, and we are ready to go
[2026-05-18 21:22:51.432] AUTO-DISENGAGE: gear left Park (now D)
[2026-05-18 21:22:51.432] Husby was here, and we are ready to go
[2026-05-18 21:22:51.452] AUTO-DISENGAGE: gear left Park (now D)
[2026-05-18 21:22:51.452] Husby was here, and we are ready to go
[2026-05-18 21:22:51.472] AUTO-DISENGAGE: gear left Park (now D)
[2026-05-18 21:22:51.473] Husby was here, and we are ready to go
[2026-05-18 21:22:51.492] AUTO-DISENGAGE: gear left Park (now D)
[2026-05-18 21:22:51.492] Husby was here, and we are ready to go
[2026-05-18 21:22:51.513] AUTO-DISENGAGE: gear left Park (now D)
[2026-05-18 21:22:51.513] Husby was here, and we are ready to go
[2026-05-18 21:22:51.525] AUTO-DISENGAGE: gear left Park (now D)
[2026-05-18 21:22:51.525] Husby was here, and we are ready to go
[2026-05-18 21:22:51.532] AUTO-DISENGAGE: gear left Park (now D)
[2026-05-18 21:22:51.532] Husby was here, and we are ready to go
[2026-05-18 21:22:51.552] AUTO-DISENGAGE: gear left Park (now D)
[2026-05-18 21:22:51.552] Husby was here, and we are ready to go
[2026-05-18 21:22:51.573] AUTO-DISENGAGE: gear left Park (now D)
[2026-05-18 21:22:51.573] Husby was here, and we are ready to go
[2026-05-18 21:22:51.592] AUTO-DISENGAGE: gear left Park (now D)
[2026-05-18 21:22:51.592] Husby was here, and we are ready to go
[2026-05-18 21:22:51.616] AUTO-DISENGAGE: gear left Park (now D)
[2026-05-18 21:22:51.616] Husby was here, and we are ready to go
[2026-05-18 21:22:51.626] AUTO-DISENGAGE: gear left Park (now D)
[2026-05-18 21:22:51.626] Husby was here, and we are ready to go
[2026-05-18 21:22:51.633] AUTO-DISENGAGE: gear left Park (now D)
[2026-05-18 21:22:51.633] Husby was here, and we are ready to go
[2026-05-18 21:22:51.655] AUTO-DISENGAGE: gear left Park (now D)
[2026-05-18 21:22:51.655] Husby was here, and we are ready to go
[2026-05-18 21:22:51.675] AUTO-DISENGAGE: gear left Park (now D)
[2026-05-18 21:22:51.675] Husby was here, and we are ready to go
[2026-05-18 21:22:51.692] AUTO-DISENGAGE: gear left Park (now D)
[2026-05-18 21:22:51.692] Husby was here, and we are ready to go
[2026-05-18 21:22:51.713] AUTO-DISENGAGE: gear left Park (now D)
[2026-05-18 21:22:51.713] Husby was here, and we are ready to go
[2026-05-18 21:22:51.725] AUTO-DISENGAGE: gear left Park (now D)
[2026-05-18 21:22:51.725] Husby was here, and we are ready to go
[2026-05-18 21:22:51.732] AUTO-DISENGAGE: gear left Park (now D)
[2026-05-18 21:22:51.732] Husby was here, and we are ready to go
[2026-05-18 21:22:51.753] AUTO-DISENGAGE: gear left Park (now D)
[2026-05-18 21:22:51.753] Husby was here, and we are ready to go
[2026-05-18 21:22:51.773] AUTO-DISENGAGE: gear left Park (now D)
[2026-05-18 21:22:51.773] Husby was here, and we are ready to go
[2026-05-18 21:22:51.793] AUTO-DISENGAGE: gear left Park (now D)
[2026-05-18 21:22:51.793] Husby was here, and we are ready to go
[2026-05-18 21:22:51.813] AUTO-DISENGAGE: gear left Park (now D)
[2026-05-18 21:22:51.813] Husby was here, and we are ready to go
[2026-05-18 21:22:51.828] AUTO-DISENGAGE: gear left Park (now D)
[2026-05-18 21:22:51.829] Husby was here, and we are ready to go
[2026-05-18 21:22:51.833] AUTO-DISENGAGE: gear left Park (now D)
[2026-05-18 21:22:51.833] Husby was here, and we are ready to go
[2026-05-18 21:22:51.855] AUTO-DISENGAGE: gear left Park (now D)
[2026-05-18 21:22:51.856] Husby was here, and we are ready to go
[2026-05-18 21:22:51.874] AUTO-DISENGAGE: gear left Park (now D)
[2026-05-18 21:22:51.874] Husby was here, and we are ready to go
[2026-05-18 21:22:51.893] AUTO-DISENGAGE: gear left Park (now D)
[2026-05-18 21:22:51.893] Husby was here, and we are ready to go
[2026-05-18 21:22:51.914] AUTO-DISENGAGE: gear left Park (now D)
[2026-05-18 21:22:51.914] Husby was here, and we are ready to go
[2026-05-18 21:22:51.925] AUTO-DISENGAGE: gear left Park (now D)
[2026-05-18 21:22:51.926] Husby was here, and we are ready to go
[2026-05-18 21:22:51.932] AUTO-DISENGAGE: gear left Park (now D)
[2026-05-18 21:22:51.933] Husby was here, and we are ready to go
[2026-05-18 21:22:51.954] AUTO-DISENGAGE: gear left Park (now D)
[2026-05-18 21:22:51.955] Husby was here, and we are ready to go
[2026-05-18 21:22:51.973] AUTO-DISENGAGE: gear left Park (now D)
[2026-05-18 21:22:51.973] Husby was here, and we are ready to go
[2026-05-18 21:22:51.992] AUTO-DISENGAGE: gear left Park (now D)
[2026-05-18 21:22:51.992] Husby was here, and we are ready to go
[2026-05-18 21:22:52.016] AUTO-DISENGAGE: gear left Park (now D)
[2026-05-18 21:22:52.016] Husby was here, and we are ready to go
[2026-05-18 21:22:52.026] AUTO-DISENGAGE: gear left Park (now D)
[2026-05-18 21:22:52.027] Husby was here, and we are ready to go
[2026-05-18 21:22:52.034] AUTO-DISENGAGE: gear left Park (now D)
[2026-05-18 21:22:52.034] Husby was here, and we are ready to go
[2026-05-18 21:22:52.056] AUTO-DISENGAGE: gear left Park (now D)
[2026-05-18 21:22:52.057] Husby was here, and we are ready to go
[2026-05-18 21:22:52.074] AUTO-DISENGAGE: gear left Park (now D)
[2026-05-18 21:22:52.074] Husby was here, and we are ready to go
[2026-05-18 21:22:52.093] AUTO-DISENGAGE: gear left Park (now D)
[2026-05-18 21:22:52.093] Husby was here, and we are ready to go
[2026-05-18 21:22:52.116] AUTO-DISENGAGE: gear left Park (now D)
[2026-05-18 21:22:52.116] Husby was here, and we are ready to go
[2026-05-18 21:22:52.125] AUTO-DISENGAGE: gear left Park (now D)
[2026-05-18 21:22:52.126] Husby was here, and we are ready to go
[2026-05-18 21:22:52.134] AUTO-DISENGAGE: gear left Park (now D)
[2026-05-18 21:22:52.135] Husby was here, and we are ready to go
[2026-05-18 21:22:52.156] AUTO-DISENGAGE: gear left Park (now D)
[2026-05-18 21:22:52.156] Husby was here, and we are ready to go
[2026-05-18 21:22:52.173] AUTO-DISENGAGE: gear left Park (now D)
[2026-05-18 21:22:52.173] Husby was here, and we are ready to go
[2026-05-18 21:22:52.193] AUTO-DISENGAGE: gear left Park (now D)
[2026-05-18 21:22:52.193] Husby was here, and we are ready to go
[2026-05-18 21:22:52.216] AUTO-DISENGAGE: gear left Park (now D)
[2026-05-18 21:22:52.216] Husby was here, and we are ready to go
[2026-05-18 21:22:52.226] AUTO-DISENGAGE: gear left Park (now D)
[2026-05-18 21:22:52.227] Husby was here, and we are ready to go
[2026-05-18 21:22:52.233] AUTO-DISENGAGE: gear left Park (now D)
[2026-05-18 21:22:52.233] Husby was here, and we are ready to go
[2026-05-18 21:22:52.254] AUTO-DISENGAGE: gear left Park (now D)
[2026-05-18 21:22:52.254] Husby was here, and we are ready to go
[2026-05-18 21:22:52.276] AUTO-DISENGAGE: gear left Park (now D)
[2026-05-18 21:22:52.277] Husby was here, and we are ready to go
[2026-05-18 21:22:52.293] AUTO-DISENGAGE: gear left Park (now D)
[2026-05-18 21:22:52.294] Husby was here, and we are ready to go
[2026-05-18 21:22:52.319] AUTO-DISENGAGE: gear left Park (now D)
[2026-05-18 21:22:52.319] Husby was here, and we are ready to go
[2026-05-18 21:22:52.325] AUTO-DISENGAGE: gear left Park (now D)
[2026-05-18 21:22:52.325] Husby was here, and we are ready to go
[2026-05-18 21:22:52.333] AUTO-DISENGAGE: gear left Park (now D)
[2026-05-18 21:22:52.333] Husby was here, and we are ready to go
[2026-05-18 21:22:52.354] AUTO-DISENGAGE: gear left Park (now D)
[2026-05-18 21:22:52.354] Husby was here, and we are ready to go
[2026-05-18 21:22:52.376] AUTO-DISENGAGE: gear left Park (now D)
[2026-05-18 21:22:52.376] Husby was here, and we are ready to go
[2026-05-18 21:22:52.396] AUTO-DISENGAGE: gear left Park (now D)
[2026-05-18 21:22:52.396] Husby was here, and we are ready to go
[2026-05-18 21:22:52.416] AUTO-DISENGAGE: gear left Park (now D)
[2026-05-18 21:22:52.416] Husby was here, and we are ready to go
[2026-05-18 21:22:52.425] AUTO-DISENGAGE: gear left Park (now D)
[2026-05-18 21:22:52.426] Husby was here, and we are ready to go
[2026-05-18 21:22:52.433] AUTO-DISENGAGE: gear left Park (now D)
[2026-05-18 21:22:52.433] Husby was here, and we are ready to go
[2026-05-18 21:22:52.454] AUTO-DISENGAGE: gear left Park (now D)
[2026-05-18 21:22:52.454] Husby was here, and we are ready to go
[2026-05-18 21:22:52.476] AUTO-DISENGAGE: gear left Park (now D)
[2026-05-18 21:22:52.476] Husby was here, and we are ready to go
[2026-05-18 21:22:52.494] AUTO-DISENGAGE: gear left Park (now D)
[2026-05-18 21:22:52.494] Husby was here, and we are ready to go
[2026-05-18 21:22:52.516] AUTO-DISENGAGE: gear left Park (now D)
[2026-05-18 21:22:52.516] Husby was here, and we are ready to go
[2026-05-18 21:22:52.525] AUTO-DISENGAGE: gear left Park (now D)
[2026-05-18 21:22:52.525] Husby was here, and we are ready to go
[2026-05-18 21:22:52.533] AUTO-DISENGAGE: gear left Park (now D)
[2026-05-18 21:22:52.533] Husby was here, and we are ready to go
[2026-05-18 21:22:52.555] AUTO-DISENGAGE: gear left Park (now D)
[2026-05-18 21:22:52.555] Husby was here, and we are ready to go
[2026-05-18 21:22:52.576] AUTO-DISENGAGE: gear left Park (now D)
[2026-05-18 21:22:52.577] Husby was here, and we are ready to go
[2026-05-18 21:22:52.596] AUTO-DISENGAGE: gear left Park (now D)
[2026-05-18 21:22:52.596] Husby was here, and we are ready to go
[2026-05-18 21:22:52.616] AUTO-DISENGAGE: gear left Park (now D)
[2026-05-18 21:22:52.616] Husby was here, and we are ready to go
[2026-05-18 21:22:52.625] AUTO-DISENGAGE: gear left Park (now D)
[2026-05-18 21:22:52.626] Husby was here, and we are ready to go
[2026-05-18 21:22:52.635] AUTO-DISENGAGE: gear left Park (now D)
[2026-05-18 21:22:52.635] Husby was here, and we are ready to go
[2026-05-18 21:22:52.655] AUTO-DISENGAGE: gear left Park (now D)
[2026-05-18 21:22:52.655] Husby was here, and we are ready to go
[2026-05-18 21:22:52.675] AUTO-DISENGAGE: gear left Park (now D)
[2026-05-18 21:22:52.675] Husby was here, and we are ready to go
[2026-05-18 21:22:52.694] AUTO-DISENGAGE: gear left Park (now D)
[2026-05-18 21:22:52.694] Husby was here, and we are ready to go
[2026-05-18 21:22:52.715] AUTO-DISENGAGE: gear left Park (now D)
[2026-05-18 21:22:52.715] Husby was here, and we are ready to go
[2026-05-18 21:22:52.726] AUTO-DISENGAGE: gear left Park (now D)
[2026-05-18 21:22:52.726] Husby was here, and we are ready to go
[2026-05-18 21:22:52.735] AUTO-DISENGAGE: gear left Park (now D)
[2026-05-18 21:22:52.735] Husby was here, and we are ready to go
[2026-05-18 21:22:52.758] AUTO-DISENGAGE: gear left Park (now D)
[2026-05-18 21:22:52.758] Husby was here, and we are ready to go
[2026-05-18 21:22:52.778] AUTO-DISENGAGE: gear left Park (now D)
[2026-05-18 21:22:52.778] Husby was here, and we are ready to go
[2026-05-18 21:22:52.796] AUTO-DISENGAGE: gear left Park (now D)
[2026-05-18 21:22:52.797] Husby was here, and we are ready to go
[2026-05-18 21:22:52.817] AUTO-DISENGAGE: gear left Park (now D)
[2026-05-18 21:22:52.818] Husby was here, and we are ready to go
[2026-05-18 21:22:52.825] AUTO-DISENGAGE: gear left Park (now D)
[2026-05-18 21:22:52.826] Husby was here, and we are ready to go
[2026-05-18 21:22:52.837] AUTO-DISENGAGE: gear left Park (now D)
[2026-05-18 21:22:52.837] Husby was here, and we are ready to go
[2026-05-18 21:22:52.856] AUTO-DISENGAGE: gear left Park (now D)
[2026-05-18 21:22:52.856] Husby was here, and we are ready to go
[2026-05-18 21:22:52.875] AUTO-DISENGAGE: gear left Park (now D)
[2026-05-18 21:22:52.875] Husby was here, and we are ready to go
[2026-05-18 21:22:52.895] AUTO-DISENGAGE: gear left Park (now D)
[2026-05-18 21:22:52.895] Husby was here, and we are ready to go
[2026-05-18 21:22:52.919] AUTO-DISENGAGE: gear left Park (now D)
[2026-05-18 21:22:52.919] Husby was here, and we are ready to go
[2026-05-18 21:22:52.925] AUTO-DISENGAGE: gear left Park (now D)
[2026-05-18 21:22:52.925] Husby was here, and we are ready to go
[2026-05-18 21:22:52.936] AUTO-DISENGAGE: gear left Park (now D)
[2026-05-18 21:22:52.936] Husby was here, and we are ready to go
[2026-05-18 21:22:52.958] AUTO-DISENGAGE: gear left Park (now D)
[2026-05-18 21:22:52.959] Husby was here, and we are ready to go
[2026-05-18 21:22:52.976] AUTO-DISENGAGE: gear left Park (now D)
[2026-05-18 21:22:52.976] Husby was here, and we are ready to go
[2026-05-18 21:22:52.995] AUTO-DISENGAGE: gear left Park (now D)
[2026-05-18 21:22:52.995] Husby was here, and we are ready to go
[2026-05-18 21:22:53.016] AUTO-DISENGAGE: gear left Park (now D)
[2026-05-18 21:22:53.016] Husby was here, and we are ready to go
[2026-05-18 21:22:53.026] AUTO-DISENGAGE: gear left Park (now D)
[2026-05-18 21:22:53.027] Husby was here, and we are ready to go
[2026-05-18 21:22:53.036] AUTO-DISENGAGE: gear left Park (now D)
[2026-05-18 21:22:53.036] Husby was here, and we are ready to go
[2026-05-18 21:22:53.060] AUTO-DISENGAGE: gear left Park (now D)
[2026-05-18 21:22:53.061] Husby was here, and we are ready to go
[2026-05-18 21:22:53.076] AUTO-DISENGAGE: gear left Park (now D)
[2026-05-18 21:22:53.076] Husby was here, and we are ready to go
[2026-05-18 21:22:53.096] AUTO-DISENGAGE: gear left Park (now D)
[2026-05-18 21:22:53.096] Husby was here, and we are ready to go
[2026-05-18 21:22:53.122] AUTO-DISENGAGE: gear left Park (now D)
[2026-05-18 21:22:53.122] Husby was here, and we are ready to go
[2026-05-18 21:22:53.125] AUTO-DISENGAGE: gear left Park (now D)
[2026-05-18 21:22:53.125] Husby was here, and we are ready to go
[2026-05-18 21:22:53.142] AUTO-DISENGAGE: gear left Park (now D)
[2026-05-18 21:22:53.142] Husby was here, and we are ready to go
[2026-05-18 21:22:53.163] AUTO-DISENGAGE: gear left Park (now D)
[2026-05-18 21:22:53.163] Husby was here, and we are ready to go
[2026-05-18 21:22:53.180] AUTO-DISENGAGE: gear left Park (now D)
[2026-05-18 21:22:53.181] Husby was here, and we are ready to go
[2026-05-18 21:22:53.203] AUTO-DISENGAGE: gear left Park (now D)
[2026-05-18 21:22:53.203] Husby was here, and we are ready to go
[2026-05-18 21:22:53.226] AUTO-DISENGAGE: gear left Park (now D)
[2026-05-18 21:22:53.226] Husby was here, and we are ready to go
[2026-05-18 21:22:53.226] AUTO-DISENGAGE: gear left Park (now D)
[2026-05-18 21:22:53.226] Husby was here, and we are ready to go
[2026-05-18 21:22:53.246] AUTO-DISENGAGE: gear left Park (now D)
[2026-05-18 21:22:53.246] Husby was here, and we are ready to go
[2026-05-18 21:22:53.265] AUTO-DISENGAGE: gear left Park (now D)
[2026-05-18 21:22:53.265] Husby was here, and we are ready to go
[2026-05-18 21:22:53.285] AUTO-DISENGAGE: gear left Park (now D)
[2026-05-18 21:22:53.285] Husby was here, and we are ready to go
[2026-05-18 21:22:53.311] AUTO-DISENGAGE: gear left Park (now D)
[2026-05-18 21:22:53.311] Husby was here, and we are ready to go
[2026-05-18 21:22:53.327] AUTO-DISENGAGE: gear left Park (now D)
[2026-05-18 21:22:53.327] Husby was here, and we are ready to go
[2026-05-18 21:22:53.328] AUTO-DISENGAGE: gear left Park (now D)
[2026-05-18 21:22:53.328] Husby was here, and we are ready to go
[2026-05-18 21:22:53.347] AUTO-DISENGAGE: gear left Park (now D)
[2026-05-18 21:22:53.347] Husby was here, and we are ready to go
[2026-05-18 21:22:53.369] AUTO-DISENGAGE: gear left Park (now D)
[2026-05-18 21:22:53.369] Husby was here, and we are ready to go
[2026-05-18 21:22:53.386] AUTO-DISENGAGE: gear left Park (now D)
[2026-05-18 21:22:53.387] Husby was here, and we are ready to go
[2026-05-18 21:22:53.407] AUTO-DISENGAGE: gear left Park (now D)
[2026-05-18 21:22:53.407] Husby was here, and we are ready to go
[2026-05-18 21:22:53.428] AUTO-DISENGAGE: gear left Park (now D)
[2026-05-18 21:22:53.429] Husby was here, and we are ready to go
[2026-05-18 21:22:53.429] AUTO-DISENGAGE: gear left Park (now D)
[2026-05-18 21:22:53.430] Husby was here, and we are ready to go
[2026-05-18 21:22:53.447] AUTO-DISENGAGE: gear left Park (now D)
[2026-05-18 21:22:53.447] Husby was here, and we are ready to go
[2026-05-18 21:22:53.468] AUTO-DISENGAGE: gear left Park (now D)
[2026-05-18 21:22:53.468] Husby was here, and we are ready to go
[2026-05-18 21:22:53.486] AUTO-DISENGAGE: gear left Park (now D)
[2026-05-18 21:22:53.486] Husby was here, and we are ready to go
[2026-05-18 21:22:53.507] AUTO-DISENGAGE: gear left Park (now D)
[2026-05-18 21:22:53.507] Husby was here, and we are ready to go
[2026-05-18 21:22:53.527] AUTO-DISENGAGE: gear left Park (now D)
[2026-05-18 21:22:53.527] Husby was here, and we are ready to go
[2026-05-18 21:22:53.530] AUTO-DISENGAGE: gear left Park (now D)
[2026-05-18 21:22:53.530] Husby was here, and we are ready to go
[2026-05-18 21:22:53.547] AUTO-DISENGAGE: gear left Park (now D)
[2026-05-18 21:22:53.547] Husby was here, and we are ready to go
[2026-05-18 21:22:53.571] AUTO-DISENGAGE: gear left Park (now D)
[2026-05-18 21:22:53.571] Husby was here, and we are ready to go
[2026-05-18 21:22:53.588] AUTO-DISENGAGE: gear left Park (now D)
[2026-05-18 21:22:53.588] Husby was here, and we are ready to go
[2026-05-18 21:22:53.613] AUTO-DISENGAGE: gear left Park (now D)
[2026-05-18 21:22:53.613] Husby was here, and we are ready to go
[2026-05-18 21:22:53.630] AUTO-DISENGAGE: gear left Park (now D)
[2026-05-18 21:22:53.630] Husby was here, and we are ready to go
[2026-05-18 21:22:53.631] AUTO-DISENGAGE: gear left Park (now D)
[2026-05-18 21:22:53.631] Husby was here, and we are ready to go
[2026-05-18 21:22:53.647] AUTO-DISENGAGE: gear left Park (now D)
[2026-05-18 21:22:53.648] Husby was here, and we are ready to go
[2026-05-18 21:22:53.671] AUTO-DISENGAGE: gear left Park (now D)
[2026-05-18 21:22:53.671] Husby was here, and we are ready to go
[2026-05-18 21:22:53.687] AUTO-DISENGAGE: gear left Park (now D)
[2026-05-18 21:22:53.687] Husby was here, and we are ready to go
[2026-05-18 21:22:53.712] AUTO-DISENGAGE: gear left Park (now D)
[2026-05-18 21:22:53.712] Husby was here, and we are ready to go
[2026-05-18 21:22:53.728] AUTO-DISENGAGE: gear left Park (now D)
[2026-05-18 21:22:53.729] Husby was here, and we are ready to go
[2026-05-18 21:22:53.732] AUTO-DISENGAGE: gear left Park (now D)
[2026-05-18 21:22:53.732] Husby was here, and we are ready to go
[2026-05-18 21:22:53.752] AUTO-DISENGAGE: gear left Park (now D)
[2026-05-18 21:22:53.752] Husby was here, and we are ready to go
[2026-05-18 21:22:53.780] AUTO-DISENGAGE: gear left Park (now D)
[2026-05-18 21:22:53.780] Husby was here, and we are ready to go
[2026-05-18 21:22:53.798] AUTO-DISENGAGE: gear left Park (now D)
[2026-05-18 21:22:53.799] Husby was here, and we are ready to go
[2026-05-18 21:22:53.820] AUTO-DISENGAGE: gear left Park (now D)
[2026-05-18 21:22:53.820] Husby was here, and we are ready to go
[2026-05-18 21:22:53.834] AUTO-DISENGAGE: gear left Park (now D)
[2026-05-18 21:22:53.834] Husby was here, and we are ready to go
[2026-05-18 21:22:53.835] AUTO-DISENGAGE: gear left Park (now D)
[2026-05-18 21:22:53.835] Husby was here, and we are ready to go
[2026-05-18 21:22:53.860] AUTO-DISENGAGE: gear left Park (now D)
[2026-05-18 21:22:53.860] Husby was here, and we are ready to go
[2026-05-18 21:22:53.877] AUTO-DISENGAGE: gear left Park (now D)
[2026-05-18 21:22:53.878] Husby was here, and we are ready to go
[2026-05-18 21:22:53.899] AUTO-DISENGAGE: gear left Park (now D)
[2026-05-18 21:22:53.900] Husby was here, and we are ready to go
[2026-05-18 21:22:53.920] AUTO-DISENGAGE: gear left Park (now D)
[2026-05-18 21:22:53.920] Husby was here, and we are ready to go
[2026-05-18 21:22:53.933] AUTO-DISENGAGE: gear left Park (now D)
[2026-05-18 21:22:53.934] Husby was here, and we are ready to go
[2026-05-18 21:22:53.935] AUTO-DISENGAGE: gear left Park (now D)
[2026-05-18 21:22:53.935] Husby was here, and we are ready to go
[2026-05-18 21:22:53.961] AUTO-DISENGAGE: gear left Park (now D)
[2026-05-18 21:22:53.961] Husby was here, and we are ready to go
[2026-05-18 21:22:53.976] brake: PRESSED
[2026-05-18 21:22:53.977] AUTO-DISENGAGE: gear left Park (now D)
[2026-05-18 21:22:53.978] Husby was here, and we are ready to go
[2026-05-18 21:22:54.003] AUTO-DISENGAGE: gear left Park (now D)
[2026-05-18 21:22:54.003] Husby was here, and we are ready to go
[2026-05-18 21:22:54.020] AUTO-DISENGAGE: gear left Park (now D)
[2026-05-18 21:22:54.020] Husby was here, and we are ready to go
[2026-05-18 21:22:54.033] AUTO-DISENGAGE: gear left Park (now D)
[2026-05-18 21:22:54.033] Husby was here, and we are ready to go
[2026-05-18 21:22:54.040] AUTO-DISENGAGE: gear left Park (now D)
[2026-05-18 21:22:54.041] Husby was here, and we are ready to go
[2026-05-18 21:22:54.062] AUTO-DISENGAGE: gear left Park (now D)
[2026-05-18 21:22:54.062] Husby was here, and we are ready to go
[2026-05-18 21:22:54.081] AUTO-DISENGAGE: gear left Park (now D)
[2026-05-18 21:22:54.082] Husby was here, and we are ready to go
[2026-05-18 21:22:54.100] AUTO-DISENGAGE: gear left Park (now D)
[2026-05-18 21:22:54.100] Husby was here, and we are ready to go
[2026-05-18 21:22:54.121] AUTO-DISENGAGE: gear left Park (now D)
[2026-05-18 21:22:54.121] Husby was here, and we are ready to go
[2026-05-18 21:22:54.132] AUTO-DISENGAGE: gear left Park (now D)
[2026-05-18 21:22:54.132] Husby was here, and we are ready to go
[2026-05-18 21:22:54.140] AUTO-DISENGAGE: gear left Park (now D)
[2026-05-18 21:22:54.140] Husby was here, and we are ready to go
[2026-05-18 21:22:54.162] AUTO-DISENGAGE: gear left Park (now D)
[2026-05-18 21:22:54.162] Husby was here, and we are ready to go
[2026-05-18 21:22:54.183] AUTO-DISENGAGE: gear left Park (now D)
[2026-05-18 21:22:54.183] Husby was here, and we are ready to go
[2026-05-18 21:22:54.200] AUTO-DISENGAGE: gear left Park (now D)
[2026-05-18 21:22:54.200] Husby was here, and we are ready to go
[2026-05-18 21:22:54.221] AUTO-DISENGAGE: gear left Park (now D)
[2026-05-18 21:22:54.222] Husby was here, and we are ready to go
[2026-05-18 21:22:54.232] AUTO-DISENGAGE: gear left Park (now D)
[2026-05-18 21:22:54.232] Husby was here, and we are ready to go
[2026-05-18 21:22:54.239] AUTO-DISENGAGE: gear left Park (now D)
[2026-05-18 21:22:54.239] Husby was here, and we are ready to go
[2026-05-18 21:22:54.260] AUTO-DISENGAGE: gear left Park (now D)
[2026-05-18 21:22:54.260] Husby was here, and we are ready to go
[2026-05-18 21:22:54.284] AUTO-DISENGAGE: gear left Park (now D)
[2026-05-18 21:22:54.284] Husby was here, and we are ready to go
[2026-05-18 21:22:54.303] AUTO-DISENGAGE: gear left Park (now D)
[2026-05-18 21:22:54.303] Husby was here, and we are ready to go
[2026-05-18 21:22:54.323] AUTO-DISENGAGE: gear left Park (now D)
[2026-05-18 21:22:54.323] Husby was here, and we are ready to go
[2026-05-18 21:22:54.331] AUTO-DISENGAGE: gear left Park (now D)
[2026-05-18 21:22:54.332] Husby was here, and we are ready to go
[2026-05-18 21:22:54.342] AUTO-DISENGAGE: gear left Park (now D)
[2026-05-18 21:22:54.342] Husby was here, and we are ready to go
[2026-05-18 21:22:54.362] AUTO-DISENGAGE: gear left Park (now D)
[2026-05-18 21:22:54.362] Husby was here, and we are ready to go
[2026-05-18 21:22:54.382] AUTO-DISENGAGE: gear left Park (now D)
[2026-05-18 21:22:54.382] Husby was here, and we are ready to go
[2026-05-18 21:22:54.410] AUTO-DISENGAGE: gear left Park (now D)
[2026-05-18 21:22:54.411] Husby was here, and we are ready to go
[2026-05-18 21:22:54.422] AUTO-DISENGAGE: gear left Park (now D)
[2026-05-18 21:22:54.422] Husby was here, and we are ready to go
[2026-05-18 21:22:54.433] AUTO-DISENGAGE: gear left Park (now D)
[2026-05-18 21:22:54.433] Husby was here, and we are ready to go
[2026-05-18 21:22:54.444] AUTO-DISENGAGE: gear left Park (now D)
[2026-05-18 21:22:54.444] Husby was here, and we are ready to go
[2026-05-18 21:22:54.466] AUTO-DISENGAGE: gear left Park (now D)
[2026-05-18 21:22:54.466] Husby was here, and we are ready to go
[2026-05-18 21:22:54.482] AUTO-DISENGAGE: gear left Park (now D)
[2026-05-18 21:22:54.482] Husby was here, and we are ready to go
[2026-05-18 21:22:54.505] AUTO-DISENGAGE: gear left Park (now D)
[2026-05-18 21:22:54.506] Husby was here, and we are ready to go
[2026-05-18 21:22:54.522] AUTO-DISENGAGE: gear left Park (now D)
[2026-05-18 21:22:54.522] Husby was here, and we are ready to go
[2026-05-18 21:22:54.532] AUTO-DISENGAGE: gear left Park (now D)
[2026-05-18 21:22:54.532] Husby was here, and we are ready to go
[2026-05-18 21:22:54.542] AUTO-DISENGAGE: gear left Park (now D)
[2026-05-18 21:22:54.542] Husby was here, and we are ready to go
[2026-05-18 21:22:54.563] AUTO-DISENGAGE: gear left Park (now D)
[2026-05-18 21:22:54.563] Husby was here, and we are ready to go
[2026-05-18 21:22:54.582] AUTO-DISENGAGE: gear left Park (now D)
[2026-05-18 21:22:54.582] Husby was here, and we are ready to go
[2026-05-18 21:22:54.603] AUTO-DISENGAGE: gear left Park (now D)
[2026-05-18 21:22:54.603] Husby was here, and we are ready to go
[2026-05-18 21:22:54.626] AUTO-DISENGAGE: gear left Park (now D)
[2026-05-18 21:22:54.626] Husby was here, and we are ready to go
[2026-05-18 21:22:54.633] AUTO-DISENGAGE: gear left Park (now D)
[2026-05-18 21:22:54.633] Husby was here, and we are ready to go
[2026-05-18 21:22:54.643] AUTO-DISENGAGE: gear left Park (now D)
[2026-05-18 21:22:54.643] Husby was here, and we are ready to go
[2026-05-18 21:22:54.665] AUTO-DISENGAGE: gear left Park (now D)
[2026-05-18 21:22:54.666] Husby was here, and we are ready to go
[2026-05-18 21:22:54.682] AUTO-DISENGAGE: gear left Park (now D)
[2026-05-18 21:22:54.682] Husby was here, and we are ready to go
[2026-05-18 21:22:54.706] AUTO-DISENGAGE: gear left Park (now D)
[2026-05-18 21:22:54.706] Husby was here, and we are ready to go
[2026-05-18 21:22:54.725] AUTO-DISENGAGE: gear left Park (now D)
[2026-05-18 21:22:54.725] Husby was here, and we are ready to go
[2026-05-18 21:22:54.733] AUTO-DISENGAGE: gear left Park (now D)
[2026-05-18 21:22:54.733] Husby was here, and we are ready to go
[2026-05-18 21:22:54.746] AUTO-DISENGAGE: gear left Park (now D)
[2026-05-18 21:22:54.746] Husby was here, and we are ready to go
[2026-05-18 21:22:54.765] AUTO-DISENGAGE: gear left Park (now D)
[2026-05-18 21:22:54.766] Husby was here, and we are ready to go
[2026-05-18 21:22:54.788] AUTO-DISENGAGE: gear left Park (now D)
[2026-05-18 21:22:54.788] Husby was here, and we are ready to go
[2026-05-18 21:22:54.808] AUTO-DISENGAGE: gear left Park (now D)
[2026-05-18 21:22:54.808] Husby was here, and we are ready to go
[2026-05-18 21:22:54.826] AUTO-DISENGAGE: gear left Park (now D)
[2026-05-18 21:22:54.826] Husby was here, and we are ready to go
[2026-05-18 21:22:54.833] AUTO-DISENGAGE: gear left Park (now D)
[2026-05-18 21:22:54.833] Husby was here, and we are ready to go
[2026-05-18 21:22:54.845] AUTO-DISENGAGE: gear left Park (now D)
[2026-05-18 21:22:54.845] Husby was here, and we are ready to go
[2026-05-18 21:22:54.870] AUTO-DISENGAGE: gear left Park (now D)
[2026-05-18 21:22:54.870] Husby was here, and we are ready to go
[2026-05-18 21:22:54.884] AUTO-DISENGAGE: gear left Park (now D)
[2026-05-18 21:22:54.885] Husby was here, and we are ready to go
[2026-05-18 21:22:54.910] AUTO-DISENGAGE: gear left Park (now D)
[2026-05-18 21:22:54.911] Husby was here, and we are ready to go
[2026-05-18 21:22:54.925] AUTO-DISENGAGE: gear left Park (now D)
[2026-05-18 21:22:54.926] Husby was here, and we are ready to go
[2026-05-18 21:22:54.932] AUTO-DISENGAGE: gear left Park (now D)
[2026-05-18 21:22:54.932] Husby was here, and we are ready to go
[2026-05-18 21:22:54.944] AUTO-DISENGAGE: gear left Park (now D)
[2026-05-18 21:22:54.945] Husby was here, and we are ready to go
[2026-05-18 21:22:54.971] AUTO-DISENGAGE: gear left Park (now D)
[2026-05-18 21:22:54.971] Husby was here, and we are ready to go
[2026-05-18 21:22:54.991] AUTO-DISENGAGE: gear left Park (now D)
[2026-05-18 21:22:54.991] Husby was here, and we are ready to go
[2026-05-18 21:22:55.011] AUTO-DISENGAGE: gear left Park (now D)
[2026-05-18 21:22:55.011] Husby was here, and we are ready to go
[2026-05-18 21:22:55.030] AUTO-DISENGAGE: gear left Park (now D)
[2026-05-18 21:22:55.030] Husby was here, and we are ready to go
[2026-05-18 21:22:55.031] AUTO-DISENGAGE: gear left Park (now D)
[2026-05-18 21:22:55.031] Husby was here, and we are ready to go
[2026-05-18 21:22:55.050] AUTO-DISENGAGE: gear left Park (now D)
[2026-05-18 21:22:55.051] Husby was here, and we are ready to go
[2026-05-18 21:22:55.070] AUTO-DISENGAGE: gear left Park (now D)
[2026-05-18 21:22:55.070] Husby was here, and we are ready to go
[2026-05-18 21:22:55.090] AUTO-DISENGAGE: gear left Park (now D)
[2026-05-18 21:22:55.090] Husby was here, and we are ready to go
[2026-05-18 21:22:55.111] AUTO-DISENGAGE: gear left Park (now D)
[2026-05-18 21:22:55.111] Husby was here, and we are ready to go
[2026-05-18 21:22:55.131] AUTO-DISENGAGE: gear left Park (now D)
[2026-05-18 21:22:55.131] Husby was here, and we are ready to go
[2026-05-18 21:22:55.132] AUTO-DISENGAGE: gear left Park (now D)
[2026-05-18 21:22:55.132] Husby was here, and we are ready to go
[2026-05-18 21:22:55.151] AUTO-DISENGAGE: gear left Park (now D)
[2026-05-18 21:22:55.151] Husby was here, and we are ready to go
[2026-05-18 21:22:55.170] AUTO-DISENGAGE: gear left Park (now D)
[2026-05-18 21:22:55.170] Husby was here, and we are ready to go
[2026-05-18 21:22:55.191] AUTO-DISENGAGE: gear left Park (now D)
[2026-05-18 21:22:55.191] Husby was here, and we are ready to go
[2026-05-18 21:22:55.212] AUTO-DISENGAGE: gear left Park (now D)
[2026-05-18 21:22:55.212] Husby was here, and we are ready to go
[2026-05-18 21:22:55.231] AUTO-DISENGAGE: gear left Park (now D)
[2026-05-18 21:22:55.231] Husby was here, and we are ready to go
[2026-05-18 21:22:55.233] AUTO-DISENGAGE: gear left Park (now D)
[2026-05-18 21:22:55.234] Husby was here, and we are ready to go
[2026-05-18 21:22:55.251] AUTO-DISENGAGE: gear left Park (now D)
[2026-05-18 21:22:55.251] Husby was here, and we are ready to go
[2026-05-18 21:22:55.272] AUTO-DISENGAGE: gear left Park (now D)
[2026-05-18 21:22:55.272] Husby was here, and we are ready to go
[2026-05-18 21:22:55.291] AUTO-DISENGAGE: gear left Park (now D)
[2026-05-18 21:22:55.291] Husby was here, and we are ready to go
[2026-05-18 21:22:55.312] AUTO-DISENGAGE: gear left Park (now D)
[2026-05-18 21:22:55.313] Husby was here, and we are ready to go
[2026-05-18 21:22:55.332] AUTO-DISENGAGE: gear left Park (now D)
[2026-05-18 21:22:55.332] Husby was here, and we are ready to go
[2026-05-18 21:22:55.333] AUTO-DISENGAGE: gear left Park (now D)
[2026-05-18 21:22:55.334] Husby was here, and we are ready to go
[2026-05-18 21:22:55.351] AUTO-DISENGAGE: gear left Park (now D)
[2026-05-18 21:22:55.351] Husby was here, and we are ready to go
[2026-05-18 21:22:55.372] AUTO-DISENGAGE: gear left Park (now D)
[2026-05-18 21:22:55.373] Husby was here, and we are ready to go
[2026-05-18 21:22:55.391] AUTO-DISENGAGE: gear left Park (now D)
[2026-05-18 21:22:55.391] Husby was here, and we are ready to go
[2026-05-18 21:22:55.412] AUTO-DISENGAGE: gear left Park (now D)
[2026-05-18 21:22:55.412] Husby was here, and we are ready to go
[2026-05-18 21:22:55.430] AUTO-DISENGAGE: gear left Park (now D)
[2026-05-18 21:22:55.431] Husby was here, and we are ready to go
[2026-05-18 21:22:55.435] AUTO-DISENGAGE: gear left Park (now D)
[2026-05-18 21:22:55.436] Husby was here, and we are ready to go
[2026-05-18 21:22:55.452] AUTO-DISENGAGE: gear left Park (now D)
[2026-05-18 21:22:55.452] Husby was here, and we are ready to go
[2026-05-18 21:22:55.473] AUTO-DISENGAGE: gear left Park (now D)
[2026-05-18 21:22:55.473] Husby was here, and we are ready to go
[2026-05-18 21:22:55.491] AUTO-DISENGAGE: gear left Park (now D)
[2026-05-18 21:22:55.491] Husby was here, and we are ready to go
[2026-05-18 21:22:55.513] AUTO-DISENGAGE: gear left Park (now D)
[2026-05-18 21:22:55.513] Husby was here, and we are ready to go
[2026-05-18 21:22:55.533] AUTO-DISENGAGE: gear left Park (now D)
[2026-05-18 21:22:55.533] Husby was here, and we are ready to go
[2026-05-18 21:22:55.533] AUTO-DISENGAGE: gear left Park (now D)
[2026-05-18 21:22:55.533] Husby was here, and we are ready to go
[2026-05-18 21:22:55.551] AUTO-DISENGAGE: gear left Park (now D)
[2026-05-18 21:22:55.552] Husby was here, and we are ready to go
[2026-05-18 21:22:55.572] AUTO-DISENGAGE: gear left Park (now D)
[2026-05-18 21:22:55.572] Husby was here, and we are ready to go
[2026-05-18 21:22:55.591] AUTO-DISENGAGE: gear left Park (now D)
[2026-05-18 21:22:55.592] Husby was here, and we are ready to go
[2026-05-18 21:22:55.612] AUTO-DISENGAGE: gear left Park (now D)
[2026-05-18 21:22:55.612] Husby was here, and we are ready to go
[2026-05-18 21:22:55.631] AUTO-DISENGAGE: gear left Park (now D)
[2026-05-18 21:22:55.632] Husby was here, and we are ready to go
[2026-05-18 21:22:55.635] AUTO-DISENGAGE: gear left Park (now D)
[2026-05-18 21:22:55.635] Husby was here, and we are ready to go
[2026-05-18 21:22:55.651] AUTO-DISENGAGE: gear left Park (now D)
[2026-05-18 21:22:55.651] Husby was here, and we are ready to go
[2026-05-18 21:22:55.672] AUTO-DISENGAGE: gear left Park (now D)
[2026-05-18 21:22:55.672] Husby was here, and we are ready to go
[2026-05-18 21:22:55.690] AUTO-DISENGAGE: gear left Park (now D)
[2026-05-18 21:22:55.691] Husby was here, and we are ready to go
[2026-05-18 21:22:55.716] AUTO-DISENGAGE: gear left Park (now D)
[2026-05-18 21:22:55.716] Husby was here, and we are ready to go
[2026-05-18 21:22:55.731] AUTO-DISENGAGE: gear left Park (now D)
[2026-05-18 21:22:55.731] Husby was here, and we are ready to go
[2026-05-18 21:22:55.733] AUTO-DISENGAGE: gear left Park (now D)
[2026-05-18 21:22:55.734] Husby was here, and we are ready to go
[2026-05-18 21:22:55.752] AUTO-DISENGAGE: gear left Park (now D)
[2026-05-18 21:22:55.752] Husby was here, and we are ready to go
[2026-05-18 21:22:55.771] AUTO-DISENGAGE: gear left Park (now D)
[2026-05-18 21:22:55.771] Husby was here, and we are ready to go
[2026-05-18 21:22:55.791] AUTO-DISENGAGE: gear left Park (now D)
[2026-05-18 21:22:55.791] Husby was here, and we are ready to go
[2026-05-18 21:22:55.811] AUTO-DISENGAGE: gear left Park (now D)
[2026-05-18 21:22:55.811] Husby was here, and we are ready to go
[2026-05-18 21:22:55.830] brake: released
[2026-05-18 21:22:55.830] AUTO-DISENGAGE: gear left Park (now D)
[2026-05-18 21:22:55.830] Husby was here, and we are ready to go
[2026-05-18 21:22:55.833] AUTO-DISENGAGE: gear left Park (now D)
[2026-05-18 21:22:55.833] Husby was here, and we are ready to go
[2026-05-18 21:22:55.850] AUTO-DISENGAGE: gear left Park (now D)
[2026-05-18 21:22:55.850] Husby was here, and we are ready to go
[2026-05-18 21:22:55.870] AUTO-DISENGAGE: gear left Park (now D)
[2026-05-18 21:22:55.870] Husby was here, and we are ready to go
[2026-05-18 21:22:55.890] AUTO-DISENGAGE: gear left Park (now D)
[2026-05-18 21:22:55.890] Husby was here, and we are ready to go
[2026-05-18 21:22:55.915] AUTO-DISENGAGE: gear left Park (now D)
[2026-05-18 21:22:55.915] Husby was here, and we are ready to go
[2026-05-18 21:22:55.934] AUTO-DISENGAGE: gear left Park (now D)
[2026-05-18 21:22:55.934] Husby was here, and we are ready to go
[2026-05-18 21:22:55.935] AUTO-DISENGAGE: gear left Park (now D)
[2026-05-18 21:22:55.935] Husby was here, and we are ready to go
[2026-05-18 21:22:55.957] AUTO-DISENGAGE: gear left Park (now D)
[2026-05-18 21:22:55.957] Husby was here, and we are ready to go
[2026-05-18 21:22:55.977] AUTO-DISENGAGE: gear left Park (now D)
[2026-05-18 21:22:55.978] Husby was here, and we are ready to go
[2026-05-18 21:22:55.996] AUTO-DISENGAGE: gear left Park (now D)
[2026-05-18 21:22:55.996] Husby was here, and we are ready to go
[2026-05-18 21:22:56.016] AUTO-DISENGAGE: gear left Park (now D)
[2026-05-18 21:22:56.016] Husby was here, and we are ready to go
[2026-05-18 21:22:56.035] AUTO-DISENGAGE: gear left Park (now D)
[2026-05-18 21:22:56.035] Husby was here, and we are ready to go
[2026-05-18 21:22:56.036] AUTO-DISENGAGE: gear left Park (now D)
[2026-05-18 21:22:56.036] Husby was here, and we are ready to go
[2026-05-18 21:22:56.058] AUTO-DISENGAGE: gear left Park (now D)
[2026-05-18 21:22:56.058] Husby was here, and we are ready to go
[2026-05-18 21:22:56.079] AUTO-DISENGAGE: gear left Park (now D)
[2026-05-18 21:22:56.079] Husby was here, and we are ready to go
[2026-05-18 21:22:56.097] AUTO-DISENGAGE: gear left Park (now D)
[2026-05-18 21:22:56.098] Husby was here, and we are ready to go
[2026-05-18 21:22:56.118] AUTO-DISENGAGE: gear left Park (now D)
[2026-05-18 21:22:56.118] Husby was here, and we are ready to go
[2026-05-18 21:22:56.134] AUTO-DISENGAGE: gear left Park (now D)
[2026-05-18 21:22:56.135] Husby was here, and we are ready to go
[2026-05-18 21:22:56.135] AUTO-DISENGAGE: gear left Park (now D)
[2026-05-18 21:22:56.135] Husby was here, and we are ready to go
[2026-05-18 21:22:56.157] AUTO-DISENGAGE: gear left Park (now D)
[2026-05-18 21:22:56.157] Husby was here, and we are ready to go
[2026-05-18 21:22:56.177] AUTO-DISENGAGE: gear left Park (now D)
[2026-05-18 21:22:56.177] Husby was here, and we are ready to go
[2026-05-18 21:22:56.197] AUTO-DISENGAGE: gear left Park (now D)
[2026-05-18 21:22:56.197] Husby was here, and we are ready to go
[2026-05-18 21:22:56.218] AUTO-DISENGAGE: gear left Park (now D)
[2026-05-18 21:22:56.218] Husby was here, and we are ready to go
[2026-05-18 21:22:56.235] AUTO-DISENGAGE: gear left Park (now D)
[2026-05-18 21:22:56.235] Husby was here, and we are ready to go
[2026-05-18 21:22:56.236] AUTO-DISENGAGE: gear left Park (now D)
[2026-05-18 21:22:56.236] Husby was here, and we are ready to go
[2026-05-18 21:22:56.258] AUTO-DISENGAGE: gear left Park (now D)
[2026-05-18 21:22:56.258] Husby was here, and we are ready to go
[2026-05-18 21:22:56.278] AUTO-DISENGAGE: gear left Park (now D)
[2026-05-18 21:22:56.278] Husby was here, and we are ready to go
[2026-05-18 21:22:56.297] AUTO-DISENGAGE: gear left Park (now D)
[2026-05-18 21:22:56.297] Husby was here, and we are ready to go
[2026-05-18 21:22:56.318] AUTO-DISENGAGE: gear left Park (now D)
[2026-05-18 21:22:56.318] Husby was here, and we are ready to go
[2026-05-18 21:22:56.335] AUTO-DISENGAGE: gear left Park (now D)
[2026-05-18 21:22:56.335] Husby was here, and we are ready to go
[2026-05-18 21:22:56.336] AUTO-DISENGAGE: gear left Park (now D)
[2026-05-18 21:22:56.336] Husby was here, and we are ready to go
[2026-05-18 21:22:56.357] AUTO-DISENGAGE: gear left Park (now D)
[2026-05-18 21:22:56.357] Husby was here, and we are ready to go
[2026-05-18 21:22:56.377] AUTO-DISENGAGE: gear left Park (now D)
[2026-05-18 21:22:56.377] Husby was here, and we are ready to go
[2026-05-18 21:22:56.397] AUTO-DISENGAGE: gear left Park (now D)
[2026-05-18 21:22:56.397] Husby was here, and we are ready to go
[2026-05-18 21:22:56.417] AUTO-DISENGAGE: gear left Park (now D)
[2026-05-18 21:22:56.417] Husby was here, and we are ready to go
[2026-05-18 21:22:56.434] AUTO-DISENGAGE: gear left Park (now D)
[2026-05-18 21:22:56.434] Husby was here, and we are ready to go
[2026-05-18 21:22:56.436] AUTO-DISENGAGE: gear left Park (now D)
[2026-05-18 21:22:56.436] Husby was here, and we are ready to go
[2026-05-18 21:22:56.461] AUTO-DISENGAGE: gear left Park (now D)
[2026-05-18 21:22:56.461] Husby was here, and we are ready to go
[2026-05-18 21:22:56.479] AUTO-DISENGAGE: gear left Park (now D)
[2026-05-18 21:22:56.480] Husby was here, and we are ready to go
[2026-05-18 21:22:56.498] AUTO-DISENGAGE: gear left Park (now D)
[2026-05-18 21:22:56.499] Husby was here, and we are ready to go
[2026-05-18 21:22:56.519] AUTO-DISENGAGE: gear left Park (now D)
[2026-05-18 21:22:56.519] Husby was here, and we are ready to go
[2026-05-18 21:22:56.535] AUTO-DISENGAGE: gear left Park (now D)
[2026-05-18 21:22:56.535] Husby was here, and we are ready to go
[2026-05-18 21:22:56.536] AUTO-DISENGAGE: gear left Park (now D)
[2026-05-18 21:22:56.536] Husby was here, and we are ready to go
[2026-05-18 21:22:56.559] AUTO-DISENGAGE: gear left Park (now D)
[2026-05-18 21:22:56.559] Husby was here, and we are ready to go
[2026-05-18 21:22:56.579] AUTO-DISENGAGE: gear left Park (now D)
[2026-05-18 21:22:56.580] Husby was here, and we are ready to go
[2026-05-18 21:22:56.599] AUTO-DISENGAGE: gear left Park (now D)
[2026-05-18 21:22:56.599] Husby was here, and we are ready to go
[2026-05-18 21:22:56.621] AUTO-DISENGAGE: gear left Park (now D)
[2026-05-18 21:22:56.621] Husby was here, and we are ready to go
[2026-05-18 21:22:56.637] AUTO-DISENGAGE: gear left Park (now D)
[2026-05-18 21:22:56.637] Husby was here, and we are ready to go
[2026-05-18 21:22:56.638] AUTO-DISENGAGE: gear left Park (now D)
[2026-05-18 21:22:56.638] Husby was here, and we are ready to go
[2026-05-18 21:22:56.661] AUTO-DISENGAGE: gear left Park (now D)
[2026-05-18 21:22:56.661] Husby was here, and we are ready to go
[2026-05-18 21:22:56.679] AUTO-DISENGAGE: gear left Park (now D)
[2026-05-18 21:22:56.679] Husby was here, and we are ready to go
[2026-05-18 21:22:56.700] AUTO-DISENGAGE: gear left Park (now D)
[2026-05-18 21:22:56.700] Husby was here, and we are ready to go
[2026-05-18 21:22:56.720] AUTO-DISENGAGE: gear left Park (now D)
[2026-05-18 21:22:56.721] Husby was here, and we are ready to go
[2026-05-18 21:22:56.736] AUTO-DISENGAGE: gear left Park (now D)
[2026-05-18 21:22:56.737] Husby was here, and we are ready to go
[2026-05-18 21:22:56.738] AUTO-DISENGAGE: gear left Park (now D)
[2026-05-18 21:22:56.738] Husby was here, and we are ready to go
[2026-05-18 21:22:56.762] AUTO-DISENGAGE: gear left Park (now D)
[2026-05-18 21:22:56.763] Husby was here, and we are ready to go
[2026-05-18 21:22:56.780] AUTO-DISENGAGE: gear left Park (now D)
[2026-05-18 21:22:56.780] Husby was here, and we are ready to go
[2026-05-18 21:22:56.800] AUTO-DISENGAGE: gear left Park (now D)
[2026-05-18 21:22:56.800] Husby was here, and we are ready to go
[2026-05-18 21:22:56.819] AUTO-DISENGAGE: gear left Park (now D)
[2026-05-18 21:22:56.819] Husby was here, and we are ready to go
[2026-05-18 21:22:56.835] AUTO-DISENGAGE: gear left Park (now D)
[2026-05-18 21:22:56.836] Husby was here, and we are ready to go
[2026-05-18 21:22:56.837] AUTO-DISENGAGE: gear left Park (now D)
[2026-05-18 21:22:56.838] Husby was here, and we are ready to go
[2026-05-18 21:22:56.860] AUTO-DISENGAGE: gear left Park (now D)
[2026-05-18 21:22:56.860] Husby was here, and we are ready to go
[2026-05-18 21:22:56.878] AUTO-DISENGAGE: gear left Park (now D)
[2026-05-18 21:22:56.878] Husby was here, and we are ready to go
[2026-05-18 21:22:56.898] AUTO-DISENGAGE: gear left Park (now D)
[2026-05-18 21:22:56.898] Husby was here, and we are ready to go
[2026-05-18 21:22:56.920] AUTO-DISENGAGE: gear left Park (now D)
[2026-05-18 21:22:56.920] Husby was here, and we are ready to go
[2026-05-18 21:22:56.936] AUTO-DISENGAGE: gear left Park (now D)
[2026-05-18 21:22:56.936] Husby was here, and we are ready to go
[2026-05-18 21:22:56.938] AUTO-DISENGAGE: gear left Park (now D)
[2026-05-18 21:22:56.938] Husby was here, and we are ready to go
[2026-05-18 21:22:56.961] AUTO-DISENGAGE: gear left Park (now D)
[2026-05-18 21:22:56.961] Husby was here, and we are ready to go
[2026-05-18 21:22:56.979] AUTO-DISENGAGE: gear left Park (now D)
[2026-05-18 21:22:56.980] Husby was here, and we are ready to go
[2026-05-18 21:22:56.999] AUTO-DISENGAGE: gear left Park (now D)
[2026-05-18 21:22:56.999] Husby was here, and we are ready to go
[2026-05-18 21:22:57.020] AUTO-DISENGAGE: gear left Park (now D)
[2026-05-18 21:22:57.020] Husby was here, and we are ready to go
[2026-05-18 21:22:57.035] AUTO-DISENGAGE: gear left Park (now D)
[2026-05-18 21:22:57.035] Husby was here, and we are ready to go
[2026-05-18 21:22:57.038] AUTO-DISENGAGE: gear left Park (now D)
[2026-05-18 21:22:57.038] Husby was here, and we are ready to go
[2026-05-18 21:22:57.060] AUTO-DISENGAGE: gear left Park (now D)
[2026-05-18 21:22:57.060] Husby was here, and we are ready to go
[2026-05-18 21:22:57.079] AUTO-DISENGAGE: gear left Park (now D)
[2026-05-18 21:22:57.079] Husby was here, and we are ready to go
[2026-05-18 21:22:57.100] AUTO-DISENGAGE: gear left Park (now D)
[2026-05-18 21:22:57.100] Husby was here, and we are ready to go
[2026-05-18 21:22:57.121] AUTO-DISENGAGE: gear left Park (now D)
[2026-05-18 21:22:57.121] Husby was here, and we are ready to go
[2026-05-18 21:22:57.136] AUTO-DISENGAGE: gear left Park (now D)
[2026-05-18 21:22:57.137] Husby was here, and we are ready to go
[2026-05-18 21:22:57.138] AUTO-DISENGAGE: gear left Park (now D)
[2026-05-18 21:22:57.138] Husby was here, and we are ready to go
[2026-05-18 21:22:57.162] AUTO-DISENGAGE: gear left Park (now D)
[2026-05-18 21:22:57.162] Husby was here, and we are ready to go
[2026-05-18 21:22:57.180] AUTO-DISENGAGE: gear left Park (now D)
[2026-05-18 21:22:57.180] Husby was here, and we are ready to go
[2026-05-18 21:22:57.200] AUTO-DISENGAGE: gear left Park (now D)
[2026-05-18 21:22:57.200] Husby was here, and we are ready to go
[2026-05-18 21:22:57.219] AUTO-DISENGAGE: gear left Park (now D)
[2026-05-18 21:22:57.219] Husby was here, and we are ready to go
[2026-05-18 21:22:57.235] AUTO-DISENGAGE: gear left Park (now D)
[2026-05-18 21:22:57.235] Husby was here, and we are ready to go
[2026-05-18 21:22:57.238] AUTO-DISENGAGE: gear left Park (now D)
[2026-05-18 21:22:57.238] Husby was here, and we are ready to go
[2026-05-18 21:22:57.260] AUTO-DISENGAGE: gear left Park (now D)
[2026-05-18 21:22:57.260] Husby was here, and we are ready to go
[2026-05-18 21:22:57.279] AUTO-DISENGAGE: gear left Park (now D)
[2026-05-18 21:22:57.279] Husby was here, and we are ready to go
[2026-05-18 21:22:57.299] AUTO-DISENGAGE: gear left Park (now D)
[2026-05-18 21:22:57.299] Husby was here, and we are ready to go
[2026-05-18 21:22:57.319] AUTO-DISENGAGE: gear left Park (now D)
[2026-05-18 21:22:57.320] Husby was here, and we are ready to go
[2026-05-18 21:22:57.335] AUTO-DISENGAGE: gear left Park (now D)
[2026-05-18 21:22:57.336] Husby was here, and we are ready to go
[2026-05-18 21:22:57.338] AUTO-DISENGAGE: gear left Park (now D)
[2026-05-18 21:22:57.338] Husby was here, and we are ready to go
[2026-05-18 21:22:57.360] AUTO-DISENGAGE: gear left Park (now D)
[2026-05-18 21:22:57.360] Husby was here, and we are ready to go
[2026-05-18 21:22:57.379] AUTO-DISENGAGE: gear left Park (now D)
[2026-05-18 21:22:57.379] Husby was here, and we are ready to go
[2026-05-18 21:22:57.400] AUTO-DISENGAGE: gear left Park (now D)
[2026-05-18 21:22:57.400] Husby was here, and we are ready to go
[2026-05-18 21:22:57.423] AUTO-DISENGAGE: gear left Park (now D)
[2026-05-18 21:22:57.423] Husby was here, and we are ready to go
[2026-05-18 21:22:57.436] AUTO-DISENGAGE: gear left Park (now D)
[2026-05-18 21:22:57.436] Husby was here, and we are ready to go
[2026-05-18 21:22:57.438] AUTO-DISENGAGE: gear left Park (now D)
[2026-05-18 21:22:57.438] Husby was here, and we are ready to go
[2026-05-18 21:22:57.461] AUTO-DISENGAGE: gear left Park (now D)
[2026-05-18 21:22:57.461] Husby was here, and we are ready to go
[2026-05-18 21:22:57.479] AUTO-DISENGAGE: gear left Park (now D)
[2026-05-18 21:22:57.479] Husby was here, and we are ready to go
[2026-05-18 21:22:57.499] AUTO-DISENGAGE: gear left Park (now D)
[2026-05-18 21:22:57.499] Husby was here, and we are ready to go
[2026-05-18 21:22:57.520] AUTO-DISENGAGE: gear left Park (now D)
[2026-05-18 21:22:57.520] Husby was here, and we are ready to go
[2026-05-18 21:22:57.536] AUTO-DISENGAGE: gear left Park (now D)
[2026-05-18 21:22:57.536] Husby was here, and we are ready to go
[2026-05-18 21:22:57.538] AUTO-DISENGAGE: gear left Park (now D)
[2026-05-18 21:22:57.538] Husby was here, and we are ready to go
[2026-05-18 21:22:57.560] AUTO-DISENGAGE: gear left Park (now D)
[2026-05-18 21:22:57.560] Husby was here, and we are ready to go
[2026-05-18 21:22:57.579] AUTO-DISENGAGE: gear left Park (now D)
[2026-05-18 21:22:57.579] Husby was here, and we are ready to go
[2026-05-18 21:22:57.599] AUTO-DISENGAGE: gear left Park (now D)
[2026-05-18 21:22:57.599] Husby was here, and we are ready to go
[2026-05-18 21:22:57.619] AUTO-DISENGAGE: gear left Park (now D)
[2026-05-18 21:22:57.620] Husby was here, and we are ready to go
[2026-05-18 21:22:57.635] AUTO-DISENGAGE: gear left Park (now D)
[2026-05-18 21:22:57.635] Husby was here, and we are ready to go
[2026-05-18 21:22:57.638] AUTO-DISENGAGE: gear left Park (now D)
[2026-05-18 21:22:57.638] Husby was here, and we are ready to go
[2026-05-18 21:22:57.660] AUTO-DISENGAGE: gear left Park (now D)
[2026-05-18 21:22:57.660] Husby was here, and we are ready to go
[2026-05-18 21:22:57.679] AUTO-DISENGAGE: gear left Park (now D)
[2026-05-18 21:22:57.679] Husby was here, and we are ready to go
[2026-05-18 21:22:57.698] AUTO-DISENGAGE: gear left Park (now D)
[2026-05-18 21:22:57.698] Husby was here, and we are ready to go
[2026-05-18 21:22:57.719] AUTO-DISENGAGE: gear left Park (now D)
[2026-05-18 21:22:57.719] Husby was here, and we are ready to go
[2026-05-18 21:22:57.734] AUTO-DISENGAGE: gear left Park (now D)
[2026-05-18 21:22:57.734] Husby was here, and we are ready to go
[2026-05-18 21:22:57.738] AUTO-DISENGAGE: gear left Park (now D)
[2026-05-18 21:22:57.738] Husby was here, and we are ready to go
[2026-05-18 21:22:57.759] AUTO-DISENGAGE: gear left Park (now D)
[2026-05-18 21:22:57.759] Husby was here, and we are ready to go
[2026-05-18 21:22:57.780] AUTO-DISENGAGE: gear left Park (now D)
[2026-05-18 21:22:57.780] Husby was here, and we are ready to go
[2026-05-18 21:22:57.799] AUTO-DISENGAGE: gear left Park (now D)
[2026-05-18 21:22:57.800] Husby was here, and we are ready to go
[2026-05-18 21:22:57.821] AUTO-DISENGAGE: gear left Park (now D)
[2026-05-18 21:22:57.822] Husby was here, and we are ready to go
[2026-05-18 21:22:57.836] AUTO-DISENGAGE: gear left Park (now D)
[2026-05-18 21:22:57.837] Husby was here, and we are ready to go
[2026-05-18 21:22:57.838] AUTO-DISENGAGE: gear left Park (now D)
[2026-05-18 21:22:57.838] Husby was here, and we are ready to go
[2026-05-18 21:22:57.862] AUTO-DISENGAGE: gear left Park (now D)
[2026-05-18 21:22:57.862] Husby was here, and we are ready to go
[2026-05-18 21:22:57.880] AUTO-DISENGAGE: gear left Park (now D)
[2026-05-18 21:22:57.880] Husby was here, and we are ready to go
[2026-05-18 21:22:57.899] AUTO-DISENGAGE: gear left Park (now D)
[2026-05-18 21:22:57.899] Husby was here, and we are ready to go
[2026-05-18 21:22:57.920] AUTO-DISENGAGE: gear left Park (now D)
[2026-05-18 21:22:57.920] Husby was here, and we are ready to go
[2026-05-18 21:22:57.935] AUTO-DISENGAGE: gear left Park (now D)
[2026-05-18 21:22:57.935] Husby was here, and we are ready to go
[2026-05-18 21:22:57.938] AUTO-DISENGAGE: gear left Park (now D)
[2026-05-18 21:22:57.938] Husby was here, and we are ready to go
[2026-05-18 21:22:57.960] AUTO-DISENGAGE: gear left Park (now D)
[2026-05-18 21:22:57.960] Husby was here, and we are ready to go
[2026-05-18 21:22:57.979] AUTO-DISENGAGE: gear left Park (now D)
[2026-05-18 21:22:57.979] Husby was here, and we are ready to go
[2026-05-18 21:22:57.999] AUTO-DISENGAGE: gear left Park (now D)
[2026-05-18 21:22:57.999] Husby was here, and we are ready to go
[2026-05-18 21:22:58.019] AUTO-DISENGAGE: gear left Park (now D)
[2026-05-18 21:22:58.019] Husby was here, and we are ready to go
[2026-05-18 21:22:58.035] AUTO-DISENGAGE: gear left Park (now D)
[2026-05-18 21:22:58.035] Husby was here, and we are ready to go
[2026-05-18 21:22:58.038] AUTO-DISENGAGE: gear left Park (now D)
[2026-05-18 21:22:58.038] Husby was here, and we are ready to go
[2026-05-18 21:22:58.059] AUTO-DISENGAGE: gear left Park (now D)
[2026-05-18 21:22:58.059] Husby was here, and we are ready to go
[2026-05-18 21:22:58.079] AUTO-DISENGAGE: gear left Park (now D)
[2026-05-18 21:22:58.079] Husby was here, and we are ready to go
[2026-05-18 21:22:58.098] AUTO-DISENGAGE: gear left Park (now D)
[2026-05-18 21:22:58.098] Husby was here, and we are ready to go
[2026-05-18 21:22:58.123] AUTO-DISENGAGE: gear left Park (now D)
[2026-05-18 21:22:58.123] Husby was here, and we are ready to go
[2026-05-18 21:22:58.134] AUTO-DISENGAGE: gear left Park (now D)
[2026-05-18 21:22:58.134] Husby was here, and we are ready to go
[2026-05-18 21:22:58.143] AUTO-DISENGAGE: gear left Park (now D)
[2026-05-18 21:22:58.143] Husby was here, and we are ready to go
[2026-05-18 21:22:58.163] AUTO-DISENGAGE: gear left Park (now D)
[2026-05-18 21:22:58.163] Husby was here, and we are ready to go
[2026-05-18 21:22:58.183] AUTO-DISENGAGE: gear left Park (now D)
[2026-05-18 21:22:58.183] Husby was here, and we are ready to go
[2026-05-18 21:22:58.207] AUTO-DISENGAGE: gear left Park (now D)
[2026-05-18 21:22:58.207] Husby was here, and we are ready to go
[2026-05-18 21:22:58.227] AUTO-DISENGAGE: gear left Park (now D)
[2026-05-18 21:22:58.227] Husby was here, and we are ready to go
[2026-05-18 21:22:58.236] AUTO-DISENGAGE: gear left Park (now D)
[2026-05-18 21:22:58.236] Husby was here, and we are ready to go
[2026-05-18 21:22:58.244] AUTO-DISENGAGE: gear left Park (now D)
[2026-05-18 21:22:58.245] Husby was here, and we are ready to go
[2026-05-18 21:22:58.270] AUTO-DISENGAGE: gear left Park (now D)
[2026-05-18 21:22:58.271] Husby was here, and we are ready to go
[2026-05-18 21:22:58.285] AUTO-DISENGAGE: gear left Park (now D)
[2026-05-18 21:22:58.285] Husby was here, and we are ready to go
[2026-05-18 21:22:58.307] AUTO-DISENGAGE: gear left Park (now D)
[2026-05-18 21:22:58.307] Husby was here, and we are ready to go
[2026-05-18 21:22:58.324] AUTO-DISENGAGE: gear left Park (now D)
[2026-05-18 21:22:58.324] Husby was here, and we are ready to go
[2026-05-18 21:22:58.335] AUTO-DISENGAGE: gear left Park (now D)
[2026-05-18 21:22:58.335] Husby was here, and we are ready to go
[2026-05-18 21:22:58.343] AUTO-DISENGAGE: gear left Park (now D)
[2026-05-18 21:22:58.344] Husby was here, and we are ready to go
[2026-05-18 21:22:58.365] AUTO-DISENGAGE: gear left Park (now D)
[2026-05-18 21:22:58.365] Husby was here, and we are ready to go
[2026-05-18 21:22:58.384] AUTO-DISENGAGE: gear left Park (now D)
[2026-05-18 21:22:58.384] Husby was here, and we are ready to go
[2026-05-18 21:22:58.407] AUTO-DISENGAGE: gear left Park (now D)
[2026-05-18 21:22:58.408] Husby was here, and we are ready to go
[2026-05-18 21:22:58.427] AUTO-DISENGAGE: gear left Park (now D)
[2026-05-18 21:22:58.427] Husby was here, and we are ready to go
[2026-05-18 21:22:58.435] AUTO-DISENGAGE: gear left Park (now D)
[2026-05-18 21:22:58.436] Husby was here, and we are ready to go
[2026-05-18 21:22:58.447] AUTO-DISENGAGE: gear left Park (now D)
[2026-05-18 21:22:58.447] Husby was here, and we are ready to go
[2026-05-18 21:22:58.468] AUTO-DISENGAGE: gear left Park (now D)
[2026-05-18 21:22:58.468] Husby was here, and we are ready to go
[2026-05-18 21:22:58.485] AUTO-DISENGAGE: gear left Park (now D)
[2026-05-18 21:22:58.485] Husby was here, and we are ready to go
[2026-05-18 21:22:58.505] AUTO-DISENGAGE: gear left Park (now D)
[2026-05-18 21:22:58.505] Husby was here, and we are ready to go
[2026-05-18 21:22:58.531] AUTO-DISENGAGE: gear left Park (now D)
[2026-05-18 21:22:58.531] Husby was here, and we are ready to go
[2026-05-18 21:22:58.534] AUTO-DISENGAGE: gear left Park (now D)
[2026-05-18 21:22:58.534] Husby was here, and we are ready to go
[2026-05-18 21:22:58.549] AUTO-DISENGAGE: gear left Park (now D)
[2026-05-18 21:22:58.550] Husby was here, and we are ready to go
[2026-05-18 21:22:58.569] AUTO-DISENGAGE: gear left Park (now D)
[2026-05-18 21:22:58.569] Husby was here, and we are ready to go
[2026-05-18 21:22:58.590] AUTO-DISENGAGE: gear left Park (now D)
[2026-05-18 21:22:58.591] Husby was here, and we are ready to go
[2026-05-18 21:22:58.609] AUTO-DISENGAGE: gear left Park (now D)
[2026-05-18 21:22:58.610] Husby was here, and we are ready to go
[2026-05-18 21:22:58.632] AUTO-DISENGAGE: gear left Park (now D)
[2026-05-18 21:22:58.632] Husby was here, and we are ready to go
[2026-05-18 21:22:58.633] AUTO-DISENGAGE: gear left Park (now D)
[2026-05-18 21:22:58.634] Husby was here, and we are ready to go
[2026-05-18 21:22:58.650] AUTO-DISENGAGE: gear left Park (now D)
[2026-05-18 21:22:58.650] Husby was here, and we are ready to go
[2026-05-18 21:22:58.670] AUTO-DISENGAGE: gear left Park (now D)
[2026-05-18 21:22:58.670] Husby was here, and we are ready to go
[2026-05-18 21:22:58.691] AUTO-DISENGAGE: gear left Park (now D)
[2026-05-18 21:22:58.691] Husby was here, and we are ready to go
[2026-05-18 21:22:58.712] AUTO-DISENGAGE: gear left Park (now D)
[2026-05-18 21:22:58.713] Husby was here, and we are ready to go
[2026-05-18 21:22:58.731] AUTO-DISENGAGE: gear left Park (now D)
[2026-05-18 21:22:58.731] Husby was here, and we are ready to go
[2026-05-18 21:22:58.734] AUTO-DISENGAGE: gear left Park (now D)
[2026-05-18 21:22:58.735] Husby was here, and we are ready to go
[2026-05-18 21:22:58.752] AUTO-DISENGAGE: gear left Park (now D)
[2026-05-18 21:22:58.752] Husby was here, and we are ready to go
[2026-05-18 21:22:58.771] AUTO-DISENGAGE: gear left Park (now D)
[2026-05-18 21:22:58.771] Husby was here, and we are ready to go
[2026-05-18 21:22:58.791] AUTO-DISENGAGE: gear left Park (now D)
[2026-05-18 21:22:58.791] Husby was here, and we are ready to go
[2026-05-18 21:22:58.811] AUTO-DISENGAGE: gear left Park (now D)
[2026-05-18 21:22:58.811] Husby was here, and we are ready to go
[2026-05-18 21:22:58.831] AUTO-DISENGAGE: gear left Park (now D)
[2026-05-18 21:22:58.831] Husby was here, and we are ready to go
[2026-05-18 21:22:58.833] AUTO-DISENGAGE: gear left Park (now D)
[2026-05-18 21:22:58.834] Husby was here, and we are ready to go
[2026-05-18 21:22:58.850] AUTO-DISENGAGE: gear left Park (now D)
[2026-05-18 21:22:58.850] Husby was here, and we are ready to go
[2026-05-18 21:22:58.870] AUTO-DISENGAGE: gear left Park (now D)
[2026-05-18 21:22:58.870] Husby was here, and we are ready to go
[2026-05-18 21:22:58.891] AUTO-DISENGAGE: gear left Park (now D)
[2026-05-18 21:22:58.891] Husby was here, and we are ready to go
[2026-05-18 21:22:58.913] AUTO-DISENGAGE: gear left Park (now D)
[2026-05-18 21:22:58.913] Husby was here, and we are ready to go
[2026-05-18 21:22:58.931] AUTO-DISENGAGE: gear left Park (now D)
[2026-05-18 21:22:58.931] Husby was here, and we are ready to go
[2026-05-18 21:22:58.933] AUTO-DISENGAGE: gear left Park (now D)
[2026-05-18 21:22:58.934] Husby was here, and we are ready to go
[2026-05-18 21:22:58.951] AUTO-DISENGAGE: gear left Park (now D)
[2026-05-18 21:22:58.951] Husby was here, and we are ready to go
[2026-05-18 21:22:58.972] AUTO-DISENGAGE: gear left Park (now D)
[2026-05-18 21:22:58.973] Husby was here, and we are ready to go
[2026-05-18 21:22:58.991] AUTO-DISENGAGE: gear left Park (now D)
[2026-05-18 21:22:58.991] Husby was here, and we are ready to go
[2026-05-18 21:22:59.011] AUTO-DISENGAGE: gear left Park (now D)
[2026-05-18 21:22:59.011] Husby was here, and we are ready to go
[2026-05-18 21:22:59.030] AUTO-DISENGAGE: gear left Park (now D)
[2026-05-18 21:22:59.031] Husby was here, and we are ready to go
[2026-05-18 21:22:59.034] AUTO-DISENGAGE: gear left Park (now D)
[2026-05-18 21:22:59.034] Husby was here, and we are ready to go
[2026-05-18 21:22:59.051] AUTO-DISENGAGE: gear left Park (now D)
[2026-05-18 21:22:59.051] Husby was here, and we are ready to go
[2026-05-18 21:22:59.070] AUTO-DISENGAGE: gear left Park (now D)
[2026-05-18 21:22:59.070] Husby was here, and we are ready to go
[2026-05-18 21:22:59.090] AUTO-DISENGAGE: gear left Park (now D)
[2026-05-18 21:22:59.090] Husby was here, and we are ready to go
[2026-05-18 21:22:59.111] AUTO-DISENGAGE: gear left Park (now D)
[2026-05-18 21:22:59.111] Husby was here, and we are ready to go
[2026-05-18 21:22:59.131] AUTO-DISENGAGE: gear left Park (now D)
[2026-05-18 21:22:59.131] Husby was here, and we are ready to go
[2026-05-18 21:22:59.133] AUTO-DISENGAGE: gear left Park (now D)
[2026-05-18 21:22:59.134] Husby was here, and we are ready to go
[2026-05-18 21:22:59.150] AUTO-DISENGAGE: gear left Park (now D)
[2026-05-18 21:22:59.150] Husby was here, and we are ready to go
[2026-05-18 21:22:59.170] AUTO-DISENGAGE: gear left Park (now D)
[2026-05-18 21:22:59.170] Husby was here, and we are ready to go
[2026-05-18 21:22:59.190] AUTO-DISENGAGE: gear left Park (now D)
[2026-05-18 21:22:59.190] Husby was here, and we are ready to go
[2026-05-18 21:22:59.211] AUTO-DISENGAGE: gear left Park (now D)
[2026-05-18 21:22:59.211] Husby was here, and we are ready to go
[2026-05-18 21:22:59.231] AUTO-DISENGAGE: gear left Park (now D)
[2026-05-18 21:22:59.231] Husby was here, and we are ready to go
[2026-05-18 21:22:59.233] AUTO-DISENGAGE: gear left Park (now D)
[2026-05-18 21:22:59.234] Husby was here, and we are ready to go
[2026-05-18 21:22:59.251] AUTO-DISENGAGE: gear left Park (now D)
[2026-05-18 21:22:59.251] Husby was here, and we are ready to go
[2026-05-18 21:22:59.270] AUTO-DISENGAGE: gear left Park (now D)
[2026-05-18 21:22:59.270] Husby was here, and we are ready to go
[2026-05-18 21:22:59.291] AUTO-DISENGAGE: gear left Park (now D)
[2026-05-18 21:22:59.291] Husby was here, and we are ready to go
[2026-05-18 21:22:59.313] AUTO-DISENGAGE: gear left Park (now D)
[2026-05-18 21:22:59.313] Husby was here, and we are ready to go
[2026-05-18 21:22:59.331] AUTO-DISENGAGE: gear left Park (now D)
[2026-05-18 21:22:59.332] Husby was here, and we are ready to go
[2026-05-18 21:22:59.333] AUTO-DISENGAGE: gear left Park (now D)
[2026-05-18 21:22:59.334] Husby was here, and we are ready to go
[2026-05-18 21:22:59.351] AUTO-DISENGAGE: gear left Park (now D)
[2026-05-18 21:22:59.351] Husby was here, and we are ready to go
[2026-05-18 21:22:59.370] AUTO-DISENGAGE: gear left Park (now D)
[2026-05-18 21:22:59.371] Husby was here, and we are ready to go
[2026-05-18 21:22:59.391] AUTO-DISENGAGE: gear left Park (now D)
[2026-05-18 21:22:59.391] Husby was here, and we are ready to go
[2026-05-18 21:22:59.411] AUTO-DISENGAGE: gear left Park (now D)
[2026-05-18 21:22:59.411] Husby was here, and we are ready to go
[2026-05-18 21:22:59.429] AUTO-DISENGAGE: gear left Park (now D)
[2026-05-18 21:22:59.429] Husby was here, and we are ready to go
[2026-05-18 21:22:59.434] AUTO-DISENGAGE: gear left Park (now D)
[2026-05-18 21:22:59.434] Husby was here, and we are ready to go
[2026-05-18 21:22:59.450] AUTO-DISENGAGE: gear left Park (now D)
[2026-05-18 21:22:59.450] Husby was here, and we are ready to go
[2026-05-18 21:22:59.470] AUTO-DISENGAGE: gear left Park (now D)
[2026-05-18 21:22:59.470] Husby was here, and we are ready to go
[2026-05-18 21:22:59.489] AUTO-DISENGAGE: gear left Park (now D)
[2026-05-18 21:22:59.489] Husby was here, and we are ready to go
[2026-05-18 21:22:59.510] AUTO-DISENGAGE: gear left Park (now D)
[2026-05-18 21:22:59.510] Husby was here, and we are ready to go
[2026-05-18 21:22:59.529] AUTO-DISENGAGE: gear left Park (now D)
[2026-05-18 21:22:59.529] Husby was here, and we are ready to go
[2026-05-18 21:22:59.533] AUTO-DISENGAGE: gear left Park (now D)
[2026-05-18 21:22:59.533] Husby was here, and we are ready to go
[2026-05-18 21:22:59.549] AUTO-DISENGAGE: gear left Park (now D)
[2026-05-18 21:22:59.549] Husby was here, and we are ready to go
[2026-05-18 21:22:59.569] AUTO-DISENGAGE: gear left Park (now D)
[2026-05-18 21:22:59.569] Husby was here, and we are ready to go
[2026-05-18 21:22:59.590] AUTO-DISENGAGE: gear left Park (now D)
[2026-05-18 21:22:59.590] Husby was here, and we are ready to go
[2026-05-18 21:22:59.609] AUTO-DISENGAGE: gear left Park (now D)
[2026-05-18 21:22:59.609] Husby was here, and we are ready to go
[2026-05-18 21:22:59.629] AUTO-DISENGAGE: gear left Park (now D)
[2026-05-18 21:22:59.630] Husby was here, and we are ready to go
[2026-05-18 21:22:59.633] AUTO-DISENGAGE: gear left Park (now D)
[2026-05-18 21:22:59.633] Husby was here, and we are ready to go
[2026-05-18 21:22:59.649] AUTO-DISENGAGE: gear left Park (now D)
[2026-05-18 21:22:59.649] Husby was here, and we are ready to go
[2026-05-18 21:22:59.670] AUTO-DISENGAGE: gear left Park (now D)
[2026-05-18 21:22:59.670] Husby was here, and we are ready to go
[2026-05-18 21:22:59.689] AUTO-DISENGAGE: gear left Park (now D)
[2026-05-18 21:22:59.690] Husby was here, and we are ready to go
[2026-05-18 21:22:59.710] AUTO-DISENGAGE: gear left Park (now D)
[2026-05-18 21:22:59.711] Husby was here, and we are ready to go
[2026-05-18 21:22:59.730] AUTO-DISENGAGE: gear left Park (now D)
[2026-05-18 21:22:59.730] Husby was here, and we are ready to go
[2026-05-18 21:22:59.733] AUTO-DISENGAGE: gear left Park (now D)
[2026-05-18 21:22:59.734] Husby was here, and we are ready to go
[2026-05-18 21:22:59.750] AUTO-DISENGAGE: gear left Park (now D)
[2026-05-18 21:22:59.750] Husby was here, and we are ready to go
[2026-05-18 21:22:59.772] AUTO-DISENGAGE: gear left Park (now D)
[2026-05-18 21:22:59.773] Husby was here, and we are ready to go
[2026-05-18 21:22:59.791] AUTO-DISENGAGE: gear left Park (now D)
[2026-05-18 21:22:59.791] Husby was here, and we are ready to go
[2026-05-18 21:22:59.810] AUTO-DISENGAGE: gear left Park (now D)
[2026-05-18 21:22:59.811] Husby was here, and we are ready to go
[2026-05-18 21:22:59.831] AUTO-DISENGAGE: gear left Park (now D)
[2026-05-18 21:22:59.832] Husby was here, and we are ready to go
[2026-05-18 21:22:59.833] AUTO-DISENGAGE: gear left Park (now D)
[2026-05-18 21:22:59.833] Husby was here, and we are ready to go
[2026-05-18 21:22:59.852] AUTO-DISENGAGE: gear left Park (now D)
[2026-05-18 21:22:59.852] Husby was here, and we are ready to go
[2026-05-18 21:22:59.872] AUTO-DISENGAGE: gear left Park (now D)
[2026-05-18 21:22:59.872] Husby was here, and we are ready to go
[2026-05-18 21:22:59.890] AUTO-DISENGAGE: gear left Park (now D)
[2026-05-18 21:22:59.890] Husby was here, and we are ready to go
[2026-05-18 21:22:59.911] AUTO-DISENGAGE: gear left Park (now D)
[2026-05-18 21:22:59.911] Husby was here, and we are ready to go
[2026-05-18 21:22:59.931] AUTO-DISENGAGE: gear left Park (now D)
[2026-05-18 21:22:59.931] Husby was here, and we are ready to go
[2026-05-18 21:22:59.933] AUTO-DISENGAGE: gear left Park (now D)
[2026-05-18 21:22:59.934] Husby was here, and we are ready to go
[2026-05-18 21:22:59.950] AUTO-DISENGAGE: gear left Park (now D)
[2026-05-18 21:22:59.951] Husby was here, and we are ready to go
[2026-05-18 21:22:59.970] AUTO-DISENGAGE: gear left Park (now D)
[2026-05-18 21:22:59.970] Husby was here, and we are ready to go
[2026-05-18 21:22:59.990] AUTO-DISENGAGE: gear left Park (now D)
[2026-05-18 21:22:59.990] Husby was here, and we are ready to go
[2026-05-18 21:23:00.012] AUTO-DISENGAGE: gear left Park (now D)
[2026-05-18 21:23:00.012] Husby was here, and we are ready to go
[2026-05-18 21:23:00.030] AUTO-DISENGAGE: gear left Park (now D)
[2026-05-18 21:23:00.030] Husby was here, and we are ready to go
[2026-05-18 21:23:00.034] AUTO-DISENGAGE: gear left Park (now D)
[2026-05-18 21:23:00.034] Husby was here, and we are ready to go
[2026-05-18 21:23:00.049] AUTO-DISENGAGE: gear left Park (now D)
[2026-05-18 21:23:00.050] Husby was here, and we are ready to go
[2026-05-18 21:23:00.070] AUTO-DISENGAGE: gear left Park (now D)
[2026-05-18 21:23:00.070] Husby was here, and we are ready to go
[2026-05-18 21:23:00.089] AUTO-DISENGAGE: gear left Park (now D)
[2026-05-18 21:23:00.089] Husby was here, and we are ready to go
[2026-05-18 21:23:00.110] AUTO-DISENGAGE: gear left Park (now D)
[2026-05-18 21:23:00.110] Husby was here, and we are ready to go
[2026-05-18 21:23:00.129] AUTO-DISENGAGE: gear left Park (now D)
[2026-05-18 21:23:00.130] Husby was here, and we are ready to go
[2026-05-18 21:23:00.133] AUTO-DISENGAGE: gear left Park (now D)
[2026-05-18 21:23:00.134] Husby was here, and we are ready to go
[2026-05-18 21:23:00.150] AUTO-DISENGAGE: gear left Park (now D)
[2026-05-18 21:23:00.150] Husby was here, and we are ready to go
[2026-05-18 21:23:00.170] AUTO-DISENGAGE: gear left Park (now D)
[2026-05-18 21:23:00.170] Husby was here, and we are ready to go
[2026-05-18 21:23:00.189] AUTO-DISENGAGE: gear left Park (now D)
[2026-05-18 21:23:00.189] Husby was here, and we are ready to go
[2026-05-18 21:23:00.209] AUTO-DISENGAGE: gear left Park (now D)
[2026-05-18 21:23:00.209] Husby was here, and we are ready to go
[2026-05-18 21:23:00.229] AUTO-DISENGAGE: gear left Park (now D)
[2026-05-18 21:23:00.229] Husby was here, and we are ready to go
[2026-05-18 21:23:00.233] AUTO-DISENGAGE: gear left Park (now D)
[2026-05-18 21:23:00.234] Husby was here, and we are ready to go
[2026-05-18 21:23:00.250] AUTO-DISENGAGE: gear left Park (now D)
[2026-05-18 21:23:00.250] Husby was here, and we are ready to go
[2026-05-18 21:23:00.272] AUTO-DISENGAGE: gear left Park (now D)
[2026-05-18 21:23:00.272] Husby was here, and we are ready to go
[2026-05-18 21:23:00.291] AUTO-DISENGAGE: gear left Park (now D)
[2026-05-18 21:23:00.291] Husby was here, and we are ready to go
[2026-05-18 21:23:00.311] AUTO-DISENGAGE: gear left Park (now D)
[2026-05-18 21:23:00.312] Husby was here, and we are ready to go
[2026-05-18 21:23:00.330] AUTO-DISENGAGE: gear left Park (now D)
[2026-05-18 21:23:00.330] Husby was here, and we are ready to go
[2026-05-18 21:23:00.333] AUTO-DISENGAGE: gear left Park (now D)
[2026-05-18 21:23:00.334] Husby was here, and we are ready to go
[2026-05-18 21:23:00.351] AUTO-DISENGAGE: gear left Park (now D)
[2026-05-18 21:23:00.351] Husby was here, and we are ready to go
[2026-05-18 21:23:00.372] AUTO-DISENGAGE: gear left Park (now D)
[2026-05-18 21:23:00.372] Husby was here, and we are ready to go
[2026-05-18 21:23:00.391] AUTO-DISENGAGE: gear left Park (now D)
[2026-05-18 21:23:00.391] Husby was here, and we are ready to go
[2026-05-18 21:23:00.413] AUTO-DISENGAGE: gear left Park (now D)
[2026-05-18 21:23:00.414] Husby was here, and we are ready to go
[2026-05-18 21:23:00.431] AUTO-DISENGAGE: gear left Park (now D)
[2026-05-18 21:23:00.431] Husby was here, and we are ready to go
[2026-05-18 21:23:00.433] AUTO-DISENGAGE: gear left Park (now D)
[2026-05-18 21:23:00.434] Husby was here, and we are ready to go
[2026-05-18 21:23:00.450] AUTO-DISENGAGE: gear left Park (now D)
[2026-05-18 21:23:00.450] Husby was here, and we are ready to go
[2026-05-18 21:23:00.475] AUTO-DISENGAGE: gear left Park (now D)
[2026-05-18 21:23:00.475] Husby was here, and we are ready to go
[2026-05-18 21:23:00.494] AUTO-DISENGAGE: gear left Park (now D)
[2026-05-18 21:23:00.495] Husby was here, and we are ready to go
[2026-05-18 21:23:00.514] AUTO-DISENGAGE: gear left Park (now D)
[2026-05-18 21:23:00.514] Husby was here, and we are ready to go
[2026-05-18 21:23:00.533] AUTO-DISENGAGE: gear left Park (now D)
[2026-05-18 21:23:00.533] Husby was here, and we are ready to go
[2026-05-18 21:23:00.533] AUTO-DISENGAGE: gear left Park (now D)
[2026-05-18 21:23:00.533] Husby was here, and we are ready to go
[2026-05-18 21:23:00.553] AUTO-DISENGAGE: gear left Park (now D)
[2026-05-18 21:23:00.553] Husby was here, and we are ready to go
[2026-05-18 21:23:00.575] AUTO-DISENGAGE: gear left Park (now D)
[2026-05-18 21:23:00.575] Husby was here, and we are ready to go
[2026-05-18 21:23:00.594] AUTO-DISENGAGE: gear left Park (now D)
[2026-05-18 21:23:00.594] Husby was here, and we are ready to go
[2026-05-18 21:23:00.614] AUTO-DISENGAGE: gear left Park (now D)
[2026-05-18 21:23:00.614] Husby was here, and we are ready to go
[2026-05-18 21:23:00.633] AUTO-DISENGAGE: gear left Park (now D)
[2026-05-18 21:23:00.633] Husby was here, and we are ready to go
[2026-05-18 21:23:00.633] AUTO-DISENGAGE: gear left Park (now D)
[2026-05-18 21:23:00.633] Husby was here, and we are ready to go
[2026-05-18 21:23:00.653] AUTO-DISENGAGE: gear left Park (now D)
[2026-05-18 21:23:00.653] Husby was here, and we are ready to go
[2026-05-18 21:23:00.676] AUTO-DISENGAGE: gear left Park (now D)
[2026-05-18 21:23:00.676] Husby was here, and we are ready to go
[2026-05-18 21:23:00.693] AUTO-DISENGAGE: gear left Park (now D)
[2026-05-18 21:23:00.694] Husby was here, and we are ready to go
[2026-05-18 21:23:00.719] AUTO-DISENGAGE: gear left Park (now D)
[2026-05-18 21:23:00.720] Husby was here, and we are ready to go
[2026-05-18 21:23:00.734] AUTO-DISENGAGE: gear left Park (now D)
[2026-05-18 21:23:00.734] Husby was here, and we are ready to go
[2026-05-18 21:23:00.736] AUTO-DISENGAGE: gear left Park (now D)
[2026-05-18 21:23:00.736] Husby was here, and we are ready to go
[2026-05-18 21:23:00.754] AUTO-DISENGAGE: gear left Park (now D)
[2026-05-18 21:23:00.754] Husby was here, and we are ready to go
[2026-05-18 21:23:00.773] AUTO-DISENGAGE: gear left Park (now D)
[2026-05-18 21:23:00.773] Husby was here, and we are ready to go
[2026-05-18 21:23:00.794] AUTO-DISENGAGE: gear left Park (now D)
[2026-05-18 21:23:00.794] Husby was here, and we are ready to go
[2026-05-18 21:23:00.814] AUTO-DISENGAGE: gear left Park (now D)
[2026-05-18 21:23:00.814] Husby was here, and we are ready to go
[2026-05-18 21:23:00.833] AUTO-DISENGAGE: gear left Park (now D)
[2026-05-18 21:23:00.833] Husby was here, and we are ready to go
[2026-05-18 21:23:00.835] AUTO-DISENGAGE: gear left Park (now D)
[2026-05-18 21:23:00.835] Husby was here, and we are ready to go
[2026-05-18 21:23:00.853] AUTO-DISENGAGE: gear left Park (now D)
[2026-05-18 21:23:00.853] Husby was here, and we are ready to go
[2026-05-18 21:23:00.875] AUTO-DISENGAGE: gear left Park (now D)
[2026-05-18 21:23:00.875] Husby was here, and we are ready to go
[2026-05-18 21:23:00.893] AUTO-DISENGAGE: gear left Park (now D)
[2026-05-18 21:23:00.894] Husby was here, and we are ready to go
[2026-05-18 21:23:00.916] AUTO-DISENGAGE: gear left Park (now D)
[2026-05-18 21:23:00.916] Husby was here, and we are ready to go
[2026-05-18 21:23:00.933] AUTO-DISENGAGE: gear left Park (now D)
[2026-05-18 21:23:00.933] Husby was here, and we are ready to go
[2026-05-18 21:23:00.935] AUTO-DISENGAGE: gear left Park (now D)
[2026-05-18 21:23:00.935] Husby was here, and we are ready to go
[2026-05-18 21:23:00.960] AUTO-DISENGAGE: gear left Park (now D)
[2026-05-18 21:23:00.960] Husby was here, and we are ready to go
[2026-05-18 21:23:00.979] AUTO-DISENGAGE: gear left Park (now D)
[2026-05-18 21:23:00.980] Husby was here, and we are ready to go
[2026-05-18 21:23:01.000] AUTO-DISENGAGE: gear left Park (now D)
[2026-05-18 21:23:01.000] Husby was here, and we are ready to go
[2026-05-18 21:23:01.020] AUTO-DISENGAGE: gear left Park (now D)
[2026-05-18 21:23:01.020] Husby was here, and we are ready to go
[2026-05-18 21:23:01.036] AUTO-DISENGAGE: gear left Park (now D)
[2026-05-18 21:23:01.036] Husby was here, and we are ready to go
[2026-05-18 21:23:01.038] AUTO-DISENGAGE: gear left Park (now D)
[2026-05-18 21:23:01.039] Husby was here, and we are ready to go
[2026-05-18 21:23:01.062] AUTO-DISENGAGE: gear left Park (now D)
[2026-05-18 21:23:01.062] Husby was here, and we are ready to go
[2026-05-18 21:23:01.081] AUTO-DISENGAGE: gear left Park (now D)
[2026-05-18 21:23:01.082] Husby was here, and we are ready to go
[2026-05-18 21:23:01.101] AUTO-DISENGAGE: gear left Park (now D)
[2026-05-18 21:23:01.102] Husby was here, and we are ready to go
[2026-05-18 21:23:01.124] AUTO-DISENGAGE: gear left Park (now D)
[2026-05-18 21:23:01.125] Husby was here, and we are ready to go
[2026-05-18 21:23:01.137] AUTO-DISENGAGE: gear left Park (now D)
[2026-05-18 21:23:01.138] Husby was here, and we are ready to go
[2026-05-18 21:23:01.140] AUTO-DISENGAGE: gear left Park (now D)
[2026-05-18 21:23:01.140] Husby was here, and we are ready to go
[2026-05-18 21:23:01.163] AUTO-DISENGAGE: gear left Park (now D)
[2026-05-18 21:23:01.163] Husby was here, and we are ready to go
[2026-05-18 21:23:01.181] AUTO-DISENGAGE: gear left Park (now D)
[2026-05-18 21:23:01.181] Husby was here, and we are ready to go
[2026-05-18 21:23:01.201] AUTO-DISENGAGE: gear left Park (now D)
[2026-05-18 21:23:01.201] Husby was here, and we are ready to go
[2026-05-18 21:23:01.221] AUTO-DISENGAGE: gear left Park (now D)
[2026-05-18 21:23:01.221] Husby was here, and we are ready to go
[2026-05-18 21:23:01.236] AUTO-DISENGAGE: gear left Park (now D)
[2026-05-18 21:23:01.236] Husby was here, and we are ready to go
[2026-05-18 21:23:01.240] AUTO-DISENGAGE: gear left Park (now D)
[2026-05-18 21:23:01.240] Husby was here, and we are ready to go
[2026-05-18 21:23:01.262] AUTO-DISENGAGE: gear left Park (now D)
[2026-05-18 21:23:01.262] Husby was here, and we are ready to go
[2026-05-18 21:23:01.283] AUTO-DISENGAGE: gear left Park (now D)
[2026-05-18 21:23:01.283] Husby was here, and we are ready to go
[2026-05-18 21:23:01.301] AUTO-DISENGAGE: gear left Park (now D)
[2026-05-18 21:23:01.301] Husby was here, and we are ready to go
[2026-05-18 21:23:01.326] AUTO-DISENGAGE: gear left Park (now D)
[2026-05-18 21:23:01.326] Husby was here, and we are ready to go
[2026-05-18 21:23:01.337] AUTO-DISENGAGE: gear left Park (now D)
[2026-05-18 21:23:01.337] Husby was here, and we are ready to go
[2026-05-18 21:23:01.340] AUTO-DISENGAGE: gear left Park (now D)
[2026-05-18 21:23:01.340] Husby was here, and we are ready to go
[2026-05-18 21:23:01.362] AUTO-DISENGAGE: gear left Park (now D)
[2026-05-18 21:23:01.363] Husby was here, and we are ready to go
[2026-05-18 21:23:01.381] AUTO-DISENGAGE: gear left Park (now D)
[2026-05-18 21:23:01.381] Husby was here, and we are ready to go
[2026-05-18 21:23:01.401] AUTO-DISENGAGE: gear left Park (now D)
[2026-05-18 21:23:01.401] Husby was here, and we are ready to go
[2026-05-18 21:23:01.421] AUTO-DISENGAGE: gear left Park (now D)
[2026-05-18 21:23:01.421] Husby was here, and we are ready to go
[2026-05-18 21:23:01.436] AUTO-DISENGAGE: gear left Park (now D)
[2026-05-18 21:23:01.436] Husby was here, and we are ready to go
[2026-05-18 21:23:01.440] AUTO-DISENGAGE: gear left Park (now D)
[2026-05-18 21:23:01.440] Husby was here, and we are ready to go
[2026-05-18 21:23:01.461] AUTO-DISENGAGE: gear left Park (now D)
[2026-05-18 21:23:01.461] Husby was here, and we are ready to go
[2026-05-18 21:23:01.480] AUTO-DISENGAGE: gear left Park (now D)
[2026-05-18 21:23:01.480] Husby was here, and we are ready to go
[2026-05-18 21:23:01.501] AUTO-DISENGAGE: gear left Park (now D)
[2026-05-18 21:23:01.501] Husby was here, and we are ready to go
[2026-05-18 21:23:01.521] AUTO-DISENGAGE: gear left Park (now D)
[2026-05-18 21:23:01.521] Husby was here, and we are ready to go
[2026-05-18 21:23:01.537] AUTO-DISENGAGE: gear left Park (now D)
[2026-05-18 21:23:01.537] Husby was here, and we are ready to go
[2026-05-18 21:23:01.541] AUTO-DISENGAGE: gear left Park (now D)
[2026-05-18 21:23:01.542] Husby was here, and we are ready to go
[2026-05-18 21:23:01.563] AUTO-DISENGAGE: gear left Park (now D)
[2026-05-18 21:23:01.564] Husby was here, and we are ready to go
[2026-05-18 21:23:01.581] AUTO-DISENGAGE: gear left Park (now D)
[2026-05-18 21:23:01.582] Husby was here, and we are ready to go
[2026-05-18 21:23:01.602] AUTO-DISENGAGE: gear left Park (now D)
[2026-05-18 21:23:01.602] Husby was here, and we are ready to go
[2026-05-18 21:23:01.623] AUTO-DISENGAGE: gear left Park (now D)
[2026-05-18 21:23:01.623] Husby was here, and we are ready to go
[2026-05-18 21:23:01.637] AUTO-DISENGAGE: gear left Park (now D)
[2026-05-18 21:23:01.637] Husby was here, and we are ready to go
[2026-05-18 21:23:01.642] AUTO-DISENGAGE: gear left Park (now D)
[2026-05-18 21:23:01.642] Husby was here, and we are ready to go
[2026-05-18 21:23:01.663] AUTO-DISENGAGE: gear left Park (now D)
[2026-05-18 21:23:01.663] Husby was here, and we are ready to go
[2026-05-18 21:23:01.682] AUTO-DISENGAGE: gear left Park (now D)
[2026-05-18 21:23:01.682] Husby was here, and we are ready to go
[2026-05-18 21:23:01.702] AUTO-DISENGAGE: gear left Park (now D)
[2026-05-18 21:23:01.702] Husby was here, and we are ready to go
[2026-05-18 21:23:01.722] AUTO-DISENGAGE: gear left Park (now D)
[2026-05-18 21:23:01.723] Husby was here, and we are ready to go
[2026-05-18 21:23:01.736] AUTO-DISENGAGE: gear left Park (now D)
[2026-05-18 21:23:01.736] Husby was here, and we are ready to go
[2026-05-18 21:23:01.741] AUTO-DISENGAGE: gear left Park (now D)
[2026-05-18 21:23:01.741] Husby was here, and we are ready to go
[2026-05-18 21:23:01.763] AUTO-DISENGAGE: gear left Park (now D)
[2026-05-18 21:23:01.763] Husby was here, and we are ready to go
[2026-05-18 21:23:01.781] AUTO-DISENGAGE: gear left Park (now D)
[2026-05-18 21:23:01.781] Husby was here, and we are ready to go
[2026-05-18 21:23:01.803] AUTO-DISENGAGE: gear left Park (now D)
[2026-05-18 21:23:01.803] Husby was here, and we are ready to go
[2026-05-18 21:23:01.825] AUTO-DISENGAGE: gear left Park (now D)
[2026-05-18 21:23:01.825] Husby was here, and we are ready to go
[2026-05-18 21:23:01.837] AUTO-DISENGAGE: gear left Park (now D)
[2026-05-18 21:23:01.837] Husby was here, and we are ready to go
[2026-05-18 21:23:01.842] AUTO-DISENGAGE: gear left Park (now D)
[2026-05-18 21:23:01.842] Husby was here, and we are ready to go
[2026-05-18 21:23:01.864] AUTO-DISENGAGE: gear left Park (now D)
[2026-05-18 21:23:01.864] Husby was here, and we are ready to go
[2026-05-18 21:23:01.882] AUTO-DISENGAGE: gear left Park (now D)
[2026-05-18 21:23:01.882] Husby was here, and we are ready to go
[2026-05-18 21:23:01.902] AUTO-DISENGAGE: gear left Park (now D)
[2026-05-18 21:23:01.902] Husby was here, and we are ready to go
[2026-05-18 21:23:01.923] AUTO-DISENGAGE: gear left Park (now D)
[2026-05-18 21:23:01.923] Husby was here, and we are ready to go
[2026-05-18 21:23:01.936] AUTO-DISENGAGE: gear left Park (now D)
[2026-05-18 21:23:01.936] Husby was here, and we are ready to go
[2026-05-18 21:23:01.941] AUTO-DISENGAGE: gear left Park (now D)
[2026-05-18 21:23:01.941] Husby was here, and we are ready to go
[2026-05-18 21:23:01.963] AUTO-DISENGAGE: gear left Park (now D)
[2026-05-18 21:23:01.963] Husby was here, and we are ready to go
[2026-05-18 21:23:01.981] AUTO-DISENGAGE: gear left Park (now D)
[2026-05-18 21:23:01.981] Husby was here, and we are ready to go
[2026-05-18 21:23:02.001] AUTO-DISENGAGE: gear left Park (now D)
[2026-05-18 21:23:02.002] Husby was here, and we are ready to go
[2026-05-18 21:23:02.022] AUTO-DISENGAGE: gear left Park (now D)
[2026-05-18 21:23:02.022] Husby was here, and we are ready to go
[2026-05-18 21:23:02.036] AUTO-DISENGAGE: gear left Park (now D)
[2026-05-18 21:23:02.036] Husby was here, and we are ready to go
[2026-05-18 21:23:02.041] AUTO-DISENGAGE: gear left Park (now D)
[2026-05-18 21:23:02.041] Husby was here, and we are ready to go
[2026-05-18 21:23:02.061] AUTO-DISENGAGE: gear left Park (now D)
[2026-05-18 21:23:02.061] Husby was here, and we are ready to go
[2026-05-18 21:23:02.081] AUTO-DISENGAGE: gear left Park (now D)
[2026-05-18 21:23:02.081] Husby was here, and we are ready to go
[2026-05-18 21:23:02.103] AUTO-DISENGAGE: gear left Park (now D)
[2026-05-18 21:23:02.103] Husby was here, and we are ready to go
[2026-05-18 21:23:02.125] AUTO-DISENGAGE: gear left Park (now D)
[2026-05-18 21:23:02.125] Husby was here, and we are ready to go
[2026-05-18 21:23:02.136] AUTO-DISENGAGE: gear left Park (now D)
[2026-05-18 21:23:02.136] Husby was here, and we are ready to go
[2026-05-18 21:23:02.142] AUTO-DISENGAGE: gear left Park (now D)
[2026-05-18 21:23:02.142] Husby was here, and we are ready to go
[2026-05-18 21:23:02.162] AUTO-DISENGAGE: gear left Park (now D)
[2026-05-18 21:23:02.162] Husby was here, and we are ready to go
[2026-05-18 21:23:02.182] AUTO-DISENGAGE: gear left Park (now D)
[2026-05-18 21:23:02.182] Husby was here, and we are ready to go
[2026-05-18 21:23:02.203] AUTO-DISENGAGE: gear left Park (now D)
[2026-05-18 21:23:02.203] Husby was here, and we are ready to go
[2026-05-18 21:23:02.223] AUTO-DISENGAGE: gear left Park (now D)
[2026-05-18 21:23:02.223] Husby was here, and we are ready to go
[2026-05-18 21:23:02.237] AUTO-DISENGAGE: gear left Park (now D)
[2026-05-18 21:23:02.239] Husby was here, and we are ready to go
[2026-05-18 21:23:02.242] AUTO-DISENGAGE: gear left Park (now D)
[2026-05-18 21:23:02.242] Husby was here, and we are ready to go
[2026-05-18 21:23:02.263] AUTO-DISENGAGE: gear left Park (now D)
[2026-05-18 21:23:02.263] Husby was here, and we are ready to go
[2026-05-18 21:23:02.282] AUTO-DISENGAGE: gear left Park (now D)
[2026-05-18 21:23:02.282] Husby was here, and we are ready to go
[2026-05-18 21:23:02.302] AUTO-DISENGAGE: gear left Park (now D)
[2026-05-18 21:23:02.302] Husby was here, and we are ready to go
[2026-05-18 21:23:02.324] AUTO-DISENGAGE: gear left Park (now D)
[2026-05-18 21:23:02.324] Husby was here, and we are ready to go
[2026-05-18 21:23:02.337] AUTO-DISENGAGE: gear left Park (now D)
[2026-05-18 21:23:02.337] Husby was here, and we are ready to go
[2026-05-18 21:23:02.342] AUTO-DISENGAGE: gear left Park (now D)
[2026-05-18 21:23:02.342] Husby was here, and we are ready to go
[2026-05-18 21:23:02.363] AUTO-DISENGAGE: gear left Park (now D)
[2026-05-18 21:23:02.364] Husby was here, and we are ready to go
[2026-05-18 21:23:02.383] AUTO-DISENGAGE: gear left Park (now D)
[2026-05-18 21:23:02.383] Husby was here, and we are ready to go
[2026-05-18 21:23:02.405] AUTO-DISENGAGE: gear left Park (now D)
[2026-05-18 21:23:02.406] Husby was here, and we are ready to go
[2026-05-18 21:23:02.424] AUTO-DISENGAGE: gear left Park (now D)
[2026-05-18 21:23:02.424] Husby was here, and we are ready to go
[2026-05-18 21:23:02.443] AUTO-DISENGAGE: gear left Park (now D)
[2026-05-18 21:23:02.444] Husby was here, and we are ready to go
[2026-05-18 21:23:02.446] AUTO-DISENGAGE: gear left Park (now D)
[2026-05-18 21:23:02.446] Husby was here, and we are ready to go
[2026-05-18 21:23:02.470] AUTO-DISENGAGE: gear left Park (now D)
[2026-05-18 21:23:02.471] Husby was here, and we are ready to go
[2026-05-18 21:23:02.486] AUTO-DISENGAGE: gear left Park (now D)
[2026-05-18 21:23:02.486] Husby was here, and we are ready to go
[2026-05-18 21:23:02.507] AUTO-DISENGAGE: gear left Park (now D)
[2026-05-18 21:23:02.507] Husby was here, and we are ready to go
[2026-05-18 21:23:02.529] AUTO-DISENGAGE: gear left Park (now D)
[2026-05-18 21:23:02.530] Husby was here, and we are ready to go
[2026-05-18 21:23:02.542] AUTO-DISENGAGE: gear left Park (now D)
[2026-05-18 21:23:02.543] Husby was here, and we are ready to go
[2026-05-18 21:23:02.545] AUTO-DISENGAGE: gear left Park (now D)
[2026-05-18 21:23:02.545] Husby was here, and we are ready to go
[2026-05-18 21:23:02.570] AUTO-DISENGAGE: gear left Park (now D)
[2026-05-18 21:23:02.570] Husby was here, and we are ready to go
[2026-05-18 21:23:02.586] AUTO-DISENGAGE: gear left Park (now D)
[2026-05-18 21:23:02.587] Husby was here, and we are ready to go
[2026-05-18 21:23:02.607] AUTO-DISENGAGE: gear left Park (now D)
[2026-05-18 21:23:02.607] Husby was here, and we are ready to go
[2026-05-18 21:23:02.631] AUTO-DISENGAGE: gear left Park (now D)
[2026-05-18 21:23:02.631] Husby was here, and we are ready to go
[2026-05-18 21:23:02.640] AUTO-DISENGAGE: gear left Park (now D)
[2026-05-18 21:23:02.641] Husby was here, and we are ready to go
[2026-05-18 21:23:02.645] AUTO-DISENGAGE: gear left Park (now D)
[2026-05-18 21:23:02.645] Husby was here, and we are ready to go
[2026-05-18 21:23:02.666] AUTO-DISENGAGE: gear left Park (now D)
[2026-05-18 21:23:02.667] Husby was here, and we are ready to go
[2026-05-18 21:23:02.686] AUTO-DISENGAGE: gear left Park (now D)
[2026-05-18 21:23:02.686] Husby was here, and we are ready to go
[2026-05-18 21:23:02.707] AUTO-DISENGAGE: gear left Park (now D)
[2026-05-18 21:23:02.707] Husby was here, and we are ready to go
[2026-05-18 21:23:02.726] AUTO-DISENGAGE: gear left Park (now D)
[2026-05-18 21:23:02.726] Husby was here, and we are ready to go
[2026-05-18 21:23:02.741] AUTO-DISENGAGE: gear left Park (now D)
[2026-05-18 21:23:02.741] Husby was here, and we are ready to go
[2026-05-18 21:23:02.745] AUTO-DISENGAGE: gear left Park (now D)
[2026-05-18 21:23:02.745] Husby was here, and we are ready to go
[2026-05-18 21:23:02.767] AUTO-DISENGAGE: gear left Park (now D)
[2026-05-18 21:23:02.767] Husby was here, and we are ready to go
[2026-05-18 21:23:02.790] AUTO-DISENGAGE: gear left Park (now D)
[2026-05-18 21:23:02.790] Husby was here, and we are ready to go
[2026-05-18 21:23:02.807] AUTO-DISENGAGE: gear left Park (now D)
[2026-05-18 21:23:02.807] Husby was here, and we are ready to go
[2026-05-18 21:23:02.831] AUTO-DISENGAGE: gear left Park (now D)
[2026-05-18 21:23:02.831] Husby was here, and we are ready to go
[2026-05-18 21:23:02.842] AUTO-DISENGAGE: gear left Park (now D)
[2026-05-18 21:23:02.842] Husby was here, and we are ready to go
[2026-05-18 21:23:02.845] AUTO-DISENGAGE: gear left Park (now D)
[2026-05-18 21:23:02.845] Husby was here, and we are ready to go
[2026-05-18 21:23:02.866] AUTO-DISENGAGE: gear left Park (now D)
[2026-05-18 21:23:02.867] Husby was here, and we are ready to go
[2026-05-18 21:23:02.886] AUTO-DISENGAGE: gear left Park (now D)
[2026-05-18 21:23:02.886] Husby was here, and we are ready to go
[2026-05-18 21:23:02.907] AUTO-DISENGAGE: gear left Park (now D)
[2026-05-18 21:23:02.907] Husby was here, and we are ready to go
[2026-05-18 21:23:02.926] AUTO-DISENGAGE: gear left Park (now D)
[2026-05-18 21:23:02.927] Husby was here, and we are ready to go
[2026-05-18 21:23:02.941] AUTO-DISENGAGE: gear left Park (now D)
[2026-05-18 21:23:02.941] Husby was here, and we are ready to go
[2026-05-18 21:23:02.945] AUTO-DISENGAGE: gear left Park (now D)
[2026-05-18 21:23:02.945] Husby was here, and we are ready to go
[2026-05-18 21:23:02.966] AUTO-DISENGAGE: gear left Park (now D)
[2026-05-18 21:23:02.966] Husby was here, and we are ready to go
[2026-05-18 21:23:02.986] AUTO-DISENGAGE: gear left Park (now D)
[2026-05-18 21:23:02.987] Husby was here, and we are ready to go
[2026-05-18 21:23:03.007] AUTO-DISENGAGE: gear left Park (now D)
[2026-05-18 21:23:03.007] Husby was here, and we are ready to go
[2026-05-18 21:23:03.026] AUTO-DISENGAGE: gear left Park (now D)
[2026-05-18 21:23:03.026] Husby was here, and we are ready to go
[2026-05-18 21:23:03.042] AUTO-DISENGAGE: gear left Park (now D)
[2026-05-18 21:23:03.042] Husby was here, and we are ready to go
[2026-05-18 21:23:03.045] AUTO-DISENGAGE: gear left Park (now D)
[2026-05-18 21:23:03.045] Husby was here, and we are ready to go
[2026-05-18 21:23:03.071] AUTO-DISENGAGE: gear left Park (now D)
[2026-05-18 21:23:03.071] Husby was here, and we are ready to go
[2026-05-18 21:23:03.086] AUTO-DISENGAGE: gear left Park (now D)
[2026-05-18 21:23:03.086] Husby was here, and we are ready to go
[2026-05-18 21:23:03.107] AUTO-DISENGAGE: gear left Park (now D)
[2026-05-18 21:23:03.107] Husby was here, and we are ready to go
[2026-05-18 21:23:03.126] AUTO-DISENGAGE: gear left Park (now D)
[2026-05-18 21:23:03.127] Husby was here, and we are ready to go
[2026-05-18 21:23:03.141] AUTO-DISENGAGE: gear left Park (now D)
[2026-05-18 21:23:03.142] Husby was here, and we are ready to go
[2026-05-18 21:23:03.145] AUTO-DISENGAGE: gear left Park (now D)
[2026-05-18 21:23:03.145] Husby was here, and we are ready to go
[2026-05-18 21:23:03.170] AUTO-DISENGAGE: gear left Park (now D)
[2026-05-18 21:23:03.171] Husby was here, and we are ready to go
[2026-05-18 21:23:03.187] AUTO-DISENGAGE: gear left Park (now D)
[2026-05-18 21:23:03.187] Husby was here, and we are ready to go
[2026-05-18 21:23:03.210] AUTO-DISENGAGE: gear left Park (now D)
[2026-05-18 21:23:03.211] Husby was here, and we are ready to go
[2026-05-18 21:23:03.230] AUTO-DISENGAGE: gear left Park (now D)
[2026-05-18 21:23:03.231] Husby was here, and we are ready to go
[2026-05-18 21:23:03.241] AUTO-DISENGAGE: gear left Park (now D)
[2026-05-18 21:23:03.241] Husby was here, and we are ready to go
[2026-05-18 21:23:03.245] AUTO-DISENGAGE: gear left Park (now D)
[2026-05-18 21:23:03.245] Husby was here, and we are ready to go
[2026-05-18 21:23:03.267] AUTO-DISENGAGE: gear left Park (now D)
[2026-05-18 21:23:03.267] Husby was here, and we are ready to go
[2026-05-18 21:23:03.286] AUTO-DISENGAGE: gear left Park (now D)
[2026-05-18 21:23:03.286] Husby was here, and we are ready to go
[2026-05-18 21:23:03.306] AUTO-DISENGAGE: gear left Park (now D)
[2026-05-18 21:23:03.306] Husby was here, and we are ready to go
[2026-05-18 21:23:03.326] AUTO-DISENGAGE: gear left Park (now D)
[2026-05-18 21:23:03.326] Husby was here, and we are ready to go
[2026-05-18 21:23:03.340] AUTO-DISENGAGE: gear left Park (now D)
[2026-05-18 21:23:03.340] Husby was here, and we are ready to go
[2026-05-18 21:23:03.345] AUTO-DISENGAGE: gear left Park (now D)
[2026-05-18 21:23:03.345] Husby was here, and we are ready to go
[2026-05-18 21:23:03.366] AUTO-DISENGAGE: gear left Park (now D)
[2026-05-18 21:23:03.366] Husby was here, and we are ready to go
[2026-05-18 21:23:03.386] AUTO-DISENGAGE: gear left Park (now D)
[2026-05-18 21:23:03.386] Husby was here, and we are ready to go
[2026-05-18 21:23:03.406] AUTO-DISENGAGE: gear left Park (now D)
[2026-05-18 21:23:03.406] Husby was here, and we are ready to go
[2026-05-18 21:23:03.426] AUTO-DISENGAGE: gear left Park (now D)
[2026-05-18 21:23:03.426] Husby was here, and we are ready to go
[2026-05-18 21:23:03.441] AUTO-DISENGAGE: gear left Park (now D)
[2026-05-18 21:23:03.441] Husby was here, and we are ready to go
[2026-05-18 21:23:03.445] AUTO-DISENGAGE: gear left Park (now D)
[2026-05-18 21:23:03.445] Husby was here, and we are ready to go
[2026-05-18 21:23:03.471] AUTO-DISENGAGE: gear left Park (now D)
[2026-05-18 21:23:03.471] Husby was here, and we are ready to go
[2026-05-18 21:23:03.486] AUTO-DISENGAGE: gear left Park (now D)
[2026-05-18 21:23:03.487] Husby was here, and we are ready to go
[2026-05-18 21:23:03.511] AUTO-DISENGAGE: gear left Park (now D)
[2026-05-18 21:23:03.511] Husby was here, and we are ready to go
[2026-05-18 21:23:03.527] AUTO-DISENGAGE: gear left Park (now D)
[2026-05-18 21:23:03.528] Husby was here, and we are ready to go
[2026-05-18 21:23:03.542] AUTO-DISENGAGE: gear left Park (now D)
[2026-05-18 21:23:03.542] Husby was here, and we are ready to go
[2026-05-18 21:23:03.545] AUTO-DISENGAGE: gear left Park (now D)
[2026-05-18 21:23:03.545] Husby was here, and we are ready to go
[2026-05-18 21:23:03.571] AUTO-DISENGAGE: gear left Park (now D)
[2026-05-18 21:23:03.571] Husby was here, and we are ready to go
[2026-05-18 21:23:03.587] AUTO-DISENGAGE: gear left Park (now D)
[2026-05-18 21:23:03.587] Husby was here, and we are ready to go
[2026-05-18 21:23:03.606] AUTO-DISENGAGE: gear left Park (now D)
[2026-05-18 21:23:03.606] Husby was here, and we are ready to go
[2026-05-18 21:23:03.626] AUTO-DISENGAGE: gear left Park (now D)
[2026-05-18 21:23:03.627] Husby was here, and we are ready to go
[2026-05-18 21:23:03.641] AUTO-DISENGAGE: gear left Park (now D)
[2026-05-18 21:23:03.641] Husby was here, and we are ready to go
[2026-05-18 21:23:03.645] AUTO-DISENGAGE: gear left Park (now D)
[2026-05-18 21:23:03.645] Husby was here, and we are ready to go
[2026-05-18 21:23:03.669] AUTO-DISENGAGE: gear left Park (now D)
[2026-05-18 21:23:03.669] Husby was here, and we are ready to go
[2026-05-18 21:23:03.686] AUTO-DISENGAGE: gear left Park (now D)
[2026-05-18 21:23:03.686] Husby was here, and we are ready to go
[2026-05-18 21:23:03.706] AUTO-DISENGAGE: gear left Park (now D)
[2026-05-18 21:23:03.706] Husby was here, and we are ready to go
[2026-05-18 21:23:03.727] AUTO-DISENGAGE: gear left Park (now D)
[2026-05-18 21:23:03.727] Husby was here, and we are ready to go
[2026-05-18 21:23:03.741] AUTO-DISENGAGE: gear left Park (now D)
[2026-05-18 21:23:03.741] Husby was here, and we are ready to go
[2026-05-18 21:23:03.746] AUTO-DISENGAGE: gear left Park (now D)
[2026-05-18 21:23:03.746] Husby was here, and we are ready to go
[2026-05-18 21:23:03.772] AUTO-DISENGAGE: gear left Park (now D)
[2026-05-18 21:23:03.773] Husby was here, and we are ready to go
[2026-05-18 21:23:03.791] AUTO-DISENGAGE: gear left Park (now D)
[2026-05-18 21:23:03.791] Husby was here, and we are ready to go
[2026-05-18 21:23:03.808] AUTO-DISENGAGE: gear left Park (now D)
[2026-05-18 21:23:03.808] Husby was here, and we are ready to go
[2026-05-18 21:23:03.831] AUTO-DISENGAGE: gear left Park (now D)
[2026-05-18 21:23:03.831] Husby was here, and we are ready to go
[2026-05-18 21:23:03.840] AUTO-DISENGAGE: gear left Park (now D)
[2026-05-18 21:23:03.841] Husby was here, and we are ready to go
[2026-05-18 21:23:03.846] AUTO-DISENGAGE: gear left Park (now D)
[2026-05-18 21:23:03.846] Husby was here, and we are ready to go
[2026-05-18 21:23:03.873] AUTO-DISENGAGE: gear left Park (now D)
[2026-05-18 21:23:03.873] Husby was here, and we are ready to go
[2026-05-18 21:23:03.886] AUTO-DISENGAGE: gear left Park (now D)
[2026-05-18 21:23:03.887] Husby was here, and we are ready to go
[2026-05-18 21:23:03.910] AUTO-DISENGAGE: gear left Park (now D)
[2026-05-18 21:23:03.910] Husby was here, and we are ready to go
[2026-05-18 21:23:03.926] AUTO-DISENGAGE: gear left Park (now D)
[2026-05-18 21:23:03.926] Husby was here, and we are ready to go
[2026-05-18 21:23:03.941] AUTO-DISENGAGE: gear left Park (now D)
[2026-05-18 21:23:03.941] Husby was here, and we are ready to go
[2026-05-18 21:23:03.946] AUTO-DISENGAGE: gear left Park (now D)
[2026-05-18 21:23:03.946] Husby was here, and we are ready to go
[2026-05-18 21:23:03.967] AUTO-DISENGAGE: gear left Park (now D)
[2026-05-18 21:23:03.967] Husby was here, and we are ready to go
[2026-05-18 21:23:03.987] AUTO-DISENGAGE: gear left Park (now D)
[2026-05-18 21:23:03.987] Husby was here, and we are ready to go
[2026-05-18 21:23:04.007] AUTO-DISENGAGE: gear left Park (now D)
[2026-05-18 21:23:04.007] Husby was here, and we are ready to go
[2026-05-18 21:23:04.027] AUTO-DISENGAGE: gear left Park (now D)
[2026-05-18 21:23:04.027] Husby was here, and we are ready to go
[2026-05-18 21:23:04.041] AUTO-DISENGAGE: gear left Park (now D)
[2026-05-18 21:23:04.041] Husby was here, and we are ready to go
[2026-05-18 21:23:04.046] AUTO-DISENGAGE: gear left Park (now D)
[2026-05-18 21:23:04.046] Husby was here, and we are ready to go
[2026-05-18 21:23:04.067] AUTO-DISENGAGE: gear left Park (now D)
[2026-05-18 21:23:04.067] Husby was here, and we are ready to go
[2026-05-18 21:23:04.090] AUTO-DISENGAGE: gear left Park (now D)
[2026-05-18 21:23:04.090] Husby was here, and we are ready to go
[2026-05-18 21:23:04.110] AUTO-DISENGAGE: gear left Park (now D)
[2026-05-18 21:23:04.110] Husby was here, and we are ready to go
[2026-05-18 21:23:04.127] AUTO-DISENGAGE: gear left Park (now D)
[2026-05-18 21:23:04.127] Husby was here, and we are ready to go
[2026-05-18 21:23:04.141] AUTO-DISENGAGE: gear left Park (now D)
[2026-05-18 21:23:04.141] Husby was here, and we are ready to go
[2026-05-18 21:23:04.146] AUTO-DISENGAGE: gear left Park (now D)
[2026-05-18 21:23:04.146] Husby was here, and we are ready to go
[2026-05-18 21:23:04.169] AUTO-DISENGAGE: gear left Park (now D)
[2026-05-18 21:23:04.170] Husby was here, and we are ready to go
[2026-05-18 21:23:04.187] AUTO-DISENGAGE: gear left Park (now D)
[2026-05-18 21:23:04.187] Husby was here, and we are ready to go
[2026-05-18 21:23:04.211] AUTO-DISENGAGE: gear left Park (now D)
[2026-05-18 21:23:04.211] Husby was here, and we are ready to go
[2026-05-18 21:23:04.227] AUTO-DISENGAGE: gear left Park (now D)
[2026-05-18 21:23:04.227] Husby was here, and we are ready to go
[2026-05-18 21:23:04.242] AUTO-DISENGAGE: gear left Park (now D)
[2026-05-18 21:23:04.242] Husby was here, and we are ready to go
[2026-05-18 21:23:04.246] AUTO-DISENGAGE: gear left Park (now D)
[2026-05-18 21:23:04.246] Husby was here, and we are ready to go
[2026-05-18 21:23:04.270] AUTO-DISENGAGE: gear left Park (now D)
[2026-05-18 21:23:04.270] Husby was here, and we are ready to go
[2026-05-18 21:23:04.287] AUTO-DISENGAGE: gear left Park (now D)
[2026-05-18 21:23:04.287] Husby was here, and we are ready to go
[2026-05-18 21:23:04.308] AUTO-DISENGAGE: gear left Park (now D)
[2026-05-18 21:23:04.308] Husby was here, and we are ready to go
[2026-05-18 21:23:04.327] AUTO-DISENGAGE: gear left Park (now D)
[2026-05-18 21:23:04.328] Husby was here, and we are ready to go
[2026-05-18 21:23:04.342] AUTO-DISENGAGE: gear left Park (now D)
[2026-05-18 21:23:04.342] Husby was here, and we are ready to go
[2026-05-18 21:23:04.346] AUTO-DISENGAGE: gear left Park (now D)
[2026-05-18 21:23:04.346] Husby was here, and we are ready to go
[2026-05-18 21:23:04.370] AUTO-DISENGAGE: gear left Park (now D)
[2026-05-18 21:23:04.370] Husby was here, and we are ready to go
[2026-05-18 21:23:04.386] AUTO-DISENGAGE: gear left Park (now D)
[2026-05-18 21:23:04.387] Husby was here, and we are ready to go
[2026-05-18 21:23:04.411] AUTO-DISENGAGE: gear left Park (now D)
[2026-05-18 21:23:04.411] Husby was here, and we are ready to go
[2026-05-18 21:23:04.427] AUTO-DISENGAGE: gear left Park (now D)
[2026-05-18 21:23:04.427] Husby was here, and we are ready to go
[2026-05-18 21:23:04.443] AUTO-DISENGAGE: gear left Park (now D)
[2026-05-18 21:23:04.443] Husby was here, and we are ready to go
[2026-05-18 21:23:04.446] AUTO-DISENGAGE: gear left Park (now D)
[2026-05-18 21:23:04.446] Husby was here, and we are ready to go
[2026-05-18 21:23:04.470] AUTO-DISENGAGE: gear left Park (now D)
[2026-05-18 21:23:04.470] Husby was here, and we are ready to go
[2026-05-18 21:23:04.487] AUTO-DISENGAGE: gear left Park (now D)
[2026-05-18 21:23:04.487] Husby was here, and we are ready to go
[2026-05-18 21:23:04.509] AUTO-DISENGAGE: gear left Park (now D)
[2026-05-18 21:23:04.509] Husby was here, and we are ready to go
[2026-05-18 21:23:04.528] AUTO-DISENGAGE: gear left Park (now D)
[2026-05-18 21:23:04.529] Husby was here, and we are ready to go
[2026-05-18 21:23:04.541] AUTO-DISENGAGE: gear left Park (now D)
[2026-05-18 21:23:04.541] Husby was here, and we are ready to go
[2026-05-18 21:23:04.546] AUTO-DISENGAGE: gear left Park (now D)
[2026-05-18 21:23:04.546] Husby was here, and we are ready to go
[2026-05-18 21:23:04.569] AUTO-DISENGAGE: gear left Park (now D)
[2026-05-18 21:23:04.569] Husby was here, and we are ready to go
[2026-05-18 21:23:04.590] AUTO-DISENGAGE: gear left Park (now D)
[2026-05-18 21:23:04.591] Husby was here, and we are ready to go
[2026-05-18 21:23:04.608] AUTO-DISENGAGE: gear left Park (now D)
[2026-05-18 21:23:04.608] Husby was here, and we are ready to go
[2026-05-18 21:23:04.630] AUTO-DISENGAGE: gear left Park (now D)
[2026-05-18 21:23:04.630] Husby was here, and we are ready to go
[2026-05-18 21:23:04.642] AUTO-DISENGAGE: gear left Park (now D)
[2026-05-18 21:23:04.642] Husby was here, and we are ready to go
[2026-05-18 21:23:04.646] AUTO-DISENGAGE: gear left Park (now D)
[2026-05-18 21:23:04.646] Husby was here, and we are ready to go
[2026-05-18 21:23:04.670] AUTO-DISENGAGE: gear left Park (now D)
[2026-05-18 21:23:04.670] Husby was here, and we are ready to go
[2026-05-18 21:23:04.686] brake: PRESSED
[2026-05-18 21:23:04.687] AUTO-DISENGAGE: gear left Park (now D)
[2026-05-18 21:23:04.687] Husby was here, and we are ready to go
[2026-05-18 21:23:04.708] AUTO-DISENGAGE: gear left Park (now D)
[2026-05-18 21:23:04.708] Husby was here, and we are ready to go
[2026-05-18 21:23:04.730] AUTO-DISENGAGE: gear left Park (now D)
[2026-05-18 21:23:04.730] Husby was here, and we are ready to go
[2026-05-18 21:23:04.741] AUTO-DISENGAGE: gear left Park (now D)
[2026-05-18 21:23:04.741] Husby was here, and we are ready to go
[2026-05-18 21:23:04.746] AUTO-DISENGAGE: gear left Park (now D)
[2026-05-18 21:23:04.746] Husby was here, and we are ready to go
[2026-05-18 21:23:04.767] AUTO-DISENGAGE: gear left Park (now D)
[2026-05-18 21:23:04.767] Husby was here, and we are ready to go
[2026-05-18 21:23:04.789] AUTO-DISENGAGE: gear left Park (now D)
[2026-05-18 21:23:04.789] Husby was here, and we are ready to go
[2026-05-18 21:23:04.806] AUTO-DISENGAGE: gear left Park (now D)
[2026-05-18 21:23:04.807] Husby was here, and we are ready to go
[2026-05-18 21:23:04.826] AUTO-DISENGAGE: gear left Park (now D)
[2026-05-18 21:23:04.826] Husby was here, and we are ready to go
[2026-05-18 21:23:04.845] AUTO-DISENGAGE: gear left Park (now D)
[2026-05-18 21:23:04.845] Husby was here, and we are ready to go
[2026-05-18 21:23:04.846] AUTO-DISENGAGE: gear left Park (now D)
[2026-05-18 21:23:04.846] Husby was here, and we are ready to go
[2026-05-18 21:23:04.868] AUTO-DISENGAGE: gear left Park (now D)
[2026-05-18 21:23:04.868] Husby was here, and we are ready to go
[2026-05-18 21:23:04.888] AUTO-DISENGAGE: gear left Park (now D)
[2026-05-18 21:23:04.888] Husby was here, and we are ready to go
[2026-05-18 21:23:04.911] AUTO-DISENGAGE: gear left Park (now D)
[2026-05-18 21:23:04.911] Husby was here, and we are ready to go
[2026-05-18 21:23:04.927] AUTO-DISENGAGE: gear left Park (now D)
[2026-05-18 21:23:04.927] Husby was here, and we are ready to go
[2026-05-18 21:23:04.945] AUTO-DISENGAGE: gear left Park (now D)
[2026-05-18 21:23:04.946] Husby was here, and we are ready to go
[2026-05-18 21:23:04.946] AUTO-DISENGAGE: gear left Park (now D)
[2026-05-18 21:23:04.946] Husby was here, and we are ready to go
[2026-05-18 21:23:04.969] AUTO-DISENGAGE: gear left Park (now D)
[2026-05-18 21:23:04.970] Husby was here, and we are ready to go
[2026-05-18 21:23:04.987] AUTO-DISENGAGE: gear left Park (now D)
[2026-05-18 21:23:04.987] Husby was here, and we are ready to go
[2026-05-18 21:23:05.007] AUTO-DISENGAGE: gear left Park (now D)
[2026-05-18 21:23:05.007] Husby was here, and we are ready to go
[2026-05-18 21:23:05.029] AUTO-DISENGAGE: gear left Park (now D)
[2026-05-18 21:23:05.029] Husby was here, and we are ready to go
[2026-05-18 21:23:05.045] AUTO-DISENGAGE: gear left Park (now D)
[2026-05-18 21:23:05.046] Husby was here, and we are ready to go
[2026-05-18 21:23:05.046] AUTO-DISENGAGE: gear left Park (now D)
[2026-05-18 21:23:05.046] Husby was here, and we are ready to go
[2026-05-18 21:23:05.070] AUTO-DISENGAGE: gear left Park (now D)
[2026-05-18 21:23:05.070] Husby was here, and we are ready to go
[2026-05-18 21:23:05.087] AUTO-DISENGAGE: gear left Park (now D)
[2026-05-18 21:23:05.087] Husby was here, and we are ready to go
[2026-05-18 21:23:05.107] AUTO-DISENGAGE: gear left Park (now D)
[2026-05-18 21:23:05.107] Husby was here, and we are ready to go
[2026-05-18 21:23:05.127] AUTO-DISENGAGE: gear left Park (now D)
[2026-05-18 21:23:05.127] Husby was here, and we are ready to go
[2026-05-18 21:23:05.146] AUTO-DISENGAGE: gear left Park (now D)
[2026-05-18 21:23:05.147] Husby was here, and we are ready to go
[2026-05-18 21:23:05.147] AUTO-DISENGAGE: gear left Park (now D)
[2026-05-18 21:23:05.147] Husby was here, and we are ready to go
[2026-05-18 21:23:05.170] AUTO-DISENGAGE: gear left Park (now D)
[2026-05-18 21:23:05.170] Husby was here, and we are ready to go
[2026-05-18 21:23:05.188] AUTO-DISENGAGE: gear left Park (now D)
[2026-05-18 21:23:05.188] Husby was here, and we are ready to go
[2026-05-18 21:23:05.210] AUTO-DISENGAGE: gear left Park (now D)
[2026-05-18 21:23:05.210] Husby was here, and we are ready to go
[2026-05-18 21:23:05.230] AUTO-DISENGAGE: gear left Park (now D)
[2026-05-18 21:23:05.230] Husby was here, and we are ready to go
[2026-05-18 21:23:05.246] AUTO-DISENGAGE: gear left Park (now D)
[2026-05-18 21:23:05.246] Husby was here, and we are ready to go
[2026-05-18 21:23:05.247] AUTO-DISENGAGE: gear left Park (now D)
[2026-05-18 21:23:05.247] Husby was here, and we are ready to go
[2026-05-18 21:23:05.270] AUTO-DISENGAGE: gear left Park (now D)
[2026-05-18 21:23:05.270] Husby was here, and we are ready to go
[2026-05-18 21:23:05.289] AUTO-DISENGAGE: gear left Park (now D)
[2026-05-18 21:23:05.290] Husby was here, and we are ready to go
[2026-05-18 21:23:05.309] AUTO-DISENGAGE: gear left Park (now D)
[2026-05-18 21:23:05.309] Husby was here, and we are ready to go
[2026-05-18 21:23:05.331] AUTO-DISENGAGE: gear left Park (now D)
[2026-05-18 21:23:05.331] Husby was here, and we are ready to go
[2026-05-18 21:23:05.345] AUTO-DISENGAGE: gear left Park (now D)
[2026-05-18 21:23:05.345] Husby was here, and we are ready to go
[2026-05-18 21:23:05.347] AUTO-DISENGAGE: gear left Park (now D)
[2026-05-18 21:23:05.347] Husby was here, and we are ready to go
[2026-05-18 21:23:05.369] AUTO-DISENGAGE: gear left Park (now D)
[2026-05-18 21:23:05.369] Husby was here, and we are ready to go
[2026-05-18 21:23:05.388] AUTO-DISENGAGE: gear left Park (now D)
[2026-05-18 21:23:05.388] Husby was here, and we are ready to go
[2026-05-18 21:23:05.412] AUTO-DISENGAGE: gear left Park (now D)
[2026-05-18 21:23:05.412] Husby was here, and we are ready to go
[2026-05-18 21:23:05.431] AUTO-DISENGAGE: gear left Park (now D)
[2026-05-18 21:23:05.432] Husby was here, and we are ready to go
[2026-05-18 21:23:05.448] AUTO-DISENGAGE: gear left Park (now D)
[2026-05-18 21:23:05.448] Husby was here, and we are ready to go
[2026-05-18 21:23:05.450] AUTO-DISENGAGE: gear left Park (now D)
[2026-05-18 21:23:05.451] Husby was here, and we are ready to go
[2026-05-18 21:23:05.471] AUTO-DISENGAGE: gear left Park (now D)
[2026-05-18 21:23:05.471] Husby was here, and we are ready to go
[2026-05-18 21:23:05.490] AUTO-DISENGAGE: gear left Park (now D)
[2026-05-18 21:23:05.490] Husby was here, and we are ready to go
[2026-05-18 21:23:05.511] AUTO-DISENGAGE: gear left Park (now D)
[2026-05-18 21:23:05.511] Husby was here, and we are ready to go
[2026-05-18 21:23:05.533] AUTO-DISENGAGE: gear left Park (now D)
[2026-05-18 21:23:05.534] Husby was here, and we are ready to go
[2026-05-18 21:23:05.545] AUTO-DISENGAGE: gear left Park (now D)
[2026-05-18 21:23:05.546] Husby was here, and we are ready to go
[2026-05-18 21:23:05.551] AUTO-DISENGAGE: gear left Park (now D)
[2026-05-18 21:23:05.551] Husby was here, and we are ready to go
[2026-05-18 21:23:05.572] AUTO-DISENGAGE: gear left Park (now D)
[2026-05-18 21:23:05.572] Husby was here, and we are ready to go
[2026-05-18 21:23:05.591] AUTO-DISENGAGE: gear left Park (now D)
[2026-05-18 21:23:05.592] Husby was here, and we are ready to go
[2026-05-18 21:23:05.611] AUTO-DISENGAGE: gear left Park (now D)
[2026-05-18 21:23:05.611] Husby was here, and we are ready to go
[2026-05-18 21:23:05.631] AUTO-DISENGAGE: gear left Park (now D)
[2026-05-18 21:23:05.631] Husby was here, and we are ready to go
[2026-05-18 21:23:05.646] AUTO-DISENGAGE: gear left Park (now D)
[2026-05-18 21:23:05.646] Husby was here, and we are ready to go
[2026-05-18 21:23:05.649] AUTO-DISENGAGE: gear left Park (now D)
[2026-05-18 21:23:05.649] Husby was here, and we are ready to go
[2026-05-18 21:23:05.672] AUTO-DISENGAGE: gear left Park (now D)
[2026-05-18 21:23:05.672] Husby was here, and we are ready to go
[2026-05-18 21:23:05.690] AUTO-DISENGAGE: gear left Park (now D)
[2026-05-18 21:23:05.690] Husby was here, and we are ready to go
[2026-05-18 21:23:05.710] AUTO-DISENGAGE: gear left Park (now D)
[2026-05-18 21:23:05.710] Husby was here, and we are ready to go
[2026-05-18 21:23:05.732] AUTO-DISENGAGE: gear left Park (now D)
[2026-05-18 21:23:05.732] Husby was here, and we are ready to go
[2026-05-18 21:23:05.747] AUTO-DISENGAGE: gear left Park (now D)
[2026-05-18 21:23:05.747] Husby was here, and we are ready to go
[2026-05-18 21:23:05.750] AUTO-DISENGAGE: gear left Park (now D)
[2026-05-18 21:23:05.751] Husby was here, and we are ready to go
[2026-05-18 21:23:05.772] AUTO-DISENGAGE: gear left Park (now D)
[2026-05-18 21:23:05.772] Husby was here, and we are ready to go
[2026-05-18 21:23:05.792] AUTO-DISENGAGE: gear left Park (now D)
[2026-05-18 21:23:05.792] Husby was here, and we are ready to go
[2026-05-18 21:23:05.811] AUTO-DISENGAGE: gear left Park (now D)
[2026-05-18 21:23:05.811] Husby was here, and we are ready to go
[2026-05-18 21:23:05.832] AUTO-DISENGAGE: gear left Park (now D)
[2026-05-18 21:23:05.832] Husby was here, and we are ready to go
[2026-05-18 21:23:05.846] AUTO-DISENGAGE: gear left Park (now D)
[2026-05-18 21:23:05.846] Husby was here, and we are ready to go
[2026-05-18 21:23:05.849] AUTO-DISENGAGE: gear left Park (now D)
[2026-05-18 21:23:05.850] Husby was here, and we are ready to go
[2026-05-18 21:23:05.872] AUTO-DISENGAGE: gear left Park (now D)
[2026-05-18 21:23:05.872] Husby was here, and we are ready to go
[2026-05-18 21:23:05.891] AUTO-DISENGAGE: gear left Park (now D)
[2026-05-18 21:23:05.892] Husby was here, and we are ready to go
[2026-05-18 21:23:05.911] AUTO-DISENGAGE: gear left Park (now D)
[2026-05-18 21:23:05.912] Husby was here, and we are ready to go
[2026-05-18 21:23:05.932] AUTO-DISENGAGE: gear left Park (now D)
[2026-05-18 21:23:05.932] Husby was here, and we are ready to go
[2026-05-18 21:23:05.945] AUTO-DISENGAGE: gear left Park (now D)
[2026-05-18 21:23:05.945] Husby was here, and we are ready to go
[2026-05-18 21:23:05.949] AUTO-DISENGAGE: gear left Park (now D)
[2026-05-18 21:23:05.949] Husby was here, and we are ready to go
[2026-05-18 21:23:05.971] AUTO-DISENGAGE: gear left Park (now D)
[2026-05-18 21:23:05.972] Husby was here, and we are ready to go
[2026-05-18 21:23:05.990] AUTO-DISENGAGE: gear left Park (now D)
[2026-05-18 21:23:05.990] Husby was here, and we are ready to go
[2026-05-18 21:23:06.012] AUTO-DISENGAGE: gear left Park (now D)
[2026-05-18 21:23:06.013] Husby was here, and we are ready to go
[2026-05-18 21:23:06.036] AUTO-DISENGAGE: gear left Park (now D)
[2026-05-18 21:23:06.036] Husby was here, and we are ready to go
[2026-05-18 21:23:06.046] AUTO-DISENGAGE: gear left Park (now D)
[2026-05-18 21:23:06.046] Husby was here, and we are ready to go
[2026-05-18 21:23:06.051] AUTO-DISENGAGE: gear left Park (now D)
[2026-05-18 21:23:06.051] Husby was here, and we are ready to go
[2026-05-18 21:23:06.073] AUTO-DISENGAGE: gear left Park (now D)
[2026-05-18 21:23:06.074] Husby was here, and we are ready to go
[2026-05-18 21:23:06.091] AUTO-DISENGAGE: gear left Park (now D)
[2026-05-18 21:23:06.092] Husby was here, and we are ready to go
[2026-05-18 21:23:06.112] AUTO-DISENGAGE: gear left Park (now D)
[2026-05-18 21:23:06.112] Husby was here, and we are ready to go
[2026-05-18 21:23:06.133] AUTO-DISENGAGE: gear left Park (now D)
[2026-05-18 21:23:06.133] Husby was here, and we are ready to go
[2026-05-18 21:23:06.147] AUTO-DISENGAGE: gear left Park (now D)
[2026-05-18 21:23:06.147] Husby was here, and we are ready to go
[2026-05-18 21:23:06.150] AUTO-DISENGAGE: gear left Park (now D)
[2026-05-18 21:23:06.150] Husby was here, and we are ready to go
[2026-05-18 21:23:06.174] AUTO-DISENGAGE: gear left Park (now D)
[2026-05-18 21:23:06.174] Husby was here, and we are ready to go
[2026-05-18 21:23:06.191] AUTO-DISENGAGE: gear left Park (now D)
[2026-05-18 21:23:06.191] Husby was here, and we are ready to go
[2026-05-18 21:23:06.211] AUTO-DISENGAGE: gear left Park (now D)
[2026-05-18 21:23:06.211] Husby was here, and we are ready to go
[2026-05-18 21:23:06.233] AUTO-DISENGAGE: gear left Park (now D)
[2026-05-18 21:23:06.233] Husby was here, and we are ready to go
[2026-05-18 21:23:06.247] AUTO-DISENGAGE: gear left Park (now D)
[2026-05-18 21:23:06.247] Husby was here, and we are ready to go
[2026-05-18 21:23:06.252] AUTO-DISENGAGE: gear left Park (now D)
[2026-05-18 21:23:06.253] Husby was here, and we are ready to go
[2026-05-18 21:23:06.272] AUTO-DISENGAGE: gear left Park (now D)
[2026-05-18 21:23:06.273] Husby was here, and we are ready to go
[2026-05-18 21:23:06.292] AUTO-DISENGAGE: gear left Park (now D)
[2026-05-18 21:23:06.293] Husby was here, and we are ready to go
[2026-05-18 21:23:06.313] AUTO-DISENGAGE: gear left Park (now D)
[2026-05-18 21:23:06.313] Husby was here, and we are ready to go
[2026-05-18 21:23:06.333] AUTO-DISENGAGE: gear left Park (now D)
[2026-05-18 21:23:06.333] Husby was here, and we are ready to go
[2026-05-18 21:23:06.345] AUTO-DISENGAGE: gear left Park (now D)
[2026-05-18 21:23:06.345] Husby was here, and we are ready to go
[2026-05-18 21:23:06.352] AUTO-DISENGAGE: gear left Park (now D)
[2026-05-18 21:23:06.352] Husby was here, and we are ready to go
[2026-05-18 21:23:06.372] AUTO-DISENGAGE: gear left Park (now D)
[2026-05-18 21:23:06.373] Husby was here, and we are ready to go
[2026-05-18 21:23:06.393] AUTO-DISENGAGE: gear left Park (now D)
[2026-05-18 21:23:06.393] Husby was here, and we are ready to go
[2026-05-18 21:23:06.414] AUTO-DISENGAGE: gear left Park (now D)
[2026-05-18 21:23:06.414] Husby was here, and we are ready to go
[2026-05-18 21:23:06.434] AUTO-DISENGAGE: gear left Park (now D)
[2026-05-18 21:23:06.434] Husby was here, and we are ready to go
[2026-05-18 21:23:06.448] AUTO-DISENGAGE: gear left Park (now D)
[2026-05-18 21:23:06.448] Husby was here, and we are ready to go
[2026-05-18 21:23:06.452] AUTO-DISENGAGE: gear left Park (now D)
[2026-05-18 21:23:06.453] Husby was here, and we are ready to go
[2026-05-18 21:23:06.473] AUTO-DISENGAGE: gear left Park (now D)
[2026-05-18 21:23:06.473] Husby was here, and we are ready to go
[2026-05-18 21:23:06.492] AUTO-DISENGAGE: gear left Park (now D)
[2026-05-18 21:23:06.492] Husby was here, and we are ready to go
[2026-05-18 21:23:06.512] AUTO-DISENGAGE: gear left Park (now D)
[2026-05-18 21:23:06.512] Husby was here, and we are ready to go
[2026-05-18 21:23:06.533] AUTO-DISENGAGE: gear left Park (now D)
[2026-05-18 21:23:06.533] Husby was here, and we are ready to go
[2026-05-18 21:23:06.545] AUTO-DISENGAGE: gear left Park (now D)
[2026-05-18 21:23:06.545] Husby was here, and we are ready to go
[2026-05-18 21:23:06.551] AUTO-DISENGAGE: gear left Park (now D)
[2026-05-18 21:23:06.551] Husby was here, and we are ready to go
[2026-05-18 21:23:06.572] AUTO-DISENGAGE: gear left Park (now D)
[2026-05-18 21:23:06.572] Husby was here, and we are ready to go
[2026-05-18 21:23:06.592] AUTO-DISENGAGE: gear left Park (now D)
[2026-05-18 21:23:06.592] Husby was here, and we are ready to go
[2026-05-18 21:23:06.612] AUTO-DISENGAGE: gear left Park (now D)
[2026-05-18 21:23:06.612] Husby was here, and we are ready to go
[2026-05-18 21:23:06.631] AUTO-DISENGAGE: gear left Park (now D)
[2026-05-18 21:23:06.632] Husby was here, and we are ready to go
[2026-05-18 21:23:06.645] AUTO-DISENGAGE: gear left Park (now D)
[2026-05-18 21:23:06.645] Husby was here, and we are ready to go
[2026-05-18 21:23:06.651] AUTO-DISENGAGE: gear left Park (now D)
[2026-05-18 21:23:06.651] Husby was here, and we are ready to go
[2026-05-18 21:23:06.671] AUTO-DISENGAGE: gear left Park (now D)
[2026-05-18 21:23:06.672] Husby was here, and we are ready to go
[2026-05-18 21:23:06.692] AUTO-DISENGAGE: gear left Park (now D)
[2026-05-18 21:23:06.692] Husby was here, and we are ready to go
[2026-05-18 21:23:06.713] AUTO-DISENGAGE: gear left Park (now D)
[2026-05-18 21:23:06.713] Husby was here, and we are ready to go
[2026-05-18 21:23:06.733] AUTO-DISENGAGE: gear left Park (now D)
[2026-05-18 21:23:06.733] Husby was here, and we are ready to go
[2026-05-18 21:23:06.747] AUTO-DISENGAGE: gear left Park (now D)
[2026-05-18 21:23:06.747] Husby was here, and we are ready to go
[2026-05-18 21:23:06.752] AUTO-DISENGAGE: gear left Park (now D)
[2026-05-18 21:23:06.752] Husby was here, and we are ready to go
[2026-05-18 21:23:06.774] AUTO-DISENGAGE: gear left Park (now D)
[2026-05-18 21:23:06.774] Husby was here, and we are ready to go
[2026-05-18 21:23:06.793] AUTO-DISENGAGE: gear left Park (now D)
[2026-05-18 21:23:06.793] Husby was here, and we are ready to go
[2026-05-18 21:23:06.812] AUTO-DISENGAGE: gear left Park (now D)
[2026-05-18 21:23:06.812] Husby was here, and we are ready to go
[2026-05-18 21:23:06.832] AUTO-DISENGAGE: gear left Park (now D)
[2026-05-18 21:23:06.832] Husby was here, and we are ready to go
[2026-05-18 21:23:06.845] AUTO-DISENGAGE: gear left Park (now D)
[2026-05-18 21:23:06.845] Husby was here, and we are ready to go
[2026-05-18 21:23:06.852] AUTO-DISENGAGE: gear left Park (now D)
[2026-05-18 21:23:06.852] Husby was here, and we are ready to go
[2026-05-18 21:23:06.872] AUTO-DISENGAGE: gear left Park (now D)
[2026-05-18 21:23:06.872] Husby was here, and we are ready to go
[2026-05-18 21:23:06.891] AUTO-DISENGAGE: gear left Park (now D)
[2026-05-18 21:23:06.892] Husby was here, and we are ready to go
[2026-05-18 21:23:06.912] AUTO-DISENGAGE: gear left Park (now D)
[2026-05-18 21:23:06.912] Husby was here, and we are ready to go
[2026-05-18 21:23:06.932] AUTO-DISENGAGE: gear left Park (now D)
[2026-05-18 21:23:06.932] Husby was here, and we are ready to go
[2026-05-18 21:23:06.945] AUTO-DISENGAGE: gear left Park (now D)
[2026-05-18 21:23:06.945] Husby was here, and we are ready to go
[2026-05-18 21:23:06.951] AUTO-DISENGAGE: gear left Park (now D)
[2026-05-18 21:23:06.951] Husby was here, and we are ready to go
[2026-05-18 21:23:06.972] AUTO-DISENGAGE: gear left Park (now D)
[2026-05-18 21:23:06.972] Husby was here, and we are ready to go
[2026-05-18 21:23:06.993] AUTO-DISENGAGE: gear left Park (now D)
[2026-05-18 21:23:06.993] Husby was here, and we are ready to go
[2026-05-18 21:23:07.015] AUTO-DISENGAGE: gear left Park (now D)
[2026-05-18 21:23:07.015] Husby was here, and we are ready to go
[2026-05-18 21:23:07.034] AUTO-DISENGAGE: gear left Park (now D)
[2026-05-18 21:23:07.034] Husby was here, and we are ready to go
[2026-05-18 21:23:07.047] AUTO-DISENGAGE: gear left Park (now D)
[2026-05-18 21:23:07.047] Husby was here, and we are ready to go
[2026-05-18 21:23:07.051] AUTO-DISENGAGE: gear left Park (now D)
[2026-05-18 21:23:07.052] Husby was here, and we are ready to go
[2026-05-18 21:23:07.072] AUTO-DISENGAGE: gear left Park (now D)
[2026-05-18 21:23:07.073] Husby was here, and we are ready to go
[2026-05-18 21:23:07.092] AUTO-DISENGAGE: gear left Park (now D)
[2026-05-18 21:23:07.092] Husby was here, and we are ready to go
[2026-05-18 21:23:07.113] AUTO-DISENGAGE: gear left Park (now D)
[2026-05-18 21:23:07.113] Husby was here, and we are ready to go
[2026-05-18 21:23:07.133] AUTO-DISENGAGE: gear left Park (now D)
[2026-05-18 21:23:07.133] Husby was here, and we are ready to go
[2026-05-18 21:23:07.145] AUTO-DISENGAGE: gear left Park (now D)
[2026-05-18 21:23:07.145] Husby was here, and we are ready to go
[2026-05-18 21:23:07.152] AUTO-DISENGAGE: gear left Park (now D)
[2026-05-18 21:23:07.152] Husby was here, and we are ready to go
[2026-05-18 21:23:07.173] AUTO-DISENGAGE: gear left Park (now D)
[2026-05-18 21:23:07.173] Husby was here, and we are ready to go
[2026-05-18 21:23:07.193] AUTO-DISENGAGE: gear left Park (now D)
[2026-05-18 21:23:07.193] Husby was here, and we are ready to go
[2026-05-18 21:23:07.215] AUTO-DISENGAGE: gear left Park (now D)
[2026-05-18 21:23:07.215] Husby was here, and we are ready to go
[2026-05-18 21:23:07.233] AUTO-DISENGAGE: gear left Park (now D)
[2026-05-18 21:23:07.234] Husby was here, and we are ready to go
[2026-05-18 21:23:07.246] AUTO-DISENGAGE: gear left Park (now D)
[2026-05-18 21:23:07.246] Husby was here, and we are ready to go
[2026-05-18 21:23:07.252] AUTO-DISENGAGE: gear left Park (now D)
[2026-05-18 21:23:07.252] Husby was here, and we are ready to go
[2026-05-18 21:23:07.272] AUTO-DISENGAGE: gear left Park (now D)
[2026-05-18 21:23:07.272] Husby was here, and we are ready to go
[2026-05-18 21:23:07.295] AUTO-DISENGAGE: gear left Park (now D)
[2026-05-18 21:23:07.295] Husby was here, and we are ready to go
[2026-05-18 21:23:07.314] AUTO-DISENGAGE: gear left Park (now D)
[2026-05-18 21:23:07.314] Husby was here, and we are ready to go
[2026-05-18 21:23:07.333] AUTO-DISENGAGE: gear left Park (now D)
[2026-05-18 21:23:07.334] Husby was here, and we are ready to go
[2026-05-18 21:23:07.345] AUTO-DISENGAGE: gear left Park (now D)
[2026-05-18 21:23:07.346] Husby was here, and we are ready to go
[2026-05-18 21:23:07.353] AUTO-DISENGAGE: gear left Park (now D)
[2026-05-18 21:23:07.353] Husby was here, and we are ready to go
[2026-05-18 21:23:07.373] AUTO-DISENGAGE: gear left Park (now D)
[2026-05-18 21:23:07.373] Husby was here, and we are ready to go
[2026-05-18 21:23:07.393] AUTO-DISENGAGE: gear left Park (now D)
[2026-05-18 21:23:07.393] Husby was here, and we are ready to go
[2026-05-18 21:23:07.413] AUTO-DISENGAGE: gear left Park (now D)
[2026-05-18 21:23:07.413] Husby was here, and we are ready to go
[2026-05-18 21:23:07.433] AUTO-DISENGAGE: gear left Park (now D)
[2026-05-18 21:23:07.433] Husby was here, and we are ready to go
[2026-05-18 21:23:07.445] AUTO-DISENGAGE: gear left Park (now D)
[2026-05-18 21:23:07.445] Husby was here, and we are ready to go
[2026-05-18 21:23:07.452] AUTO-DISENGAGE: gear left Park (now D)
[2026-05-18 21:23:07.452] Husby was here, and we are ready to go
[2026-05-18 21:23:07.474] AUTO-DISENGAGE: gear left Park (now D)
[2026-05-18 21:23:07.474] Husby was here, and we are ready to go
[2026-05-18 21:23:07.494] AUTO-DISENGAGE: gear left Park (now D)
[2026-05-18 21:23:07.494] Husby was here, and we are ready to go
[2026-05-18 21:23:07.513] AUTO-DISENGAGE: gear left Park (now D)
[2026-05-18 21:23:07.513] Husby was here, and we are ready to go
[2026-05-18 21:23:07.533] AUTO-DISENGAGE: gear left Park (now D)
[2026-05-18 21:23:07.534] Husby was here, and we are ready to go
[2026-05-18 21:23:07.546] AUTO-DISENGAGE: gear left Park (now D)
[2026-05-18 21:23:07.546] Husby was here, and we are ready to go
[2026-05-18 21:23:07.553] AUTO-DISENGAGE: gear left Park (now D)
[2026-05-18 21:23:07.553] Husby was here, and we are ready to go
[2026-05-18 21:23:07.574] AUTO-DISENGAGE: gear left Park (now D)
[2026-05-18 21:23:07.574] Husby was here, and we are ready to go
[2026-05-18 21:23:07.593] AUTO-DISENGAGE: gear left Park (now D)
[2026-05-18 21:23:07.593] Husby was here, and we are ready to go
[2026-05-18 21:23:07.614] AUTO-DISENGAGE: gear left Park (now D)
[2026-05-18 21:23:07.614] Husby was here, and we are ready to go
[2026-05-18 21:23:07.640] AUTO-DISENGAGE: gear left Park (now D)
[2026-05-18 21:23:07.640] Husby was here, and we are ready to go
[2026-05-18 21:23:07.644] AUTO-DISENGAGE: gear left Park (now D)
[2026-05-18 21:23:07.644] Husby was here, and we are ready to go
[2026-05-18 21:23:07.660] AUTO-DISENGAGE: gear left Park (now D)
[2026-05-18 21:23:07.660] Husby was here, and we are ready to go
[2026-05-18 21:23:07.679] AUTO-DISENGAGE: gear left Park (now D)
[2026-05-18 21:23:07.679] Husby was here, and we are ready to go
[2026-05-18 21:23:07.698] AUTO-DISENGAGE: gear left Park (now D)
[2026-05-18 21:23:07.699] Husby was here, and we are ready to go
[2026-05-18 21:23:07.719] AUTO-DISENGAGE: gear left Park (now D)
[2026-05-18 21:23:07.719] Husby was here, and we are ready to go
[2026-05-18 21:23:07.740] AUTO-DISENGAGE: gear left Park (now D)
[2026-05-18 21:23:07.740] Husby was here, and we are ready to go
[2026-05-18 21:23:07.744] AUTO-DISENGAGE: gear left Park (now D)
[2026-05-18 21:23:07.745] Husby was here, and we are ready to go
[2026-05-18 21:23:07.758] AUTO-DISENGAGE: gear left Park (now D)
[2026-05-18 21:23:07.759] Husby was here, and we are ready to go
[2026-05-18 21:23:07.779] AUTO-DISENGAGE: gear left Park (now D)
[2026-05-18 21:23:07.779] Husby was here, and we are ready to go
[2026-05-18 21:23:07.802] AUTO-DISENGAGE: gear left Park (now D)
[2026-05-18 21:23:07.802] Husby was here, and we are ready to go
[2026-05-18 21:23:07.823] AUTO-DISENGAGE: gear left Park (now D)
[2026-05-18 21:23:07.823] Husby was here, and we are ready to go
[2026-05-18 21:23:07.842] AUTO-DISENGAGE: gear left Park (now D)
[2026-05-18 21:23:07.842] Husby was here, and we are ready to go
[2026-05-18 21:23:07.845] AUTO-DISENGAGE: gear left Park (now D)
[2026-05-18 21:23:07.845] Husby was here, and we are ready to go
[2026-05-18 21:23:07.863] AUTO-DISENGAGE: gear left Park (now D)
[2026-05-18 21:23:07.864] Husby was here, and we are ready to go
[2026-05-18 21:23:07.883] AUTO-DISENGAGE: gear left Park (now D)
[2026-05-18 21:23:07.883] Husby was here, and we are ready to go
[2026-05-18 21:23:07.904] AUTO-DISENGAGE: gear left Park (now D)
[2026-05-18 21:23:07.904] Husby was here, and we are ready to go
[2026-05-18 21:23:07.922] AUTO-DISENGAGE: gear left Park (now D)
[2026-05-18 21:23:07.922] Husby was here, and we are ready to go
[2026-05-18 21:23:07.942] AUTO-DISENGAGE: gear left Park (now D)
[2026-05-18 21:23:07.942] Husby was here, and we are ready to go
[2026-05-18 21:23:07.944] AUTO-DISENGAGE: gear left Park (now D)
[2026-05-18 21:23:07.944] Husby was here, and we are ready to go
[2026-05-18 21:23:07.963] AUTO-DISENGAGE: gear left Park (now D)
[2026-05-18 21:23:07.963] Husby was here, and we are ready to go
[2026-05-18 21:23:07.982] AUTO-DISENGAGE: gear left Park (now D)
[2026-05-18 21:23:07.982] Husby was here, and we are ready to go
[2026-05-18 21:23:08.005] AUTO-DISENGAGE: gear left Park (now D)
[2026-05-18 21:23:08.005] Husby was here, and we are ready to go
[2026-05-18 21:23:08.022] AUTO-DISENGAGE: gear left Park (now D)
[2026-05-18 21:23:08.023] Husby was here, and we are ready to go
[2026-05-18 21:23:08.042] AUTO-DISENGAGE: gear left Park (now D)
[2026-05-18 21:23:08.042] Husby was here, and we are ready to go
[2026-05-18 21:23:08.044] AUTO-DISENGAGE: gear left Park (now D)
[2026-05-18 21:23:08.044] Husby was here, and we are ready to go
[2026-05-18 21:23:08.062] AUTO-DISENGAGE: gear left Park (now D)
[2026-05-18 21:23:08.062] Husby was here, and we are ready to go
[2026-05-18 21:23:08.083] AUTO-DISENGAGE: gear left Park (now D)
[2026-05-18 21:23:08.083] Husby was here, and we are ready to go
[2026-05-18 21:23:08.103] AUTO-DISENGAGE: gear left Park (now D)
[2026-05-18 21:23:08.103] Husby was here, and we are ready to go
[2026-05-18 21:23:08.124] AUTO-DISENGAGE: gear left Park (now D)
[2026-05-18 21:23:08.124] Husby was here, and we are ready to go
[2026-05-18 21:23:08.142] AUTO-DISENGAGE: gear left Park (now D)
[2026-05-18 21:23:08.142] Husby was here, and we are ready to go
[2026-05-18 21:23:08.144] AUTO-DISENGAGE: gear left Park (now D)
[2026-05-18 21:23:08.144] Husby was here, and we are ready to go
[2026-05-18 21:23:08.161] AUTO-DISENGAGE: gear left Park (now D)
[2026-05-18 21:23:08.161] Husby was here, and we are ready to go
[2026-05-18 21:23:08.181] AUTO-DISENGAGE: gear left Park (now D)
[2026-05-18 21:23:08.181] Husby was here, and we are ready to go
[2026-05-18 21:23:08.203] AUTO-DISENGAGE: gear left Park (now D)
[2026-05-18 21:23:08.203] Husby was here, and we are ready to go
[2026-05-18 21:23:08.222] AUTO-DISENGAGE: gear left Park (now D)
[2026-05-18 21:23:08.223] Husby was here, and we are ready to go
[2026-05-18 21:23:08.242] AUTO-DISENGAGE: gear left Park (now D)
[2026-05-18 21:23:08.242] Husby was here, and we are ready to go
[2026-05-18 21:23:08.244] AUTO-DISENGAGE: gear left Park (now D)
[2026-05-18 21:23:08.244] Husby was here, and we are ready to go
[2026-05-18 21:23:08.261] AUTO-DISENGAGE: gear left Park (now D)
[2026-05-18 21:23:08.261] Husby was here, and we are ready to go
[2026-05-18 21:23:08.283] AUTO-DISENGAGE: gear left Park (now D)
[2026-05-18 21:23:08.283] Husby was here, and we are ready to go
[2026-05-18 21:23:08.303] AUTO-DISENGAGE: gear left Park (now D)
[2026-05-18 21:23:08.303] Husby was here, and we are ready to go
[2026-05-18 21:23:08.325] AUTO-DISENGAGE: gear left Park (now D)
[2026-05-18 21:23:08.325] Husby was here, and we are ready to go
[2026-05-18 21:23:08.342] AUTO-DISENGAGE: gear left Park (now D)
[2026-05-18 21:23:08.342] Husby was here, and we are ready to go
[2026-05-18 21:23:08.344] AUTO-DISENGAGE: gear left Park (now D)
[2026-05-18 21:23:08.344] Husby was here, and we are ready to go
[2026-05-18 21:23:08.362] EAC: ACTIVE -> INHIBITED (err=HANDS_ON)
[2026-05-18 21:23:08.362] err -> HANDS_ON
[2026-05-18 21:23:08.363] AUTO-DISENGAGE: gear left Park (now D)
[2026-05-18 21:23:08.363] Husby was here, and we are ready to go
[2026-05-18 21:23:08.382] AUTO-DISENGAGE: gear left Park (now D)
[2026-05-18 21:23:08.382] Husby was here, and we are ready to go
[2026-05-18 21:23:08.406] AUTO-DISENGAGE: gear left Park (now D)
[2026-05-18 21:23:08.407] Husby was here, and we are ready to go
[2026-05-18 21:23:08.423] AUTO-DISENGAGE: gear left Park (now D)
[2026-05-18 21:23:08.423] Husby was here, and we are ready to go
[2026-05-18 21:23:08.446] AUTO-DISENGAGE: gear left Park (now D)
[2026-05-18 21:23:08.447] Husby was here, and we are ready to go
[2026-05-18 21:23:08.448] AUTO-DISENGAGE: gear left Park (now D)
[2026-05-18 21:23:08.448] Husby was here, and we are ready to go
[2026-05-18 21:23:08.464] AUTO-DISENGAGE: gear left Park (now D)
[2026-05-18 21:23:08.464] Husby was here, and we are ready to go
[2026-05-18 21:23:08.483] AUTO-DISENGAGE: gear left Park (now D)
[2026-05-18 21:23:08.483] Husby was here, and we are ready to go
[2026-05-18 21:23:08.502] AUTO-DISENGAGE: gear left Park (now D)
[2026-05-18 21:23:08.502] Husby was here, and we are ready to go
[2026-05-18 21:23:08.522] AUTO-DISENGAGE: gear left Park (now D)
[2026-05-18 21:23:08.522] Husby was here, and we are ready to go
[2026-05-18 21:23:08.542] AUTO-DISENGAGE: gear left Park (now D)
[2026-05-18 21:23:08.542] Husby was here, and we are ready to go
[2026-05-18 21:23:08.547] AUTO-DISENGAGE: gear left Park (now D)
[2026-05-18 21:23:08.548] Husby was here, and we are ready to go
[2026-05-18 21:23:08.565] AUTO-DISENGAGE: gear left Park (now D)
[2026-05-18 21:23:08.565] Husby was here, and we are ready to go
[2026-05-18 21:23:08.590] AUTO-DISENGAGE: gear left Park (now D)
[2026-05-18 21:23:08.590] Husby was here, and we are ready to go
[2026-05-18 21:23:08.612] AUTO-DISENGAGE: gear left Park (now D)
[2026-05-18 21:23:08.612] Husby was here, and we are ready to go
[2026-05-18 21:23:08.632] AUTO-DISENGAGE: gear left Park (now D)
[2026-05-18 21:23:08.632] Husby was here, and we are ready to go
[2026-05-18 21:23:08.650] AUTO-DISENGAGE: gear left Park (now D)
[2026-05-18 21:23:08.650] Husby was here, and we are ready to go
[2026-05-18 21:23:08.650] AUTO-DISENGAGE: gear left Park (now D)
[2026-05-18 21:23:08.650] Husby was here, and we are ready to go
[2026-05-18 21:23:08.673] AUTO-DISENGAGE: gear left Park (now D)
[2026-05-18 21:23:08.673] Husby was here, and we are ready to go
[2026-05-18 21:23:08.692] AUTO-DISENGAGE: gear left Park (now D)
[2026-05-18 21:23:08.692] Husby was here, and we are ready to go
[2026-05-18 21:23:08.714] AUTO-DISENGAGE: gear left Park (now D)
[2026-05-18 21:23:08.714] Husby was here, and we are ready to go
[2026-05-18 21:23:08.733] AUTO-DISENGAGE: gear left Park (now D)
[2026-05-18 21:23:08.733] Husby was here, and we are ready to go
[2026-05-18 21:23:08.751] AUTO-DISENGAGE: gear left Park (now D)
[2026-05-18 21:23:08.751] Husby was here, and we are ready to go
[2026-05-18 21:23:08.751] AUTO-DISENGAGE: gear left Park (now D)
[2026-05-18 21:23:08.751] Husby was here, and we are ready to go
[2026-05-18 21:23:08.773] AUTO-DISENGAGE: gear left Park (now D)
[2026-05-18 21:23:08.774] Husby was here, and we are ready to go
[2026-05-18 21:23:08.794] AUTO-DISENGAGE: gear left Park (now D)
[2026-05-18 21:23:08.794] Husby was here, and we are ready to go
[2026-05-18 21:23:08.817] AUTO-DISENGAGE: gear left Park (now D)
[2026-05-18 21:23:08.818] Husby was here, and we are ready to go
[2026-05-18 21:23:08.833] AUTO-DISENGAGE: gear left Park (now D)
[2026-05-18 21:23:08.833] Husby was here, and we are ready to go
[2026-05-18 21:23:08.850] AUTO-DISENGAGE: gear left Park (now D)
[2026-05-18 21:23:08.850] Husby was here, and we are ready to go
[2026-05-18 21:23:08.851] AUTO-DISENGAGE: gear left Park (now D)
[2026-05-18 21:23:08.852] Husby was here, and we are ready to go
[2026-05-18 21:23:08.873] AUTO-DISENGAGE: gear left Park (now D)
[2026-05-18 21:23:08.873] Husby was here, and we are ready to go
[2026-05-18 21:23:08.893] AUTO-DISENGAGE: gear left Park (now D)
[2026-05-18 21:23:08.893] Husby was here, and we are ready to go
[2026-05-18 21:23:08.916] AUTO-DISENGAGE: gear left Park (now D)
[2026-05-18 21:23:08.917] Husby was here, and we are ready to go
[2026-05-18 21:23:08.933] AUTO-DISENGAGE: gear left Park (now D)
[2026-05-18 21:23:08.934] Husby was here, and we are ready to go
[2026-05-18 21:23:08.948] AUTO-DISENGAGE: gear left Park (now D)
[2026-05-18 21:23:08.948] Husby was here, and we are ready to go
[2026-05-18 21:23:08.951] AUTO-DISENGAGE: gear left Park (now D)
[2026-05-18 21:23:08.951] Husby was here, and we are ready to go
[2026-05-18 21:23:08.973] AUTO-DISENGAGE: gear left Park (now D)
[2026-05-18 21:23:08.973] Husby was here, and we are ready to go
[2026-05-18 21:23:08.992] AUTO-DISENGAGE: gear left Park (now D)
[2026-05-18 21:23:08.992] Husby was here, and we are ready to go
[2026-05-18 21:23:09.012] AUTO-DISENGAGE: gear left Park (now D)
[2026-05-18 21:23:09.012] Husby was here, and we are ready to go
[2026-05-18 21:23:09.032] AUTO-DISENGAGE: gear left Park (now D)
[2026-05-18 21:23:09.033] Husby was here, and we are ready to go
[2026-05-18 21:23:09.049] AUTO-DISENGAGE: gear left Park (now D)
[2026-05-18 21:23:09.049] Husby was here, and we are ready to go
[2026-05-18 21:23:09.051] AUTO-DISENGAGE: gear left Park (now D)
[2026-05-18 21:23:09.051] Husby was here, and we are ready to go
[2026-05-18 21:23:09.073] AUTO-DISENGAGE: gear left Park (now D)
[2026-05-18 21:23:09.073] Husby was here, and we are ready to go
[2026-05-18 21:23:09.092] AUTO-DISENGAGE: gear left Park (now D)
[2026-05-18 21:23:09.093] Husby was here, and we are ready to go
[2026-05-18 21:23:09.113] AUTO-DISENGAGE: gear left Park (now D)
[2026-05-18 21:23:09.113] Husby was here, and we are ready to go
[2026-05-18 21:23:09.133] AUTO-DISENGAGE: gear left Park (now D)
[2026-05-18 21:23:09.133] Husby was here, and we are ready to go
[2026-05-18 21:23:09.149] AUTO-DISENGAGE: gear left Park (now D)
[2026-05-18 21:23:09.149] Husby was here, and we are ready to go
[2026-05-18 21:23:09.151] AUTO-DISENGAGE: gear left Park (now D)
[2026-05-18 21:23:09.151] Husby was here, and we are ready to go
[2026-05-18 21:23:09.173] AUTO-DISENGAGE: gear left Park (now D)
[2026-05-18 21:23:09.173] Husby was here, and we are ready to go
[2026-05-18 21:23:09.193] AUTO-DISENGAGE: gear left Park (now D)
[2026-05-18 21:23:09.193] Husby was here, and we are ready to go
[2026-05-18 21:23:09.212] AUTO-DISENGAGE: gear left Park (now D)
[2026-05-18 21:23:09.212] Husby was here, and we are ready to go
[2026-05-18 21:23:09.232] AUTO-DISENGAGE: gear left Park (now D)
[2026-05-18 21:23:09.232] Husby was here, and we are ready to go
[2026-05-18 21:23:09.249] AUTO-DISENGAGE: gear left Park (now D)
[2026-05-18 21:23:09.249] Husby was here, and we are ready to go
[2026-05-18 21:23:09.251] AUTO-DISENGAGE: gear left Park (now D)
[2026-05-18 21:23:09.251] Husby was here, and we are ready to go
[2026-05-18 21:23:09.274] AUTO-DISENGAGE: gear left Park (now D)
[2026-05-18 21:23:09.275] Husby was here, and we are ready to go
[2026-05-18 21:23:09.293] AUTO-DISENGAGE: gear left Park (now D)
[2026-05-18 21:23:09.293] Husby was here, and we are ready to go
[2026-05-18 21:23:09.314] AUTO-DISENGAGE: gear left Park (now D)
[2026-05-18 21:23:09.314] Husby was here, and we are ready to go
[2026-05-18 21:23:09.333] AUTO-DISENGAGE: gear left Park (now D)
[2026-05-18 21:23:09.333] Husby was here, and we are ready to go
[2026-05-18 21:23:09.350] AUTO-DISENGAGE: gear left Park (now D)
[2026-05-18 21:23:09.350] Husby was here, and we are ready to go
[2026-05-18 21:23:09.351] AUTO-DISENGAGE: gear left Park (now D)
[2026-05-18 21:23:09.351] Husby was here, and we are ready to go
[2026-05-18 21:23:09.373] AUTO-DISENGAGE: gear left Park (now D)
[2026-05-18 21:23:09.373] Husby was here, and we are ready to go
[2026-05-18 21:23:09.393] AUTO-DISENGAGE: gear left Park (now D)
[2026-05-18 21:23:09.393] Husby was here, and we are ready to go
[2026-05-18 21:23:09.413] AUTO-DISENGAGE: gear left Park (now D)
[2026-05-18 21:23:09.413] Husby was here, and we are ready to go
[2026-05-18 21:23:09.432] AUTO-DISENGAGE: gear left Park (now D)
[2026-05-18 21:23:09.432] Husby was here, and we are ready to go
[2026-05-18 21:23:09.449] AUTO-DISENGAGE: gear left Park (now D)
[2026-05-18 21:23:09.449] Husby was here, and we are ready to go
[2026-05-18 21:23:09.451] AUTO-DISENGAGE: gear left Park (now D)
[2026-05-18 21:23:09.451] Husby was here, and we are ready to go
[2026-05-18 21:23:09.472] AUTO-DISENGAGE: gear left Park (now D)
[2026-05-18 21:23:09.472] Husby was here, and we are ready to go
[2026-05-18 21:23:09.494] AUTO-DISENGAGE: gear left Park (now D)
[2026-05-18 21:23:09.494] Husby was here, and we are ready to go
[2026-05-18 21:23:09.516] AUTO-DISENGAGE: gear left Park (now D)
[2026-05-18 21:23:09.517] Husby was here, and we are ready to go
[2026-05-18 21:23:09.533] AUTO-DISENGAGE: gear left Park (now D)
[2026-05-18 21:23:09.534] Husby was here, and we are ready to go
[2026-05-18 21:23:09.550] AUTO-DISENGAGE: gear left Park (now D)
[2026-05-18 21:23:09.550] Husby was here, and we are ready to go
[2026-05-18 21:23:09.551] AUTO-DISENGAGE: gear left Park (now D)
[2026-05-18 21:23:09.551] Husby was here, and we are ready to go
[2026-05-18 21:23:09.573] AUTO-DISENGAGE: gear left Park (now D)
[2026-05-18 21:23:09.573] Husby was here, and we are ready to go
[2026-05-18 21:23:09.593] AUTO-DISENGAGE: gear left Park (now D)
[2026-05-18 21:23:09.593] Husby was here, and we are ready to go
[2026-05-18 21:23:09.612] AUTO-DISENGAGE: gear left Park (now D)
[2026-05-18 21:23:09.612] Husby was here, and we are ready to go
[2026-05-18 21:23:09.632] AUTO-DISENGAGE: gear left Park (now D)
[2026-05-18 21:23:09.632] Husby was here, and we are ready to go
[2026-05-18 21:23:09.649] AUTO-DISENGAGE: gear left Park (now D)
[2026-05-18 21:23:09.649] Husby was here, and we are ready to go
[2026-05-18 21:23:09.651] AUTO-DISENGAGE: gear left Park (now D)
[2026-05-18 21:23:09.651] Husby was here, and we are ready to go
[2026-05-18 21:23:09.673] AUTO-DISENGAGE: gear left Park (now D)
[2026-05-18 21:23:09.673] Husby was here, and we are ready to go
[2026-05-18 21:23:09.692] AUTO-DISENGAGE: gear left Park (now D)
[2026-05-18 21:23:09.692] Husby was here, and we are ready to go
[2026-05-18 21:23:09.713] AUTO-DISENGAGE: gear left Park (now D)
[2026-05-18 21:23:09.713] Husby was here, and we are ready to go
[2026-05-18 21:23:09.732] AUTO-DISENGAGE: gear left Park (now D)
[2026-05-18 21:23:09.733] Husby was here, and we are ready to go
[2026-05-18 21:23:09.751] AUTO-DISENGAGE: gear left Park (now D)
[2026-05-18 21:23:09.751] Husby was here, and we are ready to go
[2026-05-18 21:23:09.752] AUTO-DISENGAGE: gear left Park (now D)
[2026-05-18 21:23:09.752] Husby was here, and we are ready to go
[2026-05-18 21:23:09.776] AUTO-DISENGAGE: gear left Park (now D)
[2026-05-18 21:23:09.776] Husby was here, and we are ready to go
[2026-05-18 21:23:09.793] AUTO-DISENGAGE: gear left Park (now D)
[2026-05-18 21:23:09.793] Husby was here, and we are ready to go
[2026-05-18 21:23:09.818] AUTO-DISENGAGE: gear left Park (now D)
[2026-05-18 21:23:09.818] Husby was here, and we are ready to go
[2026-05-18 21:23:09.837] AUTO-DISENGAGE: gear left Park (now D)
[2026-05-18 21:23:09.837] Husby was here, and we are ready to go
[2026-05-18 21:23:09.851] AUTO-DISENGAGE: gear left Park (now D)
[2026-05-18 21:23:09.851] Husby was here, and we are ready to go
[2026-05-18 21:23:09.852] AUTO-DISENGAGE: gear left Park (now D)
[2026-05-18 21:23:09.852] Husby was here, and we are ready to go
[2026-05-18 21:23:09.873] AUTO-DISENGAGE: gear left Park (now D)
[2026-05-18 21:23:09.874] Husby was here, and we are ready to go
[2026-05-18 21:23:09.900] AUTO-DISENGAGE: gear left Park (now D)
[2026-05-18 21:23:09.901] Husby was here, and we are ready to go
[2026-05-18 21:23:09.920] AUTO-DISENGAGE: gear left Park (now D)
[2026-05-18 21:23:09.920] Husby was here, and we are ready to go
[2026-05-18 21:23:09.940] AUTO-DISENGAGE: gear left Park (now D)
[2026-05-18 21:23:09.941] Husby was here, and we are ready to go
[2026-05-18 21:23:09.949] AUTO-DISENGAGE: gear left Park (now D)
[2026-05-18 21:23:09.949] Husby was here, and we are ready to go
[2026-05-18 21:23:09.960] AUTO-DISENGAGE: gear left Park (now D)
[2026-05-18 21:23:09.960] Husby was here, and we are ready to go
[2026-05-18 21:23:09.979] AUTO-DISENGAGE: gear left Park (now D)
[2026-05-18 21:23:09.980] Husby was here, and we are ready to go
[2026-05-18 21:23:09.999] AUTO-DISENGAGE: gear left Park (now D)
[2026-05-18 21:23:09.999] Husby was here, and we are ready to go
[2026-05-18 21:23:10.018] AUTO-DISENGAGE: gear left Park (now D)
[2026-05-18 21:23:10.018] Husby was here, and we are ready to go
[2026-05-18 21:23:10.038] AUTO-DISENGAGE: gear left Park (now D)
[2026-05-18 21:23:10.038] Husby was here, and we are ready to go
[2026-05-18 21:23:10.048] AUTO-DISENGAGE: gear left Park (now D)
[2026-05-18 21:23:10.048] Husby was here, and we are ready to go
[2026-05-18 21:23:10.058] AUTO-DISENGAGE: gear left Park (now D)
[2026-05-18 21:23:10.058] Husby was here, and we are ready to go
[2026-05-18 21:23:10.079] AUTO-DISENGAGE: gear left Park (now D)
[2026-05-18 21:23:10.079] Husby was here, and we are ready to go
[2026-05-18 21:23:10.098] AUTO-DISENGAGE: gear left Park (now D)
[2026-05-18 21:23:10.099] Husby was here, and we are ready to go
[2026-05-18 21:23:10.119] AUTO-DISENGAGE: gear left Park (now D)
[2026-05-18 21:23:10.119] Husby was here, and we are ready to go
[2026-05-18 21:23:10.139] AUTO-DISENGAGE: gear left Park (now D)
[2026-05-18 21:23:10.140] Husby was here, and we are ready to go
[2026-05-18 21:23:10.148] AUTO-DISENGAGE: gear left Park (now D)
[2026-05-18 21:23:10.149] Husby was here, and we are ready to go
[2026-05-18 21:23:10.158] AUTO-DISENGAGE: gear left Park (now D)
[2026-05-18 21:23:10.158] Husby was here, and we are ready to go
[2026-05-18 21:23:10.179] AUTO-DISENGAGE: gear left Park (now D)
[2026-05-18 21:23:10.179] Husby was here, and we are ready to go
[2026-05-18 21:23:10.198] AUTO-DISENGAGE: gear left Park (now D)
[2026-05-18 21:23:10.198] Husby was here, and we are ready to go
[2026-05-18 21:23:10.219] AUTO-DISENGAGE: gear left Park (now D)
[2026-05-18 21:23:10.219] Husby was here, and we are ready to go
[2026-05-18 21:23:10.240] AUTO-DISENGAGE: gear left Park (now D)
[2026-05-18 21:23:10.240] Husby was here, and we are ready to go
[2026-05-18 21:23:10.249] AUTO-DISENGAGE: gear left Park (now D)
[2026-05-18 21:23:10.249] Husby was here, and we are ready to go
[2026-05-18 21:23:10.258] AUTO-DISENGAGE: gear left Park (now D)
[2026-05-18 21:23:10.259] Husby was here, and we are ready to go
[2026-05-18 21:23:10.279] AUTO-DISENGAGE: gear left Park (now D)
[2026-05-18 21:23:10.279] Husby was here, and we are ready to go
[2026-05-18 21:23:10.299] AUTO-DISENGAGE: gear left Park (now D)
[2026-05-18 21:23:10.299] Husby was here, and we are ready to go
[2026-05-18 21:23:10.319] AUTO-DISENGAGE: gear left Park (now D)
[2026-05-18 21:23:10.319] Husby was here, and we are ready to go
[2026-05-18 21:23:10.340] AUTO-DISENGAGE: gear left Park (now D)
[2026-05-18 21:23:10.340] Husby was here, and we are ready to go
[2026-05-18 21:23:10.349] AUTO-DISENGAGE: gear left Park (now D)
[2026-05-18 21:23:10.349] Husby was here, and we are ready to go
[2026-05-18 21:23:10.358] AUTO-DISENGAGE: gear left Park (now D)
[2026-05-18 21:23:10.358] Husby was here, and we are ready to go
[2026-05-18 21:23:10.379] AUTO-DISENGAGE: gear left Park (now D)
[2026-05-18 21:23:10.379] Husby was here, and we are ready to go
[2026-05-18 21:23:10.399] AUTO-DISENGAGE: gear left Park (now D)
[2026-05-18 21:23:10.399] Husby was here, and we are ready to go
[2026-05-18 21:23:10.420] AUTO-DISENGAGE: gear left Park (now D)
[2026-05-18 21:23:10.420] Husby was here, and we are ready to go
[2026-05-18 21:23:10.442] AUTO-DISENGAGE: gear left Park (now D)
[2026-05-18 21:23:10.443] Husby was here, and we are ready to go
[2026-05-18 21:23:10.448] AUTO-DISENGAGE: gear left Park (now D)
[2026-05-18 21:23:10.449] Husby was here, and we are ready to go
[2026-05-18 21:23:10.458] AUTO-DISENGAGE: gear left Park (now D)
[2026-05-18 21:23:10.459] Husby was here, and we are ready to go
[2026-05-18 21:23:10.479] AUTO-DISENGAGE: gear left Park (now D)
[2026-05-18 21:23:10.479] Husby was here, and we are ready to go
[2026-05-18 21:23:10.499] AUTO-DISENGAGE: gear left Park (now D)
[2026-05-18 21:23:10.499] Husby was here, and we are ready to go
[2026-05-18 21:23:10.520] AUTO-DISENGAGE: gear left Park (now D)
[2026-05-18 21:23:10.520] Husby was here, and we are ready to go
[2026-05-18 21:23:10.541] AUTO-DISENGAGE: gear left Park (now D)
[2026-05-18 21:23:10.541] Husby was here, and we are ready to go
[2026-05-18 21:23:10.548] AUTO-DISENGAGE: gear left Park (now D)
[2026-05-18 21:23:10.549] Husby was here, and we are ready to go
[2026-05-18 21:23:10.559] AUTO-DISENGAGE: gear left Park (now D)
[2026-05-18 21:23:10.559] Husby was here, and we are ready to go
[2026-05-18 21:23:10.579] AUTO-DISENGAGE: gear left Park (now D)
[2026-05-18 21:23:10.579] Husby was here, and we are ready to go
[2026-05-18 21:23:10.602] AUTO-DISENGAGE: gear left Park (now D)
[2026-05-18 21:23:10.602] Husby was here, and we are ready to go
[2026-05-18 21:23:10.621] AUTO-DISENGAGE: gear left Park (now D)
[2026-05-18 21:23:10.621] Husby was here, and we are ready to go
[2026-05-18 21:23:10.640] AUTO-DISENGAGE: gear left Park (now D)
[2026-05-18 21:23:10.641] Husby was here, and we are ready to go
[2026-05-18 21:23:10.647] AUTO-DISENGAGE: gear left Park (now D)
[2026-05-18 21:23:10.647] Husby was here, and we are ready to go
[2026-05-18 21:23:10.660] AUTO-DISENGAGE: gear left Park (now D)
[2026-05-18 21:23:10.660] Husby was here, and we are ready to go
[2026-05-18 21:23:10.680] AUTO-DISENGAGE: gear left Park (now D)
[2026-05-18 21:23:10.680] Husby was here, and we are ready to go
[2026-05-18 21:23:10.700] AUTO-DISENGAGE: gear left Park (now D)
[2026-05-18 21:23:10.700] Husby was here, and we are ready to go
[2026-05-18 21:23:10.720] AUTO-DISENGAGE: gear left Park (now D)
[2026-05-18 21:23:10.720] Husby was here, and we are ready to go
[2026-05-18 21:23:10.741] AUTO-DISENGAGE: gear left Park (now D)
[2026-05-18 21:23:10.741] Husby was here, and we are ready to go
[2026-05-18 21:23:10.748] AUTO-DISENGAGE: gear left Park (now D)
[2026-05-18 21:23:10.748] Husby was here, and we are ready to go
[2026-05-18 21:23:10.761] AUTO-DISENGAGE: gear left Park (now D)
[2026-05-18 21:23:10.761] Husby was here, and we are ready to go
[2026-05-18 21:23:10.780] AUTO-DISENGAGE: gear left Park (now D)
[2026-05-18 21:23:10.780] Husby was here, and we are ready to go
[2026-05-18 21:23:10.801] AUTO-DISENGAGE: gear left Park (now D)
[2026-05-18 21:23:10.801] Husby was here, and we are ready to go
[2026-05-18 21:23:10.821] AUTO-DISENGAGE: gear left Park (now D)
[2026-05-18 21:23:10.821] Husby was here, and we are ready to go
[2026-05-18 21:23:10.841] AUTO-DISENGAGE: gear left Park (now D)
[2026-05-18 21:23:10.841] Husby was here, and we are ready to go
[2026-05-18 21:23:10.847] AUTO-DISENGAGE: gear left Park (now D)
[2026-05-18 21:23:10.848] Husby was here, and we are ready to go
[2026-05-18 21:23:10.861] AUTO-DISENGAGE: gear left Park (now D)
[2026-05-18 21:23:10.861] Husby was here, and we are ready to go
[2026-05-18 21:23:10.881] AUTO-DISENGAGE: gear left Park (now D)
[2026-05-18 21:23:10.881] Husby was here, and we are ready to go
[2026-05-18 21:23:10.901] AUTO-DISENGAGE: gear left Park (now D)
[2026-05-18 21:23:10.901] Husby was here, and we are ready to go
[2026-05-18 21:23:10.921] AUTO-DISENGAGE: gear left Park (now D)
[2026-05-18 21:23:10.921] Husby was here, and we are ready to go
[2026-05-18 21:23:10.941] AUTO-DISENGAGE: gear left Park (now D)
[2026-05-18 21:23:10.941] Husby was here, and we are ready to go
[2026-05-18 21:23:10.947] AUTO-DISENGAGE: gear left Park (now D)
[2026-05-18 21:23:10.947] Husby was here, and we are ready to go
[2026-05-18 21:23:10.961] AUTO-DISENGAGE: gear left Park (now D)
[2026-05-18 21:23:10.961] Husby was here, and we are ready to go
[2026-05-18 21:23:10.981] AUTO-DISENGAGE: gear left Park (now D)
[2026-05-18 21:23:10.981] Husby was here, and we are ready to go
[2026-05-18 21:23:11.001] AUTO-DISENGAGE: gear left Park (now D)
[2026-05-18 21:23:11.001] Husby was here, and we are ready to go
[2026-05-18 21:23:11.022] AUTO-DISENGAGE: gear left Park (now D)
[2026-05-18 21:23:11.022] Husby was here, and we are ready to go
[2026-05-18 21:23:11.041] AUTO-DISENGAGE: gear left Park (now D)
[2026-05-18 21:23:11.041] Husby was here, and we are ready to go
[2026-05-18 21:23:11.048] AUTO-DISENGAGE: gear left Park (now D)
[2026-05-18 21:23:11.048] Husby was here, and we are ready to go
[2026-05-18 21:23:11.061] AUTO-DISENGAGE: gear left Park (now D)
[2026-05-18 21:23:11.061] Husby was here, and we are ready to go
[2026-05-18 21:23:11.081] AUTO-DISENGAGE: gear left Park (now D)
[2026-05-18 21:23:11.081] Husby was here, and we are ready to go
[2026-05-18 21:23:11.101] AUTO-DISENGAGE: gear left Park (now D)
[2026-05-18 21:23:11.101] Husby was here, and we are ready to go
[2026-05-18 21:23:11.121] AUTO-DISENGAGE: gear left Park (now D)
[2026-05-18 21:23:11.122] Husby was here, and we are ready to go
[2026-05-18 21:23:11.141] AUTO-DISENGAGE: gear left Park (now D)
[2026-05-18 21:23:11.142] Husby was here, and we are ready to go
[2026-05-18 21:23:11.148] AUTO-DISENGAGE: gear left Park (now D)
[2026-05-18 21:23:11.148] Husby was here, and we are ready to go
[2026-05-18 21:23:11.161] AUTO-DISENGAGE: gear left Park (now D)
[2026-05-18 21:23:11.161] Husby was here, and we are ready to go
[2026-05-18 21:23:11.181] AUTO-DISENGAGE: gear left Park (now D)
[2026-05-18 21:23:11.181] Husby was here, and we are ready to go
[2026-05-18 21:23:11.201] AUTO-DISENGAGE: gear left Park (now D)
[2026-05-18 21:23:11.201] Husby was here, and we are ready to go
[2026-05-18 21:23:11.222] AUTO-DISENGAGE: gear left Park (now D)
[2026-05-18 21:23:11.222] Husby was here, and we are ready to go
[2026-05-18 21:23:11.241] AUTO-DISENGAGE: gear left Park (now D)
[2026-05-18 21:23:11.241] Husby was here, and we are ready to go
[2026-05-18 21:23:11.248] AUTO-DISENGAGE: gear left Park (now D)
[2026-05-18 21:23:11.248] Husby was here, and we are ready to go
[2026-05-18 21:23:11.261] AUTO-DISENGAGE: gear left Park (now D)
[2026-05-18 21:23:11.261] Husby was here, and we are ready to go
[2026-05-18 21:23:11.281] AUTO-DISENGAGE: gear left Park (now D)
[2026-05-18 21:23:11.281] Husby was here, and we are ready to go
[2026-05-18 21:23:11.301] AUTO-DISENGAGE: gear left Park (now D)
[2026-05-18 21:23:11.301] Husby was here, and we are ready to go
[2026-05-18 21:23:11.322] AUTO-DISENGAGE: gear left Park (now D)
[2026-05-18 21:23:11.322] Husby was here, and we are ready to go
[2026-05-18 21:23:11.341] AUTO-DISENGAGE: gear left Park (now D)
[2026-05-18 21:23:11.341] Husby was here, and we are ready to go
[2026-05-18 21:23:11.347] AUTO-DISENGAGE: gear left Park (now D)
[2026-05-18 21:23:11.348] Husby was here, and we are ready to go
[2026-05-18 21:23:11.361] AUTO-DISENGAGE: gear left Park (now D)
[2026-05-18 21:23:11.361] Husby was here, and we are ready to go
[2026-05-18 21:23:11.380] AUTO-DISENGAGE: gear left Park (now D)
[2026-05-18 21:23:11.381] Husby was here, and we are ready to go
[2026-05-18 21:23:11.401] AUTO-DISENGAGE: gear left Park (now D)
[2026-05-18 21:23:11.401] Husby was here, and we are ready to go
[2026-05-18 21:23:11.424] AUTO-DISENGAGE: gear left Park (now D)
[2026-05-18 21:23:11.424] Husby was here, and we are ready to go
[2026-05-18 21:23:11.444] AUTO-DISENGAGE: gear left Park (now D)
[2026-05-18 21:23:11.444] Husby was here, and we are ready to go
[2026-05-18 21:23:11.448] AUTO-DISENGAGE: gear left Park (now D)
[2026-05-18 21:23:11.448] Husby was here, and we are ready to go
[2026-05-18 21:23:11.463] AUTO-DISENGAGE: gear left Park (now D)
[2026-05-18 21:23:11.463] Husby was here, and we are ready to go
[2026-05-18 21:23:11.483] AUTO-DISENGAGE: gear left Park (now D)
[2026-05-18 21:23:11.484] Husby was here, and we are ready to go
[2026-05-18 21:23:11.503] AUTO-DISENGAGE: gear left Park (now D)
[2026-05-18 21:23:11.503] Husby was here, and we are ready to go
[2026-05-18 21:23:11.525] AUTO-DISENGAGE: gear left Park (now D)
[2026-05-18 21:23:11.525] Husby was here, and we are ready to go
[2026-05-18 21:23:11.543] AUTO-DISENGAGE: gear left Park (now D)
[2026-05-18 21:23:11.544] Husby was here, and we are ready to go
[2026-05-18 21:23:11.548] AUTO-DISENGAGE: gear left Park (now D)
[2026-05-18 21:23:11.548] Husby was here, and we are ready to go
[2026-05-18 21:23:11.563] AUTO-DISENGAGE: gear left Park (now D)
[2026-05-18 21:23:11.563] Husby was here, and we are ready to go
[2026-05-18 21:23:11.583] AUTO-DISENGAGE: gear left Park (now D)
[2026-05-18 21:23:11.584] Husby was here, and we are ready to go
[2026-05-18 21:23:11.604] AUTO-DISENGAGE: gear left Park (now D)
[2026-05-18 21:23:11.604] Husby was here, and we are ready to go
[2026-05-18 21:23:11.624] AUTO-DISENGAGE: gear left Park (now D)
[2026-05-18 21:23:11.624] Husby was here, and we are ready to go
[2026-05-18 21:23:11.643] AUTO-DISENGAGE: gear left Park (now D)
[2026-05-18 21:23:11.643] Husby was here, and we are ready to go
[2026-05-18 21:23:11.648] AUTO-DISENGAGE: gear left Park (now D)
[2026-05-18 21:23:11.648] Husby was here, and we are ready to go
[2026-05-18 21:23:11.663] AUTO-DISENGAGE: gear left Park (now D)
[2026-05-18 21:23:11.663] Husby was here, and we are ready to go
[2026-05-18 21:23:11.686] AUTO-DISENGAGE: gear left Park (now D)
[2026-05-18 21:23:11.686] Husby was here, and we are ready to go
[2026-05-18 21:23:11.705] AUTO-DISENGAGE: gear left Park (now D)
[2026-05-18 21:23:11.706] Husby was here, and we are ready to go
[2026-05-18 21:23:11.725] AUTO-DISENGAGE: gear left Park (now D)
[2026-05-18 21:23:11.725] Husby was here, and we are ready to go
[2026-05-18 21:23:11.744] AUTO-DISENGAGE: gear left Park (now D)
[2026-05-18 21:23:11.744] Husby was here, and we are ready to go
[2026-05-18 21:23:11.749] AUTO-DISENGAGE: gear left Park (now D)
[2026-05-18 21:23:11.749] Husby was here, and we are ready to go
[2026-05-18 21:23:11.763] AUTO-DISENGAGE: gear left Park (now D)
[2026-05-18 21:23:11.763] Husby was here, and we are ready to go
[2026-05-18 21:23:11.785] AUTO-DISENGAGE: gear left Park (now D)
[2026-05-18 21:23:11.785] Husby was here, and we are ready to go
[2026-05-18 21:23:11.805] AUTO-DISENGAGE: gear left Park (now D)
[2026-05-18 21:23:11.805] Husby was here, and we are ready to go
[2026-05-18 21:23:11.826] AUTO-DISENGAGE: gear left Park (now D)
[2026-05-18 21:23:11.826] Husby was here, and we are ready to go
[2026-05-18 21:23:11.845] AUTO-DISENGAGE: gear left Park (now D)
[2026-05-18 21:23:11.845] Husby was here, and we are ready to go
[2026-05-18 21:23:11.847] AUTO-DISENGAGE: gear left Park (now D)
[2026-05-18 21:23:11.848] Husby was here, and we are ready to go
[2026-05-18 21:23:11.867] AUTO-DISENGAGE: gear left Park (now D)
[2026-05-18 21:23:11.867] Husby was here, and we are ready to go
[2026-05-18 21:23:11.887] AUTO-DISENGAGE: gear left Park (now D)
[2026-05-18 21:23:11.887] Husby was here, and we are ready to go
[2026-05-18 21:23:11.907] AUTO-DISENGAGE: gear left Park (now D)
[2026-05-18 21:23:11.908] Husby was here, and we are ready to go
[2026-05-18 21:23:11.926] AUTO-DISENGAGE: gear left Park (now D)
[2026-05-18 21:23:11.926] Husby was here, and we are ready to go
[2026-05-18 21:23:11.943] AUTO-DISENGAGE: gear left Park (now D)
[2026-05-18 21:23:11.944] Husby was here, and we are ready to go
[2026-05-18 21:23:11.949] AUTO-DISENGAGE: gear left Park (now D)
[2026-05-18 21:23:11.949] Husby was here, and we are ready to go
[2026-05-18 21:23:11.963] AUTO-DISENGAGE: gear left Park (now D)
[2026-05-18 21:23:11.963] Husby was here, and we are ready to go
[2026-05-18 21:23:11.985] AUTO-DISENGAGE: gear left Park (now D)
[2026-05-18 21:23:11.985] Husby was here, and we are ready to go
[2026-05-18 21:23:12.004] AUTO-DISENGAGE: gear left Park (now D)
[2026-05-18 21:23:12.004] Husby was here, and we are ready to go
[2026-05-18 21:23:12.024] AUTO-DISENGAGE: gear left Park (now D)
[2026-05-18 21:23:12.024] Husby was here, and we are ready to go
[2026-05-18 21:23:12.044] AUTO-DISENGAGE: gear left Park (now D)
[2026-05-18 21:23:12.044] Husby was here, and we are ready to go
[2026-05-18 21:23:12.048] AUTO-DISENGAGE: gear left Park (now D)
[2026-05-18 21:23:12.048] Husby was here, and we are ready to go
[2026-05-18 21:23:12.064] AUTO-DISENGAGE: gear left Park (now D)
[2026-05-18 21:23:12.064] Husby was here, and we are ready to go
[2026-05-18 21:23:12.084] AUTO-DISENGAGE: gear left Park (now D)
[2026-05-18 21:23:12.084] Husby was here, and we are ready to go
[2026-05-18 21:23:12.103] AUTO-DISENGAGE: gear left Park (now D)
[2026-05-18 21:23:12.103] Husby was here, and we are ready to go
[2026-05-18 21:23:12.126] AUTO-DISENGAGE: gear left Park (now D)
[2026-05-18 21:23:12.126] Husby was here, and we are ready to go
[2026-05-18 21:23:12.144] AUTO-DISENGAGE: gear left Park (now D)
[2026-05-18 21:23:12.145] Husby was here, and we are ready to go
[2026-05-18 21:23:12.148] AUTO-DISENGAGE: gear left Park (now D)
[2026-05-18 21:23:12.149] Husby was here, and we are ready to go
[2026-05-18 21:23:12.165] AUTO-DISENGAGE: gear left Park (now D)
[2026-05-18 21:23:12.165] Husby was here, and we are ready to go
[2026-05-18 21:23:12.183] AUTO-DISENGAGE: gear left Park (now D)
[2026-05-18 21:23:12.184] Husby was here, and we are ready to go
[2026-05-18 21:23:12.204] AUTO-DISENGAGE: gear left Park (now D)
[2026-05-18 21:23:12.204] Husby was here, and we are ready to go
[2026-05-18 21:23:12.226] AUTO-DISENGAGE: gear left Park (now D)
[2026-05-18 21:23:12.226] Husby was here, and we are ready to go
[2026-05-18 21:23:12.244] AUTO-DISENGAGE: gear left Park (now D)
[2026-05-18 21:23:12.244] Husby was here, and we are ready to go
[2026-05-18 21:23:12.249] AUTO-DISENGAGE: gear left Park (now D)
[2026-05-18 21:23:12.249] Husby was here, and we are ready to go
[2026-05-18 21:23:12.263] AUTO-DISENGAGE: gear left Park (now D)
[2026-05-18 21:23:12.263] Husby was here, and we are ready to go
[2026-05-18 21:23:12.285] AUTO-DISENGAGE: gear left Park (now D)
[2026-05-18 21:23:12.285] Husby was here, and we are ready to go
[2026-05-18 21:23:12.305] AUTO-DISENGAGE: gear left Park (now D)
[2026-05-18 21:23:12.306] Husby was here, and we are ready to go
[2026-05-18 21:23:12.326] AUTO-DISENGAGE: gear left Park (now D)
[2026-05-18 21:23:12.327] Husby was here, and we are ready to go
[2026-05-18 21:23:12.344] AUTO-DISENGAGE: gear left Park (now D)
[2026-05-18 21:23:12.344] Husby was here, and we are ready to go
[2026-05-18 21:23:12.348] AUTO-DISENGAGE: gear left Park (now D)
[2026-05-18 21:23:12.348] Husby was here, and we are ready to go
[2026-05-18 21:23:12.363] AUTO-DISENGAGE: gear left Park (now D)
[2026-05-18 21:23:12.363] Husby was here, and we are ready to go
[2026-05-18 21:23:12.383] AUTO-DISENGAGE: gear left Park (now D)
[2026-05-18 21:23:12.383] Husby was here, and we are ready to go
[2026-05-18 21:23:12.404] AUTO-DISENGAGE: gear left Park (now D)
[2026-05-18 21:23:12.404] Husby was here, and we are ready to go
[2026-05-18 21:23:12.425] AUTO-DISENGAGE: gear left Park (now D)
[2026-05-18 21:23:12.425] Husby was here, and we are ready to go
[2026-05-18 21:23:12.452] AUTO-DISENGAGE: gear left Park (now D)
[2026-05-18 21:23:12.452] Husby was here, and we are ready to go
[2026-05-18 21:23:12.471] AUTO-DISENGAGE: gear left Park (now D)
[2026-05-18 21:23:12.471] Husby was here, and we are ready to go
[2026-05-18 21:23:12.490] AUTO-DISENGAGE: gear left Park (now D)
[2026-05-18 21:23:12.490] Husby was here, and we are ready to go
[2026-05-18 21:23:12.512] AUTO-DISENGAGE: gear left Park (now D)
[2026-05-18 21:23:12.513] Husby was here, and we are ready to go
[2026-05-18 21:23:12.531] AUTO-DISENGAGE: gear left Park (now D)
[2026-05-18 21:23:12.532] Husby was here, and we are ready to go
[2026-05-18 21:23:12.551] AUTO-DISENGAGE: gear left Park (now D)
[2026-05-18 21:23:12.551] Husby was here, and we are ready to go
[2026-05-18 21:23:12.552] AUTO-DISENGAGE: gear left Park (now D)
[2026-05-18 21:23:12.552] Husby was here, and we are ready to go
[2026-05-18 21:23:12.573] AUTO-DISENGAGE: gear left Park (now D)
[2026-05-18 21:23:12.573] Husby was here, and we are ready to go
[2026-05-18 21:23:12.593] AUTO-DISENGAGE: gear left Park (now D)
[2026-05-18 21:23:12.593] Husby was here, and we are ready to go
[2026-05-18 21:23:12.619] AUTO-DISENGAGE: gear left Park (now D)
[2026-05-18 21:23:12.619] Husby was here, and we are ready to go
[2026-05-18 21:23:12.639] AUTO-DISENGAGE: gear left Park (now D)
[2026-05-18 21:23:12.639] Husby was here, and we are ready to go
[2026-05-18 21:23:12.650] AUTO-DISENGAGE: gear left Park (now D)
[2026-05-18 21:23:12.650] Husby was here, and we are ready to go
[2026-05-18 21:23:12.656] AUTO-DISENGAGE: gear left Park (now D)
[2026-05-18 21:23:12.656] Husby was here, and we are ready to go
[2026-05-18 21:23:12.677] AUTO-DISENGAGE: gear left Park (now D)
[2026-05-18 21:23:12.678] Husby was here, and we are ready to go
[2026-05-18 21:23:12.696] AUTO-DISENGAGE: gear left Park (now D)
[2026-05-18 21:23:12.696] Husby was here, and we are ready to go
[2026-05-18 21:23:12.716] AUTO-DISENGAGE: gear left Park (now D)
[2026-05-18 21:23:12.716] Husby was here, and we are ready to go
[2026-05-18 21:23:12.736] AUTO-DISENGAGE: gear left Park (now D)
[2026-05-18 21:23:12.736] Husby was here, and we are ready to go
[2026-05-18 21:23:12.749] AUTO-DISENGAGE: gear left Park (now D)
[2026-05-18 21:23:12.750] Husby was here, and we are ready to go
[2026-05-18 21:23:12.756] AUTO-DISENGAGE: gear left Park (now D)
[2026-05-18 21:23:12.756] Husby was here, and we are ready to go
[2026-05-18 21:23:12.783] AUTO-DISENGAGE: gear left Park (now D)
[2026-05-18 21:23:12.783] Husby was here, and we are ready to go
[2026-05-18 21:23:12.802] AUTO-DISENGAGE: gear left Park (now D)
[2026-05-18 21:23:12.802] Husby was here, and we are ready to go
[2026-05-18 21:23:12.822] AUTO-DISENGAGE: gear left Park (now D)
[2026-05-18 21:23:12.822] Husby was here, and we are ready to go
[2026-05-18 21:23:12.842] AUTO-DISENGAGE: gear left Park (now D)
[2026-05-18 21:23:12.842] Husby was here, and we are ready to go
[2026-05-18 21:23:12.849] AUTO-DISENGAGE: gear left Park (now D)
[2026-05-18 21:23:12.849] Husby was here, and we are ready to go
[2026-05-18 21:23:12.861] AUTO-DISENGAGE: gear left Park (now D)
[2026-05-18 21:23:12.861] Husby was here, and we are ready to go
[2026-05-18 21:23:12.882] AUTO-DISENGAGE: gear left Park (now D)
[2026-05-18 21:23:12.882] Husby was here, and we are ready to go
[2026-05-18 21:23:12.901] AUTO-DISENGAGE: gear left Park (now D)
[2026-05-18 21:23:12.901] Husby was here, and we are ready to go
[2026-05-18 21:23:12.922] AUTO-DISENGAGE: gear left Park (now D)
[2026-05-18 21:23:12.922] Husby was here, and we are ready to go
[2026-05-18 21:23:12.942] AUTO-DISENGAGE: gear left Park (now D)
[2026-05-18 21:23:12.942] Husby was here, and we are ready to go
[2026-05-18 21:23:12.949] AUTO-DISENGAGE: gear left Park (now D)
[2026-05-18 21:23:12.949] Husby was here, and we are ready to go
[2026-05-18 21:23:12.962] AUTO-DISENGAGE: gear left Park (now D)
[2026-05-18 21:23:12.962] Husby was here, and we are ready to go
[2026-05-18 21:23:12.983] AUTO-DISENGAGE: gear left Park (now D)
[2026-05-18 21:23:12.983] Husby was here, and we are ready to go
[2026-05-18 21:23:13.003] AUTO-DISENGAGE: gear left Park (now D)
[2026-05-18 21:23:13.003] Husby was here, and we are ready to go
[2026-05-18 21:23:13.024] AUTO-DISENGAGE: gear left Park (now D)
[2026-05-18 21:23:13.024] Husby was here, and we are ready to go
[2026-05-18 21:23:13.042] AUTO-DISENGAGE: gear left Park (now D)
[2026-05-18 21:23:13.042] Husby was here, and we are ready to go
[2026-05-18 21:23:13.049] AUTO-DISENGAGE: gear left Park (now D)
[2026-05-18 21:23:13.049] Husby was here, and we are ready to go
[2026-05-18 21:23:13.062] AUTO-DISENGAGE: gear left Park (now D)
[2026-05-18 21:23:13.062] Husby was here, and we are ready to go
[2026-05-18 21:23:13.083] AUTO-DISENGAGE: gear left Park (now D)
[2026-05-18 21:23:13.083] Husby was here, and we are ready to go
[2026-05-18 21:23:13.102] brake: released
[2026-05-18 21:23:13.102] AUTO-DISENGAGE: gear left Park (now D)
[2026-05-18 21:23:13.102] Husby was here, and we are ready to go
[2026-05-18 21:23:13.123] AUTO-DISENGAGE: gear left Park (now D)
[2026-05-18 21:23:13.123] Husby was here, and we are ready to go
[2026-05-18 21:23:13.143] AUTO-DISENGAGE: gear left Park (now D)
[2026-05-18 21:23:13.143] Husby was here, and we are ready to go
[2026-05-18 21:23:13.150] AUTO-DISENGAGE: gear left Park (now D)
[2026-05-18 21:23:13.150] Husby was here, and we are ready to go
[2026-05-18 21:23:13.162] AUTO-DISENGAGE: gear left Park (now D)
[2026-05-18 21:23:13.162] Husby was here, and we are ready to go
[2026-05-18 21:23:13.183] AUTO-DISENGAGE: gear left Park (now D)
[2026-05-18 21:23:13.183] Husby was here, and we are ready to go
[2026-05-18 21:23:13.203] AUTO-DISENGAGE: gear left Park (now D)
[2026-05-18 21:23:13.203] Husby was here, and we are ready to go
[2026-05-18 21:23:13.226] AUTO-DISENGAGE: gear left Park (now D)
[2026-05-18 21:23:13.226] Husby was here, and we are ready to go
[2026-05-18 21:23:13.246] AUTO-DISENGAGE: gear left Park (now D)
[2026-05-18 21:23:13.246] Husby was here, and we are ready to go
[2026-05-18 21:23:13.248] AUTO-DISENGAGE: gear left Park (now D)
[2026-05-18 21:23:13.248] Husby was here, and we are ready to go
[2026-05-18 21:23:13.266] AUTO-DISENGAGE: gear left Park (now D)
[2026-05-18 21:23:13.266] Husby was here, and we are ready to go
[2026-05-18 21:23:13.286] AUTO-DISENGAGE: gear left Park (now D)
[2026-05-18 21:23:13.286] Husby was here, and we are ready to go
[2026-05-18 21:23:13.304] AUTO-DISENGAGE: gear left Park (now D)
[2026-05-18 21:23:13.305] Husby was here, and we are ready to go
[2026-05-18 21:23:13.326] AUTO-DISENGAGE: gear left Park (now D)
[2026-05-18 21:23:13.326] Husby was here, and we are ready to go
[2026-05-18 21:23:13.346] AUTO-DISENGAGE: gear left Park (now D)
[2026-05-18 21:23:13.347] Husby was here, and we are ready to go
[2026-05-18 21:23:13.348] AUTO-DISENGAGE: gear left Park (now D)
[2026-05-18 21:23:13.348] Husby was here, and we are ready to go
[2026-05-18 21:23:13.366] AUTO-DISENGAGE: gear left Park (now D)
[2026-05-18 21:23:13.366] Husby was here, and we are ready to go
[2026-05-18 21:23:13.386] AUTO-DISENGAGE: gear left Park (now D)
[2026-05-18 21:23:13.386] Husby was here, and we are ready to go
[2026-05-18 21:23:13.406] AUTO-DISENGAGE: gear left Park (now D)
[2026-05-18 21:23:13.406] Husby was here, and we are ready to go
[2026-05-18 21:23:13.426] AUTO-DISENGAGE: gear left Park (now D)
[2026-05-18 21:23:13.426] Husby was here, and we are ready to go
[2026-05-18 21:23:13.447] AUTO-DISENGAGE: gear left Park (now D)
[2026-05-18 21:23:13.447] Husby was here, and we are ready to go
[2026-05-18 21:23:13.448] AUTO-DISENGAGE: gear left Park (now D)
[2026-05-18 21:23:13.448] Husby was here, and we are ready to go
[2026-05-18 21:23:13.466] AUTO-DISENGAGE: gear left Park (now D)
[2026-05-18 21:23:13.466] Husby was here, and we are ready to go
[2026-05-18 21:23:13.485] AUTO-DISENGAGE: gear left Park (now D)
[2026-05-18 21:23:13.486] Husby was here, and we are ready to go
[2026-05-18 21:23:13.506] AUTO-DISENGAGE: gear left Park (now D)
[2026-05-18 21:23:13.506] Husby was here, and we are ready to go
[2026-05-18 21:23:13.526] AUTO-DISENGAGE: gear left Park (now D)
[2026-05-18 21:23:13.526] Husby was here, and we are ready to go
[2026-05-18 21:23:13.547] AUTO-DISENGAGE: gear left Park (now D)
[2026-05-18 21:23:13.547] Husby was here, and we are ready to go
[2026-05-18 21:23:13.548] AUTO-DISENGAGE: gear left Park (now D)
[2026-05-18 21:23:13.548] Husby was here, and we are ready to go
[2026-05-18 21:23:13.566] AUTO-DISENGAGE: gear left Park (now D)
[2026-05-18 21:23:13.566] Husby was here, and we are ready to go
[2026-05-18 21:23:13.586] AUTO-DISENGAGE: gear left Park (now D)
[2026-05-18 21:23:13.586] Husby was here, and we are ready to go
[2026-05-18 21:23:13.606] AUTO-DISENGAGE: gear left Park (now D)
[2026-05-18 21:23:13.606] Husby was here, and we are ready to go
[2026-05-18 21:23:13.630] AUTO-DISENGAGE: gear left Park (now D)
[2026-05-18 21:23:13.631] Husby was here, and we are ready to go
[2026-05-18 21:23:13.646] AUTO-DISENGAGE: gear left Park (now D)
[2026-05-18 21:23:13.646] Husby was here, and we are ready to go
[2026-05-18 21:23:13.648] AUTO-DISENGAGE: gear left Park (now D)
[2026-05-18 21:23:13.649] Husby was here, and we are ready to go
[2026-05-18 21:23:13.667] AUTO-DISENGAGE: gear left Park (now D)
[2026-05-18 21:23:13.667] Husby was here, and we are ready to go
[2026-05-18 21:23:13.687] AUTO-DISENGAGE: gear left Park (now D)
[2026-05-18 21:23:13.688] Husby was here, and we are ready to go
[2026-05-18 21:23:13.708] AUTO-DISENGAGE: gear left Park (now D)
[2026-05-18 21:23:13.709] Husby was here, and we are ready to go
[2026-05-18 21:23:13.728] AUTO-DISENGAGE: gear left Park (now D)
[2026-05-18 21:23:13.729] Husby was here, and we are ready to go
[2026-05-18 21:23:13.748] AUTO-DISENGAGE: gear left Park (now D)
[2026-05-18 21:23:13.748] Husby was here, and we are ready to go
[2026-05-18 21:23:13.750] AUTO-DISENGAGE: gear left Park (now D)
[2026-05-18 21:23:13.751] Husby was here, and we are ready to go
[2026-05-18 21:23:13.766] AUTO-DISENGAGE: gear left Park (now D)
[2026-05-18 21:23:13.767] Husby was here, and we are ready to go
[2026-05-18 21:23:13.791] AUTO-DISENGAGE: gear left Park (now D)
[2026-05-18 21:23:13.791] Husby was here, and we are ready to go
[2026-05-18 21:23:13.806] AUTO-DISENGAGE: gear left Park (now D)
[2026-05-18 21:23:13.806] Husby was here, and we are ready to go
[2026-05-18 21:23:13.831] AUTO-DISENGAGE: gear left Park (now D)
[2026-05-18 21:23:13.831] Husby was here, and we are ready to go
[2026-05-18 21:23:13.846] AUTO-DISENGAGE: gear left Park (now D)
[2026-05-18 21:23:13.846] Husby was here, and we are ready to go
[2026-05-18 21:23:13.851] AUTO-DISENGAGE: gear left Park (now D)
[2026-05-18 21:23:13.851] Husby was here, and we are ready to go
[2026-05-18 21:23:13.867] AUTO-DISENGAGE: gear left Park (now D)
[2026-05-18 21:23:13.867] Husby was here, and we are ready to go
[2026-05-18 21:23:13.890] AUTO-DISENGAGE: gear left Park (now D)
[2026-05-18 21:23:13.890] Husby was here, and we are ready to go
[2026-05-18 21:23:13.907] AUTO-DISENGAGE: gear left Park (now D)
[2026-05-18 21:23:13.907] Husby was here, and we are ready to go
[2026-05-18 21:23:13.931] AUTO-DISENGAGE: gear left Park (now D)
[2026-05-18 21:23:13.931] Husby was here, and we are ready to go
[2026-05-18 21:23:13.947] AUTO-DISENGAGE: gear left Park (now D)
[2026-05-18 21:23:13.947] Husby was here, and we are ready to go
[2026-05-18 21:23:13.949] AUTO-DISENGAGE: gear left Park (now D)
[2026-05-18 21:23:13.950] Husby was here, and we are ready to go
[2026-05-18 21:23:13.966] AUTO-DISENGAGE: gear left Park (now D)
[2026-05-18 21:23:13.966] Husby was here, and we are ready to go
[2026-05-18 21:23:13.986] AUTO-DISENGAGE: gear left Park (now D)
[2026-05-18 21:23:13.986] Husby was here, and we are ready to go
[2026-05-18 21:23:14.006] AUTO-DISENGAGE: gear left Park (now D)
[2026-05-18 21:23:14.006] Husby was here, and we are ready to go
[2026-05-18 21:23:14.027] AUTO-DISENGAGE: gear left Park (now D)
[2026-05-18 21:23:14.027] Husby was here, and we are ready to go
[2026-05-18 21:23:14.050] AUTO-DISENGAGE: gear left Park (now D)
[2026-05-18 21:23:14.050] Husby was here, and we are ready to go
[2026-05-18 21:23:14.050] AUTO-DISENGAGE: gear left Park (now D)
[2026-05-18 21:23:14.051] Husby was here, and we are ready to go
[2026-05-18 21:23:14.069] AUTO-DISENGAGE: gear left Park (now D)
[2026-05-18 21:23:14.070] Husby was here, and we are ready to go
[2026-05-18 21:23:14.089] AUTO-DISENGAGE: gear left Park (now D)
[2026-05-18 21:23:14.089] Husby was here, and we are ready to go
[2026-05-18 21:23:14.111] AUTO-DISENGAGE: gear left Park (now D)
[2026-05-18 21:23:14.111] Husby was here, and we are ready to go
[2026-05-18 21:23:14.132] AUTO-DISENGAGE: gear left Park (now D)
[2026-05-18 21:23:14.133] Husby was here, and we are ready to go
[2026-05-18 21:23:14.152] AUTO-DISENGAGE: gear left Park (now D)
[2026-05-18 21:23:14.152] Husby was here, and we are ready to go
[2026-05-18 21:23:14.153] AUTO-DISENGAGE: gear left Park (now D)
[2026-05-18 21:23:14.153] Husby was here, and we are ready to go
[2026-05-18 21:23:14.171] AUTO-DISENGAGE: gear left Park (now D)
[2026-05-18 21:23:14.171] Husby was here, and we are ready to go
[2026-05-18 21:23:14.191] AUTO-DISENGAGE: gear left Park (now D)
[2026-05-18 21:23:14.191] Husby was here, and we are ready to go
[2026-05-18 21:23:14.211] AUTO-DISENGAGE: gear left Park (now D)
[2026-05-18 21:23:14.211] Husby was here, and we are ready to go
[2026-05-18 21:23:14.232] AUTO-DISENGAGE: gear left Park (now D)
[2026-05-18 21:23:14.232] Husby was here, and we are ready to go
[2026-05-18 21:23:14.252] AUTO-DISENGAGE: gear left Park (now D)
[2026-05-18 21:23:14.252] Husby was here, and we are ready to go
[2026-05-18 21:23:14.253] AUTO-DISENGAGE: gear left Park (now D)
[2026-05-18 21:23:14.253] Husby was here, and we are ready to go
[2026-05-18 21:23:14.271] AUTO-DISENGAGE: gear left Park (now D)
[2026-05-18 21:23:14.271] Husby was here, and we are ready to go
[2026-05-18 21:23:14.291] AUTO-DISENGAGE: gear left Park (now D)
[2026-05-18 21:23:14.291] Husby was here, and we are ready to go
[2026-05-18 21:23:14.312] AUTO-DISENGAGE: gear left Park (now D)
[2026-05-18 21:23:14.312] Husby was here, and we are ready to go
[2026-05-18 21:23:14.333] AUTO-DISENGAGE: gear left Park (now D)
[2026-05-18 21:23:14.333] Husby was here, and we are ready to go
[2026-05-18 21:23:14.353] AUTO-DISENGAGE: gear left Park (now D)
[2026-05-18 21:23:14.353] Husby was here, and we are ready to go
[2026-05-18 21:23:14.354] AUTO-DISENGAGE: gear left Park (now D)
[2026-05-18 21:23:14.354] Husby was here, and we are ready to go
[2026-05-18 21:23:14.372] AUTO-DISENGAGE: gear left Park (now D)
[2026-05-18 21:23:14.372] Husby was here, and we are ready to go
[2026-05-18 21:23:14.392] AUTO-DISENGAGE: gear left Park (now D)
[2026-05-18 21:23:14.392] Husby was here, and we are ready to go
[2026-05-18 21:23:14.412] AUTO-DISENGAGE: gear left Park (now D)
[2026-05-18 21:23:14.412] Husby was here, and we are ready to go
[2026-05-18 21:23:14.431] AUTO-DISENGAGE: gear left Park (now D)
[2026-05-18 21:23:14.431] Husby was here, and we are ready to go
[2026-05-18 21:23:14.452] AUTO-DISENGAGE: gear left Park (now D)
[2026-05-18 21:23:14.453] Husby was here, and we are ready to go
[2026-05-18 21:23:14.454] AUTO-DISENGAGE: gear left Park (now D)
[2026-05-18 21:23:14.454] Husby was here, and we are ready to go
[2026-05-18 21:23:14.471] AUTO-DISENGAGE: gear left Park (now D)
[2026-05-18 21:23:14.471] Husby was here, and we are ready to go
[2026-05-18 21:23:14.491] AUTO-DISENGAGE: gear left Park (now D)
[2026-05-18 21:23:14.491] Husby was here, and we are ready to go
[2026-05-18 21:23:14.512] AUTO-DISENGAGE: gear left Park (now D)
[2026-05-18 21:23:14.512] Husby was here, and we are ready to go
[2026-05-18 21:23:14.533] AUTO-DISENGAGE: gear left Park (now D)
[2026-05-18 21:23:14.533] Husby was here, and we are ready to go
[2026-05-18 21:23:14.551] AUTO-DISENGAGE: gear left Park (now D)
[2026-05-18 21:23:14.551] Husby was here, and we are ready to go
[2026-05-18 21:23:14.554] AUTO-DISENGAGE: gear left Park (now D)
[2026-05-18 21:23:14.554] Husby was here, and we are ready to go
[2026-05-18 21:23:14.571] AUTO-DISENGAGE: gear left Park (now D)
[2026-05-18 21:23:14.571] Husby was here, and we are ready to go
[2026-05-18 21:23:14.591] AUTO-DISENGAGE: gear left Park (now D)
[2026-05-18 21:23:14.591] Husby was here, and we are ready to go
[2026-05-18 21:23:14.611] AUTO-DISENGAGE: gear left Park (now D)
[2026-05-18 21:23:14.611] Husby was here, and we are ready to go
[2026-05-18 21:23:14.631] AUTO-DISENGAGE: gear left Park (now D)
[2026-05-18 21:23:14.631] Husby was here, and we are ready to go
[2026-05-18 21:23:14.651] AUTO-DISENGAGE: gear left Park (now D)
[2026-05-18 21:23:14.651] Husby was here, and we are ready to go
[2026-05-18 21:23:14.654] AUTO-DISENGAGE: gear left Park (now D)
[2026-05-18 21:23:14.654] Husby was here, and we are ready to go
[2026-05-18 21:23:14.672] AUTO-DISENGAGE: gear left Park (now D)
[2026-05-18 21:23:14.673] Husby was here, and we are ready to go
[2026-05-18 21:23:14.692] AUTO-DISENGAGE: gear left Park (now D)
[2026-05-18 21:23:14.692] Husby was here, and we are ready to go
[2026-05-18 21:23:14.712] AUTO-DISENGAGE: gear left Park (now D)
[2026-05-18 21:23:14.712] Husby was here, and we are ready to go
[2026-05-18 21:23:14.731] AUTO-DISENGAGE: gear left Park (now D)
[2026-05-18 21:23:14.732] Husby was here, and we are ready to go
[2026-05-18 21:23:14.752] AUTO-DISENGAGE: gear left Park (now D)
[2026-05-18 21:23:14.752] Husby was here, and we are ready to go
[2026-05-18 21:23:14.754] AUTO-DISENGAGE: gear left Park (now D)
[2026-05-18 21:23:14.754] Husby was here, and we are ready to go
[2026-05-18 21:23:14.771] AUTO-DISENGAGE: gear left Park (now D)
[2026-05-18 21:23:14.771] Husby was here, and we are ready to go
[2026-05-18 21:23:14.792] AUTO-DISENGAGE: gear left Park (now D)
[2026-05-18 21:23:14.793] Husby was here, and we are ready to go
[2026-05-18 21:23:14.812] AUTO-DISENGAGE: gear left Park (now D)
[2026-05-18 21:23:14.812] Husby was here, and we are ready to go
[2026-05-18 21:23:14.832] AUTO-DISENGAGE: gear left Park (now D)
[2026-05-18 21:23:14.832] Husby was here, and we are ready to go
[2026-05-18 21:23:14.852] AUTO-DISENGAGE: gear left Park (now D)
[2026-05-18 21:23:14.852] Husby was here, and we are ready to go
[2026-05-18 21:23:14.854] AUTO-DISENGAGE: gear left Park (now D)
[2026-05-18 21:23:14.854] Husby was here, and we are ready to go
[2026-05-18 21:23:14.873] AUTO-DISENGAGE: gear left Park (now D)
[2026-05-18 21:23:14.873] Husby was here, and we are ready to go
[2026-05-18 21:23:14.892] AUTO-DISENGAGE: gear left Park (now D)
[2026-05-18 21:23:14.892] Husby was here, and we are ready to go
[2026-05-18 21:23:14.912] AUTO-DISENGAGE: gear left Park (now D)
[2026-05-18 21:23:14.912] Husby was here, and we are ready to go
[2026-05-18 21:23:14.931] AUTO-DISENGAGE: gear left Park (now D)
[2026-05-18 21:23:14.932] Husby was here, and we are ready to go
[2026-05-18 21:23:14.951] AUTO-DISENGAGE: gear left Park (now D)
[2026-05-18 21:23:14.951] Husby was here, and we are ready to go
[2026-05-18 21:23:14.954] AUTO-DISENGAGE: gear left Park (now D)
[2026-05-18 21:23:14.954] Husby was here, and we are ready to go
[2026-05-18 21:23:14.971] AUTO-DISENGAGE: gear left Park (now D)
[2026-05-18 21:23:14.971] Husby was here, and we are ready to go
[2026-05-18 21:23:14.992] AUTO-DISENGAGE: gear left Park (now D)
[2026-05-18 21:23:14.992] Husby was here, and we are ready to go
[2026-05-18 21:23:15.013] AUTO-DISENGAGE: gear left Park (now D)
[2026-05-18 21:23:15.013] Husby was here, and we are ready to go
[2026-05-18 21:23:15.032] AUTO-DISENGAGE: gear left Park (now D)
[2026-05-18 21:23:15.032] Husby was here, and we are ready to go
[2026-05-18 21:23:15.051] AUTO-DISENGAGE: gear left Park (now D)
[2026-05-18 21:23:15.051] Husby was here, and we are ready to go
[2026-05-18 21:23:15.054] AUTO-DISENGAGE: gear left Park (now D)
[2026-05-18 21:23:15.054] Husby was here, and we are ready to go
[2026-05-18 21:23:15.071] AUTO-DISENGAGE: gear left Park (now D)
[2026-05-18 21:23:15.072] Husby was here, and we are ready to go
[2026-05-18 21:23:15.092] AUTO-DISENGAGE: gear left Park (now D)
[2026-05-18 21:23:15.092] Husby was here, and we are ready to go
[2026-05-18 21:23:15.113] AUTO-DISENGAGE: gear left Park (now D)
[2026-05-18 21:23:15.113] Husby was here, and we are ready to go
[2026-05-18 21:23:15.133] AUTO-DISENGAGE: gear left Park (now D)
[2026-05-18 21:23:15.133] Husby was here, and we are ready to go
[2026-05-18 21:23:15.153] AUTO-DISENGAGE: gear left Park (now D)
[2026-05-18 21:23:15.153] Husby was here, and we are ready to go
[2026-05-18 21:23:15.154] AUTO-DISENGAGE: gear left Park (now D)
[2026-05-18 21:23:15.155] Husby was here, and we are ready to go
[2026-05-18 21:23:15.173] AUTO-DISENGAGE: gear left Park (now D)
[2026-05-18 21:23:15.173] Husby was here, and we are ready to go
[2026-05-18 21:23:15.192] AUTO-DISENGAGE: gear left Park (now D)
[2026-05-18 21:23:15.192] Husby was here, and we are ready to go
[2026-05-18 21:23:15.213] AUTO-DISENGAGE: gear left Park (now D)
[2026-05-18 21:23:15.213] Husby was here, and we are ready to go
[2026-05-18 21:23:15.233] AUTO-DISENGAGE: gear left Park (now D)
[2026-05-18 21:23:15.233] Husby was here, and we are ready to go
[2026-05-18 21:23:15.251] AUTO-DISENGAGE: gear left Park (now D)
[2026-05-18 21:23:15.251] Husby was here, and we are ready to go
[2026-05-18 21:23:15.254] AUTO-DISENGAGE: gear left Park (now D)
[2026-05-18 21:23:15.254] Husby was here, and we are ready to go
[2026-05-18 21:23:15.272] AUTO-DISENGAGE: gear left Park (now D)
[2026-05-18 21:23:15.272] Husby was here, and we are ready to go
[2026-05-18 21:23:15.291] AUTO-DISENGAGE: gear left Park (now D)
[2026-05-18 21:23:15.291] Husby was here, and we are ready to go
[2026-05-18 21:23:15.311] AUTO-DISENGAGE: gear left Park (now D)
[2026-05-18 21:23:15.311] Husby was here, and we are ready to go
[2026-05-18 21:23:15.330] AUTO-DISENGAGE: gear left Park (now D)
[2026-05-18 21:23:15.330] Husby was here, and we are ready to go
[2026-05-18 21:23:15.351] AUTO-DISENGAGE: gear left Park (now D)
[2026-05-18 21:23:15.351] Husby was here, and we are ready to go
[2026-05-18 21:23:15.354] AUTO-DISENGAGE: gear left Park (now D)
[2026-05-18 21:23:15.354] Husby was here, and we are ready to go
[2026-05-18 21:23:15.371] AUTO-DISENGAGE: gear left Park (now D)
[2026-05-18 21:23:15.371] Husby was here, and we are ready to go
[2026-05-18 21:23:15.391] AUTO-DISENGAGE: gear left Park (now D)
[2026-05-18 21:23:15.391] Husby was here, and we are ready to go
[2026-05-18 21:23:15.411] AUTO-DISENGAGE: gear left Park (now D)
[2026-05-18 21:23:15.411] Husby was here, and we are ready to go
[2026-05-18 21:23:15.431] AUTO-DISENGAGE: gear left Park (now D)
[2026-05-18 21:23:15.431] Husby was here, and we are ready to go
[2026-05-18 21:23:15.451] AUTO-DISENGAGE: gear left Park (now D)
[2026-05-18 21:23:15.451] Husby was here, and we are ready to go
[2026-05-18 21:23:15.454] AUTO-DISENGAGE: gear left Park (now D)
[2026-05-18 21:23:15.454] Husby was here, and we are ready to go
[2026-05-18 21:23:15.471] AUTO-DISENGAGE: gear left Park (now D)
[2026-05-18 21:23:15.471] Husby was here, and we are ready to go
[2026-05-18 21:23:15.493] AUTO-DISENGAGE: gear left Park (now D)
[2026-05-18 21:23:15.493] Husby was here, and we are ready to go
[2026-05-18 21:23:15.513] AUTO-DISENGAGE: gear left Park (now D)
[2026-05-18 21:23:15.513] Husby was here, and we are ready to go
[2026-05-18 21:23:15.535] AUTO-DISENGAGE: gear left Park (now D)
[2026-05-18 21:23:15.536] Husby was here, and we are ready to go
[2026-05-18 21:23:15.552] AUTO-DISENGAGE: gear left Park (now D)
[2026-05-18 21:23:15.552] Husby was here, and we are ready to go
[2026-05-18 21:23:15.554] AUTO-DISENGAGE: gear left Park (now D)
[2026-05-18 21:23:15.554] Husby was here, and we are ready to go
[2026-05-18 21:23:15.573] AUTO-DISENGAGE: gear left Park (now D)
[2026-05-18 21:23:15.573] Husby was here, and we are ready to go
[2026-05-18 21:23:15.592] AUTO-DISENGAGE: gear left Park (now D)
[2026-05-18 21:23:15.592] Husby was here, and we are ready to go
[2026-05-18 21:23:15.614] AUTO-DISENGAGE: gear left Park (now D)
[2026-05-18 21:23:15.614] Husby was here, and we are ready to go
[2026-05-18 21:23:15.634] AUTO-DISENGAGE: gear left Park (now D)
[2026-05-18 21:23:15.634] Husby was here, and we are ready to go
[2026-05-18 21:23:15.653] AUTO-DISENGAGE: gear left Park (now D)
[2026-05-18 21:23:15.653] Husby was here, and we are ready to go
[2026-05-18 21:23:15.654] AUTO-DISENGAGE: gear left Park (now D)
[2026-05-18 21:23:15.654] Husby was here, and we are ready to go
[2026-05-18 21:23:15.678] AUTO-DISENGAGE: gear left Park (now D)
[2026-05-18 21:23:15.679] Husby was here, and we are ready to go
[2026-05-18 21:23:15.697] AUTO-DISENGAGE: gear left Park (now D)
[2026-05-18 21:23:15.697] Husby was here, and we are ready to go
[2026-05-18 21:23:15.721] AUTO-DISENGAGE: gear left Park (now D)
[2026-05-18 21:23:15.721] Husby was here, and we are ready to go
[2026-05-18 21:23:15.740] AUTO-DISENGAGE: gear left Park (now D)
[2026-05-18 21:23:15.740] Husby was here, and we are ready to go
[2026-05-18 21:23:15.756] AUTO-DISENGAGE: gear left Park (now D)
[2026-05-18 21:23:15.757] Husby was here, and we are ready to go
[2026-05-18 21:23:15.757] AUTO-DISENGAGE: gear left Park (now D)
[2026-05-18 21:23:15.758] Husby was here, and we are ready to go
[2026-05-18 21:23:15.779] AUTO-DISENGAGE: gear left Park (now D)
[2026-05-18 21:23:15.779] Husby was here, and we are ready to go
[2026-05-18 21:23:15.799] AUTO-DISENGAGE: gear left Park (now D)
[2026-05-18 21:23:15.799] Husby was here, and we are ready to go
[2026-05-18 21:23:15.819] AUTO-DISENGAGE: gear left Park (now D)
[2026-05-18 21:23:15.819] Husby was here, and we are ready to go
[2026-05-18 21:23:15.840] AUTO-DISENGAGE: gear left Park (now D)
[2026-05-18 21:23:15.840] Husby was here, and we are ready to go
[2026-05-18 21:23:15.855] AUTO-DISENGAGE: gear left Park (now D)
[2026-05-18 21:23:15.855] Husby was here, and we are ready to go
[2026-05-18 21:23:15.857] AUTO-DISENGAGE: gear left Park (now D)
[2026-05-18 21:23:15.857] Husby was here, and we are ready to go
[2026-05-18 21:23:15.879] AUTO-DISENGAGE: gear left Park (now D)
[2026-05-18 21:23:15.879] Husby was here, and we are ready to go
[2026-05-18 21:23:15.899] AUTO-DISENGAGE: gear left Park (now D)
[2026-05-18 21:23:15.899] Husby was here, and we are ready to go
[2026-05-18 21:23:15.920] AUTO-DISENGAGE: gear left Park (now D)
[2026-05-18 21:23:15.920] Husby was here, and we are ready to go
[2026-05-18 21:23:15.941] AUTO-DISENGAGE: gear left Park (now D)
[2026-05-18 21:23:15.941] Husby was here, and we are ready to go
[2026-05-18 21:23:15.956] AUTO-DISENGAGE: gear left Park (now D)
[2026-05-18 21:23:15.956] Husby was here, and we are ready to go
[2026-05-18 21:23:15.958] AUTO-DISENGAGE: gear left Park (now D)
[2026-05-18 21:23:15.958] Husby was here, and we are ready to go
[2026-05-18 21:23:15.979] AUTO-DISENGAGE: gear left Park (now D)
[2026-05-18 21:23:15.979] Husby was here, and we are ready to go
[2026-05-18 21:23:15.999] AUTO-DISENGAGE: gear left Park (now D)
[2026-05-18 21:23:15.999] Husby was here, and we are ready to go
[2026-05-18 21:23:16.021] AUTO-DISENGAGE: gear left Park (now D)
[2026-05-18 21:23:16.021] Husby was here, and we are ready to go
[2026-05-18 21:23:16.042] AUTO-DISENGAGE: gear left Park (now D)
[2026-05-18 21:23:16.042] Husby was here, and we are ready to go
[2026-05-18 21:23:16.057] AUTO-DISENGAGE: gear left Park (now D)
[2026-05-18 21:23:16.057] Husby was here, and we are ready to go
[2026-05-18 21:23:16.059] AUTO-DISENGAGE: gear left Park (now D)
[2026-05-18 21:23:16.059] Husby was here, and we are ready to go
[2026-05-18 21:23:16.080] AUTO-DISENGAGE: gear left Park (now D)
[2026-05-18 21:23:16.080] Husby was here, and we are ready to go
[2026-05-18 21:23:16.099] AUTO-DISENGAGE: gear left Park (now D)
[2026-05-18 21:23:16.099] Husby was here, and we are ready to go
[2026-05-18 21:23:16.119] AUTO-DISENGAGE: gear left Park (now D)
[2026-05-18 21:23:16.119] Husby was here, and we are ready to go
[2026-05-18 21:23:16.139] AUTO-DISENGAGE: gear left Park (now D)
[2026-05-18 21:23:16.139] Husby was here, and we are ready to go
[2026-05-18 21:23:16.155] AUTO-DISENGAGE: gear left Park (now D)
[2026-05-18 21:23:16.155] Husby was here, and we are ready to go
[2026-05-18 21:23:16.158] AUTO-DISENGAGE: gear left Park (now D)
[2026-05-18 21:23:16.158] Husby was here, and we are ready to go
[2026-05-18 21:23:16.179] AUTO-DISENGAGE: gear left Park (now D)
[2026-05-18 21:23:16.179] Husby was here, and we are ready to go
[2026-05-18 21:23:16.203] AUTO-DISENGAGE: gear left Park (now D)
[2026-05-18 21:23:16.203] Husby was here, and we are ready to go
[2026-05-18 21:23:16.223] AUTO-DISENGAGE: gear left Park (now D)
[2026-05-18 21:23:16.223] Husby was here, and we are ready to go
[2026-05-18 21:23:16.244] AUTO-DISENGAGE: gear left Park (now D)
[2026-05-18 21:23:16.245] Husby was here, and we are ready to go
[2026-05-18 21:23:16.256] AUTO-DISENGAGE: gear left Park (now D)
[2026-05-18 21:23:16.257] Husby was here, and we are ready to go
[2026-05-18 21:23:16.263] AUTO-DISENGAGE: gear left Park (now D)
[2026-05-18 21:23:16.263] Husby was here, and we are ready to go
[2026-05-18 21:23:16.286] AUTO-DISENGAGE: gear left Park (now D)
[2026-05-18 21:23:16.286] Husby was here, and we are ready to go
[2026-05-18 21:23:16.304] AUTO-DISENGAGE: gear left Park (now D)
[2026-05-18 21:23:16.304] Husby was here, and we are ready to go
[2026-05-18 21:23:16.323] AUTO-DISENGAGE: gear left Park (now D)
[2026-05-18 21:23:16.324] Husby was here, and we are ready to go
[2026-05-18 21:23:16.343] AUTO-DISENGAGE: gear left Park (now D)
[2026-05-18 21:23:16.344] Husby was here, and we are ready to go
[2026-05-18 21:23:16.355] AUTO-DISENGAGE: gear left Park (now D)
[2026-05-18 21:23:16.355] Husby was here, and we are ready to go
[2026-05-18 21:23:16.363] AUTO-DISENGAGE: gear left Park (now D)
[2026-05-18 21:23:16.363] Husby was here, and we are ready to go
[2026-05-18 21:23:16.383] AUTO-DISENGAGE: gear left Park (now D)
[2026-05-18 21:23:16.383] Husby was here, and we are ready to go
[2026-05-18 21:23:16.404] AUTO-DISENGAGE: gear left Park (now D)
[2026-05-18 21:23:16.404] Husby was here, and we are ready to go
[2026-05-18 21:23:16.426] AUTO-DISENGAGE: gear left Park (now D)
[2026-05-18 21:23:16.426] Husby was here, and we are ready to go
[2026-05-18 21:23:16.446] AUTO-DISENGAGE: gear left Park (now D)
[2026-05-18 21:23:16.447] Husby was here, and we are ready to go
[2026-05-18 21:23:16.456] AUTO-DISENGAGE: gear left Park (now D)
[2026-05-18 21:23:16.456] Husby was here, and we are ready to go
[2026-05-18 21:23:16.463] AUTO-DISENGAGE: gear left Park (now D)
[2026-05-18 21:23:16.463] Husby was here, and we are ready to go
[2026-05-18 21:23:16.484] AUTO-DISENGAGE: gear left Park (now D)
[2026-05-18 21:23:16.485] Husby was here, and we are ready to go
[2026-05-18 21:23:16.505] AUTO-DISENGAGE: gear left Park (now D)
[2026-05-18 21:23:16.505] Husby was here, and we are ready to go
[2026-05-18 21:23:16.523] AUTO-DISENGAGE: gear left Park (now D)
[2026-05-18 21:23:16.523] Husby was here, and we are ready to go
[2026-05-18 21:23:16.544] AUTO-DISENGAGE: gear left Park (now D)
[2026-05-18 21:23:16.544] Husby was here, and we are ready to go
[2026-05-18 21:23:16.557] AUTO-DISENGAGE: gear left Park (now D)
[2026-05-18 21:23:16.557] Husby was here, and we are ready to go
[2026-05-18 21:23:16.563] AUTO-DISENGAGE: gear left Park (now D)
[2026-05-18 21:23:16.563] Husby was here, and we are ready to go
[2026-05-18 21:23:16.583] AUTO-DISENGAGE: gear left Park (now D)
[2026-05-18 21:23:16.584] Husby was here, and we are ready to go
[2026-05-18 21:23:16.606] AUTO-DISENGAGE: gear left Park (now D)
[2026-05-18 21:23:16.606] Husby was here, and we are ready to go
[2026-05-18 21:23:16.626] AUTO-DISENGAGE: gear left Park (now D)
[2026-05-18 21:23:16.627] Husby was here, and we are ready to go
[2026-05-18 21:23:16.644] AUTO-DISENGAGE: gear left Park (now D)
[2026-05-18 21:23:16.644] Husby was here, and we are ready to go
[2026-05-18 21:23:16.656] AUTO-DISENGAGE: gear left Park (now D)
[2026-05-18 21:23:16.656] Husby was here, and we are ready to go
[2026-05-18 21:23:16.663] AUTO-DISENGAGE: gear left Park (now D)
[2026-05-18 21:23:16.663] Husby was here, and we are ready to go
[2026-05-18 21:23:16.683] AUTO-DISENGAGE: gear left Park (now D)
[2026-05-18 21:23:16.683] Husby was here, and we are ready to go
[2026-05-18 21:23:16.705] AUTO-DISENGAGE: gear left Park (now D)
[2026-05-18 21:23:16.705] Husby was here, and we are ready to go
[2026-05-18 21:23:16.724] AUTO-DISENGAGE: gear left Park (now D)
[2026-05-18 21:23:16.724] Husby was here, and we are ready to go
[2026-05-18 21:23:16.743] AUTO-DISENGAGE: gear left Park (now D)
[2026-05-18 21:23:16.743] Husby was here, and we are ready to go
[2026-05-18 21:23:16.754] AUTO-DISENGAGE: gear left Park (now D)
[2026-05-18 21:23:16.754] Husby was here, and we are ready to go
[2026-05-18 21:23:16.762] AUTO-DISENGAGE: gear left Park (now D)
[2026-05-18 21:23:16.762] Husby was here, and we are ready to go
[2026-05-18 21:23:16.783] AUTO-DISENGAGE: gear left Park (now D)
[2026-05-18 21:23:16.783] Husby was here, and we are ready to go
[2026-05-18 21:23:16.803] AUTO-DISENGAGE: gear left Park (now D)
[2026-05-18 21:23:16.803] Husby was here, and we are ready to go
[2026-05-18 21:23:16.823] AUTO-DISENGAGE: gear left Park (now D)
[2026-05-18 21:23:16.823] Husby was here, and we are ready to go
[2026-05-18 21:23:16.844] AUTO-DISENGAGE: gear left Park (now D)
[2026-05-18 21:23:16.845] Husby was here, and we are ready to go
[2026-05-18 21:23:16.856] AUTO-DISENGAGE: gear left Park (now D)
[2026-05-18 21:23:16.857] Husby was here, and we are ready to go
[2026-05-18 21:23:16.863] AUTO-DISENGAGE: gear left Park (now D)
[2026-05-18 21:23:16.863] Husby was here, and we are ready to go
[2026-05-18 21:23:16.885] AUTO-DISENGAGE: gear left Park (now D)
[2026-05-18 21:23:16.886] Husby was here, and we are ready to go
[2026-05-18 21:23:16.903] AUTO-DISENGAGE: gear left Park (now D)
[2026-05-18 21:23:16.903] Husby was here, and we are ready to go
[2026-05-18 21:23:16.923] AUTO-DISENGAGE: gear left Park (now D)
[2026-05-18 21:23:16.923] Husby was here, and we are ready to go
[2026-05-18 21:23:16.943] AUTO-DISENGAGE: gear left Park (now D)
[2026-05-18 21:23:16.944] Husby was here, and we are ready to go
[2026-05-18 21:23:16.955] AUTO-DISENGAGE: gear left Park (now D)
[2026-05-18 21:23:16.956] Husby was here, and we are ready to go
[2026-05-18 21:23:16.962] AUTO-DISENGAGE: gear left Park (now D)
[2026-05-18 21:23:16.963] Husby was here, and we are ready to go
[2026-05-18 21:23:16.984] AUTO-DISENGAGE: gear left Park (now D)
[2026-05-18 21:23:16.984] Husby was here, and we are ready to go
[2026-05-18 21:23:17.003] AUTO-DISENGAGE: gear left Park (now D)
[2026-05-18 21:23:17.003] Husby was here, and we are ready to go
[2026-05-18 21:23:17.024] AUTO-DISENGAGE: gear left Park (now D)
[2026-05-18 21:23:17.024] Husby was here, and we are ready to go
[2026-05-18 21:23:17.047] AUTO-DISENGAGE: gear left Park (now D)
[2026-05-18 21:23:17.047] Husby was here, and we are ready to go
[2026-05-18 21:23:17.056] AUTO-DISENGAGE: gear left Park (now D)
[2026-05-18 21:23:17.056] Husby was here, and we are ready to go
[2026-05-18 21:23:17.063] AUTO-DISENGAGE: gear left Park (now D)
[2026-05-18 21:23:17.063] Husby was here, and we are ready to go
[2026-05-18 21:23:17.086] AUTO-DISENGAGE: gear left Park (now D)
[2026-05-18 21:23:17.086] Husby was here, and we are ready to go
[2026-05-18 21:23:17.105] AUTO-DISENGAGE: gear left Park (now D)
[2026-05-18 21:23:17.105] Husby was here, and we are ready to go
[2026-05-18 21:23:17.124] AUTO-DISENGAGE: gear left Park (now D)
[2026-05-18 21:23:17.124] Husby was here, and we are ready to go
[2026-05-18 21:23:17.144] AUTO-DISENGAGE: gear left Park (now D)
[2026-05-18 21:23:17.144] Husby was here, and we are ready to go
[2026-05-18 21:23:17.155] AUTO-DISENGAGE: gear left Park (now D)
[2026-05-18 21:23:17.156] Husby was here, and we are ready to go
[2026-05-18 21:23:17.163] AUTO-DISENGAGE: gear left Park (now D)
[2026-05-18 21:23:17.163] Husby was here, and we are ready to go
[2026-05-18 21:23:17.183] AUTO-DISENGAGE: gear left Park (now D)
[2026-05-18 21:23:17.183] Husby was here, and we are ready to go
[2026-05-18 21:23:17.204] AUTO-DISENGAGE: gear left Park (now D)
[2026-05-18 21:23:17.204] Husby was here, and we are ready to go
[2026-05-18 21:23:17.229] AUTO-DISENGAGE: gear left Park (now D)
[2026-05-18 21:23:17.229] Husby was here, and we are ready to go
[2026-05-18 21:23:17.244] AUTO-DISENGAGE: gear left Park (now D)
[2026-05-18 21:23:17.244] Husby was here, and we are ready to go
[2026-05-18 21:23:17.257] AUTO-DISENGAGE: gear left Park (now D)
[2026-05-18 21:23:17.258] Husby was here, and we are ready to go
[2026-05-18 21:23:17.263] AUTO-DISENGAGE: gear left Park (now D)
[2026-05-18 21:23:17.263] Husby was here, and we are ready to go
[2026-05-18 21:23:17.285] AUTO-DISENGAGE: gear left Park (now D)
[2026-05-18 21:23:17.286] Husby was here, and we are ready to go
[2026-05-18 21:23:17.304] AUTO-DISENGAGE: gear left Park (now D)
[2026-05-18 21:23:17.304] Husby was here, and we are ready to go
[2026-05-18 21:23:17.325] AUTO-DISENGAGE: gear left Park (now D)
[2026-05-18 21:23:17.325] Husby was here, and we are ready to go
[2026-05-18 21:23:17.346] AUTO-DISENGAGE: gear left Park (now D)
[2026-05-18 21:23:17.346] Husby was here, and we are ready to go
[2026-05-18 21:23:17.356] AUTO-DISENGAGE: gear left Park (now D)
[2026-05-18 21:23:17.357] Husby was here, and we are ready to go
[2026-05-18 21:23:17.363] AUTO-DISENGAGE: gear left Park (now D)
[2026-05-18 21:23:17.363] Husby was here, and we are ready to go
[2026-05-18 21:23:17.383] AUTO-DISENGAGE: gear left Park (now D)
[2026-05-18 21:23:17.383] Husby was here, and we are ready to go
[2026-05-18 21:23:17.404] AUTO-DISENGAGE: gear left Park (now D)
[2026-05-18 21:23:17.404] Husby was here, and we are ready to go
[2026-05-18 21:23:17.424] AUTO-DISENGAGE: gear left Park (now D)
[2026-05-18 21:23:17.424] Husby was here, and we are ready to go
[2026-05-18 21:23:17.448] AUTO-DISENGAGE: gear left Park (now D)
[2026-05-18 21:23:17.448] Husby was here, and we are ready to go
[2026-05-18 21:23:17.455] AUTO-DISENGAGE: gear left Park (now D)
[2026-05-18 21:23:17.455] Husby was here, and we are ready to go
[2026-05-18 21:23:17.463] AUTO-DISENGAGE: gear left Park (now D)
[2026-05-18 21:23:17.463] Husby was here, and we are ready to go
[2026-05-18 21:23:17.486] AUTO-DISENGAGE: gear left Park (now D)
[2026-05-18 21:23:17.486] Husby was here, and we are ready to go
[2026-05-18 21:23:17.505] AUTO-DISENGAGE: gear left Park (now D)
[2026-05-18 21:23:17.505] Husby was here, and we are ready to go
[2026-05-18 21:23:17.524] AUTO-DISENGAGE: gear left Park (now D)
[2026-05-18 21:23:17.524] Husby was here, and we are ready to go
[2026-05-18 21:23:17.544] AUTO-DISENGAGE: gear left Park (now D)
[2026-05-18 21:23:17.544] Husby was here, and we are ready to go
[2026-05-18 21:23:17.556] AUTO-DISENGAGE: gear left Park (now D)
[2026-05-18 21:23:17.556] Husby was here, and we are ready to go
[2026-05-18 21:23:17.563] AUTO-DISENGAGE: gear left Park (now D)
[2026-05-18 21:23:17.563] Husby was here, and we are ready to go
[2026-05-18 21:23:17.583] AUTO-DISENGAGE: gear left Park (now D)
[2026-05-18 21:23:17.583] Husby was here, and we are ready to go
[2026-05-18 21:23:17.604] AUTO-DISENGAGE: gear left Park (now D)
[2026-05-18 21:23:17.604] Husby was here, and we are ready to go
[2026-05-18 21:23:17.623] AUTO-DISENGAGE: gear left Park (now D)
[2026-05-18 21:23:17.623] Husby was here, and we are ready to go
[2026-05-18 21:23:17.643] AUTO-DISENGAGE: gear left Park (now D)
[2026-05-18 21:23:17.643] Husby was here, and we are ready to go
[2026-05-18 21:23:17.655] AUTO-DISENGAGE: gear left Park (now D)
[2026-05-18 21:23:17.655] Husby was here, and we are ready to go
[2026-05-18 21:23:17.662] AUTO-DISENGAGE: gear left Park (now D)
[2026-05-18 21:23:17.662] Husby was here, and we are ready to go
[2026-05-18 21:23:17.683] AUTO-DISENGAGE: gear left Park (now D)
[2026-05-18 21:23:17.683] Husby was here, and we are ready to go
[2026-05-18 21:23:17.705] AUTO-DISENGAGE: gear left Park (now D)
[2026-05-18 21:23:17.705] Husby was here, and we are ready to go
[2026-05-18 21:23:17.726] AUTO-DISENGAGE: gear left Park (now D)
[2026-05-18 21:23:17.727] Husby was here, and we are ready to go
[2026-05-18 21:23:17.745] AUTO-DISENGAGE: gear left Park (now D)
[2026-05-18 21:23:17.745] Husby was here, and we are ready to go
[2026-05-18 21:23:17.757] AUTO-DISENGAGE: gear left Park (now D)
[2026-05-18 21:23:17.757] Husby was here, and we are ready to go
[2026-05-18 21:23:17.763] AUTO-DISENGAGE: gear left Park (now D)
[2026-05-18 21:23:17.763] Husby was here, and we are ready to go
[2026-05-18 21:23:17.789] AUTO-DISENGAGE: gear left Park (now D)
[2026-05-18 21:23:17.789] Husby was here, and we are ready to go
[2026-05-18 21:23:17.803] AUTO-DISENGAGE: gear left Park (now D)
[2026-05-18 21:23:17.803] Husby was here, and we are ready to go
[2026-05-18 21:23:17.823] AUTO-DISENGAGE: gear left Park (now D)
[2026-05-18 21:23:17.824] Husby was here, and we are ready to go
[2026-05-18 21:23:17.843] AUTO-DISENGAGE: gear left Park (now D)
[2026-05-18 21:23:17.844] Husby was here, and we are ready to go
[2026-05-18 21:23:17.856] AUTO-DISENGAGE: gear left Park (now D)
[2026-05-18 21:23:17.856] Husby was here, and we are ready to go
[2026-05-18 21:23:17.863] AUTO-DISENGAGE: gear left Park (now D)
[2026-05-18 21:23:17.863] Husby was here, and we are ready to go
[2026-05-18 21:23:17.884] AUTO-DISENGAGE: gear left Park (now D)
[2026-05-18 21:23:17.884] Husby was here, and we are ready to go
[2026-05-18 21:23:17.903] AUTO-DISENGAGE: gear left Park (now D)
[2026-05-18 21:23:17.903] Husby was here, and we are ready to go
[2026-05-18 21:23:17.923] AUTO-DISENGAGE: gear left Park (now D)
[2026-05-18 21:23:17.924] Husby was here, and we are ready to go
[2026-05-18 21:23:17.943] AUTO-DISENGAGE: gear left Park (now D)
[2026-05-18 21:23:17.943] Husby was here, and we are ready to go
[2026-05-18 21:23:17.955] AUTO-DISENGAGE: gear left Park (now D)
[2026-05-18 21:23:17.955] Husby was here, and we are ready to go
[2026-05-18 21:23:17.962] AUTO-DISENGAGE: gear left Park (now D)
[2026-05-18 21:23:17.962] Husby was here, and we are ready to go
[2026-05-18 21:23:17.983] AUTO-DISENGAGE: gear left Park (now D)
[2026-05-18 21:23:17.983] Husby was here, and we are ready to go
[2026-05-18 21:23:18.004] AUTO-DISENGAGE: gear left Park (now D)
[2026-05-18 21:23:18.004] Husby was here, and we are ready to go
[2026-05-18 21:23:18.027] AUTO-DISENGAGE: gear left Park (now D)
[2026-05-18 21:23:18.027] Husby was here, and we are ready to go
[2026-05-18 21:23:18.046] AUTO-DISENGAGE: gear left Park (now D)
[2026-05-18 21:23:18.046] Husby was here, and we are ready to go
[2026-05-18 21:23:18.056] AUTO-DISENGAGE: gear left Park (now D)
[2026-05-18 21:23:18.056] Husby was here, and we are ready to go
[2026-05-18 21:23:18.064] AUTO-DISENGAGE: gear left Park (now D)
[2026-05-18 21:23:18.064] Husby was here, and we are ready to go
[2026-05-18 21:23:18.083] AUTO-DISENGAGE: gear left Park (now D)
[2026-05-18 21:23:18.084] Husby was here, and we are ready to go
[2026-05-18 21:23:18.103] AUTO-DISENGAGE: gear left Park (now D)
[2026-05-18 21:23:18.103] Husby was here, and we are ready to go
[2026-05-18 21:23:18.123] AUTO-DISENGAGE: gear left Park (now D)
[2026-05-18 21:23:18.123] Husby was here, and we are ready to go
[2026-05-18 21:23:18.144] AUTO-DISENGAGE: gear left Park (now D)
[2026-05-18 21:23:18.144] Husby was here, and we are ready to go
[2026-05-18 21:23:18.155] AUTO-DISENGAGE: gear left Park (now D)
[2026-05-18 21:23:18.155] Husby was here, and we are ready to go
[2026-05-18 21:23:18.162] AUTO-DISENGAGE: gear left Park (now D)
[2026-05-18 21:23:18.163] Husby was here, and we are ready to go
[2026-05-18 21:23:18.184] AUTO-DISENGAGE: gear left Park (now D)
[2026-05-18 21:23:18.184] Husby was here, and we are ready to go
[2026-05-18 21:23:18.204] AUTO-DISENGAGE: gear left Park (now D)
[2026-05-18 21:23:18.204] Husby was here, and we are ready to go
[2026-05-18 21:23:18.224] AUTO-DISENGAGE: gear left Park (now D)
[2026-05-18 21:23:18.224] Husby was here, and we are ready to go
[2026-05-18 21:23:18.243] AUTO-DISENGAGE: gear left Park (now D)
[2026-05-18 21:23:18.244] Husby was here, and we are ready to go
[2026-05-18 21:23:18.254] AUTO-DISENGAGE: gear left Park (now D)
[2026-05-18 21:23:18.254] Husby was here, and we are ready to go
[2026-05-18 21:23:18.264] AUTO-DISENGAGE: gear left Park (now D)
[2026-05-18 21:23:18.264] Husby was here, and we are ready to go
[2026-05-18 21:23:18.289] AUTO-DISENGAGE: gear left Park (now D)
[2026-05-18 21:23:18.290] Husby was here, and we are ready to go
[2026-05-18 21:23:18.304] AUTO-DISENGAGE: gear left Park (now D)
[2026-05-18 21:23:18.305] Husby was here, and we are ready to go
[2026-05-18 21:23:18.330] AUTO-DISENGAGE: gear left Park (now D)
[2026-05-18 21:23:18.331] Husby was here, and we are ready to go
[2026-05-18 21:23:18.345] AUTO-DISENGAGE: gear left Park (now D)
[2026-05-18 21:23:18.345] Husby was here, and we are ready to go
[2026-05-18 21:23:18.356] AUTO-DISENGAGE: gear left Park (now D)
[2026-05-18 21:23:18.357] Husby was here, and we are ready to go
[2026-05-18 21:23:18.364] AUTO-DISENGAGE: gear left Park (now D)
[2026-05-18 21:23:18.364] Husby was here, and we are ready to go
[2026-05-18 21:23:18.385] AUTO-DISENGAGE: gear left Park (now D)
[2026-05-18 21:23:18.385] Husby was here, and we are ready to go
[2026-05-18 21:23:18.407] AUTO-DISENGAGE: gear left Park (now D)
[2026-05-18 21:23:18.408] Husby was here, and we are ready to go
[2026-05-18 21:23:18.426] AUTO-DISENGAGE: gear left Park (now D)
[2026-05-18 21:23:18.426] Husby was here, and we are ready to go
[2026-05-18 21:23:18.446] AUTO-DISENGAGE: gear left Park (now D)
[2026-05-18 21:23:18.446] Husby was here, and we are ready to go
[2026-05-18 21:23:18.455] AUTO-DISENGAGE: gear left Park (now D)
[2026-05-18 21:23:18.455] Husby was here, and we are ready to go
[2026-05-18 21:23:18.464] AUTO-DISENGAGE: gear left Park (now D)
[2026-05-18 21:23:18.464] Husby was here, and we are ready to go
[2026-05-18 21:23:18.486] AUTO-DISENGAGE: gear left Park (now D)
[2026-05-18 21:23:18.486] Husby was here, and we are ready to go
[2026-05-18 21:23:18.506] AUTO-DISENGAGE: gear left Park (now D)
[2026-05-18 21:23:18.506] Husby was here, and we are ready to go
[2026-05-18 21:23:18.524] brake: PRESSED
[2026-05-18 21:23:18.525] AUTO-DISENGAGE: gear left Park (now D)
[2026-05-18 21:23:18.525] Husby was here, and we are ready to go
[2026-05-18 21:23:18.544] AUTO-DISENGAGE: gear left Park (now D)
[2026-05-18 21:23:18.544] Husby was here, and we are ready to go
[2026-05-18 21:23:18.555] AUTO-DISENGAGE: gear left Park (now D)
[2026-05-18 21:23:18.555] Husby was here, and we are ready to go
[2026-05-18 21:23:18.563] AUTO-DISENGAGE: gear left Park (now D)
[2026-05-18 21:23:18.564] Husby was here, and we are ready to go
[2026-05-18 21:23:18.584] AUTO-DISENGAGE: gear left Park (now D)
[2026-05-18 21:23:18.584] Husby was here, and we are ready to go
[2026-05-18 21:23:18.604] AUTO-DISENGAGE: gear left Park (now D)
[2026-05-18 21:23:18.605] Husby was here, and we are ready to go
[2026-05-18 21:23:18.626] AUTO-DISENGAGE: gear left Park (now D)
[2026-05-18 21:23:18.626] Husby was here, and we are ready to go
[2026-05-18 21:23:18.646] AUTO-DISENGAGE: gear left Park (now D)
[2026-05-18 21:23:18.646] Husby was here, and we are ready to go
[2026-05-18 21:23:18.654] AUTO-DISENGAGE: gear left Park (now D)
[2026-05-18 21:23:18.654] Husby was here, and we are ready to go
[2026-05-18 21:23:18.666] AUTO-DISENGAGE: gear left Park (now D)
[2026-05-18 21:23:18.666] Husby was here, and we are ready to go
[2026-05-18 21:23:18.686] AUTO-DISENGAGE: gear left Park (now D)
[2026-05-18 21:23:18.686] Husby was here, and we are ready to go
[2026-05-18 21:23:18.706] AUTO-DISENGAGE: gear left Park (now D)
[2026-05-18 21:23:18.706] Husby was here, and we are ready to go
[2026-05-18 21:23:18.726] AUTO-DISENGAGE: gear left Park (now D)
[2026-05-18 21:23:18.726] Husby was here, and we are ready to go
[2026-05-18 21:23:18.751] AUTO-DISENGAGE: gear left Park (now D)
[2026-05-18 21:23:18.751] Husby was here, and we are ready to go
[2026-05-18 21:23:18.754] AUTO-DISENGAGE: gear left Park (now D)
[2026-05-18 21:23:18.754] Husby was here, and we are ready to go
[2026-05-18 21:23:18.769] AUTO-DISENGAGE: gear left Park (now D)
[2026-05-18 21:23:18.769] Husby was here, and we are ready to go
[2026-05-18 21:23:18.789] AUTO-DISENGAGE: gear left Park (now D)
[2026-05-18 21:23:18.790] Husby was here, and we are ready to go
[2026-05-18 21:23:18.810] AUTO-DISENGAGE: gear left Park (now D)
[2026-05-18 21:23:18.810] Husby was here, and we are ready to go
[2026-05-18 21:23:18.826] AUTO-DISENGAGE: gear left Park (now D)
[2026-05-18 21:23:18.826] Husby was here, and we are ready to go
[2026-05-18 21:23:18.846] AUTO-DISENGAGE: gear left Park (now D)
[2026-05-18 21:23:18.846] Husby was here, and we are ready to go
[2026-05-18 21:23:18.856] AUTO-DISENGAGE: gear left Park (now D)
[2026-05-18 21:23:18.856] Husby was here, and we are ready to go
[2026-05-18 21:23:18.868] AUTO-DISENGAGE: gear left Park (now D)
[2026-05-18 21:23:18.868] Husby was here, and we are ready to go
[2026-05-18 21:23:18.887] AUTO-DISENGAGE: gear left Park (now D)
[2026-05-18 21:23:18.888] Husby was here, and we are ready to go
[2026-05-18 21:23:18.911] AUTO-DISENGAGE: gear left Park (now D)
[2026-05-18 21:23:18.912] Husby was here, and we are ready to go
[2026-05-18 21:23:18.929] AUTO-DISENGAGE: gear left Park (now D)
[2026-05-18 21:23:18.930] Husby was here, and we are ready to go
[2026-05-18 21:23:18.946] AUTO-DISENGAGE: gear left Park (now D)
[2026-05-18 21:23:18.946] Husby was here, and we are ready to go
[2026-05-18 21:23:18.955] AUTO-DISENGAGE: gear left Park (now D)
[2026-05-18 21:23:18.955] Husby was here, and we are ready to go
[2026-05-18 21:23:18.966] AUTO-DISENGAGE: gear left Park (now D)
[2026-05-18 21:23:18.966] Husby was here, and we are ready to go
[2026-05-18 21:23:18.986] AUTO-DISENGAGE: gear left Park (now D)
[2026-05-18 21:23:18.987] Husby was here, and we are ready to go
[2026-05-18 21:23:19.007] AUTO-DISENGAGE: gear left Park (now D)
[2026-05-18 21:23:19.008] Husby was here, and we are ready to go
[2026-05-18 21:23:19.027] AUTO-DISENGAGE: gear left Park (now D)
[2026-05-18 21:23:19.027] Husby was here, and we are ready to go
[2026-05-18 21:23:19.047] AUTO-DISENGAGE: gear left Park (now D)
[2026-05-18 21:23:19.047] Husby was here, and we are ready to go
[2026-05-18 21:23:19.055] AUTO-DISENGAGE: gear left Park (now D)
[2026-05-18 21:23:19.055] Husby was here, and we are ready to go
[2026-05-18 21:23:19.069] AUTO-DISENGAGE: gear left Park (now D)
[2026-05-18 21:23:19.070] Husby was here, and we are ready to go
[2026-05-18 21:23:19.087] AUTO-DISENGAGE: gear left Park (now D)
[2026-05-18 21:23:19.087] Husby was here, and we are ready to go
[2026-05-18 21:23:19.111] AUTO-DISENGAGE: gear left Park (now D)
[2026-05-18 21:23:19.111] Husby was here, and we are ready to go
[2026-05-18 21:23:19.126] AUTO-DISENGAGE: gear left Park (now D)
[2026-05-18 21:23:19.126] Husby was here, and we are ready to go
[2026-05-18 21:23:19.149] AUTO-DISENGAGE: gear left Park (now D)
[2026-05-18 21:23:19.149] Husby was here, and we are ready to go
[2026-05-18 21:23:19.154] AUTO-DISENGAGE: gear left Park (now D)
[2026-05-18 21:23:19.154] Husby was here, and we are ready to go
[2026-05-18 21:23:19.166] AUTO-DISENGAGE: gear left Park (now D)
[2026-05-18 21:23:19.166] Husby was here, and we are ready to go
[2026-05-18 21:23:19.186] AUTO-DISENGAGE: gear left Park (now D)
[2026-05-18 21:23:19.186] Husby was here, and we are ready to go
[2026-05-18 21:23:19.209] AUTO-DISENGAGE: gear left Park (now D)
[2026-05-18 21:23:19.209] Husby was here, and we are ready to go
[2026-05-18 21:23:19.227] AUTO-DISENGAGE: gear left Park (now D)
[2026-05-18 21:23:19.227] Husby was here, and we are ready to go
[2026-05-18 21:23:19.247] AUTO-DISENGAGE: gear left Park (now D)
[2026-05-18 21:23:19.247] Husby was here, and we are ready to go
[2026-05-18 21:23:19.255] AUTO-DISENGAGE: gear left Park (now D)
[2026-05-18 21:23:19.255] Husby was here, and we are ready to go
[2026-05-18 21:23:19.266] AUTO-DISENGAGE: gear left Park (now D)
[2026-05-18 21:23:19.266] Husby was here, and we are ready to go
[2026-05-18 21:23:19.293] AUTO-DISENGAGE: gear left Park (now D)
[2026-05-18 21:23:19.293] Husby was here, and we are ready to go
[2026-05-18 21:23:19.311] AUTO-DISENGAGE: gear left Park (now D)
[2026-05-18 21:23:19.311] Husby was here, and we are ready to go
[2026-05-18 21:23:19.331] AUTO-DISENGAGE: gear left Park (now D)
[2026-05-18 21:23:19.331] Husby was here, and we are ready to go
[2026-05-18 21:23:19.350] AUTO-DISENGAGE: gear left Park (now D)
[2026-05-18 21:23:19.350] Husby was here, and we are ready to go
[2026-05-18 21:23:19.354] AUTO-DISENGAGE: gear left Park (now D)
[2026-05-18 21:23:19.354] Husby was here, and we are ready to go
[2026-05-18 21:23:19.371] AUTO-DISENGAGE: gear left Park (now D)
[2026-05-18 21:23:19.371] Husby was here, and we are ready to go
[2026-05-18 21:23:19.391] AUTO-DISENGAGE: gear left Park (now D)
[2026-05-18 21:23:19.391] Husby was here, and we are ready to go
[2026-05-18 21:23:19.411] AUTO-DISENGAGE: gear left Park (now D)
[2026-05-18 21:23:19.411] Husby was here, and we are ready to go
[2026-05-18 21:23:19.430] AUTO-DISENGAGE: gear left Park (now D)
[2026-05-18 21:23:19.430] Husby was here, and we are ready to go
[2026-05-18 21:23:19.450] AUTO-DISENGAGE: gear left Park (now D)
[2026-05-18 21:23:19.450] Husby was here, and we are ready to go
[2026-05-18 21:23:19.454] AUTO-DISENGAGE: gear left Park (now D)
[2026-05-18 21:23:19.454] Husby was here, and we are ready to go
[2026-05-18 21:23:19.470] AUTO-DISENGAGE: gear left Park (now D)
[2026-05-18 21:23:19.470] Husby was here, and we are ready to go
[2026-05-18 21:23:19.490] AUTO-DISENGAGE: gear left Park (now D)
[2026-05-18 21:23:19.490] Husby was here, and we are ready to go
[2026-05-18 21:23:19.518] AUTO-DISENGAGE: gear left Park (now D)
[2026-05-18 21:23:19.518] Husby was here, and we are ready to go
[2026-05-18 21:23:19.537] AUTO-DISENGAGE: gear left Park (now D)
[2026-05-18 21:23:19.537] Husby was here, and we are ready to go
[2026-05-18 21:23:19.555] AUTO-DISENGAGE: gear left Park (now D)
[2026-05-18 21:23:19.555] Husby was here, and we are ready to go
[2026-05-18 21:23:19.556] AUTO-DISENGAGE: gear left Park (now D)
[2026-05-18 21:23:19.556] Husby was here, and we are ready to go
[2026-05-18 21:23:19.583] AUTO-DISENGAGE: gear left Park (now D)
[2026-05-18 21:23:19.583] Husby was here, and we are ready to go
[2026-05-18 21:23:19.606] AUTO-DISENGAGE: gear left Park (now D)
[2026-05-18 21:23:19.607] Husby was here, and we are ready to go
[2026-05-18 21:23:19.623] AUTO-DISENGAGE: gear left Park (now D)
[2026-05-18 21:23:19.624] Husby was here, and we are ready to go
[2026-05-18 21:23:19.648] AUTO-DISENGAGE: gear left Park (now D)
[2026-05-18 21:23:19.649] Husby was here, and we are ready to go
[2026-05-18 21:23:19.656] AUTO-DISENGAGE: gear left Park (now D)
[2026-05-18 21:23:19.657] Husby was here, and we are ready to go
[2026-05-18 21:23:19.662] AUTO-DISENGAGE: gear left Park (now D)
[2026-05-18 21:23:19.662] Husby was here, and we are ready to go
[2026-05-18 21:23:19.684] AUTO-DISENGAGE: gear left Park (now D)
[2026-05-18 21:23:19.684] Husby was here, and we are ready to go
[2026-05-18 21:23:19.703] AUTO-DISENGAGE: gear left Park (now D)
[2026-05-18 21:23:19.704] Husby was here, and we are ready to go
[2026-05-18 21:23:19.723] AUTO-DISENGAGE: gear left Park (now D)
[2026-05-18 21:23:19.724] Husby was here, and we are ready to go
[2026-05-18 21:23:19.745] AUTO-DISENGAGE: gear left Park (now D)
[2026-05-18 21:23:19.745] Husby was here, and we are ready to go
[2026-05-18 21:23:19.755] AUTO-DISENGAGE: gear left Park (now D)
[2026-05-18 21:23:19.755] Husby was here, and we are ready to go
[2026-05-18 21:23:19.762] AUTO-DISENGAGE: gear left Park (now D)
[2026-05-18 21:23:19.762] Husby was here, and we are ready to go
[2026-05-18 21:23:19.784] AUTO-DISENGAGE: gear left Park (now D)
[2026-05-18 21:23:19.784] Husby was here, and we are ready to go
[2026-05-18 21:23:19.803] AUTO-DISENGAGE: gear left Park (now D)
[2026-05-18 21:23:19.803] Husby was here, and we are ready to go
[2026-05-18 21:23:19.824] AUTO-DISENGAGE: gear left Park (now D)
[2026-05-18 21:23:19.825] Husby was here, and we are ready to go
[2026-05-18 21:23:19.843] AUTO-DISENGAGE: gear left Park (now D)
[2026-05-18 21:23:19.843] Husby was here, and we are ready to go
[2026-05-18 21:23:19.855] AUTO-DISENGAGE: gear left Park (now D)
[2026-05-18 21:23:19.856] Husby was here, and we are ready to go
[2026-05-18 21:23:19.862] AUTO-DISENGAGE: gear left Park (now D)
[2026-05-18 21:23:19.862] Husby was here, and we are ready to go
[2026-05-18 21:23:19.883] AUTO-DISENGAGE: gear left Park (now D)
[2026-05-18 21:23:19.883] Husby was here, and we are ready to go
[2026-05-18 21:23:19.903] AUTO-DISENGAGE: gear left Park (now D)
[2026-05-18 21:23:19.903] Husby was here, and we are ready to go
[2026-05-18 21:23:19.924] AUTO-DISENGAGE: gear left Park (now D)
[2026-05-18 21:23:19.924] Husby was here, and we are ready to go
[2026-05-18 21:23:19.943] AUTO-DISENGAGE: gear left Park (now D)
[2026-05-18 21:23:19.943] Husby was here, and we are ready to go
[2026-05-18 21:23:19.955] AUTO-DISENGAGE: gear left Park (now D)
[2026-05-18 21:23:19.955] Husby was here, and we are ready to go
[2026-05-18 21:23:19.962] AUTO-DISENGAGE: gear left Park (now D)
[2026-05-18 21:23:19.962] Husby was here, and we are ready to go
[2026-05-18 21:23:19.983] AUTO-DISENGAGE: gear left Park (now D)
[2026-05-18 21:23:19.983] Husby was here, and we are ready to go
[2026-05-18 21:23:20.003] brake: released
[2026-05-18 21:23:20.003] AUTO-DISENGAGE: gear left Park (now D)
[2026-05-18 21:23:20.003] Husby was here, and we are ready to go
[2026-05-18 21:23:20.022] AUTO-DISENGAGE: gear left Park (now D)
[2026-05-18 21:23:20.023] Husby was here, and we are ready to go
[2026-05-18 21:23:20.043] AUTO-DISENGAGE: gear left Park (now D)
[2026-05-18 21:23:20.043] Husby was here, and we are ready to go
[2026-05-18 21:23:20.058] AUTO-DISENGAGE: gear left Park (now D)
[2026-05-18 21:23:20.058] Husby was here, and we are ready to go
[2026-05-18 21:23:20.063] AUTO-DISENGAGE: gear left Park (now D)
[2026-05-18 21:23:20.063] Husby was here, and we are ready to go
[2026-05-18 21:23:20.085] AUTO-DISENGAGE: gear left Park (now D)
[2026-05-18 21:23:20.085] Husby was here, and we are ready to go
[2026-05-18 21:23:20.105] AUTO-DISENGAGE: gear left Park (now D)
[2026-05-18 21:23:20.106] Husby was here, and we are ready to go
[2026-05-18 21:23:20.123] AUTO-DISENGAGE: gear left Park (now D)
[2026-05-18 21:23:20.123] Husby was here, and we are ready to go
[2026-05-18 21:23:20.143] AUTO-DISENGAGE: gear left Park (now D)
[2026-05-18 21:23:20.144] Husby was here, and we are ready to go
[2026-05-18 21:23:20.155] AUTO-DISENGAGE: gear left Park (now D)
[2026-05-18 21:23:20.155] Husby was here, and we are ready to go
[2026-05-18 21:23:20.162] AUTO-DISENGAGE: gear left Park (now D)
[2026-05-18 21:23:20.163] Husby was here, and we are ready to go
[2026-05-18 21:23:20.183] AUTO-DISENGAGE: gear left Park (now D)
[2026-05-18 21:23:20.183] Husby was here, and we are ready to go
[2026-05-18 21:23:20.203] AUTO-DISENGAGE: gear left Park (now D)
[2026-05-18 21:23:20.203] Husby was here, and we are ready to go
[2026-05-18 21:23:20.223] AUTO-DISENGAGE: gear left Park (now D)
[2026-05-18 21:23:20.223] Husby was here, and we are ready to go
[2026-05-18 21:23:20.249] AUTO-DISENGAGE: gear left Park (now D)
[2026-05-18 21:23:20.250] Husby was here, and we are ready to go
[2026-05-18 21:23:20.254] AUTO-DISENGAGE: gear left Park (now D)
[2026-05-18 21:23:20.255] Husby was here, and we are ready to go
[2026-05-18 21:23:20.263] AUTO-DISENGAGE: gear left Park (now D)
[2026-05-18 21:23:20.263] Husby was here, and we are ready to go
[2026-05-18 21:23:20.288] AUTO-DISENGAGE: gear left Park (now D)
[2026-05-18 21:23:20.289] Husby was here, and we are ready to go
[2026-05-18 21:23:20.304] AUTO-DISENGAGE: gear left Park (now D)
[2026-05-18 21:23:20.304] Husby was here, and we are ready to go
[2026-05-18 21:23:20.326] AUTO-DISENGAGE: gear left Park (now D)
[2026-05-18 21:23:20.326] Husby was here, and we are ready to go
[2026-05-18 21:23:20.344] AUTO-DISENGAGE: gear left Park (now D)
[2026-05-18 21:23:20.344] Husby was here, and we are ready to go
[2026-05-18 21:23:20.356] AUTO-DISENGAGE: gear left Park (now D)
[2026-05-18 21:23:20.356] Husby was here, and we are ready to go
[2026-05-18 21:23:20.362] AUTO-DISENGAGE: gear left Park (now D)
[2026-05-18 21:23:20.363] Husby was here, and we are ready to go
[2026-05-18 21:23:20.384] AUTO-DISENGAGE: gear left Park (now D)
[2026-05-18 21:23:20.385] Husby was here, and we are ready to go
[2026-05-18 21:23:20.408] AUTO-DISENGAGE: gear left Park (now D)
[2026-05-18 21:23:20.409] Husby was here, and we are ready to go
[2026-05-18 21:23:20.423] AUTO-DISENGAGE: gear left Park (now D)
[2026-05-18 21:23:20.423] Husby was here, and we are ready to go
[2026-05-18 21:23:20.448] AUTO-DISENGAGE: gear left Park (now D)
[2026-05-18 21:23:20.448] Husby was here, and we are ready to go
[2026-05-18 21:23:20.454] AUTO-DISENGAGE: gear left Park (now D)
[2026-05-18 21:23:20.455] Husby was here, and we are ready to go
[2026-05-18 21:23:20.463] AUTO-DISENGAGE: gear left Park (now D)
[2026-05-18 21:23:20.463] Husby was here, and we are ready to go
[2026-05-18 21:23:20.484] AUTO-DISENGAGE: gear left Park (now D)
[2026-05-18 21:23:20.484] Husby was here, and we are ready to go
[2026-05-18 21:23:20.502] brake: PRESSED
[2026-05-18 21:23:20.503] AUTO-DISENGAGE: gear left Park (now D)
[2026-05-18 21:23:20.503] Husby was here, and we are ready to go
[2026-05-18 21:23:20.522] AUTO-DISENGAGE: gear left Park (now D)
[2026-05-18 21:23:20.522] Husby was here, and we are ready to go
[2026-05-18 21:23:20.543] AUTO-DISENGAGE: gear left Park (now D)
[2026-05-18 21:23:20.543] Husby was here, and we are ready to go
[2026-05-18 21:23:20.554] AUTO-DISENGAGE: gear left Park (now D)
[2026-05-18 21:23:20.554] Husby was here, and we are ready to go
[2026-05-18 21:23:20.562] AUTO-DISENGAGE: gear left Park (now D)
[2026-05-18 21:23:20.562] Husby was here, and we are ready to go
[2026-05-18 21:23:20.582] AUTO-DISENGAGE: gear left Park (now D)
[2026-05-18 21:23:20.582] Husby was here, and we are ready to go
[2026-05-18 21:23:20.603] AUTO-DISENGAGE: gear left Park (now D)
[2026-05-18 21:23:20.603] Husby was here, and we are ready to go
[2026-05-18 21:23:20.623] AUTO-DISENGAGE: gear left Park (now D)
[2026-05-18 21:23:20.623] Husby was here, and we are ready to go
[2026-05-18 21:23:20.643] AUTO-DISENGAGE: gear left Park (now D)
[2026-05-18 21:23:20.643] Husby was here, and we are ready to go
[2026-05-18 21:23:20.655] AUTO-DISENGAGE: gear left Park (now D)
[2026-05-18 21:23:20.655] Husby was here, and we are ready to go
[2026-05-18 21:23:20.663] AUTO-DISENGAGE: gear left Park (now D)
[2026-05-18 21:23:20.663] Husby was here, and we are ready to go
[2026-05-18 21:23:20.684] AUTO-DISENGAGE: gear left Park (now D)
[2026-05-18 21:23:20.684] Husby was here, and we are ready to go
[2026-05-18 21:23:20.703] AUTO-DISENGAGE: gear left Park (now D)
[2026-05-18 21:23:20.703] Husby was here, and we are ready to go
[2026-05-18 21:23:20.723] AUTO-DISENGAGE: gear left Park (now D)
[2026-05-18 21:23:20.723] Husby was here, and we are ready to go
[2026-05-18 21:23:20.744] AUTO-DISENGAGE: gear left Park (now D)
[2026-05-18 21:23:20.744] Husby was here, and we are ready to go
[2026-05-18 21:23:20.758] AUTO-DISENGAGE: gear left Park (now D)
[2026-05-18 21:23:20.759] Husby was here, and we are ready to go
[2026-05-18 21:23:20.762] AUTO-DISENGAGE: gear left Park (now D)
[2026-05-18 21:23:20.762] Husby was here, and we are ready to go
[2026-05-18 21:23:20.786] AUTO-DISENGAGE: gear left Park (now D)
[2026-05-18 21:23:20.786] Husby was here, and we are ready to go
[2026-05-18 21:23:20.807] AUTO-DISENGAGE: gear left Park (now D)
[2026-05-18 21:23:20.807] Husby was here, and we are ready to go
[2026-05-18 21:23:20.824] AUTO-DISENGAGE: gear left Park (now D)
[2026-05-18 21:23:20.824] Husby was here, and we are ready to go
[2026-05-18 21:23:20.844] AUTO-DISENGAGE: gear left Park (now D)
[2026-05-18 21:23:20.844] Husby was here, and we are ready to go
[2026-05-18 21:23:20.856] AUTO-DISENGAGE: gear left Park (now D)
[2026-05-18 21:23:20.857] Husby was here, and we are ready to go
[2026-05-18 21:23:20.862] AUTO-DISENGAGE: gear left Park (now D)
[2026-05-18 21:23:20.862] Husby was here, and we are ready to go
[2026-05-18 21:23:20.884] AUTO-DISENGAGE: gear left Park (now D)
[2026-05-18 21:23:20.884] Husby was here, and we are ready to go
[2026-05-18 21:23:20.904] AUTO-DISENGAGE: gear left Park (now D)
[2026-05-18 21:23:20.904] Husby was here, and we are ready to go
[2026-05-18 21:23:20.923] AUTO-DISENGAGE: gear left Park (now D)
[2026-05-18 21:23:20.924] Husby was here, and we are ready to go
[2026-05-18 21:23:20.945] AUTO-DISENGAGE: gear left Park (now D)
[2026-05-18 21:23:20.945] Husby was here, and we are ready to go
[2026-05-18 21:23:20.957] AUTO-DISENGAGE: gear left Park (now D)
[2026-05-18 21:23:20.957] Husby was here, and we are ready to go
[2026-05-18 21:23:20.963] AUTO-DISENGAGE: gear left Park (now D)
[2026-05-18 21:23:20.963] Husby was here, and we are ready to go
[2026-05-18 21:23:20.985] AUTO-DISENGAGE: gear left Park (now D)
[2026-05-18 21:23:20.985] Husby was here, and we are ready to go
[2026-05-18 21:23:21.004] AUTO-DISENGAGE: gear left Park (now D)
[2026-05-18 21:23:21.004] Husby was here, and we are ready to go
[2026-05-18 21:23:21.024] AUTO-DISENGAGE: gear left Park (now D)
[2026-05-18 21:23:21.024] Husby was here, and we are ready to go
[2026-05-18 21:23:21.052] AUTO-DISENGAGE: gear left Park (now D)
[2026-05-18 21:23:21.052] Husby was here, and we are ready to go
[2026-05-18 21:23:21.054] AUTO-DISENGAGE: gear left Park (now D)
[2026-05-18 21:23:21.054] Husby was here, and we are ready to go
[2026-05-18 21:23:21.070] AUTO-DISENGAGE: gear left Park (now D)
[2026-05-18 21:23:21.071] Husby was here, and we are ready to go
[2026-05-18 21:23:21.089] AUTO-DISENGAGE: gear left Park (now D)
[2026-05-18 21:23:21.089] Husby was here, and we are ready to go
[2026-05-18 21:23:21.109] AUTO-DISENGAGE: gear left Park (now D)
[2026-05-18 21:23:21.109] Husby was here, and we are ready to go
[2026-05-18 21:23:21.129] AUTO-DISENGAGE: gear left Park (now D)
[2026-05-18 21:23:21.129] Husby was here, and we are ready to go
[2026-05-18 21:23:21.149] AUTO-DISENGAGE: gear left Park (now D)
[2026-05-18 21:23:21.149] Husby was here, and we are ready to go
[2026-05-18 21:23:21.154] AUTO-DISENGAGE: gear left Park (now D)
[2026-05-18 21:23:21.154] Husby was here, and we are ready to go
[2026-05-18 21:23:21.168] AUTO-DISENGAGE: gear left Park (now D)
[2026-05-18 21:23:21.169] Husby was here, and we are ready to go
[2026-05-18 21:23:21.189] AUTO-DISENGAGE: gear left Park (now D)
[2026-05-18 21:23:21.189] Husby was here, and we are ready to go
[2026-05-18 21:23:21.208] AUTO-DISENGAGE: gear left Park (now D)
[2026-05-18 21:23:21.209] Husby was here, and we are ready to go
[2026-05-18 21:23:21.231] AUTO-DISENGAGE: gear left Park (now D)
[2026-05-18 21:23:21.231] Husby was here, and we are ready to go
[2026-05-18 21:23:21.252] AUTO-DISENGAGE: gear left Park (now D)
[2026-05-18 21:23:21.252] Husby was here, and we are ready to go
[2026-05-18 21:23:21.254] AUTO-DISENGAGE: gear left Park (now D)
[2026-05-18 21:23:21.254] Husby was here, and we are ready to go
[2026-05-18 21:23:21.271] AUTO-DISENGAGE: gear left Park (now D)
[2026-05-18 21:23:21.271] Husby was here, and we are ready to go
[2026-05-18 21:23:21.290] AUTO-DISENGAGE: gear left Park (now D)
[2026-05-18 21:23:21.290] Husby was here, and we are ready to go
[2026-05-18 21:23:21.311] AUTO-DISENGAGE: gear left Park (now D)
[2026-05-18 21:23:21.311] Husby was here, and we are ready to go
[2026-05-18 21:23:21.330] AUTO-DISENGAGE: gear left Park (now D)
[2026-05-18 21:23:21.330] Husby was here, and we are ready to go
[2026-05-18 21:23:21.351] AUTO-DISENGAGE: gear left Park (now D)
[2026-05-18 21:23:21.351] Husby was here, and we are ready to go
[2026-05-18 21:23:21.354] AUTO-DISENGAGE: gear left Park (now D)
[2026-05-18 21:23:21.355] Husby was here, and we are ready to go
[2026-05-18 21:23:21.371] AUTO-DISENGAGE: gear left Park (now D)
[2026-05-18 21:23:21.371] Husby was here, and we are ready to go
[2026-05-18 21:23:21.389] AUTO-DISENGAGE: gear left Park (now D)
[2026-05-18 21:23:21.390] Husby was here, and we are ready to go
[2026-05-18 21:23:21.410] AUTO-DISENGAGE: gear left Park (now D)
[2026-05-18 21:23:21.410] Husby was here, and we are ready to go
[2026-05-18 21:23:21.429] AUTO-DISENGAGE: gear left Park (now D)
[2026-05-18 21:23:21.430] Husby was here, and we are ready to go
[2026-05-18 21:23:21.453] AUTO-DISENGAGE: gear left Park (now D)
[2026-05-18 21:23:21.453] Husby was here, and we are ready to go
[2026-05-18 21:23:21.454] AUTO-DISENGAGE: gear left Park (now D)
[2026-05-18 21:23:21.454] Husby was here, and we are ready to go
[2026-05-18 21:23:21.470] AUTO-DISENGAGE: gear left Park (now D)
[2026-05-18 21:23:21.470] Husby was here, and we are ready to go
[2026-05-18 21:23:21.490] AUTO-DISENGAGE: gear left Park (now D)
[2026-05-18 21:23:21.490] Husby was here, and we are ready to go
[2026-05-18 21:23:21.509] AUTO-DISENGAGE: gear left Park (now D)
[2026-05-18 21:23:21.510] Husby was here, and we are ready to go
[2026-05-18 21:23:21.529] AUTO-DISENGAGE: gear left Park (now D)
[2026-05-18 21:23:21.529] Husby was here, and we are ready to go
[2026-05-18 21:23:21.551] AUTO-DISENGAGE: gear left Park (now D)
[2026-05-18 21:23:21.551] Husby was here, and we are ready to go
[2026-05-18 21:23:21.554] AUTO-DISENGAGE: gear left Park (now D)
[2026-05-18 21:23:21.554] Husby was here, and we are ready to go
[2026-05-18 21:23:21.569] AUTO-DISENGAGE: gear left Park (now D)
[2026-05-18 21:23:21.569] Husby was here, and we are ready to go
[2026-05-18 21:23:21.589] AUTO-DISENGAGE: gear left Park (now D)
[2026-05-18 21:23:21.589] Husby was here, and we are ready to go
[2026-05-18 21:23:21.610] AUTO-DISENGAGE: gear left Park (now D)
[2026-05-18 21:23:21.610] Husby was here, and we are ready to go
[2026-05-18 21:23:21.630] AUTO-DISENGAGE: gear left Park (now D)
[2026-05-18 21:23:21.630] Husby was here, and we are ready to go
[2026-05-18 21:23:21.649] AUTO-DISENGAGE: gear left Park (now D)
[2026-05-18 21:23:21.649] Husby was here, and we are ready to go
[2026-05-18 21:23:21.654] AUTO-DISENGAGE: gear left Park (now D)
[2026-05-18 21:23:21.654] Husby was here, and we are ready to go
[2026-05-18 21:23:21.669] AUTO-DISENGAGE: gear left Park (now D)
[2026-05-18 21:23:21.669] Husby was here, and we are ready to go
[2026-05-18 21:23:21.689] AUTO-DISENGAGE: gear left Park (now D)
[2026-05-18 21:23:21.690] Husby was here, and we are ready to go
[2026-05-18 21:23:21.710] AUTO-DISENGAGE: gear left Park (now D)
[2026-05-18 21:23:21.710] Husby was here, and we are ready to go
[2026-05-18 21:23:21.729] AUTO-DISENGAGE: gear left Park (now D)
[2026-05-18 21:23:21.729] Husby was here, and we are ready to go
[2026-05-18 21:23:21.749] AUTO-DISENGAGE: gear left Park (now D)
[2026-05-18 21:23:21.749] Husby was here, and we are ready to go
[2026-05-18 21:23:21.754] AUTO-DISENGAGE: gear left Park (now D)
[2026-05-18 21:23:21.755] Husby was here, and we are ready to go
[2026-05-18 21:23:21.769] AUTO-DISENGAGE: gear left Park (now D)
[2026-05-18 21:23:21.769] Husby was here, and we are ready to go
[2026-05-18 21:23:21.789] AUTO-DISENGAGE: gear left Park (now D)
[2026-05-18 21:23:21.790] Husby was here, and we are ready to go
[2026-05-18 21:23:21.810] AUTO-DISENGAGE: gear left Park (now D)
[2026-05-18 21:23:21.810] Husby was here, and we are ready to go
[2026-05-18 21:23:21.828] AUTO-DISENGAGE: gear left Park (now D)
[2026-05-18 21:23:21.829] Husby was here, and we are ready to go
[2026-05-18 21:23:21.848] AUTO-DISENGAGE: gear left Park (now D)
[2026-05-18 21:23:21.848] Husby was here, and we are ready to go
[2026-05-18 21:23:21.855] AUTO-DISENGAGE: gear left Park (now D)
[2026-05-18 21:23:21.855] Husby was here, and we are ready to go
[2026-05-18 21:23:21.870] AUTO-DISENGAGE: gear left Park (now D)
[2026-05-18 21:23:21.871] Husby was here, and we are ready to go
[2026-05-18 21:23:21.889] AUTO-DISENGAGE: gear left Park (now D)
[2026-05-18 21:23:21.890] Husby was here, and we are ready to go
[2026-05-18 21:23:21.912] AUTO-DISENGAGE: gear left Park (now D)
[2026-05-18 21:23:21.912] Husby was here, and we are ready to go
[2026-05-18 21:23:21.930] AUTO-DISENGAGE: gear left Park (now D)
[2026-05-18 21:23:21.930] Husby was here, and we are ready to go
[2026-05-18 21:23:21.949] AUTO-DISENGAGE: gear left Park (now D)
[2026-05-18 21:23:21.949] Husby was here, and we are ready to go
[2026-05-18 21:23:21.954] AUTO-DISENGAGE: gear left Park (now D)
[2026-05-18 21:23:21.954] Husby was here, and we are ready to go
[2026-05-18 21:23:21.969] AUTO-DISENGAGE: gear left Park (now D)
[2026-05-18 21:23:21.969] Husby was here, and we are ready to go
[2026-05-18 21:23:21.988] AUTO-DISENGAGE: gear left Park (now D)
[2026-05-18 21:23:21.988] Husby was here, and we are ready to go
[2026-05-18 21:23:22.011] AUTO-DISENGAGE: gear left Park (now D)
[2026-05-18 21:23:22.011] Husby was here, and we are ready to go
[2026-05-18 21:23:22.029] AUTO-DISENGAGE: gear left Park (now D)
[2026-05-18 21:23:22.029] Husby was here, and we are ready to go
[2026-05-18 21:23:22.049] AUTO-DISENGAGE: gear left Park (now D)
[2026-05-18 21:23:22.049] Husby was here, and we are ready to go
[2026-05-18 21:23:22.054] AUTO-DISENGAGE: gear left Park (now D)
[2026-05-18 21:23:22.054] Husby was here, and we are ready to go
[2026-05-18 21:23:22.069] AUTO-DISENGAGE: gear left Park (now D)
[2026-05-18 21:23:22.069] Husby was here, and we are ready to go
[2026-05-18 21:23:22.088] AUTO-DISENGAGE: gear left Park (now D)
[2026-05-18 21:23:22.088] Husby was here, and we are ready to go
[2026-05-18 21:23:22.109] AUTO-DISENGAGE: gear left Park (now D)
[2026-05-18 21:23:22.109] Husby was here, and we are ready to go
[2026-05-18 21:23:22.128] AUTO-DISENGAGE: gear left Park (now D)
[2026-05-18 21:23:22.128] Husby was here, and we are ready to go
[2026-05-18 21:23:22.148] AUTO-DISENGAGE: gear left Park (now D)
[2026-05-18 21:23:22.148] Husby was here, and we are ready to go
[2026-05-18 21:23:22.154] AUTO-DISENGAGE: gear left Park (now D)
[2026-05-18 21:23:22.154] Husby was here, and we are ready to go
[2026-05-18 21:23:22.168] AUTO-DISENGAGE: gear left Park (now D)
[2026-05-18 21:23:22.168] Husby was here, and we are ready to go
[2026-05-18 21:23:22.188] AUTO-DISENGAGE: gear left Park (now D)
[2026-05-18 21:23:22.188] Husby was here, and we are ready to go
[2026-05-18 21:23:22.209] AUTO-DISENGAGE: gear left Park (now D)
[2026-05-18 21:23:22.209] Husby was here, and we are ready to go
[2026-05-18 21:23:22.229] AUTO-DISENGAGE: gear left Park (now D)
[2026-05-18 21:23:22.230] Husby was here, and we are ready to go
[2026-05-18 21:23:22.250] AUTO-DISENGAGE: gear left Park (now D)
[2026-05-18 21:23:22.250] Husby was here, and we are ready to go
[2026-05-18 21:23:22.254] AUTO-DISENGAGE: gear left Park (now D)
[2026-05-18 21:23:22.254] Husby was here, and we are ready to go
[2026-05-18 21:23:22.270] AUTO-DISENGAGE: gear left Park (now D)
[2026-05-18 21:23:22.271] Husby was here, and we are ready to go
[2026-05-18 21:23:22.290] AUTO-DISENGAGE: gear left Park (now D)
[2026-05-18 21:23:22.290] Husby was here, and we are ready to go
[2026-05-18 21:23:22.309] AUTO-DISENGAGE: gear left Park (now D)
[2026-05-18 21:23:22.309] Husby was here, and we are ready to go
[2026-05-18 21:23:22.329] AUTO-DISENGAGE: gear left Park (now D)
[2026-05-18 21:23:22.329] Husby was here, and we are ready to go
[2026-05-18 21:23:22.351] AUTO-DISENGAGE: gear left Park (now D)
[2026-05-18 21:23:22.351] Husby was here, and we are ready to go
[2026-05-18 21:23:22.354] AUTO-DISENGAGE: gear left Park (now D)
[2026-05-18 21:23:22.354] Husby was here, and we are ready to go
[2026-05-18 21:23:22.370] AUTO-DISENGAGE: gear left Park (now D)
[2026-05-18 21:23:22.371] Husby was here, and we are ready to go
[2026-05-18 21:23:22.389] AUTO-DISENGAGE: gear left Park (now D)
[2026-05-18 21:23:22.389] Husby was here, and we are ready to go
[2026-05-18 21:23:22.412] AUTO-DISENGAGE: gear left Park (now D)
[2026-05-18 21:23:22.412] Husby was here, and we are ready to go
[2026-05-18 21:23:22.429] AUTO-DISENGAGE: gear left Park (now D)
[2026-05-18 21:23:22.430] Husby was here, and we are ready to go
[2026-05-18 21:23:22.449] AUTO-DISENGAGE: gear left Park (now D)
[2026-05-18 21:23:22.450] Husby was here, and we are ready to go
[2026-05-18 21:23:22.454] AUTO-DISENGAGE: gear left Park (now D)
[2026-05-18 21:23:22.455] Husby was here, and we are ready to go
[2026-05-18 21:23:22.471] AUTO-DISENGAGE: gear left Park (now D)
[2026-05-18 21:23:22.471] Husby was here, and we are ready to go
[2026-05-18 21:23:22.490] AUTO-DISENGAGE: gear left Park (now D)
[2026-05-18 21:23:22.491] Husby was here, and we are ready to go
[2026-05-18 21:23:22.509] AUTO-DISENGAGE: gear left Park (now D)
[2026-05-18 21:23:22.509] Husby was here, and we are ready to go
[2026-05-18 21:23:22.531] AUTO-DISENGAGE: gear left Park (now D)
[2026-05-18 21:23:22.531] Husby was here, and we are ready to go
[2026-05-18 21:23:22.549] AUTO-DISENGAGE: gear left Park (now D)
[2026-05-18 21:23:22.549] Husby was here, and we are ready to go
[2026-05-18 21:23:22.554] AUTO-DISENGAGE: gear left Park (now D)
[2026-05-18 21:23:22.554] Husby was here, and we are ready to go
[2026-05-18 21:23:22.569] AUTO-DISENGAGE: gear left Park (now D)
[2026-05-18 21:23:22.570] Husby was here, and we are ready to go
[2026-05-18 21:23:22.590] AUTO-DISENGAGE: gear left Park (now D)
[2026-05-18 21:23:22.590] Husby was here, and we are ready to go
[2026-05-18 21:23:22.610] AUTO-DISENGAGE: gear left Park (now D)
[2026-05-18 21:23:22.610] Husby was here, and we are ready to go
[2026-05-18 21:23:22.631] AUTO-DISENGAGE: gear left Park (now D)
[2026-05-18 21:23:22.632] Husby was here, and we are ready to go
[2026-05-18 21:23:22.651] AUTO-DISENGAGE: gear left Park (now D)
[2026-05-18 21:23:22.651] Husby was here, and we are ready to go
[2026-05-18 21:23:22.654] AUTO-DISENGAGE: gear left Park (now D)
[2026-05-18 21:23:22.654] Husby was here, and we are ready to go
[2026-05-18 21:23:22.669] AUTO-DISENGAGE: gear left Park (now D)
[2026-05-18 21:23:22.669] Husby was here, and we are ready to go
[2026-05-18 21:23:22.689] AUTO-DISENGAGE: gear left Park (now D)
[2026-05-18 21:23:22.689] Husby was here, and we are ready to go
[2026-05-18 21:23:22.711] AUTO-DISENGAGE: gear left Park (now D)
[2026-05-18 21:23:22.711] Husby was here, and we are ready to go
[2026-05-18 21:23:22.730] AUTO-DISENGAGE: gear left Park (now D)
[2026-05-18 21:23:22.730] Husby was here, and we are ready to go
[2026-05-18 21:23:22.752] AUTO-DISENGAGE: gear left Park (now D)
[2026-05-18 21:23:22.752] Husby was here, and we are ready to go
[2026-05-18 21:23:22.754] AUTO-DISENGAGE: gear left Park (now D)
[2026-05-18 21:23:22.755] Husby was here, and we are ready to go
[2026-05-18 21:23:22.770] AUTO-DISENGAGE: gear left Park (now D)
[2026-05-18 21:23:22.770] Husby was here, and we are ready to go
[2026-05-18 21:23:22.790] AUTO-DISENGAGE: gear left Park (now D)
[2026-05-18 21:23:22.790] Husby was here, and we are ready to go
[2026-05-18 21:23:22.811] AUTO-DISENGAGE: gear left Park (now D)
[2026-05-18 21:23:22.811] Husby was here, and we are ready to go
[2026-05-18 21:23:22.829] AUTO-DISENGAGE: gear left Park (now D)
[2026-05-18 21:23:22.829] Husby was here, and we are ready to go
[2026-05-18 21:23:22.850] AUTO-DISENGAGE: gear left Park (now D)
[2026-05-18 21:23:22.850] Husby was here, and we are ready to go
[2026-05-18 21:23:22.854] AUTO-DISENGAGE: gear left Park (now D)
[2026-05-18 21:23:22.854] Husby was here, and we are ready to go
[2026-05-18 21:23:22.869] AUTO-DISENGAGE: gear left Park (now D)
[2026-05-18 21:23:22.869] Husby was here, and we are ready to go
[2026-05-18 21:23:22.889] AUTO-DISENGAGE: gear left Park (now D)
[2026-05-18 21:23:22.889] Husby was here, and we are ready to go
[2026-05-18 21:23:22.910] AUTO-DISENGAGE: gear left Park (now D)
[2026-05-18 21:23:22.910] Husby was here, and we are ready to go
[2026-05-18 21:23:22.930] AUTO-DISENGAGE: gear left Park (now D)
[2026-05-18 21:23:22.930] Husby was here, and we are ready to go
[2026-05-18 21:23:22.949] AUTO-DISENGAGE: gear left Park (now D)
[2026-05-18 21:23:22.949] Husby was here, and we are ready to go
[2026-05-18 21:23:22.954] AUTO-DISENGAGE: gear left Park (now D)
[2026-05-18 21:23:22.954] Husby was here, and we are ready to go
[2026-05-18 21:23:22.969] AUTO-DISENGAGE: gear left Park (now D)
[2026-05-18 21:23:22.969] Husby was here, and we are ready to go
[2026-05-18 21:23:22.988] AUTO-DISENGAGE: gear left Park (now D)
[2026-05-18 21:23:22.989] Husby was here, and we are ready to go
[2026-05-18 21:23:23.009] AUTO-DISENGAGE: gear left Park (now D)
[2026-05-18 21:23:23.009] Husby was here, and we are ready to go
[2026-05-18 21:23:23.028] AUTO-DISENGAGE: gear left Park (now D)
[2026-05-18 21:23:23.028] Husby was here, and we are ready to go
[2026-05-18 21:23:23.049] AUTO-DISENGAGE: gear left Park (now D)
[2026-05-18 21:23:23.049] Husby was here, and we are ready to go
[2026-05-18 21:23:23.054] AUTO-DISENGAGE: gear left Park (now D)
[2026-05-18 21:23:23.055] Husby was here, and we are ready to go
[2026-05-18 21:23:23.071] AUTO-DISENGAGE: gear left Park (now D)
[2026-05-18 21:23:23.071] Husby was here, and we are ready to go
[2026-05-18 21:23:23.089] AUTO-DISENGAGE: gear left Park (now D)
[2026-05-18 21:23:23.090] Husby was here, and we are ready to go
[2026-05-18 21:23:23.113] AUTO-DISENGAGE: gear left Park (now D)
[2026-05-18 21:23:23.113] Husby was here, and we are ready to go
[2026-05-18 21:23:23.131] AUTO-DISENGAGE: gear left Park (now D)
[2026-05-18 21:23:23.131] Husby was here, and we are ready to go
[2026-05-18 21:23:23.149] AUTO-DISENGAGE: gear left Park (now D)
[2026-05-18 21:23:23.149] Husby was here, and we are ready to go
[2026-05-18 21:23:23.154] AUTO-DISENGAGE: gear left Park (now D)
[2026-05-18 21:23:23.154] Husby was here, and we are ready to go
[2026-05-18 21:23:23.169] AUTO-DISENGAGE: gear left Park (now D)
[2026-05-18 21:23:23.169] Husby was here, and we are ready to go
[2026-05-18 21:23:23.190] AUTO-DISENGAGE: gear left Park (now D)
[2026-05-18 21:23:23.190] Husby was here, and we are ready to go
[2026-05-18 21:23:23.209] AUTO-DISENGAGE: gear left Park (now D)
[2026-05-18 21:23:23.209] Husby was here, and we are ready to go
[2026-05-18 21:23:23.229] AUTO-DISENGAGE: gear left Park (now D)
[2026-05-18 21:23:23.229] Husby was here, and we are ready to go
[2026-05-18 21:23:23.251] AUTO-DISENGAGE: gear left Park (now D)
[2026-05-18 21:23:23.251] Husby was here, and we are ready to go
[2026-05-18 21:23:23.254] AUTO-DISENGAGE: gear left Park (now D)
[2026-05-18 21:23:23.254] Husby was here, and we are ready to go
[2026-05-18 21:23:23.271] AUTO-DISENGAGE: gear left Park (now D)
[2026-05-18 21:23:23.271] Husby was here, and we are ready to go
[2026-05-18 21:23:23.290] AUTO-DISENGAGE: gear left Park (now D)
[2026-05-18 21:23:23.290] Husby was here, and we are ready to go
[2026-05-18 21:23:23.312] AUTO-DISENGAGE: gear left Park (now D)
[2026-05-18 21:23:23.312] Husby was here, and we are ready to go
[2026-05-18 21:23:23.331] AUTO-DISENGAGE: gear left Park (now D)
[2026-05-18 21:23:23.331] Husby was here, and we are ready to go
[2026-05-18 21:23:23.351] AUTO-DISENGAGE: gear left Park (now D)
[2026-05-18 21:23:23.351] Husby was here, and we are ready to go
[2026-05-18 21:23:23.354] AUTO-DISENGAGE: gear left Park (now D)
[2026-05-18 21:23:23.355] Husby was here, and we are ready to go
[2026-05-18 21:23:23.374] AUTO-DISENGAGE: gear left Park (now D)
[2026-05-18 21:23:23.375] Husby was here, and we are ready to go
[2026-05-18 21:23:23.392] AUTO-DISENGAGE: gear left Park (now D)
[2026-05-18 21:23:23.392] Husby was here, and we are ready to go
[2026-05-18 21:23:23.413] AUTO-DISENGAGE: gear left Park (now D)
[2026-05-18 21:23:23.413] Husby was here, and we are ready to go
[2026-05-18 21:23:23.433] AUTO-DISENGAGE: gear left Park (now D)
[2026-05-18 21:23:23.433] Husby was here, and we are ready to go
[2026-05-18 21:23:23.453] AUTO-DISENGAGE: gear left Park (now D)
[2026-05-18 21:23:23.453] Husby was here, and we are ready to go
[2026-05-18 21:23:23.454] AUTO-DISENGAGE: gear left Park (now D)
[2026-05-18 21:23:23.454] Husby was here, and we are ready to go
[2026-05-18 21:23:23.472] AUTO-DISENGAGE: gear left Park (now D)
[2026-05-18 21:23:23.472] Husby was here, and we are ready to go
[2026-05-18 21:23:23.492] AUTO-DISENGAGE: gear left Park (now D)
[2026-05-18 21:23:23.492] Husby was here, and we are ready to go
[2026-05-18 21:23:23.513] AUTO-DISENGAGE: gear left Park (now D)
[2026-05-18 21:23:23.513] Husby was here, and we are ready to go
[2026-05-18 21:23:23.533] AUTO-DISENGAGE: gear left Park (now D)
[2026-05-18 21:23:23.533] Husby was here, and we are ready to go
[2026-05-18 21:23:23.554] AUTO-DISENGAGE: gear left Park (now D)
[2026-05-18 21:23:23.555] Husby was here, and we are ready to go
[2026-05-18 21:23:23.556] AUTO-DISENGAGE: gear left Park (now D)
[2026-05-18 21:23:23.557] Husby was here, and we are ready to go
[2026-05-18 21:23:23.573] AUTO-DISENGAGE: gear left Park (now D)
[2026-05-18 21:23:23.573] Husby was here, and we are ready to go
[2026-05-18 21:23:23.592] AUTO-DISENGAGE: gear left Park (now D)
[2026-05-18 21:23:23.592] Husby was here, and we are ready to go
[2026-05-18 21:23:23.613] AUTO-DISENGAGE: gear left Park (now D)
[2026-05-18 21:23:23.613] Husby was here, and we are ready to go
[2026-05-18 21:23:23.634] AUTO-DISENGAGE: gear left Park (now D)
[2026-05-18 21:23:23.634] Husby was here, and we are ready to go
[2026-05-18 21:23:23.652] AUTO-DISENGAGE: gear left Park (now D)
[2026-05-18 21:23:23.653] Husby was here, and we are ready to go
[2026-05-18 21:23:23.656] AUTO-DISENGAGE: gear left Park (now D)
[2026-05-18 21:23:23.656] Husby was here, and we are ready to go
[2026-05-18 21:23:23.673] AUTO-DISENGAGE: gear left Park (now D)
[2026-05-18 21:23:23.673] Husby was here, and we are ready to go
[2026-05-18 21:23:23.691] AUTO-DISENGAGE: gear left Park (now D)
[2026-05-18 21:23:23.691] Husby was here, and we are ready to go
[2026-05-18 21:23:23.711] AUTO-DISENGAGE: gear left Park (now D)
[2026-05-18 21:23:23.712] Husby was here, and we are ready to go
[2026-05-18 21:23:23.731] AUTO-DISENGAGE: gear left Park (now D)
[2026-05-18 21:23:23.732] Husby was here, and we are ready to go
[2026-05-18 21:23:23.751] AUTO-DISENGAGE: gear left Park (now D)
[2026-05-18 21:23:23.751] Husby was here, and we are ready to go
[2026-05-18 21:23:23.756] AUTO-DISENGAGE: gear left Park (now D)
[2026-05-18 21:23:23.756] Husby was here, and we are ready to go
[2026-05-18 21:23:23.771] AUTO-DISENGAGE: gear left Park (now D)
[2026-05-18 21:23:23.771] Husby was here, and we are ready to go
[2026-05-18 21:23:23.791] AUTO-DISENGAGE: gear left Park (now D)
[2026-05-18 21:23:23.791] Husby was here, and we are ready to go
[2026-05-18 21:23:23.813] AUTO-DISENGAGE: gear left Park (now D)
[2026-05-18 21:23:23.813] Husby was here, and we are ready to go
[2026-05-18 21:23:23.833] AUTO-DISENGAGE: gear left Park (now D)
[2026-05-18 21:23:23.834] Husby was here, and we are ready to go
[2026-05-18 21:23:23.852] AUTO-DISENGAGE: gear left Park (now D)
[2026-05-18 21:23:23.852] Husby was here, and we are ready to go
[2026-05-18 21:23:23.856] AUTO-DISENGAGE: gear left Park (now D)
[2026-05-18 21:23:23.856] Husby was here, and we are ready to go
[2026-05-18 21:23:23.871] AUTO-DISENGAGE: gear left Park (now D)
[2026-05-18 21:23:23.871] Husby was here, and we are ready to go
[2026-05-18 21:23:23.892] AUTO-DISENGAGE: gear left Park (now D)
[2026-05-18 21:23:23.892] Husby was here, and we are ready to go
[2026-05-18 21:23:23.912] AUTO-DISENGAGE: gear left Park (now D)
[2026-05-18 21:23:23.912] Husby was here, and we are ready to go
[2026-05-18 21:23:23.932] AUTO-DISENGAGE: gear left Park (now D)
[2026-05-18 21:23:23.932] Husby was here, and we are ready to go
[2026-05-18 21:23:23.952] AUTO-DISENGAGE: gear left Park (now D)
[2026-05-18 21:23:23.952] Husby was here, and we are ready to go
[2026-05-18 21:23:23.956] AUTO-DISENGAGE: gear left Park (now D)
[2026-05-18 21:23:23.956] Husby was here, and we are ready to go
[2026-05-18 21:23:23.973] AUTO-DISENGAGE: gear left Park (now D)
[2026-05-18 21:23:23.973] Husby was here, and we are ready to go
[2026-05-18 21:23:23.993] AUTO-DISENGAGE: gear left Park (now D)
[2026-05-18 21:23:23.993] Husby was here, and we are ready to go
[2026-05-18 21:23:24.016] AUTO-DISENGAGE: gear left Park (now D)
[2026-05-18 21:23:24.016] Husby was here, and we are ready to go
[2026-05-18 21:23:24.034] AUTO-DISENGAGE: gear left Park (now D)
[2026-05-18 21:23:24.034] Husby was here, and we are ready to go
[2026-05-18 21:23:24.053] AUTO-DISENGAGE: gear left Park (now D)
[2026-05-18 21:23:24.053] Husby was here, and we are ready to go
[2026-05-18 21:23:24.056] AUTO-DISENGAGE: gear left Park (now D)
[2026-05-18 21:23:24.056] Husby was here, and we are ready to go
[2026-05-18 21:23:24.074] AUTO-DISENGAGE: gear left Park (now D)
[2026-05-18 21:23:24.074] Husby was here, and we are ready to go
[2026-05-18 21:23:24.092] AUTO-DISENGAGE: gear left Park (now D)
[2026-05-18 21:23:24.093] Husby was here, and we are ready to go
[2026-05-18 21:23:24.114] AUTO-DISENGAGE: gear left Park (now D)
[2026-05-18 21:23:24.114] Husby was here, and we are ready to go
[2026-05-18 21:23:24.132] AUTO-DISENGAGE: gear left Park (now D)
[2026-05-18 21:23:24.133] Husby was here, and we are ready to go
[2026-05-18 21:23:24.153] AUTO-DISENGAGE: gear left Park (now D)
[2026-05-18 21:23:24.153] Husby was here, and we are ready to go
[2026-05-18 21:23:24.156] AUTO-DISENGAGE: gear left Park (now D)
[2026-05-18 21:23:24.156] Husby was here, and we are ready to go
[2026-05-18 21:23:24.174] AUTO-DISENGAGE: gear left Park (now D)
[2026-05-18 21:23:24.174] Husby was here, and we are ready to go
[2026-05-18 21:23:24.193] AUTO-DISENGAGE: gear left Park (now D)
[2026-05-18 21:23:24.193] Husby was here, and we are ready to go
[2026-05-18 21:23:24.215] AUTO-DISENGAGE: gear left Park (now D)
[2026-05-18 21:23:24.216] Husby was here, and we are ready to go
[2026-05-18 21:23:24.233] AUTO-DISENGAGE: gear left Park (now D)
[2026-05-18 21:23:24.233] Husby was here, and we are ready to go
[2026-05-18 21:23:24.252] AUTO-DISENGAGE: gear left Park (now D)
[2026-05-18 21:23:24.252] Husby was here, and we are ready to go
[2026-05-18 21:23:24.256] AUTO-DISENGAGE: gear left Park (now D)
[2026-05-18 21:23:24.256] Husby was here, and we are ready to go
[2026-05-18 21:23:24.273] AUTO-DISENGAGE: gear left Park (now D)
[2026-05-18 21:23:24.273] Husby was here, and we are ready to go
[2026-05-18 21:23:24.292] AUTO-DISENGAGE: gear left Park (now D)
[2026-05-18 21:23:24.292] Husby was here, and we are ready to go
[2026-05-18 21:23:24.313] AUTO-DISENGAGE: gear left Park (now D)
[2026-05-18 21:23:24.313] Husby was here, and we are ready to go
[2026-05-18 21:23:24.333] AUTO-DISENGAGE: gear left Park (now D)
[2026-05-18 21:23:24.333] Husby was here, and we are ready to go
[2026-05-18 21:23:24.352] AUTO-DISENGAGE: gear left Park (now D)
[2026-05-18 21:23:24.352] Husby was here, and we are ready to go
[2026-05-18 21:23:24.356] AUTO-DISENGAGE: gear left Park (now D)
[2026-05-18 21:23:24.356] Husby was here, and we are ready to go
[2026-05-18 21:23:24.373] AUTO-DISENGAGE: gear left Park (now D)
[2026-05-18 21:23:24.373] Husby was here, and we are ready to go
[2026-05-18 21:23:24.392] AUTO-DISENGAGE: gear left Park (now D)
[2026-05-18 21:23:24.392] Husby was here, and we are ready to go
[2026-05-18 21:23:24.421] AUTO-DISENGAGE: gear left Park (now D)
[2026-05-18 21:23:24.421] Husby was here, and we are ready to go
[2026-05-18 21:23:24.433] AUTO-DISENGAGE: gear left Park (now D)
[2026-05-18 21:23:24.434] Husby was here, and we are ready to go
[2026-05-18 21:23:24.456] AUTO-DISENGAGE: gear left Park (now D)
[2026-05-18 21:23:24.456] Husby was here, and we are ready to go
[2026-05-18 21:23:24.457] AUTO-DISENGAGE: gear left Park (now D)
[2026-05-18 21:23:24.457] Husby was here, and we are ready to go
[2026-05-18 21:23:24.473] AUTO-DISENGAGE: gear left Park (now D)
[2026-05-18 21:23:24.473] Husby was here, and we are ready to go
[2026-05-18 21:23:24.493] AUTO-DISENGAGE: gear left Park (now D)
[2026-05-18 21:23:24.494] Husby was here, and we are ready to go
[2026-05-18 21:23:24.514] AUTO-DISENGAGE: gear left Park (now D)
[2026-05-18 21:23:24.515] Husby was here, and we are ready to go
[2026-05-18 21:23:24.537] AUTO-DISENGAGE: gear left Park (now D)
[2026-05-18 21:23:24.538] Husby was here, and we are ready to go
[2026-05-18 21:23:24.557] AUTO-DISENGAGE: gear left Park (now D)
[2026-05-18 21:23:24.557] Husby was here, and we are ready to go
[2026-05-18 21:23:24.557] AUTO-DISENGAGE: gear left Park (now D)
[2026-05-18 21:23:24.558] Husby was here, and we are ready to go
[2026-05-18 21:23:24.574] AUTO-DISENGAGE: gear left Park (now D)
[2026-05-18 21:23:24.574] Husby was here, and we are ready to go
[2026-05-18 21:23:24.593] AUTO-DISENGAGE: gear left Park (now D)
[2026-05-18 21:23:24.593] Husby was here, and we are ready to go
[2026-05-18 21:23:24.613] AUTO-DISENGAGE: gear left Park (now D)
[2026-05-18 21:23:24.614] Husby was here, and we are ready to go
[2026-05-18 21:23:24.633] AUTO-DISENGAGE: gear left Park (now D)
[2026-05-18 21:23:24.633] Husby was here, and we are ready to go
[2026-05-18 21:23:24.654] AUTO-DISENGAGE: gear left Park (now D)
[2026-05-18 21:23:24.654] Husby was here, and we are ready to go
[2026-05-18 21:23:24.659] AUTO-DISENGAGE: gear left Park (now D)
[2026-05-18 21:23:24.659] Husby was here, and we are ready to go
[2026-05-18 21:23:24.673] AUTO-DISENGAGE: gear left Park (now D)
[2026-05-18 21:23:24.673] Husby was here, and we are ready to go
[2026-05-18 21:23:24.693] AUTO-DISENGAGE: gear left Park (now D)
[2026-05-18 21:23:24.693] Husby was here, and we are ready to go
[2026-05-18 21:23:24.714] AUTO-DISENGAGE: gear left Park (now D)
[2026-05-18 21:23:24.715] Husby was here, and we are ready to go
[2026-05-18 21:23:24.733] AUTO-DISENGAGE: gear left Park (now D)
[2026-05-18 21:23:24.733] Husby was here, and we are ready to go
[2026-05-18 21:23:24.753] AUTO-DISENGAGE: gear left Park (now D)
[2026-05-18 21:23:24.753] Husby was here, and we are ready to go
[2026-05-18 21:23:24.758] AUTO-DISENGAGE: gear left Park (now D)
[2026-05-18 21:23:24.759] Husby was here, and we are ready to go
[2026-05-18 21:23:24.773] AUTO-DISENGAGE: gear left Park (now D)
[2026-05-18 21:23:24.773] Husby was here, and we are ready to go
[2026-05-18 21:23:24.794] AUTO-DISENGAGE: gear left Park (now D)
[2026-05-18 21:23:24.794] Husby was here, and we are ready to go
[2026-05-18 21:23:24.814] AUTO-DISENGAGE: gear left Park (now D)
[2026-05-18 21:23:24.815] Husby was here, and we are ready to go
[2026-05-18 21:23:24.835] AUTO-DISENGAGE: gear left Park (now D)
[2026-05-18 21:23:24.836] Husby was here, and we are ready to go
[2026-05-18 21:23:24.853] AUTO-DISENGAGE: gear left Park (now D)
[2026-05-18 21:23:24.853] Husby was here, and we are ready to go
[2026-05-18 21:23:24.858] AUTO-DISENGAGE: gear left Park (now D)
[2026-05-18 21:23:24.859] Husby was here, and we are ready to go
[2026-05-18 21:23:24.873] AUTO-DISENGAGE: gear left Park (now D)
[2026-05-18 21:23:24.873] Husby was here, and we are ready to go
[2026-05-18 21:23:24.893] AUTO-DISENGAGE: gear left Park (now D)
[2026-05-18 21:23:24.893] Husby was here, and we are ready to go
[2026-05-18 21:23:24.914] AUTO-DISENGAGE: gear left Park (now D)
[2026-05-18 21:23:24.914] Husby was here, and we are ready to go
[2026-05-18 21:23:24.933] AUTO-DISENGAGE: gear left Park (now D)
[2026-05-18 21:23:24.934] Husby was here, and we are ready to go
[2026-05-18 21:23:24.956] AUTO-DISENGAGE: gear left Park (now D)
[2026-05-18 21:23:24.956] Husby was here, and we are ready to go
[2026-05-18 21:23:24.958] AUTO-DISENGAGE: gear left Park (now D)
[2026-05-18 21:23:24.958] Husby was here, and we are ready to go
[2026-05-18 21:23:24.973] AUTO-DISENGAGE: gear left Park (now D)
[2026-05-18 21:23:24.974] Husby was here, and we are ready to go
[2026-05-18 21:23:24.993] AUTO-DISENGAGE: gear left Park (now D)
[2026-05-18 21:23:24.993] Husby was here, and we are ready to go
[2026-05-18 21:23:25.014] AUTO-DISENGAGE: gear left Park (now D)
[2026-05-18 21:23:25.015] Husby was here, and we are ready to go
[2026-05-18 21:23:25.036] AUTO-DISENGAGE: gear left Park (now D)
[2026-05-18 21:23:25.037] Husby was here, and we are ready to go
[2026-05-18 21:23:25.057] AUTO-DISENGAGE: gear left Park (now D)
[2026-05-18 21:23:25.058] Husby was here, and we are ready to go
[2026-05-18 21:23:25.059] AUTO-DISENGAGE: gear left Park (now D)
[2026-05-18 21:23:25.060] Husby was here, and we are ready to go
[2026-05-18 21:23:25.075] AUTO-DISENGAGE: gear left Park (now D)
[2026-05-18 21:23:25.075] Husby was here, and we are ready to go
[2026-05-18 21:23:25.093] AUTO-DISENGAGE: gear left Park (now D)
[2026-05-18 21:23:25.093] Husby was here, and we are ready to go
[2026-05-18 21:23:25.115] AUTO-DISENGAGE: gear left Park (now D)
[2026-05-18 21:23:25.116] Husby was here, and we are ready to go
[2026-05-18 21:23:25.134] AUTO-DISENGAGE: gear left Park (now D)
[2026-05-18 21:23:25.134] Husby was here, and we are ready to go
[2026-05-18 21:23:25.154] AUTO-DISENGAGE: gear left Park (now D)
[2026-05-18 21:23:25.154] Husby was here, and we are ready to go
[2026-05-18 21:23:25.161] AUTO-DISENGAGE: gear left Park (now D)
[2026-05-18 21:23:25.161] Husby was here, and we are ready to go
[2026-05-18 21:23:25.174] AUTO-DISENGAGE: gear left Park (now D)
[2026-05-18 21:23:25.175] Husby was here, and we are ready to go
[2026-05-18 21:23:25.193] AUTO-DISENGAGE: gear left Park (now D)
[2026-05-18 21:23:25.193] Husby was here, and we are ready to go
[2026-05-18 21:23:25.213] AUTO-DISENGAGE: gear left Park (now D)
[2026-05-18 21:23:25.214] Husby was here, and we are ready to go
[2026-05-18 21:23:25.233] AUTO-DISENGAGE: gear left Park (now D)
[2026-05-18 21:23:25.233] Husby was here, and we are ready to go
[2026-05-18 21:23:25.253] AUTO-DISENGAGE: gear left Park (now D)
[2026-05-18 21:23:25.253] Husby was here, and we are ready to go
[2026-05-18 21:23:25.259] AUTO-DISENGAGE: gear left Park (now D)
[2026-05-18 21:23:25.260] Husby was here, and we are ready to go
[2026-05-18 21:23:25.273] AUTO-DISENGAGE: gear left Park (now D)
[2026-05-18 21:23:25.274] Husby was here, and we are ready to go
[2026-05-18 21:23:25.293] AUTO-DISENGAGE: gear left Park (now D)
[2026-05-18 21:23:25.293] Husby was here, and we are ready to go
[2026-05-18 21:23:25.314] AUTO-DISENGAGE: gear left Park (now D)
[2026-05-18 21:23:25.314] Husby was here, and we are ready to go
[2026-05-18 21:23:25.333] AUTO-DISENGAGE: gear left Park (now D)
[2026-05-18 21:23:25.333] Husby was here, and we are ready to go
[2026-05-18 21:23:25.353] AUTO-DISENGAGE: gear left Park (now D)
[2026-05-18 21:23:25.354] Husby was here, and we are ready to go
[2026-05-18 21:23:25.359] AUTO-DISENGAGE: gear left Park (now D)
[2026-05-18 21:23:25.359] Husby was here, and we are ready to go
[2026-05-18 21:23:25.373] AUTO-DISENGAGE: gear left Park (now D)
[2026-05-18 21:23:25.373] Husby was here, and we are ready to go
[2026-05-18 21:23:25.392] AUTO-DISENGAGE: gear left Park (now D)
[2026-05-18 21:23:25.392] Husby was here, and we are ready to go
[2026-05-18 21:23:25.413] AUTO-DISENGAGE: gear left Park (now D)
[2026-05-18 21:23:25.413] Husby was here, and we are ready to go
[2026-05-18 21:23:25.434] AUTO-DISENGAGE: gear left Park (now D)
[2026-05-18 21:23:25.434] Husby was here, and we are ready to go
[2026-05-18 21:23:25.455] AUTO-DISENGAGE: gear left Park (now D)
[2026-05-18 21:23:25.455] Husby was here, and we are ready to go
[2026-05-18 21:23:25.459] AUTO-DISENGAGE: gear left Park (now D)
[2026-05-18 21:23:25.459] Husby was here, and we are ready to go
[2026-05-18 21:23:25.473] AUTO-DISENGAGE: gear left Park (now D)
[2026-05-18 21:23:25.473] Husby was here, and we are ready to go
[2026-05-18 21:23:25.493] AUTO-DISENGAGE: gear left Park (now D)
[2026-05-18 21:23:25.493] Husby was here, and we are ready to go
[2026-05-18 21:23:25.519] AUTO-DISENGAGE: gear left Park (now D)
[2026-05-18 21:23:25.520] Husby was here, and we are ready to go
[2026-05-18 21:23:25.535] AUTO-DISENGAGE: gear left Park (now D)
[2026-05-18 21:23:25.536] Husby was here, and we are ready to go
[2026-05-18 21:23:25.560] AUTO-DISENGAGE: gear left Park (now D)
[2026-05-18 21:23:25.560] Husby was here, and we are ready to go
[2026-05-18 21:23:25.562] AUTO-DISENGAGE: gear left Park (now D)
[2026-05-18 21:23:25.562] Husby was here, and we are ready to go
[2026-05-18 21:23:25.574] AUTO-DISENGAGE: gear left Park (now D)
[2026-05-18 21:23:25.574] Husby was here, and we are ready to go
[2026-05-18 21:23:25.593] AUTO-DISENGAGE: gear left Park (now D)
[2026-05-18 21:23:25.593] Husby was here, and we are ready to go
[2026-05-18 21:23:25.614] AUTO-DISENGAGE: gear left Park (now D)
[2026-05-18 21:23:25.614] Husby was here, and we are ready to go
[2026-05-18 21:23:25.635] AUTO-DISENGAGE: gear left Park (now D)
[2026-05-18 21:23:25.635] Husby was here, and we are ready to go
[2026-05-18 21:23:25.655] AUTO-DISENGAGE: gear left Park (now D)
[2026-05-18 21:23:25.655] Husby was here, and we are ready to go
[2026-05-18 21:23:25.662] AUTO-DISENGAGE: gear left Park (now D)
[2026-05-18 21:23:25.662] Husby was here, and we are ready to go
[2026-05-18 21:23:25.673] AUTO-DISENGAGE: gear left Park (now D)
[2026-05-18 21:23:25.673] Husby was here, and we are ready to go
[2026-05-18 21:23:25.693] AUTO-DISENGAGE: gear left Park (now D)
[2026-05-18 21:23:25.694] Husby was here, and we are ready to go
[2026-05-18 21:23:25.713] AUTO-DISENGAGE: gear left Park (now D)
[2026-05-18 21:23:25.713] Husby was here, and we are ready to go
[2026-05-18 21:23:25.733] AUTO-DISENGAGE: gear left Park (now D)
[2026-05-18 21:23:25.733] Husby was here, and we are ready to go
[2026-05-18 21:23:25.753] AUTO-DISENGAGE: gear left Park (now D)
[2026-05-18 21:23:25.753] Husby was here, and we are ready to go
[2026-05-18 21:23:25.761] AUTO-DISENGAGE: gear left Park (now D)
[2026-05-18 21:23:25.761] Husby was here, and we are ready to go
[2026-05-18 21:23:25.772] AUTO-DISENGAGE: gear left Park (now D)
[2026-05-18 21:23:25.772] Husby was here, and we are ready to go
[2026-05-18 21:23:25.794] AUTO-DISENGAGE: gear left Park (now D)
[2026-05-18 21:23:25.794] Husby was here, and we are ready to go
[2026-05-18 21:23:25.816] AUTO-DISENGAGE: gear left Park (now D)
[2026-05-18 21:23:25.816] Husby was here, and we are ready to go
[2026-05-18 21:23:25.833] AUTO-DISENGAGE: gear left Park (now D)
[2026-05-18 21:23:25.833] Husby was here, and we are ready to go
[2026-05-18 21:23:25.854] AUTO-DISENGAGE: gear left Park (now D)
[2026-05-18 21:23:25.854] Husby was here, and we are ready to go
[2026-05-18 21:23:25.862] AUTO-DISENGAGE: gear left Park (now D)
[2026-05-18 21:23:25.862] Husby was here, and we are ready to go
[2026-05-18 21:23:25.873] AUTO-DISENGAGE: gear left Park (now D)
[2026-05-18 21:23:25.873] Husby was here, and we are ready to go
[2026-05-18 21:23:25.893] AUTO-DISENGAGE: gear left Park (now D)
[2026-05-18 21:23:25.894] Husby was here, and we are ready to go
[2026-05-18 21:23:25.917] AUTO-DISENGAGE: gear left Park (now D)
[2026-05-18 21:23:25.918] Husby was here, and we are ready to go
[2026-05-18 21:23:25.934] AUTO-DISENGAGE: gear left Park (now D)
[2026-05-18 21:23:25.934] Husby was here, and we are ready to go
[2026-05-18 21:23:25.954] AUTO-DISENGAGE: gear left Park (now D)
[2026-05-18 21:23:25.954] Husby was here, and we are ready to go
[2026-05-18 21:23:25.962] AUTO-DISENGAGE: gear left Park (now D)
[2026-05-18 21:23:25.962] Husby was here, and we are ready to go
[2026-05-18 21:23:25.973] AUTO-DISENGAGE: gear left Park (now D)
[2026-05-18 21:23:25.973] Husby was here, and we are ready to go
[2026-05-18 21:23:25.993] AUTO-DISENGAGE: gear left Park (now D)
[2026-05-18 21:23:25.993] Husby was here, and we are ready to go
[2026-05-18 21:23:26.014] AUTO-DISENGAGE: gear left Park (now D)
[2026-05-18 21:23:26.014] Husby was here, and we are ready to go
[2026-05-18 21:23:26.033] AUTO-DISENGAGE: gear left Park (now D)
[2026-05-18 21:23:26.033] Husby was here, and we are ready to go
[2026-05-18 21:23:26.053] AUTO-DISENGAGE: gear left Park (now D)
[2026-05-18 21:23:26.053] Husby was here, and we are ready to go
[2026-05-18 21:23:26.061] AUTO-DISENGAGE: gear left Park (now D)
[2026-05-18 21:23:26.061] Husby was here, and we are ready to go
[2026-05-18 21:23:26.072] AUTO-DISENGAGE: gear left Park (now D)
[2026-05-18 21:23:26.072] Husby was here, and we are ready to go
[2026-05-18 21:23:26.093] AUTO-DISENGAGE: gear left Park (now D)
[2026-05-18 21:23:26.093] Husby was here, and we are ready to go
[2026-05-18 21:23:26.114] AUTO-DISENGAGE: gear left Park (now D)
[2026-05-18 21:23:26.114] Husby was here, and we are ready to go
[2026-05-18 21:23:26.133] AUTO-DISENGAGE: gear left Park (now D)
[2026-05-18 21:23:26.133] Husby was here, and we are ready to go
[2026-05-18 21:23:26.153] AUTO-DISENGAGE: gear left Park (now D)
[2026-05-18 21:23:26.153] Husby was here, and we are ready to go
[2026-05-18 21:23:26.161] AUTO-DISENGAGE: gear left Park (now D)
[2026-05-18 21:23:26.161] Husby was here, and we are ready to go
[2026-05-18 21:23:26.173] AUTO-DISENGAGE: gear left Park (now D)
[2026-05-18 21:23:26.173] Husby was here, and we are ready to go
[2026-05-18 21:23:26.193] AUTO-DISENGAGE: gear left Park (now D)
[2026-05-18 21:23:26.194] Husby was here, and we are ready to go
[2026-05-18 21:23:26.214] AUTO-DISENGAGE: gear left Park (now D)
[2026-05-18 21:23:26.214] Husby was here, and we are ready to go
[2026-05-18 21:23:26.232] AUTO-DISENGAGE: gear left Park (now D)
[2026-05-18 21:23:26.233] Husby was here, and we are ready to go
[2026-05-18 21:23:26.253] AUTO-DISENGAGE: gear left Park (now D)
[2026-05-18 21:23:26.253] Husby was here, and we are ready to go
[2026-05-18 21:23:26.261] AUTO-DISENGAGE: gear left Park (now D)
[2026-05-18 21:23:26.261] Husby was here, and we are ready to go
[2026-05-18 21:23:26.272] AUTO-DISENGAGE: gear left Park (now D)
[2026-05-18 21:23:26.272] Husby was here, and we are ready to go
[2026-05-18 21:23:26.294] AUTO-DISENGAGE: gear left Park (now D)
[2026-05-18 21:23:26.294] Husby was here, and we are ready to go
[2026-05-18 21:23:26.315] AUTO-DISENGAGE: gear left Park (now D)
[2026-05-18 21:23:26.315] Husby was here, and we are ready to go
[2026-05-18 21:23:26.332] AUTO-DISENGAGE: gear left Park (now D)
[2026-05-18 21:23:26.333] Husby was here, and we are ready to go
[2026-05-18 21:23:26.353] AUTO-DISENGAGE: gear left Park (now D)
[2026-05-18 21:23:26.353] Husby was here, and we are ready to go
[2026-05-18 21:23:26.361] AUTO-DISENGAGE: gear left Park (now D)
[2026-05-18 21:23:26.361] Husby was here, and we are ready to go
[2026-05-18 21:23:26.372] AUTO-DISENGAGE: gear left Park (now D)
[2026-05-18 21:23:26.373] Husby was here, and we are ready to go
[2026-05-18 21:23:26.393] AUTO-DISENGAGE: gear left Park (now D)
[2026-05-18 21:23:26.393] Husby was here, and we are ready to go
[2026-05-18 21:23:26.413] AUTO-DISENGAGE: gear left Park (now D)
[2026-05-18 21:23:26.413] Husby was here, and we are ready to go
[2026-05-18 21:23:26.433] AUTO-DISENGAGE: gear left Park (now D)
[2026-05-18 21:23:26.433] Husby was here, and we are ready to go
[2026-05-18 21:23:26.459] AUTO-DISENGAGE: gear left Park (now D)
[2026-05-18 21:23:26.460] Husby was here, and we are ready to go
[2026-05-18 21:23:26.461] AUTO-DISENGAGE: gear left Park (now D)
[2026-05-18 21:23:26.461] Husby was here, and we are ready to go
[2026-05-18 21:23:26.473] AUTO-DISENGAGE: gear left Park (now D)
[2026-05-18 21:23:26.473] Husby was here, and we are ready to go
[2026-05-18 21:23:26.495] AUTO-DISENGAGE: gear left Park (now D)
[2026-05-18 21:23:26.496] Husby was here, and we are ready to go
[2026-05-18 21:23:26.517] AUTO-DISENGAGE: gear left Park (now D)
[2026-05-18 21:23:26.517] Husby was here, and we are ready to go
[2026-05-18 21:23:26.533] AUTO-DISENGAGE: gear left Park (now D)
[2026-05-18 21:23:26.533] Husby was here, and we are ready to go
[2026-05-18 21:23:26.553] AUTO-DISENGAGE: gear left Park (now D)
[2026-05-18 21:23:26.553] Husby was here, and we are ready to go
[2026-05-18 21:23:26.562] AUTO-DISENGAGE: gear left Park (now D)
[2026-05-18 21:23:26.562] Husby was here, and we are ready to go
[2026-05-18 21:23:26.573] AUTO-DISENGAGE: gear left Park (now D)
[2026-05-18 21:23:26.573] Husby was here, and we are ready to go
[2026-05-18 21:23:26.594] AUTO-DISENGAGE: gear left Park (now D)
[2026-05-18 21:23:26.594] Husby was here, and we are ready to go
[2026-05-18 21:23:26.613] AUTO-DISENGAGE: gear left Park (now D)
[2026-05-18 21:23:26.613] Husby was here, and we are ready to go
[2026-05-18 21:23:26.635] AUTO-DISENGAGE: gear left Park (now D)
[2026-05-18 21:23:26.635] Husby was here, and we are ready to go
[2026-05-18 21:23:26.654] AUTO-DISENGAGE: gear left Park (now D)
[2026-05-18 21:23:26.654] Husby was here, and we are ready to go
[2026-05-18 21:23:26.662] AUTO-DISENGAGE: gear left Park (now D)
[2026-05-18 21:23:26.662] Husby was here, and we are ready to go
[2026-05-18 21:23:26.673] AUTO-DISENGAGE: gear left Park (now D)
[2026-05-18 21:23:26.673] Husby was here, and we are ready to go
[2026-05-18 21:23:26.695] AUTO-DISENGAGE: gear left Park (now D)
[2026-05-18 21:23:26.695] Husby was here, and we are ready to go
[2026-05-18 21:23:26.713] AUTO-DISENGAGE: gear left Park (now D)
[2026-05-18 21:23:26.713] Husby was here, and we are ready to go
[2026-05-18 21:23:26.733] AUTO-DISENGAGE: gear left Park (now D)
[2026-05-18 21:23:26.733] Husby was here, and we are ready to go
[2026-05-18 21:23:26.753] AUTO-DISENGAGE: gear left Park (now D)
[2026-05-18 21:23:26.753] Husby was here, and we are ready to go
[2026-05-18 21:23:26.761] AUTO-DISENGAGE: gear left Park (now D)
[2026-05-18 21:23:26.761] Husby was here, and we are ready to go
[2026-05-18 21:23:26.772] AUTO-DISENGAGE: gear left Park (now D)
[2026-05-18 21:23:26.772] Husby was here, and we are ready to go
[2026-05-18 21:23:26.793] AUTO-DISENGAGE: gear left Park (now D)
[2026-05-18 21:23:26.793] Husby was here, and we are ready to go
[2026-05-18 21:23:26.814] AUTO-DISENGAGE: gear left Park (now D)
[2026-05-18 21:23:26.814] Husby was here, and we are ready to go
[2026-05-18 21:23:26.833] AUTO-DISENGAGE: gear left Park (now D)
[2026-05-18 21:23:26.833] Husby was here, and we are ready to go
[2026-05-18 21:23:26.853] AUTO-DISENGAGE: gear left Park (now D)
[2026-05-18 21:23:26.853] Husby was here, and we are ready to go
[2026-05-18 21:23:26.861] AUTO-DISENGAGE: gear left Park (now D)
[2026-05-18 21:23:26.862] Husby was here, and we are ready to go
[2026-05-18 21:23:26.873] AUTO-DISENGAGE: gear left Park (now D)
[2026-05-18 21:23:26.873] Husby was here, and we are ready to go
[2026-05-18 21:23:26.893] AUTO-DISENGAGE: gear left Park (now D)
[2026-05-18 21:23:26.893] Husby was here, and we are ready to go
[2026-05-18 21:23:26.913] AUTO-DISENGAGE: gear left Park (now D)
[2026-05-18 21:23:26.913] Husby was here, and we are ready to go
[2026-05-18 21:23:26.933] AUTO-DISENGAGE: gear left Park (now D)
[2026-05-18 21:23:26.933] Husby was here, and we are ready to go
[2026-05-18 21:23:26.954] AUTO-DISENGAGE: gear left Park (now D)
[2026-05-18 21:23:26.954] Husby was here, and we are ready to go
[2026-05-18 21:23:26.962] AUTO-DISENGAGE: gear left Park (now D)
[2026-05-18 21:23:26.962] Husby was here, and we are ready to go
[2026-05-18 21:23:26.973] AUTO-DISENGAGE: gear left Park (now D)
[2026-05-18 21:23:26.973] Husby was here, and we are ready to go
[2026-05-18 21:23:26.995] AUTO-DISENGAGE: gear left Park (now D)
[2026-05-18 21:23:26.995] Husby was here, and we are ready to go
[2026-05-18 21:23:27.017] AUTO-DISENGAGE: gear left Park (now D)
[2026-05-18 21:23:27.018] Husby was here, and we are ready to go
[2026-05-18 21:23:27.034] AUTO-DISENGAGE: gear left Park (now D)
[2026-05-18 21:23:27.034] Husby was here, and we are ready to go
[2026-05-18 21:23:27.054] AUTO-DISENGAGE: gear left Park (now D)
[2026-05-18 21:23:27.054] Husby was here, and we are ready to go
[2026-05-18 21:23:27.062] AUTO-DISENGAGE: gear left Park (now D)
[2026-05-18 21:23:27.063] Husby was here, and we are ready to go
[2026-05-18 21:23:27.073] AUTO-DISENGAGE: gear left Park (now D)
[2026-05-18 21:23:27.073] Husby was here, and we are ready to go
[2026-05-18 21:23:27.094] AUTO-DISENGAGE: gear left Park (now D)
[2026-05-18 21:23:27.094] Husby was here, and we are ready to go
[2026-05-18 21:23:27.118] AUTO-DISENGAGE: gear left Park (now D)
[2026-05-18 21:23:27.119] Husby was here, and we are ready to go
[2026-05-18 21:23:27.133] AUTO-DISENGAGE: gear left Park (now D)
[2026-05-18 21:23:27.133] Husby was here, and we are ready to go
[2026-05-18 21:23:27.153] AUTO-DISENGAGE: gear left Park (now D)
[2026-05-18 21:23:27.153] Husby was here, and we are ready to go
[2026-05-18 21:23:27.161] AUTO-DISENGAGE: gear left Park (now D)
[2026-05-18 21:23:27.162] Husby was here, and we are ready to go
[2026-05-18 21:23:27.173] AUTO-DISENGAGE: gear left Park (now D)
[2026-05-18 21:23:27.173] Husby was here, and we are ready to go
[2026-05-18 21:23:27.194] AUTO-DISENGAGE: gear left Park (now D)
[2026-05-18 21:23:27.194] Husby was here, and we are ready to go
[2026-05-18 21:23:27.213] AUTO-DISENGAGE: gear left Park (now D)
[2026-05-18 21:23:27.213] Husby was here, and we are ready to go
[2026-05-18 21:23:27.234] AUTO-DISENGAGE: gear left Park (now D)
[2026-05-18 21:23:27.234] Husby was here, and we are ready to go
[2026-05-18 21:23:27.254] AUTO-DISENGAGE: gear left Park (now D)
[2026-05-18 21:23:27.255] Husby was here, and we are ready to go
[2026-05-18 21:23:27.262] AUTO-DISENGAGE: gear left Park (now D)
[2026-05-18 21:23:27.262] Husby was here, and we are ready to go
[2026-05-18 21:23:27.273] AUTO-DISENGAGE: gear left Park (now D)
[2026-05-18 21:23:27.273] Husby was here, and we are ready to go
[2026-05-18 21:23:27.294] AUTO-DISENGAGE: gear left Park (now D)
[2026-05-18 21:23:27.294] Husby was here, and we are ready to go
[2026-05-18 21:23:27.315] AUTO-DISENGAGE: gear left Park (now D)
[2026-05-18 21:23:27.316] Husby was here, and we are ready to go
[2026-05-18 21:23:27.333] AUTO-DISENGAGE: gear left Park (now D)
[2026-05-18 21:23:27.334] Husby was here, and we are ready to go
[2026-05-18 21:23:27.354] AUTO-DISENGAGE: gear left Park (now D)
[2026-05-18 21:23:27.354] Husby was here, and we are ready to go
[2026-05-18 21:23:27.362] AUTO-DISENGAGE: gear left Park (now D)
[2026-05-18 21:23:27.362] Husby was here, and we are ready to go
[2026-05-18 21:23:27.373] AUTO-DISENGAGE: gear left Park (now D)
[2026-05-18 21:23:27.373] Husby was here, and we are ready to go
[2026-05-18 21:23:27.397] AUTO-DISENGAGE: gear left Park (now D)
[2026-05-18 21:23:27.397] Husby was here, and we are ready to go
[2026-05-18 21:23:27.414] AUTO-DISENGAGE: gear left Park (now D)
[2026-05-18 21:23:27.414] Husby was here, and we are ready to go
[2026-05-18 21:23:27.434] AUTO-DISENGAGE: gear left Park (now D)
[2026-05-18 21:23:27.434] Husby was here, and we are ready to go
[2026-05-18 21:23:27.454] AUTO-DISENGAGE: gear left Park (now D)
[2026-05-18 21:23:27.455] Husby was here, and we are ready to go
[2026-05-18 21:23:27.462] AUTO-DISENGAGE: gear left Park (now D)
[2026-05-18 21:23:27.462] Husby was here, and we are ready to go
[2026-05-18 21:23:27.473] AUTO-DISENGAGE: gear left Park (now D)
[2026-05-18 21:23:27.473] Husby was here, and we are ready to go
[2026-05-18 21:23:27.494] AUTO-DISENGAGE: gear left Park (now D)
[2026-05-18 21:23:27.494] Husby was here, and we are ready to go
[2026-05-18 21:23:27.520] AUTO-DISENGAGE: gear left Park (now D)
[2026-05-18 21:23:27.520] Husby was here, and we are ready to go
[2026-05-18 21:23:27.540] AUTO-DISENGAGE: gear left Park (now D)
[2026-05-18 21:23:27.540] Husby was here, and we are ready to go
[2026-05-18 21:23:27.560] AUTO-DISENGAGE: gear left Park (now D)
[2026-05-18 21:23:27.560] Husby was here, and we are ready to go
[2026-05-18 21:23:27.561] AUTO-DISENGAGE: gear left Park (now D)
[2026-05-18 21:23:27.561] Husby was here, and we are ready to go
[2026-05-18 21:23:27.580] AUTO-DISENGAGE: gear left Park (now D)
[2026-05-18 21:23:27.580] Husby was here, and we are ready to go
[2026-05-18 21:23:27.600] AUTO-DISENGAGE: gear left Park (now D)
[2026-05-18 21:23:27.600] Husby was here, and we are ready to go
[2026-05-18 21:23:27.620] AUTO-DISENGAGE: gear left Park (now D)
[2026-05-18 21:23:27.620] Husby was here, and we are ready to go
[2026-05-18 21:23:27.641] AUTO-DISENGAGE: gear left Park (now D)
[2026-05-18 21:23:27.641] Husby was here, and we are ready to go
[2026-05-18 21:23:27.661] AUTO-DISENGAGE: gear left Park (now D)
[2026-05-18 21:23:27.661] Husby was here, and we are ready to go
[2026-05-18 21:23:27.661] AUTO-DISENGAGE: gear left Park (now D)
[2026-05-18 21:23:27.661] Husby was here, and we are ready to go
[2026-05-18 21:23:27.679] AUTO-DISENGAGE: gear left Park (now D)
[2026-05-18 21:23:27.679] Husby was here, and we are ready to go
[2026-05-18 21:23:27.699] AUTO-DISENGAGE: gear left Park (now D)
[2026-05-18 21:23:27.699] Husby was here, and we are ready to go
[2026-05-18 21:23:27.720] AUTO-DISENGAGE: gear left Park (now D)
[2026-05-18 21:23:27.720] Husby was here, and we are ready to go
[2026-05-18 21:23:27.742] AUTO-DISENGAGE: gear left Park (now D)
[2026-05-18 21:23:27.743] Husby was here, and we are ready to go
[2026-05-18 21:23:27.760] AUTO-DISENGAGE: gear left Park (now D)
[2026-05-18 21:23:27.760] Husby was here, and we are ready to go
[2026-05-18 21:23:27.761] AUTO-DISENGAGE: gear left Park (now D)
[2026-05-18 21:23:27.761] Husby was here, and we are ready to go
[2026-05-18 21:23:27.779] AUTO-DISENGAGE: gear left Park (now D)
[2026-05-18 21:23:27.779] Husby was here, and we are ready to go
[2026-05-18 21:23:27.800] AUTO-DISENGAGE: gear left Park (now D)
[2026-05-18 21:23:27.801] Husby was here, and we are ready to go
[2026-05-18 21:23:27.821] AUTO-DISENGAGE: gear left Park (now D)
[2026-05-18 21:23:27.821] Husby was here, and we are ready to go
[2026-05-18 21:23:27.843] AUTO-DISENGAGE: gear left Park (now D)
[2026-05-18 21:23:27.843] Husby was here, and we are ready to go
[2026-05-18 21:23:27.861] AUTO-DISENGAGE: gear left Park (now D)
[2026-05-18 21:23:27.862] Husby was here, and we are ready to go
[2026-05-18 21:23:27.862] AUTO-DISENGAGE: gear left Park (now D)
[2026-05-18 21:23:27.863] Husby was here, and we are ready to go
[2026-05-18 21:23:27.880] AUTO-DISENGAGE: gear left Park (now D)
[2026-05-18 21:23:27.880] Husby was here, and we are ready to go
[2026-05-18 21:23:27.900] AUTO-DISENGAGE: gear left Park (now D)
[2026-05-18 21:23:27.900] Husby was here, and we are ready to go
[2026-05-18 21:23:27.920] AUTO-DISENGAGE: gear left Park (now D)
[2026-05-18 21:23:27.920] Husby was here, and we are ready to go
[2026-05-18 21:23:27.942] AUTO-DISENGAGE: gear left Park (now D)
[2026-05-18 21:23:27.942] Husby was here, and we are ready to go
[2026-05-18 21:23:27.960] AUTO-DISENGAGE: gear left Park (now D)
[2026-05-18 21:23:27.961] Husby was here, and we are ready to go
[2026-05-18 21:23:27.962] AUTO-DISENGAGE: gear left Park (now D)
[2026-05-18 21:23:27.962] Husby was here, and we are ready to go
[2026-05-18 21:23:27.980] AUTO-DISENGAGE: gear left Park (now D)
[2026-05-18 21:23:27.980] Husby was here, and we are ready to go
[2026-05-18 21:23:28.000] AUTO-DISENGAGE: gear left Park (now D)
[2026-05-18 21:23:28.000] Husby was here, and we are ready to go
[2026-05-18 21:23:28.022] AUTO-DISENGAGE: gear left Park (now D)
[2026-05-18 21:23:28.022] Husby was here, and we are ready to go
[2026-05-18 21:23:28.041] AUTO-DISENGAGE: gear left Park (now D)
[2026-05-18 21:23:28.041] Husby was here, and we are ready to go
[2026-05-18 21:23:28.061] AUTO-DISENGAGE: gear left Park (now D)
[2026-05-18 21:23:28.061] Husby was here, and we are ready to go
[2026-05-18 21:23:28.062] AUTO-DISENGAGE: gear left Park (now D)
[2026-05-18 21:23:28.062] Husby was here, and we are ready to go
[2026-05-18 21:23:28.080] AUTO-DISENGAGE: gear left Park (now D)
[2026-05-18 21:23:28.080] Husby was here, and we are ready to go
[2026-05-18 21:23:28.101] AUTO-DISENGAGE: gear left Park (now D)
[2026-05-18 21:23:28.101] Husby was here, and we are ready to go
[2026-05-18 21:23:28.122] AUTO-DISENGAGE: gear left Park (now D)
[2026-05-18 21:23:28.122] Husby was here, and we are ready to go
[2026-05-18 21:23:28.143] AUTO-DISENGAGE: gear left Park (now D)
[2026-05-18 21:23:28.143] Husby was here, and we are ready to go
[2026-05-18 21:23:28.162] AUTO-DISENGAGE: gear left Park (now D)
[2026-05-18 21:23:28.162] Husby was here, and we are ready to go
[2026-05-18 21:23:28.163] AUTO-DISENGAGE: gear left Park (now D)
[2026-05-18 21:23:28.163] Husby was here, and we are ready to go
[2026-05-18 21:23:28.180] AUTO-DISENGAGE: gear left Park (now D)
[2026-05-18 21:23:28.181] Husby was here, and we are ready to go
[2026-05-18 21:23:28.200] AUTO-DISENGAGE: gear left Park (now D)
[2026-05-18 21:23:28.200] Husby was here, and we are ready to go
[2026-05-18 21:23:28.222] AUTO-DISENGAGE: gear left Park (now D)
[2026-05-18 21:23:28.222] Husby was here, and we are ready to go
[2026-05-18 21:23:28.245] AUTO-DISENGAGE: gear left Park (now D)
[2026-05-18 21:23:28.245] Husby was here, and we are ready to go
[2026-05-18 21:23:28.264] AUTO-DISENGAGE: gear left Park (now D)
[2026-05-18 21:23:28.264] Husby was here, and we are ready to go
[2026-05-18 21:23:28.264] AUTO-DISENGAGE: gear left Park (now D)
[2026-05-18 21:23:28.264] Husby was here, and we are ready to go
[2026-05-18 21:23:28.285] AUTO-DISENGAGE: gear left Park (now D)
[2026-05-18 21:23:28.286] Husby was here, and we are ready to go
[2026-05-18 21:23:28.305] AUTO-DISENGAGE: gear left Park (now D)
[2026-05-18 21:23:28.306] Husby was here, and we are ready to go
[2026-05-18 21:23:28.329] AUTO-DISENGAGE: gear left Park (now D)
[2026-05-18 21:23:28.329] Husby was here, and we are ready to go
[2026-05-18 21:23:28.345] AUTO-DISENGAGE: gear left Park (now D)
[2026-05-18 21:23:28.345] Husby was here, and we are ready to go
[2026-05-18 21:23:28.364] AUTO-DISENGAGE: gear left Park (now D)
[2026-05-18 21:23:28.364] Husby was here, and we are ready to go
[2026-05-18 21:23:28.364] AUTO-DISENGAGE: gear left Park (now D)
[2026-05-18 21:23:28.364] Husby was here, and we are ready to go
[2026-05-18 21:23:28.385] AUTO-DISENGAGE: gear left Park (now D)
[2026-05-18 21:23:28.385] Husby was here, and we are ready to go
[2026-05-18 21:23:28.411] AUTO-DISENGAGE: gear left Park (now D)
[2026-05-18 21:23:28.411] Husby was here, and we are ready to go
[2026-05-18 21:23:28.426] AUTO-DISENGAGE: gear left Park (now D)
[2026-05-18 21:23:28.427] Husby was here, and we are ready to go
[2026-05-18 21:23:28.452] AUTO-DISENGAGE: gear left Park (now D)
[2026-05-18 21:23:28.452] Husby was here, and we are ready to go
[2026-05-18 21:23:28.463] AUTO-DISENGAGE: gear left Park (now D)
[2026-05-18 21:23:28.464] Husby was here, and we are ready to go
[2026-05-18 21:23:28.464] AUTO-DISENGAGE: gear left Park (now D)
[2026-05-18 21:23:28.465] Husby was here, and we are ready to go
[2026-05-18 21:23:28.485] AUTO-DISENGAGE: gear left Park (now D)
[2026-05-18 21:23:28.485] Husby was here, and we are ready to go
[2026-05-18 21:23:28.505] AUTO-DISENGAGE: gear left Park (now D)
[2026-05-18 21:23:28.505] Husby was here, and we are ready to go
[2026-05-18 21:23:28.528] AUTO-DISENGAGE: gear left Park (now D)
[2026-05-18 21:23:28.528] Husby was here, and we are ready to go
[2026-05-18 21:23:28.545] AUTO-DISENGAGE: gear left Park (now D)
[2026-05-18 21:23:28.545] Husby was here, and we are ready to go
[2026-05-18 21:23:28.564] AUTO-DISENGAGE: gear left Park (now D)
[2026-05-18 21:23:28.564] Husby was here, and we are ready to go
[2026-05-18 21:23:28.565] AUTO-DISENGAGE: gear left Park (now D)
[2026-05-18 21:23:28.565] Husby was here, and we are ready to go
[2026-05-18 21:23:28.588] AUTO-DISENGAGE: gear left Park (now D)
[2026-05-18 21:23:28.588] Husby was here, and we are ready to go
[2026-05-18 21:23:28.610] AUTO-DISENGAGE: gear left Park (now D)
[2026-05-18 21:23:28.610] Husby was here, and we are ready to go
[2026-05-18 21:23:28.629] AUTO-DISENGAGE: gear left Park (now D)
[2026-05-18 21:23:28.630] Husby was here, and we are ready to go
[2026-05-18 21:23:28.651] AUTO-DISENGAGE: gear left Park (now D)
[2026-05-18 21:23:28.652] Husby was here, and we are ready to go
[2026-05-18 21:23:28.665] AUTO-DISENGAGE: gear left Park (now D)
[2026-05-18 21:23:28.665] Husby was here, and we are ready to go
[2026-05-18 21:23:28.667] AUTO-DISENGAGE: gear left Park (now D)
[2026-05-18 21:23:28.668] Husby was here, and we are ready to go
[2026-05-18 21:23:28.690] AUTO-DISENGAGE: gear left Park (now D)
[2026-05-18 21:23:28.690] Husby was here, and we are ready to go
[2026-05-18 21:23:28.708] AUTO-DISENGAGE: gear left Park (now D)
[2026-05-18 21:23:28.708] Husby was here, and we are ready to go
[2026-05-18 21:23:28.728] AUTO-DISENGAGE: gear left Park (now D)
[2026-05-18 21:23:28.728] Husby was here, and we are ready to go
[2026-05-18 21:23:28.749] AUTO-DISENGAGE: gear left Park (now D)
[2026-05-18 21:23:28.749] Husby was here, and we are ready to go
[2026-05-18 21:23:28.763] AUTO-DISENGAGE: gear left Park (now D)
[2026-05-18 21:23:28.763] Husby was here, and we are ready to go
[2026-05-18 21:23:28.766] AUTO-DISENGAGE: gear left Park (now D)
[2026-05-18 21:23:28.767] Husby was here, and we are ready to go
[2026-05-18 21:23:28.789] AUTO-DISENGAGE: gear left Park (now D)
[2026-05-18 21:23:28.789] Husby was here, and we are ready to go
[2026-05-18 21:23:28.808] AUTO-DISENGAGE: gear left Park (now D)
[2026-05-18 21:23:28.808] Husby was here, and we are ready to go
[2026-05-18 21:23:28.829] AUTO-DISENGAGE: gear left Park (now D)
[2026-05-18 21:23:28.829] Husby was here, and we are ready to go
[2026-05-18 21:23:28.847] AUTO-DISENGAGE: gear left Park (now D)
[2026-05-18 21:23:28.847] Husby was here, and we are ready to go
[2026-05-18 21:23:28.863] AUTO-DISENGAGE: gear left Park (now D)
[2026-05-18 21:23:28.863] Husby was here, and we are ready to go
[2026-05-18 21:23:28.867] AUTO-DISENGAGE: gear left Park (now D)
[2026-05-18 21:23:28.867] Husby was here, and we are ready to go
[2026-05-18 21:23:28.888] AUTO-DISENGAGE: gear left Park (now D)
[2026-05-18 21:23:28.888] Husby was here, and we are ready to go
[2026-05-18 21:23:28.913] AUTO-DISENGAGE: gear left Park (now D)
[2026-05-18 21:23:28.913] Husby was here, and we are ready to go
[2026-05-18 21:23:28.933] AUTO-DISENGAGE: gear left Park (now D)
[2026-05-18 21:23:28.933] Husby was here, and we are ready to go
[2026-05-18 21:23:28.953] AUTO-DISENGAGE: gear left Park (now D)
[2026-05-18 21:23:28.953] Husby was here, and we are ready to go
[2026-05-18 21:23:28.963] AUTO-DISENGAGE: gear left Park (now D)
[2026-05-18 21:23:28.963] Husby was here, and we are ready to go
[2026-05-18 21:23:28.972] AUTO-DISENGAGE: gear left Park (now D)
[2026-05-18 21:23:28.972] Husby was here, and we are ready to go
[2026-05-18 21:23:28.992] AUTO-DISENGAGE: gear left Park (now D)
[2026-05-18 21:23:28.993] Husby was here, and we are ready to go
[2026-05-18 21:23:29.013] AUTO-DISENGAGE: gear left Park (now D)
[2026-05-18 21:23:29.013] Husby was here, and we are ready to go
[2026-05-18 21:23:29.033] AUTO-DISENGAGE: gear left Park (now D)
[2026-05-18 21:23:29.033] Husby was here, and we are ready to go
[2026-05-18 21:23:29.053] AUTO-DISENGAGE: gear left Park (now D)
[2026-05-18 21:23:29.053] Husby was here, and we are ready to go
[2026-05-18 21:23:29.063] AUTO-DISENGAGE: gear left Park (now D)
[2026-05-18 21:23:29.063] Husby was here, and we are ready to go
[2026-05-18 21:23:29.072] AUTO-DISENGAGE: gear left Park (now D)
[2026-05-18 21:23:29.072] Husby was here, and we are ready to go
[2026-05-18 21:23:29.093] AUTO-DISENGAGE: gear left Park (now D)
[2026-05-18 21:23:29.094] Husby was here, and we are ready to go
[2026-05-18 21:23:29.116] AUTO-DISENGAGE: gear left Park (now D)
[2026-05-18 21:23:29.117] Husby was here, and we are ready to go
[2026-05-18 21:23:29.133] AUTO-DISENGAGE: gear left Park (now D)
[2026-05-18 21:23:29.133] Husby was here, and we are ready to go
[2026-05-18 21:23:29.154] AUTO-DISENGAGE: gear left Park (now D)
[2026-05-18 21:23:29.154] Husby was here, and we are ready to go
[2026-05-18 21:23:29.164] AUTO-DISENGAGE: gear left Park (now D)
[2026-05-18 21:23:29.164] Husby was here, and we are ready to go
[2026-05-18 21:23:29.173] AUTO-DISENGAGE: gear left Park (now D)
[2026-05-18 21:23:29.173] Husby was here, and we are ready to go
[2026-05-18 21:23:29.194] AUTO-DISENGAGE: gear left Park (now D)
[2026-05-18 21:23:29.194] Husby was here, and we are ready to go
[2026-05-18 21:23:29.214] AUTO-DISENGAGE: gear left Park (now D)
[2026-05-18 21:23:29.214] Husby was here, and we are ready to go
[2026-05-18 21:23:29.234] AUTO-DISENGAGE: gear left Park (now D)
[2026-05-18 21:23:29.234] Husby was here, and we are ready to go
[2026-05-18 21:23:29.254] AUTO-DISENGAGE: gear left Park (now D)
[2026-05-18 21:23:29.254] Husby was here, and we are ready to go
[2026-05-18 21:23:29.263] AUTO-DISENGAGE: gear left Park (now D)
[2026-05-18 21:23:29.263] Husby was here, and we are ready to go
[2026-05-18 21:23:29.272] AUTO-DISENGAGE: gear left Park (now D)
[2026-05-18 21:23:29.273] Husby was here, and we are ready to go
[2026-05-18 21:23:29.293] AUTO-DISENGAGE: gear left Park (now D)
[2026-05-18 21:23:29.293] Husby was here, and we are ready to go
[2026-05-18 21:23:29.313] AUTO-DISENGAGE: gear left Park (now D)
[2026-05-18 21:23:29.313] Husby was here, and we are ready to go
[2026-05-18 21:23:29.332] AUTO-DISENGAGE: gear left Park (now D)
[2026-05-18 21:23:29.332] Husby was here, and we are ready to go
[2026-05-18 21:23:29.353] AUTO-DISENGAGE: gear left Park (now D)
[2026-05-18 21:23:29.354] Husby was here, and we are ready to go
[2026-05-18 21:23:29.365] AUTO-DISENGAGE: gear left Park (now D)
[2026-05-18 21:23:29.366] Husby was here, and we are ready to go
[2026-05-18 21:23:29.373] AUTO-DISENGAGE: gear left Park (now D)
[2026-05-18 21:23:29.373] Husby was here, and we are ready to go
[2026-05-18 21:23:29.395] AUTO-DISENGAGE: gear left Park (now D)
[2026-05-18 21:23:29.396] Husby was here, and we are ready to go
[2026-05-18 21:23:29.413] AUTO-DISENGAGE: gear left Park (now D)
[2026-05-18 21:23:29.414] Husby was here, and we are ready to go
[2026-05-18 21:23:29.433] AUTO-DISENGAGE: gear left Park (now D)
[2026-05-18 21:23:29.433] Husby was here, and we are ready to go
[2026-05-18 21:23:29.454] AUTO-DISENGAGE: gear left Park (now D)
[2026-05-18 21:23:29.454] Husby was here, and we are ready to go
[2026-05-18 21:23:29.464] AUTO-DISENGAGE: gear left Park (now D)
[2026-05-18 21:23:29.464] Husby was here, and we are ready to go
[2026-05-18 21:23:29.473] AUTO-DISENGAGE: gear left Park (now D)
[2026-05-18 21:23:29.473] Husby was here, and we are ready to go
[2026-05-18 21:23:29.494] AUTO-DISENGAGE: gear left Park (now D)
[2026-05-18 21:23:29.494] Husby was here, and we are ready to go
[2026-05-18 21:23:29.513] AUTO-DISENGAGE: gear left Park (now D)
[2026-05-18 21:23:29.514] Husby was here, and we are ready to go
[2026-05-18 21:23:29.533] AUTO-DISENGAGE: gear left Park (now D)
[2026-05-18 21:23:29.533] Husby was here, and we are ready to go
[2026-05-18 21:23:29.553] AUTO-DISENGAGE: gear left Park (now D)
[2026-05-18 21:23:29.553] Husby was here, and we are ready to go
[2026-05-18 21:23:29.563] AUTO-DISENGAGE: gear left Park (now D)
[2026-05-18 21:23:29.563] Husby was here, and we are ready to go
[2026-05-18 21:23:29.572] AUTO-DISENGAGE: gear left Park (now D)
[2026-05-18 21:23:29.572] Husby was here, and we are ready to go
[2026-05-18 21:23:29.593] AUTO-DISENGAGE: gear left Park (now D)
[2026-05-18 21:23:29.593] Husby was here, and we are ready to go
[2026-05-18 21:23:29.612] AUTO-DISENGAGE: gear left Park (now D)
[2026-05-18 21:23:29.613] Husby was here, and we are ready to go
[2026-05-18 21:23:29.633] AUTO-DISENGAGE: gear left Park (now D)
[2026-05-18 21:23:29.633] Husby was here, and we are ready to go
[2026-05-18 21:23:29.653] AUTO-DISENGAGE: gear left Park (now D)
[2026-05-18 21:23:29.653] Husby was here, and we are ready to go
[2026-05-18 21:23:29.663] AUTO-DISENGAGE: gear left Park (now D)
[2026-05-18 21:23:29.663] Husby was here, and we are ready to go
[2026-05-18 21:23:29.673] AUTO-DISENGAGE: gear left Park (now D)
[2026-05-18 21:23:29.673] Husby was here, and we are ready to go
[2026-05-18 21:23:29.693] AUTO-DISENGAGE: gear left Park (now D)
[2026-05-18 21:23:29.694] Husby was here, and we are ready to go
[2026-05-18 21:23:29.713] AUTO-DISENGAGE: gear left Park (now D)
[2026-05-18 21:23:29.713] Husby was here, and we are ready to go
[2026-05-18 21:23:29.733] AUTO-DISENGAGE: gear left Park (now D)
[2026-05-18 21:23:29.733] Husby was here, and we are ready to go
[2026-05-18 21:23:29.754] AUTO-DISENGAGE: gear left Park (now D)
[2026-05-18 21:23:29.754] Husby was here, and we are ready to go
[2026-05-18 21:23:29.763] AUTO-DISENGAGE: gear left Park (now D)
[2026-05-18 21:23:29.763] Husby was here, and we are ready to go
[2026-05-18 21:23:29.773] AUTO-DISENGAGE: gear left Park (now D)
[2026-05-18 21:23:29.773] Husby was here, and we are ready to go
[2026-05-18 21:23:29.794] AUTO-DISENGAGE: gear left Park (now D)
[2026-05-18 21:23:29.794] Husby was here, and we are ready to go
[2026-05-18 21:23:29.813] AUTO-DISENGAGE: gear left Park (now D)
[2026-05-18 21:23:29.813] Husby was here, and we are ready to go
[2026-05-18 21:23:29.834] AUTO-DISENGAGE: gear left Park (now D)
[2026-05-18 21:23:29.834] Husby was here, and we are ready to go
[2026-05-18 21:23:29.854] AUTO-DISENGAGE: gear left Park (now D)
[2026-05-18 21:23:29.854] Husby was here, and we are ready to go
[2026-05-18 21:23:29.864] AUTO-DISENGAGE: gear left Park (now D)
[2026-05-18 21:23:29.864] Husby was here, and we are ready to go
[2026-05-18 21:23:29.873] AUTO-DISENGAGE: gear left Park (now D)
[2026-05-18 21:23:29.873] Husby was here, and we are ready to go
[2026-05-18 21:23:29.893] AUTO-DISENGAGE: gear left Park (now D)
[2026-05-18 21:23:29.894] Husby was here, and we are ready to go
[2026-05-18 21:23:29.913] AUTO-DISENGAGE: gear left Park (now D)
[2026-05-18 21:23:29.913] Husby was here, and we are ready to go
[2026-05-18 21:23:29.933] AUTO-DISENGAGE: gear left Park (now D)
[2026-05-18 21:23:29.933] Husby was here, and we are ready to go
[2026-05-18 21:23:29.953] AUTO-DISENGAGE: gear left Park (now D)
[2026-05-18 21:23:29.954] Husby was here, and we are ready to go
[2026-05-18 21:23:29.964] AUTO-DISENGAGE: gear left Park (now D)
[2026-05-18 21:23:29.964] Husby was here, and we are ready to go
[2026-05-18 21:23:29.973] AUTO-DISENGAGE: gear left Park (now D)
[2026-05-18 21:23:29.973] Husby was here, and we are ready to go
[2026-05-18 21:23:29.993] AUTO-DISENGAGE: gear left Park (now D)
[2026-05-18 21:23:29.993] Husby was here, and we are ready to go
[2026-05-18 21:23:30.013] AUTO-DISENGAGE: gear left Park (now D)
[2026-05-18 21:23:30.014] Husby was here, and we are ready to go
[2026-05-18 21:23:30.035] AUTO-DISENGAGE: gear left Park (now D)
[2026-05-18 21:23:30.035] Husby was here, and we are ready to go
[2026-05-18 21:23:30.057] AUTO-DISENGAGE: gear left Park (now D)
[2026-05-18 21:23:30.057] Husby was here, and we are ready to go
[2026-05-18 21:23:30.064] AUTO-DISENGAGE: gear left Park (now D)
[2026-05-18 21:23:30.065] Husby was here, and we are ready to go
[2026-05-18 21:23:30.074] AUTO-DISENGAGE: gear left Park (now D)
[2026-05-18 21:23:30.074] Husby was here, and we are ready to go
[2026-05-18 21:23:30.093] AUTO-DISENGAGE: gear left Park (now D)
[2026-05-18 21:23:30.093] Husby was here, and we are ready to go
[2026-05-18 21:23:30.113] AUTO-DISENGAGE: gear left Park (now D)
[2026-05-18 21:23:30.113] Husby was here, and we are ready to go
[2026-05-18 21:23:30.134] AUTO-DISENGAGE: gear left Park (now D)
[2026-05-18 21:23:30.134] Husby was here, and we are ready to go
[2026-05-18 21:23:30.154] AUTO-DISENGAGE: gear left Park (now D)
[2026-05-18 21:23:30.154] Husby was here, and we are ready to go
[2026-05-18 21:23:30.164] AUTO-DISENGAGE: gear left Park (now D)
[2026-05-18 21:23:30.164] Husby was here, and we are ready to go
[2026-05-18 21:23:30.173] AUTO-DISENGAGE: gear left Park (now D)
[2026-05-18 21:23:30.173] Husby was here, and we are ready to go
[2026-05-18 21:23:30.193] AUTO-DISENGAGE: gear left Park (now D)
[2026-05-18 21:23:30.193] Husby was here, and we are ready to go
[2026-05-18 21:23:30.213] AUTO-DISENGAGE: gear left Park (now D)
[2026-05-18 21:23:30.214] Husby was here, and we are ready to go
[2026-05-18 21:23:30.234] AUTO-DISENGAGE: gear left Park (now D)
[2026-05-18 21:23:30.234] Husby was here, and we are ready to go
[2026-05-18 21:23:30.254] AUTO-DISENGAGE: gear left Park (now D)
[2026-05-18 21:23:30.254] Husby was here, and we are ready to go
[2026-05-18 21:23:30.264] AUTO-DISENGAGE: gear left Park (now D)
[2026-05-18 21:23:30.264] Husby was here, and we are ready to go
[2026-05-18 21:23:30.273] AUTO-DISENGAGE: gear left Park (now D)
[2026-05-18 21:23:30.273] Husby was here, and we are ready to go
[2026-05-18 21:23:30.293] AUTO-DISENGAGE: gear left Park (now D)
[2026-05-18 21:23:30.293] Husby was here, and we are ready to go
[2026-05-18 21:23:30.313] AUTO-DISENGAGE: gear left Park (now D)
[2026-05-18 21:23:30.314] Husby was here, and we are ready to go
[2026-05-18 21:23:30.333] AUTO-DISENGAGE: gear left Park (now D)
[2026-05-18 21:23:30.333] Husby was here, and we are ready to go
[2026-05-18 21:23:30.354] AUTO-DISENGAGE: gear left Park (now D)
[2026-05-18 21:23:30.354] Husby was here, and we are ready to go
[2026-05-18 21:23:30.363] AUTO-DISENGAGE: gear left Park (now D)
[2026-05-18 21:23:30.363] Husby was here, and we are ready to go
[2026-05-18 21:23:30.373] AUTO-DISENGAGE: gear left Park (now D)
[2026-05-18 21:23:30.373] Husby was here, and we are ready to go
[2026-05-18 21:23:30.393] AUTO-DISENGAGE: gear left Park (now D)
[2026-05-18 21:23:30.393] Husby was here, and we are ready to go
[2026-05-18 21:23:30.413] AUTO-DISENGAGE: gear left Park (now D)
[2026-05-18 21:23:30.413] Husby was here, and we are ready to go
[2026-05-18 21:23:30.433] AUTO-DISENGAGE: gear left Park (now D)
[2026-05-18 21:23:30.433] Husby was here, and we are ready to go
[2026-05-18 21:23:30.453] AUTO-DISENGAGE: gear left Park (now D)
[2026-05-18 21:23:30.453] Husby was here, and we are ready to go
[2026-05-18 21:23:30.463] AUTO-DISENGAGE: gear left Park (now D)
[2026-05-18 21:23:30.463] Husby was here, and we are ready to go
[2026-05-18 21:23:30.473] AUTO-DISENGAGE: gear left Park (now D)
[2026-05-18 21:23:30.473] Husby was here, and we are ready to go
[2026-05-18 21:23:30.493] AUTO-DISENGAGE: gear left Park (now D)
[2026-05-18 21:23:30.494] Husby was here, and we are ready to go
[2026-05-18 21:23:30.514] AUTO-DISENGAGE: gear left Park (now D)
[2026-05-18 21:23:30.514] Husby was here, and we are ready to go
[2026-05-18 21:23:30.537] AUTO-DISENGAGE: gear left Park (now D)
[2026-05-18 21:23:30.538] Husby was here, and we are ready to go
[2026-05-18 21:23:30.557] AUTO-DISENGAGE: gear left Park (now D)
[2026-05-18 21:23:30.557] Husby was here, and we are ready to go
[2026-05-18 21:23:30.564] AUTO-DISENGAGE: gear left Park (now D)
[2026-05-18 21:23:30.564] Husby was here, and we are ready to go
[2026-05-18 21:23:30.573] AUTO-DISENGAGE: gear left Park (now D)
[2026-05-18 21:23:30.574] Husby was here, and we are ready to go
[2026-05-18 21:23:30.595] AUTO-DISENGAGE: gear left Park (now D)
[2026-05-18 21:23:30.595] Husby was here, and we are ready to go
[2026-05-18 21:23:30.614] AUTO-DISENGAGE: gear left Park (now D)
[2026-05-18 21:23:30.614] Husby was here, and we are ready to go
[2026-05-18 21:23:30.635] AUTO-DISENGAGE: gear left Park (now D)
[2026-05-18 21:23:30.636] Husby was here, and we are ready to go
[2026-05-18 21:23:30.654] AUTO-DISENGAGE: gear left Park (now D)
[2026-05-18 21:23:30.654] Husby was here, and we are ready to go
[2026-05-18 21:23:30.663] AUTO-DISENGAGE: gear left Park (now D)
[2026-05-18 21:23:30.663] Husby was here, and we are ready to go
[2026-05-18 21:23:30.675] AUTO-DISENGAGE: gear left Park (now D)
[2026-05-18 21:23:30.675] Husby was here, and we are ready to go
[2026-05-18 21:23:30.693] AUTO-DISENGAGE: gear left Park (now D)
[2026-05-18 21:23:30.693] Husby was here, and we are ready to go
[2026-05-18 21:23:30.714] AUTO-DISENGAGE: gear left Park (now D)
[2026-05-18 21:23:30.714] Husby was here, and we are ready to go
[2026-05-18 21:23:30.733] AUTO-DISENGAGE: gear left Park (now D)
[2026-05-18 21:23:30.733] Husby was here, and we are ready to go
[2026-05-18 21:23:30.756] AUTO-DISENGAGE: gear left Park (now D)
[2026-05-18 21:23:30.757] Husby was here, and we are ready to go
[2026-05-18 21:23:30.764] AUTO-DISENGAGE: gear left Park (now D)
[2026-05-18 21:23:30.765] Husby was here, and we are ready to go
[2026-05-18 21:23:30.774] AUTO-DISENGAGE: gear left Park (now D)
[2026-05-18 21:23:30.774] Husby was here, and we are ready to go
[2026-05-18 21:23:30.794] AUTO-DISENGAGE: gear left Park (now D)
[2026-05-18 21:23:30.794] Husby was here, and we are ready to go
[2026-05-18 21:23:30.814] AUTO-DISENGAGE: gear left Park (now D)
[2026-05-18 21:23:30.815] Husby was here, and we are ready to go
[2026-05-18 21:23:30.835] AUTO-DISENGAGE: gear left Park (now D)
[2026-05-18 21:23:30.836] Husby was here, and we are ready to go
[2026-05-18 21:23:30.853] AUTO-DISENGAGE: gear left Park (now D)
[2026-05-18 21:23:30.853] Husby was here, and we are ready to go
[2026-05-18 21:23:30.863] AUTO-DISENGAGE: gear left Park (now D)
[2026-05-18 21:23:30.864] Husby was here, and we are ready to go
[2026-05-18 21:23:30.873] AUTO-DISENGAGE: gear left Park (now D)
[2026-05-18 21:23:30.873] Husby was here, and we are ready to go
[2026-05-18 21:23:30.893] AUTO-DISENGAGE: gear left Park (now D)
[2026-05-18 21:23:30.893] Husby was here, and we are ready to go
[2026-05-18 21:23:30.913] AUTO-DISENGAGE: gear left Park (now D)
[2026-05-18 21:23:30.913] Husby was here, and we are ready to go
[2026-05-18 21:23:30.933] AUTO-DISENGAGE: gear left Park (now D)
[2026-05-18 21:23:30.933] Husby was here, and we are ready to go
[2026-05-18 21:23:30.953] AUTO-DISENGAGE: gear left Park (now D)
[2026-05-18 21:23:30.953] Husby was here, and we are ready to go
[2026-05-18 21:23:30.963] AUTO-DISENGAGE: gear left Park (now D)
[2026-05-18 21:23:30.963] Husby was here, and we are ready to go
[2026-05-18 21:23:30.972] AUTO-DISENGAGE: gear left Park (now D)
[2026-05-18 21:23:30.972] Husby was here, and we are ready to go
[2026-05-18 21:23:30.993] AUTO-DISENGAGE: gear left Park (now D)
[2026-05-18 21:23:30.993] Husby was here, and we are ready to go
[2026-05-18 21:23:31.013] AUTO-DISENGAGE: gear left Park (now D)
[2026-05-18 21:23:31.013] Husby was here, and we are ready to go
[2026-05-18 21:23:31.033] AUTO-DISENGAGE: gear left Park (now D)
[2026-05-18 21:23:31.033] Husby was here, and we are ready to go
[2026-05-18 21:23:31.053] AUTO-DISENGAGE: gear left Park (now D)
[2026-05-18 21:23:31.053] Husby was here, and we are ready to go
[2026-05-18 21:23:31.064] AUTO-DISENGAGE: gear left Park (now D)
[2026-05-18 21:23:31.064] Husby was here, and we are ready to go
[2026-05-18 21:23:31.073] AUTO-DISENGAGE: gear left Park (now D)
[2026-05-18 21:23:31.073] Husby was here, and we are ready to go
[2026-05-18 21:23:31.093] AUTO-DISENGAGE: gear left Park (now D)
[2026-05-18 21:23:31.093] Husby was here, and we are ready to go
[2026-05-18 21:23:31.113] AUTO-DISENGAGE: gear left Park (now D)
[2026-05-18 21:23:31.113] Husby was here, and we are ready to go
[2026-05-18 21:23:31.133] AUTO-DISENGAGE: gear left Park (now D)
[2026-05-18 21:23:31.133] Husby was here, and we are ready to go
[2026-05-18 21:23:31.153] AUTO-DISENGAGE: gear left Park (now D)
[2026-05-18 21:23:31.153] Husby was here, and we are ready to go
[2026-05-18 21:23:31.163] AUTO-DISENGAGE: gear left Park (now D)
[2026-05-18 21:23:31.163] Husby was here, and we are ready to go
[2026-05-18 21:23:31.172] AUTO-DISENGAGE: gear left Park (now D)
[2026-05-18 21:23:31.172] Husby was here, and we are ready to go
[2026-05-18 21:23:31.193] AUTO-DISENGAGE: gear left Park (now D)
[2026-05-18 21:23:31.193] Husby was here, and we are ready to go
[2026-05-18 21:23:31.213] AUTO-DISENGAGE: gear left Park (now D)
[2026-05-18 21:23:31.213] Husby was here, and we are ready to go
[2026-05-18 21:23:31.233] AUTO-DISENGAGE: gear left Park (now D)
[2026-05-18 21:23:31.233] Husby was here, and we are ready to go
[2026-05-18 21:23:31.253] AUTO-DISENGAGE: gear left Park (now D)
[2026-05-18 21:23:31.253] Husby was here, and we are ready to go
[2026-05-18 21:23:31.263] AUTO-DISENGAGE: gear left Park (now D)
[2026-05-18 21:23:31.264] Husby was here, and we are ready to go
[2026-05-18 21:23:31.272] AUTO-DISENGAGE: gear left Park (now D)
[2026-05-18 21:23:31.273] Husby was here, and we are ready to go
[2026-05-18 21:23:31.293] AUTO-DISENGAGE: gear left Park (now D)
[2026-05-18 21:23:31.293] Husby was here, and we are ready to go
[2026-05-18 21:23:31.313] AUTO-DISENGAGE: gear left Park (now D)
[2026-05-18 21:23:31.313] Husby was here, and we are ready to go
[2026-05-18 21:23:31.333] AUTO-DISENGAGE: gear left Park (now D)
[2026-05-18 21:23:31.334] Husby was here, and we are ready to go
[2026-05-18 21:23:31.354] AUTO-DISENGAGE: gear left Park (now D)
[2026-05-18 21:23:31.354] Husby was here, and we are ready to go
[2026-05-18 21:23:31.364] AUTO-DISENGAGE: gear left Park (now D)
[2026-05-18 21:23:31.365] Husby was here, and we are ready to go
[2026-05-18 21:23:31.373] AUTO-DISENGAGE: gear left Park (now D)
[2026-05-18 21:23:31.373] Husby was here, and we are ready to go
[2026-05-18 21:23:31.393] AUTO-DISENGAGE: gear left Park (now D)
[2026-05-18 21:23:31.393] Husby was here, and we are ready to go
[2026-05-18 21:23:31.414] AUTO-DISENGAGE: gear left Park (now D)
[2026-05-18 21:23:31.414] Husby was here, and we are ready to go
[2026-05-18 21:23:31.433] AUTO-DISENGAGE: gear left Park (now D)
[2026-05-18 21:23:31.433] Husby was here, and we are ready to go
[2026-05-18 21:23:31.453] AUTO-DISENGAGE: gear left Park (now D)
[2026-05-18 21:23:31.453] Husby was here, and we are ready to go
[2026-05-18 21:23:31.463] AUTO-DISENGAGE: gear left Park (now D)
[2026-05-18 21:23:31.463] Husby was here, and we are ready to go
[2026-05-18 21:23:31.473] AUTO-DISENGAGE: gear left Park (now D)
[2026-05-18 21:23:31.473] Husby was here, and we are ready to go
[2026-05-18 21:23:31.493] AUTO-DISENGAGE: gear left Park (now D)
[2026-05-18 21:23:31.493] Husby was here, and we are ready to go
[2026-05-18 21:23:31.514] AUTO-DISENGAGE: gear left Park (now D)
[2026-05-18 21:23:31.515] Husby was here, and we are ready to go
[2026-05-18 21:23:31.535] AUTO-DISENGAGE: gear left Park (now D)
[2026-05-18 21:23:31.535] Husby was here, and we are ready to go
[2026-05-18 21:23:31.555] AUTO-DISENGAGE: gear left Park (now D)
[2026-05-18 21:23:31.555] Husby was here, and we are ready to go
[2026-05-18 21:23:31.564] AUTO-DISENGAGE: gear left Park (now D)
[2026-05-18 21:23:31.564] Husby was here, and we are ready to go
[2026-05-18 21:23:31.573] AUTO-DISENGAGE: gear left Park (now D)
[2026-05-18 21:23:31.573] Husby was here, and we are ready to go
[2026-05-18 21:23:31.594] AUTO-DISENGAGE: gear left Park (now D)
[2026-05-18 21:23:31.594] Husby was here, and we are ready to go
[2026-05-18 21:23:31.613] AUTO-DISENGAGE: gear left Park (now D)
[2026-05-18 21:23:31.613] Husby was here, and we are ready to go
[2026-05-18 21:23:31.636] AUTO-DISENGAGE: gear left Park (now D)
[2026-05-18 21:23:31.636] Husby was here, and we are ready to go
[2026-05-18 21:23:31.655] AUTO-DISENGAGE: gear left Park (now D)
[2026-05-18 21:23:31.656] Husby was here, and we are ready to go
[2026-05-18 21:23:31.664] AUTO-DISENGAGE: gear left Park (now D)
[2026-05-18 21:23:31.664] Husby was here, and we are ready to go
[2026-05-18 21:23:31.674] AUTO-DISENGAGE: gear left Park (now D)
[2026-05-18 21:23:31.674] Husby was here, and we are ready to go
[2026-05-18 21:23:31.695] AUTO-DISENGAGE: gear left Park (now D)
[2026-05-18 21:23:31.696] Husby was here, and we are ready to go
[2026-05-18 21:23:31.714] AUTO-DISENGAGE: gear left Park (now D)
[2026-05-18 21:23:31.714] Husby was here, and we are ready to go
[2026-05-18 21:23:31.734] AUTO-DISENGAGE: gear left Park (now D)
[2026-05-18 21:23:31.734] Husby was here, and we are ready to go
[2026-05-18 21:23:31.755] AUTO-DISENGAGE: gear left Park (now D)
[2026-05-18 21:23:31.755] Husby was here, and we are ready to go
[2026-05-18 21:23:31.764] AUTO-DISENGAGE: gear left Park (now D)
[2026-05-18 21:23:31.764] Husby was here, and we are ready to go
[2026-05-18 21:23:31.774] AUTO-DISENGAGE: gear left Park (now D)
[2026-05-18 21:23:31.774] Husby was here, and we are ready to go
[2026-05-18 21:23:31.795] AUTO-DISENGAGE: gear left Park (now D)
[2026-05-18 21:23:31.795] Husby was here, and we are ready to go
[2026-05-18 21:23:31.813] AUTO-DISENGAGE: gear left Park (now D)
[2026-05-18 21:23:31.814] Husby was here, and we are ready to go
[2026-05-18 21:23:31.834] AUTO-DISENGAGE: gear left Park (now D)
[2026-05-18 21:23:31.834] Husby was here, and we are ready to go
[2026-05-18 21:23:31.853] AUTO-DISENGAGE: gear left Park (now D)
[2026-05-18 21:23:31.854] Husby was here, and we are ready to go
[2026-05-18 21:23:31.864] AUTO-DISENGAGE: gear left Park (now D)
[2026-05-18 21:23:31.864] Husby was here, and we are ready to go
[2026-05-18 21:23:31.874] AUTO-DISENGAGE: gear left Park (now D)
[2026-05-18 21:23:31.874] Husby was here, and we are ready to go
[2026-05-18 21:23:31.893] AUTO-DISENGAGE: gear left Park (now D)
[2026-05-18 21:23:31.893] Husby was here, and we are ready to go
[2026-05-18 21:23:31.914] AUTO-DISENGAGE: gear left Park (now D)
[2026-05-18 21:23:31.914] Husby was here, and we are ready to go
[2026-05-18 21:23:31.933] AUTO-DISENGAGE: gear left Park (now D)
[2026-05-18 21:23:31.933] Husby was here, and we are ready to go
[2026-05-18 21:23:31.955] AUTO-DISENGAGE: gear left Park (now D)
[2026-05-18 21:23:31.955] Husby was here, and we are ready to go
[2026-05-18 21:23:31.963] AUTO-DISENGAGE: gear left Park (now D)
[2026-05-18 21:23:31.964] Husby was here, and we are ready to go
[2026-05-18 21:23:31.973] AUTO-DISENGAGE: gear left Park (now D)
[2026-05-18 21:23:31.973] Husby was here, and we are ready to go
[2026-05-18 21:23:31.994] AUTO-DISENGAGE: gear left Park (now D)
[2026-05-18 21:23:31.995] Husby was here, and we are ready to go
[2026-05-18 21:23:32.014] AUTO-DISENGAGE: gear left Park (now D)
[2026-05-18 21:23:32.014] Husby was here, and we are ready to go
[2026-05-18 21:23:32.039] AUTO-DISENGAGE: gear left Park (now D)
[2026-05-18 21:23:32.039] Husby was here, and we are ready to go
[2026-05-18 21:23:32.055] AUTO-DISENGAGE: gear left Park (now D)
[2026-05-18 21:23:32.056] Husby was here, and we are ready to go
[2026-05-18 21:23:32.065] AUTO-DISENGAGE: gear left Park (now D)
[2026-05-18 21:23:32.066] Husby was here, and we are ready to go
[2026-05-18 21:23:32.074] AUTO-DISENGAGE: gear left Park (now D)
[2026-05-18 21:23:32.074] Husby was here, and we are ready to go
[2026-05-18 21:23:32.094] AUTO-DISENGAGE: gear left Park (now D)
[2026-05-18 21:23:32.094] Husby was here, and we are ready to go
[2026-05-18 21:23:32.113] AUTO-DISENGAGE: gear left Park (now D)
[2026-05-18 21:23:32.114] Husby was here, and we are ready to go
[2026-05-18 21:23:32.133] AUTO-DISENGAGE: gear left Park (now D)
[2026-05-18 21:23:32.133] Husby was here, and we are ready to go
[2026-05-18 21:23:32.155] AUTO-DISENGAGE: gear left Park (now D)
[2026-05-18 21:23:32.156] Husby was here, and we are ready to go
[2026-05-18 21:23:32.163] AUTO-DISENGAGE: gear left Park (now D)
[2026-05-18 21:23:32.163] Husby was here, and we are ready to go
[2026-05-18 21:23:32.173] AUTO-DISENGAGE: gear left Park (now D)
[2026-05-18 21:23:32.173] Husby was here, and we are ready to go
[2026-05-18 21:23:32.193] AUTO-DISENGAGE: gear left Park (now D)
[2026-05-18 21:23:32.193] Husby was here, and we are ready to go
[2026-05-18 21:23:32.213] AUTO-DISENGAGE: gear left Park (now D)
[2026-05-18 21:23:32.213] Husby was here, and we are ready to go
[2026-05-18 21:23:32.234] AUTO-DISENGAGE: gear left Park (now D)
[2026-05-18 21:23:32.234] Husby was here, and we are ready to go
[2026-05-18 21:23:32.253] AUTO-DISENGAGE: gear left Park (now D)
[2026-05-18 21:23:32.253] Husby was here, and we are ready to go
[2026-05-18 21:23:32.263] AUTO-DISENGAGE: gear left Park (now D)
[2026-05-18 21:23:32.263] Husby was here, and we are ready to go
[2026-05-18 21:23:32.273] AUTO-DISENGAGE: gear left Park (now D)
[2026-05-18 21:23:32.273] Husby was here, and we are ready to go
[2026-05-18 21:23:32.294] AUTO-DISENGAGE: gear left Park (now D)
[2026-05-18 21:23:32.294] Husby was here, and we are ready to go
[2026-05-18 21:23:32.317] AUTO-DISENGAGE: gear left Park (now D)
[2026-05-18 21:23:32.318] Husby was here, and we are ready to go
[2026-05-18 21:23:32.334] AUTO-DISENGAGE: gear left Park (now D)
[2026-05-18 21:23:32.334] Husby was here, and we are ready to go
[2026-05-18 21:23:32.357] AUTO-DISENGAGE: gear left Park (now D)
[2026-05-18 21:23:32.357] Husby was here, and we are ready to go
[2026-05-18 21:23:32.364] AUTO-DISENGAGE: gear left Park (now D)
[2026-05-18 21:23:32.364] Husby was here, and we are ready to go
[2026-05-18 21:23:32.374] AUTO-DISENGAGE: gear left Park (now D)
[2026-05-18 21:23:32.375] Husby was here, and we are ready to go
[2026-05-18 21:23:32.395] AUTO-DISENGAGE: gear left Park (now D)
[2026-05-18 21:23:32.395] Husby was here, and we are ready to go
[2026-05-18 21:23:32.414] AUTO-DISENGAGE: gear left Park (now D)
[2026-05-18 21:23:32.414] Husby was here, and we are ready to go
[2026-05-18 21:23:32.434] AUTO-DISENGAGE: gear left Park (now D)
[2026-05-18 21:23:32.434] Husby was here, and we are ready to go
[2026-05-18 21:23:32.457] AUTO-DISENGAGE: gear left Park (now D)
[2026-05-18 21:23:32.457] Husby was here, and we are ready to go
[2026-05-18 21:23:32.463] AUTO-DISENGAGE: gear left Park (now D)
[2026-05-18 21:23:32.463] Husby was here, and we are ready to go
[2026-05-18 21:23:32.473] AUTO-DISENGAGE: gear left Park (now D)
[2026-05-18 21:23:32.473] Husby was here, and we are ready to go
[2026-05-18 21:23:32.493] AUTO-DISENGAGE: gear left Park (now D)
[2026-05-18 21:23:32.493] Husby was here, and we are ready to go
[2026-05-18 21:23:32.514] AUTO-DISENGAGE: gear left Park (now D)
[2026-05-18 21:23:32.514] Husby was here, and we are ready to go
[2026-05-18 21:23:32.535] AUTO-DISENGAGE: gear left Park (now D)
[2026-05-18 21:23:32.535] Husby was here, and we are ready to go
[2026-05-18 21:23:32.553] AUTO-DISENGAGE: gear left Park (now D)
[2026-05-18 21:23:32.553] Husby was here, and we are ready to go
[2026-05-18 21:23:32.563] AUTO-DISENGAGE: gear left Park (now D)
[2026-05-18 21:23:32.563] Husby was here, and we are ready to go
[2026-05-18 21:23:32.573] AUTO-DISENGAGE: gear left Park (now D)
[2026-05-18 21:23:32.573] Husby was here, and we are ready to go
[2026-05-18 21:23:32.595] AUTO-DISENGAGE: gear left Park (now D)
[2026-05-18 21:23:32.595] Husby was here, and we are ready to go
[2026-05-18 21:23:32.618] AUTO-DISENGAGE: gear left Park (now D)
[2026-05-18 21:23:32.619] Husby was here, and we are ready to go
[2026-05-18 21:23:32.634] AUTO-DISENGAGE: gear left Park (now D)
[2026-05-18 21:23:32.635] Husby was here, and we are ready to go
[2026-05-18 21:23:32.655] AUTO-DISENGAGE: gear left Park (now D)
[2026-05-18 21:23:32.655] Husby was here, and we are ready to go
[2026-05-18 21:23:32.663] AUTO-DISENGAGE: gear left Park (now D)
[2026-05-18 21:23:32.663] Husby was here, and we are ready to go
[2026-05-18 21:23:32.673] AUTO-DISENGAGE: gear left Park (now D)
[2026-05-18 21:23:32.673] Husby was here, and we are ready to go
[2026-05-18 21:23:32.693] AUTO-DISENGAGE: gear left Park (now D)
[2026-05-18 21:23:32.693] Husby was here, and we are ready to go
[2026-05-18 21:23:32.717] AUTO-DISENGAGE: gear left Park (now D)
[2026-05-18 21:23:32.718] Husby was here, and we are ready to go
[2026-05-18 21:23:32.733] AUTO-DISENGAGE: gear left Park (now D)
[2026-05-18 21:23:32.734] Husby was here, and we are ready to go
[2026-05-18 21:23:32.755] AUTO-DISENGAGE: gear left Park (now D)
[2026-05-18 21:23:32.755] Husby was here, and we are ready to go
[2026-05-18 21:23:32.763] AUTO-DISENGAGE: gear left Park (now D)
[2026-05-18 21:23:32.763] Husby was here, and we are ready to go
[2026-05-18 21:23:32.773] AUTO-DISENGAGE: gear left Park (now D)
[2026-05-18 21:23:32.773] Husby was here, and we are ready to go
[2026-05-18 21:23:32.794] AUTO-DISENGAGE: gear left Park (now D)
[2026-05-18 21:23:32.794] Husby was here, and we are ready to go
[2026-05-18 21:23:32.814] AUTO-DISENGAGE: gear left Park (now D)
[2026-05-18 21:23:32.814] Husby was here, and we are ready to go
[2026-05-18 21:23:32.835] AUTO-DISENGAGE: gear left Park (now D)
[2026-05-18 21:23:32.835] Husby was here, and we are ready to go
[2026-05-18 21:23:32.853] AUTO-DISENGAGE: gear left Park (now D)
[2026-05-18 21:23:32.853] Husby was here, and we are ready to go
[2026-05-18 21:23:32.863] AUTO-DISENGAGE: gear left Park (now D)
[2026-05-18 21:23:32.863] Husby was here, and we are ready to go
[2026-05-18 21:23:32.873] AUTO-DISENGAGE: gear left Park (now D)
[2026-05-18 21:23:32.873] Husby was here, and we are ready to go
[2026-05-18 21:23:32.893] AUTO-DISENGAGE: gear left Park (now D)
[2026-05-18 21:23:32.894] Husby was here, and we are ready to go
[2026-05-18 21:23:32.914] AUTO-DISENGAGE: gear left Park (now D)
[2026-05-18 21:23:32.915] Husby was here, and we are ready to go
[2026-05-18 21:23:32.934] AUTO-DISENGAGE: gear left Park (now D)
[2026-05-18 21:23:32.934] Husby was here, and we are ready to go
[2026-05-18 21:23:32.953] AUTO-DISENGAGE: gear left Park (now D)
[2026-05-18 21:23:32.953] Husby was here, and we are ready to go
[2026-05-18 21:23:32.963] AUTO-DISENGAGE: gear left Park (now D)
[2026-05-18 21:23:32.963] Husby was here, and we are ready to go
[2026-05-18 21:23:32.973] AUTO-DISENGAGE: gear left Park (now D)
[2026-05-18 21:23:32.973] Husby was here, and we are ready to go
[2026-05-18 21:23:32.993] AUTO-DISENGAGE: gear left Park (now D)
[2026-05-18 21:23:32.993] Husby was here, and we are ready to go
[2026-05-18 21:23:33.019] AUTO-DISENGAGE: gear left Park (now D)
[2026-05-18 21:23:33.020] Husby was here, and we are ready to go
[2026-05-18 21:23:33.036] AUTO-DISENGAGE: gear left Park (now D)
[2026-05-18 21:23:33.036] Husby was here, and we are ready to go
[2026-05-18 21:23:33.058] AUTO-DISENGAGE: gear left Park (now D)
[2026-05-18 21:23:33.058] Husby was here, and we are ready to go
[2026-05-18 21:23:33.064] AUTO-DISENGAGE: gear left Park (now D)
[2026-05-18 21:23:33.064] Husby was here, and we are ready to go
[2026-05-18 21:23:33.075] AUTO-DISENGAGE: gear left Park (now D)
[2026-05-18 21:23:33.075] Husby was here, and we are ready to go
[2026-05-18 21:23:33.094] AUTO-DISENGAGE: gear left Park (now D)
[2026-05-18 21:23:33.094] Husby was here, and we are ready to go
[2026-05-18 21:23:33.117] AUTO-DISENGAGE: gear left Park (now D)
[2026-05-18 21:23:33.118] Husby was here, and we are ready to go
[2026-05-18 21:23:33.133] AUTO-DISENGAGE: gear left Park (now D)
[2026-05-18 21:23:33.133] Husby was here, and we are ready to go
[2026-05-18 21:23:33.154] AUTO-DISENGAGE: gear left Park (now D)
[2026-05-18 21:23:33.154] Husby was here, and we are ready to go
[2026-05-18 21:23:33.164] AUTO-DISENGAGE: gear left Park (now D)
[2026-05-18 21:23:33.164] Husby was here, and we are ready to go
[2026-05-18 21:23:33.173] AUTO-DISENGAGE: gear left Park (now D)
[2026-05-18 21:23:33.173] Husby was here, and we are ready to go
[2026-05-18 21:23:33.195] AUTO-DISENGAGE: gear left Park (now D)
[2026-05-18 21:23:33.195] Husby was here, and we are ready to go
[2026-05-18 21:23:33.218] AUTO-DISENGAGE: gear left Park (now D)
[2026-05-18 21:23:33.218] Husby was here, and we are ready to go
[2026-05-18 21:23:33.234] AUTO-DISENGAGE: gear left Park (now D)
[2026-05-18 21:23:33.235] Husby was here, and we are ready to go
[2026-05-18 21:23:33.256] AUTO-DISENGAGE: gear left Park (now D)
[2026-05-18 21:23:33.256] Husby was here, and we are ready to go
[2026-05-18 21:23:33.263] AUTO-DISENGAGE: gear left Park (now D)
[2026-05-18 21:23:33.263] Husby was here, and we are ready to go
[2026-05-18 21:23:33.273] AUTO-DISENGAGE: gear left Park (now D)
[2026-05-18 21:23:33.273] Husby was here, and we are ready to go
[2026-05-18 21:23:33.294] AUTO-DISENGAGE: gear left Park (now D)
[2026-05-18 21:23:33.294] Husby was here, and we are ready to go
[2026-05-18 21:23:33.315] AUTO-DISENGAGE: gear left Park (now D)
[2026-05-18 21:23:33.315] Husby was here, and we are ready to go
[2026-05-18 21:23:33.334] AUTO-DISENGAGE: gear left Park (now D)
[2026-05-18 21:23:33.334] Husby was here, and we are ready to go
[2026-05-18 21:23:33.354] AUTO-DISENGAGE: gear left Park (now D)
[2026-05-18 21:23:33.354] Husby was here, and we are ready to go
[2026-05-18 21:23:33.364] AUTO-DISENGAGE: gear left Park (now D)
[2026-05-18 21:23:33.364] Husby was here, and we are ready to go
[2026-05-18 21:23:33.373] AUTO-DISENGAGE: gear left Park (now D)
[2026-05-18 21:23:33.373] Husby was here, and we are ready to go
[2026-05-18 21:23:33.393] AUTO-DISENGAGE: gear left Park (now D)
[2026-05-18 21:23:33.393] Husby was here, and we are ready to go
[2026-05-18 21:23:33.414] AUTO-DISENGAGE: gear left Park (now D)
[2026-05-18 21:23:33.414] Husby was here, and we are ready to go
[2026-05-18 21:23:33.433] AUTO-DISENGAGE: gear left Park (now D)
[2026-05-18 21:23:33.433] Husby was here, and we are ready to go
[2026-05-18 21:23:33.453] AUTO-DISENGAGE: gear left Park (now D)
[2026-05-18 21:23:33.453] Husby was here, and we are ready to go
[2026-05-18 21:23:33.463] AUTO-DISENGAGE: gear left Park (now D)
[2026-05-18 21:23:33.463] Husby was here, and we are ready to go
[2026-05-18 21:23:33.473] AUTO-DISENGAGE: gear left Park (now D)
[2026-05-18 21:23:33.473] Husby was here, and we are ready to go
[2026-05-18 21:23:33.493] AUTO-DISENGAGE: gear left Park (now D)
[2026-05-18 21:23:33.493] Husby was here, and we are ready to go
[2026-05-18 21:23:33.513] AUTO-DISENGAGE: gear left Park (now D)
[2026-05-18 21:23:33.513] Husby was here, and we are ready to go
[2026-05-18 21:23:33.533] AUTO-DISENGAGE: gear left Park (now D)
[2026-05-18 21:23:33.533] Husby was here, and we are ready to go
[2026-05-18 21:23:33.553] AUTO-DISENGAGE: gear left Park (now D)
[2026-05-18 21:23:33.553] Husby was here, and we are ready to go
[2026-05-18 21:23:33.563] AUTO-DISENGAGE: gear left Park (now D)
[2026-05-18 21:23:33.563] Husby was here, and we are ready to go
[2026-05-18 21:23:33.573] AUTO-DISENGAGE: gear left Park (now D)
[2026-05-18 21:23:33.573] Husby was here, and we are ready to go
[2026-05-18 21:23:33.597] AUTO-DISENGAGE: gear left Park (now D)
[2026-05-18 21:23:33.597] Husby was here, and we are ready to go
[2026-05-18 21:23:33.616] AUTO-DISENGAGE: gear left Park (now D)
[2026-05-18 21:23:33.617] Husby was here, and we are ready to go
[2026-05-18 21:23:33.635] AUTO-DISENGAGE: gear left Park (now D)
[2026-05-18 21:23:33.636] Husby was here, and we are ready to go
[2026-05-18 21:23:33.658] AUTO-DISENGAGE: gear left Park (now D)
[2026-05-18 21:23:33.658] Husby was here, and we are ready to go
[2026-05-18 21:23:33.663] AUTO-DISENGAGE: gear left Park (now D)
[2026-05-18 21:23:33.663] Husby was here, and we are ready to go
[2026-05-18 21:23:33.674] AUTO-DISENGAGE: gear left Park (now D)
[2026-05-18 21:23:33.674] Husby was here, and we are ready to go
[2026-05-18 21:23:33.695] AUTO-DISENGAGE: gear left Park (now D)
[2026-05-18 21:23:33.696] Husby was here, and we are ready to go
[2026-05-18 21:23:33.715] AUTO-DISENGAGE: gear left Park (now D)
[2026-05-18 21:23:33.715] Husby was here, and we are ready to go
[2026-05-18 21:23:33.733] AUTO-DISENGAGE: gear left Park (now D)
[2026-05-18 21:23:33.733] Husby was here, and we are ready to go
[2026-05-18 21:23:33.753] AUTO-DISENGAGE: gear left Park (now D)
[2026-05-18 21:23:33.753] Husby was here, and we are ready to go
[2026-05-18 21:23:33.763] AUTO-DISENGAGE: gear left Park (now D)
[2026-05-18 21:23:33.763] Husby was here, and we are ready to go
[2026-05-18 21:23:33.773] AUTO-DISENGAGE: gear left Park (now D)
[2026-05-18 21:23:33.773] Husby was here, and we are ready to go
[2026-05-18 21:23:33.793] AUTO-DISENGAGE: gear left Park (now D)
[2026-05-18 21:23:33.793] Husby was here, and we are ready to go
[2026-05-18 21:23:33.813] AUTO-DISENGAGE: gear left Park (now D)
[2026-05-18 21:23:33.813] Husby was here, and we are ready to go
[2026-05-18 21:23:33.833] AUTO-DISENGAGE: gear left Park (now D)
[2026-05-18 21:23:33.833] Husby was here, and we are ready to go
[2026-05-18 21:23:33.854] AUTO-DISENGAGE: gear left Park (now D)
[2026-05-18 21:23:33.854] Husby was here, and we are ready to go
[2026-05-18 21:23:33.864] AUTO-DISENGAGE: gear left Park (now D)
[2026-05-18 21:23:33.864] Husby was here, and we are ready to go
[2026-05-18 21:23:33.874] AUTO-DISENGAGE: gear left Park (now D)
[2026-05-18 21:23:33.874] Husby was here, and we are ready to go
[2026-05-18 21:23:33.896] AUTO-DISENGAGE: gear left Park (now D)
[2026-05-18 21:23:33.896] Husby was here, and we are ready to go
[2026-05-18 21:23:33.916] AUTO-DISENGAGE: gear left Park (now D)
[2026-05-18 21:23:33.916] Husby was here, and we are ready to go
[2026-05-18 21:23:33.934] AUTO-DISENGAGE: gear left Park (now D)
[2026-05-18 21:23:33.934] Husby was here, and we are ready to go
[2026-05-18 21:23:33.954] AUTO-DISENGAGE: gear left Park (now D)
[2026-05-18 21:23:33.954] Husby was here, and we are ready to go
[2026-05-18 21:23:33.964] AUTO-DISENGAGE: gear left Park (now D)
[2026-05-18 21:23:33.964] Husby was here, and we are ready to go
[2026-05-18 21:23:33.973] AUTO-DISENGAGE: gear left Park (now D)
[2026-05-18 21:23:33.973] Husby was here, and we are ready to go
[2026-05-18 21:23:33.995] AUTO-DISENGAGE: gear left Park (now D)
[2026-05-18 21:23:33.995] Husby was here, and we are ready to go
[2026-05-18 21:23:34.014] AUTO-DISENGAGE: gear left Park (now D)
[2026-05-18 21:23:34.014] Husby was here, and we are ready to go
[2026-05-18 21:23:34.034] AUTO-DISENGAGE: gear left Park (now D)
[2026-05-18 21:23:34.034] Husby was here, and we are ready to go
[2026-05-18 21:23:34.054] AUTO-DISENGAGE: gear left Park (now D)
[2026-05-18 21:23:34.054] Husby was here, and we are ready to go
[2026-05-18 21:23:34.064] AUTO-DISENGAGE: gear left Park (now D)
[2026-05-18 21:23:34.064] Husby was here, and we are ready to go
[2026-05-18 21:23:34.074] AUTO-DISENGAGE: gear left Park (now D)
[2026-05-18 21:23:34.074] Husby was here, and we are ready to go
[2026-05-18 21:23:34.093] AUTO-DISENGAGE: gear left Park (now D)
[2026-05-18 21:23:34.093] Husby was here, and we are ready to go
[2026-05-18 21:23:34.114] AUTO-DISENGAGE: gear left Park (now D)
[2026-05-18 21:23:34.114] Husby was here, and we are ready to go
[2026-05-18 21:23:34.134] AUTO-DISENGAGE: gear left Park (now D)
[2026-05-18 21:23:34.135] Husby was here, and we are ready to go
[2026-05-18 21:23:34.154] AUTO-DISENGAGE: gear left Park (now D)
[2026-05-18 21:23:34.155] Husby was here, and we are ready to go
[2026-05-18 21:23:34.164] AUTO-DISENGAGE: gear left Park (now D)
[2026-05-18 21:23:34.165] Husby was here, and we are ready to go
[2026-05-18 21:23:34.173] AUTO-DISENGAGE: gear left Park (now D)
[2026-05-18 21:23:34.173] Husby was here, and we are ready to go
[2026-05-18 21:23:34.193] AUTO-DISENGAGE: gear left Park (now D)
[2026-05-18 21:23:34.193] Husby was here, and we are ready to go
[2026-05-18 21:23:34.214] AUTO-DISENGAGE: gear left Park (now D)
[2026-05-18 21:23:34.215] Husby was here, and we are ready to go
[2026-05-18 21:23:34.238] AUTO-DISENGAGE: gear left Park (now D)
[2026-05-18 21:23:34.238] Husby was here, and we are ready to go
[2026-05-18 21:23:34.254] AUTO-DISENGAGE: gear left Park (now D)
[2026-05-18 21:23:34.254] Husby was here, and we are ready to go
[2026-05-18 21:23:34.264] AUTO-DISENGAGE: gear left Park (now D)
[2026-05-18 21:23:34.265] Husby was here, and we are ready to go
[2026-05-18 21:23:34.274] AUTO-DISENGAGE: gear left Park (now D)
[2026-05-18 21:23:34.274] Husby was here, and we are ready to go
[2026-05-18 21:23:34.293] AUTO-DISENGAGE: gear left Park (now D)
[2026-05-18 21:23:34.294] Husby was here, and we are ready to go
[2026-05-18 21:23:34.313] AUTO-DISENGAGE: gear left Park (now D)
[2026-05-18 21:23:34.313] Husby was here, and we are ready to go
[2026-05-18 21:23:34.333] AUTO-DISENGAGE: gear left Park (now D)
[2026-05-18 21:23:34.333] Husby was here, and we are ready to go
[2026-05-18 21:23:34.353] AUTO-DISENGAGE: gear left Park (now D)
[2026-05-18 21:23:34.354] Husby was here, and we are ready to go
[2026-05-18 21:23:34.363] AUTO-DISENGAGE: gear left Park (now D)
[2026-05-18 21:23:34.363] Husby was here, and we are ready to go
[2026-05-18 21:23:34.373] AUTO-DISENGAGE: gear left Park (now D)
[2026-05-18 21:23:34.373] Husby was here, and we are ready to go
[2026-05-18 21:23:34.393] AUTO-DISENGAGE: gear left Park (now D)
[2026-05-18 21:23:34.393] Husby was here, and we are ready to go
[2026-05-18 21:23:34.414] AUTO-DISENGAGE: gear left Park (now D)
[2026-05-18 21:23:34.414] Husby was here, and we are ready to go
[2026-05-18 21:23:34.435] AUTO-DISENGAGE: gear left Park (now D)
[2026-05-18 21:23:34.436] Husby was here, and we are ready to go
[2026-05-18 21:23:34.461] AUTO-DISENGAGE: gear left Park (now D)
[2026-05-18 21:23:34.461] Husby was here, and we are ready to go
[2026-05-18 21:23:34.463] AUTO-DISENGAGE: gear left Park (now D)
[2026-05-18 21:23:34.463] Husby was here, and we are ready to go
[2026-05-18 21:23:34.475] AUTO-DISENGAGE: gear left Park (now D)
[2026-05-18 21:23:34.476] Husby was here, and we are ready to go
[2026-05-18 21:23:34.494] AUTO-DISENGAGE: gear left Park (now D)
[2026-05-18 21:23:34.494] Husby was here, and we are ready to go
[2026-05-18 21:23:34.513] AUTO-DISENGAGE: gear left Park (now D)
[2026-05-18 21:23:34.513] Husby was here, and we are ready to go
[2026-05-18 21:23:34.534] AUTO-DISENGAGE: gear left Park (now D)
[2026-05-18 21:23:34.535] Husby was here, and we are ready to go
[2026-05-18 21:23:34.555] AUTO-DISENGAGE: gear left Park (now D)
[2026-05-18 21:23:34.556] Husby was here, and we are ready to go
[2026-05-18 21:23:34.563] AUTO-DISENGAGE: gear left Park (now D)
[2026-05-18 21:23:34.563] Husby was here, and we are ready to go
[2026-05-18 21:23:34.573] AUTO-DISENGAGE: gear left Park (now D)
[2026-05-18 21:23:34.573] Husby was here, and we are ready to go
[2026-05-18 21:23:34.593] AUTO-DISENGAGE: gear left Park (now D)
[2026-05-18 21:23:34.593] Husby was here, and we are ready to go
[2026-05-18 21:23:34.614] AUTO-DISENGAGE: gear left Park (now D)
[2026-05-18 21:23:34.614] Husby was here, and we are ready to go
[2026-05-18 21:23:34.635] AUTO-DISENGAGE: gear left Park (now D)
[2026-05-18 21:23:34.635] Husby was here, and we are ready to go
[2026-05-18 21:23:34.655] AUTO-DISENGAGE: gear left Park (now D)
[2026-05-18 21:23:34.656] Husby was here, and we are ready to go
[2026-05-18 21:23:34.663] AUTO-DISENGAGE: gear left Park (now D)
[2026-05-18 21:23:34.663] Husby was here, and we are ready to go
[2026-05-18 21:23:34.673] AUTO-DISENGAGE: gear left Park (now D)
[2026-05-18 21:23:34.673] Husby was here, and we are ready to go
[2026-05-18 21:23:34.694] AUTO-DISENGAGE: gear left Park (now D)
[2026-05-18 21:23:34.695] Husby was here, and we are ready to go
[2026-05-18 21:23:34.717] AUTO-DISENGAGE: gear left Park (now D)
[2026-05-18 21:23:34.717] Husby was here, and we are ready to go
[2026-05-18 21:23:34.735] AUTO-DISENGAGE: gear left Park (now D)
[2026-05-18 21:23:34.735] Husby was here, and we are ready to go
[2026-05-18 21:23:34.759] AUTO-DISENGAGE: gear left Park (now D)
[2026-05-18 21:23:34.760] Husby was here, and we are ready to go
[2026-05-18 21:23:34.764] AUTO-DISENGAGE: gear left Park (now D)
[2026-05-18 21:23:34.764] Husby was here, and we are ready to go
[2026-05-18 21:23:34.774] AUTO-DISENGAGE: gear left Park (now D)
[2026-05-18 21:23:34.774] Husby was here, and we are ready to go
[2026-05-18 21:23:34.795] AUTO-DISENGAGE: gear left Park (now D)
[2026-05-18 21:23:34.796] Husby was here, and we are ready to go
[2026-05-18 21:23:34.814] AUTO-DISENGAGE: gear left Park (now D)
[2026-05-18 21:23:34.814] Husby was here, and we are ready to go
[2026-05-18 21:23:34.834] AUTO-DISENGAGE: gear left Park (now D)
[2026-05-18 21:23:34.834] Husby was here, and we are ready to go
[2026-05-18 21:23:34.855] AUTO-DISENGAGE: gear left Park (now D)
[2026-05-18 21:23:34.856] Husby was here, and we are ready to go
[2026-05-18 21:23:34.863] AUTO-DISENGAGE: gear left Park (now D)
[2026-05-18 21:23:34.863] Husby was here, and we are ready to go
[2026-05-18 21:23:34.873] AUTO-DISENGAGE: gear left Park (now D)
[2026-05-18 21:23:34.873] Husby was here, and we are ready to go
[2026-05-18 21:23:34.893] AUTO-DISENGAGE: gear left Park (now D)
[2026-05-18 21:23:34.894] Husby was here, and we are ready to go
[2026-05-18 21:23:34.914] AUTO-DISENGAGE: gear left Park (now D)
[2026-05-18 21:23:34.914] Husby was here, and we are ready to go
[2026-05-18 21:23:34.934] AUTO-DISENGAGE: gear left Park (now D)
[2026-05-18 21:23:34.934] Husby was here, and we are ready to go
[2026-05-18 21:23:34.954] AUTO-DISENGAGE: gear left Park (now D)
[2026-05-18 21:23:34.954] Husby was here, and we are ready to go
[2026-05-18 21:23:34.963] AUTO-DISENGAGE: gear left Park (now D)
[2026-05-18 21:23:34.963] Husby was here, and we are ready to go
[2026-05-18 21:23:34.973] AUTO-DISENGAGE: gear left Park (now D)
[2026-05-18 21:23:34.973] Husby was here, and we are ready to go
[2026-05-18 21:23:34.993] AUTO-DISENGAGE: gear left Park (now D)
[2026-05-18 21:23:34.993] Husby was here, and we are ready to go
[2026-05-18 21:23:35.013] AUTO-DISENGAGE: gear left Park (now D)
[2026-05-18 21:23:35.013] Husby was here, and we are ready to go
[2026-05-18 21:23:35.033] AUTO-DISENGAGE: gear left Park (now D)
[2026-05-18 21:23:35.033] Husby was here, and we are ready to go
[2026-05-18 21:23:35.054] AUTO-DISENGAGE: gear left Park (now D)
[2026-05-18 21:23:35.054] Husby was here, and we are ready to go
[2026-05-18 21:23:35.064] AUTO-DISENGAGE: gear left Park (now D)
[2026-05-18 21:23:35.064] Husby was here, and we are ready to go
[2026-05-18 21:23:35.073] AUTO-DISENGAGE: gear left Park (now D)
[2026-05-18 21:23:35.073] Husby was here, and we are ready to go
[2026-05-18 21:23:35.093] AUTO-DISENGAGE: gear left Park (now D)
[2026-05-18 21:23:35.093] Husby was here, and we are ready to go
[2026-05-18 21:23:35.113] AUTO-DISENGAGE: gear left Park (now D)
[2026-05-18 21:23:35.114] Husby was here, and we are ready to go
[2026-05-18 21:23:35.133] AUTO-DISENGAGE: gear left Park (now D)
[2026-05-18 21:23:35.133] Husby was here, and we are ready to go
[2026-05-18 21:23:35.154] AUTO-DISENGAGE: gear left Park (now D)
[2026-05-18 21:23:35.154] Husby was here, and we are ready to go
[2026-05-18 21:23:35.164] AUTO-DISENGAGE: gear left Park (now D)
[2026-05-18 21:23:35.164] Husby was here, and we are ready to go
[2026-05-18 21:23:35.174] AUTO-DISENGAGE: gear left Park (now D)
[2026-05-18 21:23:35.174] Husby was here, and we are ready to go
[2026-05-18 21:23:35.195] AUTO-DISENGAGE: gear left Park (now D)
[2026-05-18 21:23:35.195] Husby was here, and we are ready to go
[2026-05-18 21:23:35.218] AUTO-DISENGAGE: gear left Park (now D)
[2026-05-18 21:23:35.218] Husby was here, and we are ready to go
[2026-05-18 21:23:35.234] AUTO-DISENGAGE: gear left Park (now D)
[2026-05-18 21:23:35.235] Husby was here, and we are ready to go
[2026-05-18 21:23:35.260] AUTO-DISENGAGE: gear left Park (now D)
[2026-05-18 21:23:35.260] Husby was here, and we are ready to go
[2026-05-18 21:23:35.263] AUTO-DISENGAGE: gear left Park (now D)
[2026-05-18 21:23:35.264] Husby was here, and we are ready to go
[2026-05-18 21:23:35.274] AUTO-DISENGAGE: gear left Park (now D)
[2026-05-18 21:23:35.274] Husby was here, and we are ready to go
[2026-05-18 21:23:35.293] AUTO-DISENGAGE: gear left Park (now D)
[2026-05-18 21:23:35.293] Husby was here, and we are ready to go
[2026-05-18 21:23:35.314] AUTO-DISENGAGE: gear left Park (now D)
[2026-05-18 21:23:35.314] Husby was here, and we are ready to go
[2026-05-18 21:23:35.334] AUTO-DISENGAGE: gear left Park (now D)
[2026-05-18 21:23:35.334] Husby was here, and we are ready to go
[2026-05-18 21:23:35.355] AUTO-DISENGAGE: gear left Park (now D)
[2026-05-18 21:23:35.355] Husby was here, and we are ready to go
[2026-05-18 21:23:35.363] AUTO-DISENGAGE: gear left Park (now D)
[2026-05-18 21:23:35.364] Husby was here, and we are ready to go
[2026-05-18 21:23:35.373] AUTO-DISENGAGE: gear left Park (now D)
[2026-05-18 21:23:35.373] Husby was here, and we are ready to go
[2026-05-18 21:23:35.393] AUTO-DISENGAGE: gear left Park (now D)
[2026-05-18 21:23:35.394] Husby was here, and we are ready to go
[2026-05-18 21:23:35.415] AUTO-DISENGAGE: gear left Park (now D)
[2026-05-18 21:23:35.416] Husby was here, and we are ready to go
[2026-05-18 21:23:35.435] AUTO-DISENGAGE: gear left Park (now D)
[2026-05-18 21:23:35.435] Husby was here, and we are ready to go
[2026-05-18 21:23:35.455] AUTO-DISENGAGE: gear left Park (now D)
[2026-05-18 21:23:35.455] Husby was here, and we are ready to go
[2026-05-18 21:23:35.463] AUTO-DISENGAGE: gear left Park (now D)
[2026-05-18 21:23:35.464] Husby was here, and we are ready to go
[2026-05-18 21:23:35.474] AUTO-DISENGAGE: gear left Park (now D)
[2026-05-18 21:23:35.474] Husby was here, and we are ready to go
[2026-05-18 21:23:35.494] AUTO-DISENGAGE: gear left Park (now D)
[2026-05-18 21:23:35.495] Husby was here, and we are ready to go
[2026-05-18 21:23:35.520] AUTO-DISENGAGE: gear left Park (now D)
[2026-05-18 21:23:35.520] Husby was here, and we are ready to go
[2026-05-18 21:23:35.535] AUTO-DISENGAGE: gear left Park (now D)
[2026-05-18 21:23:35.535] Husby was here, and we are ready to go
[2026-05-18 21:23:35.560] AUTO-DISENGAGE: gear left Park (now D)
[2026-05-18 21:23:35.560] Husby was here, and we are ready to go
[2026-05-18 21:23:35.563] AUTO-DISENGAGE: gear left Park (now D)
[2026-05-18 21:23:35.564] Husby was here, and we are ready to go
[2026-05-18 21:23:35.575] AUTO-DISENGAGE: gear left Park (now D)
[2026-05-18 21:23:35.576] Husby was here, and we are ready to go
[2026-05-18 21:23:35.594] AUTO-DISENGAGE: gear left Park (now D)
[2026-05-18 21:23:35.594] Husby was here, and we are ready to go
[2026-05-18 21:23:35.614] AUTO-DISENGAGE: gear left Park (now D)
[2026-05-18 21:23:35.615] Husby was here, and we are ready to go
[2026-05-18 21:23:35.634] AUTO-DISENGAGE: gear left Park (now D)
[2026-05-18 21:23:35.634] Husby was here, and we are ready to go
[2026-05-18 21:23:35.661] AUTO-DISENGAGE: gear left Park (now D)
[2026-05-18 21:23:35.661] Husby was here, and we are ready to go
[2026-05-18 21:23:35.663] AUTO-DISENGAGE: gear left Park (now D)
[2026-05-18 21:23:35.663] Husby was here, and we are ready to go
[2026-05-18 21:23:35.674] AUTO-DISENGAGE: gear left Park (now D)
[2026-05-18 21:23:35.674] Husby was here, and we are ready to go
[2026-05-18 21:23:35.694] AUTO-DISENGAGE: gear left Park (now D)
[2026-05-18 21:23:35.694] Husby was here, and we are ready to go
[2026-05-18 21:23:35.714] AUTO-DISENGAGE: gear left Park (now D)
[2026-05-18 21:23:35.714] Husby was here, and we are ready to go
[2026-05-18 21:23:35.734] AUTO-DISENGAGE: gear left Park (now D)
[2026-05-18 21:23:35.734] Husby was here, and we are ready to go
[2026-05-18 21:23:35.760] AUTO-DISENGAGE: gear left Park (now D)
[2026-05-18 21:23:35.761] Husby was here, and we are ready to go
[2026-05-18 21:23:35.763] AUTO-DISENGAGE: gear left Park (now D)
[2026-05-18 21:23:35.763] Husby was here, and we are ready to go
[2026-05-18 21:23:35.775] AUTO-DISENGAGE: gear left Park (now D)
[2026-05-18 21:23:35.775] Husby was here, and we are ready to go
[2026-05-18 21:23:35.794] AUTO-DISENGAGE: gear left Park (now D)
[2026-05-18 21:23:35.794] Husby was here, and we are ready to go
[2026-05-18 21:23:35.819] AUTO-DISENGAGE: gear left Park (now D)
[2026-05-18 21:23:35.820] Husby was here, and we are ready to go
[2026-05-18 21:23:35.834] AUTO-DISENGAGE: gear left Park (now D)
[2026-05-18 21:23:35.834] Husby was here, and we are ready to go
[2026-05-18 21:23:35.859] AUTO-DISENGAGE: gear left Park (now D)
[2026-05-18 21:23:35.860] Husby was here, and we are ready to go
[2026-05-18 21:23:35.863] AUTO-DISENGAGE: gear left Park (now D)
[2026-05-18 21:23:35.864] Husby was here, and we are ready to go
[2026-05-18 21:23:35.876] AUTO-DISENGAGE: gear left Park (now D)
[2026-05-18 21:23:35.876] Husby was here, and we are ready to go
[2026-05-18 21:23:35.894] AUTO-DISENGAGE: gear left Park (now D)
[2026-05-18 21:23:35.894] Husby was here, and we are ready to go
[2026-05-18 21:23:35.916] AUTO-DISENGAGE: gear left Park (now D)
[2026-05-18 21:23:35.916] Husby was here, and we are ready to go
[2026-05-18 21:23:35.934] AUTO-DISENGAGE: gear left Park (now D)
[2026-05-18 21:23:35.935] Husby was here, and we are ready to go
[2026-05-18 21:23:35.961] AUTO-DISENGAGE: gear left Park (now D)
[2026-05-18 21:23:35.962] Husby was here, and we are ready to go
[2026-05-18 21:23:35.964] AUTO-DISENGAGE: gear left Park (now D)
[2026-05-18 21:23:35.964] Husby was here, and we are ready to go
[2026-05-18 21:23:35.977] AUTO-DISENGAGE: gear left Park (now D)
[2026-05-18 21:23:35.977] Husby was here, and we are ready to go
[2026-05-18 21:23:35.994] AUTO-DISENGAGE: gear left Park (now D)
[2026-05-18 21:23:35.994] Husby was here, and we are ready to go
[2026-05-18 21:23:36.016] AUTO-DISENGAGE: gear left Park (now D)
[2026-05-18 21:23:36.017] Husby was here, and we are ready to go
[2026-05-18 21:23:36.035] AUTO-DISENGAGE: gear left Park (now D)
[2026-05-18 21:23:36.035] Husby was here, and we are ready to go
[2026-05-18 21:23:36.058] AUTO-DISENGAGE: gear left Park (now D)
[2026-05-18 21:23:36.058] Husby was here, and we are ready to go
[2026-05-18 21:23:36.064] AUTO-DISENGAGE: gear left Park (now D)
[2026-05-18 21:23:36.064] Husby was here, and we are ready to go
[2026-05-18 21:23:36.074] AUTO-DISENGAGE: gear left Park (now D)
[2026-05-18 21:23:36.074] Husby was here, and we are ready to go
[2026-05-18 21:23:36.094] AUTO-DISENGAGE: gear left Park (now D)
[2026-05-18 21:23:36.094] Husby was here, and we are ready to go
[2026-05-18 21:23:36.113] AUTO-DISENGAGE: gear left Park (now D)
[2026-05-18 21:23:36.114] Husby was here, and we are ready to go
[2026-05-18 21:23:36.133] AUTO-DISENGAGE: gear left Park (now D)
[2026-05-18 21:23:36.133] Husby was here, and we are ready to go
[2026-05-18 21:23:36.154] AUTO-DISENGAGE: gear left Park (now D)
[2026-05-18 21:23:36.154] Husby was here, and we are ready to go
[2026-05-18 21:23:36.163] AUTO-DISENGAGE: gear left Park (now D)
[2026-05-18 21:23:36.164] Husby was here, and we are ready to go
[2026-05-18 21:23:36.173] AUTO-DISENGAGE: gear left Park (now D)
[2026-05-18 21:23:36.173] Husby was here, and we are ready to go
[2026-05-18 21:23:36.193] AUTO-DISENGAGE: gear left Park (now D)
[2026-05-18 21:23:36.193] Husby was here, and we are ready to go
[2026-05-18 21:23:36.213] AUTO-DISENGAGE: gear left Park (now D)
[2026-05-18 21:23:36.213] Husby was here, and we are ready to go
[2026-05-18 21:23:36.233] AUTO-DISENGAGE: gear left Park (now D)
[2026-05-18 21:23:36.234] Husby was here, and we are ready to go
[2026-05-18 21:23:36.254] AUTO-DISENGAGE: gear left Park (now D)
[2026-05-18 21:23:36.254] Husby was here, and we are ready to go
[2026-05-18 21:23:36.263] AUTO-DISENGAGE: gear left Park (now D)
[2026-05-18 21:23:36.263] Husby was here, and we are ready to go
[2026-05-18 21:23:36.273] AUTO-DISENGAGE: gear left Park (now D)
[2026-05-18 21:23:36.273] Husby was here, and we are ready to go
[2026-05-18 21:23:36.293] AUTO-DISENGAGE: gear left Park (now D)
[2026-05-18 21:23:36.293] Husby was here, and we are ready to go
[2026-05-18 21:23:36.314] AUTO-DISENGAGE: gear left Park (now D)
[2026-05-18 21:23:36.314] Husby was here, and we are ready to go
[2026-05-18 21:23:36.333] AUTO-DISENGAGE: gear left Park (now D)
[2026-05-18 21:23:36.333] Husby was here, and we are ready to go
[2026-05-18 21:23:36.353] AUTO-DISENGAGE: gear left Park (now D)
[2026-05-18 21:23:36.353] Husby was here, and we are ready to go
[2026-05-18 21:23:36.363] AUTO-DISENGAGE: gear left Park (now D)
[2026-05-18 21:23:36.363] Husby was here, and we are ready to go
[2026-05-18 21:23:36.374] AUTO-DISENGAGE: gear left Park (now D)
[2026-05-18 21:23:36.374] Husby was here, and we are ready to go
[2026-05-18 21:23:36.396] AUTO-DISENGAGE: gear left Park (now D)
[2026-05-18 21:23:36.396] Husby was here, and we are ready to go
[2026-05-18 21:23:36.420] AUTO-DISENGAGE: gear left Park (now D)
[2026-05-18 21:23:36.420] Husby was here, and we are ready to go
[2026-05-18 21:23:36.435] AUTO-DISENGAGE: gear left Park (now D)
[2026-05-18 21:23:36.435] Husby was here, and we are ready to go
[2026-05-18 21:23:36.459] AUTO-DISENGAGE: gear left Park (now D)
[2026-05-18 21:23:36.459] Husby was here, and we are ready to go
[2026-05-18 21:23:36.463] AUTO-DISENGAGE: gear left Park (now D)
[2026-05-18 21:23:36.463] Husby was here, and we are ready to go
[2026-05-18 21:23:36.474] AUTO-DISENGAGE: gear left Park (now D)
[2026-05-18 21:23:36.474] Husby was here, and we are ready to go
[2026-05-18 21:23:36.494] AUTO-DISENGAGE: gear left Park (now D)
[2026-05-18 21:23:36.495] Husby was here, and we are ready to go
[2026-05-18 21:23:36.516] AUTO-DISENGAGE: gear left Park (now D)
[2026-05-18 21:23:36.516] Husby was here, and we are ready to go
[2026-05-18 21:23:36.537] AUTO-DISENGAGE: gear left Park (now D)
[2026-05-18 21:23:36.538] Husby was here, and we are ready to go
[2026-05-18 21:23:36.556] AUTO-DISENGAGE: gear left Park (now D)
[2026-05-18 21:23:36.557] Husby was here, and we are ready to go
[2026-05-18 21:23:36.564] AUTO-DISENGAGE: gear left Park (now D)
[2026-05-18 21:23:36.564] Husby was here, and we are ready to go
[2026-05-18 21:23:36.574] AUTO-DISENGAGE: gear left Park (now D)
[2026-05-18 21:23:36.574] Husby was here, and we are ready to go
[2026-05-18 21:23:36.593] AUTO-DISENGAGE: gear left Park (now D)
[2026-05-18 21:23:36.594] Husby was here, and we are ready to go
[2026-05-18 21:23:36.619] AUTO-DISENGAGE: gear left Park (now D)
[2026-05-18 21:23:36.619] Husby was here, and we are ready to go
[2026-05-18 21:23:36.637] AUTO-DISENGAGE: gear left Park (now D)
[2026-05-18 21:23:36.637] Husby was here, and we are ready to go
[2026-05-18 21:23:36.659] AUTO-DISENGAGE: gear left Park (now D)
[2026-05-18 21:23:36.659] Husby was here, and we are ready to go
[2026-05-18 21:23:36.663] AUTO-DISENGAGE: gear left Park (now D)
[2026-05-18 21:23:36.664] Husby was here, and we are ready to go
[2026-05-18 21:23:36.676] AUTO-DISENGAGE: gear left Park (now D)
[2026-05-18 21:23:36.677] Husby was here, and we are ready to go
[2026-05-18 21:23:36.694] AUTO-DISENGAGE: gear left Park (now D)
[2026-05-18 21:23:36.694] Husby was here, and we are ready to go
[2026-05-18 21:23:36.714] AUTO-DISENGAGE: gear left Park (now D)
[2026-05-18 21:23:36.714] Husby was here, and we are ready to go
[2026-05-18 21:23:36.734] AUTO-DISENGAGE: gear left Park (now D)
[2026-05-18 21:23:36.735] Husby was here, and we are ready to go
[2026-05-18 21:23:36.759] AUTO-DISENGAGE: gear left Park (now D)
[2026-05-18 21:23:36.760] Husby was here, and we are ready to go
[2026-05-18 21:23:36.763] AUTO-DISENGAGE: gear left Park (now D)
[2026-05-18 21:23:36.764] Husby was here, and we are ready to go
[2026-05-18 21:23:36.774] AUTO-DISENGAGE: gear left Park (now D)
[2026-05-18 21:23:36.775] Husby was here, and we are ready to go
[2026-05-18 21:23:36.796] AUTO-DISENGAGE: gear left Park (now D)
[2026-05-18 21:23:36.796] Husby was here, and we are ready to go
[2026-05-18 21:23:36.818] AUTO-DISENGAGE: gear left Park (now D)
[2026-05-18 21:23:36.818] Husby was here, and we are ready to go
[2026-05-18 21:23:36.834] AUTO-DISENGAGE: gear left Park (now D)
[2026-05-18 21:23:36.835] Husby was here, and we are ready to go
[2026-05-18 21:23:36.859] AUTO-DISENGAGE: gear left Park (now D)
[2026-05-18 21:23:36.859] Husby was here, and we are ready to go
[2026-05-18 21:23:36.863] AUTO-DISENGAGE: gear left Park (now D)
[2026-05-18 21:23:36.864] Husby was here, and we are ready to go
[2026-05-18 21:23:36.874] AUTO-DISENGAGE: gear left Park (now D)
[2026-05-18 21:23:36.874] Husby was here, and we are ready to go
[2026-05-18 21:23:36.894] AUTO-DISENGAGE: gear left Park (now D)
[2026-05-18 21:23:36.894] Husby was here, and we are ready to go
[2026-05-18 21:23:36.916] AUTO-DISENGAGE: gear left Park (now D)
[2026-05-18 21:23:36.916] Husby was here, and we are ready to go
[2026-05-18 21:23:36.934] AUTO-DISENGAGE: gear left Park (now D)
[2026-05-18 21:23:36.934] Husby was here, and we are ready to go
[2026-05-18 21:23:36.954] AUTO-DISENGAGE: gear left Park (now D)
[2026-05-18 21:23:36.954] Husby was here, and we are ready to go
[2026-05-18 21:23:36.963] AUTO-DISENGAGE: gear left Park (now D)
[2026-05-18 21:23:36.963] Husby was here, and we are ready to go
[2026-05-18 21:23:36.974] AUTO-DISENGAGE: gear left Park (now D)
[2026-05-18 21:23:36.974] Husby was here, and we are ready to go
[2026-05-18 21:23:36.995] AUTO-DISENGAGE: gear left Park (now D)
[2026-05-18 21:23:36.996] Husby was here, and we are ready to go
[2026-05-18 21:23:37.016] AUTO-DISENGAGE: gear left Park (now D)
[2026-05-18 21:23:37.016] Husby was here, and we are ready to go
[2026-05-18 21:23:37.040] AUTO-DISENGAGE: gear left Park (now D)
[2026-05-18 21:23:37.040] Husby was here, and we are ready to go
[2026-05-18 21:23:37.055] AUTO-DISENGAGE: gear left Park (now D)
[2026-05-18 21:23:37.055] Husby was here, and we are ready to go
[2026-05-18 21:23:37.064] AUTO-DISENGAGE: gear left Park (now D)
[2026-05-18 21:23:37.064] Husby was here, and we are ready to go
[2026-05-18 21:23:37.074] AUTO-DISENGAGE: gear left Park (now D)
[2026-05-18 21:23:37.074] Husby was here, and we are ready to go
[2026-05-18 21:23:37.093] AUTO-DISENGAGE: gear left Park (now D)
[2026-05-18 21:23:37.094] Husby was here, and we are ready to go
[2026-05-18 21:23:37.117] AUTO-DISENGAGE: gear left Park (now D)
[2026-05-18 21:23:37.117] Husby was here, and we are ready to go
[2026-05-18 21:23:37.134] AUTO-DISENGAGE: gear left Park (now D)
[2026-05-18 21:23:37.134] Husby was here, and we are ready to go
[2026-05-18 21:23:37.154] AUTO-DISENGAGE: gear left Park (now D)
[2026-05-18 21:23:37.154] Husby was here, and we are ready to go
[2026-05-18 21:23:37.164] AUTO-DISENGAGE: gear left Park (now D)
[2026-05-18 21:23:37.164] Husby was here, and we are ready to go
[2026-05-18 21:23:37.173] AUTO-DISENGAGE: gear left Park (now D)
[2026-05-18 21:23:37.173] Husby was here, and we are ready to go
[2026-05-18 21:23:37.195] AUTO-DISENGAGE: gear left Park (now D)
[2026-05-18 21:23:37.195] Husby was here, and we are ready to go
[2026-05-18 21:23:37.215] AUTO-DISENGAGE: gear left Park (now D)
[2026-05-18 21:23:37.215] Husby was here, and we are ready to go
[2026-05-18 21:23:37.234] AUTO-DISENGAGE: gear left Park (now D)
[2026-05-18 21:23:37.234] Husby was here, and we are ready to go
[2026-05-18 21:23:37.254] AUTO-DISENGAGE: gear left Park (now D)
[2026-05-18 21:23:37.254] Husby was here, and we are ready to go
[2026-05-18 21:23:37.263] AUTO-DISENGAGE: gear left Park (now D)
[2026-05-18 21:23:37.263] Husby was here, and we are ready to go
[2026-05-18 21:23:37.273] AUTO-DISENGAGE: gear left Park (now D)
[2026-05-18 21:23:37.273] Husby was here, and we are ready to go
[2026-05-18 21:23:37.293] AUTO-DISENGAGE: gear left Park (now D)
[2026-05-18 21:23:37.293] Husby was here, and we are ready to go
[2026-05-18 21:23:37.314] AUTO-DISENGAGE: gear left Park (now D)
[2026-05-18 21:23:37.314] Husby was here, and we are ready to go
[2026-05-18 21:23:37.333] AUTO-DISENGAGE: gear left Park (now D)
[2026-05-18 21:23:37.334] Husby was here, and we are ready to go
[2026-05-18 21:23:37.354] AUTO-DISENGAGE: gear left Park (now D)
[2026-05-18 21:23:37.354] Husby was here, and we are ready to go
[2026-05-18 21:23:37.364] AUTO-DISENGAGE: gear left Park (now D)
[2026-05-18 21:23:37.364] Husby was here, and we are ready to go
[2026-05-18 21:23:37.374] AUTO-DISENGAGE: gear left Park (now D)
[2026-05-18 21:23:37.374] Husby was here, and we are ready to go
[2026-05-18 21:23:37.397] AUTO-DISENGAGE: gear left Park (now D)
[2026-05-18 21:23:37.397] Husby was here, and we are ready to go
[2026-05-18 21:23:37.418] AUTO-DISENGAGE: gear left Park (now D)
[2026-05-18 21:23:37.418] Husby was here, and we are ready to go
[2026-05-18 21:23:37.434] AUTO-DISENGAGE: gear left Park (now D)
[2026-05-18 21:23:37.434] Husby was here, and we are ready to go
[2026-05-18 21:23:37.459] AUTO-DISENGAGE: gear left Park (now D)
[2026-05-18 21:23:37.459] Husby was here, and we are ready to go
[2026-05-18 21:23:37.463] AUTO-DISENGAGE: gear left Park (now D)
[2026-05-18 21:23:37.464] Husby was here, and we are ready to go
[2026-05-18 21:23:37.474] AUTO-DISENGAGE: gear left Park (now D)
[2026-05-18 21:23:37.475] Husby was here, and we are ready to go
[2026-05-18 21:23:37.494] AUTO-DISENGAGE: gear left Park (now D)
[2026-05-18 21:23:37.494] Husby was here, and we are ready to go
[2026-05-18 21:23:37.520] AUTO-DISENGAGE: gear left Park (now D)
[2026-05-18 21:23:37.520] Husby was here, and we are ready to go
[2026-05-18 21:23:37.536] AUTO-DISENGAGE: gear left Park (now D)
[2026-05-18 21:23:37.536] Husby was here, and we are ready to go
[2026-05-18 21:23:37.557] AUTO-DISENGAGE: gear left Park (now D)
[2026-05-18 21:23:37.557] Husby was here, and we are ready to go
[2026-05-18 21:23:37.564] AUTO-DISENGAGE: gear left Park (now D)
[2026-05-18 21:23:37.564] Husby was here, and we are ready to go
[2026-05-18 21:23:37.574] AUTO-DISENGAGE: gear left Park (now D)
[2026-05-18 21:23:37.574] Husby was here, and we are ready to go
[2026-05-18 21:23:37.596] AUTO-DISENGAGE: gear left Park (now D)
[2026-05-18 21:23:37.597] Husby was here, and we are ready to go
[2026-05-18 21:23:37.617] AUTO-DISENGAGE: gear left Park (now D)
[2026-05-18 21:23:37.618] Husby was here, and we are ready to go
[2026-05-18 21:23:37.635] AUTO-DISENGAGE: gear left Park (now D)
[2026-05-18 21:23:37.635] Husby was here, and we are ready to go
[2026-05-18 21:23:37.656] AUTO-DISENGAGE: gear left Park (now D)
[2026-05-18 21:23:37.656] Husby was here, and we are ready to go
[2026-05-18 21:23:37.663] AUTO-DISENGAGE: gear left Park (now D)
[2026-05-18 21:23:37.663] Husby was here, and we are ready to go
[2026-05-18 21:23:37.674] AUTO-DISENGAGE: gear left Park (now D)
[2026-05-18 21:23:37.674] Husby was here, and we are ready to go
[2026-05-18 21:23:37.694] AUTO-DISENGAGE: gear left Park (now D)
[2026-05-18 21:23:37.694] Husby was here, and we are ready to go
[2026-05-18 21:23:37.718] AUTO-DISENGAGE: gear left Park (now D)
[2026-05-18 21:23:37.718] Husby was here, and we are ready to go
[2026-05-18 21:23:37.734] AUTO-DISENGAGE: gear left Park (now D)
[2026-05-18 21:23:37.734] Husby was here, and we are ready to go
[2026-05-18 21:23:37.756] AUTO-DISENGAGE: gear left Park (now D)
[2026-05-18 21:23:37.756] Husby was here, and we are ready to go
[2026-05-18 21:23:37.763] brake: released
[2026-05-18 21:23:37.764] AUTO-DISENGAGE: gear left Park (now D)
[2026-05-18 21:23:37.764] Husby was here, and we are ready to go
[2026-05-18 21:23:37.774] AUTO-DISENGAGE: gear left Park (now D)
[2026-05-18 21:23:37.775] Husby was here, and we are ready to go
[2026-05-18 21:23:37.794] AUTO-DISENGAGE: gear left Park (now D)
[2026-05-18 21:23:37.794] Husby was here, and we are ready to go
[2026-05-18 21:23:37.814] AUTO-DISENGAGE: gear left Park (now D)
[2026-05-18 21:23:37.814] Husby was here, and we are ready to go
[2026-05-18 21:23:37.834] AUTO-DISENGAGE: gear left Park (now D)
[2026-05-18 21:23:37.834] Husby was here, and we are ready to go
[2026-05-18 21:23:37.857] AUTO-DISENGAGE: gear left Park (now D)
[2026-05-18 21:23:37.857] Husby was here, and we are ready to go
[2026-05-18 21:23:37.863] AUTO-DISENGAGE: gear left Park (now D)
[2026-05-18 21:23:37.863] Husby was here, and we are ready to go
[2026-05-18 21:23:37.874] AUTO-DISENGAGE: gear left Park (now D)
[2026-05-18 21:23:37.874] Husby was here, and we are ready to go
[2026-05-18 21:23:37.894] AUTO-DISENGAGE: gear left Park (now D)
[2026-05-18 21:23:37.894] Husby was here, and we are ready to go
[2026-05-18 21:23:37.915] AUTO-DISENGAGE: gear left Park (now D)
[2026-05-18 21:23:37.915] Husby was here, and we are ready to go
[2026-05-18 21:23:37.935] AUTO-DISENGAGE: gear left Park (now D)
[2026-05-18 21:23:37.935] Husby was here, and we are ready to go
[2026-05-18 21:23:37.955] AUTO-DISENGAGE: gear left Park (now D)
[2026-05-18 21:23:37.955] Husby was here, and we are ready to go
[2026-05-18 21:23:37.963] AUTO-DISENGAGE: gear left Park (now D)
[2026-05-18 21:23:37.964] Husby was here, and we are ready to go
[2026-05-18 21:23:37.973] AUTO-DISENGAGE: gear left Park (now D)
[2026-05-18 21:23:37.973] Husby was here, and we are ready to go
[2026-05-18 21:23:37.994] AUTO-DISENGAGE: gear left Park (now D)
[2026-05-18 21:23:37.994] Husby was here, and we are ready to go
[2026-05-18 21:23:38.014] AUTO-DISENGAGE: gear left Park (now D)
[2026-05-18 21:23:38.014] Husby was here, and we are ready to go
[2026-05-18 21:23:38.034] AUTO-DISENGAGE: gear left Park (now D)
[2026-05-18 21:23:38.034] Husby was here, and we are ready to go
[2026-05-18 21:23:38.055] AUTO-DISENGAGE: gear left Park (now D)
[2026-05-18 21:23:38.055] Husby was here, and we are ready to go
[2026-05-18 21:23:38.064] AUTO-DISENGAGE: gear left Park (now D)
[2026-05-18 21:23:38.064] Husby was here, and we are ready to go
[2026-05-18 21:23:38.073] AUTO-DISENGAGE: gear left Park (now D)
[2026-05-18 21:23:38.074] Husby was here, and we are ready to go
[2026-05-18 21:23:38.095] AUTO-DISENGAGE: gear left Park (now D)
[2026-05-18 21:23:38.096] Husby was here, and we are ready to go
[2026-05-18 21:23:38.116] AUTO-DISENGAGE: gear left Park (now D)
[2026-05-18 21:23:38.116] Husby was here, and we are ready to go
[2026-05-18 21:23:38.134] AUTO-DISENGAGE: gear left Park (now D)
[2026-05-18 21:23:38.134] Husby was here, and we are ready to go
[2026-05-18 21:23:38.155] AUTO-DISENGAGE: gear left Park (now D)
[2026-05-18 21:23:38.155] Husby was here, and we are ready to go
[2026-05-18 21:23:38.164] AUTO-DISENGAGE: gear left Park (now D)
[2026-05-18 21:23:38.164] Husby was here, and we are ready to go
[2026-05-18 21:23:38.173] AUTO-DISENGAGE: gear left Park (now D)
[2026-05-18 21:23:38.173] Husby was here, and we are ready to go
[2026-05-18 21:23:38.194] AUTO-DISENGAGE: gear left Park (now D)
[2026-05-18 21:23:38.194] Husby was here, and we are ready to go
[2026-05-18 21:23:38.214] AUTO-DISENGAGE: gear left Park (now D)
[2026-05-18 21:23:38.214] Husby was here, and we are ready to go
[2026-05-18 21:23:38.236] AUTO-DISENGAGE: gear left Park (now D)
[2026-05-18 21:23:38.236] Husby was here, and we are ready to go
[2026-05-18 21:23:38.258] AUTO-DISENGAGE: gear left Park (now D)
[2026-05-18 21:23:38.259] Husby was here, and we are ready to go
[2026-05-18 21:23:38.264] AUTO-DISENGAGE: gear left Park (now D)
[2026-05-18 21:23:38.264] Husby was here, and we are ready to go
[2026-05-18 21:23:38.274] AUTO-DISENGAGE: gear left Park (now D)
[2026-05-18 21:23:38.275] Husby was here, and we are ready to go
[2026-05-18 21:23:38.299] AUTO-DISENGAGE: gear left Park (now D)
[2026-05-18 21:23:38.299] Husby was here, and we are ready to go
[2026-05-18 21:23:38.315] AUTO-DISENGAGE: gear left Park (now D)
[2026-05-18 21:23:38.316] Husby was here, and we are ready to go
[2026-05-18 21:23:38.334] AUTO-DISENGAGE: gear left Park (now D)
[2026-05-18 21:23:38.334] Husby was here, and we are ready to go
[2026-05-18 21:23:38.356] AUTO-DISENGAGE: gear left Park (now D)
[2026-05-18 21:23:38.356] Husby was here, and we are ready to go
[2026-05-18 21:23:38.363] AUTO-DISENGAGE: gear left Park (now D)
[2026-05-18 21:23:38.364] Husby was here, and we are ready to go
[2026-05-18 21:23:38.374] AUTO-DISENGAGE: gear left Park (now D)
[2026-05-18 21:23:38.374] Husby was here, and we are ready to go
[2026-05-18 21:23:38.396] AUTO-DISENGAGE: gear left Park (now D)
[2026-05-18 21:23:38.397] Husby was here, and we are ready to go
[2026-05-18 21:23:38.415] AUTO-DISENGAGE: gear left Park (now D)
[2026-05-18 21:23:38.415] Husby was here, and we are ready to go
[2026-05-18 21:23:38.434] AUTO-DISENGAGE: gear left Park (now D)
[2026-05-18 21:23:38.434] Husby was here, and we are ready to go
[2026-05-18 21:23:38.461] AUTO-DISENGAGE: gear left Park (now D)
[2026-05-18 21:23:38.461] Husby was here, and we are ready to go
[2026-05-18 21:23:38.463] AUTO-DISENGAGE: gear left Park (now D)
[2026-05-18 21:23:38.463] Husby was here, and we are ready to go
[2026-05-18 21:23:38.475] AUTO-DISENGAGE: gear left Park (now D)
[2026-05-18 21:23:38.475] Husby was here, and we are ready to go
[2026-05-18 21:23:38.497] AUTO-DISENGAGE: gear left Park (now D)
[2026-05-18 21:23:38.497] Husby was here, and we are ready to go
[2026-05-18 21:23:38.515] AUTO-DISENGAGE: gear left Park (now D)
[2026-05-18 21:23:38.515] Husby was here, and we are ready to go
[2026-05-18 21:23:38.534] AUTO-DISENGAGE: gear left Park (now D)
[2026-05-18 21:23:38.534] Husby was here, and we are ready to go
[2026-05-18 21:23:38.555] AUTO-DISENGAGE: gear left Park (now D)
[2026-05-18 21:23:38.555] Husby was here, and we are ready to go
[2026-05-18 21:23:38.564] AUTO-DISENGAGE: gear left Park (now D)
[2026-05-18 21:23:38.564] Husby was here, and we are ready to go
[2026-05-18 21:23:38.573] AUTO-DISENGAGE: gear left Park (now D)
[2026-05-18 21:23:38.573] Husby was here, and we are ready to go
[2026-05-18 21:23:38.594] AUTO-DISENGAGE: gear left Park (now D)
[2026-05-18 21:23:38.594] Husby was here, and we are ready to go
[2026-05-18 21:23:38.614] AUTO-DISENGAGE: gear left Park (now D)
[2026-05-18 21:23:38.614] Husby was here, and we are ready to go
[2026-05-18 21:23:38.638] AUTO-DISENGAGE: gear left Park (now D)
[2026-05-18 21:23:38.638] Husby was here, and we are ready to go
[2026-05-18 21:23:38.657] AUTO-DISENGAGE: gear left Park (now D)
[2026-05-18 21:23:38.658] Husby was here, and we are ready to go
[2026-05-18 21:23:38.664] AUTO-DISENGAGE: gear left Park (now D)
[2026-05-18 21:23:38.665] Husby was here, and we are ready to go
[2026-05-18 21:23:38.676] AUTO-DISENGAGE: gear left Park (now D)
[2026-05-18 21:23:38.676] Husby was here, and we are ready to go
[2026-05-18 21:23:38.694] AUTO-DISENGAGE: gear left Park (now D)
[2026-05-18 21:23:38.694] Husby was here, and we are ready to go
[2026-05-18 21:23:38.714] AUTO-DISENGAGE: gear left Park (now D)
[2026-05-18 21:23:38.714] Husby was here, and we are ready to go
[2026-05-18 21:23:38.734] AUTO-DISENGAGE: gear left Park (now D)
[2026-05-18 21:23:38.734] Husby was here, and we are ready to go
[2026-05-18 21:23:38.761] AUTO-DISENGAGE: gear left Park (now D)
[2026-05-18 21:23:38.761] Husby was here, and we are ready to go
[2026-05-18 21:23:38.763] AUTO-DISENGAGE: gear left Park (now D)
[2026-05-18 21:23:38.763] Husby was here, and we are ready to go
[2026-05-18 21:23:38.774] AUTO-DISENGAGE: gear left Park (now D)
[2026-05-18 21:23:38.775] Husby was here, and we are ready to go
[2026-05-18 21:23:38.798] AUTO-DISENGAGE: gear left Park (now D)
[2026-05-18 21:23:38.798] Husby was here, and we are ready to go
[2026-05-18 21:23:38.814] AUTO-DISENGAGE: gear left Park (now D)
[2026-05-18 21:23:38.814] Husby was here, and we are ready to go
[2026-05-18 21:23:38.834] AUTO-DISENGAGE: gear left Park (now D)
[2026-05-18 21:23:38.835] Husby was here, and we are ready to go
[2026-05-18 21:23:38.856] AUTO-DISENGAGE: gear left Park (now D)
[2026-05-18 21:23:38.856] Husby was here, and we are ready to go
[2026-05-18 21:23:38.863] AUTO-DISENGAGE: gear left Park (now D)
[2026-05-18 21:23:38.864] Husby was here, and we are ready to go
[2026-05-18 21:23:38.874] AUTO-DISENGAGE: gear left Park (now D)
[2026-05-18 21:23:38.874] Husby was here, and we are ready to go
[2026-05-18 21:23:38.894] AUTO-DISENGAGE: gear left Park (now D)
[2026-05-18 21:23:38.894] Husby was here, and we are ready to go
[2026-05-18 21:23:38.916] AUTO-DISENGAGE: gear left Park (now D)
[2026-05-18 21:23:38.916] Husby was here, and we are ready to go
[2026-05-18 21:23:38.935] AUTO-DISENGAGE: gear left Park (now D)
[2026-05-18 21:23:38.935] Husby was here, and we are ready to go
[2026-05-18 21:23:38.955] AUTO-DISENGAGE: gear left Park (now D)
[2026-05-18 21:23:38.955] Husby was here, and we are ready to go
[2026-05-18 21:23:38.963] AUTO-DISENGAGE: gear left Park (now D)
[2026-05-18 21:23:38.964] Husby was here, and we are ready to go
[2026-05-18 21:23:38.974] AUTO-DISENGAGE: gear left Park (now D)
[2026-05-18 21:23:38.974] Husby was here, and we are ready to go
[2026-05-18 21:23:38.994] AUTO-DISENGAGE: gear left Park (now D)
[2026-05-18 21:23:38.994] Husby was here, and we are ready to go
[2026-05-18 21:23:39.018] AUTO-DISENGAGE: gear left Park (now D)
[2026-05-18 21:23:39.018] Husby was here, and we are ready to go
[2026-05-18 21:23:39.036] AUTO-DISENGAGE: gear left Park (now D)
[2026-05-18 21:23:39.036] Husby was here, and we are ready to go
[2026-05-18 21:23:39.058] AUTO-DISENGAGE: gear left Park (now D)
[2026-05-18 21:23:39.059] Husby was here, and we are ready to go
[2026-05-18 21:23:39.066] AUTO-DISENGAGE: gear left Park (now D)
[2026-05-18 21:23:39.067] Husby was here, and we are ready to go
[2026-05-18 21:23:39.075] AUTO-DISENGAGE: gear left Park (now D)
[2026-05-18 21:23:39.076] Husby was here, and we are ready to go
[2026-05-18 21:23:39.097] AUTO-DISENGAGE: gear left Park (now D)
[2026-05-18 21:23:39.097] Husby was here, and we are ready to go
[2026-05-18 21:23:39.118] AUTO-DISENGAGE: gear left Park (now D)
[2026-05-18 21:23:39.118] Husby was here, and we are ready to go
[2026-05-18 21:23:39.134] AUTO-DISENGAGE: gear left Park (now D)
[2026-05-18 21:23:39.134] Husby was here, and we are ready to go
[2026-05-18 21:23:39.156] AUTO-DISENGAGE: gear left Park (now D)
[2026-05-18 21:23:39.157] Husby was here, and we are ready to go
[2026-05-18 21:23:39.164] AUTO-DISENGAGE: gear left Park (now D)
[2026-05-18 21:23:39.164] Husby was here, and we are ready to go
[2026-05-18 21:23:39.174] AUTO-DISENGAGE: gear left Park (now D)
[2026-05-18 21:23:39.174] Husby was here, and we are ready to go
[2026-05-18 21:23:39.196] AUTO-DISENGAGE: gear left Park (now D)
[2026-05-18 21:23:39.196] Husby was here, and we are ready to go
[2026-05-18 21:23:39.216] AUTO-DISENGAGE: gear left Park (now D)
[2026-05-18 21:23:39.216] Husby was here, and we are ready to go
[2026-05-18 21:23:39.239] AUTO-DISENGAGE: gear left Park (now D)
[2026-05-18 21:23:39.240] Husby was here, and we are ready to go
[2026-05-18 21:23:39.256] AUTO-DISENGAGE: gear left Park (now D)
[2026-05-18 21:23:39.256] Husby was here, and we are ready to go
[2026-05-18 21:23:39.269] AUTO-DISENGAGE: gear left Park (now D)
[2026-05-18 21:23:39.269] Husby was here, and we are ready to go
[2026-05-18 21:23:39.273] AUTO-DISENGAGE: gear left Park (now D)
[2026-05-18 21:23:39.274] Husby was here, and we are ready to go
[2026-05-18 21:23:39.295] AUTO-DISENGAGE: gear left Park (now D)
[2026-05-18 21:23:39.295] Husby was here, and we are ready to go
[2026-05-18 21:23:39.317] AUTO-DISENGAGE: gear left Park (now D)
[2026-05-18 21:23:39.317] Husby was here, and we are ready to go
[2026-05-18 21:23:39.334] brake: PRESSED
[2026-05-18 21:23:39.336] AUTO-DISENGAGE: gear left Park (now D)
[2026-05-18 21:23:39.337] Husby was here, and we are ready to go
[2026-05-18 21:23:39.356] AUTO-DISENGAGE: gear left Park (now D)
[2026-05-18 21:23:39.356] Husby was here, and we are ready to go
[2026-05-18 21:23:39.363] AUTO-DISENGAGE: gear left Park (now D)
[2026-05-18 21:23:39.364] Husby was here, and we are ready to go
[2026-05-18 21:23:39.374] AUTO-DISENGAGE: gear left Park (now D)
[2026-05-18 21:23:39.374] Husby was here, and we are ready to go
[2026-05-18 21:23:39.394] AUTO-DISENGAGE: gear left Park (now D)
[2026-05-18 21:23:39.394] Husby was here, and we are ready to go
[2026-05-18 21:23:39.419] AUTO-DISENGAGE: gear left Park (now D)
[2026-05-18 21:23:39.419] Husby was here, and we are ready to go
[2026-05-18 21:23:39.437] AUTO-DISENGAGE: gear left Park (now D)
[2026-05-18 21:23:39.437] Husby was here, and we are ready to go
[2026-05-18 21:23:39.458] AUTO-DISENGAGE: gear left Park (now D)
[2026-05-18 21:23:39.458] Husby was here, and we are ready to go
[2026-05-18 21:23:39.463] AUTO-DISENGAGE: gear left Park (now D)
[2026-05-18 21:23:39.463] Husby was here, and we are ready to go
[2026-05-18 21:23:39.476] AUTO-DISENGAGE: gear left Park (now D)
[2026-05-18 21:23:39.476] Husby was here, and we are ready to go
[2026-05-18 21:23:39.496] AUTO-DISENGAGE: gear left Park (now D)
[2026-05-18 21:23:39.497] Husby was here, and we are ready to go
[2026-05-18 21:23:39.518] AUTO-DISENGAGE: gear left Park (now D)
[2026-05-18 21:23:39.518] Husby was here, and we are ready to go
[2026-05-18 21:23:39.538] AUTO-DISENGAGE: gear left Park (now D)
[2026-05-18 21:23:39.538] Husby was here, and we are ready to go
[2026-05-18 21:23:39.556] AUTO-DISENGAGE: gear left Park (now D)
[2026-05-18 21:23:39.556] Husby was here, and we are ready to go
[2026-05-18 21:23:39.564] AUTO-DISENGAGE: gear left Park (now D)
[2026-05-18 21:23:39.564] Husby was here, and we are ready to go
[2026-05-18 21:23:39.577] AUTO-DISENGAGE: gear left Park (now D)
[2026-05-18 21:23:39.577] Husby was here, and we are ready to go
[2026-05-18 21:23:39.598] AUTO-DISENGAGE: gear left Park (now D)
[2026-05-18 21:23:39.598] Husby was here, and we are ready to go
[2026-05-18 21:23:39.618] AUTO-DISENGAGE: gear left Park (now D)
[2026-05-18 21:23:39.618] Husby was here, and we are ready to go
[2026-05-18 21:23:39.638] AUTO-DISENGAGE: gear left Park (now D)
[2026-05-18 21:23:39.638] Husby was here, and we are ready to go
[2026-05-18 21:23:39.657] AUTO-DISENGAGE: gear left Park (now D)
[2026-05-18 21:23:39.657] Husby was here, and we are ready to go
[2026-05-18 21:23:39.664] AUTO-DISENGAGE: gear left Park (now D)
[2026-05-18 21:23:39.664] Husby was here, and we are ready to go
[2026-05-18 21:23:39.676] AUTO-DISENGAGE: gear left Park (now D)
[2026-05-18 21:23:39.676] Husby was here, and we are ready to go
[2026-05-18 21:23:39.697] AUTO-DISENGAGE: gear left Park (now D)
[2026-05-18 21:23:39.697] Husby was here, and we are ready to go
[2026-05-18 21:23:39.718] AUTO-DISENGAGE: gear left Park (now D)
[2026-05-18 21:23:39.718] Husby was here, and we are ready to go
[2026-05-18 21:23:39.736] AUTO-DISENGAGE: gear left Park (now D)
[2026-05-18 21:23:39.736] Husby was here, and we are ready to go
[2026-05-18 21:23:39.758] AUTO-DISENGAGE: gear left Park (now D)
[2026-05-18 21:23:39.758] Husby was here, and we are ready to go
[2026-05-18 21:23:39.764] AUTO-DISENGAGE: gear left Park (now D)
[2026-05-18 21:23:39.764] Husby was here, and we are ready to go
[2026-05-18 21:23:39.779] AUTO-DISENGAGE: gear left Park (now D)
[2026-05-18 21:23:39.779] Husby was here, and we are ready to go
[2026-05-18 21:23:39.799] AUTO-DISENGAGE: gear left Park (now D)
[2026-05-18 21:23:39.800] Husby was here, and we are ready to go
[2026-05-18 21:23:39.820] AUTO-DISENGAGE: gear left Park (now D)
[2026-05-18 21:23:39.820] Husby was here, and we are ready to go
[2026-05-18 21:23:39.838] AUTO-DISENGAGE: gear left Park (now D)
[2026-05-18 21:23:39.838] Husby was here, and we are ready to go
[2026-05-18 21:23:39.858] AUTO-DISENGAGE: gear left Park (now D)
[2026-05-18 21:23:39.858] Husby was here, and we are ready to go
[2026-05-18 21:23:39.864] AUTO-DISENGAGE: gear left Park (now D)
[2026-05-18 21:23:39.864] Husby was here, and we are ready to go
[2026-05-18 21:23:39.877] AUTO-DISENGAGE: gear left Park (now D)
[2026-05-18 21:23:39.877] Husby was here, and we are ready to go
[2026-05-18 21:23:39.896] AUTO-DISENGAGE: gear left Park (now D)
[2026-05-18 21:23:39.896] Husby was here, and we are ready to go
[2026-05-18 21:23:39.916] AUTO-DISENGAGE: gear left Park (now D)
[2026-05-18 21:23:39.916] Husby was here, and we are ready to go
[2026-05-18 21:23:39.936] AUTO-DISENGAGE: gear left Park (now D)
[2026-05-18 21:23:39.936] Husby was here, and we are ready to go
[2026-05-18 21:23:39.956] AUTO-DISENGAGE: gear left Park (now D)
[2026-05-18 21:23:39.956] Husby was here, and we are ready to go
[2026-05-18 21:23:39.963] AUTO-DISENGAGE: gear left Park (now D)
[2026-05-18 21:23:39.964] Husby was here, and we are ready to go
[2026-05-18 21:23:39.978] AUTO-DISENGAGE: gear left Park (now D)
[2026-05-18 21:23:39.979] Husby was here, and we are ready to go
[2026-05-18 21:23:39.999] AUTO-DISENGAGE: gear left Park (now D)
[2026-05-18 21:23:39.999] Husby was here, and we are ready to go
[2026-05-18 21:23:40.021] AUTO-DISENGAGE: gear left Park (now D)
[2026-05-18 21:23:40.021] Husby was here, and we are ready to go
[2026-05-18 21:23:40.039] AUTO-DISENGAGE: gear left Park (now D)
[2026-05-18 21:23:40.040] Husby was here, and we are ready to go
[2026-05-18 21:23:40.060] AUTO-DISENGAGE: gear left Park (now D)
[2026-05-18 21:23:40.060] Husby was here, and we are ready to go
[2026-05-18 21:23:40.063] AUTO-DISENGAGE: gear left Park (now D)
[2026-05-18 21:23:40.063] Husby was here, and we are ready to go
[2026-05-18 21:23:40.076] AUTO-DISENGAGE: gear left Park (now D)
[2026-05-18 21:23:40.076] Husby was here, and we are ready to go
[2026-05-18 21:23:40.096] AUTO-DISENGAGE: gear left Park (now D)
[2026-05-18 21:23:40.096] Husby was here, and we are ready to go
[2026-05-18 21:23:40.119] AUTO-DISENGAGE: gear left Park (now D)
[2026-05-18 21:23:40.119] Husby was here, and we are ready to go
[2026-05-18 21:23:40.137] AUTO-DISENGAGE: gear left Park (now D)
[2026-05-18 21:23:40.137] Husby was here, and we are ready to go
[2026-05-18 21:23:40.157] AUTO-DISENGAGE: gear left Park (now D)
[2026-05-18 21:23:40.157] Husby was here, and we are ready to go
[2026-05-18 21:23:40.163] AUTO-DISENGAGE: gear left Park (now D)
[2026-05-18 21:23:40.164] Husby was here, and we are ready to go
[2026-05-18 21:23:40.176] AUTO-DISENGAGE: gear left Park (now D)
[2026-05-18 21:23:40.176] Husby was here, and we are ready to go
[2026-05-18 21:23:40.199] AUTO-DISENGAGE: gear left Park (now D)
[2026-05-18 21:23:40.199] Husby was here, and we are ready to go
[2026-05-18 21:23:40.218] AUTO-DISENGAGE: gear left Park (now D)
[2026-05-18 21:23:40.218] Husby was here, and we are ready to go
[2026-05-18 21:23:40.238] AUTO-DISENGAGE: gear left Park (now D)
[2026-05-18 21:23:40.238] Husby was here, and we are ready to go
[2026-05-18 21:23:40.256] AUTO-DISENGAGE: gear left Park (now D)
[2026-05-18 21:23:40.256] Husby was here, and we are ready to go
[2026-05-18 21:23:40.264] AUTO-DISENGAGE: gear left Park (now D)
[2026-05-18 21:23:40.264] Husby was here, and we are ready to go
[2026-05-18 21:23:40.276] AUTO-DISENGAGE: gear left Park (now D)
[2026-05-18 21:23:40.276] Husby was here, and we are ready to go
[2026-05-18 21:23:40.296] AUTO-DISENGAGE: gear left Park (now D)
[2026-05-18 21:23:40.296] Husby was here, and we are ready to go
[2026-05-18 21:23:40.317] AUTO-DISENGAGE: gear left Park (now D)
[2026-05-18 21:23:40.317] Husby was here, and we are ready to go
[2026-05-18 21:23:40.336] AUTO-DISENGAGE: gear left Park (now D)
[2026-05-18 21:23:40.336] Husby was here, and we are ready to go
[2026-05-18 21:23:40.356] AUTO-DISENGAGE: gear left Park (now D)
[2026-05-18 21:23:40.356] Husby was here, and we are ready to go
[2026-05-18 21:23:40.366] AUTO-DISENGAGE: gear left Park (now D)
[2026-05-18 21:23:40.366] Husby was here, and we are ready to go
[2026-05-18 21:23:40.378] AUTO-DISENGAGE: gear left Park (now D)
[2026-05-18 21:23:40.378] Husby was here, and we are ready to go
[2026-05-18 21:23:40.398] AUTO-DISENGAGE: gear left Park (now D)
[2026-05-18 21:23:40.399] Husby was here, and we are ready to go
[2026-05-18 21:23:40.420] AUTO-DISENGAGE: gear left Park (now D)
[2026-05-18 21:23:40.420] Husby was here, and we are ready to go
[2026-05-18 21:23:40.440] AUTO-DISENGAGE: gear left Park (now D)
[2026-05-18 21:23:40.440] Husby was here, and we are ready to go
[2026-05-18 21:23:40.458] AUTO-DISENGAGE: gear left Park (now D)
[2026-05-18 21:23:40.458] Husby was here, and we are ready to go
[2026-05-18 21:23:40.463] AUTO-DISENGAGE: gear left Park (now D)
[2026-05-18 21:23:40.464] Husby was here, and we are ready to go
[2026-05-18 21:23:40.477] AUTO-DISENGAGE: gear left Park (now D)
[2026-05-18 21:23:40.477] Husby was here, and we are ready to go
[2026-05-18 21:23:40.497] AUTO-DISENGAGE: gear left Park (now D)
[2026-05-18 21:23:40.497] Husby was here, and we are ready to go
[2026-05-18 21:23:40.519] AUTO-DISENGAGE: gear left Park (now D)
[2026-05-18 21:23:40.519] Husby was here, and we are ready to go
[2026-05-18 21:23:40.536] AUTO-DISENGAGE: gear left Park (now D)
[2026-05-18 21:23:40.537] Husby was here, and we are ready to go
[2026-05-18 21:23:40.558] AUTO-DISENGAGE: gear left Park (now D)
[2026-05-18 21:23:40.558] Husby was here, and we are ready to go
[2026-05-18 21:23:40.564] AUTO-DISENGAGE: gear left Park (now D)
[2026-05-18 21:23:40.564] Husby was here, and we are ready to go
[2026-05-18 21:23:40.576] AUTO-DISENGAGE: gear left Park (now D)
[2026-05-18 21:23:40.576] Husby was here, and we are ready to go
[2026-05-18 21:23:40.596] AUTO-DISENGAGE: gear left Park (now D)
[2026-05-18 21:23:40.596] Husby was here, and we are ready to go
[2026-05-18 21:23:40.616] AUTO-DISENGAGE: gear left Park (now D)
[2026-05-18 21:23:40.616] Husby was here, and we are ready to go
[2026-05-18 21:23:40.636] brake: released
[2026-05-18 21:23:40.636] AUTO-DISENGAGE: gear left Park (now D)
[2026-05-18 21:23:40.636] Husby was here, and we are ready to go
[2026-05-18 21:23:40.656] AUTO-DISENGAGE: gear left Park (now D)
[2026-05-18 21:23:40.656] Husby was here, and we are ready to go
[2026-05-18 21:23:40.663] AUTO-DISENGAGE: gear left Park (now D)
[2026-05-18 21:23:40.664] Husby was here, and we are ready to go
[2026-05-18 21:23:40.676] AUTO-DISENGAGE: gear left Park (now D)
[2026-05-18 21:23:40.676] Husby was here, and we are ready to go
[2026-05-18 21:23:40.697] AUTO-DISENGAGE: gear left Park (now D)
[2026-05-18 21:23:40.697] Husby was here, and we are ready to go
[2026-05-18 21:23:40.718] AUTO-DISENGAGE: gear left Park (now D)
[2026-05-18 21:23:40.718] Husby was here, and we are ready to go
[2026-05-18 21:23:40.738] AUTO-DISENGAGE: gear left Park (now D)
[2026-05-18 21:23:40.738] Husby was here, and we are ready to go
[2026-05-18 21:23:40.758] AUTO-DISENGAGE: gear left Park (now D)
[2026-05-18 21:23:40.758] Husby was here, and we are ready to go
[2026-05-18 21:23:40.763] AUTO-DISENGAGE: gear left Park (now D)
[2026-05-18 21:23:40.763] Husby was here, and we are ready to go
[2026-05-18 21:23:40.778] AUTO-DISENGAGE: gear left Park (now D)
[2026-05-18 21:23:40.778] Husby was here, and we are ready to go
[2026-05-18 21:23:40.801] AUTO-DISENGAGE: gear left Park (now D)
[2026-05-18 21:23:40.801] Husby was here, and we are ready to go
[2026-05-18 21:23:40.820] AUTO-DISENGAGE: gear left Park (now D)
[2026-05-18 21:23:40.821] Husby was here, and we are ready to go
[2026-05-18 21:23:40.840] AUTO-DISENGAGE: gear left Park (now D)
[2026-05-18 21:23:40.840] Husby was here, and we are ready to go
[2026-05-18 21:23:40.862] AUTO-DISENGAGE: gear left Park (now D)
[2026-05-18 21:23:40.862] Husby was here, and we are ready to go
[2026-05-18 21:23:40.863] AUTO-DISENGAGE: gear left Park (now D)
[2026-05-18 21:23:40.864] Husby was here, and we are ready to go
[2026-05-18 21:23:40.879] AUTO-DISENGAGE: gear left Park (now D)
[2026-05-18 21:23:40.880] Husby was here, and we are ready to go
[2026-05-18 21:23:40.898] AUTO-DISENGAGE: gear left Park (now D)
[2026-05-18 21:23:40.899] Husby was here, and we are ready to go
[2026-05-18 21:23:40.919] AUTO-DISENGAGE: gear left Park (now D)
[2026-05-18 21:23:40.919] Husby was here, and we are ready to go
[2026-05-18 21:23:40.939] AUTO-DISENGAGE: gear left Park (now D)
[2026-05-18 21:23:40.939] Husby was here, and we are ready to go
[2026-05-18 21:23:40.959] AUTO-DISENGAGE: gear left Park (now D)
[2026-05-18 21:23:40.960] Husby was here, and we are ready to go
[2026-05-18 21:23:40.964] AUTO-DISENGAGE: gear left Park (now D)
[2026-05-18 21:23:40.964] Husby was here, and we are ready to go
[2026-05-18 21:23:40.978] AUTO-DISENGAGE: gear left Park (now D)
[2026-05-18 21:23:40.978] Husby was here, and we are ready to go
[2026-05-18 21:23:40.998] AUTO-DISENGAGE: gear left Park (now D)
[2026-05-18 21:23:40.998] Husby was here, and we are ready to go
[2026-05-18 21:23:41.019] AUTO-DISENGAGE: gear left Park (now D)
[2026-05-18 21:23:41.019] Husby was here, and we are ready to go
[2026-05-18 21:23:41.040] AUTO-DISENGAGE: gear left Park (now D)
[2026-05-18 21:23:41.040] Husby was here, and we are ready to go
[2026-05-18 21:23:41.059] AUTO-DISENGAGE: gear left Park (now D)
[2026-05-18 21:23:41.059] Husby was here, and we are ready to go
[2026-05-18 21:23:41.064] AUTO-DISENGAGE: gear left Park (now D)
[2026-05-18 21:23:41.064] Husby was here, and we are ready to go
[2026-05-18 21:23:41.078] AUTO-DISENGAGE: gear left Park (now D)
[2026-05-18 21:23:41.078] Husby was here, and we are ready to go
[2026-05-18 21:23:41.099] AUTO-DISENGAGE: gear left Park (now D)
[2026-05-18 21:23:41.099] Husby was here, and we are ready to go
[2026-05-18 21:23:41.120] AUTO-DISENGAGE: gear left Park (now D)
[2026-05-18 21:23:41.120] Husby was here, and we are ready to go
[2026-05-18 21:23:41.140] AUTO-DISENGAGE: gear left Park (now D)
[2026-05-18 21:23:41.140] Husby was here, and we are ready to go
[2026-05-18 21:23:41.160] AUTO-DISENGAGE: gear left Park (now D)
[2026-05-18 21:23:41.161] Husby was here, and we are ready to go
[2026-05-18 21:23:41.163] AUTO-DISENGAGE: gear left Park (now D)
[2026-05-18 21:23:41.164] Husby was here, and we are ready to go
[2026-05-18 21:23:41.180] AUTO-DISENGAGE: gear left Park (now D)
[2026-05-18 21:23:41.180] Husby was here, and we are ready to go
[2026-05-18 21:23:41.202] AUTO-DISENGAGE: gear left Park (now D)
[2026-05-18 21:23:41.202] Husby was here, and we are ready to go
[2026-05-18 21:23:41.219] AUTO-DISENGAGE: gear left Park (now D)
[2026-05-18 21:23:41.219] Husby was here, and we are ready to go
[2026-05-18 21:23:41.238] AUTO-DISENGAGE: gear left Park (now D)
[2026-05-18 21:23:41.239] Husby was here, and we are ready to go
[2026-05-18 21:23:41.258] AUTO-DISENGAGE: gear left Park (now D)
[2026-05-18 21:23:41.258] Husby was here, and we are ready to go
[2026-05-18 21:23:41.264] AUTO-DISENGAGE: gear left Park (now D)
[2026-05-18 21:23:41.264] Husby was here, and we are ready to go
[2026-05-18 21:23:41.281] AUTO-DISENGAGE: gear left Park (now D)
[2026-05-18 21:23:41.282] Husby was here, and we are ready to go
[2026-05-18 21:23:41.301] AUTO-DISENGAGE: gear left Park (now D)
[2026-05-18 21:23:41.301] Husby was here, and we are ready to go
[2026-05-18 21:23:41.321] AUTO-DISENGAGE: gear left Park (now D)
[2026-05-18 21:23:41.321] Husby was here, and we are ready to go
[2026-05-18 21:23:41.341] AUTO-DISENGAGE: gear left Park (now D)
[2026-05-18 21:23:41.341] Husby was here, and we are ready to go
[2026-05-18 21:23:41.361] AUTO-DISENGAGE: gear left Park (now D)
[2026-05-18 21:23:41.361] Husby was here, and we are ready to go
[2026-05-18 21:23:41.363] AUTO-DISENGAGE: gear left Park (now D)
[2026-05-18 21:23:41.363] Husby was here, and we are ready to go
[2026-05-18 21:23:41.380] AUTO-DISENGAGE: gear left Park (now D)
[2026-05-18 21:23:41.380] Husby was here, and we are ready to go
[2026-05-18 21:23:41.402] AUTO-DISENGAGE: gear left Park (now D)
[2026-05-18 21:23:41.402] Husby was here, and we are ready to go
[2026-05-18 21:23:41.421] AUTO-DISENGAGE: gear left Park (now D)
[2026-05-18 21:23:41.421] Husby was here, and we are ready to go
[2026-05-18 21:23:41.441] AUTO-DISENGAGE: gear left Park (now D)
[2026-05-18 21:23:41.441] Husby was here, and we are ready to go
[2026-05-18 21:23:41.461] AUTO-DISENGAGE: gear left Park (now D)
[2026-05-18 21:23:41.461] Husby was here, and we are ready to go
[2026-05-18 21:23:41.463] AUTO-DISENGAGE: gear left Park (now D)
[2026-05-18 21:23:41.463] Husby was here, and we are ready to go
[2026-05-18 21:23:41.481] AUTO-DISENGAGE: gear left Park (now D)
[2026-05-18 21:23:41.481] Husby was here, and we are ready to go
[2026-05-18 21:23:41.500] AUTO-DISENGAGE: gear left Park (now D)
[2026-05-18 21:23:41.501] Husby was here, and we are ready to go
[2026-05-18 21:23:41.521] AUTO-DISENGAGE: gear left Park (now D)
[2026-05-18 21:23:41.521] Husby was here, and we are ready to go
[2026-05-18 21:23:41.540] AUTO-DISENGAGE: gear left Park (now D)
[2026-05-18 21:23:41.540] Husby was here, and we are ready to go
[2026-05-18 21:23:41.561] AUTO-DISENGAGE: gear left Park (now D)
[2026-05-18 21:23:41.561] Husby was here, and we are ready to go
[2026-05-18 21:23:41.563] AUTO-DISENGAGE: gear left Park (now D)
[2026-05-18 21:23:41.563] Husby was here, and we are ready to go
[2026-05-18 21:23:41.580] AUTO-DISENGAGE: gear left Park (now D)
[2026-05-18 21:23:41.580] Husby was here, and we are ready to go
[2026-05-18 21:23:41.601] AUTO-DISENGAGE: gear left Park (now D)
[2026-05-18 21:23:41.601] Husby was here, and we are ready to go
[2026-05-18 21:23:41.621] AUTO-DISENGAGE: gear left Park (now D)
[2026-05-18 21:23:41.621] Husby was here, and we are ready to go
[2026-05-18 21:23:41.641] AUTO-DISENGAGE: gear left Park (now D)
[2026-05-18 21:23:41.641] Husby was here, and we are ready to go
[2026-05-18 21:23:41.661] AUTO-DISENGAGE: gear left Park (now D)
[2026-05-18 21:23:41.661] Husby was here, and we are ready to go
[2026-05-18 21:23:41.663] AUTO-DISENGAGE: gear left Park (now D)
[2026-05-18 21:23:41.663] Husby was here, and we are ready to go
[2026-05-18 21:23:41.680] AUTO-DISENGAGE: gear left Park (now D)
[2026-05-18 21:23:41.681] Husby was here, and we are ready to go
[2026-05-18 21:23:41.701] AUTO-DISENGAGE: gear left Park (now D)
[2026-05-18 21:23:41.701] Husby was here, and we are ready to go
[2026-05-18 21:23:41.722] AUTO-DISENGAGE: gear left Park (now D)
[2026-05-18 21:23:41.722] Husby was here, and we are ready to go
[2026-05-18 21:23:41.742] AUTO-DISENGAGE: gear left Park (now D)
[2026-05-18 21:23:41.742] Husby was here, and we are ready to go
[2026-05-18 21:23:41.765] AUTO-DISENGAGE: gear left Park (now D)
[2026-05-18 21:23:41.765] Husby was here, and we are ready to go
[2026-05-18 21:23:41.769] AUTO-DISENGAGE: gear left Park (now D)
[2026-05-18 21:23:41.769] Husby was here, and we are ready to go
[2026-05-18 21:23:41.781] AUTO-DISENGAGE: gear left Park (now D)
[2026-05-18 21:23:41.781] Husby was here, and we are ready to go
[2026-05-18 21:23:41.802] AUTO-DISENGAGE: gear left Park (now D)
[2026-05-18 21:23:41.803] Husby was here, and we are ready to go
[2026-05-18 21:23:41.821] AUTO-DISENGAGE: gear left Park (now D)
[2026-05-18 21:23:41.821] Husby was here, and we are ready to go
[2026-05-18 21:23:41.841] AUTO-DISENGAGE: gear left Park (now D)
[2026-05-18 21:23:41.841] Husby was here, and we are ready to go
[2026-05-18 21:23:41.863] AUTO-DISENGAGE: gear left Park (now D)
[2026-05-18 21:23:41.863] Husby was here, and we are ready to go
[2026-05-18 21:23:41.867] AUTO-DISENGAGE: gear left Park (now D)
[2026-05-18 21:23:41.867] Husby was here, and we are ready to go
[2026-05-18 21:23:41.882] AUTO-DISENGAGE: gear left Park (now D)
[2026-05-18 21:23:41.882] Husby was here, and we are ready to go
[2026-05-18 21:23:41.902] AUTO-DISENGAGE: gear left Park (now D)
[2026-05-18 21:23:41.902] Husby was here, and we are ready to go
[2026-05-18 21:23:41.922] AUTO-DISENGAGE: gear left Park (now D)
[2026-05-18 21:23:41.922] Husby was here, and we are ready to go
[2026-05-18 21:23:41.941] AUTO-DISENGAGE: gear left Park (now D)
[2026-05-18 21:23:41.941] Husby was here, and we are ready to go
[2026-05-18 21:23:41.961] AUTO-DISENGAGE: gear left Park (now D)
[2026-05-18 21:23:41.961] Husby was here, and we are ready to go
[2026-05-18 21:23:41.966] AUTO-DISENGAGE: gear left Park (now D)
[2026-05-18 21:23:41.967] Husby was here, and we are ready to go
[2026-05-18 21:23:41.981] AUTO-DISENGAGE: gear left Park (now D)
[2026-05-18 21:23:41.981] Husby was here, and we are ready to go
[2026-05-18 21:23:42.001] AUTO-DISENGAGE: gear left Park (now D)
[2026-05-18 21:23:42.001] Husby was here, and we are ready to go
[2026-05-18 21:23:42.022] AUTO-DISENGAGE: gear left Park (now D)
[2026-05-18 21:23:42.022] Husby was here, and we are ready to go
[2026-05-18 21:23:42.042] AUTO-DISENGAGE: gear left Park (now D)
[2026-05-18 21:23:42.043] Husby was here, and we are ready to go
[2026-05-18 21:23:42.065] AUTO-DISENGAGE: gear left Park (now D)
[2026-05-18 21:23:42.066] Husby was here, and we are ready to go
[2026-05-18 21:23:42.070] AUTO-DISENGAGE: gear left Park (now D)
[2026-05-18 21:23:42.070] Husby was here, and we are ready to go
[2026-05-18 21:23:42.080] AUTO-DISENGAGE: gear left Park (now D)
[2026-05-18 21:23:42.081] Husby was here, and we are ready to go
[2026-05-18 21:23:42.102] AUTO-DISENGAGE: gear left Park (now D)
[2026-05-18 21:23:42.102] Husby was here, and we are ready to go
[2026-05-18 21:23:42.121] AUTO-DISENGAGE: gear left Park (now D)
[2026-05-18 21:23:42.122] Husby was here, and we are ready to go
[2026-05-18 21:23:42.141] AUTO-DISENGAGE: gear left Park (now D)
[2026-05-18 21:23:42.141] Husby was here, and we are ready to go
[2026-05-18 21:23:42.164] AUTO-DISENGAGE: gear left Park (now D)
[2026-05-18 21:23:42.164] Husby was here, and we are ready to go
[2026-05-18 21:23:42.167] AUTO-DISENGAGE: gear left Park (now D)
[2026-05-18 21:23:42.167] Husby was here, and we are ready to go
[2026-05-18 21:23:42.181] AUTO-DISENGAGE: gear left Park (now D)
[2026-05-18 21:23:42.181] Husby was here, and we are ready to go
[2026-05-18 21:23:42.201] AUTO-DISENGAGE: gear left Park (now D)
[2026-05-18 21:23:42.201] Husby was here, and we are ready to go
[2026-05-18 21:23:42.222] AUTO-DISENGAGE: gear left Park (now D)
[2026-05-18 21:23:42.222] Husby was here, and we are ready to go
[2026-05-18 21:23:42.242] AUTO-DISENGAGE: gear left Park (now D)
[2026-05-18 21:23:42.242] Husby was here, and we are ready to go
[2026-05-18 21:23:42.262] AUTO-DISENGAGE: gear left Park (now D)
[2026-05-18 21:23:42.262] Husby was here, and we are ready to go
[2026-05-18 21:23:42.267] AUTO-DISENGAGE: gear left Park (now D)
[2026-05-18 21:23:42.267] Husby was here, and we are ready to go
[2026-05-18 21:23:42.281] AUTO-DISENGAGE: gear left Park (now D)
[2026-05-18 21:23:42.281] Husby was here, and we are ready to go
[2026-05-18 21:23:42.301] AUTO-DISENGAGE: gear left Park (now D)
[2026-05-18 21:23:42.301] Husby was here, and we are ready to go
[2026-05-18 21:23:42.321] AUTO-DISENGAGE: gear left Park (now D)
[2026-05-18 21:23:42.321] Husby was here, and we are ready to go
[2026-05-18 21:23:42.340] AUTO-DISENGAGE: gear left Park (now D)
[2026-05-18 21:23:42.341] Husby was here, and we are ready to go
[2026-05-18 21:23:42.361] brake: PRESSED
[2026-05-18 21:23:42.362] AUTO-DISENGAGE: gear left Park (now D)
[2026-05-18 21:23:42.362] Husby was here, and we are ready to go
[2026-05-18 21:23:42.367] AUTO-DISENGAGE: gear left Park (now D)
[2026-05-18 21:23:42.367] Husby was here, and we are ready to go
[2026-05-18 21:23:42.381] AUTO-DISENGAGE: gear left Park (now D)
[2026-05-18 21:23:42.381] Husby was here, and we are ready to go
[2026-05-18 21:23:42.405] AUTO-DISENGAGE: gear left Park (now D)
[2026-05-18 21:23:42.405] Husby was here, and we are ready to go
[2026-05-18 21:23:42.424] AUTO-DISENGAGE: gear left Park (now D)
[2026-05-18 21:23:42.425] Husby was here, and we are ready to go
[2026-05-18 21:23:42.443] AUTO-DISENGAGE: gear left Park (now D)
[2026-05-18 21:23:42.444] Husby was here, and we are ready to go
[2026-05-18 21:23:42.463] AUTO-DISENGAGE: gear left Park (now D)
[2026-05-18 21:23:42.464] Husby was here, and we are ready to go
[2026-05-18 21:23:42.468] AUTO-DISENGAGE: gear left Park (now D)
[2026-05-18 21:23:42.468] Husby was here, and we are ready to go
[2026-05-18 21:23:42.487] AUTO-DISENGAGE: gear left Park (now D)
[2026-05-18 21:23:42.488] Husby was here, and we are ready to go
[2026-05-18 21:23:42.508] AUTO-DISENGAGE: gear left Park (now D)
[2026-05-18 21:23:42.508] Husby was here, and we are ready to go
[2026-05-18 21:23:42.527] AUTO-DISENGAGE: gear left Park (now D)
[2026-05-18 21:23:42.527] Husby was here, and we are ready to go
[2026-05-18 21:23:42.549] AUTO-DISENGAGE: gear left Park (now D)
[2026-05-18 21:23:42.549] Husby was here, and we are ready to go
[2026-05-18 21:23:42.568] AUTO-DISENGAGE: gear left Park (now D)
[2026-05-18 21:23:42.568] Husby was here, and we are ready to go
[2026-05-18 21:23:42.569] AUTO-DISENGAGE: gear left Park (now D)
[2026-05-18 21:23:42.569] Husby was here, and we are ready to go
[2026-05-18 21:23:42.590] AUTO-DISENGAGE: gear left Park (now D)
[2026-05-18 21:23:42.590] Husby was here, and we are ready to go
[2026-05-18 21:23:42.609] AUTO-DISENGAGE: gear left Park (now D)
[2026-05-18 21:23:42.610] Husby was here, and we are ready to go
[2026-05-18 21:23:42.630] AUTO-DISENGAGE: gear left Park (now D)
[2026-05-18 21:23:42.630] Husby was here, and we are ready to go
[2026-05-18 21:23:42.652] AUTO-DISENGAGE: gear left Park (now D)
[2026-05-18 21:23:42.652] Husby was here, and we are ready to go
[2026-05-18 21:23:42.671] AUTO-DISENGAGE: gear left Park (now D)
[2026-05-18 21:23:42.671] Husby was here, and we are ready to go
[2026-05-18 21:23:42.672] AUTO-DISENGAGE: gear left Park (now D)
[2026-05-18 21:23:42.672] Husby was here, and we are ready to go
[2026-05-18 21:23:42.692] AUTO-DISENGAGE: gear left Park (now D)
[2026-05-18 21:23:42.693] Husby was here, and we are ready to go
[2026-05-18 21:23:42.712] AUTO-DISENGAGE: gear left Park (now D)
[2026-05-18 21:23:42.712] Husby was here, and we are ready to go
[2026-05-18 21:23:42.733] AUTO-DISENGAGE: gear left Park (now D)
[2026-05-18 21:23:42.733] Husby was here, and we are ready to go
[2026-05-18 21:23:42.754] AUTO-DISENGAGE: gear left Park (now D)
[2026-05-18 21:23:42.754] Husby was here, and we are ready to go
[2026-05-18 21:23:42.770] AUTO-DISENGAGE: gear left Park (now D)
[2026-05-18 21:23:42.770] Husby was here, and we are ready to go
[2026-05-18 21:23:42.772] AUTO-DISENGAGE: gear left Park (now D)
[2026-05-18 21:23:42.772] Husby was here, and we are ready to go
[2026-05-18 21:23:42.795] AUTO-DISENGAGE: gear left Park (now D)
[2026-05-18 21:23:42.796] Husby was here, and we are ready to go
[2026-05-18 21:23:42.813] AUTO-DISENGAGE: gear left Park (now D)
[2026-05-18 21:23:42.813] Husby was here, and we are ready to go
[2026-05-18 21:23:42.833] AUTO-DISENGAGE: gear left Park (now D)
[2026-05-18 21:23:42.833] Husby was here, and we are ready to go
[2026-05-18 21:23:42.853] AUTO-DISENGAGE: gear left Park (now D)
[2026-05-18 21:23:42.853] Husby was here, and we are ready to go
[2026-05-18 21:23:42.868] AUTO-DISENGAGE: gear left Park (now D)
[2026-05-18 21:23:42.868] Husby was here, and we are ready to go
[2026-05-18 21:23:42.872] AUTO-DISENGAGE: gear left Park (now D)
[2026-05-18 21:23:42.872] Husby was here, and we are ready to go
[2026-05-18 21:23:42.893] AUTO-DISENGAGE: gear left Park (now D)
[2026-05-18 21:23:42.893] Husby was here, and we are ready to go
[2026-05-18 21:23:42.913] AUTO-DISENGAGE: gear left Park (now D)
[2026-05-18 21:23:42.913] Husby was here, and we are ready to go
[2026-05-18 21:23:42.933] AUTO-DISENGAGE: gear left Park (now D)
[2026-05-18 21:23:42.933] Husby was here, and we are ready to go
[2026-05-18 21:23:42.954] AUTO-DISENGAGE: gear left Park (now D)
[2026-05-18 21:23:42.954] Husby was here, and we are ready to go
[2026-05-18 21:23:42.970] AUTO-DISENGAGE: gear left Park (now D)
[2026-05-18 21:23:42.970] Husby was here, and we are ready to go
[2026-05-18 21:23:42.972] AUTO-DISENGAGE: gear left Park (now D)
[2026-05-18 21:23:42.972] Husby was here, and we are ready to go
[2026-05-18 21:23:42.994] AUTO-DISENGAGE: gear left Park (now D)
[2026-05-18 21:23:42.994] Husby was here, and we are ready to go
[2026-05-18 21:23:43.013] AUTO-DISENGAGE: gear left Park (now D)
[2026-05-18 21:23:43.014] Husby was here, and we are ready to go
[2026-05-18 21:23:43.034] AUTO-DISENGAGE: gear left Park (now D)
[2026-05-18 21:23:43.034] Husby was here, and we are ready to go
[2026-05-18 21:23:43.054] AUTO-DISENGAGE: gear left Park (now D)
[2026-05-18 21:23:43.055] Husby was here, and we are ready to go
[2026-05-18 21:23:43.072] AUTO-DISENGAGE: gear left Park (now D)
[2026-05-18 21:23:43.072] Husby was here, and we are ready to go
[2026-05-18 21:23:43.072] AUTO-DISENGAGE: gear left Park (now D)
[2026-05-18 21:23:43.072] Husby was here, and we are ready to go
[2026-05-18 21:23:43.093] AUTO-DISENGAGE: gear left Park (now D)
[2026-05-18 21:23:43.093] Husby was here, and we are ready to go
[2026-05-18 21:23:43.113] AUTO-DISENGAGE: gear left Park (now D)
[2026-05-18 21:23:43.114] Husby was here, and we are ready to go
[2026-05-18 21:23:43.134] AUTO-DISENGAGE: gear left Park (now D)
[2026-05-18 21:23:43.134] Husby was here, and we are ready to go
[2026-05-18 21:23:43.154] AUTO-DISENGAGE: gear left Park (now D)
[2026-05-18 21:23:43.154] Husby was here, and we are ready to go
[2026-05-18 21:23:43.170] AUTO-DISENGAGE: gear left Park (now D)
[2026-05-18 21:23:43.170] Husby was here, and we are ready to go
[2026-05-18 21:23:43.172] AUTO-DISENGAGE: gear left Park (now D)
[2026-05-18 21:23:43.173] Husby was here, and we are ready to go
[2026-05-18 21:23:43.195] AUTO-DISENGAGE: gear left Park (now D)
[2026-05-18 21:23:43.195] Husby was here, and we are ready to go
[2026-05-18 21:23:43.214] AUTO-DISENGAGE: gear left Park (now D)
[2026-05-18 21:23:43.214] Husby was here, and we are ready to go
[2026-05-18 21:23:43.234] AUTO-DISENGAGE: gear left Park (now D)
[2026-05-18 21:23:43.234] Husby was here, and we are ready to go
[2026-05-18 21:23:43.253] AUTO-DISENGAGE: gear left Park (now D)
[2026-05-18 21:23:43.254] Husby was here, and we are ready to go
[2026-05-18 21:23:43.268] AUTO-DISENGAGE: gear left Park (now D)
[2026-05-18 21:23:43.269] Husby was here, and we are ready to go
[2026-05-18 21:23:43.272] AUTO-DISENGAGE: gear left Park (now D)
[2026-05-18 21:23:43.272] Husby was here, and we are ready to go
[2026-05-18 21:23:43.293] AUTO-DISENGAGE: gear left Park (now D)
[2026-05-18 21:23:43.293] Husby was here, and we are ready to go
[2026-05-18 21:23:43.313] AUTO-DISENGAGE: gear left Park (now D)
[2026-05-18 21:23:43.313] Husby was here, and we are ready to go
[2026-05-18 21:23:43.334] AUTO-DISENGAGE: gear left Park (now D)
[2026-05-18 21:23:43.334] Husby was here, and we are ready to go
[2026-05-18 21:23:43.354] AUTO-DISENGAGE: gear left Park (now D)
[2026-05-18 21:23:43.355] Husby was here, and we are ready to go
[2026-05-18 21:23:43.370] AUTO-DISENGAGE: gear left Park (now D)
[2026-05-18 21:23:43.370] Husby was here, and we are ready to go
[2026-05-18 21:23:43.372] AUTO-DISENGAGE: gear left Park (now D)
[2026-05-18 21:23:43.372] Husby was here, and we are ready to go
[2026-05-18 21:23:43.393] AUTO-DISENGAGE: gear left Park (now D)
[2026-05-18 21:23:43.393] Husby was here, and we are ready to go
[2026-05-18 21:23:43.414] AUTO-DISENGAGE: gear left Park (now D)
[2026-05-18 21:23:43.414] Husby was here, and we are ready to go
[2026-05-18 21:23:43.433] AUTO-DISENGAGE: gear left Park (now D)
[2026-05-18 21:23:43.433] Husby was here, and we are ready to go
[2026-05-18 21:23:43.453] AUTO-DISENGAGE: gear left Park (now D)
[2026-05-18 21:23:43.453] Husby was here, and we are ready to go
[2026-05-18 21:23:43.468] AUTO-DISENGAGE: gear left Park (now D)
[2026-05-18 21:23:43.468] Husby was here, and we are ready to go
[2026-05-18 21:23:43.472] AUTO-DISENGAGE: gear left Park (now D)
[2026-05-18 21:23:43.472] Husby was here, and we are ready to go
[2026-05-18 21:23:43.493] AUTO-DISENGAGE: gear left Park (now D)
[2026-05-18 21:23:43.493] Husby was here, and we are ready to go
[2026-05-18 21:23:43.513] AUTO-DISENGAGE: gear left Park (now D)
[2026-05-18 21:23:43.514] Husby was here, and we are ready to go
[2026-05-18 21:23:43.533] AUTO-DISENGAGE: gear left Park (now D)
[2026-05-18 21:23:43.533] Husby was here, and we are ready to go
[2026-05-18 21:23:43.553] AUTO-DISENGAGE: gear left Park (now D)
[2026-05-18 21:23:43.553] Husby was here, and we are ready to go
[2026-05-18 21:23:43.568] AUTO-DISENGAGE: gear left Park (now D)
[2026-05-18 21:23:43.568] Husby was here, and we are ready to go
[2026-05-18 21:23:43.572] AUTO-DISENGAGE: gear left Park (now D)
[2026-05-18 21:23:43.572] Husby was here, and we are ready to go
[2026-05-18 21:23:43.593] AUTO-DISENGAGE: gear left Park (now D)
[2026-05-18 21:23:43.593] Husby was here, and we are ready to go
[2026-05-18 21:23:43.618] AUTO-DISENGAGE: gear left Park (now D)
[2026-05-18 21:23:43.618] Husby was here, and we are ready to go
[2026-05-18 21:23:43.640] AUTO-DISENGAGE: gear left Park (now D)
[2026-05-18 21:23:43.640] Husby was here, and we are ready to go
[2026-05-18 21:23:43.662] AUTO-DISENGAGE: gear left Park (now D)
[2026-05-18 21:23:43.662] Husby was here, and we are ready to go
[2026-05-18 21:23:43.667] AUTO-DISENGAGE: gear left Park (now D)
[2026-05-18 21:23:43.668] Husby was here, and we are ready to go
[2026-05-18 21:23:43.680] AUTO-DISENGAGE: gear left Park (now D)
[2026-05-18 21:23:43.680] Husby was here, and we are ready to go
[2026-05-18 21:23:43.701] AUTO-DISENGAGE: gear left Park (now D)
[2026-05-18 21:23:43.702] Husby was here, and we are ready to go
[2026-05-18 21:23:43.721] AUTO-DISENGAGE: gear left Park (now D)
[2026-05-18 21:23:43.721] Husby was here, and we are ready to go
[2026-05-18 21:23:43.740] AUTO-DISENGAGE: gear left Park (now D)
[2026-05-18 21:23:43.740] Husby was here, and we are ready to go
[2026-05-18 21:23:43.761] AUTO-DISENGAGE: gear left Park (now D)
[2026-05-18 21:23:43.761] Husby was here, and we are ready to go
[2026-05-18 21:23:43.768] AUTO-DISENGAGE: gear left Park (now D)
[2026-05-18 21:23:43.768] Husby was here, and we are ready to go
[2026-05-18 21:23:43.779] AUTO-DISENGAGE: gear left Park (now D)
[2026-05-18 21:23:43.779] Husby was here, and we are ready to go
[2026-05-18 21:23:43.799] AUTO-DISENGAGE: gear left Park (now D)
[2026-05-18 21:23:43.799] Husby was here, and we are ready to go
[2026-05-18 21:23:43.820] AUTO-DISENGAGE: gear left Park (now D)
[2026-05-18 21:23:43.820] Husby was here, and we are ready to go
[2026-05-18 21:23:43.840] AUTO-DISENGAGE: gear left Park (now D)
[2026-05-18 21:23:43.840] Husby was here, and we are ready to go
[2026-05-18 21:23:43.860] AUTO-DISENGAGE: gear left Park (now D)
[2026-05-18 21:23:43.860] Husby was here, and we are ready to go
[2026-05-18 21:23:43.868] AUTO-DISENGAGE: gear left Park (now D)
[2026-05-18 21:23:43.868] Husby was here, and we are ready to go
[2026-05-18 21:23:43.878] AUTO-DISENGAGE: gear left Park (now D)
[2026-05-18 21:23:43.878] Husby was here, and we are ready to go
[2026-05-18 21:23:43.899] AUTO-DISENGAGE: gear left Park (now D)
[2026-05-18 21:23:43.899] Husby was here, and we are ready to go
[2026-05-18 21:23:43.920] AUTO-DISENGAGE: gear left Park (now D)
[2026-05-18 21:23:43.920] Husby was here, and we are ready to go
[2026-05-18 21:23:43.940] AUTO-DISENGAGE: gear left Park (now D)
[2026-05-18 21:23:43.940] Husby was here, and we are ready to go
[2026-05-18 21:23:43.963] AUTO-DISENGAGE: gear left Park (now D)
[2026-05-18 21:23:43.963] Husby was here, and we are ready to go
[2026-05-18 21:23:43.969] AUTO-DISENGAGE: gear left Park (now D)
[2026-05-18 21:23:43.969] Husby was here, and we are ready to go
[2026-05-18 21:23:43.978] AUTO-DISENGAGE: gear left Park (now D)
[2026-05-18 21:23:43.979] Husby was here, and we are ready to go
[2026-05-18 21:23:44.001] AUTO-DISENGAGE: gear left Park (now D)
[2026-05-18 21:23:44.001] Husby was here, and we are ready to go
[2026-05-18 21:23:44.020] AUTO-DISENGAGE: gear left Park (now D)
[2026-05-18 21:23:44.020] Husby was here, and we are ready to go
[2026-05-18 21:23:44.040] AUTO-DISENGAGE: gear left Park (now D)
[2026-05-18 21:23:44.040] Husby was here, and we are ready to go
[2026-05-18 21:23:44.061] AUTO-DISENGAGE: gear left Park (now D)
[2026-05-18 21:23:44.061] Husby was here, and we are ready to go
[2026-05-18 21:23:44.068] AUTO-DISENGAGE: gear left Park (now D)
[2026-05-18 21:23:44.068] Husby was here, and we are ready to go
[2026-05-18 21:23:44.078] AUTO-DISENGAGE: gear left Park (now D)
[2026-05-18 21:23:44.079] Husby was here, and we are ready to go
[2026-05-18 21:23:44.100] AUTO-DISENGAGE: gear left Park (now D)
[2026-05-18 21:23:44.100] Husby was here, and we are ready to go
[2026-05-18 21:23:44.120] AUTO-DISENGAGE: gear left Park (now D)
[2026-05-18 21:23:44.120] Husby was here, and we are ready to go
[2026-05-18 21:23:44.140] AUTO-DISENGAGE: gear left Park (now D)
[2026-05-18 21:23:44.140] Husby was here, and we are ready to go
[2026-05-18 21:23:44.161] AUTO-DISENGAGE: gear left Park (now D)
[2026-05-18 21:23:44.161] Husby was here, and we are ready to go
[2026-05-18 21:23:44.168] AUTO-DISENGAGE: gear left Park (now D)
[2026-05-18 21:23:44.169] Husby was here, and we are ready to go
[2026-05-18 21:23:44.180] AUTO-DISENGAGE: gear left Park (now D)
[2026-05-18 21:23:44.180] Husby was here, and we are ready to go
[2026-05-18 21:23:44.200] AUTO-DISENGAGE: gear left Park (now D)
[2026-05-18 21:23:44.200] Husby was here, and we are ready to go
[2026-05-18 21:23:44.221] AUTO-DISENGAGE: gear left Park (now D)
[2026-05-18 21:23:44.221] Husby was here, and we are ready to go
[2026-05-18 21:23:44.239] AUTO-DISENGAGE: gear left Park (now D)
[2026-05-18 21:23:44.239] Husby was here, and we are ready to go
[2026-05-18 21:23:44.259] AUTO-DISENGAGE: gear left Park (now D)
[2026-05-18 21:23:44.259] Husby was here, and we are ready to go
[2026-05-18 21:23:44.268] AUTO-DISENGAGE: gear left Park (now D)
[2026-05-18 21:23:44.268] Husby was here, and we are ready to go
[2026-05-18 21:23:44.278] AUTO-DISENGAGE: gear left Park (now D)
[2026-05-18 21:23:44.278] Husby was here, and we are ready to go
[2026-05-18 21:23:44.299] AUTO-DISENGAGE: gear left Park (now D)
[2026-05-18 21:23:44.299] Husby was here, and we are ready to go
[2026-05-18 21:23:44.319] AUTO-DISENGAGE: gear left Park (now D)
[2026-05-18 21:23:44.319] Husby was here, and we are ready to go
[2026-05-18 21:23:44.339] AUTO-DISENGAGE: gear left Park (now D)
[2026-05-18 21:23:44.339] Husby was here, and we are ready to go
[2026-05-18 21:23:44.360] AUTO-DISENGAGE: gear left Park (now D)
[2026-05-18 21:23:44.360] Husby was here, and we are ready to go
[2026-05-18 21:23:44.368] AUTO-DISENGAGE: gear left Park (now D)
[2026-05-18 21:23:44.368] Husby was here, and we are ready to go
[2026-05-18 21:23:44.379] AUTO-DISENGAGE: gear left Park (now D)
[2026-05-18 21:23:44.379] Husby was here, and we are ready to go
[2026-05-18 21:23:44.399] AUTO-DISENGAGE: gear left Park (now D)
[2026-05-18 21:23:44.399] Husby was here, and we are ready to go
[2026-05-18 21:23:44.422] AUTO-DISENGAGE: gear left Park (now D)
[2026-05-18 21:23:44.422] Husby was here, and we are ready to go
[2026-05-18 21:23:44.443] AUTO-DISENGAGE: gear left Park (now D)
[2026-05-18 21:23:44.443] Husby was here, and we are ready to go
[2026-05-18 21:23:44.463] AUTO-DISENGAGE: gear left Park (now D)
[2026-05-18 21:23:44.463] Husby was here, and we are ready to go
[2026-05-18 21:23:44.469] AUTO-DISENGAGE: gear left Park (now D)
[2026-05-18 21:23:44.469] Husby was here, and we are ready to go
[2026-05-18 21:23:44.480] AUTO-DISENGAGE: gear left Park (now D)
[2026-05-18 21:23:44.481] Husby was here, and we are ready to go
[2026-05-18 21:23:44.499] AUTO-DISENGAGE: gear left Park (now D)
[2026-05-18 21:23:44.500] Husby was here, and we are ready to go
[2026-05-18 21:23:44.521] AUTO-DISENGAGE: gear left Park (now D)
[2026-05-18 21:23:44.521] Husby was here, and we are ready to go
[2026-05-18 21:23:44.539] AUTO-DISENGAGE: gear left Park (now D)
[2026-05-18 21:23:44.540] Husby was here, and we are ready to go
[2026-05-18 21:23:44.560] AUTO-DISENGAGE: gear left Park (now D)
[2026-05-18 21:23:44.561] Husby was here, and we are ready to go
[2026-05-18 21:23:44.567] AUTO-DISENGAGE: gear left Park (now D)
[2026-05-18 21:23:44.567] Husby was here, and we are ready to go
[2026-05-18 21:23:44.578] AUTO-DISENGAGE: gear left Park (now D)
[2026-05-18 21:23:44.578] Husby was here, and we are ready to go
[2026-05-18 21:23:44.599] AUTO-DISENGAGE: gear left Park (now D)
[2026-05-18 21:23:44.599] Husby was here, and we are ready to go
[2026-05-18 21:23:44.619] AUTO-DISENGAGE: gear left Park (now D)
[2026-05-18 21:23:44.620] Husby was here, and we are ready to go
[2026-05-18 21:23:44.639] AUTO-DISENGAGE: gear left Park (now D)
[2026-05-18 21:23:44.639] Husby was here, and we are ready to go
[2026-05-18 21:23:44.658] AUTO-DISENGAGE: gear left Park (now D)
[2026-05-18 21:23:44.658] Husby was here, and we are ready to go
[2026-05-18 21:23:44.667] AUTO-DISENGAGE: gear left Park (now D)
[2026-05-18 21:23:44.667] Husby was here, and we are ready to go
[2026-05-18 21:23:44.678] AUTO-DISENGAGE: gear left Park (now D)
[2026-05-18 21:23:44.678] Husby was here, and we are ready to go
[2026-05-18 21:23:44.701] AUTO-DISENGAGE: gear left Park (now D)
[2026-05-18 21:23:44.702] Husby was here, and we are ready to go
[2026-05-18 21:23:44.721] AUTO-DISENGAGE: gear left Park (now D)
[2026-05-18 21:23:44.721] Husby was here, and we are ready to go
[2026-05-18 21:23:44.740] AUTO-DISENGAGE: gear left Park (now D)
[2026-05-18 21:23:44.740] Husby was here, and we are ready to go
[2026-05-18 21:23:44.759] AUTO-DISENGAGE: gear left Park (now D)
[2026-05-18 21:23:44.759] Husby was here, and we are ready to go
[2026-05-18 21:23:44.768] AUTO-DISENGAGE: gear left Park (now D)
[2026-05-18 21:23:44.768] Husby was here, and we are ready to go
[2026-05-18 21:23:44.779] AUTO-DISENGAGE: gear left Park (now D)
[2026-05-18 21:23:44.779] Husby was here, and we are ready to go
[2026-05-18 21:23:44.799] AUTO-DISENGAGE: gear left Park (now D)
[2026-05-18 21:23:44.799] Husby was here, and we are ready to go
[2026-05-18 21:23:44.819] AUTO-DISENGAGE: gear left Park (now D)
[2026-05-18 21:23:44.820] Husby was here, and we are ready to go
[2026-05-18 21:23:44.839] AUTO-DISENGAGE: gear left Park (now D)
[2026-05-18 21:23:44.839] Husby was here, and we are ready to go
[2026-05-18 21:23:44.859] AUTO-DISENGAGE: gear left Park (now D)
[2026-05-18 21:23:44.859] Husby was here, and we are ready to go
[2026-05-18 21:23:44.869] AUTO-DISENGAGE: gear left Park (now D)
[2026-05-18 21:23:44.870] Husby was here, and we are ready to go
[2026-05-18 21:23:44.879] AUTO-DISENGAGE: gear left Park (now D)
[2026-05-18 21:23:44.879] Husby was here, and we are ready to go
[2026-05-18 21:23:44.901] AUTO-DISENGAGE: gear left Park (now D)
[2026-05-18 21:23:44.902] Husby was here, and we are ready to go
[2026-05-18 21:23:44.921] AUTO-DISENGAGE: gear left Park (now D)
[2026-05-18 21:23:44.922] Husby was here, and we are ready to go
[2026-05-18 21:23:44.939] AUTO-DISENGAGE: gear left Park (now D)
[2026-05-18 21:23:44.940] Husby was here, and we are ready to go
[2026-05-18 21:23:44.962] AUTO-DISENGAGE: gear left Park (now D)
[2026-05-18 21:23:44.962] Husby was here, and we are ready to go
[2026-05-18 21:23:44.969] AUTO-DISENGAGE: gear left Park (now D)
[2026-05-18 21:23:44.969] Husby was here, and we are ready to go
[2026-05-18 21:23:44.978] AUTO-DISENGAGE: gear left Park (now D)
[2026-05-18 21:23:44.980] Husby was here, and we are ready to go
[2026-05-18 21:23:45.001] AUTO-DISENGAGE: gear left Park (now D)
[2026-05-18 21:23:45.001] Husby was here, and we are ready to go
[2026-05-18 21:23:45.022] AUTO-DISENGAGE: gear left Park (now D)
[2026-05-18 21:23:45.022] Husby was here, and we are ready to go
[2026-05-18 21:23:45.041] AUTO-DISENGAGE: gear left Park (now D)
[2026-05-18 21:23:45.041] Husby was here, and we are ready to go
[2026-05-18 21:23:45.062] AUTO-DISENGAGE: gear left Park (now D)
[2026-05-18 21:23:45.063] Husby was here, and we are ready to go
[2026-05-18 21:23:45.069] AUTO-DISENGAGE: gear left Park (now D)
[2026-05-18 21:23:45.070] Husby was here, and we are ready to go
[2026-05-18 21:23:45.078] AUTO-DISENGAGE: gear left Park (now D)
[2026-05-18 21:23:45.079] Husby was here, and we are ready to go
[2026-05-18 21:23:45.101] AUTO-DISENGAGE: gear left Park (now D)
[2026-05-18 21:23:45.101] Husby was here, and we are ready to go
[2026-05-18 21:23:45.122] AUTO-DISENGAGE: gear left Park (now D)
[2026-05-18 21:23:45.122] Husby was here, and we are ready to go
[2026-05-18 21:23:45.139] AUTO-DISENGAGE: gear left Park (now D)
[2026-05-18 21:23:45.140] Husby was here, and we are ready to go
[2026-05-18 21:23:45.160] AUTO-DISENGAGE: gear left Park (now D)
[2026-05-18 21:23:45.161] Husby was here, and we are ready to go
[2026-05-18 21:23:45.168] AUTO-DISENGAGE: gear left Park (now D)
[2026-05-18 21:23:45.168] Husby was here, and we are ready to go
[2026-05-18 21:23:45.182] AUTO-DISENGAGE: gear left Park (now D)
[2026-05-18 21:23:45.182] Husby was here, and we are ready to go
[2026-05-18 21:23:45.203] AUTO-DISENGAGE: gear left Park (now D)
[2026-05-18 21:23:45.203] Husby was here, and we are ready to go
[2026-05-18 21:23:45.222] AUTO-DISENGAGE: gear left Park (now D)
[2026-05-18 21:23:45.222] Husby was here, and we are ready to go
[2026-05-18 21:23:45.242] AUTO-DISENGAGE: gear left Park (now D)
[2026-05-18 21:23:45.242] Husby was here, and we are ready to go
[2026-05-18 21:23:45.262] AUTO-DISENGAGE: gear left Park (now D)
[2026-05-18 21:23:45.263] Husby was here, and we are ready to go
[2026-05-18 21:23:45.268] AUTO-DISENGAGE: gear left Park (now D)
[2026-05-18 21:23:45.268] Husby was here, and we are ready to go
[2026-05-18 21:23:45.284] AUTO-DISENGAGE: gear left Park (now D)
[2026-05-18 21:23:45.284] Husby was here, and we are ready to go
[2026-05-18 21:23:45.304] AUTO-DISENGAGE: gear left Park (now D)
[2026-05-18 21:23:45.304] Husby was here, and we are ready to go
[2026-05-18 21:23:45.323] AUTO-DISENGAGE: gear left Park (now D)
[2026-05-18 21:23:45.324] Husby was here, and we are ready to go
[2026-05-18 21:23:45.342] AUTO-DISENGAGE: gear left Park (now D)
[2026-05-18 21:23:45.342] Husby was here, and we are ready to go
[2026-05-18 21:23:45.363] AUTO-DISENGAGE: gear left Park (now D)
[2026-05-18 21:23:45.363] Husby was here, and we are ready to go
[2026-05-18 21:23:45.368] AUTO-DISENGAGE: gear left Park (now D)
[2026-05-18 21:23:45.368] Husby was here, and we are ready to go
[2026-05-18 21:23:45.382] AUTO-DISENGAGE: gear left Park (now D)
[2026-05-18 21:23:45.383] Husby was here, and we are ready to go
[2026-05-18 21:23:45.404] AUTO-DISENGAGE: gear left Park (now D)
[2026-05-18 21:23:45.404] Husby was here, and we are ready to go
[2026-05-18 21:23:45.423] AUTO-DISENGAGE: gear left Park (now D)
[2026-05-18 21:23:45.423] Husby was here, and we are ready to go
[2026-05-18 21:23:45.443] AUTO-DISENGAGE: gear left Park (now D)
[2026-05-18 21:23:45.443] Husby was here, and we are ready to go
[2026-05-18 21:23:45.463] AUTO-DISENGAGE: gear left Park (now D)
[2026-05-18 21:23:45.463] Husby was here, and we are ready to go
[2026-05-18 21:23:45.468] AUTO-DISENGAGE: gear left Park (now D)
[2026-05-18 21:23:45.468] Husby was here, and we are ready to go
[2026-05-18 21:23:45.482] AUTO-DISENGAGE: gear left Park (now D)
[2026-05-18 21:23:45.483] Husby was here, and we are ready to go
[2026-05-18 21:23:45.504] AUTO-DISENGAGE: gear left Park (now D)
[2026-05-18 21:23:45.504] Husby was here, and we are ready to go
[2026-05-18 21:23:45.523] AUTO-DISENGAGE: gear left Park (now D)
[2026-05-18 21:23:45.523] Husby was here, and we are ready to go
[2026-05-18 21:23:45.543] AUTO-DISENGAGE: gear left Park (now D)
[2026-05-18 21:23:45.543] Husby was here, and we are ready to go
[2026-05-18 21:23:45.564] AUTO-DISENGAGE: gear left Park (now D)
[2026-05-18 21:23:45.564] Husby was here, and we are ready to go
[2026-05-18 21:23:45.567] AUTO-DISENGAGE: gear left Park (now D)
[2026-05-18 21:23:45.567] Husby was here, and we are ready to go
[2026-05-18 21:23:45.583] AUTO-DISENGAGE: gear left Park (now D)
[2026-05-18 21:23:45.584] Husby was here, and we are ready to go
[2026-05-18 21:23:45.604] AUTO-DISENGAGE: gear left Park (now D)
[2026-05-18 21:23:45.604] Husby was here, and we are ready to go
[2026-05-18 21:23:45.623] AUTO-DISENGAGE: gear left Park (now D)
[2026-05-18 21:23:45.623] Husby was here, and we are ready to go
[2026-05-18 21:23:45.644] AUTO-DISENGAGE: gear left Park (now D)
[2026-05-18 21:23:45.644] Husby was here, and we are ready to go
[2026-05-18 21:23:45.668] AUTO-DISENGAGE: gear left Park (now D)
[2026-05-18 21:23:45.668] Husby was here, and we are ready to go
[2026-05-18 21:23:45.669] AUTO-DISENGAGE: gear left Park (now D)
[2026-05-18 21:23:45.670] Husby was here, and we are ready to go
[2026-05-18 21:23:45.683] AUTO-DISENGAGE: gear left Park (now D)
[2026-05-18 21:23:45.683] Husby was here, and we are ready to go
[2026-05-18 21:23:45.704] AUTO-DISENGAGE: gear left Park (now D)
[2026-05-18 21:23:45.704] Husby was here, and we are ready to go
[2026-05-18 21:23:45.724] AUTO-DISENGAGE: gear left Park (now D)
[2026-05-18 21:23:45.724] Husby was here, and we are ready to go
[2026-05-18 21:23:45.743] AUTO-DISENGAGE: gear left Park (now D)
[2026-05-18 21:23:45.743] Husby was here, and we are ready to go
[2026-05-18 21:23:45.764] AUTO-DISENGAGE: gear left Park (now D)
[2026-05-18 21:23:45.764] Husby was here, and we are ready to go
[2026-05-18 21:23:45.770] AUTO-DISENGAGE: gear left Park (now D)
[2026-05-18 21:23:45.770] Husby was here, and we are ready to go
[2026-05-18 21:23:45.785] AUTO-DISENGAGE: gear left Park (now D)
[2026-05-18 21:23:45.785] Husby was here, and we are ready to go
[2026-05-18 21:23:45.804] AUTO-DISENGAGE: gear left Park (now D)
[2026-05-18 21:23:45.804] Husby was here, and we are ready to go
[2026-05-18 21:23:45.823] AUTO-DISENGAGE: gear left Park (now D)
[2026-05-18 21:23:45.824] Husby was here, and we are ready to go
[2026-05-18 21:23:45.844] AUTO-DISENGAGE: gear left Park (now D)
[2026-05-18 21:23:45.844] Husby was here, and we are ready to go
[2026-05-18 21:23:45.864] AUTO-DISENGAGE: gear left Park (now D)
[2026-05-18 21:23:45.865] Husby was here, and we are ready to go
[2026-05-18 21:23:45.870] AUTO-DISENGAGE: gear left Park (now D)
[2026-05-18 21:23:45.870] Husby was here, and we are ready to go
[2026-05-18 21:23:45.883] AUTO-DISENGAGE: gear left Park (now D)
[2026-05-18 21:23:45.883] Husby was here, and we are ready to go
[2026-05-18 21:23:45.903] AUTO-DISENGAGE: gear left Park (now D)
[2026-05-18 21:23:45.903] Husby was here, and we are ready to go
[2026-05-18 21:23:45.933] AUTO-DISENGAGE: gear left Park (now D)
[2026-05-18 21:23:45.934] Husby was here, and we are ready to go
[2026-05-18 21:23:45.952] AUTO-DISENGAGE: gear left Park (now D)
[2026-05-18 21:23:45.953] Husby was here, and we are ready to go
[2026-05-18 21:23:45.973] AUTO-DISENGAGE: gear left Park (now D)
[2026-05-18 21:23:45.973] Husby was here, and we are ready to go
[2026-05-18 21:23:45.974] AUTO-DISENGAGE: gear left Park (now D)
[2026-05-18 21:23:45.974] Husby was here, and we are ready to go
[2026-05-18 21:23:45.996] AUTO-DISENGAGE: gear left Park (now D)
[2026-05-18 21:23:45.996] Husby was here, and we are ready to go
[2026-05-18 21:23:46.014] AUTO-DISENGAGE: gear left Park (now D)
[2026-05-18 21:23:46.014] Husby was here, and we are ready to go
[2026-05-18 21:23:46.041] AUTO-DISENGAGE: gear left Park (now D)
[2026-05-18 21:23:46.041] Husby was here, and we are ready to go
[2026-05-18 21:23:46.059] AUTO-DISENGAGE: gear left Park (now D)
[2026-05-18 21:23:46.059] Husby was here, and we are ready to go
[2026-05-18 21:23:46.070] AUTO-DISENGAGE: gear left Park (now D)
[2026-05-18 21:23:46.070] Husby was here, and we are ready to go
[2026-05-18 21:23:46.077] AUTO-DISENGAGE: gear left Park (now D)
[2026-05-18 21:23:46.077] Husby was here, and we are ready to go
[2026-05-18 21:23:46.097] AUTO-DISENGAGE: gear left Park (now D)
[2026-05-18 21:23:46.097] Husby was here, and we are ready to go
[2026-05-18 21:23:46.118] AUTO-DISENGAGE: gear left Park (now D)
[2026-05-18 21:23:46.118] Husby was here, and we are ready to go
[2026-05-18 21:23:46.137] AUTO-DISENGAGE: gear left Park (now D)
[2026-05-18 21:23:46.137] Husby was here, and we are ready to go
[2026-05-18 21:23:46.161] AUTO-DISENGAGE: gear left Park (now D)
[2026-05-18 21:23:46.161] Husby was here, and we are ready to go
[2026-05-18 21:23:46.171] AUTO-DISENGAGE: gear left Park (now D)
[2026-05-18 21:23:46.171] Husby was here, and we are ready to go
[2026-05-18 21:23:46.177] AUTO-DISENGAGE: gear left Park (now D)
[2026-05-18 21:23:46.178] Husby was here, and we are ready to go
[2026-05-18 21:23:46.199] AUTO-DISENGAGE: gear left Park (now D)
[2026-05-18 21:23:46.199] Husby was here, and we are ready to go
[2026-05-18 21:23:46.221] AUTO-DISENGAGE: gear left Park (now D)
[2026-05-18 21:23:46.222] Husby was here, and we are ready to go
[2026-05-18 21:23:46.241] AUTO-DISENGAGE: gear left Park (now D)
[2026-05-18 21:23:46.241] Husby was here, and we are ready to go
[2026-05-18 21:23:46.259] AUTO-DISENGAGE: gear left Park (now D)
[2026-05-18 21:23:46.259] Husby was here, and we are ready to go
[2026-05-18 21:23:46.271] AUTO-DISENGAGE: gear left Park (now D)
[2026-05-18 21:23:46.271] Husby was here, and we are ready to go
[2026-05-18 21:23:46.277] AUTO-DISENGAGE: gear left Park (now D)
[2026-05-18 21:23:46.277] Husby was here, and we are ready to go
[2026-05-18 21:23:46.302] AUTO-DISENGAGE: gear left Park (now D)
[2026-05-18 21:23:46.302] Husby was here, and we are ready to go
[2026-05-18 21:23:46.321] AUTO-DISENGAGE: gear left Park (now D)
[2026-05-18 21:23:46.321] Husby was here, and we are ready to go
[2026-05-18 21:23:46.344] AUTO-DISENGAGE: gear left Park (now D)
[2026-05-18 21:23:46.344] Husby was here, and we are ready to go
[2026-05-18 21:23:46.369] AUTO-DISENGAGE: gear left Park (now D)
[2026-05-18 21:23:46.370] Husby was here, and we are ready to go
[2026-05-18 21:23:46.370] AUTO-DISENGAGE: gear left Park (now D)
[2026-05-18 21:23:46.370] Husby was here, and we are ready to go
[2026-05-18 21:23:46.384] AUTO-DISENGAGE: gear left Park (now D)
[2026-05-18 21:23:46.385] Husby was here, and we are ready to go
[2026-05-18 21:23:46.410] AUTO-DISENGAGE: gear left Park (now D)
[2026-05-18 21:23:46.410] Husby was here, and we are ready to go
[2026-05-18 21:23:46.424] AUTO-DISENGAGE: gear left Park (now D)
[2026-05-18 21:23:46.425] Husby was here, and we are ready to go
[2026-05-18 21:23:46.447] AUTO-DISENGAGE: gear left Park (now D)
[2026-05-18 21:23:46.447] Husby was here, and we are ready to go
[2026-05-18 21:23:46.467] AUTO-DISENGAGE: gear left Park (now D)
[2026-05-18 21:23:46.467] Husby was here, and we are ready to go
[2026-05-18 21:23:46.472] AUTO-DISENGAGE: gear left Park (now D)
[2026-05-18 21:23:46.472] Husby was here, and we are ready to go
[2026-05-18 21:23:46.484] AUTO-DISENGAGE: gear left Park (now D)
[2026-05-18 21:23:46.485] Husby was here, and we are ready to go
[2026-05-18 21:23:46.506] AUTO-DISENGAGE: gear left Park (now D)
[2026-05-18 21:23:46.506] Husby was here, and we are ready to go
[2026-05-18 21:23:46.526] AUTO-DISENGAGE: gear left Park (now D)
[2026-05-18 21:23:46.526] Husby was here, and we are ready to go
[2026-05-18 21:23:46.545] AUTO-DISENGAGE: gear left Park (now D)
[2026-05-18 21:23:46.545] Husby was here, and we are ready to go
[2026-05-18 21:23:46.565] AUTO-DISENGAGE: gear left Park (now D)
[2026-05-18 21:23:46.565] Husby was here, and we are ready to go
[2026-05-18 21:23:46.571] AUTO-DISENGAGE: gear left Park (now D)
[2026-05-18 21:23:46.571] Husby was here, and we are ready to go
[2026-05-18 21:23:46.584] AUTO-DISENGAGE: gear left Park (now D)
[2026-05-18 21:23:46.584] Husby was here, and we are ready to go
[2026-05-18 21:23:46.604] AUTO-DISENGAGE: gear left Park (now D)
[2026-05-18 21:23:46.604] Husby was here, and we are ready to go
[2026-05-18 21:23:46.624] AUTO-DISENGAGE: gear left Park (now D)
[2026-05-18 21:23:46.624] Husby was here, and we are ready to go
[2026-05-18 21:23:46.646] AUTO-DISENGAGE: gear left Park (now D)
[2026-05-18 21:23:46.647] Husby was here, and we are ready to go
[2026-05-18 21:23:46.670] AUTO-DISENGAGE: gear left Park (now D)
[2026-05-18 21:23:46.670] Husby was here, and we are ready to go
[2026-05-18 21:23:46.671] AUTO-DISENGAGE: gear left Park (now D)
[2026-05-18 21:23:46.671] Husby was here, and we are ready to go
[2026-05-18 21:23:46.684] AUTO-DISENGAGE: gear left Park (now D)
[2026-05-18 21:23:46.684] Husby was here, and we are ready to go
[2026-05-18 21:23:46.708] AUTO-DISENGAGE: gear left Park (now D)
[2026-05-18 21:23:46.708] Husby was here, and we are ready to go
[2026-05-18 21:23:46.725] AUTO-DISENGAGE: gear left Park (now D)
[2026-05-18 21:23:46.725] Husby was here, and we are ready to go
[2026-05-18 21:23:46.749] AUTO-DISENGAGE: gear left Park (now D)
[2026-05-18 21:23:46.750] Husby was here, and we are ready to go
[2026-05-18 21:23:46.770] AUTO-DISENGAGE: gear left Park (now D)
[2026-05-18 21:23:46.770] Husby was here, and we are ready to go
[2026-05-18 21:23:46.771] AUTO-DISENGAGE: gear left Park (now D)
[2026-05-18 21:23:46.771] Husby was here, and we are ready to go
[2026-05-18 21:23:46.790] AUTO-DISENGAGE: gear left Park (now D)
[2026-05-18 21:23:46.790] Husby was here, and we are ready to go
[2026-05-18 21:23:46.809] AUTO-DISENGAGE: gear left Park (now D)
[2026-05-18 21:23:46.809] Husby was here, and we are ready to go
[2026-05-18 21:23:46.830] AUTO-DISENGAGE: gear left Park (now D)
[2026-05-18 21:23:46.830] Husby was here, and we are ready to go
[2026-05-18 21:23:46.850] AUTO-DISENGAGE: gear left Park (now D)
[2026-05-18 21:23:46.851] Husby was here, and we are ready to go
[2026-05-18 21:23:46.872] AUTO-DISENGAGE: gear left Park (now D)
[2026-05-18 21:23:46.872] Husby was here, and we are ready to go
[2026-05-18 21:23:46.873] AUTO-DISENGAGE: gear left Park (now D)
[2026-05-18 21:23:46.873] Husby was here, and we are ready to go
[2026-05-18 21:23:46.890] AUTO-DISENGAGE: gear left Park (now D)
[2026-05-18 21:23:46.890] Husby was here, and we are ready to go
[2026-05-18 21:23:46.910] AUTO-DISENGAGE: gear left Park (now D)
[2026-05-18 21:23:46.911] Husby was here, and we are ready to go
[2026-05-18 21:23:46.931] AUTO-DISENGAGE: gear left Park (now D)
[2026-05-18 21:23:46.931] Husby was here, and we are ready to go
[2026-05-18 21:23:46.952] AUTO-DISENGAGE: gear left Park (now D)
[2026-05-18 21:23:46.952] Husby was here, and we are ready to go
[2026-05-18 21:23:46.971] AUTO-DISENGAGE: gear left Park (now D)
[2026-05-18 21:23:46.971] Husby was here, and we are ready to go
[2026-05-18 21:23:46.972] AUTO-DISENGAGE: gear left Park (now D)
[2026-05-18 21:23:46.972] Husby was here, and we are ready to go
[2026-05-18 21:23:46.990] AUTO-DISENGAGE: gear left Park (now D)
[2026-05-18 21:23:46.990] Husby was here, and we are ready to go
[2026-05-18 21:23:47.011] AUTO-DISENGAGE: gear left Park (now D)
[2026-05-18 21:23:47.011] Husby was here, and we are ready to go
[2026-05-18 21:23:47.033] AUTO-DISENGAGE: gear left Park (now D)
[2026-05-18 21:23:47.033] Husby was here, and we are ready to go
[2026-05-18 21:23:47.051] AUTO-DISENGAGE: gear left Park (now D)
[2026-05-18 21:23:47.051] Husby was here, and we are ready to go
[2026-05-18 21:23:47.071] AUTO-DISENGAGE: gear left Park (now D)
[2026-05-18 21:23:47.071] Husby was here, and we are ready to go
[2026-05-18 21:23:47.072] AUTO-DISENGAGE: gear left Park (now D)
[2026-05-18 21:23:47.072] Husby was here, and we are ready to go
[2026-05-18 21:23:47.090] AUTO-DISENGAGE: gear left Park (now D)
[2026-05-18 21:23:47.090] Husby was here, and we are ready to go
[2026-05-18 21:23:47.111] AUTO-DISENGAGE: gear left Park (now D)
[2026-05-18 21:23:47.111] Husby was here, and we are ready to go
[2026-05-18 21:23:47.131] AUTO-DISENGAGE: gear left Park (now D)
[2026-05-18 21:23:47.131] Husby was here, and we are ready to go
[2026-05-18 21:23:47.150] AUTO-DISENGAGE: gear left Park (now D)
[2026-05-18 21:23:47.150] Husby was here, and we are ready to go
[2026-05-18 21:23:47.171] AUTO-DISENGAGE: gear left Park (now D)
[2026-05-18 21:23:47.171] Husby was here, and we are ready to go
[2026-05-18 21:23:47.172] AUTO-DISENGAGE: gear left Park (now D)
[2026-05-18 21:23:47.172] Husby was here, and we are ready to go
[2026-05-18 21:23:47.190] AUTO-DISENGAGE: gear left Park (now D)
[2026-05-18 21:23:47.190] Husby was here, and we are ready to go
[2026-05-18 21:23:47.212] AUTO-DISENGAGE: gear left Park (now D)
[2026-05-18 21:23:47.212] Husby was here, and we are ready to go
[2026-05-18 21:23:47.232] AUTO-DISENGAGE: gear left Park (now D)
[2026-05-18 21:23:47.232] Husby was here, and we are ready to go
[2026-05-18 21:23:47.253] AUTO-DISENGAGE: gear left Park (now D)
[2026-05-18 21:23:47.254] Husby was here, and we are ready to go
[2026-05-18 21:23:47.272] AUTO-DISENGAGE: gear left Park (now D)
[2026-05-18 21:23:47.273] Husby was here, and we are ready to go
[2026-05-18 21:23:47.273] AUTO-DISENGAGE: gear left Park (now D)
[2026-05-18 21:23:47.273] Husby was here, and we are ready to go
[2026-05-18 21:23:47.291] AUTO-DISENGAGE: gear left Park (now D)
[2026-05-18 21:23:47.291] Husby was here, and we are ready to go
[2026-05-18 21:23:47.310] AUTO-DISENGAGE: gear left Park (now D)
[2026-05-18 21:23:47.311] Husby was here, and we are ready to go
[2026-05-18 21:23:47.331] AUTO-DISENGAGE: gear left Park (now D)
[2026-05-18 21:23:47.331] Husby was here, and we are ready to go
[2026-05-18 21:23:47.350] AUTO-DISENGAGE: gear left Park (now D)
[2026-05-18 21:23:47.350] Husby was here, and we are ready to go
[2026-05-18 21:23:47.371] AUTO-DISENGAGE: gear left Park (now D)
[2026-05-18 21:23:47.371] Husby was here, and we are ready to go
[2026-05-18 21:23:47.373] AUTO-DISENGAGE: gear left Park (now D)
[2026-05-18 21:23:47.373] Husby was here, and we are ready to go
[2026-05-18 21:23:47.390] AUTO-DISENGAGE: gear left Park (now D)
[2026-05-18 21:23:47.390] Husby was here, and we are ready to go
[2026-05-18 21:23:47.411] AUTO-DISENGAGE: gear left Park (now D)
[2026-05-18 21:23:47.412] Husby was here, and we are ready to go
[2026-05-18 21:23:47.430] AUTO-DISENGAGE: gear left Park (now D)
[2026-05-18 21:23:47.431] Husby was here, and we are ready to go
[2026-05-18 21:23:47.450] AUTO-DISENGAGE: gear left Park (now D)
[2026-05-18 21:23:47.450] Husby was here, and we are ready to go
[2026-05-18 21:23:47.470] AUTO-DISENGAGE: gear left Park (now D)
[2026-05-18 21:23:47.470] Husby was here, and we are ready to go
[2026-05-18 21:23:47.473] AUTO-DISENGAGE: gear left Park (now D)
[2026-05-18 21:23:47.473] Husby was here, and we are ready to go
[2026-05-18 21:23:47.491] AUTO-DISENGAGE: gear left Park (now D)
[2026-05-18 21:23:47.491] Husby was here, and we are ready to go
[2026-05-18 21:23:47.510] AUTO-DISENGAGE: gear left Park (now D)
[2026-05-18 21:23:47.511] Husby was here, and we are ready to go
[2026-05-18 21:23:47.530] AUTO-DISENGAGE: gear left Park (now D)
[2026-05-18 21:23:47.531] Husby was here, and we are ready to go
[2026-05-18 21:23:47.550] AUTO-DISENGAGE: gear left Park (now D)
[2026-05-18 21:23:47.551] Husby was here, and we are ready to go
[2026-05-18 21:23:47.571] AUTO-DISENGAGE: gear left Park (now D)
[2026-05-18 21:23:47.571] Husby was here, and we are ready to go
[2026-05-18 21:23:47.573] AUTO-DISENGAGE: gear left Park (now D)
[2026-05-18 21:23:47.573] Husby was here, and we are ready to go
[2026-05-18 21:23:47.591] AUTO-DISENGAGE: gear left Park (now D)
[2026-05-18 21:23:47.591] Husby was here, and we are ready to go
[2026-05-18 21:23:47.611] AUTO-DISENGAGE: gear left Park (now D)
[2026-05-18 21:23:47.611] Husby was here, and we are ready to go
[2026-05-18 21:23:47.631] AUTO-DISENGAGE: gear left Park (now D)
[2026-05-18 21:23:47.631] Husby was here, and we are ready to go
[2026-05-18 21:23:47.652] AUTO-DISENGAGE: gear left Park (now D)
[2026-05-18 21:23:47.652] Husby was here, and we are ready to go
[2026-05-18 21:23:47.674] AUTO-DISENGAGE: gear left Park (now D)
[2026-05-18 21:23:47.674] Husby was here, and we are ready to go
[2026-05-18 21:23:47.674] AUTO-DISENGAGE: gear left Park (now D)
[2026-05-18 21:23:47.675] Husby was here, and we are ready to go
[2026-05-18 21:23:47.691] AUTO-DISENGAGE: gear left Park (now D)
[2026-05-18 21:23:47.691] Husby was here, and we are ready to go
[2026-05-18 21:23:47.712] AUTO-DISENGAGE: gear left Park (now D)
[2026-05-18 21:23:47.713] Husby was here, and we are ready to go
[2026-05-18 21:23:47.731] AUTO-DISENGAGE: gear left Park (now D)
[2026-05-18 21:23:47.731] Husby was here, and we are ready to go
[2026-05-18 21:23:47.751] AUTO-DISENGAGE: gear left Park (now D)
[2026-05-18 21:23:47.751] Husby was here, and we are ready to go
[2026-05-18 21:23:47.771] AUTO-DISENGAGE: gear left Park (now D)
[2026-05-18 21:23:47.771] Husby was here, and we are ready to go
[2026-05-18 21:23:47.774] AUTO-DISENGAGE: gear left Park (now D)
[2026-05-18 21:23:47.774] Husby was here, and we are ready to go
[2026-05-18 21:23:47.790] AUTO-DISENGAGE: gear left Park (now D)
[2026-05-18 21:23:47.791] Husby was here, and we are ready to go
[2026-05-18 21:23:47.811] AUTO-DISENGAGE: gear left Park (now D)
[2026-05-18 21:23:47.811] Husby was here, and we are ready to go
[2026-05-18 21:23:47.831] AUTO-DISENGAGE: gear left Park (now D)
[2026-05-18 21:23:47.831] Husby was here, and we are ready to go
[2026-05-18 21:23:47.850] AUTO-DISENGAGE: gear left Park (now D)
[2026-05-18 21:23:47.850] Husby was here, and we are ready to go
[2026-05-18 21:23:47.872] AUTO-DISENGAGE: gear left Park (now D)
[2026-05-18 21:23:47.872] Husby was here, and we are ready to go
[2026-05-18 21:23:47.874] AUTO-DISENGAGE: gear left Park (now D)
[2026-05-18 21:23:47.875] Husby was here, and we are ready to go
[2026-05-18 21:23:47.891] AUTO-DISENGAGE: gear left Park (now D)
[2026-05-18 21:23:47.891] Husby was here, and we are ready to go
[2026-05-18 21:23:47.913] AUTO-DISENGAGE: gear left Park (now D)
[2026-05-18 21:23:47.913] Husby was here, and we are ready to go
[2026-05-18 21:23:47.931] AUTO-DISENGAGE: gear left Park (now D)
[2026-05-18 21:23:47.931] Husby was here, and we are ready to go
[2026-05-18 21:23:47.952] AUTO-DISENGAGE: gear left Park (now D)
[2026-05-18 21:23:47.952] Husby was here, and we are ready to go
[2026-05-18 21:23:47.971] AUTO-DISENGAGE: gear left Park (now D)
[2026-05-18 21:23:47.971] Husby was here, and we are ready to go
[2026-05-18 21:23:47.974] AUTO-DISENGAGE: gear left Park (now D)
[2026-05-18 21:23:47.974] Husby was here, and we are ready to go
[2026-05-18 21:23:47.992] AUTO-DISENGAGE: gear left Park (now D)
[2026-05-18 21:23:47.992] Husby was here, and we are ready to go
[2026-05-18 21:23:48.011] AUTO-DISENGAGE: gear left Park (now D)
[2026-05-18 21:23:48.011] Husby was here, and we are ready to go
[2026-05-18 21:23:48.032] AUTO-DISENGAGE: gear left Park (now D)
[2026-05-18 21:23:48.033] Husby was here, and we are ready to go
[2026-05-18 21:23:48.052] AUTO-DISENGAGE: gear left Park (now D)
[2026-05-18 21:23:48.053] Husby was here, and we are ready to go
[2026-05-18 21:23:48.073] AUTO-DISENGAGE: gear left Park (now D)
[2026-05-18 21:23:48.074] Husby was here, and we are ready to go
[2026-05-18 21:23:48.074] AUTO-DISENGAGE: gear left Park (now D)
[2026-05-18 21:23:48.074] Husby was here, and we are ready to go
[2026-05-18 21:23:48.091] AUTO-DISENGAGE: gear left Park (now D)
[2026-05-18 21:23:48.091] Husby was here, and we are ready to go
[2026-05-18 21:23:48.111] AUTO-DISENGAGE: gear left Park (now D)
[2026-05-18 21:23:48.111] Husby was here, and we are ready to go
[2026-05-18 21:23:48.131] AUTO-DISENGAGE: gear left Park (now D)
[2026-05-18 21:23:48.131] Husby was here, and we are ready to go
[2026-05-18 21:23:48.152] AUTO-DISENGAGE: gear left Park (now D)
[2026-05-18 21:23:48.152] Husby was here, and we are ready to go
[2026-05-18 21:23:48.173] AUTO-DISENGAGE: gear left Park (now D)
[2026-05-18 21:23:48.173] Husby was here, and we are ready to go
[2026-05-18 21:23:48.174] AUTO-DISENGAGE: gear left Park (now D)
[2026-05-18 21:23:48.174] Husby was here, and we are ready to go
[2026-05-18 21:23:48.190] AUTO-DISENGAGE: gear left Park (now D)
[2026-05-18 21:23:48.191] Husby was here, and we are ready to go
[2026-05-18 21:23:48.211] AUTO-DISENGAGE: gear left Park (now D)
[2026-05-18 21:23:48.211] Husby was here, and we are ready to go
[2026-05-18 21:23:48.232] AUTO-DISENGAGE: gear left Park (now D)
[2026-05-18 21:23:48.232] Husby was here, and we are ready to go
[2026-05-18 21:23:48.251] AUTO-DISENGAGE: gear left Park (now D)
[2026-05-18 21:23:48.252] Husby was here, and we are ready to go
[2026-05-18 21:23:48.273] AUTO-DISENGAGE: gear left Park (now D)
[2026-05-18 21:23:48.273] Husby was here, and we are ready to go
[2026-05-18 21:23:48.274] AUTO-DISENGAGE: gear left Park (now D)
[2026-05-18 21:23:48.275] Husby was here, and we are ready to go
[2026-05-18 21:23:48.291] AUTO-DISENGAGE: gear left Park (now D)
[2026-05-18 21:23:48.291] Husby was here, and we are ready to go
[2026-05-18 21:23:48.311] AUTO-DISENGAGE: gear left Park (now D)
[2026-05-18 21:23:48.311] Husby was here, and we are ready to go
[2026-05-18 21:23:48.332] AUTO-DISENGAGE: gear left Park (now D)
[2026-05-18 21:23:48.332] Husby was here, and we are ready to go
[2026-05-18 21:23:48.351] AUTO-DISENGAGE: gear left Park (now D)
[2026-05-18 21:23:48.352] Husby was here, and we are ready to go
[2026-05-18 21:23:48.372] AUTO-DISENGAGE: gear left Park (now D)
[2026-05-18 21:23:48.372] Husby was here, and we are ready to go
[2026-05-18 21:23:48.374] AUTO-DISENGAGE: gear left Park (now D)
[2026-05-18 21:23:48.374] Husby was here, and we are ready to go
[2026-05-18 21:23:48.391] AUTO-DISENGAGE: gear left Park (now D)
[2026-05-18 21:23:48.391] Husby was here, and we are ready to go
[2026-05-18 21:23:48.411] AUTO-DISENGAGE: gear left Park (now D)
[2026-05-18 21:23:48.411] Husby was here, and we are ready to go
[2026-05-18 21:23:48.431] AUTO-DISENGAGE: gear left Park (now D)
[2026-05-18 21:23:48.431] Husby was here, and we are ready to go
[2026-05-18 21:23:48.453] AUTO-DISENGAGE: gear left Park (now D)
[2026-05-18 21:23:48.454] Husby was here, and we are ready to go
[2026-05-18 21:23:48.471] AUTO-DISENGAGE: gear left Park (now D)
[2026-05-18 21:23:48.471] Husby was here, and we are ready to go
[2026-05-18 21:23:48.474] AUTO-DISENGAGE: gear left Park (now D)
[2026-05-18 21:23:48.474] Husby was here, and we are ready to go
[2026-05-18 21:23:48.490] AUTO-DISENGAGE: gear left Park (now D)
[2026-05-18 21:23:48.490] Husby was here, and we are ready to go
[2026-05-18 21:23:48.511] AUTO-DISENGAGE: gear left Park (now D)
[2026-05-18 21:23:48.511] Husby was here, and we are ready to go
[2026-05-18 21:23:48.533] AUTO-DISENGAGE: gear left Park (now D)
[2026-05-18 21:23:48.533] Husby was here, and we are ready to go
[2026-05-18 21:23:48.551] AUTO-DISENGAGE: gear left Park (now D)
[2026-05-18 21:23:48.551] Husby was here, and we are ready to go
[2026-05-18 21:23:48.571] AUTO-DISENGAGE: gear left Park (now D)
[2026-05-18 21:23:48.571] Husby was here, and we are ready to go
[2026-05-18 21:23:48.574] AUTO-DISENGAGE: gear left Park (now D)
[2026-05-18 21:23:48.574] Husby was here, and we are ready to go
[2026-05-18 21:23:48.591] AUTO-DISENGAGE: gear left Park (now D)
[2026-05-18 21:23:48.591] Husby was here, and we are ready to go
[2026-05-18 21:23:48.612] AUTO-DISENGAGE: gear left Park (now D)
[2026-05-18 21:23:48.612] Husby was here, and we are ready to go
[2026-05-18 21:23:48.631] AUTO-DISENGAGE: gear left Park (now D)
[2026-05-18 21:23:48.631] Husby was here, and we are ready to go
[2026-05-18 21:23:48.651] AUTO-DISENGAGE: gear left Park (now D)
[2026-05-18 21:23:48.651] Husby was here, and we are ready to go
[2026-05-18 21:23:48.671] AUTO-DISENGAGE: gear left Park (now D)
[2026-05-18 21:23:48.671] Husby was here, and we are ready to go
[2026-05-18 21:23:48.674] AUTO-DISENGAGE: gear left Park (now D)
[2026-05-18 21:23:48.674] Husby was here, and we are ready to go
[2026-05-18 21:23:48.691] AUTO-DISENGAGE: gear left Park (now D)
[2026-05-18 21:23:48.691] Husby was here, and we are ready to go
[2026-05-18 21:23:48.711] AUTO-DISENGAGE: gear left Park (now D)
[2026-05-18 21:23:48.711] Husby was here, and we are ready to go
[2026-05-18 21:23:48.731] AUTO-DISENGAGE: gear left Park (now D)
[2026-05-18 21:23:48.731] Husby was here, and we are ready to go
[2026-05-18 21:23:48.750] AUTO-DISENGAGE: gear left Park (now D)
[2026-05-18 21:23:48.751] Husby was here, and we are ready to go
[2026-05-18 21:23:48.772] AUTO-DISENGAGE: gear left Park (now D)
[2026-05-18 21:23:48.772] Husby was here, and we are ready to go
[2026-05-18 21:23:48.774] AUTO-DISENGAGE: gear left Park (now D)
[2026-05-18 21:23:48.774] Husby was here, and we are ready to go
[2026-05-18 21:23:48.790] AUTO-DISENGAGE: gear left Park (now D)
[2026-05-18 21:23:48.791] Husby was here, and we are ready to go
[2026-05-18 21:23:48.811] AUTO-DISENGAGE: gear left Park (now D)
[2026-05-18 21:23:48.811] Husby was here, and we are ready to go
[2026-05-18 21:23:48.831] AUTO-DISENGAGE: gear left Park (now D)
[2026-05-18 21:23:48.831] Husby was here, and we are ready to go
[2026-05-18 21:23:48.851] AUTO-DISENGAGE: gear left Park (now D)
[2026-05-18 21:23:48.851] Husby was here, and we are ready to go
[2026-05-18 21:23:48.871] AUTO-DISENGAGE: gear left Park (now D)
[2026-05-18 21:23:48.871] Husby was here, and we are ready to go
[2026-05-18 21:23:48.874] AUTO-DISENGAGE: gear left Park (now D)
[2026-05-18 21:23:48.874] Husby was here, and we are ready to go
[2026-05-18 21:23:48.890] AUTO-DISENGAGE: gear left Park (now D)
[2026-05-18 21:23:48.891] Husby was here, and we are ready to go
[2026-05-18 21:23:48.911] AUTO-DISENGAGE: gear left Park (now D)
[2026-05-18 21:23:48.911] Husby was here, and we are ready to go
[2026-05-18 21:23:48.931] AUTO-DISENGAGE: gear left Park (now D)
[2026-05-18 21:23:48.931] Husby was here, and we are ready to go
[2026-05-18 21:23:48.951] AUTO-DISENGAGE: gear left Park (now D)
[2026-05-18 21:23:48.951] Husby was here, and we are ready to go
[2026-05-18 21:23:48.971] AUTO-DISENGAGE: gear left Park (now D)
[2026-05-18 21:23:48.971] Husby was here, and we are ready to go
[2026-05-18 21:23:48.974] AUTO-DISENGAGE: gear left Park (now D)
[2026-05-18 21:23:48.974] Husby was here, and we are ready to go
[2026-05-18 21:23:48.990] AUTO-DISENGAGE: gear left Park (now D)
[2026-05-18 21:23:48.990] Husby was here, and we are ready to go
[2026-05-18 21:23:49.012] AUTO-DISENGAGE: gear left Park (now D)
[2026-05-18 21:23:49.012] Husby was here, and we are ready to go
[2026-05-18 21:23:49.031] AUTO-DISENGAGE: gear left Park (now D)
[2026-05-18 21:23:49.032] Husby was here, and we are ready to go
[2026-05-18 21:23:49.053] AUTO-DISENGAGE: gear left Park (now D)
[2026-05-18 21:23:49.053] Husby was here, and we are ready to go
[2026-05-18 21:23:49.072] AUTO-DISENGAGE: gear left Park (now D)
[2026-05-18 21:23:49.072] Husby was here, and we are ready to go
[2026-05-18 21:23:49.074] AUTO-DISENGAGE: gear left Park (now D)
[2026-05-18 21:23:49.074] Husby was here, and we are ready to go
[2026-05-18 21:23:49.091] AUTO-DISENGAGE: gear left Park (now D)
[2026-05-18 21:23:49.091] Husby was here, and we are ready to go
[2026-05-18 21:23:49.111] AUTO-DISENGAGE: gear left Park (now D)
[2026-05-18 21:23:49.112] Husby was here, and we are ready to go
[2026-05-18 21:23:49.131] AUTO-DISENGAGE: gear left Park (now D)
[2026-05-18 21:23:49.132] Husby was here, and we are ready to go
[2026-05-18 21:23:49.152] AUTO-DISENGAGE: gear left Park (now D)
[2026-05-18 21:23:49.153] Husby was here, and we are ready to go
[2026-05-18 21:23:49.172] AUTO-DISENGAGE: gear left Park (now D)
[2026-05-18 21:23:49.172] Husby was here, and we are ready to go
[2026-05-18 21:23:49.174] AUTO-DISENGAGE: gear left Park (now D)
[2026-05-18 21:23:49.175] Husby was here, and we are ready to go
[2026-05-18 21:23:49.191] AUTO-DISENGAGE: gear left Park (now D)
[2026-05-18 21:23:49.191] Husby was here, and we are ready to go
[2026-05-18 21:23:49.212] AUTO-DISENGAGE: gear left Park (now D)
[2026-05-18 21:23:49.212] Husby was here, and we are ready to go
[2026-05-18 21:23:49.231] AUTO-DISENGAGE: gear left Park (now D)
[2026-05-18 21:23:49.231] Husby was here, and we are ready to go
[2026-05-18 21:23:49.240] E-STOP: window closed
[2026-05-18 21:23:49.252] rc: RC port closed
[2026-05-18 21:23:49.253] CAN closed
[2026-05-18 21:23:49.254] window closed; closing log
