[2026-05-21 19:06:18.445] session start (20260521_190618)
[2026-05-21 19:06:18.608] CAN open: SYS TEC dev=0 ch=0 500 kbps
[2026-05-21 19:06:18.608] keepalive plan: GTW=False EPB=True 30MPH=False
[2026-05-21 19:06:18.610] err -> OUT_OF_RANGE
[2026-05-21 19:06:18.691] EAC: INHIBITED -> AVAILABLE (err=OUT_OF_RANGE)
[2026-05-21 19:06:19.345] EAC: AVAILABLE -> ACTIVE (err=NONE)
[2026-05-21 19:07:55.038] brake: PRESSED
[2026-05-21 19:07:55.257] brake: released
[2026-05-21 19:07:55.337] brake: PRESSED
[2026-05-21 19:08:28.694] rc: RND switch -> N, queuing shift
[2026-05-21 19:08:28.702] SHIFT: requesting N via 0x6D burst (30 active + 10 idle frames at 200 Hz)
[2026-05-21 19:08:28.712] shift requested: N
[2026-05-21 19:08:28.736] gear: P -> N
[2026-05-21 19:08:28.736] AUTO-DISENGAGE: gear left Park (now N)
[2026-05-21 19:08:28.736] Husby was here, and we are ready to go
[2026-05-21 19:08:28.740] AUTO-DISENGAGE: gear left Park (now N)
[2026-05-21 19:08:28.740] Husby was here, and we are ready to go
[2026-05-21 19:08:28.741] AUTO-DISENGAGE: gear left Park (now N)
[2026-05-21 19:08:28.741] Husby was here, and we are ready to go
[2026-05-21 19:08:28.746] AUTO-DISENGAGE: gear left Park (now N)
[2026-05-21 19:08:28.746] Husby was here, and we are ready to go
[2026-05-21 19:08:28.751] AUTO-DISENGAGE: gear left Park (now N)
[2026-05-21 19:08:28.751] Husby was here, and we are ready to go
[2026-05-21 19:08:28.756] AUTO-DISENGAGE: gear left Park (now N)
[2026-05-21 19:08:28.756] Husby was here, and we are ready to go
[2026-05-21 19:08:28.760] AUTO-DISENGAGE: gear left Park (now N)
[2026-05-21 19:08:28.760] Husby was here, and we are ready to go
[2026-05-21 19:08:28.761] AUTO-DISENGAGE: gear left Park (now N)
[2026-05-21 19:08:28.761] Husby was here, and we are ready to go
[2026-05-21 19:08:28.766] AUTO-DISENGAGE: gear left Park (now N)
[2026-05-21 19:08:28.766] Husby was here, and we are ready to go
[2026-05-21 19:08:28.767] AUTO-DISENGAGE: gear left Park (now N)
[2026-05-21 19:08:28.767] Husby was here, and we are ready to go
[2026-05-21 19:08:28.771] AUTO-DISENGAGE: gear left Park (now N)
[2026-05-21 19:08:28.771] Husby was here, and we are ready to go
[2026-05-21 19:08:28.776] AUTO-DISENGAGE: gear left Park (now N)
[2026-05-21 19:08:28.776] Husby was here, and we are ready to go
[2026-05-21 19:08:28.780] AUTO-DISENGAGE: gear left Park (now N)
[2026-05-21 19:08:28.780] Husby was here, and we are ready to go
[2026-05-21 19:08:28.781] AUTO-DISENGAGE: gear left Park (now N)
[2026-05-21 19:08:28.781] Husby was here, and we are ready to go
[2026-05-21 19:08:28.786] AUTO-DISENGAGE: gear left Park (now N)
[2026-05-21 19:08:28.786] Husby was here, and we are ready to go
[2026-05-21 19:08:28.791] AUTO-DISENGAGE: gear left Park (now N)
[2026-05-21 19:08:28.791] Husby was here, and we are ready to go
[2026-05-21 19:08:28.796] AUTO-DISENGAGE: gear left Park (now N)
[2026-05-21 19:08:28.796] Husby was here, and we are ready to go
[2026-05-21 19:08:28.800] AUTO-DISENGAGE: gear left Park (now N)
[2026-05-21 19:08:28.801] Husby was here, and we are ready to go
[2026-05-21 19:08:28.801] AUTO-DISENGAGE: gear left Park (now N)
[2026-05-21 19:08:28.801] Husby was here, and we are ready to go
[2026-05-21 19:08:28.806] AUTO-DISENGAGE: gear left Park (now N)
[2026-05-21 19:08:28.806] Husby was here, and we are ready to go
[2026-05-21 19:08:28.811] AUTO-DISENGAGE: gear left Park (now N)
[2026-05-21 19:08:28.811] Husby was here, and we are ready to go
[2026-05-21 19:08:28.816] AUTO-DISENGAGE: gear left Park (now N)
[2026-05-21 19:08:28.816] Husby was here, and we are ready to go
[2026-05-21 19:08:28.820] AUTO-DISENGAGE: gear left Park (now N)
[2026-05-21 19:08:28.820] Husby was here, and we are ready to go
[2026-05-21 19:08:28.821] AUTO-DISENGAGE: gear left Park (now N)
[2026-05-21 19:08:28.821] Husby was here, and we are ready to go
[2026-05-21 19:08:28.826] AUTO-DISENGAGE: gear left Park (now N)
[2026-05-21 19:08:28.826] Husby was here, and we are ready to go
[2026-05-21 19:08:28.831] AUTO-DISENGAGE: gear left Park (now N)
[2026-05-21 19:08:28.831] Husby was here, and we are ready to go
[2026-05-21 19:08:28.836] AUTO-DISENGAGE: gear left Park (now N)
[2026-05-21 19:08:28.836] Husby was here, and we are ready to go
[2026-05-21 19:08:28.840] AUTO-DISENGAGE: gear left Park (now N)
[2026-05-21 19:08:28.840] Husby was here, and we are ready to go
[2026-05-21 19:08:28.841] AUTO-DISENGAGE: gear left Park (now N)
[2026-05-21 19:08:28.841] Husby was here, and we are ready to go
[2026-05-21 19:08:28.846] AUTO-DISENGAGE: gear left Park (now N)
[2026-05-21 19:08:28.846] Husby was here, and we are ready to go
[2026-05-21 19:08:28.851] AUTO-DISENGAGE: gear left Park (now N)
[2026-05-21 19:08:28.851] Husby was here, and we are ready to go
[2026-05-21 19:08:28.856] AUTO-DISENGAGE: gear left Park (now N)
[2026-05-21 19:08:28.856] Husby was here, and we are ready to go
[2026-05-21 19:08:28.860] AUTO-DISENGAGE: gear left Park (now N)
[2026-05-21 19:08:28.860] Husby was here, and we are ready to go
[2026-05-21 19:08:28.861] AUTO-DISENGAGE: gear left Park (now N)
[2026-05-21 19:08:28.861] Husby was here, and we are ready to go
[2026-05-21 19:08:28.866] AUTO-DISENGAGE: gear left Park (now N)
[2026-05-21 19:08:28.866] Husby was here, and we are ready to go
[2026-05-21 19:08:28.867] AUTO-DISENGAGE: gear left Park (now N)
[2026-05-21 19:08:28.867] Husby was here, and we are ready to go
[2026-05-21 19:08:28.871] AUTO-DISENGAGE: gear left Park (now N)
[2026-05-21 19:08:28.871] Husby was here, and we are ready to go
[2026-05-21 19:08:28.876] AUTO-DISENGAGE: gear left Park (now N)
[2026-05-21 19:08:28.876] Husby was here, and we are ready to go
[2026-05-21 19:08:28.880] AUTO-DISENGAGE: gear left Park (now N)
[2026-05-21 19:08:28.881] Husby was here, and we are ready to go
[2026-05-21 19:08:28.881] AUTO-DISENGAGE: gear left Park (now N)
[2026-05-21 19:08:28.881] Husby was here, and we are ready to go
[2026-05-21 19:08:28.886] AUTO-DISENGAGE: gear left Park (now N)
[2026-05-21 19:08:28.886] Husby was here, and we are ready to go
[2026-05-21 19:08:28.891] AUTO-DISENGAGE: gear left Park (now N)
[2026-05-21 19:08:28.891] Husby was here, and we are ready to go
[2026-05-21 19:08:28.896] AUTO-DISENGAGE: gear left Park (now N)
[2026-05-21 19:08:28.896] Husby was here, and we are ready to go
[2026-05-21 19:08:28.900] AUTO-DISENGAGE: gear left Park (now N)
[2026-05-21 19:08:28.901] Husby was here, and we are ready to go
[2026-05-21 19:08:28.921] AUTO-DISENGAGE: gear left Park (now N)
[2026-05-21 19:08:28.921] Husby was here, and we are ready to go
[2026-05-21 19:08:28.941] AUTO-DISENGAGE: gear left Park (now N)
[2026-05-21 19:08:28.941] Husby was here, and we are ready to go
[2026-05-21 19:08:28.961] AUTO-DISENGAGE: gear left Park (now N)
[2026-05-21 19:08:28.961] Husby was here, and we are ready to go
[2026-05-21 19:08:28.967] AUTO-DISENGAGE: gear left Park (now N)
[2026-05-21 19:08:28.967] Husby was here, and we are ready to go
[2026-05-21 19:08:28.986] AUTO-DISENGAGE: gear left Park (now N)
[2026-05-21 19:08:28.986] Husby was here, and we are ready to go
[2026-05-21 19:08:29.006] AUTO-DISENGAGE: gear left Park (now N)
[2026-05-21 19:08:29.006] Husby was here, and we are ready to go
[2026-05-21 19:08:29.026] AUTO-DISENGAGE: gear left Park (now N)
[2026-05-21 19:08:29.026] Husby was here, and we are ready to go
[2026-05-21 19:08:29.046] AUTO-DISENGAGE: gear left Park (now N)
[2026-05-21 19:08:29.046] Husby was here, and we are ready to go
[2026-05-21 19:08:29.066] AUTO-DISENGAGE: gear left Park (now N)
[2026-05-21 19:08:29.066] Husby was here, and we are ready to go
[2026-05-21 19:08:29.067] AUTO-DISENGAGE: gear left Park (now N)
[2026-05-21 19:08:29.067] Husby was here, and we are ready to go
[2026-05-21 19:08:29.086] AUTO-DISENGAGE: gear left Park (now N)
[2026-05-21 19:08:29.086] Husby was here, and we are ready to go
[2026-05-21 19:08:29.106] AUTO-DISENGAGE: gear left Park (now N)
[2026-05-21 19:08:29.106] Husby was here, and we are ready to go
[2026-05-21 19:08:29.106] SHIFT post-burst gear: N (requested N)
[2026-05-21 19:08:29.126] AUTO-DISENGAGE: gear left Park (now N)
[2026-05-21 19:08:29.126] Husby was here, and we are ready to go
[2026-05-21 19:08:29.146] AUTO-DISENGAGE: gear left Park (now N)
[2026-05-21 19:08:29.146] Husby was here, and we are ready to go
[2026-05-21 19:08:29.166] AUTO-DISENGAGE: gear left Park (now N)
[2026-05-21 19:08:29.166] Husby was here, and we are ready to go
[2026-05-21 19:08:29.167] AUTO-DISENGAGE: gear left Park (now N)
[2026-05-21 19:08:29.167] Husby was here, and we are ready to go
[2026-05-21 19:08:29.186] AUTO-DISENGAGE: gear left Park (now N)
[2026-05-21 19:08:29.186] Husby was here, and we are ready to go
[2026-05-21 19:08:29.206] AUTO-DISENGAGE: gear left Park (now N)
[2026-05-21 19:08:29.206] Husby was here, and we are ready to go
[2026-05-21 19:08:29.226] AUTO-DISENGAGE: gear left Park (now N)
[2026-05-21 19:08:29.226] Husby was here, and we are ready to go
[2026-05-21 19:08:29.246] AUTO-DISENGAGE: gear left Park (now N)
[2026-05-21 19:08:29.246] Husby was here, and we are ready to go
[2026-05-21 19:08:29.266] AUTO-DISENGAGE: gear left Park (now N)
[2026-05-21 19:08:29.266] Husby was here, and we are ready to go
[2026-05-21 19:08:29.267] AUTO-DISENGAGE: gear left Park (now N)
[2026-05-21 19:08:29.267] Husby was here, and we are ready to go
[2026-05-21 19:08:29.286] AUTO-DISENGAGE: gear left Park (now N)
[2026-05-21 19:08:29.286] Husby was here, and we are ready to go
[2026-05-21 19:08:29.306] AUTO-DISENGAGE: gear left Park (now N)
[2026-05-21 19:08:29.306] Husby was here, and we are ready to go
[2026-05-21 19:08:29.326] AUTO-DISENGAGE: gear left Park (now N)
[2026-05-21 19:08:29.326] Husby was here, and we are ready to go
[2026-05-21 19:08:29.346] AUTO-DISENGAGE: gear left Park (now N)
[2026-05-21 19:08:29.346] Husby was here, and we are ready to go
[2026-05-21 19:08:29.366] AUTO-DISENGAGE: gear left Park (now N)
[2026-05-21 19:08:29.366] Husby was here, and we are ready to go
[2026-05-21 19:08:29.367] AUTO-DISENGAGE: gear left Park (now N)
[2026-05-21 19:08:29.367] Husby was here, and we are ready to go
[2026-05-21 19:08:29.386] AUTO-DISENGAGE: gear left Park (now N)
[2026-05-21 19:08:29.386] Husby was here, and we are ready to go
[2026-05-21 19:08:29.406] AUTO-DISENGAGE: gear left Park (now N)
[2026-05-21 19:08:29.406] Husby was here, and we are ready to go
[2026-05-21 19:08:29.426] AUTO-DISENGAGE: gear left Park (now N)
[2026-05-21 19:08:29.426] Husby was here, and we are ready to go
[2026-05-21 19:08:29.446] AUTO-DISENGAGE: gear left Park (now N)
[2026-05-21 19:08:29.446] Husby was here, and we are ready to go
[2026-05-21 19:08:29.466] AUTO-DISENGAGE: gear left Park (now N)
[2026-05-21 19:08:29.466] Husby was here, and we are ready to go
[2026-05-21 19:08:29.467] AUTO-DISENGAGE: gear left Park (now N)
[2026-05-21 19:08:29.467] Husby was here, and we are ready to go
[2026-05-21 19:08:29.486] AUTO-DISENGAGE: gear left Park (now N)
[2026-05-21 19:08:29.486] Husby was here, and we are ready to go
[2026-05-21 19:08:29.506] AUTO-DISENGAGE: gear left Park (now N)
[2026-05-21 19:08:29.506] Husby was here, and we are ready to go
[2026-05-21 19:08:29.526] AUTO-DISENGAGE: gear left Park (now N)
[2026-05-21 19:08:29.526] Husby was here, and we are ready to go
[2026-05-21 19:08:29.546] AUTO-DISENGAGE: gear left Park (now N)
[2026-05-21 19:08:29.546] Husby was here, and we are ready to go
[2026-05-21 19:08:29.566] AUTO-DISENGAGE: gear left Park (now N)
[2026-05-21 19:08:29.566] Husby was here, and we are ready to go
[2026-05-21 19:08:29.567] AUTO-DISENGAGE: gear left Park (now N)
[2026-05-21 19:08:29.567] Husby was here, and we are ready to go
[2026-05-21 19:08:29.585] AUTO-DISENGAGE: gear left Park (now N)
[2026-05-21 19:08:29.586] Husby was here, and we are ready to go
[2026-05-21 19:08:29.606] AUTO-DISENGAGE: gear left Park (now N)
[2026-05-21 19:08:29.606] Husby was here, and we are ready to go
[2026-05-21 19:08:29.626] AUTO-DISENGAGE: gear left Park (now N)
[2026-05-21 19:08:29.626] Husby was here, and we are ready to go
[2026-05-21 19:08:29.646] AUTO-DISENGAGE: gear left Park (now N)
[2026-05-21 19:08:29.646] Husby was here, and we are ready to go
[2026-05-21 19:08:29.666] AUTO-DISENGAGE: gear left Park (now N)
[2026-05-21 19:08:29.666] Husby was here, and we are ready to go
[2026-05-21 19:08:29.667] AUTO-DISENGAGE: gear left Park (now N)
[2026-05-21 19:08:29.667] Husby was here, and we are ready to go
[2026-05-21 19:08:29.686] AUTO-DISENGAGE: gear left Park (now N)
[2026-05-21 19:08:29.686] Husby was here, and we are ready to go
[2026-05-21 19:08:29.706] AUTO-DISENGAGE: gear left Park (now N)
[2026-05-21 19:08:29.706] Husby was here, and we are ready to go
[2026-05-21 19:08:29.726] AUTO-DISENGAGE: gear left Park (now N)
[2026-05-21 19:08:29.726] Husby was here, and we are ready to go
[2026-05-21 19:08:29.746] AUTO-DISENGAGE: gear left Park (now N)
[2026-05-21 19:08:29.746] Husby was here, and we are ready to go
[2026-05-21 19:08:29.766] AUTO-DISENGAGE: gear left Park (now N)
[2026-05-21 19:08:29.766] Husby was here, and we are ready to go
[2026-05-21 19:08:29.767] AUTO-DISENGAGE: gear left Park (now N)
[2026-05-21 19:08:29.767] Husby was here, and we are ready to go
[2026-05-21 19:08:29.786] AUTO-DISENGAGE: gear left Park (now N)
[2026-05-21 19:08:29.786] Husby was here, and we are ready to go
[2026-05-21 19:08:29.806] AUTO-DISENGAGE: gear left Park (now N)
[2026-05-21 19:08:29.806] Husby was here, and we are ready to go
[2026-05-21 19:08:29.826] AUTO-DISENGAGE: gear left Park (now N)
[2026-05-21 19:08:29.826] Husby was here, and we are ready to go
[2026-05-21 19:08:29.846] AUTO-DISENGAGE: gear left Park (now N)
[2026-05-21 19:08:29.846] Husby was here, and we are ready to go
[2026-05-21 19:08:29.866] AUTO-DISENGAGE: gear left Park (now N)
[2026-05-21 19:08:29.866] Husby was here, and we are ready to go
[2026-05-21 19:08:29.867] AUTO-DISENGAGE: gear left Park (now N)
[2026-05-21 19:08:29.867] Husby was here, and we are ready to go
[2026-05-21 19:08:29.886] AUTO-DISENGAGE: gear left Park (now N)
[2026-05-21 19:08:29.886] Husby was here, and we are ready to go
[2026-05-21 19:08:29.906] AUTO-DISENGAGE: gear left Park (now N)
[2026-05-21 19:08:29.906] Husby was here, and we are ready to go
[2026-05-21 19:08:29.926] AUTO-DISENGAGE: gear left Park (now N)
[2026-05-21 19:08:29.926] Husby was here, and we are ready to go
[2026-05-21 19:08:29.946] AUTO-DISENGAGE: gear left Park (now N)
[2026-05-21 19:08:29.946] Husby was here, and we are ready to go
[2026-05-21 19:08:29.966] AUTO-DISENGAGE: gear left Park (now N)
[2026-05-21 19:08:29.966] Husby was here, and we are ready to go
[2026-05-21 19:08:29.967] AUTO-DISENGAGE: gear left Park (now N)
[2026-05-21 19:08:29.967] Husby was here, and we are ready to go
[2026-05-21 19:08:29.986] AUTO-DISENGAGE: gear left Park (now N)
[2026-05-21 19:08:29.986] Husby was here, and we are ready to go
[2026-05-21 19:08:30.006] AUTO-DISENGAGE: gear left Park (now N)
[2026-05-21 19:08:30.006] Husby was here, and we are ready to go
[2026-05-21 19:08:30.026] AUTO-DISENGAGE: gear left Park (now N)
[2026-05-21 19:08:30.026] Husby was here, and we are ready to go
[2026-05-21 19:08:30.046] AUTO-DISENGAGE: gear left Park (now N)
[2026-05-21 19:08:30.046] Husby was here, and we are ready to go
[2026-05-21 19:08:30.066] AUTO-DISENGAGE: gear left Park (now N)
[2026-05-21 19:08:30.066] Husby was here, and we are ready to go
[2026-05-21 19:08:30.067] AUTO-DISENGAGE: gear left Park (now N)
[2026-05-21 19:08:30.067] Husby was here, and we are ready to go
[2026-05-21 19:08:30.086] AUTO-DISENGAGE: gear left Park (now N)
[2026-05-21 19:08:30.086] Husby was here, and we are ready to go
[2026-05-21 19:08:30.106] AUTO-DISENGAGE: gear left Park (now N)
[2026-05-21 19:08:30.106] Husby was here, and we are ready to go
[2026-05-21 19:08:30.126] AUTO-DISENGAGE: gear left Park (now N)
[2026-05-21 19:08:30.127] Husby was here, and we are ready to go
[2026-05-21 19:08:30.146] AUTO-DISENGAGE: gear left Park (now N)
[2026-05-21 19:08:30.146] Husby was here, and we are ready to go
[2026-05-21 19:08:30.166] AUTO-DISENGAGE: gear left Park (now N)
[2026-05-21 19:08:30.166] Husby was here, and we are ready to go
[2026-05-21 19:08:30.167] AUTO-DISENGAGE: gear left Park (now N)
[2026-05-21 19:08:30.167] Husby was here, and we are ready to go
[2026-05-21 19:08:30.186] AUTO-DISENGAGE: gear left Park (now N)
[2026-05-21 19:08:30.186] Husby was here, and we are ready to go
[2026-05-21 19:08:30.206] AUTO-DISENGAGE: gear left Park (now N)
[2026-05-21 19:08:30.206] Husby was here, and we are ready to go
[2026-05-21 19:08:30.226] AUTO-DISENGAGE: gear left Park (now N)
[2026-05-21 19:08:30.226] Husby was here, and we are ready to go
[2026-05-21 19:08:30.246] AUTO-DISENGAGE: gear left Park (now N)
[2026-05-21 19:08:30.246] Husby was here, and we are ready to go
[2026-05-21 19:08:30.266] AUTO-DISENGAGE: gear left Park (now N)
[2026-05-21 19:08:30.266] Husby was here, and we are ready to go
[2026-05-21 19:08:30.267] AUTO-DISENGAGE: gear left Park (now N)
[2026-05-21 19:08:30.267] Husby was here, and we are ready to go
[2026-05-21 19:08:30.286] AUTO-DISENGAGE: gear left Park (now N)
[2026-05-21 19:08:30.286] Husby was here, and we are ready to go
[2026-05-21 19:08:30.306] AUTO-DISENGAGE: gear left Park (now N)
[2026-05-21 19:08:30.306] Husby was here, and we are ready to go
[2026-05-21 19:08:30.326] AUTO-DISENGAGE: gear left Park (now N)
[2026-05-21 19:08:30.326] Husby was here, and we are ready to go
[2026-05-21 19:08:30.346] AUTO-DISENGAGE: gear left Park (now N)
[2026-05-21 19:08:30.346] Husby was here, and we are ready to go
[2026-05-21 19:08:30.366] AUTO-DISENGAGE: gear left Park (now N)
[2026-05-21 19:08:30.366] Husby was here, and we are ready to go
[2026-05-21 19:08:30.367] AUTO-DISENGAGE: gear left Park (now N)
[2026-05-21 19:08:30.367] Husby was here, and we are ready to go
[2026-05-21 19:08:30.386] AUTO-DISENGAGE: gear left Park (now N)
[2026-05-21 19:08:30.386] Husby was here, and we are ready to go
[2026-05-21 19:08:30.406] AUTO-DISENGAGE: gear left Park (now N)
[2026-05-21 19:08:30.406] Husby was here, and we are ready to go
[2026-05-21 19:08:30.426] AUTO-DISENGAGE: gear left Park (now N)
[2026-05-21 19:08:30.427] Husby was here, and we are ready to go
[2026-05-21 19:08:30.446] AUTO-DISENGAGE: gear left Park (now N)
[2026-05-21 19:08:30.446] Husby was here, and we are ready to go
[2026-05-21 19:08:30.466] AUTO-DISENGAGE: gear left Park (now N)
[2026-05-21 19:08:30.466] Husby was here, and we are ready to go
[2026-05-21 19:08:30.467] AUTO-DISENGAGE: gear left Park (now N)
[2026-05-21 19:08:30.467] Husby was here, and we are ready to go
[2026-05-21 19:08:30.486] AUTO-DISENGAGE: gear left Park (now N)
[2026-05-21 19:08:30.487] Husby was here, and we are ready to go
[2026-05-21 19:08:30.506] AUTO-DISENGAGE: gear left Park (now N)
[2026-05-21 19:08:30.507] Husby was here, and we are ready to go
[2026-05-21 19:08:30.526] AUTO-DISENGAGE: gear left Park (now N)
[2026-05-21 19:08:30.527] Husby was here, and we are ready to go
[2026-05-21 19:08:30.546] AUTO-DISENGAGE: gear left Park (now N)
[2026-05-21 19:08:30.546] Husby was here, and we are ready to go
[2026-05-21 19:08:30.566] AUTO-DISENGAGE: gear left Park (now N)
[2026-05-21 19:08:30.566] Husby was here, and we are ready to go
[2026-05-21 19:08:30.567] AUTO-DISENGAGE: gear left Park (now N)
[2026-05-21 19:08:30.567] Husby was here, and we are ready to go
[2026-05-21 19:08:30.586] AUTO-DISENGAGE: gear left Park (now N)
[2026-05-21 19:08:30.586] Husby was here, and we are ready to go
[2026-05-21 19:08:30.606] AUTO-DISENGAGE: gear left Park (now N)
[2026-05-21 19:08:30.606] Husby was here, and we are ready to go
[2026-05-21 19:08:30.626] AUTO-DISENGAGE: gear left Park (now N)
[2026-05-21 19:08:30.626] Husby was here, and we are ready to go
[2026-05-21 19:08:30.646] AUTO-DISENGAGE: gear left Park (now N)
[2026-05-21 19:08:30.646] Husby was here, and we are ready to go
[2026-05-21 19:08:30.666] AUTO-DISENGAGE: gear left Park (now N)
[2026-05-21 19:08:30.666] Husby was here, and we are ready to go
[2026-05-21 19:08:30.667] AUTO-DISENGAGE: gear left Park (now N)
[2026-05-21 19:08:30.667] Husby was here, and we are ready to go
[2026-05-21 19:08:30.686] AUTO-DISENGAGE: gear left Park (now N)
[2026-05-21 19:08:30.686] Husby was here, and we are ready to go
[2026-05-21 19:08:30.706] AUTO-DISENGAGE: gear left Park (now N)
[2026-05-21 19:08:30.706] Husby was here, and we are ready to go
[2026-05-21 19:08:30.726] AUTO-DISENGAGE: gear left Park (now N)
[2026-05-21 19:08:30.727] Husby was here, and we are ready to go
[2026-05-21 19:08:30.746] AUTO-DISENGAGE: gear left Park (now N)
[2026-05-21 19:08:30.746] Husby was here, and we are ready to go
[2026-05-21 19:08:30.766] AUTO-DISENGAGE: gear left Park (now N)
[2026-05-21 19:08:30.766] Husby was here, and we are ready to go
[2026-05-21 19:08:30.767] AUTO-DISENGAGE: gear left Park (now N)
[2026-05-21 19:08:30.767] Husby was here, and we are ready to go
[2026-05-21 19:08:30.786] AUTO-DISENGAGE: gear left Park (now N)
[2026-05-21 19:08:30.786] Husby was here, and we are ready to go
[2026-05-21 19:08:30.806] AUTO-DISENGAGE: gear left Park (now N)
[2026-05-21 19:08:30.806] Husby was here, and we are ready to go
[2026-05-21 19:08:30.826] AUTO-DISENGAGE: gear left Park (now N)
[2026-05-21 19:08:30.826] Husby was here, and we are ready to go
[2026-05-21 19:08:30.846] AUTO-DISENGAGE: gear left Park (now N)
[2026-05-21 19:08:30.846] Husby was here, and we are ready to go
[2026-05-21 19:08:30.866] AUTO-DISENGAGE: gear left Park (now N)
[2026-05-21 19:08:30.866] Husby was here, and we are ready to go
[2026-05-21 19:08:30.867] AUTO-DISENGAGE: gear left Park (now N)
[2026-05-21 19:08:30.867] Husby was here, and we are ready to go
[2026-05-21 19:08:30.886] AUTO-DISENGAGE: gear left Park (now N)
[2026-05-21 19:08:30.886] Husby was here, and we are ready to go
[2026-05-21 19:08:30.906] AUTO-DISENGAGE: gear left Park (now N)
[2026-05-21 19:08:30.906] Husby was here, and we are ready to go
[2026-05-21 19:08:30.926] AUTO-DISENGAGE: gear left Park (now N)
[2026-05-21 19:08:30.926] Husby was here, and we are ready to go
[2026-05-21 19:08:30.946] AUTO-DISENGAGE: gear left Park (now N)
[2026-05-21 19:08:30.946] Husby was here, and we are ready to go
[2026-05-21 19:08:30.966] AUTO-DISENGAGE: gear left Park (now N)
[2026-05-21 19:08:30.966] Husby was here, and we are ready to go
[2026-05-21 19:08:30.967] AUTO-DISENGAGE: gear left Park (now N)
[2026-05-21 19:08:30.967] Husby was here, and we are ready to go
[2026-05-21 19:08:30.986] AUTO-DISENGAGE: gear left Park (now N)
[2026-05-21 19:08:30.986] Husby was here, and we are ready to go
[2026-05-21 19:08:31.006] AUTO-DISENGAGE: gear left Park (now N)
[2026-05-21 19:08:31.006] Husby was here, and we are ready to go
[2026-05-21 19:08:31.026] AUTO-DISENGAGE: gear left Park (now N)
[2026-05-21 19:08:31.026] Husby was here, and we are ready to go
[2026-05-21 19:08:31.046] AUTO-DISENGAGE: gear left Park (now N)
[2026-05-21 19:08:31.046] Husby was here, and we are ready to go
[2026-05-21 19:08:31.066] AUTO-DISENGAGE: gear left Park (now N)
[2026-05-21 19:08:31.066] Husby was here, and we are ready to go
[2026-05-21 19:08:31.067] AUTO-DISENGAGE: gear left Park (now N)
[2026-05-21 19:08:31.067] Husby was here, and we are ready to go
[2026-05-21 19:08:31.086] AUTO-DISENGAGE: gear left Park (now N)
[2026-05-21 19:08:31.086] Husby was here, and we are ready to go
[2026-05-21 19:08:31.106] AUTO-DISENGAGE: gear left Park (now N)
[2026-05-21 19:08:31.106] Husby was here, and we are ready to go
[2026-05-21 19:08:31.126] AUTO-DISENGAGE: gear left Park (now N)
[2026-05-21 19:08:31.126] Husby was here, and we are ready to go
[2026-05-21 19:08:31.146] AUTO-DISENGAGE: gear left Park (now N)
[2026-05-21 19:08:31.146] Husby was here, and we are ready to go
[2026-05-21 19:08:31.166] AUTO-DISENGAGE: gear left Park (now N)
[2026-05-21 19:08:31.167] Husby was here, and we are ready to go
[2026-05-21 19:08:31.167] AUTO-DISENGAGE: gear left Park (now N)
[2026-05-21 19:08:31.167] Husby was here, and we are ready to go
[2026-05-21 19:08:31.186] AUTO-DISENGAGE: gear left Park (now N)
[2026-05-21 19:08:31.186] Husby was here, and we are ready to go
[2026-05-21 19:08:31.206] AUTO-DISENGAGE: gear left Park (now N)
[2026-05-21 19:08:31.206] Husby was here, and we are ready to go
[2026-05-21 19:08:31.226] AUTO-DISENGAGE: gear left Park (now N)
[2026-05-21 19:08:31.226] Husby was here, and we are ready to go
[2026-05-21 19:08:31.246] AUTO-DISENGAGE: gear left Park (now N)
[2026-05-21 19:08:31.246] Husby was here, and we are ready to go
[2026-05-21 19:08:31.266] AUTO-DISENGAGE: gear left Park (now N)
[2026-05-21 19:08:31.266] Husby was here, and we are ready to go
[2026-05-21 19:08:31.267] AUTO-DISENGAGE: gear left Park (now N)
[2026-05-21 19:08:31.267] Husby was here, and we are ready to go
[2026-05-21 19:08:31.286] AUTO-DISENGAGE: gear left Park (now N)
[2026-05-21 19:08:31.286] Husby was here, and we are ready to go
[2026-05-21 19:08:31.306] AUTO-DISENGAGE: gear left Park (now N)
[2026-05-21 19:08:31.306] Husby was here, and we are ready to go
[2026-05-21 19:08:31.326] AUTO-DISENGAGE: gear left Park (now N)
[2026-05-21 19:08:31.327] Husby was here, and we are ready to go
[2026-05-21 19:08:31.346] AUTO-DISENGAGE: gear left Park (now N)
[2026-05-21 19:08:31.346] Husby was here, and we are ready to go
[2026-05-21 19:08:31.366] AUTO-DISENGAGE: gear left Park (now N)
[2026-05-21 19:08:31.366] Husby was here, and we are ready to go
[2026-05-21 19:08:31.367] AUTO-DISENGAGE: gear left Park (now N)
[2026-05-21 19:08:31.367] Husby was here, and we are ready to go
[2026-05-21 19:08:31.386] AUTO-DISENGAGE: gear left Park (now N)
[2026-05-21 19:08:31.386] Husby was here, and we are ready to go
[2026-05-21 19:08:31.406] AUTO-DISENGAGE: gear left Park (now N)
[2026-05-21 19:08:31.407] Husby was here, and we are ready to go
[2026-05-21 19:08:31.427] AUTO-DISENGAGE: gear left Park (now N)
[2026-05-21 19:08:31.427] Husby was here, and we are ready to go
[2026-05-21 19:08:31.446] AUTO-DISENGAGE: gear left Park (now N)
[2026-05-21 19:08:31.446] Husby was here, and we are ready to go
[2026-05-21 19:08:31.466] AUTO-DISENGAGE: gear left Park (now N)
[2026-05-21 19:08:31.466] Husby was here, and we are ready to go
[2026-05-21 19:08:31.467] AUTO-DISENGAGE: gear left Park (now N)
[2026-05-21 19:08:31.467] Husby was here, and we are ready to go
[2026-05-21 19:08:31.486] AUTO-DISENGAGE: gear left Park (now N)
[2026-05-21 19:08:31.486] Husby was here, and we are ready to go
[2026-05-21 19:08:31.506] AUTO-DISENGAGE: gear left Park (now N)
[2026-05-21 19:08:31.506] Husby was here, and we are ready to go
[2026-05-21 19:08:31.527] AUTO-DISENGAGE: gear left Park (now N)
[2026-05-21 19:08:31.527] Husby was here, and we are ready to go
[2026-05-21 19:08:31.546] AUTO-DISENGAGE: gear left Park (now N)
[2026-05-21 19:08:31.546] Husby was here, and we are ready to go
[2026-05-21 19:08:31.566] AUTO-DISENGAGE: gear left Park (now N)
[2026-05-21 19:08:31.567] Husby was here, and we are ready to go
[2026-05-21 19:08:31.567] AUTO-DISENGAGE: gear left Park (now N)
[2026-05-21 19:08:31.567] Husby was here, and we are ready to go
[2026-05-21 19:08:31.587] AUTO-DISENGAGE: gear left Park (now N)
[2026-05-21 19:08:31.587] Husby was here, and we are ready to go
[2026-05-21 19:08:31.606] AUTO-DISENGAGE: gear left Park (now N)
[2026-05-21 19:08:31.607] Husby was here, and we are ready to go
[2026-05-21 19:08:31.627] AUTO-DISENGAGE: gear left Park (now N)
[2026-05-21 19:08:31.628] Husby was here, and we are ready to go
[2026-05-21 19:08:31.647] AUTO-DISENGAGE: gear left Park (now N)
[2026-05-21 19:08:31.648] Husby was here, and we are ready to go
[2026-05-21 19:08:31.667] AUTO-DISENGAGE: gear left Park (now N)
[2026-05-21 19:08:31.667] Husby was here, and we are ready to go
[2026-05-21 19:08:31.668] AUTO-DISENGAGE: gear left Park (now N)
[2026-05-21 19:08:31.668] Husby was here, and we are ready to go
[2026-05-21 19:08:31.686] AUTO-DISENGAGE: gear left Park (now N)
[2026-05-21 19:08:31.686] Husby was here, and we are ready to go
[2026-05-21 19:08:31.706] AUTO-DISENGAGE: gear left Park (now N)
[2026-05-21 19:08:31.706] Husby was here, and we are ready to go
[2026-05-21 19:08:31.728] AUTO-DISENGAGE: gear left Park (now N)
[2026-05-21 19:08:31.728] Husby was here, and we are ready to go
[2026-05-21 19:08:31.746] AUTO-DISENGAGE: gear left Park (now N)
[2026-05-21 19:08:31.747] Husby was here, and we are ready to go
[2026-05-21 19:08:31.766] AUTO-DISENGAGE: gear left Park (now N)
[2026-05-21 19:08:31.766] Husby was here, and we are ready to go
[2026-05-21 19:08:31.768] AUTO-DISENGAGE: gear left Park (now N)
[2026-05-21 19:08:31.768] Husby was here, and we are ready to go
[2026-05-21 19:08:31.786] AUTO-DISENGAGE: gear left Park (now N)
[2026-05-21 19:08:31.786] Husby was here, and we are ready to go
[2026-05-21 19:08:31.806] AUTO-DISENGAGE: gear left Park (now N)
[2026-05-21 19:08:31.806] Husby was here, and we are ready to go
[2026-05-21 19:08:31.826] AUTO-DISENGAGE: gear left Park (now N)
[2026-05-21 19:08:31.826] Husby was here, and we are ready to go
[2026-05-21 19:08:31.846] AUTO-DISENGAGE: gear left Park (now N)
[2026-05-21 19:08:31.846] Husby was here, and we are ready to go
[2026-05-21 19:08:31.866] AUTO-DISENGAGE: gear left Park (now N)
[2026-05-21 19:08:31.866] Husby was here, and we are ready to go
[2026-05-21 19:08:31.868] AUTO-DISENGAGE: gear left Park (now N)
[2026-05-21 19:08:31.868] Husby was here, and we are ready to go
[2026-05-21 19:08:31.886] AUTO-DISENGAGE: gear left Park (now N)
[2026-05-21 19:08:31.886] Husby was here, and we are ready to go
[2026-05-21 19:08:31.906] AUTO-DISENGAGE: gear left Park (now N)
[2026-05-21 19:08:31.906] Husby was here, and we are ready to go
[2026-05-21 19:08:31.926] AUTO-DISENGAGE: gear left Park (now N)
[2026-05-21 19:08:31.927] Husby was here, and we are ready to go
[2026-05-21 19:08:31.947] AUTO-DISENGAGE: gear left Park (now N)
[2026-05-21 19:08:31.947] Husby was here, and we are ready to go
[2026-05-21 19:08:31.966] AUTO-DISENGAGE: gear left Park (now N)
[2026-05-21 19:08:31.966] Husby was here, and we are ready to go
[2026-05-21 19:08:31.968] AUTO-DISENGAGE: gear left Park (now N)
[2026-05-21 19:08:31.968] Husby was here, and we are ready to go
[2026-05-21 19:08:31.986] AUTO-DISENGAGE: gear left Park (now N)
[2026-05-21 19:08:31.986] Husby was here, and we are ready to go
[2026-05-21 19:08:32.006] AUTO-DISENGAGE: gear left Park (now N)
[2026-05-21 19:08:32.006] Husby was here, and we are ready to go
[2026-05-21 19:08:32.026] AUTO-DISENGAGE: gear left Park (now N)
[2026-05-21 19:08:32.027] Husby was here, and we are ready to go
[2026-05-21 19:08:32.046] AUTO-DISENGAGE: gear left Park (now N)
[2026-05-21 19:08:32.046] Husby was here, and we are ready to go
[2026-05-21 19:08:32.066] AUTO-DISENGAGE: gear left Park (now N)
[2026-05-21 19:08:32.066] Husby was here, and we are ready to go
[2026-05-21 19:08:32.068] AUTO-DISENGAGE: gear left Park (now N)
[2026-05-21 19:08:32.068] Husby was here, and we are ready to go
[2026-05-21 19:08:32.086] AUTO-DISENGAGE: gear left Park (now N)
[2026-05-21 19:08:32.086] Husby was here, and we are ready to go
[2026-05-21 19:08:32.106] AUTO-DISENGAGE: gear left Park (now N)
[2026-05-21 19:08:32.106] Husby was here, and we are ready to go
[2026-05-21 19:08:32.126] AUTO-DISENGAGE: gear left Park (now N)
[2026-05-21 19:08:32.127] Husby was here, and we are ready to go
[2026-05-21 19:08:32.146] AUTO-DISENGAGE: gear left Park (now N)
[2026-05-21 19:08:32.146] Husby was here, and we are ready to go
[2026-05-21 19:08:32.166] AUTO-DISENGAGE: gear left Park (now N)
[2026-05-21 19:08:32.166] Husby was here, and we are ready to go
[2026-05-21 19:08:32.168] AUTO-DISENGAGE: gear left Park (now N)
[2026-05-21 19:08:32.168] Husby was here, and we are ready to go
[2026-05-21 19:08:32.186] AUTO-DISENGAGE: gear left Park (now N)
[2026-05-21 19:08:32.186] Husby was here, and we are ready to go
[2026-05-21 19:08:32.206] AUTO-DISENGAGE: gear left Park (now N)
[2026-05-21 19:08:32.206] Husby was here, and we are ready to go
[2026-05-21 19:08:32.226] AUTO-DISENGAGE: gear left Park (now N)
[2026-05-21 19:08:32.226] Husby was here, and we are ready to go
[2026-05-21 19:08:32.246] AUTO-DISENGAGE: gear left Park (now N)
[2026-05-21 19:08:32.246] Husby was here, and we are ready to go
[2026-05-21 19:08:32.266] AUTO-DISENGAGE: gear left Park (now N)
[2026-05-21 19:08:32.266] Husby was here, and we are ready to go
[2026-05-21 19:08:32.268] AUTO-DISENGAGE: gear left Park (now N)
[2026-05-21 19:08:32.268] Husby was here, and we are ready to go
[2026-05-21 19:08:32.286] AUTO-DISENGAGE: gear left Park (now N)
[2026-05-21 19:08:32.286] Husby was here, and we are ready to go
[2026-05-21 19:08:32.306] AUTO-DISENGAGE: gear left Park (now N)
[2026-05-21 19:08:32.306] Husby was here, and we are ready to go
[2026-05-21 19:08:32.326] AUTO-DISENGAGE: gear left Park (now N)
[2026-05-21 19:08:32.326] Husby was here, and we are ready to go
[2026-05-21 19:08:32.346] AUTO-DISENGAGE: gear left Park (now N)
[2026-05-21 19:08:32.347] Husby was here, and we are ready to go
[2026-05-21 19:08:32.366] AUTO-DISENGAGE: gear left Park (now N)
[2026-05-21 19:08:32.366] Husby was here, and we are ready to go
[2026-05-21 19:08:32.368] AUTO-DISENGAGE: gear left Park (now N)
[2026-05-21 19:08:32.368] Husby was here, and we are ready to go
[2026-05-21 19:08:32.386] AUTO-DISENGAGE: gear left Park (now N)
[2026-05-21 19:08:32.386] Husby was here, and we are ready to go
[2026-05-21 19:08:32.406] AUTO-DISENGAGE: gear left Park (now N)
[2026-05-21 19:08:32.406] Husby was here, and we are ready to go
[2026-05-21 19:08:32.427] AUTO-DISENGAGE: gear left Park (now N)
[2026-05-21 19:08:32.427] Husby was here, and we are ready to go
[2026-05-21 19:08:32.446] AUTO-DISENGAGE: gear left Park (now N)
[2026-05-21 19:08:32.446] Husby was here, and we are ready to go
[2026-05-21 19:08:32.466] AUTO-DISENGAGE: gear left Park (now N)
[2026-05-21 19:08:32.466] Husby was here, and we are ready to go
[2026-05-21 19:08:32.468] AUTO-DISENGAGE: gear left Park (now N)
[2026-05-21 19:08:32.468] Husby was here, and we are ready to go
[2026-05-21 19:08:32.486] AUTO-DISENGAGE: gear left Park (now N)
[2026-05-21 19:08:32.486] Husby was here, and we are ready to go
[2026-05-21 19:08:32.506] AUTO-DISENGAGE: gear left Park (now N)
[2026-05-21 19:08:32.506] Husby was here, and we are ready to go
[2026-05-21 19:08:32.527] AUTO-DISENGAGE: gear left Park (now N)
[2026-05-21 19:08:32.527] Husby was here, and we are ready to go
[2026-05-21 19:08:32.546] AUTO-DISENGAGE: gear left Park (now N)
[2026-05-21 19:08:32.546] Husby was here, and we are ready to go
[2026-05-21 19:08:32.566] AUTO-DISENGAGE: gear left Park (now N)
[2026-05-21 19:08:32.566] Husby was here, and we are ready to go
[2026-05-21 19:08:32.568] AUTO-DISENGAGE: gear left Park (now N)
[2026-05-21 19:08:32.568] Husby was here, and we are ready to go
[2026-05-21 19:08:32.586] AUTO-DISENGAGE: gear left Park (now N)
[2026-05-21 19:08:32.586] Husby was here, and we are ready to go
[2026-05-21 19:08:32.606] AUTO-DISENGAGE: gear left Park (now N)
[2026-05-21 19:08:32.606] Husby was here, and we are ready to go
[2026-05-21 19:08:32.626] AUTO-DISENGAGE: gear left Park (now N)
[2026-05-21 19:08:32.626] Husby was here, and we are ready to go
[2026-05-21 19:08:32.646] AUTO-DISENGAGE: gear left Park (now N)
[2026-05-21 19:08:32.646] Husby was here, and we are ready to go
[2026-05-21 19:08:32.666] AUTO-DISENGAGE: gear left Park (now N)
[2026-05-21 19:08:32.666] Husby was here, and we are ready to go
[2026-05-21 19:08:32.668] AUTO-DISENGAGE: gear left Park (now N)
[2026-05-21 19:08:32.668] Husby was here, and we are ready to go
[2026-05-21 19:08:32.686] AUTO-DISENGAGE: gear left Park (now N)
[2026-05-21 19:08:32.686] Husby was here, and we are ready to go
[2026-05-21 19:08:32.706] AUTO-DISENGAGE: gear left Park (now N)
[2026-05-21 19:08:32.706] Husby was here, and we are ready to go
[2026-05-21 19:08:32.726] AUTO-DISENGAGE: gear left Park (now N)
[2026-05-21 19:08:32.727] Husby was here, and we are ready to go
[2026-05-21 19:08:32.746] AUTO-DISENGAGE: gear left Park (now N)
[2026-05-21 19:08:32.746] Husby was here, and we are ready to go
[2026-05-21 19:08:32.767] AUTO-DISENGAGE: gear left Park (now N)
[2026-05-21 19:08:32.767] Husby was here, and we are ready to go
[2026-05-21 19:08:32.768] AUTO-DISENGAGE: gear left Park (now N)
[2026-05-21 19:08:32.768] Husby was here, and we are ready to go
[2026-05-21 19:08:32.786] AUTO-DISENGAGE: gear left Park (now N)
[2026-05-21 19:08:32.786] Husby was here, and we are ready to go
[2026-05-21 19:08:32.806] AUTO-DISENGAGE: gear left Park (now N)
[2026-05-21 19:08:32.806] Husby was here, and we are ready to go
[2026-05-21 19:08:32.826] AUTO-DISENGAGE: gear left Park (now N)
[2026-05-21 19:08:32.826] Husby was here, and we are ready to go
[2026-05-21 19:08:32.846] AUTO-DISENGAGE: gear left Park (now N)
[2026-05-21 19:08:32.847] Husby was here, and we are ready to go
[2026-05-21 19:08:32.866] AUTO-DISENGAGE: gear left Park (now N)
[2026-05-21 19:08:32.866] Husby was here, and we are ready to go
[2026-05-21 19:08:32.868] AUTO-DISENGAGE: gear left Park (now N)
[2026-05-21 19:08:32.868] Husby was here, and we are ready to go
[2026-05-21 19:08:32.886] AUTO-DISENGAGE: gear left Park (now N)
[2026-05-21 19:08:32.886] Husby was here, and we are ready to go
[2026-05-21 19:08:32.908] AUTO-DISENGAGE: gear left Park (now N)
[2026-05-21 19:08:32.908] Husby was here, and we are ready to go
[2026-05-21 19:08:32.926] AUTO-DISENGAGE: gear left Park (now N)
[2026-05-21 19:08:32.927] Husby was here, and we are ready to go
[2026-05-21 19:08:32.946] AUTO-DISENGAGE: gear left Park (now N)
[2026-05-21 19:08:32.946] Husby was here, and we are ready to go
[2026-05-21 19:08:32.967] AUTO-DISENGAGE: gear left Park (now N)
[2026-05-21 19:08:32.967] Husby was here, and we are ready to go
[2026-05-21 19:08:32.968] AUTO-DISENGAGE: gear left Park (now N)
[2026-05-21 19:08:32.968] Husby was here, and we are ready to go
[2026-05-21 19:08:32.986] AUTO-DISENGAGE: gear left Park (now N)
[2026-05-21 19:08:32.986] Husby was here, and we are ready to go
[2026-05-21 19:08:33.007] AUTO-DISENGAGE: gear left Park (now N)
[2026-05-21 19:08:33.008] Husby was here, and we are ready to go
[2026-05-21 19:08:33.028] AUTO-DISENGAGE: gear left Park (now N)
[2026-05-21 19:08:33.028] Husby was here, and we are ready to go
[2026-05-21 19:08:33.049] AUTO-DISENGAGE: gear left Park (now N)
[2026-05-21 19:08:33.049] Husby was here, and we are ready to go
[2026-05-21 19:08:33.068] AUTO-DISENGAGE: gear left Park (now N)
[2026-05-21 19:08:33.068] Husby was here, and we are ready to go
[2026-05-21 19:08:33.068] AUTO-DISENGAGE: gear left Park (now N)
[2026-05-21 19:08:33.068] Husby was here, and we are ready to go
[2026-05-21 19:08:33.081] rc: RND switch -> D, queuing shift
[2026-05-21 19:08:33.088] AUTO-DISENGAGE: gear left Park (now N)
[2026-05-21 19:08:33.088] Husby was here, and we are ready to go
[2026-05-21 19:08:33.108] AUTO-DISENGAGE: gear left Park (now N)
[2026-05-21 19:08:33.109] Husby was here, and we are ready to go
[2026-05-21 19:08:33.119] shift requested: D
[2026-05-21 19:08:33.129] AUTO-DISENGAGE: gear left Park (now N)
[2026-05-21 19:08:33.129] Husby was here, and we are ready to go
[2026-05-21 19:08:33.129] SHIFT: requesting D via 0x6D burst (30 active + 10 idle frames at 200 Hz)
[2026-05-21 19:08:33.132] AUTO-DISENGAGE: gear left Park (now N)
[2026-05-21 19:08:33.132] Husby was here, and we are ready to go
[2026-05-21 19:08:33.137] AUTO-DISENGAGE: gear left Park (now N)
[2026-05-21 19:08:33.137] Husby was here, and we are ready to go
[2026-05-21 19:08:33.142] AUTO-DISENGAGE: gear left Park (now N)
[2026-05-21 19:08:33.142] Husby was here, and we are ready to go
[2026-05-21 19:08:33.147] AUTO-DISENGAGE: gear left Park (now N)
[2026-05-21 19:08:33.147] Husby was here, and we are ready to go
[2026-05-21 19:08:33.148] AUTO-DISENGAGE: gear left Park (now N)
[2026-05-21 19:08:33.148] Husby was here, and we are ready to go
[2026-05-21 19:08:33.153] AUTO-DISENGAGE: gear left Park (now N)
[2026-05-21 19:08:33.153] Husby was here, and we are ready to go
[2026-05-21 19:08:33.158] AUTO-DISENGAGE: gear left Park (now N)
[2026-05-21 19:08:33.159] Husby was here, and we are ready to go
[2026-05-21 19:08:33.163] AUTO-DISENGAGE: gear left Park (now N)
[2026-05-21 19:08:33.163] Husby was here, and we are ready to go
[2026-05-21 19:08:33.167] gear: N -> D
[2026-05-21 19:08:33.167] AUTO-DISENGAGE: gear left Park (now D)
[2026-05-21 19:08:33.167] Husby was here, and we are ready to go
[2026-05-21 19:08:33.168] AUTO-DISENGAGE: gear left Park (now D)
[2026-05-21 19:08:33.168] Husby was here, and we are ready to go
[2026-05-21 19:08:33.168] AUTO-DISENGAGE: gear left Park (now D)
[2026-05-21 19:08:33.168] Husby was here, and we are ready to go
[2026-05-21 19:08:33.173] AUTO-DISENGAGE: gear left Park (now D)
[2026-05-21 19:08:33.173] Husby was here, and we are ready to go
[2026-05-21 19:08:33.178] AUTO-DISENGAGE: gear left Park (now D)
[2026-05-21 19:08:33.179] Husby was here, and we are ready to go
[2026-05-21 19:08:33.183] AUTO-DISENGAGE: gear left Park (now D)
[2026-05-21 19:08:33.183] Husby was here, and we are ready to go
[2026-05-21 19:08:33.187] AUTO-DISENGAGE: gear left Park (now D)
[2026-05-21 19:08:33.187] Husby was here, and we are ready to go
[2026-05-21 19:08:33.188] AUTO-DISENGAGE: gear left Park (now D)
[2026-05-21 19:08:33.188] Husby was here, and we are ready to go
[2026-05-21 19:08:33.193] AUTO-DISENGAGE: gear left Park (now D)
[2026-05-21 19:08:33.193] Husby was here, and we are ready to go
[2026-05-21 19:08:33.198] AUTO-DISENGAGE: gear left Park (now D)
[2026-05-21 19:08:33.198] Husby was here, and we are ready to go
[2026-05-21 19:08:33.203] AUTO-DISENGAGE: gear left Park (now D)
[2026-05-21 19:08:33.203] Husby was here, and we are ready to go
[2026-05-21 19:08:33.207] AUTO-DISENGAGE: gear left Park (now D)
[2026-05-21 19:08:33.207] Husby was here, and we are ready to go
[2026-05-21 19:08:33.208] AUTO-DISENGAGE: gear left Park (now D)
[2026-05-21 19:08:33.208] Husby was here, and we are ready to go
[2026-05-21 19:08:33.213] AUTO-DISENGAGE: gear left Park (now D)
[2026-05-21 19:08:33.213] Husby was here, and we are ready to go
[2026-05-21 19:08:33.218] AUTO-DISENGAGE: gear left Park (now D)
[2026-05-21 19:08:33.218] Husby was here, and we are ready to go
[2026-05-21 19:08:33.223] AUTO-DISENGAGE: gear left Park (now D)
[2026-05-21 19:08:33.223] Husby was here, and we are ready to go
[2026-05-21 19:08:33.227] AUTO-DISENGAGE: gear left Park (now D)
[2026-05-21 19:08:33.227] Husby was here, and we are ready to go
[2026-05-21 19:08:33.228] AUTO-DISENGAGE: gear left Park (now D)
[2026-05-21 19:08:33.228] Husby was here, and we are ready to go
[2026-05-21 19:08:33.233] AUTO-DISENGAGE: gear left Park (now D)
[2026-05-21 19:08:33.233] Husby was here, and we are ready to go
[2026-05-21 19:08:33.238] AUTO-DISENGAGE: gear left Park (now D)
[2026-05-21 19:08:33.238] Husby was here, and we are ready to go
[2026-05-21 19:08:33.243] AUTO-DISENGAGE: gear left Park (now D)
[2026-05-21 19:08:33.243] Husby was here, and we are ready to go
[2026-05-21 19:08:33.247] AUTO-DISENGAGE: gear left Park (now D)
[2026-05-21 19:08:33.247] Husby was here, and we are ready to go
[2026-05-21 19:08:33.248] AUTO-DISENGAGE: gear left Park (now D)
[2026-05-21 19:08:33.248] Husby was here, and we are ready to go
[2026-05-21 19:08:33.253] AUTO-DISENGAGE: gear left Park (now D)
[2026-05-21 19:08:33.253] Husby was here, and we are ready to go
[2026-05-21 19:08:33.258] AUTO-DISENGAGE: gear left Park (now D)
[2026-05-21 19:08:33.258] Husby was here, and we are ready to go
[2026-05-21 19:08:33.263] AUTO-DISENGAGE: gear left Park (now D)
[2026-05-21 19:08:33.263] Husby was here, and we are ready to go
[2026-05-21 19:08:33.267] AUTO-DISENGAGE: gear left Park (now D)
[2026-05-21 19:08:33.267] Husby was here, and we are ready to go
[2026-05-21 19:08:33.268] AUTO-DISENGAGE: gear left Park (now D)
[2026-05-21 19:08:33.268] Husby was here, and we are ready to go
[2026-05-21 19:08:33.268] AUTO-DISENGAGE: gear left Park (now D)
[2026-05-21 19:08:33.268] Husby was here, and we are ready to go
[2026-05-21 19:08:33.273] AUTO-DISENGAGE: gear left Park (now D)
[2026-05-21 19:08:33.273] Husby was here, and we are ready to go
[2026-05-21 19:08:33.278] AUTO-DISENGAGE: gear left Park (now D)
[2026-05-21 19:08:33.279] Husby was here, and we are ready to go
[2026-05-21 19:08:33.283] AUTO-DISENGAGE: gear left Park (now D)
[2026-05-21 19:08:33.283] Husby was here, and we are ready to go
[2026-05-21 19:08:33.287] AUTO-DISENGAGE: gear left Park (now D)
[2026-05-21 19:08:33.287] Husby was here, and we are ready to go
[2026-05-21 19:08:33.288] AUTO-DISENGAGE: gear left Park (now D)
[2026-05-21 19:08:33.288] Husby was here, and we are ready to go
[2026-05-21 19:08:33.293] AUTO-DISENGAGE: gear left Park (now D)
[2026-05-21 19:08:33.293] Husby was here, and we are ready to go
[2026-05-21 19:08:33.298] AUTO-DISENGAGE: gear left Park (now D)
[2026-05-21 19:08:33.298] Husby was here, and we are ready to go
[2026-05-21 19:08:33.303] AUTO-DISENGAGE: gear left Park (now D)
[2026-05-21 19:08:33.303] Husby was here, and we are ready to go
[2026-05-21 19:08:33.307] AUTO-DISENGAGE: gear left Park (now D)
[2026-05-21 19:08:33.307] Husby was here, and we are ready to go
[2026-05-21 19:08:33.308] AUTO-DISENGAGE: gear left Park (now D)
[2026-05-21 19:08:33.308] Husby was here, and we are ready to go
[2026-05-21 19:08:33.313] AUTO-DISENGAGE: gear left Park (now D)
[2026-05-21 19:08:33.313] Husby was here, and we are ready to go
[2026-05-21 19:08:33.319] AUTO-DISENGAGE: gear left Park (now D)
[2026-05-21 19:08:33.319] Husby was here, and we are ready to go
[2026-05-21 19:08:33.323] AUTO-DISENGAGE: gear left Park (now D)
[2026-05-21 19:08:33.323] Husby was here, and we are ready to go
[2026-05-21 19:08:33.327] AUTO-DISENGAGE: gear left Park (now D)
[2026-05-21 19:08:33.327] Husby was here, and we are ready to go
[2026-05-21 19:08:33.348] AUTO-DISENGAGE: gear left Park (now D)
[2026-05-21 19:08:33.348] Husby was here, and we are ready to go
[2026-05-21 19:08:33.368] AUTO-DISENGAGE: gear left Park (now D)
[2026-05-21 19:08:33.368] Husby was here, and we are ready to go
[2026-05-21 19:08:33.368] AUTO-DISENGAGE: gear left Park (now D)
[2026-05-21 19:08:33.368] Husby was here, and we are ready to go
[2026-05-21 19:08:33.388] AUTO-DISENGAGE: gear left Park (now D)
[2026-05-21 19:08:33.388] Husby was here, and we are ready to go
[2026-05-21 19:08:33.408] AUTO-DISENGAGE: gear left Park (now D)
[2026-05-21 19:08:33.408] Husby was here, and we are ready to go
[2026-05-21 19:08:33.428] AUTO-DISENGAGE: gear left Park (now D)
[2026-05-21 19:08:33.428] Husby was here, and we are ready to go
[2026-05-21 19:08:33.448] AUTO-DISENGAGE: gear left Park (now D)
[2026-05-21 19:08:33.448] Husby was here, and we are ready to go
[2026-05-21 19:08:33.467] AUTO-DISENGAGE: gear left Park (now D)
[2026-05-21 19:08:33.467] Husby was here, and we are ready to go
[2026-05-21 19:08:33.468] AUTO-DISENGAGE: gear left Park (now D)
[2026-05-21 19:08:33.468] Husby was here, and we are ready to go
[2026-05-21 19:08:33.487] AUTO-DISENGAGE: gear left Park (now D)
[2026-05-21 19:08:33.487] Husby was here, and we are ready to go
[2026-05-21 19:08:33.508] AUTO-DISENGAGE: gear left Park (now D)
[2026-05-21 19:08:33.508] Husby was here, and we are ready to go
[2026-05-21 19:08:33.528] AUTO-DISENGAGE: gear left Park (now D)
[2026-05-21 19:08:33.528] Husby was here, and we are ready to go
[2026-05-21 19:08:33.528] SHIFT post-burst gear: D (requested D)
[2026-05-21 19:08:33.548] AUTO-DISENGAGE: gear left Park (now D)
[2026-05-21 19:08:33.548] Husby was here, and we are ready to go
[2026-05-21 19:08:33.567] AUTO-DISENGAGE: gear left Park (now D)
[2026-05-21 19:08:33.567] Husby was here, and we are ready to go
[2026-05-21 19:08:33.568] AUTO-DISENGAGE: gear left Park (now D)
[2026-05-21 19:08:33.568] Husby was here, and we are ready to go
[2026-05-21 19:08:33.587] AUTO-DISENGAGE: gear left Park (now D)
[2026-05-21 19:08:33.587] Husby was here, and we are ready to go
[2026-05-21 19:08:33.607] AUTO-DISENGAGE: gear left Park (now D)
[2026-05-21 19:08:33.607] Husby was here, and we are ready to go
[2026-05-21 19:08:33.628] AUTO-DISENGAGE: gear left Park (now D)
[2026-05-21 19:08:33.628] Husby was here, and we are ready to go
[2026-05-21 19:08:33.648] AUTO-DISENGAGE: gear left Park (now D)
[2026-05-21 19:08:33.648] Husby was here, and we are ready to go
[2026-05-21 19:08:33.667] AUTO-DISENGAGE: gear left Park (now D)
[2026-05-21 19:08:33.667] Husby was here, and we are ready to go
[2026-05-21 19:08:33.668] AUTO-DISENGAGE: gear left Park (now D)
[2026-05-21 19:08:33.668] Husby was here, and we are ready to go
[2026-05-21 19:08:33.687] AUTO-DISENGAGE: gear left Park (now D)
[2026-05-21 19:08:33.687] Husby was here, and we are ready to go
[2026-05-21 19:08:33.708] AUTO-DISENGAGE: gear left Park (now D)
[2026-05-21 19:08:33.708] Husby was here, and we are ready to go
[2026-05-21 19:08:33.728] AUTO-DISENGAGE: gear left Park (now D)
[2026-05-21 19:08:33.728] Husby was here, and we are ready to go
[2026-05-21 19:08:33.750] AUTO-DISENGAGE: gear left Park (now D)
[2026-05-21 19:08:33.750] Husby was here, and we are ready to go
[2026-05-21 19:08:33.770] AUTO-DISENGAGE: gear left Park (now D)
[2026-05-21 19:08:33.770] Husby was here, and we are ready to go
[2026-05-21 19:08:33.771] AUTO-DISENGAGE: gear left Park (now D)
[2026-05-21 19:08:33.772] Husby was here, and we are ready to go
[2026-05-21 19:08:33.790] AUTO-DISENGAGE: gear left Park (now D)
[2026-05-21 19:08:33.790] Husby was here, and we are ready to go
[2026-05-21 19:08:33.810] AUTO-DISENGAGE: gear left Park (now D)
[2026-05-21 19:08:33.810] Husby was here, and we are ready to go
[2026-05-21 19:08:33.829] AUTO-DISENGAGE: gear left Park (now D)
[2026-05-21 19:08:33.829] Husby was here, and we are ready to go
[2026-05-21 19:08:33.849] AUTO-DISENGAGE: gear left Park (now D)
[2026-05-21 19:08:33.849] Husby was here, and we are ready to go
[2026-05-21 19:08:33.868] AUTO-DISENGAGE: gear left Park (now D)
[2026-05-21 19:08:33.869] Husby was here, and we are ready to go
[2026-05-21 19:08:33.872] AUTO-DISENGAGE: gear left Park (now D)
[2026-05-21 19:08:33.872] Husby was here, and we are ready to go
[2026-05-21 19:08:33.889] AUTO-DISENGAGE: gear left Park (now D)
[2026-05-21 19:08:33.890] Husby was here, and we are ready to go
[2026-05-21 19:08:33.908] AUTO-DISENGAGE: gear left Park (now D)
[2026-05-21 19:08:33.909] Husby was here, and we are ready to go
[2026-05-21 19:08:33.928] AUTO-DISENGAGE: gear left Park (now D)
[2026-05-21 19:08:33.929] Husby was here, and we are ready to go
[2026-05-21 19:08:33.948] AUTO-DISENGAGE: gear left Park (now D)
[2026-05-21 19:08:33.949] Husby was here, and we are ready to go
[2026-05-21 19:08:33.969] AUTO-DISENGAGE: gear left Park (now D)
[2026-05-21 19:08:33.969] Husby was here, and we are ready to go
[2026-05-21 19:08:33.971] AUTO-DISENGAGE: gear left Park (now D)
[2026-05-21 19:08:33.971] Husby was here, and we are ready to go
[2026-05-21 19:08:33.988] AUTO-DISENGAGE: gear left Park (now D)
[2026-05-21 19:08:33.988] Husby was here, and we are ready to go
[2026-05-21 19:08:34.008] AUTO-DISENGAGE: gear left Park (now D)
[2026-05-21 19:08:34.008] Husby was here, and we are ready to go
[2026-05-21 19:08:34.028] AUTO-DISENGAGE: gear left Park (now D)
[2026-05-21 19:08:34.028] Husby was here, and we are ready to go
[2026-05-21 19:08:34.051] AUTO-DISENGAGE: gear left Park (now D)
[2026-05-21 19:08:34.052] Husby was here, and we are ready to go
[2026-05-21 19:08:34.069] AUTO-DISENGAGE: gear left Park (now D)
[2026-05-21 19:08:34.069] Husby was here, and we are ready to go
[2026-05-21 19:08:34.071] AUTO-DISENGAGE: gear left Park (now D)
[2026-05-21 19:08:34.072] Husby was here, and we are ready to go
[2026-05-21 19:08:34.090] AUTO-DISENGAGE: gear left Park (now D)
[2026-05-21 19:08:34.091] Husby was here, and we are ready to go
[2026-05-21 19:08:34.110] AUTO-DISENGAGE: gear left Park (now D)
[2026-05-21 19:08:34.111] Husby was here, and we are ready to go
[2026-05-21 19:08:34.131] AUTO-DISENGAGE: gear left Park (now D)
[2026-05-21 19:08:34.131] Husby was here, and we are ready to go
[2026-05-21 19:08:34.150] AUTO-DISENGAGE: gear left Park (now D)
[2026-05-21 19:08:34.150] Husby was here, and we are ready to go
[2026-05-21 19:08:34.169] AUTO-DISENGAGE: gear left Park (now D)
[2026-05-21 19:08:34.169] Husby was here, and we are ready to go
[2026-05-21 19:08:34.171] AUTO-DISENGAGE: gear left Park (now D)
[2026-05-21 19:08:34.172] Husby was here, and we are ready to go
[2026-05-21 19:08:34.189] AUTO-DISENGAGE: gear left Park (now D)
[2026-05-21 19:08:34.189] Husby was here, and we are ready to go
[2026-05-21 19:08:34.209] AUTO-DISENGAGE: gear left Park (now D)
[2026-05-21 19:08:34.209] Husby was here, and we are ready to go
[2026-05-21 19:08:34.229] AUTO-DISENGAGE: gear left Park (now D)
[2026-05-21 19:08:34.229] Husby was here, and we are ready to go
[2026-05-21 19:08:34.249] AUTO-DISENGAGE: gear left Park (now D)
[2026-05-21 19:08:34.249] Husby was here, and we are ready to go
[2026-05-21 19:08:34.269] AUTO-DISENGAGE: gear left Park (now D)
[2026-05-21 19:08:34.269] Husby was here, and we are ready to go
[2026-05-21 19:08:34.271] AUTO-DISENGAGE: gear left Park (now D)
[2026-05-21 19:08:34.271] Husby was here, and we are ready to go
[2026-05-21 19:08:34.288] AUTO-DISENGAGE: gear left Park (now D)
[2026-05-21 19:08:34.289] Husby was here, and we are ready to go
[2026-05-21 19:08:34.308] AUTO-DISENGAGE: gear left Park (now D)
[2026-05-21 19:08:34.308] Husby was here, and we are ready to go
[2026-05-21 19:08:34.329] AUTO-DISENGAGE: gear left Park (now D)
[2026-05-21 19:08:34.329] Husby was here, and we are ready to go
[2026-05-21 19:08:34.348] AUTO-DISENGAGE: gear left Park (now D)
[2026-05-21 19:08:34.348] Husby was here, and we are ready to go
[2026-05-21 19:08:34.368] AUTO-DISENGAGE: gear left Park (now D)
[2026-05-21 19:08:34.368] Husby was here, and we are ready to go
[2026-05-21 19:08:34.372] AUTO-DISENGAGE: gear left Park (now D)
[2026-05-21 19:08:34.372] Husby was here, and we are ready to go
[2026-05-21 19:08:34.388] AUTO-DISENGAGE: gear left Park (now D)
[2026-05-21 19:08:34.388] Husby was here, and we are ready to go
[2026-05-21 19:08:34.410] AUTO-DISENGAGE: gear left Park (now D)
[2026-05-21 19:08:34.410] Husby was here, and we are ready to go
[2026-05-21 19:08:34.431] AUTO-DISENGAGE: gear left Park (now D)
[2026-05-21 19:08:34.431] Husby was here, and we are ready to go
[2026-05-21 19:08:34.449] AUTO-DISENGAGE: gear left Park (now D)
[2026-05-21 19:08:34.449] Husby was here, and we are ready to go
[2026-05-21 19:08:34.470] AUTO-DISENGAGE: gear left Park (now D)
[2026-05-21 19:08:34.470] Husby was here, and we are ready to go
[2026-05-21 19:08:34.471] AUTO-DISENGAGE: gear left Park (now D)
[2026-05-21 19:08:34.472] Husby was here, and we are ready to go
[2026-05-21 19:08:34.488] AUTO-DISENGAGE: gear left Park (now D)
[2026-05-21 19:08:34.488] Husby was here, and we are ready to go
[2026-05-21 19:08:34.508] AUTO-DISENGAGE: gear left Park (now D)
[2026-05-21 19:08:34.508] Husby was here, and we are ready to go
[2026-05-21 19:08:34.529] AUTO-DISENGAGE: gear left Park (now D)
[2026-05-21 19:08:34.529] Husby was here, and we are ready to go
[2026-05-21 19:08:34.548] AUTO-DISENGAGE: gear left Park (now D)
[2026-05-21 19:08:34.548] Husby was here, and we are ready to go
[2026-05-21 19:08:34.568] AUTO-DISENGAGE: gear left Park (now D)
[2026-05-21 19:08:34.568] Husby was here, and we are ready to go
[2026-05-21 19:08:34.572] AUTO-DISENGAGE: gear left Park (now D)
[2026-05-21 19:08:34.572] Husby was here, and we are ready to go
[2026-05-21 19:08:34.588] AUTO-DISENGAGE: gear left Park (now D)
[2026-05-21 19:08:34.588] Husby was here, and we are ready to go
[2026-05-21 19:08:34.609] AUTO-DISENGAGE: gear left Park (now D)
[2026-05-21 19:08:34.609] Husby was here, and we are ready to go
[2026-05-21 19:08:34.628] AUTO-DISENGAGE: gear left Park (now D)
[2026-05-21 19:08:34.628] Husby was here, and we are ready to go
[2026-05-21 19:08:34.648] AUTO-DISENGAGE: gear left Park (now D)
[2026-05-21 19:08:34.648] Husby was here, and we are ready to go
[2026-05-21 19:08:34.667] AUTO-DISENGAGE: gear left Park (now D)
[2026-05-21 19:08:34.667] Husby was here, and we are ready to go
[2026-05-21 19:08:34.671] AUTO-DISENGAGE: gear left Park (now D)
[2026-05-21 19:08:34.671] Husby was here, and we are ready to go
[2026-05-21 19:08:34.688] AUTO-DISENGAGE: gear left Park (now D)
[2026-05-21 19:08:34.688] Husby was here, and we are ready to go
[2026-05-21 19:08:34.708] AUTO-DISENGAGE: gear left Park (now D)
[2026-05-21 19:08:34.708] Husby was here, and we are ready to go
[2026-05-21 19:08:34.730] AUTO-DISENGAGE: gear left Park (now D)
[2026-05-21 19:08:34.731] Husby was here, and we are ready to go
[2026-05-21 19:08:34.750] AUTO-DISENGAGE: gear left Park (now D)
[2026-05-21 19:08:34.750] Husby was here, and we are ready to go
[2026-05-21 19:08:34.770] AUTO-DISENGAGE: gear left Park (now D)
[2026-05-21 19:08:34.771] Husby was here, and we are ready to go
[2026-05-21 19:08:34.772] AUTO-DISENGAGE: gear left Park (now D)
[2026-05-21 19:08:34.772] Husby was here, and we are ready to go
[2026-05-21 19:08:34.790] AUTO-DISENGAGE: gear left Park (now D)
[2026-05-21 19:08:34.790] Husby was here, and we are ready to go
[2026-05-21 19:08:34.810] AUTO-DISENGAGE: gear left Park (now D)
[2026-05-21 19:08:34.810] Husby was here, and we are ready to go
[2026-05-21 19:08:34.830] AUTO-DISENGAGE: gear left Park (now D)
[2026-05-21 19:08:34.830] Husby was here, and we are ready to go
[2026-05-21 19:08:34.849] AUTO-DISENGAGE: gear left Park (now D)
[2026-05-21 19:08:34.849] Husby was here, and we are ready to go
[2026-05-21 19:08:34.869] AUTO-DISENGAGE: gear left Park (now D)
[2026-05-21 19:08:34.869] Husby was here, and we are ready to go
[2026-05-21 19:08:34.872] AUTO-DISENGAGE: gear left Park (now D)
[2026-05-21 19:08:34.872] Husby was here, and we are ready to go
[2026-05-21 19:08:34.890] AUTO-DISENGAGE: gear left Park (now D)
[2026-05-21 19:08:34.890] Husby was here, and we are ready to go
[2026-05-21 19:08:34.908] AUTO-DISENGAGE: gear left Park (now D)
[2026-05-21 19:08:34.908] Husby was here, and we are ready to go
[2026-05-21 19:08:34.928] AUTO-DISENGAGE: gear left Park (now D)
[2026-05-21 19:08:34.929] Husby was here, and we are ready to go
[2026-05-21 19:08:34.948] AUTO-DISENGAGE: gear left Park (now D)
[2026-05-21 19:08:34.948] Husby was here, and we are ready to go
[2026-05-21 19:08:34.968] AUTO-DISENGAGE: gear left Park (now D)
[2026-05-21 19:08:34.968] Husby was here, and we are ready to go
[2026-05-21 19:08:34.972] AUTO-DISENGAGE: gear left Park (now D)
[2026-05-21 19:08:34.972] Husby was here, and we are ready to go
[2026-05-21 19:08:34.988] AUTO-DISENGAGE: gear left Park (now D)
[2026-05-21 19:08:34.988] Husby was here, and we are ready to go
[2026-05-21 19:08:35.010] AUTO-DISENGAGE: gear left Park (now D)
[2026-05-21 19:08:35.011] Husby was here, and we are ready to go
[2026-05-21 19:08:35.031] AUTO-DISENGAGE: gear left Park (now D)
[2026-05-21 19:08:35.032] Husby was here, and we are ready to go
[2026-05-21 19:08:35.050] AUTO-DISENGAGE: gear left Park (now D)
[2026-05-21 19:08:35.050] Husby was here, and we are ready to go
[2026-05-21 19:08:35.070] AUTO-DISENGAGE: gear left Park (now D)
[2026-05-21 19:08:35.071] Husby was here, and we are ready to go
[2026-05-21 19:08:35.072] AUTO-DISENGAGE: gear left Park (now D)
[2026-05-21 19:08:35.072] Husby was here, and we are ready to go
[2026-05-21 19:08:35.090] AUTO-DISENGAGE: gear left Park (now D)
[2026-05-21 19:08:35.090] Husby was here, and we are ready to go
[2026-05-21 19:08:35.109] AUTO-DISENGAGE: gear left Park (now D)
[2026-05-21 19:08:35.109] Husby was here, and we are ready to go
[2026-05-21 19:08:35.131] AUTO-DISENGAGE: gear left Park (now D)
[2026-05-21 19:08:35.131] Husby was here, and we are ready to go
[2026-05-21 19:08:35.150] AUTO-DISENGAGE: gear left Park (now D)
[2026-05-21 19:08:35.150] Husby was here, and we are ready to go
[2026-05-21 19:08:35.170] AUTO-DISENGAGE: gear left Park (now D)
[2026-05-21 19:08:35.171] Husby was here, and we are ready to go
[2026-05-21 19:08:35.172] AUTO-DISENGAGE: gear left Park (now D)
[2026-05-21 19:08:35.172] Husby was here, and we are ready to go
[2026-05-21 19:08:35.189] AUTO-DISENGAGE: gear left Park (now D)
[2026-05-21 19:08:35.189] Husby was here, and we are ready to go
[2026-05-21 19:08:35.209] AUTO-DISENGAGE: gear left Park (now D)
[2026-05-21 19:08:35.209] Husby was here, and we are ready to go
[2026-05-21 19:08:35.229] AUTO-DISENGAGE: gear left Park (now D)
[2026-05-21 19:08:35.229] Husby was here, and we are ready to go
[2026-05-21 19:08:35.250] AUTO-DISENGAGE: gear left Park (now D)
[2026-05-21 19:08:35.251] Husby was here, and we are ready to go
[2026-05-21 19:08:35.270] AUTO-DISENGAGE: gear left Park (now D)
[2026-05-21 19:08:35.270] Husby was here, and we are ready to go
[2026-05-21 19:08:35.272] AUTO-DISENGAGE: gear left Park (now D)
[2026-05-21 19:08:35.272] Husby was here, and we are ready to go
[2026-05-21 19:08:35.290] AUTO-DISENGAGE: gear left Park (now D)
[2026-05-21 19:08:35.290] Husby was here, and we are ready to go
[2026-05-21 19:08:35.311] AUTO-DISENGAGE: gear left Park (now D)
[2026-05-21 19:08:35.312] Husby was here, and we are ready to go
[2026-05-21 19:08:35.330] AUTO-DISENGAGE: gear left Park (now D)
[2026-05-21 19:08:35.330] Husby was here, and we are ready to go
[2026-05-21 19:08:35.351] AUTO-DISENGAGE: gear left Park (now D)
[2026-05-21 19:08:35.352] Husby was here, and we are ready to go
[2026-05-21 19:08:35.369] AUTO-DISENGAGE: gear left Park (now D)
[2026-05-21 19:08:35.370] Husby was here, and we are ready to go
[2026-05-21 19:08:35.372] AUTO-DISENGAGE: gear left Park (now D)
[2026-05-21 19:08:35.372] Husby was here, and we are ready to go
[2026-05-21 19:08:35.391] AUTO-DISENGAGE: gear left Park (now D)
[2026-05-21 19:08:35.391] Husby was here, and we are ready to go
[2026-05-21 19:08:35.413] AUTO-DISENGAGE: gear left Park (now D)
[2026-05-21 19:08:35.414] Husby was here, and we are ready to go
[2026-05-21 19:08:35.431] AUTO-DISENGAGE: gear left Park (now D)
[2026-05-21 19:08:35.431] Husby was here, and we are ready to go
[2026-05-21 19:08:35.449] AUTO-DISENGAGE: gear left Park (now D)
[2026-05-21 19:08:35.450] Husby was here, and we are ready to go
[2026-05-21 19:08:35.468] AUTO-DISENGAGE: gear left Park (now D)
[2026-05-21 19:08:35.468] Husby was here, and we are ready to go
[2026-05-21 19:08:35.472] AUTO-DISENGAGE: gear left Park (now D)
[2026-05-21 19:08:35.472] Husby was here, and we are ready to go
[2026-05-21 19:08:35.488] AUTO-DISENGAGE: gear left Park (now D)
[2026-05-21 19:08:35.488] Husby was here, and we are ready to go
[2026-05-21 19:08:35.514] AUTO-DISENGAGE: gear left Park (now D)
[2026-05-21 19:08:35.515] Husby was here, and we are ready to go
[2026-05-21 19:08:35.530] AUTO-DISENGAGE: gear left Park (now D)
[2026-05-21 19:08:35.531] Husby was here, and we are ready to go
[2026-05-21 19:08:35.549] AUTO-DISENGAGE: gear left Park (now D)
[2026-05-21 19:08:35.549] Husby was here, and we are ready to go
[2026-05-21 19:08:35.569] AUTO-DISENGAGE: gear left Park (now D)
[2026-05-21 19:08:35.570] Husby was here, and we are ready to go
[2026-05-21 19:08:35.572] AUTO-DISENGAGE: gear left Park (now D)
[2026-05-21 19:08:35.572] Husby was here, and we are ready to go
[2026-05-21 19:08:35.589] AUTO-DISENGAGE: gear left Park (now D)
[2026-05-21 19:08:35.589] Husby was here, and we are ready to go
[2026-05-21 19:08:35.613] AUTO-DISENGAGE: gear left Park (now D)
[2026-05-21 19:08:35.613] Husby was here, and we are ready to go
[2026-05-21 19:08:35.632] AUTO-DISENGAGE: gear left Park (now D)
[2026-05-21 19:08:35.632] Husby was here, and we are ready to go
[2026-05-21 19:08:35.650] AUTO-DISENGAGE: gear left Park (now D)
[2026-05-21 19:08:35.650] Husby was here, and we are ready to go
[2026-05-21 19:08:35.669] AUTO-DISENGAGE: gear left Park (now D)
[2026-05-21 19:08:35.669] Husby was here, and we are ready to go
[2026-05-21 19:08:35.672] AUTO-DISENGAGE: gear left Park (now D)
[2026-05-21 19:08:35.672] Husby was here, and we are ready to go
[2026-05-21 19:08:35.691] AUTO-DISENGAGE: gear left Park (now D)
[2026-05-21 19:08:35.691] Husby was here, and we are ready to go
[2026-05-21 19:08:35.710] AUTO-DISENGAGE: gear left Park (now D)
[2026-05-21 19:08:35.710] Husby was here, and we are ready to go
[2026-05-21 19:08:35.732] AUTO-DISENGAGE: gear left Park (now D)
[2026-05-21 19:08:35.732] Husby was here, and we are ready to go
[2026-05-21 19:08:35.750] AUTO-DISENGAGE: gear left Park (now D)
[2026-05-21 19:08:35.750] Husby was here, and we are ready to go
[2026-05-21 19:08:35.770] AUTO-DISENGAGE: gear left Park (now D)
[2026-05-21 19:08:35.770] Husby was here, and we are ready to go
[2026-05-21 19:08:35.772] AUTO-DISENGAGE: gear left Park (now D)
[2026-05-21 19:08:35.772] Husby was here, and we are ready to go
[2026-05-21 19:08:35.789] AUTO-DISENGAGE: gear left Park (now D)
[2026-05-21 19:08:35.789] Husby was here, and we are ready to go
[2026-05-21 19:08:35.809] AUTO-DISENGAGE: gear left Park (now D)
[2026-05-21 19:08:35.809] Husby was here, and we are ready to go
[2026-05-21 19:08:35.829] AUTO-DISENGAGE: gear left Park (now D)
[2026-05-21 19:08:35.829] Husby was here, and we are ready to go
[2026-05-21 19:08:35.851] AUTO-DISENGAGE: gear left Park (now D)
[2026-05-21 19:08:35.851] Husby was here, and we are ready to go
[2026-05-21 19:08:35.869] AUTO-DISENGAGE: gear left Park (now D)
[2026-05-21 19:08:35.869] Husby was here, and we are ready to go
[2026-05-21 19:08:35.872] AUTO-DISENGAGE: gear left Park (now D)
[2026-05-21 19:08:35.872] Husby was here, and we are ready to go
[2026-05-21 19:08:35.888] AUTO-DISENGAGE: gear left Park (now D)
[2026-05-21 19:08:35.888] Husby was here, and we are ready to go
[2026-05-21 19:08:35.909] AUTO-DISENGAGE: gear left Park (now D)
[2026-05-21 19:08:35.909] Husby was here, and we are ready to go
[2026-05-21 19:08:35.930] AUTO-DISENGAGE: gear left Park (now D)
[2026-05-21 19:08:35.930] Husby was here, and we are ready to go
[2026-05-21 19:08:35.949] AUTO-DISENGAGE: gear left Park (now D)
[2026-05-21 19:08:35.949] Husby was here, and we are ready to go
[2026-05-21 19:08:35.968] AUTO-DISENGAGE: gear left Park (now D)
[2026-05-21 19:08:35.968] Husby was here, and we are ready to go
[2026-05-21 19:08:35.972] AUTO-DISENGAGE: gear left Park (now D)
[2026-05-21 19:08:35.972] Husby was here, and we are ready to go
[2026-05-21 19:08:35.988] AUTO-DISENGAGE: gear left Park (now D)
[2026-05-21 19:08:35.988] Husby was here, and we are ready to go
[2026-05-21 19:08:36.008] AUTO-DISENGAGE: gear left Park (now D)
[2026-05-21 19:08:36.009] Husby was here, and we are ready to go
[2026-05-21 19:08:36.028] AUTO-DISENGAGE: gear left Park (now D)
[2026-05-21 19:08:36.028] Husby was here, and we are ready to go
[2026-05-21 19:08:36.048] AUTO-DISENGAGE: gear left Park (now D)
[2026-05-21 19:08:36.048] Husby was here, and we are ready to go
[2026-05-21 19:08:36.068] AUTO-DISENGAGE: gear left Park (now D)
[2026-05-21 19:08:36.069] Husby was here, and we are ready to go
[2026-05-21 19:08:36.072] AUTO-DISENGAGE: gear left Park (now D)
[2026-05-21 19:08:36.072] Husby was here, and we are ready to go
[2026-05-21 19:08:36.087] rc: RND switch -> N, queuing shift
[2026-05-21 19:08:36.088] AUTO-DISENGAGE: gear left Park (now D)
[2026-05-21 19:08:36.088] Husby was here, and we are ready to go
[2026-05-21 19:08:36.104] shift requested: N
[2026-05-21 19:08:36.108] AUTO-DISENGAGE: gear left Park (now D)
[2026-05-21 19:08:36.108] Husby was here, and we are ready to go
[2026-05-21 19:08:36.108] SHIFT: requesting N via 0x6D burst (30 active + 10 idle frames at 200 Hz)
[2026-05-21 19:08:36.112] AUTO-DISENGAGE: gear left Park (now D)
[2026-05-21 19:08:36.112] Husby was here, and we are ready to go
[2026-05-21 19:08:36.117] AUTO-DISENGAGE: gear left Park (now D)
[2026-05-21 19:08:36.118] Husby was here, and we are ready to go
[2026-05-21 19:08:36.122] AUTO-DISENGAGE: gear left Park (now D)
[2026-05-21 19:08:36.122] Husby was here, and we are ready to go
[2026-05-21 19:08:36.127] AUTO-DISENGAGE: gear left Park (now D)
[2026-05-21 19:08:36.127] Husby was here, and we are ready to go
[2026-05-21 19:08:36.127] AUTO-DISENGAGE: gear left Park (now D)
[2026-05-21 19:08:36.127] Husby was here, and we are ready to go
[2026-05-21 19:08:36.133] AUTO-DISENGAGE: gear left Park (now D)
[2026-05-21 19:08:36.133] Husby was here, and we are ready to go
[2026-05-21 19:08:36.138] AUTO-DISENGAGE: gear left Park (now D)
[2026-05-21 19:08:36.138] Husby was here, and we are ready to go
[2026-05-21 19:08:36.143] AUTO-DISENGAGE: gear left Park (now D)
[2026-05-21 19:08:36.143] Husby was here, and we are ready to go
[2026-05-21 19:08:36.147] AUTO-DISENGAGE: gear left Park (now D)
[2026-05-21 19:08:36.147] Husby was here, and we are ready to go
[2026-05-21 19:08:36.147] AUTO-DISENGAGE: gear left Park (now D)
[2026-05-21 19:08:36.148] Husby was here, and we are ready to go
[2026-05-21 19:08:36.153] AUTO-DISENGAGE: gear left Park (now D)
[2026-05-21 19:08:36.153] Husby was here, and we are ready to go
[2026-05-21 19:08:36.158] AUTO-DISENGAGE: gear left Park (now D)
[2026-05-21 19:08:36.158] Husby was here, and we are ready to go
[2026-05-21 19:08:36.163] AUTO-DISENGAGE: gear left Park (now D)
[2026-05-21 19:08:36.163] Husby was here, and we are ready to go
[2026-05-21 19:08:36.167] AUTO-DISENGAGE: gear left Park (now D)
[2026-05-21 19:08:36.167] Husby was here, and we are ready to go
[2026-05-21 19:08:36.167] AUTO-DISENGAGE: gear left Park (now D)
[2026-05-21 19:08:36.168] Husby was here, and we are ready to go
[2026-05-21 19:08:36.172] AUTO-DISENGAGE: gear left Park (now D)
[2026-05-21 19:08:36.172] Husby was here, and we are ready to go
[2026-05-21 19:08:36.172] AUTO-DISENGAGE: gear left Park (now D)
[2026-05-21 19:08:36.173] Husby was here, and we are ready to go
[2026-05-21 19:08:36.178] AUTO-DISENGAGE: gear left Park (now D)
[2026-05-21 19:08:36.178] Husby was here, and we are ready to go
[2026-05-21 19:08:36.183] AUTO-DISENGAGE: gear left Park (now D)
[2026-05-21 19:08:36.183] Husby was here, and we are ready to go
[2026-05-21 19:08:36.187] AUTO-DISENGAGE: gear left Park (now D)
[2026-05-21 19:08:36.187] Husby was here, and we are ready to go
[2026-05-21 19:08:36.187] AUTO-DISENGAGE: gear left Park (now D)
[2026-05-21 19:08:36.188] Husby was here, and we are ready to go
[2026-05-21 19:08:36.193] AUTO-DISENGAGE: gear left Park (now D)
[2026-05-21 19:08:36.193] Husby was here, and we are ready to go
[2026-05-21 19:08:36.198] AUTO-DISENGAGE: gear left Park (now D)
[2026-05-21 19:08:36.198] Husby was here, and we are ready to go
[2026-05-21 19:08:36.203] AUTO-DISENGAGE: gear left Park (now D)
[2026-05-21 19:08:36.203] Husby was here, and we are ready to go
[2026-05-21 19:08:36.207] AUTO-DISENGAGE: gear left Park (now D)
[2026-05-21 19:08:36.207] Husby was here, and we are ready to go
[2026-05-21 19:08:36.208] AUTO-DISENGAGE: gear left Park (now D)
[2026-05-21 19:08:36.208] Husby was here, and we are ready to go
[2026-05-21 19:08:36.213] AUTO-DISENGAGE: gear left Park (now D)
[2026-05-21 19:08:36.213] Husby was here, and we are ready to go
[2026-05-21 19:08:36.218] AUTO-DISENGAGE: gear left Park (now D)
[2026-05-21 19:08:36.218] Husby was here, and we are ready to go
[2026-05-21 19:08:36.223] AUTO-DISENGAGE: gear left Park (now D)
[2026-05-21 19:08:36.223] Husby was here, and we are ready to go
[2026-05-21 19:08:36.227] AUTO-DISENGAGE: gear left Park (now D)
[2026-05-21 19:08:36.227] Husby was here, and we are ready to go
[2026-05-21 19:08:36.227] AUTO-DISENGAGE: gear left Park (now D)
[2026-05-21 19:08:36.228] Husby was here, and we are ready to go
[2026-05-21 19:08:36.233] AUTO-DISENGAGE: gear left Park (now D)
[2026-05-21 19:08:36.233] Husby was here, and we are ready to go
[2026-05-21 19:08:36.238] AUTO-DISENGAGE: gear left Park (now D)
[2026-05-21 19:08:36.238] Husby was here, and we are ready to go
[2026-05-21 19:08:36.243] AUTO-DISENGAGE: gear left Park (now D)
[2026-05-21 19:08:36.243] Husby was here, and we are ready to go
[2026-05-21 19:08:36.247] AUTO-DISENGAGE: gear left Park (now D)
[2026-05-21 19:08:36.247] Husby was here, and we are ready to go
[2026-05-21 19:08:36.247] AUTO-DISENGAGE: gear left Park (now D)
[2026-05-21 19:08:36.248] Husby was here, and we are ready to go
[2026-05-21 19:08:36.253] AUTO-DISENGAGE: gear left Park (now D)
[2026-05-21 19:08:36.253] Husby was here, and we are ready to go
[2026-05-21 19:08:36.258] AUTO-DISENGAGE: gear left Park (now D)
[2026-05-21 19:08:36.258] Husby was here, and we are ready to go
[2026-05-21 19:08:36.263] AUTO-DISENGAGE: gear left Park (now D)
[2026-05-21 19:08:36.263] Husby was here, and we are ready to go
[2026-05-21 19:08:36.267] AUTO-DISENGAGE: gear left Park (now D)
[2026-05-21 19:08:36.267] Husby was here, and we are ready to go
[2026-05-21 19:08:36.268] AUTO-DISENGAGE: gear left Park (now D)
[2026-05-21 19:08:36.268] Husby was here, and we are ready to go
[2026-05-21 19:08:36.272] AUTO-DISENGAGE: gear left Park (now D)
[2026-05-21 19:08:36.272] Husby was here, and we are ready to go
[2026-05-21 19:08:36.272] AUTO-DISENGAGE: gear left Park (now D)
[2026-05-21 19:08:36.273] Husby was here, and we are ready to go
[2026-05-21 19:08:36.278] AUTO-DISENGAGE: gear left Park (now D)
[2026-05-21 19:08:36.278] Husby was here, and we are ready to go
[2026-05-21 19:08:36.283] AUTO-DISENGAGE: gear left Park (now D)
[2026-05-21 19:08:36.283] Husby was here, and we are ready to go
[2026-05-21 19:08:36.287] AUTO-DISENGAGE: gear left Park (now D)
[2026-05-21 19:08:36.287] Husby was here, and we are ready to go
[2026-05-21 19:08:36.288] AUTO-DISENGAGE: gear left Park (now D)
[2026-05-21 19:08:36.288] Husby was here, and we are ready to go
[2026-05-21 19:08:36.293] AUTO-DISENGAGE: gear left Park (now D)
[2026-05-21 19:08:36.293] Husby was here, and we are ready to go
[2026-05-21 19:08:36.298] AUTO-DISENGAGE: gear left Park (now D)
[2026-05-21 19:08:36.298] Husby was here, and we are ready to go
[2026-05-21 19:08:36.303] AUTO-DISENGAGE: gear left Park (now D)
[2026-05-21 19:08:36.303] Husby was here, and we are ready to go
[2026-05-21 19:08:36.307] AUTO-DISENGAGE: gear left Park (now D)
[2026-05-21 19:08:36.307] Husby was here, and we are ready to go
[2026-05-21 19:08:36.330] AUTO-DISENGAGE: gear left Park (now D)
[2026-05-21 19:08:36.330] Husby was here, and we are ready to go
[2026-05-21 19:08:36.348] AUTO-DISENGAGE: gear left Park (now D)
[2026-05-21 19:08:36.348] Husby was here, and we are ready to go
[2026-05-21 19:08:36.369] AUTO-DISENGAGE: gear left Park (now D)
[2026-05-21 19:08:36.369] Husby was here, and we are ready to go
[2026-05-21 19:08:36.372] AUTO-DISENGAGE: gear left Park (now D)
[2026-05-21 19:08:36.372] Husby was here, and we are ready to go
[2026-05-21 19:08:36.388] AUTO-DISENGAGE: gear left Park (now D)
[2026-05-21 19:08:36.388] Husby was here, and we are ready to go
[2026-05-21 19:08:36.413] gear: D -> N
[2026-05-21 19:08:36.416] AUTO-DISENGAGE: gear left Park (now N)
[2026-05-21 19:08:36.416] Husby was here, and we are ready to go
[2026-05-21 19:08:36.434] AUTO-DISENGAGE: gear left Park (now N)
[2026-05-21 19:08:36.434] Husby was here, and we are ready to go
[2026-05-21 19:08:36.454] AUTO-DISENGAGE: gear left Park (now N)
[2026-05-21 19:08:36.454] Husby was here, and we are ready to go
[2026-05-21 19:08:36.472] AUTO-DISENGAGE: gear left Park (now N)
[2026-05-21 19:08:36.472] Husby was here, and we are ready to go
[2026-05-21 19:08:36.473] AUTO-DISENGAGE: gear left Park (now N)
[2026-05-21 19:08:36.473] Husby was here, and we are ready to go
[2026-05-21 19:08:36.495] AUTO-DISENGAGE: gear left Park (now N)
[2026-05-21 19:08:36.495] Husby was here, and we are ready to go
[2026-05-21 19:08:36.515] AUTO-DISENGAGE: gear left Park (now N)
[2026-05-21 19:08:36.515] Husby was here, and we are ready to go
[2026-05-21 19:08:36.515] SHIFT post-burst gear: N (requested N)
[2026-05-21 19:08:36.531] rc: RND switch -> R, queuing shift
[2026-05-21 19:08:36.534] AUTO-DISENGAGE: gear left Park (now N)
[2026-05-21 19:08:36.534] Husby was here, and we are ready to go
[2026-05-21 19:08:36.548] shift requested: R
[2026-05-21 19:08:36.553] AUTO-DISENGAGE: gear left Park (now N)
[2026-05-21 19:08:36.553] Husby was here, and we are ready to go
[2026-05-21 19:08:36.553] SHIFT: requesting R via 0x6D burst (30 active + 10 idle frames at 200 Hz)
[2026-05-21 19:08:36.558] AUTO-DISENGAGE: gear left Park (now N)
[2026-05-21 19:08:36.558] Husby was here, and we are ready to go
[2026-05-21 19:08:36.563] AUTO-DISENGAGE: gear left Park (now N)
[2026-05-21 19:08:36.563] Husby was here, and we are ready to go
[2026-05-21 19:08:36.568] AUTO-DISENGAGE: gear left Park (now N)
[2026-05-21 19:08:36.568] Husby was here, and we are ready to go
[2026-05-21 19:08:36.572] AUTO-DISENGAGE: gear left Park (now N)
[2026-05-21 19:08:36.572] Husby was here, and we are ready to go
[2026-05-21 19:08:36.573] AUTO-DISENGAGE: gear left Park (now N)
[2026-05-21 19:08:36.573] Husby was here, and we are ready to go
[2026-05-21 19:08:36.573] AUTO-DISENGAGE: gear left Park (now N)
[2026-05-21 19:08:36.573] Husby was here, and we are ready to go
[2026-05-21 19:08:36.578] AUTO-DISENGAGE: gear left Park (now N)
[2026-05-21 19:08:36.578] Husby was here, and we are ready to go
[2026-05-21 19:08:36.583] AUTO-DISENGAGE: gear left Park (now N)
[2026-05-21 19:08:36.583] Husby was here, and we are ready to go
[2026-05-21 19:08:36.588] gear: N -> R
[2026-05-21 19:08:36.588] AUTO-DISENGAGE: gear left Park (now R)
[2026-05-21 19:08:36.588] Husby was here, and we are ready to go
[2026-05-21 19:08:36.593] AUTO-DISENGAGE: gear left Park (now R)
[2026-05-21 19:08:36.593] Husby was here, and we are ready to go
[2026-05-21 19:08:36.593] AUTO-DISENGAGE: gear left Park (now R)
[2026-05-21 19:08:36.593] Husby was here, and we are ready to go
[2026-05-21 19:08:36.599] AUTO-DISENGAGE: gear left Park (now R)
[2026-05-21 19:08:36.599] Husby was here, and we are ready to go
[2026-05-21 19:08:36.603] AUTO-DISENGAGE: gear left Park (now R)
[2026-05-21 19:08:36.603] Husby was here, and we are ready to go
[2026-05-21 19:08:36.608] AUTO-DISENGAGE: gear left Park (now R)
[2026-05-21 19:08:36.608] Husby was here, and we are ready to go
[2026-05-21 19:08:36.613] AUTO-DISENGAGE: gear left Park (now R)
[2026-05-21 19:08:36.613] Husby was here, and we are ready to go
[2026-05-21 19:08:36.613] AUTO-DISENGAGE: gear left Park (now R)
[2026-05-21 19:08:36.613] Husby was here, and we are ready to go
[2026-05-21 19:08:36.619] AUTO-DISENGAGE: gear left Park (now R)
[2026-05-21 19:08:36.619] Husby was here, and we are ready to go
[2026-05-21 19:08:36.623] AUTO-DISENGAGE: gear left Park (now R)
[2026-05-21 19:08:36.623] Husby was here, and we are ready to go
[2026-05-21 19:08:36.629] AUTO-DISENGAGE: gear left Park (now R)
[2026-05-21 19:08:36.629] Husby was here, and we are ready to go
[2026-05-21 19:08:36.633] AUTO-DISENGAGE: gear left Park (now R)
[2026-05-21 19:08:36.633] Husby was here, and we are ready to go
[2026-05-21 19:08:36.633] AUTO-DISENGAGE: gear left Park (now R)
[2026-05-21 19:08:36.633] Husby was here, and we are ready to go
[2026-05-21 19:08:36.639] AUTO-DISENGAGE: gear left Park (now R)
[2026-05-21 19:08:36.639] Husby was here, and we are ready to go
[2026-05-21 19:08:36.643] AUTO-DISENGAGE: gear left Park (now R)
[2026-05-21 19:08:36.643] Husby was here, and we are ready to go
[2026-05-21 19:08:36.649] AUTO-DISENGAGE: gear left Park (now R)
[2026-05-21 19:08:36.649] Husby was here, and we are ready to go
[2026-05-21 19:08:36.653] AUTO-DISENGAGE: gear left Park (now R)
[2026-05-21 19:08:36.653] Husby was here, and we are ready to go
[2026-05-21 19:08:36.654] AUTO-DISENGAGE: gear left Park (now R)
[2026-05-21 19:08:36.654] Husby was here, and we are ready to go
[2026-05-21 19:08:36.658] AUTO-DISENGAGE: gear left Park (now R)
[2026-05-21 19:08:36.658] Husby was here, and we are ready to go
[2026-05-21 19:08:36.664] AUTO-DISENGAGE: gear left Park (now R)
[2026-05-21 19:08:36.664] Husby was here, and we are ready to go
[2026-05-21 19:08:36.668] AUTO-DISENGAGE: gear left Park (now R)
[2026-05-21 19:08:36.668] Husby was here, and we are ready to go
[2026-05-21 19:08:36.672] AUTO-DISENGAGE: gear left Park (now R)
[2026-05-21 19:08:36.672] Husby was here, and we are ready to go
[2026-05-21 19:08:36.673] AUTO-DISENGAGE: gear left Park (now R)
[2026-05-21 19:08:36.673] Husby was here, and we are ready to go
[2026-05-21 19:08:36.673] AUTO-DISENGAGE: gear left Park (now R)
[2026-05-21 19:08:36.673] Husby was here, and we are ready to go
[2026-05-21 19:08:36.679] AUTO-DISENGAGE: gear left Park (now R)
[2026-05-21 19:08:36.679] Husby was here, and we are ready to go
[2026-05-21 19:08:36.683] AUTO-DISENGAGE: gear left Park (now R)
[2026-05-21 19:08:36.683] Husby was here, and we are ready to go
[2026-05-21 19:08:36.689] AUTO-DISENGAGE: gear left Park (now R)
[2026-05-21 19:08:36.689] Husby was here, and we are ready to go
[2026-05-21 19:08:36.693] AUTO-DISENGAGE: gear left Park (now R)
[2026-05-21 19:08:36.693] Husby was here, and we are ready to go
[2026-05-21 19:08:36.693] AUTO-DISENGAGE: gear left Park (now R)
[2026-05-21 19:08:36.693] Husby was here, and we are ready to go
[2026-05-21 19:08:36.699] AUTO-DISENGAGE: gear left Park (now R)
[2026-05-21 19:08:36.699] Husby was here, and we are ready to go
[2026-05-21 19:08:36.704] AUTO-DISENGAGE: gear left Park (now R)
[2026-05-21 19:08:36.704] Husby was here, and we are ready to go
[2026-05-21 19:08:36.708] AUTO-DISENGAGE: gear left Park (now R)
[2026-05-21 19:08:36.708] Husby was here, and we are ready to go
[2026-05-21 19:08:36.713] AUTO-DISENGAGE: gear left Park (now R)
[2026-05-21 19:08:36.713] Husby was here, and we are ready to go
[2026-05-21 19:08:36.713] AUTO-DISENGAGE: gear left Park (now R)
[2026-05-21 19:08:36.713] Husby was here, and we are ready to go
[2026-05-21 19:08:36.719] AUTO-DISENGAGE: gear left Park (now R)
[2026-05-21 19:08:36.719] Husby was here, and we are ready to go
[2026-05-21 19:08:36.723] AUTO-DISENGAGE: gear left Park (now R)
[2026-05-21 19:08:36.723] Husby was here, and we are ready to go
[2026-05-21 19:08:36.729] AUTO-DISENGAGE: gear left Park (now R)
[2026-05-21 19:08:36.729] Husby was here, and we are ready to go
[2026-05-21 19:08:36.733] AUTO-DISENGAGE: gear left Park (now R)
[2026-05-21 19:08:36.733] Husby was here, and we are ready to go
[2026-05-21 19:08:36.734] AUTO-DISENGAGE: gear left Park (now R)
[2026-05-21 19:08:36.734] Husby was here, and we are ready to go
[2026-05-21 19:08:36.738] AUTO-DISENGAGE: gear left Park (now R)
[2026-05-21 19:08:36.739] Husby was here, and we are ready to go
[2026-05-21 19:08:36.744] AUTO-DISENGAGE: gear left Park (now R)
[2026-05-21 19:08:36.744] Husby was here, and we are ready to go
[2026-05-21 19:08:36.749] AUTO-DISENGAGE: gear left Park (now R)
[2026-05-21 19:08:36.749] Husby was here, and we are ready to go
[2026-05-21 19:08:36.753] AUTO-DISENGAGE: gear left Park (now R)
[2026-05-21 19:08:36.754] Husby was here, and we are ready to go
[2026-05-21 19:08:36.772] AUTO-DISENGAGE: gear left Park (now R)
[2026-05-21 19:08:36.772] Husby was here, and we are ready to go
[2026-05-21 19:08:36.773] AUTO-DISENGAGE: gear left Park (now R)
[2026-05-21 19:08:36.773] Husby was here, and we are ready to go
[2026-05-21 19:08:36.794] AUTO-DISENGAGE: gear left Park (now R)
[2026-05-21 19:08:36.794] Husby was here, and we are ready to go
[2026-05-21 19:08:36.815] AUTO-DISENGAGE: gear left Park (now R)
[2026-05-21 19:08:36.815] Husby was here, and we are ready to go
[2026-05-21 19:08:36.834] AUTO-DISENGAGE: gear left Park (now R)
[2026-05-21 19:08:36.835] Husby was here, and we are ready to go
[2026-05-21 19:08:36.854] AUTO-DISENGAGE: gear left Park (now R)
[2026-05-21 19:08:36.855] Husby was here, and we are ready to go
[2026-05-21 19:08:36.872] AUTO-DISENGAGE: gear left Park (now R)
[2026-05-21 19:08:36.872] Husby was here, and we are ready to go
[2026-05-21 19:08:36.873] AUTO-DISENGAGE: gear left Park (now R)
[2026-05-21 19:08:36.873] Husby was here, and we are ready to go
[2026-05-21 19:08:36.894] AUTO-DISENGAGE: gear left Park (now R)
[2026-05-21 19:08:36.894] Husby was here, and we are ready to go
[2026-05-21 19:08:36.915] AUTO-DISENGAGE: gear left Park (now R)
[2026-05-21 19:08:36.915] Husby was here, and we are ready to go
[2026-05-21 19:08:36.935] AUTO-DISENGAGE: gear left Park (now R)
[2026-05-21 19:08:36.935] Husby was here, and we are ready to go
[2026-05-21 19:08:36.954] AUTO-DISENGAGE: gear left Park (now R)
[2026-05-21 19:08:36.954] Husby was here, and we are ready to go
[2026-05-21 19:08:36.954] SHIFT post-burst gear: R (requested R)
[2026-05-21 19:08:36.972] AUTO-DISENGAGE: gear left Park (now R)
[2026-05-21 19:08:36.973] Husby was here, and we are ready to go
[2026-05-21 19:08:36.973] AUTO-DISENGAGE: gear left Park (now R)
[2026-05-21 19:08:36.973] Husby was here, and we are ready to go
[2026-05-21 19:08:36.994] AUTO-DISENGAGE: gear left Park (now R)
[2026-05-21 19:08:36.995] Husby was here, and we are ready to go
[2026-05-21 19:08:37.015] AUTO-DISENGAGE: gear left Park (now R)
[2026-05-21 19:08:37.015] Husby was here, and we are ready to go
[2026-05-21 19:08:37.035] AUTO-DISENGAGE: gear left Park (now R)
[2026-05-21 19:08:37.035] Husby was here, and we are ready to go
[2026-05-21 19:08:37.055] AUTO-DISENGAGE: gear left Park (now R)
[2026-05-21 19:08:37.055] Husby was here, and we are ready to go
[2026-05-21 19:08:37.072] AUTO-DISENGAGE: gear left Park (now R)
[2026-05-21 19:08:37.073] Husby was here, and we are ready to go
[2026-05-21 19:08:37.073] AUTO-DISENGAGE: gear left Park (now R)
[2026-05-21 19:08:37.074] Husby was here, and we are ready to go
[2026-05-21 19:08:37.099] AUTO-DISENGAGE: gear left Park (now R)
[2026-05-21 19:08:37.100] Husby was here, and we are ready to go
[2026-05-21 19:08:37.116] AUTO-DISENGAGE: gear left Park (now R)
[2026-05-21 19:08:37.117] Husby was here, and we are ready to go
[2026-05-21 19:08:37.136] AUTO-DISENGAGE: gear left Park (now R)
[2026-05-21 19:08:37.137] Husby was here, and we are ready to go
[2026-05-21 19:08:37.155] AUTO-DISENGAGE: gear left Park (now R)
[2026-05-21 19:08:37.155] Husby was here, and we are ready to go
[2026-05-21 19:08:37.174] AUTO-DISENGAGE: gear left Park (now R)
[2026-05-21 19:08:37.175] Husby was here, and we are ready to go
[2026-05-21 19:08:37.175] AUTO-DISENGAGE: gear left Park (now R)
[2026-05-21 19:08:37.175] Husby was here, and we are ready to go
[2026-05-21 19:08:37.200] AUTO-DISENGAGE: gear left Park (now R)
[2026-05-21 19:08:37.200] Husby was here, and we are ready to go
[2026-05-21 19:08:37.220] AUTO-DISENGAGE: gear left Park (now R)
[2026-05-21 19:08:37.221] Husby was here, and we are ready to go
[2026-05-21 19:08:37.239] AUTO-DISENGAGE: gear left Park (now R)
[2026-05-21 19:08:37.239] Husby was here, and we are ready to go
[2026-05-21 19:08:37.257] AUTO-DISENGAGE: gear left Park (now R)
[2026-05-21 19:08:37.258] Husby was here, and we are ready to go
[2026-05-21 19:08:37.272] AUTO-DISENGAGE: gear left Park (now R)
[2026-05-21 19:08:37.273] Husby was here, and we are ready to go
[2026-05-21 19:08:37.276] AUTO-DISENGAGE: gear left Park (now R)
[2026-05-21 19:08:37.276] Husby was here, and we are ready to go
[2026-05-21 19:08:37.298] AUTO-DISENGAGE: gear left Park (now R)
[2026-05-21 19:08:37.298] Husby was here, and we are ready to go
[2026-05-21 19:08:37.318] AUTO-DISENGAGE: gear left Park (now R)
[2026-05-21 19:08:37.318] Husby was here, and we are ready to go
[2026-05-21 19:08:37.336] AUTO-DISENGAGE: gear left Park (now R)
[2026-05-21 19:08:37.336] Husby was here, and we are ready to go
[2026-05-21 19:08:37.356] AUTO-DISENGAGE: gear left Park (now R)
[2026-05-21 19:08:37.356] Husby was here, and we are ready to go
[2026-05-21 19:08:37.372] AUTO-DISENGAGE: gear left Park (now R)
[2026-05-21 19:08:37.372] Husby was here, and we are ready to go
[2026-05-21 19:08:37.375] AUTO-DISENGAGE: gear left Park (now R)
[2026-05-21 19:08:37.375] Husby was here, and we are ready to go
[2026-05-21 19:08:37.396] AUTO-DISENGAGE: gear left Park (now R)
[2026-05-21 19:08:37.396] Husby was here, and we are ready to go
[2026-05-21 19:08:37.417] AUTO-DISENGAGE: gear left Park (now R)
[2026-05-21 19:08:37.417] Husby was here, and we are ready to go
[2026-05-21 19:08:37.439] AUTO-DISENGAGE: gear left Park (now R)
[2026-05-21 19:08:37.440] Husby was here, and we are ready to go
[2026-05-21 19:08:37.459] AUTO-DISENGAGE: gear left Park (now R)
[2026-05-21 19:08:37.459] Husby was here, and we are ready to go
[2026-05-21 19:08:37.473] AUTO-DISENGAGE: gear left Park (now R)
[2026-05-21 19:08:37.473] Husby was here, and we are ready to go
[2026-05-21 19:08:37.476] AUTO-DISENGAGE: gear left Park (now R)
[2026-05-21 19:08:37.477] Husby was here, and we are ready to go
[2026-05-21 19:08:37.499] AUTO-DISENGAGE: gear left Park (now R)
[2026-05-21 19:08:37.499] Husby was here, and we are ready to go
[2026-05-21 19:08:37.520] AUTO-DISENGAGE: gear left Park (now R)
[2026-05-21 19:08:37.520] Husby was here, and we are ready to go
[2026-05-21 19:08:37.539] AUTO-DISENGAGE: gear left Park (now R)
[2026-05-21 19:08:37.539] Husby was here, and we are ready to go
[2026-05-21 19:08:37.558] AUTO-DISENGAGE: gear left Park (now R)
[2026-05-21 19:08:37.558] Husby was here, and we are ready to go
[2026-05-21 19:08:37.576] AUTO-DISENGAGE: gear left Park (now R)
[2026-05-21 19:08:37.576] Husby was here, and we are ready to go
[2026-05-21 19:08:37.577] AUTO-DISENGAGE: gear left Park (now R)
[2026-05-21 19:08:37.577] Husby was here, and we are ready to go
[2026-05-21 19:08:37.600] AUTO-DISENGAGE: gear left Park (now R)
[2026-05-21 19:08:37.600] Husby was here, and we are ready to go
[2026-05-21 19:08:37.621] AUTO-DISENGAGE: gear left Park (now R)
[2026-05-21 19:08:37.621] Husby was here, and we are ready to go
[2026-05-21 19:08:37.638] AUTO-DISENGAGE: gear left Park (now R)
[2026-05-21 19:08:37.638] Husby was here, and we are ready to go
[2026-05-21 19:08:37.659] AUTO-DISENGAGE: gear left Park (now R)
[2026-05-21 19:08:37.659] Husby was here, and we are ready to go
[2026-05-21 19:08:37.673] AUTO-DISENGAGE: gear left Park (now R)
[2026-05-21 19:08:37.673] Husby was here, and we are ready to go
[2026-05-21 19:08:37.677] AUTO-DISENGAGE: gear left Park (now R)
[2026-05-21 19:08:37.678] Husby was here, and we are ready to go
[2026-05-21 19:08:37.699] AUTO-DISENGAGE: gear left Park (now R)
[2026-05-21 19:08:37.699] Husby was here, and we are ready to go
[2026-05-21 19:08:37.718] AUTO-DISENGAGE: gear left Park (now R)
[2026-05-21 19:08:37.718] Husby was here, and we are ready to go
[2026-05-21 19:08:37.740] AUTO-DISENGAGE: gear left Park (now R)
[2026-05-21 19:08:37.740] Husby was here, and we are ready to go
[2026-05-21 19:08:37.759] AUTO-DISENGAGE: gear left Park (now R)
[2026-05-21 19:08:37.760] Husby was here, and we are ready to go
[2026-05-21 19:08:37.773] AUTO-DISENGAGE: gear left Park (now R)
[2026-05-21 19:08:37.774] Husby was here, and we are ready to go
[2026-05-21 19:08:37.778] AUTO-DISENGAGE: gear left Park (now R)
[2026-05-21 19:08:37.779] Husby was here, and we are ready to go
[2026-05-21 19:08:37.802] AUTO-DISENGAGE: gear left Park (now R)
[2026-05-21 19:08:37.803] Husby was here, and we are ready to go
[2026-05-21 19:08:37.821] AUTO-DISENGAGE: gear left Park (now R)
[2026-05-21 19:08:37.821] Husby was here, and we are ready to go
[2026-05-21 19:08:37.840] AUTO-DISENGAGE: gear left Park (now R)
[2026-05-21 19:08:37.840] Husby was here, and we are ready to go
[2026-05-21 19:08:37.861] AUTO-DISENGAGE: gear left Park (now R)
[2026-05-21 19:08:37.861] Husby was here, and we are ready to go
[2026-05-21 19:08:37.872] AUTO-DISENGAGE: gear left Park (now R)
[2026-05-21 19:08:37.873] Husby was here, and we are ready to go
[2026-05-21 19:08:37.878] AUTO-DISENGAGE: gear left Park (now R)
[2026-05-21 19:08:37.878] Husby was here, and we are ready to go
[2026-05-21 19:08:37.899] AUTO-DISENGAGE: gear left Park (now R)
[2026-05-21 19:08:37.899] Husby was here, and we are ready to go
[2026-05-21 19:08:37.919] AUTO-DISENGAGE: gear left Park (now R)
[2026-05-21 19:08:37.919] Husby was here, and we are ready to go
[2026-05-21 19:08:37.940] AUTO-DISENGAGE: gear left Park (now R)
[2026-05-21 19:08:37.940] Husby was here, and we are ready to go
[2026-05-21 19:08:37.958] AUTO-DISENGAGE: gear left Park (now R)
[2026-05-21 19:08:37.959] Husby was here, and we are ready to go
[2026-05-21 19:08:37.975] AUTO-DISENGAGE: gear left Park (now R)
[2026-05-21 19:08:37.976] Husby was here, and we are ready to go
[2026-05-21 19:08:37.977] AUTO-DISENGAGE: gear left Park (now R)
[2026-05-21 19:08:37.977] Husby was here, and we are ready to go
[2026-05-21 19:08:38.001] AUTO-DISENGAGE: gear left Park (now R)
[2026-05-21 19:08:38.001] Husby was here, and we are ready to go
[2026-05-21 19:08:38.019] AUTO-DISENGAGE: gear left Park (now R)
[2026-05-21 19:08:38.019] Husby was here, and we are ready to go
[2026-05-21 19:08:38.039] AUTO-DISENGAGE: gear left Park (now R)
[2026-05-21 19:08:38.039] Husby was here, and we are ready to go
[2026-05-21 19:08:38.060] AUTO-DISENGAGE: gear left Park (now R)
[2026-05-21 19:08:38.060] Husby was here, and we are ready to go
[2026-05-21 19:08:38.073] AUTO-DISENGAGE: gear left Park (now R)
[2026-05-21 19:08:38.073] Husby was here, and we are ready to go
[2026-05-21 19:08:38.078] AUTO-DISENGAGE: gear left Park (now R)
[2026-05-21 19:08:38.078] Husby was here, and we are ready to go
[2026-05-21 19:08:38.102] AUTO-DISENGAGE: gear left Park (now R)
[2026-05-21 19:08:38.103] Husby was here, and we are ready to go
[2026-05-21 19:08:38.121] AUTO-DISENGAGE: gear left Park (now R)
[2026-05-21 19:08:38.121] Husby was here, and we are ready to go
[2026-05-21 19:08:38.140] AUTO-DISENGAGE: gear left Park (now R)
[2026-05-21 19:08:38.140] Husby was here, and we are ready to go
[2026-05-21 19:08:38.159] AUTO-DISENGAGE: gear left Park (now R)
[2026-05-21 19:08:38.160] Husby was here, and we are ready to go
[2026-05-21 19:08:38.172] AUTO-DISENGAGE: gear left Park (now R)
[2026-05-21 19:08:38.172] Husby was here, and we are ready to go
[2026-05-21 19:08:38.178] AUTO-DISENGAGE: gear left Park (now R)
[2026-05-21 19:08:38.178] Husby was here, and we are ready to go
[2026-05-21 19:08:38.199] AUTO-DISENGAGE: gear left Park (now R)
[2026-05-21 19:08:38.199] Husby was here, and we are ready to go
[2026-05-21 19:08:38.218] AUTO-DISENGAGE: gear left Park (now R)
[2026-05-21 19:08:38.218] Husby was here, and we are ready to go
[2026-05-21 19:08:38.238] AUTO-DISENGAGE: gear left Park (now R)
[2026-05-21 19:08:38.238] Husby was here, and we are ready to go
[2026-05-21 19:08:38.257] AUTO-DISENGAGE: gear left Park (now R)
[2026-05-21 19:08:38.258] Husby was here, and we are ready to go
[2026-05-21 19:08:38.272] AUTO-DISENGAGE: gear left Park (now R)
[2026-05-21 19:08:38.272] Husby was here, and we are ready to go
[2026-05-21 19:08:38.277] AUTO-DISENGAGE: gear left Park (now R)
[2026-05-21 19:08:38.277] Husby was here, and we are ready to go
[2026-05-21 19:08:38.298] AUTO-DISENGAGE: gear left Park (now R)
[2026-05-21 19:08:38.299] Husby was here, and we are ready to go
[2026-05-21 19:08:38.318] AUTO-DISENGAGE: gear left Park (now R)
[2026-05-21 19:08:38.318] Husby was here, and we are ready to go
[2026-05-21 19:08:38.340] AUTO-DISENGAGE: gear left Park (now R)
[2026-05-21 19:08:38.340] Husby was here, and we are ready to go
[2026-05-21 19:08:38.359] AUTO-DISENGAGE: gear left Park (now R)
[2026-05-21 19:08:38.360] Husby was here, and we are ready to go
[2026-05-21 19:08:38.375] AUTO-DISENGAGE: gear left Park (now R)
[2026-05-21 19:08:38.376] Husby was here, and we are ready to go
[2026-05-21 19:08:38.377] AUTO-DISENGAGE: gear left Park (now R)
[2026-05-21 19:08:38.378] Husby was here, and we are ready to go
[2026-05-21 19:08:38.402] AUTO-DISENGAGE: gear left Park (now R)
[2026-05-21 19:08:38.402] Husby was here, and we are ready to go
[2026-05-21 19:08:38.420] AUTO-DISENGAGE: gear left Park (now R)
[2026-05-21 19:08:38.421] Husby was here, and we are ready to go
[2026-05-21 19:08:38.439] AUTO-DISENGAGE: gear left Park (now R)
[2026-05-21 19:08:38.439] Husby was here, and we are ready to go
[2026-05-21 19:08:38.458] AUTO-DISENGAGE: gear left Park (now R)
[2026-05-21 19:08:38.459] Husby was here, and we are ready to go
[2026-05-21 19:08:38.472] AUTO-DISENGAGE: gear left Park (now R)
[2026-05-21 19:08:38.472] Husby was here, and we are ready to go
[2026-05-21 19:08:38.477] AUTO-DISENGAGE: gear left Park (now R)
[2026-05-21 19:08:38.478] Husby was here, and we are ready to go
[2026-05-21 19:08:38.499] AUTO-DISENGAGE: gear left Park (now R)
[2026-05-21 19:08:38.499] Husby was here, and we are ready to go
[2026-05-21 19:08:38.519] AUTO-DISENGAGE: gear left Park (now R)
[2026-05-21 19:08:38.519] Husby was here, and we are ready to go
[2026-05-21 19:08:38.540] AUTO-DISENGAGE: gear left Park (now R)
[2026-05-21 19:08:38.540] Husby was here, and we are ready to go
[2026-05-21 19:08:38.559] AUTO-DISENGAGE: gear left Park (now R)
[2026-05-21 19:08:38.560] Husby was here, and we are ready to go
[2026-05-21 19:08:38.572] AUTO-DISENGAGE: gear left Park (now R)
[2026-05-21 19:08:38.573] Husby was here, and we are ready to go
[2026-05-21 19:08:38.579] AUTO-DISENGAGE: gear left Park (now R)
[2026-05-21 19:08:38.579] Husby was here, and we are ready to go
[2026-05-21 19:08:38.600] AUTO-DISENGAGE: gear left Park (now R)
[2026-05-21 19:08:38.600] Husby was here, and we are ready to go
[2026-05-21 19:08:38.621] AUTO-DISENGAGE: gear left Park (now R)
[2026-05-21 19:08:38.621] Husby was here, and we are ready to go
[2026-05-21 19:08:38.640] AUTO-DISENGAGE: gear left Park (now R)
[2026-05-21 19:08:38.640] Husby was here, and we are ready to go
[2026-05-21 19:08:38.660] AUTO-DISENGAGE: gear left Park (now R)
[2026-05-21 19:08:38.660] Husby was here, and we are ready to go
[2026-05-21 19:08:38.674] AUTO-DISENGAGE: gear left Park (now R)
[2026-05-21 19:08:38.674] Husby was here, and we are ready to go
[2026-05-21 19:08:38.679] AUTO-DISENGAGE: gear left Park (now R)
[2026-05-21 19:08:38.679] Husby was here, and we are ready to go
[2026-05-21 19:08:38.700] AUTO-DISENGAGE: gear left Park (now R)
[2026-05-21 19:08:38.700] Husby was here, and we are ready to go
[2026-05-21 19:08:38.719] AUTO-DISENGAGE: gear left Park (now R)
[2026-05-21 19:08:38.720] Husby was here, and we are ready to go
[2026-05-21 19:08:38.739] AUTO-DISENGAGE: gear left Park (now R)
[2026-05-21 19:08:38.739] Husby was here, and we are ready to go
[2026-05-21 19:08:38.758] AUTO-DISENGAGE: gear left Park (now R)
[2026-05-21 19:08:38.758] Husby was here, and we are ready to go
[2026-05-21 19:08:38.773] AUTO-DISENGAGE: gear left Park (now R)
[2026-05-21 19:08:38.773] Husby was here, and we are ready to go
[2026-05-21 19:08:38.778] AUTO-DISENGAGE: gear left Park (now R)
[2026-05-21 19:08:38.778] Husby was here, and we are ready to go
[2026-05-21 19:08:38.799] AUTO-DISENGAGE: gear left Park (now R)
[2026-05-21 19:08:38.799] Husby was here, and we are ready to go
[2026-05-21 19:08:38.820] AUTO-DISENGAGE: gear left Park (now R)
[2026-05-21 19:08:38.820] Husby was here, and we are ready to go
[2026-05-21 19:08:38.839] AUTO-DISENGAGE: gear left Park (now R)
[2026-05-21 19:08:38.839] Husby was here, and we are ready to go
[2026-05-21 19:08:38.859] AUTO-DISENGAGE: gear left Park (now R)
[2026-05-21 19:08:38.859] Husby was here, and we are ready to go
[2026-05-21 19:08:38.872] AUTO-DISENGAGE: gear left Park (now R)
[2026-05-21 19:08:38.873] Husby was here, and we are ready to go
[2026-05-21 19:08:38.878] AUTO-DISENGAGE: gear left Park (now R)
[2026-05-21 19:08:38.878] Husby was here, and we are ready to go
[2026-05-21 19:08:38.899] AUTO-DISENGAGE: gear left Park (now R)
[2026-05-21 19:08:38.899] Husby was here, and we are ready to go
[2026-05-21 19:08:38.920] AUTO-DISENGAGE: gear left Park (now R)
[2026-05-21 19:08:38.920] Husby was here, and we are ready to go
[2026-05-21 19:08:38.940] AUTO-DISENGAGE: gear left Park (now R)
[2026-05-21 19:08:38.940] Husby was here, and we are ready to go
[2026-05-21 19:08:38.960] AUTO-DISENGAGE: gear left Park (now R)
[2026-05-21 19:08:38.960] Husby was here, and we are ready to go
[2026-05-21 19:08:38.975] AUTO-DISENGAGE: gear left Park (now R)
[2026-05-21 19:08:38.976] Husby was here, and we are ready to go
[2026-05-21 19:08:38.977] AUTO-DISENGAGE: gear left Park (now R)
[2026-05-21 19:08:38.977] Husby was here, and we are ready to go
[2026-05-21 19:08:39.000] AUTO-DISENGAGE: gear left Park (now R)
[2026-05-21 19:08:39.001] Husby was here, and we are ready to go
[2026-05-21 19:08:39.021] AUTO-DISENGAGE: gear left Park (now R)
[2026-05-21 19:08:39.022] Husby was here, and we are ready to go
[2026-05-21 19:08:39.040] AUTO-DISENGAGE: gear left Park (now R)
[2026-05-21 19:08:39.040] Husby was here, and we are ready to go
[2026-05-21 19:08:39.060] AUTO-DISENGAGE: gear left Park (now R)
[2026-05-21 19:08:39.060] Husby was here, and we are ready to go
[2026-05-21 19:08:39.073] AUTO-DISENGAGE: gear left Park (now R)
[2026-05-21 19:08:39.073] Husby was here, and we are ready to go
[2026-05-21 19:08:39.079] AUTO-DISENGAGE: gear left Park (now R)
[2026-05-21 19:08:39.079] Husby was here, and we are ready to go
[2026-05-21 19:08:39.102] AUTO-DISENGAGE: gear left Park (now R)
[2026-05-21 19:08:39.102] Husby was here, and we are ready to go
[2026-05-21 19:08:39.120] AUTO-DISENGAGE: gear left Park (now R)
[2026-05-21 19:08:39.120] Husby was here, and we are ready to go
[2026-05-21 19:08:39.140] AUTO-DISENGAGE: gear left Park (now R)
[2026-05-21 19:08:39.140] Husby was here, and we are ready to go
[2026-05-21 19:08:39.160] AUTO-DISENGAGE: gear left Park (now R)
[2026-05-21 19:08:39.160] Husby was here, and we are ready to go
[2026-05-21 19:08:39.173] AUTO-DISENGAGE: gear left Park (now R)
[2026-05-21 19:08:39.173] Husby was here, and we are ready to go
[2026-05-21 19:08:39.179] AUTO-DISENGAGE: gear left Park (now R)
[2026-05-21 19:08:39.179] Husby was here, and we are ready to go
[2026-05-21 19:08:39.201] AUTO-DISENGAGE: gear left Park (now R)
[2026-05-21 19:08:39.201] Husby was here, and we are ready to go
[2026-05-21 19:08:39.222] AUTO-DISENGAGE: gear left Park (now R)
[2026-05-21 19:08:39.222] Husby was here, and we are ready to go
[2026-05-21 19:08:39.240] AUTO-DISENGAGE: gear left Park (now R)
[2026-05-21 19:08:39.240] Husby was here, and we are ready to go
[2026-05-21 19:08:39.258] AUTO-DISENGAGE: gear left Park (now R)
[2026-05-21 19:08:39.258] Husby was here, and we are ready to go
[2026-05-21 19:08:39.272] AUTO-DISENGAGE: gear left Park (now R)
[2026-05-21 19:08:39.273] Husby was here, and we are ready to go
[2026-05-21 19:08:39.278] AUTO-DISENGAGE: gear left Park (now R)
[2026-05-21 19:08:39.278] Husby was here, and we are ready to go
[2026-05-21 19:08:39.300] AUTO-DISENGAGE: gear left Park (now R)
[2026-05-21 19:08:39.300] Husby was here, and we are ready to go
[2026-05-21 19:08:39.319] AUTO-DISENGAGE: gear left Park (now R)
[2026-05-21 19:08:39.320] Husby was here, and we are ready to go
[2026-05-21 19:08:39.339] AUTO-DISENGAGE: gear left Park (now R)
[2026-05-21 19:08:39.339] Husby was here, and we are ready to go
[2026-05-21 19:08:39.359] AUTO-DISENGAGE: gear left Park (now R)
[2026-05-21 19:08:39.359] Husby was here, and we are ready to go
[2026-05-21 19:08:39.372] AUTO-DISENGAGE: gear left Park (now R)
[2026-05-21 19:08:39.372] Husby was here, and we are ready to go
[2026-05-21 19:08:39.378] AUTO-DISENGAGE: gear left Park (now R)
[2026-05-21 19:08:39.378] Husby was here, and we are ready to go
[2026-05-21 19:08:39.399] AUTO-DISENGAGE: gear left Park (now R)
[2026-05-21 19:08:39.399] Husby was here, and we are ready to go
[2026-05-21 19:08:39.419] AUTO-DISENGAGE: gear left Park (now R)
[2026-05-21 19:08:39.419] Husby was here, and we are ready to go
[2026-05-21 19:08:39.440] AUTO-DISENGAGE: gear left Park (now R)
[2026-05-21 19:08:39.440] Husby was here, and we are ready to go
[2026-05-21 19:08:39.459] AUTO-DISENGAGE: gear left Park (now R)
[2026-05-21 19:08:39.460] Husby was here, and we are ready to go
[2026-05-21 19:08:39.473] AUTO-DISENGAGE: gear left Park (now R)
[2026-05-21 19:08:39.474] Husby was here, and we are ready to go
[2026-05-21 19:08:39.478] AUTO-DISENGAGE: gear left Park (now R)
[2026-05-21 19:08:39.478] Husby was here, and we are ready to go
[2026-05-21 19:08:39.499] AUTO-DISENGAGE: gear left Park (now R)
[2026-05-21 19:08:39.499] Husby was here, and we are ready to go
[2026-05-21 19:08:39.521] AUTO-DISENGAGE: gear left Park (now R)
[2026-05-21 19:08:39.521] Husby was here, and we are ready to go
[2026-05-21 19:08:39.539] AUTO-DISENGAGE: gear left Park (now R)
[2026-05-21 19:08:39.539] Husby was here, and we are ready to go
[2026-05-21 19:08:39.559] AUTO-DISENGAGE: gear left Park (now R)
[2026-05-21 19:08:39.559] Husby was here, and we are ready to go
[2026-05-21 19:08:39.572] AUTO-DISENGAGE: gear left Park (now R)
[2026-05-21 19:08:39.572] Husby was here, and we are ready to go
[2026-05-21 19:08:39.578] AUTO-DISENGAGE: gear left Park (now R)
[2026-05-21 19:08:39.578] Husby was here, and we are ready to go
[2026-05-21 19:08:39.599] AUTO-DISENGAGE: gear left Park (now R)
[2026-05-21 19:08:39.599] Husby was here, and we are ready to go
[2026-05-21 19:08:39.619] AUTO-DISENGAGE: gear left Park (now R)
[2026-05-21 19:08:39.619] Husby was here, and we are ready to go
[2026-05-21 19:08:39.638] AUTO-DISENGAGE: gear left Park (now R)
[2026-05-21 19:08:39.638] Husby was here, and we are ready to go
[2026-05-21 19:08:39.659] AUTO-DISENGAGE: gear left Park (now R)
[2026-05-21 19:08:39.659] Husby was here, and we are ready to go
[2026-05-21 19:08:39.672] AUTO-DISENGAGE: gear left Park (now R)
[2026-05-21 19:08:39.672] Husby was here, and we are ready to go
[2026-05-21 19:08:39.677] AUTO-DISENGAGE: gear left Park (now R)
[2026-05-21 19:08:39.678] Husby was here, and we are ready to go
[2026-05-21 19:08:39.699] AUTO-DISENGAGE: gear left Park (now R)
[2026-05-21 19:08:39.699] Husby was here, and we are ready to go
[2026-05-21 19:08:39.722] AUTO-DISENGAGE: gear left Park (now R)
[2026-05-21 19:08:39.723] Husby was here, and we are ready to go
[2026-05-21 19:08:39.741] AUTO-DISENGAGE: gear left Park (now R)
[2026-05-21 19:08:39.741] Husby was here, and we are ready to go
[2026-05-21 19:08:39.759] AUTO-DISENGAGE: gear left Park (now R)
[2026-05-21 19:08:39.760] Husby was here, and we are ready to go
[2026-05-21 19:08:39.773] AUTO-DISENGAGE: gear left Park (now R)
[2026-05-21 19:08:39.773] Husby was here, and we are ready to go
[2026-05-21 19:08:39.778] AUTO-DISENGAGE: gear left Park (now R)
[2026-05-21 19:08:39.779] Husby was here, and we are ready to go
[2026-05-21 19:08:39.799] AUTO-DISENGAGE: gear left Park (now R)
[2026-05-21 19:08:39.799] Husby was here, and we are ready to go
[2026-05-21 19:08:39.820] AUTO-DISENGAGE: gear left Park (now R)
[2026-05-21 19:08:39.820] Husby was here, and we are ready to go
[2026-05-21 19:08:39.839] AUTO-DISENGAGE: gear left Park (now R)
[2026-05-21 19:08:39.839] Husby was here, and we are ready to go
[2026-05-21 19:08:39.858] AUTO-DISENGAGE: gear left Park (now R)
[2026-05-21 19:08:39.858] Husby was here, and we are ready to go
[2026-05-21 19:08:39.872] AUTO-DISENGAGE: gear left Park (now R)
[2026-05-21 19:08:39.872] Husby was here, and we are ready to go
[2026-05-21 19:08:39.877] AUTO-DISENGAGE: gear left Park (now R)
[2026-05-21 19:08:39.877] Husby was here, and we are ready to go
[2026-05-21 19:08:39.900] AUTO-DISENGAGE: gear left Park (now R)
[2026-05-21 19:08:39.900] Husby was here, and we are ready to go
[2026-05-21 19:08:39.922] AUTO-DISENGAGE: gear left Park (now R)
[2026-05-21 19:08:39.922] Husby was here, and we are ready to go
[2026-05-21 19:08:39.939] AUTO-DISENGAGE: gear left Park (now R)
[2026-05-21 19:08:39.940] Husby was here, and we are ready to go
[2026-05-21 19:08:39.962] AUTO-DISENGAGE: gear left Park (now R)
[2026-05-21 19:08:39.962] Husby was here, and we are ready to go
[2026-05-21 19:08:39.973] AUTO-DISENGAGE: gear left Park (now R)
[2026-05-21 19:08:39.974] Husby was here, and we are ready to go
[2026-05-21 19:08:39.978] AUTO-DISENGAGE: gear left Park (now R)
[2026-05-21 19:08:39.978] Husby was here, and we are ready to go
[2026-05-21 19:08:40.000] AUTO-DISENGAGE: gear left Park (now R)
[2026-05-21 19:08:40.001] Husby was here, and we are ready to go
[2026-05-21 19:08:40.021] AUTO-DISENGAGE: gear left Park (now R)
[2026-05-21 19:08:40.021] Husby was here, and we are ready to go
[2026-05-21 19:08:40.039] AUTO-DISENGAGE: gear left Park (now R)
[2026-05-21 19:08:40.039] Husby was here, and we are ready to go
[2026-05-21 19:08:40.060] AUTO-DISENGAGE: gear left Park (now R)
[2026-05-21 19:08:40.060] Husby was here, and we are ready to go
[2026-05-21 19:08:40.073] AUTO-DISENGAGE: gear left Park (now R)
[2026-05-21 19:08:40.073] Husby was here, and we are ready to go
[2026-05-21 19:08:40.078] AUTO-DISENGAGE: gear left Park (now R)
[2026-05-21 19:08:40.079] Husby was here, and we are ready to go
[2026-05-21 19:08:40.100] AUTO-DISENGAGE: gear left Park (now R)
[2026-05-21 19:08:40.100] Husby was here, and we are ready to go
[2026-05-21 19:08:40.121] AUTO-DISENGAGE: gear left Park (now R)
[2026-05-21 19:08:40.121] Husby was here, and we are ready to go
[2026-05-21 19:08:40.140] AUTO-DISENGAGE: gear left Park (now R)
[2026-05-21 19:08:40.140] Husby was here, and we are ready to go
[2026-05-21 19:08:40.159] AUTO-DISENGAGE: gear left Park (now R)
[2026-05-21 19:08:40.159] Husby was here, and we are ready to go
[2026-05-21 19:08:40.173] AUTO-DISENGAGE: gear left Park (now R)
[2026-05-21 19:08:40.173] Husby was here, and we are ready to go
[2026-05-21 19:08:40.178] AUTO-DISENGAGE: gear left Park (now R)
[2026-05-21 19:08:40.178] Husby was here, and we are ready to go
[2026-05-21 19:08:40.200] AUTO-DISENGAGE: gear left Park (now R)
[2026-05-21 19:08:40.200] Husby was here, and we are ready to go
[2026-05-21 19:08:40.219] AUTO-DISENGAGE: gear left Park (now R)
[2026-05-21 19:08:40.219] Husby was here, and we are ready to go
[2026-05-21 19:08:40.239] AUTO-DISENGAGE: gear left Park (now R)
[2026-05-21 19:08:40.239] Husby was here, and we are ready to go
[2026-05-21 19:08:40.259] AUTO-DISENGAGE: gear left Park (now R)
[2026-05-21 19:08:40.259] Husby was here, and we are ready to go
[2026-05-21 19:08:40.272] AUTO-DISENGAGE: gear left Park (now R)
[2026-05-21 19:08:40.272] Husby was here, and we are ready to go
[2026-05-21 19:08:40.278] AUTO-DISENGAGE: gear left Park (now R)
[2026-05-21 19:08:40.278] Husby was here, and we are ready to go
[2026-05-21 19:08:40.299] AUTO-DISENGAGE: gear left Park (now R)
[2026-05-21 19:08:40.299] Husby was here, and we are ready to go
[2026-05-21 19:08:40.320] AUTO-DISENGAGE: gear left Park (now R)
[2026-05-21 19:08:40.320] Husby was here, and we are ready to go
[2026-05-21 19:08:40.340] AUTO-DISENGAGE: gear left Park (now R)
[2026-05-21 19:08:40.340] Husby was here, and we are ready to go
[2026-05-21 19:08:40.360] AUTO-DISENGAGE: gear left Park (now R)
[2026-05-21 19:08:40.360] Husby was here, and we are ready to go
[2026-05-21 19:08:40.373] AUTO-DISENGAGE: gear left Park (now R)
[2026-05-21 19:08:40.373] Husby was here, and we are ready to go
[2026-05-21 19:08:40.378] AUTO-DISENGAGE: gear left Park (now R)
[2026-05-21 19:08:40.378] Husby was here, and we are ready to go
[2026-05-21 19:08:40.401] AUTO-DISENGAGE: gear left Park (now R)
[2026-05-21 19:08:40.401] Husby was here, and we are ready to go
[2026-05-21 19:08:40.418] AUTO-DISENGAGE: gear left Park (now R)
[2026-05-21 19:08:40.419] Husby was here, and we are ready to go
[2026-05-21 19:08:40.442] AUTO-DISENGAGE: gear left Park (now R)
[2026-05-21 19:08:40.442] Husby was here, and we are ready to go
[2026-05-21 19:08:40.459] AUTO-DISENGAGE: gear left Park (now R)
[2026-05-21 19:08:40.460] Husby was here, and we are ready to go
[2026-05-21 19:08:40.472] AUTO-DISENGAGE: gear left Park (now R)
[2026-05-21 19:08:40.473] Husby was here, and we are ready to go
[2026-05-21 19:08:40.479] AUTO-DISENGAGE: gear left Park (now R)
[2026-05-21 19:08:40.479] Husby was here, and we are ready to go
[2026-05-21 19:08:40.502] AUTO-DISENGAGE: gear left Park (now R)
[2026-05-21 19:08:40.502] Husby was here, and we are ready to go
[2026-05-21 19:08:40.511] rc: P button pressed
[2026-05-21 19:08:40.520] AUTO-DISENGAGE: gear left Park (now R)
[2026-05-21 19:08:40.520] Husby was here, and we are ready to go
[2026-05-21 19:08:40.532] shift requested: P
[2026-05-21 19:08:40.539] AUTO-DISENGAGE: gear left Park (now R)
[2026-05-21 19:08:40.539] Husby was here, and we are ready to go
[2026-05-21 19:08:40.539] SHIFT: requesting P via 0x6D burst (30 active + 10 idle frames at 200 Hz)
[2026-05-21 19:08:40.542] AUTO-DISENGAGE: gear left Park (now R)
[2026-05-21 19:08:40.543] Husby was here, and we are ready to go
[2026-05-21 19:08:40.548] AUTO-DISENGAGE: gear left Park (now R)
[2026-05-21 19:08:40.548] Husby was here, and we are ready to go
[2026-05-21 19:08:40.552] AUTO-DISENGAGE: gear left Park (now R)
[2026-05-21 19:08:40.553] Husby was here, and we are ready to go
[2026-05-21 19:08:40.558] AUTO-DISENGAGE: gear left Park (now R)
[2026-05-21 19:08:40.558] Husby was here, and we are ready to go
[2026-05-21 19:08:40.559] AUTO-DISENGAGE: gear left Park (now R)
[2026-05-21 19:08:40.559] Husby was here, and we are ready to go
[2026-05-21 19:08:40.564] AUTO-DISENGAGE: gear left Park (now R)
[2026-05-21 19:08:40.564] Husby was here, and we are ready to go
[2026-05-21 19:08:40.569] AUTO-DISENGAGE: gear left Park (now R)
[2026-05-21 19:08:40.569] Husby was here, and we are ready to go
[2026-05-21 19:08:40.572] AUTO-DISENGAGE: gear left Park (now R)
[2026-05-21 19:08:40.572] Husby was here, and we are ready to go
[2026-05-21 19:08:40.574] AUTO-DISENGAGE: gear left Park (now R)
[2026-05-21 19:08:40.574] Husby was here, and we are ready to go
[2026-05-21 19:08:40.578] AUTO-DISENGAGE: gear left Park (now R)
[2026-05-21 19:08:40.578] Husby was here, and we are ready to go
[2026-05-21 19:08:40.579] AUTO-DISENGAGE: gear left Park (now R)
[2026-05-21 19:08:40.579] Husby was here, and we are ready to go
[2026-05-21 19:08:40.584] AUTO-DISENGAGE: gear left Park (now R)
[2026-05-21 19:08:40.584] Husby was here, and we are ready to go
[2026-05-21 19:08:40.589] AUTO-DISENGAGE: gear left Park (now R)
[2026-05-21 19:08:40.589] Husby was here, and we are ready to go
[2026-05-21 19:08:40.594] AUTO-DISENGAGE: gear left Park (now R)
[2026-05-21 19:08:40.594] Husby was here, and we are ready to go
[2026-05-21 19:08:40.599] AUTO-DISENGAGE: gear left Park (now R)
[2026-05-21 19:08:40.599] Husby was here, and we are ready to go
[2026-05-21 19:08:40.599] AUTO-DISENGAGE: gear left Park (now R)
[2026-05-21 19:08:40.599] Husby was here, and we are ready to go
[2026-05-21 19:08:40.605] AUTO-DISENGAGE: gear left Park (now R)
[2026-05-21 19:08:40.605] Husby was here, and we are ready to go
[2026-05-21 19:08:40.610] AUTO-DISENGAGE: gear left Park (now R)
[2026-05-21 19:08:40.610] Husby was here, and we are ready to go
[2026-05-21 19:08:40.615] AUTO-DISENGAGE: gear left Park (now R)
[2026-05-21 19:08:40.615] Husby was here, and we are ready to go
[2026-05-21 19:08:40.619] AUTO-DISENGAGE: gear left Park (now R)
[2026-05-21 19:08:40.619] Husby was here, and we are ready to go
[2026-05-21 19:08:40.619] AUTO-DISENGAGE: gear left Park (now R)
[2026-05-21 19:08:40.619] Husby was here, and we are ready to go
[2026-05-21 19:08:40.625] AUTO-DISENGAGE: gear left Park (now R)
[2026-05-21 19:08:40.625] Husby was here, and we are ready to go
[2026-05-21 19:08:40.630] AUTO-DISENGAGE: gear left Park (now R)
[2026-05-21 19:08:40.630] Husby was here, and we are ready to go
[2026-05-21 19:08:40.635] AUTO-DISENGAGE: gear left Park (now R)
[2026-05-21 19:08:40.635] Husby was here, and we are ready to go
[2026-05-21 19:08:40.637] AUTO-DISENGAGE: gear left Park (now R)
[2026-05-21 19:08:40.637] Husby was here, and we are ready to go
[2026-05-21 19:08:40.640] AUTO-DISENGAGE: gear left Park (now R)
[2026-05-21 19:08:40.640] Husby was here, and we are ready to go
[2026-05-21 19:08:40.645] AUTO-DISENGAGE: gear left Park (now R)
[2026-05-21 19:08:40.645] Husby was here, and we are ready to go
[2026-05-21 19:08:40.650] AUTO-DISENGAGE: gear left Park (now R)
[2026-05-21 19:08:40.650] Husby was here, and we are ready to go
[2026-05-21 19:08:40.655] AUTO-DISENGAGE: gear left Park (now R)
[2026-05-21 19:08:40.655] Husby was here, and we are ready to go
[2026-05-21 19:08:40.657] AUTO-DISENGAGE: gear left Park (now R)
[2026-05-21 19:08:40.657] Husby was here, and we are ready to go
[2026-05-21 19:08:40.659] AUTO-DISENGAGE: gear left Park (now R)
[2026-05-21 19:08:40.660] Husby was here, and we are ready to go
[2026-05-21 19:08:40.665] AUTO-DISENGAGE: gear left Park (now R)
[2026-05-21 19:08:40.665] Husby was here, and we are ready to go
[2026-05-21 19:08:40.670] AUTO-DISENGAGE: gear left Park (now R)
[2026-05-21 19:08:40.670] Husby was here, and we are ready to go
[2026-05-21 19:08:40.672] AUTO-DISENGAGE: gear left Park (now R)
[2026-05-21 19:08:40.672] Husby was here, and we are ready to go
[2026-05-21 19:08:40.674] AUTO-DISENGAGE: gear left Park (now R)
[2026-05-21 19:08:40.675] Husby was here, and we are ready to go
[2026-05-21 19:08:40.678] AUTO-DISENGAGE: gear left Park (now R)
[2026-05-21 19:08:40.678] Husby was here, and we are ready to go
[2026-05-21 19:08:40.679] AUTO-DISENGAGE: gear left Park (now R)
[2026-05-21 19:08:40.679] Husby was here, and we are ready to go
[2026-05-21 19:08:40.685] AUTO-DISENGAGE: gear left Park (now R)
[2026-05-21 19:08:40.685] Husby was here, and we are ready to go
[2026-05-21 19:08:40.690] AUTO-DISENGAGE: gear left Park (now R)
[2026-05-21 19:08:40.690] Husby was here, and we are ready to go
[2026-05-21 19:08:40.695] AUTO-DISENGAGE: gear left Park (now R)
[2026-05-21 19:08:40.696] Husby was here, and we are ready to go
[2026-05-21 19:08:40.697] AUTO-DISENGAGE: gear left Park (now R)
[2026-05-21 19:08:40.697] Husby was here, and we are ready to go
[2026-05-21 19:08:40.699] AUTO-DISENGAGE: gear left Park (now R)
[2026-05-21 19:08:40.700] Husby was here, and we are ready to go
[2026-05-21 19:08:40.705] AUTO-DISENGAGE: gear left Park (now R)
[2026-05-21 19:08:40.705] Husby was here, and we are ready to go
[2026-05-21 19:08:40.710] AUTO-DISENGAGE: gear left Park (now R)
[2026-05-21 19:08:40.710] Husby was here, and we are ready to go
[2026-05-21 19:08:40.715] AUTO-DISENGAGE: gear left Park (now R)
[2026-05-21 19:08:40.715] Husby was here, and we are ready to go
[2026-05-21 19:08:40.718] AUTO-DISENGAGE: gear left Park (now R)
[2026-05-21 19:08:40.718] Husby was here, and we are ready to go
[2026-05-21 19:08:40.719] AUTO-DISENGAGE: gear left Park (now R)
[2026-05-21 19:08:40.720] Husby was here, and we are ready to go
[2026-05-21 19:08:40.725] AUTO-DISENGAGE: gear left Park (now R)
[2026-05-21 19:08:40.725] Husby was here, and we are ready to go
[2026-05-21 19:08:40.730] AUTO-DISENGAGE: gear left Park (now R)
[2026-05-21 19:08:40.730] Husby was here, and we are ready to go
[2026-05-21 19:08:40.735] AUTO-DISENGAGE: gear left Park (now R)
[2026-05-21 19:08:40.735] Husby was here, and we are ready to go
[2026-05-21 19:08:40.737] AUTO-DISENGAGE: gear left Park (now R)
[2026-05-21 19:08:40.737] Husby was here, and we are ready to go
[2026-05-21 19:08:40.759] AUTO-DISENGAGE: gear left Park (now R)
[2026-05-21 19:08:40.759] Husby was here, and we are ready to go
[2026-05-21 19:08:40.772] AUTO-DISENGAGE: gear left Park (now R)
[2026-05-21 19:08:40.772] Husby was here, and we are ready to go
[2026-05-21 19:08:40.778] AUTO-DISENGAGE: gear left Park (now R)
[2026-05-21 19:08:40.778] Husby was here, and we are ready to go
[2026-05-21 19:08:40.799] AUTO-DISENGAGE: gear left Park (now R)
[2026-05-21 19:08:40.799] Husby was here, and we are ready to go
[2026-05-21 19:08:40.818] AUTO-DISENGAGE: gear left Park (now R)
[2026-05-21 19:08:40.818] Husby was here, and we are ready to go
[2026-05-21 19:08:40.838] AUTO-DISENGAGE: gear left Park (now R)
[2026-05-21 19:08:40.838] Husby was here, and we are ready to go
[2026-05-21 19:08:40.858] AUTO-DISENGAGE: gear left Park (now R)
[2026-05-21 19:08:40.858] Husby was here, and we are ready to go
[2026-05-21 19:08:40.872] AUTO-DISENGAGE: gear left Park (now R)
[2026-05-21 19:08:40.872] Husby was here, and we are ready to go
[2026-05-21 19:08:40.878] AUTO-DISENGAGE: gear left Park (now R)
[2026-05-21 19:08:40.878] Husby was here, and we are ready to go
[2026-05-21 19:08:40.899] gear: R -> P
[2026-05-21 19:08:40.940] SHIFT post-burst gear: P (requested P)
[2026-05-21 19:08:43.811] rc: RND switch -> N, queuing shift
[2026-05-21 19:08:43.813] shift requested: N
[2026-05-21 19:08:43.819] SHIFT: requesting N via 0x6D burst (30 active + 10 idle frames at 200 Hz)
[2026-05-21 19:08:43.853] gear: P -> N
[2026-05-21 19:08:43.854] AUTO-DISENGAGE: gear left Park (now N)
[2026-05-21 19:08:43.854] Husby was here, and we are ready to go
[2026-05-21 19:08:43.857] AUTO-DISENGAGE: gear left Park (now N)
[2026-05-21 19:08:43.857] Husby was here, and we are ready to go
[2026-05-21 19:08:43.858] AUTO-DISENGAGE: gear left Park (now N)
[2026-05-21 19:08:43.858] Husby was here, and we are ready to go
[2026-05-21 19:08:43.863] AUTO-DISENGAGE: gear left Park (now N)
[2026-05-21 19:08:43.863] Husby was here, and we are ready to go
[2026-05-21 19:08:43.868] AUTO-DISENGAGE: gear left Park (now N)
[2026-05-21 19:08:43.868] Husby was here, and we are ready to go
[2026-05-21 19:08:43.872] AUTO-DISENGAGE: gear left Park (now N)
[2026-05-21 19:08:43.872] Husby was here, and we are ready to go
[2026-05-21 19:08:43.873] AUTO-DISENGAGE: gear left Park (now N)
[2026-05-21 19:08:43.873] Husby was here, and we are ready to go
[2026-05-21 19:08:43.878] AUTO-DISENGAGE: gear left Park (now N)
[2026-05-21 19:08:43.878] Husby was here, and we are ready to go
[2026-05-21 19:08:43.878] AUTO-DISENGAGE: gear left Park (now N)
[2026-05-21 19:08:43.878] Husby was here, and we are ready to go
[2026-05-21 19:08:43.883] AUTO-DISENGAGE: gear left Park (now N)
[2026-05-21 19:08:43.883] Husby was here, and we are ready to go
[2026-05-21 19:08:43.888] AUTO-DISENGAGE: gear left Park (now N)
[2026-05-21 19:08:43.888] Husby was here, and we are ready to go
[2026-05-21 19:08:43.893] AUTO-DISENGAGE: gear left Park (now N)
[2026-05-21 19:08:43.893] Husby was here, and we are ready to go
[2026-05-21 19:08:43.898] AUTO-DISENGAGE: gear left Park (now N)
[2026-05-21 19:08:43.898] Husby was here, and we are ready to go
[2026-05-21 19:08:43.898] AUTO-DISENGAGE: gear left Park (now N)
[2026-05-21 19:08:43.898] Husby was here, and we are ready to go
[2026-05-21 19:08:43.903] AUTO-DISENGAGE: gear left Park (now N)
[2026-05-21 19:08:43.904] Husby was here, and we are ready to go
[2026-05-21 19:08:43.909] AUTO-DISENGAGE: gear left Park (now N)
[2026-05-21 19:08:43.909] Husby was here, and we are ready to go
[2026-05-21 19:08:43.913] AUTO-DISENGAGE: gear left Park (now N)
[2026-05-21 19:08:43.914] Husby was here, and we are ready to go
[2026-05-21 19:08:43.918] AUTO-DISENGAGE: gear left Park (now N)
[2026-05-21 19:08:43.918] Husby was here, and we are ready to go
[2026-05-21 19:08:43.918] AUTO-DISENGAGE: gear left Park (now N)
[2026-05-21 19:08:43.919] Husby was here, and we are ready to go
[2026-05-21 19:08:43.924] AUTO-DISENGAGE: gear left Park (now N)
[2026-05-21 19:08:43.924] Husby was here, and we are ready to go
[2026-05-21 19:08:43.929] AUTO-DISENGAGE: gear left Park (now N)
[2026-05-21 19:08:43.929] Husby was here, and we are ready to go
[2026-05-21 19:08:43.934] AUTO-DISENGAGE: gear left Park (now N)
[2026-05-21 19:08:43.934] Husby was here, and we are ready to go
[2026-05-21 19:08:43.937] AUTO-DISENGAGE: gear left Park (now N)
[2026-05-21 19:08:43.938] Husby was here, and we are ready to go
[2026-05-21 19:08:43.938] AUTO-DISENGAGE: gear left Park (now N)
[2026-05-21 19:08:43.938] Husby was here, and we are ready to go
[2026-05-21 19:08:43.943] AUTO-DISENGAGE: gear left Park (now N)
[2026-05-21 19:08:43.944] Husby was here, and we are ready to go
[2026-05-21 19:08:43.948] AUTO-DISENGAGE: gear left Park (now N)
[2026-05-21 19:08:43.949] Husby was here, and we are ready to go
[2026-05-21 19:08:43.954] AUTO-DISENGAGE: gear left Park (now N)
[2026-05-21 19:08:43.954] Husby was here, and we are ready to go
[2026-05-21 19:08:43.958] AUTO-DISENGAGE: gear left Park (now N)
[2026-05-21 19:08:43.958] Husby was here, and we are ready to go
[2026-05-21 19:08:43.958] AUTO-DISENGAGE: gear left Park (now N)
[2026-05-21 19:08:43.958] Husby was here, and we are ready to go
[2026-05-21 19:08:43.964] AUTO-DISENGAGE: gear left Park (now N)
[2026-05-21 19:08:43.964] Husby was here, and we are ready to go
[2026-05-21 19:08:43.968] AUTO-DISENGAGE: gear left Park (now N)
[2026-05-21 19:08:43.969] Husby was here, and we are ready to go
[2026-05-21 19:08:43.972] AUTO-DISENGAGE: gear left Park (now N)
[2026-05-21 19:08:43.972] Husby was here, and we are ready to go
[2026-05-21 19:08:43.973] AUTO-DISENGAGE: gear left Park (now N)
[2026-05-21 19:08:43.973] Husby was here, and we are ready to go
[2026-05-21 19:08:43.978] AUTO-DISENGAGE: gear left Park (now N)
[2026-05-21 19:08:43.978] Husby was here, and we are ready to go
[2026-05-21 19:08:43.978] AUTO-DISENGAGE: gear left Park (now N)
[2026-05-21 19:08:43.978] Husby was here, and we are ready to go
[2026-05-21 19:08:43.983] AUTO-DISENGAGE: gear left Park (now N)
[2026-05-21 19:08:43.984] Husby was here, and we are ready to go
[2026-05-21 19:08:43.989] AUTO-DISENGAGE: gear left Park (now N)
[2026-05-21 19:08:43.989] Husby was here, and we are ready to go
[2026-05-21 19:08:43.993] AUTO-DISENGAGE: gear left Park (now N)
[2026-05-21 19:08:43.994] Husby was here, and we are ready to go
[2026-05-21 19:08:43.998] AUTO-DISENGAGE: gear left Park (now N)
[2026-05-21 19:08:43.998] Husby was here, and we are ready to go
[2026-05-21 19:08:43.998] AUTO-DISENGAGE: gear left Park (now N)
[2026-05-21 19:08:43.998] Husby was here, and we are ready to go
[2026-05-21 19:08:44.004] AUTO-DISENGAGE: gear left Park (now N)
[2026-05-21 19:08:44.004] Husby was here, and we are ready to go
[2026-05-21 19:08:44.009] AUTO-DISENGAGE: gear left Park (now N)
[2026-05-21 19:08:44.009] Husby was here, and we are ready to go
[2026-05-21 19:08:44.014] AUTO-DISENGAGE: gear left Park (now N)
[2026-05-21 19:08:44.014] Husby was here, and we are ready to go
[2026-05-21 19:08:44.018] AUTO-DISENGAGE: gear left Park (now N)
[2026-05-21 19:08:44.018] Husby was here, and we are ready to go
[2026-05-21 19:08:44.038] AUTO-DISENGAGE: gear left Park (now N)
[2026-05-21 19:08:44.038] Husby was here, and we are ready to go
[2026-05-21 19:08:44.059] AUTO-DISENGAGE: gear left Park (now N)
[2026-05-21 19:08:44.059] Husby was here, and we are ready to go
[2026-05-21 19:08:44.075] AUTO-DISENGAGE: gear left Park (now N)
[2026-05-21 19:08:44.075] Husby was here, and we are ready to go
[2026-05-21 19:08:44.077] AUTO-DISENGAGE: gear left Park (now N)
[2026-05-21 19:08:44.078] Husby was here, and we are ready to go
[2026-05-21 19:08:44.099] AUTO-DISENGAGE: gear left Park (now N)
[2026-05-21 19:08:44.099] Husby was here, and we are ready to go
[2026-05-21 19:08:44.118] AUTO-DISENGAGE: gear left Park (now N)
[2026-05-21 19:08:44.118] Husby was here, and we are ready to go
[2026-05-21 19:08:44.138] AUTO-DISENGAGE: gear left Park (now N)
[2026-05-21 19:08:44.138] Husby was here, and we are ready to go
[2026-05-21 19:08:44.159] AUTO-DISENGAGE: gear left Park (now N)
[2026-05-21 19:08:44.159] Husby was here, and we are ready to go
[2026-05-21 19:08:44.172] AUTO-DISENGAGE: gear left Park (now N)
[2026-05-21 19:08:44.172] Husby was here, and we are ready to go
[2026-05-21 19:08:44.178] AUTO-DISENGAGE: gear left Park (now N)
[2026-05-21 19:08:44.178] Husby was here, and we are ready to go
[2026-05-21 19:08:44.198] AUTO-DISENGAGE: gear left Park (now N)
[2026-05-21 19:08:44.198] Husby was here, and we are ready to go
[2026-05-21 19:08:44.219] AUTO-DISENGAGE: gear left Park (now N)
[2026-05-21 19:08:44.219] Husby was here, and we are ready to go
[2026-05-21 19:08:44.219] SHIFT post-burst gear: N (requested N)
[2026-05-21 19:08:44.239] AUTO-DISENGAGE: gear left Park (now N)
[2026-05-21 19:08:44.239] Husby was here, and we are ready to go
[2026-05-21 19:08:44.259] AUTO-DISENGAGE: gear left Park (now N)
[2026-05-21 19:08:44.259] Husby was here, and we are ready to go
[2026-05-21 19:08:44.272] AUTO-DISENGAGE: gear left Park (now N)
[2026-05-21 19:08:44.273] Husby was here, and we are ready to go
[2026-05-21 19:08:44.278] AUTO-DISENGAGE: gear left Park (now N)
[2026-05-21 19:08:44.278] Husby was here, and we are ready to go
[2026-05-21 19:08:44.299] AUTO-DISENGAGE: gear left Park (now N)
[2026-05-21 19:08:44.299] Husby was here, and we are ready to go
[2026-05-21 19:08:44.319] AUTO-DISENGAGE: gear left Park (now N)
[2026-05-21 19:08:44.319] Husby was here, and we are ready to go
[2026-05-21 19:08:44.339] AUTO-DISENGAGE: gear left Park (now N)
[2026-05-21 19:08:44.339] Husby was here, and we are ready to go
[2026-05-21 19:08:44.358] AUTO-DISENGAGE: gear left Park (now N)
[2026-05-21 19:08:44.358] Husby was here, and we are ready to go
[2026-05-21 19:08:44.372] AUTO-DISENGAGE: gear left Park (now N)
[2026-05-21 19:08:44.373] Husby was here, and we are ready to go
[2026-05-21 19:08:44.378] AUTO-DISENGAGE: gear left Park (now N)
[2026-05-21 19:08:44.378] Husby was here, and we are ready to go
[2026-05-21 19:08:44.399] AUTO-DISENGAGE: gear left Park (now N)
[2026-05-21 19:08:44.399] Husby was here, and we are ready to go
[2026-05-21 19:08:44.419] AUTO-DISENGAGE: gear left Park (now N)
[2026-05-21 19:08:44.419] Husby was here, and we are ready to go
[2026-05-21 19:08:44.439] AUTO-DISENGAGE: gear left Park (now N)
[2026-05-21 19:08:44.439] Husby was here, and we are ready to go
[2026-05-21 19:08:44.459] AUTO-DISENGAGE: gear left Park (now N)
[2026-05-21 19:08:44.459] Husby was here, and we are ready to go
[2026-05-21 19:08:44.473] AUTO-DISENGAGE: gear left Park (now N)
[2026-05-21 19:08:44.473] Husby was here, and we are ready to go
[2026-05-21 19:08:44.478] AUTO-DISENGAGE: gear left Park (now N)
[2026-05-21 19:08:44.478] Husby was here, and we are ready to go
[2026-05-21 19:08:44.499] AUTO-DISENGAGE: gear left Park (now N)
[2026-05-21 19:08:44.499] Husby was here, and we are ready to go
[2026-05-21 19:08:44.519] AUTO-DISENGAGE: gear left Park (now N)
[2026-05-21 19:08:44.519] Husby was here, and we are ready to go
[2026-05-21 19:08:44.538] AUTO-DISENGAGE: gear left Park (now N)
[2026-05-21 19:08:44.538] Husby was here, and we are ready to go
[2026-05-21 19:08:44.558] AUTO-DISENGAGE: gear left Park (now N)
[2026-05-21 19:08:44.558] Husby was here, and we are ready to go
[2026-05-21 19:08:44.572] AUTO-DISENGAGE: gear left Park (now N)
[2026-05-21 19:08:44.572] Husby was here, and we are ready to go
[2026-05-21 19:08:44.578] AUTO-DISENGAGE: gear left Park (now N)
[2026-05-21 19:08:44.578] Husby was here, and we are ready to go
[2026-05-21 19:08:44.598] AUTO-DISENGAGE: gear left Park (now N)
[2026-05-21 19:08:44.598] Husby was here, and we are ready to go
[2026-05-21 19:08:44.619] AUTO-DISENGAGE: gear left Park (now N)
[2026-05-21 19:08:44.619] Husby was here, and we are ready to go
[2026-05-21 19:08:44.638] AUTO-DISENGAGE: gear left Park (now N)
[2026-05-21 19:08:44.638] Husby was here, and we are ready to go
[2026-05-21 19:08:44.658] AUTO-DISENGAGE: gear left Park (now N)
[2026-05-21 19:08:44.658] Husby was here, and we are ready to go
[2026-05-21 19:08:44.672] AUTO-DISENGAGE: gear left Park (now N)
[2026-05-21 19:08:44.672] Husby was here, and we are ready to go
[2026-05-21 19:08:44.678] AUTO-DISENGAGE: gear left Park (now N)
[2026-05-21 19:08:44.678] Husby was here, and we are ready to go
[2026-05-21 19:08:44.698] AUTO-DISENGAGE: gear left Park (now N)
[2026-05-21 19:08:44.698] Husby was here, and we are ready to go
[2026-05-21 19:08:44.719] AUTO-DISENGAGE: gear left Park (now N)
[2026-05-21 19:08:44.719] Husby was here, and we are ready to go
[2026-05-21 19:08:44.739] AUTO-DISENGAGE: gear left Park (now N)
[2026-05-21 19:08:44.739] Husby was here, and we are ready to go
[2026-05-21 19:08:44.758] AUTO-DISENGAGE: gear left Park (now N)
[2026-05-21 19:08:44.758] Husby was here, and we are ready to go
[2026-05-21 19:08:44.773] AUTO-DISENGAGE: gear left Park (now N)
[2026-05-21 19:08:44.773] Husby was here, and we are ready to go
[2026-05-21 19:08:44.778] AUTO-DISENGAGE: gear left Park (now N)
[2026-05-21 19:08:44.778] Husby was here, and we are ready to go
[2026-05-21 19:08:44.798] AUTO-DISENGAGE: gear left Park (now N)
[2026-05-21 19:08:44.798] Husby was here, and we are ready to go
[2026-05-21 19:08:44.819] AUTO-DISENGAGE: gear left Park (now N)
[2026-05-21 19:08:44.819] Husby was here, and we are ready to go
[2026-05-21 19:08:44.839] AUTO-DISENGAGE: gear left Park (now N)
[2026-05-21 19:08:44.839] Husby was here, and we are ready to go
[2026-05-21 19:08:44.858] AUTO-DISENGAGE: gear left Park (now N)
[2026-05-21 19:08:44.859] Husby was here, and we are ready to go
[2026-05-21 19:08:44.872] AUTO-DISENGAGE: gear left Park (now N)
[2026-05-21 19:08:44.872] Husby was here, and we are ready to go
[2026-05-21 19:08:44.878] AUTO-DISENGAGE: gear left Park (now N)
[2026-05-21 19:08:44.878] Husby was here, and we are ready to go
[2026-05-21 19:08:44.898] AUTO-DISENGAGE: gear left Park (now N)
[2026-05-21 19:08:44.898] Husby was here, and we are ready to go
[2026-05-21 19:08:44.919] AUTO-DISENGAGE: gear left Park (now N)
[2026-05-21 19:08:44.919] Husby was here, and we are ready to go
[2026-05-21 19:08:44.938] AUTO-DISENGAGE: gear left Park (now N)
[2026-05-21 19:08:44.938] Husby was here, and we are ready to go
[2026-05-21 19:08:44.959] AUTO-DISENGAGE: gear left Park (now N)
[2026-05-21 19:08:44.959] Husby was here, and we are ready to go
[2026-05-21 19:08:44.972] AUTO-DISENGAGE: gear left Park (now N)
[2026-05-21 19:08:44.972] Husby was here, and we are ready to go
[2026-05-21 19:08:44.978] AUTO-DISENGAGE: gear left Park (now N)
[2026-05-21 19:08:44.978] Husby was here, and we are ready to go
[2026-05-21 19:08:44.998] AUTO-DISENGAGE: gear left Park (now N)
[2026-05-21 19:08:44.998] Husby was here, and we are ready to go
[2026-05-21 19:08:45.019] AUTO-DISENGAGE: gear left Park (now N)
[2026-05-21 19:08:45.019] Husby was here, and we are ready to go
[2026-05-21 19:08:45.038] AUTO-DISENGAGE: gear left Park (now N)
[2026-05-21 19:08:45.038] Husby was here, and we are ready to go
[2026-05-21 19:08:45.058] AUTO-DISENGAGE: gear left Park (now N)
[2026-05-21 19:08:45.058] Husby was here, and we are ready to go
[2026-05-21 19:08:45.072] AUTO-DISENGAGE: gear left Park (now N)
[2026-05-21 19:08:45.072] Husby was here, and we are ready to go
[2026-05-21 19:08:45.078] AUTO-DISENGAGE: gear left Park (now N)
[2026-05-21 19:08:45.078] Husby was here, and we are ready to go
[2026-05-21 19:08:45.098] AUTO-DISENGAGE: gear left Park (now N)
[2026-05-21 19:08:45.099] Husby was here, and we are ready to go
[2026-05-21 19:08:45.118] AUTO-DISENGAGE: gear left Park (now N)
[2026-05-21 19:08:45.118] Husby was here, and we are ready to go
[2026-05-21 19:08:45.139] AUTO-DISENGAGE: gear left Park (now N)
[2026-05-21 19:08:45.139] Husby was here, and we are ready to go
[2026-05-21 19:08:45.158] AUTO-DISENGAGE: gear left Park (now N)
[2026-05-21 19:08:45.159] Husby was here, and we are ready to go
[2026-05-21 19:08:45.174] AUTO-DISENGAGE: gear left Park (now N)
[2026-05-21 19:08:45.175] Husby was here, and we are ready to go
[2026-05-21 19:08:45.178] AUTO-DISENGAGE: gear left Park (now N)
[2026-05-21 19:08:45.178] Husby was here, and we are ready to go
[2026-05-21 19:08:45.200] AUTO-DISENGAGE: gear left Park (now N)
[2026-05-21 19:08:45.200] Husby was here, and we are ready to go
[2026-05-21 19:08:45.221] AUTO-DISENGAGE: gear left Park (now N)
[2026-05-21 19:08:45.222] Husby was here, and we are ready to go
[2026-05-21 19:08:45.241] AUTO-DISENGAGE: gear left Park (now N)
[2026-05-21 19:08:45.241] Husby was here, and we are ready to go
[2026-05-21 19:08:45.260] AUTO-DISENGAGE: gear left Park (now N)
[2026-05-21 19:08:45.261] Husby was here, and we are ready to go
[2026-05-21 19:08:45.272] AUTO-DISENGAGE: gear left Park (now N)
[2026-05-21 19:08:45.272] Husby was here, and we are ready to go
[2026-05-21 19:08:45.278] AUTO-DISENGAGE: gear left Park (now N)
[2026-05-21 19:08:45.278] Husby was here, and we are ready to go
[2026-05-21 19:08:45.299] AUTO-DISENGAGE: gear left Park (now N)
[2026-05-21 19:08:45.299] Husby was here, and we are ready to go
[2026-05-21 19:08:45.318] AUTO-DISENGAGE: gear left Park (now N)
[2026-05-21 19:08:45.318] Husby was here, and we are ready to go
[2026-05-21 19:08:45.338] AUTO-DISENGAGE: gear left Park (now N)
[2026-05-21 19:08:45.338] Husby was here, and we are ready to go
[2026-05-21 19:08:45.358] AUTO-DISENGAGE: gear left Park (now N)
[2026-05-21 19:08:45.358] Husby was here, and we are ready to go
[2026-05-21 19:08:45.372] AUTO-DISENGAGE: gear left Park (now N)
[2026-05-21 19:08:45.372] Husby was here, and we are ready to go
[2026-05-21 19:08:45.378] AUTO-DISENGAGE: gear left Park (now N)
[2026-05-21 19:08:45.378] Husby was here, and we are ready to go
[2026-05-21 19:08:45.398] AUTO-DISENGAGE: gear left Park (now N)
[2026-05-21 19:08:45.398] Husby was here, and we are ready to go
[2026-05-21 19:08:45.418] AUTO-DISENGAGE: gear left Park (now N)
[2026-05-21 19:08:45.419] Husby was here, and we are ready to go
[2026-05-21 19:08:45.439] AUTO-DISENGAGE: gear left Park (now N)
[2026-05-21 19:08:45.439] Husby was here, and we are ready to go
[2026-05-21 19:08:45.458] AUTO-DISENGAGE: gear left Park (now N)
[2026-05-21 19:08:45.458] Husby was here, and we are ready to go
[2026-05-21 19:08:45.472] AUTO-DISENGAGE: gear left Park (now N)
[2026-05-21 19:08:45.472] Husby was here, and we are ready to go
[2026-05-21 19:08:45.478] AUTO-DISENGAGE: gear left Park (now N)
[2026-05-21 19:08:45.478] Husby was here, and we are ready to go
[2026-05-21 19:08:45.500] AUTO-DISENGAGE: gear left Park (now N)
[2026-05-21 19:08:45.500] Husby was here, and we are ready to go
[2026-05-21 19:08:45.521] AUTO-DISENGAGE: gear left Park (now N)
[2026-05-21 19:08:45.521] Husby was here, and we are ready to go
[2026-05-21 19:08:45.540] AUTO-DISENGAGE: gear left Park (now N)
[2026-05-21 19:08:45.541] Husby was here, and we are ready to go
[2026-05-21 19:08:45.559] AUTO-DISENGAGE: gear left Park (now N)
[2026-05-21 19:08:45.559] Husby was here, and we are ready to go
[2026-05-21 19:08:45.572] AUTO-DISENGAGE: gear left Park (now N)
[2026-05-21 19:08:45.572] Husby was here, and we are ready to go
[2026-05-21 19:08:45.578] AUTO-DISENGAGE: gear left Park (now N)
[2026-05-21 19:08:45.578] Husby was here, and we are ready to go
[2026-05-21 19:08:45.599] AUTO-DISENGAGE: gear left Park (now N)
[2026-05-21 19:08:45.599] Husby was here, and we are ready to go
[2026-05-21 19:08:45.620] AUTO-DISENGAGE: gear left Park (now N)
[2026-05-21 19:08:45.621] Husby was here, and we are ready to go
[2026-05-21 19:08:45.640] AUTO-DISENGAGE: gear left Park (now N)
[2026-05-21 19:08:45.640] Husby was here, and we are ready to go
[2026-05-21 19:08:45.660] AUTO-DISENGAGE: gear left Park (now N)
[2026-05-21 19:08:45.660] Husby was here, and we are ready to go
[2026-05-21 19:08:45.673] AUTO-DISENGAGE: gear left Park (now N)
[2026-05-21 19:08:45.674] Husby was here, and we are ready to go
[2026-05-21 19:08:45.679] AUTO-DISENGAGE: gear left Park (now N)
[2026-05-21 19:08:45.679] Husby was here, and we are ready to go
[2026-05-21 19:08:45.701] AUTO-DISENGAGE: gear left Park (now N)
[2026-05-21 19:08:45.702] Husby was here, and we are ready to go
[2026-05-21 19:08:45.722] AUTO-DISENGAGE: gear left Park (now N)
[2026-05-21 19:08:45.722] Husby was here, and we are ready to go
[2026-05-21 19:08:45.740] AUTO-DISENGAGE: gear left Park (now N)
[2026-05-21 19:08:45.740] Husby was here, and we are ready to go
[2026-05-21 19:08:45.763] AUTO-DISENGAGE: gear left Park (now N)
[2026-05-21 19:08:45.763] Husby was here, and we are ready to go
[2026-05-21 19:08:45.775] AUTO-DISENGAGE: gear left Park (now N)
[2026-05-21 19:08:45.775] Husby was here, and we are ready to go
[2026-05-21 19:08:45.778] AUTO-DISENGAGE: gear left Park (now N)
[2026-05-21 19:08:45.778] Husby was here, and we are ready to go
[2026-05-21 19:08:45.799] AUTO-DISENGAGE: gear left Park (now N)
[2026-05-21 19:08:45.799] Husby was here, and we are ready to go
[2026-05-21 19:08:45.820] AUTO-DISENGAGE: gear left Park (now N)
[2026-05-21 19:08:45.820] Husby was here, and we are ready to go
[2026-05-21 19:08:45.842] AUTO-DISENGAGE: gear left Park (now N)
[2026-05-21 19:08:45.842] Husby was here, and we are ready to go
[2026-05-21 19:08:45.862] AUTO-DISENGAGE: gear left Park (now N)
[2026-05-21 19:08:45.862] Husby was here, and we are ready to go
[2026-05-21 19:08:45.873] AUTO-DISENGAGE: gear left Park (now N)
[2026-05-21 19:08:45.873] Husby was here, and we are ready to go
[2026-05-21 19:08:45.879] AUTO-DISENGAGE: gear left Park (now N)
[2026-05-21 19:08:45.880] Husby was here, and we are ready to go
[2026-05-21 19:08:45.904] AUTO-DISENGAGE: gear left Park (now N)
[2026-05-21 19:08:45.905] Husby was here, and we are ready to go
[2026-05-21 19:08:45.920] AUTO-DISENGAGE: gear left Park (now N)
[2026-05-21 19:08:45.920] Husby was here, and we are ready to go
[2026-05-21 19:08:45.941] AUTO-DISENGAGE: gear left Park (now N)
[2026-05-21 19:08:45.941] Husby was here, and we are ready to go
[2026-05-21 19:08:45.960] AUTO-DISENGAGE: gear left Park (now N)
[2026-05-21 19:08:45.961] Husby was here, and we are ready to go
[2026-05-21 19:08:45.973] AUTO-DISENGAGE: gear left Park (now N)
[2026-05-21 19:08:45.974] Husby was here, and we are ready to go
[2026-05-21 19:08:45.979] AUTO-DISENGAGE: gear left Park (now N)
[2026-05-21 19:08:45.979] Husby was here, and we are ready to go
[2026-05-21 19:08:46.004] AUTO-DISENGAGE: gear left Park (now N)
[2026-05-21 19:08:46.005] Husby was here, and we are ready to go
[2026-05-21 19:08:46.022] AUTO-DISENGAGE: gear left Park (now N)
[2026-05-21 19:08:46.022] Husby was here, and we are ready to go
[2026-05-21 19:08:46.040] AUTO-DISENGAGE: gear left Park (now N)
[2026-05-21 19:08:46.041] Husby was here, and we are ready to go
[2026-05-21 19:08:46.062] AUTO-DISENGAGE: gear left Park (now N)
[2026-05-21 19:08:46.062] Husby was here, and we are ready to go
[2026-05-21 19:08:46.074] AUTO-DISENGAGE: gear left Park (now N)
[2026-05-21 19:08:46.074] Husby was here, and we are ready to go
[2026-05-21 19:08:46.078] AUTO-DISENGAGE: gear left Park (now N)
[2026-05-21 19:08:46.078] Husby was here, and we are ready to go
[2026-05-21 19:08:46.104] AUTO-DISENGAGE: gear left Park (now N)
[2026-05-21 19:08:46.104] Husby was here, and we are ready to go
[2026-05-21 19:08:46.122] AUTO-DISENGAGE: gear left Park (now N)
[2026-05-21 19:08:46.122] Husby was here, and we are ready to go
[2026-05-21 19:08:46.141] AUTO-DISENGAGE: gear left Park (now N)
[2026-05-21 19:08:46.141] Husby was here, and we are ready to go
[2026-05-21 19:08:46.160] AUTO-DISENGAGE: gear left Park (now N)
[2026-05-21 19:08:46.160] Husby was here, and we are ready to go
[2026-05-21 19:08:46.175] AUTO-DISENGAGE: gear left Park (now N)
[2026-05-21 19:08:46.175] Husby was here, and we are ready to go
[2026-05-21 19:08:46.178] AUTO-DISENGAGE: gear left Park (now N)
[2026-05-21 19:08:46.178] Husby was here, and we are ready to go
[2026-05-21 19:08:46.204] AUTO-DISENGAGE: gear left Park (now N)
[2026-05-21 19:08:46.204] Husby was here, and we are ready to go
[2026-05-21 19:08:46.220] AUTO-DISENGAGE: gear left Park (now N)
[2026-05-21 19:08:46.220] Husby was here, and we are ready to go
[2026-05-21 19:08:46.241] AUTO-DISENGAGE: gear left Park (now N)
[2026-05-21 19:08:46.242] Husby was here, and we are ready to go
[2026-05-21 19:08:46.260] AUTO-DISENGAGE: gear left Park (now N)
[2026-05-21 19:08:46.260] Husby was here, and we are ready to go
[2026-05-21 19:08:46.272] AUTO-DISENGAGE: gear left Park (now N)
[2026-05-21 19:08:46.273] Husby was here, and we are ready to go
[2026-05-21 19:08:46.278] AUTO-DISENGAGE: gear left Park (now N)
[2026-05-21 19:08:46.278] Husby was here, and we are ready to go
[2026-05-21 19:08:46.300] AUTO-DISENGAGE: gear left Park (now N)
[2026-05-21 19:08:46.300] Husby was here, and we are ready to go
[2026-05-21 19:08:46.319] AUTO-DISENGAGE: gear left Park (now N)
[2026-05-21 19:08:46.319] Husby was here, and we are ready to go
[2026-05-21 19:08:46.339] AUTO-DISENGAGE: gear left Park (now N)
[2026-05-21 19:08:46.339] Husby was here, and we are ready to go
[2026-05-21 19:08:46.359] AUTO-DISENGAGE: gear left Park (now N)
[2026-05-21 19:08:46.359] Husby was here, and we are ready to go
[2026-05-21 19:08:46.372] AUTO-DISENGAGE: gear left Park (now N)
[2026-05-21 19:08:46.372] Husby was here, and we are ready to go
[2026-05-21 19:08:46.378] AUTO-DISENGAGE: gear left Park (now N)
[2026-05-21 19:08:46.378] Husby was here, and we are ready to go
[2026-05-21 19:08:46.400] AUTO-DISENGAGE: gear left Park (now N)
[2026-05-21 19:08:46.400] Husby was here, and we are ready to go
[2026-05-21 19:08:46.419] AUTO-DISENGAGE: gear left Park (now N)
[2026-05-21 19:08:46.419] Husby was here, and we are ready to go
[2026-05-21 19:08:46.439] AUTO-DISENGAGE: gear left Park (now N)
[2026-05-21 19:08:46.439] Husby was here, and we are ready to go
[2026-05-21 19:08:46.459] AUTO-DISENGAGE: gear left Park (now N)
[2026-05-21 19:08:46.459] Husby was here, and we are ready to go
[2026-05-21 19:08:46.472] AUTO-DISENGAGE: gear left Park (now N)
[2026-05-21 19:08:46.472] Husby was here, and we are ready to go
[2026-05-21 19:08:46.478] AUTO-DISENGAGE: gear left Park (now N)
[2026-05-21 19:08:46.478] Husby was here, and we are ready to go
[2026-05-21 19:08:46.499] AUTO-DISENGAGE: gear left Park (now N)
[2026-05-21 19:08:46.499] Husby was here, and we are ready to go
[2026-05-21 19:08:46.519] AUTO-DISENGAGE: gear left Park (now N)
[2026-05-21 19:08:46.519] Husby was here, and we are ready to go
[2026-05-21 19:08:46.539] AUTO-DISENGAGE: gear left Park (now N)
[2026-05-21 19:08:46.540] Husby was here, and we are ready to go
[2026-05-21 19:08:46.562] AUTO-DISENGAGE: gear left Park (now N)
[2026-05-21 19:08:46.562] Husby was here, and we are ready to go
[2026-05-21 19:08:46.575] AUTO-DISENGAGE: gear left Park (now N)
[2026-05-21 19:08:46.575] Husby was here, and we are ready to go
[2026-05-21 19:08:46.578] AUTO-DISENGAGE: gear left Park (now N)
[2026-05-21 19:08:46.578] Husby was here, and we are ready to go
[2026-05-21 19:08:46.603] AUTO-DISENGAGE: gear left Park (now N)
[2026-05-21 19:08:46.604] Husby was here, and we are ready to go
[2026-05-21 19:08:46.621] AUTO-DISENGAGE: gear left Park (now N)
[2026-05-21 19:08:46.621] Husby was here, and we are ready to go
[2026-05-21 19:08:46.640] AUTO-DISENGAGE: gear left Park (now N)
[2026-05-21 19:08:46.640] Husby was here, and we are ready to go
[2026-05-21 19:08:46.660] AUTO-DISENGAGE: gear left Park (now N)
[2026-05-21 19:08:46.660] Husby was here, and we are ready to go
[2026-05-21 19:08:46.672] AUTO-DISENGAGE: gear left Park (now N)
[2026-05-21 19:08:46.672] Husby was here, and we are ready to go
[2026-05-21 19:08:46.678] AUTO-DISENGAGE: gear left Park (now N)
[2026-05-21 19:08:46.679] Husby was here, and we are ready to go
[2026-05-21 19:08:46.699] AUTO-DISENGAGE: gear left Park (now N)
[2026-05-21 19:08:46.699] Husby was here, and we are ready to go
[2026-05-21 19:08:46.719] AUTO-DISENGAGE: gear left Park (now N)
[2026-05-21 19:08:46.719] Husby was here, and we are ready to go
[2026-05-21 19:08:46.739] AUTO-DISENGAGE: gear left Park (now N)
[2026-05-21 19:08:46.739] Husby was here, and we are ready to go
[2026-05-21 19:08:46.760] AUTO-DISENGAGE: gear left Park (now N)
[2026-05-21 19:08:46.760] Husby was here, and we are ready to go
[2026-05-21 19:08:46.775] AUTO-DISENGAGE: gear left Park (now N)
[2026-05-21 19:08:46.775] Husby was here, and we are ready to go
[2026-05-21 19:08:46.778] AUTO-DISENGAGE: gear left Park (now N)
[2026-05-21 19:08:46.778] Husby was here, and we are ready to go
[2026-05-21 19:08:46.802] AUTO-DISENGAGE: gear left Park (now N)
[2026-05-21 19:08:46.802] Husby was here, and we are ready to go
[2026-05-21 19:08:46.820] AUTO-DISENGAGE: gear left Park (now N)
[2026-05-21 19:08:46.820] Husby was here, and we are ready to go
[2026-05-21 19:08:46.839] AUTO-DISENGAGE: gear left Park (now N)
[2026-05-21 19:08:46.839] Husby was here, and we are ready to go
[2026-05-21 19:08:46.860] AUTO-DISENGAGE: gear left Park (now N)
[2026-05-21 19:08:46.860] Husby was here, and we are ready to go
[2026-05-21 19:08:46.873] AUTO-DISENGAGE: gear left Park (now N)
[2026-05-21 19:08:46.873] Husby was here, and we are ready to go
[2026-05-21 19:08:46.879] AUTO-DISENGAGE: gear left Park (now N)
[2026-05-21 19:08:46.879] Husby was here, and we are ready to go
[2026-05-21 19:08:46.900] AUTO-DISENGAGE: gear left Park (now N)
[2026-05-21 19:08:46.900] Husby was here, and we are ready to go
[2026-05-21 19:08:46.920] AUTO-DISENGAGE: gear left Park (now N)
[2026-05-21 19:08:46.920] Husby was here, and we are ready to go
[2026-05-21 19:08:46.939] AUTO-DISENGAGE: gear left Park (now N)
[2026-05-21 19:08:46.940] Husby was here, and we are ready to go
[2026-05-21 19:08:46.959] AUTO-DISENGAGE: gear left Park (now N)
[2026-05-21 19:08:46.959] Husby was here, and we are ready to go
[2026-05-21 19:08:46.973] AUTO-DISENGAGE: gear left Park (now N)
[2026-05-21 19:08:46.973] Husby was here, and we are ready to go
[2026-05-21 19:08:46.979] AUTO-DISENGAGE: gear left Park (now N)
[2026-05-21 19:08:46.979] Husby was here, and we are ready to go
[2026-05-21 19:08:47.001] AUTO-DISENGAGE: gear left Park (now N)
[2026-05-21 19:08:47.001] Husby was here, and we are ready to go
[2026-05-21 19:08:47.020] AUTO-DISENGAGE: gear left Park (now N)
[2026-05-21 19:08:47.020] Husby was here, and we are ready to go
[2026-05-21 19:08:47.039] AUTO-DISENGAGE: gear left Park (now N)
[2026-05-21 19:08:47.039] Husby was here, and we are ready to go
[2026-05-21 19:08:47.059] AUTO-DISENGAGE: gear left Park (now N)
[2026-05-21 19:08:47.059] Husby was here, and we are ready to go
[2026-05-21 19:08:47.072] AUTO-DISENGAGE: gear left Park (now N)
[2026-05-21 19:08:47.072] Husby was here, and we are ready to go
[2026-05-21 19:08:47.078] AUTO-DISENGAGE: gear left Park (now N)
[2026-05-21 19:08:47.078] Husby was here, and we are ready to go
[2026-05-21 19:08:47.099] AUTO-DISENGAGE: gear left Park (now N)
[2026-05-21 19:08:47.099] Husby was here, and we are ready to go
[2026-05-21 19:08:47.120] AUTO-DISENGAGE: gear left Park (now N)
[2026-05-21 19:08:47.120] Husby was here, and we are ready to go
[2026-05-21 19:08:47.139] AUTO-DISENGAGE: gear left Park (now N)
[2026-05-21 19:08:47.140] Husby was here, and we are ready to go
[2026-05-21 19:08:47.159] AUTO-DISENGAGE: gear left Park (now N)
[2026-05-21 19:08:47.160] Husby was here, and we are ready to go
[2026-05-21 19:08:47.174] AUTO-DISENGAGE: gear left Park (now N)
[2026-05-21 19:08:47.174] Husby was here, and we are ready to go
[2026-05-21 19:08:47.178] AUTO-DISENGAGE: gear left Park (now N)
[2026-05-21 19:08:47.178] Husby was here, and we are ready to go
[2026-05-21 19:08:47.200] AUTO-DISENGAGE: gear left Park (now N)
[2026-05-21 19:08:47.200] Husby was here, and we are ready to go
[2026-05-21 19:08:47.219] AUTO-DISENGAGE: gear left Park (now N)
[2026-05-21 19:08:47.219] Husby was here, and we are ready to go
[2026-05-21 19:08:47.239] AUTO-DISENGAGE: gear left Park (now N)
[2026-05-21 19:08:47.239] Husby was here, and we are ready to go
[2026-05-21 19:08:47.260] AUTO-DISENGAGE: gear left Park (now N)
[2026-05-21 19:08:47.260] Husby was here, and we are ready to go
[2026-05-21 19:08:47.273] AUTO-DISENGAGE: gear left Park (now N)
[2026-05-21 19:08:47.273] Husby was here, and we are ready to go
[2026-05-21 19:08:47.278] AUTO-DISENGAGE: gear left Park (now N)
[2026-05-21 19:08:47.278] Husby was here, and we are ready to go
[2026-05-21 19:08:47.299] AUTO-DISENGAGE: gear left Park (now N)
[2026-05-21 19:08:47.299] Husby was here, and we are ready to go
[2026-05-21 19:08:47.319] AUTO-DISENGAGE: gear left Park (now N)
[2026-05-21 19:08:47.319] Husby was here, and we are ready to go
[2026-05-21 19:08:47.339] AUTO-DISENGAGE: gear left Park (now N)
[2026-05-21 19:08:47.339] Husby was here, and we are ready to go
[2026-05-21 19:08:47.359] AUTO-DISENGAGE: gear left Park (now N)
[2026-05-21 19:08:47.359] Husby was here, and we are ready to go
[2026-05-21 19:08:47.372] AUTO-DISENGAGE: gear left Park (now N)
[2026-05-21 19:08:47.372] Husby was here, and we are ready to go
[2026-05-21 19:08:47.378] AUTO-DISENGAGE: gear left Park (now N)
[2026-05-21 19:08:47.379] Husby was here, and we are ready to go
[2026-05-21 19:08:47.402] AUTO-DISENGAGE: gear left Park (now N)
[2026-05-21 19:08:47.403] Husby was here, and we are ready to go
[2026-05-21 19:08:47.424] AUTO-DISENGAGE: gear left Park (now N)
[2026-05-21 19:08:47.424] Husby was here, and we are ready to go
[2026-05-21 19:08:47.441] AUTO-DISENGAGE: gear left Park (now N)
[2026-05-21 19:08:47.441] Husby was here, and we are ready to go
[2026-05-21 19:08:47.460] AUTO-DISENGAGE: gear left Park (now N)
[2026-05-21 19:08:47.460] Husby was here, and we are ready to go
[2026-05-21 19:08:47.473] AUTO-DISENGAGE: gear left Park (now N)
[2026-05-21 19:08:47.473] Husby was here, and we are ready to go
[2026-05-21 19:08:47.478] AUTO-DISENGAGE: gear left Park (now N)
[2026-05-21 19:08:47.479] Husby was here, and we are ready to go
[2026-05-21 19:08:47.499] AUTO-DISENGAGE: gear left Park (now N)
[2026-05-21 19:08:47.499] Husby was here, and we are ready to go
[2026-05-21 19:08:47.519] AUTO-DISENGAGE: gear left Park (now N)
[2026-05-21 19:08:47.520] Husby was here, and we are ready to go
[2026-05-21 19:08:47.539] AUTO-DISENGAGE: gear left Park (now N)
[2026-05-21 19:08:47.539] Husby was here, and we are ready to go
[2026-05-21 19:08:47.559] AUTO-DISENGAGE: gear left Park (now N)
[2026-05-21 19:08:47.559] Husby was here, and we are ready to go
[2026-05-21 19:08:47.572] AUTO-DISENGAGE: gear left Park (now N)
[2026-05-21 19:08:47.572] Husby was here, and we are ready to go
[2026-05-21 19:08:47.578] AUTO-DISENGAGE: gear left Park (now N)
[2026-05-21 19:08:47.578] Husby was here, and we are ready to go
[2026-05-21 19:08:47.599] AUTO-DISENGAGE: gear left Park (now N)
[2026-05-21 19:08:47.599] Husby was here, and we are ready to go
[2026-05-21 19:08:47.619] AUTO-DISENGAGE: gear left Park (now N)
[2026-05-21 19:08:47.620] Husby was here, and we are ready to go
[2026-05-21 19:08:47.639] AUTO-DISENGAGE: gear left Park (now N)
[2026-05-21 19:08:47.639] Husby was here, and we are ready to go
[2026-05-21 19:08:47.659] AUTO-DISENGAGE: gear left Park (now N)
[2026-05-21 19:08:47.660] Husby was here, and we are ready to go
[2026-05-21 19:08:47.673] AUTO-DISENGAGE: gear left Park (now N)
[2026-05-21 19:08:47.673] Husby was here, and we are ready to go
[2026-05-21 19:08:47.678] AUTO-DISENGAGE: gear left Park (now N)
[2026-05-21 19:08:47.678] Husby was here, and we are ready to go
[2026-05-21 19:08:47.700] AUTO-DISENGAGE: gear left Park (now N)
[2026-05-21 19:08:47.700] Husby was here, and we are ready to go
[2026-05-21 19:08:47.720] AUTO-DISENGAGE: gear left Park (now N)
[2026-05-21 19:08:47.720] Husby was here, and we are ready to go
[2026-05-21 19:08:47.742] AUTO-DISENGAGE: gear left Park (now N)
[2026-05-21 19:08:47.742] Husby was here, and we are ready to go
[2026-05-21 19:08:47.760] AUTO-DISENGAGE: gear left Park (now N)
[2026-05-21 19:08:47.760] Husby was here, and we are ready to go
[2026-05-21 19:08:47.773] AUTO-DISENGAGE: gear left Park (now N)
[2026-05-21 19:08:47.773] Husby was here, and we are ready to go
[2026-05-21 19:08:47.778] AUTO-DISENGAGE: gear left Park (now N)
[2026-05-21 19:08:47.779] Husby was here, and we are ready to go
[2026-05-21 19:08:47.799] AUTO-DISENGAGE: gear left Park (now N)
[2026-05-21 19:08:47.800] Husby was here, and we are ready to go
[2026-05-21 19:08:47.820] AUTO-DISENGAGE: gear left Park (now N)
[2026-05-21 19:08:47.820] Husby was here, and we are ready to go
[2026-05-21 19:08:47.840] AUTO-DISENGAGE: gear left Park (now N)
[2026-05-21 19:08:47.840] Husby was here, and we are ready to go
[2026-05-21 19:08:47.860] AUTO-DISENGAGE: gear left Park (now N)
[2026-05-21 19:08:47.860] Husby was here, and we are ready to go
[2026-05-21 19:08:47.872] AUTO-DISENGAGE: gear left Park (now N)
[2026-05-21 19:08:47.872] Husby was here, and we are ready to go
[2026-05-21 19:08:47.879] AUTO-DISENGAGE: gear left Park (now N)
[2026-05-21 19:08:47.879] Husby was here, and we are ready to go
[2026-05-21 19:08:47.900] AUTO-DISENGAGE: gear left Park (now N)
[2026-05-21 19:08:47.900] Husby was here, and we are ready to go
[2026-05-21 19:08:47.922] AUTO-DISENGAGE: gear left Park (now N)
[2026-05-21 19:08:47.922] Husby was here, and we are ready to go
[2026-05-21 19:08:47.941] AUTO-DISENGAGE: gear left Park (now N)
[2026-05-21 19:08:47.941] Husby was here, and we are ready to go
[2026-05-21 19:08:47.960] AUTO-DISENGAGE: gear left Park (now N)
[2026-05-21 19:08:47.960] Husby was here, and we are ready to go
[2026-05-21 19:08:47.974] AUTO-DISENGAGE: gear left Park (now N)
[2026-05-21 19:08:47.975] Husby was here, and we are ready to go
[2026-05-21 19:08:47.978] AUTO-DISENGAGE: gear left Park (now N)
[2026-05-21 19:08:47.979] Husby was here, and we are ready to go
[2026-05-21 19:08:48.004] AUTO-DISENGAGE: gear left Park (now N)
[2026-05-21 19:08:48.004] Husby was here, and we are ready to go
[2026-05-21 19:08:48.020] AUTO-DISENGAGE: gear left Park (now N)
[2026-05-21 19:08:48.020] Husby was here, and we are ready to go
[2026-05-21 19:08:48.040] AUTO-DISENGAGE: gear left Park (now N)
[2026-05-21 19:08:48.040] Husby was here, and we are ready to go
[2026-05-21 19:08:48.061] AUTO-DISENGAGE: gear left Park (now N)
[2026-05-21 19:08:48.061] Husby was here, and we are ready to go
[2026-05-21 19:08:48.074] AUTO-DISENGAGE: gear left Park (now N)
[2026-05-21 19:08:48.074] Husby was here, and we are ready to go
[2026-05-21 19:08:48.078] AUTO-DISENGAGE: gear left Park (now N)
[2026-05-21 19:08:48.079] Husby was here, and we are ready to go
[2026-05-21 19:08:48.100] AUTO-DISENGAGE: gear left Park (now N)
[2026-05-21 19:08:48.100] Husby was here, and we are ready to go
[2026-05-21 19:08:48.120] AUTO-DISENGAGE: gear left Park (now N)
[2026-05-21 19:08:48.120] Husby was here, and we are ready to go
[2026-05-21 19:08:48.141] AUTO-DISENGAGE: gear left Park (now N)
[2026-05-21 19:08:48.141] Husby was here, and we are ready to go
[2026-05-21 19:08:48.160] AUTO-DISENGAGE: gear left Park (now N)
[2026-05-21 19:08:48.160] Husby was here, and we are ready to go
[2026-05-21 19:08:48.174] AUTO-DISENGAGE: gear left Park (now N)
[2026-05-21 19:08:48.174] Husby was here, and we are ready to go
[2026-05-21 19:08:48.179] AUTO-DISENGAGE: gear left Park (now N)
[2026-05-21 19:08:48.179] Husby was here, and we are ready to go
[2026-05-21 19:08:48.202] AUTO-DISENGAGE: gear left Park (now N)
[2026-05-21 19:08:48.202] Husby was here, and we are ready to go
[2026-05-21 19:08:48.220] AUTO-DISENGAGE: gear left Park (now N)
[2026-05-21 19:08:48.220] Husby was here, and we are ready to go
[2026-05-21 19:08:48.241] AUTO-DISENGAGE: gear left Park (now N)
[2026-05-21 19:08:48.241] Husby was here, and we are ready to go
[2026-05-21 19:08:48.262] AUTO-DISENGAGE: gear left Park (now N)
[2026-05-21 19:08:48.263] Husby was here, and we are ready to go
[2026-05-21 19:08:48.273] AUTO-DISENGAGE: gear left Park (now N)
[2026-05-21 19:08:48.273] Husby was here, and we are ready to go
[2026-05-21 19:08:48.280] AUTO-DISENGAGE: gear left Park (now N)
[2026-05-21 19:08:48.280] Husby was here, and we are ready to go
[2026-05-21 19:08:48.302] AUTO-DISENGAGE: gear left Park (now N)
[2026-05-21 19:08:48.302] Husby was here, and we are ready to go
[2026-05-21 19:08:48.320] AUTO-DISENGAGE: gear left Park (now N)
[2026-05-21 19:08:48.321] Husby was here, and we are ready to go
[2026-05-21 19:08:48.344] AUTO-DISENGAGE: gear left Park (now N)
[2026-05-21 19:08:48.344] Husby was here, and we are ready to go
[2026-05-21 19:08:48.360] AUTO-DISENGAGE: gear left Park (now N)
[2026-05-21 19:08:48.361] Husby was here, and we are ready to go
[2026-05-21 19:08:48.373] AUTO-DISENGAGE: gear left Park (now N)
[2026-05-21 19:08:48.373] Husby was here, and we are ready to go
[2026-05-21 19:08:48.379] AUTO-DISENGAGE: gear left Park (now N)
[2026-05-21 19:08:48.379] Husby was here, and we are ready to go
[2026-05-21 19:08:48.404] AUTO-DISENGAGE: gear left Park (now N)
[2026-05-21 19:08:48.404] Husby was here, and we are ready to go
[2026-05-21 19:08:48.420] AUTO-DISENGAGE: gear left Park (now N)
[2026-05-21 19:08:48.421] Husby was here, and we are ready to go
[2026-05-21 19:08:48.442] AUTO-DISENGAGE: gear left Park (now N)
[2026-05-21 19:08:48.442] Husby was here, and we are ready to go
[2026-05-21 19:08:48.461] AUTO-DISENGAGE: gear left Park (now N)
[2026-05-21 19:08:48.461] Husby was here, and we are ready to go
[2026-05-21 19:08:48.473] AUTO-DISENGAGE: gear left Park (now N)
[2026-05-21 19:08:48.473] Husby was here, and we are ready to go
[2026-05-21 19:08:48.479] AUTO-DISENGAGE: gear left Park (now N)
[2026-05-21 19:08:48.479] Husby was here, and we are ready to go
[2026-05-21 19:08:48.500] AUTO-DISENGAGE: gear left Park (now N)
[2026-05-21 19:08:48.500] Husby was here, and we are ready to go
[2026-05-21 19:08:48.520] AUTO-DISENGAGE: gear left Park (now N)
[2026-05-21 19:08:48.520] Husby was here, and we are ready to go
[2026-05-21 19:08:48.539] AUTO-DISENGAGE: gear left Park (now N)
[2026-05-21 19:08:48.539] Husby was here, and we are ready to go
[2026-05-21 19:08:48.559] AUTO-DISENGAGE: gear left Park (now N)
[2026-05-21 19:08:48.559] Husby was here, and we are ready to go
[2026-05-21 19:08:48.573] AUTO-DISENGAGE: gear left Park (now N)
[2026-05-21 19:08:48.573] Husby was here, and we are ready to go
[2026-05-21 19:08:48.579] AUTO-DISENGAGE: gear left Park (now N)
[2026-05-21 19:08:48.579] Husby was here, and we are ready to go
[2026-05-21 19:08:48.599] AUTO-DISENGAGE: gear left Park (now N)
[2026-05-21 19:08:48.599] Husby was here, and we are ready to go
[2026-05-21 19:08:48.619] AUTO-DISENGAGE: gear left Park (now N)
[2026-05-21 19:08:48.619] Husby was here, and we are ready to go
[2026-05-21 19:08:48.639] AUTO-DISENGAGE: gear left Park (now N)
[2026-05-21 19:08:48.639] Husby was here, and we are ready to go
[2026-05-21 19:08:48.661] AUTO-DISENGAGE: gear left Park (now N)
[2026-05-21 19:08:48.662] Husby was here, and we are ready to go
[2026-05-21 19:08:48.673] AUTO-DISENGAGE: gear left Park (now N)
[2026-05-21 19:08:48.673] Husby was here, and we are ready to go
[2026-05-21 19:08:48.679] AUTO-DISENGAGE: gear left Park (now N)
[2026-05-21 19:08:48.679] Husby was here, and we are ready to go
[2026-05-21 19:08:48.702] AUTO-DISENGAGE: gear left Park (now N)
[2026-05-21 19:08:48.702] Husby was here, and we are ready to go
[2026-05-21 19:08:48.720] AUTO-DISENGAGE: gear left Park (now N)
[2026-05-21 19:08:48.720] Husby was here, and we are ready to go
[2026-05-21 19:08:48.739] AUTO-DISENGAGE: gear left Park (now N)
[2026-05-21 19:08:48.739] Husby was here, and we are ready to go
[2026-05-21 19:08:48.759] AUTO-DISENGAGE: gear left Park (now N)
[2026-05-21 19:08:48.759] Husby was here, and we are ready to go
[2026-05-21 19:08:48.773] AUTO-DISENGAGE: gear left Park (now N)
[2026-05-21 19:08:48.773] Husby was here, and we are ready to go
[2026-05-21 19:08:48.779] AUTO-DISENGAGE: gear left Park (now N)
[2026-05-21 19:08:48.779] Husby was here, and we are ready to go
[2026-05-21 19:08:48.799] AUTO-DISENGAGE: gear left Park (now N)
[2026-05-21 19:08:48.799] Husby was here, and we are ready to go
[2026-05-21 19:08:48.819] AUTO-DISENGAGE: gear left Park (now N)
[2026-05-21 19:08:48.820] Husby was here, and we are ready to go
[2026-05-21 19:08:48.839] AUTO-DISENGAGE: gear left Park (now N)
[2026-05-21 19:08:48.839] Husby was here, and we are ready to go
[2026-05-21 19:08:48.859] AUTO-DISENGAGE: gear left Park (now N)
[2026-05-21 19:08:48.860] Husby was here, and we are ready to go
[2026-05-21 19:08:48.872] AUTO-DISENGAGE: gear left Park (now N)
[2026-05-21 19:08:48.873] Husby was here, and we are ready to go
[2026-05-21 19:08:48.879] AUTO-DISENGAGE: gear left Park (now N)
[2026-05-21 19:08:48.879] Husby was here, and we are ready to go
[2026-05-21 19:08:48.899] AUTO-DISENGAGE: gear left Park (now N)
[2026-05-21 19:08:48.899] Husby was here, and we are ready to go
[2026-05-21 19:08:48.922] AUTO-DISENGAGE: gear left Park (now N)
[2026-05-21 19:08:48.922] Husby was here, and we are ready to go
[2026-05-21 19:08:48.942] AUTO-DISENGAGE: gear left Park (now N)
[2026-05-21 19:08:48.942] Husby was here, and we are ready to go
[2026-05-21 19:08:48.963] AUTO-DISENGAGE: gear left Park (now N)
[2026-05-21 19:08:48.963] Husby was here, and we are ready to go
[2026-05-21 19:08:48.973] AUTO-DISENGAGE: gear left Park (now N)
[2026-05-21 19:08:48.974] Husby was here, and we are ready to go
[2026-05-21 19:08:48.979] AUTO-DISENGAGE: gear left Park (now N)
[2026-05-21 19:08:48.979] Husby was here, and we are ready to go
[2026-05-21 19:08:49.001] AUTO-DISENGAGE: gear left Park (now N)
[2026-05-21 19:08:49.001] Husby was here, and we are ready to go
[2026-05-21 19:08:49.022] AUTO-DISENGAGE: gear left Park (now N)
[2026-05-21 19:08:49.022] Husby was here, and we are ready to go
[2026-05-21 19:08:49.041] AUTO-DISENGAGE: gear left Park (now N)
[2026-05-21 19:08:49.041] Husby was here, and we are ready to go
[2026-05-21 19:08:49.063] AUTO-DISENGAGE: gear left Park (now N)
[2026-05-21 19:08:49.063] Husby was here, and we are ready to go
[2026-05-21 19:08:49.073] AUTO-DISENGAGE: gear left Park (now N)
[2026-05-21 19:08:49.074] Husby was here, and we are ready to go
[2026-05-21 19:08:49.079] AUTO-DISENGAGE: gear left Park (now N)
[2026-05-21 19:08:49.079] Husby was here, and we are ready to go
[2026-05-21 19:08:49.101] AUTO-DISENGAGE: gear left Park (now N)
[2026-05-21 19:08:49.101] Husby was here, and we are ready to go
[2026-05-21 19:08:49.121] AUTO-DISENGAGE: gear left Park (now N)
[2026-05-21 19:08:49.121] Husby was here, and we are ready to go
[2026-05-21 19:08:49.142] AUTO-DISENGAGE: gear left Park (now N)
[2026-05-21 19:08:49.142] Husby was here, and we are ready to go
[2026-05-21 19:08:49.160] AUTO-DISENGAGE: gear left Park (now N)
[2026-05-21 19:08:49.160] Husby was here, and we are ready to go
[2026-05-21 19:08:49.173] AUTO-DISENGAGE: gear left Park (now N)
[2026-05-21 19:08:49.173] Husby was here, and we are ready to go
[2026-05-21 19:08:49.178] AUTO-DISENGAGE: gear left Park (now N)
[2026-05-21 19:08:49.179] Husby was here, and we are ready to go
[2026-05-21 19:08:49.200] AUTO-DISENGAGE: gear left Park (now N)
[2026-05-21 19:08:49.200] Husby was here, and we are ready to go
[2026-05-21 19:08:49.220] AUTO-DISENGAGE: gear left Park (now N)
[2026-05-21 19:08:49.220] Husby was here, and we are ready to go
[2026-05-21 19:08:49.240] AUTO-DISENGAGE: gear left Park (now N)
[2026-05-21 19:08:49.240] Husby was here, and we are ready to go
[2026-05-21 19:08:49.261] AUTO-DISENGAGE: gear left Park (now N)
[2026-05-21 19:08:49.261] Husby was here, and we are ready to go
[2026-05-21 19:08:49.273] AUTO-DISENGAGE: gear left Park (now N)
[2026-05-21 19:08:49.273] Husby was here, and we are ready to go
[2026-05-21 19:08:49.279] AUTO-DISENGAGE: gear left Park (now N)
[2026-05-21 19:08:49.279] Husby was here, and we are ready to go
[2026-05-21 19:08:49.300] AUTO-DISENGAGE: gear left Park (now N)
[2026-05-21 19:08:49.300] Husby was here, and we are ready to go
[2026-05-21 19:08:49.320] AUTO-DISENGAGE: gear left Park (now N)
[2026-05-21 19:08:49.320] Husby was here, and we are ready to go
[2026-05-21 19:08:49.340] AUTO-DISENGAGE: gear left Park (now N)
[2026-05-21 19:08:49.340] Husby was here, and we are ready to go
[2026-05-21 19:08:49.360] AUTO-DISENGAGE: gear left Park (now N)
[2026-05-21 19:08:49.360] Husby was here, and we are ready to go
[2026-05-21 19:08:49.373] AUTO-DISENGAGE: gear left Park (now N)
[2026-05-21 19:08:49.374] Husby was here, and we are ready to go
[2026-05-21 19:08:49.379] AUTO-DISENGAGE: gear left Park (now N)
[2026-05-21 19:08:49.379] Husby was here, and we are ready to go
[2026-05-21 19:08:49.401] AUTO-DISENGAGE: gear left Park (now N)
[2026-05-21 19:08:49.401] Husby was here, and we are ready to go
[2026-05-21 19:08:49.422] AUTO-DISENGAGE: gear left Park (now N)
[2026-05-21 19:08:49.422] Husby was here, and we are ready to go
[2026-05-21 19:08:49.442] AUTO-DISENGAGE: gear left Park (now N)
[2026-05-21 19:08:49.443] Husby was here, and we are ready to go
[2026-05-21 19:08:49.461] AUTO-DISENGAGE: gear left Park (now N)
[2026-05-21 19:08:49.461] Husby was here, and we are ready to go
[2026-05-21 19:08:49.473] AUTO-DISENGAGE: gear left Park (now N)
[2026-05-21 19:08:49.473] Husby was here, and we are ready to go
[2026-05-21 19:08:49.480] AUTO-DISENGAGE: gear left Park (now N)
[2026-05-21 19:08:49.480] Husby was here, and we are ready to go
[2026-05-21 19:08:49.504] AUTO-DISENGAGE: gear left Park (now N)
[2026-05-21 19:08:49.505] Husby was here, and we are ready to go
[2026-05-21 19:08:49.521] AUTO-DISENGAGE: gear left Park (now N)
[2026-05-21 19:08:49.521] Husby was here, and we are ready to go
[2026-05-21 19:08:49.541] AUTO-DISENGAGE: gear left Park (now N)
[2026-05-21 19:08:49.542] Husby was here, and we are ready to go
[2026-05-21 19:08:49.560] AUTO-DISENGAGE: gear left Park (now N)
[2026-05-21 19:08:49.560] Husby was here, and we are ready to go
[2026-05-21 19:08:49.574] AUTO-DISENGAGE: gear left Park (now N)
[2026-05-21 19:08:49.574] Husby was here, and we are ready to go
[2026-05-21 19:08:49.579] AUTO-DISENGAGE: gear left Park (now N)
[2026-05-21 19:08:49.579] Husby was here, and we are ready to go
[2026-05-21 19:08:49.600] AUTO-DISENGAGE: gear left Park (now N)
[2026-05-21 19:08:49.600] Husby was here, and we are ready to go
[2026-05-21 19:08:49.620] AUTO-DISENGAGE: gear left Park (now N)
[2026-05-21 19:08:49.620] Husby was here, and we are ready to go
[2026-05-21 19:08:49.642] AUTO-DISENGAGE: gear left Park (now N)
[2026-05-21 19:08:49.642] Husby was here, and we are ready to go
[2026-05-21 19:08:49.661] AUTO-DISENGAGE: gear left Park (now N)
[2026-05-21 19:08:49.661] Husby was here, and we are ready to go
[2026-05-21 19:08:49.674] AUTO-DISENGAGE: gear left Park (now N)
[2026-05-21 19:08:49.674] Husby was here, and we are ready to go
[2026-05-21 19:08:49.678] AUTO-DISENGAGE: gear left Park (now N)
[2026-05-21 19:08:49.679] Husby was here, and we are ready to go
[2026-05-21 19:08:49.704] AUTO-DISENGAGE: gear left Park (now N)
[2026-05-21 19:08:49.704] Husby was here, and we are ready to go
[2026-05-21 19:08:49.721] AUTO-DISENGAGE: gear left Park (now N)
[2026-05-21 19:08:49.721] Husby was here, and we are ready to go
[2026-05-21 19:08:49.741] AUTO-DISENGAGE: gear left Park (now N)
[2026-05-21 19:08:49.741] Husby was here, and we are ready to go
[2026-05-21 19:08:49.761] AUTO-DISENGAGE: gear left Park (now N)
[2026-05-21 19:08:49.761] Husby was here, and we are ready to go
[2026-05-21 19:08:49.774] AUTO-DISENGAGE: gear left Park (now N)
[2026-05-21 19:08:49.775] Husby was here, and we are ready to go
[2026-05-21 19:08:49.780] AUTO-DISENGAGE: gear left Park (now N)
[2026-05-21 19:08:49.780] Husby was here, and we are ready to go
[2026-05-21 19:08:49.801] AUTO-DISENGAGE: gear left Park (now N)
[2026-05-21 19:08:49.801] Husby was here, and we are ready to go
[2026-05-21 19:08:49.820] AUTO-DISENGAGE: gear left Park (now N)
[2026-05-21 19:08:49.820] Husby was here, and we are ready to go
[2026-05-21 19:08:49.840] AUTO-DISENGAGE: gear left Park (now N)
[2026-05-21 19:08:49.840] Husby was here, and we are ready to go
[2026-05-21 19:08:49.862] AUTO-DISENGAGE: gear left Park (now N)
[2026-05-21 19:08:49.863] Husby was here, and we are ready to go
[2026-05-21 19:08:49.874] AUTO-DISENGAGE: gear left Park (now N)
[2026-05-21 19:08:49.874] Husby was here, and we are ready to go
[2026-05-21 19:08:49.880] AUTO-DISENGAGE: gear left Park (now N)
[2026-05-21 19:08:49.880] Husby was here, and we are ready to go
[2026-05-21 19:08:49.903] AUTO-DISENGAGE: gear left Park (now N)
[2026-05-21 19:08:49.903] Husby was here, and we are ready to go
[2026-05-21 19:08:49.923] AUTO-DISENGAGE: gear left Park (now N)
[2026-05-21 19:08:49.924] Husby was here, and we are ready to go
[2026-05-21 19:08:49.940] AUTO-DISENGAGE: gear left Park (now N)
[2026-05-21 19:08:49.940] Husby was here, and we are ready to go
[2026-05-21 19:08:49.962] AUTO-DISENGAGE: gear left Park (now N)
[2026-05-21 19:08:49.962] Husby was here, and we are ready to go
[2026-05-21 19:08:49.973] AUTO-DISENGAGE: gear left Park (now N)
[2026-05-21 19:08:49.973] Husby was here, and we are ready to go
[2026-05-21 19:08:49.979] AUTO-DISENGAGE: gear left Park (now N)
[2026-05-21 19:08:49.979] Husby was here, and we are ready to go
[2026-05-21 19:08:50.002] AUTO-DISENGAGE: gear left Park (now N)
[2026-05-21 19:08:50.002] Husby was here, and we are ready to go
[2026-05-21 19:08:50.020] AUTO-DISENGAGE: gear left Park (now N)
[2026-05-21 19:08:50.020] Husby was here, and we are ready to go
[2026-05-21 19:08:50.040] AUTO-DISENGAGE: gear left Park (now N)
[2026-05-21 19:08:50.040] Husby was here, and we are ready to go
[2026-05-21 19:08:50.060] AUTO-DISENGAGE: gear left Park (now N)
[2026-05-21 19:08:50.060] Husby was here, and we are ready to go
[2026-05-21 19:08:50.073] AUTO-DISENGAGE: gear left Park (now N)
[2026-05-21 19:08:50.073] Husby was here, and we are ready to go
[2026-05-21 19:08:50.079] AUTO-DISENGAGE: gear left Park (now N)
[2026-05-21 19:08:50.079] Husby was here, and we are ready to go
[2026-05-21 19:08:50.100] AUTO-DISENGAGE: gear left Park (now N)
[2026-05-21 19:08:50.100] Husby was here, and we are ready to go
[2026-05-21 19:08:50.119] AUTO-DISENGAGE: gear left Park (now N)
[2026-05-21 19:08:50.119] Husby was here, and we are ready to go
[2026-05-21 19:08:50.139] AUTO-DISENGAGE: gear left Park (now N)
[2026-05-21 19:08:50.140] Husby was here, and we are ready to go
[2026-05-21 19:08:50.159] AUTO-DISENGAGE: gear left Park (now N)
[2026-05-21 19:08:50.159] Husby was here, and we are ready to go
[2026-05-21 19:08:50.172] AUTO-DISENGAGE: gear left Park (now N)
[2026-05-21 19:08:50.172] Husby was here, and we are ready to go
[2026-05-21 19:08:50.179] AUTO-DISENGAGE: gear left Park (now N)
[2026-05-21 19:08:50.179] Husby was here, and we are ready to go
[2026-05-21 19:08:50.199] AUTO-DISENGAGE: gear left Park (now N)
[2026-05-21 19:08:50.199] Husby was here, and we are ready to go
[2026-05-21 19:08:50.219] AUTO-DISENGAGE: gear left Park (now N)
[2026-05-21 19:08:50.219] Husby was here, and we are ready to go
[2026-05-21 19:08:50.240] AUTO-DISENGAGE: gear left Park (now N)
[2026-05-21 19:08:50.240] Husby was here, and we are ready to go
[2026-05-21 19:08:50.261] AUTO-DISENGAGE: gear left Park (now N)
[2026-05-21 19:08:50.261] Husby was here, and we are ready to go
[2026-05-21 19:08:50.275] AUTO-DISENGAGE: gear left Park (now N)
[2026-05-21 19:08:50.275] Husby was here, and we are ready to go
[2026-05-21 19:08:50.278] AUTO-DISENGAGE: gear left Park (now N)
[2026-05-21 19:08:50.279] Husby was here, and we are ready to go
[2026-05-21 19:08:50.304] AUTO-DISENGAGE: gear left Park (now N)
[2026-05-21 19:08:50.304] Husby was here, and we are ready to go
[2026-05-21 19:08:50.322] AUTO-DISENGAGE: gear left Park (now N)
[2026-05-21 19:08:50.322] Husby was here, and we are ready to go
[2026-05-21 19:08:50.344] AUTO-DISENGAGE: gear left Park (now N)
[2026-05-21 19:08:50.344] Husby was here, and we are ready to go
[2026-05-21 19:08:50.361] AUTO-DISENGAGE: gear left Park (now N)
[2026-05-21 19:08:50.361] Husby was here, and we are ready to go
[2026-05-21 19:08:50.375] AUTO-DISENGAGE: gear left Park (now N)
[2026-05-21 19:08:50.375] Husby was here, and we are ready to go
[2026-05-21 19:08:50.379] AUTO-DISENGAGE: gear left Park (now N)
[2026-05-21 19:08:50.379] Husby was here, and we are ready to go
[2026-05-21 19:08:50.404] AUTO-DISENGAGE: gear left Park (now N)
[2026-05-21 19:08:50.404] Husby was here, and we are ready to go
[2026-05-21 19:08:50.422] AUTO-DISENGAGE: gear left Park (now N)
[2026-05-21 19:08:50.422] Husby was here, and we are ready to go
[2026-05-21 19:08:50.440] AUTO-DISENGAGE: gear left Park (now N)
[2026-05-21 19:08:50.440] Husby was here, and we are ready to go
[2026-05-21 19:08:50.462] AUTO-DISENGAGE: gear left Park (now N)
[2026-05-21 19:08:50.463] Husby was here, and we are ready to go
[2026-05-21 19:08:50.474] AUTO-DISENGAGE: gear left Park (now N)
[2026-05-21 19:08:50.475] Husby was here, and we are ready to go
[2026-05-21 19:08:50.479] AUTO-DISENGAGE: gear left Park (now N)
[2026-05-21 19:08:50.479] Husby was here, and we are ready to go
[2026-05-21 19:08:50.505] AUTO-DISENGAGE: gear left Park (now N)
[2026-05-21 19:08:50.505] Husby was here, and we are ready to go
[2026-05-21 19:08:50.523] AUTO-DISENGAGE: gear left Park (now N)
[2026-05-21 19:08:50.523] Husby was here, and we are ready to go
[2026-05-21 19:08:50.541] AUTO-DISENGAGE: gear left Park (now N)
[2026-05-21 19:08:50.541] Husby was here, and we are ready to go
[2026-05-21 19:08:50.561] AUTO-DISENGAGE: gear left Park (now N)
[2026-05-21 19:08:50.561] Husby was here, and we are ready to go
[2026-05-21 19:08:50.574] AUTO-DISENGAGE: gear left Park (now N)
[2026-05-21 19:08:50.574] Husby was here, and we are ready to go
[2026-05-21 19:08:50.578] AUTO-DISENGAGE: gear left Park (now N)
[2026-05-21 19:08:50.579] Husby was here, and we are ready to go
[2026-05-21 19:08:50.602] AUTO-DISENGAGE: gear left Park (now N)
[2026-05-21 19:08:50.602] Husby was here, and we are ready to go
[2026-05-21 19:08:50.621] AUTO-DISENGAGE: gear left Park (now N)
[2026-05-21 19:08:50.622] Husby was here, and we are ready to go
[2026-05-21 19:08:50.642] AUTO-DISENGAGE: gear left Park (now N)
[2026-05-21 19:08:50.642] Husby was here, and we are ready to go
[2026-05-21 19:08:50.661] AUTO-DISENGAGE: gear left Park (now N)
[2026-05-21 19:08:50.662] Husby was here, and we are ready to go
[2026-05-21 19:08:50.673] AUTO-DISENGAGE: gear left Park (now N)
[2026-05-21 19:08:50.674] Husby was here, and we are ready to go
[2026-05-21 19:08:50.679] AUTO-DISENGAGE: gear left Park (now N)
[2026-05-21 19:08:50.680] Husby was here, and we are ready to go
[2026-05-21 19:08:50.703] AUTO-DISENGAGE: gear left Park (now N)
[2026-05-21 19:08:50.704] Husby was here, and we are ready to go
[2026-05-21 19:08:50.719] AUTO-DISENGAGE: gear left Park (now N)
[2026-05-21 19:08:50.719] Husby was here, and we are ready to go
[2026-05-21 19:08:50.739] AUTO-DISENGAGE: gear left Park (now N)
[2026-05-21 19:08:50.740] Husby was here, and we are ready to go
[2026-05-21 19:08:50.759] AUTO-DISENGAGE: gear left Park (now N)
[2026-05-21 19:08:50.759] Husby was here, and we are ready to go
[2026-05-21 19:08:50.773] AUTO-DISENGAGE: gear left Park (now N)
[2026-05-21 19:08:50.773] Husby was here, and we are ready to go
[2026-05-21 19:08:50.779] AUTO-DISENGAGE: gear left Park (now N)
[2026-05-21 19:08:50.779] Husby was here, and we are ready to go
[2026-05-21 19:08:50.799] AUTO-DISENGAGE: gear left Park (now N)
[2026-05-21 19:08:50.799] Husby was here, and we are ready to go
[2026-05-21 19:08:50.819] AUTO-DISENGAGE: gear left Park (now N)
[2026-05-21 19:08:50.819] Husby was here, and we are ready to go
[2026-05-21 19:08:50.842] AUTO-DISENGAGE: gear left Park (now N)
[2026-05-21 19:08:50.842] Husby was here, and we are ready to go
[2026-05-21 19:08:50.863] AUTO-DISENGAGE: gear left Park (now N)
[2026-05-21 19:08:50.864] Husby was here, and we are ready to go
[2026-05-21 19:08:50.874] AUTO-DISENGAGE: gear left Park (now N)
[2026-05-21 19:08:50.875] Husby was here, and we are ready to go
[2026-05-21 19:08:50.879] AUTO-DISENGAGE: gear left Park (now N)
[2026-05-21 19:08:50.879] Husby was here, and we are ready to go
[2026-05-21 19:08:50.905] AUTO-DISENGAGE: gear left Park (now N)
[2026-05-21 19:08:50.905] Husby was here, and we are ready to go
[2026-05-21 19:08:50.921] AUTO-DISENGAGE: gear left Park (now N)
[2026-05-21 19:08:50.921] Husby was here, and we are ready to go
[2026-05-21 19:08:50.944] AUTO-DISENGAGE: gear left Park (now N)
[2026-05-21 19:08:50.944] Husby was here, and we are ready to go
[2026-05-21 19:08:50.961] AUTO-DISENGAGE: gear left Park (now N)
[2026-05-21 19:08:50.961] Husby was here, and we are ready to go
[2026-05-21 19:08:50.974] AUTO-DISENGAGE: gear left Park (now N)
[2026-05-21 19:08:50.975] Husby was here, and we are ready to go
[2026-05-21 19:08:50.979] AUTO-DISENGAGE: gear left Park (now N)
[2026-05-21 19:08:50.980] Husby was here, and we are ready to go
[2026-05-21 19:08:51.005] AUTO-DISENGAGE: gear left Park (now N)
[2026-05-21 19:08:51.005] Husby was here, and we are ready to go
[2026-05-21 19:08:51.020] AUTO-DISENGAGE: gear left Park (now N)
[2026-05-21 19:08:51.020] Husby was here, and we are ready to go
[2026-05-21 19:08:51.040] AUTO-DISENGAGE: gear left Park (now N)
[2026-05-21 19:08:51.040] Husby was here, and we are ready to go
[2026-05-21 19:08:51.061] AUTO-DISENGAGE: gear left Park (now N)
[2026-05-21 19:08:51.061] Husby was here, and we are ready to go
[2026-05-21 19:08:51.075] AUTO-DISENGAGE: gear left Park (now N)
[2026-05-21 19:08:51.075] Husby was here, and we are ready to go
[2026-05-21 19:08:51.079] AUTO-DISENGAGE: gear left Park (now N)
[2026-05-21 19:08:51.080] Husby was here, and we are ready to go
[2026-05-21 19:08:51.103] AUTO-DISENGAGE: gear left Park (now N)
[2026-05-21 19:08:51.104] Husby was here, and we are ready to go
[2026-05-21 19:08:51.122] AUTO-DISENGAGE: gear left Park (now N)
[2026-05-21 19:08:51.122] Husby was here, and we are ready to go
[2026-05-21 19:08:51.141] AUTO-DISENGAGE: gear left Park (now N)
[2026-05-21 19:08:51.142] Husby was here, and we are ready to go
[2026-05-21 19:08:51.161] AUTO-DISENGAGE: gear left Park (now N)
[2026-05-21 19:08:51.162] Husby was here, and we are ready to go
[2026-05-21 19:08:51.173] AUTO-DISENGAGE: gear left Park (now N)
[2026-05-21 19:08:51.174] Husby was here, and we are ready to go
[2026-05-21 19:08:51.179] AUTO-DISENGAGE: gear left Park (now N)
[2026-05-21 19:08:51.179] Husby was here, and we are ready to go
[2026-05-21 19:08:51.203] AUTO-DISENGAGE: gear left Park (now N)
[2026-05-21 19:08:51.203] Husby was here, and we are ready to go
[2026-05-21 19:08:51.220] AUTO-DISENGAGE: gear left Park (now N)
[2026-05-21 19:08:51.220] Husby was here, and we are ready to go
[2026-05-21 19:08:51.244] AUTO-DISENGAGE: gear left Park (now N)
[2026-05-21 19:08:51.244] Husby was here, and we are ready to go
[2026-05-21 19:08:51.260] AUTO-DISENGAGE: gear left Park (now N)
[2026-05-21 19:08:51.260] Husby was here, and we are ready to go
[2026-05-21 19:08:51.273] AUTO-DISENGAGE: gear left Park (now N)
[2026-05-21 19:08:51.274] Husby was here, and we are ready to go
[2026-05-21 19:08:51.279] AUTO-DISENGAGE: gear left Park (now N)
[2026-05-21 19:08:51.279] Husby was here, and we are ready to go
[2026-05-21 19:08:51.300] AUTO-DISENGAGE: gear left Park (now N)
[2026-05-21 19:08:51.301] Husby was here, and we are ready to go
[2026-05-21 19:08:51.319] AUTO-DISENGAGE: gear left Park (now N)
[2026-05-21 19:08:51.319] Husby was here, and we are ready to go
[2026-05-21 19:08:51.340] AUTO-DISENGAGE: gear left Park (now N)
[2026-05-21 19:08:51.340] Husby was here, and we are ready to go
[2026-05-21 19:08:51.360] AUTO-DISENGAGE: gear left Park (now N)
[2026-05-21 19:08:51.360] Husby was here, and we are ready to go
[2026-05-21 19:08:51.374] AUTO-DISENGAGE: gear left Park (now N)
[2026-05-21 19:08:51.375] Husby was here, and we are ready to go
[2026-05-21 19:08:51.380] AUTO-DISENGAGE: gear left Park (now N)
[2026-05-21 19:08:51.380] Husby was here, and we are ready to go
[2026-05-21 19:08:51.404] AUTO-DISENGAGE: gear left Park (now N)
[2026-05-21 19:08:51.405] Husby was here, and we are ready to go
[2026-05-21 19:08:51.425] AUTO-DISENGAGE: gear left Park (now N)
[2026-05-21 19:08:51.426] Husby was here, and we are ready to go
[2026-05-21 19:08:51.441] AUTO-DISENGAGE: gear left Park (now N)
[2026-05-21 19:08:51.441] Husby was here, and we are ready to go
[2026-05-21 19:08:51.463] AUTO-DISENGAGE: gear left Park (now N)
[2026-05-21 19:08:51.463] Husby was here, and we are ready to go
[2026-05-21 19:08:51.472] AUTO-DISENGAGE: gear left Park (now N)
[2026-05-21 19:08:51.473] Husby was here, and we are ready to go
[2026-05-21 19:08:51.479] AUTO-DISENGAGE: gear left Park (now N)
[2026-05-21 19:08:51.479] Husby was here, and we are ready to go
[2026-05-21 19:08:51.500] AUTO-DISENGAGE: gear left Park (now N)
[2026-05-21 19:08:51.500] Husby was here, and we are ready to go
[2026-05-21 19:08:51.521] AUTO-DISENGAGE: gear left Park (now N)
[2026-05-21 19:08:51.522] Husby was here, and we are ready to go
[2026-05-21 19:08:51.540] AUTO-DISENGAGE: gear left Park (now N)
[2026-05-21 19:08:51.540] Husby was here, and we are ready to go
[2026-05-21 19:08:51.560] AUTO-DISENGAGE: gear left Park (now N)
[2026-05-21 19:08:51.560] Husby was here, and we are ready to go
[2026-05-21 19:08:51.574] AUTO-DISENGAGE: gear left Park (now N)
[2026-05-21 19:08:51.574] Husby was here, and we are ready to go
[2026-05-21 19:08:51.579] AUTO-DISENGAGE: gear left Park (now N)
[2026-05-21 19:08:51.579] Husby was here, and we are ready to go
[2026-05-21 19:08:51.601] AUTO-DISENGAGE: gear left Park (now N)
[2026-05-21 19:08:51.601] Husby was here, and we are ready to go
[2026-05-21 19:08:51.620] AUTO-DISENGAGE: gear left Park (now N)
[2026-05-21 19:08:51.620] Husby was here, and we are ready to go
[2026-05-21 19:08:51.640] AUTO-DISENGAGE: gear left Park (now N)
[2026-05-21 19:08:51.641] Husby was here, and we are ready to go
[2026-05-21 19:08:51.660] AUTO-DISENGAGE: gear left Park (now N)
[2026-05-21 19:08:51.661] Husby was here, and we are ready to go
[2026-05-21 19:08:51.674] AUTO-DISENGAGE: gear left Park (now N)
[2026-05-21 19:08:51.674] Husby was here, and we are ready to go
[2026-05-21 19:08:51.679] AUTO-DISENGAGE: gear left Park (now N)
[2026-05-21 19:08:51.679] Husby was here, and we are ready to go
[2026-05-21 19:08:51.701] AUTO-DISENGAGE: gear left Park (now N)
[2026-05-21 19:08:51.701] Husby was here, and we are ready to go
[2026-05-21 19:08:51.720] AUTO-DISENGAGE: gear left Park (now N)
[2026-05-21 19:08:51.720] Husby was here, and we are ready to go
[2026-05-21 19:08:51.742] AUTO-DISENGAGE: gear left Park (now N)
[2026-05-21 19:08:51.743] Husby was here, and we are ready to go
[2026-05-21 19:08:51.761] AUTO-DISENGAGE: gear left Park (now N)
[2026-05-21 19:08:51.762] Husby was here, and we are ready to go
[2026-05-21 19:08:51.773] AUTO-DISENGAGE: gear left Park (now N)
[2026-05-21 19:08:51.774] Husby was here, and we are ready to go
[2026-05-21 19:08:51.780] AUTO-DISENGAGE: gear left Park (now N)
[2026-05-21 19:08:51.780] Husby was here, and we are ready to go
[2026-05-21 19:08:51.802] AUTO-DISENGAGE: gear left Park (now N)
[2026-05-21 19:08:51.802] Husby was here, and we are ready to go
[2026-05-21 19:08:51.822] AUTO-DISENGAGE: gear left Park (now N)
[2026-05-21 19:08:51.822] Husby was here, and we are ready to go
[2026-05-21 19:08:51.840] AUTO-DISENGAGE: gear left Park (now N)
[2026-05-21 19:08:51.841] Husby was here, and we are ready to go
[2026-05-21 19:08:51.860] AUTO-DISENGAGE: gear left Park (now N)
[2026-05-21 19:08:51.860] Husby was here, and we are ready to go
[2026-05-21 19:08:51.873] AUTO-DISENGAGE: gear left Park (now N)
[2026-05-21 19:08:51.873] Husby was here, and we are ready to go
[2026-05-21 19:08:51.879] AUTO-DISENGAGE: gear left Park (now N)
[2026-05-21 19:08:51.879] Husby was here, and we are ready to go
[2026-05-21 19:08:51.900] AUTO-DISENGAGE: gear left Park (now N)
[2026-05-21 19:08:51.900] Husby was here, and we are ready to go
[2026-05-21 19:08:51.919] AUTO-DISENGAGE: gear left Park (now N)
[2026-05-21 19:08:51.919] Husby was here, and we are ready to go
[2026-05-21 19:08:51.940] AUTO-DISENGAGE: gear left Park (now N)
[2026-05-21 19:08:51.940] Husby was here, and we are ready to go
[2026-05-21 19:08:51.960] AUTO-DISENGAGE: gear left Park (now N)
[2026-05-21 19:08:51.960] Husby was here, and we are ready to go
[2026-05-21 19:08:51.975] AUTO-DISENGAGE: gear left Park (now N)
[2026-05-21 19:08:51.976] Husby was here, and we are ready to go
[2026-05-21 19:08:51.979] AUTO-DISENGAGE: gear left Park (now N)
[2026-05-21 19:08:51.979] Husby was here, and we are ready to go
[2026-05-21 19:08:52.005] AUTO-DISENGAGE: gear left Park (now N)
[2026-05-21 19:08:52.005] Husby was here, and we are ready to go
[2026-05-21 19:08:52.021] AUTO-DISENGAGE: gear left Park (now N)
[2026-05-21 19:08:52.021] Husby was here, and we are ready to go
[2026-05-21 19:08:52.042] AUTO-DISENGAGE: gear left Park (now N)
[2026-05-21 19:08:52.042] Husby was here, and we are ready to go
[2026-05-21 19:08:52.065] AUTO-DISENGAGE: gear left Park (now N)
[2026-05-21 19:08:52.065] Husby was here, and we are ready to go
[2026-05-21 19:08:52.073] AUTO-DISENGAGE: gear left Park (now N)
[2026-05-21 19:08:52.074] Husby was here, and we are ready to go
[2026-05-21 19:08:52.080] AUTO-DISENGAGE: gear left Park (now N)
[2026-05-21 19:08:52.080] Husby was here, and we are ready to go
[2026-05-21 19:08:52.103] AUTO-DISENGAGE: gear left Park (now N)
[2026-05-21 19:08:52.103] Husby was here, and we are ready to go
[2026-05-21 19:08:52.121] AUTO-DISENGAGE: gear left Park (now N)
[2026-05-21 19:08:52.121] Husby was here, and we are ready to go
[2026-05-21 19:08:52.141] AUTO-DISENGAGE: gear left Park (now N)
[2026-05-21 19:08:52.141] Husby was here, and we are ready to go
[2026-05-21 19:08:52.161] AUTO-DISENGAGE: gear left Park (now N)
[2026-05-21 19:08:52.161] Husby was here, and we are ready to go
[2026-05-21 19:08:52.174] AUTO-DISENGAGE: gear left Park (now N)
[2026-05-21 19:08:52.175] Husby was here, and we are ready to go
[2026-05-21 19:08:52.179] AUTO-DISENGAGE: gear left Park (now N)
[2026-05-21 19:08:52.180] Husby was here, and we are ready to go
[2026-05-21 19:08:52.202] AUTO-DISENGAGE: gear left Park (now N)
[2026-05-21 19:08:52.202] Husby was here, and we are ready to go
[2026-05-21 19:08:52.220] AUTO-DISENGAGE: gear left Park (now N)
[2026-05-21 19:08:52.220] Husby was here, and we are ready to go
[2026-05-21 19:08:52.240] AUTO-DISENGAGE: gear left Park (now N)
[2026-05-21 19:08:52.240] Husby was here, and we are ready to go
[2026-05-21 19:08:52.263] AUTO-DISENGAGE: gear left Park (now N)
[2026-05-21 19:08:52.263] Husby was here, and we are ready to go
[2026-05-21 19:08:52.273] AUTO-DISENGAGE: gear left Park (now N)
[2026-05-21 19:08:52.274] Husby was here, and we are ready to go
[2026-05-21 19:08:52.280] AUTO-DISENGAGE: gear left Park (now N)
[2026-05-21 19:08:52.280] Husby was here, and we are ready to go
[2026-05-21 19:08:52.302] AUTO-DISENGAGE: gear left Park (now N)
[2026-05-21 19:08:52.302] Husby was here, and we are ready to go
[2026-05-21 19:08:52.325] AUTO-DISENGAGE: gear left Park (now N)
[2026-05-21 19:08:52.326] Husby was here, and we are ready to go
[2026-05-21 19:08:52.344] AUTO-DISENGAGE: gear left Park (now N)
[2026-05-21 19:08:52.344] Husby was here, and we are ready to go
[2026-05-21 19:08:52.363] AUTO-DISENGAGE: gear left Park (now N)
[2026-05-21 19:08:52.364] Husby was here, and we are ready to go
[2026-05-21 19:08:52.374] AUTO-DISENGAGE: gear left Park (now N)
[2026-05-21 19:08:52.374] Husby was here, and we are ready to go
[2026-05-21 19:08:52.379] AUTO-DISENGAGE: gear left Park (now N)
[2026-05-21 19:08:52.379] Husby was here, and we are ready to go
[2026-05-21 19:08:52.401] AUTO-DISENGAGE: gear left Park (now N)
[2026-05-21 19:08:52.402] Husby was here, and we are ready to go
[2026-05-21 19:08:52.420] AUTO-DISENGAGE: gear left Park (now N)
[2026-05-21 19:08:52.420] Husby was here, and we are ready to go
[2026-05-21 19:08:52.441] AUTO-DISENGAGE: gear left Park (now N)
[2026-05-21 19:08:52.441] Husby was here, and we are ready to go
[2026-05-21 19:08:52.460] AUTO-DISENGAGE: gear left Park (now N)
[2026-05-21 19:08:52.460] Husby was here, and we are ready to go
[2026-05-21 19:08:52.472] AUTO-DISENGAGE: gear left Park (now N)
[2026-05-21 19:08:52.472] Husby was here, and we are ready to go
[2026-05-21 19:08:52.479] AUTO-DISENGAGE: gear left Park (now N)
[2026-05-21 19:08:52.479] Husby was here, and we are ready to go
[2026-05-21 19:08:52.499] AUTO-DISENGAGE: gear left Park (now N)
[2026-05-21 19:08:52.500] Husby was here, and we are ready to go
[2026-05-21 19:08:52.520] AUTO-DISENGAGE: gear left Park (now N)
[2026-05-21 19:08:52.521] Husby was here, and we are ready to go
[2026-05-21 19:08:52.541] AUTO-DISENGAGE: gear left Park (now N)
[2026-05-21 19:08:52.541] Husby was here, and we are ready to go
[2026-05-21 19:08:52.561] AUTO-DISENGAGE: gear left Park (now N)
[2026-05-21 19:08:52.561] Husby was here, and we are ready to go
[2026-05-21 19:08:52.574] AUTO-DISENGAGE: gear left Park (now N)
[2026-05-21 19:08:52.574] Husby was here, and we are ready to go
[2026-05-21 19:08:52.579] AUTO-DISENGAGE: gear left Park (now N)
[2026-05-21 19:08:52.579] Husby was here, and we are ready to go
[2026-05-21 19:08:52.604] AUTO-DISENGAGE: gear left Park (now N)
[2026-05-21 19:08:52.605] Husby was here, and we are ready to go
[2026-05-21 19:08:52.620] AUTO-DISENGAGE: gear left Park (now N)
[2026-05-21 19:08:52.620] Husby was here, and we are ready to go
[2026-05-21 19:08:52.640] AUTO-DISENGAGE: gear left Park (now N)
[2026-05-21 19:08:52.640] Husby was here, and we are ready to go
[2026-05-21 19:08:52.660] AUTO-DISENGAGE: gear left Park (now N)
[2026-05-21 19:08:52.660] Husby was here, and we are ready to go
[2026-05-21 19:08:52.674] AUTO-DISENGAGE: gear left Park (now N)
[2026-05-21 19:08:52.674] Husby was here, and we are ready to go
[2026-05-21 19:08:52.679] AUTO-DISENGAGE: gear left Park (now N)
[2026-05-21 19:08:52.679] Husby was here, and we are ready to go
[2026-05-21 19:08:52.700] AUTO-DISENGAGE: gear left Park (now N)
[2026-05-21 19:08:52.700] Husby was here, and we are ready to go
[2026-05-21 19:08:52.720] AUTO-DISENGAGE: gear left Park (now N)
[2026-05-21 19:08:52.720] Husby was here, and we are ready to go
[2026-05-21 19:08:52.742] AUTO-DISENGAGE: gear left Park (now N)
[2026-05-21 19:08:52.742] Husby was here, and we are ready to go
[2026-05-21 19:08:52.761] AUTO-DISENGAGE: gear left Park (now N)
[2026-05-21 19:08:52.762] Husby was here, and we are ready to go
[2026-05-21 19:08:52.774] AUTO-DISENGAGE: gear left Park (now N)
[2026-05-21 19:08:52.774] Husby was here, and we are ready to go
[2026-05-21 19:08:52.779] AUTO-DISENGAGE: gear left Park (now N)
[2026-05-21 19:08:52.779] Husby was here, and we are ready to go
[2026-05-21 19:08:52.801] AUTO-DISENGAGE: gear left Park (now N)
[2026-05-21 19:08:52.801] Husby was here, and we are ready to go
[2026-05-21 19:08:52.820] AUTO-DISENGAGE: gear left Park (now N)
[2026-05-21 19:08:52.820] Husby was here, and we are ready to go
[2026-05-21 19:08:52.841] AUTO-DISENGAGE: gear left Park (now N)
[2026-05-21 19:08:52.841] Husby was here, and we are ready to go
[2026-05-21 19:08:52.861] AUTO-DISENGAGE: gear left Park (now N)
[2026-05-21 19:08:52.861] Husby was here, and we are ready to go
[2026-05-21 19:08:52.873] AUTO-DISENGAGE: gear left Park (now N)
[2026-05-21 19:08:52.874] Husby was here, and we are ready to go
[2026-05-21 19:08:52.879] AUTO-DISENGAGE: gear left Park (now N)
[2026-05-21 19:08:52.879] Husby was here, and we are ready to go
[2026-05-21 19:08:52.900] AUTO-DISENGAGE: gear left Park (now N)
[2026-05-21 19:08:52.900] Husby was here, and we are ready to go
[2026-05-21 19:08:52.920] AUTO-DISENGAGE: gear left Park (now N)
[2026-05-21 19:08:52.920] Husby was here, and we are ready to go
[2026-05-21 19:08:52.940] AUTO-DISENGAGE: gear left Park (now N)
[2026-05-21 19:08:52.941] Husby was here, and we are ready to go
[2026-05-21 19:08:52.960] AUTO-DISENGAGE: gear left Park (now N)
[2026-05-21 19:08:52.961] Husby was here, and we are ready to go
[2026-05-21 19:08:52.973] AUTO-DISENGAGE: gear left Park (now N)
[2026-05-21 19:08:52.973] Husby was here, and we are ready to go
[2026-05-21 19:08:52.979] AUTO-DISENGAGE: gear left Park (now N)
[2026-05-21 19:08:52.979] Husby was here, and we are ready to go
[2026-05-21 19:08:53.000] AUTO-DISENGAGE: gear left Park (now N)
[2026-05-21 19:08:53.000] Husby was here, and we are ready to go
[2026-05-21 19:08:53.020] AUTO-DISENGAGE: gear left Park (now N)
[2026-05-21 19:08:53.020] Husby was here, and we are ready to go
[2026-05-21 19:08:53.039] AUTO-DISENGAGE: gear left Park (now N)
[2026-05-21 19:08:53.039] Husby was here, and we are ready to go
[2026-05-21 19:08:53.059] AUTO-DISENGAGE: gear left Park (now N)
[2026-05-21 19:08:53.059] Husby was here, and we are ready to go
[2026-05-21 19:08:53.073] AUTO-DISENGAGE: gear left Park (now N)
[2026-05-21 19:08:53.073] Husby was here, and we are ready to go
[2026-05-21 19:08:53.079] AUTO-DISENGAGE: gear left Park (now N)
[2026-05-21 19:08:53.079] Husby was here, and we are ready to go
[2026-05-21 19:08:53.099] AUTO-DISENGAGE: gear left Park (now N)
[2026-05-21 19:08:53.099] Husby was here, and we are ready to go
[2026-05-21 19:08:53.119] AUTO-DISENGAGE: gear left Park (now N)
[2026-05-21 19:08:53.119] Husby was here, and we are ready to go
[2026-05-21 19:08:53.140] AUTO-DISENGAGE: gear left Park (now N)
[2026-05-21 19:08:53.140] Husby was here, and we are ready to go
[2026-05-21 19:08:53.159] AUTO-DISENGAGE: gear left Park (now N)
[2026-05-21 19:08:53.159] Husby was here, and we are ready to go
[2026-05-21 19:08:53.173] AUTO-DISENGAGE: gear left Park (now N)
[2026-05-21 19:08:53.173] Husby was here, and we are ready to go
[2026-05-21 19:08:53.179] AUTO-DISENGAGE: gear left Park (now N)
[2026-05-21 19:08:53.179] Husby was here, and we are ready to go
[2026-05-21 19:08:53.199] AUTO-DISENGAGE: gear left Park (now N)
[2026-05-21 19:08:53.199] Husby was here, and we are ready to go
[2026-05-21 19:08:53.223] AUTO-DISENGAGE: gear left Park (now N)
[2026-05-21 19:08:53.224] Husby was here, and we are ready to go
[2026-05-21 19:08:53.241] AUTO-DISENGAGE: gear left Park (now N)
[2026-05-21 19:08:53.241] Husby was here, and we are ready to go
[2026-05-21 19:08:53.262] AUTO-DISENGAGE: gear left Park (now N)
[2026-05-21 19:08:53.263] Husby was here, and we are ready to go
[2026-05-21 19:08:53.275] AUTO-DISENGAGE: gear left Park (now N)
[2026-05-21 19:08:53.275] Husby was here, and we are ready to go
[2026-05-21 19:08:53.280] AUTO-DISENGAGE: gear left Park (now N)
[2026-05-21 19:08:53.280] Husby was here, and we are ready to go
[2026-05-21 19:08:53.300] AUTO-DISENGAGE: gear left Park (now N)
[2026-05-21 19:08:53.300] Husby was here, and we are ready to go
[2026-05-21 19:08:53.320] AUTO-DISENGAGE: gear left Park (now N)
[2026-05-21 19:08:53.320] Husby was here, and we are ready to go
[2026-05-21 19:08:53.341] AUTO-DISENGAGE: gear left Park (now N)
[2026-05-21 19:08:53.341] Husby was here, and we are ready to go
[2026-05-21 19:08:53.360] AUTO-DISENGAGE: gear left Park (now N)
[2026-05-21 19:08:53.361] Husby was here, and we are ready to go
[2026-05-21 19:08:53.374] AUTO-DISENGAGE: gear left Park (now N)
[2026-05-21 19:08:53.374] Husby was here, and we are ready to go
[2026-05-21 19:08:53.379] AUTO-DISENGAGE: gear left Park (now N)
[2026-05-21 19:08:53.379] Husby was here, and we are ready to go
[2026-05-21 19:08:53.400] AUTO-DISENGAGE: gear left Park (now N)
[2026-05-21 19:08:53.400] Husby was here, and we are ready to go
[2026-05-21 19:08:53.424] AUTO-DISENGAGE: gear left Park (now N)
[2026-05-21 19:08:53.424] Husby was here, and we are ready to go
[2026-05-21 19:08:53.442] AUTO-DISENGAGE: gear left Park (now N)
[2026-05-21 19:08:53.442] Husby was here, and we are ready to go
[2026-05-21 19:08:53.462] AUTO-DISENGAGE: gear left Park (now N)
[2026-05-21 19:08:53.462] Husby was here, and we are ready to go
[2026-05-21 19:08:53.475] AUTO-DISENGAGE: gear left Park (now N)
[2026-05-21 19:08:53.475] Husby was here, and we are ready to go
[2026-05-21 19:08:53.479] AUTO-DISENGAGE: gear left Park (now N)
[2026-05-21 19:08:53.480] Husby was here, and we are ready to go
[2026-05-21 19:08:53.504] AUTO-DISENGAGE: gear left Park (now N)
[2026-05-21 19:08:53.505] Husby was here, and we are ready to go
[2026-05-21 19:08:53.522] AUTO-DISENGAGE: gear left Park (now N)
[2026-05-21 19:08:53.522] Husby was here, and we are ready to go
[2026-05-21 19:08:53.541] AUTO-DISENGAGE: gear left Park (now N)
[2026-05-21 19:08:53.541] Husby was here, and we are ready to go
[2026-05-21 19:08:53.560] AUTO-DISENGAGE: gear left Park (now N)
[2026-05-21 19:08:53.560] Husby was here, and we are ready to go
[2026-05-21 19:08:53.574] AUTO-DISENGAGE: gear left Park (now N)
[2026-05-21 19:08:53.574] Husby was here, and we are ready to go
[2026-05-21 19:08:53.579] AUTO-DISENGAGE: gear left Park (now N)
[2026-05-21 19:08:53.579] Husby was here, and we are ready to go
[2026-05-21 19:08:53.602] AUTO-DISENGAGE: gear left Park (now N)
[2026-05-21 19:08:53.602] Husby was here, and we are ready to go
[2026-05-21 19:08:53.620] AUTO-DISENGAGE: gear left Park (now N)
[2026-05-21 19:08:53.620] Husby was here, and we are ready to go
[2026-05-21 19:08:53.640] AUTO-DISENGAGE: gear left Park (now N)
[2026-05-21 19:08:53.640] Husby was here, and we are ready to go
[2026-05-21 19:08:53.660] AUTO-DISENGAGE: gear left Park (now N)
[2026-05-21 19:08:53.660] Husby was here, and we are ready to go
[2026-05-21 19:08:53.673] AUTO-DISENGAGE: gear left Park (now N)
[2026-05-21 19:08:53.673] Husby was here, and we are ready to go
[2026-05-21 19:08:53.679] AUTO-DISENGAGE: gear left Park (now N)
[2026-05-21 19:08:53.679] Husby was here, and we are ready to go
[2026-05-21 19:08:53.700] AUTO-DISENGAGE: gear left Park (now N)
[2026-05-21 19:08:53.700] Husby was here, and we are ready to go
[2026-05-21 19:08:53.719] AUTO-DISENGAGE: gear left Park (now N)
[2026-05-21 19:08:53.720] Husby was here, and we are ready to go
[2026-05-21 19:08:53.740] AUTO-DISENGAGE: gear left Park (now N)
[2026-05-21 19:08:53.740] Husby was here, and we are ready to go
[2026-05-21 19:08:53.759] AUTO-DISENGAGE: gear left Park (now N)
[2026-05-21 19:08:53.760] Husby was here, and we are ready to go
[2026-05-21 19:08:53.773] AUTO-DISENGAGE: gear left Park (now N)
[2026-05-21 19:08:53.773] Husby was here, and we are ready to go
[2026-05-21 19:08:53.779] AUTO-DISENGAGE: gear left Park (now N)
[2026-05-21 19:08:53.779] Husby was here, and we are ready to go
[2026-05-21 19:08:53.799] AUTO-DISENGAGE: gear left Park (now N)
[2026-05-21 19:08:53.799] Husby was here, and we are ready to go
[2026-05-21 19:08:53.820] AUTO-DISENGAGE: gear left Park (now N)
[2026-05-21 19:08:53.820] Husby was here, and we are ready to go
[2026-05-21 19:08:53.841] AUTO-DISENGAGE: gear left Park (now N)
[2026-05-21 19:08:53.841] Husby was here, and we are ready to go
[2026-05-21 19:08:53.860] AUTO-DISENGAGE: gear left Park (now N)
[2026-05-21 19:08:53.860] Husby was here, and we are ready to go
[2026-05-21 19:08:53.873] AUTO-DISENGAGE: gear left Park (now N)
[2026-05-21 19:08:53.874] Husby was here, and we are ready to go
[2026-05-21 19:08:53.879] AUTO-DISENGAGE: gear left Park (now N)
[2026-05-21 19:08:53.879] Husby was here, and we are ready to go
[2026-05-21 19:08:53.901] AUTO-DISENGAGE: gear left Park (now N)
[2026-05-21 19:08:53.901] Husby was here, and we are ready to go
[2026-05-21 19:08:53.921] AUTO-DISENGAGE: gear left Park (now N)
[2026-05-21 19:08:53.921] Husby was here, and we are ready to go
[2026-05-21 19:08:53.941] AUTO-DISENGAGE: gear left Park (now N)
[2026-05-21 19:08:53.941] Husby was here, and we are ready to go
[2026-05-21 19:08:53.960] AUTO-DISENGAGE: gear left Park (now N)
[2026-05-21 19:08:53.960] Husby was here, and we are ready to go
[2026-05-21 19:08:53.974] AUTO-DISENGAGE: gear left Park (now N)
[2026-05-21 19:08:53.974] Husby was here, and we are ready to go
[2026-05-21 19:08:53.979] AUTO-DISENGAGE: gear left Park (now N)
[2026-05-21 19:08:53.979] Husby was here, and we are ready to go
[2026-05-21 19:08:54.002] AUTO-DISENGAGE: gear left Park (now N)
[2026-05-21 19:08:54.002] Husby was here, and we are ready to go
[2026-05-21 19:08:54.020] AUTO-DISENGAGE: gear left Park (now N)
[2026-05-21 19:08:54.020] Husby was here, and we are ready to go
[2026-05-21 19:08:54.040] AUTO-DISENGAGE: gear left Park (now N)
[2026-05-21 19:08:54.040] Husby was here, and we are ready to go
[2026-05-21 19:08:54.060] AUTO-DISENGAGE: gear left Park (now N)
[2026-05-21 19:08:54.060] Husby was here, and we are ready to go
[2026-05-21 19:08:54.074] AUTO-DISENGAGE: gear left Park (now N)
[2026-05-21 19:08:54.074] Husby was here, and we are ready to go
[2026-05-21 19:08:54.079] AUTO-DISENGAGE: gear left Park (now N)
[2026-05-21 19:08:54.079] Husby was here, and we are ready to go
[2026-05-21 19:08:54.101] AUTO-DISENGAGE: gear left Park (now N)
[2026-05-21 19:08:54.102] Husby was here, and we are ready to go
[2026-05-21 19:08:54.121] AUTO-DISENGAGE: gear left Park (now N)
[2026-05-21 19:08:54.121] Husby was here, and we are ready to go
[2026-05-21 19:08:54.141] AUTO-DISENGAGE: gear left Park (now N)
[2026-05-21 19:08:54.141] Husby was here, and we are ready to go
[2026-05-21 19:08:54.160] AUTO-DISENGAGE: gear left Park (now N)
[2026-05-21 19:08:54.160] Husby was here, and we are ready to go
[2026-05-21 19:08:54.175] AUTO-DISENGAGE: gear left Park (now N)
[2026-05-21 19:08:54.175] Husby was here, and we are ready to go
[2026-05-21 19:08:54.179] AUTO-DISENGAGE: gear left Park (now N)
[2026-05-21 19:08:54.180] Husby was here, and we are ready to go
[2026-05-21 19:08:54.202] AUTO-DISENGAGE: gear left Park (now N)
[2026-05-21 19:08:54.203] Husby was here, and we are ready to go
[2026-05-21 19:08:54.223] AUTO-DISENGAGE: gear left Park (now N)
[2026-05-21 19:08:54.224] Husby was here, and we are ready to go
[2026-05-21 19:08:54.244] AUTO-DISENGAGE: gear left Park (now N)
[2026-05-21 19:08:54.244] Husby was here, and we are ready to go
[2026-05-21 19:08:54.262] AUTO-DISENGAGE: gear left Park (now N)
[2026-05-21 19:08:54.262] Husby was here, and we are ready to go
[2026-05-21 19:08:54.275] AUTO-DISENGAGE: gear left Park (now N)
[2026-05-21 19:08:54.275] Husby was here, and we are ready to go
[2026-05-21 19:08:54.280] AUTO-DISENGAGE: gear left Park (now N)
[2026-05-21 19:08:54.280] Husby was here, and we are ready to go
[2026-05-21 19:08:54.301] AUTO-DISENGAGE: gear left Park (now N)
[2026-05-21 19:08:54.301] Husby was here, and we are ready to go
[2026-05-21 19:08:54.320] AUTO-DISENGAGE: gear left Park (now N)
[2026-05-21 19:08:54.320] Husby was here, and we are ready to go
[2026-05-21 19:08:54.340] AUTO-DISENGAGE: gear left Park (now N)
[2026-05-21 19:08:54.340] Husby was here, and we are ready to go
[2026-05-21 19:08:54.359] AUTO-DISENGAGE: gear left Park (now N)
[2026-05-21 19:08:54.360] Husby was here, and we are ready to go
[2026-05-21 19:08:54.374] AUTO-DISENGAGE: gear left Park (now N)
[2026-05-21 19:08:54.374] Husby was here, and we are ready to go
[2026-05-21 19:08:54.379] AUTO-DISENGAGE: gear left Park (now N)
[2026-05-21 19:08:54.380] Husby was here, and we are ready to go
[2026-05-21 19:08:54.401] AUTO-DISENGAGE: gear left Park (now N)
[2026-05-21 19:08:54.402] Husby was here, and we are ready to go
[2026-05-21 19:08:54.424] AUTO-DISENGAGE: gear left Park (now N)
[2026-05-21 19:08:54.424] Husby was here, and we are ready to go
[2026-05-21 19:08:54.441] AUTO-DISENGAGE: gear left Park (now N)
[2026-05-21 19:08:54.441] Husby was here, and we are ready to go
[2026-05-21 19:08:54.460] AUTO-DISENGAGE: gear left Park (now N)
[2026-05-21 19:08:54.460] Husby was here, and we are ready to go
[2026-05-21 19:08:54.473] AUTO-DISENGAGE: gear left Park (now N)
[2026-05-21 19:08:54.473] Husby was here, and we are ready to go
[2026-05-21 19:08:54.479] AUTO-DISENGAGE: gear left Park (now N)
[2026-05-21 19:08:54.480] Husby was here, and we are ready to go
[2026-05-21 19:08:54.500] AUTO-DISENGAGE: gear left Park (now N)
[2026-05-21 19:08:54.501] Husby was here, and we are ready to go
[2026-05-21 19:08:54.523] AUTO-DISENGAGE: gear left Park (now N)
[2026-05-21 19:08:54.523] Husby was here, and we are ready to go
[2026-05-21 19:08:54.542] AUTO-DISENGAGE: gear left Park (now N)
[2026-05-21 19:08:54.542] Husby was here, and we are ready to go
[2026-05-21 19:08:54.560] AUTO-DISENGAGE: gear left Park (now N)
[2026-05-21 19:08:54.560] Husby was here, and we are ready to go
[2026-05-21 19:08:54.574] AUTO-DISENGAGE: gear left Park (now N)
[2026-05-21 19:08:54.574] Husby was here, and we are ready to go
[2026-05-21 19:08:54.579] AUTO-DISENGAGE: gear left Park (now N)
[2026-05-21 19:08:54.579] Husby was here, and we are ready to go
[2026-05-21 19:08:54.604] AUTO-DISENGAGE: gear left Park (now N)
[2026-05-21 19:08:54.604] Husby was here, and we are ready to go
[2026-05-21 19:08:54.620] AUTO-DISENGAGE: gear left Park (now N)
[2026-05-21 19:08:54.620] Husby was here, and we are ready to go
[2026-05-21 19:08:54.641] AUTO-DISENGAGE: gear left Park (now N)
[2026-05-21 19:08:54.641] Husby was here, and we are ready to go
[2026-05-21 19:08:54.660] AUTO-DISENGAGE: gear left Park (now N)
[2026-05-21 19:08:54.660] Husby was here, and we are ready to go
[2026-05-21 19:08:54.673] AUTO-DISENGAGE: gear left Park (now N)
[2026-05-21 19:08:54.673] Husby was here, and we are ready to go
[2026-05-21 19:08:54.679] AUTO-DISENGAGE: gear left Park (now N)
[2026-05-21 19:08:54.679] Husby was here, and we are ready to go
[2026-05-21 19:08:54.700] AUTO-DISENGAGE: gear left Park (now N)
[2026-05-21 19:08:54.700] Husby was here, and we are ready to go
[2026-05-21 19:08:54.720] AUTO-DISENGAGE: gear left Park (now N)
[2026-05-21 19:08:54.720] Husby was here, and we are ready to go
[2026-05-21 19:08:54.744] AUTO-DISENGAGE: gear left Park (now N)
[2026-05-21 19:08:54.744] Husby was here, and we are ready to go
[2026-05-21 19:08:54.761] AUTO-DISENGAGE: gear left Park (now N)
[2026-05-21 19:08:54.761] Husby was here, and we are ready to go
[2026-05-21 19:08:54.772] rc: P button pressed
[2026-05-21 19:08:54.775] AUTO-DISENGAGE: gear left Park (now N)
[2026-05-21 19:08:54.775] Husby was here, and we are ready to go
[2026-05-21 19:08:54.779] AUTO-DISENGAGE: gear left Park (now N)
[2026-05-21 19:08:54.780] Husby was here, and we are ready to go
[2026-05-21 19:08:54.805] AUTO-DISENGAGE: gear left Park (now N)
[2026-05-21 19:08:54.805] Husby was here, and we are ready to go
[2026-05-21 19:08:54.824] AUTO-DISENGAGE: gear left Park (now N)
[2026-05-21 19:08:54.825] Husby was here, and we are ready to go
[2026-05-21 19:08:54.842] AUTO-DISENGAGE: gear left Park (now N)
[2026-05-21 19:08:54.842] Husby was here, and we are ready to go
[2026-05-21 19:08:54.842] SHIFT: requesting P via 0x6D burst (30 active + 10 idle frames at 200 Hz)
[2026-05-21 19:08:54.844] AUTO-DISENGAGE: gear left Park (now N)
[2026-05-21 19:08:54.844] Husby was here, and we are ready to go
[2026-05-21 19:08:54.849] AUTO-DISENGAGE: gear left Park (now N)
[2026-05-21 19:08:54.850] Husby was here, and we are ready to go
[2026-05-21 19:08:54.855] AUTO-DISENGAGE: gear left Park (now N)
[2026-05-21 19:08:54.855] Husby was here, and we are ready to go
[2026-05-21 19:08:54.864] AUTO-DISENGAGE: gear left Park (now N)
[2026-05-21 19:08:54.864] Husby was here, and we are ready to go
[2026-05-21 19:08:54.865] AUTO-DISENGAGE: gear left Park (now N)
[2026-05-21 19:08:54.865] Husby was here, and we are ready to go
[2026-05-21 19:08:54.870] AUTO-DISENGAGE: gear left Park (now N)
[2026-05-21 19:08:54.870] Husby was here, and we are ready to go
[2026-05-21 19:08:54.872] AUTO-DISENGAGE: gear left Park (now N)
[2026-05-21 19:08:54.873] Husby was here, and we are ready to go
[2026-05-21 19:08:54.875] AUTO-DISENGAGE: gear left Park (now N)
[2026-05-21 19:08:54.875] Husby was here, and we are ready to go
[2026-05-21 19:08:54.880] AUTO-DISENGAGE: gear left Park (now N)
[2026-05-21 19:08:54.880] Husby was here, and we are ready to go
[2026-05-21 19:08:54.881] AUTO-DISENGAGE: gear left Park (now N)
[2026-05-21 19:08:54.881] Husby was here, and we are ready to go
[2026-05-21 19:08:54.886] AUTO-DISENGAGE: gear left Park (now N)
[2026-05-21 19:08:54.886] Husby was here, and we are ready to go
[2026-05-21 19:08:54.891] AUTO-DISENGAGE: gear left Park (now N)
[2026-05-21 19:08:54.891] Husby was here, and we are ready to go
[2026-05-21 19:08:54.896] AUTO-DISENGAGE: gear left Park (now N)
[2026-05-21 19:08:54.897] Husby was here, and we are ready to go
[2026-05-21 19:08:54.899] AUTO-DISENGAGE: gear left Park (now N)
[2026-05-21 19:08:54.899] Husby was here, and we are ready to go
[2026-05-21 19:08:54.901] AUTO-DISENGAGE: gear left Park (now N)
[2026-05-21 19:08:54.901] Husby was here, and we are ready to go
[2026-05-21 19:08:54.906] AUTO-DISENGAGE: gear left Park (now N)
[2026-05-21 19:08:54.906] Husby was here, and we are ready to go
[2026-05-21 19:08:54.911] AUTO-DISENGAGE: gear left Park (now N)
[2026-05-21 19:08:54.911] Husby was here, and we are ready to go
[2026-05-21 19:08:54.916] AUTO-DISENGAGE: gear left Park (now N)
[2026-05-21 19:08:54.916] Husby was here, and we are ready to go
[2026-05-21 19:08:54.919] AUTO-DISENGAGE: gear left Park (now N)
[2026-05-21 19:08:54.919] Husby was here, and we are ready to go
[2026-05-21 19:08:54.921] AUTO-DISENGAGE: gear left Park (now N)
[2026-05-21 19:08:54.921] Husby was here, and we are ready to go
[2026-05-21 19:08:54.926] AUTO-DISENGAGE: gear left Park (now N)
[2026-05-21 19:08:54.926] Husby was here, and we are ready to go
[2026-05-21 19:08:54.932] AUTO-DISENGAGE: gear left Park (now N)
[2026-05-21 19:08:54.932] Husby was here, and we are ready to go
[2026-05-21 19:08:54.936] AUTO-DISENGAGE: gear left Park (now N)
[2026-05-21 19:08:54.936] Husby was here, and we are ready to go
[2026-05-21 19:08:54.939] AUTO-DISENGAGE: gear left Park (now N)
[2026-05-21 19:08:54.940] Husby was here, and we are ready to go
[2026-05-21 19:08:54.941] AUTO-DISENGAGE: gear left Park (now N)
[2026-05-21 19:08:54.941] Husby was here, and we are ready to go
[2026-05-21 19:08:54.946] gear: N -> P
[2026-05-21 19:08:55.021] shift requested: P
[2026-05-21 19:08:55.245] SHIFT post-burst gear: P (requested P)
[2026-05-21 19:08:57.143] brake: released
[2026-05-21 19:19:49.483] rc: RND switch -> D, queuing shift
[2026-05-21 19:21:36.264] E-STOP: no 0x370 for 519 ms
[2026-05-21 21:56:23.420] rc: RC read error: ClearCommError failed (OSError(22, 'Incorrect function.', None, 1))
[2026-05-21 21:56:24.209] rc: RC port closed
[2026-05-21 21:56:32.349] CAN closed
[2026-05-21 21:56:32.349] window closed; closing log
