[2026-05-21 21:57:04.625] session start (20260521_215704)
[2026-05-21 21:57:04.790] CAN open: SYS TEC dev=0 ch=0 500 kbps
[2026-05-21 21:57:04.790] keepalive plan: GTW=False EPB=True 30MPH=False
[2026-05-21 21:57:04.791] err -> OUT_OF_RANGE
[2026-05-21 21:57:04.850] EAC: INHIBITED -> AVAILABLE (err=OUT_OF_RANGE)
[2026-05-21 21:57:07.198] EAC: AVAILABLE -> ACTIVE (err=NONE)
[2026-05-21 21:57:27.540] rc: RND switch -> D, queuing shift
[2026-05-21 21:57:27.760] rc: P button pressed
[2026-05-21 21:57:28.760] rc: P button pressed
[2026-05-21 21:57:29.760] rc: P button pressed
[2026-05-21 21:57:30.761] rc: P button pressed
[2026-05-21 21:57:31.761] rc: P button pressed
[2026-05-21 21:58:12.080] brake: PRESSED
[2026-05-21 21:58:12.184] brake: released
[2026-05-21 21:58:12.810] brake: PRESSED
[2026-05-21 21:58:27.600] rc: RND switch -> N, queuing shift
[2026-05-21 21:58:27.611] SHIFT: requesting N via 0x6D burst (30 active + 10 idle frames at 200 Hz)
[2026-05-21 21:58:27.612] shift requested: N
[2026-05-21 21:58:27.642] gear: P -> N
[2026-05-21 21:58:27.644] AUTO-DISENGAGE: gear left Park (now N)
[2026-05-21 21:58:27.644] Husby was here, and we are ready to go
[2026-05-21 21:58:27.646] AUTO-DISENGAGE: gear left Park (now N)
[2026-05-21 21:58:27.646] Husby was here, and we are ready to go
[2026-05-21 21:58:27.648] AUTO-DISENGAGE: gear left Park (now N)
[2026-05-21 21:58:27.649] Husby was here, and we are ready to go
[2026-05-21 21:58:27.653] AUTO-DISENGAGE: gear left Park (now N)
[2026-05-21 21:58:27.653] Husby was here, and we are ready to go
[2026-05-21 21:58:27.657] AUTO-DISENGAGE: gear left Park (now N)
[2026-05-21 21:58:27.658] Husby was here, and we are ready to go
[2026-05-21 21:58:27.662] AUTO-DISENGAGE: gear left Park (now N)
[2026-05-21 21:58:27.663] Husby was here, and we are ready to go
[2026-05-21 21:58:27.668] AUTO-DISENGAGE: gear left Park (now N)
[2026-05-21 21:58:27.668] Husby was here, and we are ready to go
[2026-05-21 21:58:27.668] AUTO-DISENGAGE: gear left Park (now N)
[2026-05-21 21:58:27.668] Husby was here, and we are ready to go
[2026-05-21 21:58:27.674] AUTO-DISENGAGE: gear left Park (now N)
[2026-05-21 21:58:27.674] Husby was here, and we are ready to go
[2026-05-21 21:58:27.679] AUTO-DISENGAGE: gear left Park (now N)
[2026-05-21 21:58:27.679] Husby was here, and we are ready to go
[2026-05-21 21:58:27.684] AUTO-DISENGAGE: gear left Park (now N)
[2026-05-21 21:58:27.684] Husby was here, and we are ready to go
[2026-05-21 21:58:27.685] AUTO-DISENGAGE: gear left Park (now N)
[2026-05-21 21:58:27.686] Husby was here, and we are ready to go
[2026-05-21 21:58:27.690] AUTO-DISENGAGE: gear left Park (now N)
[2026-05-21 21:58:27.690] Husby was here, and we are ready to go
[2026-05-21 21:58:27.693] AUTO-DISENGAGE: gear left Park (now N)
[2026-05-21 21:58:27.694] Husby was here, and we are ready to go
[2026-05-21 21:58:27.698] AUTO-DISENGAGE: gear left Park (now N)
[2026-05-21 21:58:27.699] Husby was here, and we are ready to go
[2026-05-21 21:58:27.704] AUTO-DISENGAGE: gear left Park (now N)
[2026-05-21 21:58:27.704] Husby was here, and we are ready to go
[2026-05-21 21:58:27.706] AUTO-DISENGAGE: gear left Park (now N)
[2026-05-21 21:58:27.706] Husby was here, and we are ready to go
[2026-05-21 21:58:27.712] AUTO-DISENGAGE: gear left Park (now N)
[2026-05-21 21:58:27.712] Husby was here, and we are ready to go
[2026-05-21 21:58:27.712] AUTO-DISENGAGE: gear left Park (now N)
[2026-05-21 21:58:27.712] Husby was here, and we are ready to go
[2026-05-21 21:58:27.713] AUTO-DISENGAGE: gear left Park (now N)
[2026-05-21 21:58:27.713] Husby was here, and we are ready to go
[2026-05-21 21:58:27.719] AUTO-DISENGAGE: gear left Park (now N)
[2026-05-21 21:58:27.719] Husby was here, and we are ready to go
[2026-05-21 21:58:27.725] AUTO-DISENGAGE: gear left Park (now N)
[2026-05-21 21:58:27.725] Husby was here, and we are ready to go
[2026-05-21 21:58:27.727] AUTO-DISENGAGE: gear left Park (now N)
[2026-05-21 21:58:27.727] Husby was here, and we are ready to go
[2026-05-21 21:58:27.729] AUTO-DISENGAGE: gear left Park (now N)
[2026-05-21 21:58:27.729] Husby was here, and we are ready to go
[2026-05-21 21:58:27.734] AUTO-DISENGAGE: gear left Park (now N)
[2026-05-21 21:58:27.735] Husby was here, and we are ready to go
[2026-05-21 21:58:27.739] AUTO-DISENGAGE: gear left Park (now N)
[2026-05-21 21:58:27.739] Husby was here, and we are ready to go
[2026-05-21 21:58:27.744] AUTO-DISENGAGE: gear left Park (now N)
[2026-05-21 21:58:27.744] Husby was here, and we are ready to go
[2026-05-21 21:58:27.746] AUTO-DISENGAGE: gear left Park (now N)
[2026-05-21 21:58:27.746] Husby was here, and we are ready to go
[2026-05-21 21:58:27.748] AUTO-DISENGAGE: gear left Park (now N)
[2026-05-21 21:58:27.748] Husby was here, and we are ready to go
[2026-05-21 21:58:27.754] AUTO-DISENGAGE: gear left Park (now N)
[2026-05-21 21:58:27.754] Husby was here, and we are ready to go
[2026-05-21 21:58:27.759] AUTO-DISENGAGE: gear left Park (now N)
[2026-05-21 21:58:27.759] Husby was here, and we are ready to go
[2026-05-21 21:58:27.764] AUTO-DISENGAGE: gear left Park (now N)
[2026-05-21 21:58:27.764] Husby was here, and we are ready to go
[2026-05-21 21:58:27.766] AUTO-DISENGAGE: gear left Park (now N)
[2026-05-21 21:58:27.766] Husby was here, and we are ready to go
[2026-05-21 21:58:27.769] AUTO-DISENGAGE: gear left Park (now N)
[2026-05-21 21:58:27.769] Husby was here, and we are ready to go
[2026-05-21 21:58:27.774] AUTO-DISENGAGE: gear left Park (now N)
[2026-05-21 21:58:27.774] Husby was here, and we are ready to go
[2026-05-21 21:58:27.779] AUTO-DISENGAGE: gear left Park (now N)
[2026-05-21 21:58:27.779] Husby was here, and we are ready to go
[2026-05-21 21:58:27.784] AUTO-DISENGAGE: gear left Park (now N)
[2026-05-21 21:58:27.784] Husby was here, and we are ready to go
[2026-05-21 21:58:27.786] AUTO-DISENGAGE: gear left Park (now N)
[2026-05-21 21:58:27.786] Husby was here, and we are ready to go
[2026-05-21 21:58:27.790] AUTO-DISENGAGE: gear left Park (now N)
[2026-05-21 21:58:27.790] Husby was here, and we are ready to go
[2026-05-21 21:58:27.794] AUTO-DISENGAGE: gear left Park (now N)
[2026-05-21 21:58:27.794] Husby was here, and we are ready to go
[2026-05-21 21:58:27.799] AUTO-DISENGAGE: gear left Park (now N)
[2026-05-21 21:58:27.799] Husby was here, and we are ready to go
[2026-05-21 21:58:27.804] AUTO-DISENGAGE: gear left Park (now N)
[2026-05-21 21:58:27.804] Husby was here, and we are ready to go
[2026-05-21 21:58:27.806] AUTO-DISENGAGE: gear left Park (now N)
[2026-05-21 21:58:27.806] Husby was here, and we are ready to go
[2026-05-21 21:58:27.814] AUTO-DISENGAGE: gear left Park (now N)
[2026-05-21 21:58:27.814] Husby was here, and we are ready to go
[2026-05-21 21:58:27.827] AUTO-DISENGAGE: gear left Park (now N)
[2026-05-21 21:58:27.827] Husby was here, and we are ready to go
[2026-05-21 21:58:27.846] AUTO-DISENGAGE: gear left Park (now N)
[2026-05-21 21:58:27.846] Husby was here, and we are ready to go
[2026-05-21 21:58:27.867] AUTO-DISENGAGE: gear left Park (now N)
[2026-05-21 21:58:27.867] Husby was here, and we are ready to go
[2026-05-21 21:58:27.886] AUTO-DISENGAGE: gear left Park (now N)
[2026-05-21 21:58:27.886] Husby was here, and we are ready to go
[2026-05-21 21:58:27.907] AUTO-DISENGAGE: gear left Park (now N)
[2026-05-21 21:58:27.907] Husby was here, and we are ready to go
[2026-05-21 21:58:27.912] AUTO-DISENGAGE: gear left Park (now N)
[2026-05-21 21:58:27.912] Husby was here, and we are ready to go
[2026-05-21 21:58:27.926] AUTO-DISENGAGE: gear left Park (now N)
[2026-05-21 21:58:27.926] Husby was here, and we are ready to go
[2026-05-21 21:58:27.947] AUTO-DISENGAGE: gear left Park (now N)
[2026-05-21 21:58:27.947] Husby was here, and we are ready to go
[2026-05-21 21:58:27.967] AUTO-DISENGAGE: gear left Park (now N)
[2026-05-21 21:58:27.967] Husby was here, and we are ready to go
[2026-05-21 21:58:27.987] AUTO-DISENGAGE: gear left Park (now N)
[2026-05-21 21:58:27.987] Husby was here, and we are ready to go
[2026-05-21 21:58:28.007] AUTO-DISENGAGE: gear left Park (now N)
[2026-05-21 21:58:28.007] Husby was here, and we are ready to go
[2026-05-21 21:58:28.007] SHIFT post-burst gear: N (requested N)
[2026-05-21 21:58:28.013] AUTO-DISENGAGE: gear left Park (now N)
[2026-05-21 21:58:28.013] Husby was here, and we are ready to go
[2026-05-21 21:58:28.028] AUTO-DISENGAGE: gear left Park (now N)
[2026-05-21 21:58:28.028] Husby was here, and we are ready to go
[2026-05-21 21:58:28.048] AUTO-DISENGAGE: gear left Park (now N)
[2026-05-21 21:58:28.048] Husby was here, and we are ready to go
[2026-05-21 21:58:28.070] AUTO-DISENGAGE: gear left Park (now N)
[2026-05-21 21:58:28.070] Husby was here, and we are ready to go
[2026-05-21 21:58:28.088] AUTO-DISENGAGE: gear left Park (now N)
[2026-05-21 21:58:28.089] Husby was here, and we are ready to go
[2026-05-21 21:58:28.108] AUTO-DISENGAGE: gear left Park (now N)
[2026-05-21 21:58:28.108] Husby was here, and we are ready to go
[2026-05-21 21:58:28.112] AUTO-DISENGAGE: gear left Park (now N)
[2026-05-21 21:58:28.113] Husby was here, and we are ready to go
[2026-05-21 21:58:28.127] AUTO-DISENGAGE: gear left Park (now N)
[2026-05-21 21:58:28.127] Husby was here, and we are ready to go
[2026-05-21 21:58:28.148] AUTO-DISENGAGE: gear left Park (now N)
[2026-05-21 21:58:28.148] Husby was here, and we are ready to go
[2026-05-21 21:58:28.169] AUTO-DISENGAGE: gear left Park (now N)
[2026-05-21 21:58:28.169] Husby was here, and we are ready to go
[2026-05-21 21:58:28.189] AUTO-DISENGAGE: gear left Park (now N)
[2026-05-21 21:58:28.190] Husby was here, and we are ready to go
[2026-05-21 21:58:28.208] AUTO-DISENGAGE: gear left Park (now N)
[2026-05-21 21:58:28.209] Husby was here, and we are ready to go
[2026-05-21 21:58:28.213] AUTO-DISENGAGE: gear left Park (now N)
[2026-05-21 21:58:28.213] Husby was here, and we are ready to go
[2026-05-21 21:58:28.227] AUTO-DISENGAGE: gear left Park (now N)
[2026-05-21 21:58:28.228] Husby was here, and we are ready to go
[2026-05-21 21:58:28.249] AUTO-DISENGAGE: gear left Park (now N)
[2026-05-21 21:58:28.249] Husby was here, and we are ready to go
[2026-05-21 21:58:28.268] AUTO-DISENGAGE: gear left Park (now N)
[2026-05-21 21:58:28.269] Husby was here, and we are ready to go
[2026-05-21 21:58:28.289] AUTO-DISENGAGE: gear left Park (now N)
[2026-05-21 21:58:28.289] Husby was here, and we are ready to go
[2026-05-21 21:58:28.308] AUTO-DISENGAGE: gear left Park (now N)
[2026-05-21 21:58:28.308] Husby was here, and we are ready to go
[2026-05-21 21:58:28.313] AUTO-DISENGAGE: gear left Park (now N)
[2026-05-21 21:58:28.313] Husby was here, and we are ready to go
[2026-05-21 21:58:28.327] AUTO-DISENGAGE: gear left Park (now N)
[2026-05-21 21:58:28.327] Husby was here, and we are ready to go
[2026-05-21 21:58:28.347] AUTO-DISENGAGE: gear left Park (now N)
[2026-05-21 21:58:28.347] Husby was here, and we are ready to go
[2026-05-21 21:58:28.367] AUTO-DISENGAGE: gear left Park (now N)
[2026-05-21 21:58:28.368] Husby was here, and we are ready to go
[2026-05-21 21:58:28.388] AUTO-DISENGAGE: gear left Park (now N)
[2026-05-21 21:58:28.389] Husby was here, and we are ready to go
[2026-05-21 21:58:28.411] AUTO-DISENGAGE: gear left Park (now N)
[2026-05-21 21:58:28.412] Husby was here, and we are ready to go
[2026-05-21 21:58:28.412] AUTO-DISENGAGE: gear left Park (now N)
[2026-05-21 21:58:28.413] Husby was here, and we are ready to go
[2026-05-21 21:58:28.428] AUTO-DISENGAGE: gear left Park (now N)
[2026-05-21 21:58:28.429] Husby was here, and we are ready to go
[2026-05-21 21:58:28.447] AUTO-DISENGAGE: gear left Park (now N)
[2026-05-21 21:58:28.447] Husby was here, and we are ready to go
[2026-05-21 21:58:28.468] AUTO-DISENGAGE: gear left Park (now N)
[2026-05-21 21:58:28.468] Husby was here, and we are ready to go
[2026-05-21 21:58:28.487] AUTO-DISENGAGE: gear left Park (now N)
[2026-05-21 21:58:28.487] Husby was here, and we are ready to go
[2026-05-21 21:58:28.508] AUTO-DISENGAGE: gear left Park (now N)
[2026-05-21 21:58:28.508] Husby was here, and we are ready to go
[2026-05-21 21:58:28.513] AUTO-DISENGAGE: gear left Park (now N)
[2026-05-21 21:58:28.513] Husby was here, and we are ready to go
[2026-05-21 21:58:28.527] AUTO-DISENGAGE: gear left Park (now N)
[2026-05-21 21:58:28.527] Husby was here, and we are ready to go
[2026-05-21 21:58:28.547] AUTO-DISENGAGE: gear left Park (now N)
[2026-05-21 21:58:28.547] Husby was here, and we are ready to go
[2026-05-21 21:58:28.568] AUTO-DISENGAGE: gear left Park (now N)
[2026-05-21 21:58:28.568] Husby was here, and we are ready to go
[2026-05-21 21:58:28.586] AUTO-DISENGAGE: gear left Park (now N)
[2026-05-21 21:58:28.587] Husby was here, and we are ready to go
[2026-05-21 21:58:28.609] AUTO-DISENGAGE: gear left Park (now N)
[2026-05-21 21:58:28.609] Husby was here, and we are ready to go
[2026-05-21 21:58:28.613] AUTO-DISENGAGE: gear left Park (now N)
[2026-05-21 21:58:28.613] Husby was here, and we are ready to go
[2026-05-21 21:58:28.627] AUTO-DISENGAGE: gear left Park (now N)
[2026-05-21 21:58:28.627] Husby was here, and we are ready to go
[2026-05-21 21:58:28.648] AUTO-DISENGAGE: gear left Park (now N)
[2026-05-21 21:58:28.648] Husby was here, and we are ready to go
[2026-05-21 21:58:28.668] AUTO-DISENGAGE: gear left Park (now N)
[2026-05-21 21:58:28.668] Husby was here, and we are ready to go
[2026-05-21 21:58:28.687] AUTO-DISENGAGE: gear left Park (now N)
[2026-05-21 21:58:28.688] Husby was here, and we are ready to go
[2026-05-21 21:58:28.709] AUTO-DISENGAGE: gear left Park (now N)
[2026-05-21 21:58:28.709] Husby was here, and we are ready to go
[2026-05-21 21:58:28.714] AUTO-DISENGAGE: gear left Park (now N)
[2026-05-21 21:58:28.714] Husby was here, and we are ready to go
[2026-05-21 21:58:28.727] AUTO-DISENGAGE: gear left Park (now N)
[2026-05-21 21:58:28.728] Husby was here, and we are ready to go
[2026-05-21 21:58:28.748] AUTO-DISENGAGE: gear left Park (now N)
[2026-05-21 21:58:28.748] Husby was here, and we are ready to go
[2026-05-21 21:58:28.768] AUTO-DISENGAGE: gear left Park (now N)
[2026-05-21 21:58:28.769] Husby was here, and we are ready to go
[2026-05-21 21:58:28.788] AUTO-DISENGAGE: gear left Park (now N)
[2026-05-21 21:58:28.788] Husby was here, and we are ready to go
[2026-05-21 21:58:28.809] AUTO-DISENGAGE: gear left Park (now N)
[2026-05-21 21:58:28.809] Husby was here, and we are ready to go
[2026-05-21 21:58:28.813] AUTO-DISENGAGE: gear left Park (now N)
[2026-05-21 21:58:28.813] Husby was here, and we are ready to go
[2026-05-21 21:58:28.827] AUTO-DISENGAGE: gear left Park (now N)
[2026-05-21 21:58:28.827] Husby was here, and we are ready to go
[2026-05-21 21:58:28.849] AUTO-DISENGAGE: gear left Park (now N)
[2026-05-21 21:58:28.849] Husby was here, and we are ready to go
[2026-05-21 21:58:28.868] AUTO-DISENGAGE: gear left Park (now N)
[2026-05-21 21:58:28.868] Husby was here, and we are ready to go
[2026-05-21 21:58:28.887] AUTO-DISENGAGE: gear left Park (now N)
[2026-05-21 21:58:28.887] Husby was here, and we are ready to go
[2026-05-21 21:58:28.907] AUTO-DISENGAGE: gear left Park (now N)
[2026-05-21 21:58:28.907] Husby was here, and we are ready to go
[2026-05-21 21:58:28.913] AUTO-DISENGAGE: gear left Park (now N)
[2026-05-21 21:58:28.913] Husby was here, and we are ready to go
[2026-05-21 21:58:28.927] AUTO-DISENGAGE: gear left Park (now N)
[2026-05-21 21:58:28.927] Husby was here, and we are ready to go
[2026-05-21 21:58:28.946] AUTO-DISENGAGE: gear left Park (now N)
[2026-05-21 21:58:28.946] Husby was here, and we are ready to go
[2026-05-21 21:58:28.966] AUTO-DISENGAGE: gear left Park (now N)
[2026-05-21 21:58:28.966] Husby was here, and we are ready to go
[2026-05-21 21:58:28.987] AUTO-DISENGAGE: gear left Park (now N)
[2026-05-21 21:58:28.987] Husby was here, and we are ready to go
[2026-05-21 21:58:29.008] AUTO-DISENGAGE: gear left Park (now N)
[2026-05-21 21:58:29.008] Husby was here, and we are ready to go
[2026-05-21 21:58:29.013] AUTO-DISENGAGE: gear left Park (now N)
[2026-05-21 21:58:29.014] Husby was here, and we are ready to go
[2026-05-21 21:58:29.029] AUTO-DISENGAGE: gear left Park (now N)
[2026-05-21 21:58:29.029] Husby was here, and we are ready to go
[2026-05-21 21:58:29.049] AUTO-DISENGAGE: gear left Park (now N)
[2026-05-21 21:58:29.049] Husby was here, and we are ready to go
[2026-05-21 21:58:29.069] AUTO-DISENGAGE: gear left Park (now N)
[2026-05-21 21:58:29.069] Husby was here, and we are ready to go
[2026-05-21 21:58:29.091] AUTO-DISENGAGE: gear left Park (now N)
[2026-05-21 21:58:29.091] Husby was here, and we are ready to go
[2026-05-21 21:58:29.110] AUTO-DISENGAGE: gear left Park (now N)
[2026-05-21 21:58:29.110] Husby was here, and we are ready to go
[2026-05-21 21:58:29.113] AUTO-DISENGAGE: gear left Park (now N)
[2026-05-21 21:58:29.113] Husby was here, and we are ready to go
[2026-05-21 21:58:29.128] AUTO-DISENGAGE: gear left Park (now N)
[2026-05-21 21:58:29.128] Husby was here, and we are ready to go
[2026-05-21 21:58:29.148] AUTO-DISENGAGE: gear left Park (now N)
[2026-05-21 21:58:29.149] Husby was here, and we are ready to go
[2026-05-21 21:58:29.168] AUTO-DISENGAGE: gear left Park (now N)
[2026-05-21 21:58:29.168] Husby was here, and we are ready to go
[2026-05-21 21:58:29.188] AUTO-DISENGAGE: gear left Park (now N)
[2026-05-21 21:58:29.188] Husby was here, and we are ready to go
[2026-05-21 21:58:29.207] AUTO-DISENGAGE: gear left Park (now N)
[2026-05-21 21:58:29.207] Husby was here, and we are ready to go
[2026-05-21 21:58:29.212] AUTO-DISENGAGE: gear left Park (now N)
[2026-05-21 21:58:29.212] Husby was here, and we are ready to go
[2026-05-21 21:58:29.228] AUTO-DISENGAGE: gear left Park (now N)
[2026-05-21 21:58:29.228] Husby was here, and we are ready to go
[2026-05-21 21:58:29.248] AUTO-DISENGAGE: gear left Park (now N)
[2026-05-21 21:58:29.249] Husby was here, and we are ready to go
[2026-05-21 21:58:29.269] AUTO-DISENGAGE: gear left Park (now N)
[2026-05-21 21:58:29.269] Husby was here, and we are ready to go
[2026-05-21 21:58:29.288] AUTO-DISENGAGE: gear left Park (now N)
[2026-05-21 21:58:29.288] Husby was here, and we are ready to go
[2026-05-21 21:58:29.307] AUTO-DISENGAGE: gear left Park (now N)
[2026-05-21 21:58:29.308] Husby was here, and we are ready to go
[2026-05-21 21:58:29.313] AUTO-DISENGAGE: gear left Park (now N)
[2026-05-21 21:58:29.313] Husby was here, and we are ready to go
[2026-05-21 21:58:29.328] AUTO-DISENGAGE: gear left Park (now N)
[2026-05-21 21:58:29.328] Husby was here, and we are ready to go
[2026-05-21 21:58:29.348] AUTO-DISENGAGE: gear left Park (now N)
[2026-05-21 21:58:29.348] Husby was here, and we are ready to go
[2026-05-21 21:58:29.368] AUTO-DISENGAGE: gear left Park (now N)
[2026-05-21 21:58:29.369] Husby was here, and we are ready to go
[2026-05-21 21:58:29.388] AUTO-DISENGAGE: gear left Park (now N)
[2026-05-21 21:58:29.388] Husby was here, and we are ready to go
[2026-05-21 21:58:29.408] AUTO-DISENGAGE: gear left Park (now N)
[2026-05-21 21:58:29.408] Husby was here, and we are ready to go
[2026-05-21 21:58:29.413] AUTO-DISENGAGE: gear left Park (now N)
[2026-05-21 21:58:29.413] Husby was here, and we are ready to go
[2026-05-21 21:58:29.427] AUTO-DISENGAGE: gear left Park (now N)
[2026-05-21 21:58:29.427] Husby was here, and we are ready to go
[2026-05-21 21:58:29.448] AUTO-DISENGAGE: gear left Park (now N)
[2026-05-21 21:58:29.448] Husby was here, and we are ready to go
[2026-05-21 21:58:29.468] AUTO-DISENGAGE: gear left Park (now N)
[2026-05-21 21:58:29.468] Husby was here, and we are ready to go
[2026-05-21 21:58:29.488] AUTO-DISENGAGE: gear left Park (now N)
[2026-05-21 21:58:29.488] Husby was here, and we are ready to go
[2026-05-21 21:58:29.509] AUTO-DISENGAGE: gear left Park (now N)
[2026-05-21 21:58:29.509] Husby was here, and we are ready to go
[2026-05-21 21:58:29.513] AUTO-DISENGAGE: gear left Park (now N)
[2026-05-21 21:58:29.513] Husby was here, and we are ready to go
[2026-05-21 21:58:29.528] AUTO-DISENGAGE: gear left Park (now N)
[2026-05-21 21:58:29.528] Husby was here, and we are ready to go
[2026-05-21 21:58:29.548] AUTO-DISENGAGE: gear left Park (now N)
[2026-05-21 21:58:29.549] Husby was here, and we are ready to go
[2026-05-21 21:58:29.569] AUTO-DISENGAGE: gear left Park (now N)
[2026-05-21 21:58:29.570] Husby was here, and we are ready to go
[2026-05-21 21:58:29.589] AUTO-DISENGAGE: gear left Park (now N)
[2026-05-21 21:58:29.589] Husby was here, and we are ready to go
[2026-05-21 21:58:29.609] AUTO-DISENGAGE: gear left Park (now N)
[2026-05-21 21:58:29.609] Husby was here, and we are ready to go
[2026-05-21 21:58:29.612] AUTO-DISENGAGE: gear left Park (now N)
[2026-05-21 21:58:29.613] Husby was here, and we are ready to go
[2026-05-21 21:58:29.627] AUTO-DISENGAGE: gear left Park (now N)
[2026-05-21 21:58:29.627] Husby was here, and we are ready to go
[2026-05-21 21:58:29.648] AUTO-DISENGAGE: gear left Park (now N)
[2026-05-21 21:58:29.648] Husby was here, and we are ready to go
[2026-05-21 21:58:29.668] AUTO-DISENGAGE: gear left Park (now N)
[2026-05-21 21:58:29.668] Husby was here, and we are ready to go
[2026-05-21 21:58:29.687] AUTO-DISENGAGE: gear left Park (now N)
[2026-05-21 21:58:29.687] Husby was here, and we are ready to go
[2026-05-21 21:58:29.707] AUTO-DISENGAGE: gear left Park (now N)
[2026-05-21 21:58:29.707] Husby was here, and we are ready to go
[2026-05-21 21:58:29.713] AUTO-DISENGAGE: gear left Park (now N)
[2026-05-21 21:58:29.713] Husby was here, and we are ready to go
[2026-05-21 21:58:29.727] AUTO-DISENGAGE: gear left Park (now N)
[2026-05-21 21:58:29.727] Husby was here, and we are ready to go
[2026-05-21 21:58:29.747] AUTO-DISENGAGE: gear left Park (now N)
[2026-05-21 21:58:29.747] Husby was here, and we are ready to go
[2026-05-21 21:58:29.768] AUTO-DISENGAGE: gear left Park (now N)
[2026-05-21 21:58:29.768] Husby was here, and we are ready to go
[2026-05-21 21:58:29.787] AUTO-DISENGAGE: gear left Park (now N)
[2026-05-21 21:58:29.787] Husby was here, and we are ready to go
[2026-05-21 21:58:29.807] AUTO-DISENGAGE: gear left Park (now N)
[2026-05-21 21:58:29.807] Husby was here, and we are ready to go
[2026-05-21 21:58:29.813] AUTO-DISENGAGE: gear left Park (now N)
[2026-05-21 21:58:29.813] Husby was here, and we are ready to go
[2026-05-21 21:58:29.827] AUTO-DISENGAGE: gear left Park (now N)
[2026-05-21 21:58:29.827] Husby was here, and we are ready to go
[2026-05-21 21:58:29.847] AUTO-DISENGAGE: gear left Park (now N)
[2026-05-21 21:58:29.847] Husby was here, and we are ready to go
[2026-05-21 21:58:29.867] AUTO-DISENGAGE: gear left Park (now N)
[2026-05-21 21:58:29.867] Husby was here, and we are ready to go
[2026-05-21 21:58:29.887] AUTO-DISENGAGE: gear left Park (now N)
[2026-05-21 21:58:29.887] Husby was here, and we are ready to go
[2026-05-21 21:58:29.907] AUTO-DISENGAGE: gear left Park (now N)
[2026-05-21 21:58:29.907] Husby was here, and we are ready to go
[2026-05-21 21:58:29.912] AUTO-DISENGAGE: gear left Park (now N)
[2026-05-21 21:58:29.912] Husby was here, and we are ready to go
[2026-05-21 21:58:29.927] AUTO-DISENGAGE: gear left Park (now N)
[2026-05-21 21:58:29.927] Husby was here, and we are ready to go
[2026-05-21 21:58:29.947] AUTO-DISENGAGE: gear left Park (now N)
[2026-05-21 21:58:29.947] Husby was here, and we are ready to go
[2026-05-21 21:58:29.967] AUTO-DISENGAGE: gear left Park (now N)
[2026-05-21 21:58:29.968] Husby was here, and we are ready to go
[2026-05-21 21:58:29.987] AUTO-DISENGAGE: gear left Park (now N)
[2026-05-21 21:58:29.987] Husby was here, and we are ready to go
[2026-05-21 21:58:30.007] AUTO-DISENGAGE: gear left Park (now N)
[2026-05-21 21:58:30.007] Husby was here, and we are ready to go
[2026-05-21 21:58:30.013] AUTO-DISENGAGE: gear left Park (now N)
[2026-05-21 21:58:30.013] Husby was here, and we are ready to go
[2026-05-21 21:58:30.027] AUTO-DISENGAGE: gear left Park (now N)
[2026-05-21 21:58:30.027] Husby was here, and we are ready to go
[2026-05-21 21:58:30.047] AUTO-DISENGAGE: gear left Park (now N)
[2026-05-21 21:58:30.047] Husby was here, and we are ready to go
[2026-05-21 21:58:30.067] AUTO-DISENGAGE: gear left Park (now N)
[2026-05-21 21:58:30.067] Husby was here, and we are ready to go
[2026-05-21 21:58:30.087] AUTO-DISENGAGE: gear left Park (now N)
[2026-05-21 21:58:30.087] Husby was here, and we are ready to go
[2026-05-21 21:58:30.107] AUTO-DISENGAGE: gear left Park (now N)
[2026-05-21 21:58:30.107] Husby was here, and we are ready to go
[2026-05-21 21:58:30.113] AUTO-DISENGAGE: gear left Park (now N)
[2026-05-21 21:58:30.113] Husby was here, and we are ready to go
[2026-05-21 21:58:30.129] AUTO-DISENGAGE: gear left Park (now N)
[2026-05-21 21:58:30.129] Husby was here, and we are ready to go
[2026-05-21 21:58:30.149] AUTO-DISENGAGE: gear left Park (now N)
[2026-05-21 21:58:30.149] Husby was here, and we are ready to go
[2026-05-21 21:58:30.169] AUTO-DISENGAGE: gear left Park (now N)
[2026-05-21 21:58:30.170] Husby was here, and we are ready to go
[2026-05-21 21:58:30.188] AUTO-DISENGAGE: gear left Park (now N)
[2026-05-21 21:58:30.188] Husby was here, and we are ready to go
[2026-05-21 21:58:30.210] AUTO-DISENGAGE: gear left Park (now N)
[2026-05-21 21:58:30.210] Husby was here, and we are ready to go
[2026-05-21 21:58:30.212] AUTO-DISENGAGE: gear left Park (now N)
[2026-05-21 21:58:30.213] Husby was here, and we are ready to go
[2026-05-21 21:58:30.229] AUTO-DISENGAGE: gear left Park (now N)
[2026-05-21 21:58:30.229] Husby was here, and we are ready to go
[2026-05-21 21:58:30.249] AUTO-DISENGAGE: gear left Park (now N)
[2026-05-21 21:58:30.249] Husby was here, and we are ready to go
[2026-05-21 21:58:30.270] AUTO-DISENGAGE: gear left Park (now N)
[2026-05-21 21:58:30.270] Husby was here, and we are ready to go
[2026-05-21 21:58:30.289] AUTO-DISENGAGE: gear left Park (now N)
[2026-05-21 21:58:30.289] Husby was here, and we are ready to go
[2026-05-21 21:58:30.307] AUTO-DISENGAGE: gear left Park (now N)
[2026-05-21 21:58:30.307] Husby was here, and we are ready to go
[2026-05-21 21:58:30.313] AUTO-DISENGAGE: gear left Park (now N)
[2026-05-21 21:58:30.313] Husby was here, and we are ready to go
[2026-05-21 21:58:30.327] AUTO-DISENGAGE: gear left Park (now N)
[2026-05-21 21:58:30.327] Husby was here, and we are ready to go
[2026-05-21 21:58:30.348] AUTO-DISENGAGE: gear left Park (now N)
[2026-05-21 21:58:30.348] Husby was here, and we are ready to go
[2026-05-21 21:58:30.368] AUTO-DISENGAGE: gear left Park (now N)
[2026-05-21 21:58:30.368] Husby was here, and we are ready to go
[2026-05-21 21:58:30.388] AUTO-DISENGAGE: gear left Park (now N)
[2026-05-21 21:58:30.388] Husby was here, and we are ready to go
[2026-05-21 21:58:30.407] AUTO-DISENGAGE: gear left Park (now N)
[2026-05-21 21:58:30.408] Husby was here, and we are ready to go
[2026-05-21 21:58:30.413] AUTO-DISENGAGE: gear left Park (now N)
[2026-05-21 21:58:30.413] Husby was here, and we are ready to go
[2026-05-21 21:58:30.428] AUTO-DISENGAGE: gear left Park (now N)
[2026-05-21 21:58:30.429] Husby was here, and we are ready to go
[2026-05-21 21:58:30.449] AUTO-DISENGAGE: gear left Park (now N)
[2026-05-21 21:58:30.449] Husby was here, and we are ready to go
[2026-05-21 21:58:30.470] AUTO-DISENGAGE: gear left Park (now N)
[2026-05-21 21:58:30.470] Husby was here, and we are ready to go
[2026-05-21 21:58:30.488] AUTO-DISENGAGE: gear left Park (now N)
[2026-05-21 21:58:30.489] Husby was here, and we are ready to go
[2026-05-21 21:58:30.509] AUTO-DISENGAGE: gear left Park (now N)
[2026-05-21 21:58:30.509] Husby was here, and we are ready to go
[2026-05-21 21:58:30.512] AUTO-DISENGAGE: gear left Park (now N)
[2026-05-21 21:58:30.512] Husby was here, and we are ready to go
[2026-05-21 21:58:30.527] AUTO-DISENGAGE: gear left Park (now N)
[2026-05-21 21:58:30.528] Husby was here, and we are ready to go
[2026-05-21 21:58:30.547] AUTO-DISENGAGE: gear left Park (now N)
[2026-05-21 21:58:30.547] Husby was here, and we are ready to go
[2026-05-21 21:58:30.567] AUTO-DISENGAGE: gear left Park (now N)
[2026-05-21 21:58:30.567] Husby was here, and we are ready to go
[2026-05-21 21:58:30.588] AUTO-DISENGAGE: gear left Park (now N)
[2026-05-21 21:58:30.588] Husby was here, and we are ready to go
[2026-05-21 21:58:30.607] AUTO-DISENGAGE: gear left Park (now N)
[2026-05-21 21:58:30.607] Husby was here, and we are ready to go
[2026-05-21 21:58:30.613] AUTO-DISENGAGE: gear left Park (now N)
[2026-05-21 21:58:30.613] Husby was here, and we are ready to go
[2026-05-21 21:58:30.628] AUTO-DISENGAGE: gear left Park (now N)
[2026-05-21 21:58:30.628] Husby was here, and we are ready to go
[2026-05-21 21:58:30.648] AUTO-DISENGAGE: gear left Park (now N)
[2026-05-21 21:58:30.648] Husby was here, and we are ready to go
[2026-05-21 21:58:30.668] AUTO-DISENGAGE: gear left Park (now N)
[2026-05-21 21:58:30.668] Husby was here, and we are ready to go
[2026-05-21 21:58:30.688] AUTO-DISENGAGE: gear left Park (now N)
[2026-05-21 21:58:30.688] Husby was here, and we are ready to go
[2026-05-21 21:58:30.707] AUTO-DISENGAGE: gear left Park (now N)
[2026-05-21 21:58:30.708] Husby was here, and we are ready to go
[2026-05-21 21:58:30.713] AUTO-DISENGAGE: gear left Park (now N)
[2026-05-21 21:58:30.713] Husby was here, and we are ready to go
[2026-05-21 21:58:30.732] AUTO-DISENGAGE: gear left Park (now N)
[2026-05-21 21:58:30.732] Husby was here, and we are ready to go
[2026-05-21 21:58:30.749] AUTO-DISENGAGE: gear left Park (now N)
[2026-05-21 21:58:30.749] Husby was here, and we are ready to go
[2026-05-21 21:58:30.771] AUTO-DISENGAGE: gear left Park (now N)
[2026-05-21 21:58:30.771] Husby was here, and we are ready to go
[2026-05-21 21:58:30.789] AUTO-DISENGAGE: gear left Park (now N)
[2026-05-21 21:58:30.789] Husby was here, and we are ready to go
[2026-05-21 21:58:30.809] AUTO-DISENGAGE: gear left Park (now N)
[2026-05-21 21:58:30.809] Husby was here, and we are ready to go
[2026-05-21 21:58:30.813] AUTO-DISENGAGE: gear left Park (now N)
[2026-05-21 21:58:30.813] Husby was here, and we are ready to go
[2026-05-21 21:58:30.828] AUTO-DISENGAGE: gear left Park (now N)
[2026-05-21 21:58:30.828] Husby was here, and we are ready to go
[2026-05-21 21:58:30.847] AUTO-DISENGAGE: gear left Park (now N)
[2026-05-21 21:58:30.848] Husby was here, and we are ready to go
[2026-05-21 21:58:30.868] AUTO-DISENGAGE: gear left Park (now N)
[2026-05-21 21:58:30.868] Husby was here, and we are ready to go
[2026-05-21 21:58:30.890] AUTO-DISENGAGE: gear left Park (now N)
[2026-05-21 21:58:30.891] Husby was here, and we are ready to go
[2026-05-21 21:58:30.908] AUTO-DISENGAGE: gear left Park (now N)
[2026-05-21 21:58:30.908] Husby was here, and we are ready to go
[2026-05-21 21:58:30.913] AUTO-DISENGAGE: gear left Park (now N)
[2026-05-21 21:58:30.913] Husby was here, and we are ready to go
[2026-05-21 21:58:30.928] AUTO-DISENGAGE: gear left Park (now N)
[2026-05-21 21:58:30.928] Husby was here, and we are ready to go
[2026-05-21 21:58:30.949] AUTO-DISENGAGE: gear left Park (now N)
[2026-05-21 21:58:30.949] Husby was here, and we are ready to go
[2026-05-21 21:58:30.971] AUTO-DISENGAGE: gear left Park (now N)
[2026-05-21 21:58:30.972] Husby was here, and we are ready to go
[2026-05-21 21:58:30.988] AUTO-DISENGAGE: gear left Park (now N)
[2026-05-21 21:58:30.989] Husby was here, and we are ready to go
[2026-05-21 21:58:31.010] AUTO-DISENGAGE: gear left Park (now N)
[2026-05-21 21:58:31.010] Husby was here, and we are ready to go
[2026-05-21 21:58:31.012] AUTO-DISENGAGE: gear left Park (now N)
[2026-05-21 21:58:31.013] Husby was here, and we are ready to go
[2026-05-21 21:58:31.027] AUTO-DISENGAGE: gear left Park (now N)
[2026-05-21 21:58:31.027] Husby was here, and we are ready to go
[2026-05-21 21:58:31.048] AUTO-DISENGAGE: gear left Park (now N)
[2026-05-21 21:58:31.049] Husby was here, and we are ready to go
[2026-05-21 21:58:31.068] AUTO-DISENGAGE: gear left Park (now N)
[2026-05-21 21:58:31.068] Husby was here, and we are ready to go
[2026-05-21 21:58:31.088] AUTO-DISENGAGE: gear left Park (now N)
[2026-05-21 21:58:31.089] Husby was here, and we are ready to go
[2026-05-21 21:58:31.111] AUTO-DISENGAGE: gear left Park (now N)
[2026-05-21 21:58:31.111] Husby was here, and we are ready to go
[2026-05-21 21:58:31.112] AUTO-DISENGAGE: gear left Park (now N)
[2026-05-21 21:58:31.113] Husby was here, and we are ready to go
[2026-05-21 21:58:31.129] AUTO-DISENGAGE: gear left Park (now N)
[2026-05-21 21:58:31.129] Husby was here, and we are ready to go
[2026-05-21 21:58:31.149] AUTO-DISENGAGE: gear left Park (now N)
[2026-05-21 21:58:31.149] Husby was here, and we are ready to go
[2026-05-21 21:58:31.170] AUTO-DISENGAGE: gear left Park (now N)
[2026-05-21 21:58:31.170] Husby was here, and we are ready to go
[2026-05-21 21:58:31.189] AUTO-DISENGAGE: gear left Park (now N)
[2026-05-21 21:58:31.190] Husby was here, and we are ready to go
[2026-05-21 21:58:31.211] AUTO-DISENGAGE: gear left Park (now N)
[2026-05-21 21:58:31.211] Husby was here, and we are ready to go
[2026-05-21 21:58:31.212] AUTO-DISENGAGE: gear left Park (now N)
[2026-05-21 21:58:31.213] Husby was here, and we are ready to go
[2026-05-21 21:58:31.229] AUTO-DISENGAGE: gear left Park (now N)
[2026-05-21 21:58:31.229] Husby was here, and we are ready to go
[2026-05-21 21:58:31.249] AUTO-DISENGAGE: gear left Park (now N)
[2026-05-21 21:58:31.249] Husby was here, and we are ready to go
[2026-05-21 21:58:31.268] AUTO-DISENGAGE: gear left Park (now N)
[2026-05-21 21:58:31.268] Husby was here, and we are ready to go
[2026-05-21 21:58:31.288] AUTO-DISENGAGE: gear left Park (now N)
[2026-05-21 21:58:31.289] Husby was here, and we are ready to go
[2026-05-21 21:58:31.308] AUTO-DISENGAGE: gear left Park (now N)
[2026-05-21 21:58:31.308] Husby was here, and we are ready to go
[2026-05-21 21:58:31.313] AUTO-DISENGAGE: gear left Park (now N)
[2026-05-21 21:58:31.313] Husby was here, and we are ready to go
[2026-05-21 21:58:31.329] AUTO-DISENGAGE: gear left Park (now N)
[2026-05-21 21:58:31.329] Husby was here, and we are ready to go
[2026-05-21 21:58:31.347] AUTO-DISENGAGE: gear left Park (now N)
[2026-05-21 21:58:31.348] Husby was here, and we are ready to go
[2026-05-21 21:58:31.368] AUTO-DISENGAGE: gear left Park (now N)
[2026-05-21 21:58:31.368] Husby was here, and we are ready to go
[2026-05-21 21:58:31.389] AUTO-DISENGAGE: gear left Park (now N)
[2026-05-21 21:58:31.389] Husby was here, and we are ready to go
[2026-05-21 21:58:31.412] AUTO-DISENGAGE: gear left Park (now N)
[2026-05-21 21:58:31.412] Husby was here, and we are ready to go
[2026-05-21 21:58:31.413] AUTO-DISENGAGE: gear left Park (now N)
[2026-05-21 21:58:31.413] Husby was here, and we are ready to go
[2026-05-21 21:58:31.429] AUTO-DISENGAGE: gear left Park (now N)
[2026-05-21 21:58:31.429] Husby was here, and we are ready to go
[2026-05-21 21:58:31.449] AUTO-DISENGAGE: gear left Park (now N)
[2026-05-21 21:58:31.449] Husby was here, and we are ready to go
[2026-05-21 21:58:31.468] AUTO-DISENGAGE: gear left Park (now N)
[2026-05-21 21:58:31.469] Husby was here, and we are ready to go
[2026-05-21 21:58:31.491] AUTO-DISENGAGE: gear left Park (now N)
[2026-05-21 21:58:31.492] Husby was here, and we are ready to go
[2026-05-21 21:58:31.510] AUTO-DISENGAGE: gear left Park (now N)
[2026-05-21 21:58:31.511] Husby was here, and we are ready to go
[2026-05-21 21:58:31.514] AUTO-DISENGAGE: gear left Park (now N)
[2026-05-21 21:58:31.514] Husby was here, and we are ready to go
[2026-05-21 21:58:31.528] AUTO-DISENGAGE: gear left Park (now N)
[2026-05-21 21:58:31.528] Husby was here, and we are ready to go
[2026-05-21 21:58:31.549] AUTO-DISENGAGE: gear left Park (now N)
[2026-05-21 21:58:31.549] Husby was here, and we are ready to go
[2026-05-21 21:58:31.568] AUTO-DISENGAGE: gear left Park (now N)
[2026-05-21 21:58:31.568] Husby was here, and we are ready to go
[2026-05-21 21:58:31.588] AUTO-DISENGAGE: gear left Park (now N)
[2026-05-21 21:58:31.589] Husby was here, and we are ready to go
[2026-05-21 21:58:31.610] AUTO-DISENGAGE: gear left Park (now N)
[2026-05-21 21:58:31.610] Husby was here, and we are ready to go
[2026-05-21 21:58:31.613] AUTO-DISENGAGE: gear left Park (now N)
[2026-05-21 21:58:31.613] Husby was here, and we are ready to go
[2026-05-21 21:58:31.627] AUTO-DISENGAGE: gear left Park (now N)
[2026-05-21 21:58:31.627] Husby was here, and we are ready to go
[2026-05-21 21:58:31.648] AUTO-DISENGAGE: gear left Park (now N)
[2026-05-21 21:58:31.648] Husby was here, and we are ready to go
[2026-05-21 21:58:31.668] AUTO-DISENGAGE: gear left Park (now N)
[2026-05-21 21:58:31.668] Husby was here, and we are ready to go
[2026-05-21 21:58:31.690] AUTO-DISENGAGE: gear left Park (now N)
[2026-05-21 21:58:31.690] Husby was here, and we are ready to go
[2026-05-21 21:58:31.713] AUTO-DISENGAGE: gear left Park (now N)
[2026-05-21 21:58:31.713] Husby was here, and we are ready to go
[2026-05-21 21:58:31.714] AUTO-DISENGAGE: gear left Park (now N)
[2026-05-21 21:58:31.714] Husby was here, and we are ready to go
[2026-05-21 21:58:31.728] AUTO-DISENGAGE: gear left Park (now N)
[2026-05-21 21:58:31.728] Husby was here, and we are ready to go
[2026-05-21 21:58:31.753] AUTO-DISENGAGE: gear left Park (now N)
[2026-05-21 21:58:31.754] Husby was here, and we are ready to go
[2026-05-21 21:58:31.768] AUTO-DISENGAGE: gear left Park (now N)
[2026-05-21 21:58:31.768] Husby was here, and we are ready to go
[2026-05-21 21:58:31.788] AUTO-DISENGAGE: gear left Park (now N)
[2026-05-21 21:58:31.788] Husby was here, and we are ready to go
[2026-05-21 21:58:31.807] AUTO-DISENGAGE: gear left Park (now N)
[2026-05-21 21:58:31.808] Husby was here, and we are ready to go
[2026-05-21 21:58:31.814] AUTO-DISENGAGE: gear left Park (now N)
[2026-05-21 21:58:31.814] Husby was here, and we are ready to go
[2026-05-21 21:58:31.828] AUTO-DISENGAGE: gear left Park (now N)
[2026-05-21 21:58:31.828] Husby was here, and we are ready to go
[2026-05-21 21:58:31.847] AUTO-DISENGAGE: gear left Park (now N)
[2026-05-21 21:58:31.847] Husby was here, and we are ready to go
[2026-05-21 21:58:31.867] AUTO-DISENGAGE: gear left Park (now N)
[2026-05-21 21:58:31.867] Husby was here, and we are ready to go
[2026-05-21 21:58:31.887] AUTO-DISENGAGE: gear left Park (now N)
[2026-05-21 21:58:31.888] Husby was here, and we are ready to go
[2026-05-21 21:58:31.909] AUTO-DISENGAGE: gear left Park (now N)
[2026-05-21 21:58:31.909] Husby was here, and we are ready to go
[2026-05-21 21:58:31.915] AUTO-DISENGAGE: gear left Park (now N)
[2026-05-21 21:58:31.916] Husby was here, and we are ready to go
[2026-05-21 21:58:31.927] AUTO-DISENGAGE: gear left Park (now N)
[2026-05-21 21:58:31.927] Husby was here, and we are ready to go
[2026-05-21 21:58:31.948] AUTO-DISENGAGE: gear left Park (now N)
[2026-05-21 21:58:31.948] Husby was here, and we are ready to go
[2026-05-21 21:58:31.967] AUTO-DISENGAGE: gear left Park (now N)
[2026-05-21 21:58:31.967] Husby was here, and we are ready to go
[2026-05-21 21:58:31.989] AUTO-DISENGAGE: gear left Park (now N)
[2026-05-21 21:58:31.989] Husby was here, and we are ready to go
[2026-05-21 21:58:32.012] AUTO-DISENGAGE: gear left Park (now N)
[2026-05-21 21:58:32.012] Husby was here, and we are ready to go
[2026-05-21 21:58:32.014] AUTO-DISENGAGE: gear left Park (now N)
[2026-05-21 21:58:32.014] Husby was here, and we are ready to go
[2026-05-21 21:58:32.029] AUTO-DISENGAGE: gear left Park (now N)
[2026-05-21 21:58:32.029] Husby was here, and we are ready to go
[2026-05-21 21:58:32.050] AUTO-DISENGAGE: gear left Park (now N)
[2026-05-21 21:58:32.050] Husby was here, and we are ready to go
[2026-05-21 21:58:32.069] AUTO-DISENGAGE: gear left Park (now N)
[2026-05-21 21:58:32.069] Husby was here, and we are ready to go
[2026-05-21 21:58:32.089] AUTO-DISENGAGE: gear left Park (now N)
[2026-05-21 21:58:32.089] Husby was here, and we are ready to go
[2026-05-21 21:58:32.107] AUTO-DISENGAGE: gear left Park (now N)
[2026-05-21 21:58:32.108] Husby was here, and we are ready to go
[2026-05-21 21:58:32.115] AUTO-DISENGAGE: gear left Park (now N)
[2026-05-21 21:58:32.115] Husby was here, and we are ready to go
[2026-05-21 21:58:32.128] AUTO-DISENGAGE: gear left Park (now N)
[2026-05-21 21:58:32.128] Husby was here, and we are ready to go
[2026-05-21 21:58:32.147] AUTO-DISENGAGE: gear left Park (now N)
[2026-05-21 21:58:32.148] Husby was here, and we are ready to go
[2026-05-21 21:58:32.167] AUTO-DISENGAGE: gear left Park (now N)
[2026-05-21 21:58:32.168] Husby was here, and we are ready to go
[2026-05-21 21:58:32.187] AUTO-DISENGAGE: gear left Park (now N)
[2026-05-21 21:58:32.187] Husby was here, and we are ready to go
[2026-05-21 21:58:32.207] AUTO-DISENGAGE: gear left Park (now N)
[2026-05-21 21:58:32.207] Husby was here, and we are ready to go
[2026-05-21 21:58:32.214] AUTO-DISENGAGE: gear left Park (now N)
[2026-05-21 21:58:32.214] Husby was here, and we are ready to go
[2026-05-21 21:58:32.227] AUTO-DISENGAGE: gear left Park (now N)
[2026-05-21 21:58:32.227] Husby was here, and we are ready to go
[2026-05-21 21:58:32.247] AUTO-DISENGAGE: gear left Park (now N)
[2026-05-21 21:58:32.247] Husby was here, and we are ready to go
[2026-05-21 21:58:32.269] AUTO-DISENGAGE: gear left Park (now N)
[2026-05-21 21:58:32.269] Husby was here, and we are ready to go
[2026-05-21 21:58:32.291] AUTO-DISENGAGE: gear left Park (now N)
[2026-05-21 21:58:32.292] Husby was here, and we are ready to go
[2026-05-21 21:58:32.310] AUTO-DISENGAGE: gear left Park (now N)
[2026-05-21 21:58:32.310] Husby was here, and we are ready to go
[2026-05-21 21:58:32.315] AUTO-DISENGAGE: gear left Park (now N)
[2026-05-21 21:58:32.315] Husby was here, and we are ready to go
[2026-05-21 21:58:32.328] AUTO-DISENGAGE: gear left Park (now N)
[2026-05-21 21:58:32.328] Husby was here, and we are ready to go
[2026-05-21 21:58:32.348] AUTO-DISENGAGE: gear left Park (now N)
[2026-05-21 21:58:32.348] Husby was here, and we are ready to go
[2026-05-21 21:58:32.368] AUTO-DISENGAGE: gear left Park (now N)
[2026-05-21 21:58:32.368] Husby was here, and we are ready to go
[2026-05-21 21:58:32.389] AUTO-DISENGAGE: gear left Park (now N)
[2026-05-21 21:58:32.389] Husby was here, and we are ready to go
[2026-05-21 21:58:32.407] AUTO-DISENGAGE: gear left Park (now N)
[2026-05-21 21:58:32.407] Husby was here, and we are ready to go
[2026-05-21 21:58:32.414] AUTO-DISENGAGE: gear left Park (now N)
[2026-05-21 21:58:32.414] Husby was here, and we are ready to go
[2026-05-21 21:58:32.427] AUTO-DISENGAGE: gear left Park (now N)
[2026-05-21 21:58:32.427] Husby was here, and we are ready to go
[2026-05-21 21:58:32.448] AUTO-DISENGAGE: gear left Park (now N)
[2026-05-21 21:58:32.448] Husby was here, and we are ready to go
[2026-05-21 21:58:32.467] AUTO-DISENGAGE: gear left Park (now N)
[2026-05-21 21:58:32.467] Husby was here, and we are ready to go
[2026-05-21 21:58:32.487] AUTO-DISENGAGE: gear left Park (now N)
[2026-05-21 21:58:32.487] Husby was here, and we are ready to go
[2026-05-21 21:58:32.507] AUTO-DISENGAGE: gear left Park (now N)
[2026-05-21 21:58:32.507] Husby was here, and we are ready to go
[2026-05-21 21:58:32.514] AUTO-DISENGAGE: gear left Park (now N)
[2026-05-21 21:58:32.514] Husby was here, and we are ready to go
[2026-05-21 21:58:32.529] AUTO-DISENGAGE: gear left Park (now N)
[2026-05-21 21:58:32.529] Husby was here, and we are ready to go
[2026-05-21 21:58:32.548] AUTO-DISENGAGE: gear left Park (now N)
[2026-05-21 21:58:32.549] Husby was here, and we are ready to go
[2026-05-21 21:58:32.572] AUTO-DISENGAGE: gear left Park (now N)
[2026-05-21 21:58:32.572] Husby was here, and we are ready to go
[2026-05-21 21:58:32.589] AUTO-DISENGAGE: gear left Park (now N)
[2026-05-21 21:58:32.590] Husby was here, and we are ready to go
[2026-05-21 21:58:32.609] AUTO-DISENGAGE: gear left Park (now N)
[2026-05-21 21:58:32.609] Husby was here, and we are ready to go
[2026-05-21 21:58:32.614] AUTO-DISENGAGE: gear left Park (now N)
[2026-05-21 21:58:32.614] Husby was here, and we are ready to go
[2026-05-21 21:58:32.628] AUTO-DISENGAGE: gear left Park (now N)
[2026-05-21 21:58:32.628] Husby was here, and we are ready to go
[2026-05-21 21:58:32.649] AUTO-DISENGAGE: gear left Park (now N)
[2026-05-21 21:58:32.649] Husby was here, and we are ready to go
[2026-05-21 21:58:32.668] AUTO-DISENGAGE: gear left Park (now N)
[2026-05-21 21:58:32.668] Husby was here, and we are ready to go
[2026-05-21 21:58:32.688] AUTO-DISENGAGE: gear left Park (now N)
[2026-05-21 21:58:32.688] Husby was here, and we are ready to go
[2026-05-21 21:58:32.708] AUTO-DISENGAGE: gear left Park (now N)
[2026-05-21 21:58:32.708] Husby was here, and we are ready to go
[2026-05-21 21:58:32.715] AUTO-DISENGAGE: gear left Park (now N)
[2026-05-21 21:58:32.715] Husby was here, and we are ready to go
[2026-05-21 21:58:32.729] AUTO-DISENGAGE: gear left Park (now N)
[2026-05-21 21:58:32.729] Husby was here, and we are ready to go
[2026-05-21 21:58:32.749] AUTO-DISENGAGE: gear left Park (now N)
[2026-05-21 21:58:32.749] Husby was here, and we are ready to go
[2026-05-21 21:58:32.768] AUTO-DISENGAGE: gear left Park (now N)
[2026-05-21 21:58:32.769] Husby was here, and we are ready to go
[2026-05-21 21:58:32.788] AUTO-DISENGAGE: gear left Park (now N)
[2026-05-21 21:58:32.788] Husby was here, and we are ready to go
[2026-05-21 21:58:32.808] AUTO-DISENGAGE: gear left Park (now N)
[2026-05-21 21:58:32.808] Husby was here, and we are ready to go
[2026-05-21 21:58:32.814] AUTO-DISENGAGE: gear left Park (now N)
[2026-05-21 21:58:32.814] Husby was here, and we are ready to go
[2026-05-21 21:58:32.828] AUTO-DISENGAGE: gear left Park (now N)
[2026-05-21 21:58:32.828] Husby was here, and we are ready to go
[2026-05-21 21:58:32.848] AUTO-DISENGAGE: gear left Park (now N)
[2026-05-21 21:58:32.848] Husby was here, and we are ready to go
[2026-05-21 21:58:32.868] AUTO-DISENGAGE: gear left Park (now N)
[2026-05-21 21:58:32.868] Husby was here, and we are ready to go
[2026-05-21 21:58:32.888] AUTO-DISENGAGE: gear left Park (now N)
[2026-05-21 21:58:32.888] Husby was here, and we are ready to go
[2026-05-21 21:58:32.908] AUTO-DISENGAGE: gear left Park (now N)
[2026-05-21 21:58:32.909] Husby was here, and we are ready to go
[2026-05-21 21:58:32.915] AUTO-DISENGAGE: gear left Park (now N)
[2026-05-21 21:58:32.915] Husby was here, and we are ready to go
[2026-05-21 21:58:32.927] AUTO-DISENGAGE: gear left Park (now N)
[2026-05-21 21:58:32.928] Husby was here, and we are ready to go
[2026-05-21 21:58:32.947] AUTO-DISENGAGE: gear left Park (now N)
[2026-05-21 21:58:32.947] Husby was here, and we are ready to go
[2026-05-21 21:58:32.968] AUTO-DISENGAGE: gear left Park (now N)
[2026-05-21 21:58:32.968] Husby was here, and we are ready to go
[2026-05-21 21:58:32.987] AUTO-DISENGAGE: gear left Park (now N)
[2026-05-21 21:58:32.988] Husby was here, and we are ready to go
[2026-05-21 21:58:33.008] AUTO-DISENGAGE: gear left Park (now N)
[2026-05-21 21:58:33.008] Husby was here, and we are ready to go
[2026-05-21 21:58:33.014] AUTO-DISENGAGE: gear left Park (now N)
[2026-05-21 21:58:33.014] Husby was here, and we are ready to go
[2026-05-21 21:58:33.027] AUTO-DISENGAGE: gear left Park (now N)
[2026-05-21 21:58:33.028] Husby was here, and we are ready to go
[2026-05-21 21:58:33.047] AUTO-DISENGAGE: gear left Park (now N)
[2026-05-21 21:58:33.047] Husby was here, and we are ready to go
[2026-05-21 21:58:33.068] AUTO-DISENGAGE: gear left Park (now N)
[2026-05-21 21:58:33.068] Husby was here, and we are ready to go
[2026-05-21 21:58:33.088] AUTO-DISENGAGE: gear left Park (now N)
[2026-05-21 21:58:33.088] Husby was here, and we are ready to go
[2026-05-21 21:58:33.107] AUTO-DISENGAGE: gear left Park (now N)
[2026-05-21 21:58:33.107] Husby was here, and we are ready to go
[2026-05-21 21:58:33.114] AUTO-DISENGAGE: gear left Park (now N)
[2026-05-21 21:58:33.114] Husby was here, and we are ready to go
[2026-05-21 21:58:33.129] AUTO-DISENGAGE: gear left Park (now N)
[2026-05-21 21:58:33.129] Husby was here, and we are ready to go
[2026-05-21 21:58:33.149] AUTO-DISENGAGE: gear left Park (now N)
[2026-05-21 21:58:33.149] Husby was here, and we are ready to go
[2026-05-21 21:58:33.170] AUTO-DISENGAGE: gear left Park (now N)
[2026-05-21 21:58:33.170] Husby was here, and we are ready to go
[2026-05-21 21:58:33.189] AUTO-DISENGAGE: gear left Park (now N)
[2026-05-21 21:58:33.189] Husby was here, and we are ready to go
[2026-05-21 21:58:33.208] AUTO-DISENGAGE: gear left Park (now N)
[2026-05-21 21:58:33.208] Husby was here, and we are ready to go
[2026-05-21 21:58:33.214] AUTO-DISENGAGE: gear left Park (now N)
[2026-05-21 21:58:33.214] Husby was here, and we are ready to go
[2026-05-21 21:58:33.229] AUTO-DISENGAGE: gear left Park (now N)
[2026-05-21 21:58:33.229] Husby was here, and we are ready to go
[2026-05-21 21:58:33.249] AUTO-DISENGAGE: gear left Park (now N)
[2026-05-21 21:58:33.249] Husby was here, and we are ready to go
[2026-05-21 21:58:33.268] AUTO-DISENGAGE: gear left Park (now N)
[2026-05-21 21:58:33.269] Husby was here, and we are ready to go
[2026-05-21 21:58:33.290] AUTO-DISENGAGE: gear left Park (now N)
[2026-05-21 21:58:33.290] Husby was here, and we are ready to go
[2026-05-21 21:58:33.308] AUTO-DISENGAGE: gear left Park (now N)
[2026-05-21 21:58:33.309] Husby was here, and we are ready to go
[2026-05-21 21:58:33.315] AUTO-DISENGAGE: gear left Park (now N)
[2026-05-21 21:58:33.315] Husby was here, and we are ready to go
[2026-05-21 21:58:33.328] AUTO-DISENGAGE: gear left Park (now N)
[2026-05-21 21:58:33.328] Husby was here, and we are ready to go
[2026-05-21 21:58:33.348] AUTO-DISENGAGE: gear left Park (now N)
[2026-05-21 21:58:33.348] Husby was here, and we are ready to go
[2026-05-21 21:58:33.368] AUTO-DISENGAGE: gear left Park (now N)
[2026-05-21 21:58:33.368] Husby was here, and we are ready to go
[2026-05-21 21:58:33.388] AUTO-DISENGAGE: gear left Park (now N)
[2026-05-21 21:58:33.388] Husby was here, and we are ready to go
[2026-05-21 21:58:33.408] AUTO-DISENGAGE: gear left Park (now N)
[2026-05-21 21:58:33.408] Husby was here, and we are ready to go
[2026-05-21 21:58:33.414] AUTO-DISENGAGE: gear left Park (now N)
[2026-05-21 21:58:33.414] Husby was here, and we are ready to go
[2026-05-21 21:58:33.428] AUTO-DISENGAGE: gear left Park (now N)
[2026-05-21 21:58:33.428] Husby was here, and we are ready to go
[2026-05-21 21:58:33.448] AUTO-DISENGAGE: gear left Park (now N)
[2026-05-21 21:58:33.449] Husby was here, and we are ready to go
[2026-05-21 21:58:33.470] AUTO-DISENGAGE: gear left Park (now N)
[2026-05-21 21:58:33.470] Husby was here, and we are ready to go
[2026-05-21 21:58:33.485] rc: RND switch -> R, queuing shift
[2026-05-21 21:58:33.488] AUTO-DISENGAGE: gear left Park (now N)
[2026-05-21 21:58:33.488] Husby was here, and we are ready to go
[2026-05-21 21:58:33.508] AUTO-DISENGAGE: gear left Park (now N)
[2026-05-21 21:58:33.508] Husby was here, and we are ready to go
[2026-05-21 21:58:33.508] SHIFT: requesting R via 0x6D burst (30 active + 10 idle frames at 200 Hz)
[2026-05-21 21:58:33.509] shift requested: R
[2026-05-21 21:58:33.512] AUTO-DISENGAGE: gear left Park (now N)
[2026-05-21 21:58:33.513] Husby was here, and we are ready to go
[2026-05-21 21:58:33.514] AUTO-DISENGAGE: gear left Park (now N)
[2026-05-21 21:58:33.514] Husby was here, and we are ready to go
[2026-05-21 21:58:33.517] AUTO-DISENGAGE: gear left Park (now N)
[2026-05-21 21:58:33.517] Husby was here, and we are ready to go
[2026-05-21 21:58:33.522] AUTO-DISENGAGE: gear left Park (now N)
[2026-05-21 21:58:33.522] Husby was here, and we are ready to go
[2026-05-21 21:58:33.528] AUTO-DISENGAGE: gear left Park (now N)
[2026-05-21 21:58:33.528] Husby was here, and we are ready to go
[2026-05-21 21:58:33.528] AUTO-DISENGAGE: gear left Park (now N)
[2026-05-21 21:58:33.528] Husby was here, and we are ready to go
[2026-05-21 21:58:33.534] AUTO-DISENGAGE: gear left Park (now N)
[2026-05-21 21:58:33.534] Husby was here, and we are ready to go
[2026-05-21 21:58:33.539] gear: N -> R
[2026-05-21 21:58:33.540] AUTO-DISENGAGE: gear left Park (now R)
[2026-05-21 21:58:33.540] Husby was here, and we are ready to go
[2026-05-21 21:58:33.544] AUTO-DISENGAGE: gear left Park (now R)
[2026-05-21 21:58:33.544] Husby was here, and we are ready to go
[2026-05-21 21:58:33.547] AUTO-DISENGAGE: gear left Park (now R)
[2026-05-21 21:58:33.547] Husby was here, and we are ready to go
[2026-05-21 21:58:33.548] AUTO-DISENGAGE: gear left Park (now R)
[2026-05-21 21:58:33.549] Husby was here, and we are ready to go
[2026-05-21 21:58:33.554] AUTO-DISENGAGE: gear left Park (now R)
[2026-05-21 21:58:33.554] Husby was here, and we are ready to go
[2026-05-21 21:58:33.559] AUTO-DISENGAGE: gear left Park (now R)
[2026-05-21 21:58:33.559] Husby was here, and we are ready to go
[2026-05-21 21:58:33.564] AUTO-DISENGAGE: gear left Park (now R)
[2026-05-21 21:58:33.565] Husby was here, and we are ready to go
[2026-05-21 21:58:33.568] AUTO-DISENGAGE: gear left Park (now R)
[2026-05-21 21:58:33.568] Husby was here, and we are ready to go
[2026-05-21 21:58:33.568] AUTO-DISENGAGE: gear left Park (now R)
[2026-05-21 21:58:33.569] Husby was here, and we are ready to go
[2026-05-21 21:58:33.574] AUTO-DISENGAGE: gear left Park (now R)
[2026-05-21 21:58:33.574] Husby was here, and we are ready to go
[2026-05-21 21:58:33.579] AUTO-DISENGAGE: gear left Park (now R)
[2026-05-21 21:58:33.579] Husby was here, and we are ready to go
[2026-05-21 21:58:33.585] AUTO-DISENGAGE: gear left Park (now R)
[2026-05-21 21:58:33.586] Husby was here, and we are ready to go
[2026-05-21 21:58:33.587] AUTO-DISENGAGE: gear left Park (now R)
[2026-05-21 21:58:33.587] Husby was here, and we are ready to go
[2026-05-21 21:58:33.588] AUTO-DISENGAGE: gear left Park (now R)
[2026-05-21 21:58:33.589] Husby was here, and we are ready to go
[2026-05-21 21:58:33.595] AUTO-DISENGAGE: gear left Park (now R)
[2026-05-21 21:58:33.596] Husby was here, and we are ready to go
[2026-05-21 21:58:33.599] AUTO-DISENGAGE: gear left Park (now R)
[2026-05-21 21:58:33.599] Husby was here, and we are ready to go
[2026-05-21 21:58:33.604] AUTO-DISENGAGE: gear left Park (now R)
[2026-05-21 21:58:33.605] Husby was here, and we are ready to go
[2026-05-21 21:58:33.608] AUTO-DISENGAGE: gear left Park (now R)
[2026-05-21 21:58:33.608] Husby was here, and we are ready to go
[2026-05-21 21:58:33.609] AUTO-DISENGAGE: gear left Park (now R)
[2026-05-21 21:58:33.609] Husby was here, and we are ready to go
[2026-05-21 21:58:33.614] AUTO-DISENGAGE: gear left Park (now R)
[2026-05-21 21:58:33.614] Husby was here, and we are ready to go
[2026-05-21 21:58:33.615] AUTO-DISENGAGE: gear left Park (now R)
[2026-05-21 21:58:33.616] Husby was here, and we are ready to go
[2026-05-21 21:58:33.620] AUTO-DISENGAGE: gear left Park (now R)
[2026-05-21 21:58:33.620] Husby was here, and we are ready to go
[2026-05-21 21:58:33.627] AUTO-DISENGAGE: gear left Park (now R)
[2026-05-21 21:58:33.627] Husby was here, and we are ready to go
[2026-05-21 21:58:33.628] AUTO-DISENGAGE: gear left Park (now R)
[2026-05-21 21:58:33.628] Husby was here, and we are ready to go
[2026-05-21 21:58:33.630] AUTO-DISENGAGE: gear left Park (now R)
[2026-05-21 21:58:33.630] Husby was here, and we are ready to go
[2026-05-21 21:58:33.637] AUTO-DISENGAGE: gear left Park (now R)
[2026-05-21 21:58:33.637] Husby was here, and we are ready to go
[2026-05-21 21:58:33.640] AUTO-DISENGAGE: gear left Park (now R)
[2026-05-21 21:58:33.641] Husby was here, and we are ready to go
[2026-05-21 21:58:33.645] AUTO-DISENGAGE: gear left Park (now R)
[2026-05-21 21:58:33.646] Husby was here, and we are ready to go
[2026-05-21 21:58:33.649] AUTO-DISENGAGE: gear left Park (now R)
[2026-05-21 21:58:33.649] Husby was here, and we are ready to go
[2026-05-21 21:58:33.650] AUTO-DISENGAGE: gear left Park (now R)
[2026-05-21 21:58:33.650] Husby was here, and we are ready to go
[2026-05-21 21:58:33.656] AUTO-DISENGAGE: gear left Park (now R)
[2026-05-21 21:58:33.656] Husby was here, and we are ready to go
[2026-05-21 21:58:33.660] AUTO-DISENGAGE: gear left Park (now R)
[2026-05-21 21:58:33.660] Husby was here, and we are ready to go
[2026-05-21 21:58:33.666] AUTO-DISENGAGE: gear left Park (now R)
[2026-05-21 21:58:33.666] Husby was here, and we are ready to go
[2026-05-21 21:58:33.669] AUTO-DISENGAGE: gear left Park (now R)
[2026-05-21 21:58:33.669] Husby was here, and we are ready to go
[2026-05-21 21:58:33.670] AUTO-DISENGAGE: gear left Park (now R)
[2026-05-21 21:58:33.670] Husby was here, and we are ready to go
[2026-05-21 21:58:33.676] AUTO-DISENGAGE: gear left Park (now R)
[2026-05-21 21:58:33.676] Husby was here, and we are ready to go
[2026-05-21 21:58:33.680] AUTO-DISENGAGE: gear left Park (now R)
[2026-05-21 21:58:33.680] Husby was here, and we are ready to go
[2026-05-21 21:58:33.686] AUTO-DISENGAGE: gear left Park (now R)
[2026-05-21 21:58:33.686] Husby was here, and we are ready to go
[2026-05-21 21:58:33.689] AUTO-DISENGAGE: gear left Park (now R)
[2026-05-21 21:58:33.689] Husby was here, and we are ready to go
[2026-05-21 21:58:33.691] AUTO-DISENGAGE: gear left Park (now R)
[2026-05-21 21:58:33.691] Husby was here, and we are ready to go
[2026-05-21 21:58:33.695] AUTO-DISENGAGE: gear left Park (now R)
[2026-05-21 21:58:33.696] Husby was here, and we are ready to go
[2026-05-21 21:58:33.703] AUTO-DISENGAGE: gear left Park (now R)
[2026-05-21 21:58:33.703] Husby was here, and we are ready to go
[2026-05-21 21:58:33.705] AUTO-DISENGAGE: gear left Park (now R)
[2026-05-21 21:58:33.705] Husby was here, and we are ready to go
[2026-05-21 21:58:33.708] AUTO-DISENGAGE: gear left Park (now R)
[2026-05-21 21:58:33.708] Husby was here, and we are ready to go
[2026-05-21 21:58:33.717] AUTO-DISENGAGE: gear left Park (now R)
[2026-05-21 21:58:33.717] Husby was here, and we are ready to go
[2026-05-21 21:58:33.733] AUTO-DISENGAGE: gear left Park (now R)
[2026-05-21 21:58:33.733] Husby was here, and we are ready to go
[2026-05-21 21:58:33.749] AUTO-DISENGAGE: gear left Park (now R)
[2026-05-21 21:58:33.749] Husby was here, and we are ready to go
[2026-05-21 21:58:33.769] AUTO-DISENGAGE: gear left Park (now R)
[2026-05-21 21:58:33.769] Husby was here, and we are ready to go
[2026-05-21 21:58:33.789] AUTO-DISENGAGE: gear left Park (now R)
[2026-05-21 21:58:33.789] Husby was here, and we are ready to go
[2026-05-21 21:58:33.810] AUTO-DISENGAGE: gear left Park (now R)
[2026-05-21 21:58:33.810] Husby was here, and we are ready to go
[2026-05-21 21:58:33.814] AUTO-DISENGAGE: gear left Park (now R)
[2026-05-21 21:58:33.814] Husby was here, and we are ready to go
[2026-05-21 21:58:33.829] AUTO-DISENGAGE: gear left Park (now R)
[2026-05-21 21:58:33.829] Husby was here, and we are ready to go
[2026-05-21 21:58:33.849] AUTO-DISENGAGE: gear left Park (now R)
[2026-05-21 21:58:33.849] Husby was here, and we are ready to go
[2026-05-21 21:58:33.869] AUTO-DISENGAGE: gear left Park (now R)
[2026-05-21 21:58:33.869] Husby was here, and we are ready to go
[2026-05-21 21:58:33.889] AUTO-DISENGAGE: gear left Park (now R)
[2026-05-21 21:58:33.890] Husby was here, and we are ready to go
[2026-05-21 21:58:33.911] AUTO-DISENGAGE: gear left Park (now R)
[2026-05-21 21:58:33.912] Husby was here, and we are ready to go
[2026-05-21 21:58:33.912] SHIFT post-burst gear: R (requested R)
[2026-05-21 21:58:33.914] AUTO-DISENGAGE: gear left Park (now R)
[2026-05-21 21:58:33.914] Husby was here, and we are ready to go
[2026-05-21 21:58:33.929] AUTO-DISENGAGE: gear left Park (now R)
[2026-05-21 21:58:33.929] Husby was here, and we are ready to go
[2026-05-21 21:58:33.949] AUTO-DISENGAGE: gear left Park (now R)
[2026-05-21 21:58:33.949] Husby was here, and we are ready to go
[2026-05-21 21:58:33.969] AUTO-DISENGAGE: gear left Park (now R)
[2026-05-21 21:58:33.969] Husby was here, and we are ready to go
[2026-05-21 21:58:33.990] AUTO-DISENGAGE: gear left Park (now R)
[2026-05-21 21:58:33.990] Husby was here, and we are ready to go
[2026-05-21 21:58:34.013] AUTO-DISENGAGE: gear left Park (now R)
[2026-05-21 21:58:34.013] Husby was here, and we are ready to go
[2026-05-21 21:58:34.014] AUTO-DISENGAGE: gear left Park (now R)
[2026-05-21 21:58:34.014] Husby was here, and we are ready to go
[2026-05-21 21:58:34.030] AUTO-DISENGAGE: gear left Park (now R)
[2026-05-21 21:58:34.030] Husby was here, and we are ready to go
[2026-05-21 21:58:34.050] AUTO-DISENGAGE: gear left Park (now R)
[2026-05-21 21:58:34.050] Husby was here, and we are ready to go
[2026-05-21 21:58:34.071] AUTO-DISENGAGE: gear left Park (now R)
[2026-05-21 21:58:34.071] Husby was here, and we are ready to go
[2026-05-21 21:58:34.089] AUTO-DISENGAGE: gear left Park (now R)
[2026-05-21 21:58:34.089] Husby was here, and we are ready to go
[2026-05-21 21:58:34.111] AUTO-DISENGAGE: gear left Park (now R)
[2026-05-21 21:58:34.112] Husby was here, and we are ready to go
[2026-05-21 21:58:34.114] AUTO-DISENGAGE: gear left Park (now R)
[2026-05-21 21:58:34.114] Husby was here, and we are ready to go
[2026-05-21 21:58:34.129] AUTO-DISENGAGE: gear left Park (now R)
[2026-05-21 21:58:34.129] Husby was here, and we are ready to go
[2026-05-21 21:58:34.148] AUTO-DISENGAGE: gear left Park (now R)
[2026-05-21 21:58:34.149] Husby was here, and we are ready to go
[2026-05-21 21:58:34.168] AUTO-DISENGAGE: gear left Park (now R)
[2026-05-21 21:58:34.168] Husby was here, and we are ready to go
[2026-05-21 21:58:34.189] AUTO-DISENGAGE: gear left Park (now R)
[2026-05-21 21:58:34.189] Husby was here, and we are ready to go
[2026-05-21 21:58:34.209] AUTO-DISENGAGE: gear left Park (now R)
[2026-05-21 21:58:34.210] Husby was here, and we are ready to go
[2026-05-21 21:58:34.214] AUTO-DISENGAGE: gear left Park (now R)
[2026-05-21 21:58:34.214] Husby was here, and we are ready to go
[2026-05-21 21:58:34.229] AUTO-DISENGAGE: gear left Park (now R)
[2026-05-21 21:58:34.229] Husby was here, and we are ready to go
[2026-05-21 21:58:34.249] AUTO-DISENGAGE: gear left Park (now R)
[2026-05-21 21:58:34.249] Husby was here, and we are ready to go
[2026-05-21 21:58:34.270] AUTO-DISENGAGE: gear left Park (now R)
[2026-05-21 21:58:34.270] Husby was here, and we are ready to go
[2026-05-21 21:58:34.292] AUTO-DISENGAGE: gear left Park (now R)
[2026-05-21 21:58:34.292] Husby was here, and we are ready to go
[2026-05-21 21:58:34.310] AUTO-DISENGAGE: gear left Park (now R)
[2026-05-21 21:58:34.310] Husby was here, and we are ready to go
[2026-05-21 21:58:34.314] AUTO-DISENGAGE: gear left Park (now R)
[2026-05-21 21:58:34.315] Husby was here, and we are ready to go
[2026-05-21 21:58:34.328] AUTO-DISENGAGE: gear left Park (now R)
[2026-05-21 21:58:34.328] Husby was here, and we are ready to go
[2026-05-21 21:58:34.348] AUTO-DISENGAGE: gear left Park (now R)
[2026-05-21 21:58:34.349] Husby was here, and we are ready to go
[2026-05-21 21:58:34.369] AUTO-DISENGAGE: gear left Park (now R)
[2026-05-21 21:58:34.369] Husby was here, and we are ready to go
[2026-05-21 21:58:34.389] AUTO-DISENGAGE: gear left Park (now R)
[2026-05-21 21:58:34.389] Husby was here, and we are ready to go
[2026-05-21 21:58:34.409] AUTO-DISENGAGE: gear left Park (now R)
[2026-05-21 21:58:34.409] Husby was here, and we are ready to go
[2026-05-21 21:58:34.414] AUTO-DISENGAGE: gear left Park (now R)
[2026-05-21 21:58:34.414] Husby was here, and we are ready to go
[2026-05-21 21:58:34.428] AUTO-DISENGAGE: gear left Park (now R)
[2026-05-21 21:58:34.428] Husby was here, and we are ready to go
[2026-05-21 21:58:34.452] AUTO-DISENGAGE: gear left Park (now R)
[2026-05-21 21:58:34.452] Husby was here, and we are ready to go
[2026-05-21 21:58:34.471] AUTO-DISENGAGE: gear left Park (now R)
[2026-05-21 21:58:34.471] Husby was here, and we are ready to go
[2026-05-21 21:58:34.492] AUTO-DISENGAGE: gear left Park (now R)
[2026-05-21 21:58:34.492] Husby was here, and we are ready to go
[2026-05-21 21:58:34.510] AUTO-DISENGAGE: gear left Park (now R)
[2026-05-21 21:58:34.510] Husby was here, and we are ready to go
[2026-05-21 21:58:34.514] AUTO-DISENGAGE: gear left Park (now R)
[2026-05-21 21:58:34.514] Husby was here, and we are ready to go
[2026-05-21 21:58:34.529] AUTO-DISENGAGE: gear left Park (now R)
[2026-05-21 21:58:34.529] Husby was here, and we are ready to go
[2026-05-21 21:58:34.549] AUTO-DISENGAGE: gear left Park (now R)
[2026-05-21 21:58:34.549] Husby was here, and we are ready to go
[2026-05-21 21:58:34.568] AUTO-DISENGAGE: gear left Park (now R)
[2026-05-21 21:58:34.569] Husby was here, and we are ready to go
[2026-05-21 21:58:34.589] AUTO-DISENGAGE: gear left Park (now R)
[2026-05-21 21:58:34.589] Husby was here, and we are ready to go
[2026-05-21 21:58:34.609] AUTO-DISENGAGE: gear left Park (now R)
[2026-05-21 21:58:34.609] Husby was here, and we are ready to go
[2026-05-21 21:58:34.614] AUTO-DISENGAGE: gear left Park (now R)
[2026-05-21 21:58:34.614] Husby was here, and we are ready to go
[2026-05-21 21:58:34.630] AUTO-DISENGAGE: gear left Park (now R)
[2026-05-21 21:58:34.631] Husby was here, and we are ready to go
[2026-05-21 21:58:34.651] AUTO-DISENGAGE: gear left Park (now R)
[2026-05-21 21:58:34.651] Husby was here, and we are ready to go
[2026-05-21 21:58:34.672] AUTO-DISENGAGE: gear left Park (now R)
[2026-05-21 21:58:34.672] Husby was here, and we are ready to go
[2026-05-21 21:58:34.692] AUTO-DISENGAGE: gear left Park (now R)
[2026-05-21 21:58:34.692] Husby was here, and we are ready to go
[2026-05-21 21:58:34.714] AUTO-DISENGAGE: gear left Park (now R)
[2026-05-21 21:58:34.714] Husby was here, and we are ready to go
[2026-05-21 21:58:34.714] AUTO-DISENGAGE: gear left Park (now R)
[2026-05-21 21:58:34.714] Husby was here, and we are ready to go
[2026-05-21 21:58:34.731] AUTO-DISENGAGE: gear left Park (now R)
[2026-05-21 21:58:34.731] Husby was here, and we are ready to go
[2026-05-21 21:58:34.749] AUTO-DISENGAGE: gear left Park (now R)
[2026-05-21 21:58:34.749] Husby was here, and we are ready to go
[2026-05-21 21:58:34.770] AUTO-DISENGAGE: gear left Park (now R)
[2026-05-21 21:58:34.771] Husby was here, and we are ready to go
[2026-05-21 21:58:34.789] AUTO-DISENGAGE: gear left Park (now R)
[2026-05-21 21:58:34.789] Husby was here, and we are ready to go
[2026-05-21 21:58:34.809] AUTO-DISENGAGE: gear left Park (now R)
[2026-05-21 21:58:34.809] Husby was here, and we are ready to go
[2026-05-21 21:58:34.814] AUTO-DISENGAGE: gear left Park (now R)
[2026-05-21 21:58:34.814] Husby was here, and we are ready to go
[2026-05-21 21:58:34.829] AUTO-DISENGAGE: gear left Park (now R)
[2026-05-21 21:58:34.829] Husby was here, and we are ready to go
[2026-05-21 21:58:34.848] AUTO-DISENGAGE: gear left Park (now R)
[2026-05-21 21:58:34.848] Husby was here, and we are ready to go
[2026-05-21 21:58:34.870] AUTO-DISENGAGE: gear left Park (now R)
[2026-05-21 21:58:34.870] Husby was here, and we are ready to go
[2026-05-21 21:58:34.892] AUTO-DISENGAGE: gear left Park (now R)
[2026-05-21 21:58:34.892] Husby was here, and we are ready to go
[2026-05-21 21:58:34.912] AUTO-DISENGAGE: gear left Park (now R)
[2026-05-21 21:58:34.912] Husby was here, and we are ready to go
[2026-05-21 21:58:34.914] AUTO-DISENGAGE: gear left Park (now R)
[2026-05-21 21:58:34.915] Husby was here, and we are ready to go
[2026-05-21 21:58:34.929] AUTO-DISENGAGE: gear left Park (now R)
[2026-05-21 21:58:34.929] Husby was here, and we are ready to go
[2026-05-21 21:58:34.952] AUTO-DISENGAGE: gear left Park (now R)
[2026-05-21 21:58:34.952] Husby was here, and we are ready to go
[2026-05-21 21:58:34.970] AUTO-DISENGAGE: gear left Park (now R)
[2026-05-21 21:58:34.970] Husby was here, and we are ready to go
[2026-05-21 21:58:34.990] AUTO-DISENGAGE: gear left Park (now R)
[2026-05-21 21:58:34.990] Husby was here, and we are ready to go
[2026-05-21 21:58:35.013] AUTO-DISENGAGE: gear left Park (now R)
[2026-05-21 21:58:35.013] Husby was here, and we are ready to go
[2026-05-21 21:58:35.014] AUTO-DISENGAGE: gear left Park (now R)
[2026-05-21 21:58:35.014] Husby was here, and we are ready to go
[2026-05-21 21:58:35.029] AUTO-DISENGAGE: gear left Park (now R)
[2026-05-21 21:58:35.029] Husby was here, and we are ready to go
[2026-05-21 21:58:35.049] AUTO-DISENGAGE: gear left Park (now R)
[2026-05-21 21:58:35.049] Husby was here, and we are ready to go
[2026-05-21 21:58:35.069] AUTO-DISENGAGE: gear left Park (now R)
[2026-05-21 21:58:35.069] Husby was here, and we are ready to go
[2026-05-21 21:58:35.089] AUTO-DISENGAGE: gear left Park (now R)
[2026-05-21 21:58:35.090] Husby was here, and we are ready to go
[2026-05-21 21:58:35.112] AUTO-DISENGAGE: gear left Park (now R)
[2026-05-21 21:58:35.112] Husby was here, and we are ready to go
[2026-05-21 21:58:35.115] AUTO-DISENGAGE: gear left Park (now R)
[2026-05-21 21:58:35.115] Husby was here, and we are ready to go
[2026-05-21 21:58:35.129] AUTO-DISENGAGE: gear left Park (now R)
[2026-05-21 21:58:35.129] Husby was here, and we are ready to go
[2026-05-21 21:58:35.149] AUTO-DISENGAGE: gear left Park (now R)
[2026-05-21 21:58:35.149] Husby was here, and we are ready to go
[2026-05-21 21:58:35.169] AUTO-DISENGAGE: gear left Park (now R)
[2026-05-21 21:58:35.169] Husby was here, and we are ready to go
[2026-05-21 21:58:35.190] AUTO-DISENGAGE: gear left Park (now R)
[2026-05-21 21:58:35.190] Husby was here, and we are ready to go
[2026-05-21 21:58:35.210] AUTO-DISENGAGE: gear left Park (now R)
[2026-05-21 21:58:35.210] Husby was here, and we are ready to go
[2026-05-21 21:58:35.214] AUTO-DISENGAGE: gear left Park (now R)
[2026-05-21 21:58:35.214] Husby was here, and we are ready to go
[2026-05-21 21:58:35.230] AUTO-DISENGAGE: gear left Park (now R)
[2026-05-21 21:58:35.231] Husby was here, and we are ready to go
[2026-05-21 21:58:35.250] AUTO-DISENGAGE: gear left Park (now R)
[2026-05-21 21:58:35.251] Husby was here, and we are ready to go
[2026-05-21 21:58:35.272] AUTO-DISENGAGE: gear left Park (now R)
[2026-05-21 21:58:35.272] Husby was here, and we are ready to go
[2026-05-21 21:58:35.289] AUTO-DISENGAGE: gear left Park (now R)
[2026-05-21 21:58:35.290] Husby was here, and we are ready to go
[2026-05-21 21:58:35.310] AUTO-DISENGAGE: gear left Park (now R)
[2026-05-21 21:58:35.310] Husby was here, and we are ready to go
[2026-05-21 21:58:35.315] AUTO-DISENGAGE: gear left Park (now R)
[2026-05-21 21:58:35.315] Husby was here, and we are ready to go
[2026-05-21 21:58:35.329] AUTO-DISENGAGE: gear left Park (now R)
[2026-05-21 21:58:35.329] Husby was here, and we are ready to go
[2026-05-21 21:58:35.349] AUTO-DISENGAGE: gear left Park (now R)
[2026-05-21 21:58:35.349] Husby was here, and we are ready to go
[2026-05-21 21:58:35.371] AUTO-DISENGAGE: gear left Park (now R)
[2026-05-21 21:58:35.371] Husby was here, and we are ready to go
[2026-05-21 21:58:35.389] AUTO-DISENGAGE: gear left Park (now R)
[2026-05-21 21:58:35.389] Husby was here, and we are ready to go
[2026-05-21 21:58:35.409] AUTO-DISENGAGE: gear left Park (now R)
[2026-05-21 21:58:35.409] Husby was here, and we are ready to go
[2026-05-21 21:58:35.414] AUTO-DISENGAGE: gear left Park (now R)
[2026-05-21 21:58:35.414] Husby was here, and we are ready to go
[2026-05-21 21:58:35.429] AUTO-DISENGAGE: gear left Park (now R)
[2026-05-21 21:58:35.429] Husby was here, and we are ready to go
[2026-05-21 21:58:35.448] AUTO-DISENGAGE: gear left Park (now R)
[2026-05-21 21:58:35.449] Husby was here, and we are ready to go
[2026-05-21 21:58:35.468] AUTO-DISENGAGE: gear left Park (now R)
[2026-05-21 21:58:35.468] Husby was here, and we are ready to go
[2026-05-21 21:58:35.489] AUTO-DISENGAGE: gear left Park (now R)
[2026-05-21 21:58:35.489] Husby was here, and we are ready to go
[2026-05-21 21:58:35.510] AUTO-DISENGAGE: gear left Park (now R)
[2026-05-21 21:58:35.510] Husby was here, and we are ready to go
[2026-05-21 21:58:35.514] AUTO-DISENGAGE: gear left Park (now R)
[2026-05-21 21:58:35.514] Husby was here, and we are ready to go
[2026-05-21 21:58:35.531] AUTO-DISENGAGE: gear left Park (now R)
[2026-05-21 21:58:35.531] Husby was here, and we are ready to go
[2026-05-21 21:58:35.552] AUTO-DISENGAGE: gear left Park (now R)
[2026-05-21 21:58:35.552] Husby was here, and we are ready to go
[2026-05-21 21:58:35.572] AUTO-DISENGAGE: gear left Park (now R)
[2026-05-21 21:58:35.572] Husby was here, and we are ready to go
[2026-05-21 21:58:35.593] AUTO-DISENGAGE: gear left Park (now R)
[2026-05-21 21:58:35.594] Husby was here, and we are ready to go
[2026-05-21 21:58:35.614] AUTO-DISENGAGE: gear left Park (now R)
[2026-05-21 21:58:35.614] Husby was here, and we are ready to go
[2026-05-21 21:58:35.614] AUTO-DISENGAGE: gear left Park (now R)
[2026-05-21 21:58:35.614] Husby was here, and we are ready to go
[2026-05-21 21:58:35.632] AUTO-DISENGAGE: gear left Park (now R)
[2026-05-21 21:58:35.633] Husby was here, and we are ready to go
[2026-05-21 21:58:35.651] AUTO-DISENGAGE: gear left Park (now R)
[2026-05-21 21:58:35.651] Husby was here, and we are ready to go
[2026-05-21 21:58:35.672] AUTO-DISENGAGE: gear left Park (now R)
[2026-05-21 21:58:35.672] Husby was here, and we are ready to go
[2026-05-21 21:58:35.693] AUTO-DISENGAGE: gear left Park (now R)
[2026-05-21 21:58:35.694] Husby was here, and we are ready to go
[2026-05-21 21:58:35.716] AUTO-DISENGAGE: gear left Park (now R)
[2026-05-21 21:58:35.717] Husby was here, and we are ready to go
[2026-05-21 21:58:35.717] AUTO-DISENGAGE: gear left Park (now R)
[2026-05-21 21:58:35.718] Husby was here, and we are ready to go
[2026-05-21 21:58:35.734] AUTO-DISENGAGE: gear left Park (now R)
[2026-05-21 21:58:35.734] Husby was here, and we are ready to go
[2026-05-21 21:58:35.752] AUTO-DISENGAGE: gear left Park (now R)
[2026-05-21 21:58:35.752] Husby was here, and we are ready to go
[2026-05-21 21:58:35.771] AUTO-DISENGAGE: gear left Park (now R)
[2026-05-21 21:58:35.771] Husby was here, and we are ready to go
[2026-05-21 21:58:35.791] AUTO-DISENGAGE: gear left Park (now R)
[2026-05-21 21:58:35.791] Husby was here, and we are ready to go
[2026-05-21 21:58:35.810] AUTO-DISENGAGE: gear left Park (now R)
[2026-05-21 21:58:35.810] Husby was here, and we are ready to go
[2026-05-21 21:58:35.817] AUTO-DISENGAGE: gear left Park (now R)
[2026-05-21 21:58:35.817] Husby was here, and we are ready to go
[2026-05-21 21:58:35.830] AUTO-DISENGAGE: gear left Park (now R)
[2026-05-21 21:58:35.830] Husby was here, and we are ready to go
[2026-05-21 21:58:35.853] AUTO-DISENGAGE: gear left Park (now R)
[2026-05-21 21:58:35.853] Husby was here, and we are ready to go
[2026-05-21 21:58:35.872] AUTO-DISENGAGE: gear left Park (now R)
[2026-05-21 21:58:35.872] Husby was here, and we are ready to go
[2026-05-21 21:58:35.892] AUTO-DISENGAGE: gear left Park (now R)
[2026-05-21 21:58:35.892] Husby was here, and we are ready to go
[2026-05-21 21:58:35.911] AUTO-DISENGAGE: gear left Park (now R)
[2026-05-21 21:58:35.911] Husby was here, and we are ready to go
[2026-05-21 21:58:35.917] AUTO-DISENGAGE: gear left Park (now R)
[2026-05-21 21:58:35.917] Husby was here, and we are ready to go
[2026-05-21 21:58:35.930] AUTO-DISENGAGE: gear left Park (now R)
[2026-05-21 21:58:35.930] Husby was here, and we are ready to go
[2026-05-21 21:58:35.952] AUTO-DISENGAGE: gear left Park (now R)
[2026-05-21 21:58:35.952] Husby was here, and we are ready to go
[2026-05-21 21:58:35.970] AUTO-DISENGAGE: gear left Park (now R)
[2026-05-21 21:58:35.970] Husby was here, and we are ready to go
[2026-05-21 21:58:35.990] AUTO-DISENGAGE: gear left Park (now R)
[2026-05-21 21:58:35.991] Husby was here, and we are ready to go
[2026-05-21 21:58:36.012] AUTO-DISENGAGE: gear left Park (now R)
[2026-05-21 21:58:36.012] Husby was here, and we are ready to go
[2026-05-21 21:58:36.017] AUTO-DISENGAGE: gear left Park (now R)
[2026-05-21 21:58:36.017] Husby was here, and we are ready to go
[2026-05-21 21:58:36.031] AUTO-DISENGAGE: gear left Park (now R)
[2026-05-21 21:58:36.031] Husby was here, and we are ready to go
[2026-05-21 21:58:36.050] AUTO-DISENGAGE: gear left Park (now R)
[2026-05-21 21:58:36.050] Husby was here, and we are ready to go
[2026-05-21 21:58:36.070] AUTO-DISENGAGE: gear left Park (now R)
[2026-05-21 21:58:36.070] Husby was here, and we are ready to go
[2026-05-21 21:58:36.091] AUTO-DISENGAGE: gear left Park (now R)
[2026-05-21 21:58:36.092] Husby was here, and we are ready to go
[2026-05-21 21:58:36.112] AUTO-DISENGAGE: gear left Park (now R)
[2026-05-21 21:58:36.112] Husby was here, and we are ready to go
[2026-05-21 21:58:36.117] AUTO-DISENGAGE: gear left Park (now R)
[2026-05-21 21:58:36.117] Husby was here, and we are ready to go
[2026-05-21 21:58:36.131] AUTO-DISENGAGE: gear left Park (now R)
[2026-05-21 21:58:36.131] Husby was here, and we are ready to go
[2026-05-21 21:58:36.152] AUTO-DISENGAGE: gear left Park (now R)
[2026-05-21 21:58:36.152] Husby was here, and we are ready to go
[2026-05-21 21:58:36.172] AUTO-DISENGAGE: gear left Park (now R)
[2026-05-21 21:58:36.172] Husby was here, and we are ready to go
[2026-05-21 21:58:36.193] AUTO-DISENGAGE: gear left Park (now R)
[2026-05-21 21:58:36.193] Husby was here, and we are ready to go
[2026-05-21 21:58:36.212] AUTO-DISENGAGE: gear left Park (now R)
[2026-05-21 21:58:36.212] Husby was here, and we are ready to go
[2026-05-21 21:58:36.217] AUTO-DISENGAGE: gear left Park (now R)
[2026-05-21 21:58:36.217] Husby was here, and we are ready to go
[2026-05-21 21:58:36.231] AUTO-DISENGAGE: gear left Park (now R)
[2026-05-21 21:58:36.231] Husby was here, and we are ready to go
[2026-05-21 21:58:36.252] AUTO-DISENGAGE: gear left Park (now R)
[2026-05-21 21:58:36.252] Husby was here, and we are ready to go
[2026-05-21 21:58:36.272] AUTO-DISENGAGE: gear left Park (now R)
[2026-05-21 21:58:36.272] Husby was here, and we are ready to go
[2026-05-21 21:58:36.293] AUTO-DISENGAGE: gear left Park (now R)
[2026-05-21 21:58:36.293] Husby was here, and we are ready to go
[2026-05-21 21:58:36.317] AUTO-DISENGAGE: gear left Park (now R)
[2026-05-21 21:58:36.317] Husby was here, and we are ready to go
[2026-05-21 21:58:36.318] AUTO-DISENGAGE: gear left Park (now R)
[2026-05-21 21:58:36.318] Husby was here, and we are ready to go
[2026-05-21 21:58:36.332] AUTO-DISENGAGE: gear left Park (now R)
[2026-05-21 21:58:36.332] Husby was here, and we are ready to go
[2026-05-21 21:58:36.352] AUTO-DISENGAGE: gear left Park (now R)
[2026-05-21 21:58:36.353] Husby was here, and we are ready to go
[2026-05-21 21:58:36.371] AUTO-DISENGAGE: gear left Park (now R)
[2026-05-21 21:58:36.372] Husby was here, and we are ready to go
[2026-05-21 21:58:36.392] AUTO-DISENGAGE: gear left Park (now R)
[2026-05-21 21:58:36.392] Husby was here, and we are ready to go
[2026-05-21 21:58:36.413] AUTO-DISENGAGE: gear left Park (now R)
[2026-05-21 21:58:36.414] Husby was here, and we are ready to go
[2026-05-21 21:58:36.418] AUTO-DISENGAGE: gear left Park (now R)
[2026-05-21 21:58:36.419] Husby was here, and we are ready to go
[2026-05-21 21:58:36.432] AUTO-DISENGAGE: gear left Park (now R)
[2026-05-21 21:58:36.432] Husby was here, and we are ready to go
[2026-05-21 21:58:36.450] AUTO-DISENGAGE: gear left Park (now R)
[2026-05-21 21:58:36.450] Husby was here, and we are ready to go
[2026-05-21 21:58:36.471] AUTO-DISENGAGE: gear left Park (now R)
[2026-05-21 21:58:36.471] Husby was here, and we are ready to go
[2026-05-21 21:58:36.492] AUTO-DISENGAGE: gear left Park (now R)
[2026-05-21 21:58:36.492] Husby was here, and we are ready to go
[2026-05-21 21:58:36.512] AUTO-DISENGAGE: gear left Park (now R)
[2026-05-21 21:58:36.512] Husby was here, and we are ready to go
[2026-05-21 21:58:36.518] AUTO-DISENGAGE: gear left Park (now R)
[2026-05-21 21:58:36.518] Husby was here, and we are ready to go
[2026-05-21 21:58:36.530] AUTO-DISENGAGE: gear left Park (now R)
[2026-05-21 21:58:36.530] Husby was here, and we are ready to go
[2026-05-21 21:58:36.551] AUTO-DISENGAGE: gear left Park (now R)
[2026-05-21 21:58:36.552] Husby was here, and we are ready to go
[2026-05-21 21:58:36.571] AUTO-DISENGAGE: gear left Park (now R)
[2026-05-21 21:58:36.571] Husby was here, and we are ready to go
[2026-05-21 21:58:36.592] AUTO-DISENGAGE: gear left Park (now R)
[2026-05-21 21:58:36.592] Husby was here, and we are ready to go
[2026-05-21 21:58:36.612] AUTO-DISENGAGE: gear left Park (now R)
[2026-05-21 21:58:36.612] Husby was here, and we are ready to go
[2026-05-21 21:58:36.618] AUTO-DISENGAGE: gear left Park (now R)
[2026-05-21 21:58:36.618] Husby was here, and we are ready to go
[2026-05-21 21:58:36.631] AUTO-DISENGAGE: gear left Park (now R)
[2026-05-21 21:58:36.631] Husby was here, and we are ready to go
[2026-05-21 21:58:36.651] AUTO-DISENGAGE: gear left Park (now R)
[2026-05-21 21:58:36.651] Husby was here, and we are ready to go
[2026-05-21 21:58:36.671] AUTO-DISENGAGE: gear left Park (now R)
[2026-05-21 21:58:36.671] Husby was here, and we are ready to go
[2026-05-21 21:58:36.693] AUTO-DISENGAGE: gear left Park (now R)
[2026-05-21 21:58:36.693] Husby was here, and we are ready to go
[2026-05-21 21:58:36.715] AUTO-DISENGAGE: gear left Park (now R)
[2026-05-21 21:58:36.716] Husby was here, and we are ready to go
[2026-05-21 21:58:36.718] AUTO-DISENGAGE: gear left Park (now R)
[2026-05-21 21:58:36.718] Husby was here, and we are ready to go
[2026-05-21 21:58:36.734] AUTO-DISENGAGE: gear left Park (now R)
[2026-05-21 21:58:36.734] Husby was here, and we are ready to go
[2026-05-21 21:58:36.755] AUTO-DISENGAGE: gear left Park (now R)
[2026-05-21 21:58:36.755] Husby was here, and we are ready to go
[2026-05-21 21:58:36.772] AUTO-DISENGAGE: gear left Park (now R)
[2026-05-21 21:58:36.773] Husby was here, and we are ready to go
[2026-05-21 21:58:36.791] AUTO-DISENGAGE: gear left Park (now R)
[2026-05-21 21:58:36.791] Husby was here, and we are ready to go
[2026-05-21 21:58:36.813] AUTO-DISENGAGE: gear left Park (now R)
[2026-05-21 21:58:36.813] Husby was here, and we are ready to go
[2026-05-21 21:58:36.818] AUTO-DISENGAGE: gear left Park (now R)
[2026-05-21 21:58:36.818] Husby was here, and we are ready to go
[2026-05-21 21:58:36.832] AUTO-DISENGAGE: gear left Park (now R)
[2026-05-21 21:58:36.832] Husby was here, and we are ready to go
[2026-05-21 21:58:36.852] AUTO-DISENGAGE: gear left Park (now R)
[2026-05-21 21:58:36.852] Husby was here, and we are ready to go
[2026-05-21 21:58:36.872] AUTO-DISENGAGE: gear left Park (now R)
[2026-05-21 21:58:36.872] Husby was here, and we are ready to go
[2026-05-21 21:58:36.892] AUTO-DISENGAGE: gear left Park (now R)
[2026-05-21 21:58:36.892] Husby was here, and we are ready to go
[2026-05-21 21:58:36.911] AUTO-DISENGAGE: gear left Park (now R)
[2026-05-21 21:58:36.911] Husby was here, and we are ready to go
[2026-05-21 21:58:36.918] AUTO-DISENGAGE: gear left Park (now R)
[2026-05-21 21:58:36.918] Husby was here, and we are ready to go
[2026-05-21 21:58:36.931] AUTO-DISENGAGE: gear left Park (now R)
[2026-05-21 21:58:36.931] Husby was here, and we are ready to go
[2026-05-21 21:58:36.950] AUTO-DISENGAGE: gear left Park (now R)
[2026-05-21 21:58:36.951] Husby was here, and we are ready to go
[2026-05-21 21:58:36.970] AUTO-DISENGAGE: gear left Park (now R)
[2026-05-21 21:58:36.970] Husby was here, and we are ready to go
[2026-05-21 21:58:36.990] AUTO-DISENGAGE: gear left Park (now R)
[2026-05-21 21:58:36.990] Husby was here, and we are ready to go
[2026-05-21 21:58:37.011] AUTO-DISENGAGE: gear left Park (now R)
[2026-05-21 21:58:37.012] Husby was here, and we are ready to go
[2026-05-21 21:58:37.018] AUTO-DISENGAGE: gear left Park (now R)
[2026-05-21 21:58:37.018] Husby was here, and we are ready to go
[2026-05-21 21:58:37.030] AUTO-DISENGAGE: gear left Park (now R)
[2026-05-21 21:58:37.030] Husby was here, and we are ready to go
[2026-05-21 21:58:37.051] AUTO-DISENGAGE: gear left Park (now R)
[2026-05-21 21:58:37.051] Husby was here, and we are ready to go
[2026-05-21 21:58:37.071] AUTO-DISENGAGE: gear left Park (now R)
[2026-05-21 21:58:37.071] Husby was here, and we are ready to go
[2026-05-21 21:58:37.092] AUTO-DISENGAGE: gear left Park (now R)
[2026-05-21 21:58:37.092] Husby was here, and we are ready to go
[2026-05-21 21:58:37.112] AUTO-DISENGAGE: gear left Park (now R)
[2026-05-21 21:58:37.112] Husby was here, and we are ready to go
[2026-05-21 21:58:37.118] AUTO-DISENGAGE: gear left Park (now R)
[2026-05-21 21:58:37.118] Husby was here, and we are ready to go
[2026-05-21 21:58:37.131] AUTO-DISENGAGE: gear left Park (now R)
[2026-05-21 21:58:37.132] Husby was here, and we are ready to go
[2026-05-21 21:58:37.151] AUTO-DISENGAGE: gear left Park (now R)
[2026-05-21 21:58:37.152] Husby was here, and we are ready to go
[2026-05-21 21:58:37.171] AUTO-DISENGAGE: gear left Park (now R)
[2026-05-21 21:58:37.171] Husby was here, and we are ready to go
[2026-05-21 21:58:37.191] AUTO-DISENGAGE: gear left Park (now R)
[2026-05-21 21:58:37.191] Husby was here, and we are ready to go
[2026-05-21 21:58:37.211] AUTO-DISENGAGE: gear left Park (now R)
[2026-05-21 21:58:37.211] Husby was here, and we are ready to go
[2026-05-21 21:58:37.218] AUTO-DISENGAGE: gear left Park (now R)
[2026-05-21 21:58:37.218] Husby was here, and we are ready to go
[2026-05-21 21:58:37.233] AUTO-DISENGAGE: gear left Park (now R)
[2026-05-21 21:58:37.233] Husby was here, and we are ready to go
[2026-05-21 21:58:37.253] AUTO-DISENGAGE: gear left Park (now R)
[2026-05-21 21:58:37.253] Husby was here, and we are ready to go
[2026-05-21 21:58:37.273] AUTO-DISENGAGE: gear left Park (now R)
[2026-05-21 21:58:37.274] Husby was here, and we are ready to go
[2026-05-21 21:58:37.293] AUTO-DISENGAGE: gear left Park (now R)
[2026-05-21 21:58:37.293] Husby was here, and we are ready to go
[2026-05-21 21:58:37.313] AUTO-DISENGAGE: gear left Park (now R)
[2026-05-21 21:58:37.313] Husby was here, and we are ready to go
[2026-05-21 21:58:37.318] AUTO-DISENGAGE: gear left Park (now R)
[2026-05-21 21:58:37.318] Husby was here, and we are ready to go
[2026-05-21 21:58:37.332] AUTO-DISENGAGE: gear left Park (now R)
[2026-05-21 21:58:37.332] Husby was here, and we are ready to go
[2026-05-21 21:58:37.352] AUTO-DISENGAGE: gear left Park (now R)
[2026-05-21 21:58:37.352] Husby was here, and we are ready to go
[2026-05-21 21:58:37.371] AUTO-DISENGAGE: gear left Park (now R)
[2026-05-21 21:58:37.372] Husby was here, and we are ready to go
[2026-05-21 21:58:37.391] AUTO-DISENGAGE: gear left Park (now R)
[2026-05-21 21:58:37.391] Husby was here, and we are ready to go
[2026-05-21 21:58:37.411] AUTO-DISENGAGE: gear left Park (now R)
[2026-05-21 21:58:37.411] Husby was here, and we are ready to go
[2026-05-21 21:58:37.418] AUTO-DISENGAGE: gear left Park (now R)
[2026-05-21 21:58:37.418] Husby was here, and we are ready to go
[2026-05-21 21:58:37.431] AUTO-DISENGAGE: gear left Park (now R)
[2026-05-21 21:58:37.431] Husby was here, and we are ready to go
[2026-05-21 21:58:37.450] AUTO-DISENGAGE: gear left Park (now R)
[2026-05-21 21:58:37.450] Husby was here, and we are ready to go
[2026-05-21 21:58:37.471] AUTO-DISENGAGE: gear left Park (now R)
[2026-05-21 21:58:37.471] Husby was here, and we are ready to go
[2026-05-21 21:58:37.492] AUTO-DISENGAGE: gear left Park (now R)
[2026-05-21 21:58:37.492] Husby was here, and we are ready to go
[2026-05-21 21:58:37.513] AUTO-DISENGAGE: gear left Park (now R)
[2026-05-21 21:58:37.513] Husby was here, and we are ready to go
[2026-05-21 21:58:37.519] AUTO-DISENGAGE: gear left Park (now R)
[2026-05-21 21:58:37.519] Husby was here, and we are ready to go
[2026-05-21 21:58:37.532] AUTO-DISENGAGE: gear left Park (now R)
[2026-05-21 21:58:37.532] Husby was here, and we are ready to go
[2026-05-21 21:58:37.554] AUTO-DISENGAGE: gear left Park (now R)
[2026-05-21 21:58:37.554] Husby was here, and we are ready to go
[2026-05-21 21:58:37.572] AUTO-DISENGAGE: gear left Park (now R)
[2026-05-21 21:58:37.572] Husby was here, and we are ready to go
[2026-05-21 21:58:37.592] AUTO-DISENGAGE: gear left Park (now R)
[2026-05-21 21:58:37.592] Husby was here, and we are ready to go
[2026-05-21 21:58:37.612] AUTO-DISENGAGE: gear left Park (now R)
[2026-05-21 21:58:37.612] Husby was here, and we are ready to go
[2026-05-21 21:58:37.618] AUTO-DISENGAGE: gear left Park (now R)
[2026-05-21 21:58:37.618] Husby was here, and we are ready to go
[2026-05-21 21:58:37.633] AUTO-DISENGAGE: gear left Park (now R)
[2026-05-21 21:58:37.633] Husby was here, and we are ready to go
[2026-05-21 21:58:37.653] AUTO-DISENGAGE: gear left Park (now R)
[2026-05-21 21:58:37.653] Husby was here, and we are ready to go
[2026-05-21 21:58:37.674] AUTO-DISENGAGE: gear left Park (now R)
[2026-05-21 21:58:37.674] Husby was here, and we are ready to go
[2026-05-21 21:58:37.692] AUTO-DISENGAGE: gear left Park (now R)
[2026-05-21 21:58:37.692] Husby was here, and we are ready to go
[2026-05-21 21:58:37.711] AUTO-DISENGAGE: gear left Park (now R)
[2026-05-21 21:58:37.712] Husby was here, and we are ready to go
[2026-05-21 21:58:37.718] AUTO-DISENGAGE: gear left Park (now R)
[2026-05-21 21:58:37.718] Husby was here, and we are ready to go
[2026-05-21 21:58:37.732] AUTO-DISENGAGE: gear left Park (now R)
[2026-05-21 21:58:37.732] Husby was here, and we are ready to go
[2026-05-21 21:58:37.751] AUTO-DISENGAGE: gear left Park (now R)
[2026-05-21 21:58:37.751] Husby was here, and we are ready to go
[2026-05-21 21:58:37.770] AUTO-DISENGAGE: gear left Park (now R)
[2026-05-21 21:58:37.771] Husby was here, and we are ready to go
[2026-05-21 21:58:37.791] AUTO-DISENGAGE: gear left Park (now R)
[2026-05-21 21:58:37.791] Husby was here, and we are ready to go
[2026-05-21 21:58:37.812] AUTO-DISENGAGE: gear left Park (now R)
[2026-05-21 21:58:37.812] Husby was here, and we are ready to go
[2026-05-21 21:58:37.818] AUTO-DISENGAGE: gear left Park (now R)
[2026-05-21 21:58:37.818] Husby was here, and we are ready to go
[2026-05-21 21:58:37.832] AUTO-DISENGAGE: gear left Park (now R)
[2026-05-21 21:58:37.833] Husby was here, and we are ready to go
[2026-05-21 21:58:37.853] AUTO-DISENGAGE: gear left Park (now R)
[2026-05-21 21:58:37.853] Husby was here, and we are ready to go
[2026-05-21 21:58:37.873] AUTO-DISENGAGE: gear left Park (now R)
[2026-05-21 21:58:37.873] Husby was here, and we are ready to go
[2026-05-21 21:58:37.893] AUTO-DISENGAGE: gear left Park (now R)
[2026-05-21 21:58:37.893] Husby was here, and we are ready to go
[2026-05-21 21:58:37.913] AUTO-DISENGAGE: gear left Park (now R)
[2026-05-21 21:58:37.913] Husby was here, and we are ready to go
[2026-05-21 21:58:37.918] AUTO-DISENGAGE: gear left Park (now R)
[2026-05-21 21:58:37.919] Husby was here, and we are ready to go
[2026-05-21 21:58:37.931] AUTO-DISENGAGE: gear left Park (now R)
[2026-05-21 21:58:37.931] Husby was here, and we are ready to go
[2026-05-21 21:58:37.952] AUTO-DISENGAGE: gear left Park (now R)
[2026-05-21 21:58:37.952] Husby was here, and we are ready to go
[2026-05-21 21:58:37.973] AUTO-DISENGAGE: gear left Park (now R)
[2026-05-21 21:58:37.973] Husby was here, and we are ready to go
[2026-05-21 21:58:37.993] AUTO-DISENGAGE: gear left Park (now R)
[2026-05-21 21:58:37.993] Husby was here, and we are ready to go
[2026-05-21 21:58:38.012] AUTO-DISENGAGE: gear left Park (now R)
[2026-05-21 21:58:38.012] Husby was here, and we are ready to go
[2026-05-21 21:58:38.018] AUTO-DISENGAGE: gear left Park (now R)
[2026-05-21 21:58:38.018] Husby was here, and we are ready to go
[2026-05-21 21:58:38.031] AUTO-DISENGAGE: gear left Park (now R)
[2026-05-21 21:58:38.031] Husby was here, and we are ready to go
[2026-05-21 21:58:38.052] AUTO-DISENGAGE: gear left Park (now R)
[2026-05-21 21:58:38.052] Husby was here, and we are ready to go
[2026-05-21 21:58:38.071] AUTO-DISENGAGE: gear left Park (now R)
[2026-05-21 21:58:38.071] Husby was here, and we are ready to go
[2026-05-21 21:58:38.091] AUTO-DISENGAGE: gear left Park (now R)
[2026-05-21 21:58:38.091] Husby was here, and we are ready to go
[2026-05-21 21:58:38.111] AUTO-DISENGAGE: gear left Park (now R)
[2026-05-21 21:58:38.111] Husby was here, and we are ready to go
[2026-05-21 21:58:38.118] AUTO-DISENGAGE: gear left Park (now R)
[2026-05-21 21:58:38.118] Husby was here, and we are ready to go
[2026-05-21 21:58:38.133] AUTO-DISENGAGE: gear left Park (now R)
[2026-05-21 21:58:38.133] Husby was here, and we are ready to go
[2026-05-21 21:58:38.153] AUTO-DISENGAGE: gear left Park (now R)
[2026-05-21 21:58:38.154] Husby was here, and we are ready to go
[2026-05-21 21:58:38.173] AUTO-DISENGAGE: gear left Park (now R)
[2026-05-21 21:58:38.173] Husby was here, and we are ready to go
[2026-05-21 21:58:38.192] AUTO-DISENGAGE: gear left Park (now R)
[2026-05-21 21:58:38.193] Husby was here, and we are ready to go
[2026-05-21 21:58:38.213] AUTO-DISENGAGE: gear left Park (now R)
[2026-05-21 21:58:38.213] Husby was here, and we are ready to go
[2026-05-21 21:58:38.218] AUTO-DISENGAGE: gear left Park (now R)
[2026-05-21 21:58:38.218] Husby was here, and we are ready to go
[2026-05-21 21:58:38.233] AUTO-DISENGAGE: gear left Park (now R)
[2026-05-21 21:58:38.233] Husby was here, and we are ready to go
[2026-05-21 21:58:38.252] AUTO-DISENGAGE: gear left Park (now R)
[2026-05-21 21:58:38.252] Husby was here, and we are ready to go
[2026-05-21 21:58:38.272] AUTO-DISENGAGE: gear left Park (now R)
[2026-05-21 21:58:38.272] Husby was here, and we are ready to go
[2026-05-21 21:58:38.291] AUTO-DISENGAGE: gear left Park (now R)
[2026-05-21 21:58:38.291] Husby was here, and we are ready to go
[2026-05-21 21:58:38.313] AUTO-DISENGAGE: gear left Park (now R)
[2026-05-21 21:58:38.313] Husby was here, and we are ready to go
[2026-05-21 21:58:38.318] AUTO-DISENGAGE: gear left Park (now R)
[2026-05-21 21:58:38.319] Husby was here, and we are ready to go
[2026-05-21 21:58:38.332] AUTO-DISENGAGE: gear left Park (now R)
[2026-05-21 21:58:38.332] Husby was here, and we are ready to go
[2026-05-21 21:58:38.354] AUTO-DISENGAGE: gear left Park (now R)
[2026-05-21 21:58:38.354] Husby was here, and we are ready to go
[2026-05-21 21:58:38.373] AUTO-DISENGAGE: gear left Park (now R)
[2026-05-21 21:58:38.373] Husby was here, and we are ready to go
[2026-05-21 21:58:38.393] AUTO-DISENGAGE: gear left Park (now R)
[2026-05-21 21:58:38.393] Husby was here, and we are ready to go
[2026-05-21 21:58:38.414] AUTO-DISENGAGE: gear left Park (now R)
[2026-05-21 21:58:38.414] Husby was here, and we are ready to go
[2026-05-21 21:58:38.418] AUTO-DISENGAGE: gear left Park (now R)
[2026-05-21 21:58:38.418] Husby was here, and we are ready to go
[2026-05-21 21:58:38.432] AUTO-DISENGAGE: gear left Park (now R)
[2026-05-21 21:58:38.432] Husby was here, and we are ready to go
[2026-05-21 21:58:38.453] AUTO-DISENGAGE: gear left Park (now R)
[2026-05-21 21:58:38.454] Husby was here, and we are ready to go
[2026-05-21 21:58:38.472] AUTO-DISENGAGE: gear left Park (now R)
[2026-05-21 21:58:38.472] Husby was here, and we are ready to go
[2026-05-21 21:58:38.493] AUTO-DISENGAGE: gear left Park (now R)
[2026-05-21 21:58:38.493] Husby was here, and we are ready to go
[2026-05-21 21:58:38.513] AUTO-DISENGAGE: gear left Park (now R)
[2026-05-21 21:58:38.514] Husby was here, and we are ready to go
[2026-05-21 21:58:38.518] AUTO-DISENGAGE: gear left Park (now R)
[2026-05-21 21:58:38.518] Husby was here, and we are ready to go
[2026-05-21 21:58:38.533] AUTO-DISENGAGE: gear left Park (now R)
[2026-05-21 21:58:38.533] Husby was here, and we are ready to go
[2026-05-21 21:58:38.554] AUTO-DISENGAGE: gear left Park (now R)
[2026-05-21 21:58:38.555] Husby was here, and we are ready to go
[2026-05-21 21:58:38.572] AUTO-DISENGAGE: gear left Park (now R)
[2026-05-21 21:58:38.573] Husby was here, and we are ready to go
[2026-05-21 21:58:38.592] AUTO-DISENGAGE: gear left Park (now R)
[2026-05-21 21:58:38.592] Husby was here, and we are ready to go
[2026-05-21 21:58:38.613] AUTO-DISENGAGE: gear left Park (now R)
[2026-05-21 21:58:38.613] Husby was here, and we are ready to go
[2026-05-21 21:58:38.619] AUTO-DISENGAGE: gear left Park (now R)
[2026-05-21 21:58:38.619] Husby was here, and we are ready to go
[2026-05-21 21:58:38.633] AUTO-DISENGAGE: gear left Park (now R)
[2026-05-21 21:58:38.633] Husby was here, and we are ready to go
[2026-05-21 21:58:38.653] AUTO-DISENGAGE: gear left Park (now R)
[2026-05-21 21:58:38.653] Husby was here, and we are ready to go
[2026-05-21 21:58:38.673] AUTO-DISENGAGE: gear left Park (now R)
[2026-05-21 21:58:38.673] Husby was here, and we are ready to go
[2026-05-21 21:58:38.695] AUTO-DISENGAGE: gear left Park (now R)
[2026-05-21 21:58:38.695] Husby was here, and we are ready to go
[2026-05-21 21:58:38.712] AUTO-DISENGAGE: gear left Park (now R)
[2026-05-21 21:58:38.712] Husby was here, and we are ready to go
[2026-05-21 21:58:38.718] AUTO-DISENGAGE: gear left Park (now R)
[2026-05-21 21:58:38.718] Husby was here, and we are ready to go
[2026-05-21 21:58:38.733] AUTO-DISENGAGE: gear left Park (now R)
[2026-05-21 21:58:38.733] Husby was here, and we are ready to go
[2026-05-21 21:58:38.752] AUTO-DISENGAGE: gear left Park (now R)
[2026-05-21 21:58:38.752] Husby was here, and we are ready to go
[2026-05-21 21:58:38.771] rc: RND switch -> N, queuing shift
[2026-05-21 21:58:38.772] AUTO-DISENGAGE: gear left Park (now R)
[2026-05-21 21:58:38.772] Husby was here, and we are ready to go
[2026-05-21 21:58:38.776] shift requested: N
[2026-05-21 21:58:38.792] AUTO-DISENGAGE: gear left Park (now R)
[2026-05-21 21:58:38.792] Husby was here, and we are ready to go
[2026-05-21 21:58:38.792] SHIFT: requesting N via 0x6D burst (30 active + 10 idle frames at 200 Hz)
[2026-05-21 21:58:38.795] AUTO-DISENGAGE: gear left Park (now R)
[2026-05-21 21:58:38.795] Husby was here, and we are ready to go
[2026-05-21 21:58:38.801] AUTO-DISENGAGE: gear left Park (now R)
[2026-05-21 21:58:38.802] Husby was here, and we are ready to go
[2026-05-21 21:58:38.805] AUTO-DISENGAGE: gear left Park (now R)
[2026-05-21 21:58:38.805] Husby was here, and we are ready to go
[2026-05-21 21:58:38.812] AUTO-DISENGAGE: gear left Park (now R)
[2026-05-21 21:58:38.812] Husby was here, and we are ready to go
[2026-05-21 21:58:38.813] AUTO-DISENGAGE: gear left Park (now R)
[2026-05-21 21:58:38.813] Husby was here, and we are ready to go
[2026-05-21 21:58:38.817] AUTO-DISENGAGE: gear left Park (now R)
[2026-05-21 21:58:38.817] Husby was here, and we are ready to go
[2026-05-21 21:58:38.818] AUTO-DISENGAGE: gear left Park (now R)
[2026-05-21 21:58:38.818] Husby was here, and we are ready to go
[2026-05-21 21:58:38.822] AUTO-DISENGAGE: gear left Park (now R)
[2026-05-21 21:58:38.822] Husby was here, and we are ready to go
[2026-05-21 21:58:38.828] AUTO-DISENGAGE: gear left Park (now R)
[2026-05-21 21:58:38.828] Husby was here, and we are ready to go
[2026-05-21 21:58:38.830] AUTO-DISENGAGE: gear left Park (now R)
[2026-05-21 21:58:38.830] Husby was here, and we are ready to go
[2026-05-21 21:58:38.832] AUTO-DISENGAGE: gear left Park (now R)
[2026-05-21 21:58:38.832] Husby was here, and we are ready to go
[2026-05-21 21:58:38.838] AUTO-DISENGAGE: gear left Park (now R)
[2026-05-21 21:58:38.838] Husby was here, and we are ready to go
[2026-05-21 21:58:38.842] AUTO-DISENGAGE: gear left Park (now R)
[2026-05-21 21:58:38.842] Husby was here, and we are ready to go
[2026-05-21 21:58:38.848] AUTO-DISENGAGE: gear left Park (now R)
[2026-05-21 21:58:38.848] Husby was here, and we are ready to go
[2026-05-21 21:58:38.850] AUTO-DISENGAGE: gear left Park (now R)
[2026-05-21 21:58:38.850] Husby was here, and we are ready to go
[2026-05-21 21:58:38.852] AUTO-DISENGAGE: gear left Park (now R)
[2026-05-21 21:58:38.852] Husby was here, and we are ready to go
[2026-05-21 21:58:38.857] AUTO-DISENGAGE: gear left Park (now R)
[2026-05-21 21:58:38.858] Husby was here, and we are ready to go
[2026-05-21 21:58:38.862] AUTO-DISENGAGE: gear left Park (now R)
[2026-05-21 21:58:38.862] Husby was here, and we are ready to go
[2026-05-21 21:58:38.868] AUTO-DISENGAGE: gear left Park (now R)
[2026-05-21 21:58:38.868] Husby was here, and we are ready to go
[2026-05-21 21:58:38.870] AUTO-DISENGAGE: gear left Park (now R)
[2026-05-21 21:58:38.870] Husby was here, and we are ready to go
[2026-05-21 21:58:38.872] AUTO-DISENGAGE: gear left Park (now R)
[2026-05-21 21:58:38.873] Husby was here, and we are ready to go
[2026-05-21 21:58:38.877] AUTO-DISENGAGE: gear left Park (now R)
[2026-05-21 21:58:38.878] Husby was here, and we are ready to go
[2026-05-21 21:58:38.882] AUTO-DISENGAGE: gear left Park (now R)
[2026-05-21 21:58:38.883] Husby was here, and we are ready to go
[2026-05-21 21:58:38.888] AUTO-DISENGAGE: gear left Park (now R)
[2026-05-21 21:58:38.888] Husby was here, and we are ready to go
[2026-05-21 21:58:38.890] AUTO-DISENGAGE: gear left Park (now R)
[2026-05-21 21:58:38.890] Husby was here, and we are ready to go
[2026-05-21 21:58:38.892] AUTO-DISENGAGE: gear left Park (now R)
[2026-05-21 21:58:38.892] Husby was here, and we are ready to go
[2026-05-21 21:58:38.897] AUTO-DISENGAGE: gear left Park (now R)
[2026-05-21 21:58:38.898] Husby was here, and we are ready to go
[2026-05-21 21:58:38.902] AUTO-DISENGAGE: gear left Park (now R)
[2026-05-21 21:58:38.902] Husby was here, and we are ready to go
[2026-05-21 21:58:38.909] AUTO-DISENGAGE: gear left Park (now R)
[2026-05-21 21:58:38.909] Husby was here, and we are ready to go
[2026-05-21 21:58:38.910] AUTO-DISENGAGE: gear left Park (now R)
[2026-05-21 21:58:38.910] Husby was here, and we are ready to go
[2026-05-21 21:58:38.912] AUTO-DISENGAGE: gear left Park (now R)
[2026-05-21 21:58:38.912] Husby was here, and we are ready to go
[2026-05-21 21:58:38.918] AUTO-DISENGAGE: gear left Park (now R)
[2026-05-21 21:58:38.918] Husby was here, and we are ready to go
[2026-05-21 21:58:38.918] AUTO-DISENGAGE: gear left Park (now R)
[2026-05-21 21:58:38.918] Husby was here, and we are ready to go
[2026-05-21 21:58:38.922] AUTO-DISENGAGE: gear left Park (now R)
[2026-05-21 21:58:38.922] Husby was here, and we are ready to go
[2026-05-21 21:58:38.928] AUTO-DISENGAGE: gear left Park (now R)
[2026-05-21 21:58:38.928] Husby was here, and we are ready to go
[2026-05-21 21:58:38.930] AUTO-DISENGAGE: gear left Park (now R)
[2026-05-21 21:58:38.930] Husby was here, and we are ready to go
[2026-05-21 21:58:38.932] AUTO-DISENGAGE: gear left Park (now R)
[2026-05-21 21:58:38.932] Husby was here, and we are ready to go
[2026-05-21 21:58:38.938] AUTO-DISENGAGE: gear left Park (now R)
[2026-05-21 21:58:38.938] Husby was here, and we are ready to go
[2026-05-21 21:58:38.942] AUTO-DISENGAGE: gear left Park (now R)
[2026-05-21 21:58:38.943] Husby was here, and we are ready to go
[2026-05-21 21:58:38.948] AUTO-DISENGAGE: gear left Park (now R)
[2026-05-21 21:58:38.948] Husby was here, and we are ready to go
[2026-05-21 21:58:38.950] AUTO-DISENGAGE: gear left Park (now R)
[2026-05-21 21:58:38.950] Husby was here, and we are ready to go
[2026-05-21 21:58:38.952] AUTO-DISENGAGE: gear left Park (now R)
[2026-05-21 21:58:38.952] Husby was here, and we are ready to go
[2026-05-21 21:58:38.957] AUTO-DISENGAGE: gear left Park (now R)
[2026-05-21 21:58:38.958] Husby was here, and we are ready to go
[2026-05-21 21:58:38.962] AUTO-DISENGAGE: gear left Park (now R)
[2026-05-21 21:58:38.962] Husby was here, and we are ready to go
[2026-05-21 21:58:38.968] AUTO-DISENGAGE: gear left Park (now R)
[2026-05-21 21:58:38.968] Husby was here, and we are ready to go
[2026-05-21 21:58:38.970] AUTO-DISENGAGE: gear left Park (now R)
[2026-05-21 21:58:38.970] Husby was here, and we are ready to go
[2026-05-21 21:58:38.972] AUTO-DISENGAGE: gear left Park (now R)
[2026-05-21 21:58:38.972] Husby was here, and we are ready to go
[2026-05-21 21:58:38.977] AUTO-DISENGAGE: gear left Park (now R)
[2026-05-21 21:58:38.978] Husby was here, and we are ready to go
[2026-05-21 21:58:38.982] AUTO-DISENGAGE: gear left Park (now R)
[2026-05-21 21:58:38.982] Husby was here, and we are ready to go
[2026-05-21 21:58:38.988] AUTO-DISENGAGE: gear left Park (now R)
[2026-05-21 21:58:38.988] Husby was here, and we are ready to go
[2026-05-21 21:58:38.990] AUTO-DISENGAGE: gear left Park (now R)
[2026-05-21 21:58:38.990] Husby was here, and we are ready to go
[2026-05-21 21:58:39.012] AUTO-DISENGAGE: gear left Park (now R)
[2026-05-21 21:58:39.012] Husby was here, and we are ready to go
[2026-05-21 21:58:39.018] AUTO-DISENGAGE: gear left Park (now R)
[2026-05-21 21:58:39.018] Husby was here, and we are ready to go
[2026-05-21 21:58:39.031] AUTO-DISENGAGE: gear left Park (now R)
[2026-05-21 21:58:39.031] Husby was here, and we are ready to go
[2026-05-21 21:58:39.052] AUTO-DISENGAGE: gear left Park (now R)
[2026-05-21 21:58:39.052] Husby was here, and we are ready to go
[2026-05-21 21:58:39.072] AUTO-DISENGAGE: gear left Park (now R)
[2026-05-21 21:58:39.072] Husby was here, and we are ready to go
[2026-05-21 21:58:39.090] gear: R -> N
[2026-05-21 21:58:39.091] AUTO-DISENGAGE: gear left Park (now N)
[2026-05-21 21:58:39.092] Husby was here, and we are ready to go
[2026-05-21 21:58:39.111] AUTO-DISENGAGE: gear left Park (now N)
[2026-05-21 21:58:39.111] Husby was here, and we are ready to go
[2026-05-21 21:58:39.118] AUTO-DISENGAGE: gear left Park (now N)
[2026-05-21 21:58:39.118] Husby was here, and we are ready to go
[2026-05-21 21:58:39.131] AUTO-DISENGAGE: gear left Park (now N)
[2026-05-21 21:58:39.131] Husby was here, and we are ready to go
[2026-05-21 21:58:39.151] AUTO-DISENGAGE: gear left Park (now N)
[2026-05-21 21:58:39.151] Husby was here, and we are ready to go
[2026-05-21 21:58:39.171] AUTO-DISENGAGE: gear left Park (now N)
[2026-05-21 21:58:39.171] Husby was here, and we are ready to go
[2026-05-21 21:58:39.191] AUTO-DISENGAGE: gear left Park (now N)
[2026-05-21 21:58:39.191] Husby was here, and we are ready to go
[2026-05-21 21:58:39.191] SHIFT post-burst gear: N (requested N)
[2026-05-21 21:58:39.212] AUTO-DISENGAGE: gear left Park (now N)
[2026-05-21 21:58:39.212] Husby was here, and we are ready to go
[2026-05-21 21:58:39.218] AUTO-DISENGAGE: gear left Park (now N)
[2026-05-21 21:58:39.218] Husby was here, and we are ready to go
[2026-05-21 21:58:39.231] AUTO-DISENGAGE: gear left Park (now N)
[2026-05-21 21:58:39.232] Husby was here, and we are ready to go
[2026-05-21 21:58:39.251] AUTO-DISENGAGE: gear left Park (now N)
[2026-05-21 21:58:39.251] Husby was here, and we are ready to go
[2026-05-21 21:58:39.271] AUTO-DISENGAGE: gear left Park (now N)
[2026-05-21 21:58:39.271] Husby was here, and we are ready to go
[2026-05-21 21:58:39.291] AUTO-DISENGAGE: gear left Park (now N)
[2026-05-21 21:58:39.292] Husby was here, and we are ready to go
[2026-05-21 21:58:39.312] AUTO-DISENGAGE: gear left Park (now N)
[2026-05-21 21:58:39.312] Husby was here, and we are ready to go
[2026-05-21 21:58:39.318] AUTO-DISENGAGE: gear left Park (now N)
[2026-05-21 21:58:39.318] Husby was here, and we are ready to go
[2026-05-21 21:58:39.330] AUTO-DISENGAGE: gear left Park (now N)
[2026-05-21 21:58:39.330] Husby was here, and we are ready to go
[2026-05-21 21:58:39.350] AUTO-DISENGAGE: gear left Park (now N)
[2026-05-21 21:58:39.350] Husby was here, and we are ready to go
[2026-05-21 21:58:39.373] AUTO-DISENGAGE: gear left Park (now N)
[2026-05-21 21:58:39.373] Husby was here, and we are ready to go
[2026-05-21 21:58:39.393] AUTO-DISENGAGE: gear left Park (now N)
[2026-05-21 21:58:39.393] Husby was here, and we are ready to go
[2026-05-21 21:58:39.413] AUTO-DISENGAGE: gear left Park (now N)
[2026-05-21 21:58:39.413] Husby was here, and we are ready to go
[2026-05-21 21:58:39.418] AUTO-DISENGAGE: gear left Park (now N)
[2026-05-21 21:58:39.418] Husby was here, and we are ready to go
[2026-05-21 21:58:39.431] AUTO-DISENGAGE: gear left Park (now N)
[2026-05-21 21:58:39.431] Husby was here, and we are ready to go
[2026-05-21 21:58:39.451] AUTO-DISENGAGE: gear left Park (now N)
[2026-05-21 21:58:39.451] Husby was here, and we are ready to go
[2026-05-21 21:58:39.471] AUTO-DISENGAGE: gear left Park (now N)
[2026-05-21 21:58:39.471] Husby was here, and we are ready to go
[2026-05-21 21:58:39.492] AUTO-DISENGAGE: gear left Park (now N)
[2026-05-21 21:58:39.492] Husby was here, and we are ready to go
[2026-05-21 21:58:39.510] AUTO-DISENGAGE: gear left Park (now N)
[2026-05-21 21:58:39.510] Husby was here, and we are ready to go
[2026-05-21 21:58:39.518] AUTO-DISENGAGE: gear left Park (now N)
[2026-05-21 21:58:39.518] Husby was here, and we are ready to go
[2026-05-21 21:58:39.530] AUTO-DISENGAGE: gear left Park (now N)
[2026-05-21 21:58:39.531] Husby was here, and we are ready to go
[2026-05-21 21:58:39.552] AUTO-DISENGAGE: gear left Park (now N)
[2026-05-21 21:58:39.552] Husby was here, and we are ready to go
[2026-05-21 21:58:39.571] AUTO-DISENGAGE: gear left Park (now N)
[2026-05-21 21:58:39.571] Husby was here, and we are ready to go
[2026-05-21 21:58:39.591] AUTO-DISENGAGE: gear left Park (now N)
[2026-05-21 21:58:39.592] Husby was here, and we are ready to go
[2026-05-21 21:58:39.613] AUTO-DISENGAGE: gear left Park (now N)
[2026-05-21 21:58:39.613] Husby was here, and we are ready to go
[2026-05-21 21:58:39.618] AUTO-DISENGAGE: gear left Park (now N)
[2026-05-21 21:58:39.618] Husby was here, and we are ready to go
[2026-05-21 21:58:39.632] AUTO-DISENGAGE: gear left Park (now N)
[2026-05-21 21:58:39.632] Husby was here, and we are ready to go
[2026-05-21 21:58:39.652] AUTO-DISENGAGE: gear left Park (now N)
[2026-05-21 21:58:39.652] Husby was here, and we are ready to go
[2026-05-21 21:58:39.671] AUTO-DISENGAGE: gear left Park (now N)
[2026-05-21 21:58:39.671] Husby was here, and we are ready to go
[2026-05-21 21:58:39.693] AUTO-DISENGAGE: gear left Park (now N)
[2026-05-21 21:58:39.693] Husby was here, and we are ready to go
[2026-05-21 21:58:39.716] AUTO-DISENGAGE: gear left Park (now N)
[2026-05-21 21:58:39.717] Husby was here, and we are ready to go
[2026-05-21 21:58:39.718] AUTO-DISENGAGE: gear left Park (now N)
[2026-05-21 21:58:39.718] Husby was here, and we are ready to go
[2026-05-21 21:58:39.736] AUTO-DISENGAGE: gear left Park (now N)
[2026-05-21 21:58:39.736] Husby was here, and we are ready to go
[2026-05-21 21:58:39.754] AUTO-DISENGAGE: gear left Park (now N)
[2026-05-21 21:58:39.754] Husby was here, and we are ready to go
[2026-05-21 21:58:39.773] AUTO-DISENGAGE: gear left Park (now N)
[2026-05-21 21:58:39.773] Husby was here, and we are ready to go
[2026-05-21 21:58:39.792] AUTO-DISENGAGE: gear left Park (now N)
[2026-05-21 21:58:39.793] Husby was here, and we are ready to go
[2026-05-21 21:58:39.816] AUTO-DISENGAGE: gear left Park (now N)
[2026-05-21 21:58:39.816] Husby was here, and we are ready to go
[2026-05-21 21:58:39.818] AUTO-DISENGAGE: gear left Park (now N)
[2026-05-21 21:58:39.818] Husby was here, and we are ready to go
[2026-05-21 21:58:39.833] AUTO-DISENGAGE: gear left Park (now N)
[2026-05-21 21:58:39.833] Husby was here, and we are ready to go
[2026-05-21 21:58:39.854] AUTO-DISENGAGE: gear left Park (now N)
[2026-05-21 21:58:39.854] Husby was here, and we are ready to go
[2026-05-21 21:58:39.872] AUTO-DISENGAGE: gear left Park (now N)
[2026-05-21 21:58:39.872] Husby was here, and we are ready to go
[2026-05-21 21:58:39.892] AUTO-DISENGAGE: gear left Park (now N)
[2026-05-21 21:58:39.893] Husby was here, and we are ready to go
[2026-05-21 21:58:39.916] AUTO-DISENGAGE: gear left Park (now N)
[2026-05-21 21:58:39.916] Husby was here, and we are ready to go
[2026-05-21 21:58:39.918] AUTO-DISENGAGE: gear left Park (now N)
[2026-05-21 21:58:39.918] Husby was here, and we are ready to go
[2026-05-21 21:58:39.933] AUTO-DISENGAGE: gear left Park (now N)
[2026-05-21 21:58:39.933] Husby was here, and we are ready to go
[2026-05-21 21:58:39.954] AUTO-DISENGAGE: gear left Park (now N)
[2026-05-21 21:58:39.955] Husby was here, and we are ready to go
[2026-05-21 21:58:39.973] AUTO-DISENGAGE: gear left Park (now N)
[2026-05-21 21:58:39.973] Husby was here, and we are ready to go
[2026-05-21 21:58:39.996] AUTO-DISENGAGE: gear left Park (now N)
[2026-05-21 21:58:39.996] Husby was here, and we are ready to go
[2026-05-21 21:58:40.013] AUTO-DISENGAGE: gear left Park (now N)
[2026-05-21 21:58:40.013] Husby was here, and we are ready to go
[2026-05-21 21:58:40.018] AUTO-DISENGAGE: gear left Park (now N)
[2026-05-21 21:58:40.018] Husby was here, and we are ready to go
[2026-05-21 21:58:40.032] AUTO-DISENGAGE: gear left Park (now N)
[2026-05-21 21:58:40.032] Husby was here, and we are ready to go
[2026-05-21 21:58:40.053] AUTO-DISENGAGE: gear left Park (now N)
[2026-05-21 21:58:40.053] Husby was here, and we are ready to go
[2026-05-21 21:58:40.074] AUTO-DISENGAGE: gear left Park (now N)
[2026-05-21 21:58:40.074] Husby was here, and we are ready to go
[2026-05-21 21:58:40.093] AUTO-DISENGAGE: gear left Park (now N)
[2026-05-21 21:58:40.094] Husby was here, and we are ready to go
[2026-05-21 21:58:40.113] AUTO-DISENGAGE: gear left Park (now N)
[2026-05-21 21:58:40.113] Husby was here, and we are ready to go
[2026-05-21 21:58:40.118] AUTO-DISENGAGE: gear left Park (now N)
[2026-05-21 21:58:40.118] Husby was here, and we are ready to go
[2026-05-21 21:58:40.132] AUTO-DISENGAGE: gear left Park (now N)
[2026-05-21 21:58:40.132] Husby was here, and we are ready to go
[2026-05-21 21:58:40.152] AUTO-DISENGAGE: gear left Park (now N)
[2026-05-21 21:58:40.152] Husby was here, and we are ready to go
[2026-05-21 21:58:40.173] AUTO-DISENGAGE: gear left Park (now N)
[2026-05-21 21:58:40.173] Husby was here, and we are ready to go
[2026-05-21 21:58:40.194] AUTO-DISENGAGE: gear left Park (now N)
[2026-05-21 21:58:40.194] Husby was here, and we are ready to go
[2026-05-21 21:58:40.216] AUTO-DISENGAGE: gear left Park (now N)
[2026-05-21 21:58:40.217] Husby was here, and we are ready to go
[2026-05-21 21:58:40.218] AUTO-DISENGAGE: gear left Park (now N)
[2026-05-21 21:58:40.218] Husby was here, and we are ready to go
[2026-05-21 21:58:40.233] AUTO-DISENGAGE: gear left Park (now N)
[2026-05-21 21:58:40.234] Husby was here, and we are ready to go
[2026-05-21 21:58:40.253] AUTO-DISENGAGE: gear left Park (now N)
[2026-05-21 21:58:40.253] Husby was here, and we are ready to go
[2026-05-21 21:58:40.273] AUTO-DISENGAGE: gear left Park (now N)
[2026-05-21 21:58:40.273] Husby was here, and we are ready to go
[2026-05-21 21:58:40.292] AUTO-DISENGAGE: gear left Park (now N)
[2026-05-21 21:58:40.292] Husby was here, and we are ready to go
[2026-05-21 21:58:40.315] AUTO-DISENGAGE: gear left Park (now N)
[2026-05-21 21:58:40.315] Husby was here, and we are ready to go
[2026-05-21 21:58:40.318] AUTO-DISENGAGE: gear left Park (now N)
[2026-05-21 21:58:40.318] Husby was here, and we are ready to go
[2026-05-21 21:58:40.332] AUTO-DISENGAGE: gear left Park (now N)
[2026-05-21 21:58:40.332] Husby was here, and we are ready to go
[2026-05-21 21:58:40.350] AUTO-DISENGAGE: gear left Park (now N)
[2026-05-21 21:58:40.350] Husby was here, and we are ready to go
[2026-05-21 21:58:40.371] AUTO-DISENGAGE: gear left Park (now N)
[2026-05-21 21:58:40.371] Husby was here, and we are ready to go
[2026-05-21 21:58:40.391] AUTO-DISENGAGE: gear left Park (now N)
[2026-05-21 21:58:40.391] Husby was here, and we are ready to go
[2026-05-21 21:58:40.411] AUTO-DISENGAGE: gear left Park (now N)
[2026-05-21 21:58:40.411] Husby was here, and we are ready to go
[2026-05-21 21:58:40.418] AUTO-DISENGAGE: gear left Park (now N)
[2026-05-21 21:58:40.418] Husby was here, and we are ready to go
[2026-05-21 21:58:40.431] AUTO-DISENGAGE: gear left Park (now N)
[2026-05-21 21:58:40.431] Husby was here, and we are ready to go
[2026-05-21 21:58:40.453] AUTO-DISENGAGE: gear left Park (now N)
[2026-05-21 21:58:40.453] Husby was here, and we are ready to go
[2026-05-21 21:58:40.473] AUTO-DISENGAGE: gear left Park (now N)
[2026-05-21 21:58:40.473] Husby was here, and we are ready to go
[2026-05-21 21:58:40.493] AUTO-DISENGAGE: gear left Park (now N)
[2026-05-21 21:58:40.493] Husby was here, and we are ready to go
[2026-05-21 21:58:40.513] AUTO-DISENGAGE: gear left Park (now N)
[2026-05-21 21:58:40.513] Husby was here, and we are ready to go
[2026-05-21 21:58:40.518] AUTO-DISENGAGE: gear left Park (now N)
[2026-05-21 21:58:40.518] Husby was here, and we are ready to go
[2026-05-21 21:58:40.533] AUTO-DISENGAGE: gear left Park (now N)
[2026-05-21 21:58:40.533] Husby was here, and we are ready to go
[2026-05-21 21:58:40.553] AUTO-DISENGAGE: gear left Park (now N)
[2026-05-21 21:58:40.553] Husby was here, and we are ready to go
[2026-05-21 21:58:40.572] AUTO-DISENGAGE: gear left Park (now N)
[2026-05-21 21:58:40.573] Husby was here, and we are ready to go
[2026-05-21 21:58:40.592] AUTO-DISENGAGE: gear left Park (now N)
[2026-05-21 21:58:40.592] Husby was here, and we are ready to go
[2026-05-21 21:58:40.612] AUTO-DISENGAGE: gear left Park (now N)
[2026-05-21 21:58:40.613] Husby was here, and we are ready to go
[2026-05-21 21:58:40.618] AUTO-DISENGAGE: gear left Park (now N)
[2026-05-21 21:58:40.618] Husby was here, and we are ready to go
[2026-05-21 21:58:40.631] AUTO-DISENGAGE: gear left Park (now N)
[2026-05-21 21:58:40.631] Husby was here, and we are ready to go
[2026-05-21 21:58:40.651] AUTO-DISENGAGE: gear left Park (now N)
[2026-05-21 21:58:40.651] Husby was here, and we are ready to go
[2026-05-21 21:58:40.671] AUTO-DISENGAGE: gear left Park (now N)
[2026-05-21 21:58:40.671] Husby was here, and we are ready to go
[2026-05-21 21:58:40.691] AUTO-DISENGAGE: gear left Park (now N)
[2026-05-21 21:58:40.691] Husby was here, and we are ready to go
[2026-05-21 21:58:40.716] AUTO-DISENGAGE: gear left Park (now N)
[2026-05-21 21:58:40.716] Husby was here, and we are ready to go
[2026-05-21 21:58:40.718] AUTO-DISENGAGE: gear left Park (now N)
[2026-05-21 21:58:40.718] Husby was here, and we are ready to go
[2026-05-21 21:58:40.734] AUTO-DISENGAGE: gear left Park (now N)
[2026-05-21 21:58:40.735] Husby was here, and we are ready to go
[2026-05-21 21:58:40.754] AUTO-DISENGAGE: gear left Park (now N)
[2026-05-21 21:58:40.754] Husby was here, and we are ready to go
[2026-05-21 21:58:40.773] AUTO-DISENGAGE: gear left Park (now N)
[2026-05-21 21:58:40.773] Husby was here, and we are ready to go
[2026-05-21 21:58:40.792] AUTO-DISENGAGE: gear left Park (now N)
[2026-05-21 21:58:40.792] Husby was here, and we are ready to go
[2026-05-21 21:58:40.813] AUTO-DISENGAGE: gear left Park (now N)
[2026-05-21 21:58:40.813] Husby was here, and we are ready to go
[2026-05-21 21:58:40.818] AUTO-DISENGAGE: gear left Park (now N)
[2026-05-21 21:58:40.818] Husby was here, and we are ready to go
[2026-05-21 21:58:40.833] AUTO-DISENGAGE: gear left Park (now N)
[2026-05-21 21:58:40.833] Husby was here, and we are ready to go
[2026-05-21 21:58:40.853] AUTO-DISENGAGE: gear left Park (now N)
[2026-05-21 21:58:40.853] Husby was here, and we are ready to go
[2026-05-21 21:58:40.872] AUTO-DISENGAGE: gear left Park (now N)
[2026-05-21 21:58:40.872] Husby was here, and we are ready to go
[2026-05-21 21:58:40.891] AUTO-DISENGAGE: gear left Park (now N)
[2026-05-21 21:58:40.891] Husby was here, and we are ready to go
[2026-05-21 21:58:40.911] AUTO-DISENGAGE: gear left Park (now N)
[2026-05-21 21:58:40.911] Husby was here, and we are ready to go
[2026-05-21 21:58:40.918] AUTO-DISENGAGE: gear left Park (now N)
[2026-05-21 21:58:40.918] Husby was here, and we are ready to go
[2026-05-21 21:58:40.931] AUTO-DISENGAGE: gear left Park (now N)
[2026-05-21 21:58:40.931] Husby was here, and we are ready to go
[2026-05-21 21:58:40.951] AUTO-DISENGAGE: gear left Park (now N)
[2026-05-21 21:58:40.951] Husby was here, and we are ready to go
[2026-05-21 21:58:40.971] AUTO-DISENGAGE: gear left Park (now N)
[2026-05-21 21:58:40.971] Husby was here, and we are ready to go
[2026-05-21 21:58:40.991] AUTO-DISENGAGE: gear left Park (now N)
[2026-05-21 21:58:40.992] Husby was here, and we are ready to go
[2026-05-21 21:58:41.012] AUTO-DISENGAGE: gear left Park (now N)
[2026-05-21 21:58:41.012] Husby was here, and we are ready to go
[2026-05-21 21:58:41.018] AUTO-DISENGAGE: gear left Park (now N)
[2026-05-21 21:58:41.018] Husby was here, and we are ready to go
[2026-05-21 21:58:41.031] AUTO-DISENGAGE: gear left Park (now N)
[2026-05-21 21:58:41.031] Husby was here, and we are ready to go
[2026-05-21 21:58:41.051] AUTO-DISENGAGE: gear left Park (now N)
[2026-05-21 21:58:41.051] Husby was here, and we are ready to go
[2026-05-21 21:58:41.072] AUTO-DISENGAGE: gear left Park (now N)
[2026-05-21 21:58:41.072] Husby was here, and we are ready to go
[2026-05-21 21:58:41.093] AUTO-DISENGAGE: gear left Park (now N)
[2026-05-21 21:58:41.094] Husby was here, and we are ready to go
[2026-05-21 21:58:41.115] AUTO-DISENGAGE: gear left Park (now N)
[2026-05-21 21:58:41.115] Husby was here, and we are ready to go
[2026-05-21 21:58:41.118] AUTO-DISENGAGE: gear left Park (now N)
[2026-05-21 21:58:41.118] Husby was here, and we are ready to go
[2026-05-21 21:58:41.132] AUTO-DISENGAGE: gear left Park (now N)
[2026-05-21 21:58:41.133] Husby was here, and we are ready to go
[2026-05-21 21:58:41.152] AUTO-DISENGAGE: gear left Park (now N)
[2026-05-21 21:58:41.153] Husby was here, and we are ready to go
[2026-05-21 21:58:41.171] AUTO-DISENGAGE: gear left Park (now N)
[2026-05-21 21:58:41.171] Husby was here, and we are ready to go
[2026-05-21 21:58:41.191] AUTO-DISENGAGE: gear left Park (now N)
[2026-05-21 21:58:41.191] Husby was here, and we are ready to go
[2026-05-21 21:58:41.213] AUTO-DISENGAGE: gear left Park (now N)
[2026-05-21 21:58:41.213] Husby was here, and we are ready to go
[2026-05-21 21:58:41.218] AUTO-DISENGAGE: gear left Park (now N)
[2026-05-21 21:58:41.218] Husby was here, and we are ready to go
[2026-05-21 21:58:41.231] AUTO-DISENGAGE: gear left Park (now N)
[2026-05-21 21:58:41.231] Husby was here, and we are ready to go
[2026-05-21 21:58:41.252] AUTO-DISENGAGE: gear left Park (now N)
[2026-05-21 21:58:41.252] Husby was here, and we are ready to go
[2026-05-21 21:58:41.271] AUTO-DISENGAGE: gear left Park (now N)
[2026-05-21 21:58:41.271] Husby was here, and we are ready to go
[2026-05-21 21:58:41.292] AUTO-DISENGAGE: gear left Park (now N)
[2026-05-21 21:58:41.292] Husby was here, and we are ready to go
[2026-05-21 21:58:41.312] AUTO-DISENGAGE: gear left Park (now N)
[2026-05-21 21:58:41.312] Husby was here, and we are ready to go
[2026-05-21 21:58:41.318] AUTO-DISENGAGE: gear left Park (now N)
[2026-05-21 21:58:41.318] Husby was here, and we are ready to go
[2026-05-21 21:58:41.332] AUTO-DISENGAGE: gear left Park (now N)
[2026-05-21 21:58:41.332] Husby was here, and we are ready to go
[2026-05-21 21:58:41.352] AUTO-DISENGAGE: gear left Park (now N)
[2026-05-21 21:58:41.352] Husby was here, and we are ready to go
[2026-05-21 21:58:41.371] AUTO-DISENGAGE: gear left Park (now N)
[2026-05-21 21:58:41.371] Husby was here, and we are ready to go
[2026-05-21 21:58:41.392] AUTO-DISENGAGE: gear left Park (now N)
[2026-05-21 21:58:41.392] Husby was here, and we are ready to go
[2026-05-21 21:58:41.412] AUTO-DISENGAGE: gear left Park (now N)
[2026-05-21 21:58:41.412] Husby was here, and we are ready to go
[2026-05-21 21:58:41.418] AUTO-DISENGAGE: gear left Park (now N)
[2026-05-21 21:58:41.418] Husby was here, and we are ready to go
[2026-05-21 21:58:41.433] AUTO-DISENGAGE: gear left Park (now N)
[2026-05-21 21:58:41.433] Husby was here, and we are ready to go
[2026-05-21 21:58:41.453] AUTO-DISENGAGE: gear left Park (now N)
[2026-05-21 21:58:41.453] Husby was here, and we are ready to go
[2026-05-21 21:58:41.473] AUTO-DISENGAGE: gear left Park (now N)
[2026-05-21 21:58:41.473] Husby was here, and we are ready to go
[2026-05-21 21:58:41.492] AUTO-DISENGAGE: gear left Park (now N)
[2026-05-21 21:58:41.492] Husby was here, and we are ready to go
[2026-05-21 21:58:41.514] AUTO-DISENGAGE: gear left Park (now N)
[2026-05-21 21:58:41.514] Husby was here, and we are ready to go
[2026-05-21 21:58:41.518] AUTO-DISENGAGE: gear left Park (now N)
[2026-05-21 21:58:41.518] Husby was here, and we are ready to go
[2026-05-21 21:58:41.532] AUTO-DISENGAGE: gear left Park (now N)
[2026-05-21 21:58:41.532] Husby was here, and we are ready to go
[2026-05-21 21:58:41.553] AUTO-DISENGAGE: gear left Park (now N)
[2026-05-21 21:58:41.553] Husby was here, and we are ready to go
[2026-05-21 21:58:41.572] AUTO-DISENGAGE: gear left Park (now N)
[2026-05-21 21:58:41.572] Husby was here, and we are ready to go
[2026-05-21 21:58:41.591] AUTO-DISENGAGE: gear left Park (now N)
[2026-05-21 21:58:41.591] Husby was here, and we are ready to go
[2026-05-21 21:58:41.611] AUTO-DISENGAGE: gear left Park (now N)
[2026-05-21 21:58:41.611] Husby was here, and we are ready to go
[2026-05-21 21:58:41.618] AUTO-DISENGAGE: gear left Park (now N)
[2026-05-21 21:58:41.618] Husby was here, and we are ready to go
[2026-05-21 21:58:41.632] AUTO-DISENGAGE: gear left Park (now N)
[2026-05-21 21:58:41.632] Husby was here, and we are ready to go
[2026-05-21 21:58:41.651] AUTO-DISENGAGE: gear left Park (now N)
[2026-05-21 21:58:41.651] Husby was here, and we are ready to go
[2026-05-21 21:58:41.671] AUTO-DISENGAGE: gear left Park (now N)
[2026-05-21 21:58:41.671] Husby was here, and we are ready to go
[2026-05-21 21:58:41.691] AUTO-DISENGAGE: gear left Park (now N)
[2026-05-21 21:58:41.691] Husby was here, and we are ready to go
[2026-05-21 21:58:41.716] AUTO-DISENGAGE: gear left Park (now N)
[2026-05-21 21:58:41.716] Husby was here, and we are ready to go
[2026-05-21 21:58:41.718] AUTO-DISENGAGE: gear left Park (now N)
[2026-05-21 21:58:41.718] Husby was here, and we are ready to go
[2026-05-21 21:58:41.736] AUTO-DISENGAGE: gear left Park (now N)
[2026-05-21 21:58:41.736] Husby was here, and we are ready to go
[2026-05-21 21:58:41.753] AUTO-DISENGAGE: gear left Park (now N)
[2026-05-21 21:58:41.754] Husby was here, and we are ready to go
[2026-05-21 21:58:41.773] AUTO-DISENGAGE: gear left Park (now N)
[2026-05-21 21:58:41.773] Husby was here, and we are ready to go
[2026-05-21 21:58:41.792] AUTO-DISENGAGE: gear left Park (now N)
[2026-05-21 21:58:41.792] Husby was here, and we are ready to go
[2026-05-21 21:58:41.813] AUTO-DISENGAGE: gear left Park (now N)
[2026-05-21 21:58:41.814] Husby was here, and we are ready to go
[2026-05-21 21:58:41.818] AUTO-DISENGAGE: gear left Park (now N)
[2026-05-21 21:58:41.818] Husby was here, and we are ready to go
[2026-05-21 21:58:41.833] AUTO-DISENGAGE: gear left Park (now N)
[2026-05-21 21:58:41.833] Husby was here, and we are ready to go
[2026-05-21 21:58:41.853] AUTO-DISENGAGE: gear left Park (now N)
[2026-05-21 21:58:41.853] Husby was here, and we are ready to go
[2026-05-21 21:58:41.875] AUTO-DISENGAGE: gear left Park (now N)
[2026-05-21 21:58:41.876] Husby was here, and we are ready to go
[2026-05-21 21:58:41.892] AUTO-DISENGAGE: gear left Park (now N)
[2026-05-21 21:58:41.892] Husby was here, and we are ready to go
[2026-05-21 21:58:41.914] AUTO-DISENGAGE: gear left Park (now N)
[2026-05-21 21:58:41.914] Husby was here, and we are ready to go
[2026-05-21 21:58:41.918] AUTO-DISENGAGE: gear left Park (now N)
[2026-05-21 21:58:41.918] Husby was here, and we are ready to go
[2026-05-21 21:58:41.932] AUTO-DISENGAGE: gear left Park (now N)
[2026-05-21 21:58:41.932] Husby was here, and we are ready to go
[2026-05-21 21:58:41.952] AUTO-DISENGAGE: gear left Park (now N)
[2026-05-21 21:58:41.952] Husby was here, and we are ready to go
[2026-05-21 21:58:41.973] AUTO-DISENGAGE: gear left Park (now N)
[2026-05-21 21:58:41.973] Husby was here, and we are ready to go
[2026-05-21 21:58:41.992] AUTO-DISENGAGE: gear left Park (now N)
[2026-05-21 21:58:41.992] Husby was here, and we are ready to go
[2026-05-21 21:58:42.011] AUTO-DISENGAGE: gear left Park (now N)
[2026-05-21 21:58:42.011] Husby was here, and we are ready to go
[2026-05-21 21:58:42.018] AUTO-DISENGAGE: gear left Park (now N)
[2026-05-21 21:58:42.018] Husby was here, and we are ready to go
[2026-05-21 21:58:42.031] AUTO-DISENGAGE: gear left Park (now N)
[2026-05-21 21:58:42.031] Husby was here, and we are ready to go
[2026-05-21 21:58:42.051] AUTO-DISENGAGE: gear left Park (now N)
[2026-05-21 21:58:42.052] Husby was here, and we are ready to go
[2026-05-21 21:58:42.071] AUTO-DISENGAGE: gear left Park (now N)
[2026-05-21 21:58:42.071] Husby was here, and we are ready to go
[2026-05-21 21:58:42.093] AUTO-DISENGAGE: gear left Park (now N)
[2026-05-21 21:58:42.093] Husby was here, and we are ready to go
[2026-05-21 21:58:42.115] AUTO-DISENGAGE: gear left Park (now N)
[2026-05-21 21:58:42.116] Husby was here, and we are ready to go
[2026-05-21 21:58:42.119] AUTO-DISENGAGE: gear left Park (now N)
[2026-05-21 21:58:42.119] Husby was here, and we are ready to go
[2026-05-21 21:58:42.133] AUTO-DISENGAGE: gear left Park (now N)
[2026-05-21 21:58:42.133] Husby was here, and we are ready to go
[2026-05-21 21:58:42.153] AUTO-DISENGAGE: gear left Park (now N)
[2026-05-21 21:58:42.153] Husby was here, and we are ready to go
[2026-05-21 21:58:42.172] AUTO-DISENGAGE: gear left Park (now N)
[2026-05-21 21:58:42.172] Husby was here, and we are ready to go
[2026-05-21 21:58:42.191] AUTO-DISENGAGE: gear left Park (now N)
[2026-05-21 21:58:42.192] Husby was here, and we are ready to go
[2026-05-21 21:58:42.211] AUTO-DISENGAGE: gear left Park (now N)
[2026-05-21 21:58:42.211] Husby was here, and we are ready to go
[2026-05-21 21:58:42.218] AUTO-DISENGAGE: gear left Park (now N)
[2026-05-21 21:58:42.218] Husby was here, and we are ready to go
[2026-05-21 21:58:42.231] AUTO-DISENGAGE: gear left Park (now N)
[2026-05-21 21:58:42.232] Husby was here, and we are ready to go
[2026-05-21 21:58:42.252] AUTO-DISENGAGE: gear left Park (now N)
[2026-05-21 21:58:42.252] Husby was here, and we are ready to go
[2026-05-21 21:58:42.271] AUTO-DISENGAGE: gear left Park (now N)
[2026-05-21 21:58:42.271] Husby was here, and we are ready to go
[2026-05-21 21:58:42.291] AUTO-DISENGAGE: gear left Park (now N)
[2026-05-21 21:58:42.292] Husby was here, and we are ready to go
[2026-05-21 21:58:42.316] AUTO-DISENGAGE: gear left Park (now N)
[2026-05-21 21:58:42.316] Husby was here, and we are ready to go
[2026-05-21 21:58:42.318] AUTO-DISENGAGE: gear left Park (now N)
[2026-05-21 21:58:42.318] Husby was here, and we are ready to go
[2026-05-21 21:58:42.332] AUTO-DISENGAGE: gear left Park (now N)
[2026-05-21 21:58:42.333] Husby was here, and we are ready to go
[2026-05-21 21:58:42.353] AUTO-DISENGAGE: gear left Park (now N)
[2026-05-21 21:58:42.354] Husby was here, and we are ready to go
[2026-05-21 21:58:42.372] AUTO-DISENGAGE: gear left Park (now N)
[2026-05-21 21:58:42.372] Husby was here, and we are ready to go
[2026-05-21 21:58:42.391] AUTO-DISENGAGE: gear left Park (now N)
[2026-05-21 21:58:42.391] Husby was here, and we are ready to go
[2026-05-21 21:58:42.411] AUTO-DISENGAGE: gear left Park (now N)
[2026-05-21 21:58:42.411] Husby was here, and we are ready to go
[2026-05-21 21:58:42.419] AUTO-DISENGAGE: gear left Park (now N)
[2026-05-21 21:58:42.419] Husby was here, and we are ready to go
[2026-05-21 21:58:42.431] AUTO-DISENGAGE: gear left Park (now N)
[2026-05-21 21:58:42.431] Husby was here, and we are ready to go
[2026-05-21 21:58:42.453] AUTO-DISENGAGE: gear left Park (now N)
[2026-05-21 21:58:42.453] Husby was here, and we are ready to go
[2026-05-21 21:58:42.473] AUTO-DISENGAGE: gear left Park (now N)
[2026-05-21 21:58:42.473] Husby was here, and we are ready to go
[2026-05-21 21:58:42.494] AUTO-DISENGAGE: gear left Park (now N)
[2026-05-21 21:58:42.494] Husby was here, and we are ready to go
[2026-05-21 21:58:42.516] AUTO-DISENGAGE: gear left Park (now N)
[2026-05-21 21:58:42.516] Husby was here, and we are ready to go
[2026-05-21 21:58:42.518] AUTO-DISENGAGE: gear left Park (now N)
[2026-05-21 21:58:42.518] Husby was here, and we are ready to go
[2026-05-21 21:58:42.535] AUTO-DISENGAGE: gear left Park (now N)
[2026-05-21 21:58:42.535] Husby was here, and we are ready to go
[2026-05-21 21:58:42.553] AUTO-DISENGAGE: gear left Park (now N)
[2026-05-21 21:58:42.554] Husby was here, and we are ready to go
[2026-05-21 21:58:42.573] AUTO-DISENGAGE: gear left Park (now N)
[2026-05-21 21:58:42.573] Husby was here, and we are ready to go
[2026-05-21 21:58:42.593] AUTO-DISENGAGE: gear left Park (now N)
[2026-05-21 21:58:42.593] Husby was here, and we are ready to go
[2026-05-21 21:58:42.616] AUTO-DISENGAGE: gear left Park (now N)
[2026-05-21 21:58:42.616] Husby was here, and we are ready to go
[2026-05-21 21:58:42.618] AUTO-DISENGAGE: gear left Park (now N)
[2026-05-21 21:58:42.618] Husby was here, and we are ready to go
[2026-05-21 21:58:42.630] rc: RND switch -> D, queuing shift
[2026-05-21 21:58:42.633] AUTO-DISENGAGE: gear left Park (now N)
[2026-05-21 21:58:42.634] Husby was here, and we are ready to go
[2026-05-21 21:58:42.654] AUTO-DISENGAGE: gear left Park (now N)
[2026-05-21 21:58:42.654] Husby was here, and we are ready to go
[2026-05-21 21:58:42.673] AUTO-DISENGAGE: gear left Park (now N)
[2026-05-21 21:58:42.673] Husby was here, and we are ready to go
[2026-05-21 21:58:42.691] AUTO-DISENGAGE: gear left Park (now N)
[2026-05-21 21:58:42.692] Husby was here, and we are ready to go
[2026-05-21 21:58:42.707] shift requested: D
[2026-05-21 21:58:42.712] AUTO-DISENGAGE: gear left Park (now N)
[2026-05-21 21:58:42.713] Husby was here, and we are ready to go
[2026-05-21 21:58:42.713] SHIFT: requesting D via 0x6D burst (30 active + 10 idle frames at 200 Hz)
[2026-05-21 21:58:42.715] AUTO-DISENGAGE: gear left Park (now N)
[2026-05-21 21:58:42.715] Husby was here, and we are ready to go
[2026-05-21 21:58:42.719] AUTO-DISENGAGE: gear left Park (now N)
[2026-05-21 21:58:42.719] Husby was here, and we are ready to go
[2026-05-21 21:58:42.720] AUTO-DISENGAGE: gear left Park (now N)
[2026-05-21 21:58:42.720] Husby was here, and we are ready to go
[2026-05-21 21:58:42.727] AUTO-DISENGAGE: gear left Park (now N)
[2026-05-21 21:58:42.727] Husby was here, and we are ready to go
[2026-05-21 21:58:42.731] AUTO-DISENGAGE: gear left Park (now N)
[2026-05-21 21:58:42.731] Husby was here, and we are ready to go
[2026-05-21 21:58:42.732] AUTO-DISENGAGE: gear left Park (now N)
[2026-05-21 21:58:42.732] Husby was here, and we are ready to go
[2026-05-21 21:58:42.737] AUTO-DISENGAGE: gear left Park (now N)
[2026-05-21 21:58:42.737] Husby was here, and we are ready to go
[2026-05-21 21:58:42.742] AUTO-DISENGAGE: gear left Park (now N)
[2026-05-21 21:58:42.742] Husby was here, and we are ready to go
[2026-05-21 21:58:42.748] gear: N -> D
[2026-05-21 21:58:42.748] AUTO-DISENGAGE: gear left Park (now D)
[2026-05-21 21:58:42.748] Husby was here, and we are ready to go
[2026-05-21 21:58:42.750] AUTO-DISENGAGE: gear left Park (now D)
[2026-05-21 21:58:42.750] Husby was here, and we are ready to go
[2026-05-21 21:58:42.752] AUTO-DISENGAGE: gear left Park (now D)
[2026-05-21 21:58:42.752] Husby was here, and we are ready to go
[2026-05-21 21:58:42.757] AUTO-DISENGAGE: gear left Park (now D)
[2026-05-21 21:58:42.757] Husby was here, and we are ready to go
[2026-05-21 21:58:42.762] AUTO-DISENGAGE: gear left Park (now D)
[2026-05-21 21:58:42.762] Husby was here, and we are ready to go
[2026-05-21 21:58:42.768] AUTO-DISENGAGE: gear left Park (now D)
[2026-05-21 21:58:42.768] Husby was here, and we are ready to go
[2026-05-21 21:58:42.770] AUTO-DISENGAGE: gear left Park (now D)
[2026-05-21 21:58:42.770] Husby was here, and we are ready to go
[2026-05-21 21:58:42.772] AUTO-DISENGAGE: gear left Park (now D)
[2026-05-21 21:58:42.772] Husby was here, and we are ready to go
[2026-05-21 21:58:42.777] AUTO-DISENGAGE: gear left Park (now D)
[2026-05-21 21:58:42.777] Husby was here, and we are ready to go
[2026-05-21 21:58:42.782] AUTO-DISENGAGE: gear left Park (now D)
[2026-05-21 21:58:42.782] Husby was here, and we are ready to go
[2026-05-21 21:58:42.788] AUTO-DISENGAGE: gear left Park (now D)
[2026-05-21 21:58:42.788] Husby was here, and we are ready to go
[2026-05-21 21:58:42.791] AUTO-DISENGAGE: gear left Park (now D)
[2026-05-21 21:58:42.791] Husby was here, and we are ready to go
[2026-05-21 21:58:42.792] AUTO-DISENGAGE: gear left Park (now D)
[2026-05-21 21:58:42.792] Husby was here, and we are ready to go
[2026-05-21 21:58:42.797] AUTO-DISENGAGE: gear left Park (now D)
[2026-05-21 21:58:42.797] Husby was here, and we are ready to go
[2026-05-21 21:58:42.802] AUTO-DISENGAGE: gear left Park (now D)
[2026-05-21 21:58:42.802] Husby was here, and we are ready to go
[2026-05-21 21:58:42.808] AUTO-DISENGAGE: gear left Park (now D)
[2026-05-21 21:58:42.808] Husby was here, and we are ready to go
[2026-05-21 21:58:42.810] AUTO-DISENGAGE: gear left Park (now D)
[2026-05-21 21:58:42.810] Husby was here, and we are ready to go
[2026-05-21 21:58:42.812] AUTO-DISENGAGE: gear left Park (now D)
[2026-05-21 21:58:42.813] Husby was here, and we are ready to go
[2026-05-21 21:58:42.817] AUTO-DISENGAGE: gear left Park (now D)
[2026-05-21 21:58:42.817] Husby was here, and we are ready to go
[2026-05-21 21:58:42.818] AUTO-DISENGAGE: gear left Park (now D)
[2026-05-21 21:58:42.818] Husby was here, and we are ready to go
[2026-05-21 21:58:42.822] AUTO-DISENGAGE: gear left Park (now D)
[2026-05-21 21:58:42.822] Husby was here, and we are ready to go
[2026-05-21 21:58:42.828] AUTO-DISENGAGE: gear left Park (now D)
[2026-05-21 21:58:42.828] Husby was here, and we are ready to go
[2026-05-21 21:58:42.830] AUTO-DISENGAGE: gear left Park (now D)
[2026-05-21 21:58:42.830] Husby was here, and we are ready to go
[2026-05-21 21:58:42.832] AUTO-DISENGAGE: gear left Park (now D)
[2026-05-21 21:58:42.832] Husby was here, and we are ready to go
[2026-05-21 21:58:42.837] AUTO-DISENGAGE: gear left Park (now D)
[2026-05-21 21:58:42.837] Husby was here, and we are ready to go
[2026-05-21 21:58:42.842] AUTO-DISENGAGE: gear left Park (now D)
[2026-05-21 21:58:42.842] Husby was here, and we are ready to go
[2026-05-21 21:58:42.847] AUTO-DISENGAGE: gear left Park (now D)
[2026-05-21 21:58:42.848] Husby was here, and we are ready to go
[2026-05-21 21:58:42.851] AUTO-DISENGAGE: gear left Park (now D)
[2026-05-21 21:58:42.851] Husby was here, and we are ready to go
[2026-05-21 21:58:42.852] AUTO-DISENGAGE: gear left Park (now D)
[2026-05-21 21:58:42.852] Husby was here, and we are ready to go
[2026-05-21 21:58:42.857] AUTO-DISENGAGE: gear left Park (now D)
[2026-05-21 21:58:42.857] Husby was here, and we are ready to go
[2026-05-21 21:58:42.862] AUTO-DISENGAGE: gear left Park (now D)
[2026-05-21 21:58:42.862] Husby was here, and we are ready to go
[2026-05-21 21:58:42.868] AUTO-DISENGAGE: gear left Park (now D)
[2026-05-21 21:58:42.868] Husby was here, and we are ready to go
[2026-05-21 21:58:42.870] AUTO-DISENGAGE: gear left Park (now D)
[2026-05-21 21:58:42.870] Husby was here, and we are ready to go
[2026-05-21 21:58:42.872] AUTO-DISENGAGE: gear left Park (now D)
[2026-05-21 21:58:42.872] Husby was here, and we are ready to go
[2026-05-21 21:58:42.877] AUTO-DISENGAGE: gear left Park (now D)
[2026-05-21 21:58:42.877] Husby was here, and we are ready to go
[2026-05-21 21:58:42.882] AUTO-DISENGAGE: gear left Park (now D)
[2026-05-21 21:58:42.882] Husby was here, and we are ready to go
[2026-05-21 21:58:42.888] AUTO-DISENGAGE: gear left Park (now D)
[2026-05-21 21:58:42.888] Husby was here, and we are ready to go
[2026-05-21 21:58:42.890] AUTO-DISENGAGE: gear left Park (now D)
[2026-05-21 21:58:42.890] Husby was here, and we are ready to go
[2026-05-21 21:58:42.892] AUTO-DISENGAGE: gear left Park (now D)
[2026-05-21 21:58:42.892] Husby was here, and we are ready to go
[2026-05-21 21:58:42.897] AUTO-DISENGAGE: gear left Park (now D)
[2026-05-21 21:58:42.897] Husby was here, and we are ready to go
[2026-05-21 21:58:42.902] AUTO-DISENGAGE: gear left Park (now D)
[2026-05-21 21:58:42.902] Husby was here, and we are ready to go
[2026-05-21 21:58:42.908] AUTO-DISENGAGE: gear left Park (now D)
[2026-05-21 21:58:42.908] Husby was here, and we are ready to go
[2026-05-21 21:58:42.910] AUTO-DISENGAGE: gear left Park (now D)
[2026-05-21 21:58:42.911] Husby was here, and we are ready to go
[2026-05-21 21:58:42.919] AUTO-DISENGAGE: gear left Park (now D)
[2026-05-21 21:58:42.919] Husby was here, and we are ready to go
[2026-05-21 21:58:42.932] AUTO-DISENGAGE: gear left Park (now D)
[2026-05-21 21:58:42.932] Husby was here, and we are ready to go
[2026-05-21 21:58:42.952] AUTO-DISENGAGE: gear left Park (now D)
[2026-05-21 21:58:42.952] Husby was here, and we are ready to go
[2026-05-21 21:58:42.971] AUTO-DISENGAGE: gear left Park (now D)
[2026-05-21 21:58:42.971] Husby was here, and we are ready to go
[2026-05-21 21:58:42.991] AUTO-DISENGAGE: gear left Park (now D)
[2026-05-21 21:58:42.992] Husby was here, and we are ready to go
[2026-05-21 21:58:43.011] AUTO-DISENGAGE: gear left Park (now D)
[2026-05-21 21:58:43.011] Husby was here, and we are ready to go
[2026-05-21 21:58:43.018] AUTO-DISENGAGE: gear left Park (now D)
[2026-05-21 21:58:43.018] Husby was here, and we are ready to go
[2026-05-21 21:58:43.031] AUTO-DISENGAGE: gear left Park (now D)
[2026-05-21 21:58:43.031] Husby was here, and we are ready to go
[2026-05-21 21:58:43.051] AUTO-DISENGAGE: gear left Park (now D)
[2026-05-21 21:58:43.052] Husby was here, and we are ready to go
[2026-05-21 21:58:43.071] AUTO-DISENGAGE: gear left Park (now D)
[2026-05-21 21:58:43.071] Husby was here, and we are ready to go
[2026-05-21 21:58:43.093] AUTO-DISENGAGE: gear left Park (now D)
[2026-05-21 21:58:43.093] Husby was here, and we are ready to go
[2026-05-21 21:58:43.117] AUTO-DISENGAGE: gear left Park (now D)
[2026-05-21 21:58:43.117] Husby was here, and we are ready to go
[2026-05-21 21:58:43.117] SHIFT post-burst gear: D (requested D)
[2026-05-21 21:58:43.118] AUTO-DISENGAGE: gear left Park (now D)
[2026-05-21 21:58:43.118] Husby was here, and we are ready to go
[2026-05-21 21:58:43.134] AUTO-DISENGAGE: gear left Park (now D)
[2026-05-21 21:58:43.134] Husby was here, and we are ready to go
[2026-05-21 21:58:43.154] AUTO-DISENGAGE: gear left Park (now D)
[2026-05-21 21:58:43.155] Husby was here, and we are ready to go
[2026-05-21 21:58:43.174] AUTO-DISENGAGE: gear left Park (now D)
[2026-05-21 21:58:43.174] Husby was here, and we are ready to go
[2026-05-21 21:58:43.192] AUTO-DISENGAGE: gear left Park (now D)
[2026-05-21 21:58:43.193] Husby was here, and we are ready to go
[2026-05-21 21:58:43.212] AUTO-DISENGAGE: gear left Park (now D)
[2026-05-21 21:58:43.213] Husby was here, and we are ready to go
[2026-05-21 21:58:43.218] AUTO-DISENGAGE: gear left Park (now D)
[2026-05-21 21:58:43.219] Husby was here, and we are ready to go
[2026-05-21 21:58:43.233] AUTO-DISENGAGE: gear left Park (now D)
[2026-05-21 21:58:43.233] Husby was here, and we are ready to go
[2026-05-21 21:58:43.252] AUTO-DISENGAGE: gear left Park (now D)
[2026-05-21 21:58:43.252] Husby was here, and we are ready to go
[2026-05-21 21:58:43.271] AUTO-DISENGAGE: gear left Park (now D)
[2026-05-21 21:58:43.271] Husby was here, and we are ready to go
[2026-05-21 21:58:43.292] AUTO-DISENGAGE: gear left Park (now D)
[2026-05-21 21:58:43.292] Husby was here, and we are ready to go
[2026-05-21 21:58:43.311] AUTO-DISENGAGE: gear left Park (now D)
[2026-05-21 21:58:43.311] Husby was here, and we are ready to go
[2026-05-21 21:58:43.318] AUTO-DISENGAGE: gear left Park (now D)
[2026-05-21 21:58:43.318] Husby was here, and we are ready to go
[2026-05-21 21:58:43.331] AUTO-DISENGAGE: gear left Park (now D)
[2026-05-21 21:58:43.331] Husby was here, and we are ready to go
[2026-05-21 21:58:43.353] AUTO-DISENGAGE: gear left Park (now D)
[2026-05-21 21:58:43.353] Husby was here, and we are ready to go
[2026-05-21 21:58:43.375] AUTO-DISENGAGE: gear left Park (now D)
[2026-05-21 21:58:43.375] Husby was here, and we are ready to go
[2026-05-21 21:58:43.392] AUTO-DISENGAGE: gear left Park (now D)
[2026-05-21 21:58:43.393] Husby was here, and we are ready to go
[2026-05-21 21:58:43.414] AUTO-DISENGAGE: gear left Park (now D)
[2026-05-21 21:58:43.415] Husby was here, and we are ready to go
[2026-05-21 21:58:43.418] AUTO-DISENGAGE: gear left Park (now D)
[2026-05-21 21:58:43.418] Husby was here, and we are ready to go
[2026-05-21 21:58:43.432] AUTO-DISENGAGE: gear left Park (now D)
[2026-05-21 21:58:43.432] Husby was here, and we are ready to go
[2026-05-21 21:58:43.452] AUTO-DISENGAGE: gear left Park (now D)
[2026-05-21 21:58:43.452] Husby was here, and we are ready to go
[2026-05-21 21:58:43.472] AUTO-DISENGAGE: gear left Park (now D)
[2026-05-21 21:58:43.473] Husby was here, and we are ready to go
[2026-05-21 21:58:43.492] AUTO-DISENGAGE: gear left Park (now D)
[2026-05-21 21:58:43.493] Husby was here, and we are ready to go
[2026-05-21 21:58:43.515] AUTO-DISENGAGE: gear left Park (now D)
[2026-05-21 21:58:43.516] Husby was here, and we are ready to go
[2026-05-21 21:58:43.518] AUTO-DISENGAGE: gear left Park (now D)
[2026-05-21 21:58:43.518] Husby was here, and we are ready to go
[2026-05-21 21:58:43.532] AUTO-DISENGAGE: gear left Park (now D)
[2026-05-21 21:58:43.532] Husby was here, and we are ready to go
[2026-05-21 21:58:43.552] AUTO-DISENGAGE: gear left Park (now D)
[2026-05-21 21:58:43.552] Husby was here, and we are ready to go
[2026-05-21 21:58:43.572] AUTO-DISENGAGE: gear left Park (now D)
[2026-05-21 21:58:43.572] Husby was here, and we are ready to go
[2026-05-21 21:58:43.592] AUTO-DISENGAGE: gear left Park (now D)
[2026-05-21 21:58:43.592] Husby was here, and we are ready to go
[2026-05-21 21:58:43.614] AUTO-DISENGAGE: gear left Park (now D)
[2026-05-21 21:58:43.614] Husby was here, and we are ready to go
[2026-05-21 21:58:43.619] AUTO-DISENGAGE: gear left Park (now D)
[2026-05-21 21:58:43.619] Husby was here, and we are ready to go
[2026-05-21 21:58:43.632] AUTO-DISENGAGE: gear left Park (now D)
[2026-05-21 21:58:43.632] Husby was here, and we are ready to go
[2026-05-21 21:58:43.652] AUTO-DISENGAGE: gear left Park (now D)
[2026-05-21 21:58:43.652] Husby was here, and we are ready to go
[2026-05-21 21:58:43.672] AUTO-DISENGAGE: gear left Park (now D)
[2026-05-21 21:58:43.672] Husby was here, and we are ready to go
[2026-05-21 21:58:43.693] AUTO-DISENGAGE: gear left Park (now D)
[2026-05-21 21:58:43.693] Husby was here, and we are ready to go
[2026-05-21 21:58:43.716] AUTO-DISENGAGE: gear left Park (now D)
[2026-05-21 21:58:43.716] Husby was here, and we are ready to go
[2026-05-21 21:58:43.718] AUTO-DISENGAGE: gear left Park (now D)
[2026-05-21 21:58:43.718] Husby was here, and we are ready to go
[2026-05-21 21:58:43.735] AUTO-DISENGAGE: gear left Park (now D)
[2026-05-21 21:58:43.735] Husby was here, and we are ready to go
[2026-05-21 21:58:43.755] AUTO-DISENGAGE: gear left Park (now D)
[2026-05-21 21:58:43.756] Husby was here, and we are ready to go
[2026-05-21 21:58:43.774] AUTO-DISENGAGE: gear left Park (now D)
[2026-05-21 21:58:43.775] Husby was here, and we are ready to go
[2026-05-21 21:58:43.793] AUTO-DISENGAGE: gear left Park (now D)
[2026-05-21 21:58:43.793] Husby was here, and we are ready to go
[2026-05-21 21:58:43.813] AUTO-DISENGAGE: gear left Park (now D)
[2026-05-21 21:58:43.814] Husby was here, and we are ready to go
[2026-05-21 21:58:43.818] AUTO-DISENGAGE: gear left Park (now D)
[2026-05-21 21:58:43.818] Husby was here, and we are ready to go
[2026-05-21 21:58:43.832] AUTO-DISENGAGE: gear left Park (now D)
[2026-05-21 21:58:43.833] Husby was here, and we are ready to go
[2026-05-21 21:58:43.852] AUTO-DISENGAGE: gear left Park (now D)
[2026-05-21 21:58:43.852] Husby was here, and we are ready to go
[2026-05-21 21:58:43.871] AUTO-DISENGAGE: gear left Park (now D)
[2026-05-21 21:58:43.871] Husby was here, and we are ready to go
[2026-05-21 21:58:43.893] AUTO-DISENGAGE: gear left Park (now D)
[2026-05-21 21:58:43.893] Husby was here, and we are ready to go
[2026-05-21 21:58:43.916] AUTO-DISENGAGE: gear left Park (now D)
[2026-05-21 21:58:43.916] Husby was here, and we are ready to go
[2026-05-21 21:58:43.918] AUTO-DISENGAGE: gear left Park (now D)
[2026-05-21 21:58:43.918] Husby was here, and we are ready to go
[2026-05-21 21:58:43.932] AUTO-DISENGAGE: gear left Park (now D)
[2026-05-21 21:58:43.933] Husby was here, and we are ready to go
[2026-05-21 21:58:43.953] AUTO-DISENGAGE: gear left Park (now D)
[2026-05-21 21:58:43.953] Husby was here, and we are ready to go
[2026-05-21 21:58:43.972] AUTO-DISENGAGE: gear left Park (now D)
[2026-05-21 21:58:43.972] Husby was here, and we are ready to go
[2026-05-21 21:58:43.992] AUTO-DISENGAGE: gear left Park (now D)
[2026-05-21 21:58:43.992] Husby was here, and we are ready to go
[2026-05-21 21:58:44.014] AUTO-DISENGAGE: gear left Park (now D)
[2026-05-21 21:58:44.014] Husby was here, and we are ready to go
[2026-05-21 21:58:44.018] AUTO-DISENGAGE: gear left Park (now D)
[2026-05-21 21:58:44.019] Husby was here, and we are ready to go
[2026-05-21 21:58:44.033] AUTO-DISENGAGE: gear left Park (now D)
[2026-05-21 21:58:44.034] Husby was here, and we are ready to go
[2026-05-21 21:58:44.054] AUTO-DISENGAGE: gear left Park (now D)
[2026-05-21 21:58:44.054] Husby was here, and we are ready to go
[2026-05-21 21:58:44.073] AUTO-DISENGAGE: gear left Park (now D)
[2026-05-21 21:58:44.073] Husby was here, and we are ready to go
[2026-05-21 21:58:44.092] AUTO-DISENGAGE: gear left Park (now D)
[2026-05-21 21:58:44.092] Husby was here, and we are ready to go
[2026-05-21 21:58:44.111] AUTO-DISENGAGE: gear left Park (now D)
[2026-05-21 21:58:44.111] Husby was here, and we are ready to go
[2026-05-21 21:58:44.118] AUTO-DISENGAGE: gear left Park (now D)
[2026-05-21 21:58:44.118] Husby was here, and we are ready to go
[2026-05-21 21:58:44.131] AUTO-DISENGAGE: gear left Park (now D)
[2026-05-21 21:58:44.132] Husby was here, and we are ready to go
[2026-05-21 21:58:44.152] AUTO-DISENGAGE: gear left Park (now D)
[2026-05-21 21:58:44.152] Husby was here, and we are ready to go
[2026-05-21 21:58:44.171] AUTO-DISENGAGE: gear left Park (now D)
[2026-05-21 21:58:44.171] Husby was here, and we are ready to go
[2026-05-21 21:58:44.191] AUTO-DISENGAGE: gear left Park (now D)
[2026-05-21 21:58:44.191] Husby was here, and we are ready to go
[2026-05-21 21:58:44.211] AUTO-DISENGAGE: gear left Park (now D)
[2026-05-21 21:58:44.211] Husby was here, and we are ready to go
[2026-05-21 21:58:44.219] AUTO-DISENGAGE: gear left Park (now D)
[2026-05-21 21:58:44.219] Husby was here, and we are ready to go
[2026-05-21 21:58:44.232] AUTO-DISENGAGE: gear left Park (now D)
[2026-05-21 21:58:44.232] Husby was here, and we are ready to go
[2026-05-21 21:58:44.252] AUTO-DISENGAGE: gear left Park (now D)
[2026-05-21 21:58:44.252] Husby was here, and we are ready to go
[2026-05-21 21:58:44.271] AUTO-DISENGAGE: gear left Park (now D)
[2026-05-21 21:58:44.271] Husby was here, and we are ready to go
[2026-05-21 21:58:44.293] AUTO-DISENGAGE: gear left Park (now D)
[2026-05-21 21:58:44.293] Husby was here, and we are ready to go
[2026-05-21 21:58:44.317] AUTO-DISENGAGE: gear left Park (now D)
[2026-05-21 21:58:44.317] Husby was here, and we are ready to go
[2026-05-21 21:58:44.318] AUTO-DISENGAGE: gear left Park (now D)
[2026-05-21 21:58:44.318] Husby was here, and we are ready to go
[2026-05-21 21:58:44.334] AUTO-DISENGAGE: gear left Park (now D)
[2026-05-21 21:58:44.334] Husby was here, and we are ready to go
[2026-05-21 21:58:44.356] AUTO-DISENGAGE: gear left Park (now D)
[2026-05-21 21:58:44.356] Husby was here, and we are ready to go
[2026-05-21 21:58:44.374] AUTO-DISENGAGE: gear left Park (now D)
[2026-05-21 21:58:44.375] Husby was here, and we are ready to go
[2026-05-21 21:58:44.393] AUTO-DISENGAGE: gear left Park (now D)
[2026-05-21 21:58:44.393] Husby was here, and we are ready to go
[2026-05-21 21:58:44.413] AUTO-DISENGAGE: gear left Park (now D)
[2026-05-21 21:58:44.413] Husby was here, and we are ready to go
[2026-05-21 21:58:44.418] AUTO-DISENGAGE: gear left Park (now D)
[2026-05-21 21:58:44.419] Husby was here, and we are ready to go
[2026-05-21 21:58:44.432] AUTO-DISENGAGE: gear left Park (now D)
[2026-05-21 21:58:44.432] Husby was here, and we are ready to go
[2026-05-21 21:58:44.452] AUTO-DISENGAGE: gear left Park (now D)
[2026-05-21 21:58:44.452] Husby was here, and we are ready to go
[2026-05-21 21:58:44.471] AUTO-DISENGAGE: gear left Park (now D)
[2026-05-21 21:58:44.471] Husby was here, and we are ready to go
[2026-05-21 21:58:44.491] AUTO-DISENGAGE: gear left Park (now D)
[2026-05-21 21:58:44.491] Husby was here, and we are ready to go
[2026-05-21 21:58:44.511] AUTO-DISENGAGE: gear left Park (now D)
[2026-05-21 21:58:44.511] Husby was here, and we are ready to go
[2026-05-21 21:58:44.518] AUTO-DISENGAGE: gear left Park (now D)
[2026-05-21 21:58:44.518] Husby was here, and we are ready to go
[2026-05-21 21:58:44.531] AUTO-DISENGAGE: gear left Park (now D)
[2026-05-21 21:58:44.532] Husby was here, and we are ready to go
[2026-05-21 21:58:44.551] AUTO-DISENGAGE: gear left Park (now D)
[2026-05-21 21:58:44.551] Husby was here, and we are ready to go
[2026-05-21 21:58:44.571] AUTO-DISENGAGE: gear left Park (now D)
[2026-05-21 21:58:44.571] Husby was here, and we are ready to go
[2026-05-21 21:58:44.591] AUTO-DISENGAGE: gear left Park (now D)
[2026-05-21 21:58:44.591] Husby was here, and we are ready to go
[2026-05-21 21:58:44.611] AUTO-DISENGAGE: gear left Park (now D)
[2026-05-21 21:58:44.611] Husby was here, and we are ready to go
[2026-05-21 21:58:44.618] AUTO-DISENGAGE: gear left Park (now D)
[2026-05-21 21:58:44.618] Husby was here, and we are ready to go
[2026-05-21 21:58:44.632] AUTO-DISENGAGE: gear left Park (now D)
[2026-05-21 21:58:44.632] Husby was here, and we are ready to go
[2026-05-21 21:58:44.651] AUTO-DISENGAGE: gear left Park (now D)
[2026-05-21 21:58:44.651] Husby was here, and we are ready to go
[2026-05-21 21:58:44.671] AUTO-DISENGAGE: gear left Park (now D)
[2026-05-21 21:58:44.671] Husby was here, and we are ready to go
[2026-05-21 21:58:44.691] AUTO-DISENGAGE: gear left Park (now D)
[2026-05-21 21:58:44.691] Husby was here, and we are ready to go
[2026-05-21 21:58:44.712] AUTO-DISENGAGE: gear left Park (now D)
[2026-05-21 21:58:44.712] Husby was here, and we are ready to go
[2026-05-21 21:58:44.718] AUTO-DISENGAGE: gear left Park (now D)
[2026-05-21 21:58:44.718] Husby was here, and we are ready to go
[2026-05-21 21:58:44.732] AUTO-DISENGAGE: gear left Park (now D)
[2026-05-21 21:58:44.732] Husby was here, and we are ready to go
[2026-05-21 21:58:44.752] AUTO-DISENGAGE: gear left Park (now D)
[2026-05-21 21:58:44.752] Husby was here, and we are ready to go
[2026-05-21 21:58:44.773] AUTO-DISENGAGE: gear left Park (now D)
[2026-05-21 21:58:44.773] Husby was here, and we are ready to go
[2026-05-21 21:58:44.792] AUTO-DISENGAGE: gear left Park (now D)
[2026-05-21 21:58:44.792] Husby was here, and we are ready to go
[2026-05-21 21:58:44.812] AUTO-DISENGAGE: gear left Park (now D)
[2026-05-21 21:58:44.812] Husby was here, and we are ready to go
[2026-05-21 21:58:44.818] AUTO-DISENGAGE: gear left Park (now D)
[2026-05-21 21:58:44.818] Husby was here, and we are ready to go
[2026-05-21 21:58:44.831] AUTO-DISENGAGE: gear left Park (now D)
[2026-05-21 21:58:44.832] Husby was here, and we are ready to go
[2026-05-21 21:58:44.853] AUTO-DISENGAGE: gear left Park (now D)
[2026-05-21 21:58:44.853] Husby was here, and we are ready to go
[2026-05-21 21:58:44.874] AUTO-DISENGAGE: gear left Park (now D)
[2026-05-21 21:58:44.875] Husby was here, and we are ready to go
[2026-05-21 21:58:44.893] AUTO-DISENGAGE: gear left Park (now D)
[2026-05-21 21:58:44.893] Husby was here, and we are ready to go
[2026-05-21 21:58:44.917] AUTO-DISENGAGE: gear left Park (now D)
[2026-05-21 21:58:44.918] Husby was here, and we are ready to go
[2026-05-21 21:58:44.918] AUTO-DISENGAGE: gear left Park (now D)
[2026-05-21 21:58:44.918] Husby was here, and we are ready to go
[2026-05-21 21:58:44.933] AUTO-DISENGAGE: gear left Park (now D)
[2026-05-21 21:58:44.934] Husby was here, and we are ready to go
[2026-05-21 21:58:44.953] AUTO-DISENGAGE: gear left Park (now D)
[2026-05-21 21:58:44.953] Husby was here, and we are ready to go
[2026-05-21 21:58:44.972] AUTO-DISENGAGE: gear left Park (now D)
[2026-05-21 21:58:44.972] Husby was here, and we are ready to go
[2026-05-21 21:58:44.992] AUTO-DISENGAGE: gear left Park (now D)
[2026-05-21 21:58:44.992] Husby was here, and we are ready to go
[2026-05-21 21:58:45.017] AUTO-DISENGAGE: gear left Park (now D)
[2026-05-21 21:58:45.017] Husby was here, and we are ready to go
[2026-05-21 21:58:45.018] AUTO-DISENGAGE: gear left Park (now D)
[2026-05-21 21:58:45.018] Husby was here, and we are ready to go
[2026-05-21 21:58:45.033] AUTO-DISENGAGE: gear left Park (now D)
[2026-05-21 21:58:45.033] Husby was here, and we are ready to go
[2026-05-21 21:58:45.053] AUTO-DISENGAGE: gear left Park (now D)
[2026-05-21 21:58:45.054] Husby was here, and we are ready to go
[2026-05-21 21:58:45.072] AUTO-DISENGAGE: gear left Park (now D)
[2026-05-21 21:58:45.072] Husby was here, and we are ready to go
[2026-05-21 21:58:45.092] AUTO-DISENGAGE: gear left Park (now D)
[2026-05-21 21:58:45.092] Husby was here, and we are ready to go
[2026-05-21 21:58:45.112] AUTO-DISENGAGE: gear left Park (now D)
[2026-05-21 21:58:45.112] Husby was here, and we are ready to go
[2026-05-21 21:58:45.119] AUTO-DISENGAGE: gear left Park (now D)
[2026-05-21 21:58:45.119] Husby was here, and we are ready to go
[2026-05-21 21:58:45.131] AUTO-DISENGAGE: gear left Park (now D)
[2026-05-21 21:58:45.132] Husby was here, and we are ready to go
[2026-05-21 21:58:45.152] AUTO-DISENGAGE: gear left Park (now D)
[2026-05-21 21:58:45.152] Husby was here, and we are ready to go
[2026-05-21 21:58:45.171] AUTO-DISENGAGE: gear left Park (now D)
[2026-05-21 21:58:45.172] Husby was here, and we are ready to go
[2026-05-21 21:58:45.191] AUTO-DISENGAGE: gear left Park (now D)
[2026-05-21 21:58:45.191] Husby was here, and we are ready to go
[2026-05-21 21:58:45.211] AUTO-DISENGAGE: gear left Park (now D)
[2026-05-21 21:58:45.211] Husby was here, and we are ready to go
[2026-05-21 21:58:45.218] AUTO-DISENGAGE: gear left Park (now D)
[2026-05-21 21:58:45.218] Husby was here, and we are ready to go
[2026-05-21 21:58:45.232] AUTO-DISENGAGE: gear left Park (now D)
[2026-05-21 21:58:45.232] Husby was here, and we are ready to go
[2026-05-21 21:58:45.252] AUTO-DISENGAGE: gear left Park (now D)
[2026-05-21 21:58:45.252] Husby was here, and we are ready to go
[2026-05-21 21:58:45.271] AUTO-DISENGAGE: gear left Park (now D)
[2026-05-21 21:58:45.271] Husby was here, and we are ready to go
[2026-05-21 21:58:45.291] AUTO-DISENGAGE: gear left Park (now D)
[2026-05-21 21:58:45.291] Husby was here, and we are ready to go
[2026-05-21 21:58:45.312] AUTO-DISENGAGE: gear left Park (now D)
[2026-05-21 21:58:45.312] Husby was here, and we are ready to go
[2026-05-21 21:58:45.318] AUTO-DISENGAGE: gear left Park (now D)
[2026-05-21 21:58:45.319] Husby was here, and we are ready to go
[2026-05-21 21:58:45.332] AUTO-DISENGAGE: gear left Park (now D)
[2026-05-21 21:58:45.332] Husby was here, and we are ready to go
[2026-05-21 21:58:45.352] AUTO-DISENGAGE: gear left Park (now D)
[2026-05-21 21:58:45.352] Husby was here, and we are ready to go
[2026-05-21 21:58:45.372] AUTO-DISENGAGE: gear left Park (now D)
[2026-05-21 21:58:45.372] Husby was here, and we are ready to go
[2026-05-21 21:58:45.392] AUTO-DISENGAGE: gear left Park (now D)
[2026-05-21 21:58:45.392] Husby was here, and we are ready to go
[2026-05-21 21:58:45.412] AUTO-DISENGAGE: gear left Park (now D)
[2026-05-21 21:58:45.412] Husby was here, and we are ready to go
[2026-05-21 21:58:45.418] AUTO-DISENGAGE: gear left Park (now D)
[2026-05-21 21:58:45.418] Husby was here, and we are ready to go
[2026-05-21 21:58:45.432] AUTO-DISENGAGE: gear left Park (now D)
[2026-05-21 21:58:45.432] Husby was here, and we are ready to go
[2026-05-21 21:58:45.451] AUTO-DISENGAGE: gear left Park (now D)
[2026-05-21 21:58:45.451] Husby was here, and we are ready to go
[2026-05-21 21:58:45.472] AUTO-DISENGAGE: gear left Park (now D)
[2026-05-21 21:58:45.472] Husby was here, and we are ready to go
[2026-05-21 21:58:45.492] AUTO-DISENGAGE: gear left Park (now D)
[2026-05-21 21:58:45.492] Husby was here, and we are ready to go
[2026-05-21 21:58:45.511] AUTO-DISENGAGE: gear left Park (now D)
[2026-05-21 21:58:45.511] Husby was here, and we are ready to go
[2026-05-21 21:58:45.518] AUTO-DISENGAGE: gear left Park (now D)
[2026-05-21 21:58:45.518] Husby was here, and we are ready to go
[2026-05-21 21:58:45.531] AUTO-DISENGAGE: gear left Park (now D)
[2026-05-21 21:58:45.531] Husby was here, and we are ready to go
[2026-05-21 21:58:45.552] AUTO-DISENGAGE: gear left Park (now D)
[2026-05-21 21:58:45.552] Husby was here, and we are ready to go
[2026-05-21 21:58:45.572] AUTO-DISENGAGE: gear left Park (now D)
[2026-05-21 21:58:45.572] Husby was here, and we are ready to go
[2026-05-21 21:58:45.592] AUTO-DISENGAGE: gear left Park (now D)
[2026-05-21 21:58:45.593] Husby was here, and we are ready to go
[2026-05-21 21:58:45.612] AUTO-DISENGAGE: gear left Park (now D)
[2026-05-21 21:58:45.612] Husby was here, and we are ready to go
[2026-05-21 21:58:45.618] AUTO-DISENGAGE: gear left Park (now D)
[2026-05-21 21:58:45.618] Husby was here, and we are ready to go
[2026-05-21 21:58:45.632] AUTO-DISENGAGE: gear left Park (now D)
[2026-05-21 21:58:45.632] Husby was here, and we are ready to go
[2026-05-21 21:58:45.652] AUTO-DISENGAGE: gear left Park (now D)
[2026-05-21 21:58:45.652] Husby was here, and we are ready to go
[2026-05-21 21:58:45.672] AUTO-DISENGAGE: gear left Park (now D)
[2026-05-21 21:58:45.672] Husby was here, and we are ready to go
[2026-05-21 21:58:45.691] AUTO-DISENGAGE: gear left Park (now D)
[2026-05-21 21:58:45.691] Husby was here, and we are ready to go
[2026-05-21 21:58:45.711] AUTO-DISENGAGE: gear left Park (now D)
[2026-05-21 21:58:45.712] Husby was here, and we are ready to go
[2026-05-21 21:58:45.718] AUTO-DISENGAGE: gear left Park (now D)
[2026-05-21 21:58:45.718] Husby was here, and we are ready to go
[2026-05-21 21:58:45.733] AUTO-DISENGAGE: gear left Park (now D)
[2026-05-21 21:58:45.733] Husby was here, and we are ready to go
[2026-05-21 21:58:45.752] AUTO-DISENGAGE: gear left Park (now D)
[2026-05-21 21:58:45.753] Husby was here, and we are ready to go
[2026-05-21 21:58:45.772] AUTO-DISENGAGE: gear left Park (now D)
[2026-05-21 21:58:45.772] Husby was here, and we are ready to go
[2026-05-21 21:58:45.792] AUTO-DISENGAGE: gear left Park (now D)
[2026-05-21 21:58:45.792] Husby was here, and we are ready to go
[2026-05-21 21:58:45.812] AUTO-DISENGAGE: gear left Park (now D)
[2026-05-21 21:58:45.812] Husby was here, and we are ready to go
[2026-05-21 21:58:45.818] AUTO-DISENGAGE: gear left Park (now D)
[2026-05-21 21:58:45.819] Husby was here, and we are ready to go
[2026-05-21 21:58:45.832] AUTO-DISENGAGE: gear left Park (now D)
[2026-05-21 21:58:45.832] Husby was here, and we are ready to go
[2026-05-21 21:58:45.852] AUTO-DISENGAGE: gear left Park (now D)
[2026-05-21 21:58:45.852] Husby was here, and we are ready to go
[2026-05-21 21:58:45.872] AUTO-DISENGAGE: gear left Park (now D)
[2026-05-21 21:58:45.872] Husby was here, and we are ready to go
[2026-05-21 21:58:45.892] AUTO-DISENGAGE: gear left Park (now D)
[2026-05-21 21:58:45.892] Husby was here, and we are ready to go
[2026-05-21 21:58:45.912] AUTO-DISENGAGE: gear left Park (now D)
[2026-05-21 21:58:45.912] Husby was here, and we are ready to go
[2026-05-21 21:58:45.919] AUTO-DISENGAGE: gear left Park (now D)
[2026-05-21 21:58:45.919] Husby was here, and we are ready to go
[2026-05-21 21:58:45.932] AUTO-DISENGAGE: gear left Park (now D)
[2026-05-21 21:58:45.932] Husby was here, and we are ready to go
[2026-05-21 21:58:45.952] AUTO-DISENGAGE: gear left Park (now D)
[2026-05-21 21:58:45.952] Husby was here, and we are ready to go
[2026-05-21 21:58:45.972] AUTO-DISENGAGE: gear left Park (now D)
[2026-05-21 21:58:45.972] Husby was here, and we are ready to go
[2026-05-21 21:58:45.995] AUTO-DISENGAGE: gear left Park (now D)
[2026-05-21 21:58:45.996] Husby was here, and we are ready to go
[2026-05-21 21:58:46.015] AUTO-DISENGAGE: gear left Park (now D)
[2026-05-21 21:58:46.016] Husby was here, and we are ready to go
[2026-05-21 21:58:46.018] AUTO-DISENGAGE: gear left Park (now D)
[2026-05-21 21:58:46.018] Husby was here, and we are ready to go
[2026-05-21 21:58:46.034] AUTO-DISENGAGE: gear left Park (now D)
[2026-05-21 21:58:46.034] Husby was here, and we are ready to go
[2026-05-21 21:58:46.052] AUTO-DISENGAGE: gear left Park (now D)
[2026-05-21 21:58:46.052] Husby was here, and we are ready to go
[2026-05-21 21:58:46.073] AUTO-DISENGAGE: gear left Park (now D)
[2026-05-21 21:58:46.073] Husby was here, and we are ready to go
[2026-05-21 21:58:46.093] AUTO-DISENGAGE: gear left Park (now D)
[2026-05-21 21:58:46.093] Husby was here, and we are ready to go
[2026-05-21 21:58:46.112] AUTO-DISENGAGE: gear left Park (now D)
[2026-05-21 21:58:46.112] Husby was here, and we are ready to go
[2026-05-21 21:58:46.119] AUTO-DISENGAGE: gear left Park (now D)
[2026-05-21 21:58:46.119] Husby was here, and we are ready to go
[2026-05-21 21:58:46.132] AUTO-DISENGAGE: gear left Park (now D)
[2026-05-21 21:58:46.133] Husby was here, and we are ready to go
[2026-05-21 21:58:46.154] AUTO-DISENGAGE: gear left Park (now D)
[2026-05-21 21:58:46.155] Husby was here, and we are ready to go
[2026-05-21 21:58:46.173] AUTO-DISENGAGE: gear left Park (now D)
[2026-05-21 21:58:46.174] Husby was here, and we are ready to go
[2026-05-21 21:58:46.193] AUTO-DISENGAGE: gear left Park (now D)
[2026-05-21 21:58:46.193] Husby was here, and we are ready to go
[2026-05-21 21:58:46.212] AUTO-DISENGAGE: gear left Park (now D)
[2026-05-21 21:58:46.212] Husby was here, and we are ready to go
[2026-05-21 21:58:46.218] AUTO-DISENGAGE: gear left Park (now D)
[2026-05-21 21:58:46.219] Husby was here, and we are ready to go
[2026-05-21 21:58:46.232] AUTO-DISENGAGE: gear left Park (now D)
[2026-05-21 21:58:46.233] Husby was here, and we are ready to go
[2026-05-21 21:58:46.253] AUTO-DISENGAGE: gear left Park (now D)
[2026-05-21 21:58:46.253] Husby was here, and we are ready to go
[2026-05-21 21:58:46.272] AUTO-DISENGAGE: gear left Park (now D)
[2026-05-21 21:58:46.272] Husby was here, and we are ready to go
[2026-05-21 21:58:46.291] AUTO-DISENGAGE: gear left Park (now D)
[2026-05-21 21:58:46.291] Husby was here, and we are ready to go
[2026-05-21 21:58:46.312] AUTO-DISENGAGE: gear left Park (now D)
[2026-05-21 21:58:46.312] Husby was here, and we are ready to go
[2026-05-21 21:58:46.318] AUTO-DISENGAGE: gear left Park (now D)
[2026-05-21 21:58:46.319] Husby was here, and we are ready to go
[2026-05-21 21:58:46.333] AUTO-DISENGAGE: gear left Park (now D)
[2026-05-21 21:58:46.333] Husby was here, and we are ready to go
[2026-05-21 21:58:46.353] AUTO-DISENGAGE: gear left Park (now D)
[2026-05-21 21:58:46.353] Husby was here, and we are ready to go
[2026-05-21 21:58:46.375] AUTO-DISENGAGE: gear left Park (now D)
[2026-05-21 21:58:46.376] Husby was here, and we are ready to go
[2026-05-21 21:58:46.392] AUTO-DISENGAGE: gear left Park (now D)
[2026-05-21 21:58:46.393] Husby was here, and we are ready to go
[2026-05-21 21:58:46.412] AUTO-DISENGAGE: gear left Park (now D)
[2026-05-21 21:58:46.412] Husby was here, and we are ready to go
[2026-05-21 21:58:46.418] AUTO-DISENGAGE: gear left Park (now D)
[2026-05-21 21:58:46.419] Husby was here, and we are ready to go
[2026-05-21 21:58:46.432] AUTO-DISENGAGE: gear left Park (now D)
[2026-05-21 21:58:46.432] Husby was here, and we are ready to go
[2026-05-21 21:58:46.453] AUTO-DISENGAGE: gear left Park (now D)
[2026-05-21 21:58:46.453] Husby was here, and we are ready to go
[2026-05-21 21:58:46.472] AUTO-DISENGAGE: gear left Park (now D)
[2026-05-21 21:58:46.473] Husby was here, and we are ready to go
[2026-05-21 21:58:46.492] AUTO-DISENGAGE: gear left Park (now D)
[2026-05-21 21:58:46.492] Husby was here, and we are ready to go
[2026-05-21 21:58:46.511] AUTO-DISENGAGE: gear left Park (now D)
[2026-05-21 21:58:46.511] Husby was here, and we are ready to go
[2026-05-21 21:58:46.518] AUTO-DISENGAGE: gear left Park (now D)
[2026-05-21 21:58:46.518] Husby was here, and we are ready to go
[2026-05-21 21:58:46.531] AUTO-DISENGAGE: gear left Park (now D)
[2026-05-21 21:58:46.532] Husby was here, and we are ready to go
[2026-05-21 21:58:46.552] AUTO-DISENGAGE: gear left Park (now D)
[2026-05-21 21:58:46.552] Husby was here, and we are ready to go
[2026-05-21 21:58:46.572] AUTO-DISENGAGE: gear left Park (now D)
[2026-05-21 21:58:46.572] Husby was here, and we are ready to go
[2026-05-21 21:58:46.593] AUTO-DISENGAGE: gear left Park (now D)
[2026-05-21 21:58:46.593] Husby was here, and we are ready to go
[2026-05-21 21:58:46.616] AUTO-DISENGAGE: gear left Park (now D)
[2026-05-21 21:58:46.616] Husby was here, and we are ready to go
[2026-05-21 21:58:46.618] AUTO-DISENGAGE: gear left Park (now D)
[2026-05-21 21:58:46.618] Husby was here, and we are ready to go
[2026-05-21 21:58:46.634] AUTO-DISENGAGE: gear left Park (now D)
[2026-05-21 21:58:46.635] Husby was here, and we are ready to go
[2026-05-21 21:58:46.653] AUTO-DISENGAGE: gear left Park (now D)
[2026-05-21 21:58:46.654] Husby was here, and we are ready to go
[2026-05-21 21:58:46.675] AUTO-DISENGAGE: gear left Park (now D)
[2026-05-21 21:58:46.676] Husby was here, and we are ready to go
[2026-05-21 21:58:46.692] AUTO-DISENGAGE: gear left Park (now D)
[2026-05-21 21:58:46.693] Husby was here, and we are ready to go
[2026-05-21 21:58:46.712] AUTO-DISENGAGE: gear left Park (now D)
[2026-05-21 21:58:46.712] Husby was here, and we are ready to go
[2026-05-21 21:58:46.719] AUTO-DISENGAGE: gear left Park (now D)
[2026-05-21 21:58:46.719] Husby was here, and we are ready to go
[2026-05-21 21:58:46.733] AUTO-DISENGAGE: gear left Park (now D)
[2026-05-21 21:58:46.734] Husby was here, and we are ready to go
[2026-05-21 21:58:46.754] AUTO-DISENGAGE: gear left Park (now D)
[2026-05-21 21:58:46.754] Husby was here, and we are ready to go
[2026-05-21 21:58:46.774] AUTO-DISENGAGE: gear left Park (now D)
[2026-05-21 21:58:46.774] Husby was here, and we are ready to go
[2026-05-21 21:58:46.796] AUTO-DISENGAGE: gear left Park (now D)
[2026-05-21 21:58:46.796] Husby was here, and we are ready to go
[2026-05-21 21:58:46.813] AUTO-DISENGAGE: gear left Park (now D)
[2026-05-21 21:58:46.813] Husby was here, and we are ready to go
[2026-05-21 21:58:46.819] AUTO-DISENGAGE: gear left Park (now D)
[2026-05-21 21:58:46.819] Husby was here, and we are ready to go
[2026-05-21 21:58:46.832] AUTO-DISENGAGE: gear left Park (now D)
[2026-05-21 21:58:46.832] Husby was here, and we are ready to go
[2026-05-21 21:58:46.852] AUTO-DISENGAGE: gear left Park (now D)
[2026-05-21 21:58:46.853] Husby was here, and we are ready to go
[2026-05-21 21:58:46.873] AUTO-DISENGAGE: gear left Park (now D)
[2026-05-21 21:58:46.874] Husby was here, and we are ready to go
[2026-05-21 21:58:46.893] AUTO-DISENGAGE: gear left Park (now D)
[2026-05-21 21:58:46.893] Husby was here, and we are ready to go
[2026-05-21 21:58:46.915] AUTO-DISENGAGE: gear left Park (now D)
[2026-05-21 21:58:46.916] Husby was here, and we are ready to go
[2026-05-21 21:58:46.918] AUTO-DISENGAGE: gear left Park (now D)
[2026-05-21 21:58:46.918] Husby was here, and we are ready to go
[2026-05-21 21:58:46.932] AUTO-DISENGAGE: gear left Park (now D)
[2026-05-21 21:58:46.932] Husby was here, and we are ready to go
[2026-05-21 21:58:46.952] AUTO-DISENGAGE: gear left Park (now D)
[2026-05-21 21:58:46.952] Husby was here, and we are ready to go
[2026-05-21 21:58:46.973] AUTO-DISENGAGE: gear left Park (now D)
[2026-05-21 21:58:46.973] Husby was here, and we are ready to go
[2026-05-21 21:58:46.992] AUTO-DISENGAGE: gear left Park (now D)
[2026-05-21 21:58:46.992] Husby was here, and we are ready to go
[2026-05-21 21:58:47.012] AUTO-DISENGAGE: gear left Park (now D)
[2026-05-21 21:58:47.012] Husby was here, and we are ready to go
[2026-05-21 21:58:47.018] AUTO-DISENGAGE: gear left Park (now D)
[2026-05-21 21:58:47.019] Husby was here, and we are ready to go
[2026-05-21 21:58:47.032] AUTO-DISENGAGE: gear left Park (now D)
[2026-05-21 21:58:47.032] Husby was here, and we are ready to go
[2026-05-21 21:58:47.056] AUTO-DISENGAGE: gear left Park (now D)
[2026-05-21 21:58:47.056] Husby was here, and we are ready to go
[2026-05-21 21:58:47.076] AUTO-DISENGAGE: gear left Park (now D)
[2026-05-21 21:58:47.076] Husby was here, and we are ready to go
[2026-05-21 21:58:47.092] AUTO-DISENGAGE: gear left Park (now D)
[2026-05-21 21:58:47.093] Husby was here, and we are ready to go
[2026-05-21 21:58:47.112] AUTO-DISENGAGE: gear left Park (now D)
[2026-05-21 21:58:47.112] Husby was here, and we are ready to go
[2026-05-21 21:58:47.119] AUTO-DISENGAGE: gear left Park (now D)
[2026-05-21 21:58:47.119] Husby was here, and we are ready to go
[2026-05-21 21:58:47.132] AUTO-DISENGAGE: gear left Park (now D)
[2026-05-21 21:58:47.132] Husby was here, and we are ready to go
[2026-05-21 21:58:47.153] AUTO-DISENGAGE: gear left Park (now D)
[2026-05-21 21:58:47.153] Husby was here, and we are ready to go
[2026-05-21 21:58:47.172] AUTO-DISENGAGE: gear left Park (now D)
[2026-05-21 21:58:47.172] Husby was here, and we are ready to go
[2026-05-21 21:58:47.191] AUTO-DISENGAGE: gear left Park (now D)
[2026-05-21 21:58:47.191] Husby was here, and we are ready to go
[2026-05-21 21:58:47.211] AUTO-DISENGAGE: gear left Park (now D)
[2026-05-21 21:58:47.211] Husby was here, and we are ready to go
[2026-05-21 21:58:47.218] AUTO-DISENGAGE: gear left Park (now D)
[2026-05-21 21:58:47.218] Husby was here, and we are ready to go
[2026-05-21 21:58:47.232] AUTO-DISENGAGE: gear left Park (now D)
[2026-05-21 21:58:47.232] Husby was here, and we are ready to go
[2026-05-21 21:58:47.252] AUTO-DISENGAGE: gear left Park (now D)
[2026-05-21 21:58:47.252] Husby was here, and we are ready to go
[2026-05-21 21:58:47.272] AUTO-DISENGAGE: gear left Park (now D)
[2026-05-21 21:58:47.272] Husby was here, and we are ready to go
[2026-05-21 21:58:47.291] AUTO-DISENGAGE: gear left Park (now D)
[2026-05-21 21:58:47.291] Husby was here, and we are ready to go
[2026-05-21 21:58:47.316] AUTO-DISENGAGE: gear left Park (now D)
[2026-05-21 21:58:47.317] Husby was here, and we are ready to go
[2026-05-21 21:58:47.318] AUTO-DISENGAGE: gear left Park (now D)
[2026-05-21 21:58:47.318] Husby was here, and we are ready to go
[2026-05-21 21:58:47.336] AUTO-DISENGAGE: gear left Park (now D)
[2026-05-21 21:58:47.336] Husby was here, and we are ready to go
[2026-05-21 21:58:47.353] AUTO-DISENGAGE: gear left Park (now D)
[2026-05-21 21:58:47.353] Husby was here, and we are ready to go
[2026-05-21 21:58:47.372] AUTO-DISENGAGE: gear left Park (now D)
[2026-05-21 21:58:47.373] Husby was here, and we are ready to go
[2026-05-21 21:58:47.392] AUTO-DISENGAGE: gear left Park (now D)
[2026-05-21 21:58:47.392] Husby was here, and we are ready to go
[2026-05-21 21:58:47.413] AUTO-DISENGAGE: gear left Park (now D)
[2026-05-21 21:58:47.413] Husby was here, and we are ready to go
[2026-05-21 21:58:47.419] AUTO-DISENGAGE: gear left Park (now D)
[2026-05-21 21:58:47.419] Husby was here, and we are ready to go
[2026-05-21 21:58:47.432] AUTO-DISENGAGE: gear left Park (now D)
[2026-05-21 21:58:47.432] Husby was here, and we are ready to go
[2026-05-21 21:58:47.452] AUTO-DISENGAGE: gear left Park (now D)
[2026-05-21 21:58:47.452] Husby was here, and we are ready to go
[2026-05-21 21:58:47.473] AUTO-DISENGAGE: gear left Park (now D)
[2026-05-21 21:58:47.473] Husby was here, and we are ready to go
[2026-05-21 21:58:47.493] AUTO-DISENGAGE: gear left Park (now D)
[2026-05-21 21:58:47.494] Husby was here, and we are ready to go
[2026-05-21 21:58:47.512] AUTO-DISENGAGE: gear left Park (now D)
[2026-05-21 21:58:47.512] Husby was here, and we are ready to go
[2026-05-21 21:58:47.519] AUTO-DISENGAGE: gear left Park (now D)
[2026-05-21 21:58:47.519] Husby was here, and we are ready to go
[2026-05-21 21:58:47.532] AUTO-DISENGAGE: gear left Park (now D)
[2026-05-21 21:58:47.532] Husby was here, and we are ready to go
[2026-05-21 21:58:47.552] AUTO-DISENGAGE: gear left Park (now D)
[2026-05-21 21:58:47.552] Husby was here, and we are ready to go
[2026-05-21 21:58:47.572] AUTO-DISENGAGE: gear left Park (now D)
[2026-05-21 21:58:47.572] Husby was here, and we are ready to go
[2026-05-21 21:58:47.592] AUTO-DISENGAGE: gear left Park (now D)
[2026-05-21 21:58:47.592] Husby was here, and we are ready to go
[2026-05-21 21:58:47.612] AUTO-DISENGAGE: gear left Park (now D)
[2026-05-21 21:58:47.612] Husby was here, and we are ready to go
[2026-05-21 21:58:47.618] AUTO-DISENGAGE: gear left Park (now D)
[2026-05-21 21:58:47.618] Husby was here, and we are ready to go
[2026-05-21 21:58:47.632] AUTO-DISENGAGE: gear left Park (now D)
[2026-05-21 21:58:47.632] Husby was here, and we are ready to go
[2026-05-21 21:58:47.654] AUTO-DISENGAGE: gear left Park (now D)
[2026-05-21 21:58:47.655] Husby was here, and we are ready to go
[2026-05-21 21:58:47.673] AUTO-DISENGAGE: gear left Park (now D)
[2026-05-21 21:58:47.673] Husby was here, and we are ready to go
[2026-05-21 21:58:47.692] AUTO-DISENGAGE: gear left Park (now D)
[2026-05-21 21:58:47.692] Husby was here, and we are ready to go
[2026-05-21 21:58:47.712] AUTO-DISENGAGE: gear left Park (now D)
[2026-05-21 21:58:47.712] Husby was here, and we are ready to go
[2026-05-21 21:58:47.718] AUTO-DISENGAGE: gear left Park (now D)
[2026-05-21 21:58:47.719] Husby was here, and we are ready to go
[2026-05-21 21:58:47.736] AUTO-DISENGAGE: gear left Park (now D)
[2026-05-21 21:58:47.736] Husby was here, and we are ready to go
[2026-05-21 21:58:47.753] AUTO-DISENGAGE: gear left Park (now D)
[2026-05-21 21:58:47.753] Husby was here, and we are ready to go
[2026-05-21 21:58:47.773] AUTO-DISENGAGE: gear left Park (now D)
[2026-05-21 21:58:47.774] Husby was here, and we are ready to go
[2026-05-21 21:58:47.793] AUTO-DISENGAGE: gear left Park (now D)
[2026-05-21 21:58:47.793] Husby was here, and we are ready to go
[2026-05-21 21:58:47.812] AUTO-DISENGAGE: gear left Park (now D)
[2026-05-21 21:58:47.812] Husby was here, and we are ready to go
[2026-05-21 21:58:47.818] AUTO-DISENGAGE: gear left Park (now D)
[2026-05-21 21:58:47.819] Husby was here, and we are ready to go
[2026-05-21 21:58:47.833] AUTO-DISENGAGE: gear left Park (now D)
[2026-05-21 21:58:47.833] Husby was here, and we are ready to go
[2026-05-21 21:58:47.853] AUTO-DISENGAGE: gear left Park (now D)
[2026-05-21 21:58:47.854] Husby was here, and we are ready to go
[2026-05-21 21:58:47.875] AUTO-DISENGAGE: gear left Park (now D)
[2026-05-21 21:58:47.875] Husby was here, and we are ready to go
[2026-05-21 21:58:47.893] AUTO-DISENGAGE: gear left Park (now D)
[2026-05-21 21:58:47.894] Husby was here, and we are ready to go
[2026-05-21 21:58:47.913] AUTO-DISENGAGE: gear left Park (now D)
[2026-05-21 21:58:47.913] Husby was here, and we are ready to go
[2026-05-21 21:58:47.919] AUTO-DISENGAGE: gear left Park (now D)
[2026-05-21 21:58:47.919] Husby was here, and we are ready to go
[2026-05-21 21:58:47.934] AUTO-DISENGAGE: gear left Park (now D)
[2026-05-21 21:58:47.934] Husby was here, and we are ready to go
[2026-05-21 21:58:47.953] AUTO-DISENGAGE: gear left Park (now D)
[2026-05-21 21:58:47.954] Husby was here, and we are ready to go
[2026-05-21 21:58:47.976] AUTO-DISENGAGE: gear left Park (now D)
[2026-05-21 21:58:47.977] Husby was here, and we are ready to go
[2026-05-21 21:58:47.993] AUTO-DISENGAGE: gear left Park (now D)
[2026-05-21 21:58:47.993] Husby was here, and we are ready to go
[2026-05-21 21:58:48.014] AUTO-DISENGAGE: gear left Park (now D)
[2026-05-21 21:58:48.014] Husby was here, and we are ready to go
[2026-05-21 21:58:48.019] AUTO-DISENGAGE: gear left Park (now D)
[2026-05-21 21:58:48.019] Husby was here, and we are ready to go
[2026-05-21 21:58:48.032] AUTO-DISENGAGE: gear left Park (now D)
[2026-05-21 21:58:48.032] Husby was here, and we are ready to go
[2026-05-21 21:58:48.052] AUTO-DISENGAGE: gear left Park (now D)
[2026-05-21 21:58:48.052] Husby was here, and we are ready to go
[2026-05-21 21:58:48.073] AUTO-DISENGAGE: gear left Park (now D)
[2026-05-21 21:58:48.073] Husby was here, and we are ready to go
[2026-05-21 21:58:48.092] AUTO-DISENGAGE: gear left Park (now D)
[2026-05-21 21:58:48.092] Husby was here, and we are ready to go
[2026-05-21 21:58:48.112] AUTO-DISENGAGE: gear left Park (now D)
[2026-05-21 21:58:48.112] Husby was here, and we are ready to go
[2026-05-21 21:58:48.119] AUTO-DISENGAGE: gear left Park (now D)
[2026-05-21 21:58:48.119] Husby was here, and we are ready to go
[2026-05-21 21:58:48.132] AUTO-DISENGAGE: gear left Park (now D)
[2026-05-21 21:58:48.132] Husby was here, and we are ready to go
[2026-05-21 21:58:48.152] AUTO-DISENGAGE: gear left Park (now D)
[2026-05-21 21:58:48.153] Husby was here, and we are ready to go
[2026-05-21 21:58:48.172] AUTO-DISENGAGE: gear left Park (now D)
[2026-05-21 21:58:48.172] Husby was here, and we are ready to go
[2026-05-21 21:58:48.191] AUTO-DISENGAGE: gear left Park (now D)
[2026-05-21 21:58:48.191] Husby was here, and we are ready to go
[2026-05-21 21:58:48.213] AUTO-DISENGAGE: gear left Park (now D)
[2026-05-21 21:58:48.214] Husby was here, and we are ready to go
[2026-05-21 21:58:48.219] AUTO-DISENGAGE: gear left Park (now D)
[2026-05-21 21:58:48.219] Husby was here, and we are ready to go
[2026-05-21 21:58:48.233] AUTO-DISENGAGE: gear left Park (now D)
[2026-05-21 21:58:48.234] Husby was here, and we are ready to go
[2026-05-21 21:58:48.254] AUTO-DISENGAGE: gear left Park (now D)
[2026-05-21 21:58:48.254] Husby was here, and we are ready to go
[2026-05-21 21:58:48.273] AUTO-DISENGAGE: gear left Park (now D)
[2026-05-21 21:58:48.273] Husby was here, and we are ready to go
[2026-05-21 21:58:48.292] AUTO-DISENGAGE: gear left Park (now D)
[2026-05-21 21:58:48.292] Husby was here, and we are ready to go
[2026-05-21 21:58:48.312] AUTO-DISENGAGE: gear left Park (now D)
[2026-05-21 21:58:48.313] Husby was here, and we are ready to go
[2026-05-21 21:58:48.319] AUTO-DISENGAGE: gear left Park (now D)
[2026-05-21 21:58:48.319] Husby was here, and we are ready to go
[2026-05-21 21:58:48.333] AUTO-DISENGAGE: gear left Park (now D)
[2026-05-21 21:58:48.333] Husby was here, and we are ready to go
[2026-05-21 21:58:48.352] AUTO-DISENGAGE: gear left Park (now D)
[2026-05-21 21:58:48.352] Husby was here, and we are ready to go
[2026-05-21 21:58:48.372] AUTO-DISENGAGE: gear left Park (now D)
[2026-05-21 21:58:48.372] Husby was here, and we are ready to go
[2026-05-21 21:58:48.393] AUTO-DISENGAGE: gear left Park (now D)
[2026-05-21 21:58:48.393] Husby was here, and we are ready to go
[2026-05-21 21:58:48.414] AUTO-DISENGAGE: gear left Park (now D)
[2026-05-21 21:58:48.414] Husby was here, and we are ready to go
[2026-05-21 21:58:48.419] AUTO-DISENGAGE: gear left Park (now D)
[2026-05-21 21:58:48.419] Husby was here, and we are ready to go
[2026-05-21 21:58:48.434] AUTO-DISENGAGE: gear left Park (now D)
[2026-05-21 21:58:48.434] Husby was here, and we are ready to go
[2026-05-21 21:58:48.453] AUTO-DISENGAGE: gear left Park (now D)
[2026-05-21 21:58:48.453] Husby was here, and we are ready to go
[2026-05-21 21:58:48.473] AUTO-DISENGAGE: gear left Park (now D)
[2026-05-21 21:58:48.473] Husby was here, and we are ready to go
[2026-05-21 21:58:48.492] AUTO-DISENGAGE: gear left Park (now D)
[2026-05-21 21:58:48.492] Husby was here, and we are ready to go
[2026-05-21 21:58:48.513] AUTO-DISENGAGE: gear left Park (now D)
[2026-05-21 21:58:48.513] Husby was here, and we are ready to go
[2026-05-21 21:58:48.519] AUTO-DISENGAGE: gear left Park (now D)
[2026-05-21 21:58:48.520] Husby was here, and we are ready to go
[2026-05-21 21:58:48.533] AUTO-DISENGAGE: gear left Park (now D)
[2026-05-21 21:58:48.533] Husby was here, and we are ready to go
[2026-05-21 21:58:48.554] AUTO-DISENGAGE: gear left Park (now D)
[2026-05-21 21:58:48.555] Husby was here, and we are ready to go
[2026-05-21 21:58:48.574] AUTO-DISENGAGE: gear left Park (now D)
[2026-05-21 21:58:48.574] Husby was here, and we are ready to go
[2026-05-21 21:58:48.593] AUTO-DISENGAGE: gear left Park (now D)
[2026-05-21 21:58:48.593] Husby was here, and we are ready to go
[2026-05-21 21:58:48.612] AUTO-DISENGAGE: gear left Park (now D)
[2026-05-21 21:58:48.612] Husby was here, and we are ready to go
[2026-05-21 21:58:48.619] AUTO-DISENGAGE: gear left Park (now D)
[2026-05-21 21:58:48.619] Husby was here, and we are ready to go
[2026-05-21 21:58:48.633] AUTO-DISENGAGE: gear left Park (now D)
[2026-05-21 21:58:48.634] Husby was here, and we are ready to go
[2026-05-21 21:58:48.654] AUTO-DISENGAGE: gear left Park (now D)
[2026-05-21 21:58:48.654] Husby was here, and we are ready to go
[2026-05-21 21:58:48.675] AUTO-DISENGAGE: gear left Park (now D)
[2026-05-21 21:58:48.676] Husby was here, and we are ready to go
[2026-05-21 21:58:48.694] AUTO-DISENGAGE: gear left Park (now D)
[2026-05-21 21:58:48.695] Husby was here, and we are ready to go
[2026-05-21 21:58:48.715] AUTO-DISENGAGE: gear left Park (now D)
[2026-05-21 21:58:48.716] Husby was here, and we are ready to go
[2026-05-21 21:58:48.718] AUTO-DISENGAGE: gear left Park (now D)
[2026-05-21 21:58:48.718] Husby was here, and we are ready to go
[2026-05-21 21:58:48.736] AUTO-DISENGAGE: gear left Park (now D)
[2026-05-21 21:58:48.737] Husby was here, and we are ready to go
[2026-05-21 21:58:48.753] AUTO-DISENGAGE: gear left Park (now D)
[2026-05-21 21:58:48.754] Husby was here, and we are ready to go
[2026-05-21 21:58:48.775] AUTO-DISENGAGE: gear left Park (now D)
[2026-05-21 21:58:48.775] Husby was here, and we are ready to go
[2026-05-21 21:58:48.796] AUTO-DISENGAGE: gear left Park (now D)
[2026-05-21 21:58:48.796] Husby was here, and we are ready to go
[2026-05-21 21:58:48.813] AUTO-DISENGAGE: gear left Park (now D)
[2026-05-21 21:58:48.813] Husby was here, and we are ready to go
[2026-05-21 21:58:48.819] AUTO-DISENGAGE: gear left Park (now D)
[2026-05-21 21:58:48.819] Husby was here, and we are ready to go
[2026-05-21 21:58:48.836] AUTO-DISENGAGE: gear left Park (now D)
[2026-05-21 21:58:48.836] Husby was here, and we are ready to go
[2026-05-21 21:58:48.852] AUTO-DISENGAGE: gear left Park (now D)
[2026-05-21 21:58:48.852] Husby was here, and we are ready to go
[2026-05-21 21:58:48.872] AUTO-DISENGAGE: gear left Park (now D)
[2026-05-21 21:58:48.872] Husby was here, and we are ready to go
[2026-05-21 21:58:48.892] AUTO-DISENGAGE: gear left Park (now D)
[2026-05-21 21:58:48.892] Husby was here, and we are ready to go
[2026-05-21 21:58:48.912] AUTO-DISENGAGE: gear left Park (now D)
[2026-05-21 21:58:48.912] Husby was here, and we are ready to go
[2026-05-21 21:58:48.918] AUTO-DISENGAGE: gear left Park (now D)
[2026-05-21 21:58:48.919] Husby was here, and we are ready to go
[2026-05-21 21:58:48.933] AUTO-DISENGAGE: gear left Park (now D)
[2026-05-21 21:58:48.933] Husby was here, and we are ready to go
[2026-05-21 21:58:48.954] AUTO-DISENGAGE: gear left Park (now D)
[2026-05-21 21:58:48.955] Husby was here, and we are ready to go
[2026-05-21 21:58:48.975] AUTO-DISENGAGE: gear left Park (now D)
[2026-05-21 21:58:48.975] Husby was here, and we are ready to go
[2026-05-21 21:58:48.994] AUTO-DISENGAGE: gear left Park (now D)
[2026-05-21 21:58:48.994] Husby was here, and we are ready to go
[2026-05-21 21:58:49.013] AUTO-DISENGAGE: gear left Park (now D)
[2026-05-21 21:58:49.014] Husby was here, and we are ready to go
[2026-05-21 21:58:49.019] AUTO-DISENGAGE: gear left Park (now D)
[2026-05-21 21:58:49.019] Husby was here, and we are ready to go
[2026-05-21 21:58:49.035] AUTO-DISENGAGE: gear left Park (now D)
[2026-05-21 21:58:49.035] Husby was here, and we are ready to go
[2026-05-21 21:58:49.054] AUTO-DISENGAGE: gear left Park (now D)
[2026-05-21 21:58:49.054] Husby was here, and we are ready to go
[2026-05-21 21:58:49.075] AUTO-DISENGAGE: gear left Park (now D)
[2026-05-21 21:58:49.075] Husby was here, and we are ready to go
[2026-05-21 21:58:49.093] AUTO-DISENGAGE: gear left Park (now D)
[2026-05-21 21:58:49.093] Husby was here, and we are ready to go
[2026-05-21 21:58:49.112] AUTO-DISENGAGE: gear left Park (now D)
[2026-05-21 21:58:49.112] Husby was here, and we are ready to go
[2026-05-21 21:58:49.119] AUTO-DISENGAGE: gear left Park (now D)
[2026-05-21 21:58:49.119] Husby was here, and we are ready to go
[2026-05-21 21:58:49.133] AUTO-DISENGAGE: gear left Park (now D)
[2026-05-21 21:58:49.133] Husby was here, and we are ready to go
[2026-05-21 21:58:49.152] AUTO-DISENGAGE: gear left Park (now D)
[2026-05-21 21:58:49.152] Husby was here, and we are ready to go
[2026-05-21 21:58:49.173] AUTO-DISENGAGE: gear left Park (now D)
[2026-05-21 21:58:49.174] Husby was here, and we are ready to go
[2026-05-21 21:58:49.192] AUTO-DISENGAGE: gear left Park (now D)
[2026-05-21 21:58:49.192] Husby was here, and we are ready to go
[2026-05-21 21:58:49.212] AUTO-DISENGAGE: gear left Park (now D)
[2026-05-21 21:58:49.212] Husby was here, and we are ready to go
[2026-05-21 21:58:49.218] AUTO-DISENGAGE: gear left Park (now D)
[2026-05-21 21:58:49.219] Husby was here, and we are ready to go
[2026-05-21 21:58:49.236] AUTO-DISENGAGE: gear left Park (now D)
[2026-05-21 21:58:49.236] Husby was here, and we are ready to go
[2026-05-21 21:58:49.253] AUTO-DISENGAGE: gear left Park (now D)
[2026-05-21 21:58:49.253] Husby was here, and we are ready to go
[2026-05-21 21:58:49.271] rc: RND switch -> N, queuing shift
[2026-05-21 21:58:49.273] AUTO-DISENGAGE: gear left Park (now D)
[2026-05-21 21:58:49.273] Husby was here, and we are ready to go
[2026-05-21 21:58:49.292] AUTO-DISENGAGE: gear left Park (now D)
[2026-05-21 21:58:49.292] Husby was here, and we are ready to go
[2026-05-21 21:58:49.309] shift requested: N
[2026-05-21 21:58:49.313] AUTO-DISENGAGE: gear left Park (now D)
[2026-05-21 21:58:49.313] Husby was here, and we are ready to go
[2026-05-21 21:58:49.313] SHIFT: requesting N via 0x6D burst (30 active + 10 idle frames at 200 Hz)
[2026-05-21 21:58:49.316] AUTO-DISENGAGE: gear left Park (now D)
[2026-05-21 21:58:49.316] Husby was here, and we are ready to go
[2026-05-21 21:58:49.319] AUTO-DISENGAGE: gear left Park (now D)
[2026-05-21 21:58:49.319] Husby was here, and we are ready to go
[2026-05-21 21:58:49.321] AUTO-DISENGAGE: gear left Park (now D)
[2026-05-21 21:58:49.322] Husby was here, and we are ready to go
[2026-05-21 21:58:49.327] AUTO-DISENGAGE: gear left Park (now D)
[2026-05-21 21:58:49.327] Husby was here, and we are ready to go
[2026-05-21 21:58:49.331] AUTO-DISENGAGE: gear left Park (now D)
[2026-05-21 21:58:49.331] Husby was here, and we are ready to go
[2026-05-21 21:58:49.332] AUTO-DISENGAGE: gear left Park (now D)
[2026-05-21 21:58:49.332] Husby was here, and we are ready to go
[2026-05-21 21:58:49.337] AUTO-DISENGAGE: gear left Park (now D)
[2026-05-21 21:58:49.337] Husby was here, and we are ready to go
[2026-05-21 21:58:49.342] AUTO-DISENGAGE: gear left Park (now D)
[2026-05-21 21:58:49.342] Husby was here, and we are ready to go
[2026-05-21 21:58:49.348] AUTO-DISENGAGE: gear left Park (now D)
[2026-05-21 21:58:49.348] Husby was here, and we are ready to go
[2026-05-21 21:58:49.351] AUTO-DISENGAGE: gear left Park (now D)
[2026-05-21 21:58:49.351] Husby was here, and we are ready to go
[2026-05-21 21:58:49.352] AUTO-DISENGAGE: gear left Park (now D)
[2026-05-21 21:58:49.352] Husby was here, and we are ready to go
[2026-05-21 21:58:49.357] AUTO-DISENGAGE: gear left Park (now D)
[2026-05-21 21:58:49.357] Husby was here, and we are ready to go
[2026-05-21 21:58:49.362] AUTO-DISENGAGE: gear left Park (now D)
[2026-05-21 21:58:49.362] Husby was here, and we are ready to go
[2026-05-21 21:58:49.367] AUTO-DISENGAGE: gear left Park (now D)
[2026-05-21 21:58:49.368] Husby was here, and we are ready to go
[2026-05-21 21:58:49.371] AUTO-DISENGAGE: gear left Park (now D)
[2026-05-21 21:58:49.371] Husby was here, and we are ready to go
[2026-05-21 21:58:49.372] AUTO-DISENGAGE: gear left Park (now D)
[2026-05-21 21:58:49.372] Husby was here, and we are ready to go
[2026-05-21 21:58:49.377] AUTO-DISENGAGE: gear left Park (now D)
[2026-05-21 21:58:49.377] Husby was here, and we are ready to go
[2026-05-21 21:58:49.382] AUTO-DISENGAGE: gear left Park (now D)
[2026-05-21 21:58:49.382] Husby was here, and we are ready to go
[2026-05-21 21:58:49.388] AUTO-DISENGAGE: gear left Park (now D)
[2026-05-21 21:58:49.388] Husby was here, and we are ready to go
[2026-05-21 21:58:49.391] AUTO-DISENGAGE: gear left Park (now D)
[2026-05-21 21:58:49.391] Husby was here, and we are ready to go
[2026-05-21 21:58:49.392] AUTO-DISENGAGE: gear left Park (now D)
[2026-05-21 21:58:49.392] Husby was here, and we are ready to go
[2026-05-21 21:58:49.397] AUTO-DISENGAGE: gear left Park (now D)
[2026-05-21 21:58:49.397] Husby was here, and we are ready to go
[2026-05-21 21:58:49.402] AUTO-DISENGAGE: gear left Park (now D)
[2026-05-21 21:58:49.402] Husby was here, and we are ready to go
[2026-05-21 21:58:49.408] AUTO-DISENGAGE: gear left Park (now D)
[2026-05-21 21:58:49.408] Husby was here, and we are ready to go
[2026-05-21 21:58:49.411] AUTO-DISENGAGE: gear left Park (now D)
[2026-05-21 21:58:49.411] Husby was here, and we are ready to go
[2026-05-21 21:58:49.412] AUTO-DISENGAGE: gear left Park (now D)
[2026-05-21 21:58:49.412] Husby was here, and we are ready to go
[2026-05-21 21:58:49.418] AUTO-DISENGAGE: gear left Park (now D)
[2026-05-21 21:58:49.418] Husby was here, and we are ready to go
[2026-05-21 21:58:49.418] AUTO-DISENGAGE: gear left Park (now D)
[2026-05-21 21:58:49.418] Husby was here, and we are ready to go
[2026-05-21 21:58:49.422] AUTO-DISENGAGE: gear left Park (now D)
[2026-05-21 21:58:49.422] Husby was here, and we are ready to go
[2026-05-21 21:58:49.428] AUTO-DISENGAGE: gear left Park (now D)
[2026-05-21 21:58:49.428] Husby was here, and we are ready to go
[2026-05-21 21:58:49.431] AUTO-DISENGAGE: gear left Park (now D)
[2026-05-21 21:58:49.431] Husby was here, and we are ready to go
[2026-05-21 21:58:49.432] AUTO-DISENGAGE: gear left Park (now D)
[2026-05-21 21:58:49.432] Husby was here, and we are ready to go
[2026-05-21 21:58:49.438] AUTO-DISENGAGE: gear left Park (now D)
[2026-05-21 21:58:49.438] Husby was here, and we are ready to go
[2026-05-21 21:58:49.442] AUTO-DISENGAGE: gear left Park (now D)
[2026-05-21 21:58:49.442] Husby was here, and we are ready to go
[2026-05-21 21:58:49.447] AUTO-DISENGAGE: gear left Park (now D)
[2026-05-21 21:58:49.447] Husby was here, and we are ready to go
[2026-05-21 21:58:49.451] AUTO-DISENGAGE: gear left Park (now D)
[2026-05-21 21:58:49.451] Husby was here, and we are ready to go
[2026-05-21 21:58:49.452] AUTO-DISENGAGE: gear left Park (now D)
[2026-05-21 21:58:49.452] Husby was here, and we are ready to go
[2026-05-21 21:58:49.457] AUTO-DISENGAGE: gear left Park (now D)
[2026-05-21 21:58:49.457] Husby was here, and we are ready to go
[2026-05-21 21:58:49.462] AUTO-DISENGAGE: gear left Park (now D)
[2026-05-21 21:58:49.462] Husby was here, and we are ready to go
[2026-05-21 21:58:49.468] AUTO-DISENGAGE: gear left Park (now D)
[2026-05-21 21:58:49.468] Husby was here, and we are ready to go
[2026-05-21 21:58:49.471] AUTO-DISENGAGE: gear left Park (now D)
[2026-05-21 21:58:49.471] Husby was here, and we are ready to go
[2026-05-21 21:58:49.472] AUTO-DISENGAGE: gear left Park (now D)
[2026-05-21 21:58:49.472] Husby was here, and we are ready to go
[2026-05-21 21:58:49.477] AUTO-DISENGAGE: gear left Park (now D)
[2026-05-21 21:58:49.477] Husby was here, and we are ready to go
[2026-05-21 21:58:49.482] AUTO-DISENGAGE: gear left Park (now D)
[2026-05-21 21:58:49.482] Husby was here, and we are ready to go
[2026-05-21 21:58:49.487] AUTO-DISENGAGE: gear left Park (now D)
[2026-05-21 21:58:49.487] Husby was here, and we are ready to go
[2026-05-21 21:58:49.492] AUTO-DISENGAGE: gear left Park (now D)
[2026-05-21 21:58:49.492] Husby was here, and we are ready to go
[2026-05-21 21:58:49.493] AUTO-DISENGAGE: gear left Park (now D)
[2026-05-21 21:58:49.493] Husby was here, and we are ready to go
[2026-05-21 21:58:49.498] AUTO-DISENGAGE: gear left Park (now D)
[2026-05-21 21:58:49.498] Husby was here, and we are ready to go
[2026-05-21 21:58:49.503] AUTO-DISENGAGE: gear left Park (now D)
[2026-05-21 21:58:49.503] Husby was here, and we are ready to go
[2026-05-21 21:58:49.509] AUTO-DISENGAGE: gear left Park (now D)
[2026-05-21 21:58:49.509] Husby was here, and we are ready to go
[2026-05-21 21:58:49.511] AUTO-DISENGAGE: gear left Park (now D)
[2026-05-21 21:58:49.511] Husby was here, and we are ready to go
[2026-05-21 21:58:49.519] AUTO-DISENGAGE: gear left Park (now D)
[2026-05-21 21:58:49.520] Husby was here, and we are ready to go
[2026-05-21 21:58:49.532] AUTO-DISENGAGE: gear left Park (now D)
[2026-05-21 21:58:49.532] Husby was here, and we are ready to go
[2026-05-21 21:58:49.554] AUTO-DISENGAGE: gear left Park (now D)
[2026-05-21 21:58:49.554] Husby was here, and we are ready to go
[2026-05-21 21:58:49.573] AUTO-DISENGAGE: gear left Park (now D)
[2026-05-21 21:58:49.573] Husby was here, and we are ready to go
[2026-05-21 21:58:49.592] AUTO-DISENGAGE: gear left Park (now D)
[2026-05-21 21:58:49.593] Husby was here, and we are ready to go
[2026-05-21 21:58:49.612] gear: D -> N
[2026-05-21 21:58:49.612] AUTO-DISENGAGE: gear left Park (now N)
[2026-05-21 21:58:49.612] Husby was here, and we are ready to go
[2026-05-21 21:58:49.619] AUTO-DISENGAGE: gear left Park (now N)
[2026-05-21 21:58:49.619] Husby was here, and we are ready to go
[2026-05-21 21:58:49.632] AUTO-DISENGAGE: gear left Park (now N)
[2026-05-21 21:58:49.633] Husby was here, and we are ready to go
[2026-05-21 21:58:49.652] AUTO-DISENGAGE: gear left Park (now N)
[2026-05-21 21:58:49.652] Husby was here, and we are ready to go
[2026-05-21 21:58:49.672] AUTO-DISENGAGE: gear left Park (now N)
[2026-05-21 21:58:49.672] Husby was here, and we are ready to go
[2026-05-21 21:58:49.692] AUTO-DISENGAGE: gear left Park (now N)
[2026-05-21 21:58:49.692] Husby was here, and we are ready to go
[2026-05-21 21:58:49.712] AUTO-DISENGAGE: gear left Park (now N)
[2026-05-21 21:58:49.712] Husby was here, and we are ready to go
[2026-05-21 21:58:49.712] SHIFT post-burst gear: N (requested N)
[2026-05-21 21:58:49.719] AUTO-DISENGAGE: gear left Park (now N)
[2026-05-21 21:58:49.719] Husby was here, and we are ready to go
[2026-05-21 21:58:49.732] AUTO-DISENGAGE: gear left Park (now N)
[2026-05-21 21:58:49.732] Husby was here, and we are ready to go
[2026-05-21 21:58:49.756] AUTO-DISENGAGE: gear left Park (now N)
[2026-05-21 21:58:49.756] Husby was here, and we are ready to go
[2026-05-21 21:58:49.773] AUTO-DISENGAGE: gear left Park (now N)
[2026-05-21 21:58:49.773] Husby was here, and we are ready to go
[2026-05-21 21:58:49.793] AUTO-DISENGAGE: gear left Park (now N)
[2026-05-21 21:58:49.793] Husby was here, and we are ready to go
[2026-05-21 21:58:49.812] AUTO-DISENGAGE: gear left Park (now N)
[2026-05-21 21:58:49.812] Husby was here, and we are ready to go
[2026-05-21 21:58:49.819] AUTO-DISENGAGE: gear left Park (now N)
[2026-05-21 21:58:49.819] Husby was here, and we are ready to go
[2026-05-21 21:58:49.832] AUTO-DISENGAGE: gear left Park (now N)
[2026-05-21 21:58:49.832] Husby was here, and we are ready to go
[2026-05-21 21:58:49.852] AUTO-DISENGAGE: gear left Park (now N)
[2026-05-21 21:58:49.852] Husby was here, and we are ready to go
[2026-05-21 21:58:49.875] AUTO-DISENGAGE: gear left Park (now N)
[2026-05-21 21:58:49.876] Husby was here, and we are ready to go
[2026-05-21 21:58:49.893] AUTO-DISENGAGE: gear left Park (now N)
[2026-05-21 21:58:49.893] Husby was here, and we are ready to go
[2026-05-21 21:58:49.916] AUTO-DISENGAGE: gear left Park (now N)
[2026-05-21 21:58:49.917] Husby was here, and we are ready to go
[2026-05-21 21:58:49.919] AUTO-DISENGAGE: gear left Park (now N)
[2026-05-21 21:58:49.919] Husby was here, and we are ready to go
[2026-05-21 21:58:49.934] AUTO-DISENGAGE: gear left Park (now N)
[2026-05-21 21:58:49.935] Husby was here, and we are ready to go
[2026-05-21 21:58:49.954] AUTO-DISENGAGE: gear left Park (now N)
[2026-05-21 21:58:49.954] Husby was here, and we are ready to go
[2026-05-21 21:58:49.973] AUTO-DISENGAGE: gear left Park (now N)
[2026-05-21 21:58:49.973] Husby was here, and we are ready to go
[2026-05-21 21:58:49.992] AUTO-DISENGAGE: gear left Park (now N)
[2026-05-21 21:58:49.992] Husby was here, and we are ready to go
[2026-05-21 21:58:50.012] AUTO-DISENGAGE: gear left Park (now N)
[2026-05-21 21:58:50.012] Husby was here, and we are ready to go
[2026-05-21 21:58:50.019] AUTO-DISENGAGE: gear left Park (now N)
[2026-05-21 21:58:50.019] Husby was here, and we are ready to go
[2026-05-21 21:58:50.032] AUTO-DISENGAGE: gear left Park (now N)
[2026-05-21 21:58:50.032] Husby was here, and we are ready to go
[2026-05-21 21:58:50.052] AUTO-DISENGAGE: gear left Park (now N)
[2026-05-21 21:58:50.052] Husby was here, and we are ready to go
[2026-05-21 21:58:50.072] AUTO-DISENGAGE: gear left Park (now N)
[2026-05-21 21:58:50.072] Husby was here, and we are ready to go
[2026-05-21 21:58:50.092] AUTO-DISENGAGE: gear left Park (now N)
[2026-05-21 21:58:50.092] Husby was here, and we are ready to go
[2026-05-21 21:58:50.112] AUTO-DISENGAGE: gear left Park (now N)
[2026-05-21 21:58:50.112] Husby was here, and we are ready to go
[2026-05-21 21:58:50.119] AUTO-DISENGAGE: gear left Park (now N)
[2026-05-21 21:58:50.119] Husby was here, and we are ready to go
[2026-05-21 21:58:50.132] AUTO-DISENGAGE: gear left Park (now N)
[2026-05-21 21:58:50.132] Husby was here, and we are ready to go
[2026-05-21 21:58:50.152] AUTO-DISENGAGE: gear left Park (now N)
[2026-05-21 21:58:50.152] Husby was here, and we are ready to go
[2026-05-21 21:58:50.176] AUTO-DISENGAGE: gear left Park (now N)
[2026-05-21 21:58:50.176] Husby was here, and we are ready to go
[2026-05-21 21:58:50.195] AUTO-DISENGAGE: gear left Park (now N)
[2026-05-21 21:58:50.195] Husby was here, and we are ready to go
[2026-05-21 21:58:50.215] AUTO-DISENGAGE: gear left Park (now N)
[2026-05-21 21:58:50.215] Husby was here, and we are ready to go
[2026-05-21 21:58:50.220] AUTO-DISENGAGE: gear left Park (now N)
[2026-05-21 21:58:50.220] Husby was here, and we are ready to go
[2026-05-21 21:58:50.236] AUTO-DISENGAGE: gear left Park (now N)
[2026-05-21 21:58:50.236] Husby was here, and we are ready to go
[2026-05-21 21:58:50.253] AUTO-DISENGAGE: gear left Park (now N)
[2026-05-21 21:58:50.253] Husby was here, and we are ready to go
[2026-05-21 21:58:50.274] AUTO-DISENGAGE: gear left Park (now N)
[2026-05-21 21:58:50.274] Husby was here, and we are ready to go
[2026-05-21 21:58:50.292] AUTO-DISENGAGE: gear left Park (now N)
[2026-05-21 21:58:50.293] Husby was here, and we are ready to go
[2026-05-21 21:58:50.314] AUTO-DISENGAGE: gear left Park (now N)
[2026-05-21 21:58:50.314] Husby was here, and we are ready to go
[2026-05-21 21:58:50.319] AUTO-DISENGAGE: gear left Park (now N)
[2026-05-21 21:58:50.319] Husby was here, and we are ready to go
[2026-05-21 21:58:50.333] AUTO-DISENGAGE: gear left Park (now N)
[2026-05-21 21:58:50.333] Husby was here, and we are ready to go
[2026-05-21 21:58:50.352] AUTO-DISENGAGE: gear left Park (now N)
[2026-05-21 21:58:50.352] Husby was here, and we are ready to go
[2026-05-21 21:58:50.372] AUTO-DISENGAGE: gear left Park (now N)
[2026-05-21 21:58:50.372] Husby was here, and we are ready to go
[2026-05-21 21:58:50.392] AUTO-DISENGAGE: gear left Park (now N)
[2026-05-21 21:58:50.392] Husby was here, and we are ready to go
[2026-05-21 21:58:50.412] AUTO-DISENGAGE: gear left Park (now N)
[2026-05-21 21:58:50.412] Husby was here, and we are ready to go
[2026-05-21 21:58:50.419] AUTO-DISENGAGE: gear left Park (now N)
[2026-05-21 21:58:50.419] Husby was here, and we are ready to go
[2026-05-21 21:58:50.434] AUTO-DISENGAGE: gear left Park (now N)
[2026-05-21 21:58:50.434] Husby was here, and we are ready to go
[2026-05-21 21:58:50.455] AUTO-DISENGAGE: gear left Park (now N)
[2026-05-21 21:58:50.455] Husby was here, and we are ready to go
[2026-05-21 21:58:50.473] AUTO-DISENGAGE: gear left Park (now N)
[2026-05-21 21:58:50.473] Husby was here, and we are ready to go
[2026-05-21 21:58:50.492] AUTO-DISENGAGE: gear left Park (now N)
[2026-05-21 21:58:50.492] Husby was here, and we are ready to go
[2026-05-21 21:58:50.512] AUTO-DISENGAGE: gear left Park (now N)
[2026-05-21 21:58:50.512] Husby was here, and we are ready to go
[2026-05-21 21:58:50.519] AUTO-DISENGAGE: gear left Park (now N)
[2026-05-21 21:58:50.519] Husby was here, and we are ready to go
[2026-05-21 21:58:50.532] AUTO-DISENGAGE: gear left Park (now N)
[2026-05-21 21:58:50.532] Husby was here, and we are ready to go
[2026-05-21 21:58:50.553] AUTO-DISENGAGE: gear left Park (now N)
[2026-05-21 21:58:50.553] Husby was here, and we are ready to go
[2026-05-21 21:58:50.572] AUTO-DISENGAGE: gear left Park (now N)
[2026-05-21 21:58:50.572] Husby was here, and we are ready to go
[2026-05-21 21:58:50.592] AUTO-DISENGAGE: gear left Park (now N)
[2026-05-21 21:58:50.592] Husby was here, and we are ready to go
[2026-05-21 21:58:50.612] AUTO-DISENGAGE: gear left Park (now N)
[2026-05-21 21:58:50.612] Husby was here, and we are ready to go
[2026-05-21 21:58:50.618] AUTO-DISENGAGE: gear left Park (now N)
[2026-05-21 21:58:50.619] Husby was here, and we are ready to go
[2026-05-21 21:58:50.632] AUTO-DISENGAGE: gear left Park (now N)
[2026-05-21 21:58:50.632] Husby was here, and we are ready to go
[2026-05-21 21:58:50.652] AUTO-DISENGAGE: gear left Park (now N)
[2026-05-21 21:58:50.652] Husby was here, and we are ready to go
[2026-05-21 21:58:50.675] AUTO-DISENGAGE: gear left Park (now N)
[2026-05-21 21:58:50.676] Husby was here, and we are ready to go
[2026-05-21 21:58:50.694] AUTO-DISENGAGE: gear left Park (now N)
[2026-05-21 21:58:50.694] Husby was here, and we are ready to go
[2026-05-21 21:58:50.716] AUTO-DISENGAGE: gear left Park (now N)
[2026-05-21 21:58:50.717] Husby was here, and we are ready to go
[2026-05-21 21:58:50.719] AUTO-DISENGAGE: gear left Park (now N)
[2026-05-21 21:58:50.719] Husby was here, and we are ready to go
[2026-05-21 21:58:50.738] AUTO-DISENGAGE: gear left Park (now N)
[2026-05-21 21:58:50.738] Husby was here, and we are ready to go
[2026-05-21 21:58:50.753] AUTO-DISENGAGE: gear left Park (now N)
[2026-05-21 21:58:50.754] Husby was here, and we are ready to go
[2026-05-21 21:58:50.776] AUTO-DISENGAGE: gear left Park (now N)
[2026-05-21 21:58:50.776] Husby was here, and we are ready to go
[2026-05-21 21:58:50.795] AUTO-DISENGAGE: gear left Park (now N)
[2026-05-21 21:58:50.796] Husby was here, and we are ready to go
[2026-05-21 21:58:50.814] AUTO-DISENGAGE: gear left Park (now N)
[2026-05-21 21:58:50.815] Husby was here, and we are ready to go
[2026-05-21 21:58:50.820] AUTO-DISENGAGE: gear left Park (now N)
[2026-05-21 21:58:50.820] Husby was here, and we are ready to go
[2026-05-21 21:58:50.834] AUTO-DISENGAGE: gear left Park (now N)
[2026-05-21 21:58:50.835] Husby was here, and we are ready to go
[2026-05-21 21:58:50.856] AUTO-DISENGAGE: gear left Park (now N)
[2026-05-21 21:58:50.857] Husby was here, and we are ready to go
[2026-05-21 21:58:50.874] AUTO-DISENGAGE: gear left Park (now N)
[2026-05-21 21:58:50.874] Husby was here, and we are ready to go
[2026-05-21 21:58:50.894] AUTO-DISENGAGE: gear left Park (now N)
[2026-05-21 21:58:50.894] Husby was here, and we are ready to go
[2026-05-21 21:58:50.912] AUTO-DISENGAGE: gear left Park (now N)
[2026-05-21 21:58:50.912] Husby was here, and we are ready to go
[2026-05-21 21:58:50.919] AUTO-DISENGAGE: gear left Park (now N)
[2026-05-21 21:58:50.919] Husby was here, and we are ready to go
[2026-05-21 21:58:50.932] AUTO-DISENGAGE: gear left Park (now N)
[2026-05-21 21:58:50.933] Husby was here, and we are ready to go
[2026-05-21 21:58:50.952] AUTO-DISENGAGE: gear left Park (now N)
[2026-05-21 21:58:50.953] Husby was here, and we are ready to go
[2026-05-21 21:58:50.972] AUTO-DISENGAGE: gear left Park (now N)
[2026-05-21 21:58:50.972] Husby was here, and we are ready to go
[2026-05-21 21:58:50.992] AUTO-DISENGAGE: gear left Park (now N)
[2026-05-21 21:58:50.992] Husby was here, and we are ready to go
[2026-05-21 21:58:51.014] AUTO-DISENGAGE: gear left Park (now N)
[2026-05-21 21:58:51.015] Husby was here, and we are ready to go
[2026-05-21 21:58:51.019] AUTO-DISENGAGE: gear left Park (now N)
[2026-05-21 21:58:51.019] Husby was here, and we are ready to go
[2026-05-21 21:58:51.036] AUTO-DISENGAGE: gear left Park (now N)
[2026-05-21 21:58:51.036] Husby was here, and we are ready to go
[2026-05-21 21:58:51.055] AUTO-DISENGAGE: gear left Park (now N)
[2026-05-21 21:58:51.056] Husby was here, and we are ready to go
[2026-05-21 21:58:51.075] AUTO-DISENGAGE: gear left Park (now N)
[2026-05-21 21:58:51.076] Husby was here, and we are ready to go
[2026-05-21 21:58:51.094] AUTO-DISENGAGE: gear left Park (now N)
[2026-05-21 21:58:51.094] Husby was here, and we are ready to go
[2026-05-21 21:58:51.115] AUTO-DISENGAGE: gear left Park (now N)
[2026-05-21 21:58:51.116] Husby was here, and we are ready to go
[2026-05-21 21:58:51.119] AUTO-DISENGAGE: gear left Park (now N)
[2026-05-21 21:58:51.119] Husby was here, and we are ready to go
[2026-05-21 21:58:51.133] AUTO-DISENGAGE: gear left Park (now N)
[2026-05-21 21:58:51.133] Husby was here, and we are ready to go
[2026-05-21 21:58:51.152] AUTO-DISENGAGE: gear left Park (now N)
[2026-05-21 21:58:51.153] Husby was here, and we are ready to go
[2026-05-21 21:58:51.173] AUTO-DISENGAGE: gear left Park (now N)
[2026-05-21 21:58:51.173] Husby was here, and we are ready to go
[2026-05-21 21:58:51.192] AUTO-DISENGAGE: gear left Park (now N)
[2026-05-21 21:58:51.193] Husby was here, and we are ready to go
[2026-05-21 21:58:51.213] AUTO-DISENGAGE: gear left Park (now N)
[2026-05-21 21:58:51.213] Husby was here, and we are ready to go
[2026-05-21 21:58:51.219] AUTO-DISENGAGE: gear left Park (now N)
[2026-05-21 21:58:51.219] Husby was here, and we are ready to go
[2026-05-21 21:58:51.234] AUTO-DISENGAGE: gear left Park (now N)
[2026-05-21 21:58:51.234] Husby was here, and we are ready to go
[2026-05-21 21:58:51.253] AUTO-DISENGAGE: gear left Park (now N)
[2026-05-21 21:58:51.253] Husby was here, and we are ready to go
[2026-05-21 21:58:51.273] AUTO-DISENGAGE: gear left Park (now N)
[2026-05-21 21:58:51.273] Husby was here, and we are ready to go
[2026-05-21 21:58:51.293] AUTO-DISENGAGE: gear left Park (now N)
[2026-05-21 21:58:51.293] Husby was here, and we are ready to go
[2026-05-21 21:58:51.313] AUTO-DISENGAGE: gear left Park (now N)
[2026-05-21 21:58:51.313] Husby was here, and we are ready to go
[2026-05-21 21:58:51.319] AUTO-DISENGAGE: gear left Park (now N)
[2026-05-21 21:58:51.319] Husby was here, and we are ready to go
[2026-05-21 21:58:51.332] AUTO-DISENGAGE: gear left Park (now N)
[2026-05-21 21:58:51.332] Husby was here, and we are ready to go
[2026-05-21 21:58:51.352] AUTO-DISENGAGE: gear left Park (now N)
[2026-05-21 21:58:51.352] Husby was here, and we are ready to go
[2026-05-21 21:58:51.376] AUTO-DISENGAGE: gear left Park (now N)
[2026-05-21 21:58:51.376] Husby was here, and we are ready to go
[2026-05-21 21:58:51.395] AUTO-DISENGAGE: gear left Park (now N)
[2026-05-21 21:58:51.395] Husby was here, and we are ready to go
[2026-05-21 21:58:51.415] AUTO-DISENGAGE: gear left Park (now N)
[2026-05-21 21:58:51.416] Husby was here, and we are ready to go
[2026-05-21 21:58:51.419] AUTO-DISENGAGE: gear left Park (now N)
[2026-05-21 21:58:51.419] Husby was here, and we are ready to go
[2026-05-21 21:58:51.435] AUTO-DISENGAGE: gear left Park (now N)
[2026-05-21 21:58:51.436] Husby was here, and we are ready to go
[2026-05-21 21:58:51.452] AUTO-DISENGAGE: gear left Park (now N)
[2026-05-21 21:58:51.452] Husby was here, and we are ready to go
[2026-05-21 21:58:51.473] AUTO-DISENGAGE: gear left Park (now N)
[2026-05-21 21:58:51.473] Husby was here, and we are ready to go
[2026-05-21 21:58:51.493] AUTO-DISENGAGE: gear left Park (now N)
[2026-05-21 21:58:51.493] Husby was here, and we are ready to go
[2026-05-21 21:58:51.515] AUTO-DISENGAGE: gear left Park (now N)
[2026-05-21 21:58:51.515] Husby was here, and we are ready to go
[2026-05-21 21:58:51.518] AUTO-DISENGAGE: gear left Park (now N)
[2026-05-21 21:58:51.519] Husby was here, and we are ready to go
[2026-05-21 21:58:51.533] AUTO-DISENGAGE: gear left Park (now N)
[2026-05-21 21:58:51.534] Husby was here, and we are ready to go
[2026-05-21 21:58:51.553] AUTO-DISENGAGE: gear left Park (now N)
[2026-05-21 21:58:51.553] Husby was here, and we are ready to go
[2026-05-21 21:58:51.575] AUTO-DISENGAGE: gear left Park (now N)
[2026-05-21 21:58:51.575] Husby was here, and we are ready to go
[2026-05-21 21:58:51.595] AUTO-DISENGAGE: gear left Park (now N)
[2026-05-21 21:58:51.595] Husby was here, and we are ready to go
[2026-05-21 21:58:51.613] AUTO-DISENGAGE: gear left Park (now N)
[2026-05-21 21:58:51.614] Husby was here, and we are ready to go
[2026-05-21 21:58:51.619] AUTO-DISENGAGE: gear left Park (now N)
[2026-05-21 21:58:51.620] Husby was here, and we are ready to go
[2026-05-21 21:58:51.633] AUTO-DISENGAGE: gear left Park (now N)
[2026-05-21 21:58:51.633] Husby was here, and we are ready to go
[2026-05-21 21:58:51.653] AUTO-DISENGAGE: gear left Park (now N)
[2026-05-21 21:58:51.653] Husby was here, and we are ready to go
[2026-05-21 21:58:51.673] AUTO-DISENGAGE: gear left Park (now N)
[2026-05-21 21:58:51.674] Husby was here, and we are ready to go
[2026-05-21 21:58:51.693] AUTO-DISENGAGE: gear left Park (now N)
[2026-05-21 21:58:51.694] Husby was here, and we are ready to go
[2026-05-21 21:58:51.713] AUTO-DISENGAGE: gear left Park (now N)
[2026-05-21 21:58:51.713] Husby was here, and we are ready to go
[2026-05-21 21:58:51.719] AUTO-DISENGAGE: gear left Park (now N)
[2026-05-21 21:58:51.719] Husby was here, and we are ready to go
[2026-05-21 21:58:51.735] AUTO-DISENGAGE: gear left Park (now N)
[2026-05-21 21:58:51.735] Husby was here, and we are ready to go
[2026-05-21 21:58:51.753] AUTO-DISENGAGE: gear left Park (now N)
[2026-05-21 21:58:51.753] Husby was here, and we are ready to go
[2026-05-21 21:58:51.774] AUTO-DISENGAGE: gear left Park (now N)
[2026-05-21 21:58:51.774] Husby was here, and we are ready to go
[2026-05-21 21:58:51.793] AUTO-DISENGAGE: gear left Park (now N)
[2026-05-21 21:58:51.793] Husby was here, and we are ready to go
[2026-05-21 21:58:51.813] AUTO-DISENGAGE: gear left Park (now N)
[2026-05-21 21:58:51.813] Husby was here, and we are ready to go
[2026-05-21 21:58:51.819] AUTO-DISENGAGE: gear left Park (now N)
[2026-05-21 21:58:51.819] Husby was here, and we are ready to go
[2026-05-21 21:58:51.834] AUTO-DISENGAGE: gear left Park (now N)
[2026-05-21 21:58:51.834] Husby was here, and we are ready to go
[2026-05-21 21:58:51.853] AUTO-DISENGAGE: gear left Park (now N)
[2026-05-21 21:58:51.853] Husby was here, and we are ready to go
[2026-05-21 21:58:51.876] AUTO-DISENGAGE: gear left Park (now N)
[2026-05-21 21:58:51.877] Husby was here, and we are ready to go
[2026-05-21 21:58:51.894] AUTO-DISENGAGE: gear left Park (now N)
[2026-05-21 21:58:51.895] Husby was here, and we are ready to go
[2026-05-21 21:58:51.916] AUTO-DISENGAGE: gear left Park (now N)
[2026-05-21 21:58:51.916] Husby was here, and we are ready to go
[2026-05-21 21:58:51.918] AUTO-DISENGAGE: gear left Park (now N)
[2026-05-21 21:58:51.919] Husby was here, and we are ready to go
[2026-05-21 21:58:51.935] AUTO-DISENGAGE: gear left Park (now N)
[2026-05-21 21:58:51.935] Husby was here, and we are ready to go
[2026-05-21 21:58:51.953] AUTO-DISENGAGE: gear left Park (now N)
[2026-05-21 21:58:51.954] Husby was here, and we are ready to go
[2026-05-21 21:58:51.973] AUTO-DISENGAGE: gear left Park (now N)
[2026-05-21 21:58:51.973] Husby was here, and we are ready to go
[2026-05-21 21:58:51.994] AUTO-DISENGAGE: gear left Park (now N)
[2026-05-21 21:58:51.994] Husby was here, and we are ready to go
[2026-05-21 21:58:52.016] AUTO-DISENGAGE: gear left Park (now N)
[2026-05-21 21:58:52.017] Husby was here, and we are ready to go
[2026-05-21 21:58:52.018] AUTO-DISENGAGE: gear left Park (now N)
[2026-05-21 21:58:52.019] Husby was here, and we are ready to go
[2026-05-21 21:58:52.036] AUTO-DISENGAGE: gear left Park (now N)
[2026-05-21 21:58:52.036] Husby was here, and we are ready to go
[2026-05-21 21:58:52.052] AUTO-DISENGAGE: gear left Park (now N)
[2026-05-21 21:58:52.053] Husby was here, and we are ready to go
[2026-05-21 21:58:52.073] AUTO-DISENGAGE: gear left Park (now N)
[2026-05-21 21:58:52.073] Husby was here, and we are ready to go
[2026-05-21 21:58:52.095] AUTO-DISENGAGE: gear left Park (now N)
[2026-05-21 21:58:52.095] Husby was here, and we are ready to go
[2026-05-21 21:58:52.113] AUTO-DISENGAGE: gear left Park (now N)
[2026-05-21 21:58:52.113] Husby was here, and we are ready to go
[2026-05-21 21:58:52.119] AUTO-DISENGAGE: gear left Park (now N)
[2026-05-21 21:58:52.119] Husby was here, and we are ready to go
[2026-05-21 21:58:52.134] AUTO-DISENGAGE: gear left Park (now N)
[2026-05-21 21:58:52.134] Husby was here, and we are ready to go
[2026-05-21 21:58:52.153] AUTO-DISENGAGE: gear left Park (now N)
[2026-05-21 21:58:52.153] Husby was here, and we are ready to go
[2026-05-21 21:58:52.175] AUTO-DISENGAGE: gear left Park (now N)
[2026-05-21 21:58:52.176] Husby was here, and we are ready to go
[2026-05-21 21:58:52.194] AUTO-DISENGAGE: gear left Park (now N)
[2026-05-21 21:58:52.195] Husby was here, and we are ready to go
[2026-05-21 21:58:52.215] AUTO-DISENGAGE: gear left Park (now N)
[2026-05-21 21:58:52.215] Husby was here, and we are ready to go
[2026-05-21 21:58:52.218] AUTO-DISENGAGE: gear left Park (now N)
[2026-05-21 21:58:52.219] Husby was here, and we are ready to go
[2026-05-21 21:58:52.234] AUTO-DISENGAGE: gear left Park (now N)
[2026-05-21 21:58:52.234] Husby was here, and we are ready to go
[2026-05-21 21:58:52.253] AUTO-DISENGAGE: gear left Park (now N)
[2026-05-21 21:58:52.253] Husby was here, and we are ready to go
[2026-05-21 21:58:52.274] AUTO-DISENGAGE: gear left Park (now N)
[2026-05-21 21:58:52.274] Husby was here, and we are ready to go
[2026-05-21 21:58:52.293] AUTO-DISENGAGE: gear left Park (now N)
[2026-05-21 21:58:52.293] Husby was here, and we are ready to go
[2026-05-21 21:58:52.315] AUTO-DISENGAGE: gear left Park (now N)
[2026-05-21 21:58:52.315] Husby was here, and we are ready to go
[2026-05-21 21:58:52.318] AUTO-DISENGAGE: gear left Park (now N)
[2026-05-21 21:58:52.319] Husby was here, and we are ready to go
[2026-05-21 21:58:52.333] AUTO-DISENGAGE: gear left Park (now N)
[2026-05-21 21:58:52.333] Husby was here, and we are ready to go
[2026-05-21 21:58:52.352] AUTO-DISENGAGE: gear left Park (now N)
[2026-05-21 21:58:52.352] Husby was here, and we are ready to go
[2026-05-21 21:58:52.373] AUTO-DISENGAGE: gear left Park (now N)
[2026-05-21 21:58:52.373] Husby was here, and we are ready to go
[2026-05-21 21:58:52.395] AUTO-DISENGAGE: gear left Park (now N)
[2026-05-21 21:58:52.395] Husby was here, and we are ready to go
[2026-05-21 21:58:52.413] AUTO-DISENGAGE: gear left Park (now N)
[2026-05-21 21:58:52.413] Husby was here, and we are ready to go
[2026-05-21 21:58:52.419] AUTO-DISENGAGE: gear left Park (now N)
[2026-05-21 21:58:52.419] Husby was here, and we are ready to go
[2026-05-21 21:58:52.434] AUTO-DISENGAGE: gear left Park (now N)
[2026-05-21 21:58:52.434] Husby was here, and we are ready to go
[2026-05-21 21:58:52.453] AUTO-DISENGAGE: gear left Park (now N)
[2026-05-21 21:58:52.453] Husby was here, and we are ready to go
[2026-05-21 21:58:52.472] AUTO-DISENGAGE: gear left Park (now N)
[2026-05-21 21:58:52.472] Husby was here, and we are ready to go
[2026-05-21 21:58:52.492] AUTO-DISENGAGE: gear left Park (now N)
[2026-05-21 21:58:52.492] Husby was here, and we are ready to go
[2026-05-21 21:58:52.515] AUTO-DISENGAGE: gear left Park (now N)
[2026-05-21 21:58:52.515] Husby was here, and we are ready to go
[2026-05-21 21:58:52.518] AUTO-DISENGAGE: gear left Park (now N)
[2026-05-21 21:58:52.519] Husby was here, and we are ready to go
[2026-05-21 21:58:52.534] AUTO-DISENGAGE: gear left Park (now N)
[2026-05-21 21:58:52.534] Husby was here, and we are ready to go
[2026-05-21 21:58:52.553] AUTO-DISENGAGE: gear left Park (now N)
[2026-05-21 21:58:52.553] Husby was here, and we are ready to go
[2026-05-21 21:58:52.576] AUTO-DISENGAGE: gear left Park (now N)
[2026-05-21 21:58:52.576] Husby was here, and we are ready to go
[2026-05-21 21:58:52.596] AUTO-DISENGAGE: gear left Park (now N)
[2026-05-21 21:58:52.596] Husby was here, and we are ready to go
[2026-05-21 21:58:52.616] AUTO-DISENGAGE: gear left Park (now N)
[2026-05-21 21:58:52.616] Husby was here, and we are ready to go
[2026-05-21 21:58:52.618] AUTO-DISENGAGE: gear left Park (now N)
[2026-05-21 21:58:52.619] Husby was here, and we are ready to go
[2026-05-21 21:58:52.636] AUTO-DISENGAGE: gear left Park (now N)
[2026-05-21 21:58:52.636] Husby was here, and we are ready to go
[2026-05-21 21:58:52.653] AUTO-DISENGAGE: gear left Park (now N)
[2026-05-21 21:58:52.654] Husby was here, and we are ready to go
[2026-05-21 21:58:52.676] AUTO-DISENGAGE: gear left Park (now N)
[2026-05-21 21:58:52.676] Husby was here, and we are ready to go
[2026-05-21 21:58:52.693] AUTO-DISENGAGE: gear left Park (now N)
[2026-05-21 21:58:52.693] Husby was here, and we are ready to go
[2026-05-21 21:58:52.715] AUTO-DISENGAGE: gear left Park (now N)
[2026-05-21 21:58:52.715] Husby was here, and we are ready to go
[2026-05-21 21:58:52.718] AUTO-DISENGAGE: gear left Park (now N)
[2026-05-21 21:58:52.719] Husby was here, and we are ready to go
[2026-05-21 21:58:52.732] rc: RND switch -> D, queuing shift
[2026-05-21 21:58:52.735] AUTO-DISENGAGE: gear left Park (now N)
[2026-05-21 21:58:52.735] Husby was here, and we are ready to go
[2026-05-21 21:58:52.749] shift requested: D
[2026-05-21 21:58:52.753] AUTO-DISENGAGE: gear left Park (now N)
[2026-05-21 21:58:52.753] Husby was here, and we are ready to go
[2026-05-21 21:58:52.753] SHIFT: requesting D via 0x6D burst (30 active + 10 idle frames at 200 Hz)
[2026-05-21 21:58:52.757] AUTO-DISENGAGE: gear left Park (now N)
[2026-05-21 21:58:52.757] Husby was here, and we are ready to go
[2026-05-21 21:58:52.762] AUTO-DISENGAGE: gear left Park (now N)
[2026-05-21 21:58:52.762] Husby was here, and we are ready to go
[2026-05-21 21:58:52.768] AUTO-DISENGAGE: gear left Park (now N)
[2026-05-21 21:58:52.768] Husby was here, and we are ready to go
[2026-05-21 21:58:52.772] AUTO-DISENGAGE: gear left Park (now N)
[2026-05-21 21:58:52.772] Husby was here, and we are ready to go
[2026-05-21 21:58:52.772] AUTO-DISENGAGE: gear left Park (now N)
[2026-05-21 21:58:52.772] Husby was here, and we are ready to go
[2026-05-21 21:58:52.777] AUTO-DISENGAGE: gear left Park (now N)
[2026-05-21 21:58:52.777] Husby was here, and we are ready to go
[2026-05-21 21:58:52.782] AUTO-DISENGAGE: gear left Park (now N)
[2026-05-21 21:58:52.782] Husby was here, and we are ready to go
[2026-05-21 21:58:52.788] gear: N -> D
[2026-05-21 21:58:52.788] AUTO-DISENGAGE: gear left Park (now D)
[2026-05-21 21:58:52.788] Husby was here, and we are ready to go
[2026-05-21 21:58:52.792] AUTO-DISENGAGE: gear left Park (now D)
[2026-05-21 21:58:52.792] Husby was here, and we are ready to go
[2026-05-21 21:58:52.793] AUTO-DISENGAGE: gear left Park (now D)
[2026-05-21 21:58:52.793] Husby was here, and we are ready to go
[2026-05-21 21:58:52.798] AUTO-DISENGAGE: gear left Park (now D)
[2026-05-21 21:58:52.798] Husby was here, and we are ready to go
[2026-05-21 21:58:52.802] AUTO-DISENGAGE: gear left Park (now D)
[2026-05-21 21:58:52.802] Husby was here, and we are ready to go
[2026-05-21 21:58:52.808] AUTO-DISENGAGE: gear left Park (now D)
[2026-05-21 21:58:52.809] Husby was here, and we are ready to go
[2026-05-21 21:58:52.812] AUTO-DISENGAGE: gear left Park (now D)
[2026-05-21 21:58:52.812] Husby was here, and we are ready to go
[2026-05-21 21:58:52.812] AUTO-DISENGAGE: gear left Park (now D)
[2026-05-21 21:58:52.812] Husby was here, and we are ready to go
[2026-05-21 21:58:52.818] AUTO-DISENGAGE: gear left Park (now D)
[2026-05-21 21:58:52.818] Husby was here, and we are ready to go
[2026-05-21 21:58:52.819] AUTO-DISENGAGE: gear left Park (now D)
[2026-05-21 21:58:52.819] Husby was here, and we are ready to go
[2026-05-21 21:58:52.823] AUTO-DISENGAGE: gear left Park (now D)
[2026-05-21 21:58:52.823] Husby was here, and we are ready to go
[2026-05-21 21:58:52.828] AUTO-DISENGAGE: gear left Park (now D)
[2026-05-21 21:58:52.828] Husby was here, and we are ready to go
[2026-05-21 21:58:52.832] AUTO-DISENGAGE: gear left Park (now D)
[2026-05-21 21:58:52.832] Husby was here, and we are ready to go
[2026-05-21 21:58:52.832] AUTO-DISENGAGE: gear left Park (now D)
[2026-05-21 21:58:52.832] Husby was here, and we are ready to go
[2026-05-21 21:58:52.838] AUTO-DISENGAGE: gear left Park (now D)
[2026-05-21 21:58:52.838] Husby was here, and we are ready to go
[2026-05-21 21:58:52.843] AUTO-DISENGAGE: gear left Park (now D)
[2026-05-21 21:58:52.843] Husby was here, and we are ready to go
[2026-05-21 21:58:52.848] AUTO-DISENGAGE: gear left Park (now D)
[2026-05-21 21:58:52.848] Husby was here, and we are ready to go
[2026-05-21 21:58:52.852] AUTO-DISENGAGE: gear left Park (now D)
[2026-05-21 21:58:52.852] Husby was here, and we are ready to go
[2026-05-21 21:58:52.852] AUTO-DISENGAGE: gear left Park (now D)
[2026-05-21 21:58:52.852] Husby was here, and we are ready to go
[2026-05-21 21:58:52.858] AUTO-DISENGAGE: gear left Park (now D)
[2026-05-21 21:58:52.858] Husby was here, and we are ready to go
[2026-05-21 21:58:52.862] AUTO-DISENGAGE: gear left Park (now D)
[2026-05-21 21:58:52.863] Husby was here, and we are ready to go
[2026-05-21 21:58:52.868] AUTO-DISENGAGE: gear left Park (now D)
[2026-05-21 21:58:52.868] Husby was here, and we are ready to go
[2026-05-21 21:58:52.872] AUTO-DISENGAGE: gear left Park (now D)
[2026-05-21 21:58:52.872] Husby was here, and we are ready to go
[2026-05-21 21:58:52.872] AUTO-DISENGAGE: gear left Park (now D)
[2026-05-21 21:58:52.872] Husby was here, and we are ready to go
[2026-05-21 21:58:52.878] AUTO-DISENGAGE: gear left Park (now D)
[2026-05-21 21:58:52.878] Husby was here, and we are ready to go
[2026-05-21 21:58:52.883] AUTO-DISENGAGE: gear left Park (now D)
[2026-05-21 21:58:52.883] Husby was here, and we are ready to go
[2026-05-21 21:58:52.888] AUTO-DISENGAGE: gear left Park (now D)
[2026-05-21 21:58:52.888] Husby was here, and we are ready to go
[2026-05-21 21:58:52.892] AUTO-DISENGAGE: gear left Park (now D)
[2026-05-21 21:58:52.892] Husby was here, and we are ready to go
[2026-05-21 21:58:52.892] AUTO-DISENGAGE: gear left Park (now D)
[2026-05-21 21:58:52.892] Husby was here, and we are ready to go
[2026-05-21 21:58:52.898] AUTO-DISENGAGE: gear left Park (now D)
[2026-05-21 21:58:52.898] Husby was here, and we are ready to go
[2026-05-21 21:58:52.903] AUTO-DISENGAGE: gear left Park (now D)
[2026-05-21 21:58:52.903] Husby was here, and we are ready to go
[2026-05-21 21:58:52.909] AUTO-DISENGAGE: gear left Park (now D)
[2026-05-21 21:58:52.909] Husby was here, and we are ready to go
[2026-05-21 21:58:52.912] AUTO-DISENGAGE: gear left Park (now D)
[2026-05-21 21:58:52.912] Husby was here, and we are ready to go
[2026-05-21 21:58:52.914] AUTO-DISENGAGE: gear left Park (now D)
[2026-05-21 21:58:52.914] Husby was here, and we are ready to go
[2026-05-21 21:58:52.918] AUTO-DISENGAGE: gear left Park (now D)
[2026-05-21 21:58:52.919] Husby was here, and we are ready to go
[2026-05-21 21:58:52.919] AUTO-DISENGAGE: gear left Park (now D)
[2026-05-21 21:58:52.919] Husby was here, and we are ready to go
[2026-05-21 21:58:52.923] AUTO-DISENGAGE: gear left Park (now D)
[2026-05-21 21:58:52.924] Husby was here, and we are ready to go
[2026-05-21 21:58:52.929] AUTO-DISENGAGE: gear left Park (now D)
[2026-05-21 21:58:52.929] Husby was here, and we are ready to go
[2026-05-21 21:58:52.932] AUTO-DISENGAGE: gear left Park (now D)
[2026-05-21 21:58:52.932] Husby was here, and we are ready to go
[2026-05-21 21:58:52.933] AUTO-DISENGAGE: gear left Park (now D)
[2026-05-21 21:58:52.933] Husby was here, and we are ready to go
[2026-05-21 21:58:52.939] AUTO-DISENGAGE: gear left Park (now D)
[2026-05-21 21:58:52.939] Husby was here, and we are ready to go
[2026-05-21 21:58:52.943] AUTO-DISENGAGE: gear left Park (now D)
[2026-05-21 21:58:52.943] Husby was here, and we are ready to go
[2026-05-21 21:58:52.948] AUTO-DISENGAGE: gear left Park (now D)
[2026-05-21 21:58:52.949] Husby was here, and we are ready to go
[2026-05-21 21:58:52.952] AUTO-DISENGAGE: gear left Park (now D)
[2026-05-21 21:58:52.952] Husby was here, and we are ready to go
[2026-05-21 21:58:52.974] AUTO-DISENGAGE: gear left Park (now D)
[2026-05-21 21:58:52.974] Husby was here, and we are ready to go
[2026-05-21 21:58:52.993] AUTO-DISENGAGE: gear left Park (now D)
[2026-05-21 21:58:52.994] Husby was here, and we are ready to go
[2026-05-21 21:58:53.013] AUTO-DISENGAGE: gear left Park (now D)
[2026-05-21 21:58:53.013] Husby was here, and we are ready to go
[2026-05-21 21:58:53.020] AUTO-DISENGAGE: gear left Park (now D)
[2026-05-21 21:58:53.020] Husby was here, and we are ready to go
[2026-05-21 21:58:53.033] AUTO-DISENGAGE: gear left Park (now D)
[2026-05-21 21:58:53.033] Husby was here, and we are ready to go
[2026-05-21 21:58:53.053] AUTO-DISENGAGE: gear left Park (now D)
[2026-05-21 21:58:53.053] Husby was here, and we are ready to go
[2026-05-21 21:58:53.072] AUTO-DISENGAGE: gear left Park (now D)
[2026-05-21 21:58:53.072] Husby was here, and we are ready to go
[2026-05-21 21:58:53.092] AUTO-DISENGAGE: gear left Park (now D)
[2026-05-21 21:58:53.092] Husby was here, and we are ready to go
[2026-05-21 21:58:53.112] AUTO-DISENGAGE: gear left Park (now D)
[2026-05-21 21:58:53.112] Husby was here, and we are ready to go
[2026-05-21 21:58:53.120] AUTO-DISENGAGE: gear left Park (now D)
[2026-05-21 21:58:53.120] Husby was here, and we are ready to go
[2026-05-21 21:58:53.132] AUTO-DISENGAGE: gear left Park (now D)
[2026-05-21 21:58:53.132] Husby was here, and we are ready to go
[2026-05-21 21:58:53.152] AUTO-DISENGAGE: gear left Park (now D)
[2026-05-21 21:58:53.152] Husby was here, and we are ready to go
[2026-05-21 21:58:53.152] SHIFT post-burst gear: D (requested D)
[2026-05-21 21:58:53.173] AUTO-DISENGAGE: gear left Park (now D)
[2026-05-21 21:58:53.173] Husby was here, and we are ready to go
[2026-05-21 21:58:53.192] AUTO-DISENGAGE: gear left Park (now D)
[2026-05-21 21:58:53.192] Husby was here, and we are ready to go
[2026-05-21 21:58:53.213] AUTO-DISENGAGE: gear left Park (now D)
[2026-05-21 21:58:53.213] Husby was here, and we are ready to go
[2026-05-21 21:58:53.219] AUTO-DISENGAGE: gear left Park (now D)
[2026-05-21 21:58:53.219] Husby was here, and we are ready to go
[2026-05-21 21:58:53.232] AUTO-DISENGAGE: gear left Park (now D)
[2026-05-21 21:58:53.232] Husby was here, and we are ready to go
[2026-05-21 21:58:53.254] AUTO-DISENGAGE: gear left Park (now D)
[2026-05-21 21:58:53.254] Husby was here, and we are ready to go
[2026-05-21 21:58:53.274] AUTO-DISENGAGE: gear left Park (now D)
[2026-05-21 21:58:53.275] Husby was here, and we are ready to go
[2026-05-21 21:58:53.294] AUTO-DISENGAGE: gear left Park (now D)
[2026-05-21 21:58:53.294] Husby was here, and we are ready to go
[2026-05-21 21:58:53.315] AUTO-DISENGAGE: gear left Park (now D)
[2026-05-21 21:58:53.315] Husby was here, and we are ready to go
[2026-05-21 21:58:53.319] AUTO-DISENGAGE: gear left Park (now D)
[2026-05-21 21:58:53.319] Husby was here, and we are ready to go
[2026-05-21 21:58:53.334] AUTO-DISENGAGE: gear left Park (now D)
[2026-05-21 21:58:53.334] Husby was here, and we are ready to go
[2026-05-21 21:58:53.355] AUTO-DISENGAGE: gear left Park (now D)
[2026-05-21 21:58:53.355] Husby was here, and we are ready to go
[2026-05-21 21:58:53.375] AUTO-DISENGAGE: gear left Park (now D)
[2026-05-21 21:58:53.375] Husby was here, and we are ready to go
[2026-05-21 21:58:53.393] AUTO-DISENGAGE: gear left Park (now D)
[2026-05-21 21:58:53.394] Husby was here, and we are ready to go
[2026-05-21 21:58:53.414] AUTO-DISENGAGE: gear left Park (now D)
[2026-05-21 21:58:53.414] Husby was here, and we are ready to go
[2026-05-21 21:58:53.419] AUTO-DISENGAGE: gear left Park (now D)
[2026-05-21 21:58:53.420] Husby was here, and we are ready to go
[2026-05-21 21:58:53.433] AUTO-DISENGAGE: gear left Park (now D)
[2026-05-21 21:58:53.433] Husby was here, and we are ready to go
[2026-05-21 21:58:53.453] AUTO-DISENGAGE: gear left Park (now D)
[2026-05-21 21:58:53.453] Husby was here, and we are ready to go
[2026-05-21 21:58:53.472] AUTO-DISENGAGE: gear left Park (now D)
[2026-05-21 21:58:53.473] Husby was here, and we are ready to go
[2026-05-21 21:58:53.493] AUTO-DISENGAGE: gear left Park (now D)
[2026-05-21 21:58:53.493] Husby was here, and we are ready to go
[2026-05-21 21:58:53.513] AUTO-DISENGAGE: gear left Park (now D)
[2026-05-21 21:58:53.513] Husby was here, and we are ready to go
[2026-05-21 21:58:53.520] AUTO-DISENGAGE: gear left Park (now D)
[2026-05-21 21:58:53.520] Husby was here, and we are ready to go
[2026-05-21 21:58:53.533] AUTO-DISENGAGE: gear left Park (now D)
[2026-05-21 21:58:53.533] Husby was here, and we are ready to go
[2026-05-21 21:58:53.552] AUTO-DISENGAGE: gear left Park (now D)
[2026-05-21 21:58:53.552] Husby was here, and we are ready to go
[2026-05-21 21:58:53.572] AUTO-DISENGAGE: gear left Park (now D)
[2026-05-21 21:58:53.572] Husby was here, and we are ready to go
[2026-05-21 21:58:53.592] AUTO-DISENGAGE: gear left Park (now D)
[2026-05-21 21:58:53.592] Husby was here, and we are ready to go
[2026-05-21 21:58:53.612] AUTO-DISENGAGE: gear left Park (now D)
[2026-05-21 21:58:53.612] Husby was here, and we are ready to go
[2026-05-21 21:58:53.619] AUTO-DISENGAGE: gear left Park (now D)
[2026-05-21 21:58:53.619] Husby was here, and we are ready to go
[2026-05-21 21:58:53.632] AUTO-DISENGAGE: gear left Park (now D)
[2026-05-21 21:58:53.632] Husby was here, and we are ready to go
[2026-05-21 21:58:53.652] AUTO-DISENGAGE: gear left Park (now D)
[2026-05-21 21:58:53.652] Husby was here, and we are ready to go
[2026-05-21 21:58:53.673] AUTO-DISENGAGE: gear left Park (now D)
[2026-05-21 21:58:53.673] Husby was here, and we are ready to go
[2026-05-21 21:58:53.692] AUTO-DISENGAGE: gear left Park (now D)
[2026-05-21 21:58:53.693] Husby was here, and we are ready to go
[2026-05-21 21:58:53.713] AUTO-DISENGAGE: gear left Park (now D)
[2026-05-21 21:58:53.713] Husby was here, and we are ready to go
[2026-05-21 21:58:53.719] AUTO-DISENGAGE: gear left Park (now D)
[2026-05-21 21:58:53.719] Husby was here, and we are ready to go
[2026-05-21 21:58:53.733] AUTO-DISENGAGE: gear left Park (now D)
[2026-05-21 21:58:53.733] Husby was here, and we are ready to go
[2026-05-21 21:58:53.752] AUTO-DISENGAGE: gear left Park (now D)
[2026-05-21 21:58:53.752] Husby was here, and we are ready to go
[2026-05-21 21:58:53.773] AUTO-DISENGAGE: gear left Park (now D)
[2026-05-21 21:58:53.773] Husby was here, and we are ready to go
[2026-05-21 21:58:53.796] AUTO-DISENGAGE: gear left Park (now D)
[2026-05-21 21:58:53.796] Husby was here, and we are ready to go
[2026-05-21 21:58:53.815] AUTO-DISENGAGE: gear left Park (now D)
[2026-05-21 21:58:53.816] Husby was here, and we are ready to go
[2026-05-21 21:58:53.819] AUTO-DISENGAGE: gear left Park (now D)
[2026-05-21 21:58:53.820] Husby was here, and we are ready to go
[2026-05-21 21:58:53.836] AUTO-DISENGAGE: gear left Park (now D)
[2026-05-21 21:58:53.836] Husby was here, and we are ready to go
[2026-05-21 21:58:53.854] AUTO-DISENGAGE: gear left Park (now D)
[2026-05-21 21:58:53.854] Husby was here, and we are ready to go
[2026-05-21 21:58:53.875] AUTO-DISENGAGE: gear left Park (now D)
[2026-05-21 21:58:53.876] Husby was here, and we are ready to go
[2026-05-21 21:58:53.895] AUTO-DISENGAGE: gear left Park (now D)
[2026-05-21 21:58:53.896] Husby was here, and we are ready to go
[2026-05-21 21:58:53.916] AUTO-DISENGAGE: gear left Park (now D)
[2026-05-21 21:58:53.916] Husby was here, and we are ready to go
[2026-05-21 21:58:53.919] AUTO-DISENGAGE: gear left Park (now D)
[2026-05-21 21:58:53.920] Husby was here, and we are ready to go
[2026-05-21 21:58:53.935] AUTO-DISENGAGE: gear left Park (now D)
[2026-05-21 21:58:53.936] Husby was here, and we are ready to go
[2026-05-21 21:58:53.954] AUTO-DISENGAGE: gear left Park (now D)
[2026-05-21 21:58:53.954] Husby was here, and we are ready to go
[2026-05-21 21:58:53.976] AUTO-DISENGAGE: gear left Park (now D)
[2026-05-21 21:58:53.976] Husby was here, and we are ready to go
[2026-05-21 21:58:53.996] AUTO-DISENGAGE: gear left Park (now D)
[2026-05-21 21:58:53.996] Husby was here, and we are ready to go
[2026-05-21 21:58:54.014] AUTO-DISENGAGE: gear left Park (now D)
[2026-05-21 21:58:54.015] Husby was here, and we are ready to go
[2026-05-21 21:58:54.019] AUTO-DISENGAGE: gear left Park (now D)
[2026-05-21 21:58:54.020] Husby was here, and we are ready to go
[2026-05-21 21:58:54.034] AUTO-DISENGAGE: gear left Park (now D)
[2026-05-21 21:58:54.034] Husby was here, and we are ready to go
[2026-05-21 21:58:54.053] AUTO-DISENGAGE: gear left Park (now D)
[2026-05-21 21:58:54.053] Husby was here, and we are ready to go
[2026-05-21 21:58:54.074] AUTO-DISENGAGE: gear left Park (now D)
[2026-05-21 21:58:54.074] Husby was here, and we are ready to go
[2026-05-21 21:58:54.092] AUTO-DISENGAGE: gear left Park (now D)
[2026-05-21 21:58:54.093] Husby was here, and we are ready to go
[2026-05-21 21:58:54.113] AUTO-DISENGAGE: gear left Park (now D)
[2026-05-21 21:58:54.113] Husby was here, and we are ready to go
[2026-05-21 21:58:54.119] AUTO-DISENGAGE: gear left Park (now D)
[2026-05-21 21:58:54.119] Husby was here, and we are ready to go
[2026-05-21 21:58:54.133] AUTO-DISENGAGE: gear left Park (now D)
[2026-05-21 21:58:54.133] Husby was here, and we are ready to go
[2026-05-21 21:58:54.156] AUTO-DISENGAGE: gear left Park (now D)
[2026-05-21 21:58:54.156] Husby was here, and we are ready to go
[2026-05-21 21:58:54.175] AUTO-DISENGAGE: gear left Park (now D)
[2026-05-21 21:58:54.176] Husby was here, and we are ready to go
[2026-05-21 21:58:54.196] AUTO-DISENGAGE: gear left Park (now D)
[2026-05-21 21:58:54.196] Husby was here, and we are ready to go
[2026-05-21 21:58:54.213] AUTO-DISENGAGE: gear left Park (now D)
[2026-05-21 21:58:54.214] Husby was here, and we are ready to go
[2026-05-21 21:58:54.219] AUTO-DISENGAGE: gear left Park (now D)
[2026-05-21 21:58:54.219] Husby was here, and we are ready to go
[2026-05-21 21:58:54.234] AUTO-DISENGAGE: gear left Park (now D)
[2026-05-21 21:58:54.234] Husby was here, and we are ready to go
[2026-05-21 21:58:54.253] AUTO-DISENGAGE: gear left Park (now D)
[2026-05-21 21:58:54.253] Husby was here, and we are ready to go
[2026-05-21 21:58:54.274] AUTO-DISENGAGE: gear left Park (now D)
[2026-05-21 21:58:54.274] Husby was here, and we are ready to go
[2026-05-21 21:58:54.293] AUTO-DISENGAGE: gear left Park (now D)
[2026-05-21 21:58:54.293] Husby was here, and we are ready to go
[2026-05-21 21:58:54.316] AUTO-DISENGAGE: gear left Park (now D)
[2026-05-21 21:58:54.316] Husby was here, and we are ready to go
[2026-05-21 21:58:54.319] AUTO-DISENGAGE: gear left Park (now D)
[2026-05-21 21:58:54.319] Husby was here, and we are ready to go
[2026-05-21 21:58:54.334] AUTO-DISENGAGE: gear left Park (now D)
[2026-05-21 21:58:54.334] Husby was here, and we are ready to go
[2026-05-21 21:58:54.353] AUTO-DISENGAGE: gear left Park (now D)
[2026-05-21 21:58:54.353] Husby was here, and we are ready to go
[2026-05-21 21:58:54.376] AUTO-DISENGAGE: gear left Park (now D)
[2026-05-21 21:58:54.376] Husby was here, and we are ready to go
[2026-05-21 21:58:54.395] AUTO-DISENGAGE: gear left Park (now D)
[2026-05-21 21:58:54.396] Husby was here, and we are ready to go
[2026-05-21 21:58:54.415] AUTO-DISENGAGE: gear left Park (now D)
[2026-05-21 21:58:54.416] Husby was here, and we are ready to go
[2026-05-21 21:58:54.419] AUTO-DISENGAGE: gear left Park (now D)
[2026-05-21 21:58:54.420] Husby was here, and we are ready to go
[2026-05-21 21:58:54.434] AUTO-DISENGAGE: gear left Park (now D)
[2026-05-21 21:58:54.435] Husby was here, and we are ready to go
[2026-05-21 21:58:54.453] AUTO-DISENGAGE: gear left Park (now D)
[2026-05-21 21:58:54.454] Husby was here, and we are ready to go
[2026-05-21 21:58:54.475] AUTO-DISENGAGE: gear left Park (now D)
[2026-05-21 21:58:54.475] Husby was here, and we are ready to go
[2026-05-21 21:58:54.494] AUTO-DISENGAGE: gear left Park (now D)
[2026-05-21 21:58:54.494] Husby was here, and we are ready to go
[2026-05-21 21:58:54.515] AUTO-DISENGAGE: gear left Park (now D)
[2026-05-21 21:58:54.515] Husby was here, and we are ready to go
[2026-05-21 21:58:54.519] AUTO-DISENGAGE: gear left Park (now D)
[2026-05-21 21:58:54.520] Husby was here, and we are ready to go
[2026-05-21 21:58:54.536] AUTO-DISENGAGE: gear left Park (now D)
[2026-05-21 21:58:54.536] Husby was here, and we are ready to go
[2026-05-21 21:58:54.553] AUTO-DISENGAGE: gear left Park (now D)
[2026-05-21 21:58:54.554] Husby was here, and we are ready to go
[2026-05-21 21:58:54.573] AUTO-DISENGAGE: gear left Park (now D)
[2026-05-21 21:58:54.573] Husby was here, and we are ready to go
[2026-05-21 21:58:54.594] AUTO-DISENGAGE: gear left Park (now D)
[2026-05-21 21:58:54.594] Husby was here, and we are ready to go
[2026-05-21 21:58:54.613] AUTO-DISENGAGE: gear left Park (now D)
[2026-05-21 21:58:54.613] Husby was here, and we are ready to go
[2026-05-21 21:58:54.619] AUTO-DISENGAGE: gear left Park (now D)
[2026-05-21 21:58:54.620] Husby was here, and we are ready to go
[2026-05-21 21:58:54.636] AUTO-DISENGAGE: gear left Park (now D)
[2026-05-21 21:58:54.636] Husby was here, and we are ready to go
[2026-05-21 21:58:54.655] AUTO-DISENGAGE: gear left Park (now D)
[2026-05-21 21:58:54.656] Husby was here, and we are ready to go
[2026-05-21 21:58:54.674] AUTO-DISENGAGE: gear left Park (now D)
[2026-05-21 21:58:54.675] Husby was here, and we are ready to go
[2026-05-21 21:58:54.693] AUTO-DISENGAGE: gear left Park (now D)
[2026-05-21 21:58:54.693] Husby was here, and we are ready to go
[2026-05-21 21:58:54.716] AUTO-DISENGAGE: gear left Park (now D)
[2026-05-21 21:58:54.716] Husby was here, and we are ready to go
[2026-05-21 21:58:54.719] AUTO-DISENGAGE: gear left Park (now D)
[2026-05-21 21:58:54.719] Husby was here, and we are ready to go
[2026-05-21 21:58:54.735] AUTO-DISENGAGE: gear left Park (now D)
[2026-05-21 21:58:54.735] Husby was here, and we are ready to go
[2026-05-21 21:58:54.753] AUTO-DISENGAGE: gear left Park (now D)
[2026-05-21 21:58:54.753] Husby was here, and we are ready to go
[2026-05-21 21:58:54.774] AUTO-DISENGAGE: gear left Park (now D)
[2026-05-21 21:58:54.774] Husby was here, and we are ready to go
[2026-05-21 21:58:54.794] AUTO-DISENGAGE: gear left Park (now D)
[2026-05-21 21:58:54.794] Husby was here, and we are ready to go
[2026-05-21 21:58:54.813] AUTO-DISENGAGE: gear left Park (now D)
[2026-05-21 21:58:54.813] Husby was here, and we are ready to go
[2026-05-21 21:58:54.819] AUTO-DISENGAGE: gear left Park (now D)
[2026-05-21 21:58:54.820] Husby was here, and we are ready to go
[2026-05-21 21:58:54.834] AUTO-DISENGAGE: gear left Park (now D)
[2026-05-21 21:58:54.834] Husby was here, and we are ready to go
[2026-05-21 21:58:54.852] AUTO-DISENGAGE: gear left Park (now D)
[2026-05-21 21:58:54.852] Husby was here, and we are ready to go
[2026-05-21 21:58:54.872] AUTO-DISENGAGE: gear left Park (now D)
[2026-05-21 21:58:54.872] Husby was here, and we are ready to go
[2026-05-21 21:58:54.892] AUTO-DISENGAGE: gear left Park (now D)
[2026-05-21 21:58:54.892] Husby was here, and we are ready to go
[2026-05-21 21:58:54.915] AUTO-DISENGAGE: gear left Park (now D)
[2026-05-21 21:58:54.915] Husby was here, and we are ready to go
[2026-05-21 21:58:54.919] AUTO-DISENGAGE: gear left Park (now D)
[2026-05-21 21:58:54.919] Husby was here, and we are ready to go
[2026-05-21 21:58:54.935] AUTO-DISENGAGE: gear left Park (now D)
[2026-05-21 21:58:54.935] Husby was here, and we are ready to go
[2026-05-21 21:58:54.953] AUTO-DISENGAGE: gear left Park (now D)
[2026-05-21 21:58:54.953] Husby was here, and we are ready to go
[2026-05-21 21:58:54.974] AUTO-DISENGAGE: gear left Park (now D)
[2026-05-21 21:58:54.974] Husby was here, and we are ready to go
[2026-05-21 21:58:54.996] AUTO-DISENGAGE: gear left Park (now D)
[2026-05-21 21:58:54.997] Husby was here, and we are ready to go
[2026-05-21 21:58:55.016] AUTO-DISENGAGE: gear left Park (now D)
[2026-05-21 21:58:55.016] Husby was here, and we are ready to go
[2026-05-21 21:58:55.020] AUTO-DISENGAGE: gear left Park (now D)
[2026-05-21 21:58:55.020] Husby was here, and we are ready to go
[2026-05-21 21:58:55.037] AUTO-DISENGAGE: gear left Park (now D)
[2026-05-21 21:58:55.038] Husby was here, and we are ready to go
[2026-05-21 21:58:55.055] AUTO-DISENGAGE: gear left Park (now D)
[2026-05-21 21:58:55.056] Husby was here, and we are ready to go
[2026-05-21 21:58:55.076] AUTO-DISENGAGE: gear left Park (now D)
[2026-05-21 21:58:55.077] Husby was here, and we are ready to go
[2026-05-21 21:58:55.094] AUTO-DISENGAGE: gear left Park (now D)
[2026-05-21 21:58:55.095] Husby was here, and we are ready to go
[2026-05-21 21:58:55.113] AUTO-DISENGAGE: gear left Park (now D)
[2026-05-21 21:58:55.113] Husby was here, and we are ready to go
[2026-05-21 21:58:55.120] AUTO-DISENGAGE: gear left Park (now D)
[2026-05-21 21:58:55.120] Husby was here, and we are ready to go
[2026-05-21 21:58:55.134] AUTO-DISENGAGE: gear left Park (now D)
[2026-05-21 21:58:55.134] Husby was here, and we are ready to go
[2026-05-21 21:58:55.154] AUTO-DISENGAGE: gear left Park (now D)
[2026-05-21 21:58:55.154] Husby was here, and we are ready to go
[2026-05-21 21:58:55.173] AUTO-DISENGAGE: gear left Park (now D)
[2026-05-21 21:58:55.174] Husby was here, and we are ready to go
[2026-05-21 21:58:55.193] AUTO-DISENGAGE: gear left Park (now D)
[2026-05-21 21:58:55.193] Husby was here, and we are ready to go
[2026-05-21 21:58:55.214] AUTO-DISENGAGE: gear left Park (now D)
[2026-05-21 21:58:55.214] Husby was here, and we are ready to go
[2026-05-21 21:58:55.220] AUTO-DISENGAGE: gear left Park (now D)
[2026-05-21 21:58:55.220] Husby was here, and we are ready to go
[2026-05-21 21:58:55.235] AUTO-DISENGAGE: gear left Park (now D)
[2026-05-21 21:58:55.235] Husby was here, and we are ready to go
[2026-05-21 21:58:55.254] AUTO-DISENGAGE: gear left Park (now D)
[2026-05-21 21:58:55.254] Husby was here, and we are ready to go
[2026-05-21 21:58:55.274] AUTO-DISENGAGE: gear left Park (now D)
[2026-05-21 21:58:55.274] Husby was here, and we are ready to go
[2026-05-21 21:58:55.293] AUTO-DISENGAGE: gear left Park (now D)
[2026-05-21 21:58:55.293] Husby was here, and we are ready to go
[2026-05-21 21:58:55.314] AUTO-DISENGAGE: gear left Park (now D)
[2026-05-21 21:58:55.314] Husby was here, and we are ready to go
[2026-05-21 21:58:55.319] AUTO-DISENGAGE: gear left Park (now D)
[2026-05-21 21:58:55.319] Husby was here, and we are ready to go
[2026-05-21 21:58:55.335] AUTO-DISENGAGE: gear left Park (now D)
[2026-05-21 21:58:55.335] Husby was here, and we are ready to go
[2026-05-21 21:58:55.353] AUTO-DISENGAGE: gear left Park (now D)
[2026-05-21 21:58:55.353] Husby was here, and we are ready to go
[2026-05-21 21:58:55.373] AUTO-DISENGAGE: gear left Park (now D)
[2026-05-21 21:58:55.373] Husby was here, and we are ready to go
[2026-05-21 21:58:55.393] AUTO-DISENGAGE: gear left Park (now D)
[2026-05-21 21:58:55.393] Husby was here, and we are ready to go
[2026-05-21 21:58:55.416] AUTO-DISENGAGE: gear left Park (now D)
[2026-05-21 21:58:55.416] Husby was here, and we are ready to go
[2026-05-21 21:58:55.419] AUTO-DISENGAGE: gear left Park (now D)
[2026-05-21 21:58:55.420] Husby was here, and we are ready to go
[2026-05-21 21:58:55.436] AUTO-DISENGAGE: gear left Park (now D)
[2026-05-21 21:58:55.436] Husby was here, and we are ready to go
[2026-05-21 21:58:55.456] AUTO-DISENGAGE: gear left Park (now D)
[2026-05-21 21:58:55.456] Husby was here, and we are ready to go
[2026-05-21 21:58:55.474] AUTO-DISENGAGE: gear left Park (now D)
[2026-05-21 21:58:55.474] Husby was here, and we are ready to go
[2026-05-21 21:58:55.493] AUTO-DISENGAGE: gear left Park (now D)
[2026-05-21 21:58:55.493] Husby was here, and we are ready to go
[2026-05-21 21:58:55.514] AUTO-DISENGAGE: gear left Park (now D)
[2026-05-21 21:58:55.515] Husby was here, and we are ready to go
[2026-05-21 21:58:55.519] AUTO-DISENGAGE: gear left Park (now D)
[2026-05-21 21:58:55.519] Husby was here, and we are ready to go
[2026-05-21 21:58:55.536] AUTO-DISENGAGE: gear left Park (now D)
[2026-05-21 21:58:55.536] Husby was here, and we are ready to go
[2026-05-21 21:58:55.555] AUTO-DISENGAGE: gear left Park (now D)
[2026-05-21 21:58:55.556] Husby was here, and we are ready to go
[2026-05-21 21:58:55.575] AUTO-DISENGAGE: gear left Park (now D)
[2026-05-21 21:58:55.575] Husby was here, and we are ready to go
[2026-05-21 21:58:55.592] AUTO-DISENGAGE: gear left Park (now D)
[2026-05-21 21:58:55.593] Husby was here, and we are ready to go
[2026-05-21 21:58:55.613] AUTO-DISENGAGE: gear left Park (now D)
[2026-05-21 21:58:55.613] Husby was here, and we are ready to go
[2026-05-21 21:58:55.619] AUTO-DISENGAGE: gear left Park (now D)
[2026-05-21 21:58:55.619] Husby was here, and we are ready to go
[2026-05-21 21:58:55.633] AUTO-DISENGAGE: gear left Park (now D)
[2026-05-21 21:58:55.633] Husby was here, and we are ready to go
[2026-05-21 21:58:55.653] AUTO-DISENGAGE: gear left Park (now D)
[2026-05-21 21:58:55.653] Husby was here, and we are ready to go
[2026-05-21 21:58:55.673] AUTO-DISENGAGE: gear left Park (now D)
[2026-05-21 21:58:55.673] Husby was here, and we are ready to go
[2026-05-21 21:58:55.693] AUTO-DISENGAGE: gear left Park (now D)
[2026-05-21 21:58:55.693] Husby was here, and we are ready to go
[2026-05-21 21:58:55.713] AUTO-DISENGAGE: gear left Park (now D)
[2026-05-21 21:58:55.713] Husby was here, and we are ready to go
[2026-05-21 21:58:55.719] AUTO-DISENGAGE: gear left Park (now D)
[2026-05-21 21:58:55.719] Husby was here, and we are ready to go
[2026-05-21 21:58:55.735] AUTO-DISENGAGE: gear left Park (now D)
[2026-05-21 21:58:55.735] Husby was here, and we are ready to go
[2026-05-21 21:58:55.753] AUTO-DISENGAGE: gear left Park (now D)
[2026-05-21 21:58:55.753] Husby was here, and we are ready to go
[2026-05-21 21:58:55.775] AUTO-DISENGAGE: gear left Park (now D)
[2026-05-21 21:58:55.776] Husby was here, and we are ready to go
[2026-05-21 21:58:55.794] AUTO-DISENGAGE: gear left Park (now D)
[2026-05-21 21:58:55.795] Husby was here, and we are ready to go
[2026-05-21 21:58:55.815] AUTO-DISENGAGE: gear left Park (now D)
[2026-05-21 21:58:55.815] Husby was here, and we are ready to go
[2026-05-21 21:58:55.819] AUTO-DISENGAGE: gear left Park (now D)
[2026-05-21 21:58:55.819] Husby was here, and we are ready to go
[2026-05-21 21:58:55.833] AUTO-DISENGAGE: gear left Park (now D)
[2026-05-21 21:58:55.833] Husby was here, and we are ready to go
[2026-05-21 21:58:55.853] AUTO-DISENGAGE: gear left Park (now D)
[2026-05-21 21:58:55.853] Husby was here, and we are ready to go
[2026-05-21 21:58:55.876] AUTO-DISENGAGE: gear left Park (now D)
[2026-05-21 21:58:55.876] Husby was here, and we are ready to go
[2026-05-21 21:58:55.893] AUTO-DISENGAGE: gear left Park (now D)
[2026-05-21 21:58:55.893] Husby was here, and we are ready to go
[2026-05-21 21:58:55.914] AUTO-DISENGAGE: gear left Park (now D)
[2026-05-21 21:58:55.914] Husby was here, and we are ready to go
[2026-05-21 21:58:55.920] AUTO-DISENGAGE: gear left Park (now D)
[2026-05-21 21:58:55.920] Husby was here, and we are ready to go
[2026-05-21 21:58:55.936] AUTO-DISENGAGE: gear left Park (now D)
[2026-05-21 21:58:55.936] Husby was here, and we are ready to go
[2026-05-21 21:58:55.956] AUTO-DISENGAGE: gear left Park (now D)
[2026-05-21 21:58:55.956] Husby was here, and we are ready to go
[2026-05-21 21:58:55.975] AUTO-DISENGAGE: gear left Park (now D)
[2026-05-21 21:58:55.976] Husby was here, and we are ready to go
[2026-05-21 21:58:55.995] AUTO-DISENGAGE: gear left Park (now D)
[2026-05-21 21:58:55.995] Husby was here, and we are ready to go
[2026-05-21 21:58:56.015] AUTO-DISENGAGE: gear left Park (now D)
[2026-05-21 21:58:56.015] Husby was here, and we are ready to go
[2026-05-21 21:58:56.019] AUTO-DISENGAGE: gear left Park (now D)
[2026-05-21 21:58:56.019] Husby was here, and we are ready to go
[2026-05-21 21:58:56.035] AUTO-DISENGAGE: gear left Park (now D)
[2026-05-21 21:58:56.035] Husby was here, and we are ready to go
[2026-05-21 21:58:56.053] AUTO-DISENGAGE: gear left Park (now D)
[2026-05-21 21:58:56.053] Husby was here, and we are ready to go
[2026-05-21 21:58:56.074] AUTO-DISENGAGE: gear left Park (now D)
[2026-05-21 21:58:56.074] Husby was here, and we are ready to go
[2026-05-21 21:58:56.093] AUTO-DISENGAGE: gear left Park (now D)
[2026-05-21 21:58:56.093] Husby was here, and we are ready to go
[2026-05-21 21:58:56.114] AUTO-DISENGAGE: gear left Park (now D)
[2026-05-21 21:58:56.114] Husby was here, and we are ready to go
[2026-05-21 21:58:56.119] AUTO-DISENGAGE: gear left Park (now D)
[2026-05-21 21:58:56.120] Husby was here, and we are ready to go
[2026-05-21 21:58:56.134] AUTO-DISENGAGE: gear left Park (now D)
[2026-05-21 21:58:56.134] Husby was here, and we are ready to go
[2026-05-21 21:58:56.153] AUTO-DISENGAGE: gear left Park (now D)
[2026-05-21 21:58:56.153] Husby was here, and we are ready to go
[2026-05-21 21:58:56.174] AUTO-DISENGAGE: gear left Park (now D)
[2026-05-21 21:58:56.175] Husby was here, and we are ready to go
[2026-05-21 21:58:56.194] AUTO-DISENGAGE: gear left Park (now D)
[2026-05-21 21:58:56.194] Husby was here, and we are ready to go
[2026-05-21 21:58:56.213] AUTO-DISENGAGE: gear left Park (now D)
[2026-05-21 21:58:56.213] Husby was here, and we are ready to go
[2026-05-21 21:58:56.220] AUTO-DISENGAGE: gear left Park (now D)
[2026-05-21 21:58:56.220] Husby was here, and we are ready to go
[2026-05-21 21:58:56.233] AUTO-DISENGAGE: gear left Park (now D)
[2026-05-21 21:58:56.233] Husby was here, and we are ready to go
[2026-05-21 21:58:56.254] AUTO-DISENGAGE: gear left Park (now D)
[2026-05-21 21:58:56.254] Husby was here, and we are ready to go
[2026-05-21 21:58:56.274] AUTO-DISENGAGE: gear left Park (now D)
[2026-05-21 21:58:56.274] Husby was here, and we are ready to go
[2026-05-21 21:58:56.293] AUTO-DISENGAGE: gear left Park (now D)
[2026-05-21 21:58:56.294] Husby was here, and we are ready to go
[2026-05-21 21:58:56.313] AUTO-DISENGAGE: gear left Park (now D)
[2026-05-21 21:58:56.314] Husby was here, and we are ready to go
[2026-05-21 21:58:56.320] AUTO-DISENGAGE: gear left Park (now D)
[2026-05-21 21:58:56.320] Husby was here, and we are ready to go
[2026-05-21 21:58:56.334] AUTO-DISENGAGE: gear left Park (now D)
[2026-05-21 21:58:56.334] Husby was here, and we are ready to go
[2026-05-21 21:58:56.355] AUTO-DISENGAGE: gear left Park (now D)
[2026-05-21 21:58:56.356] Husby was here, and we are ready to go
[2026-05-21 21:58:56.375] AUTO-DISENGAGE: gear left Park (now D)
[2026-05-21 21:58:56.375] Husby was here, and we are ready to go
[2026-05-21 21:58:56.396] AUTO-DISENGAGE: gear left Park (now D)
[2026-05-21 21:58:56.396] Husby was here, and we are ready to go
[2026-05-21 21:58:56.415] AUTO-DISENGAGE: gear left Park (now D)
[2026-05-21 21:58:56.415] Husby was here, and we are ready to go
[2026-05-21 21:58:56.419] AUTO-DISENGAGE: gear left Park (now D)
[2026-05-21 21:58:56.420] Husby was here, and we are ready to go
[2026-05-21 21:58:56.435] AUTO-DISENGAGE: gear left Park (now D)
[2026-05-21 21:58:56.435] Husby was here, and we are ready to go
[2026-05-21 21:58:56.453] AUTO-DISENGAGE: gear left Park (now D)
[2026-05-21 21:58:56.453] Husby was here, and we are ready to go
[2026-05-21 21:58:56.475] AUTO-DISENGAGE: gear left Park (now D)
[2026-05-21 21:58:56.475] Husby was here, and we are ready to go
[2026-05-21 21:58:56.492] AUTO-DISENGAGE: gear left Park (now D)
[2026-05-21 21:58:56.493] Husby was here, and we are ready to go
[2026-05-21 21:58:56.513] AUTO-DISENGAGE: gear left Park (now D)
[2026-05-21 21:58:56.513] Husby was here, and we are ready to go
[2026-05-21 21:58:56.519] AUTO-DISENGAGE: gear left Park (now D)
[2026-05-21 21:58:56.519] Husby was here, and we are ready to go
[2026-05-21 21:58:56.533] AUTO-DISENGAGE: gear left Park (now D)
[2026-05-21 21:58:56.533] Husby was here, and we are ready to go
[2026-05-21 21:58:56.553] AUTO-DISENGAGE: gear left Park (now D)
[2026-05-21 21:58:56.553] Husby was here, and we are ready to go
[2026-05-21 21:58:56.573] AUTO-DISENGAGE: gear left Park (now D)
[2026-05-21 21:58:56.573] Husby was here, and we are ready to go
[2026-05-21 21:58:56.593] AUTO-DISENGAGE: gear left Park (now D)
[2026-05-21 21:58:56.593] Husby was here, and we are ready to go
[2026-05-21 21:58:56.613] AUTO-DISENGAGE: gear left Park (now D)
[2026-05-21 21:58:56.613] Husby was here, and we are ready to go
[2026-05-21 21:58:56.619] AUTO-DISENGAGE: gear left Park (now D)
[2026-05-21 21:58:56.619] Husby was here, and we are ready to go
[2026-05-21 21:58:56.633] AUTO-DISENGAGE: gear left Park (now D)
[2026-05-21 21:58:56.633] Husby was here, and we are ready to go
[2026-05-21 21:58:56.652] AUTO-DISENGAGE: gear left Park (now D)
[2026-05-21 21:58:56.652] Husby was here, and we are ready to go
[2026-05-21 21:58:56.673] AUTO-DISENGAGE: gear left Park (now D)
[2026-05-21 21:58:56.673] Husby was here, and we are ready to go
[2026-05-21 21:58:56.693] AUTO-DISENGAGE: gear left Park (now D)
[2026-05-21 21:58:56.693] Husby was here, and we are ready to go
[2026-05-21 21:58:56.713] AUTO-DISENGAGE: gear left Park (now D)
[2026-05-21 21:58:56.713] Husby was here, and we are ready to go
[2026-05-21 21:58:56.720] AUTO-DISENGAGE: gear left Park (now D)
[2026-05-21 21:58:56.720] Husby was here, and we are ready to go
[2026-05-21 21:58:56.734] AUTO-DISENGAGE: gear left Park (now D)
[2026-05-21 21:58:56.734] Husby was here, and we are ready to go
[2026-05-21 21:58:56.753] AUTO-DISENGAGE: gear left Park (now D)
[2026-05-21 21:58:56.753] Husby was here, and we are ready to go
[2026-05-21 21:58:56.773] AUTO-DISENGAGE: gear left Park (now D)
[2026-05-21 21:58:56.773] Husby was here, and we are ready to go
[2026-05-21 21:58:56.793] AUTO-DISENGAGE: gear left Park (now D)
[2026-05-21 21:58:56.793] Husby was here, and we are ready to go
[2026-05-21 21:58:56.813] AUTO-DISENGAGE: gear left Park (now D)
[2026-05-21 21:58:56.813] Husby was here, and we are ready to go
[2026-05-21 21:58:56.819] AUTO-DISENGAGE: gear left Park (now D)
[2026-05-21 21:58:56.820] Husby was here, and we are ready to go
[2026-05-21 21:58:56.836] AUTO-DISENGAGE: gear left Park (now D)
[2026-05-21 21:58:56.836] Husby was here, and we are ready to go
[2026-05-21 21:58:56.855] AUTO-DISENGAGE: gear left Park (now D)
[2026-05-21 21:58:56.855] Husby was here, and we are ready to go
[2026-05-21 21:58:56.876] AUTO-DISENGAGE: gear left Park (now D)
[2026-05-21 21:58:56.876] Husby was here, and we are ready to go
[2026-05-21 21:58:56.895] AUTO-DISENGAGE: gear left Park (now D)
[2026-05-21 21:58:56.895] Husby was here, and we are ready to go
[2026-05-21 21:58:56.914] AUTO-DISENGAGE: gear left Park (now D)
[2026-05-21 21:58:56.914] Husby was here, and we are ready to go
[2026-05-21 21:58:56.919] AUTO-DISENGAGE: gear left Park (now D)
[2026-05-21 21:58:56.919] Husby was here, and we are ready to go
[2026-05-21 21:58:56.934] AUTO-DISENGAGE: gear left Park (now D)
[2026-05-21 21:58:56.934] Husby was here, and we are ready to go
[2026-05-21 21:58:56.954] AUTO-DISENGAGE: gear left Park (now D)
[2026-05-21 21:58:56.954] Husby was here, and we are ready to go
[2026-05-21 21:58:56.973] AUTO-DISENGAGE: gear left Park (now D)
[2026-05-21 21:58:56.974] Husby was here, and we are ready to go
[2026-05-21 21:58:56.993] AUTO-DISENGAGE: gear left Park (now D)
[2026-05-21 21:58:56.993] Husby was here, and we are ready to go
[2026-05-21 21:58:57.013] AUTO-DISENGAGE: gear left Park (now D)
[2026-05-21 21:58:57.013] Husby was here, and we are ready to go
[2026-05-21 21:58:57.019] AUTO-DISENGAGE: gear left Park (now D)
[2026-05-21 21:58:57.019] Husby was here, and we are ready to go
[2026-05-21 21:58:57.033] AUTO-DISENGAGE: gear left Park (now D)
[2026-05-21 21:58:57.033] Husby was here, and we are ready to go
[2026-05-21 21:58:57.053] AUTO-DISENGAGE: gear left Park (now D)
[2026-05-21 21:58:57.053] Husby was here, and we are ready to go
[2026-05-21 21:58:57.075] AUTO-DISENGAGE: gear left Park (now D)
[2026-05-21 21:58:57.075] Husby was here, and we are ready to go
[2026-05-21 21:58:57.095] AUTO-DISENGAGE: gear left Park (now D)
[2026-05-21 21:58:57.095] Husby was here, and we are ready to go
[2026-05-21 21:58:57.116] AUTO-DISENGAGE: gear left Park (now D)
[2026-05-21 21:58:57.117] Husby was here, and we are ready to go
[2026-05-21 21:58:57.119] AUTO-DISENGAGE: gear left Park (now D)
[2026-05-21 21:58:57.119] Husby was here, and we are ready to go
[2026-05-21 21:58:57.135] AUTO-DISENGAGE: gear left Park (now D)
[2026-05-21 21:58:57.136] Husby was here, and we are ready to go
[2026-05-21 21:58:57.153] AUTO-DISENGAGE: gear left Park (now D)
[2026-05-21 21:58:57.153] Husby was here, and we are ready to go
[2026-05-21 21:58:57.173] AUTO-DISENGAGE: gear left Park (now D)
[2026-05-21 21:58:57.173] Husby was here, and we are ready to go
[2026-05-21 21:58:57.193] AUTO-DISENGAGE: gear left Park (now D)
[2026-05-21 21:58:57.194] Husby was here, and we are ready to go
[2026-05-21 21:58:57.214] AUTO-DISENGAGE: gear left Park (now D)
[2026-05-21 21:58:57.214] Husby was here, and we are ready to go
[2026-05-21 21:58:57.219] AUTO-DISENGAGE: gear left Park (now D)
[2026-05-21 21:58:57.219] Husby was here, and we are ready to go
[2026-05-21 21:58:57.234] AUTO-DISENGAGE: gear left Park (now D)
[2026-05-21 21:58:57.234] Husby was here, and we are ready to go
[2026-05-21 21:58:57.253] AUTO-DISENGAGE: gear left Park (now D)
[2026-05-21 21:58:57.253] Husby was here, and we are ready to go
[2026-05-21 21:58:57.276] AUTO-DISENGAGE: gear left Park (now D)
[2026-05-21 21:58:57.276] Husby was here, and we are ready to go
[2026-05-21 21:58:57.295] AUTO-DISENGAGE: gear left Park (now D)
[2026-05-21 21:58:57.295] Husby was here, and we are ready to go
[2026-05-21 21:58:57.316] AUTO-DISENGAGE: gear left Park (now D)
[2026-05-21 21:58:57.317] Husby was here, and we are ready to go
[2026-05-21 21:58:57.319] AUTO-DISENGAGE: gear left Park (now D)
[2026-05-21 21:58:57.319] Husby was here, and we are ready to go
[2026-05-21 21:58:57.335] AUTO-DISENGAGE: gear left Park (now D)
[2026-05-21 21:58:57.336] Husby was here, and we are ready to go
[2026-05-21 21:58:57.354] AUTO-DISENGAGE: gear left Park (now D)
[2026-05-21 21:58:57.355] Husby was here, and we are ready to go
[2026-05-21 21:58:57.375] AUTO-DISENGAGE: gear left Park (now D)
[2026-05-21 21:58:57.376] Husby was here, and we are ready to go
[2026-05-21 21:58:57.395] AUTO-DISENGAGE: gear left Park (now D)
[2026-05-21 21:58:57.396] Husby was here, and we are ready to go
[2026-05-21 21:58:57.414] AUTO-DISENGAGE: gear left Park (now D)
[2026-05-21 21:58:57.415] Husby was here, and we are ready to go
[2026-05-21 21:58:57.419] AUTO-DISENGAGE: gear left Park (now D)
[2026-05-21 21:58:57.419] Husby was here, and we are ready to go
[2026-05-21 21:58:57.433] AUTO-DISENGAGE: gear left Park (now D)
[2026-05-21 21:58:57.433] Husby was here, and we are ready to go
[2026-05-21 21:58:57.453] AUTO-DISENGAGE: gear left Park (now D)
[2026-05-21 21:58:57.453] Husby was here, and we are ready to go
[2026-05-21 21:58:57.474] AUTO-DISENGAGE: gear left Park (now D)
[2026-05-21 21:58:57.475] Husby was here, and we are ready to go
[2026-05-21 21:58:57.494] AUTO-DISENGAGE: gear left Park (now D)
[2026-05-21 21:58:57.494] Husby was here, and we are ready to go
[2026-05-21 21:58:57.514] AUTO-DISENGAGE: gear left Park (now D)
[2026-05-21 21:58:57.514] Husby was here, and we are ready to go
[2026-05-21 21:58:57.519] AUTO-DISENGAGE: gear left Park (now D)
[2026-05-21 21:58:57.519] Husby was here, and we are ready to go
[2026-05-21 21:58:57.534] AUTO-DISENGAGE: gear left Park (now D)
[2026-05-21 21:58:57.534] Husby was here, and we are ready to go
[2026-05-21 21:58:57.553] AUTO-DISENGAGE: gear left Park (now D)
[2026-05-21 21:58:57.553] Husby was here, and we are ready to go
[2026-05-21 21:58:57.575] AUTO-DISENGAGE: gear left Park (now D)
[2026-05-21 21:58:57.575] Husby was here, and we are ready to go
[2026-05-21 21:58:57.595] AUTO-DISENGAGE: gear left Park (now D)
[2026-05-21 21:58:57.595] Husby was here, and we are ready to go
[2026-05-21 21:58:57.616] AUTO-DISENGAGE: gear left Park (now D)
[2026-05-21 21:58:57.617] Husby was here, and we are ready to go
[2026-05-21 21:58:57.619] AUTO-DISENGAGE: gear left Park (now D)
[2026-05-21 21:58:57.620] Husby was here, and we are ready to go
[2026-05-21 21:58:57.636] AUTO-DISENGAGE: gear left Park (now D)
[2026-05-21 21:58:57.636] Husby was here, and we are ready to go
[2026-05-21 21:58:57.654] AUTO-DISENGAGE: gear left Park (now D)
[2026-05-21 21:58:57.654] Husby was here, and we are ready to go
[2026-05-21 21:58:57.674] AUTO-DISENGAGE: gear left Park (now D)
[2026-05-21 21:58:57.674] Husby was here, and we are ready to go
[2026-05-21 21:58:57.693] AUTO-DISENGAGE: gear left Park (now D)
[2026-05-21 21:58:57.693] Husby was here, and we are ready to go
[2026-05-21 21:58:57.713] AUTO-DISENGAGE: gear left Park (now D)
[2026-05-21 21:58:57.713] Husby was here, and we are ready to go
[2026-05-21 21:58:57.719] AUTO-DISENGAGE: gear left Park (now D)
[2026-05-21 21:58:57.719] Husby was here, and we are ready to go
[2026-05-21 21:58:57.734] AUTO-DISENGAGE: gear left Park (now D)
[2026-05-21 21:58:57.734] Husby was here, and we are ready to go
[2026-05-21 21:58:57.753] AUTO-DISENGAGE: gear left Park (now D)
[2026-05-21 21:58:57.753] Husby was here, and we are ready to go
[2026-05-21 21:58:57.773] AUTO-DISENGAGE: gear left Park (now D)
[2026-05-21 21:58:57.773] Husby was here, and we are ready to go
[2026-05-21 21:58:57.793] AUTO-DISENGAGE: gear left Park (now D)
[2026-05-21 21:58:57.793] Husby was here, and we are ready to go
[2026-05-21 21:58:57.813] AUTO-DISENGAGE: gear left Park (now D)
[2026-05-21 21:58:57.813] Husby was here, and we are ready to go
[2026-05-21 21:58:57.819] AUTO-DISENGAGE: gear left Park (now D)
[2026-05-21 21:58:57.819] Husby was here, and we are ready to go
[2026-05-21 21:58:57.833] AUTO-DISENGAGE: gear left Park (now D)
[2026-05-21 21:58:57.833] Husby was here, and we are ready to go
[2026-05-21 21:58:57.853] AUTO-DISENGAGE: gear left Park (now D)
[2026-05-21 21:58:57.853] Husby was here, and we are ready to go
[2026-05-21 21:58:57.875] AUTO-DISENGAGE: gear left Park (now D)
[2026-05-21 21:58:57.876] Husby was here, and we are ready to go
[2026-05-21 21:58:57.894] AUTO-DISENGAGE: gear left Park (now D)
[2026-05-21 21:58:57.895] Husby was here, and we are ready to go
[2026-05-21 21:58:57.916] AUTO-DISENGAGE: gear left Park (now D)
[2026-05-21 21:58:57.917] Husby was here, and we are ready to go
[2026-05-21 21:58:57.919] AUTO-DISENGAGE: gear left Park (now D)
[2026-05-21 21:58:57.919] Husby was here, and we are ready to go
[2026-05-21 21:58:57.936] AUTO-DISENGAGE: gear left Park (now D)
[2026-05-21 21:58:57.936] Husby was here, and we are ready to go
[2026-05-21 21:58:57.954] AUTO-DISENGAGE: gear left Park (now D)
[2026-05-21 21:58:57.954] Husby was here, and we are ready to go
[2026-05-21 21:58:57.976] AUTO-DISENGAGE: gear left Park (now D)
[2026-05-21 21:58:57.976] Husby was here, and we are ready to go
[2026-05-21 21:58:57.995] AUTO-DISENGAGE: gear left Park (now D)
[2026-05-21 21:58:57.996] Husby was here, and we are ready to go
[2026-05-21 21:58:58.016] AUTO-DISENGAGE: gear left Park (now D)
[2026-05-21 21:58:58.016] Husby was here, and we are ready to go
[2026-05-21 21:58:58.019] AUTO-DISENGAGE: gear left Park (now D)
[2026-05-21 21:58:58.019] Husby was here, and we are ready to go
[2026-05-21 21:58:58.035] AUTO-DISENGAGE: gear left Park (now D)
[2026-05-21 21:58:58.036] Husby was here, and we are ready to go
[2026-05-21 21:58:58.053] AUTO-DISENGAGE: gear left Park (now D)
[2026-05-21 21:58:58.054] Husby was here, and we are ready to go
[2026-05-21 21:58:58.075] AUTO-DISENGAGE: gear left Park (now D)
[2026-05-21 21:58:58.076] Husby was here, and we are ready to go
[2026-05-21 21:58:58.094] AUTO-DISENGAGE: gear left Park (now D)
[2026-05-21 21:58:58.095] Husby was here, and we are ready to go
[2026-05-21 21:58:58.116] AUTO-DISENGAGE: gear left Park (now D)
[2026-05-21 21:58:58.116] Husby was here, and we are ready to go
[2026-05-21 21:58:58.119] AUTO-DISENGAGE: gear left Park (now D)
[2026-05-21 21:58:58.119] Husby was here, and we are ready to go
[2026-05-21 21:58:58.136] AUTO-DISENGAGE: gear left Park (now D)
[2026-05-21 21:58:58.137] Husby was here, and we are ready to go
[2026-05-21 21:58:58.155] AUTO-DISENGAGE: gear left Park (now D)
[2026-05-21 21:58:58.155] Husby was here, and we are ready to go
[2026-05-21 21:58:58.173] AUTO-DISENGAGE: gear left Park (now D)
[2026-05-21 21:58:58.173] Husby was here, and we are ready to go
[2026-05-21 21:58:58.193] AUTO-DISENGAGE: gear left Park (now D)
[2026-05-21 21:58:58.193] Husby was here, and we are ready to go
[2026-05-21 21:58:58.213] AUTO-DISENGAGE: gear left Park (now D)
[2026-05-21 21:58:58.213] Husby was here, and we are ready to go
[2026-05-21 21:58:58.219] AUTO-DISENGAGE: gear left Park (now D)
[2026-05-21 21:58:58.219] Husby was here, and we are ready to go
[2026-05-21 21:58:58.235] AUTO-DISENGAGE: gear left Park (now D)
[2026-05-21 21:58:58.235] Husby was here, and we are ready to go
[2026-05-21 21:58:58.253] AUTO-DISENGAGE: gear left Park (now D)
[2026-05-21 21:58:58.253] Husby was here, and we are ready to go
[2026-05-21 21:58:58.274] AUTO-DISENGAGE: gear left Park (now D)
[2026-05-21 21:58:58.274] Husby was here, and we are ready to go
[2026-05-21 21:58:58.295] AUTO-DISENGAGE: gear left Park (now D)
[2026-05-21 21:58:58.295] Husby was here, and we are ready to go
[2026-05-21 21:58:58.316] AUTO-DISENGAGE: gear left Park (now D)
[2026-05-21 21:58:58.316] Husby was here, and we are ready to go
[2026-05-21 21:58:58.319] AUTO-DISENGAGE: gear left Park (now D)
[2026-05-21 21:58:58.319] Husby was here, and we are ready to go
[2026-05-21 21:58:58.336] AUTO-DISENGAGE: gear left Park (now D)
[2026-05-21 21:58:58.337] Husby was here, and we are ready to go
[2026-05-21 21:58:58.356] AUTO-DISENGAGE: gear left Park (now D)
[2026-05-21 21:58:58.356] Husby was here, and we are ready to go
[2026-05-21 21:58:58.374] AUTO-DISENGAGE: gear left Park (now D)
[2026-05-21 21:58:58.374] Husby was here, and we are ready to go
[2026-05-21 21:58:58.396] AUTO-DISENGAGE: gear left Park (now D)
[2026-05-21 21:58:58.396] Husby was here, and we are ready to go
[2026-05-21 21:58:58.413] AUTO-DISENGAGE: gear left Park (now D)
[2026-05-21 21:58:58.413] Husby was here, and we are ready to go
[2026-05-21 21:58:58.419] AUTO-DISENGAGE: gear left Park (now D)
[2026-05-21 21:58:58.419] Husby was here, and we are ready to go
[2026-05-21 21:58:58.433] AUTO-DISENGAGE: gear left Park (now D)
[2026-05-21 21:58:58.433] Husby was here, and we are ready to go
[2026-05-21 21:58:58.453] AUTO-DISENGAGE: gear left Park (now D)
[2026-05-21 21:58:58.453] Husby was here, and we are ready to go
[2026-05-21 21:58:58.473] AUTO-DISENGAGE: gear left Park (now D)
[2026-05-21 21:58:58.473] Husby was here, and we are ready to go
[2026-05-21 21:58:58.493] AUTO-DISENGAGE: gear left Park (now D)
[2026-05-21 21:58:58.493] Husby was here, and we are ready to go
[2026-05-21 21:58:58.515] AUTO-DISENGAGE: gear left Park (now D)
[2026-05-21 21:58:58.516] Husby was here, and we are ready to go
[2026-05-21 21:58:58.519] AUTO-DISENGAGE: gear left Park (now D)
[2026-05-21 21:58:58.519] Husby was here, and we are ready to go
[2026-05-21 21:58:58.537] AUTO-DISENGAGE: gear left Park (now D)
[2026-05-21 21:58:58.537] Husby was here, and we are ready to go
[2026-05-21 21:58:58.556] AUTO-DISENGAGE: gear left Park (now D)
[2026-05-21 21:58:58.556] Husby was here, and we are ready to go
[2026-05-21 21:58:58.576] AUTO-DISENGAGE: gear left Park (now D)
[2026-05-21 21:58:58.576] Husby was here, and we are ready to go
[2026-05-21 21:58:58.593] AUTO-DISENGAGE: gear left Park (now D)
[2026-05-21 21:58:58.593] Husby was here, and we are ready to go
[2026-05-21 21:58:58.614] AUTO-DISENGAGE: gear left Park (now D)
[2026-05-21 21:58:58.615] Husby was here, and we are ready to go
[2026-05-21 21:58:58.619] AUTO-DISENGAGE: gear left Park (now D)
[2026-05-21 21:58:58.619] Husby was here, and we are ready to go
[2026-05-21 21:58:58.634] AUTO-DISENGAGE: gear left Park (now D)
[2026-05-21 21:58:58.635] Husby was here, and we are ready to go
[2026-05-21 21:58:58.654] AUTO-DISENGAGE: gear left Park (now D)
[2026-05-21 21:58:58.655] Husby was here, and we are ready to go
[2026-05-21 21:58:58.675] AUTO-DISENGAGE: gear left Park (now D)
[2026-05-21 21:58:58.676] Husby was here, and we are ready to go
[2026-05-21 21:58:58.695] AUTO-DISENGAGE: gear left Park (now D)
[2026-05-21 21:58:58.695] Husby was here, and we are ready to go
[2026-05-21 21:58:58.716] AUTO-DISENGAGE: gear left Park (now D)
[2026-05-21 21:58:58.716] Husby was here, and we are ready to go
[2026-05-21 21:58:58.719] AUTO-DISENGAGE: gear left Park (now D)
[2026-05-21 21:58:58.719] Husby was here, and we are ready to go
[2026-05-21 21:58:58.737] AUTO-DISENGAGE: gear left Park (now D)
[2026-05-21 21:58:58.738] Husby was here, and we are ready to go
[2026-05-21 21:58:58.755] AUTO-DISENGAGE: gear left Park (now D)
[2026-05-21 21:58:58.755] Husby was here, and we are ready to go
[2026-05-21 21:58:58.773] AUTO-DISENGAGE: gear left Park (now D)
[2026-05-21 21:58:58.773] Husby was here, and we are ready to go
[2026-05-21 21:58:58.794] AUTO-DISENGAGE: gear left Park (now D)
[2026-05-21 21:58:58.794] Husby was here, and we are ready to go
[2026-05-21 21:58:58.815] AUTO-DISENGAGE: gear left Park (now D)
[2026-05-21 21:58:58.815] Husby was here, and we are ready to go
[2026-05-21 21:58:58.819] AUTO-DISENGAGE: gear left Park (now D)
[2026-05-21 21:58:58.819] Husby was here, and we are ready to go
[2026-05-21 21:58:58.833] AUTO-DISENGAGE: gear left Park (now D)
[2026-05-21 21:58:58.833] Husby was here, and we are ready to go
[2026-05-21 21:58:58.853] AUTO-DISENGAGE: gear left Park (now D)
[2026-05-21 21:58:58.853] Husby was here, and we are ready to go
[2026-05-21 21:58:58.874] AUTO-DISENGAGE: gear left Park (now D)
[2026-05-21 21:58:58.874] Husby was here, and we are ready to go
[2026-05-21 21:58:58.893] AUTO-DISENGAGE: gear left Park (now D)
[2026-05-21 21:58:58.893] Husby was here, and we are ready to go
[2026-05-21 21:58:58.913] AUTO-DISENGAGE: gear left Park (now D)
[2026-05-21 21:58:58.913] Husby was here, and we are ready to go
[2026-05-21 21:58:58.919] AUTO-DISENGAGE: gear left Park (now D)
[2026-05-21 21:58:58.919] Husby was here, and we are ready to go
[2026-05-21 21:58:58.933] AUTO-DISENGAGE: gear left Park (now D)
[2026-05-21 21:58:58.933] Husby was here, and we are ready to go
[2026-05-21 21:58:58.953] AUTO-DISENGAGE: gear left Park (now D)
[2026-05-21 21:58:58.953] Husby was here, and we are ready to go
[2026-05-21 21:58:58.973] AUTO-DISENGAGE: gear left Park (now D)
[2026-05-21 21:58:58.973] Husby was here, and we are ready to go
[2026-05-21 21:58:58.993] AUTO-DISENGAGE: gear left Park (now D)
[2026-05-21 21:58:58.993] Husby was here, and we are ready to go
[2026-05-21 21:58:59.013] AUTO-DISENGAGE: gear left Park (now D)
[2026-05-21 21:58:59.013] Husby was here, and we are ready to go
[2026-05-21 21:58:59.019] AUTO-DISENGAGE: gear left Park (now D)
[2026-05-21 21:58:59.019] Husby was here, and we are ready to go
[2026-05-21 21:58:59.033] AUTO-DISENGAGE: gear left Park (now D)
[2026-05-21 21:58:59.033] Husby was here, and we are ready to go
[2026-05-21 21:58:59.056] AUTO-DISENGAGE: gear left Park (now D)
[2026-05-21 21:58:59.056] Husby was here, and we are ready to go
[2026-05-21 21:58:59.075] AUTO-DISENGAGE: gear left Park (now D)
[2026-05-21 21:58:59.075] Husby was here, and we are ready to go
[2026-05-21 21:58:59.093] AUTO-DISENGAGE: gear left Park (now D)
[2026-05-21 21:58:59.094] Husby was here, and we are ready to go
[2026-05-21 21:58:59.115] AUTO-DISENGAGE: gear left Park (now D)
[2026-05-21 21:58:59.115] Husby was here, and we are ready to go
[2026-05-21 21:58:59.119] AUTO-DISENGAGE: gear left Park (now D)
[2026-05-21 21:58:59.119] Husby was here, and we are ready to go
[2026-05-21 21:58:59.136] AUTO-DISENGAGE: gear left Park (now D)
[2026-05-21 21:58:59.137] Husby was here, and we are ready to go
[2026-05-21 21:58:59.155] AUTO-DISENGAGE: gear left Park (now D)
[2026-05-21 21:58:59.155] Husby was here, and we are ready to go
[2026-05-21 21:58:59.176] AUTO-DISENGAGE: gear left Park (now D)
[2026-05-21 21:58:59.176] Husby was here, and we are ready to go
[2026-05-21 21:58:59.195] AUTO-DISENGAGE: gear left Park (now D)
[2026-05-21 21:58:59.196] Husby was here, and we are ready to go
[2026-05-21 21:58:59.215] AUTO-DISENGAGE: gear left Park (now D)
[2026-05-21 21:58:59.215] Husby was here, and we are ready to go
[2026-05-21 21:58:59.219] AUTO-DISENGAGE: gear left Park (now D)
[2026-05-21 21:58:59.219] Husby was here, and we are ready to go
[2026-05-21 21:58:59.233] AUTO-DISENGAGE: gear left Park (now D)
[2026-05-21 21:58:59.234] Husby was here, and we are ready to go
[2026-05-21 21:58:59.253] AUTO-DISENGAGE: gear left Park (now D)
[2026-05-21 21:58:59.254] Husby was here, and we are ready to go
[2026-05-21 21:58:59.275] AUTO-DISENGAGE: gear left Park (now D)
[2026-05-21 21:58:59.275] Husby was here, and we are ready to go
[2026-05-21 21:58:59.293] AUTO-DISENGAGE: gear left Park (now D)
[2026-05-21 21:58:59.293] Husby was here, and we are ready to go
[2026-05-21 21:58:59.313] AUTO-DISENGAGE: gear left Park (now D)
[2026-05-21 21:58:59.313] Husby was here, and we are ready to go
[2026-05-21 21:58:59.319] AUTO-DISENGAGE: gear left Park (now D)
[2026-05-21 21:58:59.319] Husby was here, and we are ready to go
[2026-05-21 21:58:59.333] AUTO-DISENGAGE: gear left Park (now D)
[2026-05-21 21:58:59.333] Husby was here, and we are ready to go
[2026-05-21 21:58:59.357] AUTO-DISENGAGE: gear left Park (now D)
[2026-05-21 21:58:59.357] Husby was here, and we are ready to go
[2026-05-21 21:58:59.376] AUTO-DISENGAGE: gear left Park (now D)
[2026-05-21 21:58:59.376] Husby was here, and we are ready to go
[2026-05-21 21:58:59.396] AUTO-DISENGAGE: gear left Park (now D)
[2026-05-21 21:58:59.396] Husby was here, and we are ready to go
[2026-05-21 21:58:59.415] AUTO-DISENGAGE: gear left Park (now D)
[2026-05-21 21:58:59.415] Husby was here, and we are ready to go
[2026-05-21 21:58:59.419] AUTO-DISENGAGE: gear left Park (now D)
[2026-05-21 21:58:59.420] Husby was here, and we are ready to go
[2026-05-21 21:58:59.434] AUTO-DISENGAGE: gear left Park (now D)
[2026-05-21 21:58:59.434] Husby was here, and we are ready to go
[2026-05-21 21:58:59.453] AUTO-DISENGAGE: gear left Park (now D)
[2026-05-21 21:58:59.454] Husby was here, and we are ready to go
[2026-05-21 21:58:59.475] AUTO-DISENGAGE: gear left Park (now D)
[2026-05-21 21:58:59.475] Husby was here, and we are ready to go
[2026-05-21 21:58:59.494] AUTO-DISENGAGE: gear left Park (now D)
[2026-05-21 21:58:59.494] Husby was here, and we are ready to go
[2026-05-21 21:58:59.514] AUTO-DISENGAGE: gear left Park (now D)
[2026-05-21 21:58:59.514] Husby was here, and we are ready to go
[2026-05-21 21:58:59.519] AUTO-DISENGAGE: gear left Park (now D)
[2026-05-21 21:58:59.519] Husby was here, and we are ready to go
[2026-05-21 21:58:59.533] AUTO-DISENGAGE: gear left Park (now D)
[2026-05-21 21:58:59.533] Husby was here, and we are ready to go
[2026-05-21 21:58:59.553] AUTO-DISENGAGE: gear left Park (now D)
[2026-05-21 21:58:59.553] Husby was here, and we are ready to go
[2026-05-21 21:58:59.573] AUTO-DISENGAGE: gear left Park (now D)
[2026-05-21 21:58:59.573] Husby was here, and we are ready to go
[2026-05-21 21:58:59.593] AUTO-DISENGAGE: gear left Park (now D)
[2026-05-21 21:58:59.593] Husby was here, and we are ready to go
[2026-05-21 21:58:59.613] AUTO-DISENGAGE: gear left Park (now D)
[2026-05-21 21:58:59.613] Husby was here, and we are ready to go
[2026-05-21 21:58:59.619] AUTO-DISENGAGE: gear left Park (now D)
[2026-05-21 21:58:59.619] Husby was here, and we are ready to go
[2026-05-21 21:58:59.633] AUTO-DISENGAGE: gear left Park (now D)
[2026-05-21 21:58:59.633] Husby was here, and we are ready to go
[2026-05-21 21:58:59.653] AUTO-DISENGAGE: gear left Park (now D)
[2026-05-21 21:58:59.653] Husby was here, and we are ready to go
[2026-05-21 21:58:59.673] AUTO-DISENGAGE: gear left Park (now D)
[2026-05-21 21:58:59.673] Husby was here, and we are ready to go
[2026-05-21 21:58:59.693] AUTO-DISENGAGE: gear left Park (now D)
[2026-05-21 21:58:59.693] Husby was here, and we are ready to go
[2026-05-21 21:58:59.713] AUTO-DISENGAGE: gear left Park (now D)
[2026-05-21 21:58:59.713] Husby was here, and we are ready to go
[2026-05-21 21:58:59.719] AUTO-DISENGAGE: gear left Park (now D)
[2026-05-21 21:58:59.719] Husby was here, and we are ready to go
[2026-05-21 21:58:59.734] AUTO-DISENGAGE: gear left Park (now D)
[2026-05-21 21:58:59.734] Husby was here, and we are ready to go
[2026-05-21 21:58:59.753] AUTO-DISENGAGE: gear left Park (now D)
[2026-05-21 21:58:59.753] Husby was here, and we are ready to go
[2026-05-21 21:58:59.773] AUTO-DISENGAGE: gear left Park (now D)
[2026-05-21 21:58:59.773] Husby was here, and we are ready to go
[2026-05-21 21:58:59.793] AUTO-DISENGAGE: gear left Park (now D)
[2026-05-21 21:58:59.793] Husby was here, and we are ready to go
[2026-05-21 21:58:59.813] AUTO-DISENGAGE: gear left Park (now D)
[2026-05-21 21:58:59.813] Husby was here, and we are ready to go
[2026-05-21 21:58:59.819] AUTO-DISENGAGE: gear left Park (now D)
[2026-05-21 21:58:59.819] Husby was here, and we are ready to go
[2026-05-21 21:58:59.833] AUTO-DISENGAGE: gear left Park (now D)
[2026-05-21 21:58:59.833] Husby was here, and we are ready to go
[2026-05-21 21:58:59.854] AUTO-DISENGAGE: gear left Park (now D)
[2026-05-21 21:58:59.854] Husby was here, and we are ready to go
[2026-05-21 21:58:59.875] AUTO-DISENGAGE: gear left Park (now D)
[2026-05-21 21:58:59.876] Husby was here, and we are ready to go
[2026-05-21 21:58:59.895] AUTO-DISENGAGE: gear left Park (now D)
[2026-05-21 21:58:59.896] Husby was here, and we are ready to go
[2026-05-21 21:58:59.914] AUTO-DISENGAGE: gear left Park (now D)
[2026-05-21 21:58:59.914] Husby was here, and we are ready to go
[2026-05-21 21:58:59.920] AUTO-DISENGAGE: gear left Park (now D)
[2026-05-21 21:58:59.920] Husby was here, and we are ready to go
[2026-05-21 21:58:59.934] AUTO-DISENGAGE: gear left Park (now D)
[2026-05-21 21:58:59.934] Husby was here, and we are ready to go
[2026-05-21 21:58:59.955] AUTO-DISENGAGE: gear left Park (now D)
[2026-05-21 21:58:59.955] Husby was here, and we are ready to go
[2026-05-21 21:58:59.975] AUTO-DISENGAGE: gear left Park (now D)
[2026-05-21 21:58:59.975] Husby was here, and we are ready to go
[2026-05-21 21:58:59.994] AUTO-DISENGAGE: gear left Park (now D)
[2026-05-21 21:58:59.994] Husby was here, and we are ready to go
[2026-05-21 21:59:00.015] AUTO-DISENGAGE: gear left Park (now D)
[2026-05-21 21:59:00.015] Husby was here, and we are ready to go
[2026-05-21 21:59:00.019] AUTO-DISENGAGE: gear left Park (now D)
[2026-05-21 21:59:00.020] Husby was here, and we are ready to go
[2026-05-21 21:59:00.033] AUTO-DISENGAGE: gear left Park (now D)
[2026-05-21 21:59:00.033] Husby was here, and we are ready to go
[2026-05-21 21:59:00.053] AUTO-DISENGAGE: gear left Park (now D)
[2026-05-21 21:59:00.053] Husby was here, and we are ready to go
[2026-05-21 21:59:00.073] AUTO-DISENGAGE: gear left Park (now D)
[2026-05-21 21:59:00.073] Husby was here, and we are ready to go
[2026-05-21 21:59:00.094] AUTO-DISENGAGE: gear left Park (now D)
[2026-05-21 21:59:00.094] Husby was here, and we are ready to go
[2026-05-21 21:59:00.115] AUTO-DISENGAGE: gear left Park (now D)
[2026-05-21 21:59:00.115] Husby was here, and we are ready to go
[2026-05-21 21:59:00.119] AUTO-DISENGAGE: gear left Park (now D)
[2026-05-21 21:59:00.119] Husby was here, and we are ready to go
[2026-05-21 21:59:00.133] AUTO-DISENGAGE: gear left Park (now D)
[2026-05-21 21:59:00.133] Husby was here, and we are ready to go
[2026-05-21 21:59:00.153] AUTO-DISENGAGE: gear left Park (now D)
[2026-05-21 21:59:00.153] Husby was here, and we are ready to go
[2026-05-21 21:59:00.173] AUTO-DISENGAGE: gear left Park (now D)
[2026-05-21 21:59:00.174] Husby was here, and we are ready to go
[2026-05-21 21:59:00.193] AUTO-DISENGAGE: gear left Park (now D)
[2026-05-21 21:59:00.193] Husby was here, and we are ready to go
[2026-05-21 21:59:00.213] AUTO-DISENGAGE: gear left Park (now D)
[2026-05-21 21:59:00.213] Husby was here, and we are ready to go
[2026-05-21 21:59:00.219] AUTO-DISENGAGE: gear left Park (now D)
[2026-05-21 21:59:00.219] Husby was here, and we are ready to go
[2026-05-21 21:59:00.233] AUTO-DISENGAGE: gear left Park (now D)
[2026-05-21 21:59:00.233] Husby was here, and we are ready to go
[2026-05-21 21:59:00.255] AUTO-DISENGAGE: gear left Park (now D)
[2026-05-21 21:59:00.256] Husby was here, and we are ready to go
[2026-05-21 21:59:00.275] AUTO-DISENGAGE: gear left Park (now D)
[2026-05-21 21:59:00.275] Husby was here, and we are ready to go
[2026-05-21 21:59:00.293] AUTO-DISENGAGE: gear left Park (now D)
[2026-05-21 21:59:00.294] Husby was here, and we are ready to go
[2026-05-21 21:59:00.313] AUTO-DISENGAGE: gear left Park (now D)
[2026-05-21 21:59:00.313] Husby was here, and we are ready to go
[2026-05-21 21:59:00.319] AUTO-DISENGAGE: gear left Park (now D)
[2026-05-21 21:59:00.319] Husby was here, and we are ready to go
[2026-05-21 21:59:00.336] AUTO-DISENGAGE: gear left Park (now D)
[2026-05-21 21:59:00.336] Husby was here, and we are ready to go
[2026-05-21 21:59:00.356] AUTO-DISENGAGE: gear left Park (now D)
[2026-05-21 21:59:00.356] Husby was here, and we are ready to go
[2026-05-21 21:59:00.376] AUTO-DISENGAGE: gear left Park (now D)
[2026-05-21 21:59:00.376] Husby was here, and we are ready to go
[2026-05-21 21:59:00.397] AUTO-DISENGAGE: gear left Park (now D)
[2026-05-21 21:59:00.397] Husby was here, and we are ready to go
[2026-05-21 21:59:00.416] AUTO-DISENGAGE: gear left Park (now D)
[2026-05-21 21:59:00.416] Husby was here, and we are ready to go
[2026-05-21 21:59:00.419] AUTO-DISENGAGE: gear left Park (now D)
[2026-05-21 21:59:00.419] Husby was here, and we are ready to go
[2026-05-21 21:59:00.435] AUTO-DISENGAGE: gear left Park (now D)
[2026-05-21 21:59:00.435] Husby was here, and we are ready to go
[2026-05-21 21:59:00.453] AUTO-DISENGAGE: gear left Park (now D)
[2026-05-21 21:59:00.453] Husby was here, and we are ready to go
[2026-05-21 21:59:00.475] AUTO-DISENGAGE: gear left Park (now D)
[2026-05-21 21:59:00.475] Husby was here, and we are ready to go
[2026-05-21 21:59:00.493] AUTO-DISENGAGE: gear left Park (now D)
[2026-05-21 21:59:00.493] Husby was here, and we are ready to go
[2026-05-21 21:59:00.513] AUTO-DISENGAGE: gear left Park (now D)
[2026-05-21 21:59:00.513] Husby was here, and we are ready to go
[2026-05-21 21:59:00.519] AUTO-DISENGAGE: gear left Park (now D)
[2026-05-21 21:59:00.519] Husby was here, and we are ready to go
[2026-05-21 21:59:00.533] AUTO-DISENGAGE: gear left Park (now D)
[2026-05-21 21:59:00.533] Husby was here, and we are ready to go
[2026-05-21 21:59:00.555] AUTO-DISENGAGE: gear left Park (now D)
[2026-05-21 21:59:00.555] Husby was here, and we are ready to go
[2026-05-21 21:59:00.574] AUTO-DISENGAGE: gear left Park (now D)
[2026-05-21 21:59:00.575] Husby was here, and we are ready to go
[2026-05-21 21:59:00.594] AUTO-DISENGAGE: gear left Park (now D)
[2026-05-21 21:59:00.594] Husby was here, and we are ready to go
[2026-05-21 21:59:00.613] AUTO-DISENGAGE: gear left Park (now D)
[2026-05-21 21:59:00.613] Husby was here, and we are ready to go
[2026-05-21 21:59:00.619] AUTO-DISENGAGE: gear left Park (now D)
[2026-05-21 21:59:00.619] Husby was here, and we are ready to go
[2026-05-21 21:59:00.634] AUTO-DISENGAGE: gear left Park (now D)
[2026-05-21 21:59:00.634] Husby was here, and we are ready to go
[2026-05-21 21:59:00.653] AUTO-DISENGAGE: gear left Park (now D)
[2026-05-21 21:59:00.653] Husby was here, and we are ready to go
[2026-05-21 21:59:00.674] AUTO-DISENGAGE: gear left Park (now D)
[2026-05-21 21:59:00.674] Husby was here, and we are ready to go
[2026-05-21 21:59:00.693] AUTO-DISENGAGE: gear left Park (now D)
[2026-05-21 21:59:00.694] Husby was here, and we are ready to go
[2026-05-21 21:59:00.715] AUTO-DISENGAGE: gear left Park (now D)
[2026-05-21 21:59:00.715] Husby was here, and we are ready to go
[2026-05-21 21:59:00.719] AUTO-DISENGAGE: gear left Park (now D)
[2026-05-21 21:59:00.719] Husby was here, and we are ready to go
[2026-05-21 21:59:00.737] AUTO-DISENGAGE: gear left Park (now D)
[2026-05-21 21:59:00.737] Husby was here, and we are ready to go
[2026-05-21 21:59:00.754] AUTO-DISENGAGE: gear left Park (now D)
[2026-05-21 21:59:00.754] Husby was here, and we are ready to go
[2026-05-21 21:59:00.775] AUTO-DISENGAGE: gear left Park (now D)
[2026-05-21 21:59:00.775] Husby was here, and we are ready to go
[2026-05-21 21:59:00.796] AUTO-DISENGAGE: gear left Park (now D)
[2026-05-21 21:59:00.796] Husby was here, and we are ready to go
[2026-05-21 21:59:00.816] AUTO-DISENGAGE: gear left Park (now D)
[2026-05-21 21:59:00.816] Husby was here, and we are ready to go
[2026-05-21 21:59:00.819] AUTO-DISENGAGE: gear left Park (now D)
[2026-05-21 21:59:00.820] Husby was here, and we are ready to go
[2026-05-21 21:59:00.836] AUTO-DISENGAGE: gear left Park (now D)
[2026-05-21 21:59:00.837] Husby was here, and we are ready to go
[2026-05-21 21:59:00.857] AUTO-DISENGAGE: gear left Park (now D)
[2026-05-21 21:59:00.857] Husby was here, and we are ready to go
[2026-05-21 21:59:00.876] AUTO-DISENGAGE: gear left Park (now D)
[2026-05-21 21:59:00.876] Husby was here, and we are ready to go
[2026-05-21 21:59:00.895] AUTO-DISENGAGE: gear left Park (now D)
[2026-05-21 21:59:00.895] Husby was here, and we are ready to go
[2026-05-21 21:59:00.916] AUTO-DISENGAGE: gear left Park (now D)
[2026-05-21 21:59:00.916] Husby was here, and we are ready to go
[2026-05-21 21:59:00.919] AUTO-DISENGAGE: gear left Park (now D)
[2026-05-21 21:59:00.920] Husby was here, and we are ready to go
[2026-05-21 21:59:00.937] AUTO-DISENGAGE: gear left Park (now D)
[2026-05-21 21:59:00.937] Husby was here, and we are ready to go
[2026-05-21 21:59:00.956] AUTO-DISENGAGE: gear left Park (now D)
[2026-05-21 21:59:00.956] Husby was here, and we are ready to go
[2026-05-21 21:59:00.976] AUTO-DISENGAGE: gear left Park (now D)
[2026-05-21 21:59:00.976] Husby was here, and we are ready to go
[2026-05-21 21:59:00.994] AUTO-DISENGAGE: gear left Park (now D)
[2026-05-21 21:59:00.994] Husby was here, and we are ready to go
[2026-05-21 21:59:01.014] AUTO-DISENGAGE: gear left Park (now D)
[2026-05-21 21:59:01.015] Husby was here, and we are ready to go
[2026-05-21 21:59:01.019] AUTO-DISENGAGE: gear left Park (now D)
[2026-05-21 21:59:01.019] Husby was here, and we are ready to go
[2026-05-21 21:59:01.036] AUTO-DISENGAGE: gear left Park (now D)
[2026-05-21 21:59:01.036] Husby was here, and we are ready to go
[2026-05-21 21:59:01.054] AUTO-DISENGAGE: gear left Park (now D)
[2026-05-21 21:59:01.054] Husby was here, and we are ready to go
[2026-05-21 21:59:01.073] AUTO-DISENGAGE: gear left Park (now D)
[2026-05-21 21:59:01.073] Husby was here, and we are ready to go
[2026-05-21 21:59:01.093] AUTO-DISENGAGE: gear left Park (now D)
[2026-05-21 21:59:01.093] Husby was here, and we are ready to go
[2026-05-21 21:59:01.117] AUTO-DISENGAGE: gear left Park (now D)
[2026-05-21 21:59:01.117] Husby was here, and we are ready to go
[2026-05-21 21:59:01.119] AUTO-DISENGAGE: gear left Park (now D)
[2026-05-21 21:59:01.120] Husby was here, and we are ready to go
[2026-05-21 21:59:01.137] AUTO-DISENGAGE: gear left Park (now D)
[2026-05-21 21:59:01.138] Husby was here, and we are ready to go
[2026-05-21 21:59:01.155] AUTO-DISENGAGE: gear left Park (now D)
[2026-05-21 21:59:01.156] Husby was here, and we are ready to go
[2026-05-21 21:59:01.174] AUTO-DISENGAGE: gear left Park (now D)
[2026-05-21 21:59:01.175] Husby was here, and we are ready to go
[2026-05-21 21:59:01.194] AUTO-DISENGAGE: gear left Park (now D)
[2026-05-21 21:59:01.195] Husby was here, and we are ready to go
[2026-05-21 21:59:01.215] AUTO-DISENGAGE: gear left Park (now D)
[2026-05-21 21:59:01.215] Husby was here, and we are ready to go
[2026-05-21 21:59:01.219] AUTO-DISENGAGE: gear left Park (now D)
[2026-05-21 21:59:01.219] Husby was here, and we are ready to go
[2026-05-21 21:59:01.236] AUTO-DISENGAGE: gear left Park (now D)
[2026-05-21 21:59:01.236] Husby was here, and we are ready to go
[2026-05-21 21:59:01.254] AUTO-DISENGAGE: gear left Park (now D)
[2026-05-21 21:59:01.254] Husby was here, and we are ready to go
[2026-05-21 21:59:01.275] AUTO-DISENGAGE: gear left Park (now D)
[2026-05-21 21:59:01.275] Husby was here, and we are ready to go
[2026-05-21 21:59:01.295] AUTO-DISENGAGE: gear left Park (now D)
[2026-05-21 21:59:01.295] Husby was here, and we are ready to go
[2026-05-21 21:59:01.314] AUTO-DISENGAGE: gear left Park (now D)
[2026-05-21 21:59:01.315] Husby was here, and we are ready to go
[2026-05-21 21:59:01.319] AUTO-DISENGAGE: gear left Park (now D)
[2026-05-21 21:59:01.319] Husby was here, and we are ready to go
[2026-05-21 21:59:01.335] AUTO-DISENGAGE: gear left Park (now D)
[2026-05-21 21:59:01.335] Husby was here, and we are ready to go
[2026-05-21 21:59:01.354] AUTO-DISENGAGE: gear left Park (now D)
[2026-05-21 21:59:01.354] Husby was here, and we are ready to go
[2026-05-21 21:59:01.375] AUTO-DISENGAGE: gear left Park (now D)
[2026-05-21 21:59:01.375] Husby was here, and we are ready to go
[2026-05-21 21:59:01.395] AUTO-DISENGAGE: gear left Park (now D)
[2026-05-21 21:59:01.395] Husby was here, and we are ready to go
[2026-05-21 21:59:01.413] AUTO-DISENGAGE: gear left Park (now D)
[2026-05-21 21:59:01.414] Husby was here, and we are ready to go
[2026-05-21 21:59:01.419] AUTO-DISENGAGE: gear left Park (now D)
[2026-05-21 21:59:01.419] Husby was here, and we are ready to go
[2026-05-21 21:59:01.434] AUTO-DISENGAGE: gear left Park (now D)
[2026-05-21 21:59:01.434] Husby was here, and we are ready to go
[2026-05-21 21:59:01.456] AUTO-DISENGAGE: gear left Park (now D)
[2026-05-21 21:59:01.456] Husby was here, and we are ready to go
[2026-05-21 21:59:01.476] AUTO-DISENGAGE: gear left Park (now D)
[2026-05-21 21:59:01.476] Husby was here, and we are ready to go
[2026-05-21 21:59:01.496] AUTO-DISENGAGE: gear left Park (now D)
[2026-05-21 21:59:01.496] Husby was here, and we are ready to go
[2026-05-21 21:59:01.516] AUTO-DISENGAGE: gear left Park (now D)
[2026-05-21 21:59:01.516] Husby was here, and we are ready to go
[2026-05-21 21:59:01.519] AUTO-DISENGAGE: gear left Park (now D)
[2026-05-21 21:59:01.519] Husby was here, and we are ready to go
[2026-05-21 21:59:01.535] AUTO-DISENGAGE: gear left Park (now D)
[2026-05-21 21:59:01.535] Husby was here, and we are ready to go
[2026-05-21 21:59:01.555] AUTO-DISENGAGE: gear left Park (now D)
[2026-05-21 21:59:01.555] Husby was here, and we are ready to go
[2026-05-21 21:59:01.574] AUTO-DISENGAGE: gear left Park (now D)
[2026-05-21 21:59:01.574] Husby was here, and we are ready to go
[2026-05-21 21:59:01.594] AUTO-DISENGAGE: gear left Park (now D)
[2026-05-21 21:59:01.594] Husby was here, and we are ready to go
[2026-05-21 21:59:01.613] AUTO-DISENGAGE: gear left Park (now D)
[2026-05-21 21:59:01.613] Husby was here, and we are ready to go
[2026-05-21 21:59:01.619] AUTO-DISENGAGE: gear left Park (now D)
[2026-05-21 21:59:01.619] Husby was here, and we are ready to go
[2026-05-21 21:59:01.633] AUTO-DISENGAGE: gear left Park (now D)
[2026-05-21 21:59:01.633] Husby was here, and we are ready to go
[2026-05-21 21:59:01.653] AUTO-DISENGAGE: gear left Park (now D)
[2026-05-21 21:59:01.653] Husby was here, and we are ready to go
[2026-05-21 21:59:01.675] AUTO-DISENGAGE: gear left Park (now D)
[2026-05-21 21:59:01.675] Husby was here, and we are ready to go
[2026-05-21 21:59:01.695] AUTO-DISENGAGE: gear left Park (now D)
[2026-05-21 21:59:01.695] Husby was here, and we are ready to go
[2026-05-21 21:59:01.715] AUTO-DISENGAGE: gear left Park (now D)
[2026-05-21 21:59:01.715] Husby was here, and we are ready to go
[2026-05-21 21:59:01.719] AUTO-DISENGAGE: gear left Park (now D)
[2026-05-21 21:59:01.719] Husby was here, and we are ready to go
[2026-05-21 21:59:01.737] AUTO-DISENGAGE: gear left Park (now D)
[2026-05-21 21:59:01.737] Husby was here, and we are ready to go
[2026-05-21 21:59:01.755] AUTO-DISENGAGE: gear left Park (now D)
[2026-05-21 21:59:01.755] Husby was here, and we are ready to go
[2026-05-21 21:59:01.775] AUTO-DISENGAGE: gear left Park (now D)
[2026-05-21 21:59:01.776] Husby was here, and we are ready to go
[2026-05-21 21:59:01.796] AUTO-DISENGAGE: gear left Park (now D)
[2026-05-21 21:59:01.796] Husby was here, and we are ready to go
[2026-05-21 21:59:01.817] AUTO-DISENGAGE: gear left Park (now D)
[2026-05-21 21:59:01.817] Husby was here, and we are ready to go
[2026-05-21 21:59:01.819] AUTO-DISENGAGE: gear left Park (now D)
[2026-05-21 21:59:01.819] Husby was here, and we are ready to go
[2026-05-21 21:59:01.837] AUTO-DISENGAGE: gear left Park (now D)
[2026-05-21 21:59:01.837] Husby was here, and we are ready to go
[2026-05-21 21:59:01.855] AUTO-DISENGAGE: gear left Park (now D)
[2026-05-21 21:59:01.855] Husby was here, and we are ready to go
[2026-05-21 21:59:01.875] AUTO-DISENGAGE: gear left Park (now D)
[2026-05-21 21:59:01.875] Husby was here, and we are ready to go
[2026-05-21 21:59:01.893] AUTO-DISENGAGE: gear left Park (now D)
[2026-05-21 21:59:01.893] Husby was here, and we are ready to go
[2026-05-21 21:59:01.913] AUTO-DISENGAGE: gear left Park (now D)
[2026-05-21 21:59:01.913] Husby was here, and we are ready to go
[2026-05-21 21:59:01.919] AUTO-DISENGAGE: gear left Park (now D)
[2026-05-21 21:59:01.919] Husby was here, and we are ready to go
[2026-05-21 21:59:01.933] AUTO-DISENGAGE: gear left Park (now D)
[2026-05-21 21:59:01.933] Husby was here, and we are ready to go
[2026-05-21 21:59:01.956] AUTO-DISENGAGE: gear left Park (now D)
[2026-05-21 21:59:01.956] Husby was here, and we are ready to go
[2026-05-21 21:59:01.976] AUTO-DISENGAGE: gear left Park (now D)
[2026-05-21 21:59:01.976] Husby was here, and we are ready to go
[2026-05-21 21:59:01.996] AUTO-DISENGAGE: gear left Park (now D)
[2026-05-21 21:59:01.996] Husby was here, and we are ready to go
[2026-05-21 21:59:02.017] AUTO-DISENGAGE: gear left Park (now D)
[2026-05-21 21:59:02.017] Husby was here, and we are ready to go
[2026-05-21 21:59:02.019] AUTO-DISENGAGE: gear left Park (now D)
[2026-05-21 21:59:02.019] Husby was here, and we are ready to go
[2026-05-21 21:59:02.037] AUTO-DISENGAGE: gear left Park (now D)
[2026-05-21 21:59:02.037] Husby was here, and we are ready to go
[2026-05-21 21:59:02.055] AUTO-DISENGAGE: gear left Park (now D)
[2026-05-21 21:59:02.055] Husby was here, and we are ready to go
[2026-05-21 21:59:02.075] AUTO-DISENGAGE: gear left Park (now D)
[2026-05-21 21:59:02.075] Husby was here, and we are ready to go
[2026-05-21 21:59:02.094] AUTO-DISENGAGE: gear left Park (now D)
[2026-05-21 21:59:02.094] Husby was here, and we are ready to go
[2026-05-21 21:59:02.113] AUTO-DISENGAGE: gear left Park (now D)
[2026-05-21 21:59:02.113] Husby was here, and we are ready to go
[2026-05-21 21:59:02.119] AUTO-DISENGAGE: gear left Park (now D)
[2026-05-21 21:59:02.119] Husby was here, and we are ready to go
[2026-05-21 21:59:02.134] AUTO-DISENGAGE: gear left Park (now D)
[2026-05-21 21:59:02.134] Husby was here, and we are ready to go
[2026-05-21 21:59:02.153] AUTO-DISENGAGE: gear left Park (now D)
[2026-05-21 21:59:02.153] Husby was here, and we are ready to go
[2026-05-21 21:59:02.176] AUTO-DISENGAGE: gear left Park (now D)
[2026-05-21 21:59:02.176] Husby was here, and we are ready to go
[2026-05-21 21:59:02.195] AUTO-DISENGAGE: gear left Park (now D)
[2026-05-21 21:59:02.196] Husby was here, and we are ready to go
[2026-05-21 21:59:02.216] AUTO-DISENGAGE: gear left Park (now D)
[2026-05-21 21:59:02.217] Husby was here, and we are ready to go
[2026-05-21 21:59:02.219] AUTO-DISENGAGE: gear left Park (now D)
[2026-05-21 21:59:02.220] Husby was here, and we are ready to go
[2026-05-21 21:59:02.238] AUTO-DISENGAGE: gear left Park (now D)
[2026-05-21 21:59:02.238] Husby was here, and we are ready to go
[2026-05-21 21:59:02.256] AUTO-DISENGAGE: gear left Park (now D)
[2026-05-21 21:59:02.256] Husby was here, and we are ready to go
[2026-05-21 21:59:02.276] AUTO-DISENGAGE: gear left Park (now D)
[2026-05-21 21:59:02.276] Husby was here, and we are ready to go
[2026-05-21 21:59:02.295] AUTO-DISENGAGE: gear left Park (now D)
[2026-05-21 21:59:02.295] Husby was here, and we are ready to go
[2026-05-21 21:59:02.316] AUTO-DISENGAGE: gear left Park (now D)
[2026-05-21 21:59:02.316] Husby was here, and we are ready to go
[2026-05-21 21:59:02.319] AUTO-DISENGAGE: gear left Park (now D)
[2026-05-21 21:59:02.319] Husby was here, and we are ready to go
[2026-05-21 21:59:02.336] AUTO-DISENGAGE: gear left Park (now D)
[2026-05-21 21:59:02.337] Husby was here, and we are ready to go
[2026-05-21 21:59:02.356] AUTO-DISENGAGE: gear left Park (now D)
[2026-05-21 21:59:02.356] Husby was here, and we are ready to go
[2026-05-21 21:59:02.375] AUTO-DISENGAGE: gear left Park (now D)
[2026-05-21 21:59:02.375] Husby was here, and we are ready to go
[2026-05-21 21:59:02.394] AUTO-DISENGAGE: gear left Park (now D)
[2026-05-21 21:59:02.394] Husby was here, and we are ready to go
[2026-05-21 21:59:02.416] AUTO-DISENGAGE: gear left Park (now D)
[2026-05-21 21:59:02.416] Husby was here, and we are ready to go
[2026-05-21 21:59:02.419] AUTO-DISENGAGE: gear left Park (now D)
[2026-05-21 21:59:02.420] Husby was here, and we are ready to go
[2026-05-21 21:59:02.437] AUTO-DISENGAGE: gear left Park (now D)
[2026-05-21 21:59:02.437] Husby was here, and we are ready to go
[2026-05-21 21:59:02.456] AUTO-DISENGAGE: gear left Park (now D)
[2026-05-21 21:59:02.457] Husby was here, and we are ready to go
[2026-05-21 21:59:02.476] AUTO-DISENGAGE: gear left Park (now D)
[2026-05-21 21:59:02.476] Husby was here, and we are ready to go
[2026-05-21 21:59:02.495] AUTO-DISENGAGE: gear left Park (now D)
[2026-05-21 21:59:02.495] Husby was here, and we are ready to go
[2026-05-21 21:59:02.516] AUTO-DISENGAGE: gear left Park (now D)
[2026-05-21 21:59:02.516] Husby was here, and we are ready to go
[2026-05-21 21:59:02.519] AUTO-DISENGAGE: gear left Park (now D)
[2026-05-21 21:59:02.520] Husby was here, and we are ready to go
[2026-05-21 21:59:02.538] AUTO-DISENGAGE: gear left Park (now D)
[2026-05-21 21:59:02.539] Husby was here, and we are ready to go
[2026-05-21 21:59:02.557] AUTO-DISENGAGE: gear left Park (now D)
[2026-05-21 21:59:02.557] Husby was here, and we are ready to go
[2026-05-21 21:59:02.576] AUTO-DISENGAGE: gear left Park (now D)
[2026-05-21 21:59:02.576] Husby was here, and we are ready to go
[2026-05-21 21:59:02.595] AUTO-DISENGAGE: gear left Park (now D)
[2026-05-21 21:59:02.595] Husby was here, and we are ready to go
[2026-05-21 21:59:02.615] AUTO-DISENGAGE: gear left Park (now D)
[2026-05-21 21:59:02.615] Husby was here, and we are ready to go
[2026-05-21 21:59:02.619] AUTO-DISENGAGE: gear left Park (now D)
[2026-05-21 21:59:02.619] Husby was here, and we are ready to go
[2026-05-21 21:59:02.636] AUTO-DISENGAGE: gear left Park (now D)
[2026-05-21 21:59:02.636] Husby was here, and we are ready to go
[2026-05-21 21:59:02.655] AUTO-DISENGAGE: gear left Park (now D)
[2026-05-21 21:59:02.655] Husby was here, and we are ready to go
[2026-05-21 21:59:02.674] AUTO-DISENGAGE: gear left Park (now D)
[2026-05-21 21:59:02.674] Husby was here, and we are ready to go
[2026-05-21 21:59:02.693] AUTO-DISENGAGE: gear left Park (now D)
[2026-05-21 21:59:02.693] Husby was here, and we are ready to go
[2026-05-21 21:59:02.714] AUTO-DISENGAGE: gear left Park (now D)
[2026-05-21 21:59:02.714] Husby was here, and we are ready to go
[2026-05-21 21:59:02.719] AUTO-DISENGAGE: gear left Park (now D)
[2026-05-21 21:59:02.719] Husby was here, and we are ready to go
[2026-05-21 21:59:02.739] AUTO-DISENGAGE: gear left Park (now D)
[2026-05-21 21:59:02.739] Husby was here, and we are ready to go
[2026-05-21 21:59:02.756] AUTO-DISENGAGE: gear left Park (now D)
[2026-05-21 21:59:02.756] Husby was here, and we are ready to go
[2026-05-21 21:59:02.776] AUTO-DISENGAGE: gear left Park (now D)
[2026-05-21 21:59:02.776] Husby was here, and we are ready to go
[2026-05-21 21:59:02.794] AUTO-DISENGAGE: gear left Park (now D)
[2026-05-21 21:59:02.795] Husby was here, and we are ready to go
[2026-05-21 21:59:02.814] AUTO-DISENGAGE: gear left Park (now D)
[2026-05-21 21:59:02.815] Husby was here, and we are ready to go
[2026-05-21 21:59:02.819] AUTO-DISENGAGE: gear left Park (now D)
[2026-05-21 21:59:02.820] Husby was here, and we are ready to go
[2026-05-21 21:59:02.838] AUTO-DISENGAGE: gear left Park (now D)
[2026-05-21 21:59:02.838] Husby was here, and we are ready to go
[2026-05-21 21:59:02.855] AUTO-DISENGAGE: gear left Park (now D)
[2026-05-21 21:59:02.855] Husby was here, and we are ready to go
[2026-05-21 21:59:02.876] AUTO-DISENGAGE: gear left Park (now D)
[2026-05-21 21:59:02.877] Husby was here, and we are ready to go
[2026-05-21 21:59:02.895] AUTO-DISENGAGE: gear left Park (now D)
[2026-05-21 21:59:02.896] Husby was here, and we are ready to go
[2026-05-21 21:59:02.916] AUTO-DISENGAGE: gear left Park (now D)
[2026-05-21 21:59:02.916] Husby was here, and we are ready to go
[2026-05-21 21:59:02.919] AUTO-DISENGAGE: gear left Park (now D)
[2026-05-21 21:59:02.919] Husby was here, and we are ready to go
[2026-05-21 21:59:02.937] AUTO-DISENGAGE: gear left Park (now D)
[2026-05-21 21:59:02.938] Husby was here, and we are ready to go
[2026-05-21 21:59:02.956] AUTO-DISENGAGE: gear left Park (now D)
[2026-05-21 21:59:02.956] Husby was here, and we are ready to go
[2026-05-21 21:59:02.975] AUTO-DISENGAGE: gear left Park (now D)
[2026-05-21 21:59:02.976] Husby was here, and we are ready to go
[2026-05-21 21:59:02.994] AUTO-DISENGAGE: gear left Park (now D)
[2026-05-21 21:59:02.994] Husby was here, and we are ready to go
[2026-05-21 21:59:03.016] AUTO-DISENGAGE: gear left Park (now D)
[2026-05-21 21:59:03.016] Husby was here, and we are ready to go
[2026-05-21 21:59:03.019] AUTO-DISENGAGE: gear left Park (now D)
[2026-05-21 21:59:03.020] Husby was here, and we are ready to go
[2026-05-21 21:59:03.037] AUTO-DISENGAGE: gear left Park (now D)
[2026-05-21 21:59:03.038] Husby was here, and we are ready to go
[2026-05-21 21:59:03.055] AUTO-DISENGAGE: gear left Park (now D)
[2026-05-21 21:59:03.056] Husby was here, and we are ready to go
[2026-05-21 21:59:03.076] AUTO-DISENGAGE: gear left Park (now D)
[2026-05-21 21:59:03.076] Husby was here, and we are ready to go
[2026-05-21 21:59:03.094] AUTO-DISENGAGE: gear left Park (now D)
[2026-05-21 21:59:03.094] Husby was here, and we are ready to go
[2026-05-21 21:59:03.115] AUTO-DISENGAGE: gear left Park (now D)
[2026-05-21 21:59:03.115] Husby was here, and we are ready to go
[2026-05-21 21:59:03.119] AUTO-DISENGAGE: gear left Park (now D)
[2026-05-21 21:59:03.119] Husby was here, and we are ready to go
[2026-05-21 21:59:03.135] AUTO-DISENGAGE: gear left Park (now D)
[2026-05-21 21:59:03.136] Husby was here, and we are ready to go
[2026-05-21 21:59:03.155] AUTO-DISENGAGE: gear left Park (now D)
[2026-05-21 21:59:03.155] Husby was here, and we are ready to go
[2026-05-21 21:59:03.174] AUTO-DISENGAGE: gear left Park (now D)
[2026-05-21 21:59:03.174] Husby was here, and we are ready to go
[2026-05-21 21:59:03.193] AUTO-DISENGAGE: gear left Park (now D)
[2026-05-21 21:59:03.193] Husby was here, and we are ready to go
[2026-05-21 21:59:03.216] AUTO-DISENGAGE: gear left Park (now D)
[2026-05-21 21:59:03.216] Husby was here, and we are ready to go
[2026-05-21 21:59:03.219] AUTO-DISENGAGE: gear left Park (now D)
[2026-05-21 21:59:03.220] Husby was here, and we are ready to go
[2026-05-21 21:59:03.238] AUTO-DISENGAGE: gear left Park (now D)
[2026-05-21 21:59:03.238] Husby was here, and we are ready to go
[2026-05-21 21:59:03.256] AUTO-DISENGAGE: gear left Park (now D)
[2026-05-21 21:59:03.256] Husby was here, and we are ready to go
[2026-05-21 21:59:03.275] AUTO-DISENGAGE: gear left Park (now D)
[2026-05-21 21:59:03.275] Husby was here, and we are ready to go
[2026-05-21 21:59:03.294] AUTO-DISENGAGE: gear left Park (now D)
[2026-05-21 21:59:03.294] Husby was here, and we are ready to go
[2026-05-21 21:59:03.314] AUTO-DISENGAGE: gear left Park (now D)
[2026-05-21 21:59:03.314] Husby was here, and we are ready to go
[2026-05-21 21:59:03.319] AUTO-DISENGAGE: gear left Park (now D)
[2026-05-21 21:59:03.319] Husby was here, and we are ready to go
[2026-05-21 21:59:03.339] AUTO-DISENGAGE: gear left Park (now D)
[2026-05-21 21:59:03.339] Husby was here, and we are ready to go
[2026-05-21 21:59:03.356] AUTO-DISENGAGE: gear left Park (now D)
[2026-05-21 21:59:03.356] Husby was here, and we are ready to go
[2026-05-21 21:59:03.377] AUTO-DISENGAGE: gear left Park (now D)
[2026-05-21 21:59:03.378] Husby was here, and we are ready to go
[2026-05-21 21:59:03.396] AUTO-DISENGAGE: gear left Park (now D)
[2026-05-21 21:59:03.396] Husby was here, and we are ready to go
[2026-05-21 21:59:03.416] AUTO-DISENGAGE: gear left Park (now D)
[2026-05-21 21:59:03.416] Husby was here, and we are ready to go
[2026-05-21 21:59:03.419] AUTO-DISENGAGE: gear left Park (now D)
[2026-05-21 21:59:03.419] Husby was here, and we are ready to go
[2026-05-21 21:59:03.436] AUTO-DISENGAGE: gear left Park (now D)
[2026-05-21 21:59:03.436] Husby was here, and we are ready to go
[2026-05-21 21:59:03.454] AUTO-DISENGAGE: gear left Park (now D)
[2026-05-21 21:59:03.455] Husby was here, and we are ready to go
[2026-05-21 21:59:03.475] AUTO-DISENGAGE: gear left Park (now D)
[2026-05-21 21:59:03.475] Husby was here, and we are ready to go
[2026-05-21 21:59:03.495] AUTO-DISENGAGE: gear left Park (now D)
[2026-05-21 21:59:03.495] Husby was here, and we are ready to go
[2026-05-21 21:59:03.515] AUTO-DISENGAGE: gear left Park (now D)
[2026-05-21 21:59:03.515] Husby was here, and we are ready to go
[2026-05-21 21:59:03.519] AUTO-DISENGAGE: gear left Park (now D)
[2026-05-21 21:59:03.519] Husby was here, and we are ready to go
[2026-05-21 21:59:03.535] AUTO-DISENGAGE: gear left Park (now D)
[2026-05-21 21:59:03.536] Husby was here, and we are ready to go
[2026-05-21 21:59:03.556] AUTO-DISENGAGE: gear left Park (now D)
[2026-05-21 21:59:03.556] Husby was here, and we are ready to go
[2026-05-21 21:59:03.574] AUTO-DISENGAGE: gear left Park (now D)
[2026-05-21 21:59:03.574] Husby was here, and we are ready to go
[2026-05-21 21:59:03.595] AUTO-DISENGAGE: gear left Park (now D)
[2026-05-21 21:59:03.595] Husby was here, and we are ready to go
[2026-05-21 21:59:03.616] AUTO-DISENGAGE: gear left Park (now D)
[2026-05-21 21:59:03.616] Husby was here, and we are ready to go
[2026-05-21 21:59:03.619] AUTO-DISENGAGE: gear left Park (now D)
[2026-05-21 21:59:03.620] Husby was here, and we are ready to go
[2026-05-21 21:59:03.638] AUTO-DISENGAGE: gear left Park (now D)
[2026-05-21 21:59:03.638] Husby was here, and we are ready to go
[2026-05-21 21:59:03.656] AUTO-DISENGAGE: gear left Park (now D)
[2026-05-21 21:59:03.656] Husby was here, and we are ready to go
[2026-05-21 21:59:03.677] AUTO-DISENGAGE: gear left Park (now D)
[2026-05-21 21:59:03.677] Husby was here, and we are ready to go
[2026-05-21 21:59:03.695] AUTO-DISENGAGE: gear left Park (now D)
[2026-05-21 21:59:03.696] Husby was here, and we are ready to go
[2026-05-21 21:59:03.716] AUTO-DISENGAGE: gear left Park (now D)
[2026-05-21 21:59:03.717] Husby was here, and we are ready to go
[2026-05-21 21:59:03.719] AUTO-DISENGAGE: gear left Park (now D)
[2026-05-21 21:59:03.719] Husby was here, and we are ready to go
[2026-05-21 21:59:03.739] AUTO-DISENGAGE: gear left Park (now D)
[2026-05-21 21:59:03.740] Husby was here, and we are ready to go
[2026-05-21 21:59:03.757] AUTO-DISENGAGE: gear left Park (now D)
[2026-05-21 21:59:03.758] Husby was here, and we are ready to go
[2026-05-21 21:59:03.777] AUTO-DISENGAGE: gear left Park (now D)
[2026-05-21 21:59:03.777] Husby was here, and we are ready to go
[2026-05-21 21:59:03.796] AUTO-DISENGAGE: gear left Park (now D)
[2026-05-21 21:59:03.796] Husby was here, and we are ready to go
[2026-05-21 21:59:03.815] AUTO-DISENGAGE: gear left Park (now D)
[2026-05-21 21:59:03.815] Husby was here, and we are ready to go
[2026-05-21 21:59:03.819] AUTO-DISENGAGE: gear left Park (now D)
[2026-05-21 21:59:03.819] Husby was here, and we are ready to go
[2026-05-21 21:59:03.836] AUTO-DISENGAGE: gear left Park (now D)
[2026-05-21 21:59:03.836] Husby was here, and we are ready to go
[2026-05-21 21:59:03.855] AUTO-DISENGAGE: gear left Park (now D)
[2026-05-21 21:59:03.855] Husby was here, and we are ready to go
[2026-05-21 21:59:03.875] AUTO-DISENGAGE: gear left Park (now D)
[2026-05-21 21:59:03.875] Husby was here, and we are ready to go
[2026-05-21 21:59:03.895] AUTO-DISENGAGE: gear left Park (now D)
[2026-05-21 21:59:03.895] Husby was here, and we are ready to go
[2026-05-21 21:59:03.914] AUTO-DISENGAGE: gear left Park (now D)
[2026-05-21 21:59:03.914] Husby was here, and we are ready to go
[2026-05-21 21:59:03.919] AUTO-DISENGAGE: gear left Park (now D)
[2026-05-21 21:59:03.919] Husby was here, and we are ready to go
[2026-05-21 21:59:03.937] AUTO-DISENGAGE: gear left Park (now D)
[2026-05-21 21:59:03.938] Husby was here, and we are ready to go
[2026-05-21 21:59:03.956] AUTO-DISENGAGE: gear left Park (now D)
[2026-05-21 21:59:03.956] Husby was here, and we are ready to go
[2026-05-21 21:59:03.976] AUTO-DISENGAGE: gear left Park (now D)
[2026-05-21 21:59:03.976] Husby was here, and we are ready to go
[2026-05-21 21:59:03.996] AUTO-DISENGAGE: gear left Park (now D)
[2026-05-21 21:59:03.996] Husby was here, and we are ready to go
[2026-05-21 21:59:04.016] AUTO-DISENGAGE: gear left Park (now D)
[2026-05-21 21:59:04.016] Husby was here, and we are ready to go
[2026-05-21 21:59:04.019] AUTO-DISENGAGE: gear left Park (now D)
[2026-05-21 21:59:04.019] Husby was here, and we are ready to go
[2026-05-21 21:59:04.036] AUTO-DISENGAGE: gear left Park (now D)
[2026-05-21 21:59:04.036] Husby was here, and we are ready to go
[2026-05-21 21:59:04.055] AUTO-DISENGAGE: gear left Park (now D)
[2026-05-21 21:59:04.056] Husby was here, and we are ready to go
[2026-05-21 21:59:04.074] AUTO-DISENGAGE: gear left Park (now D)
[2026-05-21 21:59:04.074] Husby was here, and we are ready to go
[2026-05-21 21:59:04.094] AUTO-DISENGAGE: gear left Park (now D)
[2026-05-21 21:59:04.094] Husby was here, and we are ready to go
[2026-05-21 21:59:04.115] AUTO-DISENGAGE: gear left Park (now D)
[2026-05-21 21:59:04.115] Husby was here, and we are ready to go
[2026-05-21 21:59:04.119] AUTO-DISENGAGE: gear left Park (now D)
[2026-05-21 21:59:04.119] Husby was here, and we are ready to go
[2026-05-21 21:59:04.136] AUTO-DISENGAGE: gear left Park (now D)
[2026-05-21 21:59:04.136] Husby was here, and we are ready to go
[2026-05-21 21:59:04.155] AUTO-DISENGAGE: gear left Park (now D)
[2026-05-21 21:59:04.155] Husby was here, and we are ready to go
[2026-05-21 21:59:04.175] AUTO-DISENGAGE: gear left Park (now D)
[2026-05-21 21:59:04.175] Husby was here, and we are ready to go
[2026-05-21 21:59:04.195] AUTO-DISENGAGE: gear left Park (now D)
[2026-05-21 21:59:04.195] Husby was here, and we are ready to go
[2026-05-21 21:59:04.215] AUTO-DISENGAGE: gear left Park (now D)
[2026-05-21 21:59:04.215] Husby was here, and we are ready to go
[2026-05-21 21:59:04.219] AUTO-DISENGAGE: gear left Park (now D)
[2026-05-21 21:59:04.219] Husby was here, and we are ready to go
[2026-05-21 21:59:04.236] AUTO-DISENGAGE: gear left Park (now D)
[2026-05-21 21:59:04.237] Husby was here, and we are ready to go
[2026-05-21 21:59:04.256] AUTO-DISENGAGE: gear left Park (now D)
[2026-05-21 21:59:04.256] Husby was here, and we are ready to go
[2026-05-21 21:59:04.277] AUTO-DISENGAGE: gear left Park (now D)
[2026-05-21 21:59:04.277] Husby was here, and we are ready to go
[2026-05-21 21:59:04.295] AUTO-DISENGAGE: gear left Park (now D)
[2026-05-21 21:59:04.295] Husby was here, and we are ready to go
[2026-05-21 21:59:04.315] AUTO-DISENGAGE: gear left Park (now D)
[2026-05-21 21:59:04.315] Husby was here, and we are ready to go
[2026-05-21 21:59:04.319] AUTO-DISENGAGE: gear left Park (now D)
[2026-05-21 21:59:04.319] Husby was here, and we are ready to go
[2026-05-21 21:59:04.335] AUTO-DISENGAGE: gear left Park (now D)
[2026-05-21 21:59:04.335] Husby was here, and we are ready to go
[2026-05-21 21:59:04.354] AUTO-DISENGAGE: gear left Park (now D)
[2026-05-21 21:59:04.354] Husby was here, and we are ready to go
[2026-05-21 21:59:04.374] AUTO-DISENGAGE: gear left Park (now D)
[2026-05-21 21:59:04.374] Husby was here, and we are ready to go
[2026-05-21 21:59:04.394] AUTO-DISENGAGE: gear left Park (now D)
[2026-05-21 21:59:04.394] Husby was here, and we are ready to go
[2026-05-21 21:59:04.415] AUTO-DISENGAGE: gear left Park (now D)
[2026-05-21 21:59:04.416] Husby was here, and we are ready to go
[2026-05-21 21:59:04.419] AUTO-DISENGAGE: gear left Park (now D)
[2026-05-21 21:59:04.420] Husby was here, and we are ready to go
[2026-05-21 21:59:04.437] AUTO-DISENGAGE: gear left Park (now D)
[2026-05-21 21:59:04.438] Husby was here, and we are ready to go
[2026-05-21 21:59:04.456] AUTO-DISENGAGE: gear left Park (now D)
[2026-05-21 21:59:04.456] Husby was here, and we are ready to go
[2026-05-21 21:59:04.475] AUTO-DISENGAGE: gear left Park (now D)
[2026-05-21 21:59:04.475] Husby was here, and we are ready to go
[2026-05-21 21:59:04.495] AUTO-DISENGAGE: gear left Park (now D)
[2026-05-21 21:59:04.495] Husby was here, and we are ready to go
[2026-05-21 21:59:04.514] AUTO-DISENGAGE: gear left Park (now D)
[2026-05-21 21:59:04.514] Husby was here, and we are ready to go
[2026-05-21 21:59:04.519] AUTO-DISENGAGE: gear left Park (now D)
[2026-05-21 21:59:04.519] Husby was here, and we are ready to go
[2026-05-21 21:59:04.534] AUTO-DISENGAGE: gear left Park (now D)
[2026-05-21 21:59:04.534] Husby was here, and we are ready to go
[2026-05-21 21:59:04.554] AUTO-DISENGAGE: gear left Park (now D)
[2026-05-21 21:59:04.554] Husby was here, and we are ready to go
[2026-05-21 21:59:04.574] AUTO-DISENGAGE: gear left Park (now D)
[2026-05-21 21:59:04.575] Husby was here, and we are ready to go
[2026-05-21 21:59:04.594] AUTO-DISENGAGE: gear left Park (now D)
[2026-05-21 21:59:04.594] Husby was here, and we are ready to go
[2026-05-21 21:59:04.614] AUTO-DISENGAGE: gear left Park (now D)
[2026-05-21 21:59:04.614] Husby was here, and we are ready to go
[2026-05-21 21:59:04.619] AUTO-DISENGAGE: gear left Park (now D)
[2026-05-21 21:59:04.619] Husby was here, and we are ready to go
[2026-05-21 21:59:04.634] AUTO-DISENGAGE: gear left Park (now D)
[2026-05-21 21:59:04.634] Husby was here, and we are ready to go
[2026-05-21 21:59:04.654] AUTO-DISENGAGE: gear left Park (now D)
[2026-05-21 21:59:04.654] Husby was here, and we are ready to go
[2026-05-21 21:59:04.674] AUTO-DISENGAGE: gear left Park (now D)
[2026-05-21 21:59:04.674] Husby was here, and we are ready to go
[2026-05-21 21:59:04.696] AUTO-DISENGAGE: gear left Park (now D)
[2026-05-21 21:59:04.696] Husby was here, and we are ready to go
[2026-05-21 21:59:04.718] AUTO-DISENGAGE: gear left Park (now D)
[2026-05-21 21:59:04.719] Husby was here, and we are ready to go
[2026-05-21 21:59:04.719] AUTO-DISENGAGE: gear left Park (now D)
[2026-05-21 21:59:04.720] Husby was here, and we are ready to go
[2026-05-21 21:59:04.739] AUTO-DISENGAGE: gear left Park (now D)
[2026-05-21 21:59:04.740] Husby was here, and we are ready to go
[2026-05-21 21:59:04.756] AUTO-DISENGAGE: gear left Park (now D)
[2026-05-21 21:59:04.756] Husby was here, and we are ready to go
[2026-05-21 21:59:04.775] AUTO-DISENGAGE: gear left Park (now D)
[2026-05-21 21:59:04.775] Husby was here, and we are ready to go
[2026-05-21 21:59:04.795] AUTO-DISENGAGE: gear left Park (now D)
[2026-05-21 21:59:04.795] Husby was here, and we are ready to go
[2026-05-21 21:59:04.815] AUTO-DISENGAGE: gear left Park (now D)
[2026-05-21 21:59:04.816] Husby was here, and we are ready to go
[2026-05-21 21:59:04.819] AUTO-DISENGAGE: gear left Park (now D)
[2026-05-21 21:59:04.819] Husby was here, and we are ready to go
[2026-05-21 21:59:04.836] AUTO-DISENGAGE: gear left Park (now D)
[2026-05-21 21:59:04.836] Husby was here, and we are ready to go
[2026-05-21 21:59:04.855] AUTO-DISENGAGE: gear left Park (now D)
[2026-05-21 21:59:04.855] Husby was here, and we are ready to go
[2026-05-21 21:59:04.875] AUTO-DISENGAGE: gear left Park (now D)
[2026-05-21 21:59:04.875] Husby was here, and we are ready to go
[2026-05-21 21:59:04.895] AUTO-DISENGAGE: gear left Park (now D)
[2026-05-21 21:59:04.895] Husby was here, and we are ready to go
[2026-05-21 21:59:04.915] AUTO-DISENGAGE: gear left Park (now D)
[2026-05-21 21:59:04.915] Husby was here, and we are ready to go
[2026-05-21 21:59:04.919] AUTO-DISENGAGE: gear left Park (now D)
[2026-05-21 21:59:04.919] Husby was here, and we are ready to go
[2026-05-21 21:59:04.936] AUTO-DISENGAGE: gear left Park (now D)
[2026-05-21 21:59:04.936] Husby was here, and we are ready to go
[2026-05-21 21:59:04.955] AUTO-DISENGAGE: gear left Park (now D)
[2026-05-21 21:59:04.955] Husby was here, and we are ready to go
[2026-05-21 21:59:04.975] AUTO-DISENGAGE: gear left Park (now D)
[2026-05-21 21:59:04.975] Husby was here, and we are ready to go
[2026-05-21 21:59:04.995] AUTO-DISENGAGE: gear left Park (now D)
[2026-05-21 21:59:04.995] Husby was here, and we are ready to go
[2026-05-21 21:59:05.015] AUTO-DISENGAGE: gear left Park (now D)
[2026-05-21 21:59:05.015] Husby was here, and we are ready to go
[2026-05-21 21:59:05.019] AUTO-DISENGAGE: gear left Park (now D)
[2026-05-21 21:59:05.019] Husby was here, and we are ready to go
[2026-05-21 21:59:05.036] AUTO-DISENGAGE: gear left Park (now D)
[2026-05-21 21:59:05.036] Husby was here, and we are ready to go
[2026-05-21 21:59:05.055] AUTO-DISENGAGE: gear left Park (now D)
[2026-05-21 21:59:05.055] Husby was here, and we are ready to go
[2026-05-21 21:59:05.075] AUTO-DISENGAGE: gear left Park (now D)
[2026-05-21 21:59:05.075] Husby was here, and we are ready to go
[2026-05-21 21:59:05.095] AUTO-DISENGAGE: gear left Park (now D)
[2026-05-21 21:59:05.095] Husby was here, and we are ready to go
[2026-05-21 21:59:05.116] AUTO-DISENGAGE: gear left Park (now D)
[2026-05-21 21:59:05.116] Husby was here, and we are ready to go
[2026-05-21 21:59:05.119] AUTO-DISENGAGE: gear left Park (now D)
[2026-05-21 21:59:05.119] Husby was here, and we are ready to go
[2026-05-21 21:59:05.134] AUTO-DISENGAGE: gear left Park (now D)
[2026-05-21 21:59:05.135] Husby was here, and we are ready to go
[2026-05-21 21:59:05.154] AUTO-DISENGAGE: gear left Park (now D)
[2026-05-21 21:59:05.154] Husby was here, and we are ready to go
[2026-05-21 21:59:05.174] AUTO-DISENGAGE: gear left Park (now D)
[2026-05-21 21:59:05.175] Husby was here, and we are ready to go
[2026-05-21 21:59:05.194] AUTO-DISENGAGE: gear left Park (now D)
[2026-05-21 21:59:05.195] Husby was here, and we are ready to go
[2026-05-21 21:59:05.214] AUTO-DISENGAGE: gear left Park (now D)
[2026-05-21 21:59:05.214] Husby was here, and we are ready to go
[2026-05-21 21:59:05.219] AUTO-DISENGAGE: gear left Park (now D)
[2026-05-21 21:59:05.219] Husby was here, and we are ready to go
[2026-05-21 21:59:05.235] AUTO-DISENGAGE: gear left Park (now D)
[2026-05-21 21:59:05.235] Husby was here, and we are ready to go
[2026-05-21 21:59:05.254] AUTO-DISENGAGE: gear left Park (now D)
[2026-05-21 21:59:05.254] Husby was here, and we are ready to go
[2026-05-21 21:59:05.274] AUTO-DISENGAGE: gear left Park (now D)
[2026-05-21 21:59:05.274] Husby was here, and we are ready to go
[2026-05-21 21:59:05.294] AUTO-DISENGAGE: gear left Park (now D)
[2026-05-21 21:59:05.294] Husby was here, and we are ready to go
[2026-05-21 21:59:05.314] AUTO-DISENGAGE: gear left Park (now D)
[2026-05-21 21:59:05.315] Husby was here, and we are ready to go
[2026-05-21 21:59:05.319] AUTO-DISENGAGE: gear left Park (now D)
[2026-05-21 21:59:05.319] Husby was here, and we are ready to go
[2026-05-21 21:59:05.334] AUTO-DISENGAGE: gear left Park (now D)
[2026-05-21 21:59:05.335] Husby was here, and we are ready to go
[2026-05-21 21:59:05.354] AUTO-DISENGAGE: gear left Park (now D)
[2026-05-21 21:59:05.354] Husby was here, and we are ready to go
[2026-05-21 21:59:05.375] AUTO-DISENGAGE: gear left Park (now D)
[2026-05-21 21:59:05.375] Husby was here, and we are ready to go
[2026-05-21 21:59:05.394] AUTO-DISENGAGE: gear left Park (now D)
[2026-05-21 21:59:05.394] Husby was here, and we are ready to go
[2026-05-21 21:59:05.414] AUTO-DISENGAGE: gear left Park (now D)
[2026-05-21 21:59:05.414] Husby was here, and we are ready to go
[2026-05-21 21:59:05.419] AUTO-DISENGAGE: gear left Park (now D)
[2026-05-21 21:59:05.419] Husby was here, and we are ready to go
[2026-05-21 21:59:05.434] AUTO-DISENGAGE: gear left Park (now D)
[2026-05-21 21:59:05.434] Husby was here, and we are ready to go
[2026-05-21 21:59:05.454] AUTO-DISENGAGE: gear left Park (now D)
[2026-05-21 21:59:05.454] Husby was here, and we are ready to go
[2026-05-21 21:59:05.474] AUTO-DISENGAGE: gear left Park (now D)
[2026-05-21 21:59:05.475] Husby was here, and we are ready to go
[2026-05-21 21:59:05.494] AUTO-DISENGAGE: gear left Park (now D)
[2026-05-21 21:59:05.494] Husby was here, and we are ready to go
[2026-05-21 21:59:05.514] AUTO-DISENGAGE: gear left Park (now D)
[2026-05-21 21:59:05.514] Husby was here, and we are ready to go
[2026-05-21 21:59:05.519] AUTO-DISENGAGE: gear left Park (now D)
[2026-05-21 21:59:05.519] Husby was here, and we are ready to go
[2026-05-21 21:59:05.534] AUTO-DISENGAGE: gear left Park (now D)
[2026-05-21 21:59:05.535] Husby was here, and we are ready to go
[2026-05-21 21:59:05.555] AUTO-DISENGAGE: gear left Park (now D)
[2026-05-21 21:59:05.555] Husby was here, and we are ready to go
[2026-05-21 21:59:05.574] AUTO-DISENGAGE: gear left Park (now D)
[2026-05-21 21:59:05.574] Husby was here, and we are ready to go
[2026-05-21 21:59:05.595] AUTO-DISENGAGE: gear left Park (now D)
[2026-05-21 21:59:05.595] Husby was here, and we are ready to go
[2026-05-21 21:59:05.615] AUTO-DISENGAGE: gear left Park (now D)
[2026-05-21 21:59:05.615] Husby was here, and we are ready to go
[2026-05-21 21:59:05.619] AUTO-DISENGAGE: gear left Park (now D)
[2026-05-21 21:59:05.619] Husby was here, and we are ready to go
[2026-05-21 21:59:05.635] AUTO-DISENGAGE: gear left Park (now D)
[2026-05-21 21:59:05.635] Husby was here, and we are ready to go
[2026-05-21 21:59:05.655] AUTO-DISENGAGE: gear left Park (now D)
[2026-05-21 21:59:05.655] Husby was here, and we are ready to go
[2026-05-21 21:59:05.675] AUTO-DISENGAGE: gear left Park (now D)
[2026-05-21 21:59:05.675] Husby was here, and we are ready to go
[2026-05-21 21:59:05.694] AUTO-DISENGAGE: gear left Park (now D)
[2026-05-21 21:59:05.694] Husby was here, and we are ready to go
[2026-05-21 21:59:05.715] AUTO-DISENGAGE: gear left Park (now D)
[2026-05-21 21:59:05.715] Husby was here, and we are ready to go
[2026-05-21 21:59:05.719] AUTO-DISENGAGE: gear left Park (now D)
[2026-05-21 21:59:05.719] Husby was here, and we are ready to go
[2026-05-21 21:59:05.736] AUTO-DISENGAGE: gear left Park (now D)
[2026-05-21 21:59:05.736] Husby was here, and we are ready to go
[2026-05-21 21:59:05.756] AUTO-DISENGAGE: gear left Park (now D)
[2026-05-21 21:59:05.756] Husby was here, and we are ready to go
[2026-05-21 21:59:05.775] AUTO-DISENGAGE: gear left Park (now D)
[2026-05-21 21:59:05.775] Husby was here, and we are ready to go
[2026-05-21 21:59:05.796] AUTO-DISENGAGE: gear left Park (now D)
[2026-05-21 21:59:05.796] Husby was here, and we are ready to go
[2026-05-21 21:59:05.816] AUTO-DISENGAGE: gear left Park (now D)
[2026-05-21 21:59:05.816] Husby was here, and we are ready to go
[2026-05-21 21:59:05.819] AUTO-DISENGAGE: gear left Park (now D)
[2026-05-21 21:59:05.820] Husby was here, and we are ready to go
[2026-05-21 21:59:05.839] AUTO-DISENGAGE: gear left Park (now D)
[2026-05-21 21:59:05.839] Husby was here, and we are ready to go
[2026-05-21 21:59:05.857] AUTO-DISENGAGE: gear left Park (now D)
[2026-05-21 21:59:05.857] Husby was here, and we are ready to go
[2026-05-21 21:59:05.875] AUTO-DISENGAGE: gear left Park (now D)
[2026-05-21 21:59:05.876] Husby was here, and we are ready to go
[2026-05-21 21:59:05.896] AUTO-DISENGAGE: gear left Park (now D)
[2026-05-21 21:59:05.896] Husby was here, and we are ready to go
[2026-05-21 21:59:05.915] AUTO-DISENGAGE: gear left Park (now D)
[2026-05-21 21:59:05.915] Husby was here, and we are ready to go
[2026-05-21 21:59:05.919] AUTO-DISENGAGE: gear left Park (now D)
[2026-05-21 21:59:05.920] Husby was here, and we are ready to go
[2026-05-21 21:59:05.935] AUTO-DISENGAGE: gear left Park (now D)
[2026-05-21 21:59:05.936] Husby was here, and we are ready to go
[2026-05-21 21:59:05.955] AUTO-DISENGAGE: gear left Park (now D)
[2026-05-21 21:59:05.955] Husby was here, and we are ready to go
[2026-05-21 21:59:05.974] AUTO-DISENGAGE: gear left Park (now D)
[2026-05-21 21:59:05.974] Husby was here, and we are ready to go
[2026-05-21 21:59:05.994] AUTO-DISENGAGE: gear left Park (now D)
[2026-05-21 21:59:05.994] Husby was here, and we are ready to go
[2026-05-21 21:59:06.016] AUTO-DISENGAGE: gear left Park (now D)
[2026-05-21 21:59:06.016] Husby was here, and we are ready to go
[2026-05-21 21:59:06.019] AUTO-DISENGAGE: gear left Park (now D)
[2026-05-21 21:59:06.019] Husby was here, and we are ready to go
[2026-05-21 21:59:06.037] AUTO-DISENGAGE: gear left Park (now D)
[2026-05-21 21:59:06.038] Husby was here, and we are ready to go
[2026-05-21 21:59:06.055] AUTO-DISENGAGE: gear left Park (now D)
[2026-05-21 21:59:06.055] Husby was here, and we are ready to go
[2026-05-21 21:59:06.076] AUTO-DISENGAGE: gear left Park (now D)
[2026-05-21 21:59:06.076] Husby was here, and we are ready to go
[2026-05-21 21:59:06.095] AUTO-DISENGAGE: gear left Park (now D)
[2026-05-21 21:59:06.095] Husby was here, and we are ready to go
[2026-05-21 21:59:06.116] AUTO-DISENGAGE: gear left Park (now D)
[2026-05-21 21:59:06.116] Husby was here, and we are ready to go
[2026-05-21 21:59:06.119] AUTO-DISENGAGE: gear left Park (now D)
[2026-05-21 21:59:06.120] Husby was here, and we are ready to go
[2026-05-21 21:59:06.138] AUTO-DISENGAGE: gear left Park (now D)
[2026-05-21 21:59:06.138] Husby was here, and we are ready to go
[2026-05-21 21:59:06.156] AUTO-DISENGAGE: gear left Park (now D)
[2026-05-21 21:59:06.157] Husby was here, and we are ready to go
[2026-05-21 21:59:06.175] AUTO-DISENGAGE: gear left Park (now D)
[2026-05-21 21:59:06.175] Husby was here, and we are ready to go
[2026-05-21 21:59:06.196] AUTO-DISENGAGE: gear left Park (now D)
[2026-05-21 21:59:06.196] Husby was here, and we are ready to go
[2026-05-21 21:59:06.215] AUTO-DISENGAGE: gear left Park (now D)
[2026-05-21 21:59:06.215] Husby was here, and we are ready to go
[2026-05-21 21:59:06.219] AUTO-DISENGAGE: gear left Park (now D)
[2026-05-21 21:59:06.219] Husby was here, and we are ready to go
[2026-05-21 21:59:06.238] AUTO-DISENGAGE: gear left Park (now D)
[2026-05-21 21:59:06.238] Husby was here, and we are ready to go
[2026-05-21 21:59:06.255] AUTO-DISENGAGE: gear left Park (now D)
[2026-05-21 21:59:06.255] Husby was here, and we are ready to go
[2026-05-21 21:59:06.277] AUTO-DISENGAGE: gear left Park (now D)
[2026-05-21 21:59:06.278] Husby was here, and we are ready to go
[2026-05-21 21:59:06.296] AUTO-DISENGAGE: gear left Park (now D)
[2026-05-21 21:59:06.296] Husby was here, and we are ready to go
[2026-05-21 21:59:06.315] AUTO-DISENGAGE: gear left Park (now D)
[2026-05-21 21:59:06.315] Husby was here, and we are ready to go
[2026-05-21 21:59:06.319] AUTO-DISENGAGE: gear left Park (now D)
[2026-05-21 21:59:06.319] Husby was here, and we are ready to go
[2026-05-21 21:59:06.335] AUTO-DISENGAGE: gear left Park (now D)
[2026-05-21 21:59:06.335] Husby was here, and we are ready to go
[2026-05-21 21:59:06.355] AUTO-DISENGAGE: gear left Park (now D)
[2026-05-21 21:59:06.355] Husby was here, and we are ready to go
[2026-05-21 21:59:06.376] AUTO-DISENGAGE: gear left Park (now D)
[2026-05-21 21:59:06.376] Husby was here, and we are ready to go
[2026-05-21 21:59:06.394] AUTO-DISENGAGE: gear left Park (now D)
[2026-05-21 21:59:06.394] Husby was here, and we are ready to go
[2026-05-21 21:59:06.414] AUTO-DISENGAGE: gear left Park (now D)
[2026-05-21 21:59:06.414] Husby was here, and we are ready to go
[2026-05-21 21:59:06.419] AUTO-DISENGAGE: gear left Park (now D)
[2026-05-21 21:59:06.419] Husby was here, and we are ready to go
[2026-05-21 21:59:06.435] AUTO-DISENGAGE: gear left Park (now D)
[2026-05-21 21:59:06.435] Husby was here, and we are ready to go
[2026-05-21 21:59:06.454] AUTO-DISENGAGE: gear left Park (now D)
[2026-05-21 21:59:06.454] Husby was here, and we are ready to go
[2026-05-21 21:59:06.474] AUTO-DISENGAGE: gear left Park (now D)
[2026-05-21 21:59:06.475] Husby was here, and we are ready to go
[2026-05-21 21:59:06.494] AUTO-DISENGAGE: gear left Park (now D)
[2026-05-21 21:59:06.494] Husby was here, and we are ready to go
[2026-05-21 21:59:06.515] AUTO-DISENGAGE: gear left Park (now D)
[2026-05-21 21:59:06.515] Husby was here, and we are ready to go
[2026-05-21 21:59:06.519] AUTO-DISENGAGE: gear left Park (now D)
[2026-05-21 21:59:06.519] Husby was here, and we are ready to go
[2026-05-21 21:59:06.535] AUTO-DISENGAGE: gear left Park (now D)
[2026-05-21 21:59:06.535] Husby was here, and we are ready to go
[2026-05-21 21:59:06.555] AUTO-DISENGAGE: gear left Park (now D)
[2026-05-21 21:59:06.555] Husby was here, and we are ready to go
[2026-05-21 21:59:06.576] AUTO-DISENGAGE: gear left Park (now D)
[2026-05-21 21:59:06.577] Husby was here, and we are ready to go
[2026-05-21 21:59:06.596] AUTO-DISENGAGE: gear left Park (now D)
[2026-05-21 21:59:06.596] Husby was here, and we are ready to go
[2026-05-21 21:59:06.616] AUTO-DISENGAGE: gear left Park (now D)
[2026-05-21 21:59:06.616] Husby was here, and we are ready to go
[2026-05-21 21:59:06.619] AUTO-DISENGAGE: gear left Park (now D)
[2026-05-21 21:59:06.619] Husby was here, and we are ready to go
[2026-05-21 21:59:06.635] AUTO-DISENGAGE: gear left Park (now D)
[2026-05-21 21:59:06.635] Husby was here, and we are ready to go
[2026-05-21 21:59:06.655] AUTO-DISENGAGE: gear left Park (now D)
[2026-05-21 21:59:06.655] Husby was here, and we are ready to go
[2026-05-21 21:59:06.675] AUTO-DISENGAGE: gear left Park (now D)
[2026-05-21 21:59:06.675] Husby was here, and we are ready to go
[2026-05-21 21:59:06.696] AUTO-DISENGAGE: gear left Park (now D)
[2026-05-21 21:59:06.696] Husby was here, and we are ready to go
[2026-05-21 21:59:06.717] AUTO-DISENGAGE: gear left Park (now D)
[2026-05-21 21:59:06.717] Husby was here, and we are ready to go
[2026-05-21 21:59:06.719] AUTO-DISENGAGE: gear left Park (now D)
[2026-05-21 21:59:06.720] Husby was here, and we are ready to go
[2026-05-21 21:59:06.739] AUTO-DISENGAGE: gear left Park (now D)
[2026-05-21 21:59:06.739] Husby was here, and we are ready to go
[2026-05-21 21:59:06.755] AUTO-DISENGAGE: gear left Park (now D)
[2026-05-21 21:59:06.755] Husby was here, and we are ready to go
[2026-05-21 21:59:06.776] AUTO-DISENGAGE: gear left Park (now D)
[2026-05-21 21:59:06.776] Husby was here, and we are ready to go
[2026-05-21 21:59:06.795] AUTO-DISENGAGE: gear left Park (now D)
[2026-05-21 21:59:06.795] Husby was here, and we are ready to go
[2026-05-21 21:59:06.815] AUTO-DISENGAGE: gear left Park (now D)
[2026-05-21 21:59:06.815] Husby was here, and we are ready to go
[2026-05-21 21:59:06.819] AUTO-DISENGAGE: gear left Park (now D)
[2026-05-21 21:59:06.819] Husby was here, and we are ready to go
[2026-05-21 21:59:06.836] AUTO-DISENGAGE: gear left Park (now D)
[2026-05-21 21:59:06.836] Husby was here, and we are ready to go
[2026-05-21 21:59:06.856] AUTO-DISENGAGE: gear left Park (now D)
[2026-05-21 21:59:06.856] Husby was here, and we are ready to go
[2026-05-21 21:59:06.874] AUTO-DISENGAGE: gear left Park (now D)
[2026-05-21 21:59:06.874] Husby was here, and we are ready to go
[2026-05-21 21:59:06.894] AUTO-DISENGAGE: gear left Park (now D)
[2026-05-21 21:59:06.894] Husby was here, and we are ready to go
[2026-05-21 21:59:06.914] AUTO-DISENGAGE: gear left Park (now D)
[2026-05-21 21:59:06.915] Husby was here, and we are ready to go
[2026-05-21 21:59:06.919] AUTO-DISENGAGE: gear left Park (now D)
[2026-05-21 21:59:06.919] Husby was here, and we are ready to go
[2026-05-21 21:59:06.939] AUTO-DISENGAGE: gear left Park (now D)
[2026-05-21 21:59:06.939] Husby was here, and we are ready to go
[2026-05-21 21:59:06.956] AUTO-DISENGAGE: gear left Park (now D)
[2026-05-21 21:59:06.956] Husby was here, and we are ready to go
[2026-05-21 21:59:06.975] AUTO-DISENGAGE: gear left Park (now D)
[2026-05-21 21:59:06.975] Husby was here, and we are ready to go
[2026-05-21 21:59:06.994] AUTO-DISENGAGE: gear left Park (now D)
[2026-05-21 21:59:06.994] Husby was here, and we are ready to go
[2026-05-21 21:59:07.014] AUTO-DISENGAGE: gear left Park (now D)
[2026-05-21 21:59:07.014] Husby was here, and we are ready to go
[2026-05-21 21:59:07.019] AUTO-DISENGAGE: gear left Park (now D)
[2026-05-21 21:59:07.019] Husby was here, and we are ready to go
[2026-05-21 21:59:07.035] AUTO-DISENGAGE: gear left Park (now D)
[2026-05-21 21:59:07.035] Husby was here, and we are ready to go
[2026-05-21 21:59:07.054] AUTO-DISENGAGE: gear left Park (now D)
[2026-05-21 21:59:07.055] Husby was here, and we are ready to go
[2026-05-21 21:59:07.075] AUTO-DISENGAGE: gear left Park (now D)
[2026-05-21 21:59:07.075] Husby was here, and we are ready to go
[2026-05-21 21:59:07.094] AUTO-DISENGAGE: gear left Park (now D)
[2026-05-21 21:59:07.094] Husby was here, and we are ready to go
[2026-05-21 21:59:07.115] AUTO-DISENGAGE: gear left Park (now D)
[2026-05-21 21:59:07.115] Husby was here, and we are ready to go
[2026-05-21 21:59:07.119] AUTO-DISENGAGE: gear left Park (now D)
[2026-05-21 21:59:07.119] Husby was here, and we are ready to go
[2026-05-21 21:59:07.135] AUTO-DISENGAGE: gear left Park (now D)
[2026-05-21 21:59:07.135] Husby was here, and we are ready to go
[2026-05-21 21:59:07.155] AUTO-DISENGAGE: gear left Park (now D)
[2026-05-21 21:59:07.155] Husby was here, and we are ready to go
[2026-05-21 21:59:07.176] AUTO-DISENGAGE: gear left Park (now D)
[2026-05-21 21:59:07.176] Husby was here, and we are ready to go
[2026-05-21 21:59:07.196] AUTO-DISENGAGE: gear left Park (now D)
[2026-05-21 21:59:07.196] Husby was here, and we are ready to go
[2026-05-21 21:59:07.216] AUTO-DISENGAGE: gear left Park (now D)
[2026-05-21 21:59:07.216] Husby was here, and we are ready to go
[2026-05-21 21:59:07.219] AUTO-DISENGAGE: gear left Park (now D)
[2026-05-21 21:59:07.219] Husby was here, and we are ready to go
[2026-05-21 21:59:07.235] AUTO-DISENGAGE: gear left Park (now D)
[2026-05-21 21:59:07.236] Husby was here, and we are ready to go
[2026-05-21 21:59:07.255] AUTO-DISENGAGE: gear left Park (now D)
[2026-05-21 21:59:07.255] Husby was here, and we are ready to go
[2026-05-21 21:59:07.276] AUTO-DISENGAGE: gear left Park (now D)
[2026-05-21 21:59:07.276] Husby was here, and we are ready to go
[2026-05-21 21:59:07.295] AUTO-DISENGAGE: gear left Park (now D)
[2026-05-21 21:59:07.296] Husby was here, and we are ready to go
[2026-05-21 21:59:07.317] AUTO-DISENGAGE: gear left Park (now D)
[2026-05-21 21:59:07.317] Husby was here, and we are ready to go
[2026-05-21 21:59:07.319] AUTO-DISENGAGE: gear left Park (now D)
[2026-05-21 21:59:07.319] Husby was here, and we are ready to go
[2026-05-21 21:59:07.337] AUTO-DISENGAGE: gear left Park (now D)
[2026-05-21 21:59:07.338] Husby was here, and we are ready to go
[2026-05-21 21:59:07.356] AUTO-DISENGAGE: gear left Park (now D)
[2026-05-21 21:59:07.356] Husby was here, and we are ready to go
[2026-05-21 21:59:07.376] AUTO-DISENGAGE: gear left Park (now D)
[2026-05-21 21:59:07.376] Husby was here, and we are ready to go
[2026-05-21 21:59:07.395] AUTO-DISENGAGE: gear left Park (now D)
[2026-05-21 21:59:07.395] Husby was here, and we are ready to go
[2026-05-21 21:59:07.414] AUTO-DISENGAGE: gear left Park (now D)
[2026-05-21 21:59:07.414] Husby was here, and we are ready to go
[2026-05-21 21:59:07.419] AUTO-DISENGAGE: gear left Park (now D)
[2026-05-21 21:59:07.419] Husby was here, and we are ready to go
[2026-05-21 21:59:07.435] AUTO-DISENGAGE: gear left Park (now D)
[2026-05-21 21:59:07.435] Husby was here, and we are ready to go
[2026-05-21 21:59:07.454] AUTO-DISENGAGE: gear left Park (now D)
[2026-05-21 21:59:07.454] Husby was here, and we are ready to go
[2026-05-21 21:59:07.476] AUTO-DISENGAGE: gear left Park (now D)
[2026-05-21 21:59:07.476] Husby was here, and we are ready to go
[2026-05-21 21:59:07.496] AUTO-DISENGAGE: gear left Park (now D)
[2026-05-21 21:59:07.496] Husby was here, and we are ready to go
[2026-05-21 21:59:07.516] AUTO-DISENGAGE: gear left Park (now D)
[2026-05-21 21:59:07.516] Husby was here, and we are ready to go
[2026-05-21 21:59:07.519] AUTO-DISENGAGE: gear left Park (now D)
[2026-05-21 21:59:07.519] Husby was here, and we are ready to go
[2026-05-21 21:59:07.536] AUTO-DISENGAGE: gear left Park (now D)
[2026-05-21 21:59:07.536] Husby was here, and we are ready to go
[2026-05-21 21:59:07.555] AUTO-DISENGAGE: gear left Park (now D)
[2026-05-21 21:59:07.555] Husby was here, and we are ready to go
[2026-05-21 21:59:07.575] AUTO-DISENGAGE: gear left Park (now D)
[2026-05-21 21:59:07.576] Husby was here, and we are ready to go
[2026-05-21 21:59:07.595] AUTO-DISENGAGE: gear left Park (now D)
[2026-05-21 21:59:07.596] Husby was here, and we are ready to go
[2026-05-21 21:59:07.615] AUTO-DISENGAGE: gear left Park (now D)
[2026-05-21 21:59:07.615] Husby was here, and we are ready to go
[2026-05-21 21:59:07.619] AUTO-DISENGAGE: gear left Park (now D)
[2026-05-21 21:59:07.619] Husby was here, and we are ready to go
[2026-05-21 21:59:07.635] AUTO-DISENGAGE: gear left Park (now D)
[2026-05-21 21:59:07.635] Husby was here, and we are ready to go
[2026-05-21 21:59:07.655] AUTO-DISENGAGE: gear left Park (now D)
[2026-05-21 21:59:07.655] Husby was here, and we are ready to go
[2026-05-21 21:59:07.675] AUTO-DISENGAGE: gear left Park (now D)
[2026-05-21 21:59:07.675] Husby was here, and we are ready to go
[2026-05-21 21:59:07.695] AUTO-DISENGAGE: gear left Park (now D)
[2026-05-21 21:59:07.695] Husby was here, and we are ready to go
[2026-05-21 21:59:07.715] AUTO-DISENGAGE: gear left Park (now D)
[2026-05-21 21:59:07.715] Husby was here, and we are ready to go
[2026-05-21 21:59:07.719] AUTO-DISENGAGE: gear left Park (now D)
[2026-05-21 21:59:07.719] Husby was here, and we are ready to go
[2026-05-21 21:59:07.735] AUTO-DISENGAGE: gear left Park (now D)
[2026-05-21 21:59:07.735] Husby was here, and we are ready to go
[2026-05-21 21:59:07.756] AUTO-DISENGAGE: gear left Park (now D)
[2026-05-21 21:59:07.757] Husby was here, and we are ready to go
[2026-05-21 21:59:07.777] AUTO-DISENGAGE: gear left Park (now D)
[2026-05-21 21:59:07.777] Husby was here, and we are ready to go
[2026-05-21 21:59:07.797] AUTO-DISENGAGE: gear left Park (now D)
[2026-05-21 21:59:07.797] Husby was here, and we are ready to go
[2026-05-21 21:59:07.815] AUTO-DISENGAGE: gear left Park (now D)
[2026-05-21 21:59:07.816] Husby was here, and we are ready to go
[2026-05-21 21:59:07.819] AUTO-DISENGAGE: gear left Park (now D)
[2026-05-21 21:59:07.820] Husby was here, and we are ready to go
[2026-05-21 21:59:07.835] AUTO-DISENGAGE: gear left Park (now D)
[2026-05-21 21:59:07.835] Husby was here, and we are ready to go
[2026-05-21 21:59:07.855] AUTO-DISENGAGE: gear left Park (now D)
[2026-05-21 21:59:07.855] Husby was here, and we are ready to go
[2026-05-21 21:59:07.875] AUTO-DISENGAGE: gear left Park (now D)
[2026-05-21 21:59:07.875] Husby was here, and we are ready to go
[2026-05-21 21:59:07.894] AUTO-DISENGAGE: gear left Park (now D)
[2026-05-21 21:59:07.894] Husby was here, and we are ready to go
[2026-05-21 21:59:07.915] AUTO-DISENGAGE: gear left Park (now D)
[2026-05-21 21:59:07.915] Husby was here, and we are ready to go
[2026-05-21 21:59:07.919] AUTO-DISENGAGE: gear left Park (now D)
[2026-05-21 21:59:07.920] Husby was here, and we are ready to go
[2026-05-21 21:59:07.936] AUTO-DISENGAGE: gear left Park (now D)
[2026-05-21 21:59:07.937] Husby was here, and we are ready to go
[2026-05-21 21:59:07.956] AUTO-DISENGAGE: gear left Park (now D)
[2026-05-21 21:59:07.956] Husby was here, and we are ready to go
[2026-05-21 21:59:07.977] AUTO-DISENGAGE: gear left Park (now D)
[2026-05-21 21:59:07.977] Husby was here, and we are ready to go
[2026-05-21 21:59:07.995] AUTO-DISENGAGE: gear left Park (now D)
[2026-05-21 21:59:07.996] Husby was here, and we are ready to go
[2026-05-21 21:59:08.015] AUTO-DISENGAGE: gear left Park (now D)
[2026-05-21 21:59:08.015] Husby was here, and we are ready to go
[2026-05-21 21:59:08.019] AUTO-DISENGAGE: gear left Park (now D)
[2026-05-21 21:59:08.019] Husby was here, and we are ready to go
[2026-05-21 21:59:08.036] AUTO-DISENGAGE: gear left Park (now D)
[2026-05-21 21:59:08.036] Husby was here, and we are ready to go
[2026-05-21 21:59:08.056] AUTO-DISENGAGE: gear left Park (now D)
[2026-05-21 21:59:08.056] Husby was here, and we are ready to go
[2026-05-21 21:59:08.074] AUTO-DISENGAGE: gear left Park (now D)
[2026-05-21 21:59:08.075] Husby was here, and we are ready to go
[2026-05-21 21:59:08.094] AUTO-DISENGAGE: gear left Park (now D)
[2026-05-21 21:59:08.095] Husby was here, and we are ready to go
[2026-05-21 21:59:08.116] AUTO-DISENGAGE: gear left Park (now D)
[2026-05-21 21:59:08.116] Husby was here, and we are ready to go
[2026-05-21 21:59:08.119] AUTO-DISENGAGE: gear left Park (now D)
[2026-05-21 21:59:08.120] Husby was here, and we are ready to go
[2026-05-21 21:59:08.137] AUTO-DISENGAGE: gear left Park (now D)
[2026-05-21 21:59:08.137] Husby was here, and we are ready to go
[2026-05-21 21:59:08.157] AUTO-DISENGAGE: gear left Park (now D)
[2026-05-21 21:59:08.158] Husby was here, and we are ready to go
[2026-05-21 21:59:08.176] AUTO-DISENGAGE: gear left Park (now D)
[2026-05-21 21:59:08.176] Husby was here, and we are ready to go
[2026-05-21 21:59:08.195] AUTO-DISENGAGE: gear left Park (now D)
[2026-05-21 21:59:08.195] Husby was here, and we are ready to go
[2026-05-21 21:59:08.215] AUTO-DISENGAGE: gear left Park (now D)
[2026-05-21 21:59:08.215] Husby was here, and we are ready to go
[2026-05-21 21:59:08.219] AUTO-DISENGAGE: gear left Park (now D)
[2026-05-21 21:59:08.220] Husby was here, and we are ready to go
[2026-05-21 21:59:08.237] AUTO-DISENGAGE: gear left Park (now D)
[2026-05-21 21:59:08.238] Husby was here, and we are ready to go
[2026-05-21 21:59:08.256] AUTO-DISENGAGE: gear left Park (now D)
[2026-05-21 21:59:08.256] Husby was here, and we are ready to go
[2026-05-21 21:59:08.277] AUTO-DISENGAGE: gear left Park (now D)
[2026-05-21 21:59:08.277] Husby was here, and we are ready to go
[2026-05-21 21:59:08.296] AUTO-DISENGAGE: gear left Park (now D)
[2026-05-21 21:59:08.296] Husby was here, and we are ready to go
[2026-05-21 21:59:08.315] AUTO-DISENGAGE: gear left Park (now D)
[2026-05-21 21:59:08.315] Husby was here, and we are ready to go
[2026-05-21 21:59:08.319] AUTO-DISENGAGE: gear left Park (now D)
[2026-05-21 21:59:08.319] Husby was here, and we are ready to go
[2026-05-21 21:59:08.336] AUTO-DISENGAGE: gear left Park (now D)
[2026-05-21 21:59:08.336] Husby was here, and we are ready to go
[2026-05-21 21:59:08.355] AUTO-DISENGAGE: gear left Park (now D)
[2026-05-21 21:59:08.355] Husby was here, and we are ready to go
[2026-05-21 21:59:08.377] AUTO-DISENGAGE: gear left Park (now D)
[2026-05-21 21:59:08.377] Husby was here, and we are ready to go
[2026-05-21 21:59:08.395] AUTO-DISENGAGE: gear left Park (now D)
[2026-05-21 21:59:08.395] Husby was here, and we are ready to go
[2026-05-21 21:59:08.415] AUTO-DISENGAGE: gear left Park (now D)
[2026-05-21 21:59:08.415] Husby was here, and we are ready to go
[2026-05-21 21:59:08.419] AUTO-DISENGAGE: gear left Park (now D)
[2026-05-21 21:59:08.419] Husby was here, and we are ready to go
[2026-05-21 21:59:08.435] AUTO-DISENGAGE: gear left Park (now D)
[2026-05-21 21:59:08.435] Husby was here, and we are ready to go
[2026-05-21 21:59:08.455] AUTO-DISENGAGE: gear left Park (now D)
[2026-05-21 21:59:08.455] Husby was here, and we are ready to go
[2026-05-21 21:59:08.475] AUTO-DISENGAGE: gear left Park (now D)
[2026-05-21 21:59:08.475] Husby was here, and we are ready to go
[2026-05-21 21:59:08.495] AUTO-DISENGAGE: gear left Park (now D)
[2026-05-21 21:59:08.495] Husby was here, and we are ready to go
[2026-05-21 21:59:08.515] AUTO-DISENGAGE: gear left Park (now D)
[2026-05-21 21:59:08.515] Husby was here, and we are ready to go
[2026-05-21 21:59:08.519] AUTO-DISENGAGE: gear left Park (now D)
[2026-05-21 21:59:08.519] Husby was here, and we are ready to go
[2026-05-21 21:59:08.535] AUTO-DISENGAGE: gear left Park (now D)
[2026-05-21 21:59:08.535] Husby was here, and we are ready to go
[2026-05-21 21:59:08.554] AUTO-DISENGAGE: gear left Park (now D)
[2026-05-21 21:59:08.554] Husby was here, and we are ready to go
[2026-05-21 21:59:08.574] AUTO-DISENGAGE: gear left Park (now D)
[2026-05-21 21:59:08.574] Husby was here, and we are ready to go
[2026-05-21 21:59:08.594] AUTO-DISENGAGE: gear left Park (now D)
[2026-05-21 21:59:08.594] Husby was here, and we are ready to go
[2026-05-21 21:59:08.614] AUTO-DISENGAGE: gear left Park (now D)
[2026-05-21 21:59:08.614] Husby was here, and we are ready to go
[2026-05-21 21:59:08.619] AUTO-DISENGAGE: gear left Park (now D)
[2026-05-21 21:59:08.619] Husby was here, and we are ready to go
[2026-05-21 21:59:08.635] AUTO-DISENGAGE: gear left Park (now D)
[2026-05-21 21:59:08.635] Husby was here, and we are ready to go
[2026-05-21 21:59:08.655] AUTO-DISENGAGE: gear left Park (now D)
[2026-05-21 21:59:08.655] Husby was here, and we are ready to go
[2026-05-21 21:59:08.679] AUTO-DISENGAGE: gear left Park (now D)
[2026-05-21 21:59:08.679] Husby was here, and we are ready to go
[2026-05-21 21:59:08.699] AUTO-DISENGAGE: gear left Park (now D)
[2026-05-21 21:59:08.699] Husby was here, and we are ready to go
[2026-05-21 21:59:08.720] AUTO-DISENGAGE: gear left Park (now D)
[2026-05-21 21:59:08.720] Husby was here, and we are ready to go
[2026-05-21 21:59:08.721] AUTO-DISENGAGE: gear left Park (now D)
[2026-05-21 21:59:08.721] Husby was here, and we are ready to go
[2026-05-21 21:59:08.746] AUTO-DISENGAGE: gear left Park (now D)
[2026-05-21 21:59:08.746] Husby was here, and we are ready to go
[2026-05-21 21:59:08.759] AUTO-DISENGAGE: gear left Park (now D)
[2026-05-21 21:59:08.759] Husby was here, and we are ready to go
[2026-05-21 21:59:08.780] AUTO-DISENGAGE: gear left Park (now D)
[2026-05-21 21:59:08.780] Husby was here, and we are ready to go
[2026-05-21 21:59:08.800] AUTO-DISENGAGE: gear left Park (now D)
[2026-05-21 21:59:08.800] Husby was here, and we are ready to go
[2026-05-21 21:59:08.820] AUTO-DISENGAGE: gear left Park (now D)
[2026-05-21 21:59:08.820] Husby was here, and we are ready to go
[2026-05-21 21:59:08.821] AUTO-DISENGAGE: gear left Park (now D)
[2026-05-21 21:59:08.821] Husby was here, and we are ready to go
[2026-05-21 21:59:08.844] AUTO-DISENGAGE: gear left Park (now D)
[2026-05-21 21:59:08.845] Husby was here, and we are ready to go
[2026-05-21 21:59:08.859] AUTO-DISENGAGE: gear left Park (now D)
[2026-05-21 21:59:08.859] Husby was here, and we are ready to go
[2026-05-21 21:59:08.881] AUTO-DISENGAGE: gear left Park (now D)
[2026-05-21 21:59:08.881] Husby was here, and we are ready to go
[2026-05-21 21:59:08.899] AUTO-DISENGAGE: gear left Park (now D)
[2026-05-21 21:59:08.899] Husby was here, and we are ready to go
[2026-05-21 21:59:08.920] AUTO-DISENGAGE: gear left Park (now D)
[2026-05-21 21:59:08.920] Husby was here, and we are ready to go
[2026-05-21 21:59:08.921] AUTO-DISENGAGE: gear left Park (now D)
[2026-05-21 21:59:08.921] Husby was here, and we are ready to go
[2026-05-21 21:59:08.944] AUTO-DISENGAGE: gear left Park (now D)
[2026-05-21 21:59:08.944] Husby was here, and we are ready to go
[2026-05-21 21:59:08.959] AUTO-DISENGAGE: gear left Park (now D)
[2026-05-21 21:59:08.959] Husby was here, and we are ready to go
[2026-05-21 21:59:08.979] AUTO-DISENGAGE: gear left Park (now D)
[2026-05-21 21:59:08.979] Husby was here, and we are ready to go
[2026-05-21 21:59:08.999] AUTO-DISENGAGE: gear left Park (now D)
[2026-05-21 21:59:08.999] Husby was here, and we are ready to go
[2026-05-21 21:59:09.020] AUTO-DISENGAGE: gear left Park (now D)
[2026-05-21 21:59:09.020] Husby was here, and we are ready to go
[2026-05-21 21:59:09.021] AUTO-DISENGAGE: gear left Park (now D)
[2026-05-21 21:59:09.021] Husby was here, and we are ready to go
[2026-05-21 21:59:09.041] AUTO-DISENGAGE: gear left Park (now D)
[2026-05-21 21:59:09.041] Husby was here, and we are ready to go
[2026-05-21 21:59:09.059] AUTO-DISENGAGE: gear left Park (now D)
[2026-05-21 21:59:09.059] Husby was here, and we are ready to go
[2026-05-21 21:59:09.079] AUTO-DISENGAGE: gear left Park (now D)
[2026-05-21 21:59:09.079] Husby was here, and we are ready to go
[2026-05-21 21:59:09.099] AUTO-DISENGAGE: gear left Park (now D)
[2026-05-21 21:59:09.099] Husby was here, and we are ready to go
[2026-05-21 21:59:09.119] AUTO-DISENGAGE: gear left Park (now D)
[2026-05-21 21:59:09.119] Husby was here, and we are ready to go
[2026-05-21 21:59:09.121] AUTO-DISENGAGE: gear left Park (now D)
[2026-05-21 21:59:09.121] Husby was here, and we are ready to go
[2026-05-21 21:59:09.141] AUTO-DISENGAGE: gear left Park (now D)
[2026-05-21 21:59:09.141] Husby was here, and we are ready to go
[2026-05-21 21:59:09.162] AUTO-DISENGAGE: gear left Park (now D)
[2026-05-21 21:59:09.163] Husby was here, and we are ready to go
[2026-05-21 21:59:09.181] AUTO-DISENGAGE: gear left Park (now D)
[2026-05-21 21:59:09.181] Husby was here, and we are ready to go
[2026-05-21 21:59:09.199] AUTO-DISENGAGE: gear left Park (now D)
[2026-05-21 21:59:09.200] Husby was here, and we are ready to go
[2026-05-21 21:59:09.219] AUTO-DISENGAGE: gear left Park (now D)
[2026-05-21 21:59:09.219] Husby was here, and we are ready to go
[2026-05-21 21:59:09.221] AUTO-DISENGAGE: gear left Park (now D)
[2026-05-21 21:59:09.221] Husby was here, and we are ready to go
[2026-05-21 21:59:09.240] AUTO-DISENGAGE: gear left Park (now D)
[2026-05-21 21:59:09.241] Husby was here, and we are ready to go
[2026-05-21 21:59:09.259] AUTO-DISENGAGE: gear left Park (now D)
[2026-05-21 21:59:09.259] Husby was here, and we are ready to go
[2026-05-21 21:59:09.280] AUTO-DISENGAGE: gear left Park (now D)
[2026-05-21 21:59:09.280] Husby was here, and we are ready to go
[2026-05-21 21:59:09.299] AUTO-DISENGAGE: gear left Park (now D)
[2026-05-21 21:59:09.299] Husby was here, and we are ready to go
[2026-05-21 21:59:09.319] AUTO-DISENGAGE: gear left Park (now D)
[2026-05-21 21:59:09.319] Husby was here, and we are ready to go
[2026-05-21 21:59:09.321] AUTO-DISENGAGE: gear left Park (now D)
[2026-05-21 21:59:09.321] Husby was here, and we are ready to go
[2026-05-21 21:59:09.346] AUTO-DISENGAGE: gear left Park (now D)
[2026-05-21 21:59:09.346] Husby was here, and we are ready to go
[2026-05-21 21:59:09.359] AUTO-DISENGAGE: gear left Park (now D)
[2026-05-21 21:59:09.359] Husby was here, and we are ready to go
[2026-05-21 21:59:09.380] AUTO-DISENGAGE: gear left Park (now D)
[2026-05-21 21:59:09.381] Husby was here, and we are ready to go
[2026-05-21 21:59:09.399] AUTO-DISENGAGE: gear left Park (now D)
[2026-05-21 21:59:09.399] Husby was here, and we are ready to go
[2026-05-21 21:59:09.419] AUTO-DISENGAGE: gear left Park (now D)
[2026-05-21 21:59:09.419] Husby was here, and we are ready to go
[2026-05-21 21:59:09.421] AUTO-DISENGAGE: gear left Park (now D)
[2026-05-21 21:59:09.421] Husby was here, and we are ready to go
[2026-05-21 21:59:09.440] AUTO-DISENGAGE: gear left Park (now D)
[2026-05-21 21:59:09.440] Husby was here, and we are ready to go
[2026-05-21 21:59:09.459] AUTO-DISENGAGE: gear left Park (now D)
[2026-05-21 21:59:09.459] Husby was here, and we are ready to go
[2026-05-21 21:59:09.481] AUTO-DISENGAGE: gear left Park (now D)
[2026-05-21 21:59:09.481] Husby was here, and we are ready to go
[2026-05-21 21:59:09.506] AUTO-DISENGAGE: gear left Park (now D)
[2026-05-21 21:59:09.506] Husby was here, and we are ready to go
[2026-05-21 21:59:09.523] AUTO-DISENGAGE: gear left Park (now D)
[2026-05-21 21:59:09.523] Husby was here, and we are ready to go
[2026-05-21 21:59:09.526] AUTO-DISENGAGE: gear left Park (now D)
[2026-05-21 21:59:09.526] Husby was here, and we are ready to go
[2026-05-21 21:59:09.543] AUTO-DISENGAGE: gear left Park (now D)
[2026-05-21 21:59:09.543] Husby was here, and we are ready to go
[2026-05-21 21:59:09.566] AUTO-DISENGAGE: gear left Park (now D)
[2026-05-21 21:59:09.567] Husby was here, and we are ready to go
[2026-05-21 21:59:09.581] AUTO-DISENGAGE: gear left Park (now D)
[2026-05-21 21:59:09.582] Husby was here, and we are ready to go
[2026-05-21 21:59:09.605] AUTO-DISENGAGE: gear left Park (now D)
[2026-05-21 21:59:09.606] Husby was here, and we are ready to go
[2026-05-21 21:59:09.621] AUTO-DISENGAGE: gear left Park (now D)
[2026-05-21 21:59:09.621] Husby was here, and we are ready to go
[2026-05-21 21:59:09.625] AUTO-DISENGAGE: gear left Park (now D)
[2026-05-21 21:59:09.626] Husby was here, and we are ready to go
[2026-05-21 21:59:09.641] AUTO-DISENGAGE: gear left Park (now D)
[2026-05-21 21:59:09.641] Husby was here, and we are ready to go
[2026-05-21 21:59:09.661] AUTO-DISENGAGE: gear left Park (now D)
[2026-05-21 21:59:09.661] Husby was here, and we are ready to go
[2026-05-21 21:59:09.681] AUTO-DISENGAGE: gear left Park (now D)
[2026-05-21 21:59:09.681] Husby was here, and we are ready to go
[2026-05-21 21:59:09.701] AUTO-DISENGAGE: gear left Park (now D)
[2026-05-21 21:59:09.701] Husby was here, and we are ready to go
[2026-05-21 21:59:09.729] AUTO-DISENGAGE: gear left Park (now D)
[2026-05-21 21:59:09.730] Husby was here, and we are ready to go
[2026-05-21 21:59:09.733] AUTO-DISENGAGE: gear left Park (now D)
[2026-05-21 21:59:09.733] Husby was here, and we are ready to go
[2026-05-21 21:59:09.741] AUTO-DISENGAGE: gear left Park (now D)
[2026-05-21 21:59:09.741] Husby was here, and we are ready to go
[2026-05-21 21:59:09.768] AUTO-DISENGAGE: gear left Park (now D)
[2026-05-21 21:59:09.768] Husby was here, and we are ready to go
[2026-05-21 21:59:09.782] AUTO-DISENGAGE: gear left Park (now D)
[2026-05-21 21:59:09.782] Husby was here, and we are ready to go
[2026-05-21 21:59:09.801] AUTO-DISENGAGE: gear left Park (now D)
[2026-05-21 21:59:09.801] Husby was here, and we are ready to go
[2026-05-21 21:59:09.822] AUTO-DISENGAGE: gear left Park (now D)
[2026-05-21 21:59:09.822] Husby was here, and we are ready to go
[2026-05-21 21:59:09.832] AUTO-DISENGAGE: gear left Park (now D)
[2026-05-21 21:59:09.832] Husby was here, and we are ready to go
[2026-05-21 21:59:09.840] AUTO-DISENGAGE: gear left Park (now D)
[2026-05-21 21:59:09.840] Husby was here, and we are ready to go
[2026-05-21 21:59:09.865] AUTO-DISENGAGE: gear left Park (now D)
[2026-05-21 21:59:09.865] Husby was here, and we are ready to go
[2026-05-21 21:59:09.881] AUTO-DISENGAGE: gear left Park (now D)
[2026-05-21 21:59:09.881] Husby was here, and we are ready to go
[2026-05-21 21:59:09.901] AUTO-DISENGAGE: gear left Park (now D)
[2026-05-21 21:59:09.901] Husby was here, and we are ready to go
[2026-05-21 21:59:09.927] AUTO-DISENGAGE: gear left Park (now D)
[2026-05-21 21:59:09.927] Husby was here, and we are ready to go
[2026-05-21 21:59:09.931] AUTO-DISENGAGE: gear left Park (now D)
[2026-05-21 21:59:09.931] Husby was here, and we are ready to go
[2026-05-21 21:59:09.945] AUTO-DISENGAGE: gear left Park (now D)
[2026-05-21 21:59:09.945] Husby was here, and we are ready to go
[2026-05-21 21:59:09.964] AUTO-DISENGAGE: gear left Park (now D)
[2026-05-21 21:59:09.964] Husby was here, and we are ready to go
[2026-05-21 21:59:09.984] AUTO-DISENGAGE: gear left Park (now D)
[2026-05-21 21:59:09.985] Husby was here, and we are ready to go
[2026-05-21 21:59:10.003] AUTO-DISENGAGE: gear left Park (now D)
[2026-05-21 21:59:10.003] Husby was here, and we are ready to go
[2026-05-21 21:59:10.023] AUTO-DISENGAGE: gear left Park (now D)
[2026-05-21 21:59:10.024] Husby was here, and we are ready to go
[2026-05-21 21:59:10.033] AUTO-DISENGAGE: gear left Park (now D)
[2026-05-21 21:59:10.033] Husby was here, and we are ready to go
[2026-05-21 21:59:10.040] AUTO-DISENGAGE: gear left Park (now D)
[2026-05-21 21:59:10.041] Husby was here, and we are ready to go
[2026-05-21 21:59:10.068] AUTO-DISENGAGE: gear left Park (now D)
[2026-05-21 21:59:10.068] Husby was here, and we are ready to go
[2026-05-21 21:59:10.081] AUTO-DISENGAGE: gear left Park (now D)
[2026-05-21 21:59:10.081] Husby was here, and we are ready to go
[2026-05-21 21:59:10.101] AUTO-DISENGAGE: gear left Park (now D)
[2026-05-21 21:59:10.101] Husby was here, and we are ready to go
[2026-05-21 21:59:10.121] AUTO-DISENGAGE: gear left Park (now D)
[2026-05-21 21:59:10.122] Husby was here, and we are ready to go
[2026-05-21 21:59:10.132] AUTO-DISENGAGE: gear left Park (now D)
[2026-05-21 21:59:10.132] Husby was here, and we are ready to go
[2026-05-21 21:59:10.141] AUTO-DISENGAGE: gear left Park (now D)
[2026-05-21 21:59:10.141] Husby was here, and we are ready to go
[2026-05-21 21:59:10.163] AUTO-DISENGAGE: gear left Park (now D)
[2026-05-21 21:59:10.163] Husby was here, and we are ready to go
[2026-05-21 21:59:10.181] AUTO-DISENGAGE: gear left Park (now D)
[2026-05-21 21:59:10.181] Husby was here, and we are ready to go
[2026-05-21 21:59:10.201] AUTO-DISENGAGE: gear left Park (now D)
[2026-05-21 21:59:10.201] Husby was here, and we are ready to go
[2026-05-21 21:59:10.227] AUTO-DISENGAGE: gear left Park (now D)
[2026-05-21 21:59:10.227] Husby was here, and we are ready to go
[2026-05-21 21:59:10.231] AUTO-DISENGAGE: gear left Park (now D)
[2026-05-21 21:59:10.232] Husby was here, and we are ready to go
[2026-05-21 21:59:10.245] AUTO-DISENGAGE: gear left Park (now D)
[2026-05-21 21:59:10.245] Husby was here, and we are ready to go
[2026-05-21 21:59:10.263] AUTO-DISENGAGE: gear left Park (now D)
[2026-05-21 21:59:10.264] Husby was here, and we are ready to go
[2026-05-21 21:59:10.284] AUTO-DISENGAGE: gear left Park (now D)
[2026-05-21 21:59:10.285] Husby was here, and we are ready to go
[2026-05-21 21:59:10.307] AUTO-DISENGAGE: gear left Park (now D)
[2026-05-21 21:59:10.307] Husby was here, and we are ready to go
[2026-05-21 21:59:10.322] AUTO-DISENGAGE: gear left Park (now D)
[2026-05-21 21:59:10.322] Husby was here, and we are ready to go
[2026-05-21 21:59:10.332] AUTO-DISENGAGE: gear left Park (now D)
[2026-05-21 21:59:10.333] Husby was here, and we are ready to go
[2026-05-21 21:59:10.340] AUTO-DISENGAGE: gear left Park (now D)
[2026-05-21 21:59:10.341] Husby was here, and we are ready to go
[2026-05-21 21:59:10.363] AUTO-DISENGAGE: gear left Park (now D)
[2026-05-21 21:59:10.363] Husby was here, and we are ready to go
[2026-05-21 21:59:10.384] AUTO-DISENGAGE: gear left Park (now D)
[2026-05-21 21:59:10.384] Husby was here, and we are ready to go
[2026-05-21 21:59:10.401] AUTO-DISENGAGE: gear left Park (now D)
[2026-05-21 21:59:10.401] Husby was here, and we are ready to go
[2026-05-21 21:59:10.424] AUTO-DISENGAGE: gear left Park (now D)
[2026-05-21 21:59:10.424] Husby was here, and we are ready to go
[2026-05-21 21:59:10.431] AUTO-DISENGAGE: gear left Park (now D)
[2026-05-21 21:59:10.431] Husby was here, and we are ready to go
[2026-05-21 21:59:10.441] AUTO-DISENGAGE: gear left Park (now D)
[2026-05-21 21:59:10.441] Husby was here, and we are ready to go
[2026-05-21 21:59:10.461] AUTO-DISENGAGE: gear left Park (now D)
[2026-05-21 21:59:10.462] Husby was here, and we are ready to go
[2026-05-21 21:59:10.482] AUTO-DISENGAGE: gear left Park (now D)
[2026-05-21 21:59:10.483] Husby was here, and we are ready to go
[2026-05-21 21:59:10.501] AUTO-DISENGAGE: gear left Park (now D)
[2026-05-21 21:59:10.501] Husby was here, and we are ready to go
[2026-05-21 21:59:10.521] AUTO-DISENGAGE: gear left Park (now D)
[2026-05-21 21:59:10.521] Husby was here, and we are ready to go
[2026-05-21 21:59:10.531] AUTO-DISENGAGE: gear left Park (now D)
[2026-05-21 21:59:10.532] Husby was here, and we are ready to go
[2026-05-21 21:59:10.541] AUTO-DISENGAGE: gear left Park (now D)
[2026-05-21 21:59:10.541] Husby was here, and we are ready to go
[2026-05-21 21:59:10.561] AUTO-DISENGAGE: gear left Park (now D)
[2026-05-21 21:59:10.561] Husby was here, and we are ready to go
[2026-05-21 21:59:10.580] AUTO-DISENGAGE: gear left Park (now D)
[2026-05-21 21:59:10.580] Husby was here, and we are ready to go
[2026-05-21 21:59:10.600] AUTO-DISENGAGE: gear left Park (now D)
[2026-05-21 21:59:10.600] Husby was here, and we are ready to go
[2026-05-21 21:59:10.620] AUTO-DISENGAGE: gear left Park (now D)
[2026-05-21 21:59:10.620] Husby was here, and we are ready to go
[2026-05-21 21:59:10.631] AUTO-DISENGAGE: gear left Park (now D)
[2026-05-21 21:59:10.631] Husby was here, and we are ready to go
[2026-05-21 21:59:10.641] AUTO-DISENGAGE: gear left Park (now D)
[2026-05-21 21:59:10.641] Husby was here, and we are ready to go
[2026-05-21 21:59:10.665] AUTO-DISENGAGE: gear left Park (now D)
[2026-05-21 21:59:10.665] Husby was here, and we are ready to go
[2026-05-21 21:59:10.681] AUTO-DISENGAGE: gear left Park (now D)
[2026-05-21 21:59:10.681] Husby was here, and we are ready to go
[2026-05-21 21:59:10.702] AUTO-DISENGAGE: gear left Park (now D)
[2026-05-21 21:59:10.702] Husby was here, and we are ready to go
[2026-05-21 21:59:10.723] AUTO-DISENGAGE: gear left Park (now D)
[2026-05-21 21:59:10.723] Husby was here, and we are ready to go
[2026-05-21 21:59:10.733] AUTO-DISENGAGE: gear left Park (now D)
[2026-05-21 21:59:10.733] Husby was here, and we are ready to go
[2026-05-21 21:59:10.741] AUTO-DISENGAGE: gear left Park (now D)
[2026-05-21 21:59:10.741] Husby was here, and we are ready to go
[2026-05-21 21:59:10.762] AUTO-DISENGAGE: gear left Park (now D)
[2026-05-21 21:59:10.762] Husby was here, and we are ready to go
[2026-05-21 21:59:10.783] AUTO-DISENGAGE: gear left Park (now D)
[2026-05-21 21:59:10.783] Husby was here, and we are ready to go
[2026-05-21 21:59:10.801] AUTO-DISENGAGE: gear left Park (now D)
[2026-05-21 21:59:10.801] Husby was here, and we are ready to go
[2026-05-21 21:59:10.827] AUTO-DISENGAGE: gear left Park (now D)
[2026-05-21 21:59:10.827] Husby was here, and we are ready to go
[2026-05-21 21:59:10.831] AUTO-DISENGAGE: gear left Park (now D)
[2026-05-21 21:59:10.831] Husby was here, and we are ready to go
[2026-05-21 21:59:10.844] AUTO-DISENGAGE: gear left Park (now D)
[2026-05-21 21:59:10.845] Husby was here, and we are ready to go
[2026-05-21 21:59:10.865] AUTO-DISENGAGE: gear left Park (now D)
[2026-05-21 21:59:10.865] Husby was here, and we are ready to go
[2026-05-21 21:59:10.882] AUTO-DISENGAGE: gear left Park (now D)
[2026-05-21 21:59:10.882] Husby was here, and we are ready to go
[2026-05-21 21:59:10.906] AUTO-DISENGAGE: gear left Park (now D)
[2026-05-21 21:59:10.906] Husby was here, and we are ready to go
[2026-05-21 21:59:10.921] AUTO-DISENGAGE: gear left Park (now D)
[2026-05-21 21:59:10.921] Husby was here, and we are ready to go
[2026-05-21 21:59:10.932] AUTO-DISENGAGE: gear left Park (now D)
[2026-05-21 21:59:10.932] Husby was here, and we are ready to go
[2026-05-21 21:59:10.941] AUTO-DISENGAGE: gear left Park (now D)
[2026-05-21 21:59:10.941] Husby was here, and we are ready to go
[2026-05-21 21:59:10.967] AUTO-DISENGAGE: gear left Park (now D)
[2026-05-21 21:59:10.967] Husby was here, and we are ready to go
[2026-05-21 21:59:10.981] AUTO-DISENGAGE: gear left Park (now D)
[2026-05-21 21:59:10.981] Husby was here, and we are ready to go
[2026-05-21 21:59:11.001] AUTO-DISENGAGE: gear left Park (now D)
[2026-05-21 21:59:11.001] Husby was here, and we are ready to go
[2026-05-21 21:59:11.021] AUTO-DISENGAGE: gear left Park (now D)
[2026-05-21 21:59:11.021] Husby was here, and we are ready to go
[2026-05-21 21:59:11.032] AUTO-DISENGAGE: gear left Park (now D)
[2026-05-21 21:59:11.032] Husby was here, and we are ready to go
[2026-05-21 21:59:11.041] AUTO-DISENGAGE: gear left Park (now D)
[2026-05-21 21:59:11.041] Husby was here, and we are ready to go
[2026-05-21 21:59:11.061] AUTO-DISENGAGE: gear left Park (now D)
[2026-05-21 21:59:11.061] Husby was here, and we are ready to go
[2026-05-21 21:59:11.081] AUTO-DISENGAGE: gear left Park (now D)
[2026-05-21 21:59:11.081] Husby was here, and we are ready to go
[2026-05-21 21:59:11.105] AUTO-DISENGAGE: gear left Park (now D)
[2026-05-21 21:59:11.105] Husby was here, and we are ready to go
[2026-05-21 21:59:11.126] AUTO-DISENGAGE: gear left Park (now D)
[2026-05-21 21:59:11.126] Husby was here, and we are ready to go
[2026-05-21 21:59:11.132] AUTO-DISENGAGE: gear left Park (now D)
[2026-05-21 21:59:11.133] Husby was here, and we are ready to go
[2026-05-21 21:59:11.144] AUTO-DISENGAGE: gear left Park (now D)
[2026-05-21 21:59:11.144] Husby was here, and we are ready to go
[2026-05-21 21:59:11.166] AUTO-DISENGAGE: gear left Park (now D)
[2026-05-21 21:59:11.166] Husby was here, and we are ready to go
[2026-05-21 21:59:11.184] AUTO-DISENGAGE: gear left Park (now D)
[2026-05-21 21:59:11.184] Husby was here, and we are ready to go
[2026-05-21 21:59:11.205] AUTO-DISENGAGE: gear left Park (now D)
[2026-05-21 21:59:11.205] Husby was here, and we are ready to go
[2026-05-21 21:59:11.221] AUTO-DISENGAGE: gear left Park (now D)
[2026-05-21 21:59:11.221] Husby was here, and we are ready to go
[2026-05-21 21:59:11.232] AUTO-DISENGAGE: gear left Park (now D)
[2026-05-21 21:59:11.233] Husby was here, and we are ready to go
[2026-05-21 21:59:11.245] AUTO-DISENGAGE: gear left Park (now D)
[2026-05-21 21:59:11.245] Husby was here, and we are ready to go
[2026-05-21 21:59:11.266] AUTO-DISENGAGE: gear left Park (now D)
[2026-05-21 21:59:11.266] Husby was here, and we are ready to go
[2026-05-21 21:59:11.285] AUTO-DISENGAGE: gear left Park (now D)
[2026-05-21 21:59:11.285] Husby was here, and we are ready to go
[2026-05-21 21:59:11.305] AUTO-DISENGAGE: gear left Park (now D)
[2026-05-21 21:59:11.306] Husby was here, and we are ready to go
[2026-05-21 21:59:11.322] AUTO-DISENGAGE: gear left Park (now D)
[2026-05-21 21:59:11.322] Husby was here, and we are ready to go
[2026-05-21 21:59:11.332] AUTO-DISENGAGE: gear left Park (now D)
[2026-05-21 21:59:11.332] Husby was here, and we are ready to go
[2026-05-21 21:59:11.342] AUTO-DISENGAGE: gear left Park (now D)
[2026-05-21 21:59:11.343] Husby was here, and we are ready to go
[2026-05-21 21:59:11.362] AUTO-DISENGAGE: gear left Park (now D)
[2026-05-21 21:59:11.362] Husby was here, and we are ready to go
[2026-05-21 21:59:11.383] AUTO-DISENGAGE: gear left Park (now D)
[2026-05-21 21:59:11.383] Husby was here, and we are ready to go
[2026-05-21 21:59:11.405] AUTO-DISENGAGE: gear left Park (now D)
[2026-05-21 21:59:11.406] Husby was here, and we are ready to go
[2026-05-21 21:59:11.423] AUTO-DISENGAGE: gear left Park (now D)
[2026-05-21 21:59:11.424] Husby was here, and we are ready to go
[2026-05-21 21:59:11.432] AUTO-DISENGAGE: gear left Park (now D)
[2026-05-21 21:59:11.432] Husby was here, and we are ready to go
[2026-05-21 21:59:11.445] AUTO-DISENGAGE: gear left Park (now D)
[2026-05-21 21:59:11.446] Husby was here, and we are ready to go
[2026-05-21 21:59:11.465] AUTO-DISENGAGE: gear left Park (now D)
[2026-05-21 21:59:11.465] Husby was here, and we are ready to go
[2026-05-21 21:59:11.484] AUTO-DISENGAGE: gear left Park (now D)
[2026-05-21 21:59:11.484] Husby was here, and we are ready to go
[2026-05-21 21:59:11.505] AUTO-DISENGAGE: gear left Park (now D)
[2026-05-21 21:59:11.505] Husby was here, and we are ready to go
[2026-05-21 21:59:11.524] AUTO-DISENGAGE: gear left Park (now D)
[2026-05-21 21:59:11.525] Husby was here, and we are ready to go
[2026-05-21 21:59:11.531] AUTO-DISENGAGE: gear left Park (now D)
[2026-05-21 21:59:11.531] Husby was here, and we are ready to go
[2026-05-21 21:59:11.545] AUTO-DISENGAGE: gear left Park (now D)
[2026-05-21 21:59:11.545] Husby was here, and we are ready to go
[2026-05-21 21:59:11.565] AUTO-DISENGAGE: gear left Park (now D)
[2026-05-21 21:59:11.565] Husby was here, and we are ready to go
[2026-05-21 21:59:11.584] AUTO-DISENGAGE: gear left Park (now D)
[2026-05-21 21:59:11.584] Husby was here, and we are ready to go
[2026-05-21 21:59:11.605] AUTO-DISENGAGE: gear left Park (now D)
[2026-05-21 21:59:11.605] Husby was here, and we are ready to go
[2026-05-21 21:59:11.624] AUTO-DISENGAGE: gear left Park (now D)
[2026-05-21 21:59:11.625] Husby was here, and we are ready to go
[2026-05-21 21:59:11.631] AUTO-DISENGAGE: gear left Park (now D)
[2026-05-21 21:59:11.631] Husby was here, and we are ready to go
[2026-05-21 21:59:11.645] AUTO-DISENGAGE: gear left Park (now D)
[2026-05-21 21:59:11.645] Husby was here, and we are ready to go
[2026-05-21 21:59:11.666] AUTO-DISENGAGE: gear left Park (now D)
[2026-05-21 21:59:11.666] Husby was here, and we are ready to go
[2026-05-21 21:59:11.685] AUTO-DISENGAGE: gear left Park (now D)
[2026-05-21 21:59:11.686] Husby was here, and we are ready to go
[2026-05-21 21:59:11.706] AUTO-DISENGAGE: gear left Park (now D)
[2026-05-21 21:59:11.706] Husby was here, and we are ready to go
[2026-05-21 21:59:11.726] AUTO-DISENGAGE: gear left Park (now D)
[2026-05-21 21:59:11.726] Husby was here, and we are ready to go
[2026-05-21 21:59:11.731] AUTO-DISENGAGE: gear left Park (now D)
[2026-05-21 21:59:11.731] Husby was here, and we are ready to go
[2026-05-21 21:59:11.745] AUTO-DISENGAGE: gear left Park (now D)
[2026-05-21 21:59:11.745] Husby was here, and we are ready to go
[2026-05-21 21:59:11.765] AUTO-DISENGAGE: gear left Park (now D)
[2026-05-21 21:59:11.765] Husby was here, and we are ready to go
[2026-05-21 21:59:11.783] AUTO-DISENGAGE: gear left Park (now D)
[2026-05-21 21:59:11.783] Husby was here, and we are ready to go
[2026-05-21 21:59:11.804] AUTO-DISENGAGE: gear left Park (now D)
[2026-05-21 21:59:11.804] Husby was here, and we are ready to go
[2026-05-21 21:59:11.824] AUTO-DISENGAGE: gear left Park (now D)
[2026-05-21 21:59:11.824] Husby was here, and we are ready to go
[2026-05-21 21:59:11.831] AUTO-DISENGAGE: gear left Park (now D)
[2026-05-21 21:59:11.831] Husby was here, and we are ready to go
[2026-05-21 21:59:11.846] AUTO-DISENGAGE: gear left Park (now D)
[2026-05-21 21:59:11.846] Husby was here, and we are ready to go
[2026-05-21 21:59:11.866] AUTO-DISENGAGE: gear left Park (now D)
[2026-05-21 21:59:11.866] Husby was here, and we are ready to go
[2026-05-21 21:59:11.885] AUTO-DISENGAGE: gear left Park (now D)
[2026-05-21 21:59:11.885] Husby was here, and we are ready to go
[2026-05-21 21:59:11.904] AUTO-DISENGAGE: gear left Park (now D)
[2026-05-21 21:59:11.904] Husby was here, and we are ready to go
[2026-05-21 21:59:11.925] AUTO-DISENGAGE: gear left Park (now D)
[2026-05-21 21:59:11.925] Husby was here, and we are ready to go
[2026-05-21 21:59:11.931] AUTO-DISENGAGE: gear left Park (now D)
[2026-05-21 21:59:11.931] Husby was here, and we are ready to go
[2026-05-21 21:59:11.944] AUTO-DISENGAGE: gear left Park (now D)
[2026-05-21 21:59:11.944] Husby was here, and we are ready to go
[2026-05-21 21:59:11.964] AUTO-DISENGAGE: gear left Park (now D)
[2026-05-21 21:59:11.964] Husby was here, and we are ready to go
[2026-05-21 21:59:11.983] AUTO-DISENGAGE: gear left Park (now D)
[2026-05-21 21:59:11.983] Husby was here, and we are ready to go
[2026-05-21 21:59:12.004] AUTO-DISENGAGE: gear left Park (now D)
[2026-05-21 21:59:12.004] Husby was here, and we are ready to go
[2026-05-21 21:59:12.026] AUTO-DISENGAGE: gear left Park (now D)
[2026-05-21 21:59:12.026] Husby was here, and we are ready to go
[2026-05-21 21:59:12.031] AUTO-DISENGAGE: gear left Park (now D)
[2026-05-21 21:59:12.032] Husby was here, and we are ready to go
[2026-05-21 21:59:12.047] AUTO-DISENGAGE: gear left Park (now D)
[2026-05-21 21:59:12.048] Husby was here, and we are ready to go
[2026-05-21 21:59:12.066] AUTO-DISENGAGE: gear left Park (now D)
[2026-05-21 21:59:12.066] Husby was here, and we are ready to go
[2026-05-21 21:59:12.084] AUTO-DISENGAGE: gear left Park (now D)
[2026-05-21 21:59:12.084] Husby was here, and we are ready to go
[2026-05-21 21:59:12.105] AUTO-DISENGAGE: gear left Park (now D)
[2026-05-21 21:59:12.105] Husby was here, and we are ready to go
[2026-05-21 21:59:12.126] AUTO-DISENGAGE: gear left Park (now D)
[2026-05-21 21:59:12.126] Husby was here, and we are ready to go
[2026-05-21 21:59:12.132] AUTO-DISENGAGE: gear left Park (now D)
[2026-05-21 21:59:12.132] Husby was here, and we are ready to go
[2026-05-21 21:59:12.146] AUTO-DISENGAGE: gear left Park (now D)
[2026-05-21 21:59:12.146] Husby was here, and we are ready to go
[2026-05-21 21:59:12.166] AUTO-DISENGAGE: gear left Park (now D)
[2026-05-21 21:59:12.167] Husby was here, and we are ready to go
[2026-05-21 21:59:12.185] AUTO-DISENGAGE: gear left Park (now D)
[2026-05-21 21:59:12.185] Husby was here, and we are ready to go
[2026-05-21 21:59:12.205] AUTO-DISENGAGE: gear left Park (now D)
[2026-05-21 21:59:12.205] Husby was here, and we are ready to go
[2026-05-21 21:59:12.226] AUTO-DISENGAGE: gear left Park (now D)
[2026-05-21 21:59:12.226] Husby was here, and we are ready to go
[2026-05-21 21:59:12.231] AUTO-DISENGAGE: gear left Park (now D)
[2026-05-21 21:59:12.231] Husby was here, and we are ready to go
[2026-05-21 21:59:12.246] AUTO-DISENGAGE: gear left Park (now D)
[2026-05-21 21:59:12.246] Husby was here, and we are ready to go
[2026-05-21 21:59:12.265] AUTO-DISENGAGE: gear left Park (now D)
[2026-05-21 21:59:12.265] Husby was here, and we are ready to go
[2026-05-21 21:59:12.285] AUTO-DISENGAGE: gear left Park (now D)
[2026-05-21 21:59:12.285] Husby was here, and we are ready to go
[2026-05-21 21:59:12.305] AUTO-DISENGAGE: gear left Park (now D)
[2026-05-21 21:59:12.305] Husby was here, and we are ready to go
[2026-05-21 21:59:12.325] AUTO-DISENGAGE: gear left Park (now D)
[2026-05-21 21:59:12.325] Husby was here, and we are ready to go
[2026-05-21 21:59:12.331] AUTO-DISENGAGE: gear left Park (now D)
[2026-05-21 21:59:12.331] Husby was here, and we are ready to go
[2026-05-21 21:59:12.345] AUTO-DISENGAGE: gear left Park (now D)
[2026-05-21 21:59:12.345] Husby was here, and we are ready to go
[2026-05-21 21:59:12.365] AUTO-DISENGAGE: gear left Park (now D)
[2026-05-21 21:59:12.365] Husby was here, and we are ready to go
[2026-05-21 21:59:12.387] AUTO-DISENGAGE: gear left Park (now D)
[2026-05-21 21:59:12.387] Husby was here, and we are ready to go
[2026-05-21 21:59:12.407] AUTO-DISENGAGE: gear left Park (now D)
[2026-05-21 21:59:12.407] Husby was here, and we are ready to go
[2026-05-21 21:59:12.428] AUTO-DISENGAGE: gear left Park (now D)
[2026-05-21 21:59:12.428] Husby was here, and we are ready to go
[2026-05-21 21:59:12.431] AUTO-DISENGAGE: gear left Park (now D)
[2026-05-21 21:59:12.431] Husby was here, and we are ready to go
[2026-05-21 21:59:12.446] AUTO-DISENGAGE: gear left Park (now D)
[2026-05-21 21:59:12.446] Husby was here, and we are ready to go
[2026-05-21 21:59:12.467] AUTO-DISENGAGE: gear left Park (now D)
[2026-05-21 21:59:12.467] Husby was here, and we are ready to go
[2026-05-21 21:59:12.487] AUTO-DISENGAGE: gear left Park (now D)
[2026-05-21 21:59:12.487] Husby was here, and we are ready to go
[2026-05-21 21:59:12.508] AUTO-DISENGAGE: gear left Park (now D)
[2026-05-21 21:59:12.509] Husby was here, and we are ready to go
[2026-05-21 21:59:12.527] AUTO-DISENGAGE: gear left Park (now D)
[2026-05-21 21:59:12.528] Husby was here, and we are ready to go
[2026-05-21 21:59:12.531] AUTO-DISENGAGE: gear left Park (now D)
[2026-05-21 21:59:12.531] Husby was here, and we are ready to go
[2026-05-21 21:59:12.547] AUTO-DISENGAGE: gear left Park (now D)
[2026-05-21 21:59:12.547] Husby was here, and we are ready to go
[2026-05-21 21:59:12.566] AUTO-DISENGAGE: gear left Park (now D)
[2026-05-21 21:59:12.566] Husby was here, and we are ready to go
[2026-05-21 21:59:12.587] AUTO-DISENGAGE: gear left Park (now D)
[2026-05-21 21:59:12.588] Husby was here, and we are ready to go
[2026-05-21 21:59:12.609] AUTO-DISENGAGE: gear left Park (now D)
[2026-05-21 21:59:12.609] Husby was here, and we are ready to go
[2026-05-21 21:59:12.627] AUTO-DISENGAGE: gear left Park (now D)
[2026-05-21 21:59:12.627] Husby was here, and we are ready to go
[2026-05-21 21:59:12.631] AUTO-DISENGAGE: gear left Park (now D)
[2026-05-21 21:59:12.631] Husby was here, and we are ready to go
[2026-05-21 21:59:12.647] AUTO-DISENGAGE: gear left Park (now D)
[2026-05-21 21:59:12.647] Husby was here, and we are ready to go
[2026-05-21 21:59:12.666] AUTO-DISENGAGE: gear left Park (now D)
[2026-05-21 21:59:12.667] Husby was here, and we are ready to go
[2026-05-21 21:59:12.689] AUTO-DISENGAGE: gear left Park (now D)
[2026-05-21 21:59:12.689] Husby was here, and we are ready to go
[2026-05-21 21:59:12.709] AUTO-DISENGAGE: gear left Park (now D)
[2026-05-21 21:59:12.709] Husby was here, and we are ready to go
[2026-05-21 21:59:12.730] AUTO-DISENGAGE: gear left Park (now D)
[2026-05-21 21:59:12.730] Husby was here, and we are ready to go
[2026-05-21 21:59:12.731] AUTO-DISENGAGE: gear left Park (now D)
[2026-05-21 21:59:12.731] Husby was here, and we are ready to go
[2026-05-21 21:59:12.748] AUTO-DISENGAGE: gear left Park (now D)
[2026-05-21 21:59:12.748] Husby was here, and we are ready to go
[2026-05-21 21:59:12.767] AUTO-DISENGAGE: gear left Park (now D)
[2026-05-21 21:59:12.767] Husby was here, and we are ready to go
[2026-05-21 21:59:12.787] AUTO-DISENGAGE: gear left Park (now D)
[2026-05-21 21:59:12.787] Husby was here, and we are ready to go
[2026-05-21 21:59:12.810] AUTO-DISENGAGE: gear left Park (now D)
[2026-05-21 21:59:12.810] Husby was here, and we are ready to go
[2026-05-21 21:59:12.828] AUTO-DISENGAGE: gear left Park (now D)
[2026-05-21 21:59:12.828] Husby was here, and we are ready to go
[2026-05-21 21:59:12.831] AUTO-DISENGAGE: gear left Park (now D)
[2026-05-21 21:59:12.831] Husby was here, and we are ready to go
[2026-05-21 21:59:12.849] AUTO-DISENGAGE: gear left Park (now D)
[2026-05-21 21:59:12.849] Husby was here, and we are ready to go
[2026-05-21 21:59:12.869] AUTO-DISENGAGE: gear left Park (now D)
[2026-05-21 21:59:12.869] Husby was here, and we are ready to go
[2026-05-21 21:59:12.888] AUTO-DISENGAGE: gear left Park (now D)
[2026-05-21 21:59:12.888] Husby was here, and we are ready to go
[2026-05-21 21:59:12.911] AUTO-DISENGAGE: gear left Park (now D)
[2026-05-21 21:59:12.911] Husby was here, and we are ready to go
[2026-05-21 21:59:12.928] AUTO-DISENGAGE: gear left Park (now D)
[2026-05-21 21:59:12.929] Husby was here, and we are ready to go
[2026-05-21 21:59:12.931] AUTO-DISENGAGE: gear left Park (now D)
[2026-05-21 21:59:12.931] Husby was here, and we are ready to go
[2026-05-21 21:59:12.947] AUTO-DISENGAGE: gear left Park (now D)
[2026-05-21 21:59:12.947] Husby was here, and we are ready to go
[2026-05-21 21:59:12.967] AUTO-DISENGAGE: gear left Park (now D)
[2026-05-21 21:59:12.967] Husby was here, and we are ready to go
[2026-05-21 21:59:12.988] AUTO-DISENGAGE: gear left Park (now D)
[2026-05-21 21:59:12.988] Husby was here, and we are ready to go
[2026-05-21 21:59:13.008] AUTO-DISENGAGE: gear left Park (now D)
[2026-05-21 21:59:13.008] Husby was here, and we are ready to go
[2026-05-21 21:59:13.028] AUTO-DISENGAGE: gear left Park (now D)
[2026-05-21 21:59:13.028] Husby was here, and we are ready to go
[2026-05-21 21:59:13.031] AUTO-DISENGAGE: gear left Park (now D)
[2026-05-21 21:59:13.031] Husby was here, and we are ready to go
[2026-05-21 21:59:13.048] AUTO-DISENGAGE: gear left Park (now D)
[2026-05-21 21:59:13.048] Husby was here, and we are ready to go
[2026-05-21 21:59:13.068] AUTO-DISENGAGE: gear left Park (now D)
[2026-05-21 21:59:13.068] Husby was here, and we are ready to go
[2026-05-21 21:59:13.088] AUTO-DISENGAGE: gear left Park (now D)
[2026-05-21 21:59:13.088] Husby was here, and we are ready to go
[2026-05-21 21:59:13.109] AUTO-DISENGAGE: gear left Park (now D)
[2026-05-21 21:59:13.109] Husby was here, and we are ready to go
[2026-05-21 21:59:13.128] AUTO-DISENGAGE: gear left Park (now D)
[2026-05-21 21:59:13.128] Husby was here, and we are ready to go
[2026-05-21 21:59:13.131] AUTO-DISENGAGE: gear left Park (now D)
[2026-05-21 21:59:13.131] Husby was here, and we are ready to go
[2026-05-21 21:59:13.149] AUTO-DISENGAGE: gear left Park (now D)
[2026-05-21 21:59:13.149] Husby was here, and we are ready to go
[2026-05-21 21:59:13.167] AUTO-DISENGAGE: gear left Park (now D)
[2026-05-21 21:59:13.167] Husby was here, and we are ready to go
[2026-05-21 21:59:13.187] AUTO-DISENGAGE: gear left Park (now D)
[2026-05-21 21:59:13.187] Husby was here, and we are ready to go
[2026-05-21 21:59:13.207] AUTO-DISENGAGE: gear left Park (now D)
[2026-05-21 21:59:13.207] Husby was here, and we are ready to go
[2026-05-21 21:59:13.227] AUTO-DISENGAGE: gear left Park (now D)
[2026-05-21 21:59:13.227] Husby was here, and we are ready to go
[2026-05-21 21:59:13.231] AUTO-DISENGAGE: gear left Park (now D)
[2026-05-21 21:59:13.231] Husby was here, and we are ready to go
[2026-05-21 21:59:13.248] AUTO-DISENGAGE: gear left Park (now D)
[2026-05-21 21:59:13.249] Husby was here, and we are ready to go
[2026-05-21 21:59:13.267] AUTO-DISENGAGE: gear left Park (now D)
[2026-05-21 21:59:13.268] Husby was here, and we are ready to go
[2026-05-21 21:59:13.288] AUTO-DISENGAGE: gear left Park (now D)
[2026-05-21 21:59:13.288] Husby was here, and we are ready to go
[2026-05-21 21:59:13.309] AUTO-DISENGAGE: gear left Park (now D)
[2026-05-21 21:59:13.309] Husby was here, and we are ready to go
[2026-05-21 21:59:13.329] AUTO-DISENGAGE: gear left Park (now D)
[2026-05-21 21:59:13.330] Husby was here, and we are ready to go
[2026-05-21 21:59:13.331] AUTO-DISENGAGE: gear left Park (now D)
[2026-05-21 21:59:13.331] Husby was here, and we are ready to go
[2026-05-21 21:59:13.348] AUTO-DISENGAGE: gear left Park (now D)
[2026-05-21 21:59:13.348] Husby was here, and we are ready to go
[2026-05-21 21:59:13.375] AUTO-DISENGAGE: gear left Park (now D)
[2026-05-21 21:59:13.375] Husby was here, and we are ready to go
[2026-05-21 21:59:13.393] AUTO-DISENGAGE: gear left Park (now D)
[2026-05-21 21:59:13.393] Husby was here, and we are ready to go
[2026-05-21 21:59:13.414] AUTO-DISENGAGE: gear left Park (now D)
[2026-05-21 21:59:13.414] Husby was here, and we are ready to go
[2026-05-21 21:59:13.432] AUTO-DISENGAGE: gear left Park (now D)
[2026-05-21 21:59:13.433] Husby was here, and we are ready to go
[2026-05-21 21:59:13.433] AUTO-DISENGAGE: gear left Park (now D)
[2026-05-21 21:59:13.433] Husby was here, and we are ready to go
[2026-05-21 21:59:13.454] AUTO-DISENGAGE: gear left Park (now D)
[2026-05-21 21:59:13.454] Husby was here, and we are ready to go
[2026-05-21 21:59:13.473] AUTO-DISENGAGE: gear left Park (now D)
[2026-05-21 21:59:13.473] Husby was here, and we are ready to go
[2026-05-21 21:59:13.493] AUTO-DISENGAGE: gear left Park (now D)
[2026-05-21 21:59:13.493] Husby was here, and we are ready to go
[2026-05-21 21:59:13.514] AUTO-DISENGAGE: gear left Park (now D)
[2026-05-21 21:59:13.514] Husby was here, and we are ready to go
[2026-05-21 21:59:13.535] AUTO-DISENGAGE: gear left Park (now D)
[2026-05-21 21:59:13.535] Husby was here, and we are ready to go
[2026-05-21 21:59:13.535] AUTO-DISENGAGE: gear left Park (now D)
[2026-05-21 21:59:13.535] Husby was here, and we are ready to go
[2026-05-21 21:59:13.553] AUTO-DISENGAGE: gear left Park (now D)
[2026-05-21 21:59:13.553] Husby was here, and we are ready to go
[2026-05-21 21:59:13.572] AUTO-DISENGAGE: gear left Park (now D)
[2026-05-21 21:59:13.573] Husby was here, and we are ready to go
[2026-05-21 21:59:13.593] AUTO-DISENGAGE: gear left Park (now D)
[2026-05-21 21:59:13.593] Husby was here, and we are ready to go
[2026-05-21 21:59:13.612] AUTO-DISENGAGE: gear left Park (now D)
[2026-05-21 21:59:13.612] Husby was here, and we are ready to go
[2026-05-21 21:59:13.632] AUTO-DISENGAGE: gear left Park (now D)
[2026-05-21 21:59:13.632] Husby was here, and we are ready to go
[2026-05-21 21:59:13.636] AUTO-DISENGAGE: gear left Park (now D)
[2026-05-21 21:59:13.636] Husby was here, and we are ready to go
[2026-05-21 21:59:13.652] AUTO-DISENGAGE: gear left Park (now D)
[2026-05-21 21:59:13.653] Husby was here, and we are ready to go
[2026-05-21 21:59:13.672] AUTO-DISENGAGE: gear left Park (now D)
[2026-05-21 21:59:13.673] Husby was here, and we are ready to go
[2026-05-21 21:59:13.692] AUTO-DISENGAGE: gear left Park (now D)
[2026-05-21 21:59:13.692] Husby was here, and we are ready to go
[2026-05-21 21:59:13.712] AUTO-DISENGAGE: gear left Park (now D)
[2026-05-21 21:59:13.712] Husby was here, and we are ready to go
[2026-05-21 21:59:13.734] AUTO-DISENGAGE: gear left Park (now D)
[2026-05-21 21:59:13.734] Husby was here, and we are ready to go
[2026-05-21 21:59:13.735] AUTO-DISENGAGE: gear left Park (now D)
[2026-05-21 21:59:13.736] Husby was here, and we are ready to go
[2026-05-21 21:59:13.755] AUTO-DISENGAGE: gear left Park (now D)
[2026-05-21 21:59:13.755] Husby was here, and we are ready to go
[2026-05-21 21:59:13.773] AUTO-DISENGAGE: gear left Park (now D)
[2026-05-21 21:59:13.773] Husby was here, and we are ready to go
[2026-05-21 21:59:13.791] AUTO-DISENGAGE: gear left Park (now D)
[2026-05-21 21:59:13.792] Husby was here, and we are ready to go
[2026-05-21 21:59:13.812] AUTO-DISENGAGE: gear left Park (now D)
[2026-05-21 21:59:13.813] Husby was here, and we are ready to go
[2026-05-21 21:59:13.832] AUTO-DISENGAGE: gear left Park (now D)
[2026-05-21 21:59:13.832] Husby was here, and we are ready to go
[2026-05-21 21:59:13.836] AUTO-DISENGAGE: gear left Park (now D)
[2026-05-21 21:59:13.836] Husby was here, and we are ready to go
[2026-05-21 21:59:13.853] AUTO-DISENGAGE: gear left Park (now D)
[2026-05-21 21:59:13.853] Husby was here, and we are ready to go
[2026-05-21 21:59:13.872] AUTO-DISENGAGE: gear left Park (now D)
[2026-05-21 21:59:13.872] Husby was here, and we are ready to go
[2026-05-21 21:59:13.892] AUTO-DISENGAGE: gear left Park (now D)
[2026-05-21 21:59:13.892] Husby was here, and we are ready to go
[2026-05-21 21:59:13.916] AUTO-DISENGAGE: gear left Park (now D)
[2026-05-21 21:59:13.916] Husby was here, and we are ready to go
[2026-05-21 21:59:13.936] AUTO-DISENGAGE: gear left Park (now D)
[2026-05-21 21:59:13.936] Husby was here, and we are ready to go
[2026-05-21 21:59:13.937] AUTO-DISENGAGE: gear left Park (now D)
[2026-05-21 21:59:13.937] Husby was here, and we are ready to go
[2026-05-21 21:59:13.955] AUTO-DISENGAGE: gear left Park (now D)
[2026-05-21 21:59:13.955] Husby was here, and we are ready to go
[2026-05-21 21:59:13.974] AUTO-DISENGAGE: gear left Park (now D)
[2026-05-21 21:59:13.974] Husby was here, and we are ready to go
[2026-05-21 21:59:13.993] AUTO-DISENGAGE: gear left Park (now D)
[2026-05-21 21:59:13.993] Husby was here, and we are ready to go
[2026-05-21 21:59:14.013] AUTO-DISENGAGE: gear left Park (now D)
[2026-05-21 21:59:14.013] Husby was here, and we are ready to go
[2026-05-21 21:59:14.032] AUTO-DISENGAGE: gear left Park (now D)
[2026-05-21 21:59:14.032] Husby was here, and we are ready to go
[2026-05-21 21:59:14.037] AUTO-DISENGAGE: gear left Park (now D)
[2026-05-21 21:59:14.037] Husby was here, and we are ready to go
[2026-05-21 21:59:14.052] AUTO-DISENGAGE: gear left Park (now D)
[2026-05-21 21:59:14.052] Husby was here, and we are ready to go
[2026-05-21 21:59:14.072] AUTO-DISENGAGE: gear left Park (now D)
[2026-05-21 21:59:14.072] Husby was here, and we are ready to go
[2026-05-21 21:59:14.092] AUTO-DISENGAGE: gear left Park (now D)
[2026-05-21 21:59:14.092] Husby was here, and we are ready to go
[2026-05-21 21:59:14.112] AUTO-DISENGAGE: gear left Park (now D)
[2026-05-21 21:59:14.112] Husby was here, and we are ready to go
[2026-05-21 21:59:14.131] AUTO-DISENGAGE: gear left Park (now D)
[2026-05-21 21:59:14.131] Husby was here, and we are ready to go
[2026-05-21 21:59:14.137] AUTO-DISENGAGE: gear left Park (now D)
[2026-05-21 21:59:14.137] Husby was here, and we are ready to go
[2026-05-21 21:59:14.151] AUTO-DISENGAGE: gear left Park (now D)
[2026-05-21 21:59:14.151] Husby was here, and we are ready to go
[2026-05-21 21:59:14.173] AUTO-DISENGAGE: gear left Park (now D)
[2026-05-21 21:59:14.173] Husby was here, and we are ready to go
[2026-05-21 21:59:14.193] AUTO-DISENGAGE: gear left Park (now D)
[2026-05-21 21:59:14.193] Husby was here, and we are ready to go
[2026-05-21 21:59:14.212] AUTO-DISENGAGE: gear left Park (now D)
[2026-05-21 21:59:14.213] Husby was here, and we are ready to go
[2026-05-21 21:59:14.233] AUTO-DISENGAGE: gear left Park (now D)
[2026-05-21 21:59:14.233] Husby was here, and we are ready to go
[2026-05-21 21:59:14.237] AUTO-DISENGAGE: gear left Park (now D)
[2026-05-21 21:59:14.237] Husby was here, and we are ready to go
[2026-05-21 21:59:14.255] AUTO-DISENGAGE: gear left Park (now D)
[2026-05-21 21:59:14.255] Husby was here, and we are ready to go
[2026-05-21 21:59:14.273] AUTO-DISENGAGE: gear left Park (now D)
[2026-05-21 21:59:14.273] Husby was here, and we are ready to go
[2026-05-21 21:59:14.292] AUTO-DISENGAGE: gear left Park (now D)
[2026-05-21 21:59:14.292] Husby was here, and we are ready to go
[2026-05-21 21:59:14.313] AUTO-DISENGAGE: gear left Park (now D)
[2026-05-21 21:59:14.313] Husby was here, and we are ready to go
[2026-05-21 21:59:14.333] AUTO-DISENGAGE: gear left Park (now D)
[2026-05-21 21:59:14.333] Husby was here, and we are ready to go
[2026-05-21 21:59:14.337] AUTO-DISENGAGE: gear left Park (now D)
[2026-05-21 21:59:14.337] Husby was here, and we are ready to go
[2026-05-21 21:59:14.353] AUTO-DISENGAGE: gear left Park (now D)
[2026-05-21 21:59:14.354] Husby was here, and we are ready to go
[2026-05-21 21:59:14.372] AUTO-DISENGAGE: gear left Park (now D)
[2026-05-21 21:59:14.373] Husby was here, and we are ready to go
[2026-05-21 21:59:14.392] AUTO-DISENGAGE: gear left Park (now D)
[2026-05-21 21:59:14.392] Husby was here, and we are ready to go
[2026-05-21 21:59:14.412] AUTO-DISENGAGE: gear left Park (now D)
[2026-05-21 21:59:14.412] Husby was here, and we are ready to go
[2026-05-21 21:59:14.432] AUTO-DISENGAGE: gear left Park (now D)
[2026-05-21 21:59:14.433] Husby was here, and we are ready to go
[2026-05-21 21:59:14.437] AUTO-DISENGAGE: gear left Park (now D)
[2026-05-21 21:59:14.437] Husby was here, and we are ready to go
[2026-05-21 21:59:14.455] AUTO-DISENGAGE: gear left Park (now D)
[2026-05-21 21:59:14.455] Husby was here, and we are ready to go
[2026-05-21 21:59:14.475] AUTO-DISENGAGE: gear left Park (now D)
[2026-05-21 21:59:14.475] Husby was here, and we are ready to go
[2026-05-21 21:59:14.495] AUTO-DISENGAGE: gear left Park (now D)
[2026-05-21 21:59:14.495] Husby was here, and we are ready to go
[2026-05-21 21:59:14.513] AUTO-DISENGAGE: gear left Park (now D)
[2026-05-21 21:59:14.513] Husby was here, and we are ready to go
[2026-05-21 21:59:14.536] AUTO-DISENGAGE: gear left Park (now D)
[2026-05-21 21:59:14.536] Husby was here, and we are ready to go
[2026-05-21 21:59:14.537] AUTO-DISENGAGE: gear left Park (now D)
[2026-05-21 21:59:14.537] Husby was here, and we are ready to go
[2026-05-21 21:59:14.553] AUTO-DISENGAGE: gear left Park (now D)
[2026-05-21 21:59:14.553] Husby was here, and we are ready to go
[2026-05-21 21:59:14.572] AUTO-DISENGAGE: gear left Park (now D)
[2026-05-21 21:59:14.572] Husby was here, and we are ready to go
[2026-05-21 21:59:14.591] AUTO-DISENGAGE: gear left Park (now D)
[2026-05-21 21:59:14.592] Husby was here, and we are ready to go
[2026-05-21 21:59:14.612] AUTO-DISENGAGE: gear left Park (now D)
[2026-05-21 21:59:14.612] Husby was here, and we are ready to go
[2026-05-21 21:59:14.634] AUTO-DISENGAGE: gear left Park (now D)
[2026-05-21 21:59:14.635] Husby was here, and we are ready to go
[2026-05-21 21:59:14.637] AUTO-DISENGAGE: gear left Park (now D)
[2026-05-21 21:59:14.637] Husby was here, and we are ready to go
[2026-05-21 21:59:14.655] AUTO-DISENGAGE: gear left Park (now D)
[2026-05-21 21:59:14.655] Husby was here, and we are ready to go
[2026-05-21 21:59:14.674] AUTO-DISENGAGE: gear left Park (now D)
[2026-05-21 21:59:14.675] Husby was here, and we are ready to go
[2026-05-21 21:59:14.694] AUTO-DISENGAGE: gear left Park (now D)
[2026-05-21 21:59:14.695] Husby was here, and we are ready to go
[2026-05-21 21:59:14.716] AUTO-DISENGAGE: gear left Park (now D)
[2026-05-21 21:59:14.716] Husby was here, and we are ready to go
[2026-05-21 21:59:14.734] AUTO-DISENGAGE: gear left Park (now D)
[2026-05-21 21:59:14.734] Husby was here, and we are ready to go
[2026-05-21 21:59:14.737] AUTO-DISENGAGE: gear left Park (now D)
[2026-05-21 21:59:14.737] Husby was here, and we are ready to go
[2026-05-21 21:59:14.756] AUTO-DISENGAGE: gear left Park (now D)
[2026-05-21 21:59:14.756] Husby was here, and we are ready to go
[2026-05-21 21:59:14.774] AUTO-DISENGAGE: gear left Park (now D)
[2026-05-21 21:59:14.775] Husby was here, and we are ready to go
[2026-05-21 21:59:14.794] AUTO-DISENGAGE: gear left Park (now D)
[2026-05-21 21:59:14.795] Husby was here, and we are ready to go
[2026-05-21 21:59:14.815] AUTO-DISENGAGE: gear left Park (now D)
[2026-05-21 21:59:14.815] Husby was here, and we are ready to go
[2026-05-21 21:59:14.835] AUTO-DISENGAGE: gear left Park (now D)
[2026-05-21 21:59:14.835] Husby was here, and we are ready to go
[2026-05-21 21:59:14.837] AUTO-DISENGAGE: gear left Park (now D)
[2026-05-21 21:59:14.837] Husby was here, and we are ready to go
[2026-05-21 21:59:14.855] AUTO-DISENGAGE: gear left Park (now D)
[2026-05-21 21:59:14.855] Husby was here, and we are ready to go
[2026-05-21 21:59:14.872] AUTO-DISENGAGE: gear left Park (now D)
[2026-05-21 21:59:14.873] Husby was here, and we are ready to go
[2026-05-21 21:59:14.895] AUTO-DISENGAGE: gear left Park (now D)
[2026-05-21 21:59:14.896] Husby was here, and we are ready to go
[2026-05-21 21:59:14.913] AUTO-DISENGAGE: gear left Park (now D)
[2026-05-21 21:59:14.913] Husby was here, and we are ready to go
[2026-05-21 21:59:14.932] AUTO-DISENGAGE: gear left Park (now D)
[2026-05-21 21:59:14.932] Husby was here, and we are ready to go
[2026-05-21 21:59:14.937] AUTO-DISENGAGE: gear left Park (now D)
[2026-05-21 21:59:14.937] Husby was here, and we are ready to go
[2026-05-21 21:59:14.953] AUTO-DISENGAGE: gear left Park (now D)
[2026-05-21 21:59:14.953] Husby was here, and we are ready to go
[2026-05-21 21:59:14.976] AUTO-DISENGAGE: gear left Park (now D)
[2026-05-21 21:59:14.976] Husby was here, and we are ready to go
[2026-05-21 21:59:14.994] AUTO-DISENGAGE: gear left Park (now D)
[2026-05-21 21:59:14.994] Husby was here, and we are ready to go
[2026-05-21 21:59:15.016] AUTO-DISENGAGE: gear left Park (now D)
[2026-05-21 21:59:15.016] Husby was here, and we are ready to go
[2026-05-21 21:59:15.035] AUTO-DISENGAGE: gear left Park (now D)
[2026-05-21 21:59:15.035] Husby was here, and we are ready to go
[2026-05-21 21:59:15.037] AUTO-DISENGAGE: gear left Park (now D)
[2026-05-21 21:59:15.037] Husby was here, and we are ready to go
[2026-05-21 21:59:15.054] AUTO-DISENGAGE: gear left Park (now D)
[2026-05-21 21:59:15.055] Husby was here, and we are ready to go
[2026-05-21 21:59:15.074] AUTO-DISENGAGE: gear left Park (now D)
[2026-05-21 21:59:15.074] Husby was here, and we are ready to go
[2026-05-21 21:59:15.093] AUTO-DISENGAGE: gear left Park (now D)
[2026-05-21 21:59:15.093] Husby was here, and we are ready to go
[2026-05-21 21:59:15.116] AUTO-DISENGAGE: gear left Park (now D)
[2026-05-21 21:59:15.116] Husby was here, and we are ready to go
[2026-05-21 21:59:15.136] AUTO-DISENGAGE: gear left Park (now D)
[2026-05-21 21:59:15.136] Husby was here, and we are ready to go
[2026-05-21 21:59:15.137] AUTO-DISENGAGE: gear left Park (now D)
[2026-05-21 21:59:15.137] Husby was here, and we are ready to go
[2026-05-21 21:59:15.155] AUTO-DISENGAGE: gear left Park (now D)
[2026-05-21 21:59:15.155] Husby was here, and we are ready to go
[2026-05-21 21:59:15.172] AUTO-DISENGAGE: gear left Park (now D)
[2026-05-21 21:59:15.172] Husby was here, and we are ready to go
[2026-05-21 21:59:15.192] AUTO-DISENGAGE: gear left Park (now D)
[2026-05-21 21:59:15.192] Husby was here, and we are ready to go
[2026-05-21 21:59:15.215] AUTO-DISENGAGE: gear left Park (now D)
[2026-05-21 21:59:15.215] Husby was here, and we are ready to go
[2026-05-21 21:59:15.233] AUTO-DISENGAGE: gear left Park (now D)
[2026-05-21 21:59:15.233] Husby was here, and we are ready to go
[2026-05-21 21:59:15.237] AUTO-DISENGAGE: gear left Park (now D)
[2026-05-21 21:59:15.237] Husby was here, and we are ready to go
[2026-05-21 21:59:15.255] AUTO-DISENGAGE: gear left Park (now D)
[2026-05-21 21:59:15.256] Husby was here, and we are ready to go
[2026-05-21 21:59:15.272] AUTO-DISENGAGE: gear left Park (now D)
[2026-05-21 21:59:15.272] Husby was here, and we are ready to go
[2026-05-21 21:59:15.291] AUTO-DISENGAGE: gear left Park (now D)
[2026-05-21 21:59:15.291] Husby was here, and we are ready to go
[2026-05-21 21:59:15.312] AUTO-DISENGAGE: gear left Park (now D)
[2026-05-21 21:59:15.312] Husby was here, and we are ready to go
[2026-05-21 21:59:15.331] AUTO-DISENGAGE: gear left Park (now D)
[2026-05-21 21:59:15.331] Husby was here, and we are ready to go
[2026-05-21 21:59:15.337] AUTO-DISENGAGE: gear left Park (now D)
[2026-05-21 21:59:15.337] Husby was here, and we are ready to go
[2026-05-21 21:59:15.352] AUTO-DISENGAGE: gear left Park (now D)
[2026-05-21 21:59:15.352] Husby was here, and we are ready to go
[2026-05-21 21:59:15.372] AUTO-DISENGAGE: gear left Park (now D)
[2026-05-21 21:59:15.372] Husby was here, and we are ready to go
[2026-05-21 21:59:15.391] AUTO-DISENGAGE: gear left Park (now D)
[2026-05-21 21:59:15.392] Husby was here, and we are ready to go
[2026-05-21 21:59:15.411] AUTO-DISENGAGE: gear left Park (now D)
[2026-05-21 21:59:15.411] Husby was here, and we are ready to go
[2026-05-21 21:59:15.432] AUTO-DISENGAGE: gear left Park (now D)
[2026-05-21 21:59:15.432] Husby was here, and we are ready to go
[2026-05-21 21:59:15.437] AUTO-DISENGAGE: gear left Park (now D)
[2026-05-21 21:59:15.437] Husby was here, and we are ready to go
[2026-05-21 21:59:15.455] AUTO-DISENGAGE: gear left Park (now D)
[2026-05-21 21:59:15.455] Husby was here, and we are ready to go
[2026-05-21 21:59:15.474] AUTO-DISENGAGE: gear left Park (now D)
[2026-05-21 21:59:15.475] Husby was here, and we are ready to go
[2026-05-21 21:59:15.495] AUTO-DISENGAGE: gear left Park (now D)
[2026-05-21 21:59:15.496] Husby was here, and we are ready to go
[2026-05-21 21:59:15.515] AUTO-DISENGAGE: gear left Park (now D)
[2026-05-21 21:59:15.516] Husby was here, and we are ready to go
[2026-05-21 21:59:15.534] AUTO-DISENGAGE: gear left Park (now D)
[2026-05-21 21:59:15.534] Husby was here, and we are ready to go
[2026-05-21 21:59:15.539] AUTO-DISENGAGE: gear left Park (now D)
[2026-05-21 21:59:15.539] Husby was here, and we are ready to go
[2026-05-21 21:59:15.555] AUTO-DISENGAGE: gear left Park (now D)
[2026-05-21 21:59:15.556] Husby was here, and we are ready to go
[2026-05-21 21:59:15.573] AUTO-DISENGAGE: gear left Park (now D)
[2026-05-21 21:59:15.574] Husby was here, and we are ready to go
[2026-05-21 21:59:15.593] AUTO-DISENGAGE: gear left Park (now D)
[2026-05-21 21:59:15.593] Husby was here, and we are ready to go
[2026-05-21 21:59:15.614] AUTO-DISENGAGE: gear left Park (now D)
[2026-05-21 21:59:15.614] Husby was here, and we are ready to go
[2026-05-21 21:59:15.633] AUTO-DISENGAGE: gear left Park (now D)
[2026-05-21 21:59:15.633] Husby was here, and we are ready to go
[2026-05-21 21:59:15.637] AUTO-DISENGAGE: gear left Park (now D)
[2026-05-21 21:59:15.637] Husby was here, and we are ready to go
[2026-05-21 21:59:15.652] AUTO-DISENGAGE: gear left Park (now D)
[2026-05-21 21:59:15.652] Husby was here, and we are ready to go
[2026-05-21 21:59:15.673] AUTO-DISENGAGE: gear left Park (now D)
[2026-05-21 21:59:15.673] Husby was here, and we are ready to go
[2026-05-21 21:59:15.692] AUTO-DISENGAGE: gear left Park (now D)
[2026-05-21 21:59:15.692] Husby was here, and we are ready to go
[2026-05-21 21:59:15.712] AUTO-DISENGAGE: gear left Park (now D)
[2026-05-21 21:59:15.712] Husby was here, and we are ready to go
[2026-05-21 21:59:15.733] AUTO-DISENGAGE: gear left Park (now D)
[2026-05-21 21:59:15.733] Husby was here, and we are ready to go
[2026-05-21 21:59:15.737] AUTO-DISENGAGE: gear left Park (now D)
[2026-05-21 21:59:15.737] Husby was here, and we are ready to go
[2026-05-21 21:59:15.753] AUTO-DISENGAGE: gear left Park (now D)
[2026-05-21 21:59:15.753] Husby was here, and we are ready to go
[2026-05-21 21:59:15.772] AUTO-DISENGAGE: gear left Park (now D)
[2026-05-21 21:59:15.772] Husby was here, and we are ready to go
[2026-05-21 21:59:15.791] AUTO-DISENGAGE: gear left Park (now D)
[2026-05-21 21:59:15.792] Husby was here, and we are ready to go
[2026-05-21 21:59:15.812] AUTO-DISENGAGE: gear left Park (now D)
[2026-05-21 21:59:15.812] Husby was here, and we are ready to go
[2026-05-21 21:59:15.832] AUTO-DISENGAGE: gear left Park (now D)
[2026-05-21 21:59:15.832] Husby was here, and we are ready to go
[2026-05-21 21:59:15.837] AUTO-DISENGAGE: gear left Park (now D)
[2026-05-21 21:59:15.837] Husby was here, and we are ready to go
[2026-05-21 21:59:15.852] AUTO-DISENGAGE: gear left Park (now D)
[2026-05-21 21:59:15.852] Husby was here, and we are ready to go
[2026-05-21 21:59:15.872] AUTO-DISENGAGE: gear left Park (now D)
[2026-05-21 21:59:15.872] Husby was here, and we are ready to go
[2026-05-21 21:59:15.891] AUTO-DISENGAGE: gear left Park (now D)
[2026-05-21 21:59:15.892] Husby was here, and we are ready to go
[2026-05-21 21:59:15.912] AUTO-DISENGAGE: gear left Park (now D)
[2026-05-21 21:59:15.912] Husby was here, and we are ready to go
[2026-05-21 21:59:15.932] AUTO-DISENGAGE: gear left Park (now D)
[2026-05-21 21:59:15.932] Husby was here, and we are ready to go
[2026-05-21 21:59:15.937] AUTO-DISENGAGE: gear left Park (now D)
[2026-05-21 21:59:15.937] Husby was here, and we are ready to go
[2026-05-21 21:59:15.952] AUTO-DISENGAGE: gear left Park (now D)
[2026-05-21 21:59:15.952] Husby was here, and we are ready to go
[2026-05-21 21:59:15.972] AUTO-DISENGAGE: gear left Park (now D)
[2026-05-21 21:59:15.972] Husby was here, and we are ready to go
[2026-05-21 21:59:15.991] AUTO-DISENGAGE: gear left Park (now D)
[2026-05-21 21:59:15.992] Husby was here, and we are ready to go
[2026-05-21 21:59:16.012] AUTO-DISENGAGE: gear left Park (now D)
[2026-05-21 21:59:16.012] Husby was here, and we are ready to go
[2026-05-21 21:59:16.032] AUTO-DISENGAGE: gear left Park (now D)
[2026-05-21 21:59:16.032] Husby was here, and we are ready to go
[2026-05-21 21:59:16.037] AUTO-DISENGAGE: gear left Park (now D)
[2026-05-21 21:59:16.037] Husby was here, and we are ready to go
[2026-05-21 21:59:16.052] AUTO-DISENGAGE: gear left Park (now D)
[2026-05-21 21:59:16.053] Husby was here, and we are ready to go
[2026-05-21 21:59:16.075] AUTO-DISENGAGE: gear left Park (now D)
[2026-05-21 21:59:16.075] Husby was here, and we are ready to go
[2026-05-21 21:59:16.093] AUTO-DISENGAGE: gear left Park (now D)
[2026-05-21 21:59:16.094] Husby was here, and we are ready to go
[2026-05-21 21:59:16.112] AUTO-DISENGAGE: gear left Park (now D)
[2026-05-21 21:59:16.112] Husby was here, and we are ready to go
[2026-05-21 21:59:16.133] AUTO-DISENGAGE: gear left Park (now D)
[2026-05-21 21:59:16.133] Husby was here, and we are ready to go
[2026-05-21 21:59:16.137] AUTO-DISENGAGE: gear left Park (now D)
[2026-05-21 21:59:16.137] Husby was here, and we are ready to go
[2026-05-21 21:59:16.153] AUTO-DISENGAGE: gear left Park (now D)
[2026-05-21 21:59:16.153] Husby was here, and we are ready to go
[2026-05-21 21:59:16.173] AUTO-DISENGAGE: gear left Park (now D)
[2026-05-21 21:59:16.173] Husby was here, and we are ready to go
[2026-05-21 21:59:16.191] AUTO-DISENGAGE: gear left Park (now D)
[2026-05-21 21:59:16.191] Husby was here, and we are ready to go
[2026-05-21 21:59:16.211] AUTO-DISENGAGE: gear left Park (now D)
[2026-05-21 21:59:16.212] Husby was here, and we are ready to go
[2026-05-21 21:59:16.236] AUTO-DISENGAGE: gear left Park (now D)
[2026-05-21 21:59:16.236] Husby was here, and we are ready to go
[2026-05-21 21:59:16.237] AUTO-DISENGAGE: gear left Park (now D)
[2026-05-21 21:59:16.237] Husby was here, and we are ready to go
[2026-05-21 21:59:16.256] AUTO-DISENGAGE: gear left Park (now D)
[2026-05-21 21:59:16.256] Husby was here, and we are ready to go
[2026-05-21 21:59:16.275] AUTO-DISENGAGE: gear left Park (now D)
[2026-05-21 21:59:16.275] Husby was here, and we are ready to go
[2026-05-21 21:59:16.293] AUTO-DISENGAGE: gear left Park (now D)
[2026-05-21 21:59:16.294] Husby was here, and we are ready to go
[2026-05-21 21:59:16.313] AUTO-DISENGAGE: gear left Park (now D)
[2026-05-21 21:59:16.313] Husby was here, and we are ready to go
[2026-05-21 21:59:16.332] AUTO-DISENGAGE: gear left Park (now D)
[2026-05-21 21:59:16.333] Husby was here, and we are ready to go
[2026-05-21 21:59:16.337] AUTO-DISENGAGE: gear left Park (now D)
[2026-05-21 21:59:16.337] Husby was here, and we are ready to go
[2026-05-21 21:59:16.353] AUTO-DISENGAGE: gear left Park (now D)
[2026-05-21 21:59:16.353] Husby was here, and we are ready to go
[2026-05-21 21:59:16.373] AUTO-DISENGAGE: gear left Park (now D)
[2026-05-21 21:59:16.373] Husby was here, and we are ready to go
[2026-05-21 21:59:16.392] AUTO-DISENGAGE: gear left Park (now D)
[2026-05-21 21:59:16.393] Husby was here, and we are ready to go
[2026-05-21 21:59:16.412] AUTO-DISENGAGE: gear left Park (now D)
[2026-05-21 21:59:16.412] Husby was here, and we are ready to go
[2026-05-21 21:59:16.432] AUTO-DISENGAGE: gear left Park (now D)
[2026-05-21 21:59:16.432] Husby was here, and we are ready to go
[2026-05-21 21:59:16.437] AUTO-DISENGAGE: gear left Park (now D)
[2026-05-21 21:59:16.437] Husby was here, and we are ready to go
[2026-05-21 21:59:16.452] AUTO-DISENGAGE: gear left Park (now D)
[2026-05-21 21:59:16.452] Husby was here, and we are ready to go
[2026-05-21 21:59:16.472] AUTO-DISENGAGE: gear left Park (now D)
[2026-05-21 21:59:16.472] Husby was here, and we are ready to go
[2026-05-21 21:59:16.492] AUTO-DISENGAGE: gear left Park (now D)
[2026-05-21 21:59:16.492] Husby was here, and we are ready to go
[2026-05-21 21:59:16.512] AUTO-DISENGAGE: gear left Park (now D)
[2026-05-21 21:59:16.512] Husby was here, and we are ready to go
[2026-05-21 21:59:16.532] AUTO-DISENGAGE: gear left Park (now D)
[2026-05-21 21:59:16.532] Husby was here, and we are ready to go
[2026-05-21 21:59:16.537] AUTO-DISENGAGE: gear left Park (now D)
[2026-05-21 21:59:16.537] Husby was here, and we are ready to go
[2026-05-21 21:59:16.552] AUTO-DISENGAGE: gear left Park (now D)
[2026-05-21 21:59:16.552] Husby was here, and we are ready to go
[2026-05-21 21:59:16.572] AUTO-DISENGAGE: gear left Park (now D)
[2026-05-21 21:59:16.572] Husby was here, and we are ready to go
[2026-05-21 21:59:16.591] AUTO-DISENGAGE: gear left Park (now D)
[2026-05-21 21:59:16.592] Husby was here, and we are ready to go
[2026-05-21 21:59:16.612] AUTO-DISENGAGE: gear left Park (now D)
[2026-05-21 21:59:16.612] Husby was here, and we are ready to go
[2026-05-21 21:59:16.632] AUTO-DISENGAGE: gear left Park (now D)
[2026-05-21 21:59:16.633] Husby was here, and we are ready to go
[2026-05-21 21:59:16.637] AUTO-DISENGAGE: gear left Park (now D)
[2026-05-21 21:59:16.638] Husby was here, and we are ready to go
[2026-05-21 21:59:16.656] AUTO-DISENGAGE: gear left Park (now D)
[2026-05-21 21:59:16.656] Husby was here, and we are ready to go
[2026-05-21 21:59:16.675] AUTO-DISENGAGE: gear left Park (now D)
[2026-05-21 21:59:16.675] Husby was here, and we are ready to go
[2026-05-21 21:59:16.694] AUTO-DISENGAGE: gear left Park (now D)
[2026-05-21 21:59:16.694] Husby was here, and we are ready to go
[2026-05-21 21:59:16.716] AUTO-DISENGAGE: gear left Park (now D)
[2026-05-21 21:59:16.716] Husby was here, and we are ready to go
[2026-05-21 21:59:16.733] AUTO-DISENGAGE: gear left Park (now D)
[2026-05-21 21:59:16.733] Husby was here, and we are ready to go
[2026-05-21 21:59:16.737] AUTO-DISENGAGE: gear left Park (now D)
[2026-05-21 21:59:16.737] Husby was here, and we are ready to go
[2026-05-21 21:59:16.754] AUTO-DISENGAGE: gear left Park (now D)
[2026-05-21 21:59:16.754] Husby was here, and we are ready to go
[2026-05-21 21:59:16.776] AUTO-DISENGAGE: gear left Park (now D)
[2026-05-21 21:59:16.776] Husby was here, and we are ready to go
[2026-05-21 21:59:16.794] AUTO-DISENGAGE: gear left Park (now D)
[2026-05-21 21:59:16.794] Husby was here, and we are ready to go
[2026-05-21 21:59:16.816] AUTO-DISENGAGE: gear left Park (now D)
[2026-05-21 21:59:16.816] Husby was here, and we are ready to go
[2026-05-21 21:59:16.835] AUTO-DISENGAGE: gear left Park (now D)
[2026-05-21 21:59:16.835] Husby was here, and we are ready to go
[2026-05-21 21:59:16.837] AUTO-DISENGAGE: gear left Park (now D)
[2026-05-21 21:59:16.837] Husby was here, and we are ready to go
[2026-05-21 21:59:16.853] AUTO-DISENGAGE: gear left Park (now D)
[2026-05-21 21:59:16.853] Husby was here, and we are ready to go
[2026-05-21 21:59:16.873] AUTO-DISENGAGE: gear left Park (now D)
[2026-05-21 21:59:16.873] Husby was here, and we are ready to go
[2026-05-21 21:59:16.895] AUTO-DISENGAGE: gear left Park (now D)
[2026-05-21 21:59:16.896] Husby was here, and we are ready to go
[2026-05-21 21:59:16.914] AUTO-DISENGAGE: gear left Park (now D)
[2026-05-21 21:59:16.915] Husby was here, and we are ready to go
[2026-05-21 21:59:16.936] AUTO-DISENGAGE: gear left Park (now D)
[2026-05-21 21:59:16.936] Husby was here, and we are ready to go
[2026-05-21 21:59:16.937] AUTO-DISENGAGE: gear left Park (now D)
[2026-05-21 21:59:16.937] Husby was here, and we are ready to go
[2026-05-21 21:59:16.954] AUTO-DISENGAGE: gear left Park (now D)
[2026-05-21 21:59:16.954] Husby was here, and we are ready to go
[2026-05-21 21:59:16.972] AUTO-DISENGAGE: gear left Park (now D)
[2026-05-21 21:59:16.973] Husby was here, and we are ready to go
[2026-05-21 21:59:16.993] AUTO-DISENGAGE: gear left Park (now D)
[2026-05-21 21:59:16.993] Husby was here, and we are ready to go
[2026-05-21 21:59:17.016] AUTO-DISENGAGE: gear left Park (now D)
[2026-05-21 21:59:17.016] Husby was here, and we are ready to go
[2026-05-21 21:59:17.034] AUTO-DISENGAGE: gear left Park (now D)
[2026-05-21 21:59:17.034] Husby was here, and we are ready to go
[2026-05-21 21:59:17.037] AUTO-DISENGAGE: gear left Park (now D)
[2026-05-21 21:59:17.037] Husby was here, and we are ready to go
[2026-05-21 21:59:17.054] AUTO-DISENGAGE: gear left Park (now D)
[2026-05-21 21:59:17.055] Husby was here, and we are ready to go
[2026-05-21 21:59:17.073] AUTO-DISENGAGE: gear left Park (now D)
[2026-05-21 21:59:17.073] Husby was here, and we are ready to go
[2026-05-21 21:59:17.093] AUTO-DISENGAGE: gear left Park (now D)
[2026-05-21 21:59:17.093] Husby was here, and we are ready to go
[2026-05-21 21:59:17.113] AUTO-DISENGAGE: gear left Park (now D)
[2026-05-21 21:59:17.113] Husby was here, and we are ready to go
[2026-05-21 21:59:17.135] AUTO-DISENGAGE: gear left Park (now D)
[2026-05-21 21:59:17.135] Husby was here, and we are ready to go
[2026-05-21 21:59:17.137] AUTO-DISENGAGE: gear left Park (now D)
[2026-05-21 21:59:17.137] Husby was here, and we are ready to go
[2026-05-21 21:59:17.155] AUTO-DISENGAGE: gear left Park (now D)
[2026-05-21 21:59:17.155] Husby was here, and we are ready to go
[2026-05-21 21:59:17.175] AUTO-DISENGAGE: gear left Park (now D)
[2026-05-21 21:59:17.175] Husby was here, and we are ready to go
[2026-05-21 21:59:17.194] AUTO-DISENGAGE: gear left Park (now D)
[2026-05-21 21:59:17.194] Husby was here, and we are ready to go
[2026-05-21 21:59:17.212] AUTO-DISENGAGE: gear left Park (now D)
[2026-05-21 21:59:17.212] Husby was here, and we are ready to go
[2026-05-21 21:59:17.233] AUTO-DISENGAGE: gear left Park (now D)
[2026-05-21 21:59:17.234] Husby was here, and we are ready to go
[2026-05-21 21:59:17.237] AUTO-DISENGAGE: gear left Park (now D)
[2026-05-21 21:59:17.237] Husby was here, and we are ready to go
[2026-05-21 21:59:17.255] AUTO-DISENGAGE: gear left Park (now D)
[2026-05-21 21:59:17.256] Husby was here, and we are ready to go
[2026-05-21 21:59:17.276] AUTO-DISENGAGE: gear left Park (now D)
[2026-05-21 21:59:17.276] Husby was here, and we are ready to go
[2026-05-21 21:59:17.295] AUTO-DISENGAGE: gear left Park (now D)
[2026-05-21 21:59:17.296] Husby was here, and we are ready to go
[2026-05-21 21:59:17.314] AUTO-DISENGAGE: gear left Park (now D)
[2026-05-21 21:59:17.314] Husby was here, and we are ready to go
[2026-05-21 21:59:17.335] AUTO-DISENGAGE: gear left Park (now D)
[2026-05-21 21:59:17.335] Husby was here, and we are ready to go
[2026-05-21 21:59:17.337] AUTO-DISENGAGE: gear left Park (now D)
[2026-05-21 21:59:17.337] Husby was here, and we are ready to go
[2026-05-21 21:59:17.355] AUTO-DISENGAGE: gear left Park (now D)
[2026-05-21 21:59:17.355] Husby was here, and we are ready to go
[2026-05-21 21:59:17.375] AUTO-DISENGAGE: gear left Park (now D)
[2026-05-21 21:59:17.375] Husby was here, and we are ready to go
[2026-05-21 21:59:17.395] AUTO-DISENGAGE: gear left Park (now D)
[2026-05-21 21:59:17.396] Husby was here, and we are ready to go
[2026-05-21 21:59:17.414] AUTO-DISENGAGE: gear left Park (now D)
[2026-05-21 21:59:17.414] Husby was here, and we are ready to go
[2026-05-21 21:59:17.435] AUTO-DISENGAGE: gear left Park (now D)
[2026-05-21 21:59:17.435] Husby was here, and we are ready to go
[2026-05-21 21:59:17.437] AUTO-DISENGAGE: gear left Park (now D)
[2026-05-21 21:59:17.437] Husby was here, and we are ready to go
[2026-05-21 21:59:17.455] AUTO-DISENGAGE: gear left Park (now D)
[2026-05-21 21:59:17.455] Husby was here, and we are ready to go
[2026-05-21 21:59:17.475] AUTO-DISENGAGE: gear left Park (now D)
[2026-05-21 21:59:17.475] Husby was here, and we are ready to go
[2026-05-21 21:59:17.493] AUTO-DISENGAGE: gear left Park (now D)
[2026-05-21 21:59:17.494] Husby was here, and we are ready to go
[2026-05-21 21:59:17.517] AUTO-DISENGAGE: gear left Park (now D)
[2026-05-21 21:59:17.517] Husby was here, and we are ready to go
[2026-05-21 21:59:17.533] AUTO-DISENGAGE: gear left Park (now D)
[2026-05-21 21:59:17.534] Husby was here, and we are ready to go
[2026-05-21 21:59:17.537] AUTO-DISENGAGE: gear left Park (now D)
[2026-05-21 21:59:17.538] Husby was here, and we are ready to go
[2026-05-21 21:59:17.555] AUTO-DISENGAGE: gear left Park (now D)
[2026-05-21 21:59:17.555] Husby was here, and we are ready to go
[2026-05-21 21:59:17.572] AUTO-DISENGAGE: gear left Park (now D)
[2026-05-21 21:59:17.573] Husby was here, and we are ready to go
[2026-05-21 21:59:17.593] AUTO-DISENGAGE: gear left Park (now D)
[2026-05-21 21:59:17.593] Husby was here, and we are ready to go
[2026-05-21 21:59:17.612] AUTO-DISENGAGE: gear left Park (now D)
[2026-05-21 21:59:17.613] Husby was here, and we are ready to go
[2026-05-21 21:59:17.632] AUTO-DISENGAGE: gear left Park (now D)
[2026-05-21 21:59:17.632] Husby was here, and we are ready to go
[2026-05-21 21:59:17.637] AUTO-DISENGAGE: gear left Park (now D)
[2026-05-21 21:59:17.637] Husby was here, and we are ready to go
[2026-05-21 21:59:17.652] AUTO-DISENGAGE: gear left Park (now D)
[2026-05-21 21:59:17.653] Husby was here, and we are ready to go
[2026-05-21 21:59:17.673] AUTO-DISENGAGE: gear left Park (now D)
[2026-05-21 21:59:17.674] Husby was here, and we are ready to go
[2026-05-21 21:59:17.695] AUTO-DISENGAGE: gear left Park (now D)
[2026-05-21 21:59:17.695] Husby was here, and we are ready to go
[2026-05-21 21:59:17.715] AUTO-DISENGAGE: gear left Park (now D)
[2026-05-21 21:59:17.715] Husby was here, and we are ready to go
[2026-05-21 21:59:17.736] AUTO-DISENGAGE: gear left Park (now D)
[2026-05-21 21:59:17.737] Husby was here, and we are ready to go
[2026-05-21 21:59:17.737] AUTO-DISENGAGE: gear left Park (now D)
[2026-05-21 21:59:17.737] Husby was here, and we are ready to go
[2026-05-21 21:59:17.755] AUTO-DISENGAGE: gear left Park (now D)
[2026-05-21 21:59:17.756] Husby was here, and we are ready to go
[2026-05-21 21:59:17.776] AUTO-DISENGAGE: gear left Park (now D)
[2026-05-21 21:59:17.776] Husby was here, and we are ready to go
[2026-05-21 21:59:17.795] AUTO-DISENGAGE: gear left Park (now D)
[2026-05-21 21:59:17.795] Husby was here, and we are ready to go
[2026-05-21 21:59:17.813] AUTO-DISENGAGE: gear left Park (now D)
[2026-05-21 21:59:17.813] Husby was here, and we are ready to go
[2026-05-21 21:59:17.833] AUTO-DISENGAGE: gear left Park (now D)
[2026-05-21 21:59:17.833] Husby was here, and we are ready to go
[2026-05-21 21:59:17.837] AUTO-DISENGAGE: gear left Park (now D)
[2026-05-21 21:59:17.837] Husby was here, and we are ready to go
[2026-05-21 21:59:17.854] AUTO-DISENGAGE: gear left Park (now D)
[2026-05-21 21:59:17.854] Husby was here, and we are ready to go
[2026-05-21 21:59:17.873] AUTO-DISENGAGE: gear left Park (now D)
[2026-05-21 21:59:17.873] Husby was here, and we are ready to go
[2026-05-21 21:59:17.893] AUTO-DISENGAGE: gear left Park (now D)
[2026-05-21 21:59:17.893] Husby was here, and we are ready to go
[2026-05-21 21:59:17.915] AUTO-DISENGAGE: gear left Park (now D)
[2026-05-21 21:59:17.915] Husby was here, and we are ready to go
[2026-05-21 21:59:17.936] AUTO-DISENGAGE: gear left Park (now D)
[2026-05-21 21:59:17.936] Husby was here, and we are ready to go
[2026-05-21 21:59:17.937] AUTO-DISENGAGE: gear left Park (now D)
[2026-05-21 21:59:17.937] Husby was here, and we are ready to go
[2026-05-21 21:59:17.955] AUTO-DISENGAGE: gear left Park (now D)
[2026-05-21 21:59:17.956] Husby was here, and we are ready to go
[2026-05-21 21:59:17.975] AUTO-DISENGAGE: gear left Park (now D)
[2026-05-21 21:59:17.975] Husby was here, and we are ready to go
[2026-05-21 21:59:17.993] AUTO-DISENGAGE: gear left Park (now D)
[2026-05-21 21:59:17.993] Husby was here, and we are ready to go
[2026-05-21 21:59:18.014] AUTO-DISENGAGE: gear left Park (now D)
[2026-05-21 21:59:18.014] Husby was here, and we are ready to go
[2026-05-21 21:59:18.032] AUTO-DISENGAGE: gear left Park (now D)
[2026-05-21 21:59:18.032] Husby was here, and we are ready to go
[2026-05-21 21:59:18.037] AUTO-DISENGAGE: gear left Park (now D)
[2026-05-21 21:59:18.037] Husby was here, and we are ready to go
[2026-05-21 21:59:18.052] AUTO-DISENGAGE: gear left Park (now D)
[2026-05-21 21:59:18.053] Husby was here, and we are ready to go
[2026-05-21 21:59:18.072] AUTO-DISENGAGE: gear left Park (now D)
[2026-05-21 21:59:18.072] Husby was here, and we are ready to go
[2026-05-21 21:59:18.092] AUTO-DISENGAGE: gear left Park (now D)
[2026-05-21 21:59:18.092] Husby was here, and we are ready to go
[2026-05-21 21:59:18.115] AUTO-DISENGAGE: gear left Park (now D)
[2026-05-21 21:59:18.115] Husby was here, and we are ready to go
[2026-05-21 21:59:18.136] AUTO-DISENGAGE: gear left Park (now D)
[2026-05-21 21:59:18.136] Husby was here, and we are ready to go
[2026-05-21 21:59:18.137] AUTO-DISENGAGE: gear left Park (now D)
[2026-05-21 21:59:18.137] Husby was here, and we are ready to go
[2026-05-21 21:59:18.155] AUTO-DISENGAGE: gear left Park (now D)
[2026-05-21 21:59:18.156] Husby was here, and we are ready to go
[2026-05-21 21:59:18.175] AUTO-DISENGAGE: gear left Park (now D)
[2026-05-21 21:59:18.176] Husby was here, and we are ready to go
[2026-05-21 21:59:18.193] AUTO-DISENGAGE: gear left Park (now D)
[2026-05-21 21:59:18.193] Husby was here, and we are ready to go
[2026-05-21 21:59:18.214] AUTO-DISENGAGE: gear left Park (now D)
[2026-05-21 21:59:18.215] Husby was here, and we are ready to go
[2026-05-21 21:59:18.233] AUTO-DISENGAGE: gear left Park (now D)
[2026-05-21 21:59:18.233] Husby was here, and we are ready to go
[2026-05-21 21:59:18.237] AUTO-DISENGAGE: gear left Park (now D)
[2026-05-21 21:59:18.238] Husby was here, and we are ready to go
[2026-05-21 21:59:18.255] AUTO-DISENGAGE: gear left Park (now D)
[2026-05-21 21:59:18.255] Husby was here, and we are ready to go
[2026-05-21 21:59:18.274] AUTO-DISENGAGE: gear left Park (now D)
[2026-05-21 21:59:18.274] Husby was here, and we are ready to go
[2026-05-21 21:59:18.293] AUTO-DISENGAGE: gear left Park (now D)
[2026-05-21 21:59:18.293] Husby was here, and we are ready to go
[2026-05-21 21:59:18.313] AUTO-DISENGAGE: gear left Park (now D)
[2026-05-21 21:59:18.313] Husby was here, and we are ready to go
[2026-05-21 21:59:18.336] AUTO-DISENGAGE: gear left Park (now D)
[2026-05-21 21:59:18.337] Husby was here, and we are ready to go
[2026-05-21 21:59:18.337] AUTO-DISENGAGE: gear left Park (now D)
[2026-05-21 21:59:18.337] Husby was here, and we are ready to go
[2026-05-21 21:59:18.355] AUTO-DISENGAGE: gear left Park (now D)
[2026-05-21 21:59:18.356] Husby was here, and we are ready to go
[2026-05-21 21:59:18.375] AUTO-DISENGAGE: gear left Park (now D)
[2026-05-21 21:59:18.376] Husby was here, and we are ready to go
[2026-05-21 21:59:18.395] AUTO-DISENGAGE: gear left Park (now D)
[2026-05-21 21:59:18.396] Husby was here, and we are ready to go
[2026-05-21 21:59:18.414] AUTO-DISENGAGE: gear left Park (now D)
[2026-05-21 21:59:18.414] Husby was here, and we are ready to go
[2026-05-21 21:59:18.436] AUTO-DISENGAGE: gear left Park (now D)
[2026-05-21 21:59:18.436] Husby was here, and we are ready to go
[2026-05-21 21:59:18.437] AUTO-DISENGAGE: gear left Park (now D)
[2026-05-21 21:59:18.437] Husby was here, and we are ready to go
[2026-05-21 21:59:18.455] AUTO-DISENGAGE: gear left Park (now D)
[2026-05-21 21:59:18.456] Husby was here, and we are ready to go
[2026-05-21 21:59:18.475] AUTO-DISENGAGE: gear left Park (now D)
[2026-05-21 21:59:18.476] Husby was here, and we are ready to go
[2026-05-21 21:59:18.496] AUTO-DISENGAGE: gear left Park (now D)
[2026-05-21 21:59:18.496] Husby was here, and we are ready to go
[2026-05-21 21:59:18.515] AUTO-DISENGAGE: gear left Park (now D)
[2026-05-21 21:59:18.515] Husby was here, and we are ready to go
[2026-05-21 21:59:18.535] AUTO-DISENGAGE: gear left Park (now D)
[2026-05-21 21:59:18.535] Husby was here, and we are ready to go
[2026-05-21 21:59:18.537] AUTO-DISENGAGE: gear left Park (now D)
[2026-05-21 21:59:18.537] Husby was here, and we are ready to go
[2026-05-21 21:59:18.553] AUTO-DISENGAGE: gear left Park (now D)
[2026-05-21 21:59:18.553] Husby was here, and we are ready to go
[2026-05-21 21:59:18.573] AUTO-DISENGAGE: gear left Park (now D)
[2026-05-21 21:59:18.573] Husby was here, and we are ready to go
[2026-05-21 21:59:18.593] AUTO-DISENGAGE: gear left Park (now D)
[2026-05-21 21:59:18.593] Husby was here, and we are ready to go
[2026-05-21 21:59:18.613] AUTO-DISENGAGE: gear left Park (now D)
[2026-05-21 21:59:18.613] Husby was here, and we are ready to go
[2026-05-21 21:59:18.634] AUTO-DISENGAGE: gear left Park (now D)
[2026-05-21 21:59:18.634] Husby was here, and we are ready to go
[2026-05-21 21:59:18.637] AUTO-DISENGAGE: gear left Park (now D)
[2026-05-21 21:59:18.637] Husby was here, and we are ready to go
[2026-05-21 21:59:18.655] AUTO-DISENGAGE: gear left Park (now D)
[2026-05-21 21:59:18.655] Husby was here, and we are ready to go
[2026-05-21 21:59:18.673] AUTO-DISENGAGE: gear left Park (now D)
[2026-05-21 21:59:18.674] Husby was here, and we are ready to go
[2026-05-21 21:59:18.692] AUTO-DISENGAGE: gear left Park (now D)
[2026-05-21 21:59:18.692] Husby was here, and we are ready to go
[2026-05-21 21:59:18.712] AUTO-DISENGAGE: gear left Park (now D)
[2026-05-21 21:59:18.712] Husby was here, and we are ready to go
[2026-05-21 21:59:18.734] AUTO-DISENGAGE: gear left Park (now D)
[2026-05-21 21:59:18.734] Husby was here, and we are ready to go
[2026-05-21 21:59:18.737] AUTO-DISENGAGE: gear left Park (now D)
[2026-05-21 21:59:18.737] Husby was here, and we are ready to go
[2026-05-21 21:59:18.752] AUTO-DISENGAGE: gear left Park (now D)
[2026-05-21 21:59:18.752] Husby was here, and we are ready to go
[2026-05-21 21:59:18.775] AUTO-DISENGAGE: gear left Park (now D)
[2026-05-21 21:59:18.775] Husby was here, and we are ready to go
[2026-05-21 21:59:18.796] AUTO-DISENGAGE: gear left Park (now D)
[2026-05-21 21:59:18.796] Husby was here, and we are ready to go
[2026-05-21 21:59:18.815] AUTO-DISENGAGE: gear left Park (now D)
[2026-05-21 21:59:18.816] Husby was here, and we are ready to go
[2026-05-21 21:59:18.837] AUTO-DISENGAGE: gear left Park (now D)
[2026-05-21 21:59:18.837] Husby was here, and we are ready to go
[2026-05-21 21:59:18.838] AUTO-DISENGAGE: gear left Park (now D)
[2026-05-21 21:59:18.838] Husby was here, and we are ready to go
[2026-05-21 21:59:18.855] AUTO-DISENGAGE: gear left Park (now D)
[2026-05-21 21:59:18.855] Husby was here, and we are ready to go
[2026-05-21 21:59:18.875] AUTO-DISENGAGE: gear left Park (now D)
[2026-05-21 21:59:18.875] Husby was here, and we are ready to go
[2026-05-21 21:59:18.893] AUTO-DISENGAGE: gear left Park (now D)
[2026-05-21 21:59:18.893] Husby was here, and we are ready to go
[2026-05-21 21:59:18.913] AUTO-DISENGAGE: gear left Park (now D)
[2026-05-21 21:59:18.913] Husby was here, and we are ready to go
[2026-05-21 21:59:18.934] AUTO-DISENGAGE: gear left Park (now D)
[2026-05-21 21:59:18.935] Husby was here, and we are ready to go
[2026-05-21 21:59:18.938] AUTO-DISENGAGE: gear left Park (now D)
[2026-05-21 21:59:18.938] Husby was here, and we are ready to go
[2026-05-21 21:59:18.954] AUTO-DISENGAGE: gear left Park (now D)
[2026-05-21 21:59:18.954] Husby was here, and we are ready to go
[2026-05-21 21:59:18.973] AUTO-DISENGAGE: gear left Park (now D)
[2026-05-21 21:59:18.973] Husby was here, and we are ready to go
[2026-05-21 21:59:18.994] AUTO-DISENGAGE: gear left Park (now D)
[2026-05-21 21:59:18.995] Husby was here, and we are ready to go
[2026-05-21 21:59:19.015] AUTO-DISENGAGE: gear left Park (now D)
[2026-05-21 21:59:19.016] Husby was here, and we are ready to go
[2026-05-21 21:59:19.035] AUTO-DISENGAGE: gear left Park (now D)
[2026-05-21 21:59:19.036] Husby was here, and we are ready to go
[2026-05-21 21:59:19.038] AUTO-DISENGAGE: gear left Park (now D)
[2026-05-21 21:59:19.038] Husby was here, and we are ready to go
[2026-05-21 21:59:19.054] AUTO-DISENGAGE: gear left Park (now D)
[2026-05-21 21:59:19.054] Husby was here, and we are ready to go
[2026-05-21 21:59:19.076] AUTO-DISENGAGE: gear left Park (now D)
[2026-05-21 21:59:19.076] Husby was here, and we are ready to go
[2026-05-21 21:59:19.094] AUTO-DISENGAGE: gear left Park (now D)
[2026-05-21 21:59:19.094] Husby was here, and we are ready to go
[2026-05-21 21:59:19.113] AUTO-DISENGAGE: gear left Park (now D)
[2026-05-21 21:59:19.113] Husby was here, and we are ready to go
[2026-05-21 21:59:19.134] AUTO-DISENGAGE: gear left Park (now D)
[2026-05-21 21:59:19.134] Husby was here, and we are ready to go
[2026-05-21 21:59:19.138] AUTO-DISENGAGE: gear left Park (now D)
[2026-05-21 21:59:19.138] Husby was here, and we are ready to go
[2026-05-21 21:59:19.153] AUTO-DISENGAGE: gear left Park (now D)
[2026-05-21 21:59:19.153] Husby was here, and we are ready to go
[2026-05-21 21:59:19.174] AUTO-DISENGAGE: gear left Park (now D)
[2026-05-21 21:59:19.175] Husby was here, and we are ready to go
[2026-05-21 21:59:19.192] AUTO-DISENGAGE: gear left Park (now D)
[2026-05-21 21:59:19.192] Husby was here, and we are ready to go
[2026-05-21 21:59:19.212] AUTO-DISENGAGE: gear left Park (now D)
[2026-05-21 21:59:19.212] Husby was here, and we are ready to go
[2026-05-21 21:59:19.233] AUTO-DISENGAGE: gear left Park (now D)
[2026-05-21 21:59:19.233] Husby was here, and we are ready to go
[2026-05-21 21:59:19.238] AUTO-DISENGAGE: gear left Park (now D)
[2026-05-21 21:59:19.238] Husby was here, and we are ready to go
[2026-05-21 21:59:19.253] AUTO-DISENGAGE: gear left Park (now D)
[2026-05-21 21:59:19.253] Husby was here, and we are ready to go
[2026-05-21 21:59:19.272] AUTO-DISENGAGE: gear left Park (now D)
[2026-05-21 21:59:19.272] Husby was here, and we are ready to go
[2026-05-21 21:59:19.292] AUTO-DISENGAGE: gear left Park (now D)
[2026-05-21 21:59:19.292] Husby was here, and we are ready to go
[2026-05-21 21:59:19.312] AUTO-DISENGAGE: gear left Park (now D)
[2026-05-21 21:59:19.312] Husby was here, and we are ready to go
[2026-05-21 21:59:19.333] AUTO-DISENGAGE: gear left Park (now D)
[2026-05-21 21:59:19.333] Husby was here, and we are ready to go
[2026-05-21 21:59:19.338] AUTO-DISENGAGE: gear left Park (now D)
[2026-05-21 21:59:19.338] Husby was here, and we are ready to go
[2026-05-21 21:59:19.352] AUTO-DISENGAGE: gear left Park (now D)
[2026-05-21 21:59:19.352] Husby was here, and we are ready to go
[2026-05-21 21:59:19.372] AUTO-DISENGAGE: gear left Park (now D)
[2026-05-21 21:59:19.372] Husby was here, and we are ready to go
[2026-05-21 21:59:19.392] AUTO-DISENGAGE: gear left Park (now D)
[2026-05-21 21:59:19.393] Husby was here, and we are ready to go
[2026-05-21 21:59:19.413] AUTO-DISENGAGE: gear left Park (now D)
[2026-05-21 21:59:19.413] Husby was here, and we are ready to go
[2026-05-21 21:59:19.435] AUTO-DISENGAGE: gear left Park (now D)
[2026-05-21 21:59:19.435] Husby was here, and we are ready to go
[2026-05-21 21:59:19.438] AUTO-DISENGAGE: gear left Park (now D)
[2026-05-21 21:59:19.438] Husby was here, and we are ready to go
[2026-05-21 21:59:19.456] AUTO-DISENGAGE: gear left Park (now D)
[2026-05-21 21:59:19.456] Husby was here, and we are ready to go
[2026-05-21 21:59:19.475] AUTO-DISENGAGE: gear left Park (now D)
[2026-05-21 21:59:19.475] Husby was here, and we are ready to go
[2026-05-21 21:59:19.493] AUTO-DISENGAGE: gear left Park (now D)
[2026-05-21 21:59:19.493] Husby was here, and we are ready to go
[2026-05-21 21:59:19.513] AUTO-DISENGAGE: gear left Park (now D)
[2026-05-21 21:59:19.513] Husby was here, and we are ready to go
[2026-05-21 21:59:19.533] AUTO-DISENGAGE: gear left Park (now D)
[2026-05-21 21:59:19.533] Husby was here, and we are ready to go
[2026-05-21 21:59:19.538] AUTO-DISENGAGE: gear left Park (now D)
[2026-05-21 21:59:19.538] Husby was here, and we are ready to go
[2026-05-21 21:59:19.553] AUTO-DISENGAGE: gear left Park (now D)
[2026-05-21 21:59:19.554] Husby was here, and we are ready to go
[2026-05-21 21:59:19.573] AUTO-DISENGAGE: gear left Park (now D)
[2026-05-21 21:59:19.573] Husby was here, and we are ready to go
[2026-05-21 21:59:19.593] AUTO-DISENGAGE: gear left Park (now D)
[2026-05-21 21:59:19.593] Husby was here, and we are ready to go
[2026-05-21 21:59:19.614] AUTO-DISENGAGE: gear left Park (now D)
[2026-05-21 21:59:19.614] Husby was here, and we are ready to go
[2026-05-21 21:59:19.636] AUTO-DISENGAGE: gear left Park (now D)
[2026-05-21 21:59:19.636] Husby was here, and we are ready to go
[2026-05-21 21:59:19.638] AUTO-DISENGAGE: gear left Park (now D)
[2026-05-21 21:59:19.638] Husby was here, and we are ready to go
[2026-05-21 21:59:19.656] AUTO-DISENGAGE: gear left Park (now D)
[2026-05-21 21:59:19.656] Husby was here, and we are ready to go
[2026-05-21 21:59:19.675] AUTO-DISENGAGE: gear left Park (now D)
[2026-05-21 21:59:19.675] Husby was here, and we are ready to go
[2026-05-21 21:59:19.693] AUTO-DISENGAGE: gear left Park (now D)
[2026-05-21 21:59:19.693] Husby was here, and we are ready to go
[2026-05-21 21:59:19.713] AUTO-DISENGAGE: gear left Park (now D)
[2026-05-21 21:59:19.713] Husby was here, and we are ready to go
[2026-05-21 21:59:19.734] AUTO-DISENGAGE: gear left Park (now D)
[2026-05-21 21:59:19.734] Husby was here, and we are ready to go
[2026-05-21 21:59:19.738] AUTO-DISENGAGE: gear left Park (now D)
[2026-05-21 21:59:19.738] Husby was here, and we are ready to go
[2026-05-21 21:59:19.755] AUTO-DISENGAGE: gear left Park (now D)
[2026-05-21 21:59:19.755] Husby was here, and we are ready to go
[2026-05-21 21:59:19.773] AUTO-DISENGAGE: gear left Park (now D)
[2026-05-21 21:59:19.774] Husby was here, and we are ready to go
[2026-05-21 21:59:19.792] AUTO-DISENGAGE: gear left Park (now D)
[2026-05-21 21:59:19.792] Husby was here, and we are ready to go
[2026-05-21 21:59:19.812] AUTO-DISENGAGE: gear left Park (now D)
[2026-05-21 21:59:19.812] Husby was here, and we are ready to go
[2026-05-21 21:59:19.835] AUTO-DISENGAGE: gear left Park (now D)
[2026-05-21 21:59:19.835] Husby was here, and we are ready to go
[2026-05-21 21:59:19.838] AUTO-DISENGAGE: gear left Park (now D)
[2026-05-21 21:59:19.838] Husby was here, and we are ready to go
[2026-05-21 21:59:19.855] AUTO-DISENGAGE: gear left Park (now D)
[2026-05-21 21:59:19.855] Husby was here, and we are ready to go
[2026-05-21 21:59:19.875] AUTO-DISENGAGE: gear left Park (now D)
[2026-05-21 21:59:19.876] Husby was here, and we are ready to go
[2026-05-21 21:59:19.895] AUTO-DISENGAGE: gear left Park (now D)
[2026-05-21 21:59:19.895] Husby was here, and we are ready to go
[2026-05-21 21:59:19.913] AUTO-DISENGAGE: gear left Park (now D)
[2026-05-21 21:59:19.913] Husby was here, and we are ready to go
[2026-05-21 21:59:19.933] AUTO-DISENGAGE: gear left Park (now D)
[2026-05-21 21:59:19.933] Husby was here, and we are ready to go
[2026-05-21 21:59:19.938] AUTO-DISENGAGE: gear left Park (now D)
[2026-05-21 21:59:19.938] Husby was here, and we are ready to go
[2026-05-21 21:59:19.953] AUTO-DISENGAGE: gear left Park (now D)
[2026-05-21 21:59:19.953] Husby was here, and we are ready to go
[2026-05-21 21:59:19.973] AUTO-DISENGAGE: gear left Park (now D)
[2026-05-21 21:59:19.974] Husby was here, and we are ready to go
[2026-05-21 21:59:19.993] AUTO-DISENGAGE: gear left Park (now D)
[2026-05-21 21:59:19.993] Husby was here, and we are ready to go
[2026-05-21 21:59:20.013] AUTO-DISENGAGE: gear left Park (now D)
[2026-05-21 21:59:20.013] Husby was here, and we are ready to go
[2026-05-21 21:59:20.035] AUTO-DISENGAGE: gear left Park (now D)
[2026-05-21 21:59:20.035] Husby was here, and we are ready to go
[2026-05-21 21:59:20.038] AUTO-DISENGAGE: gear left Park (now D)
[2026-05-21 21:59:20.038] Husby was here, and we are ready to go
[2026-05-21 21:59:20.055] AUTO-DISENGAGE: gear left Park (now D)
[2026-05-21 21:59:20.056] Husby was here, and we are ready to go
[2026-05-21 21:59:20.075] AUTO-DISENGAGE: gear left Park (now D)
[2026-05-21 21:59:20.076] Husby was here, and we are ready to go
[2026-05-21 21:59:20.093] AUTO-DISENGAGE: gear left Park (now D)
[2026-05-21 21:59:20.093] Husby was here, and we are ready to go
[2026-05-21 21:59:20.113] AUTO-DISENGAGE: gear left Park (now D)
[2026-05-21 21:59:20.113] Husby was here, and we are ready to go
[2026-05-21 21:59:20.136] AUTO-DISENGAGE: gear left Park (now D)
[2026-05-21 21:59:20.136] Husby was here, and we are ready to go
[2026-05-21 21:59:20.138] AUTO-DISENGAGE: gear left Park (now D)
[2026-05-21 21:59:20.138] Husby was here, and we are ready to go
[2026-05-21 21:59:20.155] AUTO-DISENGAGE: gear left Park (now D)
[2026-05-21 21:59:20.156] Husby was here, and we are ready to go
[2026-05-21 21:59:20.175] AUTO-DISENGAGE: gear left Park (now D)
[2026-05-21 21:59:20.175] Husby was here, and we are ready to go
[2026-05-21 21:59:20.194] AUTO-DISENGAGE: gear left Park (now D)
[2026-05-21 21:59:20.195] Husby was here, and we are ready to go
[2026-05-21 21:59:20.213] AUTO-DISENGAGE: gear left Park (now D)
[2026-05-21 21:59:20.213] Husby was here, and we are ready to go
[2026-05-21 21:59:20.233] AUTO-DISENGAGE: gear left Park (now D)
[2026-05-21 21:59:20.234] Husby was here, and we are ready to go
[2026-05-21 21:59:20.238] AUTO-DISENGAGE: gear left Park (now D)
[2026-05-21 21:59:20.238] Husby was here, and we are ready to go
[2026-05-21 21:59:20.254] AUTO-DISENGAGE: gear left Park (now D)
[2026-05-21 21:59:20.254] Husby was here, and we are ready to go
[2026-05-21 21:59:20.273] AUTO-DISENGAGE: gear left Park (now D)
[2026-05-21 21:59:20.273] Husby was here, and we are ready to go
[2026-05-21 21:59:20.293] AUTO-DISENGAGE: gear left Park (now D)
[2026-05-21 21:59:20.293] Husby was here, and we are ready to go
[2026-05-21 21:59:20.315] AUTO-DISENGAGE: gear left Park (now D)
[2026-05-21 21:59:20.315] Husby was here, and we are ready to go
[2026-05-21 21:59:20.335] AUTO-DISENGAGE: gear left Park (now D)
[2026-05-21 21:59:20.336] Husby was here, and we are ready to go
[2026-05-21 21:59:20.338] AUTO-DISENGAGE: gear left Park (now D)
[2026-05-21 21:59:20.338] Husby was here, and we are ready to go
[2026-05-21 21:59:20.356] AUTO-DISENGAGE: gear left Park (now D)
[2026-05-21 21:59:20.356] Husby was here, and we are ready to go
[2026-05-21 21:59:20.375] AUTO-DISENGAGE: gear left Park (now D)
[2026-05-21 21:59:20.375] Husby was here, and we are ready to go
[2026-05-21 21:59:20.395] AUTO-DISENGAGE: gear left Park (now D)
[2026-05-21 21:59:20.395] Husby was here, and we are ready to go
[2026-05-21 21:59:20.415] AUTO-DISENGAGE: gear left Park (now D)
[2026-05-21 21:59:20.415] Husby was here, and we are ready to go
[2026-05-21 21:59:20.433] AUTO-DISENGAGE: gear left Park (now D)
[2026-05-21 21:59:20.433] Husby was here, and we are ready to go
[2026-05-21 21:59:20.438] AUTO-DISENGAGE: gear left Park (now D)
[2026-05-21 21:59:20.438] Husby was here, and we are ready to go
[2026-05-21 21:59:20.454] AUTO-DISENGAGE: gear left Park (now D)
[2026-05-21 21:59:20.454] Husby was here, and we are ready to go
[2026-05-21 21:59:20.474] AUTO-DISENGAGE: gear left Park (now D)
[2026-05-21 21:59:20.474] Husby was here, and we are ready to go
[2026-05-21 21:59:20.493] AUTO-DISENGAGE: gear left Park (now D)
[2026-05-21 21:59:20.493] Husby was here, and we are ready to go
[2026-05-21 21:59:20.513] AUTO-DISENGAGE: gear left Park (now D)
[2026-05-21 21:59:20.513] Husby was here, and we are ready to go
[2026-05-21 21:59:20.533] AUTO-DISENGAGE: gear left Park (now D)
[2026-05-21 21:59:20.533] Husby was here, and we are ready to go
[2026-05-21 21:59:20.538] AUTO-DISENGAGE: gear left Park (now D)
[2026-05-21 21:59:20.538] Husby was here, and we are ready to go
[2026-05-21 21:59:20.556] AUTO-DISENGAGE: gear left Park (now D)
[2026-05-21 21:59:20.556] Husby was here, and we are ready to go
[2026-05-21 21:59:20.574] AUTO-DISENGAGE: gear left Park (now D)
[2026-05-21 21:59:20.575] Husby was here, and we are ready to go
[2026-05-21 21:59:20.593] AUTO-DISENGAGE: gear left Park (now D)
[2026-05-21 21:59:20.593] Husby was here, and we are ready to go
[2026-05-21 21:59:20.613] AUTO-DISENGAGE: gear left Park (now D)
[2026-05-21 21:59:20.613] Husby was here, and we are ready to go
[2026-05-21 21:59:20.636] AUTO-DISENGAGE: gear left Park (now D)
[2026-05-21 21:59:20.636] Husby was here, and we are ready to go
[2026-05-21 21:59:20.638] AUTO-DISENGAGE: gear left Park (now D)
[2026-05-21 21:59:20.638] Husby was here, and we are ready to go
[2026-05-21 21:59:20.656] AUTO-DISENGAGE: gear left Park (now D)
[2026-05-21 21:59:20.656] Husby was here, and we are ready to go
[2026-05-21 21:59:20.676] AUTO-DISENGAGE: gear left Park (now D)
[2026-05-21 21:59:20.676] Husby was here, and we are ready to go
[2026-05-21 21:59:20.695] AUTO-DISENGAGE: gear left Park (now D)
[2026-05-21 21:59:20.695] Husby was here, and we are ready to go
[2026-05-21 21:59:20.718] AUTO-DISENGAGE: gear left Park (now D)
[2026-05-21 21:59:20.718] Husby was here, and we are ready to go
[2026-05-21 21:59:20.736] AUTO-DISENGAGE: gear left Park (now D)
[2026-05-21 21:59:20.737] Husby was here, and we are ready to go
[2026-05-21 21:59:20.739] AUTO-DISENGAGE: gear left Park (now D)
[2026-05-21 21:59:20.739] Husby was here, and we are ready to go
[2026-05-21 21:59:20.756] AUTO-DISENGAGE: gear left Park (now D)
[2026-05-21 21:59:20.756] Husby was here, and we are ready to go
[2026-05-21 21:59:20.774] AUTO-DISENGAGE: gear left Park (now D)
[2026-05-21 21:59:20.774] Husby was here, and we are ready to go
[2026-05-21 21:59:20.793] AUTO-DISENGAGE: gear left Park (now D)
[2026-05-21 21:59:20.793] Husby was here, and we are ready to go
[2026-05-21 21:59:20.816] AUTO-DISENGAGE: gear left Park (now D)
[2026-05-21 21:59:20.816] Husby was here, and we are ready to go
[2026-05-21 21:59:20.834] AUTO-DISENGAGE: gear left Park (now D)
[2026-05-21 21:59:20.834] Husby was here, and we are ready to go
[2026-05-21 21:59:20.838] AUTO-DISENGAGE: gear left Park (now D)
[2026-05-21 21:59:20.838] Husby was here, and we are ready to go
[2026-05-21 21:59:20.853] AUTO-DISENGAGE: gear left Park (now D)
[2026-05-21 21:59:20.853] Husby was here, and we are ready to go
[2026-05-21 21:59:20.874] AUTO-DISENGAGE: gear left Park (now D)
[2026-05-21 21:59:20.875] Husby was here, and we are ready to go
[2026-05-21 21:59:20.894] AUTO-DISENGAGE: gear left Park (now D)
[2026-05-21 21:59:20.894] Husby was here, and we are ready to go
[2026-05-21 21:59:20.915] AUTO-DISENGAGE: gear left Park (now D)
[2026-05-21 21:59:20.915] Husby was here, and we are ready to go
[2026-05-21 21:59:20.933] AUTO-DISENGAGE: gear left Park (now D)
[2026-05-21 21:59:20.933] Husby was here, and we are ready to go
[2026-05-21 21:59:20.938] AUTO-DISENGAGE: gear left Park (now D)
[2026-05-21 21:59:20.938] Husby was here, and we are ready to go
[2026-05-21 21:59:20.955] AUTO-DISENGAGE: gear left Park (now D)
[2026-05-21 21:59:20.956] Husby was here, and we are ready to go
[2026-05-21 21:59:20.974] AUTO-DISENGAGE: gear left Park (now D)
[2026-05-21 21:59:20.974] Husby was here, and we are ready to go
[2026-05-21 21:59:20.995] AUTO-DISENGAGE: gear left Park (now D)
[2026-05-21 21:59:20.995] Husby was here, and we are ready to go
[2026-05-21 21:59:21.015] AUTO-DISENGAGE: gear left Park (now D)
[2026-05-21 21:59:21.015] Husby was here, and we are ready to go
[2026-05-21 21:59:21.035] AUTO-DISENGAGE: gear left Park (now D)
[2026-05-21 21:59:21.035] Husby was here, and we are ready to go
[2026-05-21 21:59:21.038] AUTO-DISENGAGE: gear left Park (now D)
[2026-05-21 21:59:21.038] Husby was here, and we are ready to go
[2026-05-21 21:59:21.053] AUTO-DISENGAGE: gear left Park (now D)
[2026-05-21 21:59:21.054] Husby was here, and we are ready to go
[2026-05-21 21:59:21.077] AUTO-DISENGAGE: gear left Park (now D)
[2026-05-21 21:59:21.078] Husby was here, and we are ready to go
[2026-05-21 21:59:21.095] AUTO-DISENGAGE: gear left Park (now D)
[2026-05-21 21:59:21.095] Husby was here, and we are ready to go
[2026-05-21 21:59:21.113] AUTO-DISENGAGE: gear left Park (now D)
[2026-05-21 21:59:21.113] Husby was here, and we are ready to go
[2026-05-21 21:59:21.134] AUTO-DISENGAGE: gear left Park (now D)
[2026-05-21 21:59:21.135] Husby was here, and we are ready to go
[2026-05-21 21:59:21.138] AUTO-DISENGAGE: gear left Park (now D)
[2026-05-21 21:59:21.138] Husby was here, and we are ready to go
[2026-05-21 21:59:21.154] AUTO-DISENGAGE: gear left Park (now D)
[2026-05-21 21:59:21.155] Husby was here, and we are ready to go
[2026-05-21 21:59:21.174] AUTO-DISENGAGE: gear left Park (now D)
[2026-05-21 21:59:21.174] Husby was here, and we are ready to go
[2026-05-21 21:59:21.193] AUTO-DISENGAGE: gear left Park (now D)
[2026-05-21 21:59:21.193] Husby was here, and we are ready to go
[2026-05-21 21:59:21.213] AUTO-DISENGAGE: gear left Park (now D)
[2026-05-21 21:59:21.213] Husby was here, and we are ready to go
[2026-05-21 21:59:21.234] AUTO-DISENGAGE: gear left Park (now D)
[2026-05-21 21:59:21.234] Husby was here, and we are ready to go
[2026-05-21 21:59:21.238] AUTO-DISENGAGE: gear left Park (now D)
[2026-05-21 21:59:21.238] Husby was here, and we are ready to go
[2026-05-21 21:59:21.255] AUTO-DISENGAGE: gear left Park (now D)
[2026-05-21 21:59:21.255] Husby was here, and we are ready to go
[2026-05-21 21:59:21.274] AUTO-DISENGAGE: gear left Park (now D)
[2026-05-21 21:59:21.274] Husby was here, and we are ready to go
[2026-05-21 21:59:21.292] AUTO-DISENGAGE: gear left Park (now D)
[2026-05-21 21:59:21.292] Husby was here, and we are ready to go
[2026-05-21 21:59:21.313] AUTO-DISENGAGE: gear left Park (now D)
[2026-05-21 21:59:21.313] Husby was here, and we are ready to go
[2026-05-21 21:59:21.333] AUTO-DISENGAGE: gear left Park (now D)
[2026-05-21 21:59:21.333] Husby was here, and we are ready to go
[2026-05-21 21:59:21.338] AUTO-DISENGAGE: gear left Park (now D)
[2026-05-21 21:59:21.338] Husby was here, and we are ready to go
[2026-05-21 21:59:21.355] AUTO-DISENGAGE: gear left Park (now D)
[2026-05-21 21:59:21.356] Husby was here, and we are ready to go
[2026-05-21 21:59:21.375] AUTO-DISENGAGE: gear left Park (now D)
[2026-05-21 21:59:21.376] Husby was here, and we are ready to go
[2026-05-21 21:59:21.396] AUTO-DISENGAGE: gear left Park (now D)
[2026-05-21 21:59:21.396] Husby was here, and we are ready to go
[2026-05-21 21:59:21.414] AUTO-DISENGAGE: gear left Park (now D)
[2026-05-21 21:59:21.415] Husby was here, and we are ready to go
[2026-05-21 21:59:21.436] AUTO-DISENGAGE: gear left Park (now D)
[2026-05-21 21:59:21.436] Husby was here, and we are ready to go
[2026-05-21 21:59:21.438] AUTO-DISENGAGE: gear left Park (now D)
[2026-05-21 21:59:21.438] Husby was here, and we are ready to go
[2026-05-21 21:59:21.456] AUTO-DISENGAGE: gear left Park (now D)
[2026-05-21 21:59:21.457] Husby was here, and we are ready to go
[2026-05-21 21:59:21.474] AUTO-DISENGAGE: gear left Park (now D)
[2026-05-21 21:59:21.475] Husby was here, and we are ready to go
[2026-05-21 21:59:21.497] AUTO-DISENGAGE: gear left Park (now D)
[2026-05-21 21:59:21.497] Husby was here, and we are ready to go
[2026-05-21 21:59:21.515] AUTO-DISENGAGE: gear left Park (now D)
[2026-05-21 21:59:21.515] Husby was here, and we are ready to go
[2026-05-21 21:59:21.536] AUTO-DISENGAGE: gear left Park (now D)
[2026-05-21 21:59:21.536] Husby was here, and we are ready to go
[2026-05-21 21:59:21.538] AUTO-DISENGAGE: gear left Park (now D)
[2026-05-21 21:59:21.538] Husby was here, and we are ready to go
[2026-05-21 21:59:21.554] AUTO-DISENGAGE: gear left Park (now D)
[2026-05-21 21:59:21.555] Husby was here, and we are ready to go
[2026-05-21 21:59:21.573] AUTO-DISENGAGE: gear left Park (now D)
[2026-05-21 21:59:21.574] Husby was here, and we are ready to go
[2026-05-21 21:59:21.593] AUTO-DISENGAGE: gear left Park (now D)
[2026-05-21 21:59:21.593] Husby was here, and we are ready to go
[2026-05-21 21:59:21.613] AUTO-DISENGAGE: gear left Park (now D)
[2026-05-21 21:59:21.613] Husby was here, and we are ready to go
[2026-05-21 21:59:21.633] AUTO-DISENGAGE: gear left Park (now D)
[2026-05-21 21:59:21.633] Husby was here, and we are ready to go
[2026-05-21 21:59:21.638] AUTO-DISENGAGE: gear left Park (now D)
[2026-05-21 21:59:21.638] Husby was here, and we are ready to go
[2026-05-21 21:59:21.657] AUTO-DISENGAGE: gear left Park (now D)
[2026-05-21 21:59:21.657] Husby was here, and we are ready to go
[2026-05-21 21:59:21.675] AUTO-DISENGAGE: gear left Park (now D)
[2026-05-21 21:59:21.676] Husby was here, and we are ready to go
[2026-05-21 21:59:21.693] AUTO-DISENGAGE: gear left Park (now D)
[2026-05-21 21:59:21.694] Husby was here, and we are ready to go
[2026-05-21 21:59:21.714] AUTO-DISENGAGE: gear left Park (now D)
[2026-05-21 21:59:21.714] Husby was here, and we are ready to go
[2026-05-21 21:59:21.735] AUTO-DISENGAGE: gear left Park (now D)
[2026-05-21 21:59:21.735] Husby was here, and we are ready to go
[2026-05-21 21:59:21.738] AUTO-DISENGAGE: gear left Park (now D)
[2026-05-21 21:59:21.738] Husby was here, and we are ready to go
[2026-05-21 21:59:21.757] AUTO-DISENGAGE: gear left Park (now D)
[2026-05-21 21:59:21.758] Husby was here, and we are ready to go
[2026-05-21 21:59:21.775] AUTO-DISENGAGE: gear left Park (now D)
[2026-05-21 21:59:21.776] Husby was here, and we are ready to go
[2026-05-21 21:59:21.796] AUTO-DISENGAGE: gear left Park (now D)
[2026-05-21 21:59:21.796] Husby was here, and we are ready to go
[2026-05-21 21:59:21.815] AUTO-DISENGAGE: gear left Park (now D)
[2026-05-21 21:59:21.815] Husby was here, and we are ready to go
[2026-05-21 21:59:21.833] AUTO-DISENGAGE: gear left Park (now D)
[2026-05-21 21:59:21.834] Husby was here, and we are ready to go
[2026-05-21 21:59:21.838] AUTO-DISENGAGE: gear left Park (now D)
[2026-05-21 21:59:21.838] Husby was here, and we are ready to go
[2026-05-21 21:59:21.854] AUTO-DISENGAGE: gear left Park (now D)
[2026-05-21 21:59:21.854] Husby was here, and we are ready to go
[2026-05-21 21:59:21.873] AUTO-DISENGAGE: gear left Park (now D)
[2026-05-21 21:59:21.873] Husby was here, and we are ready to go
[2026-05-21 21:59:21.893] AUTO-DISENGAGE: gear left Park (now D)
[2026-05-21 21:59:21.894] Husby was here, and we are ready to go
[2026-05-21 21:59:21.913] AUTO-DISENGAGE: gear left Park (now D)
[2026-05-21 21:59:21.913] Husby was here, and we are ready to go
[2026-05-21 21:59:21.934] AUTO-DISENGAGE: gear left Park (now D)
[2026-05-21 21:59:21.934] Husby was here, and we are ready to go
[2026-05-21 21:59:21.938] AUTO-DISENGAGE: gear left Park (now D)
[2026-05-21 21:59:21.938] Husby was here, and we are ready to go
[2026-05-21 21:59:21.956] AUTO-DISENGAGE: gear left Park (now D)
[2026-05-21 21:59:21.957] Husby was here, and we are ready to go
[2026-05-21 21:59:21.975] AUTO-DISENGAGE: gear left Park (now D)
[2026-05-21 21:59:21.975] Husby was here, and we are ready to go
[2026-05-21 21:59:21.997] AUTO-DISENGAGE: gear left Park (now D)
[2026-05-21 21:59:21.997] Husby was here, and we are ready to go
[2026-05-21 21:59:22.015] AUTO-DISENGAGE: gear left Park (now D)
[2026-05-21 21:59:22.015] Husby was here, and we are ready to go
[2026-05-21 21:59:22.035] AUTO-DISENGAGE: gear left Park (now D)
[2026-05-21 21:59:22.035] Husby was here, and we are ready to go
[2026-05-21 21:59:22.038] AUTO-DISENGAGE: gear left Park (now D)
[2026-05-21 21:59:22.038] Husby was here, and we are ready to go
[2026-05-21 21:59:22.055] AUTO-DISENGAGE: gear left Park (now D)
[2026-05-21 21:59:22.056] Husby was here, and we are ready to go
[2026-05-21 21:59:22.075] AUTO-DISENGAGE: gear left Park (now D)
[2026-05-21 21:59:22.076] Husby was here, and we are ready to go
[2026-05-21 21:59:22.095] AUTO-DISENGAGE: gear left Park (now D)
[2026-05-21 21:59:22.096] Husby was here, and we are ready to go
[2026-05-21 21:59:22.115] AUTO-DISENGAGE: gear left Park (now D)
[2026-05-21 21:59:22.115] Husby was here, and we are ready to go
[2026-05-21 21:59:22.134] AUTO-DISENGAGE: gear left Park (now D)
[2026-05-21 21:59:22.134] Husby was here, and we are ready to go
[2026-05-21 21:59:22.138] AUTO-DISENGAGE: gear left Park (now D)
[2026-05-21 21:59:22.138] Husby was here, and we are ready to go
[2026-05-21 21:59:22.153] AUTO-DISENGAGE: gear left Park (now D)
[2026-05-21 21:59:22.153] Husby was here, and we are ready to go
[2026-05-21 21:59:22.174] AUTO-DISENGAGE: gear left Park (now D)
[2026-05-21 21:59:22.174] Husby was here, and we are ready to go
[2026-05-21 21:59:22.194] AUTO-DISENGAGE: gear left Park (now D)
[2026-05-21 21:59:22.194] Husby was here, and we are ready to go
[2026-05-21 21:59:22.213] AUTO-DISENGAGE: gear left Park (now D)
[2026-05-21 21:59:22.213] Husby was here, and we are ready to go
[2026-05-21 21:59:22.234] AUTO-DISENGAGE: gear left Park (now D)
[2026-05-21 21:59:22.235] Husby was here, and we are ready to go
[2026-05-21 21:59:22.238] AUTO-DISENGAGE: gear left Park (now D)
[2026-05-21 21:59:22.238] Husby was here, and we are ready to go
[2026-05-21 21:59:22.257] AUTO-DISENGAGE: gear left Park (now D)
[2026-05-21 21:59:22.257] Husby was here, and we are ready to go
[2026-05-21 21:59:22.274] AUTO-DISENGAGE: gear left Park (now D)
[2026-05-21 21:59:22.274] Husby was here, and we are ready to go
[2026-05-21 21:59:22.296] AUTO-DISENGAGE: gear left Park (now D)
[2026-05-21 21:59:22.296] Husby was here, and we are ready to go
[2026-05-21 21:59:22.316] AUTO-DISENGAGE: gear left Park (now D)
[2026-05-21 21:59:22.316] Husby was here, and we are ready to go
[2026-05-21 21:59:22.337] AUTO-DISENGAGE: gear left Park (now D)
[2026-05-21 21:59:22.337] Husby was here, and we are ready to go
[2026-05-21 21:59:22.338] AUTO-DISENGAGE: gear left Park (now D)
[2026-05-21 21:59:22.338] Husby was here, and we are ready to go
[2026-05-21 21:59:22.355] AUTO-DISENGAGE: gear left Park (now D)
[2026-05-21 21:59:22.355] Husby was here, and we are ready to go
[2026-05-21 21:59:22.374] AUTO-DISENGAGE: gear left Park (now D)
[2026-05-21 21:59:22.374] Husby was here, and we are ready to go
[2026-05-21 21:59:22.393] AUTO-DISENGAGE: gear left Park (now D)
[2026-05-21 21:59:22.393] Husby was here, and we are ready to go
[2026-05-21 21:59:22.414] AUTO-DISENGAGE: gear left Park (now D)
[2026-05-21 21:59:22.414] Husby was here, and we are ready to go
[2026-05-21 21:59:22.432] AUTO-DISENGAGE: gear left Park (now D)
[2026-05-21 21:59:22.433] Husby was here, and we are ready to go
[2026-05-21 21:59:22.438] AUTO-DISENGAGE: gear left Park (now D)
[2026-05-21 21:59:22.438] Husby was here, and we are ready to go
[2026-05-21 21:59:22.453] AUTO-DISENGAGE: gear left Park (now D)
[2026-05-21 21:59:22.453] Husby was here, and we are ready to go
[2026-05-21 21:59:22.476] AUTO-DISENGAGE: gear left Park (now D)
[2026-05-21 21:59:22.476] Husby was here, and we are ready to go
[2026-05-21 21:59:22.495] AUTO-DISENGAGE: gear left Park (now D)
[2026-05-21 21:59:22.495] Husby was here, and we are ready to go
[2026-05-21 21:59:22.515] AUTO-DISENGAGE: gear left Park (now D)
[2026-05-21 21:59:22.516] Husby was here, and we are ready to go
[2026-05-21 21:59:22.537] AUTO-DISENGAGE: gear left Park (now D)
[2026-05-21 21:59:22.537] Husby was here, and we are ready to go
[2026-05-21 21:59:22.538] AUTO-DISENGAGE: gear left Park (now D)
[2026-05-21 21:59:22.538] Husby was here, and we are ready to go
[2026-05-21 21:59:22.555] AUTO-DISENGAGE: gear left Park (now D)
[2026-05-21 21:59:22.556] Husby was here, and we are ready to go
[2026-05-21 21:59:22.576] AUTO-DISENGAGE: gear left Park (now D)
[2026-05-21 21:59:22.576] Husby was here, and we are ready to go
[2026-05-21 21:59:22.595] AUTO-DISENGAGE: gear left Park (now D)
[2026-05-21 21:59:22.595] Husby was here, and we are ready to go
[2026-05-21 21:59:22.616] AUTO-DISENGAGE: gear left Park (now D)
[2026-05-21 21:59:22.616] Husby was here, and we are ready to go
[2026-05-21 21:59:22.636] AUTO-DISENGAGE: gear left Park (now D)
[2026-05-21 21:59:22.636] Husby was here, and we are ready to go
[2026-05-21 21:59:22.638] AUTO-DISENGAGE: gear left Park (now D)
[2026-05-21 21:59:22.638] Husby was here, and we are ready to go
[2026-05-21 21:59:22.656] AUTO-DISENGAGE: gear left Park (now D)
[2026-05-21 21:59:22.657] Husby was here, and we are ready to go
[2026-05-21 21:59:22.675] AUTO-DISENGAGE: gear left Park (now D)
[2026-05-21 21:59:22.675] Husby was here, and we are ready to go
[2026-05-21 21:59:22.695] AUTO-DISENGAGE: gear left Park (now D)
[2026-05-21 21:59:22.695] Husby was here, and we are ready to go
[2026-05-21 21:59:22.717] AUTO-DISENGAGE: gear left Park (now D)
[2026-05-21 21:59:22.718] Husby was here, and we are ready to go
[2026-05-21 21:59:22.737] AUTO-DISENGAGE: gear left Park (now D)
[2026-05-21 21:59:22.737] Husby was here, and we are ready to go
[2026-05-21 21:59:22.738] AUTO-DISENGAGE: gear left Park (now D)
[2026-05-21 21:59:22.738] Husby was here, and we are ready to go
[2026-05-21 21:59:22.757] AUTO-DISENGAGE: gear left Park (now D)
[2026-05-21 21:59:22.757] Husby was here, and we are ready to go
[2026-05-21 21:59:22.774] AUTO-DISENGAGE: gear left Park (now D)
[2026-05-21 21:59:22.774] Husby was here, and we are ready to go
[2026-05-21 21:59:22.793] AUTO-DISENGAGE: gear left Park (now D)
[2026-05-21 21:59:22.793] Husby was here, and we are ready to go
[2026-05-21 21:59:22.815] AUTO-DISENGAGE: gear left Park (now D)
[2026-05-21 21:59:22.816] Husby was here, and we are ready to go
[2026-05-21 21:59:22.835] AUTO-DISENGAGE: gear left Park (now D)
[2026-05-21 21:59:22.835] Husby was here, and we are ready to go
[2026-05-21 21:59:22.838] AUTO-DISENGAGE: gear left Park (now D)
[2026-05-21 21:59:22.838] Husby was here, and we are ready to go
[2026-05-21 21:59:22.854] AUTO-DISENGAGE: gear left Park (now D)
[2026-05-21 21:59:22.854] Husby was here, and we are ready to go
[2026-05-21 21:59:22.875] AUTO-DISENGAGE: gear left Park (now D)
[2026-05-21 21:59:22.875] Husby was here, and we are ready to go
[2026-05-21 21:59:22.894] AUTO-DISENGAGE: gear left Park (now D)
[2026-05-21 21:59:22.895] Husby was here, and we are ready to go
[2026-05-21 21:59:22.914] AUTO-DISENGAGE: gear left Park (now D)
[2026-05-21 21:59:22.915] Husby was here, and we are ready to go
[2026-05-21 21:59:22.934] AUTO-DISENGAGE: gear left Park (now D)
[2026-05-21 21:59:22.934] Husby was here, and we are ready to go
[2026-05-21 21:59:22.938] AUTO-DISENGAGE: gear left Park (now D)
[2026-05-21 21:59:22.938] Husby was here, and we are ready to go
[2026-05-21 21:59:22.955] AUTO-DISENGAGE: gear left Park (now D)
[2026-05-21 21:59:22.955] Husby was here, and we are ready to go
[2026-05-21 21:59:22.975] AUTO-DISENGAGE: gear left Park (now D)
[2026-05-21 21:59:22.976] Husby was here, and we are ready to go
[2026-05-21 21:59:22.993] AUTO-DISENGAGE: gear left Park (now D)
[2026-05-21 21:59:22.993] Husby was here, and we are ready to go
[2026-05-21 21:59:23.013] AUTO-DISENGAGE: gear left Park (now D)
[2026-05-21 21:59:23.013] Husby was here, and we are ready to go
[2026-05-21 21:59:23.033] AUTO-DISENGAGE: gear left Park (now D)
[2026-05-21 21:59:23.033] Husby was here, and we are ready to go
[2026-05-21 21:59:23.038] AUTO-DISENGAGE: gear left Park (now D)
[2026-05-21 21:59:23.038] Husby was here, and we are ready to go
[2026-05-21 21:59:23.053] AUTO-DISENGAGE: gear left Park (now D)
[2026-05-21 21:59:23.053] Husby was here, and we are ready to go
[2026-05-21 21:59:23.074] AUTO-DISENGAGE: gear left Park (now D)
[2026-05-21 21:59:23.074] Husby was here, and we are ready to go
[2026-05-21 21:59:23.092] AUTO-DISENGAGE: gear left Park (now D)
[2026-05-21 21:59:23.092] Husby was here, and we are ready to go
[2026-05-21 21:59:23.112] AUTO-DISENGAGE: gear left Park (now D)
[2026-05-21 21:59:23.112] Husby was here, and we are ready to go
[2026-05-21 21:59:23.133] AUTO-DISENGAGE: gear left Park (now D)
[2026-05-21 21:59:23.133] Husby was here, and we are ready to go
[2026-05-21 21:59:23.138] AUTO-DISENGAGE: gear left Park (now D)
[2026-05-21 21:59:23.138] Husby was here, and we are ready to go
[2026-05-21 21:59:23.153] AUTO-DISENGAGE: gear left Park (now D)
[2026-05-21 21:59:23.153] Husby was here, and we are ready to go
[2026-05-21 21:59:23.174] AUTO-DISENGAGE: gear left Park (now D)
[2026-05-21 21:59:23.174] Husby was here, and we are ready to go
[2026-05-21 21:59:23.193] AUTO-DISENGAGE: gear left Park (now D)
[2026-05-21 21:59:23.193] Husby was here, and we are ready to go
[2026-05-21 21:59:23.215] AUTO-DISENGAGE: gear left Park (now D)
[2026-05-21 21:59:23.215] Husby was here, and we are ready to go
[2026-05-21 21:59:23.236] AUTO-DISENGAGE: gear left Park (now D)
[2026-05-21 21:59:23.236] Husby was here, and we are ready to go
[2026-05-21 21:59:23.238] AUTO-DISENGAGE: gear left Park (now D)
[2026-05-21 21:59:23.238] Husby was here, and we are ready to go
[2026-05-21 21:59:23.256] AUTO-DISENGAGE: gear left Park (now D)
[2026-05-21 21:59:23.257] Husby was here, and we are ready to go
[2026-05-21 21:59:23.275] AUTO-DISENGAGE: gear left Park (now D)
[2026-05-21 21:59:23.275] Husby was here, and we are ready to go
[2026-05-21 21:59:23.295] AUTO-DISENGAGE: gear left Park (now D)
[2026-05-21 21:59:23.295] Husby was here, and we are ready to go
[2026-05-21 21:59:23.316] AUTO-DISENGAGE: gear left Park (now D)
[2026-05-21 21:59:23.316] Husby was here, and we are ready to go
[2026-05-21 21:59:23.334] AUTO-DISENGAGE: gear left Park (now D)
[2026-05-21 21:59:23.334] Husby was here, and we are ready to go
[2026-05-21 21:59:23.338] AUTO-DISENGAGE: gear left Park (now D)
[2026-05-21 21:59:23.338] Husby was here, and we are ready to go
[2026-05-21 21:59:23.355] AUTO-DISENGAGE: gear left Park (now D)
[2026-05-21 21:59:23.355] Husby was here, and we are ready to go
[2026-05-21 21:59:23.373] AUTO-DISENGAGE: gear left Park (now D)
[2026-05-21 21:59:23.373] Husby was here, and we are ready to go
[2026-05-21 21:59:23.393] AUTO-DISENGAGE: gear left Park (now D)
[2026-05-21 21:59:23.393] Husby was here, and we are ready to go
[2026-05-21 21:59:23.413] AUTO-DISENGAGE: gear left Park (now D)
[2026-05-21 21:59:23.413] Husby was here, and we are ready to go
[2026-05-21 21:59:23.434] AUTO-DISENGAGE: gear left Park (now D)
[2026-05-21 21:59:23.434] Husby was here, and we are ready to go
[2026-05-21 21:59:23.438] AUTO-DISENGAGE: gear left Park (now D)
[2026-05-21 21:59:23.438] Husby was here, and we are ready to go
[2026-05-21 21:59:23.453] AUTO-DISENGAGE: gear left Park (now D)
[2026-05-21 21:59:23.453] Husby was here, and we are ready to go
[2026-05-21 21:59:23.473] AUTO-DISENGAGE: gear left Park (now D)
[2026-05-21 21:59:23.473] Husby was here, and we are ready to go
[2026-05-21 21:59:23.493] AUTO-DISENGAGE: gear left Park (now D)
[2026-05-21 21:59:23.493] Husby was here, and we are ready to go
[2026-05-21 21:59:23.512] AUTO-DISENGAGE: gear left Park (now D)
[2026-05-21 21:59:23.513] Husby was here, and we are ready to go
[2026-05-21 21:59:23.533] AUTO-DISENGAGE: gear left Park (now D)
[2026-05-21 21:59:23.533] Husby was here, and we are ready to go
[2026-05-21 21:59:23.538] AUTO-DISENGAGE: gear left Park (now D)
[2026-05-21 21:59:23.538] Husby was here, and we are ready to go
[2026-05-21 21:59:23.552] AUTO-DISENGAGE: gear left Park (now D)
[2026-05-21 21:59:23.553] Husby was here, and we are ready to go
[2026-05-21 21:59:23.573] AUTO-DISENGAGE: gear left Park (now D)
[2026-05-21 21:59:23.573] Husby was here, and we are ready to go
[2026-05-21 21:59:23.593] AUTO-DISENGAGE: gear left Park (now D)
[2026-05-21 21:59:23.593] Husby was here, and we are ready to go
[2026-05-21 21:59:23.613] AUTO-DISENGAGE: gear left Park (now D)
[2026-05-21 21:59:23.613] Husby was here, and we are ready to go
[2026-05-21 21:59:23.633] AUTO-DISENGAGE: gear left Park (now D)
[2026-05-21 21:59:23.633] Husby was here, and we are ready to go
[2026-05-21 21:59:23.638] AUTO-DISENGAGE: gear left Park (now D)
[2026-05-21 21:59:23.638] Husby was here, and we are ready to go
[2026-05-21 21:59:23.653] AUTO-DISENGAGE: gear left Park (now D)
[2026-05-21 21:59:23.653] Husby was here, and we are ready to go
[2026-05-21 21:59:23.673] AUTO-DISENGAGE: gear left Park (now D)
[2026-05-21 21:59:23.673] Husby was here, and we are ready to go
[2026-05-21 21:59:23.696] AUTO-DISENGAGE: gear left Park (now D)
[2026-05-21 21:59:23.696] Husby was here, and we are ready to go
[2026-05-21 21:59:23.717] AUTO-DISENGAGE: gear left Park (now D)
[2026-05-21 21:59:23.717] Husby was here, and we are ready to go
[2026-05-21 21:59:23.738] AUTO-DISENGAGE: gear left Park (now D)
[2026-05-21 21:59:23.738] Husby was here, and we are ready to go
[2026-05-21 21:59:23.739] AUTO-DISENGAGE: gear left Park (now D)
[2026-05-21 21:59:23.739] Husby was here, and we are ready to go
[2026-05-21 21:59:23.755] AUTO-DISENGAGE: gear left Park (now D)
[2026-05-21 21:59:23.755] Husby was here, and we are ready to go
[2026-05-21 21:59:23.775] AUTO-DISENGAGE: gear left Park (now D)
[2026-05-21 21:59:23.776] Husby was here, and we are ready to go
[2026-05-21 21:59:23.795] AUTO-DISENGAGE: gear left Park (now D)
[2026-05-21 21:59:23.795] Husby was here, and we are ready to go
[2026-05-21 21:59:23.814] AUTO-DISENGAGE: gear left Park (now D)
[2026-05-21 21:59:23.814] Husby was here, and we are ready to go
[2026-05-21 21:59:23.835] AUTO-DISENGAGE: gear left Park (now D)
[2026-05-21 21:59:23.835] Husby was here, and we are ready to go
[2026-05-21 21:59:23.839] AUTO-DISENGAGE: gear left Park (now D)
[2026-05-21 21:59:23.839] Husby was here, and we are ready to go
[2026-05-21 21:59:23.856] AUTO-DISENGAGE: gear left Park (now D)
[2026-05-21 21:59:23.856] Husby was here, and we are ready to go
[2026-05-21 21:59:23.874] AUTO-DISENGAGE: gear left Park (now D)
[2026-05-21 21:59:23.874] Husby was here, and we are ready to go
[2026-05-21 21:59:23.893] AUTO-DISENGAGE: gear left Park (now D)
[2026-05-21 21:59:23.893] Husby was here, and we are ready to go
[2026-05-21 21:59:23.915] AUTO-DISENGAGE: gear left Park (now D)
[2026-05-21 21:59:23.915] Husby was here, and we are ready to go
[2026-05-21 21:59:23.934] AUTO-DISENGAGE: gear left Park (now D)
[2026-05-21 21:59:23.935] Husby was here, and we are ready to go
[2026-05-21 21:59:23.939] AUTO-DISENGAGE: gear left Park (now D)
[2026-05-21 21:59:23.939] Husby was here, and we are ready to go
[2026-05-21 21:59:23.954] AUTO-DISENGAGE: gear left Park (now D)
[2026-05-21 21:59:23.954] Husby was here, and we are ready to go
[2026-05-21 21:59:23.975] AUTO-DISENGAGE: gear left Park (now D)
[2026-05-21 21:59:23.976] Husby was here, and we are ready to go
[2026-05-21 21:59:23.995] AUTO-DISENGAGE: gear left Park (now D)
[2026-05-21 21:59:23.996] Husby was here, and we are ready to go
[2026-05-21 21:59:24.016] AUTO-DISENGAGE: gear left Park (now D)
[2026-05-21 21:59:24.017] Husby was here, and we are ready to go
[2026-05-21 21:59:24.036] AUTO-DISENGAGE: gear left Park (now D)
[2026-05-21 21:59:24.036] Husby was here, and we are ready to go
[2026-05-21 21:59:24.038] AUTO-DISENGAGE: gear left Park (now D)
[2026-05-21 21:59:24.039] Husby was here, and we are ready to go
[2026-05-21 21:59:24.056] AUTO-DISENGAGE: gear left Park (now D)
[2026-05-21 21:59:24.056] Husby was here, and we are ready to go
[2026-05-21 21:59:24.076] AUTO-DISENGAGE: gear left Park (now D)
[2026-05-21 21:59:24.076] Husby was here, and we are ready to go
[2026-05-21 21:59:24.095] AUTO-DISENGAGE: gear left Park (now D)
[2026-05-21 21:59:24.095] Husby was here, and we are ready to go
[2026-05-21 21:59:24.116] AUTO-DISENGAGE: gear left Park (now D)
[2026-05-21 21:59:24.116] Husby was here, and we are ready to go
[2026-05-21 21:59:24.135] AUTO-DISENGAGE: gear left Park (now D)
[2026-05-21 21:59:24.136] Husby was here, and we are ready to go
[2026-05-21 21:59:24.139] AUTO-DISENGAGE: gear left Park (now D)
[2026-05-21 21:59:24.139] Husby was here, and we are ready to go
[2026-05-21 21:59:24.158] AUTO-DISENGAGE: gear left Park (now D)
[2026-05-21 21:59:24.158] Husby was here, and we are ready to go
[2026-05-21 21:59:24.174] AUTO-DISENGAGE: gear left Park (now D)
[2026-05-21 21:59:24.174] Husby was here, and we are ready to go
[2026-05-21 21:59:24.194] AUTO-DISENGAGE: gear left Park (now D)
[2026-05-21 21:59:24.195] Husby was here, and we are ready to go
[2026-05-21 21:59:24.213] AUTO-DISENGAGE: gear left Park (now D)
[2026-05-21 21:59:24.213] Husby was here, and we are ready to go
[2026-05-21 21:59:24.234] AUTO-DISENGAGE: gear left Park (now D)
[2026-05-21 21:59:24.234] Husby was here, and we are ready to go
[2026-05-21 21:59:24.239] AUTO-DISENGAGE: gear left Park (now D)
[2026-05-21 21:59:24.239] Husby was here, and we are ready to go
[2026-05-21 21:59:24.254] AUTO-DISENGAGE: gear left Park (now D)
[2026-05-21 21:59:24.254] Husby was here, and we are ready to go
[2026-05-21 21:59:24.273] AUTO-DISENGAGE: gear left Park (now D)
[2026-05-21 21:59:24.273] Husby was here, and we are ready to go
[2026-05-21 21:59:24.293] AUTO-DISENGAGE: gear left Park (now D)
[2026-05-21 21:59:24.293] Husby was here, and we are ready to go
[2026-05-21 21:59:24.313] AUTO-DISENGAGE: gear left Park (now D)
[2026-05-21 21:59:24.313] Husby was here, and we are ready to go
[2026-05-21 21:59:24.333] AUTO-DISENGAGE: gear left Park (now D)
[2026-05-21 21:59:24.334] Husby was here, and we are ready to go
[2026-05-21 21:59:24.339] AUTO-DISENGAGE: gear left Park (now D)
[2026-05-21 21:59:24.339] Husby was here, and we are ready to go
[2026-05-21 21:59:24.357] AUTO-DISENGAGE: gear left Park (now D)
[2026-05-21 21:59:24.358] Husby was here, and we are ready to go
[2026-05-21 21:59:24.375] AUTO-DISENGAGE: gear left Park (now D)
[2026-05-21 21:59:24.375] Husby was here, and we are ready to go
[2026-05-21 21:59:24.394] AUTO-DISENGAGE: gear left Park (now D)
[2026-05-21 21:59:24.395] Husby was here, and we are ready to go
[2026-05-21 21:59:24.414] AUTO-DISENGAGE: gear left Park (now D)
[2026-05-21 21:59:24.414] Husby was here, and we are ready to go
[2026-05-21 21:59:24.434] AUTO-DISENGAGE: gear left Park (now D)
[2026-05-21 21:59:24.434] Husby was here, and we are ready to go
[2026-05-21 21:59:24.439] AUTO-DISENGAGE: gear left Park (now D)
[2026-05-21 21:59:24.439] Husby was here, and we are ready to go
[2026-05-21 21:59:24.453] AUTO-DISENGAGE: gear left Park (now D)
[2026-05-21 21:59:24.453] Husby was here, and we are ready to go
[2026-05-21 21:59:24.476] AUTO-DISENGAGE: gear left Park (now D)
[2026-05-21 21:59:24.476] Husby was here, and we are ready to go
[2026-05-21 21:59:24.495] AUTO-DISENGAGE: gear left Park (now D)
[2026-05-21 21:59:24.495] Husby was here, and we are ready to go
[2026-05-21 21:59:24.515] AUTO-DISENGAGE: gear left Park (now D)
[2026-05-21 21:59:24.515] Husby was here, and we are ready to go
[2026-05-21 21:59:24.535] AUTO-DISENGAGE: gear left Park (now D)
[2026-05-21 21:59:24.535] Husby was here, and we are ready to go
[2026-05-21 21:59:24.538] AUTO-DISENGAGE: gear left Park (now D)
[2026-05-21 21:59:24.539] Husby was here, and we are ready to go
[2026-05-21 21:59:24.554] AUTO-DISENGAGE: gear left Park (now D)
[2026-05-21 21:59:24.554] Husby was here, and we are ready to go
[2026-05-21 21:59:24.574] AUTO-DISENGAGE: gear left Park (now D)
[2026-05-21 21:59:24.574] Husby was here, and we are ready to go
[2026-05-21 21:59:24.593] AUTO-DISENGAGE: gear left Park (now D)
[2026-05-21 21:59:24.593] Husby was here, and we are ready to go
[2026-05-21 21:59:24.614] AUTO-DISENGAGE: gear left Park (now D)
[2026-05-21 21:59:24.614] Husby was here, and we are ready to go
[2026-05-21 21:59:24.634] AUTO-DISENGAGE: gear left Park (now D)
[2026-05-21 21:59:24.634] Husby was here, and we are ready to go
[2026-05-21 21:59:24.639] AUTO-DISENGAGE: gear left Park (now D)
[2026-05-21 21:59:24.639] Husby was here, and we are ready to go
[2026-05-21 21:59:24.654] AUTO-DISENGAGE: gear left Park (now D)
[2026-05-21 21:59:24.655] Husby was here, and we are ready to go
[2026-05-21 21:59:24.676] AUTO-DISENGAGE: gear left Park (now D)
[2026-05-21 21:59:24.676] Husby was here, and we are ready to go
[2026-05-21 21:59:24.694] AUTO-DISENGAGE: gear left Park (now D)
[2026-05-21 21:59:24.695] Husby was here, and we are ready to go
[2026-05-21 21:59:24.716] AUTO-DISENGAGE: gear left Park (now D)
[2026-05-21 21:59:24.716] Husby was here, and we are ready to go
[2026-05-21 21:59:24.737] AUTO-DISENGAGE: gear left Park (now D)
[2026-05-21 21:59:24.737] Husby was here, and we are ready to go
[2026-05-21 21:59:24.738] AUTO-DISENGAGE: gear left Park (now D)
[2026-05-21 21:59:24.739] Husby was here, and we are ready to go
[2026-05-21 21:59:24.755] AUTO-DISENGAGE: gear left Park (now D)
[2026-05-21 21:59:24.755] Husby was here, and we are ready to go
[2026-05-21 21:59:24.774] AUTO-DISENGAGE: gear left Park (now D)
[2026-05-21 21:59:24.774] Husby was here, and we are ready to go
[2026-05-21 21:59:24.793] AUTO-DISENGAGE: gear left Park (now D)
[2026-05-21 21:59:24.793] Husby was here, and we are ready to go
[2026-05-21 21:59:24.813] AUTO-DISENGAGE: gear left Park (now D)
[2026-05-21 21:59:24.813] Husby was here, and we are ready to go
[2026-05-21 21:59:24.835] AUTO-DISENGAGE: gear left Park (now D)
[2026-05-21 21:59:24.835] Husby was here, and we are ready to go
[2026-05-21 21:59:24.839] AUTO-DISENGAGE: gear left Park (now D)
[2026-05-21 21:59:24.839] Husby was here, and we are ready to go
[2026-05-21 21:59:24.855] AUTO-DISENGAGE: gear left Park (now D)
[2026-05-21 21:59:24.855] Husby was here, and we are ready to go
[2026-05-21 21:59:24.877] AUTO-DISENGAGE: gear left Park (now D)
[2026-05-21 21:59:24.877] Husby was here, and we are ready to go
[2026-05-21 21:59:24.895] AUTO-DISENGAGE: gear left Park (now D)
[2026-05-21 21:59:24.895] Husby was here, and we are ready to go
[2026-05-21 21:59:24.916] AUTO-DISENGAGE: gear left Park (now D)
[2026-05-21 21:59:24.916] Husby was here, and we are ready to go
[2026-05-21 21:59:24.934] AUTO-DISENGAGE: gear left Park (now D)
[2026-05-21 21:59:24.934] Husby was here, and we are ready to go
[2026-05-21 21:59:24.939] AUTO-DISENGAGE: gear left Park (now D)
[2026-05-21 21:59:24.939] Husby was here, and we are ready to go
[2026-05-21 21:59:24.955] AUTO-DISENGAGE: gear left Park (now D)
[2026-05-21 21:59:24.955] Husby was here, and we are ready to go
[2026-05-21 21:59:24.974] AUTO-DISENGAGE: gear left Park (now D)
[2026-05-21 21:59:24.974] Husby was here, and we are ready to go
[2026-05-21 21:59:24.993] AUTO-DISENGAGE: gear left Park (now D)
[2026-05-21 21:59:24.993] Husby was here, and we are ready to go
[2026-05-21 21:59:25.013] AUTO-DISENGAGE: gear left Park (now D)
[2026-05-21 21:59:25.013] Husby was here, and we are ready to go
[2026-05-21 21:59:25.033] AUTO-DISENGAGE: gear left Park (now D)
[2026-05-21 21:59:25.033] Husby was here, and we are ready to go
[2026-05-21 21:59:25.039] AUTO-DISENGAGE: gear left Park (now D)
[2026-05-21 21:59:25.040] Husby was here, and we are ready to go
[2026-05-21 21:59:25.058] AUTO-DISENGAGE: gear left Park (now D)
[2026-05-21 21:59:25.058] Husby was here, and we are ready to go
[2026-05-21 21:59:25.075] AUTO-DISENGAGE: gear left Park (now D)
[2026-05-21 21:59:25.075] Husby was here, and we are ready to go
[2026-05-21 21:59:25.094] AUTO-DISENGAGE: gear left Park (now D)
[2026-05-21 21:59:25.094] Husby was here, and we are ready to go
[2026-05-21 21:59:25.115] AUTO-DISENGAGE: gear left Park (now D)
[2026-05-21 21:59:25.115] Husby was here, and we are ready to go
[2026-05-21 21:59:25.135] AUTO-DISENGAGE: gear left Park (now D)
[2026-05-21 21:59:25.135] Husby was here, and we are ready to go
[2026-05-21 21:59:25.138] AUTO-DISENGAGE: gear left Park (now D)
[2026-05-21 21:59:25.139] Husby was here, and we are ready to go
[2026-05-21 21:59:25.154] AUTO-DISENGAGE: gear left Park (now D)
[2026-05-21 21:59:25.154] Husby was here, and we are ready to go
[2026-05-21 21:59:25.174] AUTO-DISENGAGE: gear left Park (now D)
[2026-05-21 21:59:25.174] Husby was here, and we are ready to go
[2026-05-21 21:59:25.193] AUTO-DISENGAGE: gear left Park (now D)
[2026-05-21 21:59:25.193] Husby was here, and we are ready to go
[2026-05-21 21:59:25.213] AUTO-DISENGAGE: gear left Park (now D)
[2026-05-21 21:59:25.213] Husby was here, and we are ready to go
[2026-05-21 21:59:25.234] AUTO-DISENGAGE: gear left Park (now D)
[2026-05-21 21:59:25.235] Husby was here, and we are ready to go
[2026-05-21 21:59:25.238] AUTO-DISENGAGE: gear left Park (now D)
[2026-05-21 21:59:25.238] Husby was here, and we are ready to go
[2026-05-21 21:59:25.253] AUTO-DISENGAGE: gear left Park (now D)
[2026-05-21 21:59:25.254] Husby was here, and we are ready to go
[2026-05-21 21:59:25.273] AUTO-DISENGAGE: gear left Park (now D)
[2026-05-21 21:59:25.274] Husby was here, and we are ready to go
[2026-05-21 21:59:25.293] AUTO-DISENGAGE: gear left Park (now D)
[2026-05-21 21:59:25.293] Husby was here, and we are ready to go
[2026-05-21 21:59:25.316] AUTO-DISENGAGE: gear left Park (now D)
[2026-05-21 21:59:25.316] Husby was here, and we are ready to go
[2026-05-21 21:59:25.336] AUTO-DISENGAGE: gear left Park (now D)
[2026-05-21 21:59:25.336] Husby was here, and we are ready to go
[2026-05-21 21:59:25.338] AUTO-DISENGAGE: gear left Park (now D)
[2026-05-21 21:59:25.339] Husby was here, and we are ready to go
[2026-05-21 21:59:25.355] AUTO-DISENGAGE: gear left Park (now D)
[2026-05-21 21:59:25.356] Husby was here, and we are ready to go
[2026-05-21 21:59:25.375] AUTO-DISENGAGE: gear left Park (now D)
[2026-05-21 21:59:25.376] Husby was here, and we are ready to go
[2026-05-21 21:59:25.395] AUTO-DISENGAGE: gear left Park (now D)
[2026-05-21 21:59:25.395] Husby was here, and we are ready to go
[2026-05-21 21:59:25.416] AUTO-DISENGAGE: gear left Park (now D)
[2026-05-21 21:59:25.416] Husby was here, and we are ready to go
[2026-05-21 21:59:25.436] AUTO-DISENGAGE: gear left Park (now D)
[2026-05-21 21:59:25.436] Husby was here, and we are ready to go
[2026-05-21 21:59:25.438] AUTO-DISENGAGE: gear left Park (now D)
[2026-05-21 21:59:25.439] Husby was here, and we are ready to go
[2026-05-21 21:59:25.457] AUTO-DISENGAGE: gear left Park (now D)
[2026-05-21 21:59:25.458] Husby was here, and we are ready to go
[2026-05-21 21:59:25.476] AUTO-DISENGAGE: gear left Park (now D)
[2026-05-21 21:59:25.476] Husby was here, and we are ready to go
[2026-05-21 21:59:25.494] AUTO-DISENGAGE: gear left Park (now D)
[2026-05-21 21:59:25.494] Husby was here, and we are ready to go
[2026-05-21 21:59:25.514] AUTO-DISENGAGE: gear left Park (now D)
[2026-05-21 21:59:25.514] Husby was here, and we are ready to go
[2026-05-21 21:59:25.536] AUTO-DISENGAGE: gear left Park (now D)
[2026-05-21 21:59:25.536] Husby was here, and we are ready to go
[2026-05-21 21:59:25.538] AUTO-DISENGAGE: gear left Park (now D)
[2026-05-21 21:59:25.539] Husby was here, and we are ready to go
[2026-05-21 21:59:25.555] AUTO-DISENGAGE: gear left Park (now D)
[2026-05-21 21:59:25.555] Husby was here, and we are ready to go
[2026-05-21 21:59:25.575] AUTO-DISENGAGE: gear left Park (now D)
[2026-05-21 21:59:25.575] Husby was here, and we are ready to go
[2026-05-21 21:59:25.594] AUTO-DISENGAGE: gear left Park (now D)
[2026-05-21 21:59:25.595] Husby was here, and we are ready to go
[2026-05-21 21:59:25.613] AUTO-DISENGAGE: gear left Park (now D)
[2026-05-21 21:59:25.614] Husby was here, and we are ready to go
[2026-05-21 21:59:25.634] AUTO-DISENGAGE: gear left Park (now D)
[2026-05-21 21:59:25.634] Husby was here, and we are ready to go
[2026-05-21 21:59:25.638] AUTO-DISENGAGE: gear left Park (now D)
[2026-05-21 21:59:25.639] Husby was here, and we are ready to go
[2026-05-21 21:59:25.653] AUTO-DISENGAGE: gear left Park (now D)
[2026-05-21 21:59:25.654] Husby was here, and we are ready to go
[2026-05-21 21:59:25.673] AUTO-DISENGAGE: gear left Park (now D)
[2026-05-21 21:59:25.674] Husby was here, and we are ready to go
[2026-05-21 21:59:25.693] AUTO-DISENGAGE: gear left Park (now D)
[2026-05-21 21:59:25.693] Husby was here, and we are ready to go
[2026-05-21 21:59:25.714] AUTO-DISENGAGE: gear left Park (now D)
[2026-05-21 21:59:25.714] Husby was here, and we are ready to go
[2026-05-21 21:59:25.733] AUTO-DISENGAGE: gear left Park (now D)
[2026-05-21 21:59:25.733] Husby was here, and we are ready to go
[2026-05-21 21:59:25.738] AUTO-DISENGAGE: gear left Park (now D)
[2026-05-21 21:59:25.738] Husby was here, and we are ready to go
[2026-05-21 21:59:25.753] AUTO-DISENGAGE: gear left Park (now D)
[2026-05-21 21:59:25.753] Husby was here, and we are ready to go
[2026-05-21 21:59:25.775] AUTO-DISENGAGE: gear left Park (now D)
[2026-05-21 21:59:25.775] Husby was here, and we are ready to go
[2026-05-21 21:59:25.795] AUTO-DISENGAGE: gear left Park (now D)
[2026-05-21 21:59:25.795] Husby was here, and we are ready to go
[2026-05-21 21:59:25.814] AUTO-DISENGAGE: gear left Park (now D)
[2026-05-21 21:59:25.814] Husby was here, and we are ready to go
[2026-05-21 21:59:25.835] AUTO-DISENGAGE: gear left Park (now D)
[2026-05-21 21:59:25.835] Husby was here, and we are ready to go
[2026-05-21 21:59:25.838] AUTO-DISENGAGE: gear left Park (now D)
[2026-05-21 21:59:25.839] Husby was here, and we are ready to go
[2026-05-21 21:59:25.853] AUTO-DISENGAGE: gear left Park (now D)
[2026-05-21 21:59:25.854] Husby was here, and we are ready to go
[2026-05-21 21:59:25.873] AUTO-DISENGAGE: gear left Park (now D)
[2026-05-21 21:59:25.873] Husby was here, and we are ready to go
[2026-05-21 21:59:25.892] AUTO-DISENGAGE: gear left Park (now D)
[2026-05-21 21:59:25.892] Husby was here, and we are ready to go
[2026-05-21 21:59:25.913] AUTO-DISENGAGE: gear left Park (now D)
[2026-05-21 21:59:25.913] Husby was here, and we are ready to go
[2026-05-21 21:59:25.933] AUTO-DISENGAGE: gear left Park (now D)
[2026-05-21 21:59:25.933] Husby was here, and we are ready to go
[2026-05-21 21:59:25.939] AUTO-DISENGAGE: gear left Park (now D)
[2026-05-21 21:59:25.939] Husby was here, and we are ready to go
[2026-05-21 21:59:25.955] AUTO-DISENGAGE: gear left Park (now D)
[2026-05-21 21:59:25.956] Husby was here, and we are ready to go
[2026-05-21 21:59:25.975] AUTO-DISENGAGE: gear left Park (now D)
[2026-05-21 21:59:25.975] Husby was here, and we are ready to go
[2026-05-21 21:59:25.995] AUTO-DISENGAGE: gear left Park (now D)
[2026-05-21 21:59:25.996] Husby was here, and we are ready to go
[2026-05-21 21:59:26.014] AUTO-DISENGAGE: gear left Park (now D)
[2026-05-21 21:59:26.014] Husby was here, and we are ready to go
[2026-05-21 21:59:26.033] AUTO-DISENGAGE: gear left Park (now D)
[2026-05-21 21:59:26.033] Husby was here, and we are ready to go
[2026-05-21 21:59:26.039] AUTO-DISENGAGE: gear left Park (now D)
[2026-05-21 21:59:26.039] Husby was here, and we are ready to go
[2026-05-21 21:59:26.053] AUTO-DISENGAGE: gear left Park (now D)
[2026-05-21 21:59:26.053] Husby was here, and we are ready to go
[2026-05-21 21:59:26.074] AUTO-DISENGAGE: gear left Park (now D)
[2026-05-21 21:59:26.074] Husby was here, and we are ready to go
[2026-05-21 21:59:26.093] AUTO-DISENGAGE: gear left Park (now D)
[2026-05-21 21:59:26.093] Husby was here, and we are ready to go
[2026-05-21 21:59:26.113] AUTO-DISENGAGE: gear left Park (now D)
[2026-05-21 21:59:26.113] Husby was here, and we are ready to go
[2026-05-21 21:59:26.133] AUTO-DISENGAGE: gear left Park (now D)
[2026-05-21 21:59:26.133] Husby was here, and we are ready to go
[2026-05-21 21:59:26.138] AUTO-DISENGAGE: gear left Park (now D)
[2026-05-21 21:59:26.138] Husby was here, and we are ready to go
[2026-05-21 21:59:26.152] AUTO-DISENGAGE: gear left Park (now D)
[2026-05-21 21:59:26.153] Husby was here, and we are ready to go
[2026-05-21 21:59:26.173] AUTO-DISENGAGE: gear left Park (now D)
[2026-05-21 21:59:26.173] Husby was here, and we are ready to go
[2026-05-21 21:59:26.192] AUTO-DISENGAGE: gear left Park (now D)
[2026-05-21 21:59:26.193] Husby was here, and we are ready to go
[2026-05-21 21:59:26.212] AUTO-DISENGAGE: gear left Park (now D)
[2026-05-21 21:59:26.212] Husby was here, and we are ready to go
[2026-05-21 21:59:26.233] AUTO-DISENGAGE: gear left Park (now D)
[2026-05-21 21:59:26.233] Husby was here, and we are ready to go
[2026-05-21 21:59:26.239] AUTO-DISENGAGE: gear left Park (now D)
[2026-05-21 21:59:26.239] Husby was here, and we are ready to go
[2026-05-21 21:59:26.253] AUTO-DISENGAGE: gear left Park (now D)
[2026-05-21 21:59:26.253] Husby was here, and we are ready to go
[2026-05-21 21:59:26.273] AUTO-DISENGAGE: gear left Park (now D)
[2026-05-21 21:59:26.273] Husby was here, and we are ready to go
[2026-05-21 21:59:26.293] AUTO-DISENGAGE: gear left Park (now D)
[2026-05-21 21:59:26.293] Husby was here, and we are ready to go
[2026-05-21 21:59:26.313] AUTO-DISENGAGE: gear left Park (now D)
[2026-05-21 21:59:26.313] Husby was here, and we are ready to go
[2026-05-21 21:59:26.333] AUTO-DISENGAGE: gear left Park (now D)
[2026-05-21 21:59:26.333] Husby was here, and we are ready to go
[2026-05-21 21:59:26.338] AUTO-DISENGAGE: gear left Park (now D)
[2026-05-21 21:59:26.338] Husby was here, and we are ready to go
[2026-05-21 21:59:26.353] AUTO-DISENGAGE: gear left Park (now D)
[2026-05-21 21:59:26.353] Husby was here, and we are ready to go
[2026-05-21 21:59:26.373] AUTO-DISENGAGE: gear left Park (now D)
[2026-05-21 21:59:26.373] Husby was here, and we are ready to go
[2026-05-21 21:59:26.392] AUTO-DISENGAGE: gear left Park (now D)
[2026-05-21 21:59:26.392] Husby was here, and we are ready to go
[2026-05-21 21:59:26.412] AUTO-DISENGAGE: gear left Park (now D)
[2026-05-21 21:59:26.412] Husby was here, and we are ready to go
[2026-05-21 21:59:26.433] AUTO-DISENGAGE: gear left Park (now D)
[2026-05-21 21:59:26.433] Husby was here, and we are ready to go
[2026-05-21 21:59:26.439] AUTO-DISENGAGE: gear left Park (now D)
[2026-05-21 21:59:26.439] Husby was here, and we are ready to go
[2026-05-21 21:59:26.453] AUTO-DISENGAGE: gear left Park (now D)
[2026-05-21 21:59:26.453] Husby was here, and we are ready to go
[2026-05-21 21:59:26.473] AUTO-DISENGAGE: gear left Park (now D)
[2026-05-21 21:59:26.473] Husby was here, and we are ready to go
[2026-05-21 21:59:26.493] AUTO-DISENGAGE: gear left Park (now D)
[2026-05-21 21:59:26.493] Husby was here, and we are ready to go
[2026-05-21 21:59:26.516] AUTO-DISENGAGE: gear left Park (now D)
[2026-05-21 21:59:26.516] Husby was here, and we are ready to go
[2026-05-21 21:59:26.536] AUTO-DISENGAGE: gear left Park (now D)
[2026-05-21 21:59:26.536] Husby was here, and we are ready to go
[2026-05-21 21:59:26.539] AUTO-DISENGAGE: gear left Park (now D)
[2026-05-21 21:59:26.539] Husby was here, and we are ready to go
[2026-05-21 21:59:26.555] AUTO-DISENGAGE: gear left Park (now D)
[2026-05-21 21:59:26.555] Husby was here, and we are ready to go
[2026-05-21 21:59:26.576] AUTO-DISENGAGE: gear left Park (now D)
[2026-05-21 21:59:26.576] Husby was here, and we are ready to go
[2026-05-21 21:59:26.595] AUTO-DISENGAGE: gear left Park (now D)
[2026-05-21 21:59:26.595] Husby was here, and we are ready to go
[2026-05-21 21:59:26.616] AUTO-DISENGAGE: gear left Park (now D)
[2026-05-21 21:59:26.617] Husby was here, and we are ready to go
[2026-05-21 21:59:26.636] AUTO-DISENGAGE: gear left Park (now D)
[2026-05-21 21:59:26.636] Husby was here, and we are ready to go
[2026-05-21 21:59:26.639] AUTO-DISENGAGE: gear left Park (now D)
[2026-05-21 21:59:26.639] Husby was here, and we are ready to go
[2026-05-21 21:59:26.656] AUTO-DISENGAGE: gear left Park (now D)
[2026-05-21 21:59:26.656] Husby was here, and we are ready to go
[2026-05-21 21:59:26.676] AUTO-DISENGAGE: gear left Park (now D)
[2026-05-21 21:59:26.677] Husby was here, and we are ready to go
[2026-05-21 21:59:26.694] AUTO-DISENGAGE: gear left Park (now D)
[2026-05-21 21:59:26.694] Husby was here, and we are ready to go
[2026-05-21 21:59:26.715] AUTO-DISENGAGE: gear left Park (now D)
[2026-05-21 21:59:26.715] Husby was here, and we are ready to go
[2026-05-21 21:59:26.735] AUTO-DISENGAGE: gear left Park (now D)
[2026-05-21 21:59:26.735] Husby was here, and we are ready to go
[2026-05-21 21:59:26.739] AUTO-DISENGAGE: gear left Park (now D)
[2026-05-21 21:59:26.739] Husby was here, and we are ready to go
[2026-05-21 21:59:26.755] AUTO-DISENGAGE: gear left Park (now D)
[2026-05-21 21:59:26.755] Husby was here, and we are ready to go
[2026-05-21 21:59:26.775] AUTO-DISENGAGE: gear left Park (now D)
[2026-05-21 21:59:26.775] Husby was here, and we are ready to go
[2026-05-21 21:59:26.795] AUTO-DISENGAGE: gear left Park (now D)
[2026-05-21 21:59:26.795] Husby was here, and we are ready to go
[2026-05-21 21:59:26.814] AUTO-DISENGAGE: gear left Park (now D)
[2026-05-21 21:59:26.815] Husby was here, and we are ready to go
[2026-05-21 21:59:26.835] AUTO-DISENGAGE: gear left Park (now D)
[2026-05-21 21:59:26.835] Husby was here, and we are ready to go
[2026-05-21 21:59:26.839] AUTO-DISENGAGE: gear left Park (now D)
[2026-05-21 21:59:26.839] Husby was here, and we are ready to go
[2026-05-21 21:59:26.855] AUTO-DISENGAGE: gear left Park (now D)
[2026-05-21 21:59:26.855] Husby was here, and we are ready to go
[2026-05-21 21:59:26.875] AUTO-DISENGAGE: gear left Park (now D)
[2026-05-21 21:59:26.876] Husby was here, and we are ready to go
[2026-05-21 21:59:26.894] AUTO-DISENGAGE: gear left Park (now D)
[2026-05-21 21:59:26.894] Husby was here, and we are ready to go
[2026-05-21 21:59:26.913] AUTO-DISENGAGE: gear left Park (now D)
[2026-05-21 21:59:26.913] Husby was here, and we are ready to go
[2026-05-21 21:59:26.935] AUTO-DISENGAGE: gear left Park (now D)
[2026-05-21 21:59:26.936] Husby was here, and we are ready to go
[2026-05-21 21:59:26.939] AUTO-DISENGAGE: gear left Park (now D)
[2026-05-21 21:59:26.939] Husby was here, and we are ready to go
[2026-05-21 21:59:26.955] AUTO-DISENGAGE: gear left Park (now D)
[2026-05-21 21:59:26.956] Husby was here, and we are ready to go
[2026-05-21 21:59:26.975] AUTO-DISENGAGE: gear left Park (now D)
[2026-05-21 21:59:26.976] Husby was here, and we are ready to go
[2026-05-21 21:59:26.994] AUTO-DISENGAGE: gear left Park (now D)
[2026-05-21 21:59:26.994] Husby was here, and we are ready to go
[2026-05-21 21:59:27.014] AUTO-DISENGAGE: gear left Park (now D)
[2026-05-21 21:59:27.014] Husby was here, and we are ready to go
[2026-05-21 21:59:27.035] AUTO-DISENGAGE: gear left Park (now D)
[2026-05-21 21:59:27.035] Husby was here, and we are ready to go
[2026-05-21 21:59:27.039] AUTO-DISENGAGE: gear left Park (now D)
[2026-05-21 21:59:27.039] Husby was here, and we are ready to go
[2026-05-21 21:59:27.055] AUTO-DISENGAGE: gear left Park (now D)
[2026-05-21 21:59:27.056] Husby was here, and we are ready to go
[2026-05-21 21:59:27.076] AUTO-DISENGAGE: gear left Park (now D)
[2026-05-21 21:59:27.076] Husby was here, and we are ready to go
[2026-05-21 21:59:27.096] AUTO-DISENGAGE: gear left Park (now D)
[2026-05-21 21:59:27.096] Husby was here, and we are ready to go
[2026-05-21 21:59:27.116] AUTO-DISENGAGE: gear left Park (now D)
[2026-05-21 21:59:27.116] Husby was here, and we are ready to go
[2026-05-21 21:59:27.135] AUTO-DISENGAGE: gear left Park (now D)
[2026-05-21 21:59:27.136] Husby was here, and we are ready to go
[2026-05-21 21:59:27.139] AUTO-DISENGAGE: gear left Park (now D)
[2026-05-21 21:59:27.139] Husby was here, and we are ready to go
[2026-05-21 21:59:27.155] AUTO-DISENGAGE: gear left Park (now D)
[2026-05-21 21:59:27.156] Husby was here, and we are ready to go
[2026-05-21 21:59:27.176] AUTO-DISENGAGE: gear left Park (now D)
[2026-05-21 21:59:27.176] Husby was here, and we are ready to go
[2026-05-21 21:59:27.196] AUTO-DISENGAGE: gear left Park (now D)
[2026-05-21 21:59:27.196] Husby was here, and we are ready to go
[2026-05-21 21:59:27.215] AUTO-DISENGAGE: gear left Park (now D)
[2026-05-21 21:59:27.215] Husby was here, and we are ready to go
[2026-05-21 21:59:27.235] AUTO-DISENGAGE: gear left Park (now D)
[2026-05-21 21:59:27.235] Husby was here, and we are ready to go
[2026-05-21 21:59:27.239] AUTO-DISENGAGE: gear left Park (now D)
[2026-05-21 21:59:27.239] Husby was here, and we are ready to go
[2026-05-21 21:59:27.254] AUTO-DISENGAGE: gear left Park (now D)
[2026-05-21 21:59:27.254] Husby was here, and we are ready to go
[2026-05-21 21:59:27.275] AUTO-DISENGAGE: gear left Park (now D)
[2026-05-21 21:59:27.275] Husby was here, and we are ready to go
[2026-05-21 21:59:27.294] AUTO-DISENGAGE: gear left Park (now D)
[2026-05-21 21:59:27.294] Husby was here, and we are ready to go
[2026-05-21 21:59:27.314] AUTO-DISENGAGE: gear left Park (now D)
[2026-05-21 21:59:27.314] Husby was here, and we are ready to go
[2026-05-21 21:59:27.334] AUTO-DISENGAGE: gear left Park (now D)
[2026-05-21 21:59:27.335] Husby was here, and we are ready to go
[2026-05-21 21:59:27.339] AUTO-DISENGAGE: gear left Park (now D)
[2026-05-21 21:59:27.339] Husby was here, and we are ready to go
[2026-05-21 21:59:27.355] AUTO-DISENGAGE: gear left Park (now D)
[2026-05-21 21:59:27.355] Husby was here, and we are ready to go
[2026-05-21 21:59:27.375] AUTO-DISENGAGE: gear left Park (now D)
[2026-05-21 21:59:27.375] Husby was here, and we are ready to go
[2026-05-21 21:59:27.394] AUTO-DISENGAGE: gear left Park (now D)
[2026-05-21 21:59:27.395] Husby was here, and we are ready to go
[2026-05-21 21:59:27.414] AUTO-DISENGAGE: gear left Park (now D)
[2026-05-21 21:59:27.414] Husby was here, and we are ready to go
[2026-05-21 21:59:27.435] AUTO-DISENGAGE: gear left Park (now D)
[2026-05-21 21:59:27.435] Husby was here, and we are ready to go
[2026-05-21 21:59:27.439] AUTO-DISENGAGE: gear left Park (now D)
[2026-05-21 21:59:27.439] Husby was here, and we are ready to go
[2026-05-21 21:59:27.454] AUTO-DISENGAGE: gear left Park (now D)
[2026-05-21 21:59:27.454] Husby was here, and we are ready to go
[2026-05-21 21:59:27.474] AUTO-DISENGAGE: gear left Park (now D)
[2026-05-21 21:59:27.474] Husby was here, and we are ready to go
[2026-05-21 21:59:27.494] AUTO-DISENGAGE: gear left Park (now D)
[2026-05-21 21:59:27.494] Husby was here, and we are ready to go
[2026-05-21 21:59:27.516] AUTO-DISENGAGE: gear left Park (now D)
[2026-05-21 21:59:27.516] Husby was here, and we are ready to go
[2026-05-21 21:59:27.536] AUTO-DISENGAGE: gear left Park (now D)
[2026-05-21 21:59:27.536] Husby was here, and we are ready to go
[2026-05-21 21:59:27.539] AUTO-DISENGAGE: gear left Park (now D)
[2026-05-21 21:59:27.539] Husby was here, and we are ready to go
[2026-05-21 21:59:27.556] AUTO-DISENGAGE: gear left Park (now D)
[2026-05-21 21:59:27.556] Husby was here, and we are ready to go
[2026-05-21 21:59:27.576] AUTO-DISENGAGE: gear left Park (now D)
[2026-05-21 21:59:27.577] Husby was here, and we are ready to go
[2026-05-21 21:59:27.596] AUTO-DISENGAGE: gear left Park (now D)
[2026-05-21 21:59:27.596] Husby was here, and we are ready to go
[2026-05-21 21:59:27.615] AUTO-DISENGAGE: gear left Park (now D)
[2026-05-21 21:59:27.615] Husby was here, and we are ready to go
[2026-05-21 21:59:27.636] AUTO-DISENGAGE: gear left Park (now D)
[2026-05-21 21:59:27.636] Husby was here, and we are ready to go
[2026-05-21 21:59:27.639] AUTO-DISENGAGE: gear left Park (now D)
[2026-05-21 21:59:27.639] Husby was here, and we are ready to go
[2026-05-21 21:59:27.655] AUTO-DISENGAGE: gear left Park (now D)
[2026-05-21 21:59:27.656] Husby was here, and we are ready to go
[2026-05-21 21:59:27.676] AUTO-DISENGAGE: gear left Park (now D)
[2026-05-21 21:59:27.677] Husby was here, and we are ready to go
[2026-05-21 21:59:27.697] AUTO-DISENGAGE: gear left Park (now D)
[2026-05-21 21:59:27.697] Husby was here, and we are ready to go
[2026-05-21 21:59:27.715] AUTO-DISENGAGE: gear left Park (now D)
[2026-05-21 21:59:27.715] Husby was here, and we are ready to go
[2026-05-21 21:59:27.735] AUTO-DISENGAGE: gear left Park (now D)
[2026-05-21 21:59:27.735] Husby was here, and we are ready to go
[2026-05-21 21:59:27.739] AUTO-DISENGAGE: gear left Park (now D)
[2026-05-21 21:59:27.739] Husby was here, and we are ready to go
[2026-05-21 21:59:27.755] AUTO-DISENGAGE: gear left Park (now D)
[2026-05-21 21:59:27.755] Husby was here, and we are ready to go
[2026-05-21 21:59:27.775] AUTO-DISENGAGE: gear left Park (now D)
[2026-05-21 21:59:27.776] Husby was here, and we are ready to go
[2026-05-21 21:59:27.795] AUTO-DISENGAGE: gear left Park (now D)
[2026-05-21 21:59:27.795] Husby was here, and we are ready to go
[2026-05-21 21:59:27.814] AUTO-DISENGAGE: gear left Park (now D)
[2026-05-21 21:59:27.814] Husby was here, and we are ready to go
[2026-05-21 21:59:27.834] AUTO-DISENGAGE: gear left Park (now D)
[2026-05-21 21:59:27.834] Husby was here, and we are ready to go
[2026-05-21 21:59:27.839] AUTO-DISENGAGE: gear left Park (now D)
[2026-05-21 21:59:27.839] Husby was here, and we are ready to go
[2026-05-21 21:59:27.854] AUTO-DISENGAGE: gear left Park (now D)
[2026-05-21 21:59:27.854] Husby was here, and we are ready to go
[2026-05-21 21:59:27.874] AUTO-DISENGAGE: gear left Park (now D)
[2026-05-21 21:59:27.874] Husby was here, and we are ready to go
[2026-05-21 21:59:27.893] AUTO-DISENGAGE: gear left Park (now D)
[2026-05-21 21:59:27.893] Husby was here, and we are ready to go
[2026-05-21 21:59:27.913] AUTO-DISENGAGE: gear left Park (now D)
[2026-05-21 21:59:27.913] Husby was here, and we are ready to go
[2026-05-21 21:59:27.933] AUTO-DISENGAGE: gear left Park (now D)
[2026-05-21 21:59:27.934] Husby was here, and we are ready to go
[2026-05-21 21:59:27.939] AUTO-DISENGAGE: gear left Park (now D)
[2026-05-21 21:59:27.939] Husby was here, and we are ready to go
[2026-05-21 21:59:27.953] AUTO-DISENGAGE: gear left Park (now D)
[2026-05-21 21:59:27.953] Husby was here, and we are ready to go
[2026-05-21 21:59:27.974] AUTO-DISENGAGE: gear left Park (now D)
[2026-05-21 21:59:27.974] Husby was here, and we are ready to go
[2026-05-21 21:59:27.995] AUTO-DISENGAGE: gear left Park (now D)
[2026-05-21 21:59:27.995] Husby was here, and we are ready to go
[2026-05-21 21:59:28.015] AUTO-DISENGAGE: gear left Park (now D)
[2026-05-21 21:59:28.015] Husby was here, and we are ready to go
[2026-05-21 21:59:28.035] AUTO-DISENGAGE: gear left Park (now D)
[2026-05-21 21:59:28.036] Husby was here, and we are ready to go
[2026-05-21 21:59:28.039] AUTO-DISENGAGE: gear left Park (now D)
[2026-05-21 21:59:28.039] Husby was here, and we are ready to go
[2026-05-21 21:59:28.055] AUTO-DISENGAGE: gear left Park (now D)
[2026-05-21 21:59:28.055] Husby was here, and we are ready to go
[2026-05-21 21:59:28.075] AUTO-DISENGAGE: gear left Park (now D)
[2026-05-21 21:59:28.075] Husby was here, and we are ready to go
[2026-05-21 21:59:28.094] AUTO-DISENGAGE: gear left Park (now D)
[2026-05-21 21:59:28.095] Husby was here, and we are ready to go
[2026-05-21 21:59:28.116] AUTO-DISENGAGE: gear left Park (now D)
[2026-05-21 21:59:28.116] Husby was here, and we are ready to go
[2026-05-21 21:59:28.134] AUTO-DISENGAGE: gear left Park (now D)
[2026-05-21 21:59:28.134] Husby was here, and we are ready to go
[2026-05-21 21:59:28.139] AUTO-DISENGAGE: gear left Park (now D)
[2026-05-21 21:59:28.139] Husby was here, and we are ready to go
[2026-05-21 21:59:28.154] AUTO-DISENGAGE: gear left Park (now D)
[2026-05-21 21:59:28.154] Husby was here, and we are ready to go
[2026-05-21 21:59:28.174] AUTO-DISENGAGE: gear left Park (now D)
[2026-05-21 21:59:28.174] Husby was here, and we are ready to go
[2026-05-21 21:59:28.194] AUTO-DISENGAGE: gear left Park (now D)
[2026-05-21 21:59:28.194] Husby was here, and we are ready to go
[2026-05-21 21:59:28.213] AUTO-DISENGAGE: gear left Park (now D)
[2026-05-21 21:59:28.214] Husby was here, and we are ready to go
[2026-05-21 21:59:28.234] AUTO-DISENGAGE: gear left Park (now D)
[2026-05-21 21:59:28.234] Husby was here, and we are ready to go
[2026-05-21 21:59:28.239] AUTO-DISENGAGE: gear left Park (now D)
[2026-05-21 21:59:28.239] Husby was here, and we are ready to go
[2026-05-21 21:59:28.256] AUTO-DISENGAGE: gear left Park (now D)
[2026-05-21 21:59:28.256] Husby was here, and we are ready to go
[2026-05-21 21:59:28.276] AUTO-DISENGAGE: gear left Park (now D)
[2026-05-21 21:59:28.276] Husby was here, and we are ready to go
[2026-05-21 21:59:28.296] AUTO-DISENGAGE: gear left Park (now D)
[2026-05-21 21:59:28.296] Husby was here, and we are ready to go
[2026-05-21 21:59:28.316] AUTO-DISENGAGE: gear left Park (now D)
[2026-05-21 21:59:28.316] Husby was here, and we are ready to go
[2026-05-21 21:59:28.337] AUTO-DISENGAGE: gear left Park (now D)
[2026-05-21 21:59:28.337] Husby was here, and we are ready to go
[2026-05-21 21:59:28.339] AUTO-DISENGAGE: gear left Park (now D)
[2026-05-21 21:59:28.339] Husby was here, and we are ready to go
[2026-05-21 21:59:28.355] AUTO-DISENGAGE: gear left Park (now D)
[2026-05-21 21:59:28.355] Husby was here, and we are ready to go
[2026-05-21 21:59:28.375] AUTO-DISENGAGE: gear left Park (now D)
[2026-05-21 21:59:28.376] Husby was here, and we are ready to go
[2026-05-21 21:59:28.394] AUTO-DISENGAGE: gear left Park (now D)
[2026-05-21 21:59:28.394] Husby was here, and we are ready to go
[2026-05-21 21:59:28.413] AUTO-DISENGAGE: gear left Park (now D)
[2026-05-21 21:59:28.413] Husby was here, and we are ready to go
[2026-05-21 21:59:28.434] AUTO-DISENGAGE: gear left Park (now D)
[2026-05-21 21:59:28.434] Husby was here, and we are ready to go
[2026-05-21 21:59:28.439] AUTO-DISENGAGE: gear left Park (now D)
[2026-05-21 21:59:28.439] Husby was here, and we are ready to go
[2026-05-21 21:59:28.454] AUTO-DISENGAGE: gear left Park (now D)
[2026-05-21 21:59:28.454] Husby was here, and we are ready to go
[2026-05-21 21:59:28.474] AUTO-DISENGAGE: gear left Park (now D)
[2026-05-21 21:59:28.474] Husby was here, and we are ready to go
[2026-05-21 21:59:28.494] AUTO-DISENGAGE: gear left Park (now D)
[2026-05-21 21:59:28.494] Husby was here, and we are ready to go
[2026-05-21 21:59:28.514] AUTO-DISENGAGE: gear left Park (now D)
[2026-05-21 21:59:28.515] Husby was here, and we are ready to go
[2026-05-21 21:59:28.534] AUTO-DISENGAGE: gear left Park (now D)
[2026-05-21 21:59:28.534] Husby was here, and we are ready to go
[2026-05-21 21:59:28.539] AUTO-DISENGAGE: gear left Park (now D)
[2026-05-21 21:59:28.539] Husby was here, and we are ready to go
[2026-05-21 21:59:28.554] AUTO-DISENGAGE: gear left Park (now D)
[2026-05-21 21:59:28.554] Husby was here, and we are ready to go
[2026-05-21 21:59:28.574] AUTO-DISENGAGE: gear left Park (now D)
[2026-05-21 21:59:28.574] Husby was here, and we are ready to go
[2026-05-21 21:59:28.594] AUTO-DISENGAGE: gear left Park (now D)
[2026-05-21 21:59:28.594] Husby was here, and we are ready to go
[2026-05-21 21:59:28.613] AUTO-DISENGAGE: gear left Park (now D)
[2026-05-21 21:59:28.613] Husby was here, and we are ready to go
[2026-05-21 21:59:28.634] AUTO-DISENGAGE: gear left Park (now D)
[2026-05-21 21:59:28.634] Husby was here, and we are ready to go
[2026-05-21 21:59:28.639] AUTO-DISENGAGE: gear left Park (now D)
[2026-05-21 21:59:28.639] Husby was here, and we are ready to go
[2026-05-21 21:59:28.654] AUTO-DISENGAGE: gear left Park (now D)
[2026-05-21 21:59:28.654] Husby was here, and we are ready to go
[2026-05-21 21:59:28.674] AUTO-DISENGAGE: gear left Park (now D)
[2026-05-21 21:59:28.674] Husby was here, and we are ready to go
[2026-05-21 21:59:28.694] AUTO-DISENGAGE: gear left Park (now D)
[2026-05-21 21:59:28.694] Husby was here, and we are ready to go
[2026-05-21 21:59:28.715] AUTO-DISENGAGE: gear left Park (now D)
[2026-05-21 21:59:28.715] Husby was here, and we are ready to go
[2026-05-21 21:59:28.735] AUTO-DISENGAGE: gear left Park (now D)
[2026-05-21 21:59:28.735] Husby was here, and we are ready to go
[2026-05-21 21:59:28.739] AUTO-DISENGAGE: gear left Park (now D)
[2026-05-21 21:59:28.739] Husby was here, and we are ready to go
[2026-05-21 21:59:28.755] AUTO-DISENGAGE: gear left Park (now D)
[2026-05-21 21:59:28.755] Husby was here, and we are ready to go
[2026-05-21 21:59:28.774] AUTO-DISENGAGE: gear left Park (now D)
[2026-05-21 21:59:28.774] Husby was here, and we are ready to go
[2026-05-21 21:59:28.794] AUTO-DISENGAGE: gear left Park (now D)
[2026-05-21 21:59:28.795] Husby was here, and we are ready to go
[2026-05-21 21:59:28.814] AUTO-DISENGAGE: gear left Park (now D)
[2026-05-21 21:59:28.814] Husby was here, and we are ready to go
[2026-05-21 21:59:28.835] AUTO-DISENGAGE: gear left Park (now D)
[2026-05-21 21:59:28.835] Husby was here, and we are ready to go
[2026-05-21 21:59:28.839] AUTO-DISENGAGE: gear left Park (now D)
[2026-05-21 21:59:28.839] Husby was here, and we are ready to go
[2026-05-21 21:59:28.854] AUTO-DISENGAGE: gear left Park (now D)
[2026-05-21 21:59:28.854] Husby was here, and we are ready to go
[2026-05-21 21:59:28.875] AUTO-DISENGAGE: gear left Park (now D)
[2026-05-21 21:59:28.875] Husby was here, and we are ready to go
[2026-05-21 21:59:28.894] AUTO-DISENGAGE: gear left Park (now D)
[2026-05-21 21:59:28.894] Husby was here, and we are ready to go
[2026-05-21 21:59:28.914] AUTO-DISENGAGE: gear left Park (now D)
[2026-05-21 21:59:28.914] Husby was here, and we are ready to go
[2026-05-21 21:59:28.934] AUTO-DISENGAGE: gear left Park (now D)
[2026-05-21 21:59:28.934] Husby was here, and we are ready to go
[2026-05-21 21:59:28.939] AUTO-DISENGAGE: gear left Park (now D)
[2026-05-21 21:59:28.939] Husby was here, and we are ready to go
[2026-05-21 21:59:28.954] AUTO-DISENGAGE: gear left Park (now D)
[2026-05-21 21:59:28.955] Husby was here, and we are ready to go
[2026-05-21 21:59:28.975] AUTO-DISENGAGE: gear left Park (now D)
[2026-05-21 21:59:28.975] Husby was here, and we are ready to go
[2026-05-21 21:59:28.995] AUTO-DISENGAGE: gear left Park (now D)
[2026-05-21 21:59:28.995] Husby was here, and we are ready to go
[2026-05-21 21:59:29.014] AUTO-DISENGAGE: gear left Park (now D)
[2026-05-21 21:59:29.014] Husby was here, and we are ready to go
[2026-05-21 21:59:29.036] AUTO-DISENGAGE: gear left Park (now D)
[2026-05-21 21:59:29.036] Husby was here, and we are ready to go
[2026-05-21 21:59:29.039] AUTO-DISENGAGE: gear left Park (now D)
[2026-05-21 21:59:29.039] Husby was here, and we are ready to go
[2026-05-21 21:59:29.056] AUTO-DISENGAGE: gear left Park (now D)
[2026-05-21 21:59:29.056] Husby was here, and we are ready to go
[2026-05-21 21:59:29.077] AUTO-DISENGAGE: gear left Park (now D)
[2026-05-21 21:59:29.078] Husby was here, and we are ready to go
[2026-05-21 21:59:29.094] AUTO-DISENGAGE: gear left Park (now D)
[2026-05-21 21:59:29.094] Husby was here, and we are ready to go
[2026-05-21 21:59:29.115] AUTO-DISENGAGE: gear left Park (now D)
[2026-05-21 21:59:29.115] Husby was here, and we are ready to go
[2026-05-21 21:59:29.135] AUTO-DISENGAGE: gear left Park (now D)
[2026-05-21 21:59:29.135] Husby was here, and we are ready to go
[2026-05-21 21:59:29.139] AUTO-DISENGAGE: gear left Park (now D)
[2026-05-21 21:59:29.139] Husby was here, and we are ready to go
[2026-05-21 21:59:29.156] AUTO-DISENGAGE: gear left Park (now D)
[2026-05-21 21:59:29.156] Husby was here, and we are ready to go
[2026-05-21 21:59:29.176] AUTO-DISENGAGE: gear left Park (now D)
[2026-05-21 21:59:29.177] Husby was here, and we are ready to go
[2026-05-21 21:59:29.196] AUTO-DISENGAGE: gear left Park (now D)
[2026-05-21 21:59:29.196] Husby was here, and we are ready to go
[2026-05-21 21:59:29.216] AUTO-DISENGAGE: gear left Park (now D)
[2026-05-21 21:59:29.216] Husby was here, and we are ready to go
[2026-05-21 21:59:29.236] AUTO-DISENGAGE: gear left Park (now D)
[2026-05-21 21:59:29.236] Husby was here, and we are ready to go
[2026-05-21 21:59:29.239] AUTO-DISENGAGE: gear left Park (now D)
[2026-05-21 21:59:29.239] Husby was here, and we are ready to go
[2026-05-21 21:59:29.256] AUTO-DISENGAGE: gear left Park (now D)
[2026-05-21 21:59:29.256] Husby was here, and we are ready to go
[2026-05-21 21:59:29.276] AUTO-DISENGAGE: gear left Park (now D)
[2026-05-21 21:59:29.276] Husby was here, and we are ready to go
[2026-05-21 21:59:29.295] AUTO-DISENGAGE: gear left Park (now D)
[2026-05-21 21:59:29.295] Husby was here, and we are ready to go
[2026-05-21 21:59:29.317] AUTO-DISENGAGE: gear left Park (now D)
[2026-05-21 21:59:29.317] Husby was here, and we are ready to go
[2026-05-21 21:59:29.336] AUTO-DISENGAGE: gear left Park (now D)
[2026-05-21 21:59:29.337] Husby was here, and we are ready to go
[2026-05-21 21:59:29.339] AUTO-DISENGAGE: gear left Park (now D)
[2026-05-21 21:59:29.339] Husby was here, and we are ready to go
[2026-05-21 21:59:29.355] AUTO-DISENGAGE: gear left Park (now D)
[2026-05-21 21:59:29.356] Husby was here, and we are ready to go
[2026-05-21 21:59:29.376] AUTO-DISENGAGE: gear left Park (now D)
[2026-05-21 21:59:29.376] Husby was here, and we are ready to go
[2026-05-21 21:59:29.395] AUTO-DISENGAGE: gear left Park (now D)
[2026-05-21 21:59:29.395] Husby was here, and we are ready to go
[2026-05-21 21:59:29.417] AUTO-DISENGAGE: gear left Park (now D)
[2026-05-21 21:59:29.417] Husby was here, and we are ready to go
[2026-05-21 21:59:29.436] AUTO-DISENGAGE: gear left Park (now D)
[2026-05-21 21:59:29.436] Husby was here, and we are ready to go
[2026-05-21 21:59:29.439] AUTO-DISENGAGE: gear left Park (now D)
[2026-05-21 21:59:29.439] Husby was here, and we are ready to go
[2026-05-21 21:59:29.454] AUTO-DISENGAGE: gear left Park (now D)
[2026-05-21 21:59:29.454] Husby was here, and we are ready to go
[2026-05-21 21:59:29.475] AUTO-DISENGAGE: gear left Park (now D)
[2026-05-21 21:59:29.475] Husby was here, and we are ready to go
[2026-05-21 21:59:29.494] AUTO-DISENGAGE: gear left Park (now D)
[2026-05-21 21:59:29.495] Husby was here, and we are ready to go
[2026-05-21 21:59:29.514] AUTO-DISENGAGE: gear left Park (now D)
[2026-05-21 21:59:29.514] Husby was here, and we are ready to go
[2026-05-21 21:59:29.535] AUTO-DISENGAGE: gear left Park (now D)
[2026-05-21 21:59:29.535] Husby was here, and we are ready to go
[2026-05-21 21:59:29.539] AUTO-DISENGAGE: gear left Park (now D)
[2026-05-21 21:59:29.539] Husby was here, and we are ready to go
[2026-05-21 21:59:29.554] AUTO-DISENGAGE: gear left Park (now D)
[2026-05-21 21:59:29.554] Husby was here, and we are ready to go
[2026-05-21 21:59:29.574] AUTO-DISENGAGE: gear left Park (now D)
[2026-05-21 21:59:29.574] Husby was here, and we are ready to go
[2026-05-21 21:59:29.593] AUTO-DISENGAGE: gear left Park (now D)
[2026-05-21 21:59:29.594] Husby was here, and we are ready to go
[2026-05-21 21:59:29.614] AUTO-DISENGAGE: gear left Park (now D)
[2026-05-21 21:59:29.614] Husby was here, and we are ready to go
[2026-05-21 21:59:29.636] AUTO-DISENGAGE: gear left Park (now D)
[2026-05-21 21:59:29.636] Husby was here, and we are ready to go
[2026-05-21 21:59:29.639] AUTO-DISENGAGE: gear left Park (now D)
[2026-05-21 21:59:29.639] Husby was here, and we are ready to go
[2026-05-21 21:59:29.656] AUTO-DISENGAGE: gear left Park (now D)
[2026-05-21 21:59:29.656] Husby was here, and we are ready to go
[2026-05-21 21:59:29.678] AUTO-DISENGAGE: gear left Park (now D)
[2026-05-21 21:59:29.679] Husby was here, and we are ready to go
[2026-05-21 21:59:29.697] AUTO-DISENGAGE: gear left Park (now D)
[2026-05-21 21:59:29.697] Husby was here, and we are ready to go
[2026-05-21 21:59:29.716] AUTO-DISENGAGE: gear left Park (now D)
[2026-05-21 21:59:29.716] Husby was here, and we are ready to go
[2026-05-21 21:59:29.737] AUTO-DISENGAGE: gear left Park (now D)
[2026-05-21 21:59:29.737] Husby was here, and we are ready to go
[2026-05-21 21:59:29.739] AUTO-DISENGAGE: gear left Park (now D)
[2026-05-21 21:59:29.739] Husby was here, and we are ready to go
[2026-05-21 21:59:29.756] AUTO-DISENGAGE: gear left Park (now D)
[2026-05-21 21:59:29.756] Husby was here, and we are ready to go
[2026-05-21 21:59:29.777] AUTO-DISENGAGE: gear left Park (now D)
[2026-05-21 21:59:29.777] Husby was here, and we are ready to go
[2026-05-21 21:59:29.796] AUTO-DISENGAGE: gear left Park (now D)
[2026-05-21 21:59:29.796] Husby was here, and we are ready to go
[2026-05-21 21:59:29.816] AUTO-DISENGAGE: gear left Park (now D)
[2026-05-21 21:59:29.816] Husby was here, and we are ready to go
[2026-05-21 21:59:29.835] AUTO-DISENGAGE: gear left Park (now D)
[2026-05-21 21:59:29.836] Husby was here, and we are ready to go
[2026-05-21 21:59:29.839] AUTO-DISENGAGE: gear left Park (now D)
[2026-05-21 21:59:29.839] Husby was here, and we are ready to go
[2026-05-21 21:59:29.855] AUTO-DISENGAGE: gear left Park (now D)
[2026-05-21 21:59:29.855] Husby was here, and we are ready to go
[2026-05-21 21:59:29.874] AUTO-DISENGAGE: gear left Park (now D)
[2026-05-21 21:59:29.874] Husby was here, and we are ready to go
[2026-05-21 21:59:29.894] AUTO-DISENGAGE: gear left Park (now D)
[2026-05-21 21:59:29.894] Husby was here, and we are ready to go
[2026-05-21 21:59:29.914] AUTO-DISENGAGE: gear left Park (now D)
[2026-05-21 21:59:29.914] Husby was here, and we are ready to go
[2026-05-21 21:59:29.936] AUTO-DISENGAGE: gear left Park (now D)
[2026-05-21 21:59:29.937] Husby was here, and we are ready to go
[2026-05-21 21:59:29.939] AUTO-DISENGAGE: gear left Park (now D)
[2026-05-21 21:59:29.939] Husby was here, and we are ready to go
[2026-05-21 21:59:29.956] AUTO-DISENGAGE: gear left Park (now D)
[2026-05-21 21:59:29.956] Husby was here, and we are ready to go
[2026-05-21 21:59:29.977] AUTO-DISENGAGE: gear left Park (now D)
[2026-05-21 21:59:29.977] Husby was here, and we are ready to go
[2026-05-21 21:59:29.996] AUTO-DISENGAGE: gear left Park (now D)
[2026-05-21 21:59:29.996] Husby was here, and we are ready to go
[2026-05-21 21:59:30.015] AUTO-DISENGAGE: gear left Park (now D)
[2026-05-21 21:59:30.016] Husby was here, and we are ready to go
[2026-05-21 21:59:30.035] AUTO-DISENGAGE: gear left Park (now D)
[2026-05-21 21:59:30.035] Husby was here, and we are ready to go
[2026-05-21 21:59:30.039] AUTO-DISENGAGE: gear left Park (now D)
[2026-05-21 21:59:30.039] Husby was here, and we are ready to go
[2026-05-21 21:59:30.055] AUTO-DISENGAGE: gear left Park (now D)
[2026-05-21 21:59:30.056] Husby was here, and we are ready to go
[2026-05-21 21:59:30.076] AUTO-DISENGAGE: gear left Park (now D)
[2026-05-21 21:59:30.076] Husby was here, and we are ready to go
[2026-05-21 21:59:30.094] AUTO-DISENGAGE: gear left Park (now D)
[2026-05-21 21:59:30.094] Husby was here, and we are ready to go
[2026-05-21 21:59:30.115] AUTO-DISENGAGE: gear left Park (now D)
[2026-05-21 21:59:30.115] Husby was here, and we are ready to go
[2026-05-21 21:59:30.135] AUTO-DISENGAGE: gear left Park (now D)
[2026-05-21 21:59:30.135] Husby was here, and we are ready to go
[2026-05-21 21:59:30.139] AUTO-DISENGAGE: gear left Park (now D)
[2026-05-21 21:59:30.139] Husby was here, and we are ready to go
[2026-05-21 21:59:30.155] AUTO-DISENGAGE: gear left Park (now D)
[2026-05-21 21:59:30.155] Husby was here, and we are ready to go
[2026-05-21 21:59:30.175] AUTO-DISENGAGE: gear left Park (now D)
[2026-05-21 21:59:30.175] Husby was here, and we are ready to go
[2026-05-21 21:59:30.195] AUTO-DISENGAGE: gear left Park (now D)
[2026-05-21 21:59:30.195] Husby was here, and we are ready to go
[2026-05-21 21:59:30.214] AUTO-DISENGAGE: gear left Park (now D)
[2026-05-21 21:59:30.214] Husby was here, and we are ready to go
[2026-05-21 21:59:30.236] AUTO-DISENGAGE: gear left Park (now D)
[2026-05-21 21:59:30.237] Husby was here, and we are ready to go
[2026-05-21 21:59:30.239] AUTO-DISENGAGE: gear left Park (now D)
[2026-05-21 21:59:30.239] Husby was here, and we are ready to go
[2026-05-21 21:59:30.256] AUTO-DISENGAGE: gear left Park (now D)
[2026-05-21 21:59:30.256] Husby was here, and we are ready to go
[2026-05-21 21:59:30.277] AUTO-DISENGAGE: gear left Park (now D)
[2026-05-21 21:59:30.277] Husby was here, and we are ready to go
[2026-05-21 21:59:30.295] AUTO-DISENGAGE: gear left Park (now D)
[2026-05-21 21:59:30.295] Husby was here, and we are ready to go
[2026-05-21 21:59:30.315] AUTO-DISENGAGE: gear left Park (now D)
[2026-05-21 21:59:30.315] Husby was here, and we are ready to go
[2026-05-21 21:59:30.334] AUTO-DISENGAGE: gear left Park (now D)
[2026-05-21 21:59:30.334] Husby was here, and we are ready to go
[2026-05-21 21:59:30.339] AUTO-DISENGAGE: gear left Park (now D)
[2026-05-21 21:59:30.339] Husby was here, and we are ready to go
[2026-05-21 21:59:30.354] AUTO-DISENGAGE: gear left Park (now D)
[2026-05-21 21:59:30.354] Husby was here, and we are ready to go
[2026-05-21 21:59:30.374] AUTO-DISENGAGE: gear left Park (now D)
[2026-05-21 21:59:30.374] Husby was here, and we are ready to go
[2026-05-21 21:59:30.393] AUTO-DISENGAGE: gear left Park (now D)
[2026-05-21 21:59:30.393] Husby was here, and we are ready to go
[2026-05-21 21:59:30.413] AUTO-DISENGAGE: gear left Park (now D)
[2026-05-21 21:59:30.413] Husby was here, and we are ready to go
[2026-05-21 21:59:30.434] AUTO-DISENGAGE: gear left Park (now D)
[2026-05-21 21:59:30.434] Husby was here, and we are ready to go
[2026-05-21 21:59:30.439] AUTO-DISENGAGE: gear left Park (now D)
[2026-05-21 21:59:30.439] Husby was here, and we are ready to go
[2026-05-21 21:59:30.454] AUTO-DISENGAGE: gear left Park (now D)
[2026-05-21 21:59:30.454] Husby was here, and we are ready to go
[2026-05-21 21:59:30.475] AUTO-DISENGAGE: gear left Park (now D)
[2026-05-21 21:59:30.475] Husby was here, and we are ready to go
[2026-05-21 21:59:30.494] AUTO-DISENGAGE: gear left Park (now D)
[2026-05-21 21:59:30.494] Husby was here, and we are ready to go
[2026-05-21 21:59:30.516] AUTO-DISENGAGE: gear left Park (now D)
[2026-05-21 21:59:30.516] Husby was here, and we are ready to go
[2026-05-21 21:59:30.536] AUTO-DISENGAGE: gear left Park (now D)
[2026-05-21 21:59:30.536] Husby was here, and we are ready to go
[2026-05-21 21:59:30.539] AUTO-DISENGAGE: gear left Park (now D)
[2026-05-21 21:59:30.539] Husby was here, and we are ready to go
[2026-05-21 21:59:30.556] AUTO-DISENGAGE: gear left Park (now D)
[2026-05-21 21:59:30.556] Husby was here, and we are ready to go
[2026-05-21 21:59:30.576] AUTO-DISENGAGE: gear left Park (now D)
[2026-05-21 21:59:30.576] Husby was here, and we are ready to go
[2026-05-21 21:59:30.595] AUTO-DISENGAGE: gear left Park (now D)
[2026-05-21 21:59:30.595] Husby was here, and we are ready to go
[2026-05-21 21:59:30.615] AUTO-DISENGAGE: gear left Park (now D)
[2026-05-21 21:59:30.615] Husby was here, and we are ready to go
[2026-05-21 21:59:30.636] AUTO-DISENGAGE: gear left Park (now D)
[2026-05-21 21:59:30.636] Husby was here, and we are ready to go
[2026-05-21 21:59:30.639] AUTO-DISENGAGE: gear left Park (now D)
[2026-05-21 21:59:30.639] Husby was here, and we are ready to go
[2026-05-21 21:59:30.655] AUTO-DISENGAGE: gear left Park (now D)
[2026-05-21 21:59:30.655] Husby was here, and we are ready to go
[2026-05-21 21:59:30.675] AUTO-DISENGAGE: gear left Park (now D)
[2026-05-21 21:59:30.675] Husby was here, and we are ready to go
[2026-05-21 21:59:30.696] AUTO-DISENGAGE: gear left Park (now D)
[2026-05-21 21:59:30.696] Husby was here, and we are ready to go
[2026-05-21 21:59:30.717] AUTO-DISENGAGE: gear left Park (now D)
[2026-05-21 21:59:30.717] Husby was here, and we are ready to go
[2026-05-21 21:59:30.737] AUTO-DISENGAGE: gear left Park (now D)
[2026-05-21 21:59:30.737] Husby was here, and we are ready to go
[2026-05-21 21:59:30.739] AUTO-DISENGAGE: gear left Park (now D)
[2026-05-21 21:59:30.739] Husby was here, and we are ready to go
[2026-05-21 21:59:30.757] AUTO-DISENGAGE: gear left Park (now D)
[2026-05-21 21:59:30.757] Husby was here, and we are ready to go
[2026-05-21 21:59:30.776] AUTO-DISENGAGE: gear left Park (now D)
[2026-05-21 21:59:30.776] Husby was here, and we are ready to go
[2026-05-21 21:59:30.795] AUTO-DISENGAGE: gear left Park (now D)
[2026-05-21 21:59:30.795] Husby was here, and we are ready to go
[2026-05-21 21:59:30.815] AUTO-DISENGAGE: gear left Park (now D)
[2026-05-21 21:59:30.815] Husby was here, and we are ready to go
[2026-05-21 21:59:30.835] AUTO-DISENGAGE: gear left Park (now D)
[2026-05-21 21:59:30.835] Husby was here, and we are ready to go
[2026-05-21 21:59:30.839] AUTO-DISENGAGE: gear left Park (now D)
[2026-05-21 21:59:30.839] Husby was here, and we are ready to go
[2026-05-21 21:59:30.854] AUTO-DISENGAGE: gear left Park (now D)
[2026-05-21 21:59:30.854] Husby was here, and we are ready to go
[2026-05-21 21:59:30.876] AUTO-DISENGAGE: gear left Park (now D)
[2026-05-21 21:59:30.876] Husby was here, and we are ready to go
[2026-05-21 21:59:30.895] AUTO-DISENGAGE: gear left Park (now D)
[2026-05-21 21:59:30.896] Husby was here, and we are ready to go
[2026-05-21 21:59:30.916] AUTO-DISENGAGE: gear left Park (now D)
[2026-05-21 21:59:30.916] Husby was here, and we are ready to go
[2026-05-21 21:59:30.937] AUTO-DISENGAGE: gear left Park (now D)
[2026-05-21 21:59:30.937] Husby was here, and we are ready to go
[2026-05-21 21:59:30.939] AUTO-DISENGAGE: gear left Park (now D)
[2026-05-21 21:59:30.939] Husby was here, and we are ready to go
[2026-05-21 21:59:30.955] AUTO-DISENGAGE: gear left Park (now D)
[2026-05-21 21:59:30.955] Husby was here, and we are ready to go
[2026-05-21 21:59:30.977] AUTO-DISENGAGE: gear left Park (now D)
[2026-05-21 21:59:30.977] Husby was here, and we are ready to go
[2026-05-21 21:59:30.995] AUTO-DISENGAGE: gear left Park (now D)
[2026-05-21 21:59:30.996] Husby was here, and we are ready to go
[2026-05-21 21:59:31.014] AUTO-DISENGAGE: gear left Park (now D)
[2026-05-21 21:59:31.015] Husby was here, and we are ready to go
[2026-05-21 21:59:31.035] AUTO-DISENGAGE: gear left Park (now D)
[2026-05-21 21:59:31.035] Husby was here, and we are ready to go
[2026-05-21 21:59:31.039] AUTO-DISENGAGE: gear left Park (now D)
[2026-05-21 21:59:31.039] Husby was here, and we are ready to go
[2026-05-21 21:59:31.056] AUTO-DISENGAGE: gear left Park (now D)
[2026-05-21 21:59:31.056] Husby was here, and we are ready to go
[2026-05-21 21:59:31.076] AUTO-DISENGAGE: gear left Park (now D)
[2026-05-21 21:59:31.076] Husby was here, and we are ready to go
[2026-05-21 21:59:31.094] AUTO-DISENGAGE: gear left Park (now D)
[2026-05-21 21:59:31.094] Husby was here, and we are ready to go
[2026-05-21 21:59:31.114] AUTO-DISENGAGE: gear left Park (now D)
[2026-05-21 21:59:31.115] Husby was here, and we are ready to go
[2026-05-21 21:59:31.135] AUTO-DISENGAGE: gear left Park (now D)
[2026-05-21 21:59:31.135] Husby was here, and we are ready to go
[2026-05-21 21:59:31.139] AUTO-DISENGAGE: gear left Park (now D)
[2026-05-21 21:59:31.139] Husby was here, and we are ready to go
[2026-05-21 21:59:31.154] AUTO-DISENGAGE: gear left Park (now D)
[2026-05-21 21:59:31.155] Husby was here, and we are ready to go
[2026-05-21 21:59:31.174] AUTO-DISENGAGE: gear left Park (now D)
[2026-05-21 21:59:31.174] Husby was here, and we are ready to go
[2026-05-21 21:59:31.194] AUTO-DISENGAGE: gear left Park (now D)
[2026-05-21 21:59:31.194] Husby was here, and we are ready to go
[2026-05-21 21:59:31.214] AUTO-DISENGAGE: gear left Park (now D)
[2026-05-21 21:59:31.214] Husby was here, and we are ready to go
[2026-05-21 21:59:31.233] AUTO-DISENGAGE: gear left Park (now D)
[2026-05-21 21:59:31.234] Husby was here, and we are ready to go
[2026-05-21 21:59:31.239] AUTO-DISENGAGE: gear left Park (now D)
[2026-05-21 21:59:31.239] Husby was here, and we are ready to go
[2026-05-21 21:59:31.254] AUTO-DISENGAGE: gear left Park (now D)
[2026-05-21 21:59:31.254] Husby was here, and we are ready to go
[2026-05-21 21:59:31.274] AUTO-DISENGAGE: gear left Park (now D)
[2026-05-21 21:59:31.274] Husby was here, and we are ready to go
[2026-05-21 21:59:31.294] AUTO-DISENGAGE: gear left Park (now D)
[2026-05-21 21:59:31.294] Husby was here, and we are ready to go
[2026-05-21 21:59:31.316] AUTO-DISENGAGE: gear left Park (now D)
[2026-05-21 21:59:31.316] Husby was here, and we are ready to go
[2026-05-21 21:59:31.336] AUTO-DISENGAGE: gear left Park (now D)
[2026-05-21 21:59:31.337] Husby was here, and we are ready to go
[2026-05-21 21:59:31.339] AUTO-DISENGAGE: gear left Park (now D)
[2026-05-21 21:59:31.339] Husby was here, and we are ready to go
[2026-05-21 21:59:31.357] AUTO-DISENGAGE: gear left Park (now D)
[2026-05-21 21:59:31.357] Husby was here, and we are ready to go
[2026-05-21 21:59:31.376] AUTO-DISENGAGE: gear left Park (now D)
[2026-05-21 21:59:31.377] Husby was here, and we are ready to go
[2026-05-21 21:59:31.395] AUTO-DISENGAGE: gear left Park (now D)
[2026-05-21 21:59:31.396] Husby was here, and we are ready to go
[2026-05-21 21:59:31.416] AUTO-DISENGAGE: gear left Park (now D)
[2026-05-21 21:59:31.416] Husby was here, and we are ready to go
[2026-05-21 21:59:31.435] AUTO-DISENGAGE: gear left Park (now D)
[2026-05-21 21:59:31.435] Husby was here, and we are ready to go
[2026-05-21 21:59:31.439] AUTO-DISENGAGE: gear left Park (now D)
[2026-05-21 21:59:31.439] Husby was here, and we are ready to go
[2026-05-21 21:59:31.455] AUTO-DISENGAGE: gear left Park (now D)
[2026-05-21 21:59:31.456] Husby was here, and we are ready to go
[2026-05-21 21:59:31.475] AUTO-DISENGAGE: gear left Park (now D)
[2026-05-21 21:59:31.475] Husby was here, and we are ready to go
[2026-05-21 21:59:31.494] AUTO-DISENGAGE: gear left Park (now D)
[2026-05-21 21:59:31.494] Husby was here, and we are ready to go
[2026-05-21 21:59:31.514] AUTO-DISENGAGE: gear left Park (now D)
[2026-05-21 21:59:31.515] Husby was here, and we are ready to go
[2026-05-21 21:59:31.535] AUTO-DISENGAGE: gear left Park (now D)
[2026-05-21 21:59:31.535] Husby was here, and we are ready to go
[2026-05-21 21:59:31.539] AUTO-DISENGAGE: gear left Park (now D)
[2026-05-21 21:59:31.539] Husby was here, and we are ready to go
[2026-05-21 21:59:31.554] AUTO-DISENGAGE: gear left Park (now D)
[2026-05-21 21:59:31.555] Husby was here, and we are ready to go
[2026-05-21 21:59:31.574] AUTO-DISENGAGE: gear left Park (now D)
[2026-05-21 21:59:31.575] Husby was here, and we are ready to go
[2026-05-21 21:59:31.594] AUTO-DISENGAGE: gear left Park (now D)
[2026-05-21 21:59:31.594] Husby was here, and we are ready to go
[2026-05-21 21:59:31.614] AUTO-DISENGAGE: gear left Park (now D)
[2026-05-21 21:59:31.614] Husby was here, and we are ready to go
[2026-05-21 21:59:31.635] AUTO-DISENGAGE: gear left Park (now D)
[2026-05-21 21:59:31.635] Husby was here, and we are ready to go
[2026-05-21 21:59:31.639] AUTO-DISENGAGE: gear left Park (now D)
[2026-05-21 21:59:31.639] Husby was here, and we are ready to go
[2026-05-21 21:59:31.654] AUTO-DISENGAGE: gear left Park (now D)
[2026-05-21 21:59:31.654] Husby was here, and we are ready to go
[2026-05-21 21:59:31.675] AUTO-DISENGAGE: gear left Park (now D)
[2026-05-21 21:59:31.675] Husby was here, and we are ready to go
[2026-05-21 21:59:31.694] AUTO-DISENGAGE: gear left Park (now D)
[2026-05-21 21:59:31.694] Husby was here, and we are ready to go
[2026-05-21 21:59:31.715] AUTO-DISENGAGE: gear left Park (now D)
[2026-05-21 21:59:31.715] Husby was here, and we are ready to go
[2026-05-21 21:59:31.738] AUTO-DISENGAGE: gear left Park (now D)
[2026-05-21 21:59:31.738] Husby was here, and we are ready to go
[2026-05-21 21:59:31.739] AUTO-DISENGAGE: gear left Park (now D)
[2026-05-21 21:59:31.739] Husby was here, and we are ready to go
[2026-05-21 21:59:31.756] AUTO-DISENGAGE: gear left Park (now D)
[2026-05-21 21:59:31.756] Husby was here, and we are ready to go
[2026-05-21 21:59:31.778] AUTO-DISENGAGE: gear left Park (now D)
[2026-05-21 21:59:31.779] Husby was here, and we are ready to go
[2026-05-21 21:59:31.796] AUTO-DISENGAGE: gear left Park (now D)
[2026-05-21 21:59:31.796] Husby was here, and we are ready to go
[2026-05-21 21:59:31.816] AUTO-DISENGAGE: gear left Park (now D)
[2026-05-21 21:59:31.816] Husby was here, and we are ready to go
[2026-05-21 21:59:31.835] AUTO-DISENGAGE: gear left Park (now D)
[2026-05-21 21:59:31.835] Husby was here, and we are ready to go
[2026-05-21 21:59:31.839] AUTO-DISENGAGE: gear left Park (now D)
[2026-05-21 21:59:31.839] Husby was here, and we are ready to go
[2026-05-21 21:59:31.855] AUTO-DISENGAGE: gear left Park (now D)
[2026-05-21 21:59:31.855] Husby was here, and we are ready to go
[2026-05-21 21:59:31.876] AUTO-DISENGAGE: gear left Park (now D)
[2026-05-21 21:59:31.876] Husby was here, and we are ready to go
[2026-05-21 21:59:31.895] AUTO-DISENGAGE: gear left Park (now D)
[2026-05-21 21:59:31.895] Husby was here, and we are ready to go
[2026-05-21 21:59:31.914] AUTO-DISENGAGE: gear left Park (now D)
[2026-05-21 21:59:31.915] Husby was here, and we are ready to go
[2026-05-21 21:59:31.935] AUTO-DISENGAGE: gear left Park (now D)
[2026-05-21 21:59:31.935] Husby was here, and we are ready to go
[2026-05-21 21:59:31.939] AUTO-DISENGAGE: gear left Park (now D)
[2026-05-21 21:59:31.939] Husby was here, and we are ready to go
[2026-05-21 21:59:31.954] AUTO-DISENGAGE: gear left Park (now D)
[2026-05-21 21:59:31.955] Husby was here, and we are ready to go
[2026-05-21 21:59:31.975] AUTO-DISENGAGE: gear left Park (now D)
[2026-05-21 21:59:31.975] Husby was here, and we are ready to go
[2026-05-21 21:59:31.994] AUTO-DISENGAGE: gear left Park (now D)
[2026-05-21 21:59:31.994] Husby was here, and we are ready to go
[2026-05-21 21:59:32.014] AUTO-DISENGAGE: gear left Park (now D)
[2026-05-21 21:59:32.015] Husby was here, and we are ready to go
[2026-05-21 21:59:32.035] AUTO-DISENGAGE: gear left Park (now D)
[2026-05-21 21:59:32.035] Husby was here, and we are ready to go
[2026-05-21 21:59:32.039] AUTO-DISENGAGE: gear left Park (now D)
[2026-05-21 21:59:32.039] Husby was here, and we are ready to go
[2026-05-21 21:59:32.054] AUTO-DISENGAGE: gear left Park (now D)
[2026-05-21 21:59:32.055] Husby was here, and we are ready to go
[2026-05-21 21:59:32.075] AUTO-DISENGAGE: gear left Park (now D)
[2026-05-21 21:59:32.075] Husby was here, and we are ready to go
[2026-05-21 21:59:32.094] AUTO-DISENGAGE: gear left Park (now D)
[2026-05-21 21:59:32.094] Husby was here, and we are ready to go
[2026-05-21 21:59:32.114] AUTO-DISENGAGE: gear left Park (now D)
[2026-05-21 21:59:32.114] Husby was here, and we are ready to go
[2026-05-21 21:59:32.135] AUTO-DISENGAGE: gear left Park (now D)
[2026-05-21 21:59:32.135] Husby was here, and we are ready to go
[2026-05-21 21:59:32.139] AUTO-DISENGAGE: gear left Park (now D)
[2026-05-21 21:59:32.139] Husby was here, and we are ready to go
[2026-05-21 21:59:32.156] AUTO-DISENGAGE: gear left Park (now D)
[2026-05-21 21:59:32.157] Husby was here, and we are ready to go
[2026-05-21 21:59:32.177] AUTO-DISENGAGE: gear left Park (now D)
[2026-05-21 21:59:32.177] Husby was here, and we are ready to go
[2026-05-21 21:59:32.197] AUTO-DISENGAGE: gear left Park (now D)
[2026-05-21 21:59:32.197] Husby was here, and we are ready to go
[2026-05-21 21:59:32.216] AUTO-DISENGAGE: gear left Park (now D)
[2026-05-21 21:59:32.217] Husby was here, and we are ready to go
[2026-05-21 21:59:32.237] AUTO-DISENGAGE: gear left Park (now D)
[2026-05-21 21:59:32.237] Husby was here, and we are ready to go
[2026-05-21 21:59:32.239] AUTO-DISENGAGE: gear left Park (now D)
[2026-05-21 21:59:32.239] Husby was here, and we are ready to go
[2026-05-21 21:59:32.256] AUTO-DISENGAGE: gear left Park (now D)
[2026-05-21 21:59:32.256] Husby was here, and we are ready to go
[2026-05-21 21:59:32.275] AUTO-DISENGAGE: gear left Park (now D)
[2026-05-21 21:59:32.275] Husby was here, and we are ready to go
[2026-05-21 21:59:32.295] AUTO-DISENGAGE: gear left Park (now D)
[2026-05-21 21:59:32.295] Husby was here, and we are ready to go
[2026-05-21 21:59:32.314] AUTO-DISENGAGE: gear left Park (now D)
[2026-05-21 21:59:32.314] Husby was here, and we are ready to go
[2026-05-21 21:59:32.335] AUTO-DISENGAGE: gear left Park (now D)
[2026-05-21 21:59:32.335] Husby was here, and we are ready to go
[2026-05-21 21:59:32.339] AUTO-DISENGAGE: gear left Park (now D)
[2026-05-21 21:59:32.339] Husby was here, and we are ready to go
[2026-05-21 21:59:32.354] AUTO-DISENGAGE: gear left Park (now D)
[2026-05-21 21:59:32.354] Husby was here, and we are ready to go
[2026-05-21 21:59:32.375] AUTO-DISENGAGE: gear left Park (now D)
[2026-05-21 21:59:32.375] Husby was here, and we are ready to go
[2026-05-21 21:59:32.394] AUTO-DISENGAGE: gear left Park (now D)
[2026-05-21 21:59:32.394] Husby was here, and we are ready to go
[2026-05-21 21:59:32.416] AUTO-DISENGAGE: gear left Park (now D)
[2026-05-21 21:59:32.416] Husby was here, and we are ready to go
[2026-05-21 21:59:32.436] AUTO-DISENGAGE: gear left Park (now D)
[2026-05-21 21:59:32.436] Husby was here, and we are ready to go
[2026-05-21 21:59:32.439] AUTO-DISENGAGE: gear left Park (now D)
[2026-05-21 21:59:32.439] Husby was here, and we are ready to go
[2026-05-21 21:59:32.456] AUTO-DISENGAGE: gear left Park (now D)
[2026-05-21 21:59:32.456] Husby was here, and we are ready to go
[2026-05-21 21:59:32.478] AUTO-DISENGAGE: gear left Park (now D)
[2026-05-21 21:59:32.478] Husby was here, and we are ready to go
[2026-05-21 21:59:32.496] AUTO-DISENGAGE: gear left Park (now D)
[2026-05-21 21:59:32.496] Husby was here, and we are ready to go
[2026-05-21 21:59:32.515] AUTO-DISENGAGE: gear left Park (now D)
[2026-05-21 21:59:32.515] Husby was here, and we are ready to go
[2026-05-21 21:59:32.537] AUTO-DISENGAGE: gear left Park (now D)
[2026-05-21 21:59:32.537] Husby was here, and we are ready to go
[2026-05-21 21:59:32.539] AUTO-DISENGAGE: gear left Park (now D)
[2026-05-21 21:59:32.539] Husby was here, and we are ready to go
[2026-05-21 21:59:32.555] AUTO-DISENGAGE: gear left Park (now D)
[2026-05-21 21:59:32.555] Husby was here, and we are ready to go
[2026-05-21 21:59:32.576] AUTO-DISENGAGE: gear left Park (now D)
[2026-05-21 21:59:32.576] Husby was here, and we are ready to go
[2026-05-21 21:59:32.594] AUTO-DISENGAGE: gear left Park (now D)
[2026-05-21 21:59:32.595] Husby was here, and we are ready to go
[2026-05-21 21:59:32.616] AUTO-DISENGAGE: gear left Park (now D)
[2026-05-21 21:59:32.616] Husby was here, and we are ready to go
[2026-05-21 21:59:32.637] AUTO-DISENGAGE: gear left Park (now D)
[2026-05-21 21:59:32.638] Husby was here, and we are ready to go
[2026-05-21 21:59:32.639] AUTO-DISENGAGE: gear left Park (now D)
[2026-05-21 21:59:32.639] Husby was here, and we are ready to go
[2026-05-21 21:59:32.655] AUTO-DISENGAGE: gear left Park (now D)
[2026-05-21 21:59:32.655] Husby was here, and we are ready to go
[2026-05-21 21:59:32.677] AUTO-DISENGAGE: gear left Park (now D)
[2026-05-21 21:59:32.677] Husby was here, and we are ready to go
[2026-05-21 21:59:32.696] AUTO-DISENGAGE: gear left Park (now D)
[2026-05-21 21:59:32.696] Husby was here, and we are ready to go
[2026-05-21 21:59:32.717] AUTO-DISENGAGE: gear left Park (now D)
[2026-05-21 21:59:32.717] Husby was here, and we are ready to go
[2026-05-21 21:59:32.736] AUTO-DISENGAGE: gear left Park (now D)
[2026-05-21 21:59:32.736] Husby was here, and we are ready to go
[2026-05-21 21:59:32.739] AUTO-DISENGAGE: gear left Park (now D)
[2026-05-21 21:59:32.739] Husby was here, and we are ready to go
[2026-05-21 21:59:32.756] AUTO-DISENGAGE: gear left Park (now D)
[2026-05-21 21:59:32.756] Husby was here, and we are ready to go
[2026-05-21 21:59:32.776] AUTO-DISENGAGE: gear left Park (now D)
[2026-05-21 21:59:32.776] Husby was here, and we are ready to go
[2026-05-21 21:59:32.795] AUTO-DISENGAGE: gear left Park (now D)
[2026-05-21 21:59:32.795] Husby was here, and we are ready to go
[2026-05-21 21:59:32.814] AUTO-DISENGAGE: gear left Park (now D)
[2026-05-21 21:59:32.814] Husby was here, and we are ready to go
[2026-05-21 21:59:32.835] AUTO-DISENGAGE: gear left Park (now D)
[2026-05-21 21:59:32.835] Husby was here, and we are ready to go
[2026-05-21 21:59:32.839] AUTO-DISENGAGE: gear left Park (now D)
[2026-05-21 21:59:32.839] Husby was here, and we are ready to go
[2026-05-21 21:59:32.854] AUTO-DISENGAGE: gear left Park (now D)
[2026-05-21 21:59:32.854] Husby was here, and we are ready to go
[2026-05-21 21:59:32.874] AUTO-DISENGAGE: gear left Park (now D)
[2026-05-21 21:59:32.875] Husby was here, and we are ready to go
[2026-05-21 21:59:32.894] AUTO-DISENGAGE: gear left Park (now D)
[2026-05-21 21:59:32.894] Husby was here, and we are ready to go
[2026-05-21 21:59:32.916] AUTO-DISENGAGE: gear left Park (now D)
[2026-05-21 21:59:32.916] Husby was here, and we are ready to go
[2026-05-21 21:59:32.936] AUTO-DISENGAGE: gear left Park (now D)
[2026-05-21 21:59:32.936] Husby was here, and we are ready to go
[2026-05-21 21:59:32.939] AUTO-DISENGAGE: gear left Park (now D)
[2026-05-21 21:59:32.939] Husby was here, and we are ready to go
[2026-05-21 21:59:32.956] AUTO-DISENGAGE: gear left Park (now D)
[2026-05-21 21:59:32.956] Husby was here, and we are ready to go
[2026-05-21 21:59:32.975] AUTO-DISENGAGE: gear left Park (now D)
[2026-05-21 21:59:32.976] Husby was here, and we are ready to go
[2026-05-21 21:59:32.996] AUTO-DISENGAGE: gear left Park (now D)
[2026-05-21 21:59:32.996] Husby was here, and we are ready to go
[2026-05-21 21:59:33.016] AUTO-DISENGAGE: gear left Park (now D)
[2026-05-21 21:59:33.016] Husby was here, and we are ready to go
[2026-05-21 21:59:33.037] AUTO-DISENGAGE: gear left Park (now D)
[2026-05-21 21:59:33.038] Husby was here, and we are ready to go
[2026-05-21 21:59:33.039] AUTO-DISENGAGE: gear left Park (now D)
[2026-05-21 21:59:33.039] Husby was here, and we are ready to go
[2026-05-21 21:59:33.056] AUTO-DISENGAGE: gear left Park (now D)
[2026-05-21 21:59:33.056] Husby was here, and we are ready to go
[2026-05-21 21:59:33.075] AUTO-DISENGAGE: gear left Park (now D)
[2026-05-21 21:59:33.075] Husby was here, and we are ready to go
[2026-05-21 21:59:33.095] AUTO-DISENGAGE: gear left Park (now D)
[2026-05-21 21:59:33.095] Husby was here, and we are ready to go
[2026-05-21 21:59:33.116] AUTO-DISENGAGE: gear left Park (now D)
[2026-05-21 21:59:33.117] Husby was here, and we are ready to go
[2026-05-21 21:59:33.137] AUTO-DISENGAGE: gear left Park (now D)
[2026-05-21 21:59:33.137] Husby was here, and we are ready to go
[2026-05-21 21:59:33.139] AUTO-DISENGAGE: gear left Park (now D)
[2026-05-21 21:59:33.139] Husby was here, and we are ready to go
[2026-05-21 21:59:33.155] AUTO-DISENGAGE: gear left Park (now D)
[2026-05-21 21:59:33.155] Husby was here, and we are ready to go
[2026-05-21 21:59:33.176] AUTO-DISENGAGE: gear left Park (now D)
[2026-05-21 21:59:33.176] Husby was here, and we are ready to go
[2026-05-21 21:59:33.195] AUTO-DISENGAGE: gear left Park (now D)
[2026-05-21 21:59:33.195] Husby was here, and we are ready to go
[2026-05-21 21:59:33.215] AUTO-DISENGAGE: gear left Park (now D)
[2026-05-21 21:59:33.215] Husby was here, and we are ready to go
[2026-05-21 21:59:33.236] AUTO-DISENGAGE: gear left Park (now D)
[2026-05-21 21:59:33.236] Husby was here, and we are ready to go
[2026-05-21 21:59:33.239] AUTO-DISENGAGE: gear left Park (now D)
[2026-05-21 21:59:33.239] Husby was here, and we are ready to go
[2026-05-21 21:59:33.256] AUTO-DISENGAGE: gear left Park (now D)
[2026-05-21 21:59:33.256] Husby was here, and we are ready to go
[2026-05-21 21:59:33.275] AUTO-DISENGAGE: gear left Park (now D)
[2026-05-21 21:59:33.275] Husby was here, and we are ready to go
[2026-05-21 21:59:33.295] AUTO-DISENGAGE: gear left Park (now D)
[2026-05-21 21:59:33.295] Husby was here, and we are ready to go
[2026-05-21 21:59:33.315] AUTO-DISENGAGE: gear left Park (now D)
[2026-05-21 21:59:33.315] Husby was here, and we are ready to go
[2026-05-21 21:59:33.337] AUTO-DISENGAGE: gear left Park (now D)
[2026-05-21 21:59:33.337] Husby was here, and we are ready to go
[2026-05-21 21:59:33.339] AUTO-DISENGAGE: gear left Park (now D)
[2026-05-21 21:59:33.339] Husby was here, and we are ready to go
[2026-05-21 21:59:33.356] AUTO-DISENGAGE: gear left Park (now D)
[2026-05-21 21:59:33.356] Husby was here, and we are ready to go
[2026-05-21 21:59:33.377] AUTO-DISENGAGE: gear left Park (now D)
[2026-05-21 21:59:33.377] Husby was here, and we are ready to go
[2026-05-21 21:59:33.396] AUTO-DISENGAGE: gear left Park (now D)
[2026-05-21 21:59:33.396] Husby was here, and we are ready to go
[2026-05-21 21:59:33.416] AUTO-DISENGAGE: gear left Park (now D)
[2026-05-21 21:59:33.416] Husby was here, and we are ready to go
[2026-05-21 21:59:33.436] AUTO-DISENGAGE: gear left Park (now D)
[2026-05-21 21:59:33.436] Husby was here, and we are ready to go
[2026-05-21 21:59:33.439] AUTO-DISENGAGE: gear left Park (now D)
[2026-05-21 21:59:33.439] Husby was here, and we are ready to go
[2026-05-21 21:59:33.455] AUTO-DISENGAGE: gear left Park (now D)
[2026-05-21 21:59:33.455] Husby was here, and we are ready to go
[2026-05-21 21:59:33.475] AUTO-DISENGAGE: gear left Park (now D)
[2026-05-21 21:59:33.475] Husby was here, and we are ready to go
[2026-05-21 21:59:33.494] AUTO-DISENGAGE: gear left Park (now D)
[2026-05-21 21:59:33.494] Husby was here, and we are ready to go
[2026-05-21 21:59:33.516] AUTO-DISENGAGE: gear left Park (now D)
[2026-05-21 21:59:33.517] Husby was here, and we are ready to go
[2026-05-21 21:59:33.537] AUTO-DISENGAGE: gear left Park (now D)
[2026-05-21 21:59:33.537] Husby was here, and we are ready to go
[2026-05-21 21:59:33.539] AUTO-DISENGAGE: gear left Park (now D)
[2026-05-21 21:59:33.539] Husby was here, and we are ready to go
[2026-05-21 21:59:33.556] AUTO-DISENGAGE: gear left Park (now D)
[2026-05-21 21:59:33.556] Husby was here, and we are ready to go
[2026-05-21 21:59:33.577] AUTO-DISENGAGE: gear left Park (now D)
[2026-05-21 21:59:33.577] Husby was here, and we are ready to go
[2026-05-21 21:59:33.596] AUTO-DISENGAGE: gear left Park (now D)
[2026-05-21 21:59:33.596] Husby was here, and we are ready to go
[2026-05-21 21:59:33.617] AUTO-DISENGAGE: gear left Park (now D)
[2026-05-21 21:59:33.617] Husby was here, and we are ready to go
[2026-05-21 21:59:33.635] AUTO-DISENGAGE: gear left Park (now D)
[2026-05-21 21:59:33.636] Husby was here, and we are ready to go
[2026-05-21 21:59:33.639] AUTO-DISENGAGE: gear left Park (now D)
[2026-05-21 21:59:33.639] Husby was here, and we are ready to go
[2026-05-21 21:59:33.655] AUTO-DISENGAGE: gear left Park (now D)
[2026-05-21 21:59:33.655] Husby was here, and we are ready to go
[2026-05-21 21:59:33.675] AUTO-DISENGAGE: gear left Park (now D)
[2026-05-21 21:59:33.675] Husby was here, and we are ready to go
[2026-05-21 21:59:33.694] AUTO-DISENGAGE: gear left Park (now D)
[2026-05-21 21:59:33.694] Husby was here, and we are ready to go
[2026-05-21 21:59:33.716] AUTO-DISENGAGE: gear left Park (now D)
[2026-05-21 21:59:33.716] Husby was here, and we are ready to go
[2026-05-21 21:59:33.737] AUTO-DISENGAGE: gear left Park (now D)
[2026-05-21 21:59:33.738] Husby was here, and we are ready to go
[2026-05-21 21:59:33.739] AUTO-DISENGAGE: gear left Park (now D)
[2026-05-21 21:59:33.739] Husby was here, and we are ready to go
[2026-05-21 21:59:33.756] AUTO-DISENGAGE: gear left Park (now D)
[2026-05-21 21:59:33.756] Husby was here, and we are ready to go
[2026-05-21 21:59:33.776] AUTO-DISENGAGE: gear left Park (now D)
[2026-05-21 21:59:33.776] Husby was here, and we are ready to go
[2026-05-21 21:59:33.795] AUTO-DISENGAGE: gear left Park (now D)
[2026-05-21 21:59:33.795] Husby was here, and we are ready to go
[2026-05-21 21:59:33.814] AUTO-DISENGAGE: gear left Park (now D)
[2026-05-21 21:59:33.814] Husby was here, and we are ready to go
[2026-05-21 21:59:33.834] AUTO-DISENGAGE: gear left Park (now D)
[2026-05-21 21:59:33.834] Husby was here, and we are ready to go
[2026-05-21 21:59:33.839] AUTO-DISENGAGE: gear left Park (now D)
[2026-05-21 21:59:33.839] Husby was here, and we are ready to go
[2026-05-21 21:59:33.854] AUTO-DISENGAGE: gear left Park (now D)
[2026-05-21 21:59:33.854] Husby was here, and we are ready to go
[2026-05-21 21:59:33.875] AUTO-DISENGAGE: gear left Park (now D)
[2026-05-21 21:59:33.875] Husby was here, and we are ready to go
[2026-05-21 21:59:33.894] AUTO-DISENGAGE: gear left Park (now D)
[2026-05-21 21:59:33.895] Husby was here, and we are ready to go
[2026-05-21 21:59:33.915] AUTO-DISENGAGE: gear left Park (now D)
[2026-05-21 21:59:33.915] Husby was here, and we are ready to go
[2026-05-21 21:59:33.935] AUTO-DISENGAGE: gear left Park (now D)
[2026-05-21 21:59:33.935] Husby was here, and we are ready to go
[2026-05-21 21:59:33.939] AUTO-DISENGAGE: gear left Park (now D)
[2026-05-21 21:59:33.939] Husby was here, and we are ready to go
[2026-05-21 21:59:33.955] AUTO-DISENGAGE: gear left Park (now D)
[2026-05-21 21:59:33.955] Husby was here, and we are ready to go
[2026-05-21 21:59:33.975] AUTO-DISENGAGE: gear left Park (now D)
[2026-05-21 21:59:33.975] Husby was here, and we are ready to go
[2026-05-21 21:59:33.994] AUTO-DISENGAGE: gear left Park (now D)
[2026-05-21 21:59:33.994] Husby was here, and we are ready to go
[2026-05-21 21:59:34.015] AUTO-DISENGAGE: gear left Park (now D)
[2026-05-21 21:59:34.015] Husby was here, and we are ready to go
[2026-05-21 21:59:34.035] AUTO-DISENGAGE: gear left Park (now D)
[2026-05-21 21:59:34.035] Husby was here, and we are ready to go
[2026-05-21 21:59:34.039] AUTO-DISENGAGE: gear left Park (now D)
[2026-05-21 21:59:34.039] Husby was here, and we are ready to go
[2026-05-21 21:59:34.058] AUTO-DISENGAGE: gear left Park (now D)
[2026-05-21 21:59:34.058] Husby was here, and we are ready to go
[2026-05-21 21:59:34.077] AUTO-DISENGAGE: gear left Park (now D)
[2026-05-21 21:59:34.078] Husby was here, and we are ready to go
[2026-05-21 21:59:34.097] AUTO-DISENGAGE: gear left Park (now D)
[2026-05-21 21:59:34.097] Husby was here, and we are ready to go
[2026-05-21 21:59:34.117] AUTO-DISENGAGE: gear left Park (now D)
[2026-05-21 21:59:34.117] Husby was here, and we are ready to go
[2026-05-21 21:59:34.136] AUTO-DISENGAGE: gear left Park (now D)
[2026-05-21 21:59:34.136] Husby was here, and we are ready to go
[2026-05-21 21:59:34.139] AUTO-DISENGAGE: gear left Park (now D)
[2026-05-21 21:59:34.139] Husby was here, and we are ready to go
[2026-05-21 21:59:34.155] AUTO-DISENGAGE: gear left Park (now D)
[2026-05-21 21:59:34.155] Husby was here, and we are ready to go
[2026-05-21 21:59:34.176] AUTO-DISENGAGE: gear left Park (now D)
[2026-05-21 21:59:34.176] Husby was here, and we are ready to go
[2026-05-21 21:59:34.195] AUTO-DISENGAGE: gear left Park (now D)
[2026-05-21 21:59:34.195] Husby was here, and we are ready to go
[2026-05-21 21:59:34.215] AUTO-DISENGAGE: gear left Park (now D)
[2026-05-21 21:59:34.215] Husby was here, and we are ready to go
[2026-05-21 21:59:34.235] AUTO-DISENGAGE: gear left Park (now D)
[2026-05-21 21:59:34.235] Husby was here, and we are ready to go
[2026-05-21 21:59:34.239] AUTO-DISENGAGE: gear left Park (now D)
[2026-05-21 21:59:34.239] Husby was here, and we are ready to go
[2026-05-21 21:59:34.255] AUTO-DISENGAGE: gear left Park (now D)
[2026-05-21 21:59:34.255] Husby was here, and we are ready to go
[2026-05-21 21:59:34.275] AUTO-DISENGAGE: gear left Park (now D)
[2026-05-21 21:59:34.275] Husby was here, and we are ready to go
[2026-05-21 21:59:34.294] AUTO-DISENGAGE: gear left Park (now D)
[2026-05-21 21:59:34.294] Husby was here, and we are ready to go
[2026-05-21 21:59:34.317] AUTO-DISENGAGE: gear left Park (now D)
[2026-05-21 21:59:34.317] Husby was here, and we are ready to go
[2026-05-21 21:59:34.337] AUTO-DISENGAGE: gear left Park (now D)
[2026-05-21 21:59:34.338] Husby was here, and we are ready to go
[2026-05-21 21:59:34.339] AUTO-DISENGAGE: gear left Park (now D)
[2026-05-21 21:59:34.339] Husby was here, and we are ready to go
[2026-05-21 21:59:34.355] AUTO-DISENGAGE: gear left Park (now D)
[2026-05-21 21:59:34.356] Husby was here, and we are ready to go
[2026-05-21 21:59:34.375] AUTO-DISENGAGE: gear left Park (now D)
[2026-05-21 21:59:34.375] Husby was here, and we are ready to go
[2026-05-21 21:59:34.395] AUTO-DISENGAGE: gear left Park (now D)
[2026-05-21 21:59:34.395] Husby was here, and we are ready to go
[2026-05-21 21:59:34.415] AUTO-DISENGAGE: gear left Park (now D)
[2026-05-21 21:59:34.416] Husby was here, and we are ready to go
[2026-05-21 21:59:34.435] AUTO-DISENGAGE: gear left Park (now D)
[2026-05-21 21:59:34.435] Husby was here, and we are ready to go
[2026-05-21 21:59:34.439] AUTO-DISENGAGE: gear left Park (now D)
[2026-05-21 21:59:34.439] Husby was here, and we are ready to go
[2026-05-21 21:59:34.455] AUTO-DISENGAGE: gear left Park (now D)
[2026-05-21 21:59:34.455] Husby was here, and we are ready to go
[2026-05-21 21:59:34.475] AUTO-DISENGAGE: gear left Park (now D)
[2026-05-21 21:59:34.475] Husby was here, and we are ready to go
[2026-05-21 21:59:34.496] AUTO-DISENGAGE: gear left Park (now D)
[2026-05-21 21:59:34.496] Husby was here, and we are ready to go
[2026-05-21 21:59:34.516] AUTO-DISENGAGE: gear left Park (now D)
[2026-05-21 21:59:34.516] Husby was here, and we are ready to go
[2026-05-21 21:59:34.537] AUTO-DISENGAGE: gear left Park (now D)
[2026-05-21 21:59:34.538] Husby was here, and we are ready to go
[2026-05-21 21:59:34.539] AUTO-DISENGAGE: gear left Park (now D)
[2026-05-21 21:59:34.539] Husby was here, and we are ready to go
[2026-05-21 21:59:34.556] AUTO-DISENGAGE: gear left Park (now D)
[2026-05-21 21:59:34.557] Husby was here, and we are ready to go
[2026-05-21 21:59:34.579] AUTO-DISENGAGE: gear left Park (now D)
[2026-05-21 21:59:34.579] Husby was here, and we are ready to go
[2026-05-21 21:59:34.596] AUTO-DISENGAGE: gear left Park (now D)
[2026-05-21 21:59:34.596] Husby was here, and we are ready to go
[2026-05-21 21:59:34.615] AUTO-DISENGAGE: gear left Park (now D)
[2026-05-21 21:59:34.615] Husby was here, and we are ready to go
[2026-05-21 21:59:34.636] AUTO-DISENGAGE: gear left Park (now D)
[2026-05-21 21:59:34.636] Husby was here, and we are ready to go
[2026-05-21 21:59:34.639] AUTO-DISENGAGE: gear left Park (now D)
[2026-05-21 21:59:34.639] Husby was here, and we are ready to go
[2026-05-21 21:59:34.656] AUTO-DISENGAGE: gear left Park (now D)
[2026-05-21 21:59:34.657] Husby was here, and we are ready to go
[2026-05-21 21:59:34.678] AUTO-DISENGAGE: gear left Park (now D)
[2026-05-21 21:59:34.678] Husby was here, and we are ready to go
[2026-05-21 21:59:34.696] AUTO-DISENGAGE: gear left Park (now D)
[2026-05-21 21:59:34.697] Husby was here, and we are ready to go
[2026-05-21 21:59:34.717] AUTO-DISENGAGE: gear left Park (now D)
[2026-05-21 21:59:34.717] Husby was here, and we are ready to go
[2026-05-21 21:59:34.736] AUTO-DISENGAGE: gear left Park (now D)
[2026-05-21 21:59:34.736] Husby was here, and we are ready to go
[2026-05-21 21:59:34.739] AUTO-DISENGAGE: gear left Park (now D)
[2026-05-21 21:59:34.739] Husby was here, and we are ready to go
[2026-05-21 21:59:34.755] AUTO-DISENGAGE: gear left Park (now D)
[2026-05-21 21:59:34.755] Husby was here, and we are ready to go
[2026-05-21 21:59:34.778] AUTO-DISENGAGE: gear left Park (now D)
[2026-05-21 21:59:34.779] Husby was here, and we are ready to go
[2026-05-21 21:59:34.796] AUTO-DISENGAGE: gear left Park (now D)
[2026-05-21 21:59:34.796] Husby was here, and we are ready to go
[2026-05-21 21:59:34.816] AUTO-DISENGAGE: gear left Park (now D)
[2026-05-21 21:59:34.816] Husby was here, and we are ready to go
[2026-05-21 21:59:34.837] AUTO-DISENGAGE: gear left Park (now D)
[2026-05-21 21:59:34.837] Husby was here, and we are ready to go
[2026-05-21 21:59:34.839] AUTO-DISENGAGE: gear left Park (now D)
[2026-05-21 21:59:34.839] Husby was here, and we are ready to go
[2026-05-21 21:59:34.856] AUTO-DISENGAGE: gear left Park (now D)
[2026-05-21 21:59:34.856] Husby was here, and we are ready to go
[2026-05-21 21:59:34.877] AUTO-DISENGAGE: gear left Park (now D)
[2026-05-21 21:59:34.877] Husby was here, and we are ready to go
[2026-05-21 21:59:34.895] AUTO-DISENGAGE: gear left Park (now D)
[2026-05-21 21:59:34.896] Husby was here, and we are ready to go
[2026-05-21 21:59:34.915] AUTO-DISENGAGE: gear left Park (now D)
[2026-05-21 21:59:34.915] Husby was here, and we are ready to go
[2026-05-21 21:59:34.936] AUTO-DISENGAGE: gear left Park (now D)
[2026-05-21 21:59:34.936] Husby was here, and we are ready to go
[2026-05-21 21:59:34.939] AUTO-DISENGAGE: gear left Park (now D)
[2026-05-21 21:59:34.939] Husby was here, and we are ready to go
[2026-05-21 21:59:34.956] AUTO-DISENGAGE: gear left Park (now D)
[2026-05-21 21:59:34.956] Husby was here, and we are ready to go
[2026-05-21 21:59:34.975] AUTO-DISENGAGE: gear left Park (now D)
[2026-05-21 21:59:34.975] Husby was here, and we are ready to go
[2026-05-21 21:59:34.995] AUTO-DISENGAGE: gear left Park (now D)
[2026-05-21 21:59:34.995] Husby was here, and we are ready to go
[2026-05-21 21:59:35.016] AUTO-DISENGAGE: gear left Park (now D)
[2026-05-21 21:59:35.017] Husby was here, and we are ready to go
[2026-05-21 21:59:35.037] AUTO-DISENGAGE: gear left Park (now D)
[2026-05-21 21:59:35.037] Husby was here, and we are ready to go
[2026-05-21 21:59:35.039] AUTO-DISENGAGE: gear left Park (now D)
[2026-05-21 21:59:35.039] Husby was here, and we are ready to go
[2026-05-21 21:59:35.056] AUTO-DISENGAGE: gear left Park (now D)
[2026-05-21 21:59:35.056] Husby was here, and we are ready to go
[2026-05-21 21:59:35.079] AUTO-DISENGAGE: gear left Park (now D)
[2026-05-21 21:59:35.079] Husby was here, and we are ready to go
[2026-05-21 21:59:35.096] AUTO-DISENGAGE: gear left Park (now D)
[2026-05-21 21:59:35.096] Husby was here, and we are ready to go
[2026-05-21 21:59:35.117] AUTO-DISENGAGE: gear left Park (now D)
[2026-05-21 21:59:35.117] Husby was here, and we are ready to go
[2026-05-21 21:59:35.137] AUTO-DISENGAGE: gear left Park (now D)
[2026-05-21 21:59:35.137] Husby was here, and we are ready to go
[2026-05-21 21:59:35.139] AUTO-DISENGAGE: gear left Park (now D)
[2026-05-21 21:59:35.139] Husby was here, and we are ready to go
[2026-05-21 21:59:35.156] AUTO-DISENGAGE: gear left Park (now D)
[2026-05-21 21:59:35.156] Husby was here, and we are ready to go
[2026-05-21 21:59:35.177] AUTO-DISENGAGE: gear left Park (now D)
[2026-05-21 21:59:35.177] Husby was here, and we are ready to go
[2026-05-21 21:59:35.197] AUTO-DISENGAGE: gear left Park (now D)
[2026-05-21 21:59:35.197] Husby was here, and we are ready to go
[2026-05-21 21:59:35.216] AUTO-DISENGAGE: gear left Park (now D)
[2026-05-21 21:59:35.216] Husby was here, and we are ready to go
[2026-05-21 21:59:35.238] AUTO-DISENGAGE: gear left Park (now D)
[2026-05-21 21:59:35.238] Husby was here, and we are ready to go
[2026-05-21 21:59:35.239] AUTO-DISENGAGE: gear left Park (now D)
[2026-05-21 21:59:35.239] Husby was here, and we are ready to go
[2026-05-21 21:59:35.256] AUTO-DISENGAGE: gear left Park (now D)
[2026-05-21 21:59:35.256] Husby was here, and we are ready to go
[2026-05-21 21:59:35.277] AUTO-DISENGAGE: gear left Park (now D)
[2026-05-21 21:59:35.277] Husby was here, and we are ready to go
[2026-05-21 21:59:35.297] AUTO-DISENGAGE: gear left Park (now D)
[2026-05-21 21:59:35.297] Husby was here, and we are ready to go
[2026-05-21 21:59:35.316] AUTO-DISENGAGE: gear left Park (now D)
[2026-05-21 21:59:35.316] Husby was here, and we are ready to go
[2026-05-21 21:59:35.335] AUTO-DISENGAGE: gear left Park (now D)
[2026-05-21 21:59:35.336] Husby was here, and we are ready to go
[2026-05-21 21:59:35.339] AUTO-DISENGAGE: gear left Park (now D)
[2026-05-21 21:59:35.339] Husby was here, and we are ready to go
[2026-05-21 21:59:35.355] AUTO-DISENGAGE: gear left Park (now D)
[2026-05-21 21:59:35.355] Husby was here, and we are ready to go
[2026-05-21 21:59:35.376] AUTO-DISENGAGE: gear left Park (now D)
[2026-05-21 21:59:35.376] Husby was here, and we are ready to go
[2026-05-21 21:59:35.395] AUTO-DISENGAGE: gear left Park (now D)
[2026-05-21 21:59:35.395] Husby was here, and we are ready to go
[2026-05-21 21:59:35.416] AUTO-DISENGAGE: gear left Park (now D)
[2026-05-21 21:59:35.416] Husby was here, and we are ready to go
[2026-05-21 21:59:35.437] AUTO-DISENGAGE: gear left Park (now D)
[2026-05-21 21:59:35.437] Husby was here, and we are ready to go
[2026-05-21 21:59:35.439] AUTO-DISENGAGE: gear left Park (now D)
[2026-05-21 21:59:35.439] Husby was here, and we are ready to go
[2026-05-21 21:59:35.455] AUTO-DISENGAGE: gear left Park (now D)
[2026-05-21 21:59:35.456] Husby was here, and we are ready to go
[2026-05-21 21:59:35.477] AUTO-DISENGAGE: gear left Park (now D)
[2026-05-21 21:59:35.477] Husby was here, and we are ready to go
[2026-05-21 21:59:35.496] AUTO-DISENGAGE: gear left Park (now D)
[2026-05-21 21:59:35.496] Husby was here, and we are ready to go
[2026-05-21 21:59:35.516] AUTO-DISENGAGE: gear left Park (now D)
[2026-05-21 21:59:35.516] Husby was here, and we are ready to go
[2026-05-21 21:59:35.536] AUTO-DISENGAGE: gear left Park (now D)
[2026-05-21 21:59:35.536] Husby was here, and we are ready to go
[2026-05-21 21:59:35.539] AUTO-DISENGAGE: gear left Park (now D)
[2026-05-21 21:59:35.539] Husby was here, and we are ready to go
[2026-05-21 21:59:35.555] AUTO-DISENGAGE: gear left Park (now D)
[2026-05-21 21:59:35.556] Husby was here, and we are ready to go
[2026-05-21 21:59:35.578] AUTO-DISENGAGE: gear left Park (now D)
[2026-05-21 21:59:35.578] Husby was here, and we are ready to go
[2026-05-21 21:59:35.596] AUTO-DISENGAGE: gear left Park (now D)
[2026-05-21 21:59:35.596] Husby was here, and we are ready to go
[2026-05-21 21:59:35.618] AUTO-DISENGAGE: gear left Park (now D)
[2026-05-21 21:59:35.618] Husby was here, and we are ready to go
[2026-05-21 21:59:35.638] AUTO-DISENGAGE: gear left Park (now D)
[2026-05-21 21:59:35.638] Husby was here, and we are ready to go
[2026-05-21 21:59:35.639] AUTO-DISENGAGE: gear left Park (now D)
[2026-05-21 21:59:35.639] Husby was here, and we are ready to go
[2026-05-21 21:59:35.656] AUTO-DISENGAGE: gear left Park (now D)
[2026-05-21 21:59:35.656] Husby was here, and we are ready to go
[2026-05-21 21:59:35.677] AUTO-DISENGAGE: gear left Park (now D)
[2026-05-21 21:59:35.677] Husby was here, and we are ready to go
[2026-05-21 21:59:35.696] AUTO-DISENGAGE: gear left Park (now D)
[2026-05-21 21:59:35.696] Husby was here, and we are ready to go
[2026-05-21 21:59:35.718] AUTO-DISENGAGE: gear left Park (now D)
[2026-05-21 21:59:35.718] Husby was here, and we are ready to go
[2026-05-21 21:59:35.738] AUTO-DISENGAGE: gear left Park (now D)
[2026-05-21 21:59:35.738] Husby was here, and we are ready to go
[2026-05-21 21:59:35.739] AUTO-DISENGAGE: gear left Park (now D)
[2026-05-21 21:59:35.739] Husby was here, and we are ready to go
[2026-05-21 21:59:35.756] AUTO-DISENGAGE: gear left Park (now D)
[2026-05-21 21:59:35.756] Husby was here, and we are ready to go
[2026-05-21 21:59:35.777] AUTO-DISENGAGE: gear left Park (now D)
[2026-05-21 21:59:35.777] Husby was here, and we are ready to go
[2026-05-21 21:59:35.796] AUTO-DISENGAGE: gear left Park (now D)
[2026-05-21 21:59:35.796] Husby was here, and we are ready to go
[2026-05-21 21:59:35.816] AUTO-DISENGAGE: gear left Park (now D)
[2026-05-21 21:59:35.816] Husby was here, and we are ready to go
[2026-05-21 21:59:35.836] AUTO-DISENGAGE: gear left Park (now D)
[2026-05-21 21:59:35.836] Husby was here, and we are ready to go
[2026-05-21 21:59:35.839] AUTO-DISENGAGE: gear left Park (now D)
[2026-05-21 21:59:35.839] Husby was here, and we are ready to go
[2026-05-21 21:59:35.855] AUTO-DISENGAGE: gear left Park (now D)
[2026-05-21 21:59:35.855] Husby was here, and we are ready to go
[2026-05-21 21:59:35.875] AUTO-DISENGAGE: gear left Park (now D)
[2026-05-21 21:59:35.875] Husby was here, and we are ready to go
[2026-05-21 21:59:35.895] AUTO-DISENGAGE: gear left Park (now D)
[2026-05-21 21:59:35.895] Husby was here, and we are ready to go
[2026-05-21 21:59:35.915] AUTO-DISENGAGE: gear left Park (now D)
[2026-05-21 21:59:35.915] Husby was here, and we are ready to go
[2026-05-21 21:59:35.935] AUTO-DISENGAGE: gear left Park (now D)
[2026-05-21 21:59:35.935] Husby was here, and we are ready to go
[2026-05-21 21:59:35.939] AUTO-DISENGAGE: gear left Park (now D)
[2026-05-21 21:59:35.939] Husby was here, and we are ready to go
[2026-05-21 21:59:35.955] AUTO-DISENGAGE: gear left Park (now D)
[2026-05-21 21:59:35.955] Husby was here, and we are ready to go
[2026-05-21 21:59:35.975] AUTO-DISENGAGE: gear left Park (now D)
[2026-05-21 21:59:35.975] Husby was here, and we are ready to go
[2026-05-21 21:59:35.996] AUTO-DISENGAGE: gear left Park (now D)
[2026-05-21 21:59:35.996] Husby was here, and we are ready to go
[2026-05-21 21:59:36.016] AUTO-DISENGAGE: gear left Park (now D)
[2026-05-21 21:59:36.016] Husby was here, and we are ready to go
[2026-05-21 21:59:36.036] AUTO-DISENGAGE: gear left Park (now D)
[2026-05-21 21:59:36.037] Husby was here, and we are ready to go
[2026-05-21 21:59:36.039] AUTO-DISENGAGE: gear left Park (now D)
[2026-05-21 21:59:36.039] Husby was here, and we are ready to go
[2026-05-21 21:59:36.056] AUTO-DISENGAGE: gear left Park (now D)
[2026-05-21 21:59:36.056] Husby was here, and we are ready to go
[2026-05-21 21:59:36.077] AUTO-DISENGAGE: gear left Park (now D)
[2026-05-21 21:59:36.078] Husby was here, and we are ready to go
[2026-05-21 21:59:36.095] AUTO-DISENGAGE: gear left Park (now D)
[2026-05-21 21:59:36.095] Husby was here, and we are ready to go
[2026-05-21 21:59:36.114] AUTO-DISENGAGE: gear left Park (now D)
[2026-05-21 21:59:36.115] Husby was here, and we are ready to go
[2026-05-21 21:59:36.135] AUTO-DISENGAGE: gear left Park (now D)
[2026-05-21 21:59:36.135] Husby was here, and we are ready to go
[2026-05-21 21:59:36.139] AUTO-DISENGAGE: gear left Park (now D)
[2026-05-21 21:59:36.139] Husby was here, and we are ready to go
[2026-05-21 21:59:36.154] AUTO-DISENGAGE: gear left Park (now D)
[2026-05-21 21:59:36.155] Husby was here, and we are ready to go
[2026-05-21 21:59:36.175] AUTO-DISENGAGE: gear left Park (now D)
[2026-05-21 21:59:36.175] Husby was here, and we are ready to go
[2026-05-21 21:59:36.195] AUTO-DISENGAGE: gear left Park (now D)
[2026-05-21 21:59:36.195] Husby was here, and we are ready to go
[2026-05-21 21:59:36.215] AUTO-DISENGAGE: gear left Park (now D)
[2026-05-21 21:59:36.215] Husby was here, and we are ready to go
[2026-05-21 21:59:36.238] AUTO-DISENGAGE: gear left Park (now D)
[2026-05-21 21:59:36.238] Husby was here, and we are ready to go
[2026-05-21 21:59:36.239] AUTO-DISENGAGE: gear left Park (now D)
[2026-05-21 21:59:36.240] Husby was here, and we are ready to go
[2026-05-21 21:59:36.259] AUTO-DISENGAGE: gear left Park (now D)
[2026-05-21 21:59:36.259] Husby was here, and we are ready to go
[2026-05-21 21:59:36.278] AUTO-DISENGAGE: gear left Park (now D)
[2026-05-21 21:59:36.278] Husby was here, and we are ready to go
[2026-05-21 21:59:36.296] AUTO-DISENGAGE: gear left Park (now D)
[2026-05-21 21:59:36.296] Husby was here, and we are ready to go
[2026-05-21 21:59:36.317] AUTO-DISENGAGE: gear left Park (now D)
[2026-05-21 21:59:36.317] Husby was here, and we are ready to go
[2026-05-21 21:59:36.337] AUTO-DISENGAGE: gear left Park (now D)
[2026-05-21 21:59:36.337] Husby was here, and we are ready to go
[2026-05-21 21:59:36.340] AUTO-DISENGAGE: gear left Park (now D)
[2026-05-21 21:59:36.340] Husby was here, and we are ready to go
[2026-05-21 21:59:36.355] AUTO-DISENGAGE: gear left Park (now D)
[2026-05-21 21:59:36.355] Husby was here, and we are ready to go
[2026-05-21 21:59:36.375] AUTO-DISENGAGE: gear left Park (now D)
[2026-05-21 21:59:36.375] Husby was here, and we are ready to go
[2026-05-21 21:59:36.395] AUTO-DISENGAGE: gear left Park (now D)
[2026-05-21 21:59:36.395] Husby was here, and we are ready to go
[2026-05-21 21:59:36.414] AUTO-DISENGAGE: gear left Park (now D)
[2026-05-21 21:59:36.414] Husby was here, and we are ready to go
[2026-05-21 21:59:36.434] AUTO-DISENGAGE: gear left Park (now D)
[2026-05-21 21:59:36.434] Husby was here, and we are ready to go
[2026-05-21 21:59:36.439] AUTO-DISENGAGE: gear left Park (now D)
[2026-05-21 21:59:36.439] Husby was here, and we are ready to go
[2026-05-21 21:59:36.454] AUTO-DISENGAGE: gear left Park (now D)
[2026-05-21 21:59:36.454] Husby was here, and we are ready to go
[2026-05-21 21:59:36.475] AUTO-DISENGAGE: gear left Park (now D)
[2026-05-21 21:59:36.475] Husby was here, and we are ready to go
[2026-05-21 21:59:36.495] AUTO-DISENGAGE: gear left Park (now D)
[2026-05-21 21:59:36.495] Husby was here, and we are ready to go
[2026-05-21 21:59:36.515] AUTO-DISENGAGE: gear left Park (now D)
[2026-05-21 21:59:36.515] Husby was here, and we are ready to go
[2026-05-21 21:59:36.535] AUTO-DISENGAGE: gear left Park (now D)
[2026-05-21 21:59:36.535] Husby was here, and we are ready to go
[2026-05-21 21:59:36.539] AUTO-DISENGAGE: gear left Park (now D)
[2026-05-21 21:59:36.539] Husby was here, and we are ready to go
[2026-05-21 21:59:36.554] AUTO-DISENGAGE: gear left Park (now D)
[2026-05-21 21:59:36.554] Husby was here, and we are ready to go
[2026-05-21 21:59:36.578] AUTO-DISENGAGE: gear left Park (now D)
[2026-05-21 21:59:36.579] Husby was here, and we are ready to go
[2026-05-21 21:59:36.596] AUTO-DISENGAGE: gear left Park (now D)
[2026-05-21 21:59:36.596] Husby was here, and we are ready to go
[2026-05-21 21:59:36.617] AUTO-DISENGAGE: gear left Park (now D)
[2026-05-21 21:59:36.617] Husby was here, and we are ready to go
[2026-05-21 21:59:36.637] AUTO-DISENGAGE: gear left Park (now D)
[2026-05-21 21:59:36.638] Husby was here, and we are ready to go
[2026-05-21 21:59:36.639] AUTO-DISENGAGE: gear left Park (now D)
[2026-05-21 21:59:36.639] Husby was here, and we are ready to go
[2026-05-21 21:59:36.656] AUTO-DISENGAGE: gear left Park (now D)
[2026-05-21 21:59:36.656] Husby was here, and we are ready to go
[2026-05-21 21:59:36.677] AUTO-DISENGAGE: gear left Park (now D)
[2026-05-21 21:59:36.677] Husby was here, and we are ready to go
[2026-05-21 21:59:36.696] AUTO-DISENGAGE: gear left Park (now D)
[2026-05-21 21:59:36.697] Husby was here, and we are ready to go
[2026-05-21 21:59:36.717] AUTO-DISENGAGE: gear left Park (now D)
[2026-05-21 21:59:36.717] Husby was here, and we are ready to go
[2026-05-21 21:59:36.739] AUTO-DISENGAGE: gear left Park (now D)
[2026-05-21 21:59:36.739] Husby was here, and we are ready to go
[2026-05-21 21:59:36.740] AUTO-DISENGAGE: gear left Park (now D)
[2026-05-21 21:59:36.741] Husby was here, and we are ready to go
[2026-05-21 21:59:36.757] AUTO-DISENGAGE: gear left Park (now D)
[2026-05-21 21:59:36.757] Husby was here, and we are ready to go
[2026-05-21 21:59:36.778] AUTO-DISENGAGE: gear left Park (now D)
[2026-05-21 21:59:36.778] Husby was here, and we are ready to go
[2026-05-21 21:59:36.796] AUTO-DISENGAGE: gear left Park (now D)
[2026-05-21 21:59:36.796] Husby was here, and we are ready to go
[2026-05-21 21:59:36.815] AUTO-DISENGAGE: gear left Park (now D)
[2026-05-21 21:59:36.815] Husby was here, and we are ready to go
[2026-05-21 21:59:36.835] AUTO-DISENGAGE: gear left Park (now D)
[2026-05-21 21:59:36.835] Husby was here, and we are ready to go
[2026-05-21 21:59:36.840] AUTO-DISENGAGE: gear left Park (now D)
[2026-05-21 21:59:36.840] Husby was here, and we are ready to go
[2026-05-21 21:59:36.856] AUTO-DISENGAGE: gear left Park (now D)
[2026-05-21 21:59:36.856] Husby was here, and we are ready to go
[2026-05-21 21:59:36.875] AUTO-DISENGAGE: gear left Park (now D)
[2026-05-21 21:59:36.875] Husby was here, and we are ready to go
[2026-05-21 21:59:36.895] AUTO-DISENGAGE: gear left Park (now D)
[2026-05-21 21:59:36.895] Husby was here, and we are ready to go
[2026-05-21 21:59:36.915] AUTO-DISENGAGE: gear left Park (now D)
[2026-05-21 21:59:36.915] Husby was here, and we are ready to go
[2026-05-21 21:59:36.936] AUTO-DISENGAGE: gear left Park (now D)
[2026-05-21 21:59:36.936] Husby was here, and we are ready to go
[2026-05-21 21:59:36.940] AUTO-DISENGAGE: gear left Park (now D)
[2026-05-21 21:59:36.940] Husby was here, and we are ready to go
[2026-05-21 21:59:36.955] AUTO-DISENGAGE: gear left Park (now D)
[2026-05-21 21:59:36.956] Husby was here, and we are ready to go
[2026-05-21 21:59:36.977] AUTO-DISENGAGE: gear left Park (now D)
[2026-05-21 21:59:36.977] Husby was here, and we are ready to go
[2026-05-21 21:59:36.994] AUTO-DISENGAGE: gear left Park (now D)
[2026-05-21 21:59:36.995] Husby was here, and we are ready to go
[2026-05-21 21:59:37.015] AUTO-DISENGAGE: gear left Park (now D)
[2026-05-21 21:59:37.015] Husby was here, and we are ready to go
[2026-05-21 21:59:37.035] AUTO-DISENGAGE: gear left Park (now D)
[2026-05-21 21:59:37.035] Husby was here, and we are ready to go
[2026-05-21 21:59:37.040] AUTO-DISENGAGE: gear left Park (now D)
[2026-05-21 21:59:37.040] Husby was here, and we are ready to go
[2026-05-21 21:59:37.057] AUTO-DISENGAGE: gear left Park (now D)
[2026-05-21 21:59:37.057] Husby was here, and we are ready to go
[2026-05-21 21:59:37.075] AUTO-DISENGAGE: gear left Park (now D)
[2026-05-21 21:59:37.075] Husby was here, and we are ready to go
[2026-05-21 21:59:37.095] AUTO-DISENGAGE: gear left Park (now D)
[2026-05-21 21:59:37.095] Husby was here, and we are ready to go
[2026-05-21 21:59:37.115] AUTO-DISENGAGE: gear left Park (now D)
[2026-05-21 21:59:37.115] Husby was here, and we are ready to go
[2026-05-21 21:59:37.136] AUTO-DISENGAGE: gear left Park (now D)
[2026-05-21 21:59:37.136] Husby was here, and we are ready to go
[2026-05-21 21:59:37.140] AUTO-DISENGAGE: gear left Park (now D)
[2026-05-21 21:59:37.140] Husby was here, and we are ready to go
[2026-05-21 21:59:37.156] AUTO-DISENGAGE: gear left Park (now D)
[2026-05-21 21:59:37.156] Husby was here, and we are ready to go
[2026-05-21 21:59:37.177] AUTO-DISENGAGE: gear left Park (now D)
[2026-05-21 21:59:37.178] Husby was here, and we are ready to go
[2026-05-21 21:59:37.195] AUTO-DISENGAGE: gear left Park (now D)
[2026-05-21 21:59:37.195] Husby was here, and we are ready to go
[2026-05-21 21:59:37.216] AUTO-DISENGAGE: gear left Park (now D)
[2026-05-21 21:59:37.216] Husby was here, and we are ready to go
[2026-05-21 21:59:37.235] AUTO-DISENGAGE: gear left Park (now D)
[2026-05-21 21:59:37.235] Husby was here, and we are ready to go
[2026-05-21 21:59:37.239] AUTO-DISENGAGE: gear left Park (now D)
[2026-05-21 21:59:37.240] Husby was here, and we are ready to go
[2026-05-21 21:59:37.256] AUTO-DISENGAGE: gear left Park (now D)
[2026-05-21 21:59:37.256] Husby was here, and we are ready to go
[2026-05-21 21:59:37.275] AUTO-DISENGAGE: gear left Park (now D)
[2026-05-21 21:59:37.275] Husby was here, and we are ready to go
[2026-05-21 21:59:37.295] AUTO-DISENGAGE: gear left Park (now D)
[2026-05-21 21:59:37.295] Husby was here, and we are ready to go
[2026-05-21 21:59:37.316] AUTO-DISENGAGE: gear left Park (now D)
[2026-05-21 21:59:37.316] Husby was here, and we are ready to go
[2026-05-21 21:59:37.336] AUTO-DISENGAGE: gear left Park (now D)
[2026-05-21 21:59:37.336] Husby was here, and we are ready to go
[2026-05-21 21:59:37.342] AUTO-DISENGAGE: gear left Park (now D)
[2026-05-21 21:59:37.342] Husby was here, and we are ready to go
[2026-05-21 21:59:37.356] AUTO-DISENGAGE: gear left Park (now D)
[2026-05-21 21:59:37.356] Husby was here, and we are ready to go
[2026-05-21 21:59:37.377] AUTO-DISENGAGE: gear left Park (now D)
[2026-05-21 21:59:37.377] Husby was here, and we are ready to go
[2026-05-21 21:59:37.395] AUTO-DISENGAGE: gear left Park (now D)
[2026-05-21 21:59:37.396] Husby was here, and we are ready to go
[2026-05-21 21:59:37.416] AUTO-DISENGAGE: gear left Park (now D)
[2026-05-21 21:59:37.416] Husby was here, and we are ready to go
[2026-05-21 21:59:37.437] AUTO-DISENGAGE: gear left Park (now D)
[2026-05-21 21:59:37.437] Husby was here, and we are ready to go
[2026-05-21 21:59:37.441] AUTO-DISENGAGE: gear left Park (now D)
[2026-05-21 21:59:37.441] Husby was here, and we are ready to go
[2026-05-21 21:59:37.456] AUTO-DISENGAGE: gear left Park (now D)
[2026-05-21 21:59:37.456] Husby was here, and we are ready to go
[2026-05-21 21:59:37.476] AUTO-DISENGAGE: gear left Park (now D)
[2026-05-21 21:59:37.476] Husby was here, and we are ready to go
[2026-05-21 21:59:37.496] AUTO-DISENGAGE: gear left Park (now D)
[2026-05-21 21:59:37.496] Husby was here, and we are ready to go
[2026-05-21 21:59:37.517] AUTO-DISENGAGE: gear left Park (now D)
[2026-05-21 21:59:37.517] Husby was here, and we are ready to go
[2026-05-21 21:59:37.538] AUTO-DISENGAGE: gear left Park (now D)
[2026-05-21 21:59:37.538] Husby was here, and we are ready to go
[2026-05-21 21:59:37.540] AUTO-DISENGAGE: gear left Park (now D)
[2026-05-21 21:59:37.540] Husby was here, and we are ready to go
[2026-05-21 21:59:37.556] AUTO-DISENGAGE: gear left Park (now D)
[2026-05-21 21:59:37.556] Husby was here, and we are ready to go
[2026-05-21 21:59:37.576] AUTO-DISENGAGE: gear left Park (now D)
[2026-05-21 21:59:37.576] Husby was here, and we are ready to go
[2026-05-21 21:59:37.595] AUTO-DISENGAGE: gear left Park (now D)
[2026-05-21 21:59:37.595] Husby was here, and we are ready to go
[2026-05-21 21:59:37.615] AUTO-DISENGAGE: gear left Park (now D)
[2026-05-21 21:59:37.616] Husby was here, and we are ready to go
[2026-05-21 21:59:37.636] AUTO-DISENGAGE: gear left Park (now D)
[2026-05-21 21:59:37.636] Husby was here, and we are ready to go
[2026-05-21 21:59:37.640] AUTO-DISENGAGE: gear left Park (now D)
[2026-05-21 21:59:37.640] Husby was here, and we are ready to go
[2026-05-21 21:59:37.655] AUTO-DISENGAGE: gear left Park (now D)
[2026-05-21 21:59:37.656] Husby was here, and we are ready to go
[2026-05-21 21:59:37.676] AUTO-DISENGAGE: gear left Park (now D)
[2026-05-21 21:59:37.676] Husby was here, and we are ready to go
[2026-05-21 21:59:37.696] AUTO-DISENGAGE: gear left Park (now D)
[2026-05-21 21:59:37.696] Husby was here, and we are ready to go
[2026-05-21 21:59:37.716] AUTO-DISENGAGE: gear left Park (now D)
[2026-05-21 21:59:37.716] Husby was here, and we are ready to go
[2026-05-21 21:59:37.738] AUTO-DISENGAGE: gear left Park (now D)
[2026-05-21 21:59:37.738] Husby was here, and we are ready to go
[2026-05-21 21:59:37.740] AUTO-DISENGAGE: gear left Park (now D)
[2026-05-21 21:59:37.740] Husby was here, and we are ready to go
[2026-05-21 21:59:37.756] AUTO-DISENGAGE: gear left Park (now D)
[2026-05-21 21:59:37.757] Husby was here, and we are ready to go
[2026-05-21 21:59:37.778] AUTO-DISENGAGE: gear left Park (now D)
[2026-05-21 21:59:37.778] Husby was here, and we are ready to go
[2026-05-21 21:59:37.796] AUTO-DISENGAGE: gear left Park (now D)
[2026-05-21 21:59:37.796] Husby was here, and we are ready to go
[2026-05-21 21:59:37.817] AUTO-DISENGAGE: gear left Park (now D)
[2026-05-21 21:59:37.817] Husby was here, and we are ready to go
[2026-05-21 21:59:37.837] AUTO-DISENGAGE: gear left Park (now D)
[2026-05-21 21:59:37.838] Husby was here, and we are ready to go
[2026-05-21 21:59:37.840] AUTO-DISENGAGE: gear left Park (now D)
[2026-05-21 21:59:37.840] Husby was here, and we are ready to go
[2026-05-21 21:59:37.856] AUTO-DISENGAGE: gear left Park (now D)
[2026-05-21 21:59:37.856] Husby was here, and we are ready to go
[2026-05-21 21:59:37.877] AUTO-DISENGAGE: gear left Park (now D)
[2026-05-21 21:59:37.877] Husby was here, and we are ready to go
[2026-05-21 21:59:37.896] AUTO-DISENGAGE: gear left Park (now D)
[2026-05-21 21:59:37.896] Husby was here, and we are ready to go
[2026-05-21 21:59:37.915] AUTO-DISENGAGE: gear left Park (now D)
[2026-05-21 21:59:37.915] Husby was here, and we are ready to go
[2026-05-21 21:59:37.936] AUTO-DISENGAGE: gear left Park (now D)
[2026-05-21 21:59:37.936] Husby was here, and we are ready to go
[2026-05-21 21:59:37.941] AUTO-DISENGAGE: gear left Park (now D)
[2026-05-21 21:59:37.941] Husby was here, and we are ready to go
[2026-05-21 21:59:37.956] AUTO-DISENGAGE: gear left Park (now D)
[2026-05-21 21:59:37.956] Husby was here, and we are ready to go
[2026-05-21 21:59:37.978] AUTO-DISENGAGE: gear left Park (now D)
[2026-05-21 21:59:37.978] Husby was here, and we are ready to go
[2026-05-21 21:59:37.997] AUTO-DISENGAGE: gear left Park (now D)
[2026-05-21 21:59:37.997] Husby was here, and we are ready to go
[2026-05-21 21:59:38.016] AUTO-DISENGAGE: gear left Park (now D)
[2026-05-21 21:59:38.016] Husby was here, and we are ready to go
[2026-05-21 21:59:38.035] AUTO-DISENGAGE: gear left Park (now D)
[2026-05-21 21:59:38.036] Husby was here, and we are ready to go
[2026-05-21 21:59:38.040] AUTO-DISENGAGE: gear left Park (now D)
[2026-05-21 21:59:38.040] Husby was here, and we are ready to go
[2026-05-21 21:59:38.055] AUTO-DISENGAGE: gear left Park (now D)
[2026-05-21 21:59:38.056] Husby was here, and we are ready to go
[2026-05-21 21:59:38.075] AUTO-DISENGAGE: gear left Park (now D)
[2026-05-21 21:59:38.076] Husby was here, and we are ready to go
[2026-05-21 21:59:38.096] AUTO-DISENGAGE: gear left Park (now D)
[2026-05-21 21:59:38.097] Husby was here, and we are ready to go
[2026-05-21 21:59:38.115] AUTO-DISENGAGE: gear left Park (now D)
[2026-05-21 21:59:38.115] Husby was here, and we are ready to go
[2026-05-21 21:59:38.135] AUTO-DISENGAGE: gear left Park (now D)
[2026-05-21 21:59:38.135] Husby was here, and we are ready to go
[2026-05-21 21:59:38.140] AUTO-DISENGAGE: gear left Park (now D)
[2026-05-21 21:59:38.140] Husby was here, and we are ready to go
[2026-05-21 21:59:38.155] AUTO-DISENGAGE: gear left Park (now D)
[2026-05-21 21:59:38.155] Husby was here, and we are ready to go
[2026-05-21 21:59:38.176] AUTO-DISENGAGE: gear left Park (now D)
[2026-05-21 21:59:38.177] Husby was here, and we are ready to go
[2026-05-21 21:59:38.196] AUTO-DISENGAGE: gear left Park (now D)
[2026-05-21 21:59:38.196] Husby was here, and we are ready to go
[2026-05-21 21:59:38.215] AUTO-DISENGAGE: gear left Park (now D)
[2026-05-21 21:59:38.216] Husby was here, and we are ready to go
[2026-05-21 21:59:38.236] AUTO-DISENGAGE: gear left Park (now D)
[2026-05-21 21:59:38.236] Husby was here, and we are ready to go
[2026-05-21 21:59:38.240] AUTO-DISENGAGE: gear left Park (now D)
[2026-05-21 21:59:38.240] Husby was here, and we are ready to go
[2026-05-21 21:59:38.257] AUTO-DISENGAGE: gear left Park (now D)
[2026-05-21 21:59:38.258] Husby was here, and we are ready to go
[2026-05-21 21:59:38.279] AUTO-DISENGAGE: gear left Park (now D)
[2026-05-21 21:59:38.279] Husby was here, and we are ready to go
[2026-05-21 21:59:38.296] AUTO-DISENGAGE: gear left Park (now D)
[2026-05-21 21:59:38.296] Husby was here, and we are ready to go
[2026-05-21 21:59:38.317] AUTO-DISENGAGE: gear left Park (now D)
[2026-05-21 21:59:38.317] Husby was here, and we are ready to go
[2026-05-21 21:59:38.336] AUTO-DISENGAGE: gear left Park (now D)
[2026-05-21 21:59:38.336] Husby was here, and we are ready to go
[2026-05-21 21:59:38.340] AUTO-DISENGAGE: gear left Park (now D)
[2026-05-21 21:59:38.340] Husby was here, and we are ready to go
[2026-05-21 21:59:38.356] AUTO-DISENGAGE: gear left Park (now D)
[2026-05-21 21:59:38.356] Husby was here, and we are ready to go
[2026-05-21 21:59:38.376] AUTO-DISENGAGE: gear left Park (now D)
[2026-05-21 21:59:38.376] Husby was here, and we are ready to go
[2026-05-21 21:59:38.395] AUTO-DISENGAGE: gear left Park (now D)
[2026-05-21 21:59:38.395] Husby was here, and we are ready to go
[2026-05-21 21:59:38.415] AUTO-DISENGAGE: gear left Park (now D)
[2026-05-21 21:59:38.415] Husby was here, and we are ready to go
[2026-05-21 21:59:38.435] AUTO-DISENGAGE: gear left Park (now D)
[2026-05-21 21:59:38.435] Husby was here, and we are ready to go
[2026-05-21 21:59:38.440] AUTO-DISENGAGE: gear left Park (now D)
[2026-05-21 21:59:38.440] Husby was here, and we are ready to go
[2026-05-21 21:59:38.455] AUTO-DISENGAGE: gear left Park (now D)
[2026-05-21 21:59:38.455] Husby was here, and we are ready to go
[2026-05-21 21:59:38.475] AUTO-DISENGAGE: gear left Park (now D)
[2026-05-21 21:59:38.475] Husby was here, and we are ready to go
[2026-05-21 21:59:38.495] AUTO-DISENGAGE: gear left Park (now D)
[2026-05-21 21:59:38.495] Husby was here, and we are ready to go
[2026-05-21 21:59:38.518] AUTO-DISENGAGE: gear left Park (now D)
[2026-05-21 21:59:38.518] Husby was here, and we are ready to go
[2026-05-21 21:59:38.539] AUTO-DISENGAGE: gear left Park (now D)
[2026-05-21 21:59:38.539] Husby was here, and we are ready to go
[2026-05-21 21:59:38.544] AUTO-DISENGAGE: gear left Park (now D)
[2026-05-21 21:59:38.544] Husby was here, and we are ready to go
[2026-05-21 21:59:38.556] AUTO-DISENGAGE: gear left Park (now D)
[2026-05-21 21:59:38.556] Husby was here, and we are ready to go
[2026-05-21 21:59:38.582] AUTO-DISENGAGE: gear left Park (now D)
[2026-05-21 21:59:38.582] Husby was here, and we are ready to go
[2026-05-21 21:59:38.597] AUTO-DISENGAGE: gear left Park (now D)
[2026-05-21 21:59:38.597] Husby was here, and we are ready to go
[2026-05-21 21:59:38.616] AUTO-DISENGAGE: gear left Park (now D)
[2026-05-21 21:59:38.616] Husby was here, and we are ready to go
[2026-05-21 21:59:38.638] AUTO-DISENGAGE: gear left Park (now D)
[2026-05-21 21:59:38.638] Husby was here, and we are ready to go
[2026-05-21 21:59:38.640] AUTO-DISENGAGE: gear left Park (now D)
[2026-05-21 21:59:38.640] Husby was here, and we are ready to go
[2026-05-21 21:59:38.656] AUTO-DISENGAGE: gear left Park (now D)
[2026-05-21 21:59:38.656] Husby was here, and we are ready to go
[2026-05-21 21:59:38.677] AUTO-DISENGAGE: gear left Park (now D)
[2026-05-21 21:59:38.677] Husby was here, and we are ready to go
[2026-05-21 21:59:38.696] AUTO-DISENGAGE: gear left Park (now D)
[2026-05-21 21:59:38.696] Husby was here, and we are ready to go
[2026-05-21 21:59:38.716] AUTO-DISENGAGE: gear left Park (now D)
[2026-05-21 21:59:38.716] Husby was here, and we are ready to go
[2026-05-21 21:59:38.737] AUTO-DISENGAGE: gear left Park (now D)
[2026-05-21 21:59:38.737] Husby was here, and we are ready to go
[2026-05-21 21:59:38.740] AUTO-DISENGAGE: gear left Park (now D)
[2026-05-21 21:59:38.740] Husby was here, and we are ready to go
[2026-05-21 21:59:38.756] AUTO-DISENGAGE: gear left Park (now D)
[2026-05-21 21:59:38.756] Husby was here, and we are ready to go
[2026-05-21 21:59:38.777] AUTO-DISENGAGE: gear left Park (now D)
[2026-05-21 21:59:38.778] Husby was here, and we are ready to go
[2026-05-21 21:59:38.797] AUTO-DISENGAGE: gear left Park (now D)
[2026-05-21 21:59:38.797] Husby was here, and we are ready to go
[2026-05-21 21:59:38.817] AUTO-DISENGAGE: gear left Park (now D)
[2026-05-21 21:59:38.817] Husby was here, and we are ready to go
[2026-05-21 21:59:38.838] AUTO-DISENGAGE: gear left Park (now D)
[2026-05-21 21:59:38.838] Husby was here, and we are ready to go
[2026-05-21 21:59:38.840] AUTO-DISENGAGE: gear left Park (now D)
[2026-05-21 21:59:38.840] Husby was here, and we are ready to go
[2026-05-21 21:59:38.857] AUTO-DISENGAGE: gear left Park (now D)
[2026-05-21 21:59:38.857] Husby was here, and we are ready to go
[2026-05-21 21:59:38.879] AUTO-DISENGAGE: gear left Park (now D)
[2026-05-21 21:59:38.879] Husby was here, and we are ready to go
[2026-05-21 21:59:38.897] AUTO-DISENGAGE: gear left Park (now D)
[2026-05-21 21:59:38.897] Husby was here, and we are ready to go
[2026-05-21 21:59:38.917] AUTO-DISENGAGE: gear left Park (now D)
[2026-05-21 21:59:38.917] Husby was here, and we are ready to go
[2026-05-21 21:59:38.936] AUTO-DISENGAGE: gear left Park (now D)
[2026-05-21 21:59:38.936] Husby was here, and we are ready to go
[2026-05-21 21:59:38.940] AUTO-DISENGAGE: gear left Park (now D)
[2026-05-21 21:59:38.940] Husby was here, and we are ready to go
[2026-05-21 21:59:38.956] AUTO-DISENGAGE: gear left Park (now D)
[2026-05-21 21:59:38.956] Husby was here, and we are ready to go
[2026-05-21 21:59:38.977] AUTO-DISENGAGE: gear left Park (now D)
[2026-05-21 21:59:38.977] Husby was here, and we are ready to go
[2026-05-21 21:59:38.995] AUTO-DISENGAGE: gear left Park (now D)
[2026-05-21 21:59:38.995] Husby was here, and we are ready to go
[2026-05-21 21:59:39.015] AUTO-DISENGAGE: gear left Park (now D)
[2026-05-21 21:59:39.015] Husby was here, and we are ready to go
[2026-05-21 21:59:39.036] AUTO-DISENGAGE: gear left Park (now D)
[2026-05-21 21:59:39.036] Husby was here, and we are ready to go
[2026-05-21 21:59:39.040] AUTO-DISENGAGE: gear left Park (now D)
[2026-05-21 21:59:39.040] Husby was here, and we are ready to go
[2026-05-21 21:59:39.055] AUTO-DISENGAGE: gear left Park (now D)
[2026-05-21 21:59:39.056] Husby was here, and we are ready to go
[2026-05-21 21:59:39.075] AUTO-DISENGAGE: gear left Park (now D)
[2026-05-21 21:59:39.076] Husby was here, and we are ready to go
[2026-05-21 21:59:39.095] AUTO-DISENGAGE: gear left Park (now D)
[2026-05-21 21:59:39.095] Husby was here, and we are ready to go
[2026-05-21 21:59:39.117] AUTO-DISENGAGE: gear left Park (now D)
[2026-05-21 21:59:39.118] Husby was here, and we are ready to go
[2026-05-21 21:59:39.137] AUTO-DISENGAGE: gear left Park (now D)
[2026-05-21 21:59:39.137] Husby was here, and we are ready to go
[2026-05-21 21:59:39.140] AUTO-DISENGAGE: gear left Park (now D)
[2026-05-21 21:59:39.140] Husby was here, and we are ready to go
[2026-05-21 21:59:39.157] AUTO-DISENGAGE: gear left Park (now D)
[2026-05-21 21:59:39.157] Husby was here, and we are ready to go
[2026-05-21 21:59:39.176] AUTO-DISENGAGE: gear left Park (now D)
[2026-05-21 21:59:39.176] Husby was here, and we are ready to go
[2026-05-21 21:59:39.196] AUTO-DISENGAGE: gear left Park (now D)
[2026-05-21 21:59:39.196] Husby was here, and we are ready to go
[2026-05-21 21:59:39.216] AUTO-DISENGAGE: gear left Park (now D)
[2026-05-21 21:59:39.216] Husby was here, and we are ready to go
[2026-05-21 21:59:39.237] AUTO-DISENGAGE: gear left Park (now D)
[2026-05-21 21:59:39.237] Husby was here, and we are ready to go
[2026-05-21 21:59:39.242] AUTO-DISENGAGE: gear left Park (now D)
[2026-05-21 21:59:39.242] Husby was here, and we are ready to go
[2026-05-21 21:59:39.256] AUTO-DISENGAGE: gear left Park (now D)
[2026-05-21 21:59:39.256] Husby was here, and we are ready to go
[2026-05-21 21:59:39.277] AUTO-DISENGAGE: gear left Park (now D)
[2026-05-21 21:59:39.277] Husby was here, and we are ready to go
[2026-05-21 21:59:39.297] AUTO-DISENGAGE: gear left Park (now D)
[2026-05-21 21:59:39.297] Husby was here, and we are ready to go
[2026-05-21 21:59:39.317] AUTO-DISENGAGE: gear left Park (now D)
[2026-05-21 21:59:39.318] Husby was here, and we are ready to go
[2026-05-21 21:59:39.338] AUTO-DISENGAGE: gear left Park (now D)
[2026-05-21 21:59:39.338] Husby was here, and we are ready to go
[2026-05-21 21:59:39.340] AUTO-DISENGAGE: gear left Park (now D)
[2026-05-21 21:59:39.340] Husby was here, and we are ready to go
[2026-05-21 21:59:39.358] AUTO-DISENGAGE: gear left Park (now D)
[2026-05-21 21:59:39.358] Husby was here, and we are ready to go
[2026-05-21 21:59:39.377] AUTO-DISENGAGE: gear left Park (now D)
[2026-05-21 21:59:39.377] Husby was here, and we are ready to go
[2026-05-21 21:59:39.397] AUTO-DISENGAGE: gear left Park (now D)
[2026-05-21 21:59:39.397] Husby was here, and we are ready to go
[2026-05-21 21:59:39.416] AUTO-DISENGAGE: gear left Park (now D)
[2026-05-21 21:59:39.416] Husby was here, and we are ready to go
[2026-05-21 21:59:39.436] AUTO-DISENGAGE: gear left Park (now D)
[2026-05-21 21:59:39.436] Husby was here, and we are ready to go
[2026-05-21 21:59:39.440] AUTO-DISENGAGE: gear left Park (now D)
[2026-05-21 21:59:39.440] Husby was here, and we are ready to go
[2026-05-21 21:59:39.457] AUTO-DISENGAGE: gear left Park (now D)
[2026-05-21 21:59:39.457] Husby was here, and we are ready to go
[2026-05-21 21:59:39.481] AUTO-DISENGAGE: gear left Park (now D)
[2026-05-21 21:59:39.482] Husby was here, and we are ready to go
[2026-05-21 21:59:39.496] AUTO-DISENGAGE: gear left Park (now D)
[2026-05-21 21:59:39.496] Husby was here, and we are ready to go
[2026-05-21 21:59:39.516] AUTO-DISENGAGE: gear left Park (now D)
[2026-05-21 21:59:39.516] Husby was here, and we are ready to go
[2026-05-21 21:59:39.538] AUTO-DISENGAGE: gear left Park (now D)
[2026-05-21 21:59:39.538] Husby was here, and we are ready to go
[2026-05-21 21:59:39.540] AUTO-DISENGAGE: gear left Park (now D)
[2026-05-21 21:59:39.541] Husby was here, and we are ready to go
[2026-05-21 21:59:39.557] AUTO-DISENGAGE: gear left Park (now D)
[2026-05-21 21:59:39.557] Husby was here, and we are ready to go
[2026-05-21 21:59:39.578] AUTO-DISENGAGE: gear left Park (now D)
[2026-05-21 21:59:39.578] Husby was here, and we are ready to go
[2026-05-21 21:59:39.596] AUTO-DISENGAGE: gear left Park (now D)
[2026-05-21 21:59:39.596] Husby was here, and we are ready to go
[2026-05-21 21:59:39.615] AUTO-DISENGAGE: gear left Park (now D)
[2026-05-21 21:59:39.615] Husby was here, and we are ready to go
[2026-05-21 21:59:39.635] AUTO-DISENGAGE: gear left Park (now D)
[2026-05-21 21:59:39.635] Husby was here, and we are ready to go
[2026-05-21 21:59:39.640] AUTO-DISENGAGE: gear left Park (now D)
[2026-05-21 21:59:39.640] Husby was here, and we are ready to go
[2026-05-21 21:59:39.656] AUTO-DISENGAGE: gear left Park (now D)
[2026-05-21 21:59:39.656] Husby was here, and we are ready to go
[2026-05-21 21:59:39.675] AUTO-DISENGAGE: gear left Park (now D)
[2026-05-21 21:59:39.675] Husby was here, and we are ready to go
[2026-05-21 21:59:39.695] AUTO-DISENGAGE: gear left Park (now D)
[2026-05-21 21:59:39.695] Husby was here, and we are ready to go
[2026-05-21 21:59:39.716] AUTO-DISENGAGE: gear left Park (now D)
[2026-05-21 21:59:39.716] Husby was here, and we are ready to go
[2026-05-21 21:59:39.736] AUTO-DISENGAGE: gear left Park (now D)
[2026-05-21 21:59:39.736] Husby was here, and we are ready to go
[2026-05-21 21:59:39.740] AUTO-DISENGAGE: gear left Park (now D)
[2026-05-21 21:59:39.740] Husby was here, and we are ready to go
[2026-05-21 21:59:39.756] AUTO-DISENGAGE: gear left Park (now D)
[2026-05-21 21:59:39.756] Husby was here, and we are ready to go
[2026-05-21 21:59:39.776] AUTO-DISENGAGE: gear left Park (now D)
[2026-05-21 21:59:39.776] Husby was here, and we are ready to go
[2026-05-21 21:59:39.795] AUTO-DISENGAGE: gear left Park (now D)
[2026-05-21 21:59:39.795] Husby was here, and we are ready to go
[2026-05-21 21:59:39.815] AUTO-DISENGAGE: gear left Park (now D)
[2026-05-21 21:59:39.815] Husby was here, and we are ready to go
[2026-05-21 21:59:39.836] AUTO-DISENGAGE: gear left Park (now D)
[2026-05-21 21:59:39.836] Husby was here, and we are ready to go
[2026-05-21 21:59:39.840] AUTO-DISENGAGE: gear left Park (now D)
[2026-05-21 21:59:39.840] Husby was here, and we are ready to go
[2026-05-21 21:59:39.856] AUTO-DISENGAGE: gear left Park (now D)
[2026-05-21 21:59:39.856] Husby was here, and we are ready to go
[2026-05-21 21:59:39.876] AUTO-DISENGAGE: gear left Park (now D)
[2026-05-21 21:59:39.876] Husby was here, and we are ready to go
[2026-05-21 21:59:39.895] AUTO-DISENGAGE: gear left Park (now D)
[2026-05-21 21:59:39.895] Husby was here, and we are ready to go
[2026-05-21 21:59:39.918] AUTO-DISENGAGE: gear left Park (now D)
[2026-05-21 21:59:39.918] Husby was here, and we are ready to go
[2026-05-21 21:59:39.938] AUTO-DISENGAGE: gear left Park (now D)
[2026-05-21 21:59:39.938] Husby was here, and we are ready to go
[2026-05-21 21:59:39.940] AUTO-DISENGAGE: gear left Park (now D)
[2026-05-21 21:59:39.941] Husby was here, and we are ready to go
[2026-05-21 21:59:39.956] AUTO-DISENGAGE: gear left Park (now D)
[2026-05-21 21:59:39.956] Husby was here, and we are ready to go
[2026-05-21 21:59:39.976] AUTO-DISENGAGE: gear left Park (now D)
[2026-05-21 21:59:39.976] Husby was here, and we are ready to go
[2026-05-21 21:59:39.996] AUTO-DISENGAGE: gear left Park (now D)
[2026-05-21 21:59:39.996] Husby was here, and we are ready to go
[2026-05-21 21:59:40.016] AUTO-DISENGAGE: gear left Park (now D)
[2026-05-21 21:59:40.016] Husby was here, and we are ready to go
[2026-05-21 21:59:40.036] AUTO-DISENGAGE: gear left Park (now D)
[2026-05-21 21:59:40.036] Husby was here, and we are ready to go
[2026-05-21 21:59:40.040] AUTO-DISENGAGE: gear left Park (now D)
[2026-05-21 21:59:40.040] Husby was here, and we are ready to go
[2026-05-21 21:59:40.056] AUTO-DISENGAGE: gear left Park (now D)
[2026-05-21 21:59:40.056] Husby was here, and we are ready to go
[2026-05-21 21:59:40.076] AUTO-DISENGAGE: gear left Park (now D)
[2026-05-21 21:59:40.076] Husby was here, and we are ready to go
[2026-05-21 21:59:40.095] AUTO-DISENGAGE: gear left Park (now D)
[2026-05-21 21:59:40.096] Husby was here, and we are ready to go
[2026-05-21 21:59:40.116] AUTO-DISENGAGE: gear left Park (now D)
[2026-05-21 21:59:40.116] Husby was here, and we are ready to go
[2026-05-21 21:59:40.135] AUTO-DISENGAGE: gear left Park (now D)
[2026-05-21 21:59:40.135] Husby was here, and we are ready to go
[2026-05-21 21:59:40.140] AUTO-DISENGAGE: gear left Park (now D)
[2026-05-21 21:59:40.140] Husby was here, and we are ready to go
[2026-05-21 21:59:40.155] AUTO-DISENGAGE: gear left Park (now D)
[2026-05-21 21:59:40.155] Husby was here, and we are ready to go
[2026-05-21 21:59:40.175] AUTO-DISENGAGE: gear left Park (now D)
[2026-05-21 21:59:40.176] Husby was here, and we are ready to go
[2026-05-21 21:59:40.195] AUTO-DISENGAGE: gear left Park (now D)
[2026-05-21 21:59:40.196] Husby was here, and we are ready to go
[2026-05-21 21:59:40.216] AUTO-DISENGAGE: gear left Park (now D)
[2026-05-21 21:59:40.216] Husby was here, and we are ready to go
[2026-05-21 21:59:40.236] AUTO-DISENGAGE: gear left Park (now D)
[2026-05-21 21:59:40.236] Husby was here, and we are ready to go
[2026-05-21 21:59:40.240] AUTO-DISENGAGE: gear left Park (now D)
[2026-05-21 21:59:40.240] Husby was here, and we are ready to go
[2026-05-21 21:59:40.256] AUTO-DISENGAGE: gear left Park (now D)
[2026-05-21 21:59:40.257] Husby was here, and we are ready to go
[2026-05-21 21:59:40.276] AUTO-DISENGAGE: gear left Park (now D)
[2026-05-21 21:59:40.276] Husby was here, and we are ready to go
[2026-05-21 21:59:40.295] AUTO-DISENGAGE: gear left Park (now D)
[2026-05-21 21:59:40.295] Husby was here, and we are ready to go
[2026-05-21 21:59:40.316] AUTO-DISENGAGE: gear left Park (now D)
[2026-05-21 21:59:40.316] Husby was here, and we are ready to go
[2026-05-21 21:59:40.335] AUTO-DISENGAGE: gear left Park (now D)
[2026-05-21 21:59:40.335] Husby was here, and we are ready to go
[2026-05-21 21:59:40.340] AUTO-DISENGAGE: gear left Park (now D)
[2026-05-21 21:59:40.340] Husby was here, and we are ready to go
[2026-05-21 21:59:40.355] AUTO-DISENGAGE: gear left Park (now D)
[2026-05-21 21:59:40.355] Husby was here, and we are ready to go
[2026-05-21 21:59:40.381] AUTO-DISENGAGE: gear left Park (now D)
[2026-05-21 21:59:40.381] Husby was here, and we are ready to go
[2026-05-21 21:59:40.400] AUTO-DISENGAGE: gear left Park (now D)
[2026-05-21 21:59:40.400] Husby was here, and we are ready to go
[2026-05-21 21:59:40.426] AUTO-DISENGAGE: gear left Park (now D)
[2026-05-21 21:59:40.426] Husby was here, and we are ready to go
[2026-05-21 21:59:40.441] AUTO-DISENGAGE: gear left Park (now D)
[2026-05-21 21:59:40.441] Husby was here, and we are ready to go
[2026-05-21 21:59:40.444] AUTO-DISENGAGE: gear left Park (now D)
[2026-05-21 21:59:40.444] Husby was here, and we are ready to go
[2026-05-21 21:59:40.465] AUTO-DISENGAGE: gear left Park (now D)
[2026-05-21 21:59:40.465] Husby was here, and we are ready to go
[2026-05-21 21:59:40.486] AUTO-DISENGAGE: gear left Park (now D)
[2026-05-21 21:59:40.486] Husby was here, and we are ready to go
[2026-05-21 21:59:40.505] AUTO-DISENGAGE: gear left Park (now D)
[2026-05-21 21:59:40.505] Husby was here, and we are ready to go
[2026-05-21 21:59:40.525] AUTO-DISENGAGE: gear left Park (now D)
[2026-05-21 21:59:40.525] Husby was here, and we are ready to go
[2026-05-21 21:59:40.541] AUTO-DISENGAGE: gear left Park (now D)
[2026-05-21 21:59:40.541] Husby was here, and we are ready to go
[2026-05-21 21:59:40.544] AUTO-DISENGAGE: gear left Park (now D)
[2026-05-21 21:59:40.544] Husby was here, and we are ready to go
[2026-05-21 21:59:40.564] AUTO-DISENGAGE: gear left Park (now D)
[2026-05-21 21:59:40.564] Husby was here, and we are ready to go
[2026-05-21 21:59:40.584] AUTO-DISENGAGE: gear left Park (now D)
[2026-05-21 21:59:40.584] Husby was here, and we are ready to go
[2026-05-21 21:59:40.604] AUTO-DISENGAGE: gear left Park (now D)
[2026-05-21 21:59:40.605] Husby was here, and we are ready to go
[2026-05-21 21:59:40.625] AUTO-DISENGAGE: gear left Park (now D)
[2026-05-21 21:59:40.625] Husby was here, and we are ready to go
[2026-05-21 21:59:40.640] AUTO-DISENGAGE: gear left Park (now D)
[2026-05-21 21:59:40.640] Husby was here, and we are ready to go
[2026-05-21 21:59:40.644] AUTO-DISENGAGE: gear left Park (now D)
[2026-05-21 21:59:40.644] Husby was here, and we are ready to go
[2026-05-21 21:59:40.665] AUTO-DISENGAGE: gear left Park (now D)
[2026-05-21 21:59:40.665] Husby was here, and we are ready to go
[2026-05-21 21:59:40.684] AUTO-DISENGAGE: gear left Park (now D)
[2026-05-21 21:59:40.684] Husby was here, and we are ready to go
[2026-05-21 21:59:40.705] AUTO-DISENGAGE: gear left Park (now D)
[2026-05-21 21:59:40.705] Husby was here, and we are ready to go
[2026-05-21 21:59:40.725] AUTO-DISENGAGE: gear left Park (now D)
[2026-05-21 21:59:40.725] Husby was here, and we are ready to go
[2026-05-21 21:59:40.741] AUTO-DISENGAGE: gear left Park (now D)
[2026-05-21 21:59:40.741] Husby was here, and we are ready to go
[2026-05-21 21:59:40.744] AUTO-DISENGAGE: gear left Park (now D)
[2026-05-21 21:59:40.744] Husby was here, and we are ready to go
[2026-05-21 21:59:40.765] AUTO-DISENGAGE: gear left Park (now D)
[2026-05-21 21:59:40.765] Husby was here, and we are ready to go
[2026-05-21 21:59:40.784] AUTO-DISENGAGE: gear left Park (now D)
[2026-05-21 21:59:40.785] Husby was here, and we are ready to go
[2026-05-21 21:59:40.804] AUTO-DISENGAGE: gear left Park (now D)
[2026-05-21 21:59:40.804] Husby was here, and we are ready to go
[2026-05-21 21:59:40.825] AUTO-DISENGAGE: gear left Park (now D)
[2026-05-21 21:59:40.825] Husby was here, and we are ready to go
[2026-05-21 21:59:40.840] AUTO-DISENGAGE: gear left Park (now D)
[2026-05-21 21:59:40.840] Husby was here, and we are ready to go
[2026-05-21 21:59:40.844] AUTO-DISENGAGE: gear left Park (now D)
[2026-05-21 21:59:40.844] Husby was here, and we are ready to go
[2026-05-21 21:59:40.865] AUTO-DISENGAGE: gear left Park (now D)
[2026-05-21 21:59:40.865] Husby was here, and we are ready to go
[2026-05-21 21:59:40.885] AUTO-DISENGAGE: gear left Park (now D)
[2026-05-21 21:59:40.885] Husby was here, and we are ready to go
[2026-05-21 21:59:40.905] AUTO-DISENGAGE: gear left Park (now D)
[2026-05-21 21:59:40.906] Husby was here, and we are ready to go
[2026-05-21 21:59:40.925] AUTO-DISENGAGE: gear left Park (now D)
[2026-05-21 21:59:40.926] Husby was here, and we are ready to go
[2026-05-21 21:59:40.941] AUTO-DISENGAGE: gear left Park (now D)
[2026-05-21 21:59:40.941] Husby was here, and we are ready to go
[2026-05-21 21:59:40.944] AUTO-DISENGAGE: gear left Park (now D)
[2026-05-21 21:59:40.944] Husby was here, and we are ready to go
[2026-05-21 21:59:40.965] AUTO-DISENGAGE: gear left Park (now D)
[2026-05-21 21:59:40.965] Husby was here, and we are ready to go
[2026-05-21 21:59:40.985] AUTO-DISENGAGE: gear left Park (now D)
[2026-05-21 21:59:40.985] Husby was here, and we are ready to go
[2026-05-21 21:59:41.005] AUTO-DISENGAGE: gear left Park (now D)
[2026-05-21 21:59:41.005] Husby was here, and we are ready to go
[2026-05-21 21:59:41.025] AUTO-DISENGAGE: gear left Park (now D)
[2026-05-21 21:59:41.025] Husby was here, and we are ready to go
[2026-05-21 21:59:41.041] AUTO-DISENGAGE: gear left Park (now D)
[2026-05-21 21:59:41.041] Husby was here, and we are ready to go
[2026-05-21 21:59:41.044] AUTO-DISENGAGE: gear left Park (now D)
[2026-05-21 21:59:41.044] Husby was here, and we are ready to go
[2026-05-21 21:59:41.067] AUTO-DISENGAGE: gear left Park (now D)
[2026-05-21 21:59:41.067] Husby was here, and we are ready to go
[2026-05-21 21:59:41.089] AUTO-DISENGAGE: gear left Park (now D)
[2026-05-21 21:59:41.090] Husby was here, and we are ready to go
[2026-05-21 21:59:41.108] AUTO-DISENGAGE: gear left Park (now D)
[2026-05-21 21:59:41.109] Husby was here, and we are ready to go
[2026-05-21 21:59:41.126] AUTO-DISENGAGE: gear left Park (now D)
[2026-05-21 21:59:41.126] Husby was here, and we are ready to go
[2026-05-21 21:59:41.141] AUTO-DISENGAGE: gear left Park (now D)
[2026-05-21 21:59:41.142] Husby was here, and we are ready to go
[2026-05-21 21:59:41.145] AUTO-DISENGAGE: gear left Park (now D)
[2026-05-21 21:59:41.145] Husby was here, and we are ready to go
[2026-05-21 21:59:41.165] AUTO-DISENGAGE: gear left Park (now D)
[2026-05-21 21:59:41.165] Husby was here, and we are ready to go
[2026-05-21 21:59:41.186] AUTO-DISENGAGE: gear left Park (now D)
[2026-05-21 21:59:41.187] Husby was here, and we are ready to go
[2026-05-21 21:59:41.206] AUTO-DISENGAGE: gear left Park (now D)
[2026-05-21 21:59:41.207] Husby was here, and we are ready to go
[2026-05-21 21:59:41.227] AUTO-DISENGAGE: gear left Park (now D)
[2026-05-21 21:59:41.227] Husby was here, and we are ready to go
[2026-05-21 21:59:41.241] AUTO-DISENGAGE: gear left Park (now D)
[2026-05-21 21:59:41.241] Husby was here, and we are ready to go
[2026-05-21 21:59:41.244] AUTO-DISENGAGE: gear left Park (now D)
[2026-05-21 21:59:41.244] Husby was here, and we are ready to go
[2026-05-21 21:59:41.265] AUTO-DISENGAGE: gear left Park (now D)
[2026-05-21 21:59:41.265] Husby was here, and we are ready to go
[2026-05-21 21:59:41.285] AUTO-DISENGAGE: gear left Park (now D)
[2026-05-21 21:59:41.285] Husby was here, and we are ready to go
[2026-05-21 21:59:41.305] AUTO-DISENGAGE: gear left Park (now D)
[2026-05-21 21:59:41.305] Husby was here, and we are ready to go
[2026-05-21 21:59:41.325] AUTO-DISENGAGE: gear left Park (now D)
[2026-05-21 21:59:41.325] Husby was here, and we are ready to go
[2026-05-21 21:59:41.341] AUTO-DISENGAGE: gear left Park (now D)
[2026-05-21 21:59:41.341] Husby was here, and we are ready to go
[2026-05-21 21:59:41.344] AUTO-DISENGAGE: gear left Park (now D)
[2026-05-21 21:59:41.344] Husby was here, and we are ready to go
[2026-05-21 21:59:41.367] AUTO-DISENGAGE: gear left Park (now D)
[2026-05-21 21:59:41.367] Husby was here, and we are ready to go
[2026-05-21 21:59:41.387] AUTO-DISENGAGE: gear left Park (now D)
[2026-05-21 21:59:41.388] Husby was here, and we are ready to go
[2026-05-21 21:59:41.406] AUTO-DISENGAGE: gear left Park (now D)
[2026-05-21 21:59:41.406] Husby was here, and we are ready to go
[2026-05-21 21:59:41.425] AUTO-DISENGAGE: gear left Park (now D)
[2026-05-21 21:59:41.425] Husby was here, and we are ready to go
[2026-05-21 21:59:41.441] AUTO-DISENGAGE: gear left Park (now D)
[2026-05-21 21:59:41.441] Husby was here, and we are ready to go
[2026-05-21 21:59:41.444] AUTO-DISENGAGE: gear left Park (now D)
[2026-05-21 21:59:41.445] Husby was here, and we are ready to go
[2026-05-21 21:59:41.467] AUTO-DISENGAGE: gear left Park (now D)
[2026-05-21 21:59:41.467] Husby was here, and we are ready to go
[2026-05-21 21:59:41.487] AUTO-DISENGAGE: gear left Park (now D)
[2026-05-21 21:59:41.487] Husby was here, and we are ready to go
[2026-05-21 21:59:41.506] AUTO-DISENGAGE: gear left Park (now D)
[2026-05-21 21:59:41.507] Husby was here, and we are ready to go
[2026-05-21 21:59:41.527] AUTO-DISENGAGE: gear left Park (now D)
[2026-05-21 21:59:41.527] Husby was here, and we are ready to go
[2026-05-21 21:59:41.540] AUTO-DISENGAGE: gear left Park (now D)
[2026-05-21 21:59:41.540] Husby was here, and we are ready to go
[2026-05-21 21:59:41.545] AUTO-DISENGAGE: gear left Park (now D)
[2026-05-21 21:59:41.545] Husby was here, and we are ready to go
[2026-05-21 21:59:41.565] AUTO-DISENGAGE: gear left Park (now D)
[2026-05-21 21:59:41.565] Husby was here, and we are ready to go
[2026-05-21 21:59:41.586] AUTO-DISENGAGE: gear left Park (now D)
[2026-05-21 21:59:41.586] Husby was here, and we are ready to go
[2026-05-21 21:59:41.605] AUTO-DISENGAGE: gear left Park (now D)
[2026-05-21 21:59:41.605] Husby was here, and we are ready to go
[2026-05-21 21:59:41.626] AUTO-DISENGAGE: gear left Park (now D)
[2026-05-21 21:59:41.626] Husby was here, and we are ready to go
[2026-05-21 21:59:41.640] AUTO-DISENGAGE: gear left Park (now D)
[2026-05-21 21:59:41.640] Husby was here, and we are ready to go
[2026-05-21 21:59:41.645] AUTO-DISENGAGE: gear left Park (now D)
[2026-05-21 21:59:41.645] Husby was here, and we are ready to go
[2026-05-21 21:59:41.666] AUTO-DISENGAGE: gear left Park (now D)
[2026-05-21 21:59:41.666] Husby was here, and we are ready to go
[2026-05-21 21:59:41.685] AUTO-DISENGAGE: gear left Park (now D)
[2026-05-21 21:59:41.685] Husby was here, and we are ready to go
[2026-05-21 21:59:41.705] AUTO-DISENGAGE: gear left Park (now D)
[2026-05-21 21:59:41.705] Husby was here, and we are ready to go
[2026-05-21 21:59:41.727] AUTO-DISENGAGE: gear left Park (now D)
[2026-05-21 21:59:41.727] Husby was here, and we are ready to go
[2026-05-21 21:59:41.741] AUTO-DISENGAGE: gear left Park (now D)
[2026-05-21 21:59:41.741] Husby was here, and we are ready to go
[2026-05-21 21:59:41.745] AUTO-DISENGAGE: gear left Park (now D)
[2026-05-21 21:59:41.745] Husby was here, and we are ready to go
[2026-05-21 21:59:41.766] AUTO-DISENGAGE: gear left Park (now D)
[2026-05-21 21:59:41.766] Husby was here, and we are ready to go
[2026-05-21 21:59:41.786] AUTO-DISENGAGE: gear left Park (now D)
[2026-05-21 21:59:41.786] Husby was here, and we are ready to go
[2026-05-21 21:59:41.805] AUTO-DISENGAGE: gear left Park (now D)
[2026-05-21 21:59:41.806] Husby was here, and we are ready to go
[2026-05-21 21:59:41.826] AUTO-DISENGAGE: gear left Park (now D)
[2026-05-21 21:59:41.826] Husby was here, and we are ready to go
[2026-05-21 21:59:41.841] AUTO-DISENGAGE: gear left Park (now D)
[2026-05-21 21:59:41.841] Husby was here, and we are ready to go
[2026-05-21 21:59:41.845] AUTO-DISENGAGE: gear left Park (now D)
[2026-05-21 21:59:41.845] Husby was here, and we are ready to go
[2026-05-21 21:59:41.866] AUTO-DISENGAGE: gear left Park (now D)
[2026-05-21 21:59:41.866] Husby was here, and we are ready to go
[2026-05-21 21:59:41.886] AUTO-DISENGAGE: gear left Park (now D)
[2026-05-21 21:59:41.886] Husby was here, and we are ready to go
[2026-05-21 21:59:41.910] AUTO-DISENGAGE: gear left Park (now D)
[2026-05-21 21:59:41.910] Husby was here, and we are ready to go
[2026-05-21 21:59:41.930] AUTO-DISENGAGE: gear left Park (now D)
[2026-05-21 21:59:41.930] Husby was here, and we are ready to go
[2026-05-21 21:59:41.941] AUTO-DISENGAGE: gear left Park (now D)
[2026-05-21 21:59:41.941] Husby was here, and we are ready to go
[2026-05-21 21:59:41.949] AUTO-DISENGAGE: gear left Park (now D)
[2026-05-21 21:59:41.949] Husby was here, and we are ready to go
[2026-05-21 21:59:41.970] AUTO-DISENGAGE: gear left Park (now D)
[2026-05-21 21:59:41.970] Husby was here, and we are ready to go
[2026-05-21 21:59:41.989] AUTO-DISENGAGE: gear left Park (now D)
[2026-05-21 21:59:41.989] Husby was here, and we are ready to go
[2026-05-21 21:59:42.010] AUTO-DISENGAGE: gear left Park (now D)
[2026-05-21 21:59:42.010] Husby was here, and we are ready to go
[2026-05-21 21:59:42.030] AUTO-DISENGAGE: gear left Park (now D)
[2026-05-21 21:59:42.030] Husby was here, and we are ready to go
[2026-05-21 21:59:42.041] AUTO-DISENGAGE: gear left Park (now D)
[2026-05-21 21:59:42.041] Husby was here, and we are ready to go
[2026-05-21 21:59:42.049] AUTO-DISENGAGE: gear left Park (now D)
[2026-05-21 21:59:42.049] Husby was here, and we are ready to go
[2026-05-21 21:59:42.070] AUTO-DISENGAGE: gear left Park (now D)
[2026-05-21 21:59:42.070] Husby was here, and we are ready to go
[2026-05-21 21:59:42.089] AUTO-DISENGAGE: gear left Park (now D)
[2026-05-21 21:59:42.089] Husby was here, and we are ready to go
[2026-05-21 21:59:42.109] AUTO-DISENGAGE: gear left Park (now D)
[2026-05-21 21:59:42.109] Husby was here, and we are ready to go
[2026-05-21 21:59:42.130] AUTO-DISENGAGE: gear left Park (now D)
[2026-05-21 21:59:42.130] Husby was here, and we are ready to go
[2026-05-21 21:59:42.141] AUTO-DISENGAGE: gear left Park (now D)
[2026-05-21 21:59:42.141] Husby was here, and we are ready to go
[2026-05-21 21:59:42.149] AUTO-DISENGAGE: gear left Park (now D)
[2026-05-21 21:59:42.149] Husby was here, and we are ready to go
[2026-05-21 21:59:42.170] AUTO-DISENGAGE: gear left Park (now D)
[2026-05-21 21:59:42.170] Husby was here, and we are ready to go
[2026-05-21 21:59:42.192] AUTO-DISENGAGE: gear left Park (now D)
[2026-05-21 21:59:42.193] Husby was here, and we are ready to go
[2026-05-21 21:59:42.213] AUTO-DISENGAGE: gear left Park (now D)
[2026-05-21 21:59:42.213] Husby was here, and we are ready to go
[2026-05-21 21:59:42.235] AUTO-DISENGAGE: gear left Park (now D)
[2026-05-21 21:59:42.236] Husby was here, and we are ready to go
[2026-05-21 21:59:42.240] AUTO-DISENGAGE: gear left Park (now D)
[2026-05-21 21:59:42.241] Husby was here, and we are ready to go
[2026-05-21 21:59:42.256] AUTO-DISENGAGE: gear left Park (now D)
[2026-05-21 21:59:42.256] Husby was here, and we are ready to go
[2026-05-21 21:59:42.274] AUTO-DISENGAGE: gear left Park (now D)
[2026-05-21 21:59:42.274] Husby was here, and we are ready to go
[2026-05-21 21:59:42.293] AUTO-DISENGAGE: gear left Park (now D)
[2026-05-21 21:59:42.293] Husby was here, and we are ready to go
[2026-05-21 21:59:42.314] AUTO-DISENGAGE: gear left Park (now D)
[2026-05-21 21:59:42.314] Husby was here, and we are ready to go
[2026-05-21 21:59:42.335] AUTO-DISENGAGE: gear left Park (now D)
[2026-05-21 21:59:42.336] Husby was here, and we are ready to go
[2026-05-21 21:59:42.340] AUTO-DISENGAGE: gear left Park (now D)
[2026-05-21 21:59:42.341] Husby was here, and we are ready to go
[2026-05-21 21:59:42.353] AUTO-DISENGAGE: gear left Park (now D)
[2026-05-21 21:59:42.354] Husby was here, and we are ready to go
[2026-05-21 21:59:42.376] AUTO-DISENGAGE: gear left Park (now D)
[2026-05-21 21:59:42.376] Husby was here, and we are ready to go
[2026-05-21 21:59:42.395] AUTO-DISENGAGE: gear left Park (now D)
[2026-05-21 21:59:42.395] Husby was here, and we are ready to go
[2026-05-21 21:59:42.413] AUTO-DISENGAGE: gear left Park (now D)
[2026-05-21 21:59:42.413] Husby was here, and we are ready to go
[2026-05-21 21:59:42.433] AUTO-DISENGAGE: gear left Park (now D)
[2026-05-21 21:59:42.433] Husby was here, and we are ready to go
[2026-05-21 21:59:42.441] AUTO-DISENGAGE: gear left Park (now D)
[2026-05-21 21:59:42.441] Husby was here, and we are ready to go
[2026-05-21 21:59:42.452] AUTO-DISENGAGE: gear left Park (now D)
[2026-05-21 21:59:42.452] Husby was here, and we are ready to go
[2026-05-21 21:59:42.478] AUTO-DISENGAGE: gear left Park (now D)
[2026-05-21 21:59:42.478] Husby was here, and we are ready to go
[2026-05-21 21:59:42.498] AUTO-DISENGAGE: gear left Park (now D)
[2026-05-21 21:59:42.498] Husby was here, and we are ready to go
[2026-05-21 21:59:42.518] AUTO-DISENGAGE: gear left Park (now D)
[2026-05-21 21:59:42.518] Husby was here, and we are ready to go
[2026-05-21 21:59:42.538] AUTO-DISENGAGE: gear left Park (now D)
[2026-05-21 21:59:42.538] Husby was here, and we are ready to go
[2026-05-21 21:59:42.540] AUTO-DISENGAGE: gear left Park (now D)
[2026-05-21 21:59:42.540] Husby was here, and we are ready to go
[2026-05-21 21:59:42.557] AUTO-DISENGAGE: gear left Park (now D)
[2026-05-21 21:59:42.557] Husby was here, and we are ready to go
[2026-05-21 21:59:42.578] AUTO-DISENGAGE: gear left Park (now D)
[2026-05-21 21:59:42.578] Husby was here, and we are ready to go
[2026-05-21 21:59:42.598] AUTO-DISENGAGE: gear left Park (now D)
[2026-05-21 21:59:42.598] Husby was here, and we are ready to go
[2026-05-21 21:59:42.623] AUTO-DISENGAGE: gear left Park (now D)
[2026-05-21 21:59:42.623] Husby was here, and we are ready to go
[2026-05-21 21:59:42.638] AUTO-DISENGAGE: gear left Park (now D)
[2026-05-21 21:59:42.638] Husby was here, and we are ready to go
[2026-05-21 21:59:42.640] AUTO-DISENGAGE: gear left Park (now D)
[2026-05-21 21:59:42.640] Husby was here, and we are ready to go
[2026-05-21 21:59:42.658] AUTO-DISENGAGE: gear left Park (now D)
[2026-05-21 21:59:42.658] Husby was here, and we are ready to go
[2026-05-21 21:59:42.681] AUTO-DISENGAGE: gear left Park (now D)
[2026-05-21 21:59:42.682] Husby was here, and we are ready to go
[2026-05-21 21:59:42.698] AUTO-DISENGAGE: gear left Park (now D)
[2026-05-21 21:59:42.698] Husby was here, and we are ready to go
[2026-05-21 21:59:42.722] AUTO-DISENGAGE: gear left Park (now D)
[2026-05-21 21:59:42.723] Husby was here, and we are ready to go
[2026-05-21 21:59:42.738] AUTO-DISENGAGE: gear left Park (now D)
[2026-05-21 21:59:42.738] Husby was here, and we are ready to go
[2026-05-21 21:59:42.742] AUTO-DISENGAGE: gear left Park (now D)
[2026-05-21 21:59:42.742] Husby was here, and we are ready to go
[2026-05-21 21:59:42.758] AUTO-DISENGAGE: gear left Park (now D)
[2026-05-21 21:59:42.758] Husby was here, and we are ready to go
[2026-05-21 21:59:42.782] AUTO-DISENGAGE: gear left Park (now D)
[2026-05-21 21:59:42.782] Husby was here, and we are ready to go
[2026-05-21 21:59:42.800] AUTO-DISENGAGE: gear left Park (now D)
[2026-05-21 21:59:42.801] Husby was here, and we are ready to go
[2026-05-21 21:59:42.821] AUTO-DISENGAGE: gear left Park (now D)
[2026-05-21 21:59:42.821] Husby was here, and we are ready to go
[2026-05-21 21:59:42.841] AUTO-DISENGAGE: gear left Park (now D)
[2026-05-21 21:59:42.841] Husby was here, and we are ready to go
[2026-05-21 21:59:42.842] AUTO-DISENGAGE: gear left Park (now D)
[2026-05-21 21:59:42.842] Husby was here, and we are ready to go
[2026-05-21 21:59:42.859] AUTO-DISENGAGE: gear left Park (now D)
[2026-05-21 21:59:42.859] Husby was here, and we are ready to go
[2026-05-21 21:59:42.885] AUTO-DISENGAGE: gear left Park (now D)
[2026-05-21 21:59:42.885] Husby was here, and we are ready to go
[2026-05-21 21:59:42.905] AUTO-DISENGAGE: gear left Park (now D)
[2026-05-21 21:59:42.905] Husby was here, and we are ready to go
[2026-05-21 21:59:42.925] AUTO-DISENGAGE: gear left Park (now D)
[2026-05-21 21:59:42.925] Husby was here, and we are ready to go
[2026-05-21 21:59:42.943] AUTO-DISENGAGE: gear left Park (now D)
[2026-05-21 21:59:42.943] Husby was here, and we are ready to go
[2026-05-21 21:59:42.944] AUTO-DISENGAGE: gear left Park (now D)
[2026-05-21 21:59:42.944] Husby was here, and we are ready to go
[2026-05-21 21:59:42.965] AUTO-DISENGAGE: gear left Park (now D)
[2026-05-21 21:59:42.965] Husby was here, and we are ready to go
[2026-05-21 21:59:42.986] AUTO-DISENGAGE: gear left Park (now D)
[2026-05-21 21:59:42.986] Husby was here, and we are ready to go
[2026-05-21 21:59:43.007] AUTO-DISENGAGE: gear left Park (now D)
[2026-05-21 21:59:43.008] Husby was here, and we are ready to go
[2026-05-21 21:59:43.027] AUTO-DISENGAGE: gear left Park (now D)
[2026-05-21 21:59:43.027] Husby was here, and we are ready to go
[2026-05-21 21:59:43.045] AUTO-DISENGAGE: gear left Park (now D)
[2026-05-21 21:59:43.045] Husby was here, and we are ready to go
[2026-05-21 21:59:43.046] AUTO-DISENGAGE: gear left Park (now D)
[2026-05-21 21:59:43.046] Husby was here, and we are ready to go
[2026-05-21 21:59:43.066] AUTO-DISENGAGE: gear left Park (now D)
[2026-05-21 21:59:43.066] Husby was here, and we are ready to go
[2026-05-21 21:59:43.086] AUTO-DISENGAGE: gear left Park (now D)
[2026-05-21 21:59:43.086] Husby was here, and we are ready to go
[2026-05-21 21:59:43.107] AUTO-DISENGAGE: gear left Park (now D)
[2026-05-21 21:59:43.107] Husby was here, and we are ready to go
[2026-05-21 21:59:43.126] AUTO-DISENGAGE: gear left Park (now D)
[2026-05-21 21:59:43.126] Husby was here, and we are ready to go
[2026-05-21 21:59:43.143] AUTO-DISENGAGE: gear left Park (now D)
[2026-05-21 21:59:43.143] Husby was here, and we are ready to go
[2026-05-21 21:59:43.145] AUTO-DISENGAGE: gear left Park (now D)
[2026-05-21 21:59:43.145] Husby was here, and we are ready to go
[2026-05-21 21:59:43.166] AUTO-DISENGAGE: gear left Park (now D)
[2026-05-21 21:59:43.167] Husby was here, and we are ready to go
[2026-05-21 21:59:43.186] AUTO-DISENGAGE: gear left Park (now D)
[2026-05-21 21:59:43.186] Husby was here, and we are ready to go
[2026-05-21 21:59:43.206] AUTO-DISENGAGE: gear left Park (now D)
[2026-05-21 21:59:43.206] Husby was here, and we are ready to go
[2026-05-21 21:59:43.228] AUTO-DISENGAGE: gear left Park (now D)
[2026-05-21 21:59:43.229] Husby was here, and we are ready to go
[2026-05-21 21:59:43.245] AUTO-DISENGAGE: gear left Park (now D)
[2026-05-21 21:59:43.246] Husby was here, and we are ready to go
[2026-05-21 21:59:43.246] AUTO-DISENGAGE: gear left Park (now D)
[2026-05-21 21:59:43.246] Husby was here, and we are ready to go
[2026-05-21 21:59:43.267] AUTO-DISENGAGE: gear left Park (now D)
[2026-05-21 21:59:43.268] Husby was here, and we are ready to go
[2026-05-21 21:59:43.287] AUTO-DISENGAGE: gear left Park (now D)
[2026-05-21 21:59:43.287] Husby was here, and we are ready to go
[2026-05-21 21:59:43.307] AUTO-DISENGAGE: gear left Park (now D)
[2026-05-21 21:59:43.307] Husby was here, and we are ready to go
[2026-05-21 21:59:43.327] AUTO-DISENGAGE: gear left Park (now D)
[2026-05-21 21:59:43.327] Husby was here, and we are ready to go
[2026-05-21 21:59:43.344] AUTO-DISENGAGE: gear left Park (now D)
[2026-05-21 21:59:43.344] Husby was here, and we are ready to go
[2026-05-21 21:59:43.346] AUTO-DISENGAGE: gear left Park (now D)
[2026-05-21 21:59:43.346] Husby was here, and we are ready to go
[2026-05-21 21:59:43.367] AUTO-DISENGAGE: gear left Park (now D)
[2026-05-21 21:59:43.367] Husby was here, and we are ready to go
[2026-05-21 21:59:43.387] AUTO-DISENGAGE: gear left Park (now D)
[2026-05-21 21:59:43.387] Husby was here, and we are ready to go
[2026-05-21 21:59:43.407] AUTO-DISENGAGE: gear left Park (now D)
[2026-05-21 21:59:43.408] Husby was here, and we are ready to go
[2026-05-21 21:59:43.427] AUTO-DISENGAGE: gear left Park (now D)
[2026-05-21 21:59:43.427] Husby was here, and we are ready to go
[2026-05-21 21:59:43.443] AUTO-DISENGAGE: gear left Park (now D)
[2026-05-21 21:59:43.444] Husby was here, and we are ready to go
[2026-05-21 21:59:43.446] AUTO-DISENGAGE: gear left Park (now D)
[2026-05-21 21:59:43.446] Husby was here, and we are ready to go
[2026-05-21 21:59:43.467] AUTO-DISENGAGE: gear left Park (now D)
[2026-05-21 21:59:43.467] Husby was here, and we are ready to go
[2026-05-21 21:59:43.487] AUTO-DISENGAGE: gear left Park (now D)
[2026-05-21 21:59:43.488] Husby was here, and we are ready to go
[2026-05-21 21:59:43.509] AUTO-DISENGAGE: gear left Park (now D)
[2026-05-21 21:59:43.509] Husby was here, and we are ready to go
[2026-05-21 21:59:43.528] AUTO-DISENGAGE: gear left Park (now D)
[2026-05-21 21:59:43.529] Husby was here, and we are ready to go
[2026-05-21 21:59:43.544] AUTO-DISENGAGE: gear left Park (now D)
[2026-05-21 21:59:43.545] Husby was here, and we are ready to go
[2026-05-21 21:59:43.546] AUTO-DISENGAGE: gear left Park (now D)
[2026-05-21 21:59:43.546] Husby was here, and we are ready to go
[2026-05-21 21:59:43.567] AUTO-DISENGAGE: gear left Park (now D)
[2026-05-21 21:59:43.567] Husby was here, and we are ready to go
[2026-05-21 21:59:43.588] AUTO-DISENGAGE: gear left Park (now D)
[2026-05-21 21:59:43.588] Husby was here, and we are ready to go
[2026-05-21 21:59:43.608] AUTO-DISENGAGE: gear left Park (now D)
[2026-05-21 21:59:43.608] Husby was here, and we are ready to go
[2026-05-21 21:59:43.627] AUTO-DISENGAGE: gear left Park (now D)
[2026-05-21 21:59:43.627] Husby was here, and we are ready to go
[2026-05-21 21:59:43.643] AUTO-DISENGAGE: gear left Park (now D)
[2026-05-21 21:59:43.644] Husby was here, and we are ready to go
[2026-05-21 21:59:43.646] AUTO-DISENGAGE: gear left Park (now D)
[2026-05-21 21:59:43.646] Husby was here, and we are ready to go
[2026-05-21 21:59:43.667] AUTO-DISENGAGE: gear left Park (now D)
[2026-05-21 21:59:43.668] Husby was here, and we are ready to go
[2026-05-21 21:59:43.688] AUTO-DISENGAGE: gear left Park (now D)
[2026-05-21 21:59:43.689] Husby was here, and we are ready to go
[2026-05-21 21:59:43.711] AUTO-DISENGAGE: gear left Park (now D)
[2026-05-21 21:59:43.711] Husby was here, and we are ready to go
[2026-05-21 21:59:43.730] AUTO-DISENGAGE: gear left Park (now D)
[2026-05-21 21:59:43.730] Husby was here, and we are ready to go
[2026-05-21 21:59:43.744] AUTO-DISENGAGE: gear left Park (now D)
[2026-05-21 21:59:43.744] Husby was here, and we are ready to go
[2026-05-21 21:59:43.746] AUTO-DISENGAGE: gear left Park (now D)
[2026-05-21 21:59:43.746] Husby was here, and we are ready to go
[2026-05-21 21:59:43.767] AUTO-DISENGAGE: gear left Park (now D)
[2026-05-21 21:59:43.767] Husby was here, and we are ready to go
[2026-05-21 21:59:43.787] AUTO-DISENGAGE: gear left Park (now D)
[2026-05-21 21:59:43.787] Husby was here, and we are ready to go
[2026-05-21 21:59:43.809] AUTO-DISENGAGE: gear left Park (now D)
[2026-05-21 21:59:43.809] Husby was here, and we are ready to go
[2026-05-21 21:59:43.827] AUTO-DISENGAGE: gear left Park (now D)
[2026-05-21 21:59:43.827] Husby was here, and we are ready to go
[2026-05-21 21:59:43.842] AUTO-DISENGAGE: gear left Park (now D)
[2026-05-21 21:59:43.843] Husby was here, and we are ready to go
[2026-05-21 21:59:43.846] AUTO-DISENGAGE: gear left Park (now D)
[2026-05-21 21:59:43.846] Husby was here, and we are ready to go
[2026-05-21 21:59:43.867] AUTO-DISENGAGE: gear left Park (now D)
[2026-05-21 21:59:43.867] Husby was here, and we are ready to go
[2026-05-21 21:59:43.887] AUTO-DISENGAGE: gear left Park (now D)
[2026-05-21 21:59:43.887] Husby was here, and we are ready to go
[2026-05-21 21:59:43.907] AUTO-DISENGAGE: gear left Park (now D)
[2026-05-21 21:59:43.907] Husby was here, and we are ready to go
[2026-05-21 21:59:43.927] AUTO-DISENGAGE: gear left Park (now D)
[2026-05-21 21:59:43.927] Husby was here, and we are ready to go
[2026-05-21 21:59:43.946] AUTO-DISENGAGE: gear left Park (now D)
[2026-05-21 21:59:43.946] Husby was here, and we are ready to go
[2026-05-21 21:59:43.946] AUTO-DISENGAGE: gear left Park (now D)
[2026-05-21 21:59:43.946] Husby was here, and we are ready to go
[2026-05-21 21:59:43.968] AUTO-DISENGAGE: gear left Park (now D)
[2026-05-21 21:59:43.968] Husby was here, and we are ready to go
[2026-05-21 21:59:43.987] AUTO-DISENGAGE: gear left Park (now D)
[2026-05-21 21:59:43.987] Husby was here, and we are ready to go
[2026-05-21 21:59:44.011] AUTO-DISENGAGE: gear left Park (now D)
[2026-05-21 21:59:44.011] Husby was here, and we are ready to go
[2026-05-21 21:59:44.031] AUTO-DISENGAGE: gear left Park (now D)
[2026-05-21 21:59:44.031] Husby was here, and we are ready to go
[2026-05-21 21:59:44.046] AUTO-DISENGAGE: gear left Park (now D)
[2026-05-21 21:59:44.046] Husby was here, and we are ready to go
[2026-05-21 21:59:44.048] AUTO-DISENGAGE: gear left Park (now D)
[2026-05-21 21:59:44.048] Husby was here, and we are ready to go
[2026-05-21 21:59:44.072] AUTO-DISENGAGE: gear left Park (now D)
[2026-05-21 21:59:44.073] Husby was here, and we are ready to go
[2026-05-21 21:59:44.089] AUTO-DISENGAGE: gear left Park (now D)
[2026-05-21 21:59:44.090] Husby was here, and we are ready to go
[2026-05-21 21:59:44.110] AUTO-DISENGAGE: gear left Park (now D)
[2026-05-21 21:59:44.110] Husby was here, and we are ready to go
[2026-05-21 21:59:44.131] AUTO-DISENGAGE: gear left Park (now D)
[2026-05-21 21:59:44.132] Husby was here, and we are ready to go
[2026-05-21 21:59:44.144] AUTO-DISENGAGE: gear left Park (now D)
[2026-05-21 21:59:44.144] Husby was here, and we are ready to go
[2026-05-21 21:59:44.149] AUTO-DISENGAGE: gear left Park (now D)
[2026-05-21 21:59:44.149] Husby was here, and we are ready to go
[2026-05-21 21:59:44.173] AUTO-DISENGAGE: gear left Park (now D)
[2026-05-21 21:59:44.173] Husby was here, and we are ready to go
[2026-05-21 21:59:44.191] AUTO-DISENGAGE: gear left Park (now D)
[2026-05-21 21:59:44.191] Husby was here, and we are ready to go
[2026-05-21 21:59:44.216] AUTO-DISENGAGE: gear left Park (now D)
[2026-05-21 21:59:44.216] Husby was here, and we are ready to go
[2026-05-21 21:59:44.233] AUTO-DISENGAGE: gear left Park (now D)
[2026-05-21 21:59:44.234] Husby was here, and we are ready to go
[2026-05-21 21:59:44.245] AUTO-DISENGAGE: gear left Park (now D)
[2026-05-21 21:59:44.245] Husby was here, and we are ready to go
[2026-05-21 21:59:44.251] AUTO-DISENGAGE: gear left Park (now D)
[2026-05-21 21:59:44.252] Husby was here, and we are ready to go
[2026-05-21 21:59:44.275] AUTO-DISENGAGE: gear left Park (now D)
[2026-05-21 21:59:44.276] Husby was here, and we are ready to go
[2026-05-21 21:59:44.297] AUTO-DISENGAGE: gear left Park (now D)
[2026-05-21 21:59:44.297] Husby was here, and we are ready to go
[2026-05-21 21:59:44.315] AUTO-DISENGAGE: gear left Park (now D)
[2026-05-21 21:59:44.315] Husby was here, and we are ready to go
[2026-05-21 21:59:44.332] AUTO-DISENGAGE: gear left Park (now D)
[2026-05-21 21:59:44.332] Husby was here, and we are ready to go
[2026-05-21 21:59:44.345] AUTO-DISENGAGE: gear left Park (now D)
[2026-05-21 21:59:44.345] Husby was here, and we are ready to go
[2026-05-21 21:59:44.351] AUTO-DISENGAGE: gear left Park (now D)
[2026-05-21 21:59:44.352] Husby was here, and we are ready to go
[2026-05-21 21:59:44.372] AUTO-DISENGAGE: gear left Park (now D)
[2026-05-21 21:59:44.372] Husby was here, and we are ready to go
[2026-05-21 21:59:44.392] AUTO-DISENGAGE: gear left Park (now D)
[2026-05-21 21:59:44.392] Husby was here, and we are ready to go
[2026-05-21 21:59:44.412] AUTO-DISENGAGE: gear left Park (now D)
[2026-05-21 21:59:44.412] Husby was here, and we are ready to go
[2026-05-21 21:59:44.436] AUTO-DISENGAGE: gear left Park (now D)
[2026-05-21 21:59:44.436] Husby was here, and we are ready to go
[2026-05-21 21:59:44.444] AUTO-DISENGAGE: gear left Park (now D)
[2026-05-21 21:59:44.444] Husby was here, and we are ready to go
[2026-05-21 21:59:44.452] AUTO-DISENGAGE: gear left Park (now D)
[2026-05-21 21:59:44.452] Husby was here, and we are ready to go
[2026-05-21 21:59:44.475] AUTO-DISENGAGE: gear left Park (now D)
[2026-05-21 21:59:44.476] Husby was here, and we are ready to go
[2026-05-21 21:59:44.496] AUTO-DISENGAGE: gear left Park (now D)
[2026-05-21 21:59:44.496] Husby was here, and we are ready to go
[2026-05-21 21:59:44.513] AUTO-DISENGAGE: gear left Park (now D)
[2026-05-21 21:59:44.513] Husby was here, and we are ready to go
[2026-05-21 21:59:44.536] AUTO-DISENGAGE: gear left Park (now D)
[2026-05-21 21:59:44.536] Husby was here, and we are ready to go
[2026-05-21 21:59:44.543] AUTO-DISENGAGE: gear left Park (now D)
[2026-05-21 21:59:44.543] Husby was here, and we are ready to go
[2026-05-21 21:59:44.552] AUTO-DISENGAGE: gear left Park (now D)
[2026-05-21 21:59:44.552] Husby was here, and we are ready to go
[2026-05-21 21:59:44.575] AUTO-DISENGAGE: gear left Park (now D)
[2026-05-21 21:59:44.575] Husby was here, and we are ready to go
[2026-05-21 21:59:44.592] AUTO-DISENGAGE: gear left Park (now D)
[2026-05-21 21:59:44.592] Husby was here, and we are ready to go
[2026-05-21 21:59:44.614] AUTO-DISENGAGE: gear left Park (now D)
[2026-05-21 21:59:44.614] Husby was here, and we are ready to go
[2026-05-21 21:59:44.634] AUTO-DISENGAGE: gear left Park (now D)
[2026-05-21 21:59:44.634] Husby was here, and we are ready to go
[2026-05-21 21:59:44.642] AUTO-DISENGAGE: gear left Park (now D)
[2026-05-21 21:59:44.642] Husby was here, and we are ready to go
[2026-05-21 21:59:44.652] AUTO-DISENGAGE: gear left Park (now D)
[2026-05-21 21:59:44.652] Husby was here, and we are ready to go
[2026-05-21 21:59:44.675] AUTO-DISENGAGE: gear left Park (now D)
[2026-05-21 21:59:44.675] Husby was here, and we are ready to go
[2026-05-21 21:59:44.692] AUTO-DISENGAGE: gear left Park (now D)
[2026-05-21 21:59:44.692] Husby was here, and we are ready to go
[2026-05-21 21:59:44.712] AUTO-DISENGAGE: gear left Park (now D)
[2026-05-21 21:59:44.712] Husby was here, and we are ready to go
[2026-05-21 21:59:44.735] AUTO-DISENGAGE: gear left Park (now D)
[2026-05-21 21:59:44.735] Husby was here, and we are ready to go
[2026-05-21 21:59:44.743] AUTO-DISENGAGE: gear left Park (now D)
[2026-05-21 21:59:44.744] Husby was here, and we are ready to go
[2026-05-21 21:59:44.751] AUTO-DISENGAGE: gear left Park (now D)
[2026-05-21 21:59:44.751] Husby was here, and we are ready to go
[2026-05-21 21:59:44.774] AUTO-DISENGAGE: gear left Park (now D)
[2026-05-21 21:59:44.774] Husby was here, and we are ready to go
[2026-05-21 21:59:44.791] AUTO-DISENGAGE: gear left Park (now D)
[2026-05-21 21:59:44.792] Husby was here, and we are ready to go
[2026-05-21 21:59:44.812] AUTO-DISENGAGE: gear left Park (now D)
[2026-05-21 21:59:44.812] Husby was here, and we are ready to go
[2026-05-21 21:59:44.832] AUTO-DISENGAGE: gear left Park (now D)
[2026-05-21 21:59:44.832] Husby was here, and we are ready to go
[2026-05-21 21:59:44.843] AUTO-DISENGAGE: gear left Park (now D)
[2026-05-21 21:59:44.843] Husby was here, and we are ready to go
[2026-05-21 21:59:44.851] AUTO-DISENGAGE: gear left Park (now D)
[2026-05-21 21:59:44.851] Husby was here, and we are ready to go
[2026-05-21 21:59:44.872] AUTO-DISENGAGE: gear left Park (now D)
[2026-05-21 21:59:44.872] Husby was here, and we are ready to go
[2026-05-21 21:59:44.892] AUTO-DISENGAGE: gear left Park (now D)
[2026-05-21 21:59:44.892] Husby was here, and we are ready to go
[2026-05-21 21:59:44.914] AUTO-DISENGAGE: gear left Park (now D)
[2026-05-21 21:59:44.914] Husby was here, and we are ready to go
[2026-05-21 21:59:44.932] AUTO-DISENGAGE: gear left Park (now D)
[2026-05-21 21:59:44.933] Husby was here, and we are ready to go
[2026-05-21 21:59:44.942] AUTO-DISENGAGE: gear left Park (now D)
[2026-05-21 21:59:44.942] Husby was here, and we are ready to go
[2026-05-21 21:59:44.952] AUTO-DISENGAGE: gear left Park (now D)
[2026-05-21 21:59:44.952] Husby was here, and we are ready to go
[2026-05-21 21:59:44.972] AUTO-DISENGAGE: gear left Park (now D)
[2026-05-21 21:59:44.973] Husby was here, and we are ready to go
[2026-05-21 21:59:44.995] AUTO-DISENGAGE: gear left Park (now D)
[2026-05-21 21:59:44.995] Husby was here, and we are ready to go
[2026-05-21 21:59:45.014] AUTO-DISENGAGE: gear left Park (now D)
[2026-05-21 21:59:45.015] Husby was here, and we are ready to go
[2026-05-21 21:59:45.034] AUTO-DISENGAGE: gear left Park (now D)
[2026-05-21 21:59:45.035] Husby was here, and we are ready to go
[2026-05-21 21:59:45.044] AUTO-DISENGAGE: gear left Park (now D)
[2026-05-21 21:59:45.044] Husby was here, and we are ready to go
[2026-05-21 21:59:45.051] AUTO-DISENGAGE: gear left Park (now D)
[2026-05-21 21:59:45.052] Husby was here, and we are ready to go
[2026-05-21 21:59:45.073] AUTO-DISENGAGE: gear left Park (now D)
[2026-05-21 21:59:45.073] Husby was here, and we are ready to go
[2026-05-21 21:59:45.092] AUTO-DISENGAGE: gear left Park (now D)
[2026-05-21 21:59:45.092] Husby was here, and we are ready to go
[2026-05-21 21:59:45.113] AUTO-DISENGAGE: gear left Park (now D)
[2026-05-21 21:59:45.113] Husby was here, and we are ready to go
[2026-05-21 21:59:45.132] AUTO-DISENGAGE: gear left Park (now D)
[2026-05-21 21:59:45.132] Husby was here, and we are ready to go
[2026-05-21 21:59:45.143] AUTO-DISENGAGE: gear left Park (now D)
[2026-05-21 21:59:45.143] Husby was here, and we are ready to go
[2026-05-21 21:59:45.151] AUTO-DISENGAGE: gear left Park (now D)
[2026-05-21 21:59:45.152] Husby was here, and we are ready to go
[2026-05-21 21:59:45.175] AUTO-DISENGAGE: gear left Park (now D)
[2026-05-21 21:59:45.175] Husby was here, and we are ready to go
[2026-05-21 21:59:45.194] AUTO-DISENGAGE: gear left Park (now D)
[2026-05-21 21:59:45.194] Husby was here, and we are ready to go
[2026-05-21 21:59:45.215] AUTO-DISENGAGE: gear left Park (now D)
[2026-05-21 21:59:45.216] Husby was here, and we are ready to go
[2026-05-21 21:59:45.235] AUTO-DISENGAGE: gear left Park (now D)
[2026-05-21 21:59:45.235] Husby was here, and we are ready to go
[2026-05-21 21:59:45.245] AUTO-DISENGAGE: gear left Park (now D)
[2026-05-21 21:59:45.245] Husby was here, and we are ready to go
[2026-05-21 21:59:45.251] AUTO-DISENGAGE: gear left Park (now D)
[2026-05-21 21:59:45.252] Husby was here, and we are ready to go
[2026-05-21 21:59:45.273] AUTO-DISENGAGE: gear left Park (now D)
[2026-05-21 21:59:45.273] Husby was here, and we are ready to go
[2026-05-21 21:59:45.293] AUTO-DISENGAGE: gear left Park (now D)
[2026-05-21 21:59:45.293] Husby was here, and we are ready to go
[2026-05-21 21:59:45.312] AUTO-DISENGAGE: gear left Park (now D)
[2026-05-21 21:59:45.312] Husby was here, and we are ready to go
[2026-05-21 21:59:45.333] AUTO-DISENGAGE: gear left Park (now D)
[2026-05-21 21:59:45.333] Husby was here, and we are ready to go
[2026-05-21 21:59:45.342] AUTO-DISENGAGE: gear left Park (now D)
[2026-05-21 21:59:45.343] Husby was here, and we are ready to go
[2026-05-21 21:59:45.352] AUTO-DISENGAGE: gear left Park (now D)
[2026-05-21 21:59:45.352] Husby was here, and we are ready to go
[2026-05-21 21:59:45.374] AUTO-DISENGAGE: gear left Park (now D)
[2026-05-21 21:59:45.374] Husby was here, and we are ready to go
[2026-05-21 21:59:45.392] AUTO-DISENGAGE: gear left Park (now D)
[2026-05-21 21:59:45.392] Husby was here, and we are ready to go
[2026-05-21 21:59:45.415] AUTO-DISENGAGE: gear left Park (now D)
[2026-05-21 21:59:45.415] Husby was here, and we are ready to go
[2026-05-21 21:59:45.435] AUTO-DISENGAGE: gear left Park (now D)
[2026-05-21 21:59:45.435] Husby was here, and we are ready to go
[2026-05-21 21:59:45.444] AUTO-DISENGAGE: gear left Park (now D)
[2026-05-21 21:59:45.444] Husby was here, and we are ready to go
[2026-05-21 21:59:45.452] AUTO-DISENGAGE: gear left Park (now D)
[2026-05-21 21:59:45.452] Husby was here, and we are ready to go
[2026-05-21 21:59:45.473] AUTO-DISENGAGE: gear left Park (now D)
[2026-05-21 21:59:45.473] Husby was here, and we are ready to go
[2026-05-21 21:59:45.492] AUTO-DISENGAGE: gear left Park (now D)
[2026-05-21 21:59:45.492] Husby was here, and we are ready to go
[2026-05-21 21:59:45.512] AUTO-DISENGAGE: gear left Park (now D)
[2026-05-21 21:59:45.512] Husby was here, and we are ready to go
[2026-05-21 21:59:45.535] AUTO-DISENGAGE: gear left Park (now D)
[2026-05-21 21:59:45.535] Husby was here, and we are ready to go
[2026-05-21 21:59:45.544] AUTO-DISENGAGE: gear left Park (now D)
[2026-05-21 21:59:45.545] Husby was here, and we are ready to go
[2026-05-21 21:59:45.551] AUTO-DISENGAGE: gear left Park (now D)
[2026-05-21 21:59:45.552] Husby was here, and we are ready to go
[2026-05-21 21:59:45.575] AUTO-DISENGAGE: gear left Park (now D)
[2026-05-21 21:59:45.575] Husby was here, and we are ready to go
[2026-05-21 21:59:45.594] AUTO-DISENGAGE: gear left Park (now D)
[2026-05-21 21:59:45.594] Husby was here, and we are ready to go
[2026-05-21 21:59:45.614] AUTO-DISENGAGE: gear left Park (now D)
[2026-05-21 21:59:45.614] Husby was here, and we are ready to go
[2026-05-21 21:59:45.632] AUTO-DISENGAGE: gear left Park (now D)
[2026-05-21 21:59:45.632] Husby was here, and we are ready to go
[2026-05-21 21:59:45.643] AUTO-DISENGAGE: gear left Park (now D)
[2026-05-21 21:59:45.643] Husby was here, and we are ready to go
[2026-05-21 21:59:45.652] AUTO-DISENGAGE: gear left Park (now D)
[2026-05-21 21:59:45.652] Husby was here, and we are ready to go
[2026-05-21 21:59:45.674] AUTO-DISENGAGE: gear left Park (now D)
[2026-05-21 21:59:45.674] Husby was here, and we are ready to go
[2026-05-21 21:59:45.692] AUTO-DISENGAGE: gear left Park (now D)
[2026-05-21 21:59:45.692] Husby was here, and we are ready to go
[2026-05-21 21:59:45.714] AUTO-DISENGAGE: gear left Park (now D)
[2026-05-21 21:59:45.714] Husby was here, and we are ready to go
[2026-05-21 21:59:45.734] AUTO-DISENGAGE: gear left Park (now D)
[2026-05-21 21:59:45.734] Husby was here, and we are ready to go
[2026-05-21 21:59:45.743] AUTO-DISENGAGE: gear left Park (now D)
[2026-05-21 21:59:45.743] Husby was here, and we are ready to go
[2026-05-21 21:59:45.752] AUTO-DISENGAGE: gear left Park (now D)
[2026-05-21 21:59:45.752] Husby was here, and we are ready to go
[2026-05-21 21:59:45.772] AUTO-DISENGAGE: gear left Park (now D)
[2026-05-21 21:59:45.772] Husby was here, and we are ready to go
[2026-05-21 21:59:45.792] AUTO-DISENGAGE: gear left Park (now D)
[2026-05-21 21:59:45.792] Husby was here, and we are ready to go
[2026-05-21 21:59:45.812] AUTO-DISENGAGE: gear left Park (now D)
[2026-05-21 21:59:45.812] Husby was here, and we are ready to go
[2026-05-21 21:59:45.832] AUTO-DISENGAGE: gear left Park (now D)
[2026-05-21 21:59:45.832] Husby was here, and we are ready to go
[2026-05-21 21:59:45.842] AUTO-DISENGAGE: gear left Park (now D)
[2026-05-21 21:59:45.842] Husby was here, and we are ready to go
[2026-05-21 21:59:45.851] AUTO-DISENGAGE: gear left Park (now D)
[2026-05-21 21:59:45.851] Husby was here, and we are ready to go
[2026-05-21 21:59:45.872] AUTO-DISENGAGE: gear left Park (now D)
[2026-05-21 21:59:45.872] Husby was here, and we are ready to go
[2026-05-21 21:59:45.892] AUTO-DISENGAGE: gear left Park (now D)
[2026-05-21 21:59:45.892] Husby was here, and we are ready to go
[2026-05-21 21:59:45.912] AUTO-DISENGAGE: gear left Park (now D)
[2026-05-21 21:59:45.912] Husby was here, and we are ready to go
[2026-05-21 21:59:45.936] AUTO-DISENGAGE: gear left Park (now D)
[2026-05-21 21:59:45.936] Husby was here, and we are ready to go
[2026-05-21 21:59:45.944] AUTO-DISENGAGE: gear left Park (now D)
[2026-05-21 21:59:45.944] Husby was here, and we are ready to go
[2026-05-21 21:59:45.951] AUTO-DISENGAGE: gear left Park (now D)
[2026-05-21 21:59:45.952] Husby was here, and we are ready to go
[2026-05-21 21:59:45.976] AUTO-DISENGAGE: gear left Park (now D)
[2026-05-21 21:59:45.976] Husby was here, and we are ready to go
[2026-05-21 21:59:45.995] AUTO-DISENGAGE: gear left Park (now D)
[2026-05-21 21:59:45.995] Husby was here, and we are ready to go
[2026-05-21 21:59:46.014] AUTO-DISENGAGE: gear left Park (now D)
[2026-05-21 21:59:46.014] Husby was here, and we are ready to go
[2026-05-21 21:59:46.033] AUTO-DISENGAGE: gear left Park (now D)
[2026-05-21 21:59:46.033] Husby was here, and we are ready to go
[2026-05-21 21:59:46.044] AUTO-DISENGAGE: gear left Park (now D)
[2026-05-21 21:59:46.044] Husby was here, and we are ready to go
[2026-05-21 21:59:46.051] AUTO-DISENGAGE: gear left Park (now D)
[2026-05-21 21:59:46.052] Husby was here, and we are ready to go
[2026-05-21 21:59:46.075] AUTO-DISENGAGE: gear left Park (now D)
[2026-05-21 21:59:46.075] Husby was here, and we are ready to go
[2026-05-21 21:59:46.094] AUTO-DISENGAGE: gear left Park (now D)
[2026-05-21 21:59:46.095] Husby was here, and we are ready to go
[2026-05-21 21:59:46.113] AUTO-DISENGAGE: gear left Park (now D)
[2026-05-21 21:59:46.113] Husby was here, and we are ready to go
[2026-05-21 21:59:46.134] AUTO-DISENGAGE: gear left Park (now D)
[2026-05-21 21:59:46.134] Husby was here, and we are ready to go
[2026-05-21 21:59:46.143] AUTO-DISENGAGE: gear left Park (now D)
[2026-05-21 21:59:46.143] Husby was here, and we are ready to go
[2026-05-21 21:59:46.152] AUTO-DISENGAGE: gear left Park (now D)
[2026-05-21 21:59:46.152] Husby was here, and we are ready to go
[2026-05-21 21:59:46.173] AUTO-DISENGAGE: gear left Park (now D)
[2026-05-21 21:59:46.173] Husby was here, and we are ready to go
[2026-05-21 21:59:46.195] AUTO-DISENGAGE: gear left Park (now D)
[2026-05-21 21:59:46.195] Husby was here, and we are ready to go
[2026-05-21 21:59:46.215] AUTO-DISENGAGE: gear left Park (now D)
[2026-05-21 21:59:46.215] Husby was here, and we are ready to go
[2026-05-21 21:59:46.236] AUTO-DISENGAGE: gear left Park (now D)
[2026-05-21 21:59:46.236] Husby was here, and we are ready to go
[2026-05-21 21:59:46.245] AUTO-DISENGAGE: gear left Park (now D)
[2026-05-21 21:59:46.245] Husby was here, and we are ready to go
[2026-05-21 21:59:46.252] AUTO-DISENGAGE: gear left Park (now D)
[2026-05-21 21:59:46.252] Husby was here, and we are ready to go
[2026-05-21 21:59:46.275] AUTO-DISENGAGE: gear left Park (now D)
[2026-05-21 21:59:46.275] Husby was here, and we are ready to go
[2026-05-21 21:59:46.292] AUTO-DISENGAGE: gear left Park (now D)
[2026-05-21 21:59:46.292] Husby was here, and we are ready to go
[2026-05-21 21:59:46.312] AUTO-DISENGAGE: gear left Park (now D)
[2026-05-21 21:59:46.313] Husby was here, and we are ready to go
[2026-05-21 21:59:46.336] AUTO-DISENGAGE: gear left Park (now D)
[2026-05-21 21:59:46.336] Husby was here, and we are ready to go
[2026-05-21 21:59:46.342] AUTO-DISENGAGE: gear left Park (now D)
[2026-05-21 21:59:46.342] Husby was here, and we are ready to go
[2026-05-21 21:59:46.356] AUTO-DISENGAGE: gear left Park (now D)
[2026-05-21 21:59:46.356] Husby was here, and we are ready to go
[2026-05-21 21:59:46.382] AUTO-DISENGAGE: gear left Park (now D)
[2026-05-21 21:59:46.382] Husby was here, and we are ready to go
[2026-05-21 21:59:46.397] AUTO-DISENGAGE: gear left Park (now D)
[2026-05-21 21:59:46.397] Husby was here, and we are ready to go
[2026-05-21 21:59:46.419] AUTO-DISENGAGE: gear left Park (now D)
[2026-05-21 21:59:46.420] Husby was here, and we are ready to go
[2026-05-21 21:59:46.438] AUTO-DISENGAGE: gear left Park (now D)
[2026-05-21 21:59:46.438] Husby was here, and we are ready to go
[2026-05-21 21:59:46.444] AUTO-DISENGAGE: gear left Park (now D)
[2026-05-21 21:59:46.445] Husby was here, and we are ready to go
[2026-05-21 21:59:46.456] AUTO-DISENGAGE: gear left Park (now D)
[2026-05-21 21:59:46.456] Husby was here, and we are ready to go
[2026-05-21 21:59:46.476] AUTO-DISENGAGE: gear left Park (now D)
[2026-05-21 21:59:46.477] Husby was here, and we are ready to go
[2026-05-21 21:59:46.497] AUTO-DISENGAGE: gear left Park (now D)
[2026-05-21 21:59:46.497] Husby was here, and we are ready to go
[2026-05-21 21:59:46.516] AUTO-DISENGAGE: gear left Park (now D)
[2026-05-21 21:59:46.516] Husby was here, and we are ready to go
[2026-05-21 21:59:46.537] AUTO-DISENGAGE: gear left Park (now D)
[2026-05-21 21:59:46.537] Husby was here, and we are ready to go
[2026-05-21 21:59:46.543] AUTO-DISENGAGE: gear left Park (now D)
[2026-05-21 21:59:46.543] Husby was here, and we are ready to go
[2026-05-21 21:59:46.556] AUTO-DISENGAGE: gear left Park (now D)
[2026-05-21 21:59:46.556] Husby was here, and we are ready to go
[2026-05-21 21:59:46.579] AUTO-DISENGAGE: gear left Park (now D)
[2026-05-21 21:59:46.579] Husby was here, and we are ready to go
[2026-05-21 21:59:46.596] AUTO-DISENGAGE: gear left Park (now D)
[2026-05-21 21:59:46.596] Husby was here, and we are ready to go
[2026-05-21 21:59:46.616] AUTO-DISENGAGE: gear left Park (now D)
[2026-05-21 21:59:46.616] Husby was here, and we are ready to go
[2026-05-21 21:59:46.641] AUTO-DISENGAGE: gear left Park (now D)
[2026-05-21 21:59:46.642] Husby was here, and we are ready to go
[2026-05-21 21:59:46.643] AUTO-DISENGAGE: gear left Park (now D)
[2026-05-21 21:59:46.643] Husby was here, and we are ready to go
[2026-05-21 21:59:46.658] AUTO-DISENGAGE: gear left Park (now D)
[2026-05-21 21:59:46.658] Husby was here, and we are ready to go
[2026-05-21 21:59:46.682] AUTO-DISENGAGE: gear left Park (now D)
[2026-05-21 21:59:46.682] Husby was here, and we are ready to go
[2026-05-21 21:59:46.698] AUTO-DISENGAGE: gear left Park (now D)
[2026-05-21 21:59:46.698] Husby was here, and we are ready to go
[2026-05-21 21:59:46.721] AUTO-DISENGAGE: gear left Park (now D)
[2026-05-21 21:59:46.722] Husby was here, and we are ready to go
[2026-05-21 21:59:46.739] AUTO-DISENGAGE: gear left Park (now D)
[2026-05-21 21:59:46.740] Husby was here, and we are ready to go
[2026-05-21 21:59:46.746] AUTO-DISENGAGE: gear left Park (now D)
[2026-05-21 21:59:46.746] Husby was here, and we are ready to go
[2026-05-21 21:59:46.758] AUTO-DISENGAGE: gear left Park (now D)
[2026-05-21 21:59:46.758] Husby was here, and we are ready to go
[2026-05-21 21:59:46.779] AUTO-DISENGAGE: gear left Park (now D)
[2026-05-21 21:59:46.780] Husby was here, and we are ready to go
[2026-05-21 21:59:46.798] AUTO-DISENGAGE: gear left Park (now D)
[2026-05-21 21:59:46.798] Husby was here, and we are ready to go
[2026-05-21 21:59:46.816] AUTO-DISENGAGE: gear left Park (now D)
[2026-05-21 21:59:46.816] Husby was here, and we are ready to go
[2026-05-21 21:59:46.837] AUTO-DISENGAGE: gear left Park (now D)
[2026-05-21 21:59:46.837] Husby was here, and we are ready to go
[2026-05-21 21:59:46.844] AUTO-DISENGAGE: gear left Park (now D)
[2026-05-21 21:59:46.844] Husby was here, and we are ready to go
[2026-05-21 21:59:46.856] AUTO-DISENGAGE: gear left Park (now D)
[2026-05-21 21:59:46.856] Husby was here, and we are ready to go
[2026-05-21 21:59:46.877] AUTO-DISENGAGE: gear left Park (now D)
[2026-05-21 21:59:46.877] Husby was here, and we are ready to go
[2026-05-21 21:59:46.896] AUTO-DISENGAGE: gear left Park (now D)
[2026-05-21 21:59:46.897] Husby was here, and we are ready to go
[2026-05-21 21:59:46.916] AUTO-DISENGAGE: gear left Park (now D)
[2026-05-21 21:59:46.916] Husby was here, and we are ready to go
[2026-05-21 21:59:46.936] AUTO-DISENGAGE: gear left Park (now D)
[2026-05-21 21:59:46.937] Husby was here, and we are ready to go
[2026-05-21 21:59:46.943] AUTO-DISENGAGE: gear left Park (now D)
[2026-05-21 21:59:46.943] Husby was here, and we are ready to go
[2026-05-21 21:59:46.956] AUTO-DISENGAGE: gear left Park (now D)
[2026-05-21 21:59:46.956] Husby was here, and we are ready to go
[2026-05-21 21:59:46.977] AUTO-DISENGAGE: gear left Park (now D)
[2026-05-21 21:59:46.977] Husby was here, and we are ready to go
[2026-05-21 21:59:46.997] AUTO-DISENGAGE: gear left Park (now D)
[2026-05-21 21:59:46.997] Husby was here, and we are ready to go
[2026-05-21 21:59:47.016] AUTO-DISENGAGE: gear left Park (now D)
[2026-05-21 21:59:47.016] Husby was here, and we are ready to go
[2026-05-21 21:59:47.037] AUTO-DISENGAGE: gear left Park (now D)
[2026-05-21 21:59:47.037] Husby was here, and we are ready to go
[2026-05-21 21:59:47.044] AUTO-DISENGAGE: gear left Park (now D)
[2026-05-21 21:59:47.044] Husby was here, and we are ready to go
[2026-05-21 21:59:47.057] AUTO-DISENGAGE: gear left Park (now D)
[2026-05-21 21:59:47.057] Husby was here, and we are ready to go
[2026-05-21 21:59:47.079] AUTO-DISENGAGE: gear left Park (now D)
[2026-05-21 21:59:47.079] Husby was here, and we are ready to go
[2026-05-21 21:59:47.096] AUTO-DISENGAGE: gear left Park (now D)
[2026-05-21 21:59:47.097] Husby was here, and we are ready to go
[2026-05-21 21:59:47.117] AUTO-DISENGAGE: gear left Park (now D)
[2026-05-21 21:59:47.117] Husby was here, and we are ready to go
[2026-05-21 21:59:47.137] AUTO-DISENGAGE: gear left Park (now D)
[2026-05-21 21:59:47.137] Husby was here, and we are ready to go
[2026-05-21 21:59:47.144] AUTO-DISENGAGE: gear left Park (now D)
[2026-05-21 21:59:47.144] Husby was here, and we are ready to go
[2026-05-21 21:59:47.156] AUTO-DISENGAGE: gear left Park (now D)
[2026-05-21 21:59:47.156] Husby was here, and we are ready to go
[2026-05-21 21:59:47.178] AUTO-DISENGAGE: gear left Park (now D)
[2026-05-21 21:59:47.178] Husby was here, and we are ready to go
[2026-05-21 21:59:47.196] AUTO-DISENGAGE: gear left Park (now D)
[2026-05-21 21:59:47.197] Husby was here, and we are ready to go
[2026-05-21 21:59:47.221] AUTO-DISENGAGE: gear left Park (now D)
[2026-05-21 21:59:47.221] Husby was here, and we are ready to go
[2026-05-21 21:59:47.241] AUTO-DISENGAGE: gear left Park (now D)
[2026-05-21 21:59:47.242] Husby was here, and we are ready to go
[2026-05-21 21:59:47.243] AUTO-DISENGAGE: gear left Park (now D)
[2026-05-21 21:59:47.243] Husby was here, and we are ready to go
[2026-05-21 21:59:47.261] AUTO-DISENGAGE: gear left Park (now D)
[2026-05-21 21:59:47.262] Husby was here, and we are ready to go
[2026-05-21 21:59:47.281] AUTO-DISENGAGE: gear left Park (now D)
[2026-05-21 21:59:47.281] Husby was here, and we are ready to go
[2026-05-21 21:59:47.299] AUTO-DISENGAGE: gear left Park (now D)
[2026-05-21 21:59:47.300] Husby was here, and we are ready to go
[2026-05-21 21:59:47.320] AUTO-DISENGAGE: gear left Park (now D)
[2026-05-21 21:59:47.320] Husby was here, and we are ready to go
[2026-05-21 21:59:47.341] AUTO-DISENGAGE: gear left Park (now D)
[2026-05-21 21:59:47.341] Husby was here, and we are ready to go
[2026-05-21 21:59:47.343] AUTO-DISENGAGE: gear left Park (now D)
[2026-05-21 21:59:47.343] Husby was here, and we are ready to go
[2026-05-21 21:59:47.361] AUTO-DISENGAGE: gear left Park (now D)
[2026-05-21 21:59:47.361] Husby was here, and we are ready to go
[2026-05-21 21:59:47.382] AUTO-DISENGAGE: gear left Park (now D)
[2026-05-21 21:59:47.382] Husby was here, and we are ready to go
[2026-05-21 21:59:47.399] AUTO-DISENGAGE: gear left Park (now D)
[2026-05-21 21:59:47.399] Husby was here, and we are ready to go
[2026-05-21 21:59:47.419] AUTO-DISENGAGE: gear left Park (now D)
[2026-05-21 21:59:47.419] Husby was here, and we are ready to go
[2026-05-21 21:59:47.440] AUTO-DISENGAGE: gear left Park (now D)
[2026-05-21 21:59:47.440] Husby was here, and we are ready to go
[2026-05-21 21:59:47.443] AUTO-DISENGAGE: gear left Park (now D)
[2026-05-21 21:59:47.443] Husby was here, and we are ready to go
[2026-05-21 21:59:47.460] AUTO-DISENGAGE: gear left Park (now D)
[2026-05-21 21:59:47.460] Husby was here, and we are ready to go
[2026-05-21 21:59:47.479] AUTO-DISENGAGE: gear left Park (now D)
[2026-05-21 21:59:47.479] Husby was here, and we are ready to go
[2026-05-21 21:59:47.499] AUTO-DISENGAGE: gear left Park (now D)
[2026-05-21 21:59:47.499] Husby was here, and we are ready to go
[2026-05-21 21:59:47.520] AUTO-DISENGAGE: gear left Park (now D)
[2026-05-21 21:59:47.520] Husby was here, and we are ready to go
[2026-05-21 21:59:47.540] AUTO-DISENGAGE: gear left Park (now D)
[2026-05-21 21:59:47.540] Husby was here, and we are ready to go
[2026-05-21 21:59:47.543] AUTO-DISENGAGE: gear left Park (now D)
[2026-05-21 21:59:47.543] Husby was here, and we are ready to go
[2026-05-21 21:59:47.561] AUTO-DISENGAGE: gear left Park (now D)
[2026-05-21 21:59:47.561] Husby was here, and we are ready to go
[2026-05-21 21:59:47.583] AUTO-DISENGAGE: gear left Park (now D)
[2026-05-21 21:59:47.584] Husby was here, and we are ready to go
[2026-05-21 21:59:47.602] AUTO-DISENGAGE: gear left Park (now D)
[2026-05-21 21:59:47.602] Husby was here, and we are ready to go
[2026-05-21 21:59:47.621] AUTO-DISENGAGE: gear left Park (now D)
[2026-05-21 21:59:47.622] Husby was here, and we are ready to go
[2026-05-21 21:59:47.642] AUTO-DISENGAGE: gear left Park (now D)
[2026-05-21 21:59:47.642] Husby was here, and we are ready to go
[2026-05-21 21:59:47.643] AUTO-DISENGAGE: gear left Park (now D)
[2026-05-21 21:59:47.643] Husby was here, and we are ready to go
[2026-05-21 21:59:47.662] AUTO-DISENGAGE: gear left Park (now D)
[2026-05-21 21:59:47.663] Husby was here, and we are ready to go
[2026-05-21 21:59:47.682] AUTO-DISENGAGE: gear left Park (now D)
[2026-05-21 21:59:47.683] Husby was here, and we are ready to go
[2026-05-21 21:59:47.702] AUTO-DISENGAGE: gear left Park (now D)
[2026-05-21 21:59:47.702] Husby was here, and we are ready to go
[2026-05-21 21:59:47.722] AUTO-DISENGAGE: gear left Park (now D)
[2026-05-21 21:59:47.722] Husby was here, and we are ready to go
[2026-05-21 21:59:47.742] AUTO-DISENGAGE: gear left Park (now D)
[2026-05-21 21:59:47.742] Husby was here, and we are ready to go
[2026-05-21 21:59:47.742] AUTO-DISENGAGE: gear left Park (now D)
[2026-05-21 21:59:47.742] Husby was here, and we are ready to go
[2026-05-21 21:59:47.761] AUTO-DISENGAGE: gear left Park (now D)
[2026-05-21 21:59:47.761] Husby was here, and we are ready to go
[2026-05-21 21:59:47.786] AUTO-DISENGAGE: gear left Park (now D)
[2026-05-21 21:59:47.786] Husby was here, and we are ready to go
[2026-05-21 21:59:47.802] AUTO-DISENGAGE: gear left Park (now D)
[2026-05-21 21:59:47.803] Husby was here, and we are ready to go
[2026-05-21 21:59:47.823] AUTO-DISENGAGE: gear left Park (now D)
[2026-05-21 21:59:47.824] Husby was here, and we are ready to go
[2026-05-21 21:59:47.845] AUTO-DISENGAGE: gear left Park (now D)
[2026-05-21 21:59:47.845] Husby was here, and we are ready to go
[2026-05-21 21:59:47.846] AUTO-DISENGAGE: gear left Park (now D)
[2026-05-21 21:59:47.846] Husby was here, and we are ready to go
[2026-05-21 21:59:47.863] AUTO-DISENGAGE: gear left Park (now D)
[2026-05-21 21:59:47.863] Husby was here, and we are ready to go
[2026-05-21 21:59:47.884] AUTO-DISENGAGE: gear left Park (now D)
[2026-05-21 21:59:47.884] Husby was here, and we are ready to go
[2026-05-21 21:59:47.905] AUTO-DISENGAGE: gear left Park (now D)
[2026-05-21 21:59:47.905] Husby was here, and we are ready to go
[2026-05-21 21:59:47.926] AUTO-DISENGAGE: gear left Park (now D)
[2026-05-21 21:59:47.926] Husby was here, and we are ready to go
[2026-05-21 21:59:47.942] AUTO-DISENGAGE: gear left Park (now D)
[2026-05-21 21:59:47.943] Husby was here, and we are ready to go
[2026-05-21 21:59:47.947] AUTO-DISENGAGE: gear left Park (now D)
[2026-05-21 21:59:47.947] Husby was here, and we are ready to go
[2026-05-21 21:59:47.963] AUTO-DISENGAGE: gear left Park (now D)
[2026-05-21 21:59:47.963] Husby was here, and we are ready to go
[2026-05-21 21:59:47.982] AUTO-DISENGAGE: gear left Park (now D)
[2026-05-21 21:59:47.982] Husby was here, and we are ready to go
[2026-05-21 21:59:48.002] AUTO-DISENGAGE: gear left Park (now D)
[2026-05-21 21:59:48.002] Husby was here, and we are ready to go
[2026-05-21 21:59:48.021] AUTO-DISENGAGE: gear left Park (now D)
[2026-05-21 21:59:48.021] Husby was here, and we are ready to go
[2026-05-21 21:59:48.041] AUTO-DISENGAGE: gear left Park (now D)
[2026-05-21 21:59:48.041] Husby was here, and we are ready to go
[2026-05-21 21:59:48.046] AUTO-DISENGAGE: gear left Park (now D)
[2026-05-21 21:59:48.046] Husby was here, and we are ready to go
[2026-05-21 21:59:48.061] AUTO-DISENGAGE: gear left Park (now D)
[2026-05-21 21:59:48.061] Husby was here, and we are ready to go
[2026-05-21 21:59:48.085] AUTO-DISENGAGE: gear left Park (now D)
[2026-05-21 21:59:48.085] Husby was here, and we are ready to go
[2026-05-21 21:59:48.102] AUTO-DISENGAGE: gear left Park (now D)
[2026-05-21 21:59:48.103] Husby was here, and we are ready to go
[2026-05-21 21:59:48.125] AUTO-DISENGAGE: gear left Park (now D)
[2026-05-21 21:59:48.125] Husby was here, and we are ready to go
[2026-05-21 21:59:48.142] AUTO-DISENGAGE: gear left Park (now D)
[2026-05-21 21:59:48.143] Husby was here, and we are ready to go
[2026-05-21 21:59:48.146] AUTO-DISENGAGE: gear left Park (now D)
[2026-05-21 21:59:48.146] Husby was here, and we are ready to go
[2026-05-21 21:59:48.163] AUTO-DISENGAGE: gear left Park (now D)
[2026-05-21 21:59:48.163] Husby was here, and we are ready to go
[2026-05-21 21:59:48.182] AUTO-DISENGAGE: gear left Park (now D)
[2026-05-21 21:59:48.182] Husby was here, and we are ready to go
[2026-05-21 21:59:48.201] AUTO-DISENGAGE: gear left Park (now D)
[2026-05-21 21:59:48.201] Husby was here, and we are ready to go
[2026-05-21 21:59:48.224] AUTO-DISENGAGE: gear left Park (now D)
[2026-05-21 21:59:48.224] Husby was here, and we are ready to go
[2026-05-21 21:59:48.243] AUTO-DISENGAGE: gear left Park (now D)
[2026-05-21 21:59:48.243] Husby was here, and we are ready to go
[2026-05-21 21:59:48.246] AUTO-DISENGAGE: gear left Park (now D)
[2026-05-21 21:59:48.246] Husby was here, and we are ready to go
[2026-05-21 21:59:48.263] AUTO-DISENGAGE: gear left Park (now D)
[2026-05-21 21:59:48.264] Husby was here, and we are ready to go
[2026-05-21 21:59:48.285] AUTO-DISENGAGE: gear left Park (now D)
[2026-05-21 21:59:48.285] Husby was here, and we are ready to go
[2026-05-21 21:59:48.303] AUTO-DISENGAGE: gear left Park (now D)
[2026-05-21 21:59:48.303] Husby was here, and we are ready to go
[2026-05-21 21:59:48.325] AUTO-DISENGAGE: gear left Park (now D)
[2026-05-21 21:59:48.325] Husby was here, and we are ready to go
[2026-05-21 21:59:48.344] AUTO-DISENGAGE: gear left Park (now D)
[2026-05-21 21:59:48.344] Husby was here, and we are ready to go
[2026-05-21 21:59:48.346] AUTO-DISENGAGE: gear left Park (now D)
[2026-05-21 21:59:48.346] Husby was here, and we are ready to go
[2026-05-21 21:59:48.364] AUTO-DISENGAGE: gear left Park (now D)
[2026-05-21 21:59:48.364] Husby was here, and we are ready to go
[2026-05-21 21:59:48.386] AUTO-DISENGAGE: gear left Park (now D)
[2026-05-21 21:59:48.386] Husby was here, and we are ready to go
[2026-05-21 21:59:48.406] AUTO-DISENGAGE: gear left Park (now D)
[2026-05-21 21:59:48.407] Husby was here, and we are ready to go
[2026-05-21 21:59:48.426] AUTO-DISENGAGE: gear left Park (now D)
[2026-05-21 21:59:48.426] Husby was here, and we are ready to go
[2026-05-21 21:59:48.446] AUTO-DISENGAGE: gear left Park (now D)
[2026-05-21 21:59:48.446] Husby was here, and we are ready to go
[2026-05-21 21:59:48.447] AUTO-DISENGAGE: gear left Park (now D)
[2026-05-21 21:59:48.447] Husby was here, and we are ready to go
[2026-05-21 21:59:48.465] AUTO-DISENGAGE: gear left Park (now D)
[2026-05-21 21:59:48.466] Husby was here, and we are ready to go
[2026-05-21 21:59:48.485] AUTO-DISENGAGE: gear left Park (now D)
[2026-05-21 21:59:48.486] Husby was here, and we are ready to go
[2026-05-21 21:59:48.509] AUTO-DISENGAGE: gear left Park (now D)
[2026-05-21 21:59:48.509] Husby was here, and we are ready to go
[2026-05-21 21:59:48.536] AUTO-DISENGAGE: gear left Park (now D)
[2026-05-21 21:59:48.536] Husby was here, and we are ready to go
[2026-05-21 21:59:48.549] AUTO-DISENGAGE: gear left Park (now D)
[2026-05-21 21:59:48.549] Husby was here, and we are ready to go
[2026-05-21 21:59:48.551] AUTO-DISENGAGE: gear left Park (now D)
[2026-05-21 21:59:48.551] Husby was here, and we are ready to go
[2026-05-21 21:59:48.573] AUTO-DISENGAGE: gear left Park (now D)
[2026-05-21 21:59:48.574] Husby was here, and we are ready to go
[2026-05-21 21:59:48.593] AUTO-DISENGAGE: gear left Park (now D)
[2026-05-21 21:59:48.593] Husby was here, and we are ready to go
[2026-05-21 21:59:48.613] AUTO-DISENGAGE: gear left Park (now D)
[2026-05-21 21:59:48.614] Husby was here, and we are ready to go
[2026-05-21 21:59:48.636] AUTO-DISENGAGE: gear left Park (now D)
[2026-05-21 21:59:48.636] Husby was here, and we are ready to go
[2026-05-21 21:59:48.648] AUTO-DISENGAGE: gear left Park (now D)
[2026-05-21 21:59:48.649] Husby was here, and we are ready to go
[2026-05-21 21:59:48.651] AUTO-DISENGAGE: gear left Park (now D)
[2026-05-21 21:59:48.651] Husby was here, and we are ready to go
[2026-05-21 21:59:48.675] AUTO-DISENGAGE: gear left Park (now D)
[2026-05-21 21:59:48.675] Husby was here, and we are ready to go
[2026-05-21 21:59:48.695] AUTO-DISENGAGE: gear left Park (now D)
[2026-05-21 21:59:48.695] Husby was here, and we are ready to go
[2026-05-21 21:59:48.713] AUTO-DISENGAGE: gear left Park (now D)
[2026-05-21 21:59:48.713] Husby was here, and we are ready to go
[2026-05-21 21:59:48.734] AUTO-DISENGAGE: gear left Park (now D)
[2026-05-21 21:59:48.735] Husby was here, and we are ready to go
[2026-05-21 21:59:48.748] AUTO-DISENGAGE: gear left Park (now D)
[2026-05-21 21:59:48.749] Husby was here, and we are ready to go
[2026-05-21 21:59:48.751] AUTO-DISENGAGE: gear left Park (now D)
[2026-05-21 21:59:48.751] Husby was here, and we are ready to go
[2026-05-21 21:59:48.773] AUTO-DISENGAGE: gear left Park (now D)
[2026-05-21 21:59:48.774] Husby was here, and we are ready to go
[2026-05-21 21:59:48.792] AUTO-DISENGAGE: gear left Park (now D)
[2026-05-21 21:59:48.792] Husby was here, and we are ready to go
[2026-05-21 21:59:48.813] AUTO-DISENGAGE: gear left Park (now D)
[2026-05-21 21:59:48.813] Husby was here, and we are ready to go
[2026-05-21 21:59:48.835] AUTO-DISENGAGE: gear left Park (now D)
[2026-05-21 21:59:48.836] Husby was here, and we are ready to go
[2026-05-21 21:59:48.849] AUTO-DISENGAGE: gear left Park (now D)
[2026-05-21 21:59:48.849] Husby was here, and we are ready to go
[2026-05-21 21:59:48.851] AUTO-DISENGAGE: gear left Park (now D)
[2026-05-21 21:59:48.851] Husby was here, and we are ready to go
[2026-05-21 21:59:48.876] AUTO-DISENGAGE: gear left Park (now D)
[2026-05-21 21:59:48.877] Husby was here, and we are ready to go
[2026-05-21 21:59:48.892] AUTO-DISENGAGE: gear left Park (now D)
[2026-05-21 21:59:48.892] Husby was here, and we are ready to go
[2026-05-21 21:59:48.912] AUTO-DISENGAGE: gear left Park (now D)
[2026-05-21 21:59:48.912] Husby was here, and we are ready to go
[2026-05-21 21:59:48.933] AUTO-DISENGAGE: gear left Park (now D)
[2026-05-21 21:59:48.933] Husby was here, and we are ready to go
[2026-05-21 21:59:48.949] AUTO-DISENGAGE: gear left Park (now D)
[2026-05-21 21:59:48.949] Husby was here, and we are ready to go
[2026-05-21 21:59:48.951] AUTO-DISENGAGE: gear left Park (now D)
[2026-05-21 21:59:48.951] Husby was here, and we are ready to go
[2026-05-21 21:59:48.975] AUTO-DISENGAGE: gear left Park (now D)
[2026-05-21 21:59:48.975] Husby was here, and we are ready to go
[2026-05-21 21:59:48.996] AUTO-DISENGAGE: gear left Park (now D)
[2026-05-21 21:59:48.996] Husby was here, and we are ready to go
[2026-05-21 21:59:49.015] AUTO-DISENGAGE: gear left Park (now D)
[2026-05-21 21:59:49.015] Husby was here, and we are ready to go
[2026-05-21 21:59:49.035] AUTO-DISENGAGE: gear left Park (now D)
[2026-05-21 21:59:49.035] Husby was here, and we are ready to go
[2026-05-21 21:59:49.048] AUTO-DISENGAGE: gear left Park (now D)
[2026-05-21 21:59:49.048] Husby was here, and we are ready to go
[2026-05-21 21:59:49.051] AUTO-DISENGAGE: gear left Park (now D)
[2026-05-21 21:59:49.052] Husby was here, and we are ready to go
[2026-05-21 21:59:49.075] AUTO-DISENGAGE: gear left Park (now D)
[2026-05-21 21:59:49.076] Husby was here, and we are ready to go
[2026-05-21 21:59:49.094] AUTO-DISENGAGE: gear left Park (now D)
[2026-05-21 21:59:49.094] Husby was here, and we are ready to go
[2026-05-21 21:59:49.115] AUTO-DISENGAGE: gear left Park (now D)
[2026-05-21 21:59:49.116] Husby was here, and we are ready to go
[2026-05-21 21:59:49.132] AUTO-DISENGAGE: gear left Park (now D)
[2026-05-21 21:59:49.132] Husby was here, and we are ready to go
[2026-05-21 21:59:49.147] AUTO-DISENGAGE: gear left Park (now D)
[2026-05-21 21:59:49.148] Husby was here, and we are ready to go
[2026-05-21 21:59:49.151] AUTO-DISENGAGE: gear left Park (now D)
[2026-05-21 21:59:49.152] Husby was here, and we are ready to go
[2026-05-21 21:59:49.173] AUTO-DISENGAGE: gear left Park (now D)
[2026-05-21 21:59:49.173] Husby was here, and we are ready to go
[2026-05-21 21:59:49.192] AUTO-DISENGAGE: gear left Park (now D)
[2026-05-21 21:59:49.192] Husby was here, and we are ready to go
[2026-05-21 21:59:49.212] AUTO-DISENGAGE: gear left Park (now D)
[2026-05-21 21:59:49.212] Husby was here, and we are ready to go
[2026-05-21 21:59:49.233] AUTO-DISENGAGE: gear left Park (now D)
[2026-05-21 21:59:49.233] Husby was here, and we are ready to go
[2026-05-21 21:59:49.248] AUTO-DISENGAGE: gear left Park (now D)
[2026-05-21 21:59:49.248] Husby was here, and we are ready to go
[2026-05-21 21:59:49.251] AUTO-DISENGAGE: gear left Park (now D)
[2026-05-21 21:59:49.251] Husby was here, and we are ready to go
[2026-05-21 21:59:49.273] AUTO-DISENGAGE: gear left Park (now D)
[2026-05-21 21:59:49.273] Husby was here, and we are ready to go
[2026-05-21 21:59:49.294] AUTO-DISENGAGE: gear left Park (now D)
[2026-05-21 21:59:49.294] Husby was here, and we are ready to go
[2026-05-21 21:59:49.312] AUTO-DISENGAGE: gear left Park (now D)
[2026-05-21 21:59:49.312] Husby was here, and we are ready to go
[2026-05-21 21:59:49.334] AUTO-DISENGAGE: gear left Park (now D)
[2026-05-21 21:59:49.334] Husby was here, and we are ready to go
[2026-05-21 21:59:49.348] AUTO-DISENGAGE: gear left Park (now D)
[2026-05-21 21:59:49.348] Husby was here, and we are ready to go
[2026-05-21 21:59:49.351] AUTO-DISENGAGE: gear left Park (now D)
[2026-05-21 21:59:49.351] Husby was here, and we are ready to go
[2026-05-21 21:59:49.375] AUTO-DISENGAGE: gear left Park (now D)
[2026-05-21 21:59:49.376] Husby was here, and we are ready to go
[2026-05-21 21:59:49.395] AUTO-DISENGAGE: gear left Park (now D)
[2026-05-21 21:59:49.395] Husby was here, and we are ready to go
[2026-05-21 21:59:49.415] AUTO-DISENGAGE: gear left Park (now D)
[2026-05-21 21:59:49.416] Husby was here, and we are ready to go
[2026-05-21 21:59:49.433] AUTO-DISENGAGE: gear left Park (now D)
[2026-05-21 21:59:49.434] Husby was here, and we are ready to go
[2026-05-21 21:59:49.449] AUTO-DISENGAGE: gear left Park (now D)
[2026-05-21 21:59:49.449] Husby was here, and we are ready to go
[2026-05-21 21:59:49.451] AUTO-DISENGAGE: gear left Park (now D)
[2026-05-21 21:59:49.451] Husby was here, and we are ready to go
[2026-05-21 21:59:49.475] AUTO-DISENGAGE: gear left Park (now D)
[2026-05-21 21:59:49.476] Husby was here, and we are ready to go
[2026-05-21 21:59:49.493] AUTO-DISENGAGE: gear left Park (now D)
[2026-05-21 21:59:49.494] Husby was here, and we are ready to go
[2026-05-21 21:59:49.512] AUTO-DISENGAGE: gear left Park (now D)
[2026-05-21 21:59:49.513] Husby was here, and we are ready to go
[2026-05-21 21:59:49.533] AUTO-DISENGAGE: gear left Park (now D)
[2026-05-21 21:59:49.533] Husby was here, and we are ready to go
[2026-05-21 21:59:49.547] AUTO-DISENGAGE: gear left Park (now D)
[2026-05-21 21:59:49.547] Husby was here, and we are ready to go
[2026-05-21 21:59:49.551] AUTO-DISENGAGE: gear left Park (now D)
[2026-05-21 21:59:49.551] Husby was here, and we are ready to go
[2026-05-21 21:59:49.572] AUTO-DISENGAGE: gear left Park (now D)
[2026-05-21 21:59:49.572] Husby was here, and we are ready to go
[2026-05-21 21:59:49.592] AUTO-DISENGAGE: gear left Park (now D)
[2026-05-21 21:59:49.592] Husby was here, and we are ready to go
[2026-05-21 21:59:49.612] AUTO-DISENGAGE: gear left Park (now D)
[2026-05-21 21:59:49.612] Husby was here, and we are ready to go
[2026-05-21 21:59:49.632] AUTO-DISENGAGE: gear left Park (now D)
[2026-05-21 21:59:49.632] Husby was here, and we are ready to go
[2026-05-21 21:59:49.647] AUTO-DISENGAGE: gear left Park (now D)
[2026-05-21 21:59:49.647] Husby was here, and we are ready to go
[2026-05-21 21:59:49.651] AUTO-DISENGAGE: gear left Park (now D)
[2026-05-21 21:59:49.651] Husby was here, and we are ready to go
[2026-05-21 21:59:49.672] AUTO-DISENGAGE: gear left Park (now D)
[2026-05-21 21:59:49.672] Husby was here, and we are ready to go
[2026-05-21 21:59:49.692] AUTO-DISENGAGE: gear left Park (now D)
[2026-05-21 21:59:49.692] Husby was here, and we are ready to go
[2026-05-21 21:59:49.712] AUTO-DISENGAGE: gear left Park (now D)
[2026-05-21 21:59:49.712] Husby was here, and we are ready to go
[2026-05-21 21:59:49.735] AUTO-DISENGAGE: gear left Park (now D)
[2026-05-21 21:59:49.735] Husby was here, and we are ready to go
[2026-05-21 21:59:49.748] AUTO-DISENGAGE: gear left Park (now D)
[2026-05-21 21:59:49.748] Husby was here, and we are ready to go
[2026-05-21 21:59:49.751] AUTO-DISENGAGE: gear left Park (now D)
[2026-05-21 21:59:49.751] Husby was here, and we are ready to go
[2026-05-21 21:59:49.774] AUTO-DISENGAGE: gear left Park (now D)
[2026-05-21 21:59:49.775] Husby was here, and we are ready to go
[2026-05-21 21:59:49.793] AUTO-DISENGAGE: gear left Park (now D)
[2026-05-21 21:59:49.793] Husby was here, and we are ready to go
[2026-05-21 21:59:49.814] AUTO-DISENGAGE: gear left Park (now D)
[2026-05-21 21:59:49.814] Husby was here, and we are ready to go
[2026-05-21 21:59:49.835] AUTO-DISENGAGE: gear left Park (now D)
[2026-05-21 21:59:49.835] Husby was here, and we are ready to go
[2026-05-21 21:59:49.847] AUTO-DISENGAGE: gear left Park (now D)
[2026-05-21 21:59:49.847] Husby was here, and we are ready to go
[2026-05-21 21:59:49.851] AUTO-DISENGAGE: gear left Park (now D)
[2026-05-21 21:59:49.851] Husby was here, and we are ready to go
[2026-05-21 21:59:49.874] AUTO-DISENGAGE: gear left Park (now D)
[2026-05-21 21:59:49.875] Husby was here, and we are ready to go
[2026-05-21 21:59:49.892] AUTO-DISENGAGE: gear left Park (now D)
[2026-05-21 21:59:49.893] Husby was here, and we are ready to go
[2026-05-21 21:59:49.912] AUTO-DISENGAGE: gear left Park (now D)
[2026-05-21 21:59:49.912] Husby was here, and we are ready to go
[2026-05-21 21:59:49.933] AUTO-DISENGAGE: gear left Park (now D)
[2026-05-21 21:59:49.933] Husby was here, and we are ready to go
[2026-05-21 21:59:49.947] AUTO-DISENGAGE: gear left Park (now D)
[2026-05-21 21:59:49.947] Husby was here, and we are ready to go
[2026-05-21 21:59:49.951] AUTO-DISENGAGE: gear left Park (now D)
[2026-05-21 21:59:49.951] Husby was here, and we are ready to go
[2026-05-21 21:59:49.974] AUTO-DISENGAGE: gear left Park (now D)
[2026-05-21 21:59:49.974] Husby was here, and we are ready to go
[2026-05-21 21:59:49.993] AUTO-DISENGAGE: gear left Park (now D)
[2026-05-21 21:59:49.993] Husby was here, and we are ready to go
[2026-05-21 21:59:50.015] AUTO-DISENGAGE: gear left Park (now D)
[2026-05-21 21:59:50.015] Husby was here, and we are ready to go
[2026-05-21 21:59:50.032] AUTO-DISENGAGE: gear left Park (now D)
[2026-05-21 21:59:50.033] Husby was here, and we are ready to go
[2026-05-21 21:59:50.049] AUTO-DISENGAGE: gear left Park (now D)
[2026-05-21 21:59:50.049] Husby was here, and we are ready to go
[2026-05-21 21:59:50.051] AUTO-DISENGAGE: gear left Park (now D)
[2026-05-21 21:59:50.051] Husby was here, and we are ready to go
[2026-05-21 21:59:50.073] AUTO-DISENGAGE: gear left Park (now D)
[2026-05-21 21:59:50.074] Husby was here, and we are ready to go
[2026-05-21 21:59:50.093] AUTO-DISENGAGE: gear left Park (now D)
[2026-05-21 21:59:50.093] Husby was here, and we are ready to go
[2026-05-21 21:59:50.114] AUTO-DISENGAGE: gear left Park (now D)
[2026-05-21 21:59:50.114] Husby was here, and we are ready to go
[2026-05-21 21:59:50.134] AUTO-DISENGAGE: gear left Park (now D)
[2026-05-21 21:59:50.134] Husby was here, and we are ready to go
[2026-05-21 21:59:50.148] AUTO-DISENGAGE: gear left Park (now D)
[2026-05-21 21:59:50.148] Husby was here, and we are ready to go
[2026-05-21 21:59:50.151] AUTO-DISENGAGE: gear left Park (now D)
[2026-05-21 21:59:50.151] Husby was here, and we are ready to go
[2026-05-21 21:59:50.174] AUTO-DISENGAGE: gear left Park (now D)
[2026-05-21 21:59:50.174] Husby was here, and we are ready to go
[2026-05-21 21:59:50.193] AUTO-DISENGAGE: gear left Park (now D)
[2026-05-21 21:59:50.193] Husby was here, and we are ready to go
[2026-05-21 21:59:50.214] AUTO-DISENGAGE: gear left Park (now D)
[2026-05-21 21:59:50.214] Husby was here, and we are ready to go
[2026-05-21 21:59:50.235] AUTO-DISENGAGE: gear left Park (now D)
[2026-05-21 21:59:50.235] Husby was here, and we are ready to go
[2026-05-21 21:59:50.247] AUTO-DISENGAGE: gear left Park (now D)
[2026-05-21 21:59:50.248] Husby was here, and we are ready to go
[2026-05-21 21:59:50.251] AUTO-DISENGAGE: gear left Park (now D)
[2026-05-21 21:59:50.251] Husby was here, and we are ready to go
[2026-05-21 21:59:50.275] AUTO-DISENGAGE: gear left Park (now D)
[2026-05-21 21:59:50.275] Husby was here, and we are ready to go
[2026-05-21 21:59:50.295] AUTO-DISENGAGE: gear left Park (now D)
[2026-05-21 21:59:50.295] Husby was here, and we are ready to go
[2026-05-21 21:59:50.316] AUTO-DISENGAGE: gear left Park (now D)
[2026-05-21 21:59:50.316] Husby was here, and we are ready to go
[2026-05-21 21:59:50.334] AUTO-DISENGAGE: gear left Park (now D)
[2026-05-21 21:59:50.334] Husby was here, and we are ready to go
[2026-05-21 21:59:50.349] AUTO-DISENGAGE: gear left Park (now D)
[2026-05-21 21:59:50.349] Husby was here, and we are ready to go
[2026-05-21 21:59:50.351] AUTO-DISENGAGE: gear left Park (now D)
[2026-05-21 21:59:50.351] Husby was here, and we are ready to go
[2026-05-21 21:59:50.374] AUTO-DISENGAGE: gear left Park (now D)
[2026-05-21 21:59:50.374] Husby was here, and we are ready to go
[2026-05-21 21:59:50.392] AUTO-DISENGAGE: gear left Park (now D)
[2026-05-21 21:59:50.392] Husby was here, and we are ready to go
[2026-05-21 21:59:50.412] AUTO-DISENGAGE: gear left Park (now D)
[2026-05-21 21:59:50.412] Husby was here, and we are ready to go
[2026-05-21 21:59:50.432] AUTO-DISENGAGE: gear left Park (now D)
[2026-05-21 21:59:50.432] Husby was here, and we are ready to go
[2026-05-21 21:59:50.447] AUTO-DISENGAGE: gear left Park (now D)
[2026-05-21 21:59:50.448] Husby was here, and we are ready to go
[2026-05-21 21:59:50.451] AUTO-DISENGAGE: gear left Park (now D)
[2026-05-21 21:59:50.451] Husby was here, and we are ready to go
[2026-05-21 21:59:50.472] AUTO-DISENGAGE: gear left Park (now D)
[2026-05-21 21:59:50.472] Husby was here, and we are ready to go
[2026-05-21 21:59:50.492] AUTO-DISENGAGE: gear left Park (now D)
[2026-05-21 21:59:50.492] Husby was here, and we are ready to go
[2026-05-21 21:59:50.512] AUTO-DISENGAGE: gear left Park (now D)
[2026-05-21 21:59:50.512] Husby was here, and we are ready to go
[2026-05-21 21:59:50.532] AUTO-DISENGAGE: gear left Park (now D)
[2026-05-21 21:59:50.532] Husby was here, and we are ready to go
[2026-05-21 21:59:50.547] AUTO-DISENGAGE: gear left Park (now D)
[2026-05-21 21:59:50.547] Husby was here, and we are ready to go
[2026-05-21 21:59:50.551] AUTO-DISENGAGE: gear left Park (now D)
[2026-05-21 21:59:50.551] Husby was here, and we are ready to go
[2026-05-21 21:59:50.575] AUTO-DISENGAGE: gear left Park (now D)
[2026-05-21 21:59:50.575] Husby was here, and we are ready to go
[2026-05-21 21:59:50.595] AUTO-DISENGAGE: gear left Park (now D)
[2026-05-21 21:59:50.595] Husby was here, and we are ready to go
[2026-05-21 21:59:50.614] AUTO-DISENGAGE: gear left Park (now D)
[2026-05-21 21:59:50.614] Husby was here, and we are ready to go
[2026-05-21 21:59:50.633] AUTO-DISENGAGE: gear left Park (now D)
[2026-05-21 21:59:50.633] Husby was here, and we are ready to go
[2026-05-21 21:59:50.647] AUTO-DISENGAGE: gear left Park (now D)
[2026-05-21 21:59:50.648] Husby was here, and we are ready to go
[2026-05-21 21:59:50.651] AUTO-DISENGAGE: gear left Park (now D)
[2026-05-21 21:59:50.651] Husby was here, and we are ready to go
[2026-05-21 21:59:50.674] AUTO-DISENGAGE: gear left Park (now D)
[2026-05-21 21:59:50.674] Husby was here, and we are ready to go
[2026-05-21 21:59:50.694] AUTO-DISENGAGE: gear left Park (now D)
[2026-05-21 21:59:50.695] Husby was here, and we are ready to go
[2026-05-21 21:59:50.713] AUTO-DISENGAGE: gear left Park (now D)
[2026-05-21 21:59:50.713] Husby was here, and we are ready to go
[2026-05-21 21:59:50.735] AUTO-DISENGAGE: gear left Park (now D)
[2026-05-21 21:59:50.735] Husby was here, and we are ready to go
[2026-05-21 21:59:50.747] AUTO-DISENGAGE: gear left Park (now D)
[2026-05-21 21:59:50.748] Husby was here, and we are ready to go
[2026-05-21 21:59:50.751] AUTO-DISENGAGE: gear left Park (now D)
[2026-05-21 21:59:50.752] Husby was here, and we are ready to go
[2026-05-21 21:59:50.775] AUTO-DISENGAGE: gear left Park (now D)
[2026-05-21 21:59:50.775] Husby was here, and we are ready to go
[2026-05-21 21:59:50.794] AUTO-DISENGAGE: gear left Park (now D)
[2026-05-21 21:59:50.794] Husby was here, and we are ready to go
[2026-05-21 21:59:50.814] AUTO-DISENGAGE: gear left Park (now D)
[2026-05-21 21:59:50.814] Husby was here, and we are ready to go
[2026-05-21 21:59:50.833] AUTO-DISENGAGE: gear left Park (now D)
[2026-05-21 21:59:50.834] Husby was here, and we are ready to go
[2026-05-21 21:59:50.847] AUTO-DISENGAGE: gear left Park (now D)
[2026-05-21 21:59:50.847] Husby was here, and we are ready to go
[2026-05-21 21:59:50.851] AUTO-DISENGAGE: gear left Park (now D)
[2026-05-21 21:59:50.852] Husby was here, and we are ready to go
[2026-05-21 21:59:50.875] AUTO-DISENGAGE: gear left Park (now D)
[2026-05-21 21:59:50.876] Husby was here, and we are ready to go
[2026-05-21 21:59:50.895] AUTO-DISENGAGE: gear left Park (now D)
[2026-05-21 21:59:50.896] Husby was here, and we are ready to go
[2026-05-21 21:59:50.915] AUTO-DISENGAGE: gear left Park (now D)
[2026-05-21 21:59:50.916] Husby was here, and we are ready to go
[2026-05-21 21:59:50.934] AUTO-DISENGAGE: gear left Park (now D)
[2026-05-21 21:59:50.934] Husby was here, and we are ready to go
[2026-05-21 21:59:50.949] AUTO-DISENGAGE: gear left Park (now D)
[2026-05-21 21:59:50.949] Husby was here, and we are ready to go
[2026-05-21 21:59:50.951] AUTO-DISENGAGE: gear left Park (now D)
[2026-05-21 21:59:50.951] Husby was here, and we are ready to go
[2026-05-21 21:59:50.973] AUTO-DISENGAGE: gear left Park (now D)
[2026-05-21 21:59:50.973] Husby was here, and we are ready to go
[2026-05-21 21:59:50.995] AUTO-DISENGAGE: gear left Park (now D)
[2026-05-21 21:59:50.996] Husby was here, and we are ready to go
[2026-05-21 21:59:51.015] AUTO-DISENGAGE: gear left Park (now D)
[2026-05-21 21:59:51.015] Husby was here, and we are ready to go
[2026-05-21 21:59:51.034] AUTO-DISENGAGE: gear left Park (now D)
[2026-05-21 21:59:51.034] Husby was here, and we are ready to go
[2026-05-21 21:59:51.049] AUTO-DISENGAGE: gear left Park (now D)
[2026-05-21 21:59:51.049] Husby was here, and we are ready to go
[2026-05-21 21:59:51.051] AUTO-DISENGAGE: gear left Park (now D)
[2026-05-21 21:59:51.051] Husby was here, and we are ready to go
[2026-05-21 21:59:51.076] AUTO-DISENGAGE: gear left Park (now D)
[2026-05-21 21:59:51.076] Husby was here, and we are ready to go
[2026-05-21 21:59:51.095] AUTO-DISENGAGE: gear left Park (now D)
[2026-05-21 21:59:51.095] Husby was here, and we are ready to go
[2026-05-21 21:59:51.113] AUTO-DISENGAGE: gear left Park (now D)
[2026-05-21 21:59:51.113] Husby was here, and we are ready to go
[2026-05-21 21:59:51.134] AUTO-DISENGAGE: gear left Park (now D)
[2026-05-21 21:59:51.134] Husby was here, and we are ready to go
[2026-05-21 21:59:51.147] AUTO-DISENGAGE: gear left Park (now D)
[2026-05-21 21:59:51.147] Husby was here, and we are ready to go
[2026-05-21 21:59:51.151] AUTO-DISENGAGE: gear left Park (now D)
[2026-05-21 21:59:51.151] Husby was here, and we are ready to go
[2026-05-21 21:59:51.172] AUTO-DISENGAGE: gear left Park (now D)
[2026-05-21 21:59:51.172] Husby was here, and we are ready to go
[2026-05-21 21:59:51.192] AUTO-DISENGAGE: gear left Park (now D)
[2026-05-21 21:59:51.192] Husby was here, and we are ready to go
[2026-05-21 21:59:51.212] AUTO-DISENGAGE: gear left Park (now D)
[2026-05-21 21:59:51.212] Husby was here, and we are ready to go
[2026-05-21 21:59:51.236] AUTO-DISENGAGE: gear left Park (now D)
[2026-05-21 21:59:51.236] Husby was here, and we are ready to go
[2026-05-21 21:59:51.249] AUTO-DISENGAGE: gear left Park (now D)
[2026-05-21 21:59:51.249] Husby was here, and we are ready to go
[2026-05-21 21:59:51.251] AUTO-DISENGAGE: gear left Park (now D)
[2026-05-21 21:59:51.251] Husby was here, and we are ready to go
[2026-05-21 21:59:51.275] AUTO-DISENGAGE: gear left Park (now D)
[2026-05-21 21:59:51.275] Husby was here, and we are ready to go
[2026-05-21 21:59:51.295] AUTO-DISENGAGE: gear left Park (now D)
[2026-05-21 21:59:51.295] Husby was here, and we are ready to go
[2026-05-21 21:59:51.316] AUTO-DISENGAGE: gear left Park (now D)
[2026-05-21 21:59:51.316] Husby was here, and we are ready to go
[2026-05-21 21:59:51.334] AUTO-DISENGAGE: gear left Park (now D)
[2026-05-21 21:59:51.335] Husby was here, and we are ready to go
[2026-05-21 21:59:51.348] AUTO-DISENGAGE: gear left Park (now D)
[2026-05-21 21:59:51.349] Husby was here, and we are ready to go
[2026-05-21 21:59:51.351] AUTO-DISENGAGE: gear left Park (now D)
[2026-05-21 21:59:51.351] Husby was here, and we are ready to go
[2026-05-21 21:59:51.374] AUTO-DISENGAGE: gear left Park (now D)
[2026-05-21 21:59:51.375] Husby was here, and we are ready to go
[2026-05-21 21:59:51.396] AUTO-DISENGAGE: gear left Park (now D)
[2026-05-21 21:59:51.396] Husby was here, and we are ready to go
[2026-05-21 21:59:51.414] AUTO-DISENGAGE: gear left Park (now D)
[2026-05-21 21:59:51.414] Husby was here, and we are ready to go
[2026-05-21 21:59:51.433] AUTO-DISENGAGE: gear left Park (now D)
[2026-05-21 21:59:51.433] Husby was here, and we are ready to go
[2026-05-21 21:59:51.448] AUTO-DISENGAGE: gear left Park (now D)
[2026-05-21 21:59:51.448] Husby was here, and we are ready to go
[2026-05-21 21:59:51.451] AUTO-DISENGAGE: gear left Park (now D)
[2026-05-21 21:59:51.452] Husby was here, and we are ready to go
[2026-05-21 21:59:51.474] AUTO-DISENGAGE: gear left Park (now D)
[2026-05-21 21:59:51.475] Husby was here, and we are ready to go
[2026-05-21 21:59:51.495] AUTO-DISENGAGE: gear left Park (now D)
[2026-05-21 21:59:51.495] Husby was here, and we are ready to go
[2026-05-21 21:59:51.513] AUTO-DISENGAGE: gear left Park (now D)
[2026-05-21 21:59:51.513] Husby was here, and we are ready to go
[2026-05-21 21:59:51.534] AUTO-DISENGAGE: gear left Park (now D)
[2026-05-21 21:59:51.534] Husby was here, and we are ready to go
[2026-05-21 21:59:51.547] AUTO-DISENGAGE: gear left Park (now D)
[2026-05-21 21:59:51.547] Husby was here, and we are ready to go
[2026-05-21 21:59:51.551] AUTO-DISENGAGE: gear left Park (now D)
[2026-05-21 21:59:51.551] Husby was here, and we are ready to go
[2026-05-21 21:59:51.575] AUTO-DISENGAGE: gear left Park (now D)
[2026-05-21 21:59:51.575] Husby was here, and we are ready to go
[2026-05-21 21:59:51.595] AUTO-DISENGAGE: gear left Park (now D)
[2026-05-21 21:59:51.595] Husby was here, and we are ready to go
[2026-05-21 21:59:51.615] AUTO-DISENGAGE: gear left Park (now D)
[2026-05-21 21:59:51.616] Husby was here, and we are ready to go
[2026-05-21 21:59:51.635] AUTO-DISENGAGE: gear left Park (now D)
[2026-05-21 21:59:51.635] Husby was here, and we are ready to go
[2026-05-21 21:59:51.647] AUTO-DISENGAGE: gear left Park (now D)
[2026-05-21 21:59:51.647] Husby was here, and we are ready to go
[2026-05-21 21:59:51.651] AUTO-DISENGAGE: gear left Park (now D)
[2026-05-21 21:59:51.651] Husby was here, and we are ready to go
[2026-05-21 21:59:51.673] AUTO-DISENGAGE: gear left Park (now D)
[2026-05-21 21:59:51.673] Husby was here, and we are ready to go
[2026-05-21 21:59:51.692] AUTO-DISENGAGE: gear left Park (now D)
[2026-05-21 21:59:51.693] Husby was here, and we are ready to go
[2026-05-21 21:59:51.712] AUTO-DISENGAGE: gear left Park (now D)
[2026-05-21 21:59:51.712] Husby was here, and we are ready to go
[2026-05-21 21:59:51.732] AUTO-DISENGAGE: gear left Park (now D)
[2026-05-21 21:59:51.732] Husby was here, and we are ready to go
[2026-05-21 21:59:51.747] AUTO-DISENGAGE: gear left Park (now D)
[2026-05-21 21:59:51.747] Husby was here, and we are ready to go
[2026-05-21 21:59:51.751] AUTO-DISENGAGE: gear left Park (now D)
[2026-05-21 21:59:51.751] Husby was here, and we are ready to go
[2026-05-21 21:59:51.772] AUTO-DISENGAGE: gear left Park (now D)
[2026-05-21 21:59:51.772] Husby was here, and we are ready to go
[2026-05-21 21:59:51.792] AUTO-DISENGAGE: gear left Park (now D)
[2026-05-21 21:59:51.792] Husby was here, and we are ready to go
[2026-05-21 21:59:51.812] AUTO-DISENGAGE: gear left Park (now D)
[2026-05-21 21:59:51.812] Husby was here, and we are ready to go
[2026-05-21 21:59:51.833] AUTO-DISENGAGE: gear left Park (now D)
[2026-05-21 21:59:51.833] Husby was here, and we are ready to go
[2026-05-21 21:59:51.848] AUTO-DISENGAGE: gear left Park (now D)
[2026-05-21 21:59:51.848] Husby was here, and we are ready to go
[2026-05-21 21:59:51.851] AUTO-DISENGAGE: gear left Park (now D)
[2026-05-21 21:59:51.851] Husby was here, and we are ready to go
[2026-05-21 21:59:51.872] AUTO-DISENGAGE: gear left Park (now D)
[2026-05-21 21:59:51.872] Husby was here, and we are ready to go
[2026-05-21 21:59:51.892] AUTO-DISENGAGE: gear left Park (now D)
[2026-05-21 21:59:51.892] Husby was here, and we are ready to go
[2026-05-21 21:59:51.913] AUTO-DISENGAGE: gear left Park (now D)
[2026-05-21 21:59:51.914] Husby was here, and we are ready to go
[2026-05-21 21:59:51.933] AUTO-DISENGAGE: gear left Park (now D)
[2026-05-21 21:59:51.933] Husby was here, and we are ready to go
[2026-05-21 21:59:51.947] AUTO-DISENGAGE: gear left Park (now D)
[2026-05-21 21:59:51.947] Husby was here, and we are ready to go
[2026-05-21 21:59:51.951] AUTO-DISENGAGE: gear left Park (now D)
[2026-05-21 21:59:51.952] Husby was here, and we are ready to go
[2026-05-21 21:59:51.973] AUTO-DISENGAGE: gear left Park (now D)
[2026-05-21 21:59:51.973] Husby was here, and we are ready to go
[2026-05-21 21:59:51.993] AUTO-DISENGAGE: gear left Park (now D)
[2026-05-21 21:59:51.993] Husby was here, and we are ready to go
[2026-05-21 21:59:52.012] AUTO-DISENGAGE: gear left Park (now D)
[2026-05-21 21:59:52.012] Husby was here, and we are ready to go
[2026-05-21 21:59:52.032] AUTO-DISENGAGE: gear left Park (now D)
[2026-05-21 21:59:52.032] Husby was here, and we are ready to go
[2026-05-21 21:59:52.047] AUTO-DISENGAGE: gear left Park (now D)
[2026-05-21 21:59:52.048] Husby was here, and we are ready to go
[2026-05-21 21:59:52.051] AUTO-DISENGAGE: gear left Park (now D)
[2026-05-21 21:59:52.051] Husby was here, and we are ready to go
[2026-05-21 21:59:52.073] AUTO-DISENGAGE: gear left Park (now D)
[2026-05-21 21:59:52.073] Husby was here, and we are ready to go
[2026-05-21 21:59:52.092] AUTO-DISENGAGE: gear left Park (now D)
[2026-05-21 21:59:52.092] Husby was here, and we are ready to go
[2026-05-21 21:59:52.112] AUTO-DISENGAGE: gear left Park (now D)
[2026-05-21 21:59:52.112] Husby was here, and we are ready to go
[2026-05-21 21:59:52.132] AUTO-DISENGAGE: gear left Park (now D)
[2026-05-21 21:59:52.133] Husby was here, and we are ready to go
[2026-05-21 21:59:52.147] AUTO-DISENGAGE: gear left Park (now D)
[2026-05-21 21:59:52.147] Husby was here, and we are ready to go
[2026-05-21 21:59:52.151] AUTO-DISENGAGE: gear left Park (now D)
[2026-05-21 21:59:52.151] Husby was here, and we are ready to go
[2026-05-21 21:59:52.172] AUTO-DISENGAGE: gear left Park (now D)
[2026-05-21 21:59:52.172] Husby was here, and we are ready to go
[2026-05-21 21:59:52.192] AUTO-DISENGAGE: gear left Park (now D)
[2026-05-21 21:59:52.192] Husby was here, and we are ready to go
[2026-05-21 21:59:52.212] AUTO-DISENGAGE: gear left Park (now D)
[2026-05-21 21:59:52.212] Husby was here, and we are ready to go
[2026-05-21 21:59:52.233] AUTO-DISENGAGE: gear left Park (now D)
[2026-05-21 21:59:52.233] Husby was here, and we are ready to go
[2026-05-21 21:59:52.247] AUTO-DISENGAGE: gear left Park (now D)
[2026-05-21 21:59:52.248] Husby was here, and we are ready to go
[2026-05-21 21:59:52.251] AUTO-DISENGAGE: gear left Park (now D)
[2026-05-21 21:59:52.251] Husby was here, and we are ready to go
[2026-05-21 21:59:52.273] AUTO-DISENGAGE: gear left Park (now D)
[2026-05-21 21:59:52.273] Husby was here, and we are ready to go
[2026-05-21 21:59:52.292] AUTO-DISENGAGE: gear left Park (now D)
[2026-05-21 21:59:52.292] Husby was here, and we are ready to go
[2026-05-21 21:59:52.312] AUTO-DISENGAGE: gear left Park (now D)
[2026-05-21 21:59:52.312] Husby was here, and we are ready to go
[2026-05-21 21:59:52.333] AUTO-DISENGAGE: gear left Park (now D)
[2026-05-21 21:59:52.333] Husby was here, and we are ready to go
[2026-05-21 21:59:52.347] AUTO-DISENGAGE: gear left Park (now D)
[2026-05-21 21:59:52.347] Husby was here, and we are ready to go
[2026-05-21 21:59:52.352] AUTO-DISENGAGE: gear left Park (now D)
[2026-05-21 21:59:52.352] Husby was here, and we are ready to go
[2026-05-21 21:59:52.375] AUTO-DISENGAGE: gear left Park (now D)
[2026-05-21 21:59:52.376] Husby was here, and we are ready to go
[2026-05-21 21:59:52.396] AUTO-DISENGAGE: gear left Park (now D)
[2026-05-21 21:59:52.396] Husby was here, and we are ready to go
[2026-05-21 21:59:52.415] AUTO-DISENGAGE: gear left Park (now D)
[2026-05-21 21:59:52.416] Husby was here, and we are ready to go
[2026-05-21 21:59:52.435] AUTO-DISENGAGE: gear left Park (now D)
[2026-05-21 21:59:52.436] Husby was here, and we are ready to go
[2026-05-21 21:59:52.448] AUTO-DISENGAGE: gear left Park (now D)
[2026-05-21 21:59:52.448] Husby was here, and we are ready to go
[2026-05-21 21:59:52.451] AUTO-DISENGAGE: gear left Park (now D)
[2026-05-21 21:59:52.452] Husby was here, and we are ready to go
[2026-05-21 21:59:52.476] AUTO-DISENGAGE: gear left Park (now D)
[2026-05-21 21:59:52.476] Husby was here, and we are ready to go
[2026-05-21 21:59:52.495] AUTO-DISENGAGE: gear left Park (now D)
[2026-05-21 21:59:52.495] Husby was here, and we are ready to go
[2026-05-21 21:59:52.515] AUTO-DISENGAGE: gear left Park (now D)
[2026-05-21 21:59:52.515] Husby was here, and we are ready to go
[2026-05-21 21:59:52.536] AUTO-DISENGAGE: gear left Park (now D)
[2026-05-21 21:59:52.536] Husby was here, and we are ready to go
[2026-05-21 21:59:52.548] AUTO-DISENGAGE: gear left Park (now D)
[2026-05-21 21:59:52.548] Husby was here, and we are ready to go
[2026-05-21 21:59:52.551] AUTO-DISENGAGE: gear left Park (now D)
[2026-05-21 21:59:52.552] Husby was here, and we are ready to go
[2026-05-21 21:59:52.575] AUTO-DISENGAGE: gear left Park (now D)
[2026-05-21 21:59:52.575] Husby was here, and we are ready to go
[2026-05-21 21:59:52.593] AUTO-DISENGAGE: gear left Park (now D)
[2026-05-21 21:59:52.593] Husby was here, and we are ready to go
[2026-05-21 21:59:52.613] AUTO-DISENGAGE: gear left Park (now D)
[2026-05-21 21:59:52.613] Husby was here, and we are ready to go
[2026-05-21 21:59:52.632] AUTO-DISENGAGE: gear left Park (now D)
[2026-05-21 21:59:52.632] Husby was here, and we are ready to go
[2026-05-21 21:59:52.647] AUTO-DISENGAGE: gear left Park (now D)
[2026-05-21 21:59:52.647] Husby was here, and we are ready to go
[2026-05-21 21:59:52.651] AUTO-DISENGAGE: gear left Park (now D)
[2026-05-21 21:59:52.651] Husby was here, and we are ready to go
[2026-05-21 21:59:52.676] AUTO-DISENGAGE: gear left Park (now D)
[2026-05-21 21:59:52.676] Husby was here, and we are ready to go
[2026-05-21 21:59:52.695] AUTO-DISENGAGE: gear left Park (now D)
[2026-05-21 21:59:52.695] Husby was here, and we are ready to go
[2026-05-21 21:59:52.717] AUTO-DISENGAGE: gear left Park (now D)
[2026-05-21 21:59:52.717] Husby was here, and we are ready to go
[2026-05-21 21:59:52.735] AUTO-DISENGAGE: gear left Park (now D)
[2026-05-21 21:59:52.735] Husby was here, and we are ready to go
[2026-05-21 21:59:52.749] AUTO-DISENGAGE: gear left Park (now D)
[2026-05-21 21:59:52.749] Husby was here, and we are ready to go
[2026-05-21 21:59:52.751] AUTO-DISENGAGE: gear left Park (now D)
[2026-05-21 21:59:52.752] Husby was here, and we are ready to go
[2026-05-21 21:59:52.776] AUTO-DISENGAGE: gear left Park (now D)
[2026-05-21 21:59:52.776] Husby was here, and we are ready to go
[2026-05-21 21:59:52.796] AUTO-DISENGAGE: gear left Park (now D)
[2026-05-21 21:59:52.796] Husby was here, and we are ready to go
[2026-05-21 21:59:52.815] AUTO-DISENGAGE: gear left Park (now D)
[2026-05-21 21:59:52.816] Husby was here, and we are ready to go
[2026-05-21 21:59:52.835] AUTO-DISENGAGE: gear left Park (now D)
[2026-05-21 21:59:52.836] Husby was here, and we are ready to go
[2026-05-21 21:59:52.848] AUTO-DISENGAGE: gear left Park (now D)
[2026-05-21 21:59:52.848] Husby was here, and we are ready to go
[2026-05-21 21:59:52.852] AUTO-DISENGAGE: gear left Park (now D)
[2026-05-21 21:59:52.852] Husby was here, and we are ready to go
[2026-05-21 21:59:52.874] AUTO-DISENGAGE: gear left Park (now D)
[2026-05-21 21:59:52.875] Husby was here, and we are ready to go
[2026-05-21 21:59:52.893] AUTO-DISENGAGE: gear left Park (now D)
[2026-05-21 21:59:52.893] Husby was here, and we are ready to go
[2026-05-21 21:59:52.915] AUTO-DISENGAGE: gear left Park (now D)
[2026-05-21 21:59:52.915] Husby was here, and we are ready to go
[2026-05-21 21:59:52.933] AUTO-DISENGAGE: gear left Park (now D)
[2026-05-21 21:59:52.933] Husby was here, and we are ready to go
[2026-05-21 21:59:52.947] AUTO-DISENGAGE: gear left Park (now D)
[2026-05-21 21:59:52.947] Husby was here, and we are ready to go
[2026-05-21 21:59:52.952] AUTO-DISENGAGE: gear left Park (now D)
[2026-05-21 21:59:52.952] Husby was here, and we are ready to go
[2026-05-21 21:59:52.975] AUTO-DISENGAGE: gear left Park (now D)
[2026-05-21 21:59:52.975] Husby was here, and we are ready to go
[2026-05-21 21:59:52.996] AUTO-DISENGAGE: gear left Park (now D)
[2026-05-21 21:59:52.996] Husby was here, and we are ready to go
[2026-05-21 21:59:53.016] AUTO-DISENGAGE: gear left Park (now D)
[2026-05-21 21:59:53.016] Husby was here, and we are ready to go
[2026-05-21 21:59:53.034] AUTO-DISENGAGE: gear left Park (now D)
[2026-05-21 21:59:53.035] Husby was here, and we are ready to go
[2026-05-21 21:59:53.049] AUTO-DISENGAGE: gear left Park (now D)
[2026-05-21 21:59:53.049] Husby was here, and we are ready to go
[2026-05-21 21:59:53.051] AUTO-DISENGAGE: gear left Park (now D)
[2026-05-21 21:59:53.052] Husby was here, and we are ready to go
[2026-05-21 21:59:53.073] AUTO-DISENGAGE: gear left Park (now D)
[2026-05-21 21:59:53.074] Husby was here, and we are ready to go
[2026-05-21 21:59:53.094] AUTO-DISENGAGE: gear left Park (now D)
[2026-05-21 21:59:53.094] Husby was here, and we are ready to go
[2026-05-21 21:59:53.115] AUTO-DISENGAGE: gear left Park (now D)
[2026-05-21 21:59:53.115] Husby was here, and we are ready to go
[2026-05-21 21:59:53.134] AUTO-DISENGAGE: gear left Park (now D)
[2026-05-21 21:59:53.134] Husby was here, and we are ready to go
[2026-05-21 21:59:53.148] AUTO-DISENGAGE: gear left Park (now D)
[2026-05-21 21:59:53.148] Husby was here, and we are ready to go
[2026-05-21 21:59:53.151] AUTO-DISENGAGE: gear left Park (now D)
[2026-05-21 21:59:53.152] Husby was here, and we are ready to go
[2026-05-21 21:59:53.176] AUTO-DISENGAGE: gear left Park (now D)
[2026-05-21 21:59:53.176] Husby was here, and we are ready to go
[2026-05-21 21:59:53.195] AUTO-DISENGAGE: gear left Park (now D)
[2026-05-21 21:59:53.195] Husby was here, and we are ready to go
[2026-05-21 21:59:53.214] AUTO-DISENGAGE: gear left Park (now D)
[2026-05-21 21:59:53.215] Husby was here, and we are ready to go
[2026-05-21 21:59:53.235] AUTO-DISENGAGE: gear left Park (now D)
[2026-05-21 21:59:53.235] Husby was here, and we are ready to go
[2026-05-21 21:59:53.247] AUTO-DISENGAGE: gear left Park (now D)
[2026-05-21 21:59:53.247] Husby was here, and we are ready to go
[2026-05-21 21:59:53.252] AUTO-DISENGAGE: gear left Park (now D)
[2026-05-21 21:59:53.252] Husby was here, and we are ready to go
[2026-05-21 21:59:53.275] AUTO-DISENGAGE: gear left Park (now D)
[2026-05-21 21:59:53.276] Husby was here, and we are ready to go
[2026-05-21 21:59:53.295] AUTO-DISENGAGE: gear left Park (now D)
[2026-05-21 21:59:53.295] Husby was here, and we are ready to go
[2026-05-21 21:59:53.316] AUTO-DISENGAGE: gear left Park (now D)
[2026-05-21 21:59:53.316] Husby was here, and we are ready to go
[2026-05-21 21:59:53.335] AUTO-DISENGAGE: gear left Park (now D)
[2026-05-21 21:59:53.335] Husby was here, and we are ready to go
[2026-05-21 21:59:53.348] AUTO-DISENGAGE: gear left Park (now D)
[2026-05-21 21:59:53.348] Husby was here, and we are ready to go
[2026-05-21 21:59:53.351] AUTO-DISENGAGE: gear left Park (now D)
[2026-05-21 21:59:53.352] Husby was here, and we are ready to go
[2026-05-21 21:59:53.376] AUTO-DISENGAGE: gear left Park (now D)
[2026-05-21 21:59:53.376] Husby was here, and we are ready to go
[2026-05-21 21:59:53.394] AUTO-DISENGAGE: gear left Park (now D)
[2026-05-21 21:59:53.394] Husby was here, and we are ready to go
[2026-05-21 21:59:53.413] AUTO-DISENGAGE: gear left Park (now D)
[2026-05-21 21:59:53.413] Husby was here, and we are ready to go
[2026-05-21 21:59:53.432] AUTO-DISENGAGE: gear left Park (now D)
[2026-05-21 21:59:53.432] Husby was here, and we are ready to go
[2026-05-21 21:59:53.447] AUTO-DISENGAGE: gear left Park (now D)
[2026-05-21 21:59:53.448] Husby was here, and we are ready to go
[2026-05-21 21:59:53.452] AUTO-DISENGAGE: gear left Park (now D)
[2026-05-21 21:59:53.452] Husby was here, and we are ready to go
[2026-05-21 21:59:53.473] AUTO-DISENGAGE: gear left Park (now D)
[2026-05-21 21:59:53.473] Husby was here, and we are ready to go
[2026-05-21 21:59:53.496] AUTO-DISENGAGE: gear left Park (now D)
[2026-05-21 21:59:53.496] Husby was here, and we are ready to go
[2026-05-21 21:59:53.514] AUTO-DISENGAGE: gear left Park (now D)
[2026-05-21 21:59:53.514] Husby was here, and we are ready to go
[2026-05-21 21:59:53.535] AUTO-DISENGAGE: gear left Park (now D)
[2026-05-21 21:59:53.535] Husby was here, and we are ready to go
[2026-05-21 21:59:53.548] AUTO-DISENGAGE: gear left Park (now D)
[2026-05-21 21:59:53.548] Husby was here, and we are ready to go
[2026-05-21 21:59:53.552] AUTO-DISENGAGE: gear left Park (now D)
[2026-05-21 21:59:53.552] Husby was here, and we are ready to go
[2026-05-21 21:59:53.575] AUTO-DISENGAGE: gear left Park (now D)
[2026-05-21 21:59:53.575] Husby was here, and we are ready to go
[2026-05-21 21:59:53.595] AUTO-DISENGAGE: gear left Park (now D)
[2026-05-21 21:59:53.596] Husby was here, and we are ready to go
[2026-05-21 21:59:53.615] AUTO-DISENGAGE: gear left Park (now D)
[2026-05-21 21:59:53.615] Husby was here, and we are ready to go
[2026-05-21 21:59:53.633] AUTO-DISENGAGE: gear left Park (now D)
[2026-05-21 21:59:53.633] Husby was here, and we are ready to go
[2026-05-21 21:59:53.647] AUTO-DISENGAGE: gear left Park (now D)
[2026-05-21 21:59:53.648] Husby was here, and we are ready to go
[2026-05-21 21:59:53.652] AUTO-DISENGAGE: gear left Park (now D)
[2026-05-21 21:59:53.652] Husby was here, and we are ready to go
[2026-05-21 21:59:53.675] AUTO-DISENGAGE: gear left Park (now D)
[2026-05-21 21:59:53.675] Husby was here, and we are ready to go
[2026-05-21 21:59:53.694] AUTO-DISENGAGE: gear left Park (now D)
[2026-05-21 21:59:53.694] Husby was here, and we are ready to go
[2026-05-21 21:59:53.713] AUTO-DISENGAGE: gear left Park (now D)
[2026-05-21 21:59:53.713] Husby was here, and we are ready to go
[2026-05-21 21:59:53.734] AUTO-DISENGAGE: gear left Park (now D)
[2026-05-21 21:59:53.734] Husby was here, and we are ready to go
[2026-05-21 21:59:53.748] AUTO-DISENGAGE: gear left Park (now D)
[2026-05-21 21:59:53.748] Husby was here, and we are ready to go
[2026-05-21 21:59:53.752] AUTO-DISENGAGE: gear left Park (now D)
[2026-05-21 21:59:53.752] Husby was here, and we are ready to go
[2026-05-21 21:59:53.774] AUTO-DISENGAGE: gear left Park (now D)
[2026-05-21 21:59:53.774] Husby was here, and we are ready to go
[2026-05-21 21:59:53.793] AUTO-DISENGAGE: gear left Park (now D)
[2026-05-21 21:59:53.793] Husby was here, and we are ready to go
[2026-05-21 21:59:53.814] AUTO-DISENGAGE: gear left Park (now D)
[2026-05-21 21:59:53.814] Husby was here, and we are ready to go
[2026-05-21 21:59:53.834] AUTO-DISENGAGE: gear left Park (now D)
[2026-05-21 21:59:53.834] Husby was here, and we are ready to go
[2026-05-21 21:59:53.847] AUTO-DISENGAGE: gear left Park (now D)
[2026-05-21 21:59:53.847] Husby was here, and we are ready to go
[2026-05-21 21:59:53.851] AUTO-DISENGAGE: gear left Park (now D)
[2026-05-21 21:59:53.852] Husby was here, and we are ready to go
[2026-05-21 21:59:53.873] AUTO-DISENGAGE: gear left Park (now D)
[2026-05-21 21:59:53.873] Husby was here, and we are ready to go
[2026-05-21 21:59:53.892] AUTO-DISENGAGE: gear left Park (now D)
[2026-05-21 21:59:53.892] Husby was here, and we are ready to go
[2026-05-21 21:59:53.913] AUTO-DISENGAGE: gear left Park (now D)
[2026-05-21 21:59:53.913] Husby was here, and we are ready to go
[2026-05-21 21:59:53.933] AUTO-DISENGAGE: gear left Park (now D)
[2026-05-21 21:59:53.933] Husby was here, and we are ready to go
[2026-05-21 21:59:53.947] AUTO-DISENGAGE: gear left Park (now D)
[2026-05-21 21:59:53.947] Husby was here, and we are ready to go
[2026-05-21 21:59:53.951] AUTO-DISENGAGE: gear left Park (now D)
[2026-05-21 21:59:53.952] Husby was here, and we are ready to go
[2026-05-21 21:59:53.973] AUTO-DISENGAGE: gear left Park (now D)
[2026-05-21 21:59:53.973] Husby was here, and we are ready to go
[2026-05-21 21:59:53.992] AUTO-DISENGAGE: gear left Park (now D)
[2026-05-21 21:59:53.992] Husby was here, and we are ready to go
[2026-05-21 21:59:54.013] AUTO-DISENGAGE: gear left Park (now D)
[2026-05-21 21:59:54.013] Husby was here, and we are ready to go
[2026-05-21 21:59:54.033] AUTO-DISENGAGE: gear left Park (now D)
[2026-05-21 21:59:54.033] Husby was here, and we are ready to go
[2026-05-21 21:59:54.048] AUTO-DISENGAGE: gear left Park (now D)
[2026-05-21 21:59:54.048] Husby was here, and we are ready to go
[2026-05-21 21:59:54.051] AUTO-DISENGAGE: gear left Park (now D)
[2026-05-21 21:59:54.052] Husby was here, and we are ready to go
[2026-05-21 21:59:54.073] AUTO-DISENGAGE: gear left Park (now D)
[2026-05-21 21:59:54.073] Husby was here, and we are ready to go
[2026-05-21 21:59:54.092] AUTO-DISENGAGE: gear left Park (now D)
[2026-05-21 21:59:54.093] Husby was here, and we are ready to go
[2026-05-21 21:59:54.116] AUTO-DISENGAGE: gear left Park (now D)
[2026-05-21 21:59:54.116] Husby was here, and we are ready to go
[2026-05-21 21:59:54.136] AUTO-DISENGAGE: gear left Park (now D)
[2026-05-21 21:59:54.136] Husby was here, and we are ready to go
[2026-05-21 21:59:54.149] AUTO-DISENGAGE: gear left Park (now D)
[2026-05-21 21:59:54.149] Husby was here, and we are ready to go
[2026-05-21 21:59:54.152] AUTO-DISENGAGE: gear left Park (now D)
[2026-05-21 21:59:54.152] Husby was here, and we are ready to go
[2026-05-21 21:59:54.175] AUTO-DISENGAGE: gear left Park (now D)
[2026-05-21 21:59:54.175] Husby was here, and we are ready to go
[2026-05-21 21:59:54.195] AUTO-DISENGAGE: gear left Park (now D)
[2026-05-21 21:59:54.196] Husby was here, and we are ready to go
[2026-05-21 21:59:54.215] AUTO-DISENGAGE: gear left Park (now D)
[2026-05-21 21:59:54.215] Husby was here, and we are ready to go
[2026-05-21 21:59:54.233] AUTO-DISENGAGE: gear left Park (now D)
[2026-05-21 21:59:54.234] Husby was here, and we are ready to go
[2026-05-21 21:59:54.248] AUTO-DISENGAGE: gear left Park (now D)
[2026-05-21 21:59:54.248] Husby was here, and we are ready to go
[2026-05-21 21:59:54.252] AUTO-DISENGAGE: gear left Park (now D)
[2026-05-21 21:59:54.252] Husby was here, and we are ready to go
[2026-05-21 21:59:54.273] AUTO-DISENGAGE: gear left Park (now D)
[2026-05-21 21:59:54.273] Husby was here, and we are ready to go
[2026-05-21 21:59:54.296] AUTO-DISENGAGE: gear left Park (now D)
[2026-05-21 21:59:54.296] Husby was here, and we are ready to go
[2026-05-21 21:59:54.316] AUTO-DISENGAGE: gear left Park (now D)
[2026-05-21 21:59:54.316] Husby was here, and we are ready to go
[2026-05-21 21:59:54.335] AUTO-DISENGAGE: gear left Park (now D)
[2026-05-21 21:59:54.336] Husby was here, and we are ready to go
[2026-05-21 21:59:54.348] AUTO-DISENGAGE: gear left Park (now D)
[2026-05-21 21:59:54.348] Husby was here, and we are ready to go
[2026-05-21 21:59:54.352] AUTO-DISENGAGE: gear left Park (now D)
[2026-05-21 21:59:54.352] Husby was here, and we are ready to go
[2026-05-21 21:59:54.374] AUTO-DISENGAGE: gear left Park (now D)
[2026-05-21 21:59:54.374] Husby was here, and we are ready to go
[2026-05-21 21:59:54.394] AUTO-DISENGAGE: gear left Park (now D)
[2026-05-21 21:59:54.395] Husby was here, and we are ready to go
[2026-05-21 21:59:54.414] AUTO-DISENGAGE: gear left Park (now D)
[2026-05-21 21:59:54.414] Husby was here, and we are ready to go
[2026-05-21 21:59:54.435] AUTO-DISENGAGE: gear left Park (now D)
[2026-05-21 21:59:54.435] Husby was here, and we are ready to go
[2026-05-21 21:59:54.447] AUTO-DISENGAGE: gear left Park (now D)
[2026-05-21 21:59:54.447] Husby was here, and we are ready to go
[2026-05-21 21:59:54.452] AUTO-DISENGAGE: gear left Park (now D)
[2026-05-21 21:59:54.452] Husby was here, and we are ready to go
[2026-05-21 21:59:54.476] AUTO-DISENGAGE: gear left Park (now D)
[2026-05-21 21:59:54.476] Husby was here, and we are ready to go
[2026-05-21 21:59:54.495] AUTO-DISENGAGE: gear left Park (now D)
[2026-05-21 21:59:54.496] Husby was here, and we are ready to go
[2026-05-21 21:59:54.516] AUTO-DISENGAGE: gear left Park (now D)
[2026-05-21 21:59:54.516] Husby was here, and we are ready to go
[2026-05-21 21:59:54.535] AUTO-DISENGAGE: gear left Park (now D)
[2026-05-21 21:59:54.535] Husby was here, and we are ready to go
[2026-05-21 21:59:54.549] AUTO-DISENGAGE: gear left Park (now D)
[2026-05-21 21:59:54.549] Husby was here, and we are ready to go
[2026-05-21 21:59:54.552] AUTO-DISENGAGE: gear left Park (now D)
[2026-05-21 21:59:54.552] Husby was here, and we are ready to go
[2026-05-21 21:59:54.575] AUTO-DISENGAGE: gear left Park (now D)
[2026-05-21 21:59:54.575] Husby was here, and we are ready to go
[2026-05-21 21:59:54.593] AUTO-DISENGAGE: gear left Park (now D)
[2026-05-21 21:59:54.593] Husby was here, and we are ready to go
[2026-05-21 21:59:54.613] AUTO-DISENGAGE: gear left Park (now D)
[2026-05-21 21:59:54.614] Husby was here, and we are ready to go
[2026-05-21 21:59:54.634] AUTO-DISENGAGE: gear left Park (now D)
[2026-05-21 21:59:54.635] Husby was here, and we are ready to go
[2026-05-21 21:59:54.647] AUTO-DISENGAGE: gear left Park (now D)
[2026-05-21 21:59:54.647] Husby was here, and we are ready to go
[2026-05-21 21:59:54.652] AUTO-DISENGAGE: gear left Park (now D)
[2026-05-21 21:59:54.652] Husby was here, and we are ready to go
[2026-05-21 21:59:54.673] AUTO-DISENGAGE: gear left Park (now D)
[2026-05-21 21:59:54.673] Husby was here, and we are ready to go
[2026-05-21 21:59:54.694] AUTO-DISENGAGE: gear left Park (now D)
[2026-05-21 21:59:54.695] Husby was here, and we are ready to go
[2026-05-21 21:59:54.716] AUTO-DISENGAGE: gear left Park (now D)
[2026-05-21 21:59:54.716] Husby was here, and we are ready to go
[2026-05-21 21:59:54.736] AUTO-DISENGAGE: gear left Park (now D)
[2026-05-21 21:59:54.737] Husby was here, and we are ready to go
[2026-05-21 21:59:54.749] AUTO-DISENGAGE: gear left Park (now D)
[2026-05-21 21:59:54.749] Husby was here, and we are ready to go
[2026-05-21 21:59:54.752] AUTO-DISENGAGE: gear left Park (now D)
[2026-05-21 21:59:54.752] Husby was here, and we are ready to go
[2026-05-21 21:59:54.777] AUTO-DISENGAGE: gear left Park (now D)
[2026-05-21 21:59:54.778] Husby was here, and we are ready to go
[2026-05-21 21:59:54.795] AUTO-DISENGAGE: gear left Park (now D)
[2026-05-21 21:59:54.796] Husby was here, and we are ready to go
[2026-05-21 21:59:54.815] AUTO-DISENGAGE: gear left Park (now D)
[2026-05-21 21:59:54.815] Husby was here, and we are ready to go
[2026-05-21 21:59:54.833] AUTO-DISENGAGE: gear left Park (now D)
[2026-05-21 21:59:54.833] Husby was here, and we are ready to go
[2026-05-21 21:59:54.848] AUTO-DISENGAGE: gear left Park (now D)
[2026-05-21 21:59:54.848] Husby was here, and we are ready to go
[2026-05-21 21:59:54.852] AUTO-DISENGAGE: gear left Park (now D)
[2026-05-21 21:59:54.852] Husby was here, and we are ready to go
[2026-05-21 21:59:54.875] AUTO-DISENGAGE: gear left Park (now D)
[2026-05-21 21:59:54.875] Husby was here, and we are ready to go
[2026-05-21 21:59:54.893] AUTO-DISENGAGE: gear left Park (now D)
[2026-05-21 21:59:54.893] Husby was here, and we are ready to go
[2026-05-21 21:59:54.914] AUTO-DISENGAGE: gear left Park (now D)
[2026-05-21 21:59:54.914] Husby was here, and we are ready to go
[2026-05-21 21:59:54.935] AUTO-DISENGAGE: gear left Park (now D)
[2026-05-21 21:59:54.935] Husby was here, and we are ready to go
[2026-05-21 21:59:54.948] AUTO-DISENGAGE: gear left Park (now D)
[2026-05-21 21:59:54.949] Husby was here, and we are ready to go
[2026-05-21 21:59:54.952] AUTO-DISENGAGE: gear left Park (now D)
[2026-05-21 21:59:54.953] Husby was here, and we are ready to go
[2026-05-21 21:59:54.975] AUTO-DISENGAGE: gear left Park (now D)
[2026-05-21 21:59:54.975] Husby was here, and we are ready to go
[2026-05-21 21:59:54.996] AUTO-DISENGAGE: gear left Park (now D)
[2026-05-21 21:59:54.996] Husby was here, and we are ready to go
[2026-05-21 21:59:55.015] AUTO-DISENGAGE: gear left Park (now D)
[2026-05-21 21:59:55.015] Husby was here, and we are ready to go
[2026-05-21 21:59:55.035] AUTO-DISENGAGE: gear left Park (now D)
[2026-05-21 21:59:55.035] Husby was here, and we are ready to go
[2026-05-21 21:59:55.049] AUTO-DISENGAGE: gear left Park (now D)
[2026-05-21 21:59:55.049] Husby was here, and we are ready to go
[2026-05-21 21:59:55.052] AUTO-DISENGAGE: gear left Park (now D)
[2026-05-21 21:59:55.052] Husby was here, and we are ready to go
[2026-05-21 21:59:55.076] AUTO-DISENGAGE: gear left Park (now D)
[2026-05-21 21:59:55.076] Husby was here, and we are ready to go
[2026-05-21 21:59:55.096] AUTO-DISENGAGE: gear left Park (now D)
[2026-05-21 21:59:55.096] Husby was here, and we are ready to go
[2026-05-21 21:59:55.117] AUTO-DISENGAGE: gear left Park (now D)
[2026-05-21 21:59:55.117] Husby was here, and we are ready to go
[2026-05-21 21:59:55.135] AUTO-DISENGAGE: gear left Park (now D)
[2026-05-21 21:59:55.135] Husby was here, and we are ready to go
[2026-05-21 21:59:55.147] AUTO-DISENGAGE: gear left Park (now D)
[2026-05-21 21:59:55.147] Husby was here, and we are ready to go
[2026-05-21 21:59:55.152] AUTO-DISENGAGE: gear left Park (now D)
[2026-05-21 21:59:55.152] Husby was here, and we are ready to go
[2026-05-21 21:59:55.174] AUTO-DISENGAGE: gear left Park (now D)
[2026-05-21 21:59:55.174] Husby was here, and we are ready to go
[2026-05-21 21:59:55.196] AUTO-DISENGAGE: gear left Park (now D)
[2026-05-21 21:59:55.196] Husby was here, and we are ready to go
[2026-05-21 21:59:55.215] AUTO-DISENGAGE: gear left Park (now D)
[2026-05-21 21:59:55.215] Husby was here, and we are ready to go
[2026-05-21 21:59:55.235] AUTO-DISENGAGE: gear left Park (now D)
[2026-05-21 21:59:55.236] Husby was here, and we are ready to go
[2026-05-21 21:59:55.248] AUTO-DISENGAGE: gear left Park (now D)
[2026-05-21 21:59:55.248] Husby was here, and we are ready to go
[2026-05-21 21:59:55.252] AUTO-DISENGAGE: gear left Park (now D)
[2026-05-21 21:59:55.252] Husby was here, and we are ready to go
[2026-05-21 21:59:55.276] AUTO-DISENGAGE: gear left Park (now D)
[2026-05-21 21:59:55.276] Husby was here, and we are ready to go
[2026-05-21 21:59:55.295] AUTO-DISENGAGE: gear left Park (now D)
[2026-05-21 21:59:55.296] Husby was here, and we are ready to go
[2026-05-21 21:59:55.315] AUTO-DISENGAGE: gear left Park (now D)
[2026-05-21 21:59:55.315] Husby was here, and we are ready to go
[2026-05-21 21:59:55.335] AUTO-DISENGAGE: gear left Park (now D)
[2026-05-21 21:59:55.335] Husby was here, and we are ready to go
[2026-05-21 21:59:55.347] AUTO-DISENGAGE: gear left Park (now D)
[2026-05-21 21:59:55.347] Husby was here, and we are ready to go
[2026-05-21 21:59:55.352] AUTO-DISENGAGE: gear left Park (now D)
[2026-05-21 21:59:55.352] Husby was here, and we are ready to go
[2026-05-21 21:59:55.374] AUTO-DISENGAGE: gear left Park (now D)
[2026-05-21 21:59:55.374] Husby was here, and we are ready to go
[2026-05-21 21:59:55.395] AUTO-DISENGAGE: gear left Park (now D)
[2026-05-21 21:59:55.395] Husby was here, and we are ready to go
[2026-05-21 21:59:55.413] AUTO-DISENGAGE: gear left Park (now D)
[2026-05-21 21:59:55.414] Husby was here, and we are ready to go
[2026-05-21 21:59:55.433] AUTO-DISENGAGE: gear left Park (now D)
[2026-05-21 21:59:55.433] Husby was here, and we are ready to go
[2026-05-21 21:59:55.447] AUTO-DISENGAGE: gear left Park (now D)
[2026-05-21 21:59:55.447] Husby was here, and we are ready to go
[2026-05-21 21:59:55.452] AUTO-DISENGAGE: gear left Park (now D)
[2026-05-21 21:59:55.452] Husby was here, and we are ready to go
[2026-05-21 21:59:55.472] AUTO-DISENGAGE: gear left Park (now D)
[2026-05-21 21:59:55.473] Husby was here, and we are ready to go
[2026-05-21 21:59:55.493] AUTO-DISENGAGE: gear left Park (now D)
[2026-05-21 21:59:55.493] Husby was here, and we are ready to go
[2026-05-21 21:59:55.512] AUTO-DISENGAGE: gear left Park (now D)
[2026-05-21 21:59:55.513] Husby was here, and we are ready to go
[2026-05-21 21:59:55.533] AUTO-DISENGAGE: gear left Park (now D)
[2026-05-21 21:59:55.533] Husby was here, and we are ready to go
[2026-05-21 21:59:55.549] AUTO-DISENGAGE: gear left Park (now D)
[2026-05-21 21:59:55.550] Husby was here, and we are ready to go
[2026-05-21 21:59:55.552] AUTO-DISENGAGE: gear left Park (now D)
[2026-05-21 21:59:55.552] Husby was here, and we are ready to go
[2026-05-21 21:59:55.576] AUTO-DISENGAGE: gear left Park (now D)
[2026-05-21 21:59:55.577] Husby was here, and we are ready to go
[2026-05-21 21:59:55.596] AUTO-DISENGAGE: gear left Park (now D)
[2026-05-21 21:59:55.596] Husby was here, and we are ready to go
[2026-05-21 21:59:55.615] AUTO-DISENGAGE: gear left Park (now D)
[2026-05-21 21:59:55.615] Husby was here, and we are ready to go
[2026-05-21 21:59:55.636] AUTO-DISENGAGE: gear left Park (now D)
[2026-05-21 21:59:55.636] Husby was here, and we are ready to go
[2026-05-21 21:59:55.648] AUTO-DISENGAGE: gear left Park (now D)
[2026-05-21 21:59:55.648] Husby was here, and we are ready to go
[2026-05-21 21:59:55.652] AUTO-DISENGAGE: gear left Park (now D)
[2026-05-21 21:59:55.653] Husby was here, and we are ready to go
[2026-05-21 21:59:55.675] AUTO-DISENGAGE: gear left Park (now D)
[2026-05-21 21:59:55.676] Husby was here, and we are ready to go
[2026-05-21 21:59:55.696] AUTO-DISENGAGE: gear left Park (now D)
[2026-05-21 21:59:55.696] Husby was here, and we are ready to go
[2026-05-21 21:59:55.717] AUTO-DISENGAGE: gear left Park (now D)
[2026-05-21 21:59:55.717] Husby was here, and we are ready to go
[2026-05-21 21:59:55.735] AUTO-DISENGAGE: gear left Park (now D)
[2026-05-21 21:59:55.735] Husby was here, and we are ready to go
[2026-05-21 21:59:55.748] AUTO-DISENGAGE: gear left Park (now D)
[2026-05-21 21:59:55.748] Husby was here, and we are ready to go
[2026-05-21 21:59:55.752] AUTO-DISENGAGE: gear left Park (now D)
[2026-05-21 21:59:55.752] Husby was here, and we are ready to go
[2026-05-21 21:59:55.775] AUTO-DISENGAGE: gear left Park (now D)
[2026-05-21 21:59:55.775] Husby was here, and we are ready to go
[2026-05-21 21:59:55.794] AUTO-DISENGAGE: gear left Park (now D)
[2026-05-21 21:59:55.794] Husby was here, and we are ready to go
[2026-05-21 21:59:55.814] AUTO-DISENGAGE: gear left Park (now D)
[2026-05-21 21:59:55.814] Husby was here, and we are ready to go
[2026-05-21 21:59:55.834] AUTO-DISENGAGE: gear left Park (now D)
[2026-05-21 21:59:55.834] Husby was here, and we are ready to go
[2026-05-21 21:59:55.848] AUTO-DISENGAGE: gear left Park (now D)
[2026-05-21 21:59:55.848] Husby was here, and we are ready to go
[2026-05-21 21:59:55.853] AUTO-DISENGAGE: gear left Park (now D)
[2026-05-21 21:59:55.853] Husby was here, and we are ready to go
[2026-05-21 21:59:55.876] AUTO-DISENGAGE: gear left Park (now D)
[2026-05-21 21:59:55.876] Husby was here, and we are ready to go
[2026-05-21 21:59:55.895] AUTO-DISENGAGE: gear left Park (now D)
[2026-05-21 21:59:55.895] Husby was here, and we are ready to go
[2026-05-21 21:59:55.916] AUTO-DISENGAGE: gear left Park (now D)
[2026-05-21 21:59:55.917] Husby was here, and we are ready to go
[2026-05-21 21:59:55.935] AUTO-DISENGAGE: gear left Park (now D)
[2026-05-21 21:59:55.935] Husby was here, and we are ready to go
[2026-05-21 21:59:55.948] AUTO-DISENGAGE: gear left Park (now D)
[2026-05-21 21:59:55.948] Husby was here, and we are ready to go
[2026-05-21 21:59:55.952] AUTO-DISENGAGE: gear left Park (now D)
[2026-05-21 21:59:55.952] Husby was here, and we are ready to go
[2026-05-21 21:59:55.974] AUTO-DISENGAGE: gear left Park (now D)
[2026-05-21 21:59:55.974] Husby was here, and we are ready to go
[2026-05-21 21:59:55.994] AUTO-DISENGAGE: gear left Park (now D)
[2026-05-21 21:59:55.994] Husby was here, and we are ready to go
[2026-05-21 21:59:56.015] AUTO-DISENGAGE: gear left Park (now D)
[2026-05-21 21:59:56.015] Husby was here, and we are ready to go
[2026-05-21 21:59:56.033] AUTO-DISENGAGE: gear left Park (now D)
[2026-05-21 21:59:56.033] Husby was here, and we are ready to go
[2026-05-21 21:59:56.048] AUTO-DISENGAGE: gear left Park (now D)
[2026-05-21 21:59:56.048] Husby was here, and we are ready to go
[2026-05-21 21:59:56.052] AUTO-DISENGAGE: gear left Park (now D)
[2026-05-21 21:59:56.052] Husby was here, and we are ready to go
[2026-05-21 21:59:56.074] AUTO-DISENGAGE: gear left Park (now D)
[2026-05-21 21:59:56.074] Husby was here, and we are ready to go
[2026-05-21 21:59:56.095] AUTO-DISENGAGE: gear left Park (now D)
[2026-05-21 21:59:56.095] Husby was here, and we are ready to go
[2026-05-21 21:59:56.113] AUTO-DISENGAGE: gear left Park (now D)
[2026-05-21 21:59:56.113] Husby was here, and we are ready to go
[2026-05-21 21:59:56.133] AUTO-DISENGAGE: gear left Park (now D)
[2026-05-21 21:59:56.134] Husby was here, and we are ready to go
[2026-05-21 21:59:56.148] AUTO-DISENGAGE: gear left Park (now D)
[2026-05-21 21:59:56.148] Husby was here, and we are ready to go
[2026-05-21 21:59:56.152] AUTO-DISENGAGE: gear left Park (now D)
[2026-05-21 21:59:56.152] Husby was here, and we are ready to go
[2026-05-21 21:59:56.174] AUTO-DISENGAGE: gear left Park (now D)
[2026-05-21 21:59:56.175] Husby was here, and we are ready to go
[2026-05-21 21:59:56.195] AUTO-DISENGAGE: gear left Park (now D)
[2026-05-21 21:59:56.195] Husby was here, and we are ready to go
[2026-05-21 21:59:56.213] AUTO-DISENGAGE: gear left Park (now D)
[2026-05-21 21:59:56.213] Husby was here, and we are ready to go
[2026-05-21 21:59:56.235] AUTO-DISENGAGE: gear left Park (now D)
[2026-05-21 21:59:56.235] Husby was here, and we are ready to go
[2026-05-21 21:59:56.248] AUTO-DISENGAGE: gear left Park (now D)
[2026-05-21 21:59:56.248] Husby was here, and we are ready to go
[2026-05-21 21:59:56.252] AUTO-DISENGAGE: gear left Park (now D)
[2026-05-21 21:59:56.252] Husby was here, and we are ready to go
[2026-05-21 21:59:56.276] AUTO-DISENGAGE: gear left Park (now D)
[2026-05-21 21:59:56.276] Husby was here, and we are ready to go
[2026-05-21 21:59:56.296] AUTO-DISENGAGE: gear left Park (now D)
[2026-05-21 21:59:56.296] Husby was here, and we are ready to go
[2026-05-21 21:59:56.316] AUTO-DISENGAGE: gear left Park (now D)
[2026-05-21 21:59:56.317] Husby was here, and we are ready to go
[2026-05-21 21:59:56.334] AUTO-DISENGAGE: gear left Park (now D)
[2026-05-21 21:59:56.335] Husby was here, and we are ready to go
[2026-05-21 21:59:56.349] AUTO-DISENGAGE: gear left Park (now D)
[2026-05-21 21:59:56.349] Husby was here, and we are ready to go
[2026-05-21 21:59:56.352] AUTO-DISENGAGE: gear left Park (now D)
[2026-05-21 21:59:56.352] Husby was here, and we are ready to go
[2026-05-21 21:59:56.375] AUTO-DISENGAGE: gear left Park (now D)
[2026-05-21 21:59:56.375] Husby was here, and we are ready to go
[2026-05-21 21:59:56.394] AUTO-DISENGAGE: gear left Park (now D)
[2026-05-21 21:59:56.394] Husby was here, and we are ready to go
[2026-05-21 21:59:56.415] AUTO-DISENGAGE: gear left Park (now D)
[2026-05-21 21:59:56.415] Husby was here, and we are ready to go
[2026-05-21 21:59:56.434] AUTO-DISENGAGE: gear left Park (now D)
[2026-05-21 21:59:56.434] Husby was here, and we are ready to go
[2026-05-21 21:59:56.447] AUTO-DISENGAGE: gear left Park (now D)
[2026-05-21 21:59:56.447] Husby was here, and we are ready to go
[2026-05-21 21:59:56.452] AUTO-DISENGAGE: gear left Park (now D)
[2026-05-21 21:59:56.452] Husby was here, and we are ready to go
[2026-05-21 21:59:56.473] AUTO-DISENGAGE: gear left Park (now D)
[2026-05-21 21:59:56.474] Husby was here, and we are ready to go
[2026-05-21 21:59:56.492] AUTO-DISENGAGE: gear left Park (now D)
[2026-05-21 21:59:56.492] Husby was here, and we are ready to go
[2026-05-21 21:59:56.512] AUTO-DISENGAGE: gear left Park (now D)
[2026-05-21 21:59:56.512] Husby was here, and we are ready to go
[2026-05-21 21:59:56.532] AUTO-DISENGAGE: gear left Park (now D)
[2026-05-21 21:59:56.532] Husby was here, and we are ready to go
[2026-05-21 21:59:56.547] AUTO-DISENGAGE: gear left Park (now D)
[2026-05-21 21:59:56.547] Husby was here, and we are ready to go
[2026-05-21 21:59:56.552] AUTO-DISENGAGE: gear left Park (now D)
[2026-05-21 21:59:56.552] Husby was here, and we are ready to go
[2026-05-21 21:59:56.572] AUTO-DISENGAGE: gear left Park (now D)
[2026-05-21 21:59:56.572] Husby was here, and we are ready to go
[2026-05-21 21:59:56.592] AUTO-DISENGAGE: gear left Park (now D)
[2026-05-21 21:59:56.592] Husby was here, and we are ready to go
[2026-05-21 21:59:56.612] AUTO-DISENGAGE: gear left Park (now D)
[2026-05-21 21:59:56.612] Husby was here, and we are ready to go
[2026-05-21 21:59:56.632] AUTO-DISENGAGE: gear left Park (now D)
[2026-05-21 21:59:56.632] Husby was here, and we are ready to go
[2026-05-21 21:59:56.647] AUTO-DISENGAGE: gear left Park (now D)
[2026-05-21 21:59:56.647] Husby was here, and we are ready to go
[2026-05-21 21:59:56.652] AUTO-DISENGAGE: gear left Park (now D)
[2026-05-21 21:59:56.652] Husby was here, and we are ready to go
[2026-05-21 21:59:56.673] AUTO-DISENGAGE: gear left Park (now D)
[2026-05-21 21:59:56.673] Husby was here, and we are ready to go
[2026-05-21 21:59:56.692] AUTO-DISENGAGE: gear left Park (now D)
[2026-05-21 21:59:56.692] Husby was here, and we are ready to go
[2026-05-21 21:59:56.713] AUTO-DISENGAGE: gear left Park (now D)
[2026-05-21 21:59:56.713] Husby was here, and we are ready to go
[2026-05-21 21:59:56.733] AUTO-DISENGAGE: gear left Park (now D)
[2026-05-21 21:59:56.733] Husby was here, and we are ready to go
[2026-05-21 21:59:56.747] AUTO-DISENGAGE: gear left Park (now D)
[2026-05-21 21:59:56.747] Husby was here, and we are ready to go
[2026-05-21 21:59:56.752] AUTO-DISENGAGE: gear left Park (now D)
[2026-05-21 21:59:56.752] Husby was here, and we are ready to go
[2026-05-21 21:59:56.772] AUTO-DISENGAGE: gear left Park (now D)
[2026-05-21 21:59:56.772] Husby was here, and we are ready to go
[2026-05-21 21:59:56.794] AUTO-DISENGAGE: gear left Park (now D)
[2026-05-21 21:59:56.795] Husby was here, and we are ready to go
[2026-05-21 21:59:56.813] AUTO-DISENGAGE: gear left Park (now D)
[2026-05-21 21:59:56.814] Husby was here, and we are ready to go
[2026-05-21 21:59:56.835] AUTO-DISENGAGE: gear left Park (now D)
[2026-05-21 21:59:56.835] Husby was here, and we are ready to go
[2026-05-21 21:59:56.848] AUTO-DISENGAGE: gear left Park (now D)
[2026-05-21 21:59:56.849] Husby was here, and we are ready to go
[2026-05-21 21:59:56.852] AUTO-DISENGAGE: gear left Park (now D)
[2026-05-21 21:59:56.852] Husby was here, and we are ready to go
[2026-05-21 21:59:56.873] AUTO-DISENGAGE: gear left Park (now D)
[2026-05-21 21:59:56.873] Husby was here, and we are ready to go
[2026-05-21 21:59:56.895] AUTO-DISENGAGE: gear left Park (now D)
[2026-05-21 21:59:56.895] Husby was here, and we are ready to go
[2026-05-21 21:59:56.915] AUTO-DISENGAGE: gear left Park (now D)
[2026-05-21 21:59:56.915] Husby was here, and we are ready to go
[2026-05-21 21:59:56.933] AUTO-DISENGAGE: gear left Park (now D)
[2026-05-21 21:59:56.933] Husby was here, and we are ready to go
[2026-05-21 21:59:56.948] AUTO-DISENGAGE: gear left Park (now D)
[2026-05-21 21:59:56.948] Husby was here, and we are ready to go
[2026-05-21 21:59:56.952] AUTO-DISENGAGE: gear left Park (now D)
[2026-05-21 21:59:56.952] Husby was here, and we are ready to go
[2026-05-21 21:59:56.973] AUTO-DISENGAGE: gear left Park (now D)
[2026-05-21 21:59:56.973] Husby was here, and we are ready to go
[2026-05-21 21:59:56.993] AUTO-DISENGAGE: gear left Park (now D)
[2026-05-21 21:59:56.993] Husby was here, and we are ready to go
[2026-05-21 21:59:57.013] AUTO-DISENGAGE: gear left Park (now D)
[2026-05-21 21:59:57.013] Husby was here, and we are ready to go
[2026-05-21 21:59:57.034] AUTO-DISENGAGE: gear left Park (now D)
[2026-05-21 21:59:57.034] Husby was here, and we are ready to go
[2026-05-21 21:59:57.047] AUTO-DISENGAGE: gear left Park (now D)
[2026-05-21 21:59:57.048] Husby was here, and we are ready to go
[2026-05-21 21:59:57.052] AUTO-DISENGAGE: gear left Park (now D)
[2026-05-21 21:59:57.052] Husby was here, and we are ready to go
[2026-05-21 21:59:57.072] AUTO-DISENGAGE: gear left Park (now D)
[2026-05-21 21:59:57.073] Husby was here, and we are ready to go
[2026-05-21 21:59:57.093] AUTO-DISENGAGE: gear left Park (now D)
[2026-05-21 21:59:57.094] Husby was here, and we are ready to go
[2026-05-21 21:59:57.113] AUTO-DISENGAGE: gear left Park (now D)
[2026-05-21 21:59:57.113] Husby was here, and we are ready to go
[2026-05-21 21:59:57.133] AUTO-DISENGAGE: gear left Park (now D)
[2026-05-21 21:59:57.133] Husby was here, and we are ready to go
[2026-05-21 21:59:57.148] AUTO-DISENGAGE: gear left Park (now D)
[2026-05-21 21:59:57.148] Husby was here, and we are ready to go
[2026-05-21 21:59:57.152] AUTO-DISENGAGE: gear left Park (now D)
[2026-05-21 21:59:57.152] Husby was here, and we are ready to go
[2026-05-21 21:59:57.173] AUTO-DISENGAGE: gear left Park (now D)
[2026-05-21 21:59:57.173] Husby was here, and we are ready to go
[2026-05-21 21:59:57.192] AUTO-DISENGAGE: gear left Park (now D)
[2026-05-21 21:59:57.192] Husby was here, and we are ready to go
[2026-05-21 21:59:57.213] AUTO-DISENGAGE: gear left Park (now D)
[2026-05-21 21:59:57.213] Husby was here, and we are ready to go
[2026-05-21 21:59:57.233] AUTO-DISENGAGE: gear left Park (now D)
[2026-05-21 21:59:57.233] Husby was here, and we are ready to go
[2026-05-21 21:59:57.247] AUTO-DISENGAGE: gear left Park (now D)
[2026-05-21 21:59:57.248] Husby was here, and we are ready to go
[2026-05-21 21:59:57.252] AUTO-DISENGAGE: gear left Park (now D)
[2026-05-21 21:59:57.252] Husby was here, and we are ready to go
[2026-05-21 21:59:57.275] AUTO-DISENGAGE: gear left Park (now D)
[2026-05-21 21:59:57.275] Husby was here, and we are ready to go
[2026-05-21 21:59:57.294] AUTO-DISENGAGE: gear left Park (now D)
[2026-05-21 21:59:57.295] Husby was here, and we are ready to go
[2026-05-21 21:59:57.313] AUTO-DISENGAGE: gear left Park (now D)
[2026-05-21 21:59:57.314] Husby was here, and we are ready to go
[2026-05-21 21:59:57.335] AUTO-DISENGAGE: gear left Park (now D)
[2026-05-21 21:59:57.335] Husby was here, and we are ready to go
[2026-05-21 21:59:57.348] AUTO-DISENGAGE: gear left Park (now D)
[2026-05-21 21:59:57.348] Husby was here, and we are ready to go
[2026-05-21 21:59:57.352] AUTO-DISENGAGE: gear left Park (now D)
[2026-05-21 21:59:57.352] Husby was here, and we are ready to go
[2026-05-21 21:59:57.373] AUTO-DISENGAGE: gear left Park (now D)
[2026-05-21 21:59:57.373] Husby was here, and we are ready to go
[2026-05-21 21:59:57.393] AUTO-DISENGAGE: gear left Park (now D)
[2026-05-21 21:59:57.393] Husby was here, and we are ready to go
[2026-05-21 21:59:57.413] AUTO-DISENGAGE: gear left Park (now D)
[2026-05-21 21:59:57.413] Husby was here, and we are ready to go
[2026-05-21 21:59:57.433] AUTO-DISENGAGE: gear left Park (now D)
[2026-05-21 21:59:57.433] Husby was here, and we are ready to go
[2026-05-21 21:59:57.448] AUTO-DISENGAGE: gear left Park (now D)
[2026-05-21 21:59:57.448] Husby was here, and we are ready to go
[2026-05-21 21:59:57.452] AUTO-DISENGAGE: gear left Park (now D)
[2026-05-21 21:59:57.452] Husby was here, and we are ready to go
[2026-05-21 21:59:57.474] AUTO-DISENGAGE: gear left Park (now D)
[2026-05-21 21:59:57.474] Husby was here, and we are ready to go
[2026-05-21 21:59:57.493] AUTO-DISENGAGE: gear left Park (now D)
[2026-05-21 21:59:57.493] Husby was here, and we are ready to go
[2026-05-21 21:59:57.515] AUTO-DISENGAGE: gear left Park (now D)
[2026-05-21 21:59:57.515] Husby was here, and we are ready to go
[2026-05-21 21:59:57.533] AUTO-DISENGAGE: gear left Park (now D)
[2026-05-21 21:59:57.533] Husby was here, and we are ready to go
[2026-05-21 21:59:57.547] AUTO-DISENGAGE: gear left Park (now D)
[2026-05-21 21:59:57.548] Husby was here, and we are ready to go
[2026-05-21 21:59:57.552] AUTO-DISENGAGE: gear left Park (now D)
[2026-05-21 21:59:57.552] Husby was here, and we are ready to go
[2026-05-21 21:59:57.576] AUTO-DISENGAGE: gear left Park (now D)
[2026-05-21 21:59:57.576] Husby was here, and we are ready to go
[2026-05-21 21:59:57.586] rc: P button pressed
[2026-05-21 21:59:57.596] AUTO-DISENGAGE: gear left Park (now D)
[2026-05-21 21:59:57.596] Husby was here, and we are ready to go
[2026-05-21 21:59:57.616] AUTO-DISENGAGE: gear left Park (now D)
[2026-05-21 21:59:57.616] Husby was here, and we are ready to go
[2026-05-21 21:59:57.636] AUTO-DISENGAGE: gear left Park (now D)
[2026-05-21 21:59:57.636] Husby was here, and we are ready to go
[2026-05-21 21:59:57.648] AUTO-DISENGAGE: gear left Park (now D)
[2026-05-21 21:59:57.648] Husby was here, and we are ready to go
[2026-05-21 21:59:57.652] AUTO-DISENGAGE: gear left Park (now D)
[2026-05-21 21:59:57.652] Husby was here, and we are ready to go
[2026-05-21 21:59:57.676] AUTO-DISENGAGE: gear left Park (now D)
[2026-05-21 21:59:57.676] Husby was here, and we are ready to go
[2026-05-21 21:59:57.695] AUTO-DISENGAGE: gear left Park (now D)
[2026-05-21 21:59:57.695] Husby was here, and we are ready to go
[2026-05-21 21:59:57.696] SHIFT: requesting P via 0x6D burst (30 active + 10 idle frames at 200 Hz)
[2026-05-21 21:59:57.697] AUTO-DISENGAGE: gear left Park (now D)
[2026-05-21 21:59:57.697] Husby was here, and we are ready to go
[2026-05-21 21:59:57.704] AUTO-DISENGAGE: gear left Park (now D)
[2026-05-21 21:59:57.704] Husby was here, and we are ready to go
[2026-05-21 21:59:57.708] AUTO-DISENGAGE: gear left Park (now D)
[2026-05-21 21:59:57.708] Husby was here, and we are ready to go
[2026-05-21 21:59:57.715] AUTO-DISENGAGE: gear left Park (now D)
[2026-05-21 21:59:57.715] Husby was here, and we are ready to go
[2026-05-21 21:59:57.716] AUTO-DISENGAGE: gear left Park (now D)
[2026-05-21 21:59:57.716] Husby was here, and we are ready to go
[2026-05-21 21:59:57.725] AUTO-DISENGAGE: gear left Park (now D)
[2026-05-21 21:59:57.726] Husby was here, and we are ready to go
[2026-05-21 21:59:57.727] AUTO-DISENGAGE: gear left Park (now D)
[2026-05-21 21:59:57.727] Husby was here, and we are ready to go
[2026-05-21 21:59:57.732] AUTO-DISENGAGE: gear left Park (now D)
[2026-05-21 21:59:57.733] Husby was here, and we are ready to go
[2026-05-21 21:59:57.734] AUTO-DISENGAGE: gear left Park (now D)
[2026-05-21 21:59:57.735] Husby was here, and we are ready to go
[2026-05-21 21:59:57.737] AUTO-DISENGAGE: gear left Park (now D)
[2026-05-21 21:59:57.738] Husby was here, and we are ready to go
[2026-05-21 21:59:57.745] AUTO-DISENGAGE: gear left Park (now D)
[2026-05-21 21:59:57.746] Husby was here, and we are ready to go
[2026-05-21 21:59:57.747] AUTO-DISENGAGE: gear left Park (now D)
[2026-05-21 21:59:57.747] Husby was here, and we are ready to go
[2026-05-21 21:59:57.747] AUTO-DISENGAGE: gear left Park (now D)
[2026-05-21 21:59:57.748] Husby was here, and we are ready to go
[2026-05-21 21:59:57.752] AUTO-DISENGAGE: gear left Park (now D)
[2026-05-21 21:59:57.752] Husby was here, and we are ready to go
[2026-05-21 21:59:57.754] AUTO-DISENGAGE: gear left Park (now D)
[2026-05-21 21:59:57.754] Husby was here, and we are ready to go
[2026-05-21 21:59:57.758] AUTO-DISENGAGE: gear left Park (now D)
[2026-05-21 21:59:57.759] Husby was here, and we are ready to go
[2026-05-21 21:59:57.764] AUTO-DISENGAGE: gear left Park (now D)
[2026-05-21 21:59:57.765] Husby was here, and we are ready to go
[2026-05-21 21:59:57.767] AUTO-DISENGAGE: gear left Park (now D)
[2026-05-21 21:59:57.767] Husby was here, and we are ready to go
[2026-05-21 21:59:57.772] AUTO-DISENGAGE: gear left Park (now D)
[2026-05-21 21:59:57.772] Husby was here, and we are ready to go
[2026-05-21 21:59:57.774] AUTO-DISENGAGE: gear left Park (now D)
[2026-05-21 21:59:57.775] Husby was here, and we are ready to go
[2026-05-21 21:59:57.777] AUTO-DISENGAGE: gear left Park (now D)
[2026-05-21 21:59:57.777] Husby was here, and we are ready to go
[2026-05-21 21:59:57.783] AUTO-DISENGAGE: gear left Park (now D)
[2026-05-21 21:59:57.784] Husby was here, and we are ready to go
[2026-05-21 21:59:57.788] AUTO-DISENGAGE: gear left Park (now D)
[2026-05-21 21:59:57.788] Husby was here, and we are ready to go
[2026-05-21 21:59:57.793] AUTO-DISENGAGE: gear left Park (now D)
[2026-05-21 21:59:57.793] Husby was here, and we are ready to go
[2026-05-21 21:59:57.795] AUTO-DISENGAGE: gear left Park (now D)
[2026-05-21 21:59:57.795] Husby was here, and we are ready to go
[2026-05-21 21:59:57.797] AUTO-DISENGAGE: gear left Park (now D)
[2026-05-21 21:59:57.797] Husby was here, and we are ready to go
[2026-05-21 21:59:57.803] AUTO-DISENGAGE: gear left Park (now D)
[2026-05-21 21:59:57.804] Husby was here, and we are ready to go
[2026-05-21 21:59:57.808] AUTO-DISENGAGE: gear left Park (now D)
[2026-05-21 21:59:57.808] Husby was here, and we are ready to go
[2026-05-21 21:59:57.812] AUTO-DISENGAGE: gear left Park (now D)
[2026-05-21 21:59:57.812] Husby was here, and we are ready to go
[2026-05-21 21:59:57.815] AUTO-DISENGAGE: gear left Park (now D)
[2026-05-21 21:59:57.816] Husby was here, and we are ready to go
[2026-05-21 21:59:57.817] AUTO-DISENGAGE: gear left Park (now D)
[2026-05-21 21:59:57.817] Husby was here, and we are ready to go
[2026-05-21 21:59:57.825] AUTO-DISENGAGE: gear left Park (now D)
[2026-05-21 21:59:57.825] Husby was here, and we are ready to go
[2026-05-21 21:59:57.827] AUTO-DISENGAGE: gear left Park (now D)
[2026-05-21 21:59:57.827] Husby was here, and we are ready to go
[2026-05-21 21:59:57.832] AUTO-DISENGAGE: gear left Park (now D)
[2026-05-21 21:59:57.833] Husby was here, and we are ready to go
[2026-05-21 21:59:57.835] AUTO-DISENGAGE: gear left Park (now D)
[2026-05-21 21:59:57.835] Husby was here, and we are ready to go
[2026-05-21 21:59:57.837] AUTO-DISENGAGE: gear left Park (now D)
[2026-05-21 21:59:57.838] Husby was here, and we are ready to go
[2026-05-21 21:59:57.844] AUTO-DISENGAGE: gear left Park (now D)
[2026-05-21 21:59:57.845] Husby was here, and we are ready to go
[2026-05-21 21:59:57.847] AUTO-DISENGAGE: gear left Park (now D)
[2026-05-21 21:59:57.848] Husby was here, and we are ready to go
[2026-05-21 21:59:57.848] AUTO-DISENGAGE: gear left Park (now D)
[2026-05-21 21:59:57.848] Husby was here, and we are ready to go
[2026-05-21 21:59:57.852] AUTO-DISENGAGE: gear left Park (now D)
[2026-05-21 21:59:57.852] Husby was here, and we are ready to go
[2026-05-21 21:59:57.855] AUTO-DISENGAGE: gear left Park (now D)
[2026-05-21 21:59:57.856] Husby was here, and we are ready to go
[2026-05-21 21:59:57.857] AUTO-DISENGAGE: gear left Park (now D)
[2026-05-21 21:59:57.857] Husby was here, and we are ready to go
[2026-05-21 21:59:57.865] AUTO-DISENGAGE: gear left Park (now D)
[2026-05-21 21:59:57.865] Husby was here, and we are ready to go
[2026-05-21 21:59:57.867] AUTO-DISENGAGE: gear left Park (now D)
[2026-05-21 21:59:57.867] Husby was here, and we are ready to go
[2026-05-21 21:59:57.872] AUTO-DISENGAGE: gear left Park (now D)
[2026-05-21 21:59:57.873] Husby was here, and we are ready to go
[2026-05-21 21:59:57.874] AUTO-DISENGAGE: gear left Park (now D)
[2026-05-21 21:59:57.875] Husby was here, and we are ready to go
[2026-05-21 21:59:57.877] AUTO-DISENGAGE: gear left Park (now D)
[2026-05-21 21:59:57.877] Husby was here, and we are ready to go
[2026-05-21 21:59:57.884] AUTO-DISENGAGE: gear left Park (now D)
[2026-05-21 21:59:57.884] Husby was here, and we are ready to go
[2026-05-21 21:59:57.887] AUTO-DISENGAGE: gear left Park (now D)
[2026-05-21 21:59:57.888] Husby was here, and we are ready to go
[2026-05-21 21:59:57.893] AUTO-DISENGAGE: gear left Park (now D)
[2026-05-21 21:59:57.893] Husby was here, and we are ready to go
[2026-05-21 21:59:57.894] AUTO-DISENGAGE: gear left Park (now D)
[2026-05-21 21:59:57.894] Husby was here, and we are ready to go
[2026-05-21 21:59:57.917] AUTO-DISENGAGE: gear left Park (now D)
[2026-05-21 21:59:57.917] Husby was here, and we are ready to go
[2026-05-21 21:59:57.937] AUTO-DISENGAGE: gear left Park (now D)
[2026-05-21 21:59:57.937] Husby was here, and we are ready to go
[2026-05-21 21:59:57.949] AUTO-DISENGAGE: gear left Park (now D)
[2026-05-21 21:59:57.949] Husby was here, and we are ready to go
[2026-05-21 21:59:57.955] AUTO-DISENGAGE: gear left Park (now D)
[2026-05-21 21:59:57.955] Husby was here, and we are ready to go
[2026-05-21 21:59:57.976] AUTO-DISENGAGE: gear left Park (now D)
[2026-05-21 21:59:57.976] Husby was here, and we are ready to go
[2026-05-21 21:59:57.995] AUTO-DISENGAGE: gear left Park (now D)
[2026-05-21 21:59:57.995] Husby was here, and we are ready to go
[2026-05-21 21:59:58.014] gear: D -> P
[2026-05-21 21:59:58.021] shift requested: P
[2026-05-21 21:59:58.095] SHIFT post-burst gear: P (requested P)
[2026-05-21 21:59:58.588] rc: P button pressed
[2026-05-21 21:59:58.626] shift requested: P
[2026-05-21 21:59:58.636] SHIFT: requesting P via 0x6D burst (30 active + 10 idle frames at 200 Hz)
[2026-05-21 21:59:59.036] SHIFT post-burst gear: P (requested P)
[2026-05-21 21:59:59.589] rc: P button pressed
[2026-05-21 21:59:59.596] SHIFT: requesting P via 0x6D burst (30 active + 10 idle frames at 200 Hz)
[2026-05-21 21:59:59.621] shift requested: P
[2026-05-21 21:59:59.995] SHIFT post-burst gear: P (requested P)
[2026-05-21 22:00:00.589] rc: P button pressed
[2026-05-21 22:00:00.596] SHIFT: requesting P via 0x6D burst (30 active + 10 idle frames at 200 Hz)
[2026-05-21 22:00:00.596] shift requested: P
[2026-05-21 22:00:00.615] brake: released
[2026-05-21 22:00:00.996] SHIFT post-burst gear: P (requested P)
[2026-05-21 22:00:09.402] brake: PRESSED
[2026-05-21 22:00:09.943] brake: released
[2026-05-21 22:00:10.227] brake: PRESSED
[2026-05-21 22:00:15.054] brake: released
[2026-05-21 22:00:21.403] rc: RND switch -> N, queuing shift
[2026-05-21 22:00:37.426] brake: PRESSED
[2026-05-21 22:00:37.530] rc: RND switch -> R, queuing shift
[2026-05-21 22:00:37.552] SHIFT: requesting R via 0x6D burst (30 active + 10 idle frames at 200 Hz)
[2026-05-21 22:00:37.583] shift requested: R
[2026-05-21 22:00:37.586] gear: P -> R
[2026-05-21 22:00:37.587] AUTO-DISENGAGE: gear left Park (now R)
[2026-05-21 22:00:37.587] Husby was here, and we are ready to go
[2026-05-21 22:00:37.589] AUTO-DISENGAGE: gear left Park (now R)
[2026-05-21 22:00:37.589] Husby was here, and we are ready to go
[2026-05-21 22:00:37.591] AUTO-DISENGAGE: gear left Park (now R)
[2026-05-21 22:00:37.591] Husby was here, and we are ready to go
[2026-05-21 22:00:37.597] AUTO-DISENGAGE: gear left Park (now R)
[2026-05-21 22:00:37.597] Husby was here, and we are ready to go
[2026-05-21 22:00:37.601] AUTO-DISENGAGE: gear left Park (now R)
[2026-05-21 22:00:37.601] Husby was here, and we are ready to go
[2026-05-21 22:00:37.606] AUTO-DISENGAGE: gear left Park (now R)
[2026-05-21 22:00:37.606] Husby was here, and we are ready to go
[2026-05-21 22:00:37.609] AUTO-DISENGAGE: gear left Park (now R)
[2026-05-21 22:00:37.609] Husby was here, and we are ready to go
[2026-05-21 22:00:37.611] AUTO-DISENGAGE: gear left Park (now R)
[2026-05-21 22:00:37.611] Husby was here, and we are ready to go
[2026-05-21 22:00:37.617] AUTO-DISENGAGE: gear left Park (now R)
[2026-05-21 22:00:37.617] Husby was here, and we are ready to go
[2026-05-21 22:00:37.621] AUTO-DISENGAGE: gear left Park (now R)
[2026-05-21 22:00:37.621] Husby was here, and we are ready to go
[2026-05-21 22:00:37.627] AUTO-DISENGAGE: gear left Park (now R)
[2026-05-21 22:00:37.627] Husby was here, and we are ready to go
[2026-05-21 22:00:37.629] AUTO-DISENGAGE: gear left Park (now R)
[2026-05-21 22:00:37.629] Husby was here, and we are ready to go
[2026-05-21 22:00:37.631] AUTO-DISENGAGE: gear left Park (now R)
[2026-05-21 22:00:37.631] Husby was here, and we are ready to go
[2026-05-21 22:00:37.637] AUTO-DISENGAGE: gear left Park (now R)
[2026-05-21 22:00:37.637] Husby was here, and we are ready to go
[2026-05-21 22:00:37.641] AUTO-DISENGAGE: gear left Park (now R)
[2026-05-21 22:00:37.641] Husby was here, and we are ready to go
[2026-05-21 22:00:37.647] AUTO-DISENGAGE: gear left Park (now R)
[2026-05-21 22:00:37.647] Husby was here, and we are ready to go
[2026-05-21 22:00:37.649] AUTO-DISENGAGE: gear left Park (now R)
[2026-05-21 22:00:37.649] Husby was here, and we are ready to go
[2026-05-21 22:00:37.651] AUTO-DISENGAGE: gear left Park (now R)
[2026-05-21 22:00:37.651] Husby was here, and we are ready to go
[2026-05-21 22:00:37.657] AUTO-DISENGAGE: gear left Park (now R)
[2026-05-21 22:00:37.657] Husby was here, and we are ready to go
[2026-05-21 22:00:37.661] AUTO-DISENGAGE: gear left Park (now R)
[2026-05-21 22:00:37.661] Husby was here, and we are ready to go
[2026-05-21 22:00:37.667] AUTO-DISENGAGE: gear left Park (now R)
[2026-05-21 22:00:37.667] Husby was here, and we are ready to go
[2026-05-21 22:00:37.669] AUTO-DISENGAGE: gear left Park (now R)
[2026-05-21 22:00:37.669] Husby was here, and we are ready to go
[2026-05-21 22:00:37.671] AUTO-DISENGAGE: gear left Park (now R)
[2026-05-21 22:00:37.671] Husby was here, and we are ready to go
[2026-05-21 22:00:37.671] AUTO-DISENGAGE: gear left Park (now R)
[2026-05-21 22:00:37.672] Husby was here, and we are ready to go
[2026-05-21 22:00:37.677] AUTO-DISENGAGE: gear left Park (now R)
[2026-05-21 22:00:37.677] Husby was here, and we are ready to go
[2026-05-21 22:00:37.681] AUTO-DISENGAGE: gear left Park (now R)
[2026-05-21 22:00:37.682] Husby was here, and we are ready to go
[2026-05-21 22:00:37.687] AUTO-DISENGAGE: gear left Park (now R)
[2026-05-21 22:00:37.687] Husby was here, and we are ready to go
[2026-05-21 22:00:37.689] AUTO-DISENGAGE: gear left Park (now R)
[2026-05-21 22:00:37.689] Husby was here, and we are ready to go
[2026-05-21 22:00:37.691] AUTO-DISENGAGE: gear left Park (now R)
[2026-05-21 22:00:37.691] Husby was here, and we are ready to go
[2026-05-21 22:00:37.697] AUTO-DISENGAGE: gear left Park (now R)
[2026-05-21 22:00:37.697] Husby was here, and we are ready to go
[2026-05-21 22:00:37.701] AUTO-DISENGAGE: gear left Park (now R)
[2026-05-21 22:00:37.702] Husby was here, and we are ready to go
[2026-05-21 22:00:37.708] AUTO-DISENGAGE: gear left Park (now R)
[2026-05-21 22:00:37.708] Husby was here, and we are ready to go
[2026-05-21 22:00:37.709] AUTO-DISENGAGE: gear left Park (now R)
[2026-05-21 22:00:37.709] Husby was here, and we are ready to go
[2026-05-21 22:00:37.711] AUTO-DISENGAGE: gear left Park (now R)
[2026-05-21 22:00:37.712] Husby was here, and we are ready to go
[2026-05-21 22:00:37.716] brake: released
[2026-05-21 22:00:37.717] AUTO-DISENGAGE: gear left Park (now R)
[2026-05-21 22:00:37.718] Husby was here, and we are ready to go
[2026-05-21 22:00:37.721] AUTO-DISENGAGE: gear left Park (now R)
[2026-05-21 22:00:37.722] Husby was here, and we are ready to go
[2026-05-21 22:00:37.728] AUTO-DISENGAGE: gear left Park (now R)
[2026-05-21 22:00:37.728] Husby was here, and we are ready to go
[2026-05-21 22:00:37.729] AUTO-DISENGAGE: gear left Park (now R)
[2026-05-21 22:00:37.729] Husby was here, and we are ready to go
[2026-05-21 22:00:37.731] AUTO-DISENGAGE: gear left Park (now R)
[2026-05-21 22:00:37.732] Husby was here, and we are ready to go
[2026-05-21 22:00:37.737] AUTO-DISENGAGE: gear left Park (now R)
[2026-05-21 22:00:37.737] Husby was here, and we are ready to go
[2026-05-21 22:00:37.742] AUTO-DISENGAGE: gear left Park (now R)
[2026-05-21 22:00:37.742] Husby was here, and we are ready to go
[2026-05-21 22:00:37.747] AUTO-DISENGAGE: gear left Park (now R)
[2026-05-21 22:00:37.747] Husby was here, and we are ready to go
[2026-05-21 22:00:37.749] AUTO-DISENGAGE: gear left Park (now R)
[2026-05-21 22:00:37.749] Husby was here, and we are ready to go
[2026-05-21 22:00:37.771] AUTO-DISENGAGE: gear left Park (now R)
[2026-05-21 22:00:37.771] Husby was here, and we are ready to go
[2026-05-21 22:00:37.772] AUTO-DISENGAGE: gear left Park (now R)
[2026-05-21 22:00:37.772] Husby was here, and we are ready to go
[2026-05-21 22:00:37.790] AUTO-DISENGAGE: gear left Park (now R)
[2026-05-21 22:00:37.790] Husby was here, and we are ready to go
[2026-05-21 22:00:37.811] AUTO-DISENGAGE: gear left Park (now R)
[2026-05-21 22:00:37.812] Husby was here, and we are ready to go
[2026-05-21 22:00:37.831] AUTO-DISENGAGE: gear left Park (now R)
[2026-05-21 22:00:37.831] Husby was here, and we are ready to go
[2026-05-21 22:00:37.850] AUTO-DISENGAGE: gear left Park (now R)
[2026-05-21 22:00:37.850] Husby was here, and we are ready to go
[2026-05-21 22:00:37.872] AUTO-DISENGAGE: gear left Park (now R)
[2026-05-21 22:00:37.872] Husby was here, and we are ready to go
[2026-05-21 22:00:37.872] AUTO-DISENGAGE: gear left Park (now R)
[2026-05-21 22:00:37.872] Husby was here, and we are ready to go
[2026-05-21 22:00:37.889] AUTO-DISENGAGE: gear left Park (now R)
[2026-05-21 22:00:37.890] Husby was here, and we are ready to go
[2026-05-21 22:00:37.910] AUTO-DISENGAGE: gear left Park (now R)
[2026-05-21 22:00:37.910] Husby was here, and we are ready to go
[2026-05-21 22:00:37.930] AUTO-DISENGAGE: gear left Park (now R)
[2026-05-21 22:00:37.930] Husby was here, and we are ready to go
[2026-05-21 22:00:37.949] AUTO-DISENGAGE: gear left Park (now R)
[2026-05-21 22:00:37.949] Husby was here, and we are ready to go
[2026-05-21 22:00:37.950] SHIFT post-burst gear: R (requested R)
[2026-05-21 22:00:37.969] AUTO-DISENGAGE: gear left Park (now R)
[2026-05-21 22:00:37.969] Husby was here, and we are ready to go
[2026-05-21 22:00:37.972] AUTO-DISENGAGE: gear left Park (now R)
[2026-05-21 22:00:37.972] Husby was here, and we are ready to go
[2026-05-21 22:00:37.990] AUTO-DISENGAGE: gear left Park (now R)
[2026-05-21 22:00:37.990] Husby was here, and we are ready to go
[2026-05-21 22:00:38.009] AUTO-DISENGAGE: gear left Park (now R)
[2026-05-21 22:00:38.009] Husby was here, and we are ready to go
[2026-05-21 22:00:38.033] AUTO-DISENGAGE: gear left Park (now R)
[2026-05-21 22:00:38.033] Husby was here, and we are ready to go
[2026-05-21 22:00:38.052] AUTO-DISENGAGE: gear left Park (now R)
[2026-05-21 22:00:38.052] Husby was here, and we are ready to go
[2026-05-21 22:00:38.072] AUTO-DISENGAGE: gear left Park (now R)
[2026-05-21 22:00:38.072] Husby was here, and we are ready to go
[2026-05-21 22:00:38.072] AUTO-DISENGAGE: gear left Park (now R)
[2026-05-21 22:00:38.072] Husby was here, and we are ready to go
[2026-05-21 22:00:38.091] AUTO-DISENGAGE: gear left Park (now R)
[2026-05-21 22:00:38.091] Husby was here, and we are ready to go
[2026-05-21 22:00:38.110] AUTO-DISENGAGE: gear left Park (now R)
[2026-05-21 22:00:38.111] Husby was here, and we are ready to go
[2026-05-21 22:00:38.133] AUTO-DISENGAGE: gear left Park (now R)
[2026-05-21 22:00:38.133] Husby was here, and we are ready to go
[2026-05-21 22:00:38.152] AUTO-DISENGAGE: gear left Park (now R)
[2026-05-21 22:00:38.153] Husby was here, and we are ready to go
[2026-05-21 22:00:38.173] AUTO-DISENGAGE: gear left Park (now R)
[2026-05-21 22:00:38.174] Husby was here, and we are ready to go
[2026-05-21 22:00:38.176] AUTO-DISENGAGE: gear left Park (now R)
[2026-05-21 22:00:38.176] Husby was here, and we are ready to go
[2026-05-21 22:00:38.190] AUTO-DISENGAGE: gear left Park (now R)
[2026-05-21 22:00:38.190] Husby was here, and we are ready to go
[2026-05-21 22:00:38.213] AUTO-DISENGAGE: gear left Park (now R)
[2026-05-21 22:00:38.213] Husby was here, and we are ready to go
[2026-05-21 22:00:38.233] AUTO-DISENGAGE: gear left Park (now R)
[2026-05-21 22:00:38.233] Husby was here, and we are ready to go
[2026-05-21 22:00:38.252] AUTO-DISENGAGE: gear left Park (now R)
[2026-05-21 22:00:38.253] Husby was here, and we are ready to go
[2026-05-21 22:00:38.271] AUTO-DISENGAGE: gear left Park (now R)
[2026-05-21 22:00:38.271] Husby was here, and we are ready to go
[2026-05-21 22:00:38.275] AUTO-DISENGAGE: gear left Park (now R)
[2026-05-21 22:00:38.275] Husby was here, and we are ready to go
[2026-05-21 22:00:38.290] AUTO-DISENGAGE: gear left Park (now R)
[2026-05-21 22:00:38.290] Husby was here, and we are ready to go
[2026-05-21 22:00:38.310] AUTO-DISENGAGE: gear left Park (now R)
[2026-05-21 22:00:38.310] Husby was here, and we are ready to go
[2026-05-21 22:00:38.333] AUTO-DISENGAGE: gear left Park (now R)
[2026-05-21 22:00:38.334] Husby was here, and we are ready to go
[2026-05-21 22:00:38.352] AUTO-DISENGAGE: gear left Park (now R)
[2026-05-21 22:00:38.352] Husby was here, and we are ready to go
[2026-05-21 22:00:38.373] AUTO-DISENGAGE: gear left Park (now R)
[2026-05-21 22:00:38.373] Husby was here, and we are ready to go
[2026-05-21 22:00:38.375] AUTO-DISENGAGE: gear left Park (now R)
[2026-05-21 22:00:38.375] Husby was here, and we are ready to go
[2026-05-21 22:00:38.392] AUTO-DISENGAGE: gear left Park (now R)
[2026-05-21 22:00:38.392] Husby was here, and we are ready to go
[2026-05-21 22:00:38.412] AUTO-DISENGAGE: gear left Park (now R)
[2026-05-21 22:00:38.412] Husby was here, and we are ready to go
[2026-05-21 22:00:38.432] AUTO-DISENGAGE: gear left Park (now R)
[2026-05-21 22:00:38.433] Husby was here, and we are ready to go
[2026-05-21 22:00:38.450] AUTO-DISENGAGE: gear left Park (now R)
[2026-05-21 22:00:38.451] Husby was here, and we are ready to go
[2026-05-21 22:00:38.470] AUTO-DISENGAGE: gear left Park (now R)
[2026-05-21 22:00:38.471] Husby was here, and we are ready to go
[2026-05-21 22:00:38.475] AUTO-DISENGAGE: gear left Park (now R)
[2026-05-21 22:00:38.475] Husby was here, and we are ready to go
[2026-05-21 22:00:38.490] AUTO-DISENGAGE: gear left Park (now R)
[2026-05-21 22:00:38.491] Husby was here, and we are ready to go
[2026-05-21 22:00:38.510] AUTO-DISENGAGE: gear left Park (now R)
[2026-05-21 22:00:38.510] Husby was here, and we are ready to go
[2026-05-21 22:00:38.531] AUTO-DISENGAGE: gear left Park (now R)
[2026-05-21 22:00:38.531] Husby was here, and we are ready to go
[2026-05-21 22:00:38.550] AUTO-DISENGAGE: gear left Park (now R)
[2026-05-21 22:00:38.550] Husby was here, and we are ready to go
[2026-05-21 22:00:38.569] AUTO-DISENGAGE: gear left Park (now R)
[2026-05-21 22:00:38.569] Husby was here, and we are ready to go
[2026-05-21 22:00:38.575] AUTO-DISENGAGE: gear left Park (now R)
[2026-05-21 22:00:38.575] Husby was here, and we are ready to go
[2026-05-21 22:00:38.589] AUTO-DISENGAGE: gear left Park (now R)
[2026-05-21 22:00:38.589] Husby was here, and we are ready to go
[2026-05-21 22:00:38.609] brake: PRESSED
[2026-05-21 22:00:38.610] AUTO-DISENGAGE: gear left Park (now R)
[2026-05-21 22:00:38.610] Husby was here, and we are ready to go
[2026-05-21 22:00:38.630] AUTO-DISENGAGE: gear left Park (now R)
[2026-05-21 22:00:38.630] Husby was here, and we are ready to go
[2026-05-21 22:00:38.650] AUTO-DISENGAGE: gear left Park (now R)
[2026-05-21 22:00:38.650] Husby was here, and we are ready to go
[2026-05-21 22:00:38.670] AUTO-DISENGAGE: gear left Park (now R)
[2026-05-21 22:00:38.670] Husby was here, and we are ready to go
[2026-05-21 22:00:38.675] AUTO-DISENGAGE: gear left Park (now R)
[2026-05-21 22:00:38.675] Husby was here, and we are ready to go
[2026-05-21 22:00:38.691] AUTO-DISENGAGE: gear left Park (now R)
[2026-05-21 22:00:38.692] Husby was here, and we are ready to go
[2026-05-21 22:00:38.711] AUTO-DISENGAGE: gear left Park (now R)
[2026-05-21 22:00:38.711] Husby was here, and we are ready to go
[2026-05-21 22:00:38.732] AUTO-DISENGAGE: gear left Park (now R)
[2026-05-21 22:00:38.732] Husby was here, and we are ready to go
[2026-05-21 22:00:38.750] AUTO-DISENGAGE: gear left Park (now R)
[2026-05-21 22:00:38.750] Husby was here, and we are ready to go
[2026-05-21 22:00:38.772] AUTO-DISENGAGE: gear left Park (now R)
[2026-05-21 22:00:38.772] Husby was here, and we are ready to go
[2026-05-21 22:00:38.775] AUTO-DISENGAGE: gear left Park (now R)
[2026-05-21 22:00:38.775] Husby was here, and we are ready to go
[2026-05-21 22:00:38.790] AUTO-DISENGAGE: gear left Park (now R)
[2026-05-21 22:00:38.791] Husby was here, and we are ready to go
[2026-05-21 22:00:38.810] AUTO-DISENGAGE: gear left Park (now R)
[2026-05-21 22:00:38.811] Husby was here, and we are ready to go
[2026-05-21 22:00:38.832] AUTO-DISENGAGE: gear left Park (now R)
[2026-05-21 22:00:38.832] Husby was here, and we are ready to go
[2026-05-21 22:00:38.850] AUTO-DISENGAGE: gear left Park (now R)
[2026-05-21 22:00:38.850] Husby was here, and we are ready to go
[2026-05-21 22:00:38.871] AUTO-DISENGAGE: gear left Park (now R)
[2026-05-21 22:00:38.871] Husby was here, and we are ready to go
[2026-05-21 22:00:38.876] AUTO-DISENGAGE: gear left Park (now R)
[2026-05-21 22:00:38.876] Husby was here, and we are ready to go
[2026-05-21 22:00:38.889] AUTO-DISENGAGE: gear left Park (now R)
[2026-05-21 22:00:38.890] Husby was here, and we are ready to go
[2026-05-21 22:00:38.910] AUTO-DISENGAGE: gear left Park (now R)
[2026-05-21 22:00:38.911] Husby was here, and we are ready to go
[2026-05-21 22:00:38.931] AUTO-DISENGAGE: gear left Park (now R)
[2026-05-21 22:00:38.932] Husby was here, and we are ready to go
[2026-05-21 22:00:38.950] AUTO-DISENGAGE: gear left Park (now R)
[2026-05-21 22:00:38.950] Husby was here, and we are ready to go
[2026-05-21 22:00:38.970] AUTO-DISENGAGE: gear left Park (now R)
[2026-05-21 22:00:38.970] Husby was here, and we are ready to go
[2026-05-21 22:00:38.975] AUTO-DISENGAGE: gear left Park (now R)
[2026-05-21 22:00:38.975] Husby was here, and we are ready to go
[2026-05-21 22:00:38.990] AUTO-DISENGAGE: gear left Park (now R)
[2026-05-21 22:00:38.990] Husby was here, and we are ready to go
[2026-05-21 22:00:39.010] AUTO-DISENGAGE: gear left Park (now R)
[2026-05-21 22:00:39.010] Husby was here, and we are ready to go
[2026-05-21 22:00:39.029] AUTO-DISENGAGE: gear left Park (now R)
[2026-05-21 22:00:39.030] Husby was here, and we are ready to go
[2026-05-21 22:00:39.052] AUTO-DISENGAGE: gear left Park (now R)
[2026-05-21 22:00:39.052] Husby was here, and we are ready to go
[2026-05-21 22:00:39.072] AUTO-DISENGAGE: gear left Park (now R)
[2026-05-21 22:00:39.072] Husby was here, and we are ready to go
[2026-05-21 22:00:39.076] AUTO-DISENGAGE: gear left Park (now R)
[2026-05-21 22:00:39.076] Husby was here, and we are ready to go
[2026-05-21 22:00:39.092] AUTO-DISENGAGE: gear left Park (now R)
[2026-05-21 22:00:39.092] Husby was here, and we are ready to go
[2026-05-21 22:00:39.113] AUTO-DISENGAGE: gear left Park (now R)
[2026-05-21 22:00:39.113] Husby was here, and we are ready to go
[2026-05-21 22:00:39.137] AUTO-DISENGAGE: gear left Park (now R)
[2026-05-21 22:00:39.137] Husby was here, and we are ready to go
[2026-05-21 22:00:39.150] AUTO-DISENGAGE: gear left Park (now R)
[2026-05-21 22:00:39.150] Husby was here, and we are ready to go
[2026-05-21 22:00:39.172] AUTO-DISENGAGE: gear left Park (now R)
[2026-05-21 22:00:39.173] Husby was here, and we are ready to go
[2026-05-21 22:00:39.175] AUTO-DISENGAGE: gear left Park (now R)
[2026-05-21 22:00:39.175] Husby was here, and we are ready to go
[2026-05-21 22:00:39.191] AUTO-DISENGAGE: gear left Park (now R)
[2026-05-21 22:00:39.191] Husby was here, and we are ready to go
[2026-05-21 22:00:39.211] AUTO-DISENGAGE: gear left Park (now R)
[2026-05-21 22:00:39.211] Husby was here, and we are ready to go
[2026-05-21 22:00:39.230] AUTO-DISENGAGE: gear left Park (now R)
[2026-05-21 22:00:39.230] Husby was here, and we are ready to go
[2026-05-21 22:00:39.250] AUTO-DISENGAGE: gear left Park (now R)
[2026-05-21 22:00:39.250] Husby was here, and we are ready to go
[2026-05-21 22:00:39.271] AUTO-DISENGAGE: gear left Park (now R)
[2026-05-21 22:00:39.271] Husby was here, and we are ready to go
[2026-05-21 22:00:39.276] AUTO-DISENGAGE: gear left Park (now R)
[2026-05-21 22:00:39.276] Husby was here, and we are ready to go
[2026-05-21 22:00:39.290] AUTO-DISENGAGE: gear left Park (now R)
[2026-05-21 22:00:39.290] Husby was here, and we are ready to go
[2026-05-21 22:00:39.312] AUTO-DISENGAGE: gear left Park (now R)
[2026-05-21 22:00:39.312] Husby was here, and we are ready to go
[2026-05-21 22:00:39.331] AUTO-DISENGAGE: gear left Park (now R)
[2026-05-21 22:00:39.331] Husby was here, and we are ready to go
[2026-05-21 22:00:39.352] AUTO-DISENGAGE: gear left Park (now R)
[2026-05-21 22:00:39.352] Husby was here, and we are ready to go
[2026-05-21 22:00:39.372] AUTO-DISENGAGE: gear left Park (now R)
[2026-05-21 22:00:39.373] Husby was here, and we are ready to go
[2026-05-21 22:00:39.375] AUTO-DISENGAGE: gear left Park (now R)
[2026-05-21 22:00:39.375] Husby was here, and we are ready to go
[2026-05-21 22:00:39.392] AUTO-DISENGAGE: gear left Park (now R)
[2026-05-21 22:00:39.392] Husby was here, and we are ready to go
[2026-05-21 22:00:39.413] AUTO-DISENGAGE: gear left Park (now R)
[2026-05-21 22:00:39.413] Husby was here, and we are ready to go
[2026-05-21 22:00:39.433] AUTO-DISENGAGE: gear left Park (now R)
[2026-05-21 22:00:39.433] Husby was here, and we are ready to go
[2026-05-21 22:00:39.452] AUTO-DISENGAGE: gear left Park (now R)
[2026-05-21 22:00:39.452] Husby was here, and we are ready to go
[2026-05-21 22:00:39.470] AUTO-DISENGAGE: gear left Park (now R)
[2026-05-21 22:00:39.470] Husby was here, and we are ready to go
[2026-05-21 22:00:39.476] AUTO-DISENGAGE: gear left Park (now R)
[2026-05-21 22:00:39.476] Husby was here, and we are ready to go
[2026-05-21 22:00:39.490] AUTO-DISENGAGE: gear left Park (now R)
[2026-05-21 22:00:39.491] Husby was here, and we are ready to go
[2026-05-21 22:00:39.511] AUTO-DISENGAGE: gear left Park (now R)
[2026-05-21 22:00:39.511] Husby was here, and we are ready to go
[2026-05-21 22:00:39.532] AUTO-DISENGAGE: gear left Park (now R)
[2026-05-21 22:00:39.532] Husby was here, and we are ready to go
[2026-05-21 22:00:39.550] AUTO-DISENGAGE: gear left Park (now R)
[2026-05-21 22:00:39.550] Husby was here, and we are ready to go
[2026-05-21 22:00:39.570] AUTO-DISENGAGE: gear left Park (now R)
[2026-05-21 22:00:39.570] Husby was here, and we are ready to go
[2026-05-21 22:00:39.575] AUTO-DISENGAGE: gear left Park (now R)
[2026-05-21 22:00:39.575] Husby was here, and we are ready to go
[2026-05-21 22:00:39.590] AUTO-DISENGAGE: gear left Park (now R)
[2026-05-21 22:00:39.590] Husby was here, and we are ready to go
[2026-05-21 22:00:39.610] AUTO-DISENGAGE: gear left Park (now R)
[2026-05-21 22:00:39.610] Husby was here, and we are ready to go
[2026-05-21 22:00:39.630] AUTO-DISENGAGE: gear left Park (now R)
[2026-05-21 22:00:39.630] Husby was here, and we are ready to go
[2026-05-21 22:00:39.649] AUTO-DISENGAGE: gear left Park (now R)
[2026-05-21 22:00:39.650] Husby was here, and we are ready to go
[2026-05-21 22:00:39.670] AUTO-DISENGAGE: gear left Park (now R)
[2026-05-21 22:00:39.670] Husby was here, and we are ready to go
[2026-05-21 22:00:39.675] AUTO-DISENGAGE: gear left Park (now R)
[2026-05-21 22:00:39.675] Husby was here, and we are ready to go
[2026-05-21 22:00:39.690] AUTO-DISENGAGE: gear left Park (now R)
[2026-05-21 22:00:39.690] Husby was here, and we are ready to go
[2026-05-21 22:00:39.711] AUTO-DISENGAGE: gear left Park (now R)
[2026-05-21 22:00:39.711] Husby was here, and we are ready to go
[2026-05-21 22:00:39.732] AUTO-DISENGAGE: gear left Park (now R)
[2026-05-21 22:00:39.732] Husby was here, and we are ready to go
[2026-05-21 22:00:39.751] AUTO-DISENGAGE: gear left Park (now R)
[2026-05-21 22:00:39.751] Husby was here, and we are ready to go
[2026-05-21 22:00:39.770] AUTO-DISENGAGE: gear left Park (now R)
[2026-05-21 22:00:39.770] Husby was here, and we are ready to go
[2026-05-21 22:00:39.775] AUTO-DISENGAGE: gear left Park (now R)
[2026-05-21 22:00:39.775] Husby was here, and we are ready to go
[2026-05-21 22:00:39.790] AUTO-DISENGAGE: gear left Park (now R)
[2026-05-21 22:00:39.790] Husby was here, and we are ready to go
[2026-05-21 22:00:39.811] AUTO-DISENGAGE: gear left Park (now R)
[2026-05-21 22:00:39.811] Husby was here, and we are ready to go
[2026-05-21 22:00:39.830] AUTO-DISENGAGE: gear left Park (now R)
[2026-05-21 22:00:39.830] Husby was here, and we are ready to go
[2026-05-21 22:00:39.850] AUTO-DISENGAGE: gear left Park (now R)
[2026-05-21 22:00:39.850] Husby was here, and we are ready to go
[2026-05-21 22:00:39.870] AUTO-DISENGAGE: gear left Park (now R)
[2026-05-21 22:00:39.870] Husby was here, and we are ready to go
[2026-05-21 22:00:39.875] AUTO-DISENGAGE: gear left Park (now R)
[2026-05-21 22:00:39.876] Husby was here, and we are ready to go
[2026-05-21 22:00:39.891] AUTO-DISENGAGE: gear left Park (now R)
[2026-05-21 22:00:39.892] Husby was here, and we are ready to go
[2026-05-21 22:00:39.913] AUTO-DISENGAGE: gear left Park (now R)
[2026-05-21 22:00:39.913] Husby was here, and we are ready to go
[2026-05-21 22:00:39.932] AUTO-DISENGAGE: gear left Park (now R)
[2026-05-21 22:00:39.932] Husby was here, and we are ready to go
[2026-05-21 22:00:39.951] AUTO-DISENGAGE: gear left Park (now R)
[2026-05-21 22:00:39.951] Husby was here, and we are ready to go
[2026-05-21 22:00:39.971] AUTO-DISENGAGE: gear left Park (now R)
[2026-05-21 22:00:39.971] Husby was here, and we are ready to go
[2026-05-21 22:00:39.976] AUTO-DISENGAGE: gear left Park (now R)
[2026-05-21 22:00:39.976] Husby was here, and we are ready to go
[2026-05-21 22:00:39.991] AUTO-DISENGAGE: gear left Park (now R)
[2026-05-21 22:00:39.991] Husby was here, and we are ready to go
[2026-05-21 22:00:40.013] AUTO-DISENGAGE: gear left Park (now R)
[2026-05-21 22:00:40.013] Husby was here, and we are ready to go
[2026-05-21 22:00:40.032] AUTO-DISENGAGE: gear left Park (now R)
[2026-05-21 22:00:40.032] Husby was here, and we are ready to go
[2026-05-21 22:00:40.050] AUTO-DISENGAGE: gear left Park (now R)
[2026-05-21 22:00:40.051] Husby was here, and we are ready to go
[2026-05-21 22:00:40.072] AUTO-DISENGAGE: gear left Park (now R)
[2026-05-21 22:00:40.072] Husby was here, and we are ready to go
[2026-05-21 22:00:40.075] AUTO-DISENGAGE: gear left Park (now R)
[2026-05-21 22:00:40.075] Husby was here, and we are ready to go
[2026-05-21 22:00:40.092] AUTO-DISENGAGE: gear left Park (now R)
[2026-05-21 22:00:40.093] Husby was here, and we are ready to go
[2026-05-21 22:00:40.112] AUTO-DISENGAGE: gear left Park (now R)
[2026-05-21 22:00:40.113] Husby was here, and we are ready to go
[2026-05-21 22:00:40.133] AUTO-DISENGAGE: gear left Park (now R)
[2026-05-21 22:00:40.134] Husby was here, and we are ready to go
[2026-05-21 22:00:40.153] AUTO-DISENGAGE: gear left Park (now R)
[2026-05-21 22:00:40.153] Husby was here, and we are ready to go
[2026-05-21 22:00:40.171] AUTO-DISENGAGE: gear left Park (now R)
[2026-05-21 22:00:40.172] Husby was here, and we are ready to go
[2026-05-21 22:00:40.175] AUTO-DISENGAGE: gear left Park (now R)
[2026-05-21 22:00:40.175] Husby was here, and we are ready to go
[2026-05-21 22:00:40.190] AUTO-DISENGAGE: gear left Park (now R)
[2026-05-21 22:00:40.190] Husby was here, and we are ready to go
[2026-05-21 22:00:40.211] AUTO-DISENGAGE: gear left Park (now R)
[2026-05-21 22:00:40.211] Husby was here, and we are ready to go
[2026-05-21 22:00:40.231] AUTO-DISENGAGE: gear left Park (now R)
[2026-05-21 22:00:40.231] Husby was here, and we are ready to go
[2026-05-21 22:00:40.250] AUTO-DISENGAGE: gear left Park (now R)
[2026-05-21 22:00:40.250] Husby was here, and we are ready to go
[2026-05-21 22:00:40.270] AUTO-DISENGAGE: gear left Park (now R)
[2026-05-21 22:00:40.270] Husby was here, and we are ready to go
[2026-05-21 22:00:40.275] AUTO-DISENGAGE: gear left Park (now R)
[2026-05-21 22:00:40.275] Husby was here, and we are ready to go
[2026-05-21 22:00:40.290] AUTO-DISENGAGE: gear left Park (now R)
[2026-05-21 22:00:40.290] Husby was here, and we are ready to go
[2026-05-21 22:00:40.310] AUTO-DISENGAGE: gear left Park (now R)
[2026-05-21 22:00:40.310] Husby was here, and we are ready to go
[2026-05-21 22:00:40.331] AUTO-DISENGAGE: gear left Park (now R)
[2026-05-21 22:00:40.331] Husby was here, and we are ready to go
[2026-05-21 22:00:40.350] AUTO-DISENGAGE: gear left Park (now R)
[2026-05-21 22:00:40.350] Husby was here, and we are ready to go
[2026-05-21 22:00:40.370] AUTO-DISENGAGE: gear left Park (now R)
[2026-05-21 22:00:40.370] Husby was here, and we are ready to go
[2026-05-21 22:00:40.375] AUTO-DISENGAGE: gear left Park (now R)
[2026-05-21 22:00:40.375] Husby was here, and we are ready to go
[2026-05-21 22:00:40.390] AUTO-DISENGAGE: gear left Park (now R)
[2026-05-21 22:00:40.390] Husby was here, and we are ready to go
[2026-05-21 22:00:40.410] AUTO-DISENGAGE: gear left Park (now R)
[2026-05-21 22:00:40.410] Husby was here, and we are ready to go
[2026-05-21 22:00:40.431] AUTO-DISENGAGE: gear left Park (now R)
[2026-05-21 22:00:40.431] Husby was here, and we are ready to go
[2026-05-21 22:00:40.451] AUTO-DISENGAGE: gear left Park (now R)
[2026-05-21 22:00:40.451] Husby was here, and we are ready to go
[2026-05-21 22:00:40.472] AUTO-DISENGAGE: gear left Park (now R)
[2026-05-21 22:00:40.472] Husby was here, and we are ready to go
[2026-05-21 22:00:40.475] AUTO-DISENGAGE: gear left Park (now R)
[2026-05-21 22:00:40.475] Husby was here, and we are ready to go
[2026-05-21 22:00:40.490] AUTO-DISENGAGE: gear left Park (now R)
[2026-05-21 22:00:40.490] Husby was here, and we are ready to go
[2026-05-21 22:00:40.510] AUTO-DISENGAGE: gear left Park (now R)
[2026-05-21 22:00:40.510] Husby was here, and we are ready to go
[2026-05-21 22:00:40.533] AUTO-DISENGAGE: gear left Park (now R)
[2026-05-21 22:00:40.533] Husby was here, and we are ready to go
[2026-05-21 22:00:40.552] AUTO-DISENGAGE: gear left Park (now R)
[2026-05-21 22:00:40.552] Husby was here, and we are ready to go
[2026-05-21 22:00:40.573] AUTO-DISENGAGE: gear left Park (now R)
[2026-05-21 22:00:40.574] Husby was here, and we are ready to go
[2026-05-21 22:00:40.575] AUTO-DISENGAGE: gear left Park (now R)
[2026-05-21 22:00:40.576] Husby was here, and we are ready to go
[2026-05-21 22:00:40.591] AUTO-DISENGAGE: gear left Park (now R)
[2026-05-21 22:00:40.592] Husby was here, and we are ready to go
[2026-05-21 22:00:40.611] AUTO-DISENGAGE: gear left Park (now R)
[2026-05-21 22:00:40.611] Husby was here, and we are ready to go
[2026-05-21 22:00:40.631] AUTO-DISENGAGE: gear left Park (now R)
[2026-05-21 22:00:40.631] Husby was here, and we are ready to go
[2026-05-21 22:00:40.651] AUTO-DISENGAGE: gear left Park (now R)
[2026-05-21 22:00:40.651] Husby was here, and we are ready to go
[2026-05-21 22:00:40.672] AUTO-DISENGAGE: gear left Park (now R)
[2026-05-21 22:00:40.672] Husby was here, and we are ready to go
[2026-05-21 22:00:40.675] AUTO-DISENGAGE: gear left Park (now R)
[2026-05-21 22:00:40.675] Husby was here, and we are ready to go
[2026-05-21 22:00:40.690] AUTO-DISENGAGE: gear left Park (now R)
[2026-05-21 22:00:40.690] Husby was here, and we are ready to go
[2026-05-21 22:00:40.712] AUTO-DISENGAGE: gear left Park (now R)
[2026-05-21 22:00:40.712] Husby was here, and we are ready to go
[2026-05-21 22:00:40.733] AUTO-DISENGAGE: gear left Park (now R)
[2026-05-21 22:00:40.733] Husby was here, and we are ready to go
[2026-05-21 22:00:40.752] AUTO-DISENGAGE: gear left Park (now R)
[2026-05-21 22:00:40.752] Husby was here, and we are ready to go
[2026-05-21 22:00:40.770] AUTO-DISENGAGE: gear left Park (now R)
[2026-05-21 22:00:40.771] Husby was here, and we are ready to go
[2026-05-21 22:00:40.775] AUTO-DISENGAGE: gear left Park (now R)
[2026-05-21 22:00:40.775] Husby was here, and we are ready to go
[2026-05-21 22:00:40.790] AUTO-DISENGAGE: gear left Park (now R)
[2026-05-21 22:00:40.790] Husby was here, and we are ready to go
[2026-05-21 22:00:40.811] AUTO-DISENGAGE: gear left Park (now R)
[2026-05-21 22:00:40.811] Husby was here, and we are ready to go
[2026-05-21 22:00:40.830] AUTO-DISENGAGE: gear left Park (now R)
[2026-05-21 22:00:40.830] Husby was here, and we are ready to go
[2026-05-21 22:00:40.850] AUTO-DISENGAGE: gear left Park (now R)
[2026-05-21 22:00:40.850] Husby was here, and we are ready to go
[2026-05-21 22:00:40.870] AUTO-DISENGAGE: gear left Park (now R)
[2026-05-21 22:00:40.870] Husby was here, and we are ready to go
[2026-05-21 22:00:40.875] AUTO-DISENGAGE: gear left Park (now R)
[2026-05-21 22:00:40.875] Husby was here, and we are ready to go
[2026-05-21 22:00:40.890] AUTO-DISENGAGE: gear left Park (now R)
[2026-05-21 22:00:40.890] Husby was here, and we are ready to go
[2026-05-21 22:00:40.910] AUTO-DISENGAGE: gear left Park (now R)
[2026-05-21 22:00:40.910] Husby was here, and we are ready to go
[2026-05-21 22:00:40.930] AUTO-DISENGAGE: gear left Park (now R)
[2026-05-21 22:00:40.930] Husby was here, and we are ready to go
[2026-05-21 22:00:40.950] AUTO-DISENGAGE: gear left Park (now R)
[2026-05-21 22:00:40.950] Husby was here, and we are ready to go
[2026-05-21 22:00:40.972] AUTO-DISENGAGE: gear left Park (now R)
[2026-05-21 22:00:40.972] Husby was here, and we are ready to go
[2026-05-21 22:00:40.975] AUTO-DISENGAGE: gear left Park (now R)
[2026-05-21 22:00:40.975] Husby was here, and we are ready to go
[2026-05-21 22:00:40.993] AUTO-DISENGAGE: gear left Park (now R)
[2026-05-21 22:00:40.993] Husby was here, and we are ready to go
[2026-05-21 22:00:41.012] AUTO-DISENGAGE: gear left Park (now R)
[2026-05-21 22:00:41.012] Husby was here, and we are ready to go
[2026-05-21 22:00:41.036] AUTO-DISENGAGE: gear left Park (now R)
[2026-05-21 22:00:41.037] Husby was here, and we are ready to go
[2026-05-21 22:00:41.052] AUTO-DISENGAGE: gear left Park (now R)
[2026-05-21 22:00:41.052] Husby was here, and we are ready to go
[2026-05-21 22:00:41.072] AUTO-DISENGAGE: gear left Park (now R)
[2026-05-21 22:00:41.072] Husby was here, and we are ready to go
[2026-05-21 22:00:41.075] AUTO-DISENGAGE: gear left Park (now R)
[2026-05-21 22:00:41.075] Husby was here, and we are ready to go
[2026-05-21 22:00:41.091] AUTO-DISENGAGE: gear left Park (now R)
[2026-05-21 22:00:41.091] Husby was here, and we are ready to go
[2026-05-21 22:00:41.112] AUTO-DISENGAGE: gear left Park (now R)
[2026-05-21 22:00:41.112] Husby was here, and we are ready to go
[2026-05-21 22:00:41.132] AUTO-DISENGAGE: gear left Park (now R)
[2026-05-21 22:00:41.132] Husby was here, and we are ready to go
[2026-05-21 22:00:41.150] AUTO-DISENGAGE: gear left Park (now R)
[2026-05-21 22:00:41.150] Husby was here, and we are ready to go
[2026-05-21 22:00:41.171] AUTO-DISENGAGE: gear left Park (now R)
[2026-05-21 22:00:41.171] Husby was here, and we are ready to go
[2026-05-21 22:00:41.175] AUTO-DISENGAGE: gear left Park (now R)
[2026-05-21 22:00:41.175] Husby was here, and we are ready to go
[2026-05-21 22:00:41.190] AUTO-DISENGAGE: gear left Park (now R)
[2026-05-21 22:00:41.191] Husby was here, and we are ready to go
[2026-05-21 22:00:41.216] AUTO-DISENGAGE: gear left Park (now R)
[2026-05-21 22:00:41.217] Husby was here, and we are ready to go
[2026-05-21 22:00:41.232] AUTO-DISENGAGE: gear left Park (now R)
[2026-05-21 22:00:41.232] Husby was here, and we are ready to go
[2026-05-21 22:00:41.252] AUTO-DISENGAGE: gear left Park (now R)
[2026-05-21 22:00:41.253] Husby was here, and we are ready to go
[2026-05-21 22:00:41.270] AUTO-DISENGAGE: gear left Park (now R)
[2026-05-21 22:00:41.271] Husby was here, and we are ready to go
[2026-05-21 22:00:41.275] AUTO-DISENGAGE: gear left Park (now R)
[2026-05-21 22:00:41.276] Husby was here, and we are ready to go
[2026-05-21 22:00:41.290] AUTO-DISENGAGE: gear left Park (now R)
[2026-05-21 22:00:41.291] Husby was here, and we are ready to go
[2026-05-21 22:00:41.314] AUTO-DISENGAGE: gear left Park (now R)
[2026-05-21 22:00:41.315] Husby was here, and we are ready to go
[2026-05-21 22:00:41.331] AUTO-DISENGAGE: gear left Park (now R)
[2026-05-21 22:00:41.331] Husby was here, and we are ready to go
[2026-05-21 22:00:41.351] AUTO-DISENGAGE: gear left Park (now R)
[2026-05-21 22:00:41.351] Husby was here, and we are ready to go
[2026-05-21 22:00:41.371] AUTO-DISENGAGE: gear left Park (now R)
[2026-05-21 22:00:41.372] Husby was here, and we are ready to go
[2026-05-21 22:00:41.375] AUTO-DISENGAGE: gear left Park (now R)
[2026-05-21 22:00:41.375] Husby was here, and we are ready to go
[2026-05-21 22:00:41.393] AUTO-DISENGAGE: gear left Park (now R)
[2026-05-21 22:00:41.393] Husby was here, and we are ready to go
[2026-05-21 22:00:41.412] AUTO-DISENGAGE: gear left Park (now R)
[2026-05-21 22:00:41.413] Husby was here, and we are ready to go
[2026-05-21 22:00:41.434] AUTO-DISENGAGE: gear left Park (now R)
[2026-05-21 22:00:41.434] Husby was here, and we are ready to go
[2026-05-21 22:00:41.452] AUTO-DISENGAGE: gear left Park (now R)
[2026-05-21 22:00:41.452] Husby was here, and we are ready to go
[2026-05-21 22:00:41.472] AUTO-DISENGAGE: gear left Park (now R)
[2026-05-21 22:00:41.472] Husby was here, and we are ready to go
[2026-05-21 22:00:41.475] AUTO-DISENGAGE: gear left Park (now R)
[2026-05-21 22:00:41.475] Husby was here, and we are ready to go
[2026-05-21 22:00:41.491] AUTO-DISENGAGE: gear left Park (now R)
[2026-05-21 22:00:41.491] Husby was here, and we are ready to go
[2026-05-21 22:00:41.512] AUTO-DISENGAGE: gear left Park (now R)
[2026-05-21 22:00:41.512] Husby was here, and we are ready to go
[2026-05-21 22:00:41.532] AUTO-DISENGAGE: gear left Park (now R)
[2026-05-21 22:00:41.532] Husby was here, and we are ready to go
[2026-05-21 22:00:41.551] AUTO-DISENGAGE: gear left Park (now R)
[2026-05-21 22:00:41.551] Husby was here, and we are ready to go
[2026-05-21 22:00:41.572] AUTO-DISENGAGE: gear left Park (now R)
[2026-05-21 22:00:41.572] Husby was here, and we are ready to go
[2026-05-21 22:00:41.575] AUTO-DISENGAGE: gear left Park (now R)
[2026-05-21 22:00:41.575] Husby was here, and we are ready to go
[2026-05-21 22:00:41.591] AUTO-DISENGAGE: gear left Park (now R)
[2026-05-21 22:00:41.591] Husby was here, and we are ready to go
[2026-05-21 22:00:41.613] AUTO-DISENGAGE: gear left Park (now R)
[2026-05-21 22:00:41.613] Husby was here, and we are ready to go
[2026-05-21 22:00:41.632] AUTO-DISENGAGE: gear left Park (now R)
[2026-05-21 22:00:41.632] Husby was here, and we are ready to go
[2026-05-21 22:00:41.651] AUTO-DISENGAGE: gear left Park (now R)
[2026-05-21 22:00:41.651] Husby was here, and we are ready to go
[2026-05-21 22:00:41.672] AUTO-DISENGAGE: gear left Park (now R)
[2026-05-21 22:00:41.672] Husby was here, and we are ready to go
[2026-05-21 22:00:41.675] AUTO-DISENGAGE: gear left Park (now R)
[2026-05-21 22:00:41.675] Husby was here, and we are ready to go
[2026-05-21 22:00:41.692] AUTO-DISENGAGE: gear left Park (now R)
[2026-05-21 22:00:41.692] Husby was here, and we are ready to go
[2026-05-21 22:00:41.712] AUTO-DISENGAGE: gear left Park (now R)
[2026-05-21 22:00:41.712] Husby was here, and we are ready to go
[2026-05-21 22:00:41.733] AUTO-DISENGAGE: gear left Park (now R)
[2026-05-21 22:00:41.733] Husby was here, and we are ready to go
[2026-05-21 22:00:41.751] AUTO-DISENGAGE: gear left Park (now R)
[2026-05-21 22:00:41.751] Husby was here, and we are ready to go
[2026-05-21 22:00:41.771] AUTO-DISENGAGE: gear left Park (now R)
[2026-05-21 22:00:41.771] Husby was here, and we are ready to go
[2026-05-21 22:00:41.775] AUTO-DISENGAGE: gear left Park (now R)
[2026-05-21 22:00:41.775] Husby was here, and we are ready to go
[2026-05-21 22:00:41.792] AUTO-DISENGAGE: gear left Park (now R)
[2026-05-21 22:00:41.792] Husby was here, and we are ready to go
[2026-05-21 22:00:41.811] AUTO-DISENGAGE: gear left Park (now R)
[2026-05-21 22:00:41.811] Husby was here, and we are ready to go
[2026-05-21 22:00:41.831] AUTO-DISENGAGE: gear left Park (now R)
[2026-05-21 22:00:41.831] Husby was here, and we are ready to go
[2026-05-21 22:00:41.850] AUTO-DISENGAGE: gear left Park (now R)
[2026-05-21 22:00:41.850] Husby was here, and we are ready to go
[2026-05-21 22:00:41.870] AUTO-DISENGAGE: gear left Park (now R)
[2026-05-21 22:00:41.870] Husby was here, and we are ready to go
[2026-05-21 22:00:41.875] AUTO-DISENGAGE: gear left Park (now R)
[2026-05-21 22:00:41.875] Husby was here, and we are ready to go
[2026-05-21 22:00:41.890] AUTO-DISENGAGE: gear left Park (now R)
[2026-05-21 22:00:41.890] Husby was here, and we are ready to go
[2026-05-21 22:00:41.911] AUTO-DISENGAGE: gear left Park (now R)
[2026-05-21 22:00:41.911] Husby was here, and we are ready to go
[2026-05-21 22:00:41.932] AUTO-DISENGAGE: gear left Park (now R)
[2026-05-21 22:00:41.932] Husby was here, and we are ready to go
[2026-05-21 22:00:41.950] AUTO-DISENGAGE: gear left Park (now R)
[2026-05-21 22:00:41.950] Husby was here, and we are ready to go
[2026-05-21 22:00:41.971] AUTO-DISENGAGE: gear left Park (now R)
[2026-05-21 22:00:41.971] Husby was here, and we are ready to go
[2026-05-21 22:00:41.975] AUTO-DISENGAGE: gear left Park (now R)
[2026-05-21 22:00:41.975] Husby was here, and we are ready to go
[2026-05-21 22:00:41.991] AUTO-DISENGAGE: gear left Park (now R)
[2026-05-21 22:00:41.991] Husby was here, and we are ready to go
[2026-05-21 22:00:42.011] AUTO-DISENGAGE: gear left Park (now R)
[2026-05-21 22:00:42.011] Husby was here, and we are ready to go
[2026-05-21 22:00:42.030] AUTO-DISENGAGE: gear left Park (now R)
[2026-05-21 22:00:42.030] Husby was here, and we are ready to go
[2026-05-21 22:00:42.050] AUTO-DISENGAGE: gear left Park (now R)
[2026-05-21 22:00:42.050] Husby was here, and we are ready to go
[2026-05-21 22:00:42.070] AUTO-DISENGAGE: gear left Park (now R)
[2026-05-21 22:00:42.071] Husby was here, and we are ready to go
[2026-05-21 22:00:42.075] AUTO-DISENGAGE: gear left Park (now R)
[2026-05-21 22:00:42.075] Husby was here, and we are ready to go
[2026-05-21 22:00:42.090] AUTO-DISENGAGE: gear left Park (now R)
[2026-05-21 22:00:42.090] Husby was here, and we are ready to go
[2026-05-21 22:00:42.110] AUTO-DISENGAGE: gear left Park (now R)
[2026-05-21 22:00:42.110] Husby was here, and we are ready to go
[2026-05-21 22:00:42.130] AUTO-DISENGAGE: gear left Park (now R)
[2026-05-21 22:00:42.130] Husby was here, and we are ready to go
[2026-05-21 22:00:42.151] AUTO-DISENGAGE: gear left Park (now R)
[2026-05-21 22:00:42.152] Husby was here, and we are ready to go
[2026-05-21 22:00:42.171] AUTO-DISENGAGE: gear left Park (now R)
[2026-05-21 22:00:42.172] Husby was here, and we are ready to go
[2026-05-21 22:00:42.175] AUTO-DISENGAGE: gear left Park (now R)
[2026-05-21 22:00:42.175] Husby was here, and we are ready to go
[2026-05-21 22:00:42.191] AUTO-DISENGAGE: gear left Park (now R)
[2026-05-21 22:00:42.191] Husby was here, and we are ready to go
[2026-05-21 22:00:42.212] AUTO-DISENGAGE: gear left Park (now R)
[2026-05-21 22:00:42.212] Husby was here, and we are ready to go
[2026-05-21 22:00:42.231] AUTO-DISENGAGE: gear left Park (now R)
[2026-05-21 22:00:42.231] Husby was here, and we are ready to go
[2026-05-21 22:00:42.251] AUTO-DISENGAGE: gear left Park (now R)
[2026-05-21 22:00:42.251] Husby was here, and we are ready to go
[2026-05-21 22:00:42.270] AUTO-DISENGAGE: gear left Park (now R)
[2026-05-21 22:00:42.270] Husby was here, and we are ready to go
[2026-05-21 22:00:42.275] AUTO-DISENGAGE: gear left Park (now R)
[2026-05-21 22:00:42.275] Husby was here, and we are ready to go
[2026-05-21 22:00:42.291] AUTO-DISENGAGE: gear left Park (now R)
[2026-05-21 22:00:42.291] Husby was here, and we are ready to go
[2026-05-21 22:00:42.312] AUTO-DISENGAGE: gear left Park (now R)
[2026-05-21 22:00:42.312] Husby was here, and we are ready to go
[2026-05-21 22:00:42.332] AUTO-DISENGAGE: gear left Park (now R)
[2026-05-21 22:00:42.332] Husby was here, and we are ready to go
[2026-05-21 22:00:42.351] AUTO-DISENGAGE: gear left Park (now R)
[2026-05-21 22:00:42.351] Husby was here, and we are ready to go
[2026-05-21 22:00:42.372] AUTO-DISENGAGE: gear left Park (now R)
[2026-05-21 22:00:42.372] Husby was here, and we are ready to go
[2026-05-21 22:00:42.375] AUTO-DISENGAGE: gear left Park (now R)
[2026-05-21 22:00:42.376] Husby was here, and we are ready to go
[2026-05-21 22:00:42.391] AUTO-DISENGAGE: gear left Park (now R)
[2026-05-21 22:00:42.391] Husby was here, and we are ready to go
[2026-05-21 22:00:42.413] AUTO-DISENGAGE: gear left Park (now R)
[2026-05-21 22:00:42.413] Husby was here, and we are ready to go
[2026-05-21 22:00:42.431] AUTO-DISENGAGE: gear left Park (now R)
[2026-05-21 22:00:42.431] Husby was here, and we are ready to go
[2026-05-21 22:00:42.450] AUTO-DISENGAGE: gear left Park (now R)
[2026-05-21 22:00:42.450] Husby was here, and we are ready to go
[2026-05-21 22:00:42.472] AUTO-DISENGAGE: gear left Park (now R)
[2026-05-21 22:00:42.472] Husby was here, and we are ready to go
[2026-05-21 22:00:42.475] AUTO-DISENGAGE: gear left Park (now R)
[2026-05-21 22:00:42.475] Husby was here, and we are ready to go
[2026-05-21 22:00:42.492] AUTO-DISENGAGE: gear left Park (now R)
[2026-05-21 22:00:42.492] Husby was here, and we are ready to go
[2026-05-21 22:00:42.511] AUTO-DISENGAGE: gear left Park (now R)
[2026-05-21 22:00:42.512] Husby was here, and we are ready to go
[2026-05-21 22:00:42.531] AUTO-DISENGAGE: gear left Park (now R)
[2026-05-21 22:00:42.531] Husby was here, and we are ready to go
[2026-05-21 22:00:42.551] AUTO-DISENGAGE: gear left Park (now R)
[2026-05-21 22:00:42.551] Husby was here, and we are ready to go
[2026-05-21 22:00:42.572] AUTO-DISENGAGE: gear left Park (now R)
[2026-05-21 22:00:42.573] Husby was here, and we are ready to go
[2026-05-21 22:00:42.575] AUTO-DISENGAGE: gear left Park (now R)
[2026-05-21 22:00:42.575] Husby was here, and we are ready to go
[2026-05-21 22:00:42.592] AUTO-DISENGAGE: gear left Park (now R)
[2026-05-21 22:00:42.592] Husby was here, and we are ready to go
[2026-05-21 22:00:42.612] AUTO-DISENGAGE: gear left Park (now R)
[2026-05-21 22:00:42.612] Husby was here, and we are ready to go
[2026-05-21 22:00:42.631] AUTO-DISENGAGE: gear left Park (now R)
[2026-05-21 22:00:42.631] Husby was here, and we are ready to go
[2026-05-21 22:00:42.651] AUTO-DISENGAGE: gear left Park (now R)
[2026-05-21 22:00:42.651] Husby was here, and we are ready to go
[2026-05-21 22:00:42.672] AUTO-DISENGAGE: gear left Park (now R)
[2026-05-21 22:00:42.672] Husby was here, and we are ready to go
[2026-05-21 22:00:42.676] AUTO-DISENGAGE: gear left Park (now R)
[2026-05-21 22:00:42.676] Husby was here, and we are ready to go
[2026-05-21 22:00:42.690] AUTO-DISENGAGE: gear left Park (now R)
[2026-05-21 22:00:42.691] Husby was here, and we are ready to go
[2026-05-21 22:00:42.711] AUTO-DISENGAGE: gear left Park (now R)
[2026-05-21 22:00:42.711] Husby was here, and we are ready to go
[2026-05-21 22:00:42.732] AUTO-DISENGAGE: gear left Park (now R)
[2026-05-21 22:00:42.732] Husby was here, and we are ready to go
[2026-05-21 22:00:42.750] AUTO-DISENGAGE: gear left Park (now R)
[2026-05-21 22:00:42.751] Husby was here, and we are ready to go
[2026-05-21 22:00:42.770] AUTO-DISENGAGE: gear left Park (now R)
[2026-05-21 22:00:42.771] Husby was here, and we are ready to go
[2026-05-21 22:00:42.775] AUTO-DISENGAGE: gear left Park (now R)
[2026-05-21 22:00:42.775] Husby was here, and we are ready to go
[2026-05-21 22:00:42.790] AUTO-DISENGAGE: gear left Park (now R)
[2026-05-21 22:00:42.790] Husby was here, and we are ready to go
[2026-05-21 22:00:42.812] AUTO-DISENGAGE: gear left Park (now R)
[2026-05-21 22:00:42.812] Husby was here, and we are ready to go
[2026-05-21 22:00:42.830] AUTO-DISENGAGE: gear left Park (now R)
[2026-05-21 22:00:42.830] Husby was here, and we are ready to go
[2026-05-21 22:00:42.850] AUTO-DISENGAGE: gear left Park (now R)
[2026-05-21 22:00:42.850] Husby was here, and we are ready to go
[2026-05-21 22:00:42.871] AUTO-DISENGAGE: gear left Park (now R)
[2026-05-21 22:00:42.872] Husby was here, and we are ready to go
[2026-05-21 22:00:42.876] AUTO-DISENGAGE: gear left Park (now R)
[2026-05-21 22:00:42.876] Husby was here, and we are ready to go
[2026-05-21 22:00:42.891] AUTO-DISENGAGE: gear left Park (now R)
[2026-05-21 22:00:42.891] Husby was here, and we are ready to go
[2026-05-21 22:00:42.912] AUTO-DISENGAGE: gear left Park (now R)
[2026-05-21 22:00:42.912] Husby was here, and we are ready to go
[2026-05-21 22:00:42.931] AUTO-DISENGAGE: gear left Park (now R)
[2026-05-21 22:00:42.931] Husby was here, and we are ready to go
[2026-05-21 22:00:42.952] AUTO-DISENGAGE: gear left Park (now R)
[2026-05-21 22:00:42.952] Husby was here, and we are ready to go
[2026-05-21 22:00:42.973] AUTO-DISENGAGE: gear left Park (now R)
[2026-05-21 22:00:42.973] Husby was here, and we are ready to go
[2026-05-21 22:00:42.975] AUTO-DISENGAGE: gear left Park (now R)
[2026-05-21 22:00:42.975] Husby was here, and we are ready to go
[2026-05-21 22:00:42.992] AUTO-DISENGAGE: gear left Park (now R)
[2026-05-21 22:00:42.993] Husby was here, and we are ready to go
[2026-05-21 22:00:43.012] AUTO-DISENGAGE: gear left Park (now R)
[2026-05-21 22:00:43.013] Husby was here, and we are ready to go
[2026-05-21 22:00:43.031] AUTO-DISENGAGE: gear left Park (now R)
[2026-05-21 22:00:43.031] Husby was here, and we are ready to go
[2026-05-21 22:00:43.050] AUTO-DISENGAGE: gear left Park (now R)
[2026-05-21 22:00:43.050] Husby was here, and we are ready to go
[2026-05-21 22:00:43.071] AUTO-DISENGAGE: gear left Park (now R)
[2026-05-21 22:00:43.071] Husby was here, and we are ready to go
[2026-05-21 22:00:43.075] AUTO-DISENGAGE: gear left Park (now R)
[2026-05-21 22:00:43.075] Husby was here, and we are ready to go
[2026-05-21 22:00:43.091] AUTO-DISENGAGE: gear left Park (now R)
[2026-05-21 22:00:43.091] Husby was here, and we are ready to go
[2026-05-21 22:00:43.112] AUTO-DISENGAGE: gear left Park (now R)
[2026-05-21 22:00:43.112] Husby was here, and we are ready to go
[2026-05-21 22:00:43.131] AUTO-DISENGAGE: gear left Park (now R)
[2026-05-21 22:00:43.131] Husby was here, and we are ready to go
[2026-05-21 22:00:43.151] AUTO-DISENGAGE: gear left Park (now R)
[2026-05-21 22:00:43.151] Husby was here, and we are ready to go
[2026-05-21 22:00:43.173] AUTO-DISENGAGE: gear left Park (now R)
[2026-05-21 22:00:43.174] Husby was here, and we are ready to go
[2026-05-21 22:00:43.176] AUTO-DISENGAGE: gear left Park (now R)
[2026-05-21 22:00:43.176] Husby was here, and we are ready to go
[2026-05-21 22:00:43.191] AUTO-DISENGAGE: gear left Park (now R)
[2026-05-21 22:00:43.192] Husby was here, and we are ready to go
[2026-05-21 22:00:43.216] AUTO-DISENGAGE: gear left Park (now R)
[2026-05-21 22:00:43.217] Husby was here, and we are ready to go
[2026-05-21 22:00:43.232] AUTO-DISENGAGE: gear left Park (now R)
[2026-05-21 22:00:43.232] Husby was here, and we are ready to go
[2026-05-21 22:00:43.252] AUTO-DISENGAGE: gear left Park (now R)
[2026-05-21 22:00:43.253] Husby was here, and we are ready to go
[2026-05-21 22:00:43.273] AUTO-DISENGAGE: gear left Park (now R)
[2026-05-21 22:00:43.273] Husby was here, and we are ready to go
[2026-05-21 22:00:43.275] AUTO-DISENGAGE: gear left Park (now R)
[2026-05-21 22:00:43.275] Husby was here, and we are ready to go
[2026-05-21 22:00:43.293] AUTO-DISENGAGE: gear left Park (now R)
[2026-05-21 22:00:43.293] Husby was here, and we are ready to go
[2026-05-21 22:00:43.312] AUTO-DISENGAGE: gear left Park (now R)
[2026-05-21 22:00:43.313] Husby was here, and we are ready to go
[2026-05-21 22:00:43.332] AUTO-DISENGAGE: gear left Park (now R)
[2026-05-21 22:00:43.332] Husby was here, and we are ready to go
[2026-05-21 22:00:43.350] AUTO-DISENGAGE: gear left Park (now R)
[2026-05-21 22:00:43.350] Husby was here, and we are ready to go
[2026-05-21 22:00:43.371] AUTO-DISENGAGE: gear left Park (now R)
[2026-05-21 22:00:43.371] Husby was here, and we are ready to go
[2026-05-21 22:00:43.375] AUTO-DISENGAGE: gear left Park (now R)
[2026-05-21 22:00:43.375] Husby was here, and we are ready to go
[2026-05-21 22:00:43.391] AUTO-DISENGAGE: gear left Park (now R)
[2026-05-21 22:00:43.391] Husby was here, and we are ready to go
[2026-05-21 22:00:43.412] AUTO-DISENGAGE: gear left Park (now R)
[2026-05-21 22:00:43.412] Husby was here, and we are ready to go
[2026-05-21 22:00:43.430] AUTO-DISENGAGE: gear left Park (now R)
[2026-05-21 22:00:43.431] Husby was here, and we are ready to go
[2026-05-21 22:00:43.451] AUTO-DISENGAGE: gear left Park (now R)
[2026-05-21 22:00:43.451] Husby was here, and we are ready to go
[2026-05-21 22:00:43.471] AUTO-DISENGAGE: gear left Park (now R)
[2026-05-21 22:00:43.472] Husby was here, and we are ready to go
[2026-05-21 22:00:43.475] AUTO-DISENGAGE: gear left Park (now R)
[2026-05-21 22:00:43.475] Husby was here, and we are ready to go
[2026-05-21 22:00:43.490] AUTO-DISENGAGE: gear left Park (now R)
[2026-05-21 22:00:43.491] Husby was here, and we are ready to go
[2026-05-21 22:00:43.511] AUTO-DISENGAGE: gear left Park (now R)
[2026-05-21 22:00:43.512] Husby was here, and we are ready to go
[2026-05-21 22:00:43.533] AUTO-DISENGAGE: gear left Park (now R)
[2026-05-21 22:00:43.533] Husby was here, and we are ready to go
[2026-05-21 22:00:43.553] AUTO-DISENGAGE: gear left Park (now R)
[2026-05-21 22:00:43.553] Husby was here, and we are ready to go
[2026-05-21 22:00:43.576] AUTO-DISENGAGE: gear left Park (now R)
[2026-05-21 22:00:43.576] Husby was here, and we are ready to go
[2026-05-21 22:00:43.577] AUTO-DISENGAGE: gear left Park (now R)
[2026-05-21 22:00:43.577] Husby was here, and we are ready to go
[2026-05-21 22:00:43.592] AUTO-DISENGAGE: gear left Park (now R)
[2026-05-21 22:00:43.592] Husby was here, and we are ready to go
[2026-05-21 22:00:43.612] AUTO-DISENGAGE: gear left Park (now R)
[2026-05-21 22:00:43.612] Husby was here, and we are ready to go
[2026-05-21 22:00:43.631] AUTO-DISENGAGE: gear left Park (now R)
[2026-05-21 22:00:43.632] Husby was here, and we are ready to go
[2026-05-21 22:00:43.653] AUTO-DISENGAGE: gear left Park (now R)
[2026-05-21 22:00:43.653] Husby was here, and we are ready to go
[2026-05-21 22:00:43.672] AUTO-DISENGAGE: gear left Park (now R)
[2026-05-21 22:00:43.673] Husby was here, and we are ready to go
[2026-05-21 22:00:43.678] AUTO-DISENGAGE: gear left Park (now R)
[2026-05-21 22:00:43.678] Husby was here, and we are ready to go
[2026-05-21 22:00:43.692] AUTO-DISENGAGE: gear left Park (now R)
[2026-05-21 22:00:43.693] Husby was here, and we are ready to go
[2026-05-21 22:00:43.717] AUTO-DISENGAGE: gear left Park (now R)
[2026-05-21 22:00:43.717] Husby was here, and we are ready to go
[2026-05-21 22:00:43.732] AUTO-DISENGAGE: gear left Park (now R)
[2026-05-21 22:00:43.732] Husby was here, and we are ready to go
[2026-05-21 22:00:43.752] AUTO-DISENGAGE: gear left Park (now R)
[2026-05-21 22:00:43.752] Husby was here, and we are ready to go
[2026-05-21 22:00:43.772] AUTO-DISENGAGE: gear left Park (now R)
[2026-05-21 22:00:43.772] Husby was here, and we are ready to go
[2026-05-21 22:00:43.778] AUTO-DISENGAGE: gear left Park (now R)
[2026-05-21 22:00:43.778] Husby was here, and we are ready to go
[2026-05-21 22:00:43.792] AUTO-DISENGAGE: gear left Park (now R)
[2026-05-21 22:00:43.792] Husby was here, and we are ready to go
[2026-05-21 22:00:43.812] AUTO-DISENGAGE: gear left Park (now R)
[2026-05-21 22:00:43.812] Husby was here, and we are ready to go
[2026-05-21 22:00:43.831] AUTO-DISENGAGE: gear left Park (now R)
[2026-05-21 22:00:43.831] Husby was here, and we are ready to go
[2026-05-21 22:00:43.851] AUTO-DISENGAGE: gear left Park (now R)
[2026-05-21 22:00:43.851] Husby was here, and we are ready to go
[2026-05-21 22:00:43.871] AUTO-DISENGAGE: gear left Park (now R)
[2026-05-21 22:00:43.871] Husby was here, and we are ready to go
[2026-05-21 22:00:43.877] AUTO-DISENGAGE: gear left Park (now R)
[2026-05-21 22:00:43.877] Husby was here, and we are ready to go
[2026-05-21 22:00:43.891] AUTO-DISENGAGE: gear left Park (now R)
[2026-05-21 22:00:43.891] Husby was here, and we are ready to go
[2026-05-21 22:00:43.911] AUTO-DISENGAGE: gear left Park (now R)
[2026-05-21 22:00:43.912] Husby was here, and we are ready to go
[2026-05-21 22:00:43.931] AUTO-DISENGAGE: gear left Park (now R)
[2026-05-21 22:00:43.931] Husby was here, and we are ready to go
[2026-05-21 22:00:43.951] AUTO-DISENGAGE: gear left Park (now R)
[2026-05-21 22:00:43.951] Husby was here, and we are ready to go
[2026-05-21 22:00:43.971] AUTO-DISENGAGE: gear left Park (now R)
[2026-05-21 22:00:43.971] Husby was here, and we are ready to go
[2026-05-21 22:00:43.977] AUTO-DISENGAGE: gear left Park (now R)
[2026-05-21 22:00:43.977] Husby was here, and we are ready to go
[2026-05-21 22:00:43.990] AUTO-DISENGAGE: gear left Park (now R)
[2026-05-21 22:00:43.991] Husby was here, and we are ready to go
[2026-05-21 22:00:44.010] AUTO-DISENGAGE: gear left Park (now R)
[2026-05-21 22:00:44.011] Husby was here, and we are ready to go
[2026-05-21 22:00:44.031] AUTO-DISENGAGE: gear left Park (now R)
[2026-05-21 22:00:44.031] Husby was here, and we are ready to go
[2026-05-21 22:00:44.050] AUTO-DISENGAGE: gear left Park (now R)
[2026-05-21 22:00:44.050] Husby was here, and we are ready to go
[2026-05-21 22:00:44.071] AUTO-DISENGAGE: gear left Park (now R)
[2026-05-21 22:00:44.071] Husby was here, and we are ready to go
[2026-05-21 22:00:44.077] AUTO-DISENGAGE: gear left Park (now R)
[2026-05-21 22:00:44.077] Husby was here, and we are ready to go
[2026-05-21 22:00:44.090] AUTO-DISENGAGE: gear left Park (now R)
[2026-05-21 22:00:44.090] Husby was here, and we are ready to go
[2026-05-21 22:00:44.110] AUTO-DISENGAGE: gear left Park (now R)
[2026-05-21 22:00:44.110] Husby was here, and we are ready to go
[2026-05-21 22:00:44.130] AUTO-DISENGAGE: gear left Park (now R)
[2026-05-21 22:00:44.131] Husby was here, and we are ready to go
[2026-05-21 22:00:44.153] AUTO-DISENGAGE: gear left Park (now R)
[2026-05-21 22:00:44.153] Husby was here, and we are ready to go
[2026-05-21 22:00:44.173] AUTO-DISENGAGE: gear left Park (now R)
[2026-05-21 22:00:44.173] Husby was here, and we are ready to go
[2026-05-21 22:00:44.178] AUTO-DISENGAGE: gear left Park (now R)
[2026-05-21 22:00:44.178] Husby was here, and we are ready to go
[2026-05-21 22:00:44.192] AUTO-DISENGAGE: gear left Park (now R)
[2026-05-21 22:00:44.192] Husby was here, and we are ready to go
[2026-05-21 22:00:44.217] AUTO-DISENGAGE: gear left Park (now R)
[2026-05-21 22:00:44.218] Husby was here, and we are ready to go
[2026-05-21 22:00:44.232] AUTO-DISENGAGE: gear left Park (now R)
[2026-05-21 22:00:44.232] Husby was here, and we are ready to go
[2026-05-21 22:00:44.253] AUTO-DISENGAGE: gear left Park (now R)
[2026-05-21 22:00:44.253] Husby was here, and we are ready to go
[2026-05-21 22:00:44.271] AUTO-DISENGAGE: gear left Park (now R)
[2026-05-21 22:00:44.272] Husby was here, and we are ready to go
[2026-05-21 22:00:44.277] AUTO-DISENGAGE: gear left Park (now R)
[2026-05-21 22:00:44.278] Husby was here, and we are ready to go
[2026-05-21 22:00:44.291] AUTO-DISENGAGE: gear left Park (now R)
[2026-05-21 22:00:44.291] Husby was here, and we are ready to go
[2026-05-21 22:00:44.313] AUTO-DISENGAGE: gear left Park (now R)
[2026-05-21 22:00:44.313] Husby was here, and we are ready to go
[2026-05-21 22:00:44.331] AUTO-DISENGAGE: gear left Park (now R)
[2026-05-21 22:00:44.332] Husby was here, and we are ready to go
[2026-05-21 22:00:44.351] AUTO-DISENGAGE: gear left Park (now R)
[2026-05-21 22:00:44.351] Husby was here, and we are ready to go
[2026-05-21 22:00:44.372] AUTO-DISENGAGE: gear left Park (now R)
[2026-05-21 22:00:44.372] Husby was here, and we are ready to go
[2026-05-21 22:00:44.377] AUTO-DISENGAGE: gear left Park (now R)
[2026-05-21 22:00:44.377] Husby was here, and we are ready to go
[2026-05-21 22:00:44.391] AUTO-DISENGAGE: gear left Park (now R)
[2026-05-21 22:00:44.392] Husby was here, and we are ready to go
[2026-05-21 22:00:44.412] AUTO-DISENGAGE: gear left Park (now R)
[2026-05-21 22:00:44.412] Husby was here, and we are ready to go
[2026-05-21 22:00:44.431] AUTO-DISENGAGE: gear left Park (now R)
[2026-05-21 22:00:44.431] Husby was here, and we are ready to go
[2026-05-21 22:00:44.451] AUTO-DISENGAGE: gear left Park (now R)
[2026-05-21 22:00:44.451] Husby was here, and we are ready to go
[2026-05-21 22:00:44.471] AUTO-DISENGAGE: gear left Park (now R)
[2026-05-21 22:00:44.471] Husby was here, and we are ready to go
[2026-05-21 22:00:44.477] AUTO-DISENGAGE: gear left Park (now R)
[2026-05-21 22:00:44.477] Husby was here, and we are ready to go
[2026-05-21 22:00:44.491] AUTO-DISENGAGE: gear left Park (now R)
[2026-05-21 22:00:44.491] Husby was here, and we are ready to go
[2026-05-21 22:00:44.511] AUTO-DISENGAGE: gear left Park (now R)
[2026-05-21 22:00:44.512] Husby was here, and we are ready to go
[2026-05-21 22:00:44.531] AUTO-DISENGAGE: gear left Park (now R)
[2026-05-21 22:00:44.531] Husby was here, and we are ready to go
[2026-05-21 22:00:44.553] AUTO-DISENGAGE: gear left Park (now R)
[2026-05-21 22:00:44.553] Husby was here, and we are ready to go
[2026-05-21 22:00:44.573] AUTO-DISENGAGE: gear left Park (now R)
[2026-05-21 22:00:44.573] Husby was here, and we are ready to go
[2026-05-21 22:00:44.578] AUTO-DISENGAGE: gear left Park (now R)
[2026-05-21 22:00:44.578] Husby was here, and we are ready to go
[2026-05-21 22:00:44.591] AUTO-DISENGAGE: gear left Park (now R)
[2026-05-21 22:00:44.592] Husby was here, and we are ready to go
[2026-05-21 22:00:44.613] AUTO-DISENGAGE: gear left Park (now R)
[2026-05-21 22:00:44.613] Husby was here, and we are ready to go
[2026-05-21 22:00:44.632] AUTO-DISENGAGE: gear left Park (now R)
[2026-05-21 22:00:44.632] Husby was here, and we are ready to go
[2026-05-21 22:00:44.652] AUTO-DISENGAGE: gear left Park (now R)
[2026-05-21 22:00:44.652] Husby was here, and we are ready to go
[2026-05-21 22:00:44.672] AUTO-DISENGAGE: gear left Park (now R)
[2026-05-21 22:00:44.673] Husby was here, and we are ready to go
[2026-05-21 22:00:44.678] AUTO-DISENGAGE: gear left Park (now R)
[2026-05-21 22:00:44.678] Husby was here, and we are ready to go
[2026-05-21 22:00:44.692] AUTO-DISENGAGE: gear left Park (now R)
[2026-05-21 22:00:44.692] Husby was here, and we are ready to go
[2026-05-21 22:00:44.712] AUTO-DISENGAGE: gear left Park (now R)
[2026-05-21 22:00:44.713] Husby was here, and we are ready to go
[2026-05-21 22:00:44.731] AUTO-DISENGAGE: gear left Park (now R)
[2026-05-21 22:00:44.732] Husby was here, and we are ready to go
[2026-05-21 22:00:44.751] AUTO-DISENGAGE: gear left Park (now R)
[2026-05-21 22:00:44.751] Husby was here, and we are ready to go
[2026-05-21 22:00:44.771] AUTO-DISENGAGE: gear left Park (now R)
[2026-05-21 22:00:44.771] Husby was here, and we are ready to go
[2026-05-21 22:00:44.777] AUTO-DISENGAGE: gear left Park (now R)
[2026-05-21 22:00:44.777] Husby was here, and we are ready to go
[2026-05-21 22:00:44.790] AUTO-DISENGAGE: gear left Park (now R)
[2026-05-21 22:00:44.790] Husby was here, and we are ready to go
[2026-05-21 22:00:44.812] AUTO-DISENGAGE: gear left Park (now R)
[2026-05-21 22:00:44.812] Husby was here, and we are ready to go
[2026-05-21 22:00:44.832] AUTO-DISENGAGE: gear left Park (now R)
[2026-05-21 22:00:44.832] Husby was here, and we are ready to go
[2026-05-21 22:00:44.852] AUTO-DISENGAGE: gear left Park (now R)
[2026-05-21 22:00:44.852] Husby was here, and we are ready to go
[2026-05-21 22:00:44.870] AUTO-DISENGAGE: gear left Park (now R)
[2026-05-21 22:00:44.871] Husby was here, and we are ready to go
[2026-05-21 22:00:44.877] AUTO-DISENGAGE: gear left Park (now R)
[2026-05-21 22:00:44.877] Husby was here, and we are ready to go
[2026-05-21 22:00:44.890] AUTO-DISENGAGE: gear left Park (now R)
[2026-05-21 22:00:44.890] Husby was here, and we are ready to go
[2026-05-21 22:00:44.911] AUTO-DISENGAGE: gear left Park (now R)
[2026-05-21 22:00:44.911] Husby was here, and we are ready to go
[2026-05-21 22:00:44.931] AUTO-DISENGAGE: gear left Park (now R)
[2026-05-21 22:00:44.931] Husby was here, and we are ready to go
[2026-05-21 22:00:44.938] rc: RND switch -> N, queuing shift
[2026-05-21 22:00:44.941] shift requested: N
[2026-05-21 22:00:44.951] AUTO-DISENGAGE: gear left Park (now R)
[2026-05-21 22:00:44.951] Husby was here, and we are ready to go
[2026-05-21 22:00:44.951] SHIFT: requesting N via 0x6D burst (30 active + 10 idle frames at 200 Hz)
[2026-05-21 22:00:44.955] AUTO-DISENGAGE: gear left Park (now R)
[2026-05-21 22:00:44.955] Husby was here, and we are ready to go
[2026-05-21 22:00:44.961] AUTO-DISENGAGE: gear left Park (now R)
[2026-05-21 22:00:44.961] Husby was here, and we are ready to go
[2026-05-21 22:00:44.965] AUTO-DISENGAGE: gear left Park (now R)
[2026-05-21 22:00:44.965] Husby was here, and we are ready to go
[2026-05-21 22:00:44.970] AUTO-DISENGAGE: gear left Park (now R)
[2026-05-21 22:00:44.970] Husby was here, and we are ready to go
[2026-05-21 22:00:44.970] AUTO-DISENGAGE: gear left Park (now R)
[2026-05-21 22:00:44.970] Husby was here, and we are ready to go
[2026-05-21 22:00:44.976] AUTO-DISENGAGE: gear left Park (now R)
[2026-05-21 22:00:44.976] Husby was here, and we are ready to go
[2026-05-21 22:00:44.977] AUTO-DISENGAGE: gear left Park (now R)
[2026-05-21 22:00:44.977] Husby was here, and we are ready to go
[2026-05-21 22:00:44.980] AUTO-DISENGAGE: gear left Park (now R)
[2026-05-21 22:00:44.980] Husby was here, and we are ready to go
[2026-05-21 22:00:44.985] AUTO-DISENGAGE: gear left Park (now R)
[2026-05-21 22:00:44.986] Husby was here, and we are ready to go
[2026-05-21 22:00:44.990] AUTO-DISENGAGE: gear left Park (now R)
[2026-05-21 22:00:44.990] Husby was here, and we are ready to go
[2026-05-21 22:00:44.990] AUTO-DISENGAGE: gear left Park (now R)
[2026-05-21 22:00:44.990] Husby was here, and we are ready to go
[2026-05-21 22:00:44.996] AUTO-DISENGAGE: gear left Park (now R)
[2026-05-21 22:00:44.996] Husby was here, and we are ready to go
[2026-05-21 22:00:45.000] AUTO-DISENGAGE: gear left Park (now R)
[2026-05-21 22:00:45.000] Husby was here, and we are ready to go
[2026-05-21 22:00:45.006] AUTO-DISENGAGE: gear left Park (now R)
[2026-05-21 22:00:45.006] Husby was here, and we are ready to go
[2026-05-21 22:00:45.010] AUTO-DISENGAGE: gear left Park (now R)
[2026-05-21 22:00:45.010] Husby was here, and we are ready to go
[2026-05-21 22:00:45.011] AUTO-DISENGAGE: gear left Park (now R)
[2026-05-21 22:00:45.011] Husby was here, and we are ready to go
[2026-05-21 22:00:45.016] AUTO-DISENGAGE: gear left Park (now R)
[2026-05-21 22:00:45.016] Husby was here, and we are ready to go
[2026-05-21 22:00:45.020] AUTO-DISENGAGE: gear left Park (now R)
[2026-05-21 22:00:45.020] Husby was here, and we are ready to go
[2026-05-21 22:00:45.026] AUTO-DISENGAGE: gear left Park (now R)
[2026-05-21 22:00:45.026] Husby was here, and we are ready to go
[2026-05-21 22:00:45.030] AUTO-DISENGAGE: gear left Park (now R)
[2026-05-21 22:00:45.030] Husby was here, and we are ready to go
[2026-05-21 22:00:45.030] AUTO-DISENGAGE: gear left Park (now R)
[2026-05-21 22:00:45.030] Husby was here, and we are ready to go
[2026-05-21 22:00:45.036] AUTO-DISENGAGE: gear left Park (now R)
[2026-05-21 22:00:45.036] Husby was here, and we are ready to go
[2026-05-21 22:00:45.041] AUTO-DISENGAGE: gear left Park (now R)
[2026-05-21 22:00:45.041] Husby was here, and we are ready to go
[2026-05-21 22:00:45.046] AUTO-DISENGAGE: gear left Park (now R)
[2026-05-21 22:00:45.046] Husby was here, and we are ready to go
[2026-05-21 22:00:45.050] AUTO-DISENGAGE: gear left Park (now R)
[2026-05-21 22:00:45.050] Husby was here, and we are ready to go
[2026-05-21 22:00:45.050] AUTO-DISENGAGE: gear left Park (now R)
[2026-05-21 22:00:45.051] Husby was here, and we are ready to go
[2026-05-21 22:00:45.056] AUTO-DISENGAGE: gear left Park (now R)
[2026-05-21 22:00:45.056] Husby was here, and we are ready to go
[2026-05-21 22:00:45.061] AUTO-DISENGAGE: gear left Park (now R)
[2026-05-21 22:00:45.061] Husby was here, and we are ready to go
[2026-05-21 22:00:45.066] AUTO-DISENGAGE: gear left Park (now R)
[2026-05-21 22:00:45.066] Husby was here, and we are ready to go
[2026-05-21 22:00:45.070] AUTO-DISENGAGE: gear left Park (now R)
[2026-05-21 22:00:45.070] Husby was here, and we are ready to go
[2026-05-21 22:00:45.070] AUTO-DISENGAGE: gear left Park (now R)
[2026-05-21 22:00:45.071] Husby was here, and we are ready to go
[2026-05-21 22:00:45.076] AUTO-DISENGAGE: gear left Park (now R)
[2026-05-21 22:00:45.076] Husby was here, and we are ready to go
[2026-05-21 22:00:45.077] AUTO-DISENGAGE: gear left Park (now R)
[2026-05-21 22:00:45.077] Husby was here, and we are ready to go
[2026-05-21 22:00:45.081] AUTO-DISENGAGE: gear left Park (now R)
[2026-05-21 22:00:45.081] Husby was here, and we are ready to go
[2026-05-21 22:00:45.086] AUTO-DISENGAGE: gear left Park (now R)
[2026-05-21 22:00:45.086] Husby was here, and we are ready to go
[2026-05-21 22:00:45.090] AUTO-DISENGAGE: gear left Park (now R)
[2026-05-21 22:00:45.090] Husby was here, and we are ready to go
[2026-05-21 22:00:45.090] AUTO-DISENGAGE: gear left Park (now R)
[2026-05-21 22:00:45.091] Husby was here, and we are ready to go
[2026-05-21 22:00:45.096] AUTO-DISENGAGE: gear left Park (now R)
[2026-05-21 22:00:45.096] Husby was here, and we are ready to go
[2026-05-21 22:00:45.101] AUTO-DISENGAGE: gear left Park (now R)
[2026-05-21 22:00:45.101] Husby was here, and we are ready to go
[2026-05-21 22:00:45.106] AUTO-DISENGAGE: gear left Park (now R)
[2026-05-21 22:00:45.106] Husby was here, and we are ready to go
[2026-05-21 22:00:45.110] AUTO-DISENGAGE: gear left Park (now R)
[2026-05-21 22:00:45.110] Husby was here, and we are ready to go
[2026-05-21 22:00:45.111] AUTO-DISENGAGE: gear left Park (now R)
[2026-05-21 22:00:45.111] Husby was here, and we are ready to go
[2026-05-21 22:00:45.116] AUTO-DISENGAGE: gear left Park (now R)
[2026-05-21 22:00:45.116] Husby was here, and we are ready to go
[2026-05-21 22:00:45.121] AUTO-DISENGAGE: gear left Park (now R)
[2026-05-21 22:00:45.121] Husby was here, and we are ready to go
[2026-05-21 22:00:45.126] AUTO-DISENGAGE: gear left Park (now R)
[2026-05-21 22:00:45.126] Husby was here, and we are ready to go
[2026-05-21 22:00:45.130] AUTO-DISENGAGE: gear left Park (now R)
[2026-05-21 22:00:45.130] Husby was here, and we are ready to go
[2026-05-21 22:00:45.130] AUTO-DISENGAGE: gear left Park (now R)
[2026-05-21 22:00:45.131] Husby was here, and we are ready to go
[2026-05-21 22:00:45.136] AUTO-DISENGAGE: gear left Park (now R)
[2026-05-21 22:00:45.136] Husby was here, and we are ready to go
[2026-05-21 22:00:45.141] AUTO-DISENGAGE: gear left Park (now R)
[2026-05-21 22:00:45.141] Husby was here, and we are ready to go
[2026-05-21 22:00:45.146] AUTO-DISENGAGE: gear left Park (now R)
[2026-05-21 22:00:45.146] Husby was here, and we are ready to go
[2026-05-21 22:00:45.150] AUTO-DISENGAGE: gear left Park (now R)
[2026-05-21 22:00:45.150] Husby was here, and we are ready to go
[2026-05-21 22:00:45.171] AUTO-DISENGAGE: gear left Park (now R)
[2026-05-21 22:00:45.172] Husby was here, and we are ready to go
[2026-05-21 22:00:45.177] AUTO-DISENGAGE: gear left Park (now R)
[2026-05-21 22:00:45.177] Husby was here, and we are ready to go
[2026-05-21 22:00:45.190] AUTO-DISENGAGE: gear left Park (now R)
[2026-05-21 22:00:45.191] Husby was here, and we are ready to go
[2026-05-21 22:00:45.211] AUTO-DISENGAGE: gear left Park (now R)
[2026-05-21 22:00:45.211] Husby was here, and we are ready to go
[2026-05-21 22:00:45.233] AUTO-DISENGAGE: gear left Park (now R)
[2026-05-21 22:00:45.233] Husby was here, and we are ready to go
[2026-05-21 22:00:45.252] gear: R -> N
[2026-05-21 22:00:45.254] AUTO-DISENGAGE: gear left Park (now N)
[2026-05-21 22:00:45.255] Husby was here, and we are ready to go
[2026-05-21 22:00:45.272] AUTO-DISENGAGE: gear left Park (now N)
[2026-05-21 22:00:45.272] Husby was here, and we are ready to go
[2026-05-21 22:00:45.277] AUTO-DISENGAGE: gear left Park (now N)
[2026-05-21 22:00:45.277] Husby was here, and we are ready to go
[2026-05-21 22:00:45.292] AUTO-DISENGAGE: gear left Park (now N)
[2026-05-21 22:00:45.292] Husby was here, and we are ready to go
[2026-05-21 22:00:45.315] AUTO-DISENGAGE: gear left Park (now N)
[2026-05-21 22:00:45.316] Husby was here, and we are ready to go
[2026-05-21 22:00:45.333] AUTO-DISENGAGE: gear left Park (now N)
[2026-05-21 22:00:45.333] Husby was here, and we are ready to go
[2026-05-21 22:00:45.353] AUTO-DISENGAGE: gear left Park (now N)
[2026-05-21 22:00:45.354] Husby was here, and we are ready to go
[2026-05-21 22:00:45.354] SHIFT post-burst gear: N (requested N)
[2026-05-21 22:00:45.376] AUTO-DISENGAGE: gear left Park (now N)
[2026-05-21 22:00:45.377] Husby was here, and we are ready to go
[2026-05-21 22:00:45.378] AUTO-DISENGAGE: gear left Park (now N)
[2026-05-21 22:00:45.378] Husby was here, and we are ready to go
[2026-05-21 22:00:45.392] AUTO-DISENGAGE: gear left Park (now N)
[2026-05-21 22:00:45.392] Husby was here, and we are ready to go
[2026-05-21 22:00:45.413] AUTO-DISENGAGE: gear left Park (now N)
[2026-05-21 22:00:45.413] Husby was here, and we are ready to go
[2026-05-21 22:00:45.433] AUTO-DISENGAGE: gear left Park (now N)
[2026-05-21 22:00:45.433] Husby was here, and we are ready to go
[2026-05-21 22:00:45.451] AUTO-DISENGAGE: gear left Park (now N)
[2026-05-21 22:00:45.452] Husby was here, and we are ready to go
[2026-05-21 22:00:45.475] AUTO-DISENGAGE: gear left Park (now N)
[2026-05-21 22:00:45.476] Husby was here, and we are ready to go
[2026-05-21 22:00:45.478] AUTO-DISENGAGE: gear left Park (now N)
[2026-05-21 22:00:45.478] Husby was here, and we are ready to go
[2026-05-21 22:00:45.492] AUTO-DISENGAGE: gear left Park (now N)
[2026-05-21 22:00:45.492] Husby was here, and we are ready to go
[2026-05-21 22:00:45.517] AUTO-DISENGAGE: gear left Park (now N)
[2026-05-21 22:00:45.517] Husby was here, and we are ready to go
[2026-05-21 22:00:45.532] AUTO-DISENGAGE: gear left Park (now N)
[2026-05-21 22:00:45.533] Husby was here, and we are ready to go
[2026-05-21 22:00:45.553] AUTO-DISENGAGE: gear left Park (now N)
[2026-05-21 22:00:45.553] Husby was here, and we are ready to go
[2026-05-21 22:00:45.577] AUTO-DISENGAGE: gear left Park (now N)
[2026-05-21 22:00:45.577] Husby was here, and we are ready to go
[2026-05-21 22:00:45.578] AUTO-DISENGAGE: gear left Park (now N)
[2026-05-21 22:00:45.578] Husby was here, and we are ready to go
[2026-05-21 22:00:45.592] AUTO-DISENGAGE: gear left Park (now N)
[2026-05-21 22:00:45.592] Husby was here, and we are ready to go
[2026-05-21 22:00:45.616] AUTO-DISENGAGE: gear left Park (now N)
[2026-05-21 22:00:45.616] Husby was here, and we are ready to go
[2026-05-21 22:00:45.633] AUTO-DISENGAGE: gear left Park (now N)
[2026-05-21 22:00:45.633] Husby was here, and we are ready to go
[2026-05-21 22:00:45.652] AUTO-DISENGAGE: gear left Park (now N)
[2026-05-21 22:00:45.653] Husby was here, and we are ready to go
[2026-05-21 22:00:45.673] AUTO-DISENGAGE: gear left Park (now N)
[2026-05-21 22:00:45.673] Husby was here, and we are ready to go
[2026-05-21 22:00:45.678] AUTO-DISENGAGE: gear left Park (now N)
[2026-05-21 22:00:45.679] Husby was here, and we are ready to go
[2026-05-21 22:00:45.692] AUTO-DISENGAGE: gear left Park (now N)
[2026-05-21 22:00:45.692] Husby was here, and we are ready to go
[2026-05-21 22:00:45.712] AUTO-DISENGAGE: gear left Park (now N)
[2026-05-21 22:00:45.712] Husby was here, and we are ready to go
[2026-05-21 22:00:45.735] AUTO-DISENGAGE: gear left Park (now N)
[2026-05-21 22:00:45.735] Husby was here, and we are ready to go
[2026-05-21 22:00:45.752] AUTO-DISENGAGE: gear left Park (now N)
[2026-05-21 22:00:45.752] Husby was here, and we are ready to go
[2026-05-21 22:00:45.775] AUTO-DISENGAGE: gear left Park (now N)
[2026-05-21 22:00:45.776] Husby was here, and we are ready to go
[2026-05-21 22:00:45.778] AUTO-DISENGAGE: gear left Park (now N)
[2026-05-21 22:00:45.778] Husby was here, and we are ready to go
[2026-05-21 22:00:45.792] AUTO-DISENGAGE: gear left Park (now N)
[2026-05-21 22:00:45.792] Husby was here, and we are ready to go
[2026-05-21 22:00:45.815] AUTO-DISENGAGE: gear left Park (now N)
[2026-05-21 22:00:45.815] Husby was here, and we are ready to go
[2026-05-21 22:00:45.832] AUTO-DISENGAGE: gear left Park (now N)
[2026-05-21 22:00:45.833] Husby was here, and we are ready to go
[2026-05-21 22:00:45.852] AUTO-DISENGAGE: gear left Park (now N)
[2026-05-21 22:00:45.852] Husby was here, and we are ready to go
[2026-05-21 22:00:45.873] AUTO-DISENGAGE: gear left Park (now N)
[2026-05-21 22:00:45.874] Husby was here, and we are ready to go
[2026-05-21 22:00:45.878] AUTO-DISENGAGE: gear left Park (now N)
[2026-05-21 22:00:45.878] Husby was here, and we are ready to go
[2026-05-21 22:00:45.892] AUTO-DISENGAGE: gear left Park (now N)
[2026-05-21 22:00:45.892] Husby was here, and we are ready to go
[2026-05-21 22:00:45.915] AUTO-DISENGAGE: gear left Park (now N)
[2026-05-21 22:00:45.916] Husby was here, and we are ready to go
[2026-05-21 22:00:45.932] AUTO-DISENGAGE: gear left Park (now N)
[2026-05-21 22:00:45.932] Husby was here, and we are ready to go
[2026-05-21 22:00:45.952] AUTO-DISENGAGE: gear left Park (now N)
[2026-05-21 22:00:45.952] Husby was here, and we are ready to go
[2026-05-21 22:00:45.972] AUTO-DISENGAGE: gear left Park (now N)
[2026-05-21 22:00:45.972] Husby was here, and we are ready to go
[2026-05-21 22:00:45.978] AUTO-DISENGAGE: gear left Park (now N)
[2026-05-21 22:00:45.978] Husby was here, and we are ready to go
[2026-05-21 22:00:45.992] AUTO-DISENGAGE: gear left Park (now N)
[2026-05-21 22:00:45.992] Husby was here, and we are ready to go
[2026-05-21 22:00:46.012] AUTO-DISENGAGE: gear left Park (now N)
[2026-05-21 22:00:46.012] Husby was here, and we are ready to go
[2026-05-21 22:00:46.032] AUTO-DISENGAGE: gear left Park (now N)
[2026-05-21 22:00:46.032] Husby was here, and we are ready to go
[2026-05-21 22:00:46.052] AUTO-DISENGAGE: gear left Park (now N)
[2026-05-21 22:00:46.052] Husby was here, and we are ready to go
[2026-05-21 22:00:46.072] AUTO-DISENGAGE: gear left Park (now N)
[2026-05-21 22:00:46.072] Husby was here, and we are ready to go
[2026-05-21 22:00:46.078] AUTO-DISENGAGE: gear left Park (now N)
[2026-05-21 22:00:46.078] Husby was here, and we are ready to go
[2026-05-21 22:00:46.092] AUTO-DISENGAGE: gear left Park (now N)
[2026-05-21 22:00:46.092] Husby was here, and we are ready to go
[2026-05-21 22:00:46.117] AUTO-DISENGAGE: gear left Park (now N)
[2026-05-21 22:00:46.117] Husby was here, and we are ready to go
[2026-05-21 22:00:46.133] AUTO-DISENGAGE: gear left Park (now N)
[2026-05-21 22:00:46.133] Husby was here, and we are ready to go
[2026-05-21 22:00:46.152] AUTO-DISENGAGE: gear left Park (now N)
[2026-05-21 22:00:46.153] Husby was here, and we are ready to go
[2026-05-21 22:00:46.174] AUTO-DISENGAGE: gear left Park (now N)
[2026-05-21 22:00:46.175] Husby was here, and we are ready to go
[2026-05-21 22:00:46.178] AUTO-DISENGAGE: gear left Park (now N)
[2026-05-21 22:00:46.178] Husby was here, and we are ready to go
[2026-05-21 22:00:46.192] AUTO-DISENGAGE: gear left Park (now N)
[2026-05-21 22:00:46.192] Husby was here, and we are ready to go
[2026-05-21 22:00:46.215] AUTO-DISENGAGE: gear left Park (now N)
[2026-05-21 22:00:46.215] Husby was here, and we are ready to go
[2026-05-21 22:00:46.234] AUTO-DISENGAGE: gear left Park (now N)
[2026-05-21 22:00:46.234] Husby was here, and we are ready to go
[2026-05-21 22:00:46.252] AUTO-DISENGAGE: gear left Park (now N)
[2026-05-21 22:00:46.252] Husby was here, and we are ready to go
[2026-05-21 22:00:46.274] AUTO-DISENGAGE: gear left Park (now N)
[2026-05-21 22:00:46.274] Husby was here, and we are ready to go
[2026-05-21 22:00:46.278] AUTO-DISENGAGE: gear left Park (now N)
[2026-05-21 22:00:46.278] Husby was here, and we are ready to go
[2026-05-21 22:00:46.292] AUTO-DISENGAGE: gear left Park (now N)
[2026-05-21 22:00:46.292] Husby was here, and we are ready to go
[2026-05-21 22:00:46.316] AUTO-DISENGAGE: gear left Park (now N)
[2026-05-21 22:00:46.316] Husby was here, and we are ready to go
[2026-05-21 22:00:46.333] AUTO-DISENGAGE: gear left Park (now N)
[2026-05-21 22:00:46.333] Husby was here, and we are ready to go
[2026-05-21 22:00:46.352] AUTO-DISENGAGE: gear left Park (now N)
[2026-05-21 22:00:46.352] Husby was here, and we are ready to go
[2026-05-21 22:00:46.376] AUTO-DISENGAGE: gear left Park (now N)
[2026-05-21 22:00:46.377] Husby was here, and we are ready to go
[2026-05-21 22:00:46.378] AUTO-DISENGAGE: gear left Park (now N)
[2026-05-21 22:00:46.378] Husby was here, and we are ready to go
[2026-05-21 22:00:46.393] AUTO-DISENGAGE: gear left Park (now N)
[2026-05-21 22:00:46.393] Husby was here, and we are ready to go
[2026-05-21 22:00:46.418] AUTO-DISENGAGE: gear left Park (now N)
[2026-05-21 22:00:46.418] Husby was here, and we are ready to go
[2026-05-21 22:00:46.435] AUTO-DISENGAGE: gear left Park (now N)
[2026-05-21 22:00:46.436] Husby was here, and we are ready to go
[2026-05-21 22:00:46.455] AUTO-DISENGAGE: gear left Park (now N)
[2026-05-21 22:00:46.455] Husby was here, and we are ready to go
[2026-05-21 22:00:46.473] AUTO-DISENGAGE: gear left Park (now N)
[2026-05-21 22:00:46.473] Husby was here, and we are ready to go
[2026-05-21 22:00:46.479] AUTO-DISENGAGE: gear left Park (now N)
[2026-05-21 22:00:46.479] Husby was here, and we are ready to go
[2026-05-21 22:00:46.493] AUTO-DISENGAGE: gear left Park (now N)
[2026-05-21 22:00:46.494] Husby was here, and we are ready to go
[2026-05-21 22:00:46.518] AUTO-DISENGAGE: gear left Park (now N)
[2026-05-21 22:00:46.518] Husby was here, and we are ready to go
[2026-05-21 22:00:46.534] AUTO-DISENGAGE: gear left Park (now N)
[2026-05-21 22:00:46.535] Husby was here, and we are ready to go
[2026-05-21 22:00:46.552] AUTO-DISENGAGE: gear left Park (now N)
[2026-05-21 22:00:46.552] Husby was here, and we are ready to go
[2026-05-21 22:00:46.575] AUTO-DISENGAGE: gear left Park (now N)
[2026-05-21 22:00:46.575] Husby was here, and we are ready to go
[2026-05-21 22:00:46.578] AUTO-DISENGAGE: gear left Park (now N)
[2026-05-21 22:00:46.578] Husby was here, and we are ready to go
[2026-05-21 22:00:46.592] AUTO-DISENGAGE: gear left Park (now N)
[2026-05-21 22:00:46.592] Husby was here, and we are ready to go
[2026-05-21 22:00:46.616] AUTO-DISENGAGE: gear left Park (now N)
[2026-05-21 22:00:46.616] Husby was here, and we are ready to go
[2026-05-21 22:00:46.632] AUTO-DISENGAGE: gear left Park (now N)
[2026-05-21 22:00:46.633] Husby was here, and we are ready to go
[2026-05-21 22:00:46.652] AUTO-DISENGAGE: gear left Park (now N)
[2026-05-21 22:00:46.652] Husby was here, and we are ready to go
[2026-05-21 22:00:46.672] AUTO-DISENGAGE: gear left Park (now N)
[2026-05-21 22:00:46.672] Husby was here, and we are ready to go
[2026-05-21 22:00:46.678] AUTO-DISENGAGE: gear left Park (now N)
[2026-05-21 22:00:46.678] Husby was here, and we are ready to go
[2026-05-21 22:00:46.692] AUTO-DISENGAGE: gear left Park (now N)
[2026-05-21 22:00:46.692] Husby was here, and we are ready to go
[2026-05-21 22:00:46.712] AUTO-DISENGAGE: gear left Park (now N)
[2026-05-21 22:00:46.713] Husby was here, and we are ready to go
[2026-05-21 22:00:46.737] AUTO-DISENGAGE: gear left Park (now N)
[2026-05-21 22:00:46.737] Husby was here, and we are ready to go
[2026-05-21 22:00:46.752] AUTO-DISENGAGE: gear left Park (now N)
[2026-05-21 22:00:46.753] Husby was here, and we are ready to go
[2026-05-21 22:00:46.776] AUTO-DISENGAGE: gear left Park (now N)
[2026-05-21 22:00:46.776] Husby was here, and we are ready to go
[2026-05-21 22:00:46.778] AUTO-DISENGAGE: gear left Park (now N)
[2026-05-21 22:00:46.778] Husby was here, and we are ready to go
[2026-05-21 22:00:46.793] AUTO-DISENGAGE: gear left Park (now N)
[2026-05-21 22:00:46.793] Husby was here, and we are ready to go
[2026-05-21 22:00:46.818] AUTO-DISENGAGE: gear left Park (now N)
[2026-05-21 22:00:46.819] Husby was here, and we are ready to go
[2026-05-21 22:00:46.835] AUTO-DISENGAGE: gear left Park (now N)
[2026-05-21 22:00:46.835] Husby was here, and we are ready to go
[2026-05-21 22:00:46.853] AUTO-DISENGAGE: gear left Park (now N)
[2026-05-21 22:00:46.853] Husby was here, and we are ready to go
[2026-05-21 22:00:46.874] AUTO-DISENGAGE: gear left Park (now N)
[2026-05-21 22:00:46.874] Husby was here, and we are ready to go
[2026-05-21 22:00:46.878] AUTO-DISENGAGE: gear left Park (now N)
[2026-05-21 22:00:46.878] Husby was here, and we are ready to go
[2026-05-21 22:00:46.893] AUTO-DISENGAGE: gear left Park (now N)
[2026-05-21 22:00:46.893] Husby was here, and we are ready to go
[2026-05-21 22:00:46.915] AUTO-DISENGAGE: gear left Park (now N)
[2026-05-21 22:00:46.915] Husby was here, and we are ready to go
[2026-05-21 22:00:46.933] AUTO-DISENGAGE: gear left Park (now N)
[2026-05-21 22:00:46.933] Husby was here, and we are ready to go
[2026-05-21 22:00:46.953] AUTO-DISENGAGE: gear left Park (now N)
[2026-05-21 22:00:46.953] Husby was here, and we are ready to go
[2026-05-21 22:00:46.978] AUTO-DISENGAGE: gear left Park (now N)
[2026-05-21 22:00:46.978] Husby was here, and we are ready to go
[2026-05-21 22:00:46.978] AUTO-DISENGAGE: gear left Park (now N)
[2026-05-21 22:00:46.979] Husby was here, and we are ready to go
[2026-05-21 22:00:46.994] AUTO-DISENGAGE: gear left Park (now N)
[2026-05-21 22:00:46.994] Husby was here, and we are ready to go
[2026-05-21 22:00:47.015] AUTO-DISENGAGE: gear left Park (now N)
[2026-05-21 22:00:47.015] Husby was here, and we are ready to go
[2026-05-21 22:00:47.032] AUTO-DISENGAGE: gear left Park (now N)
[2026-05-21 22:00:47.032] Husby was here, and we are ready to go
[2026-05-21 22:00:47.052] AUTO-DISENGAGE: gear left Park (now N)
[2026-05-21 22:00:47.052] Husby was here, and we are ready to go
[2026-05-21 22:00:47.072] AUTO-DISENGAGE: gear left Park (now N)
[2026-05-21 22:00:47.072] Husby was here, and we are ready to go
[2026-05-21 22:00:47.079] AUTO-DISENGAGE: gear left Park (now N)
[2026-05-21 22:00:47.079] Husby was here, and we are ready to go
[2026-05-21 22:00:47.093] AUTO-DISENGAGE: gear left Park (now N)
[2026-05-21 22:00:47.093] Husby was here, and we are ready to go
[2026-05-21 22:00:47.117] AUTO-DISENGAGE: gear left Park (now N)
[2026-05-21 22:00:47.117] Husby was here, and we are ready to go
[2026-05-21 22:00:47.133] AUTO-DISENGAGE: gear left Park (now N)
[2026-05-21 22:00:47.133] Husby was here, and we are ready to go
[2026-05-21 22:00:47.152] AUTO-DISENGAGE: gear left Park (now N)
[2026-05-21 22:00:47.152] Husby was here, and we are ready to go
[2026-05-21 22:00:47.172] AUTO-DISENGAGE: gear left Park (now N)
[2026-05-21 22:00:47.173] Husby was here, and we are ready to go
[2026-05-21 22:00:47.179] AUTO-DISENGAGE: gear left Park (now N)
[2026-05-21 22:00:47.179] Husby was here, and we are ready to go
[2026-05-21 22:00:47.196] AUTO-DISENGAGE: gear left Park (now N)
[2026-05-21 22:00:47.197] Husby was here, and we are ready to go
[2026-05-21 22:00:47.216] AUTO-DISENGAGE: gear left Park (now N)
[2026-05-21 22:00:47.217] Husby was here, and we are ready to go
[2026-05-21 22:00:47.233] AUTO-DISENGAGE: gear left Park (now N)
[2026-05-21 22:00:47.234] Husby was here, and we are ready to go
[2026-05-21 22:00:47.257] AUTO-DISENGAGE: gear left Park (now N)
[2026-05-21 22:00:47.257] Husby was here, and we are ready to go
[2026-05-21 22:00:47.272] AUTO-DISENGAGE: gear left Park (now N)
[2026-05-21 22:00:47.272] Husby was here, and we are ready to go
[2026-05-21 22:00:47.279] AUTO-DISENGAGE: gear left Park (now N)
[2026-05-21 22:00:47.279] Husby was here, and we are ready to go
[2026-05-21 22:00:47.292] AUTO-DISENGAGE: gear left Park (now N)
[2026-05-21 22:00:47.292] Husby was here, and we are ready to go
[2026-05-21 22:00:47.314] AUTO-DISENGAGE: gear left Park (now N)
[2026-05-21 22:00:47.315] Husby was here, and we are ready to go
[2026-05-21 22:00:47.333] AUTO-DISENGAGE: gear left Park (now N)
[2026-05-21 22:00:47.333] Husby was here, and we are ready to go
[2026-05-21 22:00:47.352] AUTO-DISENGAGE: gear left Park (now N)
[2026-05-21 22:00:47.352] Husby was here, and we are ready to go
[2026-05-21 22:00:47.373] AUTO-DISENGAGE: gear left Park (now N)
[2026-05-21 22:00:47.373] Husby was here, and we are ready to go
[2026-05-21 22:00:47.379] AUTO-DISENGAGE: gear left Park (now N)
[2026-05-21 22:00:47.379] Husby was here, and we are ready to go
[2026-05-21 22:00:47.396] AUTO-DISENGAGE: gear left Park (now N)
[2026-05-21 22:00:47.396] Husby was here, and we are ready to go
[2026-05-21 22:00:47.416] AUTO-DISENGAGE: gear left Park (now N)
[2026-05-21 22:00:47.416] Husby was here, and we are ready to go
[2026-05-21 22:00:47.434] AUTO-DISENGAGE: gear left Park (now N)
[2026-05-21 22:00:47.434] Husby was here, and we are ready to go
[2026-05-21 22:00:47.454] AUTO-DISENGAGE: gear left Park (now N)
[2026-05-21 22:00:47.454] Husby was here, and we are ready to go
[2026-05-21 22:00:47.475] AUTO-DISENGAGE: gear left Park (now N)
[2026-05-21 22:00:47.475] Husby was here, and we are ready to go
[2026-05-21 22:00:47.479] AUTO-DISENGAGE: gear left Park (now N)
[2026-05-21 22:00:47.479] Husby was here, and we are ready to go
[2026-05-21 22:00:47.494] AUTO-DISENGAGE: gear left Park (now N)
[2026-05-21 22:00:47.495] Husby was here, and we are ready to go
[2026-05-21 22:00:47.517] AUTO-DISENGAGE: gear left Park (now N)
[2026-05-21 22:00:47.517] Husby was here, and we are ready to go
[2026-05-21 22:00:47.535] AUTO-DISENGAGE: gear left Park (now N)
[2026-05-21 22:00:47.536] Husby was here, and we are ready to go
[2026-05-21 22:00:47.553] AUTO-DISENGAGE: gear left Park (now N)
[2026-05-21 22:00:47.554] Husby was here, and we are ready to go
[2026-05-21 22:00:47.573] AUTO-DISENGAGE: gear left Park (now N)
[2026-05-21 22:00:47.573] Husby was here, and we are ready to go
[2026-05-21 22:00:47.579] AUTO-DISENGAGE: gear left Park (now N)
[2026-05-21 22:00:47.579] Husby was here, and we are ready to go
[2026-05-21 22:00:47.592] AUTO-DISENGAGE: gear left Park (now N)
[2026-05-21 22:00:47.592] Husby was here, and we are ready to go
[2026-05-21 22:00:47.614] AUTO-DISENGAGE: gear left Park (now N)
[2026-05-21 22:00:47.614] Husby was here, and we are ready to go
[2026-05-21 22:00:47.633] AUTO-DISENGAGE: gear left Park (now N)
[2026-05-21 22:00:47.633] Husby was here, and we are ready to go
[2026-05-21 22:00:47.652] AUTO-DISENGAGE: gear left Park (now N)
[2026-05-21 22:00:47.652] Husby was here, and we are ready to go
[2026-05-21 22:00:47.672] AUTO-DISENGAGE: gear left Park (now N)
[2026-05-21 22:00:47.672] Husby was here, and we are ready to go
[2026-05-21 22:00:47.679] AUTO-DISENGAGE: gear left Park (now N)
[2026-05-21 22:00:47.679] Husby was here, and we are ready to go
[2026-05-21 22:00:47.692] AUTO-DISENGAGE: gear left Park (now N)
[2026-05-21 22:00:47.692] Husby was here, and we are ready to go
[2026-05-21 22:00:47.712] AUTO-DISENGAGE: gear left Park (now N)
[2026-05-21 22:00:47.712] Husby was here, and we are ready to go
[2026-05-21 22:00:47.733] AUTO-DISENGAGE: gear left Park (now N)
[2026-05-21 22:00:47.733] Husby was here, and we are ready to go
[2026-05-21 22:00:47.752] AUTO-DISENGAGE: gear left Park (now N)
[2026-05-21 22:00:47.752] Husby was here, and we are ready to go
[2026-05-21 22:00:47.772] AUTO-DISENGAGE: gear left Park (now N)
[2026-05-21 22:00:47.772] Husby was here, and we are ready to go
[2026-05-21 22:00:47.779] AUTO-DISENGAGE: gear left Park (now N)
[2026-05-21 22:00:47.779] Husby was here, and we are ready to go
[2026-05-21 22:00:47.792] AUTO-DISENGAGE: gear left Park (now N)
[2026-05-21 22:00:47.792] Husby was here, and we are ready to go
[2026-05-21 22:00:47.812] AUTO-DISENGAGE: gear left Park (now N)
[2026-05-21 22:00:47.812] Husby was here, and we are ready to go
[2026-05-21 22:00:47.832] AUTO-DISENGAGE: gear left Park (now N)
[2026-05-21 22:00:47.833] Husby was here, and we are ready to go
[2026-05-21 22:00:47.852] AUTO-DISENGAGE: gear left Park (now N)
[2026-05-21 22:00:47.852] Husby was here, and we are ready to go
[2026-05-21 22:00:47.872] AUTO-DISENGAGE: gear left Park (now N)
[2026-05-21 22:00:47.872] Husby was here, and we are ready to go
[2026-05-21 22:00:47.879] AUTO-DISENGAGE: gear left Park (now N)
[2026-05-21 22:00:47.879] Husby was here, and we are ready to go
[2026-05-21 22:00:47.892] AUTO-DISENGAGE: gear left Park (now N)
[2026-05-21 22:00:47.892] Husby was here, and we are ready to go
[2026-05-21 22:00:47.912] AUTO-DISENGAGE: gear left Park (now N)
[2026-05-21 22:00:47.913] Husby was here, and we are ready to go
[2026-05-21 22:00:47.937] AUTO-DISENGAGE: gear left Park (now N)
[2026-05-21 22:00:47.937] Husby was here, and we are ready to go
[2026-05-21 22:00:47.954] AUTO-DISENGAGE: gear left Park (now N)
[2026-05-21 22:00:47.954] Husby was here, and we are ready to go
[2026-05-21 22:00:47.975] AUTO-DISENGAGE: gear left Park (now N)
[2026-05-21 22:00:47.976] Husby was here, and we are ready to go
[2026-05-21 22:00:47.979] AUTO-DISENGAGE: gear left Park (now N)
[2026-05-21 22:00:47.980] Husby was here, and we are ready to go
[2026-05-21 22:00:47.993] AUTO-DISENGAGE: gear left Park (now N)
[2026-05-21 22:00:47.994] Husby was here, and we are ready to go
[2026-05-21 22:00:48.016] AUTO-DISENGAGE: gear left Park (now N)
[2026-05-21 22:00:48.017] Husby was here, and we are ready to go
[2026-05-21 22:00:48.033] AUTO-DISENGAGE: gear left Park (now N)
[2026-05-21 22:00:48.033] Husby was here, and we are ready to go
[2026-05-21 22:00:48.053] AUTO-DISENGAGE: gear left Park (now N)
[2026-05-21 22:00:48.053] Husby was here, and we are ready to go
[2026-05-21 22:00:48.075] AUTO-DISENGAGE: gear left Park (now N)
[2026-05-21 22:00:48.075] Husby was here, and we are ready to go
[2026-05-21 22:00:48.079] AUTO-DISENGAGE: gear left Park (now N)
[2026-05-21 22:00:48.079] Husby was here, and we are ready to go
[2026-05-21 22:00:48.092] AUTO-DISENGAGE: gear left Park (now N)
[2026-05-21 22:00:48.093] Husby was here, and we are ready to go
[2026-05-21 22:00:48.117] AUTO-DISENGAGE: gear left Park (now N)
[2026-05-21 22:00:48.117] Husby was here, and we are ready to go
[2026-05-21 22:00:48.136] AUTO-DISENGAGE: gear left Park (now N)
[2026-05-21 22:00:48.136] Husby was here, and we are ready to go
[2026-05-21 22:00:48.153] AUTO-DISENGAGE: gear left Park (now N)
[2026-05-21 22:00:48.154] Husby was here, and we are ready to go
[2026-05-21 22:00:48.176] AUTO-DISENGAGE: gear left Park (now N)
[2026-05-21 22:00:48.177] Husby was here, and we are ready to go
[2026-05-21 22:00:48.178] AUTO-DISENGAGE: gear left Park (now N)
[2026-05-21 22:00:48.179] Husby was here, and we are ready to go
[2026-05-21 22:00:48.193] AUTO-DISENGAGE: gear left Park (now N)
[2026-05-21 22:00:48.194] Husby was here, and we are ready to go
[2026-05-21 22:00:48.215] AUTO-DISENGAGE: gear left Park (now N)
[2026-05-21 22:00:48.216] Husby was here, and we are ready to go
[2026-05-21 22:00:48.233] AUTO-DISENGAGE: gear left Park (now N)
[2026-05-21 22:00:48.233] Husby was here, and we are ready to go
[2026-05-21 22:00:48.253] AUTO-DISENGAGE: gear left Park (now N)
[2026-05-21 22:00:48.253] Husby was here, and we are ready to go
[2026-05-21 22:00:48.276] AUTO-DISENGAGE: gear left Park (now N)
[2026-05-21 22:00:48.276] Husby was here, and we are ready to go
[2026-05-21 22:00:48.279] AUTO-DISENGAGE: gear left Park (now N)
[2026-05-21 22:00:48.279] Husby was here, and we are ready to go
[2026-05-21 22:00:48.295] AUTO-DISENGAGE: gear left Park (now N)
[2026-05-21 22:00:48.295] Husby was here, and we are ready to go
[2026-05-21 22:00:48.314] AUTO-DISENGAGE: gear left Park (now N)
[2026-05-21 22:00:48.315] Husby was here, and we are ready to go
[2026-05-21 22:00:48.337] AUTO-DISENGAGE: gear left Park (now N)
[2026-05-21 22:00:48.337] Husby was here, and we are ready to go
[2026-05-21 22:00:48.353] AUTO-DISENGAGE: gear left Park (now N)
[2026-05-21 22:00:48.354] Husby was here, and we are ready to go
[2026-05-21 22:00:48.376] AUTO-DISENGAGE: gear left Park (now N)
[2026-05-21 22:00:48.376] Husby was here, and we are ready to go
[2026-05-21 22:00:48.379] AUTO-DISENGAGE: gear left Park (now N)
[2026-05-21 22:00:48.379] Husby was here, and we are ready to go
[2026-05-21 22:00:48.392] AUTO-DISENGAGE: gear left Park (now N)
[2026-05-21 22:00:48.393] Husby was here, and we are ready to go
[2026-05-21 22:00:48.412] AUTO-DISENGAGE: gear left Park (now N)
[2026-05-21 22:00:48.412] Husby was here, and we are ready to go
[2026-05-21 22:00:48.432] AUTO-DISENGAGE: gear left Park (now N)
[2026-05-21 22:00:48.432] Husby was here, and we are ready to go
[2026-05-21 22:00:48.456] AUTO-DISENGAGE: gear left Park (now N)
[2026-05-21 22:00:48.457] Husby was here, and we are ready to go
[2026-05-21 22:00:48.475] AUTO-DISENGAGE: gear left Park (now N)
[2026-05-21 22:00:48.475] Husby was here, and we are ready to go
[2026-05-21 22:00:48.479] AUTO-DISENGAGE: gear left Park (now N)
[2026-05-21 22:00:48.479] Husby was here, and we are ready to go
[2026-05-21 22:00:48.495] AUTO-DISENGAGE: gear left Park (now N)
[2026-05-21 22:00:48.496] Husby was here, and we are ready to go
[2026-05-21 22:00:48.517] AUTO-DISENGAGE: gear left Park (now N)
[2026-05-21 22:00:48.518] Husby was here, and we are ready to go
[2026-05-21 22:00:48.535] AUTO-DISENGAGE: gear left Park (now N)
[2026-05-21 22:00:48.535] Husby was here, and we are ready to go
[2026-05-21 22:00:48.556] AUTO-DISENGAGE: gear left Park (now N)
[2026-05-21 22:00:48.556] Husby was here, and we are ready to go
[2026-05-21 22:00:48.573] AUTO-DISENGAGE: gear left Park (now N)
[2026-05-21 22:00:48.574] Husby was here, and we are ready to go
[2026-05-21 22:00:48.580] AUTO-DISENGAGE: gear left Park (now N)
[2026-05-21 22:00:48.580] Husby was here, and we are ready to go
[2026-05-21 22:00:48.595] AUTO-DISENGAGE: gear left Park (now N)
[2026-05-21 22:00:48.595] Husby was here, and we are ready to go
[2026-05-21 22:00:48.616] AUTO-DISENGAGE: gear left Park (now N)
[2026-05-21 22:00:48.617] Husby was here, and we are ready to go
[2026-05-21 22:00:48.633] AUTO-DISENGAGE: gear left Park (now N)
[2026-05-21 22:00:48.634] Husby was here, and we are ready to go
[2026-05-21 22:00:48.657] AUTO-DISENGAGE: gear left Park (now N)
[2026-05-21 22:00:48.657] Husby was here, and we are ready to go
[2026-05-21 22:00:48.675] AUTO-DISENGAGE: gear left Park (now N)
[2026-05-21 22:00:48.676] Husby was here, and we are ready to go
[2026-05-21 22:00:48.679] AUTO-DISENGAGE: gear left Park (now N)
[2026-05-21 22:00:48.679] Husby was here, and we are ready to go
[2026-05-21 22:00:48.695] AUTO-DISENGAGE: gear left Park (now N)
[2026-05-21 22:00:48.696] Husby was here, and we are ready to go
[2026-05-21 22:00:48.717] AUTO-DISENGAGE: gear left Park (now N)
[2026-05-21 22:00:48.717] Husby was here, and we are ready to go
[2026-05-21 22:00:48.738] AUTO-DISENGAGE: gear left Park (now N)
[2026-05-21 22:00:48.738] Husby was here, and we are ready to go
[2026-05-21 22:00:48.755] AUTO-DISENGAGE: gear left Park (now N)
[2026-05-21 22:00:48.756] Husby was here, and we are ready to go
[2026-05-21 22:00:48.773] AUTO-DISENGAGE: gear left Park (now N)
[2026-05-21 22:00:48.773] Husby was here, and we are ready to go
[2026-05-21 22:00:48.780] AUTO-DISENGAGE: gear left Park (now N)
[2026-05-21 22:00:48.780] Husby was here, and we are ready to go
[2026-05-21 22:00:48.792] AUTO-DISENGAGE: gear left Park (now N)
[2026-05-21 22:00:48.792] Husby was here, and we are ready to go
[2026-05-21 22:00:48.818] AUTO-DISENGAGE: gear left Park (now N)
[2026-05-21 22:00:48.819] Husby was here, and we are ready to go
[2026-05-21 22:00:48.835] AUTO-DISENGAGE: gear left Park (now N)
[2026-05-21 22:00:48.835] Husby was here, and we are ready to go
[2026-05-21 22:00:48.857] AUTO-DISENGAGE: gear left Park (now N)
[2026-05-21 22:00:48.857] Husby was here, and we are ready to go
[2026-05-21 22:00:48.875] AUTO-DISENGAGE: gear left Park (now N)
[2026-05-21 22:00:48.875] Husby was here, and we are ready to go
[2026-05-21 22:00:48.879] AUTO-DISENGAGE: gear left Park (now N)
[2026-05-21 22:00:48.879] Husby was here, and we are ready to go
[2026-05-21 22:00:48.892] AUTO-DISENGAGE: gear left Park (now N)
[2026-05-21 22:00:48.893] Husby was here, and we are ready to go
[2026-05-21 22:00:48.913] AUTO-DISENGAGE: gear left Park (now N)
[2026-05-21 22:00:48.913] Husby was here, and we are ready to go
[2026-05-21 22:00:48.935] AUTO-DISENGAGE: gear left Park (now N)
[2026-05-21 22:00:48.936] Husby was here, and we are ready to go
[2026-05-21 22:00:48.953] AUTO-DISENGAGE: gear left Park (now N)
[2026-05-21 22:00:48.953] Husby was here, and we are ready to go
[2026-05-21 22:00:48.974] AUTO-DISENGAGE: gear left Park (now N)
[2026-05-21 22:00:48.974] Husby was here, and we are ready to go
[2026-05-21 22:00:48.978] AUTO-DISENGAGE: gear left Park (now N)
[2026-05-21 22:00:48.979] Husby was here, and we are ready to go
[2026-05-21 22:00:48.992] AUTO-DISENGAGE: gear left Park (now N)
[2026-05-21 22:00:48.992] Husby was here, and we are ready to go
[2026-05-21 22:00:49.012] AUTO-DISENGAGE: gear left Park (now N)
[2026-05-21 22:00:49.012] Husby was here, and we are ready to go
[2026-05-21 22:00:49.033] AUTO-DISENGAGE: gear left Park (now N)
[2026-05-21 22:00:49.033] Husby was here, and we are ready to go
[2026-05-21 22:00:49.052] AUTO-DISENGAGE: gear left Park (now N)
[2026-05-21 22:00:49.052] Husby was here, and we are ready to go
[2026-05-21 22:00:49.072] AUTO-DISENGAGE: gear left Park (now N)
[2026-05-21 22:00:49.072] Husby was here, and we are ready to go
[2026-05-21 22:00:49.079] AUTO-DISENGAGE: gear left Park (now N)
[2026-05-21 22:00:49.079] Husby was here, and we are ready to go
[2026-05-21 22:00:49.090] rc: RND switch -> R, queuing shift
[2026-05-21 22:00:49.092] AUTO-DISENGAGE: gear left Park (now N)
[2026-05-21 22:00:49.092] Husby was here, and we are ready to go
[2026-05-21 22:00:49.098] shift requested: R
[2026-05-21 22:00:49.113] AUTO-DISENGAGE: gear left Park (now N)
[2026-05-21 22:00:49.113] Husby was here, and we are ready to go
[2026-05-21 22:00:49.113] SHIFT: requesting R via 0x6D burst (30 active + 10 idle frames at 200 Hz)
[2026-05-21 22:00:49.117] AUTO-DISENGAGE: gear left Park (now N)
[2026-05-21 22:00:49.117] Husby was here, and we are ready to go
[2026-05-21 22:00:49.122] AUTO-DISENGAGE: gear left Park (now N)
[2026-05-21 22:00:49.122] Husby was here, and we are ready to go
[2026-05-21 22:00:49.127] AUTO-DISENGAGE: gear left Park (now N)
[2026-05-21 22:00:49.127] Husby was here, and we are ready to go
[2026-05-21 22:00:49.132] AUTO-DISENGAGE: gear left Park (now N)
[2026-05-21 22:00:49.132] Husby was here, and we are ready to go
[2026-05-21 22:00:49.132] AUTO-DISENGAGE: gear left Park (now N)
[2026-05-21 22:00:49.132] Husby was here, and we are ready to go
[2026-05-21 22:00:49.138] AUTO-DISENGAGE: gear left Park (now N)
[2026-05-21 22:00:49.138] Husby was here, and we are ready to go
[2026-05-21 22:00:49.142] AUTO-DISENGAGE: gear left Park (now N)
[2026-05-21 22:00:49.142] Husby was here, and we are ready to go
[2026-05-21 22:00:49.147] gear: N -> R
[2026-05-21 22:00:49.148] AUTO-DISENGAGE: gear left Park (now R)
[2026-05-21 22:00:49.148] Husby was here, and we are ready to go
[2026-05-21 22:00:49.151] AUTO-DISENGAGE: gear left Park (now R)
[2026-05-21 22:00:49.151] Husby was here, and we are ready to go
[2026-05-21 22:00:49.152] AUTO-DISENGAGE: gear left Park (now R)
[2026-05-21 22:00:49.152] Husby was here, and we are ready to go
[2026-05-21 22:00:49.158] AUTO-DISENGAGE: gear left Park (now R)
[2026-05-21 22:00:49.158] Husby was here, and we are ready to go
[2026-05-21 22:00:49.162] AUTO-DISENGAGE: gear left Park (now R)
[2026-05-21 22:00:49.162] Husby was here, and we are ready to go
[2026-05-21 22:00:49.168] AUTO-DISENGAGE: gear left Park (now R)
[2026-05-21 22:00:49.168] Husby was here, and we are ready to go
[2026-05-21 22:00:49.171] AUTO-DISENGAGE: gear left Park (now R)
[2026-05-21 22:00:49.172] Husby was here, and we are ready to go
[2026-05-21 22:00:49.172] AUTO-DISENGAGE: gear left Park (now R)
[2026-05-21 22:00:49.172] Husby was here, and we are ready to go
[2026-05-21 22:00:49.177] AUTO-DISENGAGE: gear left Park (now R)
[2026-05-21 22:00:49.177] Husby was here, and we are ready to go
[2026-05-21 22:00:49.178] AUTO-DISENGAGE: gear left Park (now R)
[2026-05-21 22:00:49.179] Husby was here, and we are ready to go
[2026-05-21 22:00:49.182] AUTO-DISENGAGE: gear left Park (now R)
[2026-05-21 22:00:49.183] Husby was here, and we are ready to go
[2026-05-21 22:00:49.187] AUTO-DISENGAGE: gear left Park (now R)
[2026-05-21 22:00:49.187] Husby was here, and we are ready to go
[2026-05-21 22:00:49.191] AUTO-DISENGAGE: gear left Park (now R)
[2026-05-21 22:00:49.191] Husby was here, and we are ready to go
[2026-05-21 22:00:49.192] AUTO-DISENGAGE: gear left Park (now R)
[2026-05-21 22:00:49.192] Husby was here, and we are ready to go
[2026-05-21 22:00:49.197] AUTO-DISENGAGE: gear left Park (now R)
[2026-05-21 22:00:49.197] Husby was here, and we are ready to go
[2026-05-21 22:00:49.202] AUTO-DISENGAGE: gear left Park (now R)
[2026-05-21 22:00:49.202] Husby was here, and we are ready to go
[2026-05-21 22:00:49.207] AUTO-DISENGAGE: gear left Park (now R)
[2026-05-21 22:00:49.207] Husby was here, and we are ready to go
[2026-05-21 22:00:49.212] AUTO-DISENGAGE: gear left Park (now R)
[2026-05-21 22:00:49.212] Husby was here, and we are ready to go
[2026-05-21 22:00:49.212] AUTO-DISENGAGE: gear left Park (now R)
[2026-05-21 22:00:49.212] Husby was here, and we are ready to go
[2026-05-21 22:00:49.217] AUTO-DISENGAGE: gear left Park (now R)
[2026-05-21 22:00:49.217] Husby was here, and we are ready to go
[2026-05-21 22:00:49.222] AUTO-DISENGAGE: gear left Park (now R)
[2026-05-21 22:00:49.222] Husby was here, and we are ready to go
[2026-05-21 22:00:49.227] AUTO-DISENGAGE: gear left Park (now R)
[2026-05-21 22:00:49.227] Husby was here, and we are ready to go
[2026-05-21 22:00:49.231] AUTO-DISENGAGE: gear left Park (now R)
[2026-05-21 22:00:49.231] Husby was here, and we are ready to go
[2026-05-21 22:00:49.232] AUTO-DISENGAGE: gear left Park (now R)
[2026-05-21 22:00:49.232] Husby was here, and we are ready to go
[2026-05-21 22:00:49.237] AUTO-DISENGAGE: gear left Park (now R)
[2026-05-21 22:00:49.237] Husby was here, and we are ready to go
[2026-05-21 22:00:49.242] AUTO-DISENGAGE: gear left Park (now R)
[2026-05-21 22:00:49.242] Husby was here, and we are ready to go
[2026-05-21 22:00:49.247] AUTO-DISENGAGE: gear left Park (now R)
[2026-05-21 22:00:49.247] Husby was here, and we are ready to go
[2026-05-21 22:00:49.251] AUTO-DISENGAGE: gear left Park (now R)
[2026-05-21 22:00:49.251] Husby was here, and we are ready to go
[2026-05-21 22:00:49.252] AUTO-DISENGAGE: gear left Park (now R)
[2026-05-21 22:00:49.252] Husby was here, and we are ready to go
[2026-05-21 22:00:49.257] AUTO-DISENGAGE: gear left Park (now R)
[2026-05-21 22:00:49.257] Husby was here, and we are ready to go
[2026-05-21 22:00:49.262] AUTO-DISENGAGE: gear left Park (now R)
[2026-05-21 22:00:49.262] Husby was here, and we are ready to go
[2026-05-21 22:00:49.267] AUTO-DISENGAGE: gear left Park (now R)
[2026-05-21 22:00:49.267] Husby was here, and we are ready to go
[2026-05-21 22:00:49.271] AUTO-DISENGAGE: gear left Park (now R)
[2026-05-21 22:00:49.271] Husby was here, and we are ready to go
[2026-05-21 22:00:49.272] AUTO-DISENGAGE: gear left Park (now R)
[2026-05-21 22:00:49.272] Husby was here, and we are ready to go
[2026-05-21 22:00:49.277] AUTO-DISENGAGE: gear left Park (now R)
[2026-05-21 22:00:49.277] Husby was here, and we are ready to go
[2026-05-21 22:00:49.278] AUTO-DISENGAGE: gear left Park (now R)
[2026-05-21 22:00:49.278] Husby was here, and we are ready to go
[2026-05-21 22:00:49.282] AUTO-DISENGAGE: gear left Park (now R)
[2026-05-21 22:00:49.282] Husby was here, and we are ready to go
[2026-05-21 22:00:49.287] AUTO-DISENGAGE: gear left Park (now R)
[2026-05-21 22:00:49.287] Husby was here, and we are ready to go
[2026-05-21 22:00:49.291] AUTO-DISENGAGE: gear left Park (now R)
[2026-05-21 22:00:49.292] Husby was here, and we are ready to go
[2026-05-21 22:00:49.292] AUTO-DISENGAGE: gear left Park (now R)
[2026-05-21 22:00:49.292] Husby was here, and we are ready to go
[2026-05-21 22:00:49.297] AUTO-DISENGAGE: gear left Park (now R)
[2026-05-21 22:00:49.297] Husby was here, and we are ready to go
[2026-05-21 22:00:49.302] AUTO-DISENGAGE: gear left Park (now R)
[2026-05-21 22:00:49.302] Husby was here, and we are ready to go
[2026-05-21 22:00:49.307] AUTO-DISENGAGE: gear left Park (now R)
[2026-05-21 22:00:49.307] Husby was here, and we are ready to go
[2026-05-21 22:00:49.311] AUTO-DISENGAGE: gear left Park (now R)
[2026-05-21 22:00:49.312] Husby was here, and we are ready to go
[2026-05-21 22:00:49.332] AUTO-DISENGAGE: gear left Park (now R)
[2026-05-21 22:00:49.332] Husby was here, and we are ready to go
[2026-05-21 22:00:49.357] AUTO-DISENGAGE: gear left Park (now R)
[2026-05-21 22:00:49.357] Husby was here, and we are ready to go
[2026-05-21 22:00:49.377] AUTO-DISENGAGE: gear left Park (now R)
[2026-05-21 22:00:49.377] Husby was here, and we are ready to go
[2026-05-21 22:00:49.379] AUTO-DISENGAGE: gear left Park (now R)
[2026-05-21 22:00:49.379] Husby was here, and we are ready to go
[2026-05-21 22:00:49.397] AUTO-DISENGAGE: gear left Park (now R)
[2026-05-21 22:00:49.398] Husby was here, and we are ready to go
[2026-05-21 22:00:49.418] AUTO-DISENGAGE: gear left Park (now R)
[2026-05-21 22:00:49.418] Husby was here, and we are ready to go
[2026-05-21 22:00:49.437] AUTO-DISENGAGE: gear left Park (now R)
[2026-05-21 22:00:49.437] Husby was here, and we are ready to go
[2026-05-21 22:00:49.458] AUTO-DISENGAGE: gear left Park (now R)
[2026-05-21 22:00:49.458] Husby was here, and we are ready to go
[2026-05-21 22:00:49.478] AUTO-DISENGAGE: gear left Park (now R)
[2026-05-21 22:00:49.478] Husby was here, and we are ready to go
[2026-05-21 22:00:49.479] AUTO-DISENGAGE: gear left Park (now R)
[2026-05-21 22:00:49.479] Husby was here, and we are ready to go
[2026-05-21 22:00:49.498] AUTO-DISENGAGE: gear left Park (now R)
[2026-05-21 22:00:49.499] Husby was here, and we are ready to go
[2026-05-21 22:00:49.519] AUTO-DISENGAGE: gear left Park (now R)
[2026-05-21 22:00:49.519] Husby was here, and we are ready to go
[2026-05-21 22:00:49.519] SHIFT post-burst gear: R (requested R)
[2026-05-21 22:00:49.538] AUTO-DISENGAGE: gear left Park (now R)
[2026-05-21 22:00:49.538] Husby was here, and we are ready to go
[2026-05-21 22:00:49.558] AUTO-DISENGAGE: gear left Park (now R)
[2026-05-21 22:00:49.558] Husby was here, and we are ready to go
[2026-05-21 22:00:49.578] AUTO-DISENGAGE: gear left Park (now R)
[2026-05-21 22:00:49.578] Husby was here, and we are ready to go
[2026-05-21 22:00:49.579] AUTO-DISENGAGE: gear left Park (now R)
[2026-05-21 22:00:49.579] Husby was here, and we are ready to go
[2026-05-21 22:00:49.598] AUTO-DISENGAGE: gear left Park (now R)
[2026-05-21 22:00:49.598] Husby was here, and we are ready to go
[2026-05-21 22:00:49.619] AUTO-DISENGAGE: gear left Park (now R)
[2026-05-21 22:00:49.620] Husby was here, and we are ready to go
[2026-05-21 22:00:49.638] AUTO-DISENGAGE: gear left Park (now R)
[2026-05-21 22:00:49.638] Husby was here, and we are ready to go
[2026-05-21 22:00:49.658] AUTO-DISENGAGE: gear left Park (now R)
[2026-05-21 22:00:49.658] Husby was here, and we are ready to go
[2026-05-21 22:00:49.678] AUTO-DISENGAGE: gear left Park (now R)
[2026-05-21 22:00:49.678] Husby was here, and we are ready to go
[2026-05-21 22:00:49.679] AUTO-DISENGAGE: gear left Park (now R)
[2026-05-21 22:00:49.679] Husby was here, and we are ready to go
[2026-05-21 22:00:49.698] AUTO-DISENGAGE: gear left Park (now R)
[2026-05-21 22:00:49.699] Husby was here, and we are ready to go
[2026-05-21 22:00:49.719] AUTO-DISENGAGE: gear left Park (now R)
[2026-05-21 22:00:49.719] Husby was here, and we are ready to go
[2026-05-21 22:00:49.739] AUTO-DISENGAGE: gear left Park (now R)
[2026-05-21 22:00:49.740] Husby was here, and we are ready to go
[2026-05-21 22:00:49.758] AUTO-DISENGAGE: gear left Park (now R)
[2026-05-21 22:00:49.758] Husby was here, and we are ready to go
[2026-05-21 22:00:49.778] AUTO-DISENGAGE: gear left Park (now R)
[2026-05-21 22:00:49.778] Husby was here, and we are ready to go
[2026-05-21 22:00:49.779] AUTO-DISENGAGE: gear left Park (now R)
[2026-05-21 22:00:49.779] Husby was here, and we are ready to go
[2026-05-21 22:00:49.798] AUTO-DISENGAGE: gear left Park (now R)
[2026-05-21 22:00:49.798] Husby was here, and we are ready to go
[2026-05-21 22:00:49.817] AUTO-DISENGAGE: gear left Park (now R)
[2026-05-21 22:00:49.818] Husby was here, and we are ready to go
[2026-05-21 22:00:49.837] AUTO-DISENGAGE: gear left Park (now R)
[2026-05-21 22:00:49.837] Husby was here, and we are ready to go
[2026-05-21 22:00:49.857] AUTO-DISENGAGE: gear left Park (now R)
[2026-05-21 22:00:49.857] Husby was here, and we are ready to go
[2026-05-21 22:00:49.878] AUTO-DISENGAGE: gear left Park (now R)
[2026-05-21 22:00:49.878] Husby was here, and we are ready to go
[2026-05-21 22:00:49.879] AUTO-DISENGAGE: gear left Park (now R)
[2026-05-21 22:00:49.879] Husby was here, and we are ready to go
[2026-05-21 22:00:49.898] AUTO-DISENGAGE: gear left Park (now R)
[2026-05-21 22:00:49.898] Husby was here, and we are ready to go
[2026-05-21 22:00:49.919] AUTO-DISENGAGE: gear left Park (now R)
[2026-05-21 22:00:49.920] Husby was here, and we are ready to go
[2026-05-21 22:00:49.938] AUTO-DISENGAGE: gear left Park (now R)
[2026-05-21 22:00:49.938] Husby was here, and we are ready to go
[2026-05-21 22:00:49.958] AUTO-DISENGAGE: gear left Park (now R)
[2026-05-21 22:00:49.958] Husby was here, and we are ready to go
[2026-05-21 22:00:49.977] AUTO-DISENGAGE: gear left Park (now R)
[2026-05-21 22:00:49.977] Husby was here, and we are ready to go
[2026-05-21 22:00:49.979] AUTO-DISENGAGE: gear left Park (now R)
[2026-05-21 22:00:49.979] Husby was here, and we are ready to go
[2026-05-21 22:00:49.998] AUTO-DISENGAGE: gear left Park (now R)
[2026-05-21 22:00:49.999] Husby was here, and we are ready to go
[2026-05-21 22:00:50.019] AUTO-DISENGAGE: gear left Park (now R)
[2026-05-21 22:00:50.020] Husby was here, and we are ready to go
[2026-05-21 22:00:50.037] AUTO-DISENGAGE: gear left Park (now R)
[2026-05-21 22:00:50.037] Husby was here, and we are ready to go
[2026-05-21 22:00:50.057] AUTO-DISENGAGE: gear left Park (now R)
[2026-05-21 22:00:50.058] Husby was here, and we are ready to go
[2026-05-21 22:00:50.078] AUTO-DISENGAGE: gear left Park (now R)
[2026-05-21 22:00:50.078] Husby was here, and we are ready to go
[2026-05-21 22:00:50.079] AUTO-DISENGAGE: gear left Park (now R)
[2026-05-21 22:00:50.079] Husby was here, and we are ready to go
[2026-05-21 22:00:50.097] AUTO-DISENGAGE: gear left Park (now R)
[2026-05-21 22:00:50.098] Husby was here, and we are ready to go
[2026-05-21 22:00:50.118] AUTO-DISENGAGE: gear left Park (now R)
[2026-05-21 22:00:50.119] Husby was here, and we are ready to go
[2026-05-21 22:00:50.137] AUTO-DISENGAGE: gear left Park (now R)
[2026-05-21 22:00:50.137] Husby was here, and we are ready to go
[2026-05-21 22:00:50.157] AUTO-DISENGAGE: gear left Park (now R)
[2026-05-21 22:00:50.157] Husby was here, and we are ready to go
[2026-05-21 22:00:50.178] AUTO-DISENGAGE: gear left Park (now R)
[2026-05-21 22:00:50.178] Husby was here, and we are ready to go
[2026-05-21 22:00:50.179] AUTO-DISENGAGE: gear left Park (now R)
[2026-05-21 22:00:50.179] Husby was here, and we are ready to go
[2026-05-21 22:00:50.198] AUTO-DISENGAGE: gear left Park (now R)
[2026-05-21 22:00:50.198] Husby was here, and we are ready to go
[2026-05-21 22:00:50.219] AUTO-DISENGAGE: gear left Park (now R)
[2026-05-21 22:00:50.219] Husby was here, and we are ready to go
[2026-05-21 22:00:50.238] AUTO-DISENGAGE: gear left Park (now R)
[2026-05-21 22:00:50.238] Husby was here, and we are ready to go
[2026-05-21 22:00:50.258] AUTO-DISENGAGE: gear left Park (now R)
[2026-05-21 22:00:50.258] Husby was here, and we are ready to go
[2026-05-21 22:00:50.280] AUTO-DISENGAGE: gear left Park (now R)
[2026-05-21 22:00:50.280] Husby was here, and we are ready to go
[2026-05-21 22:00:50.281] AUTO-DISENGAGE: gear left Park (now R)
[2026-05-21 22:00:50.281] Husby was here, and we are ready to go
[2026-05-21 22:00:50.298] AUTO-DISENGAGE: gear left Park (now R)
[2026-05-21 22:00:50.298] Husby was here, and we are ready to go
[2026-05-21 22:00:50.320] AUTO-DISENGAGE: gear left Park (now R)
[2026-05-21 22:00:50.321] Husby was here, and we are ready to go
[2026-05-21 22:00:50.338] AUTO-DISENGAGE: gear left Park (now R)
[2026-05-21 22:00:50.338] Husby was here, and we are ready to go
[2026-05-21 22:00:50.358] AUTO-DISENGAGE: gear left Park (now R)
[2026-05-21 22:00:50.358] Husby was here, and we are ready to go
[2026-05-21 22:00:50.379] AUTO-DISENGAGE: gear left Park (now R)
[2026-05-21 22:00:50.379] Husby was here, and we are ready to go
[2026-05-21 22:00:50.381] AUTO-DISENGAGE: gear left Park (now R)
[2026-05-21 22:00:50.381] Husby was here, and we are ready to go
[2026-05-21 22:00:50.398] AUTO-DISENGAGE: gear left Park (now R)
[2026-05-21 22:00:50.399] Husby was here, and we are ready to go
[2026-05-21 22:00:50.420] AUTO-DISENGAGE: gear left Park (now R)
[2026-05-21 22:00:50.420] Husby was here, and we are ready to go
[2026-05-21 22:00:50.438] AUTO-DISENGAGE: gear left Park (now R)
[2026-05-21 22:00:50.438] Husby was here, and we are ready to go
[2026-05-21 22:00:50.457] AUTO-DISENGAGE: gear left Park (now R)
[2026-05-21 22:00:50.458] Husby was here, and we are ready to go
[2026-05-21 22:00:50.479] AUTO-DISENGAGE: gear left Park (now R)
[2026-05-21 22:00:50.479] Husby was here, and we are ready to go
[2026-05-21 22:00:50.481] AUTO-DISENGAGE: gear left Park (now R)
[2026-05-21 22:00:50.481] Husby was here, and we are ready to go
[2026-05-21 22:00:50.498] AUTO-DISENGAGE: gear left Park (now R)
[2026-05-21 22:00:50.498] Husby was here, and we are ready to go
[2026-05-21 22:00:50.522] AUTO-DISENGAGE: gear left Park (now R)
[2026-05-21 22:00:50.522] Husby was here, and we are ready to go
[2026-05-21 22:00:50.539] AUTO-DISENGAGE: gear left Park (now R)
[2026-05-21 22:00:50.539] Husby was here, and we are ready to go
[2026-05-21 22:00:50.558] AUTO-DISENGAGE: gear left Park (now R)
[2026-05-21 22:00:50.558] Husby was here, and we are ready to go
[2026-05-21 22:00:50.578] AUTO-DISENGAGE: gear left Park (now R)
[2026-05-21 22:00:50.579] Husby was here, and we are ready to go
[2026-05-21 22:00:50.580] AUTO-DISENGAGE: gear left Park (now R)
[2026-05-21 22:00:50.581] Husby was here, and we are ready to go
[2026-05-21 22:00:50.598] AUTO-DISENGAGE: gear left Park (now R)
[2026-05-21 22:00:50.599] Husby was here, and we are ready to go
[2026-05-21 22:00:50.622] AUTO-DISENGAGE: gear left Park (now R)
[2026-05-21 22:00:50.622] Husby was here, and we are ready to go
[2026-05-21 22:00:50.639] AUTO-DISENGAGE: gear left Park (now R)
[2026-05-21 22:00:50.639] Husby was here, and we are ready to go
[2026-05-21 22:00:50.658] AUTO-DISENGAGE: gear left Park (now R)
[2026-05-21 22:00:50.658] Husby was here, and we are ready to go
[2026-05-21 22:00:50.678] AUTO-DISENGAGE: gear left Park (now R)
[2026-05-21 22:00:50.678] Husby was here, and we are ready to go
[2026-05-21 22:00:50.681] AUTO-DISENGAGE: gear left Park (now R)
[2026-05-21 22:00:50.681] Husby was here, and we are ready to go
[2026-05-21 22:00:50.697] AUTO-DISENGAGE: gear left Park (now R)
[2026-05-21 22:00:50.698] Husby was here, and we are ready to go
[2026-05-21 22:00:50.720] AUTO-DISENGAGE: gear left Park (now R)
[2026-05-21 22:00:50.720] Husby was here, and we are ready to go
[2026-05-21 22:00:50.738] AUTO-DISENGAGE: gear left Park (now R)
[2026-05-21 22:00:50.738] Husby was here, and we are ready to go
[2026-05-21 22:00:50.758] AUTO-DISENGAGE: gear left Park (now R)
[2026-05-21 22:00:50.758] Husby was here, and we are ready to go
[2026-05-21 22:00:50.778] AUTO-DISENGAGE: gear left Park (now R)
[2026-05-21 22:00:50.778] Husby was here, and we are ready to go
[2026-05-21 22:00:50.780] AUTO-DISENGAGE: gear left Park (now R)
[2026-05-21 22:00:50.781] Husby was here, and we are ready to go
[2026-05-21 22:00:50.798] AUTO-DISENGAGE: gear left Park (now R)
[2026-05-21 22:00:50.799] Husby was here, and we are ready to go
[2026-05-21 22:00:50.820] AUTO-DISENGAGE: gear left Park (now R)
[2026-05-21 22:00:50.821] Husby was here, and we are ready to go
[2026-05-21 22:00:50.837] AUTO-DISENGAGE: gear left Park (now R)
[2026-05-21 22:00:50.837] Husby was here, and we are ready to go
[2026-05-21 22:00:50.858] AUTO-DISENGAGE: gear left Park (now R)
[2026-05-21 22:00:50.858] Husby was here, and we are ready to go
[2026-05-21 22:00:50.877] AUTO-DISENGAGE: gear left Park (now R)
[2026-05-21 22:00:50.878] Husby was here, and we are ready to go
[2026-05-21 22:00:50.880] AUTO-DISENGAGE: gear left Park (now R)
[2026-05-21 22:00:50.881] Husby was here, and we are ready to go
[2026-05-21 22:00:50.897] AUTO-DISENGAGE: gear left Park (now R)
[2026-05-21 22:00:50.897] Husby was here, and we are ready to go
[2026-05-21 22:00:50.917] AUTO-DISENGAGE: gear left Park (now R)
[2026-05-21 22:00:50.917] Husby was here, and we are ready to go
[2026-05-21 22:00:50.937] AUTO-DISENGAGE: gear left Park (now R)
[2026-05-21 22:00:50.937] Husby was here, and we are ready to go
[2026-05-21 22:00:50.957] AUTO-DISENGAGE: gear left Park (now R)
[2026-05-21 22:00:50.957] Husby was here, and we are ready to go
[2026-05-21 22:00:50.977] AUTO-DISENGAGE: gear left Park (now R)
[2026-05-21 22:00:50.977] Husby was here, and we are ready to go
[2026-05-21 22:00:50.980] AUTO-DISENGAGE: gear left Park (now R)
[2026-05-21 22:00:50.980] Husby was here, and we are ready to go
[2026-05-21 22:00:50.997] AUTO-DISENGAGE: gear left Park (now R)
[2026-05-21 22:00:50.997] Husby was here, and we are ready to go
[2026-05-21 22:00:51.018] AUTO-DISENGAGE: gear left Park (now R)
[2026-05-21 22:00:51.018] Husby was here, and we are ready to go
[2026-05-21 22:00:51.037] AUTO-DISENGAGE: gear left Park (now R)
[2026-05-21 22:00:51.037] Husby was here, and we are ready to go
[2026-05-21 22:00:51.057] AUTO-DISENGAGE: gear left Park (now R)
[2026-05-21 22:00:51.057] Husby was here, and we are ready to go
[2026-05-21 22:00:51.078] AUTO-DISENGAGE: gear left Park (now R)
[2026-05-21 22:00:51.078] Husby was here, and we are ready to go
[2026-05-21 22:00:51.081] AUTO-DISENGAGE: gear left Park (now R)
[2026-05-21 22:00:51.081] Husby was here, and we are ready to go
[2026-05-21 22:00:51.099] AUTO-DISENGAGE: gear left Park (now R)
[2026-05-21 22:00:51.099] Husby was here, and we are ready to go
[2026-05-21 22:00:51.121] AUTO-DISENGAGE: gear left Park (now R)
[2026-05-21 22:00:51.122] Husby was here, and we are ready to go
[2026-05-21 22:00:51.141] AUTO-DISENGAGE: gear left Park (now R)
[2026-05-21 22:00:51.141] Husby was here, and we are ready to go
[2026-05-21 22:00:51.159] AUTO-DISENGAGE: gear left Park (now R)
[2026-05-21 22:00:51.159] Husby was here, and we are ready to go
[2026-05-21 22:00:51.179] AUTO-DISENGAGE: gear left Park (now R)
[2026-05-21 22:00:51.179] Husby was here, and we are ready to go
[2026-05-21 22:00:51.181] AUTO-DISENGAGE: gear left Park (now R)
[2026-05-21 22:00:51.181] Husby was here, and we are ready to go
[2026-05-21 22:00:51.197] AUTO-DISENGAGE: gear left Park (now R)
[2026-05-21 22:00:51.198] Husby was here, and we are ready to go
[2026-05-21 22:00:51.219] AUTO-DISENGAGE: gear left Park (now R)
[2026-05-21 22:00:51.219] Husby was here, and we are ready to go
[2026-05-21 22:00:51.237] AUTO-DISENGAGE: gear left Park (now R)
[2026-05-21 22:00:51.237] Husby was here, and we are ready to go
[2026-05-21 22:00:51.257] AUTO-DISENGAGE: gear left Park (now R)
[2026-05-21 22:00:51.257] Husby was here, and we are ready to go
[2026-05-21 22:00:51.277] AUTO-DISENGAGE: gear left Park (now R)
[2026-05-21 22:00:51.277] Husby was here, and we are ready to go
[2026-05-21 22:00:51.280] AUTO-DISENGAGE: gear left Park (now R)
[2026-05-21 22:00:51.281] Husby was here, and we are ready to go
[2026-05-21 22:00:51.297] AUTO-DISENGAGE: gear left Park (now R)
[2026-05-21 22:00:51.297] Husby was here, and we are ready to go
[2026-05-21 22:00:51.317] AUTO-DISENGAGE: gear left Park (now R)
[2026-05-21 22:00:51.317] Husby was here, and we are ready to go
[2026-05-21 22:00:51.337] AUTO-DISENGAGE: gear left Park (now R)
[2026-05-21 22:00:51.337] Husby was here, and we are ready to go
[2026-05-21 22:00:51.358] AUTO-DISENGAGE: gear left Park (now R)
[2026-05-21 22:00:51.359] Husby was here, and we are ready to go
[2026-05-21 22:00:51.381] AUTO-DISENGAGE: gear left Park (now R)
[2026-05-21 22:00:51.382] Husby was here, and we are ready to go
[2026-05-21 22:00:51.383] AUTO-DISENGAGE: gear left Park (now R)
[2026-05-21 22:00:51.384] Husby was here, and we are ready to go
[2026-05-21 22:00:51.398] AUTO-DISENGAGE: gear left Park (now R)
[2026-05-21 22:00:51.398] Husby was here, and we are ready to go
[2026-05-21 22:00:51.420] AUTO-DISENGAGE: gear left Park (now R)
[2026-05-21 22:00:51.421] Husby was here, and we are ready to go
[2026-05-21 22:00:51.438] AUTO-DISENGAGE: gear left Park (now R)
[2026-05-21 22:00:51.438] Husby was here, and we are ready to go
[2026-05-21 22:00:51.458] AUTO-DISENGAGE: gear left Park (now R)
[2026-05-21 22:00:51.458] Husby was here, and we are ready to go
[2026-05-21 22:00:51.478] AUTO-DISENGAGE: gear left Park (now R)
[2026-05-21 22:00:51.478] Husby was here, and we are ready to go
[2026-05-21 22:00:51.483] AUTO-DISENGAGE: gear left Park (now R)
[2026-05-21 22:00:51.483] Husby was here, and we are ready to go
[2026-05-21 22:00:51.497] AUTO-DISENGAGE: gear left Park (now R)
[2026-05-21 22:00:51.498] Husby was here, and we are ready to go
[2026-05-21 22:00:51.519] AUTO-DISENGAGE: gear left Park (now R)
[2026-05-21 22:00:51.519] Husby was here, and we are ready to go
[2026-05-21 22:00:51.538] AUTO-DISENGAGE: gear left Park (now R)
[2026-05-21 22:00:51.539] Husby was here, and we are ready to go
[2026-05-21 22:00:51.562] AUTO-DISENGAGE: gear left Park (now R)
[2026-05-21 22:00:51.562] Husby was here, and we are ready to go
[2026-05-21 22:00:51.578] AUTO-DISENGAGE: gear left Park (now R)
[2026-05-21 22:00:51.578] Husby was here, and we are ready to go
[2026-05-21 22:00:51.584] AUTO-DISENGAGE: gear left Park (now R)
[2026-05-21 22:00:51.584] Husby was here, and we are ready to go
[2026-05-21 22:00:51.599] AUTO-DISENGAGE: gear left Park (now R)
[2026-05-21 22:00:51.599] Husby was here, and we are ready to go
[2026-05-21 22:00:51.619] AUTO-DISENGAGE: gear left Park (now R)
[2026-05-21 22:00:51.619] Husby was here, and we are ready to go
[2026-05-21 22:00:51.638] AUTO-DISENGAGE: gear left Park (now R)
[2026-05-21 22:00:51.638] Husby was here, and we are ready to go
[2026-05-21 22:00:51.658] AUTO-DISENGAGE: gear left Park (now R)
[2026-05-21 22:00:51.658] Husby was here, and we are ready to go
[2026-05-21 22:00:51.678] AUTO-DISENGAGE: gear left Park (now R)
[2026-05-21 22:00:51.678] Husby was here, and we are ready to go
[2026-05-21 22:00:51.683] AUTO-DISENGAGE: gear left Park (now R)
[2026-05-21 22:00:51.683] Husby was here, and we are ready to go
[2026-05-21 22:00:51.698] AUTO-DISENGAGE: gear left Park (now R)
[2026-05-21 22:00:51.698] Husby was here, and we are ready to go
[2026-05-21 22:00:51.718] AUTO-DISENGAGE: gear left Park (now R)
[2026-05-21 22:00:51.718] Husby was here, and we are ready to go
[2026-05-21 22:00:51.738] AUTO-DISENGAGE: gear left Park (now R)
[2026-05-21 22:00:51.738] Husby was here, and we are ready to go
[2026-05-21 22:00:51.758] AUTO-DISENGAGE: gear left Park (now R)
[2026-05-21 22:00:51.758] Husby was here, and we are ready to go
[2026-05-21 22:00:51.778] AUTO-DISENGAGE: gear left Park (now R)
[2026-05-21 22:00:51.778] Husby was here, and we are ready to go
[2026-05-21 22:00:51.783] AUTO-DISENGAGE: gear left Park (now R)
[2026-05-21 22:00:51.784] Husby was here, and we are ready to go
[2026-05-21 22:00:51.797] AUTO-DISENGAGE: gear left Park (now R)
[2026-05-21 22:00:51.798] Husby was here, and we are ready to go
[2026-05-21 22:00:51.819] AUTO-DISENGAGE: gear left Park (now R)
[2026-05-21 22:00:51.819] Husby was here, and we are ready to go
[2026-05-21 22:00:51.837] AUTO-DISENGAGE: gear left Park (now R)
[2026-05-21 22:00:51.838] Husby was here, and we are ready to go
[2026-05-21 22:00:51.858] AUTO-DISENGAGE: gear left Park (now R)
[2026-05-21 22:00:51.858] Husby was here, and we are ready to go
[2026-05-21 22:00:51.878] AUTO-DISENGAGE: gear left Park (now R)
[2026-05-21 22:00:51.879] Husby was here, and we are ready to go
[2026-05-21 22:00:51.883] AUTO-DISENGAGE: gear left Park (now R)
[2026-05-21 22:00:51.883] Husby was here, and we are ready to go
[2026-05-21 22:00:51.898] AUTO-DISENGAGE: gear left Park (now R)
[2026-05-21 22:00:51.898] Husby was here, and we are ready to go
[2026-05-21 22:00:51.919] AUTO-DISENGAGE: gear left Park (now R)
[2026-05-21 22:00:51.919] Husby was here, and we are ready to go
[2026-05-21 22:00:51.938] AUTO-DISENGAGE: gear left Park (now R)
[2026-05-21 22:00:51.938] Husby was here, and we are ready to go
[2026-05-21 22:00:51.958] AUTO-DISENGAGE: gear left Park (now R)
[2026-05-21 22:00:51.958] Husby was here, and we are ready to go
[2026-05-21 22:00:51.979] AUTO-DISENGAGE: gear left Park (now R)
[2026-05-21 22:00:51.979] Husby was here, and we are ready to go
[2026-05-21 22:00:51.984] AUTO-DISENGAGE: gear left Park (now R)
[2026-05-21 22:00:51.984] Husby was here, and we are ready to go
[2026-05-21 22:00:51.998] AUTO-DISENGAGE: gear left Park (now R)
[2026-05-21 22:00:51.999] Husby was here, and we are ready to go
[2026-05-21 22:00:52.023] AUTO-DISENGAGE: gear left Park (now R)
[2026-05-21 22:00:52.023] Husby was here, and we are ready to go
[2026-05-21 22:00:52.039] AUTO-DISENGAGE: gear left Park (now R)
[2026-05-21 22:00:52.039] Husby was here, and we are ready to go
[2026-05-21 22:00:52.059] AUTO-DISENGAGE: gear left Park (now R)
[2026-05-21 22:00:52.059] Husby was here, and we are ready to go
[2026-05-21 22:00:52.078] AUTO-DISENGAGE: gear left Park (now R)
[2026-05-21 22:00:52.078] Husby was here, and we are ready to go
[2026-05-21 22:00:52.083] AUTO-DISENGAGE: gear left Park (now R)
[2026-05-21 22:00:52.083] Husby was here, and we are ready to go
[2026-05-21 22:00:52.098] AUTO-DISENGAGE: gear left Park (now R)
[2026-05-21 22:00:52.098] Husby was here, and we are ready to go
[2026-05-21 22:00:52.120] AUTO-DISENGAGE: gear left Park (now R)
[2026-05-21 22:00:52.120] Husby was here, and we are ready to go
[2026-05-21 22:00:52.138] AUTO-DISENGAGE: gear left Park (now R)
[2026-05-21 22:00:52.138] Husby was here, and we are ready to go
[2026-05-21 22:00:52.158] AUTO-DISENGAGE: gear left Park (now R)
[2026-05-21 22:00:52.158] Husby was here, and we are ready to go
[2026-05-21 22:00:52.177] AUTO-DISENGAGE: gear left Park (now R)
[2026-05-21 22:00:52.178] Husby was here, and we are ready to go
[2026-05-21 22:00:52.183] AUTO-DISENGAGE: gear left Park (now R)
[2026-05-21 22:00:52.183] Husby was here, and we are ready to go
[2026-05-21 22:00:52.198] AUTO-DISENGAGE: gear left Park (now R)
[2026-05-21 22:00:52.198] Husby was here, and we are ready to go
[2026-05-21 22:00:52.218] AUTO-DISENGAGE: gear left Park (now R)
[2026-05-21 22:00:52.218] Husby was here, and we are ready to go
[2026-05-21 22:00:52.237] AUTO-DISENGAGE: gear left Park (now R)
[2026-05-21 22:00:52.237] Husby was here, and we are ready to go
[2026-05-21 22:00:52.257] AUTO-DISENGAGE: gear left Park (now R)
[2026-05-21 22:00:52.257] Husby was here, and we are ready to go
[2026-05-21 22:00:52.278] AUTO-DISENGAGE: gear left Park (now R)
[2026-05-21 22:00:52.279] Husby was here, and we are ready to go
[2026-05-21 22:00:52.284] AUTO-DISENGAGE: gear left Park (now R)
[2026-05-21 22:00:52.284] Husby was here, and we are ready to go
[2026-05-21 22:00:52.298] AUTO-DISENGAGE: gear left Park (now R)
[2026-05-21 22:00:52.298] Husby was here, and we are ready to go
[2026-05-21 22:00:52.321] AUTO-DISENGAGE: gear left Park (now R)
[2026-05-21 22:00:52.322] Husby was here, and we are ready to go
[2026-05-21 22:00:52.338] AUTO-DISENGAGE: gear left Park (now R)
[2026-05-21 22:00:52.339] Husby was here, and we are ready to go
[2026-05-21 22:00:52.359] AUTO-DISENGAGE: gear left Park (now R)
[2026-05-21 22:00:52.359] Husby was here, and we are ready to go
[2026-05-21 22:00:52.379] AUTO-DISENGAGE: gear left Park (now R)
[2026-05-21 22:00:52.379] Husby was here, and we are ready to go
[2026-05-21 22:00:52.384] AUTO-DISENGAGE: gear left Park (now R)
[2026-05-21 22:00:52.384] Husby was here, and we are ready to go
[2026-05-21 22:00:52.398] AUTO-DISENGAGE: gear left Park (now R)
[2026-05-21 22:00:52.398] Husby was here, and we are ready to go
[2026-05-21 22:00:52.423] AUTO-DISENGAGE: gear left Park (now R)
[2026-05-21 22:00:52.423] Husby was here, and we are ready to go
[2026-05-21 22:00:52.438] AUTO-DISENGAGE: gear left Park (now R)
[2026-05-21 22:00:52.438] Husby was here, and we are ready to go
[2026-05-21 22:00:52.457] AUTO-DISENGAGE: gear left Park (now R)
[2026-05-21 22:00:52.458] Husby was here, and we are ready to go
[2026-05-21 22:00:52.478] AUTO-DISENGAGE: gear left Park (now R)
[2026-05-21 22:00:52.478] Husby was here, and we are ready to go
[2026-05-21 22:00:52.483] AUTO-DISENGAGE: gear left Park (now R)
[2026-05-21 22:00:52.483] Husby was here, and we are ready to go
[2026-05-21 22:00:52.498] AUTO-DISENGAGE: gear left Park (now R)
[2026-05-21 22:00:52.498] Husby was here, and we are ready to go
[2026-05-21 22:00:52.519] AUTO-DISENGAGE: gear left Park (now R)
[2026-05-21 22:00:52.519] Husby was here, and we are ready to go
[2026-05-21 22:00:52.539] AUTO-DISENGAGE: gear left Park (now R)
[2026-05-21 22:00:52.539] Husby was here, and we are ready to go
[2026-05-21 22:00:52.558] AUTO-DISENGAGE: gear left Park (now R)
[2026-05-21 22:00:52.558] Husby was here, and we are ready to go
[2026-05-21 22:00:52.577] AUTO-DISENGAGE: gear left Park (now R)
[2026-05-21 22:00:52.578] Husby was here, and we are ready to go
[2026-05-21 22:00:52.583] AUTO-DISENGAGE: gear left Park (now R)
[2026-05-21 22:00:52.583] Husby was here, and we are ready to go
[2026-05-21 22:00:52.597] AUTO-DISENGAGE: gear left Park (now R)
[2026-05-21 22:00:52.597] Husby was here, and we are ready to go
[2026-05-21 22:00:52.623] AUTO-DISENGAGE: gear left Park (now R)
[2026-05-21 22:00:52.623] Husby was here, and we are ready to go
[2026-05-21 22:00:52.638] AUTO-DISENGAGE: gear left Park (now R)
[2026-05-21 22:00:52.638] Husby was here, and we are ready to go
[2026-05-21 22:00:52.659] AUTO-DISENGAGE: gear left Park (now R)
[2026-05-21 22:00:52.659] Husby was here, and we are ready to go
[2026-05-21 22:00:52.679] AUTO-DISENGAGE: gear left Park (now R)
[2026-05-21 22:00:52.679] Husby was here, and we are ready to go
[2026-05-21 22:00:52.684] AUTO-DISENGAGE: gear left Park (now R)
[2026-05-21 22:00:52.684] Husby was here, and we are ready to go
[2026-05-21 22:00:52.698] AUTO-DISENGAGE: gear left Park (now R)
[2026-05-21 22:00:52.699] Husby was here, and we are ready to go
[2026-05-21 22:00:52.723] AUTO-DISENGAGE: gear left Park (now R)
[2026-05-21 22:00:52.724] Husby was here, and we are ready to go
[2026-05-21 22:00:52.742] AUTO-DISENGAGE: gear left Park (now R)
[2026-05-21 22:00:52.743] Husby was here, and we are ready to go
[2026-05-21 22:00:52.759] AUTO-DISENGAGE: gear left Park (now R)
[2026-05-21 22:00:52.759] Husby was here, and we are ready to go
[2026-05-21 22:00:52.779] AUTO-DISENGAGE: gear left Park (now R)
[2026-05-21 22:00:52.780] Husby was here, and we are ready to go
[2026-05-21 22:00:52.783] AUTO-DISENGAGE: gear left Park (now R)
[2026-05-21 22:00:52.784] Husby was here, and we are ready to go
[2026-05-21 22:00:52.797] AUTO-DISENGAGE: gear left Park (now R)
[2026-05-21 22:00:52.797] Husby was here, and we are ready to go
[2026-05-21 22:00:52.818] AUTO-DISENGAGE: gear left Park (now R)
[2026-05-21 22:00:52.818] Husby was here, and we are ready to go
[2026-05-21 22:00:52.837] AUTO-DISENGAGE: gear left Park (now R)
[2026-05-21 22:00:52.837] Husby was here, and we are ready to go
[2026-05-21 22:00:52.857] AUTO-DISENGAGE: gear left Park (now R)
[2026-05-21 22:00:52.857] Husby was here, and we are ready to go
[2026-05-21 22:00:52.877] AUTO-DISENGAGE: gear left Park (now R)
[2026-05-21 22:00:52.878] Husby was here, and we are ready to go
[2026-05-21 22:00:52.883] AUTO-DISENGAGE: gear left Park (now R)
[2026-05-21 22:00:52.883] Husby was here, and we are ready to go
[2026-05-21 22:00:52.897] AUTO-DISENGAGE: gear left Park (now R)
[2026-05-21 22:00:52.897] Husby was here, and we are ready to go
[2026-05-21 22:00:52.918] AUTO-DISENGAGE: gear left Park (now R)
[2026-05-21 22:00:52.918] Husby was here, and we are ready to go
[2026-05-21 22:00:52.939] AUTO-DISENGAGE: gear left Park (now R)
[2026-05-21 22:00:52.939] Husby was here, and we are ready to go
[2026-05-21 22:00:52.959] AUTO-DISENGAGE: gear left Park (now R)
[2026-05-21 22:00:52.960] Husby was here, and we are ready to go
[2026-05-21 22:00:52.980] AUTO-DISENGAGE: gear left Park (now R)
[2026-05-21 22:00:52.980] Husby was here, and we are ready to go
[2026-05-21 22:00:52.983] AUTO-DISENGAGE: gear left Park (now R)
[2026-05-21 22:00:52.983] Husby was here, and we are ready to go
[2026-05-21 22:00:52.999] AUTO-DISENGAGE: gear left Park (now R)
[2026-05-21 22:00:53.000] Husby was here, and we are ready to go
[2026-05-21 22:00:53.022] AUTO-DISENGAGE: gear left Park (now R)
[2026-05-21 22:00:53.022] Husby was here, and we are ready to go
[2026-05-21 22:00:53.038] AUTO-DISENGAGE: gear left Park (now R)
[2026-05-21 22:00:53.038] Husby was here, and we are ready to go
[2026-05-21 22:00:53.058] AUTO-DISENGAGE: gear left Park (now R)
[2026-05-21 22:00:53.058] Husby was here, and we are ready to go
[2026-05-21 22:00:53.078] AUTO-DISENGAGE: gear left Park (now R)
[2026-05-21 22:00:53.078] Husby was here, and we are ready to go
[2026-05-21 22:00:53.083] AUTO-DISENGAGE: gear left Park (now R)
[2026-05-21 22:00:53.083] Husby was here, and we are ready to go
[2026-05-21 22:00:53.098] AUTO-DISENGAGE: gear left Park (now R)
[2026-05-21 22:00:53.098] Husby was here, and we are ready to go
[2026-05-21 22:00:53.121] AUTO-DISENGAGE: gear left Park (now R)
[2026-05-21 22:00:53.122] Husby was here, and we are ready to go
[2026-05-21 22:00:53.138] AUTO-DISENGAGE: gear left Park (now R)
[2026-05-21 22:00:53.138] Husby was here, and we are ready to go
[2026-05-21 22:00:53.160] AUTO-DISENGAGE: gear left Park (now R)
[2026-05-21 22:00:53.161] Husby was here, and we are ready to go
[2026-05-21 22:00:53.178] AUTO-DISENGAGE: gear left Park (now R)
[2026-05-21 22:00:53.179] Husby was here, and we are ready to go
[2026-05-21 22:00:53.184] AUTO-DISENGAGE: gear left Park (now R)
[2026-05-21 22:00:53.184] Husby was here, and we are ready to go
[2026-05-21 22:00:53.199] AUTO-DISENGAGE: gear left Park (now R)
[2026-05-21 22:00:53.199] Husby was here, and we are ready to go
[2026-05-21 22:00:53.223] AUTO-DISENGAGE: gear left Park (now R)
[2026-05-21 22:00:53.223] Husby was here, and we are ready to go
[2026-05-21 22:00:53.239] AUTO-DISENGAGE: gear left Park (now R)
[2026-05-21 22:00:53.239] Husby was here, and we are ready to go
[2026-05-21 22:00:53.258] AUTO-DISENGAGE: gear left Park (now R)
[2026-05-21 22:00:53.259] Husby was here, and we are ready to go
[2026-05-21 22:00:53.278] AUTO-DISENGAGE: gear left Park (now R)
[2026-05-21 22:00:53.278] Husby was here, and we are ready to go
[2026-05-21 22:00:53.283] AUTO-DISENGAGE: gear left Park (now R)
[2026-05-21 22:00:53.283] Husby was here, and we are ready to go
[2026-05-21 22:00:53.298] AUTO-DISENGAGE: gear left Park (now R)
[2026-05-21 22:00:53.298] Husby was here, and we are ready to go
[2026-05-21 22:00:53.319] AUTO-DISENGAGE: gear left Park (now R)
[2026-05-21 22:00:53.319] Husby was here, and we are ready to go
[2026-05-21 22:00:53.338] AUTO-DISENGAGE: gear left Park (now R)
[2026-05-21 22:00:53.338] Husby was here, and we are ready to go
[2026-05-21 22:00:53.358] AUTO-DISENGAGE: gear left Park (now R)
[2026-05-21 22:00:53.359] Husby was here, and we are ready to go
[2026-05-21 22:00:53.380] AUTO-DISENGAGE: gear left Park (now R)
[2026-05-21 22:00:53.380] Husby was here, and we are ready to go
[2026-05-21 22:00:53.384] AUTO-DISENGAGE: gear left Park (now R)
[2026-05-21 22:00:53.384] Husby was here, and we are ready to go
[2026-05-21 22:00:53.398] AUTO-DISENGAGE: gear left Park (now R)
[2026-05-21 22:00:53.399] Husby was here, and we are ready to go
[2026-05-21 22:00:53.419] AUTO-DISENGAGE: gear left Park (now R)
[2026-05-21 22:00:53.420] Husby was here, and we are ready to go
[2026-05-21 22:00:53.438] AUTO-DISENGAGE: gear left Park (now R)
[2026-05-21 22:00:53.438] Husby was here, and we are ready to go
[2026-05-21 22:00:53.457] AUTO-DISENGAGE: gear left Park (now R)
[2026-05-21 22:00:53.457] Husby was here, and we are ready to go
[2026-05-21 22:00:53.477] AUTO-DISENGAGE: gear left Park (now R)
[2026-05-21 22:00:53.477] Husby was here, and we are ready to go
[2026-05-21 22:00:53.483] AUTO-DISENGAGE: gear left Park (now R)
[2026-05-21 22:00:53.483] Husby was here, and we are ready to go
[2026-05-21 22:00:53.497] AUTO-DISENGAGE: gear left Park (now R)
[2026-05-21 22:00:53.497] Husby was here, and we are ready to go
[2026-05-21 22:00:53.518] AUTO-DISENGAGE: gear left Park (now R)
[2026-05-21 22:00:53.518] Husby was here, and we are ready to go
[2026-05-21 22:00:53.537] AUTO-DISENGAGE: gear left Park (now R)
[2026-05-21 22:00:53.537] Husby was here, and we are ready to go
[2026-05-21 22:00:53.557] AUTO-DISENGAGE: gear left Park (now R)
[2026-05-21 22:00:53.557] Husby was here, and we are ready to go
[2026-05-21 22:00:53.578] AUTO-DISENGAGE: gear left Park (now R)
[2026-05-21 22:00:53.578] Husby was here, and we are ready to go
[2026-05-21 22:00:53.583] AUTO-DISENGAGE: gear left Park (now R)
[2026-05-21 22:00:53.583] Husby was here, and we are ready to go
[2026-05-21 22:00:53.597] AUTO-DISENGAGE: gear left Park (now R)
[2026-05-21 22:00:53.597] Husby was here, and we are ready to go
[2026-05-21 22:00:53.618] AUTO-DISENGAGE: gear left Park (now R)
[2026-05-21 22:00:53.618] Husby was here, and we are ready to go
[2026-05-21 22:00:53.638] AUTO-DISENGAGE: gear left Park (now R)
[2026-05-21 22:00:53.638] Husby was here, and we are ready to go
[2026-05-21 22:00:53.659] AUTO-DISENGAGE: gear left Park (now R)
[2026-05-21 22:00:53.659] Husby was here, and we are ready to go
[2026-05-21 22:00:53.682] AUTO-DISENGAGE: gear left Park (now R)
[2026-05-21 22:00:53.682] Husby was here, and we are ready to go
[2026-05-21 22:00:53.683] AUTO-DISENGAGE: gear left Park (now R)
[2026-05-21 22:00:53.683] Husby was here, and we are ready to go
[2026-05-21 22:00:53.699] AUTO-DISENGAGE: gear left Park (now R)
[2026-05-21 22:00:53.699] Husby was here, and we are ready to go
[2026-05-21 22:00:53.723] AUTO-DISENGAGE: gear left Park (now R)
[2026-05-21 22:00:53.723] Husby was here, and we are ready to go
[2026-05-21 22:00:53.742] AUTO-DISENGAGE: gear left Park (now R)
[2026-05-21 22:00:53.742] Husby was here, and we are ready to go
[2026-05-21 22:00:53.758] AUTO-DISENGAGE: gear left Park (now R)
[2026-05-21 22:00:53.759] Husby was here, and we are ready to go
[2026-05-21 22:00:53.780] AUTO-DISENGAGE: gear left Park (now R)
[2026-05-21 22:00:53.780] Husby was here, and we are ready to go
[2026-05-21 22:00:53.783] AUTO-DISENGAGE: gear left Park (now R)
[2026-05-21 22:00:53.784] Husby was here, and we are ready to go
[2026-05-21 22:00:53.799] AUTO-DISENGAGE: gear left Park (now R)
[2026-05-21 22:00:53.799] Husby was here, and we are ready to go
[2026-05-21 22:00:53.820] AUTO-DISENGAGE: gear left Park (now R)
[2026-05-21 22:00:53.820] Husby was here, and we are ready to go
[2026-05-21 22:00:53.838] AUTO-DISENGAGE: gear left Park (now R)
[2026-05-21 22:00:53.838] Husby was here, and we are ready to go
[2026-05-21 22:00:53.858] AUTO-DISENGAGE: gear left Park (now R)
[2026-05-21 22:00:53.858] Husby was here, and we are ready to go
[2026-05-21 22:00:53.878] AUTO-DISENGAGE: gear left Park (now R)
[2026-05-21 22:00:53.879] Husby was here, and we are ready to go
[2026-05-21 22:00:53.883] AUTO-DISENGAGE: gear left Park (now R)
[2026-05-21 22:00:53.883] Husby was here, and we are ready to go
[2026-05-21 22:00:53.898] AUTO-DISENGAGE: gear left Park (now R)
[2026-05-21 22:00:53.898] Husby was here, and we are ready to go
[2026-05-21 22:00:53.919] AUTO-DISENGAGE: gear left Park (now R)
[2026-05-21 22:00:53.920] Husby was here, and we are ready to go
[2026-05-21 22:00:53.938] AUTO-DISENGAGE: gear left Park (now R)
[2026-05-21 22:00:53.938] Husby was here, and we are ready to go
[2026-05-21 22:00:53.959] AUTO-DISENGAGE: gear left Park (now R)
[2026-05-21 22:00:53.959] Husby was here, and we are ready to go
[2026-05-21 22:00:53.979] AUTO-DISENGAGE: gear left Park (now R)
[2026-05-21 22:00:53.979] Husby was here, and we are ready to go
[2026-05-21 22:00:53.984] AUTO-DISENGAGE: gear left Park (now R)
[2026-05-21 22:00:53.984] Husby was here, and we are ready to go
[2026-05-21 22:00:53.999] AUTO-DISENGAGE: gear left Park (now R)
[2026-05-21 22:00:53.999] Husby was here, and we are ready to go
[2026-05-21 22:00:54.023] AUTO-DISENGAGE: gear left Park (now R)
[2026-05-21 22:00:54.023] Husby was here, and we are ready to go
[2026-05-21 22:00:54.038] AUTO-DISENGAGE: gear left Park (now R)
[2026-05-21 22:00:54.038] Husby was here, and we are ready to go
[2026-05-21 22:00:54.058] AUTO-DISENGAGE: gear left Park (now R)
[2026-05-21 22:00:54.058] Husby was here, and we are ready to go
[2026-05-21 22:00:54.078] AUTO-DISENGAGE: gear left Park (now R)
[2026-05-21 22:00:54.078] Husby was here, and we are ready to go
[2026-05-21 22:00:54.083] AUTO-DISENGAGE: gear left Park (now R)
[2026-05-21 22:00:54.083] Husby was here, and we are ready to go
[2026-05-21 22:00:54.097] AUTO-DISENGAGE: gear left Park (now R)
[2026-05-21 22:00:54.097] Husby was here, and we are ready to go
[2026-05-21 22:00:54.118] AUTO-DISENGAGE: gear left Park (now R)
[2026-05-21 22:00:54.118] Husby was here, and we are ready to go
[2026-05-21 22:00:54.137] AUTO-DISENGAGE: gear left Park (now R)
[2026-05-21 22:00:54.137] Husby was here, and we are ready to go
[2026-05-21 22:00:54.157] AUTO-DISENGAGE: gear left Park (now R)
[2026-05-21 22:00:54.157] Husby was here, and we are ready to go
[2026-05-21 22:00:54.177] AUTO-DISENGAGE: gear left Park (now R)
[2026-05-21 22:00:54.178] Husby was here, and we are ready to go
[2026-05-21 22:00:54.183] AUTO-DISENGAGE: gear left Park (now R)
[2026-05-21 22:00:54.183] Husby was here, and we are ready to go
[2026-05-21 22:00:54.199] AUTO-DISENGAGE: gear left Park (now R)
[2026-05-21 22:00:54.199] Husby was here, and we are ready to go
[2026-05-21 22:00:54.222] AUTO-DISENGAGE: gear left Park (now R)
[2026-05-21 22:00:54.223] Husby was here, and we are ready to go
[2026-05-21 22:00:54.241] AUTO-DISENGAGE: gear left Park (now R)
[2026-05-21 22:00:54.242] Husby was here, and we are ready to go
[2026-05-21 22:00:54.260] AUTO-DISENGAGE: gear left Park (now R)
[2026-05-21 22:00:54.260] Husby was here, and we are ready to go
[2026-05-21 22:00:54.280] AUTO-DISENGAGE: gear left Park (now R)
[2026-05-21 22:00:54.280] Husby was here, and we are ready to go
[2026-05-21 22:00:54.283] AUTO-DISENGAGE: gear left Park (now R)
[2026-05-21 22:00:54.283] Husby was here, and we are ready to go
[2026-05-21 22:00:54.298] AUTO-DISENGAGE: gear left Park (now R)
[2026-05-21 22:00:54.298] Husby was here, and we are ready to go
[2026-05-21 22:00:54.317] AUTO-DISENGAGE: gear left Park (now R)
[2026-05-21 22:00:54.318] Husby was here, and we are ready to go
[2026-05-21 22:00:54.338] AUTO-DISENGAGE: gear left Park (now R)
[2026-05-21 22:00:54.338] Husby was here, and we are ready to go
[2026-05-21 22:00:54.358] AUTO-DISENGAGE: gear left Park (now R)
[2026-05-21 22:00:54.358] Husby was here, and we are ready to go
[2026-05-21 22:00:54.377] AUTO-DISENGAGE: gear left Park (now R)
[2026-05-21 22:00:54.378] Husby was here, and we are ready to go
[2026-05-21 22:00:54.383] AUTO-DISENGAGE: gear left Park (now R)
[2026-05-21 22:00:54.383] Husby was here, and we are ready to go
[2026-05-21 22:00:54.397] AUTO-DISENGAGE: gear left Park (now R)
[2026-05-21 22:00:54.397] Husby was here, and we are ready to go
[2026-05-21 22:00:54.418] AUTO-DISENGAGE: gear left Park (now R)
[2026-05-21 22:00:54.418] Husby was here, and we are ready to go
[2026-05-21 22:00:54.438] AUTO-DISENGAGE: gear left Park (now R)
[2026-05-21 22:00:54.438] Husby was here, and we are ready to go
[2026-05-21 22:00:54.458] AUTO-DISENGAGE: gear left Park (now R)
[2026-05-21 22:00:54.458] Husby was here, and we are ready to go
[2026-05-21 22:00:54.479] AUTO-DISENGAGE: gear left Park (now R)
[2026-05-21 22:00:54.479] Husby was here, and we are ready to go
[2026-05-21 22:00:54.483] AUTO-DISENGAGE: gear left Park (now R)
[2026-05-21 22:00:54.483] Husby was here, and we are ready to go
[2026-05-21 22:00:54.498] AUTO-DISENGAGE: gear left Park (now R)
[2026-05-21 22:00:54.499] Husby was here, and we are ready to go
[2026-05-21 22:00:54.523] AUTO-DISENGAGE: gear left Park (now R)
[2026-05-21 22:00:54.523] Husby was here, and we are ready to go
[2026-05-21 22:00:54.539] AUTO-DISENGAGE: gear left Park (now R)
[2026-05-21 22:00:54.539] Husby was here, and we are ready to go
[2026-05-21 22:00:54.559] AUTO-DISENGAGE: gear left Park (now R)
[2026-05-21 22:00:54.559] Husby was here, and we are ready to go
[2026-05-21 22:00:54.578] AUTO-DISENGAGE: gear left Park (now R)
[2026-05-21 22:00:54.578] Husby was here, and we are ready to go
[2026-05-21 22:00:54.583] AUTO-DISENGAGE: gear left Park (now R)
[2026-05-21 22:00:54.583] Husby was here, and we are ready to go
[2026-05-21 22:00:54.597] AUTO-DISENGAGE: gear left Park (now R)
[2026-05-21 22:00:54.597] Husby was here, and we are ready to go
[2026-05-21 22:00:54.618] AUTO-DISENGAGE: gear left Park (now R)
[2026-05-21 22:00:54.618] Husby was here, and we are ready to go
[2026-05-21 22:00:54.637] AUTO-DISENGAGE: gear left Park (now R)
[2026-05-21 22:00:54.638] Husby was here, and we are ready to go
[2026-05-21 22:00:54.657] AUTO-DISENGAGE: gear left Park (now R)
[2026-05-21 22:00:54.657] Husby was here, and we are ready to go
[2026-05-21 22:00:54.678] AUTO-DISENGAGE: gear left Park (now R)
[2026-05-21 22:00:54.678] Husby was here, and we are ready to go
[2026-05-21 22:00:54.683] AUTO-DISENGAGE: gear left Park (now R)
[2026-05-21 22:00:54.683] Husby was here, and we are ready to go
[2026-05-21 22:00:54.697] AUTO-DISENGAGE: gear left Park (now R)
[2026-05-21 22:00:54.697] Husby was here, and we are ready to go
[2026-05-21 22:00:54.719] AUTO-DISENGAGE: gear left Park (now R)
[2026-05-21 22:00:54.719] Husby was here, and we are ready to go
[2026-05-21 22:00:54.737] AUTO-DISENGAGE: gear left Park (now R)
[2026-05-21 22:00:54.738] Husby was here, and we are ready to go
[2026-05-21 22:00:54.758] AUTO-DISENGAGE: gear left Park (now R)
[2026-05-21 22:00:54.758] Husby was here, and we are ready to go
[2026-05-21 22:00:54.777] AUTO-DISENGAGE: gear left Park (now R)
[2026-05-21 22:00:54.778] Husby was here, and we are ready to go
[2026-05-21 22:00:54.783] AUTO-DISENGAGE: gear left Park (now R)
[2026-05-21 22:00:54.783] Husby was here, and we are ready to go
[2026-05-21 22:00:54.799] AUTO-DISENGAGE: gear left Park (now R)
[2026-05-21 22:00:54.799] Husby was here, and we are ready to go
[2026-05-21 22:00:54.823] AUTO-DISENGAGE: gear left Park (now R)
[2026-05-21 22:00:54.824] Husby was here, and we are ready to go
[2026-05-21 22:00:54.839] AUTO-DISENGAGE: gear left Park (now R)
[2026-05-21 22:00:54.839] Husby was here, and we are ready to go
[2026-05-21 22:00:54.860] AUTO-DISENGAGE: gear left Park (now R)
[2026-05-21 22:00:54.860] Husby was here, and we are ready to go
[2026-05-21 22:00:54.879] AUTO-DISENGAGE: gear left Park (now R)
[2026-05-21 22:00:54.879] Husby was here, and we are ready to go
[2026-05-21 22:00:54.883] AUTO-DISENGAGE: gear left Park (now R)
[2026-05-21 22:00:54.884] Husby was here, and we are ready to go
[2026-05-21 22:00:54.898] AUTO-DISENGAGE: gear left Park (now R)
[2026-05-21 22:00:54.898] Husby was here, and we are ready to go
[2026-05-21 22:00:54.924] AUTO-DISENGAGE: gear left Park (now R)
[2026-05-21 22:00:54.924] Husby was here, and we are ready to go
[2026-05-21 22:00:54.939] AUTO-DISENGAGE: gear left Park (now R)
[2026-05-21 22:00:54.940] Husby was here, and we are ready to go
[2026-05-21 22:00:54.960] AUTO-DISENGAGE: gear left Park (now R)
[2026-05-21 22:00:54.960] Husby was here, and we are ready to go
[2026-05-21 22:00:54.978] AUTO-DISENGAGE: gear left Park (now R)
[2026-05-21 22:00:54.978] Husby was here, and we are ready to go
[2026-05-21 22:00:54.983] AUTO-DISENGAGE: gear left Park (now R)
[2026-05-21 22:00:54.983] Husby was here, and we are ready to go
[2026-05-21 22:00:54.998] AUTO-DISENGAGE: gear left Park (now R)
[2026-05-21 22:00:54.998] Husby was here, and we are ready to go
[2026-05-21 22:00:55.023] AUTO-DISENGAGE: gear left Park (now R)
[2026-05-21 22:00:55.023] Husby was here, and we are ready to go
[2026-05-21 22:00:55.039] AUTO-DISENGAGE: gear left Park (now R)
[2026-05-21 22:00:55.039] Husby was here, and we are ready to go
[2026-05-21 22:00:55.059] AUTO-DISENGAGE: gear left Park (now R)
[2026-05-21 22:00:55.059] Husby was here, and we are ready to go
[2026-05-21 22:00:55.081] AUTO-DISENGAGE: gear left Park (now R)
[2026-05-21 22:00:55.082] Husby was here, and we are ready to go
[2026-05-21 22:00:55.083] AUTO-DISENGAGE: gear left Park (now R)
[2026-05-21 22:00:55.083] Husby was here, and we are ready to go
[2026-05-21 22:00:55.098] AUTO-DISENGAGE: gear left Park (now R)
[2026-05-21 22:00:55.098] Husby was here, and we are ready to go
[2026-05-21 22:00:55.119] AUTO-DISENGAGE: gear left Park (now R)
[2026-05-21 22:00:55.120] Husby was here, and we are ready to go
[2026-05-21 22:00:55.137] AUTO-DISENGAGE: gear left Park (now R)
[2026-05-21 22:00:55.138] Husby was here, and we are ready to go
[2026-05-21 22:00:55.158] AUTO-DISENGAGE: gear left Park (now R)
[2026-05-21 22:00:55.158] Husby was here, and we are ready to go
[2026-05-21 22:00:55.178] AUTO-DISENGAGE: gear left Park (now R)
[2026-05-21 22:00:55.179] Husby was here, and we are ready to go
[2026-05-21 22:00:55.183] AUTO-DISENGAGE: gear left Park (now R)
[2026-05-21 22:00:55.183] Husby was here, and we are ready to go
[2026-05-21 22:00:55.198] AUTO-DISENGAGE: gear left Park (now R)
[2026-05-21 22:00:55.198] Husby was here, and we are ready to go
[2026-05-21 22:00:55.218] AUTO-DISENGAGE: gear left Park (now R)
[2026-05-21 22:00:55.218] Husby was here, and we are ready to go
[2026-05-21 22:00:55.238] AUTO-DISENGAGE: gear left Park (now R)
[2026-05-21 22:00:55.238] Husby was here, and we are ready to go
[2026-05-21 22:00:55.259] AUTO-DISENGAGE: gear left Park (now R)
[2026-05-21 22:00:55.259] Husby was here, and we are ready to go
[2026-05-21 22:00:55.279] AUTO-DISENGAGE: gear left Park (now R)
[2026-05-21 22:00:55.279] Husby was here, and we are ready to go
[2026-05-21 22:00:55.283] AUTO-DISENGAGE: gear left Park (now R)
[2026-05-21 22:00:55.284] Husby was here, and we are ready to go
[2026-05-21 22:00:55.298] AUTO-DISENGAGE: gear left Park (now R)
[2026-05-21 22:00:55.298] Husby was here, and we are ready to go
[2026-05-21 22:00:55.319] AUTO-DISENGAGE: gear left Park (now R)
[2026-05-21 22:00:55.319] Husby was here, and we are ready to go
[2026-05-21 22:00:55.338] AUTO-DISENGAGE: gear left Park (now R)
[2026-05-21 22:00:55.338] Husby was here, and we are ready to go
[2026-05-21 22:00:55.358] AUTO-DISENGAGE: gear left Park (now R)
[2026-05-21 22:00:55.358] Husby was here, and we are ready to go
[2026-05-21 22:00:55.379] AUTO-DISENGAGE: gear left Park (now R)
[2026-05-21 22:00:55.379] Husby was here, and we are ready to go
[2026-05-21 22:00:55.383] AUTO-DISENGAGE: gear left Park (now R)
[2026-05-21 22:00:55.383] Husby was here, and we are ready to go
[2026-05-21 22:00:55.398] AUTO-DISENGAGE: gear left Park (now R)
[2026-05-21 22:00:55.399] Husby was here, and we are ready to go
[2026-05-21 22:00:55.419] AUTO-DISENGAGE: gear left Park (now R)
[2026-05-21 22:00:55.419] Husby was here, and we are ready to go
[2026-05-21 22:00:55.438] AUTO-DISENGAGE: gear left Park (now R)
[2026-05-21 22:00:55.438] Husby was here, and we are ready to go
[2026-05-21 22:00:55.459] AUTO-DISENGAGE: gear left Park (now R)
[2026-05-21 22:00:55.460] Husby was here, and we are ready to go
[2026-05-21 22:00:55.481] AUTO-DISENGAGE: gear left Park (now R)
[2026-05-21 22:00:55.482] Husby was here, and we are ready to go
[2026-05-21 22:00:55.483] AUTO-DISENGAGE: gear left Park (now R)
[2026-05-21 22:00:55.483] Husby was here, and we are ready to go
[2026-05-21 22:00:55.499] AUTO-DISENGAGE: gear left Park (now R)
[2026-05-21 22:00:55.499] Husby was here, and we are ready to go
[2026-05-21 22:00:55.519] AUTO-DISENGAGE: gear left Park (now R)
[2026-05-21 22:00:55.519] Husby was here, and we are ready to go
[2026-05-21 22:00:55.538] AUTO-DISENGAGE: gear left Park (now R)
[2026-05-21 22:00:55.539] Husby was here, and we are ready to go
[2026-05-21 22:00:55.559] AUTO-DISENGAGE: gear left Park (now R)
[2026-05-21 22:00:55.559] Husby was here, and we are ready to go
[2026-05-21 22:00:55.579] AUTO-DISENGAGE: gear left Park (now R)
[2026-05-21 22:00:55.579] Husby was here, and we are ready to go
[2026-05-21 22:00:55.583] AUTO-DISENGAGE: gear left Park (now R)
[2026-05-21 22:00:55.584] Husby was here, and we are ready to go
[2026-05-21 22:00:55.599] AUTO-DISENGAGE: gear left Park (now R)
[2026-05-21 22:00:55.599] Husby was here, and we are ready to go
[2026-05-21 22:00:55.623] AUTO-DISENGAGE: gear left Park (now R)
[2026-05-21 22:00:55.624] Husby was here, and we are ready to go
[2026-05-21 22:00:55.639] AUTO-DISENGAGE: gear left Park (now R)
[2026-05-21 22:00:55.639] Husby was here, and we are ready to go
[2026-05-21 22:00:55.659] AUTO-DISENGAGE: gear left Park (now R)
[2026-05-21 22:00:55.659] Husby was here, and we are ready to go
[2026-05-21 22:00:55.678] AUTO-DISENGAGE: gear left Park (now R)
[2026-05-21 22:00:55.679] Husby was here, and we are ready to go
[2026-05-21 22:00:55.684] AUTO-DISENGAGE: gear left Park (now R)
[2026-05-21 22:00:55.684] Husby was here, and we are ready to go
[2026-05-21 22:00:55.699] AUTO-DISENGAGE: gear left Park (now R)
[2026-05-21 22:00:55.699] Husby was here, and we are ready to go
[2026-05-21 22:00:55.728] AUTO-DISENGAGE: gear left Park (now R)
[2026-05-21 22:00:55.728] Husby was here, and we are ready to go
[2026-05-21 22:00:55.741] AUTO-DISENGAGE: gear left Park (now R)
[2026-05-21 22:00:55.742] Husby was here, and we are ready to go
[2026-05-21 22:00:55.760] AUTO-DISENGAGE: gear left Park (now R)
[2026-05-21 22:00:55.760] Husby was here, and we are ready to go
[2026-05-21 22:00:55.781] AUTO-DISENGAGE: gear left Park (now R)
[2026-05-21 22:00:55.782] Husby was here, and we are ready to go
[2026-05-21 22:00:55.784] AUTO-DISENGAGE: gear left Park (now R)
[2026-05-21 22:00:55.784] Husby was here, and we are ready to go
[2026-05-21 22:00:55.798] AUTO-DISENGAGE: gear left Park (now R)
[2026-05-21 22:00:55.798] Husby was here, and we are ready to go
[2026-05-21 22:00:55.824] AUTO-DISENGAGE: gear left Park (now R)
[2026-05-21 22:00:55.825] Husby was here, and we are ready to go
[2026-05-21 22:00:55.839] AUTO-DISENGAGE: gear left Park (now R)
[2026-05-21 22:00:55.839] Husby was here, and we are ready to go
[2026-05-21 22:00:55.859] AUTO-DISENGAGE: gear left Park (now R)
[2026-05-21 22:00:55.859] Husby was here, and we are ready to go
[2026-05-21 22:00:55.878] AUTO-DISENGAGE: gear left Park (now R)
[2026-05-21 22:00:55.878] Husby was here, and we are ready to go
[2026-05-21 22:00:55.883] AUTO-DISENGAGE: gear left Park (now R)
[2026-05-21 22:00:55.883] Husby was here, and we are ready to go
[2026-05-21 22:00:55.898] AUTO-DISENGAGE: gear left Park (now R)
[2026-05-21 22:00:55.898] Husby was here, and we are ready to go
[2026-05-21 22:00:55.919] AUTO-DISENGAGE: gear left Park (now R)
[2026-05-21 22:00:55.919] Husby was here, and we are ready to go
[2026-05-21 22:00:55.938] AUTO-DISENGAGE: gear left Park (now R)
[2026-05-21 22:00:55.938] Husby was here, and we are ready to go
[2026-05-21 22:00:55.959] AUTO-DISENGAGE: gear left Park (now R)
[2026-05-21 22:00:55.959] Husby was here, and we are ready to go
[2026-05-21 22:00:55.978] AUTO-DISENGAGE: gear left Park (now R)
[2026-05-21 22:00:55.978] Husby was here, and we are ready to go
[2026-05-21 22:00:55.983] AUTO-DISENGAGE: gear left Park (now R)
[2026-05-21 22:00:55.983] Husby was here, and we are ready to go
[2026-05-21 22:00:55.998] AUTO-DISENGAGE: gear left Park (now R)
[2026-05-21 22:00:55.998] Husby was here, and we are ready to go
[2026-05-21 22:00:56.019] AUTO-DISENGAGE: gear left Park (now R)
[2026-05-21 22:00:56.020] Husby was here, and we are ready to go
[2026-05-21 22:00:56.037] AUTO-DISENGAGE: gear left Park (now R)
[2026-05-21 22:00:56.037] Husby was here, and we are ready to go
[2026-05-21 22:00:56.058] AUTO-DISENGAGE: gear left Park (now R)
[2026-05-21 22:00:56.058] Husby was here, and we are ready to go
[2026-05-21 22:00:56.077] AUTO-DISENGAGE: gear left Park (now R)
[2026-05-21 22:00:56.077] Husby was here, and we are ready to go
[2026-05-21 22:00:56.083] AUTO-DISENGAGE: gear left Park (now R)
[2026-05-21 22:00:56.083] Husby was here, and we are ready to go
[2026-05-21 22:00:56.097] AUTO-DISENGAGE: gear left Park (now R)
[2026-05-21 22:00:56.097] Husby was here, and we are ready to go
[2026-05-21 22:00:56.118] AUTO-DISENGAGE: gear left Park (now R)
[2026-05-21 22:00:56.119] Husby was here, and we are ready to go
[2026-05-21 22:00:56.139] AUTO-DISENGAGE: gear left Park (now R)
[2026-05-21 22:00:56.139] Husby was here, and we are ready to go
[2026-05-21 22:00:56.159] AUTO-DISENGAGE: gear left Park (now R)
[2026-05-21 22:00:56.159] Husby was here, and we are ready to go
[2026-05-21 22:00:56.178] AUTO-DISENGAGE: gear left Park (now R)
[2026-05-21 22:00:56.178] Husby was here, and we are ready to go
[2026-05-21 22:00:56.183] AUTO-DISENGAGE: gear left Park (now R)
[2026-05-21 22:00:56.183] Husby was here, and we are ready to go
[2026-05-21 22:00:56.198] AUTO-DISENGAGE: gear left Park (now R)
[2026-05-21 22:00:56.198] Husby was here, and we are ready to go
[2026-05-21 22:00:56.218] AUTO-DISENGAGE: gear left Park (now R)
[2026-05-21 22:00:56.218] Husby was here, and we are ready to go
[2026-05-21 22:00:56.240] AUTO-DISENGAGE: gear left Park (now R)
[2026-05-21 22:00:56.240] Husby was here, and we are ready to go
[2026-05-21 22:00:56.258] AUTO-DISENGAGE: gear left Park (now R)
[2026-05-21 22:00:56.258] Husby was here, and we are ready to go
[2026-05-21 22:00:56.278] AUTO-DISENGAGE: gear left Park (now R)
[2026-05-21 22:00:56.278] Husby was here, and we are ready to go
[2026-05-21 22:00:56.283] AUTO-DISENGAGE: gear left Park (now R)
[2026-05-21 22:00:56.284] Husby was here, and we are ready to go
[2026-05-21 22:00:56.298] AUTO-DISENGAGE: gear left Park (now R)
[2026-05-21 22:00:56.298] Husby was here, and we are ready to go
[2026-05-21 22:00:56.319] AUTO-DISENGAGE: gear left Park (now R)
[2026-05-21 22:00:56.319] Husby was here, and we are ready to go
[2026-05-21 22:00:56.338] AUTO-DISENGAGE: gear left Park (now R)
[2026-05-21 22:00:56.338] Husby was here, and we are ready to go
[2026-05-21 22:00:56.358] AUTO-DISENGAGE: gear left Park (now R)
[2026-05-21 22:00:56.358] Husby was here, and we are ready to go
[2026-05-21 22:00:56.378] AUTO-DISENGAGE: gear left Park (now R)
[2026-05-21 22:00:56.378] Husby was here, and we are ready to go
[2026-05-21 22:00:56.383] AUTO-DISENGAGE: gear left Park (now R)
[2026-05-21 22:00:56.383] Husby was here, and we are ready to go
[2026-05-21 22:00:56.399] AUTO-DISENGAGE: gear left Park (now R)
[2026-05-21 22:00:56.399] Husby was here, and we are ready to go
[2026-05-21 22:00:56.418] AUTO-DISENGAGE: gear left Park (now R)
[2026-05-21 22:00:56.419] Husby was here, and we are ready to go
[2026-05-21 22:00:56.438] AUTO-DISENGAGE: gear left Park (now R)
[2026-05-21 22:00:56.439] Husby was here, and we are ready to go
[2026-05-21 22:00:56.459] AUTO-DISENGAGE: gear left Park (now R)
[2026-05-21 22:00:56.459] Husby was here, and we are ready to go
[2026-05-21 22:00:56.479] AUTO-DISENGAGE: gear left Park (now R)
[2026-05-21 22:00:56.479] Husby was here, and we are ready to go
[2026-05-21 22:00:56.483] AUTO-DISENGAGE: gear left Park (now R)
[2026-05-21 22:00:56.484] Husby was here, and we are ready to go
[2026-05-21 22:00:56.498] AUTO-DISENGAGE: gear left Park (now R)
[2026-05-21 22:00:56.498] Husby was here, and we are ready to go
[2026-05-21 22:00:56.519] AUTO-DISENGAGE: gear left Park (now R)
[2026-05-21 22:00:56.519] Husby was here, and we are ready to go
[2026-05-21 22:00:56.538] AUTO-DISENGAGE: gear left Park (now R)
[2026-05-21 22:00:56.538] Husby was here, and we are ready to go
[2026-05-21 22:00:56.559] AUTO-DISENGAGE: gear left Park (now R)
[2026-05-21 22:00:56.559] Husby was here, and we are ready to go
[2026-05-21 22:00:56.578] AUTO-DISENGAGE: gear left Park (now R)
[2026-05-21 22:00:56.579] Husby was here, and we are ready to go
[2026-05-21 22:00:56.583] AUTO-DISENGAGE: gear left Park (now R)
[2026-05-21 22:00:56.584] Husby was here, and we are ready to go
[2026-05-21 22:00:56.598] AUTO-DISENGAGE: gear left Park (now R)
[2026-05-21 22:00:56.598] Husby was here, and we are ready to go
[2026-05-21 22:00:56.619] AUTO-DISENGAGE: gear left Park (now R)
[2026-05-21 22:00:56.619] Husby was here, and we are ready to go
[2026-05-21 22:00:56.638] AUTO-DISENGAGE: gear left Park (now R)
[2026-05-21 22:00:56.638] Husby was here, and we are ready to go
[2026-05-21 22:00:56.660] AUTO-DISENGAGE: gear left Park (now R)
[2026-05-21 22:00:56.660] Husby was here, and we are ready to go
[2026-05-21 22:00:56.679] AUTO-DISENGAGE: gear left Park (now R)
[2026-05-21 22:00:56.679] Husby was here, and we are ready to go
[2026-05-21 22:00:56.684] AUTO-DISENGAGE: gear left Park (now R)
[2026-05-21 22:00:56.684] Husby was here, and we are ready to go
[2026-05-21 22:00:56.699] AUTO-DISENGAGE: gear left Park (now R)
[2026-05-21 22:00:56.699] Husby was here, and we are ready to go
[2026-05-21 22:00:56.725] AUTO-DISENGAGE: gear left Park (now R)
[2026-05-21 22:00:56.725] Husby was here, and we are ready to go
[2026-05-21 22:00:56.741] AUTO-DISENGAGE: gear left Park (now R)
[2026-05-21 22:00:56.742] Husby was here, and we are ready to go
[2026-05-21 22:00:56.761] AUTO-DISENGAGE: gear left Park (now R)
[2026-05-21 22:00:56.761] Husby was here, and we are ready to go
[2026-05-21 22:00:56.778] AUTO-DISENGAGE: gear left Park (now R)
[2026-05-21 22:00:56.779] Husby was here, and we are ready to go
[2026-05-21 22:00:56.783] AUTO-DISENGAGE: gear left Park (now R)
[2026-05-21 22:00:56.784] Husby was here, and we are ready to go
[2026-05-21 22:00:56.799] AUTO-DISENGAGE: gear left Park (now R)
[2026-05-21 22:00:56.799] Husby was here, and we are ready to go
[2026-05-21 22:00:56.819] AUTO-DISENGAGE: gear left Park (now R)
[2026-05-21 22:00:56.819] Husby was here, and we are ready to go
[2026-05-21 22:00:56.837] AUTO-DISENGAGE: gear left Park (now R)
[2026-05-21 22:00:56.838] Husby was here, and we are ready to go
[2026-05-21 22:00:56.858] AUTO-DISENGAGE: gear left Park (now R)
[2026-05-21 22:00:56.858] Husby was here, and we are ready to go
[2026-05-21 22:00:56.875] rc: P button pressed
[2026-05-21 22:00:56.877] AUTO-DISENGAGE: gear left Park (now R)
[2026-05-21 22:00:56.877] Husby was here, and we are ready to go
[2026-05-21 22:00:56.883] AUTO-DISENGAGE: gear left Park (now R)
[2026-05-21 22:00:56.883] Husby was here, and we are ready to go
[2026-05-21 22:00:56.888] shift requested: P
[2026-05-21 22:00:56.897] AUTO-DISENGAGE: gear left Park (now R)
[2026-05-21 22:00:56.898] Husby was here, and we are ready to go
[2026-05-21 22:00:56.898] SHIFT: requesting P via 0x6D burst (30 active + 10 idle frames at 200 Hz)
[2026-05-21 22:00:56.902] AUTO-DISENGAGE: gear left Park (now R)
[2026-05-21 22:00:56.902] Husby was here, and we are ready to go
[2026-05-21 22:00:56.907] AUTO-DISENGAGE: gear left Park (now R)
[2026-05-21 22:00:56.907] Husby was here, and we are ready to go
[2026-05-21 22:00:56.913] AUTO-DISENGAGE: gear left Park (now R)
[2026-05-21 22:00:56.913] Husby was here, and we are ready to go
[2026-05-21 22:00:56.917] AUTO-DISENGAGE: gear left Park (now R)
[2026-05-21 22:00:56.917] Husby was here, and we are ready to go
[2026-05-21 22:00:56.917] AUTO-DISENGAGE: gear left Park (now R)
[2026-05-21 22:00:56.917] Husby was here, and we are ready to go
[2026-05-21 22:00:56.923] AUTO-DISENGAGE: gear left Park (now R)
[2026-05-21 22:00:56.923] Husby was here, and we are ready to go
[2026-05-21 22:00:56.927] AUTO-DISENGAGE: gear left Park (now R)
[2026-05-21 22:00:56.927] Husby was here, and we are ready to go
[2026-05-21 22:00:56.933] AUTO-DISENGAGE: gear left Park (now R)
[2026-05-21 22:00:56.933] Husby was here, and we are ready to go
[2026-05-21 22:00:56.937] AUTO-DISENGAGE: gear left Park (now R)
[2026-05-21 22:00:56.937] Husby was here, and we are ready to go
[2026-05-21 22:00:56.937] AUTO-DISENGAGE: gear left Park (now R)
[2026-05-21 22:00:56.937] Husby was here, and we are ready to go
[2026-05-21 22:00:56.942] AUTO-DISENGAGE: gear left Park (now R)
[2026-05-21 22:00:56.942] Husby was here, and we are ready to go
[2026-05-21 22:00:56.947] AUTO-DISENGAGE: gear left Park (now R)
[2026-05-21 22:00:56.947] Husby was here, and we are ready to go
[2026-05-21 22:00:56.952] AUTO-DISENGAGE: gear left Park (now R)
[2026-05-21 22:00:56.953] Husby was here, and we are ready to go
[2026-05-21 22:00:56.957] AUTO-DISENGAGE: gear left Park (now R)
[2026-05-21 22:00:56.957] Husby was here, and we are ready to go
[2026-05-21 22:00:56.957] AUTO-DISENGAGE: gear left Park (now R)
[2026-05-21 22:00:56.957] Husby was here, and we are ready to go
[2026-05-21 22:00:56.963] AUTO-DISENGAGE: gear left Park (now R)
[2026-05-21 22:00:56.963] Husby was here, and we are ready to go
[2026-05-21 22:00:56.967] AUTO-DISENGAGE: gear left Park (now R)
[2026-05-21 22:00:56.967] Husby was here, and we are ready to go
[2026-05-21 22:00:56.972] AUTO-DISENGAGE: gear left Park (now R)
[2026-05-21 22:00:56.973] Husby was here, and we are ready to go
[2026-05-21 22:00:56.977] AUTO-DISENGAGE: gear left Park (now R)
[2026-05-21 22:00:56.977] Husby was here, and we are ready to go
[2026-05-21 22:00:56.977] AUTO-DISENGAGE: gear left Park (now R)
[2026-05-21 22:00:56.977] Husby was here, and we are ready to go
[2026-05-21 22:00:56.983] AUTO-DISENGAGE: gear left Park (now R)
[2026-05-21 22:00:56.983] Husby was here, and we are ready to go
[2026-05-21 22:00:56.983] AUTO-DISENGAGE: gear left Park (now R)
[2026-05-21 22:00:56.983] Husby was here, and we are ready to go
[2026-05-21 22:00:56.987] AUTO-DISENGAGE: gear left Park (now R)
[2026-05-21 22:00:56.988] Husby was here, and we are ready to go
[2026-05-21 22:00:56.993] AUTO-DISENGAGE: gear left Park (now R)
[2026-05-21 22:00:56.993] Husby was here, and we are ready to go
[2026-05-21 22:00:56.997] AUTO-DISENGAGE: gear left Park (now R)
[2026-05-21 22:00:56.997] Husby was here, and we are ready to go
[2026-05-21 22:00:56.997] AUTO-DISENGAGE: gear left Park (now R)
[2026-05-21 22:00:56.997] Husby was here, and we are ready to go
[2026-05-21 22:00:57.003] AUTO-DISENGAGE: gear left Park (now R)
[2026-05-21 22:00:57.003] Husby was here, and we are ready to go
[2026-05-21 22:00:57.008] AUTO-DISENGAGE: gear left Park (now R)
[2026-05-21 22:00:57.008] Husby was here, and we are ready to go
[2026-05-21 22:00:57.013] AUTO-DISENGAGE: gear left Park (now R)
[2026-05-21 22:00:57.013] Husby was here, and we are ready to go
[2026-05-21 22:00:57.017] AUTO-DISENGAGE: gear left Park (now R)
[2026-05-21 22:00:57.017] Husby was here, and we are ready to go
[2026-05-21 22:00:57.017] AUTO-DISENGAGE: gear left Park (now R)
[2026-05-21 22:00:57.017] Husby was here, and we are ready to go
[2026-05-21 22:00:57.023] AUTO-DISENGAGE: gear left Park (now R)
[2026-05-21 22:00:57.023] Husby was here, and we are ready to go
[2026-05-21 22:00:57.028] AUTO-DISENGAGE: gear left Park (now R)
[2026-05-21 22:00:57.028] Husby was here, and we are ready to go
[2026-05-21 22:00:57.033] AUTO-DISENGAGE: gear left Park (now R)
[2026-05-21 22:00:57.033] Husby was here, and we are ready to go
[2026-05-21 22:00:57.037] AUTO-DISENGAGE: gear left Park (now R)
[2026-05-21 22:00:57.037] Husby was here, and we are ready to go
[2026-05-21 22:00:57.037] AUTO-DISENGAGE: gear left Park (now R)
[2026-05-21 22:00:57.037] Husby was here, and we are ready to go
[2026-05-21 22:00:57.043] AUTO-DISENGAGE: gear left Park (now R)
[2026-05-21 22:00:57.043] Husby was here, and we are ready to go
[2026-05-21 22:00:57.048] AUTO-DISENGAGE: gear left Park (now R)
[2026-05-21 22:00:57.048] Husby was here, and we are ready to go
[2026-05-21 22:00:57.053] AUTO-DISENGAGE: gear left Park (now R)
[2026-05-21 22:00:57.053] Husby was here, and we are ready to go
[2026-05-21 22:00:57.057] AUTO-DISENGAGE: gear left Park (now R)
[2026-05-21 22:00:57.057] Husby was here, and we are ready to go
[2026-05-21 22:00:57.057] AUTO-DISENGAGE: gear left Park (now R)
[2026-05-21 22:00:57.057] Husby was here, and we are ready to go
[2026-05-21 22:00:57.063] AUTO-DISENGAGE: gear left Park (now R)
[2026-05-21 22:00:57.063] Husby was here, and we are ready to go
[2026-05-21 22:00:57.068] AUTO-DISENGAGE: gear left Park (now R)
[2026-05-21 22:00:57.068] Husby was here, and we are ready to go
[2026-05-21 22:00:57.073] AUTO-DISENGAGE: gear left Park (now R)
[2026-05-21 22:00:57.073] Husby was here, and we are ready to go
[2026-05-21 22:00:57.077] AUTO-DISENGAGE: gear left Park (now R)
[2026-05-21 22:00:57.077] Husby was here, and we are ready to go
[2026-05-21 22:00:57.077] AUTO-DISENGAGE: gear left Park (now R)
[2026-05-21 22:00:57.078] Husby was here, and we are ready to go
[2026-05-21 22:00:57.083] AUTO-DISENGAGE: gear left Park (now R)
[2026-05-21 22:00:57.083] Husby was here, and we are ready to go
[2026-05-21 22:00:57.083] AUTO-DISENGAGE: gear left Park (now R)
[2026-05-21 22:00:57.083] Husby was here, and we are ready to go
[2026-05-21 22:00:57.088] AUTO-DISENGAGE: gear left Park (now R)
[2026-05-21 22:00:57.088] Husby was here, and we are ready to go
[2026-05-21 22:00:57.093] AUTO-DISENGAGE: gear left Park (now R)
[2026-05-21 22:00:57.093] Husby was here, and we are ready to go
[2026-05-21 22:00:57.097] AUTO-DISENGAGE: gear left Park (now R)
[2026-05-21 22:00:57.097] Husby was here, and we are ready to go
[2026-05-21 22:00:57.118] AUTO-DISENGAGE: gear left Park (now R)
[2026-05-21 22:00:57.118] Husby was here, and we are ready to go
[2026-05-21 22:00:57.137] AUTO-DISENGAGE: gear left Park (now R)
[2026-05-21 22:00:57.137] Husby was here, and we are ready to go
[2026-05-21 22:00:57.162] AUTO-DISENGAGE: gear left Park (now R)
[2026-05-21 22:00:57.162] Husby was here, and we are ready to go
[2026-05-21 22:00:57.182] AUTO-DISENGAGE: gear left Park (now R)
[2026-05-21 22:00:57.182] Husby was here, and we are ready to go
[2026-05-21 22:00:57.183] AUTO-DISENGAGE: gear left Park (now R)
[2026-05-21 22:00:57.183] Husby was here, and we are ready to go
[2026-05-21 22:00:57.202] gear: R -> P
[2026-05-21 22:00:57.303] SHIFT post-burst gear: P (requested P)
[2026-05-21 22:00:57.882] rc: P button pressed
[2026-05-21 22:00:57.953] shift requested: P
[2026-05-21 22:00:57.966] SHIFT: requesting P via 0x6D burst (30 active + 10 idle frames at 200 Hz)
[2026-05-21 22:00:58.365] SHIFT post-burst gear: P (requested P)
[2026-05-21 22:00:58.443] brake: released
[2026-05-21 22:00:58.884] rc: P button pressed
[2026-05-21 22:00:59.884] rc: P button pressed
