[2026-05-18 21:50:15.881] session start (20260518_215015)
[2026-05-18 21:50:16.054] CAN open: SYS TEC dev=0 ch=0 500 kbps
[2026-05-18 21:50:16.055] keepalive plan: GTW=False EPB=True 30MPH=False
[2026-05-18 21:50:16.055] err -> OUT_OF_RANGE
[2026-05-18 21:50:16.135] EAC: INHIBITED -> AVAILABLE (err=OUT_OF_RANGE)
[2026-05-18 21:50:22.605] EAC: AVAILABLE -> ACTIVE (err=NONE)
[2026-05-18 21:50:26.160] rc: RND switch -> N, queuing shift
[2026-05-18 21:50:26.214] shift requested: N
[2026-05-18 21:50:26.231] SHIFT: requesting N via 0x6D burst (30 active + 10 idle frames at 200 Hz)
[2026-05-18 21:50:26.260] gear: P -> N
[2026-05-18 21:50:26.261] AUTO-DISENGAGE: gear left Park (now N)
[2026-05-18 21:50:26.261] Husby was here, and we are ready to go
[2026-05-18 21:50:26.261] AUTO-DISENGAGE: gear left Park (now N)
[2026-05-18 21:50:26.261] Husby was here, and we are ready to go
[2026-05-18 21:50:26.264] AUTO-DISENGAGE: gear left Park (now N)
[2026-05-18 21:50:26.265] Husby was here, and we are ready to go
[2026-05-18 21:50:26.267] AUTO-DISENGAGE: gear left Park (now N)
[2026-05-18 21:50:26.268] Husby was here, and we are ready to go
[2026-05-18 21:50:26.270] AUTO-DISENGAGE: gear left Park (now N)
[2026-05-18 21:50:26.270] Husby was here, and we are ready to go
[2026-05-18 21:50:26.275] AUTO-DISENGAGE: gear left Park (now N)
[2026-05-18 21:50:26.276] Husby was here, and we are ready to go
[2026-05-18 21:50:26.279] AUTO-DISENGAGE: gear left Park (now N)
[2026-05-18 21:50:26.280] Husby was here, and we are ready to go
[2026-05-18 21:50:26.284] AUTO-DISENGAGE: gear left Park (now N)
[2026-05-18 21:50:26.285] Husby was here, and we are ready to go
[2026-05-18 21:50:26.287] AUTO-DISENGAGE: gear left Park (now N)
[2026-05-18 21:50:26.288] Husby was here, and we are ready to go
[2026-05-18 21:50:26.290] AUTO-DISENGAGE: gear left Park (now N)
[2026-05-18 21:50:26.290] Husby was here, and we are ready to go
[2026-05-18 21:50:26.294] AUTO-DISENGAGE: gear left Park (now N)
[2026-05-18 21:50:26.294] Husby was here, and we are ready to go
[2026-05-18 21:50:26.300] AUTO-DISENGAGE: gear left Park (now N)
[2026-05-18 21:50:26.300] Husby was here, and we are ready to go
[2026-05-18 21:50:26.304] AUTO-DISENGAGE: gear left Park (now N)
[2026-05-18 21:50:26.304] Husby was here, and we are ready to go
[2026-05-18 21:50:26.307] AUTO-DISENGAGE: gear left Park (now N)
[2026-05-18 21:50:26.307] Husby was here, and we are ready to go
[2026-05-18 21:50:26.309] AUTO-DISENGAGE: gear left Park (now N)
[2026-05-18 21:50:26.310] Husby was here, and we are ready to go
[2026-05-18 21:50:26.314] AUTO-DISENGAGE: gear left Park (now N)
[2026-05-18 21:50:26.314] Husby was here, and we are ready to go
[2026-05-18 21:50:26.320] AUTO-DISENGAGE: gear left Park (now N)
[2026-05-18 21:50:26.320] Husby was here, and we are ready to go
[2026-05-18 21:50:26.324] AUTO-DISENGAGE: gear left Park (now N)
[2026-05-18 21:50:26.324] Husby was here, and we are ready to go
[2026-05-18 21:50:26.327] AUTO-DISENGAGE: gear left Park (now N)
[2026-05-18 21:50:26.327] Husby was here, and we are ready to go
[2026-05-18 21:50:26.329] AUTO-DISENGAGE: gear left Park (now N)
[2026-05-18 21:50:26.329] Husby was here, and we are ready to go
[2026-05-18 21:50:26.334] AUTO-DISENGAGE: gear left Park (now N)
[2026-05-18 21:50:26.334] Husby was here, and we are ready to go
[2026-05-18 21:50:26.340] AUTO-DISENGAGE: gear left Park (now N)
[2026-05-18 21:50:26.340] Husby was here, and we are ready to go
[2026-05-18 21:50:26.344] AUTO-DISENGAGE: gear left Park (now N)
[2026-05-18 21:50:26.344] Husby was here, and we are ready to go
[2026-05-18 21:50:26.348] AUTO-DISENGAGE: gear left Park (now N)
[2026-05-18 21:50:26.348] Husby was here, and we are ready to go
[2026-05-18 21:50:26.349] AUTO-DISENGAGE: gear left Park (now N)
[2026-05-18 21:50:26.349] Husby was here, and we are ready to go
[2026-05-18 21:50:26.354] AUTO-DISENGAGE: gear left Park (now N)
[2026-05-18 21:50:26.354] Husby was here, and we are ready to go
[2026-05-18 21:50:26.360] AUTO-DISENGAGE: gear left Park (now N)
[2026-05-18 21:50:26.360] Husby was here, and we are ready to go
[2026-05-18 21:50:26.362] AUTO-DISENGAGE: gear left Park (now N)
[2026-05-18 21:50:26.362] Husby was here, and we are ready to go
[2026-05-18 21:50:26.364] AUTO-DISENGAGE: gear left Park (now N)
[2026-05-18 21:50:26.364] Husby was here, and we are ready to go
[2026-05-18 21:50:26.368] AUTO-DISENGAGE: gear left Park (now N)
[2026-05-18 21:50:26.368] Husby was here, and we are ready to go
[2026-05-18 21:50:26.369] AUTO-DISENGAGE: gear left Park (now N)
[2026-05-18 21:50:26.369] Husby was here, and we are ready to go
[2026-05-18 21:50:26.374] AUTO-DISENGAGE: gear left Park (now N)
[2026-05-18 21:50:26.374] Husby was here, and we are ready to go
[2026-05-18 21:50:26.380] AUTO-DISENGAGE: gear left Park (now N)
[2026-05-18 21:50:26.380] Husby was here, and we are ready to go
[2026-05-18 21:50:26.384] AUTO-DISENGAGE: gear left Park (now N)
[2026-05-18 21:50:26.384] Husby was here, and we are ready to go
[2026-05-18 21:50:26.387] AUTO-DISENGAGE: gear left Park (now N)
[2026-05-18 21:50:26.388] Husby was here, and we are ready to go
[2026-05-18 21:50:26.389] AUTO-DISENGAGE: gear left Park (now N)
[2026-05-18 21:50:26.389] Husby was here, and we are ready to go
[2026-05-18 21:50:26.394] AUTO-DISENGAGE: gear left Park (now N)
[2026-05-18 21:50:26.394] Husby was here, and we are ready to go
[2026-05-18 21:50:26.400] AUTO-DISENGAGE: gear left Park (now N)
[2026-05-18 21:50:26.400] Husby was here, and we are ready to go
[2026-05-18 21:50:26.404] AUTO-DISENGAGE: gear left Park (now N)
[2026-05-18 21:50:26.404] Husby was here, and we are ready to go
[2026-05-18 21:50:26.407] AUTO-DISENGAGE: gear left Park (now N)
[2026-05-18 21:50:26.408] Husby was here, and we are ready to go
[2026-05-18 21:50:26.409] AUTO-DISENGAGE: gear left Park (now N)
[2026-05-18 21:50:26.409] Husby was here, and we are ready to go
[2026-05-18 21:50:26.415] AUTO-DISENGAGE: gear left Park (now N)
[2026-05-18 21:50:26.416] Husby was here, and we are ready to go
[2026-05-18 21:50:26.420] AUTO-DISENGAGE: gear left Park (now N)
[2026-05-18 21:50:26.420] Husby was here, and we are ready to go
[2026-05-18 21:50:26.424] AUTO-DISENGAGE: gear left Park (now N)
[2026-05-18 21:50:26.424] Husby was here, and we are ready to go
[2026-05-18 21:50:26.427] AUTO-DISENGAGE: gear left Park (now N)
[2026-05-18 21:50:26.427] Husby was here, and we are ready to go
[2026-05-18 21:50:26.448] AUTO-DISENGAGE: gear left Park (now N)
[2026-05-18 21:50:26.448] Husby was here, and we are ready to go
[2026-05-18 21:50:26.462] AUTO-DISENGAGE: gear left Park (now N)
[2026-05-18 21:50:26.462] Husby was here, and we are ready to go
[2026-05-18 21:50:26.467] AUTO-DISENGAGE: gear left Park (now N)
[2026-05-18 21:50:26.467] Husby was here, and we are ready to go
[2026-05-18 21:50:26.488] AUTO-DISENGAGE: gear left Park (now N)
[2026-05-18 21:50:26.488] Husby was here, and we are ready to go
[2026-05-18 21:50:26.508] AUTO-DISENGAGE: gear left Park (now N)
[2026-05-18 21:50:26.508] Husby was here, and we are ready to go
[2026-05-18 21:50:26.528] AUTO-DISENGAGE: gear left Park (now N)
[2026-05-18 21:50:26.529] Husby was here, and we are ready to go
[2026-05-18 21:50:26.548] AUTO-DISENGAGE: gear left Park (now N)
[2026-05-18 21:50:26.548] Husby was here, and we are ready to go
[2026-05-18 21:50:26.562] AUTO-DISENGAGE: gear left Park (now N)
[2026-05-18 21:50:26.562] Husby was here, and we are ready to go
[2026-05-18 21:50:26.568] AUTO-DISENGAGE: gear left Park (now N)
[2026-05-18 21:50:26.568] Husby was here, and we are ready to go
[2026-05-18 21:50:26.588] AUTO-DISENGAGE: gear left Park (now N)
[2026-05-18 21:50:26.588] Husby was here, and we are ready to go
[2026-05-18 21:50:26.609] AUTO-DISENGAGE: gear left Park (now N)
[2026-05-18 21:50:26.609] Husby was here, and we are ready to go
[2026-05-18 21:50:26.629] AUTO-DISENGAGE: gear left Park (now N)
[2026-05-18 21:50:26.629] Husby was here, and we are ready to go
[2026-05-18 21:50:26.629] SHIFT post-burst gear: N (requested N)
[2026-05-18 21:50:26.651] AUTO-DISENGAGE: gear left Park (now N)
[2026-05-18 21:50:26.651] Husby was here, and we are ready to go
[2026-05-18 21:50:26.663] AUTO-DISENGAGE: gear left Park (now N)
[2026-05-18 21:50:26.663] Husby was here, and we are ready to go
[2026-05-18 21:50:26.668] AUTO-DISENGAGE: gear left Park (now N)
[2026-05-18 21:50:26.669] Husby was here, and we are ready to go
[2026-05-18 21:50:26.691] AUTO-DISENGAGE: gear left Park (now N)
[2026-05-18 21:50:26.691] Husby was here, and we are ready to go
[2026-05-18 21:50:26.711] AUTO-DISENGAGE: gear left Park (now N)
[2026-05-18 21:50:26.711] Husby was here, and we are ready to go
[2026-05-18 21:50:26.731] AUTO-DISENGAGE: gear left Park (now N)
[2026-05-18 21:50:26.731] Husby was here, and we are ready to go
[2026-05-18 21:50:26.751] AUTO-DISENGAGE: gear left Park (now N)
[2026-05-18 21:50:26.751] Husby was here, and we are ready to go
[2026-05-18 21:50:26.764] AUTO-DISENGAGE: gear left Park (now N)
[2026-05-18 21:50:26.764] Husby was here, and we are ready to go
[2026-05-18 21:50:26.768] AUTO-DISENGAGE: gear left Park (now N)
[2026-05-18 21:50:26.768] Husby was here, and we are ready to go
[2026-05-18 21:50:26.790] AUTO-DISENGAGE: gear left Park (now N)
[2026-05-18 21:50:26.790] Husby was here, and we are ready to go
[2026-05-18 21:50:26.809] AUTO-DISENGAGE: gear left Park (now N)
[2026-05-18 21:50:26.810] Husby was here, and we are ready to go
[2026-05-18 21:50:26.829] AUTO-DISENGAGE: gear left Park (now N)
[2026-05-18 21:50:26.829] Husby was here, and we are ready to go
[2026-05-18 21:50:26.852] AUTO-DISENGAGE: gear left Park (now N)
[2026-05-18 21:50:26.852] Husby was here, and we are ready to go
[2026-05-18 21:50:26.864] AUTO-DISENGAGE: gear left Park (now N)
[2026-05-18 21:50:26.865] Husby was here, and we are ready to go
[2026-05-18 21:50:26.869] AUTO-DISENGAGE: gear left Park (now N)
[2026-05-18 21:50:26.870] Husby was here, and we are ready to go
[2026-05-18 21:50:26.890] AUTO-DISENGAGE: gear left Park (now N)
[2026-05-18 21:50:26.890] Husby was here, and we are ready to go
[2026-05-18 21:50:26.910] AUTO-DISENGAGE: gear left Park (now N)
[2026-05-18 21:50:26.910] Husby was here, and we are ready to go
[2026-05-18 21:50:26.929] AUTO-DISENGAGE: gear left Park (now N)
[2026-05-18 21:50:26.929] Husby was here, and we are ready to go
[2026-05-18 21:50:26.950] AUTO-DISENGAGE: gear left Park (now N)
[2026-05-18 21:50:26.951] Husby was here, and we are ready to go
[2026-05-18 21:50:26.962] AUTO-DISENGAGE: gear left Park (now N)
[2026-05-18 21:50:26.963] Husby was here, and we are ready to go
[2026-05-18 21:50:26.968] AUTO-DISENGAGE: gear left Park (now N)
[2026-05-18 21:50:26.968] Husby was here, and we are ready to go
[2026-05-18 21:50:26.989] AUTO-DISENGAGE: gear left Park (now N)
[2026-05-18 21:50:26.990] Husby was here, and we are ready to go
[2026-05-18 21:50:27.009] AUTO-DISENGAGE: gear left Park (now N)
[2026-05-18 21:50:27.009] Husby was here, and we are ready to go
[2026-05-18 21:50:27.028] AUTO-DISENGAGE: gear left Park (now N)
[2026-05-18 21:50:27.029] Husby was here, and we are ready to go
[2026-05-18 21:50:27.048] AUTO-DISENGAGE: gear left Park (now N)
[2026-05-18 21:50:27.048] Husby was here, and we are ready to go
[2026-05-18 21:50:27.062] AUTO-DISENGAGE: gear left Park (now N)
[2026-05-18 21:50:27.062] Husby was here, and we are ready to go
[2026-05-18 21:50:27.068] AUTO-DISENGAGE: gear left Park (now N)
[2026-05-18 21:50:27.068] Husby was here, and we are ready to go
[2026-05-18 21:50:27.088] AUTO-DISENGAGE: gear left Park (now N)
[2026-05-18 21:50:27.088] Husby was here, and we are ready to go
[2026-05-18 21:50:27.108] AUTO-DISENGAGE: gear left Park (now N)
[2026-05-18 21:50:27.108] Husby was here, and we are ready to go
[2026-05-18 21:50:27.131] AUTO-DISENGAGE: gear left Park (now N)
[2026-05-18 21:50:27.131] Husby was here, and we are ready to go
[2026-05-18 21:50:27.151] AUTO-DISENGAGE: gear left Park (now N)
[2026-05-18 21:50:27.151] Husby was here, and we are ready to go
[2026-05-18 21:50:27.164] AUTO-DISENGAGE: gear left Park (now N)
[2026-05-18 21:50:27.164] Husby was here, and we are ready to go
[2026-05-18 21:50:27.168] AUTO-DISENGAGE: gear left Park (now N)
[2026-05-18 21:50:27.169] Husby was here, and we are ready to go
[2026-05-18 21:50:27.190] AUTO-DISENGAGE: gear left Park (now N)
[2026-05-18 21:50:27.190] Husby was here, and we are ready to go
[2026-05-18 21:50:27.209] AUTO-DISENGAGE: gear left Park (now N)
[2026-05-18 21:50:27.209] Husby was here, and we are ready to go
[2026-05-18 21:50:27.229] AUTO-DISENGAGE: gear left Park (now N)
[2026-05-18 21:50:27.229] Husby was here, and we are ready to go
[2026-05-18 21:50:27.250] AUTO-DISENGAGE: gear left Park (now N)
[2026-05-18 21:50:27.250] Husby was here, and we are ready to go
[2026-05-18 21:50:27.262] AUTO-DISENGAGE: gear left Park (now N)
[2026-05-18 21:50:27.262] Husby was here, and we are ready to go
[2026-05-18 21:50:27.268] AUTO-DISENGAGE: gear left Park (now N)
[2026-05-18 21:50:27.268] Husby was here, and we are ready to go
[2026-05-18 21:50:27.289] AUTO-DISENGAGE: gear left Park (now N)
[2026-05-18 21:50:27.289] Husby was here, and we are ready to go
[2026-05-18 21:50:27.309] AUTO-DISENGAGE: gear left Park (now N)
[2026-05-18 21:50:27.309] Husby was here, and we are ready to go
[2026-05-18 21:50:27.330] AUTO-DISENGAGE: gear left Park (now N)
[2026-05-18 21:50:27.330] Husby was here, and we are ready to go
[2026-05-18 21:50:27.350] AUTO-DISENGAGE: gear left Park (now N)
[2026-05-18 21:50:27.351] Husby was here, and we are ready to go
[2026-05-18 21:50:27.364] AUTO-DISENGAGE: gear left Park (now N)
[2026-05-18 21:50:27.364] Husby was here, and we are ready to go
[2026-05-18 21:50:27.370] AUTO-DISENGAGE: gear left Park (now N)
[2026-05-18 21:50:27.370] Husby was here, and we are ready to go
[2026-05-18 21:50:27.390] AUTO-DISENGAGE: gear left Park (now N)
[2026-05-18 21:50:27.391] Husby was here, and we are ready to go
[2026-05-18 21:50:27.411] AUTO-DISENGAGE: gear left Park (now N)
[2026-05-18 21:50:27.411] Husby was here, and we are ready to go
[2026-05-18 21:50:27.431] AUTO-DISENGAGE: gear left Park (now N)
[2026-05-18 21:50:27.431] Husby was here, and we are ready to go
[2026-05-18 21:50:27.449] AUTO-DISENGAGE: gear left Park (now N)
[2026-05-18 21:50:27.449] Husby was here, and we are ready to go
[2026-05-18 21:50:27.462] AUTO-DISENGAGE: gear left Park (now N)
[2026-05-18 21:50:27.463] Husby was here, and we are ready to go
[2026-05-18 21:50:27.469] AUTO-DISENGAGE: gear left Park (now N)
[2026-05-18 21:50:27.469] Husby was here, and we are ready to go
[2026-05-18 21:50:27.489] AUTO-DISENGAGE: gear left Park (now N)
[2026-05-18 21:50:27.489] Husby was here, and we are ready to go
[2026-05-18 21:50:27.509] AUTO-DISENGAGE: gear left Park (now N)
[2026-05-18 21:50:27.509] Husby was here, and we are ready to go
[2026-05-18 21:50:27.529] AUTO-DISENGAGE: gear left Park (now N)
[2026-05-18 21:50:27.529] Husby was here, and we are ready to go
[2026-05-18 21:50:27.550] AUTO-DISENGAGE: gear left Park (now N)
[2026-05-18 21:50:27.550] Husby was here, and we are ready to go
[2026-05-18 21:50:27.562] AUTO-DISENGAGE: gear left Park (now N)
[2026-05-18 21:50:27.562] Husby was here, and we are ready to go
[2026-05-18 21:50:27.568] AUTO-DISENGAGE: gear left Park (now N)
[2026-05-18 21:50:27.568] Husby was here, and we are ready to go
[2026-05-18 21:50:27.589] AUTO-DISENGAGE: gear left Park (now N)
[2026-05-18 21:50:27.589] Husby was here, and we are ready to go
[2026-05-18 21:50:27.611] AUTO-DISENGAGE: gear left Park (now N)
[2026-05-18 21:50:27.611] Husby was here, and we are ready to go
[2026-05-18 21:50:27.632] AUTO-DISENGAGE: gear left Park (now N)
[2026-05-18 21:50:27.632] Husby was here, and we are ready to go
[2026-05-18 21:50:27.650] AUTO-DISENGAGE: gear left Park (now N)
[2026-05-18 21:50:27.651] Husby was here, and we are ready to go
[2026-05-18 21:50:27.664] AUTO-DISENGAGE: gear left Park (now N)
[2026-05-18 21:50:27.664] Husby was here, and we are ready to go
[2026-05-18 21:50:27.670] AUTO-DISENGAGE: gear left Park (now N)
[2026-05-18 21:50:27.670] Husby was here, and we are ready to go
[2026-05-18 21:50:27.691] AUTO-DISENGAGE: gear left Park (now N)
[2026-05-18 21:50:27.691] Husby was here, and we are ready to go
[2026-05-18 21:50:27.710] AUTO-DISENGAGE: gear left Park (now N)
[2026-05-18 21:50:27.711] Husby was here, and we are ready to go
[2026-05-18 21:50:27.730] AUTO-DISENGAGE: gear left Park (now N)
[2026-05-18 21:50:27.731] Husby was here, and we are ready to go
[2026-05-18 21:50:27.750] AUTO-DISENGAGE: gear left Park (now N)
[2026-05-18 21:50:27.750] Husby was here, and we are ready to go
[2026-05-18 21:50:27.763] AUTO-DISENGAGE: gear left Park (now N)
[2026-05-18 21:50:27.764] Husby was here, and we are ready to go
[2026-05-18 21:50:27.769] AUTO-DISENGAGE: gear left Park (now N)
[2026-05-18 21:50:27.770] Husby was here, and we are ready to go
[2026-05-18 21:50:27.791] AUTO-DISENGAGE: gear left Park (now N)
[2026-05-18 21:50:27.791] Husby was here, and we are ready to go
[2026-05-18 21:50:27.810] AUTO-DISENGAGE: gear left Park (now N)
[2026-05-18 21:50:27.811] Husby was here, and we are ready to go
[2026-05-18 21:50:27.830] AUTO-DISENGAGE: gear left Park (now N)
[2026-05-18 21:50:27.830] Husby was here, and we are ready to go
[2026-05-18 21:50:27.850] AUTO-DISENGAGE: gear left Park (now N)
[2026-05-18 21:50:27.850] Husby was here, and we are ready to go
[2026-05-18 21:50:27.863] AUTO-DISENGAGE: gear left Park (now N)
[2026-05-18 21:50:27.863] Husby was here, and we are ready to go
[2026-05-18 21:50:27.869] AUTO-DISENGAGE: gear left Park (now N)
[2026-05-18 21:50:27.869] Husby was here, and we are ready to go
[2026-05-18 21:50:27.889] AUTO-DISENGAGE: gear left Park (now N)
[2026-05-18 21:50:27.889] Husby was here, and we are ready to go
[2026-05-18 21:50:27.909] AUTO-DISENGAGE: gear left Park (now N)
[2026-05-18 21:50:27.910] Husby was here, and we are ready to go
[2026-05-18 21:50:27.930] AUTO-DISENGAGE: gear left Park (now N)
[2026-05-18 21:50:27.930] Husby was here, and we are ready to go
[2026-05-18 21:50:27.951] AUTO-DISENGAGE: gear left Park (now N)
[2026-05-18 21:50:27.951] Husby was here, and we are ready to go
[2026-05-18 21:50:27.966] AUTO-DISENGAGE: gear left Park (now N)
[2026-05-18 21:50:27.967] Husby was here, and we are ready to go
[2026-05-18 21:50:27.968] AUTO-DISENGAGE: gear left Park (now N)
[2026-05-18 21:50:27.968] Husby was here, and we are ready to go
[2026-05-18 21:50:27.990] AUTO-DISENGAGE: gear left Park (now N)
[2026-05-18 21:50:27.991] Husby was here, and we are ready to go
[2026-05-18 21:50:28.010] AUTO-DISENGAGE: gear left Park (now N)
[2026-05-18 21:50:28.011] Husby was here, and we are ready to go
[2026-05-18 21:50:28.031] AUTO-DISENGAGE: gear left Park (now N)
[2026-05-18 21:50:28.031] Husby was here, and we are ready to go
[2026-05-18 21:50:28.050] AUTO-DISENGAGE: gear left Park (now N)
[2026-05-18 21:50:28.050] Husby was here, and we are ready to go
[2026-05-18 21:50:28.063] AUTO-DISENGAGE: gear left Park (now N)
[2026-05-18 21:50:28.063] Husby was here, and we are ready to go
[2026-05-18 21:50:28.070] AUTO-DISENGAGE: gear left Park (now N)
[2026-05-18 21:50:28.071] Husby was here, and we are ready to go
[2026-05-18 21:50:28.090] AUTO-DISENGAGE: gear left Park (now N)
[2026-05-18 21:50:28.090] Husby was here, and we are ready to go
[2026-05-18 21:50:28.109] AUTO-DISENGAGE: gear left Park (now N)
[2026-05-18 21:50:28.110] Husby was here, and we are ready to go
[2026-05-18 21:50:28.129] AUTO-DISENGAGE: gear left Park (now N)
[2026-05-18 21:50:28.130] Husby was here, and we are ready to go
[2026-05-18 21:50:28.149] AUTO-DISENGAGE: gear left Park (now N)
[2026-05-18 21:50:28.150] Husby was here, and we are ready to go
[2026-05-18 21:50:28.162] AUTO-DISENGAGE: gear left Park (now N)
[2026-05-18 21:50:28.162] Husby was here, and we are ready to go
[2026-05-18 21:50:28.168] AUTO-DISENGAGE: gear left Park (now N)
[2026-05-18 21:50:28.169] Husby was here, and we are ready to go
[2026-05-18 21:50:28.188] AUTO-DISENGAGE: gear left Park (now N)
[2026-05-18 21:50:28.189] Husby was here, and we are ready to go
[2026-05-18 21:50:28.208] AUTO-DISENGAGE: gear left Park (now N)
[2026-05-18 21:50:28.209] Husby was here, and we are ready to go
[2026-05-18 21:50:28.230] AUTO-DISENGAGE: gear left Park (now N)
[2026-05-18 21:50:28.231] Husby was here, and we are ready to go
[2026-05-18 21:50:28.250] AUTO-DISENGAGE: gear left Park (now N)
[2026-05-18 21:50:28.251] Husby was here, and we are ready to go
[2026-05-18 21:50:28.263] AUTO-DISENGAGE: gear left Park (now N)
[2026-05-18 21:50:28.264] Husby was here, and we are ready to go
[2026-05-18 21:50:28.269] AUTO-DISENGAGE: gear left Park (now N)
[2026-05-18 21:50:28.269] Husby was here, and we are ready to go
[2026-05-18 21:50:28.290] AUTO-DISENGAGE: gear left Park (now N)
[2026-05-18 21:50:28.290] Husby was here, and we are ready to go
[2026-05-18 21:50:28.310] AUTO-DISENGAGE: gear left Park (now N)
[2026-05-18 21:50:28.311] Husby was here, and we are ready to go
[2026-05-18 21:50:28.329] AUTO-DISENGAGE: gear left Park (now N)
[2026-05-18 21:50:28.330] Husby was here, and we are ready to go
[2026-05-18 21:50:28.350] AUTO-DISENGAGE: gear left Park (now N)
[2026-05-18 21:50:28.350] Husby was here, and we are ready to go
[2026-05-18 21:50:28.364] AUTO-DISENGAGE: gear left Park (now N)
[2026-05-18 21:50:28.364] Husby was here, and we are ready to go
[2026-05-18 21:50:28.370] AUTO-DISENGAGE: gear left Park (now N)
[2026-05-18 21:50:28.370] Husby was here, and we are ready to go
[2026-05-18 21:50:28.389] AUTO-DISENGAGE: gear left Park (now N)
[2026-05-18 21:50:28.389] Husby was here, and we are ready to go
[2026-05-18 21:50:28.409] AUTO-DISENGAGE: gear left Park (now N)
[2026-05-18 21:50:28.409] Husby was here, and we are ready to go
[2026-05-18 21:50:28.428] AUTO-DISENGAGE: gear left Park (now N)
[2026-05-18 21:50:28.429] Husby was here, and we are ready to go
[2026-05-18 21:50:28.448] AUTO-DISENGAGE: gear left Park (now N)
[2026-05-18 21:50:28.449] Husby was here, and we are ready to go
[2026-05-18 21:50:28.462] AUTO-DISENGAGE: gear left Park (now N)
[2026-05-18 21:50:28.462] Husby was here, and we are ready to go
[2026-05-18 21:50:28.468] AUTO-DISENGAGE: gear left Park (now N)
[2026-05-18 21:50:28.468] Husby was here, and we are ready to go
[2026-05-18 21:50:28.488] AUTO-DISENGAGE: gear left Park (now N)
[2026-05-18 21:50:28.489] Husby was here, and we are ready to go
[2026-05-18 21:50:28.509] AUTO-DISENGAGE: gear left Park (now N)
[2026-05-18 21:50:28.509] Husby was here, and we are ready to go
[2026-05-18 21:50:28.530] AUTO-DISENGAGE: gear left Park (now N)
[2026-05-18 21:50:28.531] Husby was here, and we are ready to go
[2026-05-18 21:50:28.550] AUTO-DISENGAGE: gear left Park (now N)
[2026-05-18 21:50:28.550] Husby was here, and we are ready to go
[2026-05-18 21:50:28.565] AUTO-DISENGAGE: gear left Park (now N)
[2026-05-18 21:50:28.565] Husby was here, and we are ready to go
[2026-05-18 21:50:28.568] AUTO-DISENGAGE: gear left Park (now N)
[2026-05-18 21:50:28.569] Husby was here, and we are ready to go
[2026-05-18 21:50:28.590] AUTO-DISENGAGE: gear left Park (now N)
[2026-05-18 21:50:28.591] Husby was here, and we are ready to go
[2026-05-18 21:50:28.610] AUTO-DISENGAGE: gear left Park (now N)
[2026-05-18 21:50:28.611] Husby was here, and we are ready to go
[2026-05-18 21:50:28.630] AUTO-DISENGAGE: gear left Park (now N)
[2026-05-18 21:50:28.631] Husby was here, and we are ready to go
[2026-05-18 21:50:28.651] AUTO-DISENGAGE: gear left Park (now N)
[2026-05-18 21:50:28.651] Husby was here, and we are ready to go
[2026-05-18 21:50:28.664] AUTO-DISENGAGE: gear left Park (now N)
[2026-05-18 21:50:28.665] Husby was here, and we are ready to go
[2026-05-18 21:50:28.670] AUTO-DISENGAGE: gear left Park (now N)
[2026-05-18 21:50:28.670] Husby was here, and we are ready to go
[2026-05-18 21:50:28.690] AUTO-DISENGAGE: gear left Park (now N)
[2026-05-18 21:50:28.690] Husby was here, and we are ready to go
[2026-05-18 21:50:28.710] AUTO-DISENGAGE: gear left Park (now N)
[2026-05-18 21:50:28.710] Husby was here, and we are ready to go
[2026-05-18 21:50:28.730] AUTO-DISENGAGE: gear left Park (now N)
[2026-05-18 21:50:28.730] Husby was here, and we are ready to go
[2026-05-18 21:50:28.749] AUTO-DISENGAGE: gear left Park (now N)
[2026-05-18 21:50:28.750] Husby was here, and we are ready to go
[2026-05-18 21:50:28.763] AUTO-DISENGAGE: gear left Park (now N)
[2026-05-18 21:50:28.763] Husby was here, and we are ready to go
[2026-05-18 21:50:28.769] AUTO-DISENGAGE: gear left Park (now N)
[2026-05-18 21:50:28.769] Husby was here, and we are ready to go
[2026-05-18 21:50:28.789] AUTO-DISENGAGE: gear left Park (now N)
[2026-05-18 21:50:28.789] Husby was here, and we are ready to go
[2026-05-18 21:50:28.809] AUTO-DISENGAGE: gear left Park (now N)
[2026-05-18 21:50:28.809] Husby was here, and we are ready to go
[2026-05-18 21:50:28.830] AUTO-DISENGAGE: gear left Park (now N)
[2026-05-18 21:50:28.830] Husby was here, and we are ready to go
[2026-05-18 21:50:28.851] AUTO-DISENGAGE: gear left Park (now N)
[2026-05-18 21:50:28.851] Husby was here, and we are ready to go
[2026-05-18 21:50:28.862] AUTO-DISENGAGE: gear left Park (now N)
[2026-05-18 21:50:28.862] Husby was here, and we are ready to go
[2026-05-18 21:50:28.869] AUTO-DISENGAGE: gear left Park (now N)
[2026-05-18 21:50:28.869] Husby was here, and we are ready to go
[2026-05-18 21:50:28.889] AUTO-DISENGAGE: gear left Park (now N)
[2026-05-18 21:50:28.889] Husby was here, and we are ready to go
[2026-05-18 21:50:28.909] AUTO-DISENGAGE: gear left Park (now N)
[2026-05-18 21:50:28.909] Husby was here, and we are ready to go
[2026-05-18 21:50:28.931] AUTO-DISENGAGE: gear left Park (now N)
[2026-05-18 21:50:28.931] Husby was here, and we are ready to go
[2026-05-18 21:50:28.951] AUTO-DISENGAGE: gear left Park (now N)
[2026-05-18 21:50:28.951] Husby was here, and we are ready to go
[2026-05-18 21:50:28.965] AUTO-DISENGAGE: gear left Park (now N)
[2026-05-18 21:50:28.965] Husby was here, and we are ready to go
[2026-05-18 21:50:28.968] AUTO-DISENGAGE: gear left Park (now N)
[2026-05-18 21:50:28.969] Husby was here, and we are ready to go
[2026-05-18 21:50:28.990] AUTO-DISENGAGE: gear left Park (now N)
[2026-05-18 21:50:28.990] Husby was here, and we are ready to go
[2026-05-18 21:50:29.009] AUTO-DISENGAGE: gear left Park (now N)
[2026-05-18 21:50:29.009] Husby was here, and we are ready to go
[2026-05-18 21:50:29.029] AUTO-DISENGAGE: gear left Park (now N)
[2026-05-18 21:50:29.030] Husby was here, and we are ready to go
[2026-05-18 21:50:29.050] AUTO-DISENGAGE: gear left Park (now N)
[2026-05-18 21:50:29.050] Husby was here, and we are ready to go
[2026-05-18 21:50:29.062] AUTO-DISENGAGE: gear left Park (now N)
[2026-05-18 21:50:29.062] Husby was here, and we are ready to go
[2026-05-18 21:50:29.068] AUTO-DISENGAGE: gear left Park (now N)
[2026-05-18 21:50:29.069] Husby was here, and we are ready to go
[2026-05-18 21:50:29.089] AUTO-DISENGAGE: gear left Park (now N)
[2026-05-18 21:50:29.090] Husby was here, and we are ready to go
[2026-05-18 21:50:29.110] AUTO-DISENGAGE: gear left Park (now N)
[2026-05-18 21:50:29.110] Husby was here, and we are ready to go
[2026-05-18 21:50:29.130] AUTO-DISENGAGE: gear left Park (now N)
[2026-05-18 21:50:29.130] Husby was here, and we are ready to go
[2026-05-18 21:50:29.150] AUTO-DISENGAGE: gear left Park (now N)
[2026-05-18 21:50:29.150] Husby was here, and we are ready to go
[2026-05-18 21:50:29.163] AUTO-DISENGAGE: gear left Park (now N)
[2026-05-18 21:50:29.163] Husby was here, and we are ready to go
[2026-05-18 21:50:29.169] AUTO-DISENGAGE: gear left Park (now N)
[2026-05-18 21:50:29.169] Husby was here, and we are ready to go
[2026-05-18 21:50:29.189] AUTO-DISENGAGE: gear left Park (now N)
[2026-05-18 21:50:29.189] Husby was here, and we are ready to go
[2026-05-18 21:50:29.209] AUTO-DISENGAGE: gear left Park (now N)
[2026-05-18 21:50:29.209] Husby was here, and we are ready to go
[2026-05-18 21:50:29.229] AUTO-DISENGAGE: gear left Park (now N)
[2026-05-18 21:50:29.229] Husby was here, and we are ready to go
[2026-05-18 21:50:29.250] AUTO-DISENGAGE: gear left Park (now N)
[2026-05-18 21:50:29.250] Husby was here, and we are ready to go
[2026-05-18 21:50:29.262] AUTO-DISENGAGE: gear left Park (now N)
[2026-05-18 21:50:29.262] Husby was here, and we are ready to go
[2026-05-18 21:50:29.269] AUTO-DISENGAGE: gear left Park (now N)
[2026-05-18 21:50:29.269] Husby was here, and we are ready to go
[2026-05-18 21:50:29.290] AUTO-DISENGAGE: gear left Park (now N)
[2026-05-18 21:50:29.290] Husby was here, and we are ready to go
[2026-05-18 21:50:29.310] AUTO-DISENGAGE: gear left Park (now N)
[2026-05-18 21:50:29.310] Husby was here, and we are ready to go
[2026-05-18 21:50:29.330] AUTO-DISENGAGE: gear left Park (now N)
[2026-05-18 21:50:29.330] Husby was here, and we are ready to go
[2026-05-18 21:50:29.350] AUTO-DISENGAGE: gear left Park (now N)
[2026-05-18 21:50:29.350] Husby was here, and we are ready to go
[2026-05-18 21:50:29.363] AUTO-DISENGAGE: gear left Park (now N)
[2026-05-18 21:50:29.363] Husby was here, and we are ready to go
[2026-05-18 21:50:29.370] AUTO-DISENGAGE: gear left Park (now N)
[2026-05-18 21:50:29.370] Husby was here, and we are ready to go
[2026-05-18 21:50:29.389] AUTO-DISENGAGE: gear left Park (now N)
[2026-05-18 21:50:29.390] Husby was here, and we are ready to go
[2026-05-18 21:50:29.411] AUTO-DISENGAGE: gear left Park (now N)
[2026-05-18 21:50:29.411] Husby was here, and we are ready to go
[2026-05-18 21:50:29.429] AUTO-DISENGAGE: gear left Park (now N)
[2026-05-18 21:50:29.429] Husby was here, and we are ready to go
[2026-05-18 21:50:29.448] AUTO-DISENGAGE: gear left Park (now N)
[2026-05-18 21:50:29.449] Husby was here, and we are ready to go
[2026-05-18 21:50:29.462] AUTO-DISENGAGE: gear left Park (now N)
[2026-05-18 21:50:29.462] Husby was here, and we are ready to go
[2026-05-18 21:50:29.468] AUTO-DISENGAGE: gear left Park (now N)
[2026-05-18 21:50:29.468] Husby was here, and we are ready to go
[2026-05-18 21:50:29.490] AUTO-DISENGAGE: gear left Park (now N)
[2026-05-18 21:50:29.490] Husby was here, and we are ready to go
[2026-05-18 21:50:29.511] AUTO-DISENGAGE: gear left Park (now N)
[2026-05-18 21:50:29.511] Husby was here, and we are ready to go
[2026-05-18 21:50:29.532] AUTO-DISENGAGE: gear left Park (now N)
[2026-05-18 21:50:29.532] Husby was here, and we are ready to go
[2026-05-18 21:50:29.551] AUTO-DISENGAGE: gear left Park (now N)
[2026-05-18 21:50:29.551] Husby was here, and we are ready to go
[2026-05-18 21:50:29.564] AUTO-DISENGAGE: gear left Park (now N)
[2026-05-18 21:50:29.565] Husby was here, and we are ready to go
[2026-05-18 21:50:29.570] AUTO-DISENGAGE: gear left Park (now N)
[2026-05-18 21:50:29.570] Husby was here, and we are ready to go
[2026-05-18 21:50:29.590] AUTO-DISENGAGE: gear left Park (now N)
[2026-05-18 21:50:29.590] Husby was here, and we are ready to go
[2026-05-18 21:50:29.611] AUTO-DISENGAGE: gear left Park (now N)
[2026-05-18 21:50:29.611] Husby was here, and we are ready to go
[2026-05-18 21:50:29.631] AUTO-DISENGAGE: gear left Park (now N)
[2026-05-18 21:50:29.631] Husby was here, and we are ready to go
[2026-05-18 21:50:29.650] AUTO-DISENGAGE: gear left Park (now N)
[2026-05-18 21:50:29.651] Husby was here, and we are ready to go
[2026-05-18 21:50:29.662] AUTO-DISENGAGE: gear left Park (now N)
[2026-05-18 21:50:29.662] Husby was here, and we are ready to go
[2026-05-18 21:50:29.669] AUTO-DISENGAGE: gear left Park (now N)
[2026-05-18 21:50:29.669] Husby was here, and we are ready to go
[2026-05-18 21:50:29.689] AUTO-DISENGAGE: gear left Park (now N)
[2026-05-18 21:50:29.689] Husby was here, and we are ready to go
[2026-05-18 21:50:29.710] AUTO-DISENGAGE: gear left Park (now N)
[2026-05-18 21:50:29.710] Husby was here, and we are ready to go
[2026-05-18 21:50:29.729] AUTO-DISENGAGE: gear left Park (now N)
[2026-05-18 21:50:29.729] Husby was here, and we are ready to go
[2026-05-18 21:50:29.748] AUTO-DISENGAGE: gear left Park (now N)
[2026-05-18 21:50:29.749] Husby was here, and we are ready to go
[2026-05-18 21:50:29.762] AUTO-DISENGAGE: gear left Park (now N)
[2026-05-18 21:50:29.762] Husby was here, and we are ready to go
[2026-05-18 21:50:29.768] AUTO-DISENGAGE: gear left Park (now N)
[2026-05-18 21:50:29.768] Husby was here, and we are ready to go
[2026-05-18 21:50:29.790] AUTO-DISENGAGE: gear left Park (now N)
[2026-05-18 21:50:29.790] Husby was here, and we are ready to go
[2026-05-18 21:50:29.812] AUTO-DISENGAGE: gear left Park (now N)
[2026-05-18 21:50:29.812] Husby was here, and we are ready to go
[2026-05-18 21:50:29.830] AUTO-DISENGAGE: gear left Park (now N)
[2026-05-18 21:50:29.831] Husby was here, and we are ready to go
[2026-05-18 21:50:29.849] AUTO-DISENGAGE: gear left Park (now N)
[2026-05-18 21:50:29.849] Husby was here, and we are ready to go
[2026-05-18 21:50:29.863] AUTO-DISENGAGE: gear left Park (now N)
[2026-05-18 21:50:29.863] Husby was here, and we are ready to go
[2026-05-18 21:50:29.869] AUTO-DISENGAGE: gear left Park (now N)
[2026-05-18 21:50:29.869] Husby was here, and we are ready to go
[2026-05-18 21:50:29.889] AUTO-DISENGAGE: gear left Park (now N)
[2026-05-18 21:50:29.889] Husby was here, and we are ready to go
[2026-05-18 21:50:29.910] AUTO-DISENGAGE: gear left Park (now N)
[2026-05-18 21:50:29.910] Husby was here, and we are ready to go
[2026-05-18 21:50:29.930] AUTO-DISENGAGE: gear left Park (now N)
[2026-05-18 21:50:29.930] Husby was here, and we are ready to go
[2026-05-18 21:50:29.949] AUTO-DISENGAGE: gear left Park (now N)
[2026-05-18 21:50:29.949] Husby was here, and we are ready to go
[2026-05-18 21:50:29.963] AUTO-DISENGAGE: gear left Park (now N)
[2026-05-18 21:50:29.963] Husby was here, and we are ready to go
[2026-05-18 21:50:29.969] AUTO-DISENGAGE: gear left Park (now N)
[2026-05-18 21:50:29.969] Husby was here, and we are ready to go
[2026-05-18 21:50:29.989] AUTO-DISENGAGE: gear left Park (now N)
[2026-05-18 21:50:29.989] Husby was here, and we are ready to go
[2026-05-18 21:50:30.010] AUTO-DISENGAGE: gear left Park (now N)
[2026-05-18 21:50:30.010] Husby was here, and we are ready to go
[2026-05-18 21:50:30.029] AUTO-DISENGAGE: gear left Park (now N)
[2026-05-18 21:50:30.029] Husby was here, and we are ready to go
[2026-05-18 21:50:30.050] AUTO-DISENGAGE: gear left Park (now N)
[2026-05-18 21:50:30.050] Husby was here, and we are ready to go
[2026-05-18 21:50:30.062] AUTO-DISENGAGE: gear left Park (now N)
[2026-05-18 21:50:30.062] Husby was here, and we are ready to go
[2026-05-18 21:50:30.069] AUTO-DISENGAGE: gear left Park (now N)
[2026-05-18 21:50:30.070] Husby was here, and we are ready to go
[2026-05-18 21:50:30.090] AUTO-DISENGAGE: gear left Park (now N)
[2026-05-18 21:50:30.091] Husby was here, and we are ready to go
[2026-05-18 21:50:30.111] AUTO-DISENGAGE: gear left Park (now N)
[2026-05-18 21:50:30.111] Husby was here, and we are ready to go
[2026-05-18 21:50:30.132] AUTO-DISENGAGE: gear left Park (now N)
[2026-05-18 21:50:30.132] Husby was here, and we are ready to go
[2026-05-18 21:50:30.149] AUTO-DISENGAGE: gear left Park (now N)
[2026-05-18 21:50:30.150] Husby was here, and we are ready to go
[2026-05-18 21:50:30.162] AUTO-DISENGAGE: gear left Park (now N)
[2026-05-18 21:50:30.162] Husby was here, and we are ready to go
[2026-05-18 21:50:30.170] AUTO-DISENGAGE: gear left Park (now N)
[2026-05-18 21:50:30.170] Husby was here, and we are ready to go
[2026-05-18 21:50:30.189] AUTO-DISENGAGE: gear left Park (now N)
[2026-05-18 21:50:30.189] Husby was here, and we are ready to go
[2026-05-18 21:50:30.211] AUTO-DISENGAGE: gear left Park (now N)
[2026-05-18 21:50:30.211] Husby was here, and we are ready to go
[2026-05-18 21:50:30.231] AUTO-DISENGAGE: gear left Park (now N)
[2026-05-18 21:50:30.231] Husby was here, and we are ready to go
[2026-05-18 21:50:30.252] AUTO-DISENGAGE: gear left Park (now N)
[2026-05-18 21:50:30.252] Husby was here, and we are ready to go
[2026-05-18 21:50:30.262] AUTO-DISENGAGE: gear left Park (now N)
[2026-05-18 21:50:30.263] Husby was here, and we are ready to go
[2026-05-18 21:50:30.270] AUTO-DISENGAGE: gear left Park (now N)
[2026-05-18 21:50:30.270] Husby was here, and we are ready to go
[2026-05-18 21:50:30.290] AUTO-DISENGAGE: gear left Park (now N)
[2026-05-18 21:50:30.290] Husby was here, and we are ready to go
[2026-05-18 21:50:30.310] AUTO-DISENGAGE: gear left Park (now N)
[2026-05-18 21:50:30.310] Husby was here, and we are ready to go
[2026-05-18 21:50:30.330] AUTO-DISENGAGE: gear left Park (now N)
[2026-05-18 21:50:30.331] Husby was here, and we are ready to go
[2026-05-18 21:50:30.351] AUTO-DISENGAGE: gear left Park (now N)
[2026-05-18 21:50:30.352] Husby was here, and we are ready to go
[2026-05-18 21:50:30.364] AUTO-DISENGAGE: gear left Park (now N)
[2026-05-18 21:50:30.365] Husby was here, and we are ready to go
[2026-05-18 21:50:30.371] AUTO-DISENGAGE: gear left Park (now N)
[2026-05-18 21:50:30.371] Husby was here, and we are ready to go
[2026-05-18 21:50:30.390] AUTO-DISENGAGE: gear left Park (now N)
[2026-05-18 21:50:30.390] Husby was here, and we are ready to go
[2026-05-18 21:50:30.411] AUTO-DISENGAGE: gear left Park (now N)
[2026-05-18 21:50:30.411] Husby was here, and we are ready to go
[2026-05-18 21:50:30.431] AUTO-DISENGAGE: gear left Park (now N)
[2026-05-18 21:50:30.431] Husby was here, and we are ready to go
[2026-05-18 21:50:30.450] AUTO-DISENGAGE: gear left Park (now N)
[2026-05-18 21:50:30.451] Husby was here, and we are ready to go
[2026-05-18 21:50:30.462] AUTO-DISENGAGE: gear left Park (now N)
[2026-05-18 21:50:30.463] Husby was here, and we are ready to go
[2026-05-18 21:50:30.469] AUTO-DISENGAGE: gear left Park (now N)
[2026-05-18 21:50:30.469] Husby was here, and we are ready to go
[2026-05-18 21:50:30.489] AUTO-DISENGAGE: gear left Park (now N)
[2026-05-18 21:50:30.489] Husby was here, and we are ready to go
[2026-05-18 21:50:30.509] AUTO-DISENGAGE: gear left Park (now N)
[2026-05-18 21:50:30.509] Husby was here, and we are ready to go
[2026-05-18 21:50:30.529] AUTO-DISENGAGE: gear left Park (now N)
[2026-05-18 21:50:30.529] Husby was here, and we are ready to go
[2026-05-18 21:50:30.549] AUTO-DISENGAGE: gear left Park (now N)
[2026-05-18 21:50:30.549] Husby was here, and we are ready to go
[2026-05-18 21:50:30.562] AUTO-DISENGAGE: gear left Park (now N)
[2026-05-18 21:50:30.562] Husby was here, and we are ready to go
[2026-05-18 21:50:30.568] AUTO-DISENGAGE: gear left Park (now N)
[2026-05-18 21:50:30.568] Husby was here, and we are ready to go
[2026-05-18 21:50:30.589] AUTO-DISENGAGE: gear left Park (now N)
[2026-05-18 21:50:30.589] Husby was here, and we are ready to go
[2026-05-18 21:50:30.610] AUTO-DISENGAGE: gear left Park (now N)
[2026-05-18 21:50:30.610] Husby was here, and we are ready to go
[2026-05-18 21:50:30.629] AUTO-DISENGAGE: gear left Park (now N)
[2026-05-18 21:50:30.629] Husby was here, and we are ready to go
[2026-05-18 21:50:30.649] AUTO-DISENGAGE: gear left Park (now N)
[2026-05-18 21:50:30.649] Husby was here, and we are ready to go
[2026-05-18 21:50:30.662] AUTO-DISENGAGE: gear left Park (now N)
[2026-05-18 21:50:30.662] Husby was here, and we are ready to go
[2026-05-18 21:50:30.668] AUTO-DISENGAGE: gear left Park (now N)
[2026-05-18 21:50:30.668] Husby was here, and we are ready to go
[2026-05-18 21:50:30.690] AUTO-DISENGAGE: gear left Park (now N)
[2026-05-18 21:50:30.691] Husby was here, and we are ready to go
[2026-05-18 21:50:30.712] AUTO-DISENGAGE: gear left Park (now N)
[2026-05-18 21:50:30.712] Husby was here, and we are ready to go
[2026-05-18 21:50:30.730] AUTO-DISENGAGE: gear left Park (now N)
[2026-05-18 21:50:30.730] Husby was here, and we are ready to go
[2026-05-18 21:50:30.749] AUTO-DISENGAGE: gear left Park (now N)
[2026-05-18 21:50:30.749] Husby was here, and we are ready to go
[2026-05-18 21:50:30.762] AUTO-DISENGAGE: gear left Park (now N)
[2026-05-18 21:50:30.763] Husby was here, and we are ready to go
[2026-05-18 21:50:30.769] AUTO-DISENGAGE: gear left Park (now N)
[2026-05-18 21:50:30.769] Husby was here, and we are ready to go
[2026-05-18 21:50:30.789] AUTO-DISENGAGE: gear left Park (now N)
[2026-05-18 21:50:30.789] Husby was here, and we are ready to go
[2026-05-18 21:50:30.809] AUTO-DISENGAGE: gear left Park (now N)
[2026-05-18 21:50:30.809] Husby was here, and we are ready to go
[2026-05-18 21:50:30.829] AUTO-DISENGAGE: gear left Park (now N)
[2026-05-18 21:50:30.829] Husby was here, and we are ready to go
[2026-05-18 21:50:30.849] AUTO-DISENGAGE: gear left Park (now N)
[2026-05-18 21:50:30.849] Husby was here, and we are ready to go
[2026-05-18 21:50:30.864] AUTO-DISENGAGE: gear left Park (now N)
[2026-05-18 21:50:30.864] Husby was here, and we are ready to go
[2026-05-18 21:50:30.870] AUTO-DISENGAGE: gear left Park (now N)
[2026-05-18 21:50:30.870] Husby was here, and we are ready to go
[2026-05-18 21:50:30.891] AUTO-DISENGAGE: gear left Park (now N)
[2026-05-18 21:50:30.891] Husby was here, and we are ready to go
[2026-05-18 21:50:30.911] AUTO-DISENGAGE: gear left Park (now N)
[2026-05-18 21:50:30.911] Husby was here, and we are ready to go
[2026-05-18 21:50:30.929] AUTO-DISENGAGE: gear left Park (now N)
[2026-05-18 21:50:30.929] Husby was here, and we are ready to go
[2026-05-18 21:50:30.949] AUTO-DISENGAGE: gear left Park (now N)
[2026-05-18 21:50:30.950] Husby was here, and we are ready to go
[2026-05-18 21:50:30.963] AUTO-DISENGAGE: gear left Park (now N)
[2026-05-18 21:50:30.963] Husby was here, and we are ready to go
[2026-05-18 21:50:30.969] AUTO-DISENGAGE: gear left Park (now N)
[2026-05-18 21:50:30.969] Husby was here, and we are ready to go
[2026-05-18 21:50:30.990] AUTO-DISENGAGE: gear left Park (now N)
[2026-05-18 21:50:30.990] Husby was here, and we are ready to go
[2026-05-18 21:50:31.009] AUTO-DISENGAGE: gear left Park (now N)
[2026-05-18 21:50:31.010] Husby was here, and we are ready to go
[2026-05-18 21:50:31.029] AUTO-DISENGAGE: gear left Park (now N)
[2026-05-18 21:50:31.029] Husby was here, and we are ready to go
[2026-05-18 21:50:31.050] AUTO-DISENGAGE: gear left Park (now N)
[2026-05-18 21:50:31.050] Husby was here, and we are ready to go
[2026-05-18 21:50:31.062] AUTO-DISENGAGE: gear left Park (now N)
[2026-05-18 21:50:31.063] Husby was here, and we are ready to go
[2026-05-18 21:50:31.070] AUTO-DISENGAGE: gear left Park (now N)
[2026-05-18 21:50:31.070] Husby was here, and we are ready to go
[2026-05-18 21:50:31.089] AUTO-DISENGAGE: gear left Park (now N)
[2026-05-18 21:50:31.089] Husby was here, and we are ready to go
[2026-05-18 21:50:31.109] AUTO-DISENGAGE: gear left Park (now N)
[2026-05-18 21:50:31.110] Husby was here, and we are ready to go
[2026-05-18 21:50:31.130] AUTO-DISENGAGE: gear left Park (now N)
[2026-05-18 21:50:31.130] Husby was here, and we are ready to go
[2026-05-18 21:50:31.150] AUTO-DISENGAGE: gear left Park (now N)
[2026-05-18 21:50:31.150] Husby was here, and we are ready to go
[2026-05-18 21:50:31.163] AUTO-DISENGAGE: gear left Park (now N)
[2026-05-18 21:50:31.163] Husby was here, and we are ready to go
[2026-05-18 21:50:31.169] AUTO-DISENGAGE: gear left Park (now N)
[2026-05-18 21:50:31.170] Husby was here, and we are ready to go
[2026-05-18 21:50:31.189] AUTO-DISENGAGE: gear left Park (now N)
[2026-05-18 21:50:31.189] Husby was here, and we are ready to go
[2026-05-18 21:50:31.209] AUTO-DISENGAGE: gear left Park (now N)
[2026-05-18 21:50:31.209] Husby was here, and we are ready to go
[2026-05-18 21:50:31.231] AUTO-DISENGAGE: gear left Park (now N)
[2026-05-18 21:50:31.232] Husby was here, and we are ready to go
[2026-05-18 21:50:31.251] AUTO-DISENGAGE: gear left Park (now N)
[2026-05-18 21:50:31.251] Husby was here, and we are ready to go
[2026-05-18 21:50:31.263] AUTO-DISENGAGE: gear left Park (now N)
[2026-05-18 21:50:31.263] Husby was here, and we are ready to go
[2026-05-18 21:50:31.269] AUTO-DISENGAGE: gear left Park (now N)
[2026-05-18 21:50:31.269] Husby was here, and we are ready to go
[2026-05-18 21:50:31.292] AUTO-DISENGAGE: gear left Park (now N)
[2026-05-18 21:50:31.292] Husby was here, and we are ready to go
[2026-05-18 21:50:31.311] AUTO-DISENGAGE: gear left Park (now N)
[2026-05-18 21:50:31.311] Husby was here, and we are ready to go
[2026-05-18 21:50:31.330] AUTO-DISENGAGE: gear left Park (now N)
[2026-05-18 21:50:31.331] Husby was here, and we are ready to go
[2026-05-18 21:50:31.349] AUTO-DISENGAGE: gear left Park (now N)
[2026-05-18 21:50:31.349] Husby was here, and we are ready to go
[2026-05-18 21:50:31.363] AUTO-DISENGAGE: gear left Park (now N)
[2026-05-18 21:50:31.364] Husby was here, and we are ready to go
[2026-05-18 21:50:31.369] AUTO-DISENGAGE: gear left Park (now N)
[2026-05-18 21:50:31.370] Husby was here, and we are ready to go
[2026-05-18 21:50:31.389] AUTO-DISENGAGE: gear left Park (now N)
[2026-05-18 21:50:31.389] Husby was here, and we are ready to go
[2026-05-18 21:50:31.409] AUTO-DISENGAGE: gear left Park (now N)
[2026-05-18 21:50:31.409] Husby was here, and we are ready to go
[2026-05-18 21:50:31.429] AUTO-DISENGAGE: gear left Park (now N)
[2026-05-18 21:50:31.429] Husby was here, and we are ready to go
[2026-05-18 21:50:31.450] AUTO-DISENGAGE: gear left Park (now N)
[2026-05-18 21:50:31.450] Husby was here, and we are ready to go
[2026-05-18 21:50:31.462] AUTO-DISENGAGE: gear left Park (now N)
[2026-05-18 21:50:31.462] Husby was here, and we are ready to go
[2026-05-18 21:50:31.470] AUTO-DISENGAGE: gear left Park (now N)
[2026-05-18 21:50:31.470] Husby was here, and we are ready to go
[2026-05-18 21:50:31.489] AUTO-DISENGAGE: gear left Park (now N)
[2026-05-18 21:50:31.489] Husby was here, and we are ready to go
[2026-05-18 21:50:31.509] AUTO-DISENGAGE: gear left Park (now N)
[2026-05-18 21:50:31.509] Husby was here, and we are ready to go
[2026-05-18 21:50:31.531] AUTO-DISENGAGE: gear left Park (now N)
[2026-05-18 21:50:31.531] Husby was here, and we are ready to go
[2026-05-18 21:50:31.551] AUTO-DISENGAGE: gear left Park (now N)
[2026-05-18 21:50:31.552] Husby was here, and we are ready to go
[2026-05-18 21:50:31.564] AUTO-DISENGAGE: gear left Park (now N)
[2026-05-18 21:50:31.564] Husby was here, and we are ready to go
[2026-05-18 21:50:31.571] AUTO-DISENGAGE: gear left Park (now N)
[2026-05-18 21:50:31.571] Husby was here, and we are ready to go
[2026-05-18 21:50:31.590] AUTO-DISENGAGE: gear left Park (now N)
[2026-05-18 21:50:31.590] Husby was here, and we are ready to go
[2026-05-18 21:50:31.611] AUTO-DISENGAGE: gear left Park (now N)
[2026-05-18 21:50:31.611] Husby was here, and we are ready to go
[2026-05-18 21:50:31.631] AUTO-DISENGAGE: gear left Park (now N)
[2026-05-18 21:50:31.632] Husby was here, and we are ready to go
[2026-05-18 21:50:31.651] AUTO-DISENGAGE: gear left Park (now N)
[2026-05-18 21:50:31.651] Husby was here, and we are ready to go
[2026-05-18 21:50:31.664] AUTO-DISENGAGE: gear left Park (now N)
[2026-05-18 21:50:31.664] Husby was here, and we are ready to go
[2026-05-18 21:50:31.670] AUTO-DISENGAGE: gear left Park (now N)
[2026-05-18 21:50:31.670] Husby was here, and we are ready to go
[2026-05-18 21:50:31.690] AUTO-DISENGAGE: gear left Park (now N)
[2026-05-18 21:50:31.690] Husby was here, and we are ready to go
[2026-05-18 21:50:31.710] AUTO-DISENGAGE: gear left Park (now N)
[2026-05-18 21:50:31.710] Husby was here, and we are ready to go
[2026-05-18 21:50:31.729] AUTO-DISENGAGE: gear left Park (now N)
[2026-05-18 21:50:31.729] Husby was here, and we are ready to go
[2026-05-18 21:50:31.751] AUTO-DISENGAGE: gear left Park (now N)
[2026-05-18 21:50:31.751] Husby was here, and we are ready to go
[2026-05-18 21:50:31.763] AUTO-DISENGAGE: gear left Park (now N)
[2026-05-18 21:50:31.764] Husby was here, and we are ready to go
[2026-05-18 21:50:31.770] AUTO-DISENGAGE: gear left Park (now N)
[2026-05-18 21:50:31.770] Husby was here, and we are ready to go
[2026-05-18 21:50:31.791] AUTO-DISENGAGE: gear left Park (now N)
[2026-05-18 21:50:31.791] Husby was here, and we are ready to go
[2026-05-18 21:50:31.811] AUTO-DISENGAGE: gear left Park (now N)
[2026-05-18 21:50:31.811] Husby was here, and we are ready to go
[2026-05-18 21:50:31.829] AUTO-DISENGAGE: gear left Park (now N)
[2026-05-18 21:50:31.830] Husby was here, and we are ready to go
[2026-05-18 21:50:31.850] AUTO-DISENGAGE: gear left Park (now N)
[2026-05-18 21:50:31.850] Husby was here, and we are ready to go
[2026-05-18 21:50:31.863] AUTO-DISENGAGE: gear left Park (now N)
[2026-05-18 21:50:31.863] Husby was here, and we are ready to go
[2026-05-18 21:50:31.869] AUTO-DISENGAGE: gear left Park (now N)
[2026-05-18 21:50:31.869] Husby was here, and we are ready to go
[2026-05-18 21:50:31.890] AUTO-DISENGAGE: gear left Park (now N)
[2026-05-18 21:50:31.890] Husby was here, and we are ready to go
[2026-05-18 21:50:31.910] AUTO-DISENGAGE: gear left Park (now N)
[2026-05-18 21:50:31.910] Husby was here, and we are ready to go
[2026-05-18 21:50:31.930] AUTO-DISENGAGE: gear left Park (now N)
[2026-05-18 21:50:31.930] Husby was here, and we are ready to go
[2026-05-18 21:50:31.950] AUTO-DISENGAGE: gear left Park (now N)
[2026-05-18 21:50:31.950] Husby was here, and we are ready to go
[2026-05-18 21:50:31.962] AUTO-DISENGAGE: gear left Park (now N)
[2026-05-18 21:50:31.963] Husby was here, and we are ready to go
[2026-05-18 21:50:31.970] AUTO-DISENGAGE: gear left Park (now N)
[2026-05-18 21:50:31.970] Husby was here, and we are ready to go
[2026-05-18 21:50:31.989] AUTO-DISENGAGE: gear left Park (now N)
[2026-05-18 21:50:31.989] Husby was here, and we are ready to go
[2026-05-18 21:50:32.010] AUTO-DISENGAGE: gear left Park (now N)
[2026-05-18 21:50:32.010] Husby was here, and we are ready to go
[2026-05-18 21:50:32.029] AUTO-DISENGAGE: gear left Park (now N)
[2026-05-18 21:50:32.030] Husby was here, and we are ready to go
[2026-05-18 21:50:32.050] AUTO-DISENGAGE: gear left Park (now N)
[2026-05-18 21:50:32.050] Husby was here, and we are ready to go
[2026-05-18 21:50:32.062] AUTO-DISENGAGE: gear left Park (now N)
[2026-05-18 21:50:32.063] Husby was here, and we are ready to go
[2026-05-18 21:50:32.071] AUTO-DISENGAGE: gear left Park (now N)
[2026-05-18 21:50:32.071] Husby was here, and we are ready to go
[2026-05-18 21:50:32.090] AUTO-DISENGAGE: gear left Park (now N)
[2026-05-18 21:50:32.090] Husby was here, and we are ready to go
[2026-05-18 21:50:32.110] AUTO-DISENGAGE: gear left Park (now N)
[2026-05-18 21:50:32.110] Husby was here, and we are ready to go
[2026-05-18 21:50:32.130] AUTO-DISENGAGE: gear left Park (now N)
[2026-05-18 21:50:32.130] Husby was here, and we are ready to go
[2026-05-18 21:50:32.150] AUTO-DISENGAGE: gear left Park (now N)
[2026-05-18 21:50:32.150] Husby was here, and we are ready to go
[2026-05-18 21:50:32.163] AUTO-DISENGAGE: gear left Park (now N)
[2026-05-18 21:50:32.163] Husby was here, and we are ready to go
[2026-05-18 21:50:32.169] AUTO-DISENGAGE: gear left Park (now N)
[2026-05-18 21:50:32.169] Husby was here, and we are ready to go
[2026-05-18 21:50:32.189] AUTO-DISENGAGE: gear left Park (now N)
[2026-05-18 21:50:32.189] Husby was here, and we are ready to go
[2026-05-18 21:50:32.209] AUTO-DISENGAGE: gear left Park (now N)
[2026-05-18 21:50:32.209] Husby was here, and we are ready to go
[2026-05-18 21:50:32.229] AUTO-DISENGAGE: gear left Park (now N)
[2026-05-18 21:50:32.229] Husby was here, and we are ready to go
[2026-05-18 21:50:32.248] AUTO-DISENGAGE: gear left Park (now N)
[2026-05-18 21:50:32.249] Husby was here, and we are ready to go
[2026-05-18 21:50:32.262] AUTO-DISENGAGE: gear left Park (now N)
[2026-05-18 21:50:32.262] Husby was here, and we are ready to go
[2026-05-18 21:50:32.268] AUTO-DISENGAGE: gear left Park (now N)
[2026-05-18 21:50:32.268] Husby was here, and we are ready to go
[2026-05-18 21:50:32.290] AUTO-DISENGAGE: gear left Park (now N)
[2026-05-18 21:50:32.290] Husby was here, and we are ready to go
[2026-05-18 21:50:32.311] AUTO-DISENGAGE: gear left Park (now N)
[2026-05-18 21:50:32.311] Husby was here, and we are ready to go
[2026-05-18 21:50:32.331] AUTO-DISENGAGE: gear left Park (now N)
[2026-05-18 21:50:32.331] Husby was here, and we are ready to go
[2026-05-18 21:50:32.350] AUTO-DISENGAGE: gear left Park (now N)
[2026-05-18 21:50:32.351] Husby was here, and we are ready to go
[2026-05-18 21:50:32.367] AUTO-DISENGAGE: gear left Park (now N)
[2026-05-18 21:50:32.367] Husby was here, and we are ready to go
[2026-05-18 21:50:32.368] AUTO-DISENGAGE: gear left Park (now N)
[2026-05-18 21:50:32.369] Husby was here, and we are ready to go
[2026-05-18 21:50:32.390] AUTO-DISENGAGE: gear left Park (now N)
[2026-05-18 21:50:32.390] Husby was here, and we are ready to go
[2026-05-18 21:50:32.410] AUTO-DISENGAGE: gear left Park (now N)
[2026-05-18 21:50:32.410] Husby was here, and we are ready to go
[2026-05-18 21:50:32.429] AUTO-DISENGAGE: gear left Park (now N)
[2026-05-18 21:50:32.430] Husby was here, and we are ready to go
[2026-05-18 21:50:32.450] AUTO-DISENGAGE: gear left Park (now N)
[2026-05-18 21:50:32.450] Husby was here, and we are ready to go
[2026-05-18 21:50:32.462] AUTO-DISENGAGE: gear left Park (now N)
[2026-05-18 21:50:32.463] Husby was here, and we are ready to go
[2026-05-18 21:50:32.470] AUTO-DISENGAGE: gear left Park (now N)
[2026-05-18 21:50:32.470] Husby was here, and we are ready to go
[2026-05-18 21:50:32.490] AUTO-DISENGAGE: gear left Park (now N)
[2026-05-18 21:50:32.490] Husby was here, and we are ready to go
[2026-05-18 21:50:32.512] AUTO-DISENGAGE: gear left Park (now N)
[2026-05-18 21:50:32.513] Husby was here, and we are ready to go
[2026-05-18 21:50:32.530] AUTO-DISENGAGE: gear left Park (now N)
[2026-05-18 21:50:32.530] Husby was here, and we are ready to go
[2026-05-18 21:50:32.551] AUTO-DISENGAGE: gear left Park (now N)
[2026-05-18 21:50:32.551] Husby was here, and we are ready to go
[2026-05-18 21:50:32.564] AUTO-DISENGAGE: gear left Park (now N)
[2026-05-18 21:50:32.564] Husby was here, and we are ready to go
[2026-05-18 21:50:32.570] AUTO-DISENGAGE: gear left Park (now N)
[2026-05-18 21:50:32.570] Husby was here, and we are ready to go
[2026-05-18 21:50:32.590] AUTO-DISENGAGE: gear left Park (now N)
[2026-05-18 21:50:32.590] Husby was here, and we are ready to go
[2026-05-18 21:50:32.611] AUTO-DISENGAGE: gear left Park (now N)
[2026-05-18 21:50:32.612] Husby was here, and we are ready to go
[2026-05-18 21:50:32.631] AUTO-DISENGAGE: gear left Park (now N)
[2026-05-18 21:50:32.631] Husby was here, and we are ready to go
[2026-05-18 21:50:32.651] AUTO-DISENGAGE: gear left Park (now N)
[2026-05-18 21:50:32.651] Husby was here, and we are ready to go
[2026-05-18 21:50:32.662] AUTO-DISENGAGE: gear left Park (now N)
[2026-05-18 21:50:32.662] Husby was here, and we are ready to go
[2026-05-18 21:50:32.670] AUTO-DISENGAGE: gear left Park (now N)
[2026-05-18 21:50:32.670] Husby was here, and we are ready to go
[2026-05-18 21:50:32.689] AUTO-DISENGAGE: gear left Park (now N)
[2026-05-18 21:50:32.689] Husby was here, and we are ready to go
[2026-05-18 21:50:32.711] AUTO-DISENGAGE: gear left Park (now N)
[2026-05-18 21:50:32.711] Husby was here, and we are ready to go
[2026-05-18 21:50:32.730] AUTO-DISENGAGE: gear left Park (now N)
[2026-05-18 21:50:32.730] Husby was here, and we are ready to go
[2026-05-18 21:50:32.749] AUTO-DISENGAGE: gear left Park (now N)
[2026-05-18 21:50:32.750] Husby was here, and we are ready to go
[2026-05-18 21:50:32.764] AUTO-DISENGAGE: gear left Park (now N)
[2026-05-18 21:50:32.764] Husby was here, and we are ready to go
[2026-05-18 21:50:32.770] AUTO-DISENGAGE: gear left Park (now N)
[2026-05-18 21:50:32.770] Husby was here, and we are ready to go
[2026-05-18 21:50:32.790] AUTO-DISENGAGE: gear left Park (now N)
[2026-05-18 21:50:32.790] Husby was here, and we are ready to go
[2026-05-18 21:50:32.811] AUTO-DISENGAGE: gear left Park (now N)
[2026-05-18 21:50:32.811] Husby was here, and we are ready to go
[2026-05-18 21:50:32.830] AUTO-DISENGAGE: gear left Park (now N)
[2026-05-18 21:50:32.831] Husby was here, and we are ready to go
[2026-05-18 21:50:32.851] AUTO-DISENGAGE: gear left Park (now N)
[2026-05-18 21:50:32.851] Husby was here, and we are ready to go
[2026-05-18 21:50:32.864] AUTO-DISENGAGE: gear left Park (now N)
[2026-05-18 21:50:32.864] Husby was here, and we are ready to go
[2026-05-18 21:50:32.870] AUTO-DISENGAGE: gear left Park (now N)
[2026-05-18 21:50:32.870] Husby was here, and we are ready to go
[2026-05-18 21:50:32.890] AUTO-DISENGAGE: gear left Park (now N)
[2026-05-18 21:50:32.890] Husby was here, and we are ready to go
[2026-05-18 21:50:32.911] AUTO-DISENGAGE: gear left Park (now N)
[2026-05-18 21:50:32.911] Husby was here, and we are ready to go
[2026-05-18 21:50:32.930] AUTO-DISENGAGE: gear left Park (now N)
[2026-05-18 21:50:32.930] Husby was here, and we are ready to go
[2026-05-18 21:50:32.950] AUTO-DISENGAGE: gear left Park (now N)
[2026-05-18 21:50:32.950] Husby was here, and we are ready to go
[2026-05-18 21:50:32.964] AUTO-DISENGAGE: gear left Park (now N)
[2026-05-18 21:50:32.964] Husby was here, and we are ready to go
[2026-05-18 21:50:32.970] AUTO-DISENGAGE: gear left Park (now N)
[2026-05-18 21:50:32.970] Husby was here, and we are ready to go
[2026-05-18 21:50:32.990] AUTO-DISENGAGE: gear left Park (now N)
[2026-05-18 21:50:32.991] Husby was here, and we are ready to go
[2026-05-18 21:50:33.011] AUTO-DISENGAGE: gear left Park (now N)
[2026-05-18 21:50:33.011] Husby was here, and we are ready to go
[2026-05-18 21:50:33.031] AUTO-DISENGAGE: gear left Park (now N)
[2026-05-18 21:50:33.032] Husby was here, and we are ready to go
[2026-05-18 21:50:33.051] AUTO-DISENGAGE: gear left Park (now N)
[2026-05-18 21:50:33.051] Husby was here, and we are ready to go
[2026-05-18 21:50:33.062] AUTO-DISENGAGE: gear left Park (now N)
[2026-05-18 21:50:33.062] Husby was here, and we are ready to go
[2026-05-18 21:50:33.070] AUTO-DISENGAGE: gear left Park (now N)
[2026-05-18 21:50:33.070] Husby was here, and we are ready to go
[2026-05-18 21:50:33.089] AUTO-DISENGAGE: gear left Park (now N)
[2026-05-18 21:50:33.089] Husby was here, and we are ready to go
[2026-05-18 21:50:33.110] AUTO-DISENGAGE: gear left Park (now N)
[2026-05-18 21:50:33.110] Husby was here, and we are ready to go
[2026-05-18 21:50:33.131] AUTO-DISENGAGE: gear left Park (now N)
[2026-05-18 21:50:33.131] Husby was here, and we are ready to go
[2026-05-18 21:50:33.150] AUTO-DISENGAGE: gear left Park (now N)
[2026-05-18 21:50:33.150] Husby was here, and we are ready to go
[2026-05-18 21:50:33.163] AUTO-DISENGAGE: gear left Park (now N)
[2026-05-18 21:50:33.163] Husby was here, and we are ready to go
[2026-05-18 21:50:33.170] AUTO-DISENGAGE: gear left Park (now N)
[2026-05-18 21:50:33.170] Husby was here, and we are ready to go
[2026-05-18 21:50:33.190] AUTO-DISENGAGE: gear left Park (now N)
[2026-05-18 21:50:33.190] Husby was here, and we are ready to go
[2026-05-18 21:50:33.211] AUTO-DISENGAGE: gear left Park (now N)
[2026-05-18 21:50:33.211] Husby was here, and we are ready to go
[2026-05-18 21:50:33.230] AUTO-DISENGAGE: gear left Park (now N)
[2026-05-18 21:50:33.231] Husby was here, and we are ready to go
[2026-05-18 21:50:33.250] AUTO-DISENGAGE: gear left Park (now N)
[2026-05-18 21:50:33.251] Husby was here, and we are ready to go
[2026-05-18 21:50:33.262] AUTO-DISENGAGE: gear left Park (now N)
[2026-05-18 21:50:33.262] Husby was here, and we are ready to go
[2026-05-18 21:50:33.269] AUTO-DISENGAGE: gear left Park (now N)
[2026-05-18 21:50:33.269] Husby was here, and we are ready to go
[2026-05-18 21:50:33.290] AUTO-DISENGAGE: gear left Park (now N)
[2026-05-18 21:50:33.290] Husby was here, and we are ready to go
[2026-05-18 21:50:33.310] AUTO-DISENGAGE: gear left Park (now N)
[2026-05-18 21:50:33.310] Husby was here, and we are ready to go
[2026-05-18 21:50:33.330] AUTO-DISENGAGE: gear left Park (now N)
[2026-05-18 21:50:33.330] Husby was here, and we are ready to go
[2026-05-18 21:50:33.349] AUTO-DISENGAGE: gear left Park (now N)
[2026-05-18 21:50:33.349] Husby was here, and we are ready to go
[2026-05-18 21:50:33.362] AUTO-DISENGAGE: gear left Park (now N)
[2026-05-18 21:50:33.362] Husby was here, and we are ready to go
[2026-05-18 21:50:33.370] AUTO-DISENGAGE: gear left Park (now N)
[2026-05-18 21:50:33.370] Husby was here, and we are ready to go
[2026-05-18 21:50:33.389] AUTO-DISENGAGE: gear left Park (now N)
[2026-05-18 21:50:33.389] Husby was here, and we are ready to go
[2026-05-18 21:50:33.410] AUTO-DISENGAGE: gear left Park (now N)
[2026-05-18 21:50:33.410] Husby was here, and we are ready to go
[2026-05-18 21:50:33.429] AUTO-DISENGAGE: gear left Park (now N)
[2026-05-18 21:50:33.429] Husby was here, and we are ready to go
[2026-05-18 21:50:33.450] AUTO-DISENGAGE: gear left Park (now N)
[2026-05-18 21:50:33.451] Husby was here, and we are ready to go
[2026-05-18 21:50:33.464] AUTO-DISENGAGE: gear left Park (now N)
[2026-05-18 21:50:33.464] Husby was here, and we are ready to go
[2026-05-18 21:50:33.470] AUTO-DISENGAGE: gear left Park (now N)
[2026-05-18 21:50:33.470] Husby was here, and we are ready to go
[2026-05-18 21:50:33.490] AUTO-DISENGAGE: gear left Park (now N)
[2026-05-18 21:50:33.490] Husby was here, and we are ready to go
[2026-05-18 21:50:33.512] AUTO-DISENGAGE: gear left Park (now N)
[2026-05-18 21:50:33.513] Husby was here, and we are ready to go
[2026-05-18 21:50:33.530] AUTO-DISENGAGE: gear left Park (now N)
[2026-05-18 21:50:33.531] Husby was here, and we are ready to go
[2026-05-18 21:50:33.550] AUTO-DISENGAGE: gear left Park (now N)
[2026-05-18 21:50:33.551] Husby was here, and we are ready to go
[2026-05-18 21:50:33.566] AUTO-DISENGAGE: gear left Park (now N)
[2026-05-18 21:50:33.566] Husby was here, and we are ready to go
[2026-05-18 21:50:33.568] AUTO-DISENGAGE: gear left Park (now N)
[2026-05-18 21:50:33.569] Husby was here, and we are ready to go
[2026-05-18 21:50:33.590] AUTO-DISENGAGE: gear left Park (now N)
[2026-05-18 21:50:33.591] Husby was here, and we are ready to go
[2026-05-18 21:50:33.613] AUTO-DISENGAGE: gear left Park (now N)
[2026-05-18 21:50:33.613] Husby was here, and we are ready to go
[2026-05-18 21:50:33.630] AUTO-DISENGAGE: gear left Park (now N)
[2026-05-18 21:50:33.630] Husby was here, and we are ready to go
[2026-05-18 21:50:33.651] AUTO-DISENGAGE: gear left Park (now N)
[2026-05-18 21:50:33.652] Husby was here, and we are ready to go
[2026-05-18 21:50:33.662] AUTO-DISENGAGE: gear left Park (now N)
[2026-05-18 21:50:33.662] Husby was here, and we are ready to go
[2026-05-18 21:50:33.669] AUTO-DISENGAGE: gear left Park (now N)
[2026-05-18 21:50:33.670] Husby was here, and we are ready to go
[2026-05-18 21:50:33.689] AUTO-DISENGAGE: gear left Park (now N)
[2026-05-18 21:50:33.690] Husby was here, and we are ready to go
[2026-05-18 21:50:33.711] AUTO-DISENGAGE: gear left Park (now N)
[2026-05-18 21:50:33.711] Husby was here, and we are ready to go
[2026-05-18 21:50:33.729] AUTO-DISENGAGE: gear left Park (now N)
[2026-05-18 21:50:33.729] Husby was here, and we are ready to go
[2026-05-18 21:50:33.749] AUTO-DISENGAGE: gear left Park (now N)
[2026-05-18 21:50:33.749] Husby was here, and we are ready to go
[2026-05-18 21:50:33.762] AUTO-DISENGAGE: gear left Park (now N)
[2026-05-18 21:50:33.762] Husby was here, and we are ready to go
[2026-05-18 21:50:33.769] AUTO-DISENGAGE: gear left Park (now N)
[2026-05-18 21:50:33.769] Husby was here, and we are ready to go
[2026-05-18 21:50:33.791] AUTO-DISENGAGE: gear left Park (now N)
[2026-05-18 21:50:33.791] Husby was here, and we are ready to go
[2026-05-18 21:50:33.811] AUTO-DISENGAGE: gear left Park (now N)
[2026-05-18 21:50:33.811] Husby was here, and we are ready to go
[2026-05-18 21:50:33.832] AUTO-DISENGAGE: gear left Park (now N)
[2026-05-18 21:50:33.832] Husby was here, and we are ready to go
[2026-05-18 21:50:33.850] AUTO-DISENGAGE: gear left Park (now N)
[2026-05-18 21:50:33.850] Husby was here, and we are ready to go
[2026-05-18 21:50:33.863] AUTO-DISENGAGE: gear left Park (now N)
[2026-05-18 21:50:33.863] Husby was here, and we are ready to go
[2026-05-18 21:50:33.870] AUTO-DISENGAGE: gear left Park (now N)
[2026-05-18 21:50:33.870] Husby was here, and we are ready to go
[2026-05-18 21:50:33.889] AUTO-DISENGAGE: gear left Park (now N)
[2026-05-18 21:50:33.890] Husby was here, and we are ready to go
[2026-05-18 21:50:33.910] AUTO-DISENGAGE: gear left Park (now N)
[2026-05-18 21:50:33.910] Husby was here, and we are ready to go
[2026-05-18 21:50:33.930] AUTO-DISENGAGE: gear left Park (now N)
[2026-05-18 21:50:33.930] Husby was here, and we are ready to go
[2026-05-18 21:50:33.950] AUTO-DISENGAGE: gear left Park (now N)
[2026-05-18 21:50:33.950] Husby was here, and we are ready to go
[2026-05-18 21:50:33.963] AUTO-DISENGAGE: gear left Park (now N)
[2026-05-18 21:50:33.964] Husby was here, and we are ready to go
[2026-05-18 21:50:33.969] AUTO-DISENGAGE: gear left Park (now N)
[2026-05-18 21:50:33.969] Husby was here, and we are ready to go
[2026-05-18 21:50:33.990] AUTO-DISENGAGE: gear left Park (now N)
[2026-05-18 21:50:33.990] Husby was here, and we are ready to go
[2026-05-18 21:50:34.010] AUTO-DISENGAGE: gear left Park (now N)
[2026-05-18 21:50:34.010] Husby was here, and we are ready to go
[2026-05-18 21:50:34.030] AUTO-DISENGAGE: gear left Park (now N)
[2026-05-18 21:50:34.030] Husby was here, and we are ready to go
[2026-05-18 21:50:34.049] AUTO-DISENGAGE: gear left Park (now N)
[2026-05-18 21:50:34.049] Husby was here, and we are ready to go
[2026-05-18 21:50:34.062] AUTO-DISENGAGE: gear left Park (now N)
[2026-05-18 21:50:34.062] Husby was here, and we are ready to go
[2026-05-18 21:50:34.069] AUTO-DISENGAGE: gear left Park (now N)
[2026-05-18 21:50:34.069] Husby was here, and we are ready to go
[2026-05-18 21:50:34.090] AUTO-DISENGAGE: gear left Park (now N)
[2026-05-18 21:50:34.091] Husby was here, and we are ready to go
[2026-05-18 21:50:34.111] AUTO-DISENGAGE: gear left Park (now N)
[2026-05-18 21:50:34.111] Husby was here, and we are ready to go
[2026-05-18 21:50:34.131] AUTO-DISENGAGE: gear left Park (now N)
[2026-05-18 21:50:34.131] Husby was here, and we are ready to go
[2026-05-18 21:50:34.151] AUTO-DISENGAGE: gear left Park (now N)
[2026-05-18 21:50:34.151] Husby was here, and we are ready to go
[2026-05-18 21:50:34.163] AUTO-DISENGAGE: gear left Park (now N)
[2026-05-18 21:50:34.163] Husby was here, and we are ready to go
[2026-05-18 21:50:34.170] AUTO-DISENGAGE: gear left Park (now N)
[2026-05-18 21:50:34.170] Husby was here, and we are ready to go
[2026-05-18 21:50:34.189] AUTO-DISENGAGE: gear left Park (now N)
[2026-05-18 21:50:34.190] Husby was here, and we are ready to go
[2026-05-18 21:50:34.211] AUTO-DISENGAGE: gear left Park (now N)
[2026-05-18 21:50:34.211] Husby was here, and we are ready to go
[2026-05-18 21:50:34.230] AUTO-DISENGAGE: gear left Park (now N)
[2026-05-18 21:50:34.230] Husby was here, and we are ready to go
[2026-05-18 21:50:34.250] AUTO-DISENGAGE: gear left Park (now N)
[2026-05-18 21:50:34.250] Husby was here, and we are ready to go
[2026-05-18 21:50:34.262] AUTO-DISENGAGE: gear left Park (now N)
[2026-05-18 21:50:34.263] Husby was here, and we are ready to go
[2026-05-18 21:50:34.269] AUTO-DISENGAGE: gear left Park (now N)
[2026-05-18 21:50:34.269] Husby was here, and we are ready to go
[2026-05-18 21:50:34.291] AUTO-DISENGAGE: gear left Park (now N)
[2026-05-18 21:50:34.291] Husby was here, and we are ready to go
[2026-05-18 21:50:34.311] AUTO-DISENGAGE: gear left Park (now N)
[2026-05-18 21:50:34.311] Husby was here, and we are ready to go
[2026-05-18 21:50:34.330] AUTO-DISENGAGE: gear left Park (now N)
[2026-05-18 21:50:34.330] Husby was here, and we are ready to go
[2026-05-18 21:50:34.350] AUTO-DISENGAGE: gear left Park (now N)
[2026-05-18 21:50:34.351] Husby was here, and we are ready to go
[2026-05-18 21:50:34.363] AUTO-DISENGAGE: gear left Park (now N)
[2026-05-18 21:50:34.363] Husby was here, and we are ready to go
[2026-05-18 21:50:34.370] AUTO-DISENGAGE: gear left Park (now N)
[2026-05-18 21:50:34.370] Husby was here, and we are ready to go
[2026-05-18 21:50:34.389] AUTO-DISENGAGE: gear left Park (now N)
[2026-05-18 21:50:34.390] Husby was here, and we are ready to go
[2026-05-18 21:50:34.419] AUTO-DISENGAGE: gear left Park (now N)
[2026-05-18 21:50:34.420] Husby was here, and we are ready to go
[2026-05-18 21:50:34.429] AUTO-DISENGAGE: gear left Park (now N)
[2026-05-18 21:50:34.430] Husby was here, and we are ready to go
[2026-05-18 21:50:34.452] AUTO-DISENGAGE: gear left Park (now N)
[2026-05-18 21:50:34.452] Husby was here, and we are ready to go
[2026-05-18 21:50:34.463] AUTO-DISENGAGE: gear left Park (now N)
[2026-05-18 21:50:34.464] Husby was here, and we are ready to go
[2026-05-18 21:50:34.470] AUTO-DISENGAGE: gear left Park (now N)
[2026-05-18 21:50:34.470] Husby was here, and we are ready to go
[2026-05-18 21:50:34.490] AUTO-DISENGAGE: gear left Park (now N)
[2026-05-18 21:50:34.490] Husby was here, and we are ready to go
[2026-05-18 21:50:34.512] AUTO-DISENGAGE: gear left Park (now N)
[2026-05-18 21:50:34.512] Husby was here, and we are ready to go
[2026-05-18 21:50:34.530] AUTO-DISENGAGE: gear left Park (now N)
[2026-05-18 21:50:34.531] Husby was here, and we are ready to go
[2026-05-18 21:50:34.551] AUTO-DISENGAGE: gear left Park (now N)
[2026-05-18 21:50:34.552] Husby was here, and we are ready to go
[2026-05-18 21:50:34.564] AUTO-DISENGAGE: gear left Park (now N)
[2026-05-18 21:50:34.564] Husby was here, and we are ready to go
[2026-05-18 21:50:34.571] AUTO-DISENGAGE: gear left Park (now N)
[2026-05-18 21:50:34.571] Husby was here, and we are ready to go
[2026-05-18 21:50:34.589] AUTO-DISENGAGE: gear left Park (now N)
[2026-05-18 21:50:34.590] Husby was here, and we are ready to go
[2026-05-18 21:50:34.610] AUTO-DISENGAGE: gear left Park (now N)
[2026-05-18 21:50:34.610] Husby was here, and we are ready to go
[2026-05-18 21:50:34.630] AUTO-DISENGAGE: gear left Park (now N)
[2026-05-18 21:50:34.630] Husby was here, and we are ready to go
[2026-05-18 21:50:34.651] AUTO-DISENGAGE: gear left Park (now N)
[2026-05-18 21:50:34.651] Husby was here, and we are ready to go
[2026-05-18 21:50:34.663] AUTO-DISENGAGE: gear left Park (now N)
[2026-05-18 21:50:34.663] Husby was here, and we are ready to go
[2026-05-18 21:50:34.669] AUTO-DISENGAGE: gear left Park (now N)
[2026-05-18 21:50:34.669] Husby was here, and we are ready to go
[2026-05-18 21:50:34.690] AUTO-DISENGAGE: gear left Park (now N)
[2026-05-18 21:50:34.690] Husby was here, and we are ready to go
[2026-05-18 21:50:34.711] AUTO-DISENGAGE: gear left Park (now N)
[2026-05-18 21:50:34.711] Husby was here, and we are ready to go
[2026-05-18 21:50:34.731] AUTO-DISENGAGE: gear left Park (now N)
[2026-05-18 21:50:34.732] Husby was here, and we are ready to go
[2026-05-18 21:50:34.750] AUTO-DISENGAGE: gear left Park (now N)
[2026-05-18 21:50:34.750] Husby was here, and we are ready to go
[2026-05-18 21:50:34.762] AUTO-DISENGAGE: gear left Park (now N)
[2026-05-18 21:50:34.762] Husby was here, and we are ready to go
[2026-05-18 21:50:34.769] AUTO-DISENGAGE: gear left Park (now N)
[2026-05-18 21:50:34.769] Husby was here, and we are ready to go
[2026-05-18 21:50:34.789] AUTO-DISENGAGE: gear left Park (now N)
[2026-05-18 21:50:34.789] Husby was here, and we are ready to go
[2026-05-18 21:50:34.809] AUTO-DISENGAGE: gear left Park (now N)
[2026-05-18 21:50:34.809] Husby was here, and we are ready to go
[2026-05-18 21:50:34.829] AUTO-DISENGAGE: gear left Park (now N)
[2026-05-18 21:50:34.830] Husby was here, and we are ready to go
[2026-05-18 21:50:34.849] AUTO-DISENGAGE: gear left Park (now N)
[2026-05-18 21:50:34.849] Husby was here, and we are ready to go
[2026-05-18 21:50:34.863] AUTO-DISENGAGE: gear left Park (now N)
[2026-05-18 21:50:34.863] Husby was here, and we are ready to go
[2026-05-18 21:50:34.869] AUTO-DISENGAGE: gear left Park (now N)
[2026-05-18 21:50:34.869] Husby was here, and we are ready to go
[2026-05-18 21:50:34.891] AUTO-DISENGAGE: gear left Park (now N)
[2026-05-18 21:50:34.891] Husby was here, and we are ready to go
[2026-05-18 21:50:34.915] AUTO-DISENGAGE: gear left Park (now N)
[2026-05-18 21:50:34.916] Husby was here, and we are ready to go
[2026-05-18 21:50:34.930] AUTO-DISENGAGE: gear left Park (now N)
[2026-05-18 21:50:34.931] Husby was here, and we are ready to go
[2026-05-18 21:50:34.950] AUTO-DISENGAGE: gear left Park (now N)
[2026-05-18 21:50:34.951] Husby was here, and we are ready to go
[2026-05-18 21:50:34.964] AUTO-DISENGAGE: gear left Park (now N)
[2026-05-18 21:50:34.965] Husby was here, and we are ready to go
[2026-05-18 21:50:34.970] AUTO-DISENGAGE: gear left Park (now N)
[2026-05-18 21:50:34.970] Husby was here, and we are ready to go
[2026-05-18 21:50:34.990] AUTO-DISENGAGE: gear left Park (now N)
[2026-05-18 21:50:34.990] Husby was here, and we are ready to go
[2026-05-18 21:50:35.011] AUTO-DISENGAGE: gear left Park (now N)
[2026-05-18 21:50:35.011] Husby was here, and we are ready to go
[2026-05-18 21:50:35.030] AUTO-DISENGAGE: gear left Park (now N)
[2026-05-18 21:50:35.030] Husby was here, and we are ready to go
[2026-05-18 21:50:35.051] AUTO-DISENGAGE: gear left Park (now N)
[2026-05-18 21:50:35.051] Husby was here, and we are ready to go
[2026-05-18 21:50:35.063] AUTO-DISENGAGE: gear left Park (now N)
[2026-05-18 21:50:35.063] Husby was here, and we are ready to go
[2026-05-18 21:50:35.069] AUTO-DISENGAGE: gear left Park (now N)
[2026-05-18 21:50:35.070] Husby was here, and we are ready to go
[2026-05-18 21:50:35.092] AUTO-DISENGAGE: gear left Park (now N)
[2026-05-18 21:50:35.092] Husby was here, and we are ready to go
[2026-05-18 21:50:35.111] AUTO-DISENGAGE: gear left Park (now N)
[2026-05-18 21:50:35.111] Husby was here, and we are ready to go
[2026-05-18 21:50:35.130] AUTO-DISENGAGE: gear left Park (now N)
[2026-05-18 21:50:35.130] Husby was here, and we are ready to go
[2026-05-18 21:50:35.150] AUTO-DISENGAGE: gear left Park (now N)
[2026-05-18 21:50:35.150] Husby was here, and we are ready to go
[2026-05-18 21:50:35.163] AUTO-DISENGAGE: gear left Park (now N)
[2026-05-18 21:50:35.163] Husby was here, and we are ready to go
[2026-05-18 21:50:35.169] AUTO-DISENGAGE: gear left Park (now N)
[2026-05-18 21:50:35.170] Husby was here, and we are ready to go
[2026-05-18 21:50:35.190] AUTO-DISENGAGE: gear left Park (now N)
[2026-05-18 21:50:35.190] Husby was here, and we are ready to go
[2026-05-18 21:50:35.209] AUTO-DISENGAGE: gear left Park (now N)
[2026-05-18 21:50:35.210] Husby was here, and we are ready to go
[2026-05-18 21:50:35.230] AUTO-DISENGAGE: gear left Park (now N)
[2026-05-18 21:50:35.230] Husby was here, and we are ready to go
[2026-05-18 21:50:35.251] AUTO-DISENGAGE: gear left Park (now N)
[2026-05-18 21:50:35.251] Husby was here, and we are ready to go
[2026-05-18 21:50:35.264] AUTO-DISENGAGE: gear left Park (now N)
[2026-05-18 21:50:35.264] Husby was here, and we are ready to go
[2026-05-18 21:50:35.269] AUTO-DISENGAGE: gear left Park (now N)
[2026-05-18 21:50:35.270] Husby was here, and we are ready to go
[2026-05-18 21:50:35.292] AUTO-DISENGAGE: gear left Park (now N)
[2026-05-18 21:50:35.292] Husby was here, and we are ready to go
[2026-05-18 21:50:35.311] AUTO-DISENGAGE: gear left Park (now N)
[2026-05-18 21:50:35.311] Husby was here, and we are ready to go
[2026-05-18 21:50:35.330] AUTO-DISENGAGE: gear left Park (now N)
[2026-05-18 21:50:35.330] Husby was here, and we are ready to go
[2026-05-18 21:50:35.351] AUTO-DISENGAGE: gear left Park (now N)
[2026-05-18 21:50:35.351] Husby was here, and we are ready to go
[2026-05-18 21:50:35.364] AUTO-DISENGAGE: gear left Park (now N)
[2026-05-18 21:50:35.364] Husby was here, and we are ready to go
[2026-05-18 21:50:35.370] AUTO-DISENGAGE: gear left Park (now N)
[2026-05-18 21:50:35.371] Husby was here, and we are ready to go
[2026-05-18 21:50:35.391] AUTO-DISENGAGE: gear left Park (now N)
[2026-05-18 21:50:35.392] Husby was here, and we are ready to go
[2026-05-18 21:50:35.411] AUTO-DISENGAGE: gear left Park (now N)
[2026-05-18 21:50:35.411] Husby was here, and we are ready to go
[2026-05-18 21:50:35.430] AUTO-DISENGAGE: gear left Park (now N)
[2026-05-18 21:50:35.430] Husby was here, and we are ready to go
[2026-05-18 21:50:35.450] AUTO-DISENGAGE: gear left Park (now N)
[2026-05-18 21:50:35.450] Husby was here, and we are ready to go
[2026-05-18 21:50:35.463] AUTO-DISENGAGE: gear left Park (now N)
[2026-05-18 21:50:35.463] Husby was here, and we are ready to go
[2026-05-18 21:50:35.469] AUTO-DISENGAGE: gear left Park (now N)
[2026-05-18 21:50:35.470] Husby was here, and we are ready to go
[2026-05-18 21:50:35.491] AUTO-DISENGAGE: gear left Park (now N)
[2026-05-18 21:50:35.491] Husby was here, and we are ready to go
[2026-05-18 21:50:35.510] AUTO-DISENGAGE: gear left Park (now N)
[2026-05-18 21:50:35.510] Husby was here, and we are ready to go
[2026-05-18 21:50:35.529] AUTO-DISENGAGE: gear left Park (now N)
[2026-05-18 21:50:35.529] Husby was here, and we are ready to go
[2026-05-18 21:50:35.549] AUTO-DISENGAGE: gear left Park (now N)
[2026-05-18 21:50:35.549] Husby was here, and we are ready to go
[2026-05-18 21:50:35.562] AUTO-DISENGAGE: gear left Park (now N)
[2026-05-18 21:50:35.562] Husby was here, and we are ready to go
[2026-05-18 21:50:35.569] AUTO-DISENGAGE: gear left Park (now N)
[2026-05-18 21:50:35.569] Husby was here, and we are ready to go
[2026-05-18 21:50:35.589] AUTO-DISENGAGE: gear left Park (now N)
[2026-05-18 21:50:35.589] Husby was here, and we are ready to go
[2026-05-18 21:50:35.611] AUTO-DISENGAGE: gear left Park (now N)
[2026-05-18 21:50:35.611] Husby was here, and we are ready to go
[2026-05-18 21:50:35.631] AUTO-DISENGAGE: gear left Park (now N)
[2026-05-18 21:50:35.631] Husby was here, and we are ready to go
[2026-05-18 21:50:35.652] AUTO-DISENGAGE: gear left Park (now N)
[2026-05-18 21:50:35.652] Husby was here, and we are ready to go
[2026-05-18 21:50:35.663] AUTO-DISENGAGE: gear left Park (now N)
[2026-05-18 21:50:35.663] Husby was here, and we are ready to go
[2026-05-18 21:50:35.670] AUTO-DISENGAGE: gear left Park (now N)
[2026-05-18 21:50:35.670] Husby was here, and we are ready to go
[2026-05-18 21:50:35.690] AUTO-DISENGAGE: gear left Park (now N)
[2026-05-18 21:50:35.690] Husby was here, and we are ready to go
[2026-05-18 21:50:35.710] AUTO-DISENGAGE: gear left Park (now N)
[2026-05-18 21:50:35.710] Husby was here, and we are ready to go
[2026-05-18 21:50:35.731] AUTO-DISENGAGE: gear left Park (now N)
[2026-05-18 21:50:35.731] Husby was here, and we are ready to go
[2026-05-18 21:50:35.751] AUTO-DISENGAGE: gear left Park (now N)
[2026-05-18 21:50:35.751] Husby was here, and we are ready to go
[2026-05-18 21:50:35.763] AUTO-DISENGAGE: gear left Park (now N)
[2026-05-18 21:50:35.764] Husby was here, and we are ready to go
[2026-05-18 21:50:35.770] AUTO-DISENGAGE: gear left Park (now N)
[2026-05-18 21:50:35.770] Husby was here, and we are ready to go
[2026-05-18 21:50:35.790] AUTO-DISENGAGE: gear left Park (now N)
[2026-05-18 21:50:35.790] Husby was here, and we are ready to go
[2026-05-18 21:50:35.811] AUTO-DISENGAGE: gear left Park (now N)
[2026-05-18 21:50:35.811] Husby was here, and we are ready to go
[2026-05-18 21:50:35.830] AUTO-DISENGAGE: gear left Park (now N)
[2026-05-18 21:50:35.830] Husby was here, and we are ready to go
[2026-05-18 21:50:35.850] AUTO-DISENGAGE: gear left Park (now N)
[2026-05-18 21:50:35.850] Husby was here, and we are ready to go
[2026-05-18 21:50:35.863] AUTO-DISENGAGE: gear left Park (now N)
[2026-05-18 21:50:35.863] Husby was here, and we are ready to go
[2026-05-18 21:50:35.870] AUTO-DISENGAGE: gear left Park (now N)
[2026-05-18 21:50:35.870] Husby was here, and we are ready to go
[2026-05-18 21:50:35.890] AUTO-DISENGAGE: gear left Park (now N)
[2026-05-18 21:50:35.890] Husby was here, and we are ready to go
[2026-05-18 21:50:35.910] AUTO-DISENGAGE: gear left Park (now N)
[2026-05-18 21:50:35.910] Husby was here, and we are ready to go
[2026-05-18 21:50:35.929] AUTO-DISENGAGE: gear left Park (now N)
[2026-05-18 21:50:35.930] Husby was here, and we are ready to go
[2026-05-18 21:50:35.950] AUTO-DISENGAGE: gear left Park (now N)
[2026-05-18 21:50:35.950] Husby was here, and we are ready to go
[2026-05-18 21:50:35.963] AUTO-DISENGAGE: gear left Park (now N)
[2026-05-18 21:50:35.963] Husby was here, and we are ready to go
[2026-05-18 21:50:35.969] AUTO-DISENGAGE: gear left Park (now N)
[2026-05-18 21:50:35.969] Husby was here, and we are ready to go
[2026-05-18 21:50:35.989] AUTO-DISENGAGE: gear left Park (now N)
[2026-05-18 21:50:35.989] Husby was here, and we are ready to go
[2026-05-18 21:50:36.009] AUTO-DISENGAGE: gear left Park (now N)
[2026-05-18 21:50:36.009] Husby was here, and we are ready to go
[2026-05-18 21:50:36.031] AUTO-DISENGAGE: gear left Park (now N)
[2026-05-18 21:50:36.031] Husby was here, and we are ready to go
[2026-05-18 21:50:36.052] AUTO-DISENGAGE: gear left Park (now N)
[2026-05-18 21:50:36.053] Husby was here, and we are ready to go
[2026-05-18 21:50:36.064] AUTO-DISENGAGE: gear left Park (now N)
[2026-05-18 21:50:36.064] Husby was here, and we are ready to go
[2026-05-18 21:50:36.070] AUTO-DISENGAGE: gear left Park (now N)
[2026-05-18 21:50:36.071] Husby was here, and we are ready to go
[2026-05-18 21:50:36.090] AUTO-DISENGAGE: gear left Park (now N)
[2026-05-18 21:50:36.091] Husby was here, and we are ready to go
[2026-05-18 21:50:36.111] AUTO-DISENGAGE: gear left Park (now N)
[2026-05-18 21:50:36.111] Husby was here, and we are ready to go
[2026-05-18 21:50:36.132] AUTO-DISENGAGE: gear left Park (now N)
[2026-05-18 21:50:36.132] Husby was here, and we are ready to go
[2026-05-18 21:50:36.151] AUTO-DISENGAGE: gear left Park (now N)
[2026-05-18 21:50:36.151] Husby was here, and we are ready to go
[2026-05-18 21:50:36.163] AUTO-DISENGAGE: gear left Park (now N)
[2026-05-18 21:50:36.164] Husby was here, and we are ready to go
[2026-05-18 21:50:36.170] AUTO-DISENGAGE: gear left Park (now N)
[2026-05-18 21:50:36.171] Husby was here, and we are ready to go
[2026-05-18 21:50:36.190] AUTO-DISENGAGE: gear left Park (now N)
[2026-05-18 21:50:36.190] Husby was here, and we are ready to go
[2026-05-18 21:50:36.211] AUTO-DISENGAGE: gear left Park (now N)
[2026-05-18 21:50:36.211] Husby was here, and we are ready to go
[2026-05-18 21:50:36.231] AUTO-DISENGAGE: gear left Park (now N)
[2026-05-18 21:50:36.231] Husby was here, and we are ready to go
[2026-05-18 21:50:36.250] AUTO-DISENGAGE: gear left Park (now N)
[2026-05-18 21:50:36.250] Husby was here, and we are ready to go
[2026-05-18 21:50:36.263] AUTO-DISENGAGE: gear left Park (now N)
[2026-05-18 21:50:36.263] Husby was here, and we are ready to go
[2026-05-18 21:50:36.270] AUTO-DISENGAGE: gear left Park (now N)
[2026-05-18 21:50:36.270] Husby was here, and we are ready to go
[2026-05-18 21:50:36.290] AUTO-DISENGAGE: gear left Park (now N)
[2026-05-18 21:50:36.290] Husby was here, and we are ready to go
[2026-05-18 21:50:36.310] AUTO-DISENGAGE: gear left Park (now N)
[2026-05-18 21:50:36.310] Husby was here, and we are ready to go
[2026-05-18 21:50:36.331] AUTO-DISENGAGE: gear left Park (now N)
[2026-05-18 21:50:36.331] Husby was here, and we are ready to go
[2026-05-18 21:50:36.352] AUTO-DISENGAGE: gear left Park (now N)
[2026-05-18 21:50:36.352] Husby was here, and we are ready to go
[2026-05-18 21:50:36.366] AUTO-DISENGAGE: gear left Park (now N)
[2026-05-18 21:50:36.367] Husby was here, and we are ready to go
[2026-05-18 21:50:36.369] AUTO-DISENGAGE: gear left Park (now N)
[2026-05-18 21:50:36.369] Husby was here, and we are ready to go
[2026-05-18 21:50:36.390] AUTO-DISENGAGE: gear left Park (now N)
[2026-05-18 21:50:36.391] Husby was here, and we are ready to go
[2026-05-18 21:50:36.411] AUTO-DISENGAGE: gear left Park (now N)
[2026-05-18 21:50:36.411] Husby was here, and we are ready to go
[2026-05-18 21:50:36.432] AUTO-DISENGAGE: gear left Park (now N)
[2026-05-18 21:50:36.432] Husby was here, and we are ready to go
[2026-05-18 21:50:36.451] AUTO-DISENGAGE: gear left Park (now N)
[2026-05-18 21:50:36.451] Husby was here, and we are ready to go
[2026-05-18 21:50:36.465] AUTO-DISENGAGE: gear left Park (now N)
[2026-05-18 21:50:36.465] Husby was here, and we are ready to go
[2026-05-18 21:50:36.470] AUTO-DISENGAGE: gear left Park (now N)
[2026-05-18 21:50:36.470] Husby was here, and we are ready to go
[2026-05-18 21:50:36.490] AUTO-DISENGAGE: gear left Park (now N)
[2026-05-18 21:50:36.490] Husby was here, and we are ready to go
[2026-05-18 21:50:36.510] AUTO-DISENGAGE: gear left Park (now N)
[2026-05-18 21:50:36.510] Husby was here, and we are ready to go
[2026-05-18 21:50:36.530] AUTO-DISENGAGE: gear left Park (now N)
[2026-05-18 21:50:36.530] Husby was here, and we are ready to go
[2026-05-18 21:50:36.550] AUTO-DISENGAGE: gear left Park (now N)
[2026-05-18 21:50:36.550] Husby was here, and we are ready to go
[2026-05-18 21:50:36.563] AUTO-DISENGAGE: gear left Park (now N)
[2026-05-18 21:50:36.563] Husby was here, and we are ready to go
[2026-05-18 21:50:36.570] AUTO-DISENGAGE: gear left Park (now N)
[2026-05-18 21:50:36.570] Husby was here, and we are ready to go
[2026-05-18 21:50:36.590] AUTO-DISENGAGE: gear left Park (now N)
[2026-05-18 21:50:36.590] Husby was here, and we are ready to go
[2026-05-18 21:50:36.610] AUTO-DISENGAGE: gear left Park (now N)
[2026-05-18 21:50:36.610] Husby was here, and we are ready to go
[2026-05-18 21:50:36.630] AUTO-DISENGAGE: gear left Park (now N)
[2026-05-18 21:50:36.631] Husby was here, and we are ready to go
[2026-05-18 21:50:36.651] AUTO-DISENGAGE: gear left Park (now N)
[2026-05-18 21:50:36.651] Husby was here, and we are ready to go
[2026-05-18 21:50:36.663] AUTO-DISENGAGE: gear left Park (now N)
[2026-05-18 21:50:36.663] Husby was here, and we are ready to go
[2026-05-18 21:50:36.670] AUTO-DISENGAGE: gear left Park (now N)
[2026-05-18 21:50:36.670] Husby was here, and we are ready to go
[2026-05-18 21:50:36.691] AUTO-DISENGAGE: gear left Park (now N)
[2026-05-18 21:50:36.691] Husby was here, and we are ready to go
[2026-05-18 21:50:36.710] AUTO-DISENGAGE: gear left Park (now N)
[2026-05-18 21:50:36.711] Husby was here, and we are ready to go
[2026-05-18 21:50:36.730] AUTO-DISENGAGE: gear left Park (now N)
[2026-05-18 21:50:36.730] Husby was here, and we are ready to go
[2026-05-18 21:50:36.750] AUTO-DISENGAGE: gear left Park (now N)
[2026-05-18 21:50:36.750] Husby was here, and we are ready to go
[2026-05-18 21:50:36.763] AUTO-DISENGAGE: gear left Park (now N)
[2026-05-18 21:50:36.764] Husby was here, and we are ready to go
[2026-05-18 21:50:36.769] AUTO-DISENGAGE: gear left Park (now N)
[2026-05-18 21:50:36.769] Husby was here, and we are ready to go
[2026-05-18 21:50:36.790] AUTO-DISENGAGE: gear left Park (now N)
[2026-05-18 21:50:36.790] Husby was here, and we are ready to go
[2026-05-18 21:50:36.809] AUTO-DISENGAGE: gear left Park (now N)
[2026-05-18 21:50:36.809] Husby was here, and we are ready to go
[2026-05-18 21:50:36.829] AUTO-DISENGAGE: gear left Park (now N)
[2026-05-18 21:50:36.830] Husby was here, and we are ready to go
[2026-05-18 21:50:36.849] AUTO-DISENGAGE: gear left Park (now N)
[2026-05-18 21:50:36.849] Husby was here, and we are ready to go
[2026-05-18 21:50:36.862] AUTO-DISENGAGE: gear left Park (now N)
[2026-05-18 21:50:36.862] Husby was here, and we are ready to go
[2026-05-18 21:50:36.869] AUTO-DISENGAGE: gear left Park (now N)
[2026-05-18 21:50:36.869] Husby was here, and we are ready to go
[2026-05-18 21:50:36.889] AUTO-DISENGAGE: gear left Park (now N)
[2026-05-18 21:50:36.889] Husby was here, and we are ready to go
[2026-05-18 21:50:36.912] AUTO-DISENGAGE: gear left Park (now N)
[2026-05-18 21:50:36.912] Husby was here, and we are ready to go
[2026-05-18 21:50:36.932] AUTO-DISENGAGE: gear left Park (now N)
[2026-05-18 21:50:36.932] Husby was here, and we are ready to go
[2026-05-18 21:50:36.951] AUTO-DISENGAGE: gear left Park (now N)
[2026-05-18 21:50:36.951] Husby was here, and we are ready to go
[2026-05-18 21:50:36.963] AUTO-DISENGAGE: gear left Park (now N)
[2026-05-18 21:50:36.964] Husby was here, and we are ready to go
[2026-05-18 21:50:36.970] AUTO-DISENGAGE: gear left Park (now N)
[2026-05-18 21:50:36.970] Husby was here, and we are ready to go
[2026-05-18 21:50:36.990] AUTO-DISENGAGE: gear left Park (now N)
[2026-05-18 21:50:36.990] Husby was here, and we are ready to go
[2026-05-18 21:50:37.010] AUTO-DISENGAGE: gear left Park (now N)
[2026-05-18 21:50:37.010] Husby was here, and we are ready to go
[2026-05-18 21:50:37.030] AUTO-DISENGAGE: gear left Park (now N)
[2026-05-18 21:50:37.030] Husby was here, and we are ready to go
[2026-05-18 21:50:37.049] AUTO-DISENGAGE: gear left Park (now N)
[2026-05-18 21:50:37.049] Husby was here, and we are ready to go
[2026-05-18 21:50:37.062] AUTO-DISENGAGE: gear left Park (now N)
[2026-05-18 21:50:37.062] Husby was here, and we are ready to go
[2026-05-18 21:50:37.069] AUTO-DISENGAGE: gear left Park (now N)
[2026-05-18 21:50:37.069] Husby was here, and we are ready to go
[2026-05-18 21:50:37.089] AUTO-DISENGAGE: gear left Park (now N)
[2026-05-18 21:50:37.089] Husby was here, and we are ready to go
[2026-05-18 21:50:37.109] AUTO-DISENGAGE: gear left Park (now N)
[2026-05-18 21:50:37.109] Husby was here, and we are ready to go
[2026-05-18 21:50:37.129] AUTO-DISENGAGE: gear left Park (now N)
[2026-05-18 21:50:37.130] Husby was here, and we are ready to go
[2026-05-18 21:50:37.149] AUTO-DISENGAGE: gear left Park (now N)
[2026-05-18 21:50:37.149] Husby was here, and we are ready to go
[2026-05-18 21:50:37.164] AUTO-DISENGAGE: gear left Park (now N)
[2026-05-18 21:50:37.165] Husby was here, and we are ready to go
[2026-05-18 21:50:37.169] AUTO-DISENGAGE: gear left Park (now N)
[2026-05-18 21:50:37.170] Husby was here, and we are ready to go
[2026-05-18 21:50:37.192] AUTO-DISENGAGE: gear left Park (now N)
[2026-05-18 21:50:37.192] Husby was here, and we are ready to go
[2026-05-18 21:50:37.211] AUTO-DISENGAGE: gear left Park (now N)
[2026-05-18 21:50:37.211] Husby was here, and we are ready to go
[2026-05-18 21:50:37.230] AUTO-DISENGAGE: gear left Park (now N)
[2026-05-18 21:50:37.230] Husby was here, and we are ready to go
[2026-05-18 21:50:37.250] AUTO-DISENGAGE: gear left Park (now N)
[2026-05-18 21:50:37.250] Husby was here, and we are ready to go
[2026-05-18 21:50:37.263] AUTO-DISENGAGE: gear left Park (now N)
[2026-05-18 21:50:37.263] Husby was here, and we are ready to go
[2026-05-18 21:50:37.269] AUTO-DISENGAGE: gear left Park (now N)
[2026-05-18 21:50:37.269] Husby was here, and we are ready to go
[2026-05-18 21:50:37.291] AUTO-DISENGAGE: gear left Park (now N)
[2026-05-18 21:50:37.291] Husby was here, and we are ready to go
[2026-05-18 21:50:37.311] AUTO-DISENGAGE: gear left Park (now N)
[2026-05-18 21:50:37.311] Husby was here, and we are ready to go
[2026-05-18 21:50:37.330] AUTO-DISENGAGE: gear left Park (now N)
[2026-05-18 21:50:37.330] Husby was here, and we are ready to go
[2026-05-18 21:50:37.350] AUTO-DISENGAGE: gear left Park (now N)
[2026-05-18 21:50:37.350] Husby was here, and we are ready to go
[2026-05-18 21:50:37.363] AUTO-DISENGAGE: gear left Park (now N)
[2026-05-18 21:50:37.363] Husby was here, and we are ready to go
[2026-05-18 21:50:37.369] AUTO-DISENGAGE: gear left Park (now N)
[2026-05-18 21:50:37.370] Husby was here, and we are ready to go
[2026-05-18 21:50:37.389] AUTO-DISENGAGE: gear left Park (now N)
[2026-05-18 21:50:37.389] Husby was here, and we are ready to go
[2026-05-18 21:50:37.409] AUTO-DISENGAGE: gear left Park (now N)
[2026-05-18 21:50:37.409] Husby was here, and we are ready to go
[2026-05-18 21:50:37.429] AUTO-DISENGAGE: gear left Park (now N)
[2026-05-18 21:50:37.429] Husby was here, and we are ready to go
[2026-05-18 21:50:37.450] AUTO-DISENGAGE: gear left Park (now N)
[2026-05-18 21:50:37.450] Husby was here, and we are ready to go
[2026-05-18 21:50:37.463] AUTO-DISENGAGE: gear left Park (now N)
[2026-05-18 21:50:37.463] Husby was here, and we are ready to go
[2026-05-18 21:50:37.470] AUTO-DISENGAGE: gear left Park (now N)
[2026-05-18 21:50:37.470] Husby was here, and we are ready to go
[2026-05-18 21:50:37.490] AUTO-DISENGAGE: gear left Park (now N)
[2026-05-18 21:50:37.491] Husby was here, and we are ready to go
[2026-05-18 21:50:37.511] AUTO-DISENGAGE: gear left Park (now N)
[2026-05-18 21:50:37.512] Husby was here, and we are ready to go
[2026-05-18 21:50:37.530] AUTO-DISENGAGE: gear left Park (now N)
[2026-05-18 21:50:37.530] Husby was here, and we are ready to go
[2026-05-18 21:50:37.550] AUTO-DISENGAGE: gear left Park (now N)
[2026-05-18 21:50:37.550] Husby was here, and we are ready to go
[2026-05-18 21:50:37.563] AUTO-DISENGAGE: gear left Park (now N)
[2026-05-18 21:50:37.563] Husby was here, and we are ready to go
[2026-05-18 21:50:37.569] AUTO-DISENGAGE: gear left Park (now N)
[2026-05-18 21:50:37.570] Husby was here, and we are ready to go
[2026-05-18 21:50:37.590] AUTO-DISENGAGE: gear left Park (now N)
[2026-05-18 21:50:37.590] Husby was here, and we are ready to go
[2026-05-18 21:50:37.610] AUTO-DISENGAGE: gear left Park (now N)
[2026-05-18 21:50:37.610] Husby was here, and we are ready to go
[2026-05-18 21:50:37.629] AUTO-DISENGAGE: gear left Park (now N)
[2026-05-18 21:50:37.629] Husby was here, and we are ready to go
[2026-05-18 21:50:37.649] AUTO-DISENGAGE: gear left Park (now N)
[2026-05-18 21:50:37.649] Husby was here, and we are ready to go
[2026-05-18 21:50:37.662] AUTO-DISENGAGE: gear left Park (now N)
[2026-05-18 21:50:37.662] Husby was here, and we are ready to go
[2026-05-18 21:50:37.669] AUTO-DISENGAGE: gear left Park (now N)
[2026-05-18 21:50:37.669] Husby was here, and we are ready to go
[2026-05-18 21:50:37.689] AUTO-DISENGAGE: gear left Park (now N)
[2026-05-18 21:50:37.689] Husby was here, and we are ready to go
[2026-05-18 21:50:37.709] AUTO-DISENGAGE: gear left Park (now N)
[2026-05-18 21:50:37.709] Husby was here, and we are ready to go
[2026-05-18 21:50:37.729] AUTO-DISENGAGE: gear left Park (now N)
[2026-05-18 21:50:37.729] Husby was here, and we are ready to go
[2026-05-18 21:50:37.751] AUTO-DISENGAGE: gear left Park (now N)
[2026-05-18 21:50:37.751] Husby was here, and we are ready to go
[2026-05-18 21:50:37.764] AUTO-DISENGAGE: gear left Park (now N)
[2026-05-18 21:50:37.765] Husby was here, and we are ready to go
[2026-05-18 21:50:37.769] AUTO-DISENGAGE: gear left Park (now N)
[2026-05-18 21:50:37.770] Husby was here, and we are ready to go
[2026-05-18 21:50:37.792] AUTO-DISENGAGE: gear left Park (now N)
[2026-05-18 21:50:37.792] Husby was here, and we are ready to go
[2026-05-18 21:50:37.811] AUTO-DISENGAGE: gear left Park (now N)
[2026-05-18 21:50:37.811] Husby was here, and we are ready to go
[2026-05-18 21:50:37.830] AUTO-DISENGAGE: gear left Park (now N)
[2026-05-18 21:50:37.830] Husby was here, and we are ready to go
[2026-05-18 21:50:37.850] AUTO-DISENGAGE: gear left Park (now N)
[2026-05-18 21:50:37.850] Husby was here, and we are ready to go
[2026-05-18 21:50:37.863] AUTO-DISENGAGE: gear left Park (now N)
[2026-05-18 21:50:37.863] Husby was here, and we are ready to go
[2026-05-18 21:50:37.869] AUTO-DISENGAGE: gear left Park (now N)
[2026-05-18 21:50:37.870] Husby was here, and we are ready to go
[2026-05-18 21:50:37.891] AUTO-DISENGAGE: gear left Park (now N)
[2026-05-18 21:50:37.891] Husby was here, and we are ready to go
[2026-05-18 21:50:37.911] AUTO-DISENGAGE: gear left Park (now N)
[2026-05-18 21:50:37.911] Husby was here, and we are ready to go
[2026-05-18 21:50:37.929] AUTO-DISENGAGE: gear left Park (now N)
[2026-05-18 21:50:37.929] Husby was here, and we are ready to go
[2026-05-18 21:50:37.949] AUTO-DISENGAGE: gear left Park (now N)
[2026-05-18 21:50:37.949] Husby was here, and we are ready to go
[2026-05-18 21:50:37.963] AUTO-DISENGAGE: gear left Park (now N)
[2026-05-18 21:50:37.963] Husby was here, and we are ready to go
[2026-05-18 21:50:37.969] AUTO-DISENGAGE: gear left Park (now N)
[2026-05-18 21:50:37.969] Husby was here, and we are ready to go
[2026-05-18 21:50:37.989] AUTO-DISENGAGE: gear left Park (now N)
[2026-05-18 21:50:37.989] Husby was here, and we are ready to go
[2026-05-18 21:50:38.009] AUTO-DISENGAGE: gear left Park (now N)
[2026-05-18 21:50:38.009] Husby was here, and we are ready to go
[2026-05-18 21:50:38.029] AUTO-DISENGAGE: gear left Park (now N)
[2026-05-18 21:50:38.029] Husby was here, and we are ready to go
[2026-05-18 21:50:38.051] AUTO-DISENGAGE: gear left Park (now N)
[2026-05-18 21:50:38.051] Husby was here, and we are ready to go
[2026-05-18 21:50:38.063] AUTO-DISENGAGE: gear left Park (now N)
[2026-05-18 21:50:38.064] Husby was here, and we are ready to go
[2026-05-18 21:50:38.071] AUTO-DISENGAGE: gear left Park (now N)
[2026-05-18 21:50:38.071] Husby was here, and we are ready to go
[2026-05-18 21:50:38.092] AUTO-DISENGAGE: gear left Park (now N)
[2026-05-18 21:50:38.093] Husby was here, and we are ready to go
[2026-05-18 21:50:38.111] AUTO-DISENGAGE: gear left Park (now N)
[2026-05-18 21:50:38.111] Husby was here, and we are ready to go
[2026-05-18 21:50:38.130] AUTO-DISENGAGE: gear left Park (now N)
[2026-05-18 21:50:38.131] Husby was here, and we are ready to go
[2026-05-18 21:50:38.150] AUTO-DISENGAGE: gear left Park (now N)
[2026-05-18 21:50:38.150] Husby was here, and we are ready to go
[2026-05-18 21:50:38.163] AUTO-DISENGAGE: gear left Park (now N)
[2026-05-18 21:50:38.163] Husby was here, and we are ready to go
[2026-05-18 21:50:38.170] AUTO-DISENGAGE: gear left Park (now N)
[2026-05-18 21:50:38.170] Husby was here, and we are ready to go
[2026-05-18 21:50:38.191] AUTO-DISENGAGE: gear left Park (now N)
[2026-05-18 21:50:38.191] Husby was here, and we are ready to go
[2026-05-18 21:50:38.210] AUTO-DISENGAGE: gear left Park (now N)
[2026-05-18 21:50:38.210] Husby was here, and we are ready to go
[2026-05-18 21:50:38.229] AUTO-DISENGAGE: gear left Park (now N)
[2026-05-18 21:50:38.230] Husby was here, and we are ready to go
[2026-05-18 21:50:38.250] AUTO-DISENGAGE: gear left Park (now N)
[2026-05-18 21:50:38.250] Husby was here, and we are ready to go
[2026-05-18 21:50:38.263] AUTO-DISENGAGE: gear left Park (now N)
[2026-05-18 21:50:38.263] Husby was here, and we are ready to go
[2026-05-18 21:50:38.269] AUTO-DISENGAGE: gear left Park (now N)
[2026-05-18 21:50:38.269] Husby was here, and we are ready to go
[2026-05-18 21:50:38.290] AUTO-DISENGAGE: gear left Park (now N)
[2026-05-18 21:50:38.290] Husby was here, and we are ready to go
[2026-05-18 21:50:38.309] AUTO-DISENGAGE: gear left Park (now N)
[2026-05-18 21:50:38.309] Husby was here, and we are ready to go
[2026-05-18 21:50:38.329] AUTO-DISENGAGE: gear left Park (now N)
[2026-05-18 21:50:38.329] Husby was here, and we are ready to go
[2026-05-18 21:50:38.351] AUTO-DISENGAGE: gear left Park (now N)
[2026-05-18 21:50:38.351] Husby was here, and we are ready to go
[2026-05-18 21:50:38.365] AUTO-DISENGAGE: gear left Park (now N)
[2026-05-18 21:50:38.365] Husby was here, and we are ready to go
[2026-05-18 21:50:38.371] AUTO-DISENGAGE: gear left Park (now N)
[2026-05-18 21:50:38.371] Husby was here, and we are ready to go
[2026-05-18 21:50:38.392] AUTO-DISENGAGE: gear left Park (now N)
[2026-05-18 21:50:38.392] Husby was here, and we are ready to go
[2026-05-18 21:50:38.416] AUTO-DISENGAGE: gear left Park (now N)
[2026-05-18 21:50:38.416] Husby was here, and we are ready to go
[2026-05-18 21:50:38.430] AUTO-DISENGAGE: gear left Park (now N)
[2026-05-18 21:50:38.430] Husby was here, and we are ready to go
[2026-05-18 21:50:38.450] AUTO-DISENGAGE: gear left Park (now N)
[2026-05-18 21:50:38.450] Husby was here, and we are ready to go
[2026-05-18 21:50:38.463] AUTO-DISENGAGE: gear left Park (now N)
[2026-05-18 21:50:38.464] Husby was here, and we are ready to go
[2026-05-18 21:50:38.470] AUTO-DISENGAGE: gear left Park (now N)
[2026-05-18 21:50:38.471] Husby was here, and we are ready to go
[2026-05-18 21:50:38.491] AUTO-DISENGAGE: gear left Park (now N)
[2026-05-18 21:50:38.491] Husby was here, and we are ready to go
[2026-05-18 21:50:38.513] AUTO-DISENGAGE: gear left Park (now N)
[2026-05-18 21:50:38.513] Husby was here, and we are ready to go
[2026-05-18 21:50:38.530] AUTO-DISENGAGE: gear left Park (now N)
[2026-05-18 21:50:38.531] Husby was here, and we are ready to go
[2026-05-18 21:50:38.550] AUTO-DISENGAGE: gear left Park (now N)
[2026-05-18 21:50:38.550] Husby was here, and we are ready to go
[2026-05-18 21:50:38.563] AUTO-DISENGAGE: gear left Park (now N)
[2026-05-18 21:50:38.563] Husby was here, and we are ready to go
[2026-05-18 21:50:38.570] AUTO-DISENGAGE: gear left Park (now N)
[2026-05-18 21:50:38.570] Husby was here, and we are ready to go
[2026-05-18 21:50:38.590] AUTO-DISENGAGE: gear left Park (now N)
[2026-05-18 21:50:38.590] Husby was here, and we are ready to go
[2026-05-18 21:50:38.610] AUTO-DISENGAGE: gear left Park (now N)
[2026-05-18 21:50:38.610] Husby was here, and we are ready to go
[2026-05-18 21:50:38.629] AUTO-DISENGAGE: gear left Park (now N)
[2026-05-18 21:50:38.629] Husby was here, and we are ready to go
[2026-05-18 21:50:38.650] AUTO-DISENGAGE: gear left Park (now N)
[2026-05-18 21:50:38.650] Husby was here, and we are ready to go
[2026-05-18 21:50:38.664] AUTO-DISENGAGE: gear left Park (now N)
[2026-05-18 21:50:38.664] Husby was here, and we are ready to go
[2026-05-18 21:50:38.670] AUTO-DISENGAGE: gear left Park (now N)
[2026-05-18 21:50:38.671] Husby was here, and we are ready to go
[2026-05-18 21:50:38.692] AUTO-DISENGAGE: gear left Park (now N)
[2026-05-18 21:50:38.693] Husby was here, and we are ready to go
[2026-05-18 21:50:38.713] AUTO-DISENGAGE: gear left Park (now N)
[2026-05-18 21:50:38.713] Husby was here, and we are ready to go
[2026-05-18 21:50:38.730] AUTO-DISENGAGE: gear left Park (now N)
[2026-05-18 21:50:38.730] Husby was here, and we are ready to go
[2026-05-18 21:50:38.750] AUTO-DISENGAGE: gear left Park (now N)
[2026-05-18 21:50:38.750] Husby was here, and we are ready to go
[2026-05-18 21:50:38.763] AUTO-DISENGAGE: gear left Park (now N)
[2026-05-18 21:50:38.763] Husby was here, and we are ready to go
[2026-05-18 21:50:38.769] AUTO-DISENGAGE: gear left Park (now N)
[2026-05-18 21:50:38.770] Husby was here, and we are ready to go
[2026-05-18 21:50:38.791] AUTO-DISENGAGE: gear left Park (now N)
[2026-05-18 21:50:38.791] Husby was here, and we are ready to go
[2026-05-18 21:50:38.810] AUTO-DISENGAGE: gear left Park (now N)
[2026-05-18 21:50:38.810] Husby was here, and we are ready to go
[2026-05-18 21:50:38.829] AUTO-DISENGAGE: gear left Park (now N)
[2026-05-18 21:50:38.830] Husby was here, and we are ready to go
[2026-05-18 21:50:38.850] AUTO-DISENGAGE: gear left Park (now N)
[2026-05-18 21:50:38.850] Husby was here, and we are ready to go
[2026-05-18 21:50:38.862] AUTO-DISENGAGE: gear left Park (now N)
[2026-05-18 21:50:38.863] Husby was here, and we are ready to go
[2026-05-18 21:50:38.869] AUTO-DISENGAGE: gear left Park (now N)
[2026-05-18 21:50:38.869] Husby was here, and we are ready to go
[2026-05-18 21:50:38.889] AUTO-DISENGAGE: gear left Park (now N)
[2026-05-18 21:50:38.890] Husby was here, and we are ready to go
[2026-05-18 21:50:38.912] AUTO-DISENGAGE: gear left Park (now N)
[2026-05-18 21:50:38.913] Husby was here, and we are ready to go
[2026-05-18 21:50:38.931] AUTO-DISENGAGE: gear left Park (now N)
[2026-05-18 21:50:38.931] Husby was here, and we are ready to go
[2026-05-18 21:50:38.951] AUTO-DISENGAGE: gear left Park (now N)
[2026-05-18 21:50:38.951] Husby was here, and we are ready to go
[2026-05-18 21:50:38.963] AUTO-DISENGAGE: gear left Park (now N)
[2026-05-18 21:50:38.963] Husby was here, and we are ready to go
[2026-05-18 21:50:38.970] AUTO-DISENGAGE: gear left Park (now N)
[2026-05-18 21:50:38.970] Husby was here, and we are ready to go
[2026-05-18 21:50:38.990] AUTO-DISENGAGE: gear left Park (now N)
[2026-05-18 21:50:38.990] Husby was here, and we are ready to go
[2026-05-18 21:50:39.010] AUTO-DISENGAGE: gear left Park (now N)
[2026-05-18 21:50:39.010] Husby was here, and we are ready to go
[2026-05-18 21:50:39.030] AUTO-DISENGAGE: gear left Park (now N)
[2026-05-18 21:50:39.030] Husby was here, and we are ready to go
[2026-05-18 21:50:39.051] AUTO-DISENGAGE: gear left Park (now N)
[2026-05-18 21:50:39.051] Husby was here, and we are ready to go
[2026-05-18 21:50:39.063] AUTO-DISENGAGE: gear left Park (now N)
[2026-05-18 21:50:39.063] Husby was here, and we are ready to go
[2026-05-18 21:50:39.070] AUTO-DISENGAGE: gear left Park (now N)
[2026-05-18 21:50:39.070] Husby was here, and we are ready to go
[2026-05-18 21:50:39.090] AUTO-DISENGAGE: gear left Park (now N)
[2026-05-18 21:50:39.090] Husby was here, and we are ready to go
[2026-05-18 21:50:39.110] AUTO-DISENGAGE: gear left Park (now N)
[2026-05-18 21:50:39.110] Husby was here, and we are ready to go
[2026-05-18 21:50:39.130] AUTO-DISENGAGE: gear left Park (now N)
[2026-05-18 21:50:39.130] Husby was here, and we are ready to go
[2026-05-18 21:50:39.150] AUTO-DISENGAGE: gear left Park (now N)
[2026-05-18 21:50:39.150] Husby was here, and we are ready to go
[2026-05-18 21:50:39.163] AUTO-DISENGAGE: gear left Park (now N)
[2026-05-18 21:50:39.163] Husby was here, and we are ready to go
[2026-05-18 21:50:39.170] AUTO-DISENGAGE: gear left Park (now N)
[2026-05-18 21:50:39.170] Husby was here, and we are ready to go
[2026-05-18 21:50:39.190] AUTO-DISENGAGE: gear left Park (now N)
[2026-05-18 21:50:39.190] Husby was here, and we are ready to go
[2026-05-18 21:50:39.211] AUTO-DISENGAGE: gear left Park (now N)
[2026-05-18 21:50:39.212] Husby was here, and we are ready to go
[2026-05-18 21:50:39.232] AUTO-DISENGAGE: gear left Park (now N)
[2026-05-18 21:50:39.232] Husby was here, and we are ready to go
[2026-05-18 21:50:39.251] AUTO-DISENGAGE: gear left Park (now N)
[2026-05-18 21:50:39.251] Husby was here, and we are ready to go
[2026-05-18 21:50:39.263] AUTO-DISENGAGE: gear left Park (now N)
[2026-05-18 21:50:39.263] Husby was here, and we are ready to go
[2026-05-18 21:50:39.270] AUTO-DISENGAGE: gear left Park (now N)
[2026-05-18 21:50:39.270] Husby was here, and we are ready to go
[2026-05-18 21:50:39.291] AUTO-DISENGAGE: gear left Park (now N)
[2026-05-18 21:50:39.291] Husby was here, and we are ready to go
[2026-05-18 21:50:39.312] AUTO-DISENGAGE: gear left Park (now N)
[2026-05-18 21:50:39.312] Husby was here, and we are ready to go
[2026-05-18 21:50:39.331] AUTO-DISENGAGE: gear left Park (now N)
[2026-05-18 21:50:39.331] Husby was here, and we are ready to go
[2026-05-18 21:50:39.350] AUTO-DISENGAGE: gear left Park (now N)
[2026-05-18 21:50:39.350] Husby was here, and we are ready to go
[2026-05-18 21:50:39.363] rc: RND switch -> R, queuing shift
[2026-05-18 21:50:39.363] AUTO-DISENGAGE: gear left Park (now N)
[2026-05-18 21:50:39.363] Husby was here, and we are ready to go
[2026-05-18 21:50:39.370] AUTO-DISENGAGE: gear left Park (now N)
[2026-05-18 21:50:39.370] Husby was here, and we are ready to go
[2026-05-18 21:50:39.374] shift requested: R
[2026-05-18 21:50:39.390] AUTO-DISENGAGE: gear left Park (now N)
[2026-05-18 21:50:39.390] Husby was here, and we are ready to go
[2026-05-18 21:50:39.390] SHIFT: requesting R via 0x6D burst (30 active + 10 idle frames at 200 Hz)
[2026-05-18 21:50:39.394] AUTO-DISENGAGE: gear left Park (now N)
[2026-05-18 21:50:39.394] Husby was here, and we are ready to go
[2026-05-18 21:50:39.400] AUTO-DISENGAGE: gear left Park (now N)
[2026-05-18 21:50:39.400] Husby was here, and we are ready to go
[2026-05-18 21:50:39.405] AUTO-DISENGAGE: gear left Park (now N)
[2026-05-18 21:50:39.405] Husby was here, and we are ready to go
[2026-05-18 21:50:39.410] AUTO-DISENGAGE: gear left Park (now N)
[2026-05-18 21:50:39.410] Husby was here, and we are ready to go
[2026-05-18 21:50:39.410] AUTO-DISENGAGE: gear left Park (now N)
[2026-05-18 21:50:39.410] Husby was here, and we are ready to go
[2026-05-18 21:50:39.417] gear: N -> R
[2026-05-18 21:50:39.418] AUTO-DISENGAGE: gear left Park (now R)
[2026-05-18 21:50:39.418] Husby was here, and we are ready to go
[2026-05-18 21:50:39.420] AUTO-DISENGAGE: gear left Park (now R)
[2026-05-18 21:50:39.420] Husby was here, and we are ready to go
[2026-05-18 21:50:39.426] AUTO-DISENGAGE: gear left Park (now R)
[2026-05-18 21:50:39.426] Husby was here, and we are ready to go
[2026-05-18 21:50:39.429] AUTO-DISENGAGE: gear left Park (now R)
[2026-05-18 21:50:39.429] Husby was here, and we are ready to go
[2026-05-18 21:50:39.430] AUTO-DISENGAGE: gear left Park (now R)
[2026-05-18 21:50:39.430] Husby was here, and we are ready to go
[2026-05-18 21:50:39.436] AUTO-DISENGAGE: gear left Park (now R)
[2026-05-18 21:50:39.436] Husby was here, and we are ready to go
[2026-05-18 21:50:39.441] AUTO-DISENGAGE: gear left Park (now R)
[2026-05-18 21:50:39.441] Husby was here, and we are ready to go
[2026-05-18 21:50:39.445] AUTO-DISENGAGE: gear left Park (now R)
[2026-05-18 21:50:39.445] Husby was here, and we are ready to go
[2026-05-18 21:50:39.450] AUTO-DISENGAGE: gear left Park (now R)
[2026-05-18 21:50:39.450] Husby was here, and we are ready to go
[2026-05-18 21:50:39.450] AUTO-DISENGAGE: gear left Park (now R)
[2026-05-18 21:50:39.450] Husby was here, and we are ready to go
[2026-05-18 21:50:39.456] AUTO-DISENGAGE: gear left Park (now R)
[2026-05-18 21:50:39.456] Husby was here, and we are ready to go
[2026-05-18 21:50:39.460] AUTO-DISENGAGE: gear left Park (now R)
[2026-05-18 21:50:39.460] Husby was here, and we are ready to go
[2026-05-18 21:50:39.462] AUTO-DISENGAGE: gear left Park (now R)
[2026-05-18 21:50:39.462] Husby was here, and we are ready to go
[2026-05-18 21:50:39.465] AUTO-DISENGAGE: gear left Park (now R)
[2026-05-18 21:50:39.465] Husby was here, and we are ready to go
[2026-05-18 21:50:39.470] AUTO-DISENGAGE: gear left Park (now R)
[2026-05-18 21:50:39.470] Husby was here, and we are ready to go
[2026-05-18 21:50:39.470] AUTO-DISENGAGE: gear left Park (now R)
[2026-05-18 21:50:39.470] Husby was here, and we are ready to go
[2026-05-18 21:50:39.475] AUTO-DISENGAGE: gear left Park (now R)
[2026-05-18 21:50:39.476] Husby was here, and we are ready to go
[2026-05-18 21:50:39.481] AUTO-DISENGAGE: gear left Park (now R)
[2026-05-18 21:50:39.481] Husby was here, and we are ready to go
[2026-05-18 21:50:39.486] AUTO-DISENGAGE: gear left Park (now R)
[2026-05-18 21:50:39.486] Husby was here, and we are ready to go
[2026-05-18 21:50:39.489] AUTO-DISENGAGE: gear left Park (now R)
[2026-05-18 21:50:39.489] Husby was here, and we are ready to go
[2026-05-18 21:50:39.490] AUTO-DISENGAGE: gear left Park (now R)
[2026-05-18 21:50:39.490] Husby was here, and we are ready to go
[2026-05-18 21:50:39.497] AUTO-DISENGAGE: gear left Park (now R)
[2026-05-18 21:50:39.497] Husby was here, and we are ready to go
[2026-05-18 21:50:39.500] AUTO-DISENGAGE: gear left Park (now R)
[2026-05-18 21:50:39.500] Husby was here, and we are ready to go
[2026-05-18 21:50:39.505] AUTO-DISENGAGE: gear left Park (now R)
[2026-05-18 21:50:39.506] Husby was here, and we are ready to go
[2026-05-18 21:50:39.509] AUTO-DISENGAGE: gear left Park (now R)
[2026-05-18 21:50:39.510] Husby was here, and we are ready to go
[2026-05-18 21:50:39.510] AUTO-DISENGAGE: gear left Park (now R)
[2026-05-18 21:50:39.510] Husby was here, and we are ready to go
[2026-05-18 21:50:39.516] AUTO-DISENGAGE: gear left Park (now R)
[2026-05-18 21:50:39.516] Husby was here, and we are ready to go
[2026-05-18 21:50:39.520] AUTO-DISENGAGE: gear left Park (now R)
[2026-05-18 21:50:39.520] Husby was here, and we are ready to go
[2026-05-18 21:50:39.526] AUTO-DISENGAGE: gear left Park (now R)
[2026-05-18 21:50:39.526] Husby was here, and we are ready to go
[2026-05-18 21:50:39.529] AUTO-DISENGAGE: gear left Park (now R)
[2026-05-18 21:50:39.529] Husby was here, and we are ready to go
[2026-05-18 21:50:39.530] AUTO-DISENGAGE: gear left Park (now R)
[2026-05-18 21:50:39.530] Husby was here, and we are ready to go
[2026-05-18 21:50:39.537] AUTO-DISENGAGE: gear left Park (now R)
[2026-05-18 21:50:39.537] Husby was here, and we are ready to go
[2026-05-18 21:50:39.540] AUTO-DISENGAGE: gear left Park (now R)
[2026-05-18 21:50:39.540] Husby was here, and we are ready to go
[2026-05-18 21:50:39.545] AUTO-DISENGAGE: gear left Park (now R)
[2026-05-18 21:50:39.545] Husby was here, and we are ready to go
[2026-05-18 21:50:39.550] AUTO-DISENGAGE: gear left Park (now R)
[2026-05-18 21:50:39.550] Husby was here, and we are ready to go
[2026-05-18 21:50:39.550] AUTO-DISENGAGE: gear left Park (now R)
[2026-05-18 21:50:39.550] Husby was here, and we are ready to go
[2026-05-18 21:50:39.556] AUTO-DISENGAGE: gear left Park (now R)
[2026-05-18 21:50:39.556] Husby was here, and we are ready to go
[2026-05-18 21:50:39.560] AUTO-DISENGAGE: gear left Park (now R)
[2026-05-18 21:50:39.561] Husby was here, and we are ready to go
[2026-05-18 21:50:39.562] AUTO-DISENGAGE: gear left Park (now R)
[2026-05-18 21:50:39.562] Husby was here, and we are ready to go
[2026-05-18 21:50:39.566] AUTO-DISENGAGE: gear left Park (now R)
[2026-05-18 21:50:39.566] Husby was here, and we are ready to go
[2026-05-18 21:50:39.569] AUTO-DISENGAGE: gear left Park (now R)
[2026-05-18 21:50:39.569] Husby was here, and we are ready to go
[2026-05-18 21:50:39.570] AUTO-DISENGAGE: gear left Park (now R)
[2026-05-18 21:50:39.570] Husby was here, and we are ready to go
[2026-05-18 21:50:39.576] AUTO-DISENGAGE: gear left Park (now R)
[2026-05-18 21:50:39.576] Husby was here, and we are ready to go
[2026-05-18 21:50:39.580] AUTO-DISENGAGE: gear left Park (now R)
[2026-05-18 21:50:39.580] Husby was here, and we are ready to go
[2026-05-18 21:50:39.585] AUTO-DISENGAGE: gear left Park (now R)
[2026-05-18 21:50:39.585] Husby was here, and we are ready to go
[2026-05-18 21:50:39.590] AUTO-DISENGAGE: gear left Park (now R)
[2026-05-18 21:50:39.590] Husby was here, and we are ready to go
[2026-05-18 21:50:39.611] AUTO-DISENGAGE: gear left Park (now R)
[2026-05-18 21:50:39.611] Husby was here, and we are ready to go
[2026-05-18 21:50:39.630] AUTO-DISENGAGE: gear left Park (now R)
[2026-05-18 21:50:39.630] Husby was here, and we are ready to go
[2026-05-18 21:50:39.650] AUTO-DISENGAGE: gear left Park (now R)
[2026-05-18 21:50:39.650] Husby was here, and we are ready to go
[2026-05-18 21:50:39.662] AUTO-DISENGAGE: gear left Park (now R)
[2026-05-18 21:50:39.662] Husby was here, and we are ready to go
[2026-05-18 21:50:39.669] AUTO-DISENGAGE: gear left Park (now R)
[2026-05-18 21:50:39.669] Husby was here, and we are ready to go
[2026-05-18 21:50:39.690] AUTO-DISENGAGE: gear left Park (now R)
[2026-05-18 21:50:39.690] Husby was here, and we are ready to go
[2026-05-18 21:50:39.710] AUTO-DISENGAGE: gear left Park (now R)
[2026-05-18 21:50:39.710] Husby was here, and we are ready to go
[2026-05-18 21:50:39.730] AUTO-DISENGAGE: gear left Park (now R)
[2026-05-18 21:50:39.730] Husby was here, and we are ready to go
[2026-05-18 21:50:39.750] AUTO-DISENGAGE: gear left Park (now R)
[2026-05-18 21:50:39.750] Husby was here, and we are ready to go
[2026-05-18 21:50:39.763] AUTO-DISENGAGE: gear left Park (now R)
[2026-05-18 21:50:39.763] Husby was here, and we are ready to go
[2026-05-18 21:50:39.769] AUTO-DISENGAGE: gear left Park (now R)
[2026-05-18 21:50:39.769] Husby was here, and we are ready to go
[2026-05-18 21:50:39.791] AUTO-DISENGAGE: gear left Park (now R)
[2026-05-18 21:50:39.791] Husby was here, and we are ready to go
[2026-05-18 21:50:39.792] SHIFT post-burst gear: R (requested R)
[2026-05-18 21:50:39.811] AUTO-DISENGAGE: gear left Park (now R)
[2026-05-18 21:50:39.812] Husby was here, and we are ready to go
[2026-05-18 21:50:39.832] AUTO-DISENGAGE: gear left Park (now R)
[2026-05-18 21:50:39.833] Husby was here, and we are ready to go
[2026-05-18 21:50:39.851] AUTO-DISENGAGE: gear left Park (now R)
[2026-05-18 21:50:39.851] Husby was here, and we are ready to go
[2026-05-18 21:50:39.863] AUTO-DISENGAGE: gear left Park (now R)
[2026-05-18 21:50:39.863] Husby was here, and we are ready to go
[2026-05-18 21:50:39.870] AUTO-DISENGAGE: gear left Park (now R)
[2026-05-18 21:50:39.870] Husby was here, and we are ready to go
[2026-05-18 21:50:39.891] AUTO-DISENGAGE: gear left Park (now R)
[2026-05-18 21:50:39.891] Husby was here, and we are ready to go
[2026-05-18 21:50:39.911] AUTO-DISENGAGE: gear left Park (now R)
[2026-05-18 21:50:39.912] Husby was here, and we are ready to go
[2026-05-18 21:50:39.930] AUTO-DISENGAGE: gear left Park (now R)
[2026-05-18 21:50:39.931] Husby was here, and we are ready to go
[2026-05-18 21:50:39.950] AUTO-DISENGAGE: gear left Park (now R)
[2026-05-18 21:50:39.950] Husby was here, and we are ready to go
[2026-05-18 21:50:39.966] AUTO-DISENGAGE: gear left Park (now R)
[2026-05-18 21:50:39.966] Husby was here, and we are ready to go
[2026-05-18 21:50:39.969] AUTO-DISENGAGE: gear left Park (now R)
[2026-05-18 21:50:39.970] Husby was here, and we are ready to go
[2026-05-18 21:50:39.994] AUTO-DISENGAGE: gear left Park (now R)
[2026-05-18 21:50:39.994] Husby was here, and we are ready to go
[2026-05-18 21:50:40.012] AUTO-DISENGAGE: gear left Park (now R)
[2026-05-18 21:50:40.012] Husby was here, and we are ready to go
[2026-05-18 21:50:40.032] AUTO-DISENGAGE: gear left Park (now R)
[2026-05-18 21:50:40.032] Husby was here, and we are ready to go
[2026-05-18 21:50:40.050] AUTO-DISENGAGE: gear left Park (now R)
[2026-05-18 21:50:40.050] Husby was here, and we are ready to go
[2026-05-18 21:50:40.063] AUTO-DISENGAGE: gear left Park (now R)
[2026-05-18 21:50:40.063] Husby was here, and we are ready to go
[2026-05-18 21:50:40.070] AUTO-DISENGAGE: gear left Park (now R)
[2026-05-18 21:50:40.070] Husby was here, and we are ready to go
[2026-05-18 21:50:40.091] AUTO-DISENGAGE: gear left Park (now R)
[2026-05-18 21:50:40.091] Husby was here, and we are ready to go
[2026-05-18 21:50:40.110] AUTO-DISENGAGE: gear left Park (now R)
[2026-05-18 21:50:40.110] Husby was here, and we are ready to go
[2026-05-18 21:50:40.130] AUTO-DISENGAGE: gear left Park (now R)
[2026-05-18 21:50:40.130] Husby was here, and we are ready to go
[2026-05-18 21:50:40.150] AUTO-DISENGAGE: gear left Park (now R)
[2026-05-18 21:50:40.150] Husby was here, and we are ready to go
[2026-05-18 21:50:40.163] AUTO-DISENGAGE: gear left Park (now R)
[2026-05-18 21:50:40.163] Husby was here, and we are ready to go
[2026-05-18 21:50:40.170] AUTO-DISENGAGE: gear left Park (now R)
[2026-05-18 21:50:40.170] Husby was here, and we are ready to go
[2026-05-18 21:50:40.190] AUTO-DISENGAGE: gear left Park (now R)
[2026-05-18 21:50:40.190] Husby was here, and we are ready to go
[2026-05-18 21:50:40.210] AUTO-DISENGAGE: gear left Park (now R)
[2026-05-18 21:50:40.210] Husby was here, and we are ready to go
[2026-05-18 21:50:40.231] AUTO-DISENGAGE: gear left Park (now R)
[2026-05-18 21:50:40.231] Husby was here, and we are ready to go
[2026-05-18 21:50:40.251] AUTO-DISENGAGE: gear left Park (now R)
[2026-05-18 21:50:40.252] Husby was here, and we are ready to go
[2026-05-18 21:50:40.264] AUTO-DISENGAGE: gear left Park (now R)
[2026-05-18 21:50:40.264] Husby was here, and we are ready to go
[2026-05-18 21:50:40.270] AUTO-DISENGAGE: gear left Park (now R)
[2026-05-18 21:50:40.270] Husby was here, and we are ready to go
[2026-05-18 21:50:40.291] AUTO-DISENGAGE: gear left Park (now R)
[2026-05-18 21:50:40.292] Husby was here, and we are ready to go
[2026-05-18 21:50:40.312] AUTO-DISENGAGE: gear left Park (now R)
[2026-05-18 21:50:40.312] Husby was here, and we are ready to go
[2026-05-18 21:50:40.331] AUTO-DISENGAGE: gear left Park (now R)
[2026-05-18 21:50:40.331] Husby was here, and we are ready to go
[2026-05-18 21:50:40.350] AUTO-DISENGAGE: gear left Park (now R)
[2026-05-18 21:50:40.350] Husby was here, and we are ready to go
[2026-05-18 21:50:40.364] AUTO-DISENGAGE: gear left Park (now R)
[2026-05-18 21:50:40.364] Husby was here, and we are ready to go
[2026-05-18 21:50:40.370] AUTO-DISENGAGE: gear left Park (now R)
[2026-05-18 21:50:40.370] Husby was here, and we are ready to go
[2026-05-18 21:50:40.390] AUTO-DISENGAGE: gear left Park (now R)
[2026-05-18 21:50:40.390] Husby was here, and we are ready to go
[2026-05-18 21:50:40.411] AUTO-DISENGAGE: gear left Park (now R)
[2026-05-18 21:50:40.411] Husby was here, and we are ready to go
[2026-05-18 21:50:40.430] AUTO-DISENGAGE: gear left Park (now R)
[2026-05-18 21:50:40.430] Husby was here, and we are ready to go
[2026-05-18 21:50:40.450] AUTO-DISENGAGE: gear left Park (now R)
[2026-05-18 21:50:40.450] Husby was here, and we are ready to go
[2026-05-18 21:50:40.463] AUTO-DISENGAGE: gear left Park (now R)
[2026-05-18 21:50:40.463] Husby was here, and we are ready to go
[2026-05-18 21:50:40.470] AUTO-DISENGAGE: gear left Park (now R)
[2026-05-18 21:50:40.470] Husby was here, and we are ready to go
[2026-05-18 21:50:40.491] AUTO-DISENGAGE: gear left Park (now R)
[2026-05-18 21:50:40.491] Husby was here, and we are ready to go
[2026-05-18 21:50:40.511] AUTO-DISENGAGE: gear left Park (now R)
[2026-05-18 21:50:40.511] Husby was here, and we are ready to go
[2026-05-18 21:50:40.531] AUTO-DISENGAGE: gear left Park (now R)
[2026-05-18 21:50:40.531] Husby was here, and we are ready to go
[2026-05-18 21:50:40.550] AUTO-DISENGAGE: gear left Park (now R)
[2026-05-18 21:50:40.550] Husby was here, and we are ready to go
[2026-05-18 21:50:40.562] AUTO-DISENGAGE: gear left Park (now R)
[2026-05-18 21:50:40.563] Husby was here, and we are ready to go
[2026-05-18 21:50:40.570] AUTO-DISENGAGE: gear left Park (now R)
[2026-05-18 21:50:40.570] Husby was here, and we are ready to go
[2026-05-18 21:50:40.590] AUTO-DISENGAGE: gear left Park (now R)
[2026-05-18 21:50:40.590] Husby was here, and we are ready to go
[2026-05-18 21:50:40.610] AUTO-DISENGAGE: gear left Park (now R)
[2026-05-18 21:50:40.610] Husby was here, and we are ready to go
[2026-05-18 21:50:40.630] AUTO-DISENGAGE: gear left Park (now R)
[2026-05-18 21:50:40.630] Husby was here, and we are ready to go
[2026-05-18 21:50:40.651] AUTO-DISENGAGE: gear left Park (now R)
[2026-05-18 21:50:40.651] Husby was here, and we are ready to go
[2026-05-18 21:50:40.663] AUTO-DISENGAGE: gear left Park (now R)
[2026-05-18 21:50:40.664] Husby was here, and we are ready to go
[2026-05-18 21:50:40.670] AUTO-DISENGAGE: gear left Park (now R)
[2026-05-18 21:50:40.670] Husby was here, and we are ready to go
[2026-05-18 21:50:40.692] AUTO-DISENGAGE: gear left Park (now R)
[2026-05-18 21:50:40.692] Husby was here, and we are ready to go
[2026-05-18 21:50:40.712] AUTO-DISENGAGE: gear left Park (now R)
[2026-05-18 21:50:40.712] Husby was here, and we are ready to go
[2026-05-18 21:50:40.731] AUTO-DISENGAGE: gear left Park (now R)
[2026-05-18 21:50:40.731] Husby was here, and we are ready to go
[2026-05-18 21:50:40.750] AUTO-DISENGAGE: gear left Park (now R)
[2026-05-18 21:50:40.750] Husby was here, and we are ready to go
[2026-05-18 21:50:40.763] AUTO-DISENGAGE: gear left Park (now R)
[2026-05-18 21:50:40.763] Husby was here, and we are ready to go
[2026-05-18 21:50:40.770] AUTO-DISENGAGE: gear left Park (now R)
[2026-05-18 21:50:40.770] Husby was here, and we are ready to go
[2026-05-18 21:50:40.790] AUTO-DISENGAGE: gear left Park (now R)
[2026-05-18 21:50:40.790] Husby was here, and we are ready to go
[2026-05-18 21:50:40.810] AUTO-DISENGAGE: gear left Park (now R)
[2026-05-18 21:50:40.810] Husby was here, and we are ready to go
[2026-05-18 21:50:40.831] AUTO-DISENGAGE: gear left Park (now R)
[2026-05-18 21:50:40.831] Husby was here, and we are ready to go
[2026-05-18 21:50:40.851] AUTO-DISENGAGE: gear left Park (now R)
[2026-05-18 21:50:40.851] Husby was here, and we are ready to go
[2026-05-18 21:50:40.863] AUTO-DISENGAGE: gear left Park (now R)
[2026-05-18 21:50:40.863] Husby was here, and we are ready to go
[2026-05-18 21:50:40.870] AUTO-DISENGAGE: gear left Park (now R)
[2026-05-18 21:50:40.870] Husby was here, and we are ready to go
[2026-05-18 21:50:40.891] AUTO-DISENGAGE: gear left Park (now R)
[2026-05-18 21:50:40.892] Husby was here, and we are ready to go
[2026-05-18 21:50:40.912] AUTO-DISENGAGE: gear left Park (now R)
[2026-05-18 21:50:40.912] Husby was here, and we are ready to go
[2026-05-18 21:50:40.931] AUTO-DISENGAGE: gear left Park (now R)
[2026-05-18 21:50:40.931] Husby was here, and we are ready to go
[2026-05-18 21:50:40.952] AUTO-DISENGAGE: gear left Park (now R)
[2026-05-18 21:50:40.952] Husby was here, and we are ready to go
[2026-05-18 21:50:40.963] AUTO-DISENGAGE: gear left Park (now R)
[2026-05-18 21:50:40.964] Husby was here, and we are ready to go
[2026-05-18 21:50:40.970] AUTO-DISENGAGE: gear left Park (now R)
[2026-05-18 21:50:40.970] Husby was here, and we are ready to go
[2026-05-18 21:50:40.991] AUTO-DISENGAGE: gear left Park (now R)
[2026-05-18 21:50:40.991] Husby was here, and we are ready to go
[2026-05-18 21:50:41.010] AUTO-DISENGAGE: gear left Park (now R)
[2026-05-18 21:50:41.010] Husby was here, and we are ready to go
[2026-05-18 21:50:41.030] AUTO-DISENGAGE: gear left Park (now R)
[2026-05-18 21:50:41.030] Husby was here, and we are ready to go
[2026-05-18 21:50:41.051] AUTO-DISENGAGE: gear left Park (now R)
[2026-05-18 21:50:41.051] Husby was here, and we are ready to go
[2026-05-18 21:50:41.062] AUTO-DISENGAGE: gear left Park (now R)
[2026-05-18 21:50:41.062] Husby was here, and we are ready to go
[2026-05-18 21:50:41.070] AUTO-DISENGAGE: gear left Park (now R)
[2026-05-18 21:50:41.070] Husby was here, and we are ready to go
[2026-05-18 21:50:41.090] AUTO-DISENGAGE: gear left Park (now R)
[2026-05-18 21:50:41.090] Husby was here, and we are ready to go
[2026-05-18 21:50:41.112] AUTO-DISENGAGE: gear left Park (now R)
[2026-05-18 21:50:41.112] Husby was here, and we are ready to go
[2026-05-18 21:50:41.131] AUTO-DISENGAGE: gear left Park (now R)
[2026-05-18 21:50:41.131] Husby was here, and we are ready to go
[2026-05-18 21:50:41.150] AUTO-DISENGAGE: gear left Park (now R)
[2026-05-18 21:50:41.150] Husby was here, and we are ready to go
[2026-05-18 21:50:41.163] AUTO-DISENGAGE: gear left Park (now R)
[2026-05-18 21:50:41.163] Husby was here, and we are ready to go
[2026-05-18 21:50:41.170] AUTO-DISENGAGE: gear left Park (now R)
[2026-05-18 21:50:41.170] Husby was here, and we are ready to go
[2026-05-18 21:50:41.191] AUTO-DISENGAGE: gear left Park (now R)
[2026-05-18 21:50:41.191] Husby was here, and we are ready to go
[2026-05-18 21:50:41.211] AUTO-DISENGAGE: gear left Park (now R)
[2026-05-18 21:50:41.211] Husby was here, and we are ready to go
[2026-05-18 21:50:41.231] brake: released
[2026-05-18 21:50:41.232] AUTO-DISENGAGE: gear left Park (now R)
[2026-05-18 21:50:41.232] Husby was here, and we are ready to go
[2026-05-18 21:50:41.250] AUTO-DISENGAGE: gear left Park (now R)
[2026-05-18 21:50:41.250] Husby was here, and we are ready to go
[2026-05-18 21:50:41.262] AUTO-DISENGAGE: gear left Park (now R)
[2026-05-18 21:50:41.262] Husby was here, and we are ready to go
[2026-05-18 21:50:41.270] AUTO-DISENGAGE: gear left Park (now R)
[2026-05-18 21:50:41.270] Husby was here, and we are ready to go
[2026-05-18 21:50:41.290] AUTO-DISENGAGE: gear left Park (now R)
[2026-05-18 21:50:41.290] Husby was here, and we are ready to go
[2026-05-18 21:50:41.314] AUTO-DISENGAGE: gear left Park (now R)
[2026-05-18 21:50:41.315] Husby was here, and we are ready to go
[2026-05-18 21:50:41.331] AUTO-DISENGAGE: gear left Park (now R)
[2026-05-18 21:50:41.331] Husby was here, and we are ready to go
[2026-05-18 21:50:41.352] AUTO-DISENGAGE: gear left Park (now R)
[2026-05-18 21:50:41.352] Husby was here, and we are ready to go
[2026-05-18 21:50:41.363] AUTO-DISENGAGE: gear left Park (now R)
[2026-05-18 21:50:41.363] Husby was here, and we are ready to go
[2026-05-18 21:50:41.370] AUTO-DISENGAGE: gear left Park (now R)
[2026-05-18 21:50:41.370] Husby was here, and we are ready to go
[2026-05-18 21:50:41.397] AUTO-DISENGAGE: gear left Park (now R)
[2026-05-18 21:50:41.397] Husby was here, and we are ready to go
[2026-05-18 21:50:41.422] AUTO-DISENGAGE: gear left Park (now R)
[2026-05-18 21:50:41.422] Husby was here, and we are ready to go
[2026-05-18 21:50:41.442] AUTO-DISENGAGE: gear left Park (now R)
[2026-05-18 21:50:41.442] Husby was here, and we are ready to go
[2026-05-18 21:50:41.462] AUTO-DISENGAGE: gear left Park (now R)
[2026-05-18 21:50:41.463] Husby was here, and we are ready to go
[2026-05-18 21:50:41.463] AUTO-DISENGAGE: gear left Park (now R)
[2026-05-18 21:50:41.463] Husby was here, and we are ready to go
[2026-05-18 21:50:41.483] AUTO-DISENGAGE: gear left Park (now R)
[2026-05-18 21:50:41.483] Husby was here, and we are ready to go
[2026-05-18 21:50:41.505] AUTO-DISENGAGE: gear left Park (now R)
[2026-05-18 21:50:41.506] Husby was here, and we are ready to go
[2026-05-18 21:50:41.524] AUTO-DISENGAGE: gear left Park (now R)
[2026-05-18 21:50:41.524] Husby was here, and we are ready to go
[2026-05-18 21:50:41.542] AUTO-DISENGAGE: gear left Park (now R)
[2026-05-18 21:50:41.542] Husby was here, and we are ready to go
[2026-05-18 21:50:41.563] AUTO-DISENGAGE: gear left Park (now R)
[2026-05-18 21:50:41.563] Husby was here, and we are ready to go
[2026-05-18 21:50:41.563] AUTO-DISENGAGE: gear left Park (now R)
[2026-05-18 21:50:41.563] Husby was here, and we are ready to go
[2026-05-18 21:50:41.584] AUTO-DISENGAGE: gear left Park (now R)
[2026-05-18 21:50:41.584] Husby was here, and we are ready to go
[2026-05-18 21:50:41.604] AUTO-DISENGAGE: gear left Park (now R)
[2026-05-18 21:50:41.604] Husby was here, and we are ready to go
[2026-05-18 21:50:41.622] AUTO-DISENGAGE: gear left Park (now R)
[2026-05-18 21:50:41.623] Husby was here, and we are ready to go
[2026-05-18 21:50:41.643] AUTO-DISENGAGE: gear left Park (now R)
[2026-05-18 21:50:41.643] Husby was here, and we are ready to go
[2026-05-18 21:50:41.663] AUTO-DISENGAGE: gear left Park (now R)
[2026-05-18 21:50:41.663] Husby was here, and we are ready to go
[2026-05-18 21:50:41.663] AUTO-DISENGAGE: gear left Park (now R)
[2026-05-18 21:50:41.664] Husby was here, and we are ready to go
[2026-05-18 21:50:41.682] AUTO-DISENGAGE: gear left Park (now R)
[2026-05-18 21:50:41.682] Husby was here, and we are ready to go
[2026-05-18 21:50:41.703] AUTO-DISENGAGE: gear left Park (now R)
[2026-05-18 21:50:41.703] Husby was here, and we are ready to go
[2026-05-18 21:50:41.724] AUTO-DISENGAGE: gear left Park (now R)
[2026-05-18 21:50:41.724] Husby was here, and we are ready to go
[2026-05-18 21:50:41.743] AUTO-DISENGAGE: gear left Park (now R)
[2026-05-18 21:50:41.743] Husby was here, and we are ready to go
[2026-05-18 21:50:41.766] AUTO-DISENGAGE: gear left Park (now R)
[2026-05-18 21:50:41.767] Husby was here, and we are ready to go
[2026-05-18 21:50:41.768] AUTO-DISENGAGE: gear left Park (now R)
[2026-05-18 21:50:41.768] Husby was here, and we are ready to go
[2026-05-18 21:50:41.782] AUTO-DISENGAGE: gear left Park (now R)
[2026-05-18 21:50:41.783] Husby was here, and we are ready to go
[2026-05-18 21:50:41.802] brake: PRESSED
[2026-05-18 21:50:41.804] AUTO-DISENGAGE: gear left Park (now R)
[2026-05-18 21:50:41.804] Husby was here, and we are ready to go
[2026-05-18 21:50:41.824] AUTO-DISENGAGE: gear left Park (now R)
[2026-05-18 21:50:41.824] Husby was here, and we are ready to go
[2026-05-18 21:50:41.844] AUTO-DISENGAGE: gear left Park (now R)
[2026-05-18 21:50:41.844] Husby was here, and we are ready to go
[2026-05-18 21:50:41.866] AUTO-DISENGAGE: gear left Park (now R)
[2026-05-18 21:50:41.866] Husby was here, and we are ready to go
[2026-05-18 21:50:41.868] AUTO-DISENGAGE: gear left Park (now R)
[2026-05-18 21:50:41.868] Husby was here, and we are ready to go
[2026-05-18 21:50:41.883] AUTO-DISENGAGE: gear left Park (now R)
[2026-05-18 21:50:41.883] Husby was here, and we are ready to go
[2026-05-18 21:50:41.903] AUTO-DISENGAGE: gear left Park (now R)
[2026-05-18 21:50:41.903] Husby was here, and we are ready to go
[2026-05-18 21:50:41.924] AUTO-DISENGAGE: gear left Park (now R)
[2026-05-18 21:50:41.924] Husby was here, and we are ready to go
[2026-05-18 21:50:41.949] AUTO-DISENGAGE: gear left Park (now R)
[2026-05-18 21:50:41.949] Husby was here, and we are ready to go
[2026-05-18 21:50:41.967] AUTO-DISENGAGE: gear left Park (now R)
[2026-05-18 21:50:41.968] Husby was here, and we are ready to go
[2026-05-18 21:50:41.968] AUTO-DISENGAGE: gear left Park (now R)
[2026-05-18 21:50:41.968] Husby was here, and we are ready to go
[2026-05-18 21:50:41.987] AUTO-DISENGAGE: gear left Park (now R)
[2026-05-18 21:50:41.988] Husby was here, and we are ready to go
[2026-05-18 21:50:42.007] AUTO-DISENGAGE: gear left Park (now R)
[2026-05-18 21:50:42.008] Husby was here, and we are ready to go
[2026-05-18 21:50:42.029] AUTO-DISENGAGE: gear left Park (now R)
[2026-05-18 21:50:42.029] Husby was here, and we are ready to go
[2026-05-18 21:50:42.049] AUTO-DISENGAGE: gear left Park (now R)
[2026-05-18 21:50:42.049] Husby was here, and we are ready to go
[2026-05-18 21:50:42.071] AUTO-DISENGAGE: gear left Park (now R)
[2026-05-18 21:50:42.071] Husby was here, and we are ready to go
[2026-05-18 21:50:42.072] AUTO-DISENGAGE: gear left Park (now R)
[2026-05-18 21:50:42.073] Husby was here, and we are ready to go
[2026-05-18 21:50:42.089] AUTO-DISENGAGE: gear left Park (now R)
[2026-05-18 21:50:42.089] Husby was here, and we are ready to go
[2026-05-18 21:50:42.109] AUTO-DISENGAGE: gear left Park (now R)
[2026-05-18 21:50:42.109] Husby was here, and we are ready to go
[2026-05-18 21:50:42.128] AUTO-DISENGAGE: gear left Park (now R)
[2026-05-18 21:50:42.129] Husby was here, and we are ready to go
[2026-05-18 21:50:42.149] AUTO-DISENGAGE: gear left Park (now R)
[2026-05-18 21:50:42.150] Husby was here, and we are ready to go
[2026-05-18 21:50:42.170] AUTO-DISENGAGE: gear left Park (now R)
[2026-05-18 21:50:42.170] Husby was here, and we are ready to go
[2026-05-18 21:50:42.171] AUTO-DISENGAGE: gear left Park (now R)
[2026-05-18 21:50:42.172] Husby was here, and we are ready to go
[2026-05-18 21:50:42.188] AUTO-DISENGAGE: gear left Park (now R)
[2026-05-18 21:50:42.189] Husby was here, and we are ready to go
[2026-05-18 21:50:42.207] AUTO-DISENGAGE: gear left Park (now R)
[2026-05-18 21:50:42.207] Husby was here, and we are ready to go
[2026-05-18 21:50:42.228] AUTO-DISENGAGE: gear left Park (now R)
[2026-05-18 21:50:42.228] Husby was here, and we are ready to go
[2026-05-18 21:50:42.248] AUTO-DISENGAGE: gear left Park (now R)
[2026-05-18 21:50:42.248] Husby was here, and we are ready to go
[2026-05-18 21:50:42.268] AUTO-DISENGAGE: gear left Park (now R)
[2026-05-18 21:50:42.268] Husby was here, and we are ready to go
[2026-05-18 21:50:42.272] AUTO-DISENGAGE: gear left Park (now R)
[2026-05-18 21:50:42.272] Husby was here, and we are ready to go
[2026-05-18 21:50:42.287] AUTO-DISENGAGE: gear left Park (now R)
[2026-05-18 21:50:42.288] Husby was here, and we are ready to go
[2026-05-18 21:50:42.307] AUTO-DISENGAGE: gear left Park (now R)
[2026-05-18 21:50:42.308] Husby was here, and we are ready to go
[2026-05-18 21:50:42.328] AUTO-DISENGAGE: gear left Park (now R)
[2026-05-18 21:50:42.328] Husby was here, and we are ready to go
[2026-05-18 21:50:42.347] AUTO-DISENGAGE: gear left Park (now R)
[2026-05-18 21:50:42.348] Husby was here, and we are ready to go
[2026-05-18 21:50:42.370] AUTO-DISENGAGE: gear left Park (now R)
[2026-05-18 21:50:42.370] Husby was here, and we are ready to go
[2026-05-18 21:50:42.371] AUTO-DISENGAGE: gear left Park (now R)
[2026-05-18 21:50:42.371] Husby was here, and we are ready to go
[2026-05-18 21:50:42.387] AUTO-DISENGAGE: gear left Park (now R)
[2026-05-18 21:50:42.387] Husby was here, and we are ready to go
[2026-05-18 21:50:42.408] AUTO-DISENGAGE: gear left Park (now R)
[2026-05-18 21:50:42.408] Husby was here, and we are ready to go
[2026-05-18 21:50:42.429] AUTO-DISENGAGE: gear left Park (now R)
[2026-05-18 21:50:42.429] Husby was here, and we are ready to go
[2026-05-18 21:50:42.448] AUTO-DISENGAGE: gear left Park (now R)
[2026-05-18 21:50:42.448] Husby was here, and we are ready to go
[2026-05-18 21:50:42.470] AUTO-DISENGAGE: gear left Park (now R)
[2026-05-18 21:50:42.471] Husby was here, and we are ready to go
[2026-05-18 21:50:42.471] AUTO-DISENGAGE: gear left Park (now R)
[2026-05-18 21:50:42.471] Husby was here, and we are ready to go
[2026-05-18 21:50:42.488] AUTO-DISENGAGE: gear left Park (now R)
[2026-05-18 21:50:42.489] Husby was here, and we are ready to go
[2026-05-18 21:50:42.509] AUTO-DISENGAGE: gear left Park (now R)
[2026-05-18 21:50:42.510] Husby was here, and we are ready to go
[2026-05-18 21:50:42.528] AUTO-DISENGAGE: gear left Park (now R)
[2026-05-18 21:50:42.529] Husby was here, and we are ready to go
[2026-05-18 21:50:42.549] AUTO-DISENGAGE: gear left Park (now R)
[2026-05-18 21:50:42.549] Husby was here, and we are ready to go
[2026-05-18 21:50:42.568] AUTO-DISENGAGE: gear left Park (now R)
[2026-05-18 21:50:42.568] Husby was here, and we are ready to go
[2026-05-18 21:50:42.572] AUTO-DISENGAGE: gear left Park (now R)
[2026-05-18 21:50:42.572] Husby was here, and we are ready to go
[2026-05-18 21:50:42.587] AUTO-DISENGAGE: gear left Park (now R)
[2026-05-18 21:50:42.588] Husby was here, and we are ready to go
[2026-05-18 21:50:42.607] AUTO-DISENGAGE: gear left Park (now R)
[2026-05-18 21:50:42.607] Husby was here, and we are ready to go
[2026-05-18 21:50:42.628] AUTO-DISENGAGE: gear left Park (now R)
[2026-05-18 21:50:42.628] Husby was here, and we are ready to go
[2026-05-18 21:50:42.648] AUTO-DISENGAGE: gear left Park (now R)
[2026-05-18 21:50:42.648] Husby was here, and we are ready to go
[2026-05-18 21:50:42.667] AUTO-DISENGAGE: gear left Park (now R)
[2026-05-18 21:50:42.667] Husby was here, and we are ready to go
[2026-05-18 21:50:42.671] AUTO-DISENGAGE: gear left Park (now R)
[2026-05-18 21:50:42.672] Husby was here, and we are ready to go
[2026-05-18 21:50:42.688] AUTO-DISENGAGE: gear left Park (now R)
[2026-05-18 21:50:42.688] Husby was here, and we are ready to go
[2026-05-18 21:50:42.708] AUTO-DISENGAGE: gear left Park (now R)
[2026-05-18 21:50:42.708] Husby was here, and we are ready to go
[2026-05-18 21:50:42.729] AUTO-DISENGAGE: gear left Park (now R)
[2026-05-18 21:50:42.729] Husby was here, and we are ready to go
[2026-05-18 21:50:42.747] AUTO-DISENGAGE: gear left Park (now R)
[2026-05-18 21:50:42.747] Husby was here, and we are ready to go
[2026-05-18 21:50:42.767] AUTO-DISENGAGE: gear left Park (now R)
[2026-05-18 21:50:42.767] Husby was here, and we are ready to go
[2026-05-18 21:50:42.771] AUTO-DISENGAGE: gear left Park (now R)
[2026-05-18 21:50:42.772] Husby was here, and we are ready to go
[2026-05-18 21:50:42.787] brake: released
[2026-05-18 21:50:42.787] AUTO-DISENGAGE: gear left Park (now R)
[2026-05-18 21:50:42.787] Husby was here, and we are ready to go
[2026-05-18 21:50:42.807] AUTO-DISENGAGE: gear left Park (now R)
[2026-05-18 21:50:42.807] Husby was here, and we are ready to go
[2026-05-18 21:50:42.832] AUTO-DISENGAGE: gear left Park (now R)
[2026-05-18 21:50:42.832] Husby was here, and we are ready to go
[2026-05-18 21:50:42.852] AUTO-DISENGAGE: gear left Park (now R)
[2026-05-18 21:50:42.852] Husby was here, and we are ready to go
[2026-05-18 21:50:42.876] AUTO-DISENGAGE: gear left Park (now R)
[2026-05-18 21:50:42.877] Husby was here, and we are ready to go
[2026-05-18 21:50:42.878] AUTO-DISENGAGE: gear left Park (now R)
[2026-05-18 21:50:42.878] Husby was here, and we are ready to go
[2026-05-18 21:50:42.895] AUTO-DISENGAGE: gear left Park (now R)
[2026-05-18 21:50:42.895] Husby was here, and we are ready to go
[2026-05-18 21:50:42.915] AUTO-DISENGAGE: gear left Park (now R)
[2026-05-18 21:50:42.916] Husby was here, and we are ready to go
[2026-05-18 21:50:42.934] AUTO-DISENGAGE: gear left Park (now R)
[2026-05-18 21:50:42.934] Husby was here, and we are ready to go
[2026-05-18 21:50:42.954] AUTO-DISENGAGE: gear left Park (now R)
[2026-05-18 21:50:42.954] Husby was here, and we are ready to go
[2026-05-18 21:50:42.974] AUTO-DISENGAGE: gear left Park (now R)
[2026-05-18 21:50:42.974] Husby was here, and we are ready to go
[2026-05-18 21:50:42.978] AUTO-DISENGAGE: gear left Park (now R)
[2026-05-18 21:50:42.978] Husby was here, and we are ready to go
[2026-05-18 21:50:42.994] AUTO-DISENGAGE: gear left Park (now R)
[2026-05-18 21:50:42.994] Husby was here, and we are ready to go
[2026-05-18 21:50:43.014] AUTO-DISENGAGE: gear left Park (now R)
[2026-05-18 21:50:43.014] Husby was here, and we are ready to go
[2026-05-18 21:50:43.032] AUTO-DISENGAGE: gear left Park (now R)
[2026-05-18 21:50:43.032] Husby was here, and we are ready to go
[2026-05-18 21:50:43.052] AUTO-DISENGAGE: gear left Park (now R)
[2026-05-18 21:50:43.052] Husby was here, and we are ready to go
[2026-05-18 21:50:43.073] AUTO-DISENGAGE: gear left Park (now R)
[2026-05-18 21:50:43.073] Husby was here, and we are ready to go
[2026-05-18 21:50:43.077] AUTO-DISENGAGE: gear left Park (now R)
[2026-05-18 21:50:43.078] Husby was here, and we are ready to go
[2026-05-18 21:50:43.092] AUTO-DISENGAGE: gear left Park (now R)
[2026-05-18 21:50:43.092] Husby was here, and we are ready to go
[2026-05-18 21:50:43.113] AUTO-DISENGAGE: gear left Park (now R)
[2026-05-18 21:50:43.113] Husby was here, and we are ready to go
[2026-05-18 21:50:43.132] AUTO-DISENGAGE: gear left Park (now R)
[2026-05-18 21:50:43.132] Husby was here, and we are ready to go
[2026-05-18 21:50:43.152] AUTO-DISENGAGE: gear left Park (now R)
[2026-05-18 21:50:43.152] Husby was here, and we are ready to go
[2026-05-18 21:50:43.177] AUTO-DISENGAGE: gear left Park (now R)
[2026-05-18 21:50:43.177] Husby was here, and we are ready to go
[2026-05-18 21:50:43.178] AUTO-DISENGAGE: gear left Park (now R)
[2026-05-18 21:50:43.178] Husby was here, and we are ready to go
[2026-05-18 21:50:43.195] AUTO-DISENGAGE: gear left Park (now R)
[2026-05-18 21:50:43.195] Husby was here, and we are ready to go
[2026-05-18 21:50:43.214] AUTO-DISENGAGE: gear left Park (now R)
[2026-05-18 21:50:43.215] Husby was here, and we are ready to go
[2026-05-18 21:50:43.235] AUTO-DISENGAGE: gear left Park (now R)
[2026-05-18 21:50:43.235] Husby was here, and we are ready to go
[2026-05-18 21:50:43.254] AUTO-DISENGAGE: gear left Park (now R)
[2026-05-18 21:50:43.254] Husby was here, and we are ready to go
[2026-05-18 21:50:43.273] AUTO-DISENGAGE: gear left Park (now R)
[2026-05-18 21:50:43.274] Husby was here, and we are ready to go
[2026-05-18 21:50:43.279] AUTO-DISENGAGE: gear left Park (now R)
[2026-05-18 21:50:43.279] Husby was here, and we are ready to go
[2026-05-18 21:50:43.293] AUTO-DISENGAGE: gear left Park (now R)
[2026-05-18 21:50:43.293] Husby was here, and we are ready to go
[2026-05-18 21:50:43.313] AUTO-DISENGAGE: gear left Park (now R)
[2026-05-18 21:50:43.313] Husby was here, and we are ready to go
[2026-05-18 21:50:43.332] AUTO-DISENGAGE: gear left Park (now R)
[2026-05-18 21:50:43.332] Husby was here, and we are ready to go
[2026-05-18 21:50:43.352] AUTO-DISENGAGE: gear left Park (now R)
[2026-05-18 21:50:43.352] Husby was here, and we are ready to go
[2026-05-18 21:50:43.372] brake: PRESSED
[2026-05-18 21:50:43.377] AUTO-DISENGAGE: gear left Park (now R)
[2026-05-18 21:50:43.377] Husby was here, and we are ready to go
[2026-05-18 21:50:43.378] AUTO-DISENGAGE: gear left Park (now R)
[2026-05-18 21:50:43.378] Husby was here, and we are ready to go
[2026-05-18 21:50:43.394] AUTO-DISENGAGE: gear left Park (now R)
[2026-05-18 21:50:43.394] Husby was here, and we are ready to go
[2026-05-18 21:50:43.418] AUTO-DISENGAGE: gear left Park (now R)
[2026-05-18 21:50:43.418] Husby was here, and we are ready to go
[2026-05-18 21:50:43.433] AUTO-DISENGAGE: gear left Park (now R)
[2026-05-18 21:50:43.434] Husby was here, and we are ready to go
[2026-05-18 21:50:43.454] AUTO-DISENGAGE: gear left Park (now R)
[2026-05-18 21:50:43.454] Husby was here, and we are ready to go
[2026-05-18 21:50:43.480] AUTO-DISENGAGE: gear left Park (now R)
[2026-05-18 21:50:43.480] Husby was here, and we are ready to go
[2026-05-18 21:50:43.481] AUTO-DISENGAGE: gear left Park (now R)
[2026-05-18 21:50:43.481] Husby was here, and we are ready to go
[2026-05-18 21:50:43.498] AUTO-DISENGAGE: gear left Park (now R)
[2026-05-18 21:50:43.498] Husby was here, and we are ready to go
[2026-05-18 21:50:43.518] AUTO-DISENGAGE: gear left Park (now R)
[2026-05-18 21:50:43.518] Husby was here, and we are ready to go
[2026-05-18 21:50:43.538] AUTO-DISENGAGE: gear left Park (now R)
[2026-05-18 21:50:43.538] Husby was here, and we are ready to go
[2026-05-18 21:50:43.556] AUTO-DISENGAGE: gear left Park (now R)
[2026-05-18 21:50:43.556] Husby was here, and we are ready to go
[2026-05-18 21:50:43.578] AUTO-DISENGAGE: gear left Park (now R)
[2026-05-18 21:50:43.578] Husby was here, and we are ready to go
[2026-05-18 21:50:43.581] AUTO-DISENGAGE: gear left Park (now R)
[2026-05-18 21:50:43.581] Husby was here, and we are ready to go
[2026-05-18 21:50:43.598] AUTO-DISENGAGE: gear left Park (now R)
[2026-05-18 21:50:43.598] Husby was here, and we are ready to go
[2026-05-18 21:50:43.617] AUTO-DISENGAGE: gear left Park (now R)
[2026-05-18 21:50:43.617] Husby was here, and we are ready to go
[2026-05-18 21:50:43.637] AUTO-DISENGAGE: gear left Park (now R)
[2026-05-18 21:50:43.637] Husby was here, and we are ready to go
[2026-05-18 21:50:43.657] AUTO-DISENGAGE: gear left Park (now R)
[2026-05-18 21:50:43.657] Husby was here, and we are ready to go
[2026-05-18 21:50:43.679] AUTO-DISENGAGE: gear left Park (now R)
[2026-05-18 21:50:43.679] Husby was here, and we are ready to go
[2026-05-18 21:50:43.681] AUTO-DISENGAGE: gear left Park (now R)
[2026-05-18 21:50:43.681] Husby was here, and we are ready to go
[2026-05-18 21:50:43.699] AUTO-DISENGAGE: gear left Park (now R)
[2026-05-18 21:50:43.699] Husby was here, and we are ready to go
[2026-05-18 21:50:43.720] AUTO-DISENGAGE: gear left Park (now R)
[2026-05-18 21:50:43.721] Husby was here, and we are ready to go
[2026-05-18 21:50:43.738] AUTO-DISENGAGE: gear left Park (now R)
[2026-05-18 21:50:43.738] Husby was here, and we are ready to go
[2026-05-18 21:50:43.758] AUTO-DISENGAGE: gear left Park (now R)
[2026-05-18 21:50:43.758] Husby was here, and we are ready to go
[2026-05-18 21:50:43.779] AUTO-DISENGAGE: gear left Park (now R)
[2026-05-18 21:50:43.779] Husby was here, and we are ready to go
[2026-05-18 21:50:43.781] AUTO-DISENGAGE: gear left Park (now R)
[2026-05-18 21:50:43.781] Husby was here, and we are ready to go
[2026-05-18 21:50:43.799] AUTO-DISENGAGE: gear left Park (now R)
[2026-05-18 21:50:43.799] Husby was here, and we are ready to go
[2026-05-18 21:50:43.818] AUTO-DISENGAGE: gear left Park (now R)
[2026-05-18 21:50:43.819] Husby was here, and we are ready to go
[2026-05-18 21:50:43.838] AUTO-DISENGAGE: gear left Park (now R)
[2026-05-18 21:50:43.838] Husby was here, and we are ready to go
[2026-05-18 21:50:43.857] AUTO-DISENGAGE: gear left Park (now R)
[2026-05-18 21:50:43.857] Husby was here, and we are ready to go
[2026-05-18 21:50:43.878] AUTO-DISENGAGE: gear left Park (now R)
[2026-05-18 21:50:43.878] Husby was here, and we are ready to go
[2026-05-18 21:50:43.881] AUTO-DISENGAGE: gear left Park (now R)
[2026-05-18 21:50:43.881] Husby was here, and we are ready to go
[2026-05-18 21:50:43.897] AUTO-DISENGAGE: gear left Park (now R)
[2026-05-18 21:50:43.897] Husby was here, and we are ready to go
[2026-05-18 21:50:43.918] AUTO-DISENGAGE: gear left Park (now R)
[2026-05-18 21:50:43.918] Husby was here, and we are ready to go
[2026-05-18 21:50:43.937] AUTO-DISENGAGE: gear left Park (now R)
[2026-05-18 21:50:43.937] Husby was here, and we are ready to go
[2026-05-18 21:50:43.956] AUTO-DISENGAGE: gear left Park (now R)
[2026-05-18 21:50:43.957] Husby was here, and we are ready to go
[2026-05-18 21:50:43.977] AUTO-DISENGAGE: gear left Park (now R)
[2026-05-18 21:50:43.977] Husby was here, and we are ready to go
[2026-05-18 21:50:43.981] AUTO-DISENGAGE: gear left Park (now R)
[2026-05-18 21:50:43.981] Husby was here, and we are ready to go
[2026-05-18 21:50:43.997] AUTO-DISENGAGE: gear left Park (now R)
[2026-05-18 21:50:43.997] Husby was here, and we are ready to go
[2026-05-18 21:50:44.017] AUTO-DISENGAGE: gear left Park (now R)
[2026-05-18 21:50:44.017] Husby was here, and we are ready to go
[2026-05-18 21:50:44.036] AUTO-DISENGAGE: gear left Park (now R)
[2026-05-18 21:50:44.037] Husby was here, and we are ready to go
[2026-05-18 21:50:44.057] AUTO-DISENGAGE: gear left Park (now R)
[2026-05-18 21:50:44.057] Husby was here, and we are ready to go
[2026-05-18 21:50:44.077] AUTO-DISENGAGE: gear left Park (now R)
[2026-05-18 21:50:44.077] Husby was here, and we are ready to go
[2026-05-18 21:50:44.081] AUTO-DISENGAGE: gear left Park (now R)
[2026-05-18 21:50:44.081] Husby was here, and we are ready to go
[2026-05-18 21:50:44.097] AUTO-DISENGAGE: gear left Park (now R)
[2026-05-18 21:50:44.097] Husby was here, and we are ready to go
[2026-05-18 21:50:44.117] AUTO-DISENGAGE: gear left Park (now R)
[2026-05-18 21:50:44.117] Husby was here, and we are ready to go
[2026-05-18 21:50:44.136] AUTO-DISENGAGE: gear left Park (now R)
[2026-05-18 21:50:44.136] Husby was here, and we are ready to go
[2026-05-18 21:50:44.156] AUTO-DISENGAGE: gear left Park (now R)
[2026-05-18 21:50:44.157] Husby was here, and we are ready to go
[2026-05-18 21:50:44.177] AUTO-DISENGAGE: gear left Park (now R)
[2026-05-18 21:50:44.177] Husby was here, and we are ready to go
[2026-05-18 21:50:44.181] AUTO-DISENGAGE: gear left Park (now R)
[2026-05-18 21:50:44.181] Husby was here, and we are ready to go
[2026-05-18 21:50:44.198] AUTO-DISENGAGE: gear left Park (now R)
[2026-05-18 21:50:44.199] Husby was here, and we are ready to go
[2026-05-18 21:50:44.218] AUTO-DISENGAGE: gear left Park (now R)
[2026-05-18 21:50:44.219] Husby was here, and we are ready to go
[2026-05-18 21:50:44.238] AUTO-DISENGAGE: gear left Park (now R)
[2026-05-18 21:50:44.239] Husby was here, and we are ready to go
[2026-05-18 21:50:44.258] AUTO-DISENGAGE: gear left Park (now R)
[2026-05-18 21:50:44.258] Husby was here, and we are ready to go
[2026-05-18 21:50:44.277] AUTO-DISENGAGE: gear left Park (now R)
[2026-05-18 21:50:44.277] Husby was here, and we are ready to go
[2026-05-18 21:50:44.281] AUTO-DISENGAGE: gear left Park (now R)
[2026-05-18 21:50:44.281] Husby was here, and we are ready to go
[2026-05-18 21:50:44.298] AUTO-DISENGAGE: gear left Park (now R)
[2026-05-18 21:50:44.298] Husby was here, and we are ready to go
[2026-05-18 21:50:44.318] AUTO-DISENGAGE: gear left Park (now R)
[2026-05-18 21:50:44.318] Husby was here, and we are ready to go
[2026-05-18 21:50:44.337] AUTO-DISENGAGE: gear left Park (now R)
[2026-05-18 21:50:44.337] Husby was here, and we are ready to go
[2026-05-18 21:50:44.357] AUTO-DISENGAGE: gear left Park (now R)
[2026-05-18 21:50:44.357] Husby was here, and we are ready to go
[2026-05-18 21:50:44.378] AUTO-DISENGAGE: gear left Park (now R)
[2026-05-18 21:50:44.378] Husby was here, and we are ready to go
[2026-05-18 21:50:44.381] AUTO-DISENGAGE: gear left Park (now R)
[2026-05-18 21:50:44.381] Husby was here, and we are ready to go
[2026-05-18 21:50:44.398] AUTO-DISENGAGE: gear left Park (now R)
[2026-05-18 21:50:44.398] Husby was here, and we are ready to go
[2026-05-18 21:50:44.418] AUTO-DISENGAGE: gear left Park (now R)
[2026-05-18 21:50:44.418] Husby was here, and we are ready to go
[2026-05-18 21:50:44.437] AUTO-DISENGAGE: gear left Park (now R)
[2026-05-18 21:50:44.437] Husby was here, and we are ready to go
[2026-05-18 21:50:44.456] AUTO-DISENGAGE: gear left Park (now R)
[2026-05-18 21:50:44.457] Husby was here, and we are ready to go
[2026-05-18 21:50:44.477] AUTO-DISENGAGE: gear left Park (now R)
[2026-05-18 21:50:44.477] Husby was here, and we are ready to go
[2026-05-18 21:50:44.481] AUTO-DISENGAGE: gear left Park (now R)
[2026-05-18 21:50:44.481] Husby was here, and we are ready to go
[2026-05-18 21:50:44.499] AUTO-DISENGAGE: gear left Park (now R)
[2026-05-18 21:50:44.500] Husby was here, and we are ready to go
[2026-05-18 21:50:44.516] brake: released
[2026-05-18 21:50:44.518] AUTO-DISENGAGE: gear left Park (now R)
[2026-05-18 21:50:44.518] Husby was here, and we are ready to go
[2026-05-18 21:50:44.537] AUTO-DISENGAGE: gear left Park (now R)
[2026-05-18 21:50:44.537] Husby was here, and we are ready to go
[2026-05-18 21:50:44.557] AUTO-DISENGAGE: gear left Park (now R)
[2026-05-18 21:50:44.557] Husby was here, and we are ready to go
[2026-05-18 21:50:44.579] AUTO-DISENGAGE: gear left Park (now R)
[2026-05-18 21:50:44.579] Husby was here, and we are ready to go
[2026-05-18 21:50:44.581] AUTO-DISENGAGE: gear left Park (now R)
[2026-05-18 21:50:44.581] Husby was here, and we are ready to go
[2026-05-18 21:50:44.599] AUTO-DISENGAGE: gear left Park (now R)
[2026-05-18 21:50:44.599] Husby was here, and we are ready to go
[2026-05-18 21:50:44.619] AUTO-DISENGAGE: gear left Park (now R)
[2026-05-18 21:50:44.620] Husby was here, and we are ready to go
[2026-05-18 21:50:44.637] AUTO-DISENGAGE: gear left Park (now R)
[2026-05-18 21:50:44.637] Husby was here, and we are ready to go
[2026-05-18 21:50:44.657] AUTO-DISENGAGE: gear left Park (now R)
[2026-05-18 21:50:44.657] Husby was here, and we are ready to go
[2026-05-18 21:50:44.681] AUTO-DISENGAGE: gear left Park (now R)
[2026-05-18 21:50:44.682] Husby was here, and we are ready to go
[2026-05-18 21:50:44.682] AUTO-DISENGAGE: gear left Park (now R)
[2026-05-18 21:50:44.682] Husby was here, and we are ready to go
[2026-05-18 21:50:44.701] AUTO-DISENGAGE: gear left Park (now R)
[2026-05-18 21:50:44.701] Husby was here, and we are ready to go
[2026-05-18 21:50:44.721] AUTO-DISENGAGE: gear left Park (now R)
[2026-05-18 21:50:44.721] Husby was here, and we are ready to go
[2026-05-18 21:50:44.741] AUTO-DISENGAGE: gear left Park (now R)
[2026-05-18 21:50:44.741] Husby was here, and we are ready to go
[2026-05-18 21:50:44.763] AUTO-DISENGAGE: gear left Park (now R)
[2026-05-18 21:50:44.763] Husby was here, and we are ready to go
[2026-05-18 21:50:44.783] AUTO-DISENGAGE: gear left Park (now R)
[2026-05-18 21:50:44.784] Husby was here, and we are ready to go
[2026-05-18 21:50:44.784] AUTO-DISENGAGE: gear left Park (now R)
[2026-05-18 21:50:44.785] Husby was here, and we are ready to go
[2026-05-18 21:50:44.803] AUTO-DISENGAGE: gear left Park (now R)
[2026-05-18 21:50:44.803] Husby was here, and we are ready to go
[2026-05-18 21:50:44.821] AUTO-DISENGAGE: gear left Park (now R)
[2026-05-18 21:50:44.821] Husby was here, and we are ready to go
[2026-05-18 21:50:44.842] AUTO-DISENGAGE: gear left Park (now R)
[2026-05-18 21:50:44.842] Husby was here, and we are ready to go
[2026-05-18 21:50:44.864] AUTO-DISENGAGE: gear left Park (now R)
[2026-05-18 21:50:44.865] Husby was here, and we are ready to go
[2026-05-18 21:50:44.883] AUTO-DISENGAGE: gear left Park (now R)
[2026-05-18 21:50:44.884] Husby was here, and we are ready to go
[2026-05-18 21:50:44.884] AUTO-DISENGAGE: gear left Park (now R)
[2026-05-18 21:50:44.884] Husby was here, and we are ready to go
[2026-05-18 21:50:44.904] AUTO-DISENGAGE: gear left Park (now R)
[2026-05-18 21:50:44.905] Husby was here, and we are ready to go
[2026-05-18 21:50:44.924] AUTO-DISENGAGE: gear left Park (now R)
[2026-05-18 21:50:44.924] Husby was here, and we are ready to go
[2026-05-18 21:50:44.941] AUTO-DISENGAGE: gear left Park (now R)
[2026-05-18 21:50:44.941] Husby was here, and we are ready to go
[2026-05-18 21:50:44.961] AUTO-DISENGAGE: gear left Park (now R)
[2026-05-18 21:50:44.961] Husby was here, and we are ready to go
[2026-05-18 21:50:44.981] AUTO-DISENGAGE: gear left Park (now R)
[2026-05-18 21:50:44.982] Husby was here, and we are ready to go
[2026-05-18 21:50:44.984] AUTO-DISENGAGE: gear left Park (now R)
[2026-05-18 21:50:44.984] Husby was here, and we are ready to go
[2026-05-18 21:50:45.002] brake: PRESSED
[2026-05-18 21:50:45.003] AUTO-DISENGAGE: gear left Park (now R)
[2026-05-18 21:50:45.003] Husby was here, and we are ready to go
[2026-05-18 21:50:45.022] AUTO-DISENGAGE: gear left Park (now R)
[2026-05-18 21:50:45.022] Husby was here, and we are ready to go
[2026-05-18 21:50:45.041] AUTO-DISENGAGE: gear left Park (now R)
[2026-05-18 21:50:45.042] Husby was here, and we are ready to go
[2026-05-18 21:50:45.064] AUTO-DISENGAGE: gear left Park (now R)
[2026-05-18 21:50:45.065] Husby was here, and we are ready to go
[2026-05-18 21:50:45.084] AUTO-DISENGAGE: gear left Park (now R)
[2026-05-18 21:50:45.084] Husby was here, and we are ready to go
[2026-05-18 21:50:45.084] AUTO-DISENGAGE: gear left Park (now R)
[2026-05-18 21:50:45.085] Husby was here, and we are ready to go
[2026-05-18 21:50:45.104] AUTO-DISENGAGE: gear left Park (now R)
[2026-05-18 21:50:45.104] Husby was here, and we are ready to go
[2026-05-18 21:50:45.124] AUTO-DISENGAGE: gear left Park (now R)
[2026-05-18 21:50:45.124] Husby was here, and we are ready to go
[2026-05-18 21:50:45.144] AUTO-DISENGAGE: gear left Park (now R)
[2026-05-18 21:50:45.144] Husby was here, and we are ready to go
[2026-05-18 21:50:45.164] AUTO-DISENGAGE: gear left Park (now R)
[2026-05-18 21:50:45.164] Husby was here, and we are ready to go
[2026-05-18 21:50:45.183] AUTO-DISENGAGE: gear left Park (now R)
[2026-05-18 21:50:45.183] Husby was here, and we are ready to go
[2026-05-18 21:50:45.184] AUTO-DISENGAGE: gear left Park (now R)
[2026-05-18 21:50:45.184] Husby was here, and we are ready to go
[2026-05-18 21:50:45.208] AUTO-DISENGAGE: gear left Park (now R)
[2026-05-18 21:50:45.208] Husby was here, and we are ready to go
[2026-05-18 21:50:45.225] AUTO-DISENGAGE: gear left Park (now R)
[2026-05-18 21:50:45.225] Husby was here, and we are ready to go
[2026-05-18 21:50:45.246] AUTO-DISENGAGE: gear left Park (now R)
[2026-05-18 21:50:45.246] Husby was here, and we are ready to go
[2026-05-18 21:50:45.266] AUTO-DISENGAGE: gear left Park (now R)
[2026-05-18 21:50:45.267] Husby was here, and we are ready to go
[2026-05-18 21:50:45.284] AUTO-DISENGAGE: gear left Park (now R)
[2026-05-18 21:50:45.285] Husby was here, and we are ready to go
[2026-05-18 21:50:45.285] AUTO-DISENGAGE: gear left Park (now R)
[2026-05-18 21:50:45.286] Husby was here, and we are ready to go
[2026-05-18 21:50:45.306] AUTO-DISENGAGE: gear left Park (now R)
[2026-05-18 21:50:45.307] Husby was here, and we are ready to go
[2026-05-18 21:50:45.324] AUTO-DISENGAGE: gear left Park (now R)
[2026-05-18 21:50:45.325] Husby was here, and we are ready to go
[2026-05-18 21:50:45.345] AUTO-DISENGAGE: gear left Park (now R)
[2026-05-18 21:50:45.345] Husby was here, and we are ready to go
[2026-05-18 21:50:45.366] AUTO-DISENGAGE: gear left Park (now R)
[2026-05-18 21:50:45.367] Husby was here, and we are ready to go
[2026-05-18 21:50:45.384] AUTO-DISENGAGE: gear left Park (now R)
[2026-05-18 21:50:45.384] Husby was here, and we are ready to go
[2026-05-18 21:50:45.385] AUTO-DISENGAGE: gear left Park (now R)
[2026-05-18 21:50:45.385] Husby was here, and we are ready to go
[2026-05-18 21:50:45.404] AUTO-DISENGAGE: gear left Park (now R)
[2026-05-18 21:50:45.405] Husby was here, and we are ready to go
[2026-05-18 21:50:45.427] AUTO-DISENGAGE: gear left Park (now R)
[2026-05-18 21:50:45.427] Husby was here, and we are ready to go
[2026-05-18 21:50:45.447] AUTO-DISENGAGE: gear left Park (now R)
[2026-05-18 21:50:45.447] Husby was here, and we are ready to go
[2026-05-18 21:50:45.467] AUTO-DISENGAGE: gear left Park (now R)
[2026-05-18 21:50:45.468] Husby was here, and we are ready to go
[2026-05-18 21:50:45.485] AUTO-DISENGAGE: gear left Park (now R)
[2026-05-18 21:50:45.486] Husby was here, and we are ready to go
[2026-05-18 21:50:45.487] AUTO-DISENGAGE: gear left Park (now R)
[2026-05-18 21:50:45.487] Husby was here, and we are ready to go
[2026-05-18 21:50:45.506] AUTO-DISENGAGE: gear left Park (now R)
[2026-05-18 21:50:45.506] Husby was here, and we are ready to go
[2026-05-18 21:50:45.527] AUTO-DISENGAGE: gear left Park (now R)
[2026-05-18 21:50:45.527] Husby was here, and we are ready to go
[2026-05-18 21:50:45.544] AUTO-DISENGAGE: gear left Park (now R)
[2026-05-18 21:50:45.545] Husby was here, and we are ready to go
[2026-05-18 21:50:45.568] AUTO-DISENGAGE: gear left Park (now R)
[2026-05-18 21:50:45.568] Husby was here, and we are ready to go
[2026-05-18 21:50:45.585] AUTO-DISENGAGE: gear left Park (now R)
[2026-05-18 21:50:45.586] Husby was here, and we are ready to go
[2026-05-18 21:50:45.587] AUTO-DISENGAGE: gear left Park (now R)
[2026-05-18 21:50:45.588] Husby was here, and we are ready to go
[2026-05-18 21:50:45.607] AUTO-DISENGAGE: gear left Park (now R)
[2026-05-18 21:50:45.607] Husby was here, and we are ready to go
[2026-05-18 21:50:45.624] AUTO-DISENGAGE: gear left Park (now R)
[2026-05-18 21:50:45.624] Husby was here, and we are ready to go
[2026-05-18 21:50:45.644] AUTO-DISENGAGE: gear left Park (now R)
[2026-05-18 21:50:45.644] Husby was here, and we are ready to go
[2026-05-18 21:50:45.668] AUTO-DISENGAGE: gear left Park (now R)
[2026-05-18 21:50:45.668] Husby was here, and we are ready to go
[2026-05-18 21:50:45.685] AUTO-DISENGAGE: gear left Park (now R)
[2026-05-18 21:50:45.686] Husby was here, and we are ready to go
[2026-05-18 21:50:45.686] AUTO-DISENGAGE: gear left Park (now R)
[2026-05-18 21:50:45.687] Husby was here, and we are ready to go
[2026-05-18 21:50:45.707] AUTO-DISENGAGE: gear left Park (now R)
[2026-05-18 21:50:45.707] Husby was here, and we are ready to go
[2026-05-18 21:50:45.727] AUTO-DISENGAGE: gear left Park (now R)
[2026-05-18 21:50:45.728] Husby was here, and we are ready to go
[2026-05-18 21:50:45.747] AUTO-DISENGAGE: gear left Park (now R)
[2026-05-18 21:50:45.747] Husby was here, and we are ready to go
[2026-05-18 21:50:45.767] AUTO-DISENGAGE: gear left Park (now R)
[2026-05-18 21:50:45.767] Husby was here, and we are ready to go
[2026-05-18 21:50:45.786] AUTO-DISENGAGE: gear left Park (now R)
[2026-05-18 21:50:45.786] Husby was here, and we are ready to go
[2026-05-18 21:50:45.787] AUTO-DISENGAGE: gear left Park (now R)
[2026-05-18 21:50:45.788] Husby was here, and we are ready to go
[2026-05-18 21:50:45.806] AUTO-DISENGAGE: gear left Park (now R)
[2026-05-18 21:50:45.807] Husby was here, and we are ready to go
[2026-05-18 21:50:45.826] AUTO-DISENGAGE: gear left Park (now R)
[2026-05-18 21:50:45.826] Husby was here, and we are ready to go
[2026-05-18 21:50:45.848] AUTO-DISENGAGE: gear left Park (now R)
[2026-05-18 21:50:45.848] Husby was here, and we are ready to go
[2026-05-18 21:50:45.867] AUTO-DISENGAGE: gear left Park (now R)
[2026-05-18 21:50:45.867] Husby was here, and we are ready to go
[2026-05-18 21:50:45.888] AUTO-DISENGAGE: gear left Park (now R)
[2026-05-18 21:50:45.888] Husby was here, and we are ready to go
[2026-05-18 21:50:45.889] AUTO-DISENGAGE: gear left Park (now R)
[2026-05-18 21:50:45.889] Husby was here, and we are ready to go
[2026-05-18 21:50:45.906] AUTO-DISENGAGE: gear left Park (now R)
[2026-05-18 21:50:45.906] Husby was here, and we are ready to go
[2026-05-18 21:50:45.924] AUTO-DISENGAGE: gear left Park (now R)
[2026-05-18 21:50:45.925] Husby was here, and we are ready to go
[2026-05-18 21:50:45.944] AUTO-DISENGAGE: gear left Park (now R)
[2026-05-18 21:50:45.944] Husby was here, and we are ready to go
[2026-05-18 21:50:45.967] AUTO-DISENGAGE: gear left Park (now R)
[2026-05-18 21:50:45.967] Husby was here, and we are ready to go
[2026-05-18 21:50:45.987] AUTO-DISENGAGE: gear left Park (now R)
[2026-05-18 21:50:45.988] Husby was here, and we are ready to go
[2026-05-18 21:50:45.989] AUTO-DISENGAGE: gear left Park (now R)
[2026-05-18 21:50:45.989] Husby was here, and we are ready to go
[2026-05-18 21:50:46.008] AUTO-DISENGAGE: gear left Park (now R)
[2026-05-18 21:50:46.008] Husby was here, and we are ready to go
[2026-05-18 21:50:46.024] AUTO-DISENGAGE: gear left Park (now R)
[2026-05-18 21:50:46.024] Husby was here, and we are ready to go
[2026-05-18 21:50:46.045] AUTO-DISENGAGE: gear left Park (now R)
[2026-05-18 21:50:46.045] Husby was here, and we are ready to go
[2026-05-18 21:50:46.065] AUTO-DISENGAGE: gear left Park (now R)
[2026-05-18 21:50:46.065] Husby was here, and we are ready to go
[2026-05-18 21:50:46.084] AUTO-DISENGAGE: gear left Park (now R)
[2026-05-18 21:50:46.084] Husby was here, and we are ready to go
[2026-05-18 21:50:46.089] AUTO-DISENGAGE: gear left Park (now R)
[2026-05-18 21:50:46.089] Husby was here, and we are ready to go
[2026-05-18 21:50:46.104] AUTO-DISENGAGE: gear left Park (now R)
[2026-05-18 21:50:46.104] Husby was here, and we are ready to go
[2026-05-18 21:50:46.124] AUTO-DISENGAGE: gear left Park (now R)
[2026-05-18 21:50:46.124] Husby was here, and we are ready to go
[2026-05-18 21:50:46.146] AUTO-DISENGAGE: gear left Park (now R)
[2026-05-18 21:50:46.146] Husby was here, and we are ready to go
[2026-05-18 21:50:46.166] AUTO-DISENGAGE: gear left Park (now R)
[2026-05-18 21:50:46.166] Husby was here, and we are ready to go
[2026-05-18 21:50:46.184] AUTO-DISENGAGE: gear left Park (now R)
[2026-05-18 21:50:46.185] Husby was here, and we are ready to go
[2026-05-18 21:50:46.189] AUTO-DISENGAGE: gear left Park (now R)
[2026-05-18 21:50:46.189] Husby was here, and we are ready to go
[2026-05-18 21:50:46.204] AUTO-DISENGAGE: gear left Park (now R)
[2026-05-18 21:50:46.204] Husby was here, and we are ready to go
[2026-05-18 21:50:46.224] AUTO-DISENGAGE: gear left Park (now R)
[2026-05-18 21:50:46.224] Husby was here, and we are ready to go
[2026-05-18 21:50:46.244] AUTO-DISENGAGE: gear left Park (now R)
[2026-05-18 21:50:46.244] Husby was here, and we are ready to go
[2026-05-18 21:50:46.264] AUTO-DISENGAGE: gear left Park (now R)
[2026-05-18 21:50:46.264] Husby was here, and we are ready to go
[2026-05-18 21:50:46.284] AUTO-DISENGAGE: gear left Park (now R)
[2026-05-18 21:50:46.284] Husby was here, and we are ready to go
[2026-05-18 21:50:46.289] AUTO-DISENGAGE: gear left Park (now R)
[2026-05-18 21:50:46.289] Husby was here, and we are ready to go
[2026-05-18 21:50:46.304] AUTO-DISENGAGE: gear left Park (now R)
[2026-05-18 21:50:46.304] Husby was here, and we are ready to go
[2026-05-18 21:50:46.325] AUTO-DISENGAGE: gear left Park (now R)
[2026-05-18 21:50:46.325] Husby was here, and we are ready to go
[2026-05-18 21:50:46.344] AUTO-DISENGAGE: gear left Park (now R)
[2026-05-18 21:50:46.344] Husby was here, and we are ready to go
[2026-05-18 21:50:46.364] AUTO-DISENGAGE: gear left Park (now R)
[2026-05-18 21:50:46.364] Husby was here, and we are ready to go
[2026-05-18 21:50:46.384] AUTO-DISENGAGE: gear left Park (now R)
[2026-05-18 21:50:46.384] Husby was here, and we are ready to go
[2026-05-18 21:50:46.389] AUTO-DISENGAGE: gear left Park (now R)
[2026-05-18 21:50:46.389] Husby was here, and we are ready to go
[2026-05-18 21:50:46.408] AUTO-DISENGAGE: gear left Park (now R)
[2026-05-18 21:50:46.408] Husby was here, and we are ready to go
[2026-05-18 21:50:46.427] AUTO-DISENGAGE: gear left Park (now R)
[2026-05-18 21:50:46.428] Husby was here, and we are ready to go
[2026-05-18 21:50:46.445] AUTO-DISENGAGE: gear left Park (now R)
[2026-05-18 21:50:46.446] Husby was here, and we are ready to go
[2026-05-18 21:50:46.466] brake: released
[2026-05-18 21:50:46.468] AUTO-DISENGAGE: gear left Park (now R)
[2026-05-18 21:50:46.468] Husby was here, and we are ready to go
[2026-05-18 21:50:46.487] AUTO-DISENGAGE: gear left Park (now R)
[2026-05-18 21:50:46.487] Husby was here, and we are ready to go
[2026-05-18 21:50:46.489] AUTO-DISENGAGE: gear left Park (now R)
[2026-05-18 21:50:46.489] Husby was here, and we are ready to go
[2026-05-18 21:50:46.506] AUTO-DISENGAGE: gear left Park (now R)
[2026-05-18 21:50:46.506] Husby was here, and we are ready to go
[2026-05-18 21:50:46.527] AUTO-DISENGAGE: gear left Park (now R)
[2026-05-18 21:50:46.528] Husby was here, and we are ready to go
[2026-05-18 21:50:46.547] AUTO-DISENGAGE: gear left Park (now R)
[2026-05-18 21:50:46.547] Husby was here, and we are ready to go
[2026-05-18 21:50:46.567] AUTO-DISENGAGE: gear left Park (now R)
[2026-05-18 21:50:46.567] Husby was here, and we are ready to go
[2026-05-18 21:50:46.584] AUTO-DISENGAGE: gear left Park (now R)
[2026-05-18 21:50:46.584] Husby was here, and we are ready to go
[2026-05-18 21:50:46.589] AUTO-DISENGAGE: gear left Park (now R)
[2026-05-18 21:50:46.589] Husby was here, and we are ready to go
[2026-05-18 21:50:46.605] AUTO-DISENGAGE: gear left Park (now R)
[2026-05-18 21:50:46.606] Husby was here, and we are ready to go
[2026-05-18 21:50:46.625] AUTO-DISENGAGE: gear left Park (now R)
[2026-05-18 21:50:46.626] Husby was here, and we are ready to go
[2026-05-18 21:50:46.645] AUTO-DISENGAGE: gear left Park (now R)
[2026-05-18 21:50:46.645] Husby was here, and we are ready to go
[2026-05-18 21:50:46.666] AUTO-DISENGAGE: gear left Park (now R)
[2026-05-18 21:50:46.666] Husby was here, and we are ready to go
[2026-05-18 21:50:46.685] AUTO-DISENGAGE: gear left Park (now R)
[2026-05-18 21:50:46.686] Husby was here, and we are ready to go
[2026-05-18 21:50:46.689] AUTO-DISENGAGE: gear left Park (now R)
[2026-05-18 21:50:46.689] Husby was here, and we are ready to go
[2026-05-18 21:50:46.707] AUTO-DISENGAGE: gear left Park (now R)
[2026-05-18 21:50:46.708] Husby was here, and we are ready to go
[2026-05-18 21:50:46.728] AUTO-DISENGAGE: gear left Park (now R)
[2026-05-18 21:50:46.728] Husby was here, and we are ready to go
[2026-05-18 21:50:46.748] AUTO-DISENGAGE: gear left Park (now R)
[2026-05-18 21:50:46.748] Husby was here, and we are ready to go
[2026-05-18 21:50:46.768] AUTO-DISENGAGE: gear left Park (now R)
[2026-05-18 21:50:46.768] Husby was here, and we are ready to go
[2026-05-18 21:50:46.787] AUTO-DISENGAGE: gear left Park (now R)
[2026-05-18 21:50:46.787] Husby was here, and we are ready to go
[2026-05-18 21:50:46.789] AUTO-DISENGAGE: gear left Park (now R)
[2026-05-18 21:50:46.789] Husby was here, and we are ready to go
[2026-05-18 21:50:46.806] AUTO-DISENGAGE: gear left Park (now R)
[2026-05-18 21:50:46.806] Husby was here, and we are ready to go
[2026-05-18 21:50:46.827] AUTO-DISENGAGE: gear left Park (now R)
[2026-05-18 21:50:46.827] Husby was here, and we are ready to go
[2026-05-18 21:50:46.845] AUTO-DISENGAGE: gear left Park (now R)
[2026-05-18 21:50:46.845] Husby was here, and we are ready to go
[2026-05-18 21:50:46.865] AUTO-DISENGAGE: gear left Park (now R)
[2026-05-18 21:50:46.865] Husby was here, and we are ready to go
[2026-05-18 21:50:46.885] AUTO-DISENGAGE: gear left Park (now R)
[2026-05-18 21:50:46.886] Husby was here, and we are ready to go
[2026-05-18 21:50:46.889] AUTO-DISENGAGE: gear left Park (now R)
[2026-05-18 21:50:46.889] Husby was here, and we are ready to go
[2026-05-18 21:50:46.905] brake: PRESSED
[2026-05-18 21:50:46.905] AUTO-DISENGAGE: gear left Park (now R)
[2026-05-18 21:50:46.905] Husby was here, and we are ready to go
[2026-05-18 21:50:46.925] AUTO-DISENGAGE: gear left Park (now R)
[2026-05-18 21:50:46.926] Husby was here, and we are ready to go
[2026-05-18 21:50:46.945] AUTO-DISENGAGE: gear left Park (now R)
[2026-05-18 21:50:46.945] Husby was here, and we are ready to go
[2026-05-18 21:50:46.965] AUTO-DISENGAGE: gear left Park (now R)
[2026-05-18 21:50:46.965] Husby was here, and we are ready to go
[2026-05-18 21:50:46.985] AUTO-DISENGAGE: gear left Park (now R)
[2026-05-18 21:50:46.985] Husby was here, and we are ready to go
[2026-05-18 21:50:46.989] AUTO-DISENGAGE: gear left Park (now R)
[2026-05-18 21:50:46.989] Husby was here, and we are ready to go
[2026-05-18 21:50:47.006] AUTO-DISENGAGE: gear left Park (now R)
[2026-05-18 21:50:47.006] Husby was here, and we are ready to go
[2026-05-18 21:50:47.025] AUTO-DISENGAGE: gear left Park (now R)
[2026-05-18 21:50:47.025] Husby was here, and we are ready to go
[2026-05-18 21:50:47.045] AUTO-DISENGAGE: gear left Park (now R)
[2026-05-18 21:50:47.045] Husby was here, and we are ready to go
[2026-05-18 21:50:47.065] AUTO-DISENGAGE: gear left Park (now R)
[2026-05-18 21:50:47.065] Husby was here, and we are ready to go
[2026-05-18 21:50:47.085] AUTO-DISENGAGE: gear left Park (now R)
[2026-05-18 21:50:47.085] Husby was here, and we are ready to go
[2026-05-18 21:50:47.089] AUTO-DISENGAGE: gear left Park (now R)
[2026-05-18 21:50:47.089] Husby was here, and we are ready to go
[2026-05-18 21:50:47.108] AUTO-DISENGAGE: gear left Park (now R)
[2026-05-18 21:50:47.108] Husby was here, and we are ready to go
[2026-05-18 21:50:47.127] AUTO-DISENGAGE: gear left Park (now R)
[2026-05-18 21:50:47.127] Husby was here, and we are ready to go
[2026-05-18 21:50:47.148] AUTO-DISENGAGE: gear left Park (now R)
[2026-05-18 21:50:47.148] Husby was here, and we are ready to go
[2026-05-18 21:50:47.168] AUTO-DISENGAGE: gear left Park (now R)
[2026-05-18 21:50:47.168] Husby was here, and we are ready to go
[2026-05-18 21:50:47.185] AUTO-DISENGAGE: gear left Park (now R)
[2026-05-18 21:50:47.186] Husby was here, and we are ready to go
[2026-05-18 21:50:47.189] AUTO-DISENGAGE: gear left Park (now R)
[2026-05-18 21:50:47.189] Husby was here, and we are ready to go
[2026-05-18 21:50:47.207] AUTO-DISENGAGE: gear left Park (now R)
[2026-05-18 21:50:47.207] Husby was here, and we are ready to go
[2026-05-18 21:50:47.226] AUTO-DISENGAGE: gear left Park (now R)
[2026-05-18 21:50:47.226] Husby was here, and we are ready to go
[2026-05-18 21:50:47.247] AUTO-DISENGAGE: gear left Park (now R)
[2026-05-18 21:50:47.247] Husby was here, and we are ready to go
[2026-05-18 21:50:47.265] AUTO-DISENGAGE: gear left Park (now R)
[2026-05-18 21:50:47.266] Husby was here, and we are ready to go
[2026-05-18 21:50:47.285] AUTO-DISENGAGE: gear left Park (now R)
[2026-05-18 21:50:47.285] Husby was here, and we are ready to go
[2026-05-18 21:50:47.289] AUTO-DISENGAGE: gear left Park (now R)
[2026-05-18 21:50:47.289] Husby was here, and we are ready to go
[2026-05-18 21:50:47.308] AUTO-DISENGAGE: gear left Park (now R)
[2026-05-18 21:50:47.308] Husby was here, and we are ready to go
[2026-05-18 21:50:47.328] AUTO-DISENGAGE: gear left Park (now R)
[2026-05-18 21:50:47.328] Husby was here, and we are ready to go
[2026-05-18 21:50:47.347] AUTO-DISENGAGE: gear left Park (now R)
[2026-05-18 21:50:47.348] Husby was here, and we are ready to go
[2026-05-18 21:50:47.368] AUTO-DISENGAGE: gear left Park (now R)
[2026-05-18 21:50:47.368] Husby was here, and we are ready to go
[2026-05-18 21:50:47.388] AUTO-DISENGAGE: gear left Park (now R)
[2026-05-18 21:50:47.388] Husby was here, and we are ready to go
[2026-05-18 21:50:47.389] AUTO-DISENGAGE: gear left Park (now R)
[2026-05-18 21:50:47.389] Husby was here, and we are ready to go
[2026-05-18 21:50:47.407] AUTO-DISENGAGE: gear left Park (now R)
[2026-05-18 21:50:47.407] Husby was here, and we are ready to go
[2026-05-18 21:50:47.426] AUTO-DISENGAGE: gear left Park (now R)
[2026-05-18 21:50:47.426] Husby was here, and we are ready to go
[2026-05-18 21:50:47.445] AUTO-DISENGAGE: gear left Park (now R)
[2026-05-18 21:50:47.445] Husby was here, and we are ready to go
[2026-05-18 21:50:47.465] AUTO-DISENGAGE: gear left Park (now R)
[2026-05-18 21:50:47.465] Husby was here, and we are ready to go
[2026-05-18 21:50:47.489] AUTO-DISENGAGE: gear left Park (now R)
[2026-05-18 21:50:47.489] Husby was here, and we are ready to go
[2026-05-18 21:50:47.489] AUTO-DISENGAGE: gear left Park (now R)
[2026-05-18 21:50:47.490] Husby was here, and we are ready to go
[2026-05-18 21:50:47.507] AUTO-DISENGAGE: gear left Park (now R)
[2026-05-18 21:50:47.508] Husby was here, and we are ready to go
[2026-05-18 21:50:47.528] AUTO-DISENGAGE: gear left Park (now R)
[2026-05-18 21:50:47.529] Husby was here, and we are ready to go
[2026-05-18 21:50:47.547] AUTO-DISENGAGE: gear left Park (now R)
[2026-05-18 21:50:47.547] Husby was here, and we are ready to go
[2026-05-18 21:50:47.568] AUTO-DISENGAGE: gear left Park (now R)
[2026-05-18 21:50:47.568] Husby was here, and we are ready to go
[2026-05-18 21:50:47.586] AUTO-DISENGAGE: gear left Park (now R)
[2026-05-18 21:50:47.586] Husby was here, and we are ready to go
[2026-05-18 21:50:47.590] AUTO-DISENGAGE: gear left Park (now R)
[2026-05-18 21:50:47.590] Husby was here, and we are ready to go
[2026-05-18 21:50:47.607] AUTO-DISENGAGE: gear left Park (now R)
[2026-05-18 21:50:47.607] Husby was here, and we are ready to go
[2026-05-18 21:50:47.627] AUTO-DISENGAGE: gear left Park (now R)
[2026-05-18 21:50:47.627] Husby was here, and we are ready to go
[2026-05-18 21:50:47.645] AUTO-DISENGAGE: gear left Park (now R)
[2026-05-18 21:50:47.645] Husby was here, and we are ready to go
[2026-05-18 21:50:47.667] AUTO-DISENGAGE: gear left Park (now R)
[2026-05-18 21:50:47.667] Husby was here, and we are ready to go
[2026-05-18 21:50:47.686] AUTO-DISENGAGE: gear left Park (now R)
[2026-05-18 21:50:47.687] Husby was here, and we are ready to go
[2026-05-18 21:50:47.690] AUTO-DISENGAGE: gear left Park (now R)
[2026-05-18 21:50:47.691] Husby was here, and we are ready to go
[2026-05-18 21:50:47.708] AUTO-DISENGAGE: gear left Park (now R)
[2026-05-18 21:50:47.708] Husby was here, and we are ready to go
[2026-05-18 21:50:47.728] AUTO-DISENGAGE: gear left Park (now R)
[2026-05-18 21:50:47.728] Husby was here, and we are ready to go
[2026-05-18 21:50:47.746] AUTO-DISENGAGE: gear left Park (now R)
[2026-05-18 21:50:47.746] Husby was here, and we are ready to go
[2026-05-18 21:50:47.767] AUTO-DISENGAGE: gear left Park (now R)
[2026-05-18 21:50:47.767] Husby was here, and we are ready to go
[2026-05-18 21:50:47.787] AUTO-DISENGAGE: gear left Park (now R)
[2026-05-18 21:50:47.787] Husby was here, and we are ready to go
[2026-05-18 21:50:47.790] AUTO-DISENGAGE: gear left Park (now R)
[2026-05-18 21:50:47.790] Husby was here, and we are ready to go
[2026-05-18 21:50:47.807] AUTO-DISENGAGE: gear left Park (now R)
[2026-05-18 21:50:47.807] Husby was here, and we are ready to go
[2026-05-18 21:50:47.827] AUTO-DISENGAGE: gear left Park (now R)
[2026-05-18 21:50:47.827] Husby was here, and we are ready to go
[2026-05-18 21:50:47.845] AUTO-DISENGAGE: gear left Park (now R)
[2026-05-18 21:50:47.845] Husby was here, and we are ready to go
[2026-05-18 21:50:47.865] AUTO-DISENGAGE: gear left Park (now R)
[2026-05-18 21:50:47.865] Husby was here, and we are ready to go
[2026-05-18 21:50:47.887] AUTO-DISENGAGE: gear left Park (now R)
[2026-05-18 21:50:47.887] Husby was here, and we are ready to go
[2026-05-18 21:50:47.889] AUTO-DISENGAGE: gear left Park (now R)
[2026-05-18 21:50:47.890] Husby was here, and we are ready to go
[2026-05-18 21:50:47.905] AUTO-DISENGAGE: gear left Park (now R)
[2026-05-18 21:50:47.905] Husby was here, and we are ready to go
[2026-05-18 21:50:47.925] AUTO-DISENGAGE: gear left Park (now R)
[2026-05-18 21:50:47.925] Husby was here, and we are ready to go
[2026-05-18 21:50:47.945] AUTO-DISENGAGE: gear left Park (now R)
[2026-05-18 21:50:47.945] Husby was here, and we are ready to go
[2026-05-18 21:50:47.967] AUTO-DISENGAGE: gear left Park (now R)
[2026-05-18 21:50:47.967] Husby was here, and we are ready to go
[2026-05-18 21:50:47.987] AUTO-DISENGAGE: gear left Park (now R)
[2026-05-18 21:50:47.987] Husby was here, and we are ready to go
[2026-05-18 21:50:47.989] AUTO-DISENGAGE: gear left Park (now R)
[2026-05-18 21:50:47.990] Husby was here, and we are ready to go
[2026-05-18 21:50:48.007] AUTO-DISENGAGE: gear left Park (now R)
[2026-05-18 21:50:48.007] Husby was here, and we are ready to go
[2026-05-18 21:50:48.027] AUTO-DISENGAGE: gear left Park (now R)
[2026-05-18 21:50:48.027] Husby was here, and we are ready to go
[2026-05-18 21:50:48.046] AUTO-DISENGAGE: gear left Park (now R)
[2026-05-18 21:50:48.046] Husby was here, and we are ready to go
[2026-05-18 21:50:48.067] AUTO-DISENGAGE: gear left Park (now R)
[2026-05-18 21:50:48.067] Husby was here, and we are ready to go
[2026-05-18 21:50:48.086] AUTO-DISENGAGE: gear left Park (now R)
[2026-05-18 21:50:48.087] Husby was here, and we are ready to go
[2026-05-18 21:50:48.090] AUTO-DISENGAGE: gear left Park (now R)
[2026-05-18 21:50:48.090] Husby was here, and we are ready to go
[2026-05-18 21:50:48.107] AUTO-DISENGAGE: gear left Park (now R)
[2026-05-18 21:50:48.107] Husby was here, and we are ready to go
[2026-05-18 21:50:48.128] AUTO-DISENGAGE: gear left Park (now R)
[2026-05-18 21:50:48.128] Husby was here, and we are ready to go
[2026-05-18 21:50:48.146] AUTO-DISENGAGE: gear left Park (now R)
[2026-05-18 21:50:48.147] Husby was here, and we are ready to go
[2026-05-18 21:50:48.166] AUTO-DISENGAGE: gear left Park (now R)
[2026-05-18 21:50:48.166] Husby was here, and we are ready to go
[2026-05-18 21:50:48.187] AUTO-DISENGAGE: gear left Park (now R)
[2026-05-18 21:50:48.187] Husby was here, and we are ready to go
[2026-05-18 21:50:48.190] AUTO-DISENGAGE: gear left Park (now R)
[2026-05-18 21:50:48.190] Husby was here, and we are ready to go
[2026-05-18 21:50:48.207] AUTO-DISENGAGE: gear left Park (now R)
[2026-05-18 21:50:48.207] Husby was here, and we are ready to go
[2026-05-18 21:50:48.227] AUTO-DISENGAGE: gear left Park (now R)
[2026-05-18 21:50:48.227] Husby was here, and we are ready to go
[2026-05-18 21:50:48.245] AUTO-DISENGAGE: gear left Park (now R)
[2026-05-18 21:50:48.246] Husby was here, and we are ready to go
[2026-05-18 21:50:48.266] AUTO-DISENGAGE: gear left Park (now R)
[2026-05-18 21:50:48.266] Husby was here, and we are ready to go
[2026-05-18 21:50:48.286] AUTO-DISENGAGE: gear left Park (now R)
[2026-05-18 21:50:48.286] Husby was here, and we are ready to go
[2026-05-18 21:50:48.290] AUTO-DISENGAGE: gear left Park (now R)
[2026-05-18 21:50:48.290] Husby was here, and we are ready to go
[2026-05-18 21:50:48.307] AUTO-DISENGAGE: gear left Park (now R)
[2026-05-18 21:50:48.307] Husby was here, and we are ready to go
[2026-05-18 21:50:48.327] AUTO-DISENGAGE: gear left Park (now R)
[2026-05-18 21:50:48.327] Husby was here, and we are ready to go
[2026-05-18 21:50:48.345] AUTO-DISENGAGE: gear left Park (now R)
[2026-05-18 21:50:48.346] Husby was here, and we are ready to go
[2026-05-18 21:50:48.368] AUTO-DISENGAGE: gear left Park (now R)
[2026-05-18 21:50:48.368] Husby was here, and we are ready to go
[2026-05-18 21:50:48.388] AUTO-DISENGAGE: gear left Park (now R)
[2026-05-18 21:50:48.388] Husby was here, and we are ready to go
[2026-05-18 21:50:48.390] AUTO-DISENGAGE: gear left Park (now R)
[2026-05-18 21:50:48.390] Husby was here, and we are ready to go
[2026-05-18 21:50:48.409] AUTO-DISENGAGE: gear left Park (now R)
[2026-05-18 21:50:48.409] Husby was here, and we are ready to go
[2026-05-18 21:50:48.428] AUTO-DISENGAGE: gear left Park (now R)
[2026-05-18 21:50:48.428] Husby was here, and we are ready to go
[2026-05-18 21:50:48.448] AUTO-DISENGAGE: gear left Park (now R)
[2026-05-18 21:50:48.448] Husby was here, and we are ready to go
[2026-05-18 21:50:48.468] AUTO-DISENGAGE: gear left Park (now R)
[2026-05-18 21:50:48.468] Husby was here, and we are ready to go
[2026-05-18 21:50:48.487] AUTO-DISENGAGE: gear left Park (now R)
[2026-05-18 21:50:48.488] Husby was here, and we are ready to go
[2026-05-18 21:50:48.490] AUTO-DISENGAGE: gear left Park (now R)
[2026-05-18 21:50:48.490] Husby was here, and we are ready to go
[2026-05-18 21:50:48.507] AUTO-DISENGAGE: gear left Park (now R)
[2026-05-18 21:50:48.508] Husby was here, and we are ready to go
[2026-05-18 21:50:48.529] AUTO-DISENGAGE: gear left Park (now R)
[2026-05-18 21:50:48.529] Husby was here, and we are ready to go
[2026-05-18 21:50:48.547] AUTO-DISENGAGE: gear left Park (now R)
[2026-05-18 21:50:48.548] Husby was here, and we are ready to go
[2026-05-18 21:50:48.568] AUTO-DISENGAGE: gear left Park (now R)
[2026-05-18 21:50:48.568] Husby was here, and we are ready to go
[2026-05-18 21:50:48.588] AUTO-DISENGAGE: gear left Park (now R)
[2026-05-18 21:50:48.588] Husby was here, and we are ready to go
[2026-05-18 21:50:48.590] AUTO-DISENGAGE: gear left Park (now R)
[2026-05-18 21:50:48.590] Husby was here, and we are ready to go
[2026-05-18 21:50:48.606] AUTO-DISENGAGE: gear left Park (now R)
[2026-05-18 21:50:48.606] Husby was here, and we are ready to go
[2026-05-18 21:50:48.626] AUTO-DISENGAGE: gear left Park (now R)
[2026-05-18 21:50:48.626] Husby was here, and we are ready to go
[2026-05-18 21:50:48.645] AUTO-DISENGAGE: gear left Park (now R)
[2026-05-18 21:50:48.645] Husby was here, and we are ready to go
[2026-05-18 21:50:48.665] AUTO-DISENGAGE: gear left Park (now R)
[2026-05-18 21:50:48.665] Husby was here, and we are ready to go
[2026-05-18 21:50:48.689] AUTO-DISENGAGE: gear left Park (now R)
[2026-05-18 21:50:48.689] Husby was here, and we are ready to go
[2026-05-18 21:50:48.690] AUTO-DISENGAGE: gear left Park (now R)
[2026-05-18 21:50:48.690] Husby was here, and we are ready to go
[2026-05-18 21:50:48.707] AUTO-DISENGAGE: gear left Park (now R)
[2026-05-18 21:50:48.708] Husby was here, and we are ready to go
[2026-05-18 21:50:48.729] AUTO-DISENGAGE: gear left Park (now R)
[2026-05-18 21:50:48.730] Husby was here, and we are ready to go
[2026-05-18 21:50:48.747] AUTO-DISENGAGE: gear left Park (now R)
[2026-05-18 21:50:48.747] Husby was here, and we are ready to go
[2026-05-18 21:50:48.768] AUTO-DISENGAGE: gear left Park (now R)
[2026-05-18 21:50:48.768] Husby was here, and we are ready to go
[2026-05-18 21:50:48.785] AUTO-DISENGAGE: gear left Park (now R)
[2026-05-18 21:50:48.786] Husby was here, and we are ready to go
[2026-05-18 21:50:48.790] AUTO-DISENGAGE: gear left Park (now R)
[2026-05-18 21:50:48.790] Husby was here, and we are ready to go
[2026-05-18 21:50:48.806] AUTO-DISENGAGE: gear left Park (now R)
[2026-05-18 21:50:48.806] Husby was here, and we are ready to go
[2026-05-18 21:50:48.825] AUTO-DISENGAGE: gear left Park (now R)
[2026-05-18 21:50:48.825] Husby was here, and we are ready to go
[2026-05-18 21:50:48.845] AUTO-DISENGAGE: gear left Park (now R)
[2026-05-18 21:50:48.845] Husby was here, and we are ready to go
[2026-05-18 21:50:48.868] AUTO-DISENGAGE: gear left Park (now R)
[2026-05-18 21:50:48.868] Husby was here, and we are ready to go
[2026-05-18 21:50:48.888] AUTO-DISENGAGE: gear left Park (now R)
[2026-05-18 21:50:48.888] Husby was here, and we are ready to go
[2026-05-18 21:50:48.890] AUTO-DISENGAGE: gear left Park (now R)
[2026-05-18 21:50:48.890] Husby was here, and we are ready to go
[2026-05-18 21:50:48.908] AUTO-DISENGAGE: gear left Park (now R)
[2026-05-18 21:50:48.909] Husby was here, and we are ready to go
[2026-05-18 21:50:48.928] AUTO-DISENGAGE: gear left Park (now R)
[2026-05-18 21:50:48.928] Husby was here, and we are ready to go
[2026-05-18 21:50:48.946] AUTO-DISENGAGE: gear left Park (now R)
[2026-05-18 21:50:48.946] Husby was here, and we are ready to go
[2026-05-18 21:50:48.967] AUTO-DISENGAGE: gear left Park (now R)
[2026-05-18 21:50:48.967] Husby was here, and we are ready to go
[2026-05-18 21:50:48.987] AUTO-DISENGAGE: gear left Park (now R)
[2026-05-18 21:50:48.987] Husby was here, and we are ready to go
[2026-05-18 21:50:48.990] AUTO-DISENGAGE: gear left Park (now R)
[2026-05-18 21:50:48.990] Husby was here, and we are ready to go
[2026-05-18 21:50:49.008] AUTO-DISENGAGE: gear left Park (now R)
[2026-05-18 21:50:49.008] Husby was here, and we are ready to go
[2026-05-18 21:50:49.027] AUTO-DISENGAGE: gear left Park (now R)
[2026-05-18 21:50:49.027] Husby was here, and we are ready to go
[2026-05-18 21:50:49.045] AUTO-DISENGAGE: gear left Park (now R)
[2026-05-18 21:50:49.045] Husby was here, and we are ready to go
[2026-05-18 21:50:49.065] AUTO-DISENGAGE: gear left Park (now R)
[2026-05-18 21:50:49.065] Husby was here, and we are ready to go
[2026-05-18 21:50:49.088] AUTO-DISENGAGE: gear left Park (now R)
[2026-05-18 21:50:49.088] Husby was here, and we are ready to go
[2026-05-18 21:50:49.090] AUTO-DISENGAGE: gear left Park (now R)
[2026-05-18 21:50:49.090] Husby was here, and we are ready to go
[2026-05-18 21:50:49.108] AUTO-DISENGAGE: gear left Park (now R)
[2026-05-18 21:50:49.108] Husby was here, and we are ready to go
[2026-05-18 21:50:49.128] AUTO-DISENGAGE: gear left Park (now R)
[2026-05-18 21:50:49.128] Husby was here, and we are ready to go
[2026-05-18 21:50:49.147] AUTO-DISENGAGE: gear left Park (now R)
[2026-05-18 21:50:49.147] Husby was here, and we are ready to go
[2026-05-18 21:50:49.167] AUTO-DISENGAGE: gear left Park (now R)
[2026-05-18 21:50:49.167] Husby was here, and we are ready to go
[2026-05-18 21:50:49.187] AUTO-DISENGAGE: gear left Park (now R)
[2026-05-18 21:50:49.188] Husby was here, and we are ready to go
[2026-05-18 21:50:49.190] AUTO-DISENGAGE: gear left Park (now R)
[2026-05-18 21:50:49.190] Husby was here, and we are ready to go
[2026-05-18 21:50:49.208] AUTO-DISENGAGE: gear left Park (now R)
[2026-05-18 21:50:49.208] Husby was here, and we are ready to go
[2026-05-18 21:50:49.227] AUTO-DISENGAGE: gear left Park (now R)
[2026-05-18 21:50:49.227] Husby was here, and we are ready to go
[2026-05-18 21:50:49.246] AUTO-DISENGAGE: gear left Park (now R)
[2026-05-18 21:50:49.246] Husby was here, and we are ready to go
[2026-05-18 21:50:49.265] AUTO-DISENGAGE: gear left Park (now R)
[2026-05-18 21:50:49.265] Husby was here, and we are ready to go
[2026-05-18 21:50:49.288] AUTO-DISENGAGE: gear left Park (now R)
[2026-05-18 21:50:49.288] Husby was here, and we are ready to go
[2026-05-18 21:50:49.290] AUTO-DISENGAGE: gear left Park (now R)
[2026-05-18 21:50:49.290] Husby was here, and we are ready to go
[2026-05-18 21:50:49.308] AUTO-DISENGAGE: gear left Park (now R)
[2026-05-18 21:50:49.308] Husby was here, and we are ready to go
[2026-05-18 21:50:49.329] AUTO-DISENGAGE: gear left Park (now R)
[2026-05-18 21:50:49.329] Husby was here, and we are ready to go
[2026-05-18 21:50:49.348] AUTO-DISENGAGE: gear left Park (now R)
[2026-05-18 21:50:49.348] Husby was here, and we are ready to go
[2026-05-18 21:50:49.368] AUTO-DISENGAGE: gear left Park (now R)
[2026-05-18 21:50:49.369] Husby was here, and we are ready to go
[2026-05-18 21:50:49.385] AUTO-DISENGAGE: gear left Park (now R)
[2026-05-18 21:50:49.386] Husby was here, and we are ready to go
[2026-05-18 21:50:49.390] AUTO-DISENGAGE: gear left Park (now R)
[2026-05-18 21:50:49.390] Husby was here, and we are ready to go
[2026-05-18 21:50:49.407] AUTO-DISENGAGE: gear left Park (now R)
[2026-05-18 21:50:49.407] Husby was here, and we are ready to go
[2026-05-18 21:50:49.427] brake: released
[2026-05-18 21:50:49.427] AUTO-DISENGAGE: gear left Park (now R)
[2026-05-18 21:50:49.427] Husby was here, and we are ready to go
[2026-05-18 21:50:49.445] AUTO-DISENGAGE: gear left Park (now R)
[2026-05-18 21:50:49.445] Husby was here, and we are ready to go
[2026-05-18 21:50:49.465] AUTO-DISENGAGE: gear left Park (now R)
[2026-05-18 21:50:49.466] Husby was here, and we are ready to go
[2026-05-18 21:50:49.486] err -> HANDS_ON
[2026-05-18 21:50:49.486] AUTO-DISENGAGE: gear left Park (now R)
[2026-05-18 21:50:49.486] Husby was here, and we are ready to go
[2026-05-18 21:50:49.490] AUTO-DISENGAGE: gear left Park (now R)
[2026-05-18 21:50:49.490] Husby was here, and we are ready to go
[2026-05-18 21:50:49.506] AUTO-DISENGAGE: gear left Park (now R)
[2026-05-18 21:50:49.506] Husby was here, and we are ready to go
[2026-05-18 21:50:49.525] EAC: ACTIVE -> INHIBITED (err=HANDS_ON)
[2026-05-18 21:50:49.526] AUTO-DISENGAGE: gear left Park (now R)
[2026-05-18 21:50:49.526] Husby was here, and we are ready to go
[2026-05-18 21:50:49.545] AUTO-DISENGAGE: gear left Park (now R)
[2026-05-18 21:50:49.545] Husby was here, and we are ready to go
[2026-05-18 21:50:49.566] AUTO-DISENGAGE: gear left Park (now R)
[2026-05-18 21:50:49.566] Husby was here, and we are ready to go
[2026-05-18 21:50:49.585] AUTO-DISENGAGE: gear left Park (now R)
[2026-05-18 21:50:49.585] Husby was here, and we are ready to go
[2026-05-18 21:50:49.590] AUTO-DISENGAGE: gear left Park (now R)
[2026-05-18 21:50:49.590] Husby was here, and we are ready to go
[2026-05-18 21:50:49.610] AUTO-DISENGAGE: gear left Park (now R)
[2026-05-18 21:50:49.610] Husby was here, and we are ready to go
[2026-05-18 21:50:49.629] AUTO-DISENGAGE: gear left Park (now R)
[2026-05-18 21:50:49.629] Husby was here, and we are ready to go
[2026-05-18 21:50:49.652] AUTO-DISENGAGE: gear left Park (now R)
[2026-05-18 21:50:49.653] Husby was here, and we are ready to go
[2026-05-18 21:50:49.672] AUTO-DISENGAGE: gear left Park (now R)
[2026-05-18 21:50:49.672] Husby was here, and we are ready to go
[2026-05-18 21:50:49.691] AUTO-DISENGAGE: gear left Park (now R)
[2026-05-18 21:50:49.691] Husby was here, and we are ready to go
[2026-05-18 21:50:49.694] AUTO-DISENGAGE: gear left Park (now R)
[2026-05-18 21:50:49.694] Husby was here, and we are ready to go
[2026-05-18 21:50:49.711] AUTO-DISENGAGE: gear left Park (now R)
[2026-05-18 21:50:49.712] Husby was here, and we are ready to go
[2026-05-18 21:50:49.731] AUTO-DISENGAGE: gear left Park (now R)
[2026-05-18 21:50:49.731] Husby was here, and we are ready to go
[2026-05-18 21:50:49.752] AUTO-DISENGAGE: gear left Park (now R)
[2026-05-18 21:50:49.752] Husby was here, and we are ready to go
[2026-05-18 21:50:49.770] brake: PRESSED
[2026-05-18 21:50:49.771] AUTO-DISENGAGE: gear left Park (now R)
[2026-05-18 21:50:49.771] Husby was here, and we are ready to go
[2026-05-18 21:50:49.791] AUTO-DISENGAGE: gear left Park (now R)
[2026-05-18 21:50:49.791] Husby was here, and we are ready to go
[2026-05-18 21:50:49.792] AUTO-DISENGAGE: gear left Park (now R)
[2026-05-18 21:50:49.792] Husby was here, and we are ready to go
[2026-05-18 21:50:49.810] AUTO-DISENGAGE: gear left Park (now R)
[2026-05-18 21:50:49.810] Husby was here, and we are ready to go
[2026-05-18 21:50:49.830] AUTO-DISENGAGE: gear left Park (now R)
[2026-05-18 21:50:49.830] Husby was here, and we are ready to go
[2026-05-18 21:50:49.850] AUTO-DISENGAGE: gear left Park (now R)
[2026-05-18 21:50:49.850] Husby was here, and we are ready to go
[2026-05-18 21:50:49.870] AUTO-DISENGAGE: gear left Park (now R)
[2026-05-18 21:50:49.870] Husby was here, and we are ready to go
[2026-05-18 21:50:49.890] AUTO-DISENGAGE: gear left Park (now R)
[2026-05-18 21:50:49.890] Husby was here, and we are ready to go
[2026-05-18 21:50:49.892] AUTO-DISENGAGE: gear left Park (now R)
[2026-05-18 21:50:49.892] Husby was here, and we are ready to go
[2026-05-18 21:50:49.910] AUTO-DISENGAGE: gear left Park (now R)
[2026-05-18 21:50:49.910] Husby was here, and we are ready to go
[2026-05-18 21:50:49.934] AUTO-DISENGAGE: gear left Park (now R)
[2026-05-18 21:50:49.934] Husby was here, and we are ready to go
[2026-05-18 21:50:49.952] AUTO-DISENGAGE: gear left Park (now R)
[2026-05-18 21:50:49.952] Husby was here, and we are ready to go
[2026-05-18 21:50:49.974] AUTO-DISENGAGE: gear left Park (now R)
[2026-05-18 21:50:49.975] Husby was here, and we are ready to go
[2026-05-18 21:50:49.990] AUTO-DISENGAGE: gear left Park (now R)
[2026-05-18 21:50:49.991] Husby was here, and we are ready to go
[2026-05-18 21:50:49.991] AUTO-DISENGAGE: gear left Park (now R)
[2026-05-18 21:50:49.992] Husby was here, and we are ready to go
[2026-05-18 21:50:50.016] AUTO-DISENGAGE: gear left Park (now R)
[2026-05-18 21:50:50.017] Husby was here, and we are ready to go
[2026-05-18 21:50:50.031] AUTO-DISENGAGE: gear left Park (now R)
[2026-05-18 21:50:50.031] Husby was here, and we are ready to go
[2026-05-18 21:50:50.051] AUTO-DISENGAGE: gear left Park (now R)
[2026-05-18 21:50:50.051] Husby was here, and we are ready to go
[2026-05-18 21:50:50.071] AUTO-DISENGAGE: gear left Park (now R)
[2026-05-18 21:50:50.071] Husby was here, and we are ready to go
[2026-05-18 21:50:50.090] AUTO-DISENGAGE: gear left Park (now R)
[2026-05-18 21:50:50.090] Husby was here, and we are ready to go
[2026-05-18 21:50:50.091] AUTO-DISENGAGE: gear left Park (now R)
[2026-05-18 21:50:50.092] Husby was here, and we are ready to go
[2026-05-18 21:50:50.111] AUTO-DISENGAGE: gear left Park (now R)
[2026-05-18 21:50:50.111] Husby was here, and we are ready to go
[2026-05-18 21:50:50.130] AUTO-DISENGAGE: gear left Park (now R)
[2026-05-18 21:50:50.131] Husby was here, and we are ready to go
[2026-05-18 21:50:50.153] AUTO-DISENGAGE: gear left Park (now R)
[2026-05-18 21:50:50.153] Husby was here, and we are ready to go
[2026-05-18 21:50:50.170] AUTO-DISENGAGE: gear left Park (now R)
[2026-05-18 21:50:50.171] Husby was here, and we are ready to go
[2026-05-18 21:50:50.190] AUTO-DISENGAGE: gear left Park (now R)
[2026-05-18 21:50:50.190] Husby was here, and we are ready to go
[2026-05-18 21:50:50.192] AUTO-DISENGAGE: gear left Park (now R)
[2026-05-18 21:50:50.192] Husby was here, and we are ready to go
[2026-05-18 21:50:50.210] AUTO-DISENGAGE: gear left Park (now R)
[2026-05-18 21:50:50.210] Husby was here, and we are ready to go
[2026-05-18 21:50:50.230] AUTO-DISENGAGE: gear left Park (now R)
[2026-05-18 21:50:50.230] Husby was here, and we are ready to go
[2026-05-18 21:50:50.250] AUTO-DISENGAGE: gear left Park (now R)
[2026-05-18 21:50:50.250] Husby was here, and we are ready to go
[2026-05-18 21:50:50.270] AUTO-DISENGAGE: gear left Park (now R)
[2026-05-18 21:50:50.270] Husby was here, and we are ready to go
[2026-05-18 21:50:50.290] AUTO-DISENGAGE: gear left Park (now R)
[2026-05-18 21:50:50.290] Husby was here, and we are ready to go
[2026-05-18 21:50:50.292] AUTO-DISENGAGE: gear left Park (now R)
[2026-05-18 21:50:50.292] Husby was here, and we are ready to go
[2026-05-18 21:50:50.316] AUTO-DISENGAGE: gear left Park (now R)
[2026-05-18 21:50:50.316] Husby was here, and we are ready to go
[2026-05-18 21:50:50.331] AUTO-DISENGAGE: gear left Park (now R)
[2026-05-18 21:50:50.332] Husby was here, and we are ready to go
[2026-05-18 21:50:50.353] AUTO-DISENGAGE: gear left Park (now R)
[2026-05-18 21:50:50.354] Husby was here, and we are ready to go
[2026-05-18 21:50:50.373] AUTO-DISENGAGE: gear left Park (now R)
[2026-05-18 21:50:50.374] Husby was here, and we are ready to go
[2026-05-18 21:50:50.390] AUTO-DISENGAGE: gear left Park (now R)
[2026-05-18 21:50:50.391] Husby was here, and we are ready to go
[2026-05-18 21:50:50.392] AUTO-DISENGAGE: gear left Park (now R)
[2026-05-18 21:50:50.392] Husby was here, and we are ready to go
[2026-05-18 21:50:50.411] AUTO-DISENGAGE: gear left Park (now R)
[2026-05-18 21:50:50.411] Husby was here, and we are ready to go
[2026-05-18 21:50:50.433] AUTO-DISENGAGE: gear left Park (now R)
[2026-05-18 21:50:50.433] Husby was here, and we are ready to go
[2026-05-18 21:50:50.450] AUTO-DISENGAGE: gear left Park (now R)
[2026-05-18 21:50:50.450] Husby was here, and we are ready to go
[2026-05-18 21:50:50.470] AUTO-DISENGAGE: gear left Park (now R)
[2026-05-18 21:50:50.470] Husby was here, and we are ready to go
[2026-05-18 21:50:50.490] AUTO-DISENGAGE: gear left Park (now R)
[2026-05-18 21:50:50.490] Husby was here, and we are ready to go
[2026-05-18 21:50:50.492] AUTO-DISENGAGE: gear left Park (now R)
[2026-05-18 21:50:50.492] Husby was here, and we are ready to go
[2026-05-18 21:50:50.510] AUTO-DISENGAGE: gear left Park (now R)
[2026-05-18 21:50:50.510] Husby was here, and we are ready to go
[2026-05-18 21:50:50.530] AUTO-DISENGAGE: gear left Park (now R)
[2026-05-18 21:50:50.530] Husby was here, and we are ready to go
[2026-05-18 21:50:50.550] AUTO-DISENGAGE: gear left Park (now R)
[2026-05-18 21:50:50.550] Husby was here, and we are ready to go
[2026-05-18 21:50:50.571] AUTO-DISENGAGE: gear left Park (now R)
[2026-05-18 21:50:50.571] Husby was here, and we are ready to go
[2026-05-18 21:50:50.591] AUTO-DISENGAGE: gear left Park (now R)
[2026-05-18 21:50:50.591] Husby was here, and we are ready to go
[2026-05-18 21:50:50.594] AUTO-DISENGAGE: gear left Park (now R)
[2026-05-18 21:50:50.594] Husby was here, and we are ready to go
[2026-05-18 21:50:50.612] AUTO-DISENGAGE: gear left Park (now R)
[2026-05-18 21:50:50.612] Husby was here, and we are ready to go
[2026-05-18 21:50:50.630] AUTO-DISENGAGE: gear left Park (now R)
[2026-05-18 21:50:50.630] Husby was here, and we are ready to go
[2026-05-18 21:50:50.650] AUTO-DISENGAGE: gear left Park (now R)
[2026-05-18 21:50:50.650] Husby was here, and we are ready to go
[2026-05-18 21:50:50.670] AUTO-DISENGAGE: gear left Park (now R)
[2026-05-18 21:50:50.670] Husby was here, and we are ready to go
[2026-05-18 21:50:50.690] AUTO-DISENGAGE: gear left Park (now R)
[2026-05-18 21:50:50.690] Husby was here, and we are ready to go
[2026-05-18 21:50:50.692] AUTO-DISENGAGE: gear left Park (now R)
[2026-05-18 21:50:50.692] Husby was here, and we are ready to go
[2026-05-18 21:50:50.710] AUTO-DISENGAGE: gear left Park (now R)
[2026-05-18 21:50:50.710] Husby was here, and we are ready to go
[2026-05-18 21:50:50.730] AUTO-DISENGAGE: gear left Park (now R)
[2026-05-18 21:50:50.730] Husby was here, and we are ready to go
[2026-05-18 21:50:50.750] AUTO-DISENGAGE: gear left Park (now R)
[2026-05-18 21:50:50.750] Husby was here, and we are ready to go
[2026-05-18 21:50:50.771] AUTO-DISENGAGE: gear left Park (now R)
[2026-05-18 21:50:50.771] Husby was here, and we are ready to go
[2026-05-18 21:50:50.791] AUTO-DISENGAGE: gear left Park (now R)
[2026-05-18 21:50:50.791] Husby was here, and we are ready to go
[2026-05-18 21:50:50.793] AUTO-DISENGAGE: gear left Park (now R)
[2026-05-18 21:50:50.793] Husby was here, and we are ready to go
[2026-05-18 21:50:50.810] AUTO-DISENGAGE: gear left Park (now R)
[2026-05-18 21:50:50.811] Husby was here, and we are ready to go
[2026-05-18 21:50:50.831] AUTO-DISENGAGE: gear left Park (now R)
[2026-05-18 21:50:50.831] Husby was here, and we are ready to go
[2026-05-18 21:50:50.850] AUTO-DISENGAGE: gear left Park (now R)
[2026-05-18 21:50:50.851] Husby was here, and we are ready to go
[2026-05-18 21:50:50.871] AUTO-DISENGAGE: gear left Park (now R)
[2026-05-18 21:50:50.871] Husby was here, and we are ready to go
[2026-05-18 21:50:50.890] AUTO-DISENGAGE: gear left Park (now R)
[2026-05-18 21:50:50.890] Husby was here, and we are ready to go
[2026-05-18 21:50:50.892] AUTO-DISENGAGE: gear left Park (now R)
[2026-05-18 21:50:50.892] Husby was here, and we are ready to go
[2026-05-18 21:50:50.912] brake: released
[2026-05-18 21:50:50.917] AUTO-DISENGAGE: gear left Park (now R)
[2026-05-18 21:50:50.917] Husby was here, and we are ready to go
[2026-05-18 21:50:50.933] AUTO-DISENGAGE: gear left Park (now R)
[2026-05-18 21:50:50.933] Husby was here, and we are ready to go
[2026-05-18 21:50:50.952] AUTO-DISENGAGE: gear left Park (now R)
[2026-05-18 21:50:50.952] Husby was here, and we are ready to go
[2026-05-18 21:50:50.971] AUTO-DISENGAGE: gear left Park (now R)
[2026-05-18 21:50:50.971] Husby was here, and we are ready to go
[2026-05-18 21:50:50.990] AUTO-DISENGAGE: gear left Park (now R)
[2026-05-18 21:50:50.990] Husby was here, and we are ready to go
[2026-05-18 21:50:50.992] AUTO-DISENGAGE: gear left Park (now R)
[2026-05-18 21:50:50.992] Husby was here, and we are ready to go
[2026-05-18 21:50:51.017] AUTO-DISENGAGE: gear left Park (now R)
[2026-05-18 21:50:51.017] Husby was here, and we are ready to go
[2026-05-18 21:50:51.037] AUTO-DISENGAGE: gear left Park (now R)
[2026-05-18 21:50:51.037] Husby was here, and we are ready to go
[2026-05-18 21:50:51.056] AUTO-DISENGAGE: gear left Park (now R)
[2026-05-18 21:50:51.056] Husby was here, and we are ready to go
[2026-05-18 21:50:51.076] brake: PRESSED
[2026-05-18 21:50:51.077] AUTO-DISENGAGE: gear left Park (now R)
[2026-05-18 21:50:51.077] Husby was here, and we are ready to go
[2026-05-18 21:50:51.093] AUTO-DISENGAGE: gear left Park (now R)
[2026-05-18 21:50:51.093] Husby was here, and we are ready to go
[2026-05-18 21:50:51.095] AUTO-DISENGAGE: gear left Park (now R)
[2026-05-18 21:50:51.095] Husby was here, and we are ready to go
[2026-05-18 21:50:51.119] AUTO-DISENGAGE: gear left Park (now R)
[2026-05-18 21:50:51.119] Husby was here, and we are ready to go
[2026-05-18 21:50:51.138] AUTO-DISENGAGE: gear left Park (now R)
[2026-05-18 21:50:51.138] Husby was here, and we are ready to go
[2026-05-18 21:50:51.158] AUTO-DISENGAGE: gear left Park (now R)
[2026-05-18 21:50:51.158] Husby was here, and we are ready to go
[2026-05-18 21:50:51.179] AUTO-DISENGAGE: gear left Park (now R)
[2026-05-18 21:50:51.179] Husby was here, and we are ready to go
[2026-05-18 21:50:51.194] AUTO-DISENGAGE: gear left Park (now R)
[2026-05-18 21:50:51.194] Husby was here, and we are ready to go
[2026-05-18 21:50:51.195] AUTO-DISENGAGE: gear left Park (now R)
[2026-05-18 21:50:51.195] Husby was here, and we are ready to go
[2026-05-18 21:50:51.220] AUTO-DISENGAGE: gear left Park (now R)
[2026-05-18 21:50:51.220] Husby was here, and we are ready to go
[2026-05-18 21:50:51.242] AUTO-DISENGAGE: gear left Park (now R)
[2026-05-18 21:50:51.242] Husby was here, and we are ready to go
[2026-05-18 21:50:51.261] AUTO-DISENGAGE: gear left Park (now R)
[2026-05-18 21:50:51.261] Husby was here, and we are ready to go
[2026-05-18 21:50:51.281] AUTO-DISENGAGE: gear left Park (now R)
[2026-05-18 21:50:51.281] Husby was here, and we are ready to go
[2026-05-18 21:50:51.293] AUTO-DISENGAGE: gear left Park (now R)
[2026-05-18 21:50:51.293] Husby was here, and we are ready to go
[2026-05-18 21:50:51.301] AUTO-DISENGAGE: gear left Park (now R)
[2026-05-18 21:50:51.301] Husby was here, and we are ready to go
[2026-05-18 21:50:51.322] AUTO-DISENGAGE: gear left Park (now R)
[2026-05-18 21:50:51.322] Husby was here, and we are ready to go
[2026-05-18 21:50:51.341] AUTO-DISENGAGE: gear left Park (now R)
[2026-05-18 21:50:51.341] Husby was here, and we are ready to go
[2026-05-18 21:50:51.361] AUTO-DISENGAGE: gear left Park (now R)
[2026-05-18 21:50:51.361] Husby was here, and we are ready to go
[2026-05-18 21:50:51.381] AUTO-DISENGAGE: gear left Park (now R)
[2026-05-18 21:50:51.381] Husby was here, and we are ready to go
[2026-05-18 21:50:51.393] AUTO-DISENGAGE: gear left Park (now R)
[2026-05-18 21:50:51.393] Husby was here, and we are ready to go
[2026-05-18 21:50:51.401] AUTO-DISENGAGE: gear left Park (now R)
[2026-05-18 21:50:51.401] Husby was here, and we are ready to go
[2026-05-18 21:50:51.422] AUTO-DISENGAGE: gear left Park (now R)
[2026-05-18 21:50:51.422] Husby was here, and we are ready to go
[2026-05-18 21:50:51.442] AUTO-DISENGAGE: gear left Park (now R)
[2026-05-18 21:50:51.442] Husby was here, and we are ready to go
[2026-05-18 21:50:51.462] AUTO-DISENGAGE: gear left Park (now R)
[2026-05-18 21:50:51.462] Husby was here, and we are ready to go
[2026-05-18 21:50:51.482] AUTO-DISENGAGE: gear left Park (now R)
[2026-05-18 21:50:51.482] Husby was here, and we are ready to go
[2026-05-18 21:50:51.493] AUTO-DISENGAGE: gear left Park (now R)
[2026-05-18 21:50:51.493] Husby was here, and we are ready to go
[2026-05-18 21:50:51.501] AUTO-DISENGAGE: gear left Park (now R)
[2026-05-18 21:50:51.501] Husby was here, and we are ready to go
[2026-05-18 21:50:51.522] AUTO-DISENGAGE: gear left Park (now R)
[2026-05-18 21:50:51.522] Husby was here, and we are ready to go
[2026-05-18 21:50:51.543] AUTO-DISENGAGE: gear left Park (now R)
[2026-05-18 21:50:51.543] Husby was here, and we are ready to go
[2026-05-18 21:50:51.567] AUTO-DISENGAGE: gear left Park (now R)
[2026-05-18 21:50:51.567] Husby was here, and we are ready to go
[2026-05-18 21:50:51.583] AUTO-DISENGAGE: gear left Park (now R)
[2026-05-18 21:50:51.583] Husby was here, and we are ready to go
[2026-05-18 21:50:51.594] AUTO-DISENGAGE: gear left Park (now R)
[2026-05-18 21:50:51.594] Husby was here, and we are ready to go
[2026-05-18 21:50:51.601] AUTO-DISENGAGE: gear left Park (now R)
[2026-05-18 21:50:51.602] Husby was here, and we are ready to go
[2026-05-18 21:50:51.624] AUTO-DISENGAGE: gear left Park (now R)
[2026-05-18 21:50:51.624] Husby was here, and we are ready to go
[2026-05-18 21:50:51.643] AUTO-DISENGAGE: gear left Park (now R)
[2026-05-18 21:50:51.643] Husby was here, and we are ready to go
[2026-05-18 21:50:51.663] AUTO-DISENGAGE: gear left Park (now R)
[2026-05-18 21:50:51.663] Husby was here, and we are ready to go
[2026-05-18 21:50:51.684] AUTO-DISENGAGE: gear left Park (now R)
[2026-05-18 21:50:51.684] Husby was here, and we are ready to go
[2026-05-18 21:50:51.694] AUTO-DISENGAGE: gear left Park (now R)
[2026-05-18 21:50:51.694] Husby was here, and we are ready to go
[2026-05-18 21:50:51.702] AUTO-DISENGAGE: gear left Park (now R)
[2026-05-18 21:50:51.702] Husby was here, and we are ready to go
[2026-05-18 21:50:51.723] AUTO-DISENGAGE: gear left Park (now R)
[2026-05-18 21:50:51.723] Husby was here, and we are ready to go
[2026-05-18 21:50:51.743] AUTO-DISENGAGE: gear left Park (now R)
[2026-05-18 21:50:51.743] Husby was here, and we are ready to go
[2026-05-18 21:50:51.763] AUTO-DISENGAGE: gear left Park (now R)
[2026-05-18 21:50:51.763] Husby was here, and we are ready to go
[2026-05-18 21:50:51.781] AUTO-DISENGAGE: gear left Park (now R)
[2026-05-18 21:50:51.781] Husby was here, and we are ready to go
[2026-05-18 21:50:51.793] AUTO-DISENGAGE: gear left Park (now R)
[2026-05-18 21:50:51.793] Husby was here, and we are ready to go
[2026-05-18 21:50:51.801] AUTO-DISENGAGE: gear left Park (now R)
[2026-05-18 21:50:51.801] Husby was here, and we are ready to go
[2026-05-18 21:50:51.821] AUTO-DISENGAGE: gear left Park (now R)
[2026-05-18 21:50:51.822] Husby was here, and we are ready to go
[2026-05-18 21:50:51.841] AUTO-DISENGAGE: gear left Park (now R)
[2026-05-18 21:50:51.841] Husby was here, and we are ready to go
[2026-05-18 21:50:51.861] AUTO-DISENGAGE: gear left Park (now R)
[2026-05-18 21:50:51.861] Husby was here, and we are ready to go
[2026-05-18 21:50:51.881] AUTO-DISENGAGE: gear left Park (now R)
[2026-05-18 21:50:51.881] Husby was here, and we are ready to go
[2026-05-18 21:50:51.893] AUTO-DISENGAGE: gear left Park (now R)
[2026-05-18 21:50:51.893] Husby was here, and we are ready to go
[2026-05-18 21:50:51.901] AUTO-DISENGAGE: gear left Park (now R)
[2026-05-18 21:50:51.901] Husby was here, and we are ready to go
[2026-05-18 21:50:51.923] AUTO-DISENGAGE: gear left Park (now R)
[2026-05-18 21:50:51.923] Husby was here, and we are ready to go
[2026-05-18 21:50:51.943] AUTO-DISENGAGE: gear left Park (now R)
[2026-05-18 21:50:51.943] Husby was here, and we are ready to go
[2026-05-18 21:50:51.962] AUTO-DISENGAGE: gear left Park (now R)
[2026-05-18 21:50:51.962] Husby was here, and we are ready to go
[2026-05-18 21:50:51.982] AUTO-DISENGAGE: gear left Park (now R)
[2026-05-18 21:50:51.982] Husby was here, and we are ready to go
[2026-05-18 21:50:51.994] AUTO-DISENGAGE: gear left Park (now R)
[2026-05-18 21:50:51.994] Husby was here, and we are ready to go
[2026-05-18 21:50:52.001] AUTO-DISENGAGE: gear left Park (now R)
[2026-05-18 21:50:52.002] Husby was here, and we are ready to go
[2026-05-18 21:50:52.022] brake: released
[2026-05-18 21:50:52.023] AUTO-DISENGAGE: gear left Park (now R)
[2026-05-18 21:50:52.023] Husby was here, and we are ready to go
[2026-05-18 21:50:52.043] AUTO-DISENGAGE: gear left Park (now R)
[2026-05-18 21:50:52.043] Husby was here, and we are ready to go
[2026-05-18 21:50:52.063] AUTO-DISENGAGE: gear left Park (now R)
[2026-05-18 21:50:52.063] Husby was here, and we are ready to go
[2026-05-18 21:50:52.082] AUTO-DISENGAGE: gear left Park (now R)
[2026-05-18 21:50:52.082] Husby was here, and we are ready to go
[2026-05-18 21:50:52.093] AUTO-DISENGAGE: gear left Park (now R)
[2026-05-18 21:50:52.093] Husby was here, and we are ready to go
[2026-05-18 21:50:52.101] AUTO-DISENGAGE: gear left Park (now R)
[2026-05-18 21:50:52.101] Husby was here, and we are ready to go
[2026-05-18 21:50:52.122] AUTO-DISENGAGE: gear left Park (now R)
[2026-05-18 21:50:52.122] Husby was here, and we are ready to go
[2026-05-18 21:50:52.143] AUTO-DISENGAGE: gear left Park (now R)
[2026-05-18 21:50:52.143] Husby was here, and we are ready to go
[2026-05-18 21:50:52.163] AUTO-DISENGAGE: gear left Park (now R)
[2026-05-18 21:50:52.163] Husby was here, and we are ready to go
[2026-05-18 21:50:52.183] AUTO-DISENGAGE: gear left Park (now R)
[2026-05-18 21:50:52.183] Husby was here, and we are ready to go
[2026-05-18 21:50:52.194] AUTO-DISENGAGE: gear left Park (now R)
[2026-05-18 21:50:52.194] Husby was here, and we are ready to go
[2026-05-18 21:50:52.202] AUTO-DISENGAGE: gear left Park (now R)
[2026-05-18 21:50:52.202] Husby was here, and we are ready to go
[2026-05-18 21:50:52.222] AUTO-DISENGAGE: gear left Park (now R)
[2026-05-18 21:50:52.223] Husby was here, and we are ready to go
[2026-05-18 21:50:52.243] AUTO-DISENGAGE: gear left Park (now R)
[2026-05-18 21:50:52.244] Husby was here, and we are ready to go
[2026-05-18 21:50:52.262] AUTO-DISENGAGE: gear left Park (now R)
[2026-05-18 21:50:52.263] Husby was here, and we are ready to go
[2026-05-18 21:50:52.282] AUTO-DISENGAGE: gear left Park (now R)
[2026-05-18 21:50:52.282] Husby was here, and we are ready to go
[2026-05-18 21:50:52.293] AUTO-DISENGAGE: gear left Park (now R)
[2026-05-18 21:50:52.293] Husby was here, and we are ready to go
[2026-05-18 21:50:52.301] AUTO-DISENGAGE: gear left Park (now R)
[2026-05-18 21:50:52.301] Husby was here, and we are ready to go
[2026-05-18 21:50:52.322] AUTO-DISENGAGE: gear left Park (now R)
[2026-05-18 21:50:52.322] Husby was here, and we are ready to go
[2026-05-18 21:50:52.341] AUTO-DISENGAGE: gear left Park (now R)
[2026-05-18 21:50:52.341] Husby was here, and we are ready to go
[2026-05-18 21:50:52.361] AUTO-DISENGAGE: gear left Park (now R)
[2026-05-18 21:50:52.361] Husby was here, and we are ready to go
[2026-05-18 21:50:52.381] AUTO-DISENGAGE: gear left Park (now R)
[2026-05-18 21:50:52.381] Husby was here, and we are ready to go
[2026-05-18 21:50:52.393] AUTO-DISENGAGE: gear left Park (now R)
[2026-05-18 21:50:52.393] Husby was here, and we are ready to go
[2026-05-18 21:50:52.401] AUTO-DISENGAGE: gear left Park (now R)
[2026-05-18 21:50:52.401] Husby was here, and we are ready to go
[2026-05-18 21:50:52.422] AUTO-DISENGAGE: gear left Park (now R)
[2026-05-18 21:50:52.422] Husby was here, and we are ready to go
[2026-05-18 21:50:52.442] AUTO-DISENGAGE: gear left Park (now R)
[2026-05-18 21:50:52.442] Husby was here, and we are ready to go
[2026-05-18 21:50:52.462] AUTO-DISENGAGE: gear left Park (now R)
[2026-05-18 21:50:52.462] Husby was here, and we are ready to go
[2026-05-18 21:50:52.482] AUTO-DISENGAGE: gear left Park (now R)
[2026-05-18 21:50:52.482] Husby was here, and we are ready to go
[2026-05-18 21:50:52.493] AUTO-DISENGAGE: gear left Park (now R)
[2026-05-18 21:50:52.493] Husby was here, and we are ready to go
[2026-05-18 21:50:52.502] AUTO-DISENGAGE: gear left Park (now R)
[2026-05-18 21:50:52.502] Husby was here, and we are ready to go
[2026-05-18 21:50:52.522] AUTO-DISENGAGE: gear left Park (now R)
[2026-05-18 21:50:52.522] Husby was here, and we are ready to go
[2026-05-18 21:50:52.542] AUTO-DISENGAGE: gear left Park (now R)
[2026-05-18 21:50:52.542] Husby was here, and we are ready to go
[2026-05-18 21:50:52.562] AUTO-DISENGAGE: gear left Park (now R)
[2026-05-18 21:50:52.562] Husby was here, and we are ready to go
[2026-05-18 21:50:52.582] AUTO-DISENGAGE: gear left Park (now R)
[2026-05-18 21:50:52.582] Husby was here, and we are ready to go
[2026-05-18 21:50:52.593] AUTO-DISENGAGE: gear left Park (now R)
[2026-05-18 21:50:52.593] Husby was here, and we are ready to go
[2026-05-18 21:50:52.601] AUTO-DISENGAGE: gear left Park (now R)
[2026-05-18 21:50:52.601] Husby was here, and we are ready to go
[2026-05-18 21:50:52.623] AUTO-DISENGAGE: gear left Park (now R)
[2026-05-18 21:50:52.623] Husby was here, and we are ready to go
[2026-05-18 21:50:52.643] AUTO-DISENGAGE: gear left Park (now R)
[2026-05-18 21:50:52.644] Husby was here, and we are ready to go
[2026-05-18 21:50:52.663] AUTO-DISENGAGE: gear left Park (now R)
[2026-05-18 21:50:52.664] Husby was here, and we are ready to go
[2026-05-18 21:50:52.683] AUTO-DISENGAGE: gear left Park (now R)
[2026-05-18 21:50:52.683] Husby was here, and we are ready to go
[2026-05-18 21:50:52.694] AUTO-DISENGAGE: gear left Park (now R)
[2026-05-18 21:50:52.694] Husby was here, and we are ready to go
[2026-05-18 21:50:52.702] AUTO-DISENGAGE: gear left Park (now R)
[2026-05-18 21:50:52.702] Husby was here, and we are ready to go
[2026-05-18 21:50:52.722] AUTO-DISENGAGE: gear left Park (now R)
[2026-05-18 21:50:52.722] Husby was here, and we are ready to go
[2026-05-18 21:50:52.742] AUTO-DISENGAGE: gear left Park (now R)
[2026-05-18 21:50:52.742] Husby was here, and we are ready to go
[2026-05-18 21:50:52.763] AUTO-DISENGAGE: gear left Park (now R)
[2026-05-18 21:50:52.763] Husby was here, and we are ready to go
[2026-05-18 21:50:52.782] AUTO-DISENGAGE: gear left Park (now R)
[2026-05-18 21:50:52.782] Husby was here, and we are ready to go
[2026-05-18 21:50:52.793] AUTO-DISENGAGE: gear left Park (now R)
[2026-05-18 21:50:52.793] Husby was here, and we are ready to go
[2026-05-18 21:50:52.801] AUTO-DISENGAGE: gear left Park (now R)
[2026-05-18 21:50:52.801] Husby was here, and we are ready to go
[2026-05-18 21:50:52.822] AUTO-DISENGAGE: gear left Park (now R)
[2026-05-18 21:50:52.822] Husby was here, and we are ready to go
[2026-05-18 21:50:52.842] AUTO-DISENGAGE: gear left Park (now R)
[2026-05-18 21:50:52.842] Husby was here, and we are ready to go
[2026-05-18 21:50:52.861] AUTO-DISENGAGE: gear left Park (now R)
[2026-05-18 21:50:52.861] Husby was here, and we are ready to go
[2026-05-18 21:50:52.881] AUTO-DISENGAGE: gear left Park (now R)
[2026-05-18 21:50:52.881] Husby was here, and we are ready to go
[2026-05-18 21:50:52.894] AUTO-DISENGAGE: gear left Park (now R)
[2026-05-18 21:50:52.894] Husby was here, and we are ready to go
[2026-05-18 21:50:52.902] AUTO-DISENGAGE: gear left Park (now R)
[2026-05-18 21:50:52.902] Husby was here, and we are ready to go
[2026-05-18 21:50:52.927] AUTO-DISENGAGE: gear left Park (now R)
[2026-05-18 21:50:52.928] Husby was here, and we are ready to go
[2026-05-18 21:50:52.945] AUTO-DISENGAGE: gear left Park (now R)
[2026-05-18 21:50:52.945] Husby was here, and we are ready to go
[2026-05-18 21:50:52.964] AUTO-DISENGAGE: gear left Park (now R)
[2026-05-18 21:50:52.965] Husby was here, and we are ready to go
[2026-05-18 21:50:52.983] AUTO-DISENGAGE: gear left Park (now R)
[2026-05-18 21:50:52.983] Husby was here, and we are ready to go
[2026-05-18 21:50:52.993] AUTO-DISENGAGE: gear left Park (now R)
[2026-05-18 21:50:52.993] Husby was here, and we are ready to go
[2026-05-18 21:50:53.002] AUTO-DISENGAGE: gear left Park (now R)
[2026-05-18 21:50:53.003] Husby was here, and we are ready to go
[2026-05-18 21:50:53.024] AUTO-DISENGAGE: gear left Park (now R)
[2026-05-18 21:50:53.025] Husby was here, and we are ready to go
[2026-05-18 21:50:53.043] AUTO-DISENGAGE: gear left Park (now R)
[2026-05-18 21:50:53.043] Husby was here, and we are ready to go
[2026-05-18 21:50:53.062] AUTO-DISENGAGE: gear left Park (now R)
[2026-05-18 21:50:53.062] Husby was here, and we are ready to go
[2026-05-18 21:50:53.082] AUTO-DISENGAGE: gear left Park (now R)
[2026-05-18 21:50:53.082] Husby was here, and we are ready to go
[2026-05-18 21:50:53.093] AUTO-DISENGAGE: gear left Park (now R)
[2026-05-18 21:50:53.093] Husby was here, and we are ready to go
[2026-05-18 21:50:53.101] AUTO-DISENGAGE: gear left Park (now R)
[2026-05-18 21:50:53.101] Husby was here, and we are ready to go
[2026-05-18 21:50:53.123] AUTO-DISENGAGE: gear left Park (now R)
[2026-05-18 21:50:53.124] Husby was here, and we are ready to go
[2026-05-18 21:50:53.142] AUTO-DISENGAGE: gear left Park (now R)
[2026-05-18 21:50:53.142] Husby was here, and we are ready to go
[2026-05-18 21:50:53.163] AUTO-DISENGAGE: gear left Park (now R)
[2026-05-18 21:50:53.163] Husby was here, and we are ready to go
[2026-05-18 21:50:53.182] AUTO-DISENGAGE: gear left Park (now R)
[2026-05-18 21:50:53.183] Husby was here, and we are ready to go
[2026-05-18 21:50:53.193] AUTO-DISENGAGE: gear left Park (now R)
[2026-05-18 21:50:53.193] Husby was here, and we are ready to go
[2026-05-18 21:50:53.202] AUTO-DISENGAGE: gear left Park (now R)
[2026-05-18 21:50:53.202] Husby was here, and we are ready to go
[2026-05-18 21:50:53.224] AUTO-DISENGAGE: gear left Park (now R)
[2026-05-18 21:50:53.224] Husby was here, and we are ready to go
[2026-05-18 21:50:53.243] AUTO-DISENGAGE: gear left Park (now R)
[2026-05-18 21:50:53.243] Husby was here, and we are ready to go
[2026-05-18 21:50:53.263] brake: PRESSED
[2026-05-18 21:50:53.264] AUTO-DISENGAGE: gear left Park (now R)
[2026-05-18 21:50:53.264] Husby was here, and we are ready to go
[2026-05-18 21:50:53.283] AUTO-DISENGAGE: gear left Park (now R)
[2026-05-18 21:50:53.283] Husby was here, and we are ready to go
[2026-05-18 21:50:53.294] AUTO-DISENGAGE: gear left Park (now R)
[2026-05-18 21:50:53.294] Husby was here, and we are ready to go
[2026-05-18 21:50:53.302] AUTO-DISENGAGE: gear left Park (now R)
[2026-05-18 21:50:53.302] Husby was here, and we are ready to go
[2026-05-18 21:50:53.327] AUTO-DISENGAGE: gear left Park (now R)
[2026-05-18 21:50:53.327] Husby was here, and we are ready to go
[2026-05-18 21:50:53.344] AUTO-DISENGAGE: gear left Park (now R)
[2026-05-18 21:50:53.345] Husby was here, and we are ready to go
[2026-05-18 21:50:53.370] AUTO-DISENGAGE: gear left Park (now R)
[2026-05-18 21:50:53.370] Husby was here, and we are ready to go
[2026-05-18 21:50:53.386] AUTO-DISENGAGE: gear left Park (now R)
[2026-05-18 21:50:53.386] Husby was here, and we are ready to go
[2026-05-18 21:50:53.394] AUTO-DISENGAGE: gear left Park (now R)
[2026-05-18 21:50:53.394] Husby was here, and we are ready to go
[2026-05-18 21:50:53.404] AUTO-DISENGAGE: gear left Park (now R)
[2026-05-18 21:50:53.405] Husby was here, and we are ready to go
[2026-05-18 21:50:53.434] AUTO-DISENGAGE: gear left Park (now R)
[2026-05-18 21:50:53.434] Husby was here, and we are ready to go
[2026-05-18 21:50:53.450] brake: released
[2026-05-18 21:50:53.454] AUTO-DISENGAGE: gear left Park (now R)
[2026-05-18 21:50:53.454] Husby was here, and we are ready to go
[2026-05-18 21:50:53.473] AUTO-DISENGAGE: gear left Park (now R)
[2026-05-18 21:50:53.473] Husby was here, and we are ready to go
[2026-05-18 21:50:53.490] AUTO-DISENGAGE: gear left Park (now R)
[2026-05-18 21:50:53.491] Husby was here, and we are ready to go
[2026-05-18 21:50:53.492] AUTO-DISENGAGE: gear left Park (now R)
[2026-05-18 21:50:53.492] Husby was here, and we are ready to go
[2026-05-18 21:50:53.510] AUTO-DISENGAGE: gear left Park (now R)
[2026-05-18 21:50:53.511] Husby was here, and we are ready to go
[2026-05-18 21:50:53.530] AUTO-DISENGAGE: gear left Park (now R)
[2026-05-18 21:50:53.530] Husby was here, and we are ready to go
[2026-05-18 21:50:53.550] AUTO-DISENGAGE: gear left Park (now R)
[2026-05-18 21:50:53.550] Husby was here, and we are ready to go
[2026-05-18 21:50:53.572] AUTO-DISENGAGE: gear left Park (now R)
[2026-05-18 21:50:53.572] Husby was here, and we are ready to go
[2026-05-18 21:50:53.590] AUTO-DISENGAGE: gear left Park (now R)
[2026-05-18 21:50:53.590] Husby was here, and we are ready to go
[2026-05-18 21:50:53.592] AUTO-DISENGAGE: gear left Park (now R)
[2026-05-18 21:50:53.592] Husby was here, and we are ready to go
[2026-05-18 21:50:53.610] AUTO-DISENGAGE: gear left Park (now R)
[2026-05-18 21:50:53.610] Husby was here, and we are ready to go
[2026-05-18 21:50:53.630] AUTO-DISENGAGE: gear left Park (now R)
[2026-05-18 21:50:53.630] Husby was here, and we are ready to go
[2026-05-18 21:50:53.650] AUTO-DISENGAGE: gear left Park (now R)
[2026-05-18 21:50:53.650] Husby was here, and we are ready to go
[2026-05-18 21:50:53.670] AUTO-DISENGAGE: gear left Park (now R)
[2026-05-18 21:50:53.670] Husby was here, and we are ready to go
[2026-05-18 21:50:53.690] AUTO-DISENGAGE: gear left Park (now R)
[2026-05-18 21:50:53.690] Husby was here, and we are ready to go
[2026-05-18 21:50:53.692] AUTO-DISENGAGE: gear left Park (now R)
[2026-05-18 21:50:53.693] Husby was here, and we are ready to go
[2026-05-18 21:50:53.714] AUTO-DISENGAGE: gear left Park (now R)
[2026-05-18 21:50:53.714] Husby was here, and we are ready to go
[2026-05-18 21:50:53.733] AUTO-DISENGAGE: gear left Park (now R)
[2026-05-18 21:50:53.734] Husby was here, and we are ready to go
[2026-05-18 21:50:53.752] AUTO-DISENGAGE: gear left Park (now R)
[2026-05-18 21:50:53.753] Husby was here, and we are ready to go
[2026-05-18 21:50:53.773] AUTO-DISENGAGE: gear left Park (now R)
[2026-05-18 21:50:53.774] Husby was here, and we are ready to go
[2026-05-18 21:50:53.791] AUTO-DISENGAGE: gear left Park (now R)
[2026-05-18 21:50:53.791] Husby was here, and we are ready to go
[2026-05-18 21:50:53.794] AUTO-DISENGAGE: gear left Park (now R)
[2026-05-18 21:50:53.794] Husby was here, and we are ready to go
[2026-05-18 21:50:53.815] AUTO-DISENGAGE: gear left Park (now R)
[2026-05-18 21:50:53.815] Husby was here, and we are ready to go
[2026-05-18 21:50:53.830] AUTO-DISENGAGE: gear left Park (now R)
[2026-05-18 21:50:53.830] Husby was here, and we are ready to go
[2026-05-18 21:50:53.852] AUTO-DISENGAGE: gear left Park (now R)
[2026-05-18 21:50:53.853] Husby was here, and we are ready to go
[2026-05-18 21:50:53.871] AUTO-DISENGAGE: gear left Park (now R)
[2026-05-18 21:50:53.871] Husby was here, and we are ready to go
[2026-05-18 21:50:53.890] AUTO-DISENGAGE: gear left Park (now R)
[2026-05-18 21:50:53.890] Husby was here, and we are ready to go
[2026-05-18 21:50:53.893] AUTO-DISENGAGE: gear left Park (now R)
[2026-05-18 21:50:53.893] Husby was here, and we are ready to go
[2026-05-18 21:50:53.910] AUTO-DISENGAGE: gear left Park (now R)
[2026-05-18 21:50:53.910] Husby was here, and we are ready to go
[2026-05-18 21:50:53.930] AUTO-DISENGAGE: gear left Park (now R)
[2026-05-18 21:50:53.931] Husby was here, and we are ready to go
[2026-05-18 21:50:53.950] AUTO-DISENGAGE: gear left Park (now R)
[2026-05-18 21:50:53.950] Husby was here, and we are ready to go
[2026-05-18 21:50:53.971] AUTO-DISENGAGE: gear left Park (now R)
[2026-05-18 21:50:53.971] Husby was here, and we are ready to go
[2026-05-18 21:50:53.990] AUTO-DISENGAGE: gear left Park (now R)
[2026-05-18 21:50:53.990] Husby was here, and we are ready to go
[2026-05-18 21:50:53.992] AUTO-DISENGAGE: gear left Park (now R)
[2026-05-18 21:50:53.993] Husby was here, and we are ready to go
[2026-05-18 21:50:54.013] AUTO-DISENGAGE: gear left Park (now R)
[2026-05-18 21:50:54.013] Husby was here, and we are ready to go
[2026-05-18 21:50:54.031] AUTO-DISENGAGE: gear left Park (now R)
[2026-05-18 21:50:54.031] Husby was here, and we are ready to go
[2026-05-18 21:50:54.050] AUTO-DISENGAGE: gear left Park (now R)
[2026-05-18 21:50:54.050] Husby was here, and we are ready to go
[2026-05-18 21:50:54.071] AUTO-DISENGAGE: gear left Park (now R)
[2026-05-18 21:50:54.071] Husby was here, and we are ready to go
[2026-05-18 21:50:54.090] AUTO-DISENGAGE: gear left Park (now R)
[2026-05-18 21:50:54.090] Husby was here, and we are ready to go
[2026-05-18 21:50:54.093] AUTO-DISENGAGE: gear left Park (now R)
[2026-05-18 21:50:54.093] Husby was here, and we are ready to go
[2026-05-18 21:50:54.111] AUTO-DISENGAGE: gear left Park (now R)
[2026-05-18 21:50:54.111] Husby was here, and we are ready to go
[2026-05-18 21:50:54.131] AUTO-DISENGAGE: gear left Park (now R)
[2026-05-18 21:50:54.131] Husby was here, and we are ready to go
[2026-05-18 21:50:54.150] AUTO-DISENGAGE: gear left Park (now R)
[2026-05-18 21:50:54.150] Husby was here, and we are ready to go
[2026-05-18 21:50:54.171] AUTO-DISENGAGE: gear left Park (now R)
[2026-05-18 21:50:54.171] Husby was here, and we are ready to go
[2026-05-18 21:50:54.190] AUTO-DISENGAGE: gear left Park (now R)
[2026-05-18 21:50:54.190] Husby was here, and we are ready to go
[2026-05-18 21:50:54.193] AUTO-DISENGAGE: gear left Park (now R)
[2026-05-18 21:50:54.193] Husby was here, and we are ready to go
[2026-05-18 21:50:54.210] AUTO-DISENGAGE: gear left Park (now R)
[2026-05-18 21:50:54.210] Husby was here, and we are ready to go
[2026-05-18 21:50:54.230] AUTO-DISENGAGE: gear left Park (now R)
[2026-05-18 21:50:54.231] Husby was here, and we are ready to go
[2026-05-18 21:50:54.250] AUTO-DISENGAGE: gear left Park (now R)
[2026-05-18 21:50:54.250] Husby was here, and we are ready to go
[2026-05-18 21:50:54.274] AUTO-DISENGAGE: gear left Park (now R)
[2026-05-18 21:50:54.274] Husby was here, and we are ready to go
[2026-05-18 21:50:54.291] AUTO-DISENGAGE: gear left Park (now R)
[2026-05-18 21:50:54.292] Husby was here, and we are ready to go
[2026-05-18 21:50:54.294] AUTO-DISENGAGE: gear left Park (now R)
[2026-05-18 21:50:54.294] Husby was here, and we are ready to go
[2026-05-18 21:50:54.312] AUTO-DISENGAGE: gear left Park (now R)
[2026-05-18 21:50:54.312] Husby was here, and we are ready to go
[2026-05-18 21:50:54.333] AUTO-DISENGAGE: gear left Park (now R)
[2026-05-18 21:50:54.333] Husby was here, and we are ready to go
[2026-05-18 21:50:54.353] AUTO-DISENGAGE: gear left Park (now R)
[2026-05-18 21:50:54.353] Husby was here, and we are ready to go
[2026-05-18 21:50:54.374] AUTO-DISENGAGE: gear left Park (now R)
[2026-05-18 21:50:54.374] Husby was here, and we are ready to go
[2026-05-18 21:50:54.394] AUTO-DISENGAGE: gear left Park (now R)
[2026-05-18 21:50:54.394] Husby was here, and we are ready to go
[2026-05-18 21:50:54.395] AUTO-DISENGAGE: gear left Park (now R)
[2026-05-18 21:50:54.395] Husby was here, and we are ready to go
[2026-05-18 21:50:54.413] AUTO-DISENGAGE: gear left Park (now R)
[2026-05-18 21:50:54.413] Husby was here, and we are ready to go
[2026-05-18 21:50:54.434] AUTO-DISENGAGE: gear left Park (now R)
[2026-05-18 21:50:54.434] Husby was here, and we are ready to go
[2026-05-18 21:50:54.450] AUTO-DISENGAGE: gear left Park (now R)
[2026-05-18 21:50:54.450] Husby was here, and we are ready to go
[2026-05-18 21:50:54.471] AUTO-DISENGAGE: gear left Park (now R)
[2026-05-18 21:50:54.471] Husby was here, and we are ready to go
[2026-05-18 21:50:54.490] AUTO-DISENGAGE: gear left Park (now R)
[2026-05-18 21:50:54.490] Husby was here, and we are ready to go
[2026-05-18 21:50:54.495] AUTO-DISENGAGE: gear left Park (now R)
[2026-05-18 21:50:54.495] Husby was here, and we are ready to go
[2026-05-18 21:50:54.510] AUTO-DISENGAGE: gear left Park (now R)
[2026-05-18 21:50:54.510] Husby was here, and we are ready to go
[2026-05-18 21:50:54.530] AUTO-DISENGAGE: gear left Park (now R)
[2026-05-18 21:50:54.530] Husby was here, and we are ready to go
[2026-05-18 21:50:54.552] AUTO-DISENGAGE: gear left Park (now R)
[2026-05-18 21:50:54.553] Husby was here, and we are ready to go
[2026-05-18 21:50:54.573] AUTO-DISENGAGE: gear left Park (now R)
[2026-05-18 21:50:54.574] Husby was here, and we are ready to go
[2026-05-18 21:50:54.593] AUTO-DISENGAGE: gear left Park (now R)
[2026-05-18 21:50:54.593] Husby was here, and we are ready to go
[2026-05-18 21:50:54.595] AUTO-DISENGAGE: gear left Park (now R)
[2026-05-18 21:50:54.595] Husby was here, and we are ready to go
[2026-05-18 21:50:54.614] AUTO-DISENGAGE: gear left Park (now R)
[2026-05-18 21:50:54.615] Husby was here, and we are ready to go
[2026-05-18 21:50:54.631] AUTO-DISENGAGE: gear left Park (now R)
[2026-05-18 21:50:54.631] Husby was here, and we are ready to go
[2026-05-18 21:50:54.651] AUTO-DISENGAGE: gear left Park (now R)
[2026-05-18 21:50:54.651] Husby was here, and we are ready to go
[2026-05-18 21:50:54.673] AUTO-DISENGAGE: gear left Park (now R)
[2026-05-18 21:50:54.673] Husby was here, and we are ready to go
[2026-05-18 21:50:54.690] AUTO-DISENGAGE: gear left Park (now R)
[2026-05-18 21:50:54.690] Husby was here, and we are ready to go
[2026-05-18 21:50:54.695] AUTO-DISENGAGE: gear left Park (now R)
[2026-05-18 21:50:54.695] Husby was here, and we are ready to go
[2026-05-18 21:50:54.711] AUTO-DISENGAGE: gear left Park (now R)
[2026-05-18 21:50:54.711] Husby was here, and we are ready to go
[2026-05-18 21:50:54.731] AUTO-DISENGAGE: gear left Park (now R)
[2026-05-18 21:50:54.731] Husby was here, and we are ready to go
[2026-05-18 21:50:54.753] AUTO-DISENGAGE: gear left Park (now R)
[2026-05-18 21:50:54.753] Husby was here, and we are ready to go
[2026-05-18 21:50:54.771] AUTO-DISENGAGE: gear left Park (now R)
[2026-05-18 21:50:54.771] Husby was here, and we are ready to go
[2026-05-18 21:50:54.790] AUTO-DISENGAGE: gear left Park (now R)
[2026-05-18 21:50:54.790] Husby was here, and we are ready to go
[2026-05-18 21:50:54.795] AUTO-DISENGAGE: gear left Park (now R)
[2026-05-18 21:50:54.795] Husby was here, and we are ready to go
[2026-05-18 21:50:54.816] AUTO-DISENGAGE: gear left Park (now R)
[2026-05-18 21:50:54.816] Husby was here, and we are ready to go
[2026-05-18 21:50:54.832] AUTO-DISENGAGE: gear left Park (now R)
[2026-05-18 21:50:54.832] Husby was here, and we are ready to go
[2026-05-18 21:50:54.854] AUTO-DISENGAGE: gear left Park (now R)
[2026-05-18 21:50:54.854] Husby was here, and we are ready to go
[2026-05-18 21:50:54.873] AUTO-DISENGAGE: gear left Park (now R)
[2026-05-18 21:50:54.873] Husby was here, and we are ready to go
[2026-05-18 21:50:54.891] AUTO-DISENGAGE: gear left Park (now R)
[2026-05-18 21:50:54.891] Husby was here, and we are ready to go
[2026-05-18 21:50:54.895] AUTO-DISENGAGE: gear left Park (now R)
[2026-05-18 21:50:54.896] Husby was here, and we are ready to go
[2026-05-18 21:50:54.912] AUTO-DISENGAGE: gear left Park (now R)
[2026-05-18 21:50:54.912] Husby was here, and we are ready to go
[2026-05-18 21:50:54.931] AUTO-DISENGAGE: gear left Park (now R)
[2026-05-18 21:50:54.931] Husby was here, and we are ready to go
[2026-05-18 21:50:54.953] AUTO-DISENGAGE: gear left Park (now R)
[2026-05-18 21:50:54.953] Husby was here, and we are ready to go
[2026-05-18 21:50:54.970] AUTO-DISENGAGE: gear left Park (now R)
[2026-05-18 21:50:54.971] Husby was here, and we are ready to go
[2026-05-18 21:50:54.990] AUTO-DISENGAGE: gear left Park (now R)
[2026-05-18 21:50:54.990] Husby was here, and we are ready to go
[2026-05-18 21:50:54.995] AUTO-DISENGAGE: gear left Park (now R)
[2026-05-18 21:50:54.995] Husby was here, and we are ready to go
[2026-05-18 21:50:55.010] AUTO-DISENGAGE: gear left Park (now R)
[2026-05-18 21:50:55.010] Husby was here, and we are ready to go
[2026-05-18 21:50:55.030] AUTO-DISENGAGE: gear left Park (now R)
[2026-05-18 21:50:55.030] Husby was here, and we are ready to go
[2026-05-18 21:50:55.050] AUTO-DISENGAGE: gear left Park (now R)
[2026-05-18 21:50:55.050] Husby was here, and we are ready to go
[2026-05-18 21:50:55.070] AUTO-DISENGAGE: gear left Park (now R)
[2026-05-18 21:50:55.071] Husby was here, and we are ready to go
[2026-05-18 21:50:55.093] AUTO-DISENGAGE: gear left Park (now R)
[2026-05-18 21:50:55.093] Husby was here, and we are ready to go
[2026-05-18 21:50:55.095] AUTO-DISENGAGE: gear left Park (now R)
[2026-05-18 21:50:55.095] Husby was here, and we are ready to go
[2026-05-18 21:50:55.115] AUTO-DISENGAGE: gear left Park (now R)
[2026-05-18 21:50:55.116] Husby was here, and we are ready to go
[2026-05-18 21:50:55.131] AUTO-DISENGAGE: gear left Park (now R)
[2026-05-18 21:50:55.132] Husby was here, and we are ready to go
[2026-05-18 21:50:55.153] AUTO-DISENGAGE: gear left Park (now R)
[2026-05-18 21:50:55.153] Husby was here, and we are ready to go
[2026-05-18 21:50:55.172] AUTO-DISENGAGE: gear left Park (now R)
[2026-05-18 21:50:55.172] Husby was here, and we are ready to go
[2026-05-18 21:50:55.190] AUTO-DISENGAGE: gear left Park (now R)
[2026-05-18 21:50:55.191] Husby was here, and we are ready to go
[2026-05-18 21:50:55.197] AUTO-DISENGAGE: gear left Park (now R)
[2026-05-18 21:50:55.197] Husby was here, and we are ready to go
[2026-05-18 21:50:55.212] AUTO-DISENGAGE: gear left Park (now R)
[2026-05-18 21:50:55.212] Husby was here, and we are ready to go
[2026-05-18 21:50:55.234] AUTO-DISENGAGE: gear left Park (now R)
[2026-05-18 21:50:55.235] Husby was here, and we are ready to go
[2026-05-18 21:50:55.253] AUTO-DISENGAGE: gear left Park (now R)
[2026-05-18 21:50:55.253] Husby was here, and we are ready to go
[2026-05-18 21:50:55.273] AUTO-DISENGAGE: gear left Park (now R)
[2026-05-18 21:50:55.273] Husby was here, and we are ready to go
[2026-05-18 21:50:55.290] AUTO-DISENGAGE: gear left Park (now R)
[2026-05-18 21:50:55.291] Husby was here, and we are ready to go
[2026-05-18 21:50:55.295] AUTO-DISENGAGE: gear left Park (now R)
[2026-05-18 21:50:55.296] Husby was here, and we are ready to go
[2026-05-18 21:50:55.312] AUTO-DISENGAGE: gear left Park (now R)
[2026-05-18 21:50:55.312] Husby was here, and we are ready to go
[2026-05-18 21:50:55.332] AUTO-DISENGAGE: gear left Park (now R)
[2026-05-18 21:50:55.332] Husby was here, and we are ready to go
[2026-05-18 21:50:55.350] AUTO-DISENGAGE: gear left Park (now R)
[2026-05-18 21:50:55.351] Husby was here, and we are ready to go
[2026-05-18 21:50:55.371] AUTO-DISENGAGE: gear left Park (now R)
[2026-05-18 21:50:55.371] Husby was here, and we are ready to go
[2026-05-18 21:50:55.392] AUTO-DISENGAGE: gear left Park (now R)
[2026-05-18 21:50:55.392] Husby was here, and we are ready to go
[2026-05-18 21:50:55.396] AUTO-DISENGAGE: gear left Park (now R)
[2026-05-18 21:50:55.396] Husby was here, and we are ready to go
[2026-05-18 21:50:55.411] AUTO-DISENGAGE: gear left Park (now R)
[2026-05-18 21:50:55.412] Husby was here, and we are ready to go
[2026-05-18 21:50:55.432] AUTO-DISENGAGE: gear left Park (now R)
[2026-05-18 21:50:55.432] Husby was here, and we are ready to go
[2026-05-18 21:50:55.451] AUTO-DISENGAGE: gear left Park (now R)
[2026-05-18 21:50:55.451] Husby was here, and we are ready to go
[2026-05-18 21:50:55.473] AUTO-DISENGAGE: gear left Park (now R)
[2026-05-18 21:50:55.473] Husby was here, and we are ready to go
[2026-05-18 21:50:55.491] AUTO-DISENGAGE: gear left Park (now R)
[2026-05-18 21:50:55.491] Husby was here, and we are ready to go
[2026-05-18 21:50:55.497] AUTO-DISENGAGE: gear left Park (now R)
[2026-05-18 21:50:55.497] Husby was here, and we are ready to go
[2026-05-18 21:50:55.514] AUTO-DISENGAGE: gear left Park (now R)
[2026-05-18 21:50:55.514] Husby was here, and we are ready to go
[2026-05-18 21:50:55.534] AUTO-DISENGAGE: gear left Park (now R)
[2026-05-18 21:50:55.534] Husby was here, and we are ready to go
[2026-05-18 21:50:55.552] AUTO-DISENGAGE: gear left Park (now R)
[2026-05-18 21:50:55.553] Husby was here, and we are ready to go
[2026-05-18 21:50:55.573] AUTO-DISENGAGE: gear left Park (now R)
[2026-05-18 21:50:55.573] Husby was here, and we are ready to go
[2026-05-18 21:50:55.590] AUTO-DISENGAGE: gear left Park (now R)
[2026-05-18 21:50:55.590] Husby was here, and we are ready to go
[2026-05-18 21:50:55.595] AUTO-DISENGAGE: gear left Park (now R)
[2026-05-18 21:50:55.595] Husby was here, and we are ready to go
[2026-05-18 21:50:55.611] AUTO-DISENGAGE: gear left Park (now R)
[2026-05-18 21:50:55.612] Husby was here, and we are ready to go
[2026-05-18 21:50:55.632] AUTO-DISENGAGE: gear left Park (now R)
[2026-05-18 21:50:55.633] Husby was here, and we are ready to go
[2026-05-18 21:50:55.650] AUTO-DISENGAGE: gear left Park (now R)
[2026-05-18 21:50:55.650] Husby was here, and we are ready to go
[2026-05-18 21:50:55.670] AUTO-DISENGAGE: gear left Park (now R)
[2026-05-18 21:50:55.670] Husby was here, and we are ready to go
[2026-05-18 21:50:55.690] AUTO-DISENGAGE: gear left Park (now R)
[2026-05-18 21:50:55.690] Husby was here, and we are ready to go
[2026-05-18 21:50:55.695] AUTO-DISENGAGE: gear left Park (now R)
[2026-05-18 21:50:55.695] Husby was here, and we are ready to go
[2026-05-18 21:50:55.710] AUTO-DISENGAGE: gear left Park (now R)
[2026-05-18 21:50:55.711] Husby was here, and we are ready to go
[2026-05-18 21:50:55.731] AUTO-DISENGAGE: gear left Park (now R)
[2026-05-18 21:50:55.731] Husby was here, and we are ready to go
[2026-05-18 21:50:55.750] AUTO-DISENGAGE: gear left Park (now R)
[2026-05-18 21:50:55.750] Husby was here, and we are ready to go
[2026-05-18 21:50:55.770] AUTO-DISENGAGE: gear left Park (now R)
[2026-05-18 21:50:55.770] Husby was here, and we are ready to go
[2026-05-18 21:50:55.790] AUTO-DISENGAGE: gear left Park (now R)
[2026-05-18 21:50:55.790] Husby was here, and we are ready to go
[2026-05-18 21:50:55.795] AUTO-DISENGAGE: gear left Park (now R)
[2026-05-18 21:50:55.795] Husby was here, and we are ready to go
[2026-05-18 21:50:55.810] AUTO-DISENGAGE: gear left Park (now R)
[2026-05-18 21:50:55.811] Husby was here, and we are ready to go
[2026-05-18 21:50:55.830] AUTO-DISENGAGE: gear left Park (now R)
[2026-05-18 21:50:55.830] Husby was here, and we are ready to go
[2026-05-18 21:50:55.850] AUTO-DISENGAGE: gear left Park (now R)
[2026-05-18 21:50:55.850] Husby was here, and we are ready to go
[2026-05-18 21:50:55.874] AUTO-DISENGAGE: gear left Park (now R)
[2026-05-18 21:50:55.874] Husby was here, and we are ready to go
[2026-05-18 21:50:55.893] AUTO-DISENGAGE: gear left Park (now R)
[2026-05-18 21:50:55.893] Husby was here, and we are ready to go
[2026-05-18 21:50:55.895] AUTO-DISENGAGE: gear left Park (now R)
[2026-05-18 21:50:55.896] Husby was here, and we are ready to go
[2026-05-18 21:50:55.914] AUTO-DISENGAGE: gear left Park (now R)
[2026-05-18 21:50:55.915] Husby was here, and we are ready to go
[2026-05-18 21:50:55.933] AUTO-DISENGAGE: gear left Park (now R)
[2026-05-18 21:50:55.933] Husby was here, and we are ready to go
[2026-05-18 21:50:55.953] AUTO-DISENGAGE: gear left Park (now R)
[2026-05-18 21:50:55.953] Husby was here, and we are ready to go
[2026-05-18 21:50:55.974] AUTO-DISENGAGE: gear left Park (now R)
[2026-05-18 21:50:55.974] Husby was here, and we are ready to go
[2026-05-18 21:50:55.992] AUTO-DISENGAGE: gear left Park (now R)
[2026-05-18 21:50:55.993] Husby was here, and we are ready to go
[2026-05-18 21:50:55.996] AUTO-DISENGAGE: gear left Park (now R)
[2026-05-18 21:50:55.996] Husby was here, and we are ready to go
[2026-05-18 21:50:56.014] AUTO-DISENGAGE: gear left Park (now R)
[2026-05-18 21:50:56.015] Husby was here, and we are ready to go
[2026-05-18 21:50:56.033] AUTO-DISENGAGE: gear left Park (now R)
[2026-05-18 21:50:56.033] Husby was here, and we are ready to go
[2026-05-18 21:50:56.050] AUTO-DISENGAGE: gear left Park (now R)
[2026-05-18 21:50:56.051] Husby was here, and we are ready to go
[2026-05-18 21:50:56.072] AUTO-DISENGAGE: gear left Park (now R)
[2026-05-18 21:50:56.072] Husby was here, and we are ready to go
[2026-05-18 21:50:56.090] AUTO-DISENGAGE: gear left Park (now R)
[2026-05-18 21:50:56.090] Husby was here, and we are ready to go
[2026-05-18 21:50:56.095] AUTO-DISENGAGE: gear left Park (now R)
[2026-05-18 21:50:56.095] Husby was here, and we are ready to go
[2026-05-18 21:50:56.110] AUTO-DISENGAGE: gear left Park (now R)
[2026-05-18 21:50:56.110] Husby was here, and we are ready to go
[2026-05-18 21:50:56.130] AUTO-DISENGAGE: gear left Park (now R)
[2026-05-18 21:50:56.130] Husby was here, and we are ready to go
[2026-05-18 21:50:56.150] AUTO-DISENGAGE: gear left Park (now R)
[2026-05-18 21:50:56.150] Husby was here, and we are ready to go
[2026-05-18 21:50:56.171] AUTO-DISENGAGE: gear left Park (now R)
[2026-05-18 21:50:56.171] Husby was here, and we are ready to go
[2026-05-18 21:50:56.190] AUTO-DISENGAGE: gear left Park (now R)
[2026-05-18 21:50:56.190] Husby was here, and we are ready to go
[2026-05-18 21:50:56.195] AUTO-DISENGAGE: gear left Park (now R)
[2026-05-18 21:50:56.195] Husby was here, and we are ready to go
[2026-05-18 21:50:56.210] AUTO-DISENGAGE: gear left Park (now R)
[2026-05-18 21:50:56.211] Husby was here, and we are ready to go
[2026-05-18 21:50:56.234] AUTO-DISENGAGE: gear left Park (now R)
[2026-05-18 21:50:56.234] Husby was here, and we are ready to go
[2026-05-18 21:50:56.253] AUTO-DISENGAGE: gear left Park (now R)
[2026-05-18 21:50:56.253] Husby was here, and we are ready to go
[2026-05-18 21:50:56.273] AUTO-DISENGAGE: gear left Park (now R)
[2026-05-18 21:50:56.274] Husby was here, and we are ready to go
[2026-05-18 21:50:56.292] AUTO-DISENGAGE: gear left Park (now R)
[2026-05-18 21:50:56.292] Husby was here, and we are ready to go
[2026-05-18 21:50:56.296] AUTO-DISENGAGE: gear left Park (now R)
[2026-05-18 21:50:56.296] Husby was here, and we are ready to go
[2026-05-18 21:50:56.311] AUTO-DISENGAGE: gear left Park (now R)
[2026-05-18 21:50:56.311] Husby was here, and we are ready to go
[2026-05-18 21:50:56.333] AUTO-DISENGAGE: gear left Park (now R)
[2026-05-18 21:50:56.333] Husby was here, and we are ready to go
[2026-05-18 21:50:56.352] AUTO-DISENGAGE: gear left Park (now R)
[2026-05-18 21:50:56.353] Husby was here, and we are ready to go
[2026-05-18 21:50:56.373] AUTO-DISENGAGE: gear left Park (now R)
[2026-05-18 21:50:56.373] Husby was here, and we are ready to go
[2026-05-18 21:50:56.390] AUTO-DISENGAGE: gear left Park (now R)
[2026-05-18 21:50:56.390] Husby was here, and we are ready to go
[2026-05-18 21:50:56.395] AUTO-DISENGAGE: gear left Park (now R)
[2026-05-18 21:50:56.395] Husby was here, and we are ready to go
[2026-05-18 21:50:56.411] AUTO-DISENGAGE: gear left Park (now R)
[2026-05-18 21:50:56.411] Husby was here, and we are ready to go
[2026-05-18 21:50:56.432] AUTO-DISENGAGE: gear left Park (now R)
[2026-05-18 21:50:56.432] Husby was here, and we are ready to go
[2026-05-18 21:50:56.450] AUTO-DISENGAGE: gear left Park (now R)
[2026-05-18 21:50:56.450] Husby was here, and we are ready to go
[2026-05-18 21:50:56.470] AUTO-DISENGAGE: gear left Park (now R)
[2026-05-18 21:50:56.471] Husby was here, and we are ready to go
[2026-05-18 21:50:56.491] brake: PRESSED
[2026-05-18 21:50:56.494] AUTO-DISENGAGE: gear left Park (now R)
[2026-05-18 21:50:56.494] Husby was here, and we are ready to go
[2026-05-18 21:50:56.495] AUTO-DISENGAGE: gear left Park (now R)
[2026-05-18 21:50:56.495] Husby was here, and we are ready to go
[2026-05-18 21:50:56.512] AUTO-DISENGAGE: gear left Park (now R)
[2026-05-18 21:50:56.512] Husby was here, and we are ready to go
[2026-05-18 21:50:56.536] AUTO-DISENGAGE: gear left Park (now R)
[2026-05-18 21:50:56.537] Husby was here, and we are ready to go
[2026-05-18 21:50:56.553] AUTO-DISENGAGE: gear left Park (now R)
[2026-05-18 21:50:56.553] Husby was here, and we are ready to go
[2026-05-18 21:50:56.573] AUTO-DISENGAGE: gear left Park (now R)
[2026-05-18 21:50:56.574] Husby was here, and we are ready to go
[2026-05-18 21:50:56.593] AUTO-DISENGAGE: gear left Park (now R)
[2026-05-18 21:50:56.594] Husby was here, and we are ready to go
[2026-05-18 21:50:56.595] AUTO-DISENGAGE: gear left Park (now R)
[2026-05-18 21:50:56.595] Husby was here, and we are ready to go
[2026-05-18 21:50:56.615] AUTO-DISENGAGE: gear left Park (now R)
[2026-05-18 21:50:56.616] Husby was here, and we are ready to go
[2026-05-18 21:50:56.632] AUTO-DISENGAGE: gear left Park (now R)
[2026-05-18 21:50:56.632] Husby was here, and we are ready to go
[2026-05-18 21:50:56.654] AUTO-DISENGAGE: gear left Park (now R)
[2026-05-18 21:50:56.654] Husby was here, and we are ready to go
[2026-05-18 21:50:56.680] AUTO-DISENGAGE: gear left Park (now R)
[2026-05-18 21:50:56.680] Husby was here, and we are ready to go
[2026-05-18 21:50:56.697] AUTO-DISENGAGE: gear left Park (now R)
[2026-05-18 21:50:56.697] Husby was here, and we are ready to go
[2026-05-18 21:50:56.698] AUTO-DISENGAGE: gear left Park (now R)
[2026-05-18 21:50:56.698] Husby was here, and we are ready to go
[2026-05-18 21:50:56.716] AUTO-DISENGAGE: gear left Park (now R)
[2026-05-18 21:50:56.717] Husby was here, and we are ready to go
[2026-05-18 21:50:56.735] AUTO-DISENGAGE: gear left Park (now R)
[2026-05-18 21:50:56.735] Husby was here, and we are ready to go
[2026-05-18 21:50:56.755] AUTO-DISENGAGE: gear left Park (now R)
[2026-05-18 21:50:56.755] Husby was here, and we are ready to go
[2026-05-18 21:50:56.775] AUTO-DISENGAGE: gear left Park (now R)
[2026-05-18 21:50:56.775] Husby was here, and we are ready to go
[2026-05-18 21:50:56.795] AUTO-DISENGAGE: gear left Park (now R)
[2026-05-18 21:50:56.795] Husby was here, and we are ready to go
[2026-05-18 21:50:56.798] AUTO-DISENGAGE: gear left Park (now R)
[2026-05-18 21:50:56.798] Husby was here, and we are ready to go
[2026-05-18 21:50:56.817] AUTO-DISENGAGE: gear left Park (now R)
[2026-05-18 21:50:56.817] Husby was here, and we are ready to go
[2026-05-18 21:50:56.834] AUTO-DISENGAGE: gear left Park (now R)
[2026-05-18 21:50:56.834] Husby was here, and we are ready to go
[2026-05-18 21:50:56.854] AUTO-DISENGAGE: gear left Park (now R)
[2026-05-18 21:50:56.854] Husby was here, and we are ready to go
[2026-05-18 21:50:56.875] AUTO-DISENGAGE: gear left Park (now R)
[2026-05-18 21:50:56.875] Husby was here, and we are ready to go
[2026-05-18 21:50:56.894] AUTO-DISENGAGE: gear left Park (now R)
[2026-05-18 21:50:56.894] Husby was here, and we are ready to go
[2026-05-18 21:50:56.898] AUTO-DISENGAGE: gear left Park (now R)
[2026-05-18 21:50:56.898] Husby was here, and we are ready to go
[2026-05-18 21:50:56.915] AUTO-DISENGAGE: gear left Park (now R)
[2026-05-18 21:50:56.915] Husby was here, and we are ready to go
[2026-05-18 21:50:56.938] AUTO-DISENGAGE: gear left Park (now R)
[2026-05-18 21:50:56.938] Husby was here, and we are ready to go
[2026-05-18 21:50:56.956] AUTO-DISENGAGE: gear left Park (now R)
[2026-05-18 21:50:56.957] Husby was here, and we are ready to go
[2026-05-18 21:50:56.978] AUTO-DISENGAGE: gear left Park (now R)
[2026-05-18 21:50:56.978] Husby was here, and we are ready to go
[2026-05-18 21:50:56.998] AUTO-DISENGAGE: gear left Park (now R)
[2026-05-18 21:50:56.998] Husby was here, and we are ready to go
[2026-05-18 21:50:56.998] AUTO-DISENGAGE: gear left Park (now R)
[2026-05-18 21:50:56.998] Husby was here, and we are ready to go
[2026-05-18 21:50:57.018] AUTO-DISENGAGE: gear left Park (now R)
[2026-05-18 21:50:57.018] Husby was here, and we are ready to go
[2026-05-18 21:50:57.035] AUTO-DISENGAGE: gear left Park (now R)
[2026-05-18 21:50:57.035] Husby was here, and we are ready to go
[2026-05-18 21:50:57.055] AUTO-DISENGAGE: gear left Park (now R)
[2026-05-18 21:50:57.055] Husby was here, and we are ready to go
[2026-05-18 21:50:57.077] AUTO-DISENGAGE: gear left Park (now R)
[2026-05-18 21:50:57.077] Husby was here, and we are ready to go
[2026-05-18 21:50:57.095] AUTO-DISENGAGE: gear left Park (now R)
[2026-05-18 21:50:57.095] Husby was here, and we are ready to go
[2026-05-18 21:50:57.099] AUTO-DISENGAGE: gear left Park (now R)
[2026-05-18 21:50:57.099] Husby was here, and we are ready to go
[2026-05-18 21:50:57.116] AUTO-DISENGAGE: gear left Park (now R)
[2026-05-18 21:50:57.116] Husby was here, and we are ready to go
[2026-05-18 21:50:57.135] AUTO-DISENGAGE: gear left Park (now R)
[2026-05-18 21:50:57.135] Husby was here, and we are ready to go
[2026-05-18 21:50:57.157] AUTO-DISENGAGE: gear left Park (now R)
[2026-05-18 21:50:57.157] Husby was here, and we are ready to go
[2026-05-18 21:50:57.175] AUTO-DISENGAGE: gear left Park (now R)
[2026-05-18 21:50:57.176] Husby was here, and we are ready to go
[2026-05-18 21:50:57.195] AUTO-DISENGAGE: gear left Park (now R)
[2026-05-18 21:50:57.195] Husby was here, and we are ready to go
[2026-05-18 21:50:57.199] AUTO-DISENGAGE: gear left Park (now R)
[2026-05-18 21:50:57.199] Husby was here, and we are ready to go
[2026-05-18 21:50:57.216] AUTO-DISENGAGE: gear left Park (now R)
[2026-05-18 21:50:57.216] Husby was here, and we are ready to go
[2026-05-18 21:50:57.235] AUTO-DISENGAGE: gear left Park (now R)
[2026-05-18 21:50:57.235] Husby was here, and we are ready to go
[2026-05-18 21:50:57.254] AUTO-DISENGAGE: gear left Park (now R)
[2026-05-18 21:50:57.254] Husby was here, and we are ready to go
[2026-05-18 21:50:57.275] AUTO-DISENGAGE: gear left Park (now R)
[2026-05-18 21:50:57.275] Husby was here, and we are ready to go
[2026-05-18 21:50:57.295] AUTO-DISENGAGE: gear left Park (now R)
[2026-05-18 21:50:57.295] Husby was here, and we are ready to go
[2026-05-18 21:50:57.298] AUTO-DISENGAGE: gear left Park (now R)
[2026-05-18 21:50:57.298] Husby was here, and we are ready to go
[2026-05-18 21:50:57.315] AUTO-DISENGAGE: gear left Park (now R)
[2026-05-18 21:50:57.315] Husby was here, and we are ready to go
[2026-05-18 21:50:57.334] brake: released
[2026-05-18 21:50:57.335] AUTO-DISENGAGE: gear left Park (now R)
[2026-05-18 21:50:57.335] Husby was here, and we are ready to go
[2026-05-18 21:50:57.357] AUTO-DISENGAGE: gear left Park (now R)
[2026-05-18 21:50:57.357] Husby was here, and we are ready to go
[2026-05-18 21:50:57.378] AUTO-DISENGAGE: gear left Park (now R)
[2026-05-18 21:50:57.378] Husby was here, and we are ready to go
[2026-05-18 21:50:57.398] AUTO-DISENGAGE: gear left Park (now R)
[2026-05-18 21:50:57.398] Husby was here, and we are ready to go
[2026-05-18 21:50:57.398] AUTO-DISENGAGE: gear left Park (now R)
[2026-05-18 21:50:57.399] Husby was here, and we are ready to go
[2026-05-18 21:50:57.417] AUTO-DISENGAGE: gear left Park (now R)
[2026-05-18 21:50:57.417] Husby was here, and we are ready to go
[2026-05-18 21:50:57.435] AUTO-DISENGAGE: gear left Park (now R)
[2026-05-18 21:50:57.435] Husby was here, and we are ready to go
[2026-05-18 21:50:57.455] AUTO-DISENGAGE: gear left Park (now R)
[2026-05-18 21:50:57.455] Husby was here, and we are ready to go
[2026-05-18 21:50:57.475] AUTO-DISENGAGE: gear left Park (now R)
[2026-05-18 21:50:57.476] Husby was here, and we are ready to go
[2026-05-18 21:50:57.496] AUTO-DISENGAGE: gear left Park (now R)
[2026-05-18 21:50:57.496] Husby was here, and we are ready to go
[2026-05-18 21:50:57.499] AUTO-DISENGAGE: gear left Park (now R)
[2026-05-18 21:50:57.499] Husby was here, and we are ready to go
[2026-05-18 21:50:57.515] AUTO-DISENGAGE: gear left Park (now R)
[2026-05-18 21:50:57.515] Husby was here, and we are ready to go
[2026-05-18 21:50:57.535] AUTO-DISENGAGE: gear left Park (now R)
[2026-05-18 21:50:57.535] Husby was here, and we are ready to go
[2026-05-18 21:50:57.555] AUTO-DISENGAGE: gear left Park (now R)
[2026-05-18 21:50:57.555] Husby was here, and we are ready to go
[2026-05-18 21:50:57.578] AUTO-DISENGAGE: gear left Park (now R)
[2026-05-18 21:50:57.578] Husby was here, and we are ready to go
[2026-05-18 21:50:57.596] AUTO-DISENGAGE: gear left Park (now R)
[2026-05-18 21:50:57.596] Husby was here, and we are ready to go
[2026-05-18 21:50:57.599] AUTO-DISENGAGE: gear left Park (now R)
[2026-05-18 21:50:57.599] Husby was here, and we are ready to go
[2026-05-18 21:50:57.616] AUTO-DISENGAGE: gear left Park (now R)
[2026-05-18 21:50:57.616] Husby was here, and we are ready to go
[2026-05-18 21:50:57.634] AUTO-DISENGAGE: gear left Park (now R)
[2026-05-18 21:50:57.635] Husby was here, and we are ready to go
[2026-05-18 21:50:57.655] AUTO-DISENGAGE: gear left Park (now R)
[2026-05-18 21:50:57.655] Husby was here, and we are ready to go
[2026-05-18 21:50:57.676] AUTO-DISENGAGE: gear left Park (now R)
[2026-05-18 21:50:57.676] Husby was here, and we are ready to go
[2026-05-18 21:50:57.697] AUTO-DISENGAGE: gear left Park (now R)
[2026-05-18 21:50:57.697] Husby was here, and we are ready to go
[2026-05-18 21:50:57.698] AUTO-DISENGAGE: gear left Park (now R)
[2026-05-18 21:50:57.699] Husby was here, and we are ready to go
[2026-05-18 21:50:57.717] AUTO-DISENGAGE: gear left Park (now R)
[2026-05-18 21:50:57.717] Husby was here, and we are ready to go
[2026-05-18 21:50:57.735] AUTO-DISENGAGE: gear left Park (now R)
[2026-05-18 21:50:57.735] Husby was here, and we are ready to go
[2026-05-18 21:50:57.757] AUTO-DISENGAGE: gear left Park (now R)
[2026-05-18 21:50:57.758] Husby was here, and we are ready to go
[2026-05-18 21:50:57.778] AUTO-DISENGAGE: gear left Park (now R)
[2026-05-18 21:50:57.778] Husby was here, and we are ready to go
[2026-05-18 21:50:57.798] AUTO-DISENGAGE: gear left Park (now R)
[2026-05-18 21:50:57.798] Husby was here, and we are ready to go
[2026-05-18 21:50:57.799] AUTO-DISENGAGE: gear left Park (now R)
[2026-05-18 21:50:57.799] Husby was here, and we are ready to go
[2026-05-18 21:50:57.818] AUTO-DISENGAGE: gear left Park (now R)
[2026-05-18 21:50:57.819] Husby was here, and we are ready to go
[2026-05-18 21:50:57.837] brake: PRESSED
[2026-05-18 21:50:57.838] AUTO-DISENGAGE: gear left Park (now R)
[2026-05-18 21:50:57.839] Husby was here, and we are ready to go
[2026-05-18 21:50:57.856] AUTO-DISENGAGE: gear left Park (now R)
[2026-05-18 21:50:57.856] Husby was here, and we are ready to go
[2026-05-18 21:50:57.875] AUTO-DISENGAGE: gear left Park (now R)
[2026-05-18 21:50:57.875] Husby was here, and we are ready to go
[2026-05-18 21:50:57.896] AUTO-DISENGAGE: gear left Park (now R)
[2026-05-18 21:50:57.896] Husby was here, and we are ready to go
[2026-05-18 21:50:57.899] AUTO-DISENGAGE: gear left Park (now R)
[2026-05-18 21:50:57.899] Husby was here, and we are ready to go
[2026-05-18 21:50:57.916] AUTO-DISENGAGE: gear left Park (now R)
[2026-05-18 21:50:57.916] Husby was here, and we are ready to go
[2026-05-18 21:50:57.936] AUTO-DISENGAGE: gear left Park (now R)
[2026-05-18 21:50:57.936] Husby was here, and we are ready to go
[2026-05-18 21:50:57.955] AUTO-DISENGAGE: gear left Park (now R)
[2026-05-18 21:50:57.955] Husby was here, and we are ready to go
[2026-05-18 21:50:57.977] AUTO-DISENGAGE: gear left Park (now R)
[2026-05-18 21:50:57.977] Husby was here, and we are ready to go
[2026-05-18 21:50:57.996] AUTO-DISENGAGE: gear left Park (now R)
[2026-05-18 21:50:57.996] Husby was here, and we are ready to go
[2026-05-18 21:50:57.999] AUTO-DISENGAGE: gear left Park (now R)
[2026-05-18 21:50:58.000] Husby was here, and we are ready to go
[2026-05-18 21:50:58.017] AUTO-DISENGAGE: gear left Park (now R)
[2026-05-18 21:50:58.018] Husby was here, and we are ready to go
[2026-05-18 21:50:58.035] AUTO-DISENGAGE: gear left Park (now R)
[2026-05-18 21:50:58.035] Husby was here, and we are ready to go
[2026-05-18 21:50:58.054] AUTO-DISENGAGE: gear left Park (now R)
[2026-05-18 21:50:58.054] Husby was here, and we are ready to go
[2026-05-18 21:50:58.075] AUTO-DISENGAGE: gear left Park (now R)
[2026-05-18 21:50:58.075] Husby was here, and we are ready to go
[2026-05-18 21:50:58.094] AUTO-DISENGAGE: gear left Park (now R)
[2026-05-18 21:50:58.095] Husby was here, and we are ready to go
[2026-05-18 21:50:58.099] AUTO-DISENGAGE: gear left Park (now R)
[2026-05-18 21:50:58.099] Husby was here, and we are ready to go
[2026-05-18 21:50:58.115] AUTO-DISENGAGE: gear left Park (now R)
[2026-05-18 21:50:58.115] Husby was here, and we are ready to go
[2026-05-18 21:50:58.134] AUTO-DISENGAGE: gear left Park (now R)
[2026-05-18 21:50:58.134] Husby was here, and we are ready to go
[2026-05-18 21:50:58.155] AUTO-DISENGAGE: gear left Park (now R)
[2026-05-18 21:50:58.155] Husby was here, and we are ready to go
[2026-05-18 21:50:58.175] AUTO-DISENGAGE: gear left Park (now R)
[2026-05-18 21:50:58.175] Husby was here, and we are ready to go
[2026-05-18 21:50:58.195] AUTO-DISENGAGE: gear left Park (now R)
[2026-05-18 21:50:58.195] Husby was here, and we are ready to go
[2026-05-18 21:50:58.199] AUTO-DISENGAGE: gear left Park (now R)
[2026-05-18 21:50:58.199] Husby was here, and we are ready to go
[2026-05-18 21:50:58.215] AUTO-DISENGAGE: gear left Park (now R)
[2026-05-18 21:50:58.215] Husby was here, and we are ready to go
[2026-05-18 21:50:58.235] AUTO-DISENGAGE: gear left Park (now R)
[2026-05-18 21:50:58.235] Husby was here, and we are ready to go
[2026-05-18 21:50:58.255] AUTO-DISENGAGE: gear left Park (now R)
[2026-05-18 21:50:58.255] Husby was here, and we are ready to go
[2026-05-18 21:50:58.275] AUTO-DISENGAGE: gear left Park (now R)
[2026-05-18 21:50:58.275] Husby was here, and we are ready to go
[2026-05-18 21:50:58.294] AUTO-DISENGAGE: gear left Park (now R)
[2026-05-18 21:50:58.294] Husby was here, and we are ready to go
[2026-05-18 21:50:58.299] AUTO-DISENGAGE: gear left Park (now R)
[2026-05-18 21:50:58.299] Husby was here, and we are ready to go
[2026-05-18 21:50:58.314] AUTO-DISENGAGE: gear left Park (now R)
[2026-05-18 21:50:58.315] Husby was here, and we are ready to go
[2026-05-18 21:50:58.335] AUTO-DISENGAGE: gear left Park (now R)
[2026-05-18 21:50:58.335] Husby was here, and we are ready to go
[2026-05-18 21:50:58.357] AUTO-DISENGAGE: gear left Park (now R)
[2026-05-18 21:50:58.357] Husby was here, and we are ready to go
[2026-05-18 21:50:58.378] AUTO-DISENGAGE: gear left Park (now R)
[2026-05-18 21:50:58.378] Husby was here, and we are ready to go
[2026-05-18 21:50:58.397] AUTO-DISENGAGE: gear left Park (now R)
[2026-05-18 21:50:58.398] Husby was here, and we are ready to go
[2026-05-18 21:50:58.399] AUTO-DISENGAGE: gear left Park (now R)
[2026-05-18 21:50:58.399] Husby was here, and we are ready to go
[2026-05-18 21:50:58.420] AUTO-DISENGAGE: gear left Park (now R)
[2026-05-18 21:50:58.420] Husby was here, and we are ready to go
[2026-05-18 21:50:58.437] AUTO-DISENGAGE: gear left Park (now R)
[2026-05-18 21:50:58.438] Husby was here, and we are ready to go
[2026-05-18 21:50:58.456] AUTO-DISENGAGE: gear left Park (now R)
[2026-05-18 21:50:58.456] Husby was here, and we are ready to go
[2026-05-18 21:50:58.478] AUTO-DISENGAGE: gear left Park (now R)
[2026-05-18 21:50:58.478] Husby was here, and we are ready to go
[2026-05-18 21:50:58.495] AUTO-DISENGAGE: gear left Park (now R)
[2026-05-18 21:50:58.495] Husby was here, and we are ready to go
[2026-05-18 21:50:58.499] AUTO-DISENGAGE: gear left Park (now R)
[2026-05-18 21:50:58.499] Husby was here, and we are ready to go
[2026-05-18 21:50:58.517] AUTO-DISENGAGE: gear left Park (now R)
[2026-05-18 21:50:58.517] Husby was here, and we are ready to go
[2026-05-18 21:50:58.535] AUTO-DISENGAGE: gear left Park (now R)
[2026-05-18 21:50:58.535] Husby was here, and we are ready to go
[2026-05-18 21:50:58.554] AUTO-DISENGAGE: gear left Park (now R)
[2026-05-18 21:50:58.554] Husby was here, and we are ready to go
[2026-05-18 21:50:58.575] AUTO-DISENGAGE: gear left Park (now R)
[2026-05-18 21:50:58.575] Husby was here, and we are ready to go
[2026-05-18 21:50:58.595] AUTO-DISENGAGE: gear left Park (now R)
[2026-05-18 21:50:58.595] Husby was here, and we are ready to go
[2026-05-18 21:50:58.599] AUTO-DISENGAGE: gear left Park (now R)
[2026-05-18 21:50:58.599] Husby was here, and we are ready to go
[2026-05-18 21:50:58.618] AUTO-DISENGAGE: gear left Park (now R)
[2026-05-18 21:50:58.618] Husby was here, and we are ready to go
[2026-05-18 21:50:58.638] AUTO-DISENGAGE: gear left Park (now R)
[2026-05-18 21:50:58.638] Husby was here, and we are ready to go
[2026-05-18 21:50:58.657] AUTO-DISENGAGE: gear left Park (now R)
[2026-05-18 21:50:58.657] Husby was here, and we are ready to go
[2026-05-18 21:50:58.678] AUTO-DISENGAGE: gear left Park (now R)
[2026-05-18 21:50:58.678] Husby was here, and we are ready to go
[2026-05-18 21:50:58.698] AUTO-DISENGAGE: gear left Park (now R)
[2026-05-18 21:50:58.698] Husby was here, and we are ready to go
[2026-05-18 21:50:58.699] AUTO-DISENGAGE: gear left Park (now R)
[2026-05-18 21:50:58.699] Husby was here, and we are ready to go
[2026-05-18 21:50:58.719] AUTO-DISENGAGE: gear left Park (now R)
[2026-05-18 21:50:58.719] Husby was here, and we are ready to go
[2026-05-18 21:50:58.736] AUTO-DISENGAGE: gear left Park (now R)
[2026-05-18 21:50:58.736] Husby was here, and we are ready to go
[2026-05-18 21:50:58.755] AUTO-DISENGAGE: gear left Park (now R)
[2026-05-18 21:50:58.756] Husby was here, and we are ready to go
[2026-05-18 21:50:58.777] AUTO-DISENGAGE: gear left Park (now R)
[2026-05-18 21:50:58.777] Husby was here, and we are ready to go
[2026-05-18 21:50:58.798] AUTO-DISENGAGE: gear left Park (now R)
[2026-05-18 21:50:58.798] Husby was here, and we are ready to go
[2026-05-18 21:50:58.799] AUTO-DISENGAGE: gear left Park (now R)
[2026-05-18 21:50:58.799] Husby was here, and we are ready to go
[2026-05-18 21:50:58.818] AUTO-DISENGAGE: gear left Park (now R)
[2026-05-18 21:50:58.819] Husby was here, and we are ready to go
[2026-05-18 21:50:58.838] AUTO-DISENGAGE: gear left Park (now R)
[2026-05-18 21:50:58.838] Husby was here, and we are ready to go
[2026-05-18 21:50:58.856] AUTO-DISENGAGE: gear left Park (now R)
[2026-05-18 21:50:58.857] Husby was here, and we are ready to go
[2026-05-18 21:50:58.876] AUTO-DISENGAGE: gear left Park (now R)
[2026-05-18 21:50:58.876] Husby was here, and we are ready to go
[2026-05-18 21:50:58.895] AUTO-DISENGAGE: gear left Park (now R)
[2026-05-18 21:50:58.895] Husby was here, and we are ready to go
[2026-05-18 21:50:58.899] AUTO-DISENGAGE: gear left Park (now R)
[2026-05-18 21:50:58.899] Husby was here, and we are ready to go
[2026-05-18 21:50:58.915] AUTO-DISENGAGE: gear left Park (now R)
[2026-05-18 21:50:58.915] Husby was here, and we are ready to go
[2026-05-18 21:50:58.935] AUTO-DISENGAGE: gear left Park (now R)
[2026-05-18 21:50:58.935] Husby was here, and we are ready to go
[2026-05-18 21:50:58.955] AUTO-DISENGAGE: gear left Park (now R)
[2026-05-18 21:50:58.955] Husby was here, and we are ready to go
[2026-05-18 21:50:58.975] AUTO-DISENGAGE: gear left Park (now R)
[2026-05-18 21:50:58.975] Husby was here, and we are ready to go
[2026-05-18 21:50:58.995] AUTO-DISENGAGE: gear left Park (now R)
[2026-05-18 21:50:58.995] Husby was here, and we are ready to go
[2026-05-18 21:50:58.999] AUTO-DISENGAGE: gear left Park (now R)
[2026-05-18 21:50:58.999] Husby was here, and we are ready to go
[2026-05-18 21:50:59.015] AUTO-DISENGAGE: gear left Park (now R)
[2026-05-18 21:50:59.015] Husby was here, and we are ready to go
[2026-05-18 21:50:59.035] AUTO-DISENGAGE: gear left Park (now R)
[2026-05-18 21:50:59.035] Husby was here, and we are ready to go
[2026-05-18 21:50:59.055] AUTO-DISENGAGE: gear left Park (now R)
[2026-05-18 21:50:59.055] Husby was here, and we are ready to go
[2026-05-18 21:50:59.077] AUTO-DISENGAGE: gear left Park (now R)
[2026-05-18 21:50:59.077] Husby was here, and we are ready to go
[2026-05-18 21:50:59.098] AUTO-DISENGAGE: gear left Park (now R)
[2026-05-18 21:50:59.098] Husby was here, and we are ready to go
[2026-05-18 21:50:59.099] AUTO-DISENGAGE: gear left Park (now R)
[2026-05-18 21:50:59.099] Husby was here, and we are ready to go
[2026-05-18 21:50:59.118] AUTO-DISENGAGE: gear left Park (now R)
[2026-05-18 21:50:59.118] Husby was here, and we are ready to go
[2026-05-18 21:50:59.136] AUTO-DISENGAGE: gear left Park (now R)
[2026-05-18 21:50:59.137] Husby was here, and we are ready to go
[2026-05-18 21:50:59.157] AUTO-DISENGAGE: gear left Park (now R)
[2026-05-18 21:50:59.157] Husby was here, and we are ready to go
[2026-05-18 21:50:59.178] AUTO-DISENGAGE: gear left Park (now R)
[2026-05-18 21:50:59.178] Husby was here, and we are ready to go
[2026-05-18 21:50:59.196] AUTO-DISENGAGE: gear left Park (now R)
[2026-05-18 21:50:59.196] Husby was here, and we are ready to go
[2026-05-18 21:50:59.199] AUTO-DISENGAGE: gear left Park (now R)
[2026-05-18 21:50:59.199] Husby was here, and we are ready to go
[2026-05-18 21:50:59.215] AUTO-DISENGAGE: gear left Park (now R)
[2026-05-18 21:50:59.215] Husby was here, and we are ready to go
[2026-05-18 21:50:59.235] AUTO-DISENGAGE: gear left Park (now R)
[2026-05-18 21:50:59.236] Husby was here, and we are ready to go
[2026-05-18 21:50:59.255] AUTO-DISENGAGE: gear left Park (now R)
[2026-05-18 21:50:59.255] Husby was here, and we are ready to go
[2026-05-18 21:50:59.278] AUTO-DISENGAGE: gear left Park (now R)
[2026-05-18 21:50:59.278] Husby was here, and we are ready to go
[2026-05-18 21:50:59.299] AUTO-DISENGAGE: gear left Park (now R)
[2026-05-18 21:50:59.299] Husby was here, and we are ready to go
[2026-05-18 21:50:59.300] AUTO-DISENGAGE: gear left Park (now R)
[2026-05-18 21:50:59.300] Husby was here, and we are ready to go
[2026-05-18 21:50:59.315] AUTO-DISENGAGE: gear left Park (now R)
[2026-05-18 21:50:59.316] Husby was here, and we are ready to go
[2026-05-18 21:50:59.335] AUTO-DISENGAGE: gear left Park (now R)
[2026-05-18 21:50:59.335] Husby was here, and we are ready to go
[2026-05-18 21:50:59.355] AUTO-DISENGAGE: gear left Park (now R)
[2026-05-18 21:50:59.355] Husby was here, and we are ready to go
[2026-05-18 21:50:59.376] AUTO-DISENGAGE: gear left Park (now R)
[2026-05-18 21:50:59.376] Husby was here, and we are ready to go
[2026-05-18 21:50:59.395] AUTO-DISENGAGE: gear left Park (now R)
[2026-05-18 21:50:59.395] Husby was here, and we are ready to go
[2026-05-18 21:50:59.400] AUTO-DISENGAGE: gear left Park (now R)
[2026-05-18 21:50:59.400] Husby was here, and we are ready to go
[2026-05-18 21:50:59.415] AUTO-DISENGAGE: gear left Park (now R)
[2026-05-18 21:50:59.415] Husby was here, and we are ready to go
[2026-05-18 21:50:59.435] AUTO-DISENGAGE: gear left Park (now R)
[2026-05-18 21:50:59.435] Husby was here, and we are ready to go
[2026-05-18 21:50:59.455] AUTO-DISENGAGE: gear left Park (now R)
[2026-05-18 21:50:59.455] Husby was here, and we are ready to go
[2026-05-18 21:50:59.475] AUTO-DISENGAGE: gear left Park (now R)
[2026-05-18 21:50:59.475] Husby was here, and we are ready to go
[2026-05-18 21:50:59.495] AUTO-DISENGAGE: gear left Park (now R)
[2026-05-18 21:50:59.495] Husby was here, and we are ready to go
[2026-05-18 21:50:59.500] AUTO-DISENGAGE: gear left Park (now R)
[2026-05-18 21:50:59.500] Husby was here, and we are ready to go
[2026-05-18 21:50:59.513] rc: RND switch -> N, queuing shift
[2026-05-18 21:50:59.518] AUTO-DISENGAGE: gear left Park (now R)
[2026-05-18 21:50:59.518] Husby was here, and we are ready to go
[2026-05-18 21:50:59.538] AUTO-DISENGAGE: gear left Park (now R)
[2026-05-18 21:50:59.539] Husby was here, and we are ready to go
[2026-05-18 21:50:59.557] AUTO-DISENGAGE: gear left Park (now R)
[2026-05-18 21:50:59.558] Husby was here, and we are ready to go
[2026-05-18 21:50:59.577] AUTO-DISENGAGE: gear left Park (now R)
[2026-05-18 21:50:59.578] Husby was here, and we are ready to go
[2026-05-18 21:50:59.578] SHIFT: requesting N via 0x6D burst (30 active + 10 idle frames at 200 Hz)
[2026-05-18 21:50:59.579] AUTO-DISENGAGE: gear left Park (now R)
[2026-05-18 21:50:59.579] Husby was here, and we are ready to go
[2026-05-18 21:50:59.586] AUTO-DISENGAGE: gear left Park (now R)
[2026-05-18 21:50:59.586] Husby was here, and we are ready to go
[2026-05-18 21:50:59.590] AUTO-DISENGAGE: gear left Park (now R)
[2026-05-18 21:50:59.590] Husby was here, and we are ready to go
[2026-05-18 21:50:59.596] AUTO-DISENGAGE: gear left Park (now R)
[2026-05-18 21:50:59.597] Husby was here, and we are ready to go
[2026-05-18 21:50:59.598] AUTO-DISENGAGE: gear left Park (now R)
[2026-05-18 21:50:59.598] Husby was here, and we are ready to go
[2026-05-18 21:50:59.600] AUTO-DISENGAGE: gear left Park (now R)
[2026-05-18 21:50:59.600] Husby was here, and we are ready to go
[2026-05-18 21:50:59.603] AUTO-DISENGAGE: gear left Park (now R)
[2026-05-18 21:50:59.603] Husby was here, and we are ready to go
[2026-05-18 21:50:59.608] AUTO-DISENGAGE: gear left Park (now R)
[2026-05-18 21:50:59.608] Husby was here, and we are ready to go
[2026-05-18 21:50:59.610] shift requested: N
[2026-05-18 21:50:59.618] AUTO-DISENGAGE: gear left Park (now R)
[2026-05-18 21:50:59.618] Husby was here, and we are ready to go
[2026-05-18 21:50:59.618] AUTO-DISENGAGE: gear left Park (now R)
[2026-05-18 21:50:59.618] Husby was here, and we are ready to go
[2026-05-18 21:50:59.623] AUTO-DISENGAGE: gear left Park (now R)
[2026-05-18 21:50:59.624] Husby was here, and we are ready to go
[2026-05-18 21:50:59.629] AUTO-DISENGAGE: gear left Park (now R)
[2026-05-18 21:50:59.629] Husby was here, and we are ready to go
[2026-05-18 21:50:59.635] AUTO-DISENGAGE: gear left Park (now R)
[2026-05-18 21:50:59.636] Husby was here, and we are ready to go
[2026-05-18 21:50:59.638] AUTO-DISENGAGE: gear left Park (now R)
[2026-05-18 21:50:59.639] Husby was here, and we are ready to go
[2026-05-18 21:50:59.640] AUTO-DISENGAGE: gear left Park (now R)
[2026-05-18 21:50:59.640] Husby was here, and we are ready to go
[2026-05-18 21:50:59.645] AUTO-DISENGAGE: gear left Park (now R)
[2026-05-18 21:50:59.645] Husby was here, and we are ready to go
[2026-05-18 21:50:59.651] AUTO-DISENGAGE: gear left Park (now R)
[2026-05-18 21:50:59.652] Husby was here, and we are ready to go
[2026-05-18 21:50:59.655] AUTO-DISENGAGE: gear left Park (now R)
[2026-05-18 21:50:59.656] Husby was here, and we are ready to go
[2026-05-18 21:50:59.658] AUTO-DISENGAGE: gear left Park (now R)
[2026-05-18 21:50:59.659] Husby was here, and we are ready to go
[2026-05-18 21:50:59.660] AUTO-DISENGAGE: gear left Park (now R)
[2026-05-18 21:50:59.660] Husby was here, and we are ready to go
[2026-05-18 21:50:59.665] AUTO-DISENGAGE: gear left Park (now R)
[2026-05-18 21:50:59.665] Husby was here, and we are ready to go
[2026-05-18 21:50:59.672] AUTO-DISENGAGE: gear left Park (now R)
[2026-05-18 21:50:59.672] Husby was here, and we are ready to go
[2026-05-18 21:50:59.675] AUTO-DISENGAGE: gear left Park (now R)
[2026-05-18 21:50:59.675] Husby was here, and we are ready to go
[2026-05-18 21:50:59.679] AUTO-DISENGAGE: gear left Park (now R)
[2026-05-18 21:50:59.679] Husby was here, and we are ready to go
[2026-05-18 21:50:59.680] AUTO-DISENGAGE: gear left Park (now R)
[2026-05-18 21:50:59.680] Husby was here, and we are ready to go
[2026-05-18 21:50:59.685] AUTO-DISENGAGE: gear left Park (now R)
[2026-05-18 21:50:59.686] Husby was here, and we are ready to go
[2026-05-18 21:50:59.691] AUTO-DISENGAGE: gear left Park (now R)
[2026-05-18 21:50:59.692] Husby was here, and we are ready to go
[2026-05-18 21:50:59.696] AUTO-DISENGAGE: gear left Park (now R)
[2026-05-18 21:50:59.696] Husby was here, and we are ready to go
[2026-05-18 21:50:59.699] AUTO-DISENGAGE: gear left Park (now R)
[2026-05-18 21:50:59.700] Husby was here, and we are ready to go
[2026-05-18 21:50:59.700] AUTO-DISENGAGE: gear left Park (now R)
[2026-05-18 21:50:59.700] Husby was here, and we are ready to go
[2026-05-18 21:50:59.705] AUTO-DISENGAGE: gear left Park (now R)
[2026-05-18 21:50:59.706] Husby was here, and we are ready to go
[2026-05-18 21:50:59.711] AUTO-DISENGAGE: gear left Park (now R)
[2026-05-18 21:50:59.712] Husby was here, and we are ready to go
[2026-05-18 21:50:59.718] AUTO-DISENGAGE: gear left Park (now R)
[2026-05-18 21:50:59.718] Husby was here, and we are ready to go
[2026-05-18 21:50:59.719] AUTO-DISENGAGE: gear left Park (now R)
[2026-05-18 21:50:59.719] Husby was here, and we are ready to go
[2026-05-18 21:50:59.720] AUTO-DISENGAGE: gear left Park (now R)
[2026-05-18 21:50:59.720] Husby was here, and we are ready to go
[2026-05-18 21:50:59.726] AUTO-DISENGAGE: gear left Park (now R)
[2026-05-18 21:50:59.727] Husby was here, and we are ready to go
[2026-05-18 21:50:59.731] AUTO-DISENGAGE: gear left Park (now R)
[2026-05-18 21:50:59.731] Husby was here, and we are ready to go
[2026-05-18 21:50:59.736] AUTO-DISENGAGE: gear left Park (now R)
[2026-05-18 21:50:59.736] Husby was here, and we are ready to go
[2026-05-18 21:50:59.739] AUTO-DISENGAGE: gear left Park (now R)
[2026-05-18 21:50:59.740] Husby was here, and we are ready to go
[2026-05-18 21:50:59.741] AUTO-DISENGAGE: gear left Park (now R)
[2026-05-18 21:50:59.741] Husby was here, and we are ready to go
[2026-05-18 21:50:59.742] rc: RND switch -> D, queuing shift
[2026-05-18 21:50:59.745] AUTO-DISENGAGE: gear left Park (now R)
[2026-05-18 21:50:59.746] Husby was here, and we are ready to go
[2026-05-18 21:50:59.751] AUTO-DISENGAGE: gear left Park (now R)
[2026-05-18 21:50:59.752] Husby was here, and we are ready to go
[2026-05-18 21:50:59.756] AUTO-DISENGAGE: gear left Park (now R)
[2026-05-18 21:50:59.756] Husby was here, and we are ready to go
[2026-05-18 21:50:59.759] AUTO-DISENGAGE: gear left Park (now R)
[2026-05-18 21:50:59.760] Husby was here, and we are ready to go
[2026-05-18 21:50:59.760] AUTO-DISENGAGE: gear left Park (now R)
[2026-05-18 21:50:59.761] Husby was here, and we are ready to go
[2026-05-18 21:50:59.766] AUTO-DISENGAGE: gear left Park (now R)
[2026-05-18 21:50:59.767] Husby was here, and we are ready to go
[2026-05-18 21:50:59.771] AUTO-DISENGAGE: gear left Park (now R)
[2026-05-18 21:50:59.771] Husby was here, and we are ready to go
[2026-05-18 21:50:59.777] AUTO-DISENGAGE: gear left Park (now R)
[2026-05-18 21:50:59.777] Husby was here, and we are ready to go
[2026-05-18 21:50:59.779] AUTO-DISENGAGE: gear left Park (now R)
[2026-05-18 21:50:59.779] Husby was here, and we are ready to go
[2026-05-18 21:50:59.801] AUTO-DISENGAGE: gear left Park (now R)
[2026-05-18 21:50:59.801] Husby was here, and we are ready to go
[2026-05-18 21:50:59.802] AUTO-DISENGAGE: gear left Park (now R)
[2026-05-18 21:50:59.802] Husby was here, and we are ready to go
[2026-05-18 21:50:59.820] AUTO-DISENGAGE: gear left Park (now R)
[2026-05-18 21:50:59.820] Husby was here, and we are ready to go
[2026-05-18 21:50:59.840] AUTO-DISENGAGE: gear left Park (now R)
[2026-05-18 21:50:59.840] Husby was here, and we are ready to go
[2026-05-18 21:50:59.860] AUTO-DISENGAGE: gear left Park (now R)
[2026-05-18 21:50:59.860] Husby was here, and we are ready to go
[2026-05-18 21:50:59.879] gear: R -> N
[2026-05-18 21:50:59.881] AUTO-DISENGAGE: gear left Park (now N)
[2026-05-18 21:50:59.881] Husby was here, and we are ready to go
[2026-05-18 21:50:59.900] AUTO-DISENGAGE: gear left Park (now N)
[2026-05-18 21:50:59.900] Husby was here, and we are ready to go
[2026-05-18 21:50:59.902] AUTO-DISENGAGE: gear left Park (now N)
[2026-05-18 21:50:59.902] Husby was here, and we are ready to go
[2026-05-18 21:50:59.921] AUTO-DISENGAGE: gear left Park (now N)
[2026-05-18 21:50:59.921] Husby was here, and we are ready to go
[2026-05-18 21:50:59.939] AUTO-DISENGAGE: gear left Park (now N)
[2026-05-18 21:50:59.939] Husby was here, and we are ready to go
[2026-05-18 21:50:59.959] AUTO-DISENGAGE: gear left Park (now N)
[2026-05-18 21:50:59.959] Husby was here, and we are ready to go
[2026-05-18 21:50:59.980] AUTO-DISENGAGE: gear left Park (now N)
[2026-05-18 21:50:59.980] Husby was here, and we are ready to go
[2026-05-18 21:50:59.980] SHIFT post-burst gear: N (requested N)
[2026-05-18 21:50:59.999] AUTO-DISENGAGE: gear left Park (now N)
[2026-05-18 21:51:00.000] Husby was here, and we are ready to go
[2026-05-18 21:51:00.002] AUTO-DISENGAGE: gear left Park (now N)
[2026-05-18 21:51:00.002] Husby was here, and we are ready to go
[2026-05-18 21:51:00.022] AUTO-DISENGAGE: gear left Park (now N)
[2026-05-18 21:51:00.022] Husby was here, and we are ready to go
[2026-05-18 21:51:00.040] AUTO-DISENGAGE: gear left Park (now N)
[2026-05-18 21:51:00.040] Husby was here, and we are ready to go
[2026-05-18 21:51:00.062] AUTO-DISENGAGE: gear left Park (now N)
[2026-05-18 21:51:00.062] Husby was here, and we are ready to go
[2026-05-18 21:51:00.082] AUTO-DISENGAGE: gear left Park (now N)
[2026-05-18 21:51:00.082] Husby was here, and we are ready to go
[2026-05-18 21:51:00.102] AUTO-DISENGAGE: gear left Park (now N)
[2026-05-18 21:51:00.103] Husby was here, and we are ready to go
[2026-05-18 21:51:00.103] AUTO-DISENGAGE: gear left Park (now N)
[2026-05-18 21:51:00.103] Husby was here, and we are ready to go
[2026-05-18 21:51:00.123] AUTO-DISENGAGE: gear left Park (now N)
[2026-05-18 21:51:00.123] Husby was here, and we are ready to go
[2026-05-18 21:51:00.142] AUTO-DISENGAGE: gear left Park (now N)
[2026-05-18 21:51:00.142] Husby was here, and we are ready to go
[2026-05-18 21:51:00.160] AUTO-DISENGAGE: gear left Park (now N)
[2026-05-18 21:51:00.160] Husby was here, and we are ready to go
[2026-05-18 21:51:00.181] AUTO-DISENGAGE: gear left Park (now N)
[2026-05-18 21:51:00.181] Husby was here, and we are ready to go
[2026-05-18 21:51:00.201] AUTO-DISENGAGE: gear left Park (now N)
[2026-05-18 21:51:00.201] Husby was here, and we are ready to go
[2026-05-18 21:51:00.203] AUTO-DISENGAGE: gear left Park (now N)
[2026-05-18 21:51:00.203] Husby was here, and we are ready to go
[2026-05-18 21:51:00.222] AUTO-DISENGAGE: gear left Park (now N)
[2026-05-18 21:51:00.222] Husby was here, and we are ready to go
[2026-05-18 21:51:00.240] AUTO-DISENGAGE: gear left Park (now N)
[2026-05-18 21:51:00.241] Husby was here, and we are ready to go
[2026-05-18 21:51:00.260] AUTO-DISENGAGE: gear left Park (now N)
[2026-05-18 21:51:00.260] Husby was here, and we are ready to go
[2026-05-18 21:51:00.281] AUTO-DISENGAGE: gear left Park (now N)
[2026-05-18 21:51:00.283] Husby was here, and we are ready to go
[2026-05-18 21:51:00.302] AUTO-DISENGAGE: gear left Park (now N)
[2026-05-18 21:51:00.302] Husby was here, and we are ready to go
[2026-05-18 21:51:00.303] AUTO-DISENGAGE: gear left Park (now N)
[2026-05-18 21:51:00.303] Husby was here, and we are ready to go
[2026-05-18 21:51:00.324] AUTO-DISENGAGE: gear left Park (now N)
[2026-05-18 21:51:00.324] Husby was here, and we are ready to go
[2026-05-18 21:51:00.343] AUTO-DISENGAGE: gear left Park (now N)
[2026-05-18 21:51:00.343] Husby was here, and we are ready to go
[2026-05-18 21:51:00.362] AUTO-DISENGAGE: gear left Park (now N)
[2026-05-18 21:51:00.362] Husby was here, and we are ready to go
[2026-05-18 21:51:00.382] AUTO-DISENGAGE: gear left Park (now N)
[2026-05-18 21:51:00.382] Husby was here, and we are ready to go
[2026-05-18 21:51:00.402] AUTO-DISENGAGE: gear left Park (now N)
[2026-05-18 21:51:00.402] Husby was here, and we are ready to go
[2026-05-18 21:51:00.403] AUTO-DISENGAGE: gear left Park (now N)
[2026-05-18 21:51:00.403] Husby was here, and we are ready to go
[2026-05-18 21:51:00.422] AUTO-DISENGAGE: gear left Park (now N)
[2026-05-18 21:51:00.422] Husby was here, and we are ready to go
[2026-05-18 21:51:00.441] AUTO-DISENGAGE: gear left Park (now N)
[2026-05-18 21:51:00.441] Husby was here, and we are ready to go
[2026-05-18 21:51:00.461] AUTO-DISENGAGE: gear left Park (now N)
[2026-05-18 21:51:00.461] Husby was here, and we are ready to go
[2026-05-18 21:51:00.481] AUTO-DISENGAGE: gear left Park (now N)
[2026-05-18 21:51:00.481] Husby was here, and we are ready to go
[2026-05-18 21:51:00.501] AUTO-DISENGAGE: gear left Park (now N)
[2026-05-18 21:51:00.501] Husby was here, and we are ready to go
[2026-05-18 21:51:00.503] AUTO-DISENGAGE: gear left Park (now N)
[2026-05-18 21:51:00.503] Husby was here, and we are ready to go
[2026-05-18 21:51:00.523] AUTO-DISENGAGE: gear left Park (now N)
[2026-05-18 21:51:00.523] Husby was here, and we are ready to go
[2026-05-18 21:51:00.541] AUTO-DISENGAGE: gear left Park (now N)
[2026-05-18 21:51:00.541] Husby was here, and we are ready to go
[2026-05-18 21:51:00.561] AUTO-DISENGAGE: gear left Park (now N)
[2026-05-18 21:51:00.561] Husby was here, and we are ready to go
[2026-05-18 21:51:00.581] AUTO-DISENGAGE: gear left Park (now N)
[2026-05-18 21:51:00.581] Husby was here, and we are ready to go
[2026-05-18 21:51:00.602] AUTO-DISENGAGE: gear left Park (now N)
[2026-05-18 21:51:00.602] Husby was here, and we are ready to go
[2026-05-18 21:51:00.603] AUTO-DISENGAGE: gear left Park (now N)
[2026-05-18 21:51:00.603] Husby was here, and we are ready to go
[2026-05-18 21:51:00.622] AUTO-DISENGAGE: gear left Park (now N)
[2026-05-18 21:51:00.622] Husby was here, and we are ready to go
[2026-05-18 21:51:00.633] rc: RND switch -> N, queuing shift
[2026-05-18 21:51:00.641] AUTO-DISENGAGE: gear left Park (now N)
[2026-05-18 21:51:00.641] Husby was here, and we are ready to go
[2026-05-18 21:51:00.642] SHIFT: requesting N via 0x6D burst (30 active + 10 idle frames at 200 Hz)
[2026-05-18 21:51:00.644] AUTO-DISENGAGE: gear left Park (now N)
[2026-05-18 21:51:00.644] Husby was here, and we are ready to go
[2026-05-18 21:51:00.645] shift requested: N
[2026-05-18 21:51:00.650] AUTO-DISENGAGE: gear left Park (now N)
[2026-05-18 21:51:00.650] Husby was here, and we are ready to go
[2026-05-18 21:51:00.654] AUTO-DISENGAGE: gear left Park (now N)
[2026-05-18 21:51:00.655] Husby was here, and we are ready to go
[2026-05-18 21:51:00.659] AUTO-DISENGAGE: gear left Park (now N)
[2026-05-18 21:51:00.660] Husby was here, and we are ready to go
[2026-05-18 21:51:00.660] AUTO-DISENGAGE: gear left Park (now N)
[2026-05-18 21:51:00.660] Husby was here, and we are ready to go
[2026-05-18 21:51:00.666] AUTO-DISENGAGE: gear left Park (now N)
[2026-05-18 21:51:00.666] Husby was here, and we are ready to go
[2026-05-18 21:51:00.670] AUTO-DISENGAGE: gear left Park (now N)
[2026-05-18 21:51:00.671] Husby was here, and we are ready to go
[2026-05-18 21:51:00.676] AUTO-DISENGAGE: gear left Park (now N)
[2026-05-18 21:51:00.676] Husby was here, and we are ready to go
[2026-05-18 21:51:00.680] AUTO-DISENGAGE: gear left Park (now N)
[2026-05-18 21:51:00.680] Husby was here, and we are ready to go
[2026-05-18 21:51:00.680] AUTO-DISENGAGE: gear left Park (now N)
[2026-05-18 21:51:00.680] Husby was here, and we are ready to go
[2026-05-18 21:51:00.685] AUTO-DISENGAGE: gear left Park (now N)
[2026-05-18 21:51:00.685] Husby was here, and we are ready to go
[2026-05-18 21:51:00.691] AUTO-DISENGAGE: gear left Park (now N)
[2026-05-18 21:51:00.691] Husby was here, and we are ready to go
[2026-05-18 21:51:00.696] AUTO-DISENGAGE: gear left Park (now N)
[2026-05-18 21:51:00.696] Husby was here, and we are ready to go
[2026-05-18 21:51:00.700] AUTO-DISENGAGE: gear left Park (now N)
[2026-05-18 21:51:00.700] Husby was here, and we are ready to go
[2026-05-18 21:51:00.700] AUTO-DISENGAGE: gear left Park (now N)
[2026-05-18 21:51:00.700] Husby was here, and we are ready to go
[2026-05-18 21:51:00.703] AUTO-DISENGAGE: gear left Park (now N)
[2026-05-18 21:51:00.703] Husby was here, and we are ready to go
[2026-05-18 21:51:00.705] AUTO-DISENGAGE: gear left Park (now N)
[2026-05-18 21:51:00.705] Husby was here, and we are ready to go
[2026-05-18 21:51:00.710] AUTO-DISENGAGE: gear left Park (now N)
[2026-05-18 21:51:00.711] Husby was here, and we are ready to go
[2026-05-18 21:51:00.717] AUTO-DISENGAGE: gear left Park (now N)
[2026-05-18 21:51:00.717] Husby was here, and we are ready to go
[2026-05-18 21:51:00.719] AUTO-DISENGAGE: gear left Park (now N)
[2026-05-18 21:51:00.719] Husby was here, and we are ready to go
[2026-05-18 21:51:00.720] AUTO-DISENGAGE: gear left Park (now N)
[2026-05-18 21:51:00.720] Husby was here, and we are ready to go
[2026-05-18 21:51:00.721] rc: RND switch -> R, queuing shift
[2026-05-18 21:51:00.726] AUTO-DISENGAGE: gear left Park (now N)
[2026-05-18 21:51:00.726] Husby was here, and we are ready to go
[2026-05-18 21:51:00.731] AUTO-DISENGAGE: gear left Park (now N)
[2026-05-18 21:51:00.731] Husby was here, and we are ready to go
[2026-05-18 21:51:00.736] AUTO-DISENGAGE: gear left Park (now N)
[2026-05-18 21:51:00.736] Husby was here, and we are ready to go
[2026-05-18 21:51:00.740] AUTO-DISENGAGE: gear left Park (now N)
[2026-05-18 21:51:00.740] Husby was here, and we are ready to go
[2026-05-18 21:51:00.740] AUTO-DISENGAGE: gear left Park (now N)
[2026-05-18 21:51:00.741] Husby was here, and we are ready to go
[2026-05-18 21:51:00.747] AUTO-DISENGAGE: gear left Park (now N)
[2026-05-18 21:51:00.747] Husby was here, and we are ready to go
[2026-05-18 21:51:00.750] AUTO-DISENGAGE: gear left Park (now N)
[2026-05-18 21:51:00.751] Husby was here, and we are ready to go
[2026-05-18 21:51:00.757] AUTO-DISENGAGE: gear left Park (now N)
[2026-05-18 21:51:00.757] Husby was here, and we are ready to go
[2026-05-18 21:51:00.759] AUTO-DISENGAGE: gear left Park (now N)
[2026-05-18 21:51:00.760] Husby was here, and we are ready to go
[2026-05-18 21:51:00.760] AUTO-DISENGAGE: gear left Park (now N)
[2026-05-18 21:51:00.761] Husby was here, and we are ready to go
[2026-05-18 21:51:00.766] AUTO-DISENGAGE: gear left Park (now N)
[2026-05-18 21:51:00.767] Husby was here, and we are ready to go
[2026-05-18 21:51:00.771] AUTO-DISENGAGE: gear left Park (now N)
[2026-05-18 21:51:00.771] Husby was here, and we are ready to go
[2026-05-18 21:51:00.776] AUTO-DISENGAGE: gear left Park (now N)
[2026-05-18 21:51:00.777] Husby was here, and we are ready to go
[2026-05-18 21:51:00.779] AUTO-DISENGAGE: gear left Park (now N)
[2026-05-18 21:51:00.779] Husby was here, and we are ready to go
[2026-05-18 21:51:00.780] AUTO-DISENGAGE: gear left Park (now N)
[2026-05-18 21:51:00.780] Husby was here, and we are ready to go
[2026-05-18 21:51:00.786] AUTO-DISENGAGE: gear left Park (now N)
[2026-05-18 21:51:00.786] Husby was here, and we are ready to go
[2026-05-18 21:51:00.792] AUTO-DISENGAGE: gear left Park (now N)
[2026-05-18 21:51:00.792] Husby was here, and we are ready to go
[2026-05-18 21:51:00.796] AUTO-DISENGAGE: gear left Park (now N)
[2026-05-18 21:51:00.796] Husby was here, and we are ready to go
[2026-05-18 21:51:00.800] AUTO-DISENGAGE: gear left Park (now N)
[2026-05-18 21:51:00.800] Husby was here, and we are ready to go
[2026-05-18 21:51:00.800] AUTO-DISENGAGE: gear left Park (now N)
[2026-05-18 21:51:00.800] Husby was here, and we are ready to go
[2026-05-18 21:51:00.803] AUTO-DISENGAGE: gear left Park (now N)
[2026-05-18 21:51:00.803] Husby was here, and we are ready to go
[2026-05-18 21:51:00.805] AUTO-DISENGAGE: gear left Park (now N)
[2026-05-18 21:51:00.805] Husby was here, and we are ready to go
[2026-05-18 21:51:00.812] AUTO-DISENGAGE: gear left Park (now N)
[2026-05-18 21:51:00.812] Husby was here, and we are ready to go
[2026-05-18 21:51:00.816] AUTO-DISENGAGE: gear left Park (now N)
[2026-05-18 21:51:00.816] Husby was here, and we are ready to go
[2026-05-18 21:51:00.820] AUTO-DISENGAGE: gear left Park (now N)
[2026-05-18 21:51:00.820] Husby was here, and we are ready to go
[2026-05-18 21:51:00.820] AUTO-DISENGAGE: gear left Park (now N)
[2026-05-18 21:51:00.821] Husby was here, and we are ready to go
[2026-05-18 21:51:00.826] AUTO-DISENGAGE: gear left Park (now N)
[2026-05-18 21:51:00.826] Husby was here, and we are ready to go
[2026-05-18 21:51:00.831] AUTO-DISENGAGE: gear left Park (now N)
[2026-05-18 21:51:00.831] Husby was here, and we are ready to go
[2026-05-18 21:51:00.837] AUTO-DISENGAGE: gear left Park (now N)
[2026-05-18 21:51:00.837] Husby was here, and we are ready to go
[2026-05-18 21:51:00.839] AUTO-DISENGAGE: gear left Park (now N)
[2026-05-18 21:51:00.839] Husby was here, and we are ready to go
[2026-05-18 21:51:00.861] AUTO-DISENGAGE: gear left Park (now N)
[2026-05-18 21:51:00.861] Husby was here, and we are ready to go
[2026-05-18 21:51:00.881] AUTO-DISENGAGE: gear left Park (now N)
[2026-05-18 21:51:00.881] Husby was here, and we are ready to go
[2026-05-18 21:51:00.900] AUTO-DISENGAGE: gear left Park (now N)
[2026-05-18 21:51:00.900] Husby was here, and we are ready to go
[2026-05-18 21:51:00.903] AUTO-DISENGAGE: gear left Park (now N)
[2026-05-18 21:51:00.903] Husby was here, and we are ready to go
[2026-05-18 21:51:00.921] AUTO-DISENGAGE: gear left Park (now N)
[2026-05-18 21:51:00.921] Husby was here, and we are ready to go
[2026-05-18 21:51:00.940] AUTO-DISENGAGE: gear left Park (now N)
[2026-05-18 21:51:00.940] Husby was here, and we are ready to go
[2026-05-18 21:51:00.949] rc: RND switch -> N, queuing shift
[2026-05-18 21:51:00.960] AUTO-DISENGAGE: gear left Park (now N)
[2026-05-18 21:51:00.960] Husby was here, and we are ready to go
[2026-05-18 21:51:00.980] AUTO-DISENGAGE: gear left Park (now N)
[2026-05-18 21:51:00.980] Husby was here, and we are ready to go
[2026-05-18 21:51:01.001] AUTO-DISENGAGE: gear left Park (now N)
[2026-05-18 21:51:01.002] Husby was here, and we are ready to go
[2026-05-18 21:51:01.003] AUTO-DISENGAGE: gear left Park (now N)
[2026-05-18 21:51:01.003] Husby was here, and we are ready to go
[2026-05-18 21:51:01.023] AUTO-DISENGAGE: gear left Park (now N)
[2026-05-18 21:51:01.023] Husby was here, and we are ready to go
[2026-05-18 21:51:01.042] AUTO-DISENGAGE: gear left Park (now N)
[2026-05-18 21:51:01.042] Husby was here, and we are ready to go
[2026-05-18 21:51:01.042] SHIFT post-burst gear: N (requested N)
[2026-05-18 21:51:01.061] AUTO-DISENGAGE: gear left Park (now N)
[2026-05-18 21:51:01.061] Husby was here, and we are ready to go
[2026-05-18 21:51:01.081] AUTO-DISENGAGE: gear left Park (now N)
[2026-05-18 21:51:01.081] Husby was here, and we are ready to go
[2026-05-18 21:51:01.101] AUTO-DISENGAGE: gear left Park (now N)
[2026-05-18 21:51:01.101] Husby was here, and we are ready to go
[2026-05-18 21:51:01.103] AUTO-DISENGAGE: gear left Park (now N)
[2026-05-18 21:51:01.103] Husby was here, and we are ready to go
[2026-05-18 21:51:01.120] AUTO-DISENGAGE: gear left Park (now N)
[2026-05-18 21:51:01.120] Husby was here, and we are ready to go
[2026-05-18 21:51:01.133] rc: RND switch -> D, queuing shift
[2026-05-18 21:51:01.139] shift requested: D
[2026-05-18 21:51:01.141] AUTO-DISENGAGE: gear left Park (now N)
[2026-05-18 21:51:01.141] Husby was here, and we are ready to go
[2026-05-18 21:51:01.141] SHIFT: requesting D via 0x6D burst (30 active + 10 idle frames at 200 Hz)
[2026-05-18 21:51:01.144] AUTO-DISENGAGE: gear left Park (now N)
[2026-05-18 21:51:01.144] Husby was here, and we are ready to go
[2026-05-18 21:51:01.150] AUTO-DISENGAGE: gear left Park (now N)
[2026-05-18 21:51:01.150] Husby was here, and we are ready to go
[2026-05-18 21:51:01.155] AUTO-DISENGAGE: gear left Park (now N)
[2026-05-18 21:51:01.155] Husby was here, and we are ready to go
[2026-05-18 21:51:01.160] AUTO-DISENGAGE: gear left Park (now N)
[2026-05-18 21:51:01.160] Husby was here, and we are ready to go
[2026-05-18 21:51:01.160] AUTO-DISENGAGE: gear left Park (now N)
[2026-05-18 21:51:01.160] Husby was here, and we are ready to go
[2026-05-18 21:51:01.165] AUTO-DISENGAGE: gear left Park (now N)
[2026-05-18 21:51:01.165] Husby was here, and we are ready to go
[2026-05-18 21:51:01.171] AUTO-DISENGAGE: gear left Park (now N)
[2026-05-18 21:51:01.171] Husby was here, and we are ready to go
[2026-05-18 21:51:01.175] AUTO-DISENGAGE: gear left Park (now N)
[2026-05-18 21:51:01.175] Husby was here, and we are ready to go
[2026-05-18 21:51:01.179] gear: N -> D
[2026-05-18 21:51:01.180] AUTO-DISENGAGE: gear left Park (now D)
[2026-05-18 21:51:01.180] Husby was here, and we are ready to go
[2026-05-18 21:51:01.180] AUTO-DISENGAGE: gear left Park (now D)
[2026-05-18 21:51:01.180] Husby was here, and we are ready to go
[2026-05-18 21:51:01.185] AUTO-DISENGAGE: gear left Park (now D)
[2026-05-18 21:51:01.185] Husby was here, and we are ready to go
[2026-05-18 21:51:01.190] AUTO-DISENGAGE: gear left Park (now D)
[2026-05-18 21:51:01.190] Husby was here, and we are ready to go
[2026-05-18 21:51:01.196] AUTO-DISENGAGE: gear left Park (now D)
[2026-05-18 21:51:01.196] Husby was here, and we are ready to go
[2026-05-18 21:51:01.200] AUTO-DISENGAGE: gear left Park (now D)
[2026-05-18 21:51:01.200] Husby was here, and we are ready to go
[2026-05-18 21:51:01.200] AUTO-DISENGAGE: gear left Park (now D)
[2026-05-18 21:51:01.200] Husby was here, and we are ready to go
[2026-05-18 21:51:01.203] AUTO-DISENGAGE: gear left Park (now D)
[2026-05-18 21:51:01.203] Husby was here, and we are ready to go
[2026-05-18 21:51:01.205] AUTO-DISENGAGE: gear left Park (now D)
[2026-05-18 21:51:01.205] Husby was here, and we are ready to go
[2026-05-18 21:51:01.211] AUTO-DISENGAGE: gear left Park (now D)
[2026-05-18 21:51:01.211] Husby was here, and we are ready to go
[2026-05-18 21:51:01.215] AUTO-DISENGAGE: gear left Park (now D)
[2026-05-18 21:51:01.215] Husby was here, and we are ready to go
[2026-05-18 21:51:01.219] AUTO-DISENGAGE: gear left Park (now D)
[2026-05-18 21:51:01.220] Husby was here, and we are ready to go
[2026-05-18 21:51:01.220] AUTO-DISENGAGE: gear left Park (now D)
[2026-05-18 21:51:01.220] Husby was here, and we are ready to go
[2026-05-18 21:51:01.226] AUTO-DISENGAGE: gear left Park (now D)
[2026-05-18 21:51:01.226] Husby was here, and we are ready to go
[2026-05-18 21:51:01.230] AUTO-DISENGAGE: gear left Park (now D)
[2026-05-18 21:51:01.230] Husby was here, and we are ready to go
[2026-05-18 21:51:01.235] AUTO-DISENGAGE: gear left Park (now D)
[2026-05-18 21:51:01.235] Husby was here, and we are ready to go
[2026-05-18 21:51:01.240] AUTO-DISENGAGE: gear left Park (now D)
[2026-05-18 21:51:01.240] Husby was here, and we are ready to go
[2026-05-18 21:51:01.240] AUTO-DISENGAGE: gear left Park (now D)
[2026-05-18 21:51:01.240] Husby was here, and we are ready to go
[2026-05-18 21:51:01.245] AUTO-DISENGAGE: gear left Park (now D)
[2026-05-18 21:51:01.245] Husby was here, and we are ready to go
[2026-05-18 21:51:01.251] AUTO-DISENGAGE: gear left Park (now D)
[2026-05-18 21:51:01.251] Husby was here, and we are ready to go
[2026-05-18 21:51:01.255] AUTO-DISENGAGE: gear left Park (now D)
[2026-05-18 21:51:01.255] Husby was here, and we are ready to go
[2026-05-18 21:51:01.259] AUTO-DISENGAGE: gear left Park (now D)
[2026-05-18 21:51:01.259] Husby was here, and we are ready to go
[2026-05-18 21:51:01.260] AUTO-DISENGAGE: gear left Park (now D)
[2026-05-18 21:51:01.260] Husby was here, and we are ready to go
[2026-05-18 21:51:01.265] AUTO-DISENGAGE: gear left Park (now D)
[2026-05-18 21:51:01.266] Husby was here, and we are ready to go
[2026-05-18 21:51:01.270] AUTO-DISENGAGE: gear left Park (now D)
[2026-05-18 21:51:01.270] Husby was here, and we are ready to go
[2026-05-18 21:51:01.276] AUTO-DISENGAGE: gear left Park (now D)
[2026-05-18 21:51:01.276] Husby was here, and we are ready to go
[2026-05-18 21:51:01.279] AUTO-DISENGAGE: gear left Park (now D)
[2026-05-18 21:51:01.279] Husby was here, and we are ready to go
[2026-05-18 21:51:01.280] AUTO-DISENGAGE: gear left Park (now D)
[2026-05-18 21:51:01.280] Husby was here, and we are ready to go
[2026-05-18 21:51:01.285] AUTO-DISENGAGE: gear left Park (now D)
[2026-05-18 21:51:01.285] Husby was here, and we are ready to go
[2026-05-18 21:51:01.290] AUTO-DISENGAGE: gear left Park (now D)
[2026-05-18 21:51:01.290] Husby was here, and we are ready to go
[2026-05-18 21:51:01.296] AUTO-DISENGAGE: gear left Park (now D)
[2026-05-18 21:51:01.296] Husby was here, and we are ready to go
[2026-05-18 21:51:01.300] AUTO-DISENGAGE: gear left Park (now D)
[2026-05-18 21:51:01.300] Husby was here, and we are ready to go
[2026-05-18 21:51:01.300] AUTO-DISENGAGE: gear left Park (now D)
[2026-05-18 21:51:01.300] Husby was here, and we are ready to go
[2026-05-18 21:51:01.303] AUTO-DISENGAGE: gear left Park (now D)
[2026-05-18 21:51:01.303] Husby was here, and we are ready to go
[2026-05-18 21:51:01.305] AUTO-DISENGAGE: gear left Park (now D)
[2026-05-18 21:51:01.305] Husby was here, and we are ready to go
[2026-05-18 21:51:01.311] AUTO-DISENGAGE: gear left Park (now D)
[2026-05-18 21:51:01.311] Husby was here, and we are ready to go
[2026-05-18 21:51:01.315] AUTO-DISENGAGE: gear left Park (now D)
[2026-05-18 21:51:01.315] Husby was here, and we are ready to go
[2026-05-18 21:51:01.320] AUTO-DISENGAGE: gear left Park (now D)
[2026-05-18 21:51:01.320] Husby was here, and we are ready to go
[2026-05-18 21:51:01.320] AUTO-DISENGAGE: gear left Park (now D)
[2026-05-18 21:51:01.320] Husby was here, and we are ready to go
[2026-05-18 21:51:01.325] AUTO-DISENGAGE: gear left Park (now D)
[2026-05-18 21:51:01.325] Husby was here, and we are ready to go
[2026-05-18 21:51:01.330] AUTO-DISENGAGE: gear left Park (now D)
[2026-05-18 21:51:01.330] Husby was here, and we are ready to go
[2026-05-18 21:51:01.335] AUTO-DISENGAGE: gear left Park (now D)
[2026-05-18 21:51:01.335] Husby was here, and we are ready to go
[2026-05-18 21:51:01.340] AUTO-DISENGAGE: gear left Park (now D)
[2026-05-18 21:51:01.340] Husby was here, and we are ready to go
[2026-05-18 21:51:01.360] AUTO-DISENGAGE: gear left Park (now D)
[2026-05-18 21:51:01.360] Husby was here, and we are ready to go
[2026-05-18 21:51:01.381] AUTO-DISENGAGE: gear left Park (now D)
[2026-05-18 21:51:01.381] Husby was here, and we are ready to go
[2026-05-18 21:51:01.401] AUTO-DISENGAGE: gear left Park (now D)
[2026-05-18 21:51:01.401] Husby was here, and we are ready to go
[2026-05-18 21:51:01.403] AUTO-DISENGAGE: gear left Park (now D)
[2026-05-18 21:51:01.403] Husby was here, and we are ready to go
[2026-05-18 21:51:01.420] AUTO-DISENGAGE: gear left Park (now D)
[2026-05-18 21:51:01.420] Husby was here, and we are ready to go
[2026-05-18 21:51:01.440] AUTO-DISENGAGE: gear left Park (now D)
[2026-05-18 21:51:01.440] Husby was here, and we are ready to go
[2026-05-18 21:51:01.460] AUTO-DISENGAGE: gear left Park (now D)
[2026-05-18 21:51:01.460] Husby was here, and we are ready to go
[2026-05-18 21:51:01.481] AUTO-DISENGAGE: gear left Park (now D)
[2026-05-18 21:51:01.481] Husby was here, and we are ready to go
[2026-05-18 21:51:01.500] AUTO-DISENGAGE: gear left Park (now D)
[2026-05-18 21:51:01.500] Husby was here, and we are ready to go
[2026-05-18 21:51:01.503] AUTO-DISENGAGE: gear left Park (now D)
[2026-05-18 21:51:01.503] Husby was here, and we are ready to go
[2026-05-18 21:51:01.519] rc: RND switch -> N, queuing shift
[2026-05-18 21:51:01.521] AUTO-DISENGAGE: gear left Park (now D)
[2026-05-18 21:51:01.521] Husby was here, and we are ready to go
[2026-05-18 21:51:01.540] AUTO-DISENGAGE: gear left Park (now D)
[2026-05-18 21:51:01.540] Husby was here, and we are ready to go
[2026-05-18 21:51:01.540] SHIFT post-burst gear: D (requested D)
[2026-05-18 21:51:01.563] AUTO-DISENGAGE: gear left Park (now D)
[2026-05-18 21:51:01.563] Husby was here, and we are ready to go
[2026-05-18 21:51:01.582] AUTO-DISENGAGE: gear left Park (now D)
[2026-05-18 21:51:01.583] Husby was here, and we are ready to go
[2026-05-18 21:51:01.603] AUTO-DISENGAGE: gear left Park (now D)
[2026-05-18 21:51:01.604] Husby was here, and we are ready to go
[2026-05-18 21:51:01.604] AUTO-DISENGAGE: gear left Park (now D)
[2026-05-18 21:51:01.604] Husby was here, and we are ready to go
[2026-05-18 21:51:01.623] AUTO-DISENGAGE: gear left Park (now D)
[2026-05-18 21:51:01.623] Husby was here, and we are ready to go
[2026-05-18 21:51:01.643] AUTO-DISENGAGE: gear left Park (now D)
[2026-05-18 21:51:01.643] Husby was here, and we are ready to go
[2026-05-18 21:51:01.660] AUTO-DISENGAGE: gear left Park (now D)
[2026-05-18 21:51:01.660] Husby was here, and we are ready to go
[2026-05-18 21:51:01.681] AUTO-DISENGAGE: gear left Park (now D)
[2026-05-18 21:51:01.681] Husby was here, and we are ready to go
[2026-05-18 21:51:01.700] AUTO-DISENGAGE: gear left Park (now D)
[2026-05-18 21:51:01.700] Husby was here, and we are ready to go
[2026-05-18 21:51:01.704] AUTO-DISENGAGE: gear left Park (now D)
[2026-05-18 21:51:01.704] Husby was here, and we are ready to go
[2026-05-18 21:51:01.720] AUTO-DISENGAGE: gear left Park (now D)
[2026-05-18 21:51:01.720] Husby was here, and we are ready to go
[2026-05-18 21:51:01.740] AUTO-DISENGAGE: gear left Park (now D)
[2026-05-18 21:51:01.740] Husby was here, and we are ready to go
[2026-05-18 21:51:01.760] AUTO-DISENGAGE: gear left Park (now D)
[2026-05-18 21:51:01.760] Husby was here, and we are ready to go
[2026-05-18 21:51:01.778] rc: RND switch -> D, queuing shift
[2026-05-18 21:51:01.780] AUTO-DISENGAGE: gear left Park (now D)
[2026-05-18 21:51:01.780] Husby was here, and we are ready to go
[2026-05-18 21:51:01.783] shift requested: D
[2026-05-18 21:51:01.800] AUTO-DISENGAGE: gear left Park (now D)
[2026-05-18 21:51:01.800] Husby was here, and we are ready to go
[2026-05-18 21:51:01.800] SHIFT: requesting D via 0x6D burst (30 active + 10 idle frames at 200 Hz)
[2026-05-18 21:51:01.804] AUTO-DISENGAGE: gear left Park (now D)
[2026-05-18 21:51:01.804] Husby was here, and we are ready to go
[2026-05-18 21:51:01.804] AUTO-DISENGAGE: gear left Park (now D)
[2026-05-18 21:51:01.804] Husby was here, and we are ready to go
[2026-05-18 21:51:01.810] AUTO-DISENGAGE: gear left Park (now D)
[2026-05-18 21:51:01.810] Husby was here, and we are ready to go
[2026-05-18 21:51:01.815] AUTO-DISENGAGE: gear left Park (now D)
[2026-05-18 21:51:01.815] Husby was here, and we are ready to go
[2026-05-18 21:51:01.820] AUTO-DISENGAGE: gear left Park (now D)
[2026-05-18 21:51:01.820] Husby was here, and we are ready to go
[2026-05-18 21:51:01.820] AUTO-DISENGAGE: gear left Park (now D)
[2026-05-18 21:51:01.820] Husby was here, and we are ready to go
[2026-05-18 21:51:01.825] AUTO-DISENGAGE: gear left Park (now D)
[2026-05-18 21:51:01.825] Husby was here, and we are ready to go
[2026-05-18 21:51:01.830] AUTO-DISENGAGE: gear left Park (now D)
[2026-05-18 21:51:01.830] Husby was here, and we are ready to go
[2026-05-18 21:51:01.835] AUTO-DISENGAGE: gear left Park (now D)
[2026-05-18 21:51:01.835] Husby was here, and we are ready to go
[2026-05-18 21:51:01.840] AUTO-DISENGAGE: gear left Park (now D)
[2026-05-18 21:51:01.840] Husby was here, and we are ready to go
[2026-05-18 21:51:01.840] AUTO-DISENGAGE: gear left Park (now D)
[2026-05-18 21:51:01.840] Husby was here, and we are ready to go
[2026-05-18 21:51:01.845] AUTO-DISENGAGE: gear left Park (now D)
[2026-05-18 21:51:01.845] Husby was here, and we are ready to go
[2026-05-18 21:51:01.851] AUTO-DISENGAGE: gear left Park (now D)
[2026-05-18 21:51:01.851] Husby was here, and we are ready to go
[2026-05-18 21:51:01.855] AUTO-DISENGAGE: gear left Park (now D)
[2026-05-18 21:51:01.855] Husby was here, and we are ready to go
[2026-05-18 21:51:01.860] AUTO-DISENGAGE: gear left Park (now D)
[2026-05-18 21:51:01.860] Husby was here, and we are ready to go
[2026-05-18 21:51:01.860] AUTO-DISENGAGE: gear left Park (now D)
[2026-05-18 21:51:01.860] Husby was here, and we are ready to go
[2026-05-18 21:51:01.865] AUTO-DISENGAGE: gear left Park (now D)
[2026-05-18 21:51:01.865] Husby was here, and we are ready to go
[2026-05-18 21:51:01.871] AUTO-DISENGAGE: gear left Park (now D)
[2026-05-18 21:51:01.871] Husby was here, and we are ready to go
[2026-05-18 21:51:01.876] AUTO-DISENGAGE: gear left Park (now D)
[2026-05-18 21:51:01.876] Husby was here, and we are ready to go
[2026-05-18 21:51:01.879] AUTO-DISENGAGE: gear left Park (now D)
[2026-05-18 21:51:01.880] Husby was here, and we are ready to go
[2026-05-18 21:51:01.880] AUTO-DISENGAGE: gear left Park (now D)
[2026-05-18 21:51:01.880] Husby was here, and we are ready to go
[2026-05-18 21:51:01.885] AUTO-DISENGAGE: gear left Park (now D)
[2026-05-18 21:51:01.885] Husby was here, and we are ready to go
[2026-05-18 21:51:01.890] AUTO-DISENGAGE: gear left Park (now D)
[2026-05-18 21:51:01.890] Husby was here, and we are ready to go
[2026-05-18 21:51:01.896] AUTO-DISENGAGE: gear left Park (now D)
[2026-05-18 21:51:01.896] Husby was here, and we are ready to go
[2026-05-18 21:51:01.899] AUTO-DISENGAGE: gear left Park (now D)
[2026-05-18 21:51:01.900] Husby was here, and we are ready to go
[2026-05-18 21:51:01.900] AUTO-DISENGAGE: gear left Park (now D)
[2026-05-18 21:51:01.900] Husby was here, and we are ready to go
[2026-05-18 21:51:01.904] AUTO-DISENGAGE: gear left Park (now D)
[2026-05-18 21:51:01.904] Husby was here, and we are ready to go
[2026-05-18 21:51:01.905] AUTO-DISENGAGE: gear left Park (now D)
[2026-05-18 21:51:01.905] Husby was here, and we are ready to go
[2026-05-18 21:51:01.911] AUTO-DISENGAGE: gear left Park (now D)
[2026-05-18 21:51:01.911] Husby was here, and we are ready to go
[2026-05-18 21:51:01.915] AUTO-DISENGAGE: gear left Park (now D)
[2026-05-18 21:51:01.915] Husby was here, and we are ready to go
[2026-05-18 21:51:01.919] AUTO-DISENGAGE: gear left Park (now D)
[2026-05-18 21:51:01.920] Husby was here, and we are ready to go
[2026-05-18 21:51:01.920] AUTO-DISENGAGE: gear left Park (now D)
[2026-05-18 21:51:01.920] Husby was here, and we are ready to go
[2026-05-18 21:51:01.925] AUTO-DISENGAGE: gear left Park (now D)
[2026-05-18 21:51:01.925] Husby was here, and we are ready to go
[2026-05-18 21:51:01.930] AUTO-DISENGAGE: gear left Park (now D)
[2026-05-18 21:51:01.930] Husby was here, and we are ready to go
[2026-05-18 21:51:01.935] AUTO-DISENGAGE: gear left Park (now D)
[2026-05-18 21:51:01.935] Husby was here, and we are ready to go
[2026-05-18 21:51:01.940] AUTO-DISENGAGE: gear left Park (now D)
[2026-05-18 21:51:01.940] Husby was here, and we are ready to go
[2026-05-18 21:51:01.940] AUTO-DISENGAGE: gear left Park (now D)
[2026-05-18 21:51:01.940] Husby was here, and we are ready to go
[2026-05-18 21:51:01.945] AUTO-DISENGAGE: gear left Park (now D)
[2026-05-18 21:51:01.945] Husby was here, and we are ready to go
[2026-05-18 21:51:01.951] AUTO-DISENGAGE: gear left Park (now D)
[2026-05-18 21:51:01.951] Husby was here, and we are ready to go
[2026-05-18 21:51:01.955] AUTO-DISENGAGE: gear left Park (now D)
[2026-05-18 21:51:01.955] Husby was here, and we are ready to go
[2026-05-18 21:51:01.959] AUTO-DISENGAGE: gear left Park (now D)
[2026-05-18 21:51:01.959] Husby was here, and we are ready to go
[2026-05-18 21:51:01.960] AUTO-DISENGAGE: gear left Park (now D)
[2026-05-18 21:51:01.960] Husby was here, and we are ready to go
[2026-05-18 21:51:01.966] AUTO-DISENGAGE: gear left Park (now D)
[2026-05-18 21:51:01.966] Husby was here, and we are ready to go
[2026-05-18 21:51:01.970] AUTO-DISENGAGE: gear left Park (now D)
[2026-05-18 21:51:01.970] Husby was here, and we are ready to go
[2026-05-18 21:51:01.975] AUTO-DISENGAGE: gear left Park (now D)
[2026-05-18 21:51:01.976] Husby was here, and we are ready to go
[2026-05-18 21:51:01.979] AUTO-DISENGAGE: gear left Park (now D)
[2026-05-18 21:51:01.980] Husby was here, and we are ready to go
[2026-05-18 21:51:01.980] AUTO-DISENGAGE: gear left Park (now D)
[2026-05-18 21:51:01.980] Husby was here, and we are ready to go
[2026-05-18 21:51:01.985] AUTO-DISENGAGE: gear left Park (now D)
[2026-05-18 21:51:01.985] Husby was here, and we are ready to go
[2026-05-18 21:51:01.990] AUTO-DISENGAGE: gear left Park (now D)
[2026-05-18 21:51:01.990] Husby was here, and we are ready to go
[2026-05-18 21:51:01.995] AUTO-DISENGAGE: gear left Park (now D)
[2026-05-18 21:51:01.996] Husby was here, and we are ready to go
[2026-05-18 21:51:02.000] AUTO-DISENGAGE: gear left Park (now D)
[2026-05-18 21:51:02.000] Husby was here, and we are ready to go
[2026-05-18 21:51:02.004] AUTO-DISENGAGE: gear left Park (now D)
[2026-05-18 21:51:02.004] Husby was here, and we are ready to go
[2026-05-18 21:51:02.020] AUTO-DISENGAGE: gear left Park (now D)
[2026-05-18 21:51:02.020] Husby was here, and we are ready to go
[2026-05-18 21:51:02.040] AUTO-DISENGAGE: gear left Park (now D)
[2026-05-18 21:51:02.040] Husby was here, and we are ready to go
[2026-05-18 21:51:02.060] AUTO-DISENGAGE: gear left Park (now D)
[2026-05-18 21:51:02.060] Husby was here, and we are ready to go
[2026-05-18 21:51:02.080] AUTO-DISENGAGE: gear left Park (now D)
[2026-05-18 21:51:02.080] Husby was here, and we are ready to go
[2026-05-18 21:51:02.102] AUTO-DISENGAGE: gear left Park (now D)
[2026-05-18 21:51:02.102] Husby was here, and we are ready to go
[2026-05-18 21:51:02.104] AUTO-DISENGAGE: gear left Park (now D)
[2026-05-18 21:51:02.104] Husby was here, and we are ready to go
[2026-05-18 21:51:02.124] AUTO-DISENGAGE: gear left Park (now D)
[2026-05-18 21:51:02.125] Husby was here, and we are ready to go
[2026-05-18 21:51:02.142] AUTO-DISENGAGE: gear left Park (now D)
[2026-05-18 21:51:02.143] Husby was here, and we are ready to go
[2026-05-18 21:51:02.162] AUTO-DISENGAGE: gear left Park (now D)
[2026-05-18 21:51:02.162] Husby was here, and we are ready to go
[2026-05-18 21:51:02.182] AUTO-DISENGAGE: gear left Park (now D)
[2026-05-18 21:51:02.182] Husby was here, and we are ready to go
[2026-05-18 21:51:02.201] AUTO-DISENGAGE: gear left Park (now D)
[2026-05-18 21:51:02.202] Husby was here, and we are ready to go
[2026-05-18 21:51:02.202] SHIFT post-burst gear: D (requested D)
[2026-05-18 21:51:02.204] AUTO-DISENGAGE: gear left Park (now D)
[2026-05-18 21:51:02.204] Husby was here, and we are ready to go
[2026-05-18 21:51:02.223] AUTO-DISENGAGE: gear left Park (now D)
[2026-05-18 21:51:02.224] Husby was here, and we are ready to go
[2026-05-18 21:51:02.242] AUTO-DISENGAGE: gear left Park (now D)
[2026-05-18 21:51:02.243] Husby was here, and we are ready to go
[2026-05-18 21:51:02.261] AUTO-DISENGAGE: gear left Park (now D)
[2026-05-18 21:51:02.261] Husby was here, and we are ready to go
[2026-05-18 21:51:02.281] AUTO-DISENGAGE: gear left Park (now D)
[2026-05-18 21:51:02.281] Husby was here, and we are ready to go
[2026-05-18 21:51:02.301] AUTO-DISENGAGE: gear left Park (now D)
[2026-05-18 21:51:02.301] Husby was here, and we are ready to go
[2026-05-18 21:51:02.304] AUTO-DISENGAGE: gear left Park (now D)
[2026-05-18 21:51:02.304] Husby was here, and we are ready to go
[2026-05-18 21:51:02.323] AUTO-DISENGAGE: gear left Park (now D)
[2026-05-18 21:51:02.323] Husby was here, and we are ready to go
[2026-05-18 21:51:02.341] AUTO-DISENGAGE: gear left Park (now D)
[2026-05-18 21:51:02.341] Husby was here, and we are ready to go
[2026-05-18 21:51:02.361] AUTO-DISENGAGE: gear left Park (now D)
[2026-05-18 21:51:02.361] Husby was here, and we are ready to go
[2026-05-18 21:51:02.380] AUTO-DISENGAGE: gear left Park (now D)
[2026-05-18 21:51:02.380] Husby was here, and we are ready to go
[2026-05-18 21:51:02.400] AUTO-DISENGAGE: gear left Park (now D)
[2026-05-18 21:51:02.400] Husby was here, and we are ready to go
[2026-05-18 21:51:02.404] AUTO-DISENGAGE: gear left Park (now D)
[2026-05-18 21:51:02.404] Husby was here, and we are ready to go
[2026-05-18 21:51:02.421] AUTO-DISENGAGE: gear left Park (now D)
[2026-05-18 21:51:02.421] Husby was here, and we are ready to go
[2026-05-18 21:51:02.440] AUTO-DISENGAGE: gear left Park (now D)
[2026-05-18 21:51:02.440] Husby was here, and we are ready to go
[2026-05-18 21:51:02.460] AUTO-DISENGAGE: gear left Park (now D)
[2026-05-18 21:51:02.460] Husby was here, and we are ready to go
[2026-05-18 21:51:02.480] AUTO-DISENGAGE: gear left Park (now D)
[2026-05-18 21:51:02.480] Husby was here, and we are ready to go
[2026-05-18 21:51:02.502] AUTO-DISENGAGE: gear left Park (now D)
[2026-05-18 21:51:02.502] Husby was here, and we are ready to go
[2026-05-18 21:51:02.504] AUTO-DISENGAGE: gear left Park (now D)
[2026-05-18 21:51:02.504] Husby was here, and we are ready to go
[2026-05-18 21:51:02.523] AUTO-DISENGAGE: gear left Park (now D)
[2026-05-18 21:51:02.523] Husby was here, and we are ready to go
[2026-05-18 21:51:02.542] AUTO-DISENGAGE: gear left Park (now D)
[2026-05-18 21:51:02.542] Husby was here, and we are ready to go
[2026-05-18 21:51:02.561] AUTO-DISENGAGE: gear left Park (now D)
[2026-05-18 21:51:02.562] Husby was here, and we are ready to go
[2026-05-18 21:51:02.581] AUTO-DISENGAGE: gear left Park (now D)
[2026-05-18 21:51:02.581] Husby was here, and we are ready to go
[2026-05-18 21:51:02.601] AUTO-DISENGAGE: gear left Park (now D)
[2026-05-18 21:51:02.601] Husby was here, and we are ready to go
[2026-05-18 21:51:02.604] AUTO-DISENGAGE: gear left Park (now D)
[2026-05-18 21:51:02.604] Husby was here, and we are ready to go
[2026-05-18 21:51:02.622] AUTO-DISENGAGE: gear left Park (now D)
[2026-05-18 21:51:02.622] Husby was here, and we are ready to go
[2026-05-18 21:51:02.642] AUTO-DISENGAGE: gear left Park (now D)
[2026-05-18 21:51:02.642] Husby was here, and we are ready to go
[2026-05-18 21:51:02.660] AUTO-DISENGAGE: gear left Park (now D)
[2026-05-18 21:51:02.660] Husby was here, and we are ready to go
[2026-05-18 21:51:02.681] AUTO-DISENGAGE: gear left Park (now D)
[2026-05-18 21:51:02.681] Husby was here, and we are ready to go
[2026-05-18 21:51:02.702] AUTO-DISENGAGE: gear left Park (now D)
[2026-05-18 21:51:02.702] Husby was here, and we are ready to go
[2026-05-18 21:51:02.704] AUTO-DISENGAGE: gear left Park (now D)
[2026-05-18 21:51:02.704] Husby was here, and we are ready to go
[2026-05-18 21:51:02.723] AUTO-DISENGAGE: gear left Park (now D)
[2026-05-18 21:51:02.724] Husby was here, and we are ready to go
[2026-05-18 21:51:02.742] AUTO-DISENGAGE: gear left Park (now D)
[2026-05-18 21:51:02.742] Husby was here, and we are ready to go
[2026-05-18 21:51:02.763] AUTO-DISENGAGE: gear left Park (now D)
[2026-05-18 21:51:02.763] Husby was here, and we are ready to go
[2026-05-18 21:51:02.783] AUTO-DISENGAGE: gear left Park (now D)
[2026-05-18 21:51:02.783] Husby was here, and we are ready to go
[2026-05-18 21:51:02.801] AUTO-DISENGAGE: gear left Park (now D)
[2026-05-18 21:51:02.801] Husby was here, and we are ready to go
[2026-05-18 21:51:02.804] AUTO-DISENGAGE: gear left Park (now D)
[2026-05-18 21:51:02.804] Husby was here, and we are ready to go
[2026-05-18 21:51:02.822] AUTO-DISENGAGE: gear left Park (now D)
[2026-05-18 21:51:02.822] Husby was here, and we are ready to go
[2026-05-18 21:51:02.841] AUTO-DISENGAGE: gear left Park (now D)
[2026-05-18 21:51:02.841] Husby was here, and we are ready to go
[2026-05-18 21:51:02.862] AUTO-DISENGAGE: gear left Park (now D)
[2026-05-18 21:51:02.862] Husby was here, and we are ready to go
[2026-05-18 21:51:02.881] AUTO-DISENGAGE: gear left Park (now D)
[2026-05-18 21:51:02.881] Husby was here, and we are ready to go
[2026-05-18 21:51:02.901] AUTO-DISENGAGE: gear left Park (now D)
[2026-05-18 21:51:02.901] Husby was here, and we are ready to go
[2026-05-18 21:51:02.904] AUTO-DISENGAGE: gear left Park (now D)
[2026-05-18 21:51:02.904] Husby was here, and we are ready to go
[2026-05-18 21:51:02.921] AUTO-DISENGAGE: gear left Park (now D)
[2026-05-18 21:51:02.922] Husby was here, and we are ready to go
[2026-05-18 21:51:02.942] AUTO-DISENGAGE: gear left Park (now D)
[2026-05-18 21:51:02.942] Husby was here, and we are ready to go
[2026-05-18 21:51:02.961] AUTO-DISENGAGE: gear left Park (now D)
[2026-05-18 21:51:02.961] Husby was here, and we are ready to go
[2026-05-18 21:51:02.981] AUTO-DISENGAGE: gear left Park (now D)
[2026-05-18 21:51:02.981] Husby was here, and we are ready to go
[2026-05-18 21:51:03.000] AUTO-DISENGAGE: gear left Park (now D)
[2026-05-18 21:51:03.000] Husby was here, and we are ready to go
[2026-05-18 21:51:03.004] AUTO-DISENGAGE: gear left Park (now D)
[2026-05-18 21:51:03.004] Husby was here, and we are ready to go
[2026-05-18 21:51:03.021] AUTO-DISENGAGE: gear left Park (now D)
[2026-05-18 21:51:03.021] Husby was here, and we are ready to go
[2026-05-18 21:51:03.041] AUTO-DISENGAGE: gear left Park (now D)
[2026-05-18 21:51:03.041] Husby was here, and we are ready to go
[2026-05-18 21:51:03.060] AUTO-DISENGAGE: gear left Park (now D)
[2026-05-18 21:51:03.060] Husby was here, and we are ready to go
[2026-05-18 21:51:03.081] AUTO-DISENGAGE: gear left Park (now D)
[2026-05-18 21:51:03.081] Husby was here, and we are ready to go
[2026-05-18 21:51:03.102] AUTO-DISENGAGE: gear left Park (now D)
[2026-05-18 21:51:03.102] Husby was here, and we are ready to go
[2026-05-18 21:51:03.104] AUTO-DISENGAGE: gear left Park (now D)
[2026-05-18 21:51:03.104] Husby was here, and we are ready to go
[2026-05-18 21:51:03.123] AUTO-DISENGAGE: gear left Park (now D)
[2026-05-18 21:51:03.123] Husby was here, and we are ready to go
[2026-05-18 21:51:03.143] AUTO-DISENGAGE: gear left Park (now D)
[2026-05-18 21:51:03.143] Husby was here, and we are ready to go
[2026-05-18 21:51:03.162] AUTO-DISENGAGE: gear left Park (now D)
[2026-05-18 21:51:03.162] Husby was here, and we are ready to go
[2026-05-18 21:51:03.181] AUTO-DISENGAGE: gear left Park (now D)
[2026-05-18 21:51:03.181] Husby was here, and we are ready to go
[2026-05-18 21:51:03.201] AUTO-DISENGAGE: gear left Park (now D)
[2026-05-18 21:51:03.201] Husby was here, and we are ready to go
[2026-05-18 21:51:03.204] AUTO-DISENGAGE: gear left Park (now D)
[2026-05-18 21:51:03.204] Husby was here, and we are ready to go
[2026-05-18 21:51:03.221] AUTO-DISENGAGE: gear left Park (now D)
[2026-05-18 21:51:03.221] Husby was here, and we are ready to go
[2026-05-18 21:51:03.243] AUTO-DISENGAGE: gear left Park (now D)
[2026-05-18 21:51:03.243] Husby was here, and we are ready to go
[2026-05-18 21:51:03.261] AUTO-DISENGAGE: gear left Park (now D)
[2026-05-18 21:51:03.261] Husby was here, and we are ready to go
[2026-05-18 21:51:03.282] AUTO-DISENGAGE: gear left Park (now D)
[2026-05-18 21:51:03.282] Husby was here, and we are ready to go
[2026-05-18 21:51:03.301] AUTO-DISENGAGE: gear left Park (now D)
[2026-05-18 21:51:03.301] Husby was here, and we are ready to go
[2026-05-18 21:51:03.304] AUTO-DISENGAGE: gear left Park (now D)
[2026-05-18 21:51:03.304] Husby was here, and we are ready to go
[2026-05-18 21:51:03.321] AUTO-DISENGAGE: gear left Park (now D)
[2026-05-18 21:51:03.321] Husby was here, and we are ready to go
[2026-05-18 21:51:03.341] AUTO-DISENGAGE: gear left Park (now D)
[2026-05-18 21:51:03.342] Husby was here, and we are ready to go
[2026-05-18 21:51:03.361] AUTO-DISENGAGE: gear left Park (now D)
[2026-05-18 21:51:03.362] Husby was here, and we are ready to go
[2026-05-18 21:51:03.382] AUTO-DISENGAGE: gear left Park (now D)
[2026-05-18 21:51:03.382] Husby was here, and we are ready to go
[2026-05-18 21:51:03.400] AUTO-DISENGAGE: gear left Park (now D)
[2026-05-18 21:51:03.400] Husby was here, and we are ready to go
[2026-05-18 21:51:03.404] AUTO-DISENGAGE: gear left Park (now D)
[2026-05-18 21:51:03.404] Husby was here, and we are ready to go
[2026-05-18 21:51:03.420] AUTO-DISENGAGE: gear left Park (now D)
[2026-05-18 21:51:03.420] Husby was here, and we are ready to go
[2026-05-18 21:51:03.440] AUTO-DISENGAGE: gear left Park (now D)
[2026-05-18 21:51:03.440] Husby was here, and we are ready to go
[2026-05-18 21:51:03.460] AUTO-DISENGAGE: gear left Park (now D)
[2026-05-18 21:51:03.460] Husby was here, and we are ready to go
[2026-05-18 21:51:03.480] AUTO-DISENGAGE: gear left Park (now D)
[2026-05-18 21:51:03.480] Husby was here, and we are ready to go
[2026-05-18 21:51:03.500] AUTO-DISENGAGE: gear left Park (now D)
[2026-05-18 21:51:03.500] Husby was here, and we are ready to go
[2026-05-18 21:51:03.504] AUTO-DISENGAGE: gear left Park (now D)
[2026-05-18 21:51:03.504] Husby was here, and we are ready to go
[2026-05-18 21:51:03.521] AUTO-DISENGAGE: gear left Park (now D)
[2026-05-18 21:51:03.521] Husby was here, and we are ready to go
[2026-05-18 21:51:03.541] AUTO-DISENGAGE: gear left Park (now D)
[2026-05-18 21:51:03.541] Husby was here, and we are ready to go
[2026-05-18 21:51:03.560] AUTO-DISENGAGE: gear left Park (now D)
[2026-05-18 21:51:03.560] Husby was here, and we are ready to go
[2026-05-18 21:51:03.581] AUTO-DISENGAGE: gear left Park (now D)
[2026-05-18 21:51:03.581] Husby was here, and we are ready to go
[2026-05-18 21:51:03.600] AUTO-DISENGAGE: gear left Park (now D)
[2026-05-18 21:51:03.600] Husby was here, and we are ready to go
[2026-05-18 21:51:03.604] AUTO-DISENGAGE: gear left Park (now D)
[2026-05-18 21:51:03.604] Husby was here, and we are ready to go
[2026-05-18 21:51:03.621] AUTO-DISENGAGE: gear left Park (now D)
[2026-05-18 21:51:03.621] Husby was here, and we are ready to go
[2026-05-18 21:51:03.643] AUTO-DISENGAGE: gear left Park (now D)
[2026-05-18 21:51:03.643] Husby was here, and we are ready to go
[2026-05-18 21:51:03.662] AUTO-DISENGAGE: gear left Park (now D)
[2026-05-18 21:51:03.662] Husby was here, and we are ready to go
[2026-05-18 21:51:03.684] AUTO-DISENGAGE: gear left Park (now D)
[2026-05-18 21:51:03.684] Husby was here, and we are ready to go
[2026-05-18 21:51:03.702] AUTO-DISENGAGE: gear left Park (now D)
[2026-05-18 21:51:03.702] Husby was here, and we are ready to go
[2026-05-18 21:51:03.704] AUTO-DISENGAGE: gear left Park (now D)
[2026-05-18 21:51:03.704] Husby was here, and we are ready to go
[2026-05-18 21:51:03.724] AUTO-DISENGAGE: gear left Park (now D)
[2026-05-18 21:51:03.724] Husby was here, and we are ready to go
[2026-05-18 21:51:03.742] AUTO-DISENGAGE: gear left Park (now D)
[2026-05-18 21:51:03.742] Husby was here, and we are ready to go
[2026-05-18 21:51:03.761] AUTO-DISENGAGE: gear left Park (now D)
[2026-05-18 21:51:03.761] Husby was here, and we are ready to go
[2026-05-18 21:51:03.781] AUTO-DISENGAGE: gear left Park (now D)
[2026-05-18 21:51:03.781] Husby was here, and we are ready to go
[2026-05-18 21:51:03.800] AUTO-DISENGAGE: gear left Park (now D)
[2026-05-18 21:51:03.800] Husby was here, and we are ready to go
[2026-05-18 21:51:03.804] AUTO-DISENGAGE: gear left Park (now D)
[2026-05-18 21:51:03.804] Husby was here, and we are ready to go
[2026-05-18 21:51:03.820] AUTO-DISENGAGE: gear left Park (now D)
[2026-05-18 21:51:03.821] Husby was here, and we are ready to go
[2026-05-18 21:51:03.843] AUTO-DISENGAGE: gear left Park (now D)
[2026-05-18 21:51:03.843] Husby was here, and we are ready to go
[2026-05-18 21:51:03.862] AUTO-DISENGAGE: gear left Park (now D)
[2026-05-18 21:51:03.863] Husby was here, and we are ready to go
[2026-05-18 21:51:03.883] AUTO-DISENGAGE: gear left Park (now D)
[2026-05-18 21:51:03.883] Husby was here, and we are ready to go
[2026-05-18 21:51:03.902] AUTO-DISENGAGE: gear left Park (now D)
[2026-05-18 21:51:03.902] Husby was here, and we are ready to go
[2026-05-18 21:51:03.904] AUTO-DISENGAGE: gear left Park (now D)
[2026-05-18 21:51:03.904] Husby was here, and we are ready to go
[2026-05-18 21:51:03.924] AUTO-DISENGAGE: gear left Park (now D)
[2026-05-18 21:51:03.925] Husby was here, and we are ready to go
[2026-05-18 21:51:03.941] AUTO-DISENGAGE: gear left Park (now D)
[2026-05-18 21:51:03.941] Husby was here, and we are ready to go
[2026-05-18 21:51:03.961] AUTO-DISENGAGE: gear left Park (now D)
[2026-05-18 21:51:03.961] Husby was here, and we are ready to go
[2026-05-18 21:51:03.980] AUTO-DISENGAGE: gear left Park (now D)
[2026-05-18 21:51:03.981] Husby was here, and we are ready to go
[2026-05-18 21:51:04.000] AUTO-DISENGAGE: gear left Park (now D)
[2026-05-18 21:51:04.000] Husby was here, and we are ready to go
[2026-05-18 21:51:04.004] AUTO-DISENGAGE: gear left Park (now D)
[2026-05-18 21:51:04.004] Husby was here, and we are ready to go
[2026-05-18 21:51:04.023] AUTO-DISENGAGE: gear left Park (now D)
[2026-05-18 21:51:04.024] Husby was here, and we are ready to go
[2026-05-18 21:51:04.042] AUTO-DISENGAGE: gear left Park (now D)
[2026-05-18 21:51:04.042] Husby was here, and we are ready to go
[2026-05-18 21:51:04.062] AUTO-DISENGAGE: gear left Park (now D)
[2026-05-18 21:51:04.062] Husby was here, and we are ready to go
[2026-05-18 21:51:04.083] AUTO-DISENGAGE: gear left Park (now D)
[2026-05-18 21:51:04.083] Husby was here, and we are ready to go
[2026-05-18 21:51:04.102] AUTO-DISENGAGE: gear left Park (now D)
[2026-05-18 21:51:04.102] Husby was here, and we are ready to go
[2026-05-18 21:51:04.104] AUTO-DISENGAGE: gear left Park (now D)
[2026-05-18 21:51:04.104] Husby was here, and we are ready to go
[2026-05-18 21:51:04.121] AUTO-DISENGAGE: gear left Park (now D)
[2026-05-18 21:51:04.121] Husby was here, and we are ready to go
[2026-05-18 21:51:04.142] AUTO-DISENGAGE: gear left Park (now D)
[2026-05-18 21:51:04.142] Husby was here, and we are ready to go
[2026-05-18 21:51:04.162] AUTO-DISENGAGE: gear left Park (now D)
[2026-05-18 21:51:04.162] Husby was here, and we are ready to go
[2026-05-18 21:51:04.181] rc: RND switch -> N, queuing shift
[2026-05-18 21:51:04.183] AUTO-DISENGAGE: gear left Park (now D)
[2026-05-18 21:51:04.183] Husby was here, and we are ready to go
[2026-05-18 21:51:04.202] AUTO-DISENGAGE: gear left Park (now D)
[2026-05-18 21:51:04.202] Husby was here, and we are ready to go
[2026-05-18 21:51:04.204] AUTO-DISENGAGE: gear left Park (now D)
[2026-05-18 21:51:04.204] Husby was here, and we are ready to go
[2026-05-18 21:51:04.224] AUTO-DISENGAGE: gear left Park (now D)
[2026-05-18 21:51:04.224] Husby was here, and we are ready to go
[2026-05-18 21:51:04.243] AUTO-DISENGAGE: gear left Park (now D)
[2026-05-18 21:51:04.243] Husby was here, and we are ready to go
[2026-05-18 21:51:04.243] SHIFT: requesting N via 0x6D burst (30 active + 10 idle frames at 200 Hz)
[2026-05-18 21:51:04.244] AUTO-DISENGAGE: gear left Park (now D)
[2026-05-18 21:51:04.245] Husby was here, and we are ready to go
[2026-05-18 21:51:04.252] AUTO-DISENGAGE: gear left Park (now D)
[2026-05-18 21:51:04.252] Husby was here, and we are ready to go
[2026-05-18 21:51:04.255] AUTO-DISENGAGE: gear left Park (now D)
[2026-05-18 21:51:04.255] Husby was here, and we are ready to go
[2026-05-18 21:51:04.260] AUTO-DISENGAGE: gear left Park (now D)
[2026-05-18 21:51:04.261] Husby was here, and we are ready to go
[2026-05-18 21:51:04.261] AUTO-DISENGAGE: gear left Park (now D)
[2026-05-18 21:51:04.261] Husby was here, and we are ready to go
[2026-05-18 21:51:04.266] AUTO-DISENGAGE: gear left Park (now D)
[2026-05-18 21:51:04.267] Husby was here, and we are ready to go
[2026-05-18 21:51:04.273] AUTO-DISENGAGE: gear left Park (now D)
[2026-05-18 21:51:04.273] Husby was here, and we are ready to go
[2026-05-18 21:51:04.276] AUTO-DISENGAGE: gear left Park (now D)
[2026-05-18 21:51:04.277] Husby was here, and we are ready to go
[2026-05-18 21:51:04.281] AUTO-DISENGAGE: gear left Park (now D)
[2026-05-18 21:51:04.281] Husby was here, and we are ready to go
[2026-05-18 21:51:04.281] AUTO-DISENGAGE: gear left Park (now D)
[2026-05-18 21:51:04.281] Husby was here, and we are ready to go
[2026-05-18 21:51:04.287] AUTO-DISENGAGE: gear left Park (now D)
[2026-05-18 21:51:04.287] Husby was here, and we are ready to go
[2026-05-18 21:51:04.293] AUTO-DISENGAGE: gear left Park (now D)
[2026-05-18 21:51:04.293] Husby was here, and we are ready to go
[2026-05-18 21:51:04.297] AUTO-DISENGAGE: gear left Park (now D)
[2026-05-18 21:51:04.297] Husby was here, and we are ready to go
[2026-05-18 21:51:04.300] AUTO-DISENGAGE: gear left Park (now D)
[2026-05-18 21:51:04.301] Husby was here, and we are ready to go
[2026-05-18 21:51:04.301] AUTO-DISENGAGE: gear left Park (now D)
[2026-05-18 21:51:04.302] Husby was here, and we are ready to go
[2026-05-18 21:51:04.304] AUTO-DISENGAGE: gear left Park (now D)
[2026-05-18 21:51:04.304] Husby was here, and we are ready to go
[2026-05-18 21:51:04.306] AUTO-DISENGAGE: gear left Park (now D)
[2026-05-18 21:51:04.307] Husby was here, and we are ready to go
[2026-05-18 21:51:04.314] AUTO-DISENGAGE: gear left Park (now D)
[2026-05-18 21:51:04.314] Husby was here, and we are ready to go
[2026-05-18 21:51:04.317] AUTO-DISENGAGE: gear left Park (now D)
[2026-05-18 21:51:04.317] Husby was here, and we are ready to go
[2026-05-18 21:51:04.321] AUTO-DISENGAGE: gear left Park (now D)
[2026-05-18 21:51:04.321] Husby was here, and we are ready to go
[2026-05-18 21:51:04.321] AUTO-DISENGAGE: gear left Park (now D)
[2026-05-18 21:51:04.322] Husby was here, and we are ready to go
[2026-05-18 21:51:04.328] AUTO-DISENGAGE: gear left Park (now D)
[2026-05-18 21:51:04.328] Husby was here, and we are ready to go
[2026-05-18 21:51:04.332] AUTO-DISENGAGE: gear left Park (now D)
[2026-05-18 21:51:04.332] Husby was here, and we are ready to go
[2026-05-18 21:51:04.338] AUTO-DISENGAGE: gear left Park (now D)
[2026-05-18 21:51:04.338] Husby was here, and we are ready to go
[2026-05-18 21:51:04.340] AUTO-DISENGAGE: gear left Park (now D)
[2026-05-18 21:51:04.340] Husby was here, and we are ready to go
[2026-05-18 21:51:04.341] AUTO-DISENGAGE: gear left Park (now D)
[2026-05-18 21:51:04.341] Husby was here, and we are ready to go
[2026-05-18 21:51:04.348] AUTO-DISENGAGE: gear left Park (now D)
[2026-05-18 21:51:04.348] Husby was here, and we are ready to go
[2026-05-18 21:51:04.352] AUTO-DISENGAGE: gear left Park (now D)
[2026-05-18 21:51:04.352] Husby was here, and we are ready to go
[2026-05-18 21:51:04.357] AUTO-DISENGAGE: gear left Park (now D)
[2026-05-18 21:51:04.357] Husby was here, and we are ready to go
[2026-05-18 21:51:04.360] AUTO-DISENGAGE: gear left Park (now D)
[2026-05-18 21:51:04.360] Husby was here, and we are ready to go
[2026-05-18 21:51:04.362] AUTO-DISENGAGE: gear left Park (now D)
[2026-05-18 21:51:04.362] Husby was here, and we are ready to go
[2026-05-18 21:51:04.368] AUTO-DISENGAGE: gear left Park (now D)
[2026-05-18 21:51:04.368] Husby was here, and we are ready to go
[2026-05-18 21:51:04.373] AUTO-DISENGAGE: gear left Park (now D)
[2026-05-18 21:51:04.373] Husby was here, and we are ready to go
[2026-05-18 21:51:04.377] AUTO-DISENGAGE: gear left Park (now D)
[2026-05-18 21:51:04.377] Husby was here, and we are ready to go
[2026-05-18 21:51:04.380] AUTO-DISENGAGE: gear left Park (now D)
[2026-05-18 21:51:04.380] Husby was here, and we are ready to go
[2026-05-18 21:51:04.381] AUTO-DISENGAGE: gear left Park (now D)
[2026-05-18 21:51:04.382] Husby was here, and we are ready to go
[2026-05-18 21:51:04.387] AUTO-DISENGAGE: gear left Park (now D)
[2026-05-18 21:51:04.387] Husby was here, and we are ready to go
[2026-05-18 21:51:04.394] AUTO-DISENGAGE: gear left Park (now D)
[2026-05-18 21:51:04.394] Husby was here, and we are ready to go
[2026-05-18 21:51:04.397] AUTO-DISENGAGE: gear left Park (now D)
[2026-05-18 21:51:04.397] Husby was here, and we are ready to go
[2026-05-18 21:51:04.400] AUTO-DISENGAGE: gear left Park (now D)
[2026-05-18 21:51:04.401] Husby was here, and we are ready to go
[2026-05-18 21:51:04.401] AUTO-DISENGAGE: gear left Park (now D)
[2026-05-18 21:51:04.402] Husby was here, and we are ready to go
[2026-05-18 21:51:04.404] AUTO-DISENGAGE: gear left Park (now D)
[2026-05-18 21:51:04.404] Husby was here, and we are ready to go
[2026-05-18 21:51:04.406] AUTO-DISENGAGE: gear left Park (now D)
[2026-05-18 21:51:04.406] Husby was here, and we are ready to go
[2026-05-18 21:51:04.418] AUTO-DISENGAGE: gear left Park (now D)
[2026-05-18 21:51:04.418] Husby was here, and we are ready to go
[2026-05-18 21:51:04.419] AUTO-DISENGAGE: gear left Park (now D)
[2026-05-18 21:51:04.419] Husby was here, and we are ready to go
[2026-05-18 21:51:04.420] AUTO-DISENGAGE: gear left Park (now D)
[2026-05-18 21:51:04.420] Husby was here, and we are ready to go
[2026-05-18 21:51:04.424] AUTO-DISENGAGE: gear left Park (now D)
[2026-05-18 21:51:04.425] Husby was here, and we are ready to go
[2026-05-18 21:51:04.430] AUTO-DISENGAGE: gear left Park (now D)
[2026-05-18 21:51:04.430] Husby was here, and we are ready to go
[2026-05-18 21:51:04.434] AUTO-DISENGAGE: gear left Park (now D)
[2026-05-18 21:51:04.434] Husby was here, and we are ready to go
[2026-05-18 21:51:04.440] AUTO-DISENGAGE: gear left Park (now D)
[2026-05-18 21:51:04.440] Husby was here, and we are ready to go
[2026-05-18 21:51:04.441] AUTO-DISENGAGE: gear left Park (now D)
[2026-05-18 21:51:04.441] Husby was here, and we are ready to go
[2026-05-18 21:51:04.463] AUTO-DISENGAGE: gear left Park (now D)
[2026-05-18 21:51:04.463] Husby was here, and we are ready to go
[2026-05-18 21:51:04.483] AUTO-DISENGAGE: gear left Park (now D)
[2026-05-18 21:51:04.484] Husby was here, and we are ready to go
[2026-05-18 21:51:04.503] AUTO-DISENGAGE: gear left Park (now D)
[2026-05-18 21:51:04.503] Husby was here, and we are ready to go
[2026-05-18 21:51:04.504] AUTO-DISENGAGE: gear left Park (now D)
[2026-05-18 21:51:04.504] Husby was here, and we are ready to go
[2026-05-18 21:51:04.525] AUTO-DISENGAGE: gear left Park (now D)
[2026-05-18 21:51:04.525] Husby was here, and we are ready to go
[2026-05-18 21:51:04.541] gear: D -> N
[2026-05-18 21:51:04.542] AUTO-DISENGAGE: gear left Park (now N)
[2026-05-18 21:51:04.542] Husby was here, and we are ready to go
[2026-05-18 21:51:04.562] AUTO-DISENGAGE: gear left Park (now N)
[2026-05-18 21:51:04.562] Husby was here, and we are ready to go
[2026-05-18 21:51:04.582] AUTO-DISENGAGE: gear left Park (now N)
[2026-05-18 21:51:04.582] Husby was here, and we are ready to go
[2026-05-18 21:51:04.588] shift requested: N
[2026-05-18 21:51:04.601] AUTO-DISENGAGE: gear left Park (now N)
[2026-05-18 21:51:04.601] Husby was here, and we are ready to go
[2026-05-18 21:51:04.604] AUTO-DISENGAGE: gear left Park (now N)
[2026-05-18 21:51:04.604] Husby was here, and we are ready to go
[2026-05-18 21:51:04.622] AUTO-DISENGAGE: gear left Park (now N)
[2026-05-18 21:51:04.622] Husby was here, and we are ready to go
[2026-05-18 21:51:04.641] AUTO-DISENGAGE: gear left Park (now N)
[2026-05-18 21:51:04.641] Husby was here, and we are ready to go
[2026-05-18 21:51:04.642] SHIFT post-burst gear: N (requested N)
[2026-05-18 21:51:04.661] AUTO-DISENGAGE: gear left Park (now N)
[2026-05-18 21:51:04.662] Husby was here, and we are ready to go
[2026-05-18 21:51:04.684] AUTO-DISENGAGE: gear left Park (now N)
[2026-05-18 21:51:04.684] Husby was here, and we are ready to go
[2026-05-18 21:51:04.703] AUTO-DISENGAGE: gear left Park (now N)
[2026-05-18 21:51:04.703] Husby was here, and we are ready to go
[2026-05-18 21:51:04.704] AUTO-DISENGAGE: gear left Park (now N)
[2026-05-18 21:51:04.704] Husby was here, and we are ready to go
[2026-05-18 21:51:04.725] AUTO-DISENGAGE: gear left Park (now N)
[2026-05-18 21:51:04.725] Husby was here, and we are ready to go
[2026-05-18 21:51:04.743] AUTO-DISENGAGE: gear left Park (now N)
[2026-05-18 21:51:04.743] Husby was here, and we are ready to go
[2026-05-18 21:51:04.766] AUTO-DISENGAGE: gear left Park (now N)
[2026-05-18 21:51:04.766] Husby was here, and we are ready to go
[2026-05-18 21:51:04.783] AUTO-DISENGAGE: gear left Park (now N)
[2026-05-18 21:51:04.784] Husby was here, and we are ready to go
[2026-05-18 21:51:04.803] AUTO-DISENGAGE: gear left Park (now N)
[2026-05-18 21:51:04.803] Husby was here, and we are ready to go
[2026-05-18 21:51:04.804] AUTO-DISENGAGE: gear left Park (now N)
[2026-05-18 21:51:04.804] Husby was here, and we are ready to go
[2026-05-18 21:51:04.823] AUTO-DISENGAGE: gear left Park (now N)
[2026-05-18 21:51:04.824] Husby was here, and we are ready to go
[2026-05-18 21:51:04.843] AUTO-DISENGAGE: gear left Park (now N)
[2026-05-18 21:51:04.843] Husby was here, and we are ready to go
[2026-05-18 21:51:04.863] AUTO-DISENGAGE: gear left Park (now N)
[2026-05-18 21:51:04.863] Husby was here, and we are ready to go
[2026-05-18 21:51:04.883] AUTO-DISENGAGE: gear left Park (now N)
[2026-05-18 21:51:04.883] Husby was here, and we are ready to go
[2026-05-18 21:51:04.902] AUTO-DISENGAGE: gear left Park (now N)
[2026-05-18 21:51:04.902] Husby was here, and we are ready to go
[2026-05-18 21:51:04.904] AUTO-DISENGAGE: gear left Park (now N)
[2026-05-18 21:51:04.904] Husby was here, and we are ready to go
[2026-05-18 21:51:04.928] AUTO-DISENGAGE: gear left Park (now N)
[2026-05-18 21:51:04.928] Husby was here, and we are ready to go
[2026-05-18 21:51:04.943] AUTO-DISENGAGE: gear left Park (now N)
[2026-05-18 21:51:04.943] Husby was here, and we are ready to go
[2026-05-18 21:51:04.965] AUTO-DISENGAGE: gear left Park (now N)
[2026-05-18 21:51:04.965] Husby was here, and we are ready to go
[2026-05-18 21:51:04.983] AUTO-DISENGAGE: gear left Park (now N)
[2026-05-18 21:51:04.983] Husby was here, and we are ready to go
[2026-05-18 21:51:05.003] AUTO-DISENGAGE: gear left Park (now N)
[2026-05-18 21:51:05.003] Husby was here, and we are ready to go
[2026-05-18 21:51:05.004] AUTO-DISENGAGE: gear left Park (now N)
[2026-05-18 21:51:05.004] Husby was here, and we are ready to go
[2026-05-18 21:51:05.026] AUTO-DISENGAGE: gear left Park (now N)
[2026-05-18 21:51:05.026] Husby was here, and we are ready to go
[2026-05-18 21:51:05.043] AUTO-DISENGAGE: gear left Park (now N)
[2026-05-18 21:51:05.043] Husby was here, and we are ready to go
[2026-05-18 21:51:05.064] AUTO-DISENGAGE: gear left Park (now N)
[2026-05-18 21:51:05.064] Husby was here, and we are ready to go
[2026-05-18 21:51:05.083] AUTO-DISENGAGE: gear left Park (now N)
[2026-05-18 21:51:05.084] Husby was here, and we are ready to go
[2026-05-18 21:51:05.103] AUTO-DISENGAGE: gear left Park (now N)
[2026-05-18 21:51:05.103] Husby was here, and we are ready to go
[2026-05-18 21:51:05.104] AUTO-DISENGAGE: gear left Park (now N)
[2026-05-18 21:51:05.104] Husby was here, and we are ready to go
[2026-05-18 21:51:05.124] AUTO-DISENGAGE: gear left Park (now N)
[2026-05-18 21:51:05.124] Husby was here, and we are ready to go
[2026-05-18 21:51:05.143] AUTO-DISENGAGE: gear left Park (now N)
[2026-05-18 21:51:05.143] Husby was here, and we are ready to go
[2026-05-18 21:51:05.162] AUTO-DISENGAGE: gear left Park (now N)
[2026-05-18 21:51:05.162] Husby was here, and we are ready to go
[2026-05-18 21:51:05.182] AUTO-DISENGAGE: gear left Park (now N)
[2026-05-18 21:51:05.182] Husby was here, and we are ready to go
[2026-05-18 21:51:05.202] AUTO-DISENGAGE: gear left Park (now N)
[2026-05-18 21:51:05.202] Husby was here, and we are ready to go
[2026-05-18 21:51:05.204] AUTO-DISENGAGE: gear left Park (now N)
[2026-05-18 21:51:05.204] Husby was here, and we are ready to go
[2026-05-18 21:51:05.225] AUTO-DISENGAGE: gear left Park (now N)
[2026-05-18 21:51:05.225] Husby was here, and we are ready to go
[2026-05-18 21:51:05.243] AUTO-DISENGAGE: gear left Park (now N)
[2026-05-18 21:51:05.243] Husby was here, and we are ready to go
[2026-05-18 21:51:05.264] AUTO-DISENGAGE: gear left Park (now N)
[2026-05-18 21:51:05.264] Husby was here, and we are ready to go
[2026-05-18 21:51:05.282] AUTO-DISENGAGE: gear left Park (now N)
[2026-05-18 21:51:05.282] Husby was here, and we are ready to go
[2026-05-18 21:51:05.302] AUTO-DISENGAGE: gear left Park (now N)
[2026-05-18 21:51:05.302] Husby was here, and we are ready to go
[2026-05-18 21:51:05.304] AUTO-DISENGAGE: gear left Park (now N)
[2026-05-18 21:51:05.304] Husby was here, and we are ready to go
[2026-05-18 21:51:05.322] AUTO-DISENGAGE: gear left Park (now N)
[2026-05-18 21:51:05.322] Husby was here, and we are ready to go
[2026-05-18 21:51:05.342] AUTO-DISENGAGE: gear left Park (now N)
[2026-05-18 21:51:05.342] Husby was here, and we are ready to go
[2026-05-18 21:51:05.362] AUTO-DISENGAGE: gear left Park (now N)
[2026-05-18 21:51:05.362] Husby was here, and we are ready to go
[2026-05-18 21:51:05.382] AUTO-DISENGAGE: gear left Park (now N)
[2026-05-18 21:51:05.382] Husby was here, and we are ready to go
[2026-05-18 21:51:05.404] AUTO-DISENGAGE: gear left Park (now N)
[2026-05-18 21:51:05.404] Husby was here, and we are ready to go
[2026-05-18 21:51:05.404] AUTO-DISENGAGE: gear left Park (now N)
[2026-05-18 21:51:05.405] Husby was here, and we are ready to go
[2026-05-18 21:51:05.427] AUTO-DISENGAGE: gear left Park (now N)
[2026-05-18 21:51:05.427] Husby was here, and we are ready to go
[2026-05-18 21:51:05.443] AUTO-DISENGAGE: gear left Park (now N)
[2026-05-18 21:51:05.443] Husby was here, and we are ready to go
[2026-05-18 21:51:05.464] AUTO-DISENGAGE: gear left Park (now N)
[2026-05-18 21:51:05.464] Husby was here, and we are ready to go
[2026-05-18 21:51:05.484] AUTO-DISENGAGE: gear left Park (now N)
[2026-05-18 21:51:05.484] Husby was here, and we are ready to go
[2026-05-18 21:51:05.503] AUTO-DISENGAGE: gear left Park (now N)
[2026-05-18 21:51:05.503] Husby was here, and we are ready to go
[2026-05-18 21:51:05.504] AUTO-DISENGAGE: gear left Park (now N)
[2026-05-18 21:51:05.505] Husby was here, and we are ready to go
[2026-05-18 21:51:05.523] AUTO-DISENGAGE: gear left Park (now N)
[2026-05-18 21:51:05.523] Husby was here, and we are ready to go
[2026-05-18 21:51:05.543] AUTO-DISENGAGE: gear left Park (now N)
[2026-05-18 21:51:05.543] Husby was here, and we are ready to go
[2026-05-18 21:51:05.562] AUTO-DISENGAGE: gear left Park (now N)
[2026-05-18 21:51:05.562] Husby was here, and we are ready to go
[2026-05-18 21:51:05.582] AUTO-DISENGAGE: gear left Park (now N)
[2026-05-18 21:51:05.582] Husby was here, and we are ready to go
[2026-05-18 21:51:05.602] AUTO-DISENGAGE: gear left Park (now N)
[2026-05-18 21:51:05.602] Husby was here, and we are ready to go
[2026-05-18 21:51:05.604] AUTO-DISENGAGE: gear left Park (now N)
[2026-05-18 21:51:05.604] Husby was here, and we are ready to go
[2026-05-18 21:51:05.623] AUTO-DISENGAGE: gear left Park (now N)
[2026-05-18 21:51:05.623] Husby was here, and we are ready to go
[2026-05-18 21:51:05.642] AUTO-DISENGAGE: gear left Park (now N)
[2026-05-18 21:51:05.642] Husby was here, and we are ready to go
[2026-05-18 21:51:05.663] AUTO-DISENGAGE: gear left Park (now N)
[2026-05-18 21:51:05.663] Husby was here, and we are ready to go
[2026-05-18 21:51:05.684] AUTO-DISENGAGE: gear left Park (now N)
[2026-05-18 21:51:05.685] Husby was here, and we are ready to go
[2026-05-18 21:51:05.703] AUTO-DISENGAGE: gear left Park (now N)
[2026-05-18 21:51:05.704] Husby was here, and we are ready to go
[2026-05-18 21:51:05.704] AUTO-DISENGAGE: gear left Park (now N)
[2026-05-18 21:51:05.705] Husby was here, and we are ready to go
[2026-05-18 21:51:05.725] AUTO-DISENGAGE: gear left Park (now N)
[2026-05-18 21:51:05.726] Husby was here, and we are ready to go
[2026-05-18 21:51:05.743] AUTO-DISENGAGE: gear left Park (now N)
[2026-05-18 21:51:05.743] Husby was here, and we are ready to go
[2026-05-18 21:51:05.763] AUTO-DISENGAGE: gear left Park (now N)
[2026-05-18 21:51:05.763] Husby was here, and we are ready to go
[2026-05-18 21:51:05.783] AUTO-DISENGAGE: gear left Park (now N)
[2026-05-18 21:51:05.783] Husby was here, and we are ready to go
[2026-05-18 21:51:05.804] AUTO-DISENGAGE: gear left Park (now N)
[2026-05-18 21:51:05.804] Husby was here, and we are ready to go
[2026-05-18 21:51:05.805] AUTO-DISENGAGE: gear left Park (now N)
[2026-05-18 21:51:05.805] Husby was here, and we are ready to go
[2026-05-18 21:51:05.825] AUTO-DISENGAGE: gear left Park (now N)
[2026-05-18 21:51:05.825] Husby was here, and we are ready to go
[2026-05-18 21:51:05.842] AUTO-DISENGAGE: gear left Park (now N)
[2026-05-18 21:51:05.842] Husby was here, and we are ready to go
[2026-05-18 21:51:05.862] AUTO-DISENGAGE: gear left Park (now N)
[2026-05-18 21:51:05.862] Husby was here, and we are ready to go
[2026-05-18 21:51:05.882] AUTO-DISENGAGE: gear left Park (now N)
[2026-05-18 21:51:05.882] Husby was here, and we are ready to go
[2026-05-18 21:51:05.902] AUTO-DISENGAGE: gear left Park (now N)
[2026-05-18 21:51:05.903] Husby was here, and we are ready to go
[2026-05-18 21:51:05.904] AUTO-DISENGAGE: gear left Park (now N)
[2026-05-18 21:51:05.905] Husby was here, and we are ready to go
[2026-05-18 21:51:05.924] AUTO-DISENGAGE: gear left Park (now N)
[2026-05-18 21:51:05.925] Husby was here, and we are ready to go
[2026-05-18 21:51:05.942] AUTO-DISENGAGE: gear left Park (now N)
[2026-05-18 21:51:05.942] Husby was here, and we are ready to go
[2026-05-18 21:51:05.962] AUTO-DISENGAGE: gear left Park (now N)
[2026-05-18 21:51:05.962] Husby was here, and we are ready to go
[2026-05-18 21:51:05.982] AUTO-DISENGAGE: gear left Park (now N)
[2026-05-18 21:51:05.982] Husby was here, and we are ready to go
[2026-05-18 21:51:06.003] AUTO-DISENGAGE: gear left Park (now N)
[2026-05-18 21:51:06.003] Husby was here, and we are ready to go
[2026-05-18 21:51:06.004] AUTO-DISENGAGE: gear left Park (now N)
[2026-05-18 21:51:06.005] Husby was here, and we are ready to go
[2026-05-18 21:51:06.023] AUTO-DISENGAGE: gear left Park (now N)
[2026-05-18 21:51:06.024] Husby was here, and we are ready to go
[2026-05-18 21:51:06.044] AUTO-DISENGAGE: gear left Park (now N)
[2026-05-18 21:51:06.045] Husby was here, and we are ready to go
[2026-05-18 21:51:06.063] AUTO-DISENGAGE: gear left Park (now N)
[2026-05-18 21:51:06.063] Husby was here, and we are ready to go
[2026-05-18 21:51:06.082] AUTO-DISENGAGE: gear left Park (now N)
[2026-05-18 21:51:06.083] Husby was here, and we are ready to go
[2026-05-18 21:51:06.102] AUTO-DISENGAGE: gear left Park (now N)
[2026-05-18 21:51:06.102] Husby was here, and we are ready to go
[2026-05-18 21:51:06.104] AUTO-DISENGAGE: gear left Park (now N)
[2026-05-18 21:51:06.104] Husby was here, and we are ready to go
[2026-05-18 21:51:06.123] AUTO-DISENGAGE: gear left Park (now N)
[2026-05-18 21:51:06.123] Husby was here, and we are ready to go
[2026-05-18 21:51:06.143] AUTO-DISENGAGE: gear left Park (now N)
[2026-05-18 21:51:06.143] Husby was here, and we are ready to go
[2026-05-18 21:51:06.162] AUTO-DISENGAGE: gear left Park (now N)
[2026-05-18 21:51:06.162] Husby was here, and we are ready to go
[2026-05-18 21:51:06.182] AUTO-DISENGAGE: gear left Park (now N)
[2026-05-18 21:51:06.182] Husby was here, and we are ready to go
[2026-05-18 21:51:06.202] AUTO-DISENGAGE: gear left Park (now N)
[2026-05-18 21:51:06.202] Husby was here, and we are ready to go
[2026-05-18 21:51:06.204] AUTO-DISENGAGE: gear left Park (now N)
[2026-05-18 21:51:06.205] Husby was here, and we are ready to go
[2026-05-18 21:51:06.222] rc: P button pressed
[2026-05-18 21:51:06.223] AUTO-DISENGAGE: gear left Park (now N)
[2026-05-18 21:51:06.223] Husby was here, and we are ready to go
[2026-05-18 21:51:06.242] AUTO-DISENGAGE: gear left Park (now N)
[2026-05-18 21:51:06.242] Husby was here, and we are ready to go
[2026-05-18 21:51:06.262] AUTO-DISENGAGE: gear left Park (now N)
[2026-05-18 21:51:06.262] Husby was here, and we are ready to go
[2026-05-18 21:51:06.265] shift requested: P
[2026-05-18 21:51:06.282] AUTO-DISENGAGE: gear left Park (now N)
[2026-05-18 21:51:06.282] Husby was here, and we are ready to go
[2026-05-18 21:51:06.282] SHIFT: requesting P via 0x6D burst (30 active + 10 idle frames at 200 Hz)
[2026-05-18 21:51:06.286] AUTO-DISENGAGE: gear left Park (now N)
[2026-05-18 21:51:06.286] Husby was here, and we are ready to go
[2026-05-18 21:51:06.292] AUTO-DISENGAGE: gear left Park (now N)
[2026-05-18 21:51:06.292] Husby was here, and we are ready to go
[2026-05-18 21:51:06.296] AUTO-DISENGAGE: gear left Park (now N)
[2026-05-18 21:51:06.297] Husby was here, and we are ready to go
[2026-05-18 21:51:06.301] AUTO-DISENGAGE: gear left Park (now N)
[2026-05-18 21:51:06.302] Husby was here, and we are ready to go
[2026-05-18 21:51:06.302] AUTO-DISENGAGE: gear left Park (now N)
[2026-05-18 21:51:06.302] Husby was here, and we are ready to go
[2026-05-18 21:51:06.304] AUTO-DISENGAGE: gear left Park (now N)
[2026-05-18 21:51:06.305] Husby was here, and we are ready to go
[2026-05-18 21:51:06.307] AUTO-DISENGAGE: gear left Park (now N)
[2026-05-18 21:51:06.307] Husby was here, and we are ready to go
[2026-05-18 21:51:06.313] AUTO-DISENGAGE: gear left Park (now N)
[2026-05-18 21:51:06.313] Husby was here, and we are ready to go
[2026-05-18 21:51:06.317] AUTO-DISENGAGE: gear left Park (now N)
[2026-05-18 21:51:06.317] Husby was here, and we are ready to go
[2026-05-18 21:51:06.321] AUTO-DISENGAGE: gear left Park (now N)
[2026-05-18 21:51:06.321] Husby was here, and we are ready to go
[2026-05-18 21:51:06.322] AUTO-DISENGAGE: gear left Park (now N)
[2026-05-18 21:51:06.322] Husby was here, and we are ready to go
[2026-05-18 21:51:06.327] AUTO-DISENGAGE: gear left Park (now N)
[2026-05-18 21:51:06.327] Husby was here, and we are ready to go
[2026-05-18 21:51:06.332] AUTO-DISENGAGE: gear left Park (now N)
[2026-05-18 21:51:06.332] Husby was here, and we are ready to go
[2026-05-18 21:51:06.337] AUTO-DISENGAGE: gear left Park (now N)
[2026-05-18 21:51:06.337] Husby was here, and we are ready to go
[2026-05-18 21:51:06.341] gear: N -> P
[2026-05-18 21:51:06.683] SHIFT post-burst gear: P (requested P)
[2026-05-18 21:51:13.928] E-STOP: disconnect requested
[2026-05-18 21:51:13.945] CAN closed
[2026-05-18 21:51:13.946] disconnect; closing log
