wall_time,monotonic,event,mode,engaged,estop,target_deg,commanded_deg,measured_deg,eac_status,eac_error,rx_count_0x370,bus_errors,gear,gear_request,di_vehicle_speed_mph,brake_pedal,brake_state
2026-05-18 20:44:15.638,0.2324,eac_transition:AVAILABLE,slider,0,0,0.00,0.00,-10.60,AVAILABLE,BLEND_REQ,4,0,P,P,0.00,released,RELEASED
2026-05-18 20:44:15.882,0.4767,,slider,0,0,0.00,0.00,-10.60,AVAILABLE,BLEND_REQ,10,0,P,P,0.00,released,RELEASED
2026-05-18 20:44:16.285,0.8792,,slider,0,0,0.00,0.00,-10.60,AVAILABLE,BLEND_REQ,20,0,P,P,0.00,released,RELEASED
2026-05-18 20:44:16.666,1.2606,,slider,0,0,0.00,0.00,-10.60,AVAILABLE,BLEND_REQ,30,0,P,P,0.00,released,RELEASED
2026-05-18 20:44:17.065,1.6598,,slider,0,0,0.00,1.16,-10.70,AVAILABLE,BLEND_REQ,40,0,P,P,0.00,released,RELEASED
2026-05-18 20:44:17.466,2.0601,,slider,0,0,0.00,3.21,-10.60,AVAILABLE,BLEND_REQ,50,0,P,P,0.00,released,RELEASED
2026-05-18 20:44:17.866,2.4602,,slider,0,0,0.00,1.86,-10.60,AVAILABLE,BLEND_REQ,60,0,P,P,0.00,released,RELEASED
2026-05-18 20:44:18.274,2.8684,,slider,0,0,6.48,2.70,-10.60,AVAILABLE,BLEND_REQ,70,0,P,P,0.00,released,RELEASED
2026-05-18 20:44:18.674,3.2683,,slider,0,0,0.00,5.14,-10.70,AVAILABLE,BLEND_REQ,80,0,P,P,0.00,released,RELEASED
2026-05-18 20:44:19.073,3.6679,,slider,0,0,0.00,1.91,-10.60,AVAILABLE,BLEND_REQ,90,0,P,P,0.00,released,RELEASED
2026-05-18 20:44:19.474,4.0681,,slider,0,0,0.00,2.68,-10.60,AVAILABLE,BLEND_REQ,100,0,P,P,0.00,released,RELEASED
2026-05-18 20:44:19.873,4.4679,,slider,0,0,0.00,2.31,-10.70,AVAILABLE,BLEND_REQ,110,0,P,P,0.00,released,RELEASED
2026-05-18 20:44:20.273,4.8679,,slider,0,0,6.48,3.13,-10.60,AVAILABLE,BLEND_REQ,120,0,P,P,0.00,released,RELEASED
2026-05-18 20:44:20.674,5.2680,,slider,0,0,6.48,5.20,-10.70,AVAILABLE,BLEND_REQ,130,0,P,P,0.00,released,RELEASED
2026-05-18 20:44:20.753,5.3478,engage,slider,1,0,-10.70,-10.70,-10.70,AVAILABLE,BLEND_REQ,131,0,P,P,0.00,released,RELEASED
2026-05-18 20:44:20.794,5.3883,eac_transition:ACTIVE,slider,1,0,6.48,-9.44,-10.60,ACTIVE,NONE,133,0,P,P,0.00,released,RELEASED
2026-05-18 20:44:21.073,5.6679,,slider,1,0,6.48,3.00,-2.50,ACTIVE,NONE,140,0,P,P,0.00,released,RELEASED
2026-05-18 20:44:21.474,6.0682,,slider,1,0,6.48,2.60,2.10,ACTIVE,NONE,150,0,P,P,0.00,released,RELEASED
2026-05-18 20:44:21.874,6.4683,,slider,1,0,0.00,3.92,2.60,ACTIVE,NONE,160,0,P,P,0.00,released,RELEASED
2026-05-18 20:44:22.274,6.8683,,slider,1,0,6.48,0.73,3.30,ACTIVE,NONE,170,0,P,P,0.00,PRESSED,FAULT
2026-05-18 20:44:22.675,7.2692,,slider,1,0,6.48,3.19,1.80,ACTIVE,NONE,180,0,P,P,0.00,PRESSED,FAULT
2026-05-18 20:44:23.074,7.6683,,slider,1,0,0.00,3.86,3.00,ACTIVE,NONE,190,0,P,P,0.00,PRESSED,FAULT
2026-05-18 20:44:23.475,8.0692,,slider,1,0,6.48,1.49,2.80,ACTIVE,NONE,200,0,P,P,0.00,PRESSED,FAULT
2026-05-18 20:44:23.874,8.4687,,slider,1,0,0.00,2.51,2.40,ACTIVE,NONE,210,0,P,P,0.00,PRESSED,FAULT
2026-05-18 20:44:24.274,8.8687,,slider,1,0,6.48,2.56,1.80,ACTIVE,NONE,220,0,P,P,0.00,PRESSED,FAULT
2026-05-18 20:44:24.674,9.2685,,slider,1,0,6.48,1.97,1.80,ACTIVE,NONE,230,0,P,P,0.00,PRESSED,FAULT
2026-05-18 20:44:25.074,9.6686,,slider,1,0,0.00,3.62,3.20,ACTIVE,NONE,240,0,P,P,0.00,PRESSED,FAULT
2026-05-18 20:44:25.475,10.0689,,slider,1,0,6.48,2.72,2.70,ACTIVE,NONE,250,0,P,P,0.00,PRESSED,FAULT
2026-05-18 20:44:25.538,10.1320,shift_requested:D,slider,1,0,0.00,2.17,2.70,ACTIVE,NONE,251,0,P,P,0.00,PRESSED,FAULT
2026-05-18 20:44:25.590,10.1842,gear_change:D,slider,1,0,0.00,0.70,2.70,ACTIVE,NONE,252,0,D,D,0.00,PRESSED,FAULT
2026-05-18 20:44:25.874,10.4687,,slider,1,0,0.00,0.00,0.90,ACTIVE,NONE,260,0,D,D,0.00,PRESSED,FAULT
2026-05-18 20:44:26.274,10.8687,,slider,1,0,0.00,0.00,0.20,ACTIVE,NONE,270,0,D,D,0.00,PRESSED,FAULT
2026-05-18 20:44:26.674,11.2687,,slider,1,0,0.00,0.00,0.00,ACTIVE,NONE,280,0,D,D,0.00,PRESSED,FAULT
2026-05-18 20:44:27.080,11.6746,,slider,1,0,-101.39,-50.81,-24.10,ACTIVE,NONE,290,0,D,D,0.10,released,RELEASED
2026-05-18 20:44:27.487,12.0811,,slider,1,0,-73.84,-86.03,-83.50,ACTIVE,NONE,300,0,D,D,0.40,released,RELEASED
2026-05-18 20:44:27.868,12.4625,,slider,1,0,-142.76,-115.91,-100.40,ACTIVE,NONE,310,0,D,D,0.75,released,RELEASED
2026-05-18 20:44:28.268,12.8625,,slider,1,0,-251.49,-187.91,-165.00,ACTIVE,NONE,320,0,D,D,1.10,released,RELEASED
2026-05-18 20:44:28.668,13.2626,,slider,1,0,-328.66,-259.91,-237.60,ACTIVE,NONE,330,0,D,D,1.45,released,RELEASED
2026-05-18 20:44:29.068,13.6628,,slider,1,0,-328.66,-327.52,-309.40,ACTIVE,NONE,340,0,D,D,1.70,released,RELEASED
2026-05-18 20:44:29.470,14.0638,,slider,1,0,-328.66,-327.92,-329.30,ACTIVE,NONE,350,0,D,D,1.95,released,RELEASED
2026-05-18 20:44:29.869,14.4636,,slider,1,0,-328.66,-326.75,-329.30,ACTIVE,NONE,360,0,D,D,2.10,released,RELEASED
2026-05-18 20:44:30.269,14.8637,,slider,1,0,-328.66,-322.10,-325.30,ACTIVE,NONE,370,0,D,D,2.30,released,RELEASED
2026-05-18 20:44:30.675,15.2690,,slider,1,0,-68.69,-310.52,-323.40,ACTIVE,NONE,380,0,D,D,2.40,released,RELEASED
2026-05-18 20:44:31.078,15.6723,,slider,1,0,-272.03,-241.52,-263.20,ACTIVE,NONE,390,0,D,D,2.55,released,RELEASED
2026-05-18 20:44:31.479,16.0737,,slider,1,0,-272.03,-268.37,-248.90,ACTIVE,NONE,400,0,D,D,2.75,released,RELEASED
2026-05-18 20:44:31.879,16.4734,,slider,1,0,-282.74,-298.95,-295.10,ACTIVE,NONE,410,0,D,D,2.95,released,RELEASED
2026-05-18 20:44:32.283,16.8768,,slider,1,0,-129.26,-245.09,-268.20,ACTIVE,NONE,420,0,D,D,3.10,released,RELEASED
2026-05-18 20:44:32.682,17.2767,,slider,1,0,-139.31,-173.09,-196.70,ACTIVE,NONE,430,0,D,D,3.35,released,RELEASED
2026-05-18 20:44:33.083,17.6768,,slider,1,0,-322.64,-171.48,-153.00,ACTIVE,NONE,440,0,D,D,3.70,released,RELEASED
2026-05-18 20:44:33.483,18.0769,,slider,1,0,-236.82,-242.73,-219.50,ACTIVE,NONE,450,0,D,D,4.00,released,RELEASED
2026-05-18 20:44:33.883,18.4770,,slider,1,0,-32.89,-219.42,-239.80,ACTIVE,NONE,460,0,D,D,4.30,released,RELEASED
2026-05-18 20:44:34.269,18.8632,,slider,1,0,101.39,-150.42,-173.20,ACTIVE,NONE,470,0,D,D,4.55,released,RELEASED
2026-05-18 20:44:34.669,19.2634,,slider,1,0,113.38,-78.42,-101.70,ACTIVE,NONE,480,0,D,D,4.75,released,RELEASED
2026-05-18 20:44:35.069,19.6631,,slider,1,0,81.77,-6.42,-30.30,ACTIVE,NONE,490,0,D,D,5.00,released,RELEASED
2026-05-18 20:44:35.470,20.0644,,slider,1,0,89.98,65.58,41.00,ACTIVE,NONE,500,0,D,D,5.20,released,RELEASED
2026-05-18 20:44:35.876,20.4702,,slider,1,0,107.31,115.53,110.80,ACTIVE,NONE,510,0,D,D,5.40,released,RELEASED
2026-05-18 20:44:36.268,20.8625,,slider,1,0,-126.00,79.51,95.90,ACTIVE,NONE,520,0,D,D,5.65,released,RELEASED
2026-05-18 20:44:36.669,21.2627,,slider,1,0,-66.15,10.51,31.40,ACTIVE,NONE,530,0,D,D,5.85,released,RELEASED
2026-05-18 20:44:37.068,21.6624,,slider,1,0,-107.31,-34.15,-20.90,ACTIVE,NONE,540,0,D,D,6.05,released,RELEASED
2026-05-18 20:44:37.470,22.0644,,slider,1,0,0.00,-50.48,-65.80,ACTIVE,NONE,550,0,D,D,6.25,released,RELEASED
2026-05-18 20:44:37.870,22.4638,,slider,1,0,58.69,18.89,-2.60,ACTIVE,NONE,560,0,D,D,6.45,released,RELEASED
2026-05-18 20:44:38.270,22.8637,,slider,1,0,17.35,26.21,40.40,ACTIVE,NONE,570,0,D,D,6.60,released,RELEASED
2026-05-18 20:44:38.670,23.2638,,slider,1,0,0.00,3.07,8.70,ACTIVE,NONE,580,0,D,D,6.80,released,RELEASED
2026-05-18 20:44:39.069,23.6635,,slider,1,0,0.00,-14.54,-20.00,ACTIVE,NONE,590,0,D,D,6.95,released,RELEASED
2026-05-18 20:44:39.470,24.0640,,slider,1,0,0.00,-0.72,-3.00,ACTIVE,NONE,600,0,D,D,7.05,released,RELEASED
2026-05-18 20:44:39.869,24.4635,,slider,1,0,12.99,8.99,3.30,ACTIVE,NONE,610,0,D,D,7.25,released,RELEASED
2026-05-18 20:44:40.269,24.8633,,slider,1,0,21.74,18.88,16.20,ACTIVE,NONE,620,0,D,D,7.35,released,RELEASED
2026-05-18 20:44:40.666,25.2602,,slider,1,0,30.64,30.49,29.10,ACTIVE,NONE,630,0,D,D,7.55,released,RELEASED
2026-05-18 20:44:41.066,25.6600,,slider,1,0,39.72,31.89,29.80,ACTIVE,NONE,640,0,D,D,7.70,released,RELEASED
2026-05-18 20:44:41.471,26.0647,,slider,1,0,32.89,41.29,41.70,ACTIVE,NONE,650,0,D,D,7.80,released,RELEASED
2026-05-18 20:44:41.870,26.4644,,slider,1,0,28.40,28.04,30.00,ACTIVE,NONE,660,0,D,D,7.85,released,RELEASED
2026-05-18 20:44:42.271,26.8654,,slider,1,0,32.89,31.51,31.00,ACTIVE,NONE,670,0,D,D,7.90,released,RELEASED
2026-05-18 20:44:42.671,27.2653,,slider,1,0,35.15,38.10,38.10,ACTIVE,NONE,680,0,D,D,7.95,released,RELEASED
2026-05-18 20:44:43.071,27.6651,,slider,1,0,37.43,37.79,37.70,ACTIVE,NONE,690,0,D,D,7.95,released,RELEASED
2026-05-18 20:44:43.471,28.0651,,slider,1,0,37.43,37.59,37.70,ACTIVE,NONE,700,0,D,D,7.95,released,RELEASED
2026-05-18 20:44:43.871,28.4652,,slider,1,0,37.43,38.03,38.00,ACTIVE,NONE,710,0,D,D,7.95,released,RELEASED
2026-05-18 20:44:44.271,28.8651,,slider,1,0,51.43,47.15,43.40,ACTIVE,NONE,720,0,D,D,7.90,released,RELEASED
2026-05-18 20:44:44.671,29.2651,,slider,1,0,53.83,51.76,49.50,ACTIVE,NONE,730,0,D,D,7.90,released,RELEASED
2026-05-18 20:44:45.071,29.6652,,slider,1,0,58.69,52.59,52.30,ACTIVE,NONE,740,0,D,D,7.95,released,RELEASED
2026-05-18 20:44:45.471,30.0652,,slider,1,0,56.25,56.50,56.20,ACTIVE,NONE,750,0,D,D,7.95,released,RELEASED
2026-05-18 20:44:45.871,30.4651,,slider,1,0,63.64,62.79,61.00,ACTIVE,NONE,760,0,D,D,7.95,released,RELEASED
2026-05-18 20:44:46.271,30.8650,,slider,1,0,61.15,62.51,62.70,ACTIVE,NONE,770,0,D,D,7.80,released,RELEASED
2026-05-18 20:44:46.671,31.2651,,slider,1,0,61.15,61.45,62.50,ACTIVE,NONE,780,0,D,D,7.60,released,RELEASED
2026-05-18 20:44:47.071,31.6650,,slider,1,0,61.15,59.94,60.20,ACTIVE,NONE,790,0,D,D,7.45,released,RELEASED
2026-05-18 20:44:47.471,32.0651,,slider,1,0,19.54,34.33,46.70,ACTIVE,NONE,800,0,D,D,7.10,released,RELEASED
2026-05-18 20:44:47.871,32.4649,,slider,1,0,0.00,3.01,9.30,ACTIVE,NONE,810,0,D,D,6.80,released,RELEASED
2026-05-18 20:44:48.267,32.8608,,slider,1,0,19.54,9.59,6.00,ACTIVE,NONE,820,0,D,D,6.60,released,RELEASED
2026-05-18 20:44:48.670,33.2638,,slider,1,0,30.64,32.28,29.00,ACTIVE,NONE,830,0,D,D,6.55,released,RELEASED
2026-05-18 20:44:49.070,33.6640,,slider,1,0,28.40,31.58,32.40,ACTIVE,NONE,840,0,D,D,6.35,released,RELEASED
2026-05-18 20:44:49.471,34.0647,,slider,1,0,0.00,4.10,11.50,ACTIVE,NONE,850,0,D,D,6.05,released,RELEASED
2026-05-18 20:44:49.870,34.4642,,slider,1,0,0.00,0.20,0.80,ACTIVE,NONE,860,0,D,D,5.90,released,RELEASED
2026-05-18 20:44:50.270,34.8645,,slider,1,0,0.00,0.01,-0.10,ACTIVE,NONE,870,0,D,D,5.70,released,RELEASED
2026-05-18 20:44:50.670,35.2643,,slider,1,0,15.17,11.88,3.30,ACTIVE,NONE,880,0,D,D,5.55,released,RELEASED
2026-05-18 20:44:51.070,35.6643,,slider,1,0,0.00,0.88,2.90,ACTIVE,NONE,890,0,D,D,5.45,released,RELEASED
2026-05-18 20:44:51.471,36.0645,,slider,1,0,0.00,0.04,0.10,ACTIVE,NONE,900,0,D,D,5.35,released,RELEASED
2026-05-18 20:44:51.871,36.4647,,slider,1,0,19.54,14.58,8.70,ACTIVE,NONE,910,0,D,D,5.35,released,RELEASED
2026-05-18 20:44:52.271,36.8647,,slider,1,0,10.82,13.62,14.50,ACTIVE,NONE,920,0,D,D,5.25,released,RELEASED
2026-05-18 20:44:52.672,37.2655,,slider,1,0,8.65,9.96,9.10,ACTIVE,NONE,930,0,D,D,5.30,released,RELEASED
2026-05-18 20:44:53.073,37.6665,,slider,1,0,17.35,13.87,10.50,ACTIVE,NONE,940,0,D,D,5.40,released,RELEASED
2026-05-18 20:44:53.473,38.0667,,slider,1,0,23.95,22.69,20.70,ACTIVE,NONE,950,0,D,D,5.50,released,RELEASED
2026-05-18 20:44:53.873,38.4667,,slider,1,0,17.35,22.31,25.30,ACTIVE,NONE,960,0,D,D,5.55,released,RELEASED
2026-05-18 20:44:54.273,38.8667,,slider,1,0,0.00,1.70,5.90,ACTIVE,NONE,970,0,D,D,5.55,released,RELEASED
2026-05-18 20:44:54.673,39.2667,,slider,1,0,0.00,-9.66,-13.60,ACTIVE,NONE,980,0,D,D,5.65,released,RELEASED
2026-05-18 20:44:55.073,39.6666,,slider,1,0,0.00,11.76,11.20,ACTIVE,NONE,990,0,D,D,5.75,released,RELEASED
2026-05-18 20:44:55.473,40.0665,,slider,1,0,0.00,-20.15,-26.40,ACTIVE,NONE,1000,0,D,D,5.75,released,RELEASED
2026-05-18 20:44:55.868,40.4614,,slider,1,0,53.83,21.09,3.50,ACTIVE,NONE,1010,0,D,D,5.75,released,RELEASED
2026-05-18 20:44:56.273,40.8668,,slider,1,0,0.00,6.61,15.90,ACTIVE,NONE,1020,0,D,D,5.70,released,RELEASED
2026-05-18 20:44:56.673,41.2666,,slider,1,0,0.00,0.33,1.30,ACTIVE,NONE,1030,0,D,D,5.80,released,RELEASED
2026-05-18 20:44:57.073,41.6666,,slider,1,0,0.00,0.02,0.00,ACTIVE,NONE,1040,0,D,D,5.90,released,RELEASED
2026-05-18 20:44:57.473,42.0668,,slider,1,0,0.00,0.00,-0.10,ACTIVE,NONE,1050,0,D,D,6.10,released,RELEASED
2026-05-18 20:44:57.873,42.4666,,slider,1,0,17.35,11.66,3.00,ACTIVE,NONE,1060,0,D,D,6.30,released,RELEASED
2026-05-18 20:44:58.273,42.8667,,slider,1,0,17.35,17.49,17.20,ACTIVE,NONE,1070,0,D,D,6.45,released,RELEASED
2026-05-18 20:44:58.673,43.2668,,slider,1,0,19.54,19.17,18.20,ACTIVE,NONE,1080,0,D,D,6.60,released,RELEASED
2026-05-18 20:44:59.073,43.6666,,slider,1,0,28.40,28.06,24.20,ACTIVE,NONE,1090,0,D,D,6.75,released,RELEASED
2026-05-18 20:44:59.473,44.0670,,slider,1,0,21.74,23.08,25.60,ACTIVE,NONE,1100,0,D,D,6.70,released,RELEASED
2026-05-18 20:44:59.873,44.4667,,slider,1,0,21.74,20.67,21.60,ACTIVE,NONE,1110,0,D,D,6.65,released,RELEASED
2026-05-18 20:45:00.273,44.8666,,slider,1,0,12.99,17.48,19.30,ACTIVE,NONE,1120,0,D,D,6.40,released,RELEASED
2026-05-18 20:45:00.673,45.2669,,slider,1,0,23.95,25.59,22.00,ACTIVE,NONE,1130,0,D,D,6.40,released,RELEASED
2026-05-18 20:45:01.073,45.6668,,slider,1,0,30.64,29.09,27.40,ACTIVE,NONE,1140,0,D,D,6.20,released,RELEASED
2026-05-18 20:45:01.473,46.0672,,slider,1,0,26.17,29.04,30.20,ACTIVE,NONE,1150,0,D,D,6.15,released,RELEASED
2026-05-18 20:45:01.873,46.4666,,slider,1,0,-32.89,-8.14,10.40,ACTIVE,NONE,1160,0,D,D,6.15,released,RELEASED
2026-05-18 20:45:02.269,46.8625,,slider,1,0,0.00,-1.56,-4.70,ACTIVE,NONE,1170,0,D,D,6.10,released,RELEASED
2026-05-18 20:45:02.669,47.2628,,slider,1,0,0.00,-0.08,-0.40,ACTIVE,NONE,1180,0,D,D,6.05,released,RELEASED
2026-05-18 20:45:03.069,47.6623,,slider,1,0,0.00,-5.05,-4.90,ACTIVE,NONE,1190,0,D,D,6.00,released,RELEASED
2026-05-18 20:45:03.469,48.0632,,slider,1,0,-37.43,-20.28,-11.00,ACTIVE,NONE,1200,0,D,D,6.00,released,RELEASED
2026-05-18 20:45:03.870,48.4635,,slider,1,0,-39.72,-41.22,-39.10,ACTIVE,NONE,1210,0,D,D,6.05,released,RELEASED
2026-05-18 20:45:04.270,48.8637,,slider,1,0,-51.43,-42.33,-38.90,ACTIVE,NONE,1220,0,D,D,6.10,released,RELEASED
2026-05-18 20:45:04.670,49.2636,,slider,1,0,-51.43,-50.49,-47.60,ACTIVE,NONE,1230,0,D,D,6.15,released,RELEASED
2026-05-18 20:45:05.070,49.6637,,slider,1,0,-61.15,-53.70,-50.50,ACTIVE,NONE,1240,0,D,D,6.25,released,RELEASED
2026-05-18 20:45:05.470,50.0642,,slider,1,0,-76.45,-59.40,-56.00,ACTIVE,NONE,1250,0,D,D,6.30,released,RELEASED
2026-05-18 20:45:05.873,50.4668,,slider,1,0,-37.43,-52.31,-54.50,ACTIVE,NONE,1260,0,D,D,6.30,released,RELEASED
2026-05-18 20:45:06.273,50.8671,,slider,1,0,-51.43,-56.91,-52.10,ACTIVE,NONE,1270,0,D,D,6.25,released,RELEASED
2026-05-18 20:45:06.673,51.2666,,slider,1,0,-44.35,-46.60,-47.10,ACTIVE,NONE,1280,0,D,D,6.20,released,RELEASED
2026-05-18 20:45:07.073,51.6667,,slider,1,0,-28.40,-51.52,-55.80,ACTIVE,NONE,1290,0,D,D,6.10,released,RELEASED
2026-05-18 20:45:07.475,52.0689,,slider,1,0,-39.72,-36.45,-38.30,ACTIVE,NONE,1300,0,D,D,6.05,released,RELEASED
2026-05-18 20:45:07.875,52.4686,,slider,1,0,0.00,-23.52,-30.60,ACTIVE,NONE,1310,0,D,D,6.00,released,RELEASED
2026-05-18 20:45:08.275,52.8683,,slider,1,0,0.00,-1.17,-4.20,ACTIVE,NONE,1320,0,D,D,5.90,released,RELEASED
2026-05-18 20:45:08.675,53.2683,,slider,1,0,0.00,-0.06,-0.20,ACTIVE,NONE,1330,0,D,D,5.85,released,RELEASED
2026-05-18 20:45:09.075,53.6684,,slider,1,0,0.00,-0.00,0.10,ACTIVE,NONE,1340,0,D,D,5.75,released,RELEASED
2026-05-18 20:45:09.475,54.0684,,slider,1,0,0.00,0.06,0.20,ACTIVE,NONE,1350,0,D,D,5.70,released,RELEASED
2026-05-18 20:45:09.875,54.4684,,slider,1,0,-30.64,-21.83,-16.60,ACTIVE,NONE,1360,0,D,D,5.70,released,RELEASED
2026-05-18 20:45:10.267,54.8608,,slider,1,0,-12.99,-28.28,-29.60,ACTIVE,NONE,1370,0,D,D,5.65,released,RELEASED
2026-05-18 20:45:10.667,55.2610,,slider,1,0,0.00,-4.38,-11.10,ACTIVE,NONE,1380,0,D,D,5.65,released,RELEASED
2026-05-18 20:45:11.067,55.6610,,slider,1,0,0.00,-0.22,-0.80,ACTIVE,NONE,1390,0,D,D,5.65,released,RELEASED
2026-05-18 20:45:11.468,56.0614,,slider,1,0,-21.74,-3.79,-0.30,ACTIVE,NONE,1400,0,D,D,5.70,released,RELEASED
2026-05-18 20:45:11.870,56.4635,,slider,1,0,-42.03,-25.93,-19.00,ACTIVE,NONE,1410,0,D,D,5.70,released,RELEASED
2026-05-18 20:45:12.274,56.8677,,slider,1,0,0.00,-5.86,-15.10,ACTIVE,NONE,1420,0,D,D,5.70,released,RELEASED
2026-05-18 20:45:12.675,57.2689,,slider,1,0,-15.17,-14.43,-7.10,ACTIVE,NONE,1430,0,D,D,5.80,released,RELEASED
2026-05-18 20:45:13.075,57.6689,,slider,1,0,-12.99,-17.43,-17.60,ACTIVE,NONE,1440,0,D,D,5.85,released,RELEASED
2026-05-18 20:45:13.476,58.0693,,slider,1,0,-6.48,-17.76,-21.80,ACTIVE,NONE,1450,0,D,D,6.00,released,RELEASED
2026-05-18 20:45:13.875,58.4687,,slider,1,0,0.00,-5.41,-9.10,ACTIVE,NONE,1460,0,D,D,6.20,released,RELEASED
2026-05-18 20:45:14.275,58.8687,,slider,1,0,-10.82,-1.54,-1.10,ACTIVE,NONE,1470,0,D,D,6.40,released,RELEASED
2026-05-18 20:45:14.669,59.2626,,slider,1,0,-8.65,-5.47,-4.10,ACTIVE,NONE,1480,0,D,D,6.55,released,RELEASED
2026-05-18 20:45:15.070,59.6638,,slider,1,0,0.00,-3.15,-7.40,ACTIVE,NONE,1490,0,D,D,6.60,released,RELEASED
2026-05-18 20:45:15.470,60.0636,,slider,1,0,0.00,-0.16,-0.90,ACTIVE,NONE,1500,0,D,D,6.65,released,RELEASED
2026-05-18 20:45:15.869,60.4630,,slider,1,0,0.00,-0.01,0.00,ACTIVE,NONE,1510,0,D,D,6.70,released,RELEASED
2026-05-18 20:45:16.269,60.8630,,slider,1,0,-19.54,-8.88,-3.70,ACTIVE,NONE,1520,0,D,D,6.70,released,RELEASED
2026-05-18 20:45:16.673,61.2668,,slider,1,0,-19.54,-21.84,-21.40,ACTIVE,NONE,1530,0,D,D,6.75,released,RELEASED
2026-05-18 20:45:17.073,61.6661,,slider,1,0,-19.54,-20.50,-22.00,ACTIVE,NONE,1540,0,D,D,6.70,released,RELEASED
2026-05-18 20:45:17.473,62.0663,,slider,1,0,-23.95,-16.81,-16.00,ACTIVE,NONE,1550,0,D,D,6.70,released,RELEASED
2026-05-18 20:45:17.873,62.4666,,slider,1,0,-17.35,-10.77,-10.60,ACTIVE,NONE,1560,0,D,D,6.75,released,RELEASED
2026-05-18 20:45:18.273,62.8670,,slider,1,0,0.00,-2.52,-6.80,ACTIVE,NONE,1570,0,D,D,6.70,released,RELEASED
2026-05-18 20:45:18.673,63.2669,,slider,1,0,0.00,-2.20,-1.30,ACTIVE,NONE,1580,0,D,D,6.70,released,RELEASED
2026-05-18 20:45:19.073,63.6669,,slider,1,0,0.00,-3.87,-2.00,ACTIVE,NONE,1590,0,D,D,6.60,released,RELEASED
2026-05-18 20:45:19.474,64.0672,,slider,1,0,-6.48,-10.58,-10.70,ACTIVE,NONE,1600,0,D,D,6.55,released,RELEASED
2026-05-18 20:45:19.874,64.4672,,slider,1,0,-15.17,-15.71,-12.30,ACTIVE,NONE,1610,0,D,D,6.50,released,RELEASED
2026-05-18 20:45:20.274,64.8676,,slider,1,0,-12.99,-15.61,-17.50,ACTIVE,NONE,1620,0,D,D,6.45,released,RELEASED
2026-05-18 20:45:20.674,65.2679,,slider,1,0,-12.99,-6.50,-12.30,ACTIVE,NONE,1630,0,D,D,6.30,released,RELEASED
2026-05-18 20:45:21.074,65.6674,,slider,1,0,0.00,-10.83,-12.70,ACTIVE,NONE,1640,0,D,D,6.10,released,RELEASED
2026-05-18 20:45:21.476,66.0694,,slider,1,0,0.00,-0.54,-2.20,ACTIVE,NONE,1650,0,D,D,5.85,released,RELEASED
2026-05-18 20:45:21.876,66.4692,,slider,1,0,0.00,-0.03,-0.20,ACTIVE,NONE,1660,0,D,D,5.65,released,RELEASED
2026-05-18 20:45:22.276,66.8693,,slider,1,0,0.00,-0.00,-0.10,ACTIVE,NONE,1670,0,D,D,5.55,released,RELEASED
2026-05-18 20:45:22.676,67.2696,,slider,1,0,0.00,-0.00,0.00,ACTIVE,NONE,1680,0,D,D,5.45,released,RELEASED
2026-05-18 20:45:23.076,67.6691,,slider,1,0,0.00,-0.00,0.00,ACTIVE,NONE,1690,0,D,D,5.40,released,RELEASED
2026-05-18 20:45:23.476,68.0695,,slider,1,0,0.00,-0.00,0.00,ACTIVE,NONE,1700,0,D,D,5.40,released,RELEASED
2026-05-18 20:45:23.876,68.4699,,slider,1,0,0.00,-0.00,0.00,ACTIVE,NONE,1710,0,D,D,5.45,released,RELEASED
2026-05-18 20:45:24.276,68.8693,,slider,1,0,0.00,-0.00,0.00,ACTIVE,NONE,1720,0,D,D,5.55,released,RELEASED
2026-05-18 20:45:24.676,69.2699,,slider,1,0,0.00,-0.00,0.00,ACTIVE,NONE,1730,0,D,D,5.70,released,RELEASED
2026-05-18 20:45:25.076,69.6692,,slider,1,0,0.00,-0.00,0.00,ACTIVE,NONE,1740,0,D,D,5.85,released,RELEASED
2026-05-18 20:45:25.477,70.0700,,slider,1,0,0.00,-0.00,0.00,ACTIVE,NONE,1750,0,D,D,6.00,released,RELEASED
2026-05-18 20:45:25.876,70.4694,,slider,1,0,0.00,-0.00,0.00,ACTIVE,NONE,1760,0,D,D,6.10,released,RELEASED
2026-05-18 20:45:26.276,70.8695,,slider,1,0,-26.17,-14.86,-3.30,ACTIVE,NONE,1770,0,D,D,6.25,released,RELEASED
2026-05-18 20:45:26.669,71.2620,,slider,1,0,-10.82,-23.89,-23.10,ACTIVE,NONE,1780,0,D,D,6.35,released,RELEASED
2026-05-18 20:45:27.076,71.6695,,slider,1,0,-30.64,-24.70,-17.20,ACTIVE,NONE,1790,0,D,D,6.45,released,RELEASED
2026-05-18 20:45:27.476,72.0695,,slider,1,0,0.00,-14.39,-21.60,ACTIVE,NONE,1800,0,D,D,6.50,released,RELEASED
2026-05-18 20:45:27.876,72.4697,,slider,1,0,-12.99,-13.16,-9.00,ACTIVE,NONE,1810,0,D,D,6.50,released,RELEASED
2026-05-18 20:45:28.270,72.8635,,slider,1,0,0.00,-13.86,-18.50,ACTIVE,NONE,1820,0,D,D,6.50,released,RELEASED
2026-05-18 20:45:28.673,73.2666,,slider,1,0,0.00,-1.51,-4.50,ACTIVE,NONE,1830,0,D,D,6.40,released,RELEASED
2026-05-18 20:45:29.073,73.6667,,slider,1,0,0.00,-0.07,-0.50,ACTIVE,NONE,1840,0,D,D,6.35,released,RELEASED
2026-05-18 20:45:29.474,74.0669,,slider,1,0,0.00,-0.00,-0.10,ACTIVE,NONE,1850,0,D,D,6.20,released,RELEASED
2026-05-18 20:45:29.876,74.4690,,slider,1,0,-10.82,-10.35,-1.50,ACTIVE,NONE,1860,0,D,D,6.25,released,RELEASED
2026-05-18 20:45:30.276,74.8696,,slider,1,0,0.00,-0.87,-3.00,ACTIVE,NONE,1870,0,D,D,6.30,released,RELEASED
2026-05-18 20:45:30.676,75.2689,,slider,1,0,0.00,-0.04,-0.40,ACTIVE,NONE,1880,0,D,D,6.25,released,RELEASED
2026-05-18 20:45:31.078,75.6709,,slider,1,0,6.48,16.36,15.60,ACTIVE,NONE,1890,0,D,D,6.20,released,RELEASED
2026-05-18 20:45:31.478,76.0709,,slider,1,0,0.00,1.02,4.00,ACTIVE,NONE,1900,0,D,D,6.10,released,RELEASED
2026-05-18 20:45:31.878,76.4710,,slider,1,0,0.00,0.05,0.20,ACTIVE,NONE,1910,0,D,D,6.05,released,RELEASED
2026-05-18 20:45:32.278,76.8712,,slider,1,0,0.00,0.00,-0.10,ACTIVE,NONE,1920,0,D,D,6.10,released,RELEASED
2026-05-18 20:45:32.678,77.2712,,slider,1,0,0.00,1.12,0.00,ACTIVE,NONE,1930,0,D,D,6.05,released,RELEASED
2026-05-18 20:45:33.078,77.6710,,slider,1,0,12.99,3.70,0.10,ACTIVE,NONE,1940,0,D,D,5.95,released,RELEASED
2026-05-18 20:45:33.478,78.0712,,slider,1,0,19.54,19.53,18.00,ACTIVE,NONE,1950,0,D,D,5.65,released,RELEASED
2026-05-18 20:45:33.878,78.4711,,slider,1,0,26.17,25.50,23.80,ACTIVE,NONE,1960,0,D,D,5.45,released,RELEASED
2026-05-18 20:45:34.278,78.8712,,slider,1,0,19.54,21.16,24.50,ACTIVE,NONE,1970,0,D,D,5.20,released,RELEASED
2026-05-18 20:45:34.678,79.2712,,slider,1,0,26.17,18.22,18.40,ACTIVE,NONE,1980,0,D,D,5.10,released,RELEASED
2026-05-18 20:45:35.082,79.6754,,slider,1,0,44.35,37.87,33.40,ACTIVE,NONE,1990,0,D,D,5.00,released,RELEASED
2026-05-18 20:45:35.483,80.0758,,slider,1,0,49.05,42.92,42.10,ACTIVE,NONE,2000,0,D,D,4.75,released,RELEASED
2026-05-18 20:45:35.882,80.4755,,slider,1,0,53.83,48.55,45.20,ACTIVE,NONE,2010,0,D,D,4.60,released,RELEASED
2026-05-18 20:45:36.288,80.8816,,slider,1,0,66.15,67.18,58.10,ACTIVE,NONE,2020,0,D,D,4.55,released,RELEASED
2026-05-18 20:45:36.673,81.2661,,slider,1,0,110.32,90.48,75.80,ACTIVE,NONE,2030,0,D,D,4.45,released,RELEASED
2026-05-18 20:45:37.078,81.6713,,slider,1,0,135.92,112.02,104.50,ACTIVE,NONE,2040,0,D,D,4.40,released,RELEASED
2026-05-18 20:45:37.480,82.0729,,slider,1,0,79.10,99.06,108.00,ACTIVE,NONE,2050,0,D,D,4.35,released,RELEASED
2026-05-18 20:45:37.880,82.4730,,slider,1,0,19.54,41.68,58.20,ACTIVE,NONE,2060,0,D,D,4.35,released,RELEASED
2026-05-18 20:45:38.280,82.8731,,slider,1,0,35.15,29.62,29.50,ACTIVE,NONE,2070,0,D,D,4.35,released,RELEASED
2026-05-18 20:45:38.682,83.2751,,slider,1,0,49.05,57.98,53.10,ACTIVE,NONE,2080,0,D,D,4.30,released,RELEASED
2026-05-18 20:45:39.082,83.6756,,slider,1,0,51.43,51.35,54.80,ACTIVE,NONE,2090,0,D,D,4.35,released,RELEASED
2026-05-18 20:45:39.482,84.0755,,slider,1,0,46.69,45.37,49.60,ACTIVE,NONE,2100,0,D,D,4.45,released,RELEASED
2026-05-18 20:45:39.882,84.4755,,slider,1,0,53.83,51.73,49.00,ACTIVE,NONE,2110,0,D,D,4.70,released,RELEASED
2026-05-18 20:45:40.283,84.8758,,slider,1,0,104.33,86.41,68.00,ACTIVE,NONE,2120,0,D,D,5.00,released,RELEASED
2026-05-18 20:45:40.685,85.2783,,slider,1,0,107.31,107.25,102.40,ACTIVE,NONE,2130,0,D,D,5.30,released,RELEASED
2026-05-18 20:45:41.071,85.6640,,slider,1,0,126.00,102.77,92.70,ACTIVE,NONE,2140,0,D,D,5.70,released,RELEASED
2026-05-18 20:45:41.480,86.0736,,slider,1,0,92.78,102.27,109.70,ACTIVE,NONE,2150,0,D,D,6.05,released,RELEASED
2026-05-18 20:45:41.871,86.4638,,slider,1,0,139.31,116.26,101.70,ACTIVE,NONE,2160,0,D,D,6.45,released,RELEASED
2026-05-18 20:45:42.273,86.8663,,slider,1,0,160.70,161.49,151.90,ACTIVE,NONE,2170,0,D,D,6.70,released,RELEASED
2026-05-18 20:45:42.675,87.2680,,slider,1,0,56.25,222.81,203.60,ACTIVE,NONE,2180,0,D,D,6.85,released,RELEASED
2026-05-18 20:45:43.074,87.6674,,slider,1,0,10.82,150.81,171.80,ACTIVE,NONE,2190,0,D,D,6.85,released,RELEASED
2026-05-18 20:45:43.479,88.0719,,slider,1,0,-10.82,78.81,100.10,ACTIVE,NONE,2200,0,D,D,6.75,released,RELEASED
2026-05-18 20:45:43.873,88.4662,,slider,1,0,0.00,9.81,31.60,ACTIVE,NONE,2210,0,D,D,6.90,released,RELEASED
2026-05-18 20:45:44.275,88.8681,,slider,1,0,0.00,-0.57,-0.50,ACTIVE,NONE,2220,0,D,D,6.80,released,RELEASED
2026-05-18 20:45:44.675,89.2684,,slider,1,0,179.95,51.01,30.20,ACTIVE,NONE,2230,0,D,D,6.85,released,RELEASED
2026-05-18 20:45:45.075,89.6683,,slider,1,0,92.78,91.71,95.70,ACTIVE,NONE,2240,0,D,D,6.95,released,RELEASED
2026-05-18 20:45:45.478,90.0706,,slider,1,0,81.77,140.19,130.30,ACTIVE,NONE,2250,0,D,D,6.90,released,RELEASED
2026-05-18 20:45:45.880,90.4726,,slider,1,0,95.62,109.73,112.50,ACTIVE,NONE,2260,0,D,D,6.95,released,RELEASED
2026-05-18 20:45:46.280,90.8731,,slider,1,0,79.10,77.39,79.70,ACTIVE,NONE,2270,0,D,D,7.00,released,RELEASED
2026-05-18 20:45:46.682,91.2748,,slider,1,0,142.76,130.86,109.10,ACTIVE,NONE,2280,0,D,D,7.05,released,RELEASED
2026-05-18 20:45:47.085,91.6784,,slider,1,0,95.62,109.81,120.30,ACTIVE,NONE,2290,0,D,D,7.10,released,RELEASED
2026-05-18 20:45:47.486,92.0790,,slider,1,0,142.76,96.00,81.00,ACTIVE,NONE,2300,0,D,D,7.10,released,RELEASED
2026-05-18 20:45:47.872,92.4652,,slider,1,0,95.62,104.64,109.20,ACTIVE,NONE,2310,0,D,D,7.10,released,RELEASED
2026-05-18 20:45:48.272,92.8647,,slider,1,0,84.48,91.50,95.80,ACTIVE,NONE,2320,0,D,D,6.95,released,RELEASED
2026-05-18 20:45:48.671,93.2643,,slider,1,0,53.83,59.81,68.40,ACTIVE,NONE,2330,0,D,D,6.60,released,RELEASED
2026-05-18 20:45:49.074,93.6670,,slider,1,0,26.17,32.47,44.80,ACTIVE,NONE,2340,0,D,D,6.40,released,RELEASED
2026-05-18 20:45:49.474,94.0670,,slider,1,0,30.64,31.64,33.80,ACTIVE,NONE,2350,0,D,D,6.40,released,RELEASED
2026-05-18 20:45:49.874,94.4668,,slider,1,0,35.15,36.42,34.60,ACTIVE,NONE,2360,0,D,D,6.25,released,RELEASED
2026-05-18 20:45:50.274,94.8668,,slider,1,0,42.03,41.55,39.70,ACTIVE,NONE,2370,0,D,D,6.25,released,RELEASED
2026-05-18 20:45:50.674,95.2669,,slider,1,0,21.74,32.40,35.70,ACTIVE,NONE,2380,0,D,D,6.25,released,RELEASED
2026-05-18 20:45:51.079,95.6716,,slider,1,0,-39.72,-4.27,10.90,ACTIVE,NONE,2390,0,D,D,6.25,released,RELEASED
2026-05-18 20:45:51.480,96.0730,,slider,1,0,-19.54,-38.99,-36.80,ACTIVE,NONE,2400,0,D,D,6.25,released,RELEASED
2026-05-18 20:45:51.881,96.4737,,slider,1,0,49.05,16.89,1.70,ACTIVE,NONE,2410,0,D,D,6.35,released,RELEASED
2026-05-18 20:45:52.282,96.8746,,slider,1,0,0.00,11.85,29.90,ACTIVE,NONE,2420,0,D,D,6.40,released,RELEASED
2026-05-18 20:45:52.687,97.2795,,slider,1,0,0.00,0.59,2.80,ACTIVE,NONE,2430,0,D,D,6.50,released,RELEASED
2026-05-18 20:45:53.086,97.6793,,slider,1,0,6.48,4.58,0.50,ACTIVE,NONE,2440,0,D,D,6.55,released,RELEASED
2026-05-18 20:45:53.487,98.0795,,slider,1,0,0.00,0.32,1.60,ACTIVE,NONE,2450,0,D,D,6.45,released,RELEASED
2026-05-18 20:45:53.887,98.4794,,slider,1,0,0.00,0.02,0.00,ACTIVE,NONE,2460,0,D,D,6.20,released,RELEASED
2026-05-18 20:45:54.286,98.8792,,slider,1,0,6.48,1.44,-0.10,ACTIVE,NONE,2470,0,D,D,5.90,released,RELEASED
2026-05-18 20:45:54.687,99.2797,,slider,1,0,0.00,0.07,0.10,ACTIVE,NONE,2480,0,D,D,5.70,released,RELEASED
2026-05-18 20:45:55.086,99.6793,,slider,1,0,17.35,4.44,0.10,ACTIVE,NONE,2490,0,D,D,5.45,released,RELEASED
2026-05-18 20:45:55.479,100.0722,,slider,1,0,139.31,53.62,33.60,ACTIVE,NONE,2500,0,D,D,5.30,released,RELEASED
2026-05-18 20:45:55.879,100.4720,,slider,1,0,110.32,104.24,97.00,ACTIVE,NONE,2510,0,D,D,5.15,PRESSED,FAULT
2026-05-18 20:45:56.279,100.8723,,slider,1,0,46.69,65.01,79.20,ACTIVE,NONE,2520,0,D,D,4.60,PRESSED,FAULT
2026-05-18 20:45:56.680,101.2726,,slider,1,0,49.05,45.40,47.20,ACTIVE,NONE,2530,0,D,D,4.05,PRESSED,FAULT
2026-05-18 20:45:57.081,101.6737,,slider,1,0,63.64,65.00,60.40,ACTIVE,NONE,2540,0,D,D,3.20,PRESSED,FAULT
2026-05-18 20:45:57.481,102.0740,,slider,1,0,56.25,66.80,65.60,ACTIVE,NONE,2550,0,D,D,2.30,PRESSED,FAULT
2026-05-18 20:45:57.881,102.4741,,slider,1,0,37.43,47.24,55.00,ACTIVE,NONE,2560,0,D,D,1.35,PRESSED,FAULT
2026-05-18 20:45:58.281,102.8738,,slider,1,0,19.54,33.85,39.10,ACTIVE,NONE,2570,0,D,D,0.60,PRESSED,FAULT
2026-05-18 20:45:58.684,103.2770,,slider,1,0,0.00,4.49,13.90,ACTIVE,NONE,2580,0,D,D,0.15,PRESSED,FAULT
2026-05-18 20:45:59.086,103.6792,,slider,1,0,0.00,0.95,3.10,ACTIVE,NONE,2590,0,D,D,-0.05,PRESSED,FAULT
2026-05-18 20:45:59.486,104.0792,,slider,1,0,0.00,0.61,1.00,ACTIVE,NONE,2600,0,D,D,0.00,PRESSED,FAULT
2026-05-18 20:45:59.886,104.4793,,slider,1,0,0.00,0.70,1.00,ACTIVE,NONE,2610,0,D,D,0.00,PRESSED,FAULT
2026-05-18 20:46:00.287,104.8794,,slider,1,0,0.00,0.03,1.00,ACTIVE,NONE,2620,0,D,D,0.00,PRESSED,FAULT
2026-05-18 20:46:00.686,105.2792,,slider,1,0,0.00,0.00,0.60,ACTIVE,NONE,2630,0,D,D,0.00,PRESSED,FAULT
2026-05-18 20:46:01.086,105.6793,,slider,1,0,0.00,0.00,0.10,ACTIVE,NONE,2640,0,D,D,0.00,PRESSED,FAULT
2026-05-18 20:46:01.486,106.0792,,slider,1,0,0.00,0.00,-0.20,ACTIVE,NONE,2650,0,D,D,0.00,PRESSED,FAULT
2026-05-18 20:46:01.887,106.4797,,slider,1,0,0.00,0.00,-0.20,ACTIVE,NONE,2660,0,D,D,0.00,PRESSED,FAULT
2026-05-18 20:46:02.287,106.8797,,slider,1,0,0.00,0.00,-0.20,ACTIVE,NONE,2670,0,D,D,0.00,PRESSED,FAULT
2026-05-18 20:46:02.686,107.2792,,slider,1,0,0.00,0.00,-0.20,ACTIVE,NONE,2680,0,D,D,0.00,PRESSED,FAULT
2026-05-18 20:46:03.087,107.6796,,slider,1,0,0.00,0.00,-0.20,ACTIVE,NONE,2690,0,D,D,0.00,PRESSED,FAULT
2026-05-18 20:46:03.487,108.0796,,slider,1,0,0.00,0.00,-0.20,ACTIVE,NONE,2700,0,D,D,0.00,PRESSED,FAULT
2026-05-18 20:46:03.887,108.4793,,slider,1,0,0.00,0.00,-0.20,ACTIVE,NONE,2710,0,D,D,0.00,PRESSED,FAULT
2026-05-18 20:46:04.287,108.8796,,slider,1,0,0.00,0.00,-0.20,ACTIVE,NONE,2720,0,D,D,-0.05,PRESSED,FAULT
2026-05-18 20:46:04.687,109.2798,,slider,1,0,0.00,0.00,-0.20,ACTIVE,NONE,2730,0,D,D,-0.05,PRESSED,FAULT
2026-05-18 20:46:05.087,109.6799,,slider,1,0,0.00,0.00,-0.20,ACTIVE,NONE,2740,0,D,D,0.00,PRESSED,FAULT
2026-05-18 20:46:05.487,110.0797,,slider,1,0,0.00,0.00,-0.20,ACTIVE,NONE,2750,0,D,D,0.00,PRESSED,FAULT
2026-05-18 20:46:05.887,110.4798,,slider,1,0,0.00,0.00,-0.20,ACTIVE,NONE,2760,0,D,D,0.00,PRESSED,FAULT
2026-05-18 20:46:06.287,110.8797,,slider,1,0,0.00,0.00,-0.10,ACTIVE,NONE,2770,0,D,D,0.00,PRESSED,FAULT
2026-05-18 20:46:06.687,111.2801,,slider,1,0,0.00,0.00,0.00,ACTIVE,NONE,2780,0,D,D,0.00,PRESSED,FAULT
2026-05-18 20:46:07.087,111.6801,,slider,1,0,0.00,0.00,0.00,ACTIVE,NONE,2790,0,D,D,0.00,PRESSED,FAULT
2026-05-18 20:46:07.487,112.0796,,slider,1,0,0.00,0.00,0.00,ACTIVE,NONE,2800,0,D,D,0.00,PRESSED,FAULT
2026-05-18 20:46:07.887,112.4798,,slider,1,0,0.00,0.00,0.00,ACTIVE,NONE,2810,0,D,D,0.00,PRESSED,FAULT
2026-05-18 20:46:08.287,112.8798,,slider,1,0,0.00,0.00,0.00,ACTIVE,NONE,2820,0,D,D,0.00,PRESSED,FAULT
2026-05-18 20:46:08.687,113.2801,,slider,1,0,0.00,0.00,0.00,ACTIVE,NONE,2830,0,D,D,0.00,PRESSED,FAULT
2026-05-18 20:46:09.087,113.6797,,slider,1,0,0.00,0.00,0.00,ACTIVE,NONE,2840,0,D,D,0.00,PRESSED,FAULT
2026-05-18 20:46:09.487,114.0800,,slider,1,0,0.00,0.00,0.00,ACTIVE,NONE,2850,0,D,D,0.00,PRESSED,FAULT
2026-05-18 20:46:09.888,114.4804,,slider,1,0,0.00,0.00,0.00,ACTIVE,NONE,2860,0,D,D,0.00,PRESSED,FAULT
2026-05-18 20:46:10.287,114.8799,,slider,1,0,0.00,0.00,0.00,ACTIVE,NONE,2870,0,D,D,0.00,PRESSED,FAULT
2026-05-18 20:46:10.687,115.2801,,slider,1,0,0.00,0.00,0.00,ACTIVE,NONE,2880,0,D,D,0.00,PRESSED,FAULT
2026-05-18 20:46:11.088,115.6802,,slider,1,0,0.00,0.00,0.00,ACTIVE,NONE,2890,0,D,D,0.00,PRESSED,FAULT
2026-05-18 20:46:11.487,116.0801,,slider,1,0,0.00,0.00,0.00,ACTIVE,NONE,2900,0,D,D,0.00,PRESSED,FAULT
2026-05-18 20:46:11.887,116.4801,,slider,1,0,0.00,0.00,0.00,ACTIVE,NONE,2910,0,D,D,0.00,PRESSED,FAULT
2026-05-18 20:46:12.288,116.8803,,slider,1,0,0.00,0.00,0.00,ACTIVE,NONE,2920,0,D,D,0.00,PRESSED,FAULT
2026-05-18 20:46:12.687,117.2801,,slider,1,0,0.00,0.00,0.00,ACTIVE,NONE,2930,0,D,D,0.00,PRESSED,FAULT
2026-05-18 20:46:13.088,117.6804,,slider,1,0,0.00,0.00,0.00,ACTIVE,NONE,2940,0,D,D,0.00,PRESSED,FAULT
2026-05-18 20:46:13.488,118.0804,,slider,1,0,0.00,0.00,0.00,ACTIVE,NONE,2950,0,D,D,0.00,PRESSED,FAULT
2026-05-18 20:46:13.888,118.4802,,slider,1,0,0.00,0.00,0.00,ACTIVE,NONE,2960,0,D,D,0.00,PRESSED,FAULT
2026-05-18 20:46:14.288,118.8802,,slider,1,0,0.00,0.00,0.00,ACTIVE,NONE,2970,0,D,D,0.00,PRESSED,FAULT
2026-05-18 20:46:14.688,119.2806,,slider,1,0,0.00,0.00,0.00,ACTIVE,NONE,2980,0,D,D,0.00,PRESSED,FAULT
2026-05-18 20:46:15.088,119.6807,,slider,1,0,0.00,0.00,0.00,ACTIVE,NONE,2990,0,D,D,0.00,PRESSED,FAULT
2026-05-18 20:46:15.488,120.0802,,slider,1,0,0.00,0.00,0.00,ACTIVE,NONE,3000,0,D,D,0.00,PRESSED,FAULT
2026-05-18 20:46:15.888,120.4805,,slider,1,0,0.00,0.00,0.00,ACTIVE,NONE,3010,0,D,D,0.00,PRESSED,FAULT
2026-05-18 20:46:16.288,120.8805,,slider,1,0,0.00,0.00,0.00,ACTIVE,NONE,3020,0,D,D,0.00,PRESSED,FAULT
2026-05-18 20:46:16.672,121.2641,,slider,1,0,0.00,0.00,0.00,ACTIVE,NONE,3030,0,D,D,0.00,PRESSED,FAULT
2026-05-18 20:46:17.071,121.6639,,slider,1,0,0.00,0.00,0.00,ACTIVE,NONE,3040,0,D,D,0.00,PRESSED,FAULT
2026-05-18 20:46:17.472,122.0642,,slider,1,0,0.00,0.00,0.00,ACTIVE,NONE,3050,0,D,D,0.00,PRESSED,FAULT
2026-05-18 20:46:17.872,122.4642,,slider,1,0,0.00,0.00,0.00,ACTIVE,NONE,3060,0,D,D,0.00,PRESSED,FAULT
2026-05-18 20:46:18.272,122.8642,,slider,1,0,0.00,0.00,0.00,ACTIVE,NONE,3070,0,D,D,0.00,PRESSED,FAULT
2026-05-18 20:46:18.672,123.2641,,slider,1,0,0.00,0.00,0.00,ACTIVE,NONE,3080,0,D,D,0.00,PRESSED,FAULT
2026-05-18 20:46:19.077,123.6692,,slider,1,0,0.00,0.00,0.00,ACTIVE,NONE,3090,0,D,D,0.00,PRESSED,FAULT
2026-05-18 20:46:19.477,124.0693,,slider,1,0,0.00,0.00,0.00,ACTIVE,NONE,3100,0,D,D,0.00,PRESSED,FAULT
2026-05-18 20:46:19.877,124.4693,,slider,1,0,0.00,0.00,0.00,ACTIVE,NONE,3110,0,D,D,0.00,PRESSED,FAULT
2026-05-18 20:46:20.277,124.8695,,slider,1,0,0.00,0.00,0.00,ACTIVE,NONE,3120,0,D,D,0.00,PRESSED,FAULT
2026-05-18 20:46:20.677,125.2694,,slider,1,0,0.00,0.00,0.00,ACTIVE,NONE,3130,0,D,D,0.00,PRESSED,FAULT
2026-05-18 20:46:20.975,125.5672,shift_requested:N,slider,1,0,6.48,0.00,0.00,ACTIVE,NONE,3137,0,D,D,0.00,PRESSED,FAULT
2026-05-18 20:46:21.072,125.6649,,slider,1,0,0.00,2.34,0.70,ACTIVE,NONE,3140,0,D,N,0.00,PRESSED,FAULT
2026-05-18 20:46:21.259,125.8518,gear_change:N,slider,1,0,0.00,0.04,1.20,ACTIVE,NONE,3144,0,N,N,0.00,PRESSED,FAULT
2026-05-18 20:46:21.479,126.0719,,slider,1,0,0.00,0.01,1.00,ACTIVE,NONE,3150,0,N,N,0.00,PRESSED,FAULT
2026-05-18 20:46:21.879,126.4717,,slider,1,0,0.00,0.00,0.60,ACTIVE,NONE,3160,0,N,N,0.00,PRESSED,FAULT
2026-05-18 20:46:22.279,126.8717,,slider,1,0,0.00,0.00,0.20,ACTIVE,NONE,3170,0,N,N,0.00,PRESSED,FAULT
2026-05-18 20:46:22.445,127.0378,shift_requested:N,slider,1,0,0.00,0.00,0.20,ACTIVE,NONE,3174,0,N,N,0.00,PRESSED,FAULT
2026-05-18 20:46:22.679,127.2718,,slider,1,0,6.48,1.93,0.20,ACTIVE,NONE,3180,0,N,N,0.00,PRESSED,FAULT
2026-05-18 20:46:23.079,127.6715,,slider,1,0,0.00,0.14,0.20,ACTIVE,NONE,3190,0,N,N,0.00,PRESSED,FAULT
2026-05-18 20:46:23.480,128.0722,,slider,1,0,0.00,0.01,0.20,ACTIVE,NONE,3200,0,N,N,0.00,PRESSED,FAULT
2026-05-18 20:46:23.633,128.2255,shift_requested:N,slider,1,0,0.00,0.00,0.20,ACTIVE,NONE,3203,0,N,N,0.00,PRESSED,FAULT
2026-05-18 20:46:23.879,128.4719,,slider,1,0,6.48,3.81,1.80,ACTIVE,NONE,3210,0,N,N,0.00,PRESSED,FAULT
2026-05-18 20:46:24.279,128.8718,,slider,1,0,0.00,0.36,2.00,ACTIVE,NONE,3220,0,N,N,0.00,PRESSED,FAULT
2026-05-18 20:46:24.679,129.2718,,slider,1,0,0.00,0.02,0.90,ACTIVE,NONE,3230,0,N,N,0.00,PRESSED,FAULT
2026-05-18 20:46:25.079,129.6718,,slider,1,0,0.00,0.00,0.30,ACTIVE,NONE,3240,0,N,N,0.00,PRESSED,FAULT
2026-05-18 20:46:25.480,130.0721,,slider,1,0,0.00,0.00,0.10,ACTIVE,NONE,3250,0,N,N,0.00,PRESSED,FAULT
2026-05-18 20:46:25.880,130.4720,,slider,1,0,0.00,0.00,-0.20,ACTIVE,NONE,3260,0,N,N,0.00,PRESSED,FAULT
2026-05-18 20:46:26.280,130.8721,,slider,1,0,0.00,0.00,-0.20,ACTIVE,NONE,3270,0,N,N,0.00,PRESSED,FAULT
2026-05-18 20:46:26.403,130.9955,shift_requested:N,slider,1,0,6.48,1.44,-0.20,ACTIVE,NONE,3273,0,N,N,0.00,PRESSED,FAULT
2026-05-18 20:46:26.680,131.2720,,slider,1,0,0.00,1.25,0.20,ACTIVE,NONE,3280,0,N,N,0.00,PRESSED,FAULT
2026-05-18 20:46:27.070,131.6623,shift_requested:R,slider,1,0,0.00,2.43,0.40,ACTIVE,NONE,3289,0,N,N,0.00,PRESSED,FAULT
2026-05-18 20:46:27.080,131.6728,,slider,1,0,0.00,2.43,0.70,ACTIVE,NONE,3290,0,N,N,0.00,PRESSED,FAULT
2026-05-18 20:46:27.115,131.7078,gear_change:R,slider,1,0,0.00,0.79,1.00,ACTIVE,NONE,3291,0,R,R,0.00,PRESSED,FAULT
2026-05-18 20:46:27.481,132.0736,,slider,1,0,0.00,0.75,1.10,ACTIVE,NONE,3300,0,R,R,0.00,PRESSED,FAULT
2026-05-18 20:46:27.881,132.4734,,slider,1,0,0.00,0.04,0.80,ACTIVE,NONE,3310,0,R,R,0.00,PRESSED,FAULT
2026-05-18 20:46:28.281,132.8735,,slider,1,0,0.00,0.00,0.50,ACTIVE,NONE,3320,0,R,R,0.00,PRESSED,FAULT
2026-05-18 20:46:28.681,133.2736,,slider,1,0,0.00,0.00,0.20,ACTIVE,NONE,3330,0,R,R,-0.30,released,RELEASED
2026-05-18 20:46:29.081,133.6736,,slider,1,0,0.00,0.00,-0.80,ACTIVE,NONE,3340,0,R,R,-0.35,released,RELEASED
2026-05-18 20:46:29.481,134.0736,,slider,1,0,0.00,0.06,-1.80,ACTIVE,NONE,3350,0,R,R,-0.85,released,RELEASED
2026-05-18 20:46:29.881,134.4732,,slider,1,0,23.95,11.46,1.70,ACTIVE,NONE,3360,0,R,R,-1.30,released,RELEASED
2026-05-18 20:46:30.285,134.8770,,slider,1,0,87.21,68.32,48.90,ACTIVE,NONE,3370,0,R,R,-1.60,released,RELEASED
2026-05-18 20:46:30.687,135.2795,,slider,1,0,101.39,96.38,88.40,ACTIVE,NONE,3380,0,R,R,-1.80,released,RELEASED
2026-05-18 20:46:31.071,135.6631,,slider,1,0,164.45,133.23,121.60,ACTIVE,NONE,3390,0,R,R,-2.00,released,RELEASED
2026-05-18 20:46:31.471,136.0634,,slider,1,0,353.56,205.23,184.20,ACTIVE,NONE,3400,0,R,R,-2.20,released,RELEASED
2026-05-18 20:46:31.871,136.4632,,slider,1,0,353.56,277.23,255.90,ACTIVE,NONE,3410,0,R,R,-2.35,released,RELEASED
2026-05-18 20:46:32.271,136.8630,,slider,1,0,353.56,349.23,327.20,ACTIVE,NONE,3420,0,R,R,-2.30,released,RELEASED
2026-05-18 20:46:32.671,137.2636,,slider,1,0,353.56,356.74,353.70,ACTIVE,NONE,3430,0,R,R,-2.00,PRESSED,FAULT
2026-05-18 20:46:33.071,137.6633,,slider,1,0,353.56,354.16,356.40,ACTIVE,NONE,3440,0,R,R,-1.35,PRESSED,FAULT
2026-05-18 20:46:33.471,138.0634,,slider,1,0,353.56,352.19,354.90,ACTIVE,NONE,3450,0,R,R,-1.05,released,RELEASED
2026-05-18 20:46:33.874,138.4658,,slider,1,0,347.21,353.50,353.40,ACTIVE,NONE,3460,0,R,R,-0.95,PRESSED,FAULT
2026-05-18 20:46:34.274,138.8665,,slider,1,0,353.56,353.42,352.50,ACTIVE,NONE,3470,0,R,R,-0.90,released,RELEASED
2026-05-18 20:46:34.674,139.2662,,slider,1,0,347.21,353.41,352.50,ACTIVE,NONE,3480,0,R,R,-0.95,released,RELEASED
2026-05-18 20:46:35.079,139.6713,,slider,1,0,360.00,353.38,352.60,ACTIVE,NONE,3490,0,R,R,-0.90,PRESSED,FAULT
2026-05-18 20:46:35.479,140.0715,,slider,1,0,353.56,353.70,353.60,ACTIVE,NONE,3500,0,R,R,-0.80,released,RELEASED
2026-05-18 20:46:35.881,140.4728,,slider,1,0,353.56,353.44,353.70,ACTIVE,NONE,3510,0,R,R,-0.80,released,RELEASED
2026-05-18 20:46:36.280,140.8726,,slider,1,0,353.56,353.24,353.70,ACTIVE,NONE,3520,0,R,R,-0.90,released,RELEASED
2026-05-18 20:46:36.680,141.2724,,slider,1,0,353.56,353.55,353.70,ACTIVE,NONE,3530,0,R,R,-0.80,PRESSED,FAULT
2026-05-18 20:46:37.081,141.6729,,slider,1,0,347.21,353.56,353.70,ACTIVE,NONE,3540,0,R,R,-0.50,PRESSED,FAULT
2026-05-18 20:46:37.481,142.0731,,slider,1,0,353.56,353.14,352.70,ACTIVE,NONE,3550,0,R,R,-0.15,PRESSED,FAULT
2026-05-18 20:46:37.881,142.4729,,slider,1,0,353.56,353.71,352.80,ACTIVE,NONE,3560,0,R,R,0.00,PRESSED,FAULT
2026-05-18 20:46:38.281,142.8730,,slider,1,0,353.56,353.26,353.00,ACTIVE,NONE,3570,0,R,R,0.00,PRESSED,FAULT
2026-05-18 20:46:38.680,143.2726,,slider,1,0,353.56,353.36,353.30,ACTIVE,NONE,3580,0,R,R,0.00,PRESSED,FAULT
2026-05-18 20:46:39.080,143.6726,,slider,1,0,347.21,353.41,353.30,ACTIVE,NONE,3590,0,R,R,0.00,PRESSED,FAULT
2026-05-18 20:46:39.481,144.0728,,slider,1,0,353.56,354.42,353.30,ACTIVE,NONE,3600,0,R,R,0.00,PRESSED,FAULT
2026-05-18 20:46:39.881,144.4727,,slider,1,0,353.56,354.36,353.40,ACTIVE,NONE,3610,0,R,R,0.00,PRESSED,FAULT
2026-05-18 20:46:40.281,144.8728,,slider,1,0,353.56,353.02,353.60,ACTIVE,NONE,3620,0,R,R,0.00,PRESSED,FAULT
2026-05-18 20:46:40.681,145.2728,,slider,1,0,8.65,335.01,351.60,ACTIVE,NONE,3630,0,R,R,0.00,PRESSED,FAULT
2026-05-18 20:46:41.082,145.6739,,slider,1,0,0.00,263.01,290.70,ACTIVE,NONE,3640,0,R,R,0.00,PRESSED,FAULT
2026-05-18 20:46:41.483,146.0748,,slider,1,0,0.00,191.01,214.70,ACTIVE,NONE,3650,0,R,R,0.00,PRESSED,FAULT
2026-05-18 20:46:41.882,146.4742,,slider,1,0,0.00,119.01,141.80,ACTIVE,NONE,3660,0,R,R,0.00,PRESSED,FAULT
2026-05-18 20:46:42.287,146.8789,,slider,1,0,0.00,47.01,69.70,ACTIVE,NONE,3670,0,R,R,0.00,PRESSED,FAULT
2026-05-18 20:46:42.688,147.2801,,slider,1,0,0.00,0.00,5.10,ACTIVE,NONE,3680,0,R,R,0.00,PRESSED,FAULT
2026-05-18 20:46:43.088,147.6799,,slider,1,0,0.00,0.00,0.50,ACTIVE,NONE,3690,0,R,R,0.00,PRESSED,FAULT
2026-05-18 20:46:43.488,148.0799,,slider,1,0,0.00,0.00,0.10,ACTIVE,NONE,3700,0,R,R,0.00,PRESSED,FAULT
2026-05-18 20:46:43.888,148.4801,,slider,1,0,0.00,0.00,-0.30,ACTIVE,NONE,3710,0,R,R,0.00,PRESSED,FAULT
2026-05-18 20:46:44.288,148.8800,,slider,1,0,0.00,0.00,-0.30,ACTIVE,NONE,3720,0,R,R,0.00,PRESSED,FAULT
2026-05-18 20:46:44.688,149.2800,,slider,1,0,0.00,0.00,-0.30,ACTIVE,NONE,3730,0,R,R,0.00,PRESSED,FAULT
2026-05-18 20:46:45.088,149.6803,,slider,1,0,0.00,0.00,-0.30,ACTIVE,NONE,3740,0,R,R,0.00,PRESSED,FAULT
2026-05-18 20:46:45.488,150.0800,,slider,1,0,0.00,0.00,-0.30,ACTIVE,NONE,3750,0,R,R,0.00,PRESSED,FAULT
2026-05-18 20:46:45.888,150.4801,,slider,1,0,0.00,0.00,-0.30,ACTIVE,NONE,3760,0,R,R,0.00,PRESSED,FAULT
2026-05-18 20:46:46.288,150.8803,,slider,1,0,0.00,0.00,-0.30,ACTIVE,NONE,3770,0,R,R,0.00,PRESSED,FAULT
2026-05-18 20:46:46.688,151.2802,,slider,1,0,0.00,0.00,-0.30,ACTIVE,NONE,3780,0,R,R,0.00,PRESSED,FAULT
2026-05-18 20:46:47.088,151.6801,,slider,1,0,0.00,0.00,-0.30,ACTIVE,NONE,3790,0,R,R,0.00,PRESSED,FAULT
2026-05-18 20:46:47.488,152.0802,,slider,1,0,0.00,0.00,-0.10,ACTIVE,NONE,3800,0,R,R,0.00,PRESSED,FAULT
2026-05-18 20:46:47.888,152.4803,,slider,1,0,0.00,0.00,-0.10,ACTIVE,NONE,3810,0,R,R,0.00,PRESSED,FAULT
2026-05-18 20:46:48.288,152.8802,,slider,1,0,0.00,0.00,0.00,ACTIVE,NONE,3820,0,R,R,0.00,PRESSED,FAULT
2026-05-18 20:46:48.688,153.2804,,slider,1,0,0.00,0.00,0.00,ACTIVE,NONE,3830,0,R,R,0.00,PRESSED,FAULT
2026-05-18 20:46:49.088,153.6804,,slider,1,0,0.00,0.00,0.00,ACTIVE,NONE,3840,0,R,R,0.00,PRESSED,FAULT
2026-05-18 20:46:49.488,154.0803,,slider,1,0,0.00,0.00,0.00,ACTIVE,NONE,3850,0,R,R,0.00,PRESSED,FAULT
2026-05-18 20:46:49.889,154.4806,,slider,1,0,0.00,0.00,0.00,ACTIVE,NONE,3860,0,R,R,0.00,PRESSED,FAULT
2026-05-18 20:46:50.288,154.8805,,slider,1,0,0.00,0.00,0.00,ACTIVE,NONE,3870,0,R,R,0.00,PRESSED,FAULT
2026-05-18 20:46:50.688,155.2804,,slider,1,0,0.00,0.00,0.00,ACTIVE,NONE,3880,0,R,R,0.00,PRESSED,FAULT
2026-05-18 20:46:51.089,155.6807,,slider,1,0,0.00,0.00,0.00,ACTIVE,NONE,3890,0,R,R,0.00,PRESSED,FAULT
2026-05-18 20:46:51.489,156.0805,,slider,1,0,0.00,0.00,0.00,ACTIVE,NONE,3900,0,R,R,0.00,PRESSED,FAULT
2026-05-18 20:46:51.889,156.4805,,slider,1,0,0.00,0.00,0.00,ACTIVE,NONE,3910,0,R,R,0.00,PRESSED,FAULT
2026-05-18 20:46:52.289,156.8806,,slider,1,0,0.00,0.00,0.00,ACTIVE,NONE,3920,0,R,R,0.00,PRESSED,FAULT
2026-05-18 20:46:52.689,157.2807,,slider,1,0,0.00,0.00,0.00,ACTIVE,NONE,3930,0,R,R,0.00,PRESSED,FAULT
2026-05-18 20:46:53.089,157.6807,,slider,1,0,0.00,0.00,0.00,ACTIVE,NONE,3940,0,R,R,0.00,PRESSED,FAULT
2026-05-18 20:46:53.489,158.0807,,slider,1,0,360.00,21.84,3.50,ACTIVE,NONE,3950,0,R,R,0.00,PRESSED,FAULT
2026-05-18 20:46:53.874,158.4655,,slider,1,0,360.00,87.84,62.50,ACTIVE,NONE,3960,0,R,R,0.00,PRESSED,FAULT
2026-05-18 20:46:54.280,158.8715,,slider,1,0,354.84,159.84,136.00,ACTIVE,NONE,3970,0,R,R,0.00,PRESSED,FAULT
2026-05-18 20:46:54.680,159.2718,,slider,1,0,354.84,231.84,208.90,ACTIVE,NONE,3980,0,R,R,0.00,PRESSED,FAULT
2026-05-18 20:46:55.080,159.6715,,slider,1,0,349.74,303.84,280.70,ACTIVE,NONE,3990,0,R,R,0.00,PRESSED,FAULT
2026-05-18 20:46:55.480,160.0717,,slider,1,0,354.84,354.16,346.30,ACTIVE,NONE,4000,0,R,R,0.00,PRESSED,FAULT
2026-05-18 20:46:55.880,160.4718,,slider,1,0,354.84,354.09,353.00,ACTIVE,NONE,4010,0,R,R,0.00,PRESSED,FAULT
2026-05-18 20:46:56.280,160.8717,,slider,1,0,354.84,354.07,354.40,ACTIVE,NONE,4020,0,R,R,0.00,PRESSED,FAULT
2026-05-18 20:46:56.680,161.2717,,slider,1,0,354.84,353.86,354.40,ACTIVE,NONE,4030,0,R,R,0.00,PRESSED,FAULT
2026-05-18 20:46:57.080,161.6718,,slider,1,0,349.74,354.19,354.40,ACTIVE,NONE,4040,0,R,R,0.00,PRESSED,FAULT
2026-05-18 20:46:57.480,162.0720,,slider,1,0,354.84,354.43,354.40,ACTIVE,NONE,4050,0,R,R,0.00,PRESSED,FAULT
2026-05-18 20:46:57.880,162.4719,,slider,1,0,354.84,352.66,354.40,ACTIVE,NONE,4060,0,R,R,0.00,PRESSED,FAULT
2026-05-18 20:46:58.280,162.8720,,slider,1,0,349.74,353.79,354.40,ACTIVE,NONE,4070,0,R,R,0.00,PRESSED,FAULT
2026-05-18 20:46:58.681,163.2725,,slider,1,0,349.74,353.00,353.20,ACTIVE,NONE,4080,0,R,R,0.00,PRESSED,FAULT
2026-05-18 20:46:59.080,163.6718,,slider,1,0,354.84,354.59,353.00,ACTIVE,NONE,4090,0,R,R,0.00,PRESSED,FAULT
2026-05-18 20:46:59.481,164.0724,,slider,1,0,354.84,354.14,353.00,ACTIVE,NONE,4100,0,R,R,0.00,PRESSED,FAULT
2026-05-18 20:46:59.880,164.4719,,slider,1,0,354.84,354.81,353.50,ACTIVE,NONE,4110,0,R,R,0.00,PRESSED,FAULT
2026-05-18 20:47:00.281,164.8725,,slider,1,0,354.84,353.84,353.70,ACTIVE,NONE,4120,0,R,R,0.00,PRESSED,FAULT
2026-05-18 20:47:00.680,165.2718,,slider,1,0,354.84,352.00,353.60,ACTIVE,NONE,4130,0,R,R,0.00,PRESSED,FAULT
2026-05-18 20:47:01.081,165.6725,,slider,1,0,354.84,354.20,353.60,ACTIVE,NONE,4140,0,R,R,0.00,PRESSED,FAULT
2026-05-18 20:47:01.481,166.0730,,slider,1,0,354.84,354.54,353.60,ACTIVE,NONE,4150,0,R,R,0.00,PRESSED,FAULT
2026-05-18 20:47:01.881,166.4725,,slider,1,0,354.84,354.09,353.60,ACTIVE,NONE,4160,0,R,R,0.00,PRESSED,FAULT
2026-05-18 20:47:02.280,166.8723,,slider,1,0,349.74,354.14,353.60,ACTIVE,NONE,4170,0,R,R,0.00,PRESSED,FAULT
2026-05-18 20:47:02.681,167.2723,,slider,1,0,354.84,354.85,354.30,ACTIVE,NONE,4180,0,R,R,0.00,PRESSED,FAULT
2026-05-18 20:47:03.080,167.6719,,slider,1,0,354.84,353.55,354.40,ACTIVE,NONE,4190,0,R,R,0.00,PRESSED,FAULT
2026-05-18 20:47:03.481,168.0730,,slider,1,0,354.84,353.99,354.40,ACTIVE,NONE,4200,0,R,R,0.00,PRESSED,FAULT
2026-05-18 20:47:03.880,168.4719,,slider,1,0,354.84,353.90,354.40,ACTIVE,NONE,4210,0,R,R,0.00,PRESSED,FAULT
2026-05-18 20:47:04.281,168.8723,,slider,1,0,349.74,354.15,354.40,ACTIVE,NONE,4220,0,R,R,0.00,PRESSED,FAULT
2026-05-18 20:47:04.681,169.2725,,slider,1,0,354.84,352.30,354.30,ACTIVE,NONE,4230,0,R,R,0.00,PRESSED,FAULT
2026-05-18 20:47:05.081,169.6724,,slider,1,0,354.84,353.86,354.00,ACTIVE,NONE,4240,0,R,R,0.00,PRESSED,FAULT
2026-05-18 20:47:05.481,170.0729,,slider,1,0,349.74,353.32,354.00,ACTIVE,NONE,4250,0,R,R,0.00,PRESSED,FAULT
2026-05-18 20:47:05.881,170.4724,,slider,1,0,354.84,353.62,353.90,ACTIVE,NONE,4260,0,R,R,0.00,PRESSED,FAULT
2026-05-18 20:47:06.281,170.8725,,slider,1,0,354.84,352.88,353.90,ACTIVE,NONE,4270,0,R,R,0.00,PRESSED,FAULT
2026-05-18 20:47:06.681,171.2723,,slider,1,0,349.74,352.29,353.20,ACTIVE,NONE,4280,0,R,R,0.00,PRESSED,FAULT
2026-05-18 20:47:07.081,171.6722,,slider,1,0,349.74,354.42,353.10,ACTIVE,NONE,4290,0,R,R,0.00,PRESSED,FAULT
2026-05-18 20:47:07.481,172.0728,,slider,1,0,354.84,354.06,353.10,ACTIVE,NONE,4300,0,R,R,0.00,PRESSED,FAULT
2026-05-18 20:47:07.881,172.4723,,slider,1,0,354.84,353.03,353.10,ACTIVE,NONE,4310,0,R,R,0.00,PRESSED,FAULT
2026-05-18 20:47:08.281,172.8726,,slider,1,0,349.78,349.41,353.00,ACTIVE,NONE,4320,0,R,R,0.00,PRESSED,FAULT
2026-05-18 20:47:08.681,173.2728,,slider,1,0,344.75,348.57,350.10,ACTIVE,NONE,4330,0,R,R,0.00,PRESSED,FAULT
2026-05-18 20:47:09.081,173.6728,,slider,1,0,349.78,349.11,348.10,ACTIVE,NONE,4340,0,R,R,0.00,PRESSED,FAULT
2026-05-18 20:47:09.481,174.0728,,slider,1,0,349.78,348.30,348.20,ACTIVE,NONE,4350,0,R,R,0.00,PRESSED,FAULT
2026-05-18 20:47:09.881,174.4729,,slider,1,0,344.75,348.47,348.40,ACTIVE,NONE,4360,0,R,R,0.00,PRESSED,FAULT
2026-05-18 20:47:10.281,174.8727,,slider,1,0,349.78,347.54,348.40,ACTIVE,NONE,4370,0,R,R,0.00,PRESSED,FAULT
2026-05-18 20:47:10.681,175.2731,,slider,1,0,349.78,347.06,348.00,ACTIVE,NONE,4380,0,R,R,0.00,PRESSED,FAULT
2026-05-18 20:47:11.081,175.6729,,slider,1,0,349.78,348.31,347.90,ACTIVE,NONE,4390,0,R,R,0.00,PRESSED,FAULT
2026-05-18 20:47:11.481,176.0730,,slider,1,0,349.78,349.30,347.90,ACTIVE,NONE,4400,0,R,R,0.00,PRESSED,FAULT
2026-05-18 20:47:11.881,176.4728,,slider,1,0,349.78,347.06,347.90,ACTIVE,NONE,4410,0,R,R,0.00,PRESSED,FAULT
2026-05-18 20:47:12.281,176.8730,,slider,1,0,349.78,349.53,348.00,ACTIVE,NONE,4420,0,R,R,0.00,PRESSED,FAULT
2026-05-18 20:47:12.681,177.2729,,slider,1,0,349.78,348.65,348.60,ACTIVE,NONE,4430,0,R,R,0.00,PRESSED,FAULT
2026-05-18 20:47:13.081,177.6731,,slider,1,0,344.75,348.09,348.60,ACTIVE,NONE,4440,0,R,R,0.00,PRESSED,FAULT
2026-05-18 20:47:13.482,178.0736,,slider,1,0,349.78,348.60,348.60,ACTIVE,NONE,4450,0,R,R,0.00,PRESSED,FAULT
2026-05-18 20:47:13.882,178.4733,,slider,1,0,349.78,349.57,348.70,ACTIVE,NONE,4460,0,R,R,0.00,PRESSED,FAULT
2026-05-18 20:47:14.283,178.8750,,slider,1,0,349.78,349.62,350.80,ACTIVE,NONE,4470,0,R,R,-0.10,released,RELEASED
2026-05-18 20:47:14.683,179.2748,,slider,1,0,349.78,349.46,350.80,ACTIVE,NONE,4480,0,R,R,-0.25,released,RELEASED
2026-05-18 20:47:15.084,179.6752,,slider,1,0,349.78,349.18,350.30,ACTIVE,NONE,4490,0,R,R,-0.30,PRESSED,FAULT
2026-05-18 20:47:15.488,180.0797,,slider,1,0,349.78,348.91,348.60,ACTIVE,NONE,4500,0,R,R,-0.20,released,RELEASED
2026-05-18 20:47:15.888,180.4798,,slider,1,0,349.78,349.04,348.60,ACTIVE,NONE,4510,0,R,R,-0.05,released,RELEASED
2026-05-18 20:47:16.288,180.8797,,slider,1,0,349.78,349.71,348.80,ACTIVE,NONE,4520,0,R,R,-0.05,released,RELEASED
2026-05-18 20:47:16.689,181.2801,,slider,1,0,349.78,348.78,348.80,ACTIVE,NONE,4530,0,R,R,-0.10,released,RELEASED
2026-05-18 20:47:17.072,181.6632,,slider,1,0,349.78,348.04,348.80,ACTIVE,NONE,4540,0,R,R,-0.05,PRESSED,FAULT
2026-05-18 20:47:17.472,182.0636,,slider,1,0,344.75,349.12,348.70,ACTIVE,NONE,4550,0,R,R,0.05,PRESSED,FAULT
2026-05-18 20:47:17.872,182.4635,,slider,1,0,-43.24,300.70,324.90,ACTIVE,NONE,4560,0,R,R,0.05,PRESSED,FAULT
2026-05-18 20:47:18.272,182.8635,,slider,1,0,360.00,230.13,252.90,ACTIVE,NONE,4570,0,R,R,0.00,PRESSED,FAULT
2026-05-18 20:47:18.672,183.2635,,slider,1,0,349.78,302.13,276.20,ACTIVE,NONE,4580,0,R,R,0.00,PRESSED,FAULT
2026-05-18 20:47:19.072,183.6636,,slider,1,0,344.75,349.34,338.50,ACTIVE,NONE,4590,0,R,R,0.00,PRESSED,FAULT
2026-05-18 20:47:19.473,184.0647,,slider,1,0,349.78,348.18,347.60,ACTIVE,NONE,4600,0,R,R,0.00,PRESSED,FAULT
2026-05-18 20:47:19.873,184.4642,,slider,1,0,349.78,347.88,348.90,ACTIVE,NONE,4610,0,R,R,0.00,PRESSED,FAULT
2026-05-18 20:47:20.273,184.8642,,slider,1,0,349.78,348.30,349.20,ACTIVE,NONE,4620,0,R,R,0.00,PRESSED,FAULT
2026-05-18 20:47:20.673,185.2644,,slider,1,0,349.78,348.33,349.20,ACTIVE,NONE,4630,0,R,R,0.00,PRESSED,FAULT
2026-05-18 20:47:21.073,185.6642,,slider,1,0,349.78,347.50,349.10,ACTIVE,NONE,4640,0,R,R,0.00,PRESSED,FAULT
2026-05-18 20:47:21.473,186.0647,,slider,1,0,349.78,349.55,349.10,ACTIVE,NONE,4650,0,R,R,0.00,PRESSED,FAULT
2026-05-18 20:47:21.876,186.4678,,slider,1,0,349.78,344.51,343.10,ACTIVE,NONE,4660,0,R,R,0.00,PRESSED,FAULT
2026-05-18 20:47:22.277,186.8680,,slider,1,0,349.78,349.52,346.90,ACTIVE,NONE,4670,0,R,R,0.10,PRESSED,FAULT
2026-05-18 20:47:22.676,187.2680,,slider,1,0,349.78,346.71,348.00,ACTIVE,NONE,4680,0,R,R,0.10,PRESSED,FAULT
2026-05-18 20:47:23.077,187.6680,,slider,1,0,349.78,347.37,348.00,ACTIVE,NONE,4690,0,R,R,0.10,released,RELEASED
2026-05-18 20:47:23.477,188.0684,,slider,1,0,349.78,346.28,348.00,ACTIVE,NONE,4700,0,R,R,-0.15,released,RELEASED
2026-05-18 20:47:23.877,188.4683,,slider,1,0,349.78,348.29,348.00,ACTIVE,NONE,4710,0,R,R,-0.35,released,RELEASED
2026-05-18 20:47:24.277,188.8683,,slider,1,0,349.78,349.32,349.90,ACTIVE,NONE,4720,0,R,R,-0.35,released,RELEASED
2026-05-18 20:47:24.677,189.2685,,slider,1,0,344.75,348.89,349.90,ACTIVE,NONE,4730,0,R,R,-0.35,released,RELEASED
2026-05-18 20:47:25.077,189.6682,,slider,1,0,344.75,347.89,348.90,ACTIVE,NONE,4740,0,R,R,-0.35,released,RELEASED
2026-05-18 20:47:25.477,190.0687,,slider,1,0,349.78,349.47,348.40,ACTIVE,NONE,4750,0,R,R,-0.30,released,RELEASED
2026-05-18 20:47:25.877,190.4682,,slider,1,0,349.78,349.07,348.40,ACTIVE,NONE,4760,0,R,R,-0.15,released,RELEASED
2026-05-18 20:47:26.277,190.8684,,slider,1,0,344.75,348.25,348.60,ACTIVE,NONE,4770,0,R,R,-0.30,released,RELEASED
2026-05-18 20:47:26.677,191.2684,,slider,1,0,349.78,349.35,348.60,ACTIVE,NONE,4780,0,R,R,-0.30,released,RELEASED
2026-05-18 20:47:27.077,191.6687,,slider,1,0,349.78,349.76,349.00,ACTIVE,NONE,4790,0,R,R,-0.20,released,RELEASED
2026-05-18 20:47:27.478,192.0694,,slider,1,0,349.78,348.91,349.10,ACTIVE,NONE,4800,0,R,R,0.00,released,RELEASED
2026-05-18 20:47:27.882,192.4733,,slider,1,0,349.78,349.18,349.10,ACTIVE,NONE,4810,0,R,R,0.05,PRESSED,FAULT
2026-05-18 20:47:28.282,192.8738,,slider,1,0,349.78,348.84,349.10,ACTIVE,NONE,4820,0,R,R,0.05,PRESSED,FAULT
2026-05-18 20:47:28.682,193.2738,,slider,1,0,349.78,348.21,349.10,ACTIVE,NONE,4830,0,R,R,0.00,PRESSED,FAULT
2026-05-18 20:47:29.082,193.6739,,slider,1,0,349.78,349.55,349.10,ACTIVE,NONE,4840,0,R,R,0.00,PRESSED,FAULT
2026-05-18 20:47:29.482,194.0737,,slider,1,0,349.78,346.62,348.90,ACTIVE,NONE,4850,0,R,R,0.00,PRESSED,FAULT
2026-05-18 20:47:29.882,194.4736,,slider,1,0,349.78,348.99,348.30,ACTIVE,NONE,4860,0,R,R,0.00,PRESSED,FAULT
2026-05-18 20:47:30.282,194.8739,,slider,1,0,349.78,348.90,348.30,ACTIVE,NONE,4870,0,R,R,0.00,PRESSED,FAULT
2026-05-18 20:47:30.683,195.2741,,slider,1,0,349.78,349.33,348.60,ACTIVE,NONE,4880,0,R,R,0.00,PRESSED,FAULT
2026-05-18 20:47:31.082,195.6738,,slider,1,0,349.78,349.00,349.00,ACTIVE,NONE,4890,0,R,R,0.00,PRESSED,FAULT
2026-05-18 20:47:31.482,196.0738,,slider,1,0,349.78,349.54,349.30,ACTIVE,NONE,4900,0,R,R,0.00,PRESSED,FAULT
2026-05-18 20:47:31.883,196.4740,,slider,1,0,349.78,349.74,349.60,ACTIVE,NONE,4910,0,R,R,0.00,PRESSED,FAULT
2026-05-18 20:47:32.283,196.8746,,slider,1,0,349.78,349.72,349.60,ACTIVE,NONE,4920,0,R,R,0.00,PRESSED,FAULT
2026-05-18 20:47:32.683,197.2739,,slider,1,0,344.75,347.12,349.70,ACTIVE,NONE,4930,0,R,R,0.00,PRESSED,FAULT
2026-05-18 20:47:33.083,197.6739,,slider,1,0,349.78,349.14,349.60,ACTIVE,NONE,4940,0,R,R,0.00,PRESSED,FAULT
2026-05-18 20:47:33.482,198.0738,,slider,1,0,349.78,349.22,348.70,ACTIVE,NONE,4950,0,R,R,0.00,PRESSED,FAULT
2026-05-18 20:47:33.883,198.4744,,slider,1,0,349.78,349.08,348.80,ACTIVE,NONE,4960,0,R,R,0.00,PRESSED,FAULT
2026-05-18 20:47:34.283,198.8740,,slider,1,0,344.75,348.56,349.10,ACTIVE,NONE,4970,0,R,R,0.00,PRESSED,FAULT
2026-05-18 20:47:34.683,199.2741,,slider,1,0,349.78,349.57,349.10,ACTIVE,NONE,4980,0,R,R,0.00,PRESSED,FAULT
2026-05-18 20:47:35.083,199.6740,,slider,1,0,344.75,348.74,349.10,ACTIVE,NONE,4990,0,R,R,0.00,PRESSED,FAULT
2026-05-18 20:47:35.483,200.0743,,slider,1,0,354.86,348.65,349.10,ACTIVE,NONE,5000,0,R,R,0.00,PRESSED,FAULT
2026-05-18 20:47:35.883,200.4739,,slider,1,0,349.78,349.65,349.30,ACTIVE,NONE,5010,0,R,R,0.00,PRESSED,FAULT
2026-05-18 20:47:36.283,200.8741,,slider,1,0,344.75,348.87,349.40,ACTIVE,NONE,5020,0,R,R,0.00,PRESSED,FAULT
2026-05-18 20:47:36.683,201.2741,,slider,1,0,349.78,349.15,349.40,ACTIVE,NONE,5030,0,R,R,0.00,PRESSED,FAULT
2026-05-18 20:47:37.083,201.6740,,slider,1,0,354.86,347.99,349.50,ACTIVE,NONE,5040,0,R,R,0.00,PRESSED,FAULT
2026-05-18 20:47:37.483,202.0746,,slider,1,0,349.78,348.68,348.90,ACTIVE,NONE,5050,0,R,R,0.00,PRESSED,FAULT
2026-05-18 20:47:37.883,202.4743,,slider,1,0,349.78,349.73,348.90,ACTIVE,NONE,5060,0,R,R,0.00,PRESSED,FAULT
2026-05-18 20:47:38.283,202.8743,,slider,1,0,349.78,348.32,349.10,ACTIVE,NONE,5070,0,R,R,0.00,PRESSED,FAULT
2026-05-18 20:47:38.683,203.2742,,slider,1,0,349.78,346.07,348.20,ACTIVE,NONE,5080,0,R,R,0.00,PRESSED,FAULT
2026-05-18 20:47:39.083,203.6744,,slider,1,0,344.75,347.56,347.90,ACTIVE,NONE,5090,0,R,R,0.00,PRESSED,FAULT
2026-05-18 20:47:39.483,204.0742,,slider,1,0,349.78,349.38,348.20,ACTIVE,NONE,5100,0,R,R,0.00,PRESSED,FAULT
2026-05-18 20:47:39.883,204.4747,,slider,1,0,349.78,348.33,348.60,ACTIVE,NONE,5110,0,R,R,0.00,PRESSED,FAULT
2026-05-18 20:47:40.283,204.8745,,slider,1,0,344.75,347.06,348.30,ACTIVE,NONE,5120,0,R,R,0.00,PRESSED,FAULT
2026-05-18 20:47:40.683,205.2746,,slider,1,0,349.78,348.08,347.80,ACTIVE,NONE,5130,0,R,R,0.00,PRESSED,FAULT
2026-05-18 20:47:41.084,205.6748,,slider,1,0,349.78,348.68,347.90,ACTIVE,NONE,5140,0,R,R,-0.10,released,RELEASED
2026-05-18 20:47:41.483,206.0747,,slider,1,0,349.78,349.23,348.20,ACTIVE,NONE,5150,0,R,R,-0.15,released,RELEASED
2026-05-18 20:47:41.883,206.4747,,slider,1,0,349.78,349.21,348.80,ACTIVE,NONE,5160,0,R,R,-0.40,released,RELEASED
2026-05-18 20:47:42.284,206.8748,,slider,1,0,344.75,348.68,348.80,ACTIVE,NONE,5170,0,R,R,-0.65,released,RELEASED
2026-05-18 20:47:42.683,207.2747,,slider,1,0,349.78,348.30,348.60,ACTIVE,NONE,5180,0,R,R,-0.75,released,RELEASED
2026-05-18 20:47:43.084,207.6748,,slider,1,0,349.78,349.58,348.60,ACTIVE,NONE,5190,0,R,R,-0.90,released,RELEASED
2026-05-18 20:47:43.484,208.0750,,slider,1,0,349.78,349.33,348.60,ACTIVE,NONE,5200,0,R,R,-0.90,released,RELEASED
2026-05-18 20:47:43.884,208.4750,,slider,1,0,349.78,348.82,348.70,ACTIVE,NONE,5210,0,R,R,-0.75,released,RELEASED
2026-05-18 20:47:44.284,208.8751,,slider,1,0,354.86,348.80,348.60,ACTIVE,NONE,5220,0,R,R,-0.65,released,RELEASED
2026-05-18 20:47:44.684,209.2749,,slider,1,0,354.86,348.75,348.60,ACTIVE,NONE,5230,0,R,R,-0.70,released,RELEASED
2026-05-18 20:47:45.084,209.6752,,slider,1,0,344.75,349.57,348.80,ACTIVE,NONE,5240,0,R,R,-0.80,released,RELEASED
2026-05-18 20:47:45.484,210.0755,,slider,1,0,349.78,349.58,348.80,ACTIVE,NONE,5250,0,R,R,-0.85,released,RELEASED
2026-05-18 20:47:45.884,210.4749,,slider,1,0,349.78,348.62,349.10,ACTIVE,NONE,5260,0,R,R,-0.90,released,RELEASED
2026-05-18 20:47:46.284,210.8752,,slider,1,0,349.78,346.85,348.90,ACTIVE,NONE,5270,0,R,R,-1.15,released,RELEASED
2026-05-18 20:47:46.684,211.2751,,slider,1,0,349.78,348.32,348.40,ACTIVE,NONE,5280,0,R,R,-1.45,released,RELEASED
2026-05-18 20:47:47.084,211.6752,,slider,1,0,349.78,349.54,348.40,ACTIVE,NONE,5290,0,R,R,-1.65,released,RELEASED
2026-05-18 20:47:47.484,212.0755,,slider,1,0,344.75,348.25,348.50,ACTIVE,NONE,5300,0,R,R,-1.70,released,RELEASED
2026-05-18 20:47:47.884,212.4756,,slider,1,0,349.78,347.98,348.30,ACTIVE,NONE,5310,0,R,R,-1.35,released,RELEASED
2026-05-18 20:47:48.285,212.8758,,slider,1,0,344.75,349.26,348.20,ACTIVE,NONE,5320,0,R,R,-1.45,released,RELEASED
2026-05-18 20:47:48.684,213.2756,,slider,1,0,349.78,349.32,348.50,ACTIVE,NONE,5330,0,R,R,-1.50,released,RELEASED
2026-05-18 20:47:49.085,213.6758,,slider,1,0,349.78,347.41,348.80,ACTIVE,NONE,5340,0,R,R,-1.60,released,RELEASED
2026-05-18 20:47:49.485,214.0758,,slider,1,0,344.75,347.90,348.60,ACTIVE,NONE,5350,0,R,R,-1.75,released,RELEASED
2026-05-18 20:47:49.885,214.4757,,slider,1,0,349.78,348.82,348.60,ACTIVE,NONE,5360,0,R,R,-1.80,released,RELEASED
2026-05-18 20:47:50.285,214.8756,,slider,1,0,349.78,349.53,348.90,ACTIVE,NONE,5370,0,R,R,-1.90,released,RELEASED
2026-05-18 20:47:50.684,215.2756,,slider,1,0,349.78,347.84,350.00,ACTIVE,NONE,5380,0,R,R,-2.00,released,RELEASED
2026-05-18 20:47:51.085,215.6758,,slider,1,0,344.75,348.67,345.20,ACTIVE,NONE,5390,0,R,R,-1.70,released,RELEASED
2026-05-18 20:47:51.485,216.0758,,slider,1,0,349.78,348.98,354.40,ACTIVE,NONE,5400,0,R,R,-1.40,released,RELEASED
2026-05-18 20:47:51.885,216.4760,,slider,1,0,344.75,348.61,347.30,ACTIVE,NONE,5410,0,R,R,-1.40,released,RELEASED
2026-05-18 20:47:52.285,216.8757,,slider,1,0,349.78,348.78,347.50,ACTIVE,NONE,5420,0,R,R,-1.35,released,RELEASED
2026-05-18 20:47:52.685,217.2757,,slider,1,0,-30.51,318.40,339.90,ACTIVE,NONE,5430,0,R,R,-1.30,released,RELEASED
2026-05-18 20:47:53.085,217.6759,,slider,1,0,-170.35,246.40,269.80,ACTIVE,NONE,5440,0,R,R,-1.35,PRESSED,FAULT
2026-05-18 20:47:53.485,218.0764,,slider,1,0,-122.79,174.40,198.50,ACTIVE,NONE,5450,0,R,R,-0.75,PRESSED,FAULT
2026-05-18 20:47:53.888,218.4786,,slider,1,0,-91.79,102.40,127.70,ACTIVE,NONE,5460,0,R,R,0.10,PRESSED,FAULT
2026-05-18 20:47:53.978,218.5691,shift_requested:N,slider,1,0,-94.03,84.40,113.40,ACTIVE,NONE,5462,0,R,R,0.15,PRESSED,FAULT
2026-05-18 20:47:54.274,218.8647,,slider,1,0,-78.74,-83.60,5.20,ACTIVE,NONE,5470,0,R,N,0.05,PRESSED,FAULT
2026-05-18 20:47:54.274,218.8652,gear_change:N,slider,1,0,-78.74,-83.60,5.20,ACTIVE,NONE,5470,0,N,N,0.05,PRESSED,FAULT
2026-05-18 20:47:54.575,219.1663,shift_requested:R,slider,1,0,-68.38,-72.97,-88.00,ACTIVE,NONE,5477,0,N,N,0.05,PRESSED,FAULT
2026-05-18 20:47:54.619,219.2103,gear_change:R,slider,1,0,-66.36,-68.50,-84.70,ACTIVE,NONE,5478,0,R,R,0.05,PRESSED,FAULT
2026-05-18 20:47:54.676,219.2667,,slider,1,0,-60.40,-62.66,-75.40,ACTIVE,NONE,5480,0,R,R,0.05,PRESSED,FAULT
2026-05-18 20:47:55.080,219.6711,,slider,1,0,-41.39,-44.55,-50.60,ACTIVE,NONE,5490,0,R,R,0.00,PRESSED,FAULT
2026-05-18 20:47:55.361,219.9523,shift_requested:N,slider,1,0,-41.39,-42.55,-44.20,ACTIVE,NONE,5497,0,R,R,0.00,PRESSED,FAULT
2026-05-18 20:47:55.476,220.0666,,slider,1,0,-41.39,-40.64,-43.00,ACTIVE,NONE,5500,0,R,N,0.00,PRESSED,FAULT
2026-05-18 20:47:55.659,220.2503,gear_change:N,slider,1,0,-41.39,-41.08,-41.30,ACTIVE,NONE,5504,0,N,N,0.00,PRESSED,FAULT
2026-05-18 20:47:55.884,220.4745,,slider,1,0,-41.39,-41.70,-41.30,ACTIVE,NONE,5510,0,N,N,0.00,PRESSED,FAULT
2026-05-18 20:47:56.284,220.8747,,slider,1,0,-41.39,-41.51,-41.30,ACTIVE,NONE,5520,0,N,N,0.00,PRESSED,FAULT
2026-05-18 20:47:56.683,221.2744,,slider,1,0,-41.39,-41.56,-41.40,ACTIVE,NONE,5530,0,N,N,0.00,PRESSED,FAULT
2026-05-18 20:47:57.084,221.6754,,slider,1,0,349.78,2.46,-20.60,ACTIVE,NONE,5540,0,N,N,0.00,PRESSED,FAULT
2026-05-18 20:47:57.485,222.0756,,slider,1,0,58.44,74.46,48.80,ACTIVE,NONE,5550,0,N,N,0.00,PRESSED,FAULT
2026-05-18 20:47:57.885,222.4757,,slider,1,0,-107.98,44.46,67.70,ACTIVE,NONE,5560,0,N,N,0.00,PRESSED,FAULT
2026-05-18 20:47:58.286,222.8767,,slider,1,0,-76.63,-27.54,1.30,ACTIVE,NONE,5570,0,N,N,0.00,PRESSED,FAULT
2026-05-18 20:47:58.689,223.2802,,slider,1,0,-45.10,-45.17,-47.30,ACTIVE,NONE,5580,0,N,N,0.00,PRESSED,FAULT
2026-05-18 20:47:58.886,223.4773,shift_requested:N,slider,1,0,-39.55,-42.19,-46.30,ACTIVE,NONE,5584,0,N,N,0.00,PRESSED,FAULT
2026-05-18 20:47:59.075,223.6656,,slider,1,0,-39.55,-39.82,-42.30,ACTIVE,NONE,5590,0,N,N,0.00,PRESSED,FAULT
2026-05-18 20:47:59.489,224.0800,,slider,1,0,-41.39,-42.28,-41.00,ACTIVE,NONE,5600,0,N,N,0.00,PRESSED,FAULT
2026-05-18 20:47:59.889,224.4802,,slider,1,0,-41.39,-41.60,-41.50,ACTIVE,NONE,5610,0,N,N,0.00,PRESSED,FAULT
2026-05-18 20:48:00.289,224.8805,,slider,1,0,-41.39,-42.08,-41.70,ACTIVE,NONE,5620,0,N,N,0.00,PRESSED,FAULT
2026-05-18 20:48:00.689,225.2802,,slider,1,0,-41.39,-42.52,-42.00,ACTIVE,NONE,5630,0,N,N,0.00,PRESSED,FAULT
2026-05-18 20:48:01.089,225.6802,,slider,1,0,-41.39,-41.95,-42.40,ACTIVE,NONE,5640,0,N,N,0.00,PRESSED,FAULT
2026-05-18 20:48:01.179,225.7704,shift_requested:N,slider,1,0,-41.39,-41.65,-42.40,ACTIVE,NONE,5642,0,N,N,0.00,PRESSED,FAULT
2026-05-18 20:48:01.476,226.0666,,slider,1,0,-39.55,-40.40,-42.20,ACTIVE,NONE,5650,0,N,N,0.00,PRESSED,FAULT
2026-05-18 20:48:01.875,226.4664,,slider,1,0,-41.39,-40.71,-41.10,ACTIVE,NONE,5660,0,N,N,0.00,PRESSED,FAULT
2026-05-18 20:48:02.138,226.7293,shift_requested:R,slider,1,0,-43.24,-41.83,-40.80,ACTIVE,NONE,5666,0,N,N,0.00,PRESSED,FAULT
2026-05-18 20:48:02.186,226.7767,gear_change:R,slider,1,0,-43.24,-42.65,-40.80,ACTIVE,NONE,5667,0,R,R,0.00,PRESSED,FAULT
2026-05-18 20:48:02.275,226.8662,,slider,1,0,-41.39,-41.68,-40.80,ACTIVE,NONE,5670,0,R,R,0.00,PRESSED,FAULT
2026-05-18 20:48:02.676,227.2667,,slider,1,0,-41.39,-41.82,-41.10,ACTIVE,NONE,5680,0,R,R,0.00,PRESSED,FAULT
2026-05-18 20:48:03.076,227.6666,,slider,1,0,-41.39,-41.90,-41.60,ACTIVE,NONE,5690,0,R,R,0.00,PRESSED,FAULT
2026-05-18 20:48:03.436,228.0273,shift_requested:N,slider,1,0,-39.55,-41.31,-41.70,ACTIVE,NONE,5699,0,R,R,0.00,PRESSED,FAULT
2026-05-18 20:48:03.475,228.0661,,slider,1,0,-41.39,-40.61,-41.70,ACTIVE,NONE,5700,0,R,N,0.00,PRESSED,FAULT
2026-05-18 20:48:03.718,228.3086,gear_change:N,slider,1,0,-41.39,-41.39,-41.70,ACTIVE,NONE,5706,0,N,N,0.00,PRESSED,FAULT
2026-05-18 20:48:03.876,228.4674,,slider,1,0,-41.39,-41.48,-41.70,ACTIVE,NONE,5710,0,N,N,0.00,PRESSED,FAULT
2026-05-18 20:48:04.277,228.8678,,slider,1,0,-41.39,-41.98,-41.70,ACTIVE,NONE,5720,0,N,N,0.00,PRESSED,FAULT
2026-05-18 20:48:04.677,229.2677,,slider,1,0,-41.39,-42.23,-41.70,ACTIVE,NONE,5730,0,N,N,0.00,PRESSED,FAULT
2026-05-18 20:48:05.076,229.6673,,slider,1,0,-41.39,-41.62,-41.70,ACTIVE,NONE,5740,0,N,N,0.00,PRESSED,FAULT
2026-05-18 20:48:05.477,230.0681,,slider,1,0,-41.39,-41.97,-41.70,ACTIVE,NONE,5750,0,N,N,0.00,PRESSED,FAULT
2026-05-18 20:48:05.877,230.4675,,slider,1,0,-41.39,-41.89,-41.90,ACTIVE,NONE,5760,0,N,N,0.00,PRESSED,FAULT
2026-05-18 20:48:06.277,230.8677,,slider,1,0,-41.39,-41.45,-41.90,ACTIVE,NONE,5770,0,N,N,0.00,PRESSED,FAULT
2026-05-18 20:48:06.677,231.2680,,slider,1,0,-43.24,-42.31,-41.90,ACTIVE,NONE,5780,0,N,N,0.00,PRESSED,FAULT
2026-05-18 20:48:07.077,231.6676,,slider,1,0,-41.39,-41.71,-41.90,ACTIVE,NONE,5790,0,N,N,0.00,PRESSED,FAULT
2026-05-18 20:48:07.477,232.0680,,slider,1,0,-41.39,-42.17,-41.90,ACTIVE,NONE,5800,0,N,N,0.00,PRESSED,FAULT
2026-05-18 20:48:07.877,232.4678,,slider,1,0,-41.39,-42.34,-41.90,ACTIVE,NONE,5810,0,N,N,0.00,PRESSED,FAULT
2026-05-18 20:48:08.277,232.8678,,slider,1,0,-41.39,-41.46,-41.90,ACTIVE,NONE,5820,0,N,N,0.00,PRESSED,FAULT
2026-05-18 20:48:08.677,233.2681,,slider,1,0,-43.24,-41.91,-41.90,ACTIVE,NONE,5830,0,N,N,0.00,PRESSED,FAULT
2026-05-18 20:48:08.913,233.5039,shift_requested:N,slider,1,0,-41.39,-41.48,-41.90,ACTIVE,NONE,5835,0,N,N,0.00,PRESSED,FAULT
2026-05-18 20:48:09.076,233.6672,,slider,1,0,-41.39,-41.39,-41.80,ACTIVE,NONE,5840,0,N,N,0.00,PRESSED,FAULT
2026-05-18 20:48:09.479,234.0696,,slider,1,0,-41.39,-41.39,-41.60,ACTIVE,NONE,5850,0,N,N,0.00,PRESSED,FAULT
2026-05-18 20:48:09.878,234.4693,,slider,1,0,-43.24,-42.22,-41.50,ACTIVE,NONE,5860,0,N,N,0.00,PRESSED,FAULT
2026-05-18 20:48:10.278,234.8693,,slider,1,0,-41.39,-41.77,-41.70,ACTIVE,NONE,5870,0,N,N,0.00,PRESSED,FAULT
2026-05-18 20:48:10.643,235.2337,shift_requested:N,slider,1,0,-41.39,-41.31,-41.70,ACTIVE,NONE,5879,0,N,N,0.00,PRESSED,FAULT
2026-05-18 20:48:10.673,235.2639,,slider,1,0,-39.55,-40.76,-41.70,ACTIVE,NONE,5880,0,N,N,0.00,PRESSED,FAULT
2026-05-18 20:48:11.083,235.6737,,slider,1,0,-41.39,-40.10,-40.80,ACTIVE,NONE,5890,0,N,N,0.00,PRESSED,FAULT
2026-05-18 20:48:11.483,236.0737,,slider,1,0,-39.55,-40.56,-40.70,ACTIVE,NONE,5900,0,N,N,0.00,PRESSED,FAULT
2026-05-18 20:48:11.688,236.2792,shift_requested:D,slider,1,0,-41.39,-40.83,-40.70,ACTIVE,NONE,5905,0,N,N,0.00,PRESSED,FAULT
2026-05-18 20:48:11.738,236.3290,gear_change:D,slider,1,0,-43.24,-41.43,-40.70,ACTIVE,NONE,5906,0,D,D,0.00,PRESSED,FAULT
2026-05-18 20:48:11.874,236.4647,,slider,1,0,-41.39,-41.98,-40.70,ACTIVE,NONE,5910,0,D,D,0.00,PRESSED,FAULT
2026-05-18 20:48:12.283,236.8738,,slider,1,0,-43.24,-42.35,-41.20,ACTIVE,NONE,5920,0,D,D,0.00,PRESSED,FAULT
2026-05-18 20:48:12.683,237.2740,,slider,1,0,-41.39,-41.56,-41.70,ACTIVE,NONE,5930,0,D,D,0.00,PRESSED,FAULT
2026-05-18 20:48:13.083,237.6737,,slider,1,0,-41.39,-41.84,-41.70,ACTIVE,NONE,5940,0,D,D,0.00,PRESSED,FAULT
2026-05-18 20:48:13.483,238.0739,,slider,1,0,-43.24,-41.75,-41.70,ACTIVE,NONE,5950,0,D,D,0.00,PRESSED,FAULT
2026-05-18 20:48:13.883,238.4741,,slider,1,0,-41.39,-42.02,-41.80,ACTIVE,NONE,5960,0,D,D,0.00,PRESSED,FAULT
2026-05-18 20:48:14.284,238.8744,,slider,1,0,-43.24,-42.41,-43.80,ACTIVE,NONE,5970,0,D,D,0.70,released,RELEASED
2026-05-18 20:48:14.683,239.2742,,slider,1,0,-66.36,-47.60,-44.10,ACTIVE,NONE,5980,0,D,D,1.30,PRESSED,FAULT
2026-05-18 20:48:15.091,239.6814,,slider,1,0,-96.30,-89.80,-73.60,ACTIVE,NONE,5990,0,D,D,1.15,PRESSED,FAULT
2026-05-18 20:48:15.476,240.0672,,slider,1,0,-125.36,-113.66,-104.00,ACTIVE,NONE,6000,0,D,D,1.10,PRESSED,FAULT
2026-05-18 20:48:15.881,240.4719,,slider,1,0,-127.94,-125.08,-121.40,ACTIVE,NONE,6010,0,D,D,1.55,PRESSED,FAULT
2026-05-18 20:48:16.281,240.8721,,slider,1,0,-158.35,-148.58,-141.70,ACTIVE,NONE,6020,0,D,D,1.65,PRESSED,FAULT
2026-05-18 20:48:16.681,241.2722,,slider,1,0,-220.47,-206.37,-181.60,ACTIVE,NONE,6030,0,D,D,2.05,PRESSED,FAULT
2026-05-18 20:48:17.082,241.6728,,slider,1,0,-182.90,-199.65,-219.10,ACTIVE,NONE,6040,0,D,D,1.45,PRESSED,FAULT
2026-05-18 20:48:17.485,242.0753,,slider,1,0,-213.29,-213.89,-213.00,ACTIVE,NONE,6050,0,D,D,1.40,released,RELEASED
2026-05-18 20:48:17.885,242.4753,,slider,1,0,-227.82,-216.25,-214.20,ACTIVE,NONE,6060,0,D,D,1.65,released,RELEASED
2026-05-18 20:48:18.285,242.8753,,slider,1,0,-231.55,-212.15,-205.90,ACTIVE,NONE,6070,0,D,D,1.85,released,RELEASED
2026-05-18 20:48:18.685,243.2754,,slider,1,0,-231.55,-231.45,-234.90,ACTIVE,NONE,6080,0,D,D,2.05,released,RELEASED
2026-05-18 20:48:19.085,243.6752,,slider,1,0,-224.12,-226.71,-232.40,ACTIVE,NONE,6090,0,D,D,2.25,released,RELEASED
2026-05-18 20:48:19.485,244.0756,,slider,1,0,-213.29,-221.41,-229.30,ACTIVE,NONE,6100,0,D,D,2.50,released,RELEASED
2026-05-18 20:48:19.886,244.4769,,slider,1,0,-311.04,-282.11,-258.90,ACTIVE,NONE,6110,0,D,D,2.80,released,RELEASED
2026-05-18 20:48:20.286,244.8770,,slider,1,0,-319.95,-343.48,-324.70,ACTIVE,NONE,6120,0,D,D,3.00,released,RELEASED
2026-05-18 20:48:20.687,245.2773,,slider,1,0,-360.00,-345.93,-330.70,ACTIVE,NONE,6130,0,D,D,2.90,released,RELEASED
2026-05-18 20:48:21.087,245.6774,,slider,1,0,-360.00,-350.54,-343.90,ACTIVE,NONE,6140,0,D,D,2.80,released,RELEASED
2026-05-18 20:48:21.487,246.0774,,slider,1,0,-355.61,-339.93,-342.70,ACTIVE,NONE,6150,0,D,D,2.70,released,RELEASED
2026-05-18 20:48:21.890,246.4803,,slider,1,0,-286.87,-325.29,-345.60,ACTIVE,NONE,6160,0,D,D,2.65,released,RELEASED
2026-05-18 20:48:22.290,246.8811,,slider,1,0,-309.90,-348.96,-340.60,ACTIVE,NONE,6170,0,D,D,2.65,released,RELEASED
2026-05-18 20:48:22.690,247.2810,,slider,1,0,-351.26,-352.57,-348.70,ACTIVE,NONE,6180,0,D,D,2.65,released,RELEASED
2026-05-18 20:48:23.090,247.6810,,slider,1,0,-360.00,-356.11,-355.30,ACTIVE,NONE,6190,0,D,D,2.70,released,RELEASED
2026-05-18 20:48:23.490,248.0810,,slider,1,0,-305.97,-350.14,-356.90,ACTIVE,NONE,6200,0,D,D,2.70,released,RELEASED
2026-05-18 20:48:23.892,248.4825,,slider,1,0,-80.95,-278.14,-302.50,ACTIVE,NONE,6210,0,D,D,2.75,released,RELEASED
2026-05-18 20:48:24.278,248.8689,,slider,1,0,-167.88,-209.14,-230.10,ACTIVE,NONE,6220,0,D,D,2.85,released,RELEASED
2026-05-18 20:48:24.679,249.2696,,slider,1,0,-131.57,-137.14,-158.40,ACTIVE,NONE,6230,0,D,D,2.95,released,RELEASED
2026-05-18 20:48:25.079,249.6695,,slider,1,0,-94.07,-102.07,-108.70,ACTIVE,NONE,6240,0,D,D,3.05,released,RELEASED
2026-05-18 20:48:25.485,250.0757,,slider,1,0,-140.76,-121.66,-99.90,ACTIVE,NONE,6250,0,D,D,3.10,released,RELEASED
2026-05-18 20:48:25.885,250.4759,,slider,1,0,-175.77,-148.10,-150.80,ACTIVE,NONE,6260,0,D,D,3.15,released,RELEASED
2026-05-18 20:48:26.285,250.8760,,slider,1,0,-351.29,-220.10,-196.60,ACTIVE,NONE,6270,0,D,D,3.20,released,RELEASED
2026-05-18 20:48:26.685,251.2759,,slider,1,0,-213.17,-244.10,-258.40,ACTIVE,NONE,6280,0,D,D,3.25,released,RELEASED
2026-05-18 20:48:27.085,251.6761,,slider,1,0,-146.01,-172.10,-195.80,ACTIVE,NONE,6290,0,D,D,3.45,released,RELEASED
2026-05-18 20:48:27.485,252.0760,,slider,1,0,-155.71,-157.08,-155.60,ACTIVE,NONE,6300,0,D,D,3.70,released,RELEASED
2026-05-18 20:48:27.886,252.4762,,slider,1,0,-330.21,-217.81,-194.50,ACTIVE,NONE,6310,0,D,D,3.85,released,RELEASED
2026-05-18 20:48:28.286,252.8762,,slider,1,0,-30.41,-216.86,-238.90,ACTIVE,NONE,6320,0,D,D,3.90,released,RELEASED
2026-05-18 20:48:28.675,253.2653,,slider,1,0,44.35,-147.86,-169.70,ACTIVE,NONE,6330,0,D,D,3.95,released,RELEASED
2026-05-18 20:48:29.074,253.6649,,slider,1,0,41.20,-75.86,-98.60,ACTIVE,NONE,6340,0,D,D,3.95,released,RELEASED
2026-05-18 20:48:29.475,254.0657,,slider,1,0,0.00,-3.86,-27.20,ACTIVE,NONE,6350,0,D,D,3.95,released,RELEASED
2026-05-18 20:48:29.875,254.4657,,slider,1,0,0.00,-0.09,0.30,ACTIVE,NONE,6360,0,D,D,3.95,released,RELEASED
2026-05-18 20:48:30.286,254.8761,,slider,1,0,0.00,-9.54,-16.50,ACTIVE,NONE,6370,0,D,D,4.00,released,RELEASED
2026-05-18 20:48:30.685,255.2759,,slider,1,0,0.00,-0.47,-2.30,ACTIVE,NONE,6380,0,D,D,4.05,released,RELEASED
2026-05-18 20:48:31.092,255.6825,,slider,1,0,-87.07,-42.00,-18.00,ACTIVE,NONE,6390,0,D,D,4.20,released,RELEASED
2026-05-18 20:48:31.476,256.0669,,slider,1,0,-70.86,-71.75,-74.90,ACTIVE,NONE,6400,0,D,D,4.30,released,RELEASED
2026-05-18 20:48:31.879,256.4700,,slider,1,0,-70.86,-76.24,-81.10,ACTIVE,NONE,6410,0,D,D,4.45,released,RELEASED
2026-05-18 20:48:32.279,256.8699,,slider,1,0,-15.43,-49.38,-67.80,ACTIVE,NONE,6420,0,D,D,4.50,released,RELEASED
2026-05-18 20:48:32.683,257.2738,,slider,1,0,-53.99,-36.27,-29.30,ACTIVE,NONE,6430,0,D,D,4.55,released,RELEASED
2026-05-18 20:48:33.085,257.6754,,slider,1,0,-106.50,-85.26,-66.30,ACTIVE,NONE,6440,0,D,D,4.60,released,RELEASED
2026-05-18 20:48:33.484,258.0750,,slider,1,0,-81.55,-91.60,-95.00,ACTIVE,NONE,6450,0,D,D,4.55,released,RELEASED
2026-05-18 20:48:33.885,258.4755,,slider,1,0,-31.93,-36.82,-50.50,ACTIVE,NONE,6460,0,D,D,4.45,released,RELEASED
2026-05-18 20:48:34.285,258.8752,,slider,1,0,-87.07,-48.74,-35.20,ACTIVE,NONE,6470,0,D,D,4.40,released,RELEASED
2026-05-18 20:48:34.688,259.2788,,slider,1,0,-90.83,-90.64,-81.00,ACTIVE,NONE,6480,0,D,D,4.30,released,RELEASED
2026-05-18 20:48:35.090,259.6800,,slider,1,0,0.00,-38.15,-60.40,ACTIVE,NONE,6490,0,D,D,4.25,released,RELEASED
2026-05-18 20:48:35.491,260.0815,,slider,1,0,-13.95,-7.70,-10.20,ACTIVE,NONE,6500,0,D,D,4.20,released,RELEASED
2026-05-18 20:48:35.881,260.4713,,slider,1,0,-98.53,-56.72,-34.90,ACTIVE,NONE,6510,0,D,D,4.10,released,RELEASED
2026-05-18 20:48:36.291,260.8814,,slider,1,0,-53.99,-69.80,-84.70,ACTIVE,NONE,6520,0,D,D,4.05,released,RELEASED
2026-05-18 20:48:36.691,261.2814,,slider,1,0,-104.48,-94.75,-82.80,ACTIVE,NONE,6530,0,D,D,3.95,released,RELEASED
2026-05-18 20:48:37.078,261.6688,,slider,1,0,-74.37,-85.46,-92.90,ACTIVE,NONE,6540,0,D,D,3.90,released,RELEASED
2026-05-18 20:48:37.478,262.0688,,slider,1,0,-116.84,-89.98,-82.80,ACTIVE,NONE,6550,0,D,D,3.90,released,RELEASED
2026-05-18 20:48:37.883,262.4734,,slider,1,0,-136.66,-143.13,-136.90,ACTIVE,NONE,6560,0,D,D,3.90,released,RELEASED
2026-05-18 20:48:38.286,262.8763,,slider,1,0,-85.22,-105.51,-121.30,ACTIVE,NONE,6570,0,D,D,3.90,released,RELEASED
2026-05-18 20:48:38.690,263.2808,,slider,1,0,-112.65,-107.98,-98.90,ACTIVE,NONE,6580,0,D,D,3.95,released,RELEASED
2026-05-18 20:48:39.094,263.6844,,slider,1,0,-158.20,-147.72,-131.20,ACTIVE,NONE,6590,0,D,D,3.95,released,RELEASED
2026-05-18 20:48:39.476,264.0661,,slider,1,0,-90.83,-126.62,-145.10,ACTIVE,NONE,6600,0,D,D,4.00,released,RELEASED
2026-05-18 20:48:39.879,264.4697,,slider,1,0,0.00,-54.62,-77.80,ACTIVE,NONE,6610,0,D,D,4.00,released,RELEASED
2026-05-18 20:48:40.280,264.8702,,slider,1,0,-49.13,-24.72,-14.50,ACTIVE,NONE,6620,0,D,D,4.05,released,RELEASED
2026-05-18 20:48:40.680,265.2704,,slider,1,0,-81.55,-75.70,-67.10,ACTIVE,NONE,6630,0,D,D,4.10,released,RELEASED
2026-05-18 20:48:41.080,265.6709,,slider,1,0,-63.98,-68.22,-73.90,ACTIVE,NONE,6640,0,D,D,4.10,released,RELEASED
2026-05-18 20:48:41.481,266.0713,,slider,1,0,-77.93,-79.57,-77.20,ACTIVE,NONE,6650,0,D,D,4.15,released,RELEASED
2026-05-18 20:48:41.880,266.4702,,slider,1,0,-79.73,-72.15,-71.10,ACTIVE,NONE,6660,0,D,D,4.20,released,RELEASED
2026-05-18 20:48:42.280,266.8707,,slider,1,0,-83.37,-78.69,-76.00,ACTIVE,NONE,6670,0,D,D,4.25,released,RELEASED
2026-05-18 20:48:42.681,267.2712,,slider,1,0,-76.14,-78.80,-80.50,ACTIVE,NONE,6680,0,D,D,4.35,released,RELEASED
2026-05-18 20:48:43.080,267.6708,,slider,1,0,-81.55,-83.08,-79.50,ACTIVE,NONE,6690,0,D,D,4.50,released,RELEASED
2026-05-18 20:48:43.481,268.0716,,slider,1,0,-90.83,-85.54,-79.20,ACTIVE,NONE,6700,0,D,D,4.70,released,RELEASED
2026-05-18 20:48:43.881,268.4711,,slider,1,0,-104.48,-104.91,-99.70,ACTIVE,NONE,6710,0,D,D,4.85,released,RELEASED
2026-05-18 20:48:44.288,268.8785,,slider,1,0,-77.93,-90.69,-99.60,ACTIVE,NONE,6720,0,D,D,5.00,released,RELEASED
2026-05-18 20:48:44.689,269.2794,,slider,1,0,-83.37,-83.30,-84.90,ACTIVE,NONE,6730,0,D,D,5.10,released,RELEASED
2026-05-18 20:48:45.089,269.6791,,slider,1,0,-72.61,-76.09,-81.30,ACTIVE,NONE,6740,0,D,D,5.05,released,RELEASED
2026-05-18 20:48:45.489,270.0791,,slider,1,0,-96.58,-95.30,-84.50,ACTIVE,NONE,6750,0,D,D,4.95,released,RELEASED
2026-05-18 20:48:45.889,270.4790,,slider,1,0,-85.22,-92.87,-96.90,ACTIVE,NONE,6760,0,D,D,4.95,released,RELEASED
2026-05-18 20:48:46.289,270.8792,,slider,1,0,-52.36,-68.69,-81.60,ACTIVE,NONE,6770,0,D,D,4.90,released,RELEASED
2026-05-18 20:48:46.692,271.2829,,slider,1,0,9.53,-38.26,-57.20,ACTIVE,NONE,6780,0,D,D,4.85,released,RELEASED
2026-05-18 20:48:47.093,271.6832,,slider,1,0,28.89,29.84,6.60,ACTIVE,NONE,6790,0,D,D,4.80,released,RELEASED
2026-05-18 20:48:47.493,272.0834,,slider,1,0,0.00,13.18,28.70,ACTIVE,NONE,6800,0,D,D,4.75,released,RELEASED
2026-05-18 20:48:47.877,272.4670,,slider,1,0,-11.00,-3.99,0.70,ACTIVE,NONE,6810,0,D,D,4.70,released,RELEASED
2026-05-18 20:48:48.281,272.8712,,slider,1,0,-27.38,-25.90,-20.90,ACTIVE,NONE,6820,0,D,D,4.70,released,RELEASED
2026-05-18 20:48:48.681,273.2715,,slider,1,0,-25.87,-25.51,-26.00,ACTIVE,NONE,6830,0,D,D,4.65,released,RELEASED
2026-05-18 20:48:49.082,273.6721,,slider,1,0,-30.41,-24.76,-23.40,ACTIVE,NONE,6840,0,D,D,4.50,PRESSED,FAULT
2026-05-18 20:48:49.482,274.0719,,slider,1,0,-44.35,-41.08,-37.10,ACTIVE,NONE,6850,0,D,D,4.15,PRESSED,FAULT
2026-05-18 20:48:49.882,274.4726,,slider,1,0,-90.83,-65.71,-50.10,ACTIVE,NONE,6860,0,D,D,3.85,PRESSED,FAULT
2026-05-18 20:48:50.292,274.8826,,slider,1,0,-87.07,-92.18,-91.40,ACTIVE,NONE,6870,0,D,D,3.25,PRESSED,FAULT
2026-05-18 20:48:50.693,275.2829,,slider,1,0,-85.22,-75.87,-79.00,ACTIVE,NONE,6880,0,D,D,2.65,PRESSED,FAULT
2026-05-18 20:48:51.080,275.6705,,slider,1,0,-108.53,-101.98,-96.10,ACTIVE,NONE,6890,0,D,D,2.55,PRESSED,FAULT
2026-05-18 20:48:51.477,276.0671,,slider,1,0,-94.65,-93.26,-97.40,ACTIVE,NONE,6900,0,D,D,2.60,released,RELEASED
2026-05-18 20:48:51.877,276.4672,,slider,1,0,-85.22,-90.14,-92.40,ACTIVE,NONE,6910,0,D,D,2.80,released,RELEASED
2026-05-18 20:48:52.287,276.8769,,slider,1,0,-92.73,-73.59,-65.30,ACTIVE,NONE,6920,0,D,D,2.95,released,RELEASED
2026-05-18 20:48:52.687,277.2773,,slider,1,0,0.00,-37.58,-60.80,ACTIVE,NONE,6930,0,D,D,3.05,released,RELEASED
2026-05-18 20:48:53.087,277.6776,,slider,1,0,0.00,-1.04,-6.10,ACTIVE,NONE,6940,0,D,D,3.10,released,RELEASED
2026-05-18 20:48:53.487,278.0774,,slider,1,0,-136.66,-30.81,-8.40,ACTIVE,NONE,6950,0,D,D,3.05,PRESSED,FAULT
2026-05-18 20:48:53.891,278.4812,,slider,1,0,-12.48,-78.84,-76.10,ACTIVE,NONE,6960,0,D,D,2.60,PRESSED,FAULT
2026-05-18 20:48:54.277,278.8675,,slider,1,0,-33.46,-27.19,-35.30,ACTIVE,NONE,6970,0,D,D,1.80,PRESSED,FAULT
2026-05-18 20:48:54.677,279.2674,,slider,1,0,-25.87,-31.25,-33.40,ACTIVE,NONE,6980,0,D,D,1.00,PRESSED,FAULT
2026-05-18 20:48:55.077,279.6673,,slider,1,0,-18.39,-20.51,-23.30,ACTIVE,NONE,6990,0,D,D,0.35,PRESSED,FAULT
2026-05-18 20:48:55.477,280.0676,,slider,1,0,-19.88,-19.69,-19.40,ACTIVE,NONE,7000,0,D,D,0.10,PRESSED,FAULT
2026-05-18 20:48:55.877,280.4676,,slider,1,0,-13.95,-17.70,-19.50,ACTIVE,NONE,7010,0,D,D,0.05,PRESSED,FAULT
2026-05-18 20:48:56.282,280.8725,,slider,1,0,-9.53,-10.63,-12.70,ACTIVE,NONE,7020,0,D,D,0.05,PRESSED,FAULT
2026-05-18 20:48:56.682,281.2724,,slider,1,0,0.00,-1.02,-4.40,ACTIVE,NONE,7030,0,D,D,0.00,PRESSED,FAULT
2026-05-18 20:48:57.082,281.6724,,slider,1,0,0.00,-0.05,-0.70,ACTIVE,NONE,7040,0,D,D,0.00,PRESSED,FAULT
2026-05-18 20:48:57.482,282.0727,,slider,1,0,-6.59,6.53,5.60,ACTIVE,NONE,7050,0,D,D,0.00,PRESSED,FAULT
2026-05-18 20:48:57.882,282.4723,,slider,1,0,0.00,0.17,2.10,ACTIVE,NONE,7060,0,D,D,0.00,PRESSED,FAULT
2026-05-18 20:48:58.282,282.8725,,slider,1,0,0.00,0.01,0.30,ACTIVE,NONE,7070,0,D,D,0.00,PRESSED,FAULT
2026-05-18 20:48:58.682,283.2726,,slider,1,0,0.00,0.00,0.00,ACTIVE,NONE,7080,0,D,D,0.00,PRESSED,FAULT
2026-05-18 20:48:59.083,283.6727,,slider,1,0,0.00,0.00,0.00,ACTIVE,NONE,7090,0,D,D,0.00,PRESSED,FAULT
2026-05-18 20:48:59.483,284.0727,,slider,1,0,0.00,0.00,0.00,ACTIVE,NONE,7100,0,D,D,0.00,PRESSED,FAULT
2026-05-18 20:48:59.882,284.4726,,slider,1,0,0.00,0.00,0.00,ACTIVE,NONE,7110,0,D,D,0.00,PRESSED,FAULT
2026-05-18 20:49:00.283,284.8728,,slider,1,0,0.00,0.00,0.00,ACTIVE,NONE,7120,0,D,D,0.00,PRESSED,FAULT
2026-05-18 20:49:00.683,285.2730,,slider,1,0,0.00,0.00,0.00,ACTIVE,NONE,7130,0,D,D,0.00,PRESSED,FAULT
2026-05-18 20:49:01.083,285.6733,,slider,1,0,0.00,0.00,0.00,ACTIVE,NONE,7140,0,D,D,-0.05,PRESSED,FAULT
2026-05-18 20:49:01.483,286.0732,,slider,1,0,0.00,0.00,0.00,ACTIVE,NONE,7150,0,D,D,0.00,PRESSED,FAULT
2026-05-18 20:49:01.883,286.4730,,slider,1,0,0.00,0.00,0.00,ACTIVE,NONE,7160,0,D,D,0.00,PRESSED,FAULT
2026-05-18 20:49:02.283,286.8729,,slider,1,0,0.00,0.00,0.00,ACTIVE,NONE,7170,0,D,D,0.00,PRESSED,FAULT
2026-05-18 20:49:02.683,287.2734,,slider,1,0,0.00,0.00,0.00,ACTIVE,NONE,7180,0,D,D,0.00,PRESSED,FAULT
2026-05-18 20:49:03.083,287.6729,,slider,1,0,0.00,0.00,0.00,ACTIVE,NONE,7190,0,D,D,0.00,PRESSED,FAULT
2026-05-18 20:49:03.483,288.0730,,slider,1,0,0.00,0.00,0.00,ACTIVE,NONE,7200,0,D,D,0.00,PRESSED,FAULT
2026-05-18 20:49:03.883,288.4731,,slider,1,0,0.00,0.00,0.00,ACTIVE,NONE,7210,0,D,D,0.00,PRESSED,FAULT
2026-05-18 20:49:04.283,288.8730,,slider,1,0,0.00,0.00,0.00,ACTIVE,NONE,7220,0,D,D,0.00,PRESSED,FAULT
2026-05-18 20:49:04.683,289.2733,,slider,1,0,0.00,0.00,0.00,ACTIVE,NONE,7230,0,D,D,0.00,PRESSED,FAULT
2026-05-18 20:49:05.083,289.6734,,slider,1,0,0.00,0.00,0.00,ACTIVE,NONE,7240,0,D,D,0.00,PRESSED,FAULT
2026-05-18 20:49:05.483,290.0731,,slider,1,0,0.00,0.00,0.00,ACTIVE,NONE,7250,0,D,D,0.00,PRESSED,FAULT
2026-05-18 20:49:05.883,290.4731,,slider,1,0,0.00,0.00,0.00,ACTIVE,NONE,7260,0,D,D,0.05,PRESSED,FAULT
2026-05-18 20:49:06.283,290.8731,,slider,1,0,-106.50,-40.66,-17.30,ACTIVE,NONE,7270,0,D,D,0.05,PRESSED,FAULT
2026-05-18 20:49:06.683,291.2733,,slider,1,0,-132.12,-112.66,-83.00,ACTIVE,NONE,7280,0,D,D,-0.05,PRESSED,FAULT
2026-05-18 20:49:07.084,291.6737,,slider,1,0,-83.37,-128.68,-141.50,ACTIVE,NONE,7290,0,D,D,0.05,released,RELEASED
2026-05-18 20:49:07.483,292.0735,,slider,1,0,-114.73,-87.33,-92.70,ACTIVE,NONE,7300,0,D,D,0.35,released,RELEASED
2026-05-18 20:49:07.884,292.4740,,slider,1,0,-100.50,-99.77,-101.20,ACTIVE,NONE,7310,0,D,D,0.75,released,RELEASED
2026-05-18 20:49:08.285,292.8747,,slider,1,0,-110.58,-106.75,-101.50,ACTIVE,NONE,7320,0,D,D,1.15,released,RELEASED
2026-05-18 20:49:08.685,293.2748,,slider,1,0,-98.53,-106.64,-112.50,ACTIVE,NONE,7330,0,D,D,1.50,released,RELEASED
2026-05-18 20:49:09.076,293.6663,,slider,1,0,-92.73,-95.78,-100.60,ACTIVE,NONE,7340,0,D,D,1.85,released,RELEASED
2026-05-18 20:49:09.480,294.0696,,slider,1,0,-87.07,-90.34,-95.20,ACTIVE,NONE,7350,0,D,D,2.10,released,RELEASED
2026-05-18 20:49:09.891,294.4813,,slider,1,0,-112.65,-117.97,-111.10,ACTIVE,NONE,7360,0,D,D,2.30,released,RELEASED
2026-05-18 20:49:10.277,294.8674,,slider,1,0,0.00,-71.36,-91.40,ACTIVE,NONE,7370,0,D,D,2.55,released,RELEASED
2026-05-18 20:49:10.678,295.2676,,slider,1,0,0.00,-1.72,-21.00,ACTIVE,NONE,7380,0,D,D,2.75,released,RELEASED
2026-05-18 20:49:11.078,295.6676,,slider,1,0,0.00,-0.09,-0.90,ACTIVE,NONE,7390,0,D,D,2.90,released,RELEASED
2026-05-18 20:49:11.477,296.0674,,slider,1,0,0.00,-0.00,0.00,ACTIVE,NONE,7400,0,D,D,3.05,released,RELEASED
2026-05-18 20:49:11.878,296.4675,,slider,1,0,16.91,9.57,4.10,ACTIVE,NONE,7410,0,D,D,3.15,released,RELEASED
2026-05-18 20:49:12.277,296.8675,,slider,1,0,21.37,26.52,24.90,ACTIVE,NONE,7420,0,D,D,3.30,released,RELEASED
2026-05-18 20:49:12.677,297.2673,,slider,1,0,0.00,2.24,7.60,ACTIVE,NONE,7430,0,D,D,3.35,released,RELEASED
2026-05-18 20:49:13.077,297.6674,,slider,1,0,0.00,0.11,0.40,ACTIVE,NONE,7440,0,D,D,3.45,released,RELEASED
2026-05-18 20:49:13.478,298.0675,,slider,1,0,0.00,0.01,0.00,ACTIVE,NONE,7450,0,D,D,3.55,released,RELEASED
2026-05-18 20:49:13.877,298.4673,,slider,1,0,30.41,17.68,5.30,ACTIVE,NONE,7460,0,D,D,3.55,released,RELEASED
2026-05-18 20:49:14.276,298.8662,,slider,1,0,13.95,7.48,10.60,ACTIVE,NONE,7470,0,D,D,3.65,released,RELEASED
2026-05-18 20:49:14.678,299.2676,,slider,1,0,0.00,12.15,18.70,ACTIVE,NONE,7480,0,D,D,3.65,released,RELEASED
2026-05-18 20:49:15.078,299.6675,,slider,1,0,0.00,0.60,2.30,ACTIVE,NONE,7490,0,D,D,3.70,released,RELEASED
2026-05-18 20:49:15.478,300.0677,,slider,1,0,0.00,0.03,0.00,ACTIVE,NONE,7500,0,D,D,3.70,released,RELEASED
2026-05-18 20:49:15.878,300.4675,,slider,1,0,0.00,0.00,-0.10,ACTIVE,NONE,7510,0,D,D,3.75,released,RELEASED
2026-05-18 20:49:16.278,300.8676,,slider,1,0,0.00,0.00,-0.10,ACTIVE,NONE,7520,0,D,D,3.80,released,RELEASED
2026-05-18 20:49:16.678,301.2677,,slider,1,0,0.00,0.00,-0.10,ACTIVE,NONE,7530,0,D,D,3.80,released,RELEASED
2026-05-18 20:49:17.078,301.6676,,slider,1,0,13.95,1.64,-0.10,ACTIVE,NONE,7540,0,D,D,3.85,released,RELEASED
2026-05-18 20:49:17.478,302.0675,,slider,1,0,36.54,46.30,42.70,ACTIVE,NONE,7550,0,D,D,3.90,released,RELEASED
2026-05-18 20:49:17.878,302.4676,,slider,1,0,18.39,29.98,36.30,ACTIVE,NONE,7560,0,D,D,3.90,released,RELEASED
2026-05-18 20:49:18.277,302.8672,,slider,1,0,0.00,3.03,8.40,ACTIVE,NONE,7570,0,D,D,3.95,released,RELEASED
2026-05-18 20:49:18.680,303.2695,,slider,1,0,0.00,0.15,0.60,ACTIVE,NONE,7580,0,D,D,4.00,released,RELEASED
2026-05-18 20:49:19.079,303.6691,,slider,1,0,22.87,11.04,3.10,ACTIVE,NONE,7590,0,D,D,4.00,released,RELEASED
2026-05-18 20:49:19.482,304.0716,,slider,1,0,24.36,25.86,24.90,ACTIVE,NONE,7600,0,D,D,4.05,released,RELEASED
2026-05-18 20:49:19.882,304.4715,,slider,1,0,13.95,19.61,24.20,ACTIVE,NONE,7610,0,D,D,4.10,released,RELEASED
2026-05-18 20:49:20.281,304.8714,,slider,1,0,16.91,15.32,15.00,ACTIVE,NONE,7620,0,D,D,4.10,released,RELEASED
2026-05-18 20:49:20.682,305.2715,,slider,1,0,13.95,14.04,14.30,ACTIVE,NONE,7630,0,D,D,4.15,released,RELEASED
2026-05-18 20:49:21.081,305.6712,,slider,1,0,50.74,29.84,16.70,ACTIVE,NONE,7640,0,D,D,4.20,released,RELEASED
2026-05-18 20:49:21.482,306.0715,,slider,1,0,39.64,40.17,40.20,ACTIVE,NONE,7650,0,D,D,4.20,released,RELEASED
2026-05-18 20:49:21.882,306.4716,,slider,1,0,52.36,48.26,43.50,ACTIVE,NONE,7660,0,D,D,4.25,released,RELEASED
2026-05-18 20:49:22.282,306.8714,,slider,1,0,60.61,58.62,55.30,ACTIVE,NONE,7670,0,D,D,4.30,released,RELEASED
2026-05-18 20:49:22.681,307.2713,,slider,1,0,50.74,51.30,53.70,ACTIVE,NONE,7680,0,D,D,4.30,released,RELEASED
2026-05-18 20:49:23.081,307.6713,,slider,1,0,50.74,51.00,51.00,ACTIVE,NONE,7690,0,D,D,4.30,released,RELEASED
2026-05-18 20:49:23.481,308.0713,,slider,1,0,53.99,53.21,51.50,ACTIVE,NONE,7700,0,D,D,4.35,released,RELEASED
2026-05-18 20:49:23.882,308.4715,,slider,1,0,50.74,53.32,52.70,ACTIVE,NONE,7710,0,D,D,4.35,released,RELEASED
2026-05-18 20:49:24.282,308.8716,,slider,1,0,22.87,28.39,36.50,ACTIVE,NONE,7720,0,D,D,4.40,released,RELEASED
2026-05-18 20:49:24.682,309.2718,,slider,1,0,28.89,26.06,25.30,ACTIVE,NONE,7730,0,D,D,4.40,released,RELEASED
2026-05-18 20:49:25.082,309.6716,,slider,1,0,36.54,30.03,29.40,ACTIVE,NONE,7740,0,D,D,4.45,released,RELEASED
2026-05-18 20:49:25.481,310.0712,,slider,1,0,49.13,55.03,51.20,ACTIVE,NONE,7750,0,D,D,4.50,released,RELEASED
2026-05-18 20:49:25.879,310.4691,,slider,1,0,0.00,16.17,31.60,ACTIVE,NONE,7760,0,D,D,4.50,released,RELEASED
2026-05-18 20:49:26.282,310.8722,,slider,1,0,0.00,0.37,2.30,ACTIVE,NONE,7770,0,D,D,4.55,released,RELEASED
2026-05-18 20:49:26.682,311.2718,,slider,1,0,-24.36,-27.75,-20.60,ACTIVE,NONE,7780,0,D,D,4.55,released,RELEASED
2026-05-18 20:49:27.082,311.6717,,slider,1,0,0.00,-2.02,-7.10,ACTIVE,NONE,7790,0,D,D,4.55,released,RELEASED
2026-05-18 20:49:27.482,312.0716,,slider,1,0,0.00,-0.10,-0.60,ACTIVE,NONE,7800,0,D,D,4.60,released,RELEASED
2026-05-18 20:49:27.882,312.4720,,slider,1,0,0.00,-0.00,-0.10,ACTIVE,NONE,7810,0,D,D,4.60,released,RELEASED
2026-05-18 20:49:28.282,312.8721,,slider,1,0,0.00,-0.00,0.00,ACTIVE,NONE,7820,0,D,D,4.60,released,RELEASED
2026-05-18 20:49:28.682,313.2722,,slider,1,0,0.00,-0.00,0.00,ACTIVE,NONE,7830,0,D,D,4.65,released,RELEASED
2026-05-18 20:49:29.082,313.6719,,slider,1,0,0.00,-0.00,0.00,ACTIVE,NONE,7840,0,D,D,4.65,released,RELEASED
2026-05-18 20:49:29.482,314.0718,,slider,1,0,30.41,17.64,5.00,ACTIVE,NONE,7850,0,D,D,4.70,released,RELEASED
2026-05-18 20:49:29.882,314.4719,,slider,1,0,0.00,16.79,24.00,ACTIVE,NONE,7860,0,D,D,4.65,released,RELEASED
2026-05-18 20:49:30.282,314.8715,,slider,1,0,0.00,0.83,3.30,ACTIVE,NONE,7870,0,D,D,4.70,released,RELEASED
2026-05-18 20:49:30.682,315.2715,,slider,1,0,0.00,0.04,0.20,ACTIVE,NONE,7880,0,D,D,4.70,released,RELEASED
2026-05-18 20:49:31.082,315.6715,,slider,1,0,0.00,0.00,0.00,ACTIVE,NONE,7890,0,D,D,4.70,released,RELEASED
2026-05-18 20:49:31.482,316.0716,,slider,1,0,0.00,0.00,0.00,ACTIVE,NONE,7900,0,D,D,4.70,released,RELEASED
2026-05-18 20:49:31.882,316.4720,,slider,1,0,0.00,0.00,0.00,ACTIVE,NONE,7910,0,D,D,4.75,released,RELEASED
2026-05-18 20:49:32.282,316.8717,,slider,1,0,0.00,0.00,0.00,ACTIVE,NONE,7920,0,D,D,4.75,released,RELEASED
2026-05-18 20:49:32.682,317.2717,,slider,1,0,0.00,0.00,0.00,ACTIVE,NONE,7930,0,D,D,4.75,released,RELEASED
2026-05-18 20:49:33.082,317.6718,,slider,1,0,0.00,0.00,0.00,ACTIVE,NONE,7940,0,D,D,4.75,released,RELEASED
2026-05-18 20:49:33.482,318.0716,,slider,1,0,0.00,0.00,0.00,ACTIVE,NONE,7950,0,D,D,4.80,released,RELEASED
2026-05-18 20:49:33.877,318.4670,,slider,1,0,18.39,16.50,12.60,ACTIVE,NONE,7960,0,D,D,4.80,released,RELEASED
2026-05-18 20:49:34.281,318.8707,,slider,1,0,15.43,16.86,17.30,ACTIVE,NONE,7970,0,D,D,4.80,released,RELEASED
2026-05-18 20:49:34.681,319.2707,,slider,1,0,13.95,12.13,12.70,ACTIVE,NONE,7980,0,D,D,4.80,released,RELEASED
2026-05-18 20:49:35.082,319.6721,,slider,1,0,0.00,1.60,4.60,ACTIVE,NONE,7990,0,D,D,4.80,released,RELEASED
2026-05-18 20:49:35.483,320.0723,,slider,1,0,0.00,0.08,0.40,ACTIVE,NONE,8000,0,D,D,4.80,released,RELEASED
2026-05-18 20:49:35.883,320.4730,,slider,1,0,0.00,3.43,0.90,ACTIVE,NONE,8010,0,D,D,4.75,released,RELEASED
2026-05-18 20:49:36.283,320.8728,,slider,1,0,0.00,0.76,2.80,ACTIVE,NONE,8020,0,D,D,4.80,released,RELEASED
2026-05-18 20:49:36.683,321.2731,,slider,1,0,0.00,0.04,0.20,ACTIVE,NONE,8030,0,D,D,4.80,released,RELEASED
2026-05-18 20:49:37.083,321.6726,,slider,1,0,0.00,0.00,-0.10,ACTIVE,NONE,8040,0,D,D,4.80,released,RELEASED
2026-05-18 20:49:37.483,322.0723,,slider,1,0,0.00,0.00,-0.10,ACTIVE,NONE,8050,0,D,D,4.85,released,RELEASED
2026-05-18 20:49:37.883,322.4727,,slider,1,0,0.00,0.00,-0.10,ACTIVE,NONE,8060,0,D,D,4.85,released,RELEASED
2026-05-18 20:49:38.283,322.8729,,slider,1,0,0.00,0.00,-0.10,ACTIVE,NONE,8070,0,D,D,4.85,released,RELEASED
2026-05-18 20:49:38.683,323.2725,,slider,1,0,6.59,0.00,-0.10,ACTIVE,NONE,8080,0,D,D,4.85,released,RELEASED
2026-05-18 20:49:39.083,323.6722,,slider,1,0,27.38,22.37,15.80,ACTIVE,NONE,8090,0,D,D,4.80,released,RELEASED
2026-05-18 20:49:39.483,324.0723,,slider,1,0,30.41,29.27,27.10,ACTIVE,NONE,8100,0,D,D,4.80,released,RELEASED
2026-05-18 20:49:39.882,324.4721,,slider,1,0,39.64,37.09,33.50,ACTIVE,NONE,8110,0,D,D,4.75,released,RELEASED
2026-05-18 20:49:40.283,324.8724,,slider,1,0,35.00,36.37,37.90,ACTIVE,NONE,8120,0,D,D,4.75,released,RELEASED
2026-05-18 20:49:40.683,325.2724,,slider,1,0,30.41,35.63,37.20,ACTIVE,NONE,8130,0,D,D,4.70,released,RELEASED
2026-05-18 20:49:41.083,325.6724,,slider,1,0,27.38,27.43,28.70,ACTIVE,NONE,8140,0,D,D,4.70,released,RELEASED
2026-05-18 20:49:41.483,326.0726,,slider,1,0,27.38,26.44,26.20,ACTIVE,NONE,8150,0,D,D,4.70,released,RELEASED
2026-05-18 20:49:41.883,326.4727,,slider,1,0,27.38,28.20,27.50,ACTIVE,NONE,8160,0,D,D,4.65,released,RELEASED
2026-05-18 20:49:42.283,326.8727,,slider,1,0,24.36,23.83,26.30,ACTIVE,NONE,8170,0,D,D,4.60,released,RELEASED
2026-05-18 20:49:42.683,327.2723,,slider,1,0,24.36,25.20,24.90,ACTIVE,NONE,8180,0,D,D,4.55,released,RELEASED
2026-05-18 20:49:43.083,327.6724,,slider,1,0,25.87,25.30,24.90,ACTIVE,NONE,8190,0,D,D,4.55,released,RELEASED
2026-05-18 20:49:43.483,328.0724,,slider,1,0,24.36,22.85,24.50,ACTIVE,NONE,8200,0,D,D,4.50,released,RELEASED
2026-05-18 20:49:43.883,328.4727,,slider,1,0,15.43,21.43,22.40,ACTIVE,NONE,8210,0,D,D,4.45,released,RELEASED
2026-05-18 20:49:44.282,328.8720,,slider,1,0,9.53,12.16,13.90,ACTIVE,NONE,8220,0,D,D,4.40,released,RELEASED
2026-05-18 20:49:44.677,329.2668,,slider,1,0,6.59,7.88,9.10,ACTIVE,NONE,8230,0,D,D,4.40,released,RELEASED
2026-05-18 20:49:45.083,329.6721,,slider,1,0,6.59,7.19,7.50,ACTIVE,NONE,8240,0,D,D,4.35,released,RELEASED
2026-05-18 20:49:45.483,330.0722,,slider,1,0,0.00,5.51,6.50,ACTIVE,NONE,8250,0,D,D,4.25,released,RELEASED
2026-05-18 20:49:45.883,330.4724,,slider,1,0,0.00,0.27,0.80,ACTIVE,NONE,8260,0,D,D,4.20,released,RELEASED
2026-05-18 20:49:46.283,330.8726,,slider,1,0,0.00,0.01,0.10,ACTIVE,NONE,8270,0,D,D,4.20,released,RELEASED
2026-05-18 20:49:46.684,331.2736,,slider,1,0,22.87,22.38,11.90,ACTIVE,NONE,8280,0,D,D,4.15,released,RELEASED
2026-05-18 20:49:47.085,331.6746,,slider,1,0,13.95,17.85,19.40,ACTIVE,NONE,8290,0,D,D,4.15,released,RELEASED
2026-05-18 20:49:47.486,332.0752,,slider,1,0,0.00,2.67,7.50,ACTIVE,NONE,8300,0,D,D,4.10,released,RELEASED
2026-05-18 20:49:47.886,332.4758,,slider,1,0,0.00,0.13,0.60,ACTIVE,NONE,8310,0,D,D,4.05,released,RELEASED
2026-05-18 20:49:48.287,332.8764,,slider,1,0,0.00,0.01,0.00,ACTIVE,NONE,8320,0,D,D,4.05,released,RELEASED
2026-05-18 20:49:48.686,333.2753,,slider,1,0,0.00,0.00,0.00,ACTIVE,NONE,8330,0,D,D,4.05,released,RELEASED
2026-05-18 20:49:49.086,333.6759,,slider,1,0,0.00,0.00,-0.10,ACTIVE,NONE,8340,0,D,D,4.05,released,RELEASED
2026-05-18 20:49:49.486,334.0758,,slider,1,0,9.53,2.98,-0.10,ACTIVE,NONE,8350,0,D,D,4.00,released,RELEASED
2026-05-18 20:49:49.892,334.4811,,slider,1,0,33.46,34.65,29.80,ACTIVE,NONE,8360,0,D,D,4.00,released,RELEASED
2026-05-18 20:49:50.291,334.8810,,slider,1,0,44.35,36.25,33.50,ACTIVE,NONE,8370,0,D,D,4.00,released,RELEASED
2026-05-18 20:49:50.691,335.2806,,slider,1,0,67.40,57.15,50.10,ACTIVE,NONE,8380,0,D,D,3.95,released,RELEASED
2026-05-18 20:49:51.076,335.6658,,slider,1,0,72.61,72.31,69.90,ACTIVE,NONE,8390,0,D,D,3.95,released,RELEASED
2026-05-18 20:49:51.477,336.0661,,slider,1,0,74.37,74.00,74.10,ACTIVE,NONE,8400,0,D,D,3.95,released,RELEASED
2026-05-18 20:49:51.877,336.4662,,slider,1,0,57.28,59.68,64.40,ACTIVE,NONE,8410,0,D,D,3.95,released,RELEASED
2026-05-18 20:49:52.277,336.8664,,slider,1,0,55.63,57.64,57.30,ACTIVE,NONE,8420,0,D,D,3.95,released,RELEASED
2026-05-18 20:49:52.677,337.2661,,slider,1,0,55.63,56.05,56.80,ACTIVE,NONE,8430,0,D,D,3.95,released,RELEASED
2026-05-18 20:49:53.077,337.6662,,slider,1,0,50.74,53.66,54.90,ACTIVE,NONE,8440,0,D,D,3.95,released,RELEASED
2026-05-18 20:49:53.477,338.0663,,slider,1,0,42.77,44.92,48.10,ACTIVE,NONE,8450,0,D,D,3.95,released,RELEASED
2026-05-18 20:49:53.877,338.4663,,slider,1,0,6.59,36.07,43.50,ACTIVE,NONE,8460,0,D,D,3.95,released,RELEASED
2026-05-18 20:49:54.278,338.8672,,slider,1,0,-55.63,-35.18,-14.20,ACTIVE,NONE,8470,0,D,D,3.95,released,RELEASED
2026-05-18 20:49:54.682,339.2714,,slider,1,0,-63.98,-63.36,-58.50,ACTIVE,NONE,8480,0,D,D,4.00,released,RELEASED
2026-05-18 20:49:55.082,339.6715,,slider,1,0,-41.20,-53.74,-61.00,ACTIVE,NONE,8490,0,D,D,4.00,released,RELEASED
2026-05-18 20:49:55.483,340.0725,,slider,1,0,-47.53,-42.86,-44.00,ACTIVE,NONE,8500,0,D,D,4.00,released,RELEASED
2026-05-18 20:49:55.883,340.4727,,slider,1,0,-52.36,-50.29,-47.10,ACTIVE,NONE,8510,0,D,D,4.00,released,RELEASED
2026-05-18 20:49:56.283,340.8721,,slider,1,0,-57.28,-54.74,-53.20,ACTIVE,NONE,8520,0,D,D,4.00,released,RELEASED
2026-05-18 20:49:56.683,341.2724,,slider,1,0,-72.61,-69.53,-65.50,ACTIVE,NONE,8530,0,D,D,4.00,released,RELEASED
2026-05-18 20:49:57.083,341.6720,,slider,1,0,-90.83,-89.65,-87.50,ACTIVE,NONE,8540,0,D,D,3.95,released,RELEASED
2026-05-18 20:49:57.483,342.0728,,slider,1,0,-98.53,-95.67,-92.90,ACTIVE,NONE,8550,0,D,D,3.90,released,RELEASED
2026-05-18 20:49:57.883,342.4724,,slider,1,0,-87.07,-88.21,-92.50,ACTIVE,NONE,8560,0,D,D,3.90,released,RELEASED
2026-05-18 20:49:58.283,342.8726,,slider,1,0,-47.53,-72.97,-79.90,ACTIVE,NONE,8570,0,D,D,3.85,released,RELEASED
2026-05-18 20:49:58.688,343.2773,,slider,1,0,33.46,-0.98,-23.80,ACTIVE,NONE,8580,0,D,D,3.85,released,RELEASED
2026-05-18 20:49:59.089,343.6784,,slider,1,0,42.77,43.42,33.40,ACTIVE,NONE,8590,0,D,D,3.80,released,RELEASED
2026-05-18 20:49:59.490,344.0795,,slider,1,0,-6.59,7.54,21.30,ACTIVE,NONE,8600,0,D,D,3.80,released,RELEASED
2026-05-18 20:49:59.892,344.4817,,slider,1,0,0.00,0.22,1.20,ACTIVE,NONE,8610,0,D,D,3.80,released,RELEASED
2026-05-18 20:50:00.292,344.8814,,slider,1,0,0.00,0.01,0.00,ACTIVE,NONE,8620,0,D,D,3.75,released,RELEASED
2026-05-18 20:50:00.692,345.2814,,slider,1,0,65.68,23.02,8.70,ACTIVE,NONE,8630,0,D,D,3.75,released,RELEASED
2026-05-18 20:50:01.096,345.6851,,slider,1,0,24.36,55.01,63.60,ACTIVE,NONE,8640,0,D,D,3.75,released,RELEASED
2026-05-18 20:50:01.477,346.0664,,slider,1,0,0.00,3.34,12.50,ACTIVE,NONE,8650,0,D,D,3.75,released,RELEASED
2026-05-18 20:50:01.896,346.4850,,slider,1,0,0.00,0.15,0.60,ACTIVE,NONE,8660,0,D,D,3.75,released,RELEASED
2026-05-18 20:50:02.296,346.8854,,slider,1,0,0.00,0.01,0.00,ACTIVE,NONE,8670,0,D,D,3.75,released,RELEASED
2026-05-18 20:50:02.677,347.2661,,slider,1,0,0.00,0.00,0.00,ACTIVE,NONE,8680,0,D,D,3.75,released,RELEASED
2026-05-18 20:50:03.096,347.6852,,slider,1,0,0.00,0.00,-0.10,ACTIVE,NONE,8690,0,D,D,3.75,released,RELEASED
2026-05-18 20:50:03.477,348.0664,,slider,1,0,0.00,0.00,-0.10,ACTIVE,NONE,8700,0,D,D,3.75,released,RELEASED
2026-05-18 20:50:03.896,348.4854,,slider,1,0,0.00,0.00,0.00,ACTIVE,NONE,8710,0,D,D,3.70,released,RELEASED
2026-05-18 20:50:04.277,348.8664,,slider,1,0,0.00,0.00,0.00,ACTIVE,NONE,8720,0,D,D,3.75,released,RELEASED
2026-05-18 20:50:04.696,349.2856,,slider,1,0,0.00,0.00,0.00,ACTIVE,NONE,8730,0,D,D,3.75,released,RELEASED
2026-05-18 20:50:05.077,349.6663,,slider,1,0,0.00,0.00,0.00,ACTIVE,NONE,8740,0,D,D,3.70,released,RELEASED
2026-05-18 20:50:05.477,350.0667,,slider,1,0,0.00,0.00,0.00,ACTIVE,NONE,8750,0,D,D,3.70,released,RELEASED
2026-05-18 20:50:05.877,350.4666,,slider,1,0,0.00,-6.20,-1.90,ACTIVE,NONE,8760,0,D,D,3.70,released,RELEASED
2026-05-18 20:50:06.278,350.8672,,slider,1,0,0.00,-20.66,-27.80,ACTIVE,NONE,8770,0,D,D,3.70,released,RELEASED
2026-05-18 20:50:06.678,351.2676,,slider,1,0,0.00,-1.02,-3.90,ACTIVE,NONE,8780,0,D,D,3.70,released,RELEASED
2026-05-18 20:50:07.079,351.6679,,slider,1,0,0.00,-0.05,-0.30,ACTIVE,NONE,8790,0,D,D,3.65,released,RELEASED
2026-05-18 20:50:07.479,352.0680,,slider,1,0,0.00,-0.00,0.00,ACTIVE,NONE,8800,0,D,D,3.65,released,RELEASED
2026-05-18 20:50:07.879,352.4683,,slider,1,0,0.00,-0.00,0.10,ACTIVE,NONE,8810,0,D,D,3.60,released,RELEASED
2026-05-18 20:50:08.279,352.8679,,slider,1,0,0.00,-0.00,0.10,ACTIVE,NONE,8820,0,D,D,3.60,released,RELEASED
2026-05-18 20:50:08.679,353.2681,,slider,1,0,0.00,-0.00,0.00,ACTIVE,NONE,8830,0,D,D,3.60,released,RELEASED
2026-05-18 20:50:09.079,353.6680,,slider,1,0,0.00,-0.00,0.00,ACTIVE,NONE,8840,0,D,D,3.55,released,RELEASED
2026-05-18 20:50:09.479,354.0680,,slider,1,0,0.00,-0.00,0.00,ACTIVE,NONE,8850,0,D,D,3.55,released,RELEASED
2026-05-18 20:50:09.879,354.4678,,slider,1,0,0.00,-0.00,-0.10,ACTIVE,NONE,8860,0,D,D,3.55,released,RELEASED
2026-05-18 20:50:10.279,354.8682,,slider,1,0,0.00,-0.00,-0.10,ACTIVE,NONE,8870,0,D,D,3.55,released,RELEASED
2026-05-18 20:50:10.679,355.2684,,slider,1,0,0.00,-0.00,-0.10,ACTIVE,NONE,8880,0,D,D,3.50,released,RELEASED
2026-05-18 20:50:11.079,355.6686,,slider,1,0,0.00,-0.00,-0.10,ACTIVE,NONE,8890,0,D,D,3.55,released,RELEASED
2026-05-18 20:50:11.479,356.0684,,slider,1,0,0.00,-0.00,-0.10,ACTIVE,NONE,8900,0,D,D,3.55,released,RELEASED
2026-05-18 20:50:11.879,356.4680,,slider,1,0,-27.38,-12.09,-2.10,ACTIVE,NONE,8910,0,D,D,3.50,released,RELEASED
2026-05-18 20:50:12.279,356.8685,,slider,1,0,-31.93,-29.81,-26.10,ACTIVE,NONE,8920,0,D,D,3.50,released,RELEASED
2026-05-18 20:50:12.680,357.2691,,slider,1,0,-30.41,-31.28,-31.80,ACTIVE,NONE,8930,0,D,D,3.50,released,RELEASED
2026-05-18 20:50:13.079,357.6684,,slider,1,0,-27.38,-28.77,-29.90,ACTIVE,NONE,8940,0,D,D,3.50,released,RELEASED
2026-05-18 20:50:13.480,358.0691,,slider,1,0,-28.89,-28.71,-28.50,ACTIVE,NONE,8950,0,D,D,3.50,released,RELEASED
2026-05-18 20:50:13.879,358.4686,,slider,1,0,-28.89,-29.39,-28.60,ACTIVE,NONE,8960,0,D,D,3.50,released,RELEASED
2026-05-18 20:50:14.279,358.8686,,slider,1,0,-28.89,-29.46,-29.00,ACTIVE,NONE,8970,0,D,D,3.50,released,RELEASED
2026-05-18 20:50:14.680,359.2690,,slider,1,0,-31.93,-31.67,-30.70,ACTIVE,NONE,8980,0,D,D,3.45,released,RELEASED
2026-05-18 20:50:15.079,359.6686,,slider,1,0,-30.41,-31.41,-31.80,ACTIVE,NONE,8990,0,D,D,3.45,released,RELEASED
2026-05-18 20:50:15.480,360.0691,,slider,1,0,-19.88,-21.90,-26.00,ACTIVE,NONE,9000,0,D,D,3.45,released,RELEASED
2026-05-18 20:50:15.880,360.4688,,slider,1,0,0.00,-1.60,-5.30,ACTIVE,NONE,9010,0,D,D,3.45,released,RELEASED
2026-05-18 20:50:16.280,360.8696,,slider,1,0,0.00,-0.08,-0.50,ACTIVE,NONE,9020,0,D,D,3.45,released,RELEASED
2026-05-18 20:50:16.680,361.2689,,slider,1,0,0.00,-0.00,0.00,ACTIVE,NONE,9030,0,D,D,3.50,released,RELEASED
2026-05-18 20:50:17.080,361.6688,,slider,1,0,0.00,-0.00,0.00,ACTIVE,NONE,9040,0,D,D,3.50,released,RELEASED
2026-05-18 20:50:17.480,362.0689,,slider,1,0,0.00,-0.00,0.00,ACTIVE,NONE,9050,0,D,D,3.50,released,RELEASED
2026-05-18 20:50:17.880,362.4690,,slider,1,0,0.00,-0.00,0.00,ACTIVE,NONE,9060,0,D,D,3.50,released,RELEASED
2026-05-18 20:50:18.280,362.8689,,slider,1,0,0.00,-0.00,0.00,ACTIVE,NONE,9070,0,D,D,3.50,released,RELEASED
2026-05-18 20:50:18.680,363.2689,,slider,1,0,0.00,-0.00,0.00,ACTIVE,NONE,9080,0,D,D,3.50,released,RELEASED
2026-05-18 20:50:19.080,363.6691,,slider,1,0,0.00,-0.00,0.00,ACTIVE,NONE,9090,0,D,D,3.50,released,RELEASED
2026-05-18 20:50:19.480,364.0692,,slider,1,0,0.00,-0.00,0.00,ACTIVE,NONE,9100,0,D,D,3.50,released,RELEASED
2026-05-18 20:50:19.880,364.4690,,slider,1,0,-27.38,-6.00,-0.20,ACTIVE,NONE,9110,0,D,D,3.50,released,RELEASED
2026-05-18 20:50:20.281,364.8698,,slider,1,0,-290.83,-19.60,-4.30,ACTIVE,NONE,9120,0,D,D,3.50,released,RELEASED
2026-05-18 20:50:20.680,365.2695,,slider,1,0,-76.14,-91.60,-69.40,ACTIVE,NONE,9130,0,D,D,3.50,released,RELEASED
2026-05-18 20:50:21.080,365.6696,,slider,1,0,-87.07,-133.60,-138.70,ACTIVE,NONE,9140,0,D,D,3.45,released,RELEASED
2026-05-18 20:50:21.488,366.0767,,slider,1,0,0.00,-64.60,-87.20,ACTIVE,NONE,9150,0,D,D,3.45,released,RELEASED
2026-05-18 20:50:21.898,366.4873,,slider,1,0,0.00,-1.10,-17.70,ACTIVE,NONE,9160,0,D,D,3.45,released,RELEASED
2026-05-18 20:50:22.293,366.8825,,slider,1,0,0.00,-0.06,-0.80,ACTIVE,NONE,9170,0,D,D,3.45,released,RELEASED
2026-05-18 20:50:22.696,367.2851,,slider,1,0,0.00,-0.00,0.00,ACTIVE,NONE,9180,0,D,D,3.45,released,RELEASED
2026-05-18 20:50:23.096,367.6852,,slider,1,0,-44.35,-42.74,-27.40,ACTIVE,NONE,9190,0,D,D,3.45,released,RELEASED
2026-05-18 20:50:23.496,368.0852,,slider,1,0,-25.87,-44.76,-52.50,ACTIVE,NONE,9200,0,D,D,3.45,released,RELEASED
2026-05-18 20:50:23.881,368.4701,,slider,1,0,-50.74,-39.11,-38.10,ACTIVE,NONE,9210,0,D,D,3.50,released,RELEASED
2026-05-18 20:50:24.285,368.8739,,slider,1,0,0.00,-34.78,-53.50,ACTIVE,NONE,9220,0,D,D,3.45,released,RELEASED
2026-05-18 20:50:24.685,369.2744,,slider,1,0,0.00,-1.23,-5.50,ACTIVE,NONE,9230,0,D,D,3.50,released,RELEASED
2026-05-18 20:50:25.086,369.6747,,slider,1,0,0.00,-0.30,-0.70,ACTIVE,NONE,9240,0,D,D,3.50,released,RELEASED
2026-05-18 20:50:25.485,370.0743,,slider,1,0,0.00,-1.44,-1.40,ACTIVE,NONE,9250,0,D,D,3.50,released,RELEASED
2026-05-18 20:50:25.886,370.4747,,slider,1,0,0.00,-0.07,-0.70,ACTIVE,NONE,9260,0,D,D,3.50,released,RELEASED
2026-05-18 20:50:26.286,370.8750,,slider,1,0,-9.53,-0.95,-0.10,ACTIVE,NONE,9270,0,D,D,3.50,released,RELEASED
2026-05-18 20:50:26.690,371.2790,,slider,1,0,-11.00,-5.14,-1.50,ACTIVE,NONE,9280,0,D,D,3.45,released,RELEASED
2026-05-18 20:50:27.094,371.6827,,slider,1,0,-8.06,-11.13,-8.70,ACTIVE,NONE,9290,0,D,D,3.45,released,RELEASED
2026-05-18 20:50:27.489,372.0782,,slider,1,0,-6.59,-8.69,-7.50,ACTIVE,NONE,9300,0,D,D,3.45,released,RELEASED
2026-05-18 20:50:27.892,372.4815,,slider,1,0,0.00,-6.28,-7.40,ACTIVE,NONE,9310,0,D,D,3.50,released,RELEASED
2026-05-18 20:50:28.293,372.8817,,slider,1,0,0.00,-1.33,-2.90,ACTIVE,NONE,9320,0,D,D,3.45,released,RELEASED
2026-05-18 20:50:28.693,373.2818,,slider,1,0,0.00,-15.14,-17.30,ACTIVE,NONE,9330,0,D,D,3.50,released,RELEASED
2026-05-18 20:50:29.101,373.6899,,slider,1,0,-41.20,-7.71,-5.80,ACTIVE,NONE,9340,0,D,D,3.45,released,RELEASED
2026-05-18 20:50:29.481,374.0702,,slider,1,0,9.53,-39.58,-48.20,ACTIVE,NONE,9350,0,D,D,3.45,released,RELEASED
2026-05-18 20:50:29.887,374.4762,,slider,1,0,330.21,32.42,8.80,ACTIVE,NONE,9360,0,D,D,3.45,released,RELEASED
2026-05-18 20:50:30.287,374.8764,,slider,1,0,134.38,104.42,79.90,ACTIVE,NONE,9370,0,D,D,3.50,released,RELEASED
2026-05-18 20:50:30.691,375.2803,,slider,1,0,90.83,92.42,113.40,ACTIVE,NONE,9380,0,D,D,3.55,released,RELEASED
2026-05-18 20:50:31.079,375.6679,,slider,1,0,92.73,98.15,102.40,ACTIVE,NONE,9390,0,D,D,3.60,released,RELEASED
2026-05-18 20:50:31.484,376.0733,,slider,1,0,141.29,108.46,93.70,ACTIVE,NONE,9400,0,D,D,3.65,released,RELEASED
2026-05-18 20:50:31.887,376.4758,,slider,1,0,85.22,100.25,111.10,ACTIVE,NONE,9410,0,D,D,3.65,released,RELEASED
2026-05-18 20:50:32.291,376.8795,,slider,1,0,118.96,108.61,98.30,ACTIVE,NONE,9420,0,D,D,3.70,released,RELEASED
2026-05-18 20:50:32.678,377.2672,,slider,1,0,100.50,105.84,105.30,ACTIVE,NONE,9430,0,D,D,3.75,released,RELEASED
2026-05-18 20:50:33.079,377.6676,,slider,1,0,63.98,62.20,67.70,ACTIVE,NONE,9440,0,D,D,3.85,released,RELEASED
2026-05-18 20:50:33.478,378.0674,,slider,1,0,72.61,25.53,27.50,ACTIVE,NONE,9450,0,D,D,3.90,released,RELEASED
2026-05-18 20:50:33.878,378.4673,,slider,1,0,132.12,97.53,75.10,ACTIVE,NONE,9460,0,D,D,3.95,released,RELEASED
2026-05-18 20:50:34.289,378.8782,,slider,1,0,138.97,169.53,146.40,ACTIVE,NONE,9470,0,D,D,3.95,released,RELEASED
2026-05-18 20:50:34.696,379.2846,,slider,1,0,45.94,155.86,165.00,ACTIVE,NONE,9480,0,D,D,4.00,released,RELEASED
2026-05-18 20:50:35.082,379.6713,,slider,1,0,70.86,86.86,108.30,ACTIVE,NONE,9490,0,D,D,4.05,released,RELEASED
2026-05-18 20:50:35.487,380.0760,,slider,1,0,79.73,83.60,78.20,ACTIVE,NONE,9500,0,D,D,4.15,released,RELEASED
2026-05-18 20:50:35.887,380.4762,,slider,1,0,0.00,20.83,44.00,ACTIVE,NONE,9510,0,D,D,4.20,released,RELEASED
2026-05-18 20:50:36.287,380.8761,,slider,1,0,35.00,65.24,42.50,ACTIVE,NONE,9520,0,D,D,4.25,released,RELEASED
2026-05-18 20:50:36.687,381.2760,,slider,1,0,0.00,4.98,27.30,ACTIVE,NONE,9530,0,D,D,4.25,released,RELEASED
2026-05-18 20:50:37.090,381.6785,,slider,1,0,-235.03,-27.49,-7.50,ACTIVE,NONE,9540,0,D,D,4.25,released,RELEASED
2026-05-18 20:50:37.492,382.0810,,slider,1,0,-351.29,-99.49,-75.20,ACTIVE,NONE,9550,0,D,D,4.20,released,RELEASED
2026-05-18 20:50:37.893,382.4823,,slider,1,0,-155.71,-93.49,-113.70,ACTIVE,NONE,9560,0,D,D,4.15,released,RELEASED
2026-05-18 20:50:38.278,382.8670,,slider,1,0,0.00,-79.73,-97.70,ACTIVE,NONE,9570,0,D,D,4.05,released,RELEASED
2026-05-18 20:50:38.682,383.2708,,slider,1,0,0.00,-13.73,-32.90,ACTIVE,NONE,9580,0,D,D,3.95,released,RELEASED
2026-05-18 20:50:39.084,383.6725,,slider,1,0,0.00,0.31,-0.40,ACTIVE,NONE,9590,0,D,D,3.90,released,RELEASED
2026-05-18 20:50:39.484,384.0724,,slider,1,0,-31.93,-14.99,-3.00,ACTIVE,NONE,9600,0,D,D,3.85,released,RELEASED
2026-05-18 20:50:39.885,384.4737,,slider,1,0,-36.54,-60.24,-54.60,ACTIVE,NONE,9610,0,D,D,3.80,released,RELEASED
2026-05-18 20:50:40.286,384.8744,,slider,1,0,-351.29,-78.55,-59.00,ACTIVE,NONE,9620,0,D,D,3.75,released,RELEASED
2026-05-18 20:50:40.692,385.2804,,slider,1,0,-355.63,-150.55,-126.90,ACTIVE,NONE,9630,0,D,D,3.70,released,RELEASED
2026-05-18 20:50:41.091,385.6803,,slider,1,0,-355.63,-222.55,-199.50,ACTIVE,NONE,9640,0,D,D,3.65,released,RELEASED
2026-05-18 20:50:41.492,386.0806,,slider,1,0,-355.63,-294.55,-272.00,ACTIVE,NONE,9650,0,D,D,3.55,released,RELEASED
2026-05-18 20:50:41.892,386.4803,,slider,1,0,-351.29,-353.07,-343.00,ACTIVE,NONE,9660,0,D,D,3.40,released,RELEASED
2026-05-18 20:50:42.280,386.8683,,slider,1,0,-351.29,-341.59,-339.40,ACTIVE,NONE,9670,0,D,D,3.30,released,RELEASED
2026-05-18 20:50:42.679,387.2681,,slider,1,0,-351.29,-354.10,-350.90,ACTIVE,NONE,9680,0,D,D,3.20,released,RELEASED
2026-05-18 20:50:43.079,387.6677,,slider,1,0,-351.29,-348.42,-345.20,ACTIVE,NONE,9690,0,D,D,3.15,released,RELEASED
2026-05-18 20:50:43.479,388.0682,,slider,1,0,-355.63,-353.17,-351.40,ACTIVE,NONE,9700,0,D,D,3.10,released,RELEASED
2026-05-18 20:50:43.879,388.4678,,slider,1,0,-351.29,-352.10,-353.10,ACTIVE,NONE,9710,0,D,D,3.00,released,RELEASED
2026-05-18 20:50:44.279,388.8680,,slider,1,0,-351.29,-353.67,-353.80,ACTIVE,NONE,9720,0,D,D,2.90,released,RELEASED
2026-05-18 20:50:44.680,389.2683,,slider,1,0,-355.63,-353.57,-354.10,ACTIVE,NONE,9730,0,D,D,2.85,released,RELEASED
2026-05-18 20:50:45.079,389.6680,,slider,1,0,-351.29,-351.77,-353.30,ACTIVE,NONE,9740,0,D,D,2.80,released,RELEASED
2026-05-18 20:50:45.480,390.0684,,slider,1,0,-351.29,-352.20,-352.70,ACTIVE,NONE,9750,0,D,D,2.85,released,RELEASED
2026-05-18 20:50:45.879,390.4680,,slider,1,0,-351.29,-352.57,-351.70,ACTIVE,NONE,9760,0,D,D,2.85,released,RELEASED
2026-05-18 20:50:46.279,390.8682,,slider,1,0,-351.29,-351.63,-351.60,ACTIVE,NONE,9770,0,D,D,2.85,released,RELEASED
2026-05-18 20:50:46.680,391.2683,,slider,1,0,-351.29,-351.94,-351.60,ACTIVE,NONE,9780,0,D,D,2.90,released,RELEASED
2026-05-18 20:50:47.079,391.6682,,slider,1,0,-351.29,-352.48,-351.70,ACTIVE,NONE,9790,0,D,D,2.85,released,RELEASED
2026-05-18 20:50:47.480,392.0690,,slider,1,0,-355.63,-352.31,-352.00,ACTIVE,NONE,9800,0,D,D,2.80,released,RELEASED
2026-05-18 20:50:47.880,392.4684,,slider,1,0,-351.29,-352.57,-352.50,ACTIVE,NONE,9810,0,D,D,2.85,released,RELEASED
2026-05-18 20:50:48.280,392.8685,,slider,1,0,-355.63,-351.58,-352.50,ACTIVE,NONE,9820,0,D,D,2.80,released,RELEASED
2026-05-18 20:50:48.680,393.2684,,slider,1,0,-351.29,-352.94,-352.50,ACTIVE,NONE,9830,0,D,D,2.80,released,RELEASED
2026-05-18 20:50:49.080,393.6684,,slider,1,0,-351.29,-352.27,-352.60,ACTIVE,NONE,9840,0,D,D,2.80,released,RELEASED
2026-05-18 20:50:49.480,394.0685,,slider,1,0,-351.29,-351.84,-352.40,ACTIVE,NONE,9850,0,D,D,2.80,released,RELEASED
2026-05-18 20:50:49.880,394.4685,,slider,1,0,-355.63,-351.86,-351.90,ACTIVE,NONE,9860,0,D,D,2.80,released,RELEASED
2026-05-18 20:50:50.280,394.8686,,slider,1,0,-351.29,-351.66,-351.60,ACTIVE,NONE,9870,0,D,D,2.80,released,RELEASED
2026-05-18 20:50:50.680,395.2687,,slider,1,0,-351.29,-351.41,-351.60,ACTIVE,NONE,9880,0,D,D,2.85,released,RELEASED
2026-05-18 20:50:51.080,395.6686,,slider,1,0,-351.29,-351.95,-351.50,ACTIVE,NONE,9890,0,D,D,2.85,released,RELEASED
2026-05-18 20:50:51.480,396.0689,,slider,1,0,-347.00,-351.19,-351.80,ACTIVE,NONE,9900,0,D,D,2.90,released,RELEASED
2026-05-18 20:50:51.886,396.4744,,slider,1,0,-351.29,-352.02,-351.80,ACTIVE,NONE,9910,0,D,D,2.95,released,RELEASED
2026-05-18 20:50:52.286,396.8743,,slider,1,0,-351.29,-351.84,-351.80,ACTIVE,NONE,9920,0,D,D,3.00,released,RELEASED
2026-05-18 20:50:52.686,397.2745,,slider,1,0,-351.29,-351.38,-351.70,ACTIVE,NONE,9930,0,D,D,3.05,released,RELEASED
2026-05-18 20:50:53.085,397.6741,,slider,1,0,-351.29,-351.49,-351.60,ACTIVE,NONE,9940,0,D,D,3.10,released,RELEASED
2026-05-18 20:50:53.486,398.0747,,slider,1,0,-351.29,-351.43,-351.60,ACTIVE,NONE,9950,0,D,D,3.15,released,RELEASED
2026-05-18 20:50:53.885,398.4741,,slider,1,0,-351.29,-351.59,-351.60,ACTIVE,NONE,9960,0,D,D,3.25,released,RELEASED
2026-05-18 20:50:54.286,398.8747,,slider,1,0,-347.00,-350.64,-350.60,ACTIVE,NONE,9970,0,D,D,3.35,released,RELEASED
2026-05-18 20:50:54.686,399.2749,,slider,1,0,-330.21,-346.35,-348.50,ACTIVE,NONE,9980,0,D,D,3.40,released,RELEASED
2026-05-18 20:50:55.086,399.6745,,slider,1,0,-351.29,-350.23,-347.80,ACTIVE,NONE,9990,0,D,D,3.45,released,RELEASED
2026-05-18 20:50:55.486,400.0747,,slider,1,0,-351.29,-350.37,-350.70,ACTIVE,NONE,10000,0,D,D,3.50,released,RELEASED
2026-05-18 20:50:55.886,400.4747,,slider,1,0,-81.55,-329.79,-347.40,ACTIVE,NONE,10010,0,D,D,3.55,released,RELEASED
2026-05-18 20:50:56.289,400.8775,,slider,1,0,0.00,-257.79,-280.10,ACTIVE,NONE,10020,0,D,D,3.70,released,RELEASED
2026-05-18 20:50:56.689,401.2774,,slider,1,0,0.00,-185.79,-207.70,ACTIVE,NONE,10030,0,D,D,3.80,released,RELEASED
2026-05-18 20:50:57.089,401.6774,,slider,1,0,207.19,-113.79,-136.40,ACTIVE,NONE,10040,0,D,D,3.95,released,RELEASED
2026-05-18 20:50:57.489,402.0780,,slider,1,0,16.91,-41.79,-65.30,ACTIVE,NONE,10050,0,D,D,4.00,released,RELEASED
2026-05-18 20:50:57.894,402.4823,,slider,1,0,0.00,4.81,2.00,ACTIVE,NONE,10060,0,D,D,4.10,released,RELEASED
2026-05-18 20:50:58.294,402.8829,,slider,1,0,0.00,0.24,1.00,ACTIVE,NONE,10070,0,D,D,4.20,released,RELEASED
2026-05-18 20:50:58.694,403.2823,,slider,1,0,0.00,0.01,0.00,ACTIVE,NONE,10080,0,D,D,4.30,released,RELEASED
2026-05-18 20:50:59.094,403.6826,,slider,1,0,0.00,0.00,-0.10,ACTIVE,NONE,10090,0,D,D,4.40,released,RELEASED
2026-05-18 20:50:59.494,404.0824,,slider,1,0,0.00,0.00,-0.10,ACTIVE,NONE,10100,0,D,D,4.50,released,RELEASED
2026-05-18 20:50:59.894,404.4824,,slider,1,0,0.00,0.64,1.10,ACTIVE,NONE,10110,0,D,D,4.55,released,RELEASED
2026-05-18 20:51:00.295,404.8838,,slider,1,0,31.93,27.17,19.00,ACTIVE,NONE,10120,0,D,D,4.75,released,RELEASED
2026-05-18 20:51:00.696,405.2847,,slider,1,0,24.36,28.37,29.30,ACTIVE,NONE,10130,0,D,D,4.90,released,RELEASED
2026-05-18 20:51:01.096,405.6850,,slider,1,0,27.38,19.24,20.50,ACTIVE,NONE,10140,0,D,D,5.00,released,RELEASED
2026-05-18 20:51:01.496,406.0850,,slider,1,0,22.87,25.25,26.70,ACTIVE,NONE,10150,0,D,D,5.15,released,RELEASED
2026-05-18 20:51:01.896,406.4849,,slider,1,0,22.87,23.38,24.20,ACTIVE,NONE,10160,0,D,D,5.35,released,RELEASED
2026-05-18 20:51:02.296,406.8849,,slider,1,0,39.64,35.79,29.80,ACTIVE,NONE,10170,0,D,D,5.55,released,RELEASED
2026-05-18 20:51:02.697,407.2853,,slider,1,0,47.53,41.72,36.20,ACTIVE,NONE,10180,0,D,D,5.70,released,RELEASED
2026-05-18 20:51:03.096,407.6850,,slider,1,0,47.53,44.50,44.20,ACTIVE,NONE,10190,0,D,D,6.00,released,RELEASED
2026-05-18 20:51:03.497,408.0851,,slider,1,0,45.94,46.16,47.00,ACTIVE,NONE,10200,0,D,D,6.20,released,RELEASED
2026-05-18 20:51:03.897,408.4854,,slider,1,0,62.29,56.84,52.00,ACTIVE,NONE,10210,0,D,D,6.40,released,RELEASED
2026-05-18 20:51:04.297,408.8855,,slider,1,0,36.54,40.77,46.50,ACTIVE,NONE,10220,0,D,D,6.55,released,RELEASED
2026-05-18 20:51:04.681,409.2700,,slider,1,0,9.53,17.04,26.20,ACTIVE,NONE,10230,0,D,D,6.35,released,RELEASED
2026-05-18 20:51:05.084,409.6730,,slider,1,0,47.53,41.89,30.10,ACTIVE,NONE,10240,0,D,D,6.25,released,RELEASED
2026-05-18 20:51:05.484,410.0729,,slider,1,0,38.09,37.83,39.90,ACTIVE,NONE,10250,0,D,D,6.00,released,RELEASED
2026-05-18 20:51:05.885,410.4731,,slider,1,0,33.46,34.73,35.30,ACTIVE,NONE,10260,0,D,D,5.90,released,RELEASED
2026-05-18 20:51:06.285,410.8734,,slider,1,0,35.00,35.68,35.30,ACTIVE,NONE,10270,0,D,D,6.00,released,RELEASED
2026-05-18 20:51:06.685,411.2738,,slider,1,0,30.41,34.05,35.20,ACTIVE,NONE,10280,0,D,D,5.85,released,RELEASED
2026-05-18 20:51:07.085,411.6730,,slider,1,0,21.37,22.83,26.30,ACTIVE,NONE,10290,0,D,D,5.90,released,RELEASED
2026-05-18 20:51:07.485,412.0735,,slider,1,0,0.00,13.75,16.90,ACTIVE,NONE,10300,0,D,D,5.95,released,RELEASED
2026-05-18 20:51:07.888,412.4762,,slider,1,0,8.06,9.29,9.00,ACTIVE,NONE,10310,0,D,D,5.90,released,RELEASED
2026-05-18 20:51:08.288,412.8765,,slider,1,0,24.36,20.21,14.80,ACTIVE,NONE,10320,0,D,D,5.90,released,RELEASED
2026-05-18 20:51:08.688,413.2765,,slider,1,0,18.39,19.50,20.60,ACTIVE,NONE,10330,0,D,D,5.90,released,RELEASED
2026-05-18 20:51:09.088,413.6766,,slider,1,0,13.95,15.36,17.70,ACTIVE,NONE,10340,0,D,D,5.70,released,RELEASED
2026-05-18 20:51:09.488,414.0767,,slider,1,0,24.36,18.54,14.90,ACTIVE,NONE,10350,0,D,D,5.70,released,RELEASED
2026-05-18 20:51:09.888,414.4764,,slider,1,0,24.36,20.24,19.00,ACTIVE,NONE,10360,0,D,D,5.60,released,RELEASED
2026-05-18 20:51:10.288,414.8764,,slider,1,0,25.87,26.17,25.30,ACTIVE,NONE,10370,0,D,D,5.45,released,RELEASED
2026-05-18 20:51:10.688,415.2765,,slider,1,0,19.88,22.22,24.30,ACTIVE,NONE,10380,0,D,D,5.35,released,RELEASED
2026-05-18 20:51:11.088,415.6766,,slider,1,0,13.95,15.77,17.70,ACTIVE,NONE,10390,0,D,D,5.25,released,RELEASED
2026-05-18 20:51:11.488,416.0766,,slider,1,0,27.38,25.72,20.70,ACTIVE,NONE,10400,0,D,D,5.20,released,RELEASED
2026-05-18 20:51:11.888,416.4767,,slider,1,0,25.87,27.11,27.40,ACTIVE,NONE,10410,0,D,D,5.05,released,RELEASED
2026-05-18 20:51:12.288,416.8769,,slider,1,0,38.09,32.49,27.90,ACTIVE,NONE,10420,0,D,D,5.10,released,RELEASED
2026-05-18 20:51:12.689,417.2771,,slider,1,0,38.09,37.09,35.80,ACTIVE,NONE,10430,0,D,D,5.15,released,RELEASED
2026-05-18 20:51:13.089,417.6771,,slider,1,0,31.93,30.83,34.30,ACTIVE,NONE,10440,0,D,D,5.10,released,RELEASED
2026-05-18 20:51:13.489,418.0771,,slider,1,0,31.93,36.68,35.80,ACTIVE,NONE,10450,0,D,D,5.15,released,RELEASED
2026-05-18 20:51:13.889,418.4772,,slider,1,0,21.37,21.75,24.50,ACTIVE,NONE,10460,0,D,D,5.15,released,RELEASED
2026-05-18 20:51:14.289,418.8772,,slider,1,0,35.00,32.84,29.00,ACTIVE,NONE,10470,0,D,D,5.15,released,RELEASED
2026-05-18 20:51:14.689,419.2772,,slider,1,0,30.41,28.71,30.70,ACTIVE,NONE,10480,0,D,D,5.10,released,RELEASED
2026-05-18 20:51:15.089,419.6772,,slider,1,0,28.89,28.99,29.90,ACTIVE,NONE,10490,0,D,D,5.10,released,RELEASED
2026-05-18 20:51:15.489,420.0772,,slider,1,0,35.00,34.99,30.90,ACTIVE,NONE,10500,0,D,D,5.05,released,RELEASED
2026-05-18 20:51:15.889,420.4773,,slider,1,0,41.20,38.38,36.00,ACTIVE,NONE,10510,0,D,D,5.00,released,RELEASED
2026-05-18 20:51:16.289,420.8772,,slider,1,0,42.77,37.52,38.50,ACTIVE,NONE,10520,0,D,D,5.00,released,RELEASED
2026-05-18 20:51:16.689,421.2771,,slider,1,0,36.54,39.16,41.50,ACTIVE,NONE,10530,0,D,D,5.00,released,RELEASED
2026-05-18 20:51:17.089,421.6770,,slider,1,0,41.20,38.07,36.40,ACTIVE,NONE,10540,0,D,D,5.00,released,RELEASED
2026-05-18 20:51:17.489,422.0771,,slider,1,0,50.74,39.51,34.30,ACTIVE,NONE,10550,0,D,D,4.95,released,RELEASED
2026-05-18 20:51:17.889,422.4771,,slider,1,0,45.94,48.17,49.30,ACTIVE,NONE,10560,0,D,D,4.90,released,RELEASED
2026-05-18 20:51:18.293,422.8817,,slider,1,0,63.98,62.64,52.20,ACTIVE,NONE,10570,0,D,D,4.90,released,RELEASED
2026-05-18 20:51:18.693,423.2816,,slider,1,0,45.94,47.35,50.80,ACTIVE,NONE,10580,0,D,D,4.90,released,RELEASED
2026-05-18 20:51:19.094,423.6819,,slider,1,0,35.00,40.59,43.90,ACTIVE,NONE,10590,0,D,D,4.85,released,RELEASED
2026-05-18 20:51:19.493,424.0818,,slider,1,0,30.41,33.57,36.20,ACTIVE,NONE,10600,0,D,D,4.85,released,RELEASED
2026-05-18 20:51:19.894,424.4819,,slider,1,0,31.93,31.69,31.50,ACTIVE,NONE,10610,0,D,D,4.80,released,RELEASED
2026-05-18 20:51:20.294,424.8827,,slider,1,0,45.94,23.43,22.00,ACTIVE,NONE,10620,0,D,D,4.75,released,RELEASED
2026-05-18 20:51:20.694,425.2826,,slider,1,0,41.20,41.13,39.30,ACTIVE,NONE,10630,0,D,D,4.75,released,RELEASED
2026-05-18 20:51:21.095,425.6828,,slider,1,0,70.86,73.13,58.00,ACTIVE,NONE,10640,0,D,D,4.70,released,RELEASED
2026-05-18 20:51:21.495,426.0829,,slider,1,0,-65.68,24.22,45.90,ACTIVE,NONE,10650,0,D,D,4.65,released,RELEASED
2026-05-18 20:51:21.895,426.4836,,slider,1,0,79.73,-41.29,-23.40,ACTIVE,NONE,10660,0,D,D,4.60,released,RELEASED
2026-05-18 20:51:22.296,426.8838,,slider,1,0,13.95,30.71,7.30,ACTIVE,NONE,10670,0,D,D,4.60,released,RELEASED
2026-05-18 20:51:22.695,427.2837,,slider,1,0,0.00,-7.11,12.10,ACTIVE,NONE,10680,0,D,D,4.55,released,RELEASED
2026-05-18 20:51:23.097,427.6854,,slider,1,0,-50.74,-15.36,-3.80,ACTIVE,NONE,10690,0,D,D,4.55,released,RELEASED
2026-05-18 20:51:23.483,428.0714,,slider,1,0,0.00,-11.34,-25.00,ACTIVE,NONE,10700,0,D,D,4.50,released,RELEASED
2026-05-18 20:51:23.889,428.4775,,slider,1,0,0.00,-0.64,-2.60,ACTIVE,NONE,10710,0,D,D,4.50,released,RELEASED
2026-05-18 20:51:24.289,428.8775,,slider,1,0,0.00,-0.03,-0.20,ACTIVE,NONE,10720,0,D,D,4.50,released,RELEASED
2026-05-18 20:51:24.689,429.2774,,slider,1,0,0.00,-0.00,0.00,ACTIVE,NONE,10730,0,D,D,4.45,released,RELEASED
2026-05-18 20:51:25.089,429.6775,,slider,1,0,9.53,62.80,38.70,ACTIVE,NONE,10740,0,D,D,4.45,released,RELEASED
2026-05-18 20:51:25.495,430.0828,,slider,1,0,-351.29,26.80,49.10,ACTIVE,NONE,10750,0,D,D,4.40,released,RELEASED
2026-05-18 20:51:25.896,430.4838,,slider,1,0,-69.12,-45.20,-20.40,ACTIVE,NONE,10760,0,D,D,4.35,released,RELEASED
2026-05-18 20:51:26.286,430.8746,,slider,1,0,0.00,-60.18,-71.30,ACTIVE,NONE,10770,0,D,D,4.35,released,RELEASED
2026-05-18 20:51:26.688,431.2762,,slider,1,0,141.29,11.82,-11.90,ACTIVE,NONE,10780,0,D,D,4.30,released,RELEASED
2026-05-18 20:51:27.093,431.6808,,slider,1,0,351.29,67.86,44.80,ACTIVE,NONE,10790,0,D,D,4.25,released,RELEASED
2026-05-18 20:51:27.495,432.0832,,slider,1,0,-45.94,115.86,114.30,ACTIVE,NONE,10800,0,D,D,4.20,released,RELEASED
2026-05-18 20:51:27.881,432.4689,,slider,1,0,-94.65,46.86,69.80,ACTIVE,NONE,10810,0,D,D,4.20,released,RELEASED
2026-05-18 20:51:28.285,432.8735,,slider,1,0,-72.61,-25.14,-1.50,ACTIVE,NONE,10820,0,D,D,4.20,released,RELEASED
2026-05-18 20:51:28.692,433.2801,,slider,1,0,-53.99,-49.62,-46.40,ACTIVE,NONE,10830,0,D,D,4.20,released,RELEASED
2026-05-18 20:51:29.092,433.6802,,slider,1,0,-41.20,-51.64,-58.90,ACTIVE,NONE,10840,0,D,D,4.25,released,RELEASED
2026-05-18 20:51:29.492,434.0802,,slider,1,0,0.00,-2.73,-10.90,ACTIVE,NONE,10850,0,D,D,4.25,released,RELEASED
2026-05-18 20:51:29.893,434.4813,,slider,1,0,0.00,-0.60,-1.60,ACTIVE,NONE,10860,0,D,D,4.30,released,RELEASED
2026-05-18 20:51:30.293,434.8810,,slider,1,0,0.00,-0.03,-0.10,ACTIVE,NONE,10870,0,D,D,4.30,released,RELEASED
2026-05-18 20:51:30.694,435.2825,,slider,1,0,-42.77,-11.76,-0.30,ACTIVE,NONE,10880,0,D,D,4.35,released,RELEASED
2026-05-18 20:51:31.095,435.6831,,slider,1,0,-92.73,-83.76,-59.00,ACTIVE,NONE,10890,0,D,D,4.40,released,RELEASED
2026-05-18 20:51:31.495,436.0833,,slider,1,0,-87.07,-83.32,-85.10,ACTIVE,NONE,10900,0,D,D,4.40,released,RELEASED
2026-05-18 20:51:31.895,436.4834,,slider,1,0,-92.73,-80.69,-82.90,ACTIVE,NONE,10910,0,D,D,4.45,released,RELEASED
2026-05-18 20:51:32.296,436.8838,,slider,1,0,-102.48,-95.86,-90.80,ACTIVE,NONE,10920,0,D,D,4.45,released,RELEASED
2026-05-18 20:51:32.681,437.2694,,slider,1,0,-88.95,-94.40,-95.10,ACTIVE,NONE,10930,0,D,D,4.45,released,RELEASED
2026-05-18 20:51:33.081,437.6695,,slider,1,0,30.41,-36.10,-58.50,ACTIVE,NONE,10940,0,D,D,4.50,released,RELEASED
2026-05-18 20:51:33.483,438.0715,,slider,1,0,0.00,14.77,10.70,ACTIVE,NONE,10950,0,D,D,4.50,released,RELEASED
2026-05-18 20:51:33.891,438.4796,,slider,1,0,-67.40,-15.63,0.60,ACTIVE,NONE,10960,0,D,D,4.50,released,RELEASED
2026-05-18 20:51:34.297,438.8848,,slider,1,0,-6.59,-31.40,-48.30,ACTIVE,NONE,10970,0,D,D,4.50,released,RELEASED
2026-05-18 20:51:34.700,439.2877,,slider,1,0,0.00,-1.40,-5.90,ACTIVE,NONE,10980,0,D,D,4.55,released,RELEASED
2026-05-18 20:51:35.080,439.6684,,slider,1,0,-50.74,-15.79,-1.80,ACTIVE,NONE,10990,0,D,D,4.55,released,RELEASED
2026-05-18 20:51:35.481,440.0686,,slider,1,0,-33.46,-36.71,-36.10,ACTIVE,NONE,11000,0,D,D,4.55,released,RELEASED
2026-05-18 20:51:35.881,440.4686,,slider,1,0,-47.53,-9.19,-11.70,ACTIVE,NONE,11010,0,D,D,4.60,released,RELEASED
2026-05-18 20:51:36.285,440.8726,,slider,1,0,0.00,-5.91,-15.40,ACTIVE,NONE,11020,0,D,D,4.55,released,RELEASED
2026-05-18 20:51:36.685,441.2735,,slider,1,0,0.00,-0.29,-1.30,ACTIVE,NONE,11030,0,D,D,4.55,released,RELEASED
2026-05-18 20:51:37.086,441.6739,,slider,1,0,-65.68,-22.03,-4.00,ACTIVE,NONE,11040,0,D,D,4.55,released,RELEASED
2026-05-18 20:51:37.489,442.0772,,slider,1,0,0.00,-46.84,-60.80,ACTIVE,NONE,11050,0,D,D,4.50,released,RELEASED
2026-05-18 20:51:37.891,442.4791,,slider,1,0,0.00,-24.64,-17.60,ACTIVE,NONE,11060,0,D,D,4.50,released,RELEASED
2026-05-18 20:51:38.291,442.8791,,slider,1,0,0.00,-1.22,-4.80,ACTIVE,NONE,11070,0,D,D,4.45,released,RELEASED
2026-05-18 20:51:38.692,443.2796,,slider,1,0,0.00,-0.06,-0.20,ACTIVE,NONE,11080,0,D,D,4.45,released,RELEASED
2026-05-18 20:51:39.091,443.6793,,slider,1,0,0.00,-0.00,0.00,ACTIVE,NONE,11090,0,D,D,4.45,released,RELEASED
2026-05-18 20:51:39.491,444.0791,,slider,1,0,-55.63,-44.76,-21.20,ACTIVE,NONE,11100,0,D,D,4.40,released,RELEASED
2026-05-18 20:51:39.897,444.4849,,slider,1,0,0.00,-11.13,-24.70,ACTIVE,NONE,11110,0,D,D,4.35,released,RELEASED
2026-05-18 20:51:40.297,444.8850,,slider,1,0,-6.59,-2.41,-3.90,ACTIVE,NONE,11120,0,D,D,4.30,released,RELEASED
2026-05-18 20:51:40.697,445.2852,,slider,1,0,0.00,-0.35,-1.30,ACTIVE,NONE,11130,0,D,D,4.30,released,RELEASED
2026-05-18 20:51:41.097,445.6850,,slider,1,0,0.00,-0.02,-0.20,ACTIVE,NONE,11140,0,D,D,4.25,released,RELEASED
2026-05-18 20:51:41.497,446.0851,,slider,1,0,0.00,-0.00,0.00,ACTIVE,NONE,11150,0,D,D,4.25,released,RELEASED
2026-05-18 20:51:41.897,446.4851,,slider,1,0,0.00,-0.00,0.00,ACTIVE,NONE,11160,0,D,D,4.20,released,RELEASED
2026-05-18 20:51:42.297,446.8853,,slider,1,0,0.00,-0.00,0.00,ACTIVE,NONE,11170,0,D,D,4.15,released,RELEASED
2026-05-18 20:51:42.697,447.2853,,slider,1,0,0.00,-0.00,0.00,ACTIVE,NONE,11180,0,D,D,4.10,released,RELEASED
2026-05-18 20:51:43.097,447.6852,,slider,1,0,0.00,-0.00,0.00,ACTIVE,NONE,11190,0,D,D,4.10,released,RELEASED
2026-05-18 20:51:43.497,448.0852,,slider,1,0,0.00,-0.00,0.00,ACTIVE,NONE,11200,0,D,D,4.05,released,RELEASED
2026-05-18 20:51:43.897,448.4854,,slider,1,0,0.00,-0.00,0.00,ACTIVE,NONE,11210,0,D,D,3.95,released,RELEASED
2026-05-18 20:51:44.298,448.8855,,slider,1,0,0.00,-0.00,-0.10,ACTIVE,NONE,11220,0,D,D,3.90,released,RELEASED
2026-05-18 20:51:44.697,449.2853,,slider,1,0,0.00,-0.00,-0.10,ACTIVE,NONE,11230,0,D,D,3.80,PRESSED,FAULT
2026-05-18 20:51:45.098,449.6860,,slider,1,0,0.00,-0.00,-0.10,ACTIVE,NONE,11240,0,D,D,3.55,PRESSED,FAULT
2026-05-18 20:51:45.498,450.0859,,slider,1,0,0.00,-0.00,-0.10,ACTIVE,NONE,11250,0,D,D,3.25,PRESSED,FAULT
2026-05-18 20:51:45.898,450.4859,,slider,1,0,-62.29,-16.43,-1.80,ACTIVE,NONE,11260,0,D,D,2.80,PRESSED,FAULT
2026-05-18 20:51:46.299,450.8871,,slider,1,0,0.00,-30.00,-48.90,ACTIVE,NONE,11270,0,D,D,2.20,PRESSED,FAULT
2026-05-18 20:51:46.684,451.2723,,slider,1,0,0.00,-1.20,-5.80,ACTIVE,NONE,11280,0,D,D,1.60,PRESSED,FAULT
2026-05-18 20:51:47.085,451.6728,,slider,1,0,0.00,-0.06,-0.30,ACTIVE,NONE,11290,0,D,D,1.05,PRESSED,FAULT
2026-05-18 20:51:47.485,452.0728,,slider,1,0,0.00,-0.00,0.00,ACTIVE,NONE,11300,0,D,D,0.65,PRESSED,FAULT
2026-05-18 20:51:47.885,452.4725,,slider,1,0,0.00,-0.00,0.00,ACTIVE,NONE,11310,0,D,D,0.35,PRESSED,FAULT
2026-05-18 20:51:48.285,452.8728,,slider,1,0,0.00,-0.00,0.00,ACTIVE,NONE,11320,0,D,D,0.15,PRESSED,FAULT
2026-05-18 20:51:48.685,453.2728,,slider,1,0,0.00,-0.00,0.00,ACTIVE,NONE,11330,0,D,D,0.00,PRESSED,FAULT
2026-05-18 20:51:49.085,453.6728,,slider,1,0,0.00,-0.00,0.00,ACTIVE,NONE,11340,0,D,D,-0.05,PRESSED,FAULT
2026-05-18 20:51:49.485,454.0728,,slider,1,0,0.00,-0.00,0.00,ACTIVE,NONE,11350,0,D,D,0.00,PRESSED,FAULT
2026-05-18 20:51:49.885,454.4728,,slider,1,0,0.00,-0.00,0.00,ACTIVE,NONE,11360,0,D,D,0.00,PRESSED,FAULT
2026-05-18 20:51:50.285,454.8730,,slider,1,0,0.00,-0.00,0.00,ACTIVE,NONE,11370,0,D,D,0.00,PRESSED,FAULT
2026-05-18 20:51:50.685,455.2732,,slider,1,0,0.00,-0.00,0.00,ACTIVE,NONE,11380,0,D,D,0.00,PRESSED,FAULT
2026-05-18 20:51:51.085,455.6731,,slider,1,0,-21.37,-18.45,-8.10,ACTIVE,NONE,11390,0,D,D,0.00,PRESSED,FAULT
2026-05-18 20:51:51.491,456.0788,,slider,1,0,-248.20,-74.38,-46.90,ACTIVE,NONE,11400,0,D,D,0.00,PRESSED,FAULT
2026-05-18 20:51:51.895,456.4830,,slider,1,0,0.00,-98.38,-113.00,ACTIVE,NONE,11410,0,D,D,0.00,PRESSED,FAULT
2026-05-18 20:51:52.296,456.8843,,slider,1,0,0.00,-26.38,-54.80,ACTIVE,NONE,11420,0,D,D,0.00,PRESSED,FAULT
2026-05-18 20:51:52.696,457.2841,,slider,1,0,0.00,-0.12,-5.90,ACTIVE,NONE,11430,0,D,D,0.00,PRESSED,FAULT
2026-05-18 20:51:53.096,457.6841,,slider,1,0,0.00,-0.01,-0.50,ACTIVE,NONE,11440,0,D,D,0.00,PRESSED,FAULT
2026-05-18 20:51:53.496,458.0841,,slider,1,0,0.00,-0.00,0.10,ACTIVE,NONE,11450,0,D,D,0.00,PRESSED,FAULT
2026-05-18 20:51:53.897,458.4847,,slider,1,0,0.00,-0.00,0.10,ACTIVE,NONE,11460,0,D,D,0.00,PRESSED,FAULT
2026-05-18 20:51:54.297,458.8845,,slider,1,0,0.00,-0.00,0.10,ACTIVE,NONE,11470,0,D,D,0.00,PRESSED,FAULT
2026-05-18 20:51:54.697,459.2847,,slider,1,0,0.00,-0.00,0.10,ACTIVE,NONE,11480,0,D,D,0.00,PRESSED,FAULT
2026-05-18 20:51:55.097,459.6846,,slider,1,0,0.00,-0.00,0.10,ACTIVE,NONE,11490,0,D,D,0.00,PRESSED,FAULT
2026-05-18 20:51:55.497,460.0848,,slider,1,0,0.00,-0.00,0.10,ACTIVE,NONE,11500,0,D,D,0.00,PRESSED,FAULT
2026-05-18 20:51:55.897,460.4852,,slider,1,0,0.00,-0.00,0.10,ACTIVE,NONE,11510,0,D,D,0.00,PRESSED,FAULT
2026-05-18 20:51:56.297,460.8849,,slider,1,0,0.00,-0.00,0.10,ACTIVE,NONE,11520,0,D,D,0.00,PRESSED,FAULT
2026-05-18 20:51:56.698,461.2854,,slider,1,0,0.00,-0.00,0.10,ACTIVE,NONE,11530,0,D,D,0.00,PRESSED,FAULT
2026-05-18 20:51:57.097,461.6852,,slider,1,0,0.00,-0.00,0.10,ACTIVE,NONE,11540,0,D,D,0.00,PRESSED,FAULT
2026-05-18 20:51:57.498,462.0856,,slider,1,0,0.00,-0.00,0.10,ACTIVE,NONE,11550,0,D,D,0.00,PRESSED,FAULT
2026-05-18 20:51:57.898,462.4855,,slider,1,0,0.00,-0.00,0.10,ACTIVE,NONE,11560,0,D,D,0.00,PRESSED,FAULT
2026-05-18 20:51:58.298,462.8856,,slider,1,0,0.00,-0.00,0.00,ACTIVE,NONE,11570,0,D,D,0.00,PRESSED,FAULT
2026-05-18 20:51:58.698,463.2855,,slider,1,0,0.00,-0.00,0.00,ACTIVE,NONE,11580,0,D,D,0.00,PRESSED,FAULT
2026-05-18 20:51:59.098,463.6854,,slider,1,0,0.00,-0.00,0.00,ACTIVE,NONE,11590,0,D,D,0.00,PRESSED,FAULT
2026-05-18 20:51:59.498,464.0857,,slider,1,0,0.00,-0.00,0.00,ACTIVE,NONE,11600,0,D,D,0.00,PRESSED,FAULT
2026-05-18 20:51:59.898,464.4857,,slider,1,0,0.00,-0.00,0.00,ACTIVE,NONE,11610,0,D,D,0.05,PRESSED,FAULT
2026-05-18 20:52:00.298,464.8853,,slider,1,0,0.00,-0.00,0.00,ACTIVE,NONE,11620,0,D,D,0.05,PRESSED,FAULT
2026-05-18 20:52:00.698,465.2857,,slider,1,0,0.00,-0.00,0.00,ACTIVE,NONE,11630,0,D,D,0.00,PRESSED,FAULT
2026-05-18 20:52:01.098,465.6858,,slider,1,0,0.00,-0.00,0.00,ACTIVE,NONE,11640,0,D,D,0.00,PRESSED,FAULT
2026-05-18 20:52:01.498,466.0858,,slider,1,0,0.00,-0.00,0.00,ACTIVE,NONE,11650,0,D,D,0.00,PRESSED,FAULT
2026-05-18 20:52:01.898,466.4857,,slider,1,0,0.00,-0.00,0.00,ACTIVE,NONE,11660,0,D,D,0.00,PRESSED,FAULT
2026-05-18 20:52:02.298,466.8858,,slider,1,0,0.00,-0.00,0.00,ACTIVE,NONE,11670,0,D,D,0.00,PRESSED,FAULT
2026-05-18 20:52:02.698,467.2860,,slider,1,0,0.00,-0.00,0.00,ACTIVE,NONE,11680,0,D,D,0.00,PRESSED,FAULT
2026-05-18 20:52:03.098,467.6858,,slider,1,0,0.00,-0.00,0.00,ACTIVE,NONE,11690,0,D,D,0.00,PRESSED,FAULT
2026-05-18 20:52:03.498,468.0859,,slider,1,0,0.00,-0.00,0.00,ACTIVE,NONE,11700,0,D,D,0.00,PRESSED,FAULT
2026-05-18 20:52:03.898,468.4861,,slider,1,0,0.00,-0.14,-0.20,ACTIVE,NONE,11710,0,D,D,0.00,PRESSED,FAULT
2026-05-18 20:52:04.298,468.8859,,slider,1,0,0.00,-0.01,-0.20,ACTIVE,NONE,11720,0,D,D,0.00,PRESSED,FAULT
2026-05-18 20:52:04.698,469.2860,,slider,1,0,0.00,-0.00,-0.20,ACTIVE,NONE,11730,0,D,D,0.00,PRESSED,FAULT
2026-05-18 20:52:05.098,469.6861,,slider,1,0,0.00,-0.00,-0.20,ACTIVE,NONE,11740,0,D,D,0.00,PRESSED,FAULT
2026-05-18 20:52:05.498,470.0860,,slider,1,0,0.00,-0.00,-0.20,ACTIVE,NONE,11750,0,D,D,0.00,PRESSED,FAULT
2026-05-18 20:52:05.898,470.4860,,slider,1,0,0.00,-0.09,-0.20,ACTIVE,NONE,11760,0,D,D,0.00,PRESSED,FAULT
2026-05-18 20:52:06.299,470.8863,,slider,1,0,0.00,-0.00,-0.20,ACTIVE,NONE,11770,0,D,D,0.00,PRESSED,FAULT
2026-05-18 20:52:06.699,471.2862,,slider,1,0,0.00,-0.00,-0.20,ACTIVE,NONE,11780,0,D,D,0.00,PRESSED,FAULT
2026-05-18 20:52:07.099,471.6862,,slider,1,0,0.00,-0.00,-0.20,ACTIVE,NONE,11790,0,D,D,0.00,PRESSED,FAULT
2026-05-18 20:52:07.499,472.0862,,slider,1,0,0.00,-0.00,-0.20,ACTIVE,NONE,11800,0,D,D,0.00,PRESSED,FAULT
2026-05-18 20:52:07.899,472.4864,,slider,1,0,0.00,-0.00,-0.10,ACTIVE,NONE,11810,0,D,D,0.00,PRESSED,FAULT
2026-05-18 20:52:08.298,472.8860,,slider,1,0,0.00,-0.00,-0.10,ACTIVE,NONE,11820,0,D,D,0.00,PRESSED,FAULT
2026-05-18 20:52:08.699,473.2865,,slider,1,0,0.00,-0.00,-0.10,ACTIVE,NONE,11830,0,D,D,0.00,PRESSED,FAULT
2026-05-18 20:52:09.099,473.6867,,slider,1,0,0.00,-0.00,-0.10,ACTIVE,NONE,11840,0,D,D,0.00,PRESSED,FAULT
2026-05-18 20:52:09.499,474.0865,,slider,1,0,0.00,-0.00,-0.10,ACTIVE,NONE,11850,0,D,D,0.00,PRESSED,FAULT
2026-05-18 20:52:09.899,474.4865,,slider,1,0,0.00,-0.00,-0.10,ACTIVE,NONE,11860,0,D,D,0.00,PRESSED,FAULT
2026-05-18 20:52:10.299,474.8868,,slider,1,0,0.00,-0.00,-0.10,ACTIVE,NONE,11870,0,D,D,0.00,PRESSED,FAULT
2026-05-18 20:52:10.699,475.2869,,slider,1,0,0.00,-0.00,0.00,ACTIVE,NONE,11880,0,D,D,0.00,PRESSED,FAULT
2026-05-18 20:52:11.099,475.6865,,slider,1,0,0.00,-0.00,0.00,ACTIVE,NONE,11890,0,D,D,0.00,PRESSED,FAULT
2026-05-18 20:52:11.481,476.0686,,slider,1,0,0.00,-0.00,0.00,ACTIVE,NONE,11900,0,D,D,0.00,PRESSED,FAULT
2026-05-18 20:52:11.899,476.4866,,slider,1,0,0.00,-0.00,0.00,ACTIVE,NONE,11910,0,D,D,0.00,PRESSED,FAULT
2026-05-18 20:52:12.299,476.8863,,slider,1,0,0.00,-0.00,0.00,ACTIVE,NONE,11920,0,D,D,0.00,PRESSED,FAULT
2026-05-18 20:52:12.699,477.2867,,slider,1,0,0.00,-0.00,0.00,ACTIVE,NONE,11930,0,D,D,0.00,PRESSED,FAULT
2026-05-18 20:52:13.099,477.6868,,slider,1,0,0.00,-0.00,0.00,ACTIVE,NONE,11940,0,D,D,0.00,PRESSED,FAULT
2026-05-18 20:52:13.499,478.0865,,slider,1,0,0.00,-0.00,0.00,ACTIVE,NONE,11950,0,D,D,0.00,PRESSED,FAULT
2026-05-18 20:52:13.899,478.4869,,slider,1,0,0.00,-0.00,0.00,ACTIVE,NONE,11960,0,D,D,0.00,PRESSED,FAULT
2026-05-18 20:52:14.299,478.8870,,slider,1,0,0.00,-0.00,0.00,ACTIVE,NONE,11970,0,D,D,0.00,PRESSED,FAULT
2026-05-18 20:52:14.681,479.2689,,slider,1,0,0.00,-0.00,0.00,ACTIVE,NONE,11980,0,D,D,0.00,PRESSED,FAULT
2026-05-18 20:52:15.100,479.6871,,slider,1,0,0.00,-0.00,0.00,ACTIVE,NONE,11990,0,D,D,0.00,PRESSED,FAULT
2026-05-18 20:52:15.500,480.0871,,slider,1,0,0.00,-0.00,0.00,ACTIVE,NONE,12000,0,D,D,0.00,PRESSED,FAULT
2026-05-18 20:52:15.899,480.4870,,slider,1,0,-355.63,-50.16,-23.10,ACTIVE,NONE,12010,0,D,D,0.00,PRESSED,FAULT
2026-05-18 20:52:16.283,480.8710,,slider,1,0,0.00,-113.16,-92.20,ACTIVE,NONE,12020,0,D,D,0.00,PRESSED,FAULT
2026-05-18 20:52:16.689,481.2761,,slider,1,0,231.82,-41.16,-66.80,ACTIVE,NONE,12030,0,D,D,0.00,PRESSED,FAULT
2026-05-18 20:52:17.094,481.6817,,slider,1,0,0.00,30.84,2.00,ACTIVE,NONE,12040,0,D,D,0.00,PRESSED,FAULT
2026-05-18 20:52:17.496,482.0837,,slider,1,0,0.00,2.31,10.10,ACTIVE,NONE,12050,0,D,D,0.00,PRESSED,FAULT
2026-05-18 20:52:17.897,482.4848,,slider,1,0,0.00,0.11,1.60,ACTIVE,NONE,12060,0,D,D,0.00,PRESSED,FAULT
2026-05-18 20:52:18.297,482.8850,,slider,1,0,0.00,0.01,0.20,ACTIVE,NONE,12070,0,D,D,0.00,PRESSED,FAULT
2026-05-18 20:52:18.698,483.2850,,slider,1,0,0.00,0.00,0.00,ACTIVE,NONE,12080,0,D,D,0.00,PRESSED,FAULT
2026-05-18 20:52:19.097,483.6849,,slider,1,0,0.00,0.00,0.00,ACTIVE,NONE,12090,0,D,D,0.00,PRESSED,FAULT
2026-05-18 20:52:19.497,484.0850,,slider,1,0,0.00,0.00,0.00,ACTIVE,NONE,12100,0,D,D,0.00,PRESSED,FAULT
2026-05-18 20:52:19.897,484.4849,,slider,1,0,0.00,0.00,0.00,ACTIVE,NONE,12110,0,D,D,0.00,PRESSED,FAULT
2026-05-18 20:52:20.298,484.8850,,slider,1,0,0.00,0.00,0.00,ACTIVE,NONE,12120,0,D,D,0.00,PRESSED,FAULT
2026-05-18 20:52:20.698,485.2851,,slider,1,0,0.00,0.00,0.00,ACTIVE,NONE,12130,0,D,D,0.00,PRESSED,FAULT
2026-05-18 20:52:21.098,485.6855,,slider,1,0,0.00,0.00,0.00,ACTIVE,NONE,12140,0,D,D,0.00,PRESSED,FAULT
2026-05-18 20:52:21.498,486.0853,,slider,1,0,0.00,0.00,0.00,ACTIVE,NONE,12150,0,D,D,0.00,PRESSED,FAULT
2026-05-18 20:52:21.898,486.4854,,slider,1,0,0.00,0.00,0.00,ACTIVE,NONE,12160,0,D,D,0.00,PRESSED,FAULT
2026-05-18 20:52:22.298,486.8854,,slider,1,0,0.00,0.00,0.00,ACTIVE,NONE,12170,0,D,D,0.00,PRESSED,FAULT
2026-05-18 20:52:22.698,487.2856,,slider,1,0,0.00,0.00,0.00,ACTIVE,NONE,12180,0,D,D,0.00,PRESSED,FAULT
2026-05-18 20:52:23.098,487.6856,,slider,1,0,0.00,0.00,0.00,ACTIVE,NONE,12190,0,D,D,0.00,PRESSED,FAULT
2026-05-18 20:52:23.498,488.0857,,slider,1,0,0.00,0.00,0.00,ACTIVE,NONE,12200,0,D,D,0.00,PRESSED,FAULT
2026-05-18 20:52:23.898,488.4859,,slider,1,0,0.00,0.00,0.00,ACTIVE,NONE,12210,0,D,D,0.00,PRESSED,FAULT
2026-05-18 20:52:24.298,488.8858,,slider,1,0,0.00,0.00,0.00,ACTIVE,NONE,12220,0,D,D,0.00,PRESSED,FAULT
2026-05-18 20:52:24.698,489.2856,,slider,1,0,0.00,0.00,0.00,ACTIVE,NONE,12230,0,D,D,0.00,PRESSED,FAULT
2026-05-18 20:52:25.098,489.6858,,slider,1,0,0.00,0.00,0.00,ACTIVE,NONE,12240,0,D,D,0.00,PRESSED,FAULT
2026-05-18 20:52:25.498,490.0858,,slider,1,0,0.00,0.00,0.00,ACTIVE,NONE,12250,0,D,D,0.00,PRESSED,FAULT
2026-05-18 20:52:25.898,490.4859,,slider,1,0,0.00,0.00,0.00,ACTIVE,NONE,12260,0,D,D,0.00,PRESSED,FAULT
2026-05-18 20:52:26.298,490.8858,,slider,1,0,0.00,0.00,0.00,ACTIVE,NONE,12270,0,D,D,0.00,PRESSED,FAULT
2026-05-18 20:52:26.698,491.2858,,slider,1,0,0.00,0.00,0.00,ACTIVE,NONE,12280,0,D,D,0.00,PRESSED,FAULT
2026-05-18 20:52:27.098,491.6855,,slider,1,0,0.00,0.00,0.00,ACTIVE,NONE,12290,0,D,D,0.00,PRESSED,FAULT
2026-05-18 20:52:27.498,492.0853,,slider,1,0,0.00,0.00,0.00,ACTIVE,NONE,12300,0,D,D,0.00,PRESSED,FAULT
2026-05-18 20:52:27.898,492.4856,,slider,1,0,0.00,0.00,0.00,ACTIVE,NONE,12310,0,D,D,0.00,PRESSED,FAULT
2026-05-18 20:52:28.298,492.8857,,slider,1,0,0.00,0.00,0.00,ACTIVE,NONE,12320,0,D,D,0.00,PRESSED,FAULT
2026-05-18 20:52:28.698,493.2857,,slider,1,0,0.00,0.00,0.00,ACTIVE,NONE,12330,0,D,D,0.00,PRESSED,FAULT
2026-05-18 20:52:29.099,493.6861,,slider,1,0,0.00,0.00,0.00,ACTIVE,NONE,12340,0,D,D,0.00,PRESSED,FAULT
2026-05-18 20:52:29.498,494.0857,,slider,1,0,0.00,0.00,0.00,ACTIVE,NONE,12350,0,D,D,0.00,PRESSED,FAULT
2026-05-18 20:52:29.899,494.4861,,slider,1,0,0.00,0.00,0.00,ACTIVE,NONE,12360,0,D,D,0.00,PRESSED,FAULT
2026-05-18 20:52:30.299,494.8859,,slider,1,0,0.00,0.00,0.00,ACTIVE,NONE,12370,0,D,D,0.00,PRESSED,FAULT
2026-05-18 20:52:30.699,495.2860,,slider,1,0,0.00,0.00,0.00,ACTIVE,NONE,12380,0,D,D,0.00,PRESSED,FAULT
2026-05-18 20:52:31.099,495.6859,,slider,1,0,0.00,0.00,0.00,ACTIVE,NONE,12390,0,D,D,0.00,PRESSED,FAULT
2026-05-18 20:52:31.499,496.0858,,slider,1,0,0.00,0.00,0.00,ACTIVE,NONE,12400,0,D,D,0.00,PRESSED,FAULT
2026-05-18 20:52:31.899,496.4862,,slider,1,0,0.00,-0.10,0.00,ACTIVE,NONE,12410,0,D,D,0.00,PRESSED,FAULT
2026-05-18 20:52:32.299,496.8860,,slider,1,0,0.00,-0.01,-0.10,ACTIVE,NONE,12420,0,D,D,0.00,PRESSED,FAULT
2026-05-18 20:52:32.699,497.2863,,slider,1,0,0.00,-0.00,-0.10,ACTIVE,NONE,12430,0,D,D,0.00,PRESSED,FAULT
2026-05-18 20:52:33.099,497.6862,,slider,1,0,0.00,-0.00,-0.10,ACTIVE,NONE,12440,0,D,D,0.00,PRESSED,FAULT
2026-05-18 20:52:33.499,498.0862,,slider,1,0,0.00,-0.00,-0.10,ACTIVE,NONE,12450,0,D,D,0.00,PRESSED,FAULT
2026-05-18 20:52:33.899,498.4862,,slider,1,0,0.00,-0.00,-0.10,ACTIVE,NONE,12460,0,D,D,0.00,PRESSED,FAULT
2026-05-18 20:52:34.299,498.8862,,slider,1,0,0.00,-0.00,-0.10,ACTIVE,NONE,12470,0,D,D,0.00,PRESSED,FAULT
2026-05-18 20:52:34.699,499.2864,,slider,1,0,0.00,-0.00,-0.10,ACTIVE,NONE,12480,0,D,D,0.00,PRESSED,FAULT
2026-05-18 20:52:35.099,499.6864,,slider,1,0,0.00,-0.00,-0.10,ACTIVE,NONE,12490,0,D,D,0.00,PRESSED,FAULT
2026-05-18 20:52:35.499,500.0865,,slider,1,0,0.00,-0.00,-0.10,ACTIVE,NONE,12500,0,D,D,0.00,PRESSED,FAULT
2026-05-18 20:52:35.899,500.4865,,slider,1,0,0.00,-0.00,-0.10,ACTIVE,NONE,12510,0,D,D,0.00,PRESSED,FAULT
2026-05-18 20:52:36.299,500.8864,,slider,1,0,0.00,-0.00,-0.10,ACTIVE,NONE,12520,0,D,D,0.00,PRESSED,FAULT
2026-05-18 20:52:36.699,501.2864,,slider,1,0,0.00,-0.00,0.00,ACTIVE,NONE,12530,0,D,D,0.00,PRESSED,FAULT
2026-05-18 20:52:37.099,501.6865,,slider,1,0,0.00,-0.00,0.00,ACTIVE,NONE,12540,0,D,D,0.00,PRESSED,FAULT
2026-05-18 20:52:37.499,502.0867,,slider,1,0,0.00,-0.00,0.00,ACTIVE,NONE,12550,0,D,D,0.00,PRESSED,FAULT
2026-05-18 20:52:37.899,502.4866,,slider,1,0,0.00,-0.00,0.00,ACTIVE,NONE,12560,0,D,D,0.00,PRESSED,FAULT
2026-05-18 20:52:38.300,502.8868,,slider,1,0,0.00,-0.00,0.00,ACTIVE,NONE,12570,0,D,D,0.00,PRESSED,FAULT
2026-05-18 20:52:38.700,503.2868,,slider,1,0,0.00,-0.00,0.00,ACTIVE,NONE,12580,0,D,D,0.00,PRESSED,FAULT
2026-05-18 20:52:39.100,503.6869,,slider,1,0,0.00,-0.00,0.00,ACTIVE,NONE,12590,0,D,D,0.00,PRESSED,FAULT
2026-05-18 20:52:39.500,504.0869,,slider,1,0,0.00,-0.00,0.00,ACTIVE,NONE,12600,0,D,P,0.00,PRESSED,FAULT
2026-05-18 20:52:39.540,504.1273,gear_change:P,slider,1,0,0.00,-0.00,0.00,ACTIVE,NONE,12601,0,P,P,0.00,PRESSED,FAULT
2026-05-18 20:52:39.900,504.4868,,slider,1,0,0.00,-0.00,0.00,ACTIVE,NONE,12610,0,P,P,0.00,PRESSED,FAULT
2026-05-18 20:52:40.300,504.8870,,slider,1,0,0.00,-0.00,0.00,ACTIVE,NONE,12620,0,P,P,0.00,PRESSED,FAULT
2026-05-18 20:52:40.700,505.2871,,slider,1,0,0.00,-0.00,0.00,ACTIVE,NONE,12630,0,P,P,0.00,PRESSED,FAULT
2026-05-18 20:52:41.100,505.6869,,slider,1,0,0.00,-0.00,0.00,ACTIVE,NONE,12640,0,P,P,0.00,PRESSED,FAULT
2026-05-18 20:52:41.500,506.0871,,slider,1,0,0.00,-0.00,0.00,ACTIVE,NONE,12650,0,P,P,0.00,PRESSED,FAULT
2026-05-18 20:52:41.900,506.4870,,slider,1,0,0.00,-0.00,0.00,ACTIVE,NONE,12660,0,P,P,0.00,PRESSED,FAULT
2026-05-18 20:52:42.300,506.8872,,slider,1,0,0.00,-0.00,0.00,ACTIVE,NONE,12670,0,P,P,0.00,PRESSED,FAULT
2026-05-18 20:52:42.700,507.2870,,slider,1,0,0.00,-0.00,0.00,ACTIVE,NONE,12680,0,P,P,0.00,PRESSED,FAULT
2026-05-18 20:52:43.100,507.6871,,slider,1,0,0.00,-0.00,0.00,ACTIVE,NONE,12690,0,P,P,0.00,PRESSED,FAULT
2026-05-18 20:52:43.500,508.0876,,slider,1,0,0.00,-0.00,0.00,ACTIVE,NONE,12700,0,P,P,0.00,PRESSED,FAULT
2026-05-18 20:52:43.900,508.4871,,slider,1,0,0.00,-0.00,0.00,ACTIVE,NONE,12710,0,P,P,0.00,PRESSED,FAULT
2026-05-18 20:52:44.300,508.8874,,slider,1,0,0.00,-0.00,0.00,ACTIVE,NONE,12720,0,P,P,0.00,PRESSED,FAULT
2026-05-18 20:52:44.700,509.2872,,slider,1,0,0.00,-0.00,0.00,ACTIVE,NONE,12730,0,P,P,0.00,PRESSED,FAULT
2026-05-18 20:52:45.100,509.6872,,slider,1,0,0.00,-0.00,0.00,ACTIVE,NONE,12740,0,P,P,0.00,PRESSED,FAULT
2026-05-18 20:52:45.500,510.0873,,slider,1,0,0.00,-0.00,0.00,ACTIVE,NONE,12750,0,P,P,0.00,PRESSED,FAULT
2026-05-18 20:52:45.900,510.4874,,slider,1,0,0.00,-0.00,0.00,ACTIVE,NONE,12760,0,P,P,0.00,PRESSED,FAULT
2026-05-18 20:52:46.300,510.8874,,slider,1,0,0.00,-0.00,0.00,ACTIVE,NONE,12770,0,P,P,0.00,PRESSED,FAULT
2026-05-18 20:52:46.700,511.2875,,slider,1,0,0.00,-0.00,0.00,ACTIVE,NONE,12780,0,P,P,0.00,PRESSED,FAULT
2026-05-18 20:52:47.100,511.6874,,slider,1,0,0.00,-0.00,0.00,ACTIVE,NONE,12790,0,P,P,0.00,PRESSED,FAULT
2026-05-18 20:52:47.500,512.0875,,slider,1,0,0.00,-0.00,0.00,ACTIVE,NONE,12800,0,P,P,0.00,PRESSED,FAULT
2026-05-18 20:52:47.901,512.4876,,slider,1,0,0.00,-0.00,0.00,ACTIVE,NONE,12810,0,P,P,0.00,PRESSED,FAULT
2026-05-18 20:52:48.301,512.8877,,slider,1,0,0.00,-0.00,0.00,ACTIVE,NONE,12820,0,P,P,0.00,PRESSED,FAULT
2026-05-18 20:52:48.701,513.2877,,slider,1,0,0.00,-0.00,0.00,ACTIVE,NONE,12830,0,P,P,0.00,PRESSED,FAULT
2026-05-18 20:52:49.101,513.6876,,slider,1,0,0.00,-0.00,0.00,ACTIVE,NONE,12840,0,P,P,0.00,PRESSED,FAULT
2026-05-18 20:52:49.501,514.0877,,slider,1,0,0.00,-0.00,0.00,ACTIVE,NONE,12850,0,P,P,0.00,PRESSED,FAULT
2026-05-18 20:52:49.901,514.4877,,slider,1,0,0.00,-0.00,0.00,ACTIVE,NONE,12860,0,P,P,0.00,PRESSED,FAULT
2026-05-18 20:52:50.301,514.8879,,slider,1,0,0.00,-0.00,0.00,ACTIVE,NONE,12870,0,P,P,0.00,PRESSED,FAULT
2026-05-18 20:52:50.701,515.2878,,slider,1,0,0.00,-0.00,0.00,ACTIVE,NONE,12880,0,P,P,0.00,PRESSED,FAULT
2026-05-18 20:52:51.101,515.6878,,slider,1,0,0.00,-0.00,0.00,ACTIVE,NONE,12890,0,P,P,0.00,PRESSED,FAULT
2026-05-18 20:52:51.377,515.9643,shift_requested:N,slider,1,0,0.00,-0.00,0.00,ACTIVE,NONE,12897,0,P,N,0.00,PRESSED,FAULT
2026-05-18 20:52:51.396,515.9835,gear_change:N,slider,1,0,0.00,-0.00,0.00,ACTIVE,NONE,12897,0,N,N,0.00,PRESSED,FAULT
2026-05-18 20:52:51.487,516.0736,,slider,1,0,0.00,-0.00,0.00,ACTIVE,NONE,12900,0,N,N,0.00,PRESSED,FAULT
2026-05-18 20:52:51.901,516.4878,,slider,1,0,0.00,-0.00,0.00,ACTIVE,NONE,12910,0,N,N,0.00,PRESSED,FAULT
2026-05-18 20:52:52.301,516.8878,,slider,1,0,0.00,-0.00,0.00,ACTIVE,NONE,12920,0,N,N,0.00,PRESSED,FAULT
2026-05-18 20:52:52.368,516.9549,shift_requested:N,slider,1,0,0.00,-0.00,0.00,ACTIVE,NONE,12922,0,N,N,0.00,PRESSED,FAULT
2026-05-18 20:52:52.701,517.2879,,slider,1,0,0.00,-0.00,0.00,ACTIVE,NONE,12930,0,N,N,0.00,PRESSED,FAULT
2026-05-18 20:52:53.101,517.6879,,slider,1,0,0.00,-0.00,0.00,ACTIVE,NONE,12940,0,N,N,0.00,PRESSED,FAULT
2026-05-18 20:52:53.501,518.0881,,slider,1,0,0.00,-0.00,0.00,ACTIVE,NONE,12950,0,N,N,0.00,PRESSED,FAULT
2026-05-18 20:52:53.770,518.3575,shift_requested:D,slider,1,0,0.00,-0.00,0.00,ACTIVE,NONE,12956,0,N,N,0.00,PRESSED,FAULT
2026-05-18 20:52:53.816,518.4035,gear_change:D,slider,1,0,0.00,-0.00,0.00,ACTIVE,NONE,12958,0,D,D,0.00,PRESSED,FAULT
2026-05-18 20:52:53.887,518.4736,,slider,1,0,0.00,-0.00,0.00,ACTIVE,NONE,12960,0,D,D,0.00,PRESSED,FAULT
2026-05-18 20:52:54.287,518.8738,,slider,1,0,0.00,-0.00,0.00,ACTIVE,NONE,12970,0,D,D,0.00,PRESSED,FAULT
2026-05-18 20:52:54.687,519.2741,,slider,1,0,0.00,-0.00,0.00,ACTIVE,NONE,12980,0,D,D,0.00,PRESSED,FAULT
2026-05-18 20:52:55.087,519.6741,,slider,1,0,0.00,-0.00,0.00,ACTIVE,NONE,12990,0,D,D,0.00,PRESSED,FAULT
2026-05-18 20:52:55.487,520.0744,,slider,1,0,0.00,-0.00,0.00,ACTIVE,NONE,13000,0,D,D,0.00,PRESSED,FAULT
2026-05-18 20:52:55.887,520.4741,,slider,1,0,0.00,-0.22,-0.10,ACTIVE,NONE,13010,0,D,D,0.00,released,RELEASED
2026-05-18 20:52:56.290,520.8771,,slider,1,0,0.00,-0.01,-0.10,ACTIVE,NONE,13020,0,D,D,0.05,released,RELEASED
2026-05-18 20:52:56.690,521.2774,,slider,1,0,0.00,-0.00,-0.10,ACTIVE,NONE,13030,0,D,D,0.25,released,RELEASED
2026-05-18 20:52:57.090,521.6773,,slider,1,0,0.00,-0.00,0.00,ACTIVE,NONE,13040,0,D,D,0.60,released,RELEASED
2026-05-18 20:52:57.490,522.0774,,slider,1,0,0.00,-0.00,0.10,ACTIVE,NONE,13050,0,D,D,0.90,released,RELEASED
2026-05-18 20:52:57.890,522.4772,,slider,1,0,0.00,-0.00,0.10,ACTIVE,NONE,13060,0,D,D,1.25,released,RELEASED
2026-05-18 20:52:58.290,522.8773,,slider,1,0,-55.63,-43.53,-26.60,ACTIVE,NONE,13070,0,D,D,1.50,released,RELEASED
2026-05-18 20:52:58.690,523.2773,,slider,1,0,-38.09,-49.04,-54.80,ACTIVE,NONE,13080,0,D,D,1.70,released,RELEASED
2026-05-18 20:52:59.091,523.6781,,slider,1,0,0.00,-4.47,-14.70,ACTIVE,NONE,13090,0,D,D,1.90,released,RELEASED
2026-05-18 20:52:59.491,524.0783,,slider,1,0,-24.36,-20.68,-12.00,ACTIVE,NONE,13100,0,D,D,2.05,released,RELEASED
2026-05-18 20:52:59.891,524.4783,,slider,1,0,-24.36,-23.77,-22.80,ACTIVE,NONE,13110,0,D,D,2.15,released,RELEASED
2026-05-18 20:53:00.292,524.8793,,slider,1,0,-18.39,-20.82,-23.00,ACTIVE,NONE,13120,0,D,D,2.15,released,RELEASED
2026-05-18 20:53:00.692,525.2790,,slider,1,0,-22.87,-23.52,-22.00,ACTIVE,NONE,13130,0,D,D,2.25,released,RELEASED
2026-05-18 20:53:01.093,525.6794,,slider,1,0,-25.87,-24.05,-23.40,ACTIVE,NONE,13140,0,D,D,2.35,released,RELEASED
2026-05-18 20:53:01.493,526.0795,,slider,1,0,-22.87,-25.07,-26.10,ACTIVE,NONE,13150,0,D,D,2.45,released,RELEASED
2026-05-18 20:53:01.898,526.4846,,slider,1,0,-22.87,-21.73,-21.50,ACTIVE,NONE,13160,0,D,D,2.45,released,RELEASED
2026-05-18 20:53:02.298,526.8846,,slider,1,0,-28.89,-26.64,-22.70,ACTIVE,NONE,13170,0,D,D,2.40,released,RELEASED
2026-05-18 20:53:02.698,527.2845,,slider,1,0,-39.64,-33.73,-29.50,ACTIVE,NONE,13180,0,D,D,2.50,released,RELEASED
2026-05-18 20:53:03.098,527.6848,,slider,1,0,-28.89,-31.55,-36.80,ACTIVE,NONE,13190,0,D,D,2.55,released,RELEASED
2026-05-18 20:53:03.498,528.0846,,slider,1,0,-24.36,-25.55,-27.50,ACTIVE,NONE,13200,0,D,D,2.65,released,RELEASED
2026-05-18 20:53:03.898,528.4848,,slider,1,0,-30.41,-26.03,-23.90,ACTIVE,NONE,13210,0,D,D,2.95,released,RELEASED
2026-05-18 20:53:04.298,528.8846,,slider,1,0,-18.39,-22.76,-27.10,ACTIVE,NONE,13220,0,D,D,3.40,released,RELEASED
2026-05-18 20:53:04.698,529.2851,,slider,1,0,-25.87,-26.18,-23.50,ACTIVE,NONE,13230,0,D,D,3.95,released,RELEASED
2026-05-18 20:53:05.098,529.6852,,slider,1,0,0.00,-12.77,-19.80,ACTIVE,NONE,13240,0,D,D,4.50,released,RELEASED
2026-05-18 20:53:05.500,530.0870,,slider,1,0,-19.88,-11.07,-8.00,ACTIVE,NONE,13250,0,D,D,5.10,released,RELEASED
2026-05-18 20:53:05.900,530.4870,,slider,1,0,-13.95,-18.08,-16.20,ACTIVE,NONE,13260,0,D,D,5.75,released,RELEASED
2026-05-18 20:53:06.300,530.8871,,slider,1,0,-9.53,-19.37,-19.20,ACTIVE,NONE,13270,0,D,D,6.40,released,RELEASED
2026-05-18 20:53:06.685,531.2718,,slider,1,0,13.95,8.81,-1.40,ACTIVE,NONE,13280,0,D,D,6.95,released,RELEASED
2026-05-18 20:53:07.086,531.6723,,slider,1,0,8.06,4.83,8.00,ACTIVE,NONE,13290,0,D,D,7.50,released,RELEASED
2026-05-18 20:53:07.491,532.0780,,slider,1,0,6.59,11.12,11.30,ACTIVE,NONE,13300,0,D,D,8.10,released,RELEASED
2026-05-18 20:53:07.891,532.4780,,slider,1,0,0.00,0.71,3.00,ACTIVE,NONE,13310,0,D,D,8.60,released,RELEASED
2026-05-18 20:53:08.293,532.8797,,slider,1,0,0.00,-6.56,-6.90,ACTIVE,NONE,13320,0,D,D,9.00,released,RELEASED
2026-05-18 20:53:08.693,533.2796,,slider,1,0,0.00,-0.33,-1.70,ACTIVE,NONE,13330,0,D,D,9.45,released,RELEASED
2026-05-18 20:53:09.095,533.6816,,slider,1,0,9.53,13.92,13.70,ACTIVE,NONE,13340,0,D,D,9.80,released,RELEASED
2026-05-18 20:53:09.495,534.0819,,slider,1,0,13.95,3.86,3.80,ACTIVE,NONE,13350,0,D,D,10.10,released,RELEASED
2026-05-18 20:53:09.887,534.4735,,slider,1,0,0.00,3.28,7.60,ACTIVE,NONE,13360,0,D,D,10.45,released,RELEASED
2026-05-18 20:53:10.287,534.8742,,slider,1,0,21.37,13.54,5.40,ACTIVE,NONE,13370,0,D,D,10.65,released,RELEASED
2026-05-18 20:53:10.688,535.2749,,slider,1,0,6.59,11.38,14.60,ACTIVE,NONE,13380,0,D,D,10.80,released,RELEASED
2026-05-18 20:53:11.091,535.6782,,slider,1,0,-28.89,-17.99,-5.80,ACTIVE,NONE,13390,0,D,D,11.05,released,RELEASED
2026-05-18 20:53:11.492,536.0787,,slider,1,0,0.00,-20.46,-23.70,ACTIVE,NONE,13400,0,D,D,11.15,released,RELEASED
2026-05-18 20:53:11.897,536.4843,,slider,1,0,-16.91,-8.91,-6.30,ACTIVE,NONE,13410,0,D,D,11.25,released,RELEASED
2026-05-18 20:53:12.298,536.8844,,slider,1,0,0.00,-10.53,-16.20,ACTIVE,NONE,13420,0,D,D,11.40,released,RELEASED
2026-05-18 20:53:12.699,537.2856,,slider,1,0,-9.53,-3.90,-2.50,ACTIVE,NONE,13430,0,D,D,11.45,released,RELEASED
2026-05-18 20:53:13.100,537.6864,,slider,1,0,0.00,-1.54,-4.50,ACTIVE,NONE,13440,0,D,D,11.65,released,RELEASED
2026-05-18 20:53:13.500,538.0864,,slider,1,0,15.43,2.69,-0.70,ACTIVE,NONE,13450,0,D,D,11.80,released,RELEASED
2026-05-18 20:53:13.900,538.4870,,slider,1,0,0.00,8.52,11.40,ACTIVE,NONE,13460,0,D,D,11.95,released,RELEASED
2026-05-18 20:53:14.289,538.8754,,slider,1,0,0.00,-2.52,-3.80,ACTIVE,NONE,13470,0,D,D,12.05,released,RELEASED
2026-05-18 20:53:14.689,539.2754,,slider,1,0,0.00,-0.13,-0.80,ACTIVE,NONE,13480,0,D,D,11.80,released,RELEASED
2026-05-18 20:53:15.089,539.6753,,slider,1,0,0.00,-0.01,0.00,ACTIVE,NONE,13490,0,D,D,11.30,released,RELEASED
2026-05-18 20:53:15.489,540.0754,,slider,1,0,0.00,-0.35,-0.80,ACTIVE,NONE,13500,0,D,D,11.05,released,RELEASED
2026-05-18 20:53:15.889,540.4757,,slider,1,0,0.00,-0.02,-0.40,ACTIVE,NONE,13510,0,D,D,10.80,released,RELEASED
2026-05-18 20:53:16.289,540.8755,,slider,1,0,0.00,-0.00,-0.10,ACTIVE,NONE,13520,0,D,D,10.40,released,RELEASED
2026-05-18 20:53:16.689,541.2755,,slider,1,0,27.38,16.48,5.30,ACTIVE,NONE,13530,0,D,D,9.75,released,RELEASED
2026-05-18 20:53:17.091,541.6778,,slider,1,0,16.91,16.49,18.70,ACTIVE,NONE,13540,0,D,D,8.80,released,RELEASED
2026-05-18 20:53:17.492,542.0782,,slider,1,0,16.91,17.48,17.70,ACTIVE,NONE,13550,0,D,D,7.95,released,RELEASED
2026-05-18 20:53:17.891,542.4780,,slider,1,0,35.00,32.90,28.20,ACTIVE,NONE,13560,0,D,D,7.30,released,RELEASED
2026-05-18 20:53:18.291,542.8782,,slider,1,0,35.00,32.62,32.10,ACTIVE,NONE,13570,0,D,D,6.80,released,RELEASED
2026-05-18 20:53:18.691,543.2780,,slider,1,0,42.77,41.27,39.40,ACTIVE,NONE,13580,0,D,D,6.35,released,RELEASED
2026-05-18 20:53:19.091,543.6781,,slider,1,0,42.77,43.77,43.80,ACTIVE,NONE,13590,0,D,D,5.80,PRESSED,FAULT
2026-05-18 20:53:19.491,544.0780,,slider,1,0,42.77,41.73,42.20,ACTIVE,NONE,13600,0,D,D,5.25,PRESSED,FAULT
2026-05-18 20:53:19.891,544.4782,,slider,1,0,42.77,41.64,41.20,ACTIVE,NONE,13610,0,D,D,4.45,PRESSED,FAULT
2026-05-18 20:53:20.291,544.8781,,slider,1,0,36.54,39.52,42.30,ACTIVE,NONE,13620,0,D,D,3.55,PRESSED,FAULT
2026-05-18 20:53:20.691,545.2781,,slider,1,0,41.20,40.81,40.00,ACTIVE,NONE,13630,0,D,D,2.55,PRESSED,FAULT
2026-05-18 20:53:21.092,545.6788,,slider,1,0,44.35,42.01,40.10,ACTIVE,NONE,13640,0,D,D,1.70,PRESSED,FAULT
2026-05-18 20:53:21.492,546.0784,,slider,1,0,62.29,54.36,46.70,ACTIVE,NONE,13650,0,D,D,0.80,PRESSED,FAULT
2026-05-18 20:53:21.892,546.4786,,slider,1,0,50.74,61.00,60.70,ACTIVE,NONE,13660,0,D,D,0.00,PRESSED,FAULT
2026-05-18 20:53:22.297,546.8831,,slider,1,0,45.94,45.78,49.20,ACTIVE,NONE,13670,0,D,D,-0.05,PRESSED,FAULT
2026-05-18 20:53:22.697,547.2840,,slider,1,0,44.35,46.06,46.70,ACTIVE,NONE,13680,0,D,D,-0.05,PRESSED,FAULT
2026-05-18 20:53:23.098,547.6842,,slider,1,0,38.09,40.33,42.50,ACTIVE,NONE,13690,0,D,D,0.00,PRESSED,FAULT
2026-05-18 20:53:23.498,548.0841,,slider,1,0,28.89,29.89,33.40,ACTIVE,NONE,13700,0,D,D,0.00,PRESSED,FAULT
2026-05-18 20:53:23.897,548.4841,,slider,1,0,25.87,27.81,28.80,ACTIVE,NONE,13710,0,D,D,0.00,PRESSED,FAULT
2026-05-18 20:53:24.298,548.8845,,slider,1,0,15.43,19.19,23.80,ACTIVE,NONE,13720,0,D,D,0.00,PRESSED,FAULT
2026-05-18 20:53:24.701,549.2877,,slider,1,0,0.00,1.19,5.40,ACTIVE,NONE,13730,0,D,D,0.00,PRESSED,FAULT
2026-05-18 20:53:25.101,549.6877,,slider,1,0,0.00,0.06,0.60,ACTIVE,NONE,13740,0,D,D,0.00,PRESSED,FAULT
2026-05-18 20:53:25.501,550.0878,,slider,1,0,0.00,0.00,0.10,ACTIVE,NONE,13750,0,D,D,0.00,PRESSED,FAULT
2026-05-18 20:53:25.901,550.4878,,slider,1,0,0.00,0.00,-0.40,ACTIVE,NONE,13760,0,D,D,0.00,PRESSED,FAULT
2026-05-18 20:53:26.301,550.8880,,slider,1,0,0.00,0.00,-0.40,ACTIVE,NONE,13770,0,D,D,0.00,PRESSED,FAULT
2026-05-18 20:53:26.701,551.2879,,slider,1,0,0.00,0.00,-0.40,ACTIVE,NONE,13780,0,D,D,0.00,PRESSED,FAULT
2026-05-18 20:53:27.101,551.6880,,slider,1,0,0.00,0.00,-0.40,ACTIVE,NONE,13790,0,D,D,0.00,PRESSED,FAULT
2026-05-18 20:53:27.501,552.0880,,slider,1,0,0.00,0.00,-0.40,ACTIVE,NONE,13800,0,D,D,0.00,PRESSED,FAULT
2026-05-18 20:53:27.902,552.4888,,slider,1,0,0.00,0.00,-0.40,ACTIVE,NONE,13810,0,D,D,0.00,PRESSED,FAULT
2026-05-18 20:53:28.302,552.8888,,slider,1,0,0.00,0.00,-0.30,ACTIVE,NONE,13820,0,D,D,0.00,PRESSED,FAULT
2026-05-18 20:53:28.702,553.2889,,slider,1,0,0.00,0.00,-0.20,ACTIVE,NONE,13830,0,D,D,0.00,PRESSED,FAULT
2026-05-18 20:53:29.102,553.6889,,slider,1,0,0.00,0.00,-0.10,ACTIVE,NONE,13840,0,D,D,0.00,PRESSED,FAULT
2026-05-18 20:53:29.502,554.0889,,slider,1,0,0.00,0.00,0.00,ACTIVE,NONE,13850,0,D,D,0.00,PRESSED,FAULT
2026-05-18 20:53:29.903,554.4891,,slider,1,0,0.00,0.00,0.00,ACTIVE,NONE,13860,0,D,D,0.00,PRESSED,FAULT
2026-05-18 20:53:30.303,554.8892,,slider,1,0,0.00,0.00,0.00,ACTIVE,NONE,13870,0,D,D,0.00,PRESSED,FAULT
2026-05-18 20:53:30.703,555.2890,,slider,1,0,0.00,0.00,0.00,ACTIVE,NONE,13880,0,D,D,0.00,PRESSED,FAULT
2026-05-18 20:53:31.102,555.6890,,slider,1,0,0.00,0.00,0.00,ACTIVE,NONE,13890,0,D,D,0.00,PRESSED,FAULT
2026-05-18 20:53:31.484,556.0707,,slider,1,0,0.00,0.00,0.00,ACTIVE,NONE,13900,0,D,D,0.30,released,RELEASED
2026-05-18 20:53:31.884,556.4707,,slider,1,0,0.00,0.00,0.00,ACTIVE,NONE,13910,0,D,D,0.30,released,RELEASED
2026-05-18 20:53:32.284,556.8706,,slider,1,0,0.00,0.00,-1.10,ACTIVE,NONE,13920,0,D,D,0.70,released,RELEASED
2026-05-18 20:53:32.704,557.2908,,slider,1,0,0.00,0.00,-0.90,ACTIVE,NONE,13930,0,D,D,0.65,PRESSED,FAULT
2026-05-18 20:53:33.084,557.6707,,slider,1,0,0.00,0.00,-0.30,ACTIVE,NONE,13940,0,D,D,0.55,released,RELEASED
2026-05-18 20:53:33.504,558.0908,,slider,1,0,0.00,0.00,-0.10,ACTIVE,NONE,13950,0,D,D,0.90,released,RELEASED
2026-05-18 20:53:33.884,558.4708,,slider,1,0,0.00,0.00,0.00,ACTIVE,NONE,13960,0,D,D,1.25,released,RELEASED
2026-05-18 20:53:34.284,558.8708,,slider,1,0,0.00,0.00,0.00,ACTIVE,NONE,13970,0,D,D,1.40,released,RELEASED
2026-05-18 20:53:34.705,559.2912,,slider,1,0,0.00,0.00,0.10,ACTIVE,NONE,13980,0,D,D,1.30,PRESSED,FAULT
2026-05-18 20:53:35.085,559.6714,,slider,1,0,0.00,0.00,0.10,ACTIVE,NONE,13990,0,D,D,0.85,PRESSED,FAULT
2026-05-18 20:53:35.485,560.0715,,slider,1,0,0.00,0.00,0.10,ACTIVE,NONE,14000,0,D,D,0.25,PRESSED,FAULT
2026-05-18 20:53:35.905,560.4914,,slider,1,0,0.00,0.00,0.10,ACTIVE,NONE,14010,0,D,D,-0.05,PRESSED,FAULT
2026-05-18 20:53:36.305,560.8915,,slider,1,0,0.00,0.00,0.10,ACTIVE,NONE,14020,0,D,D,-0.05,PRESSED,FAULT
2026-05-18 20:53:36.685,561.2716,,slider,1,0,0.00,0.00,0.00,ACTIVE,NONE,14030,0,D,D,0.00,PRESSED,FAULT
2026-05-18 20:53:37.085,561.6718,,slider,1,0,0.00,0.00,0.00,ACTIVE,NONE,14040,0,D,D,0.00,PRESSED,FAULT
2026-05-18 20:53:37.485,562.0716,,slider,1,0,0.00,0.00,0.00,ACTIVE,NONE,14050,0,D,D,0.00,PRESSED,FAULT
2026-05-18 20:53:37.905,562.4915,,slider,1,0,0.00,0.00,0.00,ACTIVE,NONE,14060,0,D,D,0.00,PRESSED,FAULT
2026-05-18 20:53:38.285,562.8717,,slider,1,0,0.00,0.00,0.00,ACTIVE,NONE,14070,0,D,D,0.00,PRESSED,FAULT
2026-05-18 20:53:38.685,563.2717,,slider,1,0,0.00,0.00,0.00,ACTIVE,NONE,14080,0,D,D,0.00,PRESSED,FAULT
2026-05-18 20:53:39.105,563.6915,,slider,1,0,0.00,0.00,0.00,ACTIVE,NONE,14090,0,D,D,0.00,PRESSED,FAULT
2026-05-18 20:53:39.485,564.0718,,slider,1,0,0.00,0.00,0.00,ACTIVE,NONE,14100,0,D,D,0.00,PRESSED,FAULT
2026-05-18 20:53:39.885,564.4718,,slider,1,0,0.00,0.00,0.00,ACTIVE,NONE,14110,0,D,D,0.00,PRESSED,FAULT
2026-05-18 20:53:40.286,564.8720,,slider,1,0,0.00,0.00,0.00,ACTIVE,NONE,14120,0,D,D,0.00,PRESSED,FAULT
2026-05-18 20:53:40.686,565.2719,,slider,1,0,0.00,0.00,0.00,ACTIVE,NONE,14130,0,D,D,0.00,PRESSED,FAULT
2026-05-18 20:53:41.086,565.6720,,slider,1,0,0.00,0.00,0.00,ACTIVE,NONE,14140,0,D,D,0.00,PRESSED,FAULT
2026-05-18 20:53:41.486,566.0720,,slider,1,0,0.00,0.00,0.00,ACTIVE,NONE,14150,0,D,D,0.00,PRESSED,FAULT
2026-05-18 20:53:41.886,566.4719,,slider,1,0,0.00,0.00,0.00,ACTIVE,NONE,14160,0,D,D,0.00,PRESSED,FAULT
2026-05-18 20:53:42.306,566.8919,,slider,1,0,0.00,0.00,0.00,ACTIVE,NONE,14170,0,D,D,0.00,PRESSED,FAULT
2026-05-18 20:53:42.686,567.2720,,slider,1,0,0.00,0.00,0.00,ACTIVE,NONE,14180,0,D,D,0.00,PRESSED,FAULT
2026-05-18 20:53:43.086,567.6720,,slider,1,0,0.00,0.00,0.00,ACTIVE,NONE,14190,0,D,D,0.00,PRESSED,FAULT
2026-05-18 20:53:43.486,568.0721,,slider,1,0,0.00,0.00,0.00,ACTIVE,NONE,14200,0,D,D,0.00,PRESSED,FAULT
2026-05-18 20:53:43.886,568.4722,,slider,1,0,0.00,0.00,0.00,ACTIVE,NONE,14210,0,D,D,0.00,PRESSED,FAULT
2026-05-18 20:53:44.306,568.8924,,slider,1,0,0.00,0.00,0.00,ACTIVE,NONE,14220,0,D,D,0.00,PRESSED,FAULT
2026-05-18 20:53:44.686,569.2723,,slider,1,0,0.00,0.00,0.00,ACTIVE,NONE,14230,0,D,D,0.00,PRESSED,FAULT
2026-05-18 20:53:45.086,569.6722,,slider,1,0,0.00,0.00,0.00,ACTIVE,NONE,14240,0,D,D,0.00,PRESSED,FAULT
2026-05-18 20:53:45.486,570.0721,,slider,1,0,0.00,0.00,0.00,ACTIVE,NONE,14250,0,D,D,0.00,PRESSED,FAULT
2026-05-18 20:53:45.886,570.4722,,slider,1,0,0.00,0.00,0.00,ACTIVE,NONE,14260,0,D,D,0.05,PRESSED,FAULT
2026-05-18 20:53:46.286,570.8725,,slider,1,0,0.00,0.00,0.00,ACTIVE,NONE,14270,0,D,D,0.05,PRESSED,FAULT
2026-05-18 20:53:46.686,571.2723,,slider,1,0,0.00,0.00,0.00,ACTIVE,NONE,14280,0,D,D,0.00,PRESSED,FAULT
2026-05-18 20:53:47.086,571.6725,,slider,1,0,0.00,0.00,0.00,ACTIVE,NONE,14290,0,D,D,0.00,PRESSED,FAULT
2026-05-18 20:53:47.506,572.0924,,slider,1,0,0.00,0.00,0.00,ACTIVE,NONE,14300,0,D,D,0.00,PRESSED,FAULT
2026-05-18 20:53:47.886,572.4726,,slider,1,0,0.00,0.00,0.00,ACTIVE,NONE,14310,0,D,D,0.00,PRESSED,FAULT
2026-05-18 20:53:48.287,572.8730,,slider,1,0,0.00,0.00,0.00,ACTIVE,NONE,14320,0,D,D,0.00,PRESSED,FAULT
2026-05-18 20:53:48.686,573.2726,,slider,1,0,0.00,0.00,0.00,ACTIVE,NONE,14330,0,D,D,0.00,PRESSED,FAULT
2026-05-18 20:53:49.086,573.6726,,slider,1,0,0.00,0.00,0.00,ACTIVE,NONE,14340,0,D,D,0.00,PRESSED,FAULT
2026-05-18 20:53:49.487,574.0728,,slider,1,0,0.00,0.00,0.00,ACTIVE,NONE,14350,0,D,D,0.00,PRESSED,FAULT
2026-05-18 20:53:49.906,574.4924,,slider,1,0,0.00,0.00,0.00,ACTIVE,NONE,14360,0,D,D,0.00,PRESSED,FAULT
2026-05-18 20:53:50.287,574.8728,,slider,1,0,0.00,0.00,0.00,ACTIVE,NONE,14370,0,D,D,0.00,PRESSED,FAULT
2026-05-18 20:53:50.687,575.2728,,slider,1,0,0.00,0.00,0.00,ACTIVE,NONE,14380,0,D,D,0.00,PRESSED,FAULT
2026-05-18 20:53:51.087,575.6728,,slider,1,0,0.00,0.00,0.00,ACTIVE,NONE,14390,0,D,D,0.00,PRESSED,FAULT
2026-05-18 20:53:51.487,576.0727,,slider,1,0,0.00,0.00,0.00,ACTIVE,NONE,14400,0,D,D,0.00,PRESSED,FAULT
2026-05-18 20:53:51.887,576.4728,,slider,1,0,0.00,0.00,0.00,ACTIVE,NONE,14410,0,D,D,0.00,PRESSED,FAULT
2026-05-18 20:53:52.287,576.8728,,slider,1,0,0.00,0.00,0.00,ACTIVE,NONE,14420,0,D,D,0.00,PRESSED,FAULT
2026-05-18 20:53:52.687,577.2728,,slider,1,0,0.00,0.00,0.00,ACTIVE,NONE,14430,0,D,D,0.00,PRESSED,FAULT
2026-05-18 20:53:53.087,577.6729,,slider,1,0,0.00,0.00,0.00,ACTIVE,NONE,14440,0,D,D,0.00,PRESSED,FAULT
2026-05-18 20:53:53.507,578.0928,,slider,1,0,0.00,0.00,0.00,ACTIVE,NONE,14450,0,D,D,0.00,PRESSED,FAULT
2026-05-18 20:53:53.887,578.4730,,slider,1,0,0.00,0.00,0.00,ACTIVE,NONE,14460,0,D,D,0.00,PRESSED,FAULT
2026-05-18 20:53:54.287,578.8729,,slider,1,0,0.00,0.00,0.00,ACTIVE,NONE,14470,0,D,D,0.00,PRESSED,FAULT
2026-05-18 20:53:54.687,579.2729,,slider,1,0,0.00,0.00,0.00,ACTIVE,NONE,14480,0,D,D,0.00,PRESSED,FAULT
2026-05-18 20:53:55.087,579.6729,,slider,1,0,0.00,0.00,0.00,ACTIVE,NONE,14490,0,D,D,0.00,PRESSED,FAULT
2026-05-18 20:53:55.487,580.0731,,slider,1,0,0.00,0.00,0.00,ACTIVE,NONE,14500,0,D,D,0.00,PRESSED,FAULT
2026-05-18 20:53:55.887,580.4731,,slider,1,0,0.00,0.00,0.00,ACTIVE,NONE,14510,0,D,D,0.00,PRESSED,FAULT
2026-05-18 20:53:56.034,580.6205,shift_requested:P,slider,1,0,0.00,0.00,0.00,ACTIVE,NONE,14513,0,D,D,0.00,PRESSED,FAULT
2026-05-18 20:53:56.287,580.8730,,slider,1,0,0.00,0.00,0.00,ACTIVE,NONE,14520,0,D,P,0.00,PRESSED,FAULT
2026-05-18 20:53:56.334,580.9200,gear_change:P,slider,1,0,0.00,0.00,0.00,ACTIVE,NONE,14521,0,P,P,0.00,PRESSED,FAULT
2026-05-18 20:53:56.693,581.2790,,slider,1,0,0.00,0.00,0.00,ACTIVE,NONE,14530,0,P,P,0.00,PRESSED,FAULT
2026-05-18 20:53:57.093,581.6796,,slider,1,0,0.00,0.00,0.00,ACTIVE,NONE,14540,0,P,P,0.00,PRESSED,FAULT
2026-05-18 20:53:57.493,582.0789,,slider,1,0,0.00,0.00,0.00,ACTIVE,NONE,14550,0,P,P,0.00,PRESSED,FAULT
2026-05-18 20:53:57.893,582.4795,,slider,1,0,0.00,0.00,0.00,ACTIVE,NONE,14560,0,P,P,0.00,PRESSED,FAULT
2026-05-18 20:53:58.294,582.8798,,slider,1,0,0.00,0.00,0.00,ACTIVE,NONE,14570,0,P,P,0.00,PRESSED,FAULT
2026-05-18 20:53:58.693,583.2794,,slider,1,0,0.00,0.00,0.00,ACTIVE,NONE,14580,0,P,P,0.00,PRESSED,FAULT
2026-05-18 20:53:59.093,583.6794,,slider,1,0,0.00,0.00,0.00,ACTIVE,NONE,14590,0,P,P,0.00,PRESSED,FAULT
2026-05-18 20:53:59.494,584.0797,,slider,1,0,0.00,0.00,0.00,ACTIVE,NONE,14600,0,P,P,0.00,PRESSED,FAULT
2026-05-18 20:53:59.894,584.4797,,slider,1,0,0.00,0.00,0.00,ACTIVE,NONE,14610,0,P,P,0.00,PRESSED,FAULT
2026-05-18 20:54:00.293,584.8796,,slider,1,0,0.00,0.00,0.00,ACTIVE,NONE,14620,0,P,P,0.00,PRESSED,FAULT
2026-05-18 20:54:00.694,585.2798,,slider,1,0,0.00,0.00,0.00,ACTIVE,NONE,14630,0,P,P,0.00,PRESSED,FAULT
2026-05-18 20:54:01.093,585.6794,,slider,1,0,0.00,0.00,0.00,ACTIVE,NONE,14640,0,P,P,0.00,PRESSED,FAULT
2026-05-18 20:54:01.494,586.0798,,slider,1,0,0.00,0.00,0.00,ACTIVE,NONE,14650,0,P,P,0.00,PRESSED,FAULT
2026-05-18 20:54:01.894,586.4798,,slider,1,0,0.00,0.00,0.00,ACTIVE,NONE,14660,0,P,P,0.00,PRESSED,FAULT
2026-05-18 20:54:02.294,586.8796,,slider,1,0,0.00,0.00,0.00,ACTIVE,NONE,14670,0,P,P,0.00,PRESSED,FAULT
2026-05-18 20:54:02.694,587.2800,,slider,1,0,0.00,0.00,0.00,ACTIVE,NONE,14680,0,P,P,0.00,PRESSED,FAULT
2026-05-18 20:54:03.094,587.6798,,slider,1,0,0.00,0.00,0.00,ACTIVE,NONE,14690,0,P,P,0.00,PRESSED,FAULT
2026-05-18 20:54:03.494,588.0799,,slider,1,0,0.00,0.00,0.00,ACTIVE,NONE,14700,0,P,P,0.00,PRESSED,FAULT
2026-05-18 20:54:03.894,588.4802,,slider,1,0,0.00,0.00,0.00,ACTIVE,NONE,14710,0,P,P,0.00,PRESSED,FAULT
2026-05-18 20:54:04.294,588.8804,,slider,1,0,0.00,0.00,0.00,ACTIVE,NONE,14720,0,P,P,0.00,PRESSED,FAULT
2026-05-18 20:54:04.694,589.2802,,slider,1,0,0.00,0.00,0.00,ACTIVE,NONE,14730,0,P,P,0.00,PRESSED,FAULT
2026-05-18 20:54:05.094,589.6801,,slider,1,0,0.00,0.00,0.00,ACTIVE,NONE,14740,0,P,P,0.00,PRESSED,FAULT
2026-05-18 20:54:05.494,590.0803,,slider,1,0,0.00,0.00,0.00,ACTIVE,NONE,14750,0,P,P,0.00,PRESSED,FAULT
2026-05-18 20:54:05.894,590.4803,,slider,1,0,0.00,0.00,0.00,ACTIVE,NONE,14760,0,P,P,0.00,PRESSED,FAULT
2026-05-18 20:54:06.294,590.8805,,slider,1,0,0.00,0.00,0.00,ACTIVE,NONE,14770,0,P,P,0.00,PRESSED,FAULT
2026-05-18 20:54:06.694,591.2801,,slider,1,0,0.00,0.00,0.00,ACTIVE,NONE,14780,0,P,P,0.00,PRESSED,FAULT
2026-05-18 20:54:07.094,591.6804,,slider,1,0,0.00,0.00,0.00,ACTIVE,NONE,14790,0,P,P,0.00,PRESSED,FAULT
2026-05-18 20:54:07.494,592.0801,,slider,1,0,0.00,0.00,0.00,ACTIVE,NONE,14800,0,P,P,0.00,PRESSED,FAULT
2026-05-18 20:54:07.894,592.4802,,slider,1,0,0.00,0.00,0.00,ACTIVE,NONE,14810,0,P,P,0.00,PRESSED,FAULT
2026-05-18 20:54:08.294,592.8801,,slider,1,0,0.00,0.00,0.00,ACTIVE,NONE,14820,0,P,P,0.00,PRESSED,FAULT
2026-05-18 20:54:08.694,593.2801,,slider,1,0,0.00,0.00,0.00,ACTIVE,NONE,14830,0,P,P,0.00,PRESSED,FAULT
2026-05-18 20:54:09.094,593.6803,,slider,1,0,0.00,0.00,0.00,ACTIVE,NONE,14840,0,P,P,0.00,PRESSED,FAULT
2026-05-18 20:54:09.494,594.0805,,slider,1,0,0.00,0.00,0.00,ACTIVE,NONE,14850,0,P,P,0.00,PRESSED,FAULT
2026-05-18 20:54:09.895,594.4807,,slider,1,0,0.00,0.00,0.00,ACTIVE,NONE,14860,0,P,P,0.00,PRESSED,FAULT
2026-05-18 20:54:10.295,594.8805,,slider,1,0,0.00,0.00,0.00,ACTIVE,NONE,14870,0,P,P,0.00,PRESSED,FAULT
2026-05-18 20:54:10.695,595.2806,,slider,1,0,0.00,0.00,0.00,ACTIVE,NONE,14880,0,P,P,0.00,PRESSED,FAULT
2026-05-18 20:54:11.094,595.6803,,slider,1,0,0.00,0.00,0.00,ACTIVE,NONE,14890,0,P,P,0.00,PRESSED,FAULT
2026-05-18 20:54:11.495,596.0806,,slider,1,0,0.00,0.00,0.00,ACTIVE,NONE,14900,0,P,P,0.00,PRESSED,FAULT
2026-05-18 20:54:11.894,596.4804,,slider,1,0,0.00,0.00,0.00,ACTIVE,NONE,14910,0,P,P,0.00,PRESSED,FAULT
2026-05-18 20:54:12.295,596.8806,,slider,1,0,0.00,0.00,0.00,ACTIVE,NONE,14920,0,P,P,0.00,PRESSED,FAULT
2026-05-18 20:54:12.695,597.2806,,slider,1,0,0.00,0.00,0.00,ACTIVE,NONE,14930,0,P,P,0.00,PRESSED,FAULT
2026-05-18 20:54:13.095,597.6807,,slider,1,0,0.00,0.00,0.00,ACTIVE,NONE,14940,0,P,P,0.00,PRESSED,FAULT
2026-05-18 20:54:13.495,598.0805,,slider,1,0,0.00,0.00,0.00,ACTIVE,NONE,14950,0,P,P,0.00,PRESSED,FAULT
2026-05-18 20:54:13.895,598.4808,,slider,1,0,0.00,0.00,0.00,ACTIVE,NONE,14960,0,P,P,0.00,PRESSED,FAULT
2026-05-18 20:54:14.295,598.8808,,slider,1,0,0.00,0.00,0.00,ACTIVE,NONE,14970,0,P,P,0.00,PRESSED,FAULT
2026-05-18 20:54:14.695,599.2804,,slider,1,0,0.00,0.00,0.00,ACTIVE,NONE,14980,0,P,P,0.00,PRESSED,FAULT
2026-05-18 20:54:15.095,599.6807,,slider,1,0,0.00,0.00,0.00,ACTIVE,NONE,14990,0,P,P,0.00,PRESSED,FAULT
2026-05-18 20:54:15.495,600.0810,,slider,1,0,0.00,0.00,0.00,ACTIVE,NONE,15000,0,P,P,0.00,PRESSED,FAULT
2026-05-18 20:54:15.895,600.4811,,slider,1,0,0.00,0.00,0.00,ACTIVE,NONE,15010,0,P,P,0.00,PRESSED,FAULT
2026-05-18 20:54:16.295,600.8813,,slider,1,0,0.00,0.00,0.00,ACTIVE,NONE,15020,0,P,P,0.00,PRESSED,FAULT
2026-05-18 20:54:16.695,601.2808,,slider,1,0,0.00,0.00,0.00,ACTIVE,NONE,15030,0,P,P,0.00,PRESSED,FAULT
2026-05-18 20:54:17.095,601.6809,,slider,1,0,0.00,0.00,0.00,ACTIVE,NONE,15040,0,P,P,0.00,PRESSED,FAULT
2026-05-18 20:54:17.495,602.0810,,slider,1,0,0.00,0.00,0.00,ACTIVE,NONE,15050,0,P,P,0.00,PRESSED,FAULT
2026-05-18 20:54:17.895,602.4811,,slider,1,0,0.00,0.00,0.00,ACTIVE,NONE,15060,0,P,P,0.00,PRESSED,FAULT
2026-05-18 20:54:18.295,602.8808,,slider,1,0,0.00,0.00,0.00,ACTIVE,NONE,15070,0,P,P,0.00,PRESSED,FAULT
2026-05-18 20:54:18.695,603.2811,,slider,1,0,0.00,0.00,0.00,ACTIVE,NONE,15080,0,P,P,0.00,PRESSED,FAULT
2026-05-18 20:54:19.095,603.6809,,slider,1,0,0.00,0.00,0.00,ACTIVE,NONE,15090,0,P,P,0.00,PRESSED,FAULT
2026-05-18 20:54:19.498,604.0836,,slider,1,0,0.00,0.00,0.00,ACTIVE,NONE,15100,0,P,P,0.00,released,RELEASED
2026-05-18 20:54:19.898,604.4837,,slider,1,0,0.00,0.00,0.00,ACTIVE,NONE,15110,0,P,P,0.00,released,RELEASED
2026-05-18 20:54:20.298,604.8838,,slider,1,0,0.00,0.00,0.00,ACTIVE,NONE,15120,0,P,P,0.00,released,RELEASED
2026-05-18 20:54:20.698,605.2838,,slider,1,0,0.00,0.00,0.00,ACTIVE,NONE,15130,0,P,P,0.00,released,RELEASED
2026-05-18 20:54:21.098,605.6839,,slider,1,0,0.00,0.00,0.00,ACTIVE,NONE,15140,0,P,P,0.00,released,RELEASED
2026-05-18 20:54:21.498,606.0840,,slider,1,0,0.00,0.00,0.00,ACTIVE,NONE,15150,0,P,P,0.00,released,RELEASED
2026-05-18 20:54:21.898,606.4838,,slider,1,0,0.00,0.00,0.00,ACTIVE,NONE,15160,0,P,P,0.00,released,RELEASED
2026-05-18 20:54:22.298,606.8842,,slider,1,0,0.00,0.00,0.00,ACTIVE,NONE,15170,0,P,P,0.00,released,RELEASED
2026-05-18 20:54:22.698,607.2840,,slider,1,0,0.00,0.00,0.00,ACTIVE,NONE,15180,0,P,P,0.00,released,RELEASED
2026-05-18 20:54:23.098,607.6838,,slider,1,0,0.00,0.00,0.00,ACTIVE,NONE,15190,0,P,P,0.00,released,RELEASED
2026-05-18 20:54:23.498,608.0840,,slider,1,0,0.00,0.00,0.00,ACTIVE,NONE,15200,0,P,P,0.00,released,RELEASED
2026-05-18 20:54:23.898,608.4839,,slider,1,0,0.00,0.00,0.00,ACTIVE,NONE,15210,0,P,P,0.00,released,RELEASED
2026-05-18 20:54:24.298,608.8839,,slider,1,0,0.00,0.00,0.00,ACTIVE,NONE,15220,0,P,P,0.00,released,RELEASED
2026-05-18 20:54:24.698,609.2841,,slider,1,0,0.00,0.00,0.00,ACTIVE,NONE,15230,0,P,P,0.00,released,RELEASED
2026-05-18 20:54:25.098,609.6840,,slider,1,0,0.00,0.00,0.00,ACTIVE,NONE,15240,0,P,P,0.00,released,RELEASED
2026-05-18 20:54:25.498,610.0842,,slider,1,0,0.00,0.00,0.00,ACTIVE,NONE,15250,0,P,P,0.00,released,RELEASED
2026-05-18 20:54:25.898,610.4842,,slider,1,0,0.00,0.00,0.00,ACTIVE,NONE,15260,0,P,P,0.00,released,RELEASED
2026-05-18 20:54:26.299,610.8845,,slider,1,0,0.00,0.00,0.00,ACTIVE,NONE,15270,0,P,P,0.00,released,RELEASED
2026-05-18 20:54:26.698,611.2842,,slider,1,0,0.00,0.00,0.00,ACTIVE,NONE,15280,0,P,P,0.00,released,RELEASED
2026-05-18 20:54:27.099,611.6845,,slider,1,0,0.00,0.00,0.00,ACTIVE,NONE,15290,0,P,P,0.00,released,RELEASED
2026-05-18 20:54:27.499,612.0845,,slider,1,0,0.00,0.00,0.00,ACTIVE,NONE,15300,0,P,P,0.00,released,RELEASED
2026-05-18 20:54:27.899,612.4847,,slider,1,0,0.00,0.00,0.00,ACTIVE,NONE,15310,0,P,P,0.00,released,RELEASED
2026-05-18 20:54:28.299,612.8848,,slider,1,0,0.00,0.00,0.00,ACTIVE,NONE,15320,0,P,P,0.00,released,RELEASED
2026-05-18 20:54:28.699,613.2844,,slider,1,0,0.00,0.00,0.00,ACTIVE,NONE,15330,0,P,P,0.00,released,RELEASED
2026-05-18 20:54:29.099,613.6848,,slider,1,0,0.00,0.00,0.00,ACTIVE,NONE,15340,0,P,P,0.00,released,RELEASED
2026-05-18 20:54:29.499,614.0846,,slider,1,0,0.00,0.00,0.00,ACTIVE,NONE,15350,0,P,P,0.00,released,RELEASED
2026-05-18 20:54:29.899,614.4848,,slider,1,0,0.00,0.00,0.00,ACTIVE,NONE,15360,0,P,P,0.00,released,RELEASED
2026-05-18 20:54:30.299,614.8848,,slider,1,0,0.00,0.00,0.00,ACTIVE,NONE,15370,0,P,P,0.00,released,RELEASED
2026-05-18 20:54:30.699,615.2848,,slider,1,0,0.00,0.00,0.00,ACTIVE,NONE,15380,0,P,P,0.00,released,RELEASED
2026-05-18 20:54:31.099,615.6848,,slider,1,0,0.00,0.00,0.00,ACTIVE,NONE,15390,0,P,P,0.00,released,RELEASED
2026-05-18 20:54:31.499,616.0849,,slider,1,0,0.00,0.00,0.00,ACTIVE,NONE,15400,0,P,P,0.00,released,RELEASED
2026-05-18 20:54:31.899,616.4850,,slider,1,0,0.00,0.00,0.00,ACTIVE,NONE,15410,0,P,P,0.00,released,RELEASED
2026-05-18 20:54:32.299,616.8848,,slider,1,0,0.00,0.00,0.00,ACTIVE,NONE,15420,0,P,P,0.00,released,RELEASED
2026-05-18 20:54:32.700,617.2858,,slider,1,0,0.00,0.00,0.00,ACTIVE,NONE,15430,0,P,P,0.00,released,RELEASED
2026-05-18 20:54:33.100,617.6852,,slider,1,0,0.00,0.00,0.00,ACTIVE,NONE,15440,0,P,P,0.00,released,RELEASED
2026-05-18 20:54:33.499,618.0851,,slider,1,0,0.00,0.00,0.00,ACTIVE,NONE,15450,0,P,P,0.00,released,RELEASED
2026-05-18 20:54:33.900,618.4855,,slider,1,0,0.00,0.00,0.00,ACTIVE,NONE,15460,0,P,P,0.00,released,RELEASED
2026-05-18 20:54:34.300,618.8852,,slider,1,0,0.00,0.00,0.00,ACTIVE,NONE,15470,0,P,P,0.00,released,RELEASED
2026-05-18 20:54:34.700,619.2860,,slider,1,0,0.00,0.00,0.00,ACTIVE,NONE,15480,0,P,P,0.00,released,RELEASED
2026-05-18 20:54:35.087,619.6731,,slider,1,0,0.00,0.00,0.00,ACTIVE,NONE,15490,0,P,P,0.00,released,RELEASED
2026-05-18 20:54:35.487,620.0725,,slider,1,0,0.00,0.00,0.00,ACTIVE,NONE,15500,0,P,P,0.00,released,RELEASED
2026-05-18 20:54:35.900,620.4857,,slider,1,0,0.00,0.00,0.00,ACTIVE,NONE,15510,0,P,P,0.00,released,RELEASED
2026-05-18 20:54:36.300,620.8856,,slider,1,0,0.00,0.00,0.00,ACTIVE,NONE,15520,0,P,P,0.00,released,RELEASED
2026-05-18 20:54:36.687,621.2728,,slider,1,0,0.00,0.00,0.00,ACTIVE,NONE,15530,0,P,P,0.00,released,RELEASED
2026-05-18 20:54:37.100,621.6857,,slider,1,0,0.00,0.00,0.00,ACTIVE,NONE,15540,0,P,P,0.00,released,RELEASED
2026-05-18 20:54:37.500,622.0858,,slider,1,0,0.00,0.00,0.00,ACTIVE,NONE,15550,0,P,P,0.00,released,RELEASED
2026-05-18 20:54:37.900,622.4860,,slider,1,0,0.00,0.00,0.00,ACTIVE,NONE,15560,0,P,P,0.00,released,RELEASED
2026-05-18 20:54:38.300,622.8860,,slider,1,0,0.00,0.00,0.00,ACTIVE,NONE,15570,0,P,P,0.00,released,RELEASED
2026-05-18 20:54:38.686,623.2720,,slider,1,0,0.00,0.00,0.00,ACTIVE,NONE,15580,0,P,P,0.00,released,RELEASED
2026-05-18 20:54:39.087,623.6722,,slider,1,0,0.00,0.00,0.00,ACTIVE,NONE,15590,0,P,P,0.00,released,RELEASED
2026-05-18 20:54:39.487,624.0722,,slider,1,0,0.00,0.00,0.00,ACTIVE,NONE,15600,0,P,P,0.00,released,RELEASED
2026-05-18 20:54:39.887,624.4722,,slider,1,0,0.00,0.00,0.00,ACTIVE,NONE,15610,0,P,P,0.00,released,RELEASED
2026-05-18 20:54:40.300,624.8860,,slider,1,0,0.00,0.00,0.00,ACTIVE,NONE,15620,0,P,P,0.00,released,RELEASED
2026-05-18 20:54:40.687,625.2723,,slider,1,0,0.00,0.00,0.00,ACTIVE,NONE,15630,0,P,P,0.00,released,RELEASED
2026-05-18 20:54:41.087,625.6723,,slider,1,0,0.00,0.00,0.00,ACTIVE,NONE,15640,0,P,P,0.00,released,RELEASED
2026-05-18 20:54:41.501,626.0861,,slider,1,0,0.00,0.00,0.00,ACTIVE,NONE,15650,0,P,P,0.00,released,RELEASED
2026-05-18 20:54:41.887,626.4722,,slider,1,0,0.00,0.00,0.00,ACTIVE,NONE,15660,0,P,P,0.00,released,RELEASED
2026-05-18 20:54:42.287,626.8722,,slider,1,0,0.00,0.00,0.00,ACTIVE,NONE,15670,0,P,P,0.00,released,RELEASED
2026-05-18 20:54:42.687,627.2723,,slider,1,0,0.00,0.00,0.00,ACTIVE,NONE,15680,0,P,P,0.00,released,RELEASED
2026-05-18 20:54:43.101,627.6862,,slider,1,0,0.00,0.00,0.00,ACTIVE,NONE,15690,0,P,P,0.00,released,RELEASED
2026-05-18 20:54:43.487,628.0722,,slider,1,0,0.00,0.00,0.00,ACTIVE,NONE,15700,0,P,P,0.00,released,RELEASED
2026-05-18 20:54:43.901,628.4865,,slider,1,0,0.00,0.00,0.00,ACTIVE,NONE,15710,0,P,P,0.00,released,RELEASED
2026-05-18 20:54:44.301,628.8863,,slider,1,0,0.00,0.00,0.00,ACTIVE,NONE,15720,0,P,P,0.00,released,RELEASED
2026-05-18 20:54:44.701,629.2865,,slider,1,0,0.00,0.00,0.00,ACTIVE,NONE,15730,0,P,P,0.00,released,RELEASED
2026-05-18 20:54:45.087,629.6723,,slider,1,0,0.00,0.00,0.00,ACTIVE,NONE,15740,0,P,P,0.00,released,RELEASED
2026-05-18 20:54:45.501,630.0866,,slider,1,0,0.00,0.00,0.00,ACTIVE,NONE,15750,0,P,P,0.00,released,RELEASED
2026-05-18 20:54:45.901,630.4868,,slider,1,0,0.00,0.00,0.00,ACTIVE,NONE,15760,0,P,P,0.00,released,RELEASED
2026-05-18 20:54:46.304,630.8890,,slider,1,0,0.00,0.00,0.00,ACTIVE,NONE,15770,0,P,P,0.00,released,RELEASED
2026-05-18 20:54:46.703,631.2890,,slider,1,0,0.00,0.00,0.00,ACTIVE,NONE,15780,0,P,P,0.00,released,RELEASED
2026-05-18 20:54:47.104,631.6891,,slider,1,0,0.00,0.00,0.00,ACTIVE,NONE,15790,0,P,P,0.00,released,RELEASED
2026-05-18 20:54:47.504,632.0891,,slider,1,0,0.00,0.00,0.00,ACTIVE,NONE,15800,0,P,P,0.00,released,RELEASED
2026-05-18 20:54:47.904,632.4891,,slider,1,0,0.00,0.00,0.00,ACTIVE,NONE,15810,0,P,P,0.00,released,RELEASED
2026-05-18 20:54:48.304,632.8892,,slider,1,0,0.00,0.00,0.00,ACTIVE,NONE,15820,0,P,P,0.00,released,RELEASED
2026-05-18 20:54:48.704,633.2893,,slider,1,0,0.00,0.00,0.00,ACTIVE,NONE,15830,0,P,P,0.00,released,RELEASED
2026-05-18 20:54:49.104,633.6893,,slider,1,0,0.00,0.00,0.00,ACTIVE,NONE,15840,0,P,P,0.00,released,RELEASED
2026-05-18 20:54:49.504,634.0894,,slider,1,0,0.00,0.00,0.00,ACTIVE,NONE,15850,0,P,P,0.00,released,RELEASED
2026-05-18 20:54:49.904,634.4894,,slider,1,0,0.00,0.00,0.00,ACTIVE,NONE,15860,0,P,P,0.00,released,RELEASED
2026-05-18 20:54:50.287,634.8723,,slider,1,0,0.00,0.00,0.00,ACTIVE,NONE,15870,0,P,P,0.00,released,RELEASED
2026-05-18 20:54:50.704,635.2899,,slider,1,0,0.00,0.00,0.00,ACTIVE,NONE,15880,0,P,P,0.00,released,RELEASED
2026-05-18 20:54:51.104,635.6895,,slider,1,0,0.00,0.00,0.00,ACTIVE,NONE,15890,0,P,P,0.00,released,RELEASED
2026-05-18 20:54:51.487,636.0722,,slider,1,0,0.00,0.00,0.00,ACTIVE,NONE,15900,0,P,P,0.00,released,RELEASED
2026-05-18 20:54:51.887,636.4723,,slider,1,0,0.00,0.00,0.00,ACTIVE,NONE,15910,0,P,P,0.00,released,RELEASED
2026-05-18 20:54:52.287,636.8723,,slider,1,0,0.00,0.00,0.00,ACTIVE,NONE,15920,0,P,P,0.00,released,RELEASED
2026-05-18 20:54:52.687,637.2729,,slider,1,0,0.00,0.00,0.00,ACTIVE,NONE,15930,0,P,P,0.00,released,RELEASED
2026-05-18 20:54:53.087,637.6727,,slider,1,0,0.00,0.00,0.00,ACTIVE,NONE,15940,0,P,P,0.00,released,RELEASED
2026-05-18 20:54:53.487,638.0728,,slider,1,0,0.00,0.00,0.00,ACTIVE,NONE,15950,0,P,P,0.00,released,RELEASED
2026-05-18 20:54:53.888,638.4732,,slider,1,0,0.00,0.00,-0.40,ACTIVE,NONE,15960,0,P,P,0.00,released,RELEASED
2026-05-18 20:54:54.287,638.8729,,slider,1,0,0.00,0.00,-0.30,ACTIVE,NONE,15970,0,P,P,0.00,released,RELEASED
2026-05-18 20:54:54.688,639.2729,,slider,1,0,0.00,0.00,0.40,ACTIVE,NONE,15980,0,P,P,0.00,released,RELEASED
2026-05-18 20:54:55.087,639.6727,,slider,1,0,0.00,0.00,0.10,ACTIVE,NONE,15990,0,P,P,0.00,released,RELEASED
2026-05-18 20:54:55.487,640.0727,,slider,1,0,0.00,0.00,0.10,ACTIVE,NONE,16000,0,P,P,0.00,released,RELEASED
2026-05-18 20:54:55.888,640.4732,,slider,1,0,0.00,0.00,0.00,ACTIVE,NONE,16010,0,P,P,0.00,released,RELEASED
2026-05-18 20:54:56.288,640.8736,,slider,1,0,0.00,0.00,0.00,ACTIVE,NONE,16020,0,P,P,0.00,released,RELEASED
2026-05-18 20:54:56.688,641.2731,,slider,1,0,0.00,0.00,0.00,ACTIVE,NONE,16030,0,P,P,0.00,released,RELEASED
2026-05-18 20:54:57.088,641.6734,,slider,1,0,0.00,0.00,0.00,ACTIVE,NONE,16040,0,P,P,0.00,released,RELEASED
2026-05-18 20:54:57.510,642.0950,,slider,1,0,0.00,0.00,0.00,ACTIVE,NONE,16050,0,P,P,0.00,released,RELEASED
2026-05-18 20:54:57.888,642.4730,,slider,1,0,0.00,0.00,0.00,ACTIVE,NONE,16060,0,P,P,0.00,released,RELEASED
2026-05-18 20:54:58.288,642.8731,,slider,1,0,0.00,0.00,0.00,ACTIVE,NONE,16070,0,P,P,0.00,released,RELEASED
2026-05-18 20:54:58.688,643.2729,,slider,1,0,0.00,0.00,0.00,ACTIVE,NONE,16080,0,P,P,0.00,released,RELEASED
2026-05-18 20:54:59.088,643.6729,,slider,1,0,0.00,0.00,0.00,ACTIVE,NONE,16090,0,P,P,0.00,released,RELEASED
2026-05-18 20:54:59.488,644.0732,,slider,1,0,0.00,0.00,0.00,ACTIVE,NONE,16100,0,P,P,0.00,released,RELEASED
2026-05-18 20:54:59.888,644.4730,,slider,1,0,0.00,0.00,0.00,ACTIVE,NONE,16110,0,P,P,0.00,released,RELEASED
2026-05-18 20:55:00.289,644.8739,,slider,1,0,0.00,0.00,0.00,ACTIVE,NONE,16120,0,P,P,0.00,released,RELEASED
2026-05-18 20:55:00.688,645.2729,,slider,1,0,0.00,0.00,0.00,ACTIVE,NONE,16130,0,P,P,0.00,released,RELEASED
2026-05-18 20:55:01.088,645.6736,,slider,1,0,0.00,0.00,0.00,ACTIVE,NONE,16140,0,P,P,0.00,released,RELEASED
2026-05-18 20:55:01.487,646.0727,,slider,1,0,0.00,0.00,0.00,ACTIVE,NONE,16150,0,P,P,0.00,released,RELEASED
2026-05-18 20:55:01.888,646.4731,,slider,1,0,0.00,0.00,0.00,ACTIVE,NONE,16160,0,P,P,0.00,released,RELEASED
2026-05-18 20:55:02.288,646.8728,,slider,1,0,0.00,0.00,0.00,ACTIVE,NONE,16170,0,P,P,0.00,released,RELEASED
2026-05-18 20:55:02.688,647.2730,,slider,1,0,0.00,0.00,0.00,ACTIVE,NONE,16180,0,P,P,0.00,released,RELEASED
2026-05-18 20:55:03.088,647.6735,,slider,1,0,0.00,0.00,0.00,ACTIVE,NONE,16190,0,P,P,0.00,released,RELEASED
2026-05-18 20:55:03.487,648.0727,,slider,1,0,0.00,0.00,0.00,ACTIVE,NONE,16200,0,P,P,0.00,released,RELEASED
2026-05-18 20:55:03.888,648.4734,,slider,1,0,0.00,0.00,0.00,ACTIVE,NONE,16210,0,P,P,0.00,released,RELEASED
2026-05-18 20:55:04.288,648.8733,,slider,1,0,0.00,0.00,0.00,ACTIVE,NONE,16220,0,P,P,0.00,released,RELEASED
2026-05-18 20:55:04.688,649.2733,,slider,1,0,0.00,0.00,0.00,ACTIVE,NONE,16230,0,P,P,0.00,released,RELEASED
2026-05-18 20:55:05.088,649.6735,,slider,1,0,0.00,0.00,0.00,ACTIVE,NONE,16240,0,P,P,0.00,released,RELEASED
2026-05-18 20:55:05.488,650.0734,,slider,1,0,0.00,0.00,0.00,ACTIVE,NONE,16250,0,P,P,0.00,released,RELEASED
2026-05-18 20:55:05.888,650.4736,,slider,1,0,0.00,0.00,0.00,ACTIVE,NONE,16260,0,P,P,0.00,released,RELEASED
2026-05-18 20:55:06.288,650.8735,,slider,1,0,0.00,0.00,0.00,ACTIVE,NONE,16270,0,P,P,0.00,released,RELEASED
2026-05-18 20:55:06.688,651.2736,,slider,1,0,0.00,0.00,0.00,ACTIVE,NONE,16280,0,P,P,0.00,released,RELEASED
2026-05-18 20:55:07.087,651.6727,,slider,1,0,0.00,0.00,0.00,ACTIVE,NONE,16290,0,P,P,0.00,released,RELEASED
2026-05-18 20:55:07.488,652.0734,,slider,1,0,0.00,0.00,0.00,ACTIVE,NONE,16300,0,P,P,0.00,released,RELEASED
2026-05-18 20:55:07.888,652.4731,,slider,1,0,0.00,0.00,0.00,ACTIVE,NONE,16310,0,P,P,0.00,released,RELEASED
2026-05-18 20:55:08.288,652.8735,,slider,1,0,0.00,0.00,0.00,ACTIVE,NONE,16320,0,P,P,0.00,released,RELEASED
2026-05-18 20:55:08.689,653.2740,,slider,1,0,0.00,0.00,0.00,ACTIVE,NONE,16330,0,P,P,0.00,released,RELEASED
2026-05-18 20:55:09.089,653.6739,,slider,1,0,0.00,0.00,0.00,ACTIVE,NONE,16340,0,P,P,0.00,released,RELEASED
2026-05-18 20:55:09.488,654.0736,,slider,1,0,0.00,0.00,0.00,ACTIVE,NONE,16350,0,P,P,0.00,released,RELEASED
2026-05-18 20:55:09.889,654.4739,,slider,1,0,0.00,0.00,0.00,ACTIVE,NONE,16360,0,P,P,0.00,released,RELEASED
2026-05-18 20:55:10.289,654.8741,,slider,1,0,0.00,0.00,0.00,ACTIVE,NONE,16370,0,P,P,0.00,released,RELEASED
2026-05-18 20:55:10.688,655.2736,,slider,1,0,0.00,0.00,0.00,ACTIVE,NONE,16380,0,P,P,0.00,released,RELEASED
2026-05-18 20:55:11.091,655.6761,,slider,1,0,0.00,0.00,0.00,ACTIVE,NONE,16390,0,P,P,0.00,released,RELEASED
2026-05-18 20:55:11.488,656.0733,,slider,1,0,0.00,0.00,0.00,ACTIVE,NONE,16400,0,P,P,0.00,released,RELEASED
2026-05-18 20:55:11.888,656.4731,,slider,1,0,0.00,0.00,0.00,ACTIVE,NONE,16410,0,P,P,0.00,released,RELEASED
2026-05-18 20:55:12.288,656.8732,,slider,1,0,0.00,0.00,0.00,ACTIVE,NONE,16420,0,P,P,0.00,released,RELEASED
2026-05-18 20:55:12.692,657.2775,,slider,1,0,0.00,0.00,0.00,ACTIVE,NONE,16430,0,P,P,0.00,released,RELEASED
2026-05-18 20:55:13.088,657.6734,,slider,1,0,-6.59,-3.50,-1.00,ACTIVE,NONE,16440,0,P,P,0.00,released,RELEASED
2026-05-18 20:55:13.489,658.0739,,slider,1,0,0.00,-0.47,-2.00,ACTIVE,NONE,16450,0,P,P,0.00,released,RELEASED
2026-05-18 20:55:13.889,658.4738,,slider,1,0,-6.59,-0.25,-1.00,ACTIVE,NONE,16460,0,P,P,0.00,released,RELEASED
2026-05-18 20:55:14.288,658.8734,,slider,1,0,0.00,-5.16,-8.90,ACTIVE,NONE,16470,0,P,P,0.00,released,RELEASED
2026-05-18 20:55:14.698,659.2829,,slider,1,0,0.00,2.24,-1.80,ACTIVE,NONE,16480,0,P,P,0.00,released,RELEASED
2026-05-18 20:55:15.098,659.6830,,slider,1,0,0.00,0.11,0.10,ACTIVE,NONE,16490,0,P,P,0.00,released,RELEASED
2026-05-18 20:55:15.498,660.0832,,slider,1,0,0.00,0.01,0.10,ACTIVE,NONE,16500,0,P,P,0.00,released,RELEASED
2026-05-18 20:55:15.898,660.4831,,slider,1,0,0.00,0.00,0.10,ACTIVE,NONE,16510,0,P,P,0.00,released,RELEASED
2026-05-18 20:55:16.298,660.8831,,slider,1,0,0.00,0.00,0.10,ACTIVE,NONE,16520,0,P,P,0.00,released,RELEASED
2026-05-18 20:55:16.698,661.2830,,slider,1,0,0.00,0.00,0.10,ACTIVE,NONE,16530,0,P,P,0.00,released,RELEASED
2026-05-18 20:55:17.098,661.6830,,slider,1,0,0.00,0.00,0.10,ACTIVE,NONE,16540,0,P,P,0.00,released,RELEASED
2026-05-18 20:55:17.488,662.0734,,slider,1,0,0.00,0.00,0.10,ACTIVE,NONE,16550,0,P,P,0.00,released,RELEASED
2026-05-18 20:55:17.888,662.4734,,slider,1,0,0.00,0.00,0.10,ACTIVE,NONE,16560,0,P,P,0.00,released,RELEASED
2026-05-18 20:55:18.288,662.8733,,slider,1,0,0.00,0.00,0.00,ACTIVE,NONE,16570,0,P,P,0.00,released,RELEASED
2026-05-18 20:55:18.688,663.2734,,slider,1,0,0.00,0.00,0.00,ACTIVE,NONE,16580,0,P,P,0.00,released,RELEASED
2026-05-18 20:55:19.088,663.6734,,slider,1,0,0.00,0.00,0.00,ACTIVE,NONE,16590,0,P,P,0.00,released,RELEASED
2026-05-18 20:55:19.488,664.0734,,slider,1,0,0.00,0.00,0.00,ACTIVE,NONE,16600,0,P,P,0.00,released,RELEASED
2026-05-18 20:55:19.888,664.4734,,slider,1,0,0.00,0.00,0.00,ACTIVE,NONE,16610,0,P,P,0.00,released,RELEASED
2026-05-18 20:55:20.288,664.8733,,slider,1,0,0.00,0.00,0.00,ACTIVE,NONE,16620,0,P,P,0.00,released,RELEASED
2026-05-18 20:55:20.688,665.2734,,slider,1,0,0.00,0.00,0.00,ACTIVE,NONE,16630,0,P,P,0.00,released,RELEASED
2026-05-18 20:55:21.088,665.6733,,slider,1,0,0.00,0.00,0.00,ACTIVE,NONE,16640,0,P,P,0.00,released,RELEASED
2026-05-18 20:55:21.488,666.0733,,slider,1,0,0.00,0.00,0.00,ACTIVE,NONE,16650,0,P,P,0.00,released,RELEASED
2026-05-18 20:55:21.888,666.4733,,slider,1,0,0.00,0.00,0.00,ACTIVE,NONE,16660,0,P,P,0.00,released,RELEASED
2026-05-18 20:55:22.288,666.8733,,slider,1,0,0.00,0.00,0.00,ACTIVE,NONE,16670,0,P,P,0.00,released,RELEASED
2026-05-18 20:55:22.688,667.2732,,slider,1,0,0.00,0.00,0.00,ACTIVE,NONE,16680,0,P,P,0.00,released,RELEASED
2026-05-18 20:55:23.099,667.6837,,slider,1,0,0.00,0.00,0.00,ACTIVE,NONE,16690,0,P,P,0.00,released,RELEASED
2026-05-18 20:55:23.488,668.0733,,slider,1,0,0.00,0.00,0.00,ACTIVE,NONE,16700,0,P,P,0.00,released,RELEASED
2026-05-18 20:55:23.888,668.4733,,slider,1,0,0.00,0.00,0.00,ACTIVE,NONE,16710,0,P,P,0.00,released,RELEASED
2026-05-18 20:55:24.299,668.8838,,slider,1,0,0.00,0.00,0.00,ACTIVE,NONE,16720,0,P,P,0.00,released,RELEASED
2026-05-18 20:55:24.699,669.2838,,slider,1,0,0.00,0.00,0.00,ACTIVE,NONE,16730,0,P,P,0.00,released,RELEASED
2026-05-18 20:55:25.099,669.6839,,slider,1,0,0.00,0.00,0.00,ACTIVE,NONE,16740,0,P,P,0.00,released,RELEASED
2026-05-18 20:55:25.499,670.0839,,slider,1,0,0.00,0.00,0.00,ACTIVE,NONE,16750,0,P,P,0.00,released,RELEASED
2026-05-18 20:55:25.899,670.4839,,slider,1,0,0.00,0.00,0.00,ACTIVE,NONE,16760,0,P,P,0.00,released,RELEASED
2026-05-18 20:55:26.289,670.8736,,slider,1,0,0.00,0.00,0.00,ACTIVE,NONE,16770,0,P,P,0.00,released,RELEASED
2026-05-18 20:55:26.688,671.2733,,slider,1,0,0.00,0.00,0.00,ACTIVE,NONE,16780,0,P,P,0.00,released,RELEASED
2026-05-18 20:55:27.088,671.6734,,slider,1,0,0.00,0.00,0.00,ACTIVE,NONE,16790,0,P,P,0.00,released,RELEASED
2026-05-18 20:55:27.488,672.0731,,slider,1,0,0.00,0.00,0.00,ACTIVE,NONE,16800,0,P,P,0.00,released,RELEASED
2026-05-18 20:55:27.888,672.4732,,slider,1,0,0.00,0.00,0.00,ACTIVE,NONE,16810,0,P,P,0.00,released,RELEASED
2026-05-18 20:55:28.299,672.8842,,slider,1,0,0.00,0.00,0.00,ACTIVE,NONE,16820,0,P,P,0.00,released,RELEASED
2026-05-18 20:55:28.699,673.2842,,slider,1,0,0.00,0.00,0.00,ACTIVE,NONE,16830,0,P,P,0.00,released,RELEASED
2026-05-18 20:55:29.099,673.6844,,slider,1,0,0.00,0.00,0.00,ACTIVE,NONE,16840,0,P,P,0.00,released,RELEASED
2026-05-18 20:55:29.489,674.0739,,slider,1,0,0.00,0.00,0.00,ACTIVE,NONE,16850,0,P,P,0.00,released,RELEASED
2026-05-18 20:55:29.899,674.4843,,slider,1,0,0.00,0.00,0.00,ACTIVE,NONE,16860,0,P,P,0.00,released,RELEASED
2026-05-18 20:55:30.288,674.8732,,slider,1,0,0.00,0.00,0.00,ACTIVE,NONE,16870,0,P,P,0.00,released,RELEASED
2026-05-18 20:55:30.688,675.2733,,slider,1,0,0.00,0.00,0.00,ACTIVE,NONE,16880,0,P,P,0.00,released,RELEASED
2026-05-18 20:55:31.100,675.6848,,slider,1,0,0.00,0.00,0.00,ACTIVE,NONE,16890,0,P,P,0.00,released,RELEASED
2026-05-18 20:55:31.488,676.0733,,slider,1,0,0.00,0.00,0.00,ACTIVE,NONE,16900,0,P,P,0.00,released,RELEASED
2026-05-18 20:55:31.900,676.4848,,slider,1,0,0.00,0.00,0.00,ACTIVE,NONE,16910,0,P,P,0.00,released,RELEASED
2026-05-18 20:55:32.300,676.8851,,slider,1,0,0.00,0.00,0.00,ACTIVE,NONE,16920,0,P,P,0.00,released,RELEASED
2026-05-18 20:55:32.688,677.2733,,slider,1,0,0.00,0.00,0.00,ACTIVE,NONE,16930,0,P,P,0.00,released,RELEASED
2026-05-18 20:55:33.088,677.6733,,slider,1,0,0.00,0.00,0.00,ACTIVE,NONE,16940,0,P,P,0.00,released,RELEASED
2026-05-18 20:55:33.488,678.0734,,slider,1,0,0.00,0.00,0.00,ACTIVE,NONE,16950,0,P,P,0.00,released,RELEASED
2026-05-18 20:55:33.888,678.4733,,slider,1,0,0.00,0.00,0.00,ACTIVE,NONE,16960,0,P,P,0.00,released,RELEASED
2026-05-18 20:55:34.288,678.8733,,slider,1,0,0.00,0.00,0.00,ACTIVE,NONE,16970,0,P,P,0.00,released,RELEASED
2026-05-18 20:55:34.700,679.2850,,slider,1,0,0.00,0.00,0.00,ACTIVE,NONE,16980,0,P,P,0.00,released,RELEASED
2026-05-18 20:55:35.089,679.6734,,slider,1,0,0.00,0.00,0.00,ACTIVE,NONE,16990,0,P,P,0.00,released,RELEASED
2026-05-18 20:55:35.488,680.0733,,slider,1,0,0.00,0.00,0.00,ACTIVE,NONE,17000,0,P,P,0.00,released,RELEASED
2026-05-18 20:55:35.889,680.4734,,slider,1,0,0.00,0.00,0.00,ACTIVE,NONE,17010,0,P,P,0.00,released,RELEASED
2026-05-18 20:55:36.289,680.8733,,slider,1,0,0.00,0.00,0.00,ACTIVE,NONE,17020,0,P,P,0.00,released,RELEASED
2026-05-18 20:55:36.689,681.2734,,slider,1,0,0.00,0.00,0.00,ACTIVE,NONE,17030,0,P,P,0.00,released,RELEASED
2026-05-18 20:55:37.089,681.6733,,slider,1,0,0.00,0.00,0.00,ACTIVE,NONE,17040,0,P,P,0.00,released,RELEASED
2026-05-18 20:55:37.489,682.0738,,slider,1,0,0.00,0.00,0.00,ACTIVE,NONE,17050,0,P,P,0.00,released,RELEASED
2026-05-18 20:55:37.888,682.4733,,slider,1,0,0.00,0.00,0.00,ACTIVE,NONE,17060,0,P,P,0.00,released,RELEASED
2026-05-18 20:55:38.289,682.8733,,slider,1,0,0.00,0.00,0.00,ACTIVE,NONE,17070,0,P,P,0.00,released,RELEASED
2026-05-18 20:55:38.689,683.2733,,slider,1,0,0.00,0.00,0.00,ACTIVE,NONE,17080,0,P,P,0.00,released,RELEASED
2026-05-18 20:55:39.089,683.6735,,slider,1,0,0.00,0.00,0.00,ACTIVE,NONE,17090,0,P,P,0.00,released,RELEASED
2026-05-18 20:55:39.489,684.0734,,slider,1,0,0.00,0.00,0.00,ACTIVE,NONE,17100,0,P,P,0.00,released,RELEASED
2026-05-18 20:55:39.889,684.4734,,slider,1,0,0.00,0.00,0.00,ACTIVE,NONE,17110,0,P,P,0.00,released,RELEASED
2026-05-18 20:55:40.289,684.8734,,slider,1,0,0.00,0.00,0.00,ACTIVE,NONE,17120,0,P,P,0.00,released,RELEASED
2026-05-18 20:55:40.689,685.2734,,slider,1,0,0.00,0.00,0.00,ACTIVE,NONE,17130,0,P,P,0.00,released,RELEASED
2026-05-18 20:55:41.089,685.6734,,slider,1,0,0.00,0.00,0.00,ACTIVE,NONE,17140,0,P,P,0.00,released,RELEASED
2026-05-18 20:55:41.489,686.0733,,slider,1,0,0.00,0.00,0.00,ACTIVE,NONE,17150,0,P,P,0.00,released,RELEASED
2026-05-18 20:55:41.889,686.4734,,slider,1,0,0.00,0.00,0.00,ACTIVE,NONE,17160,0,P,P,0.00,released,RELEASED
2026-05-18 20:55:42.289,686.8734,,slider,1,0,0.00,0.00,0.00,ACTIVE,NONE,17170,0,P,P,0.00,released,RELEASED
2026-05-18 20:55:42.689,687.2736,,slider,1,0,0.00,0.00,0.00,ACTIVE,NONE,17180,0,P,P,0.00,released,RELEASED
2026-05-18 20:55:43.089,687.6734,,slider,1,0,0.00,0.00,0.00,ACTIVE,NONE,17190,0,P,P,0.00,released,RELEASED
2026-05-18 20:55:43.489,688.0737,,slider,1,0,0.00,0.00,0.00,ACTIVE,NONE,17200,0,P,P,0.00,released,RELEASED
2026-05-18 20:55:43.889,688.4735,,slider,1,0,0.00,0.00,0.00,ACTIVE,NONE,17210,0,P,P,0.00,released,RELEASED
2026-05-18 20:55:44.289,688.8737,,slider,1,0,0.00,0.00,0.00,ACTIVE,NONE,17220,0,P,P,0.00,released,RELEASED
2026-05-18 20:55:44.689,689.2735,,slider,1,0,0.00,0.00,0.00,ACTIVE,NONE,17230,0,P,P,0.00,released,RELEASED
2026-05-18 20:55:45.089,689.6736,,slider,1,0,0.00,0.00,0.00,ACTIVE,NONE,17240,0,P,P,0.00,released,RELEASED
2026-05-18 20:55:45.489,690.0736,,slider,1,0,0.00,0.00,0.00,ACTIVE,NONE,17250,0,P,P,0.00,released,RELEASED
2026-05-18 20:55:45.889,690.4734,,slider,1,0,0.00,0.00,0.00,ACTIVE,NONE,17260,0,P,P,0.00,released,RELEASED
2026-05-18 20:55:46.289,690.8735,,slider,1,0,0.00,0.00,0.00,ACTIVE,NONE,17270,0,P,P,0.00,released,RELEASED
2026-05-18 20:55:46.689,691.2736,,slider,1,0,0.00,0.00,0.00,ACTIVE,NONE,17280,0,P,P,0.00,released,RELEASED
2026-05-18 20:55:47.089,691.6737,,slider,1,0,0.00,0.00,0.00,ACTIVE,NONE,17290,0,P,P,0.00,released,RELEASED
2026-05-18 20:55:47.489,692.0734,,slider,1,0,0.00,0.00,0.00,ACTIVE,NONE,17300,0,P,P,0.00,released,RELEASED
2026-05-18 20:55:47.889,692.4735,,slider,1,0,0.00,0.00,0.00,ACTIVE,NONE,17310,0,P,P,0.00,released,RELEASED
2026-05-18 20:55:48.289,692.8735,,slider,1,0,0.00,0.00,0.00,ACTIVE,NONE,17320,0,P,P,0.00,released,RELEASED
2026-05-18 20:55:48.689,693.2737,,slider,1,0,0.00,0.00,0.00,ACTIVE,NONE,17330,0,P,P,0.00,released,RELEASED
2026-05-18 20:55:49.089,693.6735,,slider,1,0,0.00,0.00,0.00,ACTIVE,NONE,17340,0,P,P,0.00,released,RELEASED
2026-05-18 20:55:49.489,694.0736,,slider,1,0,0.00,0.00,0.00,ACTIVE,NONE,17350,0,P,P,0.00,released,RELEASED
2026-05-18 20:55:49.889,694.4736,,slider,1,0,0.00,0.00,0.00,ACTIVE,NONE,17360,0,P,P,0.00,released,RELEASED
2026-05-18 20:55:50.289,694.8736,,slider,1,0,0.00,0.00,0.00,ACTIVE,NONE,17370,0,P,P,0.00,released,RELEASED
2026-05-18 20:55:50.689,695.2738,,slider,1,0,0.00,0.00,0.00,ACTIVE,NONE,17380,0,P,P,0.00,released,RELEASED
2026-05-18 20:55:51.089,695.6736,,slider,1,0,0.00,0.00,0.00,ACTIVE,NONE,17390,0,P,P,0.00,released,RELEASED
2026-05-18 20:55:51.489,696.0738,,slider,1,0,0.00,0.00,0.00,ACTIVE,NONE,17400,0,P,P,0.00,released,RELEASED
2026-05-18 20:55:51.889,696.4736,,slider,1,0,0.00,0.00,0.00,ACTIVE,NONE,17410,0,P,P,0.00,released,RELEASED
2026-05-18 20:55:52.289,696.8737,,slider,1,0,0.00,0.00,0.00,ACTIVE,NONE,17420,0,P,P,0.00,released,RELEASED
2026-05-18 20:55:52.689,697.2736,,slider,1,0,0.00,0.00,0.00,ACTIVE,NONE,17430,0,P,P,0.00,released,RELEASED
2026-05-18 20:55:53.089,697.6736,,slider,1,0,0.00,0.00,0.00,ACTIVE,NONE,17440,0,P,P,0.00,released,RELEASED
2026-05-18 20:55:53.489,698.0735,,slider,1,0,0.00,0.00,0.00,ACTIVE,NONE,17450,0,P,P,0.00,released,RELEASED
2026-05-18 20:55:53.889,698.4739,,slider,1,0,0.00,0.00,0.00,ACTIVE,NONE,17460,0,P,P,0.00,released,RELEASED
2026-05-18 20:55:54.289,698.8737,,slider,1,0,0.00,0.00,0.00,ACTIVE,NONE,17470,0,P,P,0.00,released,RELEASED
2026-05-18 20:55:54.689,699.2736,,slider,1,0,0.00,0.00,0.00,ACTIVE,NONE,17480,0,P,P,0.00,released,RELEASED
2026-05-18 20:55:55.089,699.6736,,slider,1,0,0.00,0.00,0.00,ACTIVE,NONE,17490,0,P,P,0.00,released,RELEASED
2026-05-18 20:55:55.489,700.0736,,slider,1,0,0.00,0.00,0.00,ACTIVE,NONE,17500,0,P,P,0.00,released,RELEASED
2026-05-18 20:55:55.889,700.4736,,slider,1,0,0.00,0.00,0.00,ACTIVE,NONE,17510,0,P,P,0.00,released,RELEASED
2026-05-18 20:55:56.289,700.8736,,slider,1,0,0.00,0.00,0.00,ACTIVE,NONE,17520,0,P,P,0.00,released,RELEASED
2026-05-18 20:55:56.689,701.2739,,slider,1,0,0.00,0.00,0.00,ACTIVE,NONE,17530,0,P,P,0.00,released,RELEASED
2026-05-18 20:55:57.089,701.6736,,slider,1,0,0.00,0.00,0.00,ACTIVE,NONE,17540,0,P,P,0.00,released,RELEASED
2026-05-18 20:55:57.489,702.0736,,slider,1,0,0.00,0.00,0.00,ACTIVE,NONE,17550,0,P,P,0.00,released,RELEASED
2026-05-18 20:55:57.889,702.4737,,slider,1,0,0.00,0.00,0.00,ACTIVE,NONE,17560,0,P,P,0.00,released,RELEASED
2026-05-18 20:55:58.289,702.8736,,slider,1,0,0.00,0.00,0.00,ACTIVE,NONE,17570,0,P,P,0.00,released,RELEASED
2026-05-18 20:55:58.689,703.2737,,slider,1,0,0.00,0.00,0.00,ACTIVE,NONE,17580,0,P,P,0.00,released,RELEASED
2026-05-18 20:55:59.089,703.6738,,slider,1,0,0.00,0.00,0.00,ACTIVE,NONE,17590,0,P,P,0.00,released,RELEASED
2026-05-18 20:55:59.489,704.0737,,slider,1,0,0.00,0.00,0.00,ACTIVE,NONE,17600,0,P,P,0.00,released,RELEASED
2026-05-18 20:55:59.889,704.4737,,slider,1,0,0.00,0.00,0.00,ACTIVE,NONE,17610,0,P,P,0.00,released,RELEASED
2026-05-18 20:56:00.289,704.8737,,slider,1,0,0.00,0.00,0.00,ACTIVE,NONE,17620,0,P,P,0.00,released,RELEASED
2026-05-18 20:56:00.689,705.2737,,slider,1,0,0.00,0.00,0.00,ACTIVE,NONE,17630,0,P,P,0.00,released,RELEASED
2026-05-18 20:56:01.089,705.6737,,slider,1,0,0.00,0.00,0.00,ACTIVE,NONE,17640,0,P,P,0.00,released,RELEASED
2026-05-18 20:56:01.489,706.0737,,slider,1,0,0.00,0.00,0.00,ACTIVE,NONE,17650,0,P,P,0.00,released,RELEASED
2026-05-18 20:56:01.889,706.4737,,slider,1,0,0.00,0.00,0.00,ACTIVE,NONE,17660,0,P,P,0.00,released,RELEASED
2026-05-18 20:56:02.289,706.8736,,slider,1,0,0.00,0.00,0.00,ACTIVE,NONE,17670,0,P,P,0.00,released,RELEASED
2026-05-18 20:56:02.689,707.2737,,slider,1,0,0.00,0.00,0.00,ACTIVE,NONE,17680,0,P,P,0.00,released,RELEASED
2026-05-18 20:56:03.089,707.6737,,slider,1,0,0.00,0.00,0.00,ACTIVE,NONE,17690,0,P,P,0.00,released,RELEASED
2026-05-18 20:56:03.489,708.0737,,slider,1,0,0.00,0.00,0.00,ACTIVE,NONE,17700,0,P,P,0.00,released,RELEASED
2026-05-18 20:56:03.889,708.4736,,slider,1,0,0.00,0.00,0.00,ACTIVE,NONE,17710,0,P,P,0.00,released,RELEASED
2026-05-18 20:56:04.289,708.8736,,slider,1,0,0.00,0.00,0.00,ACTIVE,NONE,17720,0,P,P,0.00,released,RELEASED
2026-05-18 20:56:04.703,709.2878,,slider,1,0,0.00,0.00,0.00,ACTIVE,NONE,17730,0,P,P,0.00,released,RELEASED
2026-05-18 20:56:05.089,709.6737,,slider,1,0,0.00,0.00,0.00,ACTIVE,NONE,17740,0,P,P,0.00,released,RELEASED
2026-05-18 20:56:05.489,710.0736,,slider,1,0,0.00,0.00,0.00,ACTIVE,NONE,17750,0,P,P,0.00,released,RELEASED
2026-05-18 20:56:05.889,710.4735,,slider,1,0,0.00,0.00,0.00,ACTIVE,NONE,17760,0,P,P,0.00,released,RELEASED
2026-05-18 20:56:06.289,710.8735,,slider,1,0,0.00,0.00,0.00,ACTIVE,NONE,17770,0,P,P,0.00,released,RELEASED
2026-05-18 20:56:06.689,711.2739,,slider,1,0,0.00,0.00,0.00,ACTIVE,NONE,17780,0,P,P,0.00,released,RELEASED
2026-05-18 20:56:07.089,711.6735,,slider,1,0,0.00,0.00,0.00,ACTIVE,NONE,17790,0,P,P,0.00,released,RELEASED
2026-05-18 20:56:07.489,712.0735,,slider,1,0,0.00,0.00,0.00,ACTIVE,NONE,17800,0,P,P,0.00,released,RELEASED
2026-05-18 20:56:07.889,712.4735,,slider,1,0,0.00,0.00,0.00,ACTIVE,NONE,17810,0,P,P,0.00,released,RELEASED
2026-05-18 20:56:08.289,712.8735,,slider,1,0,0.00,0.00,0.00,ACTIVE,NONE,17820,0,P,P,0.00,released,RELEASED
2026-05-18 20:56:08.689,713.2737,,slider,1,0,0.00,0.00,0.00,ACTIVE,NONE,17830,0,P,P,0.00,released,RELEASED
2026-05-18 20:56:09.089,713.6735,,slider,1,0,0.00,0.00,0.00,ACTIVE,NONE,17840,0,P,P,0.00,released,RELEASED
2026-05-18 20:56:09.489,714.0737,,slider,1,0,0.00,0.00,0.00,ACTIVE,NONE,17850,0,P,P,0.00,released,RELEASED
2026-05-18 20:56:09.889,714.4735,,slider,1,0,0.00,0.00,0.00,ACTIVE,NONE,17860,0,P,P,0.00,released,RELEASED
2026-05-18 20:56:10.289,714.8737,,slider,1,0,0.00,0.00,0.00,ACTIVE,NONE,17870,0,P,P,0.00,released,RELEASED
2026-05-18 20:56:10.689,715.2739,,slider,1,0,0.00,0.00,0.00,ACTIVE,NONE,17880,0,P,P,0.00,released,RELEASED
2026-05-18 20:56:11.089,715.6738,,slider,1,0,0.00,0.00,0.00,ACTIVE,NONE,17890,0,P,P,0.00,released,RELEASED
2026-05-18 20:56:11.489,716.0736,,slider,1,0,0.00,0.00,0.00,ACTIVE,NONE,17900,0,P,P,0.00,released,RELEASED
2026-05-18 20:56:11.889,716.4738,,slider,1,0,0.00,0.00,0.00,ACTIVE,NONE,17910,0,P,P,0.00,released,RELEASED
2026-05-18 20:56:12.289,716.8738,,slider,1,0,0.00,0.00,0.00,ACTIVE,NONE,17920,0,P,P,0.00,released,RELEASED
2026-05-18 20:56:12.690,717.2739,,slider,1,0,0.00,0.00,0.00,ACTIVE,NONE,17930,0,P,P,0.00,released,RELEASED
2026-05-18 20:56:13.089,717.6738,,slider,1,0,0.00,0.00,0.00,ACTIVE,NONE,17940,0,P,P,0.00,released,RELEASED
2026-05-18 20:56:13.489,718.0738,,slider,1,0,0.00,0.00,0.00,ACTIVE,NONE,17950,0,P,P,0.00,released,RELEASED
2026-05-18 20:56:13.889,718.4737,,slider,1,0,0.00,0.00,0.00,ACTIVE,NONE,17960,0,P,P,0.00,released,RELEASED
2026-05-18 20:56:14.289,718.8738,,slider,1,0,0.00,0.00,0.00,ACTIVE,NONE,17970,0,P,P,0.00,released,RELEASED
2026-05-18 20:56:14.690,719.2740,,slider,1,0,148.40,34.20,12.80,ACTIVE,NONE,17980,0,P,P,0.00,released,RELEASED
2026-05-18 20:56:15.090,719.6742,,slider,1,0,-279.72,12.37,34.40,ACTIVE,NONE,17990,0,P,P,0.00,released,RELEASED
2026-05-18 20:56:15.490,720.0748,,slider,1,0,18.39,-8.63,-16.50,ACTIVE,NONE,18000,0,P,P,0.00,released,RELEASED
2026-05-18 20:56:15.891,720.4750,,slider,1,0,0.00,0.18,-1.20,ACTIVE,NONE,18010,0,P,P,0.00,released,RELEASED
2026-05-18 20:56:16.290,720.8748,,slider,1,0,0.00,0.01,-0.30,ACTIVE,NONE,18020,0,P,P,0.00,released,RELEASED
2026-05-18 20:56:16.691,721.2749,,slider,1,0,0.00,0.00,0.00,ACTIVE,NONE,18030,0,P,P,0.00,released,RELEASED
2026-05-18 20:56:17.091,721.6750,,slider,1,0,0.00,0.00,0.00,ACTIVE,NONE,18040,0,P,P,0.00,released,RELEASED
2026-05-18 20:56:17.491,722.0748,,slider,1,0,0.00,0.00,0.00,ACTIVE,NONE,18050,0,P,P,0.00,released,RELEASED
2026-05-18 20:56:17.890,722.4747,,slider,1,0,0.00,0.00,0.00,ACTIVE,NONE,18060,0,P,P,0.00,released,RELEASED
2026-05-18 20:56:18.291,722.8748,,slider,1,0,0.00,0.00,0.00,ACTIVE,NONE,18070,0,P,P,0.00,released,RELEASED
2026-05-18 20:56:18.691,723.2749,,slider,1,0,0.00,0.00,0.00,ACTIVE,NONE,18080,0,P,P,0.00,released,RELEASED
2026-05-18 20:56:19.091,723.6750,,slider,1,0,0.00,0.00,0.00,ACTIVE,NONE,18090,0,P,P,0.00,released,RELEASED
2026-05-18 20:56:19.490,724.0747,,slider,1,0,0.00,0.00,0.00,ACTIVE,NONE,18100,0,P,P,0.00,released,RELEASED
2026-05-18 20:56:19.891,724.4749,,slider,1,0,0.00,0.00,0.00,ACTIVE,NONE,18110,0,P,P,0.00,released,RELEASED
2026-05-18 20:56:20.291,724.8751,,slider,1,0,0.00,0.00,0.00,ACTIVE,NONE,18120,0,P,P,0.00,released,RELEASED
2026-05-18 20:56:20.691,725.2751,,slider,1,0,0.00,0.00,0.00,ACTIVE,NONE,18130,0,P,P,0.00,released,RELEASED
2026-05-18 20:56:21.091,725.6747,,slider,1,0,0.00,0.00,0.00,ACTIVE,NONE,18140,0,P,P,0.00,released,RELEASED
2026-05-18 20:56:21.491,726.0749,,slider,1,0,0.00,0.00,0.00,ACTIVE,NONE,18150,0,P,P,0.00,released,RELEASED
2026-05-18 20:56:21.891,726.4751,,slider,1,0,0.00,0.00,0.00,ACTIVE,NONE,18160,0,P,P,0.00,released,RELEASED
2026-05-18 20:56:22.291,726.8747,,slider,1,0,0.00,0.00,0.00,ACTIVE,NONE,18170,0,P,P,0.00,released,RELEASED
2026-05-18 20:56:22.690,727.2747,,slider,1,0,0.00,0.00,0.00,ACTIVE,NONE,18180,0,P,P,0.00,released,RELEASED
2026-05-18 20:56:23.091,727.6751,,slider,1,0,0.00,0.00,0.00,ACTIVE,NONE,18190,0,P,P,0.00,released,RELEASED
2026-05-18 20:56:23.491,728.0750,,slider,1,0,0.00,0.00,0.00,ACTIVE,NONE,18200,0,P,P,0.00,released,RELEASED
2026-05-18 20:56:23.891,728.4748,,slider,1,0,0.00,0.00,0.00,ACTIVE,NONE,18210,0,P,P,0.00,released,RELEASED
2026-05-18 20:56:24.291,728.8748,,slider,1,0,-28.89,-12.37,-1.90,ACTIVE,NONE,18220,0,P,P,0.00,released,RELEASED
2026-05-18 20:56:24.690,729.2744,,slider,1,0,9.53,-7.11,-21.20,ACTIVE,NONE,18230,0,P,P,0.00,released,RELEASED
2026-05-18 20:56:25.090,729.6745,,slider,1,0,0.00,17.52,23.80,ACTIVE,NONE,18240,0,P,P,0.00,released,RELEASED
2026-05-18 20:56:25.490,730.0745,,slider,1,0,0.00,-39.90,-24.40,ACTIVE,NONE,18250,0,P,P,0.00,released,RELEASED
2026-05-18 20:56:25.893,730.4777,,slider,1,0,12.48,26.10,2.90,ACTIVE,NONE,18260,0,P,P,0.00,released,RELEASED
2026-05-18 20:56:26.294,730.8778,,slider,1,0,-15.43,-25.53,-3.50,ACTIVE,NONE,18270,0,P,P,0.00,released,RELEASED
2026-05-18 20:56:26.693,731.2770,,slider,1,0,0.00,-2.48,-7.10,ACTIVE,NONE,18280,0,P,P,0.00,released,RELEASED
2026-05-18 20:56:27.093,731.6772,,slider,1,0,0.00,-0.12,-1.40,ACTIVE,NONE,18290,0,P,P,0.00,released,RELEASED
2026-05-18 20:56:27.493,732.0772,,slider,1,0,0.00,-0.01,-0.30,ACTIVE,NONE,18300,0,P,P,0.00,released,RELEASED
2026-05-18 20:56:27.893,732.4772,,slider,1,0,0.00,-0.00,-0.10,ACTIVE,NONE,18310,0,P,P,0.00,released,RELEASED
2026-05-18 20:56:28.293,732.8772,,slider,1,0,0.00,-0.00,0.00,ACTIVE,NONE,18320,0,P,P,0.00,released,RELEASED
2026-05-18 20:56:28.693,733.2772,,slider,1,0,0.00,-0.00,0.00,ACTIVE,NONE,18330,0,P,P,0.00,released,RELEASED
2026-05-18 20:56:29.093,733.6772,,slider,1,0,0.00,-0.00,0.00,ACTIVE,NONE,18340,0,P,P,0.00,released,RELEASED
2026-05-18 20:56:29.493,734.0770,,slider,1,0,0.00,-0.00,0.00,ACTIVE,NONE,18350,0,P,P,0.00,released,RELEASED
2026-05-18 20:56:29.893,734.4771,,slider,1,0,0.00,-0.00,0.00,ACTIVE,NONE,18360,0,P,P,0.00,released,RELEASED
2026-05-18 20:56:30.293,734.8771,,slider,1,0,0.00,-0.00,0.00,ACTIVE,NONE,18370,0,P,P,0.00,released,RELEASED
2026-05-18 20:56:30.693,735.2771,,slider,1,0,0.00,-0.00,0.00,ACTIVE,NONE,18380,0,P,P,0.00,released,RELEASED
2026-05-18 20:56:31.093,735.6772,,slider,1,0,0.00,-0.00,0.00,ACTIVE,NONE,18390,0,P,P,0.00,released,RELEASED
2026-05-18 20:56:31.493,736.0771,,slider,1,0,0.00,-0.00,0.00,ACTIVE,NONE,18400,0,P,P,0.00,released,RELEASED
2026-05-18 20:56:31.893,736.4771,,slider,1,0,0.00,-0.00,0.00,ACTIVE,NONE,18410,0,P,P,0.00,released,RELEASED
2026-05-18 20:56:32.293,736.8771,,slider,1,0,0.00,-0.00,0.00,ACTIVE,NONE,18420,0,P,P,0.00,released,RELEASED
2026-05-18 20:56:32.693,737.2771,,slider,1,0,0.00,-0.00,0.00,ACTIVE,NONE,18430,0,P,P,0.00,released,RELEASED
2026-05-18 20:56:33.093,737.6771,,slider,1,0,0.00,-0.00,0.00,ACTIVE,NONE,18440,0,P,P,0.00,released,RELEASED
2026-05-18 20:56:33.493,738.0771,,slider,1,0,0.00,-0.00,0.00,ACTIVE,NONE,18450,0,P,P,0.00,released,RELEASED
2026-05-18 20:56:33.893,738.4771,,slider,1,0,0.00,-0.00,0.00,ACTIVE,NONE,18460,0,P,P,0.00,released,RELEASED
2026-05-18 20:56:34.293,738.8771,,slider,1,0,0.00,-0.00,0.00,ACTIVE,NONE,18470,0,P,P,0.00,released,RELEASED
2026-05-18 20:56:34.693,739.2772,,slider,1,0,0.00,-0.00,0.00,ACTIVE,NONE,18480,0,P,P,0.00,released,RELEASED
2026-05-18 20:56:35.093,739.6772,,slider,1,0,0.00,-0.00,0.00,ACTIVE,NONE,18490,0,P,P,0.00,released,RELEASED
2026-05-18 20:56:35.493,740.0774,,slider,1,0,13.95,5.49,0.50,ACTIVE,NONE,18500,0,P,P,0.00,released,RELEASED
2026-05-18 20:56:35.893,740.4773,,slider,1,0,15.43,15.57,13.30,ACTIVE,NONE,18510,0,P,P,0.00,released,RELEASED
2026-05-18 20:56:36.293,740.8773,,slider,1,0,15.43,18.93,18.10,ACTIVE,NONE,18520,0,P,P,0.00,released,RELEASED
2026-05-18 20:56:36.692,741.2760,,slider,1,0,0.00,2.25,8.30,ACTIVE,NONE,18530,0,P,P,0.00,released,RELEASED
2026-05-18 20:56:37.092,741.6757,,slider,1,0,0.00,0.11,1.80,ACTIVE,NONE,18540,0,P,P,0.00,released,RELEASED
2026-05-18 20:56:37.492,742.0760,,slider,1,0,0.00,0.01,0.20,ACTIVE,NONE,18550,0,P,P,0.00,released,RELEASED
2026-05-18 20:56:37.891,742.4754,,slider,1,0,0.00,0.00,0.00,ACTIVE,NONE,18560,0,P,P,0.00,released,RELEASED
2026-05-18 20:56:38.292,742.8758,,slider,1,0,0.00,0.00,0.00,ACTIVE,NONE,18570,0,P,P,0.00,released,RELEASED
2026-05-18 20:56:38.692,743.2760,,slider,1,0,0.00,0.00,0.00,ACTIVE,NONE,18580,0,P,P,0.00,released,RELEASED
2026-05-18 20:56:39.092,743.6759,,slider,1,0,0.00,0.00,0.00,ACTIVE,NONE,18590,0,P,P,0.00,released,RELEASED
2026-05-18 20:56:39.492,744.0758,,slider,1,0,0.00,0.00,0.00,ACTIVE,NONE,18600,0,P,P,0.00,released,RELEASED
2026-05-18 20:56:39.892,744.4759,,slider,1,0,0.00,0.00,0.00,ACTIVE,NONE,18610,0,P,P,0.00,released,RELEASED
2026-05-18 20:56:40.292,744.8763,,slider,1,0,0.00,0.00,0.00,ACTIVE,NONE,18620,0,P,P,0.00,released,RELEASED
2026-05-18 20:56:40.692,745.2763,,slider,1,0,0.00,0.00,0.00,ACTIVE,NONE,18630,0,P,P,0.00,released,RELEASED
2026-05-18 20:56:41.092,745.6760,,slider,1,0,0.00,0.00,0.00,ACTIVE,NONE,18640,0,P,P,0.00,released,RELEASED
2026-05-18 20:56:41.493,746.0767,,slider,1,0,0.00,0.00,0.00,ACTIVE,NONE,18650,0,P,P,0.00,released,RELEASED
2026-05-18 20:56:41.892,746.4761,,slider,1,0,0.00,0.00,0.00,ACTIVE,NONE,18660,0,P,P,0.00,released,RELEASED
2026-05-18 20:56:42.293,746.8767,,slider,1,0,0.00,0.00,0.00,ACTIVE,NONE,18670,0,P,P,0.00,released,RELEASED
2026-05-18 20:56:42.692,747.2762,,slider,1,0,0.00,0.00,0.00,ACTIVE,NONE,18680,0,P,P,0.00,released,RELEASED
2026-05-18 20:56:43.093,747.6764,,slider,1,0,0.00,0.00,0.00,ACTIVE,NONE,18690,0,P,P,0.00,released,RELEASED
2026-05-18 20:56:43.493,748.0767,,slider,1,0,0.00,0.00,0.00,ACTIVE,NONE,18700,0,P,P,0.00,released,RELEASED
2026-05-18 20:56:43.893,748.4765,,slider,1,0,0.00,0.00,0.00,ACTIVE,NONE,18710,0,P,P,0.00,released,RELEASED
2026-05-18 20:56:44.293,748.8767,,slider,1,0,0.00,0.00,0.00,ACTIVE,NONE,18720,0,P,P,0.00,released,RELEASED
2026-05-18 20:56:44.693,749.2771,,slider,1,0,0.00,0.00,0.00,ACTIVE,NONE,18730,0,P,P,0.00,released,RELEASED
2026-05-18 20:56:45.092,749.6763,,slider,1,0,0.00,0.00,0.00,ACTIVE,NONE,18740,0,P,P,0.00,released,RELEASED
2026-05-18 20:56:45.493,750.0769,,slider,1,0,0.00,0.00,0.00,ACTIVE,NONE,18750,0,P,P,0.00,released,RELEASED
2026-05-18 20:56:45.893,750.4767,,slider,1,0,0.00,0.00,0.00,ACTIVE,NONE,18760,0,P,P,0.00,released,RELEASED
2026-05-18 20:56:46.293,750.8767,,slider,1,0,0.00,0.00,0.00,ACTIVE,NONE,18770,0,P,P,0.00,released,RELEASED
2026-05-18 20:56:46.693,751.2772,,slider,1,0,0.00,0.00,0.00,ACTIVE,NONE,18780,0,P,P,0.00,released,RELEASED
2026-05-18 20:56:47.093,751.6766,,slider,1,0,0.00,0.00,0.00,ACTIVE,NONE,18790,0,P,P,0.00,released,RELEASED
2026-05-18 20:56:47.493,752.0772,,slider,1,0,0.00,0.00,0.00,ACTIVE,NONE,18800,0,P,P,0.00,released,RELEASED
2026-05-18 20:56:47.892,752.4763,,slider,1,0,0.00,0.00,0.00,ACTIVE,NONE,18810,0,P,P,0.00,released,RELEASED
2026-05-18 20:56:48.293,752.8764,,slider,1,0,0.00,0.00,0.00,ACTIVE,NONE,18820,0,P,P,0.00,released,RELEASED
2026-05-18 20:56:48.694,753.2776,,slider,1,0,0.00,0.00,0.00,ACTIVE,NONE,18830,0,P,P,0.00,released,RELEASED
2026-05-18 20:56:49.093,753.6771,,slider,1,0,0.00,0.00,0.00,ACTIVE,NONE,18840,0,P,P,0.00,released,RELEASED
2026-05-18 20:56:49.493,754.0769,,slider,1,0,0.00,0.00,0.00,ACTIVE,NONE,18850,0,P,P,0.00,released,RELEASED
2026-05-18 20:56:49.893,754.4773,,slider,1,0,0.00,0.00,0.00,ACTIVE,NONE,18860,0,P,P,0.00,released,RELEASED
2026-05-18 20:56:50.294,754.8775,,slider,1,0,0.00,0.00,0.00,ACTIVE,NONE,18870,0,P,P,0.00,released,RELEASED
2026-05-18 20:56:50.693,755.2768,,slider,1,0,0.00,0.00,0.00,ACTIVE,NONE,18880,0,P,P,0.00,released,RELEASED
2026-05-18 20:56:51.094,755.6774,,slider,1,0,0.00,0.00,0.00,ACTIVE,NONE,18890,0,P,P,0.00,released,RELEASED
2026-05-18 20:56:51.493,756.0767,,slider,1,0,0.00,0.00,0.00,ACTIVE,NONE,18900,0,P,P,0.00,released,RELEASED
2026-05-18 20:56:51.893,756.4770,,slider,1,0,0.00,0.00,0.00,ACTIVE,NONE,18910,0,P,P,0.00,released,RELEASED
2026-05-18 20:56:52.294,756.8773,,slider,1,0,0.00,0.00,0.00,ACTIVE,NONE,18920,0,P,P,0.00,released,RELEASED
2026-05-18 20:56:52.694,757.2777,,slider,1,0,0.00,0.00,0.00,ACTIVE,NONE,18930,0,P,P,0.00,released,RELEASED
2026-05-18 20:56:53.094,757.6775,,slider,1,0,0.00,0.00,0.00,ACTIVE,NONE,18940,0,P,P,0.00,released,RELEASED
2026-05-18 20:56:53.493,758.0771,,slider,1,0,0.00,0.00,0.00,ACTIVE,NONE,18950,0,P,P,0.00,released,RELEASED
2026-05-18 20:56:53.893,758.4771,,slider,1,0,0.00,0.00,0.00,ACTIVE,NONE,18960,0,P,P,0.00,released,RELEASED
2026-05-18 20:56:54.294,758.8776,,slider,1,0,0.00,0.00,0.00,ACTIVE,NONE,18970,0,P,P,0.00,released,RELEASED
2026-05-18 20:56:54.694,759.2779,,slider,1,0,0.00,0.00,0.00,ACTIVE,NONE,18980,0,P,P,0.00,released,RELEASED
2026-05-18 20:56:55.093,759.6772,,slider,1,0,0.00,0.00,0.00,ACTIVE,NONE,18990,0,P,P,0.00,released,RELEASED
2026-05-18 20:56:55.493,760.0772,,slider,1,0,0.00,0.00,0.00,ACTIVE,NONE,19000,0,P,P,0.00,released,RELEASED
2026-05-18 20:56:55.894,760.4776,,slider,1,0,0.00,0.00,0.00,ACTIVE,NONE,19010,0,P,P,0.00,released,RELEASED
2026-05-18 20:56:56.293,760.8772,,slider,1,0,0.00,0.00,0.00,ACTIVE,NONE,19020,0,P,P,0.00,released,RELEASED
2026-05-18 20:56:56.694,761.2777,,slider,1,0,0.00,0.00,0.00,ACTIVE,NONE,19030,0,P,P,0.00,released,RELEASED
2026-05-18 20:56:57.094,761.6774,,slider,1,0,0.00,0.00,0.00,ACTIVE,NONE,19040,0,P,P,0.00,released,RELEASED
2026-05-18 20:56:57.494,762.0774,,slider,1,0,0.00,0.00,0.00,ACTIVE,NONE,19050,0,P,P,0.00,released,RELEASED
2026-05-18 20:56:57.894,762.4774,,slider,1,0,0.00,0.00,0.00,ACTIVE,NONE,19060,0,P,P,0.00,released,RELEASED
2026-05-18 20:56:58.294,762.8773,,slider,1,0,0.00,0.00,0.00,ACTIVE,NONE,19070,0,P,P,0.00,released,RELEASED
2026-05-18 20:56:58.694,763.2774,,slider,1,0,0.00,0.00,0.00,ACTIVE,NONE,19080,0,P,P,0.00,released,RELEASED
2026-05-18 20:56:59.094,763.6774,,slider,1,0,0.00,0.00,0.00,ACTIVE,NONE,19090,0,P,P,0.00,released,RELEASED
2026-05-18 20:56:59.494,764.0776,,slider,1,0,0.00,0.00,0.00,ACTIVE,NONE,19100,0,P,P,0.00,released,RELEASED
2026-05-18 20:56:59.894,764.4775,,slider,1,0,0.00,0.00,0.00,ACTIVE,NONE,19110,0,P,P,0.00,released,RELEASED
2026-05-18 20:57:00.294,764.8776,,slider,1,0,0.00,0.00,0.00,ACTIVE,NONE,19120,0,P,P,0.00,released,RELEASED
2026-05-18 20:57:00.694,765.2780,,slider,1,0,0.00,0.00,0.00,ACTIVE,NONE,19130,0,P,P,0.00,released,RELEASED
2026-05-18 20:57:01.094,765.6776,,slider,1,0,0.00,0.00,0.00,ACTIVE,NONE,19140,0,P,P,0.00,released,RELEASED
2026-05-18 20:57:01.494,766.0778,,slider,1,0,0.00,0.00,0.00,ACTIVE,NONE,19150,0,P,P,0.00,released,RELEASED
2026-05-18 20:57:01.894,766.4780,,slider,1,0,0.00,0.00,0.00,ACTIVE,NONE,19160,0,P,P,0.00,released,RELEASED
2026-05-18 20:57:02.294,766.8780,,slider,1,0,0.00,0.00,0.00,ACTIVE,NONE,19170,0,P,P,0.00,released,RELEASED
2026-05-18 20:57:02.695,767.2782,,slider,1,0,0.00,0.00,0.00,ACTIVE,NONE,19180,0,P,P,0.00,released,RELEASED
2026-05-18 20:57:03.094,767.6779,,slider,1,0,0.00,0.00,0.00,ACTIVE,NONE,19190,0,P,P,0.00,released,RELEASED
2026-05-18 20:57:03.494,768.0780,,slider,1,0,0.00,0.00,0.00,ACTIVE,NONE,19200,0,P,P,0.00,released,RELEASED
2026-05-18 20:57:03.894,768.4780,,slider,1,0,0.00,0.00,0.00,ACTIVE,NONE,19210,0,P,P,0.00,released,RELEASED
2026-05-18 20:57:04.294,768.8779,,slider,1,0,0.00,0.00,0.00,ACTIVE,NONE,19220,0,P,P,0.00,released,RELEASED
2026-05-18 20:57:04.694,769.2781,,slider,1,0,0.00,0.00,0.00,ACTIVE,NONE,19230,0,P,P,0.00,released,RELEASED
2026-05-18 20:57:05.094,769.6781,,slider,1,0,0.00,0.00,0.00,ACTIVE,NONE,19240,0,P,P,0.00,released,RELEASED
2026-05-18 20:57:05.495,770.0783,,slider,1,0,0.00,0.00,0.00,ACTIVE,NONE,19250,0,P,P,0.00,released,RELEASED
2026-05-18 20:57:05.894,770.4780,,slider,1,0,0.00,0.00,0.00,ACTIVE,NONE,19260,0,P,P,0.00,released,RELEASED
2026-05-18 20:57:06.294,770.8781,,slider,1,0,0.00,0.00,0.00,ACTIVE,NONE,19270,0,P,P,0.00,released,RELEASED
2026-05-18 20:57:06.695,771.2788,,slider,1,0,0.00,0.00,0.00,ACTIVE,NONE,19280,0,P,P,0.00,released,RELEASED
2026-05-18 20:57:07.095,771.6782,,slider,1,0,0.00,0.00,0.00,ACTIVE,NONE,19290,0,P,P,0.00,released,RELEASED
2026-05-18 20:57:07.495,772.0784,,slider,1,0,0.00,0.00,0.00,ACTIVE,NONE,19300,0,P,P,0.00,released,RELEASED
2026-05-18 20:57:07.895,772.4781,,slider,1,0,0.00,0.00,0.00,ACTIVE,NONE,19310,0,P,P,0.00,released,RELEASED
2026-05-18 20:57:08.295,772.8782,,slider,1,0,0.00,0.00,0.00,ACTIVE,NONE,19320,0,P,P,0.00,released,RELEASED
2026-05-18 20:57:08.695,773.2786,,slider,1,0,0.00,0.00,0.00,ACTIVE,NONE,19330,0,P,P,0.00,released,RELEASED
2026-05-18 20:57:09.095,773.6782,,slider,1,0,0.00,0.00,0.00,ACTIVE,NONE,19340,0,P,P,0.00,released,RELEASED
2026-05-18 20:57:09.495,774.0784,,slider,1,0,0.00,0.00,0.00,ACTIVE,NONE,19350,0,P,P,0.00,released,RELEASED
2026-05-18 20:57:09.895,774.4783,,slider,1,0,0.00,0.00,0.00,ACTIVE,NONE,19360,0,P,P,0.00,released,RELEASED
2026-05-18 20:57:10.295,774.8784,,slider,1,0,0.00,0.00,0.00,ACTIVE,NONE,19370,0,P,P,0.00,released,RELEASED
2026-05-18 20:57:10.695,775.2784,,slider,1,0,0.00,0.00,0.00,ACTIVE,NONE,19380,0,P,P,0.00,released,RELEASED
2026-05-18 20:57:11.095,775.6783,,slider,1,0,0.00,0.00,0.00,ACTIVE,NONE,19390,0,P,P,0.00,released,RELEASED
2026-05-18 20:57:11.495,776.0786,,slider,1,0,0.00,0.00,0.00,ACTIVE,NONE,19400,0,P,P,0.00,released,RELEASED
2026-05-18 20:57:11.895,776.4784,,slider,1,0,0.00,0.00,0.00,ACTIVE,NONE,19410,0,P,P,0.00,released,RELEASED
2026-05-18 20:57:12.295,776.8785,,slider,1,0,0.00,0.00,0.00,ACTIVE,NONE,19420,0,P,P,0.00,released,RELEASED
2026-05-18 20:57:12.695,777.2789,,slider,1,0,0.00,0.00,0.00,ACTIVE,NONE,19430,0,P,P,0.00,released,RELEASED
2026-05-18 20:57:13.095,777.6787,,slider,1,0,0.00,0.00,0.00,ACTIVE,NONE,19440,0,P,P,0.00,released,RELEASED
2026-05-18 20:57:13.495,778.0788,,slider,1,0,8.06,0.00,0.00,ACTIVE,NONE,19450,0,P,P,0.00,released,RELEASED
2026-05-18 20:57:13.897,778.4801,,slider,1,0,13.95,12.83,8.70,ACTIVE,NONE,19460,0,P,P,0.00,released,RELEASED
2026-05-18 20:57:14.296,778.8796,,slider,1,0,13.95,12.57,12.10,ACTIVE,NONE,19470,0,P,P,0.00,released,RELEASED
2026-05-18 20:57:14.696,779.2799,,slider,1,0,16.91,14.66,13.70,ACTIVE,NONE,19480,0,P,P,0.00,released,RELEASED
2026-05-18 20:57:15.096,779.6800,,slider,1,0,16.91,16.94,17.00,ACTIVE,NONE,19490,0,P,P,0.00,released,RELEASED
2026-05-18 20:57:15.496,780.0797,,slider,1,0,18.39,17.24,17.00,ACTIVE,NONE,19500,0,P,P,0.00,released,RELEASED
2026-05-18 20:57:15.896,780.4798,,slider,1,0,16.91,17.81,17.50,ACTIVE,NONE,19510,0,P,P,0.00,released,RELEASED
2026-05-18 20:57:16.296,780.8797,,slider,1,0,0.00,5.87,14.20,ACTIVE,NONE,19520,0,P,P,0.00,released,RELEASED
2026-05-18 20:57:16.696,781.2797,,slider,1,0,0.00,0.29,2.80,ACTIVE,NONE,19530,0,P,P,0.00,released,RELEASED
2026-05-18 20:57:17.096,781.6797,,slider,1,0,0.00,0.01,0.50,ACTIVE,NONE,19540,0,P,P,0.00,released,RELEASED
2026-05-18 20:57:17.496,782.0796,,slider,1,0,0.00,0.00,0.10,ACTIVE,NONE,19550,0,P,P,0.00,released,RELEASED
2026-05-18 20:57:17.896,782.4796,,slider,1,0,0.00,0.00,0.00,ACTIVE,NONE,19560,0,P,P,0.00,released,RELEASED
2026-05-18 20:57:18.296,782.8797,,slider,1,0,0.00,0.00,0.00,ACTIVE,NONE,19570,0,P,P,0.00,released,RELEASED
2026-05-18 20:57:18.696,783.2797,,slider,1,0,0.00,0.00,0.00,ACTIVE,NONE,19580,0,P,P,0.00,released,RELEASED
2026-05-18 20:57:19.096,783.6797,,slider,1,0,0.00,0.00,0.00,ACTIVE,NONE,19590,0,P,P,0.00,released,RELEASED
2026-05-18 20:57:19.496,784.0797,,slider,1,0,0.00,0.00,0.00,ACTIVE,NONE,19600,0,P,P,0.00,released,RELEASED
2026-05-18 20:57:19.896,784.4797,,slider,1,0,0.00,0.00,0.00,ACTIVE,NONE,19610,0,P,P,0.00,released,RELEASED
2026-05-18 20:57:20.296,784.8798,,slider,1,0,0.00,0.00,0.00,ACTIVE,NONE,19620,0,P,P,0.00,released,RELEASED
2026-05-18 20:57:20.696,785.2798,,slider,1,0,0.00,0.00,0.00,ACTIVE,NONE,19630,0,P,P,0.00,released,RELEASED
2026-05-18 20:57:21.096,785.6799,,slider,1,0,0.00,0.00,0.00,ACTIVE,NONE,19640,0,P,P,0.00,released,RELEASED
2026-05-18 20:57:21.496,786.0798,,slider,1,0,0.00,0.00,0.00,ACTIVE,NONE,19650,0,P,P,0.00,released,RELEASED
2026-05-18 20:57:21.896,786.4798,,slider,1,0,0.00,0.00,0.00,ACTIVE,NONE,19660,0,P,P,0.00,released,RELEASED
2026-05-18 20:57:22.296,786.8798,,slider,1,0,0.00,0.00,0.00,ACTIVE,NONE,19670,0,P,P,0.00,released,RELEASED
2026-05-18 20:57:22.696,787.2798,,slider,1,0,0.00,0.00,0.00,ACTIVE,NONE,19680,0,P,P,0.00,released,RELEASED
2026-05-18 20:57:23.096,787.6798,,slider,1,0,0.00,0.00,0.00,ACTIVE,NONE,19690,0,P,P,0.00,released,RELEASED
2026-05-18 20:57:23.496,788.0798,,slider,1,0,0.00,0.00,0.00,ACTIVE,NONE,19700,0,P,P,0.00,released,RELEASED
2026-05-18 20:57:23.896,788.4798,,slider,1,0,0.00,0.00,0.00,ACTIVE,NONE,19710,0,P,P,0.00,released,RELEASED
2026-05-18 20:57:24.296,788.8798,,slider,1,0,0.00,0.00,0.00,ACTIVE,NONE,19720,0,P,P,0.00,released,RELEASED
2026-05-18 20:57:24.696,789.2798,,slider,1,0,0.00,0.00,0.00,ACTIVE,NONE,19730,0,P,P,0.00,released,RELEASED
2026-05-18 20:57:25.096,789.6797,,slider,1,0,0.00,0.00,0.00,ACTIVE,NONE,19740,0,P,P,0.00,released,RELEASED
2026-05-18 20:57:25.496,790.0799,,slider,1,0,0.00,0.00,0.00,ACTIVE,NONE,19750,0,P,P,0.00,released,RELEASED
2026-05-18 20:57:25.896,790.4798,,slider,1,0,0.00,0.00,0.00,ACTIVE,NONE,19760,0,P,P,0.00,released,RELEASED
2026-05-18 20:57:26.297,790.8800,,slider,1,0,0.00,0.00,0.00,ACTIVE,NONE,19770,0,P,P,0.00,released,RELEASED
2026-05-18 20:57:26.697,791.2798,,slider,1,0,0.00,0.00,0.00,ACTIVE,NONE,19780,0,P,P,0.00,released,RELEASED
2026-05-18 20:57:27.097,791.6799,,slider,1,0,0.00,0.00,0.00,ACTIVE,NONE,19790,0,P,P,0.00,released,RELEASED
2026-05-18 20:57:27.497,792.0799,,slider,1,0,0.00,0.00,0.00,ACTIVE,NONE,19800,0,P,P,0.00,released,RELEASED
2026-05-18 20:57:27.897,792.4799,,slider,1,0,0.00,0.00,0.00,ACTIVE,NONE,19810,0,P,P,0.00,released,RELEASED
2026-05-18 20:57:28.297,792.8799,,slider,1,0,0.00,0.00,0.00,ACTIVE,NONE,19820,0,P,P,0.00,released,RELEASED
2026-05-18 20:57:28.696,793.2798,,slider,1,0,0.00,0.00,0.00,ACTIVE,NONE,19830,0,P,P,0.00,released,RELEASED
2026-05-18 20:57:29.097,793.6798,,slider,1,0,0.00,0.00,0.00,ACTIVE,NONE,19840,0,P,P,0.00,released,RELEASED
2026-05-18 20:57:29.497,794.0799,,slider,1,0,0.00,0.00,0.00,ACTIVE,NONE,19850,0,P,P,0.00,released,RELEASED
2026-05-18 20:57:29.897,794.4798,,slider,1,0,0.00,0.00,0.00,ACTIVE,NONE,19860,0,P,P,0.00,released,RELEASED
2026-05-18 20:57:30.297,794.8798,,slider,1,0,0.00,0.00,0.00,ACTIVE,NONE,19870,0,P,P,0.00,released,RELEASED
2026-05-18 20:57:30.697,795.2798,,slider,1,0,0.00,0.00,0.00,ACTIVE,NONE,19880,0,P,P,0.00,released,RELEASED
2026-05-18 20:57:31.097,795.6798,,slider,1,0,0.00,0.00,0.00,ACTIVE,NONE,19890,0,P,P,0.00,released,RELEASED
2026-05-18 20:57:31.497,796.0801,,slider,1,0,0.00,0.00,0.00,ACTIVE,NONE,19900,0,P,P,0.00,released,RELEASED
2026-05-18 20:57:31.897,796.4799,,slider,1,0,0.00,0.00,0.00,ACTIVE,NONE,19910,0,P,P,0.00,released,RELEASED
2026-05-18 20:57:32.297,796.8799,,slider,1,0,0.00,0.00,0.00,ACTIVE,NONE,19920,0,P,P,0.00,released,RELEASED
2026-05-18 20:57:32.697,797.2800,,slider,1,0,0.00,0.00,0.00,ACTIVE,NONE,19930,0,P,P,0.00,released,RELEASED
2026-05-18 20:57:33.097,797.6800,,slider,1,0,0.00,0.00,0.00,ACTIVE,NONE,19940,0,P,P,0.00,released,RELEASED
2026-05-18 20:57:33.497,798.0800,,slider,1,0,0.00,0.00,0.00,ACTIVE,NONE,19950,0,P,P,0.00,released,RELEASED
2026-05-18 20:57:33.897,798.4800,,slider,1,0,6.59,0.78,0.00,ACTIVE,NONE,19960,0,P,P,0.00,released,RELEASED
2026-05-18 20:57:34.297,798.8799,,slider,1,0,11.00,9.12,5.60,ACTIVE,NONE,19970,0,P,P,0.00,released,RELEASED
2026-05-18 20:57:34.693,799.2760,,slider,1,0,0.00,1.60,5.40,ACTIVE,NONE,19980,0,P,P,0.00,released,RELEASED
2026-05-18 20:57:35.093,799.6758,,slider,1,0,0.00,-11.80,-7.50,ACTIVE,NONE,19990,0,P,P,0.00,released,RELEASED
2026-05-18 20:57:35.497,800.0805,,slider,1,0,0.00,-0.58,-3.30,ACTIVE,NONE,20000,0,P,P,0.00,released,RELEASED
2026-05-18 20:57:35.898,800.4814,,slider,1,0,0.00,-0.03,-0.70,ACTIVE,NONE,20010,0,P,P,0.00,released,RELEASED
2026-05-18 20:57:36.298,800.8811,,slider,1,0,0.00,-0.00,-0.20,ACTIVE,NONE,20020,0,P,P,0.00,released,RELEASED
2026-05-18 20:57:36.697,801.2804,,slider,1,0,0.00,-0.00,-0.10,ACTIVE,NONE,20030,0,P,P,0.00,released,RELEASED
2026-05-18 20:57:37.097,801.6803,,slider,1,0,0.00,-0.00,-0.10,ACTIVE,NONE,20040,0,P,P,0.00,released,RELEASED
2026-05-18 20:57:37.497,802.0807,,slider,1,0,0.00,-0.00,-0.10,ACTIVE,NONE,20050,0,P,P,0.00,released,RELEASED
2026-05-18 20:57:37.897,802.4802,,slider,1,0,0.00,-0.00,-0.10,ACTIVE,NONE,20060,0,P,P,0.00,released,RELEASED
2026-05-18 20:57:38.298,802.8812,,slider,1,0,0.00,-0.00,-0.10,ACTIVE,NONE,20070,0,P,P,0.00,released,RELEASED
2026-05-18 20:57:38.698,803.2816,,slider,1,0,0.00,-0.00,-0.10,ACTIVE,NONE,20080,0,P,P,0.00,released,RELEASED
2026-05-18 20:57:39.099,803.6819,,slider,1,0,0.00,-0.00,-0.10,ACTIVE,NONE,20090,0,P,P,0.00,released,RELEASED
2026-05-18 20:57:39.499,804.0819,,slider,1,0,0.00,-0.00,-0.10,ACTIVE,NONE,20100,0,P,P,0.00,released,RELEASED
2026-05-18 20:57:39.899,804.4817,,slider,1,0,0.00,-0.00,-0.10,ACTIVE,NONE,20110,0,P,P,0.00,released,RELEASED
2026-05-18 20:57:40.298,804.8816,,slider,1,0,0.00,-0.00,-0.10,ACTIVE,NONE,20120,0,P,P,0.00,released,RELEASED
2026-05-18 20:57:40.699,805.2820,,slider,1,0,0.00,-0.00,0.00,ACTIVE,NONE,20130,0,P,P,0.00,released,RELEASED
2026-05-18 20:57:41.099,805.6820,,slider,1,0,0.00,-0.00,0.00,ACTIVE,NONE,20140,0,P,P,0.00,released,RELEASED
2026-05-18 20:57:41.499,806.0818,,slider,1,0,0.00,-0.00,0.00,ACTIVE,NONE,20150,0,P,P,0.00,released,RELEASED
2026-05-18 20:57:41.898,806.4816,,slider,1,0,0.00,-0.00,0.00,ACTIVE,NONE,20160,0,P,P,0.00,released,RELEASED
2026-05-18 20:57:42.299,806.8820,,slider,1,0,0.00,-0.00,0.00,ACTIVE,NONE,20170,0,P,P,0.00,released,RELEASED
2026-05-18 20:57:42.699,807.2818,,slider,1,0,0.00,-0.00,0.00,ACTIVE,NONE,20180,0,P,P,0.00,released,RELEASED
2026-05-18 20:57:43.099,807.6819,,slider,1,0,0.00,-0.00,0.00,ACTIVE,NONE,20190,0,P,P,0.00,released,RELEASED
2026-05-18 20:57:43.499,808.0821,,slider,1,0,0.00,-0.00,0.00,ACTIVE,NONE,20200,0,P,P,0.00,released,RELEASED
2026-05-18 20:57:43.900,808.4827,,slider,1,0,13.95,5.45,1.00,ACTIVE,NONE,20210,0,P,P,0.00,released,RELEASED
2026-05-18 20:57:44.300,808.8836,,slider,1,0,21.37,18.82,14.10,ACTIVE,NONE,20220,0,P,P,0.00,released,RELEASED
2026-05-18 20:57:44.702,809.2848,,slider,1,0,-12.48,3.80,14.10,ACTIVE,NONE,20230,0,P,P,0.00,released,RELEASED
2026-05-18 20:57:45.102,809.6849,,slider,1,0,-55.63,-41.47,-23.90,ACTIVE,NONE,20240,0,P,P,0.00,released,RELEASED
2026-05-18 20:57:45.502,810.0850,,slider,1,0,-63.98,-67.49,-61.80,ACTIVE,NONE,20250,0,P,P,0.00,released,RELEASED
2026-05-18 20:57:45.902,810.4846,,slider,1,0,16.91,-23.17,-48.20,ACTIVE,NONE,20260,0,P,P,0.00,released,RELEASED
2026-05-18 20:57:46.293,810.8765,,slider,1,0,65.68,45.83,18.80,ACTIVE,NONE,20270,0,P,P,0.00,released,RELEASED
2026-05-18 20:57:46.698,811.2811,,slider,1,0,79.73,90.06,79.20,ACTIVE,NONE,20280,0,P,P,0.00,released,RELEASED
2026-05-18 20:57:47.102,811.6850,,slider,1,0,-25.87,22.58,48.60,ACTIVE,NONE,20290,0,P,P,0.00,released,RELEASED
2026-05-18 20:57:47.494,812.0767,,slider,1,0,-88.95,-46.42,-21.30,ACTIVE,NONE,20300,0,P,P,0.00,released,RELEASED
2026-05-18 20:57:47.899,812.4817,,slider,1,0,0.00,-39.15,-57.50,ACTIVE,NONE,20310,0,P,P,0.00,released,RELEASED
2026-05-18 20:57:48.301,812.8841,,slider,1,0,79.73,32.85,6.40,ACTIVE,NONE,20320,0,P,P,0.00,released,RELEASED
2026-05-18 20:57:48.703,813.2859,,slider,1,0,30.41,83.15,77.80,ACTIVE,NONE,20330,0,P,P,0.00,released,RELEASED
2026-05-18 20:57:49.103,813.6858,,slider,1,0,0.00,11.15,37.70,ACTIVE,NONE,20340,0,P,P,0.00,released,RELEASED
2026-05-18 20:57:49.502,814.0855,,slider,1,0,0.00,0.24,4.20,ACTIVE,NONE,20350,0,P,P,0.00,released,RELEASED
2026-05-18 20:57:49.903,814.4859,,slider,1,0,0.00,0.01,0.50,ACTIVE,NONE,20360,0,P,P,0.00,released,RELEASED
2026-05-18 20:57:50.303,814.8858,,slider,1,0,0.00,0.00,0.00,ACTIVE,NONE,20370,0,P,P,0.00,released,RELEASED
2026-05-18 20:57:50.703,815.2859,,slider,1,0,0.00,0.00,-0.30,ACTIVE,NONE,20380,0,P,P,0.00,released,RELEASED
2026-05-18 20:57:51.103,815.6857,,slider,1,0,0.00,0.00,-0.30,ACTIVE,NONE,20390,0,P,P,0.00,released,RELEASED
2026-05-18 20:57:51.503,816.0855,,slider,1,0,0.00,0.00,-0.30,ACTIVE,NONE,20400,0,P,P,0.00,released,RELEASED
2026-05-18 20:57:51.903,816.4860,,slider,1,0,0.00,0.00,-0.30,ACTIVE,NONE,20410,0,P,P,0.00,released,RELEASED
2026-05-18 20:57:52.303,816.8860,,slider,1,0,0.00,0.00,-0.30,ACTIVE,NONE,20420,0,P,P,0.00,released,RELEASED
2026-05-18 20:57:52.702,817.2854,,slider,1,0,0.00,0.00,-0.30,ACTIVE,NONE,20430,0,P,P,0.00,PRESSED,FAULT
2026-05-18 20:57:53.103,817.6858,,slider,1,0,0.00,0.00,-0.30,ACTIVE,NONE,20440,0,P,P,0.00,PRESSED,FAULT
2026-05-18 20:57:53.503,818.0856,,slider,1,0,0.00,0.00,-0.20,ACTIVE,NONE,20450,0,P,P,0.00,PRESSED,FAULT
2026-05-18 20:57:53.902,818.4854,,slider,1,0,0.00,0.00,-0.10,ACTIVE,NONE,20460,0,P,P,0.00,PRESSED,FAULT
2026-05-18 20:57:54.302,818.8854,,slider,1,0,0.00,0.00,-0.10,ACTIVE,NONE,20470,0,P,P,0.00,PRESSED,FAULT
2026-05-18 20:57:54.702,819.2854,,slider,1,0,0.00,0.00,0.00,ACTIVE,NONE,20480,0,P,P,0.00,PRESSED,FAULT
2026-05-18 20:57:55.102,819.6854,,slider,1,0,0.00,0.00,0.00,ACTIVE,NONE,20490,0,P,P,0.00,PRESSED,FAULT
2026-05-18 20:57:55.502,820.0854,,slider,1,0,0.00,0.00,0.00,ACTIVE,NONE,20500,0,P,P,0.00,PRESSED,FAULT
2026-05-18 20:57:55.902,820.4854,,slider,1,0,0.00,0.00,0.00,ACTIVE,NONE,20510,0,P,P,0.00,PRESSED,FAULT
2026-05-18 20:57:56.302,820.8854,,slider,1,0,0.00,0.00,0.00,ACTIVE,NONE,20520,0,P,P,0.00,PRESSED,FAULT
2026-05-18 20:57:56.703,821.2857,,slider,1,0,0.00,0.00,0.00,ACTIVE,NONE,20530,0,P,P,0.00,PRESSED,FAULT
2026-05-18 20:57:57.102,821.6854,,slider,1,0,0.00,0.00,0.00,ACTIVE,NONE,20540,0,P,P,0.00,PRESSED,FAULT
2026-05-18 20:57:57.502,822.0854,,slider,1,0,0.00,0.00,0.00,ACTIVE,NONE,20550,0,P,P,0.00,PRESSED,FAULT
2026-05-18 20:57:57.903,822.4854,,slider,1,0,0.00,0.00,0.00,ACTIVE,NONE,20560,0,P,P,0.00,PRESSED,FAULT
2026-05-18 20:57:58.303,822.8854,,slider,1,0,0.00,0.00,0.00,ACTIVE,NONE,20570,0,P,P,0.00,PRESSED,FAULT
2026-05-18 20:57:58.703,823.2854,,slider,1,0,0.00,0.00,0.00,ACTIVE,NONE,20580,0,P,P,0.00,PRESSED,FAULT
2026-05-18 20:57:59.103,823.6855,,slider,1,0,0.00,0.00,0.00,ACTIVE,NONE,20590,0,P,P,0.00,PRESSED,FAULT
2026-05-18 20:57:59.503,824.0855,,slider,1,0,0.00,0.00,0.00,ACTIVE,NONE,20600,0,P,P,0.00,PRESSED,FAULT
2026-05-18 20:57:59.903,824.4855,,slider,1,0,0.00,0.00,0.00,ACTIVE,NONE,20610,0,P,P,0.00,PRESSED,FAULT
2026-05-18 20:58:00.303,824.8855,,slider,1,0,0.00,0.00,0.00,ACTIVE,NONE,20620,0,P,P,0.00,PRESSED,FAULT
2026-05-18 20:58:00.703,825.2855,,slider,1,0,0.00,0.00,0.00,ACTIVE,NONE,20630,0,P,P,0.00,PRESSED,FAULT
2026-05-18 20:58:01.103,825.6855,,slider,1,0,0.00,0.00,0.00,ACTIVE,NONE,20640,0,P,P,0.00,PRESSED,FAULT
2026-05-18 20:58:01.503,826.0855,,slider,1,0,0.00,0.00,0.00,ACTIVE,NONE,20650,0,P,P,0.00,PRESSED,FAULT
2026-05-18 20:58:01.903,826.4855,,slider,1,0,0.00,0.00,0.00,ACTIVE,NONE,20660,0,P,P,0.00,PRESSED,FAULT
2026-05-18 20:58:02.303,826.8855,,slider,1,0,0.00,0.00,0.00,ACTIVE,NONE,20670,0,P,P,0.00,PRESSED,FAULT
2026-05-18 20:58:02.703,827.2855,,slider,1,0,0.00,0.00,0.00,ACTIVE,NONE,20680,0,P,P,0.00,PRESSED,FAULT
2026-05-18 20:58:03.103,827.6857,,slider,1,0,0.00,0.00,0.00,ACTIVE,NONE,20690,0,P,P,0.00,PRESSED,FAULT
2026-05-18 20:58:03.503,828.0855,,slider,1,0,0.00,0.00,0.00,ACTIVE,NONE,20700,0,P,P,0.00,PRESSED,FAULT
2026-05-18 20:58:03.903,828.4855,,slider,1,0,0.00,0.00,0.00,ACTIVE,NONE,20710,0,P,P,0.00,PRESSED,FAULT
2026-05-18 20:58:04.303,828.8856,,slider,1,0,0.00,0.00,0.00,ACTIVE,NONE,20720,0,P,P,0.00,PRESSED,FAULT
2026-05-18 20:58:04.703,829.2856,,slider,1,0,0.00,0.00,0.00,ACTIVE,NONE,20730,0,P,P,0.00,PRESSED,FAULT
2026-05-18 20:58:05.103,829.6856,,slider,1,0,0.00,0.00,0.00,ACTIVE,NONE,20740,0,P,P,0.00,PRESSED,FAULT
2026-05-18 20:58:05.503,830.0856,,slider,1,0,0.00,0.00,0.00,ACTIVE,NONE,20750,0,P,P,0.00,PRESSED,FAULT
2026-05-18 20:58:05.903,830.4856,,slider,1,0,0.00,0.00,0.00,ACTIVE,NONE,20760,0,P,P,0.00,PRESSED,FAULT
2026-05-18 20:58:06.303,830.8856,,slider,1,0,0.00,0.00,0.00,ACTIVE,NONE,20770,0,P,P,0.00,PRESSED,FAULT
2026-05-18 20:58:06.703,831.2856,,slider,1,0,0.00,0.00,0.00,ACTIVE,NONE,20780,0,P,P,0.00,PRESSED,FAULT
2026-05-18 20:58:07.103,831.6856,,slider,1,0,0.00,0.00,0.00,ACTIVE,NONE,20790,0,P,P,0.00,PRESSED,FAULT
2026-05-18 20:58:07.503,832.0856,,slider,1,0,0.00,0.00,0.00,ACTIVE,NONE,20800,0,P,P,0.00,PRESSED,FAULT
2026-05-18 20:58:07.903,832.4856,,slider,1,0,0.00,0.00,0.00,ACTIVE,NONE,20810,0,P,P,0.00,PRESSED,FAULT
2026-05-18 20:58:08.303,832.8858,,slider,1,0,0.00,0.00,0.00,ACTIVE,NONE,20820,0,P,P,0.00,PRESSED,FAULT
2026-05-18 20:58:08.703,833.2856,,slider,1,0,0.00,0.00,0.00,ACTIVE,NONE,20830,0,P,P,0.00,PRESSED,FAULT
2026-05-18 20:58:09.103,833.6856,,slider,1,0,0.00,0.00,0.00,ACTIVE,NONE,20840,0,P,P,0.00,PRESSED,FAULT
2026-05-18 20:58:09.503,834.0857,,slider,1,0,0.00,0.00,0.00,ACTIVE,NONE,20850,0,P,P,0.00,PRESSED,FAULT
2026-05-18 20:58:09.903,834.4857,,slider,1,0,0.00,0.00,0.00,ACTIVE,NONE,20860,0,P,P,0.00,PRESSED,FAULT
2026-05-18 20:58:10.303,834.8857,,slider,1,0,0.00,0.00,0.00,ACTIVE,NONE,20870,0,P,P,0.00,PRESSED,FAULT
2026-05-18 20:58:10.703,835.2857,,slider,1,0,0.00,0.00,0.00,ACTIVE,NONE,20880,0,P,P,0.00,PRESSED,FAULT
2026-05-18 20:58:11.105,835.6881,,slider,1,0,53.99,24.18,5.70,ACTIVE,NONE,20890,0,P,P,0.00,PRESSED,FAULT
2026-05-18 20:58:11.506,836.0888,,slider,1,0,0.00,17.39,33.00,ACTIVE,NONE,20900,0,P,P,0.00,PRESSED,FAULT
2026-05-18 20:58:11.906,836.4889,,slider,1,0,25.87,15.83,10.10,ACTIVE,NONE,20910,0,P,P,0.00,PRESSED,FAULT
2026-05-18 20:58:12.302,836.8847,,slider,1,0,42.77,36.23,27.30,ACTIVE,NONE,20920,0,P,P,0.00,PRESSED,FAULT
2026-05-18 20:58:12.706,837.2884,,slider,1,0,110.58,78.49,57.10,ACTIVE,NONE,20930,0,P,P,0.00,PRESSED,FAULT
2026-05-18 20:58:13.107,837.6899,,slider,1,0,351.29,150.49,127.30,ACTIVE,NONE,20940,0,P,P,0.00,PRESSED,FAULT
2026-05-18 20:58:13.507,838.0902,,slider,1,0,351.29,222.49,200.30,ACTIVE,NONE,20950,0,P,P,0.00,PRESSED,FAULT
2026-05-18 20:58:13.908,838.4903,,slider,1,0,351.29,294.49,271.80,ACTIVE,NONE,20960,0,P,P,0.00,PRESSED,FAULT
2026-05-18 20:58:14.307,838.8902,,slider,1,0,351.29,351.22,340.80,ACTIVE,NONE,20970,0,P,P,0.00,PRESSED,FAULT
2026-05-18 20:58:14.708,839.2903,,slider,1,0,351.29,350.74,349.20,ACTIVE,NONE,20980,0,P,P,0.00,PRESSED,FAULT
2026-05-18 20:58:15.107,839.6900,,slider,1,0,114.73,323.86,348.30,ACTIVE,NONE,20990,0,P,P,0.00,PRESSED,FAULT
2026-05-18 20:58:15.507,840.0901,,slider,1,0,219.27,251.86,280.70,ACTIVE,NONE,21000,0,P,P,0.00,PRESSED,FAULT
2026-05-18 20:58:15.908,840.4903,,slider,1,0,351.29,276.75,256.20,ACTIVE,NONE,21010,0,P,P,0.00,PRESSED,FAULT
2026-05-18 20:58:16.307,840.8900,,slider,1,0,351.29,348.75,318.60,ACTIVE,NONE,21020,0,P,P,0.00,PRESSED,FAULT
2026-05-18 20:58:16.707,841.2900,,slider,1,0,155.71,293.67,318.90,ACTIVE,NONE,21030,0,P,P,0.00,PRESSED,FAULT
2026-05-18 20:58:17.107,841.6900,,slider,1,0,261.88,233.67,250.10,ACTIVE,NONE,21040,0,P,P,0.00,PRESSED,FAULT
2026-05-18 20:58:17.507,842.0900,,slider,1,0,310.06,292.74,269.80,ACTIVE,NONE,21050,0,P,P,0.00,released,RELEASED
2026-05-18 20:58:17.907,842.4900,,slider,1,0,298.42,297.07,294.50,ACTIVE,NONE,21060,0,P,P,0.00,PRESSED,FAULT
2026-05-18 20:58:18.307,842.8900,,slider,1,0,314.02,321.79,315.30,ACTIVE,NONE,21070,0,P,P,0.00,PRESSED,FAULT
2026-05-18 20:58:18.707,843.2900,,slider,1,0,351.29,332.14,320.30,ACTIVE,NONE,21080,0,P,P,0.00,PRESSED,FAULT
2026-05-18 20:58:19.107,843.6900,,slider,1,0,347.00,349.80,346.30,ACTIVE,NONE,21090,0,P,P,0.00,PRESSED,FAULT
2026-05-18 20:58:19.507,844.0901,,slider,1,0,351.29,351.32,351.00,ACTIVE,NONE,21100,0,P,P,0.00,PRESSED,FAULT
2026-05-18 20:58:19.907,844.4900,,slider,1,0,351.29,350.00,351.50,ACTIVE,NONE,21110,0,P,P,0.00,PRESSED,FAULT
2026-05-18 20:58:20.307,844.8901,,slider,1,0,351.29,316.38,323.00,ACTIVE,NONE,21120,0,P,P,0.00,PRESSED,FAULT
2026-05-18 20:58:20.697,845.2799,,slider,1,0,351.29,348.36,340.30,ACTIVE,NONE,21130,0,P,P,0.00,PRESSED,FAULT
2026-05-18 20:58:21.097,845.6795,,slider,1,0,351.29,349.97,348.10,ACTIVE,NONE,21140,0,P,P,0.00,PRESSED,FAULT
2026-05-18 20:58:21.497,846.0798,,slider,1,0,31.93,299.74,325.30,ACTIVE,NONE,21150,0,P,P,0.00,PRESSED,FAULT
2026-05-18 20:58:21.897,846.4798,,slider,1,0,0.00,227.74,253.90,ACTIVE,NONE,21160,0,P,P,0.00,PRESSED,FAULT
2026-05-18 20:58:22.297,846.8795,,slider,1,0,0.00,155.74,177.20,ACTIVE,NONE,21170,0,P,P,0.00,PRESSED,FAULT
2026-05-18 20:58:22.702,847.2842,,slider,1,0,0.00,83.74,104.60,ACTIVE,NONE,21180,0,P,P,0.00,PRESSED,FAULT
2026-05-18 20:58:23.102,847.6842,,slider,1,0,0.00,11.74,32.70,ACTIVE,NONE,21190,0,P,P,0.00,PRESSED,FAULT
2026-05-18 20:58:23.506,848.0886,,slider,1,0,0.00,0.00,1.20,ACTIVE,NONE,21200,0,P,P,0.00,PRESSED,FAULT
2026-05-18 20:58:23.908,848.4901,,slider,1,0,44.35,38.18,18.70,ACTIVE,NONE,21210,0,P,P,0.00,PRESSED,FAULT
2026-05-18 20:58:24.308,848.8902,,slider,1,0,6.59,16.95,27.10,ACTIVE,NONE,21220,0,P,P,0.00,PRESSED,FAULT
2026-05-18 20:58:24.708,849.2901,,slider,1,0,39.64,30.80,20.40,ACTIVE,NONE,21230,0,P,P,0.00,PRESSED,FAULT
2026-05-18 20:58:25.108,849.6902,,slider,1,0,44.35,41.73,37.60,ACTIVE,NONE,21240,0,P,P,0.00,PRESSED,FAULT
2026-05-18 20:58:25.508,850.0901,,slider,1,0,21.37,42.40,47.30,ACTIVE,NONE,21250,0,P,P,0.00,PRESSED,FAULT
2026-05-18 20:58:25.908,850.4902,,slider,1,0,0.00,2.39,13.50,ACTIVE,NONE,21260,0,P,P,0.00,PRESSED,FAULT
2026-05-18 20:58:26.296,850.8789,,slider,1,0,-35.00,-25.34,-14.10,ACTIVE,NONE,21270,0,P,P,0.00,PRESSED,FAULT
2026-05-18 20:58:26.696,851.2788,,slider,1,0,-39.64,-41.33,-37.90,ACTIVE,NONE,21280,0,P,P,0.00,PRESSED,FAULT
2026-05-18 20:58:27.097,851.6790,,slider,1,0,11.00,0.26,-14.80,ACTIVE,NONE,21290,0,P,P,0.00,PRESSED,FAULT
2026-05-18 20:58:27.497,852.0792,,slider,1,0,25.87,20.93,13.40,ACTIVE,NONE,21300,0,P,P,0.00,PRESSED,FAULT
2026-05-18 20:58:27.897,852.4796,,slider,1,0,0.00,15.57,23.10,ACTIVE,NONE,21310,0,P,P,0.00,PRESSED,FAULT
2026-05-18 20:58:28.301,852.8839,,slider,1,0,0.00,0.77,5.00,ACTIVE,NONE,21320,0,P,P,0.00,PRESSED,FAULT
2026-05-18 20:58:28.703,853.2853,,slider,1,0,30.41,25.35,16.00,ACTIVE,NONE,21330,0,P,P,0.00,PRESSED,FAULT
2026-05-18 20:58:29.096,853.6786,,slider,1,0,0.00,6.69,15.20,ACTIVE,NONE,21340,0,P,P,0.00,PRESSED,FAULT
2026-05-18 20:58:29.507,854.0895,,slider,1,0,15.43,11.73,7.90,ACTIVE,NONE,21350,0,P,P,0.00,PRESSED,FAULT
2026-05-18 20:58:29.909,854.4911,,slider,1,0,28.89,25.76,19.10,ACTIVE,NONE,21360,0,P,P,0.00,PRESSED,FAULT
2026-05-18 20:58:30.309,854.8910,,slider,1,0,16.91,23.53,27.70,ACTIVE,NONE,21370,0,P,P,0.00,PRESSED,FAULT
2026-05-18 20:58:30.709,855.2912,,slider,1,0,0.00,6.50,15.00,ACTIVE,NONE,21380,0,P,P,0.00,PRESSED,FAULT
2026-05-18 20:58:31.109,855.6910,,slider,1,0,-28.89,-21.55,-9.30,ACTIVE,NONE,21390,0,P,P,0.00,PRESSED,FAULT
2026-05-18 20:58:31.509,856.0911,,slider,1,0,13.95,-0.40,-16.10,ACTIVE,NONE,21400,0,P,P,0.00,PRESSED,FAULT
2026-05-18 20:58:31.900,856.4821,,slider,1,0,0.00,5.42,7.40,ACTIVE,NONE,21410,0,P,P,0.00,PRESSED,FAULT
2026-05-18 20:58:32.300,856.8821,,slider,1,0,0.00,0.27,1.80,ACTIVE,NONE,21420,0,P,P,0.00,PRESSED,FAULT
2026-05-18 20:58:32.699,857.2818,,slider,1,0,0.00,0.01,0.40,ACTIVE,NONE,21430,0,P,P,0.00,PRESSED,FAULT
2026-05-18 20:58:33.099,857.6817,,slider,1,0,0.00,0.00,0.10,ACTIVE,NONE,21440,0,P,P,0.00,PRESSED,FAULT
2026-05-18 20:58:33.500,858.0820,,slider,1,0,0.00,0.00,0.00,ACTIVE,NONE,21450,0,P,P,0.00,PRESSED,FAULT
2026-05-18 20:58:33.899,858.4819,,slider,1,0,0.00,0.00,0.00,ACTIVE,NONE,21460,0,P,P,0.00,PRESSED,FAULT
2026-05-18 20:58:34.300,858.8821,,slider,1,0,0.00,0.00,0.00,ACTIVE,NONE,21470,0,P,P,0.00,PRESSED,FAULT
2026-05-18 20:58:34.700,859.2824,,slider,1,0,0.00,0.00,0.00,ACTIVE,NONE,21480,0,P,P,0.00,PRESSED,FAULT
2026-05-18 20:58:35.099,859.6818,,slider,1,0,0.00,0.00,0.00,ACTIVE,NONE,21490,0,P,P,0.00,PRESSED,FAULT
2026-05-18 20:58:35.500,860.0824,,slider,1,0,0.00,0.00,0.00,ACTIVE,NONE,21500,0,P,P,0.00,PRESSED,FAULT
2026-05-18 20:58:35.900,860.4828,,slider,1,0,0.00,0.00,0.00,ACTIVE,NONE,21510,0,P,P,0.00,PRESSED,FAULT
2026-05-18 20:58:36.300,860.8821,,slider,1,0,0.00,0.00,0.00,ACTIVE,NONE,21520,0,P,P,0.00,PRESSED,FAULT
2026-05-18 20:58:36.701,861.2834,,slider,1,0,0.00,0.00,0.00,ACTIVE,NONE,21530,0,P,P,0.00,PRESSED,FAULT
2026-05-18 20:58:37.100,861.6823,,slider,1,0,0.00,0.00,0.00,ACTIVE,NONE,21540,0,P,P,0.00,PRESSED,FAULT
2026-05-18 20:58:37.500,862.0825,,slider,1,0,0.00,0.00,0.00,ACTIVE,NONE,21550,0,P,P,0.00,PRESSED,FAULT
2026-05-18 20:58:37.900,862.4827,,slider,1,0,0.00,0.00,0.00,ACTIVE,NONE,21560,0,P,P,0.00,PRESSED,FAULT
2026-05-18 20:58:38.301,862.8830,,slider,1,0,0.00,0.00,0.00,ACTIVE,NONE,21570,0,P,P,0.00,PRESSED,FAULT
2026-05-18 20:58:38.700,863.2828,,slider,1,0,0.00,0.00,0.00,ACTIVE,NONE,21580,0,P,P,0.00,PRESSED,FAULT
2026-05-18 20:58:39.101,863.6829,,slider,1,0,0.00,0.00,0.00,ACTIVE,NONE,21590,0,P,P,0.00,PRESSED,FAULT
2026-05-18 20:58:39.501,864.0829,,slider,1,0,0.00,0.00,0.00,ACTIVE,NONE,21600,0,P,P,0.00,PRESSED,FAULT
2026-05-18 20:58:39.901,864.4831,,slider,1,0,25.87,16.50,8.60,ACTIVE,NONE,21610,0,P,P,0.00,PRESSED,FAULT
2026-05-18 20:58:40.305,864.8869,,slider,1,0,36.54,33.48,27.20,ACTIVE,NONE,21620,0,P,P,0.00,PRESSED,FAULT
2026-05-18 20:58:40.705,865.2871,,slider,1,0,15.43,19.76,27.30,ACTIVE,NONE,21630,0,P,P,0.00,PRESSED,FAULT
2026-05-18 20:58:41.105,865.6874,,slider,1,0,35.00,24.49,20.00,ACTIVE,NONE,21640,0,P,P,0.00,PRESSED,FAULT
2026-05-18 20:58:41.505,866.0875,,slider,1,0,38.09,44.54,37.20,ACTIVE,NONE,21650,0,P,P,0.00,PRESSED,FAULT
2026-05-18 20:58:41.905,866.4875,,slider,1,0,0.00,7.79,21.80,ACTIVE,NONE,21660,0,P,P,0.00,PRESSED,FAULT
2026-05-18 20:58:42.306,866.8888,,slider,1,0,6.59,0.39,4.00,ACTIVE,NONE,21670,0,P,P,0.00,PRESSED,FAULT
2026-05-18 20:58:42.712,867.2941,,slider,1,0,24.36,19.79,12.50,ACTIVE,NONE,21680,0,P,P,0.00,PRESSED,FAULT
2026-05-18 20:58:43.111,867.6938,,slider,1,0,9.53,21.09,22.30,ACTIVE,NONE,21690,0,P,P,0.00,PRESSED,FAULT
2026-05-18 20:58:43.495,868.0768,,slider,1,0,0.00,1.93,8.30,ACTIVE,NONE,21700,0,P,P,0.00,PRESSED,FAULT
2026-05-18 20:58:43.895,868.4770,,slider,1,0,0.00,0.10,1.50,ACTIVE,NONE,21710,0,P,P,0.00,PRESSED,FAULT
2026-05-18 20:58:44.295,868.8772,,slider,1,0,0.00,0.00,0.30,ACTIVE,NONE,21720,0,P,P,0.00,PRESSED,FAULT
2026-05-18 20:58:44.712,869.2938,,slider,1,0,0.00,0.00,-0.30,ACTIVE,NONE,21730,0,P,P,0.00,PRESSED,FAULT
2026-05-18 20:58:45.095,869.6775,,slider,1,0,0.00,0.00,-0.30,ACTIVE,NONE,21740,0,P,P,0.00,PRESSED,FAULT
2026-05-18 20:58:45.495,870.0774,,slider,1,0,0.00,0.00,-0.30,ACTIVE,NONE,21750,0,P,P,0.00,PRESSED,FAULT
2026-05-18 20:58:45.895,870.4776,,slider,1,0,0.00,0.00,-0.30,ACTIVE,NONE,21760,0,P,P,0.00,PRESSED,FAULT
2026-05-18 20:58:46.295,870.8775,,slider,1,0,0.00,0.00,-0.30,ACTIVE,NONE,21770,0,P,P,0.00,PRESSED,FAULT
2026-05-18 20:58:46.695,871.2772,,slider,1,0,0.00,0.00,-0.30,ACTIVE,NONE,21780,0,P,P,0.00,PRESSED,FAULT
2026-05-18 20:58:47.095,871.6772,,slider,1,0,0.00,0.00,-0.30,ACTIVE,NONE,21790,0,P,P,0.00,PRESSED,FAULT
2026-05-18 20:58:47.495,872.0775,,slider,1,0,0.00,0.00,-0.20,ACTIVE,NONE,21800,0,P,P,0.00,PRESSED,FAULT
2026-05-18 20:58:47.896,872.4781,,slider,1,0,-16.91,-6.91,-0.90,ACTIVE,NONE,21810,0,P,P,0.00,PRESSED,FAULT
2026-05-18 20:58:48.295,872.8776,,slider,1,0,-31.93,-27.80,-20.50,ACTIVE,NONE,21820,0,P,P,0.00,PRESSED,FAULT
2026-05-18 20:58:48.701,873.2834,,slider,1,0,11.00,-3.77,-21.80,ACTIVE,NONE,21830,0,P,P,0.00,PRESSED,FAULT
2026-05-18 20:58:49.101,873.6828,,slider,1,0,33.46,27.17,16.50,ACTIVE,NONE,21840,0,P,P,0.00,PRESSED,FAULT
2026-05-18 20:58:49.501,874.0830,,slider,1,0,15.43,29.14,30.70,ACTIVE,NONE,21850,0,P,P,0.00,PRESSED,FAULT
2026-05-18 20:58:49.901,874.4831,,slider,1,0,0.00,1.92,9.50,ACTIVE,NONE,21860,0,P,P,0.00,PRESSED,FAULT
2026-05-18 20:58:50.301,874.8830,,slider,1,0,0.00,0.10,1.70,ACTIVE,NONE,21870,0,P,P,0.00,PRESSED,FAULT
2026-05-18 20:58:50.701,875.2833,,slider,1,0,0.00,0.00,0.50,ACTIVE,NONE,21880,0,P,P,0.00,PRESSED,FAULT
2026-05-18 20:58:51.101,875.6833,,slider,1,0,0.00,0.00,-0.20,ACTIVE,NONE,21890,0,P,P,0.00,PRESSED,FAULT
2026-05-18 20:58:51.501,876.0832,,slider,1,0,0.00,0.00,-0.20,ACTIVE,NONE,21900,0,P,P,0.00,PRESSED,FAULT
2026-05-18 20:58:51.901,876.4834,,slider,1,0,0.00,0.00,-0.20,ACTIVE,NONE,21910,0,P,P,0.00,PRESSED,FAULT
2026-05-18 20:58:52.302,876.8839,,slider,1,0,0.00,0.00,-0.20,ACTIVE,NONE,21920,0,P,P,0.00,PRESSED,FAULT
2026-05-18 20:58:52.701,877.2835,,slider,1,0,0.00,0.00,-0.20,ACTIVE,NONE,21930,0,P,P,0.00,PRESSED,FAULT
2026-05-18 20:58:53.101,877.6836,,slider,1,0,0.00,0.00,-0.20,ACTIVE,NONE,21940,0,P,P,0.00,PRESSED,FAULT
2026-05-18 20:58:53.501,878.0834,,slider,1,0,0.00,0.00,-0.20,ACTIVE,NONE,21950,0,P,P,0.00,PRESSED,FAULT
2026-05-18 20:58:53.901,878.4835,,slider,1,0,0.00,0.00,-0.20,ACTIVE,NONE,21960,0,P,P,0.00,PRESSED,FAULT
2026-05-18 20:58:54.301,878.8833,,slider,1,0,0.00,0.00,-0.20,ACTIVE,NONE,21970,0,P,P,0.00,PRESSED,FAULT
2026-05-18 20:58:54.701,879.2836,,slider,1,0,0.00,0.00,-0.10,ACTIVE,NONE,21980,0,P,P,0.00,PRESSED,FAULT
2026-05-18 20:58:55.101,879.6835,,slider,1,0,0.00,0.00,0.00,ACTIVE,NONE,21990,0,P,P,0.00,PRESSED,FAULT
2026-05-18 20:58:55.501,880.0833,,slider,1,0,0.00,0.00,0.00,ACTIVE,NONE,22000,0,P,P,0.00,PRESSED,FAULT
2026-05-18 20:58:55.902,880.4837,,slider,1,0,0.00,0.00,0.00,ACTIVE,NONE,22010,0,P,P,0.00,PRESSED,FAULT
2026-05-18 20:58:56.302,880.8839,,slider,1,0,0.00,0.00,0.00,ACTIVE,NONE,22020,0,P,P,0.00,PRESSED,FAULT
2026-05-18 20:58:56.702,881.2839,,slider,1,0,0.00,0.00,0.00,ACTIVE,NONE,22030,0,P,P,0.00,PRESSED,FAULT
2026-05-18 20:58:57.101,881.6834,,slider,1,0,0.00,0.00,0.00,ACTIVE,NONE,22040,0,P,P,0.00,PRESSED,FAULT
2026-05-18 20:58:57.501,882.0835,,slider,1,0,0.00,0.00,0.00,ACTIVE,NONE,22050,0,P,P,0.00,PRESSED,FAULT
2026-05-18 20:58:57.902,882.4837,,slider,1,0,0.00,0.00,0.00,ACTIVE,NONE,22060,0,P,P,0.00,PRESSED,FAULT
2026-05-18 20:58:58.303,882.8850,,slider,1,0,22.87,17.33,10.90,ACTIVE,NONE,22070,0,P,P,0.00,PRESSED,FAULT
2026-05-18 20:58:58.703,883.2850,,slider,1,0,27.38,25.92,22.10,ACTIVE,NONE,22080,0,P,P,0.00,PRESSED,FAULT
2026-05-18 20:58:59.103,883.6849,,slider,1,0,16.91,21.04,25.90,ACTIVE,NONE,22090,0,P,P,0.00,PRESSED,FAULT
2026-05-18 20:58:59.508,884.0905,,slider,1,0,9.53,11.37,15.00,ACTIVE,NONE,22100,0,P,P,0.00,PRESSED,FAULT
2026-05-18 20:58:59.897,884.4787,,slider,1,0,0.00,3.47,6.80,ACTIVE,NONE,22110,0,P,P,0.00,PRESSED,FAULT
2026-05-18 20:59:00.297,884.8788,,slider,1,0,0.00,0.17,1.40,ACTIVE,NONE,22120,0,P,P,0.00,PRESSED,FAULT
2026-05-18 20:59:00.698,885.2799,,slider,1,0,11.00,6.72,1.30,ACTIVE,NONE,22130,0,P,P,0.00,PRESSED,FAULT
2026-05-18 20:59:01.101,885.6831,,slider,1,0,11.00,10.02,8.10,ACTIVE,NONE,22140,0,P,P,0.00,PRESSED,FAULT
2026-05-18 20:59:01.503,886.0849,,slider,1,0,0.00,6.76,10.00,ACTIVE,NONE,22150,0,P,P,0.00,PRESSED,FAULT
2026-05-18 20:59:01.903,886.4851,,slider,1,0,0.00,0.34,2.70,ACTIVE,NONE,22160,0,P,P,0.00,PRESSED,FAULT
2026-05-18 20:59:02.303,886.8853,,slider,1,0,0.00,2.81,0.90,ACTIVE,NONE,22170,0,P,P,0.00,PRESSED,FAULT
2026-05-18 20:59:02.703,887.2852,,slider,1,0,0.00,0.56,0.90,ACTIVE,NONE,22180,0,P,P,0.00,PRESSED,FAULT
2026-05-18 20:59:03.103,887.6851,,slider,1,0,6.59,2.37,0.70,ACTIVE,NONE,22190,0,P,P,0.00,PRESSED,FAULT
2026-05-18 20:59:03.503,888.0849,,slider,1,0,6.59,4.47,3.20,ACTIVE,NONE,22200,0,P,P,0.00,PRESSED,FAULT
2026-05-18 20:59:03.903,888.4849,,slider,1,0,8.06,7.66,6.50,ACTIVE,NONE,22210,0,P,P,0.00,PRESSED,FAULT
2026-05-18 20:59:04.303,888.8850,,slider,1,0,6.59,8.15,8.30,ACTIVE,NONE,22220,0,P,P,0.00,PRESSED,FAULT
2026-05-18 20:59:04.704,889.2856,,slider,1,0,6.59,1.46,3.80,ACTIVE,NONE,22230,0,P,P,0.00,PRESSED,FAULT
2026-05-18 20:59:05.103,889.6851,,slider,1,0,11.00,9.27,6.60,ACTIVE,NONE,22240,0,P,P,0.00,PRESSED,FAULT
2026-05-18 20:59:05.503,890.0850,,slider,1,0,8.06,8.79,8.50,ACTIVE,NONE,22250,0,P,P,0.00,PRESSED,FAULT
2026-05-18 20:59:05.903,890.4852,,slider,1,0,0.00,3.74,7.70,ACTIVE,NONE,22260,0,P,P,0.00,PRESSED,FAULT
2026-05-18 20:59:06.303,890.8850,,slider,1,0,0.00,0.19,2.00,ACTIVE,NONE,22270,0,P,P,0.00,PRESSED,FAULT
2026-05-18 20:59:06.703,891.2851,,slider,1,0,0.00,0.01,0.50,ACTIVE,NONE,22280,0,P,P,0.00,PRESSED,FAULT
2026-05-18 20:59:06.974,891.5562,shift_requested:R,slider,1,0,0.00,0.00,0.10,ACTIVE,NONE,22286,0,P,P,0.00,PRESSED,FAULT
2026-05-18 20:59:07.014,891.5956,gear_change:R,slider,1,0,0.00,0.00,0.00,ACTIVE,NONE,22287,0,R,R,0.00,PRESSED,FAULT
2026-05-18 20:59:07.098,891.6803,,slider,1,0,0.00,0.00,-0.20,ACTIVE,NONE,22290,0,R,R,0.00,PRESSED,FAULT
2026-05-18 20:59:07.504,892.0856,,slider,1,0,0.00,0.00,-0.20,ACTIVE,NONE,22300,0,R,R,0.00,PRESSED,FAULT
2026-05-18 20:59:07.705,892.2873,shift_requested:N,slider,1,0,0.00,0.00,-0.20,ACTIVE,NONE,22305,0,R,N,0.00,PRESSED,FAULT
2026-05-18 20:59:07.904,892.4855,,slider,1,0,0.00,0.00,-0.20,ACTIVE,NONE,22310,0,R,N,0.00,PRESSED,FAULT
2026-05-18 20:59:07.964,892.5458,gear_change:N,slider,1,0,0.00,0.00,-0.20,ACTIVE,NONE,22311,0,N,N,0.00,PRESSED,FAULT
2026-05-18 20:59:08.308,892.8897,,slider,1,0,0.00,0.00,-0.20,ACTIVE,NONE,22320,0,N,N,0.00,PRESSED,FAULT
2026-05-18 20:59:08.675,893.2574,shift_requested:N,slider,1,0,0.00,0.00,-0.20,ACTIVE,NONE,22329,0,N,N,0.00,PRESSED,FAULT
2026-05-18 20:59:08.697,893.2794,,slider,1,0,0.00,0.00,-0.20,ACTIVE,NONE,22330,0,N,N,0.00,PRESSED,FAULT
2026-05-18 20:59:09.108,893.6898,,slider,1,0,0.00,0.00,-0.20,ACTIVE,NONE,22340,0,N,N,0.00,PRESSED,FAULT
2026-05-18 20:59:09.198,893.7798,shift_requested:D,slider,1,0,0.00,0.00,-0.20,ACTIVE,NONE,22342,0,N,N,0.00,PRESSED,FAULT
2026-05-18 20:59:09.243,893.8254,gear_change:D,slider,1,0,0.00,0.00,-0.20,ACTIVE,NONE,22343,0,D,D,0.00,PRESSED,FAULT
2026-05-18 20:59:09.508,894.0898,,slider,1,0,0.00,0.00,-0.20,ACTIVE,NONE,22350,0,D,D,0.00,PRESSED,FAULT
2026-05-18 20:59:09.909,894.4907,,slider,1,0,0.00,0.00,-0.20,ACTIVE,NONE,22360,0,D,D,0.00,PRESSED,FAULT
2026-05-18 20:59:10.308,894.8901,,slider,1,0,0.00,0.00,-0.20,ACTIVE,NONE,22370,0,D,D,0.20,released,RELEASED
2026-05-18 20:59:10.708,895.2901,,slider,1,0,19.88,16.52,8.60,ACTIVE,NONE,22380,0,D,D,0.30,released,RELEASED
2026-05-18 20:59:11.095,895.6774,,slider,1,0,16.91,16.15,16.10,ACTIVE,NONE,22390,0,D,D,0.60,released,RELEASED
2026-05-18 20:59:11.495,896.0774,,slider,1,0,25.87,23.39,20.50,ACTIVE,NONE,22400,0,D,D,1.00,released,RELEASED
2026-05-18 20:59:11.896,896.4774,,slider,1,0,31.93,28.78,26.70,ACTIVE,NONE,22410,0,D,D,1.35,released,RELEASED
2026-05-18 20:59:12.314,896.8964,,slider,1,0,47.53,42.29,37.60,ACTIVE,NONE,22420,0,D,D,1.80,released,RELEASED
2026-05-18 20:59:12.714,897.2964,,slider,1,0,60.61,54.89,50.10,ACTIVE,NONE,22430,0,D,D,2.30,released,RELEASED
2026-05-18 20:59:13.115,897.6965,,slider,1,0,72.61,66.53,61.80,ACTIVE,NONE,22440,0,D,D,2.90,released,RELEASED
2026-05-18 20:59:13.495,898.0772,,slider,1,0,76.14,75.79,73.60,ACTIVE,NONE,22450,0,D,D,3.55,released,RELEASED
2026-05-18 20:59:13.915,898.4965,,slider,1,0,92.73,87.62,82.70,ACTIVE,NONE,22460,0,D,D,4.15,released,RELEASED
2026-05-18 20:59:14.315,898.8964,,slider,1,0,92.73,90.73,90.10,ACTIVE,NONE,22470,0,D,D,4.75,released,RELEASED
2026-05-18 20:59:14.696,899.2777,,slider,1,0,110.58,98.92,93.20,ACTIVE,NONE,22480,0,D,D,5.30,released,RELEASED
2026-05-18 20:59:15.096,899.6777,,slider,1,0,129.87,124.95,117.90,ACTIVE,NONE,22490,0,D,D,5.75,released,RELEASED
2026-05-18 20:59:15.496,900.0774,,slider,1,0,127.65,131.21,131.30,ACTIVE,NONE,22500,0,D,D,6.15,released,RELEASED
2026-05-18 20:59:15.896,900.4776,,slider,1,0,136.66,135.61,133.70,ACTIVE,NONE,22510,0,D,D,6.55,released,RELEASED
2026-05-18 20:59:16.296,900.8779,,slider,1,0,136.66,140.94,138.80,ACTIVE,NONE,22520,0,D,D,6.90,released,RELEASED
2026-05-18 20:59:16.696,901.2779,,slider,1,0,146.01,145.06,143.10,ACTIVE,NONE,22530,0,D,D,7.30,released,RELEASED
2026-05-18 20:59:17.096,901.6779,,slider,1,0,153.25,151.75,150.40,ACTIVE,NONE,22540,0,D,D,7.65,released,RELEASED
2026-05-18 20:59:17.496,902.0778,,slider,1,0,153.25,156.02,154.40,ACTIVE,NONE,22550,0,D,D,7.95,released,RELEASED
2026-05-18 20:59:17.896,902.4777,,slider,1,0,143.64,149.08,154.10,ACTIVE,NONE,22560,0,D,D,8.15,released,RELEASED
2026-05-18 20:59:18.301,902.8832,,slider,1,0,96.58,109.19,120.50,ACTIVE,NONE,22570,0,D,D,8.40,released,RELEASED
2026-05-18 20:59:18.702,903.2836,,slider,1,0,123.27,118.46,110.80,ACTIVE,NONE,22580,0,D,D,8.35,released,RELEASED
2026-05-18 20:59:19.102,903.6838,,slider,1,0,116.84,121.37,122.70,ACTIVE,NONE,22590,0,D,D,8.35,released,RELEASED
2026-05-18 20:59:19.505,904.0865,,slider,1,0,81.55,87.95,96.60,ACTIVE,NONE,22600,0,D,D,8.05,released,RELEASED
2026-05-18 20:59:19.905,904.4867,,slider,1,0,81.55,80.54,81.10,ACTIVE,NONE,22610,0,D,D,7.65,released,RELEASED
2026-05-18 20:59:20.305,904.8873,,slider,1,0,65.68,76.42,82.10,ACTIVE,NONE,22620,0,D,D,7.45,released,RELEASED
2026-05-18 20:59:20.709,905.2909,,slider,1,0,49.13,52.95,59.00,ACTIVE,NONE,22630,0,D,D,7.35,released,RELEASED
2026-05-18 20:59:21.109,905.6912,,slider,1,0,39.64,49.23,49.80,ACTIVE,NONE,22640,0,D,D,7.30,released,RELEASED
2026-05-18 20:59:21.509,906.0913,,slider,1,0,41.20,34.99,35.90,ACTIVE,NONE,22650,0,D,D,7.25,released,RELEASED
2026-05-18 20:59:21.909,906.4912,,slider,1,0,21.37,29.76,36.10,ACTIVE,NONE,22660,0,D,D,7.15,released,RELEASED
2026-05-18 20:59:22.309,906.8912,,slider,1,0,24.36,21.88,22.80,ACTIVE,NONE,22670,0,D,D,6.85,released,RELEASED
2026-05-18 20:59:22.715,907.2965,,slider,1,0,0.00,4.57,11.80,ACTIVE,NONE,22680,0,D,D,6.45,released,RELEASED
2026-05-18 20:59:23.096,907.6781,,slider,1,0,0.00,0.26,1.00,ACTIVE,NONE,22690,0,D,D,6.15,released,RELEASED
2026-05-18 20:59:23.501,908.0828,,slider,1,0,0.00,0.01,0.00,ACTIVE,NONE,22700,0,D,D,5.90,released,RELEASED
2026-05-18 20:59:23.905,908.4870,,slider,1,0,0.00,0.00,-0.10,ACTIVE,NONE,22710,0,D,D,5.70,released,RELEASED
2026-05-18 20:59:24.305,908.8870,,slider,1,0,0.00,0.00,-0.10,ACTIVE,NONE,22720,0,D,D,5.50,released,RELEASED
2026-05-18 20:59:24.706,909.2876,,slider,1,0,0.00,0.00,-0.10,ACTIVE,NONE,22730,0,D,D,5.35,released,RELEASED
2026-05-18 20:59:25.111,909.6922,,slider,1,0,0.00,0.00,-0.10,ACTIVE,NONE,22740,0,D,D,5.05,PRESSED,FAULT
2026-05-18 20:59:25.510,910.0921,,slider,1,0,0.00,0.00,0.00,ACTIVE,NONE,22750,0,D,D,4.50,PRESSED,FAULT
2026-05-18 20:59:25.911,910.4924,,slider,1,0,0.00,0.00,0.00,ACTIVE,NONE,22760,0,D,D,3.70,PRESSED,FAULT
2026-05-18 20:59:26.311,910.8925,,slider,1,0,0.00,0.00,0.00,ACTIVE,NONE,22770,0,D,D,2.95,PRESSED,FAULT
2026-05-18 20:59:26.710,911.2921,,slider,1,0,0.00,0.00,0.00,ACTIVE,NONE,22780,0,D,D,2.20,PRESSED,FAULT
2026-05-18 20:59:27.111,911.6923,,slider,1,0,0.00,0.00,0.00,ACTIVE,NONE,22790,0,D,D,1.45,PRESSED,FAULT
2026-05-18 20:59:27.511,912.0924,,slider,1,0,0.00,0.00,0.00,ACTIVE,NONE,22800,0,D,D,0.70,PRESSED,FAULT
2026-05-18 20:59:27.911,912.4926,,slider,1,0,0.00,0.00,0.00,ACTIVE,NONE,22810,0,D,D,0.00,PRESSED,FAULT
2026-05-18 20:59:28.311,912.8923,,slider,1,0,0.00,0.00,0.00,ACTIVE,NONE,22820,0,D,D,0.05,PRESSED,FAULT
2026-05-18 20:59:28.711,913.2925,,slider,1,0,0.00,0.00,0.00,ACTIVE,NONE,22830,0,D,D,0.05,PRESSED,FAULT
2026-05-18 20:59:29.111,913.6924,,slider,1,0,0.00,0.00,0.00,ACTIVE,NONE,22840,0,D,D,0.00,PRESSED,FAULT
2026-05-18 20:59:29.511,914.0926,,slider,1,0,0.00,-0.32,-0.10,ACTIVE,NONE,22850,0,D,D,0.00,PRESSED,FAULT
2026-05-18 20:59:29.911,914.4926,,slider,1,0,0.00,-0.02,-0.10,ACTIVE,NONE,22860,0,D,D,0.00,PRESSED,FAULT
2026-05-18 20:59:30.311,914.8926,,slider,1,0,0.00,-0.00,-0.10,ACTIVE,NONE,22870,0,D,D,0.00,PRESSED,FAULT
2026-05-18 20:59:30.712,915.2934,,slider,1,0,0.00,-0.00,-0.10,ACTIVE,NONE,22880,0,D,D,0.00,PRESSED,FAULT
2026-05-18 20:59:31.111,915.6926,,slider,1,0,0.00,-0.00,-0.10,ACTIVE,NONE,22890,0,D,D,0.00,PRESSED,FAULT
2026-05-18 20:59:31.511,916.0926,,slider,1,0,0.00,-0.00,-0.10,ACTIVE,NONE,22900,0,D,D,0.00,PRESSED,FAULT
2026-05-18 20:59:31.911,916.4926,,slider,1,0,0.00,-0.00,-0.10,ACTIVE,NONE,22910,0,D,D,0.00,PRESSED,FAULT
2026-05-18 20:59:32.311,916.8926,,slider,1,0,12.48,3.33,0.00,ACTIVE,NONE,22920,0,D,D,0.00,PRESSED,FAULT
2026-05-18 20:59:32.712,917.2933,,slider,1,0,0.00,4.04,8.00,ACTIVE,NONE,22930,0,D,D,0.00,PRESSED,FAULT
2026-05-18 20:59:33.112,917.6936,,slider,1,0,0.00,0.20,1.80,ACTIVE,NONE,22940,0,D,D,0.00,PRESSED,FAULT
2026-05-18 20:59:33.512,918.0936,,slider,1,0,0.00,0.01,0.30,ACTIVE,NONE,22950,0,D,D,-0.05,PRESSED,FAULT
2026-05-18 20:59:33.912,918.4936,,slider,1,0,0.00,0.00,0.00,ACTIVE,NONE,22960,0,D,D,-0.05,PRESSED,FAULT
2026-05-18 20:59:34.312,918.8936,,slider,1,0,0.00,0.00,0.00,ACTIVE,NONE,22970,0,D,D,0.00,PRESSED,FAULT
2026-05-18 20:59:34.712,919.2937,,slider,1,0,0.00,0.00,0.00,ACTIVE,NONE,22980,0,D,D,0.00,PRESSED,FAULT
2026-05-18 20:59:35.112,919.6934,,slider,1,0,0.00,0.00,0.00,ACTIVE,NONE,22990,0,D,D,0.00,PRESSED,FAULT
2026-05-18 20:59:35.514,920.0960,,slider,1,0,0.00,3.93,5.30,ACTIVE,NONE,23000,0,D,D,0.00,PRESSED,FAULT
2026-05-18 20:59:35.914,920.4960,,slider,1,0,0.00,0.19,1.50,ACTIVE,NONE,23010,0,D,D,0.00,PRESSED,FAULT
2026-05-18 20:59:36.315,920.8961,,slider,1,0,0.00,0.01,0.30,ACTIVE,NONE,23020,0,D,D,0.00,PRESSED,FAULT
2026-05-18 20:59:36.715,921.2962,,slider,1,0,0.00,0.00,0.00,ACTIVE,NONE,23030,0,D,D,0.00,PRESSED,FAULT
2026-05-18 20:59:37.115,921.6961,,slider,1,0,0.00,0.00,0.00,ACTIVE,NONE,23040,0,D,D,0.00,PRESSED,FAULT
2026-05-18 20:59:37.515,922.0963,,slider,1,0,0.00,0.00,0.00,ACTIVE,NONE,23050,0,D,D,0.00,PRESSED,FAULT
2026-05-18 20:59:37.915,922.4962,,slider,1,0,0.00,0.00,0.00,ACTIVE,NONE,23060,0,D,D,0.00,PRESSED,FAULT
2026-05-18 20:59:38.315,922.8962,,slider,1,0,0.00,0.00,0.00,ACTIVE,NONE,23070,0,D,D,0.05,PRESSED,FAULT
2026-05-18 20:59:38.715,923.2964,,slider,1,0,0.00,0.00,0.00,ACTIVE,NONE,23080,0,D,D,0.05,PRESSED,FAULT
2026-05-18 20:59:39.115,923.6964,,slider,1,0,0.00,0.00,0.00,ACTIVE,NONE,23090,0,D,D,0.00,PRESSED,FAULT
2026-05-18 20:59:39.515,924.0964,,slider,1,0,0.00,0.00,0.00,ACTIVE,NONE,23100,0,D,D,0.00,PRESSED,FAULT
2026-05-18 20:59:39.915,924.4964,,slider,1,0,0.00,0.00,0.00,ACTIVE,NONE,23110,0,D,D,0.00,PRESSED,FAULT
2026-05-18 20:59:40.296,924.8779,,slider,1,0,0.00,0.00,0.00,ACTIVE,NONE,23120,0,D,D,0.00,PRESSED,FAULT
2026-05-18 20:59:40.715,925.2966,,slider,1,0,0.00,0.00,0.00,ACTIVE,NONE,23130,0,D,D,0.00,PRESSED,FAULT
2026-05-18 20:59:41.115,925.6965,,slider,1,0,0.00,0.00,0.00,ACTIVE,NONE,23140,0,D,D,0.00,PRESSED,FAULT
2026-05-18 20:59:41.515,926.0965,,slider,1,0,0.00,0.00,0.00,ACTIVE,NONE,23150,0,D,D,0.00,PRESSED,FAULT
2026-05-18 20:59:41.915,926.4967,,slider,1,0,0.00,0.00,0.00,ACTIVE,NONE,23160,0,D,D,0.00,PRESSED,FAULT
2026-05-18 20:59:42.315,926.8966,,slider,1,0,0.00,0.00,0.00,ACTIVE,NONE,23170,0,D,D,0.00,PRESSED,FAULT
2026-05-18 20:59:42.715,927.2966,,slider,1,0,0.00,0.00,0.00,ACTIVE,NONE,23180,0,D,D,0.00,PRESSED,FAULT
2026-05-18 20:59:43.115,927.6967,,slider,1,0,0.00,0.00,0.00,ACTIVE,NONE,23190,0,D,D,0.00,PRESSED,FAULT
2026-05-18 20:59:43.515,928.0967,,slider,1,0,0.00,-0.15,-0.10,ACTIVE,NONE,23200,0,D,D,0.00,PRESSED,FAULT
2026-05-18 20:59:43.896,928.4780,,slider,1,0,0.00,-0.01,-0.10,ACTIVE,NONE,23210,0,D,D,0.00,PRESSED,FAULT
2026-05-18 20:59:44.315,928.8968,,slider,1,0,0.00,-0.00,-0.10,ACTIVE,NONE,23220,0,D,D,0.00,released,RELEASED
2026-05-18 20:59:44.715,929.2969,,slider,1,0,0.00,-0.00,-0.10,ACTIVE,NONE,23230,0,D,D,0.25,released,RELEASED
2026-05-18 20:59:45.097,929.6790,,slider,1,0,45.94,33.32,16.80,ACTIVE,NONE,23240,0,D,D,0.65,released,RELEASED
2026-05-18 20:59:45.498,930.0797,,slider,1,0,50.74,45.58,43.30,ACTIVE,NONE,23250,0,D,D,1.10,released,RELEASED
2026-05-18 20:59:45.899,930.4802,,slider,1,0,58.94,59.06,56.50,ACTIVE,NONE,23260,0,D,D,1.50,released,RELEASED
2026-05-18 20:59:46.298,930.8796,,slider,1,0,60.61,59.21,59.40,ACTIVE,NONE,23270,0,D,D,1.80,released,RELEASED
2026-05-18 20:59:46.699,931.2800,,slider,1,0,65.68,59.62,59.50,ACTIVE,NONE,23280,0,D,D,2.10,released,RELEASED
2026-05-18 20:59:47.099,931.6804,,slider,1,0,100.50,100.39,93.50,ACTIVE,NONE,23290,0,D,D,2.35,released,RELEASED
2026-05-18 20:59:47.499,932.0803,,slider,1,0,138.97,121.88,109.40,ACTIVE,NONE,23300,0,D,D,2.55,released,RELEASED
2026-05-18 20:59:47.904,932.4856,,slider,1,0,-8.06,71.22,93.00,ACTIVE,NONE,23310,0,D,D,2.70,released,RELEASED
2026-05-18 20:59:48.313,932.8939,,slider,1,0,-47.53,2.22,25.80,ACTIVE,NONE,23320,0,D,D,2.65,PRESSED,FAULT
2026-05-18 20:59:48.699,933.2805,,slider,1,0,31.93,-11.10,-25.10,ACTIVE,NONE,23330,0,D,D,2.25,PRESSED,FAULT
2026-05-18 20:59:49.100,933.6815,,slider,1,0,70.86,60.90,37.60,ACTIVE,NONE,23340,0,D,D,1.75,PRESSED,FAULT
2026-05-18 20:59:49.501,934.0822,,slider,1,0,0.00,42.30,60.20,ACTIVE,NONE,23350,0,D,D,1.25,PRESSED,FAULT
2026-05-18 20:59:49.900,934.4818,,slider,1,0,-11.00,-20.27,-5.20,ACTIVE,NONE,23360,0,D,D,1.15,PRESSED,FAULT
2026-05-18 20:59:50.301,934.8824,,slider,1,0,0.00,-1.14,-5.30,ACTIVE,NONE,23370,0,D,D,0.95,PRESSED,FAULT
2026-05-18 20:59:50.701,935.2828,,slider,1,0,0.00,-0.06,-0.40,ACTIVE,NONE,23380,0,D,D,0.70,PRESSED,FAULT
2026-05-18 20:59:51.101,935.6826,,slider,1,0,0.00,-0.00,0.00,ACTIVE,NONE,23390,0,D,D,0.40,released,RELEASED
2026-05-18 20:59:51.501,936.0829,,slider,1,0,0.00,-0.00,0.00,ACTIVE,NONE,23400,0,D,D,0.30,PRESSED,FAULT
2026-05-18 20:59:51.901,936.4826,,slider,1,0,0.00,-0.00,0.00,ACTIVE,NONE,23410,0,D,D,0.15,PRESSED,FAULT
2026-05-18 20:59:52.301,936.8828,,slider,1,0,0.00,-0.00,0.00,ACTIVE,NONE,23420,0,D,D,-0.10,PRESSED,FAULT
2026-05-18 20:59:52.702,937.2829,,slider,1,0,0.00,-0.00,0.00,ACTIVE,NONE,23430,0,D,D,-0.05,PRESSED,FAULT
2026-05-18 20:59:53.102,937.6829,,slider,1,0,0.00,-0.00,0.00,ACTIVE,NONE,23440,0,D,D,-0.05,PRESSED,FAULT
2026-05-18 20:59:53.502,938.0830,,slider,1,0,0.00,-0.00,0.00,ACTIVE,NONE,23450,0,D,D,0.00,PRESSED,FAULT
2026-05-18 20:59:53.901,938.4827,,slider,1,0,0.00,-0.00,0.00,ACTIVE,NONE,23460,0,D,D,0.00,PRESSED,FAULT
2026-05-18 20:59:54.301,938.8828,,slider,1,0,0.00,-0.00,0.00,ACTIVE,NONE,23470,0,D,D,0.00,PRESSED,FAULT
2026-05-18 20:59:54.702,939.2833,,slider,1,0,0.00,-0.00,0.00,ACTIVE,NONE,23480,0,D,D,0.00,PRESSED,FAULT
2026-05-18 20:59:55.101,939.6828,,slider,1,0,0.00,-0.00,0.00,ACTIVE,NONE,23490,0,D,D,0.00,PRESSED,FAULT
2026-05-18 20:59:55.501,940.0828,,slider,1,0,0.00,-0.00,0.00,ACTIVE,NONE,23500,0,D,D,0.00,PRESSED,FAULT
2026-05-18 20:59:55.902,940.4828,,slider,1,0,0.00,-0.00,0.00,ACTIVE,NONE,23510,0,D,D,0.00,PRESSED,FAULT
2026-05-18 20:59:56.302,940.8833,,slider,1,0,0.00,-0.00,0.00,ACTIVE,NONE,23520,0,D,D,0.00,PRESSED,FAULT
2026-05-18 20:59:56.702,941.2834,,slider,1,0,0.00,-0.00,0.00,ACTIVE,NONE,23530,0,D,D,0.00,PRESSED,FAULT
2026-05-18 20:59:57.102,941.6831,,slider,1,0,0.00,-0.00,0.00,ACTIVE,NONE,23540,0,D,D,0.00,PRESSED,FAULT
2026-05-18 20:59:57.502,942.0833,,slider,1,0,0.00,-0.00,0.00,ACTIVE,NONE,23550,0,D,D,0.00,PRESSED,FAULT
2026-05-18 20:59:57.902,942.4835,,slider,1,0,0.00,-0.00,0.00,ACTIVE,NONE,23560,0,D,D,0.00,PRESSED,FAULT
2026-05-18 20:59:58.302,942.8833,,slider,1,0,0.00,-0.00,0.00,ACTIVE,NONE,23570,0,D,D,0.00,PRESSED,FAULT
2026-05-18 20:59:58.702,943.2832,,slider,1,0,0.00,-0.00,0.00,ACTIVE,NONE,23580,0,D,D,0.00,PRESSED,FAULT
2026-05-18 20:59:59.102,943.6831,,slider,1,0,0.00,-0.00,0.00,ACTIVE,NONE,23590,0,D,D,0.00,PRESSED,FAULT
2026-05-18 20:59:59.502,944.0834,,slider,1,0,0.00,-0.00,0.00,ACTIVE,NONE,23600,0,D,D,0.00,PRESSED,FAULT
2026-05-18 20:59:59.902,944.4835,,slider,1,0,0.00,-0.00,0.00,ACTIVE,NONE,23610,0,D,D,0.00,PRESSED,FAULT
2026-05-18 21:00:00.302,944.8834,,slider,1,0,0.00,-0.00,0.00,ACTIVE,NONE,23620,0,D,D,0.00,PRESSED,FAULT
2026-05-18 21:00:00.702,945.2832,,slider,1,0,0.00,-0.00,0.00,ACTIVE,NONE,23630,0,D,D,0.00,PRESSED,FAULT
2026-05-18 21:00:01.102,945.6833,,slider,1,0,0.00,-0.00,0.00,ACTIVE,NONE,23640,0,D,D,0.00,PRESSED,FAULT
2026-05-18 21:00:01.502,946.0835,,slider,1,0,0.00,-0.00,0.00,ACTIVE,NONE,23650,0,D,D,0.00,PRESSED,FAULT
2026-05-18 21:00:01.902,946.4833,,slider,1,0,0.00,-0.00,0.00,ACTIVE,NONE,23660,0,D,D,0.00,PRESSED,FAULT
2026-05-18 21:00:02.302,946.8833,,slider,1,0,0.00,-0.00,0.00,ACTIVE,NONE,23670,0,D,D,0.00,PRESSED,FAULT
2026-05-18 21:00:02.703,947.2838,,slider,1,0,0.00,-0.00,0.00,ACTIVE,NONE,23680,0,D,D,0.05,PRESSED,FAULT
2026-05-18 21:00:03.102,947.6837,,slider,1,0,0.00,-0.00,0.00,ACTIVE,NONE,23690,0,D,D,0.05,PRESSED,FAULT
2026-05-18 21:00:03.503,948.0837,,slider,1,0,0.00,-0.00,0.00,ACTIVE,NONE,23700,0,D,D,0.00,PRESSED,FAULT
2026-05-18 21:00:03.902,948.4835,,slider,1,0,0.00,-0.00,0.00,ACTIVE,NONE,23710,0,D,D,0.00,PRESSED,FAULT
2026-05-18 21:00:04.303,948.8839,,slider,1,0,0.00,-0.00,0.00,ACTIVE,NONE,23720,0,D,D,0.00,PRESSED,FAULT
2026-05-18 21:00:04.703,949.2841,,slider,1,0,0.00,-0.00,0.00,ACTIVE,NONE,23730,0,D,D,0.00,PRESSED,FAULT
2026-05-18 21:00:05.102,949.6836,,slider,1,0,0.00,-0.00,0.00,ACTIVE,NONE,23740,0,D,D,0.00,PRESSED,FAULT
2026-05-18 21:00:05.502,950.0835,,slider,1,0,0.00,-0.00,0.00,ACTIVE,NONE,23750,0,D,D,0.00,PRESSED,FAULT
2026-05-18 21:00:05.902,950.4837,,slider,1,0,0.00,-0.00,0.00,ACTIVE,NONE,23760,0,D,D,0.00,PRESSED,FAULT
2026-05-18 21:00:06.303,950.8837,,slider,1,0,0.00,-0.00,0.00,ACTIVE,NONE,23770,0,D,D,0.00,PRESSED,FAULT
2026-05-18 21:00:06.703,951.2841,,slider,1,0,0.00,-0.00,0.00,ACTIVE,NONE,23780,0,D,D,0.00,PRESSED,FAULT
2026-05-18 21:00:07.102,951.6836,,slider,1,0,0.00,-0.00,0.00,ACTIVE,NONE,23790,0,D,D,0.00,PRESSED,FAULT
2026-05-18 21:00:07.502,952.0837,,slider,1,0,0.00,-0.00,0.00,ACTIVE,NONE,23800,0,D,D,0.00,PRESSED,FAULT
2026-05-18 21:00:07.903,952.4838,,slider,1,0,0.00,-0.00,0.00,ACTIVE,NONE,23810,0,D,D,0.00,PRESSED,FAULT
2026-05-18 21:00:08.303,952.8842,,slider,1,0,0.00,-0.00,0.00,ACTIVE,NONE,23820,0,D,D,0.00,PRESSED,FAULT
2026-05-18 21:00:08.703,953.2843,,slider,1,0,0.00,-0.00,0.00,ACTIVE,NONE,23830,0,D,D,0.00,PRESSED,FAULT
2026-05-18 21:00:09.103,953.6840,,slider,1,0,0.00,-0.00,0.00,ACTIVE,NONE,23840,0,D,D,0.00,PRESSED,FAULT
2026-05-18 21:00:09.503,954.0842,,slider,1,0,0.00,-0.00,0.00,ACTIVE,NONE,23850,0,D,D,0.00,PRESSED,FAULT
2026-05-18 21:00:09.903,954.4840,,slider,1,0,0.00,-0.00,0.00,ACTIVE,NONE,23860,0,D,D,0.00,PRESSED,FAULT
2026-05-18 21:00:10.303,954.8841,,slider,1,0,0.00,-0.00,0.00,ACTIVE,NONE,23870,0,D,D,0.00,PRESSED,FAULT
2026-05-18 21:00:10.704,955.2847,,slider,1,0,0.00,-0.00,0.00,ACTIVE,NONE,23880,0,D,D,0.00,PRESSED,FAULT
2026-05-18 21:00:11.103,955.6846,,slider,1,0,0.00,-0.00,0.00,ACTIVE,NONE,23890,0,D,D,0.00,PRESSED,FAULT
2026-05-18 21:00:11.503,956.0845,,slider,1,0,0.00,-0.00,0.00,ACTIVE,NONE,23900,0,D,D,0.00,PRESSED,FAULT
2026-05-18 21:00:11.910,956.4911,,slider,1,0,0.00,-0.00,0.00,ACTIVE,NONE,23910,0,D,D,0.00,PRESSED,FAULT
2026-05-18 21:00:12.310,956.8908,,slider,1,0,0.00,-0.00,0.00,ACTIVE,NONE,23920,0,D,D,0.00,PRESSED,FAULT
2026-05-18 21:00:12.710,957.2908,,slider,1,0,0.00,-0.00,0.00,ACTIVE,NONE,23930,0,D,D,0.00,PRESSED,FAULT
2026-05-18 21:00:13.110,957.6912,,slider,1,0,0.00,-0.00,0.00,ACTIVE,NONE,23940,0,D,D,0.00,PRESSED,FAULT
2026-05-18 21:00:13.510,958.0910,,slider,1,0,0.00,-0.00,0.00,ACTIVE,NONE,23950,0,D,D,0.00,PRESSED,FAULT
2026-05-18 21:00:13.910,958.4910,,slider,1,0,0.00,-0.00,0.00,ACTIVE,NONE,23960,0,D,D,0.00,PRESSED,FAULT
2026-05-18 21:00:14.310,958.8911,,slider,1,0,0.00,-0.00,0.00,ACTIVE,NONE,23970,0,D,D,0.00,PRESSED,FAULT
2026-05-18 21:00:14.710,959.2911,,slider,1,0,0.00,-0.00,0.00,ACTIVE,NONE,23980,0,D,D,0.00,PRESSED,FAULT
2026-05-18 21:00:15.110,959.6914,,slider,1,0,0.00,-0.00,0.00,ACTIVE,NONE,23990,0,D,D,0.00,PRESSED,FAULT
2026-05-18 21:00:15.510,960.0913,,slider,1,0,0.00,-0.00,0.00,ACTIVE,NONE,24000,0,D,D,0.00,PRESSED,FAULT
2026-05-18 21:00:15.910,960.4915,,slider,1,0,0.00,-0.00,0.00,ACTIVE,NONE,24010,0,D,D,0.00,PRESSED,FAULT
2026-05-18 21:00:16.310,960.8911,,slider,1,0,0.00,-0.00,0.00,ACTIVE,NONE,24020,0,D,D,0.00,PRESSED,FAULT
2026-05-18 21:00:16.710,961.2915,,slider,1,0,0.00,-0.00,0.00,ACTIVE,NONE,24030,0,D,D,0.00,PRESSED,FAULT
2026-05-18 21:00:17.110,961.6915,,slider,1,0,0.00,-0.00,0.00,ACTIVE,NONE,24040,0,D,D,0.00,PRESSED,FAULT
2026-05-18 21:00:17.510,962.0914,,slider,1,0,0.00,-0.00,0.00,ACTIVE,NONE,24050,0,D,D,0.00,PRESSED,FAULT
2026-05-18 21:00:17.911,962.4917,,slider,1,0,0.00,-0.00,0.00,ACTIVE,NONE,24060,0,D,D,0.00,PRESSED,FAULT
2026-05-18 21:00:18.311,962.8915,,slider,1,0,0.00,-0.00,0.00,ACTIVE,NONE,24070,0,D,D,0.00,PRESSED,FAULT
2026-05-18 21:00:18.711,963.2916,,slider,1,0,0.00,-0.00,0.00,ACTIVE,NONE,24080,0,D,D,0.00,PRESSED,FAULT
2026-05-18 21:00:19.111,963.6918,,slider,1,0,0.00,-0.00,0.00,ACTIVE,NONE,24090,0,D,D,0.00,PRESSED,FAULT
2026-05-18 21:00:19.511,964.0917,,slider,1,0,0.00,-0.00,0.00,ACTIVE,NONE,24100,0,D,D,0.00,PRESSED,FAULT
2026-05-18 21:00:19.911,964.4916,,slider,1,0,0.00,-0.00,0.00,ACTIVE,NONE,24110,0,D,D,0.00,PRESSED,FAULT
2026-05-18 21:00:20.316,964.8974,,slider,1,0,88.95,31.70,9.30,ACTIVE,NONE,24120,0,D,D,0.00,PRESSED,FAULT
2026-05-18 21:00:20.702,965.2829,,slider,1,0,98.53,99.30,75.70,ACTIVE,NONE,24130,0,D,D,0.00,PRESSED,FAULT
2026-05-18 21:00:21.102,965.6826,,slider,1,0,0.00,36.00,60.30,ACTIVE,NONE,24140,0,D,D,0.00,PRESSED,FAULT
2026-05-18 21:00:21.502,966.0826,,slider,1,0,0.00,1.50,10.40,ACTIVE,NONE,24150,0,D,D,0.00,PRESSED,FAULT
2026-05-18 21:00:21.902,966.4828,,slider,1,0,50.74,41.81,24.50,ACTIVE,NONE,24160,0,D,D,0.00,PRESSED,FAULT
2026-05-18 21:00:22.307,966.8879,,slider,1,0,31.93,39.86,44.20,ACTIVE,NONE,24170,0,D,D,0.00,PRESSED,FAULT
2026-05-18 21:00:22.711,967.2923,,slider,1,0,0.00,17.12,30.40,ACTIVE,NONE,24180,0,D,D,0.00,PRESSED,FAULT
2026-05-18 21:00:23.111,967.6921,,slider,1,0,-25.87,-5.76,6.10,ACTIVE,NONE,24190,0,D,D,0.00,PRESSED,FAULT
2026-05-18 21:00:23.514,968.0947,,slider,1,0,0.00,-22.99,-35.90,ACTIVE,NONE,24200,0,D,D,0.00,PRESSED,FAULT
2026-05-18 21:00:23.917,968.4982,,slider,1,0,0.00,-0.96,-7.00,ACTIVE,NONE,24210,0,D,D,0.00,PRESSED,FAULT
2026-05-18 21:00:24.303,968.8841,,slider,1,0,39.64,29.42,15.70,ACTIVE,NONE,24220,0,D,D,0.00,PRESSED,FAULT
2026-05-18 21:00:24.703,969.2840,,slider,1,0,53.99,48.05,40.30,ACTIVE,NONE,24230,0,D,D,0.00,PRESSED,FAULT
2026-05-18 21:00:25.104,969.6846,,slider,1,0,0.00,11.93,29.60,ACTIVE,NONE,24240,0,D,D,0.00,PRESSED,FAULT
2026-05-18 21:00:25.503,970.0843,,slider,1,0,36.54,22.28,10.70,ACTIVE,NONE,24250,0,D,D,0.00,PRESSED,FAULT
2026-05-18 21:00:25.907,970.4882,,slider,1,0,45.94,42.96,35.60,ACTIVE,NONE,24260,0,D,D,0.00,PRESSED,FAULT
2026-05-18 21:00:26.307,970.8883,,slider,1,0,9.53,45.58,50.50,ACTIVE,NONE,24270,0,D,D,0.00,PRESSED,FAULT
2026-05-18 21:00:26.710,971.2908,,slider,1,0,0.00,2.29,13.90,ACTIVE,NONE,24280,0,D,D,0.00,PRESSED,FAULT
2026-05-18 21:00:27.110,971.6910,,slider,1,0,18.39,10.86,4.10,ACTIVE,NONE,24290,0,D,D,0.00,PRESSED,FAULT
2026-05-18 21:00:27.510,972.0910,,slider,1,0,28.89,25.14,18.60,ACTIVE,NONE,24300,0,D,D,0.00,PRESSED,FAULT
2026-05-18 21:00:27.910,972.4911,,slider,1,0,21.37,35.34,32.10,ACTIVE,NONE,24310,0,D,D,0.00,PRESSED,FAULT
2026-05-18 21:00:28.314,972.8946,,slider,1,0,-8.06,1.90,12.60,ACTIVE,NONE,24320,0,D,D,0.00,PRESSED,FAULT
2026-05-18 21:00:28.714,973.2945,,slider,1,0,-77.93,-56.48,-30.70,ACTIVE,NONE,24330,0,D,D,0.00,PRESSED,FAULT
2026-05-18 21:00:29.114,973.6945,,slider,1,0,-58.94,-80.86,-76.80,ACTIVE,NONE,24340,0,D,D,0.00,PRESSED,FAULT
2026-05-18 21:00:29.500,974.0813,,slider,1,0,16.91,-15.28,-40.60,ACTIVE,NONE,24350,0,D,D,0.00,PRESSED,FAULT
2026-05-18 21:00:29.904,974.4852,,slider,1,0,0.00,6.06,7.10,ACTIVE,NONE,24360,0,D,D,0.00,PRESSED,FAULT
2026-05-18 21:00:30.304,974.8852,,slider,1,0,0.00,-0.02,1.50,ACTIVE,NONE,24370,0,D,D,0.00,PRESSED,FAULT
2026-05-18 21:00:30.705,975.2853,,slider,1,0,0.00,-0.00,0.20,ACTIVE,NONE,24380,0,D,D,0.00,PRESSED,FAULT
2026-05-18 21:00:31.104,975.6852,,slider,1,0,0.00,-0.00,0.00,ACTIVE,NONE,24390,0,D,D,0.00,PRESSED,FAULT
2026-05-18 21:00:31.505,976.0856,,slider,1,0,0.00,-0.00,-0.10,ACTIVE,NONE,24400,0,D,D,0.00,PRESSED,FAULT
2026-05-18 21:00:31.904,976.4853,,slider,1,0,0.00,-0.00,-0.10,ACTIVE,NONE,24410,0,D,D,0.00,PRESSED,FAULT
2026-05-18 21:00:32.305,976.8857,,slider,1,0,0.00,-0.00,-0.10,ACTIVE,NONE,24420,0,D,D,0.00,PRESSED,FAULT
2026-05-18 21:00:32.705,977.2863,,slider,1,0,0.00,-0.00,-0.10,ACTIVE,NONE,24430,0,D,D,0.00,PRESSED,FAULT
2026-05-18 21:00:33.105,977.6860,,slider,1,0,0.00,-0.00,-0.10,ACTIVE,NONE,24440,0,D,D,0.00,PRESSED,FAULT
2026-05-18 21:00:33.505,978.0858,,slider,1,0,0.00,-0.00,-0.10,ACTIVE,NONE,24450,0,D,D,0.00,PRESSED,FAULT
2026-05-18 21:00:33.905,978.4859,,slider,1,0,0.00,-0.00,-0.10,ACTIVE,NONE,24460,0,D,D,0.00,PRESSED,FAULT
2026-05-18 21:00:34.305,978.8859,,slider,1,0,0.00,-0.00,-0.10,ACTIVE,NONE,24470,0,D,D,0.00,PRESSED,FAULT
2026-05-18 21:00:34.705,979.2858,,slider,1,0,0.00,-0.00,-0.10,ACTIVE,NONE,24480,0,D,D,0.00,PRESSED,FAULT
2026-05-18 21:00:35.105,979.6855,,slider,1,0,0.00,-0.00,-0.10,ACTIVE,NONE,24490,0,D,D,0.00,PRESSED,FAULT
2026-05-18 21:00:35.505,980.0857,,slider,1,0,0.00,-0.00,-0.10,ACTIVE,NONE,24500,0,D,D,0.00,PRESSED,FAULT
2026-05-18 21:00:35.905,980.4859,,slider,1,0,0.00,-0.00,-0.10,ACTIVE,NONE,24510,0,D,D,0.00,PRESSED,FAULT
2026-05-18 21:00:36.305,980.8861,,slider,1,0,0.00,-0.00,0.00,ACTIVE,NONE,24520,0,D,D,0.00,PRESSED,FAULT
2026-05-18 21:00:36.705,981.2862,,slider,1,0,0.00,-0.00,0.00,ACTIVE,NONE,24530,0,D,D,0.00,PRESSED,FAULT
2026-05-18 21:00:37.105,981.6862,,slider,1,0,0.00,-0.00,0.00,ACTIVE,NONE,24540,0,D,D,0.00,PRESSED,FAULT
2026-05-18 21:00:37.505,982.0859,,slider,1,0,0.00,-0.00,0.00,ACTIVE,NONE,24550,0,D,D,0.00,PRESSED,FAULT
2026-05-18 21:00:37.906,982.4863,,slider,1,0,0.00,-0.00,0.00,ACTIVE,NONE,24560,0,D,D,0.00,PRESSED,FAULT
2026-05-18 21:00:38.305,982.8859,,slider,1,0,0.00,-0.00,0.00,ACTIVE,NONE,24570,0,D,D,0.00,PRESSED,FAULT
2026-05-18 21:00:38.705,983.2859,,slider,1,0,0.00,-0.00,0.00,ACTIVE,NONE,24580,0,D,D,0.00,PRESSED,FAULT
2026-05-18 21:00:39.105,983.6860,,slider,1,0,0.00,-0.00,0.00,ACTIVE,NONE,24590,0,D,D,0.00,PRESSED,FAULT
2026-05-18 21:00:39.506,984.0864,,slider,1,0,0.00,-0.00,0.00,ACTIVE,NONE,24600,0,D,D,0.00,PRESSED,FAULT
2026-05-18 21:00:39.905,984.4860,,slider,1,0,0.00,-0.00,0.00,ACTIVE,NONE,24610,0,D,D,0.00,PRESSED,FAULT
2026-05-18 21:00:40.306,984.8865,,slider,1,0,0.00,-0.00,0.00,ACTIVE,NONE,24620,0,D,D,0.00,PRESSED,FAULT
2026-05-18 21:00:40.706,985.2864,,slider,1,0,0.00,-0.00,0.00,ACTIVE,NONE,24630,0,D,D,0.00,PRESSED,FAULT
2026-05-18 21:00:41.105,985.6859,,slider,1,0,0.00,-0.00,0.00,ACTIVE,NONE,24640,0,D,D,0.00,PRESSED,FAULT
2026-05-18 21:00:41.505,986.0861,,slider,1,0,0.00,-0.00,0.00,ACTIVE,NONE,24650,0,D,D,0.00,PRESSED,FAULT
2026-05-18 21:00:41.906,986.4867,,slider,1,0,0.00,-0.00,0.00,ACTIVE,NONE,24660,0,D,D,0.00,PRESSED,FAULT
2026-05-18 21:00:42.306,986.8865,,slider,1,0,0.00,-0.00,0.00,ACTIVE,NONE,24670,0,D,D,0.00,PRESSED,FAULT
2026-05-18 21:00:42.706,987.2866,,slider,1,0,0.00,-0.00,0.00,ACTIVE,NONE,24680,0,D,D,0.00,PRESSED,FAULT
2026-05-18 21:00:43.106,987.6864,,slider,1,0,85.22,25.24,6.50,ACTIVE,NONE,24690,0,D,D,0.00,PRESSED,FAULT
2026-05-18 21:00:43.506,988.0866,,slider,1,0,57.28,74.79,67.30,ACTIVE,NONE,24700,0,D,D,0.00,PRESSED,FAULT
2026-05-18 21:00:43.906,988.4870,,slider,1,0,0.00,6.54,29.90,ACTIVE,NONE,24710,0,D,D,0.00,PRESSED,FAULT
2026-05-18 21:00:44.311,988.8921,,slider,1,0,-42.77,-22.52,-3.00,ACTIVE,NONE,24720,0,D,D,0.00,PRESSED,FAULT
2026-05-18 21:00:44.716,989.2970,,slider,1,0,-38.09,-55.63,-49.90,ACTIVE,NONE,24730,0,D,D,0.00,PRESSED,FAULT
2026-05-18 21:00:45.116,989.6969,,slider,1,0,28.89,9.79,-14.40,ACTIVE,NONE,24740,0,D,D,0.00,PRESSED,FAULT
2026-05-18 21:00:45.500,990.0805,,slider,1,0,62.29,52.75,38.00,ACTIVE,NONE,24750,0,D,D,0.00,PRESSED,FAULT
2026-05-18 21:00:45.903,990.4832,,slider,1,0,-36.54,19.82,41.40,ACTIVE,NONE,24760,0,D,D,0.00,PRESSED,FAULT
2026-05-18 21:00:46.303,990.8832,,slider,1,0,-79.73,-52.18,-24.50,ACTIVE,NONE,24770,0,D,D,0.00,PRESSED,FAULT
2026-05-18 21:00:46.703,991.2838,,slider,1,0,0.00,-55.54,-69.20,ACTIVE,NONE,24780,0,D,D,0.00,PRESSED,FAULT
2026-05-18 21:00:47.103,991.6841,,slider,1,0,70.86,16.46,-10.30,ACTIVE,NONE,24790,0,D,D,0.00,PRESSED,FAULT
2026-05-18 21:00:47.514,992.0947,,slider,1,0,0.00,6.68,18.70,ACTIVE,NONE,24800,0,D,D,0.00,PRESSED,FAULT
2026-05-18 21:00:47.901,992.4814,,slider,1,0,0.00,0.38,3.20,ACTIVE,NONE,24810,0,D,D,0.00,PRESSED,FAULT
2026-05-18 21:00:48.301,992.8813,,slider,1,0,0.00,0.02,0.50,ACTIVE,NONE,24820,0,D,D,0.00,PRESSED,FAULT
2026-05-18 21:00:48.701,993.2816,,slider,1,0,0.00,0.00,0.00,ACTIVE,NONE,24830,0,D,D,0.00,PRESSED,FAULT
2026-05-18 21:00:49.100,993.6809,,slider,1,0,0.00,0.00,-0.10,ACTIVE,NONE,24840,0,D,D,0.00,PRESSED,FAULT
2026-05-18 21:00:49.501,994.0813,,slider,1,0,0.00,0.00,-0.10,ACTIVE,NONE,24850,0,D,D,0.00,PRESSED,FAULT
2026-05-18 21:00:49.901,994.4812,,slider,1,0,0.00,0.00,-0.10,ACTIVE,NONE,24860,0,D,D,0.00,PRESSED,FAULT
2026-05-18 21:00:50.301,994.8812,,slider,1,0,0.00,0.00,-0.10,ACTIVE,NONE,24870,0,D,D,0.00,PRESSED,FAULT
2026-05-18 21:00:50.701,995.2816,,slider,1,0,0.00,0.00,-0.10,ACTIVE,NONE,24880,0,D,D,0.00,PRESSED,FAULT
2026-05-18 21:00:51.101,995.6816,,slider,1,0,0.00,0.00,0.00,ACTIVE,NONE,24890,0,D,D,0.00,PRESSED,FAULT
2026-05-18 21:00:51.501,996.0814,,slider,1,0,0.00,0.00,0.00,ACTIVE,NONE,24900,0,D,D,0.00,PRESSED,FAULT
2026-05-18 21:00:51.901,996.4815,,slider,1,0,0.00,0.00,0.00,ACTIVE,NONE,24910,0,D,D,0.00,PRESSED,FAULT
2026-05-18 21:00:52.301,996.8817,,slider,1,0,0.00,0.00,0.00,ACTIVE,NONE,24920,0,D,D,0.00,PRESSED,FAULT
2026-05-18 21:00:52.701,997.2817,,slider,1,0,0.00,0.00,0.00,ACTIVE,NONE,24930,0,D,D,0.00,PRESSED,FAULT
2026-05-18 21:00:53.101,997.6816,,slider,1,0,0.00,0.00,0.00,ACTIVE,NONE,24940,0,D,D,0.00,PRESSED,FAULT
2026-05-18 21:00:53.501,998.0817,,slider,1,0,0.00,0.00,0.00,ACTIVE,NONE,24950,0,D,D,0.00,PRESSED,FAULT
2026-05-18 21:00:53.901,998.4815,,slider,1,0,0.00,0.00,0.00,ACTIVE,NONE,24960,0,D,D,0.00,PRESSED,FAULT
2026-05-18 21:00:54.301,998.8819,,slider,1,0,0.00,0.00,0.00,ACTIVE,NONE,24970,0,D,D,0.00,PRESSED,FAULT
2026-05-18 21:00:54.701,999.2817,,slider,1,0,0.00,0.00,0.00,ACTIVE,NONE,24980,0,D,D,0.00,PRESSED,FAULT
2026-05-18 21:00:55.101,999.6817,,slider,1,0,0.00,0.00,0.00,ACTIVE,NONE,24990,0,D,D,0.00,PRESSED,FAULT
2026-05-18 21:00:55.501,1000.0818,,slider,1,0,0.00,0.00,0.00,ACTIVE,NONE,25000,0,D,D,0.00,PRESSED,FAULT
2026-05-18 21:00:55.901,1000.4819,,slider,1,0,0.00,0.00,0.00,ACTIVE,NONE,25010,0,D,D,0.00,PRESSED,FAULT
2026-05-18 21:00:56.301,1000.8820,,slider,1,0,0.00,0.00,0.00,ACTIVE,NONE,25020,0,D,D,0.00,PRESSED,FAULT
2026-05-18 21:00:56.701,1001.2814,,slider,1,0,0.00,0.00,0.00,ACTIVE,NONE,25030,0,D,D,0.00,PRESSED,FAULT
2026-05-18 21:00:57.102,1001.6820,,slider,1,0,0.00,0.00,0.00,ACTIVE,NONE,25040,0,D,D,0.00,PRESSED,FAULT
2026-05-18 21:00:57.501,1002.0816,,slider,1,0,0.00,0.00,0.00,ACTIVE,NONE,25050,0,D,D,0.00,PRESSED,FAULT
2026-05-18 21:00:57.902,1002.4822,,slider,1,0,0.00,0.00,0.00,ACTIVE,NONE,25060,0,D,D,0.00,PRESSED,FAULT
2026-05-18 21:00:58.302,1002.8821,,slider,1,0,0.00,0.00,0.00,ACTIVE,NONE,25070,0,D,D,0.00,PRESSED,FAULT
2026-05-18 21:00:58.701,1003.2819,,slider,1,0,0.00,0.00,0.00,ACTIVE,NONE,25080,0,D,D,0.00,PRESSED,FAULT
2026-05-18 21:00:59.101,1003.6819,,slider,1,0,0.00,0.00,0.00,ACTIVE,NONE,25090,0,D,D,0.00,PRESSED,FAULT
2026-05-18 21:00:59.502,1004.0822,,slider,1,0,0.00,0.00,0.00,ACTIVE,NONE,25100,0,D,D,0.00,PRESSED,FAULT
2026-05-18 21:00:59.901,1004.4818,,slider,1,0,0.00,0.00,0.00,ACTIVE,NONE,25110,0,D,D,0.00,PRESSED,FAULT
2026-05-18 21:01:00.301,1004.8819,,slider,1,0,0.00,0.00,0.00,ACTIVE,NONE,25120,0,D,D,0.00,PRESSED,FAULT
2026-05-18 21:01:00.702,1005.2823,,slider,1,0,0.00,0.00,0.00,ACTIVE,NONE,25130,0,D,D,0.00,PRESSED,FAULT
2026-05-18 21:01:01.102,1005.6820,,slider,1,0,0.00,0.00,0.00,ACTIVE,NONE,25140,0,D,D,0.00,PRESSED,FAULT
2026-05-18 21:01:01.502,1006.0821,,slider,1,0,0.00,0.00,0.00,ACTIVE,NONE,25150,0,D,D,0.00,PRESSED,FAULT
2026-05-18 21:01:01.902,1006.4820,,slider,1,0,0.00,0.00,0.00,ACTIVE,NONE,25160,0,D,D,0.00,PRESSED,FAULT
2026-05-18 21:01:02.301,1006.8819,,slider,1,0,0.00,0.00,0.00,ACTIVE,NONE,25170,0,D,D,0.00,PRESSED,FAULT
2026-05-18 21:01:02.702,1007.2822,,slider,1,0,0.00,0.00,0.00,ACTIVE,NONE,25180,0,D,D,0.00,PRESSED,FAULT
2026-05-18 21:01:03.102,1007.6823,,slider,1,0,9.53,1.81,0.00,ACTIVE,NONE,25190,0,D,D,-0.25,PRESSED,FAULT
2026-05-18 21:01:03.505,1008.0856,,slider,1,0,0.00,3.17,5.90,ACTIVE,NONE,25200,0,D,D,0.00,PRESSED,FAULT
2026-05-18 21:01:03.905,1008.4858,,slider,1,0,0.00,0.21,1.60,ACTIVE,NONE,25210,0,D,D,0.05,PRESSED,FAULT
2026-05-18 21:01:04.305,1008.8856,,slider,1,0,0.00,0.01,0.30,ACTIVE,NONE,25220,0,D,D,0.00,PRESSED,FAULT
2026-05-18 21:01:04.706,1009.2860,,slider,1,0,0.00,0.00,-0.10,ACTIVE,NONE,25230,0,D,D,0.20,released,RELEASED
2026-05-18 21:01:05.105,1009.6856,,slider,1,0,0.00,0.00,-0.10,ACTIVE,NONE,25240,0,D,D,0.40,released,RELEASED
2026-05-18 21:01:05.505,1010.0858,,slider,1,0,0.00,0.00,-0.10,ACTIVE,NONE,25250,0,D,D,0.50,released,RELEASED
2026-05-18 21:01:05.905,1010.4858,,slider,1,0,0.00,0.00,-0.10,ACTIVE,NONE,25260,0,D,D,0.60,released,RELEASED
2026-05-18 21:01:06.305,1010.8855,,slider,1,0,0.00,0.00,-0.10,ACTIVE,NONE,25270,0,D,D,0.85,released,RELEASED
2026-05-18 21:01:06.706,1011.2859,,slider,1,0,0.00,0.00,0.00,ACTIVE,NONE,25280,0,D,D,1.05,released,RELEASED
2026-05-18 21:01:07.106,1011.6859,,slider,1,0,0.00,0.00,0.00,ACTIVE,NONE,25290,0,D,D,1.00,released,RELEASED
2026-05-18 21:01:07.505,1012.0858,,slider,1,0,0.00,0.00,0.00,ACTIVE,NONE,25300,0,D,D,0.95,released,RELEASED
2026-05-18 21:01:07.905,1012.4857,,slider,1,0,0.00,0.00,0.00,ACTIVE,NONE,25310,0,D,D,1.05,released,RELEASED
2026-05-18 21:01:08.306,1012.8859,,slider,1,0,0.00,0.00,0.00,ACTIVE,NONE,25320,0,D,D,1.10,released,RELEASED
2026-05-18 21:01:08.711,1013.2917,,slider,1,0,0.00,4.18,7.20,ACTIVE,NONE,25330,0,D,D,0.80,released,RELEASED
2026-05-18 21:01:09.115,1013.6952,,slider,1,0,0.00,0.21,1.60,ACTIVE,NONE,25340,0,D,D,0.35,PRESSED,FAULT
2026-05-18 21:01:09.515,1014.0954,,slider,1,0,0.00,0.01,0.00,ACTIVE,NONE,25350,0,D,D,0.00,PRESSED,FAULT
2026-05-18 21:01:09.915,1014.4952,,slider,1,0,0.00,0.00,-0.10,ACTIVE,NONE,25360,0,D,D,0.05,PRESSED,FAULT
2026-05-18 21:01:10.315,1014.8952,,slider,1,0,0.00,0.00,-0.10,ACTIVE,NONE,25370,0,D,D,0.05,PRESSED,FAULT
2026-05-18 21:01:10.715,1015.2953,,slider,1,0,0.00,0.00,-0.10,ACTIVE,NONE,25380,0,D,D,0.00,PRESSED,FAULT
2026-05-18 21:01:11.115,1015.6955,,slider,1,0,0.00,0.00,-0.10,ACTIVE,NONE,25390,0,D,D,0.00,PRESSED,FAULT
2026-05-18 21:01:11.515,1016.0955,,slider,1,0,0.00,0.00,-0.10,ACTIVE,NONE,25400,0,D,D,0.00,PRESSED,FAULT
2026-05-18 21:01:11.915,1016.4954,,slider,1,0,0.00,0.00,-0.10,ACTIVE,NONE,25410,0,D,D,0.00,PRESSED,FAULT
2026-05-18 21:01:12.315,1016.8954,,slider,1,0,0.00,0.00,-0.10,ACTIVE,NONE,25420,0,D,D,0.00,PRESSED,FAULT
2026-05-18 21:01:12.717,1017.2969,,slider,1,0,0.00,0.00,0.00,ACTIVE,NONE,25430,0,D,D,0.00,PRESSED,FAULT
2026-05-18 21:01:13.117,1017.6970,,slider,1,0,0.00,0.00,0.00,ACTIVE,NONE,25440,0,D,D,0.00,PRESSED,FAULT
2026-05-18 21:01:13.517,1018.0970,,slider,1,0,0.00,0.00,0.00,ACTIVE,NONE,25450,0,D,D,0.00,PRESSED,FAULT
2026-05-18 21:01:13.917,1018.4970,,slider,1,0,0.00,0.00,0.00,ACTIVE,NONE,25460,0,D,D,0.00,PRESSED,FAULT
2026-05-18 21:01:14.317,1018.8971,,slider,1,0,0.00,0.00,0.00,ACTIVE,NONE,25470,0,D,D,0.00,PRESSED,FAULT
2026-05-18 21:01:14.717,1019.2971,,slider,1,0,0.00,0.00,0.00,ACTIVE,NONE,25480,0,D,D,0.00,PRESSED,FAULT
2026-05-18 21:01:15.117,1019.6971,,slider,1,0,0.00,0.00,0.00,ACTIVE,NONE,25490,0,D,D,0.00,PRESSED,FAULT
2026-05-18 21:01:15.517,1020.0972,,slider,1,0,0.00,0.00,0.00,ACTIVE,NONE,25500,0,D,D,0.00,PRESSED,FAULT
2026-05-18 21:01:15.917,1020.4972,,slider,1,0,0.00,0.00,0.00,ACTIVE,NONE,25510,0,D,D,0.00,PRESSED,FAULT
2026-05-18 21:01:16.317,1020.8973,,slider,1,0,0.00,0.00,0.00,ACTIVE,NONE,25520,0,D,D,0.00,PRESSED,FAULT
2026-05-18 21:01:16.702,1021.2825,,slider,1,0,0.00,0.00,0.00,ACTIVE,NONE,25530,0,D,D,0.00,PRESSED,FAULT
2026-05-18 21:01:17.102,1021.6822,,slider,1,0,0.00,0.00,0.00,ACTIVE,NONE,25540,0,D,D,0.00,PRESSED,FAULT
2026-05-18 21:01:17.502,1022.0822,,slider,1,0,0.00,0.00,0.00,ACTIVE,NONE,25550,0,D,D,0.00,PRESSED,FAULT
2026-05-18 21:01:17.902,1022.4821,,slider,1,0,0.00,0.00,0.00,ACTIVE,NONE,25560,0,D,D,0.00,PRESSED,FAULT
2026-05-18 21:01:18.302,1022.8822,,slider,1,0,0.00,0.00,0.00,ACTIVE,NONE,25570,0,D,D,0.00,PRESSED,FAULT
2026-05-18 21:01:18.703,1023.2830,,slider,1,0,0.00,0.00,0.00,ACTIVE,NONE,25580,0,D,D,0.00,PRESSED,FAULT
2026-05-18 21:01:19.102,1023.6821,,slider,1,0,0.00,0.00,0.00,ACTIVE,NONE,25590,0,D,D,0.00,PRESSED,FAULT
2026-05-18 21:01:19.502,1024.0821,,slider,1,0,0.00,0.00,0.00,ACTIVE,NONE,25600,0,D,D,0.00,PRESSED,FAULT
2026-05-18 21:01:19.902,1024.4824,,slider,1,0,0.00,0.00,0.00,ACTIVE,NONE,25610,0,D,D,0.05,PRESSED,FAULT
2026-05-18 21:01:20.302,1024.8826,,slider,1,0,0.00,0.00,0.00,ACTIVE,NONE,25620,0,D,D,0.00,PRESSED,FAULT
2026-05-18 21:01:20.703,1025.2832,,slider,1,0,0.00,0.00,0.00,ACTIVE,NONE,25630,0,D,D,0.00,PRESSED,FAULT
2026-05-18 21:01:21.102,1025.6824,,slider,1,0,0.00,0.00,0.00,ACTIVE,NONE,25640,0,D,D,0.00,PRESSED,FAULT
2026-05-18 21:01:21.502,1026.0826,,slider,1,0,0.00,0.00,0.00,ACTIVE,NONE,25650,0,D,D,0.00,PRESSED,FAULT
2026-05-18 21:01:21.902,1026.4823,,slider,1,0,0.00,0.00,0.00,ACTIVE,NONE,25660,0,D,D,0.00,PRESSED,FAULT
2026-05-18 21:01:22.302,1026.8824,,slider,1,0,0.00,0.00,0.00,ACTIVE,NONE,25670,0,D,D,0.00,PRESSED,FAULT
2026-05-18 21:01:22.711,1027.2911,,slider,1,0,0.00,0.00,0.00,ACTIVE,NONE,25680,0,D,D,0.00,PRESSED,FAULT
2026-05-18 21:01:23.111,1027.6909,,slider,1,0,0.00,0.00,0.00,ACTIVE,NONE,25690,0,D,D,0.00,PRESSED,FAULT
2026-05-18 21:01:23.511,1028.0913,,slider,1,0,0.00,0.00,0.00,ACTIVE,NONE,25700,0,D,D,0.00,PRESSED,FAULT
2026-05-18 21:01:23.911,1028.4912,,slider,1,0,0.00,0.00,0.00,ACTIVE,NONE,25710,0,D,D,0.00,PRESSED,FAULT
2026-05-18 21:01:24.311,1028.8911,,slider,1,0,0.00,0.00,0.00,ACTIVE,NONE,25720,0,D,D,0.00,PRESSED,FAULT
2026-05-18 21:01:24.711,1029.2913,,slider,1,0,0.00,0.00,0.00,ACTIVE,NONE,25730,0,D,D,0.00,PRESSED,FAULT
2026-05-18 21:01:25.111,1029.6912,,slider,1,0,0.00,0.00,0.00,ACTIVE,NONE,25740,0,D,D,0.00,PRESSED,FAULT
2026-05-18 21:01:25.511,1030.0915,,slider,1,0,0.00,0.00,0.00,ACTIVE,NONE,25750,0,D,D,0.00,PRESSED,FAULT
2026-05-18 21:01:25.911,1030.4916,,slider,1,0,0.00,0.00,0.00,ACTIVE,NONE,25760,0,D,D,0.00,PRESSED,FAULT
2026-05-18 21:01:26.311,1030.8913,,slider,1,0,0.00,0.00,0.00,ACTIVE,NONE,25770,0,D,D,0.00,PRESSED,FAULT
2026-05-18 21:01:26.712,1031.2917,,slider,1,0,0.00,0.00,0.00,ACTIVE,NONE,25780,0,D,D,0.00,PRESSED,FAULT
2026-05-18 21:01:27.111,1031.6916,,slider,1,0,0.00,0.00,0.00,ACTIVE,NONE,25790,0,D,D,0.00,PRESSED,FAULT
2026-05-18 21:01:27.511,1032.0914,,slider,1,0,0.00,0.00,0.00,ACTIVE,NONE,25800,0,D,D,0.00,PRESSED,FAULT
2026-05-18 21:01:27.911,1032.4914,,slider,1,0,0.00,0.00,0.00,ACTIVE,NONE,25810,0,D,D,0.00,PRESSED,FAULT
2026-05-18 21:01:28.311,1032.8916,,slider,1,0,0.00,0.00,0.00,ACTIVE,NONE,25820,0,D,D,0.00,PRESSED,FAULT
2026-05-18 21:01:28.712,1033.2918,,slider,1,0,0.00,0.00,0.00,ACTIVE,NONE,25830,0,D,D,0.00,PRESSED,FAULT
2026-05-18 21:01:29.111,1033.6914,,slider,1,0,0.00,0.00,0.00,ACTIVE,NONE,25840,0,D,D,0.00,PRESSED,FAULT
2026-05-18 21:01:29.512,1034.0919,,slider,1,0,0.00,0.00,0.00,ACTIVE,NONE,25850,0,D,D,0.00,PRESSED,FAULT
2026-05-18 21:01:29.912,1034.4919,,slider,1,0,0.00,0.00,0.00,ACTIVE,NONE,25860,0,D,D,0.00,PRESSED,FAULT
2026-05-18 21:01:30.312,1034.8917,,slider,1,0,0.00,0.00,0.00,ACTIVE,NONE,25870,0,D,D,0.00,PRESSED,FAULT
2026-05-18 21:01:30.711,1035.2915,,slider,1,0,0.00,0.00,0.00,ACTIVE,NONE,25880,0,D,D,0.00,PRESSED,FAULT
2026-05-18 21:01:31.111,1035.6914,,slider,1,0,0.00,0.00,0.00,ACTIVE,NONE,25890,0,D,D,0.00,PRESSED,FAULT
2026-05-18 21:01:31.512,1036.0917,,slider,1,0,0.00,0.00,0.00,ACTIVE,NONE,25900,0,D,D,0.00,PRESSED,FAULT
2026-05-18 21:01:31.912,1036.4916,,slider,1,0,0.00,0.00,0.00,ACTIVE,NONE,25910,0,D,D,0.00,PRESSED,FAULT
2026-05-18 21:01:32.312,1036.8915,,slider,1,0,0.00,0.00,0.00,ACTIVE,NONE,25920,0,D,D,0.00,PRESSED,FAULT
2026-05-18 21:01:32.712,1037.2917,,slider,1,0,0.00,0.00,0.00,ACTIVE,NONE,25930,0,D,D,0.00,PRESSED,FAULT
2026-05-18 21:01:33.112,1037.6921,,slider,1,0,0.00,0.00,0.00,ACTIVE,NONE,25940,0,D,D,0.00,PRESSED,FAULT
2026-05-18 21:01:33.512,1038.0920,,slider,1,0,0.00,0.00,0.00,ACTIVE,NONE,25950,0,D,D,0.00,PRESSED,FAULT
2026-05-18 21:01:33.912,1038.4920,,slider,1,0,0.00,0.00,0.00,ACTIVE,NONE,25960,0,D,D,0.00,PRESSED,FAULT
2026-05-18 21:01:34.312,1038.8919,,slider,1,0,0.00,0.00,0.00,ACTIVE,NONE,25970,0,D,D,0.00,PRESSED,FAULT
2026-05-18 21:01:34.712,1039.2923,,slider,1,0,0.00,0.00,0.00,ACTIVE,NONE,25980,0,D,D,0.00,PRESSED,FAULT
2026-05-18 21:01:35.112,1039.6920,,slider,1,0,0.00,0.00,0.00,ACTIVE,NONE,25990,0,D,D,0.00,PRESSED,FAULT
2026-05-18 21:01:35.512,1040.0923,,slider,1,0,0.00,0.00,0.00,ACTIVE,NONE,26000,0,D,D,0.00,PRESSED,FAULT
2026-05-18 21:01:35.912,1040.4923,,slider,1,0,0.00,0.00,0.00,ACTIVE,NONE,26010,0,D,D,0.00,PRESSED,FAULT
2026-05-18 21:01:36.312,1040.8923,,slider,1,0,0.00,0.00,0.00,ACTIVE,NONE,26020,0,D,D,0.00,PRESSED,FAULT
2026-05-18 21:01:36.713,1041.2925,,slider,1,0,0.00,0.00,0.00,ACTIVE,NONE,26030,0,D,D,0.00,PRESSED,FAULT
2026-05-18 21:01:37.112,1041.6922,,slider,1,0,0.00,0.00,0.00,ACTIVE,NONE,26040,0,D,D,0.00,PRESSED,FAULT
2026-05-18 21:01:37.512,1042.0923,,slider,1,0,0.00,0.00,0.00,ACTIVE,NONE,26050,0,D,D,0.00,PRESSED,FAULT
2026-05-18 21:01:37.912,1042.4924,,slider,1,0,0.00,0.00,0.00,ACTIVE,NONE,26060,0,D,D,0.00,PRESSED,FAULT
2026-05-18 21:01:38.312,1042.8922,,slider,1,0,0.00,0.00,0.00,ACTIVE,NONE,26070,0,D,D,0.00,PRESSED,FAULT
2026-05-18 21:01:38.713,1043.2930,,slider,1,0,0.00,0.00,0.00,ACTIVE,NONE,26080,0,D,D,0.00,PRESSED,FAULT
2026-05-18 21:01:39.112,1043.6923,,slider,1,0,0.00,0.00,0.00,ACTIVE,NONE,26090,0,D,D,0.00,PRESSED,FAULT
2026-05-18 21:01:39.513,1044.0928,,slider,1,0,0.00,0.00,0.00,ACTIVE,NONE,26100,0,D,D,0.00,PRESSED,FAULT
2026-05-18 21:01:39.913,1044.4929,,slider,1,0,0.00,0.00,0.00,ACTIVE,NONE,26110,0,D,D,0.00,PRESSED,FAULT
2026-05-18 21:01:40.313,1044.8926,,slider,1,0,0.00,0.00,0.00,ACTIVE,NONE,26120,0,D,D,0.00,PRESSED,FAULT
2026-05-18 21:01:40.713,1045.2927,,slider,1,0,0.00,0.00,0.00,ACTIVE,NONE,26130,0,D,D,0.00,PRESSED,FAULT
2026-05-18 21:01:41.113,1045.6927,,slider,1,0,0.00,0.00,0.00,ACTIVE,NONE,26140,0,D,D,0.00,PRESSED,FAULT
2026-05-18 21:01:41.513,1046.0930,,slider,1,0,0.00,0.00,0.00,ACTIVE,NONE,26150,0,D,D,0.00,PRESSED,FAULT
2026-05-18 21:01:41.913,1046.4927,,slider,1,0,0.00,0.00,0.00,ACTIVE,NONE,26160,0,D,D,0.00,PRESSED,FAULT
2026-05-18 21:01:42.313,1046.8926,,slider,1,0,0.00,0.00,0.00,ACTIVE,NONE,26170,0,D,D,0.00,PRESSED,FAULT
2026-05-18 21:01:42.713,1047.2929,,slider,1,0,0.00,0.00,0.00,ACTIVE,NONE,26180,0,D,D,0.00,PRESSED,FAULT
2026-05-18 21:01:43.113,1047.6927,,slider,1,0,0.00,0.00,0.00,ACTIVE,NONE,26190,0,D,D,0.00,PRESSED,FAULT
2026-05-18 21:01:43.513,1048.0929,,slider,1,0,0.00,0.00,0.00,ACTIVE,NONE,26200,0,D,D,0.00,PRESSED,FAULT
2026-05-18 21:01:43.913,1048.4927,,slider,1,0,0.00,0.00,0.00,ACTIVE,NONE,26210,0,D,D,0.00,PRESSED,FAULT
2026-05-18 21:01:44.313,1048.8928,,slider,1,0,0.00,0.00,0.00,ACTIVE,NONE,26220,0,D,D,0.00,PRESSED,FAULT
2026-05-18 21:01:44.713,1049.2929,,slider,1,0,0.00,0.00,0.00,ACTIVE,NONE,26230,0,D,D,0.00,PRESSED,FAULT
2026-05-18 21:01:45.113,1049.6931,,slider,1,0,0.00,0.00,0.00,ACTIVE,NONE,26240,0,D,D,0.00,PRESSED,FAULT
2026-05-18 21:01:45.513,1050.0929,,slider,1,0,0.00,0.00,0.00,ACTIVE,NONE,26250,0,D,D,0.00,PRESSED,FAULT
2026-05-18 21:01:45.913,1050.4929,,slider,1,0,0.00,0.00,0.00,ACTIVE,NONE,26260,0,D,D,0.00,PRESSED,FAULT
2026-05-18 21:01:46.313,1050.8928,,slider,1,0,0.00,0.00,0.00,ACTIVE,NONE,26270,0,D,D,0.00,PRESSED,FAULT
2026-05-18 21:01:46.713,1051.2929,,slider,1,0,0.00,0.00,0.00,ACTIVE,NONE,26280,0,D,D,0.00,PRESSED,FAULT
2026-05-18 21:01:47.113,1051.6928,,slider,1,0,0.00,0.00,0.00,ACTIVE,NONE,26290,0,D,D,0.00,PRESSED,FAULT
2026-05-18 21:01:47.513,1052.0931,,slider,1,0,0.00,0.00,0.00,ACTIVE,NONE,26300,0,D,D,0.00,PRESSED,FAULT
2026-05-18 21:01:47.913,1052.4930,,slider,1,0,0.00,0.00,0.00,ACTIVE,NONE,26310,0,D,D,0.00,PRESSED,FAULT
2026-05-18 21:01:48.313,1052.8931,,slider,1,0,0.00,0.00,0.00,ACTIVE,NONE,26320,0,D,D,0.00,PRESSED,FAULT
2026-05-18 21:01:48.713,1053.2931,,slider,1,0,0.00,0.00,0.00,ACTIVE,NONE,26330,0,D,D,0.00,PRESSED,FAULT
2026-05-18 21:01:49.113,1053.6933,,slider,1,0,0.00,0.00,0.00,ACTIVE,NONE,26340,0,D,D,0.00,PRESSED,FAULT
2026-05-18 21:01:49.513,1054.0932,,slider,1,0,0.00,0.00,0.00,ACTIVE,NONE,26350,0,D,D,0.00,PRESSED,FAULT
2026-05-18 21:01:49.913,1054.4931,,slider,1,0,0.00,0.00,0.00,ACTIVE,NONE,26360,0,D,D,0.00,PRESSED,FAULT
2026-05-18 21:01:50.313,1054.8931,,slider,1,0,0.00,0.00,0.00,ACTIVE,NONE,26370,0,D,D,0.00,PRESSED,FAULT
2026-05-18 21:01:50.714,1055.2933,,slider,1,0,0.00,0.00,0.00,ACTIVE,NONE,26380,0,D,D,0.00,PRESSED,FAULT
2026-05-18 21:01:51.113,1055.6931,,slider,1,0,0.00,0.00,0.00,ACTIVE,NONE,26390,0,D,D,0.00,PRESSED,FAULT
2026-05-18 21:01:51.514,1056.0933,,slider,1,0,0.00,0.00,0.00,ACTIVE,NONE,26400,0,D,D,0.00,PRESSED,FAULT
2026-05-18 21:01:51.914,1056.4935,,slider,1,0,0.00,0.00,0.00,ACTIVE,NONE,26410,0,D,D,0.00,PRESSED,FAULT
2026-05-18 21:01:52.314,1056.8936,,slider,1,0,0.00,0.00,0.00,ACTIVE,NONE,26420,0,D,D,0.00,PRESSED,FAULT
2026-05-18 21:01:52.714,1057.2934,,slider,1,0,0.00,0.00,0.00,ACTIVE,NONE,26430,0,D,D,0.00,PRESSED,FAULT
2026-05-18 21:01:53.114,1057.6936,,slider,1,0,0.00,0.00,0.00,ACTIVE,NONE,26440,0,D,D,0.00,PRESSED,FAULT
2026-05-18 21:01:53.514,1058.0934,,slider,1,0,0.00,0.00,0.00,ACTIVE,NONE,26450,0,D,D,0.00,PRESSED,FAULT
2026-05-18 21:01:53.914,1058.4937,,slider,1,0,0.00,0.00,0.00,ACTIVE,NONE,26460,0,D,D,0.00,PRESSED,FAULT
2026-05-18 21:01:54.314,1058.8938,,slider,1,0,0.00,0.00,0.00,ACTIVE,NONE,26470,0,D,D,0.00,PRESSED,FAULT
2026-05-18 21:01:54.714,1059.2939,,slider,1,0,0.00,0.00,0.00,ACTIVE,NONE,26480,0,D,D,0.00,PRESSED,FAULT
2026-05-18 21:01:55.114,1059.6940,,slider,1,0,0.00,0.00,0.00,ACTIVE,NONE,26490,0,D,D,0.00,PRESSED,FAULT
2026-05-18 21:01:55.514,1060.0938,,slider,1,0,0.00,0.00,0.00,ACTIVE,NONE,26500,0,D,D,0.00,PRESSED,FAULT
2026-05-18 21:01:55.914,1060.4939,,slider,1,0,0.00,0.00,0.00,ACTIVE,NONE,26510,0,D,D,0.00,PRESSED,FAULT
2026-05-18 21:01:56.314,1060.8939,,slider,1,0,0.00,0.00,0.00,ACTIVE,NONE,26520,0,D,D,0.00,PRESSED,FAULT
2026-05-18 21:01:56.714,1061.2939,,slider,1,0,0.00,0.00,0.00,ACTIVE,NONE,26530,0,D,D,0.00,PRESSED,FAULT
2026-05-18 21:01:57.115,1061.6942,,slider,1,0,0.00,0.00,0.00,ACTIVE,NONE,26540,0,D,D,0.00,PRESSED,FAULT
2026-05-18 21:01:57.514,1062.0940,,slider,1,0,0.00,0.00,0.00,ACTIVE,NONE,26550,0,D,D,0.00,PRESSED,FAULT
2026-05-18 21:01:57.905,1062.4845,,slider,1,0,0.00,0.00,0.00,ACTIVE,NONE,26560,0,D,D,0.00,PRESSED,FAULT
2026-05-18 21:01:58.305,1062.8846,,slider,1,0,0.00,0.00,0.00,ACTIVE,NONE,26570,0,D,D,0.00,PRESSED,FAULT
2026-05-18 21:01:58.705,1063.2849,,slider,1,0,0.00,0.00,0.00,ACTIVE,NONE,26580,0,D,D,0.00,PRESSED,FAULT
2026-05-18 21:01:59.105,1063.6844,,slider,1,0,0.00,0.00,0.00,ACTIVE,NONE,26590,0,D,D,0.00,PRESSED,FAULT
2026-05-18 21:01:59.505,1064.0844,,slider,1,0,0.00,0.00,0.00,ACTIVE,NONE,26600,0,D,D,0.00,PRESSED,FAULT
2026-05-18 21:01:59.905,1064.4848,,slider,1,0,0.00,0.00,0.00,ACTIVE,NONE,26610,0,D,D,0.00,PRESSED,FAULT
2026-05-18 21:02:00.305,1064.8844,,slider,1,0,0.00,0.00,0.00,ACTIVE,NONE,26620,0,D,D,0.00,PRESSED,FAULT
2026-05-18 21:02:00.705,1065.2843,,slider,1,0,0.00,0.00,0.00,ACTIVE,NONE,26630,0,D,D,0.00,PRESSED,FAULT
2026-05-18 21:02:01.105,1065.6851,,slider,1,0,0.00,0.00,0.00,ACTIVE,NONE,26640,0,D,D,0.00,PRESSED,FAULT
2026-05-18 21:02:01.506,1066.0854,,slider,1,0,0.00,0.00,0.00,ACTIVE,NONE,26650,0,D,D,0.00,PRESSED,FAULT
2026-05-18 21:02:01.906,1066.4853,,slider,1,0,0.00,0.00,0.00,ACTIVE,NONE,26660,0,D,D,0.00,PRESSED,FAULT
2026-05-18 21:02:02.306,1066.8852,,slider,1,0,0.00,0.00,0.00,ACTIVE,NONE,26670,0,D,D,0.00,PRESSED,FAULT
2026-05-18 21:02:02.705,1067.2846,,slider,1,0,0.00,0.00,0.00,ACTIVE,NONE,26680,0,D,D,0.00,PRESSED,FAULT
2026-05-18 21:02:03.105,1067.6849,,slider,1,0,0.00,0.00,0.00,ACTIVE,NONE,26690,0,D,D,0.00,PRESSED,FAULT
2026-05-18 21:02:03.505,1068.0849,,slider,1,0,0.00,0.00,0.00,ACTIVE,NONE,26700,0,D,D,0.00,PRESSED,FAULT
2026-05-18 21:02:03.905,1068.4849,,slider,1,0,0.00,0.00,0.00,ACTIVE,NONE,26710,0,D,D,0.00,PRESSED,FAULT
2026-05-18 21:02:04.305,1068.8849,,slider,1,0,0.00,0.00,0.00,ACTIVE,NONE,26720,0,D,D,0.00,PRESSED,FAULT
2026-05-18 21:02:04.706,1069.2852,,slider,1,0,0.00,0.00,0.00,ACTIVE,NONE,26730,0,D,D,0.00,PRESSED,FAULT
2026-05-18 21:02:05.106,1069.6852,,slider,1,0,0.00,0.00,0.00,ACTIVE,NONE,26740,0,D,D,0.00,PRESSED,FAULT
2026-05-18 21:02:05.505,1070.0850,,slider,1,0,0.00,0.00,0.00,ACTIVE,NONE,26750,0,D,D,0.00,PRESSED,FAULT
2026-05-18 21:02:05.906,1070.4852,,slider,1,0,0.00,0.00,0.00,ACTIVE,NONE,26760,0,D,D,0.00,PRESSED,FAULT
2026-05-18 21:02:06.306,1070.8855,,slider,1,0,0.00,0.00,0.00,ACTIVE,NONE,26770,0,D,D,0.00,PRESSED,FAULT
2026-05-18 21:02:06.706,1071.2854,,slider,1,0,0.00,0.00,0.00,ACTIVE,NONE,26780,0,D,D,0.00,PRESSED,FAULT
2026-05-18 21:02:07.106,1071.6851,,slider,1,0,0.00,0.00,0.00,ACTIVE,NONE,26790,0,D,D,0.00,PRESSED,FAULT
2026-05-18 21:02:07.506,1072.0853,,slider,1,0,0.00,0.00,0.00,ACTIVE,NONE,26800,0,D,D,0.00,PRESSED,FAULT
2026-05-18 21:02:07.906,1072.4851,,slider,1,0,0.00,0.00,0.00,ACTIVE,NONE,26810,0,D,D,0.00,PRESSED,FAULT
2026-05-18 21:02:08.306,1072.8852,,slider,1,0,0.00,0.00,0.00,ACTIVE,NONE,26820,0,D,D,0.00,PRESSED,FAULT
2026-05-18 21:02:08.706,1073.2856,,slider,1,0,0.00,0.00,0.00,ACTIVE,NONE,26830,0,D,D,0.00,PRESSED,FAULT
2026-05-18 21:02:09.106,1073.6851,,slider,1,0,0.00,0.00,0.00,ACTIVE,NONE,26840,0,D,D,0.00,PRESSED,FAULT
2026-05-18 21:02:09.506,1074.0858,,slider,1,0,0.00,0.00,0.00,ACTIVE,NONE,26850,0,D,D,0.00,PRESSED,FAULT
2026-05-18 21:02:09.906,1074.4854,,slider,1,0,0.00,0.00,0.00,ACTIVE,NONE,26860,0,D,D,0.00,PRESSED,FAULT
2026-05-18 21:02:10.306,1074.8857,,slider,1,0,0.00,0.00,0.00,ACTIVE,NONE,26870,0,D,D,0.00,PRESSED,FAULT
2026-05-18 21:02:10.706,1075.2857,,slider,1,0,0.00,0.00,0.00,ACTIVE,NONE,26880,0,D,D,0.00,PRESSED,FAULT
2026-05-18 21:02:11.106,1075.6855,,slider,1,0,0.00,0.00,0.00,ACTIVE,NONE,26890,0,D,D,0.00,PRESSED,FAULT
2026-05-18 21:02:11.506,1076.0857,,slider,1,0,0.00,0.00,0.00,ACTIVE,NONE,26900,0,D,D,0.00,PRESSED,FAULT
2026-05-18 21:02:11.906,1076.4858,,slider,1,0,0.00,0.00,0.00,ACTIVE,NONE,26910,0,D,D,0.00,PRESSED,FAULT
2026-05-18 21:02:12.306,1076.8857,,slider,1,0,0.00,0.00,0.00,ACTIVE,NONE,26920,0,D,D,0.00,PRESSED,FAULT
2026-05-18 21:02:12.706,1077.2857,,slider,1,0,0.00,0.00,0.00,ACTIVE,NONE,26930,0,D,D,0.00,PRESSED,FAULT
2026-05-18 21:02:13.107,1077.6862,,slider,1,0,0.00,0.00,0.00,ACTIVE,NONE,26940,0,D,D,0.00,PRESSED,FAULT
2026-05-18 21:02:13.506,1078.0859,,slider,1,0,0.00,0.00,0.00,ACTIVE,NONE,26950,0,D,D,0.00,PRESSED,FAULT
2026-05-18 21:02:13.907,1078.4861,,slider,1,0,0.00,0.00,0.00,ACTIVE,NONE,26960,0,D,D,0.00,PRESSED,FAULT
2026-05-18 21:02:14.306,1078.8858,,slider,1,0,0.00,0.00,0.00,ACTIVE,NONE,26970,0,D,D,0.00,PRESSED,FAULT
2026-05-18 21:02:14.707,1079.2861,,slider,1,0,0.00,0.00,0.00,ACTIVE,NONE,26980,0,D,D,0.00,PRESSED,FAULT
2026-05-18 21:02:15.107,1079.6860,,slider,1,0,0.00,0.00,0.00,ACTIVE,NONE,26990,0,D,D,0.00,PRESSED,FAULT
2026-05-18 21:02:15.507,1080.0860,,slider,1,0,0.00,0.00,0.00,ACTIVE,NONE,27000,0,D,D,0.00,PRESSED,FAULT
2026-05-18 21:02:15.907,1080.4863,,slider,1,0,0.00,0.00,0.00,ACTIVE,NONE,27010,0,D,D,0.00,PRESSED,FAULT
2026-05-18 21:02:16.307,1080.8861,,slider,1,0,0.00,0.00,0.00,ACTIVE,NONE,27020,0,D,D,0.00,PRESSED,FAULT
2026-05-18 21:02:16.707,1081.2862,,slider,1,0,0.00,0.00,0.00,ACTIVE,NONE,27030,0,D,D,0.00,PRESSED,FAULT
2026-05-18 21:02:17.107,1081.6864,,slider,1,0,0.00,0.00,0.00,ACTIVE,NONE,27040,0,D,D,0.00,PRESSED,FAULT
2026-05-18 21:02:17.507,1082.0860,,slider,1,0,0.00,0.00,0.00,ACTIVE,NONE,27050,0,D,D,0.00,PRESSED,FAULT
2026-05-18 21:02:17.907,1082.4861,,slider,1,0,0.00,0.00,0.00,ACTIVE,NONE,27060,0,D,D,0.00,PRESSED,FAULT
2026-05-18 21:02:18.307,1082.8863,,slider,1,0,0.00,0.00,0.00,ACTIVE,NONE,27070,0,D,D,0.00,PRESSED,FAULT
2026-05-18 21:02:18.707,1083.2866,,slider,1,0,0.00,0.00,0.00,ACTIVE,NONE,27080,0,D,D,0.00,PRESSED,FAULT
2026-05-18 21:02:19.107,1083.6863,,slider,1,0,0.00,0.00,0.00,ACTIVE,NONE,27090,0,D,D,0.00,PRESSED,FAULT
2026-05-18 21:02:19.507,1084.0866,,slider,1,0,0.00,0.00,0.00,ACTIVE,NONE,27100,0,D,D,0.00,PRESSED,FAULT
2026-05-18 21:02:19.907,1084.4865,,slider,1,0,0.00,0.00,0.00,ACTIVE,NONE,27110,0,D,D,0.00,PRESSED,FAULT
2026-05-18 21:02:20.307,1084.8861,,slider,1,0,0.00,0.00,0.00,ACTIVE,NONE,27120,0,D,D,0.00,PRESSED,FAULT
2026-05-18 21:02:20.707,1085.2866,,slider,1,0,0.00,0.00,0.00,ACTIVE,NONE,27130,0,D,D,0.00,PRESSED,FAULT
2026-05-18 21:02:21.107,1085.6866,,slider,1,0,0.00,0.00,0.00,ACTIVE,NONE,27140,0,D,D,0.00,PRESSED,FAULT
2026-05-18 21:02:21.507,1086.0864,,slider,1,0,0.00,0.00,0.00,ACTIVE,NONE,27150,0,D,D,0.00,PRESSED,FAULT
2026-05-18 21:02:21.907,1086.4864,,slider,1,0,0.00,0.00,0.00,ACTIVE,NONE,27160,0,D,D,0.00,PRESSED,FAULT
2026-05-18 21:02:22.307,1086.8866,,slider,1,0,0.00,0.00,0.00,ACTIVE,NONE,27170,0,D,D,0.00,PRESSED,FAULT
2026-05-18 21:02:22.707,1087.2864,,slider,1,0,0.00,0.00,0.00,ACTIVE,NONE,27180,0,D,D,0.00,PRESSED,FAULT
2026-05-18 21:02:23.107,1087.6865,,slider,1,0,0.00,0.00,0.00,ACTIVE,NONE,27190,0,D,D,0.00,PRESSED,FAULT
2026-05-18 21:02:23.507,1088.0868,,slider,1,0,0.00,0.00,0.00,ACTIVE,NONE,27200,0,D,D,0.00,PRESSED,FAULT
2026-05-18 21:02:23.907,1088.4866,,slider,1,0,0.00,0.00,0.00,ACTIVE,NONE,27210,0,D,D,0.00,PRESSED,FAULT
2026-05-18 21:02:24.307,1088.8866,,slider,1,0,0.00,0.00,0.00,ACTIVE,NONE,27220,0,D,D,0.00,PRESSED,FAULT
2026-05-18 21:02:24.707,1089.2867,,slider,1,0,0.00,0.00,0.00,ACTIVE,NONE,27230,0,D,D,0.00,PRESSED,FAULT
2026-05-18 21:02:25.107,1089.6867,,slider,1,0,0.00,0.00,0.00,ACTIVE,NONE,27240,0,D,D,0.00,PRESSED,FAULT
2026-05-18 21:02:25.507,1090.0866,,slider,1,0,0.00,0.00,0.00,ACTIVE,NONE,27250,0,D,D,0.00,PRESSED,FAULT
2026-05-18 21:02:25.747,1090.3264,shift_requested:N,slider,1,0,0.00,0.00,0.00,ACTIVE,NONE,27256,0,D,N,0.00,PRESSED,FAULT
2026-05-18 21:02:25.904,1090.4828,,slider,1,0,0.00,0.00,0.00,ACTIVE,NONE,27260,0,D,N,0.00,PRESSED,FAULT
2026-05-18 21:02:26.027,1090.6061,gear_change:N,slider,1,0,0.00,0.00,0.00,ACTIVE,NONE,27262,0,N,N,0.00,PRESSED,FAULT
2026-05-18 21:02:26.307,1090.8867,,slider,1,0,0.00,0.00,0.00,ACTIVE,NONE,27270,0,N,N,0.00,PRESSED,FAULT
2026-05-18 21:02:26.707,1091.2867,,slider,1,0,0.00,0.00,0.00,ACTIVE,NONE,27280,0,N,N,0.00,PRESSED,FAULT
2026-05-18 21:02:26.882,1091.4611,shift_requested:R,slider,1,0,0.00,0.00,0.00,ACTIVE,NONE,27284,0,N,N,0.00,PRESSED,FAULT
2026-05-18 21:02:26.913,1091.4919,gear_change:R,slider,1,0,0.00,0.00,0.00,ACTIVE,NONE,27285,0,R,R,0.00,PRESSED,FAULT
2026-05-18 21:02:27.108,1091.6872,,slider,1,0,0.00,0.00,0.00,ACTIVE,NONE,27290,0,R,R,0.00,PRESSED,FAULT
2026-05-18 21:02:27.508,1092.0870,,slider,1,0,0.00,0.00,0.00,ACTIVE,NONE,27300,0,R,R,0.00,PRESSED,FAULT
2026-05-18 21:02:27.908,1092.4871,,slider,1,0,0.00,0.00,0.00,ACTIVE,NONE,27310,0,R,R,0.00,PRESSED,FAULT
2026-05-18 21:02:28.258,1092.8370,shift_requested:N,slider,1,0,0.00,0.00,0.00,ACTIVE,NONE,27318,0,R,R,0.00,PRESSED,FAULT
2026-05-18 21:02:28.303,1092.8827,,slider,1,0,0.00,0.00,0.00,ACTIVE,NONE,27320,0,R,N,0.00,PRESSED,FAULT
2026-05-18 21:02:28.568,1093.1472,gear_change:N,slider,1,0,0.00,0.00,0.00,ACTIVE,NONE,27326,0,N,N,0.00,PRESSED,FAULT
2026-05-18 21:02:28.713,1093.2918,,slider,1,0,0.00,0.00,0.00,ACTIVE,NONE,27330,0,N,N,0.00,PRESSED,FAULT
2026-05-18 21:02:29.113,1093.6919,,slider,1,0,0.00,0.00,0.00,ACTIVE,NONE,27340,0,N,N,0.00,PRESSED,FAULT
2026-05-18 21:02:29.488,1094.0675,shift_requested:D,slider,1,0,0.00,0.00,0.00,ACTIVE,NONE,27349,0,N,N,0.00,PRESSED,FAULT
2026-05-18 21:02:29.503,1094.0822,,slider,1,0,0.00,0.00,0.00,ACTIVE,NONE,27350,0,N,N,0.00,PRESSED,FAULT
2026-05-18 21:02:29.533,1094.1121,gear_change:D,slider,1,0,0.00,0.00,0.00,ACTIVE,NONE,27350,0,D,D,0.00,PRESSED,FAULT
2026-05-18 21:02:29.913,1094.4924,,slider,1,0,0.00,0.00,0.00,ACTIVE,NONE,27360,0,D,D,0.00,PRESSED,FAULT
2026-05-18 21:02:30.313,1094.8923,,slider,1,0,0.00,0.00,0.00,ACTIVE,NONE,27370,0,D,D,0.00,PRESSED,FAULT
2026-05-18 21:02:30.713,1095.2924,,slider,1,0,0.00,0.00,0.00,ACTIVE,NONE,27380,0,D,D,0.00,PRESSED,FAULT
2026-05-18 21:02:31.114,1095.6928,,slider,1,0,0.00,0.00,0.00,ACTIVE,NONE,27390,0,D,D,0.00,PRESSED,FAULT
2026-05-18 21:02:31.514,1096.0929,,slider,1,0,0.00,0.00,0.00,ACTIVE,NONE,27400,0,D,D,0.00,PRESSED,FAULT
2026-05-18 21:02:31.914,1096.4936,,slider,1,0,0.00,0.00,0.00,ACTIVE,NONE,27410,0,D,D,-0.10,released,RELEASED
2026-05-18 21:02:32.314,1096.8936,,slider,1,0,0.00,0.00,0.00,ACTIVE,NONE,27420,0,D,D,0.25,released,RELEASED
2026-05-18 21:02:32.715,1097.2939,,slider,1,0,0.00,0.00,0.00,ACTIVE,NONE,27430,0,D,D,0.55,released,RELEASED
2026-05-18 21:02:33.115,1097.6938,,slider,1,0,0.00,0.00,0.00,ACTIVE,NONE,27440,0,D,D,0.90,released,RELEASED
2026-05-18 21:02:33.515,1098.0943,,slider,1,0,0.00,0.00,0.00,ACTIVE,NONE,27450,0,D,D,0.80,released,RELEASED
2026-05-18 21:02:33.915,1098.4939,,slider,1,0,0.00,0.00,0.00,ACTIVE,NONE,27460,0,D,D,0.60,released,RELEASED
2026-05-18 21:02:34.315,1098.8937,,slider,1,0,0.00,0.00,0.00,ACTIVE,NONE,27470,0,D,D,0.25,PRESSED,FAULT
2026-05-18 21:02:34.715,1099.2939,,slider,1,0,0.00,0.00,0.00,ACTIVE,NONE,27480,0,D,D,0.05,PRESSED,FAULT
2026-05-18 21:02:35.115,1099.6939,,slider,1,0,0.00,0.00,0.00,ACTIVE,NONE,27490,0,D,D,0.00,PRESSED,FAULT
2026-05-18 21:02:35.515,1100.0939,,slider,1,0,0.00,0.00,0.00,ACTIVE,NONE,27500,0,D,D,0.00,PRESSED,FAULT
2026-05-18 21:02:35.915,1100.4941,,slider,1,0,0.00,0.00,0.00,ACTIVE,NONE,27510,0,D,D,0.00,PRESSED,FAULT
2026-05-18 21:02:36.315,1100.8939,,slider,1,0,0.00,0.00,0.00,ACTIVE,NONE,27520,0,D,D,0.00,PRESSED,FAULT
2026-05-18 21:02:36.715,1101.2944,,slider,1,0,0.00,0.00,0.00,ACTIVE,NONE,27530,0,D,D,0.00,PRESSED,FAULT
2026-05-18 21:02:37.115,1101.6940,,slider,1,0,0.00,0.00,0.00,ACTIVE,NONE,27540,0,D,D,0.00,PRESSED,FAULT
2026-05-18 21:02:37.515,1102.0939,,slider,1,0,0.00,0.00,0.00,ACTIVE,NONE,27550,0,D,D,0.00,PRESSED,FAULT
2026-05-18 21:02:37.915,1102.4943,,slider,1,0,0.00,0.00,0.00,ACTIVE,NONE,27560,0,D,D,0.00,PRESSED,FAULT
2026-05-18 21:02:38.315,1102.8940,,slider,1,0,0.00,0.00,0.00,ACTIVE,NONE,27570,0,D,D,0.00,PRESSED,FAULT
2026-05-18 21:02:38.715,1103.2940,,slider,1,0,0.00,0.00,0.00,ACTIVE,NONE,27580,0,D,D,0.00,PRESSED,FAULT
2026-05-18 21:02:39.115,1103.6942,,slider,1,0,0.00,0.00,0.00,ACTIVE,NONE,27590,0,D,D,-0.05,PRESSED,FAULT
2026-05-18 21:02:39.515,1104.0941,,slider,1,0,0.00,0.00,0.00,ACTIVE,NONE,27600,0,D,D,0.00,PRESSED,FAULT
2026-05-18 21:02:39.915,1104.4941,,slider,1,0,0.00,0.00,0.00,ACTIVE,NONE,27610,0,D,D,0.00,PRESSED,FAULT
2026-05-18 21:02:40.315,1104.8945,,slider,1,0,0.00,0.00,0.00,ACTIVE,NONE,27620,0,D,D,0.20,released,RELEASED
2026-05-18 21:02:40.715,1105.2943,,slider,1,0,0.00,0.00,0.00,ACTIVE,NONE,27630,0,D,D,0.30,released,RELEASED
2026-05-18 21:02:41.115,1105.6944,,slider,1,0,0.00,0.00,0.00,ACTIVE,NONE,27640,0,D,D,0.65,released,RELEASED
2026-05-18 21:02:41.515,1106.0944,,slider,1,0,9.53,7.53,3.10,ACTIVE,NONE,27650,0,D,D,1.15,released,RELEASED
2026-05-18 21:02:41.908,1106.4869,,slider,1,0,13.95,13.08,11.40,ACTIVE,NONE,27660,0,D,D,1.70,released,RELEASED
2026-05-18 21:02:42.308,1106.8866,,slider,1,0,13.95,13.90,13.50,ACTIVE,NONE,27670,0,D,D,2.20,released,RELEASED
2026-05-18 21:02:42.707,1107.2866,,slider,1,0,13.95,14.15,14.10,ACTIVE,NONE,27680,0,D,D,2.65,released,RELEASED
2026-05-18 21:02:43.108,1107.6871,,slider,1,0,25.87,22.13,18.30,ACTIVE,NONE,27690,0,D,D,3.05,released,RELEASED
2026-05-18 21:02:43.508,1108.0870,,slider,1,0,30.41,29.30,27.40,ACTIVE,NONE,27700,0,D,D,3.40,released,RELEASED
2026-05-18 21:02:43.907,1108.4865,,slider,1,0,60.61,55.04,48.30,ACTIVE,NONE,27710,0,D,D,3.70,released,RELEASED
2026-05-18 21:02:44.307,1108.8865,,slider,1,0,83.37,66.24,59.20,ACTIVE,NONE,27720,0,D,D,3.95,released,RELEASED
2026-05-18 21:02:44.716,1109.2951,,slider,1,0,272.48,124.49,102.80,ACTIVE,NONE,27730,0,D,D,4.25,released,RELEASED
2026-05-18 21:02:45.116,1109.6952,,slider,1,0,326.10,196.49,172.70,ACTIVE,NONE,27740,0,D,D,4.40,released,RELEASED
2026-05-18 21:02:45.516,1110.0953,,slider,1,0,198.43,252.60,245.20,ACTIVE,NONE,27750,0,D,D,4.50,released,RELEASED
2026-05-18 21:02:45.920,1110.4994,,slider,1,0,138.97,180.60,205.20,ACTIVE,NONE,27760,0,D,D,4.70,released,RELEASED
2026-05-18 21:02:46.306,1110.8850,,slider,1,0,165.79,160.83,158.40,ACTIVE,NONE,27770,0,D,D,4.90,released,RELEASED
2026-05-18 21:02:46.706,1111.2851,,slider,1,0,187.13,173.90,165.10,ACTIVE,NONE,27780,0,D,D,5.05,released,RELEASED
2026-05-18 21:02:47.106,1111.6851,,slider,1,0,219.27,220.38,210.20,ACTIVE,NONE,27790,0,D,D,5.20,released,RELEASED
2026-05-18 21:02:47.509,1112.0878,,slider,1,0,213.17,215.85,221.00,ACTIVE,NONE,27800,0,D,D,5.45,released,RELEASED
2026-05-18 21:02:47.908,1112.4874,,slider,1,0,238.28,221.12,216.10,ACTIVE,NONE,27810,0,D,D,5.75,released,RELEASED
2026-05-18 21:02:48.308,1112.8874,,slider,1,0,290.83,266.75,249.90,ACTIVE,NONE,27820,0,D,D,6.05,released,RELEASED
2026-05-18 21:02:48.708,1113.2871,,slider,1,0,261.88,274.16,280.80,ACTIVE,NONE,27830,0,D,D,6.35,released,RELEASED
2026-05-18 21:02:49.109,1113.6876,,slider,1,0,168.37,211.09,233.40,ACTIVE,NONE,27840,0,D,D,6.75,released,RELEASED
2026-05-18 21:02:49.509,1114.0876,,slider,1,0,153.25,154.68,163.60,ACTIVE,NONE,27850,0,D,D,7.20,released,RELEASED
2026-05-18 21:02:49.912,1114.4910,,slider,1,0,121.11,129.38,137.00,ACTIVE,NONE,27860,0,D,D,7.50,released,RELEASED
2026-05-18 21:02:50.312,1114.8907,,slider,1,0,96.58,110.88,116.20,ACTIVE,NONE,27870,0,D,D,7.90,released,RELEASED
2026-05-18 21:02:50.712,1115.2912,,slider,1,0,83.37,80.41,85.30,ACTIVE,NONE,27880,0,D,D,8.20,released,RELEASED
2026-05-18 21:02:51.112,1115.6911,,slider,1,0,9.53,50.13,70.60,ACTIVE,NONE,27890,0,D,D,8.55,released,RELEASED
2026-05-18 21:02:51.518,1116.0973,,slider,1,0,0.00,2.15,10.10,ACTIVE,NONE,27900,0,D,D,8.80,released,RELEASED
2026-05-18 21:02:51.920,1116.4987,,slider,1,0,0.00,0.11,0.70,ACTIVE,NONE,27910,0,D,D,9.10,released,RELEASED
2026-05-18 21:02:52.320,1116.8986,,slider,1,0,0.00,0.01,0.00,ACTIVE,NONE,27920,0,D,D,9.40,released,RELEASED
2026-05-18 21:02:52.722,1117.3012,,slider,1,0,-21.37,-10.41,-2.40,ACTIVE,NONE,27930,0,D,D,9.85,released,RELEASED
2026-05-18 21:02:53.103,1117.6822,,slider,1,0,-19.88,-19.51,-19.10,ACTIVE,NONE,27940,0,D,D,10.30,released,RELEASED
2026-05-18 21:02:53.503,1118.0820,,slider,1,0,-21.37,-21.12,-19.70,ACTIVE,NONE,27950,0,D,D,10.80,released,RELEASED
2026-05-18 21:02:53.903,1118.4822,,slider,1,0,-22.87,-22.07,-21.50,ACTIVE,NONE,27960,0,D,D,11.30,released,RELEASED
2026-05-18 21:02:54.303,1118.8819,,slider,1,0,-30.41,-27.41,-25.20,ACTIVE,NONE,27970,0,D,D,11.80,released,RELEASED
2026-05-18 21:02:54.703,1119.2822,,slider,1,0,-28.89,-29.13,-28.80,ACTIVE,NONE,27980,0,D,D,12.25,released,RELEASED
2026-05-18 21:02:55.103,1119.6821,,slider,1,0,-33.46,-32.22,-31.20,ACTIVE,NONE,27990,0,D,D,12.65,released,RELEASED
2026-05-18 21:02:55.503,1120.0823,,slider,1,0,-35.00,-34.10,-33.90,ACTIVE,NONE,28000,0,D,D,13.00,released,RELEASED
2026-05-18 21:02:55.903,1120.4819,,slider,1,0,-35.00,-35.94,-34.80,ACTIVE,NONE,28010,0,D,D,13.35,released,RELEASED
2026-05-18 21:02:56.303,1120.8821,,slider,1,0,-35.00,-35.54,-36.10,ACTIVE,NONE,28020,0,D,D,13.65,released,RELEASED
2026-05-18 21:02:56.704,1121.2825,,slider,1,0,-22.87,-26.11,-29.70,ACTIVE,NONE,28030,0,D,D,13.95,released,RELEASED
2026-05-18 21:02:57.103,1121.6820,,slider,1,0,-19.88,-20.43,-20.40,ACTIVE,NONE,28040,0,D,D,14.25,released,RELEASED
2026-05-18 21:02:57.522,1122.1014,,slider,1,0,-11.00,-14.13,-16.50,ACTIVE,NONE,28050,0,D,D,14.55,released,RELEASED
2026-05-18 21:02:57.908,1122.4874,,slider,1,0,-16.91,-11.97,-10.80,ACTIVE,NONE,28060,0,D,D,14.80,released,RELEASED
2026-05-18 21:02:58.308,1122.8873,,slider,1,0,-22.87,-21.56,-18.70,ACTIVE,NONE,28070,0,D,D,14.80,released,RELEASED
2026-05-18 21:02:58.709,1123.2875,,slider,1,0,-21.37,-22.81,-22.80,ACTIVE,NONE,28080,0,D,D,14.85,released,RELEASED
2026-05-18 21:02:59.108,1123.6872,,slider,1,0,-22.87,-21.83,-22.10,ACTIVE,NONE,28090,0,D,D,14.70,released,RELEASED
2026-05-18 21:02:59.509,1124.0878,,slider,1,0,-24.36,-23.20,-22.00,ACTIVE,NONE,28100,0,D,D,14.80,released,RELEASED
2026-05-18 21:02:59.909,1124.4875,,slider,1,0,-21.37,-22.00,-22.70,ACTIVE,NONE,28110,0,D,D,14.85,released,RELEASED
2026-05-18 21:03:00.309,1124.8875,,slider,1,0,-19.88,-20.34,-21.10,ACTIVE,NONE,28120,0,D,D,15.00,released,RELEASED
2026-05-18 21:03:00.709,1125.2874,,slider,1,0,-19.88,-21.31,-20.90,ACTIVE,NONE,28130,0,D,D,15.00,released,RELEASED
2026-05-18 21:03:01.109,1125.6875,,slider,1,0,-19.88,-20.33,-21.00,ACTIVE,NONE,28140,0,D,D,15.10,released,RELEASED
2026-05-18 21:03:01.509,1126.0874,,slider,1,0,-18.39,-19.38,-20.20,ACTIVE,NONE,28150,0,D,D,15.05,released,RELEASED
2026-05-18 21:03:01.909,1126.4878,,slider,1,0,-18.39,-19.70,-19.30,ACTIVE,NONE,28160,0,D,D,15.25,released,RELEASED
2026-05-18 21:03:02.309,1126.8879,,slider,1,0,-16.91,-17.88,-18.60,ACTIVE,NONE,28170,0,D,D,15.25,released,RELEASED
2026-05-18 21:03:02.709,1127.2883,,slider,1,0,-12.48,-13.58,-15.10,ACTIVE,NONE,28180,0,D,D,15.35,released,RELEASED
2026-05-18 21:03:03.109,1127.6882,,slider,1,0,-8.06,-9.61,-10.10,ACTIVE,NONE,28190,0,D,D,15.30,released,RELEASED
2026-05-18 21:03:03.509,1128.0876,,slider,1,0,-6.59,-6.80,-7.00,ACTIVE,NONE,28200,0,D,D,15.35,released,RELEASED
2026-05-18 21:03:03.909,1128.4880,,slider,1,0,0.00,-1.48,-3.10,ACTIVE,NONE,28210,0,D,D,15.35,released,RELEASED
2026-05-18 21:03:04.310,1128.8883,,slider,1,0,0.00,-0.31,-1.00,ACTIVE,NONE,28220,0,D,D,15.40,released,RELEASED
2026-05-18 21:03:04.710,1129.2885,,slider,1,0,0.00,-0.02,-0.10,ACTIVE,NONE,28230,0,D,D,15.35,released,RELEASED
2026-05-18 21:03:05.109,1129.6879,,slider,1,0,11.00,7.47,3.10,ACTIVE,NONE,28240,0,D,D,15.35,released,RELEASED
2026-05-18 21:03:05.509,1130.0881,,slider,1,0,6.59,9.63,9.30,ACTIVE,NONE,28250,0,D,D,15.45,released,RELEASED
2026-05-18 21:03:05.909,1130.4882,,slider,1,0,0.00,0.91,3.30,ACTIVE,NONE,28260,0,D,D,15.35,released,RELEASED
2026-05-18 21:03:06.309,1130.8882,,slider,1,0,6.59,0.05,0.20,ACTIVE,NONE,28270,0,D,D,15.35,released,RELEASED
2026-05-18 21:03:06.710,1131.2883,,slider,1,0,0.00,0.10,0.20,ACTIVE,NONE,28280,0,D,D,15.20,released,RELEASED
2026-05-18 21:03:07.110,1131.6883,,slider,1,0,11.00,6.98,3.00,ACTIVE,NONE,28290,0,D,D,15.15,released,RELEASED
2026-05-18 21:03:07.510,1132.0883,,slider,1,0,11.00,11.00,9.90,ACTIVE,NONE,28300,0,D,D,15.05,released,RELEASED
2026-05-18 21:03:07.912,1132.4910,,slider,1,0,19.88,16.83,14.50,ACTIVE,NONE,28310,0,D,D,14.95,released,RELEASED
2026-05-18 21:03:08.313,1132.8912,,slider,1,0,27.38,23.03,20.40,ACTIVE,NONE,28320,0,D,D,14.85,released,RELEASED
2026-05-18 21:03:08.713,1133.2916,,slider,1,0,27.38,27.12,26.80,ACTIVE,NONE,28330,0,D,D,14.75,released,RELEASED
2026-05-18 21:03:09.113,1133.6916,,slider,1,0,25.87,25.43,26.80,ACTIVE,NONE,28340,0,D,D,14.75,released,RELEASED
2026-05-18 21:03:09.513,1134.0916,,slider,1,0,25.87,26.19,25.90,ACTIVE,NONE,28350,0,D,D,14.60,released,RELEASED
2026-05-18 21:03:09.913,1134.4915,,slider,1,0,27.38,26.88,26.10,ACTIVE,NONE,28360,0,D,D,14.60,released,RELEASED
2026-05-18 21:03:10.313,1134.8912,,slider,1,0,25.87,26.80,26.60,ACTIVE,NONE,28370,0,D,D,14.45,released,RELEASED
2026-05-18 21:03:10.713,1135.2919,,slider,1,0,25.87,26.84,27.00,ACTIVE,NONE,28380,0,D,D,14.40,released,RELEASED
2026-05-18 21:03:11.113,1135.6914,,slider,1,0,27.38,26.89,27.00,ACTIVE,NONE,28390,0,D,D,14.40,released,RELEASED
2026-05-18 21:03:11.513,1136.0919,,slider,1,0,25.87,26.42,26.80,ACTIVE,NONE,28400,0,D,D,14.25,released,RELEASED
2026-05-18 21:03:11.913,1136.4918,,slider,1,0,30.41,27.85,26.70,ACTIVE,NONE,28410,0,D,D,14.20,released,RELEASED
2026-05-18 21:03:12.313,1136.8917,,slider,1,0,33.46,34.32,32.30,ACTIVE,NONE,28420,0,D,D,14.20,released,RELEASED
2026-05-18 21:03:12.713,1137.2920,,slider,1,0,35.00,34.95,34.60,ACTIVE,NONE,28430,0,D,D,14.15,released,RELEASED
2026-05-18 21:03:13.113,1137.6916,,slider,1,0,35.00,34.68,34.80,ACTIVE,NONE,28440,0,D,D,14.15,released,RELEASED
2026-05-18 21:03:13.513,1138.0920,,slider,1,0,33.46,34.50,34.70,ACTIVE,NONE,28450,0,D,D,14.10,released,RELEASED
2026-05-18 21:03:13.914,1138.4922,,slider,1,0,33.46,33.76,34.30,ACTIVE,NONE,28460,0,D,D,14.15,released,RELEASED
2026-05-18 21:03:14.313,1138.8921,,slider,1,0,27.38,29.40,31.20,ACTIVE,NONE,28470,0,D,D,14.20,released,RELEASED
2026-05-18 21:03:14.714,1139.2923,,slider,1,0,19.88,22.17,24.20,ACTIVE,NONE,28480,0,D,D,14.25,released,RELEASED
2026-05-18 21:03:15.113,1139.6920,,slider,1,0,18.39,19.32,20.60,ACTIVE,NONE,28490,0,D,D,14.30,released,RELEASED
2026-05-18 21:03:15.513,1140.0918,,slider,1,0,19.88,19.47,19.90,ACTIVE,NONE,28500,0,D,D,14.35,released,RELEASED
2026-05-18 21:03:15.914,1140.4922,,slider,1,0,19.88,20.54,19.90,ACTIVE,NONE,28510,0,D,D,14.40,released,RELEASED
2026-05-18 21:03:16.313,1140.8919,,slider,1,0,21.37,20.56,20.20,ACTIVE,NONE,28520,0,D,D,14.45,released,RELEASED
2026-05-18 21:03:16.714,1141.2921,,slider,1,0,19.88,20.04,20.30,ACTIVE,NONE,28530,0,D,D,14.40,released,RELEASED
2026-05-18 21:03:17.113,1141.6919,,slider,1,0,19.88,19.51,19.40,ACTIVE,NONE,28540,0,D,D,14.50,released,RELEASED
2026-05-18 21:03:17.514,1142.0923,,slider,1,0,18.39,19.58,19.50,ACTIVE,NONE,28550,0,D,D,14.55,released,RELEASED
2026-05-18 21:03:17.914,1142.4922,,slider,1,0,19.88,20.34,19.30,ACTIVE,NONE,28560,0,D,D,14.55,released,RELEASED
2026-05-18 21:03:18.314,1142.8924,,slider,1,0,19.88,20.00,19.60,ACTIVE,NONE,28570,0,D,D,14.55,released,RELEASED
2026-05-18 21:03:18.714,1143.2922,,slider,1,0,19.88,20.24,20.50,ACTIVE,NONE,28580,0,D,D,14.60,released,RELEASED
2026-05-18 21:03:19.114,1143.6923,,slider,1,0,19.88,20.11,20.40,ACTIVE,NONE,28590,0,D,D,14.70,released,RELEASED
2026-05-18 21:03:19.514,1144.0925,,slider,1,0,22.87,22.07,21.40,ACTIVE,NONE,28600,0,D,D,14.65,released,RELEASED
2026-05-18 21:03:19.914,1144.4923,,slider,1,0,21.37,22.35,22.20,ACTIVE,NONE,28610,0,D,D,14.50,released,RELEASED
2026-05-18 21:03:20.314,1144.8924,,slider,1,0,21.37,21.73,22.40,ACTIVE,NONE,28620,0,D,D,14.45,released,RELEASED
2026-05-18 21:03:20.714,1145.2925,,slider,1,0,16.91,18.15,20.60,ACTIVE,NONE,28630,0,D,D,14.20,released,RELEASED
2026-05-18 21:03:21.114,1145.6926,,slider,1,0,11.00,13.07,14.80,ACTIVE,NONE,28640,0,D,D,14.00,released,RELEASED
2026-05-18 21:03:21.506,1146.0841,,slider,1,0,8.06,8.83,10.00,ACTIVE,NONE,28650,0,D,D,13.90,released,RELEASED
2026-05-18 21:03:21.906,1146.4843,,slider,1,0,6.59,5.42,5.90,ACTIVE,NONE,28660,0,D,D,13.55,released,RELEASED
2026-05-18 21:03:22.306,1146.8845,,slider,1,0,0.00,0.55,1.80,ACTIVE,NONE,28670,0,D,D,13.25,released,RELEASED
2026-05-18 21:03:22.706,1147.2844,,slider,1,0,11.00,6.19,1.50,ACTIVE,NONE,28680,0,D,D,12.80,released,RELEASED
2026-05-18 21:03:23.119,1147.6978,,slider,1,0,11.00,10.24,9.20,ACTIVE,NONE,28690,0,D,D,12.25,released,RELEASED
2026-05-18 21:03:23.519,1148.0979,,slider,1,0,9.53,10.65,10.40,ACTIVE,NONE,28700,0,D,D,11.80,released,RELEASED
2026-05-18 21:03:23.920,1148.4988,,slider,1,0,11.00,10.82,10.60,ACTIVE,NONE,28710,0,D,D,11.20,released,RELEASED
2026-05-18 21:03:24.320,1148.8987,,slider,1,0,11.00,10.03,10.70,ACTIVE,NONE,28720,0,D,D,10.75,released,RELEASED
2026-05-18 21:03:24.720,1149.2985,,slider,1,0,11.00,10.37,10.50,ACTIVE,NONE,28730,0,D,D,10.35,released,RELEASED
2026-05-18 21:03:25.105,1149.6839,,slider,1,0,11.00,10.61,10.50,ACTIVE,NONE,28740,0,D,D,9.65,released,RELEASED
2026-05-18 21:03:25.506,1150.0842,,slider,1,0,11.00,10.45,10.30,ACTIVE,NONE,28750,0,D,D,8.75,released,RELEASED
2026-05-18 21:03:25.906,1150.4841,,slider,1,0,13.95,13.28,11.20,ACTIVE,NONE,28760,0,D,D,7.95,released,RELEASED
2026-05-18 21:03:26.306,1150.8843,,slider,1,0,21.37,17.95,16.40,ACTIVE,NONE,28770,0,D,D,7.30,released,RELEASED
2026-05-18 21:03:26.706,1151.2844,,slider,1,0,27.38,23.38,21.40,ACTIVE,NONE,28780,0,D,D,6.80,released,RELEASED
2026-05-18 21:03:27.106,1151.6842,,slider,1,0,33.46,27.78,26.40,ACTIVE,NONE,28790,0,D,D,6.35,released,RELEASED
2026-05-18 21:03:27.506,1152.0848,,slider,1,0,57.28,47.71,38.70,ACTIVE,NONE,28800,0,D,D,6.00,released,RELEASED
2026-05-18 21:03:27.908,1152.4863,,slider,1,0,83.37,76.63,67.20,ACTIVE,NONE,28810,0,D,D,5.85,released,RELEASED
2026-05-18 21:03:28.308,1152.8866,,slider,1,0,100.50,93.02,87.30,ACTIVE,NONE,28820,0,D,D,5.95,released,RELEASED
2026-05-18 21:03:28.708,1153.2863,,slider,1,0,170.97,132.65,119.20,ACTIVE,NONE,28830,0,D,D,5.65,released,RELEASED
2026-05-18 21:03:29.108,1153.6866,,slider,1,0,216.20,204.65,182.50,ACTIVE,NONE,28840,0,D,D,5.60,released,RELEASED
2026-05-18 21:03:29.508,1154.0864,,slider,1,0,210.16,230.64,235.40,ACTIVE,NONE,28850,0,D,D,5.60,released,RELEASED
2026-05-18 21:03:29.912,1154.4901,,slider,1,0,201.32,198.12,207.10,ACTIVE,NONE,28860,0,D,D,5.60,released,RELEASED
2026-05-18 21:03:30.312,1154.8903,,slider,1,0,258.41,252.55,234.10,ACTIVE,NONE,28870,0,D,D,5.60,released,RELEASED
2026-05-18 21:03:30.712,1155.2903,,slider,1,0,222.36,232.01,243.30,ACTIVE,NONE,28880,0,D,D,5.60,released,RELEASED
2026-05-18 21:03:31.112,1155.6902,,slider,1,0,228.64,228.50,226.20,ACTIVE,NONE,28890,0,D,D,5.60,released,RELEASED
2026-05-18 21:03:31.512,1156.0902,,slider,1,0,231.82,230.52,227.90,ACTIVE,NONE,28900,0,D,D,5.60,released,RELEASED
2026-05-18 21:03:31.912,1156.4903,,slider,1,0,238.28,227.63,227.20,ACTIVE,NONE,28910,0,D,D,5.65,released,RELEASED
2026-05-18 21:03:32.312,1156.8909,,slider,1,0,228.64,229.34,231.20,ACTIVE,NONE,28920,0,D,D,5.65,released,RELEASED
2026-05-18 21:03:32.712,1157.2907,,slider,1,0,213.17,220.47,228.10,ACTIVE,NONE,28930,0,D,D,5.75,released,RELEASED
2026-05-18 21:03:33.112,1157.6904,,slider,1,0,219.27,215.37,215.60,ACTIVE,NONE,28940,0,D,D,6.00,released,RELEASED
2026-05-18 21:03:33.512,1158.0904,,slider,1,0,170.97,203.61,216.20,ACTIVE,NONE,28950,0,D,D,6.30,released,RELEASED
2026-05-18 21:03:33.918,1158.4959,,slider,1,0,60.61,131.61,155.70,ACTIVE,NONE,28960,0,D,D,6.70,released,RELEASED
2026-05-18 21:03:34.319,1158.8970,,slider,1,0,38.09,59.61,84.20,ACTIVE,NONE,28970,0,D,D,7.05,released,RELEASED
2026-05-18 21:03:34.719,1159.2970,,slider,1,0,15.43,25.33,33.50,ACTIVE,NONE,28980,0,D,D,7.40,released,RELEASED
2026-05-18 21:03:35.119,1159.6975,,slider,1,0,-19.88,-8.55,3.50,ACTIVE,NONE,28990,0,D,D,7.70,released,RELEASED
2026-05-18 21:03:35.520,1160.0982,,slider,1,0,-25.87,-23.86,-20.10,ACTIVE,NONE,29000,0,D,D,8.05,released,RELEASED
2026-05-18 21:03:35.920,1160.4981,,slider,1,0,-30.41,-27.42,-26.50,ACTIVE,NONE,29010,0,D,D,8.30,released,RELEASED
2026-05-18 21:03:36.320,1160.8982,,slider,1,0,-27.38,-27.53,-28.80,ACTIVE,NONE,29020,0,D,D,8.60,released,RELEASED
2026-05-18 21:03:36.720,1161.2983,,slider,1,0,-24.36,-25.24,-26.10,ACTIVE,NONE,29030,0,D,D,8.90,released,RELEASED
2026-05-18 21:03:37.120,1161.6981,,slider,1,0,-25.87,-24.30,-24.40,ACTIVE,NONE,29040,0,D,D,9.25,released,RELEASED
2026-05-18 21:03:37.520,1162.0982,,slider,1,0,-27.38,-26.45,-25.00,ACTIVE,NONE,29050,0,D,D,9.60,released,RELEASED
2026-05-18 21:03:37.920,1162.4983,,slider,1,0,-27.38,-28.10,-28.10,ACTIVE,NONE,29060,0,D,D,9.95,released,RELEASED
2026-05-18 21:03:38.320,1162.8985,,slider,1,0,8.06,-4.75,-15.40,ACTIVE,NONE,29070,0,D,D,10.30,released,RELEASED
2026-05-18 21:03:38.721,1163.2991,,slider,1,0,8.06,10.18,7.90,ACTIVE,NONE,29080,0,D,D,10.65,released,RELEASED
2026-05-18 21:03:39.122,1163.7000,,slider,1,0,0.00,0.62,2.80,ACTIVE,NONE,29090,0,D,D,11.05,released,RELEASED
2026-05-18 21:03:39.522,1164.1000,,slider,1,0,0.00,0.03,0.10,ACTIVE,NONE,29100,0,D,D,11.50,released,RELEASED
2026-05-18 21:03:39.906,1164.4839,,slider,1,0,21.37,14.06,5.70,ACTIVE,NONE,29110,0,D,D,11.80,released,RELEASED
2026-05-18 21:03:40.306,1164.8843,,slider,1,0,13.95,15.63,16.70,ACTIVE,NONE,29120,0,D,D,12.15,released,RELEASED
2026-05-18 21:03:40.706,1165.2841,,slider,1,0,19.88,17.37,14.80,ACTIVE,NONE,29130,0,D,D,12.45,released,RELEASED
2026-05-18 21:03:41.106,1165.6840,,slider,1,0,16.91,16.93,18.50,ACTIVE,NONE,29140,0,D,D,12.80,released,RELEASED
2026-05-18 21:03:41.506,1166.0844,,slider,1,0,18.39,17.84,17.10,ACTIVE,NONE,29150,0,D,D,13.10,released,RELEASED
2026-05-18 21:03:41.907,1166.4848,,slider,1,0,0.00,4.30,10.30,ACTIVE,NONE,29160,0,D,D,13.35,released,RELEASED
2026-05-18 21:03:42.307,1166.8853,,slider,1,0,0.00,0.21,0.90,ACTIVE,NONE,29170,0,D,D,13.50,released,RELEASED
2026-05-18 21:03:42.707,1167.2851,,slider,1,0,-13.95,-13.83,-9.20,ACTIVE,NONE,29180,0,D,D,13.70,released,RELEASED
2026-05-18 21:03:43.107,1167.6855,,slider,1,0,-8.06,-9.76,-12.20,ACTIVE,NONE,29190,0,D,D,13.90,released,RELEASED
2026-05-18 21:03:43.507,1168.0851,,slider,1,0,-12.48,-10.33,-9.40,ACTIVE,NONE,29200,0,D,D,14.20,released,RELEASED
2026-05-18 21:03:43.912,1168.4902,,slider,1,0,-8.06,-9.08,-9.80,ACTIVE,NONE,29210,0,D,D,14.40,released,RELEASED
2026-05-18 21:03:44.312,1168.8898,,slider,1,0,-9.53,-9.63,-9.60,ACTIVE,NONE,29220,0,D,D,14.60,released,RELEASED
2026-05-18 21:03:44.712,1169.2900,,slider,1,0,-12.48,-11.13,-10.10,ACTIVE,NONE,29230,0,D,D,14.65,released,RELEASED
2026-05-18 21:03:45.118,1169.6958,,slider,1,0,-13.95,-13.78,-12.10,ACTIVE,NONE,29240,0,D,D,14.90,released,RELEASED
2026-05-18 21:03:45.517,1170.0955,,slider,1,0,-18.39,-17.09,-15.90,ACTIVE,NONE,29250,0,D,D,15.05,released,RELEASED
2026-05-18 21:03:45.918,1170.4960,,slider,1,0,-19.88,-18.55,-18.30,ACTIVE,NONE,29260,0,D,D,15.15,released,RELEASED
2026-05-18 21:03:46.318,1170.8966,,slider,1,0,-16.91,-18.27,-18.60,ACTIVE,NONE,29270,0,D,D,15.15,released,RELEASED
2026-05-18 21:03:46.718,1171.2964,,slider,1,0,-16.91,-17.01,-17.30,ACTIVE,NONE,29280,0,D,D,15.15,released,RELEASED
2026-05-18 21:03:47.118,1171.6965,,slider,1,0,-18.39,-18.50,-17.40,ACTIVE,NONE,29290,0,D,D,15.15,released,RELEASED
2026-05-18 21:03:47.518,1172.0967,,slider,1,0,-8.06,-12.93,-17.60,ACTIVE,NONE,29300,0,D,D,15.10,released,RELEASED
2026-05-18 21:03:47.920,1172.4979,,slider,1,0,0.00,-2.54,-6.80,ACTIVE,NONE,29310,0,D,D,15.20,released,RELEASED
2026-05-18 21:03:48.320,1172.8980,,slider,1,0,8.06,2.94,-0.30,ACTIVE,NONE,29320,0,D,D,15.10,released,RELEASED
2026-05-18 21:03:48.706,1173.2842,,slider,1,0,11.00,9.78,8.20,ACTIVE,NONE,29330,0,D,D,15.15,released,RELEASED
2026-05-18 21:03:49.106,1173.6843,,slider,1,0,12.48,13.25,12.60,ACTIVE,NONE,29340,0,D,D,15.10,released,RELEASED
2026-05-18 21:03:49.506,1174.0841,,slider,1,0,18.39,18.00,16.50,ACTIVE,NONE,29350,0,D,D,15.20,released,RELEASED
2026-05-18 21:03:49.906,1174.4846,,slider,1,0,21.37,21.13,19.80,ACTIVE,NONE,29360,0,D,D,15.15,released,RELEASED
2026-05-18 21:03:50.306,1174.8844,,slider,1,0,24.36,23.62,22.70,ACTIVE,NONE,29370,0,D,D,15.20,released,RELEASED
2026-05-18 21:03:50.707,1175.2847,,slider,1,0,28.89,26.47,24.30,ACTIVE,NONE,29380,0,D,D,15.20,released,RELEASED
2026-05-18 21:03:51.106,1175.6842,,slider,1,0,33.46,31.45,29.60,ACTIVE,NONE,29390,0,D,D,15.25,released,RELEASED
2026-05-18 21:03:51.506,1176.0844,,slider,1,0,42.77,38.88,35.30,ACTIVE,NONE,29400,0,D,D,15.10,released,RELEASED
2026-05-18 21:03:51.906,1176.4845,,slider,1,0,50.74,48.18,43.60,ACTIVE,NONE,29410,0,D,D,14.85,released,RELEASED
2026-05-18 21:03:52.308,1176.8866,,slider,1,0,77.93,70.10,61.60,ACTIVE,NONE,29420,0,D,D,14.70,released,RELEASED
2026-05-18 21:03:52.709,1177.2867,,slider,1,0,74.37,75.04,73.50,ACTIVE,NONE,29430,0,D,D,14.55,released,RELEASED
2026-05-18 21:03:53.109,1177.6867,,slider,1,0,79.73,78.10,77.20,ACTIVE,NONE,29440,0,D,D,14.30,released,RELEASED
2026-05-18 21:03:53.508,1178.0865,,slider,1,0,76.14,78.05,78.20,ACTIVE,NONE,29450,0,D,D,14.30,released,RELEASED
2026-05-18 21:03:53.908,1178.4865,,slider,1,0,72.61,71.90,73.60,ACTIVE,NONE,29460,0,D,D,14.25,released,RELEASED
2026-05-18 21:03:54.309,1178.8874,,slider,1,0,65.68,67.67,69.50,ACTIVE,NONE,29470,0,D,D,14.30,released,RELEASED
2026-05-18 21:03:54.709,1179.2870,,slider,1,0,65.68,65.91,65.90,ACTIVE,NONE,29480,0,D,D,14.35,released,RELEASED
2026-05-18 21:03:55.109,1179.6867,,slider,1,0,44.35,49.00,54.50,ACTIVE,NONE,29490,0,D,D,14.40,released,RELEASED
2026-05-18 21:03:55.509,1180.0868,,slider,1,0,47.53,47.01,46.80,ACTIVE,NONE,29500,0,D,D,14.50,released,RELEASED
2026-05-18 21:03:55.909,1180.4866,,slider,1,0,47.53,48.38,47.30,ACTIVE,NONE,29510,0,D,D,14.65,released,RELEASED
2026-05-18 21:03:56.309,1180.8873,,slider,1,0,49.13,48.89,48.70,ACTIVE,NONE,29520,0,D,D,14.70,released,RELEASED
2026-05-18 21:03:56.709,1181.2874,,slider,1,0,58.94,58.71,56.30,ACTIVE,NONE,29530,0,D,D,14.85,released,RELEASED
2026-05-18 21:03:57.109,1181.6873,,slider,1,0,58.94,59.56,58.20,ACTIVE,NONE,29540,0,D,D,14.90,released,RELEASED
2026-05-18 21:03:57.509,1182.0870,,slider,1,0,60.61,59.94,60.30,ACTIVE,NONE,29550,0,D,D,15.00,released,RELEASED
2026-05-18 21:03:57.909,1182.4872,,slider,1,0,62.29,61.34,60.30,ACTIVE,NONE,29560,0,D,D,15.00,released,RELEASED
2026-05-18 21:03:58.310,1182.8876,,slider,1,0,63.98,63.78,63.00,ACTIVE,NONE,29570,0,D,D,15.05,released,RELEASED
2026-05-18 21:03:58.709,1183.2874,,slider,1,0,62.29,63.64,63.50,ACTIVE,NONE,29580,0,D,D,15.15,released,RELEASED
2026-05-18 21:03:59.109,1183.6870,,slider,1,0,60.61,61.75,63.00,ACTIVE,NONE,29590,0,D,D,15.10,released,RELEASED
2026-05-18 21:03:59.509,1184.0873,,slider,1,0,50.74,55.92,59.00,ACTIVE,NONE,29600,0,D,D,15.15,released,RELEASED
2026-05-18 21:03:59.909,1184.4869,,slider,1,0,41.20,46.63,48.90,ACTIVE,NONE,29610,0,D,D,15.10,released,RELEASED
2026-05-18 21:04:00.309,1184.8871,,slider,1,0,39.64,39.00,39.90,ACTIVE,NONE,29620,0,D,D,15.10,released,RELEASED
2026-05-18 21:04:00.709,1185.2874,,slider,1,0,30.41,33.91,35.70,ACTIVE,NONE,29630,0,D,D,15.10,released,RELEASED
2026-05-18 21:04:01.109,1185.6874,,slider,1,0,22.87,25.60,27.60,ACTIVE,NONE,29640,0,D,D,15.05,released,RELEASED
2026-05-18 21:04:01.509,1186.0874,,slider,1,0,19.88,19.49,21.20,ACTIVE,NONE,29650,0,D,D,15.00,released,RELEASED
2026-05-18 21:04:01.909,1186.4874,,slider,1,0,11.00,11.80,13.80,ACTIVE,NONE,29660,0,D,D,14.90,released,RELEASED
2026-05-18 21:04:02.311,1186.8889,,slider,1,0,15.43,9.52,9.00,ACTIVE,NONE,29670,0,D,D,14.85,released,RELEASED
2026-05-18 21:04:02.711,1187.2891,,slider,1,0,33.46,25.66,20.40,ACTIVE,NONE,29680,0,D,D,14.75,released,RELEASED
2026-05-18 21:04:03.111,1187.6886,,slider,1,0,50.74,48.46,41.60,ACTIVE,NONE,29690,0,D,D,14.70,released,RELEASED
2026-05-18 21:04:03.511,1188.0892,,slider,1,0,53.99,50.34,50.00,ACTIVE,NONE,29700,0,D,D,14.65,released,RELEASED
2026-05-18 21:04:03.911,1188.4888,,slider,1,0,38.09,45.22,51.70,ACTIVE,NONE,29710,0,D,D,14.55,released,RELEASED
2026-05-18 21:04:04.311,1188.8889,,slider,1,0,18.39,23.69,29.90,ACTIVE,NONE,29720,0,D,D,14.50,released,RELEASED
2026-05-18 21:04:04.711,1189.2891,,slider,1,0,9.53,14.11,17.20,ACTIVE,NONE,29730,0,D,D,14.35,released,RELEASED
2026-05-18 21:04:05.115,1189.6925,,slider,1,0,19.88,14.80,11.20,ACTIVE,NONE,29740,0,D,D,14.30,released,RELEASED
2026-05-18 21:04:05.515,1190.0926,,slider,1,0,24.36,23.06,19.60,ACTIVE,NONE,29750,0,D,D,14.20,released,RELEASED
2026-05-18 21:04:05.915,1190.4927,,slider,1,0,9.53,12.53,17.40,ACTIVE,NONE,29760,0,D,D,14.20,released,RELEASED
2026-05-18 21:04:06.321,1190.8985,,slider,1,0,11.00,10.13,10.20,ACTIVE,NONE,29770,0,D,D,14.00,released,RELEASED
2026-05-18 21:04:06.721,1191.2988,,slider,1,0,27.38,15.43,7.30,ACTIVE,NONE,29780,0,D,D,14.05,released,RELEASED
2026-05-18 21:04:07.123,1191.7009,,slider,1,0,0.00,7.03,16.30,ACTIVE,NONE,29790,0,D,D,14.00,released,RELEASED
2026-05-18 21:04:07.511,1192.0889,,slider,1,0,-11.00,-8.64,-4.10,ACTIVE,NONE,29800,0,D,D,13.90,released,RELEASED
2026-05-18 21:04:07.913,1192.4905,,slider,1,0,-16.91,-14.76,-12.40,ACTIVE,NONE,29810,0,D,D,13.85,released,RELEASED
2026-05-18 21:04:08.313,1192.8906,,slider,1,0,-22.87,-20.70,-18.40,ACTIVE,NONE,29820,0,D,D,13.70,released,RELEASED
2026-05-18 21:04:08.716,1193.2936,,slider,1,0,0.00,-10.52,-19.80,ACTIVE,NONE,29830,0,D,D,13.65,released,RELEASED
2026-05-18 21:04:09.116,1193.6935,,slider,1,0,0.00,-0.52,-2.50,ACTIVE,NONE,29840,0,D,D,13.65,released,RELEASED
2026-05-18 21:04:09.516,1194.0935,,slider,1,0,0.00,-0.03,-0.30,ACTIVE,NONE,29850,0,D,D,13.35,released,RELEASED
2026-05-18 21:04:09.916,1194.4937,,slider,1,0,-9.53,-4.19,-0.40,ACTIVE,NONE,29860,0,D,D,13.35,released,RELEASED
2026-05-18 21:04:10.319,1194.8966,,slider,1,0,-12.48,-13.00,-10.90,ACTIVE,NONE,29870,0,D,D,13.20,released,RELEASED
2026-05-18 21:04:10.719,1195.2965,,slider,1,0,-15.43,-13.83,-12.80,ACTIVE,NONE,29880,0,D,D,13.15,released,RELEASED
2026-05-18 21:04:11.119,1195.6969,,slider,1,0,-21.37,-20.15,-18.50,ACTIVE,NONE,29890,0,D,D,13.00,released,RELEASED
2026-05-18 21:04:11.519,1196.0967,,slider,1,0,-25.87,-24.38,-23.40,ACTIVE,NONE,29900,0,D,D,12.85,released,RELEASED
2026-05-18 21:04:11.919,1196.4968,,slider,1,0,-24.36,-24.03,-24.80,ACTIVE,NONE,29910,0,D,D,12.80,released,RELEASED
2026-05-18 21:04:12.319,1196.8966,,slider,1,0,-25.87,-25.42,-25.00,ACTIVE,NONE,29920,0,D,D,12.70,released,RELEASED
2026-05-18 21:04:12.719,1197.2969,,slider,1,0,-16.91,-16.52,-19.80,ACTIVE,NONE,29930,0,D,D,12.55,released,RELEASED
2026-05-18 21:04:13.119,1197.6969,,slider,1,0,-8.06,-9.61,-11.80,ACTIVE,NONE,29940,0,D,D,12.45,released,RELEASED
2026-05-18 21:04:13.508,1198.0861,,slider,1,0,9.53,3.00,-2.40,ACTIVE,NONE,29950,0,D,D,12.05,released,RELEASED
2026-05-18 21:04:13.909,1198.4864,,slider,1,0,11.00,9.66,8.50,ACTIVE,NONE,29960,0,D,D,12.00,released,RELEASED
2026-05-18 21:04:14.309,1198.8866,,slider,1,0,-18.39,-9.29,0.20,ACTIVE,NONE,29970,0,D,D,11.85,released,RELEASED
2026-05-18 21:04:14.709,1199.2868,,slider,1,0,-16.91,-16.17,-14.70,ACTIVE,NONE,29980,0,D,D,11.75,released,RELEASED
2026-05-18 21:04:15.109,1199.6869,,slider,1,0,0.00,-10.18,-16.00,ACTIVE,NONE,29990,0,D,D,11.50,released,RELEASED
2026-05-18 21:04:15.510,1200.0876,,slider,1,0,-9.53,-7.62,-5.60,ACTIVE,NONE,30000,0,D,D,11.35,released,RELEASED
2026-05-18 21:04:15.912,1200.4898,,slider,1,0,-42.77,-30.18,-17.10,ACTIVE,NONE,30010,0,D,D,11.20,released,RELEASED
2026-05-18 21:04:16.317,1200.8951,,slider,1,0,-18.39,-23.32,-30.10,ACTIVE,NONE,30020,0,D,D,11.05,released,RELEASED
2026-05-18 21:04:16.723,1201.3011,,slider,1,0,22.87,14.29,3.00,ACTIVE,NONE,30030,0,D,D,10.90,released,RELEASED
2026-05-18 21:04:17.108,1201.6855,,slider,1,0,-38.09,-23.90,-4.40,ACTIVE,NONE,30040,0,D,D,10.75,released,RELEASED
2026-05-18 21:04:17.507,1202.0852,,slider,1,0,24.36,7.06,-13.50,ACTIVE,NONE,30050,0,D,D,10.65,released,RELEASED
2026-05-18 21:04:17.908,1202.4854,,slider,1,0,-39.64,-27.48,-6.60,ACTIVE,NONE,30060,0,D,D,10.45,released,RELEASED
2026-05-18 21:04:18.308,1202.8860,,slider,1,0,24.36,-4.60,-23.30,ACTIVE,NONE,30070,0,D,D,10.25,released,RELEASED
2026-05-18 21:04:18.713,1203.2906,,slider,1,0,-18.39,-3.57,7.60,ACTIVE,NONE,30080,0,D,D,10.15,released,RELEASED
2026-05-18 21:04:19.116,1203.6933,,slider,1,0,0.00,-10.29,-18.00,ACTIVE,NONE,30090,0,D,D,10.05,released,RELEASED
2026-05-18 21:04:19.524,1204.1016,,slider,1,0,-9.53,-0.72,0.60,ACTIVE,NONE,30100,0,D,D,9.90,released,RELEASED
2026-05-18 21:04:19.907,1204.4852,,slider,1,0,-19.88,-17.15,-13.10,ACTIVE,NONE,30110,0,D,D,9.80,released,RELEASED
2026-05-18 21:04:20.327,1204.9050,,slider,1,0,-30.41,-26.53,-23.00,ACTIVE,NONE,30120,0,D,D,9.75,released,RELEASED
2026-05-18 21:04:20.728,1205.3061,,slider,1,0,0.00,-10.89,-25.30,ACTIVE,NONE,30130,0,D,D,9.55,released,RELEASED
2026-05-18 21:04:21.108,1205.6862,,slider,1,0,0.00,-0.14,-2.70,ACTIVE,NONE,30140,0,D,D,9.50,released,RELEASED
2026-05-18 21:04:21.509,1206.0866,,slider,1,0,-8.06,-1.47,-0.20,ACTIVE,NONE,30150,0,D,D,9.45,released,RELEASED
2026-05-18 21:04:21.910,1206.4880,,slider,1,0,-18.39,-15.50,-11.10,ACTIVE,NONE,30160,0,D,D,9.20,released,RELEASED
2026-05-18 21:04:22.310,1206.8881,,slider,1,0,-19.88,-19.59,-18.60,ACTIVE,NONE,30170,0,D,D,9.00,released,RELEASED
2026-05-18 21:04:22.710,1207.2879,,slider,1,0,0.00,-5.59,-14.60,ACTIVE,NONE,30180,0,D,D,8.70,released,RELEASED
2026-05-18 21:04:23.110,1207.6881,,slider,1,0,0.00,-0.28,-1.30,ACTIVE,NONE,30190,0,D,D,8.40,released,RELEASED
2026-05-18 21:04:23.510,1208.0881,,slider,1,0,0.00,-0.01,0.10,ACTIVE,NONE,30200,0,D,D,8.20,released,RELEASED
2026-05-18 21:04:23.911,1208.4883,,slider,1,0,0.00,-0.00,0.10,ACTIVE,NONE,30210,0,D,D,7.95,released,RELEASED
2026-05-18 21:04:24.311,1208.8883,,slider,1,0,0.00,-4.16,-6.20,ACTIVE,NONE,30220,0,D,D,7.80,released,RELEASED
2026-05-18 21:04:24.710,1209.2882,,slider,1,0,0.00,-0.21,-1.10,ACTIVE,NONE,30230,0,D,D,7.80,released,RELEASED
2026-05-18 21:04:25.111,1209.6886,,slider,1,0,0.00,-0.01,-0.10,ACTIVE,NONE,30240,0,D,D,7.80,released,RELEASED
2026-05-18 21:04:25.511,1210.0885,,slider,1,0,0.00,-0.00,0.00,ACTIVE,NONE,30250,0,D,D,7.55,released,RELEASED
2026-05-18 21:04:25.911,1210.4884,,slider,1,0,0.00,-0.00,0.00,ACTIVE,NONE,30260,0,D,D,7.30,released,RELEASED
2026-05-18 21:04:26.311,1210.8889,,slider,1,0,0.00,-0.00,0.00,ACTIVE,NONE,30270,0,D,D,6.75,released,RELEASED
2026-05-18 21:04:26.711,1211.2884,,slider,1,0,0.00,-0.00,0.00,ACTIVE,NONE,30280,0,D,D,6.35,released,RELEASED
2026-05-18 21:04:27.111,1211.6887,,slider,1,0,0.00,-0.00,0.00,ACTIVE,NONE,30290,0,D,D,6.00,released,RELEASED
2026-05-18 21:04:27.511,1212.0889,,slider,1,0,0.00,-0.22,0.00,ACTIVE,NONE,30300,0,D,D,5.70,released,RELEASED
2026-05-18 21:04:27.911,1212.4889,,slider,1,0,0.00,-0.01,-0.10,ACTIVE,NONE,30310,0,D,D,5.45,released,RELEASED
2026-05-18 21:04:28.311,1212.8889,,slider,1,0,0.00,-0.00,-0.10,ACTIVE,NONE,30320,0,D,D,5.25,released,RELEASED
2026-05-18 21:04:28.711,1213.2886,,slider,1,0,0.00,-0.00,-0.10,ACTIVE,NONE,30330,0,D,D,5.10,released,RELEASED
2026-05-18 21:04:29.111,1213.6889,,slider,1,0,0.00,-0.00,-0.10,ACTIVE,NONE,30340,0,D,D,4.95,PRESSED,FAULT
2026-05-18 21:04:29.511,1214.0889,,slider,1,0,0.00,-0.00,-0.10,ACTIVE,NONE,30350,0,D,D,4.40,PRESSED,FAULT
2026-05-18 21:04:29.912,1214.4901,,slider,1,0,33.46,26.27,14.20,ACTIVE,NONE,30360,0,D,D,3.65,PRESSED,FAULT
2026-05-18 21:04:30.313,1214.8903,,slider,1,0,49.13,41.54,35.10,ACTIVE,NONE,30370,0,D,D,2.90,PRESSED,FAULT
2026-05-18 21:04:30.717,1215.2950,,slider,1,0,81.55,73.05,59.20,ACTIVE,NONE,30380,0,D,D,2.05,PRESSED,FAULT
2026-05-18 21:04:31.117,1215.6952,,slider,1,0,18.39,58.73,74.60,ACTIVE,NONE,30390,0,D,D,1.15,PRESSED,FAULT
2026-05-18 21:04:31.518,1216.0952,,slider,1,0,0.00,3.39,17.70,ACTIVE,NONE,30400,0,D,D,0.35,PRESSED,FAULT
2026-05-18 21:04:31.925,1216.5028,,slider,1,0,0.00,0.17,1.80,ACTIVE,NONE,30410,0,D,D,-0.05,PRESSED,FAULT
2026-05-18 21:04:32.325,1216.9029,,slider,1,0,0.00,0.01,0.30,ACTIVE,NONE,30420,0,D,D,0.00,PRESSED,FAULT
2026-05-18 21:04:32.725,1217.3028,,slider,1,0,0.00,0.00,0.00,ACTIVE,NONE,30430,0,D,D,0.00,PRESSED,FAULT
2026-05-18 21:04:33.125,1217.7027,,slider,1,0,0.00,0.00,-0.30,ACTIVE,NONE,30440,0,D,D,0.00,PRESSED,FAULT
2026-05-18 21:04:33.525,1218.1028,,slider,1,0,0.00,0.00,-0.30,ACTIVE,NONE,30450,0,D,D,0.00,PRESSED,FAULT
2026-05-18 21:04:33.925,1218.5029,,slider,1,0,0.00,0.00,-0.30,ACTIVE,NONE,30460,0,D,D,0.00,PRESSED,FAULT
2026-05-18 21:04:34.325,1218.9028,,slider,1,0,0.00,0.00,-0.30,ACTIVE,NONE,30470,0,D,D,0.00,PRESSED,FAULT
2026-05-18 21:04:34.725,1219.3029,,slider,1,0,0.00,0.00,-0.30,ACTIVE,NONE,30480,0,D,D,0.00,PRESSED,FAULT
2026-05-18 21:04:35.125,1219.7029,,slider,1,0,0.00,0.00,-0.30,ACTIVE,NONE,30490,0,D,D,0.00,PRESSED,FAULT
2026-05-18 21:04:35.525,1220.1029,,slider,1,0,0.00,0.00,-0.20,ACTIVE,NONE,30500,0,D,D,0.00,PRESSED,FAULT
2026-05-18 21:04:35.925,1220.5029,,slider,1,0,0.00,0.00,-0.20,ACTIVE,NONE,30510,0,D,D,0.00,PRESSED,FAULT
2026-05-18 21:04:36.325,1220.9029,,slider,1,0,0.00,0.00,-0.10,ACTIVE,NONE,30520,0,D,D,-0.05,PRESSED,FAULT
2026-05-18 21:04:36.725,1221.3031,,slider,1,0,0.00,0.00,0.00,ACTIVE,NONE,30530,0,D,D,-0.05,PRESSED,FAULT
2026-05-18 21:04:37.125,1221.7031,,slider,1,0,0.00,0.00,0.00,ACTIVE,NONE,30540,0,D,D,0.00,PRESSED,FAULT
2026-05-18 21:04:37.525,1222.1031,,slider,1,0,0.00,0.00,0.00,ACTIVE,NONE,30550,0,D,D,0.00,PRESSED,FAULT
2026-05-18 21:04:37.926,1222.5032,,slider,1,0,0.00,0.00,0.00,ACTIVE,NONE,30560,0,D,D,0.00,PRESSED,FAULT
2026-05-18 21:04:38.326,1222.9033,,slider,1,0,0.00,0.00,0.00,ACTIVE,NONE,30570,0,D,D,0.00,PRESSED,FAULT
2026-05-18 21:04:38.726,1223.3032,,slider,1,0,0.00,0.00,0.00,ACTIVE,NONE,30580,0,D,D,0.00,PRESSED,FAULT
2026-05-18 21:04:39.126,1223.7033,,slider,1,0,0.00,0.00,0.00,ACTIVE,NONE,30590,0,D,D,0.00,PRESSED,FAULT
2026-05-18 21:04:39.526,1224.1033,,slider,1,0,0.00,0.00,0.00,ACTIVE,NONE,30600,0,D,D,0.00,PRESSED,FAULT
2026-05-18 21:04:39.926,1224.5034,,slider,1,0,0.00,0.00,0.00,ACTIVE,NONE,30610,0,D,D,0.00,PRESSED,FAULT
2026-05-18 21:04:40.326,1224.9034,,slider,1,0,0.00,0.00,0.00,ACTIVE,NONE,30620,0,D,D,0.00,PRESSED,FAULT
2026-05-18 21:04:40.726,1225.3034,,slider,1,0,0.00,0.00,0.00,ACTIVE,NONE,30630,0,D,D,0.00,PRESSED,FAULT
2026-05-18 21:04:41.126,1225.7034,,slider,1,0,0.00,-1.46,0.00,ACTIVE,NONE,30640,0,D,D,0.00,PRESSED,FAULT
2026-05-18 21:04:41.526,1226.1036,,slider,1,0,0.00,-0.07,0.00,ACTIVE,NONE,30650,0,D,D,0.05,PRESSED,FAULT
2026-05-18 21:04:41.907,1226.4845,,slider,1,0,0.00,-0.01,0.00,ACTIVE,NONE,30660,0,D,D,0.05,PRESSED,FAULT
2026-05-18 21:04:42.307,1226.8849,,slider,1,0,0.00,-0.00,0.00,ACTIVE,NONE,30670,0,D,D,0.00,PRESSED,FAULT
2026-05-18 21:04:42.708,1227.2851,,slider,1,0,0.00,-0.00,0.00,ACTIVE,NONE,30680,0,D,D,0.00,PRESSED,FAULT
2026-05-18 21:04:43.108,1227.6851,,slider,1,0,0.00,-0.00,0.00,ACTIVE,NONE,30690,0,D,D,0.00,PRESSED,FAULT
2026-05-18 21:04:43.512,1228.0899,,slider,1,0,0.00,-0.00,0.00,ACTIVE,NONE,30700,0,D,D,0.00,PRESSED,FAULT
2026-05-18 21:04:43.907,1228.4850,,slider,1,0,0.00,-0.00,0.00,ACTIVE,NONE,30710,0,D,D,0.00,PRESSED,FAULT
2026-05-18 21:04:44.308,1228.8855,,slider,1,0,0.00,-0.00,0.00,ACTIVE,NONE,30720,0,D,D,0.00,PRESSED,FAULT
2026-05-18 21:04:44.708,1229.2852,,slider,1,0,0.00,-0.00,0.00,ACTIVE,NONE,30730,0,D,D,0.00,PRESSED,FAULT
2026-05-18 21:04:45.108,1229.6851,,slider,1,0,0.00,-0.00,0.00,ACTIVE,NONE,30740,0,D,D,0.00,PRESSED,FAULT
2026-05-18 21:04:45.513,1230.0901,,slider,1,0,0.00,-0.00,0.00,ACTIVE,NONE,30750,0,D,D,0.00,PRESSED,FAULT
2026-05-18 21:04:45.907,1230.4845,,slider,1,0,0.00,-0.00,0.00,ACTIVE,NONE,30760,0,D,D,0.00,PRESSED,FAULT
2026-05-18 21:04:46.307,1230.8845,,slider,1,0,0.00,-0.00,0.00,ACTIVE,NONE,30770,0,D,D,0.00,PRESSED,FAULT
2026-05-18 21:04:46.708,1231.2856,,slider,1,0,0.00,-0.00,0.00,ACTIVE,NONE,30780,0,D,D,0.00,PRESSED,FAULT
2026-05-18 21:04:47.113,1231.6903,,slider,1,0,0.00,-0.00,0.00,ACTIVE,NONE,30790,0,D,D,0.00,PRESSED,FAULT
2026-05-18 21:04:47.507,1232.0843,,slider,1,0,0.00,-0.00,0.00,ACTIVE,NONE,30800,0,D,D,0.00,PRESSED,FAULT
2026-05-18 21:04:47.758,1232.3355,shift_requested:P,slider,1,0,0.00,-0.00,0.00,ACTIVE,NONE,30806,0,D,D,0.00,PRESSED,FAULT
2026-05-18 21:04:47.911,1232.4880,,slider,1,0,0.00,-0.00,0.00,ACTIVE,NONE,30810,0,D,P,0.00,PRESSED,FAULT
2026-05-18 21:04:48.134,1232.7114,gear_change:P,slider,1,0,0.00,-0.00,0.00,ACTIVE,NONE,30815,0,P,P,0.00,PRESSED,FAULT
2026-05-18 21:04:48.307,1232.8844,,slider,1,0,0.00,-0.00,0.00,ACTIVE,NONE,30820,0,P,P,0.00,PRESSED,FAULT
2026-05-18 21:04:48.707,1233.2846,,slider,1,0,0.00,-0.00,0.00,ACTIVE,NONE,30830,0,P,P,0.00,PRESSED,FAULT
2026-05-18 21:04:49.107,1233.6846,,slider,1,0,0.00,-0.00,0.00,ACTIVE,NONE,30840,0,P,P,0.00,PRESSED,FAULT
2026-05-18 21:04:49.507,1234.0846,,slider,1,0,0.00,-0.00,0.00,ACTIVE,NONE,30850,0,P,P,0.00,released,RELEASED
2026-05-18 21:04:49.918,1234.4953,,slider,1,0,0.00,-0.00,0.00,ACTIVE,NONE,30860,0,P,P,0.00,released,RELEASED
2026-05-18 21:04:50.318,1234.8954,,slider,1,0,0.00,-0.00,0.00,ACTIVE,NONE,30870,0,P,P,0.00,released,RELEASED
2026-05-18 21:04:50.707,1235.2845,,slider,1,0,0.00,-0.00,0.00,ACTIVE,NONE,30880,0,P,P,0.00,released,RELEASED
2026-05-18 21:04:51.108,1235.6856,,slider,1,0,0.00,-0.00,0.00,ACTIVE,NONE,30890,0,P,P,0.00,released,RELEASED
2026-05-18 21:04:51.507,1236.0843,,slider,1,0,0.00,-0.00,0.00,ACTIVE,NONE,30900,0,P,P,0.00,released,RELEASED
2026-05-18 21:04:51.907,1236.4845,,slider,1,0,0.00,-0.00,0.00,ACTIVE,NONE,30910,0,P,P,0.00,released,RELEASED
2026-05-18 21:04:52.307,1236.8845,,slider,1,0,0.00,-0.00,0.00,ACTIVE,NONE,30920,0,P,P,0.00,released,RELEASED
2026-05-18 21:04:52.707,1237.2843,,slider,1,0,0.00,-0.00,0.00,ACTIVE,NONE,30930,0,P,P,0.00,released,RELEASED
2026-05-18 21:04:53.110,1237.6878,,slider,1,0,0.00,-0.00,0.00,ACTIVE,NONE,30940,0,P,P,0.00,released,RELEASED
2026-05-18 21:04:53.508,1238.0855,,slider,1,0,0.00,-0.00,0.00,ACTIVE,NONE,30950,0,P,P,0.00,released,RELEASED
2026-05-18 21:04:53.911,1238.4882,,slider,1,0,0.00,-0.00,0.00,ACTIVE,NONE,30960,0,P,P,0.00,released,RELEASED
2026-05-18 21:04:54.310,1238.8876,,slider,1,0,0.00,-0.00,0.00,ACTIVE,NONE,30970,0,P,P,0.00,released,RELEASED
2026-05-18 21:04:54.711,1239.2888,,slider,1,0,0.00,-0.00,0.00,ACTIVE,NONE,30980,0,P,P,0.00,released,RELEASED
2026-05-18 21:04:55.110,1239.6877,,slider,1,0,0.00,-0.00,0.00,ACTIVE,NONE,30990,0,P,P,0.00,released,RELEASED
2026-05-18 21:04:55.509,1240.0868,,slider,1,0,0.00,-0.00,0.00,ACTIVE,NONE,31000,0,P,P,0.00,released,RELEASED
2026-05-18 21:04:55.909,1240.4864,,slider,1,0,0.00,-0.00,0.00,ACTIVE,NONE,31010,0,P,P,0.00,released,RELEASED
2026-05-18 21:04:56.309,1240.8866,,slider,1,0,0.00,-0.00,0.00,ACTIVE,NONE,31020,0,P,P,0.00,released,RELEASED
2026-05-18 21:04:56.709,1241.2868,,slider,1,0,0.00,-0.00,0.00,ACTIVE,NONE,31030,0,P,P,0.00,released,RELEASED
2026-05-18 21:04:57.109,1241.6865,,slider,1,0,0.00,-0.00,0.00,ACTIVE,NONE,31040,0,P,P,0.00,released,RELEASED
2026-05-18 21:04:57.510,1242.0872,,slider,1,0,0.00,-0.00,0.00,ACTIVE,NONE,31050,0,P,P,0.00,released,RELEASED
2026-05-18 21:04:57.911,1242.4888,,slider,1,0,0.00,-0.00,0.00,ACTIVE,NONE,31060,0,P,P,0.00,released,RELEASED
2026-05-18 21:04:58.310,1242.8872,,slider,1,0,0.00,-0.00,0.00,ACTIVE,NONE,31070,0,P,P,0.00,released,RELEASED
2026-05-18 21:04:58.711,1243.2881,,slider,1,0,0.00,-0.00,0.00,ACTIVE,NONE,31080,0,P,P,0.00,released,RELEASED
2026-05-18 21:04:59.110,1243.6878,,slider,1,0,0.00,-0.00,0.00,ACTIVE,NONE,31090,0,P,P,0.00,released,RELEASED
2026-05-18 21:04:59.509,1244.0867,,slider,1,0,0.00,-0.00,0.00,ACTIVE,NONE,31100,0,P,P,0.00,released,RELEASED
2026-05-18 21:04:59.910,1244.4877,,slider,1,0,0.00,-0.00,0.00,ACTIVE,NONE,31110,0,P,P,0.00,released,RELEASED
2026-05-18 21:05:00.311,1244.8885,,slider,1,0,0.00,-0.00,0.00,ACTIVE,NONE,31120,0,P,P,0.00,released,RELEASED
2026-05-18 21:05:00.711,1245.2882,,slider,1,0,0.00,-0.00,0.00,ACTIVE,NONE,31130,0,P,P,0.00,released,RELEASED
2026-05-18 21:05:01.109,1245.6868,,slider,1,0,0.00,-0.00,0.00,ACTIVE,NONE,31140,0,P,P,0.00,released,RELEASED
2026-05-18 21:05:01.510,1246.0877,,slider,1,0,0.00,-0.00,0.00,ACTIVE,NONE,31150,0,P,P,0.00,released,RELEASED
2026-05-18 21:05:01.911,1246.4881,,slider,1,0,0.00,-0.00,0.00,ACTIVE,NONE,31160,0,P,P,0.00,released,RELEASED
2026-05-18 21:05:02.310,1246.8870,,slider,1,0,0.00,-0.00,0.00,ACTIVE,NONE,31170,0,P,P,0.00,released,RELEASED
2026-05-18 21:05:02.710,1247.2878,,slider,1,0,0.00,-0.00,0.00,ACTIVE,NONE,31180,0,P,P,0.00,released,RELEASED
2026-05-18 21:05:03.111,1247.6879,,slider,1,0,0.00,-0.00,0.00,ACTIVE,NONE,31190,0,P,P,0.00,released,RELEASED
2026-05-18 21:05:03.510,1248.0870,,slider,1,0,0.00,-0.00,0.00,ACTIVE,NONE,31200,0,P,P,0.00,released,RELEASED
2026-05-18 21:05:03.911,1248.4885,,slider,1,0,0.00,-0.00,0.00,ACTIVE,NONE,31210,0,P,P,0.00,released,RELEASED
2026-05-18 21:05:04.310,1248.8874,,slider,1,0,0.00,-0.00,0.00,ACTIVE,NONE,31220,0,P,P,0.00,released,RELEASED
2026-05-18 21:05:04.712,1249.2895,,slider,1,0,0.00,-0.00,0.00,ACTIVE,NONE,31230,0,P,P,0.00,released,RELEASED
2026-05-18 21:05:05.111,1249.6882,,slider,1,0,0.00,-0.00,0.00,ACTIVE,NONE,31240,0,P,P,0.00,released,RELEASED
2026-05-18 21:05:05.511,1250.0885,,slider,1,0,0.00,-0.00,0.00,ACTIVE,NONE,31250,0,P,P,0.00,released,RELEASED
2026-05-18 21:05:05.912,1250.4890,,slider,1,0,0.00,-0.00,0.00,ACTIVE,NONE,31260,0,P,P,0.00,released,RELEASED
2026-05-18 21:05:06.310,1250.8876,,slider,1,0,0.00,-0.00,0.00,ACTIVE,NONE,31270,0,P,P,0.00,released,RELEASED
2026-05-18 21:05:06.712,1251.2892,,slider,1,0,0.00,-0.00,0.00,ACTIVE,NONE,31280,0,P,P,0.00,released,RELEASED
2026-05-18 21:05:07.110,1251.6878,,slider,1,0,0.00,-0.00,0.00,ACTIVE,NONE,31290,0,P,P,0.00,released,RELEASED
2026-05-18 21:05:07.511,1252.0883,,slider,1,0,0.00,-0.00,0.00,ACTIVE,NONE,31300,0,P,P,0.00,released,RELEASED
2026-05-18 21:05:07.910,1252.4875,,slider,1,0,0.00,-0.00,0.00,ACTIVE,NONE,31310,0,P,P,0.00,released,RELEASED
2026-05-18 21:05:08.311,1252.8882,,slider,1,0,0.00,-0.00,0.00,ACTIVE,NONE,31320,0,P,P,0.00,released,RELEASED
2026-05-18 21:05:08.711,1253.2879,,slider,1,0,0.00,-0.00,0.00,ACTIVE,NONE,31330,0,P,P,0.00,released,RELEASED
2026-05-18 21:05:09.112,1253.6891,,slider,1,0,0.00,-0.00,0.00,ACTIVE,NONE,31340,0,P,P,0.00,released,RELEASED
2026-05-18 21:05:09.510,1254.0878,,slider,1,0,0.00,-0.00,0.00,ACTIVE,NONE,31350,0,P,P,0.00,released,RELEASED
2026-05-18 21:05:09.912,1254.4892,,slider,1,0,0.00,-0.00,0.00,ACTIVE,NONE,31360,0,P,P,0.00,released,RELEASED
2026-05-18 21:05:10.311,1254.8888,,slider,1,0,0.00,-0.00,0.00,ACTIVE,NONE,31370,0,P,P,0.00,released,RELEASED
2026-05-18 21:05:10.713,1255.2899,,slider,1,0,0.00,-0.00,0.00,ACTIVE,NONE,31380,0,P,P,0.00,released,RELEASED
2026-05-18 21:05:11.111,1255.6888,,slider,1,0,0.00,-0.00,0.00,ACTIVE,NONE,31390,0,P,P,0.00,released,RELEASED
2026-05-18 21:05:11.512,1256.0891,,slider,1,0,0.00,-0.00,0.00,ACTIVE,NONE,31400,0,P,P,0.00,released,RELEASED
2026-05-18 21:05:11.914,1256.4914,,slider,1,0,0.00,-0.00,0.00,ACTIVE,NONE,31410,0,P,P,0.00,released,RELEASED
2026-05-18 21:05:12.311,1256.8887,,slider,1,0,0.00,-0.00,0.00,ACTIVE,NONE,31420,0,P,P,0.00,released,RELEASED
2026-05-18 21:05:12.714,1257.2911,,slider,1,0,0.00,-0.00,0.00,ACTIVE,NONE,31430,0,P,P,0.00,released,RELEASED
2026-05-18 21:05:13.114,1257.6910,,slider,1,0,0.00,-0.00,0.00,ACTIVE,NONE,31440,0,P,P,0.00,released,RELEASED
2026-05-18 21:05:13.512,1258.0898,,slider,1,0,0.00,-0.00,0.00,ACTIVE,NONE,31450,0,P,P,0.00,released,RELEASED
2026-05-18 21:05:13.916,1258.4934,,slider,1,0,0.00,-0.00,0.00,ACTIVE,NONE,31460,0,P,P,0.00,released,RELEASED
2026-05-18 21:05:14.311,1258.8887,,slider,1,0,0.00,-0.00,0.00,ACTIVE,NONE,31470,0,P,P,0.00,released,RELEASED
2026-05-18 21:05:14.713,1259.2900,,slider,1,0,0.00,-0.00,0.00,ACTIVE,NONE,31480,0,P,P,0.00,released,RELEASED
2026-05-18 21:05:15.112,1259.6896,,slider,1,0,0.00,-0.00,0.00,ACTIVE,NONE,31490,0,P,P,0.00,released,RELEASED
2026-05-18 21:05:15.512,1260.0891,,slider,1,0,0.00,-0.00,0.00,ACTIVE,NONE,31500,0,P,P,0.00,released,RELEASED
2026-05-18 21:05:15.913,1260.4903,,slider,1,0,0.00,-0.00,0.00,ACTIVE,NONE,31510,0,P,P,0.00,released,RELEASED
2026-05-18 21:05:16.312,1260.8897,,slider,1,0,0.00,-0.00,0.00,ACTIVE,NONE,31520,0,P,P,0.00,released,RELEASED
2026-05-18 21:05:16.712,1261.2896,,slider,1,0,0.00,-0.00,0.00,ACTIVE,NONE,31530,0,P,P,0.00,released,RELEASED
2026-05-18 21:05:17.113,1261.6901,,slider,1,0,0.00,-0.00,0.00,ACTIVE,NONE,31540,0,P,P,0.00,released,RELEASED
2026-05-18 21:05:17.512,1262.0891,,slider,1,0,0.00,-0.00,0.00,ACTIVE,NONE,31550,0,P,P,0.00,released,RELEASED
2026-05-18 21:05:17.913,1262.4898,,slider,1,0,0.00,-0.00,0.00,ACTIVE,NONE,31560,0,P,P,0.00,released,RELEASED
2026-05-18 21:05:18.314,1262.8909,,slider,1,0,0.00,-0.00,0.00,ACTIVE,NONE,31570,0,P,P,0.00,released,RELEASED
2026-05-18 21:05:18.713,1263.2901,,slider,1,0,0.00,-0.00,0.00,ACTIVE,NONE,31580,0,P,P,0.00,released,RELEASED
2026-05-18 21:05:19.114,1263.6914,,slider,1,0,0.00,-0.00,0.00,ACTIVE,NONE,31590,0,P,P,0.00,released,RELEASED
2026-05-18 21:05:19.513,1264.0905,,slider,1,0,0.00,-0.00,0.00,ACTIVE,NONE,31600,0,P,P,0.00,released,RELEASED
2026-05-18 21:05:19.913,1264.4898,,slider,1,0,0.00,-0.00,0.00,ACTIVE,NONE,31610,0,P,P,0.00,released,RELEASED
2026-05-18 21:05:20.313,1264.8906,,slider,1,0,0.00,-0.00,0.00,ACTIVE,NONE,31620,0,P,P,0.00,released,RELEASED
2026-05-18 21:05:20.714,1265.2908,,slider,1,0,0.00,-0.00,0.00,ACTIVE,NONE,31630,0,P,P,0.00,released,RELEASED
2026-05-18 21:05:21.113,1265.6899,,slider,1,0,0.00,-0.00,0.00,ACTIVE,NONE,31640,0,P,P,0.00,released,RELEASED
2026-05-18 21:05:21.514,1266.0915,,slider,1,0,0.00,-0.00,0.00,ACTIVE,NONE,31650,0,P,P,0.00,released,RELEASED
2026-05-18 21:05:21.913,1266.4905,,slider,1,0,0.00,-0.00,0.00,ACTIVE,NONE,31660,0,P,P,0.00,released,RELEASED
2026-05-18 21:05:22.313,1266.8900,,slider,1,0,0.00,-0.00,0.00,ACTIVE,NONE,31670,0,P,P,0.00,released,RELEASED
2026-05-18 21:05:22.713,1267.2900,,slider,1,0,0.00,-0.00,0.00,ACTIVE,NONE,31680,0,P,P,0.00,released,RELEASED
2026-05-18 21:05:23.114,1267.6914,,slider,1,0,0.00,-0.00,0.00,ACTIVE,NONE,31690,0,P,P,0.00,released,RELEASED
2026-05-18 21:05:23.514,1268.0913,,slider,1,0,0.00,-0.00,0.00,ACTIVE,NONE,31700,0,P,P,0.00,released,RELEASED
2026-05-18 21:05:23.913,1268.4907,,slider,1,0,0.00,-0.00,0.00,ACTIVE,NONE,31710,0,P,P,0.00,released,RELEASED
2026-05-18 21:05:24.315,1268.8925,,slider,1,0,0.00,-0.00,0.00,ACTIVE,NONE,31720,0,P,P,0.00,released,RELEASED
2026-05-18 21:05:24.714,1269.2912,,slider,1,0,0.00,-0.00,0.00,ACTIVE,NONE,31730,0,P,P,0.00,released,RELEASED
2026-05-18 21:05:25.115,1269.6921,,slider,1,0,0.00,-0.00,0.00,ACTIVE,NONE,31740,0,P,P,0.00,released,RELEASED
2026-05-18 21:05:25.513,1270.0904,,slider,1,0,0.00,-0.00,0.00,ACTIVE,NONE,31750,0,P,P,0.00,released,RELEASED
2026-05-18 21:05:25.915,1270.4922,,slider,1,0,0.00,-0.00,0.00,ACTIVE,NONE,31760,0,P,P,0.00,released,RELEASED
2026-05-18 21:05:26.315,1270.8918,,slider,1,0,0.00,-0.00,0.00,ACTIVE,NONE,31770,0,P,P,0.00,released,RELEASED
2026-05-18 21:05:26.713,1271.2906,,slider,1,0,0.00,-0.00,0.00,ACTIVE,NONE,31780,0,P,P,0.00,released,RELEASED
2026-05-18 21:05:27.115,1271.6916,,slider,1,0,0.00,-0.00,0.00,ACTIVE,NONE,31790,0,P,P,0.00,released,RELEASED
2026-05-18 21:05:27.514,1272.0913,,slider,1,0,0.00,-0.00,0.00,ACTIVE,NONE,31800,0,P,P,0.00,released,RELEASED
2026-05-18 21:05:27.913,1272.4903,,slider,1,0,0.00,-0.00,0.00,ACTIVE,NONE,31810,0,P,P,0.00,released,RELEASED
2026-05-18 21:05:28.315,1272.8924,,slider,1,0,0.00,-0.00,0.00,ACTIVE,NONE,31820,0,P,P,0.00,released,RELEASED
2026-05-18 21:05:28.713,1273.2906,,slider,1,0,0.00,-0.00,0.00,ACTIVE,NONE,31830,0,P,P,0.00,released,RELEASED
2026-05-18 21:05:29.113,1273.6905,,slider,1,0,0.00,-0.00,0.00,ACTIVE,NONE,31840,0,P,P,0.00,released,RELEASED
2026-05-18 21:05:29.515,1274.0922,,slider,1,0,0.00,-0.00,0.00,ACTIVE,NONE,31850,0,P,P,0.00,released,RELEASED
2026-05-18 21:05:29.915,1274.4918,,slider,1,0,0.00,-0.00,0.00,ACTIVE,NONE,31860,0,P,P,0.00,released,RELEASED
2026-05-18 21:05:30.315,1274.8921,,slider,1,0,0.00,-0.00,0.00,ACTIVE,NONE,31870,0,P,P,0.00,released,RELEASED
2026-05-18 21:05:30.716,1275.2931,,slider,1,0,0.00,-0.00,0.00,ACTIVE,NONE,31880,0,P,P,0.00,released,RELEASED
2026-05-18 21:05:31.115,1275.6921,,slider,1,0,0.00,-0.00,0.00,ACTIVE,NONE,31890,0,P,P,0.00,released,RELEASED
2026-05-18 21:05:31.515,1276.0924,,slider,1,0,0.00,-0.00,0.00,ACTIVE,NONE,31900,0,P,P,0.00,released,RELEASED
2026-05-18 21:05:31.915,1276.4924,,slider,1,0,0.00,-0.00,0.00,ACTIVE,NONE,31910,0,P,P,0.00,released,RELEASED
2026-05-18 21:05:32.315,1276.8923,,slider,1,0,0.00,-0.00,0.00,ACTIVE,NONE,31920,0,P,P,0.00,released,RELEASED
2026-05-18 21:05:32.715,1277.2922,,slider,1,0,0.00,-0.00,0.00,ACTIVE,NONE,31930,0,P,P,0.00,released,RELEASED
2026-05-18 21:05:33.114,1277.6915,,slider,1,0,0.00,-0.00,0.00,ACTIVE,NONE,31940,0,P,P,0.00,released,RELEASED
2026-05-18 21:05:33.515,1278.0920,,slider,1,0,0.00,-0.00,0.00,ACTIVE,NONE,31950,0,P,P,0.00,released,RELEASED
2026-05-18 21:05:33.915,1278.4920,,slider,1,0,0.00,-0.00,0.00,ACTIVE,NONE,31960,0,P,P,0.00,released,RELEASED
2026-05-18 21:05:34.317,1278.8938,,slider,1,0,0.00,-0.00,0.00,ACTIVE,NONE,31970,0,P,P,0.00,released,RELEASED
2026-05-18 21:05:34.716,1279.2927,,slider,1,0,0.00,-0.00,0.00,ACTIVE,NONE,31980,0,P,P,0.00,released,RELEASED
2026-05-18 21:05:35.116,1279.6931,,slider,1,0,0.00,-0.00,0.00,ACTIVE,NONE,31990,0,P,P,0.00,released,RELEASED
2026-05-18 21:05:35.517,1280.0941,,slider,1,0,0.00,-0.00,0.00,ACTIVE,NONE,32000,0,P,P,0.00,released,RELEASED
2026-05-18 21:05:35.917,1280.4939,,slider,1,0,0.00,-0.00,0.00,ACTIVE,NONE,32010,0,P,P,0.00,released,RELEASED
2026-05-18 21:05:36.317,1280.8937,,slider,1,0,0.00,-0.00,0.00,ACTIVE,NONE,32020,0,P,P,0.00,released,RELEASED
2026-05-18 21:05:36.716,1281.2935,,slider,1,0,0.00,-0.00,0.00,ACTIVE,NONE,32030,0,P,P,0.00,released,RELEASED
2026-05-18 21:05:37.116,1281.6927,,slider,1,0,0.00,-0.00,0.00,ACTIVE,NONE,32040,0,P,P,0.00,released,RELEASED
2026-05-18 21:05:37.517,1282.0938,,slider,1,0,0.00,-0.00,0.00,ACTIVE,NONE,32050,0,P,P,0.00,released,RELEASED
2026-05-18 21:05:37.916,1282.4930,,slider,1,0,0.00,-0.00,0.00,ACTIVE,NONE,32060,0,P,P,0.00,released,RELEASED
2026-05-18 21:05:38.315,1282.8921,,slider,1,0,0.00,-0.00,0.00,ACTIVE,NONE,32070,0,P,P,0.00,released,RELEASED
2026-05-18 21:05:38.716,1283.2933,,slider,1,0,0.00,-0.00,0.00,ACTIVE,NONE,32080,0,P,P,0.00,released,RELEASED
2026-05-18 21:05:39.116,1283.6930,,slider,1,0,0.00,-0.00,0.00,ACTIVE,NONE,32090,0,P,P,0.00,released,RELEASED
2026-05-18 21:05:39.516,1284.0929,,slider,1,0,0.00,-0.00,0.00,ACTIVE,NONE,32100,0,P,P,0.00,released,RELEASED
2026-05-18 21:05:39.917,1284.4937,,slider,1,0,0.00,-0.00,0.00,ACTIVE,NONE,32110,0,P,P,0.00,released,RELEASED
2026-05-18 21:05:40.316,1284.8934,,slider,1,0,0.00,-0.00,0.00,ACTIVE,NONE,32120,0,P,P,0.00,released,RELEASED
2026-05-18 21:05:40.717,1285.2939,,slider,1,0,0.00,-0.00,0.00,ACTIVE,NONE,32130,0,P,P,0.00,released,RELEASED
2026-05-18 21:05:41.117,1285.6937,,slider,1,0,0.00,-0.00,0.00,ACTIVE,NONE,32140,0,P,P,0.00,released,RELEASED
2026-05-18 21:05:41.516,1286.0932,,slider,1,0,0.00,-0.00,0.00,ACTIVE,NONE,32150,0,P,P,0.00,released,RELEASED
2026-05-18 21:05:41.917,1286.4944,,slider,1,0,0.00,-0.00,0.00,ACTIVE,NONE,32160,0,P,P,0.00,released,RELEASED
2026-05-18 21:05:42.316,1286.8932,,slider,1,0,0.00,-0.00,0.00,ACTIVE,NONE,32170,0,P,P,0.00,released,RELEASED
2026-05-18 21:05:42.716,1287.2935,,slider,1,0,0.00,-0.00,0.00,ACTIVE,NONE,32180,0,P,P,0.00,released,RELEASED
2026-05-18 21:05:43.117,1287.6941,,slider,1,0,0.00,-0.00,0.00,ACTIVE,NONE,32190,0,P,P,0.00,released,RELEASED
2026-05-18 21:05:43.517,1288.0939,,slider,1,0,0.00,-0.00,0.00,ACTIVE,NONE,32200,0,P,P,0.00,released,RELEASED
2026-05-18 21:05:43.917,1288.4938,,slider,1,0,0.00,-0.00,0.00,ACTIVE,NONE,32210,0,P,P,0.00,released,RELEASED
2026-05-18 21:05:44.316,1288.8934,,slider,1,0,0.00,-0.00,0.00,ACTIVE,NONE,32220,0,P,P,0.00,released,RELEASED
2026-05-18 21:05:44.717,1289.2936,,slider,1,0,0.00,-0.00,0.00,ACTIVE,NONE,32230,0,P,P,0.00,released,RELEASED
2026-05-18 21:05:45.117,1289.6941,,slider,1,0,0.00,-0.00,0.00,ACTIVE,NONE,32240,0,P,P,0.00,released,RELEASED
2026-05-18 21:05:45.520,1290.0965,,slider,1,0,0.00,-0.00,0.00,ACTIVE,NONE,32250,0,P,P,0.00,released,RELEASED
2026-05-18 21:05:45.916,1290.4933,,slider,1,0,0.00,-0.00,0.00,ACTIVE,NONE,32260,0,P,P,0.00,released,RELEASED
2026-05-18 21:05:46.317,1290.8942,,slider,1,0,0.00,-0.00,0.00,ACTIVE,NONE,32270,0,P,P,0.00,released,RELEASED
2026-05-18 21:05:46.717,1291.2941,,slider,1,0,0.00,-0.00,0.00,ACTIVE,NONE,32280,0,P,P,0.00,released,RELEASED
2026-05-18 21:05:47.117,1291.6941,,slider,1,0,0.00,-0.00,0.00,ACTIVE,NONE,32290,0,P,P,0.00,released,RELEASED
2026-05-18 21:05:47.519,1292.0961,,slider,1,0,0.00,-0.00,0.00,ACTIVE,NONE,32300,0,P,P,0.00,released,RELEASED
2026-05-18 21:05:47.917,1292.4942,,slider,1,0,44.35,13.68,1.60,ACTIVE,NONE,32310,0,P,P,0.00,released,RELEASED
2026-05-18 21:05:48.323,1292.8995,,slider,1,0,72.61,-5.08,-2.50,ACTIVE,NONE,32320,0,P,P,0.00,released,RELEASED
2026-05-18 21:05:48.724,1293.3007,,slider,1,0,0.00,-1.28,2.40,ACTIVE,NONE,32330,0,P,P,0.00,released,RELEASED
2026-05-18 21:05:49.125,1293.7015,,slider,1,0,0.00,-0.06,0.90,ACTIVE,NONE,32340,0,P,P,0.00,released,RELEASED
2026-05-18 21:05:49.524,1294.1012,,slider,1,0,0.00,-0.00,0.20,ACTIVE,NONE,32350,0,P,P,0.00,released,RELEASED
2026-05-18 21:05:49.909,1294.4862,,slider,1,0,0.00,-0.00,-0.20,ACTIVE,NONE,32360,0,P,P,0.00,released,RELEASED
2026-05-18 21:05:50.325,1294.9015,,slider,1,0,0.00,-0.00,-0.20,ACTIVE,NONE,32370,0,P,P,0.00,released,RELEASED
2026-05-18 21:05:50.725,1295.3018,,slider,1,0,0.00,-0.00,-0.20,ACTIVE,NONE,32380,0,P,P,0.00,released,RELEASED
2026-05-18 21:05:51.125,1295.7019,,slider,1,0,0.00,-0.00,-0.20,ACTIVE,NONE,32390,0,P,P,0.00,released,RELEASED
2026-05-18 21:05:51.526,1296.1031,,slider,1,0,0.00,-0.00,-0.20,ACTIVE,NONE,32400,0,P,P,0.00,released,RELEASED
2026-05-18 21:05:51.925,1296.5019,,slider,1,0,0.00,-0.00,-0.20,ACTIVE,NONE,32410,0,P,P,0.00,released,RELEASED
2026-05-18 21:05:52.325,1296.9017,,slider,1,0,0.00,-0.00,-0.20,ACTIVE,NONE,32420,0,P,P,0.00,released,RELEASED
2026-05-18 21:05:52.710,1297.2867,,slider,1,0,0.00,-0.00,-0.20,ACTIVE,NONE,32430,0,P,P,0.00,released,RELEASED
2026-05-18 21:05:53.125,1297.7021,,slider,1,0,0.00,-0.00,-0.20,ACTIVE,NONE,32440,0,P,P,0.00,released,RELEASED
2026-05-18 21:05:53.526,1298.1028,,slider,1,0,0.00,-0.00,-0.20,ACTIVE,NONE,32450,0,P,P,0.00,released,RELEASED
2026-05-18 21:05:53.925,1298.5019,,slider,1,0,0.00,-0.00,-0.20,ACTIVE,NONE,32460,0,P,P,0.00,released,RELEASED
2026-05-18 21:05:54.325,1298.9020,,slider,1,0,0.00,-0.00,-0.10,ACTIVE,NONE,32470,0,P,P,0.00,released,RELEASED
2026-05-18 21:05:54.725,1299.3020,,slider,1,0,0.00,-0.00,0.00,ACTIVE,NONE,32480,0,P,P,0.00,released,RELEASED
2026-05-18 21:05:55.125,1299.7019,,slider,1,0,0.00,-0.00,0.00,ACTIVE,NONE,32490,0,P,P,0.00,released,RELEASED
2026-05-18 21:05:55.526,1300.1027,,slider,1,0,0.00,-0.00,0.00,ACTIVE,NONE,32500,0,P,P,0.00,released,RELEASED
2026-05-18 21:05:55.925,1300.5021,,slider,1,0,0.00,-0.00,0.00,ACTIVE,NONE,32510,0,P,P,0.00,released,RELEASED
2026-05-18 21:05:56.326,1300.9027,,slider,1,0,0.00,-0.00,0.00,ACTIVE,NONE,32520,0,P,P,0.00,released,RELEASED
2026-05-18 21:05:56.726,1301.3026,,slider,1,0,0.00,-0.00,0.00,ACTIVE,NONE,32530,0,P,P,0.00,released,RELEASED
2026-05-18 21:05:57.126,1301.7031,,slider,1,0,0.00,-0.00,0.00,ACTIVE,NONE,32540,0,P,P,0.00,released,RELEASED
2026-05-18 21:05:57.526,1302.1025,,slider,1,0,0.00,-0.00,0.00,ACTIVE,NONE,32550,0,P,P,0.00,released,RELEASED
2026-05-18 21:05:57.926,1302.5029,,slider,1,0,0.00,-0.00,0.00,ACTIVE,NONE,32560,0,P,P,0.00,released,RELEASED
2026-05-18 21:05:58.326,1302.9029,,slider,1,0,0.00,-0.00,0.00,ACTIVE,NONE,32570,0,P,P,0.00,released,RELEASED
2026-05-18 21:05:58.726,1303.3029,,slider,1,0,0.00,-0.00,0.00,ACTIVE,NONE,32580,0,P,P,0.00,released,RELEASED
2026-05-18 21:05:59.126,1303.7028,,slider,1,0,0.00,-0.00,0.00,ACTIVE,NONE,32590,0,P,P,0.00,released,RELEASED
2026-05-18 21:05:59.526,1304.1028,,slider,1,0,0.00,-0.00,0.00,ACTIVE,NONE,32600,0,P,P,0.00,released,RELEASED
2026-05-18 21:05:59.910,1304.4868,,slider,1,0,0.00,-0.00,0.00,ACTIVE,NONE,32610,0,P,P,0.00,released,RELEASED
2026-05-18 21:06:00.310,1304.8865,,slider,1,0,0.00,-0.00,0.00,ACTIVE,NONE,32620,0,P,P,0.00,released,RELEASED
2026-05-18 21:06:00.710,1305.2866,,slider,1,0,0.00,-0.00,0.00,ACTIVE,NONE,32630,0,P,P,0.00,released,RELEASED
2026-05-18 21:06:01.126,1305.7032,,slider,1,0,0.00,-0.00,0.00,ACTIVE,NONE,32640,0,P,P,0.00,released,RELEASED
2026-05-18 21:06:01.510,1306.0866,,slider,1,0,0.00,-0.00,0.00,ACTIVE,NONE,32650,0,P,P,0.00,released,RELEASED
2026-05-18 21:06:01.910,1306.4870,,slider,1,0,0.00,-0.00,0.00,ACTIVE,NONE,32660,0,P,P,0.00,released,RELEASED
2026-05-18 21:06:02.326,1306.9032,,slider,1,0,0.00,-0.00,0.00,ACTIVE,NONE,32670,0,P,P,0.00,released,RELEASED
2026-05-18 21:06:02.710,1307.2865,,slider,1,0,0.00,-0.00,0.00,ACTIVE,NONE,32680,0,P,P,0.00,released,RELEASED
2026-05-18 21:06:03.127,1307.7033,,slider,1,0,351.29,20.01,2.00,ACTIVE,NONE,32690,0,P,P,0.00,released,RELEASED
2026-05-18 21:06:03.510,1308.0867,,slider,1,0,-351.29,59.01,59.00,ACTIVE,NONE,32700,0,P,P,0.00,released,RELEASED
2026-05-18 21:06:03.915,1308.4916,,slider,1,0,-123.27,-12.99,13.20,ACTIVE,NONE,32710,0,P,P,0.00,released,RELEASED
2026-05-18 21:06:04.310,1308.8864,,slider,1,0,351.29,10.61,-8.40,ACTIVE,NONE,32720,0,P,P,0.00,released,RELEASED
2026-05-18 21:06:04.716,1309.2927,,slider,1,0,-176.26,70.61,54.90,ACTIVE,NONE,32730,0,P,P,0.00,released,RELEASED
2026-05-18 21:06:05.117,1309.6936,,slider,1,0,0.00,-1.39,24.10,ACTIVE,NONE,32740,0,P,P,0.00,released,RELEASED
2026-05-18 21:06:05.517,1310.0936,,slider,1,0,0.00,-7.93,-17.20,ACTIVE,NONE,32750,0,P,P,0.00,released,RELEASED
2026-05-18 21:06:05.917,1310.4935,,slider,1,0,0.00,-0.39,-3.20,ACTIVE,NONE,32760,0,P,P,0.00,released,RELEASED
2026-05-18 21:06:06.317,1310.8934,,slider,1,0,0.00,-0.02,-0.60,ACTIVE,NONE,32770,0,P,P,0.00,released,RELEASED
2026-05-18 21:06:06.717,1311.2937,,slider,1,0,0.00,-0.00,-0.20,ACTIVE,NONE,32780,0,P,P,0.00,released,RELEASED
2026-05-18 21:06:07.117,1311.6940,,slider,1,0,0.00,-0.00,-0.10,ACTIVE,NONE,32790,0,P,P,0.00,released,RELEASED
2026-05-18 21:06:07.519,1312.0962,,slider,1,0,0.00,-0.00,-0.10,ACTIVE,NONE,32800,0,P,P,0.00,released,RELEASED
2026-05-18 21:06:07.918,1312.4948,,slider,1,0,0.00,-0.00,-0.10,ACTIVE,NONE,32810,0,P,P,0.00,released,RELEASED
2026-05-18 21:06:08.317,1312.8938,,slider,1,0,0.00,-0.00,-0.10,ACTIVE,NONE,32820,0,P,P,0.00,released,RELEASED
2026-05-18 21:06:08.718,1313.2946,,slider,1,0,0.00,-0.00,-0.10,ACTIVE,NONE,32830,0,P,P,0.00,released,RELEASED
2026-05-18 21:06:09.119,1313.6955,,slider,1,0,0.00,-0.00,-0.10,ACTIVE,NONE,32840,0,P,P,0.00,released,RELEASED
2026-05-18 21:06:09.519,1314.0956,,slider,1,0,0.00,-0.00,-0.10,ACTIVE,NONE,32850,0,P,P,0.00,released,RELEASED
2026-05-18 21:06:09.918,1314.4950,,slider,1,0,0.00,-0.00,-0.10,ACTIVE,NONE,32860,0,P,P,0.00,released,RELEASED
2026-05-18 21:06:10.318,1314.8945,,slider,1,0,0.00,-0.00,-0.10,ACTIVE,NONE,32870,0,P,P,0.00,released,RELEASED
2026-05-18 21:06:10.719,1315.2954,,slider,1,0,0.00,-0.00,-0.10,ACTIVE,NONE,32880,0,P,P,0.00,released,RELEASED
2026-05-18 21:06:11.121,1315.6977,,slider,1,0,0.00,-0.00,0.00,ACTIVE,NONE,32890,0,P,P,0.00,released,RELEASED
2026-05-18 21:06:11.519,1316.0962,,slider,1,0,0.00,-0.00,0.00,ACTIVE,NONE,32900,0,P,P,0.00,released,RELEASED
2026-05-18 21:06:11.919,1316.4958,,slider,1,0,0.00,-0.00,0.00,ACTIVE,NONE,32910,0,P,P,0.00,released,RELEASED
2026-05-18 21:06:12.319,1316.8959,,slider,1,0,0.00,-0.00,0.00,ACTIVE,NONE,32920,0,P,P,0.00,released,RELEASED
2026-05-18 21:06:12.719,1317.2952,,slider,1,0,0.00,-0.00,0.00,ACTIVE,NONE,32930,0,P,P,0.00,released,RELEASED
2026-05-18 21:06:13.119,1317.6957,,slider,1,0,0.00,-0.00,0.00,ACTIVE,NONE,32940,0,P,P,0.00,released,RELEASED
2026-05-18 21:06:13.520,1318.0967,,slider,1,0,0.00,-0.00,0.00,ACTIVE,NONE,32950,0,P,P,0.00,released,RELEASED
2026-05-18 21:06:13.919,1318.4959,,slider,1,0,0.00,-0.00,0.00,ACTIVE,NONE,32960,0,P,P,0.00,released,RELEASED
2026-05-18 21:06:14.318,1318.8950,,slider,1,0,0.00,-0.00,0.00,ACTIVE,NONE,32970,0,P,P,0.00,released,RELEASED
2026-05-18 21:06:14.720,1319.2964,,slider,1,0,0.00,-0.00,0.00,ACTIVE,NONE,32980,0,P,P,0.00,released,RELEASED
2026-05-18 21:06:15.118,1319.6951,,slider,1,0,0.00,-0.00,0.00,ACTIVE,NONE,32990,0,P,P,0.00,released,RELEASED
2026-05-18 21:06:15.520,1320.0969,,slider,1,0,0.00,-0.00,0.00,ACTIVE,NONE,33000,0,P,P,0.00,released,RELEASED
2026-05-18 21:06:15.920,1320.4966,,slider,1,0,0.00,-0.00,0.00,ACTIVE,NONE,33010,0,P,P,0.00,released,RELEASED
2026-05-18 21:06:16.319,1320.8959,,slider,1,0,0.00,-0.00,0.00,ACTIVE,NONE,33020,0,P,P,0.00,released,RELEASED
2026-05-18 21:06:16.720,1321.2969,,slider,1,0,0.00,-0.00,0.00,ACTIVE,NONE,33030,0,P,P,0.00,released,RELEASED
2026-05-18 21:06:17.120,1321.6965,,slider,1,0,0.00,-0.00,0.00,ACTIVE,NONE,33040,0,P,P,0.00,released,RELEASED
2026-05-18 21:06:17.521,1322.0973,,slider,1,0,0.00,-0.00,0.00,ACTIVE,NONE,33050,0,P,P,0.00,released,RELEASED
2026-05-18 21:06:17.921,1322.4974,,slider,1,0,0.00,-0.00,0.00,ACTIVE,NONE,33060,0,P,P,0.00,released,RELEASED
2026-05-18 21:06:18.320,1322.8968,,slider,1,0,0.00,-0.00,0.00,ACTIVE,NONE,33070,0,P,P,0.00,released,RELEASED
2026-05-18 21:06:18.721,1323.2973,,slider,1,0,0.00,-0.00,0.00,ACTIVE,NONE,33080,0,P,P,0.00,released,RELEASED
2026-05-18 21:06:19.121,1323.6975,,slider,1,0,0.00,-0.00,0.00,ACTIVE,NONE,33090,0,P,P,0.00,released,RELEASED
2026-05-18 21:06:19.522,1324.0984,,slider,1,0,0.00,-0.00,0.00,ACTIVE,NONE,33100,0,P,P,0.00,released,RELEASED
2026-05-18 21:06:19.921,1324.4973,,slider,1,0,0.00,-0.00,0.00,ACTIVE,NONE,33110,0,P,P,0.00,released,RELEASED
2026-05-18 21:06:20.319,1324.8960,,slider,1,0,0.00,-0.00,0.00,ACTIVE,NONE,33120,0,P,P,0.00,released,RELEASED
2026-05-18 21:06:20.719,1325.2959,,slider,1,0,0.00,-0.00,0.00,ACTIVE,NONE,33130,0,P,P,0.00,released,RELEASED
2026-05-18 21:06:21.121,1325.6977,,slider,1,0,0.00,-0.00,0.00,ACTIVE,NONE,33140,0,P,P,0.00,released,RELEASED
2026-05-18 21:06:21.521,1326.0975,,slider,1,0,0.00,-0.00,0.00,ACTIVE,NONE,33150,0,P,P,0.00,released,RELEASED
2026-05-18 21:06:21.921,1326.4972,,slider,1,0,0.00,-0.00,0.00,ACTIVE,NONE,33160,0,P,P,0.00,released,RELEASED
2026-05-18 21:06:22.321,1326.8978,,slider,1,0,0.00,-0.00,0.00,ACTIVE,NONE,33170,0,P,P,0.00,released,RELEASED
2026-05-18 21:06:22.721,1327.2978,,slider,1,0,0.00,-0.00,0.00,ACTIVE,NONE,33180,0,P,P,0.00,released,RELEASED
2026-05-18 21:06:23.120,1327.6968,,slider,1,0,0.00,-0.00,0.00,ACTIVE,NONE,33190,0,P,P,0.00,released,RELEASED
2026-05-18 21:06:23.520,1328.0968,,slider,1,0,0.00,-0.00,0.00,ACTIVE,NONE,33200,0,P,P,0.00,released,RELEASED
2026-05-18 21:06:23.921,1328.4973,,slider,1,0,0.00,-0.00,0.00,ACTIVE,NONE,33210,0,P,P,0.00,released,RELEASED
2026-05-18 21:06:24.320,1328.8970,,slider,1,0,0.00,-0.00,0.00,ACTIVE,NONE,33220,0,P,P,0.00,released,RELEASED
2026-05-18 21:06:24.721,1329.2971,,slider,1,0,0.00,-0.00,0.00,ACTIVE,NONE,33230,0,P,P,0.00,released,RELEASED
2026-05-18 21:06:25.121,1329.6975,,slider,1,0,0.00,-0.00,0.00,ACTIVE,NONE,33240,0,P,P,0.00,released,RELEASED
2026-05-18 21:06:25.521,1330.0973,,slider,1,0,0.00,-0.00,0.00,ACTIVE,NONE,33250,0,P,P,0.00,released,RELEASED
2026-05-18 21:06:25.921,1330.4971,,slider,1,0,0.00,-0.00,0.00,ACTIVE,NONE,33260,0,P,P,0.00,released,RELEASED
2026-05-18 21:06:26.321,1330.8971,,slider,1,0,0.00,-0.00,0.00,ACTIVE,NONE,33270,0,P,P,0.00,released,RELEASED
2026-05-18 21:06:26.721,1331.2978,,slider,1,0,0.00,-0.00,0.00,ACTIVE,NONE,33280,0,P,P,0.00,released,RELEASED
2026-05-18 21:06:27.120,1331.6968,,slider,1,0,0.00,-0.00,0.00,ACTIVE,NONE,33290,0,P,P,0.00,released,RELEASED
2026-05-18 21:06:27.521,1332.0976,,slider,1,0,0.00,-0.00,0.00,ACTIVE,NONE,33300,0,P,P,0.00,released,RELEASED
2026-05-18 21:06:27.921,1332.4974,,slider,1,0,0.00,-0.00,0.00,ACTIVE,NONE,33310,0,P,P,0.00,released,RELEASED
2026-05-18 21:06:28.321,1332.8978,,slider,1,0,0.00,-0.00,0.00,ACTIVE,NONE,33320,0,P,P,0.00,released,RELEASED
2026-05-18 21:06:28.721,1333.2973,,slider,1,0,0.00,-0.00,0.00,ACTIVE,NONE,33330,0,P,P,0.00,released,RELEASED
2026-05-18 21:06:29.121,1333.6976,,slider,1,0,0.00,-0.00,0.00,ACTIVE,NONE,33340,0,P,P,0.00,released,RELEASED
2026-05-18 21:06:29.521,1334.0971,,slider,1,0,0.00,-0.00,0.00,ACTIVE,NONE,33350,0,P,P,0.00,released,RELEASED
2026-05-18 21:06:29.921,1334.4973,,slider,1,0,0.00,-0.00,0.00,ACTIVE,NONE,33360,0,P,P,0.00,released,RELEASED
2026-05-18 21:06:30.321,1334.8974,,slider,1,0,0.00,-0.00,0.00,ACTIVE,NONE,33370,0,P,P,0.00,released,RELEASED
2026-05-18 21:06:30.721,1335.2976,,slider,1,0,0.00,-0.00,0.00,ACTIVE,NONE,33380,0,P,P,0.00,released,RELEASED
2026-05-18 21:06:31.121,1335.6977,,slider,1,0,0.00,-0.00,0.00,ACTIVE,NONE,33390,0,P,P,0.00,released,RELEASED
2026-05-18 21:06:31.522,1336.0983,,slider,1,0,0.00,-0.00,0.00,ACTIVE,NONE,33400,0,P,P,0.00,released,RELEASED
2026-05-18 21:06:31.921,1336.4975,,slider,1,0,0.00,-0.00,0.00,ACTIVE,NONE,33410,0,P,P,0.00,released,RELEASED
2026-05-18 21:06:32.321,1336.8975,,slider,1,0,0.00,-0.00,0.00,ACTIVE,NONE,33420,0,P,P,0.00,released,RELEASED
2026-05-18 21:06:32.721,1337.2977,,slider,1,0,0.00,-0.00,0.00,ACTIVE,NONE,33430,0,P,P,0.00,released,RELEASED
2026-05-18 21:06:33.121,1337.6977,,slider,1,0,0.00,-0.00,0.00,ACTIVE,NONE,33440,0,P,P,0.00,released,RELEASED
2026-05-18 21:06:33.522,1338.0986,,slider,1,0,0.00,-0.00,0.00,ACTIVE,NONE,33450,0,P,P,0.00,released,RELEASED
2026-05-18 21:06:33.922,1338.4986,,slider,1,0,0.00,-0.00,0.00,ACTIVE,NONE,33460,0,P,P,0.00,released,RELEASED
2026-05-18 21:06:34.321,1338.8978,,slider,1,0,0.00,-0.00,0.00,ACTIVE,NONE,33470,0,P,P,0.00,released,RELEASED
2026-05-18 21:06:34.722,1339.2985,,slider,1,0,0.00,-0.00,0.00,ACTIVE,NONE,33480,0,P,P,0.00,released,RELEASED
2026-05-18 21:06:35.124,1339.7001,,slider,1,0,0.00,-0.00,0.00,ACTIVE,NONE,33490,0,P,P,0.00,released,RELEASED
2026-05-18 21:06:35.522,1340.0981,,slider,1,0,0.00,-0.00,0.00,ACTIVE,NONE,33500,0,P,P,0.00,released,RELEASED
2026-05-18 21:06:35.922,1340.4985,,slider,1,0,0.00,-0.00,0.00,ACTIVE,NONE,33510,0,P,P,0.00,released,RELEASED
2026-05-18 21:06:36.322,1340.8983,,slider,1,0,0.00,-0.00,0.00,ACTIVE,NONE,33520,0,P,P,0.00,released,RELEASED
2026-05-18 21:06:36.722,1341.2984,,slider,1,0,0.00,-0.00,0.00,ACTIVE,NONE,33530,0,P,P,0.00,released,RELEASED
2026-05-18 21:06:37.123,1341.6997,,slider,1,0,0.00,-0.00,0.00,ACTIVE,NONE,33540,0,P,P,0.00,released,RELEASED
2026-05-18 21:06:37.522,1342.0989,,slider,1,0,0.00,-0.00,0.00,ACTIVE,NONE,33550,0,P,P,0.00,released,RELEASED
2026-05-18 21:06:37.923,1342.4997,,slider,1,0,0.00,-0.00,0.00,ACTIVE,NONE,33560,0,P,P,0.00,released,RELEASED
2026-05-18 21:06:38.322,1342.8988,,slider,1,0,0.00,-0.00,0.00,ACTIVE,NONE,33570,0,P,P,0.00,released,RELEASED
2026-05-18 21:06:38.723,1343.2991,,slider,1,0,0.00,-0.00,0.00,ACTIVE,NONE,33580,0,P,P,0.00,released,RELEASED
2026-05-18 21:06:39.123,1343.6995,,slider,1,0,0.00,-0.00,0.00,ACTIVE,NONE,33590,0,P,P,0.00,released,RELEASED
2026-05-18 21:06:39.523,1344.0994,,slider,1,0,0.00,-0.00,0.00,ACTIVE,NONE,33600,0,P,P,0.00,released,RELEASED
2026-05-18 21:06:39.922,1344.4988,,slider,1,0,0.00,-0.00,0.00,ACTIVE,NONE,33610,0,P,P,0.00,released,RELEASED
2026-05-18 21:06:40.323,1344.8994,,slider,1,0,0.00,-0.00,0.00,ACTIVE,NONE,33620,0,P,P,0.00,released,RELEASED
2026-05-18 21:06:40.723,1345.2994,,slider,1,0,0.00,-0.00,0.00,ACTIVE,NONE,33630,0,P,P,0.00,released,RELEASED
2026-05-18 21:06:41.123,1345.6996,,slider,1,0,0.00,-0.00,0.00,ACTIVE,NONE,33640,0,P,P,0.00,released,RELEASED
2026-05-18 21:06:41.523,1346.0997,,slider,1,0,0.00,-0.00,0.00,ACTIVE,NONE,33650,0,P,P,0.00,released,RELEASED
2026-05-18 21:06:41.923,1346.4998,,slider,1,0,0.00,-0.00,0.00,ACTIVE,NONE,33660,0,P,P,0.00,released,RELEASED
2026-05-18 21:06:42.323,1346.8997,,slider,1,0,0.00,-0.00,0.00,ACTIVE,NONE,33670,0,P,P,0.00,released,RELEASED
2026-05-18 21:06:42.723,1347.2994,,slider,1,0,0.00,-0.00,0.00,ACTIVE,NONE,33680,0,P,P,0.00,released,RELEASED
2026-05-18 21:06:43.123,1347.6995,,slider,1,0,0.00,-0.00,0.00,ACTIVE,NONE,33690,0,P,P,0.00,released,RELEASED
2026-05-18 21:06:43.523,1348.0996,,slider,1,0,0.00,-0.00,0.00,ACTIVE,NONE,33700,0,P,P,0.00,released,RELEASED
2026-05-18 21:06:43.923,1348.4997,,slider,1,0,0.00,-0.00,0.00,ACTIVE,NONE,33710,0,P,P,0.00,released,RELEASED
2026-05-18 21:06:44.323,1348.8997,,slider,1,0,0.00,-0.00,0.00,ACTIVE,NONE,33720,0,P,P,0.00,released,RELEASED
2026-05-18 21:06:44.723,1349.2996,,slider,1,0,0.00,-0.00,0.00,ACTIVE,NONE,33730,0,P,P,0.00,released,RELEASED
2026-05-18 21:06:45.124,1349.7001,,slider,1,0,0.00,-0.00,0.00,ACTIVE,NONE,33740,0,P,P,0.00,released,RELEASED
2026-05-18 21:06:45.523,1350.0998,,slider,1,0,0.00,-0.00,0.00,ACTIVE,NONE,33750,0,P,P,0.00,released,RELEASED
2026-05-18 21:06:45.924,1350.5001,,slider,1,0,0.00,-0.00,0.00,ACTIVE,NONE,33760,0,P,P,0.00,released,RELEASED
2026-05-18 21:06:46.324,1350.9003,,slider,1,0,0.00,-0.00,0.00,ACTIVE,NONE,33770,0,P,P,0.00,released,RELEASED
2026-05-18 21:06:46.724,1351.3002,,slider,1,0,0.00,-0.00,0.00,ACTIVE,NONE,33780,0,P,P,0.00,released,RELEASED
2026-05-18 21:06:47.124,1351.7003,,slider,1,0,0.00,-0.00,0.00,ACTIVE,NONE,33790,0,P,P,0.00,released,RELEASED
2026-05-18 21:06:47.524,1352.1003,,slider,1,0,0.00,-0.00,0.00,ACTIVE,NONE,33800,0,P,P,0.00,released,RELEASED
2026-05-18 21:06:47.924,1352.5003,,slider,1,0,0.00,-0.00,0.00,ACTIVE,NONE,33810,0,P,P,0.00,released,RELEASED
2026-05-18 21:06:48.324,1352.9002,,slider,1,0,0.00,-0.00,0.00,ACTIVE,NONE,33820,0,P,P,0.00,released,RELEASED
2026-05-18 21:06:48.725,1353.3013,,slider,1,0,0.00,-0.00,0.00,ACTIVE,NONE,33830,0,P,P,0.00,released,RELEASED
2026-05-18 21:06:49.124,1353.7008,,slider,1,0,0.00,-0.00,0.00,ACTIVE,NONE,33840,0,P,P,0.00,released,RELEASED
2026-05-18 21:06:49.524,1354.1003,,slider,1,0,0.00,-0.00,0.00,ACTIVE,NONE,33850,0,P,P,0.00,released,RELEASED
2026-05-18 21:06:49.924,1354.5005,,slider,1,0,0.00,-0.00,0.00,ACTIVE,NONE,33860,0,P,P,0.00,released,RELEASED
2026-05-18 21:06:50.324,1354.9006,,slider,1,0,0.00,-0.00,0.00,ACTIVE,NONE,33870,0,P,P,0.00,released,RELEASED
2026-05-18 21:06:50.725,1355.3012,,slider,1,0,0.00,-0.00,0.00,ACTIVE,NONE,33880,0,P,P,0.00,released,RELEASED
2026-05-18 21:06:51.124,1355.7006,,slider,1,0,0.00,-0.00,0.00,ACTIVE,NONE,33890,0,P,P,0.00,released,RELEASED
2026-05-18 21:06:51.525,1356.1017,,slider,1,0,0.00,-0.00,0.00,ACTIVE,NONE,33900,0,P,P,0.00,released,RELEASED
2026-05-18 21:06:51.925,1356.5012,,slider,1,0,0.00,-0.00,0.00,ACTIVE,NONE,33910,0,P,P,0.00,released,RELEASED
2026-05-18 21:06:52.325,1356.9012,,slider,1,0,0.00,-0.00,0.00,ACTIVE,NONE,33920,0,P,P,0.00,released,RELEASED
2026-05-18 21:06:52.725,1357.3016,,slider,1,0,0.00,-0.00,0.00,ACTIVE,NONE,33930,0,P,P,0.00,released,RELEASED
2026-05-18 21:06:53.125,1357.7011,,slider,1,0,0.00,-0.00,0.00,ACTIVE,NONE,33940,0,P,P,0.00,released,RELEASED
2026-05-18 21:06:53.525,1358.1014,,slider,1,0,0.00,-0.00,0.00,ACTIVE,NONE,33950,0,P,P,0.00,released,RELEASED
2026-05-18 21:06:53.925,1358.5013,,slider,1,0,0.00,-0.00,0.00,ACTIVE,NONE,33960,0,P,P,0.00,released,RELEASED
2026-05-18 21:06:54.325,1358.9013,,slider,1,0,0.00,-0.00,0.00,ACTIVE,NONE,33970,0,P,P,0.00,released,RELEASED
2026-05-18 21:06:54.725,1359.3013,,slider,1,0,0.00,-0.00,0.00,ACTIVE,NONE,33980,0,P,P,0.00,released,RELEASED
2026-05-18 21:06:55.125,1359.7014,,slider,1,0,0.00,-0.00,0.00,ACTIVE,NONE,33990,0,P,P,0.00,released,RELEASED
2026-05-18 21:06:55.526,1360.1020,,slider,1,0,0.00,-0.00,0.00,ACTIVE,NONE,34000,0,P,P,0.00,released,RELEASED
2026-05-18 21:06:55.925,1360.5017,,slider,1,0,0.00,-0.00,0.00,ACTIVE,NONE,34010,0,P,P,0.00,released,RELEASED
2026-05-18 21:06:56.326,1360.9022,,slider,1,0,0.00,-0.00,0.00,ACTIVE,NONE,34020,0,P,P,0.00,released,RELEASED
2026-05-18 21:06:56.726,1361.3021,,slider,1,0,0.00,-0.00,0.00,ACTIVE,NONE,34030,0,P,P,0.00,released,RELEASED
2026-05-18 21:06:57.125,1361.7017,,slider,1,0,0.00,-0.00,0.00,ACTIVE,NONE,34040,0,P,P,0.00,released,RELEASED
2026-05-18 21:06:57.525,1362.1017,,slider,1,0,0.00,-0.00,0.00,ACTIVE,NONE,34050,0,P,P,0.00,released,RELEASED
2026-05-18 21:06:57.925,1362.5017,,slider,1,0,0.00,-0.00,0.00,ACTIVE,NONE,34060,0,P,P,0.00,released,RELEASED
2026-05-18 21:06:58.326,1362.9020,,slider,1,0,0.00,-0.00,0.00,ACTIVE,NONE,34070,0,P,P,0.00,released,RELEASED
2026-05-18 21:06:58.726,1363.3021,,slider,1,0,0.00,-0.00,0.00,ACTIVE,NONE,34080,0,P,P,0.00,released,RELEASED
2026-05-18 21:06:59.126,1363.7020,,slider,1,0,0.00,-0.00,0.00,ACTIVE,NONE,34090,0,P,P,0.00,released,RELEASED
2026-05-18 21:06:59.526,1364.1020,,slider,1,0,0.00,-0.00,0.00,ACTIVE,NONE,34100,0,P,P,0.00,released,RELEASED
2026-05-18 21:06:59.926,1364.5021,,slider,1,0,0.00,-0.00,0.00,ACTIVE,NONE,34110,0,P,P,0.00,released,RELEASED
2026-05-18 21:07:00.326,1364.9022,,slider,1,0,0.00,-0.00,0.00,ACTIVE,NONE,34120,0,P,P,0.00,released,RELEASED
2026-05-18 21:07:00.726,1365.3019,,slider,1,0,0.00,-0.00,0.00,ACTIVE,NONE,34130,0,P,P,0.00,released,RELEASED
2026-05-18 21:07:01.126,1365.7022,,slider,1,0,0.00,-0.00,0.00,ACTIVE,NONE,34140,0,P,P,0.00,released,RELEASED
2026-05-18 21:07:01.526,1366.1025,,slider,1,0,0.00,-0.00,0.00,ACTIVE,NONE,34150,0,P,P,0.00,released,RELEASED
2026-05-18 21:07:01.926,1366.5023,,slider,1,0,0.00,-0.00,0.00,ACTIVE,NONE,34160,0,P,P,0.00,released,RELEASED
2026-05-18 21:07:02.326,1366.9022,,slider,1,0,0.00,-0.00,0.00,ACTIVE,NONE,34170,0,P,P,0.00,released,RELEASED
2026-05-18 21:07:02.726,1367.3023,,slider,1,0,0.00,-0.00,0.00,ACTIVE,NONE,34180,0,P,P,0.00,released,RELEASED
2026-05-18 21:07:03.126,1367.7026,,slider,1,0,0.00,-0.00,0.00,ACTIVE,NONE,34190,0,P,P,0.00,released,RELEASED
2026-05-18 21:07:03.526,1368.1025,,slider,1,0,0.00,-0.00,0.00,ACTIVE,NONE,34200,0,P,P,0.00,released,RELEASED
2026-05-18 21:07:03.926,1368.5024,,slider,1,0,0.00,-0.00,0.00,ACTIVE,NONE,34210,0,P,P,0.00,released,RELEASED
2026-05-18 21:07:04.326,1368.9026,,slider,1,0,0.00,-0.00,0.00,ACTIVE,NONE,34220,0,P,P,0.00,released,RELEASED
2026-05-18 21:07:04.726,1369.3025,,slider,1,0,0.00,-0.00,0.00,ACTIVE,NONE,34230,0,P,P,0.00,released,RELEASED
2026-05-18 21:07:05.127,1369.7027,,slider,1,0,0.00,-0.00,0.00,ACTIVE,NONE,34240,0,P,P,0.00,released,RELEASED
2026-05-18 21:07:05.526,1370.1026,,slider,1,0,0.00,-0.00,0.00,ACTIVE,NONE,34250,0,P,P,0.00,released,RELEASED
2026-05-18 21:07:05.927,1370.5029,,slider,1,0,0.00,-0.00,0.00,ACTIVE,NONE,34260,0,P,P,0.00,released,RELEASED
2026-05-18 21:07:06.327,1370.9033,,slider,1,0,0.00,-0.00,0.00,ACTIVE,NONE,34270,0,P,P,0.00,released,RELEASED
2026-05-18 21:07:06.727,1371.3029,,slider,1,0,0.00,-0.00,0.00,ACTIVE,NONE,34280,0,P,P,0.00,released,RELEASED
2026-05-18 21:07:07.127,1371.7034,,slider,1,0,0.00,-0.00,0.00,ACTIVE,NONE,34290,0,P,P,0.00,released,RELEASED
2026-05-18 21:07:07.527,1372.1029,,slider,1,0,0.00,-0.00,0.00,ACTIVE,NONE,34300,0,P,P,0.00,released,RELEASED
2026-05-18 21:07:07.927,1372.5030,,slider,1,0,0.00,-0.00,0.00,ACTIVE,NONE,34310,0,P,P,0.00,released,RELEASED
2026-05-18 21:07:08.327,1372.9031,,slider,1,0,0.00,-0.00,0.00,ACTIVE,NONE,34320,0,P,P,0.00,released,RELEASED
2026-05-18 21:07:08.727,1373.3033,,slider,1,0,0.00,-0.00,0.00,ACTIVE,NONE,34330,0,P,P,0.00,released,RELEASED
2026-05-18 21:07:09.127,1373.7034,,slider,1,0,0.00,-0.00,0.00,ACTIVE,NONE,34340,0,P,P,0.00,released,RELEASED
2026-05-18 21:07:09.527,1374.1033,,slider,1,0,0.00,-0.00,0.00,ACTIVE,NONE,34350,0,P,P,0.00,released,RELEASED
2026-05-18 21:07:09.928,1374.5039,,slider,1,0,12.48,11.98,6.60,ACTIVE,NONE,34360,0,P,P,0.00,released,RELEASED
2026-05-18 21:07:10.318,1374.8944,,slider,1,0,0.00,1.16,4.90,ACTIVE,NONE,34370,0,P,P,0.00,released,RELEASED
2026-05-18 21:07:10.719,1375.2952,,slider,1,0,0.00,0.06,1.20,ACTIVE,NONE,34380,0,P,P,0.00,released,RELEASED
2026-05-18 21:07:11.120,1375.6962,,slider,1,0,0.00,0.00,0.40,ACTIVE,NONE,34390,0,P,P,0.00,released,RELEASED
2026-05-18 21:07:11.521,1376.0974,,slider,1,0,0.00,0.00,-0.10,ACTIVE,NONE,34400,0,P,P,0.00,released,RELEASED
2026-05-18 21:07:11.926,1376.5020,,slider,1,0,33.46,26.36,14.30,ACTIVE,NONE,34410,0,P,P,0.00,released,RELEASED
2026-05-18 21:07:12.327,1376.9031,,slider,1,0,19.88,25.57,26.80,ACTIVE,NONE,34420,0,P,P,0.00,released,RELEASED
2026-05-18 21:07:12.726,1377.3023,,slider,1,0,13.95,15.13,19.70,ACTIVE,NONE,34430,0,P,P,0.00,released,RELEASED
2026-05-18 21:07:13.112,1377.6880,,slider,1,0,0.00,11.16,15.90,ACTIVE,NONE,34440,0,P,P,0.00,PRESSED,FAULT
2026-05-18 21:07:13.514,1378.0898,,slider,1,0,0.00,0.55,3.70,ACTIVE,NONE,34450,0,P,P,0.00,PRESSED,FAULT
2026-05-18 21:07:13.914,1378.4901,,slider,1,0,0.00,0.03,0.50,ACTIVE,NONE,34460,0,P,P,0.00,PRESSED,FAULT
2026-05-18 21:07:14.316,1378.8920,,slider,1,0,0.00,0.00,0.20,ACTIVE,NONE,34470,0,P,P,0.00,PRESSED,FAULT
2026-05-18 21:07:14.717,1379.2933,,slider,1,0,0.00,0.00,-0.30,ACTIVE,NONE,34480,0,P,P,0.00,PRESSED,FAULT
2026-05-18 21:07:15.114,1379.6899,,slider,1,0,0.00,0.00,-0.30,ACTIVE,NONE,34490,0,P,P,0.00,PRESSED,FAULT
2026-05-18 21:07:15.515,1380.0911,,slider,1,0,0.00,0.00,-0.30,ACTIVE,NONE,34500,0,P,P,0.00,PRESSED,FAULT
2026-05-18 21:07:15.915,1380.4908,,slider,1,0,0.00,0.00,-0.30,ACTIVE,NONE,34510,0,P,P,0.00,PRESSED,FAULT
2026-05-18 21:07:16.314,1380.8900,,slider,1,0,0.00,0.00,-0.30,ACTIVE,NONE,34520,0,P,P,0.00,PRESSED,FAULT
2026-05-18 21:07:16.715,1381.2906,,slider,1,0,0.00,0.00,-0.30,ACTIVE,NONE,34530,0,P,P,0.00,PRESSED,FAULT
2026-05-18 21:07:17.114,1381.6902,,slider,1,0,0.00,0.00,-0.30,ACTIVE,NONE,34540,0,P,P,0.00,PRESSED,FAULT
2026-05-18 21:07:17.514,1382.0902,,slider,1,0,0.00,0.00,-0.20,ACTIVE,NONE,34550,0,P,P,0.00,PRESSED,FAULT
2026-05-18 21:07:17.915,1382.4916,,slider,1,0,0.00,0.00,-0.10,ACTIVE,NONE,34560,0,P,P,0.00,PRESSED,FAULT
2026-05-18 21:07:18.316,1382.8919,,slider,1,0,0.00,0.00,-0.10,ACTIVE,NONE,34570,0,P,P,0.00,PRESSED,FAULT
2026-05-18 21:07:18.715,1383.2915,,slider,1,0,0.00,0.00,0.00,ACTIVE,NONE,34580,0,P,P,0.00,PRESSED,FAULT
2026-05-18 21:07:18.742,1383.3183,shift_requested:N,slider,1,0,0.00,0.00,0.00,ACTIVE,NONE,34580,0,P,P,0.00,PRESSED,FAULT
2026-05-18 21:07:18.790,1383.3655,gear_change:N,slider,1,0,0.00,0.00,0.00,ACTIVE,NONE,34581,0,N,N,0.00,PRESSED,FAULT
2026-05-18 21:07:19.114,1383.6905,,slider,1,0,0.00,0.00,0.00,ACTIVE,NONE,34590,0,N,N,0.00,PRESSED,FAULT
2026-05-18 21:07:19.516,1384.0925,,slider,1,0,0.00,0.00,0.00,ACTIVE,NONE,34600,0,N,N,0.00,PRESSED,FAULT
2026-05-18 21:07:19.917,1384.4927,,slider,1,0,0.00,0.00,0.00,ACTIVE,NONE,34610,0,N,N,0.00,PRESSED,FAULT
2026-05-18 21:07:20.314,1384.8906,,slider,1,0,-6.59,-4.68,0.00,ACTIVE,NONE,34620,0,N,N,0.00,PRESSED,FAULT
2026-05-18 21:07:20.716,1385.2922,,slider,1,0,0.00,-0.28,-0.60,ACTIVE,NONE,34630,0,N,N,0.00,PRESSED,FAULT
2026-05-18 21:07:21.117,1385.6931,,slider,1,0,0.00,-0.01,-0.60,ACTIVE,NONE,34640,0,N,N,0.00,PRESSED,FAULT
2026-05-18 21:07:21.276,1385.8518,shift_requested:R,slider,1,0,0.00,-0.00,-0.60,ACTIVE,NONE,34644,0,N,N,0.00,PRESSED,FAULT
2026-05-18 21:07:21.309,1385.8854,gear_change:R,slider,1,0,0.00,-0.00,-0.60,ACTIVE,NONE,34644,0,R,R,0.00,PRESSED,FAULT
2026-05-18 21:07:21.515,1386.0909,,slider,1,0,0.00,-0.00,-0.60,ACTIVE,NONE,34650,0,R,R,0.00,PRESSED,FAULT
2026-05-18 21:07:21.916,1386.4920,,slider,1,0,0.00,-0.00,-0.50,ACTIVE,NONE,34660,0,R,R,0.00,PRESSED,FAULT
2026-05-18 21:07:22.318,1386.8938,,slider,1,0,-55.63,-26.28,-7.90,ACTIVE,NONE,34670,0,R,R,0.00,PRESSED,FAULT
2026-05-18 21:07:22.721,1387.2970,,slider,1,0,-94.65,-84.00,-69.10,ACTIVE,NONE,34680,0,R,R,0.00,PRESSED,FAULT
2026-05-18 21:07:23.125,1387.7013,,slider,1,0,-132.12,-100.40,-88.80,ACTIVE,NONE,34690,0,R,R,0.00,PRESSED,FAULT
2026-05-18 21:07:23.527,1388.1033,,slider,1,0,-310.06,-172.40,-149.40,ACTIVE,NONE,34700,0,R,R,0.00,PRESSED,FAULT
2026-05-18 21:07:23.928,1388.5042,,slider,1,0,-87.07,-154.40,-177.20,ACTIVE,NONE,34710,0,R,R,0.00,PRESSED,FAULT
2026-05-18 21:07:24.329,1388.9050,,slider,1,0,-79.73,-82.40,-111.50,ACTIVE,NONE,34720,0,R,R,0.00,PRESSED,FAULT
2026-05-18 21:07:24.729,1389.3050,,slider,1,0,-72.61,-78.63,-81.40,ACTIVE,NONE,34730,0,R,R,0.00,PRESSED,FAULT
2026-05-18 21:07:25.129,1389.7050,,slider,1,0,-58.94,-51.72,-53.70,ACTIVE,NONE,34740,0,R,R,0.00,PRESSED,FAULT
2026-05-18 21:07:25.529,1390.1052,,slider,1,0,-21.37,-37.97,-47.90,ACTIVE,NONE,34750,0,R,R,0.00,PRESSED,FAULT
2026-05-18 21:07:25.606,1390.1820,shift_requested:N,slider,1,0,-16.91,-25.04,-42.40,ACTIVE,NONE,34752,0,R,N,0.00,PRESSED,FAULT
2026-05-18 21:07:25.870,1390.4457,gear_change:N,slider,1,0,-25.87,-19.69,-18.90,ACTIVE,NONE,34758,0,N,N,0.00,PRESSED,FAULT
2026-05-18 21:07:25.929,1390.5052,,slider,1,0,-28.89,-21.63,-19.10,ACTIVE,NONE,34760,0,N,N,0.00,PRESSED,FAULT
2026-05-18 21:07:26.329,1390.9053,,slider,1,0,-33.46,-31.99,-27.50,ACTIVE,NONE,34770,0,N,N,0.00,PRESSED,FAULT
2026-05-18 21:07:26.729,1391.3054,,slider,1,0,-33.46,-34.40,-32.80,ACTIVE,NONE,34780,0,N,N,0.00,PRESSED,FAULT
2026-05-18 21:07:27.129,1391.7053,,slider,1,0,0.00,-4.39,-16.70,ACTIVE,NONE,34790,0,N,N,0.00,PRESSED,FAULT
2026-05-18 21:07:27.513,1392.0889,,slider,1,0,-6.59,-1.02,-1.40,ACTIVE,NONE,34800,0,N,N,0.00,PRESSED,FAULT
2026-05-18 21:07:27.912,1392.4882,,slider,1,0,-6.59,-5.53,-2.00,ACTIVE,NONE,34810,0,N,N,0.00,PRESSED,FAULT
2026-05-18 21:07:28.044,1392.6196,shift_requested:N,slider,1,0,-6.59,-6.20,-2.80,ACTIVE,NONE,34812,0,N,N,0.00,PRESSED,FAULT
2026-05-18 21:07:28.312,1392.8879,,slider,1,0,-6.59,-5.13,-5.20,ACTIVE,NONE,34820,0,N,N,0.00,PRESSED,FAULT
2026-05-18 21:07:28.713,1393.2891,,slider,1,0,-8.06,-7.60,-6.50,ACTIVE,NONE,34830,0,N,N,0.00,PRESSED,FAULT
2026-05-18 21:07:29.068,1393.6442,shift_requested:R,slider,1,0,-9.53,-9.37,-8.00,ACTIVE,NONE,34838,0,N,R,0.00,PRESSED,FAULT
2026-05-18 21:07:29.072,1393.6480,gear_change:R,slider,1,0,-11.00,-9.37,-8.00,ACTIVE,NONE,34838,0,R,R,0.00,PRESSED,FAULT
2026-05-18 21:07:29.112,1393.6876,,slider,1,0,-11.00,-10.54,-8.50,ACTIVE,NONE,34840,0,R,R,0.00,PRESSED,FAULT
2026-05-18 21:07:29.513,1394.0888,,slider,1,0,-11.00,-10.84,-10.20,ACTIVE,NONE,34850,0,R,R,0.05,PRESSED,FAULT
2026-05-18 21:07:29.913,1394.4888,,slider,1,0,-9.53,-10.40,-10.90,ACTIVE,NONE,34860,0,R,R,0.05,PRESSED,FAULT
2026-05-18 21:07:30.313,1394.8894,,slider,1,0,-9.53,-8.73,-10.10,ACTIVE,NONE,34870,0,R,R,0.05,PRESSED,FAULT
2026-05-18 21:07:30.713,1395.2892,,slider,1,0,-8.06,-7.51,-8.40,ACTIVE,NONE,34880,0,R,R,0.00,PRESSED,FAULT
2026-05-18 21:07:30.994,1395.5704,shift_requested:N,slider,1,0,-6.59,-6.96,-7.60,ACTIVE,NONE,34887,0,R,R,0.00,PRESSED,FAULT
2026-05-18 21:07:31.112,1395.6882,,slider,1,0,-6.59,-6.60,-7.00,ACTIVE,NONE,34890,0,R,N,0.00,PRESSED,FAULT
2026-05-18 21:07:31.293,1395.8685,gear_change:N,slider,1,0,-6.59,-6.59,-6.80,ACTIVE,NONE,34894,0,N,N,0.00,PRESSED,FAULT
2026-05-18 21:07:31.515,1396.0905,,slider,1,0,0.00,-2.25,-5.20,ACTIVE,NONE,34900,0,N,N,0.00,PRESSED,FAULT
2026-05-18 21:07:31.914,1396.4900,,slider,1,0,0.00,-0.11,-1.30,ACTIVE,NONE,34910,0,N,N,0.00,PRESSED,FAULT
2026-05-18 21:07:32.313,1396.8890,,slider,1,0,0.00,-0.01,0.00,ACTIVE,NONE,34920,0,N,N,0.00,PRESSED,FAULT
2026-05-18 21:07:32.714,1397.2904,,slider,1,0,0.00,-0.00,0.00,ACTIVE,NONE,34930,0,N,N,0.00,PRESSED,FAULT
2026-05-18 21:07:33.114,1397.6900,,slider,1,0,0.00,-0.67,-0.10,ACTIVE,NONE,34940,0,N,N,0.00,PRESSED,FAULT
2026-05-18 21:07:33.514,1398.0897,,slider,1,0,0.00,-0.03,-0.10,ACTIVE,NONE,34950,0,N,N,0.00,PRESSED,FAULT
2026-05-18 21:07:33.915,1398.4913,,slider,1,0,0.00,-0.00,-0.10,ACTIVE,NONE,34960,0,N,N,0.00,PRESSED,FAULT
2026-05-18 21:07:34.188,1398.7639,shift_requested:D,slider,1,0,0.00,-0.00,-0.10,ACTIVE,NONE,34966,0,N,N,0.00,PRESSED,FAULT
2026-05-18 21:07:34.229,1398.8049,gear_change:D,slider,1,0,0.00,-0.00,-0.10,ACTIVE,NONE,34967,0,D,D,0.00,PRESSED,FAULT
2026-05-18 21:07:34.313,1398.8886,,slider,1,0,0.00,-0.00,-0.10,ACTIVE,NONE,34970,0,D,D,0.00,PRESSED,FAULT
2026-05-18 21:07:34.716,1399.2922,,slider,1,0,0.00,-0.00,-0.10,ACTIVE,NONE,34980,0,D,D,0.05,PRESSED,FAULT
2026-05-18 21:07:35.116,1399.6921,,slider,1,0,-39.64,-20.11,-6.30,ACTIVE,NONE,34990,0,D,D,0.10,PRESSED,FAULT
2026-05-18 21:07:35.515,1400.0914,,slider,1,0,-207.19,-90.20,-62.80,ACTIVE,NONE,35000,0,D,D,0.05,PRESSED,FAULT
2026-05-18 21:07:35.918,1400.4935,,slider,1,0,-351.29,-162.20,-137.60,ACTIVE,NONE,35010,0,D,D,0.05,PRESSED,FAULT
2026-05-18 21:07:36.317,1400.8930,,slider,1,0,-351.29,-234.20,-211.70,ACTIVE,NONE,35020,0,D,D,0.00,PRESSED,FAULT
2026-05-18 21:07:36.718,1401.2938,,slider,1,0,-351.29,-306.20,-284.60,ACTIVE,NONE,35030,0,D,D,0.10,released,RELEASED
2026-05-18 21:07:37.119,1401.6952,,slider,1,0,-351.29,-351.38,-346.50,ACTIVE,NONE,35040,0,D,D,0.30,released,RELEASED
2026-05-18 21:07:37.520,1402.0955,,slider,1,0,-322.04,-340.96,-352.30,ACTIVE,NONE,35050,0,D,D,0.60,released,RELEASED
2026-05-18 21:07:37.924,1402.5003,,slider,1,0,-347.00,-334.42,-321.50,ACTIVE,NONE,35060,0,D,D,0.90,released,RELEASED
2026-05-18 21:07:38.315,1402.8912,,slider,1,0,-279.72,-271.27,-294.90,ACTIVE,NONE,35070,0,D,D,1.15,released,RELEASED
2026-05-18 21:07:38.718,1403.2934,,slider,1,0,-351.29,-322.41,-298.90,ACTIVE,NONE,35080,0,D,D,1.45,released,RELEASED
2026-05-18 21:07:39.116,1403.6914,,slider,1,0,-355.63,-352.08,-349.70,ACTIVE,NONE,35090,0,D,D,1.75,released,RELEASED
2026-05-18 21:07:39.516,1404.0917,,slider,1,0,-355.63,-354.24,-354.60,ACTIVE,NONE,35100,0,D,D,2.05,released,RELEASED
2026-05-18 21:07:39.917,1404.4933,,slider,1,0,-351.29,-352.51,-353.90,ACTIVE,NONE,35110,0,D,D,2.40,released,RELEASED
2026-05-18 21:07:40.316,1404.8916,,slider,1,0,-351.29,-352.53,-352.70,ACTIVE,NONE,35120,0,D,D,2.55,released,RELEASED
2026-05-18 21:07:40.716,1405.2916,,slider,1,0,-347.00,-351.86,-352.80,ACTIVE,NONE,35130,0,D,D,2.65,released,RELEASED
2026-05-18 21:07:41.116,1405.6918,,slider,1,0,-351.29,-352.05,-352.10,ACTIVE,NONE,35140,0,D,D,2.65,released,RELEASED
2026-05-18 21:07:41.520,1406.0962,,slider,1,0,-355.63,-352.67,-352.10,ACTIVE,NONE,35150,0,D,D,2.50,PRESSED,FAULT
2026-05-18 21:07:41.919,1406.4951,,slider,1,0,-330.21,-347.24,-351.90,ACTIVE,NONE,35160,0,D,D,2.00,PRESSED,FAULT
2026-05-18 21:07:42.319,1406.8951,,slider,1,0,-184.37,-277.47,-301.10,ACTIVE,NONE,35170,0,D,D,1.25,PRESSED,FAULT
2026-05-18 21:07:42.719,1407.2952,,slider,1,0,-60.61,-205.47,-228.30,ACTIVE,NONE,35180,0,D,D,0.65,PRESSED,FAULT
2026-05-18 21:07:43.119,1407.6951,,slider,1,0,41.20,-133.47,-156.20,ACTIVE,NONE,35190,0,D,D,0.20,PRESSED,FAULT
2026-05-18 21:07:43.519,1408.0953,,slider,1,0,351.29,-61.47,-83.60,ACTIVE,NONE,35200,0,D,D,0.05,PRESSED,FAULT
2026-05-18 21:07:43.921,1408.4972,,slider,1,0,351.29,10.53,-12.80,ACTIVE,NONE,35210,0,D,D,0.05,PRESSED,FAULT
2026-05-18 21:07:44.327,1408.9025,,slider,1,0,254.98,82.53,57.30,ACTIVE,NONE,35220,0,D,D,0.00,PRESSED,FAULT
2026-05-18 21:07:44.728,1409.3034,,slider,1,0,198.43,154.53,129.20,ACTIVE,NONE,35230,0,D,D,0.00,PRESSED,FAULT
2026-05-18 21:07:45.017,1409.5923,shift_requested:N,slider,1,0,153.25,165.33,173.70,ACTIVE,NONE,35237,0,D,D,0.00,PRESSED,FAULT
2026-05-18 21:07:45.114,1409.6895,,slider,1,0,150.82,151.41,166.60,ACTIVE,NONE,35240,0,D,N,0.00,PRESSED,FAULT
2026-05-18 21:07:45.309,1409.8843,gear_change:N,slider,1,0,150.82,150.83,156.20,ACTIVE,NONE,35244,0,N,N,0.00,PRESSED,FAULT
2026-05-18 21:07:45.528,1410.1034,,slider,1,0,351.29,182.24,161.50,ACTIVE,NONE,35250,0,N,N,0.00,PRESSED,FAULT
2026-05-18 21:07:45.928,1410.5035,,slider,1,0,351.29,254.24,228.90,ACTIVE,NONE,35260,0,N,N,0.00,PRESSED,FAULT
2026-05-18 21:07:46.328,1410.9037,,slider,1,0,351.29,326.24,300.40,ACTIVE,NONE,35270,0,N,N,0.00,PRESSED,FAULT
2026-05-18 21:07:46.728,1411.3036,,slider,1,0,351.29,349.44,345.50,ACTIVE,NONE,35280,0,N,N,0.00,PRESSED,FAULT
2026-05-18 21:07:47.062,1411.6379,shift_requested:N,slider,1,0,351.29,351.14,349.70,ACTIVE,NONE,35288,0,N,N,0.00,PRESSED,FAULT
2026-05-18 21:07:47.114,1411.6897,,slider,1,0,351.29,351.27,350.80,ACTIVE,NONE,35290,0,N,N,0.00,PRESSED,FAULT
2026-05-18 21:07:47.528,1412.1039,,slider,1,0,351.29,349.56,351.20,ACTIVE,NONE,35300,0,N,N,0.00,PRESSED,FAULT
2026-05-18 21:07:47.691,1412.2668,shift_requested:R,slider,1,0,351.29,350.86,351.20,ACTIVE,NONE,35304,0,N,N,0.00,PRESSED,FAULT
2026-05-18 21:07:47.720,1412.2954,gear_change:R,slider,1,0,351.29,351.09,351.20,ACTIVE,NONE,35305,0,R,R,0.00,PRESSED,FAULT
2026-05-18 21:07:47.930,1412.5058,,slider,1,0,351.29,347.56,351.20,ACTIVE,NONE,35310,0,R,R,-0.70,PRESSED,FAULT
2026-05-18 21:07:48.331,1412.9066,,slider,1,0,351.29,349.98,350.90,ACTIVE,NONE,35320,0,R,R,-0.05,PRESSED,FAULT
2026-05-18 21:07:48.713,1413.2888,,slider,1,0,351.29,350.33,350.70,ACTIVE,NONE,35330,0,R,R,-0.05,PRESSED,FAULT
2026-05-18 21:07:49.117,1413.6924,,slider,1,0,351.29,349.52,350.70,ACTIVE,NONE,35340,0,R,R,-0.25,released,RELEASED
2026-05-18 21:07:49.517,1414.0930,,slider,1,0,351.29,350.49,350.80,ACTIVE,NONE,35350,0,R,R,-0.45,released,RELEASED
2026-05-18 21:07:49.919,1414.4945,,slider,1,0,351.29,350.99,351.30,ACTIVE,NONE,35360,0,R,R,-0.70,released,RELEASED
2026-05-18 21:07:50.318,1414.8941,,slider,1,0,351.29,349.85,350.50,ACTIVE,NONE,35370,0,R,R,-1.00,released,RELEASED
2026-05-18 21:07:50.717,1415.2932,,slider,1,0,347.00,350.46,350.30,ACTIVE,NONE,35380,0,R,R,-1.30,released,RELEASED
2026-05-18 21:07:51.118,1415.6933,,slider,1,0,351.29,349.45,349.90,ACTIVE,NONE,35390,0,R,R,-1.60,released,RELEASED
2026-05-18 21:07:51.517,1416.0931,,slider,1,0,347.00,348.63,348.90,ACTIVE,NONE,35400,0,R,R,-1.80,released,RELEASED
2026-05-18 21:07:51.917,1416.4930,,slider,1,0,347.00,350.07,348.60,ACTIVE,NONE,35410,0,R,R,-1.95,released,RELEASED
2026-05-18 21:07:52.317,1416.8927,,slider,1,0,347.00,350.20,349.60,ACTIVE,NONE,35420,0,R,R,-2.10,released,RELEASED
2026-05-18 21:07:52.721,1417.2969,,slider,1,0,347.00,348.15,349.70,ACTIVE,NONE,35430,0,R,R,-2.20,released,RELEASED
2026-05-18 21:07:53.118,1417.6941,,slider,1,0,351.29,351.11,349.90,ACTIVE,NONE,35440,0,R,R,-2.30,PRESSED,FAULT
2026-05-18 21:07:53.521,1418.0969,,slider,1,0,351.29,350.33,350.80,ACTIVE,NONE,35450,0,R,R,-2.15,PRESSED,FAULT
2026-05-18 21:07:53.921,1418.4964,,slider,1,0,347.00,348.67,350.80,ACTIVE,NONE,35460,0,R,R,-1.70,PRESSED,FAULT
2026-05-18 21:07:54.320,1418.8958,,slider,1,0,351.29,349.78,349.90,ACTIVE,NONE,35470,0,R,R,-1.25,PRESSED,FAULT
2026-05-18 21:07:54.721,1419.2964,,slider,1,0,351.29,348.34,349.20,ACTIVE,NONE,35480,0,R,R,-1.05,PRESSED,FAULT
2026-05-18 21:07:55.121,1419.6962,,slider,1,0,351.29,349.31,348.60,ACTIVE,NONE,35490,0,R,R,-0.70,PRESSED,FAULT
2026-05-18 21:07:55.529,1420.1046,,slider,1,0,351.29,350.10,349.00,ACTIVE,NONE,35500,0,R,R,-0.70,released,RELEASED
2026-05-18 21:07:55.914,1420.4896,,slider,1,0,351.29,349.21,349.40,ACTIVE,NONE,35510,0,R,R,-0.70,PRESSED,FAULT
2026-05-18 21:07:56.314,1420.8895,,slider,1,0,121.11,317.65,340.40,ACTIVE,NONE,35520,0,R,R,-0.35,PRESSED,FAULT
2026-05-18 21:07:56.713,1421.2889,,slider,1,0,-12.48,245.65,272.40,ACTIVE,NONE,35530,0,R,R,0.05,PRESSED,FAULT
2026-05-18 21:07:57.131,1421.7070,,slider,1,0,-98.53,170.65,197.40,ACTIVE,NONE,35540,0,R,R,0.05,PRESSED,FAULT
2026-05-18 21:07:57.513,1422.0886,,slider,1,0,-158.20,101.65,124.30,ACTIVE,NONE,35550,0,R,R,0.05,PRESSED,FAULT
2026-05-18 21:07:57.828,1422.4036,shift_requested:N,slider,1,0,-181.64,44.65,74.00,ACTIVE,NONE,35557,0,R,R,0.00,PRESSED,FAULT
2026-05-18 21:07:57.918,1422.4932,,slider,1,0,-195.56,-21.35,51.60,ACTIVE,NONE,35560,0,R,N,0.00,PRESSED,FAULT
2026-05-18 21:07:58.133,1422.7087,gear_change:N,slider,1,0,-265.38,-126.35,-38.00,ACTIVE,NONE,35565,0,N,N,0.00,PRESSED,FAULT
2026-05-18 21:07:58.233,1422.8089,eac_transition:INHIBITED,slider,1,0,-351.29,-144.35,-100.90,INHIBITED,BLEND_REQ,35568,0,N,N,0.00,PRESSED,FAULT
2026-05-18 21:07:58.313,1422.8884,,slider,1,0,-351.29,-159.35,-125.10,INHIBITED,BLEND_REQ,35570,0,N,N,0.00,PRESSED,FAULT
2026-05-18 21:07:58.717,1423.2929,,slider,1,0,-355.63,-231.35,-86.80,INHIBITED,BLEND_REQ,35580,0,N,N,0.00,PRESSED,FAULT
2026-05-18 21:07:59.114,1423.6892,,slider,1,0,-351.29,-303.35,-87.30,INHIBITED,BLEND_REQ,35590,0,N,N,0.00,PRESSED,FAULT
2026-05-18 21:07:59.355,1423.9310,shift_requested:D,slider,1,0,-355.63,-348.35,-87.30,INHIBITED,BLEND_REQ,35596,0,N,N,0.00,PRESSED,FAULT
2026-05-18 21:07:59.408,1423.9840,gear_change:D,slider,1,0,-355.63,-354.97,-87.30,INHIBITED,BLEND_REQ,35597,0,D,D,0.00,PRESSED,FAULT
2026-05-18 21:07:59.513,1424.0883,,slider,1,0,-351.29,-355.09,-87.30,INHIBITED,BLEND_REQ,35600,0,D,D,0.00,PRESSED,FAULT
2026-05-18 21:07:59.920,1424.4952,,slider,1,0,-355.63,-353.18,-87.30,INHIBITED,BLEND_REQ,35610,0,D,D,0.00,PRESSED,FAULT
2026-05-18 21:08:00.325,1424.9004,,slider,1,0,-355.63,-354.38,-87.30,INHIBITED,BLEND_REQ,35620,0,D,D,0.15,released,RELEASED
2026-05-18 21:08:00.725,1425.3005,,slider,1,0,-355.63,-354.04,-86.60,INHIBITED,BLEND_REQ,35630,0,D,D,0.50,released,RELEASED
2026-05-18 21:08:01.125,1425.7006,,slider,1,0,-235.03,-340.90,-83.70,INHIBITED,BLEND_REQ,35640,0,D,D,0.60,released,RELEASED
2026-05-18 21:08:01.526,1426.1021,,slider,1,0,-158.20,-268.90,-80.40,INHIBITED,BLEND_REQ,35650,0,D,D,0.80,released,RELEASED
2026-05-18 21:08:01.927,1426.5022,,slider,1,0,0.00,-196.90,-76.70,INHIBITED,BLEND_REQ,35660,0,D,D,1.10,released,RELEASED
2026-05-18 21:08:02.313,1426.8884,,slider,1,0,-355.63,-151.90,-71.00,INHIBITED,BLEND_REQ,35670,0,D,D,1.15,PRESSED,FAULT
2026-05-18 21:08:02.714,1427.2897,,slider,1,0,-21.37,-199.90,-65.90,INHIBITED,BLEND_REQ,35680,0,D,D,0.30,PRESSED,FAULT
2026-05-18 21:08:03.114,1427.6892,,slider,1,0,0.00,-127.90,-65.30,INHIBITED,BLEND_REQ,35690,0,D,D,-0.10,PRESSED,FAULT
2026-05-18 21:08:03.517,1428.0926,,slider,1,0,0.00,-55.90,-65.30,INHIBITED,BLEND_REQ,35700,0,D,D,-0.05,PRESSED,FAULT
2026-05-18 21:08:03.918,1428.4937,,slider,1,0,0.00,-0.02,-65.30,INHIBITED,BLEND_REQ,35710,0,D,D,-0.05,PRESSED,FAULT
2026-05-18 21:08:04.318,1428.8936,,slider,1,0,0.00,-0.00,-65.30,INHIBITED,BLEND_REQ,35720,0,D,D,0.00,PRESSED,FAULT
2026-05-18 21:08:04.719,1429.2949,,slider,1,0,0.00,-0.00,-65.30,INHIBITED,BLEND_REQ,35730,0,D,D,0.00,PRESSED,FAULT
2026-05-18 21:08:05.117,1429.6930,,slider,1,0,0.00,-0.00,-65.30,INHIBITED,BLEND_REQ,35740,0,D,D,0.00,PRESSED,FAULT
2026-05-18 21:08:05.518,1430.0935,,slider,1,0,0.00,-0.00,-65.10,INHIBITED,BLEND_REQ,35750,0,D,D,0.00,PRESSED,FAULT
2026-05-18 21:08:05.918,1430.4938,,slider,1,0,0.00,-0.00,-65.10,INHIBITED,BLEND_REQ,35760,0,D,R,0.00,PRESSED,FAULT
2026-05-18 21:08:06.119,1430.6948,gear_change:R,slider,1,0,0.00,-0.00,-65.10,INHIBITED,BLEND_REQ,35765,0,R,R,0.00,PRESSED,FAULT
2026-05-18 21:08:06.319,1430.8944,,slider,1,0,0.00,-0.00,-65.10,INHIBITED,BLEND_REQ,35770,0,R,R,0.00,PRESSED,FAULT
2026-05-18 21:08:06.720,1431.2952,,slider,1,0,0.00,-0.00,-64.30,INHIBITED,BLEND_REQ,35780,0,R,R,0.00,PRESSED,FAULT
2026-05-18 21:08:07.119,1431.6947,,slider,1,0,0.00,-0.00,-38.10,INHIBITED,BLEND_REQ,35790,0,R,R,0.00,PRESSED,FAULT
2026-05-18 21:08:07.520,1432.0959,,slider,1,0,0.00,-0.00,-27.50,INHIBITED,BLEND_REQ,35800,0,R,R,-0.15,released,RELEASED
2026-05-18 21:08:07.927,1432.5023,,slider,1,0,0.00,-0.00,6.70,INHIBITED,BLEND_REQ,35810,0,R,R,-0.60,released,RELEASED
2026-05-18 21:08:08.327,1432.9028,,slider,1,0,0.00,-0.00,23.90,INHIBITED,BLEND_REQ,35820,0,R,R,-1.05,released,RELEASED
2026-05-18 21:08:08.727,1433.3028,,slider,1,0,0.00,-0.00,20.40,INHIBITED,BLEND_REQ,35830,0,R,R,-1.05,PRESSED,FAULT
2026-05-18 21:08:09.127,1433.7026,,slider,1,0,0.00,-0.00,15.30,INHIBITED,BLEND_REQ,35840,0,R,R,-0.50,PRESSED,FAULT
2026-05-18 21:08:09.527,1434.1023,,slider,1,0,0.00,-0.00,12.20,INHIBITED,BLEND_REQ,35850,0,R,R,0.00,PRESSED,FAULT
2026-05-18 21:08:09.926,1434.5020,,slider,1,0,0.00,-0.00,12.00,INHIBITED,BLEND_REQ,35860,0,R,R,0.05,PRESSED,FAULT
2026-05-18 21:08:10.327,1434.9025,,slider,1,0,0.00,-0.00,12.20,INHIBITED,BLEND_REQ,35870,0,R,R,0.00,PRESSED,FAULT
2026-05-18 21:08:10.727,1435.3025,,slider,1,0,0.00,-0.00,12.20,INHIBITED,BLEND_REQ,35880,0,R,R,0.00,PRESSED,FAULT
2026-05-18 21:08:11.126,1435.7019,,slider,1,0,0.00,-0.00,12.20,INHIBITED,BLEND_REQ,35890,0,R,R,0.00,PRESSED,FAULT
2026-05-18 21:08:11.527,1436.1021,,slider,1,0,0.00,-0.00,12.60,INHIBITED,BLEND_REQ,35900,0,R,R,0.00,PRESSED,FAULT
2026-05-18 21:08:11.927,1436.5025,,slider,1,0,0.00,-0.00,12.60,INHIBITED,BLEND_REQ,35910,0,R,R,0.00,PRESSED,FAULT
2026-05-18 21:08:12.327,1436.9027,,slider,1,0,0.00,-0.00,12.60,INHIBITED,BLEND_REQ,35920,0,R,R,0.00,PRESSED,FAULT
2026-05-18 21:08:12.729,1437.3045,,slider,1,0,-351.29,-35.87,12.60,INHIBITED,BLEND_REQ,35930,0,R,R,0.00,PRESSED,FAULT
2026-05-18 21:08:13.131,1437.7068,,slider,1,0,-355.63,-44.60,12.60,INHIBITED,BLEND_REQ,35940,0,R,R,0.00,PRESSED,FAULT
2026-05-18 21:08:13.535,1438.1110,,slider,1,0,-160.70,-50.60,12.60,INHIBITED,BLEND_REQ,35950,0,R,R,0.00,PRESSED,FAULT
2026-05-18 21:08:13.917,1438.4920,,slider,1,0,0.00,-77.60,12.60,INHIBITED,BLEND_REQ,35960,0,R,R,0.00,PRESSED,FAULT
2026-05-18 21:08:14.322,1438.8973,,slider,1,0,21.37,-5.60,12.60,INHIBITED,BLEND_REQ,35970,0,R,R,0.00,PRESSED,FAULT
2026-05-18 21:08:14.724,1439.3000,,slider,1,0,-261.88,-41.60,12.60,INHIBITED,BLEND_REQ,35980,0,R,R,0.00,PRESSED,FAULT
2026-05-18 21:08:15.130,1439.7050,,slider,1,0,6.59,-47.60,12.60,INHIBITED,BLEND_REQ,35990,0,R,R,0.00,PRESSED,FAULT
2026-05-18 21:08:15.515,1440.0907,,slider,1,0,16.91,20.24,12.60,INHIBITED,BLEND_REQ,36000,0,R,R,0.00,PRESSED,FAULT
2026-05-18 21:08:15.588,1440.1637,disengage,slider,0,0,-8.06,11.51,12.60,INHIBITED,BLEND_REQ,36001,0,R,R,0.00,PRESSED,FAULT
2026-05-18 21:08:15.638,1440.2138,eac_transition:AVAILABLE,slider,0,0,-6.59,5.05,12.60,AVAILABLE,BLEND_REQ,36003,0,R,R,0.00,PRESSED,FAULT
2026-05-18 21:08:15.925,1440.5002,,slider,0,0,0.00,0.38,12.60,AVAILABLE,BLEND_REQ,36010,0,R,R,0.00,PRESSED,FAULT
2026-05-18 21:08:16.329,1440.9043,,slider,0,0,0.00,0.02,12.60,AVAILABLE,BLEND_REQ,36020,0,R,R,0.00,PRESSED,FAULT
2026-05-18 21:08:16.714,1441.2894,,slider,0,0,-254.98,-17.67,12.60,AVAILABLE,BLEND_REQ,36030,0,R,R,0.00,PRESSED,FAULT
2026-05-18 21:08:17.116,1441.6916,,slider,0,0,52.36,-53.67,12.60,AVAILABLE,BLEND_REQ,36040,0,R,R,0.00,PRESSED,FAULT
2026-05-18 21:08:17.516,1442.0911,,slider,0,0,0.00,18.33,12.60,AVAILABLE,BLEND_REQ,36050,0,R,R,0.00,PRESSED,FAULT
2026-05-18 21:08:17.915,1442.4905,,slider,0,0,-136.66,-29.67,12.60,AVAILABLE,BLEND_REQ,36060,0,R,R,0.00,PRESSED,FAULT
2026-05-18 21:08:18.315,1442.8904,,slider,0,0,0.00,-23.67,12.60,AVAILABLE,BLEND_REQ,36070,0,R,R,0.00,PRESSED,FAULT
2026-05-18 21:08:18.715,1443.2903,,slider,0,0,-15.43,-4.79,12.60,AVAILABLE,BLEND_REQ,36080,0,R,R,0.00,PRESSED,FAULT
2026-05-18 21:08:19.117,1443.6930,,slider,0,0,-35.00,-71.20,12.60,AVAILABLE,BLEND_REQ,36090,0,R,R,0.00,PRESSED,FAULT
2026-05-18 21:08:19.515,1444.0902,,slider,0,0,187.13,-35.20,12.60,AVAILABLE,BLEND_REQ,36100,0,R,R,0.00,PRESSED,FAULT
2026-05-18 21:08:19.919,1444.4942,,slider,0,0,0.00,14.32,12.60,AVAILABLE,BLEND_REQ,36110,0,R,R,0.00,PRESSED,FAULT
2026-05-18 21:08:20.322,1444.8978,,slider,0,0,0.00,0.71,12.60,AVAILABLE,BLEND_REQ,36120,0,R,R,0.00,PRESSED,FAULT
2026-05-18 21:08:20.721,1445.2968,,slider,0,0,0.00,0.04,12.60,AVAILABLE,BLEND_REQ,36130,0,R,R,0.00,PRESSED,FAULT
2026-05-18 21:08:21.121,1445.6967,,slider,0,0,0.00,0.00,12.60,AVAILABLE,BLEND_REQ,36140,0,R,P,0.00,PRESSED,FAULT
2026-05-18 21:08:21.347,1445.9220,gear_change:P,slider,0,0,0.00,0.00,12.60,AVAILABLE,BLEND_REQ,36145,0,P,P,0.00,PRESSED,FAULT
2026-05-18 21:08:21.522,1446.0975,,slider,0,0,0.00,0.00,12.60,AVAILABLE,BLEND_REQ,36150,0,P,P,0.00,PRESSED,FAULT
2026-05-18 21:08:21.921,1446.4967,,slider,0,0,0.00,0.00,12.60,AVAILABLE,BLEND_REQ,36160,0,P,P,0.00,PRESSED,FAULT
2026-05-18 21:08:22.321,1446.8968,,slider,0,0,0.00,0.00,12.60,AVAILABLE,BLEND_REQ,36170,0,P,P,0.00,released,RELEASED
2026-05-18 21:08:22.661,1447.2365,engage,slider,1,0,12.70,12.70,12.70,AVAILABLE,BLEND_REQ,36178,0,P,P,0.00,released,RELEASED
2026-05-18 21:08:22.722,1447.2972,eac_transition:ACTIVE,slider,1,0,0.00,9.89,12.70,ACTIVE,NONE,36180,0,P,P,0.00,released,RELEASED
2026-05-18 21:08:22.722,1447.2975,,slider,1,0,0.00,9.89,12.70,ACTIVE,NONE,36180,0,P,P,0.00,released,RELEASED
2026-05-18 21:08:23.122,1447.6976,,slider,1,0,0.00,0.49,3.30,ACTIVE,NONE,36190,0,P,P,0.00,released,RELEASED
2026-05-18 21:08:23.521,1448.0967,,slider,1,0,0.00,0.02,0.60,ACTIVE,NONE,36200,0,P,P,0.00,released,RELEASED
2026-05-18 21:08:23.921,1448.4967,,slider,1,0,0.00,0.00,-0.20,ACTIVE,NONE,36210,0,P,P,0.00,released,RELEASED
2026-05-18 21:08:24.321,1448.8967,,slider,1,0,0.00,0.00,-0.20,ACTIVE,NONE,36220,0,P,P,0.00,released,RELEASED
2026-05-18 21:08:24.721,1449.2968,,slider,1,0,0.00,0.00,-0.20,ACTIVE,NONE,36230,0,P,P,0.00,released,RELEASED
2026-05-18 21:08:25.121,1449.6967,,slider,1,0,0.00,0.00,-0.20,ACTIVE,NONE,36240,0,P,P,0.00,released,RELEASED
2026-05-18 21:08:25.521,1450.0969,,slider,1,0,0.00,0.00,-0.20,ACTIVE,NONE,36250,0,P,P,0.00,released,RELEASED
2026-05-18 21:08:25.921,1450.4968,,slider,1,0,0.00,0.00,-0.20,ACTIVE,NONE,36260,0,P,P,0.00,released,RELEASED
2026-05-18 21:08:26.321,1450.8967,,slider,1,0,0.00,0.00,-0.20,ACTIVE,NONE,36270,0,P,P,0.00,released,RELEASED
2026-05-18 21:08:26.721,1451.2967,,slider,1,0,0.00,0.00,-0.20,ACTIVE,NONE,36280,0,P,P,0.00,released,RELEASED
2026-05-18 21:08:27.121,1451.6968,,slider,1,0,0.00,0.00,-0.10,ACTIVE,NONE,36290,0,P,P,0.00,released,RELEASED
2026-05-18 21:08:27.521,1452.0969,,slider,1,0,0.00,0.00,0.00,ACTIVE,NONE,36300,0,P,P,0.00,released,RELEASED
2026-05-18 21:08:27.921,1452.4968,,slider,1,0,0.00,0.00,0.00,ACTIVE,NONE,36310,0,P,P,0.00,released,RELEASED
2026-05-18 21:08:28.322,1452.8974,,slider,1,0,0.00,0.00,0.00,ACTIVE,NONE,36320,0,P,P,0.00,released,RELEASED
2026-05-18 21:08:28.722,1453.2972,,slider,1,0,0.00,0.00,0.00,ACTIVE,NONE,36330,0,P,P,0.00,released,RELEASED
2026-05-18 21:08:29.122,1453.6975,,slider,1,0,0.00,0.00,0.00,ACTIVE,NONE,36340,0,P,P,0.00,released,RELEASED
2026-05-18 21:08:29.522,1454.0975,,slider,1,0,0.00,0.00,0.00,ACTIVE,NONE,36350,0,P,P,0.00,released,RELEASED
2026-05-18 21:08:29.923,1454.4980,,slider,1,0,0.00,0.00,0.00,ACTIVE,NONE,36360,0,P,P,0.00,released,RELEASED
2026-05-18 21:08:30.321,1454.8969,,slider,1,0,0.00,0.00,0.00,ACTIVE,NONE,36370,0,P,P,0.00,released,RELEASED
2026-05-18 21:08:30.722,1455.2975,,slider,1,0,0.00,0.00,0.00,ACTIVE,NONE,36380,0,P,P,0.00,released,RELEASED
2026-05-18 21:08:31.122,1455.6977,,slider,1,0,0.00,0.00,0.00,ACTIVE,NONE,36390,0,P,P,0.00,released,RELEASED
2026-05-18 21:08:31.522,1456.0973,,slider,1,0,0.00,0.00,0.00,ACTIVE,NONE,36400,0,P,P,0.00,released,RELEASED
2026-05-18 21:08:31.922,1456.4971,,slider,1,0,0.00,0.00,0.00,ACTIVE,NONE,36410,0,P,P,0.00,released,RELEASED
2026-05-18 21:08:32.322,1456.8977,,slider,1,0,0.00,0.00,0.00,ACTIVE,NONE,36420,0,P,P,0.00,released,RELEASED
2026-05-18 21:08:32.722,1457.2969,,slider,1,0,0.00,0.00,0.00,ACTIVE,NONE,36430,0,P,P,0.00,released,RELEASED
2026-05-18 21:08:33.123,1457.6982,,slider,1,0,0.00,0.00,0.00,ACTIVE,NONE,36440,0,P,P,0.00,released,RELEASED
2026-05-18 21:08:33.523,1458.0980,,slider,1,0,0.00,0.00,0.00,ACTIVE,NONE,36450,0,P,P,0.00,released,RELEASED
2026-05-18 21:08:33.923,1458.4981,,slider,1,0,0.00,0.00,0.00,ACTIVE,NONE,36460,0,P,P,0.00,released,RELEASED
2026-05-18 21:08:34.322,1458.8976,,slider,1,0,0.00,0.00,0.00,ACTIVE,NONE,36470,0,P,P,0.00,released,RELEASED
2026-05-18 21:08:34.716,1459.2917,,slider,1,0,0.00,0.00,0.00,ACTIVE,NONE,36480,0,P,P,0.00,released,RELEASED
2026-05-18 21:08:35.123,1459.6987,,slider,1,0,0.00,0.00,0.00,ACTIVE,NONE,36490,0,P,P,0.00,released,RELEASED
2026-05-18 21:08:35.522,1460.0975,,slider,1,0,0.00,0.00,0.00,ACTIVE,NONE,36500,0,P,P,0.00,released,RELEASED
2026-05-18 21:08:35.922,1460.4975,,slider,1,0,0.00,0.00,0.00,ACTIVE,NONE,36510,0,P,P,0.00,released,RELEASED
2026-05-18 21:08:36.322,1460.8976,,slider,1,0,0.00,0.00,0.00,ACTIVE,NONE,36520,0,P,P,0.00,released,RELEASED
2026-05-18 21:08:36.722,1461.2976,,slider,1,0,0.00,0.00,0.00,ACTIVE,NONE,36530,0,P,P,0.00,released,RELEASED
2026-05-18 21:08:37.122,1461.6975,,slider,1,0,0.00,0.00,0.00,ACTIVE,NONE,36540,0,P,P,0.00,released,RELEASED
2026-05-18 21:08:37.522,1462.0974,,slider,1,0,0.00,0.00,0.00,ACTIVE,NONE,36550,0,P,P,0.00,released,RELEASED
2026-05-18 21:08:37.922,1462.4975,,slider,1,0,0.00,0.00,0.00,ACTIVE,NONE,36560,0,P,P,0.00,released,RELEASED
2026-05-18 21:08:38.324,1462.8988,,slider,1,0,0.00,0.00,0.00,ACTIVE,NONE,36570,0,P,P,0.00,PRESSED,FAULT
2026-05-18 21:08:38.715,1463.2907,,slider,1,0,-143.64,-25.99,-7.20,ACTIVE,NONE,36580,0,P,P,0.00,PRESSED,FAULT
2026-05-18 21:08:39.118,1463.6929,,slider,1,0,-123.27,-97.99,-75.10,ACTIVE,NONE,36590,0,P,P,0.00,PRESSED,FAULT
2026-05-18 21:08:39.524,1464.0993,,slider,1,0,-33.46,-72.03,-94.70,ACTIVE,NONE,36600,0,P,P,0.00,PRESSED,FAULT
2026-05-18 21:08:39.924,1464.4990,,slider,1,0,-35.00,-46.81,-56.10,ACTIVE,NONE,36610,0,P,P,0.00,PRESSED,FAULT
2026-05-18 21:08:40.317,1464.8926,,slider,1,0,-35.00,-35.97,-39.10,ACTIVE,NONE,36620,0,P,P,0.00,PRESSED,FAULT
2026-05-18 21:08:40.592,1465.1671,shift_requested:N,slider,1,0,-27.38,-30.90,-35.20,ACTIVE,NONE,36626,0,P,P,0.00,PRESSED,FAULT
2026-05-18 21:08:40.638,1465.2131,gear_change:N,slider,1,0,-27.38,-28.38,-33.20,ACTIVE,NONE,36628,0,N,N,0.00,PRESSED,FAULT
2026-05-18 21:08:40.718,1465.2933,,slider,1,0,-31.93,-28.88,-30.90,ACTIVE,NONE,36630,0,N,N,0.00,PRESSED,FAULT
2026-05-18 21:08:41.119,1465.6939,,slider,1,0,-351.29,-109.49,-81.40,ACTIVE,NONE,36640,0,N,N,0.00,PRESSED,FAULT
2026-05-18 21:08:41.521,1466.0964,,slider,1,0,-351.29,-181.49,-158.90,ACTIVE,NONE,36650,0,N,N,0.00,PRESSED,FAULT
2026-05-18 21:08:41.921,1466.4959,,slider,1,0,-351.29,-253.49,-232.10,ACTIVE,NONE,36660,0,N,N,0.00,PRESSED,FAULT
2026-05-18 21:08:42.320,1466.8957,,slider,1,0,-351.29,-325.49,-303.30,ACTIVE,NONE,36670,0,N,N,0.00,PRESSED,FAULT
2026-05-18 21:08:42.728,1467.3029,,slider,1,0,-187.13,-281.48,-307.00,ACTIVE,NONE,36680,0,N,N,0.00,PRESSED,FAULT
2026-05-18 21:08:42.944,1467.5190,shift_requested:D,slider,1,0,-219.27,-239.48,-273.60,ACTIVE,NONE,36685,0,N,N,0.00,PRESSED,FAULT
2026-05-18 21:08:42.988,1467.5627,gear_change:D,slider,1,0,-268.91,-239.77,-266.70,ACTIVE,NONE,36686,0,D,D,0.00,PRESSED,FAULT
2026-05-18 21:08:43.118,1467.6931,,slider,1,0,-261.88,-262.12,-241.10,ACTIVE,NONE,36690,0,D,D,0.00,PRESSED,FAULT
2026-05-18 21:08:43.526,1468.1017,,slider,1,0,-347.00,-323.43,-296.10,ACTIVE,NONE,36700,0,D,D,0.00,PRESSED,FAULT
2026-05-18 21:08:43.931,1468.5062,,slider,1,0,-351.29,-349.68,-347.00,ACTIVE,NONE,36710,0,D,D,0.00,released,RELEASED
2026-05-18 21:08:44.329,1468.9045,,slider,1,0,-351.29,-351.21,-351.70,ACTIVE,NONE,36720,0,D,D,0.25,released,RELEASED
2026-05-18 21:08:44.729,1469.3043,,slider,1,0,-351.29,-350.85,-353.10,ACTIVE,NONE,36730,0,D,D,0.50,released,RELEASED
2026-05-18 21:08:45.129,1469.7047,,slider,1,0,-351.29,-351.53,-353.10,ACTIVE,NONE,36740,0,D,D,0.75,released,RELEASED
2026-05-18 21:08:45.530,1470.1050,,slider,1,0,-347.00,-350.78,-351.80,ACTIVE,NONE,36750,0,D,D,1.05,released,RELEASED
2026-05-18 21:08:45.929,1470.5046,,slider,1,0,-351.29,-348.44,-349.20,ACTIVE,NONE,36760,0,D,D,1.30,released,RELEASED
2026-05-18 21:08:46.329,1470.9041,,slider,1,0,-351.29,-348.08,-348.80,ACTIVE,NONE,36770,0,D,D,1.60,released,RELEASED
2026-05-18 21:08:46.730,1471.3048,,slider,1,0,-351.29,-350.22,-348.70,ACTIVE,NONE,36780,0,D,D,1.90,released,RELEASED
2026-05-18 21:08:47.130,1471.7050,,slider,1,0,-351.29,-348.41,-350.30,ACTIVE,NONE,36790,0,D,D,2.20,released,RELEASED
2026-05-18 21:08:47.531,1472.1059,,slider,1,0,-351.29,-348.36,-348.70,ACTIVE,NONE,36800,0,D,D,2.30,released,RELEASED
2026-05-18 21:08:47.914,1472.4894,,slider,1,0,-347.00,-350.86,-349.60,ACTIVE,NONE,36810,0,D,D,2.45,released,RELEASED
2026-05-18 21:08:48.330,1472.9050,,slider,1,0,-347.00,-348.23,-349.70,ACTIVE,NONE,36820,0,D,D,2.60,released,RELEASED
2026-05-18 21:08:48.730,1473.3052,,slider,1,0,-347.00,-348.89,-348.50,ACTIVE,NONE,36830,0,D,D,2.70,released,RELEASED
2026-05-18 21:08:49.115,1473.6901,,slider,1,0,-342.74,-339.73,-341.90,ACTIVE,NONE,36840,0,D,D,2.75,released,RELEASED
2026-05-18 21:08:49.515,1474.0904,,slider,1,0,-347.00,-347.83,-345.20,ACTIVE,NONE,36850,0,D,D,2.80,PRESSED,FAULT
2026-05-18 21:08:49.932,1474.5068,,slider,1,0,-347.00,-349.60,-348.70,ACTIVE,NONE,36860,0,D,D,2.30,PRESSED,FAULT
2026-05-18 21:08:50.315,1474.8903,,slider,1,0,-351.29,-349.89,-349.40,ACTIVE,NONE,36870,0,D,D,1.65,PRESSED,FAULT
2026-05-18 21:08:50.715,1475.2900,,slider,1,0,-258.41,-288.51,-311.50,ACTIVE,NONE,36880,0,D,D,1.00,PRESSED,FAULT
2026-05-18 21:08:51.137,1475.7122,,slider,1,0,-42.77,-213.51,-238.50,ACTIVE,NONE,36890,0,D,D,0.50,PRESSED,FAULT
2026-05-18 21:08:51.518,1476.0932,,slider,1,0,35.00,-144.51,-166.10,ACTIVE,NONE,36900,0,D,D,0.20,PRESSED,FAULT
2026-05-18 21:08:51.827,1476.4017,shift_requested:N,slider,1,0,67.40,-87.51,-115.10,ACTIVE,NONE,36907,0,D,D,-0.05,PRESSED,FAULT
2026-05-18 21:08:51.916,1476.4916,,slider,1,0,69.12,-30.51,-93.10,ACTIVE,NONE,36910,0,D,N,0.00,PRESSED,FAULT
2026-05-18 21:08:52.121,1476.6964,gear_change:N,slider,1,0,98.53,80.49,-3.40,ACTIVE,NONE,36915,0,N,N,0.00,PRESSED,FAULT
2026-05-18 21:08:52.240,1476.8152,eac_transition:INHIBITED,slider,1,0,114.73,98.69,58.70,INHIBITED,BLEND_REQ,36918,0,N,N,0.00,PRESSED,FAULT
2026-05-18 21:08:52.322,1476.8974,,slider,1,0,178.93,111.24,79.30,INHIBITED,BLEND_REQ,36920,0,N,N,0.00,PRESSED,FAULT
2026-05-18 21:08:52.723,1477.2978,,slider,1,0,351.29,183.24,49.40,INHIBITED,BLEND_REQ,36930,0,N,N,0.00,PRESSED,FAULT
2026-05-18 21:08:53.123,1477.6982,,slider,1,0,351.29,255.24,50.00,INHIBITED,BLEND_REQ,36940,0,N,N,0.00,PRESSED,FAULT
2026-05-18 21:08:53.124,1477.6993,shift_requested:R,slider,1,0,351.29,258.24,50.00,INHIBITED,BLEND_REQ,36940,0,N,N,0.00,PRESSED,FAULT
2026-05-18 21:08:53.159,1477.7337,gear_change:R,slider,1,0,351.29,282.24,50.00,INHIBITED,BLEND_REQ,36941,0,R,R,0.00,PRESSED,FAULT
2026-05-18 21:08:53.524,1478.0988,,slider,1,0,351.29,349.61,50.00,INHIBITED,BLEND_REQ,36950,0,R,R,0.00,PRESSED,FAULT
2026-05-18 21:08:53.923,1478.4980,,slider,1,0,347.00,350.20,50.00,INHIBITED,BLEND_REQ,36960,0,R,R,0.00,PRESSED,FAULT
2026-05-18 21:08:54.323,1478.8978,,slider,1,0,347.00,348.80,49.90,INHIBITED,BLEND_REQ,36970,0,R,R,0.00,PRESSED,FAULT
2026-05-18 21:08:54.723,1479.2986,,slider,1,0,351.29,350.48,49.90,INHIBITED,BLEND_REQ,36980,0,R,R,0.00,released,RELEASED
2026-05-18 21:08:55.123,1479.6978,,slider,1,0,347.00,349.24,49.90,INHIBITED,BLEND_REQ,36990,0,R,R,-0.10,released,RELEASED
2026-05-18 21:08:55.524,1480.0991,,slider,1,0,241.56,318.89,49.90,INHIBITED,BLEND_REQ,37000,0,R,R,-0.45,released,RELEASED
2026-05-18 21:08:55.924,1480.4988,,slider,1,0,94.65,291.23,49.90,INHIBITED,BLEND_REQ,37010,0,R,R,-0.75,released,RELEASED
2026-05-18 21:08:56.331,1480.9062,,slider,1,0,-8.06,219.23,49.40,INHIBITED,BLEND_REQ,37020,0,R,R,-1.05,released,RELEASED
2026-05-18 21:08:56.720,1481.2948,,slider,1,0,41.20,150.23,47.80,INHIBITED,BLEND_REQ,37030,0,R,R,-1.05,PRESSED,FAULT
2026-05-18 21:08:57.125,1481.6997,,slider,1,0,0.00,168.23,47.20,INHIBITED,BLEND_REQ,37040,0,R,R,-0.70,PRESSED,FAULT
2026-05-18 21:08:57.525,1482.1005,,slider,1,0,0.00,161.72,47.20,INHIBITED,BLEND_REQ,37050,0,R,R,-0.20,PRESSED,FAULT
2026-05-18 21:08:57.927,1482.5025,,slider,1,0,351.29,143.72,47.20,INHIBITED,BLEND_REQ,37060,0,R,R,0.10,PRESSED,FAULT
2026-05-18 21:08:58.327,1482.9024,,slider,1,0,-79.73,107.72,47.20,INHIBITED,BLEND_REQ,37070,0,R,R,0.05,PRESSED,FAULT
2026-05-18 21:08:58.730,1483.3052,,slider,1,0,204.24,53.72,47.20,INHIBITED,BLEND_REQ,37080,0,R,R,0.00,PRESSED,FAULT
2026-05-18 21:08:59.131,1483.7059,,slider,1,0,235.03,125.72,47.20,INHIBITED,BLEND_REQ,37090,0,R,R,0.00,PRESSED,FAULT
2026-05-18 21:08:59.515,1484.0898,,slider,1,0,-25.87,110.72,47.20,INHIBITED,BLEND_REQ,37100,0,R,R,0.00,PRESSED,FAULT
2026-05-18 21:08:59.923,1484.4976,,slider,1,0,-50.74,38.72,47.20,INHIBITED,BLEND_REQ,37110,0,R,R,0.00,PRESSED,FAULT
2026-05-18 21:09:00.328,1484.9029,,slider,1,0,90.83,14.90,47.20,INHIBITED,BLEND_REQ,37120,0,R,R,-0.25,released,RELEASED
2026-05-18 21:09:00.729,1485.3040,,slider,1,0,0.00,80.89,47.20,INHIBITED,BLEND_REQ,37130,0,R,R,-0.20,released,RELEASED
2026-05-18 21:09:01.130,1485.7046,,slider,1,0,0.00,8.89,47.20,INHIBITED,BLEND_REQ,37140,0,R,R,-0.55,released,RELEASED
2026-05-18 21:09:01.529,1486.1044,,slider,1,0,0.00,0.18,46.70,INHIBITED,BLEND_REQ,37150,0,R,R,-0.90,released,RELEASED
2026-05-18 21:09:01.915,1486.4901,,slider,1,0,0.00,0.01,45.40,INHIBITED,BLEND_REQ,37160,0,R,R,-1.20,released,RELEASED
2026-05-18 21:09:02.329,1486.9038,,slider,1,0,0.00,0.00,42.60,INHIBITED,BLEND_REQ,37170,0,R,R,-1.50,released,RELEASED
2026-05-18 21:09:02.730,1487.3048,,slider,1,0,0.00,0.00,37.70,INHIBITED,BLEND_REQ,37180,0,R,R,-1.70,released,RELEASED
2026-05-18 21:09:03.129,1487.7037,,slider,1,0,0.00,0.00,32.00,INHIBITED,BLEND_REQ,37190,0,R,R,-1.95,released,RELEASED
2026-05-18 21:09:03.529,1488.1041,,slider,1,0,0.00,0.00,27.30,INHIBITED,BLEND_REQ,37200,0,R,R,-2.10,released,RELEASED
2026-05-18 21:09:03.929,1488.5041,,slider,1,0,0.00,0.00,22.90,INHIBITED,BLEND_REQ,37210,0,R,R,-2.25,released,RELEASED
2026-05-18 21:09:04.329,1488.9040,,slider,1,0,0.00,0.00,18.40,INHIBITED,BLEND_REQ,37220,0,R,R,-2.35,PRESSED,FAULT
2026-05-18 21:09:04.729,1489.3044,,slider,1,0,0.00,0.00,14.80,INHIBITED,BLEND_REQ,37230,0,R,R,-2.15,PRESSED,FAULT
2026-05-18 21:09:05.129,1489.7043,,slider,1,0,0.00,0.00,12.20,INHIBITED,BLEND_REQ,37240,0,R,R,-1.70,PRESSED,FAULT
2026-05-18 21:09:05.530,1490.1047,,slider,1,0,0.00,0.00,12.00,INHIBITED,BLEND_REQ,37250,0,R,R,-1.60,released,RELEASED
2026-05-18 21:09:05.929,1490.5044,,slider,1,0,0.00,0.00,12.00,INHIBITED,BLEND_REQ,37260,0,R,R,-1.75,released,RELEASED
2026-05-18 21:09:06.320,1490.8948,,slider,1,0,0.00,0.00,11.70,INHIBITED,BLEND_REQ,37270,0,R,R,-1.85,PRESSED,FAULT
2026-05-18 21:09:06.719,1491.2945,,slider,1,0,0.00,0.00,10.80,INHIBITED,BLEND_REQ,37280,0,R,R,-1.80,PRESSED,FAULT
2026-05-18 21:09:07.116,1491.6913,,slider,1,0,0.00,0.00,10.50,INHIBITED,BLEND_REQ,37290,0,R,R,-1.40,PRESSED,FAULT
2026-05-18 21:09:07.518,1492.0927,,slider,1,0,0.00,0.00,10.40,INHIBITED,BLEND_REQ,37300,0,R,R,-0.90,PRESSED,FAULT
2026-05-18 21:09:07.918,1492.4929,,slider,1,0,0.00,0.00,10.40,INHIBITED,BLEND_REQ,37310,0,R,R,-0.40,PRESSED,FAULT
2026-05-18 21:09:08.000,1492.5753,shift_requested:N,slider,1,0,0.00,0.00,10.40,INHIBITED,BLEND_REQ,37312,0,R,R,-0.30,PRESSED,FAULT
2026-05-18 21:09:08.315,1492.8904,gear_change:N,slider,1,0,0.00,0.00,10.40,INHIBITED,BLEND_REQ,37319,0,N,N,0.00,PRESSED,FAULT
2026-05-18 21:09:08.317,1492.8919,,slider,1,0,0.00,0.00,10.40,INHIBITED,BLEND_REQ,37320,0,N,N,0.00,PRESSED,FAULT
2026-05-18 21:09:08.718,1493.2935,,slider,1,0,-9.53,0.00,10.40,INHIBITED,BLEND_REQ,37330,0,N,N,0.05,PRESSED,FAULT
2026-05-18 21:09:09.119,1493.6935,,slider,1,0,-168.37,-65.90,10.40,INHIBITED,BLEND_REQ,37340,0,N,N,0.00,PRESSED,FAULT
2026-05-18 21:09:09.467,1494.0425,shift_requested:D,slider,1,0,0.00,-59.90,10.40,INHIBITED,BLEND_REQ,37348,0,N,N,0.00,PRESSED,FAULT
2026-05-18 21:09:09.517,1494.0922,,slider,1,0,0.00,-38.90,10.40,INHIBITED,BLEND_REQ,37350,0,N,D,0.00,PRESSED,FAULT
2026-05-18 21:09:09.518,1494.0933,gear_change:D,slider,1,0,0.00,-38.90,10.40,INHIBITED,BLEND_REQ,37350,0,D,D,0.00,PRESSED,FAULT
2026-05-18 21:09:09.929,1494.5039,,slider,1,0,0.00,-0.01,10.40,INHIBITED,BLEND_REQ,37360,0,D,D,0.00,PRESSED,FAULT
2026-05-18 21:09:10.316,1494.8910,,slider,1,0,-355.63,-35.98,10.40,INHIBITED,BLEND_REQ,37370,0,D,D,0.00,PRESSED,FAULT
2026-05-18 21:09:10.717,1495.2921,,slider,1,0,-44.35,-35.98,10.40,INHIBITED,BLEND_REQ,37380,0,D,D,0.00,PRESSED,FAULT
2026-05-18 21:09:11.133,1495.7075,,slider,1,0,0.00,-9.85,10.40,INHIBITED,BLEND_REQ,37390,0,D,D,0.00,PRESSED,FAULT
2026-05-18 21:09:11.516,1496.0913,,slider,1,0,0.00,-0.55,10.40,INHIBITED,BLEND_REQ,37400,0,D,D,0.00,PRESSED,FAULT
2026-05-18 21:09:11.932,1496.5074,,slider,1,0,0.00,-0.02,10.40,INHIBITED,BLEND_REQ,37410,0,D,D,0.00,PRESSED,FAULT
2026-05-18 21:09:12.180,1496.7550,disengage,slider,0,0,0.00,-0.00,10.40,INHIBITED,BLEND_REQ,37416,0,D,D,0.00,PRESSED,FAULT
2026-05-18 21:09:12.253,1496.8276,eac_transition:AVAILABLE,slider,0,0,0.00,-0.00,10.40,AVAILABLE,BLEND_REQ,37418,0,D,D,0.00,PRESSED,FAULT
2026-05-18 21:09:12.315,1496.8901,,slider,0,0,0.00,-0.00,10.40,AVAILABLE,BLEND_REQ,37420,0,D,D,0.00,PRESSED,FAULT
2026-05-18 21:09:12.721,1497.2964,,slider,0,0,0.00,-0.00,10.40,AVAILABLE,BLEND_REQ,37430,0,D,D,0.00,PRESSED,FAULT
2026-05-18 21:09:13.120,1497.6945,,slider,0,0,0.00,-0.00,10.40,AVAILABLE,BLEND_REQ,37440,0,D,D,0.00,PRESSED,FAULT
2026-05-18 21:09:13.522,1498.0969,,slider,0,0,0.00,-0.00,10.40,AVAILABLE,BLEND_REQ,37450,0,D,D,0.00,PRESSED,FAULT
2026-05-18 21:09:13.922,1498.4971,,slider,0,0,0.00,-0.00,10.40,AVAILABLE,BLEND_REQ,37460,0,D,D,0.00,PRESSED,FAULT
2026-05-18 21:09:14.322,1498.8967,,slider,0,0,0.00,-0.00,10.40,AVAILABLE,BLEND_REQ,37470,0,D,D,0.00,PRESSED,FAULT
2026-05-18 21:09:14.726,1499.3004,,slider,0,0,0.00,-0.00,10.40,AVAILABLE,BLEND_REQ,37480,0,D,D,0.00,PRESSED,FAULT
2026-05-18 21:09:15.126,1499.7012,,slider,0,0,0.00,-0.00,10.40,AVAILABLE,BLEND_REQ,37490,0,D,D,0.00,PRESSED,FAULT
2026-05-18 21:09:15.528,1500.1026,,slider,0,0,0.00,-0.00,10.40,AVAILABLE,BLEND_REQ,37500,0,D,D,0.00,PRESSED,FAULT
2026-05-18 21:09:15.928,1500.5032,,slider,0,0,0.00,-0.00,10.40,AVAILABLE,BLEND_REQ,37510,0,D,D,0.00,PRESSED,FAULT
2026-05-18 21:09:16.330,1500.9053,,slider,0,0,0.00,-0.00,10.40,AVAILABLE,BLEND_REQ,37520,0,D,D,0.00,PRESSED,FAULT
2026-05-18 21:09:16.728,1501.3031,,slider,0,0,0.00,-0.00,10.40,AVAILABLE,BLEND_REQ,37530,0,D,D,0.00,PRESSED,FAULT
2026-05-18 21:09:17.046,1501.6207,estop:disconnect requested,slider,0,1,0.00,-0.00,10.40,AVAILABLE,BLEND_REQ,37537,0,D,D,0.00,PRESSED,FAULT
