wall_time,monotonic,event,mode,engaged,estop,target_deg,commanded_deg,measured_deg,eac_status,eac_error,rx_count_0x370,bus_errors,gear,gear_request,di_vehicle_speed_mph,brake_pedal,brake_state
2026-05-18 21:09:19.738,0.0863,gear_change:P,slider,0,0,0.00,-0.00,10.40,AVAILABLE,BLEND_REQ,0,0,P,P,0.00,PRESSED,FAULT
2026-05-18 21:09:19.742,0.0900,eac_transition:INHIBITED,slider,0,0,0.00,-0.00,10.40,INHIBITED,BLEND_REQ,1,0,P,P,0.00,PRESSED,FAULT
2026-05-18 21:09:19.806,0.1545,eac_transition:AVAILABLE,slider,0,0,0.00,-0.00,10.40,AVAILABLE,BLEND_REQ,3,0,P,P,0.00,PRESSED,FAULT
2026-05-18 21:09:20.084,0.4325,,slider,0,0,0.00,-0.00,10.40,AVAILABLE,BLEND_REQ,10,0,P,P,0.00,PRESSED,FAULT
2026-05-18 21:09:20.380,0.7276,engage,slider,1,0,10.40,10.40,10.40,AVAILABLE,BLEND_REQ,17,0,P,P,0.00,PRESSED,FAULT
2026-05-18 21:09:20.438,0.7863,eac_transition:ACTIVE,slider,1,0,0.00,7.14,10.30,ACTIVE,NONE,19,0,P,P,0.00,PRESSED,FAULT
2026-05-18 21:09:20.489,0.8368,,slider,1,0,0.00,4.91,9.80,ACTIVE,NONE,20,0,P,P,0.00,PRESSED,FAULT
2026-05-18 21:09:20.890,1.2378,,slider,1,0,0.00,0.24,2.00,ACTIVE,NONE,30,0,P,P,0.00,PRESSED,FAULT
2026-05-18 21:09:21.290,1.6382,,slider,1,0,0.00,0.01,0.20,ACTIVE,NONE,40,0,P,P,0.00,PRESSED,FAULT
2026-05-18 21:09:21.690,2.0378,,slider,1,0,0.00,0.00,0.00,ACTIVE,NONE,50,0,P,P,0.00,PRESSED,FAULT
2026-05-18 21:09:22.077,2.4254,,slider,1,0,-25.87,-63.47,-39.40,ACTIVE,NONE,60,0,P,P,0.00,PRESSED,FAULT
2026-05-18 21:09:22.484,2.8318,,slider,1,0,0.00,-27.47,-51.20,ACTIVE,NONE,70,0,P,P,0.00,PRESSED,FAULT
2026-05-18 21:09:22.883,3.2313,,slider,1,0,0.00,-0.44,-7.50,ACTIVE,NONE,80,0,P,P,0.00,PRESSED,FAULT
2026-05-18 21:09:23.284,3.6316,,slider,1,0,0.00,-1.39,-1.50,ACTIVE,NONE,90,0,P,P,0.00,PRESSED,FAULT
2026-05-18 21:09:23.499,3.8470,gear_change:N,slider,1,0,0.00,-0.13,-1.20,ACTIVE,NONE,95,0,N,N,0.00,PRESSED,FAULT
2026-05-18 21:09:23.510,3.8584,shift_requested:N,slider,1,0,0.00,-0.08,-1.20,ACTIVE,NONE,95,0,N,N,0.00,PRESSED,FAULT
2026-05-18 21:09:23.683,4.0312,,slider,1,0,0.00,-0.00,-0.10,ACTIVE,NONE,100,0,N,N,0.00,PRESSED,FAULT
2026-05-18 21:09:24.087,4.4351,,slider,1,0,0.00,-2.06,0.00,ACTIVE,NONE,110,0,N,N,0.00,PRESSED,FAULT
2026-05-18 21:09:24.488,4.8363,,slider,1,0,-16.91,-12.19,-6.20,ACTIVE,NONE,120,0,N,N,0.00,PRESSED,FAULT
2026-05-18 21:09:24.865,5.2129,shift_requested:D,slider,1,0,-11.00,-11.47,-12.40,ACTIVE,NONE,129,0,N,D,0.00,PRESSED,FAULT
2026-05-18 21:09:24.868,5.2162,gear_change:D,slider,1,0,-9.53,-11.47,-12.40,ACTIVE,NONE,129,0,D,D,0.00,PRESSED,FAULT
2026-05-18 21:09:24.878,5.2260,,slider,1,0,-9.53,-10.86,-12.40,ACTIVE,NONE,130,0,D,D,0.00,PRESSED,FAULT
2026-05-18 21:09:25.291,5.6385,,slider,1,0,-18.39,-13.51,-11.60,ACTIVE,NONE,140,0,D,D,-0.10,PRESSED,FAULT
2026-05-18 21:09:25.675,6.0233,,slider,1,0,-347.00,-75.11,-48.60,ACTIVE,NONE,150,0,D,D,0.00,PRESSED,FAULT
2026-05-18 21:09:26.075,6.4233,,slider,1,0,-347.00,-147.11,-123.20,ACTIVE,NONE,160,0,D,D,0.20,released,RELEASED
2026-05-18 21:09:26.475,6.8233,,slider,1,0,-347.00,-219.11,-196.80,ACTIVE,NONE,170,0,D,D,0.30,released,RELEASED
2026-05-18 21:09:26.876,7.2241,,slider,1,0,-347.00,-291.11,-269.20,ACTIVE,NONE,180,0,D,D,0.60,released,RELEASED
2026-05-18 21:09:27.276,7.6236,,slider,1,0,-283.39,-294.32,-314.60,ACTIVE,NONE,190,0,D,D,0.95,released,RELEASED
2026-05-18 21:09:27.684,8.0325,,slider,1,0,-310.06,-290.39,-286.50,ACTIVE,NONE,200,0,D,D,1.35,released,RELEASED
2026-05-18 21:09:28.084,8.4319,,slider,1,0,-347.00,-346.15,-335.20,ACTIVE,NONE,210,0,D,D,1.75,released,RELEASED
2026-05-18 21:09:28.485,8.8328,,slider,1,0,-351.29,-351.49,-351.90,ACTIVE,NONE,220,0,D,D,2.15,released,RELEASED
2026-05-18 21:09:28.885,9.2328,,slider,1,0,-351.29,-351.86,-353.00,ACTIVE,NONE,230,0,D,D,2.45,released,RELEASED
2026-05-18 21:09:29.285,9.6335,,slider,1,0,-351.29,-352.26,-352.40,ACTIVE,NONE,240,0,D,D,2.65,released,RELEASED
2026-05-18 21:09:29.685,10.0331,,slider,1,0,-173.60,-330.40,-347.60,ACTIVE,NONE,250,0,D,D,2.85,released,RELEASED
2026-05-18 21:09:30.086,10.4338,,slider,1,0,-57.28,-258.40,-281.80,ACTIVE,NONE,260,0,D,D,3.20,released,RELEASED
2026-05-18 21:09:30.486,10.8339,,slider,1,0,-44.35,-186.40,-208.90,ACTIVE,NONE,270,0,D,D,3.60,released,RELEASED
2026-05-18 21:09:30.886,11.2340,,slider,1,0,-11.00,-114.40,-137.60,ACTIVE,NONE,280,0,D,D,4.05,released,RELEASED
2026-05-18 21:09:31.288,11.6361,,slider,1,0,0.00,-42.40,-66.50,ACTIVE,NONE,290,0,D,D,4.50,released,RELEASED
2026-05-18 21:09:31.688,12.0364,,slider,1,0,-63.98,-35.78,-18.00,ACTIVE,NONE,300,0,D,D,4.85,released,RELEASED
2026-05-18 21:09:32.076,12.4244,,slider,1,0,0.00,-40.68,-50.10,ACTIVE,NONE,310,0,D,D,5.10,released,RELEASED
2026-05-18 21:09:32.476,12.8235,,slider,1,0,0.00,-1.97,-8.00,ACTIVE,NONE,320,0,D,D,5.35,released,RELEASED
2026-05-18 21:09:32.882,13.2303,,slider,1,0,-27.38,-18.11,-9.10,ACTIVE,NONE,330,0,D,D,5.60,released,RELEASED
2026-05-18 21:09:33.288,13.6358,,slider,1,0,0.00,-7.28,-17.60,ACTIVE,NONE,340,0,D,D,5.80,released,RELEASED
2026-05-18 21:09:33.688,14.0361,,slider,1,0,0.00,1.73,1.10,ACTIVE,NONE,350,0,D,D,6.00,released,RELEASED
2026-05-18 21:09:34.088,14.4360,,slider,1,0,0.00,-6.54,-7.70,ACTIVE,NONE,360,0,D,D,6.10,released,RELEASED
2026-05-18 21:09:34.489,14.8367,,slider,1,0,0.00,-0.32,-1.70,ACTIVE,NONE,370,0,D,D,5.85,released,RELEASED
2026-05-18 21:09:34.888,15.2358,,slider,1,0,0.00,-0.02,-0.10,ACTIVE,NONE,380,0,D,D,5.95,released,RELEASED
2026-05-18 21:09:35.288,15.6364,,slider,1,0,0.00,-0.00,0.00,ACTIVE,NONE,390,0,D,D,5.85,released,RELEASED
2026-05-18 21:09:35.688,16.0357,,slider,1,0,0.00,-0.00,0.00,ACTIVE,NONE,400,0,D,D,5.80,released,RELEASED
2026-05-18 21:09:36.088,16.4360,,slider,1,0,0.00,-0.00,0.00,ACTIVE,NONE,410,0,D,D,5.85,released,RELEASED
2026-05-18 21:09:36.488,16.8360,,slider,1,0,0.00,-0.00,0.00,ACTIVE,NONE,420,0,D,D,6.05,released,RELEASED
2026-05-18 21:09:36.888,17.2360,,slider,1,0,0.00,-0.00,0.00,ACTIVE,NONE,430,0,D,D,6.25,released,RELEASED
2026-05-18 21:09:37.288,17.6356,,slider,1,0,0.00,-1.56,-1.70,ACTIVE,NONE,440,0,D,D,6.50,released,RELEASED
2026-05-18 21:09:37.693,18.0406,,slider,1,0,36.54,25.61,13.20,ACTIVE,NONE,450,0,D,D,6.70,released,RELEASED
2026-05-18 21:09:38.077,18.4246,,slider,1,0,38.09,35.18,33.40,ACTIVE,NONE,460,0,D,D,6.45,released,RELEASED
2026-05-18 21:09:38.477,18.8250,,slider,1,0,63.98,55.58,44.80,ACTIVE,NONE,470,0,D,D,6.30,released,RELEASED
2026-05-18 21:09:38.884,19.2319,,slider,1,0,187.13,105.20,82.50,ACTIVE,NONE,480,0,D,D,6.00,released,RELEASED
2026-05-18 21:09:39.288,19.6359,,slider,1,0,235.03,174.20,150.00,ACTIVE,NONE,490,0,D,D,5.75,released,RELEASED
2026-05-18 21:09:39.688,20.0363,,slider,1,0,21.37,150.20,172.60,ACTIVE,NONE,500,0,D,D,5.50,released,RELEASED
2026-05-18 21:09:40.091,20.4387,,slider,1,0,-27.38,78.20,102.70,ACTIVE,NONE,510,0,D,D,5.40,released,RELEASED
2026-05-18 21:09:40.490,20.8374,,slider,1,0,-47.53,6.20,31.40,ACTIVE,NONE,520,0,D,D,5.30,released,RELEASED
2026-05-18 21:09:40.891,21.2392,,slider,1,0,-60.61,-52.44,-37.90,ACTIVE,NONE,530,0,D,D,5.15,released,RELEASED
2026-05-18 21:09:41.291,21.6389,,slider,1,0,-112.65,-93.76,-82.00,ACTIVE,NONE,540,0,D,D,5.10,released,RELEASED
2026-05-18 21:09:41.681,22.0291,,slider,1,0,-192.72,-156.85,-137.90,ACTIVE,NONE,550,0,D,D,5.00,released,RELEASED
2026-05-18 21:09:42.080,22.4283,,slider,1,0,-347.00,-228.85,-206.30,ACTIVE,NONE,560,0,D,D,4.95,released,RELEASED
2026-05-18 21:09:42.482,22.8294,,slider,1,0,-310.06,-300.85,-278.20,ACTIVE,NONE,570,0,D,D,4.80,released,RELEASED
2026-05-18 21:09:42.885,23.2330,,slider,1,0,-173.60,-263.26,-287.70,ACTIVE,NONE,580,0,D,D,4.70,released,RELEASED
2026-05-18 21:09:43.286,23.6335,,slider,1,0,-294.61,-192.45,-215.70,ACTIVE,NONE,590,0,D,D,4.65,PRESSED,FAULT
2026-05-18 21:09:43.686,24.0339,,slider,1,0,-184.37,-246.45,-239.50,ACTIVE,NONE,600,0,D,D,3.95,PRESSED,FAULT
2026-05-18 21:09:44.092,24.4395,,slider,1,0,-228.64,-211.97,-205.90,ACTIVE,NONE,610,0,D,D,3.35,PRESSED,FAULT
2026-05-18 21:09:44.492,24.8401,,slider,1,0,-351.29,-274.06,-250.50,ACTIVE,NONE,620,0,D,D,2.75,PRESSED,FAULT
2026-05-18 21:09:44.892,25.2401,,slider,1,0,-351.29,-346.06,-321.80,ACTIVE,NONE,630,0,D,D,2.20,PRESSED,FAULT
2026-05-18 21:09:45.292,25.6401,,slider,1,0,-351.29,-350.55,-351.20,ACTIVE,NONE,640,0,D,D,1.65,PRESSED,FAULT
2026-05-18 21:09:45.692,26.0400,,slider,1,0,-342.74,-345.80,-350.50,ACTIVE,NONE,650,0,D,D,1.15,PRESSED,FAULT
2026-05-18 21:09:46.093,26.4404,,slider,1,0,-342.74,-341.98,-343.60,ACTIVE,NONE,660,0,D,D,1.15,PRESSED,FAULT
2026-05-18 21:09:46.493,26.8408,,slider,1,0,-106.50,-282.67,-308.20,ACTIVE,NONE,670,0,D,D,0.95,PRESSED,FAULT
2026-05-18 21:09:46.892,27.2402,,slider,1,0,27.38,-210.67,-236.30,ACTIVE,NONE,680,0,D,D,0.35,PRESSED,FAULT
2026-05-18 21:09:47.293,27.6406,,slider,1,0,41.20,-138.67,-163.10,ACTIVE,NONE,690,0,D,D,-0.05,PRESSED,FAULT
2026-05-18 21:09:47.485,27.8329,shift_requested:N,slider,1,0,70.86,-84.67,-127.40,ACTIVE,NONE,695,0,D,N,-0.05,PRESSED,FAULT
2026-05-18 21:09:47.693,28.0409,,slider,1,0,98.53,50.33,-57.60,ACTIVE,NONE,700,0,D,N,-0.05,PRESSED,FAULT
2026-05-18 21:09:47.753,28.1004,gear_change:N,slider,1,0,123.27,59.33,-33.80,ACTIVE,NONE,701,0,N,N,-0.05,PRESSED,FAULT
2026-05-18 21:09:47.837,28.1845,eac_transition:INHIBITED,slider,1,0,178.93,74.33,30.40,INHIBITED,BLEND_REQ,704,0,N,N,-0.05,PRESSED,FAULT
2026-05-18 21:09:48.076,28.4239,,slider,1,0,347.00,119.33,47.90,INHIBITED,BLEND_REQ,710,0,N,N,0.00,PRESSED,FAULT
2026-05-18 21:09:48.447,28.7946,shift_requested:R,slider,1,0,347.00,185.33,25.20,INHIBITED,BLEND_REQ,719,0,N,N,0.00,PRESSED,FAULT
2026-05-18 21:09:48.476,28.8241,,slider,1,0,351.29,200.33,25.20,INHIBITED,BLEND_REQ,720,0,N,N,0.00,PRESSED,FAULT
2026-05-18 21:09:48.503,28.8506,gear_change:R,slider,1,0,351.29,221.33,25.20,INHIBITED,BLEND_REQ,720,0,R,R,0.00,PRESSED,FAULT
2026-05-18 21:09:48.881,29.2285,,slider,1,0,351.29,350.62,25.20,INHIBITED,BLEND_REQ,730,0,R,R,0.00,PRESSED,FAULT
2026-05-18 21:09:49.281,29.6285,,slider,1,0,351.29,350.17,25.10,INHIBITED,BLEND_REQ,740,0,R,R,0.00,PRESSED,FAULT
2026-05-18 21:09:49.684,30.0317,,slider,1,0,13.95,301.53,25.10,INHIBITED,BLEND_REQ,750,0,R,R,0.00,PRESSED,FAULT
2026-05-18 21:09:50.084,30.4317,,slider,1,0,0.00,229.53,25.60,INHIBITED,BLEND_REQ,760,0,R,R,0.00,PRESSED,FAULT
2026-05-18 21:09:50.484,30.8317,,slider,1,0,0.00,157.53,67.90,INHIBITED,BLEND_REQ,770,0,R,R,0.00,PRESSED,FAULT
2026-05-18 21:09:50.888,31.2362,,slider,1,0,0.00,85.53,96.30,INHIBITED,BLEND_REQ,780,0,R,R,-0.10,released,RELEASED
2026-05-18 21:09:51.291,31.6382,,slider,1,0,0.00,13.53,153.90,INHIBITED,BLEND_REQ,790,0,R,R,-0.30,released,RELEASED
2026-05-18 21:09:51.691,32.0385,,slider,1,0,0.00,0.00,218.00,INHIBITED,BLEND_REQ,800,0,R,R,-0.55,released,RELEASED
2026-05-18 21:09:52.094,32.4415,,slider,1,0,0.00,0.00,250.00,INHIBITED,BLEND_REQ,810,0,R,R,-0.65,PRESSED,FAULT
2026-05-18 21:09:52.479,32.8263,,slider,1,0,0.00,0.00,249.00,INHIBITED,BLEND_REQ,820,0,R,R,-0.30,released,RELEASED
2026-05-18 21:09:52.877,33.2251,,slider,1,0,0.00,0.00,247.20,INHIBITED,BLEND_REQ,830,0,R,R,0.00,released,RELEASED
2026-05-18 21:09:53.279,33.6263,,slider,1,0,0.00,0.00,247.00,INHIBITED,BLEND_REQ,840,0,R,R,0.05,PRESSED,FAULT
2026-05-18 21:09:53.683,34.0310,,slider,1,0,0.00,0.00,246.80,INHIBITED,BLEND_REQ,850,0,R,R,0.00,released,RELEASED
2026-05-18 21:09:54.083,34.4305,,slider,1,0,0.00,0.00,247.40,INHIBITED,BLEND_REQ,860,0,R,R,-0.10,released,RELEASED
2026-05-18 21:09:54.483,34.8305,,slider,1,0,0.00,0.00,248.00,INHIBITED,BLEND_REQ,870,0,R,R,-0.35,released,RELEASED
2026-05-18 21:09:54.883,35.2305,,slider,1,0,0.00,0.00,247.80,INHIBITED,BLEND_REQ,880,0,R,R,-0.35,released,RELEASED
2026-05-18 21:09:55.283,35.6308,,slider,1,0,0.00,0.00,265.20,INHIBITED,BLEND_REQ,890,0,R,R,-0.25,released,RELEASED
2026-05-18 21:09:55.683,36.0303,,slider,1,0,0.00,0.00,280.70,INHIBITED,BLEND_REQ,900,0,R,R,-0.45,released,RELEASED
2026-05-18 21:09:56.083,36.4307,,slider,1,0,0.00,0.00,286.80,INHIBITED,BLEND_REQ,910,0,R,R,-0.35,released,RELEASED
2026-05-18 21:09:56.483,36.8307,,slider,1,0,0.00,0.00,309.80,INHIBITED,BLEND_REQ,920,0,R,R,-0.45,released,RELEASED
2026-05-18 21:09:56.883,37.2303,,slider,1,0,0.00,0.00,337.70,INHIBITED,BLEND_REQ,930,0,R,R,-0.60,released,RELEASED
2026-05-18 21:09:57.283,37.6304,,slider,1,0,0.00,0.00,364.50,INHIBITED,BLEND_REQ,940,0,R,R,-0.70,released,RELEASED
2026-05-18 21:09:57.683,38.0305,,slider,1,0,0.00,0.00,395.80,INHIBITED,BLEND_REQ,950,0,R,R,-0.80,released,RELEASED
2026-05-18 21:09:58.083,38.4306,,slider,1,0,0.00,0.00,421.10,INHIBITED,BLEND_REQ,960,0,R,R,-0.90,released,RELEASED
2026-05-18 21:09:58.483,38.8304,,slider,1,0,0.00,0.00,418.60,INHIBITED,BLEND_REQ,970,0,R,R,-0.95,released,RELEASED
2026-05-18 21:09:58.882,39.2299,,slider,1,0,0.00,0.00,413.80,INHIBITED,BLEND_REQ,980,0,R,R,-1.00,released,RELEASED
2026-05-18 21:09:59.282,39.6301,,slider,1,0,0.00,0.00,412.00,INHIBITED,BLEND_REQ,990,0,R,R,-1.05,released,RELEASED
2026-05-18 21:09:59.682,40.0300,,slider,1,0,0.00,0.00,411.70,INHIBITED,BLEND_REQ,1000,0,R,R,-1.15,released,RELEASED
2026-05-18 21:10:00.083,40.4302,,slider,1,0,0.00,0.00,411.10,INHIBITED,BLEND_REQ,1010,0,R,R,-1.20,released,RELEASED
2026-05-18 21:10:00.484,40.8313,,slider,1,0,0.00,0.00,405.70,INHIBITED,BLEND_REQ,1020,0,R,R,-1.35,released,RELEASED
2026-05-18 21:10:00.882,41.2300,,slider,1,0,0.00,0.00,384.20,INHIBITED,BLEND_REQ,1030,0,R,R,-1.50,released,RELEASED
2026-05-18 21:10:01.283,41.6310,,slider,1,0,0.00,0.00,365.30,INHIBITED,BLEND_REQ,1040,0,R,R,-1.65,released,RELEASED
2026-05-18 21:10:01.682,42.0299,,slider,1,0,0.00,0.00,343.50,INHIBITED,BLEND_REQ,1050,0,R,R,-1.80,released,RELEASED
2026-05-18 21:10:02.083,42.4304,,slider,1,0,0.00,0.00,344.90,INHIBITED,BLEND_REQ,1060,0,R,R,-1.90,released,RELEASED
2026-05-18 21:10:02.484,42.8315,,slider,1,0,0.00,0.00,324.30,INHIBITED,BLEND_REQ,1070,0,R,R,-2.05,released,RELEASED
2026-05-18 21:10:02.882,43.2300,,slider,1,0,0.00,0.00,305.60,INHIBITED,BLEND_REQ,1080,0,R,R,-2.15,released,RELEASED
2026-05-18 21:10:03.283,43.6307,,slider,1,0,0.00,0.00,261.70,INHIBITED,BLEND_REQ,1090,0,R,R,-2.30,PRESSED,FAULT
2026-05-18 21:10:03.683,44.0309,,slider,1,0,0.00,0.00,230.40,INHIBITED,BLEND_REQ,1100,0,R,R,-2.15,PRESSED,FAULT
2026-05-18 21:10:04.083,44.4304,,slider,1,0,0.00,0.00,194.40,INHIBITED,BLEND_REQ,1110,0,R,R,-2.05,PRESSED,FAULT
2026-05-18 21:10:04.192,44.5401,shift_requested:D,slider,1,0,0.00,0.00,181.70,INHIBITED,BLEND_REQ,1112,0,R,D,-1.95,PRESSED,FAULT
2026-05-18 21:10:04.452,44.7996,gear_change:D,slider,1,0,0.00,0.00,135.00,INHIBITED,BLEND_REQ,1118,0,D,D,-1.90,released,RELEASED
2026-05-18 21:10:04.482,44.8301,,slider,1,0,0.00,0.00,115.50,INHIBITED,BLEND_REQ,1120,0,D,D,-1.85,released,RELEASED
2026-05-18 21:10:04.882,45.2299,,slider,1,0,0.00,0.00,77.00,INHIBITED,BLEND_REQ,1130,0,D,D,-1.60,released,RELEASED
2026-05-18 21:10:05.282,45.6301,,slider,1,0,0.00,0.00,83.70,INHIBITED,BLEND_REQ,1140,0,D,D,-1.05,released,RELEASED
2026-05-18 21:10:05.683,46.0310,,slider,1,0,0.00,0.00,50.70,INHIBITED,BLEND_REQ,1150,0,D,D,0.00,PRESSED,FAULT
2026-05-18 21:10:05.688,46.0360,shift_requested:D,slider,1,0,0.00,0.00,50.70,INHIBITED,BLEND_REQ,1150,0,D,D,0.00,PRESSED,FAULT
2026-05-18 21:10:06.083,46.4302,,slider,1,0,0.00,0.00,-8.40,INHIBITED,BLEND_REQ,1160,0,D,D,0.25,PRESSED,FAULT
2026-05-18 21:10:06.483,46.8305,,slider,1,0,0.00,0.00,-7.10,INHIBITED,BLEND_REQ,1170,0,D,D,-0.15,PRESSED,FAULT
2026-05-18 21:10:06.883,47.2303,,slider,1,0,0.00,0.00,1.80,INHIBITED,BLEND_REQ,1180,0,D,D,-0.05,PRESSED,FAULT
2026-05-18 21:10:07.283,47.6304,,slider,1,0,0.00,0.00,2.80,INHIBITED,BLEND_REQ,1190,0,D,D,-0.05,PRESSED,FAULT
2026-05-18 21:10:07.683,48.0302,,slider,1,0,0.00,0.00,3.50,INHIBITED,BLEND_REQ,1200,0,D,D,0.00,PRESSED,FAULT
2026-05-18 21:10:08.083,48.4303,,slider,1,0,0.00,0.00,4.00,INHIBITED,BLEND_REQ,1210,0,D,D,0.00,PRESSED,FAULT
2026-05-18 21:10:08.358,48.7051,shift_requested:N,slider,1,0,0.00,0.00,4.00,INHIBITED,BLEND_REQ,1216,0,D,D,0.00,PRESSED,FAULT
2026-05-18 21:10:08.479,48.8262,,slider,1,0,0.00,0.00,4.00,INHIBITED,BLEND_REQ,1220,0,D,N,0.00,PRESSED,FAULT
2026-05-18 21:10:08.672,49.0200,gear_change:N,slider,1,0,0.00,0.00,4.00,INHIBITED,BLEND_REQ,1224,0,N,N,0.00,PRESSED,FAULT
2026-05-18 21:10:08.882,49.2300,,slider,1,0,0.00,0.00,4.00,INHIBITED,BLEND_REQ,1230,0,N,N,0.00,PRESSED,FAULT
2026-05-18 21:10:09.282,49.6300,,slider,1,0,0.00,0.00,4.00,INHIBITED,BLEND_REQ,1240,0,N,N,0.00,PRESSED,FAULT
2026-05-18 21:10:09.682,50.0300,,slider,1,0,0.00,0.00,4.00,INHIBITED,BLEND_REQ,1250,0,N,N,0.00,PRESSED,FAULT
2026-05-18 21:10:10.082,50.4300,,slider,1,0,0.00,0.00,4.00,INHIBITED,BLEND_REQ,1260,0,N,N,0.00,PRESSED,FAULT
2026-05-18 21:10:10.333,50.6804,gear_change:R,slider,1,0,0.00,0.00,4.00,INHIBITED,BLEND_REQ,1265,0,R,R,0.00,PRESSED,FAULT
2026-05-18 21:10:10.478,50.8260,,slider,1,0,0.00,0.00,4.00,INHIBITED,BLEND_REQ,1270,0,R,R,0.00,PRESSED,FAULT
2026-05-18 21:10:10.878,51.2256,,slider,1,0,0.00,0.00,4.00,INHIBITED,BLEND_REQ,1280,0,R,R,0.00,PRESSED,FAULT
2026-05-18 21:10:11.279,51.6268,,slider,1,0,0.00,0.00,2.30,INHIBITED,BLEND_REQ,1290,0,R,R,0.00,PRESSED,FAULT
2026-05-18 21:10:11.681,52.0288,,slider,1,0,0.00,0.00,2.40,INHIBITED,BLEND_REQ,1300,0,R,R,0.00,released,RELEASED
2026-05-18 21:10:12.079,52.4261,,slider,1,0,0.00,0.00,2.40,INHIBITED,BLEND_REQ,1310,0,R,R,0.05,released,RELEASED
2026-05-18 21:10:12.478,52.8260,,slider,1,0,0.00,0.00,2.70,INHIBITED,BLEND_REQ,1320,0,R,R,-0.15,released,RELEASED
2026-05-18 21:10:12.878,53.2255,,slider,1,0,0.00,0.00,2.90,INHIBITED,BLEND_REQ,1330,0,R,R,-0.15,released,RELEASED
2026-05-18 21:10:13.278,53.6258,,slider,1,0,0.00,0.00,2.80,INHIBITED,BLEND_REQ,1340,0,R,R,-0.05,released,RELEASED
2026-05-18 21:10:13.684,54.0319,,slider,1,0,0.00,0.00,1.90,INHIBITED,BLEND_REQ,1350,0,R,R,0.15,released,RELEASED
2026-05-18 21:10:14.084,54.4311,,slider,1,0,0.00,0.00,1.30,INHIBITED,BLEND_REQ,1360,0,R,R,0.05,PRESSED,FAULT
2026-05-18 21:10:14.484,54.8319,,slider,1,0,0.00,0.00,1.30,INHIBITED,BLEND_REQ,1370,0,R,R,0.05,PRESSED,FAULT
2026-05-18 21:10:14.884,55.2319,,slider,1,0,0.00,0.00,1.30,INHIBITED,BLEND_REQ,1380,0,R,R,0.20,PRESSED,FAULT
2026-05-18 21:10:15.286,55.6331,,slider,1,0,0.00,0.00,1.30,INHIBITED,BLEND_REQ,1390,0,R,R,0.10,PRESSED,FAULT
2026-05-18 21:10:15.683,56.0308,,slider,1,0,0.00,0.00,1.30,INHIBITED,BLEND_REQ,1400,0,R,R,0.10,PRESSED,FAULT
2026-05-18 21:10:16.084,56.4316,,slider,1,0,0.00,0.00,1.30,INHIBITED,BLEND_REQ,1410,0,R,R,0.00,PRESSED,FAULT
2026-05-18 21:10:16.483,56.8308,,slider,1,0,0.00,0.00,1.30,INHIBITED,BLEND_REQ,1420,0,R,R,0.00,PRESSED,FAULT
2026-05-18 21:10:16.884,57.2310,,slider,1,0,0.00,0.00,1.30,INHIBITED,BLEND_REQ,1430,0,R,R,0.00,PRESSED,FAULT
2026-05-18 21:10:17.284,57.6310,,slider,1,0,0.00,0.00,1.30,INHIBITED,BLEND_REQ,1440,0,R,R,0.00,PRESSED,FAULT
2026-05-18 21:10:17.684,58.0311,,slider,1,0,0.00,0.00,1.30,INHIBITED,BLEND_REQ,1450,0,R,R,0.00,PRESSED,FAULT
2026-05-18 21:10:18.084,58.4311,,slider,1,0,0.00,0.00,1.30,INHIBITED,BLEND_REQ,1460,0,R,R,0.00,PRESSED,FAULT
2026-05-18 21:10:18.483,58.8309,,slider,1,0,0.00,0.00,1.30,INHIBITED,BLEND_REQ,1470,0,R,R,0.00,PRESSED,FAULT
2026-05-18 21:10:18.885,59.2326,,slider,1,0,0.00,0.00,1.30,INHIBITED,BLEND_REQ,1480,0,R,R,0.00,PRESSED,FAULT
2026-05-18 21:10:19.284,59.6314,,slider,1,0,0.00,0.00,1.30,INHIBITED,BLEND_REQ,1490,0,R,R,0.00,PRESSED,FAULT
2026-05-18 21:10:19.683,60.0308,,slider,1,0,0.00,0.00,1.30,INHIBITED,BLEND_REQ,1500,0,R,R,0.00,PRESSED,FAULT
2026-05-18 21:10:20.083,60.4309,,slider,1,0,0.00,0.00,1.30,INHIBITED,BLEND_REQ,1510,0,R,R,0.00,PRESSED,FAULT
2026-05-18 21:10:20.484,60.8313,,slider,1,0,0.00,0.00,1.30,INHIBITED,BLEND_REQ,1520,0,R,R,0.00,PRESSED,FAULT
2026-05-18 21:10:20.884,61.2312,,slider,1,0,0.00,0.00,1.30,INHIBITED,BLEND_REQ,1530,0,R,R,0.00,PRESSED,FAULT
2026-05-18 21:10:21.283,61.6309,,slider,1,0,0.00,0.00,1.30,INHIBITED,BLEND_REQ,1540,0,R,R,0.00,PRESSED,FAULT
2026-05-18 21:10:21.684,62.0312,,slider,1,0,0.00,0.00,1.60,INHIBITED,BLEND_REQ,1550,0,R,R,0.00,PRESSED,FAULT
2026-05-18 21:10:22.084,62.4311,,slider,1,0,0.00,0.00,2.30,INHIBITED,BLEND_REQ,1560,0,R,R,0.00,PRESSED,FAULT
2026-05-18 21:10:22.484,62.8313,,slider,1,0,0.00,0.00,2.60,INHIBITED,BLEND_REQ,1570,0,R,R,0.00,PRESSED,FAULT
2026-05-18 21:10:22.884,63.2312,,slider,1,0,0.00,0.00,3.50,INHIBITED,BLEND_REQ,1580,0,R,R,0.25,released,RELEASED
2026-05-18 21:10:23.285,63.6321,,slider,1,0,0.00,0.00,3.50,INHIBITED,BLEND_REQ,1590,0,R,R,0.05,released,RELEASED
2026-05-18 21:10:23.685,64.0322,,slider,1,0,0.00,0.00,3.50,INHIBITED,BLEND_REQ,1600,0,R,R,-0.15,released,RELEASED
2026-05-18 21:10:24.085,64.4329,,slider,1,0,0.00,0.00,3.50,INHIBITED,BLEND_REQ,1610,0,R,R,-0.20,released,RELEASED
2026-05-18 21:10:24.484,64.8318,,slider,1,0,0.00,0.00,3.40,INHIBITED,BLEND_REQ,1620,0,R,R,-0.20,released,RELEASED
2026-05-18 21:10:24.884,65.2314,,slider,1,0,0.00,0.00,3.10,INHIBITED,BLEND_REQ,1630,0,R,R,-0.30,released,RELEASED
2026-05-18 21:10:25.284,65.6312,,slider,1,0,0.00,0.00,2.60,INHIBITED,BLEND_REQ,1640,0,R,R,-0.65,released,RELEASED
2026-05-18 21:10:25.684,66.0311,,slider,1,0,0.00,0.00,13.10,INHIBITED,BLEND_REQ,1650,0,R,R,-1.20,released,RELEASED
2026-05-18 21:10:26.084,66.4319,,slider,1,0,0.00,0.00,36.10,INHIBITED,BLEND_REQ,1660,0,R,R,-1.50,released,RELEASED
2026-05-18 21:10:26.484,66.8318,,slider,1,0,0.00,0.00,46.30,INHIBITED,BLEND_REQ,1670,0,R,R,-1.75,released,RELEASED
2026-05-18 21:10:26.884,67.2317,,slider,1,0,0.00,0.00,56.10,INHIBITED,BLEND_REQ,1680,0,R,R,-2.20,released,RELEASED
2026-05-18 21:10:27.284,67.6312,,slider,1,0,0.00,0.00,36.90,INHIBITED,BLEND_REQ,1690,0,R,R,-2.50,released,RELEASED
2026-05-18 21:10:27.684,68.0313,,slider,1,0,0.00,0.00,9.20,INHIBITED,BLEND_REQ,1700,0,R,R,-2.75,released,RELEASED
2026-05-18 21:10:28.084,68.4310,,slider,1,0,0.00,0.00,3.70,INHIBITED,BLEND_REQ,1710,0,R,R,-2.80,released,RELEASED
2026-05-18 21:10:28.484,68.8317,,slider,1,0,0.00,0.00,4.30,INHIBITED,BLEND_REQ,1720,0,R,R,-2.45,released,RELEASED
2026-05-18 21:10:28.884,69.2311,,slider,1,0,0.00,0.00,18.90,INHIBITED,BLEND_REQ,1730,0,R,R,-2.35,released,RELEASED
2026-05-18 21:10:29.284,69.6309,,slider,1,0,0.00,0.00,23.50,INHIBITED,BLEND_REQ,1740,0,R,R,-2.35,released,RELEASED
2026-05-18 21:10:29.684,70.0310,,slider,1,0,0.00,0.00,11.60,INHIBITED,BLEND_REQ,1750,0,R,R,-2.40,released,RELEASED
2026-05-18 21:10:30.084,70.4314,,slider,1,0,0.00,0.00,7.60,INHIBITED,BLEND_REQ,1760,0,R,R,-2.40,released,RELEASED
2026-05-18 21:10:30.482,70.8296,,slider,1,0,0.00,0.00,6.40,INHIBITED,BLEND_REQ,1770,0,R,R,-2.40,released,RELEASED
2026-05-18 21:10:30.881,71.2285,,slider,1,0,0.00,0.00,5.60,INHIBITED,BLEND_REQ,1780,0,R,R,-2.40,released,RELEASED
2026-05-18 21:10:31.281,71.6286,,slider,1,0,0.00,0.00,5.00,INHIBITED,BLEND_REQ,1790,0,R,R,-2.15,released,RELEASED
2026-05-18 21:10:31.682,72.0298,,slider,1,0,0.00,0.00,7.50,INHIBITED,BLEND_REQ,1800,0,R,R,-2.40,released,RELEASED
2026-05-18 21:10:32.083,72.4308,,slider,1,0,0.00,0.00,7.30,INHIBITED,BLEND_REQ,1810,0,R,R,-2.60,released,RELEASED
2026-05-18 21:10:32.483,72.8302,,slider,1,0,0.00,0.00,4.20,INHIBITED,BLEND_REQ,1820,0,R,R,-2.60,released,RELEASED
2026-05-18 21:10:32.882,73.2293,,slider,1,0,0.00,0.00,4.00,INHIBITED,BLEND_REQ,1830,0,R,R,-2.40,released,RELEASED
2026-05-18 21:10:33.282,73.6294,,slider,1,0,0.00,0.00,4.00,INHIBITED,BLEND_REQ,1840,0,R,R,-2.15,PRESSED,FAULT
2026-05-18 21:10:33.685,74.0320,,slider,1,0,0.00,0.00,4.00,INHIBITED,BLEND_REQ,1850,0,R,R,-1.85,PRESSED,FAULT
2026-05-18 21:10:33.758,74.1054,shift_requested:N,slider,1,0,0.00,0.00,4.00,INHIBITED,BLEND_REQ,1851,0,R,R,-1.80,PRESSED,FAULT
2026-05-18 21:10:34.065,74.4122,gear_change:N,slider,1,0,0.00,0.00,4.00,INHIBITED,BLEND_REQ,1859,0,N,N,-1.35,PRESSED,FAULT
2026-05-18 21:10:34.085,74.4328,,slider,1,0,0.00,0.00,3.90,INHIBITED,BLEND_REQ,1860,0,N,N,-1.35,PRESSED,FAULT
2026-05-18 21:10:34.485,74.8328,,slider,1,0,0.00,0.00,3.80,INHIBITED,BLEND_REQ,1870,0,N,N,-0.60,PRESSED,FAULT
2026-05-18 21:10:34.885,75.2326,,slider,1,0,0.00,0.00,2.90,INHIBITED,BLEND_REQ,1880,0,N,N,0.00,PRESSED,FAULT
2026-05-18 21:10:35.287,75.6342,,slider,1,0,0.00,0.00,2.80,INHIBITED,BLEND_REQ,1890,0,N,N,0.05,PRESSED,FAULT
2026-05-18 21:10:35.496,75.8430,shift_requested:N,slider,1,0,0.00,0.00,2.80,INHIBITED,BLEND_REQ,1895,0,N,N,0.05,PRESSED,FAULT
2026-05-18 21:10:35.681,76.0282,,slider,1,0,0.00,0.00,2.80,INHIBITED,BLEND_REQ,1900,0,N,N,0.00,PRESSED,FAULT
2026-05-18 21:10:36.085,76.4328,,slider,1,0,0.00,0.00,2.80,INHIBITED,BLEND_REQ,1910,0,N,N,0.00,PRESSED,FAULT
2026-05-18 21:10:36.481,76.8287,,slider,1,0,0.00,0.00,2.80,INHIBITED,BLEND_REQ,1920,0,N,N,0.00,PRESSED,FAULT
2026-05-18 21:10:36.716,77.0632,shift_requested:N,slider,1,0,0.00,0.00,2.80,INHIBITED,BLEND_REQ,1925,0,N,N,0.00,PRESSED,FAULT
2026-05-18 21:10:36.886,77.2338,,slider,1,0,0.00,0.00,2.80,INHIBITED,BLEND_REQ,1930,0,N,N,0.00,PRESSED,FAULT
2026-05-18 21:10:37.286,77.6334,,slider,1,0,0.00,0.00,2.80,INHIBITED,BLEND_REQ,1940,0,N,N,0.00,PRESSED,FAULT
2026-05-18 21:10:37.451,77.7985,shift_requested:N,slider,1,0,0.00,0.00,2.80,INHIBITED,BLEND_REQ,1944,0,N,N,0.00,PRESSED,FAULT
2026-05-18 21:10:37.687,78.0340,,slider,1,0,0.00,0.00,2.80,INHIBITED,BLEND_REQ,1950,0,N,N,0.00,PRESSED,FAULT
2026-05-18 21:10:38.086,78.4335,,slider,1,0,0.00,0.00,2.80,INHIBITED,BLEND_REQ,1960,0,N,N,0.00,PRESSED,FAULT
2026-05-18 21:10:38.287,78.6339,shift_requested:N,slider,1,0,0.00,0.00,2.80,INHIBITED,BLEND_REQ,1965,0,N,N,0.00,PRESSED,FAULT
2026-05-18 21:10:38.482,78.8290,,slider,1,0,0.00,0.00,2.80,INHIBITED,BLEND_REQ,1970,0,N,N,0.00,PRESSED,FAULT
2026-05-18 21:10:38.886,79.2334,,slider,1,0,0.00,0.00,2.80,INHIBITED,BLEND_REQ,1980,0,N,N,0.00,PRESSED,FAULT
2026-05-18 21:10:38.960,79.3074,shift_requested:N,slider,1,0,0.00,0.00,2.80,INHIBITED,BLEND_REQ,1981,0,N,N,0.00,PRESSED,FAULT
2026-05-18 21:10:39.287,79.6343,,slider,1,0,0.00,0.00,2.80,INHIBITED,BLEND_REQ,1990,0,N,N,0.00,PRESSED,FAULT
2026-05-18 21:10:39.512,79.8594,gear_change:R,slider,1,0,0.00,0.00,2.80,INHIBITED,BLEND_REQ,1995,0,R,R,0.00,PRESSED,FAULT
2026-05-18 21:10:39.688,80.0355,,slider,1,0,0.00,0.00,2.80,INHIBITED,BLEND_REQ,2000,0,R,R,0.00,PRESSED,FAULT
2026-05-18 21:10:39.913,80.2603,shift_requested:R,slider,1,0,0.00,0.00,2.80,INHIBITED,BLEND_REQ,2005,0,R,R,0.10,PRESSED,FAULT
2026-05-18 21:10:40.087,80.4340,,slider,1,0,0.00,0.00,2.80,INHIBITED,BLEND_REQ,2010,0,R,R,-0.10,PRESSED,FAULT
2026-05-18 21:10:40.486,80.8335,,slider,1,0,0.00,0.00,2.80,INHIBITED,BLEND_REQ,2020,0,R,R,-0.05,PRESSED,FAULT
2026-05-18 21:10:40.886,81.2337,,slider,1,0,0.00,0.00,2.80,INHIBITED,BLEND_REQ,2030,0,R,R,-0.05,PRESSED,FAULT
2026-05-18 21:10:41.287,81.6344,,slider,1,0,0.00,0.00,2.80,INHIBITED,BLEND_REQ,2040,0,R,R,0.00,PRESSED,FAULT
2026-05-18 21:10:41.686,82.0336,,slider,1,0,0.00,0.00,2.80,INHIBITED,BLEND_REQ,2050,0,R,R,0.00,PRESSED,FAULT
2026-05-18 21:10:42.087,82.4343,,slider,1,0,0.00,0.00,2.80,INHIBITED,BLEND_REQ,2060,0,R,R,0.00,PRESSED,FAULT
2026-05-18 21:10:42.311,82.6580,shift_requested:N,slider,1,0,0.00,0.00,2.80,INHIBITED,BLEND_REQ,2065,0,R,R,0.00,PRESSED,FAULT
2026-05-18 21:10:42.480,82.8270,,slider,1,0,0.00,0.00,2.80,INHIBITED,BLEND_REQ,2070,0,R,N,0.00,PRESSED,FAULT
2026-05-18 21:10:42.627,82.9739,gear_change:N,slider,1,0,0.00,0.00,2.80,INHIBITED,BLEND_REQ,2073,0,N,N,0.00,PRESSED,FAULT
2026-05-18 21:10:42.867,83.2143,gear_change:R,slider,1,0,0.00,0.00,2.80,INHIBITED,BLEND_REQ,2079,0,R,R,0.00,PRESSED,FAULT
2026-05-18 21:10:42.878,83.2248,,slider,1,0,0.00,0.00,2.80,INHIBITED,BLEND_REQ,2080,0,R,R,0.00,PRESSED,FAULT
2026-05-18 21:10:43.078,83.4248,shift_requested:R,slider,1,0,0.00,0.00,2.80,INHIBITED,BLEND_REQ,2084,0,R,R,0.00,PRESSED,FAULT
2026-05-18 21:10:43.288,83.6355,,slider,1,0,0.00,0.00,2.80,INHIBITED,BLEND_REQ,2090,0,R,R,0.00,PRESSED,FAULT
2026-05-18 21:10:43.688,84.0353,,slider,1,0,0.00,0.00,2.80,INHIBITED,BLEND_REQ,2100,0,R,R,0.00,PRESSED,FAULT
2026-05-18 21:10:44.088,84.4355,,slider,1,0,0.00,0.00,2.80,INHIBITED,BLEND_REQ,2110,0,R,R,0.00,PRESSED,FAULT
2026-05-18 21:10:44.488,84.8353,,slider,1,0,0.00,0.00,2.60,INHIBITED,BLEND_REQ,2120,0,R,R,0.00,PRESSED,FAULT
2026-05-18 21:10:44.888,85.2354,,slider,1,0,0.00,0.00,2.60,INHIBITED,BLEND_REQ,2130,0,R,R,0.00,PRESSED,FAULT
2026-05-18 21:10:45.289,85.6362,,slider,1,0,0.00,0.00,2.50,INHIBITED,BLEND_REQ,2140,0,R,R,0.00,PRESSED,FAULT
2026-05-18 21:10:45.688,86.0355,,slider,1,0,0.00,0.00,2.50,INHIBITED,BLEND_REQ,2150,0,R,R,0.00,PRESSED,FAULT
2026-05-18 21:10:46.088,86.4353,,slider,1,0,0.00,0.00,2.50,INHIBITED,BLEND_REQ,2160,0,R,R,0.00,PRESSED,FAULT
2026-05-18 21:10:46.488,86.8355,,slider,1,0,0.00,0.00,2.30,INHIBITED,BLEND_REQ,2170,0,R,R,0.00,PRESSED,FAULT
2026-05-18 21:10:46.888,87.2357,,slider,1,0,0.00,0.00,2.30,INHIBITED,BLEND_REQ,2180,0,R,R,0.00,PRESSED,FAULT
2026-05-18 21:10:47.021,87.3683,disengage,slider,0,0,0.00,0.00,2.30,INHIBITED,BLEND_REQ,2183,0,R,R,0.00,PRESSED,FAULT
2026-05-18 21:10:47.089,87.4359,eac_transition:AVAILABLE,slider,0,0,0.00,0.00,2.30,AVAILABLE,BLEND_REQ,2185,0,R,R,0.00,PRESSED,FAULT
2026-05-18 21:10:47.288,87.6357,,slider,0,0,0.00,0.00,2.30,AVAILABLE,BLEND_REQ,2190,0,R,R,0.00,PRESSED,FAULT
2026-05-18 21:10:47.688,88.0357,,slider,0,0,0.00,0.00,2.30,AVAILABLE,BLEND_REQ,2200,0,R,R,0.00,PRESSED,FAULT
2026-05-18 21:10:48.088,88.4356,,slider,0,0,0.00,0.00,2.30,AVAILABLE,BLEND_REQ,2210,0,R,P,0.00,PRESSED,FAULT
2026-05-18 21:10:48.329,88.6761,gear_change:P,slider,0,0,0.00,0.00,2.30,AVAILABLE,BLEND_REQ,2216,0,P,P,0.00,PRESSED,FAULT
2026-05-18 21:10:48.488,88.8356,,slider,0,0,0.00,0.00,2.30,AVAILABLE,BLEND_REQ,2220,0,P,P,0.00,PRESSED,FAULT
2026-05-18 21:10:48.889,89.2359,,slider,0,0,0.00,0.00,2.70,AVAILABLE,BLEND_REQ,2230,0,P,P,0.00,PRESSED,FAULT
2026-05-18 21:10:49.288,89.6356,,slider,0,0,0.00,0.00,2.70,AVAILABLE,BLEND_REQ,2240,0,P,P,0.00,released,RELEASED
2026-05-18 21:10:49.690,90.0375,,slider,0,0,0.00,0.00,2.70,AVAILABLE,BLEND_REQ,2250,0,P,P,0.00,released,RELEASED
2026-05-18 21:10:50.091,90.4377,,slider,0,0,0.00,0.00,2.70,AVAILABLE,BLEND_REQ,2260,0,P,P,0.00,released,RELEASED
2026-05-18 21:10:50.491,90.8380,,slider,0,0,0.00,0.00,2.70,AVAILABLE,BLEND_REQ,2270,0,P,P,0.00,released,RELEASED
2026-05-18 21:10:50.891,91.2386,,slider,0,0,0.00,0.00,2.70,AVAILABLE,BLEND_REQ,2280,0,P,P,0.00,released,RELEASED
2026-05-18 21:10:51.291,91.6380,,slider,0,0,0.00,0.00,2.70,AVAILABLE,BLEND_REQ,2290,0,P,P,0.00,released,RELEASED
2026-05-18 21:10:51.692,92.0388,,slider,0,0,0.00,0.00,2.70,AVAILABLE,BLEND_REQ,2300,0,P,P,0.00,released,RELEASED
2026-05-18 21:10:52.091,92.4386,,slider,0,0,0.00,0.00,2.70,AVAILABLE,BLEND_REQ,2310,0,P,P,0.00,released,RELEASED
2026-05-18 21:10:52.491,92.8386,,slider,0,0,0.00,0.00,2.70,AVAILABLE,BLEND_REQ,2320,0,P,P,0.00,released,RELEASED
2026-05-18 21:10:52.892,93.2392,,slider,0,0,0.00,0.00,2.70,AVAILABLE,BLEND_REQ,2330,0,P,P,0.00,released,RELEASED
2026-05-18 21:10:53.292,93.6389,,slider,0,0,0.00,0.00,2.70,AVAILABLE,BLEND_REQ,2340,0,P,P,0.00,released,RELEASED
2026-05-18 21:10:53.692,94.0389,,slider,0,0,0.00,0.00,2.70,AVAILABLE,BLEND_REQ,2350,0,P,P,0.00,released,RELEASED
2026-05-18 21:10:54.091,94.4381,,slider,0,0,0.00,0.00,2.70,AVAILABLE,BLEND_REQ,2360,0,P,P,0.00,released,RELEASED
2026-05-18 21:10:54.492,94.8387,,slider,0,0,0.00,0.00,2.70,AVAILABLE,BLEND_REQ,2370,0,P,P,0.00,released,RELEASED
2026-05-18 21:10:54.891,95.2386,,slider,0,0,0.00,0.00,2.70,AVAILABLE,BLEND_REQ,2380,0,P,P,0.00,released,RELEASED
2026-05-18 21:10:55.291,95.6386,,slider,0,0,0.00,0.00,2.70,AVAILABLE,BLEND_REQ,2390,0,P,P,0.00,released,RELEASED
2026-05-18 21:10:55.692,96.0387,,slider,0,0,0.00,0.00,2.70,AVAILABLE,BLEND_REQ,2400,0,P,P,0.00,released,RELEASED
2026-05-18 21:10:56.091,96.4383,,slider,0,0,0.00,0.00,2.70,AVAILABLE,BLEND_REQ,2410,0,P,P,0.00,released,RELEASED
2026-05-18 21:10:56.492,96.8388,,slider,0,0,0.00,0.00,2.70,AVAILABLE,BLEND_REQ,2420,0,P,P,0.00,released,RELEASED
2026-05-18 21:10:56.892,97.2393,,slider,0,0,0.00,0.00,2.70,AVAILABLE,BLEND_REQ,2430,0,P,P,0.00,released,RELEASED
2026-05-18 21:10:57.293,97.6397,,slider,0,0,0.00,0.00,2.70,AVAILABLE,BLEND_REQ,2440,0,P,P,0.00,released,RELEASED
2026-05-18 21:10:57.692,98.0393,,slider,0,0,0.00,0.00,2.70,AVAILABLE,BLEND_REQ,2450,0,P,P,0.00,released,RELEASED
2026-05-18 21:10:58.092,98.4388,,slider,0,0,0.00,0.00,2.70,AVAILABLE,BLEND_REQ,2460,0,P,P,0.00,released,RELEASED
2026-05-18 21:10:58.492,98.8395,,slider,0,0,0.00,0.00,2.70,AVAILABLE,BLEND_REQ,2470,0,P,P,0.00,released,RELEASED
2026-05-18 21:10:58.892,99.2395,,slider,0,0,0.00,0.00,2.70,AVAILABLE,BLEND_REQ,2480,0,P,P,0.00,released,RELEASED
2026-05-18 21:10:59.292,99.6389,,slider,0,0,0.00,0.00,2.70,AVAILABLE,BLEND_REQ,2490,0,P,P,0.00,released,RELEASED
2026-05-18 21:10:59.692,100.0389,,slider,0,0,0.00,0.00,2.70,AVAILABLE,BLEND_REQ,2500,0,P,P,0.00,released,RELEASED
2026-05-18 21:11:00.092,100.4389,,slider,0,0,0.00,0.00,2.70,AVAILABLE,BLEND_REQ,2510,0,P,P,0.00,released,RELEASED
2026-05-18 21:11:00.492,100.8391,,slider,0,0,0.00,0.00,2.70,AVAILABLE,BLEND_REQ,2520,0,P,P,0.00,released,RELEASED
2026-05-18 21:11:00.892,101.2390,,slider,0,0,0.00,0.00,2.70,AVAILABLE,BLEND_REQ,2530,0,P,P,0.00,released,RELEASED
2026-05-18 21:11:01.292,101.6390,,slider,0,0,0.00,0.00,2.70,AVAILABLE,BLEND_REQ,2540,0,P,P,0.00,released,RELEASED
2026-05-18 21:11:01.693,102.0399,,slider,0,0,0.00,0.00,2.70,AVAILABLE,BLEND_REQ,2550,0,P,P,0.00,released,RELEASED
2026-05-18 21:11:02.092,102.4393,,slider,0,0,0.00,0.00,2.70,AVAILABLE,BLEND_REQ,2560,0,P,P,0.00,released,RELEASED
2026-05-18 21:11:02.493,102.8397,,slider,0,0,0.00,0.00,2.70,AVAILABLE,BLEND_REQ,2570,0,P,P,0.00,released,RELEASED
2026-05-18 21:11:02.892,103.2394,,slider,0,0,0.00,0.00,2.70,AVAILABLE,BLEND_REQ,2580,0,P,P,0.00,released,RELEASED
2026-05-18 21:11:03.292,103.6393,,slider,0,0,0.00,0.00,2.70,AVAILABLE,BLEND_REQ,2590,0,P,P,0.00,released,RELEASED
2026-05-18 21:11:03.693,104.0396,,slider,0,0,0.00,0.00,2.70,AVAILABLE,BLEND_REQ,2600,0,P,P,0.00,released,RELEASED
2026-05-18 21:11:04.093,104.4396,,slider,0,0,0.00,0.00,2.70,AVAILABLE,BLEND_REQ,2610,0,P,P,0.00,released,RELEASED
2026-05-18 21:11:04.493,104.8397,,slider,0,0,0.00,0.00,2.70,AVAILABLE,BLEND_REQ,2620,0,P,P,0.00,released,RELEASED
2026-05-18 21:11:04.893,105.2397,,slider,0,0,0.00,0.00,2.70,AVAILABLE,BLEND_REQ,2630,0,P,P,0.00,released,RELEASED
2026-05-18 21:11:05.293,105.6398,,slider,0,0,0.00,0.00,2.70,AVAILABLE,BLEND_REQ,2640,0,P,P,0.00,released,RELEASED
2026-05-18 21:11:05.693,106.0398,,slider,0,0,0.00,0.00,2.70,AVAILABLE,BLEND_REQ,2650,0,P,P,0.00,released,RELEASED
2026-05-18 21:11:06.093,106.4400,,slider,0,0,0.00,0.00,2.70,AVAILABLE,BLEND_REQ,2660,0,P,P,0.00,released,RELEASED
2026-05-18 21:11:06.493,106.8401,,slider,0,0,0.00,0.00,2.70,AVAILABLE,BLEND_REQ,2670,0,P,P,0.00,released,RELEASED
2026-05-18 21:11:06.893,107.2397,,slider,0,0,0.00,0.00,2.70,AVAILABLE,BLEND_REQ,2680,0,P,P,0.00,released,RELEASED
2026-05-18 21:11:07.293,107.6401,,slider,0,0,0.00,0.00,2.70,AVAILABLE,BLEND_REQ,2690,0,P,P,0.00,released,RELEASED
2026-05-18 21:11:07.693,108.0399,,slider,0,0,0.00,0.00,2.70,AVAILABLE,BLEND_REQ,2700,0,P,P,0.00,released,RELEASED
2026-05-18 21:11:08.094,108.4407,,slider,0,0,0.00,0.00,2.70,AVAILABLE,BLEND_REQ,2710,0,P,P,0.00,released,RELEASED
2026-05-18 21:11:08.493,108.8405,,slider,0,0,0.00,0.00,2.70,AVAILABLE,BLEND_REQ,2720,0,P,P,0.00,released,RELEASED
2026-05-18 21:11:08.893,109.2404,,slider,0,0,0.00,0.00,2.70,AVAILABLE,BLEND_REQ,2730,0,P,P,0.00,released,RELEASED
2026-05-18 21:11:09.293,109.6399,,slider,0,0,0.00,0.00,2.70,AVAILABLE,BLEND_REQ,2740,0,P,P,0.00,released,RELEASED
2026-05-18 21:11:09.694,110.0408,,slider,0,0,0.00,0.00,2.70,AVAILABLE,BLEND_REQ,2750,0,P,P,0.00,released,RELEASED
2026-05-18 21:11:10.093,110.4404,,slider,0,0,0.00,0.00,2.70,AVAILABLE,BLEND_REQ,2760,0,P,P,0.00,released,RELEASED
2026-05-18 21:11:10.494,110.8407,,slider,0,0,0.00,0.00,2.70,AVAILABLE,BLEND_REQ,2770,0,P,P,0.00,released,RELEASED
2026-05-18 21:11:10.894,111.2406,,slider,0,0,0.00,0.00,2.70,AVAILABLE,BLEND_REQ,2780,0,P,P,0.00,released,RELEASED
2026-05-18 21:11:11.294,111.6408,,slider,0,0,0.00,0.00,2.70,AVAILABLE,BLEND_REQ,2790,0,P,P,0.00,released,RELEASED
2026-05-18 21:11:11.694,112.0408,,slider,0,0,0.00,0.00,2.70,AVAILABLE,BLEND_REQ,2800,0,P,P,0.00,released,RELEASED
2026-05-18 21:11:12.094,112.4407,,slider,0,0,0.00,0.00,2.70,AVAILABLE,BLEND_REQ,2810,0,P,P,0.00,released,RELEASED
2026-05-18 21:11:12.493,112.8404,,slider,0,0,0.00,0.00,2.70,AVAILABLE,BLEND_REQ,2820,0,P,P,0.00,released,RELEASED
2026-05-18 21:11:12.893,113.2404,,slider,0,0,0.00,0.00,2.70,AVAILABLE,BLEND_REQ,2830,0,P,P,0.00,released,RELEASED
2026-05-18 21:11:13.294,113.6412,,slider,0,0,0.00,0.00,2.70,AVAILABLE,BLEND_REQ,2840,0,P,P,0.00,released,RELEASED
2026-05-18 21:11:13.694,114.0408,,slider,0,0,0.00,0.00,2.70,AVAILABLE,BLEND_REQ,2850,0,P,P,0.00,released,RELEASED
2026-05-18 21:11:14.094,114.4405,,slider,0,0,0.00,0.00,2.70,AVAILABLE,BLEND_REQ,2860,0,P,P,0.00,released,RELEASED
2026-05-18 21:11:14.494,114.8409,,slider,0,0,0.00,0.00,2.70,AVAILABLE,BLEND_REQ,2870,0,P,P,0.00,released,RELEASED
2026-05-18 21:11:14.894,115.2412,,slider,0,0,0.00,0.00,2.70,AVAILABLE,BLEND_REQ,2880,0,P,P,0.00,released,RELEASED
2026-05-18 21:11:15.293,115.6404,,slider,0,0,0.00,0.00,2.70,AVAILABLE,BLEND_REQ,2890,0,P,P,0.00,released,RELEASED
2026-05-18 21:11:15.693,116.0404,,slider,0,0,0.00,0.00,2.70,AVAILABLE,BLEND_REQ,2900,0,P,P,0.00,released,RELEASED
2026-05-18 21:11:16.094,116.4405,,slider,0,0,0.00,0.00,2.70,AVAILABLE,BLEND_REQ,2910,0,P,P,0.00,released,RELEASED
2026-05-18 21:11:16.494,116.8406,,slider,0,0,0.00,0.00,2.70,AVAILABLE,BLEND_REQ,2920,0,P,P,0.00,released,RELEASED
2026-05-18 21:11:16.894,117.2410,,slider,0,0,0.00,0.00,2.70,AVAILABLE,BLEND_REQ,2930,0,P,P,0.00,released,RELEASED
2026-05-18 21:11:17.294,117.6409,,slider,0,0,0.00,0.00,2.70,AVAILABLE,BLEND_REQ,2940,0,P,P,0.00,released,RELEASED
2026-05-18 21:11:17.695,118.0415,,slider,0,0,0.00,0.00,2.70,AVAILABLE,BLEND_REQ,2950,0,P,P,0.00,released,RELEASED
2026-05-18 21:11:18.094,118.4412,,slider,0,0,0.00,0.00,2.70,AVAILABLE,BLEND_REQ,2960,0,P,P,0.00,released,RELEASED
2026-05-18 21:11:18.494,118.8407,,slider,0,0,0.00,0.00,2.70,AVAILABLE,BLEND_REQ,2970,0,P,P,0.00,released,RELEASED
2026-05-18 21:11:18.894,119.2410,,slider,0,0,0.00,0.00,2.70,AVAILABLE,BLEND_REQ,2980,0,P,P,0.00,released,RELEASED
2026-05-18 21:11:19.294,119.6406,,slider,0,0,0.00,0.00,2.70,AVAILABLE,BLEND_REQ,2990,0,P,P,0.00,released,RELEASED
2026-05-18 21:11:19.694,120.0410,,slider,0,0,0.00,0.00,2.70,AVAILABLE,BLEND_REQ,3000,0,P,P,0.00,released,RELEASED
2026-05-18 21:11:20.094,120.4409,,slider,0,0,0.00,0.00,2.70,AVAILABLE,BLEND_REQ,3010,0,P,P,0.00,released,RELEASED
2026-05-18 21:11:20.494,120.8410,,slider,0,0,0.00,0.00,2.70,AVAILABLE,BLEND_REQ,3020,0,P,P,0.00,released,RELEASED
2026-05-18 21:11:20.894,121.2410,,slider,0,0,0.00,0.00,2.70,AVAILABLE,BLEND_REQ,3030,0,P,P,0.00,released,RELEASED
2026-05-18 21:11:21.294,121.6409,,slider,0,0,0.00,0.00,2.70,AVAILABLE,BLEND_REQ,3040,0,P,P,0.00,released,RELEASED
2026-05-18 21:11:21.694,122.0410,,slider,0,0,0.00,0.00,2.70,AVAILABLE,BLEND_REQ,3050,0,P,P,0.00,released,RELEASED
2026-05-18 21:11:22.094,122.4411,,slider,0,0,0.00,0.00,2.70,AVAILABLE,BLEND_REQ,3060,0,P,P,0.00,released,RELEASED
2026-05-18 21:11:22.494,122.8414,,slider,0,0,0.00,0.00,2.70,AVAILABLE,BLEND_REQ,3070,0,P,P,0.00,released,RELEASED
2026-05-18 21:11:22.894,123.2412,,slider,0,0,0.00,0.00,2.70,AVAILABLE,BLEND_REQ,3080,0,P,P,0.00,released,RELEASED
2026-05-18 21:11:23.294,123.6413,,slider,0,0,0.00,0.00,2.70,AVAILABLE,BLEND_REQ,3090,0,P,P,0.00,released,RELEASED
2026-05-18 21:11:23.694,124.0412,,slider,0,0,0.00,0.00,2.70,AVAILABLE,BLEND_REQ,3100,0,P,P,0.00,released,RELEASED
2026-05-18 21:11:24.095,124.4424,,slider,0,0,0.00,0.00,2.70,AVAILABLE,BLEND_REQ,3110,0,P,P,0.00,released,RELEASED
2026-05-18 21:11:24.496,124.8428,,slider,0,0,0.00,0.00,2.70,AVAILABLE,BLEND_REQ,3120,0,P,P,0.00,released,RELEASED
2026-05-18 21:11:24.894,125.2413,,slider,0,0,0.00,0.00,2.70,AVAILABLE,BLEND_REQ,3130,0,P,P,0.00,released,RELEASED
2026-05-18 21:11:25.294,125.6413,,slider,0,0,0.00,0.00,2.70,AVAILABLE,BLEND_REQ,3140,0,P,P,0.00,released,RELEASED
2026-05-18 21:11:25.695,126.0417,,slider,0,0,0.00,0.00,2.70,AVAILABLE,BLEND_REQ,3150,0,P,P,0.00,released,RELEASED
2026-05-18 21:11:26.095,126.4415,,slider,0,0,0.00,0.00,2.70,AVAILABLE,BLEND_REQ,3160,0,P,P,0.00,released,RELEASED
2026-05-18 21:11:26.495,126.8416,,slider,0,0,0.00,0.00,2.70,AVAILABLE,BLEND_REQ,3170,0,P,P,0.00,released,RELEASED
2026-05-18 21:11:26.895,127.2418,,slider,0,0,0.00,0.00,2.70,AVAILABLE,BLEND_REQ,3180,0,P,P,0.00,released,RELEASED
2026-05-18 21:11:27.295,127.6422,,slider,0,0,0.00,0.00,2.70,AVAILABLE,BLEND_REQ,3190,0,P,P,0.00,released,RELEASED
2026-05-18 21:11:27.695,128.0421,,slider,0,0,0.00,0.00,2.70,AVAILABLE,BLEND_REQ,3200,0,P,P,0.00,released,RELEASED
2026-05-18 21:11:28.095,128.4422,,slider,0,0,0.00,0.00,2.70,AVAILABLE,BLEND_REQ,3210,0,P,P,0.00,released,RELEASED
2026-05-18 21:11:28.495,128.8419,,slider,0,0,0.00,0.00,2.70,AVAILABLE,BLEND_REQ,3220,0,P,P,0.00,released,RELEASED
2026-05-18 21:11:28.895,129.2420,,slider,0,0,0.00,0.00,2.70,AVAILABLE,BLEND_REQ,3230,0,P,P,0.00,released,RELEASED
2026-05-18 21:11:29.295,129.6418,,slider,0,0,0.00,0.00,2.70,AVAILABLE,BLEND_REQ,3240,0,P,P,0.00,released,RELEASED
2026-05-18 21:11:29.695,130.0420,,slider,0,0,0.00,0.00,2.70,AVAILABLE,BLEND_REQ,3250,0,P,P,0.00,released,RELEASED
2026-05-18 21:11:30.095,130.4421,,slider,0,0,0.00,0.00,2.70,AVAILABLE,BLEND_REQ,3260,0,P,P,0.00,released,RELEASED
2026-05-18 21:11:30.495,130.8420,,slider,0,0,0.00,0.00,2.70,AVAILABLE,BLEND_REQ,3270,0,P,P,0.00,released,RELEASED
2026-05-18 21:11:30.895,131.2420,,slider,0,0,0.00,0.00,2.70,AVAILABLE,BLEND_REQ,3280,0,P,P,0.00,released,RELEASED
2026-05-18 21:11:31.295,131.6420,,slider,0,0,0.00,0.00,2.70,AVAILABLE,BLEND_REQ,3290,0,P,P,0.00,released,RELEASED
2026-05-18 21:11:31.696,132.0425,,slider,0,0,0.00,0.00,2.70,AVAILABLE,BLEND_REQ,3300,0,P,P,0.00,released,RELEASED
2026-05-18 21:11:32.096,132.4423,,slider,0,0,0.00,0.00,2.70,AVAILABLE,BLEND_REQ,3310,0,P,P,0.00,released,RELEASED
2026-05-18 21:11:32.496,132.8428,,slider,0,0,0.00,0.00,2.70,AVAILABLE,BLEND_REQ,3320,0,P,P,0.00,released,RELEASED
2026-05-18 21:11:32.896,133.2424,,slider,0,0,0.00,0.00,2.70,AVAILABLE,BLEND_REQ,3330,0,P,P,0.00,released,RELEASED
2026-05-18 21:11:33.296,133.6423,,slider,0,0,0.00,0.00,2.70,AVAILABLE,BLEND_REQ,3340,0,P,P,0.00,released,RELEASED
2026-05-18 21:11:33.696,134.0425,,slider,0,0,0.00,0.00,2.70,AVAILABLE,BLEND_REQ,3350,0,P,P,0.00,released,RELEASED
2026-05-18 21:11:34.096,134.4424,,slider,0,0,0.00,0.00,2.70,AVAILABLE,BLEND_REQ,3360,0,P,P,0.00,released,RELEASED
2026-05-18 21:11:34.496,134.8425,,slider,0,0,0.00,0.00,2.70,AVAILABLE,BLEND_REQ,3370,0,P,P,0.00,released,RELEASED
2026-05-18 21:11:34.896,135.2426,,slider,0,0,0.00,0.00,2.70,AVAILABLE,BLEND_REQ,3380,0,P,P,0.00,released,RELEASED
2026-05-18 21:11:35.296,135.6425,,slider,0,0,0.00,0.00,2.70,AVAILABLE,BLEND_REQ,3390,0,P,P,0.00,released,RELEASED
2026-05-18 21:11:35.696,136.0429,,slider,0,0,0.00,0.00,2.70,AVAILABLE,BLEND_REQ,3400,0,P,P,0.00,released,RELEASED
2026-05-18 21:11:36.096,136.4430,,slider,0,0,0.00,0.00,2.70,AVAILABLE,BLEND_REQ,3410,0,P,P,0.00,released,RELEASED
2026-05-18 21:11:36.496,136.8430,,slider,0,0,0.00,0.00,2.70,AVAILABLE,BLEND_REQ,3420,0,P,P,0.00,released,RELEASED
2026-05-18 21:11:36.896,137.2429,,slider,0,0,0.00,0.00,2.70,AVAILABLE,BLEND_REQ,3430,0,P,P,0.00,released,RELEASED
2026-05-18 21:11:37.296,137.6431,,slider,0,0,0.00,0.00,2.70,AVAILABLE,BLEND_REQ,3440,0,P,P,0.00,released,RELEASED
2026-05-18 21:11:37.696,138.0429,,slider,0,0,0.00,0.00,2.70,AVAILABLE,BLEND_REQ,3450,0,P,P,0.00,released,RELEASED
2026-05-18 21:11:38.097,138.4433,,slider,0,0,0.00,0.00,2.70,AVAILABLE,BLEND_REQ,3460,0,P,P,0.00,released,RELEASED
2026-05-18 21:11:38.496,138.8431,,slider,0,0,0.00,0.00,2.70,AVAILABLE,BLEND_REQ,3470,0,P,P,0.00,released,RELEASED
2026-05-18 21:11:38.896,139.2429,,slider,0,0,0.00,0.00,2.70,AVAILABLE,BLEND_REQ,3480,0,P,P,0.00,released,RELEASED
2026-05-18 21:11:39.296,139.6428,,slider,0,0,0.00,0.00,2.70,AVAILABLE,BLEND_REQ,3490,0,P,P,0.00,released,RELEASED
2026-05-18 21:11:39.696,140.0430,,slider,0,0,0.00,0.00,2.70,AVAILABLE,BLEND_REQ,3500,0,P,P,0.00,released,RELEASED
2026-05-18 21:11:40.096,140.4430,,slider,0,0,0.00,0.00,2.70,AVAILABLE,BLEND_REQ,3510,0,P,P,0.00,released,RELEASED
2026-05-18 21:11:40.496,140.8431,,slider,0,0,0.00,0.00,2.70,AVAILABLE,BLEND_REQ,3520,0,P,P,0.00,released,RELEASED
2026-05-18 21:11:40.896,141.2431,,slider,0,0,0.00,0.00,2.70,AVAILABLE,BLEND_REQ,3530,0,P,P,0.00,released,RELEASED
2026-05-18 21:11:41.296,141.6429,,slider,0,0,0.00,0.00,2.70,AVAILABLE,BLEND_REQ,3540,0,P,P,0.00,released,RELEASED
2026-05-18 21:11:41.697,142.0435,,slider,0,0,0.00,0.00,2.70,AVAILABLE,BLEND_REQ,3550,0,P,P,0.00,released,RELEASED
2026-05-18 21:11:42.097,142.4434,,slider,0,0,0.00,0.00,2.70,AVAILABLE,BLEND_REQ,3560,0,P,P,0.00,released,RELEASED
2026-05-18 21:11:42.496,142.8430,,slider,0,0,0.00,0.00,2.70,AVAILABLE,BLEND_REQ,3570,0,P,P,0.00,released,RELEASED
2026-05-18 21:11:42.897,143.2436,,slider,0,0,0.00,0.00,2.70,AVAILABLE,BLEND_REQ,3580,0,P,P,0.00,released,RELEASED
2026-05-18 21:11:43.297,143.6437,,slider,0,0,0.00,0.00,2.70,AVAILABLE,BLEND_REQ,3590,0,P,P,0.00,released,RELEASED
2026-05-18 21:11:43.697,144.0432,,slider,0,0,0.00,0.00,2.70,AVAILABLE,BLEND_REQ,3600,0,P,P,0.00,released,RELEASED
2026-05-18 21:11:44.097,144.4435,,slider,0,0,0.00,0.00,2.70,AVAILABLE,BLEND_REQ,3610,0,P,P,0.00,released,RELEASED
2026-05-18 21:11:44.497,144.8436,,slider,0,0,0.00,0.00,2.70,AVAILABLE,BLEND_REQ,3620,0,P,P,0.00,released,RELEASED
2026-05-18 21:11:44.897,145.2436,,slider,0,0,0.00,0.00,2.70,AVAILABLE,BLEND_REQ,3630,0,P,P,0.00,released,RELEASED
2026-05-18 21:11:45.297,145.6438,,slider,0,0,0.00,0.00,2.70,AVAILABLE,BLEND_REQ,3640,0,P,P,0.00,released,RELEASED
2026-05-18 21:11:45.697,146.0439,,slider,0,0,0.00,0.00,2.70,AVAILABLE,BLEND_REQ,3650,0,P,P,0.00,released,RELEASED
2026-05-18 21:11:46.097,146.4436,,slider,0,0,0.00,0.00,2.70,AVAILABLE,BLEND_REQ,3660,0,P,P,0.00,released,RELEASED
2026-05-18 21:11:46.497,146.8437,,slider,0,0,0.00,0.00,2.70,AVAILABLE,BLEND_REQ,3670,0,P,P,0.00,released,RELEASED
2026-05-18 21:11:46.898,147.2442,,slider,0,0,0.00,0.00,2.70,AVAILABLE,BLEND_REQ,3680,0,P,P,0.00,released,RELEASED
2026-05-18 21:11:47.297,147.6436,,slider,0,0,0.00,0.00,2.70,AVAILABLE,BLEND_REQ,3690,0,P,P,0.00,released,RELEASED
2026-05-18 21:11:47.698,148.0451,,slider,0,0,0.00,0.00,2.70,AVAILABLE,BLEND_REQ,3700,0,P,P,0.00,released,RELEASED
2026-05-18 21:11:48.082,148.4292,,slider,0,0,0.00,0.00,2.70,AVAILABLE,BLEND_REQ,3710,0,P,P,0.00,released,RELEASED
2026-05-18 21:11:48.498,148.8444,,slider,0,0,0.00,0.00,2.70,AVAILABLE,BLEND_REQ,3720,0,P,P,0.00,released,RELEASED
2026-05-18 21:11:48.897,149.2441,,slider,0,0,0.00,0.00,2.70,AVAILABLE,BLEND_REQ,3730,0,P,P,0.00,released,RELEASED
2026-05-18 21:11:49.298,149.6443,,slider,0,0,0.00,0.00,2.70,AVAILABLE,BLEND_REQ,3740,0,P,P,0.00,released,RELEASED
2026-05-18 21:11:49.698,150.0443,,slider,0,0,0.00,0.00,2.70,AVAILABLE,BLEND_REQ,3750,0,P,P,0.00,released,RELEASED
2026-05-18 21:11:50.097,150.4437,,slider,0,0,0.00,0.00,2.70,AVAILABLE,BLEND_REQ,3760,0,P,P,0.00,released,RELEASED
2026-05-18 21:11:50.498,150.8448,,slider,0,0,0.00,0.00,2.70,AVAILABLE,BLEND_REQ,3770,0,P,P,0.00,released,RELEASED
2026-05-18 21:11:50.882,151.2289,,slider,0,0,0.00,0.00,2.70,AVAILABLE,BLEND_REQ,3780,0,P,P,0.00,released,RELEASED
2026-05-18 21:11:51.298,151.6442,,slider,0,0,0.00,0.00,2.70,AVAILABLE,BLEND_REQ,3790,0,P,P,0.00,released,RELEASED
2026-05-18 21:11:51.698,152.0448,,slider,0,0,0.00,0.00,2.70,AVAILABLE,BLEND_REQ,3800,0,P,P,0.00,released,RELEASED
2026-05-18 21:11:52.099,152.4456,,slider,0,0,0.00,0.00,2.70,AVAILABLE,BLEND_REQ,3810,0,P,P,0.00,released,RELEASED
2026-05-18 21:11:52.498,152.8443,,slider,0,0,0.00,0.00,2.70,AVAILABLE,BLEND_REQ,3820,0,P,P,0.00,released,RELEASED
2026-05-18 21:11:52.898,153.2449,,slider,0,0,0.00,0.00,2.70,AVAILABLE,BLEND_REQ,3830,0,P,P,0.00,released,RELEASED
2026-05-18 21:11:53.299,153.6455,,slider,0,0,0.00,0.00,2.70,AVAILABLE,BLEND_REQ,3840,0,P,P,0.00,released,RELEASED
2026-05-18 21:11:53.698,154.0445,,slider,0,0,0.00,0.00,2.70,AVAILABLE,BLEND_REQ,3850,0,P,P,0.00,released,RELEASED
2026-05-18 21:11:54.098,154.4447,,slider,0,0,0.00,0.00,2.70,AVAILABLE,BLEND_REQ,3860,0,P,P,0.00,released,RELEASED
2026-05-18 21:11:54.498,154.8444,,slider,0,0,0.00,0.00,2.70,AVAILABLE,BLEND_REQ,3870,0,P,P,0.00,released,RELEASED
2026-05-18 21:11:54.898,155.2446,,slider,0,0,0.00,0.00,2.70,AVAILABLE,BLEND_REQ,3880,0,P,P,0.00,released,RELEASED
2026-05-18 21:11:55.298,155.6444,,slider,0,0,0.00,0.00,2.70,AVAILABLE,BLEND_REQ,3890,0,P,P,0.00,released,RELEASED
2026-05-18 21:11:55.698,156.0447,,slider,0,0,0.00,0.00,2.70,AVAILABLE,BLEND_REQ,3900,0,P,P,0.00,released,RELEASED
2026-05-18 21:11:56.098,156.4446,,slider,0,0,0.00,0.00,2.70,AVAILABLE,BLEND_REQ,3910,0,P,P,0.00,released,RELEASED
2026-05-18 21:11:56.481,156.8273,,slider,0,0,0.00,0.00,2.70,AVAILABLE,BLEND_REQ,3920,0,P,P,0.00,released,RELEASED
2026-05-18 21:11:56.898,157.2447,,slider,0,0,0.00,0.00,2.70,AVAILABLE,BLEND_REQ,3930,0,P,P,0.00,released,RELEASED
2026-05-18 21:11:57.298,157.6447,,slider,0,0,0.00,0.00,2.70,AVAILABLE,BLEND_REQ,3940,0,P,P,0.00,released,RELEASED
2026-05-18 21:11:57.680,158.0269,,slider,0,0,0.00,0.00,2.70,AVAILABLE,BLEND_REQ,3950,0,P,P,0.00,released,RELEASED
2026-05-18 21:11:58.081,158.4275,,slider,0,0,0.00,0.00,2.70,AVAILABLE,BLEND_REQ,3960,0,P,P,0.00,released,RELEASED
2026-05-18 21:11:58.498,158.8446,,slider,0,0,0.00,0.00,2.70,AVAILABLE,BLEND_REQ,3970,0,P,P,0.00,released,RELEASED
2026-05-18 21:11:58.881,159.2273,,slider,0,0,0.00,0.00,2.70,AVAILABLE,BLEND_REQ,3980,0,P,P,0.00,released,RELEASED
2026-05-18 21:11:59.281,159.6270,,slider,0,0,0.00,0.00,2.70,AVAILABLE,BLEND_REQ,3990,0,P,P,0.00,released,RELEASED
2026-05-18 21:11:59.681,160.0270,,slider,0,0,0.00,0.00,2.70,AVAILABLE,BLEND_REQ,4000,0,P,P,0.00,released,RELEASED
2026-05-18 21:12:00.080,160.4263,,slider,0,0,0.00,0.00,2.70,AVAILABLE,BLEND_REQ,4010,0,P,P,0.00,released,RELEASED
2026-05-18 21:12:00.499,160.8450,,slider,0,0,0.00,0.00,2.70,AVAILABLE,BLEND_REQ,4020,0,P,P,0.00,released,RELEASED
2026-05-18 21:12:00.881,161.2271,,slider,0,0,0.00,0.00,2.70,AVAILABLE,BLEND_REQ,4030,0,P,P,0.00,released,RELEASED
2026-05-18 21:12:01.280,161.6265,,slider,0,0,0.00,0.00,2.70,AVAILABLE,BLEND_REQ,4040,0,P,P,0.00,released,RELEASED
2026-05-18 21:12:01.682,162.0287,,slider,0,0,0.00,0.00,2.70,AVAILABLE,BLEND_REQ,4050,0,P,P,0.00,released,RELEASED
2026-05-18 21:12:02.081,162.4279,,slider,0,0,0.00,0.00,2.70,AVAILABLE,BLEND_REQ,4060,0,P,P,0.00,released,RELEASED
2026-05-18 21:12:02.483,162.8294,,slider,0,0,0.00,0.00,2.70,AVAILABLE,BLEND_REQ,4070,0,P,P,0.00,released,RELEASED
2026-05-18 21:12:02.882,163.2290,,slider,0,0,0.00,0.00,2.70,AVAILABLE,BLEND_REQ,4080,0,P,P,0.00,released,RELEASED
2026-05-18 21:12:03.281,163.6280,,slider,0,0,0.00,0.00,2.70,AVAILABLE,BLEND_REQ,4090,0,P,P,0.00,released,RELEASED
2026-05-18 21:12:03.681,164.0278,,slider,0,0,0.00,0.00,2.70,AVAILABLE,BLEND_REQ,4100,0,P,P,0.00,released,RELEASED
2026-05-18 21:12:04.081,164.4272,,slider,0,0,0.00,0.00,2.70,AVAILABLE,BLEND_REQ,4110,0,P,P,0.00,released,RELEASED
2026-05-18 21:12:04.482,164.8287,,slider,0,0,0.00,0.00,2.70,AVAILABLE,BLEND_REQ,4120,0,P,P,0.00,released,RELEASED
2026-05-18 21:12:04.881,165.2275,,slider,0,0,0.00,0.00,2.70,AVAILABLE,BLEND_REQ,4130,0,P,P,0.00,released,RELEASED
2026-05-18 21:12:05.282,165.6289,,slider,0,0,0.00,0.00,2.70,AVAILABLE,BLEND_REQ,4140,0,P,P,0.00,released,RELEASED
2026-05-18 21:12:05.682,166.0280,,slider,0,0,0.00,0.00,2.70,AVAILABLE,BLEND_REQ,4150,0,P,P,0.00,released,RELEASED
2026-05-18 21:12:06.081,166.4279,,slider,0,0,0.00,0.00,2.70,AVAILABLE,BLEND_REQ,4160,0,P,P,0.00,released,RELEASED
2026-05-18 21:12:06.483,166.8297,,slider,0,0,0.00,0.00,2.70,AVAILABLE,BLEND_REQ,4170,0,P,P,0.00,released,RELEASED
2026-05-18 21:12:06.882,167.2283,,slider,0,0,0.00,0.00,2.70,AVAILABLE,BLEND_REQ,4180,0,P,P,0.00,released,RELEASED
2026-05-18 21:12:07.281,167.6278,,slider,0,0,0.00,0.00,2.70,AVAILABLE,BLEND_REQ,4190,0,P,P,0.00,released,RELEASED
2026-05-18 21:12:07.681,168.0279,,slider,0,0,0.00,0.00,2.70,AVAILABLE,BLEND_REQ,4200,0,P,P,0.00,released,RELEASED
2026-05-18 21:12:08.081,168.4278,,slider,0,0,0.00,0.00,2.70,AVAILABLE,BLEND_REQ,4210,0,P,P,0.00,released,RELEASED
2026-05-18 21:12:08.483,168.8290,,slider,0,0,0.00,0.00,2.70,AVAILABLE,BLEND_REQ,4220,0,P,P,0.00,released,RELEASED
2026-05-18 21:12:08.883,169.2293,,slider,0,0,0.00,0.00,2.70,AVAILABLE,BLEND_REQ,4230,0,P,P,0.00,released,RELEASED
2026-05-18 21:12:09.282,169.6285,,slider,0,0,0.00,0.00,2.70,AVAILABLE,BLEND_REQ,4240,0,P,P,0.00,released,RELEASED
2026-05-18 21:12:09.683,170.0292,,slider,0,0,0.00,0.00,2.70,AVAILABLE,BLEND_REQ,4250,0,P,P,0.00,released,RELEASED
2026-05-18 21:12:10.083,170.4296,,slider,0,0,0.00,0.00,2.70,AVAILABLE,BLEND_REQ,4260,0,P,P,0.00,released,RELEASED
2026-05-18 21:12:10.483,170.8291,,slider,0,0,0.00,0.00,2.70,AVAILABLE,BLEND_REQ,4270,0,P,P,0.00,released,RELEASED
2026-05-18 21:12:10.883,171.2291,,slider,0,0,0.00,0.00,2.70,AVAILABLE,BLEND_REQ,4280,0,P,P,0.00,released,RELEASED
2026-05-18 21:12:11.282,171.6286,,slider,0,0,0.00,0.00,2.70,AVAILABLE,BLEND_REQ,4290,0,P,P,0.00,released,RELEASED
2026-05-18 21:12:11.682,172.0281,,slider,0,0,0.00,0.00,2.70,AVAILABLE,BLEND_REQ,4300,0,P,P,0.00,released,RELEASED
2026-05-18 21:12:12.082,172.4282,,slider,0,0,0.00,-1.46,2.70,AVAILABLE,BLEND_REQ,4310,0,P,P,0.00,released,RELEASED
2026-05-18 21:12:12.483,172.8297,,slider,0,0,44.35,30.89,2.70,AVAILABLE,BLEND_REQ,4320,0,P,P,0.00,released,RELEASED
2026-05-18 21:12:12.884,173.2300,,slider,0,0,0.00,14.00,2.70,AVAILABLE,BLEND_REQ,4330,0,P,P,0.00,released,RELEASED
2026-05-18 21:12:13.284,173.6302,,slider,0,0,0.00,-1.15,2.70,AVAILABLE,BLEND_REQ,4340,0,P,P,0.00,released,RELEASED
2026-05-18 21:12:13.684,174.0304,,slider,0,0,0.00,-0.06,2.70,AVAILABLE,BLEND_REQ,4350,0,P,P,0.00,released,RELEASED
2026-05-18 21:12:14.084,174.4302,,slider,0,0,0.00,-0.00,2.70,AVAILABLE,BLEND_REQ,4360,0,P,P,0.00,released,RELEASED
2026-05-18 21:12:14.483,174.8296,,slider,0,0,0.00,-0.00,2.70,AVAILABLE,BLEND_REQ,4370,0,P,P,0.00,PRESSED,FAULT
2026-05-18 21:12:14.883,175.2297,,slider,0,0,0.00,-0.00,2.70,AVAILABLE,BLEND_REQ,4380,0,P,P,0.00,PRESSED,FAULT
2026-05-18 21:12:15.283,175.6297,,slider,0,0,0.00,-0.00,2.70,AVAILABLE,BLEND_REQ,4390,0,P,P,0.00,PRESSED,FAULT
2026-05-18 21:12:15.683,176.0293,,slider,0,0,0.00,-0.00,2.70,AVAILABLE,BLEND_REQ,4400,0,P,P,0.00,PRESSED,FAULT
2026-05-18 21:12:16.083,176.4295,,slider,0,0,0.00,-0.00,2.70,AVAILABLE,BLEND_REQ,4410,0,P,P,0.00,PRESSED,FAULT
2026-05-18 21:12:16.484,176.8302,,slider,0,0,0.00,-0.00,2.70,AVAILABLE,BLEND_REQ,4420,0,P,P,0.00,PRESSED,FAULT
2026-05-18 21:12:16.884,177.2299,,slider,0,0,0.00,-0.00,2.70,AVAILABLE,BLEND_REQ,4430,0,P,P,0.00,PRESSED,FAULT
2026-05-18 21:12:17.284,177.6301,,slider,0,0,0.00,-0.00,2.70,AVAILABLE,BLEND_REQ,4440,0,P,P,0.00,PRESSED,FAULT
2026-05-18 21:12:17.684,178.0306,,slider,0,0,0.00,-0.00,2.70,AVAILABLE,BLEND_REQ,4450,0,P,P,0.00,PRESSED,FAULT
2026-05-18 21:12:17.734,178.0799,engage,slider,1,0,2.70,2.70,2.70,AVAILABLE,BLEND_REQ,4451,0,P,P,0.00,PRESSED,FAULT
2026-05-18 21:12:17.809,178.1555,eac_transition:ACTIVE,slider,1,0,0.00,1.85,2.70,ACTIVE,NONE,4453,0,P,P,0.00,PRESSED,FAULT
2026-05-18 21:12:18.093,178.4391,,slider,1,0,0.00,0.22,1.50,ACTIVE,NONE,4460,0,P,P,0.00,PRESSED,FAULT
2026-05-18 21:12:18.494,178.8405,,slider,1,0,0.00,-0.08,0.10,ACTIVE,NONE,4470,0,P,P,0.00,PRESSED,FAULT
2026-05-18 21:12:18.894,179.2401,,slider,1,0,0.00,-0.00,0.00,ACTIVE,NONE,4480,0,P,P,0.00,PRESSED,FAULT
2026-05-18 21:12:19.293,179.6397,,slider,1,0,15.43,1.63,-0.10,ACTIVE,NONE,4490,0,P,P,0.00,PRESSED,FAULT
2026-05-18 21:12:19.693,180.0397,,slider,1,0,24.36,41.65,30.70,ACTIVE,NONE,4500,0,P,P,0.00,PRESSED,FAULT
2026-05-18 21:12:20.099,180.4452,,slider,1,0,-70.86,-26.76,0.00,ACTIVE,NONE,4510,0,P,P,0.00,PRESSED,FAULT
2026-05-18 21:12:20.481,180.8276,,slider,1,0,15.43,-33.10,-46.90,ACTIVE,NONE,4520,0,P,P,0.00,PRESSED,FAULT
2026-05-18 21:12:20.887,181.2331,,slider,1,0,67.40,38.90,12.00,ACTIVE,NONE,4530,0,P,P,0.00,PRESSED,FAULT
2026-05-18 21:12:21.286,181.6322,,slider,1,0,90.83,79.20,65.60,ACTIVE,NONE,4540,0,P,P,0.00,PRESSED,FAULT
2026-05-18 21:12:21.691,182.0374,,slider,1,0,74.37,113.61,108.50,ACTIVE,NONE,4550,0,P,P,0.00,PRESSED,FAULT
2026-05-18 21:12:22.097,182.4434,,slider,1,0,-44.35,47.61,73.90,ACTIVE,NONE,4560,0,P,P,0.00,PRESSED,FAULT
2026-05-18 21:12:22.497,182.8434,,slider,1,0,-92.73,-24.39,3.00,ACTIVE,NONE,4570,0,P,P,0.00,PRESSED,FAULT
2026-05-18 21:12:22.897,183.2436,,slider,1,0,0.00,-79.32,-71.30,ACTIVE,NONE,4580,0,P,P,0.00,PRESSED,FAULT
2026-05-18 21:12:23.288,183.6342,,slider,1,0,62.29,-10.32,-36.20,ACTIVE,NONE,4590,0,P,P,0.00,PRESSED,FAULT
2026-05-18 21:12:23.690,184.0362,,slider,1,0,0.00,19.96,28.40,ACTIVE,NONE,4600,0,P,P,0.00,PRESSED,FAULT
2026-05-18 21:12:24.098,184.4447,,slider,1,0,0.00,0.89,5.20,ACTIVE,NONE,4610,0,P,P,0.00,PRESSED,FAULT
2026-05-18 21:12:24.499,184.8457,,slider,1,0,0.00,0.04,0.80,ACTIVE,NONE,4620,0,P,P,0.00,PRESSED,FAULT
2026-05-18 21:12:24.897,185.2437,,slider,1,0,0.00,0.00,0.10,ACTIVE,NONE,4630,0,P,P,0.00,PRESSED,FAULT
2026-05-18 21:12:25.297,185.6437,,slider,1,0,0.00,0.00,0.00,ACTIVE,NONE,4640,0,P,P,0.00,PRESSED,FAULT
2026-05-18 21:12:25.698,186.0438,,slider,1,0,0.00,0.00,0.00,ACTIVE,NONE,4650,0,P,P,0.00,PRESSED,FAULT
2026-05-18 21:12:26.098,186.4438,,slider,1,0,0.00,0.00,0.00,ACTIVE,NONE,4660,0,P,P,0.00,PRESSED,FAULT
2026-05-18 21:12:26.324,186.6700,shift_requested:N,slider,1,0,0.00,0.00,0.00,ACTIVE,NONE,4666,0,P,P,0.00,PRESSED,FAULT
2026-05-18 21:12:26.346,186.6925,gear_change:N,slider,1,0,0.00,0.00,0.00,ACTIVE,NONE,4666,0,N,N,0.00,PRESSED,FAULT
2026-05-18 21:12:26.486,186.8323,,slider,1,0,0.00,0.00,0.00,ACTIVE,NONE,4670,0,N,N,0.00,PRESSED,FAULT
2026-05-18 21:12:26.884,187.2303,,slider,1,0,0.00,0.00,0.00,ACTIVE,NONE,4680,0,N,N,0.00,PRESSED,FAULT
2026-05-18 21:12:27.282,187.6286,,slider,1,0,0.00,0.00,0.00,ACTIVE,NONE,4690,0,N,N,0.00,PRESSED,FAULT
2026-05-18 21:12:27.683,188.0291,,slider,1,0,0.00,0.00,0.00,ACTIVE,NONE,4700,0,N,N,0.00,PRESSED,FAULT
2026-05-18 21:12:28.083,188.4290,,slider,1,0,0.00,0.00,0.00,ACTIVE,NONE,4710,0,N,N,0.00,PRESSED,FAULT
2026-05-18 21:12:28.266,188.6120,shift_requested:D,slider,1,0,0.00,0.00,0.00,ACTIVE,NONE,4714,0,N,N,0.00,PRESSED,FAULT
2026-05-18 21:12:28.315,188.6617,gear_change:D,slider,1,0,0.00,0.00,0.00,ACTIVE,NONE,4715,0,D,D,0.00,PRESSED,FAULT
2026-05-18 21:12:28.482,188.8282,,slider,1,0,0.00,0.00,0.00,ACTIVE,NONE,4720,0,D,D,0.00,PRESSED,FAULT
2026-05-18 21:12:28.884,189.2299,,slider,1,0,0.00,0.00,0.00,ACTIVE,NONE,4730,0,D,D,0.00,PRESSED,FAULT
2026-05-18 21:12:29.283,189.6291,,slider,1,0,0.00,0.00,0.00,ACTIVE,NONE,4740,0,D,D,0.00,PRESSED,FAULT
2026-05-18 21:12:29.408,189.7547,shift_requested:N,slider,1,0,0.00,0.00,0.00,ACTIVE,NONE,4743,0,D,D,0.00,PRESSED,FAULT
2026-05-18 21:12:29.683,190.0291,,slider,1,0,0.00,0.00,0.00,ACTIVE,NONE,4750,0,D,N,0.00,PRESSED,FAULT
2026-05-18 21:12:29.722,190.0685,gear_change:N,slider,1,0,0.00,0.00,0.00,ACTIVE,NONE,4750,0,N,N,0.00,PRESSED,FAULT
2026-05-18 21:12:30.083,190.4289,,slider,1,0,0.00,0.00,0.00,ACTIVE,NONE,4760,0,N,N,0.00,PRESSED,FAULT
2026-05-18 21:12:30.484,190.8301,,slider,1,0,0.00,0.00,0.00,ACTIVE,NONE,4770,0,N,N,0.00,PRESSED,FAULT
2026-05-18 21:12:30.685,191.0316,shift_requested:N,slider,1,0,0.00,0.00,0.00,ACTIVE,NONE,4775,0,N,N,0.00,PRESSED,FAULT
2026-05-18 21:12:30.883,191.2295,,slider,1,0,0.00,0.00,0.00,ACTIVE,NONE,4780,0,N,N,0.00,PRESSED,FAULT
2026-05-18 21:12:31.152,191.4985,shift_requested:N,slider,1,0,0.00,0.00,0.00,ACTIVE,NONE,4786,0,N,N,0.00,PRESSED,FAULT
2026-05-18 21:12:31.282,191.6284,,slider,1,0,0.00,0.00,0.00,ACTIVE,NONE,4790,0,N,N,0.00,PRESSED,FAULT
2026-05-18 21:12:31.684,192.0305,,slider,1,0,0.00,0.00,0.00,ACTIVE,NONE,4800,0,N,N,0.00,PRESSED,FAULT
2026-05-18 21:12:31.816,192.1626,gear_change:R,slider,1,0,0.00,0.00,0.00,ACTIVE,NONE,4803,0,R,R,0.00,PRESSED,FAULT
2026-05-18 21:12:32.086,192.4321,,slider,1,0,0.00,0.00,0.00,ACTIVE,NONE,4810,0,R,R,0.30,PRESSED,FAULT
2026-05-18 21:12:32.191,192.5371,shift_requested:R,slider,1,0,0.00,0.00,0.00,ACTIVE,NONE,4812,0,R,R,0.20,PRESSED,FAULT
2026-05-18 21:12:32.484,192.8304,,slider,1,0,0.00,0.00,0.00,ACTIVE,NONE,4820,0,R,R,0.05,PRESSED,FAULT
2026-05-18 21:12:32.886,193.2322,,slider,1,0,0.00,0.00,0.00,ACTIVE,NONE,4830,0,R,R,0.00,PRESSED,FAULT
2026-05-18 21:12:33.284,193.6303,,slider,1,0,0.00,0.00,0.00,ACTIVE,NONE,4840,0,R,R,0.00,PRESSED,FAULT
2026-05-18 21:12:33.684,194.0304,,slider,1,0,0.00,0.00,0.00,ACTIVE,NONE,4850,0,R,R,0.00,PRESSED,FAULT
2026-05-18 21:12:33.688,194.0343,shift_requested:N,slider,1,0,0.00,0.00,0.00,ACTIVE,NONE,4850,0,R,R,0.00,PRESSED,FAULT
2026-05-18 21:12:34.004,194.3501,gear_change:N,slider,1,0,0.00,0.00,0.00,ACTIVE,NONE,4857,0,N,N,0.00,PRESSED,FAULT
2026-05-18 21:12:34.084,194.4305,,slider,1,0,0.00,0.00,0.00,ACTIVE,NONE,4860,0,N,N,0.00,PRESSED,FAULT
2026-05-18 21:12:34.485,194.8309,,slider,1,0,0.00,0.00,0.00,ACTIVE,NONE,4870,0,N,N,0.00,PRESSED,FAULT
2026-05-18 21:12:34.885,195.2312,,slider,1,0,0.00,0.00,0.00,ACTIVE,NONE,4880,0,N,N,0.00,PRESSED,FAULT
2026-05-18 21:12:35.285,195.6310,,slider,1,0,0.00,0.00,0.00,ACTIVE,NONE,4890,0,N,N,0.00,PRESSED,FAULT
2026-05-18 21:12:35.685,196.0311,,slider,1,0,0.00,0.00,0.00,ACTIVE,NONE,4900,0,N,N,0.00,PRESSED,FAULT
2026-05-18 21:12:36.085,196.4312,,slider,1,0,0.00,0.00,0.00,ACTIVE,NONE,4910,0,N,N,0.00,PRESSED,FAULT
2026-05-18 21:12:36.486,196.8317,,slider,1,0,0.00,0.00,0.00,ACTIVE,NONE,4920,0,N,N,0.00,PRESSED,FAULT
2026-05-18 21:12:36.884,197.2305,,slider,1,0,0.00,0.00,0.00,ACTIVE,NONE,4930,0,N,N,0.00,PRESSED,FAULT
2026-05-18 21:12:37.093,197.4393,shift_requested:D,slider,1,0,0.00,0.00,0.00,ACTIVE,NONE,4935,0,N,N,0.00,PRESSED,FAULT
2026-05-18 21:12:37.135,197.4814,gear_change:D,slider,1,0,0.00,0.00,0.00,ACTIVE,NONE,4936,0,D,D,0.00,PRESSED,FAULT
2026-05-18 21:12:37.284,197.6300,,slider,1,0,0.00,0.00,0.00,ACTIVE,NONE,4940,0,D,D,0.00,PRESSED,FAULT
2026-05-18 21:12:37.685,198.0310,,slider,1,0,0.00,0.00,0.00,ACTIVE,NONE,4950,0,D,D,0.05,PRESSED,FAULT
2026-05-18 21:12:38.086,198.4319,,slider,1,0,0.00,0.00,0.00,ACTIVE,NONE,4960,0,D,D,0.00,PRESSED,FAULT
2026-05-18 21:12:38.485,198.8315,,slider,1,0,0.00,0.00,0.00,ACTIVE,NONE,4970,0,D,D,0.00,PRESSED,FAULT
2026-05-18 21:12:38.886,199.2323,,slider,1,0,0.00,0.00,0.00,ACTIVE,NONE,4980,0,D,D,0.00,PRESSED,FAULT
2026-05-18 21:12:39.285,199.6308,,slider,1,0,0.00,0.00,0.00,ACTIVE,NONE,4990,0,D,D,0.00,PRESSED,FAULT
2026-05-18 21:12:39.686,200.0318,,slider,1,0,0.00,0.00,0.00,ACTIVE,NONE,5000,0,D,D,0.00,PRESSED,FAULT
2026-05-18 21:12:40.085,200.4307,,slider,1,0,0.00,0.00,0.00,ACTIVE,NONE,5010,0,D,D,0.00,PRESSED,FAULT
2026-05-18 21:12:40.485,200.8309,,slider,1,0,0.00,0.00,0.00,ACTIVE,NONE,5020,0,D,D,0.00,PRESSED,FAULT
2026-05-18 21:12:40.885,201.2311,,slider,1,0,0.00,0.00,0.00,ACTIVE,NONE,5030,0,D,D,0.00,PRESSED,FAULT
2026-05-18 21:12:41.285,201.6313,,slider,1,0,0.00,0.00,0.00,ACTIVE,NONE,5040,0,D,D,0.00,PRESSED,FAULT
2026-05-18 21:12:41.693,202.0394,,slider,1,0,0.00,0.00,0.00,ACTIVE,NONE,5050,0,D,D,0.35,released,RELEASED
2026-05-18 21:12:42.094,202.4404,,slider,1,0,0.00,0.00,0.00,ACTIVE,NONE,5060,0,D,D,0.90,released,RELEASED
2026-05-18 21:12:42.494,202.8405,,slider,1,0,0.00,0.00,0.00,ACTIVE,NONE,5070,0,D,D,1.45,PRESSED,FAULT
2026-05-18 21:12:42.894,203.2402,,slider,1,0,0.00,0.00,0.00,ACTIVE,NONE,5080,0,D,D,1.75,PRESSED,FAULT
2026-05-18 21:12:43.294,203.6405,,slider,1,0,9.53,8.47,5.80,ACTIVE,NONE,5090,0,D,D,1.85,PRESSED,FAULT
2026-05-18 21:12:43.695,204.0415,,slider,1,0,0.00,1.40,5.10,ACTIVE,NONE,5100,0,D,D,1.90,PRESSED,FAULT
2026-05-18 21:12:44.094,204.4405,,slider,1,0,0.00,0.07,0.30,ACTIVE,NONE,5110,0,D,D,2.20,PRESSED,FAULT
2026-05-18 21:12:44.496,204.8423,,slider,1,0,9.53,4.48,1.30,ACTIVE,NONE,5120,0,D,D,2.50,PRESSED,FAULT
2026-05-18 21:12:44.882,205.2276,,slider,1,0,13.95,13.02,10.50,ACTIVE,NONE,5130,0,D,D,2.65,PRESSED,FAULT
2026-05-18 21:12:45.299,205.6449,,slider,1,0,11.00,11.87,13.40,ACTIVE,NONE,5140,0,D,D,2.80,PRESSED,FAULT
2026-05-18 21:12:45.699,206.0450,,slider,1,0,15.43,11.81,11.60,ACTIVE,NONE,5150,0,D,D,3.00,PRESSED,FAULT
2026-05-18 21:12:46.099,206.4448,,slider,1,0,19.88,16.78,13.90,ACTIVE,NONE,5160,0,D,D,3.10,PRESSED,FAULT
2026-05-18 21:12:46.499,206.8447,,slider,1,0,24.36,22.44,21.00,ACTIVE,NONE,5170,0,D,D,2.95,PRESSED,FAULT
2026-05-18 21:12:46.899,207.2449,,slider,1,0,25.87,24.54,23.50,ACTIVE,NONE,5180,0,D,D,2.65,PRESSED,FAULT
2026-05-18 21:12:47.299,207.6448,,slider,1,0,33.46,29.52,27.50,ACTIVE,NONE,5190,0,D,D,2.35,PRESSED,FAULT
2026-05-18 21:12:47.699,208.0450,,slider,1,0,49.13,43.80,38.90,ACTIVE,NONE,5200,0,D,D,2.30,released,RELEASED
2026-05-18 21:12:48.083,208.4295,,slider,1,0,67.40,62.78,56.30,ACTIVE,NONE,5210,0,D,D,2.60,released,RELEASED
2026-05-18 21:12:48.489,208.8355,,slider,1,0,114.73,101.13,89.40,ACTIVE,NONE,5220,0,D,D,2.70,released,RELEASED
2026-05-18 21:12:48.897,209.2432,,slider,1,0,165.79,145.87,130.80,ACTIVE,NONE,5230,0,D,D,2.80,PRESSED,FAULT
2026-05-18 21:12:49.300,209.6462,,slider,1,0,228.64,182.06,164.50,ACTIVE,NONE,5240,0,D,D,2.70,PRESSED,FAULT
2026-05-18 21:12:49.700,210.0459,,slider,1,0,351.29,254.06,229.80,ACTIVE,NONE,5250,0,D,D,2.85,released,RELEASED
2026-05-18 21:12:50.082,210.4284,,slider,1,0,351.29,323.06,302.30,ACTIVE,NONE,5260,0,D,D,3.30,released,RELEASED
2026-05-18 21:12:50.486,210.8320,,slider,1,0,351.29,351.03,349.80,ACTIVE,NONE,5270,0,D,D,3.30,released,RELEASED
2026-05-18 21:12:50.886,211.2325,,slider,1,0,351.29,350.76,351.80,ACTIVE,NONE,5280,0,D,D,3.20,released,RELEASED
2026-05-18 21:12:51.287,211.6332,,slider,1,0,347.00,350.23,350.60,ACTIVE,NONE,5290,0,D,D,3.15,released,RELEASED
2026-05-18 21:12:51.686,212.0315,,slider,1,0,347.00,348.77,349.60,ACTIVE,NONE,5300,0,D,D,3.15,released,RELEASED
2026-05-18 21:12:52.086,212.4317,,slider,1,0,347.00,349.88,349.40,ACTIVE,NONE,5310,0,D,D,3.10,released,RELEASED
2026-05-18 21:12:52.486,212.8323,,slider,1,0,347.00,349.50,349.30,ACTIVE,NONE,5320,0,D,D,3.15,released,RELEASED
2026-05-18 21:12:52.886,213.2322,,slider,1,0,351.29,350.26,349.10,ACTIVE,NONE,5330,0,D,D,3.25,released,RELEASED
2026-05-18 21:12:53.286,213.6317,,slider,1,0,351.29,350.19,349.70,ACTIVE,NONE,5340,0,D,D,3.40,released,RELEASED
2026-05-18 21:12:53.686,214.0321,,slider,1,0,102.48,315.86,336.50,ACTIVE,NONE,5350,0,D,D,3.60,released,RELEASED
2026-05-18 21:12:54.086,214.4321,,slider,1,0,104.48,243.86,265.00,ACTIVE,NONE,5360,0,D,D,3.95,released,RELEASED
2026-05-18 21:12:54.486,214.8320,,slider,1,0,165.79,171.86,192.60,ACTIVE,NONE,5370,0,D,D,4.30,released,RELEASED
2026-05-18 21:12:54.890,215.2355,,slider,1,0,192.72,180.91,171.50,ACTIVE,NONE,5380,0,D,D,4.60,released,RELEASED
2026-05-18 21:12:55.290,215.6356,,slider,1,0,165.79,206.27,214.20,ACTIVE,NONE,5390,0,D,D,4.85,released,RELEASED
2026-05-18 21:12:55.698,216.0438,,slider,1,0,116.84,134.68,157.90,ACTIVE,NONE,5400,0,D,D,5.10,released,RELEASED
2026-05-18 21:12:56.098,216.4439,,slider,1,0,127.65,124.93,124.10,ACTIVE,NONE,5410,0,D,D,5.30,released,RELEASED
2026-05-18 21:12:56.498,216.8443,,slider,1,0,121.11,122.05,123.70,ACTIVE,NONE,5420,0,D,D,5.50,released,RELEASED
2026-05-18 21:12:56.898,217.2438,,slider,1,0,77.93,103.43,116.40,ACTIVE,NONE,5430,0,D,D,5.70,released,RELEASED
2026-05-18 21:12:57.298,217.6439,,slider,1,0,55.63,58.83,66.30,ACTIVE,NONE,5440,0,D,D,5.90,released,RELEASED
2026-05-18 21:12:57.699,218.0449,,slider,1,0,65.68,61.87,57.80,ACTIVE,NONE,5450,0,D,D,6.10,released,RELEASED
2026-05-18 21:12:58.099,218.4449,,slider,1,0,65.68,64.80,63.40,ACTIVE,NONE,5460,0,D,D,6.25,released,RELEASED
2026-05-18 21:12:58.499,218.8450,,slider,1,0,55.63,56.20,58.80,ACTIVE,NONE,5470,0,D,D,6.40,released,RELEASED
2026-05-18 21:12:58.899,219.2451,,slider,1,0,33.46,41.13,48.60,ACTIVE,NONE,5480,0,D,D,6.60,released,RELEASED
2026-05-18 21:12:59.299,219.6451,,slider,1,0,21.37,25.09,30.20,ACTIVE,NONE,5490,0,D,D,6.80,released,RELEASED
2026-05-18 21:12:59.699,220.0451,,slider,1,0,0.00,12.51,17.60,ACTIVE,NONE,5500,0,D,D,7.05,released,RELEASED
2026-05-18 21:13:00.099,220.4451,,slider,1,0,-12.48,-4.26,2.00,ACTIVE,NONE,5510,0,D,D,7.20,released,RELEASED
2026-05-18 21:13:00.487,220.8327,,slider,1,0,-15.43,-11.64,-10.40,ACTIVE,NONE,5520,0,D,D,7.25,released,RELEASED
2026-05-18 21:13:00.888,221.2338,,slider,1,0,-22.87,-18.86,-16.30,ACTIVE,NONE,5530,0,D,D,7.35,released,RELEASED
2026-05-18 21:13:01.287,221.6329,,slider,1,0,-9.53,-17.57,-21.00,ACTIVE,NONE,5540,0,D,D,7.35,released,RELEASED
2026-05-18 21:13:01.691,222.0366,,slider,1,0,0.00,-0.93,-3.60,ACTIVE,NONE,5550,0,D,D,7.45,released,RELEASED
2026-05-18 21:13:02.091,222.4367,,slider,1,0,-13.95,-8.14,-4.40,ACTIVE,NONE,5560,0,D,D,7.50,released,RELEASED
2026-05-18 21:13:02.491,222.8367,,slider,1,0,-12.48,-12.48,-12.40,ACTIVE,NONE,5570,0,D,D,7.60,released,RELEASED
2026-05-18 21:13:02.892,223.2377,,slider,1,0,-11.00,-10.77,-11.20,ACTIVE,NONE,5580,0,D,D,7.70,released,RELEASED
2026-05-18 21:13:03.291,223.6367,,slider,1,0,-13.95,-12.95,-11.40,ACTIVE,NONE,5590,0,D,D,7.85,released,RELEASED
2026-05-18 21:13:03.692,224.0374,,slider,1,0,0.00,-3.12,-8.90,ACTIVE,NONE,5600,0,D,D,8.05,released,RELEASED
2026-05-18 21:13:04.098,224.4442,,slider,1,0,-11.00,-8.19,-3.50,ACTIVE,NONE,5610,0,D,D,8.40,released,RELEASED
2026-05-18 21:13:04.498,224.8443,,slider,1,0,-9.53,-10.48,-10.50,ACTIVE,NONE,5620,0,D,D,8.80,released,RELEASED
2026-05-18 21:13:04.886,225.2314,,slider,1,0,0.00,-2.48,-5.90,ACTIVE,NONE,5630,0,D,D,9.20,released,RELEASED
2026-05-18 21:13:05.290,225.6358,,slider,1,0,13.95,12.99,9.70,ACTIVE,NONE,5640,0,D,D,9.40,released,RELEASED
2026-05-18 21:13:05.695,226.0413,,slider,1,0,13.95,14.21,13.60,ACTIVE,NONE,5650,0,D,D,9.55,released,RELEASED
2026-05-18 21:13:06.096,226.4417,,slider,1,0,13.95,14.39,14.10,ACTIVE,NONE,5660,0,D,D,9.60,released,RELEASED
2026-05-18 21:13:06.499,226.8444,,slider,1,0,0.00,2.14,6.70,ACTIVE,NONE,5670,0,D,D,9.80,released,RELEASED
2026-05-18 21:13:06.899,227.2447,,slider,1,0,0.00,0.11,0.60,ACTIVE,NONE,5680,0,D,D,9.85,released,RELEASED
2026-05-18 21:13:07.299,227.6445,,slider,1,0,0.00,-3.77,-3.70,ACTIVE,NONE,5690,0,D,D,9.95,released,RELEASED
2026-05-18 21:13:07.690,228.0354,,slider,1,0,0.00,-0.24,-1.40,ACTIVE,NONE,5700,0,D,D,10.00,released,RELEASED
2026-05-18 21:13:08.089,228.4349,,slider,1,0,0.00,-0.01,0.00,ACTIVE,NONE,5710,0,D,D,10.00,released,RELEASED
2026-05-18 21:13:08.489,228.8349,,slider,1,0,0.00,1.03,1.20,ACTIVE,NONE,5720,0,D,D,10.05,released,RELEASED
2026-05-18 21:13:08.889,229.2348,,slider,1,0,11.00,6.36,2.00,ACTIVE,NONE,5730,0,D,D,10.10,released,RELEASED
2026-05-18 21:13:09.295,229.6404,,slider,1,0,9.53,10.30,9.20,ACTIVE,NONE,5740,0,D,D,10.00,released,RELEASED
2026-05-18 21:13:09.695,230.0407,,slider,1,0,11.00,8.89,8.60,ACTIVE,NONE,5750,0,D,D,10.00,released,RELEASED
2026-05-18 21:13:10.098,230.4442,,slider,1,0,13.95,13.52,12.20,ACTIVE,NONE,5760,0,D,D,10.10,released,RELEASED
2026-05-18 21:13:10.498,230.8442,,slider,1,0,13.95,13.98,13.90,ACTIVE,NONE,5770,0,D,D,10.05,released,RELEASED
2026-05-18 21:13:10.899,231.2447,,slider,1,0,13.95,14.56,14.10,ACTIVE,NONE,5780,0,D,D,10.10,released,RELEASED
2026-05-18 21:13:11.299,231.6445,,slider,1,0,12.48,12.60,14.30,ACTIVE,NONE,5790,0,D,D,10.15,released,RELEASED
2026-05-18 21:13:11.699,232.0445,,slider,1,0,13.95,14.72,13.30,ACTIVE,NONE,5800,0,D,D,10.15,released,RELEASED
2026-05-18 21:13:12.099,232.4446,,slider,1,0,13.95,14.12,14.10,ACTIVE,NONE,5810,0,D,D,10.20,released,RELEASED
2026-05-18 21:13:12.499,232.8446,,slider,1,0,13.95,14.44,14.30,ACTIVE,NONE,5820,0,D,D,10.20,released,RELEASED
2026-05-18 21:13:12.899,233.2446,,slider,1,0,21.37,19.29,17.30,ACTIVE,NONE,5830,0,D,D,10.20,released,RELEASED
2026-05-18 21:13:13.299,233.6445,,slider,1,0,21.37,21.36,20.80,ACTIVE,NONE,5840,0,D,D,10.30,released,RELEASED
2026-05-18 21:13:13.699,234.0446,,slider,1,0,15.43,19.33,21.30,ACTIVE,NONE,5850,0,D,D,10.25,released,RELEASED
2026-05-18 21:13:14.099,234.4446,,slider,1,0,13.95,14.77,16.40,ACTIVE,NONE,5860,0,D,D,10.25,released,RELEASED
2026-05-18 21:13:14.499,234.8447,,slider,1,0,9.53,11.40,13.30,ACTIVE,NONE,5870,0,D,D,10.25,released,RELEASED
2026-05-18 21:13:14.883,235.2286,,slider,1,0,0.00,1.17,3.70,ACTIVE,NONE,5880,0,D,D,10.30,released,RELEASED
2026-05-18 21:13:15.283,235.6286,,slider,1,0,-9.53,-2.18,0.20,ACTIVE,NONE,5890,0,D,D,10.25,released,RELEASED
2026-05-18 21:13:15.686,236.0313,,slider,1,0,-16.91,-14.69,-11.20,ACTIVE,NONE,5900,0,D,D,10.15,released,RELEASED
2026-05-18 21:13:16.084,236.4299,,slider,1,0,-21.37,-19.94,-19.00,ACTIVE,NONE,5910,0,D,D,10.05,released,RELEASED
2026-05-18 21:13:16.485,236.8308,,slider,1,0,-21.37,-22.49,-21.80,ACTIVE,NONE,5920,0,D,D,9.95,released,RELEASED
2026-05-18 21:13:16.884,237.2296,,slider,1,0,-24.36,-23.55,-22.80,ACTIVE,NONE,5930,0,D,D,9.80,released,RELEASED
2026-05-18 21:13:17.285,237.6307,,slider,1,0,-22.87,-22.86,-23.20,ACTIVE,NONE,5940,0,D,D,9.75,released,RELEASED
2026-05-18 21:13:17.686,238.0320,,slider,1,0,-24.36,-23.39,-23.20,ACTIVE,NONE,5950,0,D,D,9.65,released,RELEASED
2026-05-18 21:13:18.085,238.4303,,slider,1,0,-28.89,-26.97,-25.50,ACTIVE,NONE,5960,0,D,D,9.60,released,RELEASED
2026-05-18 21:13:18.485,238.8311,,slider,1,0,-28.89,-28.88,-28.70,ACTIVE,NONE,5970,0,D,D,9.55,released,RELEASED
2026-05-18 21:13:18.885,239.2307,,slider,1,0,-30.41,-29.89,-29.70,ACTIVE,NONE,5980,0,D,D,9.45,released,RELEASED
2026-05-18 21:13:19.284,239.6302,,slider,1,0,-35.00,-32.54,-31.50,ACTIVE,NONE,5990,0,D,D,9.40,released,RELEASED
2026-05-18 21:13:19.685,240.0302,,slider,1,0,-35.00,-34.40,-33.80,ACTIVE,NONE,6000,0,D,D,9.25,released,RELEASED
2026-05-18 21:13:20.085,240.4303,,slider,1,0,-41.20,-38.30,-36.60,ACTIVE,NONE,6010,0,D,D,9.20,released,RELEASED
2026-05-18 21:13:20.487,240.8323,,slider,1,0,-44.35,-43.90,-42.70,ACTIVE,NONE,6020,0,D,D,9.15,released,RELEASED
2026-05-18 21:13:20.885,241.2304,,slider,1,0,-49.13,-46.86,-45.30,ACTIVE,NONE,6030,0,D,D,9.20,released,RELEASED
2026-05-18 21:13:21.285,241.6304,,slider,1,0,-50.74,-50.18,-49.20,ACTIVE,NONE,6040,0,D,D,9.15,released,RELEASED
2026-05-18 21:13:21.686,242.0318,,slider,1,0,-50.74,-51.32,-50.90,ACTIVE,NONE,6050,0,D,D,9.05,released,RELEASED
2026-05-18 21:13:22.086,242.4322,,slider,1,0,-50.74,-50.61,-50.80,ACTIVE,NONE,6060,0,D,D,8.85,released,RELEASED
2026-05-18 21:13:22.486,242.8316,,slider,1,0,-13.95,-31.57,-44.50,ACTIVE,NONE,6070,0,D,D,8.55,released,RELEASED
2026-05-18 21:13:22.889,243.2351,,slider,1,0,-8.06,-10.47,-14.60,ACTIVE,NONE,6080,0,D,D,8.20,released,RELEASED
2026-05-18 21:13:23.290,243.6355,,slider,1,0,0.00,-0.93,-3.10,ACTIVE,NONE,6090,0,D,D,7.90,released,RELEASED
2026-05-18 21:13:23.691,244.0370,,slider,1,0,13.95,10.77,7.00,ACTIVE,NONE,6100,0,D,D,7.80,released,RELEASED
2026-05-18 21:13:24.100,244.4457,,slider,1,0,16.91,14.03,13.10,ACTIVE,NONE,6110,0,D,D,7.70,released,RELEASED
2026-05-18 21:13:24.484,244.8296,,slider,1,0,21.37,19.55,17.70,ACTIVE,NONE,6120,0,D,D,7.55,released,RELEASED
2026-05-18 21:13:24.884,245.2296,,slider,1,0,35.00,32.13,28.50,ACTIVE,NONE,6130,0,D,D,7.45,released,RELEASED
2026-05-18 21:13:25.300,245.6457,,slider,1,0,49.13,43.14,38.20,ACTIVE,NONE,6140,0,D,D,7.30,released,RELEASED
2026-05-18 21:13:25.700,246.0458,,slider,1,0,94.65,76.41,59.50,ACTIVE,NONE,6150,0,D,D,7.15,released,RELEASED
2026-05-18 21:13:26.101,246.4464,,slider,1,0,129.87,121.56,107.50,ACTIVE,NONE,6160,0,D,D,7.05,released,RELEASED
2026-05-18 21:13:26.501,246.8468,,slider,1,0,148.40,134.39,125.00,ACTIVE,NONE,6170,0,D,D,6.85,released,RELEASED
2026-05-18 21:13:26.902,247.2473,,slider,1,0,158.20,168.13,170.10,ACTIVE,NONE,6180,0,D,D,6.70,released,RELEASED
2026-05-18 21:13:27.301,247.6471,,slider,1,0,160.70,159.26,161.60,ACTIVE,NONE,6190,0,D,D,6.60,released,RELEASED
2026-05-18 21:13:27.690,248.0355,,slider,1,0,31.93,126.92,147.20,ACTIVE,NONE,6200,0,D,D,6.55,released,RELEASED
2026-05-18 21:13:28.087,248.4331,,slider,1,0,-9.53,54.92,78.40,ACTIVE,NONE,6210,0,D,D,6.50,released,RELEASED
2026-05-18 21:13:28.488,248.8339,,slider,1,0,-53.99,-17.08,6.60,ACTIVE,NONE,6220,0,D,D,6.40,released,RELEASED
2026-05-18 21:13:28.890,249.2357,,slider,1,0,-74.37,-65.66,-55.80,ACTIVE,NONE,6230,0,D,D,6.35,released,RELEASED
2026-05-18 21:13:29.290,249.6358,,slider,1,0,-87.07,-82.64,-78.10,ACTIVE,NONE,6240,0,D,D,6.25,released,RELEASED
2026-05-18 21:13:29.690,250.0361,,slider,1,0,-121.11,-110.74,-99.40,ACTIVE,NONE,6250,0,D,D,6.20,released,RELEASED
2026-05-18 21:13:30.094,250.4398,,slider,1,0,-153.25,-149.25,-135.30,ACTIVE,NONE,6260,0,D,D,6.20,released,RELEASED
2026-05-18 21:13:30.500,250.8456,,slider,1,0,-165.79,-161.87,-156.30,ACTIVE,NONE,6270,0,D,D,6.05,released,RELEASED
2026-05-18 21:13:30.900,251.2456,,slider,1,0,-192.72,-186.03,-177.40,ACTIVE,NONE,6280,0,D,D,6.00,released,RELEASED
2026-05-18 21:13:31.301,251.6469,,slider,1,0,-181.64,-190.06,-194.00,ACTIVE,NONE,6290,0,D,D,5.85,released,RELEASED
2026-05-18 21:13:31.701,252.0469,,slider,1,0,-189.91,-178.34,-180.20,ACTIVE,NONE,6300,0,D,D,5.80,released,RELEASED
2026-05-18 21:13:32.088,252.4340,,slider,1,0,-210.16,-202.58,-195.90,ACTIVE,NONE,6310,0,D,D,5.75,released,RELEASED
2026-05-18 21:13:32.491,252.8363,,slider,1,0,-351.29,-265.44,-242.60,ACTIVE,NONE,6320,0,D,D,5.60,released,RELEASED
2026-05-18 21:13:32.891,253.2368,,slider,1,0,-351.29,-337.44,-314.60,ACTIVE,NONE,6330,0,D,D,5.40,released,RELEASED
2026-05-18 21:13:33.295,253.6403,,slider,1,0,-351.29,-351.29,-351.30,ACTIVE,NONE,6340,0,D,D,5.15,released,RELEASED
2026-05-18 21:13:33.695,254.0403,,slider,1,0,-351.29,-350.64,-351.70,ACTIVE,NONE,6350,0,D,D,5.00,released,RELEASED
2026-05-18 21:13:34.095,254.4407,,slider,1,0,-351.29,-350.47,-351.00,ACTIVE,NONE,6360,0,D,D,4.85,released,RELEASED
2026-05-18 21:13:34.495,254.8406,,slider,1,0,-351.29,-351.00,-350.60,ACTIVE,NONE,6370,0,D,D,4.75,released,RELEASED
2026-05-18 21:13:34.895,255.2408,,slider,1,0,-351.29,-350.50,-350.40,ACTIVE,NONE,6380,0,D,D,4.65,released,RELEASED
2026-05-18 21:13:35.295,255.6407,,slider,1,0,-347.00,-351.01,-350.70,ACTIVE,NONE,6390,0,D,D,4.55,released,RELEASED
2026-05-18 21:13:35.695,256.0410,,slider,1,0,-351.29,-351.06,-351.00,ACTIVE,NONE,6400,0,D,D,4.60,released,RELEASED
2026-05-18 21:13:36.095,256.4406,,slider,1,0,-351.29,-351.20,-351.00,ACTIVE,NONE,6410,0,D,D,4.60,released,RELEASED
2026-05-18 21:13:36.495,256.8408,,slider,1,0,-347.00,-351.42,-351.10,ACTIVE,NONE,6420,0,D,D,4.65,released,RELEASED
2026-05-18 21:13:36.895,257.2408,,slider,1,0,-347.00,-350.13,-350.60,ACTIVE,NONE,6430,0,D,D,4.70,released,RELEASED
2026-05-18 21:13:37.295,257.6408,,slider,1,0,-351.29,-349.75,-350.50,ACTIVE,NONE,6440,0,D,D,4.70,released,RELEASED
2026-05-18 21:13:37.696,258.0416,,slider,1,0,-351.29,-350.98,-350.30,ACTIVE,NONE,6450,0,D,D,4.80,released,RELEASED
2026-05-18 21:13:38.095,258.4408,,slider,1,0,-306.15,-332.56,-346.90,ACTIVE,NONE,6460,0,D,D,4.85,released,RELEASED
2026-05-18 21:13:38.498,258.8437,,slider,1,0,-351.29,-345.64,-335.40,ACTIVE,NONE,6470,0,D,D,5.10,released,RELEASED
2026-05-18 21:13:38.898,259.2437,,slider,1,0,-347.00,-351.22,-350.30,ACTIVE,NONE,6480,0,D,D,5.20,released,RELEASED
2026-05-18 21:13:39.300,259.6451,,slider,1,0,-189.91,-294.72,-319.40,ACTIVE,NONE,6490,0,D,D,5.45,released,RELEASED
2026-05-18 21:13:39.700,260.0454,,slider,1,0,-189.91,-222.72,-246.50,ACTIVE,NONE,6500,0,D,D,5.85,released,RELEASED
2026-05-18 21:13:40.101,260.4461,,slider,1,0,-204.24,-197.62,-195.20,ACTIVE,NONE,6510,0,D,D,6.10,released,RELEASED
2026-05-18 21:13:40.500,260.8459,,slider,1,0,-189.91,-199.30,-201.90,ACTIVE,NONE,6520,0,D,D,6.40,released,RELEASED
2026-05-18 21:13:40.900,261.2460,,slider,1,0,-123.27,-152.31,-174.40,ACTIVE,NONE,6530,0,D,D,6.65,released,RELEASED
2026-05-18 21:13:41.301,261.6461,,slider,1,0,-90.83,-102.42,-116.90,ACTIVE,NONE,6540,0,D,D,6.95,released,RELEASED
2026-05-18 21:13:41.702,262.0477,,slider,1,0,-55.63,-63.69,-75.90,ACTIVE,NONE,6550,0,D,D,7.20,released,RELEASED
2026-05-18 21:13:42.083,262.4284,,slider,1,0,-55.63,-53.89,-54.00,ACTIVE,NONE,6560,0,D,D,7.45,released,RELEASED
2026-05-18 21:13:42.483,262.8285,,slider,1,0,-63.98,-59.56,-56.90,ACTIVE,NONE,6570,0,D,D,7.70,released,RELEASED
2026-05-18 21:13:42.902,263.2479,,slider,1,0,-58.94,-62.18,-61.50,ACTIVE,NONE,6580,0,D,D,7.90,released,RELEASED
2026-05-18 21:13:43.286,263.6317,,slider,1,0,-18.39,-28.73,-41.50,ACTIVE,NONE,6590,0,D,D,7.95,released,RELEASED
2026-05-18 21:13:43.686,264.0319,,slider,1,0,9.53,0.97,-7.30,ACTIVE,NONE,6600,0,D,D,8.00,released,RELEASED
2026-05-18 21:13:44.088,264.4336,,slider,1,0,0.00,7.30,6.60,ACTIVE,NONE,6610,0,D,D,8.10,released,RELEASED
2026-05-18 21:13:44.489,264.8341,,slider,1,0,13.95,12.32,9.20,ACTIVE,NONE,6620,0,D,D,8.40,released,RELEASED
2026-05-18 21:13:44.895,265.2409,,slider,1,0,22.87,20.94,17.70,ACTIVE,NONE,6630,0,D,D,8.75,released,RELEASED
2026-05-18 21:13:45.298,265.6432,,slider,1,0,24.36,24.42,23.80,ACTIVE,NONE,6640,0,D,D,9.10,released,RELEASED
2026-05-18 21:13:45.697,266.0429,,slider,1,0,24.36,23.83,24.30,ACTIVE,NONE,6650,0,D,D,9.50,released,RELEASED
2026-05-18 21:13:46.097,266.4428,,slider,1,0,24.36,25.71,24.90,ACTIVE,NONE,6660,0,D,D,9.90,released,RELEASED
2026-05-18 21:13:46.497,266.8424,,slider,1,0,25.87,26.21,25.80,ACTIVE,NONE,6670,0,D,D,10.30,released,RELEASED
2026-05-18 21:13:46.897,267.2426,,slider,1,0,27.38,27.97,27.60,ACTIVE,NONE,6680,0,D,D,10.65,released,RELEASED
2026-05-18 21:13:47.297,267.6426,,slider,1,0,38.09,37.01,34.30,ACTIVE,NONE,6690,0,D,D,10.95,released,RELEASED
2026-05-18 21:13:47.697,268.0427,,slider,1,0,45.94,43.54,40.90,ACTIVE,NONE,6700,0,D,D,11.20,released,RELEASED
2026-05-18 21:13:48.097,268.4427,,slider,1,0,44.35,44.32,44.30,ACTIVE,NONE,6710,0,D,D,11.35,released,RELEASED
2026-05-18 21:13:48.497,268.8427,,slider,1,0,42.77,43.54,44.20,ACTIVE,NONE,6720,0,D,D,11.45,released,RELEASED
2026-05-18 21:13:48.897,269.2426,,slider,1,0,42.77,42.43,43.30,ACTIVE,NONE,6730,0,D,D,11.50,released,RELEASED
2026-05-18 21:13:49.298,269.6431,,slider,1,0,42.77,44.34,43.30,ACTIVE,NONE,6740,0,D,D,11.65,released,RELEASED
2026-05-18 21:13:49.697,270.0428,,slider,1,0,45.94,43.63,43.40,ACTIVE,NONE,6750,0,D,D,11.70,released,RELEASED
2026-05-18 21:13:50.098,270.4430,,slider,1,0,42.77,44.61,44.30,ACTIVE,NONE,6760,0,D,D,11.70,released,RELEASED
2026-05-18 21:13:50.497,270.8427,,slider,1,0,49.13,48.84,46.20,ACTIVE,NONE,6770,0,D,D,11.75,released,RELEASED
2026-05-18 21:13:50.897,271.2428,,slider,1,0,45.94,49.60,49.90,ACTIVE,NONE,6780,0,D,D,11.75,released,RELEASED
2026-05-18 21:13:51.298,271.6430,,slider,1,0,41.20,42.96,44.90,ACTIVE,NONE,6790,0,D,D,11.70,released,RELEASED
2026-05-18 21:13:51.698,272.0433,,slider,1,0,36.54,36.75,38.80,ACTIVE,NONE,6800,0,D,D,11.75,released,RELEASED
2026-05-18 21:13:52.098,272.4432,,slider,1,0,44.35,42.80,39.50,ACTIVE,NONE,6810,0,D,D,11.60,released,RELEASED
2026-05-18 21:13:52.498,272.8430,,slider,1,0,41.20,44.05,44.40,ACTIVE,NONE,6820,0,D,D,11.40,released,RELEASED
2026-05-18 21:13:52.898,273.2438,,slider,1,0,39.64,40.18,41.50,ACTIVE,NONE,6830,0,D,D,11.25,released,RELEASED
2026-05-18 21:13:53.299,273.6443,,slider,1,0,25.87,30.79,35.00,ACTIVE,NONE,6840,0,D,D,11.05,released,RELEASED
2026-05-18 21:13:53.699,274.0440,,slider,1,0,-8.06,4.45,15.60,ACTIVE,NONE,6850,0,D,D,10.90,released,RELEASED
2026-05-18 21:13:54.088,274.4337,,slider,1,0,-18.39,-14.42,-8.60,ACTIVE,NONE,6860,0,D,D,10.75,released,RELEASED
2026-05-18 21:13:54.488,274.8337,,slider,1,0,-8.06,-13.13,-15.40,ACTIVE,NONE,6870,0,D,D,10.55,released,RELEASED
2026-05-18 21:13:54.889,275.2347,,slider,1,0,0.00,-0.74,-3.10,ACTIVE,NONE,6880,0,D,D,10.40,released,RELEASED
2026-05-18 21:13:55.289,275.6349,,slider,1,0,0.00,-0.04,-0.20,ACTIVE,NONE,6890,0,D,D,10.35,released,RELEASED
2026-05-18 21:13:55.689,276.0343,,slider,1,0,0.00,-0.00,0.00,ACTIVE,NONE,6900,0,D,D,10.35,released,RELEASED
2026-05-18 21:13:56.088,276.4337,,slider,1,0,0.00,-0.00,0.00,ACTIVE,NONE,6910,0,D,D,10.20,released,RELEASED
2026-05-18 21:13:56.489,276.8340,,slider,1,0,-9.53,-7.17,-3.50,ACTIVE,NONE,6920,0,D,D,10.10,released,RELEASED
2026-05-18 21:13:56.893,277.2379,,slider,1,0,-12.48,-12.02,-10.30,ACTIVE,NONE,6930,0,D,D,9.70,released,RELEASED
2026-05-18 21:13:57.294,277.6389,,slider,1,0,-16.91,-16.14,-14.80,ACTIVE,NONE,6940,0,D,D,9.35,released,RELEASED
2026-05-18 21:13:57.693,278.0380,,slider,1,0,-16.91,-17.23,-16.90,ACTIVE,NONE,6950,0,D,D,9.25,released,RELEASED
2026-05-18 21:13:58.093,278.4385,,slider,1,0,-18.39,-19.28,-18.40,ACTIVE,NONE,6960,0,D,D,9.15,released,RELEASED
2026-05-18 21:13:58.493,278.8382,,slider,1,0,-24.36,-23.18,-20.90,ACTIVE,NONE,6970,0,D,D,9.10,released,RELEASED
2026-05-18 21:13:58.893,279.2386,,slider,1,0,-25.87,-24.88,-24.30,ACTIVE,NONE,6980,0,D,D,9.15,released,RELEASED
2026-05-18 21:13:59.293,279.6380,,slider,1,0,-30.41,-26.93,-26.10,ACTIVE,NONE,6990,0,D,D,9.15,released,RELEASED
2026-05-18 21:13:59.693,280.0385,,slider,1,0,-27.38,-29.04,-28.60,ACTIVE,NONE,7000,0,D,D,9.30,released,RELEASED
2026-05-18 21:14:00.093,280.4382,,slider,1,0,-13.95,-22.72,-28.20,ACTIVE,NONE,7010,0,D,D,9.35,released,RELEASED
2026-05-18 21:14:00.493,280.8384,,slider,1,0,0.00,-3.62,-10.10,ACTIVE,NONE,7020,0,D,D,9.40,released,RELEASED
2026-05-18 21:14:00.898,281.2437,,slider,1,0,-15.43,-13.83,-9.50,ACTIVE,NONE,7030,0,D,D,9.50,released,RELEASED
2026-05-18 21:14:01.300,281.6454,,slider,1,0,-24.36,-24.72,-21.30,ACTIVE,NONE,7040,0,D,D,9.60,released,RELEASED
2026-05-18 21:14:01.700,282.0457,,slider,1,0,-24.36,-25.04,-25.30,ACTIVE,NONE,7050,0,D,D,9.70,released,RELEASED
2026-05-18 21:14:02.100,282.4455,,slider,1,0,-18.39,-19.00,-21.80,ACTIVE,NONE,7060,0,D,D,9.70,released,RELEASED
2026-05-18 21:14:02.500,282.8455,,slider,1,0,-12.48,-13.36,-14.70,ACTIVE,NONE,7070,0,D,D,9.75,released,RELEASED
2026-05-18 21:14:02.900,283.2453,,slider,1,0,-8.06,-9.84,-10.50,ACTIVE,NONE,7080,0,D,D,9.80,released,RELEASED
2026-05-18 21:14:03.284,283.6296,,slider,1,0,-9.53,-9.15,-9.20,ACTIVE,NONE,7090,0,D,D,9.80,released,RELEASED
2026-05-18 21:14:03.704,284.0493,,slider,1,0,-9.53,-11.16,-9.90,ACTIVE,NONE,7100,0,D,D,9.80,released,RELEASED
2026-05-18 21:14:04.104,284.4492,,slider,1,0,0.00,-0.68,-3.10,ACTIVE,NONE,7110,0,D,D,9.80,released,RELEASED
2026-05-18 21:14:04.504,284.8494,,slider,1,0,0.00,-0.03,-0.20,ACTIVE,NONE,7120,0,D,D,9.85,released,RELEASED
2026-05-18 21:14:04.884,285.2295,,slider,1,0,-6.59,-6.01,-1.50,ACTIVE,NONE,7130,0,D,D,9.90,released,RELEASED
2026-05-18 21:14:05.291,285.6358,,slider,1,0,-13.95,-9.63,-5.10,ACTIVE,NONE,7140,0,D,D,9.85,released,RELEASED
2026-05-18 21:14:05.691,286.0362,,slider,1,0,-11.00,-12.39,-12.70,ACTIVE,NONE,7150,0,D,D,9.60,released,RELEASED
2026-05-18 21:14:06.094,286.4395,,slider,1,0,0.00,-1.67,-5.60,ACTIVE,NONE,7160,0,D,D,9.30,released,RELEASED
2026-05-18 21:14:06.495,286.8399,,slider,1,0,0.00,-0.08,-0.40,ACTIVE,NONE,7170,0,D,D,8.70,released,RELEASED
2026-05-18 21:14:06.895,287.2398,,slider,1,0,-11.00,-6.88,-1.70,ACTIVE,NONE,7180,0,D,D,8.10,released,RELEASED
2026-05-18 21:14:07.302,287.6477,,slider,1,0,-12.48,-12.29,-10.40,ACTIVE,NONE,7190,0,D,D,7.55,released,RELEASED
2026-05-18 21:14:07.704,288.0493,,slider,1,0,0.00,-8.30,-12.70,ACTIVE,NONE,7200,0,D,D,7.05,released,RELEASED
2026-05-18 21:14:08.104,288.4492,,slider,1,0,0.00,-0.41,-2.10,ACTIVE,NONE,7210,0,D,D,6.55,released,RELEASED
2026-05-18 21:14:08.504,288.8493,,slider,1,0,0.00,-0.02,-0.20,ACTIVE,NONE,7220,0,D,D,6.10,released,RELEASED
2026-05-18 21:14:08.904,289.2496,,slider,1,0,0.00,-0.00,0.00,ACTIVE,NONE,7230,0,D,D,5.75,released,RELEASED
2026-05-18 21:14:09.304,289.6495,,slider,1,0,-6.59,-3.88,-0.60,ACTIVE,NONE,7240,0,D,D,5.50,released,RELEASED
2026-05-18 21:14:09.704,290.0497,,slider,1,0,-9.53,-8.72,-7.30,ACTIVE,NONE,7250,0,D,D,5.25,released,RELEASED
2026-05-18 21:14:10.104,290.4496,,slider,1,0,-8.06,-8.10,-8.80,ACTIVE,NONE,7260,0,D,D,5.10,released,RELEASED
2026-05-18 21:14:10.504,290.8496,,slider,1,0,-12.48,-10.17,-8.80,ACTIVE,NONE,7270,0,D,D,5.00,released,RELEASED
2026-05-18 21:14:10.886,291.2310,,slider,1,0,-12.48,-12.16,-11.20,ACTIVE,NONE,7280,0,D,D,4.80,released,RELEASED
2026-05-18 21:14:11.286,291.6309,,slider,1,0,-16.91,-15.22,-13.90,ACTIVE,NONE,7290,0,D,D,4.70,released,RELEASED
2026-05-18 21:14:11.686,292.0309,,slider,1,0,-24.36,-21.87,-19.60,ACTIVE,NONE,7300,0,D,D,4.60,released,RELEASED
2026-05-18 21:14:12.086,292.4308,,slider,1,0,-33.46,-31.43,-28.20,ACTIVE,NONE,7310,0,D,D,4.55,released,RELEASED
2026-05-18 21:14:12.486,292.8309,,slider,1,0,-35.00,-35.83,-35.00,ACTIVE,NONE,7320,0,D,D,4.50,released,RELEASED
2026-05-18 21:14:12.886,293.2309,,slider,1,0,-57.28,-49.66,-43.30,ACTIVE,NONE,7330,0,D,D,4.50,released,RELEASED
2026-05-18 21:14:13.291,293.6357,,slider,1,0,-77.93,-72.46,-64.40,ACTIVE,NONE,7340,0,D,D,4.50,released,RELEASED
2026-05-18 21:14:13.695,294.0405,,slider,1,0,-141.29,-113.61,-95.60,ACTIVE,NONE,7350,0,D,D,4.45,released,RELEASED
2026-05-18 21:14:14.096,294.4411,,slider,1,0,-235.03,-185.61,-160.80,ACTIVE,NONE,7360,0,D,D,4.35,released,RELEASED
2026-05-18 21:14:14.496,294.8410,,slider,1,0,-272.48,-257.61,-233.40,ACTIVE,NONE,7370,0,D,D,4.20,released,RELEASED
2026-05-18 21:14:14.896,295.2415,,slider,1,0,-204.24,-213.77,-232.20,ACTIVE,NONE,7380,0,D,D,4.05,released,RELEASED
2026-05-18 21:14:15.302,295.6468,,slider,1,0,-351.29,-264.70,-241.00,ACTIVE,NONE,7390,0,D,D,3.90,released,RELEASED
2026-05-18 21:14:15.702,296.0468,,slider,1,0,-351.29,-336.70,-312.90,ACTIVE,NONE,7400,0,D,D,3.70,released,RELEASED
2026-05-18 21:14:16.103,296.4482,,slider,1,0,-351.29,-351.57,-351.50,ACTIVE,NONE,7410,0,D,D,3.55,released,RELEASED
2026-05-18 21:14:16.503,296.8485,,slider,1,0,-355.63,-350.97,-352.00,ACTIVE,NONE,7420,0,D,D,3.45,released,RELEASED
2026-05-18 21:14:16.903,297.2486,,slider,1,0,-351.29,-349.96,-351.40,ACTIVE,NONE,7430,0,D,D,3.30,released,RELEASED
2026-05-18 21:14:17.303,297.6486,,slider,1,0,-351.29,-350.72,-350.90,ACTIVE,NONE,7440,0,D,D,3.25,released,RELEASED
2026-05-18 21:14:17.703,298.0487,,slider,1,0,-351.29,-350.89,-350.70,ACTIVE,NONE,7450,0,D,D,3.20,PRESSED,FAULT
2026-05-18 21:14:18.086,298.4314,,slider,1,0,-351.29,-351.27,-350.80,ACTIVE,NONE,7460,0,D,D,3.10,released,RELEASED
2026-05-18 21:14:18.486,298.8315,,slider,1,0,-351.29,-350.39,-350.80,ACTIVE,NONE,7470,0,D,D,3.15,released,RELEASED
2026-05-18 21:14:18.886,299.2313,,slider,1,0,-347.00,-350.53,-350.80,ACTIVE,NONE,7480,0,D,D,3.20,released,RELEASED
2026-05-18 21:14:19.286,299.6315,,slider,1,0,-322.04,-333.00,-338.70,ACTIVE,NONE,7490,0,D,D,3.20,released,RELEASED
2026-05-18 21:14:19.686,300.0313,,slider,1,0,-334.35,-325.66,-322.60,ACTIVE,NONE,7500,0,D,D,2.95,released,RELEASED
2026-05-18 21:14:20.087,300.4319,,slider,1,0,-163.23,-259.95,-283.40,ACTIVE,NONE,7510,0,D,D,2.95,released,RELEASED
2026-05-18 21:14:20.495,300.8397,,slider,1,0,-100.50,-187.95,-210.70,ACTIVE,NONE,7520,0,D,D,3.00,released,RELEASED
2026-05-18 21:14:20.894,301.2395,,slider,1,0,-118.96,-115.95,-140.50,ACTIVE,NONE,7530,0,D,D,3.00,released,RELEASED
2026-05-18 21:14:21.302,301.6470,,slider,1,0,-170.97,-165.10,-148.30,ACTIVE,NONE,7540,0,D,D,3.05,released,RELEASED
2026-05-18 21:14:21.686,302.0314,,slider,1,0,-104.48,-138.55,-156.30,ACTIVE,NONE,7550,0,D,D,2.70,released,RELEASED
2026-05-18 21:14:22.087,302.4322,,slider,1,0,-81.55,-84.84,-92.10,ACTIVE,NONE,7560,0,D,D,2.55,released,RELEASED
2026-05-18 21:14:22.486,302.8310,,slider,1,0,-110.58,-97.25,-85.10,ACTIVE,NONE,7570,0,D,D,2.60,released,RELEASED
2026-05-18 21:14:22.889,303.2344,,slider,1,0,-63.98,-88.79,-96.10,ACTIVE,NONE,7580,0,D,D,2.60,released,RELEASED
2026-05-18 21:14:23.289,303.6346,,slider,1,0,-13.95,-29.15,-45.20,ACTIVE,NONE,7590,0,D,D,2.55,released,RELEASED
2026-05-18 21:14:23.689,304.0341,,slider,1,0,13.95,2.83,-7.20,ACTIVE,NONE,7600,0,D,D,2.55,released,RELEASED
2026-05-18 21:14:24.089,304.4343,,slider,1,0,16.91,16.33,14.20,ACTIVE,NONE,7610,0,D,D,2.45,released,RELEASED
2026-05-18 21:14:24.489,304.8339,,slider,1,0,27.38,24.31,21.00,ACTIVE,NONE,7620,0,D,D,2.60,released,RELEASED
2026-05-18 21:14:24.889,305.2341,,slider,1,0,41.20,34.88,30.90,ACTIVE,NONE,7630,0,D,D,2.85,released,RELEASED
2026-05-18 21:14:25.289,305.6340,,slider,1,0,55.63,53.09,49.30,ACTIVE,NONE,7640,0,D,D,2.95,released,RELEASED
2026-05-18 21:14:25.689,306.0338,,slider,1,0,58.94,57.22,55.40,ACTIVE,NONE,7650,0,D,D,2.80,released,RELEASED
2026-05-18 21:14:26.089,306.4338,,slider,1,0,76.14,69.80,65.00,ACTIVE,NONE,7660,0,D,D,2.65,released,RELEASED
2026-05-18 21:14:26.489,306.8338,,slider,1,0,87.07,84.85,80.60,ACTIVE,NONE,7670,0,D,D,2.55,released,RELEASED
2026-05-18 21:14:26.889,307.2340,,slider,1,0,96.58,92.80,88.90,ACTIVE,NONE,7680,0,D,D,2.45,released,RELEASED
2026-05-18 21:14:27.286,307.6311,,slider,1,0,96.58,97.88,96.80,ACTIVE,NONE,7690,0,D,D,2.30,PRESSED,FAULT
2026-05-18 21:14:27.686,308.0307,,slider,1,0,55.63,81.30,92.90,ACTIVE,NONE,7700,0,D,D,2.05,PRESSED,FAULT
2026-05-18 21:14:28.087,308.4316,,slider,1,0,28.89,39.47,49.90,ACTIVE,NONE,7710,0,D,D,1.25,PRESSED,FAULT
2026-05-18 21:14:28.495,308.8398,,slider,1,0,0.00,4.18,12.90,ACTIVE,NONE,7720,0,D,D,0.50,PRESSED,FAULT
2026-05-18 21:14:28.894,309.2390,,slider,1,0,0.00,0.23,1.50,ACTIVE,NONE,7730,0,D,D,-0.05,PRESSED,FAULT
2026-05-18 21:14:29.294,309.6392,,slider,1,0,0.00,0.01,0.40,ACTIVE,NONE,7740,0,D,D,0.00,PRESSED,FAULT
2026-05-18 21:14:29.694,310.0389,,slider,1,0,0.00,0.00,-0.10,ACTIVE,NONE,7750,0,D,D,0.00,PRESSED,FAULT
2026-05-18 21:14:30.094,310.4390,,slider,1,0,0.00,0.00,-0.20,ACTIVE,NONE,7760,0,D,D,0.00,PRESSED,FAULT
2026-05-18 21:14:30.249,310.5944,shift_requested:P,slider,1,0,0.00,0.00,-0.20,ACTIVE,NONE,7763,0,D,D,0.00,PRESSED,FAULT
2026-05-18 21:14:30.494,310.8394,,slider,1,0,0.00,0.00,-0.20,ACTIVE,NONE,7770,0,D,P,0.00,PRESSED,FAULT
2026-05-18 21:14:30.640,310.9848,gear_change:P,slider,1,0,0.00,0.00,-0.20,ACTIVE,NONE,7773,0,P,P,0.00,PRESSED,FAULT
2026-05-18 21:14:30.894,311.2390,,slider,1,0,0.00,0.00,-0.20,ACTIVE,NONE,7780,0,P,P,0.00,PRESSED,FAULT
2026-05-18 21:14:31.294,311.6389,,slider,1,0,0.00,0.00,-0.20,ACTIVE,NONE,7790,0,P,P,0.00,PRESSED,FAULT
2026-05-18 21:14:31.694,312.0391,,slider,1,0,0.00,0.00,-0.20,ACTIVE,NONE,7800,0,P,P,0.00,PRESSED,FAULT
2026-05-18 21:14:32.094,312.4392,,slider,1,0,0.00,0.00,-0.20,ACTIVE,NONE,7810,0,P,P,0.00,PRESSED,FAULT
2026-05-18 21:14:32.494,312.8394,,slider,1,0,0.00,0.00,-0.20,ACTIVE,NONE,7820,0,P,P,0.00,PRESSED,FAULT
2026-05-18 21:14:32.894,313.2394,,slider,1,0,0.00,0.00,-0.10,ACTIVE,NONE,7830,0,P,P,0.00,PRESSED,FAULT
2026-05-18 21:14:33.294,313.6392,,slider,1,0,0.00,0.00,-0.10,ACTIVE,NONE,7840,0,P,P,0.00,PRESSED,FAULT
2026-05-18 21:14:33.694,314.0393,,slider,1,0,0.00,0.00,-0.10,ACTIVE,NONE,7850,0,P,P,0.00,PRESSED,FAULT
2026-05-18 21:14:34.094,314.4394,,slider,1,0,0.00,0.00,0.00,ACTIVE,NONE,7860,0,P,P,0.00,PRESSED,FAULT
2026-05-18 21:14:34.485,314.8301,,slider,1,0,0.00,0.00,0.00,ACTIVE,NONE,7870,0,P,P,0.00,PRESSED,FAULT
2026-05-18 21:14:34.894,315.2389,,slider,1,0,0.00,0.00,0.00,ACTIVE,NONE,7880,0,P,P,0.00,PRESSED,FAULT
2026-05-18 21:14:35.294,315.6392,,slider,1,0,0.00,0.00,0.00,ACTIVE,NONE,7890,0,P,P,0.00,PRESSED,FAULT
2026-05-18 21:14:35.694,316.0391,,slider,1,0,0.00,0.00,0.00,ACTIVE,NONE,7900,0,P,P,0.00,PRESSED,FAULT
2026-05-18 21:14:36.094,316.4389,,slider,1,0,0.00,0.00,0.00,ACTIVE,NONE,7910,0,P,P,0.00,PRESSED,FAULT
2026-05-18 21:14:36.494,316.8390,,slider,1,0,0.00,0.00,0.00,ACTIVE,NONE,7920,0,P,P,0.00,PRESSED,FAULT
2026-05-18 21:14:36.894,317.2392,,slider,1,0,0.00,0.00,0.00,ACTIVE,NONE,7930,0,P,P,0.00,PRESSED,FAULT
2026-05-18 21:14:37.285,317.6303,,slider,1,0,0.00,0.00,0.00,ACTIVE,NONE,7940,0,P,P,0.00,PRESSED,FAULT
2026-05-18 21:14:37.686,318.0311,,slider,1,0,0.00,0.00,0.00,ACTIVE,NONE,7950,0,P,P,0.00,PRESSED,FAULT
2026-05-18 21:14:38.094,318.4390,,slider,1,0,0.00,0.00,0.00,ACTIVE,NONE,7960,0,P,P,0.00,PRESSED,FAULT
2026-05-18 21:14:38.494,318.8390,,slider,1,0,0.00,0.00,0.00,ACTIVE,NONE,7970,0,P,P,0.00,PRESSED,FAULT
2026-05-18 21:14:38.885,319.2305,,slider,1,0,0.00,0.00,0.00,ACTIVE,NONE,7980,0,P,P,0.00,PRESSED,FAULT
2026-05-18 21:14:39.294,319.6391,,slider,1,0,0.00,0.00,0.00,ACTIVE,NONE,7990,0,P,P,0.00,PRESSED,FAULT
2026-05-18 21:14:39.694,320.0392,,slider,1,0,0.00,0.00,0.00,ACTIVE,NONE,8000,0,P,P,0.00,PRESSED,FAULT
2026-05-18 21:14:40.094,320.4391,,slider,1,0,0.00,0.00,0.00,ACTIVE,NONE,8010,0,P,P,0.00,PRESSED,FAULT
2026-05-18 21:14:40.485,320.8303,,slider,1,0,0.00,0.00,0.00,ACTIVE,NONE,8020,0,P,P,0.00,PRESSED,FAULT
2026-05-18 21:14:40.894,321.2392,,slider,1,0,0.00,0.00,0.00,ACTIVE,NONE,8030,0,P,P,0.00,PRESSED,FAULT
2026-05-18 21:14:41.294,321.6392,,slider,1,0,0.00,0.00,0.00,ACTIVE,NONE,8040,0,P,P,0.00,PRESSED,FAULT
2026-05-18 21:14:41.685,322.0299,,slider,1,0,0.00,0.00,0.00,ACTIVE,NONE,8050,0,P,P,0.00,PRESSED,FAULT
2026-05-18 21:14:42.085,322.4300,,slider,1,0,0.00,0.00,0.00,ACTIVE,NONE,8060,0,P,P,0.00,PRESSED,FAULT
2026-05-18 21:14:42.485,322.8300,,slider,1,0,0.00,0.00,0.00,ACTIVE,NONE,8070,0,P,P,0.00,PRESSED,FAULT
2026-05-18 21:14:42.885,323.2301,,slider,1,0,0.00,0.00,0.00,ACTIVE,NONE,8080,0,P,P,0.00,PRESSED,FAULT
2026-05-18 21:14:43.285,323.6303,,slider,1,0,0.00,0.00,0.00,ACTIVE,NONE,8090,0,P,P,0.00,PRESSED,FAULT
2026-05-18 21:14:43.694,324.0393,,slider,1,0,0.00,0.00,0.00,ACTIVE,NONE,8100,0,P,P,0.00,PRESSED,FAULT
2026-05-18 21:14:44.094,324.4392,,slider,1,0,0.00,0.00,0.00,ACTIVE,NONE,8110,0,P,P,0.00,PRESSED,FAULT
2026-05-18 21:14:44.494,324.8393,,slider,1,0,0.00,0.00,0.00,ACTIVE,NONE,8120,0,P,P,0.00,PRESSED,FAULT
2026-05-18 21:14:44.886,325.2305,,slider,1,0,0.00,0.00,0.00,ACTIVE,NONE,8130,0,P,P,0.00,PRESSED,FAULT
2026-05-18 21:14:45.285,325.6302,,slider,1,0,0.00,0.00,0.00,ACTIVE,NONE,8140,0,P,P,0.00,PRESSED,FAULT
2026-05-18 21:14:45.685,326.0299,,slider,1,0,0.00,0.00,0.00,ACTIVE,NONE,8150,0,P,P,0.00,PRESSED,FAULT
2026-05-18 21:14:46.085,326.4301,,slider,1,0,0.00,0.00,0.00,ACTIVE,NONE,8160,0,P,P,0.00,PRESSED,FAULT
2026-05-18 21:14:46.485,326.8298,,slider,1,0,0.00,0.00,0.00,ACTIVE,NONE,8170,0,P,P,0.00,PRESSED,FAULT
2026-05-18 21:14:46.886,327.2307,,slider,1,0,0.00,0.00,0.00,ACTIVE,NONE,8180,0,P,P,0.00,PRESSED,FAULT
2026-05-18 21:14:47.294,327.6392,,slider,1,0,0.00,0.00,0.00,ACTIVE,NONE,8190,0,P,P,0.00,released,RELEASED
2026-05-18 21:14:47.685,328.0302,,slider,1,0,0.00,0.00,0.00,ACTIVE,NONE,8200,0,P,P,0.00,released,RELEASED
2026-05-18 21:14:48.085,328.4304,,slider,1,0,0.00,0.00,0.00,ACTIVE,NONE,8210,0,P,P,0.00,released,RELEASED
2026-05-18 21:14:48.485,328.8300,,slider,1,0,0.00,0.00,0.00,ACTIVE,NONE,8220,0,P,P,0.00,released,RELEASED
2026-05-18 21:14:48.886,329.2304,,slider,1,0,0.00,0.00,0.00,ACTIVE,NONE,8230,0,P,P,0.00,released,RELEASED
2026-05-18 21:14:49.285,329.6301,,slider,1,0,0.00,0.00,0.00,ACTIVE,NONE,8240,0,P,P,0.00,released,RELEASED
2026-05-18 21:14:49.685,330.0304,,slider,1,0,0.00,0.00,0.00,ACTIVE,NONE,8250,0,P,P,0.00,released,RELEASED
2026-05-18 21:14:50.086,330.4305,,slider,1,0,0.00,0.00,0.00,ACTIVE,NONE,8260,0,P,P,0.00,released,RELEASED
2026-05-18 21:14:50.488,330.8328,,slider,1,0,0.00,0.00,0.00,ACTIVE,NONE,8270,0,P,P,0.00,released,RELEASED
2026-05-18 21:14:50.886,331.2304,,slider,1,0,0.00,0.00,0.00,ACTIVE,NONE,8280,0,P,P,0.00,released,RELEASED
2026-05-18 21:14:51.286,331.6308,,slider,1,0,0.00,0.00,0.00,ACTIVE,NONE,8290,0,P,P,0.00,released,RELEASED
2026-05-18 21:14:51.688,332.0331,,slider,1,0,0.00,0.00,0.00,ACTIVE,NONE,8300,0,P,P,0.00,released,RELEASED
2026-05-18 21:14:52.086,332.4309,,slider,1,0,0.00,0.00,0.00,ACTIVE,NONE,8310,0,P,P,0.00,released,RELEASED
2026-05-18 21:14:52.486,332.8303,,slider,1,0,0.00,0.00,0.00,ACTIVE,NONE,8320,0,P,P,0.00,released,RELEASED
2026-05-18 21:14:52.886,333.2308,,slider,1,0,0.00,0.00,0.00,ACTIVE,NONE,8330,0,P,P,0.00,released,RELEASED
2026-05-18 21:14:53.286,333.6305,,slider,1,0,0.00,0.00,0.00,ACTIVE,NONE,8340,0,P,P,0.00,released,RELEASED
2026-05-18 21:14:53.687,334.0321,,slider,1,0,0.00,0.00,0.00,ACTIVE,NONE,8350,0,P,P,0.00,released,RELEASED
2026-05-18 21:14:54.086,334.4305,,slider,1,0,0.00,0.00,0.00,ACTIVE,NONE,8360,0,P,P,0.00,released,RELEASED
2026-05-18 21:14:54.486,334.8303,,slider,1,0,0.00,0.00,0.00,ACTIVE,NONE,8370,0,P,P,0.00,released,RELEASED
2026-05-18 21:14:54.885,335.2302,,slider,1,0,0.00,0.00,0.00,ACTIVE,NONE,8380,0,P,P,0.00,released,RELEASED
2026-05-18 21:14:55.287,335.6317,,slider,1,0,0.00,0.00,0.00,ACTIVE,NONE,8390,0,P,P,0.00,released,RELEASED
2026-05-18 21:14:55.687,336.0318,,slider,1,0,0.00,0.00,0.00,ACTIVE,NONE,8400,0,P,P,0.00,released,RELEASED
2026-05-18 21:14:56.087,336.4316,,slider,1,0,0.00,0.00,0.00,ACTIVE,NONE,8410,0,P,P,0.00,released,RELEASED
2026-05-18 21:14:56.486,336.8310,,slider,1,0,0.00,0.00,0.00,ACTIVE,NONE,8420,0,P,P,0.00,released,RELEASED
2026-05-18 21:14:56.887,337.2318,,slider,1,0,0.00,0.00,0.00,ACTIVE,NONE,8430,0,P,P,0.00,released,RELEASED
2026-05-18 21:14:57.286,337.6311,,slider,1,0,0.00,0.00,0.00,ACTIVE,NONE,8440,0,P,P,0.00,released,RELEASED
2026-05-18 21:14:57.686,338.0309,,slider,1,0,0.00,0.00,0.00,ACTIVE,NONE,8450,0,P,P,0.00,released,RELEASED
2026-05-18 21:14:58.088,338.4324,,slider,1,0,0.00,0.00,0.00,ACTIVE,NONE,8460,0,P,P,0.00,released,RELEASED
2026-05-18 21:14:58.486,338.8311,,slider,1,0,0.00,0.00,0.00,ACTIVE,NONE,8470,0,P,P,0.00,released,RELEASED
2026-05-18 21:14:58.886,339.2310,,slider,1,0,0.00,0.00,0.00,ACTIVE,NONE,8480,0,P,P,0.00,released,RELEASED
2026-05-18 21:14:59.287,339.6317,,slider,1,0,0.00,0.00,0.00,ACTIVE,NONE,8490,0,P,P,0.00,released,RELEASED
2026-05-18 21:14:59.687,340.0313,,slider,1,0,0.00,0.00,0.00,ACTIVE,NONE,8500,0,P,P,0.00,released,RELEASED
2026-05-18 21:15:00.088,340.4323,,slider,1,0,0.00,0.00,0.00,ACTIVE,NONE,8510,0,P,P,0.00,released,RELEASED
2026-05-18 21:15:00.487,340.8319,,slider,1,0,0.00,0.00,0.00,ACTIVE,NONE,8520,0,P,P,0.00,released,RELEASED
2026-05-18 21:15:00.887,341.2322,,slider,1,0,0.00,0.00,0.00,ACTIVE,NONE,8530,0,P,P,0.00,released,RELEASED
2026-05-18 21:15:01.287,341.6319,,slider,1,0,0.00,0.00,0.00,ACTIVE,NONE,8540,0,P,P,0.00,released,RELEASED
2026-05-18 21:15:01.688,342.0323,,slider,1,0,0.00,0.00,0.00,ACTIVE,NONE,8550,0,P,P,0.00,released,RELEASED
2026-05-18 21:15:02.087,342.4322,,slider,1,0,0.00,0.00,0.00,ACTIVE,NONE,8560,0,P,P,0.00,released,RELEASED
2026-05-18 21:15:02.487,342.8317,,slider,1,0,0.00,0.00,0.00,ACTIVE,NONE,8570,0,P,P,0.00,released,RELEASED
2026-05-18 21:15:02.887,343.2320,,slider,1,0,0.00,0.00,0.00,ACTIVE,NONE,8580,0,P,P,0.00,released,RELEASED
2026-05-18 21:15:03.288,343.6323,,slider,1,0,0.00,0.00,0.00,ACTIVE,NONE,8590,0,P,P,0.00,released,RELEASED
2026-05-18 21:15:03.687,344.0321,,slider,1,0,0.00,0.00,0.00,ACTIVE,NONE,8600,0,P,P,0.00,released,RELEASED
2026-05-18 21:15:04.088,344.4326,,slider,1,0,0.00,0.00,0.00,ACTIVE,NONE,8610,0,P,P,0.00,released,RELEASED
2026-05-18 21:15:04.487,344.8320,,slider,1,0,0.00,0.00,0.00,ACTIVE,NONE,8620,0,P,P,0.00,released,RELEASED
2026-05-18 21:15:04.888,345.2326,,slider,1,0,0.00,0.00,0.00,ACTIVE,NONE,8630,0,P,P,0.00,released,RELEASED
2026-05-18 21:15:05.288,345.6324,,slider,1,0,0.00,0.00,0.00,ACTIVE,NONE,8640,0,P,P,0.00,released,RELEASED
2026-05-18 21:15:05.689,346.0335,,slider,1,0,0.00,0.00,0.00,ACTIVE,NONE,8650,0,P,P,0.00,released,RELEASED
2026-05-18 21:15:06.087,346.4321,,slider,1,0,0.00,0.00,0.00,ACTIVE,NONE,8660,0,P,P,0.00,released,RELEASED
2026-05-18 21:15:06.488,346.8326,,slider,1,0,0.00,0.00,0.00,ACTIVE,NONE,8670,0,P,P,0.00,released,RELEASED
2026-05-18 21:15:06.896,347.2402,,slider,1,0,0.00,0.00,0.00,ACTIVE,NONE,8680,0,P,P,0.00,released,RELEASED
2026-05-18 21:15:07.289,347.6340,,slider,1,0,0.00,0.00,0.00,ACTIVE,NONE,8690,0,P,P,0.00,released,RELEASED
2026-05-18 21:15:07.689,348.0333,,slider,1,0,0.00,0.00,0.00,ACTIVE,NONE,8700,0,P,P,0.00,released,RELEASED
2026-05-18 21:15:08.088,348.4326,,slider,1,0,0.00,0.00,0.00,ACTIVE,NONE,8710,0,P,P,0.00,released,RELEASED
2026-05-18 21:15:08.488,348.8326,,slider,1,0,0.00,0.00,0.00,ACTIVE,NONE,8720,0,P,P,0.00,released,RELEASED
2026-05-18 21:15:08.888,349.2327,,slider,1,0,0.00,0.00,0.00,ACTIVE,NONE,8730,0,P,P,0.00,released,RELEASED
2026-05-18 21:15:09.288,349.6330,,slider,1,0,0.00,0.00,0.00,ACTIVE,NONE,8740,0,P,P,0.00,released,RELEASED
2026-05-18 21:15:09.689,350.0332,,slider,1,0,0.00,0.00,0.00,ACTIVE,NONE,8750,0,P,P,0.00,released,RELEASED
2026-05-18 21:15:10.088,350.4328,,slider,1,0,0.00,0.00,0.00,ACTIVE,NONE,8760,0,P,P,0.00,released,RELEASED
2026-05-18 21:15:10.488,350.8328,,slider,1,0,0.00,0.00,0.00,ACTIVE,NONE,8770,0,P,P,0.00,released,RELEASED
2026-05-18 21:15:10.888,351.2323,,slider,1,0,0.00,0.00,0.00,ACTIVE,NONE,8780,0,P,P,0.00,released,RELEASED
2026-05-18 21:15:11.288,351.6322,,slider,1,0,0.00,0.00,0.00,ACTIVE,NONE,8790,0,P,P,0.00,released,RELEASED
2026-05-18 21:15:11.688,352.0330,,slider,1,0,0.00,0.00,0.00,ACTIVE,NONE,8800,0,P,P,0.00,released,RELEASED
2026-05-18 21:15:12.088,352.4326,,slider,1,0,0.00,0.00,0.00,ACTIVE,NONE,8810,0,P,P,0.00,released,RELEASED
2026-05-18 21:15:12.489,352.8335,,slider,1,0,0.00,0.00,0.00,ACTIVE,NONE,8820,0,P,P,0.00,released,RELEASED
2026-05-18 21:15:12.888,353.2330,,slider,1,0,0.00,0.00,0.00,ACTIVE,NONE,8830,0,P,P,0.00,released,RELEASED
2026-05-18 21:15:13.288,353.6330,,slider,1,0,0.00,0.00,0.00,ACTIVE,NONE,8840,0,P,P,0.00,released,RELEASED
2026-05-18 21:15:13.688,354.0331,,slider,1,0,0.00,0.00,0.00,ACTIVE,NONE,8850,0,P,P,0.00,released,RELEASED
2026-05-18 21:15:14.089,354.4333,,slider,1,0,0.00,0.00,0.00,ACTIVE,NONE,8860,0,P,P,0.00,released,RELEASED
2026-05-18 21:15:14.489,354.8339,,slider,1,0,0.00,0.00,0.00,ACTIVE,NONE,8870,0,P,P,0.00,released,RELEASED
2026-05-18 21:15:14.889,355.2334,,slider,1,0,0.00,0.00,0.00,ACTIVE,NONE,8880,0,P,P,0.00,released,RELEASED
2026-05-18 21:15:15.288,355.6330,,slider,1,0,0.00,0.00,0.00,ACTIVE,NONE,8890,0,P,P,0.00,released,RELEASED
2026-05-18 21:15:15.688,356.0328,,slider,1,0,0.00,0.00,0.00,ACTIVE,NONE,8900,0,P,P,0.00,released,RELEASED
2026-05-18 21:15:16.088,356.4330,,slider,1,0,0.00,0.00,0.00,ACTIVE,NONE,8910,0,P,P,0.00,released,RELEASED
2026-05-18 21:15:16.489,356.8332,,slider,1,0,0.00,0.00,0.00,ACTIVE,NONE,8920,0,P,P,0.00,released,RELEASED
2026-05-18 21:15:16.889,357.2333,,slider,1,0,0.00,0.00,0.00,ACTIVE,NONE,8930,0,P,P,0.00,released,RELEASED
2026-05-18 21:15:17.289,357.6332,,slider,1,0,0.00,0.00,0.00,ACTIVE,NONE,8940,0,P,P,0.00,released,RELEASED
2026-05-18 21:15:17.688,358.0329,,slider,1,0,0.00,0.00,0.00,ACTIVE,NONE,8950,0,P,P,0.00,released,RELEASED
2026-05-18 21:15:18.088,358.4328,,slider,1,0,0.00,0.00,0.00,ACTIVE,NONE,8960,0,P,P,0.00,released,RELEASED
2026-05-18 21:15:18.489,358.8338,,slider,1,0,0.00,0.00,0.00,ACTIVE,NONE,8970,0,P,P,0.00,released,RELEASED
2026-05-18 21:15:18.889,359.2335,,slider,1,0,0.00,0.00,0.00,ACTIVE,NONE,8980,0,P,P,0.00,released,RELEASED
2026-05-18 21:15:19.289,359.6331,,slider,1,0,0.00,0.00,0.00,ACTIVE,NONE,8990,0,P,P,0.00,released,RELEASED
2026-05-18 21:15:19.689,360.0335,,slider,1,0,0.00,0.00,0.00,ACTIVE,NONE,9000,0,P,P,0.00,released,RELEASED
2026-05-18 21:15:20.088,360.4329,,slider,1,0,0.00,0.00,0.00,ACTIVE,NONE,9010,0,P,P,0.00,released,RELEASED
2026-05-18 21:15:20.489,360.8335,,slider,1,0,0.00,0.00,0.00,ACTIVE,NONE,9020,0,P,P,0.00,released,RELEASED
2026-05-18 21:15:20.889,361.2333,,slider,1,0,0.00,0.00,0.00,ACTIVE,NONE,9030,0,P,P,0.00,released,RELEASED
2026-05-18 21:15:21.289,361.6335,,slider,1,0,0.00,0.00,0.00,ACTIVE,NONE,9040,0,P,P,0.00,released,RELEASED
2026-05-18 21:15:21.691,362.0352,,slider,1,0,0.00,0.00,0.00,ACTIVE,NONE,9050,0,P,P,0.00,released,RELEASED
2026-05-18 21:15:22.089,362.4336,,slider,1,0,0.00,0.00,0.00,ACTIVE,NONE,9060,0,P,P,0.00,released,RELEASED
2026-05-18 21:15:22.489,362.8334,,slider,1,0,0.00,0.00,0.00,ACTIVE,NONE,9070,0,P,P,0.00,released,RELEASED
2026-05-18 21:15:22.890,363.2343,,slider,1,0,0.00,0.00,0.00,ACTIVE,NONE,9080,0,P,P,0.00,released,RELEASED
2026-05-18 21:15:23.289,363.6336,,slider,1,0,0.00,0.00,0.00,ACTIVE,NONE,9090,0,P,P,0.00,released,RELEASED
2026-05-18 21:15:23.689,364.0339,,slider,1,0,0.00,0.00,0.00,ACTIVE,NONE,9100,0,P,P,0.00,released,RELEASED
2026-05-18 21:15:24.089,364.4340,,slider,1,0,0.00,0.00,0.00,ACTIVE,NONE,9110,0,P,P,0.00,released,RELEASED
2026-05-18 21:15:24.489,364.8338,,slider,1,0,0.00,0.00,0.00,ACTIVE,NONE,9120,0,P,P,0.00,released,RELEASED
2026-05-18 21:15:24.890,365.2343,,slider,1,0,0.00,0.00,0.00,ACTIVE,NONE,9130,0,P,P,0.00,released,RELEASED
2026-05-18 21:15:25.289,365.6335,,slider,1,0,0.00,0.00,0.00,ACTIVE,NONE,9140,0,P,P,0.00,released,RELEASED
2026-05-18 21:15:25.690,366.0350,,slider,1,0,0.00,0.00,0.00,ACTIVE,NONE,9150,0,P,P,0.00,released,RELEASED
2026-05-18 21:15:26.089,366.4339,,slider,1,0,0.00,0.00,0.00,ACTIVE,NONE,9160,0,P,P,0.00,released,RELEASED
2026-05-18 21:15:26.492,366.8368,,slider,1,0,0.00,0.00,0.00,ACTIVE,NONE,9170,0,P,P,0.00,released,RELEASED
2026-05-18 21:15:26.890,367.2346,,slider,1,0,0.00,0.00,0.00,ACTIVE,NONE,9180,0,P,P,0.00,released,RELEASED
2026-05-18 21:15:27.289,367.6339,,slider,1,0,0.00,0.00,0.00,ACTIVE,NONE,9190,0,P,P,0.00,released,RELEASED
2026-05-18 21:15:27.690,368.0344,,slider,1,0,0.00,0.00,0.00,ACTIVE,NONE,9200,0,P,P,0.00,released,RELEASED
2026-05-18 21:15:28.090,368.4346,,slider,1,0,0.00,0.00,0.00,ACTIVE,NONE,9210,0,P,P,0.00,released,RELEASED
2026-05-18 21:15:28.491,368.8354,,slider,1,0,0.00,0.00,0.00,ACTIVE,NONE,9220,0,P,P,0.00,released,RELEASED
2026-05-18 21:15:28.890,369.2343,,slider,1,0,0.00,0.00,0.00,ACTIVE,NONE,9230,0,P,P,0.00,released,RELEASED
2026-05-18 21:15:29.290,369.6349,,slider,1,0,0.00,0.00,0.00,ACTIVE,NONE,9240,0,P,P,0.00,released,RELEASED
2026-05-18 21:15:29.690,370.0347,,slider,1,0,0.00,0.00,0.00,ACTIVE,NONE,9250,0,P,P,0.00,released,RELEASED
2026-05-18 21:15:30.090,370.4342,,slider,1,0,0.00,0.00,0.00,ACTIVE,NONE,9260,0,P,P,0.00,released,RELEASED
2026-05-18 21:15:30.490,370.8344,,slider,1,0,0.00,0.00,0.00,ACTIVE,NONE,9270,0,P,P,0.00,released,RELEASED
2026-05-18 21:15:30.890,371.2344,,slider,1,0,0.00,0.00,0.00,ACTIVE,NONE,9280,0,P,P,0.00,released,RELEASED
2026-05-18 21:15:31.291,371.6358,,slider,1,0,0.00,0.00,0.00,ACTIVE,NONE,9290,0,P,P,0.00,released,RELEASED
2026-05-18 21:15:31.691,372.0360,,slider,1,0,0.00,0.00,0.00,ACTIVE,NONE,9300,0,P,P,0.00,released,RELEASED
2026-05-18 21:15:32.090,372.4347,,slider,1,0,0.00,0.00,0.00,ACTIVE,NONE,9310,0,P,P,0.00,released,RELEASED
2026-05-18 21:15:32.490,372.8344,,slider,1,0,0.00,0.00,0.00,ACTIVE,NONE,9320,0,P,P,0.00,released,RELEASED
2026-05-18 21:15:32.891,373.2352,,slider,1,0,0.00,0.00,0.00,ACTIVE,NONE,9330,0,P,P,0.00,released,RELEASED
2026-05-18 21:15:33.290,373.6344,,slider,1,0,0.00,0.00,0.00,ACTIVE,NONE,9340,0,P,P,0.00,released,RELEASED
2026-05-18 21:15:33.690,374.0346,,slider,1,0,0.00,0.00,0.00,ACTIVE,NONE,9350,0,P,P,0.00,released,RELEASED
2026-05-18 21:15:34.090,374.4346,,slider,1,0,0.00,0.00,0.00,ACTIVE,NONE,9360,0,P,P,0.00,released,RELEASED
2026-05-18 21:15:34.491,374.8350,,slider,1,0,0.00,0.00,0.00,ACTIVE,NONE,9370,0,P,P,0.00,released,RELEASED
2026-05-18 21:15:34.890,375.2347,,slider,1,0,0.00,0.00,0.00,ACTIVE,NONE,9380,0,P,P,0.00,released,RELEASED
2026-05-18 21:15:35.291,375.6351,,slider,1,0,0.00,-0.32,0.00,ACTIVE,NONE,9390,0,P,P,0.00,released,RELEASED
2026-05-18 21:15:35.690,376.0348,,slider,1,0,0.00,-0.02,0.00,ACTIVE,NONE,9400,0,P,P,0.00,released,RELEASED
2026-05-18 21:15:36.091,376.4350,,slider,1,0,0.00,-0.00,0.00,ACTIVE,NONE,9410,0,P,P,0.00,released,RELEASED
2026-05-18 21:15:36.493,376.8372,,slider,1,0,0.00,-0.00,0.00,ACTIVE,NONE,9420,0,P,P,0.00,released,RELEASED
2026-05-18 21:15:36.891,377.2350,,slider,1,0,0.00,-0.00,0.00,ACTIVE,NONE,9430,0,P,P,0.00,released,RELEASED
2026-05-18 21:15:37.292,377.6366,,slider,1,0,0.00,-0.00,0.00,ACTIVE,NONE,9440,0,P,P,0.00,released,RELEASED
2026-05-18 21:15:37.691,378.0350,,slider,1,0,0.00,-0.00,0.00,ACTIVE,NONE,9450,0,P,P,0.00,released,RELEASED
2026-05-18 21:15:38.091,378.4359,,slider,1,0,0.00,-0.00,0.00,ACTIVE,NONE,9460,0,P,P,0.00,released,RELEASED
2026-05-18 21:15:38.493,378.8375,,slider,1,0,0.00,-0.00,0.00,ACTIVE,NONE,9470,0,P,P,0.00,released,RELEASED
2026-05-18 21:15:38.891,379.2356,,slider,1,0,0.00,-0.00,0.00,ACTIVE,NONE,9480,0,P,P,0.00,released,RELEASED
2026-05-18 21:15:39.292,379.6363,,slider,1,0,0.00,-0.00,-0.10,ACTIVE,NONE,9490,0,P,P,0.00,released,RELEASED
2026-05-18 21:15:39.692,380.0364,,slider,1,0,0.00,-0.00,0.00,ACTIVE,NONE,9500,0,P,P,0.00,released,RELEASED
2026-05-18 21:15:40.093,380.4377,,slider,1,0,0.00,-0.00,0.00,ACTIVE,NONE,9510,0,P,P,0.00,released,RELEASED
2026-05-18 21:15:40.491,380.8357,,slider,1,0,0.00,-0.00,0.00,ACTIVE,NONE,9520,0,P,P,0.00,released,RELEASED
2026-05-18 21:15:40.892,381.2364,,slider,1,0,0.00,-0.00,0.00,ACTIVE,NONE,9530,0,P,P,0.00,released,RELEASED
2026-05-18 21:15:41.292,381.6368,,slider,1,0,0.00,-0.00,0.00,ACTIVE,NONE,9540,0,P,P,0.00,released,RELEASED
2026-05-18 21:15:41.691,382.0358,,slider,1,0,0.00,-0.00,0.00,ACTIVE,NONE,9550,0,P,P,0.00,released,RELEASED
2026-05-18 21:15:42.092,382.4361,,slider,1,0,0.00,-0.00,0.00,ACTIVE,NONE,9560,0,P,P,0.00,released,RELEASED
2026-05-18 21:15:42.492,382.8361,,slider,1,0,0.00,-0.00,0.00,ACTIVE,NONE,9570,0,P,P,0.00,released,RELEASED
2026-05-18 21:15:42.891,383.2356,,slider,1,0,0.00,-0.00,0.00,ACTIVE,NONE,9580,0,P,P,0.00,released,RELEASED
2026-05-18 21:15:43.291,383.6355,,slider,1,0,0.00,-0.00,0.00,ACTIVE,NONE,9590,0,P,P,0.00,released,RELEASED
2026-05-18 21:15:43.692,384.0364,,slider,1,0,0.00,-0.00,0.00,ACTIVE,NONE,9600,0,P,P,0.00,released,RELEASED
2026-05-18 21:15:44.091,384.4357,,slider,1,0,0.00,-0.00,0.00,ACTIVE,NONE,9610,0,P,P,0.00,released,RELEASED
2026-05-18 21:15:44.492,384.8364,,slider,1,0,0.00,-0.00,0.00,ACTIVE,NONE,9620,0,P,P,0.00,released,RELEASED
2026-05-18 21:15:44.892,385.2359,,slider,1,0,0.00,-0.00,0.00,ACTIVE,NONE,9630,0,P,P,0.00,released,RELEASED
2026-05-18 21:15:45.292,385.6360,,slider,1,0,0.00,-0.00,0.00,ACTIVE,NONE,9640,0,P,P,0.00,released,RELEASED
2026-05-18 21:15:45.694,386.0385,,slider,1,0,0.00,-0.00,0.00,ACTIVE,NONE,9650,0,P,P,0.00,released,RELEASED
2026-05-18 21:15:46.092,386.4361,,slider,1,0,0.00,-0.00,0.00,ACTIVE,NONE,9660,0,P,P,0.00,released,RELEASED
2026-05-18 21:15:46.492,386.8361,,slider,1,0,0.00,-0.00,0.00,ACTIVE,NONE,9670,0,P,P,0.00,released,RELEASED
2026-05-18 21:15:46.892,387.2363,,slider,1,0,0.00,-0.00,0.00,ACTIVE,NONE,9680,0,P,P,0.00,released,RELEASED
2026-05-18 21:15:47.293,387.6372,,slider,1,0,0.00,-0.00,0.00,ACTIVE,NONE,9690,0,P,P,0.00,released,RELEASED
2026-05-18 21:15:47.693,388.0371,,slider,1,0,0.00,-0.00,0.00,ACTIVE,NONE,9700,0,P,P,0.00,released,RELEASED
2026-05-18 21:15:48.092,388.4368,,slider,1,0,0.00,-0.00,0.00,ACTIVE,NONE,9710,0,P,P,0.00,released,RELEASED
2026-05-18 21:15:48.494,388.8383,,slider,1,0,0.00,-0.00,0.00,ACTIVE,NONE,9720,0,P,P,0.00,released,RELEASED
2026-05-18 21:15:48.893,389.2376,,slider,1,0,0.00,-0.00,0.00,ACTIVE,NONE,9730,0,P,P,0.00,released,RELEASED
2026-05-18 21:15:49.293,389.6370,,slider,1,0,0.00,-0.00,0.00,ACTIVE,NONE,9740,0,P,P,0.00,released,RELEASED
2026-05-18 21:15:49.693,390.0375,,slider,1,0,0.00,-0.00,0.00,ACTIVE,NONE,9750,0,P,P,0.00,released,RELEASED
2026-05-18 21:15:50.093,390.4372,,slider,1,0,0.00,-0.00,0.00,ACTIVE,NONE,9760,0,P,P,0.00,released,RELEASED
2026-05-18 21:15:50.494,390.8381,,slider,1,0,0.00,-0.00,0.00,ACTIVE,NONE,9770,0,P,P,0.00,released,RELEASED
2026-05-18 21:15:50.893,391.2377,,slider,1,0,0.00,-0.00,0.00,ACTIVE,NONE,9780,0,P,P,0.00,released,RELEASED
2026-05-18 21:15:51.295,391.6389,,slider,1,0,0.00,-0.00,0.00,ACTIVE,NONE,9790,0,P,P,0.00,released,RELEASED
2026-05-18 21:15:51.694,392.0379,,slider,1,0,0.00,-0.00,0.00,ACTIVE,NONE,9800,0,P,P,0.00,released,RELEASED
2026-05-18 21:15:52.093,392.4373,,slider,1,0,0.00,-0.00,0.00,ACTIVE,NONE,9810,0,P,P,0.00,released,RELEASED
2026-05-18 21:15:52.493,392.8374,,slider,1,0,0.00,-0.00,0.00,ACTIVE,NONE,9820,0,P,P,0.00,released,RELEASED
2026-05-18 21:15:52.892,393.2366,,slider,1,0,0.00,-0.00,0.00,ACTIVE,NONE,9830,0,P,P,0.00,released,RELEASED
2026-05-18 21:15:53.293,393.6374,,slider,1,0,0.00,-0.00,0.00,ACTIVE,NONE,9840,0,P,P,0.00,released,RELEASED
2026-05-18 21:15:53.695,394.0390,,slider,1,0,0.00,-0.00,0.00,ACTIVE,NONE,9850,0,P,P,0.00,released,RELEASED
2026-05-18 21:15:54.094,394.4384,,slider,1,0,0.00,-0.00,0.00,ACTIVE,NONE,9860,0,P,P,0.00,released,RELEASED
2026-05-18 21:15:54.495,394.8390,,slider,1,0,0.00,-0.00,0.00,ACTIVE,NONE,9870,0,P,P,0.00,released,RELEASED
2026-05-18 21:15:54.894,395.2384,,slider,1,0,0.00,-0.00,0.00,ACTIVE,NONE,9880,0,P,P,0.00,released,RELEASED
2026-05-18 21:15:55.295,395.6390,,slider,1,0,0.00,-0.00,0.00,ACTIVE,NONE,9890,0,P,P,0.00,released,RELEASED
2026-05-18 21:15:55.694,396.0382,,slider,1,0,0.00,-0.00,0.00,ACTIVE,NONE,9900,0,P,P,0.00,released,RELEASED
2026-05-18 21:15:56.093,396.4377,,slider,1,0,0.00,-0.00,0.00,ACTIVE,NONE,9910,0,P,P,0.00,released,RELEASED
2026-05-18 21:15:56.495,396.8388,,slider,1,0,0.00,-0.00,0.00,ACTIVE,NONE,9920,0,P,P,0.00,released,RELEASED
2026-05-18 21:15:56.894,397.2377,,slider,1,0,0.00,-0.00,0.00,ACTIVE,NONE,9930,0,P,P,0.00,released,RELEASED
2026-05-18 21:15:57.293,397.6374,,slider,1,0,0.00,-0.00,0.00,ACTIVE,NONE,9940,0,P,P,0.00,released,RELEASED
2026-05-18 21:15:57.693,398.0376,,slider,1,0,0.00,-0.00,0.00,ACTIVE,NONE,9950,0,P,P,0.00,released,RELEASED
2026-05-18 21:15:58.093,398.4373,,slider,1,0,0.00,-0.00,0.00,ACTIVE,NONE,9960,0,P,P,0.00,released,RELEASED
2026-05-18 21:15:58.495,398.8395,,slider,1,0,0.00,-0.00,0.00,ACTIVE,NONE,9970,0,P,P,0.00,released,RELEASED
2026-05-18 21:15:58.893,399.2374,,slider,1,0,0.00,-0.00,0.00,ACTIVE,NONE,9980,0,P,P,0.00,released,RELEASED
2026-05-18 21:15:59.295,399.6389,,slider,1,0,0.00,-0.00,0.00,ACTIVE,NONE,9990,0,P,P,0.00,released,RELEASED
2026-05-18 21:15:59.694,400.0379,,slider,1,0,0.00,-0.00,0.00,ACTIVE,NONE,10000,0,P,P,0.00,released,RELEASED
2026-05-18 21:16:00.094,400.4378,,slider,1,0,0.00,-0.00,0.00,ACTIVE,NONE,10010,0,P,P,0.00,released,RELEASED
2026-05-18 21:16:00.494,400.8380,,slider,1,0,0.00,-0.00,0.00,ACTIVE,NONE,10020,0,P,P,0.00,released,RELEASED
2026-05-18 21:16:00.894,401.2383,,slider,1,0,0.00,-0.00,0.00,ACTIVE,NONE,10030,0,P,P,0.00,released,RELEASED
2026-05-18 21:16:01.294,401.6382,,slider,1,0,0.00,-0.00,0.00,ACTIVE,NONE,10040,0,P,P,0.00,released,RELEASED
2026-05-18 21:16:01.694,402.0377,,slider,1,0,0.00,-0.00,0.00,ACTIVE,NONE,10050,0,P,P,0.00,released,RELEASED
2026-05-18 21:16:02.093,402.4376,,slider,1,0,0.00,-0.00,0.00,ACTIVE,NONE,10060,0,P,P,0.00,released,RELEASED
2026-05-18 21:16:02.494,402.8382,,slider,1,0,0.00,-0.00,0.00,ACTIVE,NONE,10070,0,P,P,0.00,released,RELEASED
2026-05-18 21:16:02.896,403.2404,,slider,1,0,0.00,-0.00,0.00,ACTIVE,NONE,10080,0,P,P,0.00,released,RELEASED
2026-05-18 21:16:03.295,403.6396,,slider,1,0,0.00,-0.00,0.00,ACTIVE,NONE,10090,0,P,P,0.00,released,RELEASED
2026-05-18 21:16:03.694,404.0378,,slider,1,0,0.00,-0.00,0.00,ACTIVE,NONE,10100,0,P,P,0.00,released,RELEASED
2026-05-18 21:16:04.095,404.4388,,slider,1,0,0.00,-0.00,0.00,ACTIVE,NONE,10110,0,P,P,0.00,released,RELEASED
2026-05-18 21:16:04.496,404.8398,,slider,1,0,0.00,-0.00,0.00,ACTIVE,NONE,10120,0,P,P,0.00,released,RELEASED
2026-05-18 21:16:04.896,405.2399,,slider,1,0,0.00,-0.00,0.00,ACTIVE,NONE,10130,0,P,P,0.00,released,RELEASED
2026-05-18 21:16:05.295,405.6397,,slider,1,0,0.00,-0.00,0.00,ACTIVE,NONE,10140,0,P,P,0.00,released,RELEASED
2026-05-18 21:16:05.695,406.0387,,slider,1,0,0.00,-0.00,0.00,ACTIVE,NONE,10150,0,P,P,0.00,released,RELEASED
2026-05-18 21:16:06.094,406.4383,,slider,1,0,0.00,-0.00,0.00,ACTIVE,NONE,10160,0,P,P,0.00,released,RELEASED
2026-05-18 21:16:06.494,406.8385,,slider,1,0,0.00,-0.00,0.00,ACTIVE,NONE,10170,0,P,P,0.00,released,RELEASED
2026-05-18 21:16:06.894,407.2384,,slider,1,0,0.00,-0.00,0.00,ACTIVE,NONE,10180,0,P,P,0.00,released,RELEASED
2026-05-18 21:16:07.294,407.6385,,slider,1,0,0.00,-0.00,0.00,ACTIVE,NONE,10190,0,P,P,0.00,released,RELEASED
2026-05-18 21:16:07.694,408.0386,,slider,1,0,0.00,-0.00,0.00,ACTIVE,NONE,10200,0,P,P,0.00,released,RELEASED
2026-05-18 21:16:08.095,408.4396,,slider,1,0,0.00,-0.00,0.00,ACTIVE,NONE,10210,0,P,P,0.00,released,RELEASED
2026-05-18 21:16:08.496,408.8399,,slider,1,0,0.00,-0.00,0.00,ACTIVE,NONE,10220,0,P,P,0.00,released,RELEASED
2026-05-18 21:16:08.895,409.2392,,slider,1,0,0.00,-0.00,0.00,ACTIVE,NONE,10230,0,P,P,0.00,released,RELEASED
2026-05-18 21:16:09.295,409.6389,,slider,1,0,0.00,-0.00,0.00,ACTIVE,NONE,10240,0,P,P,0.00,released,RELEASED
2026-05-18 21:16:09.695,410.0390,,slider,1,0,0.00,-0.00,0.00,ACTIVE,NONE,10250,0,P,P,0.00,released,RELEASED
2026-05-18 21:16:10.095,410.4391,,slider,1,0,0.00,-0.00,0.00,ACTIVE,NONE,10260,0,P,P,0.00,released,RELEASED
2026-05-18 21:16:10.495,410.8390,,slider,1,0,0.00,-0.00,0.00,ACTIVE,NONE,10270,0,P,P,0.00,released,RELEASED
2026-05-18 21:16:10.895,411.2388,,slider,1,0,0.00,-0.00,0.00,ACTIVE,NONE,10280,0,P,P,0.00,released,RELEASED
2026-05-18 21:16:11.295,411.6388,,slider,1,0,0.00,-0.00,0.00,ACTIVE,NONE,10290,0,P,P,0.00,released,RELEASED
2026-05-18 21:16:11.696,412.0397,,slider,1,0,0.00,-0.00,0.00,ACTIVE,NONE,10300,0,P,P,0.00,released,RELEASED
2026-05-18 21:16:12.095,412.4387,,slider,1,0,0.00,-0.00,0.00,ACTIVE,NONE,10310,0,P,P,0.00,released,RELEASED
2026-05-18 21:16:12.495,412.8389,,slider,1,0,0.00,-0.00,0.00,ACTIVE,NONE,10320,0,P,P,0.00,released,RELEASED
2026-05-18 21:16:12.895,413.2389,,slider,1,0,0.00,-0.00,0.00,ACTIVE,NONE,10330,0,P,P,0.00,released,RELEASED
2026-05-18 21:16:13.296,413.6397,,slider,1,0,0.00,-0.00,0.00,ACTIVE,NONE,10340,0,P,P,0.00,released,RELEASED
2026-05-18 21:16:13.695,414.0390,,slider,1,0,0.00,-0.00,0.00,ACTIVE,NONE,10350,0,P,P,0.00,released,RELEASED
2026-05-18 21:16:14.095,414.4392,,slider,1,0,0.00,-0.00,0.00,ACTIVE,NONE,10360,0,P,P,0.00,released,RELEASED
2026-05-18 21:16:14.496,414.8397,,slider,1,0,0.00,-0.00,0.00,ACTIVE,NONE,10370,0,P,P,0.00,released,RELEASED
2026-05-18 21:16:14.896,415.2398,,slider,1,0,0.00,-0.00,0.00,ACTIVE,NONE,10380,0,P,P,0.00,released,RELEASED
2026-05-18 21:16:15.295,415.6393,,slider,1,0,0.00,-0.00,0.00,ACTIVE,NONE,10390,0,P,P,0.00,released,RELEASED
2026-05-18 21:16:15.695,416.0394,,slider,1,0,0.00,-0.00,0.00,ACTIVE,NONE,10400,0,P,P,0.00,released,RELEASED
2026-05-18 21:16:16.095,416.4393,,slider,1,0,0.00,-0.00,0.00,ACTIVE,NONE,10410,0,P,P,0.00,released,RELEASED
2026-05-18 21:16:16.496,416.8396,,slider,1,0,0.00,-0.00,0.00,ACTIVE,NONE,10420,0,P,P,0.00,released,RELEASED
2026-05-18 21:16:16.896,417.2395,,slider,1,0,0.00,-0.00,0.00,ACTIVE,NONE,10430,0,P,P,0.00,released,RELEASED
2026-05-18 21:16:17.295,417.6392,,slider,1,0,0.00,-0.00,0.00,ACTIVE,NONE,10440,0,P,P,0.00,released,RELEASED
2026-05-18 21:16:17.695,418.0392,,slider,1,0,0.00,-0.00,0.00,ACTIVE,NONE,10450,0,P,P,0.00,released,RELEASED
2026-05-18 21:16:18.096,418.4397,,slider,1,0,0.00,-0.00,0.00,ACTIVE,NONE,10460,0,P,P,0.00,released,RELEASED
2026-05-18 21:16:18.496,418.8398,,slider,1,0,0.00,-0.00,0.00,ACTIVE,NONE,10470,0,P,P,0.00,released,RELEASED
2026-05-18 21:16:18.897,419.2415,,slider,1,0,0.00,-0.00,0.00,ACTIVE,NONE,10480,0,P,P,0.00,released,RELEASED
2026-05-18 21:16:19.296,419.6403,,slider,1,0,0.00,-0.00,0.00,ACTIVE,NONE,10490,0,P,P,0.00,released,RELEASED
2026-05-18 21:16:19.696,420.0398,,slider,1,0,0.00,-0.00,0.00,ACTIVE,NONE,10500,0,P,P,0.00,released,RELEASED
2026-05-18 21:16:20.096,420.4399,,slider,1,0,0.00,-0.00,0.00,ACTIVE,NONE,10510,0,P,P,0.00,released,RELEASED
2026-05-18 21:16:20.496,420.8396,,slider,1,0,0.00,-0.00,0.00,ACTIVE,NONE,10520,0,P,P,0.00,released,RELEASED
2026-05-18 21:16:20.896,421.2395,,slider,1,0,0.00,-0.00,0.00,ACTIVE,NONE,10530,0,P,P,0.00,released,RELEASED
2026-05-18 21:16:21.296,421.6399,,slider,1,0,0.00,-0.00,0.00,ACTIVE,NONE,10540,0,P,P,0.00,released,RELEASED
2026-05-18 21:16:21.696,422.0399,,slider,1,0,0.00,-0.00,0.00,ACTIVE,NONE,10550,0,P,P,0.00,released,RELEASED
2026-05-18 21:16:22.097,422.4413,,slider,1,0,0.00,-0.00,0.00,ACTIVE,NONE,10560,0,P,P,0.00,released,RELEASED
2026-05-18 21:16:22.496,422.8399,,slider,1,0,0.00,-0.00,0.00,ACTIVE,NONE,10570,0,P,P,0.00,released,RELEASED
2026-05-18 21:16:22.896,423.2401,,slider,1,0,0.00,-0.00,0.00,ACTIVE,NONE,10580,0,P,P,0.00,released,RELEASED
2026-05-18 21:16:23.296,423.6399,,slider,1,0,0.00,-0.00,0.00,ACTIVE,NONE,10590,0,P,P,0.00,released,RELEASED
2026-05-18 21:16:23.696,424.0396,,slider,1,0,0.00,-0.00,0.00,ACTIVE,NONE,10600,0,P,P,0.00,released,RELEASED
2026-05-18 21:16:24.097,424.4408,,slider,1,0,0.00,-0.00,0.00,ACTIVE,NONE,10610,0,P,P,0.00,released,RELEASED
2026-05-18 21:16:24.496,424.8402,,slider,1,0,0.00,-0.00,0.00,ACTIVE,NONE,10620,0,P,P,0.00,released,RELEASED
2026-05-18 21:16:24.897,425.2405,,slider,1,0,0.00,-0.00,0.00,ACTIVE,NONE,10630,0,P,P,0.00,released,RELEASED
2026-05-18 21:16:25.297,425.6404,,slider,1,0,0.00,-0.00,0.00,ACTIVE,NONE,10640,0,P,P,0.00,released,RELEASED
2026-05-18 21:16:25.696,426.0402,,slider,1,0,0.00,-0.00,0.00,ACTIVE,NONE,10650,0,P,P,0.00,released,RELEASED
2026-05-18 21:16:26.097,426.4405,,slider,1,0,0.00,-0.00,0.00,ACTIVE,NONE,10660,0,P,P,0.00,released,RELEASED
2026-05-18 21:16:26.496,426.8402,,slider,1,0,0.00,-0.00,0.00,ACTIVE,NONE,10670,0,P,P,0.00,released,RELEASED
2026-05-18 21:16:26.896,427.2403,,slider,1,0,0.00,-0.00,0.00,ACTIVE,NONE,10680,0,P,P,0.00,released,RELEASED
2026-05-18 21:16:27.296,427.6403,,slider,1,0,0.00,-0.00,0.00,ACTIVE,NONE,10690,0,P,P,0.00,released,RELEASED
2026-05-18 21:16:27.696,428.0402,,slider,1,0,0.00,-0.00,0.00,ACTIVE,NONE,10700,0,P,P,0.00,released,RELEASED
2026-05-18 21:16:28.097,428.4405,,slider,1,0,0.00,-0.00,0.00,ACTIVE,NONE,10710,0,P,P,0.00,released,RELEASED
2026-05-18 21:16:28.497,428.8404,,slider,1,0,0.00,-0.00,0.00,ACTIVE,NONE,10720,0,P,P,0.00,released,RELEASED
2026-05-18 21:16:28.896,429.2399,,slider,1,0,0.00,-0.00,0.00,ACTIVE,NONE,10730,0,P,P,0.00,released,RELEASED
2026-05-18 21:16:29.297,429.6405,,slider,1,0,0.00,-0.00,0.00,ACTIVE,NONE,10740,0,P,P,0.00,released,RELEASED
2026-05-18 21:16:29.697,430.0406,,slider,1,0,0.00,-0.00,0.00,ACTIVE,NONE,10750,0,P,P,0.00,released,RELEASED
2026-05-18 21:16:30.097,430.4406,,slider,1,0,0.00,-0.00,0.00,ACTIVE,NONE,10760,0,P,P,0.00,released,RELEASED
2026-05-18 21:16:30.497,430.8407,,slider,1,0,0.00,-0.00,0.00,ACTIVE,NONE,10770,0,P,P,0.00,released,RELEASED
2026-05-18 21:16:30.897,431.2413,,slider,1,0,0.00,-0.00,0.00,ACTIVE,NONE,10780,0,P,P,0.00,released,RELEASED
2026-05-18 21:16:31.297,431.6407,,slider,1,0,0.00,-0.00,0.00,ACTIVE,NONE,10790,0,P,P,0.00,released,RELEASED
2026-05-18 21:16:31.697,432.0408,,slider,1,0,0.00,-0.00,0.00,ACTIVE,NONE,10800,0,P,P,0.00,released,RELEASED
2026-05-18 21:16:32.097,432.4410,,slider,1,0,0.00,-0.00,0.00,ACTIVE,NONE,10810,0,P,P,0.00,released,RELEASED
2026-05-18 21:16:32.497,432.8409,,slider,1,0,0.00,-0.00,0.00,ACTIVE,NONE,10820,0,P,P,0.00,released,RELEASED
2026-05-18 21:16:32.897,433.2409,,slider,1,0,0.00,-0.00,0.00,ACTIVE,NONE,10830,0,P,P,0.00,released,RELEASED
2026-05-18 21:16:33.297,433.6410,,slider,1,0,0.00,-0.00,0.00,ACTIVE,NONE,10840,0,P,P,0.00,released,RELEASED
2026-05-18 21:16:33.699,434.0428,,slider,1,0,0.00,-0.00,0.00,ACTIVE,NONE,10850,0,P,P,0.00,released,RELEASED
2026-05-18 21:16:34.097,434.4413,,slider,1,0,0.00,-0.00,0.00,ACTIVE,NONE,10860,0,P,P,0.00,released,RELEASED
2026-05-18 21:16:34.497,434.8409,,slider,1,0,0.00,-0.00,0.00,ACTIVE,NONE,10870,0,P,P,0.00,released,RELEASED
2026-05-18 21:16:34.898,435.2420,,slider,1,0,0.00,-0.00,0.00,ACTIVE,NONE,10880,0,P,P,0.00,released,RELEASED
2026-05-18 21:16:35.297,435.6407,,slider,1,0,0.00,-0.00,0.00,ACTIVE,NONE,10890,0,P,P,0.00,released,RELEASED
2026-05-18 21:16:35.697,436.0411,,slider,1,0,0.00,-0.00,0.00,ACTIVE,NONE,10900,0,P,P,0.00,released,RELEASED
2026-05-18 21:16:36.097,436.4407,,slider,1,0,0.00,-0.00,0.00,ACTIVE,NONE,10910,0,P,P,0.00,released,RELEASED
2026-05-18 21:16:36.497,436.8408,,slider,1,0,0.00,-0.00,0.00,ACTIVE,NONE,10920,0,P,P,0.00,released,RELEASED
2026-05-18 21:16:36.898,437.2415,,slider,1,0,0.00,-0.00,0.00,ACTIVE,NONE,10930,0,P,P,0.00,released,RELEASED
2026-05-18 21:16:37.297,437.6411,,slider,1,0,0.00,-0.00,0.00,ACTIVE,NONE,10940,0,P,P,0.00,released,RELEASED
2026-05-18 21:16:37.698,438.0420,,slider,1,0,0.00,-0.00,0.00,ACTIVE,NONE,10950,0,P,P,0.00,released,RELEASED
2026-05-18 21:16:38.097,438.4413,,slider,1,0,0.00,-0.00,0.00,ACTIVE,NONE,10960,0,P,P,0.00,released,RELEASED
2026-05-18 21:16:38.498,438.8419,,slider,1,0,0.00,-0.00,0.00,ACTIVE,NONE,10970,0,P,P,0.00,released,RELEASED
2026-05-18 21:16:38.898,439.2417,,slider,1,0,0.00,-0.00,0.00,ACTIVE,NONE,10980,0,P,P,0.00,released,RELEASED
2026-05-18 21:16:39.297,439.6410,,slider,1,0,0.00,-0.00,0.00,ACTIVE,NONE,10990,0,P,P,0.00,released,RELEASED
2026-05-18 21:16:39.698,440.0416,,slider,1,0,0.00,-0.00,0.00,ACTIVE,NONE,11000,0,P,P,0.00,released,RELEASED
2026-05-18 21:16:40.098,440.4414,,slider,1,0,0.00,-0.00,0.00,ACTIVE,NONE,11010,0,P,P,0.00,released,RELEASED
2026-05-18 21:16:40.497,440.8411,,slider,1,0,0.00,-0.00,0.00,ACTIVE,NONE,11020,0,P,P,0.00,released,RELEASED
2026-05-18 21:16:40.898,441.2416,,slider,1,0,0.00,-0.00,0.00,ACTIVE,NONE,11030,0,P,P,0.00,released,RELEASED
2026-05-18 21:16:41.298,441.6419,,slider,1,0,0.00,-0.00,0.00,ACTIVE,NONE,11040,0,P,P,0.00,released,RELEASED
2026-05-18 21:16:41.698,442.0419,,slider,1,0,0.00,-0.00,0.00,ACTIVE,NONE,11050,0,P,P,0.00,released,RELEASED
2026-05-18 21:16:42.098,442.4418,,slider,1,0,0.00,-0.00,0.00,ACTIVE,NONE,11060,0,P,P,0.00,released,RELEASED
2026-05-18 21:16:42.498,442.8415,,slider,1,0,0.00,-0.00,0.00,ACTIVE,NONE,11070,0,P,P,0.00,released,RELEASED
2026-05-18 21:16:42.899,443.2423,,slider,1,0,0.00,-0.00,0.00,ACTIVE,NONE,11080,0,P,P,0.00,released,RELEASED
2026-05-18 21:16:43.298,443.6417,,slider,1,0,0.00,-0.00,0.00,ACTIVE,NONE,11090,0,P,P,0.00,released,RELEASED
2026-05-18 21:16:43.698,444.0417,,slider,1,0,0.00,-0.00,0.00,ACTIVE,NONE,11100,0,P,P,0.00,released,RELEASED
2026-05-18 21:16:44.098,444.4417,,slider,1,0,0.00,-0.00,0.00,ACTIVE,NONE,11110,0,P,P,0.00,released,RELEASED
2026-05-18 21:16:44.498,444.8418,,slider,1,0,0.00,-0.00,0.00,ACTIVE,NONE,11120,0,P,P,0.00,released,RELEASED
2026-05-18 21:16:44.898,445.2420,,slider,1,0,0.00,-0.00,0.00,ACTIVE,NONE,11130,0,P,P,0.00,released,RELEASED
2026-05-18 21:16:45.298,445.6417,,slider,1,0,0.00,-0.00,0.00,ACTIVE,NONE,11140,0,P,P,0.00,released,RELEASED
2026-05-18 21:16:45.699,446.0429,,slider,1,0,0.00,-0.00,0.00,ACTIVE,NONE,11150,0,P,P,0.00,released,RELEASED
2026-05-18 21:16:46.099,446.4425,,slider,1,0,0.00,-0.00,0.00,ACTIVE,NONE,11160,0,P,P,0.00,released,RELEASED
2026-05-18 21:16:46.498,446.8419,,slider,1,0,0.00,-0.00,0.00,ACTIVE,NONE,11170,0,P,P,0.00,released,RELEASED
2026-05-18 21:16:46.899,447.2423,,slider,1,0,0.00,-0.00,0.00,ACTIVE,NONE,11180,0,P,P,0.00,released,RELEASED
2026-05-18 21:16:47.298,447.6422,,slider,1,0,0.00,-0.00,0.00,ACTIVE,NONE,11190,0,P,P,0.00,released,RELEASED
2026-05-18 21:16:47.699,448.0429,,slider,1,0,0.00,-0.00,0.00,ACTIVE,NONE,11200,0,P,P,0.00,released,RELEASED
2026-05-18 21:16:48.098,448.4420,,slider,1,0,0.00,-0.00,0.00,ACTIVE,NONE,11210,0,P,P,0.00,released,RELEASED
2026-05-18 21:16:48.499,448.8423,,slider,1,0,0.00,-0.00,0.00,ACTIVE,NONE,11220,0,P,P,0.00,released,RELEASED
2026-05-18 21:16:48.899,449.2422,,slider,1,0,0.00,-0.00,0.00,ACTIVE,NONE,11230,0,P,P,0.00,released,RELEASED
2026-05-18 21:16:49.300,449.6434,,slider,1,0,0.00,-0.00,0.00,ACTIVE,NONE,11240,0,P,P,0.00,released,RELEASED
2026-05-18 21:16:49.699,450.0426,,slider,1,0,0.00,-0.00,0.00,ACTIVE,NONE,11250,0,P,P,0.00,released,RELEASED
2026-05-18 21:16:50.099,450.4423,,slider,1,0,0.00,-0.00,0.00,ACTIVE,NONE,11260,0,P,P,0.00,released,RELEASED
2026-05-18 21:16:50.499,450.8430,,slider,1,0,0.00,-0.00,0.00,ACTIVE,NONE,11270,0,P,P,0.00,released,RELEASED
2026-05-18 21:16:50.900,451.2433,,slider,1,0,0.00,-0.00,0.00,ACTIVE,NONE,11280,0,P,P,0.00,released,RELEASED
2026-05-18 21:16:51.299,451.6425,,slider,1,0,0.00,-0.00,0.00,ACTIVE,NONE,11290,0,P,P,0.00,released,RELEASED
2026-05-18 21:16:51.699,452.0430,,slider,1,0,0.00,-0.00,0.00,ACTIVE,NONE,11300,0,P,P,0.00,released,RELEASED
2026-05-18 21:16:52.099,452.4431,,slider,1,0,0.00,-0.00,0.00,ACTIVE,NONE,11310,0,P,P,0.00,released,RELEASED
2026-05-18 21:16:52.499,452.8431,,slider,1,0,0.00,-0.00,0.00,ACTIVE,NONE,11320,0,P,P,0.00,released,RELEASED
2026-05-18 21:16:52.899,453.2428,,slider,1,0,0.00,-0.00,0.00,ACTIVE,NONE,11330,0,P,P,0.00,released,RELEASED
2026-05-18 21:16:53.299,453.6429,,slider,1,0,0.00,-0.00,0.00,ACTIVE,NONE,11340,0,P,P,0.00,released,RELEASED
2026-05-18 21:16:53.699,454.0429,,slider,1,0,0.00,-0.00,0.00,ACTIVE,NONE,11350,0,P,P,0.00,released,RELEASED
2026-05-18 21:16:54.099,454.4430,,slider,1,0,0.00,-0.00,0.00,ACTIVE,NONE,11360,0,P,P,0.00,released,RELEASED
2026-05-18 21:16:54.499,454.8431,,slider,1,0,0.00,-0.00,0.00,ACTIVE,NONE,11370,0,P,P,0.00,released,RELEASED
2026-05-18 21:16:54.899,455.2427,,slider,1,0,0.00,-0.00,0.00,ACTIVE,NONE,11380,0,P,P,0.00,released,RELEASED
2026-05-18 21:16:55.299,455.6432,,slider,1,0,0.00,-0.00,0.00,ACTIVE,NONE,11390,0,P,P,0.00,released,RELEASED
2026-05-18 21:16:55.699,456.0431,,slider,1,0,0.00,-0.00,0.00,ACTIVE,NONE,11400,0,P,P,0.00,released,RELEASED
2026-05-18 21:16:56.100,456.4434,,slider,1,0,0.00,-0.00,0.00,ACTIVE,NONE,11410,0,P,P,0.00,released,RELEASED
2026-05-18 21:16:56.500,456.8432,,slider,1,0,0.00,-0.00,0.00,ACTIVE,NONE,11420,0,P,P,0.00,released,RELEASED
2026-05-18 21:16:56.900,457.2433,,slider,1,0,0.00,-0.00,0.00,ACTIVE,NONE,11430,0,P,P,0.00,released,RELEASED
2026-05-18 21:16:57.303,457.6464,,slider,1,0,0.00,-0.00,0.00,ACTIVE,NONE,11440,0,P,P,0.00,PRESSED,FAULT
2026-05-18 21:16:57.509,457.8525,shift_requested:D,slider,1,0,0.00,-0.00,0.00,ACTIVE,NONE,11445,0,P,P,0.00,PRESSED,FAULT
2026-05-18 21:16:57.569,457.9125,gear_change:D,slider,1,0,0.00,-0.00,0.00,ACTIVE,NONE,11446,0,D,D,0.00,PRESSED,FAULT
2026-05-18 21:16:57.691,458.0342,,slider,1,0,0.00,-0.00,0.00,ACTIVE,NONE,11450,0,D,D,0.00,PRESSED,FAULT
2026-05-18 21:16:58.003,458.3465,shift_requested:N,slider,1,0,0.00,-0.00,0.00,ACTIVE,NONE,11457,0,D,N,0.00,PRESSED,FAULT
2026-05-18 21:16:58.090,458.4337,,slider,1,0,0.00,-0.00,0.00,ACTIVE,NONE,11460,0,D,N,0.00,PRESSED,FAULT
2026-05-18 21:16:58.135,458.4786,gear_change:N,slider,1,0,0.00,-0.00,0.00,ACTIVE,NONE,11461,0,N,N,0.00,PRESSED,FAULT
2026-05-18 21:16:58.506,458.8493,,slider,1,0,0.00,-0.00,0.00,ACTIVE,NONE,11470,0,N,N,0.00,PRESSED,FAULT
2026-05-18 21:16:58.881,459.2241,shift_requested:N,slider,1,0,0.00,-0.00,0.00,ACTIVE,NONE,11479,0,N,N,0.00,PRESSED,FAULT
2026-05-18 21:16:58.891,459.2344,,slider,1,0,0.00,-0.00,0.00,ACTIVE,NONE,11480,0,N,N,0.00,PRESSED,FAULT
2026-05-18 21:16:59.307,459.6504,,slider,1,0,0.00,-0.00,0.00,ACTIVE,NONE,11490,0,N,N,0.00,PRESSED,FAULT
2026-05-18 21:16:59.707,460.0505,,slider,1,0,0.00,-0.00,0.00,ACTIVE,NONE,11500,0,N,N,0.00,PRESSED,FAULT
2026-05-18 21:17:00.107,460.4504,,slider,1,0,0.00,-0.00,0.00,ACTIVE,NONE,11510,0,N,N,0.00,PRESSED,FAULT
2026-05-18 21:17:00.507,460.8504,,slider,1,0,0.00,-0.00,0.00,ACTIVE,NONE,11520,0,N,N,0.00,PRESSED,FAULT
2026-05-18 21:17:00.907,461.2504,,slider,1,0,0.00,-0.00,0.00,ACTIVE,NONE,11530,0,N,N,0.00,PRESSED,FAULT
2026-05-18 21:17:01.307,461.6505,,slider,1,0,0.00,-0.00,0.00,ACTIVE,NONE,11540,0,N,N,0.00,PRESSED,FAULT
2026-05-18 21:17:01.673,462.0169,shift_requested:N,slider,1,0,0.00,-0.00,0.00,ACTIVE,NONE,11549,0,N,N,0.00,PRESSED,FAULT
2026-05-18 21:17:01.693,462.0365,,slider,1,0,0.00,-0.00,0.00,ACTIVE,NONE,11550,0,N,N,0.00,PRESSED,FAULT
2026-05-18 21:17:02.068,462.4116,gear_change:R,slider,1,0,0.00,-0.00,0.00,ACTIVE,NONE,11559,0,R,R,0.00,PRESSED,FAULT
2026-05-18 21:17:02.107,462.4508,,slider,1,0,0.00,-0.00,0.00,ACTIVE,NONE,11560,0,R,R,0.00,PRESSED,FAULT
2026-05-18 21:17:02.479,462.8227,shift_requested:N,slider,1,0,0.00,-0.00,0.00,ACTIVE,NONE,11569,0,R,N,-0.05,PRESSED,FAULT
2026-05-18 21:17:02.491,462.8347,,slider,1,0,0.00,-0.00,0.00,ACTIVE,NONE,11570,0,R,N,-0.05,PRESSED,FAULT
2026-05-18 21:17:02.647,462.9905,gear_change:N,slider,1,0,0.00,-0.00,0.00,ACTIVE,NONE,11573,0,N,N,-0.05,PRESSED,FAULT
2026-05-18 21:17:02.893,463.2363,,slider,1,0,0.00,-0.00,0.00,ACTIVE,NONE,11580,0,N,N,0.00,PRESSED,FAULT
2026-05-18 21:17:03.293,463.6364,,slider,1,0,0.00,-0.00,0.00,ACTIVE,NONE,11590,0,N,N,0.00,PRESSED,FAULT
2026-05-18 21:17:03.692,464.0359,,slider,1,0,0.00,-0.00,0.00,ACTIVE,NONE,11600,0,N,N,0.00,PRESSED,FAULT
2026-05-18 21:17:04.094,464.4374,,slider,1,0,0.00,-0.00,0.00,ACTIVE,NONE,11610,0,N,N,0.00,PRESSED,FAULT
2026-05-18 21:17:04.492,464.8357,,slider,1,0,0.00,-0.00,0.00,ACTIVE,NONE,11620,0,N,N,0.00,PRESSED,FAULT
2026-05-18 21:17:04.532,464.8759,gear_change:R,slider,1,0,0.00,-0.00,0.00,ACTIVE,NONE,11620,0,R,R,0.00,PRESSED,FAULT
2026-05-18 21:17:04.892,465.2356,,slider,1,0,0.00,-0.00,0.00,ACTIVE,NONE,11630,0,R,R,0.00,PRESSED,FAULT
2026-05-18 21:17:05.294,465.6371,,slider,1,0,0.00,-0.00,0.00,ACTIVE,NONE,11640,0,R,R,0.00,PRESSED,FAULT
2026-05-18 21:17:05.693,466.0364,,slider,1,0,0.00,-0.00,0.00,ACTIVE,NONE,11650,0,R,R,0.00,PRESSED,FAULT
2026-05-18 21:17:06.092,466.4360,,slider,1,0,0.00,-0.00,0.00,ACTIVE,NONE,11660,0,R,R,0.00,PRESSED,FAULT
2026-05-18 21:17:06.310,466.6531,disengage,slider,0,0,0.00,-0.00,0.00,ACTIVE,NONE,11665,0,R,R,0.00,PRESSED,FAULT
2026-05-18 21:17:06.374,466.7173,eac_transition:AVAILABLE,slider,0,0,0.00,-0.00,0.60,AVAILABLE,NONE,11667,0,R,R,0.00,PRESSED,FAULT
2026-05-18 21:17:06.493,466.8366,,slider,0,0,0.00,-0.00,3.90,AVAILABLE,NONE,11670,0,R,R,0.00,PRESSED,FAULT
2026-05-18 21:17:06.893,467.2363,,slider,0,0,0.00,-0.00,6.40,AVAILABLE,NONE,11680,0,R,R,0.00,PRESSED,FAULT
2026-05-18 21:17:07.293,467.6365,,slider,0,0,0.00,-0.00,7.00,AVAILABLE,NONE,11690,0,R,R,0.00,PRESSED,FAULT
2026-05-18 21:17:07.694,468.0375,,slider,0,0,0.00,-0.00,6.00,AVAILABLE,NONE,11700,0,R,R,0.00,PRESSED,FAULT
2026-05-18 21:17:08.093,468.4368,,slider,0,0,0.00,-0.00,4.90,AVAILABLE,NONE,11710,0,R,R,0.00,PRESSED,FAULT
2026-05-18 21:17:08.494,468.8377,,slider,0,0,0.00,-0.00,3.80,AVAILABLE,NONE,11720,0,R,R,0.00,PRESSED,FAULT
2026-05-18 21:17:08.893,469.2365,,slider,0,0,0.00,-0.00,-12.90,AVAILABLE,NONE,11730,0,R,R,0.00,PRESSED,FAULT
2026-05-18 21:17:09.298,469.6413,,slider,0,0,0.00,-0.00,-21.70,AVAILABLE,NONE,11740,0,R,R,-0.35,released,RELEASED
2026-05-18 21:17:09.702,470.0452,,slider,0,0,0.00,-0.00,-27.20,AVAILABLE,NONE,11750,0,R,R,-0.65,PRESSED,FAULT
2026-05-18 21:17:10.104,470.4477,,slider,0,0,0.00,-0.00,-22.60,AVAILABLE,NONE,11760,0,R,R,-0.75,PRESSED,FAULT
2026-05-18 21:17:10.505,470.8481,,slider,0,0,0.00,-0.00,-14.60,AVAILABLE,NONE,11770,0,R,R,-0.60,PRESSED,FAULT
2026-05-18 21:17:10.905,471.2482,,slider,0,0,0.00,-0.00,-4.20,AVAILABLE,NONE,11780,0,R,R,-0.60,released,RELEASED
2026-05-18 21:17:11.305,471.6480,,slider,0,0,0.00,-0.00,-4.20,AVAILABLE,NONE,11790,0,R,R,-0.80,released,RELEASED
2026-05-18 21:17:11.705,472.0480,,slider,0,0,0.00,-0.00,-4.90,AVAILABLE,NONE,11800,0,R,R,-1.20,released,RELEASED
2026-05-18 21:17:12.105,472.4483,,slider,0,0,0.00,-0.00,-7.50,AVAILABLE,NONE,11810,0,R,R,-1.65,released,RELEASED
2026-05-18 21:17:12.504,472.8479,,slider,0,0,0.00,-0.00,-13.40,AVAILABLE,NONE,11820,0,R,R,-1.90,PRESSED,FAULT
2026-05-18 21:17:12.905,473.2483,,slider,0,0,0.00,-0.00,-22.50,AVAILABLE,NONE,11830,0,R,R,-1.80,PRESSED,FAULT
2026-05-18 21:17:13.305,473.6484,,slider,0,0,0.00,-0.00,-24.80,AVAILABLE,NONE,11840,0,R,R,-1.70,released,RELEASED
2026-05-18 21:17:13.707,474.0509,,slider,0,0,0.00,-0.00,-25.60,AVAILABLE,NONE,11850,0,R,R,-1.85,PRESSED,FAULT
2026-05-18 21:17:14.090,474.4339,,slider,0,0,0.00,-0.00,-25.90,AVAILABLE,NONE,11860,0,R,R,-1.90,PRESSED,FAULT
2026-05-18 21:17:14.491,474.8348,,slider,0,0,0.00,-0.00,-28.40,AVAILABLE,NONE,11870,0,R,R,-1.85,PRESSED,FAULT
2026-05-18 21:17:14.890,475.2335,,slider,0,0,0.00,-0.00,-40.60,AVAILABLE,NONE,11880,0,R,R,-1.75,PRESSED,FAULT
2026-05-18 21:17:15.290,475.6332,,slider,0,0,0.00,-0.00,-61.70,AVAILABLE,NONE,11890,0,R,R,-1.45,released,RELEASED
2026-05-18 21:17:15.690,476.0332,,slider,0,0,0.00,-0.00,-91.00,AVAILABLE,NONE,11900,0,R,R,-1.65,released,RELEASED
2026-05-18 21:17:16.090,476.4338,,slider,0,0,0.00,-0.00,-114.60,AVAILABLE,NONE,11910,0,R,R,-1.90,released,RELEASED
2026-05-18 21:17:16.490,476.8336,,slider,0,0,0.00,-0.00,-125.70,AVAILABLE,NONE,11920,0,R,R,-2.15,PRESSED,FAULT
2026-05-18 21:17:16.890,477.2336,,slider,0,0,0.00,-0.00,-160.20,AVAILABLE,NONE,11930,0,R,R,-2.25,PRESSED,FAULT
2026-05-18 21:17:17.290,477.6337,,slider,0,0,0.00,-0.00,-188.50,AVAILABLE,NONE,11940,0,R,R,-2.00,PRESSED,FAULT
2026-05-18 21:17:17.691,478.0342,,slider,0,0,0.00,-0.00,-216.50,AVAILABLE,NONE,11950,0,R,R,-1.85,PRESSED,FAULT
2026-05-18 21:17:18.091,478.4342,,slider,0,0,0.00,-0.00,-244.20,AVAILABLE,NONE,11960,0,R,R,-1.90,released,RELEASED
2026-05-18 21:17:18.490,478.8336,,slider,0,0,0.00,-0.00,-269.80,AVAILABLE,NONE,11970,0,R,R,-2.05,released,RELEASED
2026-05-18 21:17:18.892,479.2352,,slider,0,0,0.00,-0.00,-254.50,AVAILABLE,NONE,11980,0,R,R,-2.30,released,RELEASED
2026-05-18 21:17:19.295,479.6379,,slider,0,0,0.00,-0.00,-250.60,AVAILABLE,NONE,11990,0,R,R,-2.30,PRESSED,FAULT
2026-05-18 21:17:19.697,480.0401,,slider,0,0,0.00,-0.00,-273.60,AVAILABLE,NONE,12000,0,R,R,-2.25,PRESSED,FAULT
2026-05-18 21:17:20.096,480.4391,,slider,0,0,0.00,-0.00,-292.70,AVAILABLE,NONE,12010,0,R,R,-2.25,released,RELEASED
2026-05-18 21:17:20.495,480.8381,,slider,0,0,0.00,-0.00,-294.30,AVAILABLE,NONE,12020,0,R,R,-2.40,released,RELEASED
2026-05-18 21:17:20.894,481.2376,,slider,0,0,0.00,-0.00,-297.70,AVAILABLE,NONE,12030,0,R,R,-2.30,released,RELEASED
2026-05-18 21:17:21.295,481.6384,,slider,0,0,0.00,-0.00,-283.60,AVAILABLE,NONE,12040,0,R,R,-2.25,released,RELEASED
2026-05-18 21:17:21.695,482.0380,,slider,0,0,0.00,-0.00,-277.40,AVAILABLE,NONE,12050,0,R,R,-2.35,released,RELEASED
2026-05-18 21:17:22.096,482.4399,,slider,0,0,0.00,-0.00,-299.30,AVAILABLE,NONE,12060,0,R,R,-2.15,released,RELEASED
2026-05-18 21:17:22.496,482.8395,,slider,0,0,0.00,-0.00,-305.80,AVAILABLE,NONE,12070,0,R,R,-2.35,released,RELEASED
2026-05-18 21:17:22.896,483.2389,,slider,0,0,0.00,-0.00,-302.00,AVAILABLE,NONE,12080,0,R,R,-2.65,released,RELEASED
2026-05-18 21:17:23.297,483.6406,,slider,0,0,0.00,-0.00,-309.60,AVAILABLE,NONE,12090,0,R,R,-2.55,released,RELEASED
2026-05-18 21:17:23.697,484.0404,,slider,0,0,0.00,-0.00,-314.00,AVAILABLE,NONE,12100,0,R,R,-2.50,released,RELEASED
2026-05-18 21:17:24.096,484.4397,,slider,0,0,0.00,-0.00,-295.40,AVAILABLE,NONE,12110,0,R,R,-2.50,released,RELEASED
2026-05-18 21:17:24.497,484.8402,,slider,0,0,0.00,-0.00,-295.40,AVAILABLE,NONE,12120,0,R,R,-2.45,PRESSED,FAULT
2026-05-18 21:17:24.896,485.2392,,slider,0,0,0.00,-0.00,-282.30,AVAILABLE,NONE,12130,0,R,R,-2.10,PRESSED,FAULT
2026-05-18 21:17:25.299,485.6421,,slider,0,0,0.00,-0.00,-277.00,AVAILABLE,NONE,12140,0,R,R,-1.70,PRESSED,FAULT
2026-05-18 21:17:25.699,486.0421,,slider,0,0,0.00,-0.00,-260.10,AVAILABLE,NONE,12150,0,R,R,-1.15,PRESSED,FAULT
2026-05-18 21:17:26.100,486.4431,,slider,0,0,0.00,-0.00,-230.90,AVAILABLE,NONE,12160,0,R,R,-0.65,PRESSED,FAULT
2026-05-18 21:17:26.500,486.8430,,slider,0,0,0.00,-0.00,-208.90,AVAILABLE,NONE,12170,0,R,R,-0.20,PRESSED,FAULT
2026-05-18 21:17:26.860,487.2033,gear_change:D,slider,0,0,0.00,-0.00,-133.00,AVAILABLE,NONE,12179,0,D,D,0.05,PRESSED,FAULT
2026-05-18 21:17:26.900,487.2429,,slider,0,0,0.00,-0.00,-118.50,AVAILABLE,NONE,12180,0,D,D,0.05,PRESSED,FAULT
2026-05-18 21:17:27.300,487.6430,,slider,0,0,0.00,-0.00,52.30,AVAILABLE,NONE,12190,0,D,D,0.05,PRESSED,FAULT
2026-05-18 21:17:27.700,488.0434,,slider,0,0,0.00,-0.00,195.40,AVAILABLE,NONE,12200,0,D,D,0.15,released,RELEASED
2026-05-18 21:17:28.100,488.4431,,slider,0,0,0.00,-0.00,302.50,AVAILABLE,NONE,12210,0,D,D,0.35,released,RELEASED
2026-05-18 21:17:28.300,488.6428,eac_transition:INHIBITED,slider,0,0,0.00,-0.00,355.50,INHIBITED,HANDS_ON,12215,0,D,D,0.50,released,RELEASED
2026-05-18 21:17:28.504,488.8474,,slider,0,0,0.00,-0.00,385.80,INHIBITED,HANDS_ON,12220,0,D,D,0.65,released,RELEASED
2026-05-18 21:17:28.864,489.2078,eac_transition:AVAILABLE,slider,0,0,0.00,-0.00,389.80,AVAILABLE,HANDS_ON,12229,0,D,D,1.00,released,RELEASED
2026-05-18 21:17:28.904,489.2472,,slider,0,0,0.00,-0.00,390.40,AVAILABLE,HANDS_ON,12230,0,D,D,1.05,released,RELEASED
2026-05-18 21:17:29.304,489.6474,,slider,0,0,0.00,-0.00,388.20,AVAILABLE,HANDS_ON,12240,0,D,D,1.55,released,RELEASED
2026-05-18 21:17:29.704,490.0474,,slider,0,0,0.00,-0.00,382.30,AVAILABLE,HANDS_ON,12250,0,D,D,2.10,released,RELEASED
2026-05-18 21:17:30.104,490.4471,,slider,0,0,0.00,-0.00,349.90,AVAILABLE,HANDS_ON,12260,0,D,D,2.70,released,RELEASED
2026-05-18 21:17:30.505,490.8481,,slider,0,0,0.00,-0.00,319.90,AVAILABLE,HANDS_ON,12270,0,D,D,3.25,released,RELEASED
2026-05-18 21:17:30.905,491.2479,,slider,0,0,0.00,-0.00,288.60,AVAILABLE,HANDS_ON,12280,0,D,D,3.80,released,RELEASED
2026-05-18 21:17:31.304,491.6475,,slider,0,0,0.00,-0.00,225.30,AVAILABLE,HANDS_ON,12290,0,D,D,4.35,released,RELEASED
2026-05-18 21:17:31.704,492.0477,,slider,0,0,0.00,-0.00,179.30,AVAILABLE,HANDS_ON,12300,0,D,D,4.80,released,RELEASED
2026-05-18 21:17:32.104,492.4478,,slider,0,0,0.00,-0.00,124.70,AVAILABLE,HANDS_ON,12310,0,D,D,5.00,released,RELEASED
2026-05-18 21:17:32.505,492.8481,,slider,0,0,0.00,-0.00,77.30,AVAILABLE,HANDS_ON,12320,0,D,D,5.15,released,RELEASED
2026-05-18 21:17:32.904,493.2474,,slider,0,0,0.00,-0.00,18.80,AVAILABLE,HANDS_ON,12330,0,D,D,5.30,released,RELEASED
2026-05-18 21:17:33.305,493.6486,,slider,0,0,0.00,-0.00,-19.90,AVAILABLE,HANDS_ON,12340,0,D,D,5.50,released,RELEASED
2026-05-18 21:17:33.705,494.0480,,slider,0,0,0.00,-0.00,-51.30,AVAILABLE,HANDS_ON,12350,0,D,D,5.65,released,RELEASED
2026-05-18 21:17:34.105,494.4483,,slider,0,0,0.00,-0.00,-73.30,AVAILABLE,HANDS_ON,12360,0,D,D,5.70,released,RELEASED
2026-05-18 21:17:34.505,494.8482,,slider,0,0,0.00,-0.00,-74.40,AVAILABLE,HANDS_ON,12370,0,D,D,5.80,released,RELEASED
2026-05-18 21:17:34.905,495.2484,,slider,0,0,0.00,-0.00,-79.00,AVAILABLE,HANDS_ON,12380,0,D,D,5.90,released,RELEASED
2026-05-18 21:17:35.305,495.6481,,slider,0,0,0.00,-0.00,-79.00,AVAILABLE,HANDS_ON,12390,0,D,D,5.90,released,RELEASED
2026-05-18 21:17:35.705,496.0480,,slider,0,0,0.00,-0.00,-74.40,AVAILABLE,HANDS_ON,12400,0,D,D,5.85,released,RELEASED
2026-05-18 21:17:36.105,496.4484,,slider,0,0,0.00,-0.00,-66.20,AVAILABLE,HANDS_ON,12410,0,D,D,5.70,released,RELEASED
2026-05-18 21:17:36.505,496.8486,,slider,0,0,0.00,-0.00,-65.30,AVAILABLE,HANDS_ON,12420,0,D,D,5.35,released,RELEASED
2026-05-18 21:17:36.906,497.2492,,slider,0,0,0.00,-0.00,-66.10,AVAILABLE,HANDS_ON,12430,0,D,D,5.40,released,RELEASED
2026-05-18 21:17:37.305,497.6485,,slider,0,0,0.00,-0.00,-66.70,AVAILABLE,HANDS_ON,12440,0,D,D,5.20,released,RELEASED
2026-05-18 21:17:37.705,498.0484,,slider,0,0,0.00,-0.00,-58.50,AVAILABLE,HANDS_ON,12450,0,D,D,5.10,released,RELEASED
2026-05-18 21:17:38.105,498.4487,,slider,0,0,0.00,-0.00,-60.50,AVAILABLE,HANDS_ON,12460,0,D,D,5.00,released,RELEASED
2026-05-18 21:17:38.505,498.8487,,slider,0,0,0.00,-0.00,-60.00,AVAILABLE,HANDS_ON,12470,0,D,D,4.85,released,RELEASED
2026-05-18 21:17:38.905,499.2485,,slider,0,0,0.00,-0.00,-41.70,AVAILABLE,HANDS_ON,12480,0,D,D,4.70,released,RELEASED
2026-05-18 21:17:39.306,499.6492,,slider,0,0,0.00,-0.00,-13.60,AVAILABLE,HANDS_ON,12490,0,D,D,4.60,released,RELEASED
2026-05-18 21:17:39.694,500.0368,,slider,0,0,0.00,-0.00,-4.50,AVAILABLE,HANDS_ON,12500,0,D,D,4.60,released,RELEASED
2026-05-18 21:17:40.094,500.4370,,slider,0,0,0.00,-0.00,-3.90,AVAILABLE,HANDS_ON,12510,0,D,D,4.55,released,RELEASED
2026-05-18 21:17:40.493,500.8364,,slider,0,0,0.00,-0.00,-2.60,AVAILABLE,HANDS_ON,12520,0,D,D,4.50,released,RELEASED
2026-05-18 21:17:40.893,501.2360,,slider,0,0,0.00,-0.00,-2.50,AVAILABLE,HANDS_ON,12530,0,D,D,4.50,released,RELEASED
2026-05-18 21:17:41.293,501.6365,,slider,0,0,0.00,-0.00,-3.50,AVAILABLE,HANDS_ON,12540,0,D,D,4.45,released,RELEASED
2026-05-18 21:17:41.693,502.0360,,slider,0,0,0.00,-0.00,-8.40,AVAILABLE,HANDS_ON,12550,0,D,D,4.40,released,RELEASED
2026-05-18 21:17:42.093,502.4365,,slider,0,0,0.00,-0.00,0.00,AVAILABLE,HANDS_ON,12560,0,D,D,4.35,released,RELEASED
2026-05-18 21:17:42.499,502.8421,,slider,0,0,0.00,-0.00,1.60,AVAILABLE,HANDS_ON,12570,0,D,D,4.20,PRESSED,FAULT
2026-05-18 21:17:42.903,503.2462,,slider,0,0,0.00,-0.00,7.30,AVAILABLE,HANDS_ON,12580,0,D,D,3.95,PRESSED,FAULT
2026-05-18 21:17:43.309,503.6525,,slider,0,0,0.00,-0.00,16.90,AVAILABLE,HANDS_ON,12590,0,D,D,3.60,released,RELEASED
2026-05-18 21:17:43.709,504.0519,,slider,0,0,0.00,-0.00,12.10,AVAILABLE,HANDS_ON,12600,0,D,D,3.65,released,RELEASED
2026-05-18 21:17:44.095,504.4387,,slider,0,0,0.00,-0.00,6.10,AVAILABLE,HANDS_ON,12610,0,D,D,3.65,released,RELEASED
2026-05-18 21:17:44.495,504.8380,,slider,0,0,0.00,-0.00,5.30,AVAILABLE,HANDS_ON,12620,0,D,D,3.75,released,RELEASED
2026-05-18 21:17:44.895,505.2378,,slider,0,0,0.00,-0.00,7.40,AVAILABLE,HANDS_ON,12630,0,D,D,4.05,released,RELEASED
2026-05-18 21:17:45.298,505.6408,,slider,0,0,0.00,-0.00,11.40,AVAILABLE,HANDS_ON,12640,0,D,D,4.20,released,RELEASED
2026-05-18 21:17:45.699,506.0418,,slider,0,0,0.00,-0.00,15.50,AVAILABLE,HANDS_ON,12650,0,D,D,4.20,released,RELEASED
2026-05-18 21:17:46.098,506.4413,,slider,0,0,0.00,-0.00,21.60,AVAILABLE,HANDS_ON,12660,0,D,D,4.15,released,RELEASED
2026-05-18 21:17:46.498,506.8409,,slider,0,0,0.00,-0.00,17.80,AVAILABLE,HANDS_ON,12670,0,D,D,4.10,released,RELEASED
2026-05-18 21:17:46.898,507.2412,,slider,0,0,0.00,-0.00,13.70,AVAILABLE,HANDS_ON,12680,0,D,D,4.10,released,RELEASED
2026-05-18 21:17:47.298,507.6409,,slider,0,0,0.00,-0.00,18.10,AVAILABLE,HANDS_ON,12690,0,D,D,4.00,PRESSED,FAULT
2026-05-18 21:17:47.700,508.0427,,slider,0,0,0.00,-0.00,22.40,AVAILABLE,HANDS_ON,12700,0,D,D,3.65,PRESSED,FAULT
2026-05-18 21:17:48.100,508.4427,,slider,0,0,0.00,-0.00,22.30,AVAILABLE,HANDS_ON,12710,0,D,D,3.10,PRESSED,FAULT
2026-05-18 21:17:48.500,508.8427,,slider,0,0,0.00,-0.00,18.80,AVAILABLE,HANDS_ON,12720,0,D,D,2.35,PRESSED,FAULT
2026-05-18 21:17:48.900,509.2429,,slider,0,0,0.00,-0.00,16.30,AVAILABLE,HANDS_ON,12730,0,D,D,1.80,PRESSED,FAULT
2026-05-18 21:17:49.300,509.6433,,slider,0,0,0.00,-0.00,10.60,AVAILABLE,HANDS_ON,12740,0,D,D,1.15,PRESSED,FAULT
2026-05-18 21:17:49.701,510.0437,,slider,0,0,0.00,-0.00,2.70,AVAILABLE,HANDS_ON,12750,0,D,D,0.40,PRESSED,FAULT
2026-05-18 21:17:50.100,510.4434,,slider,0,0,0.00,-0.00,2.80,AVAILABLE,HANDS_ON,12760,0,D,P,0.05,PRESSED,FAULT
2026-05-18 21:17:50.324,510.6667,gear_change:P,slider,0,0,0.00,-0.00,3.20,AVAILABLE,HANDS_ON,12765,0,P,P,0.00,PRESSED,FAULT
2026-05-18 21:17:50.500,510.8436,,slider,0,0,0.00,-0.00,3.20,AVAILABLE,HANDS_ON,12770,0,P,P,0.00,PRESSED,FAULT
2026-05-18 21:17:50.901,511.2436,,slider,0,0,0.00,-0.00,3.20,AVAILABLE,HANDS_ON,12780,0,P,P,0.00,PRESSED,FAULT
2026-05-18 21:17:51.252,511.5953,engage,slider,1,0,3.20,3.20,3.20,AVAILABLE,HANDS_ON,12788,0,P,P,0.00,PRESSED,FAULT
2026-05-18 21:17:51.300,511.6434,,slider,1,0,0.00,2.82,3.20,AVAILABLE,HANDS_ON,12790,0,P,P,0.00,PRESSED,FAULT
2026-05-18 21:17:51.340,511.6836,eac_transition:ACTIVE,slider,1,0,0.00,2.20,3.20,ACTIVE,NONE,12791,0,P,P,0.00,PRESSED,FAULT
2026-05-18 21:17:51.705,512.0484,,slider,1,0,0.00,0.14,1.50,ACTIVE,NONE,12800,0,P,P,0.00,PRESSED,FAULT
2026-05-18 21:17:52.105,512.4484,,slider,1,0,0.00,0.01,0.30,ACTIVE,NONE,12810,0,P,P,0.00,PRESSED,FAULT
2026-05-18 21:17:52.505,512.8485,,slider,1,0,0.00,0.00,0.10,ACTIVE,NONE,12820,0,P,P,0.00,PRESSED,FAULT
2026-05-18 21:17:52.905,513.2486,,slider,1,0,0.00,0.00,0.00,ACTIVE,NONE,12830,0,P,P,0.00,PRESSED,FAULT
2026-05-18 21:17:53.305,513.6484,,slider,1,0,0.00,0.00,0.00,ACTIVE,NONE,12840,0,P,P,0.00,PRESSED,FAULT
2026-05-18 21:17:53.706,514.0486,,slider,1,0,0.00,0.00,0.00,ACTIVE,NONE,12850,0,P,P,0.00,PRESSED,FAULT
2026-05-18 21:17:54.105,514.4485,,slider,1,0,0.00,0.00,0.00,ACTIVE,NONE,12860,0,P,P,0.00,PRESSED,FAULT
2026-05-18 21:17:54.505,514.8485,,slider,1,0,0.00,0.00,0.00,ACTIVE,NONE,12870,0,P,P,0.00,PRESSED,FAULT
2026-05-18 21:17:54.906,515.2486,,slider,1,0,0.00,0.00,0.00,ACTIVE,NONE,12880,0,P,P,0.00,PRESSED,FAULT
2026-05-18 21:17:55.306,515.6492,,slider,1,0,0.00,0.00,0.00,ACTIVE,NONE,12890,0,P,P,0.00,PRESSED,FAULT
2026-05-18 21:17:55.705,516.0484,,slider,1,0,0.00,0.00,0.00,ACTIVE,NONE,12900,0,P,P,0.00,PRESSED,FAULT
2026-05-18 21:17:56.106,516.4487,,slider,1,0,0.00,0.00,0.00,ACTIVE,NONE,12910,0,P,P,0.00,PRESSED,FAULT
2026-05-18 21:17:56.505,516.8485,,slider,1,0,0.00,0.00,0.00,ACTIVE,NONE,12920,0,P,P,0.00,PRESSED,FAULT
2026-05-18 21:17:56.906,517.2486,,slider,1,0,0.00,0.00,0.00,ACTIVE,NONE,12930,0,P,P,0.00,PRESSED,FAULT
2026-05-18 21:17:57.306,517.6489,,slider,1,0,0.00,0.00,0.00,ACTIVE,NONE,12940,0,P,P,0.00,PRESSED,FAULT
2026-05-18 21:17:57.706,518.0493,,slider,1,0,0.00,0.00,0.00,ACTIVE,NONE,12950,0,P,P,0.00,PRESSED,FAULT
2026-05-18 21:17:58.106,518.4486,,slider,1,0,0.00,0.00,0.00,ACTIVE,NONE,12960,0,P,P,0.00,PRESSED,FAULT
2026-05-18 21:17:58.506,518.8485,,slider,1,0,0.00,0.00,0.00,ACTIVE,NONE,12970,0,P,P,0.00,PRESSED,FAULT
2026-05-18 21:17:58.906,519.2488,,slider,1,0,0.00,0.00,0.00,ACTIVE,NONE,12980,0,P,P,0.00,PRESSED,FAULT
2026-05-18 21:17:59.306,519.6489,,slider,1,0,0.00,0.00,0.00,ACTIVE,NONE,12990,0,P,P,0.00,PRESSED,FAULT
2026-05-18 21:17:59.706,520.0487,,slider,1,0,0.00,0.00,0.00,ACTIVE,NONE,13000,0,P,P,0.00,PRESSED,FAULT
2026-05-18 21:18:00.106,520.4488,,slider,1,0,0.00,0.00,0.00,ACTIVE,NONE,13010,0,P,P,0.00,PRESSED,FAULT
2026-05-18 21:18:00.506,520.8490,,slider,1,0,0.00,0.00,0.00,ACTIVE,NONE,13020,0,P,P,0.00,PRESSED,FAULT
2026-05-18 21:18:00.906,521.2493,,slider,1,0,0.00,0.00,0.00,ACTIVE,NONE,13030,0,P,P,0.00,PRESSED,FAULT
2026-05-18 21:18:01.306,521.6492,,slider,1,0,0.00,0.00,0.00,ACTIVE,NONE,13040,0,P,P,0.00,PRESSED,FAULT
2026-05-18 21:18:01.706,522.0493,,slider,1,0,0.00,0.00,0.00,ACTIVE,NONE,13050,0,P,P,0.00,PRESSED,FAULT
2026-05-18 21:18:02.106,522.4493,,slider,1,0,0.00,0.00,0.00,ACTIVE,NONE,13060,0,P,P,0.00,PRESSED,FAULT
2026-05-18 21:18:02.506,522.8490,,slider,1,0,0.00,0.00,0.00,ACTIVE,NONE,13070,0,P,P,0.00,PRESSED,FAULT
2026-05-18 21:18:02.906,523.2491,,slider,1,0,0.00,0.00,0.00,ACTIVE,NONE,13080,0,P,P,0.00,PRESSED,FAULT
2026-05-18 21:18:03.307,523.6498,,slider,1,0,0.00,0.00,0.00,ACTIVE,NONE,13090,0,P,P,0.00,PRESSED,FAULT
2026-05-18 21:18:03.707,524.0497,,slider,1,0,0.00,0.00,0.00,ACTIVE,NONE,13100,0,P,P,0.00,PRESSED,FAULT
2026-05-18 21:18:04.106,524.4494,,slider,1,0,0.00,0.00,0.00,ACTIVE,NONE,13110,0,P,P,0.00,PRESSED,FAULT
2026-05-18 21:18:04.507,524.8502,,slider,1,0,0.00,0.00,0.00,ACTIVE,NONE,13120,0,P,P,0.00,PRESSED,FAULT
2026-05-18 21:18:04.907,525.2495,,slider,1,0,0.00,0.00,0.00,ACTIVE,NONE,13130,0,P,P,0.00,PRESSED,FAULT
2026-05-18 21:18:05.307,525.6495,,slider,1,0,0.00,0.00,0.00,ACTIVE,NONE,13140,0,P,P,0.00,PRESSED,FAULT
2026-05-18 21:18:05.707,526.0497,,slider,1,0,0.00,0.00,0.00,ACTIVE,NONE,13150,0,P,P,0.00,PRESSED,FAULT
2026-05-18 21:18:06.107,526.4496,,slider,1,0,0.00,0.00,0.00,ACTIVE,NONE,13160,0,P,P,0.00,PRESSED,FAULT
2026-05-18 21:18:06.507,526.8495,,slider,1,0,0.00,0.00,0.00,ACTIVE,NONE,13170,0,P,P,0.00,PRESSED,FAULT
2026-05-18 21:18:06.907,527.2498,,slider,1,0,0.00,0.00,0.00,ACTIVE,NONE,13180,0,P,P,0.00,PRESSED,FAULT
2026-05-18 21:18:07.307,527.6497,,slider,1,0,0.00,0.00,0.00,ACTIVE,NONE,13190,0,P,P,0.00,PRESSED,FAULT
2026-05-18 21:18:07.707,528.0497,,slider,1,0,0.00,0.00,0.00,ACTIVE,NONE,13200,0,P,P,0.00,PRESSED,FAULT
2026-05-18 21:18:08.107,528.4501,,slider,1,0,0.00,0.00,0.00,ACTIVE,NONE,13210,0,P,P,0.00,PRESSED,FAULT
2026-05-18 21:18:08.507,528.8501,,slider,1,0,0.00,0.00,0.00,ACTIVE,NONE,13220,0,P,P,0.00,PRESSED,FAULT
2026-05-18 21:18:08.907,529.2499,,slider,1,0,0.00,0.00,0.00,ACTIVE,NONE,13230,0,P,P,0.00,PRESSED,FAULT
2026-05-18 21:18:09.307,529.6500,,slider,1,0,0.00,0.00,0.00,ACTIVE,NONE,13240,0,P,P,0.00,PRESSED,FAULT
2026-05-18 21:18:09.707,530.0501,,slider,1,0,0.00,0.00,0.00,ACTIVE,NONE,13250,0,P,P,0.00,PRESSED,FAULT
2026-05-18 21:18:10.107,530.4499,,slider,1,0,0.00,0.00,0.00,ACTIVE,NONE,13260,0,P,P,0.00,PRESSED,FAULT
2026-05-18 21:18:10.507,530.8498,,slider,1,0,0.00,0.00,0.00,ACTIVE,NONE,13270,0,P,P,0.00,PRESSED,FAULT
2026-05-18 21:18:10.907,531.2502,,slider,1,0,0.00,0.00,0.00,ACTIVE,NONE,13280,0,P,P,0.00,PRESSED,FAULT
2026-05-18 21:18:11.308,531.6507,,slider,1,0,0.00,0.00,0.00,ACTIVE,NONE,13290,0,P,P,0.00,PRESSED,FAULT
2026-05-18 21:18:11.708,532.0506,,slider,1,0,0.00,0.00,0.00,ACTIVE,NONE,13300,0,P,P,0.00,PRESSED,FAULT
2026-05-18 21:18:12.107,532.4501,,slider,1,0,0.00,0.00,0.00,ACTIVE,NONE,13310,0,P,P,0.00,PRESSED,FAULT
2026-05-18 21:18:12.507,532.8501,,slider,1,0,0.00,0.00,0.00,ACTIVE,NONE,13320,0,P,P,0.00,PRESSED,FAULT
2026-05-18 21:18:12.907,533.2501,,slider,1,0,0.00,0.00,0.00,ACTIVE,NONE,13330,0,P,P,0.00,PRESSED,FAULT
2026-05-18 21:18:13.307,533.6502,,slider,1,0,0.00,0.00,0.00,ACTIVE,NONE,13340,0,P,P,0.00,PRESSED,FAULT
2026-05-18 21:18:13.708,534.0506,,slider,1,0,0.00,0.00,0.00,ACTIVE,NONE,13350,0,P,P,0.00,PRESSED,FAULT
2026-05-18 21:18:14.108,534.4509,,slider,1,0,0.00,0.00,0.00,ACTIVE,NONE,13360,0,P,P,0.00,PRESSED,FAULT
2026-05-18 21:18:14.508,534.8514,,slider,1,0,0.00,0.00,0.00,ACTIVE,NONE,13370,0,P,P,0.00,PRESSED,FAULT
2026-05-18 21:18:14.908,535.2504,,slider,1,0,0.00,0.00,0.00,ACTIVE,NONE,13380,0,P,P,0.00,PRESSED,FAULT
2026-05-18 21:18:15.308,535.6504,,slider,1,0,0.00,0.00,0.00,ACTIVE,NONE,13390,0,P,P,0.00,PRESSED,FAULT
2026-05-18 21:18:15.708,536.0505,,slider,1,0,0.00,0.00,0.00,ACTIVE,NONE,13400,0,P,P,0.00,PRESSED,FAULT
2026-05-18 21:18:16.108,536.4505,,slider,1,0,0.00,0.00,0.00,ACTIVE,NONE,13410,0,P,P,0.00,PRESSED,FAULT
2026-05-18 21:18:16.508,536.8505,,slider,1,0,0.00,0.00,0.00,ACTIVE,NONE,13420,0,P,P,0.00,PRESSED,FAULT
2026-05-18 21:18:16.908,537.2511,,slider,1,0,0.00,0.00,0.00,ACTIVE,NONE,13430,0,P,P,0.00,PRESSED,FAULT
2026-05-18 21:18:17.308,537.6510,,slider,1,0,0.00,0.00,0.00,ACTIVE,NONE,13440,0,P,P,0.00,PRESSED,FAULT
2026-05-18 21:18:17.708,538.0510,,slider,1,0,0.00,0.00,0.00,ACTIVE,NONE,13450,0,P,P,0.00,PRESSED,FAULT
2026-05-18 21:18:18.108,538.4506,,slider,1,0,0.00,0.00,0.00,ACTIVE,NONE,13460,0,P,P,0.00,PRESSED,FAULT
2026-05-18 21:18:18.508,538.8508,,slider,1,0,0.00,0.00,0.00,ACTIVE,NONE,13470,0,P,P,0.00,PRESSED,FAULT
2026-05-18 21:18:18.908,539.2512,,slider,1,0,0.00,0.00,0.00,ACTIVE,NONE,13480,0,P,P,0.00,PRESSED,FAULT
2026-05-18 21:18:19.310,539.6524,,slider,1,0,0.00,0.00,0.00,ACTIVE,NONE,13490,0,P,P,0.00,PRESSED,FAULT
2026-05-18 21:18:19.709,540.0519,,slider,1,0,0.00,0.00,0.00,ACTIVE,NONE,13500,0,P,P,0.00,PRESSED,FAULT
2026-05-18 21:18:20.109,540.4516,,slider,1,0,0.00,0.00,0.00,ACTIVE,NONE,13510,0,P,P,0.00,PRESSED,FAULT
2026-05-18 21:18:20.510,540.8527,,slider,1,0,0.00,0.00,0.00,ACTIVE,NONE,13520,0,P,P,0.00,PRESSED,FAULT
2026-05-18 21:18:20.909,541.2518,,slider,1,0,0.00,0.00,0.00,ACTIVE,NONE,13530,0,P,P,0.00,PRESSED,FAULT
2026-05-18 21:18:21.309,541.6517,,slider,1,0,0.00,0.00,0.00,ACTIVE,NONE,13540,0,P,P,0.00,PRESSED,FAULT
2026-05-18 21:18:21.710,542.0529,,slider,1,0,0.00,0.00,0.00,ACTIVE,NONE,13550,0,P,P,0.00,PRESSED,FAULT
2026-05-18 21:18:22.109,542.4518,,slider,1,0,0.00,0.00,0.00,ACTIVE,NONE,13560,0,P,P,0.00,PRESSED,FAULT
2026-05-18 21:18:22.509,542.8515,,slider,1,0,0.00,0.00,0.00,ACTIVE,NONE,13570,0,P,P,0.00,PRESSED,FAULT
2026-05-18 21:18:22.909,543.2516,,slider,1,0,0.00,0.00,0.00,ACTIVE,NONE,13580,0,P,P,0.00,PRESSED,FAULT
2026-05-18 21:18:23.309,543.6517,,slider,1,0,0.00,0.00,0.00,ACTIVE,NONE,13590,0,P,P,0.00,PRESSED,FAULT
2026-05-18 21:18:23.709,544.0520,,slider,1,0,0.00,0.00,0.00,ACTIVE,NONE,13600,0,P,P,0.00,PRESSED,FAULT
2026-05-18 21:18:24.109,544.4517,,slider,1,0,0.00,0.00,0.00,ACTIVE,NONE,13610,0,P,P,0.00,PRESSED,FAULT
2026-05-18 21:18:24.509,544.8518,,slider,1,0,0.00,0.00,0.00,ACTIVE,NONE,13620,0,P,P,0.00,PRESSED,FAULT
2026-05-18 21:18:24.911,545.2536,,slider,1,0,0.00,0.00,0.00,ACTIVE,NONE,13630,0,P,P,0.00,PRESSED,FAULT
2026-05-18 21:18:25.310,545.6525,,slider,1,0,0.00,0.00,0.00,ACTIVE,NONE,13640,0,P,P,0.00,PRESSED,FAULT
2026-05-18 21:18:25.709,546.0519,,slider,1,0,0.00,0.00,0.00,ACTIVE,NONE,13650,0,P,P,0.00,PRESSED,FAULT
2026-05-18 21:18:26.109,546.4522,,slider,1,0,0.00,0.00,0.00,ACTIVE,NONE,13660,0,P,P,0.00,PRESSED,FAULT
2026-05-18 21:18:26.510,546.8529,,slider,1,0,0.00,0.00,0.00,ACTIVE,NONE,13670,0,P,P,0.00,PRESSED,FAULT
2026-05-18 21:18:26.910,547.2532,,slider,1,0,0.00,0.00,0.00,ACTIVE,NONE,13680,0,P,P,0.00,PRESSED,FAULT
2026-05-18 21:18:27.310,547.6531,,slider,1,0,0.00,0.00,0.00,ACTIVE,NONE,13690,0,P,P,0.00,PRESSED,FAULT
2026-05-18 21:18:27.709,548.0520,,slider,1,0,0.00,0.00,0.00,ACTIVE,NONE,13700,0,P,P,0.00,PRESSED,FAULT
2026-05-18 21:18:28.094,548.4371,,slider,1,0,0.00,0.00,0.00,ACTIVE,NONE,13710,0,P,P,0.00,PRESSED,FAULT
2026-05-18 21:18:28.510,548.8524,,slider,1,0,0.00,0.00,0.00,ACTIVE,NONE,13720,0,P,P,0.00,PRESSED,FAULT
2026-05-18 21:18:28.910,549.2523,,slider,1,0,0.00,0.00,0.00,ACTIVE,NONE,13730,0,P,P,0.00,PRESSED,FAULT
2026-05-18 21:18:29.310,549.6524,,slider,1,0,0.00,0.00,0.00,ACTIVE,NONE,13740,0,P,P,0.00,PRESSED,FAULT
2026-05-18 21:18:29.710,550.0524,,slider,1,0,0.00,0.00,0.00,ACTIVE,NONE,13750,0,P,P,0.00,PRESSED,FAULT
2026-05-18 21:18:30.111,550.4535,,slider,1,0,0.00,0.00,0.00,ACTIVE,NONE,13760,0,P,P,0.00,PRESSED,FAULT
2026-05-18 21:18:30.510,550.8525,,slider,1,0,0.00,0.00,0.00,ACTIVE,NONE,13770,0,P,P,0.00,PRESSED,FAULT
2026-05-18 21:18:30.910,551.2524,,slider,1,0,0.00,0.00,0.00,ACTIVE,NONE,13780,0,P,P,0.00,PRESSED,FAULT
2026-05-18 21:18:31.310,551.6528,,slider,1,0,0.00,0.00,0.00,ACTIVE,NONE,13790,0,P,P,0.00,PRESSED,FAULT
2026-05-18 21:18:31.710,552.0527,,slider,1,0,0.00,0.00,0.00,ACTIVE,NONE,13800,0,P,P,0.00,PRESSED,FAULT
2026-05-18 21:18:32.110,552.4526,,slider,1,0,0.00,0.00,0.00,ACTIVE,NONE,13810,0,P,P,0.00,PRESSED,FAULT
2026-05-18 21:18:32.510,552.8527,,slider,1,0,0.00,0.00,0.00,ACTIVE,NONE,13820,0,P,P,0.00,PRESSED,FAULT
2026-05-18 21:18:32.910,553.2526,,slider,1,0,0.00,0.00,0.00,ACTIVE,NONE,13830,0,P,P,0.00,PRESSED,FAULT
2026-05-18 21:18:33.310,553.6531,,slider,1,0,0.00,0.00,0.00,ACTIVE,NONE,13840,0,P,P,0.00,PRESSED,FAULT
2026-05-18 21:18:33.710,554.0527,,slider,1,0,0.00,0.00,0.00,ACTIVE,NONE,13850,0,P,P,0.00,PRESSED,FAULT
2026-05-18 21:18:34.110,554.4529,,slider,1,0,0.00,0.00,0.00,ACTIVE,NONE,13860,0,P,P,0.00,PRESSED,FAULT
2026-05-18 21:18:34.510,554.8525,,slider,1,0,0.00,0.00,0.00,ACTIVE,NONE,13870,0,P,P,0.00,PRESSED,FAULT
2026-05-18 21:18:34.910,555.2527,,slider,1,0,0.00,0.00,0.00,ACTIVE,NONE,13880,0,P,P,0.00,PRESSED,FAULT
2026-05-18 21:18:35.311,555.6539,,slider,1,0,0.00,0.00,0.00,ACTIVE,NONE,13890,0,P,P,0.00,PRESSED,FAULT
2026-05-18 21:18:35.710,556.0531,,slider,1,0,0.00,0.00,0.00,ACTIVE,NONE,13900,0,P,P,0.00,PRESSED,FAULT
2026-05-18 21:18:36.111,556.4534,,slider,1,0,0.00,0.00,0.00,ACTIVE,NONE,13910,0,P,P,0.00,PRESSED,FAULT
2026-05-18 21:18:36.511,556.8534,,slider,1,0,0.00,0.00,0.00,ACTIVE,NONE,13920,0,P,P,0.00,PRESSED,FAULT
2026-05-18 21:18:36.910,557.2529,,slider,1,0,0.00,0.00,0.00,ACTIVE,NONE,13930,0,P,P,0.00,PRESSED,FAULT
2026-05-18 21:18:37.312,557.6544,,slider,1,0,0.00,0.00,0.00,ACTIVE,NONE,13940,0,P,P,0.00,PRESSED,FAULT
2026-05-18 21:18:37.694,558.0366,,slider,1,0,0.00,0.00,0.00,ACTIVE,NONE,13950,0,P,P,0.00,PRESSED,FAULT
2026-05-18 21:18:38.112,558.4549,,slider,1,0,0.00,0.00,0.00,ACTIVE,NONE,13960,0,P,P,0.00,PRESSED,FAULT
2026-05-18 21:18:38.511,558.8538,,slider,1,0,0.00,0.00,0.00,ACTIVE,NONE,13970,0,P,P,0.00,PRESSED,FAULT
2026-05-18 21:18:38.910,559.2527,,slider,1,0,0.00,0.00,0.00,ACTIVE,NONE,13980,0,P,P,0.00,PRESSED,FAULT
2026-05-18 21:18:39.312,559.6544,,slider,1,0,0.00,0.00,0.00,ACTIVE,NONE,13990,0,P,P,0.00,PRESSED,FAULT
2026-05-18 21:18:39.694,560.0363,,slider,1,0,0.00,0.00,0.00,ACTIVE,NONE,14000,0,P,P,0.00,PRESSED,FAULT
2026-05-18 21:18:40.093,560.4361,,slider,1,0,0.00,0.00,0.00,ACTIVE,NONE,14010,0,P,P,0.00,PRESSED,FAULT
2026-05-18 21:18:40.511,560.8533,,slider,1,0,0.00,0.00,0.00,ACTIVE,NONE,14020,0,P,P,0.00,PRESSED,FAULT
2026-05-18 21:18:40.894,561.2363,,slider,1,0,0.00,0.00,0.00,ACTIVE,NONE,14030,0,P,P,0.00,PRESSED,FAULT
2026-05-18 21:18:41.311,561.6532,,slider,1,0,0.00,0.00,0.00,ACTIVE,NONE,14040,0,P,P,0.00,PRESSED,FAULT
2026-05-18 21:18:41.711,562.0534,,slider,1,0,0.00,0.00,0.00,ACTIVE,NONE,14050,0,P,P,0.00,PRESSED,FAULT
2026-05-18 21:18:42.111,562.4533,,slider,1,0,0.00,0.00,0.00,ACTIVE,NONE,14060,0,P,P,0.00,PRESSED,FAULT
2026-05-18 21:18:42.494,562.8362,,slider,1,0,0.00,0.00,0.00,ACTIVE,NONE,14070,0,P,P,0.00,PRESSED,FAULT
2026-05-18 21:18:42.896,563.2383,,slider,1,0,0.00,0.00,0.00,ACTIVE,NONE,14080,0,P,P,0.00,released,RELEASED
2026-05-18 21:18:43.311,563.6540,,slider,1,0,0.00,0.00,0.00,ACTIVE,NONE,14090,0,P,P,0.00,released,RELEASED
2026-05-18 21:18:43.693,564.0357,,slider,1,0,0.00,0.00,0.00,ACTIVE,NONE,14100,0,P,P,0.00,released,RELEASED
2026-05-18 21:18:44.094,564.4363,,slider,1,0,0.00,0.00,0.00,ACTIVE,NONE,14110,0,P,P,0.00,released,RELEASED
2026-05-18 21:18:44.494,564.8367,,slider,1,0,0.00,0.00,0.00,ACTIVE,NONE,14120,0,P,P,0.00,released,RELEASED
2026-05-18 21:18:44.894,565.2367,,slider,1,0,0.00,0.00,0.00,ACTIVE,NONE,14130,0,P,P,0.00,released,RELEASED
2026-05-18 21:18:45.294,565.6367,,slider,1,0,0.00,0.00,0.00,ACTIVE,NONE,14140,0,P,P,0.00,released,RELEASED
2026-05-18 21:18:45.694,566.0362,,slider,1,0,0.00,0.00,0.00,ACTIVE,NONE,14150,0,P,P,0.00,released,RELEASED
2026-05-18 21:18:46.093,566.4352,,slider,1,0,0.00,0.00,0.00,ACTIVE,NONE,14160,0,P,P,0.00,released,RELEASED
2026-05-18 21:18:46.493,566.8358,,slider,1,0,0.00,0.00,0.00,ACTIVE,NONE,14170,0,P,P,0.00,released,RELEASED
2026-05-18 21:18:46.895,567.2371,,slider,1,0,0.00,0.00,0.00,ACTIVE,NONE,14180,0,P,P,0.00,released,RELEASED
2026-05-18 21:18:47.294,567.6365,,slider,1,0,0.00,0.00,0.00,ACTIVE,NONE,14190,0,P,P,0.00,released,RELEASED
2026-05-18 21:18:47.692,568.0350,,slider,1,0,0.00,0.00,0.00,ACTIVE,NONE,14200,0,P,P,0.00,released,RELEASED
2026-05-18 21:18:48.093,568.4354,,slider,1,0,0.00,0.00,0.00,ACTIVE,NONE,14210,0,P,P,0.00,released,RELEASED
2026-05-18 21:18:48.494,568.8365,,slider,1,0,0.00,0.00,0.00,ACTIVE,NONE,14220,0,P,P,0.00,released,RELEASED
2026-05-18 21:18:48.895,569.2373,,slider,1,0,0.00,0.00,0.00,ACTIVE,NONE,14230,0,P,P,0.00,released,RELEASED
2026-05-18 21:18:49.293,569.6354,,slider,1,0,0.00,0.00,0.00,ACTIVE,NONE,14240,0,P,P,0.00,released,RELEASED
2026-05-18 21:18:49.693,570.0352,,slider,1,0,0.00,0.00,0.00,ACTIVE,NONE,14250,0,P,P,0.00,released,RELEASED
2026-05-18 21:18:50.095,570.4376,,slider,1,0,0.00,0.00,0.00,ACTIVE,NONE,14260,0,P,P,0.00,released,RELEASED
2026-05-18 21:18:50.493,570.8355,,slider,1,0,0.00,0.00,0.00,ACTIVE,NONE,14270,0,P,P,0.00,released,RELEASED
2026-05-18 21:18:50.894,571.2370,,slider,1,0,0.00,0.00,0.00,ACTIVE,NONE,14280,0,P,P,0.00,released,RELEASED
2026-05-18 21:18:51.293,571.6360,,slider,1,0,0.00,0.00,0.00,ACTIVE,NONE,14290,0,P,P,0.00,released,RELEASED
2026-05-18 21:18:51.693,572.0357,,slider,1,0,0.00,0.00,0.00,ACTIVE,NONE,14300,0,P,P,0.00,released,RELEASED
2026-05-18 21:18:52.093,572.4357,,slider,1,0,0.00,0.00,0.00,ACTIVE,NONE,14310,0,P,P,0.00,released,RELEASED
2026-05-18 21:18:52.493,572.8353,,slider,1,0,0.00,0.00,0.00,ACTIVE,NONE,14320,0,P,P,0.00,released,RELEASED
2026-05-18 21:18:52.893,573.2355,,slider,1,0,0.00,0.00,0.00,ACTIVE,NONE,14330,0,P,P,0.00,released,RELEASED
2026-05-18 21:18:53.294,573.6361,,slider,1,0,0.00,0.00,0.00,ACTIVE,NONE,14340,0,P,P,0.00,released,RELEASED
2026-05-18 21:18:53.693,574.0357,,slider,1,0,0.00,0.00,0.00,ACTIVE,NONE,14350,0,P,P,0.00,released,RELEASED
2026-05-18 21:18:54.094,574.4368,,slider,1,0,0.00,0.00,0.00,ACTIVE,NONE,14360,0,P,P,0.00,released,RELEASED
2026-05-18 21:18:54.493,574.8355,,slider,1,0,0.00,0.00,0.00,ACTIVE,NONE,14370,0,P,P,0.00,released,RELEASED
2026-05-18 21:18:54.894,575.2364,,slider,1,0,0.00,0.00,0.00,ACTIVE,NONE,14380,0,P,P,0.00,released,RELEASED
2026-05-18 21:18:55.293,575.6357,,slider,1,0,0.00,0.00,0.00,ACTIVE,NONE,14390,0,P,P,0.00,released,RELEASED
2026-05-18 21:18:55.693,576.0359,,slider,1,0,0.00,0.00,0.00,ACTIVE,NONE,14400,0,P,P,0.00,released,RELEASED
2026-05-18 21:18:56.093,576.4356,,slider,1,0,0.00,0.00,0.00,ACTIVE,NONE,14410,0,P,P,0.00,released,RELEASED
2026-05-18 21:18:56.493,576.8354,,slider,1,0,0.00,0.00,0.00,ACTIVE,NONE,14420,0,P,P,0.00,released,RELEASED
2026-05-18 21:18:56.895,577.2370,,slider,1,0,0.00,0.00,0.00,ACTIVE,NONE,14430,0,P,P,0.00,released,RELEASED
2026-05-18 21:18:57.293,577.6359,,slider,1,0,0.00,0.00,0.00,ACTIVE,NONE,14440,0,P,P,0.00,released,RELEASED
2026-05-18 21:18:57.696,578.0380,,slider,1,0,0.00,0.00,0.00,ACTIVE,NONE,14450,0,P,P,0.00,released,RELEASED
2026-05-18 21:18:58.096,578.4384,,slider,1,0,0.00,0.00,0.00,ACTIVE,NONE,14460,0,P,P,0.00,released,RELEASED
2026-05-18 21:18:58.494,578.8369,,slider,1,0,0.00,0.00,0.00,ACTIVE,NONE,14470,0,P,P,0.00,released,RELEASED
2026-05-18 21:18:58.894,579.2367,,slider,1,0,0.00,0.00,0.00,ACTIVE,NONE,14480,0,P,P,0.00,released,RELEASED
2026-05-18 21:18:59.294,579.6364,,slider,1,0,0.00,0.00,0.00,ACTIVE,NONE,14490,0,P,P,0.00,released,RELEASED
2026-05-18 21:18:59.694,580.0364,,slider,1,0,0.00,0.00,0.00,ACTIVE,NONE,14500,0,P,P,0.00,released,RELEASED
2026-05-18 21:19:00.094,580.4362,,slider,1,0,0.00,0.00,0.00,ACTIVE,NONE,14510,0,P,P,0.00,released,RELEASED
2026-05-18 21:19:00.494,580.8362,,slider,1,0,0.00,0.00,0.00,ACTIVE,NONE,14520,0,P,P,0.00,released,RELEASED
2026-05-18 21:19:00.894,581.2362,,slider,1,0,0.00,0.00,0.00,ACTIVE,NONE,14530,0,P,P,0.00,released,RELEASED
2026-05-18 21:19:01.295,581.6370,,slider,1,0,0.00,0.00,0.00,ACTIVE,NONE,14540,0,P,P,0.00,released,RELEASED
2026-05-18 21:19:01.694,582.0363,,slider,1,0,0.00,0.00,0.00,ACTIVE,NONE,14550,0,P,P,0.00,released,RELEASED
2026-05-18 21:19:02.094,582.4366,,slider,1,0,0.00,0.00,0.00,ACTIVE,NONE,14560,0,P,P,0.00,released,RELEASED
2026-05-18 21:19:02.494,582.8361,,slider,1,0,0.00,0.00,0.00,ACTIVE,NONE,14570,0,P,P,0.00,released,RELEASED
2026-05-18 21:19:02.894,583.2360,,slider,1,0,0.00,0.00,0.00,ACTIVE,NONE,14580,0,P,P,0.00,released,RELEASED
2026-05-18 21:19:03.294,583.6363,,slider,1,0,0.00,0.00,0.00,ACTIVE,OUT_OF_RANGE,14590,0,P,P,0.00,released,RELEASED
2026-05-18 21:19:03.535,583.8778,eac_transition:INHIBITED,slider,1,0,0.00,0.00,0.30,INHIBITED,OUT_OF_RANGE,14596,0,P,P,0.00,released,RELEASED
2026-05-18 21:19:03.701,584.0435,,slider,1,0,0.00,0.00,0.70,INHIBITED,OUT_OF_RANGE,14600,0,P,P,0.00,released,RELEASED
2026-05-18 21:19:04.085,584.4279,,slider,1,0,0.00,0.00,0.70,INHIBITED,OUT_OF_RANGE,14610,0,P,P,0.00,released,RELEASED
2026-05-18 21:19:04.485,584.8273,,slider,1,0,0.00,0.00,0.70,INHIBITED,OUT_OF_RANGE,14620,0,P,P,0.00,released,RELEASED
2026-05-18 21:19:04.885,585.2275,,slider,1,0,0.00,0.00,0.70,INHIBITED,OUT_OF_RANGE,14630,0,P,P,0.00,released,RELEASED
2026-05-18 21:19:05.285,585.6275,,slider,1,0,0.00,0.00,0.70,INHIBITED,OUT_OF_RANGE,14640,0,P,P,0.00,released,RELEASED
2026-05-18 21:19:05.807,586.1490,estop:no 0x370 for 520 ms,slider,0,1,0.00,0.00,0.70,INHIBITED,OUT_OF_RANGE,14640,0,P,P,0.00,released,RELEASED
2026-05-18 21:20:43.121,683.4625,gear_change:SNA,slider,0,1,0.00,0.00,819.10,INHIBITED,NONE,14649,0,SNA,SNA,0.00,PRESSED,FAULT
2026-05-18 21:20:43.142,683.4838,,slider,0,1,0.00,0.00,819.10,INHIBITED,NONE,14650,0,SNA,SNA,0.00,PRESSED,FAULT
2026-05-18 21:20:43.150,683.4913,gear_change:P,slider,0,1,0.00,0.00,819.10,INHIBITED,NONE,14650,0,P,N,0.00,PRESSED,FAULT
2026-05-18 21:20:43.546,683.8875,,slider,0,1,0.00,0.00,1.10,INHIBITED,OUT_OF_RANGE,14660,0,P,P,0.00,PRESSED,FAULT
2026-05-18 21:20:43.944,684.2851,,slider,0,1,0.00,0.00,1.10,INHIBITED,OUT_OF_RANGE,14670,0,P,P,0.00,PRESSED,FAULT
2026-05-18 21:20:44.345,684.6863,,slider,0,1,0.00,0.00,1.10,INHIBITED,OUT_OF_RANGE,14680,0,P,P,0.00,PRESSED,FAULT
2026-05-18 21:20:44.747,685.0884,,slider,0,1,0.00,0.00,1.10,INHIBITED,OUT_OF_RANGE,14690,0,P,P,0.00,PRESSED,FAULT
2026-05-18 21:20:45.144,685.4851,,slider,0,1,0.00,0.00,1.10,INHIBITED,OUT_OF_RANGE,14700,0,P,P,0.00,PRESSED,FAULT
2026-05-18 21:20:45.544,685.8859,,slider,0,1,0.00,0.00,1.10,INHIBITED,OUT_OF_RANGE,14710,0,P,P,0.00,PRESSED,FAULT
2026-05-18 21:20:45.946,686.2878,,slider,0,1,0.00,0.00,1.10,INHIBITED,OUT_OF_RANGE,14720,0,P,P,0.00,PRESSED,FAULT
2026-05-18 21:20:46.343,686.6847,,slider,0,1,0.00,0.00,1.10,INHIBITED,OUT_OF_RANGE,14730,0,P,P,0.00,PRESSED,FAULT
2026-05-18 21:20:46.746,687.0872,,slider,0,1,0.00,0.00,1.10,INHIBITED,OUT_OF_RANGE,14740,0,P,P,0.00,PRESSED,FAULT
2026-05-18 21:20:47.147,687.4881,,slider,0,1,0.00,0.00,1.20,INHIBITED,OUT_OF_RANGE,14750,0,P,P,0.00,PRESSED,FAULT
2026-05-18 21:20:47.543,687.8846,,slider,0,1,0.00,0.00,1.10,INHIBITED,OUT_OF_RANGE,14760,0,P,P,0.00,PRESSED,FAULT
2026-05-18 21:20:47.946,688.2875,,slider,0,1,0.00,0.00,1.20,INHIBITED,OUT_OF_RANGE,14770,0,P,P,0.00,PRESSED,FAULT
2026-05-18 21:20:48.344,688.6856,,slider,0,1,0.00,0.00,1.20,INHIBITED,OUT_OF_RANGE,14780,0,P,P,0.00,PRESSED,FAULT
2026-05-18 21:20:48.746,689.0878,,slider,0,1,0.00,0.00,1.20,INHIBITED,OUT_OF_RANGE,14790,0,P,P,0.00,PRESSED,FAULT
2026-05-18 21:20:49.143,689.4846,,slider,0,1,0.00,0.00,1.20,INHIBITED,OUT_OF_RANGE,14800,0,P,P,0.00,PRESSED,FAULT
2026-05-18 21:20:49.543,689.8844,,slider,0,1,0.00,0.00,1.20,INHIBITED,OUT_OF_RANGE,14810,0,P,P,0.00,PRESSED,FAULT
2026-05-18 21:20:49.943,690.2847,,slider,0,1,0.00,0.00,1.20,INHIBITED,OUT_OF_RANGE,14820,0,P,P,0.00,PRESSED,FAULT
2026-05-18 21:20:50.347,690.6883,,slider,0,1,0.00,0.00,1.20,INHIBITED,OUT_OF_RANGE,14830,0,P,P,0.00,PRESSED,FAULT
2026-05-18 21:20:50.743,691.0840,,slider,0,1,0.00,0.00,1.20,INHIBITED,OUT_OF_RANGE,14840,0,P,P,0.00,PRESSED,FAULT
2026-05-18 21:20:51.146,691.4871,,slider,0,1,0.00,0.00,1.10,INHIBITED,OUT_OF_RANGE,14850,0,P,P,0.00,PRESSED,FAULT
2026-05-18 21:20:51.544,691.8852,,slider,0,1,0.00,0.00,1.20,INHIBITED,OUT_OF_RANGE,14860,0,P,P,0.00,PRESSED,FAULT
2026-05-18 21:20:51.947,692.2885,,slider,0,1,0.00,0.00,1.20,INHIBITED,OUT_OF_RANGE,14870,0,P,P,0.00,PRESSED,FAULT
2026-05-18 21:20:52.345,692.6864,,slider,0,1,0.00,0.00,1.20,INHIBITED,OUT_OF_RANGE,14880,0,P,P,0.00,PRESSED,FAULT
2026-05-18 21:20:52.747,693.0887,,slider,0,1,0.00,0.00,1.20,INHIBITED,OUT_OF_RANGE,14890,0,P,P,0.00,PRESSED,FAULT
2026-05-18 21:20:53.144,693.4852,,slider,0,1,0.00,0.00,1.10,INHIBITED,OUT_OF_RANGE,14900,0,P,P,0.00,PRESSED,FAULT
2026-05-18 21:20:53.546,693.8872,,slider,0,1,0.00,0.00,1.20,INHIBITED,OUT_OF_RANGE,14910,0,P,P,0.00,PRESSED,FAULT
2026-05-18 21:20:53.944,694.2848,,slider,0,1,0.00,0.00,1.20,INHIBITED,OUT_OF_RANGE,14920,0,P,P,0.00,PRESSED,FAULT
2026-05-18 21:20:54.347,694.6881,,slider,0,1,0.00,0.00,1.20,INHIBITED,OUT_OF_RANGE,14930,0,P,P,0.00,PRESSED,FAULT
2026-05-18 21:20:54.744,695.0851,,slider,0,1,0.00,0.00,1.20,INHIBITED,OUT_OF_RANGE,14940,0,P,P,0.00,PRESSED,FAULT
2026-05-18 21:20:55.143,695.4844,,slider,0,1,0.00,0.00,1.20,INHIBITED,OUT_OF_RANGE,14950,0,P,P,0.00,PRESSED,FAULT
2026-05-18 21:20:55.543,695.8840,,slider,0,1,0.00,0.00,1.20,INHIBITED,OUT_OF_RANGE,14960,0,P,P,0.00,PRESSED,FAULT
2026-05-18 21:20:55.943,696.2840,,slider,0,1,0.00,0.00,1.20,INHIBITED,OUT_OF_RANGE,14970,0,P,P,0.00,PRESSED,FAULT
2026-05-18 21:20:56.345,696.6865,,slider,0,1,0.00,0.00,1.20,INHIBITED,OUT_OF_RANGE,14980,0,P,P,0.00,PRESSED,FAULT
2026-05-18 21:20:56.744,697.0852,,slider,0,1,0.00,0.00,1.20,INHIBITED,OUT_OF_RANGE,14990,0,P,P,0.00,PRESSED,FAULT
2026-05-18 21:20:57.148,697.4890,,slider,0,1,0.00,0.00,1.20,INHIBITED,OUT_OF_RANGE,15000,0,P,P,0.00,PRESSED,FAULT
2026-05-18 21:20:57.543,697.8842,,slider,0,1,0.00,0.00,1.20,INHIBITED,OUT_OF_RANGE,15010,0,P,P,0.00,PRESSED,FAULT
2026-05-18 21:20:57.945,698.2868,,slider,0,1,0.00,0.00,1.20,INHIBITED,OUT_OF_RANGE,15020,0,P,P,0.00,PRESSED,FAULT
2026-05-18 21:20:58.347,698.6885,,slider,0,1,0.00,0.00,1.20,INHIBITED,OUT_OF_RANGE,15030,0,P,P,0.00,PRESSED,FAULT
2026-05-18 21:20:58.745,699.0865,,slider,0,1,0.00,0.00,1.20,INHIBITED,OUT_OF_RANGE,15040,0,P,P,0.00,PRESSED,FAULT
2026-05-18 21:20:59.144,699.4854,,slider,0,1,0.00,0.00,1.20,INHIBITED,OUT_OF_RANGE,15050,0,P,P,0.00,PRESSED,FAULT
2026-05-18 21:20:59.545,699.8868,,slider,0,1,0.00,0.00,1.20,INHIBITED,OUT_OF_RANGE,15060,0,P,P,0.00,PRESSED,FAULT
2026-05-18 21:20:59.943,700.2843,,slider,0,1,0.00,0.00,1.20,INHIBITED,OUT_OF_RANGE,15070,0,P,P,0.00,PRESSED,FAULT
