[2026-05-20 20:27:46.019] session start (20260520_202746)
[2026-05-20 20:27:46.357] CAN open: SYS TEC dev=0 ch=0 500 kbps
[2026-05-20 20:27:46.357] keepalive plan: GTW=False EPB=True 30MPH=False
[2026-05-20 20:27:46.360] err -> OUT_OF_RANGE
[2026-05-20 20:27:46.398] EAC: INHIBITED -> AVAILABLE (err=OUT_OF_RANGE)
[2026-05-20 20:27:47.523] EAC: AVAILABLE -> ACTIVE (err=NONE)
[2026-05-20 20:28:08.285] rc: RND switch -> D, queuing shift
[2026-05-20 20:29:02.146] brake: PRESSED
[2026-05-20 20:29:09.040] rc: RND switch -> N, queuing shift
[2026-05-20 20:29:09.059] shift requested: N
[2026-05-20 20:29:09.067] SHIFT: requesting N via 0x6D burst (30 active + 10 idle frames at 200 Hz)
[2026-05-20 20:29:09.098] gear: P -> N
[2026-05-20 20:29:09.099] AUTO-DISENGAGE: gear left Park (now N)
[2026-05-20 20:29:09.099] Husby was here, and we are ready to go
[2026-05-20 20:29:09.103] AUTO-DISENGAGE: gear left Park (now N)
[2026-05-20 20:29:09.103] Husby was here, and we are ready to go
[2026-05-20 20:29:09.107] AUTO-DISENGAGE: gear left Park (now N)
[2026-05-20 20:29:09.107] Husby was here, and we are ready to go
[2026-05-20 20:29:09.108] AUTO-DISENGAGE: gear left Park (now N)
[2026-05-20 20:29:09.108] Husby was here, and we are ready to go
[2026-05-20 20:29:09.114] AUTO-DISENGAGE: gear left Park (now N)
[2026-05-20 20:29:09.114] Husby was here, and we are ready to go
[2026-05-20 20:29:09.118] AUTO-DISENGAGE: gear left Park (now N)
[2026-05-20 20:29:09.118] Husby was here, and we are ready to go
[2026-05-20 20:29:09.123] AUTO-DISENGAGE: gear left Park (now N)
[2026-05-20 20:29:09.123] Husby was here, and we are ready to go
[2026-05-20 20:29:09.127] AUTO-DISENGAGE: gear left Park (now N)
[2026-05-20 20:29:09.127] Husby was here, and we are ready to go
[2026-05-20 20:29:09.128] AUTO-DISENGAGE: gear left Park (now N)
[2026-05-20 20:29:09.128] Husby was here, and we are ready to go
[2026-05-20 20:29:09.133] AUTO-DISENGAGE: gear left Park (now N)
[2026-05-20 20:29:09.133] Husby was here, and we are ready to go
[2026-05-20 20:29:09.138] AUTO-DISENGAGE: gear left Park (now N)
[2026-05-20 20:29:09.138] Husby was here, and we are ready to go
[2026-05-20 20:29:09.143] AUTO-DISENGAGE: gear left Park (now N)
[2026-05-20 20:29:09.143] Husby was here, and we are ready to go
[2026-05-20 20:29:09.147] AUTO-DISENGAGE: gear left Park (now N)
[2026-05-20 20:29:09.147] Husby was here, and we are ready to go
[2026-05-20 20:29:09.148] AUTO-DISENGAGE: gear left Park (now N)
[2026-05-20 20:29:09.148] Husby was here, and we are ready to go
[2026-05-20 20:29:09.153] AUTO-DISENGAGE: gear left Park (now N)
[2026-05-20 20:29:09.153] Husby was here, and we are ready to go
[2026-05-20 20:29:09.158] AUTO-DISENGAGE: gear left Park (now N)
[2026-05-20 20:29:09.158] Husby was here, and we are ready to go
[2026-05-20 20:29:09.163] AUTO-DISENGAGE: gear left Park (now N)
[2026-05-20 20:29:09.163] Husby was here, and we are ready to go
[2026-05-20 20:29:09.167] AUTO-DISENGAGE: gear left Park (now N)
[2026-05-20 20:29:09.167] Husby was here, and we are ready to go
[2026-05-20 20:29:09.168] AUTO-DISENGAGE: gear left Park (now N)
[2026-05-20 20:29:09.168] Husby was here, and we are ready to go
[2026-05-20 20:29:09.174] AUTO-DISENGAGE: gear left Park (now N)
[2026-05-20 20:29:09.174] Husby was here, and we are ready to go
[2026-05-20 20:29:09.178] AUTO-DISENGAGE: gear left Park (now N)
[2026-05-20 20:29:09.178] Husby was here, and we are ready to go
[2026-05-20 20:29:09.183] AUTO-DISENGAGE: gear left Park (now N)
[2026-05-20 20:29:09.184] Husby was here, and we are ready to go
[2026-05-20 20:29:09.187] AUTO-DISENGAGE: gear left Park (now N)
[2026-05-20 20:29:09.187] Husby was here, and we are ready to go
[2026-05-20 20:29:09.188] AUTO-DISENGAGE: gear left Park (now N)
[2026-05-20 20:29:09.188] Husby was here, and we are ready to go
[2026-05-20 20:29:09.190] AUTO-DISENGAGE: gear left Park (now N)
[2026-05-20 20:29:09.190] Husby was here, and we are ready to go
[2026-05-20 20:29:09.193] AUTO-DISENGAGE: gear left Park (now N)
[2026-05-20 20:29:09.193] Husby was here, and we are ready to go
[2026-05-20 20:29:09.198] AUTO-DISENGAGE: gear left Park (now N)
[2026-05-20 20:29:09.198] Husby was here, and we are ready to go
[2026-05-20 20:29:09.203] AUTO-DISENGAGE: gear left Park (now N)
[2026-05-20 20:29:09.203] Husby was here, and we are ready to go
[2026-05-20 20:29:09.207] AUTO-DISENGAGE: gear left Park (now N)
[2026-05-20 20:29:09.207] Husby was here, and we are ready to go
[2026-05-20 20:29:09.208] AUTO-DISENGAGE: gear left Park (now N)
[2026-05-20 20:29:09.208] Husby was here, and we are ready to go
[2026-05-20 20:29:09.213] AUTO-DISENGAGE: gear left Park (now N)
[2026-05-20 20:29:09.213] Husby was here, and we are ready to go
[2026-05-20 20:29:09.218] AUTO-DISENGAGE: gear left Park (now N)
[2026-05-20 20:29:09.218] Husby was here, and we are ready to go
[2026-05-20 20:29:09.223] AUTO-DISENGAGE: gear left Park (now N)
[2026-05-20 20:29:09.223] Husby was here, and we are ready to go
[2026-05-20 20:29:09.226] AUTO-DISENGAGE: gear left Park (now N)
[2026-05-20 20:29:09.226] Husby was here, and we are ready to go
[2026-05-20 20:29:09.228] AUTO-DISENGAGE: gear left Park (now N)
[2026-05-20 20:29:09.228] Husby was here, and we are ready to go
[2026-05-20 20:29:09.233] AUTO-DISENGAGE: gear left Park (now N)
[2026-05-20 20:29:09.233] Husby was here, and we are ready to go
[2026-05-20 20:29:09.238] AUTO-DISENGAGE: gear left Park (now N)
[2026-05-20 20:29:09.238] Husby was here, and we are ready to go
[2026-05-20 20:29:09.243] AUTO-DISENGAGE: gear left Park (now N)
[2026-05-20 20:29:09.243] Husby was here, and we are ready to go
[2026-05-20 20:29:09.246] AUTO-DISENGAGE: gear left Park (now N)
[2026-05-20 20:29:09.246] Husby was here, and we are ready to go
[2026-05-20 20:29:09.248] AUTO-DISENGAGE: gear left Park (now N)
[2026-05-20 20:29:09.248] Husby was here, and we are ready to go
[2026-05-20 20:29:09.253] AUTO-DISENGAGE: gear left Park (now N)
[2026-05-20 20:29:09.253] Husby was here, and we are ready to go
[2026-05-20 20:29:09.258] AUTO-DISENGAGE: gear left Park (now N)
[2026-05-20 20:29:09.258] Husby was here, and we are ready to go
[2026-05-20 20:29:09.263] AUTO-DISENGAGE: gear left Park (now N)
[2026-05-20 20:29:09.263] Husby was here, and we are ready to go
[2026-05-20 20:29:09.266] AUTO-DISENGAGE: gear left Park (now N)
[2026-05-20 20:29:09.266] Husby was here, and we are ready to go
[2026-05-20 20:29:09.287] AUTO-DISENGAGE: gear left Park (now N)
[2026-05-20 20:29:09.287] Husby was here, and we are ready to go
[2026-05-20 20:29:09.289] AUTO-DISENGAGE: gear left Park (now N)
[2026-05-20 20:29:09.290] Husby was here, and we are ready to go
[2026-05-20 20:29:09.307] AUTO-DISENGAGE: gear left Park (now N)
[2026-05-20 20:29:09.307] Husby was here, and we are ready to go
[2026-05-20 20:29:09.327] AUTO-DISENGAGE: gear left Park (now N)
[2026-05-20 20:29:09.327] Husby was here, and we are ready to go
[2026-05-20 20:29:09.347] AUTO-DISENGAGE: gear left Park (now N)
[2026-05-20 20:29:09.347] Husby was here, and we are ready to go
[2026-05-20 20:29:09.367] AUTO-DISENGAGE: gear left Park (now N)
[2026-05-20 20:29:09.367] Husby was here, and we are ready to go
[2026-05-20 20:29:09.388] AUTO-DISENGAGE: gear left Park (now N)
[2026-05-20 20:29:09.388] Husby was here, and we are ready to go
[2026-05-20 20:29:09.390] AUTO-DISENGAGE: gear left Park (now N)
[2026-05-20 20:29:09.390] Husby was here, and we are ready to go
[2026-05-20 20:29:09.407] AUTO-DISENGAGE: gear left Park (now N)
[2026-05-20 20:29:09.407] Husby was here, and we are ready to go
[2026-05-20 20:29:09.428] AUTO-DISENGAGE: gear left Park (now N)
[2026-05-20 20:29:09.428] Husby was here, and we are ready to go
[2026-05-20 20:29:09.447] AUTO-DISENGAGE: gear left Park (now N)
[2026-05-20 20:29:09.447] Husby was here, and we are ready to go
[2026-05-20 20:29:09.467] AUTO-DISENGAGE: gear left Park (now N)
[2026-05-20 20:29:09.467] Husby was here, and we are ready to go
[2026-05-20 20:29:09.467] SHIFT post-burst gear: N (requested N)
[2026-05-20 20:29:09.488] AUTO-DISENGAGE: gear left Park (now N)
[2026-05-20 20:29:09.488] Husby was here, and we are ready to go
[2026-05-20 20:29:09.490] AUTO-DISENGAGE: gear left Park (now N)
[2026-05-20 20:29:09.490] Husby was here, and we are ready to go
[2026-05-20 20:29:09.507] AUTO-DISENGAGE: gear left Park (now N)
[2026-05-20 20:29:09.507] Husby was here, and we are ready to go
[2026-05-20 20:29:09.527] AUTO-DISENGAGE: gear left Park (now N)
[2026-05-20 20:29:09.527] Husby was here, and we are ready to go
[2026-05-20 20:29:09.547] AUTO-DISENGAGE: gear left Park (now N)
[2026-05-20 20:29:09.547] Husby was here, and we are ready to go
[2026-05-20 20:29:09.567] AUTO-DISENGAGE: gear left Park (now N)
[2026-05-20 20:29:09.567] Husby was here, and we are ready to go
[2026-05-20 20:29:09.587] AUTO-DISENGAGE: gear left Park (now N)
[2026-05-20 20:29:09.587] Husby was here, and we are ready to go
[2026-05-20 20:29:09.589] AUTO-DISENGAGE: gear left Park (now N)
[2026-05-20 20:29:09.590] Husby was here, and we are ready to go
[2026-05-20 20:29:09.607] AUTO-DISENGAGE: gear left Park (now N)
[2026-05-20 20:29:09.607] Husby was here, and we are ready to go
[2026-05-20 20:29:09.627] AUTO-DISENGAGE: gear left Park (now N)
[2026-05-20 20:29:09.628] Husby was here, and we are ready to go
[2026-05-20 20:29:09.647] AUTO-DISENGAGE: gear left Park (now N)
[2026-05-20 20:29:09.647] Husby was here, and we are ready to go
[2026-05-20 20:29:09.667] AUTO-DISENGAGE: gear left Park (now N)
[2026-05-20 20:29:09.667] Husby was here, and we are ready to go
[2026-05-20 20:29:09.687] AUTO-DISENGAGE: gear left Park (now N)
[2026-05-20 20:29:09.687] Husby was here, and we are ready to go
[2026-05-20 20:29:09.689] AUTO-DISENGAGE: gear left Park (now N)
[2026-05-20 20:29:09.690] Husby was here, and we are ready to go
[2026-05-20 20:29:09.707] AUTO-DISENGAGE: gear left Park (now N)
[2026-05-20 20:29:09.708] Husby was here, and we are ready to go
[2026-05-20 20:29:09.728] AUTO-DISENGAGE: gear left Park (now N)
[2026-05-20 20:29:09.728] Husby was here, and we are ready to go
[2026-05-20 20:29:09.747] AUTO-DISENGAGE: gear left Park (now N)
[2026-05-20 20:29:09.747] Husby was here, and we are ready to go
[2026-05-20 20:29:09.767] AUTO-DISENGAGE: gear left Park (now N)
[2026-05-20 20:29:09.767] Husby was here, and we are ready to go
[2026-05-20 20:29:09.788] AUTO-DISENGAGE: gear left Park (now N)
[2026-05-20 20:29:09.788] Husby was here, and we are ready to go
[2026-05-20 20:29:09.789] AUTO-DISENGAGE: gear left Park (now N)
[2026-05-20 20:29:09.790] Husby was here, and we are ready to go
[2026-05-20 20:29:09.808] AUTO-DISENGAGE: gear left Park (now N)
[2026-05-20 20:29:09.808] Husby was here, and we are ready to go
[2026-05-20 20:29:09.827] AUTO-DISENGAGE: gear left Park (now N)
[2026-05-20 20:29:09.828] Husby was here, and we are ready to go
[2026-05-20 20:29:09.847] AUTO-DISENGAGE: gear left Park (now N)
[2026-05-20 20:29:09.847] Husby was here, and we are ready to go
[2026-05-20 20:29:09.867] AUTO-DISENGAGE: gear left Park (now N)
[2026-05-20 20:29:09.867] Husby was here, and we are ready to go
[2026-05-20 20:29:09.888] AUTO-DISENGAGE: gear left Park (now N)
[2026-05-20 20:29:09.888] Husby was here, and we are ready to go
[2026-05-20 20:29:09.890] AUTO-DISENGAGE: gear left Park (now N)
[2026-05-20 20:29:09.890] Husby was here, and we are ready to go
[2026-05-20 20:29:09.907] AUTO-DISENGAGE: gear left Park (now N)
[2026-05-20 20:29:09.908] Husby was here, and we are ready to go
[2026-05-20 20:29:09.928] AUTO-DISENGAGE: gear left Park (now N)
[2026-05-20 20:29:09.928] Husby was here, and we are ready to go
[2026-05-20 20:29:09.947] AUTO-DISENGAGE: gear left Park (now N)
[2026-05-20 20:29:09.947] Husby was here, and we are ready to go
[2026-05-20 20:29:09.967] AUTO-DISENGAGE: gear left Park (now N)
[2026-05-20 20:29:09.967] Husby was here, and we are ready to go
[2026-05-20 20:29:09.988] AUTO-DISENGAGE: gear left Park (now N)
[2026-05-20 20:29:09.988] Husby was here, and we are ready to go
[2026-05-20 20:29:09.989] AUTO-DISENGAGE: gear left Park (now N)
[2026-05-20 20:29:09.990] Husby was here, and we are ready to go
[2026-05-20 20:29:10.007] AUTO-DISENGAGE: gear left Park (now N)
[2026-05-20 20:29:10.007] Husby was here, and we are ready to go
[2026-05-20 20:29:10.027] AUTO-DISENGAGE: gear left Park (now N)
[2026-05-20 20:29:10.028] Husby was here, and we are ready to go
[2026-05-20 20:29:10.047] AUTO-DISENGAGE: gear left Park (now N)
[2026-05-20 20:29:10.047] Husby was here, and we are ready to go
[2026-05-20 20:29:10.067] AUTO-DISENGAGE: gear left Park (now N)
[2026-05-20 20:29:10.067] Husby was here, and we are ready to go
[2026-05-20 20:29:10.088] AUTO-DISENGAGE: gear left Park (now N)
[2026-05-20 20:29:10.088] Husby was here, and we are ready to go
[2026-05-20 20:29:10.089] AUTO-DISENGAGE: gear left Park (now N)
[2026-05-20 20:29:10.090] Husby was here, and we are ready to go
[2026-05-20 20:29:10.107] AUTO-DISENGAGE: gear left Park (now N)
[2026-05-20 20:29:10.107] Husby was here, and we are ready to go
[2026-05-20 20:29:10.128] AUTO-DISENGAGE: gear left Park (now N)
[2026-05-20 20:29:10.128] Husby was here, and we are ready to go
[2026-05-20 20:29:10.147] AUTO-DISENGAGE: gear left Park (now N)
[2026-05-20 20:29:10.147] Husby was here, and we are ready to go
[2026-05-20 20:29:10.167] AUTO-DISENGAGE: gear left Park (now N)
[2026-05-20 20:29:10.167] Husby was here, and we are ready to go
[2026-05-20 20:29:10.188] AUTO-DISENGAGE: gear left Park (now N)
[2026-05-20 20:29:10.188] Husby was here, and we are ready to go
[2026-05-20 20:29:10.190] AUTO-DISENGAGE: gear left Park (now N)
[2026-05-20 20:29:10.190] Husby was here, and we are ready to go
[2026-05-20 20:29:10.207] AUTO-DISENGAGE: gear left Park (now N)
[2026-05-20 20:29:10.207] Husby was here, and we are ready to go
[2026-05-20 20:29:10.227] AUTO-DISENGAGE: gear left Park (now N)
[2026-05-20 20:29:10.228] Husby was here, and we are ready to go
[2026-05-20 20:29:10.247] AUTO-DISENGAGE: gear left Park (now N)
[2026-05-20 20:29:10.248] Husby was here, and we are ready to go
[2026-05-20 20:29:10.267] AUTO-DISENGAGE: gear left Park (now N)
[2026-05-20 20:29:10.267] Husby was here, and we are ready to go
[2026-05-20 20:29:10.288] AUTO-DISENGAGE: gear left Park (now N)
[2026-05-20 20:29:10.288] Husby was here, and we are ready to go
[2026-05-20 20:29:10.289] AUTO-DISENGAGE: gear left Park (now N)
[2026-05-20 20:29:10.290] Husby was here, and we are ready to go
[2026-05-20 20:29:10.308] AUTO-DISENGAGE: gear left Park (now N)
[2026-05-20 20:29:10.308] Husby was here, and we are ready to go
[2026-05-20 20:29:10.328] AUTO-DISENGAGE: gear left Park (now N)
[2026-05-20 20:29:10.328] Husby was here, and we are ready to go
[2026-05-20 20:29:10.347] AUTO-DISENGAGE: gear left Park (now N)
[2026-05-20 20:29:10.347] Husby was here, and we are ready to go
[2026-05-20 20:29:10.368] AUTO-DISENGAGE: gear left Park (now N)
[2026-05-20 20:29:10.368] Husby was here, and we are ready to go
[2026-05-20 20:29:10.388] AUTO-DISENGAGE: gear left Park (now N)
[2026-05-20 20:29:10.388] Husby was here, and we are ready to go
[2026-05-20 20:29:10.390] AUTO-DISENGAGE: gear left Park (now N)
[2026-05-20 20:29:10.390] Husby was here, and we are ready to go
[2026-05-20 20:29:10.408] AUTO-DISENGAGE: gear left Park (now N)
[2026-05-20 20:29:10.408] Husby was here, and we are ready to go
[2026-05-20 20:29:10.428] AUTO-DISENGAGE: gear left Park (now N)
[2026-05-20 20:29:10.428] Husby was here, and we are ready to go
[2026-05-20 20:29:10.447] AUTO-DISENGAGE: gear left Park (now N)
[2026-05-20 20:29:10.447] Husby was here, and we are ready to go
[2026-05-20 20:29:10.467] AUTO-DISENGAGE: gear left Park (now N)
[2026-05-20 20:29:10.467] Husby was here, and we are ready to go
[2026-05-20 20:29:10.489] AUTO-DISENGAGE: gear left Park (now N)
[2026-05-20 20:29:10.489] Husby was here, and we are ready to go
[2026-05-20 20:29:10.489] AUTO-DISENGAGE: gear left Park (now N)
[2026-05-20 20:29:10.490] Husby was here, and we are ready to go
[2026-05-20 20:29:10.507] AUTO-DISENGAGE: gear left Park (now N)
[2026-05-20 20:29:10.508] Husby was here, and we are ready to go
[2026-05-20 20:29:10.528] AUTO-DISENGAGE: gear left Park (now N)
[2026-05-20 20:29:10.528] Husby was here, and we are ready to go
[2026-05-20 20:29:10.547] AUTO-DISENGAGE: gear left Park (now N)
[2026-05-20 20:29:10.547] Husby was here, and we are ready to go
[2026-05-20 20:29:10.568] AUTO-DISENGAGE: gear left Park (now N)
[2026-05-20 20:29:10.568] Husby was here, and we are ready to go
[2026-05-20 20:29:10.588] AUTO-DISENGAGE: gear left Park (now N)
[2026-05-20 20:29:10.588] Husby was here, and we are ready to go
[2026-05-20 20:29:10.590] AUTO-DISENGAGE: gear left Park (now N)
[2026-05-20 20:29:10.590] Husby was here, and we are ready to go
[2026-05-20 20:29:10.607] AUTO-DISENGAGE: gear left Park (now N)
[2026-05-20 20:29:10.608] Husby was here, and we are ready to go
[2026-05-20 20:29:10.628] AUTO-DISENGAGE: gear left Park (now N)
[2026-05-20 20:29:10.628] Husby was here, and we are ready to go
[2026-05-20 20:29:10.648] AUTO-DISENGAGE: gear left Park (now N)
[2026-05-20 20:29:10.648] Husby was here, and we are ready to go
[2026-05-20 20:29:10.668] AUTO-DISENGAGE: gear left Park (now N)
[2026-05-20 20:29:10.668] Husby was here, and we are ready to go
[2026-05-20 20:29:10.688] AUTO-DISENGAGE: gear left Park (now N)
[2026-05-20 20:29:10.688] Husby was here, and we are ready to go
[2026-05-20 20:29:10.689] AUTO-DISENGAGE: gear left Park (now N)
[2026-05-20 20:29:10.690] Husby was here, and we are ready to go
[2026-05-20 20:29:10.708] AUTO-DISENGAGE: gear left Park (now N)
[2026-05-20 20:29:10.708] Husby was here, and we are ready to go
[2026-05-20 20:29:10.727] AUTO-DISENGAGE: gear left Park (now N)
[2026-05-20 20:29:10.728] Husby was here, and we are ready to go
[2026-05-20 20:29:10.747] AUTO-DISENGAGE: gear left Park (now N)
[2026-05-20 20:29:10.747] Husby was here, and we are ready to go
[2026-05-20 20:29:10.767] AUTO-DISENGAGE: gear left Park (now N)
[2026-05-20 20:29:10.768] Husby was here, and we are ready to go
[2026-05-20 20:29:10.787] AUTO-DISENGAGE: gear left Park (now N)
[2026-05-20 20:29:10.788] Husby was here, and we are ready to go
[2026-05-20 20:29:10.790] AUTO-DISENGAGE: gear left Park (now N)
[2026-05-20 20:29:10.790] Husby was here, and we are ready to go
[2026-05-20 20:29:10.807] AUTO-DISENGAGE: gear left Park (now N)
[2026-05-20 20:29:10.807] Husby was here, and we are ready to go
[2026-05-20 20:29:10.828] AUTO-DISENGAGE: gear left Park (now N)
[2026-05-20 20:29:10.828] Husby was here, and we are ready to go
[2026-05-20 20:29:10.848] AUTO-DISENGAGE: gear left Park (now N)
[2026-05-20 20:29:10.848] Husby was here, and we are ready to go
[2026-05-20 20:29:10.868] AUTO-DISENGAGE: gear left Park (now N)
[2026-05-20 20:29:10.868] Husby was here, and we are ready to go
[2026-05-20 20:29:10.888] AUTO-DISENGAGE: gear left Park (now N)
[2026-05-20 20:29:10.888] Husby was here, and we are ready to go
[2026-05-20 20:29:10.889] AUTO-DISENGAGE: gear left Park (now N)
[2026-05-20 20:29:10.890] Husby was here, and we are ready to go
[2026-05-20 20:29:10.907] AUTO-DISENGAGE: gear left Park (now N)
[2026-05-20 20:29:10.907] Husby was here, and we are ready to go
[2026-05-20 20:29:10.928] AUTO-DISENGAGE: gear left Park (now N)
[2026-05-20 20:29:10.928] Husby was here, and we are ready to go
[2026-05-20 20:29:10.948] AUTO-DISENGAGE: gear left Park (now N)
[2026-05-20 20:29:10.948] Husby was here, and we are ready to go
[2026-05-20 20:29:10.967] AUTO-DISENGAGE: gear left Park (now N)
[2026-05-20 20:29:10.968] Husby was here, and we are ready to go
[2026-05-20 20:29:10.988] AUTO-DISENGAGE: gear left Park (now N)
[2026-05-20 20:29:10.988] Husby was here, and we are ready to go
[2026-05-20 20:29:10.989] AUTO-DISENGAGE: gear left Park (now N)
[2026-05-20 20:29:10.990] Husby was here, and we are ready to go
[2026-05-20 20:29:11.007] AUTO-DISENGAGE: gear left Park (now N)
[2026-05-20 20:29:11.008] Husby was here, and we are ready to go
[2026-05-20 20:29:11.028] AUTO-DISENGAGE: gear left Park (now N)
[2026-05-20 20:29:11.028] Husby was here, and we are ready to go
[2026-05-20 20:29:11.047] AUTO-DISENGAGE: gear left Park (now N)
[2026-05-20 20:29:11.047] Husby was here, and we are ready to go
[2026-05-20 20:29:11.067] AUTO-DISENGAGE: gear left Park (now N)
[2026-05-20 20:29:11.067] Husby was here, and we are ready to go
[2026-05-20 20:29:11.088] AUTO-DISENGAGE: gear left Park (now N)
[2026-05-20 20:29:11.088] Husby was here, and we are ready to go
[2026-05-20 20:29:11.089] AUTO-DISENGAGE: gear left Park (now N)
[2026-05-20 20:29:11.090] Husby was here, and we are ready to go
[2026-05-20 20:29:11.107] AUTO-DISENGAGE: gear left Park (now N)
[2026-05-20 20:29:11.107] Husby was here, and we are ready to go
[2026-05-20 20:29:11.128] AUTO-DISENGAGE: gear left Park (now N)
[2026-05-20 20:29:11.128] Husby was here, and we are ready to go
[2026-05-20 20:29:11.147] AUTO-DISENGAGE: gear left Park (now N)
[2026-05-20 20:29:11.147] Husby was here, and we are ready to go
[2026-05-20 20:29:11.167] AUTO-DISENGAGE: gear left Park (now N)
[2026-05-20 20:29:11.168] Husby was here, and we are ready to go
[2026-05-20 20:29:11.187] AUTO-DISENGAGE: gear left Park (now N)
[2026-05-20 20:29:11.188] Husby was here, and we are ready to go
[2026-05-20 20:29:11.189] AUTO-DISENGAGE: gear left Park (now N)
[2026-05-20 20:29:11.190] Husby was here, and we are ready to go
[2026-05-20 20:29:11.207] AUTO-DISENGAGE: gear left Park (now N)
[2026-05-20 20:29:11.207] Husby was here, and we are ready to go
[2026-05-20 20:29:11.228] AUTO-DISENGAGE: gear left Park (now N)
[2026-05-20 20:29:11.228] Husby was here, and we are ready to go
[2026-05-20 20:29:11.247] AUTO-DISENGAGE: gear left Park (now N)
[2026-05-20 20:29:11.247] Husby was here, and we are ready to go
[2026-05-20 20:29:11.268] AUTO-DISENGAGE: gear left Park (now N)
[2026-05-20 20:29:11.268] Husby was here, and we are ready to go
[2026-05-20 20:29:11.289] AUTO-DISENGAGE: gear left Park (now N)
[2026-05-20 20:29:11.289] Husby was here, and we are ready to go
[2026-05-20 20:29:11.290] AUTO-DISENGAGE: gear left Park (now N)
[2026-05-20 20:29:11.290] Husby was here, and we are ready to go
[2026-05-20 20:29:11.308] AUTO-DISENGAGE: gear left Park (now N)
[2026-05-20 20:29:11.308] Husby was here, and we are ready to go
[2026-05-20 20:29:11.328] AUTO-DISENGAGE: gear left Park (now N)
[2026-05-20 20:29:11.328] Husby was here, and we are ready to go
[2026-05-20 20:29:11.347] AUTO-DISENGAGE: gear left Park (now N)
[2026-05-20 20:29:11.347] Husby was here, and we are ready to go
[2026-05-20 20:29:11.368] AUTO-DISENGAGE: gear left Park (now N)
[2026-05-20 20:29:11.368] Husby was here, and we are ready to go
[2026-05-20 20:29:11.388] AUTO-DISENGAGE: gear left Park (now N)
[2026-05-20 20:29:11.388] Husby was here, and we are ready to go
[2026-05-20 20:29:11.390] AUTO-DISENGAGE: gear left Park (now N)
[2026-05-20 20:29:11.390] Husby was here, and we are ready to go
[2026-05-20 20:29:11.408] AUTO-DISENGAGE: gear left Park (now N)
[2026-05-20 20:29:11.408] Husby was here, and we are ready to go
[2026-05-20 20:29:11.427] AUTO-DISENGAGE: gear left Park (now N)
[2026-05-20 20:29:11.428] Husby was here, and we are ready to go
[2026-05-20 20:29:11.447] AUTO-DISENGAGE: gear left Park (now N)
[2026-05-20 20:29:11.447] Husby was here, and we are ready to go
[2026-05-20 20:29:11.468] AUTO-DISENGAGE: gear left Park (now N)
[2026-05-20 20:29:11.468] Husby was here, and we are ready to go
[2026-05-20 20:29:11.488] AUTO-DISENGAGE: gear left Park (now N)
[2026-05-20 20:29:11.488] Husby was here, and we are ready to go
[2026-05-20 20:29:11.490] AUTO-DISENGAGE: gear left Park (now N)
[2026-05-20 20:29:11.490] Husby was here, and we are ready to go
[2026-05-20 20:29:11.508] AUTO-DISENGAGE: gear left Park (now N)
[2026-05-20 20:29:11.508] Husby was here, and we are ready to go
[2026-05-20 20:29:11.528] AUTO-DISENGAGE: gear left Park (now N)
[2026-05-20 20:29:11.528] Husby was here, and we are ready to go
[2026-05-20 20:29:11.547] AUTO-DISENGAGE: gear left Park (now N)
[2026-05-20 20:29:11.547] Husby was here, and we are ready to go
[2026-05-20 20:29:11.567] AUTO-DISENGAGE: gear left Park (now N)
[2026-05-20 20:29:11.567] Husby was here, and we are ready to go
[2026-05-20 20:29:11.588] AUTO-DISENGAGE: gear left Park (now N)
[2026-05-20 20:29:11.588] Husby was here, and we are ready to go
[2026-05-20 20:29:11.590] AUTO-DISENGAGE: gear left Park (now N)
[2026-05-20 20:29:11.590] Husby was here, and we are ready to go
[2026-05-20 20:29:11.608] AUTO-DISENGAGE: gear left Park (now N)
[2026-05-20 20:29:11.608] Husby was here, and we are ready to go
[2026-05-20 20:29:11.628] AUTO-DISENGAGE: gear left Park (now N)
[2026-05-20 20:29:11.628] Husby was here, and we are ready to go
[2026-05-20 20:29:11.647] AUTO-DISENGAGE: gear left Park (now N)
[2026-05-20 20:29:11.648] Husby was here, and we are ready to go
[2026-05-20 20:29:11.668] AUTO-DISENGAGE: gear left Park (now N)
[2026-05-20 20:29:11.668] Husby was here, and we are ready to go
[2026-05-20 20:29:11.688] AUTO-DISENGAGE: gear left Park (now N)
[2026-05-20 20:29:11.688] Husby was here, and we are ready to go
[2026-05-20 20:29:11.690] AUTO-DISENGAGE: gear left Park (now N)
[2026-05-20 20:29:11.690] Husby was here, and we are ready to go
[2026-05-20 20:29:11.708] AUTO-DISENGAGE: gear left Park (now N)
[2026-05-20 20:29:11.708] Husby was here, and we are ready to go
[2026-05-20 20:29:11.728] AUTO-DISENGAGE: gear left Park (now N)
[2026-05-20 20:29:11.728] Husby was here, and we are ready to go
[2026-05-20 20:29:11.747] AUTO-DISENGAGE: gear left Park (now N)
[2026-05-20 20:29:11.747] Husby was here, and we are ready to go
[2026-05-20 20:29:11.767] AUTO-DISENGAGE: gear left Park (now N)
[2026-05-20 20:29:11.768] Husby was here, and we are ready to go
[2026-05-20 20:29:11.787] AUTO-DISENGAGE: gear left Park (now N)
[2026-05-20 20:29:11.788] Husby was here, and we are ready to go
[2026-05-20 20:29:11.790] AUTO-DISENGAGE: gear left Park (now N)
[2026-05-20 20:29:11.790] Husby was here, and we are ready to go
[2026-05-20 20:29:11.807] AUTO-DISENGAGE: gear left Park (now N)
[2026-05-20 20:29:11.808] Husby was here, and we are ready to go
[2026-05-20 20:29:11.827] AUTO-DISENGAGE: gear left Park (now N)
[2026-05-20 20:29:11.827] Husby was here, and we are ready to go
[2026-05-20 20:29:11.847] AUTO-DISENGAGE: gear left Park (now N)
[2026-05-20 20:29:11.847] Husby was here, and we are ready to go
[2026-05-20 20:29:11.867] AUTO-DISENGAGE: gear left Park (now N)
[2026-05-20 20:29:11.867] Husby was here, and we are ready to go
[2026-05-20 20:29:11.888] AUTO-DISENGAGE: gear left Park (now N)
[2026-05-20 20:29:11.888] Husby was here, and we are ready to go
[2026-05-20 20:29:11.890] AUTO-DISENGAGE: gear left Park (now N)
[2026-05-20 20:29:11.890] Husby was here, and we are ready to go
[2026-05-20 20:29:11.908] AUTO-DISENGAGE: gear left Park (now N)
[2026-05-20 20:29:11.908] Husby was here, and we are ready to go
[2026-05-20 20:29:11.928] AUTO-DISENGAGE: gear left Park (now N)
[2026-05-20 20:29:11.928] Husby was here, and we are ready to go
[2026-05-20 20:29:11.947] AUTO-DISENGAGE: gear left Park (now N)
[2026-05-20 20:29:11.947] Husby was here, and we are ready to go
[2026-05-20 20:29:11.967] AUTO-DISENGAGE: gear left Park (now N)
[2026-05-20 20:29:11.967] Husby was here, and we are ready to go
[2026-05-20 20:29:11.988] AUTO-DISENGAGE: gear left Park (now N)
[2026-05-20 20:29:11.988] Husby was here, and we are ready to go
[2026-05-20 20:29:11.990] AUTO-DISENGAGE: gear left Park (now N)
[2026-05-20 20:29:11.990] Husby was here, and we are ready to go
[2026-05-20 20:29:12.007] AUTO-DISENGAGE: gear left Park (now N)
[2026-05-20 20:29:12.008] Husby was here, and we are ready to go
[2026-05-20 20:29:12.027] AUTO-DISENGAGE: gear left Park (now N)
[2026-05-20 20:29:12.027] Husby was here, and we are ready to go
[2026-05-20 20:29:12.047] AUTO-DISENGAGE: gear left Park (now N)
[2026-05-20 20:29:12.047] Husby was here, and we are ready to go
[2026-05-20 20:29:12.067] AUTO-DISENGAGE: gear left Park (now N)
[2026-05-20 20:29:12.067] Husby was here, and we are ready to go
[2026-05-20 20:29:12.088] AUTO-DISENGAGE: gear left Park (now N)
[2026-05-20 20:29:12.088] Husby was here, and we are ready to go
[2026-05-20 20:29:12.089] AUTO-DISENGAGE: gear left Park (now N)
[2026-05-20 20:29:12.090] Husby was here, and we are ready to go
[2026-05-20 20:29:12.107] AUTO-DISENGAGE: gear left Park (now N)
[2026-05-20 20:29:12.107] Husby was here, and we are ready to go
[2026-05-20 20:29:12.127] AUTO-DISENGAGE: gear left Park (now N)
[2026-05-20 20:29:12.127] Husby was here, and we are ready to go
[2026-05-20 20:29:12.147] AUTO-DISENGAGE: gear left Park (now N)
[2026-05-20 20:29:12.147] Husby was here, and we are ready to go
[2026-05-20 20:29:12.168] AUTO-DISENGAGE: gear left Park (now N)
[2026-05-20 20:29:12.168] Husby was here, and we are ready to go
[2026-05-20 20:29:12.188] AUTO-DISENGAGE: gear left Park (now N)
[2026-05-20 20:29:12.188] Husby was here, and we are ready to go
[2026-05-20 20:29:12.189] AUTO-DISENGAGE: gear left Park (now N)
[2026-05-20 20:29:12.190] Husby was here, and we are ready to go
[2026-05-20 20:29:12.207] AUTO-DISENGAGE: gear left Park (now N)
[2026-05-20 20:29:12.208] Husby was here, and we are ready to go
[2026-05-20 20:29:12.228] AUTO-DISENGAGE: gear left Park (now N)
[2026-05-20 20:29:12.228] Husby was here, and we are ready to go
[2026-05-20 20:29:12.247] AUTO-DISENGAGE: gear left Park (now N)
[2026-05-20 20:29:12.247] Husby was here, and we are ready to go
[2026-05-20 20:29:12.267] AUTO-DISENGAGE: gear left Park (now N)
[2026-05-20 20:29:12.267] Husby was here, and we are ready to go
[2026-05-20 20:29:12.288] AUTO-DISENGAGE: gear left Park (now N)
[2026-05-20 20:29:12.289] Husby was here, and we are ready to go
[2026-05-20 20:29:12.290] AUTO-DISENGAGE: gear left Park (now N)
[2026-05-20 20:29:12.290] Husby was here, and we are ready to go
[2026-05-20 20:29:12.308] AUTO-DISENGAGE: gear left Park (now N)
[2026-05-20 20:29:12.308] Husby was here, and we are ready to go
[2026-05-20 20:29:12.328] AUTO-DISENGAGE: gear left Park (now N)
[2026-05-20 20:29:12.328] Husby was here, and we are ready to go
[2026-05-20 20:29:12.347] AUTO-DISENGAGE: gear left Park (now N)
[2026-05-20 20:29:12.347] Husby was here, and we are ready to go
[2026-05-20 20:29:12.368] AUTO-DISENGAGE: gear left Park (now N)
[2026-05-20 20:29:12.368] Husby was here, and we are ready to go
[2026-05-20 20:29:12.389] AUTO-DISENGAGE: gear left Park (now N)
[2026-05-20 20:29:12.389] Husby was here, and we are ready to go
[2026-05-20 20:29:12.389] AUTO-DISENGAGE: gear left Park (now N)
[2026-05-20 20:29:12.390] Husby was here, and we are ready to go
[2026-05-20 20:29:12.407] AUTO-DISENGAGE: gear left Park (now N)
[2026-05-20 20:29:12.408] Husby was here, and we are ready to go
[2026-05-20 20:29:12.428] AUTO-DISENGAGE: gear left Park (now N)
[2026-05-20 20:29:12.428] Husby was here, and we are ready to go
[2026-05-20 20:29:12.447] AUTO-DISENGAGE: gear left Park (now N)
[2026-05-20 20:29:12.447] Husby was here, and we are ready to go
[2026-05-20 20:29:12.467] AUTO-DISENGAGE: gear left Park (now N)
[2026-05-20 20:29:12.467] Husby was here, and we are ready to go
[2026-05-20 20:29:12.488] AUTO-DISENGAGE: gear left Park (now N)
[2026-05-20 20:29:12.488] Husby was here, and we are ready to go
[2026-05-20 20:29:12.490] AUTO-DISENGAGE: gear left Park (now N)
[2026-05-20 20:29:12.490] Husby was here, and we are ready to go
[2026-05-20 20:29:12.507] AUTO-DISENGAGE: gear left Park (now N)
[2026-05-20 20:29:12.508] Husby was here, and we are ready to go
[2026-05-20 20:29:12.528] AUTO-DISENGAGE: gear left Park (now N)
[2026-05-20 20:29:12.528] Husby was here, and we are ready to go
[2026-05-20 20:29:12.548] AUTO-DISENGAGE: gear left Park (now N)
[2026-05-20 20:29:12.548] Husby was here, and we are ready to go
[2026-05-20 20:29:12.567] AUTO-DISENGAGE: gear left Park (now N)
[2026-05-20 20:29:12.567] Husby was here, and we are ready to go
[2026-05-20 20:29:12.588] AUTO-DISENGAGE: gear left Park (now N)
[2026-05-20 20:29:12.588] Husby was here, and we are ready to go
[2026-05-20 20:29:12.590] AUTO-DISENGAGE: gear left Park (now N)
[2026-05-20 20:29:12.590] Husby was here, and we are ready to go
[2026-05-20 20:29:12.608] AUTO-DISENGAGE: gear left Park (now N)
[2026-05-20 20:29:12.608] Husby was here, and we are ready to go
[2026-05-20 20:29:12.627] AUTO-DISENGAGE: gear left Park (now N)
[2026-05-20 20:29:12.628] Husby was here, and we are ready to go
[2026-05-20 20:29:12.648] AUTO-DISENGAGE: gear left Park (now N)
[2026-05-20 20:29:12.648] Husby was here, and we are ready to go
[2026-05-20 20:29:12.668] AUTO-DISENGAGE: gear left Park (now N)
[2026-05-20 20:29:12.668] Husby was here, and we are ready to go
[2026-05-20 20:29:12.688] AUTO-DISENGAGE: gear left Park (now N)
[2026-05-20 20:29:12.688] Husby was here, and we are ready to go
[2026-05-20 20:29:12.690] AUTO-DISENGAGE: gear left Park (now N)
[2026-05-20 20:29:12.690] Husby was here, and we are ready to go
[2026-05-20 20:29:12.708] AUTO-DISENGAGE: gear left Park (now N)
[2026-05-20 20:29:12.708] Husby was here, and we are ready to go
[2026-05-20 20:29:12.727] AUTO-DISENGAGE: gear left Park (now N)
[2026-05-20 20:29:12.727] Husby was here, and we are ready to go
[2026-05-20 20:29:12.747] AUTO-DISENGAGE: gear left Park (now N)
[2026-05-20 20:29:12.747] Husby was here, and we are ready to go
[2026-05-20 20:29:12.768] AUTO-DISENGAGE: gear left Park (now N)
[2026-05-20 20:29:12.768] Husby was here, and we are ready to go
[2026-05-20 20:29:12.787] AUTO-DISENGAGE: gear left Park (now N)
[2026-05-20 20:29:12.787] Husby was here, and we are ready to go
[2026-05-20 20:29:12.790] AUTO-DISENGAGE: gear left Park (now N)
[2026-05-20 20:29:12.790] Husby was here, and we are ready to go
[2026-05-20 20:29:12.808] AUTO-DISENGAGE: gear left Park (now N)
[2026-05-20 20:29:12.808] Husby was here, and we are ready to go
[2026-05-20 20:29:12.828] AUTO-DISENGAGE: gear left Park (now N)
[2026-05-20 20:29:12.828] Husby was here, and we are ready to go
[2026-05-20 20:29:12.847] AUTO-DISENGAGE: gear left Park (now N)
[2026-05-20 20:29:12.847] Husby was here, and we are ready to go
[2026-05-20 20:29:12.867] AUTO-DISENGAGE: gear left Park (now N)
[2026-05-20 20:29:12.867] Husby was here, and we are ready to go
[2026-05-20 20:29:12.888] AUTO-DISENGAGE: gear left Park (now N)
[2026-05-20 20:29:12.888] Husby was here, and we are ready to go
[2026-05-20 20:29:12.890] AUTO-DISENGAGE: gear left Park (now N)
[2026-05-20 20:29:12.890] Husby was here, and we are ready to go
[2026-05-20 20:29:12.908] AUTO-DISENGAGE: gear left Park (now N)
[2026-05-20 20:29:12.908] Husby was here, and we are ready to go
[2026-05-20 20:29:12.927] AUTO-DISENGAGE: gear left Park (now N)
[2026-05-20 20:29:12.927] Husby was here, and we are ready to go
[2026-05-20 20:29:12.948] AUTO-DISENGAGE: gear left Park (now N)
[2026-05-20 20:29:12.948] Husby was here, and we are ready to go
[2026-05-20 20:29:12.967] AUTO-DISENGAGE: gear left Park (now N)
[2026-05-20 20:29:12.968] Husby was here, and we are ready to go
[2026-05-20 20:29:12.989] AUTO-DISENGAGE: gear left Park (now N)
[2026-05-20 20:29:12.989] Husby was here, and we are ready to go
[2026-05-20 20:29:12.989] AUTO-DISENGAGE: gear left Park (now N)
[2026-05-20 20:29:12.990] Husby was here, and we are ready to go
[2026-05-20 20:29:13.007] AUTO-DISENGAGE: gear left Park (now N)
[2026-05-20 20:29:13.007] Husby was here, and we are ready to go
[2026-05-20 20:29:13.028] AUTO-DISENGAGE: gear left Park (now N)
[2026-05-20 20:29:13.028] Husby was here, and we are ready to go
[2026-05-20 20:29:13.047] AUTO-DISENGAGE: gear left Park (now N)
[2026-05-20 20:29:13.047] Husby was here, and we are ready to go
[2026-05-20 20:29:13.068] AUTO-DISENGAGE: gear left Park (now N)
[2026-05-20 20:29:13.068] Husby was here, and we are ready to go
[2026-05-20 20:29:13.088] AUTO-DISENGAGE: gear left Park (now N)
[2026-05-20 20:29:13.088] Husby was here, and we are ready to go
[2026-05-20 20:29:13.090] AUTO-DISENGAGE: gear left Park (now N)
[2026-05-20 20:29:13.090] Husby was here, and we are ready to go
[2026-05-20 20:29:13.107] AUTO-DISENGAGE: gear left Park (now N)
[2026-05-20 20:29:13.108] Husby was here, and we are ready to go
[2026-05-20 20:29:13.128] AUTO-DISENGAGE: gear left Park (now N)
[2026-05-20 20:29:13.128] Husby was here, and we are ready to go
[2026-05-20 20:29:13.147] AUTO-DISENGAGE: gear left Park (now N)
[2026-05-20 20:29:13.147] Husby was here, and we are ready to go
[2026-05-20 20:29:13.167] AUTO-DISENGAGE: gear left Park (now N)
[2026-05-20 20:29:13.167] Husby was here, and we are ready to go
[2026-05-20 20:29:13.188] AUTO-DISENGAGE: gear left Park (now N)
[2026-05-20 20:29:13.189] Husby was here, and we are ready to go
[2026-05-20 20:29:13.189] AUTO-DISENGAGE: gear left Park (now N)
[2026-05-20 20:29:13.190] Husby was here, and we are ready to go
[2026-05-20 20:29:13.208] AUTO-DISENGAGE: gear left Park (now N)
[2026-05-20 20:29:13.208] Husby was here, and we are ready to go
[2026-05-20 20:29:13.228] AUTO-DISENGAGE: gear left Park (now N)
[2026-05-20 20:29:13.228] Husby was here, and we are ready to go
[2026-05-20 20:29:13.248] AUTO-DISENGAGE: gear left Park (now N)
[2026-05-20 20:29:13.248] Husby was here, and we are ready to go
[2026-05-20 20:29:13.268] AUTO-DISENGAGE: gear left Park (now N)
[2026-05-20 20:29:13.268] Husby was here, and we are ready to go
[2026-05-20 20:29:13.289] AUTO-DISENGAGE: gear left Park (now N)
[2026-05-20 20:29:13.289] Husby was here, and we are ready to go
[2026-05-20 20:29:13.290] AUTO-DISENGAGE: gear left Park (now N)
[2026-05-20 20:29:13.290] Husby was here, and we are ready to go
[2026-05-20 20:29:13.308] AUTO-DISENGAGE: gear left Park (now N)
[2026-05-20 20:29:13.308] Husby was here, and we are ready to go
[2026-05-20 20:29:13.328] AUTO-DISENGAGE: gear left Park (now N)
[2026-05-20 20:29:13.328] Husby was here, and we are ready to go
[2026-05-20 20:29:13.347] AUTO-DISENGAGE: gear left Park (now N)
[2026-05-20 20:29:13.348] Husby was here, and we are ready to go
[2026-05-20 20:29:13.368] AUTO-DISENGAGE: gear left Park (now N)
[2026-05-20 20:29:13.368] Husby was here, and we are ready to go
[2026-05-20 20:29:13.388] AUTO-DISENGAGE: gear left Park (now N)
[2026-05-20 20:29:13.388] Husby was here, and we are ready to go
[2026-05-20 20:29:13.389] AUTO-DISENGAGE: gear left Park (now N)
[2026-05-20 20:29:13.390] Husby was here, and we are ready to go
[2026-05-20 20:29:13.408] AUTO-DISENGAGE: gear left Park (now N)
[2026-05-20 20:29:13.408] Husby was here, and we are ready to go
[2026-05-20 20:29:13.428] AUTO-DISENGAGE: gear left Park (now N)
[2026-05-20 20:29:13.429] Husby was here, and we are ready to go
[2026-05-20 20:29:13.447] AUTO-DISENGAGE: gear left Park (now N)
[2026-05-20 20:29:13.447] Husby was here, and we are ready to go
[2026-05-20 20:29:13.468] AUTO-DISENGAGE: gear left Park (now N)
[2026-05-20 20:29:13.468] Husby was here, and we are ready to go
[2026-05-20 20:29:13.489] AUTO-DISENGAGE: gear left Park (now N)
[2026-05-20 20:29:13.489] Husby was here, and we are ready to go
[2026-05-20 20:29:13.489] AUTO-DISENGAGE: gear left Park (now N)
[2026-05-20 20:29:13.490] Husby was here, and we are ready to go
[2026-05-20 20:29:13.508] AUTO-DISENGAGE: gear left Park (now N)
[2026-05-20 20:29:13.508] Husby was here, and we are ready to go
[2026-05-20 20:29:13.528] AUTO-DISENGAGE: gear left Park (now N)
[2026-05-20 20:29:13.528] Husby was here, and we are ready to go
[2026-05-20 20:29:13.547] AUTO-DISENGAGE: gear left Park (now N)
[2026-05-20 20:29:13.547] Husby was here, and we are ready to go
[2026-05-20 20:29:13.568] AUTO-DISENGAGE: gear left Park (now N)
[2026-05-20 20:29:13.568] Husby was here, and we are ready to go
[2026-05-20 20:29:13.589] AUTO-DISENGAGE: gear left Park (now N)
[2026-05-20 20:29:13.589] Husby was here, and we are ready to go
[2026-05-20 20:29:13.589] AUTO-DISENGAGE: gear left Park (now N)
[2026-05-20 20:29:13.590] Husby was here, and we are ready to go
[2026-05-20 20:29:13.608] AUTO-DISENGAGE: gear left Park (now N)
[2026-05-20 20:29:13.608] Husby was here, and we are ready to go
[2026-05-20 20:29:13.628] AUTO-DISENGAGE: gear left Park (now N)
[2026-05-20 20:29:13.628] Husby was here, and we are ready to go
[2026-05-20 20:29:13.648] AUTO-DISENGAGE: gear left Park (now N)
[2026-05-20 20:29:13.648] Husby was here, and we are ready to go
[2026-05-20 20:29:13.668] AUTO-DISENGAGE: gear left Park (now N)
[2026-05-20 20:29:13.668] Husby was here, and we are ready to go
[2026-05-20 20:29:13.688] AUTO-DISENGAGE: gear left Park (now N)
[2026-05-20 20:29:13.688] Husby was here, and we are ready to go
[2026-05-20 20:29:13.689] AUTO-DISENGAGE: gear left Park (now N)
[2026-05-20 20:29:13.690] Husby was here, and we are ready to go
[2026-05-20 20:29:13.708] AUTO-DISENGAGE: gear left Park (now N)
[2026-05-20 20:29:13.708] Husby was here, and we are ready to go
[2026-05-20 20:29:13.728] AUTO-DISENGAGE: gear left Park (now N)
[2026-05-20 20:29:13.728] Husby was here, and we are ready to go
[2026-05-20 20:29:13.748] AUTO-DISENGAGE: gear left Park (now N)
[2026-05-20 20:29:13.748] Husby was here, and we are ready to go
[2026-05-20 20:29:13.768] AUTO-DISENGAGE: gear left Park (now N)
[2026-05-20 20:29:13.768] Husby was here, and we are ready to go
[2026-05-20 20:29:13.788] AUTO-DISENGAGE: gear left Park (now N)
[2026-05-20 20:29:13.788] Husby was here, and we are ready to go
[2026-05-20 20:29:13.789] AUTO-DISENGAGE: gear left Park (now N)
[2026-05-20 20:29:13.790] Husby was here, and we are ready to go
[2026-05-20 20:29:13.808] AUTO-DISENGAGE: gear left Park (now N)
[2026-05-20 20:29:13.808] Husby was here, and we are ready to go
[2026-05-20 20:29:13.828] AUTO-DISENGAGE: gear left Park (now N)
[2026-05-20 20:29:13.828] Husby was here, and we are ready to go
[2026-05-20 20:29:13.848] AUTO-DISENGAGE: gear left Park (now N)
[2026-05-20 20:29:13.848] Husby was here, and we are ready to go
[2026-05-20 20:29:13.867] AUTO-DISENGAGE: gear left Park (now N)
[2026-05-20 20:29:13.868] Husby was here, and we are ready to go
[2026-05-20 20:29:13.888] AUTO-DISENGAGE: gear left Park (now N)
[2026-05-20 20:29:13.889] Husby was here, and we are ready to go
[2026-05-20 20:29:13.889] AUTO-DISENGAGE: gear left Park (now N)
[2026-05-20 20:29:13.890] Husby was here, and we are ready to go
[2026-05-20 20:29:13.908] AUTO-DISENGAGE: gear left Park (now N)
[2026-05-20 20:29:13.908] Husby was here, and we are ready to go
[2026-05-20 20:29:13.928] AUTO-DISENGAGE: gear left Park (now N)
[2026-05-20 20:29:13.928] Husby was here, and we are ready to go
[2026-05-20 20:29:13.948] AUTO-DISENGAGE: gear left Park (now N)
[2026-05-20 20:29:13.948] Husby was here, and we are ready to go
[2026-05-20 20:29:13.968] AUTO-DISENGAGE: gear left Park (now N)
[2026-05-20 20:29:13.968] Husby was here, and we are ready to go
[2026-05-20 20:29:13.989] AUTO-DISENGAGE: gear left Park (now N)
[2026-05-20 20:29:13.989] Husby was here, and we are ready to go
[2026-05-20 20:29:13.989] AUTO-DISENGAGE: gear left Park (now N)
[2026-05-20 20:29:13.990] Husby was here, and we are ready to go
[2026-05-20 20:29:14.008] AUTO-DISENGAGE: gear left Park (now N)
[2026-05-20 20:29:14.008] Husby was here, and we are ready to go
[2026-05-20 20:29:14.028] AUTO-DISENGAGE: gear left Park (now N)
[2026-05-20 20:29:14.028] Husby was here, and we are ready to go
[2026-05-20 20:29:14.047] AUTO-DISENGAGE: gear left Park (now N)
[2026-05-20 20:29:14.048] Husby was here, and we are ready to go
[2026-05-20 20:29:14.068] AUTO-DISENGAGE: gear left Park (now N)
[2026-05-20 20:29:14.068] Husby was here, and we are ready to go
[2026-05-20 20:29:14.088] AUTO-DISENGAGE: gear left Park (now N)
[2026-05-20 20:29:14.088] Husby was here, and we are ready to go
[2026-05-20 20:29:14.089] AUTO-DISENGAGE: gear left Park (now N)
[2026-05-20 20:29:14.090] Husby was here, and we are ready to go
[2026-05-20 20:29:14.108] AUTO-DISENGAGE: gear left Park (now N)
[2026-05-20 20:29:14.108] Husby was here, and we are ready to go
[2026-05-20 20:29:14.128] AUTO-DISENGAGE: gear left Park (now N)
[2026-05-20 20:29:14.128] Husby was here, and we are ready to go
[2026-05-20 20:29:14.147] AUTO-DISENGAGE: gear left Park (now N)
[2026-05-20 20:29:14.147] Husby was here, and we are ready to go
[2026-05-20 20:29:14.168] AUTO-DISENGAGE: gear left Park (now N)
[2026-05-20 20:29:14.168] Husby was here, and we are ready to go
[2026-05-20 20:29:14.188] AUTO-DISENGAGE: gear left Park (now N)
[2026-05-20 20:29:14.189] Husby was here, and we are ready to go
[2026-05-20 20:29:14.189] AUTO-DISENGAGE: gear left Park (now N)
[2026-05-20 20:29:14.190] Husby was here, and we are ready to go
[2026-05-20 20:29:14.208] AUTO-DISENGAGE: gear left Park (now N)
[2026-05-20 20:29:14.208] Husby was here, and we are ready to go
[2026-05-20 20:29:14.228] AUTO-DISENGAGE: gear left Park (now N)
[2026-05-20 20:29:14.228] Husby was here, and we are ready to go
[2026-05-20 20:29:14.247] AUTO-DISENGAGE: gear left Park (now N)
[2026-05-20 20:29:14.248] Husby was here, and we are ready to go
[2026-05-20 20:29:14.268] AUTO-DISENGAGE: gear left Park (now N)
[2026-05-20 20:29:14.268] Husby was here, and we are ready to go
[2026-05-20 20:29:14.289] AUTO-DISENGAGE: gear left Park (now N)
[2026-05-20 20:29:14.289] Husby was here, and we are ready to go
[2026-05-20 20:29:14.289] AUTO-DISENGAGE: gear left Park (now N)
[2026-05-20 20:29:14.290] Husby was here, and we are ready to go
[2026-05-20 20:29:14.308] AUTO-DISENGAGE: gear left Park (now N)
[2026-05-20 20:29:14.308] Husby was here, and we are ready to go
[2026-05-20 20:29:14.328] AUTO-DISENGAGE: gear left Park (now N)
[2026-05-20 20:29:14.328] Husby was here, and we are ready to go
[2026-05-20 20:29:14.347] AUTO-DISENGAGE: gear left Park (now N)
[2026-05-20 20:29:14.347] Husby was here, and we are ready to go
[2026-05-20 20:29:14.367] AUTO-DISENGAGE: gear left Park (now N)
[2026-05-20 20:29:14.367] Husby was here, and we are ready to go
[2026-05-20 20:29:14.388] AUTO-DISENGAGE: gear left Park (now N)
[2026-05-20 20:29:14.388] Husby was here, and we are ready to go
[2026-05-20 20:29:14.390] AUTO-DISENGAGE: gear left Park (now N)
[2026-05-20 20:29:14.390] Husby was here, and we are ready to go
[2026-05-20 20:29:14.408] AUTO-DISENGAGE: gear left Park (now N)
[2026-05-20 20:29:14.408] Husby was here, and we are ready to go
[2026-05-20 20:29:14.428] AUTO-DISENGAGE: gear left Park (now N)
[2026-05-20 20:29:14.428] Husby was here, and we are ready to go
[2026-05-20 20:29:14.447] AUTO-DISENGAGE: gear left Park (now N)
[2026-05-20 20:29:14.447] Husby was here, and we are ready to go
[2026-05-20 20:29:14.467] AUTO-DISENGAGE: gear left Park (now N)
[2026-05-20 20:29:14.468] Husby was here, and we are ready to go
[2026-05-20 20:29:14.488] AUTO-DISENGAGE: gear left Park (now N)
[2026-05-20 20:29:14.489] Husby was here, and we are ready to go
[2026-05-20 20:29:14.489] AUTO-DISENGAGE: gear left Park (now N)
[2026-05-20 20:29:14.490] Husby was here, and we are ready to go
[2026-05-20 20:29:14.507] AUTO-DISENGAGE: gear left Park (now N)
[2026-05-20 20:29:14.507] Husby was here, and we are ready to go
[2026-05-20 20:29:14.528] AUTO-DISENGAGE: gear left Park (now N)
[2026-05-20 20:29:14.528] Husby was here, and we are ready to go
[2026-05-20 20:29:14.547] AUTO-DISENGAGE: gear left Park (now N)
[2026-05-20 20:29:14.548] Husby was here, and we are ready to go
[2026-05-20 20:29:14.568] AUTO-DISENGAGE: gear left Park (now N)
[2026-05-20 20:29:14.568] Husby was here, and we are ready to go
[2026-05-20 20:29:14.588] AUTO-DISENGAGE: gear left Park (now N)
[2026-05-20 20:29:14.588] Husby was here, and we are ready to go
[2026-05-20 20:29:14.590] AUTO-DISENGAGE: gear left Park (now N)
[2026-05-20 20:29:14.590] Husby was here, and we are ready to go
[2026-05-20 20:29:14.607] AUTO-DISENGAGE: gear left Park (now N)
[2026-05-20 20:29:14.608] Husby was here, and we are ready to go
[2026-05-20 20:29:14.628] AUTO-DISENGAGE: gear left Park (now N)
[2026-05-20 20:29:14.628] Husby was here, and we are ready to go
[2026-05-20 20:29:14.648] AUTO-DISENGAGE: gear left Park (now N)
[2026-05-20 20:29:14.648] Husby was here, and we are ready to go
[2026-05-20 20:29:14.668] AUTO-DISENGAGE: gear left Park (now N)
[2026-05-20 20:29:14.668] Husby was here, and we are ready to go
[2026-05-20 20:29:14.688] AUTO-DISENGAGE: gear left Park (now N)
[2026-05-20 20:29:14.688] Husby was here, and we are ready to go
[2026-05-20 20:29:14.689] AUTO-DISENGAGE: gear left Park (now N)
[2026-05-20 20:29:14.690] Husby was here, and we are ready to go
[2026-05-20 20:29:14.708] AUTO-DISENGAGE: gear left Park (now N)
[2026-05-20 20:29:14.708] Husby was here, and we are ready to go
[2026-05-20 20:29:14.728] AUTO-DISENGAGE: gear left Park (now N)
[2026-05-20 20:29:14.728] Husby was here, and we are ready to go
[2026-05-20 20:29:14.748] AUTO-DISENGAGE: gear left Park (now N)
[2026-05-20 20:29:14.748] Husby was here, and we are ready to go
[2026-05-20 20:29:14.768] AUTO-DISENGAGE: gear left Park (now N)
[2026-05-20 20:29:14.768] Husby was here, and we are ready to go
[2026-05-20 20:29:14.788] AUTO-DISENGAGE: gear left Park (now N)
[2026-05-20 20:29:14.789] Husby was here, and we are ready to go
[2026-05-20 20:29:14.789] AUTO-DISENGAGE: gear left Park (now N)
[2026-05-20 20:29:14.790] Husby was here, and we are ready to go
[2026-05-20 20:29:14.808] AUTO-DISENGAGE: gear left Park (now N)
[2026-05-20 20:29:14.808] Husby was here, and we are ready to go
[2026-05-20 20:29:14.828] AUTO-DISENGAGE: gear left Park (now N)
[2026-05-20 20:29:14.828] Husby was here, and we are ready to go
[2026-05-20 20:29:14.848] AUTO-DISENGAGE: gear left Park (now N)
[2026-05-20 20:29:14.848] Husby was here, and we are ready to go
[2026-05-20 20:29:14.868] AUTO-DISENGAGE: gear left Park (now N)
[2026-05-20 20:29:14.868] Husby was here, and we are ready to go
[2026-05-20 20:29:14.888] AUTO-DISENGAGE: gear left Park (now N)
[2026-05-20 20:29:14.888] Husby was here, and we are ready to go
[2026-05-20 20:29:14.889] AUTO-DISENGAGE: gear left Park (now N)
[2026-05-20 20:29:14.890] Husby was here, and we are ready to go
[2026-05-20 20:29:14.908] AUTO-DISENGAGE: gear left Park (now N)
[2026-05-20 20:29:14.908] Husby was here, and we are ready to go
[2026-05-20 20:29:14.928] AUTO-DISENGAGE: gear left Park (now N)
[2026-05-20 20:29:14.929] Husby was here, and we are ready to go
[2026-05-20 20:29:14.948] AUTO-DISENGAGE: gear left Park (now N)
[2026-05-20 20:29:14.948] Husby was here, and we are ready to go
[2026-05-20 20:29:14.968] AUTO-DISENGAGE: gear left Park (now N)
[2026-05-20 20:29:14.968] Husby was here, and we are ready to go
[2026-05-20 20:29:14.989] AUTO-DISENGAGE: gear left Park (now N)
[2026-05-20 20:29:14.989] Husby was here, and we are ready to go
[2026-05-20 20:29:14.989] AUTO-DISENGAGE: gear left Park (now N)
[2026-05-20 20:29:14.990] Husby was here, and we are ready to go
[2026-05-20 20:29:15.008] AUTO-DISENGAGE: gear left Park (now N)
[2026-05-20 20:29:15.009] Husby was here, and we are ready to go
[2026-05-20 20:29:15.028] AUTO-DISENGAGE: gear left Park (now N)
[2026-05-20 20:29:15.028] Husby was here, and we are ready to go
[2026-05-20 20:29:15.047] AUTO-DISENGAGE: gear left Park (now N)
[2026-05-20 20:29:15.048] Husby was here, and we are ready to go
[2026-05-20 20:29:15.068] AUTO-DISENGAGE: gear left Park (now N)
[2026-05-20 20:29:15.068] Husby was here, and we are ready to go
[2026-05-20 20:29:15.089] AUTO-DISENGAGE: gear left Park (now N)
[2026-05-20 20:29:15.089] Husby was here, and we are ready to go
[2026-05-20 20:29:15.090] AUTO-DISENGAGE: gear left Park (now N)
[2026-05-20 20:29:15.090] Husby was here, and we are ready to go
[2026-05-20 20:29:15.108] AUTO-DISENGAGE: gear left Park (now N)
[2026-05-20 20:29:15.108] Husby was here, and we are ready to go
[2026-05-20 20:29:15.128] AUTO-DISENGAGE: gear left Park (now N)
[2026-05-20 20:29:15.128] Husby was here, and we are ready to go
[2026-05-20 20:29:15.148] AUTO-DISENGAGE: gear left Park (now N)
[2026-05-20 20:29:15.148] Husby was here, and we are ready to go
[2026-05-20 20:29:15.168] AUTO-DISENGAGE: gear left Park (now N)
[2026-05-20 20:29:15.168] Husby was here, and we are ready to go
[2026-05-20 20:29:15.187] rc: RND switch -> R, queuing shift
[2026-05-20 20:29:15.188] AUTO-DISENGAGE: gear left Park (now N)
[2026-05-20 20:29:15.188] Husby was here, and we are ready to go
[2026-05-20 20:29:15.189] AUTO-DISENGAGE: gear left Park (now N)
[2026-05-20 20:29:15.190] Husby was here, and we are ready to go
[2026-05-20 20:29:15.198] shift requested: R
[2026-05-20 20:29:15.208] AUTO-DISENGAGE: gear left Park (now N)
[2026-05-20 20:29:15.208] Husby was here, and we are ready to go
[2026-05-20 20:29:15.208] SHIFT: requesting R via 0x6D burst (30 active + 10 idle frames at 200 Hz)
[2026-05-20 20:29:15.212] AUTO-DISENGAGE: gear left Park (now N)
[2026-05-20 20:29:15.213] Husby was here, and we are ready to go
[2026-05-20 20:29:15.217] AUTO-DISENGAGE: gear left Park (now N)
[2026-05-20 20:29:15.217] Husby was here, and we are ready to go
[2026-05-20 20:29:15.222] AUTO-DISENGAGE: gear left Park (now N)
[2026-05-20 20:29:15.222] Husby was here, and we are ready to go
[2026-05-20 20:29:15.227] AUTO-DISENGAGE: gear left Park (now N)
[2026-05-20 20:29:15.227] Husby was here, and we are ready to go
[2026-05-20 20:29:15.228] AUTO-DISENGAGE: gear left Park (now N)
[2026-05-20 20:29:15.228] Husby was here, and we are ready to go
[2026-05-20 20:29:15.232] AUTO-DISENGAGE: gear left Park (now N)
[2026-05-20 20:29:15.233] Husby was here, and we are ready to go
[2026-05-20 20:29:15.238] gear: N -> R
[2026-05-20 20:29:15.238] AUTO-DISENGAGE: gear left Park (now R)
[2026-05-20 20:29:15.238] Husby was here, and we are ready to go
[2026-05-20 20:29:15.243] AUTO-DISENGAGE: gear left Park (now R)
[2026-05-20 20:29:15.243] Husby was here, and we are ready to go
[2026-05-20 20:29:15.247] AUTO-DISENGAGE: gear left Park (now R)
[2026-05-20 20:29:15.247] Husby was here, and we are ready to go
[2026-05-20 20:29:15.247] AUTO-DISENGAGE: gear left Park (now R)
[2026-05-20 20:29:15.247] Husby was here, and we are ready to go
[2026-05-20 20:29:15.253] AUTO-DISENGAGE: gear left Park (now R)
[2026-05-20 20:29:15.253] Husby was here, and we are ready to go
[2026-05-20 20:29:15.258] AUTO-DISENGAGE: gear left Park (now R)
[2026-05-20 20:29:15.258] Husby was here, and we are ready to go
[2026-05-20 20:29:15.263] AUTO-DISENGAGE: gear left Park (now R)
[2026-05-20 20:29:15.263] Husby was here, and we are ready to go
[2026-05-20 20:29:15.267] AUTO-DISENGAGE: gear left Park (now R)
[2026-05-20 20:29:15.267] Husby was here, and we are ready to go
[2026-05-20 20:29:15.267] AUTO-DISENGAGE: gear left Park (now R)
[2026-05-20 20:29:15.268] Husby was here, and we are ready to go
[2026-05-20 20:29:15.273] AUTO-DISENGAGE: gear left Park (now R)
[2026-05-20 20:29:15.273] Husby was here, and we are ready to go
[2026-05-20 20:29:15.278] AUTO-DISENGAGE: gear left Park (now R)
[2026-05-20 20:29:15.278] Husby was here, and we are ready to go
[2026-05-20 20:29:15.283] AUTO-DISENGAGE: gear left Park (now R)
[2026-05-20 20:29:15.283] Husby was here, and we are ready to go
[2026-05-20 20:29:15.287] AUTO-DISENGAGE: gear left Park (now R)
[2026-05-20 20:29:15.287] Husby was here, and we are ready to go
[2026-05-20 20:29:15.287] AUTO-DISENGAGE: gear left Park (now R)
[2026-05-20 20:29:15.287] Husby was here, and we are ready to go
[2026-05-20 20:29:15.290] AUTO-DISENGAGE: gear left Park (now R)
[2026-05-20 20:29:15.290] Husby was here, and we are ready to go
[2026-05-20 20:29:15.293] AUTO-DISENGAGE: gear left Park (now R)
[2026-05-20 20:29:15.293] Husby was here, and we are ready to go
[2026-05-20 20:29:15.298] AUTO-DISENGAGE: gear left Park (now R)
[2026-05-20 20:29:15.298] Husby was here, and we are ready to go
[2026-05-20 20:29:15.303] AUTO-DISENGAGE: gear left Park (now R)
[2026-05-20 20:29:15.303] Husby was here, and we are ready to go
[2026-05-20 20:29:15.307] AUTO-DISENGAGE: gear left Park (now R)
[2026-05-20 20:29:15.307] Husby was here, and we are ready to go
[2026-05-20 20:29:15.307] AUTO-DISENGAGE: gear left Park (now R)
[2026-05-20 20:29:15.308] Husby was here, and we are ready to go
[2026-05-20 20:29:15.312] AUTO-DISENGAGE: gear left Park (now R)
[2026-05-20 20:29:15.313] Husby was here, and we are ready to go
[2026-05-20 20:29:15.318] AUTO-DISENGAGE: gear left Park (now R)
[2026-05-20 20:29:15.318] Husby was here, and we are ready to go
[2026-05-20 20:29:15.322] AUTO-DISENGAGE: gear left Park (now R)
[2026-05-20 20:29:15.323] Husby was here, and we are ready to go
[2026-05-20 20:29:15.327] AUTO-DISENGAGE: gear left Park (now R)
[2026-05-20 20:29:15.327] Husby was here, and we are ready to go
[2026-05-20 20:29:15.327] AUTO-DISENGAGE: gear left Park (now R)
[2026-05-20 20:29:15.327] Husby was here, and we are ready to go
[2026-05-20 20:29:15.333] AUTO-DISENGAGE: gear left Park (now R)
[2026-05-20 20:29:15.333] Husby was here, and we are ready to go
[2026-05-20 20:29:15.338] AUTO-DISENGAGE: gear left Park (now R)
[2026-05-20 20:29:15.338] Husby was here, and we are ready to go
[2026-05-20 20:29:15.342] AUTO-DISENGAGE: gear left Park (now R)
[2026-05-20 20:29:15.343] Husby was here, and we are ready to go
[2026-05-20 20:29:15.347] AUTO-DISENGAGE: gear left Park (now R)
[2026-05-20 20:29:15.347] Husby was here, and we are ready to go
[2026-05-20 20:29:15.347] AUTO-DISENGAGE: gear left Park (now R)
[2026-05-20 20:29:15.347] Husby was here, and we are ready to go
[2026-05-20 20:29:15.353] AUTO-DISENGAGE: gear left Park (now R)
[2026-05-20 20:29:15.353] Husby was here, and we are ready to go
[2026-05-20 20:29:15.358] AUTO-DISENGAGE: gear left Park (now R)
[2026-05-20 20:29:15.358] Husby was here, and we are ready to go
[2026-05-20 20:29:15.363] AUTO-DISENGAGE: gear left Park (now R)
[2026-05-20 20:29:15.363] Husby was here, and we are ready to go
[2026-05-20 20:29:15.367] AUTO-DISENGAGE: gear left Park (now R)
[2026-05-20 20:29:15.367] Husby was here, and we are ready to go
[2026-05-20 20:29:15.367] AUTO-DISENGAGE: gear left Park (now R)
[2026-05-20 20:29:15.367] Husby was here, and we are ready to go
[2026-05-20 20:29:15.373] AUTO-DISENGAGE: gear left Park (now R)
[2026-05-20 20:29:15.373] Husby was here, and we are ready to go
[2026-05-20 20:29:15.378] AUTO-DISENGAGE: gear left Park (now R)
[2026-05-20 20:29:15.378] Husby was here, and we are ready to go
[2026-05-20 20:29:15.383] AUTO-DISENGAGE: gear left Park (now R)
[2026-05-20 20:29:15.383] Husby was here, and we are ready to go
[2026-05-20 20:29:15.387] AUTO-DISENGAGE: gear left Park (now R)
[2026-05-20 20:29:15.387] Husby was here, and we are ready to go
[2026-05-20 20:29:15.387] AUTO-DISENGAGE: gear left Park (now R)
[2026-05-20 20:29:15.387] Husby was here, and we are ready to go
[2026-05-20 20:29:15.389] AUTO-DISENGAGE: gear left Park (now R)
[2026-05-20 20:29:15.390] Husby was here, and we are ready to go
[2026-05-20 20:29:15.393] AUTO-DISENGAGE: gear left Park (now R)
[2026-05-20 20:29:15.393] Husby was here, and we are ready to go
[2026-05-20 20:29:15.398] AUTO-DISENGAGE: gear left Park (now R)
[2026-05-20 20:29:15.398] Husby was here, and we are ready to go
[2026-05-20 20:29:15.403] AUTO-DISENGAGE: gear left Park (now R)
[2026-05-20 20:29:15.403] Husby was here, and we are ready to go
[2026-05-20 20:29:15.407] AUTO-DISENGAGE: gear left Park (now R)
[2026-05-20 20:29:15.407] Husby was here, and we are ready to go
[2026-05-20 20:29:15.428] AUTO-DISENGAGE: gear left Park (now R)
[2026-05-20 20:29:15.428] Husby was here, and we are ready to go
[2026-05-20 20:29:15.447] AUTO-DISENGAGE: gear left Park (now R)
[2026-05-20 20:29:15.447] Husby was here, and we are ready to go
[2026-05-20 20:29:15.468] AUTO-DISENGAGE: gear left Park (now R)
[2026-05-20 20:29:15.468] Husby was here, and we are ready to go
[2026-05-20 20:29:15.488] AUTO-DISENGAGE: gear left Park (now R)
[2026-05-20 20:29:15.488] Husby was here, and we are ready to go
[2026-05-20 20:29:15.490] AUTO-DISENGAGE: gear left Park (now R)
[2026-05-20 20:29:15.490] Husby was here, and we are ready to go
[2026-05-20 20:29:15.508] AUTO-DISENGAGE: gear left Park (now R)
[2026-05-20 20:29:15.508] Husby was here, and we are ready to go
[2026-05-20 20:29:15.528] AUTO-DISENGAGE: gear left Park (now R)
[2026-05-20 20:29:15.528] Husby was here, and we are ready to go
[2026-05-20 20:29:15.547] AUTO-DISENGAGE: gear left Park (now R)
[2026-05-20 20:29:15.548] Husby was here, and we are ready to go
[2026-05-20 20:29:15.568] AUTO-DISENGAGE: gear left Park (now R)
[2026-05-20 20:29:15.568] Husby was here, and we are ready to go
[2026-05-20 20:29:15.588] AUTO-DISENGAGE: gear left Park (now R)
[2026-05-20 20:29:15.588] Husby was here, and we are ready to go
[2026-05-20 20:29:15.590] AUTO-DISENGAGE: gear left Park (now R)
[2026-05-20 20:29:15.590] Husby was here, and we are ready to go
[2026-05-20 20:29:15.608] AUTO-DISENGAGE: gear left Park (now R)
[2026-05-20 20:29:15.608] Husby was here, and we are ready to go
[2026-05-20 20:29:15.608] SHIFT post-burst gear: R (requested R)
[2026-05-20 20:29:15.628] AUTO-DISENGAGE: gear left Park (now R)
[2026-05-20 20:29:15.628] Husby was here, and we are ready to go
[2026-05-20 20:29:15.648] AUTO-DISENGAGE: gear left Park (now R)
[2026-05-20 20:29:15.648] Husby was here, and we are ready to go
[2026-05-20 20:29:15.668] AUTO-DISENGAGE: gear left Park (now R)
[2026-05-20 20:29:15.668] Husby was here, and we are ready to go
[2026-05-20 20:29:15.688] AUTO-DISENGAGE: gear left Park (now R)
[2026-05-20 20:29:15.688] Husby was here, and we are ready to go
[2026-05-20 20:29:15.690] AUTO-DISENGAGE: gear left Park (now R)
[2026-05-20 20:29:15.690] Husby was here, and we are ready to go
[2026-05-20 20:29:15.708] AUTO-DISENGAGE: gear left Park (now R)
[2026-05-20 20:29:15.708] Husby was here, and we are ready to go
[2026-05-20 20:29:15.728] AUTO-DISENGAGE: gear left Park (now R)
[2026-05-20 20:29:15.728] Husby was here, and we are ready to go
[2026-05-20 20:29:15.747] AUTO-DISENGAGE: gear left Park (now R)
[2026-05-20 20:29:15.747] Husby was here, and we are ready to go
[2026-05-20 20:29:15.768] AUTO-DISENGAGE: gear left Park (now R)
[2026-05-20 20:29:15.768] Husby was here, and we are ready to go
[2026-05-20 20:29:15.788] AUTO-DISENGAGE: gear left Park (now R)
[2026-05-20 20:29:15.788] Husby was here, and we are ready to go
[2026-05-20 20:29:15.790] AUTO-DISENGAGE: gear left Park (now R)
[2026-05-20 20:29:15.790] Husby was here, and we are ready to go
[2026-05-20 20:29:15.808] AUTO-DISENGAGE: gear left Park (now R)
[2026-05-20 20:29:15.808] Husby was here, and we are ready to go
[2026-05-20 20:29:15.828] AUTO-DISENGAGE: gear left Park (now R)
[2026-05-20 20:29:15.828] Husby was here, and we are ready to go
[2026-05-20 20:29:15.848] AUTO-DISENGAGE: gear left Park (now R)
[2026-05-20 20:29:15.848] Husby was here, and we are ready to go
[2026-05-20 20:29:15.868] AUTO-DISENGAGE: gear left Park (now R)
[2026-05-20 20:29:15.868] Husby was here, and we are ready to go
[2026-05-20 20:29:15.888] AUTO-DISENGAGE: gear left Park (now R)
[2026-05-20 20:29:15.888] Husby was here, and we are ready to go
[2026-05-20 20:29:15.890] AUTO-DISENGAGE: gear left Park (now R)
[2026-05-20 20:29:15.890] Husby was here, and we are ready to go
[2026-05-20 20:29:15.908] AUTO-DISENGAGE: gear left Park (now R)
[2026-05-20 20:29:15.908] Husby was here, and we are ready to go
[2026-05-20 20:29:15.928] AUTO-DISENGAGE: gear left Park (now R)
[2026-05-20 20:29:15.928] Husby was here, and we are ready to go
[2026-05-20 20:29:15.948] AUTO-DISENGAGE: gear left Park (now R)
[2026-05-20 20:29:15.948] Husby was here, and we are ready to go
[2026-05-20 20:29:15.968] AUTO-DISENGAGE: gear left Park (now R)
[2026-05-20 20:29:15.968] Husby was here, and we are ready to go
[2026-05-20 20:29:15.989] AUTO-DISENGAGE: gear left Park (now R)
[2026-05-20 20:29:15.989] Husby was here, and we are ready to go
[2026-05-20 20:29:15.989] AUTO-DISENGAGE: gear left Park (now R)
[2026-05-20 20:29:15.990] Husby was here, and we are ready to go
[2026-05-20 20:29:16.008] AUTO-DISENGAGE: gear left Park (now R)
[2026-05-20 20:29:16.008] Husby was here, and we are ready to go
[2026-05-20 20:29:16.028] AUTO-DISENGAGE: gear left Park (now R)
[2026-05-20 20:29:16.028] Husby was here, and we are ready to go
[2026-05-20 20:29:16.047] AUTO-DISENGAGE: gear left Park (now R)
[2026-05-20 20:29:16.047] Husby was here, and we are ready to go
[2026-05-20 20:29:16.067] AUTO-DISENGAGE: gear left Park (now R)
[2026-05-20 20:29:16.068] Husby was here, and we are ready to go
[2026-05-20 20:29:16.088] AUTO-DISENGAGE: gear left Park (now R)
[2026-05-20 20:29:16.088] Husby was here, and we are ready to go
[2026-05-20 20:29:16.090] AUTO-DISENGAGE: gear left Park (now R)
[2026-05-20 20:29:16.090] Husby was here, and we are ready to go
[2026-05-20 20:29:16.108] AUTO-DISENGAGE: gear left Park (now R)
[2026-05-20 20:29:16.108] Husby was here, and we are ready to go
[2026-05-20 20:29:16.128] AUTO-DISENGAGE: gear left Park (now R)
[2026-05-20 20:29:16.128] Husby was here, and we are ready to go
[2026-05-20 20:29:16.148] AUTO-DISENGAGE: gear left Park (now R)
[2026-05-20 20:29:16.148] Husby was here, and we are ready to go
[2026-05-20 20:29:16.168] AUTO-DISENGAGE: gear left Park (now R)
[2026-05-20 20:29:16.168] Husby was here, and we are ready to go
[2026-05-20 20:29:16.188] AUTO-DISENGAGE: gear left Park (now R)
[2026-05-20 20:29:16.188] Husby was here, and we are ready to go
[2026-05-20 20:29:16.189] AUTO-DISENGAGE: gear left Park (now R)
[2026-05-20 20:29:16.190] Husby was here, and we are ready to go
[2026-05-20 20:29:16.208] AUTO-DISENGAGE: gear left Park (now R)
[2026-05-20 20:29:16.208] Husby was here, and we are ready to go
[2026-05-20 20:29:16.228] AUTO-DISENGAGE: gear left Park (now R)
[2026-05-20 20:29:16.228] Husby was here, and we are ready to go
[2026-05-20 20:29:16.248] AUTO-DISENGAGE: gear left Park (now R)
[2026-05-20 20:29:16.248] Husby was here, and we are ready to go
[2026-05-20 20:29:16.268] AUTO-DISENGAGE: gear left Park (now R)
[2026-05-20 20:29:16.268] Husby was here, and we are ready to go
[2026-05-20 20:29:16.289] AUTO-DISENGAGE: gear left Park (now R)
[2026-05-20 20:29:16.289] Husby was here, and we are ready to go
[2026-05-20 20:29:16.290] AUTO-DISENGAGE: gear left Park (now R)
[2026-05-20 20:29:16.290] Husby was here, and we are ready to go
[2026-05-20 20:29:16.308] AUTO-DISENGAGE: gear left Park (now R)
[2026-05-20 20:29:16.308] Husby was here, and we are ready to go
[2026-05-20 20:29:16.328] AUTO-DISENGAGE: gear left Park (now R)
[2026-05-20 20:29:16.328] Husby was here, and we are ready to go
[2026-05-20 20:29:16.348] AUTO-DISENGAGE: gear left Park (now R)
[2026-05-20 20:29:16.348] Husby was here, and we are ready to go
[2026-05-20 20:29:16.368] AUTO-DISENGAGE: gear left Park (now R)
[2026-05-20 20:29:16.368] Husby was here, and we are ready to go
[2026-05-20 20:29:16.389] AUTO-DISENGAGE: gear left Park (now R)
[2026-05-20 20:29:16.389] Husby was here, and we are ready to go
[2026-05-20 20:29:16.390] AUTO-DISENGAGE: gear left Park (now R)
[2026-05-20 20:29:16.390] Husby was here, and we are ready to go
[2026-05-20 20:29:16.408] AUTO-DISENGAGE: gear left Park (now R)
[2026-05-20 20:29:16.408] Husby was here, and we are ready to go
[2026-05-20 20:29:16.429] AUTO-DISENGAGE: gear left Park (now R)
[2026-05-20 20:29:16.429] Husby was here, and we are ready to go
[2026-05-20 20:29:16.447] AUTO-DISENGAGE: gear left Park (now R)
[2026-05-20 20:29:16.447] Husby was here, and we are ready to go
[2026-05-20 20:29:16.468] AUTO-DISENGAGE: gear left Park (now R)
[2026-05-20 20:29:16.468] Husby was here, and we are ready to go
[2026-05-20 20:29:16.489] AUTO-DISENGAGE: gear left Park (now R)
[2026-05-20 20:29:16.489] Husby was here, and we are ready to go
[2026-05-20 20:29:16.490] AUTO-DISENGAGE: gear left Park (now R)
[2026-05-20 20:29:16.490] Husby was here, and we are ready to go
[2026-05-20 20:29:16.508] AUTO-DISENGAGE: gear left Park (now R)
[2026-05-20 20:29:16.508] Husby was here, and we are ready to go
[2026-05-20 20:29:16.528] AUTO-DISENGAGE: gear left Park (now R)
[2026-05-20 20:29:16.528] Husby was here, and we are ready to go
[2026-05-20 20:29:16.548] AUTO-DISENGAGE: gear left Park (now R)
[2026-05-20 20:29:16.548] Husby was here, and we are ready to go
[2026-05-20 20:29:16.568] AUTO-DISENGAGE: gear left Park (now R)
[2026-05-20 20:29:16.568] Husby was here, and we are ready to go
[2026-05-20 20:29:16.588] AUTO-DISENGAGE: gear left Park (now R)
[2026-05-20 20:29:16.588] Husby was here, and we are ready to go
[2026-05-20 20:29:16.590] AUTO-DISENGAGE: gear left Park (now R)
[2026-05-20 20:29:16.590] Husby was here, and we are ready to go
[2026-05-20 20:29:16.608] AUTO-DISENGAGE: gear left Park (now R)
[2026-05-20 20:29:16.608] Husby was here, and we are ready to go
[2026-05-20 20:29:16.628] AUTO-DISENGAGE: gear left Park (now R)
[2026-05-20 20:29:16.628] Husby was here, and we are ready to go
[2026-05-20 20:29:16.648] AUTO-DISENGAGE: gear left Park (now R)
[2026-05-20 20:29:16.648] Husby was here, and we are ready to go
[2026-05-20 20:29:16.668] AUTO-DISENGAGE: gear left Park (now R)
[2026-05-20 20:29:16.668] Husby was here, and we are ready to go
[2026-05-20 20:29:16.689] AUTO-DISENGAGE: gear left Park (now R)
[2026-05-20 20:29:16.689] Husby was here, and we are ready to go
[2026-05-20 20:29:16.690] AUTO-DISENGAGE: gear left Park (now R)
[2026-05-20 20:29:16.690] Husby was here, and we are ready to go
[2026-05-20 20:29:16.708] AUTO-DISENGAGE: gear left Park (now R)
[2026-05-20 20:29:16.708] Husby was here, and we are ready to go
[2026-05-20 20:29:16.728] AUTO-DISENGAGE: gear left Park (now R)
[2026-05-20 20:29:16.728] Husby was here, and we are ready to go
[2026-05-20 20:29:16.748] AUTO-DISENGAGE: gear left Park (now R)
[2026-05-20 20:29:16.748] Husby was here, and we are ready to go
[2026-05-20 20:29:16.768] AUTO-DISENGAGE: gear left Park (now R)
[2026-05-20 20:29:16.768] Husby was here, and we are ready to go
[2026-05-20 20:29:16.788] AUTO-DISENGAGE: gear left Park (now R)
[2026-05-20 20:29:16.788] Husby was here, and we are ready to go
[2026-05-20 20:29:16.790] AUTO-DISENGAGE: gear left Park (now R)
[2026-05-20 20:29:16.790] Husby was here, and we are ready to go
[2026-05-20 20:29:16.808] AUTO-DISENGAGE: gear left Park (now R)
[2026-05-20 20:29:16.808] Husby was here, and we are ready to go
[2026-05-20 20:29:16.828] AUTO-DISENGAGE: gear left Park (now R)
[2026-05-20 20:29:16.828] Husby was here, and we are ready to go
[2026-05-20 20:29:16.848] AUTO-DISENGAGE: gear left Park (now R)
[2026-05-20 20:29:16.848] Husby was here, and we are ready to go
[2026-05-20 20:29:16.868] AUTO-DISENGAGE: gear left Park (now R)
[2026-05-20 20:29:16.868] Husby was here, and we are ready to go
[2026-05-20 20:29:16.888] AUTO-DISENGAGE: gear left Park (now R)
[2026-05-20 20:29:16.888] Husby was here, and we are ready to go
[2026-05-20 20:29:16.890] AUTO-DISENGAGE: gear left Park (now R)
[2026-05-20 20:29:16.890] Husby was here, and we are ready to go
[2026-05-20 20:29:16.908] AUTO-DISENGAGE: gear left Park (now R)
[2026-05-20 20:29:16.908] Husby was here, and we are ready to go
[2026-05-20 20:29:16.928] AUTO-DISENGAGE: gear left Park (now R)
[2026-05-20 20:29:16.928] Husby was here, and we are ready to go
[2026-05-20 20:29:16.941] rc: RND switch -> N, queuing shift
[2026-05-20 20:29:16.948] AUTO-DISENGAGE: gear left Park (now R)
[2026-05-20 20:29:16.948] Husby was here, and we are ready to go
[2026-05-20 20:29:16.956] shift requested: N
[2026-05-20 20:29:16.968] AUTO-DISENGAGE: gear left Park (now R)
[2026-05-20 20:29:16.968] Husby was here, and we are ready to go
[2026-05-20 20:29:16.968] SHIFT: requesting N via 0x6D burst (30 active + 10 idle frames at 200 Hz)
[2026-05-20 20:29:16.973] AUTO-DISENGAGE: gear left Park (now R)
[2026-05-20 20:29:16.973] Husby was here, and we are ready to go
[2026-05-20 20:29:16.977] AUTO-DISENGAGE: gear left Park (now R)
[2026-05-20 20:29:16.977] Husby was here, and we are ready to go
[2026-05-20 20:29:16.982] AUTO-DISENGAGE: gear left Park (now R)
[2026-05-20 20:29:16.982] Husby was here, and we are ready to go
[2026-05-20 20:29:16.988] AUTO-DISENGAGE: gear left Park (now R)
[2026-05-20 20:29:16.988] Husby was here, and we are ready to go
[2026-05-20 20:29:16.988] AUTO-DISENGAGE: gear left Park (now R)
[2026-05-20 20:29:16.988] Husby was here, and we are ready to go
[2026-05-20 20:29:16.989] AUTO-DISENGAGE: gear left Park (now R)
[2026-05-20 20:29:16.990] Husby was here, and we are ready to go
[2026-05-20 20:29:16.993] AUTO-DISENGAGE: gear left Park (now R)
[2026-05-20 20:29:16.994] Husby was here, and we are ready to go
[2026-05-20 20:29:16.998] AUTO-DISENGAGE: gear left Park (now R)
[2026-05-20 20:29:16.998] Husby was here, and we are ready to go
[2026-05-20 20:29:17.003] AUTO-DISENGAGE: gear left Park (now R)
[2026-05-20 20:29:17.003] Husby was here, and we are ready to go
[2026-05-20 20:29:17.007] AUTO-DISENGAGE: gear left Park (now R)
[2026-05-20 20:29:17.007] Husby was here, and we are ready to go
[2026-05-20 20:29:17.008] AUTO-DISENGAGE: gear left Park (now R)
[2026-05-20 20:29:17.008] Husby was here, and we are ready to go
[2026-05-20 20:29:17.014] AUTO-DISENGAGE: gear left Park (now R)
[2026-05-20 20:29:17.014] Husby was here, and we are ready to go
[2026-05-20 20:29:17.018] AUTO-DISENGAGE: gear left Park (now R)
[2026-05-20 20:29:17.018] Husby was here, and we are ready to go
[2026-05-20 20:29:17.023] AUTO-DISENGAGE: gear left Park (now R)
[2026-05-20 20:29:17.023] Husby was here, and we are ready to go
[2026-05-20 20:29:17.027] AUTO-DISENGAGE: gear left Park (now R)
[2026-05-20 20:29:17.027] Husby was here, and we are ready to go
[2026-05-20 20:29:17.028] AUTO-DISENGAGE: gear left Park (now R)
[2026-05-20 20:29:17.028] Husby was here, and we are ready to go
[2026-05-20 20:29:17.034] AUTO-DISENGAGE: gear left Park (now R)
[2026-05-20 20:29:17.034] Husby was here, and we are ready to go
[2026-05-20 20:29:17.038] AUTO-DISENGAGE: gear left Park (now R)
[2026-05-20 20:29:17.038] Husby was here, and we are ready to go
[2026-05-20 20:29:17.043] AUTO-DISENGAGE: gear left Park (now R)
[2026-05-20 20:29:17.043] Husby was here, and we are ready to go
[2026-05-20 20:29:17.047] AUTO-DISENGAGE: gear left Park (now R)
[2026-05-20 20:29:17.047] Husby was here, and we are ready to go
[2026-05-20 20:29:17.048] AUTO-DISENGAGE: gear left Park (now R)
[2026-05-20 20:29:17.048] Husby was here, and we are ready to go
[2026-05-20 20:29:17.053] AUTO-DISENGAGE: gear left Park (now R)
[2026-05-20 20:29:17.053] Husby was here, and we are ready to go
[2026-05-20 20:29:17.058] AUTO-DISENGAGE: gear left Park (now R)
[2026-05-20 20:29:17.058] Husby was here, and we are ready to go
[2026-05-20 20:29:17.063] AUTO-DISENGAGE: gear left Park (now R)
[2026-05-20 20:29:17.063] Husby was here, and we are ready to go
[2026-05-20 20:29:17.067] AUTO-DISENGAGE: gear left Park (now R)
[2026-05-20 20:29:17.067] Husby was here, and we are ready to go
[2026-05-20 20:29:17.068] AUTO-DISENGAGE: gear left Park (now R)
[2026-05-20 20:29:17.068] Husby was here, and we are ready to go
[2026-05-20 20:29:17.073] AUTO-DISENGAGE: gear left Park (now R)
[2026-05-20 20:29:17.073] Husby was here, and we are ready to go
[2026-05-20 20:29:17.079] AUTO-DISENGAGE: gear left Park (now R)
[2026-05-20 20:29:17.079] Husby was here, and we are ready to go
[2026-05-20 20:29:17.083] AUTO-DISENGAGE: gear left Park (now R)
[2026-05-20 20:29:17.083] Husby was here, and we are ready to go
[2026-05-20 20:29:17.087] AUTO-DISENGAGE: gear left Park (now R)
[2026-05-20 20:29:17.087] Husby was here, and we are ready to go
[2026-05-20 20:29:17.088] AUTO-DISENGAGE: gear left Park (now R)
[2026-05-20 20:29:17.088] Husby was here, and we are ready to go
[2026-05-20 20:29:17.090] AUTO-DISENGAGE: gear left Park (now R)
[2026-05-20 20:29:17.090] Husby was here, and we are ready to go
[2026-05-20 20:29:17.094] AUTO-DISENGAGE: gear left Park (now R)
[2026-05-20 20:29:17.094] Husby was here, and we are ready to go
[2026-05-20 20:29:17.098] AUTO-DISENGAGE: gear left Park (now R)
[2026-05-20 20:29:17.098] Husby was here, and we are ready to go
[2026-05-20 20:29:17.103] AUTO-DISENGAGE: gear left Park (now R)
[2026-05-20 20:29:17.103] Husby was here, and we are ready to go
[2026-05-20 20:29:17.107] AUTO-DISENGAGE: gear left Park (now R)
[2026-05-20 20:29:17.108] Husby was here, and we are ready to go
[2026-05-20 20:29:17.108] AUTO-DISENGAGE: gear left Park (now R)
[2026-05-20 20:29:17.108] Husby was here, and we are ready to go
[2026-05-20 20:29:17.113] AUTO-DISENGAGE: gear left Park (now R)
[2026-05-20 20:29:17.114] Husby was here, and we are ready to go
[2026-05-20 20:29:17.118] AUTO-DISENGAGE: gear left Park (now R)
[2026-05-20 20:29:17.118] Husby was here, and we are ready to go
[2026-05-20 20:29:17.123] AUTO-DISENGAGE: gear left Park (now R)
[2026-05-20 20:29:17.123] Husby was here, and we are ready to go
[2026-05-20 20:29:17.127] AUTO-DISENGAGE: gear left Park (now R)
[2026-05-20 20:29:17.127] Husby was here, and we are ready to go
[2026-05-20 20:29:17.128] AUTO-DISENGAGE: gear left Park (now R)
[2026-05-20 20:29:17.128] Husby was here, and we are ready to go
[2026-05-20 20:29:17.133] AUTO-DISENGAGE: gear left Park (now R)
[2026-05-20 20:29:17.134] Husby was here, and we are ready to go
[2026-05-20 20:29:17.138] AUTO-DISENGAGE: gear left Park (now R)
[2026-05-20 20:29:17.138] Husby was here, and we are ready to go
[2026-05-20 20:29:17.143] AUTO-DISENGAGE: gear left Park (now R)
[2026-05-20 20:29:17.143] Husby was here, and we are ready to go
[2026-05-20 20:29:17.147] AUTO-DISENGAGE: gear left Park (now R)
[2026-05-20 20:29:17.147] Husby was here, and we are ready to go
[2026-05-20 20:29:17.148] AUTO-DISENGAGE: gear left Park (now R)
[2026-05-20 20:29:17.148] Husby was here, and we are ready to go
[2026-05-20 20:29:17.153] AUTO-DISENGAGE: gear left Park (now R)
[2026-05-20 20:29:17.153] Husby was here, and we are ready to go
[2026-05-20 20:29:17.158] AUTO-DISENGAGE: gear left Park (now R)
[2026-05-20 20:29:17.158] Husby was here, and we are ready to go
[2026-05-20 20:29:17.163] AUTO-DISENGAGE: gear left Park (now R)
[2026-05-20 20:29:17.163] Husby was here, and we are ready to go
[2026-05-20 20:29:17.167] AUTO-DISENGAGE: gear left Park (now R)
[2026-05-20 20:29:17.167] Husby was here, and we are ready to go
[2026-05-20 20:29:17.188] AUTO-DISENGAGE: gear left Park (now R)
[2026-05-20 20:29:17.189] Husby was here, and we are ready to go
[2026-05-20 20:29:17.190] AUTO-DISENGAGE: gear left Park (now R)
[2026-05-20 20:29:17.190] Husby was here, and we are ready to go
[2026-05-20 20:29:17.207] AUTO-DISENGAGE: gear left Park (now R)
[2026-05-20 20:29:17.208] Husby was here, and we are ready to go
[2026-05-20 20:29:17.234] AUTO-DISENGAGE: gear left Park (now R)
[2026-05-20 20:29:17.234] Husby was here, and we are ready to go
[2026-05-20 20:29:17.253] gear: R -> N
[2026-05-20 20:29:17.253] AUTO-DISENGAGE: gear left Park (now N)
[2026-05-20 20:29:17.253] Husby was here, and we are ready to go
[2026-05-20 20:29:17.267] rc: RND switch -> D, queuing shift
[2026-05-20 20:29:17.274] AUTO-DISENGAGE: gear left Park (now N)
[2026-05-20 20:29:17.274] Husby was here, and we are ready to go
[2026-05-20 20:29:17.291] AUTO-DISENGAGE: gear left Park (now N)
[2026-05-20 20:29:17.291] Husby was here, and we are ready to go
[2026-05-20 20:29:17.293] AUTO-DISENGAGE: gear left Park (now N)
[2026-05-20 20:29:17.293] Husby was here, and we are ready to go
[2026-05-20 20:29:17.316] AUTO-DISENGAGE: gear left Park (now N)
[2026-05-20 20:29:17.316] Husby was here, and we are ready to go
[2026-05-20 20:29:17.336] AUTO-DISENGAGE: gear left Park (now N)
[2026-05-20 20:29:17.336] Husby was here, and we are ready to go
[2026-05-20 20:29:17.356] AUTO-DISENGAGE: gear left Park (now N)
[2026-05-20 20:29:17.356] Husby was here, and we are ready to go
[2026-05-20 20:29:17.376] AUTO-DISENGAGE: gear left Park (now N)
[2026-05-20 20:29:17.376] Husby was here, and we are ready to go
[2026-05-20 20:29:17.376] SHIFT post-burst gear: N (requested N)
[2026-05-20 20:29:17.390] AUTO-DISENGAGE: gear left Park (now N)
[2026-05-20 20:29:17.390] Husby was here, and we are ready to go
[2026-05-20 20:29:17.396] AUTO-DISENGAGE: gear left Park (now N)
[2026-05-20 20:29:17.396] Husby was here, and we are ready to go
[2026-05-20 20:29:17.416] AUTO-DISENGAGE: gear left Park (now N)
[2026-05-20 20:29:17.416] Husby was here, and we are ready to go
[2026-05-20 20:29:17.436] AUTO-DISENGAGE: gear left Park (now N)
[2026-05-20 20:29:17.436] Husby was here, and we are ready to go
[2026-05-20 20:29:17.456] AUTO-DISENGAGE: gear left Park (now N)
[2026-05-20 20:29:17.456] Husby was here, and we are ready to go
[2026-05-20 20:29:17.476] AUTO-DISENGAGE: gear left Park (now N)
[2026-05-20 20:29:17.476] Husby was here, and we are ready to go
[2026-05-20 20:29:17.491] AUTO-DISENGAGE: gear left Park (now N)
[2026-05-20 20:29:17.491] Husby was here, and we are ready to go
[2026-05-20 20:29:17.496] AUTO-DISENGAGE: gear left Park (now N)
[2026-05-20 20:29:17.496] Husby was here, and we are ready to go
[2026-05-20 20:29:17.516] AUTO-DISENGAGE: gear left Park (now N)
[2026-05-20 20:29:17.516] Husby was here, and we are ready to go
[2026-05-20 20:29:17.536] AUTO-DISENGAGE: gear left Park (now N)
[2026-05-20 20:29:17.536] Husby was here, and we are ready to go
[2026-05-20 20:29:17.556] AUTO-DISENGAGE: gear left Park (now N)
[2026-05-20 20:29:17.556] Husby was here, and we are ready to go
[2026-05-20 20:29:17.576] AUTO-DISENGAGE: gear left Park (now N)
[2026-05-20 20:29:17.576] Husby was here, and we are ready to go
[2026-05-20 20:29:17.590] AUTO-DISENGAGE: gear left Park (now N)
[2026-05-20 20:29:17.590] Husby was here, and we are ready to go
[2026-05-20 20:29:17.596] AUTO-DISENGAGE: gear left Park (now N)
[2026-05-20 20:29:17.596] Husby was here, and we are ready to go
[2026-05-20 20:29:17.616] AUTO-DISENGAGE: gear left Park (now N)
[2026-05-20 20:29:17.616] Husby was here, and we are ready to go
[2026-05-20 20:29:17.637] AUTO-DISENGAGE: gear left Park (now N)
[2026-05-20 20:29:17.637] Husby was here, and we are ready to go
[2026-05-20 20:29:17.656] AUTO-DISENGAGE: gear left Park (now N)
[2026-05-20 20:29:17.657] Husby was here, and we are ready to go
[2026-05-20 20:29:17.677] AUTO-DISENGAGE: gear left Park (now N)
[2026-05-20 20:29:17.677] Husby was here, and we are ready to go
[2026-05-20 20:29:17.690] AUTO-DISENGAGE: gear left Park (now N)
[2026-05-20 20:29:17.690] Husby was here, and we are ready to go
[2026-05-20 20:29:17.696] AUTO-DISENGAGE: gear left Park (now N)
[2026-05-20 20:29:17.696] Husby was here, and we are ready to go
[2026-05-20 20:29:17.716] AUTO-DISENGAGE: gear left Park (now N)
[2026-05-20 20:29:17.716] Husby was here, and we are ready to go
[2026-05-20 20:29:17.736] AUTO-DISENGAGE: gear left Park (now N)
[2026-05-20 20:29:17.736] Husby was here, and we are ready to go
[2026-05-20 20:29:17.756] AUTO-DISENGAGE: gear left Park (now N)
[2026-05-20 20:29:17.756] Husby was here, and we are ready to go
[2026-05-20 20:29:17.776] AUTO-DISENGAGE: gear left Park (now N)
[2026-05-20 20:29:17.777] Husby was here, and we are ready to go
[2026-05-20 20:29:17.790] AUTO-DISENGAGE: gear left Park (now N)
[2026-05-20 20:29:17.790] Husby was here, and we are ready to go
[2026-05-20 20:29:17.796] AUTO-DISENGAGE: gear left Park (now N)
[2026-05-20 20:29:17.796] Husby was here, and we are ready to go
[2026-05-20 20:29:17.816] AUTO-DISENGAGE: gear left Park (now N)
[2026-05-20 20:29:17.816] Husby was here, and we are ready to go
[2026-05-20 20:29:17.836] AUTO-DISENGAGE: gear left Park (now N)
[2026-05-20 20:29:17.836] Husby was here, and we are ready to go
[2026-05-20 20:29:17.856] AUTO-DISENGAGE: gear left Park (now N)
[2026-05-20 20:29:17.856] Husby was here, and we are ready to go
[2026-05-20 20:29:17.877] AUTO-DISENGAGE: gear left Park (now N)
[2026-05-20 20:29:17.877] Husby was here, and we are ready to go
[2026-05-20 20:29:17.890] AUTO-DISENGAGE: gear left Park (now N)
[2026-05-20 20:29:17.890] Husby was here, and we are ready to go
[2026-05-20 20:29:17.896] AUTO-DISENGAGE: gear left Park (now N)
[2026-05-20 20:29:17.896] Husby was here, and we are ready to go
[2026-05-20 20:29:17.916] AUTO-DISENGAGE: gear left Park (now N)
[2026-05-20 20:29:17.916] Husby was here, and we are ready to go
[2026-05-20 20:29:17.936] AUTO-DISENGAGE: gear left Park (now N)
[2026-05-20 20:29:17.936] Husby was here, and we are ready to go
[2026-05-20 20:29:17.957] AUTO-DISENGAGE: gear left Park (now N)
[2026-05-20 20:29:17.957] Husby was here, and we are ready to go
[2026-05-20 20:29:17.976] AUTO-DISENGAGE: gear left Park (now N)
[2026-05-20 20:29:17.976] Husby was here, and we are ready to go
[2026-05-20 20:29:17.990] AUTO-DISENGAGE: gear left Park (now N)
[2026-05-20 20:29:17.990] Husby was here, and we are ready to go
[2026-05-20 20:29:17.996] AUTO-DISENGAGE: gear left Park (now N)
[2026-05-20 20:29:17.996] Husby was here, and we are ready to go
[2026-05-20 20:29:18.016] AUTO-DISENGAGE: gear left Park (now N)
[2026-05-20 20:29:18.016] Husby was here, and we are ready to go
[2026-05-20 20:29:18.036] AUTO-DISENGAGE: gear left Park (now N)
[2026-05-20 20:29:18.036] Husby was here, and we are ready to go
[2026-05-20 20:29:18.056] AUTO-DISENGAGE: gear left Park (now N)
[2026-05-20 20:29:18.056] Husby was here, and we are ready to go
[2026-05-20 20:29:18.076] AUTO-DISENGAGE: gear left Park (now N)
[2026-05-20 20:29:18.076] Husby was here, and we are ready to go
[2026-05-20 20:29:18.090] AUTO-DISENGAGE: gear left Park (now N)
[2026-05-20 20:29:18.090] Husby was here, and we are ready to go
[2026-05-20 20:29:18.096] AUTO-DISENGAGE: gear left Park (now N)
[2026-05-20 20:29:18.096] Husby was here, and we are ready to go
[2026-05-20 20:29:18.116] AUTO-DISENGAGE: gear left Park (now N)
[2026-05-20 20:29:18.117] Husby was here, and we are ready to go
[2026-05-20 20:29:18.136] AUTO-DISENGAGE: gear left Park (now N)
[2026-05-20 20:29:18.136] Husby was here, and we are ready to go
[2026-05-20 20:29:18.156] AUTO-DISENGAGE: gear left Park (now N)
[2026-05-20 20:29:18.156] Husby was here, and we are ready to go
[2026-05-20 20:29:18.176] AUTO-DISENGAGE: gear left Park (now N)
[2026-05-20 20:29:18.176] Husby was here, and we are ready to go
[2026-05-20 20:29:18.190] AUTO-DISENGAGE: gear left Park (now N)
[2026-05-20 20:29:18.190] Husby was here, and we are ready to go
[2026-05-20 20:29:18.196] AUTO-DISENGAGE: gear left Park (now N)
[2026-05-20 20:29:18.196] Husby was here, and we are ready to go
[2026-05-20 20:29:18.216] AUTO-DISENGAGE: gear left Park (now N)
[2026-05-20 20:29:18.216] Husby was here, and we are ready to go
[2026-05-20 20:29:18.236] AUTO-DISENGAGE: gear left Park (now N)
[2026-05-20 20:29:18.236] Husby was here, and we are ready to go
[2026-05-20 20:29:18.256] AUTO-DISENGAGE: gear left Park (now N)
[2026-05-20 20:29:18.256] Husby was here, and we are ready to go
[2026-05-20 20:29:18.277] AUTO-DISENGAGE: gear left Park (now N)
[2026-05-20 20:29:18.277] Husby was here, and we are ready to go
[2026-05-20 20:29:18.292] AUTO-DISENGAGE: gear left Park (now N)
[2026-05-20 20:29:18.292] Husby was here, and we are ready to go
[2026-05-20 20:29:18.295] AUTO-DISENGAGE: gear left Park (now N)
[2026-05-20 20:29:18.295] Husby was here, and we are ready to go
[2026-05-20 20:29:18.316] AUTO-DISENGAGE: gear left Park (now N)
[2026-05-20 20:29:18.317] Husby was here, and we are ready to go
[2026-05-20 20:29:18.336] AUTO-DISENGAGE: gear left Park (now N)
[2026-05-20 20:29:18.337] Husby was here, and we are ready to go
[2026-05-20 20:29:18.357] AUTO-DISENGAGE: gear left Park (now N)
[2026-05-20 20:29:18.357] Husby was here, and we are ready to go
[2026-05-20 20:29:18.376] AUTO-DISENGAGE: gear left Park (now N)
[2026-05-20 20:29:18.376] Husby was here, and we are ready to go
[2026-05-20 20:29:18.391] AUTO-DISENGAGE: gear left Park (now N)
[2026-05-20 20:29:18.391] Husby was here, and we are ready to go
[2026-05-20 20:29:18.396] AUTO-DISENGAGE: gear left Park (now N)
[2026-05-20 20:29:18.396] Husby was here, and we are ready to go
[2026-05-20 20:29:18.416] AUTO-DISENGAGE: gear left Park (now N)
[2026-05-20 20:29:18.416] Husby was here, and we are ready to go
[2026-05-20 20:29:18.436] AUTO-DISENGAGE: gear left Park (now N)
[2026-05-20 20:29:18.437] Husby was here, and we are ready to go
[2026-05-20 20:29:18.456] AUTO-DISENGAGE: gear left Park (now N)
[2026-05-20 20:29:18.456] Husby was here, and we are ready to go
[2026-05-20 20:29:18.477] AUTO-DISENGAGE: gear left Park (now N)
[2026-05-20 20:29:18.477] Husby was here, and we are ready to go
[2026-05-20 20:29:18.491] AUTO-DISENGAGE: gear left Park (now N)
[2026-05-20 20:29:18.491] Husby was here, and we are ready to go
[2026-05-20 20:29:18.496] AUTO-DISENGAGE: gear left Park (now N)
[2026-05-20 20:29:18.496] Husby was here, and we are ready to go
[2026-05-20 20:29:18.516] AUTO-DISENGAGE: gear left Park (now N)
[2026-05-20 20:29:18.516] Husby was here, and we are ready to go
[2026-05-20 20:29:18.536] AUTO-DISENGAGE: gear left Park (now N)
[2026-05-20 20:29:18.536] Husby was here, and we are ready to go
[2026-05-20 20:29:18.556] AUTO-DISENGAGE: gear left Park (now N)
[2026-05-20 20:29:18.556] Husby was here, and we are ready to go
[2026-05-20 20:29:18.576] AUTO-DISENGAGE: gear left Park (now N)
[2026-05-20 20:29:18.576] Husby was here, and we are ready to go
[2026-05-20 20:29:18.590] AUTO-DISENGAGE: gear left Park (now N)
[2026-05-20 20:29:18.590] Husby was here, and we are ready to go
[2026-05-20 20:29:18.596] AUTO-DISENGAGE: gear left Park (now N)
[2026-05-20 20:29:18.596] Husby was here, and we are ready to go
[2026-05-20 20:29:18.616] AUTO-DISENGAGE: gear left Park (now N)
[2026-05-20 20:29:18.616] Husby was here, and we are ready to go
[2026-05-20 20:29:18.636] AUTO-DISENGAGE: gear left Park (now N)
[2026-05-20 20:29:18.637] Husby was here, and we are ready to go
[2026-05-20 20:29:18.656] AUTO-DISENGAGE: gear left Park (now N)
[2026-05-20 20:29:18.657] Husby was here, and we are ready to go
[2026-05-20 20:29:18.677] AUTO-DISENGAGE: gear left Park (now N)
[2026-05-20 20:29:18.677] Husby was here, and we are ready to go
[2026-05-20 20:29:18.691] AUTO-DISENGAGE: gear left Park (now N)
[2026-05-20 20:29:18.692] Husby was here, and we are ready to go
[2026-05-20 20:29:18.695] AUTO-DISENGAGE: gear left Park (now N)
[2026-05-20 20:29:18.696] Husby was here, and we are ready to go
[2026-05-20 20:29:18.716] AUTO-DISENGAGE: gear left Park (now N)
[2026-05-20 20:29:18.716] Husby was here, and we are ready to go
[2026-05-20 20:29:18.736] AUTO-DISENGAGE: gear left Park (now N)
[2026-05-20 20:29:18.736] Husby was here, and we are ready to go
[2026-05-20 20:29:18.756] AUTO-DISENGAGE: gear left Park (now N)
[2026-05-20 20:29:18.756] Husby was here, and we are ready to go
[2026-05-20 20:29:18.776] AUTO-DISENGAGE: gear left Park (now N)
[2026-05-20 20:29:18.776] Husby was here, and we are ready to go
[2026-05-20 20:29:18.790] AUTO-DISENGAGE: gear left Park (now N)
[2026-05-20 20:29:18.790] Husby was here, and we are ready to go
[2026-05-20 20:29:18.796] AUTO-DISENGAGE: gear left Park (now N)
[2026-05-20 20:29:18.796] Husby was here, and we are ready to go
[2026-05-20 20:29:18.816] AUTO-DISENGAGE: gear left Park (now N)
[2026-05-20 20:29:18.816] Husby was here, and we are ready to go
[2026-05-20 20:29:18.836] AUTO-DISENGAGE: gear left Park (now N)
[2026-05-20 20:29:18.836] Husby was here, and we are ready to go
[2026-05-20 20:29:18.856] AUTO-DISENGAGE: gear left Park (now N)
[2026-05-20 20:29:18.856] Husby was here, and we are ready to go
[2026-05-20 20:29:18.876] AUTO-DISENGAGE: gear left Park (now N)
[2026-05-20 20:29:18.876] Husby was here, and we are ready to go
[2026-05-20 20:29:18.890] AUTO-DISENGAGE: gear left Park (now N)
[2026-05-20 20:29:18.890] Husby was here, and we are ready to go
[2026-05-20 20:29:18.896] AUTO-DISENGAGE: gear left Park (now N)
[2026-05-20 20:29:18.896] Husby was here, and we are ready to go
[2026-05-20 20:29:18.916] AUTO-DISENGAGE: gear left Park (now N)
[2026-05-20 20:29:18.916] Husby was here, and we are ready to go
[2026-05-20 20:29:18.936] AUTO-DISENGAGE: gear left Park (now N)
[2026-05-20 20:29:18.936] Husby was here, and we are ready to go
[2026-05-20 20:29:18.956] AUTO-DISENGAGE: gear left Park (now N)
[2026-05-20 20:29:18.956] Husby was here, and we are ready to go
[2026-05-20 20:29:18.976] AUTO-DISENGAGE: gear left Park (now N)
[2026-05-20 20:29:18.976] Husby was here, and we are ready to go
[2026-05-20 20:29:18.991] AUTO-DISENGAGE: gear left Park (now N)
[2026-05-20 20:29:18.991] Husby was here, and we are ready to go
[2026-05-20 20:29:18.996] AUTO-DISENGAGE: gear left Park (now N)
[2026-05-20 20:29:18.996] Husby was here, and we are ready to go
[2026-05-20 20:29:19.016] AUTO-DISENGAGE: gear left Park (now N)
[2026-05-20 20:29:19.016] Husby was here, and we are ready to go
[2026-05-20 20:29:19.037] AUTO-DISENGAGE: gear left Park (now N)
[2026-05-20 20:29:19.037] Husby was here, and we are ready to go
[2026-05-20 20:29:19.056] AUTO-DISENGAGE: gear left Park (now N)
[2026-05-20 20:29:19.056] Husby was here, and we are ready to go
[2026-05-20 20:29:19.077] AUTO-DISENGAGE: gear left Park (now N)
[2026-05-20 20:29:19.077] Husby was here, and we are ready to go
[2026-05-20 20:29:19.090] AUTO-DISENGAGE: gear left Park (now N)
[2026-05-20 20:29:19.090] Husby was here, and we are ready to go
[2026-05-20 20:29:19.096] AUTO-DISENGAGE: gear left Park (now N)
[2026-05-20 20:29:19.096] Husby was here, and we are ready to go
[2026-05-20 20:29:19.116] AUTO-DISENGAGE: gear left Park (now N)
[2026-05-20 20:29:19.116] Husby was here, and we are ready to go
[2026-05-20 20:29:19.136] AUTO-DISENGAGE: gear left Park (now N)
[2026-05-20 20:29:19.136] Husby was here, and we are ready to go
[2026-05-20 20:29:19.156] AUTO-DISENGAGE: gear left Park (now N)
[2026-05-20 20:29:19.156] Husby was here, and we are ready to go
[2026-05-20 20:29:19.176] AUTO-DISENGAGE: gear left Park (now N)
[2026-05-20 20:29:19.176] Husby was here, and we are ready to go
[2026-05-20 20:29:19.190] AUTO-DISENGAGE: gear left Park (now N)
[2026-05-20 20:29:19.190] Husby was here, and we are ready to go
[2026-05-20 20:29:19.196] AUTO-DISENGAGE: gear left Park (now N)
[2026-05-20 20:29:19.196] Husby was here, and we are ready to go
[2026-05-20 20:29:19.216] AUTO-DISENGAGE: gear left Park (now N)
[2026-05-20 20:29:19.216] Husby was here, and we are ready to go
[2026-05-20 20:29:19.236] AUTO-DISENGAGE: gear left Park (now N)
[2026-05-20 20:29:19.236] Husby was here, and we are ready to go
[2026-05-20 20:29:19.256] AUTO-DISENGAGE: gear left Park (now N)
[2026-05-20 20:29:19.256] Husby was here, and we are ready to go
[2026-05-20 20:29:19.277] AUTO-DISENGAGE: gear left Park (now N)
[2026-05-20 20:29:19.277] Husby was here, and we are ready to go
[2026-05-20 20:29:19.292] AUTO-DISENGAGE: gear left Park (now N)
[2026-05-20 20:29:19.292] Husby was here, and we are ready to go
[2026-05-20 20:29:19.296] AUTO-DISENGAGE: gear left Park (now N)
[2026-05-20 20:29:19.296] Husby was here, and we are ready to go
[2026-05-20 20:29:19.316] AUTO-DISENGAGE: gear left Park (now N)
[2026-05-20 20:29:19.316] Husby was here, and we are ready to go
[2026-05-20 20:29:19.337] AUTO-DISENGAGE: gear left Park (now N)
[2026-05-20 20:29:19.337] Husby was here, and we are ready to go
[2026-05-20 20:29:19.356] AUTO-DISENGAGE: gear left Park (now N)
[2026-05-20 20:29:19.356] Husby was here, and we are ready to go
[2026-05-20 20:29:19.377] AUTO-DISENGAGE: gear left Park (now N)
[2026-05-20 20:29:19.377] Husby was here, and we are ready to go
[2026-05-20 20:29:19.392] AUTO-DISENGAGE: gear left Park (now N)
[2026-05-20 20:29:19.392] Husby was here, and we are ready to go
[2026-05-20 20:29:19.396] AUTO-DISENGAGE: gear left Park (now N)
[2026-05-20 20:29:19.396] Husby was here, and we are ready to go
[2026-05-20 20:29:19.416] AUTO-DISENGAGE: gear left Park (now N)
[2026-05-20 20:29:19.416] Husby was here, and we are ready to go
[2026-05-20 20:29:19.436] AUTO-DISENGAGE: gear left Park (now N)
[2026-05-20 20:29:19.436] Husby was here, and we are ready to go
[2026-05-20 20:29:19.457] AUTO-DISENGAGE: gear left Park (now N)
[2026-05-20 20:29:19.457] Husby was here, and we are ready to go
[2026-05-20 20:29:19.477] AUTO-DISENGAGE: gear left Park (now N)
[2026-05-20 20:29:19.477] Husby was here, and we are ready to go
[2026-05-20 20:29:19.491] AUTO-DISENGAGE: gear left Park (now N)
[2026-05-20 20:29:19.491] Husby was here, and we are ready to go
[2026-05-20 20:29:19.496] AUTO-DISENGAGE: gear left Park (now N)
[2026-05-20 20:29:19.496] Husby was here, and we are ready to go
[2026-05-20 20:29:19.516] AUTO-DISENGAGE: gear left Park (now N)
[2026-05-20 20:29:19.516] Husby was here, and we are ready to go
[2026-05-20 20:29:19.536] AUTO-DISENGAGE: gear left Park (now N)
[2026-05-20 20:29:19.537] Husby was here, and we are ready to go
[2026-05-20 20:29:19.556] AUTO-DISENGAGE: gear left Park (now N)
[2026-05-20 20:29:19.556] Husby was here, and we are ready to go
[2026-05-20 20:29:19.576] rc: RND switch -> N, queuing shift
[2026-05-20 20:29:19.577] AUTO-DISENGAGE: gear left Park (now N)
[2026-05-20 20:29:19.577] Husby was here, and we are ready to go
[2026-05-20 20:29:19.579] shift requested: N
[2026-05-20 20:29:19.590] AUTO-DISENGAGE: gear left Park (now N)
[2026-05-20 20:29:19.590] Husby was here, and we are ready to go
[2026-05-20 20:29:19.590] SHIFT: requesting N via 0x6D burst (30 active + 10 idle frames at 200 Hz)
[2026-05-20 20:29:19.595] AUTO-DISENGAGE: gear left Park (now N)
[2026-05-20 20:29:19.595] Husby was here, and we are ready to go
[2026-05-20 20:29:19.595] AUTO-DISENGAGE: gear left Park (now N)
[2026-05-20 20:29:19.596] Husby was here, and we are ready to go
[2026-05-20 20:29:19.600] AUTO-DISENGAGE: gear left Park (now N)
[2026-05-20 20:29:19.600] Husby was here, and we are ready to go
[2026-05-20 20:29:19.605] AUTO-DISENGAGE: gear left Park (now N)
[2026-05-20 20:29:19.605] Husby was here, and we are ready to go
[2026-05-20 20:29:19.610] AUTO-DISENGAGE: gear left Park (now N)
[2026-05-20 20:29:19.610] Husby was here, and we are ready to go
[2026-05-20 20:29:19.615] AUTO-DISENGAGE: gear left Park (now N)
[2026-05-20 20:29:19.615] Husby was here, and we are ready to go
[2026-05-20 20:29:19.615] AUTO-DISENGAGE: gear left Park (now N)
[2026-05-20 20:29:19.616] Husby was here, and we are ready to go
[2026-05-20 20:29:19.620] AUTO-DISENGAGE: gear left Park (now N)
[2026-05-20 20:29:19.620] Husby was here, and we are ready to go
[2026-05-20 20:29:19.625] AUTO-DISENGAGE: gear left Park (now N)
[2026-05-20 20:29:19.625] Husby was here, and we are ready to go
[2026-05-20 20:29:19.630] AUTO-DISENGAGE: gear left Park (now N)
[2026-05-20 20:29:19.630] Husby was here, and we are ready to go
[2026-05-20 20:29:19.636] AUTO-DISENGAGE: gear left Park (now N)
[2026-05-20 20:29:19.636] Husby was here, and we are ready to go
[2026-05-20 20:29:19.636] AUTO-DISENGAGE: gear left Park (now N)
[2026-05-20 20:29:19.636] Husby was here, and we are ready to go
[2026-05-20 20:29:19.640] AUTO-DISENGAGE: gear left Park (now N)
[2026-05-20 20:29:19.640] Husby was here, and we are ready to go
[2026-05-20 20:29:19.645] AUTO-DISENGAGE: gear left Park (now N)
[2026-05-20 20:29:19.645] Husby was here, and we are ready to go
[2026-05-20 20:29:19.650] AUTO-DISENGAGE: gear left Park (now N)
[2026-05-20 20:29:19.650] Husby was here, and we are ready to go
[2026-05-20 20:29:19.655] AUTO-DISENGAGE: gear left Park (now N)
[2026-05-20 20:29:19.655] Husby was here, and we are ready to go
[2026-05-20 20:29:19.656] AUTO-DISENGAGE: gear left Park (now N)
[2026-05-20 20:29:19.656] Husby was here, and we are ready to go
[2026-05-20 20:29:19.660] AUTO-DISENGAGE: gear left Park (now N)
[2026-05-20 20:29:19.660] Husby was here, and we are ready to go
[2026-05-20 20:29:19.665] AUTO-DISENGAGE: gear left Park (now N)
[2026-05-20 20:29:19.665] Husby was here, and we are ready to go
[2026-05-20 20:29:19.670] AUTO-DISENGAGE: gear left Park (now N)
[2026-05-20 20:29:19.670] Husby was here, and we are ready to go
[2026-05-20 20:29:19.675] AUTO-DISENGAGE: gear left Park (now N)
[2026-05-20 20:29:19.676] Husby was here, and we are ready to go
[2026-05-20 20:29:19.676] AUTO-DISENGAGE: gear left Park (now N)
[2026-05-20 20:29:19.676] Husby was here, and we are ready to go
[2026-05-20 20:29:19.680] AUTO-DISENGAGE: gear left Park (now N)
[2026-05-20 20:29:19.680] Husby was here, and we are ready to go
[2026-05-20 20:29:19.685] AUTO-DISENGAGE: gear left Park (now N)
[2026-05-20 20:29:19.686] Husby was here, and we are ready to go
[2026-05-20 20:29:19.690] AUTO-DISENGAGE: gear left Park (now N)
[2026-05-20 20:29:19.690] Husby was here, and we are ready to go
[2026-05-20 20:29:19.690] AUTO-DISENGAGE: gear left Park (now N)
[2026-05-20 20:29:19.690] Husby was here, and we are ready to go
[2026-05-20 20:29:19.696] AUTO-DISENGAGE: gear left Park (now N)
[2026-05-20 20:29:19.696] Husby was here, and we are ready to go
[2026-05-20 20:29:19.696] AUTO-DISENGAGE: gear left Park (now N)
[2026-05-20 20:29:19.696] Husby was here, and we are ready to go
[2026-05-20 20:29:19.700] AUTO-DISENGAGE: gear left Park (now N)
[2026-05-20 20:29:19.700] Husby was here, and we are ready to go
[2026-05-20 20:29:19.705] AUTO-DISENGAGE: gear left Park (now N)
[2026-05-20 20:29:19.705] Husby was here, and we are ready to go
[2026-05-20 20:29:19.710] AUTO-DISENGAGE: gear left Park (now N)
[2026-05-20 20:29:19.711] Husby was here, and we are ready to go
[2026-05-20 20:29:19.716] AUTO-DISENGAGE: gear left Park (now N)
[2026-05-20 20:29:19.716] Husby was here, and we are ready to go
[2026-05-20 20:29:19.716] AUTO-DISENGAGE: gear left Park (now N)
[2026-05-20 20:29:19.716] Husby was here, and we are ready to go
[2026-05-20 20:29:19.721] AUTO-DISENGAGE: gear left Park (now N)
[2026-05-20 20:29:19.721] Husby was here, and we are ready to go
[2026-05-20 20:29:19.726] AUTO-DISENGAGE: gear left Park (now N)
[2026-05-20 20:29:19.726] Husby was here, and we are ready to go
[2026-05-20 20:29:19.730] AUTO-DISENGAGE: gear left Park (now N)
[2026-05-20 20:29:19.730] Husby was here, and we are ready to go
[2026-05-20 20:29:19.736] AUTO-DISENGAGE: gear left Park (now N)
[2026-05-20 20:29:19.736] Husby was here, and we are ready to go
[2026-05-20 20:29:19.736] AUTO-DISENGAGE: gear left Park (now N)
[2026-05-20 20:29:19.736] Husby was here, and we are ready to go
[2026-05-20 20:29:19.740] AUTO-DISENGAGE: gear left Park (now N)
[2026-05-20 20:29:19.741] Husby was here, and we are ready to go
[2026-05-20 20:29:19.746] AUTO-DISENGAGE: gear left Park (now N)
[2026-05-20 20:29:19.746] Husby was here, and we are ready to go
[2026-05-20 20:29:19.750] AUTO-DISENGAGE: gear left Park (now N)
[2026-05-20 20:29:19.750] Husby was here, and we are ready to go
[2026-05-20 20:29:19.756] AUTO-DISENGAGE: gear left Park (now N)
[2026-05-20 20:29:19.756] Husby was here, and we are ready to go
[2026-05-20 20:29:19.756] AUTO-DISENGAGE: gear left Park (now N)
[2026-05-20 20:29:19.756] Husby was here, and we are ready to go
[2026-05-20 20:29:19.761] AUTO-DISENGAGE: gear left Park (now N)
[2026-05-20 20:29:19.761] Husby was here, and we are ready to go
[2026-05-20 20:29:19.765] AUTO-DISENGAGE: gear left Park (now N)
[2026-05-20 20:29:19.765] Husby was here, and we are ready to go
[2026-05-20 20:29:19.771] AUTO-DISENGAGE: gear left Park (now N)
[2026-05-20 20:29:19.771] Husby was here, and we are ready to go
[2026-05-20 20:29:19.776] AUTO-DISENGAGE: gear left Park (now N)
[2026-05-20 20:29:19.776] Husby was here, and we are ready to go
[2026-05-20 20:29:19.776] AUTO-DISENGAGE: gear left Park (now N)
[2026-05-20 20:29:19.776] Husby was here, and we are ready to go
[2026-05-20 20:29:19.781] AUTO-DISENGAGE: gear left Park (now N)
[2026-05-20 20:29:19.781] Husby was here, and we are ready to go
[2026-05-20 20:29:19.786] AUTO-DISENGAGE: gear left Park (now N)
[2026-05-20 20:29:19.786] Husby was here, and we are ready to go
[2026-05-20 20:29:19.790] AUTO-DISENGAGE: gear left Park (now N)
[2026-05-20 20:29:19.790] Husby was here, and we are ready to go
[2026-05-20 20:29:19.797] AUTO-DISENGAGE: gear left Park (now N)
[2026-05-20 20:29:19.797] Husby was here, and we are ready to go
[2026-05-20 20:29:19.817] AUTO-DISENGAGE: gear left Park (now N)
[2026-05-20 20:29:19.817] Husby was here, and we are ready to go
[2026-05-20 20:29:19.838] AUTO-DISENGAGE: gear left Park (now N)
[2026-05-20 20:29:19.838] Husby was here, and we are ready to go
[2026-05-20 20:29:19.857] AUTO-DISENGAGE: gear left Park (now N)
[2026-05-20 20:29:19.857] Husby was here, and we are ready to go
[2026-05-20 20:29:19.878] AUTO-DISENGAGE: gear left Park (now N)
[2026-05-20 20:29:19.879] Husby was here, and we are ready to go
[2026-05-20 20:29:19.891] AUTO-DISENGAGE: gear left Park (now N)
[2026-05-20 20:29:19.891] Husby was here, and we are ready to go
[2026-05-20 20:29:19.897] AUTO-DISENGAGE: gear left Park (now N)
[2026-05-20 20:29:19.897] Husby was here, and we are ready to go
[2026-05-20 20:29:19.917] AUTO-DISENGAGE: gear left Park (now N)
[2026-05-20 20:29:19.917] Husby was here, and we are ready to go
[2026-05-20 20:29:19.937] AUTO-DISENGAGE: gear left Park (now N)
[2026-05-20 20:29:19.937] Husby was here, and we are ready to go
[2026-05-20 20:29:19.957] AUTO-DISENGAGE: gear left Park (now N)
[2026-05-20 20:29:19.957] Husby was here, and we are ready to go
[2026-05-20 20:29:19.977] AUTO-DISENGAGE: gear left Park (now N)
[2026-05-20 20:29:19.978] Husby was here, and we are ready to go
[2026-05-20 20:29:19.992] AUTO-DISENGAGE: gear left Park (now N)
[2026-05-20 20:29:19.993] Husby was here, and we are ready to go
[2026-05-20 20:29:19.993] SHIFT post-burst gear: N (requested N)
[2026-05-20 20:29:19.997] AUTO-DISENGAGE: gear left Park (now N)
[2026-05-20 20:29:19.997] Husby was here, and we are ready to go
[2026-05-20 20:29:20.017] AUTO-DISENGAGE: gear left Park (now N)
[2026-05-20 20:29:20.017] Husby was here, and we are ready to go
[2026-05-20 20:29:20.037] AUTO-DISENGAGE: gear left Park (now N)
[2026-05-20 20:29:20.037] Husby was here, and we are ready to go
[2026-05-20 20:29:20.057] AUTO-DISENGAGE: gear left Park (now N)
[2026-05-20 20:29:20.057] Husby was here, and we are ready to go
[2026-05-20 20:29:20.077] AUTO-DISENGAGE: gear left Park (now N)
[2026-05-20 20:29:20.077] Husby was here, and we are ready to go
[2026-05-20 20:29:20.090] AUTO-DISENGAGE: gear left Park (now N)
[2026-05-20 20:29:20.090] Husby was here, and we are ready to go
[2026-05-20 20:29:20.097] AUTO-DISENGAGE: gear left Park (now N)
[2026-05-20 20:29:20.097] Husby was here, and we are ready to go
[2026-05-20 20:29:20.117] AUTO-DISENGAGE: gear left Park (now N)
[2026-05-20 20:29:20.117] Husby was here, and we are ready to go
[2026-05-20 20:29:20.137] AUTO-DISENGAGE: gear left Park (now N)
[2026-05-20 20:29:20.137] Husby was here, and we are ready to go
[2026-05-20 20:29:20.157] AUTO-DISENGAGE: gear left Park (now N)
[2026-05-20 20:29:20.157] Husby was here, and we are ready to go
[2026-05-20 20:29:20.177] AUTO-DISENGAGE: gear left Park (now N)
[2026-05-20 20:29:20.177] Husby was here, and we are ready to go
[2026-05-20 20:29:20.191] AUTO-DISENGAGE: gear left Park (now N)
[2026-05-20 20:29:20.191] Husby was here, and we are ready to go
[2026-05-20 20:29:20.197] AUTO-DISENGAGE: gear left Park (now N)
[2026-05-20 20:29:20.197] Husby was here, and we are ready to go
[2026-05-20 20:29:20.217] AUTO-DISENGAGE: gear left Park (now N)
[2026-05-20 20:29:20.217] Husby was here, and we are ready to go
[2026-05-20 20:29:20.237] AUTO-DISENGAGE: gear left Park (now N)
[2026-05-20 20:29:20.237] Husby was here, and we are ready to go
[2026-05-20 20:29:20.250] rc: RND switch -> D, queuing shift
[2026-05-20 20:29:20.254] shift requested: D
[2026-05-20 20:29:20.257] AUTO-DISENGAGE: gear left Park (now N)
[2026-05-20 20:29:20.257] Husby was here, and we are ready to go
[2026-05-20 20:29:20.257] SHIFT: requesting D via 0x6D burst (30 active + 10 idle frames at 200 Hz)
[2026-05-20 20:29:20.262] AUTO-DISENGAGE: gear left Park (now N)
[2026-05-20 20:29:20.262] Husby was here, and we are ready to go
[2026-05-20 20:29:20.266] AUTO-DISENGAGE: gear left Park (now N)
[2026-05-20 20:29:20.267] Husby was here, and we are ready to go
[2026-05-20 20:29:20.272] AUTO-DISENGAGE: gear left Park (now N)
[2026-05-20 20:29:20.272] Husby was here, and we are ready to go
[2026-05-20 20:29:20.277] AUTO-DISENGAGE: gear left Park (now N)
[2026-05-20 20:29:20.277] Husby was here, and we are ready to go
[2026-05-20 20:29:20.277] AUTO-DISENGAGE: gear left Park (now N)
[2026-05-20 20:29:20.277] Husby was here, and we are ready to go
[2026-05-20 20:29:20.282] AUTO-DISENGAGE: gear left Park (now N)
[2026-05-20 20:29:20.282] Husby was here, and we are ready to go
[2026-05-20 20:29:20.287] gear: N -> D
[2026-05-20 20:29:20.287] AUTO-DISENGAGE: gear left Park (now D)
[2026-05-20 20:29:20.287] Husby was here, and we are ready to go
[2026-05-20 20:29:20.290] AUTO-DISENGAGE: gear left Park (now D)
[2026-05-20 20:29:20.290] Husby was here, and we are ready to go
[2026-05-20 20:29:20.292] AUTO-DISENGAGE: gear left Park (now D)
[2026-05-20 20:29:20.292] Husby was here, and we are ready to go
[2026-05-20 20:29:20.297] AUTO-DISENGAGE: gear left Park (now D)
[2026-05-20 20:29:20.297] Husby was here, and we are ready to go
[2026-05-20 20:29:20.297] AUTO-DISENGAGE: gear left Park (now D)
[2026-05-20 20:29:20.297] Husby was here, and we are ready to go
[2026-05-20 20:29:20.302] AUTO-DISENGAGE: gear left Park (now D)
[2026-05-20 20:29:20.302] Husby was here, and we are ready to go
[2026-05-20 20:29:20.307] AUTO-DISENGAGE: gear left Park (now D)
[2026-05-20 20:29:20.308] Husby was here, and we are ready to go
[2026-05-20 20:29:20.312] AUTO-DISENGAGE: gear left Park (now D)
[2026-05-20 20:29:20.312] Husby was here, and we are ready to go
[2026-05-20 20:29:20.316] AUTO-DISENGAGE: gear left Park (now D)
[2026-05-20 20:29:20.316] Husby was here, and we are ready to go
[2026-05-20 20:29:20.317] AUTO-DISENGAGE: gear left Park (now D)
[2026-05-20 20:29:20.317] Husby was here, and we are ready to go
[2026-05-20 20:29:20.322] AUTO-DISENGAGE: gear left Park (now D)
[2026-05-20 20:29:20.322] Husby was here, and we are ready to go
[2026-05-20 20:29:20.327] AUTO-DISENGAGE: gear left Park (now D)
[2026-05-20 20:29:20.327] Husby was here, and we are ready to go
[2026-05-20 20:29:20.333] AUTO-DISENGAGE: gear left Park (now D)
[2026-05-20 20:29:20.333] Husby was here, and we are ready to go
[2026-05-20 20:29:20.336] AUTO-DISENGAGE: gear left Park (now D)
[2026-05-20 20:29:20.336] Husby was here, and we are ready to go
[2026-05-20 20:29:20.337] AUTO-DISENGAGE: gear left Park (now D)
[2026-05-20 20:29:20.337] Husby was here, and we are ready to go
[2026-05-20 20:29:20.342] AUTO-DISENGAGE: gear left Park (now D)
[2026-05-20 20:29:20.342] Husby was here, and we are ready to go
[2026-05-20 20:29:20.348] AUTO-DISENGAGE: gear left Park (now D)
[2026-05-20 20:29:20.348] Husby was here, and we are ready to go
[2026-05-20 20:29:20.352] AUTO-DISENGAGE: gear left Park (now D)
[2026-05-20 20:29:20.352] Husby was here, and we are ready to go
[2026-05-20 20:29:20.357] AUTO-DISENGAGE: gear left Park (now D)
[2026-05-20 20:29:20.357] Husby was here, and we are ready to go
[2026-05-20 20:29:20.357] AUTO-DISENGAGE: gear left Park (now D)
[2026-05-20 20:29:20.357] Husby was here, and we are ready to go
[2026-05-20 20:29:20.362] AUTO-DISENGAGE: gear left Park (now D)
[2026-05-20 20:29:20.362] Husby was here, and we are ready to go
[2026-05-20 20:29:20.367] AUTO-DISENGAGE: gear left Park (now D)
[2026-05-20 20:29:20.368] Husby was here, and we are ready to go
[2026-05-20 20:29:20.372] AUTO-DISENGAGE: gear left Park (now D)
[2026-05-20 20:29:20.373] Husby was here, and we are ready to go
[2026-05-20 20:29:20.376] AUTO-DISENGAGE: gear left Park (now D)
[2026-05-20 20:29:20.377] Husby was here, and we are ready to go
[2026-05-20 20:29:20.377] AUTO-DISENGAGE: gear left Park (now D)
[2026-05-20 20:29:20.377] Husby was here, and we are ready to go
[2026-05-20 20:29:20.382] AUTO-DISENGAGE: gear left Park (now D)
[2026-05-20 20:29:20.382] Husby was here, and we are ready to go
[2026-05-20 20:29:20.388] AUTO-DISENGAGE: gear left Park (now D)
[2026-05-20 20:29:20.388] Husby was here, and we are ready to go
[2026-05-20 20:29:20.390] AUTO-DISENGAGE: gear left Park (now D)
[2026-05-20 20:29:20.390] Husby was here, and we are ready to go
[2026-05-20 20:29:20.392] AUTO-DISENGAGE: gear left Park (now D)
[2026-05-20 20:29:20.392] Husby was here, and we are ready to go
[2026-05-20 20:29:20.396] AUTO-DISENGAGE: gear left Park (now D)
[2026-05-20 20:29:20.396] Husby was here, and we are ready to go
[2026-05-20 20:29:20.397] AUTO-DISENGAGE: gear left Park (now D)
[2026-05-20 20:29:20.397] Husby was here, and we are ready to go
[2026-05-20 20:29:20.402] AUTO-DISENGAGE: gear left Park (now D)
[2026-05-20 20:29:20.402] Husby was here, and we are ready to go
[2026-05-20 20:29:20.407] AUTO-DISENGAGE: gear left Park (now D)
[2026-05-20 20:29:20.408] Husby was here, and we are ready to go
[2026-05-20 20:29:20.413] AUTO-DISENGAGE: gear left Park (now D)
[2026-05-20 20:29:20.413] Husby was here, and we are ready to go
[2026-05-20 20:29:20.416] AUTO-DISENGAGE: gear left Park (now D)
[2026-05-20 20:29:20.416] Husby was here, and we are ready to go
[2026-05-20 20:29:20.417] AUTO-DISENGAGE: gear left Park (now D)
[2026-05-20 20:29:20.417] Husby was here, and we are ready to go
[2026-05-20 20:29:20.422] AUTO-DISENGAGE: gear left Park (now D)
[2026-05-20 20:29:20.422] Husby was here, and we are ready to go
[2026-05-20 20:29:20.427] AUTO-DISENGAGE: gear left Park (now D)
[2026-05-20 20:29:20.427] Husby was here, and we are ready to go
[2026-05-20 20:29:20.433] AUTO-DISENGAGE: gear left Park (now D)
[2026-05-20 20:29:20.433] Husby was here, and we are ready to go
[2026-05-20 20:29:20.436] AUTO-DISENGAGE: gear left Park (now D)
[2026-05-20 20:29:20.437] Husby was here, and we are ready to go
[2026-05-20 20:29:20.437] AUTO-DISENGAGE: gear left Park (now D)
[2026-05-20 20:29:20.437] Husby was here, and we are ready to go
[2026-05-20 20:29:20.442] AUTO-DISENGAGE: gear left Park (now D)
[2026-05-20 20:29:20.442] Husby was here, and we are ready to go
[2026-05-20 20:29:20.448] AUTO-DISENGAGE: gear left Park (now D)
[2026-05-20 20:29:20.448] Husby was here, and we are ready to go
[2026-05-20 20:29:20.452] AUTO-DISENGAGE: gear left Park (now D)
[2026-05-20 20:29:20.452] Husby was here, and we are ready to go
[2026-05-20 20:29:20.457] AUTO-DISENGAGE: gear left Park (now D)
[2026-05-20 20:29:20.457] Husby was here, and we are ready to go
[2026-05-20 20:29:20.477] AUTO-DISENGAGE: gear left Park (now D)
[2026-05-20 20:29:20.477] Husby was here, and we are ready to go
[2026-05-20 20:29:20.490] AUTO-DISENGAGE: gear left Park (now D)
[2026-05-20 20:29:20.491] Husby was here, and we are ready to go
[2026-05-20 20:29:20.497] AUTO-DISENGAGE: gear left Park (now D)
[2026-05-20 20:29:20.497] Husby was here, and we are ready to go
[2026-05-20 20:29:20.522] AUTO-DISENGAGE: gear left Park (now D)
[2026-05-20 20:29:20.522] Husby was here, and we are ready to go
[2026-05-20 20:29:20.542] AUTO-DISENGAGE: gear left Park (now D)
[2026-05-20 20:29:20.542] Husby was here, and we are ready to go
[2026-05-20 20:29:20.562] AUTO-DISENGAGE: gear left Park (now D)
[2026-05-20 20:29:20.562] Husby was here, and we are ready to go
[2026-05-20 20:29:20.582] AUTO-DISENGAGE: gear left Park (now D)
[2026-05-20 20:29:20.582] Husby was here, and we are ready to go
[2026-05-20 20:29:20.590] AUTO-DISENGAGE: gear left Park (now D)
[2026-05-20 20:29:20.590] Husby was here, and we are ready to go
[2026-05-20 20:29:20.602] AUTO-DISENGAGE: gear left Park (now D)
[2026-05-20 20:29:20.602] Husby was here, and we are ready to go
[2026-05-20 20:29:20.622] AUTO-DISENGAGE: gear left Park (now D)
[2026-05-20 20:29:20.622] Husby was here, and we are ready to go
[2026-05-20 20:29:20.642] AUTO-DISENGAGE: gear left Park (now D)
[2026-05-20 20:29:20.642] Husby was here, and we are ready to go
[2026-05-20 20:29:20.662] AUTO-DISENGAGE: gear left Park (now D)
[2026-05-20 20:29:20.662] Husby was here, and we are ready to go
[2026-05-20 20:29:20.662] SHIFT post-burst gear: D (requested D)
[2026-05-20 20:29:20.682] AUTO-DISENGAGE: gear left Park (now D)
[2026-05-20 20:29:20.682] Husby was here, and we are ready to go
[2026-05-20 20:29:20.690] AUTO-DISENGAGE: gear left Park (now D)
[2026-05-20 20:29:20.690] Husby was here, and we are ready to go
[2026-05-20 20:29:20.702] AUTO-DISENGAGE: gear left Park (now D)
[2026-05-20 20:29:20.702] Husby was here, and we are ready to go
[2026-05-20 20:29:20.722] AUTO-DISENGAGE: gear left Park (now D)
[2026-05-20 20:29:20.722] Husby was here, and we are ready to go
[2026-05-20 20:29:20.742] AUTO-DISENGAGE: gear left Park (now D)
[2026-05-20 20:29:20.742] Husby was here, and we are ready to go
[2026-05-20 20:29:20.762] AUTO-DISENGAGE: gear left Park (now D)
[2026-05-20 20:29:20.762] Husby was here, and we are ready to go
[2026-05-20 20:29:20.783] AUTO-DISENGAGE: gear left Park (now D)
[2026-05-20 20:29:20.783] Husby was here, and we are ready to go
[2026-05-20 20:29:20.790] AUTO-DISENGAGE: gear left Park (now D)
[2026-05-20 20:29:20.790] Husby was here, and we are ready to go
[2026-05-20 20:29:20.802] AUTO-DISENGAGE: gear left Park (now D)
[2026-05-20 20:29:20.802] Husby was here, and we are ready to go
[2026-05-20 20:29:20.822] AUTO-DISENGAGE: gear left Park (now D)
[2026-05-20 20:29:20.822] Husby was here, and we are ready to go
[2026-05-20 20:29:20.842] AUTO-DISENGAGE: gear left Park (now D)
[2026-05-20 20:29:20.842] Husby was here, and we are ready to go
[2026-05-20 20:29:20.862] AUTO-DISENGAGE: gear left Park (now D)
[2026-05-20 20:29:20.862] Husby was here, and we are ready to go
[2026-05-20 20:29:20.882] AUTO-DISENGAGE: gear left Park (now D)
[2026-05-20 20:29:20.882] Husby was here, and we are ready to go
[2026-05-20 20:29:20.890] AUTO-DISENGAGE: gear left Park (now D)
[2026-05-20 20:29:20.890] Husby was here, and we are ready to go
[2026-05-20 20:29:20.902] AUTO-DISENGAGE: gear left Park (now D)
[2026-05-20 20:29:20.902] Husby was here, and we are ready to go
[2026-05-20 20:29:20.922] AUTO-DISENGAGE: gear left Park (now D)
[2026-05-20 20:29:20.922] Husby was here, and we are ready to go
[2026-05-20 20:29:20.942] AUTO-DISENGAGE: gear left Park (now D)
[2026-05-20 20:29:20.942] Husby was here, and we are ready to go
[2026-05-20 20:29:20.962] AUTO-DISENGAGE: gear left Park (now D)
[2026-05-20 20:29:20.962] Husby was here, and we are ready to go
[2026-05-20 20:29:20.982] AUTO-DISENGAGE: gear left Park (now D)
[2026-05-20 20:29:20.982] Husby was here, and we are ready to go
[2026-05-20 20:29:20.991] AUTO-DISENGAGE: gear left Park (now D)
[2026-05-20 20:29:20.991] Husby was here, and we are ready to go
[2026-05-20 20:29:21.002] AUTO-DISENGAGE: gear left Park (now D)
[2026-05-20 20:29:21.002] Husby was here, and we are ready to go
[2026-05-20 20:29:21.022] AUTO-DISENGAGE: gear left Park (now D)
[2026-05-20 20:29:21.022] Husby was here, and we are ready to go
[2026-05-20 20:29:21.042] AUTO-DISENGAGE: gear left Park (now D)
[2026-05-20 20:29:21.042] Husby was here, and we are ready to go
[2026-05-20 20:29:21.062] AUTO-DISENGAGE: gear left Park (now D)
[2026-05-20 20:29:21.062] Husby was here, and we are ready to go
[2026-05-20 20:29:21.082] AUTO-DISENGAGE: gear left Park (now D)
[2026-05-20 20:29:21.082] Husby was here, and we are ready to go
[2026-05-20 20:29:21.090] AUTO-DISENGAGE: gear left Park (now D)
[2026-05-20 20:29:21.090] Husby was here, and we are ready to go
[2026-05-20 20:29:21.102] AUTO-DISENGAGE: gear left Park (now D)
[2026-05-20 20:29:21.102] Husby was here, and we are ready to go
[2026-05-20 20:29:21.122] AUTO-DISENGAGE: gear left Park (now D)
[2026-05-20 20:29:21.122] Husby was here, and we are ready to go
[2026-05-20 20:29:21.142] AUTO-DISENGAGE: gear left Park (now D)
[2026-05-20 20:29:21.142] Husby was here, and we are ready to go
[2026-05-20 20:29:21.162] AUTO-DISENGAGE: gear left Park (now D)
[2026-05-20 20:29:21.162] Husby was here, and we are ready to go
[2026-05-20 20:29:21.182] AUTO-DISENGAGE: gear left Park (now D)
[2026-05-20 20:29:21.182] Husby was here, and we are ready to go
[2026-05-20 20:29:21.190] AUTO-DISENGAGE: gear left Park (now D)
[2026-05-20 20:29:21.190] Husby was here, and we are ready to go
[2026-05-20 20:29:21.202] AUTO-DISENGAGE: gear left Park (now D)
[2026-05-20 20:29:21.202] Husby was here, and we are ready to go
[2026-05-20 20:29:21.222] AUTO-DISENGAGE: gear left Park (now D)
[2026-05-20 20:29:21.222] Husby was here, and we are ready to go
[2026-05-20 20:29:21.242] AUTO-DISENGAGE: gear left Park (now D)
[2026-05-20 20:29:21.242] Husby was here, and we are ready to go
[2026-05-20 20:29:21.262] AUTO-DISENGAGE: gear left Park (now D)
[2026-05-20 20:29:21.262] Husby was here, and we are ready to go
[2026-05-20 20:29:21.283] AUTO-DISENGAGE: gear left Park (now D)
[2026-05-20 20:29:21.283] Husby was here, and we are ready to go
[2026-05-20 20:29:21.291] AUTO-DISENGAGE: gear left Park (now D)
[2026-05-20 20:29:21.291] Husby was here, and we are ready to go
[2026-05-20 20:29:21.302] AUTO-DISENGAGE: gear left Park (now D)
[2026-05-20 20:29:21.303] Husby was here, and we are ready to go
[2026-05-20 20:29:21.322] AUTO-DISENGAGE: gear left Park (now D)
[2026-05-20 20:29:21.322] Husby was here, and we are ready to go
[2026-05-20 20:29:21.342] AUTO-DISENGAGE: gear left Park (now D)
[2026-05-20 20:29:21.343] Husby was here, and we are ready to go
[2026-05-20 20:29:21.362] AUTO-DISENGAGE: gear left Park (now D)
[2026-05-20 20:29:21.362] Husby was here, and we are ready to go
[2026-05-20 20:29:21.382] AUTO-DISENGAGE: gear left Park (now D)
[2026-05-20 20:29:21.382] Husby was here, and we are ready to go
[2026-05-20 20:29:21.391] AUTO-DISENGAGE: gear left Park (now D)
[2026-05-20 20:29:21.391] Husby was here, and we are ready to go
[2026-05-20 20:29:21.402] AUTO-DISENGAGE: gear left Park (now D)
[2026-05-20 20:29:21.403] Husby was here, and we are ready to go
[2026-05-20 20:29:21.422] AUTO-DISENGAGE: gear left Park (now D)
[2026-05-20 20:29:21.422] Husby was here, and we are ready to go
[2026-05-20 20:29:21.442] AUTO-DISENGAGE: gear left Park (now D)
[2026-05-20 20:29:21.442] Husby was here, and we are ready to go
[2026-05-20 20:29:21.462] AUTO-DISENGAGE: gear left Park (now D)
[2026-05-20 20:29:21.462] Husby was here, and we are ready to go
[2026-05-20 20:29:21.483] AUTO-DISENGAGE: gear left Park (now D)
[2026-05-20 20:29:21.483] Husby was here, and we are ready to go
[2026-05-20 20:29:21.490] AUTO-DISENGAGE: gear left Park (now D)
[2026-05-20 20:29:21.490] Husby was here, and we are ready to go
[2026-05-20 20:29:21.502] AUTO-DISENGAGE: gear left Park (now D)
[2026-05-20 20:29:21.502] Husby was here, and we are ready to go
[2026-05-20 20:29:21.522] AUTO-DISENGAGE: gear left Park (now D)
[2026-05-20 20:29:21.522] Husby was here, and we are ready to go
[2026-05-20 20:29:21.542] AUTO-DISENGAGE: gear left Park (now D)
[2026-05-20 20:29:21.542] Husby was here, and we are ready to go
[2026-05-20 20:29:21.562] AUTO-DISENGAGE: gear left Park (now D)
[2026-05-20 20:29:21.562] Husby was here, and we are ready to go
[2026-05-20 20:29:21.582] AUTO-DISENGAGE: gear left Park (now D)
[2026-05-20 20:29:21.582] Husby was here, and we are ready to go
[2026-05-20 20:29:21.590] AUTO-DISENGAGE: gear left Park (now D)
[2026-05-20 20:29:21.590] Husby was here, and we are ready to go
[2026-05-20 20:29:21.602] AUTO-DISENGAGE: gear left Park (now D)
[2026-05-20 20:29:21.602] Husby was here, and we are ready to go
[2026-05-20 20:29:21.622] AUTO-DISENGAGE: gear left Park (now D)
[2026-05-20 20:29:21.622] Husby was here, and we are ready to go
[2026-05-20 20:29:21.642] AUTO-DISENGAGE: gear left Park (now D)
[2026-05-20 20:29:21.643] Husby was here, and we are ready to go
[2026-05-20 20:29:21.662] AUTO-DISENGAGE: gear left Park (now D)
[2026-05-20 20:29:21.662] Husby was here, and we are ready to go
[2026-05-20 20:29:21.682] AUTO-DISENGAGE: gear left Park (now D)
[2026-05-20 20:29:21.683] Husby was here, and we are ready to go
[2026-05-20 20:29:21.690] AUTO-DISENGAGE: gear left Park (now D)
[2026-05-20 20:29:21.690] Husby was here, and we are ready to go
[2026-05-20 20:29:21.702] AUTO-DISENGAGE: gear left Park (now D)
[2026-05-20 20:29:21.702] Husby was here, and we are ready to go
[2026-05-20 20:29:21.722] AUTO-DISENGAGE: gear left Park (now D)
[2026-05-20 20:29:21.723] Husby was here, and we are ready to go
[2026-05-20 20:29:21.743] AUTO-DISENGAGE: gear left Park (now D)
[2026-05-20 20:29:21.743] Husby was here, and we are ready to go
[2026-05-20 20:29:21.762] AUTO-DISENGAGE: gear left Park (now D)
[2026-05-20 20:29:21.762] Husby was here, and we are ready to go
[2026-05-20 20:29:21.782] AUTO-DISENGAGE: gear left Park (now D)
[2026-05-20 20:29:21.782] Husby was here, and we are ready to go
[2026-05-20 20:29:21.791] AUTO-DISENGAGE: gear left Park (now D)
[2026-05-20 20:29:21.791] Husby was here, and we are ready to go
[2026-05-20 20:29:21.802] AUTO-DISENGAGE: gear left Park (now D)
[2026-05-20 20:29:21.802] Husby was here, and we are ready to go
[2026-05-20 20:29:21.823] AUTO-DISENGAGE: gear left Park (now D)
[2026-05-20 20:29:21.823] Husby was here, and we are ready to go
[2026-05-20 20:29:21.842] AUTO-DISENGAGE: gear left Park (now D)
[2026-05-20 20:29:21.842] Husby was here, and we are ready to go
[2026-05-20 20:29:21.862] AUTO-DISENGAGE: gear left Park (now D)
[2026-05-20 20:29:21.862] Husby was here, and we are ready to go
[2026-05-20 20:29:21.882] AUTO-DISENGAGE: gear left Park (now D)
[2026-05-20 20:29:21.882] Husby was here, and we are ready to go
[2026-05-20 20:29:21.891] AUTO-DISENGAGE: gear left Park (now D)
[2026-05-20 20:29:21.891] Husby was here, and we are ready to go
[2026-05-20 20:29:21.902] AUTO-DISENGAGE: gear left Park (now D)
[2026-05-20 20:29:21.903] Husby was here, and we are ready to go
[2026-05-20 20:29:21.922] AUTO-DISENGAGE: gear left Park (now D)
[2026-05-20 20:29:21.922] Husby was here, and we are ready to go
[2026-05-20 20:29:21.942] AUTO-DISENGAGE: gear left Park (now D)
[2026-05-20 20:29:21.942] Husby was here, and we are ready to go
[2026-05-20 20:29:21.962] AUTO-DISENGAGE: gear left Park (now D)
[2026-05-20 20:29:21.962] Husby was here, and we are ready to go
[2026-05-20 20:29:21.983] AUTO-DISENGAGE: gear left Park (now D)
[2026-05-20 20:29:21.983] Husby was here, and we are ready to go
[2026-05-20 20:29:21.991] AUTO-DISENGAGE: gear left Park (now D)
[2026-05-20 20:29:21.991] Husby was here, and we are ready to go
[2026-05-20 20:29:22.002] AUTO-DISENGAGE: gear left Park (now D)
[2026-05-20 20:29:22.002] Husby was here, and we are ready to go
[2026-05-20 20:29:22.022] AUTO-DISENGAGE: gear left Park (now D)
[2026-05-20 20:29:22.023] Husby was here, and we are ready to go
[2026-05-20 20:29:22.042] AUTO-DISENGAGE: gear left Park (now D)
[2026-05-20 20:29:22.043] Husby was here, and we are ready to go
[2026-05-20 20:29:22.062] AUTO-DISENGAGE: gear left Park (now D)
[2026-05-20 20:29:22.062] Husby was here, and we are ready to go
[2026-05-20 20:29:22.082] AUTO-DISENGAGE: gear left Park (now D)
[2026-05-20 20:29:22.082] Husby was here, and we are ready to go
[2026-05-20 20:29:22.090] AUTO-DISENGAGE: gear left Park (now D)
[2026-05-20 20:29:22.090] Husby was here, and we are ready to go
[2026-05-20 20:29:22.102] AUTO-DISENGAGE: gear left Park (now D)
[2026-05-20 20:29:22.102] Husby was here, and we are ready to go
[2026-05-20 20:29:22.122] AUTO-DISENGAGE: gear left Park (now D)
[2026-05-20 20:29:22.123] Husby was here, and we are ready to go
[2026-05-20 20:29:22.142] AUTO-DISENGAGE: gear left Park (now D)
[2026-05-20 20:29:22.142] Husby was here, and we are ready to go
[2026-05-20 20:29:22.162] AUTO-DISENGAGE: gear left Park (now D)
[2026-05-20 20:29:22.162] Husby was here, and we are ready to go
[2026-05-20 20:29:22.182] AUTO-DISENGAGE: gear left Park (now D)
[2026-05-20 20:29:22.182] Husby was here, and we are ready to go
[2026-05-20 20:29:22.190] AUTO-DISENGAGE: gear left Park (now D)
[2026-05-20 20:29:22.191] Husby was here, and we are ready to go
[2026-05-20 20:29:22.202] AUTO-DISENGAGE: gear left Park (now D)
[2026-05-20 20:29:22.202] Husby was here, and we are ready to go
[2026-05-20 20:29:22.223] AUTO-DISENGAGE: gear left Park (now D)
[2026-05-20 20:29:22.223] Husby was here, and we are ready to go
[2026-05-20 20:29:22.242] AUTO-DISENGAGE: gear left Park (now D)
[2026-05-20 20:29:22.242] Husby was here, and we are ready to go
[2026-05-20 20:29:22.262] AUTO-DISENGAGE: gear left Park (now D)
[2026-05-20 20:29:22.262] Husby was here, and we are ready to go
[2026-05-20 20:29:22.283] AUTO-DISENGAGE: gear left Park (now D)
[2026-05-20 20:29:22.283] Husby was here, and we are ready to go
[2026-05-20 20:29:22.291] AUTO-DISENGAGE: gear left Park (now D)
[2026-05-20 20:29:22.291] Husby was here, and we are ready to go
[2026-05-20 20:29:22.302] AUTO-DISENGAGE: gear left Park (now D)
[2026-05-20 20:29:22.302] Husby was here, and we are ready to go
[2026-05-20 20:29:22.322] AUTO-DISENGAGE: gear left Park (now D)
[2026-05-20 20:29:22.323] Husby was here, and we are ready to go
[2026-05-20 20:29:22.342] AUTO-DISENGAGE: gear left Park (now D)
[2026-05-20 20:29:22.342] Husby was here, and we are ready to go
[2026-05-20 20:29:22.362] AUTO-DISENGAGE: gear left Park (now D)
[2026-05-20 20:29:22.362] Husby was here, and we are ready to go
[2026-05-20 20:29:22.383] AUTO-DISENGAGE: gear left Park (now D)
[2026-05-20 20:29:22.383] Husby was here, and we are ready to go
[2026-05-20 20:29:22.391] AUTO-DISENGAGE: gear left Park (now D)
[2026-05-20 20:29:22.391] Husby was here, and we are ready to go
[2026-05-20 20:29:22.402] AUTO-DISENGAGE: gear left Park (now D)
[2026-05-20 20:29:22.402] Husby was here, and we are ready to go
[2026-05-20 20:29:22.422] AUTO-DISENGAGE: gear left Park (now D)
[2026-05-20 20:29:22.423] Husby was here, and we are ready to go
[2026-05-20 20:29:22.442] AUTO-DISENGAGE: gear left Park (now D)
[2026-05-20 20:29:22.443] Husby was here, and we are ready to go
[2026-05-20 20:29:22.462] AUTO-DISENGAGE: gear left Park (now D)
[2026-05-20 20:29:22.462] Husby was here, and we are ready to go
[2026-05-20 20:29:22.483] AUTO-DISENGAGE: gear left Park (now D)
[2026-05-20 20:29:22.483] Husby was here, and we are ready to go
[2026-05-20 20:29:22.491] AUTO-DISENGAGE: gear left Park (now D)
[2026-05-20 20:29:22.491] Husby was here, and we are ready to go
[2026-05-20 20:29:22.502] AUTO-DISENGAGE: gear left Park (now D)
[2026-05-20 20:29:22.502] Husby was here, and we are ready to go
[2026-05-20 20:29:22.523] AUTO-DISENGAGE: gear left Park (now D)
[2026-05-20 20:29:22.523] Husby was here, and we are ready to go
[2026-05-20 20:29:22.543] AUTO-DISENGAGE: gear left Park (now D)
[2026-05-20 20:29:22.543] Husby was here, and we are ready to go
[2026-05-20 20:29:22.562] AUTO-DISENGAGE: gear left Park (now D)
[2026-05-20 20:29:22.562] Husby was here, and we are ready to go
[2026-05-20 20:29:22.582] AUTO-DISENGAGE: gear left Park (now D)
[2026-05-20 20:29:22.582] Husby was here, and we are ready to go
[2026-05-20 20:29:22.591] AUTO-DISENGAGE: gear left Park (now D)
[2026-05-20 20:29:22.591] Husby was here, and we are ready to go
[2026-05-20 20:29:22.602] AUTO-DISENGAGE: gear left Park (now D)
[2026-05-20 20:29:22.602] Husby was here, and we are ready to go
[2026-05-20 20:29:22.622] AUTO-DISENGAGE: gear left Park (now D)
[2026-05-20 20:29:22.622] Husby was here, and we are ready to go
[2026-05-20 20:29:22.642] AUTO-DISENGAGE: gear left Park (now D)
[2026-05-20 20:29:22.642] Husby was here, and we are ready to go
[2026-05-20 20:29:22.662] AUTO-DISENGAGE: gear left Park (now D)
[2026-05-20 20:29:22.662] Husby was here, and we are ready to go
[2026-05-20 20:29:22.683] AUTO-DISENGAGE: gear left Park (now D)
[2026-05-20 20:29:22.683] Husby was here, and we are ready to go
[2026-05-20 20:29:22.690] AUTO-DISENGAGE: gear left Park (now D)
[2026-05-20 20:29:22.690] Husby was here, and we are ready to go
[2026-05-20 20:29:22.702] AUTO-DISENGAGE: gear left Park (now D)
[2026-05-20 20:29:22.703] Husby was here, and we are ready to go
[2026-05-20 20:29:22.722] AUTO-DISENGAGE: gear left Park (now D)
[2026-05-20 20:29:22.722] Husby was here, and we are ready to go
[2026-05-20 20:29:22.742] AUTO-DISENGAGE: gear left Park (now D)
[2026-05-20 20:29:22.742] Husby was here, and we are ready to go
[2026-05-20 20:29:22.762] AUTO-DISENGAGE: gear left Park (now D)
[2026-05-20 20:29:22.762] Husby was here, and we are ready to go
[2026-05-20 20:29:22.783] AUTO-DISENGAGE: gear left Park (now D)
[2026-05-20 20:29:22.783] Husby was here, and we are ready to go
[2026-05-20 20:29:22.790] AUTO-DISENGAGE: gear left Park (now D)
[2026-05-20 20:29:22.790] Husby was here, and we are ready to go
[2026-05-20 20:29:22.802] AUTO-DISENGAGE: gear left Park (now D)
[2026-05-20 20:29:22.802] Husby was here, and we are ready to go
[2026-05-20 20:29:22.822] AUTO-DISENGAGE: gear left Park (now D)
[2026-05-20 20:29:22.822] Husby was here, and we are ready to go
[2026-05-20 20:29:22.842] AUTO-DISENGAGE: gear left Park (now D)
[2026-05-20 20:29:22.842] Husby was here, and we are ready to go
[2026-05-20 20:29:22.862] AUTO-DISENGAGE: gear left Park (now D)
[2026-05-20 20:29:22.863] Husby was here, and we are ready to go
[2026-05-20 20:29:22.882] AUTO-DISENGAGE: gear left Park (now D)
[2026-05-20 20:29:22.883] Husby was here, and we are ready to go
[2026-05-20 20:29:22.890] AUTO-DISENGAGE: gear left Park (now D)
[2026-05-20 20:29:22.890] Husby was here, and we are ready to go
[2026-05-20 20:29:22.902] AUTO-DISENGAGE: gear left Park (now D)
[2026-05-20 20:29:22.902] Husby was here, and we are ready to go
[2026-05-20 20:29:22.922] AUTO-DISENGAGE: gear left Park (now D)
[2026-05-20 20:29:22.923] Husby was here, and we are ready to go
[2026-05-20 20:29:22.942] AUTO-DISENGAGE: gear left Park (now D)
[2026-05-20 20:29:22.942] Husby was here, and we are ready to go
[2026-05-20 20:29:22.962] AUTO-DISENGAGE: gear left Park (now D)
[2026-05-20 20:29:22.962] Husby was here, and we are ready to go
[2026-05-20 20:29:22.982] AUTO-DISENGAGE: gear left Park (now D)
[2026-05-20 20:29:22.983] Husby was here, and we are ready to go
[2026-05-20 20:29:22.991] AUTO-DISENGAGE: gear left Park (now D)
[2026-05-20 20:29:22.991] Husby was here, and we are ready to go
[2026-05-20 20:29:23.002] AUTO-DISENGAGE: gear left Park (now D)
[2026-05-20 20:29:23.002] Husby was here, and we are ready to go
[2026-05-20 20:29:23.022] AUTO-DISENGAGE: gear left Park (now D)
[2026-05-20 20:29:23.022] Husby was here, and we are ready to go
[2026-05-20 20:29:23.042] AUTO-DISENGAGE: gear left Park (now D)
[2026-05-20 20:29:23.042] Husby was here, and we are ready to go
[2026-05-20 20:29:23.062] AUTO-DISENGAGE: gear left Park (now D)
[2026-05-20 20:29:23.062] Husby was here, and we are ready to go
[2026-05-20 20:29:23.083] AUTO-DISENGAGE: gear left Park (now D)
[2026-05-20 20:29:23.083] Husby was here, and we are ready to go
[2026-05-20 20:29:23.090] AUTO-DISENGAGE: gear left Park (now D)
[2026-05-20 20:29:23.090] Husby was here, and we are ready to go
[2026-05-20 20:29:23.102] AUTO-DISENGAGE: gear left Park (now D)
[2026-05-20 20:29:23.102] Husby was here, and we are ready to go
[2026-05-20 20:29:23.122] AUTO-DISENGAGE: gear left Park (now D)
[2026-05-20 20:29:23.122] Husby was here, and we are ready to go
[2026-05-20 20:29:23.142] AUTO-DISENGAGE: gear left Park (now D)
[2026-05-20 20:29:23.142] Husby was here, and we are ready to go
[2026-05-20 20:29:23.162] AUTO-DISENGAGE: gear left Park (now D)
[2026-05-20 20:29:23.162] Husby was here, and we are ready to go
[2026-05-20 20:29:23.183] AUTO-DISENGAGE: gear left Park (now D)
[2026-05-20 20:29:23.183] Husby was here, and we are ready to go
[2026-05-20 20:29:23.190] AUTO-DISENGAGE: gear left Park (now D)
[2026-05-20 20:29:23.190] Husby was here, and we are ready to go
[2026-05-20 20:29:23.202] AUTO-DISENGAGE: gear left Park (now D)
[2026-05-20 20:29:23.202] Husby was here, and we are ready to go
[2026-05-20 20:29:23.222] AUTO-DISENGAGE: gear left Park (now D)
[2026-05-20 20:29:23.222] Husby was here, and we are ready to go
[2026-05-20 20:29:23.242] AUTO-DISENGAGE: gear left Park (now D)
[2026-05-20 20:29:23.242] Husby was here, and we are ready to go
[2026-05-20 20:29:23.262] AUTO-DISENGAGE: gear left Park (now D)
[2026-05-20 20:29:23.262] Husby was here, and we are ready to go
[2026-05-20 20:29:23.283] AUTO-DISENGAGE: gear left Park (now D)
[2026-05-20 20:29:23.283] Husby was here, and we are ready to go
[2026-05-20 20:29:23.291] AUTO-DISENGAGE: gear left Park (now D)
[2026-05-20 20:29:23.291] Husby was here, and we are ready to go
[2026-05-20 20:29:23.302] AUTO-DISENGAGE: gear left Park (now D)
[2026-05-20 20:29:23.302] Husby was here, and we are ready to go
[2026-05-20 20:29:23.322] AUTO-DISENGAGE: gear left Park (now D)
[2026-05-20 20:29:23.322] Husby was here, and we are ready to go
[2026-05-20 20:29:23.342] AUTO-DISENGAGE: gear left Park (now D)
[2026-05-20 20:29:23.342] Husby was here, and we are ready to go
[2026-05-20 20:29:23.362] AUTO-DISENGAGE: gear left Park (now D)
[2026-05-20 20:29:23.362] Husby was here, and we are ready to go
[2026-05-20 20:29:23.382] AUTO-DISENGAGE: gear left Park (now D)
[2026-05-20 20:29:23.382] Husby was here, and we are ready to go
[2026-05-20 20:29:23.391] AUTO-DISENGAGE: gear left Park (now D)
[2026-05-20 20:29:23.391] Husby was here, and we are ready to go
[2026-05-20 20:29:23.402] AUTO-DISENGAGE: gear left Park (now D)
[2026-05-20 20:29:23.402] Husby was here, and we are ready to go
[2026-05-20 20:29:23.422] AUTO-DISENGAGE: gear left Park (now D)
[2026-05-20 20:29:23.423] Husby was here, and we are ready to go
[2026-05-20 20:29:23.442] AUTO-DISENGAGE: gear left Park (now D)
[2026-05-20 20:29:23.443] Husby was here, and we are ready to go
[2026-05-20 20:29:23.462] AUTO-DISENGAGE: gear left Park (now D)
[2026-05-20 20:29:23.462] Husby was here, and we are ready to go
[2026-05-20 20:29:23.483] AUTO-DISENGAGE: gear left Park (now D)
[2026-05-20 20:29:23.483] Husby was here, and we are ready to go
[2026-05-20 20:29:23.490] AUTO-DISENGAGE: gear left Park (now D)
[2026-05-20 20:29:23.491] Husby was here, and we are ready to go
[2026-05-20 20:29:23.502] AUTO-DISENGAGE: gear left Park (now D)
[2026-05-20 20:29:23.502] Husby was here, and we are ready to go
[2026-05-20 20:29:23.522] AUTO-DISENGAGE: gear left Park (now D)
[2026-05-20 20:29:23.522] Husby was here, and we are ready to go
[2026-05-20 20:29:23.542] AUTO-DISENGAGE: gear left Park (now D)
[2026-05-20 20:29:23.542] Husby was here, and we are ready to go
[2026-05-20 20:29:23.562] AUTO-DISENGAGE: gear left Park (now D)
[2026-05-20 20:29:23.563] Husby was here, and we are ready to go
[2026-05-20 20:29:23.583] AUTO-DISENGAGE: gear left Park (now D)
[2026-05-20 20:29:23.583] Husby was here, and we are ready to go
[2026-05-20 20:29:23.590] AUTO-DISENGAGE: gear left Park (now D)
[2026-05-20 20:29:23.590] Husby was here, and we are ready to go
[2026-05-20 20:29:23.602] AUTO-DISENGAGE: gear left Park (now D)
[2026-05-20 20:29:23.602] Husby was here, and we are ready to go
[2026-05-20 20:29:23.622] AUTO-DISENGAGE: gear left Park (now D)
[2026-05-20 20:29:23.622] Husby was here, and we are ready to go
[2026-05-20 20:29:23.642] AUTO-DISENGAGE: gear left Park (now D)
[2026-05-20 20:29:23.642] Husby was here, and we are ready to go
[2026-05-20 20:29:23.662] AUTO-DISENGAGE: gear left Park (now D)
[2026-05-20 20:29:23.662] Husby was here, and we are ready to go
[2026-05-20 20:29:23.682] AUTO-DISENGAGE: gear left Park (now D)
[2026-05-20 20:29:23.683] Husby was here, and we are ready to go
[2026-05-20 20:29:23.690] AUTO-DISENGAGE: gear left Park (now D)
[2026-05-20 20:29:23.690] Husby was here, and we are ready to go
[2026-05-20 20:29:23.702] AUTO-DISENGAGE: gear left Park (now D)
[2026-05-20 20:29:23.702] Husby was here, and we are ready to go
[2026-05-20 20:29:23.723] AUTO-DISENGAGE: gear left Park (now D)
[2026-05-20 20:29:23.723] Husby was here, and we are ready to go
[2026-05-20 20:29:23.743] AUTO-DISENGAGE: gear left Park (now D)
[2026-05-20 20:29:23.743] Husby was here, and we are ready to go
[2026-05-20 20:29:23.762] AUTO-DISENGAGE: gear left Park (now D)
[2026-05-20 20:29:23.762] Husby was here, and we are ready to go
[2026-05-20 20:29:23.783] AUTO-DISENGAGE: gear left Park (now D)
[2026-05-20 20:29:23.783] Husby was here, and we are ready to go
[2026-05-20 20:29:23.790] AUTO-DISENGAGE: gear left Park (now D)
[2026-05-20 20:29:23.791] Husby was here, and we are ready to go
[2026-05-20 20:29:23.802] AUTO-DISENGAGE: gear left Park (now D)
[2026-05-20 20:29:23.802] Husby was here, and we are ready to go
[2026-05-20 20:29:23.823] AUTO-DISENGAGE: gear left Park (now D)
[2026-05-20 20:29:23.823] Husby was here, and we are ready to go
[2026-05-20 20:29:23.843] AUTO-DISENGAGE: gear left Park (now D)
[2026-05-20 20:29:23.843] Husby was here, and we are ready to go
[2026-05-20 20:29:23.862] AUTO-DISENGAGE: gear left Park (now D)
[2026-05-20 20:29:23.862] Husby was here, and we are ready to go
[2026-05-20 20:29:23.883] AUTO-DISENGAGE: gear left Park (now D)
[2026-05-20 20:29:23.883] Husby was here, and we are ready to go
[2026-05-20 20:29:23.890] AUTO-DISENGAGE: gear left Park (now D)
[2026-05-20 20:29:23.891] Husby was here, and we are ready to go
[2026-05-20 20:29:23.902] AUTO-DISENGAGE: gear left Park (now D)
[2026-05-20 20:29:23.902] Husby was here, and we are ready to go
[2026-05-20 20:29:23.922] AUTO-DISENGAGE: gear left Park (now D)
[2026-05-20 20:29:23.922] Husby was here, and we are ready to go
[2026-05-20 20:29:23.943] AUTO-DISENGAGE: gear left Park (now D)
[2026-05-20 20:29:23.943] Husby was here, and we are ready to go
[2026-05-20 20:29:23.962] AUTO-DISENGAGE: gear left Park (now D)
[2026-05-20 20:29:23.962] Husby was here, and we are ready to go
[2026-05-20 20:29:23.983] AUTO-DISENGAGE: gear left Park (now D)
[2026-05-20 20:29:23.983] Husby was here, and we are ready to go
[2026-05-20 20:29:23.991] AUTO-DISENGAGE: gear left Park (now D)
[2026-05-20 20:29:23.991] Husby was here, and we are ready to go
[2026-05-20 20:29:24.002] AUTO-DISENGAGE: gear left Park (now D)
[2026-05-20 20:29:24.002] Husby was here, and we are ready to go
[2026-05-20 20:29:24.023] AUTO-DISENGAGE: gear left Park (now D)
[2026-05-20 20:29:24.023] Husby was here, and we are ready to go
[2026-05-20 20:29:24.042] AUTO-DISENGAGE: gear left Park (now D)
[2026-05-20 20:29:24.043] Husby was here, and we are ready to go
[2026-05-20 20:29:24.062] AUTO-DISENGAGE: gear left Park (now D)
[2026-05-20 20:29:24.062] Husby was here, and we are ready to go
[2026-05-20 20:29:24.083] AUTO-DISENGAGE: gear left Park (now D)
[2026-05-20 20:29:24.083] Husby was here, and we are ready to go
[2026-05-20 20:29:24.090] AUTO-DISENGAGE: gear left Park (now D)
[2026-05-20 20:29:24.090] Husby was here, and we are ready to go
[2026-05-20 20:29:24.102] AUTO-DISENGAGE: gear left Park (now D)
[2026-05-20 20:29:24.102] Husby was here, and we are ready to go
[2026-05-20 20:29:24.122] AUTO-DISENGAGE: gear left Park (now D)
[2026-05-20 20:29:24.123] Husby was here, and we are ready to go
[2026-05-20 20:29:24.143] AUTO-DISENGAGE: gear left Park (now D)
[2026-05-20 20:29:24.143] Husby was here, and we are ready to go
[2026-05-20 20:29:24.163] AUTO-DISENGAGE: gear left Park (now D)
[2026-05-20 20:29:24.163] Husby was here, and we are ready to go
[2026-05-20 20:29:24.182] AUTO-DISENGAGE: gear left Park (now D)
[2026-05-20 20:29:24.182] Husby was here, and we are ready to go
[2026-05-20 20:29:24.191] AUTO-DISENGAGE: gear left Park (now D)
[2026-05-20 20:29:24.191] Husby was here, and we are ready to go
[2026-05-20 20:29:24.202] AUTO-DISENGAGE: gear left Park (now D)
[2026-05-20 20:29:24.202] Husby was here, and we are ready to go
[2026-05-20 20:29:24.222] AUTO-DISENGAGE: gear left Park (now D)
[2026-05-20 20:29:24.222] Husby was here, and we are ready to go
[2026-05-20 20:29:24.243] AUTO-DISENGAGE: gear left Park (now D)
[2026-05-20 20:29:24.243] Husby was here, and we are ready to go
[2026-05-20 20:29:24.262] AUTO-DISENGAGE: gear left Park (now D)
[2026-05-20 20:29:24.262] Husby was here, and we are ready to go
[2026-05-20 20:29:24.283] AUTO-DISENGAGE: gear left Park (now D)
[2026-05-20 20:29:24.283] Husby was here, and we are ready to go
[2026-05-20 20:29:24.290] AUTO-DISENGAGE: gear left Park (now D)
[2026-05-20 20:29:24.291] Husby was here, and we are ready to go
[2026-05-20 20:29:24.302] AUTO-DISENGAGE: gear left Park (now D)
[2026-05-20 20:29:24.302] Husby was here, and we are ready to go
[2026-05-20 20:29:24.322] AUTO-DISENGAGE: gear left Park (now D)
[2026-05-20 20:29:24.323] Husby was here, and we are ready to go
[2026-05-20 20:29:24.342] AUTO-DISENGAGE: gear left Park (now D)
[2026-05-20 20:29:24.342] Husby was here, and we are ready to go
[2026-05-20 20:29:24.362] AUTO-DISENGAGE: gear left Park (now D)
[2026-05-20 20:29:24.362] Husby was here, and we are ready to go
[2026-05-20 20:29:24.383] AUTO-DISENGAGE: gear left Park (now D)
[2026-05-20 20:29:24.383] Husby was here, and we are ready to go
[2026-05-20 20:29:24.390] AUTO-DISENGAGE: gear left Park (now D)
[2026-05-20 20:29:24.390] Husby was here, and we are ready to go
[2026-05-20 20:29:24.402] AUTO-DISENGAGE: gear left Park (now D)
[2026-05-20 20:29:24.402] Husby was here, and we are ready to go
[2026-05-20 20:29:24.422] AUTO-DISENGAGE: gear left Park (now D)
[2026-05-20 20:29:24.422] Husby was here, and we are ready to go
[2026-05-20 20:29:24.443] AUTO-DISENGAGE: gear left Park (now D)
[2026-05-20 20:29:24.443] Husby was here, and we are ready to go
[2026-05-20 20:29:24.463] AUTO-DISENGAGE: gear left Park (now D)
[2026-05-20 20:29:24.463] Husby was here, and we are ready to go
[2026-05-20 20:29:24.483] AUTO-DISENGAGE: gear left Park (now D)
[2026-05-20 20:29:24.483] Husby was here, and we are ready to go
[2026-05-20 20:29:24.491] AUTO-DISENGAGE: gear left Park (now D)
[2026-05-20 20:29:24.491] Husby was here, and we are ready to go
[2026-05-20 20:29:24.502] AUTO-DISENGAGE: gear left Park (now D)
[2026-05-20 20:29:24.502] Husby was here, and we are ready to go
[2026-05-20 20:29:24.523] AUTO-DISENGAGE: gear left Park (now D)
[2026-05-20 20:29:24.523] Husby was here, and we are ready to go
[2026-05-20 20:29:24.542] AUTO-DISENGAGE: gear left Park (now D)
[2026-05-20 20:29:24.542] Husby was here, and we are ready to go
[2026-05-20 20:29:24.562] AUTO-DISENGAGE: gear left Park (now D)
[2026-05-20 20:29:24.562] Husby was here, and we are ready to go
[2026-05-20 20:29:24.582] AUTO-DISENGAGE: gear left Park (now D)
[2026-05-20 20:29:24.582] Husby was here, and we are ready to go
[2026-05-20 20:29:24.590] AUTO-DISENGAGE: gear left Park (now D)
[2026-05-20 20:29:24.591] Husby was here, and we are ready to go
[2026-05-20 20:29:24.602] AUTO-DISENGAGE: gear left Park (now D)
[2026-05-20 20:29:24.602] Husby was here, and we are ready to go
[2026-05-20 20:29:24.622] AUTO-DISENGAGE: gear left Park (now D)
[2026-05-20 20:29:24.622] Husby was here, and we are ready to go
[2026-05-20 20:29:24.643] AUTO-DISENGAGE: gear left Park (now D)
[2026-05-20 20:29:24.643] Husby was here, and we are ready to go
[2026-05-20 20:29:24.662] AUTO-DISENGAGE: gear left Park (now D)
[2026-05-20 20:29:24.662] Husby was here, and we are ready to go
[2026-05-20 20:29:24.683] AUTO-DISENGAGE: gear left Park (now D)
[2026-05-20 20:29:24.683] Husby was here, and we are ready to go
[2026-05-20 20:29:24.691] AUTO-DISENGAGE: gear left Park (now D)
[2026-05-20 20:29:24.691] Husby was here, and we are ready to go
[2026-05-20 20:29:24.702] AUTO-DISENGAGE: gear left Park (now D)
[2026-05-20 20:29:24.702] Husby was here, and we are ready to go
[2026-05-20 20:29:24.723] AUTO-DISENGAGE: gear left Park (now D)
[2026-05-20 20:29:24.723] Husby was here, and we are ready to go
[2026-05-20 20:29:24.743] AUTO-DISENGAGE: gear left Park (now D)
[2026-05-20 20:29:24.743] Husby was here, and we are ready to go
[2026-05-20 20:29:24.762] AUTO-DISENGAGE: gear left Park (now D)
[2026-05-20 20:29:24.763] Husby was here, and we are ready to go
[2026-05-20 20:29:24.783] AUTO-DISENGAGE: gear left Park (now D)
[2026-05-20 20:29:24.783] Husby was here, and we are ready to go
[2026-05-20 20:29:24.790] AUTO-DISENGAGE: gear left Park (now D)
[2026-05-20 20:29:24.791] Husby was here, and we are ready to go
[2026-05-20 20:29:24.802] AUTO-DISENGAGE: gear left Park (now D)
[2026-05-20 20:29:24.802] Husby was here, and we are ready to go
[2026-05-20 20:29:24.823] AUTO-DISENGAGE: gear left Park (now D)
[2026-05-20 20:29:24.823] Husby was here, and we are ready to go
[2026-05-20 20:29:24.843] AUTO-DISENGAGE: gear left Park (now D)
[2026-05-20 20:29:24.843] Husby was here, and we are ready to go
[2026-05-20 20:29:24.862] AUTO-DISENGAGE: gear left Park (now D)
[2026-05-20 20:29:24.862] Husby was here, and we are ready to go
[2026-05-20 20:29:24.883] AUTO-DISENGAGE: gear left Park (now D)
[2026-05-20 20:29:24.883] Husby was here, and we are ready to go
[2026-05-20 20:29:24.890] AUTO-DISENGAGE: gear left Park (now D)
[2026-05-20 20:29:24.891] Husby was here, and we are ready to go
[2026-05-20 20:29:24.902] AUTO-DISENGAGE: gear left Park (now D)
[2026-05-20 20:29:24.903] Husby was here, and we are ready to go
[2026-05-20 20:29:24.923] AUTO-DISENGAGE: gear left Park (now D)
[2026-05-20 20:29:24.923] Husby was here, and we are ready to go
[2026-05-20 20:29:24.942] AUTO-DISENGAGE: gear left Park (now D)
[2026-05-20 20:29:24.943] Husby was here, and we are ready to go
[2026-05-20 20:29:24.962] AUTO-DISENGAGE: gear left Park (now D)
[2026-05-20 20:29:24.962] Husby was here, and we are ready to go
[2026-05-20 20:29:24.983] AUTO-DISENGAGE: gear left Park (now D)
[2026-05-20 20:29:24.983] Husby was here, and we are ready to go
[2026-05-20 20:29:24.991] AUTO-DISENGAGE: gear left Park (now D)
[2026-05-20 20:29:24.991] Husby was here, and we are ready to go
[2026-05-20 20:29:25.002] AUTO-DISENGAGE: gear left Park (now D)
[2026-05-20 20:29:25.003] Husby was here, and we are ready to go
[2026-05-20 20:29:25.023] AUTO-DISENGAGE: gear left Park (now D)
[2026-05-20 20:29:25.023] Husby was here, and we are ready to go
[2026-05-20 20:29:25.043] AUTO-DISENGAGE: gear left Park (now D)
[2026-05-20 20:29:25.043] Husby was here, and we are ready to go
[2026-05-20 20:29:25.062] AUTO-DISENGAGE: gear left Park (now D)
[2026-05-20 20:29:25.063] Husby was here, and we are ready to go
[2026-05-20 20:29:25.083] AUTO-DISENGAGE: gear left Park (now D)
[2026-05-20 20:29:25.083] Husby was here, and we are ready to go
[2026-05-20 20:29:25.090] AUTO-DISENGAGE: gear left Park (now D)
[2026-05-20 20:29:25.090] Husby was here, and we are ready to go
[2026-05-20 20:29:25.103] AUTO-DISENGAGE: gear left Park (now D)
[2026-05-20 20:29:25.103] Husby was here, and we are ready to go
[2026-05-20 20:29:25.123] AUTO-DISENGAGE: gear left Park (now D)
[2026-05-20 20:29:25.123] Husby was here, and we are ready to go
[2026-05-20 20:29:25.143] AUTO-DISENGAGE: gear left Park (now D)
[2026-05-20 20:29:25.143] Husby was here, and we are ready to go
[2026-05-20 20:29:25.162] AUTO-DISENGAGE: gear left Park (now D)
[2026-05-20 20:29:25.163] Husby was here, and we are ready to go
[2026-05-20 20:29:25.183] AUTO-DISENGAGE: gear left Park (now D)
[2026-05-20 20:29:25.183] Husby was here, and we are ready to go
[2026-05-20 20:29:25.190] AUTO-DISENGAGE: gear left Park (now D)
[2026-05-20 20:29:25.190] Husby was here, and we are ready to go
[2026-05-20 20:29:25.203] AUTO-DISENGAGE: gear left Park (now D)
[2026-05-20 20:29:25.203] Husby was here, and we are ready to go
[2026-05-20 20:29:25.223] AUTO-DISENGAGE: gear left Park (now D)
[2026-05-20 20:29:25.223] Husby was here, and we are ready to go
[2026-05-20 20:29:25.243] AUTO-DISENGAGE: gear left Park (now D)
[2026-05-20 20:29:25.243] Husby was here, and we are ready to go
[2026-05-20 20:29:25.262] AUTO-DISENGAGE: gear left Park (now D)
[2026-05-20 20:29:25.262] Husby was here, and we are ready to go
[2026-05-20 20:29:25.283] AUTO-DISENGAGE: gear left Park (now D)
[2026-05-20 20:29:25.283] Husby was here, and we are ready to go
[2026-05-20 20:29:25.291] AUTO-DISENGAGE: gear left Park (now D)
[2026-05-20 20:29:25.291] Husby was here, and we are ready to go
[2026-05-20 20:29:25.303] AUTO-DISENGAGE: gear left Park (now D)
[2026-05-20 20:29:25.303] Husby was here, and we are ready to go
[2026-05-20 20:29:25.323] AUTO-DISENGAGE: gear left Park (now D)
[2026-05-20 20:29:25.323] Husby was here, and we are ready to go
[2026-05-20 20:29:25.343] AUTO-DISENGAGE: gear left Park (now D)
[2026-05-20 20:29:25.343] Husby was here, and we are ready to go
[2026-05-20 20:29:25.363] AUTO-DISENGAGE: gear left Park (now D)
[2026-05-20 20:29:25.363] Husby was here, and we are ready to go
[2026-05-20 20:29:25.383] AUTO-DISENGAGE: gear left Park (now D)
[2026-05-20 20:29:25.383] Husby was here, and we are ready to go
[2026-05-20 20:29:25.390] AUTO-DISENGAGE: gear left Park (now D)
[2026-05-20 20:29:25.391] Husby was here, and we are ready to go
[2026-05-20 20:29:25.402] AUTO-DISENGAGE: gear left Park (now D)
[2026-05-20 20:29:25.402] Husby was here, and we are ready to go
[2026-05-20 20:29:25.423] AUTO-DISENGAGE: gear left Park (now D)
[2026-05-20 20:29:25.423] Husby was here, and we are ready to go
[2026-05-20 20:29:25.443] AUTO-DISENGAGE: gear left Park (now D)
[2026-05-20 20:29:25.443] Husby was here, and we are ready to go
[2026-05-20 20:29:25.462] AUTO-DISENGAGE: gear left Park (now D)
[2026-05-20 20:29:25.463] Husby was here, and we are ready to go
[2026-05-20 20:29:25.483] AUTO-DISENGAGE: gear left Park (now D)
[2026-05-20 20:29:25.483] Husby was here, and we are ready to go
[2026-05-20 20:29:25.490] AUTO-DISENGAGE: gear left Park (now D)
[2026-05-20 20:29:25.491] Husby was here, and we are ready to go
[2026-05-20 20:29:25.502] AUTO-DISENGAGE: gear left Park (now D)
[2026-05-20 20:29:25.502] Husby was here, and we are ready to go
[2026-05-20 20:29:25.523] AUTO-DISENGAGE: gear left Park (now D)
[2026-05-20 20:29:25.523] Husby was here, and we are ready to go
[2026-05-20 20:29:25.542] AUTO-DISENGAGE: gear left Park (now D)
[2026-05-20 20:29:25.542] Husby was here, and we are ready to go
[2026-05-20 20:29:25.562] AUTO-DISENGAGE: gear left Park (now D)
[2026-05-20 20:29:25.562] Husby was here, and we are ready to go
[2026-05-20 20:29:25.583] AUTO-DISENGAGE: gear left Park (now D)
[2026-05-20 20:29:25.583] Husby was here, and we are ready to go
[2026-05-20 20:29:25.590] AUTO-DISENGAGE: gear left Park (now D)
[2026-05-20 20:29:25.590] Husby was here, and we are ready to go
[2026-05-20 20:29:25.602] AUTO-DISENGAGE: gear left Park (now D)
[2026-05-20 20:29:25.602] Husby was here, and we are ready to go
[2026-05-20 20:29:25.622] AUTO-DISENGAGE: gear left Park (now D)
[2026-05-20 20:29:25.622] Husby was here, and we are ready to go
[2026-05-20 20:29:25.643] AUTO-DISENGAGE: gear left Park (now D)
[2026-05-20 20:29:25.643] Husby was here, and we are ready to go
[2026-05-20 20:29:25.662] AUTO-DISENGAGE: gear left Park (now D)
[2026-05-20 20:29:25.662] Husby was here, and we are ready to go
[2026-05-20 20:29:25.683] AUTO-DISENGAGE: gear left Park (now D)
[2026-05-20 20:29:25.683] Husby was here, and we are ready to go
[2026-05-20 20:29:25.690] AUTO-DISENGAGE: gear left Park (now D)
[2026-05-20 20:29:25.691] Husby was here, and we are ready to go
[2026-05-20 20:29:25.702] AUTO-DISENGAGE: gear left Park (now D)
[2026-05-20 20:29:25.702] Husby was here, and we are ready to go
[2026-05-20 20:29:25.723] AUTO-DISENGAGE: gear left Park (now D)
[2026-05-20 20:29:25.723] Husby was here, and we are ready to go
[2026-05-20 20:29:25.743] AUTO-DISENGAGE: gear left Park (now D)
[2026-05-20 20:29:25.743] Husby was here, and we are ready to go
[2026-05-20 20:29:25.763] AUTO-DISENGAGE: gear left Park (now D)
[2026-05-20 20:29:25.763] Husby was here, and we are ready to go
[2026-05-20 20:29:25.783] AUTO-DISENGAGE: gear left Park (now D)
[2026-05-20 20:29:25.783] Husby was here, and we are ready to go
[2026-05-20 20:29:25.790] AUTO-DISENGAGE: gear left Park (now D)
[2026-05-20 20:29:25.791] Husby was here, and we are ready to go
[2026-05-20 20:29:25.803] AUTO-DISENGAGE: gear left Park (now D)
[2026-05-20 20:29:25.803] Husby was here, and we are ready to go
[2026-05-20 20:29:25.823] AUTO-DISENGAGE: gear left Park (now D)
[2026-05-20 20:29:25.823] Husby was here, and we are ready to go
[2026-05-20 20:29:25.843] AUTO-DISENGAGE: gear left Park (now D)
[2026-05-20 20:29:25.843] Husby was here, and we are ready to go
[2026-05-20 20:29:25.863] AUTO-DISENGAGE: gear left Park (now D)
[2026-05-20 20:29:25.863] Husby was here, and we are ready to go
[2026-05-20 20:29:25.883] AUTO-DISENGAGE: gear left Park (now D)
[2026-05-20 20:29:25.883] Husby was here, and we are ready to go
[2026-05-20 20:29:25.891] AUTO-DISENGAGE: gear left Park (now D)
[2026-05-20 20:29:25.891] Husby was here, and we are ready to go
[2026-05-20 20:29:25.902] AUTO-DISENGAGE: gear left Park (now D)
[2026-05-20 20:29:25.903] Husby was here, and we are ready to go
[2026-05-20 20:29:25.923] AUTO-DISENGAGE: gear left Park (now D)
[2026-05-20 20:29:25.923] Husby was here, and we are ready to go
[2026-05-20 20:29:25.943] AUTO-DISENGAGE: gear left Park (now D)
[2026-05-20 20:29:25.943] Husby was here, and we are ready to go
[2026-05-20 20:29:25.962] AUTO-DISENGAGE: gear left Park (now D)
[2026-05-20 20:29:25.963] Husby was here, and we are ready to go
[2026-05-20 20:29:25.983] AUTO-DISENGAGE: gear left Park (now D)
[2026-05-20 20:29:25.983] Husby was here, and we are ready to go
[2026-05-20 20:29:25.991] AUTO-DISENGAGE: gear left Park (now D)
[2026-05-20 20:29:25.991] Husby was here, and we are ready to go
[2026-05-20 20:29:26.003] AUTO-DISENGAGE: gear left Park (now D)
[2026-05-20 20:29:26.003] Husby was here, and we are ready to go
[2026-05-20 20:29:26.023] AUTO-DISENGAGE: gear left Park (now D)
[2026-05-20 20:29:26.023] Husby was here, and we are ready to go
[2026-05-20 20:29:26.043] AUTO-DISENGAGE: gear left Park (now D)
[2026-05-20 20:29:26.043] Husby was here, and we are ready to go
[2026-05-20 20:29:26.063] AUTO-DISENGAGE: gear left Park (now D)
[2026-05-20 20:29:26.063] Husby was here, and we are ready to go
[2026-05-20 20:29:26.083] AUTO-DISENGAGE: gear left Park (now D)
[2026-05-20 20:29:26.083] Husby was here, and we are ready to go
[2026-05-20 20:29:26.090] AUTO-DISENGAGE: gear left Park (now D)
[2026-05-20 20:29:26.090] Husby was here, and we are ready to go
[2026-05-20 20:29:26.102] AUTO-DISENGAGE: gear left Park (now D)
[2026-05-20 20:29:26.102] Husby was here, and we are ready to go
[2026-05-20 20:29:26.122] AUTO-DISENGAGE: gear left Park (now D)
[2026-05-20 20:29:26.123] Husby was here, and we are ready to go
[2026-05-20 20:29:26.143] AUTO-DISENGAGE: gear left Park (now D)
[2026-05-20 20:29:26.143] Husby was here, and we are ready to go
[2026-05-20 20:29:26.163] AUTO-DISENGAGE: gear left Park (now D)
[2026-05-20 20:29:26.163] Husby was here, and we are ready to go
[2026-05-20 20:29:26.183] AUTO-DISENGAGE: gear left Park (now D)
[2026-05-20 20:29:26.183] Husby was here, and we are ready to go
[2026-05-20 20:29:26.190] AUTO-DISENGAGE: gear left Park (now D)
[2026-05-20 20:29:26.190] Husby was here, and we are ready to go
[2026-05-20 20:29:26.203] AUTO-DISENGAGE: gear left Park (now D)
[2026-05-20 20:29:26.203] Husby was here, and we are ready to go
[2026-05-20 20:29:26.222] AUTO-DISENGAGE: gear left Park (now D)
[2026-05-20 20:29:26.222] Husby was here, and we are ready to go
[2026-05-20 20:29:26.243] AUTO-DISENGAGE: gear left Park (now D)
[2026-05-20 20:29:26.243] Husby was here, and we are ready to go
[2026-05-20 20:29:26.262] AUTO-DISENGAGE: gear left Park (now D)
[2026-05-20 20:29:26.263] Husby was here, and we are ready to go
[2026-05-20 20:29:26.283] AUTO-DISENGAGE: gear left Park (now D)
[2026-05-20 20:29:26.283] Husby was here, and we are ready to go
[2026-05-20 20:29:26.291] AUTO-DISENGAGE: gear left Park (now D)
[2026-05-20 20:29:26.291] Husby was here, and we are ready to go
[2026-05-20 20:29:26.302] AUTO-DISENGAGE: gear left Park (now D)
[2026-05-20 20:29:26.302] Husby was here, and we are ready to go
[2026-05-20 20:29:26.323] AUTO-DISENGAGE: gear left Park (now D)
[2026-05-20 20:29:26.323] Husby was here, and we are ready to go
[2026-05-20 20:29:26.343] AUTO-DISENGAGE: gear left Park (now D)
[2026-05-20 20:29:26.343] Husby was here, and we are ready to go
[2026-05-20 20:29:26.362] AUTO-DISENGAGE: gear left Park (now D)
[2026-05-20 20:29:26.362] Husby was here, and we are ready to go
[2026-05-20 20:29:26.383] AUTO-DISENGAGE: gear left Park (now D)
[2026-05-20 20:29:26.383] Husby was here, and we are ready to go
[2026-05-20 20:29:26.391] AUTO-DISENGAGE: gear left Park (now D)
[2026-05-20 20:29:26.391] Husby was here, and we are ready to go
[2026-05-20 20:29:26.402] AUTO-DISENGAGE: gear left Park (now D)
[2026-05-20 20:29:26.402] Husby was here, and we are ready to go
[2026-05-20 20:29:26.423] AUTO-DISENGAGE: gear left Park (now D)
[2026-05-20 20:29:26.423] Husby was here, and we are ready to go
[2026-05-20 20:29:26.443] AUTO-DISENGAGE: gear left Park (now D)
[2026-05-20 20:29:26.443] Husby was here, and we are ready to go
[2026-05-20 20:29:26.462] AUTO-DISENGAGE: gear left Park (now D)
[2026-05-20 20:29:26.462] Husby was here, and we are ready to go
[2026-05-20 20:29:26.483] AUTO-DISENGAGE: gear left Park (now D)
[2026-05-20 20:29:26.483] Husby was here, and we are ready to go
[2026-05-20 20:29:26.491] AUTO-DISENGAGE: gear left Park (now D)
[2026-05-20 20:29:26.491] Husby was here, and we are ready to go
[2026-05-20 20:29:26.502] AUTO-DISENGAGE: gear left Park (now D)
[2026-05-20 20:29:26.502] Husby was here, and we are ready to go
[2026-05-20 20:29:26.523] AUTO-DISENGAGE: gear left Park (now D)
[2026-05-20 20:29:26.523] Husby was here, and we are ready to go
[2026-05-20 20:29:26.543] AUTO-DISENGAGE: gear left Park (now D)
[2026-05-20 20:29:26.543] Husby was here, and we are ready to go
[2026-05-20 20:29:26.562] AUTO-DISENGAGE: gear left Park (now D)
[2026-05-20 20:29:26.562] Husby was here, and we are ready to go
[2026-05-20 20:29:26.583] AUTO-DISENGAGE: gear left Park (now D)
[2026-05-20 20:29:26.583] Husby was here, and we are ready to go
[2026-05-20 20:29:26.591] AUTO-DISENGAGE: gear left Park (now D)
[2026-05-20 20:29:26.591] Husby was here, and we are ready to go
[2026-05-20 20:29:26.603] AUTO-DISENGAGE: gear left Park (now D)
[2026-05-20 20:29:26.603] Husby was here, and we are ready to go
[2026-05-20 20:29:26.623] AUTO-DISENGAGE: gear left Park (now D)
[2026-05-20 20:29:26.623] Husby was here, and we are ready to go
[2026-05-20 20:29:26.643] AUTO-DISENGAGE: gear left Park (now D)
[2026-05-20 20:29:26.643] Husby was here, and we are ready to go
[2026-05-20 20:29:26.663] AUTO-DISENGAGE: gear left Park (now D)
[2026-05-20 20:29:26.663] Husby was here, and we are ready to go
[2026-05-20 20:29:26.683] AUTO-DISENGAGE: gear left Park (now D)
[2026-05-20 20:29:26.683] Husby was here, and we are ready to go
[2026-05-20 20:29:26.690] AUTO-DISENGAGE: gear left Park (now D)
[2026-05-20 20:29:26.690] Husby was here, and we are ready to go
[2026-05-20 20:29:26.702] AUTO-DISENGAGE: gear left Park (now D)
[2026-05-20 20:29:26.702] Husby was here, and we are ready to go
[2026-05-20 20:29:26.723] AUTO-DISENGAGE: gear left Park (now D)
[2026-05-20 20:29:26.723] Husby was here, and we are ready to go
[2026-05-20 20:29:26.743] AUTO-DISENGAGE: gear left Park (now D)
[2026-05-20 20:29:26.744] Husby was here, and we are ready to go
[2026-05-20 20:29:26.763] AUTO-DISENGAGE: gear left Park (now D)
[2026-05-20 20:29:26.763] Husby was here, and we are ready to go
[2026-05-20 20:29:26.783] AUTO-DISENGAGE: gear left Park (now D)
[2026-05-20 20:29:26.783] Husby was here, and we are ready to go
[2026-05-20 20:29:26.790] AUTO-DISENGAGE: gear left Park (now D)
[2026-05-20 20:29:26.790] Husby was here, and we are ready to go
[2026-05-20 20:29:26.803] AUTO-DISENGAGE: gear left Park (now D)
[2026-05-20 20:29:26.803] Husby was here, and we are ready to go
[2026-05-20 20:29:26.823] AUTO-DISENGAGE: gear left Park (now D)
[2026-05-20 20:29:26.823] Husby was here, and we are ready to go
[2026-05-20 20:29:26.844] AUTO-DISENGAGE: gear left Park (now D)
[2026-05-20 20:29:26.844] Husby was here, and we are ready to go
[2026-05-20 20:29:26.863] AUTO-DISENGAGE: gear left Park (now D)
[2026-05-20 20:29:26.863] Husby was here, and we are ready to go
[2026-05-20 20:29:26.883] AUTO-DISENGAGE: gear left Park (now D)
[2026-05-20 20:29:26.883] Husby was here, and we are ready to go
[2026-05-20 20:29:26.891] AUTO-DISENGAGE: gear left Park (now D)
[2026-05-20 20:29:26.891] Husby was here, and we are ready to go
[2026-05-20 20:29:26.903] AUTO-DISENGAGE: gear left Park (now D)
[2026-05-20 20:29:26.903] Husby was here, and we are ready to go
[2026-05-20 20:29:26.923] AUTO-DISENGAGE: gear left Park (now D)
[2026-05-20 20:29:26.923] Husby was here, and we are ready to go
[2026-05-20 20:29:26.943] AUTO-DISENGAGE: gear left Park (now D)
[2026-05-20 20:29:26.943] Husby was here, and we are ready to go
[2026-05-20 20:29:26.963] AUTO-DISENGAGE: gear left Park (now D)
[2026-05-20 20:29:26.963] Husby was here, and we are ready to go
[2026-05-20 20:29:26.983] AUTO-DISENGAGE: gear left Park (now D)
[2026-05-20 20:29:26.983] Husby was here, and we are ready to go
[2026-05-20 20:29:26.991] AUTO-DISENGAGE: gear left Park (now D)
[2026-05-20 20:29:26.992] Husby was here, and we are ready to go
[2026-05-20 20:29:27.003] AUTO-DISENGAGE: gear left Park (now D)
[2026-05-20 20:29:27.003] Husby was here, and we are ready to go
[2026-05-20 20:29:27.023] AUTO-DISENGAGE: gear left Park (now D)
[2026-05-20 20:29:27.023] Husby was here, and we are ready to go
[2026-05-20 20:29:27.043] AUTO-DISENGAGE: gear left Park (now D)
[2026-05-20 20:29:27.043] Husby was here, and we are ready to go
[2026-05-20 20:29:27.063] AUTO-DISENGAGE: gear left Park (now D)
[2026-05-20 20:29:27.063] Husby was here, and we are ready to go
[2026-05-20 20:29:27.084] AUTO-DISENGAGE: gear left Park (now D)
[2026-05-20 20:29:27.084] Husby was here, and we are ready to go
[2026-05-20 20:29:27.091] AUTO-DISENGAGE: gear left Park (now D)
[2026-05-20 20:29:27.091] Husby was here, and we are ready to go
[2026-05-20 20:29:27.102] AUTO-DISENGAGE: gear left Park (now D)
[2026-05-20 20:29:27.102] Husby was here, and we are ready to go
[2026-05-20 20:29:27.123] AUTO-DISENGAGE: gear left Park (now D)
[2026-05-20 20:29:27.123] Husby was here, and we are ready to go
[2026-05-20 20:29:27.143] AUTO-DISENGAGE: gear left Park (now D)
[2026-05-20 20:29:27.143] Husby was here, and we are ready to go
[2026-05-20 20:29:27.163] AUTO-DISENGAGE: gear left Park (now D)
[2026-05-20 20:29:27.163] Husby was here, and we are ready to go
[2026-05-20 20:29:27.183] AUTO-DISENGAGE: gear left Park (now D)
[2026-05-20 20:29:27.183] Husby was here, and we are ready to go
[2026-05-20 20:29:27.191] AUTO-DISENGAGE: gear left Park (now D)
[2026-05-20 20:29:27.191] Husby was here, and we are ready to go
[2026-05-20 20:29:27.203] AUTO-DISENGAGE: gear left Park (now D)
[2026-05-20 20:29:27.203] Husby was here, and we are ready to go
[2026-05-20 20:29:27.223] AUTO-DISENGAGE: gear left Park (now D)
[2026-05-20 20:29:27.223] Husby was here, and we are ready to go
[2026-05-20 20:29:27.243] AUTO-DISENGAGE: gear left Park (now D)
[2026-05-20 20:29:27.243] Husby was here, and we are ready to go
[2026-05-20 20:29:27.263] AUTO-DISENGAGE: gear left Park (now D)
[2026-05-20 20:29:27.263] Husby was here, and we are ready to go
[2026-05-20 20:29:27.283] AUTO-DISENGAGE: gear left Park (now D)
[2026-05-20 20:29:27.284] Husby was here, and we are ready to go
[2026-05-20 20:29:27.291] AUTO-DISENGAGE: gear left Park (now D)
[2026-05-20 20:29:27.291] Husby was here, and we are ready to go
[2026-05-20 20:29:27.303] AUTO-DISENGAGE: gear left Park (now D)
[2026-05-20 20:29:27.303] Husby was here, and we are ready to go
[2026-05-20 20:29:27.323] AUTO-DISENGAGE: gear left Park (now D)
[2026-05-20 20:29:27.323] Husby was here, and we are ready to go
[2026-05-20 20:29:27.343] AUTO-DISENGAGE: gear left Park (now D)
[2026-05-20 20:29:27.343] Husby was here, and we are ready to go
[2026-05-20 20:29:27.363] AUTO-DISENGAGE: gear left Park (now D)
[2026-05-20 20:29:27.363] Husby was here, and we are ready to go
[2026-05-20 20:29:27.383] AUTO-DISENGAGE: gear left Park (now D)
[2026-05-20 20:29:27.384] Husby was here, and we are ready to go
[2026-05-20 20:29:27.391] AUTO-DISENGAGE: gear left Park (now D)
[2026-05-20 20:29:27.391] Husby was here, and we are ready to go
[2026-05-20 20:29:27.403] AUTO-DISENGAGE: gear left Park (now D)
[2026-05-20 20:29:27.403] Husby was here, and we are ready to go
[2026-05-20 20:29:27.423] AUTO-DISENGAGE: gear left Park (now D)
[2026-05-20 20:29:27.423] Husby was here, and we are ready to go
[2026-05-20 20:29:27.443] AUTO-DISENGAGE: gear left Park (now D)
[2026-05-20 20:29:27.444] Husby was here, and we are ready to go
[2026-05-20 20:29:27.463] AUTO-DISENGAGE: gear left Park (now D)
[2026-05-20 20:29:27.463] Husby was here, and we are ready to go
[2026-05-20 20:29:27.484] AUTO-DISENGAGE: gear left Park (now D)
[2026-05-20 20:29:27.484] Husby was here, and we are ready to go
[2026-05-20 20:29:27.491] AUTO-DISENGAGE: gear left Park (now D)
[2026-05-20 20:29:27.491] Husby was here, and we are ready to go
[2026-05-20 20:29:27.502] AUTO-DISENGAGE: gear left Park (now D)
[2026-05-20 20:29:27.502] Husby was here, and we are ready to go
[2026-05-20 20:29:27.523] AUTO-DISENGAGE: gear left Park (now D)
[2026-05-20 20:29:27.523] Husby was here, and we are ready to go
[2026-05-20 20:29:27.543] AUTO-DISENGAGE: gear left Park (now D)
[2026-05-20 20:29:27.543] Husby was here, and we are ready to go
[2026-05-20 20:29:27.563] AUTO-DISENGAGE: gear left Park (now D)
[2026-05-20 20:29:27.563] Husby was here, and we are ready to go
[2026-05-20 20:29:27.583] AUTO-DISENGAGE: gear left Park (now D)
[2026-05-20 20:29:27.583] Husby was here, and we are ready to go
[2026-05-20 20:29:27.591] AUTO-DISENGAGE: gear left Park (now D)
[2026-05-20 20:29:27.591] Husby was here, and we are ready to go
[2026-05-20 20:29:27.602] AUTO-DISENGAGE: gear left Park (now D)
[2026-05-20 20:29:27.603] Husby was here, and we are ready to go
[2026-05-20 20:29:27.623] AUTO-DISENGAGE: gear left Park (now D)
[2026-05-20 20:29:27.623] Husby was here, and we are ready to go
[2026-05-20 20:29:27.644] AUTO-DISENGAGE: gear left Park (now D)
[2026-05-20 20:29:27.644] Husby was here, and we are ready to go
[2026-05-20 20:29:27.663] AUTO-DISENGAGE: gear left Park (now D)
[2026-05-20 20:29:27.663] Husby was here, and we are ready to go
[2026-05-20 20:29:27.683] AUTO-DISENGAGE: gear left Park (now D)
[2026-05-20 20:29:27.683] Husby was here, and we are ready to go
[2026-05-20 20:29:27.691] AUTO-DISENGAGE: gear left Park (now D)
[2026-05-20 20:29:27.691] Husby was here, and we are ready to go
[2026-05-20 20:29:27.702] AUTO-DISENGAGE: gear left Park (now D)
[2026-05-20 20:29:27.703] Husby was here, and we are ready to go
[2026-05-20 20:29:27.723] AUTO-DISENGAGE: gear left Park (now D)
[2026-05-20 20:29:27.723] Husby was here, and we are ready to go
[2026-05-20 20:29:27.743] AUTO-DISENGAGE: gear left Park (now D)
[2026-05-20 20:29:27.743] Husby was here, and we are ready to go
[2026-05-20 20:29:27.763] AUTO-DISENGAGE: gear left Park (now D)
[2026-05-20 20:29:27.763] Husby was here, and we are ready to go
[2026-05-20 20:29:27.783] AUTO-DISENGAGE: gear left Park (now D)
[2026-05-20 20:29:27.783] Husby was here, and we are ready to go
[2026-05-20 20:29:27.790] AUTO-DISENGAGE: gear left Park (now D)
[2026-05-20 20:29:27.790] Husby was here, and we are ready to go
[2026-05-20 20:29:27.803] AUTO-DISENGAGE: gear left Park (now D)
[2026-05-20 20:29:27.803] Husby was here, and we are ready to go
[2026-05-20 20:29:27.822] AUTO-DISENGAGE: gear left Park (now D)
[2026-05-20 20:29:27.823] Husby was here, and we are ready to go
[2026-05-20 20:29:27.843] AUTO-DISENGAGE: gear left Park (now D)
[2026-05-20 20:29:27.844] Husby was here, and we are ready to go
[2026-05-20 20:29:27.863] AUTO-DISENGAGE: gear left Park (now D)
[2026-05-20 20:29:27.863] Husby was here, and we are ready to go
[2026-05-20 20:29:27.883] AUTO-DISENGAGE: gear left Park (now D)
[2026-05-20 20:29:27.883] Husby was here, and we are ready to go
[2026-05-20 20:29:27.890] AUTO-DISENGAGE: gear left Park (now D)
[2026-05-20 20:29:27.890] Husby was here, and we are ready to go
[2026-05-20 20:29:27.903] AUTO-DISENGAGE: gear left Park (now D)
[2026-05-20 20:29:27.903] Husby was here, and we are ready to go
[2026-05-20 20:29:27.923] AUTO-DISENGAGE: gear left Park (now D)
[2026-05-20 20:29:27.923] Husby was here, and we are ready to go
[2026-05-20 20:29:27.943] AUTO-DISENGAGE: gear left Park (now D)
[2026-05-20 20:29:27.943] Husby was here, and we are ready to go
[2026-05-20 20:29:27.963] AUTO-DISENGAGE: gear left Park (now D)
[2026-05-20 20:29:27.963] Husby was here, and we are ready to go
[2026-05-20 20:29:27.983] AUTO-DISENGAGE: gear left Park (now D)
[2026-05-20 20:29:27.983] Husby was here, and we are ready to go
[2026-05-20 20:29:27.991] AUTO-DISENGAGE: gear left Park (now D)
[2026-05-20 20:29:27.991] Husby was here, and we are ready to go
[2026-05-20 20:29:28.002] AUTO-DISENGAGE: gear left Park (now D)
[2026-05-20 20:29:28.002] Husby was here, and we are ready to go
[2026-05-20 20:29:28.023] AUTO-DISENGAGE: gear left Park (now D)
[2026-05-20 20:29:28.023] Husby was here, and we are ready to go
[2026-05-20 20:29:28.043] AUTO-DISENGAGE: gear left Park (now D)
[2026-05-20 20:29:28.043] Husby was here, and we are ready to go
[2026-05-20 20:29:28.062] AUTO-DISENGAGE: gear left Park (now D)
[2026-05-20 20:29:28.063] Husby was here, and we are ready to go
[2026-05-20 20:29:28.083] AUTO-DISENGAGE: gear left Park (now D)
[2026-05-20 20:29:28.083] Husby was here, and we are ready to go
[2026-05-20 20:29:28.091] AUTO-DISENGAGE: gear left Park (now D)
[2026-05-20 20:29:28.091] Husby was here, and we are ready to go
[2026-05-20 20:29:28.102] AUTO-DISENGAGE: gear left Park (now D)
[2026-05-20 20:29:28.102] Husby was here, and we are ready to go
[2026-05-20 20:29:28.123] AUTO-DISENGAGE: gear left Park (now D)
[2026-05-20 20:29:28.123] Husby was here, and we are ready to go
[2026-05-20 20:29:28.143] AUTO-DISENGAGE: gear left Park (now D)
[2026-05-20 20:29:28.143] Husby was here, and we are ready to go
[2026-05-20 20:29:28.163] AUTO-DISENGAGE: gear left Park (now D)
[2026-05-20 20:29:28.163] Husby was here, and we are ready to go
[2026-05-20 20:29:28.183] AUTO-DISENGAGE: gear left Park (now D)
[2026-05-20 20:29:28.183] Husby was here, and we are ready to go
[2026-05-20 20:29:28.191] AUTO-DISENGAGE: gear left Park (now D)
[2026-05-20 20:29:28.191] Husby was here, and we are ready to go
[2026-05-20 20:29:28.203] AUTO-DISENGAGE: gear left Park (now D)
[2026-05-20 20:29:28.203] Husby was here, and we are ready to go
[2026-05-20 20:29:28.223] AUTO-DISENGAGE: gear left Park (now D)
[2026-05-20 20:29:28.223] Husby was here, and we are ready to go
[2026-05-20 20:29:28.243] AUTO-DISENGAGE: gear left Park (now D)
[2026-05-20 20:29:28.243] Husby was here, and we are ready to go
[2026-05-20 20:29:28.263] AUTO-DISENGAGE: gear left Park (now D)
[2026-05-20 20:29:28.263] Husby was here, and we are ready to go
[2026-05-20 20:29:28.284] AUTO-DISENGAGE: gear left Park (now D)
[2026-05-20 20:29:28.284] Husby was here, and we are ready to go
[2026-05-20 20:29:28.291] AUTO-DISENGAGE: gear left Park (now D)
[2026-05-20 20:29:28.291] Husby was here, and we are ready to go
[2026-05-20 20:29:28.302] AUTO-DISENGAGE: gear left Park (now D)
[2026-05-20 20:29:28.303] Husby was here, and we are ready to go
[2026-05-20 20:29:28.323] AUTO-DISENGAGE: gear left Park (now D)
[2026-05-20 20:29:28.323] Husby was here, and we are ready to go
[2026-05-20 20:29:28.343] AUTO-DISENGAGE: gear left Park (now D)
[2026-05-20 20:29:28.343] Husby was here, and we are ready to go
[2026-05-20 20:29:28.363] AUTO-DISENGAGE: gear left Park (now D)
[2026-05-20 20:29:28.363] Husby was here, and we are ready to go
[2026-05-20 20:29:28.383] AUTO-DISENGAGE: gear left Park (now D)
[2026-05-20 20:29:28.383] Husby was here, and we are ready to go
[2026-05-20 20:29:28.391] AUTO-DISENGAGE: gear left Park (now D)
[2026-05-20 20:29:28.391] Husby was here, and we are ready to go
[2026-05-20 20:29:28.402] AUTO-DISENGAGE: gear left Park (now D)
[2026-05-20 20:29:28.402] Husby was here, and we are ready to go
[2026-05-20 20:29:28.423] AUTO-DISENGAGE: gear left Park (now D)
[2026-05-20 20:29:28.423] Husby was here, and we are ready to go
[2026-05-20 20:29:28.443] AUTO-DISENGAGE: gear left Park (now D)
[2026-05-20 20:29:28.443] Husby was here, and we are ready to go
[2026-05-20 20:29:28.463] AUTO-DISENGAGE: gear left Park (now D)
[2026-05-20 20:29:28.463] Husby was here, and we are ready to go
[2026-05-20 20:29:28.483] AUTO-DISENGAGE: gear left Park (now D)
[2026-05-20 20:29:28.483] Husby was here, and we are ready to go
[2026-05-20 20:29:28.491] AUTO-DISENGAGE: gear left Park (now D)
[2026-05-20 20:29:28.491] Husby was here, and we are ready to go
[2026-05-20 20:29:28.503] AUTO-DISENGAGE: gear left Park (now D)
[2026-05-20 20:29:28.503] Husby was here, and we are ready to go
[2026-05-20 20:29:28.523] AUTO-DISENGAGE: gear left Park (now D)
[2026-05-20 20:29:28.523] Husby was here, and we are ready to go
[2026-05-20 20:29:28.543] AUTO-DISENGAGE: gear left Park (now D)
[2026-05-20 20:29:28.543] Husby was here, and we are ready to go
[2026-05-20 20:29:28.563] AUTO-DISENGAGE: gear left Park (now D)
[2026-05-20 20:29:28.563] Husby was here, and we are ready to go
[2026-05-20 20:29:28.583] AUTO-DISENGAGE: gear left Park (now D)
[2026-05-20 20:29:28.584] Husby was here, and we are ready to go
[2026-05-20 20:29:28.591] AUTO-DISENGAGE: gear left Park (now D)
[2026-05-20 20:29:28.591] Husby was here, and we are ready to go
[2026-05-20 20:29:28.602] AUTO-DISENGAGE: gear left Park (now D)
[2026-05-20 20:29:28.602] Husby was here, and we are ready to go
[2026-05-20 20:29:28.623] AUTO-DISENGAGE: gear left Park (now D)
[2026-05-20 20:29:28.623] Husby was here, and we are ready to go
[2026-05-20 20:29:28.643] AUTO-DISENGAGE: gear left Park (now D)
[2026-05-20 20:29:28.643] Husby was here, and we are ready to go
[2026-05-20 20:29:28.663] AUTO-DISENGAGE: gear left Park (now D)
[2026-05-20 20:29:28.663] Husby was here, and we are ready to go
[2026-05-20 20:29:28.683] AUTO-DISENGAGE: gear left Park (now D)
[2026-05-20 20:29:28.683] Husby was here, and we are ready to go
[2026-05-20 20:29:28.691] AUTO-DISENGAGE: gear left Park (now D)
[2026-05-20 20:29:28.691] Husby was here, and we are ready to go
[2026-05-20 20:29:28.702] AUTO-DISENGAGE: gear left Park (now D)
[2026-05-20 20:29:28.702] Husby was here, and we are ready to go
[2026-05-20 20:29:28.723] AUTO-DISENGAGE: gear left Park (now D)
[2026-05-20 20:29:28.723] Husby was here, and we are ready to go
[2026-05-20 20:29:28.743] AUTO-DISENGAGE: gear left Park (now D)
[2026-05-20 20:29:28.743] Husby was here, and we are ready to go
[2026-05-20 20:29:28.763] AUTO-DISENGAGE: gear left Park (now D)
[2026-05-20 20:29:28.763] Husby was here, and we are ready to go
[2026-05-20 20:29:28.783] AUTO-DISENGAGE: gear left Park (now D)
[2026-05-20 20:29:28.783] Husby was here, and we are ready to go
[2026-05-20 20:29:28.791] AUTO-DISENGAGE: gear left Park (now D)
[2026-05-20 20:29:28.791] Husby was here, and we are ready to go
[2026-05-20 20:29:28.803] AUTO-DISENGAGE: gear left Park (now D)
[2026-05-20 20:29:28.803] Husby was here, and we are ready to go
[2026-05-20 20:29:28.823] AUTO-DISENGAGE: gear left Park (now D)
[2026-05-20 20:29:28.823] Husby was here, and we are ready to go
[2026-05-20 20:29:28.843] AUTO-DISENGAGE: gear left Park (now D)
[2026-05-20 20:29:28.844] Husby was here, and we are ready to go
[2026-05-20 20:29:28.863] AUTO-DISENGAGE: gear left Park (now D)
[2026-05-20 20:29:28.863] Husby was here, and we are ready to go
[2026-05-20 20:29:28.883] AUTO-DISENGAGE: gear left Park (now D)
[2026-05-20 20:29:28.883] Husby was here, and we are ready to go
[2026-05-20 20:29:28.891] AUTO-DISENGAGE: gear left Park (now D)
[2026-05-20 20:29:28.891] Husby was here, and we are ready to go
[2026-05-20 20:29:28.902] AUTO-DISENGAGE: gear left Park (now D)
[2026-05-20 20:29:28.902] Husby was here, and we are ready to go
[2026-05-20 20:29:28.923] AUTO-DISENGAGE: gear left Park (now D)
[2026-05-20 20:29:28.923] Husby was here, and we are ready to go
[2026-05-20 20:29:28.943] AUTO-DISENGAGE: gear left Park (now D)
[2026-05-20 20:29:28.943] Husby was here, and we are ready to go
[2026-05-20 20:29:28.963] AUTO-DISENGAGE: gear left Park (now D)
[2026-05-20 20:29:28.963] Husby was here, and we are ready to go
[2026-05-20 20:29:28.983] AUTO-DISENGAGE: gear left Park (now D)
[2026-05-20 20:29:28.983] Husby was here, and we are ready to go
[2026-05-20 20:29:28.991] AUTO-DISENGAGE: gear left Park (now D)
[2026-05-20 20:29:28.991] Husby was here, and we are ready to go
[2026-05-20 20:29:29.003] AUTO-DISENGAGE: gear left Park (now D)
[2026-05-20 20:29:29.003] Husby was here, and we are ready to go
[2026-05-20 20:29:29.023] AUTO-DISENGAGE: gear left Park (now D)
[2026-05-20 20:29:29.023] Husby was here, and we are ready to go
[2026-05-20 20:29:29.043] AUTO-DISENGAGE: gear left Park (now D)
[2026-05-20 20:29:29.043] Husby was here, and we are ready to go
[2026-05-20 20:29:29.063] AUTO-DISENGAGE: gear left Park (now D)
[2026-05-20 20:29:29.063] Husby was here, and we are ready to go
[2026-05-20 20:29:29.084] AUTO-DISENGAGE: gear left Park (now D)
[2026-05-20 20:29:29.084] Husby was here, and we are ready to go
[2026-05-20 20:29:29.091] AUTO-DISENGAGE: gear left Park (now D)
[2026-05-20 20:29:29.091] Husby was here, and we are ready to go
[2026-05-20 20:29:29.103] AUTO-DISENGAGE: gear left Park (now D)
[2026-05-20 20:29:29.103] Husby was here, and we are ready to go
[2026-05-20 20:29:29.123] AUTO-DISENGAGE: gear left Park (now D)
[2026-05-20 20:29:29.123] Husby was here, and we are ready to go
[2026-05-20 20:29:29.143] AUTO-DISENGAGE: gear left Park (now D)
[2026-05-20 20:29:29.143] Husby was here, and we are ready to go
[2026-05-20 20:29:29.163] AUTO-DISENGAGE: gear left Park (now D)
[2026-05-20 20:29:29.163] Husby was here, and we are ready to go
[2026-05-20 20:29:29.183] AUTO-DISENGAGE: gear left Park (now D)
[2026-05-20 20:29:29.184] Husby was here, and we are ready to go
[2026-05-20 20:29:29.191] AUTO-DISENGAGE: gear left Park (now D)
[2026-05-20 20:29:29.191] Husby was here, and we are ready to go
[2026-05-20 20:29:29.203] AUTO-DISENGAGE: gear left Park (now D)
[2026-05-20 20:29:29.203] Husby was here, and we are ready to go
[2026-05-20 20:29:29.223] AUTO-DISENGAGE: gear left Park (now D)
[2026-05-20 20:29:29.223] Husby was here, and we are ready to go
[2026-05-20 20:29:29.243] AUTO-DISENGAGE: gear left Park (now D)
[2026-05-20 20:29:29.243] Husby was here, and we are ready to go
[2026-05-20 20:29:29.263] AUTO-DISENGAGE: gear left Park (now D)
[2026-05-20 20:29:29.263] Husby was here, and we are ready to go
[2026-05-20 20:29:29.283] AUTO-DISENGAGE: gear left Park (now D)
[2026-05-20 20:29:29.283] Husby was here, and we are ready to go
[2026-05-20 20:29:29.291] AUTO-DISENGAGE: gear left Park (now D)
[2026-05-20 20:29:29.291] Husby was here, and we are ready to go
[2026-05-20 20:29:29.302] AUTO-DISENGAGE: gear left Park (now D)
[2026-05-20 20:29:29.303] Husby was here, and we are ready to go
[2026-05-20 20:29:29.323] AUTO-DISENGAGE: gear left Park (now D)
[2026-05-20 20:29:29.323] Husby was here, and we are ready to go
[2026-05-20 20:29:29.343] AUTO-DISENGAGE: gear left Park (now D)
[2026-05-20 20:29:29.343] Husby was here, and we are ready to go
[2026-05-20 20:29:29.363] AUTO-DISENGAGE: gear left Park (now D)
[2026-05-20 20:29:29.363] Husby was here, and we are ready to go
[2026-05-20 20:29:29.383] AUTO-DISENGAGE: gear left Park (now D)
[2026-05-20 20:29:29.383] Husby was here, and we are ready to go
[2026-05-20 20:29:29.391] AUTO-DISENGAGE: gear left Park (now D)
[2026-05-20 20:29:29.391] Husby was here, and we are ready to go
[2026-05-20 20:29:29.403] AUTO-DISENGAGE: gear left Park (now D)
[2026-05-20 20:29:29.403] Husby was here, and we are ready to go
[2026-05-20 20:29:29.423] AUTO-DISENGAGE: gear left Park (now D)
[2026-05-20 20:29:29.423] Husby was here, and we are ready to go
[2026-05-20 20:29:29.443] AUTO-DISENGAGE: gear left Park (now D)
[2026-05-20 20:29:29.443] Husby was here, and we are ready to go
[2026-05-20 20:29:29.463] AUTO-DISENGAGE: gear left Park (now D)
[2026-05-20 20:29:29.463] Husby was here, and we are ready to go
[2026-05-20 20:29:29.483] AUTO-DISENGAGE: gear left Park (now D)
[2026-05-20 20:29:29.483] Husby was here, and we are ready to go
[2026-05-20 20:29:29.490] AUTO-DISENGAGE: gear left Park (now D)
[2026-05-20 20:29:29.491] Husby was here, and we are ready to go
[2026-05-20 20:29:29.502] AUTO-DISENGAGE: gear left Park (now D)
[2026-05-20 20:29:29.503] Husby was here, and we are ready to go
[2026-05-20 20:29:29.523] AUTO-DISENGAGE: gear left Park (now D)
[2026-05-20 20:29:29.523] Husby was here, and we are ready to go
[2026-05-20 20:29:29.543] AUTO-DISENGAGE: gear left Park (now D)
[2026-05-20 20:29:29.543] Husby was here, and we are ready to go
[2026-05-20 20:29:29.563] AUTO-DISENGAGE: gear left Park (now D)
[2026-05-20 20:29:29.563] Husby was here, and we are ready to go
[2026-05-20 20:29:29.583] AUTO-DISENGAGE: gear left Park (now D)
[2026-05-20 20:29:29.583] Husby was here, and we are ready to go
[2026-05-20 20:29:29.591] AUTO-DISENGAGE: gear left Park (now D)
[2026-05-20 20:29:29.591] Husby was here, and we are ready to go
[2026-05-20 20:29:29.603] AUTO-DISENGAGE: gear left Park (now D)
[2026-05-20 20:29:29.603] Husby was here, and we are ready to go
[2026-05-20 20:29:29.622] AUTO-DISENGAGE: gear left Park (now D)
[2026-05-20 20:29:29.623] Husby was here, and we are ready to go
[2026-05-20 20:29:29.643] AUTO-DISENGAGE: gear left Park (now D)
[2026-05-20 20:29:29.643] Husby was here, and we are ready to go
[2026-05-20 20:29:29.663] AUTO-DISENGAGE: gear left Park (now D)
[2026-05-20 20:29:29.663] Husby was here, and we are ready to go
[2026-05-20 20:29:29.683] AUTO-DISENGAGE: gear left Park (now D)
[2026-05-20 20:29:29.683] Husby was here, and we are ready to go
[2026-05-20 20:29:29.691] AUTO-DISENGAGE: gear left Park (now D)
[2026-05-20 20:29:29.691] Husby was here, and we are ready to go
[2026-05-20 20:29:29.702] AUTO-DISENGAGE: gear left Park (now D)
[2026-05-20 20:29:29.702] Husby was here, and we are ready to go
[2026-05-20 20:29:29.723] AUTO-DISENGAGE: gear left Park (now D)
[2026-05-20 20:29:29.723] Husby was here, and we are ready to go
[2026-05-20 20:29:29.743] AUTO-DISENGAGE: gear left Park (now D)
[2026-05-20 20:29:29.743] Husby was here, and we are ready to go
[2026-05-20 20:29:29.763] AUTO-DISENGAGE: gear left Park (now D)
[2026-05-20 20:29:29.763] Husby was here, and we are ready to go
[2026-05-20 20:29:29.783] AUTO-DISENGAGE: gear left Park (now D)
[2026-05-20 20:29:29.783] Husby was here, and we are ready to go
[2026-05-20 20:29:29.791] AUTO-DISENGAGE: gear left Park (now D)
[2026-05-20 20:29:29.791] Husby was here, and we are ready to go
[2026-05-20 20:29:29.803] AUTO-DISENGAGE: gear left Park (now D)
[2026-05-20 20:29:29.803] Husby was here, and we are ready to go
[2026-05-20 20:29:29.823] AUTO-DISENGAGE: gear left Park (now D)
[2026-05-20 20:29:29.823] Husby was here, and we are ready to go
[2026-05-20 20:29:29.843] AUTO-DISENGAGE: gear left Park (now D)
[2026-05-20 20:29:29.843] Husby was here, and we are ready to go
[2026-05-20 20:29:29.863] AUTO-DISENGAGE: gear left Park (now D)
[2026-05-20 20:29:29.863] Husby was here, and we are ready to go
[2026-05-20 20:29:29.883] AUTO-DISENGAGE: gear left Park (now D)
[2026-05-20 20:29:29.883] Husby was here, and we are ready to go
[2026-05-20 20:29:29.890] AUTO-DISENGAGE: gear left Park (now D)
[2026-05-20 20:29:29.890] Husby was here, and we are ready to go
[2026-05-20 20:29:29.903] AUTO-DISENGAGE: gear left Park (now D)
[2026-05-20 20:29:29.903] Husby was here, and we are ready to go
[2026-05-20 20:29:29.923] AUTO-DISENGAGE: gear left Park (now D)
[2026-05-20 20:29:29.923] Husby was here, and we are ready to go
[2026-05-20 20:29:29.943] AUTO-DISENGAGE: gear left Park (now D)
[2026-05-20 20:29:29.943] Husby was here, and we are ready to go
[2026-05-20 20:29:29.963] AUTO-DISENGAGE: gear left Park (now D)
[2026-05-20 20:29:29.963] Husby was here, and we are ready to go
[2026-05-20 20:29:29.983] AUTO-DISENGAGE: gear left Park (now D)
[2026-05-20 20:29:29.983] Husby was here, and we are ready to go
[2026-05-20 20:29:29.991] AUTO-DISENGAGE: gear left Park (now D)
[2026-05-20 20:29:29.991] Husby was here, and we are ready to go
[2026-05-20 20:29:30.002] AUTO-DISENGAGE: gear left Park (now D)
[2026-05-20 20:29:30.003] Husby was here, and we are ready to go
[2026-05-20 20:29:30.023] AUTO-DISENGAGE: gear left Park (now D)
[2026-05-20 20:29:30.023] Husby was here, and we are ready to go
[2026-05-20 20:29:30.043] AUTO-DISENGAGE: gear left Park (now D)
[2026-05-20 20:29:30.043] Husby was here, and we are ready to go
[2026-05-20 20:29:30.063] AUTO-DISENGAGE: gear left Park (now D)
[2026-05-20 20:29:30.063] Husby was here, and we are ready to go
[2026-05-20 20:29:30.083] AUTO-DISENGAGE: gear left Park (now D)
[2026-05-20 20:29:30.083] Husby was here, and we are ready to go
[2026-05-20 20:29:30.091] AUTO-DISENGAGE: gear left Park (now D)
[2026-05-20 20:29:30.091] Husby was here, and we are ready to go
[2026-05-20 20:29:30.102] AUTO-DISENGAGE: gear left Park (now D)
[2026-05-20 20:29:30.103] Husby was here, and we are ready to go
[2026-05-20 20:29:30.123] AUTO-DISENGAGE: gear left Park (now D)
[2026-05-20 20:29:30.123] Husby was here, and we are ready to go
[2026-05-20 20:29:30.143] AUTO-DISENGAGE: gear left Park (now D)
[2026-05-20 20:29:30.143] Husby was here, and we are ready to go
[2026-05-20 20:29:30.163] AUTO-DISENGAGE: gear left Park (now D)
[2026-05-20 20:29:30.163] Husby was here, and we are ready to go
[2026-05-20 20:29:30.183] AUTO-DISENGAGE: gear left Park (now D)
[2026-05-20 20:29:30.183] Husby was here, and we are ready to go
[2026-05-20 20:29:30.191] AUTO-DISENGAGE: gear left Park (now D)
[2026-05-20 20:29:30.191] Husby was here, and we are ready to go
[2026-05-20 20:29:30.203] AUTO-DISENGAGE: gear left Park (now D)
[2026-05-20 20:29:30.203] Husby was here, and we are ready to go
[2026-05-20 20:29:30.223] AUTO-DISENGAGE: gear left Park (now D)
[2026-05-20 20:29:30.223] Husby was here, and we are ready to go
[2026-05-20 20:29:30.243] AUTO-DISENGAGE: gear left Park (now D)
[2026-05-20 20:29:30.243] Husby was here, and we are ready to go
[2026-05-20 20:29:30.263] AUTO-DISENGAGE: gear left Park (now D)
[2026-05-20 20:29:30.263] Husby was here, and we are ready to go
[2026-05-20 20:29:30.284] AUTO-DISENGAGE: gear left Park (now D)
[2026-05-20 20:29:30.284] Husby was here, and we are ready to go
[2026-05-20 20:29:30.291] AUTO-DISENGAGE: gear left Park (now D)
[2026-05-20 20:29:30.291] Husby was here, and we are ready to go
[2026-05-20 20:29:30.303] AUTO-DISENGAGE: gear left Park (now D)
[2026-05-20 20:29:30.303] Husby was here, and we are ready to go
[2026-05-20 20:29:30.323] AUTO-DISENGAGE: gear left Park (now D)
[2026-05-20 20:29:30.323] Husby was here, and we are ready to go
[2026-05-20 20:29:30.343] AUTO-DISENGAGE: gear left Park (now D)
[2026-05-20 20:29:30.343] Husby was here, and we are ready to go
[2026-05-20 20:29:30.363] AUTO-DISENGAGE: gear left Park (now D)
[2026-05-20 20:29:30.363] Husby was here, and we are ready to go
[2026-05-20 20:29:30.383] AUTO-DISENGAGE: gear left Park (now D)
[2026-05-20 20:29:30.383] Husby was here, and we are ready to go
[2026-05-20 20:29:30.391] AUTO-DISENGAGE: gear left Park (now D)
[2026-05-20 20:29:30.391] Husby was here, and we are ready to go
[2026-05-20 20:29:30.403] AUTO-DISENGAGE: gear left Park (now D)
[2026-05-20 20:29:30.403] Husby was here, and we are ready to go
[2026-05-20 20:29:30.423] AUTO-DISENGAGE: gear left Park (now D)
[2026-05-20 20:29:30.423] Husby was here, and we are ready to go
[2026-05-20 20:29:30.443] AUTO-DISENGAGE: gear left Park (now D)
[2026-05-20 20:29:30.443] Husby was here, and we are ready to go
[2026-05-20 20:29:30.463] AUTO-DISENGAGE: gear left Park (now D)
[2026-05-20 20:29:30.463] Husby was here, and we are ready to go
[2026-05-20 20:29:30.483] AUTO-DISENGAGE: gear left Park (now D)
[2026-05-20 20:29:30.483] Husby was here, and we are ready to go
[2026-05-20 20:29:30.491] AUTO-DISENGAGE: gear left Park (now D)
[2026-05-20 20:29:30.491] Husby was here, and we are ready to go
[2026-05-20 20:29:30.503] AUTO-DISENGAGE: gear left Park (now D)
[2026-05-20 20:29:30.503] Husby was here, and we are ready to go
[2026-05-20 20:29:30.523] AUTO-DISENGAGE: gear left Park (now D)
[2026-05-20 20:29:30.523] Husby was here, and we are ready to go
[2026-05-20 20:29:30.543] AUTO-DISENGAGE: gear left Park (now D)
[2026-05-20 20:29:30.543] Husby was here, and we are ready to go
[2026-05-20 20:29:30.563] AUTO-DISENGAGE: gear left Park (now D)
[2026-05-20 20:29:30.563] Husby was here, and we are ready to go
[2026-05-20 20:29:30.583] AUTO-DISENGAGE: gear left Park (now D)
[2026-05-20 20:29:30.583] Husby was here, and we are ready to go
[2026-05-20 20:29:30.591] AUTO-DISENGAGE: gear left Park (now D)
[2026-05-20 20:29:30.591] Husby was here, and we are ready to go
[2026-05-20 20:29:30.603] AUTO-DISENGAGE: gear left Park (now D)
[2026-05-20 20:29:30.603] Husby was here, and we are ready to go
[2026-05-20 20:29:30.623] AUTO-DISENGAGE: gear left Park (now D)
[2026-05-20 20:29:30.623] Husby was here, and we are ready to go
[2026-05-20 20:29:30.643] AUTO-DISENGAGE: gear left Park (now D)
[2026-05-20 20:29:30.643] Husby was here, and we are ready to go
[2026-05-20 20:29:30.663] AUTO-DISENGAGE: gear left Park (now D)
[2026-05-20 20:29:30.663] Husby was here, and we are ready to go
[2026-05-20 20:29:30.683] AUTO-DISENGAGE: gear left Park (now D)
[2026-05-20 20:29:30.683] Husby was here, and we are ready to go
[2026-05-20 20:29:30.691] AUTO-DISENGAGE: gear left Park (now D)
[2026-05-20 20:29:30.691] Husby was here, and we are ready to go
[2026-05-20 20:29:30.703] AUTO-DISENGAGE: gear left Park (now D)
[2026-05-20 20:29:30.703] Husby was here, and we are ready to go
[2026-05-20 20:29:30.723] AUTO-DISENGAGE: gear left Park (now D)
[2026-05-20 20:29:30.723] Husby was here, and we are ready to go
[2026-05-20 20:29:30.743] AUTO-DISENGAGE: gear left Park (now D)
[2026-05-20 20:29:30.743] Husby was here, and we are ready to go
[2026-05-20 20:29:30.763] AUTO-DISENGAGE: gear left Park (now D)
[2026-05-20 20:29:30.763] Husby was here, and we are ready to go
[2026-05-20 20:29:30.783] AUTO-DISENGAGE: gear left Park (now D)
[2026-05-20 20:29:30.783] Husby was here, and we are ready to go
[2026-05-20 20:29:30.791] AUTO-DISENGAGE: gear left Park (now D)
[2026-05-20 20:29:30.791] Husby was here, and we are ready to go
[2026-05-20 20:29:30.803] AUTO-DISENGAGE: gear left Park (now D)
[2026-05-20 20:29:30.803] Husby was here, and we are ready to go
[2026-05-20 20:29:30.823] AUTO-DISENGAGE: gear left Park (now D)
[2026-05-20 20:29:30.823] Husby was here, and we are ready to go
[2026-05-20 20:29:30.843] AUTO-DISENGAGE: gear left Park (now D)
[2026-05-20 20:29:30.843] Husby was here, and we are ready to go
[2026-05-20 20:29:30.863] AUTO-DISENGAGE: gear left Park (now D)
[2026-05-20 20:29:30.863] Husby was here, and we are ready to go
[2026-05-20 20:29:30.883] AUTO-DISENGAGE: gear left Park (now D)
[2026-05-20 20:29:30.883] Husby was here, and we are ready to go
[2026-05-20 20:29:30.891] AUTO-DISENGAGE: gear left Park (now D)
[2026-05-20 20:29:30.891] Husby was here, and we are ready to go
[2026-05-20 20:29:30.903] AUTO-DISENGAGE: gear left Park (now D)
[2026-05-20 20:29:30.903] Husby was here, and we are ready to go
[2026-05-20 20:29:30.923] AUTO-DISENGAGE: gear left Park (now D)
[2026-05-20 20:29:30.923] Husby was here, and we are ready to go
[2026-05-20 20:29:30.943] AUTO-DISENGAGE: gear left Park (now D)
[2026-05-20 20:29:30.943] Husby was here, and we are ready to go
[2026-05-20 20:29:30.963] AUTO-DISENGAGE: gear left Park (now D)
[2026-05-20 20:29:30.963] Husby was here, and we are ready to go
[2026-05-20 20:29:30.983] AUTO-DISENGAGE: gear left Park (now D)
[2026-05-20 20:29:30.983] Husby was here, and we are ready to go
[2026-05-20 20:29:30.991] AUTO-DISENGAGE: gear left Park (now D)
[2026-05-20 20:29:30.991] Husby was here, and we are ready to go
[2026-05-20 20:29:31.003] AUTO-DISENGAGE: gear left Park (now D)
[2026-05-20 20:29:31.003] Husby was here, and we are ready to go
[2026-05-20 20:29:31.023] AUTO-DISENGAGE: gear left Park (now D)
[2026-05-20 20:29:31.023] Husby was here, and we are ready to go
[2026-05-20 20:29:31.043] AUTO-DISENGAGE: gear left Park (now D)
[2026-05-20 20:29:31.043] Husby was here, and we are ready to go
[2026-05-20 20:29:31.063] AUTO-DISENGAGE: gear left Park (now D)
[2026-05-20 20:29:31.063] Husby was here, and we are ready to go
[2026-05-20 20:29:31.083] AUTO-DISENGAGE: gear left Park (now D)
[2026-05-20 20:29:31.083] Husby was here, and we are ready to go
[2026-05-20 20:29:31.091] AUTO-DISENGAGE: gear left Park (now D)
[2026-05-20 20:29:31.091] Husby was here, and we are ready to go
[2026-05-20 20:29:31.103] AUTO-DISENGAGE: gear left Park (now D)
[2026-05-20 20:29:31.103] Husby was here, and we are ready to go
[2026-05-20 20:29:31.123] AUTO-DISENGAGE: gear left Park (now D)
[2026-05-20 20:29:31.123] Husby was here, and we are ready to go
[2026-05-20 20:29:31.143] AUTO-DISENGAGE: gear left Park (now D)
[2026-05-20 20:29:31.143] Husby was here, and we are ready to go
[2026-05-20 20:29:31.163] AUTO-DISENGAGE: gear left Park (now D)
[2026-05-20 20:29:31.163] Husby was here, and we are ready to go
[2026-05-20 20:29:31.183] AUTO-DISENGAGE: gear left Park (now D)
[2026-05-20 20:29:31.183] Husby was here, and we are ready to go
[2026-05-20 20:29:31.191] AUTO-DISENGAGE: gear left Park (now D)
[2026-05-20 20:29:31.191] Husby was here, and we are ready to go
[2026-05-20 20:29:31.203] AUTO-DISENGAGE: gear left Park (now D)
[2026-05-20 20:29:31.203] Husby was here, and we are ready to go
[2026-05-20 20:29:31.223] AUTO-DISENGAGE: gear left Park (now D)
[2026-05-20 20:29:31.223] Husby was here, and we are ready to go
[2026-05-20 20:29:31.243] AUTO-DISENGAGE: gear left Park (now D)
[2026-05-20 20:29:31.243] Husby was here, and we are ready to go
[2026-05-20 20:29:31.263] AUTO-DISENGAGE: gear left Park (now D)
[2026-05-20 20:29:31.263] Husby was here, and we are ready to go
[2026-05-20 20:29:31.284] AUTO-DISENGAGE: gear left Park (now D)
[2026-05-20 20:29:31.284] Husby was here, and we are ready to go
[2026-05-20 20:29:31.290] AUTO-DISENGAGE: gear left Park (now D)
[2026-05-20 20:29:31.290] Husby was here, and we are ready to go
[2026-05-20 20:29:31.303] AUTO-DISENGAGE: gear left Park (now D)
[2026-05-20 20:29:31.303] Husby was here, and we are ready to go
[2026-05-20 20:29:31.323] AUTO-DISENGAGE: gear left Park (now D)
[2026-05-20 20:29:31.323] Husby was here, and we are ready to go
[2026-05-20 20:29:31.343] AUTO-DISENGAGE: gear left Park (now D)
[2026-05-20 20:29:31.343] Husby was here, and we are ready to go
[2026-05-20 20:29:31.363] AUTO-DISENGAGE: gear left Park (now D)
[2026-05-20 20:29:31.363] Husby was here, and we are ready to go
[2026-05-20 20:29:31.383] AUTO-DISENGAGE: gear left Park (now D)
[2026-05-20 20:29:31.383] Husby was here, and we are ready to go
[2026-05-20 20:29:31.391] AUTO-DISENGAGE: gear left Park (now D)
[2026-05-20 20:29:31.391] Husby was here, and we are ready to go
[2026-05-20 20:29:31.403] AUTO-DISENGAGE: gear left Park (now D)
[2026-05-20 20:29:31.403] Husby was here, and we are ready to go
[2026-05-20 20:29:31.423] AUTO-DISENGAGE: gear left Park (now D)
[2026-05-20 20:29:31.423] Husby was here, and we are ready to go
[2026-05-20 20:29:31.443] AUTO-DISENGAGE: gear left Park (now D)
[2026-05-20 20:29:31.443] Husby was here, and we are ready to go
[2026-05-20 20:29:31.463] AUTO-DISENGAGE: gear left Park (now D)
[2026-05-20 20:29:31.463] Husby was here, and we are ready to go
[2026-05-20 20:29:31.484] AUTO-DISENGAGE: gear left Park (now D)
[2026-05-20 20:29:31.484] Husby was here, and we are ready to go
[2026-05-20 20:29:31.491] AUTO-DISENGAGE: gear left Park (now D)
[2026-05-20 20:29:31.491] Husby was here, and we are ready to go
[2026-05-20 20:29:31.503] AUTO-DISENGAGE: gear left Park (now D)
[2026-05-20 20:29:31.503] Husby was here, and we are ready to go
[2026-05-20 20:29:31.523] AUTO-DISENGAGE: gear left Park (now D)
[2026-05-20 20:29:31.523] Husby was here, and we are ready to go
[2026-05-20 20:29:31.543] AUTO-DISENGAGE: gear left Park (now D)
[2026-05-20 20:29:31.543] Husby was here, and we are ready to go
[2026-05-20 20:29:31.563] AUTO-DISENGAGE: gear left Park (now D)
[2026-05-20 20:29:31.563] Husby was here, and we are ready to go
[2026-05-20 20:29:31.583] AUTO-DISENGAGE: gear left Park (now D)
[2026-05-20 20:29:31.583] Husby was here, and we are ready to go
[2026-05-20 20:29:31.591] AUTO-DISENGAGE: gear left Park (now D)
[2026-05-20 20:29:31.591] Husby was here, and we are ready to go
[2026-05-20 20:29:31.603] AUTO-DISENGAGE: gear left Park (now D)
[2026-05-20 20:29:31.603] Husby was here, and we are ready to go
[2026-05-20 20:29:31.623] AUTO-DISENGAGE: gear left Park (now D)
[2026-05-20 20:29:31.623] Husby was here, and we are ready to go
[2026-05-20 20:29:31.643] AUTO-DISENGAGE: gear left Park (now D)
[2026-05-20 20:29:31.643] Husby was here, and we are ready to go
[2026-05-20 20:29:31.663] AUTO-DISENGAGE: gear left Park (now D)
[2026-05-20 20:29:31.663] Husby was here, and we are ready to go
[2026-05-20 20:29:31.683] AUTO-DISENGAGE: gear left Park (now D)
[2026-05-20 20:29:31.683] Husby was here, and we are ready to go
[2026-05-20 20:29:31.691] AUTO-DISENGAGE: gear left Park (now D)
[2026-05-20 20:29:31.691] Husby was here, and we are ready to go
[2026-05-20 20:29:31.703] AUTO-DISENGAGE: gear left Park (now D)
[2026-05-20 20:29:31.703] Husby was here, and we are ready to go
[2026-05-20 20:29:31.723] AUTO-DISENGAGE: gear left Park (now D)
[2026-05-20 20:29:31.723] Husby was here, and we are ready to go
[2026-05-20 20:29:31.743] AUTO-DISENGAGE: gear left Park (now D)
[2026-05-20 20:29:31.743] Husby was here, and we are ready to go
[2026-05-20 20:29:31.763] AUTO-DISENGAGE: gear left Park (now D)
[2026-05-20 20:29:31.763] Husby was here, and we are ready to go
[2026-05-20 20:29:31.783] AUTO-DISENGAGE: gear left Park (now D)
[2026-05-20 20:29:31.783] Husby was here, and we are ready to go
[2026-05-20 20:29:31.791] AUTO-DISENGAGE: gear left Park (now D)
[2026-05-20 20:29:31.791] Husby was here, and we are ready to go
[2026-05-20 20:29:31.803] AUTO-DISENGAGE: gear left Park (now D)
[2026-05-20 20:29:31.803] Husby was here, and we are ready to go
[2026-05-20 20:29:31.823] AUTO-DISENGAGE: gear left Park (now D)
[2026-05-20 20:29:31.823] Husby was here, and we are ready to go
[2026-05-20 20:29:31.843] AUTO-DISENGAGE: gear left Park (now D)
[2026-05-20 20:29:31.843] Husby was here, and we are ready to go
[2026-05-20 20:29:31.863] AUTO-DISENGAGE: gear left Park (now D)
[2026-05-20 20:29:31.863] Husby was here, and we are ready to go
[2026-05-20 20:29:31.884] AUTO-DISENGAGE: gear left Park (now D)
[2026-05-20 20:29:31.884] Husby was here, and we are ready to go
[2026-05-20 20:29:31.891] AUTO-DISENGAGE: gear left Park (now D)
[2026-05-20 20:29:31.891] Husby was here, and we are ready to go
[2026-05-20 20:29:31.903] AUTO-DISENGAGE: gear left Park (now D)
[2026-05-20 20:29:31.903] Husby was here, and we are ready to go
[2026-05-20 20:29:31.923] AUTO-DISENGAGE: gear left Park (now D)
[2026-05-20 20:29:31.923] Husby was here, and we are ready to go
[2026-05-20 20:29:31.943] AUTO-DISENGAGE: gear left Park (now D)
[2026-05-20 20:29:31.943] Husby was here, and we are ready to go
[2026-05-20 20:29:31.963] AUTO-DISENGAGE: gear left Park (now D)
[2026-05-20 20:29:31.963] Husby was here, and we are ready to go
[2026-05-20 20:29:31.984] AUTO-DISENGAGE: gear left Park (now D)
[2026-05-20 20:29:31.984] Husby was here, and we are ready to go
[2026-05-20 20:29:31.991] AUTO-DISENGAGE: gear left Park (now D)
[2026-05-20 20:29:31.991] Husby was here, and we are ready to go
[2026-05-20 20:29:32.003] AUTO-DISENGAGE: gear left Park (now D)
[2026-05-20 20:29:32.003] Husby was here, and we are ready to go
[2026-05-20 20:29:32.024] AUTO-DISENGAGE: gear left Park (now D)
[2026-05-20 20:29:32.024] Husby was here, and we are ready to go
[2026-05-20 20:29:32.043] AUTO-DISENGAGE: gear left Park (now D)
[2026-05-20 20:29:32.043] Husby was here, and we are ready to go
[2026-05-20 20:29:32.063] AUTO-DISENGAGE: gear left Park (now D)
[2026-05-20 20:29:32.063] Husby was here, and we are ready to go
[2026-05-20 20:29:32.083] AUTO-DISENGAGE: gear left Park (now D)
[2026-05-20 20:29:32.084] Husby was here, and we are ready to go
[2026-05-20 20:29:32.091] AUTO-DISENGAGE: gear left Park (now D)
[2026-05-20 20:29:32.091] Husby was here, and we are ready to go
[2026-05-20 20:29:32.103] AUTO-DISENGAGE: gear left Park (now D)
[2026-05-20 20:29:32.103] Husby was here, and we are ready to go
[2026-05-20 20:29:32.123] AUTO-DISENGAGE: gear left Park (now D)
[2026-05-20 20:29:32.123] Husby was here, and we are ready to go
[2026-05-20 20:29:32.143] AUTO-DISENGAGE: gear left Park (now D)
[2026-05-20 20:29:32.143] Husby was here, and we are ready to go
[2026-05-20 20:29:32.163] AUTO-DISENGAGE: gear left Park (now D)
[2026-05-20 20:29:32.163] Husby was here, and we are ready to go
[2026-05-20 20:29:32.183] AUTO-DISENGAGE: gear left Park (now D)
[2026-05-20 20:29:32.183] Husby was here, and we are ready to go
[2026-05-20 20:29:32.191] AUTO-DISENGAGE: gear left Park (now D)
[2026-05-20 20:29:32.191] Husby was here, and we are ready to go
[2026-05-20 20:29:32.203] AUTO-DISENGAGE: gear left Park (now D)
[2026-05-20 20:29:32.203] Husby was here, and we are ready to go
[2026-05-20 20:29:32.223] AUTO-DISENGAGE: gear left Park (now D)
[2026-05-20 20:29:32.223] Husby was here, and we are ready to go
[2026-05-20 20:29:32.243] AUTO-DISENGAGE: gear left Park (now D)
[2026-05-20 20:29:32.243] Husby was here, and we are ready to go
[2026-05-20 20:29:32.263] AUTO-DISENGAGE: gear left Park (now D)
[2026-05-20 20:29:32.263] Husby was here, and we are ready to go
[2026-05-20 20:29:32.283] AUTO-DISENGAGE: gear left Park (now D)
[2026-05-20 20:29:32.283] Husby was here, and we are ready to go
[2026-05-20 20:29:32.291] AUTO-DISENGAGE: gear left Park (now D)
[2026-05-20 20:29:32.291] Husby was here, and we are ready to go
[2026-05-20 20:29:32.303] AUTO-DISENGAGE: gear left Park (now D)
[2026-05-20 20:29:32.303] Husby was here, and we are ready to go
[2026-05-20 20:29:32.323] AUTO-DISENGAGE: gear left Park (now D)
[2026-05-20 20:29:32.323] Husby was here, and we are ready to go
[2026-05-20 20:29:32.343] AUTO-DISENGAGE: gear left Park (now D)
[2026-05-20 20:29:32.343] Husby was here, and we are ready to go
[2026-05-20 20:29:32.363] AUTO-DISENGAGE: gear left Park (now D)
[2026-05-20 20:29:32.363] Husby was here, and we are ready to go
[2026-05-20 20:29:32.383] AUTO-DISENGAGE: gear left Park (now D)
[2026-05-20 20:29:32.383] Husby was here, and we are ready to go
[2026-05-20 20:29:32.391] AUTO-DISENGAGE: gear left Park (now D)
[2026-05-20 20:29:32.391] Husby was here, and we are ready to go
[2026-05-20 20:29:32.403] AUTO-DISENGAGE: gear left Park (now D)
[2026-05-20 20:29:32.403] Husby was here, and we are ready to go
[2026-05-20 20:29:32.423] AUTO-DISENGAGE: gear left Park (now D)
[2026-05-20 20:29:32.423] Husby was here, and we are ready to go
[2026-05-20 20:29:32.443] AUTO-DISENGAGE: gear left Park (now D)
[2026-05-20 20:29:32.443] Husby was here, and we are ready to go
[2026-05-20 20:29:32.463] AUTO-DISENGAGE: gear left Park (now D)
[2026-05-20 20:29:32.463] Husby was here, and we are ready to go
[2026-05-20 20:29:32.483] AUTO-DISENGAGE: gear left Park (now D)
[2026-05-20 20:29:32.483] Husby was here, and we are ready to go
[2026-05-20 20:29:32.491] AUTO-DISENGAGE: gear left Park (now D)
[2026-05-20 20:29:32.491] Husby was here, and we are ready to go
[2026-05-20 20:29:32.503] AUTO-DISENGAGE: gear left Park (now D)
[2026-05-20 20:29:32.503] Husby was here, and we are ready to go
[2026-05-20 20:29:32.523] AUTO-DISENGAGE: gear left Park (now D)
[2026-05-20 20:29:32.523] Husby was here, and we are ready to go
[2026-05-20 20:29:32.543] AUTO-DISENGAGE: gear left Park (now D)
[2026-05-20 20:29:32.543] Husby was here, and we are ready to go
[2026-05-20 20:29:32.563] AUTO-DISENGAGE: gear left Park (now D)
[2026-05-20 20:29:32.563] Husby was here, and we are ready to go
[2026-05-20 20:29:32.583] AUTO-DISENGAGE: gear left Park (now D)
[2026-05-20 20:29:32.583] Husby was here, and we are ready to go
[2026-05-20 20:29:32.591] AUTO-DISENGAGE: gear left Park (now D)
[2026-05-20 20:29:32.591] Husby was here, and we are ready to go
[2026-05-20 20:29:32.603] AUTO-DISENGAGE: gear left Park (now D)
[2026-05-20 20:29:32.603] Husby was here, and we are ready to go
[2026-05-20 20:29:32.623] AUTO-DISENGAGE: gear left Park (now D)
[2026-05-20 20:29:32.623] Husby was here, and we are ready to go
[2026-05-20 20:29:32.643] AUTO-DISENGAGE: gear left Park (now D)
[2026-05-20 20:29:32.643] Husby was here, and we are ready to go
[2026-05-20 20:29:32.663] AUTO-DISENGAGE: gear left Park (now D)
[2026-05-20 20:29:32.663] Husby was here, and we are ready to go
[2026-05-20 20:29:32.683] AUTO-DISENGAGE: gear left Park (now D)
[2026-05-20 20:29:32.683] Husby was here, and we are ready to go
[2026-05-20 20:29:32.691] AUTO-DISENGAGE: gear left Park (now D)
[2026-05-20 20:29:32.691] Husby was here, and we are ready to go
[2026-05-20 20:29:32.703] AUTO-DISENGAGE: gear left Park (now D)
[2026-05-20 20:29:32.703] Husby was here, and we are ready to go
[2026-05-20 20:29:32.723] AUTO-DISENGAGE: gear left Park (now D)
[2026-05-20 20:29:32.723] Husby was here, and we are ready to go
[2026-05-20 20:29:32.743] AUTO-DISENGAGE: gear left Park (now D)
[2026-05-20 20:29:32.743] Husby was here, and we are ready to go
[2026-05-20 20:29:32.763] AUTO-DISENGAGE: gear left Park (now D)
[2026-05-20 20:29:32.763] Husby was here, and we are ready to go
[2026-05-20 20:29:32.784] AUTO-DISENGAGE: gear left Park (now D)
[2026-05-20 20:29:32.784] Husby was here, and we are ready to go
[2026-05-20 20:29:32.790] AUTO-DISENGAGE: gear left Park (now D)
[2026-05-20 20:29:32.790] Husby was here, and we are ready to go
[2026-05-20 20:29:32.803] AUTO-DISENGAGE: gear left Park (now D)
[2026-05-20 20:29:32.803] Husby was here, and we are ready to go
[2026-05-20 20:29:32.823] AUTO-DISENGAGE: gear left Park (now D)
[2026-05-20 20:29:32.823] Husby was here, and we are ready to go
[2026-05-20 20:29:32.843] AUTO-DISENGAGE: gear left Park (now D)
[2026-05-20 20:29:32.843] Husby was here, and we are ready to go
[2026-05-20 20:29:32.863] AUTO-DISENGAGE: gear left Park (now D)
[2026-05-20 20:29:32.863] Husby was here, and we are ready to go
[2026-05-20 20:29:32.883] AUTO-DISENGAGE: gear left Park (now D)
[2026-05-20 20:29:32.884] Husby was here, and we are ready to go
[2026-05-20 20:29:32.891] AUTO-DISENGAGE: gear left Park (now D)
[2026-05-20 20:29:32.891] Husby was here, and we are ready to go
[2026-05-20 20:29:32.903] AUTO-DISENGAGE: gear left Park (now D)
[2026-05-20 20:29:32.903] Husby was here, and we are ready to go
[2026-05-20 20:29:32.923] AUTO-DISENGAGE: gear left Park (now D)
[2026-05-20 20:29:32.923] Husby was here, and we are ready to go
[2026-05-20 20:29:32.943] AUTO-DISENGAGE: gear left Park (now D)
[2026-05-20 20:29:32.943] Husby was here, and we are ready to go
[2026-05-20 20:29:32.963] AUTO-DISENGAGE: gear left Park (now D)
[2026-05-20 20:29:32.963] Husby was here, and we are ready to go
[2026-05-20 20:29:32.984] AUTO-DISENGAGE: gear left Park (now D)
[2026-05-20 20:29:32.984] Husby was here, and we are ready to go
[2026-05-20 20:29:32.991] AUTO-DISENGAGE: gear left Park (now D)
[2026-05-20 20:29:32.991] Husby was here, and we are ready to go
[2026-05-20 20:29:33.003] AUTO-DISENGAGE: gear left Park (now D)
[2026-05-20 20:29:33.003] Husby was here, and we are ready to go
[2026-05-20 20:29:33.024] AUTO-DISENGAGE: gear left Park (now D)
[2026-05-20 20:29:33.024] Husby was here, and we are ready to go
[2026-05-20 20:29:33.043] AUTO-DISENGAGE: gear left Park (now D)
[2026-05-20 20:29:33.043] Husby was here, and we are ready to go
[2026-05-20 20:29:33.063] AUTO-DISENGAGE: gear left Park (now D)
[2026-05-20 20:29:33.063] Husby was here, and we are ready to go
[2026-05-20 20:29:33.084] AUTO-DISENGAGE: gear left Park (now D)
[2026-05-20 20:29:33.084] Husby was here, and we are ready to go
[2026-05-20 20:29:33.091] AUTO-DISENGAGE: gear left Park (now D)
[2026-05-20 20:29:33.091] Husby was here, and we are ready to go
[2026-05-20 20:29:33.103] AUTO-DISENGAGE: gear left Park (now D)
[2026-05-20 20:29:33.103] Husby was here, and we are ready to go
[2026-05-20 20:29:33.123] AUTO-DISENGAGE: gear left Park (now D)
[2026-05-20 20:29:33.123] Husby was here, and we are ready to go
[2026-05-20 20:29:33.143] AUTO-DISENGAGE: gear left Park (now D)
[2026-05-20 20:29:33.143] Husby was here, and we are ready to go
[2026-05-20 20:29:33.163] AUTO-DISENGAGE: gear left Park (now D)
[2026-05-20 20:29:33.163] Husby was here, and we are ready to go
[2026-05-20 20:29:33.183] AUTO-DISENGAGE: gear left Park (now D)
[2026-05-20 20:29:33.183] Husby was here, and we are ready to go
[2026-05-20 20:29:33.191] AUTO-DISENGAGE: gear left Park (now D)
[2026-05-20 20:29:33.191] Husby was here, and we are ready to go
[2026-05-20 20:29:33.203] AUTO-DISENGAGE: gear left Park (now D)
[2026-05-20 20:29:33.203] Husby was here, and we are ready to go
[2026-05-20 20:29:33.223] AUTO-DISENGAGE: gear left Park (now D)
[2026-05-20 20:29:33.223] Husby was here, and we are ready to go
[2026-05-20 20:29:33.243] AUTO-DISENGAGE: gear left Park (now D)
[2026-05-20 20:29:33.243] Husby was here, and we are ready to go
[2026-05-20 20:29:33.263] AUTO-DISENGAGE: gear left Park (now D)
[2026-05-20 20:29:33.263] Husby was here, and we are ready to go
[2026-05-20 20:29:33.284] AUTO-DISENGAGE: gear left Park (now D)
[2026-05-20 20:29:33.284] Husby was here, and we are ready to go
[2026-05-20 20:29:33.290] AUTO-DISENGAGE: gear left Park (now D)
[2026-05-20 20:29:33.290] Husby was here, and we are ready to go
[2026-05-20 20:29:33.303] AUTO-DISENGAGE: gear left Park (now D)
[2026-05-20 20:29:33.303] Husby was here, and we are ready to go
[2026-05-20 20:29:33.323] AUTO-DISENGAGE: gear left Park (now D)
[2026-05-20 20:29:33.323] Husby was here, and we are ready to go
[2026-05-20 20:29:33.343] AUTO-DISENGAGE: gear left Park (now D)
[2026-05-20 20:29:33.343] Husby was here, and we are ready to go
[2026-05-20 20:29:33.363] AUTO-DISENGAGE: gear left Park (now D)
[2026-05-20 20:29:33.363] Husby was here, and we are ready to go
[2026-05-20 20:29:33.383] AUTO-DISENGAGE: gear left Park (now D)
[2026-05-20 20:29:33.383] Husby was here, and we are ready to go
[2026-05-20 20:29:33.391] AUTO-DISENGAGE: gear left Park (now D)
[2026-05-20 20:29:33.391] Husby was here, and we are ready to go
[2026-05-20 20:29:33.403] AUTO-DISENGAGE: gear left Park (now D)
[2026-05-20 20:29:33.403] Husby was here, and we are ready to go
[2026-05-20 20:29:33.423] AUTO-DISENGAGE: gear left Park (now D)
[2026-05-20 20:29:33.423] Husby was here, and we are ready to go
[2026-05-20 20:29:33.443] AUTO-DISENGAGE: gear left Park (now D)
[2026-05-20 20:29:33.443] Husby was here, and we are ready to go
[2026-05-20 20:29:33.463] AUTO-DISENGAGE: gear left Park (now D)
[2026-05-20 20:29:33.463] Husby was here, and we are ready to go
[2026-05-20 20:29:33.484] AUTO-DISENGAGE: gear left Park (now D)
[2026-05-20 20:29:33.484] Husby was here, and we are ready to go
[2026-05-20 20:29:33.491] AUTO-DISENGAGE: gear left Park (now D)
[2026-05-20 20:29:33.491] Husby was here, and we are ready to go
[2026-05-20 20:29:33.503] AUTO-DISENGAGE: gear left Park (now D)
[2026-05-20 20:29:33.503] Husby was here, and we are ready to go
[2026-05-20 20:29:33.523] AUTO-DISENGAGE: gear left Park (now D)
[2026-05-20 20:29:33.523] Husby was here, and we are ready to go
[2026-05-20 20:29:33.543] AUTO-DISENGAGE: gear left Park (now D)
[2026-05-20 20:29:33.543] Husby was here, and we are ready to go
[2026-05-20 20:29:33.563] AUTO-DISENGAGE: gear left Park (now D)
[2026-05-20 20:29:33.563] Husby was here, and we are ready to go
[2026-05-20 20:29:33.583] AUTO-DISENGAGE: gear left Park (now D)
[2026-05-20 20:29:33.583] Husby was here, and we are ready to go
[2026-05-20 20:29:33.591] AUTO-DISENGAGE: gear left Park (now D)
[2026-05-20 20:29:33.591] Husby was here, and we are ready to go
[2026-05-20 20:29:33.603] AUTO-DISENGAGE: gear left Park (now D)
[2026-05-20 20:29:33.603] Husby was here, and we are ready to go
[2026-05-20 20:29:33.623] AUTO-DISENGAGE: gear left Park (now D)
[2026-05-20 20:29:33.623] Husby was here, and we are ready to go
[2026-05-20 20:29:33.643] AUTO-DISENGAGE: gear left Park (now D)
[2026-05-20 20:29:33.643] Husby was here, and we are ready to go
[2026-05-20 20:29:33.664] AUTO-DISENGAGE: gear left Park (now D)
[2026-05-20 20:29:33.664] Husby was here, and we are ready to go
[2026-05-20 20:29:33.683] AUTO-DISENGAGE: gear left Park (now D)
[2026-05-20 20:29:33.683] Husby was here, and we are ready to go
[2026-05-20 20:29:33.691] AUTO-DISENGAGE: gear left Park (now D)
[2026-05-20 20:29:33.691] Husby was here, and we are ready to go
[2026-05-20 20:29:33.703] AUTO-DISENGAGE: gear left Park (now D)
[2026-05-20 20:29:33.703] Husby was here, and we are ready to go
[2026-05-20 20:29:33.724] AUTO-DISENGAGE: gear left Park (now D)
[2026-05-20 20:29:33.724] Husby was here, and we are ready to go
[2026-05-20 20:29:33.743] AUTO-DISENGAGE: gear left Park (now D)
[2026-05-20 20:29:33.743] Husby was here, and we are ready to go
[2026-05-20 20:29:33.763] AUTO-DISENGAGE: gear left Park (now D)
[2026-05-20 20:29:33.763] Husby was here, and we are ready to go
[2026-05-20 20:29:33.783] AUTO-DISENGAGE: gear left Park (now D)
[2026-05-20 20:29:33.784] Husby was here, and we are ready to go
[2026-05-20 20:29:33.791] AUTO-DISENGAGE: gear left Park (now D)
[2026-05-20 20:29:33.791] Husby was here, and we are ready to go
[2026-05-20 20:29:33.803] AUTO-DISENGAGE: gear left Park (now D)
[2026-05-20 20:29:33.803] Husby was here, and we are ready to go
[2026-05-20 20:29:33.823] AUTO-DISENGAGE: gear left Park (now D)
[2026-05-20 20:29:33.823] Husby was here, and we are ready to go
[2026-05-20 20:29:33.843] AUTO-DISENGAGE: gear left Park (now D)
[2026-05-20 20:29:33.843] Husby was here, and we are ready to go
[2026-05-20 20:29:33.863] AUTO-DISENGAGE: gear left Park (now D)
[2026-05-20 20:29:33.863] Husby was here, and we are ready to go
[2026-05-20 20:29:33.884] AUTO-DISENGAGE: gear left Park (now D)
[2026-05-20 20:29:33.884] Husby was here, and we are ready to go
[2026-05-20 20:29:33.890] AUTO-DISENGAGE: gear left Park (now D)
[2026-05-20 20:29:33.890] Husby was here, and we are ready to go
[2026-05-20 20:29:33.903] AUTO-DISENGAGE: gear left Park (now D)
[2026-05-20 20:29:33.903] Husby was here, and we are ready to go
[2026-05-20 20:29:33.923] AUTO-DISENGAGE: gear left Park (now D)
[2026-05-20 20:29:33.924] Husby was here, and we are ready to go
[2026-05-20 20:29:33.943] AUTO-DISENGAGE: gear left Park (now D)
[2026-05-20 20:29:33.943] Husby was here, and we are ready to go
[2026-05-20 20:29:33.963] AUTO-DISENGAGE: gear left Park (now D)
[2026-05-20 20:29:33.963] Husby was here, and we are ready to go
[2026-05-20 20:29:33.983] AUTO-DISENGAGE: gear left Park (now D)
[2026-05-20 20:29:33.983] Husby was here, and we are ready to go
[2026-05-20 20:29:33.991] AUTO-DISENGAGE: gear left Park (now D)
[2026-05-20 20:29:33.991] Husby was here, and we are ready to go
[2026-05-20 20:29:34.003] AUTO-DISENGAGE: gear left Park (now D)
[2026-05-20 20:29:34.003] Husby was here, and we are ready to go
[2026-05-20 20:29:34.023] AUTO-DISENGAGE: gear left Park (now D)
[2026-05-20 20:29:34.023] Husby was here, and we are ready to go
[2026-05-20 20:29:34.043] AUTO-DISENGAGE: gear left Park (now D)
[2026-05-20 20:29:34.043] Husby was here, and we are ready to go
[2026-05-20 20:29:34.063] AUTO-DISENGAGE: gear left Park (now D)
[2026-05-20 20:29:34.063] Husby was here, and we are ready to go
[2026-05-20 20:29:34.083] AUTO-DISENGAGE: gear left Park (now D)
[2026-05-20 20:29:34.084] Husby was here, and we are ready to go
[2026-05-20 20:29:34.091] AUTO-DISENGAGE: gear left Park (now D)
[2026-05-20 20:29:34.091] Husby was here, and we are ready to go
[2026-05-20 20:29:34.103] AUTO-DISENGAGE: gear left Park (now D)
[2026-05-20 20:29:34.103] Husby was here, and we are ready to go
[2026-05-20 20:29:34.123] AUTO-DISENGAGE: gear left Park (now D)
[2026-05-20 20:29:34.124] Husby was here, and we are ready to go
[2026-05-20 20:29:34.143] AUTO-DISENGAGE: gear left Park (now D)
[2026-05-20 20:29:34.143] Husby was here, and we are ready to go
[2026-05-20 20:29:34.163] AUTO-DISENGAGE: gear left Park (now D)
[2026-05-20 20:29:34.163] Husby was here, and we are ready to go
[2026-05-20 20:29:34.184] AUTO-DISENGAGE: gear left Park (now D)
[2026-05-20 20:29:34.184] Husby was here, and we are ready to go
[2026-05-20 20:29:34.191] AUTO-DISENGAGE: gear left Park (now D)
[2026-05-20 20:29:34.191] Husby was here, and we are ready to go
[2026-05-20 20:29:34.203] AUTO-DISENGAGE: gear left Park (now D)
[2026-05-20 20:29:34.203] Husby was here, and we are ready to go
[2026-05-20 20:29:34.223] AUTO-DISENGAGE: gear left Park (now D)
[2026-05-20 20:29:34.223] Husby was here, and we are ready to go
[2026-05-20 20:29:34.243] AUTO-DISENGAGE: gear left Park (now D)
[2026-05-20 20:29:34.243] Husby was here, and we are ready to go
[2026-05-20 20:29:34.263] AUTO-DISENGAGE: gear left Park (now D)
[2026-05-20 20:29:34.263] Husby was here, and we are ready to go
[2026-05-20 20:29:34.283] AUTO-DISENGAGE: gear left Park (now D)
[2026-05-20 20:29:34.283] Husby was here, and we are ready to go
[2026-05-20 20:29:34.291] AUTO-DISENGAGE: gear left Park (now D)
[2026-05-20 20:29:34.291] Husby was here, and we are ready to go
[2026-05-20 20:29:34.303] AUTO-DISENGAGE: gear left Park (now D)
[2026-05-20 20:29:34.303] Husby was here, and we are ready to go
[2026-05-20 20:29:34.323] AUTO-DISENGAGE: gear left Park (now D)
[2026-05-20 20:29:34.323] Husby was here, and we are ready to go
[2026-05-20 20:29:34.343] AUTO-DISENGAGE: gear left Park (now D)
[2026-05-20 20:29:34.343] Husby was here, and we are ready to go
[2026-05-20 20:29:34.363] AUTO-DISENGAGE: gear left Park (now D)
[2026-05-20 20:29:34.363] Husby was here, and we are ready to go
[2026-05-20 20:29:34.383] AUTO-DISENGAGE: gear left Park (now D)
[2026-05-20 20:29:34.383] Husby was here, and we are ready to go
[2026-05-20 20:29:34.391] AUTO-DISENGAGE: gear left Park (now D)
[2026-05-20 20:29:34.391] Husby was here, and we are ready to go
[2026-05-20 20:29:34.403] AUTO-DISENGAGE: gear left Park (now D)
[2026-05-20 20:29:34.403] Husby was here, and we are ready to go
[2026-05-20 20:29:34.423] AUTO-DISENGAGE: gear left Park (now D)
[2026-05-20 20:29:34.423] Husby was here, and we are ready to go
[2026-05-20 20:29:34.443] AUTO-DISENGAGE: gear left Park (now D)
[2026-05-20 20:29:34.443] Husby was here, and we are ready to go
[2026-05-20 20:29:34.463] AUTO-DISENGAGE: gear left Park (now D)
[2026-05-20 20:29:34.463] Husby was here, and we are ready to go
[2026-05-20 20:29:34.484] AUTO-DISENGAGE: gear left Park (now D)
[2026-05-20 20:29:34.484] Husby was here, and we are ready to go
[2026-05-20 20:29:34.491] AUTO-DISENGAGE: gear left Park (now D)
[2026-05-20 20:29:34.491] Husby was here, and we are ready to go
[2026-05-20 20:29:34.503] AUTO-DISENGAGE: gear left Park (now D)
[2026-05-20 20:29:34.503] Husby was here, and we are ready to go
[2026-05-20 20:29:34.523] AUTO-DISENGAGE: gear left Park (now D)
[2026-05-20 20:29:34.523] Husby was here, and we are ready to go
[2026-05-20 20:29:34.543] AUTO-DISENGAGE: gear left Park (now D)
[2026-05-20 20:29:34.543] Husby was here, and we are ready to go
[2026-05-20 20:29:34.563] AUTO-DISENGAGE: gear left Park (now D)
[2026-05-20 20:29:34.563] Husby was here, and we are ready to go
[2026-05-20 20:29:34.583] AUTO-DISENGAGE: gear left Park (now D)
[2026-05-20 20:29:34.583] Husby was here, and we are ready to go
[2026-05-20 20:29:34.591] AUTO-DISENGAGE: gear left Park (now D)
[2026-05-20 20:29:34.591] Husby was here, and we are ready to go
[2026-05-20 20:29:34.603] AUTO-DISENGAGE: gear left Park (now D)
[2026-05-20 20:29:34.603] Husby was here, and we are ready to go
[2026-05-20 20:29:34.623] AUTO-DISENGAGE: gear left Park (now D)
[2026-05-20 20:29:34.623] Husby was here, and we are ready to go
[2026-05-20 20:29:34.643] AUTO-DISENGAGE: gear left Park (now D)
[2026-05-20 20:29:34.643] Husby was here, and we are ready to go
[2026-05-20 20:29:34.663] AUTO-DISENGAGE: gear left Park (now D)
[2026-05-20 20:29:34.663] Husby was here, and we are ready to go
[2026-05-20 20:29:34.683] AUTO-DISENGAGE: gear left Park (now D)
[2026-05-20 20:29:34.684] Husby was here, and we are ready to go
[2026-05-20 20:29:34.691] AUTO-DISENGAGE: gear left Park (now D)
[2026-05-20 20:29:34.691] Husby was here, and we are ready to go
[2026-05-20 20:29:34.703] AUTO-DISENGAGE: gear left Park (now D)
[2026-05-20 20:29:34.703] Husby was here, and we are ready to go
[2026-05-20 20:29:34.723] AUTO-DISENGAGE: gear left Park (now D)
[2026-05-20 20:29:34.723] Husby was here, and we are ready to go
[2026-05-20 20:29:34.743] AUTO-DISENGAGE: gear left Park (now D)
[2026-05-20 20:29:34.743] Husby was here, and we are ready to go
[2026-05-20 20:29:34.763] AUTO-DISENGAGE: gear left Park (now D)
[2026-05-20 20:29:34.763] Husby was here, and we are ready to go
[2026-05-20 20:29:34.783] AUTO-DISENGAGE: gear left Park (now D)
[2026-05-20 20:29:34.784] Husby was here, and we are ready to go
[2026-05-20 20:29:34.791] AUTO-DISENGAGE: gear left Park (now D)
[2026-05-20 20:29:34.791] Husby was here, and we are ready to go
[2026-05-20 20:29:34.803] AUTO-DISENGAGE: gear left Park (now D)
[2026-05-20 20:29:34.803] Husby was here, and we are ready to go
[2026-05-20 20:29:34.823] AUTO-DISENGAGE: gear left Park (now D)
[2026-05-20 20:29:34.823] Husby was here, and we are ready to go
[2026-05-20 20:29:34.843] AUTO-DISENGAGE: gear left Park (now D)
[2026-05-20 20:29:34.843] Husby was here, and we are ready to go
[2026-05-20 20:29:34.863] AUTO-DISENGAGE: gear left Park (now D)
[2026-05-20 20:29:34.864] Husby was here, and we are ready to go
[2026-05-20 20:29:34.883] AUTO-DISENGAGE: gear left Park (now D)
[2026-05-20 20:29:34.883] Husby was here, and we are ready to go
[2026-05-20 20:29:34.891] AUTO-DISENGAGE: gear left Park (now D)
[2026-05-20 20:29:34.891] Husby was here, and we are ready to go
[2026-05-20 20:29:34.903] AUTO-DISENGAGE: gear left Park (now D)
[2026-05-20 20:29:34.903] Husby was here, and we are ready to go
[2026-05-20 20:29:34.923] AUTO-DISENGAGE: gear left Park (now D)
[2026-05-20 20:29:34.923] Husby was here, and we are ready to go
[2026-05-20 20:29:34.943] AUTO-DISENGAGE: gear left Park (now D)
[2026-05-20 20:29:34.943] Husby was here, and we are ready to go
[2026-05-20 20:29:34.963] AUTO-DISENGAGE: gear left Park (now D)
[2026-05-20 20:29:34.963] Husby was here, and we are ready to go
[2026-05-20 20:29:34.983] AUTO-DISENGAGE: gear left Park (now D)
[2026-05-20 20:29:34.983] Husby was here, and we are ready to go
[2026-05-20 20:29:34.991] AUTO-DISENGAGE: gear left Park (now D)
[2026-05-20 20:29:34.991] Husby was here, and we are ready to go
[2026-05-20 20:29:35.003] AUTO-DISENGAGE: gear left Park (now D)
[2026-05-20 20:29:35.003] Husby was here, and we are ready to go
[2026-05-20 20:29:35.023] AUTO-DISENGAGE: gear left Park (now D)
[2026-05-20 20:29:35.023] Husby was here, and we are ready to go
[2026-05-20 20:29:35.043] AUTO-DISENGAGE: gear left Park (now D)
[2026-05-20 20:29:35.043] Husby was here, and we are ready to go
[2026-05-20 20:29:35.063] AUTO-DISENGAGE: gear left Park (now D)
[2026-05-20 20:29:35.063] Husby was here, and we are ready to go
[2026-05-20 20:29:35.084] AUTO-DISENGAGE: gear left Park (now D)
[2026-05-20 20:29:35.084] Husby was here, and we are ready to go
[2026-05-20 20:29:35.091] AUTO-DISENGAGE: gear left Park (now D)
[2026-05-20 20:29:35.091] Husby was here, and we are ready to go
[2026-05-20 20:29:35.103] AUTO-DISENGAGE: gear left Park (now D)
[2026-05-20 20:29:35.103] Husby was here, and we are ready to go
[2026-05-20 20:29:35.123] AUTO-DISENGAGE: gear left Park (now D)
[2026-05-20 20:29:35.123] Husby was here, and we are ready to go
[2026-05-20 20:29:35.143] AUTO-DISENGAGE: gear left Park (now D)
[2026-05-20 20:29:35.143] Husby was here, and we are ready to go
[2026-05-20 20:29:35.163] AUTO-DISENGAGE: gear left Park (now D)
[2026-05-20 20:29:35.163] Husby was here, and we are ready to go
[2026-05-20 20:29:35.183] AUTO-DISENGAGE: gear left Park (now D)
[2026-05-20 20:29:35.183] Husby was here, and we are ready to go
[2026-05-20 20:29:35.191] AUTO-DISENGAGE: gear left Park (now D)
[2026-05-20 20:29:35.191] Husby was here, and we are ready to go
[2026-05-20 20:29:35.203] AUTO-DISENGAGE: gear left Park (now D)
[2026-05-20 20:29:35.203] Husby was here, and we are ready to go
[2026-05-20 20:29:35.223] AUTO-DISENGAGE: gear left Park (now D)
[2026-05-20 20:29:35.223] Husby was here, and we are ready to go
[2026-05-20 20:29:35.243] AUTO-DISENGAGE: gear left Park (now D)
[2026-05-20 20:29:35.243] Husby was here, and we are ready to go
[2026-05-20 20:29:35.263] AUTO-DISENGAGE: gear left Park (now D)
[2026-05-20 20:29:35.263] Husby was here, and we are ready to go
[2026-05-20 20:29:35.284] AUTO-DISENGAGE: gear left Park (now D)
[2026-05-20 20:29:35.284] Husby was here, and we are ready to go
[2026-05-20 20:29:35.292] AUTO-DISENGAGE: gear left Park (now D)
[2026-05-20 20:29:35.292] Husby was here, and we are ready to go
[2026-05-20 20:29:35.303] AUTO-DISENGAGE: gear left Park (now D)
[2026-05-20 20:29:35.303] Husby was here, and we are ready to go
[2026-05-20 20:29:35.323] AUTO-DISENGAGE: gear left Park (now D)
[2026-05-20 20:29:35.323] Husby was here, and we are ready to go
[2026-05-20 20:29:35.343] AUTO-DISENGAGE: gear left Park (now D)
[2026-05-20 20:29:35.343] Husby was here, and we are ready to go
[2026-05-20 20:29:35.363] AUTO-DISENGAGE: gear left Park (now D)
[2026-05-20 20:29:35.363] Husby was here, and we are ready to go
[2026-05-20 20:29:35.384] AUTO-DISENGAGE: gear left Park (now D)
[2026-05-20 20:29:35.384] Husby was here, and we are ready to go
[2026-05-20 20:29:35.391] AUTO-DISENGAGE: gear left Park (now D)
[2026-05-20 20:29:35.391] Husby was here, and we are ready to go
[2026-05-20 20:29:35.403] AUTO-DISENGAGE: gear left Park (now D)
[2026-05-20 20:29:35.403] Husby was here, and we are ready to go
[2026-05-20 20:29:35.423] AUTO-DISENGAGE: gear left Park (now D)
[2026-05-20 20:29:35.424] Husby was here, and we are ready to go
[2026-05-20 20:29:35.443] AUTO-DISENGAGE: gear left Park (now D)
[2026-05-20 20:29:35.443] Husby was here, and we are ready to go
[2026-05-20 20:29:35.463] AUTO-DISENGAGE: gear left Park (now D)
[2026-05-20 20:29:35.463] Husby was here, and we are ready to go
[2026-05-20 20:29:35.484] AUTO-DISENGAGE: gear left Park (now D)
[2026-05-20 20:29:35.484] Husby was here, and we are ready to go
[2026-05-20 20:29:35.491] AUTO-DISENGAGE: gear left Park (now D)
[2026-05-20 20:29:35.491] Husby was here, and we are ready to go
[2026-05-20 20:29:35.503] AUTO-DISENGAGE: gear left Park (now D)
[2026-05-20 20:29:35.503] Husby was here, and we are ready to go
[2026-05-20 20:29:35.523] AUTO-DISENGAGE: gear left Park (now D)
[2026-05-20 20:29:35.523] Husby was here, and we are ready to go
[2026-05-20 20:29:35.543] AUTO-DISENGAGE: gear left Park (now D)
[2026-05-20 20:29:35.543] Husby was here, and we are ready to go
[2026-05-20 20:29:35.563] AUTO-DISENGAGE: gear left Park (now D)
[2026-05-20 20:29:35.563] Husby was here, and we are ready to go
[2026-05-20 20:29:35.583] AUTO-DISENGAGE: gear left Park (now D)
[2026-05-20 20:29:35.583] Husby was here, and we are ready to go
[2026-05-20 20:29:35.591] AUTO-DISENGAGE: gear left Park (now D)
[2026-05-20 20:29:35.591] Husby was here, and we are ready to go
[2026-05-20 20:29:35.603] AUTO-DISENGAGE: gear left Park (now D)
[2026-05-20 20:29:35.603] Husby was here, and we are ready to go
[2026-05-20 20:29:35.623] AUTO-DISENGAGE: gear left Park (now D)
[2026-05-20 20:29:35.623] Husby was here, and we are ready to go
[2026-05-20 20:29:35.643] AUTO-DISENGAGE: gear left Park (now D)
[2026-05-20 20:29:35.643] Husby was here, and we are ready to go
[2026-05-20 20:29:35.664] AUTO-DISENGAGE: gear left Park (now D)
[2026-05-20 20:29:35.664] Husby was here, and we are ready to go
[2026-05-20 20:29:35.684] AUTO-DISENGAGE: gear left Park (now D)
[2026-05-20 20:29:35.684] Husby was here, and we are ready to go
[2026-05-20 20:29:35.691] AUTO-DISENGAGE: gear left Park (now D)
[2026-05-20 20:29:35.691] Husby was here, and we are ready to go
[2026-05-20 20:29:35.703] AUTO-DISENGAGE: gear left Park (now D)
[2026-05-20 20:29:35.703] Husby was here, and we are ready to go
[2026-05-20 20:29:35.723] AUTO-DISENGAGE: gear left Park (now D)
[2026-05-20 20:29:35.723] Husby was here, and we are ready to go
[2026-05-20 20:29:35.743] AUTO-DISENGAGE: gear left Park (now D)
[2026-05-20 20:29:35.743] Husby was here, and we are ready to go
[2026-05-20 20:29:35.763] AUTO-DISENGAGE: gear left Park (now D)
[2026-05-20 20:29:35.763] Husby was here, and we are ready to go
[2026-05-20 20:29:35.783] AUTO-DISENGAGE: gear left Park (now D)
[2026-05-20 20:29:35.783] Husby was here, and we are ready to go
[2026-05-20 20:29:35.791] AUTO-DISENGAGE: gear left Park (now D)
[2026-05-20 20:29:35.791] Husby was here, and we are ready to go
[2026-05-20 20:29:35.803] AUTO-DISENGAGE: gear left Park (now D)
[2026-05-20 20:29:35.803] Husby was here, and we are ready to go
[2026-05-20 20:29:35.823] AUTO-DISENGAGE: gear left Park (now D)
[2026-05-20 20:29:35.823] Husby was here, and we are ready to go
[2026-05-20 20:29:35.843] AUTO-DISENGAGE: gear left Park (now D)
[2026-05-20 20:29:35.843] Husby was here, and we are ready to go
[2026-05-20 20:29:35.863] AUTO-DISENGAGE: gear left Park (now D)
[2026-05-20 20:29:35.863] Husby was here, and we are ready to go
[2026-05-20 20:29:35.884] AUTO-DISENGAGE: gear left Park (now D)
[2026-05-20 20:29:35.884] Husby was here, and we are ready to go
[2026-05-20 20:29:35.891] AUTO-DISENGAGE: gear left Park (now D)
[2026-05-20 20:29:35.891] Husby was here, and we are ready to go
[2026-05-20 20:29:35.903] AUTO-DISENGAGE: gear left Park (now D)
[2026-05-20 20:29:35.903] Husby was here, and we are ready to go
[2026-05-20 20:29:35.923] AUTO-DISENGAGE: gear left Park (now D)
[2026-05-20 20:29:35.924] Husby was here, and we are ready to go
[2026-05-20 20:29:35.943] AUTO-DISENGAGE: gear left Park (now D)
[2026-05-20 20:29:35.943] Husby was here, and we are ready to go
[2026-05-20 20:29:35.963] AUTO-DISENGAGE: gear left Park (now D)
[2026-05-20 20:29:35.963] Husby was here, and we are ready to go
[2026-05-20 20:29:35.983] AUTO-DISENGAGE: gear left Park (now D)
[2026-05-20 20:29:35.983] Husby was here, and we are ready to go
[2026-05-20 20:29:35.991] AUTO-DISENGAGE: gear left Park (now D)
[2026-05-20 20:29:35.991] Husby was here, and we are ready to go
[2026-05-20 20:29:36.003] AUTO-DISENGAGE: gear left Park (now D)
[2026-05-20 20:29:36.003] Husby was here, and we are ready to go
[2026-05-20 20:29:36.023] AUTO-DISENGAGE: gear left Park (now D)
[2026-05-20 20:29:36.023] Husby was here, and we are ready to go
[2026-05-20 20:29:36.044] AUTO-DISENGAGE: gear left Park (now D)
[2026-05-20 20:29:36.044] Husby was here, and we are ready to go
[2026-05-20 20:29:36.063] AUTO-DISENGAGE: gear left Park (now D)
[2026-05-20 20:29:36.063] Husby was here, and we are ready to go
[2026-05-20 20:29:36.084] AUTO-DISENGAGE: gear left Park (now D)
[2026-05-20 20:29:36.084] Husby was here, and we are ready to go
[2026-05-20 20:29:36.091] AUTO-DISENGAGE: gear left Park (now D)
[2026-05-20 20:29:36.091] Husby was here, and we are ready to go
[2026-05-20 20:29:36.103] AUTO-DISENGAGE: gear left Park (now D)
[2026-05-20 20:29:36.103] Husby was here, and we are ready to go
[2026-05-20 20:29:36.123] AUTO-DISENGAGE: gear left Park (now D)
[2026-05-20 20:29:36.123] Husby was here, and we are ready to go
[2026-05-20 20:29:36.143] AUTO-DISENGAGE: gear left Park (now D)
[2026-05-20 20:29:36.143] Husby was here, and we are ready to go
[2026-05-20 20:29:36.163] AUTO-DISENGAGE: gear left Park (now D)
[2026-05-20 20:29:36.163] Husby was here, and we are ready to go
[2026-05-20 20:29:36.184] AUTO-DISENGAGE: gear left Park (now D)
[2026-05-20 20:29:36.184] Husby was here, and we are ready to go
[2026-05-20 20:29:36.191] AUTO-DISENGAGE: gear left Park (now D)
[2026-05-20 20:29:36.191] Husby was here, and we are ready to go
[2026-05-20 20:29:36.203] AUTO-DISENGAGE: gear left Park (now D)
[2026-05-20 20:29:36.203] Husby was here, and we are ready to go
[2026-05-20 20:29:36.223] AUTO-DISENGAGE: gear left Park (now D)
[2026-05-20 20:29:36.223] Husby was here, and we are ready to go
[2026-05-20 20:29:36.243] AUTO-DISENGAGE: gear left Park (now D)
[2026-05-20 20:29:36.243] Husby was here, and we are ready to go
[2026-05-20 20:29:36.263] AUTO-DISENGAGE: gear left Park (now D)
[2026-05-20 20:29:36.263] Husby was here, and we are ready to go
[2026-05-20 20:29:36.284] AUTO-DISENGAGE: gear left Park (now D)
[2026-05-20 20:29:36.285] Husby was here, and we are ready to go
[2026-05-20 20:29:36.291] AUTO-DISENGAGE: gear left Park (now D)
[2026-05-20 20:29:36.291] Husby was here, and we are ready to go
[2026-05-20 20:29:36.303] AUTO-DISENGAGE: gear left Park (now D)
[2026-05-20 20:29:36.303] Husby was here, and we are ready to go
[2026-05-20 20:29:36.324] AUTO-DISENGAGE: gear left Park (now D)
[2026-05-20 20:29:36.324] Husby was here, and we are ready to go
[2026-05-20 20:29:36.343] AUTO-DISENGAGE: gear left Park (now D)
[2026-05-20 20:29:36.343] Husby was here, and we are ready to go
[2026-05-20 20:29:36.363] AUTO-DISENGAGE: gear left Park (now D)
[2026-05-20 20:29:36.364] Husby was here, and we are ready to go
[2026-05-20 20:29:36.384] AUTO-DISENGAGE: gear left Park (now D)
[2026-05-20 20:29:36.384] Husby was here, and we are ready to go
[2026-05-20 20:29:36.391] AUTO-DISENGAGE: gear left Park (now D)
[2026-05-20 20:29:36.391] Husby was here, and we are ready to go
[2026-05-20 20:29:36.403] AUTO-DISENGAGE: gear left Park (now D)
[2026-05-20 20:29:36.403] Husby was here, and we are ready to go
[2026-05-20 20:29:36.424] AUTO-DISENGAGE: gear left Park (now D)
[2026-05-20 20:29:36.424] Husby was here, and we are ready to go
[2026-05-20 20:29:36.443] AUTO-DISENGAGE: gear left Park (now D)
[2026-05-20 20:29:36.443] Husby was here, and we are ready to go
[2026-05-20 20:29:36.463] AUTO-DISENGAGE: gear left Park (now D)
[2026-05-20 20:29:36.463] Husby was here, and we are ready to go
[2026-05-20 20:29:36.484] AUTO-DISENGAGE: gear left Park (now D)
[2026-05-20 20:29:36.484] Husby was here, and we are ready to go
[2026-05-20 20:29:36.491] AUTO-DISENGAGE: gear left Park (now D)
[2026-05-20 20:29:36.491] Husby was here, and we are ready to go
[2026-05-20 20:29:36.503] AUTO-DISENGAGE: gear left Park (now D)
[2026-05-20 20:29:36.503] Husby was here, and we are ready to go
[2026-05-20 20:29:36.523] AUTO-DISENGAGE: gear left Park (now D)
[2026-05-20 20:29:36.523] Husby was here, and we are ready to go
[2026-05-20 20:29:36.543] AUTO-DISENGAGE: gear left Park (now D)
[2026-05-20 20:29:36.543] Husby was here, and we are ready to go
[2026-05-20 20:29:36.563] AUTO-DISENGAGE: gear left Park (now D)
[2026-05-20 20:29:36.563] Husby was here, and we are ready to go
[2026-05-20 20:29:36.584] AUTO-DISENGAGE: gear left Park (now D)
[2026-05-20 20:29:36.584] Husby was here, and we are ready to go
[2026-05-20 20:29:36.591] AUTO-DISENGAGE: gear left Park (now D)
[2026-05-20 20:29:36.591] Husby was here, and we are ready to go
[2026-05-20 20:29:36.603] AUTO-DISENGAGE: gear left Park (now D)
[2026-05-20 20:29:36.603] Husby was here, and we are ready to go
[2026-05-20 20:29:36.624] AUTO-DISENGAGE: gear left Park (now D)
[2026-05-20 20:29:36.624] Husby was here, and we are ready to go
[2026-05-20 20:29:36.644] AUTO-DISENGAGE: gear left Park (now D)
[2026-05-20 20:29:36.644] Husby was here, and we are ready to go
[2026-05-20 20:29:36.663] AUTO-DISENGAGE: gear left Park (now D)
[2026-05-20 20:29:36.664] Husby was here, and we are ready to go
[2026-05-20 20:29:36.684] AUTO-DISENGAGE: gear left Park (now D)
[2026-05-20 20:29:36.684] Husby was here, and we are ready to go
[2026-05-20 20:29:36.691] AUTO-DISENGAGE: gear left Park (now D)
[2026-05-20 20:29:36.691] Husby was here, and we are ready to go
[2026-05-20 20:29:36.703] AUTO-DISENGAGE: gear left Park (now D)
[2026-05-20 20:29:36.703] Husby was here, and we are ready to go
[2026-05-20 20:29:36.724] AUTO-DISENGAGE: gear left Park (now D)
[2026-05-20 20:29:36.724] Husby was here, and we are ready to go
[2026-05-20 20:29:36.743] AUTO-DISENGAGE: gear left Park (now D)
[2026-05-20 20:29:36.743] Husby was here, and we are ready to go
[2026-05-20 20:29:36.763] AUTO-DISENGAGE: gear left Park (now D)
[2026-05-20 20:29:36.763] Husby was here, and we are ready to go
[2026-05-20 20:29:36.784] AUTO-DISENGAGE: gear left Park (now D)
[2026-05-20 20:29:36.784] Husby was here, and we are ready to go
[2026-05-20 20:29:36.791] AUTO-DISENGAGE: gear left Park (now D)
[2026-05-20 20:29:36.791] Husby was here, and we are ready to go
[2026-05-20 20:29:36.803] AUTO-DISENGAGE: gear left Park (now D)
[2026-05-20 20:29:36.803] Husby was here, and we are ready to go
[2026-05-20 20:29:36.823] AUTO-DISENGAGE: gear left Park (now D)
[2026-05-20 20:29:36.823] Husby was here, and we are ready to go
[2026-05-20 20:29:36.843] AUTO-DISENGAGE: gear left Park (now D)
[2026-05-20 20:29:36.843] Husby was here, and we are ready to go
[2026-05-20 20:29:36.863] AUTO-DISENGAGE: gear left Park (now D)
[2026-05-20 20:29:36.863] Husby was here, and we are ready to go
[2026-05-20 20:29:36.883] AUTO-DISENGAGE: gear left Park (now D)
[2026-05-20 20:29:36.883] Husby was here, and we are ready to go
[2026-05-20 20:29:36.891] AUTO-DISENGAGE: gear left Park (now D)
[2026-05-20 20:29:36.891] Husby was here, and we are ready to go
[2026-05-20 20:29:36.903] AUTO-DISENGAGE: gear left Park (now D)
[2026-05-20 20:29:36.903] Husby was here, and we are ready to go
[2026-05-20 20:29:36.923] AUTO-DISENGAGE: gear left Park (now D)
[2026-05-20 20:29:36.923] Husby was here, and we are ready to go
[2026-05-20 20:29:36.943] AUTO-DISENGAGE: gear left Park (now D)
[2026-05-20 20:29:36.943] Husby was here, and we are ready to go
[2026-05-20 20:29:36.963] AUTO-DISENGAGE: gear left Park (now D)
[2026-05-20 20:29:36.963] Husby was here, and we are ready to go
[2026-05-20 20:29:36.984] AUTO-DISENGAGE: gear left Park (now D)
[2026-05-20 20:29:36.984] Husby was here, and we are ready to go
[2026-05-20 20:29:36.991] AUTO-DISENGAGE: gear left Park (now D)
[2026-05-20 20:29:36.991] Husby was here, and we are ready to go
[2026-05-20 20:29:37.003] AUTO-DISENGAGE: gear left Park (now D)
[2026-05-20 20:29:37.003] Husby was here, and we are ready to go
[2026-05-20 20:29:37.024] AUTO-DISENGAGE: gear left Park (now D)
[2026-05-20 20:29:37.024] Husby was here, and we are ready to go
[2026-05-20 20:29:37.043] AUTO-DISENGAGE: gear left Park (now D)
[2026-05-20 20:29:37.043] Husby was here, and we are ready to go
[2026-05-20 20:29:37.063] AUTO-DISENGAGE: gear left Park (now D)
[2026-05-20 20:29:37.063] Husby was here, and we are ready to go
[2026-05-20 20:29:37.084] AUTO-DISENGAGE: gear left Park (now D)
[2026-05-20 20:29:37.084] Husby was here, and we are ready to go
[2026-05-20 20:29:37.091] AUTO-DISENGAGE: gear left Park (now D)
[2026-05-20 20:29:37.091] Husby was here, and we are ready to go
[2026-05-20 20:29:37.103] AUTO-DISENGAGE: gear left Park (now D)
[2026-05-20 20:29:37.103] Husby was here, and we are ready to go
[2026-05-20 20:29:37.123] AUTO-DISENGAGE: gear left Park (now D)
[2026-05-20 20:29:37.123] Husby was here, and we are ready to go
[2026-05-20 20:29:37.143] AUTO-DISENGAGE: gear left Park (now D)
[2026-05-20 20:29:37.143] Husby was here, and we are ready to go
[2026-05-20 20:29:37.163] AUTO-DISENGAGE: gear left Park (now D)
[2026-05-20 20:29:37.163] Husby was here, and we are ready to go
[2026-05-20 20:29:37.184] AUTO-DISENGAGE: gear left Park (now D)
[2026-05-20 20:29:37.184] Husby was here, and we are ready to go
[2026-05-20 20:29:37.191] AUTO-DISENGAGE: gear left Park (now D)
[2026-05-20 20:29:37.191] Husby was here, and we are ready to go
[2026-05-20 20:29:37.203] AUTO-DISENGAGE: gear left Park (now D)
[2026-05-20 20:29:37.203] Husby was here, and we are ready to go
[2026-05-20 20:29:37.223] AUTO-DISENGAGE: gear left Park (now D)
[2026-05-20 20:29:37.224] Husby was here, and we are ready to go
[2026-05-20 20:29:37.243] AUTO-DISENGAGE: gear left Park (now D)
[2026-05-20 20:29:37.243] Husby was here, and we are ready to go
[2026-05-20 20:29:37.264] AUTO-DISENGAGE: gear left Park (now D)
[2026-05-20 20:29:37.264] Husby was here, and we are ready to go
[2026-05-20 20:29:37.284] AUTO-DISENGAGE: gear left Park (now D)
[2026-05-20 20:29:37.284] Husby was here, and we are ready to go
[2026-05-20 20:29:37.291] AUTO-DISENGAGE: gear left Park (now D)
[2026-05-20 20:29:37.291] Husby was here, and we are ready to go
[2026-05-20 20:29:37.303] AUTO-DISENGAGE: gear left Park (now D)
[2026-05-20 20:29:37.303] Husby was here, and we are ready to go
[2026-05-20 20:29:37.324] AUTO-DISENGAGE: gear left Park (now D)
[2026-05-20 20:29:37.324] Husby was here, and we are ready to go
[2026-05-20 20:29:37.343] AUTO-DISENGAGE: gear left Park (now D)
[2026-05-20 20:29:37.343] Husby was here, and we are ready to go
[2026-05-20 20:29:37.363] AUTO-DISENGAGE: gear left Park (now D)
[2026-05-20 20:29:37.364] Husby was here, and we are ready to go
[2026-05-20 20:29:37.384] AUTO-DISENGAGE: gear left Park (now D)
[2026-05-20 20:29:37.384] Husby was here, and we are ready to go
[2026-05-20 20:29:37.391] AUTO-DISENGAGE: gear left Park (now D)
[2026-05-20 20:29:37.391] Husby was here, and we are ready to go
[2026-05-20 20:29:37.403] AUTO-DISENGAGE: gear left Park (now D)
[2026-05-20 20:29:37.404] Husby was here, and we are ready to go
[2026-05-20 20:29:37.423] AUTO-DISENGAGE: gear left Park (now D)
[2026-05-20 20:29:37.424] Husby was here, and we are ready to go
[2026-05-20 20:29:37.443] AUTO-DISENGAGE: gear left Park (now D)
[2026-05-20 20:29:37.443] Husby was here, and we are ready to go
[2026-05-20 20:29:37.463] AUTO-DISENGAGE: gear left Park (now D)
[2026-05-20 20:29:37.463] Husby was here, and we are ready to go
[2026-05-20 20:29:37.485] AUTO-DISENGAGE: gear left Park (now D)
[2026-05-20 20:29:37.485] Husby was here, and we are ready to go
[2026-05-20 20:29:37.491] AUTO-DISENGAGE: gear left Park (now D)
[2026-05-20 20:29:37.491] Husby was here, and we are ready to go
[2026-05-20 20:29:37.503] AUTO-DISENGAGE: gear left Park (now D)
[2026-05-20 20:29:37.503] Husby was here, and we are ready to go
[2026-05-20 20:29:37.524] AUTO-DISENGAGE: gear left Park (now D)
[2026-05-20 20:29:37.524] Husby was here, and we are ready to go
[2026-05-20 20:29:37.543] AUTO-DISENGAGE: gear left Park (now D)
[2026-05-20 20:29:37.543] Husby was here, and we are ready to go
[2026-05-20 20:29:37.563] AUTO-DISENGAGE: gear left Park (now D)
[2026-05-20 20:29:37.564] Husby was here, and we are ready to go
[2026-05-20 20:29:37.583] AUTO-DISENGAGE: gear left Park (now D)
[2026-05-20 20:29:37.584] Husby was here, and we are ready to go
[2026-05-20 20:29:37.591] AUTO-DISENGAGE: gear left Park (now D)
[2026-05-20 20:29:37.591] Husby was here, and we are ready to go
[2026-05-20 20:29:37.603] AUTO-DISENGAGE: gear left Park (now D)
[2026-05-20 20:29:37.603] Husby was here, and we are ready to go
[2026-05-20 20:29:37.624] AUTO-DISENGAGE: gear left Park (now D)
[2026-05-20 20:29:37.625] Husby was here, and we are ready to go
[2026-05-20 20:29:37.643] AUTO-DISENGAGE: gear left Park (now D)
[2026-05-20 20:29:37.643] Husby was here, and we are ready to go
[2026-05-20 20:29:37.663] AUTO-DISENGAGE: gear left Park (now D)
[2026-05-20 20:29:37.663] Husby was here, and we are ready to go
[2026-05-20 20:29:37.684] AUTO-DISENGAGE: gear left Park (now D)
[2026-05-20 20:29:37.685] Husby was here, and we are ready to go
[2026-05-20 20:29:37.691] AUTO-DISENGAGE: gear left Park (now D)
[2026-05-20 20:29:37.691] Husby was here, and we are ready to go
[2026-05-20 20:29:37.703] AUTO-DISENGAGE: gear left Park (now D)
[2026-05-20 20:29:37.703] Husby was here, and we are ready to go
[2026-05-20 20:29:37.724] AUTO-DISENGAGE: gear left Park (now D)
[2026-05-20 20:29:37.724] Husby was here, and we are ready to go
[2026-05-20 20:29:37.743] AUTO-DISENGAGE: gear left Park (now D)
[2026-05-20 20:29:37.743] Husby was here, and we are ready to go
[2026-05-20 20:29:37.763] AUTO-DISENGAGE: gear left Park (now D)
[2026-05-20 20:29:37.763] Husby was here, and we are ready to go
[2026-05-20 20:29:37.784] AUTO-DISENGAGE: gear left Park (now D)
[2026-05-20 20:29:37.784] Husby was here, and we are ready to go
[2026-05-20 20:29:37.791] AUTO-DISENGAGE: gear left Park (now D)
[2026-05-20 20:29:37.791] Husby was here, and we are ready to go
[2026-05-20 20:29:37.803] AUTO-DISENGAGE: gear left Park (now D)
[2026-05-20 20:29:37.803] Husby was here, and we are ready to go
[2026-05-20 20:29:37.823] AUTO-DISENGAGE: gear left Park (now D)
[2026-05-20 20:29:37.823] Husby was here, and we are ready to go
[2026-05-20 20:29:37.843] AUTO-DISENGAGE: gear left Park (now D)
[2026-05-20 20:29:37.843] Husby was here, and we are ready to go
[2026-05-20 20:29:37.863] AUTO-DISENGAGE: gear left Park (now D)
[2026-05-20 20:29:37.863] Husby was here, and we are ready to go
[2026-05-20 20:29:37.883] AUTO-DISENGAGE: gear left Park (now D)
[2026-05-20 20:29:37.884] Husby was here, and we are ready to go
[2026-05-20 20:29:37.891] AUTO-DISENGAGE: gear left Park (now D)
[2026-05-20 20:29:37.891] Husby was here, and we are ready to go
[2026-05-20 20:29:37.903] AUTO-DISENGAGE: gear left Park (now D)
[2026-05-20 20:29:37.903] Husby was here, and we are ready to go
[2026-05-20 20:29:37.923] AUTO-DISENGAGE: gear left Park (now D)
[2026-05-20 20:29:37.924] Husby was here, and we are ready to go
[2026-05-20 20:29:37.943] AUTO-DISENGAGE: gear left Park (now D)
[2026-05-20 20:29:37.943] Husby was here, and we are ready to go
[2026-05-20 20:29:37.963] AUTO-DISENGAGE: gear left Park (now D)
[2026-05-20 20:29:37.964] Husby was here, and we are ready to go
[2026-05-20 20:29:37.983] AUTO-DISENGAGE: gear left Park (now D)
[2026-05-20 20:29:37.984] Husby was here, and we are ready to go
[2026-05-20 20:29:37.991] AUTO-DISENGAGE: gear left Park (now D)
[2026-05-20 20:29:37.991] Husby was here, and we are ready to go
[2026-05-20 20:29:38.003] AUTO-DISENGAGE: gear left Park (now D)
[2026-05-20 20:29:38.004] Husby was here, and we are ready to go
[2026-05-20 20:29:38.023] AUTO-DISENGAGE: gear left Park (now D)
[2026-05-20 20:29:38.024] Husby was here, and we are ready to go
[2026-05-20 20:29:38.043] AUTO-DISENGAGE: gear left Park (now D)
[2026-05-20 20:29:38.043] Husby was here, and we are ready to go
[2026-05-20 20:29:38.063] AUTO-DISENGAGE: gear left Park (now D)
[2026-05-20 20:29:38.063] Husby was here, and we are ready to go
[2026-05-20 20:29:38.084] AUTO-DISENGAGE: gear left Park (now D)
[2026-05-20 20:29:38.084] Husby was here, and we are ready to go
[2026-05-20 20:29:38.091] AUTO-DISENGAGE: gear left Park (now D)
[2026-05-20 20:29:38.091] Husby was here, and we are ready to go
[2026-05-20 20:29:38.103] AUTO-DISENGAGE: gear left Park (now D)
[2026-05-20 20:29:38.103] Husby was here, and we are ready to go
[2026-05-20 20:29:38.124] AUTO-DISENGAGE: gear left Park (now D)
[2026-05-20 20:29:38.124] Husby was here, and we are ready to go
[2026-05-20 20:29:38.143] AUTO-DISENGAGE: gear left Park (now D)
[2026-05-20 20:29:38.144] Husby was here, and we are ready to go
[2026-05-20 20:29:38.164] AUTO-DISENGAGE: gear left Park (now D)
[2026-05-20 20:29:38.164] Husby was here, and we are ready to go
[2026-05-20 20:29:38.185] AUTO-DISENGAGE: gear left Park (now D)
[2026-05-20 20:29:38.185] Husby was here, and we are ready to go
[2026-05-20 20:29:38.191] AUTO-DISENGAGE: gear left Park (now D)
[2026-05-20 20:29:38.191] Husby was here, and we are ready to go
[2026-05-20 20:29:38.203] AUTO-DISENGAGE: gear left Park (now D)
[2026-05-20 20:29:38.203] Husby was here, and we are ready to go
[2026-05-20 20:29:38.223] AUTO-DISENGAGE: gear left Park (now D)
[2026-05-20 20:29:38.223] Husby was here, and we are ready to go
[2026-05-20 20:29:38.243] AUTO-DISENGAGE: gear left Park (now D)
[2026-05-20 20:29:38.243] Husby was here, and we are ready to go
[2026-05-20 20:29:38.263] AUTO-DISENGAGE: gear left Park (now D)
[2026-05-20 20:29:38.263] Husby was here, and we are ready to go
[2026-05-20 20:29:38.284] AUTO-DISENGAGE: gear left Park (now D)
[2026-05-20 20:29:38.284] Husby was here, and we are ready to go
[2026-05-20 20:29:38.291] AUTO-DISENGAGE: gear left Park (now D)
[2026-05-20 20:29:38.291] Husby was here, and we are ready to go
[2026-05-20 20:29:38.303] AUTO-DISENGAGE: gear left Park (now D)
[2026-05-20 20:29:38.303] Husby was here, and we are ready to go
[2026-05-20 20:29:38.323] AUTO-DISENGAGE: gear left Park (now D)
[2026-05-20 20:29:38.323] Husby was here, and we are ready to go
[2026-05-20 20:29:38.343] AUTO-DISENGAGE: gear left Park (now D)
[2026-05-20 20:29:38.343] Husby was here, and we are ready to go
[2026-05-20 20:29:38.363] AUTO-DISENGAGE: gear left Park (now D)
[2026-05-20 20:29:38.363] Husby was here, and we are ready to go
[2026-05-20 20:29:38.384] AUTO-DISENGAGE: gear left Park (now D)
[2026-05-20 20:29:38.384] Husby was here, and we are ready to go
[2026-05-20 20:29:38.391] AUTO-DISENGAGE: gear left Park (now D)
[2026-05-20 20:29:38.391] Husby was here, and we are ready to go
[2026-05-20 20:29:38.403] AUTO-DISENGAGE: gear left Park (now D)
[2026-05-20 20:29:38.403] Husby was here, and we are ready to go
[2026-05-20 20:29:38.424] AUTO-DISENGAGE: gear left Park (now D)
[2026-05-20 20:29:38.424] Husby was here, and we are ready to go
[2026-05-20 20:29:38.443] AUTO-DISENGAGE: gear left Park (now D)
[2026-05-20 20:29:38.443] Husby was here, and we are ready to go
[2026-05-20 20:29:38.463] AUTO-DISENGAGE: gear left Park (now D)
[2026-05-20 20:29:38.463] Husby was here, and we are ready to go
[2026-05-20 20:29:38.484] AUTO-DISENGAGE: gear left Park (now D)
[2026-05-20 20:29:38.484] Husby was here, and we are ready to go
[2026-05-20 20:29:38.491] AUTO-DISENGAGE: gear left Park (now D)
[2026-05-20 20:29:38.491] Husby was here, and we are ready to go
[2026-05-20 20:29:38.503] AUTO-DISENGAGE: gear left Park (now D)
[2026-05-20 20:29:38.503] Husby was here, and we are ready to go
[2026-05-20 20:29:38.524] AUTO-DISENGAGE: gear left Park (now D)
[2026-05-20 20:29:38.524] Husby was here, and we are ready to go
[2026-05-20 20:29:38.543] AUTO-DISENGAGE: gear left Park (now D)
[2026-05-20 20:29:38.543] Husby was here, and we are ready to go
[2026-05-20 20:29:38.563] AUTO-DISENGAGE: gear left Park (now D)
[2026-05-20 20:29:38.564] Husby was here, and we are ready to go
[2026-05-20 20:29:38.583] AUTO-DISENGAGE: gear left Park (now D)
[2026-05-20 20:29:38.584] Husby was here, and we are ready to go
[2026-05-20 20:29:38.591] AUTO-DISENGAGE: gear left Park (now D)
[2026-05-20 20:29:38.591] Husby was here, and we are ready to go
[2026-05-20 20:29:38.603] AUTO-DISENGAGE: gear left Park (now D)
[2026-05-20 20:29:38.604] Husby was here, and we are ready to go
[2026-05-20 20:29:38.623] AUTO-DISENGAGE: gear left Park (now D)
[2026-05-20 20:29:38.624] Husby was here, and we are ready to go
[2026-05-20 20:29:38.643] AUTO-DISENGAGE: gear left Park (now D)
[2026-05-20 20:29:38.643] Husby was here, and we are ready to go
[2026-05-20 20:29:38.663] AUTO-DISENGAGE: gear left Park (now D)
[2026-05-20 20:29:38.663] Husby was here, and we are ready to go
[2026-05-20 20:29:38.684] AUTO-DISENGAGE: gear left Park (now D)
[2026-05-20 20:29:38.684] Husby was here, and we are ready to go
[2026-05-20 20:29:38.691] AUTO-DISENGAGE: gear left Park (now D)
[2026-05-20 20:29:38.691] Husby was here, and we are ready to go
[2026-05-20 20:29:38.703] AUTO-DISENGAGE: gear left Park (now D)
[2026-05-20 20:29:38.703] Husby was here, and we are ready to go
[2026-05-20 20:29:38.723] AUTO-DISENGAGE: gear left Park (now D)
[2026-05-20 20:29:38.723] Husby was here, and we are ready to go
[2026-05-20 20:29:38.743] AUTO-DISENGAGE: gear left Park (now D)
[2026-05-20 20:29:38.743] Husby was here, and we are ready to go
[2026-05-20 20:29:38.764] AUTO-DISENGAGE: gear left Park (now D)
[2026-05-20 20:29:38.764] Husby was here, and we are ready to go
[2026-05-20 20:29:38.784] AUTO-DISENGAGE: gear left Park (now D)
[2026-05-20 20:29:38.784] Husby was here, and we are ready to go
[2026-05-20 20:29:38.791] AUTO-DISENGAGE: gear left Park (now D)
[2026-05-20 20:29:38.791] Husby was here, and we are ready to go
[2026-05-20 20:29:38.803] AUTO-DISENGAGE: gear left Park (now D)
[2026-05-20 20:29:38.803] Husby was here, and we are ready to go
[2026-05-20 20:29:38.823] AUTO-DISENGAGE: gear left Park (now D)
[2026-05-20 20:29:38.824] Husby was here, and we are ready to go
[2026-05-20 20:29:38.843] AUTO-DISENGAGE: gear left Park (now D)
[2026-05-20 20:29:38.844] Husby was here, and we are ready to go
[2026-05-20 20:29:38.864] AUTO-DISENGAGE: gear left Park (now D)
[2026-05-20 20:29:38.864] Husby was here, and we are ready to go
[2026-05-20 20:29:38.884] AUTO-DISENGAGE: gear left Park (now D)
[2026-05-20 20:29:38.884] Husby was here, and we are ready to go
[2026-05-20 20:29:38.891] AUTO-DISENGAGE: gear left Park (now D)
[2026-05-20 20:29:38.891] Husby was here, and we are ready to go
[2026-05-20 20:29:38.903] AUTO-DISENGAGE: gear left Park (now D)
[2026-05-20 20:29:38.903] Husby was here, and we are ready to go
[2026-05-20 20:29:38.924] AUTO-DISENGAGE: gear left Park (now D)
[2026-05-20 20:29:38.924] Husby was here, and we are ready to go
[2026-05-20 20:29:38.943] AUTO-DISENGAGE: gear left Park (now D)
[2026-05-20 20:29:38.943] Husby was here, and we are ready to go
[2026-05-20 20:29:38.963] AUTO-DISENGAGE: gear left Park (now D)
[2026-05-20 20:29:38.963] Husby was here, and we are ready to go
[2026-05-20 20:29:38.985] AUTO-DISENGAGE: gear left Park (now D)
[2026-05-20 20:29:38.985] Husby was here, and we are ready to go
[2026-05-20 20:29:38.991] AUTO-DISENGAGE: gear left Park (now D)
[2026-05-20 20:29:38.991] Husby was here, and we are ready to go
[2026-05-20 20:29:39.003] AUTO-DISENGAGE: gear left Park (now D)
[2026-05-20 20:29:39.003] Husby was here, and we are ready to go
[2026-05-20 20:29:39.023] AUTO-DISENGAGE: gear left Park (now D)
[2026-05-20 20:29:39.023] Husby was here, and we are ready to go
[2026-05-20 20:29:39.043] AUTO-DISENGAGE: gear left Park (now D)
[2026-05-20 20:29:39.043] Husby was here, and we are ready to go
[2026-05-20 20:29:39.063] AUTO-DISENGAGE: gear left Park (now D)
[2026-05-20 20:29:39.064] Husby was here, and we are ready to go
[2026-05-20 20:29:39.084] AUTO-DISENGAGE: gear left Park (now D)
[2026-05-20 20:29:39.084] Husby was here, and we are ready to go
[2026-05-20 20:29:39.091] AUTO-DISENGAGE: gear left Park (now D)
[2026-05-20 20:29:39.091] Husby was here, and we are ready to go
[2026-05-20 20:29:39.103] AUTO-DISENGAGE: gear left Park (now D)
[2026-05-20 20:29:39.103] Husby was here, and we are ready to go
[2026-05-20 20:29:39.124] AUTO-DISENGAGE: gear left Park (now D)
[2026-05-20 20:29:39.124] Husby was here, and we are ready to go
[2026-05-20 20:29:39.144] AUTO-DISENGAGE: gear left Park (now D)
[2026-05-20 20:29:39.144] Husby was here, and we are ready to go
[2026-05-20 20:29:39.163] AUTO-DISENGAGE: gear left Park (now D)
[2026-05-20 20:29:39.164] Husby was here, and we are ready to go
[2026-05-20 20:29:39.184] AUTO-DISENGAGE: gear left Park (now D)
[2026-05-20 20:29:39.184] Husby was here, and we are ready to go
[2026-05-20 20:29:39.191] AUTO-DISENGAGE: gear left Park (now D)
[2026-05-20 20:29:39.191] Husby was here, and we are ready to go
[2026-05-20 20:29:39.203] AUTO-DISENGAGE: gear left Park (now D)
[2026-05-20 20:29:39.203] Husby was here, and we are ready to go
[2026-05-20 20:29:39.224] AUTO-DISENGAGE: gear left Park (now D)
[2026-05-20 20:29:39.224] Husby was here, and we are ready to go
[2026-05-20 20:29:39.243] AUTO-DISENGAGE: gear left Park (now D)
[2026-05-20 20:29:39.243] Husby was here, and we are ready to go
[2026-05-20 20:29:39.264] AUTO-DISENGAGE: gear left Park (now D)
[2026-05-20 20:29:39.264] Husby was here, and we are ready to go
[2026-05-20 20:29:39.285] AUTO-DISENGAGE: gear left Park (now D)
[2026-05-20 20:29:39.285] Husby was here, and we are ready to go
[2026-05-20 20:29:39.291] AUTO-DISENGAGE: gear left Park (now D)
[2026-05-20 20:29:39.291] Husby was here, and we are ready to go
[2026-05-20 20:29:39.303] AUTO-DISENGAGE: gear left Park (now D)
[2026-05-20 20:29:39.303] Husby was here, and we are ready to go
[2026-05-20 20:29:39.323] AUTO-DISENGAGE: gear left Park (now D)
[2026-05-20 20:29:39.323] Husby was here, and we are ready to go
[2026-05-20 20:29:39.344] AUTO-DISENGAGE: gear left Park (now D)
[2026-05-20 20:29:39.344] Husby was here, and we are ready to go
[2026-05-20 20:29:39.363] AUTO-DISENGAGE: gear left Park (now D)
[2026-05-20 20:29:39.364] Husby was here, and we are ready to go
[2026-05-20 20:29:39.385] AUTO-DISENGAGE: gear left Park (now D)
[2026-05-20 20:29:39.385] Husby was here, and we are ready to go
[2026-05-20 20:29:39.391] AUTO-DISENGAGE: gear left Park (now D)
[2026-05-20 20:29:39.391] Husby was here, and we are ready to go
[2026-05-20 20:29:39.403] AUTO-DISENGAGE: gear left Park (now D)
[2026-05-20 20:29:39.403] Husby was here, and we are ready to go
[2026-05-20 20:29:39.423] AUTO-DISENGAGE: gear left Park (now D)
[2026-05-20 20:29:39.424] Husby was here, and we are ready to go
[2026-05-20 20:29:39.443] AUTO-DISENGAGE: gear left Park (now D)
[2026-05-20 20:29:39.444] Husby was here, and we are ready to go
[2026-05-20 20:29:39.463] AUTO-DISENGAGE: gear left Park (now D)
[2026-05-20 20:29:39.464] Husby was here, and we are ready to go
[2026-05-20 20:29:39.485] AUTO-DISENGAGE: gear left Park (now D)
[2026-05-20 20:29:39.485] Husby was here, and we are ready to go
[2026-05-20 20:29:39.491] AUTO-DISENGAGE: gear left Park (now D)
[2026-05-20 20:29:39.491] Husby was here, and we are ready to go
[2026-05-20 20:29:39.503] AUTO-DISENGAGE: gear left Park (now D)
[2026-05-20 20:29:39.503] Husby was here, and we are ready to go
[2026-05-20 20:29:39.524] AUTO-DISENGAGE: gear left Park (now D)
[2026-05-20 20:29:39.524] Husby was here, and we are ready to go
[2026-05-20 20:29:39.544] AUTO-DISENGAGE: gear left Park (now D)
[2026-05-20 20:29:39.544] Husby was here, and we are ready to go
[2026-05-20 20:29:39.563] AUTO-DISENGAGE: gear left Park (now D)
[2026-05-20 20:29:39.564] Husby was here, and we are ready to go
[2026-05-20 20:29:39.585] AUTO-DISENGAGE: gear left Park (now D)
[2026-05-20 20:29:39.585] Husby was here, and we are ready to go
[2026-05-20 20:29:39.591] AUTO-DISENGAGE: gear left Park (now D)
[2026-05-20 20:29:39.591] Husby was here, and we are ready to go
[2026-05-20 20:29:39.603] AUTO-DISENGAGE: gear left Park (now D)
[2026-05-20 20:29:39.603] Husby was here, and we are ready to go
[2026-05-20 20:29:39.624] AUTO-DISENGAGE: gear left Park (now D)
[2026-05-20 20:29:39.624] Husby was here, and we are ready to go
[2026-05-20 20:29:39.644] AUTO-DISENGAGE: gear left Park (now D)
[2026-05-20 20:29:39.644] Husby was here, and we are ready to go
[2026-05-20 20:29:39.664] AUTO-DISENGAGE: gear left Park (now D)
[2026-05-20 20:29:39.664] Husby was here, and we are ready to go
[2026-05-20 20:29:39.685] AUTO-DISENGAGE: gear left Park (now D)
[2026-05-20 20:29:39.685] Husby was here, and we are ready to go
[2026-05-20 20:29:39.691] AUTO-DISENGAGE: gear left Park (now D)
[2026-05-20 20:29:39.691] Husby was here, and we are ready to go
[2026-05-20 20:29:39.703] AUTO-DISENGAGE: gear left Park (now D)
[2026-05-20 20:29:39.703] Husby was here, and we are ready to go
[2026-05-20 20:29:39.724] AUTO-DISENGAGE: gear left Park (now D)
[2026-05-20 20:29:39.724] Husby was here, and we are ready to go
[2026-05-20 20:29:39.743] AUTO-DISENGAGE: gear left Park (now D)
[2026-05-20 20:29:39.744] Husby was here, and we are ready to go
[2026-05-20 20:29:39.764] AUTO-DISENGAGE: gear left Park (now D)
[2026-05-20 20:29:39.764] Husby was here, and we are ready to go
[2026-05-20 20:29:39.784] AUTO-DISENGAGE: gear left Park (now D)
[2026-05-20 20:29:39.784] Husby was here, and we are ready to go
[2026-05-20 20:29:39.791] AUTO-DISENGAGE: gear left Park (now D)
[2026-05-20 20:29:39.791] Husby was here, and we are ready to go
[2026-05-20 20:29:39.803] AUTO-DISENGAGE: gear left Park (now D)
[2026-05-20 20:29:39.803] Husby was here, and we are ready to go
[2026-05-20 20:29:39.823] AUTO-DISENGAGE: gear left Park (now D)
[2026-05-20 20:29:39.824] Husby was here, and we are ready to go
[2026-05-20 20:29:39.845] AUTO-DISENGAGE: gear left Park (now D)
[2026-05-20 20:29:39.845] Husby was here, and we are ready to go
[2026-05-20 20:29:39.864] AUTO-DISENGAGE: gear left Park (now D)
[2026-05-20 20:29:39.864] Husby was here, and we are ready to go
[2026-05-20 20:29:39.885] AUTO-DISENGAGE: gear left Park (now D)
[2026-05-20 20:29:39.885] Husby was here, and we are ready to go
[2026-05-20 20:29:39.891] AUTO-DISENGAGE: gear left Park (now D)
[2026-05-20 20:29:39.891] Husby was here, and we are ready to go
[2026-05-20 20:29:39.903] AUTO-DISENGAGE: gear left Park (now D)
[2026-05-20 20:29:39.903] Husby was here, and we are ready to go
[2026-05-20 20:29:39.924] AUTO-DISENGAGE: gear left Park (now D)
[2026-05-20 20:29:39.924] Husby was here, and we are ready to go
[2026-05-20 20:29:39.943] AUTO-DISENGAGE: gear left Park (now D)
[2026-05-20 20:29:39.943] Husby was here, and we are ready to go
[2026-05-20 20:29:39.964] AUTO-DISENGAGE: gear left Park (now D)
[2026-05-20 20:29:39.964] Husby was here, and we are ready to go
[2026-05-20 20:29:39.985] AUTO-DISENGAGE: gear left Park (now D)
[2026-05-20 20:29:39.985] Husby was here, and we are ready to go
[2026-05-20 20:29:39.991] AUTO-DISENGAGE: gear left Park (now D)
[2026-05-20 20:29:39.991] Husby was here, and we are ready to go
[2026-05-20 20:29:40.003] AUTO-DISENGAGE: gear left Park (now D)
[2026-05-20 20:29:40.003] Husby was here, and we are ready to go
[2026-05-20 20:29:40.024] AUTO-DISENGAGE: gear left Park (now D)
[2026-05-20 20:29:40.024] Husby was here, and we are ready to go
[2026-05-20 20:29:40.044] AUTO-DISENGAGE: gear left Park (now D)
[2026-05-20 20:29:40.044] Husby was here, and we are ready to go
[2026-05-20 20:29:40.064] AUTO-DISENGAGE: gear left Park (now D)
[2026-05-20 20:29:40.064] Husby was here, and we are ready to go
[2026-05-20 20:29:40.084] AUTO-DISENGAGE: gear left Park (now D)
[2026-05-20 20:29:40.084] Husby was here, and we are ready to go
[2026-05-20 20:29:40.091] AUTO-DISENGAGE: gear left Park (now D)
[2026-05-20 20:29:40.091] Husby was here, and we are ready to go
[2026-05-20 20:29:40.103] AUTO-DISENGAGE: gear left Park (now D)
[2026-05-20 20:29:40.103] Husby was here, and we are ready to go
[2026-05-20 20:29:40.124] AUTO-DISENGAGE: gear left Park (now D)
[2026-05-20 20:29:40.125] Husby was here, and we are ready to go
[2026-05-20 20:29:40.143] AUTO-DISENGAGE: gear left Park (now D)
[2026-05-20 20:29:40.143] Husby was here, and we are ready to go
[2026-05-20 20:29:40.164] AUTO-DISENGAGE: gear left Park (now D)
[2026-05-20 20:29:40.164] Husby was here, and we are ready to go
[2026-05-20 20:29:40.185] AUTO-DISENGAGE: gear left Park (now D)
[2026-05-20 20:29:40.185] Husby was here, and we are ready to go
[2026-05-20 20:29:40.191] AUTO-DISENGAGE: gear left Park (now D)
[2026-05-20 20:29:40.191] Husby was here, and we are ready to go
[2026-05-20 20:29:40.203] AUTO-DISENGAGE: gear left Park (now D)
[2026-05-20 20:29:40.203] Husby was here, and we are ready to go
[2026-05-20 20:29:40.224] AUTO-DISENGAGE: gear left Park (now D)
[2026-05-20 20:29:40.224] Husby was here, and we are ready to go
[2026-05-20 20:29:40.243] AUTO-DISENGAGE: gear left Park (now D)
[2026-05-20 20:29:40.244] Husby was here, and we are ready to go
[2026-05-20 20:29:40.263] AUTO-DISENGAGE: gear left Park (now D)
[2026-05-20 20:29:40.264] Husby was here, and we are ready to go
[2026-05-20 20:29:40.285] AUTO-DISENGAGE: gear left Park (now D)
[2026-05-20 20:29:40.285] Husby was here, and we are ready to go
[2026-05-20 20:29:40.291] AUTO-DISENGAGE: gear left Park (now D)
[2026-05-20 20:29:40.291] Husby was here, and we are ready to go
[2026-05-20 20:29:40.303] AUTO-DISENGAGE: gear left Park (now D)
[2026-05-20 20:29:40.303] Husby was here, and we are ready to go
[2026-05-20 20:29:40.324] AUTO-DISENGAGE: gear left Park (now D)
[2026-05-20 20:29:40.324] Husby was here, and we are ready to go
[2026-05-20 20:29:40.344] AUTO-DISENGAGE: gear left Park (now D)
[2026-05-20 20:29:40.344] Husby was here, and we are ready to go
[2026-05-20 20:29:40.363] AUTO-DISENGAGE: gear left Park (now D)
[2026-05-20 20:29:40.363] Husby was here, and we are ready to go
[2026-05-20 20:29:40.384] AUTO-DISENGAGE: gear left Park (now D)
[2026-05-20 20:29:40.384] Husby was here, and we are ready to go
[2026-05-20 20:29:40.391] AUTO-DISENGAGE: gear left Park (now D)
[2026-05-20 20:29:40.391] Husby was here, and we are ready to go
[2026-05-20 20:29:40.403] AUTO-DISENGAGE: gear left Park (now D)
[2026-05-20 20:29:40.403] Husby was here, and we are ready to go
[2026-05-20 20:29:40.424] AUTO-DISENGAGE: gear left Park (now D)
[2026-05-20 20:29:40.424] Husby was here, and we are ready to go
[2026-05-20 20:29:40.443] AUTO-DISENGAGE: gear left Park (now D)
[2026-05-20 20:29:40.443] Husby was here, and we are ready to go
[2026-05-20 20:29:40.463] AUTO-DISENGAGE: gear left Park (now D)
[2026-05-20 20:29:40.464] Husby was here, and we are ready to go
[2026-05-20 20:29:40.484] AUTO-DISENGAGE: gear left Park (now D)
[2026-05-20 20:29:40.484] Husby was here, and we are ready to go
[2026-05-20 20:29:40.491] AUTO-DISENGAGE: gear left Park (now D)
[2026-05-20 20:29:40.491] Husby was here, and we are ready to go
[2026-05-20 20:29:40.503] AUTO-DISENGAGE: gear left Park (now D)
[2026-05-20 20:29:40.503] Husby was here, and we are ready to go
[2026-05-20 20:29:40.524] AUTO-DISENGAGE: gear left Park (now D)
[2026-05-20 20:29:40.524] Husby was here, and we are ready to go
[2026-05-20 20:29:40.543] AUTO-DISENGAGE: gear left Park (now D)
[2026-05-20 20:29:40.544] Husby was here, and we are ready to go
[2026-05-20 20:29:40.564] AUTO-DISENGAGE: gear left Park (now D)
[2026-05-20 20:29:40.564] Husby was here, and we are ready to go
[2026-05-20 20:29:40.584] AUTO-DISENGAGE: gear left Park (now D)
[2026-05-20 20:29:40.585] Husby was here, and we are ready to go
[2026-05-20 20:29:40.591] AUTO-DISENGAGE: gear left Park (now D)
[2026-05-20 20:29:40.591] Husby was here, and we are ready to go
[2026-05-20 20:29:40.603] AUTO-DISENGAGE: gear left Park (now D)
[2026-05-20 20:29:40.603] Husby was here, and we are ready to go
[2026-05-20 20:29:40.624] AUTO-DISENGAGE: gear left Park (now D)
[2026-05-20 20:29:40.624] Husby was here, and we are ready to go
[2026-05-20 20:29:40.644] AUTO-DISENGAGE: gear left Park (now D)
[2026-05-20 20:29:40.644] Husby was here, and we are ready to go
[2026-05-20 20:29:40.663] AUTO-DISENGAGE: gear left Park (now D)
[2026-05-20 20:29:40.664] Husby was here, and we are ready to go
[2026-05-20 20:29:40.684] AUTO-DISENGAGE: gear left Park (now D)
[2026-05-20 20:29:40.684] Husby was here, and we are ready to go
[2026-05-20 20:29:40.691] AUTO-DISENGAGE: gear left Park (now D)
[2026-05-20 20:29:40.691] Husby was here, and we are ready to go
[2026-05-20 20:29:40.703] AUTO-DISENGAGE: gear left Park (now D)
[2026-05-20 20:29:40.703] Husby was here, and we are ready to go
[2026-05-20 20:29:40.725] AUTO-DISENGAGE: gear left Park (now D)
[2026-05-20 20:29:40.725] Husby was here, and we are ready to go
[2026-05-20 20:29:40.743] AUTO-DISENGAGE: gear left Park (now D)
[2026-05-20 20:29:40.743] Husby was here, and we are ready to go
[2026-05-20 20:29:40.764] AUTO-DISENGAGE: gear left Park (now D)
[2026-05-20 20:29:40.764] Husby was here, and we are ready to go
[2026-05-20 20:29:40.785] AUTO-DISENGAGE: gear left Park (now D)
[2026-05-20 20:29:40.785] Husby was here, and we are ready to go
[2026-05-20 20:29:40.791] AUTO-DISENGAGE: gear left Park (now D)
[2026-05-20 20:29:40.791] Husby was here, and we are ready to go
[2026-05-20 20:29:40.803] AUTO-DISENGAGE: gear left Park (now D)
[2026-05-20 20:29:40.803] Husby was here, and we are ready to go
[2026-05-20 20:29:40.824] AUTO-DISENGAGE: gear left Park (now D)
[2026-05-20 20:29:40.824] Husby was here, and we are ready to go
[2026-05-20 20:29:40.844] AUTO-DISENGAGE: gear left Park (now D)
[2026-05-20 20:29:40.844] Husby was here, and we are ready to go
[2026-05-20 20:29:40.864] AUTO-DISENGAGE: gear left Park (now D)
[2026-05-20 20:29:40.864] Husby was here, and we are ready to go
[2026-05-20 20:29:40.885] AUTO-DISENGAGE: gear left Park (now D)
[2026-05-20 20:29:40.885] Husby was here, and we are ready to go
[2026-05-20 20:29:40.891] AUTO-DISENGAGE: gear left Park (now D)
[2026-05-20 20:29:40.891] Husby was here, and we are ready to go
[2026-05-20 20:29:40.903] AUTO-DISENGAGE: gear left Park (now D)
[2026-05-20 20:29:40.903] Husby was here, and we are ready to go
[2026-05-20 20:29:40.924] AUTO-DISENGAGE: gear left Park (now D)
[2026-05-20 20:29:40.924] Husby was here, and we are ready to go
[2026-05-20 20:29:40.944] AUTO-DISENGAGE: gear left Park (now D)
[2026-05-20 20:29:40.944] Husby was here, and we are ready to go
[2026-05-20 20:29:40.964] AUTO-DISENGAGE: gear left Park (now D)
[2026-05-20 20:29:40.964] Husby was here, and we are ready to go
[2026-05-20 20:29:40.984] AUTO-DISENGAGE: gear left Park (now D)
[2026-05-20 20:29:40.984] Husby was here, and we are ready to go
[2026-05-20 20:29:40.991] AUTO-DISENGAGE: gear left Park (now D)
[2026-05-20 20:29:40.991] Husby was here, and we are ready to go
[2026-05-20 20:29:41.003] AUTO-DISENGAGE: gear left Park (now D)
[2026-05-20 20:29:41.004] Husby was here, and we are ready to go
[2026-05-20 20:29:41.024] AUTO-DISENGAGE: gear left Park (now D)
[2026-05-20 20:29:41.024] Husby was here, and we are ready to go
[2026-05-20 20:29:41.044] AUTO-DISENGAGE: gear left Park (now D)
[2026-05-20 20:29:41.044] Husby was here, and we are ready to go
[2026-05-20 20:29:41.064] AUTO-DISENGAGE: gear left Park (now D)
[2026-05-20 20:29:41.064] Husby was here, and we are ready to go
[2026-05-20 20:29:41.085] AUTO-DISENGAGE: gear left Park (now D)
[2026-05-20 20:29:41.085] Husby was here, and we are ready to go
[2026-05-20 20:29:41.091] AUTO-DISENGAGE: gear left Park (now D)
[2026-05-20 20:29:41.091] Husby was here, and we are ready to go
[2026-05-20 20:29:41.103] AUTO-DISENGAGE: gear left Park (now D)
[2026-05-20 20:29:41.103] Husby was here, and we are ready to go
[2026-05-20 20:29:41.124] AUTO-DISENGAGE: gear left Park (now D)
[2026-05-20 20:29:41.124] Husby was here, and we are ready to go
[2026-05-20 20:29:41.144] AUTO-DISENGAGE: gear left Park (now D)
[2026-05-20 20:29:41.144] Husby was here, and we are ready to go
[2026-05-20 20:29:41.164] AUTO-DISENGAGE: gear left Park (now D)
[2026-05-20 20:29:41.164] Husby was here, and we are ready to go
[2026-05-20 20:29:41.185] AUTO-DISENGAGE: gear left Park (now D)
[2026-05-20 20:29:41.185] Husby was here, and we are ready to go
[2026-05-20 20:29:41.191] AUTO-DISENGAGE: gear left Park (now D)
[2026-05-20 20:29:41.191] Husby was here, and we are ready to go
[2026-05-20 20:29:41.203] AUTO-DISENGAGE: gear left Park (now D)
[2026-05-20 20:29:41.203] Husby was here, and we are ready to go
[2026-05-20 20:29:41.224] AUTO-DISENGAGE: gear left Park (now D)
[2026-05-20 20:29:41.224] Husby was here, and we are ready to go
[2026-05-20 20:29:41.243] AUTO-DISENGAGE: gear left Park (now D)
[2026-05-20 20:29:41.244] Husby was here, and we are ready to go
[2026-05-20 20:29:41.264] AUTO-DISENGAGE: gear left Park (now D)
[2026-05-20 20:29:41.264] Husby was here, and we are ready to go
[2026-05-20 20:29:41.284] AUTO-DISENGAGE: gear left Park (now D)
[2026-05-20 20:29:41.284] Husby was here, and we are ready to go
[2026-05-20 20:29:41.291] AUTO-DISENGAGE: gear left Park (now D)
[2026-05-20 20:29:41.291] Husby was here, and we are ready to go
[2026-05-20 20:29:41.303] AUTO-DISENGAGE: gear left Park (now D)
[2026-05-20 20:29:41.303] Husby was here, and we are ready to go
[2026-05-20 20:29:41.324] AUTO-DISENGAGE: gear left Park (now D)
[2026-05-20 20:29:41.324] Husby was here, and we are ready to go
[2026-05-20 20:29:41.343] AUTO-DISENGAGE: gear left Park (now D)
[2026-05-20 20:29:41.344] Husby was here, and we are ready to go
[2026-05-20 20:29:41.364] AUTO-DISENGAGE: gear left Park (now D)
[2026-05-20 20:29:41.364] Husby was here, and we are ready to go
[2026-05-20 20:29:41.384] AUTO-DISENGAGE: gear left Park (now D)
[2026-05-20 20:29:41.385] Husby was here, and we are ready to go
[2026-05-20 20:29:41.391] AUTO-DISENGAGE: gear left Park (now D)
[2026-05-20 20:29:41.391] Husby was here, and we are ready to go
[2026-05-20 20:29:41.403] AUTO-DISENGAGE: gear left Park (now D)
[2026-05-20 20:29:41.403] Husby was here, and we are ready to go
[2026-05-20 20:29:41.424] AUTO-DISENGAGE: gear left Park (now D)
[2026-05-20 20:29:41.424] Husby was here, and we are ready to go
[2026-05-20 20:29:41.443] AUTO-DISENGAGE: gear left Park (now D)
[2026-05-20 20:29:41.444] Husby was here, and we are ready to go
[2026-05-20 20:29:41.463] AUTO-DISENGAGE: gear left Park (now D)
[2026-05-20 20:29:41.464] Husby was here, and we are ready to go
[2026-05-20 20:29:41.485] AUTO-DISENGAGE: gear left Park (now D)
[2026-05-20 20:29:41.485] Husby was here, and we are ready to go
[2026-05-20 20:29:41.491] AUTO-DISENGAGE: gear left Park (now D)
[2026-05-20 20:29:41.491] Husby was here, and we are ready to go
[2026-05-20 20:29:41.503] AUTO-DISENGAGE: gear left Park (now D)
[2026-05-20 20:29:41.503] Husby was here, and we are ready to go
[2026-05-20 20:29:41.524] AUTO-DISENGAGE: gear left Park (now D)
[2026-05-20 20:29:41.524] Husby was here, and we are ready to go
[2026-05-20 20:29:41.543] AUTO-DISENGAGE: gear left Park (now D)
[2026-05-20 20:29:41.544] Husby was here, and we are ready to go
[2026-05-20 20:29:41.564] AUTO-DISENGAGE: gear left Park (now D)
[2026-05-20 20:29:41.564] Husby was here, and we are ready to go
[2026-05-20 20:29:41.584] AUTO-DISENGAGE: gear left Park (now D)
[2026-05-20 20:29:41.584] Husby was here, and we are ready to go
[2026-05-20 20:29:41.591] AUTO-DISENGAGE: gear left Park (now D)
[2026-05-20 20:29:41.591] Husby was here, and we are ready to go
[2026-05-20 20:29:41.603] AUTO-DISENGAGE: gear left Park (now D)
[2026-05-20 20:29:41.603] Husby was here, and we are ready to go
[2026-05-20 20:29:41.624] AUTO-DISENGAGE: gear left Park (now D)
[2026-05-20 20:29:41.624] Husby was here, and we are ready to go
[2026-05-20 20:29:41.643] AUTO-DISENGAGE: gear left Park (now D)
[2026-05-20 20:29:41.644] Husby was here, and we are ready to go
[2026-05-20 20:29:41.664] AUTO-DISENGAGE: gear left Park (now D)
[2026-05-20 20:29:41.664] Husby was here, and we are ready to go
[2026-05-20 20:29:41.685] AUTO-DISENGAGE: gear left Park (now D)
[2026-05-20 20:29:41.685] Husby was here, and we are ready to go
[2026-05-20 20:29:41.691] AUTO-DISENGAGE: gear left Park (now D)
[2026-05-20 20:29:41.691] Husby was here, and we are ready to go
[2026-05-20 20:29:41.703] AUTO-DISENGAGE: gear left Park (now D)
[2026-05-20 20:29:41.703] Husby was here, and we are ready to go
[2026-05-20 20:29:41.724] AUTO-DISENGAGE: gear left Park (now D)
[2026-05-20 20:29:41.724] Husby was here, and we are ready to go
[2026-05-20 20:29:41.744] AUTO-DISENGAGE: gear left Park (now D)
[2026-05-20 20:29:41.744] Husby was here, and we are ready to go
[2026-05-20 20:29:41.764] AUTO-DISENGAGE: gear left Park (now D)
[2026-05-20 20:29:41.764] Husby was here, and we are ready to go
[2026-05-20 20:29:41.785] AUTO-DISENGAGE: gear left Park (now D)
[2026-05-20 20:29:41.785] Husby was here, and we are ready to go
[2026-05-20 20:29:41.791] AUTO-DISENGAGE: gear left Park (now D)
[2026-05-20 20:29:41.791] Husby was here, and we are ready to go
[2026-05-20 20:29:41.804] AUTO-DISENGAGE: gear left Park (now D)
[2026-05-20 20:29:41.804] Husby was here, and we are ready to go
[2026-05-20 20:29:41.824] AUTO-DISENGAGE: gear left Park (now D)
[2026-05-20 20:29:41.824] Husby was here, and we are ready to go
[2026-05-20 20:29:41.844] AUTO-DISENGAGE: gear left Park (now D)
[2026-05-20 20:29:41.844] Husby was here, and we are ready to go
[2026-05-20 20:29:41.864] AUTO-DISENGAGE: gear left Park (now D)
[2026-05-20 20:29:41.864] Husby was here, and we are ready to go
[2026-05-20 20:29:41.885] AUTO-DISENGAGE: gear left Park (now D)
[2026-05-20 20:29:41.885] Husby was here, and we are ready to go
[2026-05-20 20:29:41.891] AUTO-DISENGAGE: gear left Park (now D)
[2026-05-20 20:29:41.891] Husby was here, and we are ready to go
[2026-05-20 20:29:41.903] AUTO-DISENGAGE: gear left Park (now D)
[2026-05-20 20:29:41.904] Husby was here, and we are ready to go
[2026-05-20 20:29:41.925] AUTO-DISENGAGE: gear left Park (now D)
[2026-05-20 20:29:41.925] Husby was here, and we are ready to go
[2026-05-20 20:29:41.944] AUTO-DISENGAGE: gear left Park (now D)
[2026-05-20 20:29:41.944] Husby was here, and we are ready to go
[2026-05-20 20:29:41.964] AUTO-DISENGAGE: gear left Park (now D)
[2026-05-20 20:29:41.964] Husby was here, and we are ready to go
[2026-05-20 20:29:41.985] AUTO-DISENGAGE: gear left Park (now D)
[2026-05-20 20:29:41.985] Husby was here, and we are ready to go
[2026-05-20 20:29:41.991] AUTO-DISENGAGE: gear left Park (now D)
[2026-05-20 20:29:41.991] Husby was here, and we are ready to go
[2026-05-20 20:29:42.004] AUTO-DISENGAGE: gear left Park (now D)
[2026-05-20 20:29:42.004] Husby was here, and we are ready to go
[2026-05-20 20:29:42.024] AUTO-DISENGAGE: gear left Park (now D)
[2026-05-20 20:29:42.025] Husby was here, and we are ready to go
[2026-05-20 20:29:42.044] AUTO-DISENGAGE: gear left Park (now D)
[2026-05-20 20:29:42.044] Husby was here, and we are ready to go
[2026-05-20 20:29:42.064] AUTO-DISENGAGE: gear left Park (now D)
[2026-05-20 20:29:42.064] Husby was here, and we are ready to go
[2026-05-20 20:29:42.085] AUTO-DISENGAGE: gear left Park (now D)
[2026-05-20 20:29:42.085] Husby was here, and we are ready to go
[2026-05-20 20:29:42.091] AUTO-DISENGAGE: gear left Park (now D)
[2026-05-20 20:29:42.091] Husby was here, and we are ready to go
[2026-05-20 20:29:42.103] AUTO-DISENGAGE: gear left Park (now D)
[2026-05-20 20:29:42.103] Husby was here, and we are ready to go
[2026-05-20 20:29:42.124] AUTO-DISENGAGE: gear left Park (now D)
[2026-05-20 20:29:42.125] Husby was here, and we are ready to go
[2026-05-20 20:29:42.144] AUTO-DISENGAGE: gear left Park (now D)
[2026-05-20 20:29:42.144] Husby was here, and we are ready to go
[2026-05-20 20:29:42.164] AUTO-DISENGAGE: gear left Park (now D)
[2026-05-20 20:29:42.165] Husby was here, and we are ready to go
[2026-05-20 20:29:42.185] AUTO-DISENGAGE: gear left Park (now D)
[2026-05-20 20:29:42.185] Husby was here, and we are ready to go
[2026-05-20 20:29:42.191] AUTO-DISENGAGE: gear left Park (now D)
[2026-05-20 20:29:42.191] Husby was here, and we are ready to go
[2026-05-20 20:29:42.204] AUTO-DISENGAGE: gear left Park (now D)
[2026-05-20 20:29:42.204] Husby was here, and we are ready to go
[2026-05-20 20:29:42.224] AUTO-DISENGAGE: gear left Park (now D)
[2026-05-20 20:29:42.224] Husby was here, and we are ready to go
[2026-05-20 20:29:42.244] AUTO-DISENGAGE: gear left Park (now D)
[2026-05-20 20:29:42.244] Husby was here, and we are ready to go
[2026-05-20 20:29:42.264] AUTO-DISENGAGE: gear left Park (now D)
[2026-05-20 20:29:42.264] Husby was here, and we are ready to go
[2026-05-20 20:29:42.285] AUTO-DISENGAGE: gear left Park (now D)
[2026-05-20 20:29:42.285] Husby was here, and we are ready to go
[2026-05-20 20:29:42.291] AUTO-DISENGAGE: gear left Park (now D)
[2026-05-20 20:29:42.291] Husby was here, and we are ready to go
[2026-05-20 20:29:42.304] AUTO-DISENGAGE: gear left Park (now D)
[2026-05-20 20:29:42.304] Husby was here, and we are ready to go
[2026-05-20 20:29:42.324] AUTO-DISENGAGE: gear left Park (now D)
[2026-05-20 20:29:42.325] Husby was here, and we are ready to go
[2026-05-20 20:29:42.344] AUTO-DISENGAGE: gear left Park (now D)
[2026-05-20 20:29:42.344] Husby was here, and we are ready to go
[2026-05-20 20:29:42.364] AUTO-DISENGAGE: gear left Park (now D)
[2026-05-20 20:29:42.364] Husby was here, and we are ready to go
[2026-05-20 20:29:42.385] AUTO-DISENGAGE: gear left Park (now D)
[2026-05-20 20:29:42.385] Husby was here, and we are ready to go
[2026-05-20 20:29:42.391] AUTO-DISENGAGE: gear left Park (now D)
[2026-05-20 20:29:42.391] Husby was here, and we are ready to go
[2026-05-20 20:29:42.403] AUTO-DISENGAGE: gear left Park (now D)
[2026-05-20 20:29:42.404] Husby was here, and we are ready to go
[2026-05-20 20:29:42.424] AUTO-DISENGAGE: gear left Park (now D)
[2026-05-20 20:29:42.424] Husby was here, and we are ready to go
[2026-05-20 20:29:42.444] AUTO-DISENGAGE: gear left Park (now D)
[2026-05-20 20:29:42.444] Husby was here, and we are ready to go
[2026-05-20 20:29:42.465] AUTO-DISENGAGE: gear left Park (now D)
[2026-05-20 20:29:42.465] Husby was here, and we are ready to go
[2026-05-20 20:29:42.484] AUTO-DISENGAGE: gear left Park (now D)
[2026-05-20 20:29:42.485] Husby was here, and we are ready to go
[2026-05-20 20:29:42.491] AUTO-DISENGAGE: gear left Park (now D)
[2026-05-20 20:29:42.491] Husby was here, and we are ready to go
[2026-05-20 20:29:42.504] AUTO-DISENGAGE: gear left Park (now D)
[2026-05-20 20:29:42.504] Husby was here, and we are ready to go
[2026-05-20 20:29:42.524] AUTO-DISENGAGE: gear left Park (now D)
[2026-05-20 20:29:42.524] Husby was here, and we are ready to go
[2026-05-20 20:29:42.544] AUTO-DISENGAGE: gear left Park (now D)
[2026-05-20 20:29:42.544] Husby was here, and we are ready to go
[2026-05-20 20:29:42.564] AUTO-DISENGAGE: gear left Park (now D)
[2026-05-20 20:29:42.564] Husby was here, and we are ready to go
[2026-05-20 20:29:42.584] AUTO-DISENGAGE: gear left Park (now D)
[2026-05-20 20:29:42.584] Husby was here, and we are ready to go
[2026-05-20 20:29:42.591] AUTO-DISENGAGE: gear left Park (now D)
[2026-05-20 20:29:42.591] Husby was here, and we are ready to go
[2026-05-20 20:29:42.603] AUTO-DISENGAGE: gear left Park (now D)
[2026-05-20 20:29:42.604] Husby was here, and we are ready to go
[2026-05-20 20:29:42.623] rc: P button pressed
[2026-05-20 20:29:42.624] AUTO-DISENGAGE: gear left Park (now D)
[2026-05-20 20:29:42.624] Husby was here, and we are ready to go
[2026-05-20 20:29:42.630] shift requested: P
[2026-05-20 20:29:42.644] AUTO-DISENGAGE: gear left Park (now D)
[2026-05-20 20:29:42.644] Husby was here, and we are ready to go
[2026-05-20 20:29:42.644] SHIFT: requesting P via 0x6D burst (30 active + 10 idle frames at 200 Hz)
[2026-05-20 20:29:42.648] AUTO-DISENGAGE: gear left Park (now D)
[2026-05-20 20:29:42.648] Husby was here, and we are ready to go
[2026-05-20 20:29:42.654] AUTO-DISENGAGE: gear left Park (now D)
[2026-05-20 20:29:42.654] Husby was here, and we are ready to go
[2026-05-20 20:29:42.659] AUTO-DISENGAGE: gear left Park (now D)
[2026-05-20 20:29:42.659] Husby was here, and we are ready to go
[2026-05-20 20:29:42.663] AUTO-DISENGAGE: gear left Park (now D)
[2026-05-20 20:29:42.663] Husby was here, and we are ready to go
[2026-05-20 20:29:42.663] AUTO-DISENGAGE: gear left Park (now D)
[2026-05-20 20:29:42.663] Husby was here, and we are ready to go
[2026-05-20 20:29:42.669] AUTO-DISENGAGE: gear left Park (now D)
[2026-05-20 20:29:42.669] Husby was here, and we are ready to go
[2026-05-20 20:29:42.674] AUTO-DISENGAGE: gear left Park (now D)
[2026-05-20 20:29:42.674] Husby was here, and we are ready to go
[2026-05-20 20:29:42.679] AUTO-DISENGAGE: gear left Park (now D)
[2026-05-20 20:29:42.679] Husby was here, and we are ready to go
[2026-05-20 20:29:42.683] AUTO-DISENGAGE: gear left Park (now D)
[2026-05-20 20:29:42.683] Husby was here, and we are ready to go
[2026-05-20 20:29:42.684] AUTO-DISENGAGE: gear left Park (now D)
[2026-05-20 20:29:42.684] Husby was here, and we are ready to go
[2026-05-20 20:29:42.689] AUTO-DISENGAGE: gear left Park (now D)
[2026-05-20 20:29:42.689] Husby was here, and we are ready to go
[2026-05-20 20:29:42.690] AUTO-DISENGAGE: gear left Park (now D)
[2026-05-20 20:29:42.690] Husby was here, and we are ready to go
[2026-05-20 20:29:42.694] AUTO-DISENGAGE: gear left Park (now D)
[2026-05-20 20:29:42.694] Husby was here, and we are ready to go
[2026-05-20 20:29:42.699] AUTO-DISENGAGE: gear left Park (now D)
[2026-05-20 20:29:42.699] Husby was here, and we are ready to go
[2026-05-20 20:29:42.703] AUTO-DISENGAGE: gear left Park (now D)
[2026-05-20 20:29:42.703] Husby was here, and we are ready to go
[2026-05-20 20:29:42.704] AUTO-DISENGAGE: gear left Park (now D)
[2026-05-20 20:29:42.704] Husby was here, and we are ready to go
[2026-05-20 20:29:42.709] AUTO-DISENGAGE: gear left Park (now D)
[2026-05-20 20:29:42.709] Husby was here, and we are ready to go
[2026-05-20 20:29:42.714] AUTO-DISENGAGE: gear left Park (now D)
[2026-05-20 20:29:42.714] Husby was here, and we are ready to go
[2026-05-20 20:29:42.719] AUTO-DISENGAGE: gear left Park (now D)
[2026-05-20 20:29:42.719] Husby was here, and we are ready to go
[2026-05-20 20:29:42.723] AUTO-DISENGAGE: gear left Park (now D)
[2026-05-20 20:29:42.723] Husby was here, and we are ready to go
[2026-05-20 20:29:42.724] AUTO-DISENGAGE: gear left Park (now D)
[2026-05-20 20:29:42.724] Husby was here, and we are ready to go
[2026-05-20 20:29:42.729] AUTO-DISENGAGE: gear left Park (now D)
[2026-05-20 20:29:42.729] Husby was here, and we are ready to go
[2026-05-20 20:29:42.734] AUTO-DISENGAGE: gear left Park (now D)
[2026-05-20 20:29:42.734] Husby was here, and we are ready to go
[2026-05-20 20:29:42.739] AUTO-DISENGAGE: gear left Park (now D)
[2026-05-20 20:29:42.739] Husby was here, and we are ready to go
[2026-05-20 20:29:42.743] AUTO-DISENGAGE: gear left Park (now D)
[2026-05-20 20:29:42.743] Husby was here, and we are ready to go
[2026-05-20 20:29:42.744] AUTO-DISENGAGE: gear left Park (now D)
[2026-05-20 20:29:42.744] Husby was here, and we are ready to go
[2026-05-20 20:29:42.749] AUTO-DISENGAGE: gear left Park (now D)
[2026-05-20 20:29:42.749] Husby was here, and we are ready to go
[2026-05-20 20:29:42.754] AUTO-DISENGAGE: gear left Park (now D)
[2026-05-20 20:29:42.754] Husby was here, and we are ready to go
[2026-05-20 20:29:42.759] AUTO-DISENGAGE: gear left Park (now D)
[2026-05-20 20:29:42.759] Husby was here, and we are ready to go
[2026-05-20 20:29:42.763] AUTO-DISENGAGE: gear left Park (now D)
[2026-05-20 20:29:42.763] Husby was here, and we are ready to go
[2026-05-20 20:29:42.764] AUTO-DISENGAGE: gear left Park (now D)
[2026-05-20 20:29:42.764] Husby was here, and we are ready to go
[2026-05-20 20:29:42.769] AUTO-DISENGAGE: gear left Park (now D)
[2026-05-20 20:29:42.769] Husby was here, and we are ready to go
[2026-05-20 20:29:42.774] AUTO-DISENGAGE: gear left Park (now D)
[2026-05-20 20:29:42.774] Husby was here, and we are ready to go
[2026-05-20 20:29:42.779] AUTO-DISENGAGE: gear left Park (now D)
[2026-05-20 20:29:42.779] Husby was here, and we are ready to go
[2026-05-20 20:29:42.783] AUTO-DISENGAGE: gear left Park (now D)
[2026-05-20 20:29:42.784] Husby was here, and we are ready to go
[2026-05-20 20:29:42.784] AUTO-DISENGAGE: gear left Park (now D)
[2026-05-20 20:29:42.784] Husby was here, and we are ready to go
[2026-05-20 20:29:42.790] AUTO-DISENGAGE: gear left Park (now D)
[2026-05-20 20:29:42.790] Husby was here, and we are ready to go
[2026-05-20 20:29:42.790] AUTO-DISENGAGE: gear left Park (now D)
[2026-05-20 20:29:42.790] Husby was here, and we are ready to go
[2026-05-20 20:29:42.794] AUTO-DISENGAGE: gear left Park (now D)
[2026-05-20 20:29:42.794] Husby was here, and we are ready to go
[2026-05-20 20:29:42.799] AUTO-DISENGAGE: gear left Park (now D)
[2026-05-20 20:29:42.799] Husby was here, and we are ready to go
[2026-05-20 20:29:42.804] AUTO-DISENGAGE: gear left Park (now D)
[2026-05-20 20:29:42.804] Husby was here, and we are ready to go
[2026-05-20 20:29:42.804] AUTO-DISENGAGE: gear left Park (now D)
[2026-05-20 20:29:42.804] Husby was here, and we are ready to go
[2026-05-20 20:29:42.809] AUTO-DISENGAGE: gear left Park (now D)
[2026-05-20 20:29:42.809] Husby was here, and we are ready to go
[2026-05-20 20:29:42.815] AUTO-DISENGAGE: gear left Park (now D)
[2026-05-20 20:29:42.815] Husby was here, and we are ready to go
[2026-05-20 20:29:42.819] AUTO-DISENGAGE: gear left Park (now D)
[2026-05-20 20:29:42.819] Husby was here, and we are ready to go
[2026-05-20 20:29:42.823] AUTO-DISENGAGE: gear left Park (now D)
[2026-05-20 20:29:42.823] Husby was here, and we are ready to go
[2026-05-20 20:29:42.824] AUTO-DISENGAGE: gear left Park (now D)
[2026-05-20 20:29:42.824] Husby was here, and we are ready to go
[2026-05-20 20:29:42.829] AUTO-DISENGAGE: gear left Park (now D)
[2026-05-20 20:29:42.829] Husby was here, and we are ready to go
[2026-05-20 20:29:42.835] AUTO-DISENGAGE: gear left Park (now D)
[2026-05-20 20:29:42.835] Husby was here, and we are ready to go
[2026-05-20 20:29:42.839] AUTO-DISENGAGE: gear left Park (now D)
[2026-05-20 20:29:42.839] Husby was here, and we are ready to go
[2026-05-20 20:29:42.843] AUTO-DISENGAGE: gear left Park (now D)
[2026-05-20 20:29:42.843] Husby was here, and we are ready to go
[2026-05-20 20:29:42.864] AUTO-DISENGAGE: gear left Park (now D)
[2026-05-20 20:29:42.864] Husby was here, and we are ready to go
[2026-05-20 20:29:42.884] AUTO-DISENGAGE: gear left Park (now D)
[2026-05-20 20:29:42.885] Husby was here, and we are ready to go
[2026-05-20 20:29:42.891] AUTO-DISENGAGE: gear left Park (now D)
[2026-05-20 20:29:42.891] Husby was here, and we are ready to go
[2026-05-20 20:29:42.911] AUTO-DISENGAGE: gear left Park (now D)
[2026-05-20 20:29:42.911] Husby was here, and we are ready to go
[2026-05-20 20:29:42.930] AUTO-DISENGAGE: gear left Park (now D)
[2026-05-20 20:29:42.931] Husby was here, and we are ready to go
[2026-05-20 20:29:42.949] AUTO-DISENGAGE: gear left Park (now D)
[2026-05-20 20:29:42.949] Husby was here, and we are ready to go
[2026-05-20 20:29:42.970] gear: D -> P
[2026-05-20 20:29:43.050] SHIFT post-burst gear: P (requested P)
[2026-05-20 20:29:44.429] brake: released
[2026-05-20 20:43:16.641] E-STOP: no 0x370 for 507 ms
[2026-05-20 20:51:37.466] rc: RC read error: ClearCommError failed (OSError(22, 'Incorrect function.', None, 1))
[2026-05-20 20:51:37.886] rc: RC port closed
[2026-05-20 20:51:43.768] EAC: ACTIVE -> INHIBITED (err=OUT_OF_RANGE)
[2026-05-20 20:51:43.769] err -> OUT_OF_RANGE
[2026-05-20 20:51:43.824] EAC: INHIBITED -> AVAILABLE (err=OUT_OF_RANGE)
[2026-05-20 20:51:44.184] EAC: AVAILABLE -> INHIBITED (err=OUT_OF_RANGE)
[2026-05-20 20:52:11.679] CAN closed
[2026-05-20 20:52:11.680] disconnect; closing log
